# x u(x,t)
0.000000000000000000e+00 -6.997263184713999884e-01
1.220703125000000000e-04 -6.991860964381502175e-01
2.441406250000000000e-04 -6.986454630917338093e-01
3.662109375000000000e-04 -6.981044187501919129e-01
4.882812500000000000e-04 -6.975629637318065956e-01
6.103515625000000000e-04 -6.970210983551021755e-01
7.324218750000000000e-04 -6.964788229388437779e-01
8.544921875000000000e-04 -6.959361378020383349e-01
9.765625000000000000e-04 -6.953930432639332526e-01
1.098632812500000000e-03 -6.948495396440175220e-01
1.220703125000000000e-03 -6.943056272620198310e-01
1.342773437500000000e-03 -6.937613064379100081e-01
1.464843750000000000e-03 -6.932165774918980228e-01
1.586914062500000000e-03 -6.926714407444338750e-01
1.708984375000000000e-03 -6.921258965162073729e-01
1.831054687500000000e-03 -6.915799451281482435e-01
1.953125000000000000e-03 -6.910335869014254673e-01
2.075195312500000000e-03 -6.904868221574476106e-01
2.197265625000000000e-03 -6.899396512178624929e-01
2.319335937500000000e-03 -6.893920744045562987e-01
2.441406250000000000e-03 -6.888440920396544653e-01
2.563476562500000000e-03 -6.882957044455211282e-01
2.685546875000000000e-03 -6.877469119447583434e-01
2.807617187500000000e-03 -6.871977148602066432e-01
2.929687500000000000e-03 -6.866481135149445914e-01
3.051757812500000000e-03 -6.860981082322885616e-01
3.173828125000000000e-03 -6.855476993357921822e-01
3.295898437500000000e-03 -6.849968871492471134e-01
3.417968750000000000e-03 -6.844456719966819369e-01
3.540039062500000000e-03 -6.838940542023622671e-01
3.662109375000000000e-03 -6.833420340907906398e-01
3.784179687500000000e-03 -6.827896119867062907e-01
3.906250000000000000e-03 -6.822367882150849328e-01
4.028320312500000000e-03 -6.816835631011386454e-01
4.150390625000000000e-03 -6.811299369703150974e-01
4.272460937500000000e-03 -6.805759101482986573e-01
4.394531250000000000e-03 -6.800214829610089495e-01
4.516601562500000000e-03 -6.794666557346012992e-01
4.638671875000000000e-03 -6.789114287954660654e-01
4.760742187500000000e-03 -6.783558024702289746e-01
4.882812500000000000e-03 -6.777997770857507875e-01
5.004882812500000000e-03 -6.772433529691270770e-01
5.126953125000000000e-03 -6.766865304476873400e-01
5.249023437500000000e-03 -6.761293098489962183e-01
5.371093750000000000e-03 -6.755716915008522783e-01
5.493164062500000000e-03 -6.750136757312878988e-01
5.615234375000000000e-03 -6.744552628685694939e-01
5.737304687500000000e-03 -6.738964532411968467e-01
5.859375000000000000e-03 -6.733372471779033308e-01
5.981445312500000000e-03 -6.727776450076554671e-01
6.103515625000000000e-03 -6.722176470596528119e-01
6.225585937500000000e-03 -6.716572536633276247e-01
6.347656250000000000e-03 -6.710964651483450893e-01
6.469726562500000000e-03 -6.705352818446026486e-01
6.591796875000000000e-03 -6.699737040822295597e-01
6.713867187500000000e-03 -6.694117321915880048e-01
6.835937500000000000e-03 -6.688493665032714253e-01
6.958007812500000000e-03 -6.682866073481050773e-01
7.080078125000000000e-03 -6.677234550571455873e-01
7.202148437500000000e-03 -6.671599099616809525e-01
7.324218750000000000e-03 -6.665959723932304293e-01
7.446289062500000000e-03 -6.660316426835437564e-01
7.568359375000000000e-03 -6.654669211646015992e-01
7.690429687500000000e-03 -6.649018081686152160e-01
7.812500000000000000e-03 -6.643363040280257925e-01
7.934570312500000000e-03 -6.637704090755049968e-01
8.056640625000000000e-03 -6.632041236439542020e-01
8.178710937500000000e-03 -6.626374480665044864e-01
8.300781250000000000e-03 -6.620703826765167443e-01
8.422851562500000000e-03 -6.615029278075805763e-01
8.544921875000000000e-03 -6.609350837935152878e-01
8.666992187500000000e-03 -6.603668509683688903e-01
8.789062500000000000e-03 -6.597982296664179902e-01
8.911132812500000000e-03 -6.592292202221678998e-01
9.033203125000000000e-03 -6.586598229703521934e-01
9.155273437500000000e-03 -6.580900382459325959e-01
9.277343750000000000e-03 -6.575198663840988722e-01
9.399414062500000000e-03 -6.569493077202683828e-01
9.521484375000000000e-03 -6.563783625900860841e-01
9.643554687500000000e-03 -6.558070313294244169e-01
9.765625000000000000e-03 -6.552353142743825298e-01
9.887695312500000000e-03 -6.546632117612870561e-01
1.000976562500000000e-02 -6.540907241266913363e-01
1.013183593750000000e-02 -6.535178517073746418e-01
1.025390625000000000e-02 -6.529445948403433952e-01
1.037597656250000000e-02 -6.523709538628298388e-01
1.049804687500000000e-02 -6.517969291122920339e-01
1.062011718750000000e-02 -6.512225209264139725e-01
1.074218750000000000e-02 -6.506477296431052437e-01
1.086425781250000000e-02 -6.500725556005009231e-01
1.098632812500000000e-02 -6.494969991369605733e-01
1.110839843750000000e-02 -6.489210605910697982e-01
1.123046875000000000e-02 -6.483447403016380228e-01
1.135253906250000000e-02 -6.477680386076998253e-01
1.147460937500000000e-02 -6.471909558485138270e-01
1.159667968750000000e-02 -6.466134923635632470e-01
1.171875000000000000e-02 -6.460356484925544596e-01
1.184082031250000000e-02 -6.454574245754185480e-01
1.196289062500000000e-02 -6.448788209523096393e-01
1.208496093750000000e-02 -6.442998379636053485e-01
1.220703125000000000e-02 -6.437204759499062234e-01
1.232910156250000000e-02 -6.431407352520364107e-01
1.245117187500000000e-02 -6.425606162110419906e-01
1.257324218750000000e-02 -6.419801191681924202e-01
1.269531250000000000e-02 -6.413992444649787572e-01
1.281738281250000000e-02 -6.408179924431152141e-01
1.293945312500000000e-02 -6.402363634445368268e-01
1.306152343750000000e-02 -6.396543578114011197e-01
1.318359375000000000e-02 -6.390719758860872179e-01
1.330566406250000000e-02 -6.384892180111950699e-01
1.342773437500000000e-02 -6.379060845295463356e-01
1.354980468750000000e-02 -6.373225757841833872e-01
1.367187500000000000e-02 -6.367386921183694204e-01
1.379394531250000000e-02 -6.361544338755880101e-01
1.391601562500000000e-02 -6.355698013995432216e-01
1.403808593750000000e-02 -6.349847950341596103e-01
1.416015625000000000e-02 -6.343994151235808898e-01
1.428222656250000000e-02 -6.338136620121713749e-01
1.440429687500000000e-02 -6.332275360445142054e-01
1.452636718750000000e-02 -6.326410375654123452e-01
1.464843750000000000e-02 -6.320541669198878054e-01
1.477050781250000000e-02 -6.314669244531814218e-01
1.489257812500000000e-02 -6.308793105107526333e-01
1.501464843750000000e-02 -6.302913254382798147e-01
1.513671875000000000e-02 -6.297029695816592776e-01
1.525878906250000000e-02 -6.291142432870057144e-01
1.538085937500000000e-02 -6.285251469006516434e-01
1.550292968750000000e-02 -6.279356807691472975e-01
1.562500000000000000e-02 -6.273458452392601803e-01
1.574707031250000000e-02 -6.267556406579756212e-01
1.586914062500000000e-02 -6.261650673724956651e-01
1.599121093750000000e-02 -6.255741257302394054e-01
1.611328125000000000e-02 -6.249828160788425402e-01
1.623535156250000000e-02 -6.243911387661573720e-01
1.635742187500000000e-02 -6.237990941402522527e-01
1.647949218750000000e-02 -6.232066825494118056e-01
1.660156250000000000e-02 -6.226139043421365926e-01
1.672363281250000000e-02 -6.220207598671430027e-01
1.684570312500000000e-02 -6.214272494733621421e-01
1.696777343750000000e-02 -6.208333735099411665e-01
1.708984375000000000e-02 -6.202391323262420597e-01
1.721191406250000000e-02 -6.196445262718415226e-01
1.733398437500000000e-02 -6.190495556965308621e-01
1.745605468750000000e-02 -6.184542209503162136e-01
1.757812500000000000e-02 -6.178585223834173190e-01
1.770019531250000000e-02 -6.172624603462685267e-01
1.782226562500000000e-02 -6.166660351895179026e-01
1.794433593750000000e-02 -6.160692472640266759e-01
1.806640625000000000e-02 -6.154720969208700154e-01
1.818847656250000000e-02 -6.148745845113361419e-01
1.831054687500000000e-02 -6.142767103869259948e-01
1.843261718750000000e-02 -6.136784748993535654e-01
1.855468750000000000e-02 -6.130798784005454527e-01
1.867675781250000000e-02 -6.124809212426405303e-01
1.879882812500000000e-02 -6.118816037779899464e-01
1.892089843750000000e-02 -6.112819263591565688e-01
1.904296875000000000e-02 -6.106818893389152070e-01
1.916503906250000000e-02 -6.100814930702522787e-01
1.928710937500000000e-02 -6.094807379063654773e-01
1.940917968750000000e-02 -6.088796242006633275e-01
1.953125000000000000e-02 -6.082781523067658513e-01
1.965332031250000000e-02 -6.076763225785033473e-01
1.977539062500000000e-02 -6.070741353699165010e-01
1.989746093750000000e-02 -6.064715910352567185e-01
2.001953125000000000e-02 -6.058686899289855710e-01
2.014160156250000000e-02 -6.052654324057740176e-01
2.026367187500000000e-02 -6.046618188205028499e-01
2.038574218750000000e-02 -6.040578495282622473e-01
2.050781250000000000e-02 -6.034535248843522215e-01
2.062988281250000000e-02 -6.028488452442810619e-01
2.075195312500000000e-02 -6.022438109637662240e-01
2.087402343750000000e-02 -6.016384223987338853e-01
2.099609375000000000e-02 -6.010326799053185010e-01
2.111816406250000000e-02 -6.004265838398629151e-01
2.124023437500000000e-02 -5.998201345589176947e-01
2.136230468750000000e-02 -5.992133324192413513e-01
2.148437500000000000e-02 -5.986061777777997861e-01
2.160644531250000000e-02 -5.979986709917666232e-01
2.172851562500000000e-02 -5.973908124185226542e-01
2.185058593750000000e-02 -5.967826024156548392e-01
2.197265625000000000e-02 -5.961740413409580830e-01
2.209472656250000000e-02 -5.955651295524329036e-01
2.221679687500000000e-02 -5.949558674082862098e-01
2.233886718750000000e-02 -5.943462552669314114e-01
2.246093750000000000e-02 -5.937362934869877540e-01
2.258300781250000000e-02 -5.931259824272799852e-01
2.270507812500000000e-02 -5.925153224468380220e-01
2.282714843750000000e-02 -5.919043139048980606e-01
2.294921875000000000e-02 -5.912929571609000234e-01
2.307128906250000000e-02 -5.906812525744897791e-01
2.319335937500000000e-02 -5.900692005055171441e-01
2.331542968750000000e-02 -5.894568013140367713e-01
2.343750000000000000e-02 -5.888440553603069283e-01
2.355957031250000000e-02 -5.882309630047908300e-01
2.368164062500000000e-02 -5.876175246081545289e-01
2.380371093750000000e-02 -5.870037405312682477e-01
2.392578125000000000e-02 -5.863896111352051577e-01
2.404785156250000000e-02 -5.857751367812417120e-01
2.416992187500000000e-02 -5.851603178308575348e-01
2.429199218750000000e-02 -5.845451546457348657e-01
2.441406250000000000e-02 -5.839296475877580050e-01
2.453613281250000000e-02 -5.833137970190140908e-01
2.465820312500000000e-02 -5.826976033017923218e-01
2.478027343750000000e-02 -5.820810667985831799e-01
2.490234375000000000e-02 -5.814641878720795409e-01
2.502441406250000000e-02 -5.808469668851752310e-01
2.514648437500000000e-02 -5.802294042009655817e-01
2.526855468750000000e-02 -5.796115001827467639e-01
2.539062500000000000e-02 -5.789932551940155658e-01
2.551269531250000000e-02 -5.783746695984698372e-01
2.563476562500000000e-02 -5.777557437600076007e-01
2.575683593750000000e-02 -5.771364780427267194e-01
2.587890625000000000e-02 -5.765168728109254515e-01
2.600097656250000000e-02 -5.758969284291016733e-01
2.612304687500000000e-02 -5.752766452619524351e-01
2.624511718750000000e-02 -5.746560236743744055e-01
2.636718750000000000e-02 -5.740350640314634267e-01
2.648925781250000000e-02 -5.734137666985140713e-01
2.661132812500000000e-02 -5.727921320410193085e-01
2.673339843750000000e-02 -5.721701604246709483e-01
2.685546875000000000e-02 -5.715478522153587537e-01
2.697753906250000000e-02 -5.709252077791708846e-01
2.709960937500000000e-02 -5.703022274823927873e-01
2.722167968750000000e-02 -5.696789116915078610e-01
2.734375000000000000e-02 -5.690552607731964585e-01
2.746582031250000000e-02 -5.684312750943367742e-01
2.758789062500000000e-02 -5.678069550220030681e-01
2.770996093750000000e-02 -5.671823009234671087e-01
2.783203125000000000e-02 -5.665573131661963968e-01
2.795410156250000000e-02 -5.659319921178556090e-01
2.807617187500000000e-02 -5.653063381463045989e-01
2.819824218750000000e-02 -5.646803516195998407e-01
2.832031250000000000e-02 -5.640540329059926528e-01
2.844238281250000000e-02 -5.634273823739308629e-01
2.856445312500000000e-02 -5.628004003920560328e-01
2.868652343750000000e-02 -5.621730873292059005e-01
2.880859375000000000e-02 -5.615454435544127154e-01
2.893066406250000000e-02 -5.609174694369030156e-01
2.905273437500000000e-02 -5.602891653460977395e-01
2.917480468750000000e-02 -5.596605316516118922e-01
2.929687500000000000e-02 -5.590315687232547681e-01
2.941894531250000000e-02 -5.584022769310288403e-01
2.954101562500000000e-02 -5.577726566451302048e-01
2.966308593750000000e-02 -5.571427082359485805e-01
2.978515625000000000e-02 -5.565124320740659769e-01
2.990722656250000000e-02 -5.558818285302580264e-01
3.002929687500000000e-02 -5.552508979754922080e-01
3.015136718750000000e-02 -5.546196407809287354e-01
3.027343750000000000e-02 -5.539880573179202239e-01
3.039550781250000000e-02 -5.533561479580108022e-01
3.051757812500000000e-02 -5.527239130729363348e-01
3.063964843750000000e-02 -5.520913530346243103e-01
3.076171875000000000e-02 -5.514584682151937312e-01
3.088378906250000000e-02 -5.508252589869544469e-01
3.100585937500000000e-02 -5.501917257224069324e-01
3.112792968750000000e-02 -5.495578687942426210e-01
3.125000000000000000e-02 -5.489236885753430162e-01
3.137207031250000000e-02 -5.482891854387801356e-01
3.149414062500000000e-02 -5.476543597578158451e-01
3.161621093750000000e-02 -5.470192119059018587e-01
3.173828125000000000e-02 -5.463837422566789614e-01
3.186035156250000000e-02 -5.457479511839778974e-01
3.198242187500000000e-02 -5.451118390618179266e-01
3.210449218750000000e-02 -5.444754062644074910e-01
3.222656250000000000e-02 -5.438386531661438816e-01
3.234863281250000000e-02 -5.432015801416121281e-01
3.247070312500000000e-02 -5.425641875655861091e-01
3.259277343750000000e-02 -5.419264758130273307e-01
3.271484375000000000e-02 -5.412884452590853712e-01
3.283691406250000000e-02 -5.406500962790971032e-01
3.295898437500000000e-02 -5.400114292485866940e-01
3.308105468750000000e-02 -5.393724445432654946e-01
3.320312500000000000e-02 -5.387331425390318174e-01
3.332519531250000000e-02 -5.380935236119703813e-01
3.344726562500000000e-02 -5.374535881383530889e-01
3.356933593750000000e-02 -5.368133364946368058e-01
3.369140625000000000e-02 -5.361727690574653593e-01
3.381347656250000000e-02 -5.355318862036682059e-01
3.393554687500000000e-02 -5.348906883102598764e-01
3.405761718750000000e-02 -5.342491757544407527e-01
3.417968750000000000e-02 -5.336073489135964021e-01
3.430175781250000000e-02 -5.329652081652966888e-01
3.442382812500000000e-02 -5.323227538872964404e-01
3.454589843750000000e-02 -5.316799864575352252e-01
3.466796875000000000e-02 -5.310369062541362428e-01
3.479003906250000000e-02 -5.303935136554074337e-01
3.491210937500000000e-02 -5.297498090398395920e-01
3.503417968750000000e-02 -5.291057927861079202e-01
3.515625000000000000e-02 -5.284614652730703632e-01
3.527832031250000000e-02 -5.278168268797684970e-01
3.540039062500000000e-02 -5.271718779854261960e-01
3.552246093750000000e-02 -5.265266189694501886e-01
3.564453125000000000e-02 -5.258810502114301677e-01
3.576660156250000000e-02 -5.252351720911372368e-01
3.588867187500000000e-02 -5.245889849885249090e-01
3.601074218750000000e-02 -5.239424892837283299e-01
3.613281250000000000e-02 -5.232956853570646105e-01
3.625488281250000000e-02 -5.226485735890316064e-01
3.637695312500000000e-02 -5.220011543603084725e-01
3.649902343750000000e-02 -5.213534280517552189e-01
3.662109375000000000e-02 -5.207053950444126000e-01
3.674316406250000000e-02 -5.200570557195018928e-01
3.686523437500000000e-02 -5.194084104584242301e-01
3.698730468750000000e-02 -5.187594596427609339e-01
3.710937500000000000e-02 -5.181102036542730715e-01
3.723144531250000000e-02 -5.174606428749011222e-01
3.735351562500000000e-02 -5.168107776867653103e-01
3.747558593750000000e-02 -5.161606084721640508e-01
3.759765625000000000e-02 -5.155101356135756152e-01
3.771972656250000000e-02 -5.148593594936561324e-01
3.784179687500000000e-02 -5.142082804952405883e-01
3.796386718750000000e-02 -5.135568990013418267e-01
3.808593750000000000e-02 -5.129052153951509929e-01
3.820800781250000000e-02 -5.122532300600366462e-01
3.833007812500000000e-02 -5.116009433795448702e-01
3.845214843750000000e-02 -5.109483557373991625e-01
3.857421875000000000e-02 -5.102954675175002119e-01
3.869628906250000000e-02 -5.096422791039251221e-01
3.881835937500000000e-02 -5.089887908809278549e-01
3.894042968750000000e-02 -5.083350032329390089e-01
3.906250000000000000e-02 -5.076809165445643757e-01
3.918457031250000000e-02 -5.070265312005868275e-01
3.930664062500000000e-02 -5.063718475859642076e-01
3.942871093750000000e-02 -5.057168660858299969e-01
3.955078125000000000e-02 -5.050615870854929801e-01
3.967285156250000000e-02 -5.044060109704369133e-01
3.979492187500000000e-02 -5.037501381263203015e-01
3.991699218750000000e-02 -5.030939689389763991e-01
4.003906250000000000e-02 -5.024375037944124323e-01
4.016113281250000000e-02 -5.017807430788099321e-01
4.028320312500000000e-02 -5.011236871785245128e-01
4.040527343750000000e-02 -5.004663364800848724e-01
4.052734375000000000e-02 -4.998086913701939582e-01
4.064941406250000000e-02 -4.991507522357271354e-01
4.077148437500000000e-02 -4.984925194637330192e-01
4.089355468750000000e-02 -4.978339934414332535e-01
4.101562500000000000e-02 -4.971751745562213443e-01
4.113769531250000000e-02 -4.965160631956637149e-01
4.125976562500000000e-02 -4.958566597474987625e-01
4.138183593750000000e-02 -4.951969645996361913e-01
4.150390625000000000e-02 -4.945369781401577902e-01
4.162597656250000000e-02 -4.938767007573167667e-01
4.174804687500000000e-02 -4.932161328395369693e-01
4.187011718750000000e-02 -4.925552747754137206e-01
4.199218750000000000e-02 -4.918941269537127625e-01
4.211425781250000000e-02 -4.912326897633703671e-01
4.223632812500000000e-02 -4.905709635934927815e-01
4.235839843750000000e-02 -4.899089488333566167e-01
4.248046875000000000e-02 -4.892466458724081257e-01
4.260253906250000000e-02 -4.885840551002630372e-01
4.272460937500000000e-02 -4.879211769067063886e-01
4.284667968750000000e-02 -4.872580116816925266e-01
4.296875000000000000e-02 -4.865945598153441076e-01
4.309082031250000000e-02 -4.859308216979530970e-01
4.321289062500000000e-02 -4.852667977199794369e-01
4.333496093750000000e-02 -4.846024882720512683e-01
4.345703125000000000e-02 -4.839378937449647089e-01
4.357910156250000000e-02 -4.832730145296837976e-01
4.370117187500000000e-02 -4.826078510173394398e-01
4.382324218750000000e-02 -4.819424035992306843e-01
4.394531250000000000e-02 -4.812766726668226691e-01
4.406738281250000000e-02 -4.806106586117482316e-01
4.418945312500000000e-02 -4.799443618258058541e-01
4.431152343750000000e-02 -4.792777827009607194e-01
4.443359375000000000e-02 -4.786109216293445434e-01
4.455566406250000000e-02 -4.779437790032542988e-01
4.467773437500000000e-02 -4.772763552151527700e-01
4.479980468750000000e-02 -4.766086506576683313e-01
4.492187500000000000e-02 -4.759406657235942251e-01
4.504394531250000000e-02 -4.752724008058887839e-01
4.516601562500000000e-02 -4.746038562976749309e-01
4.528808593750000000e-02 -4.739350325922405127e-01
4.541015625000000000e-02 -4.732659300830370230e-01
4.553222656250000000e-02 -4.725965491636803795e-01
4.565429687500000000e-02 -4.719268902279499245e-01
4.577636718750000000e-02 -4.712569536697889805e-01
4.589843750000000000e-02 -4.705867398833038506e-01
4.602050781250000000e-02 -4.699162492627639853e-01
4.614257812500000000e-02 -4.692454822026018713e-01
4.626464843750000000e-02 -4.685744390974123097e-01
4.638671875000000000e-02 -4.679031203419528606e-01
4.650878906250000000e-02 -4.672315263311429545e-01
4.663085937500000000e-02 -4.665596574600640589e-01
4.675292968750000000e-02 -4.658875141239595119e-01
4.687500000000000000e-02 -4.652150967182335783e-01
4.699707031250000000e-02 -4.645424056384522271e-01
4.711914062500000000e-02 -4.638694412803423539e-01
4.724121093750000000e-02 -4.631962040397914482e-01
4.736328125000000000e-02 -4.625226943128478152e-01
4.748535156250000000e-02 -4.618489124957197434e-01
4.760742187500000000e-02 -4.611748589847756707e-01
4.772949218750000000e-02 -4.605005341765439075e-01
4.785156250000000000e-02 -4.598259384677125250e-01
4.797363281250000000e-02 -4.591510722551286894e-01
4.809570312500000000e-02 -4.584759359357987729e-01
4.821777343750000000e-02 -4.578005299068880762e-01
4.833984375000000000e-02 -4.571248545657206619e-01
4.846191406250000000e-02 -4.564489103097789102e-01
4.858398437500000000e-02 -4.557726975367033528e-01
4.870605468750000000e-02 -4.550962166442926171e-01
4.882812500000000000e-02 -4.544194680305027600e-01
4.895019531250000000e-02 -4.537424520934478234e-01
4.907226562500000000e-02 -4.530651692313988343e-01
4.919433593750000000e-02 -4.523876198427835837e-01
4.931640625000000000e-02 -4.517098043261871254e-01
4.943847656250000000e-02 -4.510317230803509991e-01
4.956054687500000000e-02 -4.503533765041725645e-01
4.968261718750000000e-02 -4.496747649967059446e-01
4.980468750000000000e-02 -4.489958889571606382e-01
4.992675781250000000e-02 -4.483167487849020749e-01
5.004882812500000000e-02 -4.476373448794507270e-01
5.017089843750000000e-02 -4.469576776404824980e-01
5.029296875000000000e-02 -4.462777474678282785e-01
5.041503906250000000e-02 -4.455975547614731691e-01
5.053710937500000000e-02 -4.449170999215572020e-01
5.065917968750000000e-02 -4.442363833483745084e-01
5.078125000000000000e-02 -4.435554054423728187e-01
5.090332031250000000e-02 -4.428741666041542402e-01
5.102539062500000000e-02 -4.421926672344736464e-01
5.114746093750000000e-02 -4.415109077342397881e-01
5.126953125000000000e-02 -4.408288885045143490e-01
5.139160156250000000e-02 -4.401466099465115023e-01
5.151367187500000000e-02 -4.394640724615980765e-01
5.163574218750000000e-02 -4.387812764512932784e-01
5.175781250000000000e-02 -4.380982223172686374e-01
5.187988281250000000e-02 -4.374149104613471728e-01
5.200195312500000000e-02 -4.367313412855035604e-01
5.212402343750000000e-02 -4.360475151918639658e-01
5.224609375000000000e-02 -4.353634325827057672e-01
5.236816406250000000e-02 -4.346790938604570553e-01
5.249023437500000000e-02 -4.339944994276966894e-01
5.261230468750000000e-02 -4.333096496871539638e-01
5.273437500000000000e-02 -4.326245450417082750e-01
5.285644531250000000e-02 -4.319391858943890106e-01
5.297851562500000000e-02 -4.312535726483754939e-01
5.310058593750000000e-02 -4.305677057069960401e-01
5.322265625000000000e-02 -4.298815854737287889e-01
5.334472656250000000e-02 -4.291952123522004836e-01
5.346679687500000000e-02 -4.285085867461865816e-01
5.358886718750000000e-02 -4.278217090596114214e-01
5.371093750000000000e-02 -4.271345796965474451e-01
5.383300781250000000e-02 -4.264471990612151431e-01
5.395507812500000000e-02 -4.257595675579827765e-01
5.407714843750000000e-02 -4.250716855913662107e-01
5.419921875000000000e-02 -4.243835535660288039e-01
5.432128906250000000e-02 -4.236951718867809080e-01
5.444335937500000000e-02 -4.230065409585794800e-01
5.456542968750000000e-02 -4.223176611865287478e-01
5.468750000000000000e-02 -4.216285329758784894e-01
5.480957031250000000e-02 -4.209391567320254768e-01
5.493164062500000000e-02 -4.202495328605117542e-01
5.505371093750000000e-02 -4.195596617670252493e-01
5.517578125000000000e-02 -4.188695438573996621e-01
5.529785156250000000e-02 -4.181791795376132437e-01
5.541992187500000000e-02 -4.174885692137895732e-01
5.554199218750000000e-02 -4.167977132921971695e-01
5.566406250000000000e-02 -4.161066121792484362e-01
5.578613281250000000e-02 -4.154152662815006614e-01
5.590820312500000000e-02 -4.147236760056545735e-01
5.603027343750000000e-02 -4.140318417585549526e-01
5.615234375000000000e-02 -4.133397639471902418e-01
5.627441406250000000e-02 -4.126474429786917697e-01
5.639648437500000000e-02 -4.119548792603342502e-01
5.651855468750000000e-02 -4.112620731995352275e-01
5.664062500000000000e-02 -4.105690252038542432e-01
5.676269531250000000e-02 -4.098757356809938357e-01
5.688476562500000000e-02 -4.091822050387984855e-01
5.700683593750000000e-02 -4.084884336852541153e-01
5.712890625000000000e-02 -4.077944220284887566e-01
5.725097656250000000e-02 -4.071001704767715501e-01
5.737304687500000000e-02 -4.064056794385126903e-01
5.749511718750000000e-02 -4.057109493222634256e-01
5.761718750000000000e-02 -4.050159805367156141e-01
5.773925781250000000e-02 -4.043207734907015571e-01
5.786132812500000000e-02 -4.036253285931933887e-01
5.798339843750000000e-02 -4.029296462533035750e-01
5.810546875000000000e-02 -4.022337268802843036e-01
5.822753906250000000e-02 -4.015375708835267621e-01
5.834960937500000000e-02 -4.008411786725616377e-01
5.847167968750000000e-02 -4.001445506570586175e-01
5.859375000000000000e-02 -3.994476872468257778e-01
5.871582031250000000e-02 -3.987505888518102504e-01
5.883789062500000000e-02 -3.980532558820967792e-01
5.895996093750000000e-02 -3.973556887479085531e-01
5.908203125000000000e-02 -3.966578878596062618e-01
5.920410156250000000e-02 -3.959598536276882630e-01
5.932617187500000000e-02 -3.952615864627899156e-01
5.944824218750000000e-02 -3.945630867756840798e-01
5.957031250000000000e-02 -3.938643549772798402e-01
5.969238281250000000e-02 -3.931653914786234494e-01
5.981445312500000000e-02 -3.924661966908968291e-01
5.993652343750000000e-02 -3.917667710254182922e-01
6.005859375000000000e-02 -3.910671148936421537e-01
6.018066406250000000e-02 -3.903672287071579539e-01
6.030273437500000000e-02 -3.896671128776905690e-01
6.042480468750000000e-02 -3.889667678171003229e-01
6.054687500000000000e-02 -3.882661939373822091e-01
6.066894531250000000e-02 -3.875653916506654473e-01
6.079101562500000000e-02 -3.868643613692141492e-01
6.091308593750000000e-02 -3.861631035054265415e-01
6.103515625000000000e-02 -3.854616184718343552e-01
6.115722656250000000e-02 -3.847599066811033253e-01
6.127929687500000000e-02 -3.840579685460321913e-01
6.140136718750000000e-02 -3.833558044795532527e-01
6.152343750000000000e-02 -3.826534148947315361e-01
6.164550781250000000e-02 -3.819508002047646289e-01
6.176757812500000000e-02 -3.812479608229827344e-01
6.188964843750000000e-02 -3.805448971628480059e-01
6.201171875000000000e-02 -3.798416096379549356e-01
6.213378906250000000e-02 -3.791380986620292437e-01
6.225585937500000000e-02 -3.784343646489284896e-01
6.237792968750000000e-02 -3.777304080126411834e-01
6.250000000000000000e-02 -3.770262291672867305e-01
6.262207031250000000e-02 -3.763218285271156538e-01
6.274414062500000000e-02 -3.756172065065083721e-01
6.286621093750000000e-02 -3.749123635199761995e-01
6.298828125000000000e-02 -3.742072999821600132e-01
6.311035156250000000e-02 -3.735020163078304756e-01
6.323242187500000000e-02 -3.727965129118877563e-01
6.335449218750000000e-02 -3.720907902093613662e-01
6.347656250000000000e-02 -3.713848486154098238e-01
6.359863281250000000e-02 -3.706786885453204339e-01
6.372070312500000000e-02 -3.699723104145088981e-01
6.384277343750000000e-02 -3.692657146385191491e-01
6.396484375000000000e-02 -3.685589016330234613e-01
6.408691406250000000e-02 -3.678518718138217847e-01
6.420898437500000000e-02 -3.671446255968412453e-01
6.433105468750000000e-02 -3.664371633981368670e-01
6.445312500000000000e-02 -3.657294856338901834e-01
6.457519531250000000e-02 -3.650215927204098487e-01
6.469726562500000000e-02 -3.643134850741313602e-01
6.481933593750000000e-02 -3.636051631116157812e-01
6.494140625000000000e-02 -3.628966272495507961e-01
6.506347656250000000e-02 -3.621878779047499886e-01
6.518554687500000000e-02 -3.614789154941519533e-01
6.530761718750000000e-02 -3.607697404348213510e-01
6.542968750000000000e-02 -3.600603531439475202e-01
6.555175781250000000e-02 -3.593507540388447552e-01
6.567382812500000000e-02 -3.586409435369516396e-01
6.579589843750000000e-02 -3.579309220558317128e-01
6.591796875000000000e-02 -3.572206900131722485e-01
6.604003906250000000e-02 -3.565102478267844766e-01
6.616210937500000000e-02 -3.557995959146031395e-01
6.628417968750000000e-02 -3.550887346946865475e-01
6.640625000000000000e-02 -3.543776645852159679e-01
6.652832031250000000e-02 -3.536663860044957919e-01
6.665039062500000000e-02 -3.529548993709525351e-01
6.677246093750000000e-02 -3.522432051031356703e-01
6.689453125000000000e-02 -3.515313036197166841e-01
6.701660156250000000e-02 -3.508191953394888540e-01
6.713867187500000000e-02 -3.501068806813669165e-01
6.726074218750000000e-02 -3.493943600643873992e-01
6.738281250000000000e-02 -3.486816339077078442e-01
6.750488281250000000e-02 -3.479687026306068076e-01
6.762695312500000000e-02 -3.472555666524829721e-01
6.774902343750000000e-02 -3.465422263928562008e-01
6.787109375000000000e-02 -3.458286822713660391e-01
6.799316406250000000e-02 -3.451149347077723806e-01
6.811523437500000000e-02 -3.444009841219541346e-01
6.823730468750000000e-02 -3.436868309339104477e-01
6.835937500000000000e-02 -3.429724755637587053e-01
6.848144531250000000e-02 -3.422579184317363077e-01
6.860351562500000000e-02 -3.415431599581985611e-01
6.872558593750000000e-02 -3.408282005636193435e-01
6.884765625000000000e-02 -3.401130406685911045e-01
6.896972656250000000e-02 -3.393976806938239221e-01
6.909179687500000000e-02 -3.386821210601454468e-01
6.921386718750000000e-02 -3.379663621885011238e-01
6.933593750000000000e-02 -3.372504044999534711e-01
6.945800781250000000e-02 -3.365342484156819691e-01
6.958007812500000000e-02 -3.358178943569827268e-01
6.970214843750000000e-02 -3.351013427452682603e-01
6.982421875000000000e-02 -3.343845940020677143e-01
6.994628906250000000e-02 -3.336676485490256971e-01
7.006835937500000000e-02 -3.329505068079026686e-01
7.019042968750000000e-02 -3.322331692005749404e-01
7.031250000000000000e-02 -3.315156361490336212e-01
7.043457031250000000e-02 -3.307979080753847279e-01
7.055664062500000000e-02 -3.300799854018492963e-01
7.067871093750000000e-02 -3.293618685507628263e-01
7.080078125000000000e-02 -3.286435579445750599e-01
7.092285156250000000e-02 -3.279250540058493146e-01
7.104492187500000000e-02 -3.272063571572630947e-01
7.116699218750000000e-02 -3.264874678216072579e-01
7.128906250000000000e-02 -3.257683864217859049e-01
7.141113281250000000e-02 -3.250491133808161570e-01
7.153320312500000000e-02 -3.243296491218275457e-01
7.165527343750000000e-02 -3.236099940680625120e-01
7.177734375000000000e-02 -3.228901486428757406e-01
7.189941406250000000e-02 -3.221701132697334935e-01
7.202148437500000000e-02 -3.214498883722141653e-01
7.214355468750000000e-02 -3.207294743740076171e-01
7.226562500000000000e-02 -3.200088716989145654e-01
7.238769531250000000e-02 -3.192880807708471380e-01
7.250976562500000000e-02 -3.185671020138281517e-01
7.263183593750000000e-02 -3.178459358519906686e-01
7.275390625000000000e-02 -3.171245827095782732e-01
7.287597656250000000e-02 -3.164030430109445180e-01
7.299804687500000000e-02 -3.156813171805523677e-01
7.312011718750000000e-02 -3.149594056429746991e-01
7.324218750000000000e-02 -3.142373088228934686e-01
7.336425781250000000e-02 -3.135150271450996562e-01
7.348632812500000000e-02 -3.127925610344928775e-01
7.360839843750000000e-02 -3.120699109160812168e-01
7.373046875000000000e-02 -3.113470772149814492e-01
7.385253906250000000e-02 -3.106240603564178193e-01
7.397460937500000000e-02 -3.099008607657224856e-01
7.409667968750000000e-02 -3.091774788683352981e-01
7.421875000000000000e-02 -3.084539150898029103e-01
7.434082031250000000e-02 -3.077301698557795562e-01
7.446289062500000000e-02 -3.070062435920256627e-01
7.458496093750000000e-02 -3.062821367244085713e-01
7.470703125000000000e-02 -3.055578496789015941e-01
7.482910156250000000e-02 -3.048333828815842916e-01
7.495117187500000000e-02 -3.041087367586414736e-01
7.507324218750000000e-02 -3.033839117363641980e-01
7.519531250000000000e-02 -3.026589082411479947e-01
7.531738281250000000e-02 -3.019337266994941427e-01
7.543945312500000000e-02 -3.012083675380078929e-01
7.556152343750000000e-02 -3.004828311833994126e-01
7.568359375000000000e-02 -2.997571180624832299e-01
7.580566406250000000e-02 -2.990312286021775123e-01
7.592773437500000000e-02 -2.983051632295044553e-01
7.604980468750000000e-02 -2.975789223715895049e-01
7.617187500000000000e-02 -2.968525064556614690e-01
7.629394531250000000e-02 -2.961259159090520732e-01
7.641601562500000000e-02 -2.953991511591958496e-01
7.653808593750000000e-02 -2.946722126336298597e-01
7.666015625000000000e-02 -2.939451007599931942e-01
7.678222656250000000e-02 -2.932178159660271954e-01
7.690429687500000000e-02 -2.924903586795744581e-01
7.702636718750000000e-02 -2.917627293285797729e-01
7.714843750000000000e-02 -2.910349283410884613e-01
7.727050781250000000e-02 -2.903069561452470970e-01
7.739257812500000000e-02 -2.895788131693030620e-01
7.751464843750000000e-02 -2.888504998416039915e-01
7.763671875000000000e-02 -2.881220165905980513e-01
7.775878906250000000e-02 -2.873933638448330496e-01
7.788085937500000000e-02 -2.866645420329566041e-01
7.800292968750000000e-02 -2.859355515837159190e-01
7.812500000000000000e-02 -2.852063929259571196e-01
7.824707031250000000e-02 -2.844770664886255296e-01
7.836914062500000000e-02 -2.837475727007650605e-01
7.849121093750000000e-02 -2.830179119915181563e-01
7.861328125000000000e-02 -2.822880847901255708e-01
7.873535156250000000e-02 -2.815580915259256467e-01
7.885742187500000000e-02 -2.808279326283546484e-01
7.897949218750000000e-02 -2.800976085269462068e-01
7.910156250000000000e-02 -2.793671196513312638e-01
7.922363281250000000e-02 -2.786364664312376838e-01
7.934570312500000000e-02 -2.779056492964896430e-01
7.946777343750000000e-02 -2.771746686770081847e-01
7.958984375000000000e-02 -2.764435250028104973e-01
7.971191406250000000e-02 -2.757122187040094707e-01
7.983398437500000000e-02 -2.749807502108137514e-01
7.995605468750000000e-02 -2.742491199535273538e-01
8.007812500000000000e-02 -2.735173283625495499e-01
8.020019531250000000e-02 -2.727853758683744245e-01
8.032226562500000000e-02 -2.720532629015910975e-01
8.044433593750000000e-02 -2.713209898928822805e-01
8.056640625000000000e-02 -2.705885572730255539e-01
8.068847656250000000e-02 -2.698559654728923118e-01
8.081054687500000000e-02 -2.691232149234470961e-01
8.093261718750000000e-02 -2.683903060557483733e-01
8.105468750000000000e-02 -2.676572393009475914e-01
8.117675781250000000e-02 -2.669240150902890130e-01
8.129882812500000000e-02 -2.661906338551093820e-01
8.142089843750000000e-02 -2.654570960268380908e-01
8.154296875000000000e-02 -2.647234020369966800e-01
8.166503906250000000e-02 -2.639895523171982838e-01
8.178710937500000000e-02 -2.632555472991477408e-01
8.190917968750000000e-02 -2.625213874146414272e-01
8.203125000000000000e-02 -2.617870730955665359e-01
8.215332031250000000e-02 -2.610526047739014088e-01
8.227539062500000000e-02 -2.603179828817146491e-01
8.239746093750000000e-02 -2.595832078511654539e-01
8.251953125000000000e-02 -2.588482801145033374e-01
8.264160156250000000e-02 -2.581132001040670754e-01
8.276367187500000000e-02 -2.573779682522852053e-01
8.288574218750000000e-02 -2.566425849916757485e-01
8.300781250000000000e-02 -2.559070507548459328e-01
8.312988281250000000e-02 -2.551713659744915264e-01
8.325195312500000000e-02 -2.544355310833967265e-01
8.337402343750000000e-02 -2.536995465144344375e-01
8.349609375000000000e-02 -2.529634127005652711e-01
8.361816406250000000e-02 -2.522271300748380463e-01
8.374023437500000000e-02 -2.514906990703885126e-01
8.386230468750000000e-02 -2.507541201204404047e-01
8.398437500000000000e-02 -2.500173936583037215e-01
8.410644531250000000e-02 -2.492805201173761143e-01
8.422851562500000000e-02 -2.485434999311410542e-01
8.435058593750000000e-02 -2.478063335331684991e-01
8.447265625000000000e-02 -2.470690213571145877e-01
8.459472656250000000e-02 -2.463315638367210569e-01
8.471679687500000000e-02 -2.455939614058149922e-01
8.483886718750000000e-02 -2.448562144983090494e-01
8.496093750000000000e-02 -2.441183235482007330e-01
8.508300781250000000e-02 -2.433802889895722854e-01
8.520507812500000000e-02 -2.426421112565902982e-01
8.532714843750000000e-02 -2.419037907835057677e-01
8.544921875000000000e-02 -2.411653280046537895e-01
8.557128906250000000e-02 -2.404267233544527538e-01
8.569335937500000000e-02 -2.396879772674047337e-01
8.581542968750000000e-02 -2.389490901780952914e-01
8.593750000000000000e-02 -2.382100625211923672e-01
8.605957031250000000e-02 -2.374708947314470853e-01
8.618164062500000000e-02 -2.367315872436926427e-01
8.630371093750000000e-02 -2.359921404928446986e-01
8.642578125000000000e-02 -2.352525549139007910e-01
8.654785156250000000e-02 -2.345128309419399482e-01
8.666992187500000000e-02 -2.337729690121226056e-01
8.679199218750000000e-02 -2.330329695596908279e-01
8.691406250000000000e-02 -2.322928330199668934e-01
8.703613281250000000e-02 -2.315525598283542652e-01
8.715820312500000000e-02 -2.308121504203364815e-01
8.728027343750000000e-02 -2.300716052314772664e-01
8.740234375000000000e-02 -2.293309246974205018e-01
8.752441406250000000e-02 -2.285901092538892287e-01
8.764648437500000000e-02 -2.278491593366862022e-01
8.776855468750000000e-02 -2.271080753816932529e-01
8.789062500000000000e-02 -2.263668578248706764e-01
8.801269531250000000e-02 -2.256255071022578995e-01
8.813476562500000000e-02 -2.248840236499725087e-01
8.825683593750000000e-02 -2.241424079042099171e-01
8.837890625000000000e-02 -2.234006603012436698e-01
8.850097656250000000e-02 -2.226587812774248887e-01
8.862304687500000000e-02 -2.219167712691816341e-01
8.874511718750000000e-02 -2.211746307130194045e-01
8.886718750000000000e-02 -2.204323600455204146e-01
8.898925781250000000e-02 -2.196899597033433460e-01
8.911132812500000000e-02 -2.189474301232231246e-01
8.923339843750000000e-02 -2.182047717419706989e-01
8.935546875000000000e-02 -2.174619849964731788e-01
8.947753906250000000e-02 -2.167190703236926419e-01
8.959960937500000000e-02 -2.159760281606666332e-01
8.972167968750000000e-02 -2.152328589445078322e-01
8.984375000000000000e-02 -2.144895631124033586e-01
8.996582031250000000e-02 -2.137461411016151891e-01
9.008789062500000000e-02 -2.130025933494791857e-01
9.020996093750000000e-02 -2.122589202934054287e-01
9.033203125000000000e-02 -2.115151223708776063e-01
9.045410156250000000e-02 -2.107712000194529589e-01
9.057617187500000000e-02 -2.100271536767615299e-01
9.069824218750000000e-02 -2.092829837805069704e-01
9.082031250000000000e-02 -2.085386907684649849e-01
9.094238281250000000e-02 -2.077942750784843307e-01
9.106445312500000000e-02 -2.070497371484852356e-01
9.118652343750000000e-02 -2.063050774164601475e-01
9.130859375000000000e-02 -2.055602963204735678e-01
9.143066406250000000e-02 -2.048153942986606912e-01
9.155273437500000000e-02 -2.040703717892283775e-01
9.167480468750000000e-02 -2.033252292304540410e-01
9.179687500000000000e-02 -2.025799670606859837e-01
9.191894531250000000e-02 -2.018345857183425629e-01
9.204101562500000000e-02 -2.010890856419124406e-01
9.216308593750000000e-02 -2.003434672699543340e-01
9.228515625000000000e-02 -1.995977310410960992e-01
9.240722656250000000e-02 -1.988518773940353146e-01
9.252929687500000000e-02 -1.981059067675383090e-01
9.265136718750000000e-02 -1.973598196004404115e-01
9.277343750000000000e-02 -1.966136163316455354e-01
9.289550781250000000e-02 -1.958672974001258449e-01
9.301757812500000000e-02 -1.951208632449214497e-01
9.313964843750000000e-02 -1.943743143051402944e-01
9.326171875000000000e-02 -1.936276510199581580e-01
9.338378906250000000e-02 -1.928808738286175439e-01
9.350585937500000000e-02 -1.921339831704284018e-01
9.362792968750000000e-02 -1.913869794847671835e-01
9.375000000000000000e-02 -1.906398632110768432e-01
9.387207031250000000e-02 -1.898926347888667820e-01
9.399414062500000000e-02 -1.891452946577120153e-01
9.411621093750000000e-02 -1.883978432572536721e-01
9.423828125000000000e-02 -1.876502810271981347e-01
9.436035156250000000e-02 -1.869026084073170668e-01
9.448242187500000000e-02 -1.861548258374466913e-01
9.460449218750000000e-02 -1.854069337574886234e-01
9.472656250000000000e-02 -1.846589326074082882e-01
9.484863281250000000e-02 -1.839108228272355594e-01
9.497070312500000000e-02 -1.831626048570640375e-01
9.509277343750000000e-02 -1.824142791370511607e-01
9.521484375000000000e-02 -1.816658461074177611e-01
9.533691406250000000e-02 -1.809173062084475925e-01
9.545898437500000000e-02 -1.801686598804874140e-01
9.558105468750000000e-02 -1.794199075639465180e-01
9.570312500000000000e-02 -1.786710496992966191e-01
9.582519531250000000e-02 -1.779220867270716044e-01
9.594726562500000000e-02 -1.771730190878670896e-01
9.606933593750000000e-02 -1.764238472223400578e-01
9.619140625000000000e-02 -1.756745715712093037e-01
9.631347656250000000e-02 -1.749251925752542680e-01
9.643554687500000000e-02 -1.741757106753151763e-01
9.655761718750000000e-02 -1.734261263122930385e-01
9.667968750000000000e-02 -1.726764399271491224e-01
9.680175781250000000e-02 -1.719266519609045085e-01
9.692382812500000000e-02 -1.711767628546400077e-01
9.704589843750000000e-02 -1.704267730494962718e-01
9.716796875000000000e-02 -1.696766829866728776e-01
9.729003906250000000e-02 -1.689264931074285769e-01
9.741210937500000000e-02 -1.681762038530806858e-01
9.753417968750000000e-02 -1.674258156650050289e-01
9.765625000000000000e-02 -1.666753289846355235e-01
9.777832031250000000e-02 -1.659247442534644290e-01
9.790039062500000000e-02 -1.651740619130411258e-01
9.802246093750000000e-02 -1.644232824049727260e-01
9.814453125000000000e-02 -1.636724061709237676e-01
9.826660156250000000e-02 -1.629214336526152440e-01
9.838867187500000000e-02 -1.621703652918246863e-01
9.851074218750000000e-02 -1.614192015303865246e-01
9.863281250000000000e-02 -1.606679428101908946e-01
9.875488281250000000e-02 -1.599165895731841647e-01
9.887695312500000000e-02 -1.591651422613678535e-01
9.899902343750000000e-02 -1.584136013167991852e-01
9.912109375000000000e-02 -1.576619671815903123e-01
9.924316406250000000e-02 -1.569102402979082322e-01
9.936523437500000000e-02 -1.561584211079745099e-01
9.948730468750000000e-02 -1.554065100540649447e-01
9.960937500000000000e-02 -1.546545075785094037e-01
9.973144531250000000e-02 -1.539024141236917109e-01
9.985351562500000000e-02 -1.531502301320489812e-01
9.997558593750000000e-02 -1.523979560460716476e-01
1.000976562500000000e-01 -1.516455923083033785e-01
1.002197265625000000e-01 -1.508931393613401339e-01
1.003417968750000000e-01 -1.501405976478306092e-01
1.004638671875000000e-01 -1.493879676104757914e-01
1.005859375000000000e-01 -1.486352496920285704e-01
1.007080078125000000e-01 -1.478824443352935170e-01
1.008300781250000000e-01 -1.471295519831265497e-01
1.009521484375000000e-01 -1.463765730784346575e-01
1.010742187500000000e-01 -1.456235080641764268e-01
1.011962890625000000e-01 -1.448703573833601821e-01
1.013183593750000000e-01 -1.441171214790450961e-01
1.014404296875000000e-01 -1.433638007943407178e-01
1.015625000000000000e-01 -1.426103957724059457e-01
1.016845703125000000e-01 -1.418569068564496383e-01
1.018066406250000000e-01 -1.411033344897298369e-01
1.019287109375000000e-01 -1.403496791155537382e-01
1.020507812500000000e-01 -1.395959411772776382e-01
1.021728515625000000e-01 -1.388421211183059056e-01
1.022949218750000000e-01 -1.380882193820913428e-01
1.024169921875000000e-01 -1.373342364121351578e-01
1.025390625000000000e-01 -1.365801726519860759e-01
1.026611328125000000e-01 -1.358260285452403959e-01
1.027832031250000000e-01 -1.350718045355415176e-01
1.029052734375000000e-01 -1.343175010665800251e-01
1.030273437500000000e-01 -1.335631185820933819e-01
1.031494140625000000e-01 -1.328086575258652369e-01
1.032714843750000000e-01 -1.320541183417255349e-01
1.033935546875000000e-01 -1.312995014735504617e-01
1.035156250000000000e-01 -1.305448073652613616e-01
1.036376953125000000e-01 -1.297900364608255419e-01
1.037597656250000000e-01 -1.290351892042552739e-01
1.038818359375000000e-01 -1.282802660396076821e-01
1.040039062500000000e-01 -1.275252674109846884e-01
1.041259765625000000e-01 -1.267701937625325681e-01
1.042480468750000000e-01 -1.260150455384414503e-01
1.043701171875000000e-01 -1.252598231829458730e-01
1.044921875000000000e-01 -1.245045271403234788e-01
1.046142578125000000e-01 -1.237491578548956805e-01
1.047363281250000000e-01 -1.229937157710265239e-01
1.048583984375000000e-01 -1.222382013331231726e-01
1.049804687500000000e-01 -1.214826149856356036e-01
1.051025390625000000e-01 -1.207269571730554825e-01
1.052246093750000000e-01 -1.199712283399169133e-01
1.053466796875000000e-01 -1.192154289307957582e-01
1.054687500000000000e-01 -1.184595593903091520e-01
1.055908203125000000e-01 -1.177036201631158768e-01
1.057128906250000000e-01 -1.169476116939154320e-01
1.058349609375000000e-01 -1.161915344274480760e-01
1.059570312500000000e-01 -1.154353888084945906e-01
1.060791015625000000e-01 -1.146791752818761279e-01
1.062011718750000000e-01 -1.139228942924533222e-01
1.063232421875000000e-01 -1.131665462851271231e-01
1.064453125000000000e-01 -1.124101317048372545e-01
1.065673828125000000e-01 -1.116536509965632834e-01
1.066894531250000000e-01 -1.108971046053229964e-01
1.068115234375000000e-01 -1.101404929761731905e-01
1.069335937500000000e-01 -1.093838165542092983e-01
1.070556640625000000e-01 -1.086270757845641810e-01
1.071777343750000000e-01 -1.078702711124091690e-01
1.072998046875000000e-01 -1.071134029829528683e-01
1.074218750000000000e-01 -1.063564718414413274e-01
1.075439453125000000e-01 -1.055994781331575511e-01
1.076660156250000000e-01 -1.048424223034213759e-01
1.077880859375000000e-01 -1.040853047975895534e-01
1.079101562500000000e-01 -1.033281260610545566e-01
1.080322265625000000e-01 -1.025708865392452873e-01
1.081542968750000000e-01 -1.018135866776260223e-01
1.082763671875000000e-01 -1.010562269216969539e-01
1.083984375000000000e-01 -1.002988077169932463e-01
1.085205078125000000e-01 -9.954132950908510524e-02
1.086425781250000000e-01 -9.878379274357741713e-02
1.087646484375000000e-01 -9.802619786610945740e-02
1.088867187500000000e-01 -9.726854532235505724e-02
1.090087890625000000e-01 -9.651083555802142389e-02
1.091308593750000000e-01 -9.575306901884989008e-02
1.092529296875000000e-01 -9.499524615061483157e-02
1.093750000000000000e-01 -9.423736739912390303e-02
1.094970703125000000e-01 -9.347943321021771890e-02
1.096191406250000000e-01 -9.272144402976940925e-02
1.097412109375000000e-01 -9.196340030368445329e-02
1.098632812500000000e-01 -9.120530247790062384e-02
1.099853515625000000e-01 -9.044715099838714079e-02
1.101074218750000000e-01 -8.968894631114494864e-02
1.102294921875000000e-01 -8.893068886220652225e-02
1.103515625000000000e-01 -8.817237909763503412e-02
1.104736328125000000e-01 -8.741401746352477076e-02
1.105957031250000000e-01 -8.665560440600005021e-02
1.107177734375000000e-01 -8.589714037121587431e-02
1.108398437500000000e-01 -8.513862580535722091e-02
1.109619140625000000e-01 -8.438006115463853041e-02
1.110839843750000000e-01 -8.362144686530385840e-02
1.112060546875000000e-01 -8.286278338362645934e-02
1.113281250000000000e-01 -8.210407115590842575e-02
1.114501953125000000e-01 -8.134531062848074368e-02
1.115722656250000000e-01 -8.058650224770272374e-02
1.116943359375000000e-01 -7.982764645996154318e-02
1.118164062500000000e-01 -7.906874371167277316e-02
1.119384765625000000e-01 -7.830979444927929634e-02
1.120605468750000000e-01 -7.755079911925122360e-02
1.121826171875000000e-01 -7.679175816808610222e-02
1.123046875000000000e-01 -7.603267204230815257e-02
1.124267578125000000e-01 -7.527354118846832365e-02
1.125488281250000000e-01 -7.451436605314340489e-02
1.126708984375000000e-01 -7.375514708293678945e-02
1.127929687500000000e-01 -7.299588472447748888e-02
1.129150390625000000e-01 -7.223657942441989721e-02
1.130371093750000000e-01 -7.147723162944374931e-02
1.131591796875000000e-01 -7.071784178625381556e-02
1.132812500000000000e-01 -6.995841034157948557e-02
1.134033203125000000e-01 -6.919893774217489302e-02
1.135253906250000000e-01 -6.843942443481798588e-02
1.136474609375000000e-01 -6.767987086631097049e-02
1.137695312500000000e-01 -6.692027748347981198e-02
1.138916015625000000e-01 -6.616064473317356809e-02
1.140136718750000000e-01 -6.540097306226447249e-02
1.141357421875000000e-01 -6.464126291764800414e-02
1.142578125000000000e-01 -6.388151474624201298e-02
1.143798828125000000e-01 -6.312172899498684486e-02
1.145019531250000000e-01 -6.236190611084469620e-02
1.146240234375000000e-01 -6.160204654079991238e-02
1.147460937500000000e-01 -6.084215073185830769e-02
1.148681640625000000e-01 -6.008221913104706824e-02
1.149902343750000000e-01 -5.932225218541420375e-02
1.151123046875000000e-01 -5.856225034202887370e-02
1.152343750000000000e-01 -5.780221404798033258e-02
1.153564453125000000e-01 -5.704214375037863077e-02
1.154785156250000000e-01 -5.628203989635341409e-02
1.156005859375000000e-01 -5.552190293305410418e-02
1.157226562500000000e-01 -5.476173330764989855e-02
1.158447265625000000e-01 -5.400153146732891707e-02
1.159667968750000000e-01 -5.324129785929812564e-02
1.160888671875000000e-01 -5.248103293078368314e-02
1.162109375000000000e-01 -5.172073712902963694e-02
1.163330078125000000e-01 -5.096041090129860979e-02
1.164550781250000000e-01 -5.020005469487073130e-02
1.165771484375000000e-01 -4.943966895704396403e-02
1.166992187500000000e-01 -4.867925413513390226e-02
1.168212890625000000e-01 -4.791881067647277975e-02
1.169433593750000000e-01 -4.715833902840983055e-02
1.170654296875000000e-01 -4.639783963831119878e-02
1.171875000000000000e-01 -4.563731295355884926e-02
1.173095703125000000e-01 -4.487675942155113645e-02
1.174316406250000000e-01 -4.411617948970201347e-02
1.175537109375000000e-01 -4.335557360544107369e-02
1.176757812500000000e-01 -4.259494221621339810e-02
1.177978515625000000e-01 -4.183428576947859773e-02
1.179199218750000000e-01 -4.107360471271111896e-02
1.180419921875000000e-01 -4.031289949340041007e-02
1.181640625000000000e-01 -3.955217055904953344e-02
1.182861328125000000e-01 -3.879141835717581782e-02
1.184082031250000000e-01 -3.803064333531001179e-02
1.185302734375000000e-01 -3.726984594099653353e-02
1.186523437500000000e-01 -3.650902662179309616e-02
1.187744140625000000e-01 -3.574818582526982647e-02
1.188964843750000000e-01 -3.498732399900986167e-02
1.190185546875000000e-01 -3.422644159060874575e-02
1.191406250000000000e-01 -3.346553904767367305e-02
1.192626953125000000e-01 -3.270461681782426550e-02
1.193847656250000000e-01 -3.194367534869145542e-02
1.195068359375000000e-01 -3.118271508791737104e-02
1.196289062500000000e-01 -3.042173648315549261e-02
1.197509765625000000e-01 -2.966073998206983017e-02
1.198730468750000000e-01 -2.889972603233496168e-02
1.199951171875000000e-01 -2.813869508163590119e-02
1.201171875000000000e-01 -2.737764757766746743e-02
1.202392578125000000e-01 -2.661658396813437744e-02
1.203613281250000000e-01 -2.585550470075070190e-02
1.204833984375000000e-01 -2.509441022323958409e-02
1.206054687500000000e-01 -2.433330098333371869e-02
1.207275390625000000e-01 -2.357217742877379396e-02
1.208496093750000000e-01 -2.281104000730915099e-02
1.209716796875000000e-01 -2.204988916669742977e-02
1.210937500000000000e-01 -2.128872535470393776e-02
1.212158203125000000e-01 -2.052754901910185462e-02
1.213378906250000000e-01 -1.976636060767155909e-02
1.214599609375000000e-01 -1.900516056820055269e-02
1.215820312500000000e-01 -1.824394934848328279e-02
1.217041015625000000e-01 -1.748272739632071929e-02
1.218261718750000000e-01 -1.672149515951986548e-02
1.219482421875000000e-01 -1.596025308589443456e-02
1.220703125000000000e-01 -1.519900162326314093e-02
1.221923828125000000e-01 -1.443774121945095613e-02
1.223144531250000000e-01 -1.367647232228753028e-02
1.224365234375000000e-01 -1.291519537960766732e-02
1.225585937500000000e-01 -1.215391083925132336e-02
1.226806640625000000e-01 -1.139261914906228995e-02
1.228027343750000000e-01 -1.063132075688891058e-02
1.229248046875000000e-01 -9.870016110583492569e-03
1.230468750000000000e-01 -9.108705658001908095e-03
1.231689453125000000e-01 -8.347389847003387764e-03
1.232910156250000000e-01 -7.586069125450393968e-03
1.234130859375000000e-01 -6.824743941208552371e-03
1.235351562500000000e-01 -6.063414742145588517e-03
1.236572265625000000e-01 -5.302081976132092846e-03
1.237792968750000000e-01 -4.540746091040218785e-03
1.239013671875000000e-01 -3.779407534744498066e-03
1.240234375000000000e-01 -3.018066755120691041e-03
1.241455078125000000e-01 -2.256724200045991807e-03
1.242675781250000000e-01 -1.495380317398539672e-03
1.243896484375000000e-01 -7.340355550573094291e-04
1.245117187500000000e-01 2.730963909799791753e-05
1.246337890625000000e-01 7.886548171877799706e-04
1.247558593750000000e-01 1.549999531332255575e-03
1.248779296875000000e-01 2.311343333651892130e-03
1.250000000000000000e-01 3.072685776267863270e-03
1.251220703125000000e-01 3.834026411301961167e-03
1.252441406250000000e-01 4.595364790877123559e-03
1.253662109375000000e-01 5.356700467117609180e-03
1.254882812500000000e-01 6.118032992149086656e-03
1.256103515625000000e-01 6.879361918099424246e-03
1.257324218750000000e-01 7.640686797098494680e-03
1.258544921875000000e-01 8.402007181278283582e-03
1.259765625000000000e-01 9.163322622773766371e-03
1.260986328125000000e-01 9.924632673722545706e-03
1.262207031250000000e-01 1.068593688626571711e-02
1.263427734375000000e-01 1.144723481254759576e-02
1.264648437500000000e-01 1.220852600471603044e-02
1.265869140625000000e-01 1.296981001492318424e-02
1.267089843750000000e-01 1.373108639532530546e-02
1.268310546875000000e-01 1.449235469808303998e-02
1.269531250000000000e-01 1.525361447536197589e-02
1.270751953125000000e-01 1.601486527933249082e-02
1.271972656250000000e-01 1.677610666217030366e-02
1.273193359375000000e-01 1.753733817605690123e-02
1.274414062500000000e-01 1.829855937317922260e-02
1.275634765625000000e-01 1.905976980573041712e-02
1.276855468750000000e-01 1.982096902591029899e-02
1.278076171875000000e-01 2.058215658592469494e-02
1.279296875000000000e-01 2.134333203798665507e-02
1.280517578125000000e-01 2.210449493431615800e-02
1.281738281250000000e-01 2.286564482714098165e-02
1.282958984375000000e-01 2.362678126869603018e-02
1.284179687500000000e-01 2.438790381122434014e-02
1.285400390625000000e-01 2.514901200697714986e-02
1.286621093750000000e-01 2.591010540821417352e-02
1.287841796875000000e-01 2.667118356720372951e-02
1.289062500000000000e-01 2.743224603622322968e-02
1.290283203125000000e-01 2.819329236755908907e-02
1.291503906250000000e-01 2.895432211350752391e-02
1.292724609375000000e-01 2.971533482637426019e-02
1.293945312500000000e-01 3.047633005847498466e-02
1.295166015625000000e-01 3.123730736213594511e-02
1.296386718750000000e-01 3.199826628969395376e-02
1.297607421875000000e-01 3.275920639349621383e-02
1.298828125000000000e-01 3.352012722590141935e-02
1.300048828125000000e-01 3.428102833927931803e-02
1.301269531250000000e-01 3.504190928601156468e-02
1.302490234375000000e-01 3.580276961849140904e-02
1.303710937500000000e-01 3.656360888912430634e-02
1.304931640625000000e-01 3.732442665032808388e-02
1.306152343750000000e-01 3.808522245453337118e-02
1.307373046875000000e-01 3.884599585418345435e-02
1.308593750000000000e-01 3.960674640173518501e-02
1.309814453125000000e-01 4.036747364965831419e-02
1.311035156250000000e-01 4.112817715043677602e-02
1.312255859375000000e-01 4.188885645656834078e-02
1.313476562500000000e-01 4.264951112056477450e-02
1.314697265625000000e-01 4.341014069495266470e-02
1.315917968750000000e-01 4.417074473227335790e-02
1.317138671875000000e-01 4.493132278508282090e-02
1.318359375000000000e-01 4.569187440595278565e-02
1.319580078125000000e-01 4.645239914747015947e-02
1.320800781250000000e-01 4.721289656223801728e-02
1.322021484375000000e-01 4.797336620287535186e-02
1.323242187500000000e-01 4.873380762201715705e-02
1.324462890625000000e-01 4.949422037231556576e-02
1.325683593750000000e-01 5.025460400643945447e-02
1.326904296875000000e-01 5.101495807707444319e-02
1.328125000000000000e-01 5.177528213692401265e-02
1.329345703125000000e-01 5.253557573870906716e-02
1.330566406250000000e-01 5.329583843516851743e-02
1.331787109375000000e-01 5.405606977905940552e-02
1.333007812500000000e-01 5.481626932315698114e-02
1.334228515625000000e-01 5.557643662025565923e-02
1.335449218750000000e-01 5.633657122316877708e-02
1.336669921875000000e-01 5.709667268472834456e-02
1.337890625000000000e-01 5.785674055778647351e-02
1.339111328125000000e-01 5.861677439521471161e-02
1.340332031250000000e-01 5.937677374990489587e-02
1.341552734375000000e-01 6.013673817476895139e-02
1.342773437500000000e-01 6.089666722273914812e-02
1.343994140625000000e-01 6.165656044676910696e-02
1.345214843750000000e-01 6.241641739983308512e-02
1.346435546875000000e-01 6.317623763492671851e-02
1.347656250000000000e-01 6.393602070506763935e-02
1.348876953125000000e-01 6.469576616329478225e-02
1.350097656250000000e-01 6.545547356266950834e-02
1.351318359375000000e-01 6.621514245627560524e-02
1.352539062500000000e-01 6.697477239721932873e-02
1.353759765625000000e-01 6.773436293863001334e-02
1.354980468750000000e-01 6.849391363366022500e-02
1.356201171875000000e-01 6.925342403548565007e-02
1.357421875000000000e-01 7.001289369730605283e-02
1.358642578125000000e-01 7.077232217234487310e-02
1.359863281250000000e-01 7.153170901385000335e-02
1.361083984375000000e-01 7.229105377509383035e-02
1.362304687500000000e-01 7.305035600937304086e-02
1.363525390625000000e-01 7.380961527000995392e-02
1.364746093750000000e-01 7.456883111035191025e-02
1.365966796875000000e-01 7.532800308377170240e-02
1.367187500000000000e-01 7.608713074366810214e-02
1.368408203125000000e-01 7.684621364346584660e-02
1.369628906250000000e-01 7.760525133661598518e-02
1.370849609375000000e-01 7.836424337659628203e-02
1.372070312500000000e-01 7.912318931691113277e-02
1.373291015625000000e-01 7.988208871109220288e-02
1.374511718750000000e-01 8.064094111269881626e-02
1.375732421875000000e-01 8.139974607531724748e-02
1.376953125000000000e-01 8.215850315256242875e-02
1.378173828125000000e-01 8.291721189807683967e-02
1.379394531250000000e-01 8.367587186553182566e-02
1.380615234375000000e-01 8.443448260862741750e-02
1.381835937500000000e-01 8.519304368109208159e-02
1.383056640625000000e-01 8.595155463668417706e-02
1.384277343750000000e-01 8.671001502919122028e-02
1.385498046875000000e-01 8.746842441243039834e-02
1.386718750000000000e-01 8.822678234024904087e-02
1.387939453125000000e-01 8.898508836652484211e-02
1.389160156250000000e-01 8.974334204516587477e-02
1.390380859375000000e-01 9.050154293011083984e-02
1.391601562500000000e-01 9.125969057532987150e-02
1.392822265625000000e-01 9.201778453482407916e-02
1.394042968750000000e-01 9.277582436262658827e-02
1.395263671875000000e-01 9.353380961280183259e-02
1.396484375000000000e-01 9.429173983944677540e-02
1.397705078125000000e-01 9.504961459669050705e-02
1.398925781250000000e-01 9.580743343869486950e-02
1.400146484375000000e-01 9.656519591965470606e-02
1.401367187500000000e-01 9.732290159379755612e-02
1.402587890625000000e-01 9.808055001538491802e-02
1.403808593750000000e-01 9.883814073871166617e-02
1.405029296875000000e-01 9.959567331810675883e-02
1.406250000000000000e-01 1.003531473079333353e-01
1.407470703125000000e-01 1.011105622625888129e-01
1.408691406250000000e-01 1.018679177365055949e-01
1.409912109375000000e-01 1.026252132841510428e-01
1.411132812500000000e-01 1.033824484600273375e-01
1.412353515625000000e-01 1.041396228186729084e-01
1.413574218750000000e-01 1.048967359146615735e-01
1.414794921875000000e-01 1.056537873026030250e-01
1.416015625000000000e-01 1.064107765371435782e-01
1.417236328125000000e-01 1.071677031729658253e-01
1.418457031250000000e-01 1.079245667647894813e-01
1.419677734375000000e-01 1.086813668673711486e-01
1.420898437500000000e-01 1.094381030355046219e-01
1.422119140625000000e-01 1.101947748240218183e-01
1.423339843750000000e-01 1.109513817877921388e-01
1.424560546875000000e-01 1.117079234817230649e-01
1.425781250000000000e-01 1.124643994607607417e-01
1.427001953125000000e-01 1.132208092798899501e-01
1.428222656250000000e-01 1.139771524941338987e-01
1.429443359375000000e-01 1.147334286585557361e-01
1.430664062500000000e-01 1.154896373282573857e-01
1.431884765625000000e-01 1.162457780583808914e-01
1.433105468750000000e-01 1.170018504041084734e-01
1.434326171875000000e-01 1.177578539206617508e-01
1.435546875000000000e-01 1.185137881633035045e-01
1.436767578125000000e-01 1.192696526873370938e-01
1.437988281250000000e-01 1.200254470481070534e-01
1.439208984375000000e-01 1.207811708009988300e-01
1.440429687500000000e-01 1.215368235014397252e-01
1.441650390625000000e-01 1.222924047048985913e-01
1.442871093750000000e-01 1.230479139668865796e-01
1.444091796875000000e-01 1.238033508429570856e-01
1.445312500000000000e-01 1.245587148887059986e-01
1.446533203125000000e-01 1.253140056597721874e-01
1.447753906250000000e-01 1.260692227118374031e-01
1.448974609375000000e-01 1.268243656006271813e-01
1.450195312500000000e-01 1.275794338819099816e-01
1.451416015625000000e-01 1.283344271114988944e-01
1.452636718750000000e-01 1.290893448452508918e-01
1.453857421875000000e-01 1.298441866390672716e-01
1.455078125000000000e-01 1.305989520488939071e-01
1.456298828125000000e-01 1.313536406307218851e-01
1.457519531250000000e-01 1.321082519405873679e-01
1.458740234375000000e-01 1.328627855345719255e-01
1.459960937500000000e-01 1.336172409688028417e-01
1.461181640625000000e-01 1.343716177994535022e-01
1.462402343750000000e-01 1.351259155827434222e-01
1.463623046875000000e-01 1.358801338749385801e-01
1.464843750000000000e-01 1.366342722323520553e-01
1.466064453125000000e-01 1.373883302113433069e-01
1.467285156250000000e-01 1.381423073683196168e-01
1.468505859375000000e-01 1.388962032597358676e-01
1.469726562500000000e-01 1.396500174420940432e-01
1.470947265625000000e-01 1.404037494719450607e-01
1.472167968750000000e-01 1.411573989058878542e-01
1.473388671875000000e-01 1.419109653005695137e-01
1.474609375000000000e-01 1.426644482126865898e-01
1.475830078125000000e-01 1.434178471989843440e-01
1.477050781250000000e-01 1.441711618162578590e-01
1.478271484375000000e-01 1.449243916213513450e-01
1.479492187500000000e-01 1.456775361711590278e-01
1.480712890625000000e-01 1.464305950226254538e-01
1.481933593750000000e-01 1.471835677327456848e-01
1.483154296875000000e-01 1.479364538585649924e-01
1.484375000000000000e-01 1.486892529571800792e-01
1.485595703125000000e-01 1.494419645857384682e-01
1.486816406250000000e-01 1.501945883014395022e-01
1.488037109375000000e-01 1.509471236615338718e-01
1.489257812500000000e-01 1.516995702233243648e-01
1.490478515625000000e-01 1.524519275441661992e-01
1.491699218750000000e-01 1.532041951814670511e-01
1.492919921875000000e-01 1.539563726926868881e-01
1.494140625000000000e-01 1.547084596353394959e-01
1.495361328125000000e-01 1.554604555669909793e-01
1.496582031250000000e-01 1.562123600452619832e-01
1.497802734375000000e-01 1.569641726278263316e-01
1.499023437500000000e-01 1.577158928724118614e-01
1.500244140625000000e-01 1.584675203368012542e-01
1.501464843750000000e-01 1.592190545788311207e-01
1.502685546875000000e-01 1.599704951563933331e-01
1.503906250000000000e-01 1.607218416274349970e-01
1.505126953125000000e-01 1.614730935499580078e-01
1.506347656250000000e-01 1.622242504820203546e-01
1.507568359375000000e-01 1.629753119817357876e-01
1.508789062500000000e-01 1.637262776072740678e-01
1.510009765625000000e-01 1.644771469168616052e-01
1.511230468750000000e-01 1.652279194687813757e-01
1.512451171875000000e-01 1.659785948213729767e-01
1.513671875000000000e-01 1.667291725330336538e-01
1.514892578125000000e-01 1.674796521622178014e-01
1.516113281250000000e-01 1.682300332674375454e-01
1.517333984375000000e-01 1.689803154072632707e-01
1.518554687500000000e-01 1.697304981403228719e-01
1.519775390625000000e-01 1.704805810253035570e-01
1.520996093750000000e-01 1.712305636209507376e-01
1.522216796875000000e-01 1.719804454860689169e-01
1.523437500000000000e-01 1.727302261795220506e-01
1.524658203125000000e-01 1.734799052602334912e-01
1.525878906250000000e-01 1.742294822871861826e-01
1.527099609375000000e-01 1.749789568194234091e-01
1.528320312500000000e-01 1.757283284160486847e-01
1.529541015625000000e-01 1.764775966362256976e-01
1.530761718750000000e-01 1.772267610391796699e-01
1.531982421875000000e-01 1.779758211841960536e-01
1.533203125000000000e-01 1.787247766306225005e-01
1.534423828125000000e-01 1.794736269378673921e-01
1.535644531250000000e-01 1.802223716654016705e-01
1.536865234375000000e-01 1.809710103727580899e-01
1.538085937500000000e-01 1.817195426195316321e-01
1.539306640625000000e-01 1.824679679653801734e-01
1.540527343750000000e-01 1.832162859700244006e-01
1.541748046875000000e-01 1.839644961932480338e-01
1.542968750000000000e-01 1.847125981948982421e-01
1.544189453125000000e-01 1.854605915348860601e-01
1.545410156250000000e-01 1.862084757731862217e-01
1.546630859375000000e-01 1.869562504698374927e-01
1.547851562500000000e-01 1.877039151849434762e-01
1.549072265625000000e-01 1.884514694786720845e-01
1.550292968750000000e-01 1.891989129112568169e-01
1.551513671875000000e-01 1.899462450429955374e-01
1.552734375000000000e-01 1.906934654342521407e-01
1.553955078125000000e-01 1.914405736454561635e-01
1.555175781250000000e-01 1.921875692371030897e-01
1.556396484375000000e-01 1.929344517697547945e-01
1.557617187500000000e-01 1.936812208040391003e-01
1.558837890625000000e-01 1.944278759006513591e-01
1.560058593750000000e-01 1.951744166203535913e-01
1.561279296875000000e-01 1.959208425239750417e-01
1.562500000000000000e-01 1.966671531724125399e-01
1.563720703125000000e-01 1.974133481266310275e-01
1.564941406250000000e-01 1.981594269476630310e-01
1.566162109375000000e-01 1.989053891966096610e-01
1.567382812500000000e-01 1.996512344346403900e-01
1.568603515625000000e-01 2.003969622229938297e-01
1.569824218750000000e-01 2.011425721229776475e-01
1.571044921875000000e-01 2.018880636959685115e-01
1.572265625000000000e-01 2.026334365034129781e-01
1.573486328125000000e-01 2.033786901068275199e-01
1.574707031250000000e-01 2.041238240677986648e-01
1.575927734375000000e-01 2.048688379479833288e-01
1.577148437500000000e-01 2.056137313091087604e-01
1.578369140625000000e-01 2.063585037129736233e-01
1.579589843750000000e-01 2.071031547214475244e-01
1.580810546875000000e-01 2.078476838964713469e-01
1.582031250000000000e-01 2.085920908000578888e-01
1.583251953125000000e-01 2.093363749942917240e-01
1.584472656250000000e-01 2.100805360413294243e-01
1.585693359375000000e-01 2.108245735034005031e-01
1.586914062500000000e-01 2.115684869428066661e-01
1.588134765625000000e-01 2.123122759219228661e-01
1.589355468750000000e-01 2.130559400031974693e-01
1.590576171875000000e-01 2.137994787491517001e-01
1.591796875000000000e-01 2.145428917223809739e-01
1.593017578125000000e-01 2.152861784855545912e-01
1.594238281250000000e-01 2.160293386014162376e-01
1.595458984375000000e-01 2.167723716327838446e-01
1.596679687500000000e-01 2.175152771425501730e-01
1.597900390625000000e-01 2.182580546936830623e-01
1.599121093750000000e-01 2.190007038492257918e-01
1.600341796875000000e-01 2.197432241722968305e-01
1.601562500000000000e-01 2.204856152260906699e-01
1.602783203125000000e-01 2.212278765738777409e-01
1.604003906250000000e-01 2.219700077790048576e-01
1.605224609375000000e-01 2.227120084048953841e-01
1.606445312500000000e-01 2.234538780150492898e-01
1.607666015625000000e-01 2.241956161730439823e-01
1.608886718750000000e-01 2.249372224425340572e-01
1.610107421875000000e-01 2.256786963872514096e-01
1.611328125000000000e-01 2.264200375710061774e-01
1.612548828125000000e-01 2.271612455576864364e-01
1.613769531250000000e-01 2.279023199112586717e-01
1.614990234375000000e-01 2.286432601957678612e-01
1.616210937500000000e-01 2.293840659753378919e-01
1.617431640625000000e-01 2.301247368141718375e-01
1.618652343750000000e-01 2.308652722765522358e-01
1.619873046875000000e-01 2.316056719268409503e-01
1.621093750000000000e-01 2.323459353294802521e-01
1.622314453125000000e-01 2.330860620489919599e-01
1.623535156250000000e-01 2.338260516499786612e-01
1.624755859375000000e-01 2.345659036971236844e-01
1.625976562500000000e-01 2.353056177551908490e-01
1.627197265625000000e-01 2.360451933890257148e-01
1.628417968750000000e-01 2.367846301635549988e-01
1.629638671875000000e-01 2.375239276437867975e-01
1.630859375000000000e-01 2.382630853948116689e-01
1.632080078125000000e-01 2.390021029818020781e-01
1.633300781250000000e-01 2.397409799700130628e-01
1.634521484375000000e-01 2.404797159247825389e-01
1.635742187500000000e-01 2.412183104115306898e-01
1.636962890625000000e-01 2.419567629957617427e-01
1.638183593750000000e-01 2.426950732430631086e-01
1.639404296875000000e-01 2.434332407191056313e-01
1.640625000000000000e-01 2.441712649896446707e-01
1.641845703125000000e-01 2.449091456205194084e-01
1.643066406250000000e-01 2.456468821776537914e-01
1.644287109375000000e-01 2.463844742270563659e-01
1.645507812500000000e-01 2.471219213348205823e-01
1.646728515625000000e-01 2.478592230671254337e-01
1.647949218750000000e-01 2.485963789902355392e-01
1.649169921875000000e-01 2.493333886705005886e-01
1.650390625000000000e-01 2.500702516743570913e-01
1.651611328125000000e-01 2.508069675683274324e-01
1.652832031250000000e-01 2.515435359190206777e-01
1.654052734375000000e-01 2.522799562931327677e-01
1.655273437500000000e-01 2.530162282574461297e-01
1.656494140625000000e-01 2.537523513788313423e-01
1.657714843750000000e-01 2.544883252242461369e-01
1.658935546875000000e-01 2.552241493607357858e-01
1.660156250000000000e-01 2.559598233554342683e-01
1.661376953125000000e-01 2.566953467755632157e-01
1.662597656250000000e-01 2.574307191884332990e-01
1.663818359375000000e-01 2.581659401614438409e-01
1.665039062500000000e-01 2.589010092620832038e-01
1.666259765625000000e-01 2.596359260579292894e-01
1.667480468750000000e-01 2.603706901166495391e-01
1.668701171875000000e-01 2.611053010060010449e-01
1.669921875000000000e-01 2.618397582938311596e-01
1.671142578125000000e-01 2.625740615480776641e-01
1.672363281250000000e-01 2.633082103367687665e-01
1.673583984375000000e-01 2.640422042280239912e-01
1.674804687500000000e-01 2.647760427900529567e-01
1.676025390625000000e-01 2.655097255911579301e-01
1.677246093750000000e-01 2.662432521997320500e-01
1.678466796875000000e-01 2.669766221842605480e-01
1.679687500000000000e-01 2.677098351133206378e-01
1.680908203125000000e-01 2.684428905555821809e-01
1.682128906250000000e-01 2.691757880798075209e-01
1.683349609375000000e-01 2.699085272548518710e-01
1.684570312500000000e-01 2.706411076496635926e-01
1.685791015625000000e-01 2.713735288332846940e-01
1.687011718750000000e-01 2.721057903748506090e-01
1.688232421875000000e-01 2.728378918435905853e-01
1.689453125000000000e-01 2.735698328088284614e-01
1.690673828125000000e-01 2.743016128399818898e-01
1.691894531250000000e-01 2.750332315065636690e-01
1.693115234375000000e-01 2.757646883781817437e-01
1.694335937500000000e-01 2.764959830245382610e-01
1.695556640625000000e-01 2.772271150154318464e-01
1.696777343750000000e-01 2.779580839207563270e-01
1.697998046875000000e-01 2.786888893105013976e-01
1.699218750000000000e-01 2.794195307547530649e-01
1.700439453125000000e-01 2.801500078236940916e-01
1.701660156250000000e-01 2.808803200876034412e-01
1.702880859375000000e-01 2.816104671168569995e-01
1.704101562500000000e-01 2.823404484819283522e-01
1.705322265625000000e-01 2.830702637533881738e-01
1.706542968750000000e-01 2.837999125019050606e-01
1.707763671875000000e-01 2.845293942982452529e-01
1.708984375000000000e-01 2.852587087132736898e-01
1.710205078125000000e-01 2.859878553179531768e-01
1.711425781250000000e-01 2.867168336833457176e-01
1.712646484375000000e-01 2.874456433806122369e-01
1.713867187500000000e-01 2.881742839810124135e-01
1.715087890625000000e-01 2.889027550559060686e-01
1.716308593750000000e-01 2.896310561767523328e-01
1.717529296875000000e-01 2.903591869151104787e-01
1.718750000000000000e-01 2.910871468426398101e-01
1.719970703125000000e-01 2.918149355311004389e-01
1.721191406250000000e-01 2.925425525523529524e-01
1.722412109375000000e-01 2.932699974783590235e-01
1.723632812500000000e-01 2.939972698811813556e-01
1.724853515625000000e-01 2.947243693329845704e-01
1.726074218750000000e-01 2.954512954060347640e-01
1.727294921875000000e-01 2.961780476726999511e-01
1.728515625000000000e-01 2.969046257054506754e-01
1.729736328125000000e-01 2.976310290768594546e-01
1.730957031250000000e-01 2.983572573596022792e-01
1.732177734375000000e-01 2.990833101264576688e-01
1.733398437500000000e-01 2.998091869503072826e-01
1.734619140625000000e-01 3.005348874041365859e-01
1.735839843750000000e-01 3.012604110610348496e-01
1.737060546875000000e-01 3.019857574941950951e-01
1.738281250000000000e-01 3.027109262769146492e-01
1.739501953125000000e-01 3.034359169825955882e-01
1.740722656250000000e-01 3.041607291847442385e-01
1.741943359375000000e-01 3.048853624569726195e-01
1.743164062500000000e-01 3.056098163729973338e-01
1.744384765625000000e-01 3.063340905066408992e-01
1.745605468750000000e-01 3.070581844318318043e-01
1.746826171875000000e-01 3.077820977226037313e-01
1.748046875000000000e-01 3.085058299530974435e-01
1.749267578125000000e-01 3.092293806975597859e-01
1.750488281250000000e-01 3.099527495303448510e-01
1.751708984375000000e-01 3.106759360259129799e-01
1.752929687500000000e-01 3.113989397588323715e-01
1.754150390625000000e-01 3.121217603037783617e-01
1.755371093750000000e-01 3.128443972355344771e-01
1.756591796875000000e-01 3.135668501289920473e-01
1.757812500000000000e-01 3.142891185591504821e-01
1.759033203125000000e-01 3.150112021011180485e-01
1.760253906250000000e-01 3.157331003301114269e-01
1.761474609375000000e-01 3.164548128214566547e-01
1.762695312500000000e-01 3.171763391505886265e-01
1.763916015625000000e-01 3.178976788930522046e-01
1.765136718750000000e-01 3.186188316245018304e-01
1.766357421875000000e-01 3.193397969207018017e-01
1.767578125000000000e-01 3.200605743575268836e-01
1.768798828125000000e-01 3.207811635109621973e-01
1.770019531250000000e-01 3.215015639571037753e-01
1.771240234375000000e-01 3.222217752721586170e-01
1.772460937500000000e-01 3.229417970324448550e-01
1.773681640625000000e-01 3.236616288143923104e-01
1.774902343750000000e-01 3.243812701945426036e-01
1.776123046875000000e-01 3.251007207495490436e-01
1.777343750000000000e-01 3.258199800561775716e-01
1.778564453125000000e-01 3.265390476913063167e-01
1.779785156250000000e-01 3.272579232319264841e-01
1.781005859375000000e-01 3.279766062551420780e-01
1.782226562500000000e-01 3.286950963381702340e-01
1.783447265625000000e-01 3.294133930583418857e-01
1.784667968750000000e-01 3.301314959931016535e-01
1.785888671875000000e-01 3.308494047200077892e-01
1.787109375000000000e-01 3.315671188167333971e-01
1.788330078125000000e-01 3.322846378610656015e-01
1.789550781250000000e-01 3.330019614309064346e-01
1.790771484375000000e-01 3.337190891042732255e-01
1.791992187500000000e-01 3.344360204592976005e-01
1.793212890625000000e-01 3.351527550742279260e-01
1.794433593750000000e-01 3.358692925274274210e-01
1.795654296875000000e-01 3.365856323973756004e-01
1.796875000000000000e-01 3.373017742626681081e-01
1.798095703125000000e-01 3.380177177020173285e-01
1.799316406250000000e-01 3.387334622942521078e-01
1.800537109375000000e-01 3.394490076183182548e-01
1.801757812500000000e-01 3.401643532532788172e-01
1.802978515625000000e-01 3.408794987783144714e-01
1.804199218750000000e-01 3.415944437727238547e-01
1.805419921875000000e-01 3.423091878159226775e-01
1.806640625000000000e-01 3.430237304874458881e-01
1.807861328125000000e-01 3.437380713669461185e-01
1.809082031250000000e-01 3.444522100341952386e-01
1.810302734375000000e-01 3.451661460690839123e-01
1.811523437500000000e-01 3.458798790516215971e-01
1.812744140625000000e-01 3.465934085619381544e-01
1.813964843750000000e-01 3.473067341802820174e-01
1.815185546875000000e-01 3.480198554870223560e-01
1.816406250000000000e-01 3.487327720626483551e-01
1.817626953125000000e-01 3.494454834877694371e-01
1.818847656250000000e-01 3.501579893431158164e-01
1.820068359375000000e-01 3.508702892095387216e-01
1.821289062500000000e-01 3.515823826680103403e-01
1.822509765625000000e-01 3.522942692996245961e-01
1.823730468750000000e-01 3.530059486855970374e-01
1.824951171875000000e-01 3.537174204072646710e-01
1.826171875000000000e-01 3.544286840460872945e-01
1.827392578125000000e-01 3.551397391836467743e-01
1.828613281250000000e-01 3.558505854016476011e-01
1.829833984375000000e-01 3.565612222819176114e-01
1.831054687500000000e-01 3.572716494064067660e-01
1.832275390625000000e-01 3.579818663571895376e-01
1.833496093750000000e-01 3.586918727164636889e-01
1.834716796875000000e-01 3.594016680665504948e-01
1.835937500000000000e-01 3.601112519898956865e-01
1.837158203125000000e-01 3.608206240690695621e-01
1.838378906250000000e-01 3.615297838867665980e-01
1.839599609375000000e-01 3.622387310258065041e-01
1.840820312500000000e-01 3.629474650691336124e-01
1.842041015625000000e-01 3.636559855998182100e-01
1.843261718750000000e-01 3.643642922010559837e-01
1.844482421875000000e-01 3.650723844561681308e-01
1.845703125000000000e-01 3.657802619486025808e-01
1.846923828125000000e-01 3.664879242619329403e-01
1.848144531250000000e-01 3.671953709798597698e-01
1.849365234375000000e-01 3.679026016862105841e-01
1.850585937500000000e-01 3.686096159649394632e-01
1.851806640625000000e-01 3.693164134001283294e-01
1.853027343750000000e-01 3.700229935759865585e-01
1.854248046875000000e-01 3.707293560768509799e-01
1.855468750000000000e-01 3.714355004871868204e-01
1.856689453125000000e-01 3.721414263915875931e-01
1.857910156250000000e-01 3.728471333747753191e-01
1.859130859375000000e-01 3.735526210216006393e-01
1.860351562500000000e-01 3.742578889170433687e-01
1.861572265625000000e-01 3.749629366462124969e-01
1.862792968750000000e-01 3.756677637943467984e-01
1.864013671875000000e-01 3.763723699468146111e-01
1.865234375000000000e-01 3.770767546891140576e-01
1.866455078125000000e-01 3.777809176068739339e-01
1.867675781250000000e-01 3.784848582858533206e-01
1.868896484375000000e-01 3.791885763119421382e-01
1.870117187500000000e-01 3.798920712711607584e-01
1.871337890625000000e-01 3.805953427496617247e-01
1.872558593750000000e-01 3.812983903337283653e-01
1.873779296875000000e-01 3.820012136097760691e-01
1.875000000000000000e-01 3.827038121643515645e-01
1.876220703125000000e-01 3.834061855841348065e-01
1.877441406250000000e-01 3.841083334559372564e-01
1.878662109375000000e-01 3.848102553667034909e-01
1.879882812500000000e-01 3.855119509035105918e-01
1.881103515625000000e-01 3.862134196535697561e-01
1.882324218750000000e-01 3.869146612042247968e-01
1.883544921875000000e-01 3.876156751429530867e-01
1.884765625000000000e-01 3.883164610573665576e-01
1.885986328125000000e-01 3.890170185352105903e-01
1.887207031250000000e-01 3.897173471643655684e-01
1.888427734375000000e-01 3.904174465328460464e-01
1.889648437500000000e-01 3.911173162288014704e-01
1.890869140625000000e-01 3.918169558405166786e-01
1.892089843750000000e-01 3.925163649564117341e-01
1.893310546875000000e-01 3.932155431650422583e-01
1.894531250000000000e-01 3.939144900550997641e-01
1.895751953125000000e-01 3.946132052154118219e-01
1.896972656250000000e-01 3.953116882349422267e-01
1.898193359375000000e-01 3.960099387027914419e-01
1.899414062500000000e-01 3.967079562081965438e-01
1.900634765625000000e-01 3.974057403405319433e-01
1.901855468750000000e-01 3.981032906893094414e-01
1.903076171875000000e-01 3.988006068441778407e-01
1.904296875000000000e-01 3.994976883949241664e-01
1.905517578125000000e-01 4.001945349314729450e-01
1.906738281250000000e-01 4.008911460438879248e-01
1.907958984375000000e-01 4.015875213223704110e-01
1.909179687500000000e-01 4.022836603572605974e-01
1.910400390625000000e-01 4.029795627390380663e-01
1.911621093750000000e-01 4.036752280583212893e-01
1.912841796875000000e-01 4.043706559058684591e-01
1.914062500000000000e-01 4.050658458725770461e-01
1.915283203125000000e-01 4.057607975494847974e-01
1.916503906250000000e-01 4.064555105277696256e-01
1.917724609375000000e-01 4.071499843987496092e-01
1.918945312500000000e-01 4.078442187538837693e-01
1.920166015625000000e-01 4.085382131847719589e-01
1.921386718750000000e-01 4.092319672831551403e-01
1.922607421875000000e-01 4.099254806409154961e-01
1.923828125000000000e-01 4.106187528500772066e-01
1.925048828125000000e-01 4.113117835028059499e-01
1.926269531250000000e-01 4.120045721914095682e-01
1.927490234375000000e-01 4.126971185083384008e-01
1.928710937500000000e-01 4.133894220461854507e-01
1.929931640625000000e-01 4.140814823976862180e-01
1.931152343750000000e-01 4.147732991557195326e-01
1.932373046875000000e-01 4.154648719133071655e-01
1.933593750000000000e-01 4.161562002636151614e-01
1.934814453125000000e-01 4.168472837999524505e-01
1.936035156250000000e-01 4.175381221157724032e-01
1.937255859375000000e-01 4.182287148046729408e-01
1.938476562500000000e-01 4.189190614603957585e-01
1.939697265625000000e-01 4.196091616768280463e-01
1.940917968750000000e-01 4.202990150480016007e-01
1.942138671875000000e-01 4.209886211680933243e-01
1.943359375000000000e-01 4.216779796314257256e-01
1.944580078125000000e-01 4.223670900324669186e-01
1.945800781250000000e-01 4.230559519658311229e-01
1.947021484375000000e-01 4.237445650262786634e-01
1.948242187500000000e-01 4.244329288087159702e-01
1.949462890625000000e-01 4.251210429081966335e-01
1.950683593750000000e-01 4.258089069199209598e-01
1.951904296875000000e-01 4.264965204392358600e-01
1.953125000000000000e-01 4.271838830616362936e-01
1.954345703125000000e-01 4.278709943827643802e-01
1.955566406250000000e-01 4.285578539984104540e-01
1.956787109375000000e-01 4.292444615045126755e-01
1.958007812500000000e-01 4.299308164971571422e-01
1.959228515625000000e-01 4.306169185725792770e-01
1.960449218750000000e-01 4.313027673271629947e-01
1.961669921875000000e-01 4.319883623574409248e-01
1.962890625000000000e-01 4.326737032600951327e-01
1.964111328125000000e-01 4.333587896319572308e-01
1.965332031250000000e-01 4.340436210700087116e-01
1.966552734375000000e-01 4.347281971713809479e-01
1.967773437500000000e-01 4.354125175333550812e-01
1.968994140625000000e-01 4.360965817533634103e-01
1.970214843750000000e-01 4.367803894289885025e-01
1.971435546875000000e-01 4.374639401579639153e-01
1.972656250000000000e-01 4.381472335381741967e-01
1.973876953125000000e-01 4.388302691676557177e-01
1.975097656250000000e-01 4.395130466445961726e-01
1.976318359375000000e-01 4.401955655673350232e-01
1.977539062500000000e-01 4.408778255343639429e-01
1.978759765625000000e-01 4.415598261443272055e-01
1.979980468750000000e-01 4.422415669960212958e-01
1.981201171875000000e-01 4.429230476883955214e-01
1.982421875000000000e-01 4.436042678205525669e-01
1.983642578125000000e-01 4.442852269917479946e-01
1.984863281250000000e-01 4.449659248013910773e-01
1.986083984375000000e-01 4.456463608490450756e-01
1.987304687500000000e-01 4.463265347344266831e-01
1.988525390625000000e-01 4.470064460574072474e-01
1.989746093750000000e-01 4.476860944180124924e-01
1.990966796875000000e-01 4.483654794164229074e-01
1.992187500000000000e-01 4.490446006529733580e-01
1.993408203125000000e-01 4.497234577281549184e-01
1.994628906250000000e-01 4.504020502426130390e-01
1.995849609375000000e-01 4.510803777971495454e-01
1.997070312500000000e-01 4.517584399927213057e-01
1.998291015625000000e-01 4.524362364304423401e-01
1.999511718750000000e-01 4.531137667115822110e-01
2.000732421875000000e-01 4.537910304375672443e-01
2.001953125000000000e-01 4.544680272099809737e-01
2.003173828125000000e-01 4.551447566305632519e-01
2.004394531250000000e-01 4.558212183012115837e-01
2.005615234375000000e-01 4.564974118239814582e-01
2.006835937500000000e-01 4.571733368010852949e-01
2.008056640625000000e-01 4.578489928348937754e-01
2.009277343750000000e-01 4.585243795279360102e-01
2.010498046875000000e-01 4.591994964828994830e-01
2.011718750000000000e-01 4.598743433026301619e-01
2.012939453125000000e-01 4.605489195901330546e-01
2.014160156250000000e-01 4.612232249485725410e-01
2.015380859375000000e-01 4.618972589812717078e-01
2.016601562500000000e-01 4.625710212917141240e-01
2.017822265625000000e-01 4.632445114835422872e-01
2.019042968750000000e-01 4.639177291605598996e-01
2.020263671875000000e-01 4.645906739267298691e-01
2.021484375000000000e-01 4.652633453861763080e-01
2.022705078125000000e-01 4.659357431431839780e-01
2.023925781250000000e-01 4.666078668021984011e-01
2.025146484375000000e-01 4.672797159678267476e-01
2.026367187500000000e-01 4.679512902448373368e-01
2.027587890625000000e-01 4.686225892381604141e-01
2.028808593750000000e-01 4.692936125528878732e-01
2.030029296875000000e-01 4.699643597942744222e-01
2.031250000000000000e-01 4.706348305677363064e-01
2.032470703125000000e-01 4.713050244788530851e-01
2.033691406250000000e-01 4.719749411333669653e-01
2.034912109375000000e-01 4.726445801371831901e-01
2.036132812500000000e-01 4.733139410963700389e-01
2.037353515625000000e-01 4.739830236171601596e-01
2.038574218750000000e-01 4.746518273059494586e-01
2.039794921875000000e-01 4.753203517692977109e-01
2.041015625000000000e-01 4.759885966139296154e-01
2.042236328125000000e-01 4.766565614467334622e-01
2.043457031250000000e-01 4.773242458747631867e-01
2.044677734375000000e-01 4.779916495052370928e-01
2.045898437500000000e-01 4.786587719455386303e-01
2.047119140625000000e-01 4.793256128032168939e-01
2.048339843750000000e-01 4.799921716859869569e-01
2.049560546875000000e-01 4.806584482017291493e-01
2.050781250000000000e-01 4.813244419584899458e-01
2.052001953125000000e-01 4.819901525644827989e-01
2.053222656250000000e-01 4.826555796280870836e-01
2.054443359375000000e-01 4.833207227578492082e-01
2.055664062500000000e-01 4.839855815624824475e-01
2.056884765625000000e-01 4.846501556508677755e-01
2.058105468750000000e-01 4.853144446320533656e-01
2.059326171875000000e-01 4.859784481152549795e-01
2.060546875000000000e-01 4.866421657098564668e-01
2.061767578125000000e-01 4.873055970254099867e-01
2.062988281250000000e-01 4.879687416716359527e-01
2.064208984375000000e-01 4.886315992584234214e-01
2.065429687500000000e-01 4.892941693958303140e-01
2.066650390625000000e-01 4.899564516940836945e-01
2.067871093750000000e-01 4.906184457635800467e-01
2.069091796875000000e-01 4.912801512148852745e-01
2.070312500000000000e-01 4.919415676587351460e-01
2.071533203125000000e-01 4.926026947060352934e-01
2.072753906250000000e-01 4.932635319678618235e-01
2.073974609375000000e-01 4.939240790554612626e-01
2.075195312500000000e-01 4.945843355802503893e-01
2.076416015625000000e-01 4.952443011538177342e-01
2.077636718750000000e-01 4.959039753879225243e-01
2.078857421875000000e-01 4.965633578944951276e-01
2.080078125000000000e-01 4.972224482856379968e-01
2.081298828125000000e-01 4.978812461736252248e-01
2.082519531250000000e-01 4.985397511709029894e-01
2.083740234375000000e-01 4.991979628900895527e-01
2.084960937500000000e-01 4.998558809439762607e-01
2.086181640625000000e-01 5.005135049455264884e-01
2.087402343750000000e-01 5.011708345078774718e-01
2.088623046875000000e-01 5.018278692443387534e-01
2.089843750000000000e-01 5.024846087683941809e-01
2.091064453125000000e-01 5.031410526937000194e-01
2.092285156250000000e-01 5.037972006340881714e-01
2.093505859375000000e-01 5.044530522035630682e-01
2.094726562500000000e-01 5.051086070163041120e-01
2.095947265625000000e-01 5.057638646866656762e-01
2.097167968750000000e-01 5.064188248291764394e-01
2.098388671875000000e-01 5.070734870585399401e-01
2.099609375000000000e-01 5.077278509896356873e-01
2.100830078125000000e-01 5.083819162375177170e-01
2.102050781250000000e-01 5.090356824174168127e-01
2.103271484375000000e-01 5.096891491447390621e-01
2.104492187500000000e-01 5.103423160350665233e-01
2.105712890625000000e-01 5.109951827041581129e-01
2.106933593750000000e-01 5.116477487679493841e-01
2.108154296875000000e-01 5.123000138425521932e-01
2.109375000000000000e-01 5.129519775442561436e-01
2.110595703125000000e-01 5.136036394895275858e-01
2.111816406250000000e-01 5.142549992950106175e-01
2.113037109375000000e-01 5.149060565775270826e-01
2.114257812500000000e-01 5.155568109540766830e-01
2.115478515625000000e-01 5.162072620418373115e-01
2.116699218750000000e-01 5.168574094581658285e-01
2.117919921875000000e-01 5.175072528205967304e-01
2.119140625000000000e-01 5.181567917468440365e-01
2.120361328125000000e-01 5.188060258548007342e-01
2.121582031250000000e-01 5.194549547625391117e-01
2.122802734375000000e-01 5.201035780883113135e-01
2.124023437500000000e-01 5.207518954505484521e-01
2.125244140625000000e-01 5.213999064678624951e-01
2.126464843750000000e-01 5.220476107590451553e-01
2.127685546875000000e-01 5.226950079430685570e-01
2.128906250000000000e-01 5.233420976390859014e-01
2.130126953125000000e-01 5.239888794664306904e-01
2.131347656250000000e-01 5.246353530446180580e-01
2.132568359375000000e-01 5.252815179933441048e-01
2.133789062500000000e-01 5.259273739324865637e-01
2.135009765625000000e-01 5.265729204821053555e-01
2.136230468750000000e-01 5.272181572624419221e-01
2.137451171875000000e-01 5.278630838939197822e-01
2.138671875000000000e-01 5.285076999971457523e-01
2.139892578125000000e-01 5.291520051929083923e-01
2.141113281250000000e-01 5.297959991021797821e-01
2.142333984375000000e-01 5.304396813461148552e-01
2.143554687500000000e-01 5.310830515460516210e-01
2.144775390625000000e-01 5.317261093235122749e-01
2.145996093750000000e-01 5.323688543002026430e-01
2.147216796875000000e-01 5.330112860980119605e-01
2.148437500000000000e-01 5.336534043390144255e-01
2.149658203125000000e-01 5.342952086454685334e-01
2.150878906250000000e-01 5.349366986398170765e-01
2.152099609375000000e-01 5.355778739446884762e-01
2.153320312500000000e-01 5.362187341828952292e-01
2.154541015625000000e-01 5.368592789774359053e-01
2.155761718750000000e-01 5.374995079514950369e-01
2.156982421875000000e-01 5.381394207284416753e-01
2.158203125000000000e-01 5.387790169318320554e-01
2.159423828125000000e-01 5.394182961854082636e-01
2.160644531250000000e-01 5.400572581130983485e-01
2.161865234375000000e-01 5.406959023390179864e-01
2.163085937500000000e-01 5.413342284874688159e-01
2.164306640625000000e-01 5.419722361829403257e-01
2.165527343750000000e-01 5.426099250501088544e-01
2.166748046875000000e-01 5.432472947138385910e-01
2.167968750000000000e-01 5.438843447991812408e-01
2.169189453125000000e-01 5.445210749313766918e-01
2.170410156250000000e-01 5.451574847358532372e-01
2.171630859375000000e-01 5.457935738382271307e-01
2.172851562500000000e-01 5.464293418643034750e-01
2.174072265625000000e-01 5.470647884400763328e-01
2.175292968750000000e-01 5.476999131917291708e-01
2.176513671875000000e-01 5.483347157456341936e-01
2.177734375000000000e-01 5.489691957283535650e-01
2.178955078125000000e-01 5.496033527666388530e-01
2.180175781250000000e-01 5.502371864874320284e-01
2.181396484375000000e-01 5.508706965178650217e-01
2.182617187500000000e-01 5.515038824852598331e-01
2.183837890625000000e-01 5.521367440171298657e-01
2.185058593750000000e-01 5.527692807411788145e-01
2.186279296875000000e-01 5.534014922853019991e-01
2.187500000000000000e-01 5.540333782775849203e-01
2.188720703125000000e-01 5.546649383463060357e-01
2.189941406250000000e-01 5.552961721199346501e-01
2.191162109375000000e-01 5.559270792271320261e-01
2.192382812500000000e-01 5.565576592967517167e-01
2.193603515625000000e-01 5.571879119578398987e-01
2.194824218750000000e-01 5.578178368396352615e-01
2.196044921875000000e-01 5.584474335715688964e-01
2.197265625000000000e-01 5.590767017832655172e-01
2.198486328125000000e-01 5.597056411045427948e-01
2.199707031250000000e-01 5.603342511654118008e-01
2.200927734375000000e-01 5.609625315960776737e-01
2.202148437500000000e-01 5.615904820269389530e-01
2.203369140625000000e-01 5.622181020885888003e-01
2.204589843750000000e-01 5.628453914118143331e-01
2.205810546875000000e-01 5.634723496275976240e-01
2.207031250000000000e-01 5.640989763671151458e-01
2.208251953125000000e-01 5.647252712617385484e-01
2.209472656250000000e-01 5.653512339430347700e-01
2.210693359375000000e-01 5.659768640427661479e-01
2.211914062500000000e-01 5.666021611928900859e-01
2.213134765625000000e-01 5.672271250255610520e-01
2.214355468750000000e-01 5.678517551731285806e-01
2.215576171875000000e-01 5.684760512681389377e-01
2.216796875000000000e-01 5.691000129433347876e-01
2.218017578125000000e-01 5.697236398316555261e-01
2.219238281250000000e-01 5.703469315662376138e-01
2.220458984375000000e-01 5.709698877804145756e-01
2.221679687500000000e-01 5.715925081077172232e-01
2.222900390625000000e-01 5.722147921818740990e-01
2.224121093750000000e-01 5.728367396368113651e-01
2.225341796875000000e-01 5.734583501066538025e-01
2.226562500000000000e-01 5.740796232257235898e-01
2.227783203125000000e-01 5.747005586285418577e-01
2.229003906250000000e-01 5.753211559498283556e-01
2.230224609375000000e-01 5.759414148245016740e-01
2.231445312500000000e-01 5.765613348876792443e-01
2.232666015625000000e-01 5.771809157746785601e-01
2.233886718750000000e-01 5.778001571210157339e-01
2.235107421875000000e-01 5.784190585624071623e-01
2.236328125000000000e-01 5.790376197347690823e-01
2.237548828125000000e-01 5.796558402742180149e-01
2.238769531250000000e-01 5.802737198170704325e-01
2.239990234375000000e-01 5.808912579998439796e-01
2.241210937500000000e-01 5.815084544592566962e-01
2.242431640625000000e-01 5.821253088322279057e-01
2.243652343750000000e-01 5.827418207558782148e-01
2.244873046875000000e-01 5.833579898675292918e-01
2.246093750000000000e-01 5.839738158047048655e-01
2.247314453125000000e-01 5.845892982051303921e-01
2.248535156250000000e-01 5.852044367067333885e-01
2.249755859375000000e-01 5.858192309476437654e-01
2.250976562500000000e-01 5.864336805661936047e-01
2.252197265625000000e-01 5.870477852009186037e-01
2.253417968750000000e-01 5.876615444905566310e-01
2.254638671875000000e-01 5.882749580740485040e-01
2.255859375000000000e-01 5.888880255905392103e-01
2.257080078125000000e-01 5.895007466793767970e-01
2.258300781250000000e-01 5.901131209801131483e-01
2.259521484375000000e-01 5.907251481325047626e-01
2.260742187500000000e-01 5.913368277765109760e-01
2.261962890625000000e-01 5.919481595522970707e-01
2.263183593750000000e-01 5.925591431002321663e-01
2.264404296875000000e-01 5.931697780608902182e-01
2.265625000000000000e-01 5.937800640750505732e-01
2.266845703125000000e-01 5.943900007836977473e-01
2.268066406250000000e-01 5.949995878280214257e-01
2.269287109375000000e-01 5.956088248494175730e-01
2.270507812500000000e-01 5.962177114894874341e-01
2.271728515625000000e-01 5.968262473900388665e-01
2.272949218750000000e-01 5.974344321930860069e-01
2.274169921875000000e-01 5.980422655408491606e-01
2.275390625000000000e-01 5.986497470757556894e-01
2.276611328125000000e-01 5.992568764404397896e-01
2.277832031250000000e-01 5.998636532777431585e-01
2.279052734375000000e-01 6.004700772307144385e-01
2.280273437500000000e-01 6.010761479426098841e-01
2.281494140625000000e-01 6.016818650568940274e-01
2.282714843750000000e-01 6.022872282172390124e-01
2.283935546875000000e-01 6.028922370675250386e-01
2.285156250000000000e-01 6.034968912518413608e-01
2.286376953125000000e-01 6.041011904144851785e-01
2.287597656250000000e-01 6.047051341999631902e-01
2.288818359375000000e-01 6.053087222529905942e-01
2.290039062500000000e-01 6.059119542184920881e-01
2.291259765625000000e-01 6.065148297416018686e-01
2.292480468750000000e-01 6.071173484676639642e-01
2.293701171875000000e-01 6.077195100422315699e-01
2.294921875000000000e-01 6.083213141110693778e-01
2.296142578125000000e-01 6.089227603201510242e-01
2.297363281250000000e-01 6.095238483156613096e-01
2.298583984375000000e-01 6.101245777439959772e-01
2.299804687500000000e-01 6.107249482517606021e-01
2.301025390625000000e-01 6.113249594857732561e-01
2.302246093750000000e-01 6.119246110930628424e-01
2.303466796875000000e-01 6.125239027208695397e-01
2.304687500000000000e-01 6.131228340166454682e-01
2.305908203125000000e-01 6.137214046280551338e-01
2.307128906250000000e-01 6.143196142029745399e-01
2.308349609375000000e-01 6.149174623894927416e-01
2.309570312500000000e-01 6.155149488359105137e-01
2.310791015625000000e-01 6.161120731907424597e-01
2.312011718750000000e-01 6.167088351027154580e-01
2.313232421875000000e-01 6.173052342207698828e-01
2.314453125000000000e-01 6.179012701940597152e-01
2.315673828125000000e-01 6.184969426719518770e-01
2.316894531250000000e-01 6.190922513040280073e-01
2.318115234375000000e-01 6.196871957400834630e-01
2.319335937500000000e-01 6.202817756301273189e-01
2.320556640625000000e-01 6.208759906243838111e-01
2.321777343750000000e-01 6.214698403732915599e-01
2.322998046875000000e-01 6.220633245275042356e-01
2.324218750000000000e-01 6.226564427378898925e-01
2.325439453125000000e-01 6.232491946555328566e-01
2.326660156250000000e-01 6.238415799317322818e-01
2.327880859375000000e-01 6.244335982180031497e-01
2.329101562500000000e-01 6.250252491660763798e-01
2.330322265625000000e-01 6.256165324278989415e-01
2.331542968750000000e-01 6.262074476556340752e-01
2.332763671875000000e-01 6.267979945016616261e-01
2.333984375000000000e-01 6.273881726185782659e-01
2.335205078125000000e-01 6.279779816591971597e-01
2.336425781250000000e-01 6.285674212765488544e-01
2.337646484375000000e-01 6.291564911238813895e-01
2.338867187500000000e-01 6.297451908546599642e-01
2.340087890625000000e-01 6.303335201225678253e-01
2.341308593750000000e-01 6.309214785815058235e-01
2.342529296875000000e-01 6.315090658855936345e-01
2.343750000000000000e-01 6.320962816891684266e-01
2.344970703125000000e-01 6.326831256467861930e-01
2.346191406250000000e-01 6.332695974132219741e-01
2.347412109375000000e-01 6.338556966434694129e-01
2.348632812500000000e-01 6.344414229927411997e-01
2.349853515625000000e-01 6.350267761164700708e-01
2.351074218750000000e-01 6.356117556703076987e-01
2.352294921875000000e-01 6.361963613101255799e-01
2.353515625000000000e-01 6.367805926920154791e-01
2.354736328125000000e-01 6.373644494722887632e-01
2.355957031250000000e-01 6.379479313074778446e-01
2.357177734375000000e-01 6.385310378543355148e-01
2.358398437500000000e-01 6.391137687698346115e-01
2.359619140625000000e-01 6.396961237111702392e-01
2.360839843750000000e-01 6.402781023357575485e-01
2.362060546875000000e-01 6.408597043012338457e-01
2.363281250000000000e-01 6.414409292654572603e-01
2.364501953125000000e-01 6.420217768865085217e-01
2.365722656250000000e-01 6.426022468226898487e-01
2.366943359375000000e-01 6.431823387325255048e-01
2.368164062500000000e-01 6.437620522747624641e-01
2.369384765625000000e-01 6.443413871083703004e-01
2.370605468750000000e-01 6.449203428925414094e-01
2.371826171875000000e-01 6.454989192866905645e-01
2.373046875000000000e-01 6.460771159504564709e-01
2.374267578125000000e-01 6.466549325437007667e-01
2.375488281250000000e-01 6.472323687265091330e-01
2.376708984375000000e-01 6.478094241591905167e-01
2.377929687500000000e-01 6.483860985022780188e-01
2.379150390625000000e-01 6.489623914165290053e-01
2.380371093750000000e-01 6.495383025629254403e-01
2.381591796875000000e-01 6.501138316026733310e-01
2.382812500000000000e-01 6.506889781972040598e-01
2.384033203125000000e-01 6.512637420081733852e-01
2.385253906250000000e-01 6.518381226974628850e-01
2.386474609375000000e-01 6.524121199271789573e-01
2.387695312500000000e-01 6.529857333596539304e-01
2.388916015625000000e-01 6.535589626574458411e-01
2.390136718750000000e-01 6.541318074833386564e-01
2.391357421875000000e-01 6.547042675003422740e-01
2.392578125000000000e-01 6.552763423716935209e-01
2.393798828125000000e-01 6.558480317608553767e-01
2.395019531250000000e-01 6.564193353315177504e-01
2.396240234375000000e-01 6.569902527475973697e-01
2.397460937500000000e-01 6.575607836732382250e-01
2.398681640625000000e-01 6.581309277728115692e-01
2.399902343750000000e-01 6.587006847109168062e-01
2.401123046875000000e-01 6.592700541523801583e-01
2.402343750000000000e-01 6.598390357622564428e-01
2.403564453125000000e-01 6.604076292058281838e-01
2.404785156250000000e-01 6.609758341486068334e-01
2.406005859375000000e-01 6.615436502563319943e-01
2.407226562500000000e-01 6.621110771949718643e-01
2.408447265625000000e-01 6.626781146307240133e-01
2.409667968750000000e-01 6.632447622300149392e-01
2.410888671875000000e-01 6.638110196595001788e-01
2.412109375000000000e-01 6.643768865860654182e-01
2.413330078125000000e-01 6.649423626768254936e-01
2.414550781250000000e-01 6.655074475991253902e-01
2.415771484375000000e-01 6.660721410205405757e-01
2.416992187500000000e-01 6.666364426088758899e-01
2.418212890625000000e-01 6.672003520321676540e-01
2.419433593750000000e-01 6.677638689586823384e-01
2.420654296875000000e-01 6.683269930569174511e-01
2.421875000000000000e-01 6.688897239956015373e-01
2.423095703125000000e-01 6.694520614436947348e-01
2.424316406250000000e-01 6.700140050703882189e-01
2.425537109375000000e-01 6.705755545451049793e-01
2.426757812500000000e-01 6.711367095375000424e-01
2.427978515625000000e-01 6.716974697174601383e-01
2.429199218750000000e-01 6.722578347551052547e-01
2.430419921875000000e-01 6.728178043207861947e-01
2.431640625000000000e-01 6.733773780850875745e-01
2.432861328125000000e-01 6.739365557188266020e-01
2.434082031250000000e-01 6.744953368930535209e-01
2.435302734375000000e-01 6.750537212790519437e-01
2.436523437500000000e-01 6.756117085483381857e-01
2.437744140625000000e-01 6.761692983726632633e-01
2.438964843750000000e-01 6.767264904240111179e-01
2.440185546875000000e-01 6.772832843746000586e-01
2.441406250000000000e-01 6.778396798968829851e-01
2.442626953125000000e-01 6.783956766635460545e-01
2.443847656250000000e-01 6.789512743475112355e-01
2.445068359375000000e-01 6.795064726219344209e-01
2.446289062500000000e-01 6.800612711602066485e-01
2.447509765625000000e-01 6.806156696359547675e-01
2.448730468750000000e-01 6.811696677230401065e-01
2.449951171875000000e-01 6.817232650955596940e-01
2.451171875000000000e-01 6.822764614278468143e-01
2.452392578125000000e-01 6.828292563944701188e-01
2.453613281250000000e-01 6.833816496702344034e-01
2.454833984375000000e-01 6.839336409301814967e-01
2.456054687500000000e-01 6.844852298495883725e-01
2.457275390625000000e-01 6.850364161039701472e-01
2.458496093750000000e-01 6.855871993690778599e-01
2.459716796875000000e-01 6.861375793208999152e-01
2.460937500000000000e-01 6.866875556356619725e-01
2.462158203125000000e-01 6.872371279898273899e-01
2.463378906250000000e-01 6.877862960600963360e-01
2.464599609375000000e-01 6.883350595234081215e-01
2.465820312500000000e-01 6.888834180569386456e-01
2.467041015625000000e-01 6.894313713381031716e-01
2.468261718750000000e-01 6.899789190445547726e-01
2.469482421875000000e-01 6.905260608541851086e-01
2.470703125000000000e-01 6.910727964451249816e-01
2.471923828125000000e-01 6.916191254957437806e-01
2.473144531250000000e-01 6.921650476846501476e-01
2.474365234375000000e-01 6.927105626906924218e-01
2.475585937500000000e-01 6.932556701929576404e-01
2.476806640625000000e-01 6.938003698707735367e-01
2.478027343750000000e-01 6.943446614037074305e-01
2.479248046875000000e-01 6.948885444715662274e-01
2.480468750000000000e-01 6.954320187543977516e-01
2.481689453125000000e-01 6.959750839324899685e-01
2.482910156250000000e-01 6.965177396863719839e-01
2.484130859375000000e-01 6.970599856968129338e-01
2.485351562500000000e-01 6.976018216448237608e-01
2.486572265625000000e-01 6.981432472116559929e-01
2.487792968750000000e-01 6.986842620788034086e-01
2.489013671875000000e-01 6.992248659280005940e-01
2.490234375000000000e-01 6.997650584412242747e-01
2.491455078125000000e-01 7.003048393006929828e-01
2.492675781250000000e-01 7.008442081888679454e-01
2.493896484375000000e-01 7.013831647884519738e-01
2.495117187500000000e-01 7.019217087823907963e-01
2.496337890625000000e-01 7.024598398538730581e-01
2.497558593750000000e-01 7.029975576863298770e-01
2.498779296875000000e-01 7.035348619634360645e-01
2.500000000000000000e-01 7.040717523691089053e-01
2.501220703125000000e-01 7.046082285875100437e-01
2.502441406250000000e-01 7.051442903030440412e-01
2.503662109375000000e-01 7.056799372003599302e-01
2.504882812500000000e-01 7.062151689643498820e-01
2.506103515625000000e-01 7.067499852801513160e-01
2.507324218750000000e-01 7.072843858331454570e-01
2.508544921875000000e-01 7.078183703089582224e-01
2.509765625000000000e-01 7.083519383934602232e-01
2.510986328125000000e-01 7.088850897727670963e-01
2.512207031250000000e-01 7.094178241332397272e-01
2.513427734375000000e-01 7.099501411614842494e-01
2.514648437500000000e-01 7.104820405443520448e-01
2.515869140625000000e-01 7.110135219689406316e-01
2.517089843750000000e-01 7.115445851225931095e-01
2.518310546875000000e-01 7.120752296928987146e-01
2.519531250000000000e-01 7.126054553676929304e-01
2.520751953125000000e-01 7.131352618350575989e-01
2.521972656250000000e-01 7.136646487833213648e-01
2.523193359375000000e-01 7.141936159010593421e-01
2.524414062500000000e-01 7.147221628770938917e-01
2.525634765625000000e-01 7.152502894004943990e-01
2.526855468750000000e-01 7.157779951605777180e-01
2.528076171875000000e-01 7.163052798469080606e-01
2.529296875000000000e-01 7.168321431492974405e-01
2.530517578125000000e-01 7.173585847578058949e-01
2.531738281250000000e-01 7.178846043627411522e-01
2.532958984375000000e-01 7.184102016546596303e-01
2.534179687500000000e-01 7.189353763243658824e-01
2.535400390625000000e-01 7.194601280629131512e-01
2.536621093750000000e-01 7.199844565616035919e-01
2.537841796875000000e-01 7.205083615119882712e-01
2.539062500000000000e-01 7.210318426058673902e-01
2.540283203125000000e-01 7.215548995352905060e-01
2.541503906250000000e-01 7.220775319925566427e-01
2.542724609375000000e-01 7.225997396702146247e-01
2.543945312500000000e-01 7.231215222610630766e-01
2.545166015625000000e-01 7.236428794581508672e-01
2.546386718750000000e-01 7.241638109547769986e-01
2.547607421875000000e-01 7.246843164444907170e-01
2.548828125000000000e-01 7.252043956210921793e-01
2.550048828125000000e-01 7.257240481786322306e-01
2.551269531250000000e-01 7.262432738114126263e-01
2.552490234375000000e-01 7.267620722139861433e-01
2.553710937500000000e-01 7.272804430811572463e-01
2.554931640625000000e-01 7.277983861079816430e-01
2.556152343750000000e-01 7.283159009897668401e-01
2.557373046875000000e-01 7.288329874220721427e-01
2.558593750000000000e-01 7.293496451007089876e-01
2.559814453125000000e-01 7.298658737217407211e-01
2.561035156250000000e-01 7.303816729814838205e-01
2.562255859375000000e-01 7.308970425765064505e-01
2.563476562500000000e-01 7.314119822036299068e-01
2.564697265625000000e-01 7.319264915599288379e-01
2.565917968750000000e-01 7.324405703427305792e-01
2.567138671875000000e-01 7.329542182496153746e-01
2.568359375000000000e-01 7.334674349784179315e-01
2.569580078125000000e-01 7.339802202272257547e-01
2.570800781250000000e-01 7.344925736943805905e-01
2.572021484375000000e-01 7.350044950784784259e-01
2.573242187500000000e-01 7.355159840783683789e-01
2.574462890625000000e-01 7.360270403931551408e-01
2.575683593750000000e-01 7.365376637221975331e-01
2.576904296875000000e-01 7.370478537651087292e-01
2.578125000000000000e-01 7.375576102217571428e-01
2.579345703125000000e-01 7.380669327922663170e-01
2.580566406250000000e-01 7.385758211770148129e-01
2.581787109375000000e-01 7.390842750766366542e-01
2.583007812500000000e-01 7.395922941920215488e-01
2.584228515625000000e-01 7.400998782243148888e-01
2.585449218750000000e-01 7.406070268749183061e-01
2.586669921875000000e-01 7.411137398454890057e-01
2.587890625000000000e-01 7.416200168379409874e-01
2.589111328125000000e-01 7.421258575544444902e-01
2.590332031250000000e-01 7.426312616974264369e-01
2.591552734375000000e-01 7.431362289695706558e-01
2.592773437500000000e-01 7.436407590738176587e-01
2.593994140625000000e-01 7.441448517133657514e-01
2.595214843750000000e-01 7.446485065916700341e-01
2.596435546875000000e-01 7.451517234124432898e-01
2.597656250000000000e-01 7.456545018796560953e-01
2.598876953125000000e-01 7.461568416975368212e-01
2.600097656250000000e-01 7.466587425705719649e-01
2.601318359375000000e-01 7.471602042035061508e-01
2.602539062500000000e-01 7.476612263013421300e-01
2.603759765625000000e-01 7.481618085693418907e-01
2.604980468750000000e-01 7.486619507130256590e-01
2.606201171875000000e-01 7.491616524381725650e-01
2.607421875000000000e-01 7.496609134508211980e-01
2.608642578125000000e-01 7.501597334572690512e-01
2.609863281250000000e-01 7.506581121640729659e-01
2.611083984375000000e-01 7.511560492780501308e-01
2.612304687500000000e-01 7.516535445062761944e-01
2.613525390625000000e-01 7.521505975560881518e-01
2.614746093750000000e-01 7.526472081350823462e-01
2.615966796875000000e-01 7.531433759511154680e-01
2.617187500000000000e-01 7.536391007123046659e-01
2.618408203125000000e-01 7.541343821270283243e-01
2.619628906250000000e-01 7.546292199039246196e-01
2.620849609375000000e-01 7.551236137518937408e-01
2.622070312500000000e-01 7.556175633800958913e-01
2.623291015625000000e-01 7.561110684979536201e-01
2.624511718750000000e-01 7.566041288151506006e-01
2.625732421875000000e-01 7.570967440416320748e-01
2.626953125000000000e-01 7.575889138876052975e-01
2.628173828125000000e-01 7.580806380635392028e-01
2.629394531250000000e-01 7.585719162801651816e-01
2.630615234375000000e-01 7.590627482484771926e-01
2.631835937500000000e-01 7.595531336797309852e-01
2.633056640625000000e-01 7.600430722854458754e-01
2.634277343750000000e-01 7.605325637774034142e-01
2.635498046875000000e-01 7.610216078676483864e-01
2.636718750000000000e-01 7.615102042684886996e-01
2.637939453125000000e-01 7.619983526924957173e-01
2.639160156250000000e-01 7.624860528525043701e-01
2.640380859375000000e-01 7.629733044616131554e-01
2.641601562500000000e-01 7.634601072331844707e-01
2.642822265625000000e-01 7.639464608808448354e-01
2.644042968750000000e-01 7.644323651184848911e-01
2.645263671875000000e-01 7.649178196602597346e-01
2.646484375000000000e-01 7.654028242205889176e-01
2.647705078125000000e-01 7.658873785141567803e-01
2.648925781250000000e-01 7.663714822559124507e-01
2.650146484375000000e-01 7.668551351610705114e-01
2.651367187500000000e-01 7.673383369451098890e-01
2.652587890625000000e-01 7.678210873237756307e-01
2.653808593750000000e-01 7.683033860130783488e-01
2.655029296875000000e-01 7.687852327292939991e-01
2.656250000000000000e-01 7.692666271889645468e-01
2.657470703125000000e-01 7.697475691088979666e-01
2.658691406250000000e-01 7.702280582061686864e-01
2.659912109375000000e-01 7.707080941981172550e-01
2.661132812500000000e-01 7.711876768023506745e-01
2.662353515625000000e-01 7.716668057367430666e-01
2.663574218750000000e-01 7.721454807194354508e-01
2.664794921875000000e-01 7.726237014688353000e-01
2.666015625000000000e-01 7.731014677036177618e-01
2.667236328125000000e-01 7.735787791427253257e-01
2.668457031250000000e-01 7.740556355053678228e-01
2.669677734375000000e-01 7.745320365110233141e-01
2.670898437500000000e-01 7.750079818794368691e-01
2.672119140625000000e-01 7.754834713306224536e-01
2.673339843750000000e-01 7.759585045848615970e-01
2.674560546875000000e-01 7.764330813627048355e-01
2.675781250000000000e-01 7.769072013849704916e-01
2.677001953125000000e-01 7.773808643727464496e-01
2.678222656250000000e-01 7.778540700473884906e-01
2.679443359375000000e-01 7.783268181305220690e-01
2.680664062500000000e-01 7.787991083440415352e-01
2.681884765625000000e-01 7.792709404101110238e-01
2.683105468750000000e-01 7.797423140511641204e-01
2.684326171875000000e-01 7.802132289899030848e-01
2.685546875000000000e-01 7.806836849493011821e-01
2.686767578125000000e-01 7.811536816526012394e-01
2.687988281250000000e-01 7.816232188233166456e-01
2.689208984375000000e-01 7.820922961852303512e-01
2.690429687500000000e-01 7.825609134623963126e-01
2.691650390625000000e-01 7.830290703791391582e-01
2.692871093750000000e-01 7.834967666600541891e-01
2.694091796875000000e-01 7.839640020300078227e-01
2.695312500000000000e-01 7.844307762141373708e-01
2.696533203125000000e-01 7.848970889378518168e-01
2.697753906250000000e-01 7.853629399268311495e-01
2.698974609375000000e-01 7.858283289070274735e-01
2.700195312500000000e-01 7.862932556046642318e-01
2.701416015625000000e-01 7.867577197462370941e-01
2.702636718750000000e-01 7.872217210585139568e-01
2.703857421875000000e-01 7.876852592685344989e-01
2.705078125000000000e-01 7.881483341036112922e-01
2.706298828125000000e-01 7.886109452913294682e-01
2.707519531250000000e-01 7.890730925595466072e-01
2.708740234375000000e-01 7.895347756363932934e-01
2.709960937500000000e-01 7.899959942502734478e-01
2.711181640625000000e-01 7.904567481298638842e-01
2.712402343750000000e-01 7.909170370041153086e-01
2.713623046875000000e-01 7.913768606022512087e-01
2.714843750000000000e-01 7.918362186537695191e-01
2.716064453125000000e-01 7.922951108884415117e-01
2.717285156250000000e-01 7.927535370363129053e-01
2.718505859375000000e-01 7.932114968277033107e-01
2.719726562500000000e-01 7.936689899932066750e-01
2.720947265625000000e-01 7.941260162636917252e-01
2.722167968750000000e-01 7.945825753703017469e-01
2.723388671875000000e-01 7.950386670444544723e-01
2.724609375000000000e-01 7.954942910178430804e-01
2.725830078125000000e-01 7.959494470224357521e-01
2.727050781250000000e-01 7.964041347904760038e-01
2.728271484375000000e-01 7.968583540544826871e-01
2.729492187500000000e-01 7.973121045472502111e-01
2.730712890625000000e-01 7.977653860018488752e-01
2.731933593750000000e-01 7.982181981516249802e-01
2.733154296875000000e-01 7.986705407302008286e-01
2.734375000000000000e-01 7.991224134714747240e-01
2.735595703125000000e-01 7.995738161096219709e-01
2.736816406250000000e-01 8.000247483790936531e-01
2.738037109375000000e-01 8.004752100146179661e-01
2.739257812500000000e-01 8.009252007511999949e-01
2.740478515625000000e-01 8.013747203241219363e-01
2.741699218750000000e-01 8.018237684689428768e-01
2.742919921875000000e-01 8.022723449214994584e-01
2.744140625000000000e-01 8.027204494179054350e-01
2.745361328125000000e-01 8.031680816945525603e-01
2.746582031250000000e-01 8.036152414881105877e-01
2.747802734375000000e-01 8.040619285355268264e-01
2.749023437500000000e-01 8.045081425740264747e-01
2.750244140625000000e-01 8.049538833411137295e-01
2.751464843750000000e-01 8.053991505745705659e-01
2.752685546875000000e-01 8.058439440124576247e-01
2.753906250000000000e-01 8.062882633931147680e-01
2.755126953125000000e-01 8.067321084551599686e-01
2.756347656250000000e-01 8.071754789374907535e-01
2.757568359375000000e-01 8.076183745792837598e-01
2.758789062500000000e-01 8.080607951199947347e-01
2.760009765625000000e-01 8.085027402993594237e-01
2.761230468750000000e-01 8.089442098573924600e-01
2.762451171875000000e-01 8.093852035343886975e-01
2.763671875000000000e-01 8.098257210709232101e-01
2.764892578125000000e-01 8.102657622078508481e-01
2.766113281250000000e-01 8.107053266863063490e-01
2.767333984375000000e-01 8.111444142477057806e-01
2.768554687500000000e-01 8.115830246337447651e-01
2.769775390625000000e-01 8.120211575864004772e-01
2.770996093750000000e-01 8.124588128479303117e-01
2.772216796875000000e-01 8.128959901608732164e-01
2.773437500000000000e-01 8.133326892680485809e-01
2.774658203125000000e-01 8.137689099125584580e-01
2.775878906250000000e-01 8.142046518377845654e-01
2.777099609375000000e-01 8.146399147873917279e-01
2.778320312500000000e-01 8.150746985053256566e-01
2.779541015625000000e-01 8.155090027358145033e-01
2.780761718750000000e-01 8.159428272233680834e-01
2.781982421875000000e-01 8.163761717127786532e-01
2.783203125000000000e-01 8.168090359491209096e-01
2.784423828125000000e-01 8.172414196777519901e-01
2.785644531250000000e-01 8.176733226443115843e-01
2.786865234375000000e-01 8.181047445947224883e-01
2.788085937500000000e-01 8.185356852751899392e-01
2.789306640625000000e-01 8.189661444322029471e-01
2.790527343750000000e-01 8.193961218125336288e-01
2.791748046875000000e-01 8.198256171632367639e-01
2.792968750000000000e-01 8.202546302316519045e-01
2.794189453125000000e-01 8.206831607654013760e-01
2.795410156250000000e-01 8.211112085123919435e-01
2.796630859375000000e-01 8.215387732208139226e-01
2.797851562500000000e-01 8.219658546391420684e-01
2.799072265625000000e-01 8.223924525161353527e-01
2.800292968750000000e-01 8.228185666008375199e-01
2.801513671875000000e-01 8.232441966425763091e-01
2.802734375000000000e-01 8.236693423909644540e-01
2.803955078125000000e-01 8.240940035959001264e-01
2.805175781250000000e-01 8.245181800075656042e-01
2.806396484375000000e-01 8.249418713764292699e-01
2.807617187500000000e-01 8.253650774532438339e-01
2.808837890625000000e-01 8.257877979890485554e-01
2.810058593750000000e-01 8.262100327351675766e-01
2.811279296875000000e-01 8.266317814432113664e-01
2.812500000000000000e-01 8.270530438650756100e-01
2.813720703125000000e-01 8.274738197529429851e-01
2.814941406250000000e-01 8.278941088592814967e-01
2.816162109375000000e-01 8.283139109368460318e-01
2.817382812500000000e-01 8.287332257386775813e-01
2.818603515625000000e-01 8.291520530181044624e-01
2.819824218750000000e-01 8.295703925287412073e-01
2.821044921875000000e-01 8.299882440244894521e-01
2.822265625000000000e-01 8.304056072595378257e-01
2.823486328125000000e-01 8.308224819883623935e-01
2.824707031250000000e-01 8.312388679657265467e-01
2.825927734375000000e-01 8.316547649466810022e-01
2.827148437500000000e-01 8.320701726865643577e-01
2.828369140625000000e-01 8.324850909410029809e-01
2.829589843750000000e-01 8.328995194659111201e-01
2.830810546875000000e-01 8.333134580174911266e-01
2.832031250000000000e-01 8.337269063522336765e-01
2.833251953125000000e-01 8.341398642269176600e-01
2.834472656250000000e-01 8.345523313986107361e-01
2.835693359375000000e-01 8.349643076246691109e-01
2.836914062500000000e-01 8.353757926627374264e-01
2.838134765625000000e-01 8.357867862707500928e-01
2.839355468750000000e-01 8.361972882069300672e-01
2.840576171875000000e-01 8.366072982297894089e-01
2.841796875000000000e-01 8.370168160981298344e-01
2.843017578125000000e-01 8.374258415710427172e-01
2.844238281250000000e-01 8.378343744079087552e-01
2.845458984375000000e-01 8.382424143683988582e-01
2.846679687500000000e-01 8.386499612124731495e-01
2.847900390625000000e-01 8.390570147003826307e-01
2.849121093750000000e-01 8.394635745926682935e-01
2.850341796875000000e-01 8.398696406501613421e-01
2.851562500000000000e-01 8.402752126339835259e-01
2.852783203125000000e-01 8.406802903055474729e-01
2.854003906250000000e-01 8.410848734265561344e-01
2.855224609375000000e-01 8.414889617590040061e-01
2.856445312500000000e-01 8.418925550651759071e-01
2.857666015625000000e-01 8.422956531076487563e-01
2.858886718750000000e-01 8.426982556492901288e-01
2.860107421875000000e-01 8.431003624532592555e-01
2.861328125000000000e-01 8.435019732830071337e-01
2.862548828125000000e-01 8.439030879022766385e-01
2.863769531250000000e-01 8.443037060751021894e-01
2.864990234375000000e-01 8.447038275658105277e-01
2.866210937500000000e-01 8.451034521390201615e-01
2.867431640625000000e-01 8.455025795596426974e-01
2.868652343750000000e-01 8.459012095928816199e-01
2.869873046875000000e-01 8.462993420042329573e-01
2.871093750000000000e-01 8.466969765594860586e-01
2.872314453125000000e-01 8.470941130247222617e-01
2.873535156250000000e-01 8.474907511663167803e-01
2.874755859375000000e-01 8.478868907509375941e-01
2.875976562500000000e-01 8.482825315455457815e-01
2.877197265625000000e-01 8.486776733173962972e-01
2.878417968750000000e-01 8.490723158340374166e-01
2.879638671875000000e-01 8.494664588633107360e-01
2.880859375000000000e-01 8.498601021733523941e-01
2.882080078125000000e-01 8.502532455325921834e-01
2.883300781250000000e-01 8.506458887097537724e-01
2.884521484375000000e-01 8.510380314738557050e-01
2.885742187500000000e-01 8.514296735942099570e-01
2.886962890625000000e-01 8.518208148404238234e-01
2.888183593750000000e-01 8.522114549823993634e-01
2.889404296875000000e-01 8.526015937903324016e-01
2.890625000000000000e-01 8.529912310347146365e-01
2.891845703125000000e-01 8.533803664863326421e-01
2.893066406250000000e-01 8.537689999162677568e-01
2.894287109375000000e-01 8.541571310958973040e-01
2.895507812500000000e-01 8.545447597968932607e-01
2.896728515625000000e-01 8.549318857912239222e-01
2.897949218750000000e-01 8.553185088511532363e-01
2.899169921875000000e-01 8.557046287492403591e-01
2.900390625000000000e-01 8.560902452583412092e-01
2.901611328125000000e-01 8.564753581516075798e-01
2.902832031250000000e-01 8.568599672024872493e-01
2.904052734375000000e-01 8.572440721847247591e-01
2.905273437500000000e-01 8.576276728723608578e-01
2.906494140625000000e-01 8.580107690397333897e-01
2.907714843750000000e-01 8.583933604614767399e-01
2.908935546875000000e-01 8.587754469125220558e-01
2.910156250000000000e-01 8.591570281680980248e-01
2.911376953125000000e-01 8.595381040037297637e-01
2.912597656250000000e-01 8.599186741952405955e-01
2.913818359375000000e-01 8.602987385187507163e-01
2.915039062500000000e-01 8.606782967506779736e-01
2.916259765625000000e-01 8.610573486677381982e-01
2.917480468750000000e-01 8.614358940469448722e-01
2.918701171875000000e-01 8.618139326656095722e-01
2.919921875000000000e-01 8.621914643013416368e-01
2.921142578125000000e-01 8.625684887320493877e-01
2.922363281250000000e-01 8.629450057359384640e-01
2.923583984375000000e-01 8.633210150915144876e-01
2.924804687500000000e-01 8.636965165775798425e-01
2.926025390625000000e-01 8.640715099732372284e-01
2.927246093750000000e-01 8.644459950578875507e-01
2.928466796875000000e-01 8.648199716112312530e-01
2.929687500000000000e-01 8.651934394132668737e-01
2.930908203125000000e-01 8.655663982442936000e-01
2.932128906250000000e-01 8.659388478849090465e-01
2.933349609375000000e-01 8.663107881160106993e-01
2.934570312500000000e-01 8.666822187187955828e-01
2.935791015625000000e-01 8.670531394747609255e-01
2.937011718750000000e-01 8.674235501657033831e-01
2.938232421875000000e-01 8.677934505737199267e-01
2.939453125000000000e-01 8.681628404812078426e-01
2.940673828125000000e-01 8.685317196708642884e-01
2.941894531250000000e-01 8.689000879256871812e-01
2.943115234375000000e-01 8.692679450289754195e-01
2.944335937500000000e-01 8.696352907643274399e-01
2.945556640625000000e-01 8.700021249156437708e-01
2.946777343750000000e-01 8.703684472671250338e-01
2.947998046875000000e-01 8.707342576032734982e-01
2.949218750000000000e-01 8.710995557088918595e-01
2.950439453125000000e-01 8.714643413690853491e-01
2.951660156250000000e-01 8.718286143692595136e-01
2.952880859375000000e-01 8.721923744951218804e-01
2.954101562500000000e-01 8.725556215326819576e-01
2.955322265625000000e-01 8.729183552682509006e-01
2.956542968750000000e-01 8.732805754884416238e-01
2.957763671875000000e-01 8.736422819801692441e-01
2.958984375000000000e-01 8.740034745306514141e-01
2.960205078125000000e-01 8.743641529274075452e-01
2.961425781250000000e-01 8.747243169582601396e-01
2.962646484375000000e-01 8.750839664113340133e-01
2.963867187500000000e-01 8.754431010750560738e-01
2.965087890625000000e-01 8.758017207381574298e-01
2.966308593750000000e-01 8.761598251896707268e-01
2.967529296875000000e-01 8.765174142189330331e-01
2.968750000000000000e-01 8.768744876155831758e-01
2.969970703125000000e-01 8.772310451695646272e-01
2.971191406250000000e-01 8.775870866711235063e-01
2.972412109375000000e-01 8.779426119108100224e-01
2.973632812500000000e-01 8.782976206794772533e-01
2.974853515625000000e-01 8.786521127682833665e-01
2.976074218750000000e-01 8.790060879686896200e-01
2.977294921875000000e-01 8.793595460724610291e-01
2.978515625000000000e-01 8.797124868716680313e-01
2.979736328125000000e-01 8.800649101586841550e-01
2.980957031250000000e-01 8.804168157261880179e-01
2.982177734375000000e-01 8.807682033671627719e-01
2.983398437500000000e-01 8.811190728748956591e-01
2.984619140625000000e-01 8.814694240429796768e-01
2.985839843750000000e-01 8.818192566653122455e-01
2.987060546875000000e-01 8.821685705360955421e-01
2.988281250000000000e-01 8.825173654498373876e-01
2.989501953125000000e-01 8.828656412013508037e-01
2.990722656250000000e-01 8.832133975857540120e-01
2.991943359375000000e-01 8.835606343984708788e-01
2.993164062500000000e-01 8.839073514352309147e-01
2.994384765625000000e-01 8.842535484920694966e-01
2.995605468750000000e-01 8.845992253653280901e-01
2.996826171875000000e-01 8.849443818516531390e-01
2.998046875000000000e-01 8.852890177479986189e-01
2.999267578125000000e-01 8.856331328516239276e-01
3.000488281250000000e-01 8.859767269600951067e-01
3.001708984375000000e-01 8.863197998712845083e-01
3.002929687500000000e-01 8.866623513833711279e-01
3.004150390625000000e-01 8.870043812948407158e-01
3.005371093750000000e-01 8.873458894044858880e-01
3.006591796875000000e-01 8.876868755114064591e-01
3.007812500000000000e-01 8.880273394150088873e-01
3.009033203125000000e-01 8.883672809150071625e-01
3.010253906250000000e-01 8.887066998114221406e-01
3.011474609375000000e-01 8.890455959045827639e-01
3.012695312500000000e-01 8.893839689951250627e-01
3.013916015625000000e-01 8.897218188839929320e-01
3.015136718750000000e-01 8.900591453724380209e-01
3.016357421875000000e-01 8.903959482620193988e-01
3.017578125000000000e-01 8.907322273546053326e-01
3.018798828125000000e-01 8.910679824523710657e-01
3.020019531250000000e-01 8.914032133578004835e-01
3.021240234375000000e-01 8.917379198736861134e-01
3.022460937500000000e-01 8.920721018031283478e-01
3.023681640625000000e-01 8.924057589495369980e-01
3.024902343750000000e-01 8.927388911166300733e-01
3.026123046875000000e-01 8.930714981084342252e-01
3.027343750000000000e-01 8.934035797292856351e-01
3.028564453125000000e-01 8.937351357838290156e-01
3.029785156250000000e-01 8.940661660770188313e-01
3.031005859375000000e-01 8.943966704141181889e-01
3.032226562500000000e-01 8.947266486006999475e-01
3.033447265625000000e-01 8.950561004426464962e-01
3.034667968750000000e-01 8.953850257461498652e-01
3.035888671875000000e-01 8.957134243177113930e-01
3.037109375000000000e-01 8.960412959641430586e-01
3.038330078125000000e-01 8.963686404925663709e-01
3.039550781250000000e-01 8.966954577104127022e-01
3.040771484375000000e-01 8.970217474254245094e-01
3.041992187500000000e-01 8.973475094456532242e-01
3.043212890625000000e-01 8.976727435794619181e-01
3.044433593750000000e-01 8.979974496355236369e-01
3.045654296875000000e-01 8.983216274228220666e-01
3.046875000000000000e-01 8.986452767506517558e-01
3.048095703125000000e-01 8.989683974286184487e-01
3.049316406250000000e-01 8.992909892666381966e-01
3.050537109375000000e-01 8.996130520749388015e-01
3.051757812500000000e-01 8.999345856640588170e-01
3.052978515625000000e-01 9.002555898448482141e-01
3.054199218750000000e-01 9.005760644284690475e-01
3.055419921875000000e-01 9.008960092263937902e-01
3.056640625000000000e-01 9.012154240504075542e-01
3.057861328125000000e-01 9.015343087126064248e-01
3.059082031250000000e-01 9.018526630253991261e-01
3.060302734375000000e-01 9.021704868015059109e-01
3.061523437500000000e-01 9.024877798539590046e-01
3.062744140625000000e-01 9.028045419961037155e-01
3.063964843750000000e-01 9.031207730415962143e-01
3.065185546875000000e-01 9.034364728044066428e-01
3.066406250000000000e-01 9.037516410988164495e-01
3.067626953125000000e-01 9.040662777394206095e-01
3.068847656250000000e-01 9.043803825411262931e-01
3.070068359375000000e-01 9.046939553191537531e-01
3.071289062500000000e-01 9.050069958890361033e-01
3.072509765625000000e-01 9.053195040666199844e-01
3.073730468750000000e-01 9.056314796680646761e-01
3.074951171875000000e-01 9.059429225098426519e-01
3.076171875000000000e-01 9.062538324087406894e-01
3.077392578125000000e-01 9.065642091818582049e-01
3.078613281250000000e-01 9.068740526466085861e-01
3.079833984375000000e-01 9.071833626207190804e-01
3.081054687500000000e-01 9.074921389222300183e-01
3.082275390625000000e-01 9.078003813694968116e-01
3.083496093750000000e-01 9.081080897811881769e-01
3.084716796875000000e-01 9.084152639762873571e-01
3.085937500000000000e-01 9.087219037740912331e-01
3.087158203125000000e-01 9.090280089942122110e-01
3.088378906250000000e-01 9.093335794565760022e-01
3.089599609375000000e-01 9.096386149814235100e-01
3.090820312500000000e-01 9.099431153893100532e-01
3.092041015625000000e-01 9.102470805011060317e-01
3.093261718750000000e-01 9.105505101379964827e-01
3.094482421875000000e-01 9.108534041214815247e-01
3.095703125000000000e-01 9.111557622733768014e-01
3.096923828125000000e-01 9.114575844158124829e-01
3.098144531250000000e-01 9.117588703712342646e-01
3.099365234375000000e-01 9.120596199624038114e-01
3.100585937500000000e-01 9.123598330123975364e-01
3.101806640625000000e-01 9.126595093446079332e-01
3.103027343750000000e-01 9.129586487827431318e-01
3.104248046875000000e-01 9.132572511508272317e-01
3.105468750000000000e-01 9.135553162731999688e-01
3.106689453125000000e-01 9.138528439745172705e-01
3.107910156250000000e-01 9.141498340797515887e-01
3.109130859375000000e-01 9.144462864141909009e-01
3.110351562500000000e-01 9.147422008034401530e-01
3.111572265625000000e-01 9.150375770734204828e-01
3.112792968750000000e-01 9.153324150503696632e-01
3.114013671875000000e-01 9.156267145608421032e-01
3.115234375000000000e-01 9.159204754317089581e-01
3.116455078125000000e-01 9.162136974901582409e-01
3.117675781250000000e-01 9.165063805636950445e-01
3.118896484375000000e-01 9.167985244801415412e-01
3.120117187500000000e-01 9.170901290676367612e-01
3.121337890625000000e-01 9.173811941546372584e-01
3.122558593750000000e-01 9.176717195699172214e-01
3.123779296875000000e-01 9.179617051425679186e-01
3.125000000000000000e-01 9.182511507019980312e-01
3.126220703125000000e-01 9.185400560779346524e-01
3.127441406250000000e-01 9.188284211004218438e-01
3.128662109375000000e-01 9.191162455998220793e-01
3.129882812500000000e-01 9.194035294068152453e-01
3.131103515625000000e-01 9.196902723524003065e-01
3.132324218750000000e-01 9.199764742678933072e-01
3.133544921875000000e-01 9.202621349849291477e-01
3.134765625000000000e-01 9.205472543354611403e-01
3.135986328125000000e-01 9.208318321517607874e-01
3.137207031250000000e-01 9.211158682664182251e-01
3.138427734375000000e-01 9.213993625123424458e-01
3.139648437500000000e-01 9.216823147227608537e-01
3.140869140625000000e-01 9.219647247312202643e-01
3.142089843750000000e-01 9.222465923715859049e-01
3.143310546875000000e-01 9.225279174780425251e-01
3.144531250000000000e-01 9.228086998850937306e-01
3.145751953125000000e-01 9.230889394275624271e-01
3.146972656250000000e-01 9.233686359405910427e-01
3.148193359375000000e-01 9.236477892596410832e-01
3.149414062500000000e-01 9.239263992204940212e-01
3.150634765625000000e-01 9.242044656592507401e-01
3.151855468750000000e-01 9.244819884123318676e-01
3.153076171875000000e-01 9.247589673164779978e-01
3.154296875000000000e-01 9.250354022087495798e-01
3.155517578125000000e-01 9.253112929265269182e-01
3.156738281250000000e-01 9.255866393075108389e-01
3.157958984375000000e-01 9.258614411897221341e-01
3.159179687500000000e-01 9.261356984115017843e-01
3.160400390625000000e-01 9.264094108115114024e-01
3.161621093750000000e-01 9.266825782287331226e-01
3.162841796875000000e-01 9.269552005024696006e-01
3.164062500000000000e-01 9.272272774723440136e-01
3.165283203125000000e-01 9.274988089783006151e-01
3.166503906250000000e-01 9.277697948606044021e-01
3.167724609375000000e-01 9.280402349598413370e-01
3.168945312500000000e-01 9.283101291169183478e-01
3.170166015625000000e-01 9.285794771730638830e-01
3.171386718750000000e-01 9.288482789698273567e-01
3.172607421875000000e-01 9.291165343490794815e-01
3.173828125000000000e-01 9.293842431530127124e-01
3.175048828125000000e-01 9.296514052241409143e-01
3.176269531250000000e-01 9.299180204052990284e-01
3.177490234375000000e-01 9.301840885396446268e-01
3.178710937500000000e-01 9.304496094706566911e-01
3.179931640625000000e-01 9.307145830421360566e-01
3.181152343750000000e-01 9.309790090982055233e-01
3.182373046875000000e-01 9.312428874833099668e-01
3.183593750000000000e-01 9.315062180422168936e-01
3.184814453125000000e-01 9.317690006200152197e-01
3.186035156250000000e-01 9.320312350621171582e-01
3.187255859375000000e-01 9.322929212142567756e-01
3.188476562500000000e-01 9.325540589224906585e-01
3.189697265625000000e-01 9.328146480331986901e-01
3.190917968750000000e-01 9.330746883930827185e-01
3.192138671875000000e-01 9.333341798491674446e-01
3.193359375000000000e-01 9.335931222488011993e-01
3.194580078125000000e-01 9.338515154396545004e-01
3.195800781250000000e-01 9.341093592697213843e-01
3.197021484375000000e-01 9.343666535873191847e-01
3.198242187500000000e-01 9.346233982410879770e-01
3.199462890625000000e-01 9.348795930799916887e-01
3.200683593750000000e-01 9.351352379533175441e-01
3.201904296875000000e-01 9.353903327106760646e-01
3.203125000000000000e-01 9.356448772020016236e-01
3.204345703125000000e-01 9.358988712775522245e-01
3.205566406250000000e-01 9.361523147879098339e-01
3.206787109375000000e-01 9.364052075839803813e-01
3.208007812500000000e-01 9.366575495169927601e-01
3.209228515625000000e-01 9.369093404385013812e-01
3.210449218750000000e-01 9.371605802003841745e-01
3.211669921875000000e-01 9.374112686548429219e-01
3.212890625000000000e-01 9.376614056544041453e-01
3.214111328125000000e-01 9.379109910519187743e-01
3.215332031250000000e-01 9.381600247005621451e-01
3.216552734375000000e-01 9.384085064538341125e-01
3.217773437500000000e-01 9.386564361655592714e-01
3.218994140625000000e-01 9.389038136898870679e-01
3.220214843750000000e-01 9.391506388812915773e-01
3.221435546875000000e-01 9.393969115945719484e-01
3.222656250000000000e-01 9.396426316848520699e-01
3.223876953125000000e-01 9.398877990075813482e-01
3.225097656250000000e-01 9.401324134185344850e-01
3.226318359375000000e-01 9.403764747738105889e-01
3.227539062500000000e-01 9.406199829298348414e-01
3.228759765625000000e-01 9.408629377433577190e-01
3.229980468750000000e-01 9.411053390714552158e-01
3.231201171875000000e-01 9.413471867715286212e-01
3.232421875000000000e-01 9.415884807013054081e-01
3.233642578125000000e-01 9.418292207188385667e-01
3.234863281250000000e-01 9.420694066825066049e-01
3.236083984375000000e-01 9.423090384510148798e-01
3.237304687500000000e-01 9.425481158833937112e-01
3.238525390625000000e-01 9.427866388390001573e-01
3.239746093750000000e-01 9.430246071775174599e-01
3.240966796875000000e-01 9.432620207589550443e-01
3.242187500000000000e-01 9.434988794436480752e-01
3.243408203125000000e-01 9.437351830922592333e-01
3.244628906250000000e-01 9.439709315657769384e-01
3.245849609375000000e-01 9.442061247255166823e-01
3.247070312500000000e-01 9.444407624331199180e-01
3.248291015625000000e-01 9.446748445505557257e-01
3.249511718750000000e-01 9.449083709401194797e-01
3.250732421875000000e-01 9.451413414644336264e-01
3.251953125000000000e-01 9.453737559864476836e-01
3.253173828125000000e-01 9.456056143694380189e-01
3.254394531250000000e-01 9.458369164770084048e-01
3.255615234375000000e-01 9.460676621730899072e-01
3.256835937500000000e-01 9.462978513219405530e-01
3.258056640625000000e-01 9.465274837881461067e-01
3.259277343750000000e-01 9.467565594366197379e-01
3.260498046875000000e-01 9.469850781326021316e-01
3.261718750000000000e-01 9.472130397416615999e-01
3.262939453125000000e-01 9.474404441296940815e-01
3.264160156250000000e-01 9.476672911629236973e-01
3.265380859375000000e-01 9.478935807079020837e-01
3.266601562500000000e-01 9.481193126315087261e-01
3.267822265625000000e-01 9.483444868009514028e-01
3.269042968750000000e-01 9.485691030837664073e-01
3.270263671875000000e-01 9.487931613478171045e-01
3.271484375000000000e-01 9.490166614612963736e-01
3.272705078125000000e-01 9.492396032927243876e-01
3.273925781250000000e-01 9.494619867109503897e-01
3.275146484375000000e-01 9.496838115851521378e-01
3.276367187500000000e-01 9.499050777848354610e-01
3.277587890625000000e-01 9.501257851798352583e-01
3.278808593750000000e-01 9.503459336403150548e-01
3.280029296875000000e-01 9.505655230367674458e-01
3.281250000000000000e-01 9.507845532400132083e-01
3.282470703125000000e-01 9.510030241212028557e-01
3.283691406250000000e-01 9.512209355518155274e-01
3.284912109375000000e-01 9.514382874036595439e-01
3.286132812500000000e-01 9.516550795488720738e-01
3.287353515625000000e-01 9.518713118599202438e-01
3.288574218750000000e-01 9.520869842096002511e-01
3.289794921875000000e-01 9.523020964710371405e-01
3.291015625000000000e-01 9.525166485176865816e-01
3.292236328125000000e-01 9.527306402233324256e-01
3.293457031250000000e-01 9.529440714620893704e-01
3.294677734375000000e-01 9.531569421084011839e-01
3.295898437500000000e-01 9.533692520370413703e-01
3.297119140625000000e-01 9.535810011231136141e-01
3.298339843750000000e-01 9.537921892420513359e-01
3.299560546875000000e-01 9.540028162696182479e-01
3.300781250000000000e-01 9.542128820819073542e-01
3.302001953125000000e-01 9.544223865553430608e-01
3.303222656250000000e-01 9.546313295666788434e-01
3.304443359375000000e-01 9.548397109929989135e-01
3.305664062500000000e-01 9.550475307117178847e-01
3.306884765625000000e-01 9.552547886005807731e-01
3.308105468750000000e-01 9.554614845376632193e-01
3.309326171875000000e-01 9.556676184013712660e-01
3.310546875000000000e-01 9.558731900704415807e-01
3.311767578125000000e-01 9.560781994239416770e-01
3.312988281250000000e-01 9.562826463412699152e-01
3.314208984375000000e-01 9.564865307021555019e-01
3.315429687500000000e-01 9.566898523866582682e-01
3.316650390625000000e-01 9.568926112751693358e-01
3.317871093750000000e-01 9.570948072484111169e-01
3.319091796875000000e-01 9.572964401874368701e-01
3.320312500000000000e-01 9.574975099736310336e-01
3.321533203125000000e-01 9.576980164887094471e-01
3.322753906250000000e-01 9.578979596147192410e-01
3.323974609375000000e-01 9.580973392340392802e-01
3.325195312500000000e-01 9.582961552293793872e-01
3.326416015625000000e-01 9.584944074837813410e-01
3.327636718750000000e-01 9.586920958806184334e-01
3.328857421875000000e-01 9.588892203035956907e-01
3.330078125000000000e-01 9.590857806367498739e-01
3.331298828125000000e-01 9.592817767644497007e-01
3.332519531250000000e-01 9.594772085713956233e-01
3.333740234375000000e-01 9.596720759426199399e-01
3.334960937500000000e-01 9.598663787634873490e-01
3.336181640625000000e-01 9.600601169196946172e-01
3.337402343750000000e-01 9.602532902972706896e-01
3.338623046875000000e-01 9.604458987825763572e-01
3.339843750000000000e-01 9.606379422623051445e-01
3.341064453125000000e-01 9.608294206234826440e-01
3.342285156250000000e-01 9.610203337534675150e-01
3.343505859375000000e-01 9.612106815399500404e-01
3.344726562500000000e-01 9.614004638709536810e-01
3.345947265625000000e-01 9.615896806348342984e-01
3.347167968750000000e-01 9.617783317202808213e-01
3.348388671875000000e-01 9.619664170163141348e-01
3.349609375000000000e-01 9.621539364122890792e-01
3.350830078125000000e-01 9.623408897978924514e-01
3.352050781250000000e-01 9.625272770631445596e-01
3.353271484375000000e-01 9.627130980983987785e-01
3.354492187500000000e-01 9.628983527943408838e-01
3.355712890625000000e-01 9.630830410419906062e-01
3.356933593750000000e-01 9.632671627327006325e-01
3.358154296875000000e-01 9.634507177581568271e-01
3.359375000000000000e-01 9.636337060103785657e-01
3.360595703125000000e-01 9.638161273817185126e-01
3.361816406250000000e-01 9.639979817648629545e-01
3.363037109375000000e-01 9.641792690528316889e-01
3.364257812500000000e-01 9.643599891389778023e-01
3.365478515625000000e-01 9.645401419169883361e-01
3.366699218750000000e-01 9.647197272808845092e-01
3.367919921875000000e-01 9.648987451250206071e-01
3.369140625000000000e-01 9.650771953440849815e-01
3.370361328125000000e-01 9.652550778330998282e-01
3.371582031250000000e-01 9.654323924874217422e-01
3.372802734375000000e-01 9.656091392027410514e-01
3.374023437500000000e-01 9.657853178750819279e-01
3.375244140625000000e-01 9.659609284008034980e-01
3.376464843750000000e-01 9.661359706765981770e-01
3.377685546875000000e-01 9.663104445994932234e-01
3.378906250000000000e-01 9.664843500668502951e-01
3.380126953125000000e-01 9.666576869763650048e-01
3.381347656250000000e-01 9.668304552260680307e-01
3.382568359375000000e-01 9.670026547143238949e-01
3.383789062500000000e-01 9.671742853398321849e-01
3.385009765625000000e-01 9.673453470016274425e-01
3.386230468750000000e-01 9.675158395990781646e-01
3.387451171875000000e-01 9.676857630318875803e-01
3.388671875000000000e-01 9.678551172000946501e-01
3.389892578125000000e-01 9.680239020040726228e-01
3.391113281250000000e-01 9.681921173445295903e-01
3.392333984375000000e-01 9.683597631225090430e-01
3.393554687500000000e-01 9.685268392393887593e-01
3.394775390625000000e-01 9.686933455968825823e-01
3.395996093750000000e-01 9.688592820970391983e-01
3.397216796875000000e-01 9.690246486422420258e-01
3.398437500000000000e-01 9.691894451352104367e-01
3.399658203125000000e-01 9.693536714789992015e-01
3.400878906250000000e-01 9.695173275769976007e-01
3.402099609375000000e-01 9.696804133329315345e-01
3.403320312500000000e-01 9.698429286508614133e-01
3.404541015625000000e-01 9.700048734351838231e-01
3.405761718750000000e-01 9.701662475906307481e-01
3.406982421875000000e-01 9.703270510222700151e-01
3.408203125000000000e-01 9.704872836355051824e-01
3.409423828125000000e-01 9.706469453360755395e-01
3.410644531250000000e-01 9.708060360300558855e-01
3.411865234375000000e-01 9.709645556238577502e-01
3.413085937500000000e-01 9.711225040242276174e-01
3.414306640625000000e-01 9.712798811382490349e-01
3.415527343750000000e-01 9.714366868733408378e-01
3.416748046875000000e-01 9.715929211372582586e-01
3.417968750000000000e-01 9.717485838380925944e-01
3.419189453125000000e-01 9.719036748842716511e-01
3.420410156250000000e-01 9.720581941845594098e-01
3.421630859375000000e-01 9.722121416480562495e-01
3.422851562500000000e-01 9.723655171841982803e-01
3.424072265625000000e-01 9.725183207027591203e-01
3.425292968750000000e-01 9.726705521138483412e-01
3.426513671875000000e-01 9.728222113279120231e-01
3.427734375000000000e-01 9.729732982557330878e-01
3.428955078125000000e-01 9.731238128084307437e-01
3.430175781250000000e-01 9.732737548974614850e-01
3.431396484375000000e-01 9.734231244346180922e-01
3.432617187500000000e-01 9.735719213320299659e-01
3.433837890625000000e-01 9.737201455021642360e-01
3.435058593750000000e-01 9.738677968578242083e-01
3.436279296875000000e-01 9.740148753121506964e-01
3.437500000000000000e-01 9.741613807786206891e-01
3.438720703125000000e-01 9.743073131710493495e-01
3.439941406250000000e-01 9.744526724035880161e-01
3.441162109375000000e-01 9.745974583907257571e-01
3.442382812500000000e-01 9.747416710472884827e-01
3.443603515625000000e-01 9.748853102884401656e-01
3.444824218750000000e-01 9.750283760296809543e-01
3.446044921875000000e-01 9.751708681868491713e-01
3.447265625000000000e-01 9.753127866761204245e-01
3.448486328125000000e-01 9.754541314140077191e-01
3.449707031250000000e-01 9.755949023173614565e-01
3.450927734375000000e-01 9.757350993033697684e-01
3.452148437500000000e-01 9.758747222895585161e-01
3.453369140625000000e-01 9.760137711937910687e-01
3.454589843750000000e-01 9.761522459342683034e-01
3.455810546875000000e-01 9.762901464295292708e-01
3.457031250000000000e-01 9.764274725984507519e-01
3.458251953125000000e-01 9.765642243602472572e-01
3.459472656250000000e-01 9.767004016344712491e-01
3.460693359375000000e-01 9.768360043410129201e-01
3.461914062500000000e-01 9.769710324001008583e-01
3.463134765625000000e-01 9.771054857323018261e-01
3.464355468750000000e-01 9.772393642585198714e-01
3.465576171875000000e-01 9.773726678999978823e-01
3.466796875000000000e-01 9.775053965783170318e-01
3.468017578125000000e-01 9.776375502153961117e-01
3.469238281250000000e-01 9.777691287334926429e-01
3.470458984375000000e-01 9.779001320552025422e-01
3.471679687500000000e-01 9.780305601034597895e-01
3.472900390625000000e-01 9.781604128015367605e-01
3.474121093750000000e-01 9.782896900730447820e-01
3.475341796875000000e-01 9.784183918419332437e-01
3.476562500000000000e-01 9.785465180324901535e-01
3.477783203125000000e-01 9.786740685693422481e-01
3.479003906250000000e-01 9.788010433774546604e-01
3.480224609375000000e-01 9.789274423821316962e-01
3.481445312500000000e-01 9.790532655090156133e-01
3.482666015625000000e-01 9.791785126840883979e-01
3.483886718750000000e-01 9.793031838336703210e-01
3.485107421875000000e-01 9.794272788844200495e-01
3.486328125000000000e-01 9.795507977633362007e-01
3.487548828125000000e-01 9.796737403977555658e-01
3.488769531250000000e-01 9.797961067153542203e-01
3.489990234375000000e-01 9.799178966441470795e-01
3.491210937500000000e-01 9.800391101124883431e-01
3.492431640625000000e-01 9.801597470490713837e-01
3.493652343750000000e-01 9.802798073829286363e-01
3.494873046875000000e-01 9.803992910434313757e-01
3.496093750000000000e-01 9.805181979602907161e-01
3.497314453125000000e-01 9.806365280635565007e-01
3.498535156250000000e-01 9.807542812836187451e-01
3.499755859375000000e-01 9.808714575512056388e-01
3.500976562500000000e-01 9.809880567973856547e-01
3.502197265625000000e-01 9.811040789535665496e-01
3.503417968750000000e-01 9.812195239514955869e-01
3.504638671875000000e-01 9.813343917232588698e-01
3.505859375000000000e-01 9.814486822012833400e-01
3.507080078125000000e-01 9.815623953183343353e-01
3.508300781250000000e-01 9.816755310075175878e-01
3.509521484375000000e-01 9.817880892022783357e-01
3.510742187500000000e-01 9.819000698364013235e-01
3.511962890625000000e-01 9.820114728440113572e-01
3.513183593750000000e-01 9.821222981595729706e-01
3.514404296875000000e-01 9.822325457178904262e-01
3.515625000000000000e-01 9.823422154541077145e-01
3.516845703125000000e-01 9.824513073037093314e-01
3.518066406250000000e-01 9.825598212025191680e-01
3.519287109375000000e-01 9.826677570867012879e-01
3.520507812500000000e-01 9.827751148927597047e-01
3.521728515625000000e-01 9.828818945575387156e-01
3.522949218750000000e-01 9.829880960182226790e-01
3.524169921875000000e-01 9.830937192123356816e-01
3.525390625000000000e-01 9.831987640777427595e-01
3.526611328125000000e-01 9.833032305526483441e-01
3.527832031250000000e-01 9.834071185755977051e-01
3.529052734375000000e-01 9.835104280854760628e-01
3.530273437500000000e-01 9.836131590215091425e-01
3.531494140625000000e-01 9.837153113232630641e-01
3.532714843750000000e-01 9.838168849306442310e-01
3.533935546875000000e-01 9.839178797838995516e-01
3.535156250000000000e-01 9.840182958236161070e-01
3.536376953125000000e-01 9.841181329907220388e-01
3.537597656250000000e-01 9.842173912264855495e-01
3.538818359375000000e-01 9.843160704725156807e-01
3.540039062500000000e-01 9.844141706707618678e-01
3.541259765625000000e-01 9.845116917635142739e-01
3.542480468750000000e-01 9.846086336934039007e-01
3.543701171875000000e-01 9.847049964034020331e-01
3.544921875000000000e-01 9.848007798368213495e-01
3.546142578125000000e-01 9.848959839373148117e-01
3.547363281250000000e-01 9.849906086488758872e-01
3.548583984375000000e-01 9.850846539158398807e-01
3.549804687500000000e-01 9.851781196828819365e-01
3.551025390625000000e-01 9.852710058950188143e-01
3.552246093750000000e-01 9.853633124976078905e-01
3.553466796875000000e-01 9.854550394363477128e-01
3.554687500000000000e-01 9.855461866572771124e-01
3.555908203125000000e-01 9.856367541067774241e-01
3.557128906250000000e-01 9.857267417315693780e-01
3.558349609375000000e-01 9.858161494787160972e-01
3.559570312500000000e-01 9.859049772956208768e-01
3.560791015625000000e-01 9.859932251300288497e-01
3.562011718750000000e-01 9.860808929300259873e-01
3.563232421875000000e-01 9.861679806440397655e-01
3.564453125000000000e-01 9.862544882208386099e-01
3.565673828125000000e-01 9.863404156095322284e-01
3.566894531250000000e-01 9.864257627595718336e-01
3.568115234375000000e-01 9.865105296207499208e-01
3.569335937500000000e-01 9.865947161432002677e-01
3.570556640625000000e-01 9.866783222773982676e-01
3.571777343750000000e-01 9.867613479741604854e-01
3.572998046875000000e-01 9.868437931846451017e-01
3.574218750000000000e-01 9.869256578603515795e-01
3.575439453125000000e-01 9.870069419531211086e-01
3.576660156250000000e-01 9.870876454151364943e-01
3.577880859375000000e-01 9.871677681989216024e-01
3.579101562500000000e-01 9.872473102573426917e-01
3.580322265625000000e-01 9.873262715436070813e-01
3.581542968750000000e-01 9.874046520112635950e-01
3.582763671875000000e-01 9.874824516142033382e-01
3.583984375000000000e-01 9.875596703066589210e-01
3.585205078125000000e-01 9.876363080432042363e-01
3.586425781250000000e-01 9.877123647787553473e-01
3.587646484375000000e-01 9.877878404685702662e-01
3.588867187500000000e-01 9.878627350682481767e-01
3.590087890625000000e-01 9.879370485337308772e-01
3.591308593750000000e-01 9.880107808213016707e-01
3.592529296875000000e-01 9.880839318875858091e-01
3.593750000000000000e-01 9.881565016895499376e-01
3.594970703125000000e-01 9.882284901845035385e-01
3.596191406250000000e-01 9.882998973300975987e-01
3.597412109375000000e-01 9.883707230843250535e-01
3.598632812500000000e-01 9.884409674055207873e-01
3.599853515625000000e-01 9.885106302523620769e-01
3.601074218750000000e-01 9.885797115838681481e-01
3.602294921875000000e-01 9.886482113593999532e-01
3.603515625000000000e-01 9.887161295386609483e-01
3.604736328125000000e-01 9.887834660816967602e-01
3.605957031250000000e-01 9.888502209488947425e-01
3.607177734375000000e-01 9.889163941009850856e-01
3.608398437500000000e-01 9.889819854990395953e-01
3.609619140625000000e-01 9.890469951044724706e-01
3.610839843750000000e-01 9.891114228790405249e-01
3.612060546875000000e-01 9.891752687848425207e-01
3.613281250000000000e-01 9.892385327843191689e-01
3.614501953125000000e-01 9.893012148402542394e-01
3.615722656250000000e-01 9.893633149157736728e-01
3.616943359375000000e-01 9.894248329743451364e-01
3.618164062500000000e-01 9.894857689797791345e-01
3.619384765625000000e-01 9.895461228962290079e-01
3.620605468750000000e-01 9.896058946881900464e-01
3.621826171875000000e-01 9.896650843204995995e-01
3.623046875000000000e-01 9.897236917583382976e-01
3.624267578125000000e-01 9.897817169672287196e-01
3.625488281250000000e-01 9.898391599130362817e-01
3.626708984375000000e-01 9.898960205619687924e-01
3.627929687500000000e-01 9.899522988805764534e-01
3.629150390625000000e-01 9.900079948357520809e-01
3.630371093750000000e-01 9.900631083947315503e-01
3.631591796875000000e-01 9.901176395250927964e-01
3.632812500000000000e-01 9.901715881947563691e-01
3.634033203125000000e-01 9.902249543719860991e-01
3.635253906250000000e-01 9.902777380253875439e-01
3.636474609375000000e-01 9.903299391239096527e-01
3.637695312500000000e-01 9.903815576368439899e-01
3.638916015625000000e-01 9.904325935338245124e-01
3.640136718750000000e-01 9.904830467848282360e-01
3.641357421875000000e-01 9.905329173601746806e-01
3.642578125000000000e-01 9.905822052305264247e-01
3.643798828125000000e-01 9.906309103668887728e-01
3.645019531250000000e-01 9.906790327406094221e-01
3.646240234375000000e-01 9.907265723233794619e-01
3.647460937500000000e-01 9.907735290872324851e-01
3.648681640625000000e-01 9.908199030045450328e-01
3.649902343750000000e-01 9.908656940480365938e-01
3.651123046875000000e-01 9.909109021907694936e-01
3.652343750000000000e-01 9.909555274061488950e-01
3.653564453125000000e-01 9.909995696679227972e-01
3.654785156250000000e-01 9.910430289501825918e-01
3.656005859375000000e-01 9.910859052273621739e-01
3.657226562500000000e-01 9.911281984742382756e-01
3.658447265625000000e-01 9.911699086659312430e-01
3.659667968750000000e-01 9.912110357779038150e-01
3.660888671875000000e-01 9.912515797859620115e-01
3.662109375000000000e-01 9.912915406662548001e-01
3.663330078125000000e-01 9.913309183952743187e-01
3.664550781250000000e-01 9.913697129498555416e-01
3.665771484375000000e-01 9.914079243071770575e-01
3.666992187500000000e-01 9.914455524447594037e-01
3.668212890625000000e-01 9.914825973404675086e-01
3.669433593750000000e-01 9.915190589725084713e-01
3.670654296875000000e-01 9.915549373194330052e-01
3.671875000000000000e-01 9.915902323601346602e-01
3.673095703125000000e-01 9.916249440738507115e-01
3.674316406250000000e-01 9.916590724401604939e-01
3.675537109375000000e-01 9.916926174389877335e-01
3.676757812500000000e-01 9.917255790505983271e-01
3.677978515625000000e-01 9.917579572556020073e-01
3.679199218750000000e-01 9.917897520349517881e-01
3.680419921875000000e-01 9.918209633699432981e-01
3.681640625000000000e-01 9.918515912422156688e-01
3.682861328125000000e-01 9.918816356337513129e-01
3.684082031250000000e-01 9.919110965268760349e-01
3.685302734375000000e-01 9.919399739042589204e-01
3.686523437500000000e-01 9.919682677489114475e-01
3.687744140625000000e-01 9.919959780441900410e-01
3.688964843750000000e-01 9.920231047737927410e-01
3.690185546875000000e-01 9.920496479217619790e-01
3.691406250000000000e-01 9.920756074724828011e-01
3.692626953125000000e-01 9.921009834106839786e-01
3.693847656250000000e-01 9.921257757214377859e-01
3.695068359375000000e-01 9.921499843901591120e-01
3.696289062500000000e-01 9.921736094026066821e-01
3.697509765625000000e-01 9.921966507448829464e-01
3.698730468750000000e-01 9.922191084034328590e-01
3.699951171875000000e-01 9.922409823650450988e-01
3.701171875000000000e-01 9.922622726168520702e-01
3.702392578125000000e-01 9.922829791463292359e-01
3.703613281250000000e-01 9.923031019412953402e-01
3.704833984375000000e-01 9.923226409899126299e-01
3.706054687500000000e-01 9.923415962806867441e-01
3.707275390625000000e-01 9.923599678024670467e-01
3.708496093750000000e-01 9.923777555444459608e-01
3.709716796875000000e-01 9.923949594961593013e-01
3.710937500000000000e-01 9.924115796474861639e-01
3.712158203125000000e-01 9.924276159886501469e-01
3.713378906250000000e-01 9.924430685102165750e-01
3.714599609375000000e-01 9.924579372030959412e-01
3.715820312500000000e-01 9.924722220585406873e-01
3.717041015625000000e-01 9.924859230681477573e-01
3.718261718750000000e-01 9.924990402238569320e-01
3.719482421875000000e-01 9.925115735179521614e-01
3.720703125000000000e-01 9.925235229430600103e-01
3.721923828125000000e-01 9.925348884921514347e-01
3.723144531250000000e-01 9.925456701585397834e-01
3.724365234375000000e-01 9.925558679358827963e-01
3.725585937500000000e-01 9.925654818181813832e-01
3.726806640625000000e-01 9.925745117997798461e-01
3.728027343750000000e-01 9.925829578753663229e-01
3.729248046875000000e-01 9.925908200399720105e-01
3.730468750000000000e-01 9.925980982889717197e-01
3.731689453125000000e-01 9.926047926180838754e-01
3.732910156250000000e-01 9.926109030233705166e-01
3.734130859375000000e-01 9.926164295012369632e-01
3.735351562500000000e-01 9.926213720484321490e-01
3.736572265625000000e-01 9.926257306620485110e-01
3.737792968750000000e-01 9.926295053395219892e-01
3.739013671875000000e-01 9.926326960786319153e-01
3.740234375000000000e-01 9.926353028775013465e-01
3.741455078125000000e-01 9.926373257345968426e-01
3.742675781250000000e-01 9.926387646487284666e-01
3.743896484375000000e-01 9.926396196190494514e-01
3.745117187500000000e-01 9.926398906450570880e-01
3.746337890625000000e-01 9.926395777265917264e-01
3.747558593750000000e-01 9.926386808638376635e-01
3.748779296875000000e-01 9.926372000573226995e-01
3.750000000000000000e-01 9.926351353079173601e-01
3.751220703125000000e-01 9.926324866168366734e-01
3.752441406250000000e-01 9.926292539856387265e-01
3.753662109375000000e-01 9.926254374162253313e-01
3.754882812500000000e-01 9.926210369108414699e-01
3.756103515625000000e-01 9.926160524720758493e-01
3.757324218750000000e-01 9.926104841028607906e-01
3.758544921875000000e-01 9.926043318064721177e-01
3.759765625000000000e-01 9.925975955865287137e-01
3.760986328125000000e-01 9.925902754469937417e-01
3.762207031250000000e-01 9.925823713921732017e-01
3.763427734375000000e-01 9.925738834267169297e-01
3.764648437500000000e-01 9.925648115556179318e-01
3.765869140625000000e-01 9.925551557842132722e-01
3.767089843750000000e-01 9.925449161181830737e-01
3.768310546875000000e-01 9.925340925635512956e-01
3.769531250000000000e-01 9.925226851266847339e-01
3.770751953125000000e-01 9.925106938142943536e-01
3.771972656250000000e-01 9.924981186334342897e-01
3.773193359375000000e-01 9.924849595915021805e-01
3.774414062500000000e-01 9.924712166962391668e-01
3.775634765625000000e-01 9.924568899557298929e-01
3.776855468750000000e-01 9.924419793784025057e-01
3.778076171875000000e-01 9.924264849730279892e-01
3.779296875000000000e-01 9.924104067487217185e-01
3.780517578125000000e-01 9.923937447149423496e-01
3.781738281250000000e-01 9.923764988814912646e-01
3.782958984375000000e-01 9.923586692585140145e-01
3.784179687500000000e-01 9.923402558564988762e-01
3.785400390625000000e-01 9.923212586862786289e-01
3.786621093750000000e-01 9.923016777590281112e-01
3.787841796875000000e-01 9.922815130862672195e-01
3.789062500000000000e-01 9.922607646798573544e-01
3.790283203125000000e-01 9.922394325520049740e-01
3.791503906250000000e-01 9.922175167152585962e-01
3.792724609375000000e-01 9.921950171825111298e-01
3.793945312500000000e-01 9.921719339669985427e-01
3.795166015625000000e-01 9.921482670822997507e-01
3.796386718750000000e-01 9.921240165423379498e-01
3.797607421875000000e-01 9.920991823613783955e-01
3.798828125000000000e-01 9.920737645540308458e-01
3.800048828125000000e-01 9.920477631352480063e-01
3.801269531250000000e-01 9.920211781203255308e-01
3.802490234375000000e-01 9.919940095249026868e-01
3.803710937500000000e-01 9.919662573649620230e-01
3.804931640625000000e-01 9.919379216568300350e-01
3.806152343750000000e-01 9.919090024171751674e-01
3.807373046875000000e-01 9.918794996630103666e-01
3.808593750000000000e-01 9.918494134116911942e-01
3.809814453125000000e-01 9.918187436809162705e-01
3.811035156250000000e-01 9.917874904887283849e-01
3.812255859375000000e-01 9.917556538535126087e-01
3.813476562500000000e-01 9.917232337939976272e-01
3.814697265625000000e-01 9.916902303292554066e-01
3.815917968750000000e-01 9.916566434787011941e-01
3.817138671875000000e-01 9.916224732620928517e-01
3.818359375000000000e-01 9.915877196995321885e-01
3.819580078125000000e-01 9.915523828114637395e-01
3.820800781250000000e-01 9.915164626186750985e-01
3.822021484375000000e-01 9.914799591422976954e-01
3.823242187500000000e-01 9.914428724038050200e-01
3.824462890625000000e-01 9.914052024250145090e-01
3.825683593750000000e-01 9.913669492280864359e-01
3.826904296875000000e-01 9.913281128355241334e-01
3.828125000000000000e-01 9.912886932701738818e-01
3.829345703125000000e-01 9.912486905552256866e-01
3.830566406250000000e-01 9.912081047142116130e-01
3.831787109375000000e-01 9.911669357710075623e-01
3.833007812500000000e-01 9.911251837498320505e-01
3.834228515625000000e-01 9.910828486752465416e-01
3.835449218750000000e-01 9.910399305721561136e-01
3.836669921875000000e-01 9.909964294658080153e-01
3.837890625000000000e-01 9.909523453817929983e-01
3.839111328125000000e-01 9.909076783460444293e-01
3.840332031250000000e-01 9.908624283848388448e-01
3.841552734375000000e-01 9.908165955247957291e-01
3.842773437500000000e-01 9.907701797928770704e-01
3.843994140625000000e-01 9.907231812163885820e-01
3.845214843750000000e-01 9.906755998229779259e-01
3.846435546875000000e-01 9.906274356406360448e-01
3.847656250000000000e-01 9.905786886976968297e-01
3.848876953125000000e-01 9.905293590228365641e-01
3.850097656250000000e-01 9.904794466450749235e-01
3.851318359375000000e-01 9.904289515937740873e-01
3.852539062500000000e-01 9.903778738986385166e-01
3.853759765625000000e-01 9.903262135897166196e-01
3.854980468750000000e-01 9.902739706973984202e-01
3.856201171875000000e-01 9.902211452524170010e-01
3.857421875000000000e-01 9.901677372858483928e-01
3.858642578125000000e-01 9.901137468291112409e-01
3.859863281250000000e-01 9.900591739139662506e-01
3.861083984375000000e-01 9.900040185725177411e-01
3.862304687500000000e-01 9.899482808372117582e-01
3.863525390625000000e-01 9.898919607408376287e-01
3.864746093750000000e-01 9.898350583165271832e-01
3.865966796875000000e-01 9.897775735977546452e-01
3.867187500000000000e-01 9.897195066183361867e-01
3.868408203125000000e-01 9.896608574124320379e-01
3.869628906250000000e-01 9.896016260145431565e-01
3.870849609375000000e-01 9.895418124595143361e-01
3.872070312500000000e-01 9.894814167825323192e-01
3.873291015625000000e-01 9.894204390191262410e-01
3.874511718750000000e-01 9.893588792051676295e-01
3.875732421875000000e-01 9.892967373768707384e-01
3.876953125000000000e-01 9.892340135707917703e-01
3.878173828125000000e-01 9.891707078238299866e-01
3.879394531250000000e-01 9.891068201732258203e-01
3.880615234375000000e-01 9.890423506565633183e-01
3.881835937500000000e-01 9.889772993117681432e-01
3.883056640625000000e-01 9.889116661771080175e-01
3.884277343750000000e-01 9.888454512911937222e-01
3.885498046875000000e-01 9.887786546929773213e-01
3.886718750000000000e-01 9.887112764217538263e-01
3.887939453125000000e-01 9.886433165171596427e-01
3.889160156250000000e-01 9.885747750191745675e-01
3.890380859375000000e-01 9.885056519681191256e-01
3.891601562500000000e-01 9.884359474046572336e-01
3.892822265625000000e-01 9.883656613697937576e-01
3.894042968750000000e-01 9.882947939048765118e-01
3.895263671875000000e-01 9.882233450515948148e-01
3.896484375000000000e-01 9.881513148519802670e-01
3.897705078125000000e-01 9.880787033484064175e-01
3.898925781250000000e-01 9.880055105835884310e-01
3.900146484375000000e-01 9.879317366005843093e-01
3.901367187500000000e-01 9.878573814427926703e-01
3.902587890625000000e-01 9.877824451539553019e-01
3.903808593750000000e-01 9.877069277781551637e-01
3.905029296875000000e-01 9.876308293598171639e-01
3.906250000000000000e-01 9.875541499437079374e-01
3.907470703125000000e-01 9.874768895749360675e-01
3.908691406250000000e-01 9.873990482989518647e-01
3.909912109375000000e-01 9.873206261615473656e-01
3.911132812500000000e-01 9.872416232088562227e-01
3.912353515625000000e-01 9.871620394873538151e-01
3.913574218750000000e-01 9.870818750438572486e-01
3.914794921875000000e-01 9.870011299255253556e-01
3.916015625000000000e-01 9.869198041798580290e-01
3.917236328125000000e-01 9.868378978546974434e-01
3.918457031250000000e-01 9.867554109982269450e-01
3.919677734375000000e-01 9.866723436589714957e-01
3.920898437500000000e-01 9.865886958857970068e-01
3.922119140625000000e-01 9.865044677279115604e-01
3.923339843750000000e-01 9.864196592348648540e-01
3.924560546875000000e-01 9.863342704565469798e-01
3.925781250000000000e-01 9.862483014431900896e-01
3.927001953125000000e-01 9.861617522453678397e-01
3.928222656250000000e-01 9.860746229139943919e-01
3.929443359375000000e-01 9.859869135003261897e-01
3.930664062500000000e-01 9.858986240559597380e-01
3.931884765625000000e-01 9.858097546328342675e-01
3.933105468750000000e-01 9.857203052832289591e-01
3.934326171875000000e-01 9.856302760597643875e-01
3.935546875000000000e-01 9.855396670154028538e-01
3.936767578125000000e-01 9.854484782034468315e-01
3.937988281250000000e-01 9.853567096775409651e-01
3.939208984375000000e-01 9.852643614916695158e-01
3.940429687500000000e-01 9.851714337001593602e-01
3.941650390625000000e-01 9.850779263576768807e-01
3.942871093750000000e-01 9.849838395192304086e-01
3.944091796875000000e-01 9.848891732401686694e-01
3.945312500000000000e-01 9.847939275761813382e-01
3.946533203125000000e-01 9.846981025832994838e-01
3.947753906250000000e-01 9.846016983178935700e-01
3.948974609375000000e-01 9.845047148366763423e-01
3.950195312500000000e-01 9.844071521967008298e-01
3.951416015625000000e-01 9.843090104553602337e-01
3.952636718750000000e-01 9.842102896703891490e-01
3.953857421875000000e-01 9.841109898998621208e-01
3.955078125000000000e-01 9.840111112021947548e-01
3.956298828125000000e-01 9.839106536361432731e-01
3.957519531250000000e-01 9.838096172608040701e-01
3.958740234375000000e-01 9.837080021356142678e-01
3.959960937500000000e-01 9.836058083203514935e-01
3.961181640625000000e-01 9.835030358751338797e-01
3.962402343750000000e-01 9.833996848604196206e-01
3.963623046875000000e-01 9.832957553370075265e-01
3.964843750000000000e-01 9.831912473660366913e-01
3.966064453125000000e-01 9.830861610089861591e-01
3.967285156250000000e-01 9.829804963276759233e-01
3.968505859375000000e-01 9.828742533842655948e-01
3.969726562500000000e-01 9.827674322412551788e-01
3.970947265625000000e-01 9.826600329614849638e-01
3.972167968750000000e-01 9.825520556081350776e-01
3.973388671875000000e-01 9.824435002447253762e-01
3.974609375000000000e-01 9.823343669351168872e-01
3.975830078125000000e-01 9.822246557435098113e-01
3.977050781250000000e-01 9.821143667344438555e-01
3.978271484375000000e-01 9.820034999727998981e-01
3.979492187500000000e-01 9.818920555237973247e-01
3.980712890625000000e-01 9.817800334529964701e-01
3.981933593750000000e-01 9.816674338262971755e-01
3.983154296875000000e-01 9.815542567099386773e-01
3.984375000000000000e-01 9.814405021704999399e-01
3.985595703125000000e-01 9.813261702749001003e-01
3.986816406250000000e-01 9.812112610903975796e-01
3.988037109375000000e-01 9.810957746845906380e-01
3.989257812500000000e-01 9.809797111254167090e-01
3.990478515625000000e-01 9.808630704811530654e-01
3.991699218750000000e-01 9.807458528204167081e-01
3.992919921875000000e-01 9.806280582121634781e-01
3.994140625000000000e-01 9.805096867256886117e-01
3.995361328125000000e-01 9.803907384306274064e-01
3.996582031250000000e-01 9.802712133969541108e-01
3.997802734375000000e-01 9.801511116949821467e-01
3.999023437500000000e-01 9.800304333953641089e-01
4.000244140625000000e-01 9.799091785690922096e-01
4.001464843750000000e-01 9.797873472874970568e-01
4.002685546875000000e-01 9.796649396222495421e-01
4.003906250000000000e-01 9.795419556453585086e-01
4.005126953125000000e-01 9.794183954291718619e-01
4.006347656250000000e-01 9.792942590463779018e-01
4.007568359375000000e-01 9.791695465700017698e-01
4.008789062500000000e-01 9.790442580734094458e-01
4.010009765625000000e-01 9.789183936303049727e-01
4.011230468750000000e-01 9.787919533147303452e-01
4.012451171875000000e-01 9.786649372010677306e-01
4.013671875000000000e-01 9.785373453640373587e-01
4.014892578125000000e-01 9.784091778786980775e-01
4.016113281250000000e-01 9.782804348204476863e-01
4.017333984375000000e-01 9.781511162650223801e-01
4.018554687500000000e-01 9.780212222884967499e-01
4.019775390625000000e-01 9.778907529672843379e-01
4.020996093750000000e-01 9.777597083781365273e-01
4.022216796875000000e-01 9.776280885981439850e-01
4.023437500000000000e-01 9.774958937047346641e-01
4.024658203125000000e-01 9.773631237756762458e-01
4.025878906250000000e-01 9.772297788890728087e-01
4.027099609375000000e-01 9.770958591233684931e-01
4.028320312500000000e-01 9.769613645573446137e-01
4.029541015625000000e-01 9.768262952701206592e-01
4.030761718750000000e-01 9.766906513411547364e-01
4.031982421875000000e-01 9.765544328502422378e-01
4.033203125000000000e-01 9.764176398775175070e-01
4.034423828125000000e-01 9.762802725034520623e-01
4.035644531250000000e-01 9.761423308088553741e-01
4.036865234375000000e-01 9.760038148748755304e-01
4.038085937500000000e-01 9.758647247829974614e-01
4.039306640625000000e-01 9.757250606150442707e-01
4.040527343750000000e-01 9.755848224531774582e-01
4.041748046875000000e-01 9.754440103798945882e-01
4.042968750000000000e-01 9.753026244780321763e-01
4.044189453125000000e-01 9.751606648307638014e-01
4.045410156250000000e-01 9.750181315216009947e-01
4.046630859375000000e-01 9.748750246343923509e-01
4.047851562500000000e-01 9.747313442533234173e-01
4.049072265625000000e-01 9.745870904629183595e-01
4.050292968750000000e-01 9.744422633480375184e-01
4.051513671875000000e-01 9.742968629938791869e-01
4.052734375000000000e-01 9.741508894859784995e-01
4.053955078125000000e-01 9.740043429102079875e-01
4.055175781250000000e-01 9.738572233527773570e-01
4.056396484375000000e-01 9.737095309002330445e-01
4.057617187500000000e-01 9.735612656394584397e-01
4.058837890625000000e-01 9.734124276576747725e-01
4.060058593750000000e-01 9.732630170424394489e-01
4.061279296875000000e-01 9.731130338816469383e-01
4.062500000000000000e-01 9.729624782635277747e-01
4.063720703125000000e-01 9.728113502766508880e-01
4.064941406250000000e-01 9.726596500099204956e-01
4.066162109375000000e-01 9.725073775525781006e-01
4.067382812500000000e-01 9.723545329942012705e-01
4.068603515625000000e-01 9.722011164247053028e-01
4.069824218750000000e-01 9.720471279343404492e-01
4.071044921875000000e-01 9.718925676136944691e-01
4.072265625000000000e-01 9.717374355536912978e-01
4.073486328125000000e-01 9.715817318455910456e-01
4.074707031250000000e-01 9.714254565809903319e-01
4.075927734375000000e-01 9.712686098518216182e-01
4.077148437500000000e-01 9.711111917503539859e-01
4.078369140625000000e-01 9.709532023691923586e-01
4.079589843750000000e-01 9.707946418012777245e-01
4.080810546875000000e-01 9.706355101398874696e-01
4.082031250000000000e-01 9.704758074786344890e-01
4.083251953125000000e-01 9.703155339114675204e-01
4.084472656250000000e-01 9.701546895326719211e-01
4.085693359375000000e-01 9.699932744368676696e-01
4.086914062500000000e-01 9.698312887190114751e-01
4.088134765625000000e-01 9.696687324743954450e-01
4.089355468750000000e-01 9.695056057986468634e-01
4.090576171875000000e-01 9.693419087877291895e-01
4.091796875000000000e-01 9.691776415379410592e-01
4.093017578125000000e-01 9.690128041459169506e-01
4.094238281250000000e-01 9.688473967086260741e-01
4.095458984375000000e-01 9.686814193233737047e-01
4.096679687500000000e-01 9.685148720877995165e-01
4.097900390625000000e-01 9.683477550998795813e-01
4.099121093750000000e-01 9.681800684579241478e-01
4.100341796875000000e-01 9.680118122605791964e-01
4.101562500000000000e-01 9.678429866068251064e-01
4.102783203125000000e-01 9.676735915959785439e-01
4.104003906250000000e-01 9.675036273276890197e-01
4.105224609375000000e-01 9.673330939019428865e-01
4.106445312500000000e-01 9.671619914190602296e-01
4.107666015625000000e-01 9.669903199796968662e-01
4.108886718750000000e-01 9.668180796848420133e-01
4.110107421875000000e-01 9.666452706358201752e-01
4.111328125000000000e-01 9.664718929342908105e-01
4.112548828125000000e-01 9.662979466822475549e-01
4.113769531250000000e-01 9.661234319820185545e-01
4.114990234375000000e-01 9.659483489362657993e-01
4.116210937500000000e-01 9.657726976479863445e-01
4.117431640625000000e-01 9.655964782205117558e-01
4.118652343750000000e-01 9.654196907575069986e-01
4.119873046875000000e-01 9.652423353629718816e-01
4.121093750000000000e-01 9.650644121412393917e-01
4.122314453125000000e-01 9.648859211969778027e-01
4.123535156250000000e-01 9.647068626351886778e-01
4.124755859375000000e-01 9.645272365612072019e-01
4.125976562500000000e-01 9.643470430807029592e-01
4.127197265625000000e-01 9.641662822996792670e-01
4.128417968750000000e-01 9.639849543244728425e-01
4.129638671875000000e-01 9.638030592617542469e-01
4.130859375000000000e-01 9.636205972185277746e-01
4.132080078125000000e-01 9.634375683021310088e-01
4.133300781250000000e-01 9.632539726202352659e-01
4.134521484375000000e-01 9.630698102808453731e-01
4.135742187500000000e-01 9.628850813922986696e-01
4.136962890625000000e-01 9.626997860632667825e-01
4.138183593750000000e-01 9.625139244027545171e-01
4.139404296875000000e-01 9.623274965200990794e-01
4.140625000000000000e-01 9.621405025249710752e-01
4.141845703125000000e-01 9.619529425273747325e-01
4.143066406250000000e-01 9.617648166376460139e-01
4.144287109375000000e-01 9.615761249664555033e-01
4.145507812500000000e-01 9.613868676248047418e-01
4.146728515625000000e-01 9.611970447240295590e-01
4.147949218750000000e-01 9.610066563757976299e-01
4.149169921875000000e-01 9.608157026921096966e-01
4.150390625000000000e-01 9.606241837852984577e-01
4.151611328125000000e-01 9.604320997680300120e-01
4.152832031250000000e-01 9.602394507533023038e-01
4.154052734375000000e-01 9.600462368544455671e-01
4.155273437500000000e-01 9.598524581851227699e-01
4.156494140625000000e-01 9.596581148593290589e-01
4.157714843750000000e-01 9.594632069913913153e-01
4.158935546875000000e-01 9.592677346959690432e-01
4.160156250000000000e-01 9.590716980880532594e-01
4.161376953125000000e-01 9.588750972829673813e-01
4.162597656250000000e-01 9.586779323963668942e-01
4.163818359375000000e-01 9.584802035442385737e-01
4.165039062500000000e-01 9.582819108429010413e-01
4.166259765625000000e-01 9.580830544090050971e-01
4.167480468750000000e-01 9.578836343595327207e-01
4.168701171875000000e-01 9.576836508117974045e-01
4.169921875000000000e-01 9.574831038834444863e-01
4.171142578125000000e-01 9.572819936924509276e-01
4.172363281250000000e-01 9.570803203571239814e-01
4.173583984375000000e-01 9.568780839961033013e-01
4.174804687500000000e-01 9.566752847283592764e-01
4.176025390625000000e-01 9.564719226731933643e-01
4.177246093750000000e-01 9.562679979502383132e-01
4.178466796875000000e-01 9.560635106794578286e-01
4.179687500000000000e-01 9.558584609811462407e-01
4.180908203125000000e-01 9.556528489759295031e-01
4.182128906250000000e-01 9.554466747847636388e-01
4.183349609375000000e-01 9.552399385289352951e-01
4.184570312500000000e-01 9.550326403300624101e-01
4.185791015625000000e-01 9.548247803100932130e-01
4.187011718750000000e-01 9.546163585913060023e-01
4.188232421875000000e-01 9.544073752963103674e-01
4.189453125000000000e-01 9.541978305480456335e-01
4.190673828125000000e-01 9.539877244697816394e-01
4.191894531250000000e-01 9.537770571851181822e-01
4.193115234375000000e-01 9.535658288179853503e-01
4.194335937500000000e-01 9.533540394926437456e-01
4.195556640625000000e-01 9.531416893336832619e-01
4.196777343750000000e-01 9.529287784660240845e-01
4.197998046875000000e-01 9.527153070149164682e-01
4.199218750000000000e-01 9.525012751059394045e-01
4.200439453125000000e-01 9.522866828650031756e-01
4.201660156250000000e-01 9.520715304183465788e-01
4.202880859375000000e-01 9.518558178925381474e-01
4.204101562500000000e-01 9.516395454144760402e-01
4.205322265625000000e-01 9.514227131113880409e-01
4.206542968750000000e-01 9.512053211108306705e-01
4.207763671875000000e-01 9.509873695406899641e-01
4.208984375000000000e-01 9.507688585291816930e-01
4.210205078125000000e-01 9.505497882048495883e-01
4.211425781250000000e-01 9.503301586965678949e-01
4.212646484375000000e-01 9.501099701335383729e-01
4.213867187500000000e-01 9.498892226452924081e-01
4.215087890625000000e-01 9.496679163616902342e-01
4.216308593750000000e-01 9.494460514129203776e-01
4.217529296875000000e-01 9.492236279295007684e-01
4.218750000000000000e-01 9.490006460422767409e-01
4.219970703125000000e-01 9.487771058824230330e-01
4.221191406250000000e-01 9.485530075814430084e-01
4.222412109375000000e-01 9.483283512711673247e-01
4.223632812500000000e-01 9.481031370837557093e-01
4.224853515625000000e-01 9.478773651516960719e-01
4.226074218750000000e-01 9.476510356078039488e-01
4.227294921875000000e-01 9.474241485852232803e-01
4.228515625000000000e-01 9.471967042174256335e-01
4.229736328125000000e-01 9.469687026382113126e-01
4.230957031250000000e-01 9.467401439817071385e-01
4.232177734375000000e-01 9.465110283823684467e-01
4.233398437500000000e-01 9.462813559749778669e-01
4.234619140625000000e-01 9.460511268946462105e-01
4.235839843750000000e-01 9.458203412768110274e-01
4.237060546875000000e-01 9.455889992572378278e-01
4.238281250000000000e-01 9.453571009720185270e-01
4.239501953125000000e-01 9.451246465575736666e-01
4.240722656250000000e-01 9.448916361506498607e-01
4.241943359375000000e-01 9.446580698883209060e-01
4.243164062500000000e-01 9.444239479079880040e-01
4.244384765625000000e-01 9.441892703473792059e-01
4.245605468750000000e-01 9.439540373445491905e-01
4.246826171875000000e-01 9.437182490378793753e-01
4.248046875000000000e-01 9.434819055660780274e-01
4.249267578125000000e-01 9.432450070681800414e-01
4.250488281250000000e-01 9.430075536835463845e-01
4.251708984375000000e-01 9.427695455518649847e-01
4.252929687500000000e-01 9.425309828131500645e-01
4.254150390625000000e-01 9.422918656077414745e-01
4.255371093750000000e-01 9.420521940763060265e-01
4.256591796875000000e-01 9.418119683598364933e-01
4.257812500000000000e-01 9.415711885996509434e-01
4.259033203125000000e-01 9.413298549373944057e-01
4.260253906250000000e-01 9.410879675150366497e-01
4.261474609375000000e-01 9.408455264748745162e-01
4.262695312500000000e-01 9.406025319595295864e-01
4.263916015625000000e-01 9.403589841119491810e-01
4.265136718750000000e-01 9.401148830754062491e-01
4.266357421875000000e-01 9.398702289934989240e-01
4.267578125000000000e-01 9.396250220101514117e-01
4.268798828125000000e-01 9.393792622696123251e-01
4.270019531250000000e-01 9.391329499164556838e-01
4.271240234375000000e-01 9.388860850955805804e-01
4.272460937500000000e-01 9.386386679522118470e-01
4.273681640625000000e-01 9.383906986318980570e-01
4.274902343750000000e-01 9.381421772805135229e-01
4.276123046875000000e-01 9.378931040442568534e-01
4.277343750000000000e-01 9.376434790696512867e-01
4.278564453125000000e-01 9.373933025035445787e-01
4.279785156250000000e-01 9.371425744931097812e-01
4.281005859375000000e-01 9.368912951858432425e-01
4.282226562500000000e-01 9.366394647295662734e-01
4.283447265625000000e-01 9.363870832724240367e-01
4.284667968750000000e-01 9.361341509628865465e-01
4.285888671875000000e-01 9.358806679497465586e-01
4.287109375000000000e-01 9.356266343821222353e-01
4.288330078125000000e-01 9.353720504094549248e-01
4.289550781250000000e-01 9.351169161815096054e-01
4.290771484375000000e-01 9.348612318483752182e-01
4.291992187500000000e-01 9.346049975604642235e-01
4.293212890625000000e-01 9.343482134685130447e-01
4.294433593750000000e-01 9.340908797235805139e-01
4.295654296875000000e-01 9.338329964770499814e-01
4.296875000000000000e-01 9.335745638806270952e-01
4.298095703125000000e-01 9.333155820863414665e-01
4.299316406250000000e-01 9.330560512465453371e-01
4.300537109375000000e-01 9.327959715139138019e-01
4.301757812500000000e-01 9.325353430414451417e-01
4.302978515625000000e-01 9.322741659824602678e-01
4.304199218750000000e-01 9.320124404906033888e-01
4.305419921875000000e-01 9.317501667198406778e-01
4.306640625000000000e-01 9.314873448244607168e-01
4.307861328125000000e-01 9.312239749590749405e-01
4.309082031250000000e-01 9.309600572786169703e-01
4.310302734375000000e-01 9.306955919383432807e-01
4.311523437500000000e-01 9.304305790938314225e-01
4.312744140625000000e-01 9.301650189009823544e-01
4.313964843750000000e-01 9.298989115160174457e-01
4.315185546875000000e-01 9.296322570954814735e-01
4.316406250000000000e-01 9.293650557962400693e-01
4.317626953125000000e-01 9.290973077754806075e-01
4.318847656250000000e-01 9.288290131907129821e-01
4.320068359375000000e-01 9.285601721997674973e-01
4.321289062500000000e-01 9.282907849607965334e-01
4.322509765625000000e-01 9.280208516322737688e-01
4.323730468750000000e-01 9.277503723729939589e-01
4.324951171875000000e-01 9.274793473420727130e-01
4.326171875000000000e-01 9.272077766989478276e-01
4.327392578125000000e-01 9.269356606033768431e-01
4.328613281250000000e-01 9.266629992154387097e-01
4.329833984375000000e-01 9.263897926955328987e-01
4.331054687500000000e-01 9.261160412043800694e-01
4.332275390625000000e-01 9.258417449030209578e-01
4.333496093750000000e-01 9.255669039528170439e-01
4.334716796875000000e-01 9.252915185154505506e-01
4.335937500000000000e-01 9.250155887529230014e-01
4.337158203125000000e-01 9.247391148275573292e-01
4.338378906250000000e-01 9.244620969019956558e-01
4.339599609375000000e-01 9.241845351392007357e-01
4.340820312500000000e-01 9.239064297024548456e-01
4.342041015625000000e-01 9.236277807553605612e-01
4.343261718750000000e-01 9.233485884618390926e-01
4.344482421875000000e-01 9.230688529861329483e-01
4.345703125000000000e-01 9.227885744928027156e-01
4.346923828125000000e-01 9.225077531467293923e-01
4.348144531250000000e-01 9.222263891131127211e-01
4.349365234375000000e-01 9.219444825574718561e-01
4.350585937500000000e-01 9.216620336456453622e-01
4.351806640625000000e-01 9.213790425437907716e-01
4.353027343750000000e-01 9.210955094183840286e-01
4.354248046875000000e-01 9.208114344362209325e-01
4.355468750000000000e-01 9.205268177644150285e-01
4.356689453125000000e-01 9.202416595703987179e-01
4.357910156250000000e-01 9.199559600219241462e-01
4.359130859375000000e-01 9.196697192870599835e-01
4.360351562500000000e-01 9.193829375341949772e-01
4.361572265625000000e-01 9.190956149320350654e-01
4.362792968750000000e-01 9.188077516496050423e-01
4.364013671875000000e-01 9.185193478562471148e-01
4.365234375000000000e-01 9.182304037216220127e-01
4.366455078125000000e-01 9.179409194157083229e-01
4.367675781250000000e-01 9.176508951088016008e-01
4.368896484375000000e-01 9.173603309715163689e-01
4.370117187500000000e-01 9.170692271747834523e-01
4.371337890625000000e-01 9.167775838898519769e-01
4.372558593750000000e-01 9.164854012882882595e-01
4.373779296875000000e-01 9.161926795419758074e-01
4.375000000000000000e-01 9.158994188231147637e-01
4.376220703125000000e-01 9.156056193042237945e-01
4.377441406250000000e-01 9.153112811581367581e-01
4.378662109375000000e-01 9.150164045580055916e-01
4.379882812500000000e-01 9.147209896772982018e-01
4.381103515625000000e-01 9.144250366898004634e-01
4.382324218750000000e-01 9.141285457696127770e-01
4.383544921875000000e-01 9.138315170911538443e-01
4.384765625000000000e-01 9.135339508291577815e-01
4.385986328125000000e-01 9.132358471586751181e-01
4.387207031250000000e-01 9.129372062550724642e-01
4.388427734375000000e-01 9.126380282940327326e-01
4.389648437500000000e-01 9.123383134515545834e-01
4.390869140625000000e-01 9.120380619039524239e-01
4.392089843750000000e-01 9.117372738278566313e-01
4.393310546875000000e-01 9.114359494002131079e-01
4.394531250000000000e-01 9.111340887982830594e-01
4.395751953125000000e-01 9.108316921996435500e-01
4.396972656250000000e-01 9.105287597821868362e-01
4.398193359375000000e-01 9.102252917241195895e-01
4.399414062500000000e-01 9.099212882039647843e-01
4.400634765625000000e-01 9.096167494005599208e-01
4.401855468750000000e-01 9.093116754930569146e-01
4.403076171875000000e-01 9.090060666609230955e-01
4.404296875000000000e-01 9.086999230839405417e-01
4.405517578125000000e-01 9.083932449422053024e-01
4.406738281250000000e-01 9.080860324161281749e-01
4.407958984375000000e-01 9.077782856864344829e-01
4.409179687500000000e-01 9.074700049341638541e-01
4.410400390625000000e-01 9.071611903406695543e-01
4.411621093750000000e-01 9.068518420876197084e-01
4.412841796875000000e-01 9.065419603569957463e-01
4.414062500000000000e-01 9.062315453310928470e-01
4.415283203125000000e-01 9.059205971925206047e-01
4.416503906250000000e-01 9.056091161242015852e-01
4.417724609375000000e-01 9.052971023093718816e-01
4.418945312500000000e-01 9.049845559315811139e-01
4.420166015625000000e-01 9.046714771746929840e-01
4.421386718750000000e-01 9.043578662228830556e-01
4.422607421875000000e-01 9.040437232606404194e-01
4.423828125000000000e-01 9.037290484727676931e-01
4.425048828125000000e-01 9.034138420443802442e-01
4.426269531250000000e-01 9.030981041609049687e-01
4.427490234375000000e-01 9.027818350080828447e-01
4.428710937500000000e-01 9.024650347719670451e-01
4.429931640625000000e-01 9.021477036389228266e-01
4.431152343750000000e-01 9.018298417956278623e-01
4.432373046875000000e-01 9.015114494290720204e-01
4.433593750000000000e-01 9.011925267265575856e-01
4.434814453125000000e-01 9.008730738756980383e-01
4.436035156250000000e-01 9.005530910644199416e-01
4.437255859375000000e-01 9.002325784809604992e-01
4.438476562500000000e-01 8.999115363138692203e-01
4.439697265625000000e-01 8.995899647520069209e-01
4.440917968750000000e-01 8.992678639845455013e-01
4.442138671875000000e-01 8.989452342009690566e-01
4.443359375000000000e-01 8.986220755910719893e-01
4.444580078125000000e-01 8.982983883449604523e-01
4.445800781250000000e-01 8.979741726530511281e-01
4.447021484375000000e-01 8.976494287060718946e-01
4.448242187500000000e-01 8.973241566950609371e-01
4.449462890625000000e-01 8.969983568113678585e-01
4.450683593750000000e-01 8.966720292466521247e-01
4.451904296875000000e-01 8.963451741928840644e-01
4.453125000000000000e-01 8.960177918423436472e-01
4.454345703125000000e-01 8.956898823876217053e-01
4.455566406250000000e-01 8.953614460216188231e-01
4.456787109375000000e-01 8.950324829375458924e-01
4.458007812500000000e-01 8.947029933289230019e-01
4.459228515625000000e-01 8.943729773895807700e-01
4.460449218750000000e-01 8.940424353136592339e-01
4.461669921875000000e-01 8.937113672956072952e-01
4.462890625000000000e-01 8.933797735301837184e-01
4.464111328125000000e-01 8.930476542124570205e-01
4.465332031250000000e-01 8.927150095378044714e-01
4.466552734375000000e-01 8.923818397019116500e-01
4.467773437500000000e-01 8.920481449007744423e-01
4.468994140625000000e-01 8.917139253306965996e-01
4.470214843750000000e-01 8.913791811882911809e-01
4.471435546875000000e-01 8.910439126704792212e-01
4.472656250000000000e-01 8.907081199744907307e-01
4.473876953125000000e-01 8.903718032978635843e-01
4.475097656250000000e-01 8.900349628384450762e-01
4.476318359375000000e-01 8.896975987943889219e-01
4.477539062500000000e-01 8.893597113641578122e-01
4.478759765625000000e-01 8.890213007465224138e-01
4.479980468750000000e-01 8.886823671405611469e-01
4.481201171875000000e-01 8.883429107456592977e-01
4.482421875000000000e-01 8.880029317615109052e-01
4.483642578125000000e-01 8.876624303881169853e-01
4.484863281250000000e-01 8.873214068257848641e-01
4.486083984375000000e-01 8.869798612751306210e-01
4.487304687500000000e-01 8.866377939370765349e-01
4.488525390625000000e-01 8.862952050128518611e-01
4.489746093750000000e-01 8.859520947039931649e-01
4.490966796875000000e-01 8.856084632123433220e-01
4.492187500000000000e-01 8.852643107400515188e-01
4.493408203125000000e-01 8.849196374895744732e-01
4.494628906250000000e-01 8.845744436636736596e-01
4.495849609375000000e-01 8.842287294654184171e-01
4.497070312500000000e-01 8.838824950981831741e-01
4.498291015625000000e-01 8.835357407656490025e-01
4.499511718750000000e-01 8.831884666718021748e-01
4.500732421875000000e-01 8.828406730209352737e-01
4.501953125000000000e-01 8.824923600176463045e-01
4.503173828125000000e-01 8.821435278668390279e-01
4.504394531250000000e-01 8.817941767737222936e-01
4.505615234375000000e-01 8.814443069438098188e-01
4.506835937500000000e-01 8.810939185829220754e-01
4.508056640625000000e-01 8.807430118971825150e-01
4.509277343750000000e-01 8.803915870930208998e-01
4.510498046875000000e-01 8.800396443771715260e-01
4.511718750000000000e-01 8.796871839566732243e-01
4.512939453125000000e-01 8.793342060388690262e-01
4.514160156250000000e-01 8.789807108314071638e-01
4.515380859375000000e-01 8.786266985422395148e-01
4.516601562500000000e-01 8.782721693796221585e-01
4.517822265625000000e-01 8.779171235521161520e-01
4.519042968750000000e-01 8.775615612685850886e-01
4.520263671875000000e-01 8.772054827381974285e-01
4.521484375000000000e-01 8.768488881704252780e-01
4.522705078125000000e-01 8.764917777750435013e-01
4.523925781250000000e-01 8.761341517621312747e-01
4.525146484375000000e-01 8.757760103420705322e-01
4.526367187500000000e-01 8.754173537255468540e-01
4.527587890625000000e-01 8.750581821235484670e-01
4.528808593750000000e-01 8.746984957473672440e-01
4.530029296875000000e-01 8.743382948085969275e-01
4.531250000000000000e-01 8.739775795191345731e-01
4.532470703125000000e-01 8.736163500911797719e-01
4.533691406250000000e-01 8.732546067372344289e-01
4.534912109375000000e-01 8.728923496701028739e-01
4.536132812500000000e-01 8.725295791028916392e-01
4.537353515625000000e-01 8.721662952490091270e-01
4.538574218750000000e-01 8.718024983221662749e-01
4.539794921875000000e-01 8.714381885363747804e-01
4.541015625000000000e-01 8.710733661059492094e-01
4.542236328125000000e-01 8.707080312455053317e-01
4.543457031250000000e-01 8.703421841699596762e-01
4.544677734375000000e-01 8.699758250945309745e-01
4.545898437500000000e-01 8.696089542347388290e-01
4.547119140625000000e-01 8.692415718064039343e-01
4.548339843750000000e-01 8.688736780256478553e-01
4.549560546875000000e-01 8.685052731088931388e-01
4.550781250000000000e-01 8.681363572728624245e-01
4.552001953125000000e-01 8.677669307345802219e-01
4.553222656250000000e-01 8.673969937113702455e-01
4.554443359375000000e-01 8.670265464208565254e-01
4.555664062500000000e-01 8.666555890809639617e-01
4.556884765625000000e-01 8.662841219099175483e-01
4.558105468750000000e-01 8.659121451262413727e-01
4.559326171875000000e-01 8.655396589487599490e-01
4.560546875000000000e-01 8.651666635965974406e-01
4.561767578125000000e-01 8.647931592891771047e-01
4.562988281250000000e-01 8.644191462462220699e-01
4.564208984375000000e-01 8.640446246877546699e-01
4.565429687500000000e-01 8.636695948340961104e-01
4.566650390625000000e-01 8.632940569058669134e-01
4.567871093750000000e-01 8.629180111239863615e-01
4.569091796875000000e-01 8.625414577096724988e-01
4.570312500000000000e-01 8.621643968844419081e-01
4.571533203125000000e-01 8.617868288701098223e-01
4.572753906250000000e-01 8.614087538887894580e-01
4.573974609375000000e-01 8.610301721628934590e-01
4.575195312500000000e-01 8.606510839151306769e-01
4.576416015625000000e-01 8.602714893685097231e-01
4.577636718750000000e-01 8.598913887463359718e-01
4.578857421875000000e-01 8.595107822722125590e-01
4.580078125000000000e-01 8.591296701700409377e-01
4.581298828125000000e-01 8.587480526640193235e-01
4.582519531250000000e-01 8.583659299786435826e-01
4.583740234375000000e-01 8.579833023387065660e-01
4.584960937500000000e-01 8.576001699692979985e-01
4.586181640625000000e-01 8.572165330958050333e-01
4.587402343750000000e-01 8.568323919439115866e-01
4.588623046875000000e-01 8.564477467395977817e-01
4.589843750000000000e-01 8.560625977091400607e-01
4.591064453125000000e-01 8.556769450791124054e-01
4.592285156250000000e-01 8.552907890763840060e-01
4.593505859375000000e-01 8.549041299281204820e-01
4.594726562500000000e-01 8.545169678617832165e-01
4.595947265625000000e-01 8.541293031051302442e-01
4.597167968750000000e-01 8.537411358862143640e-01
4.598388671875000000e-01 8.533524664333841381e-01
4.599609375000000000e-01 8.529632949752843363e-01
4.600830078125000000e-01 8.525736217408539375e-01
4.602050781250000000e-01 8.521834469593280170e-01
4.603271484375000000e-01 8.517927708602365255e-01
4.604492187500000000e-01 8.514015936734037338e-01
4.605712890625000000e-01 8.510099156289493427e-01
4.606933593750000000e-01 8.506177369572870406e-01
4.608154296875000000e-01 8.502250578891260568e-01
4.609375000000000000e-01 8.498318786554690529e-01
4.610595703125000000e-01 8.494381994876134545e-01
4.611816406250000000e-01 8.490440206171501192e-01
4.613037109375000000e-01 8.486493422759647798e-01
4.614257812500000000e-01 8.482541646962363791e-01
4.615478515625000000e-01 8.478584881104374027e-01
4.616699218750000000e-01 8.474623127513346565e-01
4.617919921875000000e-01 8.470656388519880453e-01
4.619140625000000000e-01 8.466684666457497954e-01
4.620361328125000000e-01 8.462707963662666755e-01
4.621582031250000000e-01 8.458726282474776648e-01
4.622802734375000000e-01 8.454739625236149525e-01
4.624023437500000000e-01 8.450747994292033827e-01
4.625244140625000000e-01 8.446751391990598989e-01
4.626464843750000000e-01 8.442749820682948769e-01
4.627685546875000000e-01 8.438743282723102368e-01
4.628906250000000000e-01 8.434731780467999984e-01
4.630126953125000000e-01 8.430715316277507254e-01
4.631347656250000000e-01 8.426693892514408590e-01
4.632568359375000000e-01 8.422667511544399410e-01
4.633789062500000000e-01 8.418636175736098348e-01
4.635009765625000000e-01 8.414599887461039485e-01
4.636230468750000000e-01 8.410558649093664574e-01
4.637451171875000000e-01 8.406512463011327485e-01
4.638671875000000000e-01 8.402461331594296423e-01
4.639892578125000000e-01 8.398405257225751708e-01
4.641113281250000000e-01 8.394344242291772451e-01
4.642333984375000000e-01 8.390278289181350990e-01
4.643554687500000000e-01 8.386207400286384006e-01
4.644775390625000000e-01 8.382131578001669192e-01
4.645996093750000000e-01 8.378050824724906365e-01
4.647216796875000000e-01 8.373965142856699684e-01
4.648437500000000000e-01 8.369874534800549881e-01
4.649658203125000000e-01 8.365779002962858701e-01
4.650878906250000000e-01 8.361678549752916689e-01
4.652099609375000000e-01 8.357573177582919843e-01
4.653320312500000000e-01 8.353462888867949632e-01
4.654541015625000000e-01 8.349347686025986315e-01
4.655761718750000000e-01 8.345227571477892292e-01
4.656982421875000000e-01 8.341102547647429866e-01
4.658203125000000000e-01 8.336972616961241256e-01
4.659423828125000000e-01 8.332837781848861924e-01
4.660644531250000000e-01 8.328698044742702811e-01
4.661865234375000000e-01 8.324553408078071426e-01
4.663085937500000000e-01 8.320403874293145208e-01
4.664306640625000000e-01 8.316249445828990394e-01
4.665527343750000000e-01 8.312090125129554252e-01
4.666748046875000000e-01 8.307925914641650644e-01
4.667968750000000000e-01 8.303756816814981123e-01
4.669189453125000000e-01 8.299582834102116058e-01
4.670410156250000000e-01 8.295403968958505736e-01
4.671630859375000000e-01 8.291220223842464820e-01
4.672851562500000000e-01 8.287031601215186782e-01
4.674072265625000000e-01 8.282838103540728358e-01
4.675292968750000000e-01 8.278639733286015101e-01
4.676513671875000000e-01 8.274436492920843600e-01
4.677734375000000000e-01 8.270228384917868159e-01
4.678955078125000000e-01 8.266015411752611897e-01
4.680175781250000000e-01 8.261797575903456758e-01
4.681396484375000000e-01 8.257574879851647953e-01
4.682617187500000000e-01 8.253347326081291735e-01
4.683837890625000000e-01 8.249114917079343190e-01
4.685058593750000000e-01 8.244877655335625111e-01
4.686279296875000000e-01 8.240635543342809122e-01
4.687500000000000000e-01 8.236388583596414570e-01
4.688720703125000000e-01 8.232136778594822957e-01
4.689941406250000000e-01 8.227880130839262396e-01
4.691162109375000000e-01 8.223618642833805392e-01
4.692382812500000000e-01 8.219352317085378834e-01
4.693603515625000000e-01 8.215081156103752891e-01
4.694824218750000000e-01 8.210805162401537682e-01
4.696044921875000000e-01 8.206524338494191051e-01
4.697265625000000000e-01 8.202238686900014120e-01
4.698486328125000000e-01 8.197948210140144631e-01
4.699707031250000000e-01 8.193652910738556949e-01
4.700927734375000000e-01 8.189352791222067607e-01
4.702148437500000000e-01 8.185047854120325317e-01
4.703369140625000000e-01 8.180738101965814302e-01
4.704589843750000000e-01 8.176423537293848742e-01
4.705810546875000000e-01 8.172104162642578329e-01
4.707031250000000000e-01 8.167779980552977159e-01
4.708251953125000000e-01 8.163450993568851510e-01
4.709472656250000000e-01 8.159117204236835397e-01
4.710693359375000000e-01 8.154778615106381690e-01
4.711914062500000000e-01 8.150435228729770998e-01
4.713134765625000000e-01 8.146087047662108338e-01
4.714355468750000000e-01 8.141734074461315362e-01
4.715576171875000000e-01 8.137376311688132580e-01
4.716796875000000000e-01 8.133013761906120465e-01
4.718017578125000000e-01 8.128646427681655018e-01
4.719238281250000000e-01 8.124274311583924435e-01
4.720458984375000000e-01 8.119897416184935768e-01
4.721679687500000000e-01 8.115515744059500491e-01
4.722900390625000000e-01 8.111129297785245607e-01
4.724121093750000000e-01 8.106738079942602537e-01
4.725341796875000000e-01 8.102342093114814903e-01
4.726562500000000000e-01 8.097941339887925194e-01
4.727783203125000000e-01 8.093535822850784767e-01
4.729003906250000000e-01 8.089125544595041628e-01
4.730224609375000000e-01 8.084710507715155980e-01
4.731445312500000000e-01 8.080290714808373576e-01
4.732666015625000000e-01 8.075866168474752360e-01
4.733886718750000000e-01 8.071436871317131390e-01
4.735107421875000000e-01 8.067002825941154143e-01
4.736328125000000000e-01 8.062564034955257419e-01
4.737548828125000000e-01 8.058120500970666900e-01
4.738769531250000000e-01 8.053672226601399364e-01
4.739990234375000000e-01 8.049219214464257144e-01
4.741210937500000000e-01 8.044761467178834780e-01
4.742431640625000000e-01 8.040298987367511252e-01
4.743652343750000000e-01 8.035831777655447761e-01
4.744873046875000000e-01 8.031359840670586614e-01
4.746093750000000000e-01 8.026883179043655669e-01
4.747314453125000000e-01 8.022401795408157232e-01
4.748535156250000000e-01 8.017915692400375827e-01
4.749755859375000000e-01 8.013424872659369314e-01
4.750976562500000000e-01 8.008929338826973332e-01
4.752197265625000000e-01 8.004429093547792418e-01
4.753417968750000000e-01 7.999924139469205553e-01
4.754638671875000000e-01 7.995414479241358396e-01
4.755859375000000000e-01 7.990900115517173274e-01
4.757080078125000000e-01 7.986381050952331417e-01
4.758300781250000000e-01 7.981857288205279621e-01
4.759521484375000000e-01 7.977328829937233579e-01
4.760742187500000000e-01 7.972795678812170106e-01
4.761962890625000000e-01 7.968257837496820484e-01
4.763183593750000000e-01 7.963715308660685999e-01
4.764404296875000000e-01 7.959168094976015739e-01
4.765625000000000000e-01 7.954616199117816588e-01
4.766845703125000000e-01 7.950059623763856553e-01
4.768066406250000000e-01 7.945498371594645892e-01
4.769287109375000000e-01 7.940932445293454878e-01
4.770507812500000000e-01 7.936361847546301584e-01
4.771728515625000000e-01 7.931786581041948558e-01
4.772949218750000000e-01 7.927206648471907258e-01
4.774169921875000000e-01 7.922622052530435832e-01
4.775390625000000000e-01 7.918032795914531352e-01
4.776611328125000000e-01 7.913438881323937579e-01
4.777832031250000000e-01 7.908840311461136086e-01
4.779052734375000000e-01 7.904237089031344032e-01
4.780273437500000000e-01 7.899629216742523052e-01
4.781494140625000000e-01 7.895016697305361486e-01
4.782714843750000000e-01 7.890399533433288815e-01
4.783935546875000000e-01 7.885777727842462337e-01
4.785156250000000000e-01 7.881151283251769391e-01
4.786376953125000000e-01 7.876520202382830682e-01
4.787597656250000000e-01 7.871884487959993626e-01
4.788818359375000000e-01 7.867244142710324573e-01
4.790039062500000000e-01 7.862599169363621021e-01
4.791259765625000000e-01 7.857949570652402738e-01
4.792480468750000000e-01 7.853295349311908424e-01
4.793701171875000000e-01 7.848636508080094609e-01
4.794921875000000000e-01 7.843973049697637867e-01
4.796142578125000000e-01 7.839304976907935929e-01
4.797363281250000000e-01 7.834632292457086589e-01
4.798583984375000000e-01 7.829954999093916568e-01
4.799804687500000000e-01 7.825273099569952651e-01
4.801025390625000000e-01 7.820586596639439447e-01
4.802246093750000000e-01 7.815895493059327181e-01
4.803466796875000000e-01 7.811199791589266139e-01
4.804687500000000000e-01 7.806499494991617771e-01
4.805908203125000000e-01 7.801794606031448032e-01
4.807128906250000000e-01 7.797085127476520716e-01
4.808349609375000000e-01 7.792371062097300793e-01
4.809570312500000000e-01 7.787652412666949964e-01
4.810791015625000000e-01 7.782929181961328879e-01
4.812011718750000000e-01 7.778201372758992704e-01
4.813232421875000000e-01 7.773468987841191113e-01
4.814453125000000000e-01 7.768732029991862742e-01
4.815673828125000000e-01 7.763990501997637406e-01
4.816894531250000000e-01 7.759244406647836101e-01
4.818115234375000000e-01 7.754493746734461013e-01
4.819335937500000000e-01 7.749738525052205507e-01
4.820556640625000000e-01 7.744978744398443027e-01
4.821777343750000000e-01 7.740214407573233757e-01
4.822998046875000000e-01 7.735445517379306857e-01
4.824218750000000000e-01 7.730672076622082667e-01
4.825439453125000000e-01 7.725894088109652724e-01
4.826660156250000000e-01 7.721111554652783093e-01
4.827880859375000000e-01 7.716324479064915476e-01
4.829101562500000000e-01 7.711532864162166101e-01
4.830322265625000000e-01 7.706736712763314623e-01
4.831542968750000000e-01 7.701936027689814113e-01
4.832763671875000000e-01 7.697130811765784397e-01
4.833984375000000000e-01 7.692321067818012059e-01
4.835205078125000000e-01 7.687506798675942665e-01
4.836425781250000000e-01 7.682688007171687428e-01
4.837646484375000000e-01 7.677864696140019873e-01
4.838867187500000000e-01 7.673036868418364742e-01
4.840087890625000000e-01 7.668204526846811309e-01
4.841308593750000000e-01 7.663367674268103391e-01
4.842529296875000000e-01 7.658526313527637130e-01
4.843750000000000000e-01 7.653680447473453219e-01
4.844970703125000000e-01 7.648830078956260214e-01
4.846191406250000000e-01 7.643975210829394573e-01
4.847412109375000000e-01 7.639115845948857286e-01
4.848632812500000000e-01 7.634251987173286125e-01
4.849853515625000000e-01 7.629383637363963411e-01
4.851074218750000000e-01 7.624510799384812687e-01
4.852294921875000000e-01 7.619633476102399827e-01
4.853515625000000000e-01 7.614751670385927484e-01
4.854736328125000000e-01 7.609865385107239533e-01
4.855957031250000000e-01 7.604974623140808854e-01
4.857177734375000000e-01 7.600079387363743999e-01
4.858398437500000000e-01 7.595179680655786969e-01
4.859619140625000000e-01 7.590275505899309882e-01
4.860839843750000000e-01 7.585366865979313866e-01
4.862060546875000000e-01 7.580453763783420174e-01
4.863281250000000000e-01 7.575536202201886837e-01
4.864501953125000000e-01 7.570614184127582025e-01
4.865722656250000000e-01 7.565687712456007352e-01
4.866943359375000000e-01 7.560756790085276791e-01
4.868164062500000000e-01 7.555821419916123327e-01
4.869384765625000000e-01 7.550881604851903406e-01
4.870605468750000000e-01 7.545937347798578054e-01
4.871826171875000000e-01 7.540988651664727316e-01
4.873046875000000000e-01 7.536035519361542478e-01
4.874267578125000000e-01 7.531077953802822744e-01
4.875488281250000000e-01 7.526115957904977449e-01
4.876708984375000000e-01 7.521149534587021623e-01
4.877929687500000000e-01 7.516178686770570438e-01
4.879150390625000000e-01 7.511203417379848091e-01
4.880371093750000000e-01 7.506223729341677808e-01
4.881591796875000000e-01 7.501239625585481852e-01
4.882812500000000000e-01 7.496251109043277072e-01
4.884033203125000000e-01 7.491258182649686015e-01
4.885253906250000000e-01 7.486260849341910273e-01
4.886474609375000000e-01 7.481259112059756022e-01
4.887695312500000000e-01 7.476252973745620700e-01
4.888916015625000000e-01 7.471242437344478571e-01
4.890136718750000000e-01 7.466227505803904041e-01
4.891357421875000000e-01 7.461208182074049455e-01
4.892578125000000000e-01 7.456184469107657309e-01
4.893798828125000000e-01 7.451156369860046924e-01
4.895019531250000000e-01 7.446123887289117782e-01
4.896240234375000000e-01 7.441087024355349522e-01
4.897460937500000000e-01 7.436045784021803051e-01
4.898681640625000000e-01 7.431000169254106114e-01
4.899902343750000000e-01 7.425950183020465500e-01
4.901123046875000000e-01 7.420895828291657059e-01
4.902343750000000000e-01 7.415837108041029024e-01
4.903564453125000000e-01 7.410774025244492025e-01
4.904785156250000000e-01 7.405706582880533517e-01
4.906005859375000000e-01 7.400634783930195582e-01
4.907226562500000000e-01 7.395558631377086023e-01
4.908447265625000000e-01 7.390478128207378372e-01
4.909667968750000000e-01 7.385393277409799673e-01
4.910888671875000000e-01 7.380304081975634922e-01
4.912109375000000000e-01 7.375210544898729292e-01
4.913330078125000000e-01 7.370112669175475917e-01
4.914550781250000000e-01 7.365010457804828103e-01
4.915771484375000000e-01 7.359903913788281571e-01
4.916992187500000000e-01 7.354793040129887771e-01
4.918212890625000000e-01 7.349677839836238347e-01
4.919433593750000000e-01 7.344558315916479563e-01
4.920654296875000000e-01 7.339434471382290104e-01
4.921875000000000000e-01 7.334306309247896616e-01
4.923095703125000000e-01 7.329173832530069266e-01
4.924316406250000000e-01 7.324037044248103978e-01
4.925537109375000000e-01 7.318895947423846859e-01
4.926757812500000000e-01 7.313750545081671994e-01
4.927978515625000000e-01 7.308600840248485886e-01
4.929199218750000000e-01 7.303446835953726346e-01
4.930419921875000000e-01 7.298288535229364715e-01
4.931640625000000000e-01 7.293125941109892540e-01
4.932861328125000000e-01 7.287959056632331567e-01
4.934082031250000000e-01 7.282787884836229297e-01
4.935302734375000000e-01 7.277612428763651220e-01
4.936523437500000000e-01 7.272432691459183030e-01
4.937744140625000000e-01 7.267248675969935068e-01
4.938964843750000000e-01 7.262060385345525670e-01
4.940185546875000000e-01 7.256867822638095600e-01
4.941406250000000000e-01 7.251670990902294722e-01
4.942626953125000000e-01 7.246469893195283118e-01
4.943847656250000000e-01 7.241264532576736634e-01
4.945068359375000000e-01 7.236054912108832449e-01
4.946289062500000000e-01 7.230841034856255733e-01
4.947509765625000000e-01 7.225622903886198545e-01
4.948730468750000000e-01 7.220400522268349830e-01
4.949951171875000000e-01 7.215173893074903200e-01
4.951171875000000000e-01 7.209943019380549156e-01
4.952392578125000000e-01 7.204707904262480644e-01
4.953613281250000000e-01 7.199468550800374178e-01
4.954833984375000000e-01 7.194224962076408714e-01
4.956054687500000000e-01 7.188977141175254548e-01
4.957275390625000000e-01 7.183725091184068878e-01
4.958496093750000000e-01 7.178468815192496910e-01
4.959716796875000000e-01 7.173208316292670750e-01
4.960937500000000000e-01 7.167943597579202741e-01
4.962158203125000000e-01 7.162674662149196569e-01
4.963378906250000000e-01 7.157401513102227275e-01
4.964599609375000000e-01 7.152124153540356799e-01
4.965820312500000000e-01 7.146842586568117328e-01
4.967041015625000000e-01 7.141556815292514626e-01
4.968261718750000000e-01 7.136266842823038026e-01
4.969482421875000000e-01 7.130972672271641555e-01
4.970703125000000000e-01 7.125674306752742826e-01
4.971923828125000000e-01 7.120371749383244131e-01
4.973144531250000000e-01 7.115065003282494693e-01
4.974365234375000000e-01 7.109754071572319534e-01
4.975585937500000000e-01 7.104438957377000596e-01
4.976806640625000000e-01 7.099119663823287851e-01
4.978027343750000000e-01 7.093796194040383751e-01
4.979248046875000000e-01 7.088468551159943232e-01
4.980468750000000000e-01 7.083136738316085923e-01
4.981689453125000000e-01 7.077800758645377277e-01
4.982910156250000000e-01 7.072460615286837449e-01
4.984130859375000000e-01 7.067116311381936855e-01
4.985351562500000000e-01 7.061767850074589514e-01
4.986572265625000000e-01 7.056415234511159706e-01
4.987792968750000000e-01 7.051058467840450872e-01
4.989013671875000000e-01 7.045697553213713382e-01
4.990234375000000000e-01 7.040332493784632328e-01
4.991455078125000000e-01 7.034963292709336402e-01
4.992675781250000000e-01 7.029589953146386794e-01
4.993896484375000000e-01 7.024212478256780523e-01
4.995117187500000000e-01 7.018830871203949329e-01
4.996337890625000000e-01 7.013445135153751897e-01
4.997558593750000000e-01 7.008055273274479413e-01
4.998779296875000000e-01 7.002661288736850009e-01
5.000000000000000000e-01 6.997263184713999884e-01
5.001220703125000000e-01 6.991860964381502175e-01
5.002441406250000000e-01 6.986454630917338093e-01
5.003662109375000000e-01 6.981044187501919129e-01
5.004882812500000000e-01 6.975629637318065956e-01
5.006103515625000000e-01 6.970210983551021755e-01
5.007324218750000000e-01 6.964788229388437779e-01
5.008544921875000000e-01 6.959361378020383349e-01
5.009765625000000000e-01 6.953930432639332526e-01
5.010986328125000000e-01 6.948495396440175220e-01
5.012207031250000000e-01 6.943056272620198310e-01
5.013427734375000000e-01 6.937613064379100081e-01
5.014648437500000000e-01 6.932165774918980228e-01
5.015869140625000000e-01 6.926714407444338750e-01
5.017089843750000000e-01 6.921258965162073729e-01
5.018310546875000000e-01 6.915799451281482435e-01
5.019531250000000000e-01 6.910335869014254673e-01
5.020751953125000000e-01 6.904868221574476106e-01
5.021972656250000000e-01 6.899396512178624929e-01
5.023193359375000000e-01 6.893920744045562987e-01
5.024414062500000000e-01 6.888440920396544653e-01
5.025634765625000000e-01 6.882957044455211282e-01
5.026855468750000000e-01 6.877469119447583434e-01
5.028076171875000000e-01 6.871977148602066432e-01
5.029296875000000000e-01 6.866481135149445914e-01
5.030517578125000000e-01 6.860981082322885616e-01
5.031738281250000000e-01 6.855476993357921822e-01
5.032958984375000000e-01 6.849968871492471134e-01
5.034179687500000000e-01 6.844456719966819369e-01
5.035400390625000000e-01 6.838940542023622671e-01
5.036621093750000000e-01 6.833420340907906398e-01
5.037841796875000000e-01 6.827896119867062907e-01
5.039062500000000000e-01 6.822367882150849328e-01
5.040283203125000000e-01 6.816835631011386454e-01
5.041503906250000000e-01 6.811299369703150974e-01
5.042724609375000000e-01 6.805759101482986573e-01
5.043945312500000000e-01 6.800214829610089495e-01
5.045166015625000000e-01 6.794666557346012992e-01
5.046386718750000000e-01 6.789114287954660654e-01
5.047607421875000000e-01 6.783558024702289746e-01
5.048828125000000000e-01 6.777997770857507875e-01
5.050048828125000000e-01 6.772433529691270770e-01
5.051269531250000000e-01 6.766865304476873400e-01
5.052490234375000000e-01 6.761293098489962183e-01
5.053710937500000000e-01 6.755716915008522783e-01
5.054931640625000000e-01 6.750136757312878988e-01
5.056152343750000000e-01 6.744552628685694939e-01
5.057373046875000000e-01 6.738964532411968467e-01
5.058593750000000000e-01 6.733372471779033308e-01
5.059814453125000000e-01 6.727776450076554671e-01
5.061035156250000000e-01 6.722176470596528119e-01
5.062255859375000000e-01 6.716572536633276247e-01
5.063476562500000000e-01 6.710964651483450893e-01
5.064697265625000000e-01 6.705352818446026486e-01
5.065917968750000000e-01 6.699737040822295597e-01
5.067138671875000000e-01 6.694117321915880048e-01
5.068359375000000000e-01 6.688493665032714253e-01
5.069580078125000000e-01 6.682866073481050773e-01
5.070800781250000000e-01 6.677234550571455873e-01
5.072021484375000000e-01 6.671599099616809525e-01
5.073242187500000000e-01 6.665959723932304293e-01
5.074462890625000000e-01 6.660316426835437564e-01
5.075683593750000000e-01 6.654669211646015992e-01
5.076904296875000000e-01 6.649018081686152160e-01
5.078125000000000000e-01 6.643363040280257925e-01
5.079345703125000000e-01 6.637704090755049968e-01
5.080566406250000000e-01 6.632041236439542020e-01
5.081787109375000000e-01 6.626374480665044864e-01
5.083007812500000000e-01 6.620703826765167443e-01
5.084228515625000000e-01 6.615029278075805763e-01
5.085449218750000000e-01 6.609350837935152878e-01
5.086669921875000000e-01 6.603668509683688903e-01
5.087890625000000000e-01 6.597982296664179902e-01
5.089111328125000000e-01 6.592292202221678998e-01
5.090332031250000000e-01 6.586598229703521934e-01
5.091552734375000000e-01 6.580900382459325959e-01
5.092773437500000000e-01 6.575198663840988722e-01
5.093994140625000000e-01 6.569493077202683828e-01
5.095214843750000000e-01 6.563783625900860841e-01
5.096435546875000000e-01 6.558070313294244169e-01
5.097656250000000000e-01 6.552353142743825298e-01
5.098876953125000000e-01 6.546632117612870561e-01
5.100097656250000000e-01 6.540907241266913363e-01
5.101318359375000000e-01 6.535178517073746418e-01
5.102539062500000000e-01 6.529445948403433952e-01
5.103759765625000000e-01 6.523709538628298388e-01
5.104980468750000000e-01 6.517969291122920339e-01
5.106201171875000000e-01 6.512225209264139725e-01
5.107421875000000000e-01 6.506477296431052437e-01
5.108642578125000000e-01 6.500725556005009231e-01
5.109863281250000000e-01 6.494969991369605733e-01
5.111083984375000000e-01 6.489210605910697982e-01
5.112304687500000000e-01 6.483447403016380228e-01
5.113525390625000000e-01 6.477680386076998253e-01
5.114746093750000000e-01 6.471909558485138270e-01
5.115966796875000000e-01 6.466134923635632470e-01
5.117187500000000000e-01 6.460356484925544596e-01
5.118408203125000000e-01 6.454574245754185480e-01
5.119628906250000000e-01 6.448788209523096393e-01
5.120849609375000000e-01 6.442998379636053485e-01
5.122070312500000000e-01 6.437204759499062234e-01
5.123291015625000000e-01 6.431407352520364107e-01
5.124511718750000000e-01 6.425606162110419906e-01
5.125732421875000000e-01 6.419801191681924202e-01
5.126953125000000000e-01 6.413992444649787572e-01
5.128173828125000000e-01 6.408179924431152141e-01
5.129394531250000000e-01 6.402363634445368268e-01
5.130615234375000000e-01 6.396543578114011197e-01
5.131835937500000000e-01 6.390719758860872179e-01
5.133056640625000000e-01 6.384892180111950699e-01
5.134277343750000000e-01 6.379060845295463356e-01
5.135498046875000000e-01 6.373225757841833872e-01
5.136718750000000000e-01 6.367386921183694204e-01
5.137939453125000000e-01 6.361544338755880101e-01
5.139160156250000000e-01 6.355698013995432216e-01
5.140380859375000000e-01 6.349847950341596103e-01
5.141601562500000000e-01 6.343994151235808898e-01
5.142822265625000000e-01 6.338136620121713749e-01
5.144042968750000000e-01 6.332275360445142054e-01
5.145263671875000000e-01 6.326410375654123452e-01
5.146484375000000000e-01 6.320541669198878054e-01
5.147705078125000000e-01 6.314669244531814218e-01
5.148925781250000000e-01 6.308793105107526333e-01
5.150146484375000000e-01 6.302913254382798147e-01
5.151367187500000000e-01 6.297029695816592776e-01
5.152587890625000000e-01 6.291142432870057144e-01
5.153808593750000000e-01 6.285251469006516434e-01
5.155029296875000000e-01 6.279356807691472975e-01
5.156250000000000000e-01 6.273458452392601803e-01
5.157470703125000000e-01 6.267556406579756212e-01
5.158691406250000000e-01 6.261650673724956651e-01
5.159912109375000000e-01 6.255741257302394054e-01
5.161132812500000000e-01 6.249828160788425402e-01
5.162353515625000000e-01 6.243911387661573720e-01
5.163574218750000000e-01 6.237990941402522527e-01
5.164794921875000000e-01 6.232066825494118056e-01
5.166015625000000000e-01 6.226139043421365926e-01
5.167236328125000000e-01 6.220207598671430027e-01
5.168457031250000000e-01 6.214272494733621421e-01
5.169677734375000000e-01 6.208333735099411665e-01
5.170898437500000000e-01 6.202391323262420597e-01
5.172119140625000000e-01 6.196445262718415226e-01
5.173339843750000000e-01 6.190495556965308621e-01
5.174560546875000000e-01 6.184542209503162136e-01
5.175781250000000000e-01 6.178585223834173190e-01
5.177001953125000000e-01 6.172624603462685267e-01
5.178222656250000000e-01 6.166660351895179026e-01
5.179443359375000000e-01 6.160692472640266759e-01
5.180664062500000000e-01 6.154720969208700154e-01
5.181884765625000000e-01 6.148745845113361419e-01
5.183105468750000000e-01 6.142767103869259948e-01
5.184326171875000000e-01 6.136784748993535654e-01
5.185546875000000000e-01 6.130798784005454527e-01
5.186767578125000000e-01 6.124809212426405303e-01
5.187988281250000000e-01 6.118816037779899464e-01
5.189208984375000000e-01 6.112819263591565688e-01
5.190429687500000000e-01 6.106818893389152070e-01
5.191650390625000000e-01 6.100814930702522787e-01
5.192871093750000000e-01 6.094807379063654773e-01
5.194091796875000000e-01 6.088796242006633275e-01
5.195312500000000000e-01 6.082781523067658513e-01
5.196533203125000000e-01 6.076763225785033473e-01
5.197753906250000000e-01 6.070741353699165010e-01
5.198974609375000000e-01 6.064715910352567185e-01
5.200195312500000000e-01 6.058686899289855710e-01
5.201416015625000000e-01 6.052654324057740176e-01
5.202636718750000000e-01 6.046618188205028499e-01
5.203857421875000000e-01 6.040578495282622473e-01
5.205078125000000000e-01 6.034535248843522215e-01
5.206298828125000000e-01 6.028488452442810619e-01
5.207519531250000000e-01 6.022438109637662240e-01
5.208740234375000000e-01 6.016384223987338853e-01
5.209960937500000000e-01 6.010326799053185010e-01
5.211181640625000000e-01 6.004265838398629151e-01
5.212402343750000000e-01 5.998201345589176947e-01
5.213623046875000000e-01 5.992133324192413513e-01
5.214843750000000000e-01 5.986061777777997861e-01
5.216064453125000000e-01 5.979986709917666232e-01
5.217285156250000000e-01 5.973908124185226542e-01
5.218505859375000000e-01 5.967826024156548392e-01
5.219726562500000000e-01 5.961740413409580830e-01
5.220947265625000000e-01 5.955651295524329036e-01
5.222167968750000000e-01 5.949558674082862098e-01
5.223388671875000000e-01 5.943462552669314114e-01
5.224609375000000000e-01 5.937362934869877540e-01
5.225830078125000000e-01 5.931259824272799852e-01
5.227050781250000000e-01 5.925153224468380220e-01
5.228271484375000000e-01 5.919043139048980606e-01
5.229492187500000000e-01 5.912929571609000234e-01
5.230712890625000000e-01 5.906812525744897791e-01
5.231933593750000000e-01 5.900692005055171441e-01
5.233154296875000000e-01 5.894568013140367713e-01
5.234375000000000000e-01 5.888440553603069283e-01
5.235595703125000000e-01 5.882309630047908300e-01
5.236816406250000000e-01 5.876175246081545289e-01
5.238037109375000000e-01 5.870037405312682477e-01
5.239257812500000000e-01 5.863896111352051577e-01
5.240478515625000000e-01 5.857751367812417120e-01
5.241699218750000000e-01 5.851603178308575348e-01
5.242919921875000000e-01 5.845451546457348657e-01
5.244140625000000000e-01 5.839296475877580050e-01
5.245361328125000000e-01 5.833137970190140908e-01
5.246582031250000000e-01 5.826976033017923218e-01
5.247802734375000000e-01 5.820810667985831799e-01
5.249023437500000000e-01 5.814641878720795409e-01
5.250244140625000000e-01 5.808469668851752310e-01
5.251464843750000000e-01 5.802294042009655817e-01
5.252685546875000000e-01 5.796115001827467639e-01
5.253906250000000000e-01 5.789932551940155658e-01
5.255126953125000000e-01 5.783746695984698372e-01
5.256347656250000000e-01 5.777557437600076007e-01
5.257568359375000000e-01 5.771364780427267194e-01
5.258789062500000000e-01 5.765168728109254515e-01
5.260009765625000000e-01 5.758969284291016733e-01
5.261230468750000000e-01 5.752766452619524351e-01
5.262451171875000000e-01 5.746560236743744055e-01
5.263671875000000000e-01 5.740350640314634267e-01
5.264892578125000000e-01 5.734137666985140713e-01
5.266113281250000000e-01 5.727921320410193085e-01
5.267333984375000000e-01 5.721701604246709483e-01
5.268554687500000000e-01 5.715478522153587537e-01
5.269775390625000000e-01 5.709252077791708846e-01
5.270996093750000000e-01 5.703022274823927873e-01
5.272216796875000000e-01 5.696789116915078610e-01
5.273437500000000000e-01 5.690552607731964585e-01
5.274658203125000000e-01 5.684312750943367742e-01
5.275878906250000000e-01 5.678069550220030681e-01
5.277099609375000000e-01 5.671823009234671087e-01
5.278320312500000000e-01 5.665573131661963968e-01
5.279541015625000000e-01 5.659319921178556090e-01
5.280761718750000000e-01 5.653063381463045989e-01
5.281982421875000000e-01 5.646803516195998407e-01
5.283203125000000000e-01 5.640540329059926528e-01
5.284423828125000000e-01 5.634273823739308629e-01
5.285644531250000000e-01 5.628004003920560328e-01
5.286865234375000000e-01 5.621730873292059005e-01
5.288085937500000000e-01 5.615454435544127154e-01
5.289306640625000000e-01 5.609174694369030156e-01
5.290527343750000000e-01 5.602891653460977395e-01
5.291748046875000000e-01 5.596605316516118922e-01
5.292968750000000000e-01 5.590315687232547681e-01
5.294189453125000000e-01 5.584022769310288403e-01
5.295410156250000000e-01 5.577726566451302048e-01
5.296630859375000000e-01 5.571427082359485805e-01
5.297851562500000000e-01 5.565124320740659769e-01
5.299072265625000000e-01 5.558818285302580264e-01
5.300292968750000000e-01 5.552508979754922080e-01
5.301513671875000000e-01 5.546196407809287354e-01
5.302734375000000000e-01 5.539880573179202239e-01
5.303955078125000000e-01 5.533561479580108022e-01
5.305175781250000000e-01 5.527239130729363348e-01
5.306396484375000000e-01 5.520913530346243103e-01
5.307617187500000000e-01 5.514584682151937312e-01
5.308837890625000000e-01 5.508252589869544469e-01
5.310058593750000000e-01 5.501917257224069324e-01
5.311279296875000000e-01 5.495578687942426210e-01
5.312500000000000000e-01 5.489236885753430162e-01
5.313720703125000000e-01 5.482891854387801356e-01
5.314941406250000000e-01 5.476543597578158451e-01
5.316162109375000000e-01 5.470192119059018587e-01
5.317382812500000000e-01 5.463837422566789614e-01
5.318603515625000000e-01 5.457479511839778974e-01
5.319824218750000000e-01 5.451118390618179266e-01
5.321044921875000000e-01 5.444754062644074910e-01
5.322265625000000000e-01 5.438386531661438816e-01
5.323486328125000000e-01 5.432015801416121281e-01
5.324707031250000000e-01 5.425641875655861091e-01
5.325927734375000000e-01 5.419264758130273307e-01
5.327148437500000000e-01 5.412884452590853712e-01
5.328369140625000000e-01 5.406500962790971032e-01
5.329589843750000000e-01 5.400114292485866940e-01
5.330810546875000000e-01 5.393724445432654946e-01
5.332031250000000000e-01 5.387331425390318174e-01
5.333251953125000000e-01 5.380935236119703813e-01
5.334472656250000000e-01 5.374535881383530889e-01
5.335693359375000000e-01 5.368133364946368058e-01
5.336914062500000000e-01 5.361727690574653593e-01
5.338134765625000000e-01 5.355318862036682059e-01
5.339355468750000000e-01 5.348906883102598764e-01
5.340576171875000000e-01 5.342491757544407527e-01
5.341796875000000000e-01 5.336073489135964021e-01
5.343017578125000000e-01 5.329652081652966888e-01
5.344238281250000000e-01 5.323227538872964404e-01
5.345458984375000000e-01 5.316799864575352252e-01
5.346679687500000000e-01 5.310369062541362428e-01
5.347900390625000000e-01 5.303935136554074337e-01
5.349121093750000000e-01 5.297498090398395920e-01
5.350341796875000000e-01 5.291057927861079202e-01
5.351562500000000000e-01 5.284614652730703632e-01
5.352783203125000000e-01 5.278168268797684970e-01
5.354003906250000000e-01 5.271718779854261960e-01
5.355224609375000000e-01 5.265266189694501886e-01
5.356445312500000000e-01 5.258810502114301677e-01
5.357666015625000000e-01 5.252351720911372368e-01
5.358886718750000000e-01 5.245889849885249090e-01
5.360107421875000000e-01 5.239424892837283299e-01
5.361328125000000000e-01 5.232956853570646105e-01
5.362548828125000000e-01 5.226485735890316064e-01
5.363769531250000000e-01 5.220011543603084725e-01
5.364990234375000000e-01 5.213534280517552189e-01
5.366210937500000000e-01 5.207053950444126000e-01
5.367431640625000000e-01 5.200570557195018928e-01
5.368652343750000000e-01 5.194084104584242301e-01
5.369873046875000000e-01 5.187594596427609339e-01
5.371093750000000000e-01 5.181102036542730715e-01
5.372314453125000000e-01 5.174606428749011222e-01
5.373535156250000000e-01 5.168107776867653103e-01
5.374755859375000000e-01 5.161606084721640508e-01
5.375976562500000000e-01 5.155101356135756152e-01
5.377197265625000000e-01 5.148593594936561324e-01
5.378417968750000000e-01 5.142082804952405883e-01
5.379638671875000000e-01 5.135568990013418267e-01
5.380859375000000000e-01 5.129052153951509929e-01
5.382080078125000000e-01 5.122532300600366462e-01
5.383300781250000000e-01 5.116009433795448702e-01
5.384521484375000000e-01 5.109483557373991625e-01
5.385742187500000000e-01 5.102954675175002119e-01
5.386962890625000000e-01 5.096422791039251221e-01
5.388183593750000000e-01 5.089887908809278549e-01
5.389404296875000000e-01 5.083350032329390089e-01
5.390625000000000000e-01 5.076809165445643757e-01
5.391845703125000000e-01 5.070265312005868275e-01
5.393066406250000000e-01 5.063718475859642076e-01
5.394287109375000000e-01 5.057168660858299969e-01
5.395507812500000000e-01 5.050615870854929801e-01
5.396728515625000000e-01 5.044060109704369133e-01
5.397949218750000000e-01 5.037501381263203015e-01
5.399169921875000000e-01 5.030939689389763991e-01
5.400390625000000000e-01 5.024375037944124323e-01
5.401611328125000000e-01 5.017807430788099321e-01
5.402832031250000000e-01 5.011236871785245128e-01
5.404052734375000000e-01 5.004663364800848724e-01
5.405273437500000000e-01 4.998086913701938472e-01
5.406494140625000000e-01 4.991507522357270243e-01
5.407714843750000000e-01 4.984925194637329082e-01
5.408935546875000000e-01 4.978339934414331425e-01
5.410156250000000000e-01 4.971751745562212332e-01
5.411376953125000000e-01 4.965160631956636039e-01
5.412597656250000000e-01 4.958566597474986515e-01
5.413818359375000000e-01 4.951969645996360803e-01
5.415039062500000000e-01 4.945369781401576792e-01
5.416259765625000000e-01 4.938767007573166556e-01
5.417480468750000000e-01 4.932161328395368582e-01
5.418701171875000000e-01 4.925552747754136096e-01
5.419921875000000000e-01 4.918941269537126515e-01
5.421142578125000000e-01 4.912326897633702560e-01
5.422363281250000000e-01 4.905709635934926705e-01
5.423583984375000000e-01 4.899089488333565057e-01
5.424804687500000000e-01 4.892466458724080147e-01
5.426025390625000000e-01 4.885840551002629262e-01
5.427246093750000000e-01 4.879211769067062776e-01
5.428466796875000000e-01 4.872580116816924156e-01
5.429687500000000000e-01 4.865945598153439966e-01
5.430908203125000000e-01 4.859308216979529860e-01
5.432128906250000000e-01 4.852667977199793259e-01
5.433349609375000000e-01 4.846024882720511573e-01
5.434570312500000000e-01 4.839378937449645979e-01
5.435791015625000000e-01 4.832730145296836866e-01
5.437011718750000000e-01 4.826078510173393288e-01
5.438232421875000000e-01 4.819424035992305733e-01
5.439453125000000000e-01 4.812766726668225581e-01
5.440673828125000000e-01 4.806106586117481205e-01
5.441894531250000000e-01 4.799443618258057431e-01
5.443115234375000000e-01 4.792777827009606084e-01
5.444335937500000000e-01 4.786109216293444324e-01
5.445556640625000000e-01 4.779437790032541877e-01
5.446777343750000000e-01 4.772763552151526589e-01
5.447998046875000000e-01 4.766086506576682202e-01
5.449218750000000000e-01 4.759406657235941140e-01
5.450439453125000000e-01 4.752724008058886729e-01
5.451660156250000000e-01 4.746038562976748199e-01
5.452880859375000000e-01 4.739350325922404017e-01
5.454101562500000000e-01 4.732659300830369120e-01
5.455322265625000000e-01 4.725965491636802684e-01
5.456542968750000000e-01 4.719268902279498135e-01
5.457763671875000000e-01 4.712569536697888695e-01
5.458984375000000000e-01 4.705867398833037396e-01
5.460205078125000000e-01 4.699162492627638743e-01
5.461425781250000000e-01 4.692454822026017602e-01
5.462646484375000000e-01 4.685744390974121987e-01
5.463867187500000000e-01 4.679031203419527496e-01
5.465087890625000000e-01 4.672315263311428435e-01
5.466308593750000000e-01 4.665596574600639479e-01
5.467529296875000000e-01 4.658875141239594009e-01
5.468750000000000000e-01 4.652150967182334673e-01
5.469970703125000000e-01 4.645424056384521161e-01
5.471191406250000000e-01 4.638694412803422429e-01
5.472412109375000000e-01 4.631962040397913372e-01
5.473632812500000000e-01 4.625226943128477042e-01
5.474853515625000000e-01 4.618489124957196323e-01
5.476074218750000000e-01 4.611748589847755597e-01
5.477294921875000000e-01 4.605005341765437965e-01
5.478515625000000000e-01 4.598259384677124140e-01
5.479736328125000000e-01 4.591510722551285784e-01
5.480957031250000000e-01 4.584759359357986619e-01
5.482177734375000000e-01 4.578005299068879652e-01
5.483398437500000000e-01 4.571248545657205509e-01
5.484619140625000000e-01 4.564489103097787992e-01
5.485839843750000000e-01 4.557726975367032418e-01
5.487060546875000000e-01 4.550962166442925061e-01
5.488281250000000000e-01 4.544194680305026490e-01
5.489501953125000000e-01 4.537424520934477123e-01
5.490722656250000000e-01 4.530651692313987233e-01
5.491943359375000000e-01 4.523876198427834727e-01
5.493164062500000000e-01 4.517098043261870144e-01
5.494384765625000000e-01 4.510317230803508881e-01
5.495605468750000000e-01 4.503533765041724535e-01
5.496826171875000000e-01 4.496747649967058336e-01
5.498046875000000000e-01 4.489958889571605272e-01
5.499267578125000000e-01 4.483167487849019639e-01
5.500488281250000000e-01 4.476373448794506160e-01
5.501708984375000000e-01 4.469576776404823870e-01
5.502929687500000000e-01 4.462777474678281675e-01
5.504150390625000000e-01 4.455975547614730581e-01
5.505371093750000000e-01 4.449170999215570910e-01
5.506591796875000000e-01 4.442363833483743973e-01
5.507812500000000000e-01 4.435554054423727077e-01
5.509033203125000000e-01 4.428741666041541292e-01
5.510253906250000000e-01 4.421926672344735354e-01
5.511474609375000000e-01 4.415109077342396771e-01
5.512695312500000000e-01 4.408288885045142380e-01
5.513916015625000000e-01 4.401466099465113913e-01
5.515136718750000000e-01 4.394640724615979654e-01
5.516357421875000000e-01 4.387812764512931674e-01
5.517578125000000000e-01 4.380982223172685264e-01
5.518798828125000000e-01 4.374149104613470618e-01
5.520019531250000000e-01 4.367313412855034493e-01
5.521240234375000000e-01 4.360475151918638548e-01
5.522460937500000000e-01 4.353634325827056561e-01
5.523681640625000000e-01 4.346790938604569443e-01
5.524902343750000000e-01 4.339944994276965784e-01
5.526123046875000000e-01 4.333096496871538528e-01
5.527343750000000000e-01 4.326245450417081639e-01
5.528564453125000000e-01 4.319391858943888995e-01
5.529785156250000000e-01 4.312535726483753828e-01
5.531005859375000000e-01 4.305677057069959290e-01
5.532226562500000000e-01 4.298815854737286779e-01
5.533447265625000000e-01 4.291952123522003726e-01
5.534667968750000000e-01 4.285085867461864706e-01
5.535888671875000000e-01 4.278217090596113104e-01
5.537109375000000000e-01 4.271345796965473340e-01
5.538330078125000000e-01 4.264471990612150321e-01
5.539550781250000000e-01 4.257595675579826655e-01
5.540771484375000000e-01 4.250716855913660996e-01
5.541992187500000000e-01 4.243835535660286928e-01
5.543212890625000000e-01 4.236951718867807970e-01
5.544433593750000000e-01 4.230065409585793690e-01
5.545654296875000000e-01 4.223176611865286367e-01
5.546875000000000000e-01 4.216285329758783784e-01
5.548095703125000000e-01 4.209391567320253658e-01
5.549316406250000000e-01 4.202495328605116431e-01
5.550537109375000000e-01 4.195596617670251383e-01
5.551757812500000000e-01 4.188695438573995511e-01
5.552978515625000000e-01 4.181791795376131327e-01
5.554199218750000000e-01 4.174885692137894622e-01
5.555419921875000000e-01 4.167977132921970584e-01
5.556640625000000000e-01 4.161066121792483252e-01
5.557861328125000000e-01 4.154152662815005503e-01
5.559082031250000000e-01 4.147236760056544624e-01
5.560302734375000000e-01 4.140318417585548416e-01
5.561523437500000000e-01 4.133397639471901308e-01
5.562744140625000000e-01 4.126474429786916587e-01
5.563964843750000000e-01 4.119548792603341392e-01
5.565185546875000000e-01 4.112620731995351164e-01
5.566406250000000000e-01 4.105690252038541321e-01
5.567626953125000000e-01 4.098757356809937247e-01
5.568847656250000000e-01 4.091822050387983745e-01
5.570068359375000000e-01 4.084884336852540043e-01
5.571289062500000000e-01 4.077944220284886456e-01
5.572509765625000000e-01 4.071001704767714391e-01
5.573730468750000000e-01 4.064056794385125793e-01
5.574951171875000000e-01 4.057109493222633145e-01
5.576171875000000000e-01 4.050159805367155030e-01
5.577392578125000000e-01 4.043207734907014461e-01
5.578613281250000000e-01 4.036253285931932777e-01
5.579833984375000000e-01 4.029296462533034640e-01
5.581054687500000000e-01 4.022337268802841925e-01
5.582275390625000000e-01 4.015375708835266511e-01
5.583496093750000000e-01 4.008411786725615267e-01
5.584716796875000000e-01 4.001445506570585064e-01
5.585937500000000000e-01 3.994476872468256667e-01
5.587158203125000000e-01 3.987505888518101393e-01
5.588378906250000000e-01 3.980532558820966682e-01
5.589599609375000000e-01 3.973556887479084421e-01
5.590820312500000000e-01 3.966578878596061508e-01
5.592041015625000000e-01 3.959598536276881520e-01
5.593261718750000000e-01 3.952615864627898046e-01
5.594482421875000000e-01 3.945630867756839688e-01
5.595703125000000000e-01 3.938643549772797292e-01
5.596923828125000000e-01 3.931653914786233384e-01
5.598144531250000000e-01 3.924661966908967181e-01
5.599365234375000000e-01 3.917667710254181812e-01
5.600585937500000000e-01 3.910671148936420427e-01
5.601806640625000000e-01 3.903672287071578428e-01
5.603027343750000000e-01 3.896671128776904580e-01
5.604248046875000000e-01 3.889667678171002119e-01
5.605468750000000000e-01 3.882661939373820981e-01
5.606689453125000000e-01 3.875653916506653363e-01
5.607910156250000000e-01 3.868643613692140382e-01
5.609130859375000000e-01 3.861631035054264305e-01
5.610351562500000000e-01 3.854616184718342442e-01
5.611572265625000000e-01 3.847599066811032142e-01
5.612792968750000000e-01 3.840579685460320802e-01
5.614013671875000000e-01 3.833558044795531417e-01
5.615234375000000000e-01 3.826534148947314251e-01
5.616455078125000000e-01 3.819508002047645179e-01
5.617675781250000000e-01 3.812479608229826233e-01
5.618896484375000000e-01 3.805448971628478949e-01
5.620117187500000000e-01 3.798416096379548246e-01
5.621337890625000000e-01 3.791380986620291327e-01
5.622558593750000000e-01 3.784343646489283786e-01
5.623779296875000000e-01 3.777304080126410724e-01
5.625000000000000000e-01 3.770262291672866195e-01
5.626220703125000000e-01 3.763218285271155428e-01
5.627441406250000000e-01 3.756172065065082610e-01
5.628662109375000000e-01 3.749123635199760884e-01
5.629882812500000000e-01 3.742072999821599022e-01
5.631103515625000000e-01 3.735020163078303645e-01
5.632324218750000000e-01 3.727965129118876453e-01
5.633544921875000000e-01 3.720907902093612551e-01
5.634765625000000000e-01 3.713848486154097128e-01
5.635986328125000000e-01 3.706786885453203229e-01
5.637207031250000000e-01 3.699723104145087871e-01
5.638427734375000000e-01 3.692657146385190381e-01
5.639648437500000000e-01 3.685589016330233503e-01
5.640869140625000000e-01 3.678518718138216737e-01
5.642089843750000000e-01 3.671446255968411343e-01
5.643310546875000000e-01 3.664371633981367560e-01
5.644531250000000000e-01 3.657294856338900724e-01
5.645751953125000000e-01 3.650215927204097377e-01
5.646972656250000000e-01 3.643134850741312492e-01
5.648193359375000000e-01 3.636051631116156702e-01
5.649414062500000000e-01 3.628966272495506851e-01
5.650634765625000000e-01 3.621878779047498775e-01
5.651855468750000000e-01 3.614789154941518423e-01
5.653076171875000000e-01 3.607697404348212400e-01
5.654296875000000000e-01 3.600603531439474092e-01
5.655517578125000000e-01 3.593507540388446442e-01
5.656738281250000000e-01 3.586409435369515286e-01
5.657958984375000000e-01 3.579309220558316018e-01
5.659179687500000000e-01 3.572206900131721374e-01
5.660400390625000000e-01 3.565102478267843655e-01
5.661621093750000000e-01 3.557995959146030285e-01
5.662841796875000000e-01 3.550887346946864365e-01
5.664062500000000000e-01 3.543776645852158569e-01
5.665283203125000000e-01 3.536663860044956809e-01
5.666503906250000000e-01 3.529548993709524241e-01
5.667724609375000000e-01 3.522432051031355593e-01
5.668945312500000000e-01 3.515313036197165730e-01
5.670166015625000000e-01 3.508191953394887430e-01
5.671386718750000000e-01 3.501068806813668055e-01
5.672607421875000000e-01 3.493943600643872882e-01
5.673828125000000000e-01 3.486816339077077331e-01
5.675048828125000000e-01 3.479687026306066966e-01
5.676269531250000000e-01 3.472555666524828610e-01
5.677490234375000000e-01 3.465422263928560898e-01
5.678710937500000000e-01 3.458286822713659281e-01
5.679931640625000000e-01 3.451149347077722696e-01
5.681152343750000000e-01 3.444009841219540236e-01
5.682373046875000000e-01 3.436868309339103367e-01
5.683593750000000000e-01 3.429724755637585942e-01
5.684814453125000000e-01 3.422579184317361967e-01
5.686035156250000000e-01 3.415431599581984501e-01
5.687255859375000000e-01 3.408282005636192324e-01
5.688476562500000000e-01 3.401130406685909935e-01
5.689697265625000000e-01 3.393976806938238111e-01
5.690917968750000000e-01 3.386821210601453358e-01
5.692138671875000000e-01 3.379663621885010127e-01
5.693359375000000000e-01 3.372504044999533601e-01
5.694580078125000000e-01 3.365342484156818581e-01
5.695800781250000000e-01 3.358178943569826158e-01
5.697021484375000000e-01 3.351013427452681492e-01
5.698242187500000000e-01 3.343845940020676033e-01
5.699462890625000000e-01 3.336676485490255861e-01
5.700683593750000000e-01 3.329505068079025576e-01
5.701904296875000000e-01 3.322331692005748294e-01
5.703125000000000000e-01 3.315156361490335102e-01
5.704345703125000000e-01 3.307979080753846168e-01
5.705566406250000000e-01 3.300799854018491852e-01
5.706787109375000000e-01 3.293618685507627153e-01
5.708007812500000000e-01 3.286435579445749489e-01
5.709228515625000000e-01 3.279250540058492036e-01
5.710449218750000000e-01 3.272063571572629836e-01
5.711669921875000000e-01 3.264874678216071469e-01
5.712890625000000000e-01 3.257683864217857939e-01
5.714111328125000000e-01 3.250491133808160460e-01
5.715332031250000000e-01 3.243296491218274347e-01
5.716552734375000000e-01 3.236099940680624010e-01
5.717773437500000000e-01 3.228901486428756296e-01
5.718994140625000000e-01 3.221701132697333825e-01
5.720214843750000000e-01 3.214498883722140543e-01
5.721435546875000000e-01 3.207294743740075060e-01
5.722656250000000000e-01 3.200088716989144544e-01
5.723876953125000000e-01 3.192880807708470270e-01
5.725097656250000000e-01 3.185671020138280407e-01
5.726318359375000000e-01 3.178459358519905575e-01
5.727539062500000000e-01 3.171245827095781622e-01
5.728759765625000000e-01 3.164030430109444070e-01
5.729980468750000000e-01 3.156813171805522567e-01
5.731201171875000000e-01 3.149594056429745881e-01
5.732421875000000000e-01 3.142373088228933575e-01
5.733642578125000000e-01 3.135150271450995452e-01
5.734863281250000000e-01 3.127925610344927665e-01
5.736083984375000000e-01 3.120699109160811058e-01
5.737304687500000000e-01 3.113470772149813381e-01
5.738525390625000000e-01 3.106240603564177083e-01
5.739746093750000000e-01 3.099008607657223746e-01
5.740966796875000000e-01 3.091774788683351871e-01
5.742187500000000000e-01 3.084539150898027993e-01
5.743408203125000000e-01 3.077301698557794452e-01
5.744628906250000000e-01 3.070062435920255517e-01
5.745849609375000000e-01 3.062821367244084603e-01
5.747070312500000000e-01 3.055578496789014831e-01
5.748291015625000000e-01 3.048333828815841806e-01
5.749511718750000000e-01 3.041087367586413626e-01
5.750732421875000000e-01 3.033839117363640869e-01
5.751953125000000000e-01 3.026589082411478837e-01
5.753173828125000000e-01 3.019337266994940316e-01
5.754394531250000000e-01 3.012083675380077818e-01
5.755615234375000000e-01 3.004828311833993015e-01
5.756835937500000000e-01 2.997571180624831189e-01
5.758056640625000000e-01 2.990312286021774013e-01
5.759277343750000000e-01 2.983051632295043443e-01
5.760498046875000000e-01 2.975789223715893939e-01
5.761718750000000000e-01 2.968525064556613580e-01
5.762939453125000000e-01 2.961259159090519621e-01
5.764160156250000000e-01 2.953991511591957386e-01
5.765380859375000000e-01 2.946722126336297487e-01
5.766601562500000000e-01 2.939451007599930832e-01
5.767822265625000000e-01 2.932178159660270844e-01
5.769042968750000000e-01 2.924903586795743471e-01
5.770263671875000000e-01 2.917627293285796619e-01
5.771484375000000000e-01 2.910349283410883503e-01
5.772705078125000000e-01 2.903069561452469860e-01
5.773925781250000000e-01 2.895788131693029510e-01
5.775146484375000000e-01 2.888504998416038805e-01
5.776367187500000000e-01 2.881220165905979402e-01
5.777587890625000000e-01 2.873933638448329386e-01
5.778808593750000000e-01 2.866645420329564931e-01
5.780029296875000000e-01 2.859355515837158079e-01
5.781250000000000000e-01 2.852063929259570085e-01
5.782470703125000000e-01 2.844770664886254186e-01
5.783691406250000000e-01 2.837475727007649495e-01
5.784912109375000000e-01 2.830179119915180452e-01
5.786132812500000000e-01 2.822880847901254597e-01
5.787353515625000000e-01 2.815580915259255357e-01
5.788574218750000000e-01 2.808279326283545374e-01
5.789794921875000000e-01 2.800976085269460958e-01
5.791015625000000000e-01 2.793671196513311528e-01
5.792236328125000000e-01 2.786364664312375727e-01
5.793457031250000000e-01 2.779056492964895320e-01
5.794677734375000000e-01 2.771746686770080736e-01
5.795898437500000000e-01 2.764435250028103863e-01
5.797119140625000000e-01 2.757122187040093597e-01
5.798339843750000000e-01 2.749807502108136403e-01
5.799560546875000000e-01 2.742491199535272428e-01
5.800781250000000000e-01 2.735173283625494389e-01
5.802001953125000000e-01 2.727853758683743135e-01
5.803222656250000000e-01 2.720532629015909865e-01
5.804443359375000000e-01 2.713209898928821695e-01
5.805664062500000000e-01 2.705885572730254429e-01
5.806884765625000000e-01 2.698559654728922008e-01
5.808105468750000000e-01 2.691232149234469850e-01
5.809326171875000000e-01 2.683903060557482623e-01
5.810546875000000000e-01 2.676572393009474804e-01
5.811767578125000000e-01 2.669240150902889019e-01
5.812988281250000000e-01 2.661906338551092710e-01
5.814208984375000000e-01 2.654570960268379798e-01
5.815429687500000000e-01 2.647234020369965690e-01
5.816650390625000000e-01 2.639895523171981728e-01
5.817871093750000000e-01 2.632555472991476297e-01
5.819091796875000000e-01 2.625213874146413162e-01
5.820312500000000000e-01 2.617870730955664249e-01
5.821533203125000000e-01 2.610526047739012978e-01
5.822753906250000000e-01 2.603179828817145380e-01
5.823974609375000000e-01 2.595832078511653429e-01
5.825195312500000000e-01 2.588482801145032264e-01
5.826416015625000000e-01 2.581132001040669643e-01
5.827636718750000000e-01 2.573779682522850942e-01
5.828857421875000000e-01 2.566425849916756374e-01
5.830078125000000000e-01 2.559070507548458218e-01
5.831298828125000000e-01 2.551713659744914153e-01
5.832519531250000000e-01 2.544355310833966155e-01
5.833740234375000000e-01 2.536995465144343265e-01
5.834960937500000000e-01 2.529634127005651600e-01
5.836181640625000000e-01 2.522271300748379352e-01
5.837402343750000000e-01 2.514906990703884015e-01
5.838623046875000000e-01 2.507541201204402936e-01
5.839843750000000000e-01 2.500173936583036105e-01
5.841064453125000000e-01 2.492805201173760032e-01
5.842285156250000000e-01 2.485434999311409432e-01
5.843505859375000000e-01 2.478063335331683881e-01
5.844726562500000000e-01 2.470690213571144767e-01
5.845947265625000000e-01 2.463315638367209459e-01
5.847167968750000000e-01 2.455939614058148812e-01
5.848388671875000000e-01 2.448562144983089384e-01
5.849609375000000000e-01 2.441183235482006220e-01
5.850830078125000000e-01 2.433802889895721744e-01
5.852050781250000000e-01 2.426421112565901872e-01
5.853271484375000000e-01 2.419037907835056567e-01
5.854492187500000000e-01 2.411653280046536785e-01
5.855712890625000000e-01 2.404267233544526428e-01
5.856933593750000000e-01 2.396879772674046227e-01
5.858154296875000000e-01 2.389490901780951804e-01
5.859375000000000000e-01 2.382100625211922562e-01
5.860595703125000000e-01 2.374708947314469742e-01
5.861816406250000000e-01 2.367315872436925317e-01
5.863037109375000000e-01 2.359921404928445876e-01
5.864257812500000000e-01 2.352525549139006800e-01
5.865478515625000000e-01 2.345128309419398371e-01
5.866699218750000000e-01 2.337729690121224946e-01
5.867919921875000000e-01 2.330329695596907169e-01
5.869140625000000000e-01 2.322928330199667823e-01
5.870361328125000000e-01 2.315525598283541542e-01
5.871582031250000000e-01 2.308121504203363705e-01
5.872802734375000000e-01 2.300716052314771554e-01
5.874023437500000000e-01 2.293309246974203908e-01
5.875244140625000000e-01 2.285901092538891177e-01
5.876464843750000000e-01 2.278491593366860912e-01
5.877685546875000000e-01 2.271080753816931419e-01
5.878906250000000000e-01 2.263668578248705654e-01
5.880126953125000000e-01 2.256255071022577885e-01
5.881347656250000000e-01 2.248840236499723977e-01
5.882568359375000000e-01 2.241424079042098061e-01
5.883789062500000000e-01 2.234006603012435588e-01
5.885009765625000000e-01 2.226587812774247777e-01
5.886230468750000000e-01 2.219167712691815231e-01
5.887451171875000000e-01 2.211746307130192934e-01
5.888671875000000000e-01 2.204323600455203036e-01
5.889892578125000000e-01 2.196899597033432350e-01
5.891113281250000000e-01 2.189474301232230136e-01
5.892333984375000000e-01 2.182047717419705879e-01
5.893554687500000000e-01 2.174619849964730678e-01
5.894775390625000000e-01 2.167190703236925309e-01
5.895996093750000000e-01 2.159760281606665222e-01
5.897216796875000000e-01 2.152328589445077212e-01
5.898437500000000000e-01 2.144895631124032476e-01
5.899658203125000000e-01 2.137461411016150781e-01
5.900878906250000000e-01 2.130025933494790746e-01
5.902099609375000000e-01 2.122589202934053176e-01
5.903320312500000000e-01 2.115151223708774952e-01
5.904541015625000000e-01 2.107712000194528479e-01
5.905761718750000000e-01 2.100271536767614189e-01
5.906982421875000000e-01 2.092829837805068594e-01
5.908203125000000000e-01 2.085386907684648738e-01
5.909423828125000000e-01 2.077942750784842196e-01
5.910644531250000000e-01 2.070497371484851246e-01
5.911865234375000000e-01 2.063050774164600365e-01
5.913085937500000000e-01 2.055602963204734568e-01
5.914306640625000000e-01 2.048153942986605802e-01
5.915527343750000000e-01 2.040703717892282665e-01
5.916748046875000000e-01 2.033252292304539299e-01
5.917968750000000000e-01 2.025799670606858727e-01
5.919189453125000000e-01 2.018345857183424519e-01
5.920410156250000000e-01 2.010890856419123296e-01
5.921630859375000000e-01 2.003434672699542229e-01
5.922851562500000000e-01 1.995977310410959882e-01
5.924072265625000000e-01 1.988518773940352036e-01
5.925292968750000000e-01 1.981059067675381979e-01
5.926513671875000000e-01 1.973598196004403005e-01
5.927734375000000000e-01 1.966136163316454244e-01
5.928955078125000000e-01 1.958672974001257339e-01
5.930175781250000000e-01 1.951208632449213387e-01
5.931396484375000000e-01 1.943743143051401834e-01
5.932617187500000000e-01 1.936276510199580470e-01
5.933837890625000000e-01 1.928808738286174329e-01
5.935058593750000000e-01 1.921339831704282908e-01
5.936279296875000000e-01 1.913869794847670724e-01
5.937500000000000000e-01 1.906398632110767322e-01
5.938720703125000000e-01 1.898926347888666710e-01
5.939941406250000000e-01 1.891452946577119043e-01
5.941162109375000000e-01 1.883978432572535611e-01
5.942382812500000000e-01 1.876502810271980237e-01
5.943603515625000000e-01 1.869026084073169558e-01
5.944824218750000000e-01 1.861548258374465803e-01
5.946044921875000000e-01 1.854069337574885123e-01
5.947265625000000000e-01 1.846589326074081772e-01
5.948486328125000000e-01 1.839108228272354484e-01
5.949707031250000000e-01 1.831626048570639265e-01
5.950927734375000000e-01 1.824142791370510497e-01
5.952148437500000000e-01 1.816658461074176500e-01
5.953369140625000000e-01 1.809173062084474815e-01
5.954589843750000000e-01 1.801686598804873030e-01
5.955810546875000000e-01 1.794199075639464069e-01
5.957031250000000000e-01 1.786710496992965080e-01
5.958251953125000000e-01 1.779220867270714934e-01
5.959472656250000000e-01 1.771730190878669786e-01
5.960693359375000000e-01 1.764238472223399468e-01
5.961914062500000000e-01 1.756745715712091926e-01
5.963134765625000000e-01 1.749251925752541570e-01
5.964355468750000000e-01 1.741757106753150652e-01
5.965576171875000000e-01 1.734261263122929275e-01
5.966796875000000000e-01 1.726764399271490114e-01
5.968017578125000000e-01 1.719266519609043975e-01
5.969238281250000000e-01 1.711767628546398967e-01
5.970458984375000000e-01 1.704267730494961608e-01
5.971679687500000000e-01 1.696766829866727666e-01
5.972900390625000000e-01 1.689264931074284659e-01
5.974121093750000000e-01 1.681762038530805747e-01
5.975341796875000000e-01 1.674258156650049179e-01
5.976562500000000000e-01 1.666753289846354125e-01
5.977783203125000000e-01 1.659247442534643180e-01
5.979003906250000000e-01 1.651740619130410148e-01
5.980224609375000000e-01 1.644232824049726149e-01
5.981445312500000000e-01 1.636724061709236566e-01
5.982666015625000000e-01 1.629214336526151330e-01
5.983886718750000000e-01 1.621703652918245753e-01
5.985107421875000000e-01 1.614192015303864136e-01
5.986328125000000000e-01 1.606679428101907836e-01
5.987548828125000000e-01 1.599165895731840537e-01
5.988769531250000000e-01 1.591651422613677425e-01
5.989990234375000000e-01 1.584136013167990742e-01
5.991210937500000000e-01 1.576619671815902013e-01
5.992431640625000000e-01 1.569102402979081212e-01
5.993652343750000000e-01 1.561584211079743989e-01
5.994873046875000000e-01 1.554065100540648336e-01
5.996093750000000000e-01 1.546545075785092926e-01
5.997314453125000000e-01 1.539024141236915999e-01
5.998535156250000000e-01 1.531502301320488701e-01
5.999755859375000000e-01 1.523979560460715366e-01
6.000976562500000000e-01 1.516455923083032675e-01
6.002197265625000000e-01 1.508931393613400229e-01
6.003417968750000000e-01 1.501405976478304982e-01
6.004638671875000000e-01 1.493879676104756804e-01
6.005859375000000000e-01 1.486352496920284594e-01
6.007080078125000000e-01 1.478824443352934059e-01
6.008300781250000000e-01 1.471295519831264387e-01
6.009521484375000000e-01 1.463765730784345465e-01
6.010742187500000000e-01 1.456235080641763158e-01
6.011962890625000000e-01 1.448703573833600711e-01
6.013183593750000000e-01 1.441171214790449850e-01
6.014404296875000000e-01 1.433638007943406067e-01
6.015625000000000000e-01 1.426103957724058346e-01
6.016845703125000000e-01 1.418569068564495272e-01
6.018066406250000000e-01 1.411033344897297259e-01
6.019287109375000000e-01 1.403496791155536272e-01
6.020507812500000000e-01 1.395959411772775272e-01
6.021728515625000000e-01 1.388421211183057946e-01
6.022949218750000000e-01 1.380882193820912318e-01
6.024169921875000000e-01 1.373342364121350467e-01
6.025390625000000000e-01 1.365801726519859649e-01
6.026611328125000000e-01 1.358260285452402849e-01
6.027832031250000000e-01 1.350718045355414065e-01
6.029052734375000000e-01 1.343175010665799141e-01
6.030273437500000000e-01 1.335631185820932709e-01
6.031494140625000000e-01 1.328086575258651258e-01
6.032714843750000000e-01 1.320541183417254238e-01
6.033935546875000000e-01 1.312995014735503507e-01
6.035156250000000000e-01 1.305448073652612506e-01
6.036376953125000000e-01 1.297900364608254309e-01
6.037597656250000000e-01 1.290351892042551629e-01
6.038818359375000000e-01 1.282802660396075711e-01
6.040039062500000000e-01 1.275252674109845774e-01
6.041259765625000000e-01 1.267701937625324571e-01
6.042480468750000000e-01 1.260150455384413393e-01
6.043701171875000000e-01 1.252598231829457620e-01
6.044921875000000000e-01 1.245045271403233955e-01
6.046142578125000000e-01 1.237491578548955973e-01
6.047363281250000000e-01 1.229937157710264406e-01
6.048583984375000000e-01 1.222382013331230893e-01
6.049804687500000000e-01 1.214826149856355203e-01
6.051025390625000000e-01 1.207269571730553992e-01
6.052246093750000000e-01 1.199712283399168300e-01
6.053466796875000000e-01 1.192154289307956749e-01
6.054687500000000000e-01 1.184595593903090688e-01
6.055908203125000000e-01 1.177036201631157936e-01
6.057128906250000000e-01 1.169476116939153487e-01
6.058349609375000000e-01 1.161915344274479928e-01
6.059570312500000000e-01 1.154353888084945073e-01
6.060791015625000000e-01 1.146791752818760446e-01
6.062011718750000000e-01 1.139228942924532390e-01
6.063232421875000000e-01 1.131665462851270398e-01
6.064453125000000000e-01 1.124101317048371712e-01
6.065673828125000000e-01 1.116536509965632001e-01
6.066894531250000000e-01 1.108971046053229131e-01
6.068115234375000000e-01 1.101404929761731072e-01
6.069335937500000000e-01 1.093838165542092150e-01
6.070556640625000000e-01 1.086270757845640977e-01
6.071777343750000000e-01 1.078702711124090857e-01
6.072998046875000000e-01 1.071134029829527851e-01
6.074218750000000000e-01 1.063564718414412441e-01
6.075439453125000000e-01 1.055994781331574678e-01
6.076660156250000000e-01 1.048424223034212927e-01
6.077880859375000000e-01 1.040853047975894702e-01
6.079101562500000000e-01 1.033281260610544733e-01
6.080322265625000000e-01 1.025708865392452040e-01
6.081542968750000000e-01 1.018135866776259391e-01
6.082763671875000000e-01 1.010562269216968706e-01
6.083984375000000000e-01 1.002988077169931630e-01
6.085205078125000000e-01 9.954132950908502198e-02
6.086425781250000000e-01 9.878379274357733386e-02
6.087646484375000000e-01 9.802619786610937413e-02
6.088867187500000000e-01 9.726854532235497397e-02
6.090087890625000000e-01 9.651083555802134062e-02
6.091308593750000000e-01 9.575306901884980681e-02
6.092529296875000000e-01 9.499524615061474830e-02
6.093750000000000000e-01 9.423736739912381977e-02
6.094970703125000000e-01 9.347943321021763563e-02
6.096191406250000000e-01 9.272144402976932598e-02
6.097412109375000000e-01 9.196340030368437002e-02
6.098632812500000000e-01 9.120530247790054057e-02
6.099853515625000000e-01 9.044715099838705752e-02
6.101074218750000000e-01 8.968894631114486538e-02
6.102294921875000000e-01 8.893068886220643898e-02
6.103515625000000000e-01 8.817237909763495085e-02
6.104736328125000000e-01 8.741401746352468749e-02
6.105957031250000000e-01 8.665560440599996694e-02
6.107177734375000000e-01 8.589714037121581880e-02
6.108398437500000000e-01 8.513862580535716540e-02
6.109619140625000000e-01 8.438006115463847490e-02
6.110839843750000000e-01 8.362144686530380289e-02
6.112060546875000000e-01 8.286278338362640383e-02
6.113281250000000000e-01 8.210407115590837024e-02
6.114501953125000000e-01 8.134531062848068816e-02
6.115722656250000000e-01 8.058650224770266823e-02
6.116943359375000000e-01 7.982764645996148767e-02
6.118164062500000000e-01 7.906874371167271764e-02
6.119384765625000000e-01 7.830979444927924082e-02
6.120605468750000000e-01 7.755079911925116809e-02
6.121826171875000000e-01 7.679175816808604671e-02
6.123046875000000000e-01 7.603267204230809706e-02
6.124267578125000000e-01 7.527354118846826814e-02
6.125488281250000000e-01 7.451436605314334938e-02
6.126708984375000000e-01 7.375514708293673394e-02
6.127929687500000000e-01 7.299588472447743337e-02
6.129150390625000000e-01 7.223657942441984170e-02
6.130371093750000000e-01 7.147723162944369379e-02
6.131591796875000000e-01 7.071784178625376005e-02
6.132812500000000000e-01 6.995841034157943006e-02
6.134033203125000000e-01 6.919893774217483751e-02
6.135253906250000000e-01 6.843942443481793036e-02
6.136474609375000000e-01 6.767987086631091498e-02
6.137695312500000000e-01 6.692027748347975646e-02
6.138916015625000000e-01 6.616064473317351258e-02
6.140136718750000000e-01 6.540097306226441698e-02
6.141357421875000000e-01 6.464126291764794863e-02
6.142578125000000000e-01 6.388151474624195747e-02
6.143798828125000000e-01 6.312172899498678935e-02
6.145019531250000000e-01 6.236190611084464069e-02
6.146240234375000000e-01 6.160204654079985687e-02
6.147460937500000000e-01 6.084215073185825218e-02
6.148681640625000000e-01 6.008221913104701273e-02
6.149902343750000000e-01 5.932225218541414824e-02
6.151123046875000000e-01 5.856225034202881818e-02
6.152343750000000000e-01 5.780221404798027707e-02
6.153564453125000000e-01 5.704214375037857526e-02
6.154785156250000000e-01 5.628203989635335858e-02
6.156005859375000000e-01 5.552190293305404867e-02
6.157226562500000000e-01 5.476173330764984304e-02
6.158447265625000000e-01 5.400153146732886156e-02
6.159667968750000000e-01 5.324129785929808401e-02
6.160888671875000000e-01 5.248103293078364151e-02
6.162109375000000000e-01 5.172073712902959530e-02
6.163330078125000000e-01 5.096041090129856815e-02
6.164550781250000000e-01 5.020005469487068966e-02
6.165771484375000000e-01 4.943966895704392239e-02
6.166992187500000000e-01 4.867925413513386063e-02
6.168212890625000000e-01 4.791881067647273812e-02
6.169433593750000000e-01 4.715833902840978892e-02
6.170654296875000000e-01 4.639783963831115715e-02
6.171875000000000000e-01 4.563731295355880763e-02
6.173095703125000000e-01 4.487675942155109482e-02
6.174316406250000000e-01 4.411617948970197184e-02
6.175537109375000000e-01 4.335557360544103206e-02
6.176757812500000000e-01 4.259494221621335647e-02
6.177978515625000000e-01 4.183428576947855609e-02
6.179199218750000000e-01 4.107360471271107732e-02
6.180419921875000000e-01 4.031289949340036843e-02
6.181640625000000000e-01 3.955217055904949180e-02
6.182861328125000000e-01 3.879141835717577619e-02
6.184082031250000000e-01 3.803064333530997015e-02
6.185302734375000000e-01 3.726984594099649190e-02
6.186523437500000000e-01 3.650902662179305452e-02
6.187744140625000000e-01 3.574818582526978483e-02
6.188964843750000000e-01 3.498732399900982004e-02
6.190185546875000000e-01 3.422644159060871799e-02
6.191406250000000000e-01 3.346553904767364529e-02
6.192626953125000000e-01 3.270461681782423774e-02
6.193847656250000000e-01 3.194367534869142766e-02
6.195068359375000000e-01 3.118271508791733634e-02
6.196289062500000000e-01 3.042173648315545792e-02
6.197509765625000000e-01 2.966073998206980242e-02
6.198730468750000000e-01 2.889972603233493392e-02
6.199951171875000000e-01 2.813869508163587344e-02
6.201171875000000000e-01 2.737764757766743967e-02
6.202392578125000000e-01 2.661658396813434968e-02
6.203613281250000000e-01 2.585550470075067414e-02
6.204833984375000000e-01 2.509441022323955633e-02
6.206054687500000000e-01 2.433330098333369093e-02
6.207275390625000000e-01 2.357217742877376621e-02
6.208496093750000000e-01 2.281104000730912323e-02
6.209716796875000000e-01 2.204988916669740201e-02
6.210937500000000000e-01 2.128872535470391000e-02
6.212158203125000000e-01 2.052754901910183380e-02
6.213378906250000000e-01 1.976636060767153827e-02
6.214599609375000000e-01 1.900516056820053187e-02
6.215820312500000000e-01 1.824394934848326197e-02
6.217041015625000000e-01 1.748272739632069847e-02
6.218261718750000000e-01 1.672149515951984466e-02
6.219482421875000000e-01 1.596025308589441374e-02
6.220703125000000000e-01 1.519900162326312011e-02
6.221923828125000000e-01 1.443774121945093879e-02
6.223144531250000000e-01 1.367647232228751293e-02
6.224365234375000000e-01 1.291519537960764998e-02
6.225585937500000000e-01 1.215391083925130601e-02
6.226806640625000000e-01 1.139261914906227260e-02
6.228027343750000000e-01 1.063132075688889323e-02
6.229248046875000000e-01 9.870016110583478691e-03
6.230468750000000000e-01 9.108705658001894218e-03
6.231689453125000000e-01 8.347389847003373886e-03
6.232910156250000000e-01 7.586069125450380091e-03
6.234130859375000000e-01 6.824743941208540228e-03
6.235351562500000000e-01 6.063414742145576374e-03
6.236572265625000000e-01 5.302081976132080703e-03
6.237792968750000000e-01 4.540746091040208376e-03
6.239013671875000000e-01 3.779407534744487658e-03
6.240234375000000000e-01 3.018066755120681500e-03
6.241455078125000000e-01 2.256724200045983134e-03
6.242675781250000000e-01 1.495380317398531432e-03
6.243896484375000000e-01 7.340355550573018396e-04
6.245117187500000000e-01 -2.730963909800478867e-05
6.246337890625000000e-01 -7.886548171877862589e-04
6.247558593750000000e-01 -1.549999531332261213e-03
6.248779296875000000e-01 -2.311343333651897335e-03
6.250000000000000000e-01 -3.072685776267867607e-03
6.251220703125000000e-01 -3.834026411301964636e-03
6.252441406250000000e-01 -4.595364790877127029e-03
6.253662109375000000e-01 -5.356700467117610914e-03
6.254882812500000000e-01 -6.118032992149088391e-03
6.256103515625000000e-01 -6.879361918099425981e-03
6.257324218750000000e-01 -7.640686797098494680e-03
6.258544921875000000e-01 -8.402007181278283582e-03
6.259765625000000000e-01 -9.163322622773766371e-03
6.260986328125000000e-01 -9.924632673722545706e-03
6.262207031250000000e-01 -1.068593688626571364e-02
6.263427734375000000e-01 -1.144723481254759229e-02
6.264648437500000000e-01 -1.220852600471602697e-02
6.265869140625000000e-01 -1.296981001492318077e-02
6.267089843750000000e-01 -1.373108639532530199e-02
6.268310546875000000e-01 -1.449235469808303305e-02
6.269531250000000000e-01 -1.525361447536196895e-02
6.270751953125000000e-01 -1.601486527933248388e-02
6.271972656250000000e-01 -1.677610666217029672e-02
6.273193359375000000e-01 -1.753733817605689430e-02
6.274414062500000000e-01 -1.829855937317921566e-02
6.275634765625000000e-01 -1.905976980573041019e-02
6.276855468750000000e-01 -1.982096902591029206e-02
6.278076171875000000e-01 -2.058215658592468800e-02
6.279296875000000000e-01 -2.134333203798664119e-02
6.280517578125000000e-01 -2.210449493431614412e-02
6.281738281250000000e-01 -2.286564482714096777e-02
6.282958984375000000e-01 -2.362678126869601630e-02
6.284179687500000000e-01 -2.438790381122432627e-02
6.285400390625000000e-01 -2.514901200697713599e-02
6.286621093750000000e-01 -2.591010540821415964e-02
6.287841796875000000e-01 -2.667118356720371564e-02
6.289062500000000000e-01 -2.743224603622321581e-02
6.290283203125000000e-01 -2.819329236755907520e-02
6.291503906250000000e-01 -2.895432211350751003e-02
6.292724609375000000e-01 -2.971533482637423937e-02
6.293945312500000000e-01 -3.047633005847496385e-02
6.295166015625000000e-01 -3.123730736213592429e-02
6.296386718750000000e-01 -3.199826628969393988e-02
6.297607421875000000e-01 -3.275920639349619995e-02
6.298828125000000000e-01 -3.352012722590139160e-02
6.300048828125000000e-01 -3.428102833927929027e-02
6.301269531250000000e-01 -3.504190928601153693e-02
6.302490234375000000e-01 -3.580276961849138129e-02
6.303710937500000000e-01 -3.656360888912427859e-02
6.304931640625000000e-01 -3.732442665032805612e-02
6.306152343750000000e-01 -3.808522245453334343e-02
6.307373046875000000e-01 -3.884599585418342660e-02
6.308593750000000000e-01 -3.960674640173515726e-02
6.309814453125000000e-01 -4.036747364965828644e-02
6.311035156250000000e-01 -4.112817715043674827e-02
6.312255859375000000e-01 -4.188885645656831302e-02
6.313476562500000000e-01 -4.264951112056474675e-02
6.314697265625000000e-01 -4.341014069495263694e-02
6.315917968750000000e-01 -4.417074473227333015e-02
6.317138671875000000e-01 -4.493132278508279315e-02
6.318359375000000000e-01 -4.569187440595275790e-02
6.319580078125000000e-01 -4.645239914747013171e-02
6.320800781250000000e-01 -4.721289656223798953e-02
6.322021484375000000e-01 -4.797336620287532410e-02
6.323242187500000000e-01 -4.873380762201712929e-02
6.324462890625000000e-01 -4.949422037231553800e-02
6.325683593750000000e-01 -5.025460400643942671e-02
6.326904296875000000e-01 -5.101495807707440155e-02
6.328125000000000000e-01 -5.177528213692397102e-02
6.329345703125000000e-01 -5.253557573870902553e-02
6.330566406250000000e-01 -5.329583843516847580e-02
6.331787109375000000e-01 -5.405606977905936389e-02
6.333007812500000000e-01 -5.481626932315693951e-02
6.334228515625000000e-01 -5.557643662025561759e-02
6.335449218750000000e-01 -5.633657122316873544e-02
6.336669921875000000e-01 -5.709667268472830293e-02
6.337890625000000000e-01 -5.785674055778643188e-02
6.339111328125000000e-01 -5.861677439521466998e-02
6.340332031250000000e-01 -5.937677374990485424e-02
6.341552734375000000e-01 -6.013673817476890976e-02
6.342773437500000000e-01 -6.089666722273910648e-02
6.343994140625000000e-01 -6.165656044676906533e-02
6.345214843750000000e-01 -6.241641739983304349e-02
6.346435546875000000e-01 -6.317623763492666300e-02
6.347656250000000000e-01 -6.393602070506758384e-02
6.348876953125000000e-01 -6.469576616329472674e-02
6.350097656250000000e-01 -6.545547356266945282e-02
6.351318359375000000e-01 -6.621514245627554973e-02
6.352539062500000000e-01 -6.697477239721927322e-02
6.353759765625000000e-01 -6.773436293862995783e-02
6.354980468750000000e-01 -6.849391363366016949e-02
6.356201171875000000e-01 -6.925342403548559456e-02
6.357421875000000000e-01 -7.001289369730599732e-02
6.358642578125000000e-01 -7.077232217234481759e-02
6.359863281250000000e-01 -7.153170901384994784e-02
6.361083984375000000e-01 -7.229105377509377484e-02
6.362304687500000000e-01 -7.305035600937298534e-02
6.363525390625000000e-01 -7.380961527000989841e-02
6.364746093750000000e-01 -7.456883111035185474e-02
6.365966796875000000e-01 -7.532800308377164689e-02
6.367187500000000000e-01 -7.608713074366804663e-02
6.368408203125000000e-01 -7.684621364346579109e-02
6.369628906250000000e-01 -7.760525133661592967e-02
6.370849609375000000e-01 -7.836424337659622652e-02
6.372070312500000000e-01 -7.912318931691107726e-02
6.373291015625000000e-01 -7.988208871109214737e-02
6.374511718750000000e-01 -8.064094111269876075e-02
6.375732421875000000e-01 -8.139974607531719197e-02
6.376953125000000000e-01 -8.215850315256237324e-02
6.378173828125000000e-01 -8.291721189807678416e-02
6.379394531250000000e-01 -8.367587186553177014e-02
6.380615234375000000e-01 -8.443448260862736199e-02
6.381835937500000000e-01 -8.519304368109202608e-02
6.383056640625000000e-01 -8.595155463668412155e-02
6.384277343750000000e-01 -8.671001502919116477e-02
6.385498046875000000e-01 -8.746842441243034283e-02
6.386718750000000000e-01 -8.822678234024898536e-02
6.387939453125000000e-01 -8.898508836652478660e-02
6.389160156250000000e-01 -8.974334204516581925e-02
6.390380859375000000e-01 -9.050154293011078432e-02
6.391601562500000000e-01 -9.125969057532981599e-02
6.392822265625000000e-01 -9.201778453482402365e-02
6.394042968750000000e-01 -9.277582436262653276e-02
6.395263671875000000e-01 -9.353380961280177708e-02
6.396484375000000000e-01 -9.429173983944671988e-02
6.397705078125000000e-01 -9.504961459669045154e-02
6.398925781250000000e-01 -9.580743343869481399e-02
6.400146484375000000e-01 -9.656519591965465055e-02
6.401367187500000000e-01 -9.732290159379750061e-02
6.402587890625000000e-01 -9.808055001538486251e-02
6.403808593750000000e-01 -9.883814073871161066e-02
6.405029296875000000e-01 -9.959567331810667556e-02
6.406250000000000000e-01 -1.003531473079332520e-01
6.407470703125000000e-01 -1.011105622625887296e-01
6.408691406250000000e-01 -1.018679177365055116e-01
6.409912109375000000e-01 -1.026252132841509596e-01
6.411132812500000000e-01 -1.033824484600272542e-01
6.412353515625000000e-01 -1.041396228186728251e-01
6.413574218750000000e-01 -1.048967359146614903e-01
6.414794921875000000e-01 -1.056537873026029417e-01
6.416015625000000000e-01 -1.064107765371434949e-01
6.417236328125000000e-01 -1.071677031729657420e-01
6.418457031250000000e-01 -1.079245667647893980e-01
6.419677734375000000e-01 -1.086813668673710653e-01
6.420898437500000000e-01 -1.094381030355045387e-01
6.422119140625000000e-01 -1.101947748240217351e-01
6.423339843750000000e-01 -1.109513817877920555e-01
6.424560546875000000e-01 -1.117079234817229816e-01
6.425781250000000000e-01 -1.124643994607606584e-01
6.427001953125000000e-01 -1.132208092798898669e-01
6.428222656250000000e-01 -1.139771524941338154e-01
6.429443359375000000e-01 -1.147334286585556529e-01
6.430664062500000000e-01 -1.154896373282573024e-01
6.431884765625000000e-01 -1.162457780583808081e-01
6.433105468750000000e-01 -1.170018504041083901e-01
6.434326171875000000e-01 -1.177578539206616676e-01
6.435546875000000000e-01 -1.185137881633034213e-01
6.436767578125000000e-01 -1.192696526873370105e-01
6.437988281250000000e-01 -1.200254470481069702e-01
6.439208984375000000e-01 -1.207811708009987467e-01
6.440429687500000000e-01 -1.215368235014396420e-01
6.441650390625000000e-01 -1.222924047048985080e-01
6.442871093750000000e-01 -1.230479139668864963e-01
6.444091796875000000e-01 -1.238033508429570023e-01
6.445312500000000000e-01 -1.245587148887059153e-01
6.446533203125000000e-01 -1.253140056597720764e-01
6.447753906250000000e-01 -1.260692227118372921e-01
6.448974609375000000e-01 -1.268243656006270703e-01
6.450195312500000000e-01 -1.275794338819098706e-01
6.451416015625000000e-01 -1.283344271114987833e-01
6.452636718750000000e-01 -1.290893448452507808e-01
6.453857421875000000e-01 -1.298441866390671606e-01
6.455078125000000000e-01 -1.305989520488937961e-01
6.456298828125000000e-01 -1.313536406307217741e-01
6.457519531250000000e-01 -1.321082519405872568e-01
6.458740234375000000e-01 -1.328627855345718145e-01
6.459960937500000000e-01 -1.336172409688027307e-01
6.461181640625000000e-01 -1.343716177994533911e-01
6.462402343750000000e-01 -1.351259155827433112e-01
6.463623046875000000e-01 -1.358801338749384691e-01
6.464843750000000000e-01 -1.366342722323519443e-01
6.466064453125000000e-01 -1.373883302113431959e-01
6.467285156250000000e-01 -1.381423073683195057e-01
6.468505859375000000e-01 -1.388962032597357565e-01
6.469726562500000000e-01 -1.396500174420939322e-01
6.470947265625000000e-01 -1.404037494719449497e-01
6.472167968750000000e-01 -1.411573989058877432e-01
6.473388671875000000e-01 -1.419109653005694027e-01
6.474609375000000000e-01 -1.426644482126864788e-01
6.475830078125000000e-01 -1.434178471989842329e-01
6.477050781250000000e-01 -1.441711618162577480e-01
6.478271484375000000e-01 -1.449243916213512340e-01
6.479492187500000000e-01 -1.456775361711589167e-01
6.480712890625000000e-01 -1.464305950226253428e-01
6.481933593750000000e-01 -1.471835677327455738e-01
6.483154296875000000e-01 -1.479364538585648814e-01
6.484375000000000000e-01 -1.486892529571799682e-01
6.485595703125000000e-01 -1.494419645857383572e-01
6.486816406250000000e-01 -1.501945883014393912e-01
6.488037109375000000e-01 -1.509471236615337608e-01
6.489257812500000000e-01 -1.516995702233242538e-01
6.490478515625000000e-01 -1.524519275441660882e-01
6.491699218750000000e-01 -1.532041951814669400e-01
6.492919921875000000e-01 -1.539563726926867770e-01
6.494140625000000000e-01 -1.547084596353393848e-01
6.495361328125000000e-01 -1.554604555669908683e-01
6.496582031250000000e-01 -1.562123600452618721e-01
6.497802734375000000e-01 -1.569641726278262206e-01
6.499023437500000000e-01 -1.577158928724117504e-01
6.500244140625000000e-01 -1.584675203368011431e-01
6.501464843750000000e-01 -1.592190545788310096e-01
6.502685546875000000e-01 -1.599704951563932220e-01
6.503906250000000000e-01 -1.607218416274348860e-01
6.505126953125000000e-01 -1.614730935499578968e-01
6.506347656250000000e-01 -1.622242504820202436e-01
6.507568359375000000e-01 -1.629753119817356766e-01
6.508789062500000000e-01 -1.637262776072739567e-01
6.510009765625000000e-01 -1.644771469168614941e-01
6.511230468750000000e-01 -1.652279194687812647e-01
6.512451171875000000e-01 -1.659785948213728657e-01
6.513671875000000000e-01 -1.667291725330335428e-01
6.514892578125000000e-01 -1.674796521622176904e-01
6.516113281250000000e-01 -1.682300332674374344e-01
6.517333984375000000e-01 -1.689803154072631597e-01
6.518554687500000000e-01 -1.697304981403227608e-01
6.519775390625000000e-01 -1.704805810253034459e-01
6.520996093750000000e-01 -1.712305636209506265e-01
6.522216796875000000e-01 -1.719804454860688059e-01
6.523437500000000000e-01 -1.727302261795219396e-01
6.524658203125000000e-01 -1.734799052602333802e-01
6.525878906250000000e-01 -1.742294822871860716e-01
6.527099609375000000e-01 -1.749789568194232980e-01
6.528320312500000000e-01 -1.757283284160485737e-01
6.529541015625000000e-01 -1.764775966362255866e-01
6.530761718750000000e-01 -1.772267610391795589e-01
6.531982421875000000e-01 -1.779758211841959425e-01
6.533203125000000000e-01 -1.787247766306223895e-01
6.534423828125000000e-01 -1.794736269378672811e-01
6.535644531250000000e-01 -1.802223716654015595e-01
6.536865234375000000e-01 -1.809710103727579789e-01
6.538085937500000000e-01 -1.817195426195315211e-01
6.539306640625000000e-01 -1.824679679653800624e-01
6.540527343750000000e-01 -1.832162859700242896e-01
6.541748046875000000e-01 -1.839644961932479228e-01
6.542968750000000000e-01 -1.847125981948981310e-01
6.544189453125000000e-01 -1.854605915348859491e-01
6.545410156250000000e-01 -1.862084757731861107e-01
6.546630859375000000e-01 -1.869562504698373817e-01
6.547851562500000000e-01 -1.877039151849433651e-01
6.549072265625000000e-01 -1.884514694786719735e-01
6.550292968750000000e-01 -1.891989129112567058e-01
6.551513671875000000e-01 -1.899462450429954263e-01
6.552734375000000000e-01 -1.906934654342520297e-01
6.553955078125000000e-01 -1.914405736454560525e-01
6.555175781250000000e-01 -1.921875692371029787e-01
6.556396484375000000e-01 -1.929344517697546835e-01
6.557617187500000000e-01 -1.936812208040389893e-01
6.558837890625000000e-01 -1.944278759006512480e-01
6.560058593750000000e-01 -1.951744166203534803e-01
6.561279296875000000e-01 -1.959208425239749307e-01
6.562500000000000000e-01 -1.966671531724124289e-01
6.563720703125000000e-01 -1.974133481266309165e-01
6.564941406250000000e-01 -1.981594269476629200e-01
6.566162109375000000e-01 -1.989053891966095500e-01
6.567382812500000000e-01 -1.996512344346402790e-01
6.568603515625000000e-01 -2.003969622229937186e-01
6.569824218750000000e-01 -2.011425721229775365e-01
6.571044921875000000e-01 -2.018880636959684005e-01
6.572265625000000000e-01 -2.026334365034128671e-01
6.573486328125000000e-01 -2.033786901068274089e-01
6.574707031250000000e-01 -2.041238240677985538e-01
6.575927734375000000e-01 -2.048688379479832178e-01
6.577148437500000000e-01 -2.056137313091086494e-01
6.578369140625000000e-01 -2.063585037129735122e-01
6.579589843750000000e-01 -2.071031547214474133e-01
6.580810546875000000e-01 -2.078476838964712359e-01
6.582031250000000000e-01 -2.085920908000577778e-01
6.583251953125000000e-01 -2.093363749942916130e-01
6.584472656250000000e-01 -2.100805360413293132e-01
6.585693359375000000e-01 -2.108245735034003920e-01
6.586914062500000000e-01 -2.115684869428065551e-01
6.588134765625000000e-01 -2.123122759219227551e-01
6.589355468750000000e-01 -2.130559400031973583e-01
6.590576171875000000e-01 -2.137994787491515891e-01
6.591796875000000000e-01 -2.145428917223808629e-01
6.593017578125000000e-01 -2.152861784855544802e-01
6.594238281250000000e-01 -2.160293386014161265e-01
6.595458984375000000e-01 -2.167723716327837336e-01
6.596679687500000000e-01 -2.175152771425500620e-01
6.597900390625000000e-01 -2.182580546936829513e-01
6.599121093750000000e-01 -2.190007038492256808e-01
6.600341796875000000e-01 -2.197432241722967194e-01
6.601562500000000000e-01 -2.204856152260905588e-01
6.602783203125000000e-01 -2.212278765738776298e-01
6.604003906250000000e-01 -2.219700077790047466e-01
6.605224609375000000e-01 -2.227120084048952731e-01
6.606445312500000000e-01 -2.234538780150491788e-01
6.607666015625000000e-01 -2.241956161730438712e-01
6.608886718750000000e-01 -2.249372224425339462e-01
6.610107421875000000e-01 -2.256786963872512985e-01
6.611328125000000000e-01 -2.264200375710060664e-01
6.612548828125000000e-01 -2.271612455576863254e-01
6.613769531250000000e-01 -2.279023199112585607e-01
6.614990234375000000e-01 -2.286432601957677502e-01
6.616210937500000000e-01 -2.293840659753377809e-01
6.617431640625000000e-01 -2.301247368141717264e-01
6.618652343750000000e-01 -2.308652722765521248e-01
6.619873046875000000e-01 -2.316056719268408393e-01
6.621093750000000000e-01 -2.323459353294801411e-01
6.622314453125000000e-01 -2.330860620489918489e-01
6.623535156250000000e-01 -2.338260516499785502e-01
6.624755859375000000e-01 -2.345659036971235734e-01
6.625976562500000000e-01 -2.353056177551907380e-01
6.627197265625000000e-01 -2.360451933890256038e-01
6.628417968750000000e-01 -2.367846301635548878e-01
6.629638671875000000e-01 -2.375239276437866864e-01
6.630859375000000000e-01 -2.382630853948115579e-01
6.632080078125000000e-01 -2.390021029818019671e-01
6.633300781250000000e-01 -2.397409799700129518e-01
6.634521484375000000e-01 -2.404797159247824279e-01
6.635742187500000000e-01 -2.412183104115305787e-01
6.636962890625000000e-01 -2.419567629957616317e-01
6.638183593750000000e-01 -2.426950732430629976e-01
6.639404296875000000e-01 -2.434332407191055203e-01
6.640625000000000000e-01 -2.441712649896445597e-01
6.641845703125000000e-01 -2.449091456205192974e-01
6.643066406250000000e-01 -2.456468821776536804e-01
6.644287109375000000e-01 -2.463844742270562549e-01
6.645507812500000000e-01 -2.471219213348204713e-01
6.646728515625000000e-01 -2.478592230671253227e-01
6.647949218750000000e-01 -2.485963789902354282e-01
6.649169921875000000e-01 -2.493333886705004776e-01
6.650390625000000000e-01 -2.500702516743569803e-01
6.651611328125000000e-01 -2.508069675683273214e-01
6.652832031250000000e-01 -2.515435359190205666e-01
6.654052734375000000e-01 -2.522799562931326567e-01
6.655273437500000000e-01 -2.530162282574460186e-01
6.656494140625000000e-01 -2.537523513788312313e-01
6.657714843750000000e-01 -2.544883252242460259e-01
6.658935546875000000e-01 -2.552241493607356748e-01
6.660156250000000000e-01 -2.559598233554341573e-01
6.661376953125000000e-01 -2.566953467755631046e-01
6.662597656250000000e-01 -2.574307191884331880e-01
6.663818359375000000e-01 -2.581659401614437299e-01
6.665039062500000000e-01 -2.589010092620830927e-01
6.666259765625000000e-01 -2.596359260579291783e-01
6.667480468750000000e-01 -2.603706901166494281e-01
6.668701171875000000e-01 -2.611053010060009338e-01
6.669921875000000000e-01 -2.618397582938310486e-01
6.671142578125000000e-01 -2.625740615480775531e-01
6.672363281250000000e-01 -2.633082103367686555e-01
6.673583984375000000e-01 -2.640422042280238801e-01
6.674804687500000000e-01 -2.647760427900528457e-01
6.676025390625000000e-01 -2.655097255911578191e-01
6.677246093750000000e-01 -2.662432521997319390e-01
6.678466796875000000e-01 -2.669766221842604370e-01
6.679687500000000000e-01 -2.677098351133205267e-01
6.680908203125000000e-01 -2.684428905555820699e-01
6.682128906250000000e-01 -2.691757880798074098e-01
6.683349609375000000e-01 -2.699085272548517600e-01
6.684570312500000000e-01 -2.706411076496634815e-01
6.685791015625000000e-01 -2.713735288332845830e-01
6.687011718750000000e-01 -2.721057903748504980e-01
6.688232421875000000e-01 -2.728378918435904743e-01
6.689453125000000000e-01 -2.735698328088283504e-01
6.690673828125000000e-01 -2.743016128399817788e-01
6.691894531250000000e-01 -2.750332315065635580e-01
6.693115234375000000e-01 -2.757646883781816327e-01
6.694335937500000000e-01 -2.764959830245381500e-01
6.695556640625000000e-01 -2.772271150154317354e-01
6.696777343750000000e-01 -2.779580839207562160e-01
6.697998046875000000e-01 -2.786888893105012865e-01
6.699218750000000000e-01 -2.794195307547529539e-01
6.700439453125000000e-01 -2.801500078236939806e-01
6.701660156250000000e-01 -2.808803200876033301e-01
6.702880859375000000e-01 -2.816104671168568885e-01
6.704101562500000000e-01 -2.823404484819282412e-01
6.705322265625000000e-01 -2.830702637533880628e-01
6.706542968750000000e-01 -2.837999125019049496e-01
6.707763671875000000e-01 -2.845293942982451418e-01
6.708984375000000000e-01 -2.852587087132735788e-01
6.710205078125000000e-01 -2.859878553179530658e-01
6.711425781250000000e-01 -2.867168336833456066e-01
6.712646484375000000e-01 -2.874456433806121258e-01
6.713867187500000000e-01 -2.881742839810123025e-01
6.715087890625000000e-01 -2.889027550559059576e-01
6.716308593750000000e-01 -2.896310561767522218e-01
6.717529296875000000e-01 -2.903591869151103677e-01
6.718750000000000000e-01 -2.910871468426396991e-01
6.719970703125000000e-01 -2.918149355311003279e-01
6.721191406250000000e-01 -2.925425525523528414e-01
6.722412109375000000e-01 -2.932699974783589125e-01
6.723632812500000000e-01 -2.939972698811812446e-01
6.724853515625000000e-01 -2.947243693329844594e-01
6.726074218750000000e-01 -2.954512954060346530e-01
6.727294921875000000e-01 -2.961780476726998401e-01
6.728515625000000000e-01 -2.969046257054505644e-01
6.729736328125000000e-01 -2.976310290768593436e-01
6.730957031250000000e-01 -2.983572573596021682e-01
6.732177734375000000e-01 -2.990833101264575578e-01
6.733398437500000000e-01 -2.998091869503071716e-01
6.734619140625000000e-01 -3.005348874041364748e-01
6.735839843750000000e-01 -3.012604110610347385e-01
6.737060546875000000e-01 -3.019857574941949840e-01
6.738281250000000000e-01 -3.027109262769145381e-01
6.739501953125000000e-01 -3.034359169825954772e-01
6.740722656250000000e-01 -3.041607291847441275e-01
6.741943359375000000e-01 -3.048853624569725085e-01
6.743164062500000000e-01 -3.056098163729972228e-01
6.744384765625000000e-01 -3.063340905066407882e-01
6.745605468750000000e-01 -3.070581844318316933e-01
6.746826171875000000e-01 -3.077820977226036203e-01
6.748046875000000000e-01 -3.085058299530973325e-01
6.749267578125000000e-01 -3.092293806975596748e-01
6.750488281250000000e-01 -3.099527495303447400e-01
6.751708984375000000e-01 -3.106759360259128688e-01
6.752929687500000000e-01 -3.113989397588322605e-01
6.754150390625000000e-01 -3.121217603037782506e-01
6.755371093750000000e-01 -3.128443972355343661e-01
6.756591796875000000e-01 -3.135668501289919363e-01
6.757812500000000000e-01 -3.142891185591503711e-01
6.759033203125000000e-01 -3.150112021011179375e-01
6.760253906250000000e-01 -3.157331003301113159e-01
6.761474609375000000e-01 -3.164548128214565437e-01
6.762695312500000000e-01 -3.171763391505885155e-01
6.763916015625000000e-01 -3.178976788930520936e-01
6.765136718750000000e-01 -3.186188316245017194e-01
6.766357421875000000e-01 -3.193397969207016907e-01
6.767578125000000000e-01 -3.200605743575267725e-01
6.768798828125000000e-01 -3.207811635109620862e-01
6.770019531250000000e-01 -3.215015639571036643e-01
6.771240234375000000e-01 -3.222217752721585060e-01
6.772460937500000000e-01 -3.229417970324447440e-01
6.773681640625000000e-01 -3.236616288143921993e-01
6.774902343750000000e-01 -3.243812701945424926e-01
6.776123046875000000e-01 -3.251007207495489326e-01
6.777343750000000000e-01 -3.258199800561774606e-01
6.778564453125000000e-01 -3.265390476913062057e-01
6.779785156250000000e-01 -3.272579232319263731e-01
6.781005859375000000e-01 -3.279766062551419670e-01
6.782226562500000000e-01 -3.286950963381701230e-01
6.783447265625000000e-01 -3.294133930583417746e-01
6.784667968750000000e-01 -3.301314959931015425e-01
6.785888671875000000e-01 -3.308494047200076782e-01
6.787109375000000000e-01 -3.315671188167332861e-01
6.788330078125000000e-01 -3.322846378610654905e-01
6.789550781250000000e-01 -3.330019614309063236e-01
6.790771484375000000e-01 -3.337190891042731145e-01
6.791992187500000000e-01 -3.344360204592974894e-01
6.793212890625000000e-01 -3.351527550742278150e-01
6.794433593750000000e-01 -3.358692925274273100e-01
6.795654296875000000e-01 -3.365856323973754893e-01
6.796875000000000000e-01 -3.373017742626679971e-01
6.798095703125000000e-01 -3.380177177020172175e-01
6.799316406250000000e-01 -3.387334622942519968e-01
6.800537109375000000e-01 -3.394490076183181437e-01
6.801757812500000000e-01 -3.401643532532787062e-01
6.802978515625000000e-01 -3.408794987783143604e-01
6.804199218750000000e-01 -3.415944437727237437e-01
6.805419921875000000e-01 -3.423091878159225665e-01
6.806640625000000000e-01 -3.430237304874457771e-01
6.807861328125000000e-01 -3.437380713669460075e-01
6.809082031250000000e-01 -3.444522100341951276e-01
6.810302734375000000e-01 -3.451661460690838013e-01
6.811523437500000000e-01 -3.458798790516214861e-01
6.812744140625000000e-01 -3.465934085619380434e-01
6.813964843750000000e-01 -3.473067341802819064e-01
6.815185546875000000e-01 -3.480198554870222449e-01
6.816406250000000000e-01 -3.487327720626482441e-01
6.817626953125000000e-01 -3.494454834877693261e-01
6.818847656250000000e-01 -3.501579893431157053e-01
6.820068359375000000e-01 -3.508702892095386106e-01
6.821289062500000000e-01 -3.515823826680102293e-01
6.822509765625000000e-01 -3.522942692996244851e-01
6.823730468750000000e-01 -3.530059486855969264e-01
6.824951171875000000e-01 -3.537174204072645600e-01
6.826171875000000000e-01 -3.544286840460871835e-01
6.827392578125000000e-01 -3.551397391836466633e-01
6.828613281250000000e-01 -3.558505854016474901e-01
6.829833984375000000e-01 -3.565612222819175003e-01
6.831054687500000000e-01 -3.572716494064066550e-01
6.832275390625000000e-01 -3.579818663571894266e-01
6.833496093750000000e-01 -3.586918727164635778e-01
6.834716796875000000e-01 -3.594016680665503838e-01
6.835937500000000000e-01 -3.601112519898955755e-01
6.837158203125000000e-01 -3.608206240690694511e-01
6.838378906250000000e-01 -3.615297838867664870e-01
6.839599609375000000e-01 -3.622387310258063930e-01
6.840820312500000000e-01 -3.629474650691335014e-01
6.842041015625000000e-01 -3.636559855998180990e-01
6.843261718750000000e-01 -3.643642922010558727e-01
6.844482421875000000e-01 -3.650723844561680198e-01
6.845703125000000000e-01 -3.657802619486024698e-01
6.846923828125000000e-01 -3.664879242619328292e-01
6.848144531250000000e-01 -3.671953709798596588e-01
6.849365234375000000e-01 -3.679026016862104731e-01
6.850585937500000000e-01 -3.686096159649393522e-01
6.851806640625000000e-01 -3.693164134001282184e-01
6.853027343750000000e-01 -3.700229935759864475e-01
6.854248046875000000e-01 -3.707293560768508689e-01
6.855468750000000000e-01 -3.714355004871867094e-01
6.856689453125000000e-01 -3.721414263915874820e-01
6.857910156250000000e-01 -3.728471333747752081e-01
6.859130859375000000e-01 -3.735526210216005283e-01
6.860351562500000000e-01 -3.742578889170432577e-01
6.861572265625000000e-01 -3.749629366462123858e-01
6.862792968750000000e-01 -3.756677637943466874e-01
6.864013671875000000e-01 -3.763723699468145001e-01
6.865234375000000000e-01 -3.770767546891139466e-01
6.866455078125000000e-01 -3.777809176068738228e-01
6.867675781250000000e-01 -3.784848582858532096e-01
6.868896484375000000e-01 -3.791885763119420272e-01
6.870117187500000000e-01 -3.798920712711606473e-01
6.871337890625000000e-01 -3.805953427496616137e-01
6.872558593750000000e-01 -3.812983903337282543e-01
6.873779296875000000e-01 -3.820012136097759581e-01
6.875000000000000000e-01 -3.827038121643514534e-01
6.876220703125000000e-01 -3.834061855841346955e-01
6.877441406250000000e-01 -3.841083334559371454e-01
6.878662109375000000e-01 -3.848102553667033798e-01
6.879882812500000000e-01 -3.855119509035104808e-01
6.881103515625000000e-01 -3.862134196535696451e-01
6.882324218750000000e-01 -3.869146612042246858e-01
6.883544921875000000e-01 -3.876156751429529757e-01
6.884765625000000000e-01 -3.883164610573664466e-01
6.885986328125000000e-01 -3.890170185352104792e-01
6.887207031250000000e-01 -3.897173471643654574e-01
6.888427734375000000e-01 -3.904174465328459354e-01
6.889648437500000000e-01 -3.911173162288013594e-01
6.890869140625000000e-01 -3.918169558405165676e-01
6.892089843750000000e-01 -3.925163649564116231e-01
6.893310546875000000e-01 -3.932155431650421473e-01
6.894531250000000000e-01 -3.939144900550996531e-01
6.895751953125000000e-01 -3.946132052154117109e-01
6.896972656250000000e-01 -3.953116882349421157e-01
6.898193359375000000e-01 -3.960099387027913309e-01
6.899414062500000000e-01 -3.967079562081964328e-01
6.900634765625000000e-01 -3.974057403405318323e-01
6.901855468750000000e-01 -3.981032906893093304e-01
6.903076171875000000e-01 -3.988006068441777296e-01
6.904296875000000000e-01 -3.994976883949240554e-01
6.905517578125000000e-01 -4.001945349314728340e-01
6.906738281250000000e-01 -4.008911460438878138e-01
6.907958984375000000e-01 -4.015875213223703000e-01
6.909179687500000000e-01 -4.022836603572604863e-01
6.910400390625000000e-01 -4.029795627390379553e-01
6.911621093750000000e-01 -4.036752280583211783e-01
6.912841796875000000e-01 -4.043706559058683481e-01
6.914062500000000000e-01 -4.050658458725769351e-01
6.915283203125000000e-01 -4.057607975494846864e-01
6.916503906250000000e-01 -4.064555105277695146e-01
6.917724609375000000e-01 -4.071499843987494982e-01
6.918945312500000000e-01 -4.078442187538836583e-01
6.920166015625000000e-01 -4.085382131847718479e-01
6.921386718750000000e-01 -4.092319672831550292e-01
6.922607421875000000e-01 -4.099254806409153851e-01
6.923828125000000000e-01 -4.106187528500770956e-01
6.925048828125000000e-01 -4.113117835028058389e-01
6.926269531250000000e-01 -4.120045721914094572e-01
6.927490234375000000e-01 -4.126971185083382898e-01
6.928710937500000000e-01 -4.133894220461853397e-01
6.929931640625000000e-01 -4.140814823976861070e-01
6.931152343750000000e-01 -4.147732991557194215e-01
6.932373046875000000e-01 -4.154648719133070545e-01
6.933593750000000000e-01 -4.161562002636150503e-01
6.934814453125000000e-01 -4.168472837999523395e-01
6.936035156250000000e-01 -4.175381221157722922e-01
6.937255859375000000e-01 -4.182287148046728298e-01
6.938476562500000000e-01 -4.189190614603956475e-01
6.939697265625000000e-01 -4.196091616768279353e-01
6.940917968750000000e-01 -4.202990150480014897e-01
6.942138671875000000e-01 -4.209886211680932133e-01
6.943359375000000000e-01 -4.216779796314256146e-01
6.944580078125000000e-01 -4.223670900324668076e-01
6.945800781250000000e-01 -4.230559519658310119e-01
6.947021484375000000e-01 -4.237445650262785524e-01
6.948242187500000000e-01 -4.244329288087158591e-01
6.949462890625000000e-01 -4.251210429081965225e-01
6.950683593750000000e-01 -4.258089069199208487e-01
6.951904296875000000e-01 -4.264965204392357490e-01
6.953125000000000000e-01 -4.271838830616361826e-01
6.954345703125000000e-01 -4.278709943827642692e-01
6.955566406250000000e-01 -4.285578539984103430e-01
6.956787109375000000e-01 -4.292444615045125644e-01
6.958007812500000000e-01 -4.299308164971570312e-01
6.959228515625000000e-01 -4.306169185725791659e-01
6.960449218750000000e-01 -4.313027673271628837e-01
6.961669921875000000e-01 -4.319883623574408138e-01
6.962890625000000000e-01 -4.326737032600950217e-01
6.964111328125000000e-01 -4.333587896319571198e-01
6.965332031250000000e-01 -4.340436210700086006e-01
6.966552734375000000e-01 -4.347281971713808368e-01
6.967773437500000000e-01 -4.354125175333549702e-01
6.968994140625000000e-01 -4.360965817533632993e-01
6.970214843750000000e-01 -4.367803894289883915e-01
6.971435546875000000e-01 -4.374639401579638043e-01
6.972656250000000000e-01 -4.381472335381740857e-01
6.973876953125000000e-01 -4.388302691676556067e-01
6.975097656250000000e-01 -4.395130466445960615e-01
6.976318359375000000e-01 -4.401955655673349121e-01
6.977539062500000000e-01 -4.408778255343638319e-01
6.978759765625000000e-01 -4.415598261443270944e-01
6.979980468750000000e-01 -4.422415669960211848e-01
6.981201171875000000e-01 -4.429230476883954104e-01
6.982421875000000000e-01 -4.436042678205524559e-01
6.983642578125000000e-01 -4.442852269917478836e-01
6.984863281250000000e-01 -4.449659248013909663e-01
6.986083984375000000e-01 -4.456463608490449646e-01
6.987304687500000000e-01 -4.463265347344265721e-01
6.988525390625000000e-01 -4.470064460574071363e-01
6.989746093750000000e-01 -4.476860944180123814e-01
6.990966796875000000e-01 -4.483654794164227964e-01
6.992187500000000000e-01 -4.490446006529732470e-01
6.993408203125000000e-01 -4.497234577281548074e-01
6.994628906250000000e-01 -4.504020502426129280e-01
6.995849609375000000e-01 -4.510803777971494344e-01
6.997070312500000000e-01 -4.517584399927211947e-01
6.998291015625000000e-01 -4.524362364304422290e-01
6.999511718750000000e-01 -4.531137667115820999e-01
7.000732421875000000e-01 -4.537910304375671333e-01
7.001953125000000000e-01 -4.544680272099808627e-01
7.003173828125000000e-01 -4.551447566305631409e-01
7.004394531250000000e-01 -4.558212183012114727e-01
7.005615234375000000e-01 -4.564974118239813472e-01
7.006835937500000000e-01 -4.571733368010851839e-01
7.008056640625000000e-01 -4.578489928348936644e-01
7.009277343750000000e-01 -4.585243795279358991e-01
7.010498046875000000e-01 -4.591994964828993719e-01
7.011718750000000000e-01 -4.598743433026300509e-01
7.012939453125000000e-01 -4.605489195901329436e-01
7.014160156250000000e-01 -4.612232249485724300e-01
7.015380859375000000e-01 -4.618972589812715968e-01
7.016601562500000000e-01 -4.625710212917140129e-01
7.017822265625000000e-01 -4.632445114835421762e-01
7.019042968750000000e-01 -4.639177291605597886e-01
7.020263671875000000e-01 -4.645906739267297580e-01
7.021484375000000000e-01 -4.652633453861761970e-01
7.022705078125000000e-01 -4.659357431431838670e-01
7.023925781250000000e-01 -4.666078668021982900e-01
7.025146484375000000e-01 -4.672797159678266365e-01
7.026367187500000000e-01 -4.679512902448372258e-01
7.027587890625000000e-01 -4.686225892381603031e-01
7.028808593750000000e-01 -4.692936125528877622e-01
7.030029296875000000e-01 -4.699643597942743112e-01
7.031250000000000000e-01 -4.706348305677361954e-01
7.032470703125000000e-01 -4.713050244788529741e-01
7.033691406250000000e-01 -4.719749411333668543e-01
7.034912109375000000e-01 -4.726445801371830790e-01
7.036132812500000000e-01 -4.733139410963699278e-01
7.037353515625000000e-01 -4.739830236171600486e-01
7.038574218750000000e-01 -4.746518273059493476e-01
7.039794921875000000e-01 -4.753203517692975999e-01
7.041015625000000000e-01 -4.759885966139295044e-01
7.042236328125000000e-01 -4.766565614467333512e-01
7.043457031250000000e-01 -4.773242458747630756e-01
7.044677734375000000e-01 -4.779916495052369818e-01
7.045898437500000000e-01 -4.786587719455385193e-01
7.047119140625000000e-01 -4.793256128032167829e-01
7.048339843750000000e-01 -4.799921716859868459e-01
7.049560546875000000e-01 -4.806584482017290383e-01
7.050781250000000000e-01 -4.813244419584898348e-01
7.052001953125000000e-01 -4.819901525644826878e-01
7.053222656250000000e-01 -4.826555796280869726e-01
7.054443359375000000e-01 -4.833207227578490972e-01
7.055664062500000000e-01 -4.839855815624823365e-01
7.056884765625000000e-01 -4.846501556508676645e-01
7.058105468750000000e-01 -4.853144446320532546e-01
7.059326171875000000e-01 -4.859784481152548685e-01
7.060546875000000000e-01 -4.866421657098563558e-01
7.061767578125000000e-01 -4.873055970254098757e-01
7.062988281250000000e-01 -4.879687416716358417e-01
7.064208984375000000e-01 -4.886315992584233103e-01
7.065429687500000000e-01 -4.892941693958302030e-01
7.066650390625000000e-01 -4.899564516940835834e-01
7.067871093750000000e-01 -4.906184457635799356e-01
7.069091796875000000e-01 -4.912801512148851635e-01
7.070312500000000000e-01 -4.919415676587350350e-01
7.071533203125000000e-01 -4.926026947060351824e-01
7.072753906250000000e-01 -4.932635319678617125e-01
7.073974609375000000e-01 -4.939240790554611515e-01
7.075195312500000000e-01 -4.945843355802502783e-01
7.076416015625000000e-01 -4.952443011538176232e-01
7.077636718750000000e-01 -4.959039753879224133e-01
7.078857421875000000e-01 -4.965633578944950166e-01
7.080078125000000000e-01 -4.972224482856378858e-01
7.081298828125000000e-01 -4.978812461736251138e-01
7.082519531250000000e-01 -4.985397511709028784e-01
7.083740234375000000e-01 -4.991979628900894417e-01
7.084960937500000000e-01 -4.998558809439761497e-01
7.086181640625000000e-01 -5.005135049455264884e-01
7.087402343750000000e-01 -5.011708345078774718e-01
7.088623046875000000e-01 -5.018278692443387534e-01
7.089843750000000000e-01 -5.024846087683941809e-01
7.091064453125000000e-01 -5.031410526937000194e-01
7.092285156250000000e-01 -5.037972006340881714e-01
7.093505859375000000e-01 -5.044530522035630682e-01
7.094726562500000000e-01 -5.051086070163041120e-01
7.095947265625000000e-01 -5.057638646866656762e-01
7.097167968750000000e-01 -5.064188248291764394e-01
7.098388671875000000e-01 -5.070734870585399401e-01
7.099609375000000000e-01 -5.077278509896356873e-01
7.100830078125000000e-01 -5.083819162375177170e-01
7.102050781250000000e-01 -5.090356824174168127e-01
7.103271484375000000e-01 -5.096891491447390621e-01
7.104492187500000000e-01 -5.103423160350665233e-01
7.105712890625000000e-01 -5.109951827041581129e-01
7.106933593750000000e-01 -5.116477487679493841e-01
7.108154296875000000e-01 -5.123000138425521932e-01
7.109375000000000000e-01 -5.129519775442561436e-01
7.110595703125000000e-01 -5.136036394895275858e-01
7.111816406250000000e-01 -5.142549992950106175e-01
7.113037109375000000e-01 -5.149060565775270826e-01
7.114257812500000000e-01 -5.155568109540766830e-01
7.115478515625000000e-01 -5.162072620418373115e-01
7.116699218750000000e-01 -5.168574094581658285e-01
7.117919921875000000e-01 -5.175072528205967304e-01
7.119140625000000000e-01 -5.181567917468440365e-01
7.120361328125000000e-01 -5.188060258548007342e-01
7.121582031250000000e-01 -5.194549547625391117e-01
7.122802734375000000e-01 -5.201035780883113135e-01
7.124023437500000000e-01 -5.207518954505484521e-01
7.125244140625000000e-01 -5.213999064678624951e-01
7.126464843750000000e-01 -5.220476107590451553e-01
7.127685546875000000e-01 -5.226950079430685570e-01
7.128906250000000000e-01 -5.233420976390859014e-01
7.130126953125000000e-01 -5.239888794664306904e-01
7.131347656250000000e-01 -5.246353530446180580e-01
7.132568359375000000e-01 -5.252815179933441048e-01
7.133789062500000000e-01 -5.259273739324865637e-01
7.135009765625000000e-01 -5.265729204821053555e-01
7.136230468750000000e-01 -5.272181572624419221e-01
7.137451171875000000e-01 -5.278630838939197822e-01
7.138671875000000000e-01 -5.285076999971457523e-01
7.139892578125000000e-01 -5.291520051929083923e-01
7.141113281250000000e-01 -5.297959991021797821e-01
7.142333984375000000e-01 -5.304396813461148552e-01
7.143554687500000000e-01 -5.310830515460516210e-01
7.144775390625000000e-01 -5.317261093235122749e-01
7.145996093750000000e-01 -5.323688543002026430e-01
7.147216796875000000e-01 -5.330112860980119605e-01
7.148437500000000000e-01 -5.336534043390144255e-01
7.149658203125000000e-01 -5.342952086454685334e-01
7.150878906250000000e-01 -5.349366986398170765e-01
7.152099609375000000e-01 -5.355778739446884762e-01
7.153320312500000000e-01 -5.362187341828952292e-01
7.154541015625000000e-01 -5.368592789774359053e-01
7.155761718750000000e-01 -5.374995079514950369e-01
7.156982421875000000e-01 -5.381394207284416753e-01
7.158203125000000000e-01 -5.387790169318320554e-01
7.159423828125000000e-01 -5.394182961854082636e-01
7.160644531250000000e-01 -5.400572581130983485e-01
7.161865234375000000e-01 -5.406959023390179864e-01
7.163085937500000000e-01 -5.413342284874688159e-01
7.164306640625000000e-01 -5.419722361829403257e-01
7.165527343750000000e-01 -5.426099250501088544e-01
7.166748046875000000e-01 -5.432472947138385910e-01
7.167968750000000000e-01 -5.438843447991812408e-01
7.169189453125000000e-01 -5.445210749313766918e-01
7.170410156250000000e-01 -5.451574847358532372e-01
7.171630859375000000e-01 -5.457935738382271307e-01
7.172851562500000000e-01 -5.464293418643034750e-01
7.174072265625000000e-01 -5.470647884400763328e-01
7.175292968750000000e-01 -5.476999131917291708e-01
7.176513671875000000e-01 -5.483347157456341936e-01
7.177734375000000000e-01 -5.489691957283535650e-01
7.178955078125000000e-01 -5.496033527666388530e-01
7.180175781250000000e-01 -5.502371864874320284e-01
7.181396484375000000e-01 -5.508706965178650217e-01
7.182617187500000000e-01 -5.515038824852598331e-01
7.183837890625000000e-01 -5.521367440171298657e-01
7.185058593750000000e-01 -5.527692807411788145e-01
7.186279296875000000e-01 -5.534014922853019991e-01
7.187500000000000000e-01 -5.540333782775849203e-01
7.188720703125000000e-01 -5.546649383463060357e-01
7.189941406250000000e-01 -5.552961721199346501e-01
7.191162109375000000e-01 -5.559270792271320261e-01
7.192382812500000000e-01 -5.565576592967517167e-01
7.193603515625000000e-01 -5.571879119578398987e-01
7.194824218750000000e-01 -5.578178368396352615e-01
7.196044921875000000e-01 -5.584474335715688964e-01
7.197265625000000000e-01 -5.590767017832655172e-01
7.198486328125000000e-01 -5.597056411045427948e-01
7.199707031250000000e-01 -5.603342511654118008e-01
7.200927734375000000e-01 -5.609625315960776737e-01
7.202148437500000000e-01 -5.615904820269389530e-01
7.203369140625000000e-01 -5.622181020885888003e-01
7.204589843750000000e-01 -5.628453914118143331e-01
7.205810546875000000e-01 -5.634723496275976240e-01
7.207031250000000000e-01 -5.640989763671151458e-01
7.208251953125000000e-01 -5.647252712617385484e-01
7.209472656250000000e-01 -5.653512339430347700e-01
7.210693359375000000e-01 -5.659768640427661479e-01
7.211914062500000000e-01 -5.666021611928900859e-01
7.213134765625000000e-01 -5.672271250255610520e-01
7.214355468750000000e-01 -5.678517551731285806e-01
7.215576171875000000e-01 -5.684760512681389377e-01
7.216796875000000000e-01 -5.691000129433347876e-01
7.218017578125000000e-01 -5.697236398316555261e-01
7.219238281250000000e-01 -5.703469315662376138e-01
7.220458984375000000e-01 -5.709698877804145756e-01
7.221679687500000000e-01 -5.715925081077172232e-01
7.222900390625000000e-01 -5.722147921818740990e-01
7.224121093750000000e-01 -5.728367396368113651e-01
7.225341796875000000e-01 -5.734583501066538025e-01
7.226562500000000000e-01 -5.740796232257235898e-01
7.227783203125000000e-01 -5.747005586285418577e-01
7.229003906250000000e-01 -5.753211559498283556e-01
7.230224609375000000e-01 -5.759414148245016740e-01
7.231445312500000000e-01 -5.765613348876792443e-01
7.232666015625000000e-01 -5.771809157746785601e-01
7.233886718750000000e-01 -5.778001571210157339e-01
7.235107421875000000e-01 -5.784190585624071623e-01
7.236328125000000000e-01 -5.790376197347690823e-01
7.237548828125000000e-01 -5.796558402742180149e-01
7.238769531250000000e-01 -5.802737198170704325e-01
7.239990234375000000e-01 -5.808912579998439796e-01
7.241210937500000000e-01 -5.815084544592566962e-01
7.242431640625000000e-01 -5.821253088322279057e-01
7.243652343750000000e-01 -5.827418207558782148e-01
7.244873046875000000e-01 -5.833579898675292918e-01
7.246093750000000000e-01 -5.839738158047048655e-01
7.247314453125000000e-01 -5.845892982051303921e-01
7.248535156250000000e-01 -5.852044367067333885e-01
7.249755859375000000e-01 -5.858192309476437654e-01
7.250976562500000000e-01 -5.864336805661936047e-01
7.252197265625000000e-01 -5.870477852009186037e-01
7.253417968750000000e-01 -5.876615444905566310e-01
7.254638671875000000e-01 -5.882749580740485040e-01
7.255859375000000000e-01 -5.888880255905392103e-01
7.257080078125000000e-01 -5.895007466793767970e-01
7.258300781250000000e-01 -5.901131209801131483e-01
7.259521484375000000e-01 -5.907251481325047626e-01
7.260742187500000000e-01 -5.913368277765109760e-01
7.261962890625000000e-01 -5.919481595522970707e-01
7.263183593750000000e-01 -5.925591431002321663e-01
7.264404296875000000e-01 -5.931697780608902182e-01
7.265625000000000000e-01 -5.937800640750505732e-01
7.266845703125000000e-01 -5.943900007836977473e-01
7.268066406250000000e-01 -5.949995878280214257e-01
7.269287109375000000e-01 -5.956088248494175730e-01
7.270507812500000000e-01 -5.962177114894874341e-01
7.271728515625000000e-01 -5.968262473900388665e-01
7.272949218750000000e-01 -5.974344321930860069e-01
7.274169921875000000e-01 -5.980422655408491606e-01
7.275390625000000000e-01 -5.986497470757556894e-01
7.276611328125000000e-01 -5.992568764404397896e-01
7.277832031250000000e-01 -5.998636532777431585e-01
7.279052734375000000e-01 -6.004700772307144385e-01
7.280273437500000000e-01 -6.010761479426098841e-01
7.281494140625000000e-01 -6.016818650568940274e-01
7.282714843750000000e-01 -6.022872282172390124e-01
7.283935546875000000e-01 -6.028922370675250386e-01
7.285156250000000000e-01 -6.034968912518413608e-01
7.286376953125000000e-01 -6.041011904144851785e-01
7.287597656250000000e-01 -6.047051341999631902e-01
7.288818359375000000e-01 -6.053087222529905942e-01
7.290039062500000000e-01 -6.059119542184920881e-01
7.291259765625000000e-01 -6.065148297416018686e-01
7.292480468750000000e-01 -6.071173484676639642e-01
7.293701171875000000e-01 -6.077195100422315699e-01
7.294921875000000000e-01 -6.083213141110693778e-01
7.296142578125000000e-01 -6.089227603201510242e-01
7.297363281250000000e-01 -6.095238483156613096e-01
7.298583984375000000e-01 -6.101245777439959772e-01
7.299804687500000000e-01 -6.107249482517606021e-01
7.301025390625000000e-01 -6.113249594857732561e-01
7.302246093750000000e-01 -6.119246110930628424e-01
7.303466796875000000e-01 -6.125239027208695397e-01
7.304687500000000000e-01 -6.131228340166454682e-01
7.305908203125000000e-01 -6.137214046280551338e-01
7.307128906250000000e-01 -6.143196142029745399e-01
7.308349609375000000e-01 -6.149174623894927416e-01
7.309570312500000000e-01 -6.155149488359105137e-01
7.310791015625000000e-01 -6.161120731907424597e-01
7.312011718750000000e-01 -6.167088351027154580e-01
7.313232421875000000e-01 -6.173052342207698828e-01
7.314453125000000000e-01 -6.179012701940597152e-01
7.315673828125000000e-01 -6.184969426719518770e-01
7.316894531250000000e-01 -6.190922513040280073e-01
7.318115234375000000e-01 -6.196871957400834630e-01
7.319335937500000000e-01 -6.202817756301273189e-01
7.320556640625000000e-01 -6.208759906243838111e-01
7.321777343750000000e-01 -6.214698403732915599e-01
7.322998046875000000e-01 -6.220633245275042356e-01
7.324218750000000000e-01 -6.226564427378898925e-01
7.325439453125000000e-01 -6.232491946555328566e-01
7.326660156250000000e-01 -6.238415799317322818e-01
7.327880859375000000e-01 -6.244335982180031497e-01
7.329101562500000000e-01 -6.250252491660763798e-01
7.330322265625000000e-01 -6.256165324278989415e-01
7.331542968750000000e-01 -6.262074476556340752e-01
7.332763671875000000e-01 -6.267979945016616261e-01
7.333984375000000000e-01 -6.273881726185782659e-01
7.335205078125000000e-01 -6.279779816591971597e-01
7.336425781250000000e-01 -6.285674212765488544e-01
7.337646484375000000e-01 -6.291564911238813895e-01
7.338867187500000000e-01 -6.297451908546599642e-01
7.340087890625000000e-01 -6.303335201225678253e-01
7.341308593750000000e-01 -6.309214785815058235e-01
7.342529296875000000e-01 -6.315090658855936345e-01
7.343750000000000000e-01 -6.320962816891684266e-01
7.344970703125000000e-01 -6.326831256467861930e-01
7.346191406250000000e-01 -6.332695974132219741e-01
7.347412109375000000e-01 -6.338556966434694129e-01
7.348632812500000000e-01 -6.344414229927411997e-01
7.349853515625000000e-01 -6.350267761164700708e-01
7.351074218750000000e-01 -6.356117556703076987e-01
7.352294921875000000e-01 -6.361963613101255799e-01
7.353515625000000000e-01 -6.367805926920154791e-01
7.354736328125000000e-01 -6.373644494722887632e-01
7.355957031250000000e-01 -6.379479313074778446e-01
7.357177734375000000e-01 -6.385310378543355148e-01
7.358398437500000000e-01 -6.391137687698346115e-01
7.359619140625000000e-01 -6.396961237111702392e-01
7.360839843750000000e-01 -6.402781023357575485e-01
7.362060546875000000e-01 -6.408597043012338457e-01
7.363281250000000000e-01 -6.414409292654572603e-01
7.364501953125000000e-01 -6.420217768865085217e-01
7.365722656250000000e-01 -6.426022468226898487e-01
7.366943359375000000e-01 -6.431823387325255048e-01
7.368164062500000000e-01 -6.437620522747624641e-01
7.369384765625000000e-01 -6.443413871083703004e-01
7.370605468750000000e-01 -6.449203428925414094e-01
7.371826171875000000e-01 -6.454989192866905645e-01
7.373046875000000000e-01 -6.460771159504564709e-01
7.374267578125000000e-01 -6.466549325437007667e-01
7.375488281250000000e-01 -6.472323687265091330e-01
7.376708984375000000e-01 -6.478094241591905167e-01
7.377929687500000000e-01 -6.483860985022780188e-01
7.379150390625000000e-01 -6.489623914165290053e-01
7.380371093750000000e-01 -6.495383025629254403e-01
7.381591796875000000e-01 -6.501138316026733310e-01
7.382812500000000000e-01 -6.506889781972040598e-01
7.384033203125000000e-01 -6.512637420081733852e-01
7.385253906250000000e-01 -6.518381226974628850e-01
7.386474609375000000e-01 -6.524121199271789573e-01
7.387695312500000000e-01 -6.529857333596539304e-01
7.388916015625000000e-01 -6.535589626574458411e-01
7.390136718750000000e-01 -6.541318074833386564e-01
7.391357421875000000e-01 -6.547042675003422740e-01
7.392578125000000000e-01 -6.552763423716935209e-01
7.393798828125000000e-01 -6.558480317608553767e-01
7.395019531250000000e-01 -6.564193353315177504e-01
7.396240234375000000e-01 -6.569902527475973697e-01
7.397460937500000000e-01 -6.575607836732382250e-01
7.398681640625000000e-01 -6.581309277728115692e-01
7.399902343750000000e-01 -6.587006847109168062e-01
7.401123046875000000e-01 -6.592700541523801583e-01
7.402343750000000000e-01 -6.598390357622564428e-01
7.403564453125000000e-01 -6.604076292058281838e-01
7.404785156250000000e-01 -6.609758341486068334e-01
7.406005859375000000e-01 -6.615436502563319943e-01
7.407226562500000000e-01 -6.621110771949718643e-01
7.408447265625000000e-01 -6.626781146307240133e-01
7.409667968750000000e-01 -6.632447622300149392e-01
7.410888671875000000e-01 -6.638110196595001788e-01
7.412109375000000000e-01 -6.643768865860654182e-01
7.413330078125000000e-01 -6.649423626768254936e-01
7.414550781250000000e-01 -6.655074475991253902e-01
7.415771484375000000e-01 -6.660721410205405757e-01
7.416992187500000000e-01 -6.666364426088758899e-01
7.418212890625000000e-01 -6.672003520321676540e-01
7.419433593750000000e-01 -6.677638689586823384e-01
7.420654296875000000e-01 -6.683269930569174511e-01
7.421875000000000000e-01 -6.688897239956015373e-01
7.423095703125000000e-01 -6.694520614436947348e-01
7.424316406250000000e-01 -6.700140050703882189e-01
7.425537109375000000e-01 -6.705755545451049793e-01
7.426757812500000000e-01 -6.711367095375000424e-01
7.427978515625000000e-01 -6.716974697174601383e-01
7.429199218750000000e-01 -6.722578347551052547e-01
7.430419921875000000e-01 -6.728178043207861947e-01
7.431640625000000000e-01 -6.733773780850875745e-01
7.432861328125000000e-01 -6.739365557188266020e-01
7.434082031250000000e-01 -6.744953368930535209e-01
7.435302734375000000e-01 -6.750537212790519437e-01
7.436523437500000000e-01 -6.756117085483381857e-01
7.437744140625000000e-01 -6.761692983726632633e-01
7.438964843750000000e-01 -6.767264904240111179e-01
7.440185546875000000e-01 -6.772832843746000586e-01
7.441406250000000000e-01 -6.778396798968829851e-01
7.442626953125000000e-01 -6.783956766635460545e-01
7.443847656250000000e-01 -6.789512743475112355e-01
7.445068359375000000e-01 -6.795064726219344209e-01
7.446289062500000000e-01 -6.800612711602066485e-01
7.447509765625000000e-01 -6.806156696359547675e-01
7.448730468750000000e-01 -6.811696677230401065e-01
7.449951171875000000e-01 -6.817232650955596940e-01
7.451171875000000000e-01 -6.822764614278468143e-01
7.452392578125000000e-01 -6.828292563944701188e-01
7.453613281250000000e-01 -6.833816496702344034e-01
7.454833984375000000e-01 -6.839336409301814967e-01
7.456054687500000000e-01 -6.844852298495883725e-01
7.457275390625000000e-01 -6.850364161039701472e-01
7.458496093750000000e-01 -6.855871993690778599e-01
7.459716796875000000e-01 -6.861375793208999152e-01
7.460937500000000000e-01 -6.866875556356619725e-01
7.462158203125000000e-01 -6.872371279898273899e-01
7.463378906250000000e-01 -6.877862960600963360e-01
7.464599609375000000e-01 -6.883350595234081215e-01
7.465820312500000000e-01 -6.888834180569386456e-01
7.467041015625000000e-01 -6.894313713381031716e-01
7.468261718750000000e-01 -6.899789190445547726e-01
7.469482421875000000e-01 -6.905260608541851086e-01
7.470703125000000000e-01 -6.910727964451249816e-01
7.471923828125000000e-01 -6.916191254957437806e-01
7.473144531250000000e-01 -6.921650476846501476e-01
7.474365234375000000e-01 -6.927105626906924218e-01
7.475585937500000000e-01 -6.932556701929576404e-01
7.476806640625000000e-01 -6.938003698707735367e-01
7.478027343750000000e-01 -6.943446614037074305e-01
7.479248046875000000e-01 -6.948885444715662274e-01
7.480468750000000000e-01 -6.954320187543977516e-01
7.481689453125000000e-01 -6.959750839324899685e-01
7.482910156250000000e-01 -6.965177396863719839e-01
7.484130859375000000e-01 -6.970599856968129338e-01
7.485351562500000000e-01 -6.976018216448237608e-01
7.486572265625000000e-01 -6.981432472116559929e-01
7.487792968750000000e-01 -6.986842620788034086e-01
7.489013671875000000e-01 -6.992248659280005940e-01
7.490234375000000000e-01 -6.997650584412242747e-01
7.491455078125000000e-01 -7.003048393006929828e-01
7.492675781250000000e-01 -7.008442081888679454e-01
7.493896484375000000e-01 -7.013831647884519738e-01
7.495117187500000000e-01 -7.019217087823907963e-01
7.496337890625000000e-01 -7.024598398538730581e-01
7.497558593750000000e-01 -7.029975576863298770e-01
7.498779296875000000e-01 -7.035348619634360645e-01
7.500000000000000000e-01 -7.040717523691089053e-01
7.501220703125000000e-01 -7.046082285875100437e-01
7.502441406250000000e-01 -7.051442903030440412e-01
7.503662109375000000e-01 -7.056799372003599302e-01
7.504882812500000000e-01 -7.062151689643498820e-01
7.506103515625000000e-01 -7.067499852801513160e-01
7.507324218750000000e-01 -7.072843858331454570e-01
7.508544921875000000e-01 -7.078183703089582224e-01
7.509765625000000000e-01 -7.083519383934602232e-01
7.510986328125000000e-01 -7.088850897727670963e-01
7.512207031250000000e-01 -7.094178241332397272e-01
7.513427734375000000e-01 -7.099501411614842494e-01
7.514648437500000000e-01 -7.104820405443520448e-01
7.515869140625000000e-01 -7.110135219689406316e-01
7.517089843750000000e-01 -7.115445851225931095e-01
7.518310546875000000e-01 -7.120752296928987146e-01
7.519531250000000000e-01 -7.126054553676929304e-01
7.520751953125000000e-01 -7.131352618350575989e-01
7.521972656250000000e-01 -7.136646487833213648e-01
7.523193359375000000e-01 -7.141936159010593421e-01
7.524414062500000000e-01 -7.147221628770938917e-01
7.525634765625000000e-01 -7.152502894004943990e-01
7.526855468750000000e-01 -7.157779951605777180e-01
7.528076171875000000e-01 -7.163052798469080606e-01
7.529296875000000000e-01 -7.168321431492974405e-01
7.530517578125000000e-01 -7.173585847578058949e-01
7.531738281250000000e-01 -7.178846043627411522e-01
7.532958984375000000e-01 -7.184102016546596303e-01
7.534179687500000000e-01 -7.189353763243658824e-01
7.535400390625000000e-01 -7.194601280629131512e-01
7.536621093750000000e-01 -7.199844565616035919e-01
7.537841796875000000e-01 -7.205083615119882712e-01
7.539062500000000000e-01 -7.210318426058673902e-01
7.540283203125000000e-01 -7.215548995352905060e-01
7.541503906250000000e-01 -7.220775319925566427e-01
7.542724609375000000e-01 -7.225997396702146247e-01
7.543945312500000000e-01 -7.231215222610630766e-01
7.545166015625000000e-01 -7.236428794581508672e-01
7.546386718750000000e-01 -7.241638109547769986e-01
7.547607421875000000e-01 -7.246843164444907170e-01
7.548828125000000000e-01 -7.252043956210921793e-01
7.550048828125000000e-01 -7.257240481786322306e-01
7.551269531250000000e-01 -7.262432738114126263e-01
7.552490234375000000e-01 -7.267620722139861433e-01
7.553710937500000000e-01 -7.272804430811572463e-01
7.554931640625000000e-01 -7.277983861079816430e-01
7.556152343750000000e-01 -7.283159009897668401e-01
7.557373046875000000e-01 -7.288329874220721427e-01
7.558593750000000000e-01 -7.293496451007089876e-01
7.559814453125000000e-01 -7.298658737217407211e-01
7.561035156250000000e-01 -7.303816729814838205e-01
7.562255859375000000e-01 -7.308970425765064505e-01
7.563476562500000000e-01 -7.314119822036299068e-01
7.564697265625000000e-01 -7.319264915599288379e-01
7.565917968750000000e-01 -7.324405703427305792e-01
7.567138671875000000e-01 -7.329542182496153746e-01
7.568359375000000000e-01 -7.334674349784179315e-01
7.569580078125000000e-01 -7.339802202272257547e-01
7.570800781250000000e-01 -7.344925736943805905e-01
7.572021484375000000e-01 -7.350044950784784259e-01
7.573242187500000000e-01 -7.355159840783683789e-01
7.574462890625000000e-01 -7.360270403931551408e-01
7.575683593750000000e-01 -7.365376637221975331e-01
7.576904296875000000e-01 -7.370478537651087292e-01
7.578125000000000000e-01 -7.375576102217571428e-01
7.579345703125000000e-01 -7.380669327922663170e-01
7.580566406250000000e-01 -7.385758211770148129e-01
7.581787109375000000e-01 -7.390842750766366542e-01
7.583007812500000000e-01 -7.395922941920215488e-01
7.584228515625000000e-01 -7.400998782243148888e-01
7.585449218750000000e-01 -7.406070268749183061e-01
7.586669921875000000e-01 -7.411137398454890057e-01
7.587890625000000000e-01 -7.416200168379409874e-01
7.589111328125000000e-01 -7.421258575544444902e-01
7.590332031250000000e-01 -7.426312616974264369e-01
7.591552734375000000e-01 -7.431362289695706558e-01
7.592773437500000000e-01 -7.436407590738176587e-01
7.593994140625000000e-01 -7.441448517133657514e-01
7.595214843750000000e-01 -7.446485065916700341e-01
7.596435546875000000e-01 -7.451517234124432898e-01
7.597656250000000000e-01 -7.456545018796560953e-01
7.598876953125000000e-01 -7.461568416975368212e-01
7.600097656250000000e-01 -7.466587425705719649e-01
7.601318359375000000e-01 -7.471602042035061508e-01
7.602539062500000000e-01 -7.476612263013421300e-01
7.603759765625000000e-01 -7.481618085693418907e-01
7.604980468750000000e-01 -7.486619507130256590e-01
7.606201171875000000e-01 -7.491616524381725650e-01
7.607421875000000000e-01 -7.496609134508211980e-01
7.608642578125000000e-01 -7.501597334572690512e-01
7.609863281250000000e-01 -7.506581121640729659e-01
7.611083984375000000e-01 -7.511560492780501308e-01
7.612304687500000000e-01 -7.516535445062761944e-01
7.613525390625000000e-01 -7.521505975560881518e-01
7.614746093750000000e-01 -7.526472081350823462e-01
7.615966796875000000e-01 -7.531433759511154680e-01
7.617187500000000000e-01 -7.536391007123046659e-01
7.618408203125000000e-01 -7.541343821270283243e-01
7.619628906250000000e-01 -7.546292199039246196e-01
7.620849609375000000e-01 -7.551236137518937408e-01
7.622070312500000000e-01 -7.556175633800958913e-01
7.623291015625000000e-01 -7.561110684979536201e-01
7.624511718750000000e-01 -7.566041288151506006e-01
7.625732421875000000e-01 -7.570967440416320748e-01
7.626953125000000000e-01 -7.575889138876052975e-01
7.628173828125000000e-01 -7.580806380635392028e-01
7.629394531250000000e-01 -7.585719162801651816e-01
7.630615234375000000e-01 -7.590627482484771926e-01
7.631835937500000000e-01 -7.595531336797309852e-01
7.633056640625000000e-01 -7.600430722854458754e-01
7.634277343750000000e-01 -7.605325637774034142e-01
7.635498046875000000e-01 -7.610216078676483864e-01
7.636718750000000000e-01 -7.615102042684886996e-01
7.637939453125000000e-01 -7.619983526924957173e-01
7.639160156250000000e-01 -7.624860528525043701e-01
7.640380859375000000e-01 -7.629733044616131554e-01
7.641601562500000000e-01 -7.634601072331844707e-01
7.642822265625000000e-01 -7.639464608808448354e-01
7.644042968750000000e-01 -7.644323651184848911e-01
7.645263671875000000e-01 -7.649178196602597346e-01
7.646484375000000000e-01 -7.654028242205889176e-01
7.647705078125000000e-01 -7.658873785141567803e-01
7.648925781250000000e-01 -7.663714822559124507e-01
7.650146484375000000e-01 -7.668551351610705114e-01
7.651367187500000000e-01 -7.673383369451098890e-01
7.652587890625000000e-01 -7.678210873237756307e-01
7.653808593750000000e-01 -7.683033860130783488e-01
7.655029296875000000e-01 -7.687852327292939991e-01
7.656250000000000000e-01 -7.692666271889645468e-01
7.657470703125000000e-01 -7.697475691088979666e-01
7.658691406250000000e-01 -7.702280582061686864e-01
7.659912109375000000e-01 -7.707080941981172550e-01
7.661132812500000000e-01 -7.711876768023506745e-01
7.662353515625000000e-01 -7.716668057367430666e-01
7.663574218750000000e-01 -7.721454807194354508e-01
7.664794921875000000e-01 -7.726237014688353000e-01
7.666015625000000000e-01 -7.731014677036177618e-01
7.667236328125000000e-01 -7.735787791427253257e-01
7.668457031250000000e-01 -7.740556355053678228e-01
7.669677734375000000e-01 -7.745320365110233141e-01
7.670898437500000000e-01 -7.750079818794368691e-01
7.672119140625000000e-01 -7.754834713306224536e-01
7.673339843750000000e-01 -7.759585045848615970e-01
7.674560546875000000e-01 -7.764330813627048355e-01
7.675781250000000000e-01 -7.769072013849704916e-01
7.677001953125000000e-01 -7.773808643727464496e-01
7.678222656250000000e-01 -7.778540700473884906e-01
7.679443359375000000e-01 -7.783268181305220690e-01
7.680664062500000000e-01 -7.787991083440415352e-01
7.681884765625000000e-01 -7.792709404101110238e-01
7.683105468750000000e-01 -7.797423140511641204e-01
7.684326171875000000e-01 -7.802132289899030848e-01
7.685546875000000000e-01 -7.806836849493011821e-01
7.686767578125000000e-01 -7.811536816526012394e-01
7.687988281250000000e-01 -7.816232188233166456e-01
7.689208984375000000e-01 -7.820922961852303512e-01
7.690429687500000000e-01 -7.825609134623963126e-01
7.691650390625000000e-01 -7.830290703791391582e-01
7.692871093750000000e-01 -7.834967666600541891e-01
7.694091796875000000e-01 -7.839640020300078227e-01
7.695312500000000000e-01 -7.844307762141373708e-01
7.696533203125000000e-01 -7.848970889378518168e-01
7.697753906250000000e-01 -7.853629399268311495e-01
7.698974609375000000e-01 -7.858283289070274735e-01
7.700195312500000000e-01 -7.862932556046642318e-01
7.701416015625000000e-01 -7.867577197462370941e-01
7.702636718750000000e-01 -7.872217210585139568e-01
7.703857421875000000e-01 -7.876852592685344989e-01
7.705078125000000000e-01 -7.881483341036112922e-01
7.706298828125000000e-01 -7.886109452913294682e-01
7.707519531250000000e-01 -7.890730925595466072e-01
7.708740234375000000e-01 -7.895347756363932934e-01
7.709960937500000000e-01 -7.899959942502734478e-01
7.711181640625000000e-01 -7.904567481298638842e-01
7.712402343750000000e-01 -7.909170370041153086e-01
7.713623046875000000e-01 -7.913768606022512087e-01
7.714843750000000000e-01 -7.918362186537695191e-01
7.716064453125000000e-01 -7.922951108884415117e-01
7.717285156250000000e-01 -7.927535370363129053e-01
7.718505859375000000e-01 -7.932114968277033107e-01
7.719726562500000000e-01 -7.936689899932066750e-01
7.720947265625000000e-01 -7.941260162636917252e-01
7.722167968750000000e-01 -7.945825753703017469e-01
7.723388671875000000e-01 -7.950386670444544723e-01
7.724609375000000000e-01 -7.954942910178430804e-01
7.725830078125000000e-01 -7.959494470224357521e-01
7.727050781250000000e-01 -7.964041347904760038e-01
7.728271484375000000e-01 -7.968583540544826871e-01
7.729492187500000000e-01 -7.973121045472502111e-01
7.730712890625000000e-01 -7.977653860018488752e-01
7.731933593750000000e-01 -7.982181981516249802e-01
7.733154296875000000e-01 -7.986705407302008286e-01
7.734375000000000000e-01 -7.991224134714747240e-01
7.735595703125000000e-01 -7.995738161096219709e-01
7.736816406250000000e-01 -8.000247483790936531e-01
7.738037109375000000e-01 -8.004752100146179661e-01
7.739257812500000000e-01 -8.009252007511999949e-01
7.740478515625000000e-01 -8.013747203241219363e-01
7.741699218750000000e-01 -8.018237684689428768e-01
7.742919921875000000e-01 -8.022723449214994584e-01
7.744140625000000000e-01 -8.027204494179054350e-01
7.745361328125000000e-01 -8.031680816945525603e-01
7.746582031250000000e-01 -8.036152414881105877e-01
7.747802734375000000e-01 -8.040619285355268264e-01
7.749023437500000000e-01 -8.045081425740264747e-01
7.750244140625000000e-01 -8.049538833411137295e-01
7.751464843750000000e-01 -8.053991505745705659e-01
7.752685546875000000e-01 -8.058439440124576247e-01
7.753906250000000000e-01 -8.062882633931147680e-01
7.755126953125000000e-01 -8.067321084551599686e-01
7.756347656250000000e-01 -8.071754789374907535e-01
7.757568359375000000e-01 -8.076183745792837598e-01
7.758789062500000000e-01 -8.080607951199947347e-01
7.760009765625000000e-01 -8.085027402993594237e-01
7.761230468750000000e-01 -8.089442098573924600e-01
7.762451171875000000e-01 -8.093852035343886975e-01
7.763671875000000000e-01 -8.098257210709232101e-01
7.764892578125000000e-01 -8.102657622078508481e-01
7.766113281250000000e-01 -8.107053266863063490e-01
7.767333984375000000e-01 -8.111444142477057806e-01
7.768554687500000000e-01 -8.115830246337447651e-01
7.769775390625000000e-01 -8.120211575864004772e-01
7.770996093750000000e-01 -8.124588128479303117e-01
7.772216796875000000e-01 -8.128959901608732164e-01
7.773437500000000000e-01 -8.133326892680485809e-01
7.774658203125000000e-01 -8.137689099125584580e-01
7.775878906250000000e-01 -8.142046518377845654e-01
7.777099609375000000e-01 -8.146399147873917279e-01
7.778320312500000000e-01 -8.150746985053256566e-01
7.779541015625000000e-01 -8.155090027358145033e-01
7.780761718750000000e-01 -8.159428272233680834e-01
7.781982421875000000e-01 -8.163761717127786532e-01
7.783203125000000000e-01 -8.168090359491209096e-01
7.784423828125000000e-01 -8.172414196777519901e-01
7.785644531250000000e-01 -8.176733226443115843e-01
7.786865234375000000e-01 -8.181047445947224883e-01
7.788085937500000000e-01 -8.185356852751899392e-01
7.789306640625000000e-01 -8.189661444322029471e-01
7.790527343750000000e-01 -8.193961218125336288e-01
7.791748046875000000e-01 -8.198256171632367639e-01
7.792968750000000000e-01 -8.202546302316519045e-01
7.794189453125000000e-01 -8.206831607654013760e-01
7.795410156250000000e-01 -8.211112085123919435e-01
7.796630859375000000e-01 -8.215387732208139226e-01
7.797851562500000000e-01 -8.219658546391420684e-01
7.799072265625000000e-01 -8.223924525161353527e-01
7.800292968750000000e-01 -8.228185666008375199e-01
7.801513671875000000e-01 -8.232441966425763091e-01
7.802734375000000000e-01 -8.236693423909644540e-01
7.803955078125000000e-01 -8.240940035959001264e-01
7.805175781250000000e-01 -8.245181800075656042e-01
7.806396484375000000e-01 -8.249418713764292699e-01
7.807617187500000000e-01 -8.253650774532438339e-01
7.808837890625000000e-01 -8.257877979890485554e-01
7.810058593750000000e-01 -8.262100327351675766e-01
7.811279296875000000e-01 -8.266317814432113664e-01
7.812500000000000000e-01 -8.270530438650756100e-01
7.813720703125000000e-01 -8.274738197529429851e-01
7.814941406250000000e-01 -8.278941088592814967e-01
7.816162109375000000e-01 -8.283139109368460318e-01
7.817382812500000000e-01 -8.287332257386775813e-01
7.818603515625000000e-01 -8.291520530181044624e-01
7.819824218750000000e-01 -8.295703925287412073e-01
7.821044921875000000e-01 -8.299882440244894521e-01
7.822265625000000000e-01 -8.304056072595378257e-01
7.823486328125000000e-01 -8.308224819883623935e-01
7.824707031250000000e-01 -8.312388679657265467e-01
7.825927734375000000e-01 -8.316547649466810022e-01
7.827148437500000000e-01 -8.320701726865643577e-01
7.828369140625000000e-01 -8.324850909410029809e-01
7.829589843750000000e-01 -8.328995194659111201e-01
7.830810546875000000e-01 -8.333134580174911266e-01
7.832031250000000000e-01 -8.337269063522336765e-01
7.833251953125000000e-01 -8.341398642269176600e-01
7.834472656250000000e-01 -8.345523313986107361e-01
7.835693359375000000e-01 -8.349643076246691109e-01
7.836914062500000000e-01 -8.353757926627374264e-01
7.838134765625000000e-01 -8.357867862707500928e-01
7.839355468750000000e-01 -8.361972882069300672e-01
7.840576171875000000e-01 -8.366072982297894089e-01
7.841796875000000000e-01 -8.370168160981298344e-01
7.843017578125000000e-01 -8.374258415710427172e-01
7.844238281250000000e-01 -8.378343744079087552e-01
7.845458984375000000e-01 -8.382424143683988582e-01
7.846679687500000000e-01 -8.386499612124731495e-01
7.847900390625000000e-01 -8.390570147003826307e-01
7.849121093750000000e-01 -8.394635745926682935e-01
7.850341796875000000e-01 -8.398696406501613421e-01
7.851562500000000000e-01 -8.402752126339835259e-01
7.852783203125000000e-01 -8.406802903055474729e-01
7.854003906250000000e-01 -8.410848734265561344e-01
7.855224609375000000e-01 -8.414889617590040061e-01
7.856445312500000000e-01 -8.418925550651759071e-01
7.857666015625000000e-01 -8.422956531076487563e-01
7.858886718750000000e-01 -8.426982556492901288e-01
7.860107421875000000e-01 -8.431003624532592555e-01
7.861328125000000000e-01 -8.435019732830071337e-01
7.862548828125000000e-01 -8.439030879022766385e-01
7.863769531250000000e-01 -8.443037060751021894e-01
7.864990234375000000e-01 -8.447038275658105277e-01
7.866210937500000000e-01 -8.451034521390201615e-01
7.867431640625000000e-01 -8.455025795596426974e-01
7.868652343750000000e-01 -8.459012095928816199e-01
7.869873046875000000e-01 -8.462993420042329573e-01
7.871093750000000000e-01 -8.466969765594860586e-01
7.872314453125000000e-01 -8.470941130247222617e-01
7.873535156250000000e-01 -8.474907511663167803e-01
7.874755859375000000e-01 -8.478868907509375941e-01
7.875976562500000000e-01 -8.482825315455457815e-01
7.877197265625000000e-01 -8.486776733173962972e-01
7.878417968750000000e-01 -8.490723158340374166e-01
7.879638671875000000e-01 -8.494664588633107360e-01
7.880859375000000000e-01 -8.498601021733523941e-01
7.882080078125000000e-01 -8.502532455325921834e-01
7.883300781250000000e-01 -8.506458887097537724e-01
7.884521484375000000e-01 -8.510380314738557050e-01
7.885742187500000000e-01 -8.514296735942099570e-01
7.886962890625000000e-01 -8.518208148404238234e-01
7.888183593750000000e-01 -8.522114549823993634e-01
7.889404296875000000e-01 -8.526015937903324016e-01
7.890625000000000000e-01 -8.529912310347146365e-01
7.891845703125000000e-01 -8.533803664863326421e-01
7.893066406250000000e-01 -8.537689999162677568e-01
7.894287109375000000e-01 -8.541571310958973040e-01
7.895507812500000000e-01 -8.545447597968932607e-01
7.896728515625000000e-01 -8.549318857912239222e-01
7.897949218750000000e-01 -8.553185088511532363e-01
7.899169921875000000e-01 -8.557046287492403591e-01
7.900390625000000000e-01 -8.560902452583412092e-01
7.901611328125000000e-01 -8.564753581516075798e-01
7.902832031250000000e-01 -8.568599672024872493e-01
7.904052734375000000e-01 -8.572440721847247591e-01
7.905273437500000000e-01 -8.576276728723608578e-01
7.906494140625000000e-01 -8.580107690397333897e-01
7.907714843750000000e-01 -8.583933604614767399e-01
7.908935546875000000e-01 -8.587754469125220558e-01
7.910156250000000000e-01 -8.591570281680980248e-01
7.911376953125000000e-01 -8.595381040037297637e-01
7.912597656250000000e-01 -8.599186741952405955e-01
7.913818359375000000e-01 -8.602987385187507163e-01
7.915039062500000000e-01 -8.606782967506779736e-01
7.916259765625000000e-01 -8.610573486677381982e-01
7.917480468750000000e-01 -8.614358940469448722e-01
7.918701171875000000e-01 -8.618139326656095722e-01
7.919921875000000000e-01 -8.621914643013416368e-01
7.921142578125000000e-01 -8.625684887320493877e-01
7.922363281250000000e-01 -8.629450057359384640e-01
7.923583984375000000e-01 -8.633210150915144876e-01
7.924804687500000000e-01 -8.636965165775798425e-01
7.926025390625000000e-01 -8.640715099732372284e-01
7.927246093750000000e-01 -8.644459950578875507e-01
7.928466796875000000e-01 -8.648199716112312530e-01
7.929687500000000000e-01 -8.651934394132668737e-01
7.930908203125000000e-01 -8.655663982442936000e-01
7.932128906250000000e-01 -8.659388478849090465e-01
7.933349609375000000e-01 -8.663107881160106993e-01
7.934570312500000000e-01 -8.666822187187955828e-01
7.935791015625000000e-01 -8.670531394747609255e-01
7.937011718750000000e-01 -8.674235501657033831e-01
7.938232421875000000e-01 -8.677934505737199267e-01
7.939453125000000000e-01 -8.681628404812078426e-01
7.940673828125000000e-01 -8.685317196708642884e-01
7.941894531250000000e-01 -8.689000879256871812e-01
7.943115234375000000e-01 -8.692679450289754195e-01
7.944335937500000000e-01 -8.696352907643274399e-01
7.945556640625000000e-01 -8.700021249156437708e-01
7.946777343750000000e-01 -8.703684472671250338e-01
7.947998046875000000e-01 -8.707342576032734982e-01
7.949218750000000000e-01 -8.710995557088918595e-01
7.950439453125000000e-01 -8.714643413690853491e-01
7.951660156250000000e-01 -8.718286143692595136e-01
7.952880859375000000e-01 -8.721923744951218804e-01
7.954101562500000000e-01 -8.725556215326819576e-01
7.955322265625000000e-01 -8.729183552682509006e-01
7.956542968750000000e-01 -8.732805754884416238e-01
7.957763671875000000e-01 -8.736422819801692441e-01
7.958984375000000000e-01 -8.740034745306514141e-01
7.960205078125000000e-01 -8.743641529274075452e-01
7.961425781250000000e-01 -8.747243169582601396e-01
7.962646484375000000e-01 -8.750839664113340133e-01
7.963867187500000000e-01 -8.754431010750560738e-01
7.965087890625000000e-01 -8.758017207381574298e-01
7.966308593750000000e-01 -8.761598251896707268e-01
7.967529296875000000e-01 -8.765174142189330331e-01
7.968750000000000000e-01 -8.768744876155831758e-01
7.969970703125000000e-01 -8.772310451695646272e-01
7.971191406250000000e-01 -8.775870866711235063e-01
7.972412109375000000e-01 -8.779426119108100224e-01
7.973632812500000000e-01 -8.782976206794772533e-01
7.974853515625000000e-01 -8.786521127682833665e-01
7.976074218750000000e-01 -8.790060879686896200e-01
7.977294921875000000e-01 -8.793595460724610291e-01
7.978515625000000000e-01 -8.797124868716680313e-01
7.979736328125000000e-01 -8.800649101586841550e-01
7.980957031250000000e-01 -8.804168157261880179e-01
7.982177734375000000e-01 -8.807682033671627719e-01
7.983398437500000000e-01 -8.811190728748956591e-01
7.984619140625000000e-01 -8.814694240429796768e-01
7.985839843750000000e-01 -8.818192566653122455e-01
7.987060546875000000e-01 -8.821685705360955421e-01
7.988281250000000000e-01 -8.825173654498373876e-01
7.989501953125000000e-01 -8.828656412013508037e-01
7.990722656250000000e-01 -8.832133975857540120e-01
7.991943359375000000e-01 -8.835606343984708788e-01
7.993164062500000000e-01 -8.839073514352309147e-01
7.994384765625000000e-01 -8.842535484920694966e-01
7.995605468750000000e-01 -8.845992253653280901e-01
7.996826171875000000e-01 -8.849443818516531390e-01
7.998046875000000000e-01 -8.852890177479986189e-01
7.999267578125000000e-01 -8.856331328516239276e-01
8.000488281250000000e-01 -8.859767269600951067e-01
8.001708984375000000e-01 -8.863197998712845083e-01
8.002929687500000000e-01 -8.866623513833711279e-01
8.004150390625000000e-01 -8.870043812948407158e-01
8.005371093750000000e-01 -8.873458894044858880e-01
8.006591796875000000e-01 -8.876868755114064591e-01
8.007812500000000000e-01 -8.880273394150088873e-01
8.009033203125000000e-01 -8.883672809150071625e-01
8.010253906250000000e-01 -8.887066998114221406e-01
8.011474609375000000e-01 -8.890455959045827639e-01
8.012695312500000000e-01 -8.893839689951250627e-01
8.013916015625000000e-01 -8.897218188839929320e-01
8.015136718750000000e-01 -8.900591453724380209e-01
8.016357421875000000e-01 -8.903959482620193988e-01
8.017578125000000000e-01 -8.907322273546053326e-01
8.018798828125000000e-01 -8.910679824523710657e-01
8.020019531250000000e-01 -8.914032133578004835e-01
8.021240234375000000e-01 -8.917379198736861134e-01
8.022460937500000000e-01 -8.920721018031283478e-01
8.023681640625000000e-01 -8.924057589495369980e-01
8.024902343750000000e-01 -8.927388911166300733e-01
8.026123046875000000e-01 -8.930714981084342252e-01
8.027343750000000000e-01 -8.934035797292856351e-01
8.028564453125000000e-01 -8.937351357838290156e-01
8.029785156250000000e-01 -8.940661660770188313e-01
8.031005859375000000e-01 -8.943966704141181889e-01
8.032226562500000000e-01 -8.947266486006999475e-01
8.033447265625000000e-01 -8.950561004426464962e-01
8.034667968750000000e-01 -8.953850257461498652e-01
8.035888671875000000e-01 -8.957134243177113930e-01
8.037109375000000000e-01 -8.960412959641430586e-01
8.038330078125000000e-01 -8.963686404925663709e-01
8.039550781250000000e-01 -8.966954577104127022e-01
8.040771484375000000e-01 -8.970217474254245094e-01
8.041992187500000000e-01 -8.973475094456532242e-01
8.043212890625000000e-01 -8.976727435794619181e-01
8.044433593750000000e-01 -8.979974496355236369e-01
8.045654296875000000e-01 -8.983216274228220666e-01
8.046875000000000000e-01 -8.986452767506517558e-01
8.048095703125000000e-01 -8.989683974286184487e-01
8.049316406250000000e-01 -8.992909892666381966e-01
8.050537109375000000e-01 -8.996130520749388015e-01
8.051757812500000000e-01 -8.999345856640588170e-01
8.052978515625000000e-01 -9.002555898448482141e-01
8.054199218750000000e-01 -9.005760644284690475e-01
8.055419921875000000e-01 -9.008960092263937902e-01
8.056640625000000000e-01 -9.012154240504075542e-01
8.057861328125000000e-01 -9.015343087126064248e-01
8.059082031250000000e-01 -9.018526630253991261e-01
8.060302734375000000e-01 -9.021704868015059109e-01
8.061523437500000000e-01 -9.024877798539590046e-01
8.062744140625000000e-01 -9.028045419961037155e-01
8.063964843750000000e-01 -9.031207730415962143e-01
8.065185546875000000e-01 -9.034364728044066428e-01
8.066406250000000000e-01 -9.037516410988164495e-01
8.067626953125000000e-01 -9.040662777394206095e-01
8.068847656250000000e-01 -9.043803825411262931e-01
8.070068359375000000e-01 -9.046939553191537531e-01
8.071289062500000000e-01 -9.050069958890361033e-01
8.072509765625000000e-01 -9.053195040666199844e-01
8.073730468750000000e-01 -9.056314796680646761e-01
8.074951171875000000e-01 -9.059429225098426519e-01
8.076171875000000000e-01 -9.062538324087406894e-01
8.077392578125000000e-01 -9.065642091818582049e-01
8.078613281250000000e-01 -9.068740526466085861e-01
8.079833984375000000e-01 -9.071833626207190804e-01
8.081054687500000000e-01 -9.074921389222300183e-01
8.082275390625000000e-01 -9.078003813694968116e-01
8.083496093750000000e-01 -9.081080897811881769e-01
8.084716796875000000e-01 -9.084152639762873571e-01
8.085937500000000000e-01 -9.087219037740912331e-01
8.087158203125000000e-01 -9.090280089942122110e-01
8.088378906250000000e-01 -9.093335794565760022e-01
8.089599609375000000e-01 -9.096386149814235100e-01
8.090820312500000000e-01 -9.099431153893100532e-01
8.092041015625000000e-01 -9.102470805011060317e-01
8.093261718750000000e-01 -9.105505101379964827e-01
8.094482421875000000e-01 -9.108534041214815247e-01
8.095703125000000000e-01 -9.111557622733768014e-01
8.096923828125000000e-01 -9.114575844158124829e-01
8.098144531250000000e-01 -9.117588703712342646e-01
8.099365234375000000e-01 -9.120596199624038114e-01
8.100585937500000000e-01 -9.123598330123975364e-01
8.101806640625000000e-01 -9.126595093446079332e-01
8.103027343750000000e-01 -9.129586487827431318e-01
8.104248046875000000e-01 -9.132572511508272317e-01
8.105468750000000000e-01 -9.135553162731999688e-01
8.106689453125000000e-01 -9.138528439745172705e-01
8.107910156250000000e-01 -9.141498340797515887e-01
8.109130859375000000e-01 -9.144462864141909009e-01
8.110351562500000000e-01 -9.147422008034401530e-01
8.111572265625000000e-01 -9.150375770734204828e-01
8.112792968750000000e-01 -9.153324150503696632e-01
8.114013671875000000e-01 -9.156267145608421032e-01
8.115234375000000000e-01 -9.159204754317089581e-01
8.116455078125000000e-01 -9.162136974901582409e-01
8.117675781250000000e-01 -9.165063805636950445e-01
8.118896484375000000e-01 -9.167985244801415412e-01
8.120117187500000000e-01 -9.170901290676367612e-01
8.121337890625000000e-01 -9.173811941546372584e-01
8.122558593750000000e-01 -9.176717195699172214e-01
8.123779296875000000e-01 -9.179617051425679186e-01
8.125000000000000000e-01 -9.182511507019980312e-01
8.126220703125000000e-01 -9.185400560779346524e-01
8.127441406250000000e-01 -9.188284211004218438e-01
8.128662109375000000e-01 -9.191162455998220793e-01
8.129882812500000000e-01 -9.194035294068152453e-01
8.131103515625000000e-01 -9.196902723524003065e-01
8.132324218750000000e-01 -9.199764742678933072e-01
8.133544921875000000e-01 -9.202621349849291477e-01
8.134765625000000000e-01 -9.205472543354611403e-01
8.135986328125000000e-01 -9.208318321517607874e-01
8.137207031250000000e-01 -9.211158682664182251e-01
8.138427734375000000e-01 -9.213993625123424458e-01
8.139648437500000000e-01 -9.216823147227608537e-01
8.140869140625000000e-01 -9.219647247312202643e-01
8.142089843750000000e-01 -9.222465923715859049e-01
8.143310546875000000e-01 -9.225279174780425251e-01
8.144531250000000000e-01 -9.228086998850937306e-01
8.145751953125000000e-01 -9.230889394275624271e-01
8.146972656250000000e-01 -9.233686359405910427e-01
8.148193359375000000e-01 -9.236477892596410832e-01
8.149414062500000000e-01 -9.239263992204940212e-01
8.150634765625000000e-01 -9.242044656592507401e-01
8.151855468750000000e-01 -9.244819884123318676e-01
8.153076171875000000e-01 -9.247589673164779978e-01
8.154296875000000000e-01 -9.250354022087495798e-01
8.155517578125000000e-01 -9.253112929265269182e-01
8.156738281250000000e-01 -9.255866393075108389e-01
8.157958984375000000e-01 -9.258614411897221341e-01
8.159179687500000000e-01 -9.261356984115017843e-01
8.160400390625000000e-01 -9.264094108115114024e-01
8.161621093750000000e-01 -9.266825782287331226e-01
8.162841796875000000e-01 -9.269552005024696006e-01
8.164062500000000000e-01 -9.272272774723440136e-01
8.165283203125000000e-01 -9.274988089783006151e-01
8.166503906250000000e-01 -9.277697948606044021e-01
8.167724609375000000e-01 -9.280402349598413370e-01
8.168945312500000000e-01 -9.283101291169183478e-01
8.170166015625000000e-01 -9.285794771730638830e-01
8.171386718750000000e-01 -9.288482789698273567e-01
8.172607421875000000e-01 -9.291165343490794815e-01
8.173828125000000000e-01 -9.293842431530127124e-01
8.175048828125000000e-01 -9.296514052241409143e-01
8.176269531250000000e-01 -9.299180204052990284e-01
8.177490234375000000e-01 -9.301840885396446268e-01
8.178710937500000000e-01 -9.304496094706566911e-01
8.179931640625000000e-01 -9.307145830421360566e-01
8.181152343750000000e-01 -9.309790090982055233e-01
8.182373046875000000e-01 -9.312428874833099668e-01
8.183593750000000000e-01 -9.315062180422168936e-01
8.184814453125000000e-01 -9.317690006200152197e-01
8.186035156250000000e-01 -9.320312350621171582e-01
8.187255859375000000e-01 -9.322929212142567756e-01
8.188476562500000000e-01 -9.325540589224906585e-01
8.189697265625000000e-01 -9.328146480331986901e-01
8.190917968750000000e-01 -9.330746883930827185e-01
8.192138671875000000e-01 -9.333341798491674446e-01
8.193359375000000000e-01 -9.335931222488011993e-01
8.194580078125000000e-01 -9.338515154396545004e-01
8.195800781250000000e-01 -9.341093592697213843e-01
8.197021484375000000e-01 -9.343666535873191847e-01
8.198242187500000000e-01 -9.346233982410879770e-01
8.199462890625000000e-01 -9.348795930799916887e-01
8.200683593750000000e-01 -9.351352379533175441e-01
8.201904296875000000e-01 -9.353903327106760646e-01
8.203125000000000000e-01 -9.356448772020016236e-01
8.204345703125000000e-01 -9.358988712775522245e-01
8.205566406250000000e-01 -9.361523147879098339e-01
8.206787109375000000e-01 -9.364052075839803813e-01
8.208007812500000000e-01 -9.366575495169927601e-01
8.209228515625000000e-01 -9.369093404385013812e-01
8.210449218750000000e-01 -9.371605802003841745e-01
8.211669921875000000e-01 -9.374112686548429219e-01
8.212890625000000000e-01 -9.376614056544041453e-01
8.214111328125000000e-01 -9.379109910519187743e-01
8.215332031250000000e-01 -9.381600247005621451e-01
8.216552734375000000e-01 -9.384085064538341125e-01
8.217773437500000000e-01 -9.386564361655592714e-01
8.218994140625000000e-01 -9.389038136898870679e-01
8.220214843750000000e-01 -9.391506388812915773e-01
8.221435546875000000e-01 -9.393969115945719484e-01
8.222656250000000000e-01 -9.396426316848520699e-01
8.223876953125000000e-01 -9.398877990075813482e-01
8.225097656250000000e-01 -9.401324134185344850e-01
8.226318359375000000e-01 -9.403764747738105889e-01
8.227539062500000000e-01 -9.406199829298348414e-01
8.228759765625000000e-01 -9.408629377433577190e-01
8.229980468750000000e-01 -9.411053390714552158e-01
8.231201171875000000e-01 -9.413471867715286212e-01
8.232421875000000000e-01 -9.415884807013054081e-01
8.233642578125000000e-01 -9.418292207188385667e-01
8.234863281250000000e-01 -9.420694066825066049e-01
8.236083984375000000e-01 -9.423090384510148798e-01
8.237304687500000000e-01 -9.425481158833937112e-01
8.238525390625000000e-01 -9.427866388390001573e-01
8.239746093750000000e-01 -9.430246071775174599e-01
8.240966796875000000e-01 -9.432620207589550443e-01
8.242187500000000000e-01 -9.434988794436480752e-01
8.243408203125000000e-01 -9.437351830922592333e-01
8.244628906250000000e-01 -9.439709315657769384e-01
8.245849609375000000e-01 -9.442061247255166823e-01
8.247070312500000000e-01 -9.444407624331199180e-01
8.248291015625000000e-01 -9.446748445505557257e-01
8.249511718750000000e-01 -9.449083709401194797e-01
8.250732421875000000e-01 -9.451413414644336264e-01
8.251953125000000000e-01 -9.453737559864476836e-01
8.253173828125000000e-01 -9.456056143694380189e-01
8.254394531250000000e-01 -9.458369164770084048e-01
8.255615234375000000e-01 -9.460676621730899072e-01
8.256835937500000000e-01 -9.462978513219405530e-01
8.258056640625000000e-01 -9.465274837881461067e-01
8.259277343750000000e-01 -9.467565594366197379e-01
8.260498046875000000e-01 -9.469850781326021316e-01
8.261718750000000000e-01 -9.472130397416615999e-01
8.262939453125000000e-01 -9.474404441296940815e-01
8.264160156250000000e-01 -9.476672911629236973e-01
8.265380859375000000e-01 -9.478935807079020837e-01
8.266601562500000000e-01 -9.481193126315087261e-01
8.267822265625000000e-01 -9.483444868009514028e-01
8.269042968750000000e-01 -9.485691030837664073e-01
8.270263671875000000e-01 -9.487931613478171045e-01
8.271484375000000000e-01 -9.490166614612963736e-01
8.272705078125000000e-01 -9.492396032927243876e-01
8.273925781250000000e-01 -9.494619867109503897e-01
8.275146484375000000e-01 -9.496838115851521378e-01
8.276367187500000000e-01 -9.499050777848354610e-01
8.277587890625000000e-01 -9.501257851798352583e-01
8.278808593750000000e-01 -9.503459336403150548e-01
8.280029296875000000e-01 -9.505655230367674458e-01
8.281250000000000000e-01 -9.507845532400132083e-01
8.282470703125000000e-01 -9.510030241212028557e-01
8.283691406250000000e-01 -9.512209355518155274e-01
8.284912109375000000e-01 -9.514382874036595439e-01
8.286132812500000000e-01 -9.516550795488720738e-01
8.287353515625000000e-01 -9.518713118599202438e-01
8.288574218750000000e-01 -9.520869842096002511e-01
8.289794921875000000e-01 -9.523020964710371405e-01
8.291015625000000000e-01 -9.525166485176865816e-01
8.292236328125000000e-01 -9.527306402233324256e-01
8.293457031250000000e-01 -9.529440714620893704e-01
8.294677734375000000e-01 -9.531569421084011839e-01
8.295898437500000000e-01 -9.533692520370413703e-01
8.297119140625000000e-01 -9.535810011231136141e-01
8.298339843750000000e-01 -9.537921892420513359e-01
8.299560546875000000e-01 -9.540028162696182479e-01
8.300781250000000000e-01 -9.542128820819073542e-01
8.302001953125000000e-01 -9.544223865553430608e-01
8.303222656250000000e-01 -9.546313295666788434e-01
8.304443359375000000e-01 -9.548397109929989135e-01
8.305664062500000000e-01 -9.550475307117178847e-01
8.306884765625000000e-01 -9.552547886005807731e-01
8.308105468750000000e-01 -9.554614845376632193e-01
8.309326171875000000e-01 -9.556676184013712660e-01
8.310546875000000000e-01 -9.558731900704415807e-01
8.311767578125000000e-01 -9.560781994239416770e-01
8.312988281250000000e-01 -9.562826463412699152e-01
8.314208984375000000e-01 -9.564865307021555019e-01
8.315429687500000000e-01 -9.566898523866582682e-01
8.316650390625000000e-01 -9.568926112751693358e-01
8.317871093750000000e-01 -9.570948072484111169e-01
8.319091796875000000e-01 -9.572964401874368701e-01
8.320312500000000000e-01 -9.574975099736310336e-01
8.321533203125000000e-01 -9.576980164887094471e-01
8.322753906250000000e-01 -9.578979596147192410e-01
8.323974609375000000e-01 -9.580973392340392802e-01
8.325195312500000000e-01 -9.582961552293793872e-01
8.326416015625000000e-01 -9.584944074837813410e-01
8.327636718750000000e-01 -9.586920958806184334e-01
8.328857421875000000e-01 -9.588892203035956907e-01
8.330078125000000000e-01 -9.590857806367498739e-01
8.331298828125000000e-01 -9.592817767644497007e-01
8.332519531250000000e-01 -9.594772085713956233e-01
8.333740234375000000e-01 -9.596720759426199399e-01
8.334960937500000000e-01 -9.598663787634873490e-01
8.336181640625000000e-01 -9.600601169196946172e-01
8.337402343750000000e-01 -9.602532902972706896e-01
8.338623046875000000e-01 -9.604458987825763572e-01
8.339843750000000000e-01 -9.606379422623051445e-01
8.341064453125000000e-01 -9.608294206234826440e-01
8.342285156250000000e-01 -9.610203337534675150e-01
8.343505859375000000e-01 -9.612106815399500404e-01
8.344726562500000000e-01 -9.614004638709536810e-01
8.345947265625000000e-01 -9.615896806348342984e-01
8.347167968750000000e-01 -9.617783317202808213e-01
8.348388671875000000e-01 -9.619664170163141348e-01
8.349609375000000000e-01 -9.621539364122890792e-01
8.350830078125000000e-01 -9.623408897978924514e-01
8.352050781250000000e-01 -9.625272770631445596e-01
8.353271484375000000e-01 -9.627130980983987785e-01
8.354492187500000000e-01 -9.628983527943408838e-01
8.355712890625000000e-01 -9.630830410419906062e-01
8.356933593750000000e-01 -9.632671627327006325e-01
8.358154296875000000e-01 -9.634507177581568271e-01
8.359375000000000000e-01 -9.636337060103785657e-01
8.360595703125000000e-01 -9.638161273817185126e-01
8.361816406250000000e-01 -9.639979817648629545e-01
8.363037109375000000e-01 -9.641792690528316889e-01
8.364257812500000000e-01 -9.643599891389778023e-01
8.365478515625000000e-01 -9.645401419169883361e-01
8.366699218750000000e-01 -9.647197272808845092e-01
8.367919921875000000e-01 -9.648987451250206071e-01
8.369140625000000000e-01 -9.650771953440849815e-01
8.370361328125000000e-01 -9.652550778330998282e-01
8.371582031250000000e-01 -9.654323924874217422e-01
8.372802734375000000e-01 -9.656091392027410514e-01
8.374023437500000000e-01 -9.657853178750819279e-01
8.375244140625000000e-01 -9.659609284008034980e-01
8.376464843750000000e-01 -9.661359706765981770e-01
8.377685546875000000e-01 -9.663104445994932234e-01
8.378906250000000000e-01 -9.664843500668502951e-01
8.380126953125000000e-01 -9.666576869763650048e-01
8.381347656250000000e-01 -9.668304552260680307e-01
8.382568359375000000e-01 -9.670026547143238949e-01
8.383789062500000000e-01 -9.671742853398321849e-01
8.385009765625000000e-01 -9.673453470016274425e-01
8.386230468750000000e-01 -9.675158395990781646e-01
8.387451171875000000e-01 -9.676857630318875803e-01
8.388671875000000000e-01 -9.678551172000946501e-01
8.389892578125000000e-01 -9.680239020040726228e-01
8.391113281250000000e-01 -9.681921173445295903e-01
8.392333984375000000e-01 -9.683597631225090430e-01
8.393554687500000000e-01 -9.685268392393887593e-01
8.394775390625000000e-01 -9.686933455968825823e-01
8.395996093750000000e-01 -9.688592820970391983e-01
8.397216796875000000e-01 -9.690246486422420258e-01
8.398437500000000000e-01 -9.691894451352104367e-01
8.399658203125000000e-01 -9.693536714789992015e-01
8.400878906250000000e-01 -9.695173275769976007e-01
8.402099609375000000e-01 -9.696804133329315345e-01
8.403320312500000000e-01 -9.698429286508614133e-01
8.404541015625000000e-01 -9.700048734351838231e-01
8.405761718750000000e-01 -9.701662475906307481e-01
8.406982421875000000e-01 -9.703270510222700151e-01
8.408203125000000000e-01 -9.704872836355051824e-01
8.409423828125000000e-01 -9.706469453360755395e-01
8.410644531250000000e-01 -9.708060360300558855e-01
8.411865234375000000e-01 -9.709645556238577502e-01
8.413085937500000000e-01 -9.711225040242276174e-01
8.414306640625000000e-01 -9.712798811382490349e-01
8.415527343750000000e-01 -9.714366868733408378e-01
8.416748046875000000e-01 -9.715929211372582586e-01
8.417968750000000000e-01 -9.717485838380925944e-01
8.419189453125000000e-01 -9.719036748842716511e-01
8.420410156250000000e-01 -9.720581941845594098e-01
8.421630859375000000e-01 -9.722121416480562495e-01
8.422851562500000000e-01 -9.723655171841982803e-01
8.424072265625000000e-01 -9.725183207027591203e-01
8.425292968750000000e-01 -9.726705521138483412e-01
8.426513671875000000e-01 -9.728222113279120231e-01
8.427734375000000000e-01 -9.729732982557330878e-01
8.428955078125000000e-01 -9.731238128084307437e-01
8.430175781250000000e-01 -9.732737548974614850e-01
8.431396484375000000e-01 -9.734231244346180922e-01
8.432617187500000000e-01 -9.735719213320299659e-01
8.433837890625000000e-01 -9.737201455021642360e-01
8.435058593750000000e-01 -9.738677968578242083e-01
8.436279296875000000e-01 -9.740148753121506964e-01
8.437500000000000000e-01 -9.741613807786206891e-01
8.438720703125000000e-01 -9.743073131710493495e-01
8.439941406250000000e-01 -9.744526724035880161e-01
8.441162109375000000e-01 -9.745974583907257571e-01
8.442382812500000000e-01 -9.747416710472884827e-01
8.443603515625000000e-01 -9.748853102884401656e-01
8.444824218750000000e-01 -9.750283760296809543e-01
8.446044921875000000e-01 -9.751708681868491713e-01
8.447265625000000000e-01 -9.753127866761204245e-01
8.448486328125000000e-01 -9.754541314140077191e-01
8.449707031250000000e-01 -9.755949023173614565e-01
8.450927734375000000e-01 -9.757350993033697684e-01
8.452148437500000000e-01 -9.758747222895585161e-01
8.453369140625000000e-01 -9.760137711937910687e-01
8.454589843750000000e-01 -9.761522459342683034e-01
8.455810546875000000e-01 -9.762901464295292708e-01
8.457031250000000000e-01 -9.764274725984507519e-01
8.458251953125000000e-01 -9.765642243602472572e-01
8.459472656250000000e-01 -9.767004016344712491e-01
8.460693359375000000e-01 -9.768360043410129201e-01
8.461914062500000000e-01 -9.769710324001008583e-01
8.463134765625000000e-01 -9.771054857323018261e-01
8.464355468750000000e-01 -9.772393642585198714e-01
8.465576171875000000e-01 -9.773726678999978823e-01
8.466796875000000000e-01 -9.775053965783170318e-01
8.468017578125000000e-01 -9.776375502153961117e-01
8.469238281250000000e-01 -9.777691287334926429e-01
8.470458984375000000e-01 -9.779001320552025422e-01
8.471679687500000000e-01 -9.780305601034597895e-01
8.472900390625000000e-01 -9.781604128015367605e-01
8.474121093750000000e-01 -9.782896900730447820e-01
8.475341796875000000e-01 -9.784183918419332437e-01
8.476562500000000000e-01 -9.785465180324901535e-01
8.477783203125000000e-01 -9.786740685693422481e-01
8.479003906250000000e-01 -9.788010433774546604e-01
8.480224609375000000e-01 -9.789274423821316962e-01
8.481445312500000000e-01 -9.790532655090156133e-01
8.482666015625000000e-01 -9.791785126840883979e-01
8.483886718750000000e-01 -9.793031838336703210e-01
8.485107421875000000e-01 -9.794272788844200495e-01
8.486328125000000000e-01 -9.795507977633362007e-01
8.487548828125000000e-01 -9.796737403977555658e-01
8.488769531250000000e-01 -9.797961067153542203e-01
8.489990234375000000e-01 -9.799178966441470795e-01
8.491210937500000000e-01 -9.800391101124883431e-01
8.492431640625000000e-01 -9.801597470490713837e-01
8.493652343750000000e-01 -9.802798073829286363e-01
8.494873046875000000e-01 -9.803992910434313757e-01
8.496093750000000000e-01 -9.805181979602907161e-01
8.497314453125000000e-01 -9.806365280635565007e-01
8.498535156250000000e-01 -9.807542812836187451e-01
8.499755859375000000e-01 -9.808714575512056388e-01
8.500976562500000000e-01 -9.809880567973856547e-01
8.502197265625000000e-01 -9.811040789535665496e-01
8.503417968750000000e-01 -9.812195239514955869e-01
8.504638671875000000e-01 -9.813343917232588698e-01
8.505859375000000000e-01 -9.814486822012833400e-01
8.507080078125000000e-01 -9.815623953183343353e-01
8.508300781250000000e-01 -9.816755310075175878e-01
8.509521484375000000e-01 -9.817880892022783357e-01
8.510742187500000000e-01 -9.819000698364013235e-01
8.511962890625000000e-01 -9.820114728440113572e-01
8.513183593750000000e-01 -9.821222981595729706e-01
8.514404296875000000e-01 -9.822325457178904262e-01
8.515625000000000000e-01 -9.823422154541077145e-01
8.516845703125000000e-01 -9.824513073037093314e-01
8.518066406250000000e-01 -9.825598212025191680e-01
8.519287109375000000e-01 -9.826677570867012879e-01
8.520507812500000000e-01 -9.827751148927597047e-01
8.521728515625000000e-01 -9.828818945575387156e-01
8.522949218750000000e-01 -9.829880960182226790e-01
8.524169921875000000e-01 -9.830937192123356816e-01
8.525390625000000000e-01 -9.831987640777427595e-01
8.526611328125000000e-01 -9.833032305526483441e-01
8.527832031250000000e-01 -9.834071185755977051e-01
8.529052734375000000e-01 -9.835104280854760628e-01
8.530273437500000000e-01 -9.836131590215091425e-01
8.531494140625000000e-01 -9.837153113232630641e-01
8.532714843750000000e-01 -9.838168849306442310e-01
8.533935546875000000e-01 -9.839178797838995516e-01
8.535156250000000000e-01 -9.840182958236161070e-01
8.536376953125000000e-01 -9.841181329907220388e-01
8.537597656250000000e-01 -9.842173912264855495e-01
8.538818359375000000e-01 -9.843160704725156807e-01
8.540039062500000000e-01 -9.844141706707618678e-01
8.541259765625000000e-01 -9.845116917635142739e-01
8.542480468750000000e-01 -9.846086336934039007e-01
8.543701171875000000e-01 -9.847049964034020331e-01
8.544921875000000000e-01 -9.848007798368213495e-01
8.546142578125000000e-01 -9.848959839373148117e-01
8.547363281250000000e-01 -9.849906086488758872e-01
8.548583984375000000e-01 -9.850846539158398807e-01
8.549804687500000000e-01 -9.851781196828819365e-01
8.551025390625000000e-01 -9.852710058950188143e-01
8.552246093750000000e-01 -9.853633124976078905e-01
8.553466796875000000e-01 -9.854550394363477128e-01
8.554687500000000000e-01 -9.855461866572771124e-01
8.555908203125000000e-01 -9.856367541067774241e-01
8.557128906250000000e-01 -9.857267417315693780e-01
8.558349609375000000e-01 -9.858161494787160972e-01
8.559570312500000000e-01 -9.859049772956208768e-01
8.560791015625000000e-01 -9.859932251300288497e-01
8.562011718750000000e-01 -9.860808929300259873e-01
8.563232421875000000e-01 -9.861679806440397655e-01
8.564453125000000000e-01 -9.862544882208386099e-01
8.565673828125000000e-01 -9.863404156095322284e-01
8.566894531250000000e-01 -9.864257627595718336e-01
8.568115234375000000e-01 -9.865105296207499208e-01
8.569335937500000000e-01 -9.865947161432002677e-01
8.570556640625000000e-01 -9.866783222773982676e-01
8.571777343750000000e-01 -9.867613479741604854e-01
8.572998046875000000e-01 -9.868437931846451017e-01
8.574218750000000000e-01 -9.869256578603515795e-01
8.575439453125000000e-01 -9.870069419531211086e-01
8.576660156250000000e-01 -9.870876454151364943e-01
8.577880859375000000e-01 -9.871677681989216024e-01
8.579101562500000000e-01 -9.872473102573426917e-01
8.580322265625000000e-01 -9.873262715436070813e-01
8.581542968750000000e-01 -9.874046520112635950e-01
8.582763671875000000e-01 -9.874824516142033382e-01
8.583984375000000000e-01 -9.875596703066589210e-01
8.585205078125000000e-01 -9.876363080432042363e-01
8.586425781250000000e-01 -9.877123647787553473e-01
8.587646484375000000e-01 -9.877878404685702662e-01
8.588867187500000000e-01 -9.878627350682481767e-01
8.590087890625000000e-01 -9.879370485337308772e-01
8.591308593750000000e-01 -9.880107808213016707e-01
8.592529296875000000e-01 -9.880839318875858091e-01
8.593750000000000000e-01 -9.881565016895499376e-01
8.594970703125000000e-01 -9.882284901845035385e-01
8.596191406250000000e-01 -9.882998973300975987e-01
8.597412109375000000e-01 -9.883707230843250535e-01
8.598632812500000000e-01 -9.884409674055207873e-01
8.599853515625000000e-01 -9.885106302523620769e-01
8.601074218750000000e-01 -9.885797115838681481e-01
8.602294921875000000e-01 -9.886482113593999532e-01
8.603515625000000000e-01 -9.887161295386609483e-01
8.604736328125000000e-01 -9.887834660816967602e-01
8.605957031250000000e-01 -9.888502209488947425e-01
8.607177734375000000e-01 -9.889163941009850856e-01
8.608398437500000000e-01 -9.889819854990395953e-01
8.609619140625000000e-01 -9.890469951044724706e-01
8.610839843750000000e-01 -9.891114228790405249e-01
8.612060546875000000e-01 -9.891752687848425207e-01
8.613281250000000000e-01 -9.892385327843191689e-01
8.614501953125000000e-01 -9.893012148402542394e-01
8.615722656250000000e-01 -9.893633149157736728e-01
8.616943359375000000e-01 -9.894248329743451364e-01
8.618164062500000000e-01 -9.894857689797791345e-01
8.619384765625000000e-01 -9.895461228962290079e-01
8.620605468750000000e-01 -9.896058946881900464e-01
8.621826171875000000e-01 -9.896650843204995995e-01
8.623046875000000000e-01 -9.897236917583382976e-01
8.624267578125000000e-01 -9.897817169672287196e-01
8.625488281250000000e-01 -9.898391599130362817e-01
8.626708984375000000e-01 -9.898960205619687924e-01
8.627929687500000000e-01 -9.899522988805764534e-01
8.629150390625000000e-01 -9.900079948357520809e-01
8.630371093750000000e-01 -9.900631083947315503e-01
8.631591796875000000e-01 -9.901176395250927964e-01
8.632812500000000000e-01 -9.901715881947563691e-01
8.634033203125000000e-01 -9.902249543719860991e-01
8.635253906250000000e-01 -9.902777380253875439e-01
8.636474609375000000e-01 -9.903299391239096527e-01
8.637695312500000000e-01 -9.903815576368439899e-01
8.638916015625000000e-01 -9.904325935338245124e-01
8.640136718750000000e-01 -9.904830467848282360e-01
8.641357421875000000e-01 -9.905329173601746806e-01
8.642578125000000000e-01 -9.905822052305264247e-01
8.643798828125000000e-01 -9.906309103668887728e-01
8.645019531250000000e-01 -9.906790327406094221e-01
8.646240234375000000e-01 -9.907265723233794619e-01
8.647460937500000000e-01 -9.907735290872324851e-01
8.648681640625000000e-01 -9.908199030045450328e-01
8.649902343750000000e-01 -9.908656940480365938e-01
8.651123046875000000e-01 -9.909109021907694936e-01
8.652343750000000000e-01 -9.909555274061488950e-01
8.653564453125000000e-01 -9.909995696679227972e-01
8.654785156250000000e-01 -9.910430289501825918e-01
8.656005859375000000e-01 -9.910859052273621739e-01
8.657226562500000000e-01 -9.911281984742382756e-01
8.658447265625000000e-01 -9.911699086659312430e-01
8.659667968750000000e-01 -9.912110357779038150e-01
8.660888671875000000e-01 -9.912515797859620115e-01
8.662109375000000000e-01 -9.912915406662548001e-01
8.663330078125000000e-01 -9.913309183952743187e-01
8.664550781250000000e-01 -9.913697129498555416e-01
8.665771484375000000e-01 -9.914079243071770575e-01
8.666992187500000000e-01 -9.914455524447594037e-01
8.668212890625000000e-01 -9.914825973404675086e-01
8.669433593750000000e-01 -9.915190589725084713e-01
8.670654296875000000e-01 -9.915549373194330052e-01
8.671875000000000000e-01 -9.915902323601346602e-01
8.673095703125000000e-01 -9.916249440738507115e-01
8.674316406250000000e-01 -9.916590724401604939e-01
8.675537109375000000e-01 -9.916926174389877335e-01
8.676757812500000000e-01 -9.917255790505983271e-01
8.677978515625000000e-01 -9.917579572556020073e-01
8.679199218750000000e-01 -9.917897520349517881e-01
8.680419921875000000e-01 -9.918209633699432981e-01
8.681640625000000000e-01 -9.918515912422156688e-01
8.682861328125000000e-01 -9.918816356337513129e-01
8.684082031250000000e-01 -9.919110965268760349e-01
8.685302734375000000e-01 -9.919399739042589204e-01
8.686523437500000000e-01 -9.919682677489114475e-01
8.687744140625000000e-01 -9.919959780441900410e-01
8.688964843750000000e-01 -9.920231047737927410e-01
8.690185546875000000e-01 -9.920496479217619790e-01
8.691406250000000000e-01 -9.920756074724828011e-01
8.692626953125000000e-01 -9.921009834106839786e-01
8.693847656250000000e-01 -9.921257757214377859e-01
8.695068359375000000e-01 -9.921499843901591120e-01
8.696289062500000000e-01 -9.921736094026066821e-01
8.697509765625000000e-01 -9.921966507448829464e-01
8.698730468750000000e-01 -9.922191084034328590e-01
8.699951171875000000e-01 -9.922409823650450988e-01
8.701171875000000000e-01 -9.922622726168520702e-01
8.702392578125000000e-01 -9.922829791463292359e-01
8.703613281250000000e-01 -9.923031019412953402e-01
8.704833984375000000e-01 -9.923226409899126299e-01
8.706054687500000000e-01 -9.923415962806867441e-01
8.707275390625000000e-01 -9.923599678024670467e-01
8.708496093750000000e-01 -9.923777555444459608e-01
8.709716796875000000e-01 -9.923949594961593013e-01
8.710937500000000000e-01 -9.924115796474861639e-01
8.712158203125000000e-01 -9.924276159886501469e-01
8.713378906250000000e-01 -9.924430685102165750e-01
8.714599609375000000e-01 -9.924579372030959412e-01
8.715820312500000000e-01 -9.924722220585406873e-01
8.717041015625000000e-01 -9.924859230681477573e-01
8.718261718750000000e-01 -9.924990402238569320e-01
8.719482421875000000e-01 -9.925115735179521614e-01
8.720703125000000000e-01 -9.925235229430600103e-01
8.721923828125000000e-01 -9.925348884921514347e-01
8.723144531250000000e-01 -9.925456701585397834e-01
8.724365234375000000e-01 -9.925558679358827963e-01
8.725585937500000000e-01 -9.925654818181813832e-01
8.726806640625000000e-01 -9.925745117997798461e-01
8.728027343750000000e-01 -9.925829578753663229e-01
8.729248046875000000e-01 -9.925908200399720105e-01
8.730468750000000000e-01 -9.925980982889717197e-01
8.731689453125000000e-01 -9.926047926180838754e-01
8.732910156250000000e-01 -9.926109030233705166e-01
8.734130859375000000e-01 -9.926164295012369632e-01
8.735351562500000000e-01 -9.926213720484321490e-01
8.736572265625000000e-01 -9.926257306620485110e-01
8.737792968750000000e-01 -9.926295053395219892e-01
8.739013671875000000e-01 -9.926326960786319153e-01
8.740234375000000000e-01 -9.926353028775013465e-01
8.741455078125000000e-01 -9.926373257345968426e-01
8.742675781250000000e-01 -9.926387646487284666e-01
8.743896484375000000e-01 -9.926396196190494514e-01
8.745117187500000000e-01 -9.926398906450570880e-01
8.746337890625000000e-01 -9.926395777265917264e-01
8.747558593750000000e-01 -9.926386808638376635e-01
8.748779296875000000e-01 -9.926372000573226995e-01
8.750000000000000000e-01 -9.926351353079173601e-01
8.751220703125000000e-01 -9.926324866168366734e-01
8.752441406250000000e-01 -9.926292539856387265e-01
8.753662109375000000e-01 -9.926254374162253313e-01
8.754882812500000000e-01 -9.926210369108414699e-01
8.756103515625000000e-01 -9.926160524720758493e-01
8.757324218750000000e-01 -9.926104841028607906e-01
8.758544921875000000e-01 -9.926043318064721177e-01
8.759765625000000000e-01 -9.925975955865287137e-01
8.760986328125000000e-01 -9.925902754469937417e-01
8.762207031250000000e-01 -9.925823713921732017e-01
8.763427734375000000e-01 -9.925738834267169297e-01
8.764648437500000000e-01 -9.925648115556179318e-01
8.765869140625000000e-01 -9.925551557842132722e-01
8.767089843750000000e-01 -9.925449161181830737e-01
8.768310546875000000e-01 -9.925340925635512956e-01
8.769531250000000000e-01 -9.925226851266847339e-01
8.770751953125000000e-01 -9.925106938142943536e-01
8.771972656250000000e-01 -9.924981186334342897e-01
8.773193359375000000e-01 -9.924849595915021805e-01
8.774414062500000000e-01 -9.924712166962391668e-01
8.775634765625000000e-01 -9.924568899557298929e-01
8.776855468750000000e-01 -9.924419793784025057e-01
8.778076171875000000e-01 -9.924264849730279892e-01
8.779296875000000000e-01 -9.924104067487217185e-01
8.780517578125000000e-01 -9.923937447149423496e-01
8.781738281250000000e-01 -9.923764988814912646e-01
8.782958984375000000e-01 -9.923586692585140145e-01
8.784179687500000000e-01 -9.923402558564988762e-01
8.785400390625000000e-01 -9.923212586862786289e-01
8.786621093750000000e-01 -9.923016777590281112e-01
8.787841796875000000e-01 -9.922815130862672195e-01
8.789062500000000000e-01 -9.922607646798573544e-01
8.790283203125000000e-01 -9.922394325520049740e-01
8.791503906250000000e-01 -9.922175167152585962e-01
8.792724609375000000e-01 -9.921950171825111298e-01
8.793945312500000000e-01 -9.921719339669985427e-01
8.795166015625000000e-01 -9.921482670822997507e-01
8.796386718750000000e-01 -9.921240165423379498e-01
8.797607421875000000e-01 -9.920991823613783955e-01
8.798828125000000000e-01 -9.920737645540308458e-01
8.800048828125000000e-01 -9.920477631352480063e-01
8.801269531250000000e-01 -9.920211781203255308e-01
8.802490234375000000e-01 -9.919940095249026868e-01
8.803710937500000000e-01 -9.919662573649620230e-01
8.804931640625000000e-01 -9.919379216568300350e-01
8.806152343750000000e-01 -9.919090024171751674e-01
8.807373046875000000e-01 -9.918794996630103666e-01
8.808593750000000000e-01 -9.918494134116911942e-01
8.809814453125000000e-01 -9.918187436809162705e-01
8.811035156250000000e-01 -9.917874904887283849e-01
8.812255859375000000e-01 -9.917556538535126087e-01
8.813476562500000000e-01 -9.917232337939976272e-01
8.814697265625000000e-01 -9.916902303292554066e-01
8.815917968750000000e-01 -9.916566434787011941e-01
8.817138671875000000e-01 -9.916224732620928517e-01
8.818359375000000000e-01 -9.915877196995321885e-01
8.819580078125000000e-01 -9.915523828114637395e-01
8.820800781250000000e-01 -9.915164626186750985e-01
8.822021484375000000e-01 -9.914799591422976954e-01
8.823242187500000000e-01 -9.914428724038050200e-01
8.824462890625000000e-01 -9.914052024250145090e-01
8.825683593750000000e-01 -9.913669492280864359e-01
8.826904296875000000e-01 -9.913281128355241334e-01
8.828125000000000000e-01 -9.912886932701738818e-01
8.829345703125000000e-01 -9.912486905552256866e-01
8.830566406250000000e-01 -9.912081047142116130e-01
8.831787109375000000e-01 -9.911669357710075623e-01
8.833007812500000000e-01 -9.911251837498320505e-01
8.834228515625000000e-01 -9.910828486752465416e-01
8.835449218750000000e-01 -9.910399305721561136e-01
8.836669921875000000e-01 -9.909964294658080153e-01
8.837890625000000000e-01 -9.909523453817929983e-01
8.839111328125000000e-01 -9.909076783460444293e-01
8.840332031250000000e-01 -9.908624283848388448e-01
8.841552734375000000e-01 -9.908165955247957291e-01
8.842773437500000000e-01 -9.907701797928770704e-01
8.843994140625000000e-01 -9.907231812163885820e-01
8.845214843750000000e-01 -9.906755998229779259e-01
8.846435546875000000e-01 -9.906274356406360448e-01
8.847656250000000000e-01 -9.905786886976968297e-01
8.848876953125000000e-01 -9.905293590228365641e-01
8.850097656250000000e-01 -9.904794466450749235e-01
8.851318359375000000e-01 -9.904289515937740873e-01
8.852539062500000000e-01 -9.903778738986385166e-01
8.853759765625000000e-01 -9.903262135897166196e-01
8.854980468750000000e-01 -9.902739706973984202e-01
8.856201171875000000e-01 -9.902211452524170010e-01
8.857421875000000000e-01 -9.901677372858483928e-01
8.858642578125000000e-01 -9.901137468291112409e-01
8.859863281250000000e-01 -9.900591739139662506e-01
8.861083984375000000e-01 -9.900040185725177411e-01
8.862304687500000000e-01 -9.899482808372117582e-01
8.863525390625000000e-01 -9.898919607408376287e-01
8.864746093750000000e-01 -9.898350583165271832e-01
8.865966796875000000e-01 -9.897775735977546452e-01
8.867187500000000000e-01 -9.897195066183361867e-01
8.868408203125000000e-01 -9.896608574124320379e-01
8.869628906250000000e-01 -9.896016260145431565e-01
8.870849609375000000e-01 -9.895418124595143361e-01
8.872070312500000000e-01 -9.894814167825323192e-01
8.873291015625000000e-01 -9.894204390191262410e-01
8.874511718750000000e-01 -9.893588792051676295e-01
8.875732421875000000e-01 -9.892967373768707384e-01
8.876953125000000000e-01 -9.892340135707917703e-01
8.878173828125000000e-01 -9.891707078238299866e-01
8.879394531250000000e-01 -9.891068201732258203e-01
8.880615234375000000e-01 -9.890423506565633183e-01
8.881835937500000000e-01 -9.889772993117681432e-01
8.883056640625000000e-01 -9.889116661771080175e-01
8.884277343750000000e-01 -9.888454512911937222e-01
8.885498046875000000e-01 -9.887786546929773213e-01
8.886718750000000000e-01 -9.887112764217538263e-01
8.887939453125000000e-01 -9.886433165171596427e-01
8.889160156250000000e-01 -9.885747750191745675e-01
8.890380859375000000e-01 -9.885056519681191256e-01
8.891601562500000000e-01 -9.884359474046572336e-01
8.892822265625000000e-01 -9.883656613697937576e-01
8.894042968750000000e-01 -9.882947939048765118e-01
8.895263671875000000e-01 -9.882233450515948148e-01
8.896484375000000000e-01 -9.881513148519802670e-01
8.897705078125000000e-01 -9.880787033484064175e-01
8.898925781250000000e-01 -9.880055105835884310e-01
8.900146484375000000e-01 -9.879317366005843093e-01
8.901367187500000000e-01 -9.878573814427926703e-01
8.902587890625000000e-01 -9.877824451539553019e-01
8.903808593750000000e-01 -9.877069277781551637e-01
8.905029296875000000e-01 -9.876308293598171639e-01
8.906250000000000000e-01 -9.875541499437079374e-01
8.907470703125000000e-01 -9.874768895749360675e-01
8.908691406250000000e-01 -9.873990482989518647e-01
8.909912109375000000e-01 -9.873206261615473656e-01
8.911132812500000000e-01 -9.872416232088562227e-01
8.912353515625000000e-01 -9.871620394873538151e-01
8.913574218750000000e-01 -9.870818750438572486e-01
8.914794921875000000e-01 -9.870011299255253556e-01
8.916015625000000000e-01 -9.869198041798580290e-01
8.917236328125000000e-01 -9.868378978546974434e-01
8.918457031250000000e-01 -9.867554109982269450e-01
8.919677734375000000e-01 -9.866723436589714957e-01
8.920898437500000000e-01 -9.865886958857970068e-01
8.922119140625000000e-01 -9.865044677279115604e-01
8.923339843750000000e-01 -9.864196592348648540e-01
8.924560546875000000e-01 -9.863342704565469798e-01
8.925781250000000000e-01 -9.862483014431900896e-01
8.927001953125000000e-01 -9.861617522453678397e-01
8.928222656250000000e-01 -9.860746229139943919e-01
8.929443359375000000e-01 -9.859869135003261897e-01
8.930664062500000000e-01 -9.858986240559597380e-01
8.931884765625000000e-01 -9.858097546328342675e-01
8.933105468750000000e-01 -9.857203052832289591e-01
8.934326171875000000e-01 -9.856302760597643875e-01
8.935546875000000000e-01 -9.855396670154028538e-01
8.936767578125000000e-01 -9.854484782034468315e-01
8.937988281250000000e-01 -9.853567096775409651e-01
8.939208984375000000e-01 -9.852643614916695158e-01
8.940429687500000000e-01 -9.851714337001593602e-01
8.941650390625000000e-01 -9.850779263576768807e-01
8.942871093750000000e-01 -9.849838395192304086e-01
8.944091796875000000e-01 -9.848891732401686694e-01
8.945312500000000000e-01 -9.847939275761813382e-01
8.946533203125000000e-01 -9.846981025832994838e-01
8.947753906250000000e-01 -9.846016983178935700e-01
8.948974609375000000e-01 -9.845047148366763423e-01
8.950195312500000000e-01 -9.844071521967008298e-01
8.951416015625000000e-01 -9.843090104553602337e-01
8.952636718750000000e-01 -9.842102896703891490e-01
8.953857421875000000e-01 -9.841109898998621208e-01
8.955078125000000000e-01 -9.840111112021947548e-01
8.956298828125000000e-01 -9.839106536361432731e-01
8.957519531250000000e-01 -9.838096172608040701e-01
8.958740234375000000e-01 -9.837080021356142678e-01
8.959960937500000000e-01 -9.836058083203514935e-01
8.961181640625000000e-01 -9.835030358751338797e-01
8.962402343750000000e-01 -9.833996848604196206e-01
8.963623046875000000e-01 -9.832957553370075265e-01
8.964843750000000000e-01 -9.831912473660366913e-01
8.966064453125000000e-01 -9.830861610089861591e-01
8.967285156250000000e-01 -9.829804963276759233e-01
8.968505859375000000e-01 -9.828742533842655948e-01
8.969726562500000000e-01 -9.827674322412551788e-01
8.970947265625000000e-01 -9.826600329614849638e-01
8.972167968750000000e-01 -9.825520556081350776e-01
8.973388671875000000e-01 -9.824435002447253762e-01
8.974609375000000000e-01 -9.823343669351168872e-01
8.975830078125000000e-01 -9.822246557435098113e-01
8.977050781250000000e-01 -9.821143667344438555e-01
8.978271484375000000e-01 -9.820034999727998981e-01
8.979492187500000000e-01 -9.818920555237973247e-01
8.980712890625000000e-01 -9.817800334529964701e-01
8.981933593750000000e-01 -9.816674338262971755e-01
8.983154296875000000e-01 -9.815542567099386773e-01
8.984375000000000000e-01 -9.814405021704999399e-01
8.985595703125000000e-01 -9.813261702749001003e-01
8.986816406250000000e-01 -9.812112610903975796e-01
8.988037109375000000e-01 -9.810957746845906380e-01
8.989257812500000000e-01 -9.809797111254167090e-01
8.990478515625000000e-01 -9.808630704811530654e-01
8.991699218750000000e-01 -9.807458528204167081e-01
8.992919921875000000e-01 -9.806280582121634781e-01
8.994140625000000000e-01 -9.805096867256886117e-01
8.995361328125000000e-01 -9.803907384306274064e-01
8.996582031250000000e-01 -9.802712133969541108e-01
8.997802734375000000e-01 -9.801511116949821467e-01
8.999023437500000000e-01 -9.800304333953641089e-01
9.000244140625000000e-01 -9.799091785690922096e-01
9.001464843750000000e-01 -9.797873472874970568e-01
9.002685546875000000e-01 -9.796649396222495421e-01
9.003906250000000000e-01 -9.795419556453585086e-01
9.005126953125000000e-01 -9.794183954291718619e-01
9.006347656250000000e-01 -9.792942590463779018e-01
9.007568359375000000e-01 -9.791695465700017698e-01
9.008789062500000000e-01 -9.790442580734094458e-01
9.010009765625000000e-01 -9.789183936303049727e-01
9.011230468750000000e-01 -9.787919533147303452e-01
9.012451171875000000e-01 -9.786649372010677306e-01
9.013671875000000000e-01 -9.785373453640373587e-01
9.014892578125000000e-01 -9.784091778786980775e-01
9.016113281250000000e-01 -9.782804348204476863e-01
9.017333984375000000e-01 -9.781511162650223801e-01
9.018554687500000000e-01 -9.780212222884967499e-01
9.019775390625000000e-01 -9.778907529672843379e-01
9.020996093750000000e-01 -9.777597083781365273e-01
9.022216796875000000e-01 -9.776280885981439850e-01
9.023437500000000000e-01 -9.774958937047346641e-01
9.024658203125000000e-01 -9.773631237756762458e-01
9.025878906250000000e-01 -9.772297788890728087e-01
9.027099609375000000e-01 -9.770958591233684931e-01
9.028320312500000000e-01 -9.769613645573446137e-01
9.029541015625000000e-01 -9.768262952701206592e-01
9.030761718750000000e-01 -9.766906513411547364e-01
9.031982421875000000e-01 -9.765544328502422378e-01
9.033203125000000000e-01 -9.764176398775175070e-01
9.034423828125000000e-01 -9.762802725034520623e-01
9.035644531250000000e-01 -9.761423308088553741e-01
9.036865234375000000e-01 -9.760038148748755304e-01
9.038085937500000000e-01 -9.758647247829974614e-01
9.039306640625000000e-01 -9.757250606150442707e-01
9.040527343750000000e-01 -9.755848224531774582e-01
9.041748046875000000e-01 -9.754440103798945882e-01
9.042968750000000000e-01 -9.753026244780321763e-01
9.044189453125000000e-01 -9.751606648307638014e-01
9.045410156250000000e-01 -9.750181315216009947e-01
9.046630859375000000e-01 -9.748750246343923509e-01
9.047851562500000000e-01 -9.747313442533234173e-01
9.049072265625000000e-01 -9.745870904629183595e-01
9.050292968750000000e-01 -9.744422633480375184e-01
9.051513671875000000e-01 -9.742968629938791869e-01
9.052734375000000000e-01 -9.741508894859784995e-01
9.053955078125000000e-01 -9.740043429102079875e-01
9.055175781250000000e-01 -9.738572233527773570e-01
9.056396484375000000e-01 -9.737095309002330445e-01
9.057617187500000000e-01 -9.735612656394584397e-01
9.058837890625000000e-01 -9.734124276576747725e-01
9.060058593750000000e-01 -9.732630170424394489e-01
9.061279296875000000e-01 -9.731130338816469383e-01
9.062500000000000000e-01 -9.729624782635277747e-01
9.063720703125000000e-01 -9.728113502766508880e-01
9.064941406250000000e-01 -9.726596500099204956e-01
9.066162109375000000e-01 -9.725073775525781006e-01
9.067382812500000000e-01 -9.723545329942012705e-01
9.068603515625000000e-01 -9.722011164247053028e-01
9.069824218750000000e-01 -9.720471279343404492e-01
9.071044921875000000e-01 -9.718925676136944691e-01
9.072265625000000000e-01 -9.717374355536912978e-01
9.073486328125000000e-01 -9.715817318455910456e-01
9.074707031250000000e-01 -9.714254565809903319e-01
9.075927734375000000e-01 -9.712686098518216182e-01
9.077148437500000000e-01 -9.711111917503539859e-01
9.078369140625000000e-01 -9.709532023691923586e-01
9.079589843750000000e-01 -9.707946418012777245e-01
9.080810546875000000e-01 -9.706355101398874696e-01
9.082031250000000000e-01 -9.704758074786344890e-01
9.083251953125000000e-01 -9.703155339114675204e-01
9.084472656250000000e-01 -9.701546895326719211e-01
9.085693359375000000e-01 -9.699932744368676696e-01
9.086914062500000000e-01 -9.698312887190114751e-01
9.088134765625000000e-01 -9.696687324743954450e-01
9.089355468750000000e-01 -9.695056057986468634e-01
9.090576171875000000e-01 -9.693419087877291895e-01
9.091796875000000000e-01 -9.691776415379410592e-01
9.093017578125000000e-01 -9.690128041459169506e-01
9.094238281250000000e-01 -9.688473967086260741e-01
9.095458984375000000e-01 -9.686814193233737047e-01
9.096679687500000000e-01 -9.685148720877995165e-01
9.097900390625000000e-01 -9.683477550998795813e-01
9.099121093750000000e-01 -9.681800684579241478e-01
9.100341796875000000e-01 -9.680118122605791964e-01
9.101562500000000000e-01 -9.678429866068251064e-01
9.102783203125000000e-01 -9.676735915959785439e-01
9.104003906250000000e-01 -9.675036273276890197e-01
9.105224609375000000e-01 -9.673330939019428865e-01
9.106445312500000000e-01 -9.671619914190602296e-01
9.107666015625000000e-01 -9.669903199796968662e-01
9.108886718750000000e-01 -9.668180796848420133e-01
9.110107421875000000e-01 -9.666452706358201752e-01
9.111328125000000000e-01 -9.664718929342908105e-01
9.112548828125000000e-01 -9.662979466822475549e-01
9.113769531250000000e-01 -9.661234319820185545e-01
9.114990234375000000e-01 -9.659483489362657993e-01
9.116210937500000000e-01 -9.657726976479863445e-01
9.117431640625000000e-01 -9.655964782205117558e-01
9.118652343750000000e-01 -9.654196907575069986e-01
9.119873046875000000e-01 -9.652423353629718816e-01
9.121093750000000000e-01 -9.650644121412393917e-01
9.122314453125000000e-01 -9.648859211969778027e-01
9.123535156250000000e-01 -9.647068626351886778e-01
9.124755859375000000e-01 -9.645272365612072019e-01
9.125976562500000000e-01 -9.643470430807029592e-01
9.127197265625000000e-01 -9.641662822996792670e-01
9.128417968750000000e-01 -9.639849543244728425e-01
9.129638671875000000e-01 -9.638030592617542469e-01
9.130859375000000000e-01 -9.636205972185277746e-01
9.132080078125000000e-01 -9.634375683021310088e-01
9.133300781250000000e-01 -9.632539726202352659e-01
9.134521484375000000e-01 -9.630698102808453731e-01
9.135742187500000000e-01 -9.628850813922986696e-01
9.136962890625000000e-01 -9.626997860632667825e-01
9.138183593750000000e-01 -9.625139244027545171e-01
9.139404296875000000e-01 -9.623274965200990794e-01
9.140625000000000000e-01 -9.621405025249710752e-01
9.141845703125000000e-01 -9.619529425273747325e-01
9.143066406250000000e-01 -9.617648166376460139e-01
9.144287109375000000e-01 -9.615761249664555033e-01
9.145507812500000000e-01 -9.613868676248047418e-01
9.146728515625000000e-01 -9.611970447240295590e-01
9.147949218750000000e-01 -9.610066563757976299e-01
9.149169921875000000e-01 -9.608157026921096966e-01
9.150390625000000000e-01 -9.606241837852984577e-01
9.151611328125000000e-01 -9.604320997680300120e-01
9.152832031250000000e-01 -9.602394507533023038e-01
9.154052734375000000e-01 -9.600462368544455671e-01
9.155273437500000000e-01 -9.598524581851227699e-01
9.156494140625000000e-01 -9.596581148593290589e-01
9.157714843750000000e-01 -9.594632069913913153e-01
9.158935546875000000e-01 -9.592677346959690432e-01
9.160156250000000000e-01 -9.590716980880532594e-01
9.161376953125000000e-01 -9.588750972829673813e-01
9.162597656250000000e-01 -9.586779323963668942e-01
9.163818359375000000e-01 -9.584802035442385737e-01
9.165039062500000000e-01 -9.582819108429010413e-01
9.166259765625000000e-01 -9.580830544090050971e-01
9.167480468750000000e-01 -9.578836343595327207e-01
9.168701171875000000e-01 -9.576836508117974045e-01
9.169921875000000000e-01 -9.574831038834444863e-01
9.171142578125000000e-01 -9.572819936924509276e-01
9.172363281250000000e-01 -9.570803203571239814e-01
9.173583984375000000e-01 -9.568780839961033013e-01
9.174804687500000000e-01 -9.566752847283592764e-01
9.176025390625000000e-01 -9.564719226731933643e-01
9.177246093750000000e-01 -9.562679979502383132e-01
9.178466796875000000e-01 -9.560635106794578286e-01
9.179687500000000000e-01 -9.558584609811462407e-01
9.180908203125000000e-01 -9.556528489759295031e-01
9.182128906250000000e-01 -9.554466747847636388e-01
9.183349609375000000e-01 -9.552399385289352951e-01
9.184570312500000000e-01 -9.550326403300624101e-01
9.185791015625000000e-01 -9.548247803100932130e-01
9.187011718750000000e-01 -9.546163585913060023e-01
9.188232421875000000e-01 -9.544073752963103674e-01
9.189453125000000000e-01 -9.541978305480456335e-01
9.190673828125000000e-01 -9.539877244697816394e-01
9.191894531250000000e-01 -9.537770571851181822e-01
9.193115234375000000e-01 -9.535658288179853503e-01
9.194335937500000000e-01 -9.533540394926437456e-01
9.195556640625000000e-01 -9.531416893336832619e-01
9.196777343750000000e-01 -9.529287784660240845e-01
9.197998046875000000e-01 -9.527153070149164682e-01
9.199218750000000000e-01 -9.525012751059394045e-01
9.200439453125000000e-01 -9.522866828650031756e-01
9.201660156250000000e-01 -9.520715304183465788e-01
9.202880859375000000e-01 -9.518558178925381474e-01
9.204101562500000000e-01 -9.516395454144760402e-01
9.205322265625000000e-01 -9.514227131113880409e-01
9.206542968750000000e-01 -9.512053211108306705e-01
9.207763671875000000e-01 -9.509873695406899641e-01
9.208984375000000000e-01 -9.507688585291816930e-01
9.210205078125000000e-01 -9.505497882048495883e-01
9.211425781250000000e-01 -9.503301586965678949e-01
9.212646484375000000e-01 -9.501099701335383729e-01
9.213867187500000000e-01 -9.498892226452924081e-01
9.215087890625000000e-01 -9.496679163616902342e-01
9.216308593750000000e-01 -9.494460514129203776e-01
9.217529296875000000e-01 -9.492236279295007684e-01
9.218750000000000000e-01 -9.490006460422767409e-01
9.219970703125000000e-01 -9.487771058824230330e-01
9.221191406250000000e-01 -9.485530075814430084e-01
9.222412109375000000e-01 -9.483283512711673247e-01
9.223632812500000000e-01 -9.481031370837557093e-01
9.224853515625000000e-01 -9.478773651516960719e-01
9.226074218750000000e-01 -9.476510356078039488e-01
9.227294921875000000e-01 -9.474241485852232803e-01
9.228515625000000000e-01 -9.471967042174256335e-01
9.229736328125000000e-01 -9.469687026382113126e-01
9.230957031250000000e-01 -9.467401439817071385e-01
9.232177734375000000e-01 -9.465110283823684467e-01
9.233398437500000000e-01 -9.462813559749778669e-01
9.234619140625000000e-01 -9.460511268946462105e-01
9.235839843750000000e-01 -9.458203412768110274e-01
9.237060546875000000e-01 -9.455889992572378278e-01
9.238281250000000000e-01 -9.453571009720185270e-01
9.239501953125000000e-01 -9.451246465575736666e-01
9.240722656250000000e-01 -9.448916361506498607e-01
9.241943359375000000e-01 -9.446580698883209060e-01
9.243164062500000000e-01 -9.444239479079880040e-01
9.244384765625000000e-01 -9.441892703473792059e-01
9.245605468750000000e-01 -9.439540373445491905e-01
9.246826171875000000e-01 -9.437182490378793753e-01
9.248046875000000000e-01 -9.434819055660780274e-01
9.249267578125000000e-01 -9.432450070681800414e-01
9.250488281250000000e-01 -9.430075536835463845e-01
9.251708984375000000e-01 -9.427695455518649847e-01
9.252929687500000000e-01 -9.425309828131500645e-01
9.254150390625000000e-01 -9.422918656077414745e-01
9.255371093750000000e-01 -9.420521940763060265e-01
9.256591796875000000e-01 -9.418119683598364933e-01
9.257812500000000000e-01 -9.415711885996509434e-01
9.259033203125000000e-01 -9.413298549373944057e-01
9.260253906250000000e-01 -9.410879675150366497e-01
9.261474609375000000e-01 -9.408455264748745162e-01
9.262695312500000000e-01 -9.406025319595295864e-01
9.263916015625000000e-01 -9.403589841119491810e-01
9.265136718750000000e-01 -9.401148830754062491e-01
9.266357421875000000e-01 -9.398702289934989240e-01
9.267578125000000000e-01 -9.396250220101514117e-01
9.268798828125000000e-01 -9.393792622696123251e-01
9.270019531250000000e-01 -9.391329499164556838e-01
9.271240234375000000e-01 -9.388860850955805804e-01
9.272460937500000000e-01 -9.386386679522118470e-01
9.273681640625000000e-01 -9.383906986318980570e-01
9.274902343750000000e-01 -9.381421772805135229e-01
9.276123046875000000e-01 -9.378931040442568534e-01
9.277343750000000000e-01 -9.376434790696512867e-01
9.278564453125000000e-01 -9.373933025035445787e-01
9.279785156250000000e-01 -9.371425744931097812e-01
9.281005859375000000e-01 -9.368912951858432425e-01
9.282226562500000000e-01 -9.366394647295662734e-01
9.283447265625000000e-01 -9.363870832724240367e-01
9.284667968750000000e-01 -9.361341509628865465e-01
9.285888671875000000e-01 -9.358806679497465586e-01
9.287109375000000000e-01 -9.356266343821222353e-01
9.288330078125000000e-01 -9.353720504094549248e-01
9.289550781250000000e-01 -9.351169161815096054e-01
9.290771484375000000e-01 -9.348612318483752182e-01
9.291992187500000000e-01 -9.346049975604642235e-01
9.293212890625000000e-01 -9.343482134685130447e-01
9.294433593750000000e-01 -9.340908797235805139e-01
9.295654296875000000e-01 -9.338329964770499814e-01
9.296875000000000000e-01 -9.335745638806270952e-01
9.298095703125000000e-01 -9.333155820863414665e-01
9.299316406250000000e-01 -9.330560512465453371e-01
9.300537109375000000e-01 -9.327959715139138019e-01
9.301757812500000000e-01 -9.325353430414451417e-01
9.302978515625000000e-01 -9.322741659824602678e-01
9.304199218750000000e-01 -9.320124404906033888e-01
9.305419921875000000e-01 -9.317501667198406778e-01
9.306640625000000000e-01 -9.314873448244607168e-01
9.307861328125000000e-01 -9.312239749590749405e-01
9.309082031250000000e-01 -9.309600572786169703e-01
9.310302734375000000e-01 -9.306955919383432807e-01
9.311523437500000000e-01 -9.304305790938314225e-01
9.312744140625000000e-01 -9.301650189009823544e-01
9.313964843750000000e-01 -9.298989115160174457e-01
9.315185546875000000e-01 -9.296322570954814735e-01
9.316406250000000000e-01 -9.293650557962400693e-01
9.317626953125000000e-01 -9.290973077754806075e-01
9.318847656250000000e-01 -9.288290131907129821e-01
9.320068359375000000e-01 -9.285601721997674973e-01
9.321289062500000000e-01 -9.282907849607965334e-01
9.322509765625000000e-01 -9.280208516322737688e-01
9.323730468750000000e-01 -9.277503723729939589e-01
9.324951171875000000e-01 -9.274793473420727130e-01
9.326171875000000000e-01 -9.272077766989478276e-01
9.327392578125000000e-01 -9.269356606033768431e-01
9.328613281250000000e-01 -9.266629992154387097e-01
9.329833984375000000e-01 -9.263897926955328987e-01
9.331054687500000000e-01 -9.261160412043800694e-01
9.332275390625000000e-01 -9.258417449030209578e-01
9.333496093750000000e-01 -9.255669039528170439e-01
9.334716796875000000e-01 -9.252915185154505506e-01
9.335937500000000000e-01 -9.250155887529230014e-01
9.337158203125000000e-01 -9.247391148275573292e-01
9.338378906250000000e-01 -9.244620969019956558e-01
9.339599609375000000e-01 -9.241845351392007357e-01
9.340820312500000000e-01 -9.239064297024548456e-01
9.342041015625000000e-01 -9.236277807553605612e-01
9.343261718750000000e-01 -9.233485884618390926e-01
9.344482421875000000e-01 -9.230688529861329483e-01
9.345703125000000000e-01 -9.227885744928027156e-01
9.346923828125000000e-01 -9.225077531467293923e-01
9.348144531250000000e-01 -9.222263891131127211e-01
9.349365234375000000e-01 -9.219444825574718561e-01
9.350585937500000000e-01 -9.216620336456453622e-01
9.351806640625000000e-01 -9.213790425437907716e-01
9.353027343750000000e-01 -9.210955094183840286e-01
9.354248046875000000e-01 -9.208114344362209325e-01
9.355468750000000000e-01 -9.205268177644150285e-01
9.356689453125000000e-01 -9.202416595703987179e-01
9.357910156250000000e-01 -9.199559600219241462e-01
9.359130859375000000e-01 -9.196697192870599835e-01
9.360351562500000000e-01 -9.193829375341949772e-01
9.361572265625000000e-01 -9.190956149320350654e-01
9.362792968750000000e-01 -9.188077516496050423e-01
9.364013671875000000e-01 -9.185193478562471148e-01
9.365234375000000000e-01 -9.182304037216220127e-01
9.366455078125000000e-01 -9.179409194157083229e-01
9.367675781250000000e-01 -9.176508951088016008e-01
9.368896484375000000e-01 -9.173603309715163689e-01
9.370117187500000000e-01 -9.170692271747834523e-01
9.371337890625000000e-01 -9.167775838898519769e-01
9.372558593750000000e-01 -9.164854012882882595e-01
9.373779296875000000e-01 -9.161926795419758074e-01
9.375000000000000000e-01 -9.158994188231147637e-01
9.376220703125000000e-01 -9.156056193042237945e-01
9.377441406250000000e-01 -9.153112811581367581e-01
9.378662109375000000e-01 -9.150164045580055916e-01
9.379882812500000000e-01 -9.147209896772982018e-01
9.381103515625000000e-01 -9.144250366898004634e-01
9.382324218750000000e-01 -9.141285457696127770e-01
9.383544921875000000e-01 -9.138315170911538443e-01
9.384765625000000000e-01 -9.135339508291577815e-01
9.385986328125000000e-01 -9.132358471586751181e-01
9.387207031250000000e-01 -9.129372062550724642e-01
9.388427734375000000e-01 -9.126380282940327326e-01
9.389648437500000000e-01 -9.123383134515545834e-01
9.390869140625000000e-01 -9.120380619039524239e-01
9.392089843750000000e-01 -9.117372738278566313e-01
9.393310546875000000e-01 -9.114359494002131079e-01
9.394531250000000000e-01 -9.111340887982830594e-01
9.395751953125000000e-01 -9.108316921996435500e-01
9.396972656250000000e-01 -9.105287597821868362e-01
9.398193359375000000e-01 -9.102252917241195895e-01
9.399414062500000000e-01 -9.099212882039647843e-01
9.400634765625000000e-01 -9.096167494005599208e-01
9.401855468750000000e-01 -9.093116754930569146e-01
9.403076171875000000e-01 -9.090060666609230955e-01
9.404296875000000000e-01 -9.086999230839405417e-01
9.405517578125000000e-01 -9.083932449422053024e-01
9.406738281250000000e-01 -9.080860324161281749e-01
9.407958984375000000e-01 -9.077782856864344829e-01
9.409179687500000000e-01 -9.074700049341638541e-01
9.410400390625000000e-01 -9.071611903406695543e-01
9.411621093750000000e-01 -9.068518420876197084e-01
9.412841796875000000e-01 -9.065419603569957463e-01
9.414062500000000000e-01 -9.062315453310928470e-01
9.415283203125000000e-01 -9.059205971925206047e-01
9.416503906250000000e-01 -9.056091161242015852e-01
9.417724609375000000e-01 -9.052971023093718816e-01
9.418945312500000000e-01 -9.049845559315811139e-01
9.420166015625000000e-01 -9.046714771746929840e-01
9.421386718750000000e-01 -9.043578662228830556e-01
9.422607421875000000e-01 -9.040437232606404194e-01
9.423828125000000000e-01 -9.037290484727676931e-01
9.425048828125000000e-01 -9.034138420443802442e-01
9.426269531250000000e-01 -9.030981041609049687e-01
9.427490234375000000e-01 -9.027818350080828447e-01
9.428710937500000000e-01 -9.024650347719670451e-01
9.429931640625000000e-01 -9.021477036389228266e-01
9.431152343750000000e-01 -9.018298417956278623e-01
9.432373046875000000e-01 -9.015114494290720204e-01
9.433593750000000000e-01 -9.011925267265575856e-01
9.434814453125000000e-01 -9.008730738756980383e-01
9.436035156250000000e-01 -9.005530910644199416e-01
9.437255859375000000e-01 -9.002325784809604992e-01
9.438476562500000000e-01 -8.999115363138692203e-01
9.439697265625000000e-01 -8.995899647520069209e-01
9.440917968750000000e-01 -8.992678639845455013e-01
9.442138671875000000e-01 -8.989452342009690566e-01
9.443359375000000000e-01 -8.986220755910719893e-01
9.444580078125000000e-01 -8.982983883449604523e-01
9.445800781250000000e-01 -8.979741726530511281e-01
9.447021484375000000e-01 -8.976494287060718946e-01
9.448242187500000000e-01 -8.973241566950609371e-01
9.449462890625000000e-01 -8.969983568113678585e-01
9.450683593750000000e-01 -8.966720292466521247e-01
9.451904296875000000e-01 -8.963451741928840644e-01
9.453125000000000000e-01 -8.960177918423436472e-01
9.454345703125000000e-01 -8.956898823876217053e-01
9.455566406250000000e-01 -8.953614460216188231e-01
9.456787109375000000e-01 -8.950324829375458924e-01
9.458007812500000000e-01 -8.947029933289230019e-01
9.459228515625000000e-01 -8.943729773895807700e-01
9.460449218750000000e-01 -8.940424353136592339e-01
9.461669921875000000e-01 -8.937113672956072952e-01
9.462890625000000000e-01 -8.933797735301837184e-01
9.464111328125000000e-01 -8.930476542124570205e-01
9.465332031250000000e-01 -8.927150095378044714e-01
9.466552734375000000e-01 -8.923818397019116500e-01
9.467773437500000000e-01 -8.920481449007744423e-01
9.468994140625000000e-01 -8.917139253306965996e-01
9.470214843750000000e-01 -8.913791811882911809e-01
9.471435546875000000e-01 -8.910439126704792212e-01
9.472656250000000000e-01 -8.907081199744907307e-01
9.473876953125000000e-01 -8.903718032978635843e-01
9.475097656250000000e-01 -8.900349628384450762e-01
9.476318359375000000e-01 -8.896975987943889219e-01
9.477539062500000000e-01 -8.893597113641578122e-01
9.478759765625000000e-01 -8.890213007465224138e-01
9.479980468750000000e-01 -8.886823671405611469e-01
9.481201171875000000e-01 -8.883429107456592977e-01
9.482421875000000000e-01 -8.880029317615109052e-01
9.483642578125000000e-01 -8.876624303881169853e-01
9.484863281250000000e-01 -8.873214068257848641e-01
9.486083984375000000e-01 -8.869798612751306210e-01
9.487304687500000000e-01 -8.866377939370765349e-01
9.488525390625000000e-01 -8.862952050128518611e-01
9.489746093750000000e-01 -8.859520947039931649e-01
9.490966796875000000e-01 -8.856084632123433220e-01
9.492187500000000000e-01 -8.852643107400515188e-01
9.493408203125000000e-01 -8.849196374895744732e-01
9.494628906250000000e-01 -8.845744436636736596e-01
9.495849609375000000e-01 -8.842287294654184171e-01
9.497070312500000000e-01 -8.838824950981831741e-01
9.498291015625000000e-01 -8.835357407656490025e-01
9.499511718750000000e-01 -8.831884666718021748e-01
9.500732421875000000e-01 -8.828406730209352737e-01
9.501953125000000000e-01 -8.824923600176463045e-01
9.503173828125000000e-01 -8.821435278668390279e-01
9.504394531250000000e-01 -8.817941767737222936e-01
9.505615234375000000e-01 -8.814443069438098188e-01
9.506835937500000000e-01 -8.810939185829220754e-01
9.508056640625000000e-01 -8.807430118971825150e-01
9.509277343750000000e-01 -8.803915870930208998e-01
9.510498046875000000e-01 -8.800396443771715260e-01
9.511718750000000000e-01 -8.796871839566732243e-01
9.512939453125000000e-01 -8.793342060388690262e-01
9.514160156250000000e-01 -8.789807108314071638e-01
9.515380859375000000e-01 -8.786266985422395148e-01
9.516601562500000000e-01 -8.782721693796221585e-01
9.517822265625000000e-01 -8.779171235521161520e-01
9.519042968750000000e-01 -8.775615612685850886e-01
9.520263671875000000e-01 -8.772054827381974285e-01
9.521484375000000000e-01 -8.768488881704252780e-01
9.522705078125000000e-01 -8.764917777750435013e-01
9.523925781250000000e-01 -8.761341517621312747e-01
9.525146484375000000e-01 -8.757760103420705322e-01
9.526367187500000000e-01 -8.754173537255468540e-01
9.527587890625000000e-01 -8.750581821235484670e-01
9.528808593750000000e-01 -8.746984957473672440e-01
9.530029296875000000e-01 -8.743382948085969275e-01
9.531250000000000000e-01 -8.739775795191345731e-01
9.532470703125000000e-01 -8.736163500911797719e-01
9.533691406250000000e-01 -8.732546067372344289e-01
9.534912109375000000e-01 -8.728923496701028739e-01
9.536132812500000000e-01 -8.725295791028916392e-01
9.537353515625000000e-01 -8.721662952490091270e-01
9.538574218750000000e-01 -8.718024983221662749e-01
9.539794921875000000e-01 -8.714381885363747804e-01
9.541015625000000000e-01 -8.710733661059492094e-01
9.542236328125000000e-01 -8.707080312455053317e-01
9.543457031250000000e-01 -8.703421841699596762e-01
9.544677734375000000e-01 -8.699758250945309745e-01
9.545898437500000000e-01 -8.696089542347388290e-01
9.547119140625000000e-01 -8.692415718064039343e-01
9.548339843750000000e-01 -8.688736780256478553e-01
9.549560546875000000e-01 -8.685052731088931388e-01
9.550781250000000000e-01 -8.681363572728624245e-01
9.552001953125000000e-01 -8.677669307345802219e-01
9.553222656250000000e-01 -8.673969937113702455e-01
9.554443359375000000e-01 -8.670265464208565254e-01
9.555664062500000000e-01 -8.666555890809639617e-01
9.556884765625000000e-01 -8.662841219099175483e-01
9.558105468750000000e-01 -8.659121451262413727e-01
9.559326171875000000e-01 -8.655396589487599490e-01
9.560546875000000000e-01 -8.651666635965974406e-01
9.561767578125000000e-01 -8.647931592891771047e-01
9.562988281250000000e-01 -8.644191462462220699e-01
9.564208984375000000e-01 -8.640446246877546699e-01
9.565429687500000000e-01 -8.636695948340961104e-01
9.566650390625000000e-01 -8.632940569058669134e-01
9.567871093750000000e-01 -8.629180111239863615e-01
9.569091796875000000e-01 -8.625414577096724988e-01
9.570312500000000000e-01 -8.621643968844419081e-01
9.571533203125000000e-01 -8.617868288701098223e-01
9.572753906250000000e-01 -8.614087538887894580e-01
9.573974609375000000e-01 -8.610301721628934590e-01
9.575195312500000000e-01 -8.606510839151306769e-01
9.576416015625000000e-01 -8.602714893685097231e-01
9.577636718750000000e-01 -8.598913887463359718e-01
9.578857421875000000e-01 -8.595107822722125590e-01
9.580078125000000000e-01 -8.591296701700409377e-01
9.581298828125000000e-01 -8.587480526640193235e-01
9.582519531250000000e-01 -8.583659299786435826e-01
9.583740234375000000e-01 -8.579833023387065660e-01
9.584960937500000000e-01 -8.576001699692979985e-01
9.586181640625000000e-01 -8.572165330958050333e-01
9.587402343750000000e-01 -8.568323919439115866e-01
9.588623046875000000e-01 -8.564477467395977817e-01
9.589843750000000000e-01 -8.560625977091400607e-01
9.591064453125000000e-01 -8.556769450791124054e-01
9.592285156250000000e-01 -8.552907890763840060e-01
9.593505859375000000e-01 -8.549041299281204820e-01
9.594726562500000000e-01 -8.545169678617832165e-01
9.595947265625000000e-01 -8.541293031051302442e-01
9.597167968750000000e-01 -8.537411358862143640e-01
9.598388671875000000e-01 -8.533524664333841381e-01
9.599609375000000000e-01 -8.529632949752843363e-01
9.600830078125000000e-01 -8.525736217408539375e-01
9.602050781250000000e-01 -8.521834469593280170e-01
9.603271484375000000e-01 -8.517927708602365255e-01
9.604492187500000000e-01 -8.514015936734037338e-01
9.605712890625000000e-01 -8.510099156289493427e-01
9.606933593750000000e-01 -8.506177369572870406e-01
9.608154296875000000e-01 -8.502250578891260568e-01
9.609375000000000000e-01 -8.498318786554690529e-01
9.610595703125000000e-01 -8.494381994876134545e-01
9.611816406250000000e-01 -8.490440206171501192e-01
9.613037109375000000e-01 -8.486493422759647798e-01
9.614257812500000000e-01 -8.482541646962363791e-01
9.615478515625000000e-01 -8.478584881104374027e-01
9.616699218750000000e-01 -8.474623127513346565e-01
9.617919921875000000e-01 -8.470656388519880453e-01
9.619140625000000000e-01 -8.466684666457497954e-01
9.620361328125000000e-01 -8.462707963662666755e-01
9.621582031250000000e-01 -8.458726282474776648e-01
9.622802734375000000e-01 -8.454739625236149525e-01
9.624023437500000000e-01 -8.450747994292033827e-01
9.625244140625000000e-01 -8.446751391990598989e-01
9.626464843750000000e-01 -8.442749820682948769e-01
9.627685546875000000e-01 -8.438743282723102368e-01
9.628906250000000000e-01 -8.434731780467999984e-01
9.630126953125000000e-01 -8.430715316277507254e-01
9.631347656250000000e-01 -8.426693892514408590e-01
9.632568359375000000e-01 -8.422667511544399410e-01
9.633789062500000000e-01 -8.418636175736098348e-01
9.635009765625000000e-01 -8.414599887461039485e-01
9.636230468750000000e-01 -8.410558649093664574e-01
9.637451171875000000e-01 -8.406512463011327485e-01
9.638671875000000000e-01 -8.402461331594296423e-01
9.639892578125000000e-01 -8.398405257225751708e-01
9.641113281250000000e-01 -8.394344242291772451e-01
9.642333984375000000e-01 -8.390278289181350990e-01
9.643554687500000000e-01 -8.386207400286384006e-01
9.644775390625000000e-01 -8.382131578001669192e-01
9.645996093750000000e-01 -8.378050824724906365e-01
9.647216796875000000e-01 -8.373965142856699684e-01
9.648437500000000000e-01 -8.369874534800549881e-01
9.649658203125000000e-01 -8.365779002962858701e-01
9.650878906250000000e-01 -8.361678549752916689e-01
9.652099609375000000e-01 -8.357573177582919843e-01
9.653320312500000000e-01 -8.353462888867949632e-01
9.654541015625000000e-01 -8.349347686025986315e-01
9.655761718750000000e-01 -8.345227571477892292e-01
9.656982421875000000e-01 -8.341102547647429866e-01
9.658203125000000000e-01 -8.336972616961241256e-01
9.659423828125000000e-01 -8.332837781848861924e-01
9.660644531250000000e-01 -8.328698044742702811e-01
9.661865234375000000e-01 -8.324553408078071426e-01
9.663085937500000000e-01 -8.320403874293145208e-01
9.664306640625000000e-01 -8.316249445828990394e-01
9.665527343750000000e-01 -8.312090125129554252e-01
9.666748046875000000e-01 -8.307925914641650644e-01
9.667968750000000000e-01 -8.303756816814981123e-01
9.669189453125000000e-01 -8.299582834102116058e-01
9.670410156250000000e-01 -8.295403968958505736e-01
9.671630859375000000e-01 -8.291220223842464820e-01
9.672851562500000000e-01 -8.287031601215186782e-01
9.674072265625000000e-01 -8.282838103540728358e-01
9.675292968750000000e-01 -8.278639733286015101e-01
9.676513671875000000e-01 -8.274436492920843600e-01
9.677734375000000000e-01 -8.270228384917868159e-01
9.678955078125000000e-01 -8.266015411752611897e-01
9.680175781250000000e-01 -8.261797575903456758e-01
9.681396484375000000e-01 -8.257574879851647953e-01
9.682617187500000000e-01 -8.253347326081291735e-01
9.683837890625000000e-01 -8.249114917079343190e-01
9.685058593750000000e-01 -8.244877655335625111e-01
9.686279296875000000e-01 -8.240635543342809122e-01
9.687500000000000000e-01 -8.236388583596414570e-01
9.688720703125000000e-01 -8.232136778594822957e-01
9.689941406250000000e-01 -8.227880130839262396e-01
9.691162109375000000e-01 -8.223618642833805392e-01
9.692382812500000000e-01 -8.219352317085378834e-01
9.693603515625000000e-01 -8.215081156103752891e-01
9.694824218750000000e-01 -8.210805162401537682e-01
9.696044921875000000e-01 -8.206524338494191051e-01
9.697265625000000000e-01 -8.202238686900014120e-01
9.698486328125000000e-01 -8.197948210140144631e-01
9.699707031250000000e-01 -8.193652910738556949e-01
9.700927734375000000e-01 -8.189352791222067607e-01
9.702148437500000000e-01 -8.185047854120325317e-01
9.703369140625000000e-01 -8.180738101965814302e-01
9.704589843750000000e-01 -8.176423537293848742e-01
9.705810546875000000e-01 -8.172104162642578329e-01
9.707031250000000000e-01 -8.167779980552977159e-01
9.708251953125000000e-01 -8.163450993568851510e-01
9.709472656250000000e-01 -8.159117204236835397e-01
9.710693359375000000e-01 -8.154778615106381690e-01
9.711914062500000000e-01 -8.150435228729770998e-01
9.713134765625000000e-01 -8.146087047662108338e-01
9.714355468750000000e-01 -8.141734074461315362e-01
9.715576171875000000e-01 -8.137376311688132580e-01
9.716796875000000000e-01 -8.133013761906120465e-01
9.718017578125000000e-01 -8.128646427681655018e-01
9.719238281250000000e-01 -8.124274311583924435e-01
9.720458984375000000e-01 -8.119897416184935768e-01
9.721679687500000000e-01 -8.115515744059500491e-01
9.722900390625000000e-01 -8.111129297785245607e-01
9.724121093750000000e-01 -8.106738079942602537e-01
9.725341796875000000e-01 -8.102342093114814903e-01
9.726562500000000000e-01 -8.097941339887925194e-01
9.727783203125000000e-01 -8.093535822850784767e-01
9.729003906250000000e-01 -8.089125544595041628e-01
9.730224609375000000e-01 -8.084710507715155980e-01
9.731445312500000000e-01 -8.080290714808373576e-01
9.732666015625000000e-01 -8.075866168474752360e-01
9.733886718750000000e-01 -8.071436871317131390e-01
9.735107421875000000e-01 -8.067002825941154143e-01
9.736328125000000000e-01 -8.062564034955257419e-01
9.737548828125000000e-01 -8.058120500970666900e-01
9.738769531250000000e-01 -8.053672226601399364e-01
9.739990234375000000e-01 -8.049219214464257144e-01
9.741210937500000000e-01 -8.044761467178834780e-01
9.742431640625000000e-01 -8.040298987367511252e-01
9.743652343750000000e-01 -8.035831777655447761e-01
9.744873046875000000e-01 -8.031359840670586614e-01
9.746093750000000000e-01 -8.026883179043655669e-01
9.747314453125000000e-01 -8.022401795408157232e-01
9.748535156250000000e-01 -8.017915692400375827e-01
9.749755859375000000e-01 -8.013424872659369314e-01
9.750976562500000000e-01 -8.008929338826973332e-01
9.752197265625000000e-01 -8.004429093547792418e-01
9.753417968750000000e-01 -7.999924139469205553e-01
9.754638671875000000e-01 -7.995414479241358396e-01
9.755859375000000000e-01 -7.990900115517173274e-01
9.757080078125000000e-01 -7.986381050952331417e-01
9.758300781250000000e-01 -7.981857288205279621e-01
9.759521484375000000e-01 -7.977328829937233579e-01
9.760742187500000000e-01 -7.972795678812170106e-01
9.761962890625000000e-01 -7.968257837496820484e-01
9.763183593750000000e-01 -7.963715308660685999e-01
9.764404296875000000e-01 -7.959168094976015739e-01
9.765625000000000000e-01 -7.954616199117816588e-01
9.766845703125000000e-01 -7.950059623763856553e-01
9.768066406250000000e-01 -7.945498371594645892e-01
9.769287109375000000e-01 -7.940932445293454878e-01
9.770507812500000000e-01 -7.936361847546301584e-01
9.771728515625000000e-01 -7.931786581041948558e-01
9.772949218750000000e-01 -7.927206648471907258e-01
9.774169921875000000e-01 -7.922622052530435832e-01
9.775390625000000000e-01 -7.918032795914531352e-01
9.776611328125000000e-01 -7.913438881323937579e-01
9.777832031250000000e-01 -7.908840311461136086e-01
9.779052734375000000e-01 -7.904237089031344032e-01
9.780273437500000000e-01 -7.899629216742523052e-01
9.781494140625000000e-01 -7.895016697305361486e-01
9.782714843750000000e-01 -7.890399533433288815e-01
9.783935546875000000e-01 -7.885777727842462337e-01
9.785156250000000000e-01 -7.881151283251769391e-01
9.786376953125000000e-01 -7.876520202382830682e-01
9.787597656250000000e-01 -7.871884487959993626e-01
9.788818359375000000e-01 -7.867244142710324573e-01
9.790039062500000000e-01 -7.862599169363621021e-01
9.791259765625000000e-01 -7.857949570652402738e-01
9.792480468750000000e-01 -7.853295349311908424e-01
9.793701171875000000e-01 -7.848636508080094609e-01
9.794921875000000000e-01 -7.843973049697637867e-01
9.796142578125000000e-01 -7.839304976907935929e-01
9.797363281250000000e-01 -7.834632292457086589e-01
9.798583984375000000e-01 -7.829954999093916568e-01
9.799804687500000000e-01 -7.825273099569952651e-01
9.801025390625000000e-01 -7.820586596639439447e-01
9.802246093750000000e-01 -7.815895493059327181e-01
9.803466796875000000e-01 -7.811199791589266139e-01
9.804687500000000000e-01 -7.806499494991617771e-01
9.805908203125000000e-01 -7.801794606031448032e-01
9.807128906250000000e-01 -7.797085127476520716e-01
9.808349609375000000e-01 -7.792371062097300793e-01
9.809570312500000000e-01 -7.787652412666949964e-01
9.810791015625000000e-01 -7.782929181961328879e-01
9.812011718750000000e-01 -7.778201372758992704e-01
9.813232421875000000e-01 -7.773468987841191113e-01
9.814453125000000000e-01 -7.768732029991862742e-01
9.815673828125000000e-01 -7.763990501997637406e-01
9.816894531250000000e-01 -7.759244406647836101e-01
9.818115234375000000e-01 -7.754493746734461013e-01
9.819335937500000000e-01 -7.749738525052205507e-01
9.820556640625000000e-01 -7.744978744398443027e-01
9.821777343750000000e-01 -7.740214407573233757e-01
9.822998046875000000e-01 -7.735445517379306857e-01
9.824218750000000000e-01 -7.730672076622082667e-01
9.825439453125000000e-01 -7.725894088109652724e-01
9.826660156250000000e-01 -7.721111554652783093e-01
9.827880859375000000e-01 -7.716324479064915476e-01
9.829101562500000000e-01 -7.711532864162166101e-01
9.830322265625000000e-01 -7.706736712763314623e-01
9.831542968750000000e-01 -7.701936027689814113e-01
9.832763671875000000e-01 -7.697130811765784397e-01
9.833984375000000000e-01 -7.692321067818012059e-01
9.835205078125000000e-01 -7.687506798675942665e-01
9.836425781250000000e-01 -7.682688007171687428e-01
9.837646484375000000e-01 -7.677864696140019873e-01
9.838867187500000000e-01 -7.673036868418364742e-01
9.840087890625000000e-01 -7.668204526846811309e-01
9.841308593750000000e-01 -7.663367674268103391e-01
9.842529296875000000e-01 -7.658526313527637130e-01
9.843750000000000000e-01 -7.653680447473453219e-01
9.844970703125000000e-01 -7.648830078956260214e-01
9.846191406250000000e-01 -7.643975210829394573e-01
9.847412109375000000e-01 -7.639115845948857286e-01
9.848632812500000000e-01 -7.634251987173286125e-01
9.849853515625000000e-01 -7.629383637363963411e-01
9.851074218750000000e-01 -7.624510799384812687e-01
9.852294921875000000e-01 -7.619633476102399827e-01
9.853515625000000000e-01 -7.614751670385927484e-01
9.854736328125000000e-01 -7.609865385107239533e-01
9.855957031250000000e-01 -7.604974623140808854e-01
9.857177734375000000e-01 -7.600079387363743999e-01
9.858398437500000000e-01 -7.595179680655786969e-01
9.859619140625000000e-01 -7.590275505899309882e-01
9.860839843750000000e-01 -7.585366865979313866e-01
9.862060546875000000e-01 -7.580453763783420174e-01
9.863281250000000000e-01 -7.575536202201886837e-01
9.864501953125000000e-01 -7.570614184127582025e-01
9.865722656250000000e-01 -7.565687712456007352e-01
9.866943359375000000e-01 -7.560756790085276791e-01
9.868164062500000000e-01 -7.555821419916123327e-01
9.869384765625000000e-01 -7.550881604851903406e-01
9.870605468750000000e-01 -7.545937347798578054e-01
9.871826171875000000e-01 -7.540988651664727316e-01
9.873046875000000000e-01 -7.536035519361542478e-01
9.874267578125000000e-01 -7.531077953802822744e-01
9.875488281250000000e-01 -7.526115957904977449e-01
9.876708984375000000e-01 -7.521149534587021623e-01
9.877929687500000000e-01 -7.516178686770570438e-01
9.879150390625000000e-01 -7.511203417379848091e-01
9.880371093750000000e-01 -7.506223729341677808e-01
9.881591796875000000e-01 -7.501239625585481852e-01
9.882812500000000000e-01 -7.496251109043277072e-01
9.884033203125000000e-01 -7.491258182649686015e-01
9.885253906250000000e-01 -7.486260849341910273e-01
9.886474609375000000e-01 -7.481259112059756022e-01
9.887695312500000000e-01 -7.476252973745620700e-01
9.888916015625000000e-01 -7.471242437344478571e-01
9.890136718750000000e-01 -7.466227505803904041e-01
9.891357421875000000e-01 -7.461208182074049455e-01
9.892578125000000000e-01 -7.456184469107657309e-01
9.893798828125000000e-01 -7.451156369860046924e-01
9.895019531250000000e-01 -7.446123887289117782e-01
9.896240234375000000e-01 -7.441087024355349522e-01
9.897460937500000000e-01 -7.436045784021803051e-01
9.898681640625000000e-01 -7.431000169254106114e-01
9.899902343750000000e-01 -7.425950183020465500e-01
9.901123046875000000e-01 -7.420895828291657059e-01
9.902343750000000000e-01 -7.415837108041029024e-01
9.903564453125000000e-01 -7.410774025244492025e-01
9.904785156250000000e-01 -7.405706582880533517e-01
9.906005859375000000e-01 -7.400634783930195582e-01
9.907226562500000000e-01 -7.395558631377086023e-01
9.908447265625000000e-01 -7.390478128207378372e-01
9.909667968750000000e-01 -7.385393277409799673e-01
9.910888671875000000e-01 -7.380304081975634922e-01
9.912109375000000000e-01 -7.375210544898729292e-01
9.913330078125000000e-01 -7.370112669175475917e-01
9.914550781250000000e-01 -7.365010457804828103e-01
9.915771484375000000e-01 -7.359903913788281571e-01
9.916992187500000000e-01 -7.354793040129887771e-01
9.918212890625000000e-01 -7.349677839836238347e-01
9.919433593750000000e-01 -7.344558315916479563e-01
9.920654296875000000e-01 -7.339434471382290104e-01
9.921875000000000000e-01 -7.334306309247896616e-01
9.923095703125000000e-01 -7.329173832530069266e-01
9.924316406250000000e-01 -7.324037044248103978e-01
9.925537109375000000e-01 -7.318895947423846859e-01
9.926757812500000000e-01 -7.313750545081671994e-01
9.927978515625000000e-01 -7.308600840248485886e-01
9.929199218750000000e-01 -7.303446835953726346e-01
9.930419921875000000e-01 -7.298288535229364715e-01
9.931640625000000000e-01 -7.293125941109892540e-01
9.932861328125000000e-01 -7.287959056632331567e-01
9.934082031250000000e-01 -7.282787884836229297e-01
9.935302734375000000e-01 -7.277612428763651220e-01
9.936523437500000000e-01 -7.272432691459183030e-01
9.937744140625000000e-01 -7.267248675969935068e-01
9.938964843750000000e-01 -7.262060385345525670e-01
9.940185546875000000e-01 -7.256867822638095600e-01
9.941406250000000000e-01 -7.251670990902294722e-01
9.942626953125000000e-01 -7.246469893195283118e-01
9.943847656250000000e-01 -7.241264532576736634e-01
9.945068359375000000e-01 -7.236054912108832449e-01
9.946289062500000000e-01 -7.230841034856255733e-01
9.947509765625000000e-01 -7.225622903886198545e-01
9.948730468750000000e-01 -7.220400522268349830e-01
9.949951171875000000e-01 -7.215173893074903200e-01
9.951171875000000000e-01 -7.209943019380549156e-01
9.952392578125000000e-01 -7.204707904262480644e-01
9.953613281250000000e-01 -7.199468550800374178e-01
9.954833984375000000e-01 -7.194224962076408714e-01
9.956054687500000000e-01 -7.188977141175254548e-01
9.957275390625000000e-01 -7.183725091184068878e-01
9.958496093750000000e-01 -7.178468815192496910e-01
9.959716796875000000e-01 -7.173208316292670750e-01
9.960937500000000000e-01 -7.167943597579202741e-01
9.962158203125000000e-01 -7.162674662149196569e-01
9.963378906250000000e-01 -7.157401513102227275e-01
9.964599609375000000e-01 -7.152124153540356799e-01
9.965820312500000000e-01 -7.146842586568117328e-01
9.967041015625000000e-01 -7.141556815292514626e-01
9.968261718750000000e-01 -7.136266842823038026e-01
9.969482421875000000e-01 -7.130972672271641555e-01
9.970703125000000000e-01 -7.125674306752742826e-01
9.971923828125000000e-01 -7.120371749383244131e-01
9.973144531250000000e-01 -7.115065003282494693e-01
9.974365234375000000e-01 -7.109754071572319534e-01
9.975585937500000000e-01 -7.104438957377000596e-01
9.976806640625000000e-01 -7.099119663823287851e-01
9.978027343750000000e-01 -7.093796194040383751e-01
9.979248046875000000e-01 -7.088468551159943232e-01
9.980468750000000000e-01 -7.083136738316085923e-01
9.981689453125000000e-01 -7.077800758645377277e-01
9.982910156250000000e-01 -7.072460615286837449e-01
9.984130859375000000e-01 -7.067116311381936855e-01
9.985351562500000000e-01 -7.061767850074589514e-01
9.986572265625000000e-01 -7.056415234511159706e-01
9.987792968750000000e-01 -7.051058467840450872e-01
9.989013671875000000e-01 -7.045697553213713382e-01
9.990234375000000000e-01 -7.040332493784632328e-01
9.991455078125000000e-01 -7.034963292709336402e-01
9.992675781250000000e-01 -7.029589953146386794e-01
9.993896484375000000e-01 -7.024212478256780523e-01
9.995117187500000000e-01 -7.018830871203949329e-01
9.996337890625000000e-01 -7.013445135153751897e-01
9.997558593750000000e-01 -7.008055273274479413e-01
9.998779296875000000e-01 -7.002661288736850009e-01
