# x u(x,t)
0.000000000000000000e+00 -9.853147886008178924e-01
1.220703125000000000e-04 -9.853121945934162351e-01
2.441406250000000000e-04 -9.853090209522361587e-01
3.662109375000000000e-04 -9.853052676791452802e-01
4.882812500000000000e-04 -9.853009347763510561e-01
6.103515625000000000e-04 -9.852960222464028917e-01
7.324218750000000000e-04 -9.852905300921901421e-01
8.544921875000000000e-04 -9.852844583169443338e-01
9.765625000000000000e-04 -9.852778069242367209e-01
1.098632812500000000e-03 -9.852705759179805067e-01
1.220703125000000000e-03 -9.852627653024292886e-01
1.342773437500000000e-03 -9.852543750821782798e-01
1.464843750000000000e-03 -9.852454052621626435e-01
1.586914062500000000e-03 -9.852358558476596029e-01
1.708984375000000000e-03 -9.852257268442864424e-01
1.831054687500000000e-03 -9.852150182580021731e-01
1.953125000000000000e-03 -9.852037300951059784e-01
2.075195312500000000e-03 -9.851918623622386573e-01
2.197265625000000000e-03 -9.851794150663815142e-01
2.319335937500000000e-03 -9.851663882148573581e-01
2.441406250000000000e-03 -9.851527818153289484e-01
2.563476562500000000e-03 -9.851385958758012151e-01
2.685546875000000000e-03 -9.851238304046188166e-01
2.807617187500000000e-03 -9.851084854104683597e-01
2.929687500000000000e-03 -9.850925609023765128e-01
3.051757812500000000e-03 -9.850760568897116709e-01
3.173828125000000000e-03 -9.850589733821821792e-01
3.295898437500000000e-03 -9.850413103898385536e-01
3.417968750000000000e-03 -9.850230679230707054e-01
3.540039062500000000e-03 -9.850042459926107163e-01
3.662109375000000000e-03 -9.849848446095308407e-01
3.784179687500000000e-03 -9.849648637852446154e-01
3.906250000000000000e-03 -9.849443035315056383e-01
4.028320312500000000e-03 -9.849231638604099004e-01
4.150390625000000000e-03 -9.849014447843926767e-01
4.272460937500000000e-03 -9.848791463162309689e-01
4.394531250000000000e-03 -9.848562684690421731e-01
4.516601562500000000e-03 -9.848328112562851899e-01
4.638671875000000000e-03 -9.848087746917588703e-01
4.760742187500000000e-03 -9.847841587896035698e-01
4.882812500000000000e-03 -9.847589635642997052e-01
5.004882812500000000e-03 -9.847331890306696422e-01
5.126953125000000000e-03 -9.847068352038754746e-01
5.249023437500000000e-03 -9.846799020994206897e-01
5.371093750000000000e-03 -9.846523897331489472e-01
5.493164062500000000e-03 -9.846242981212456336e-01
5.615234375000000000e-03 -9.845956272802358633e-01
5.737304687500000000e-03 -9.845663772269862557e-01
5.859375000000000000e-03 -9.845365479787034912e-01
5.981445312500000000e-03 -9.845061395529357551e-01
6.103515625000000000e-03 -9.844751519675712936e-01
6.225585937500000000e-03 -9.844435852408395249e-01
6.347656250000000000e-03 -9.844114393913099281e-01
6.469726562500000000e-03 -9.843787144378937093e-01
6.591796875000000000e-03 -9.843454103998414695e-01
6.713867187500000000e-03 -9.843115272967456475e-01
6.835937500000000000e-03 -9.842770651485382993e-01
6.958007812500000000e-03 -9.842420239754929856e-01
7.080078125000000000e-03 -9.842064037982234392e-01
7.202148437500000000e-03 -9.841702046376840096e-01
7.324218750000000000e-03 -9.841334265151696625e-01
7.446289062500000000e-03 -9.840960694523164243e-01
7.568359375000000000e-03 -9.840581334710998274e-01
7.690429687500000000e-03 -9.840196185938374640e-01
7.812500000000000000e-03 -9.839805248431857665e-01
7.934570312500000000e-03 -9.839408522421433378e-01
8.056640625000000000e-03 -9.839006008140480652e-01
8.178710937500000000e-03 -9.838597705825788964e-01
8.300781250000000000e-03 -9.838183615717553954e-01
8.422851562500000000e-03 -9.837763738059374097e-01
8.544921875000000000e-03 -9.837338073098249591e-01
8.666992187500000000e-03 -9.836906621084592350e-01
8.789062500000000000e-03 -9.836469382272210460e-01
8.911132812500000000e-03 -9.836026356918323721e-01
9.033203125000000000e-03 -9.835577545283549217e-01
9.155273437500000000e-03 -9.835122947631914636e-01
9.277343750000000000e-03 -9.834662564230843840e-01
9.399414062500000000e-03 -9.834196395351173514e-01
9.521484375000000000e-03 -9.833724441267134297e-01
9.643554687500000000e-03 -9.833246702256369653e-01
9.765625000000000000e-03 -9.832763178599913667e-01
9.887695312500000000e-03 -9.832273870582219910e-01
1.000976562500000000e-02 -9.831778778491127024e-01
1.013183593750000000e-02 -9.831277902617892028e-01
1.025390625000000000e-02 -9.830771243257163672e-01
1.037597656250000000e-02 -9.830258800706997979e-01
1.049804687500000000e-02 -9.829740575268849367e-01
1.062011718750000000e-02 -9.829216567247579528e-01
1.074218750000000000e-02 -9.828686776951445214e-01
1.086425781250000000e-02 -9.828151204692112675e-01
1.098632812500000000e-02 -9.827609850784642109e-01
1.110839843750000000e-02 -9.827062715547500993e-01
1.123046875000000000e-02 -9.826509799302549641e-01
1.135253906250000000e-02 -9.825951102375061197e-01
1.147460937500000000e-02 -9.825386625093697202e-01
1.159667968750000000e-02 -9.824816367790528693e-01
1.171875000000000000e-02 -9.824240330801019550e-01
1.184082031250000000e-02 -9.823658514464042035e-01
1.196289062500000000e-02 -9.823070919121861255e-01
1.208496093750000000e-02 -9.822477545120144038e-01
1.220703125000000000e-02 -9.821878392807956715e-01
1.232910156250000000e-02 -9.821273462537769561e-01
1.245117187500000000e-02 -9.820662754665440142e-01
1.257324218750000000e-02 -9.820046269550238849e-01
1.269531250000000000e-02 -9.819424007554822253e-01
1.281738281250000000e-02 -9.818795969045257532e-01
1.293945312500000000e-02 -9.818162154390996932e-01
1.306152343750000000e-02 -9.817522563964902194e-01
1.318359375000000000e-02 -9.816877198143224570e-01
1.330566406250000000e-02 -9.816226057305619257e-01
1.342773437500000000e-02 -9.815569141835132072e-01
1.354980468750000000e-02 -9.814906452118212776e-01
1.367187500000000000e-02 -9.814237988544701752e-01
1.379394531250000000e-02 -9.813563751507843325e-01
1.391601562500000000e-02 -9.812883741404268001e-01
1.403808593750000000e-02 -9.812197958634012451e-01
1.416015625000000000e-02 -9.811506403600501747e-01
1.428222656250000000e-02 -9.810809076710564902e-01
1.440429687500000000e-02 -9.810105978374416003e-01
1.452636718750000000e-02 -9.809397109005673077e-01
1.464843750000000000e-02 -9.808682469021343664e-01
1.477050781250000000e-02 -9.807962058841834807e-01
1.489257812500000000e-02 -9.807235878890938618e-01
1.501464843750000000e-02 -9.806503929595857816e-01
1.513671875000000000e-02 -9.805766211387171305e-01
1.525878906250000000e-02 -9.805022724698864156e-01
1.538085937500000000e-02 -9.804273469968307619e-01
1.550292968750000000e-02 -9.803518447636272448e-01
1.562500000000000000e-02 -9.802757658146914466e-01
1.574707031250000000e-02 -9.801991101947791218e-01
1.586914062500000000e-02 -9.801218779489841992e-01
1.599121093750000000e-02 -9.800440691227411127e-01
1.611328125000000000e-02 -9.799656837618222482e-01
1.623535156250000000e-02 -9.798867219123400529e-01
1.635742187500000000e-02 -9.798071836207453700e-01
1.647949218750000000e-02 -9.797270689338289928e-01
1.660156250000000000e-02 -9.796463778987198889e-01
1.672363281250000000e-02 -9.795651105628868649e-01
1.684570312500000000e-02 -9.794832669741370124e-01
1.696777343750000000e-02 -9.794008471806172622e-01
1.708984375000000000e-02 -9.793178512308126082e-01
1.721191406250000000e-02 -9.792342791735478835e-01
1.733398437500000000e-02 -9.791501310579859840e-01
1.745605468750000000e-02 -9.790654069336293119e-01
1.757812500000000000e-02 -9.789801068503187764e-01
1.770019531250000000e-02 -9.788942308582342378e-01
1.782226562500000000e-02 -9.788077790078941742e-01
1.794433593750000000e-02 -9.787207513501564593e-01
1.806640625000000000e-02 -9.786331479362166963e-01
1.818847656250000000e-02 -9.785449688176102168e-01
1.831054687500000000e-02 -9.784562140462100821e-01
1.843261718750000000e-02 -9.783668836742286379e-01
1.855468750000000000e-02 -9.782769777542164036e-01
1.867675781250000000e-02 -9.781864963390631829e-01
1.879882812500000000e-02 -9.780954394819962872e-01
1.892089843750000000e-02 -9.780038072365828672e-01
1.904296875000000000e-02 -9.779115996567269153e-01
1.916503906250000000e-02 -9.778188167966724853e-01
1.928710937500000000e-02 -9.777254587110009165e-01
1.940917968750000000e-02 -9.776315254546328326e-01
1.953125000000000000e-02 -9.775370170828259209e-01
1.965332031250000000e-02 -9.774419336511781520e-01
1.977539062500000000e-02 -9.773462752156236721e-01
1.989746093750000000e-02 -9.772500418324363558e-01
2.001953125000000000e-02 -9.771532335582276962e-01
2.014160156250000000e-02 -9.770558504499476937e-01
2.026367187500000000e-02 -9.769578925648840784e-01
2.038574218750000000e-02 -9.768593599606631983e-01
2.050781250000000000e-02 -9.767602526952487985e-01
2.062988281250000000e-02 -9.766605708269435748e-01
2.075195312500000000e-02 -9.765603144143875092e-01
2.087402343750000000e-02 -9.764594835165592013e-01
2.099609375000000000e-02 -9.763580781927743146e-01
2.111816406250000000e-02 -9.762560985026876859e-01
2.124023437500000000e-02 -9.761535445062909933e-01
2.136230468750000000e-02 -9.760504162639139780e-01
2.148437500000000000e-02 -9.759467138362244443e-01
2.160644531250000000e-02 -9.758424372842280370e-01
2.172851562500000000e-02 -9.757375866692676869e-01
2.185058593750000000e-02 -9.756321620530244987e-01
2.197265625000000000e-02 -9.755261634975167517e-01
2.209472656250000000e-02 -9.754195910651013435e-01
2.221679687500000000e-02 -9.753124448184713469e-01
2.233886718750000000e-02 -9.752047248206585639e-01
2.246093750000000000e-02 -9.750964311350316382e-01
2.258300781250000000e-02 -9.749875638252972765e-01
2.270507812500000000e-02 -9.748781229554990269e-01
2.282714843750000000e-02 -9.747681085900181674e-01
2.294921875000000000e-02 -9.746575207935732621e-01
2.307128906250000000e-02 -9.745463596312207155e-01
2.319335937500000000e-02 -9.744346251683532190e-01
2.331542968750000000e-02 -9.743223174707016376e-01
2.343750000000000000e-02 -9.742094366043332343e-01
2.355957031250000000e-02 -9.740959826356535567e-01
2.368164062500000000e-02 -9.739819556314042170e-01
2.380371093750000000e-02 -9.738673556586644464e-01
2.392578125000000000e-02 -9.737521827848505396e-01
2.404785156250000000e-02 -9.736364370777157440e-01
2.416992187500000000e-02 -9.735201186053501488e-01
2.429199218750000000e-02 -9.734032274361810178e-01
2.441406250000000000e-02 -9.732857636389722344e-01
2.453613281250000000e-02 -9.731677272828249681e-01
2.465820312500000000e-02 -9.730491184371767854e-01
2.478027343750000000e-02 -9.729299371718025391e-01
2.490234375000000000e-02 -9.728101835568128131e-01
2.502441406250000000e-02 -9.726898576626563653e-01
2.514648437500000000e-02 -9.725689595601172410e-01
2.526855468750000000e-02 -9.724474893203172154e-01
2.539062500000000000e-02 -9.723254470147133510e-01
2.551269531250000000e-02 -9.722028327151007732e-01
2.563476562500000000e-02 -9.720796464936096726e-01
2.575683593750000000e-02 -9.719558884227079698e-01
2.587890625000000000e-02 -9.718315585751987618e-01
2.600097656250000000e-02 -9.717066570242225421e-01
2.612304687500000000e-02 -9.715811838432553138e-01
2.624511718750000000e-02 -9.714551391061099217e-01
2.636718750000000000e-02 -9.713285228869350529e-01
2.648925781250000000e-02 -9.712013352602162364e-01
2.661132812500000000e-02 -9.710735763007739552e-01
2.673339843750000000e-02 -9.709452460837662002e-01
2.685546875000000000e-02 -9.708163446846858058e-01
2.697753906250000000e-02 -9.706868721793625587e-01
2.709960937500000000e-02 -9.705568286439614223e-01
2.722167968750000000e-02 -9.704262141549840903e-01
2.734375000000000000e-02 -9.702950287892672110e-01
2.746582031250000000e-02 -9.701632726239841631e-01
2.758789062500000000e-02 -9.700309457366433907e-01
2.770996093750000000e-02 -9.698980482050897356e-01
2.783203125000000000e-02 -9.697645801075029937e-01
2.795410156250000000e-02 -9.696305415223994695e-01
2.807617187500000000e-02 -9.694959325286300889e-01
2.819824218750000000e-02 -9.693607532053822862e-01
2.832031250000000000e-02 -9.692250036321783391e-01
2.844238281250000000e-02 -9.690886838888763677e-01
2.856445312500000000e-02 -9.689517940556696685e-01
2.868652343750000000e-02 -9.688143342130870472e-01
2.880859375000000000e-02 -9.686763044419923752e-01
2.893066406250000000e-02 -9.685377048235854769e-01
2.905273437500000000e-02 -9.683985354394004652e-01
2.917480468750000000e-02 -9.682587963713074064e-01
2.929687500000000000e-02 -9.681184877015108770e-01
2.941894531250000000e-02 -9.679776095125514068e-01
2.954101562500000000e-02 -9.678361618873032590e-01
2.966308593750000000e-02 -9.676941449089772052e-01
2.978515625000000000e-02 -9.675515586611176388e-01
2.990722656250000000e-02 -9.674084032276046852e-01
3.002929687500000000e-02 -9.672646786926525353e-01
3.015136718750000000e-02 -9.671203851408111118e-01
3.027343750000000000e-02 -9.669755226569644035e-01
3.039550781250000000e-02 -9.668300913263314644e-01
3.051757812500000000e-02 -9.666840912344653036e-01
3.063964843750000000e-02 -9.665375224672545507e-01
3.076171875000000000e-02 -9.663903851109214571e-01
3.088378906250000000e-02 -9.662426792520235619e-01
3.100585937500000000e-02 -9.660944049774520259e-01
3.112792968750000000e-02 -9.659455623744329644e-01
3.125000000000000000e-02 -9.657961515305264477e-01
3.137207031250000000e-02 -9.656461725336273894e-01
3.149414062500000000e-02 -9.654956254719642139e-01
3.161621093750000000e-02 -9.653445104341000782e-01
3.173828125000000000e-02 -9.651928275089319831e-01
3.186035156250000000e-02 -9.650405767856913286e-01
3.198242187500000000e-02 -9.648877583539428038e-01
3.210449218750000000e-02 -9.647343723035860519e-01
3.222656250000000000e-02 -9.645804187248536721e-01
3.234863281250000000e-02 -9.644258977083129958e-01
3.247070312500000000e-02 -9.642708093448644213e-01
3.259277343750000000e-02 -9.641151537257428572e-01
3.271484375000000000e-02 -9.639589309425160568e-01
3.283691406250000000e-02 -9.638021410870862837e-01
3.295898437500000000e-02 -9.636447842516884243e-01
3.308105468750000000e-02 -9.634868605288919863e-01
3.320312500000000000e-02 -9.633283700115988779e-01
3.332519531250000000e-02 -9.631693127930456289e-01
3.344726562500000000e-02 -9.630096889668009474e-01
3.356933593750000000e-02 -9.628494986267679412e-01
3.369140625000000000e-02 -9.626887418671818963e-01
3.381347656250000000e-02 -9.625274187826122763e-01
3.393554687500000000e-02 -9.623655294679611671e-01
3.405761718750000000e-02 -9.622030740184639441e-01
3.417968750000000000e-02 -9.620400525296887162e-01
3.430175781250000000e-02 -9.618764650975372144e-01
3.442382812500000000e-02 -9.617123118182433483e-01
3.454589843750000000e-02 -9.615475927883745388e-01
3.466796875000000000e-02 -9.613823081048304964e-01
3.479003906250000000e-02 -9.612164578648441093e-01
3.491210937500000000e-02 -9.610500421659806669e-01
3.503417968750000000e-02 -9.608830611061385252e-01
3.515625000000000000e-02 -9.607155147835478859e-01
3.527832031250000000e-02 -9.605474032967724618e-01
3.540039062500000000e-02 -9.603787267447074782e-01
3.552246093750000000e-02 -9.602094852265813385e-01
3.564453125000000000e-02 -9.600396788419540695e-01
3.576660156250000000e-02 -9.598693076907188759e-01
3.588867187500000000e-02 -9.596983718731002533e-01
3.601074218750000000e-02 -9.595268714896558748e-01
3.613281250000000000e-02 -9.593548066412742603e-01
3.625488281250000000e-02 -9.591821774291773295e-01
3.637695312500000000e-02 -9.590089839549180706e-01
3.649902343750000000e-02 -9.588352263203820947e-01
3.662109375000000000e-02 -9.586609046277860813e-01
3.674316406250000000e-02 -9.584860189796794439e-01
3.686523437500000000e-02 -9.583105694789426643e-01
3.698730468750000000e-02 -9.581345562287881812e-01
3.710937500000000000e-02 -9.579579793327599457e-01
3.723144531250000000e-02 -9.577808388947337548e-01
3.735351562500000000e-02 -9.576031350189168068e-01
3.747558593750000000e-02 -9.574248678098477017e-01
3.759765625000000000e-02 -9.572460373723961080e-01
3.771972656250000000e-02 -9.570666438117640951e-01
3.784179687500000000e-02 -9.568866872334833573e-01
3.796386718750000000e-02 -9.567061677434183231e-01
3.808593750000000000e-02 -9.565250854477638232e-01
3.820800781250000000e-02 -9.563434404530459787e-01
3.833007812500000000e-02 -9.561612328661215354e-01
3.845214843750000000e-02 -9.559784627941789736e-01
3.857421875000000000e-02 -9.557951303447368430e-01
3.869628906250000000e-02 -9.556112356256453166e-01
3.881835937500000000e-02 -9.554267787450843041e-01
3.894042968750000000e-02 -9.552417598115656716e-01
3.906250000000000000e-02 -9.550561789339306884e-01
3.918457031250000000e-02 -9.548700362213524695e-01
3.930664062500000000e-02 -9.546833317833334220e-01
3.942871093750000000e-02 -9.544960657297072437e-01
3.955078125000000000e-02 -9.543082381706375905e-01
3.967285156250000000e-02 -9.541198492166188538e-01
3.979492187500000000e-02 -9.539308989784749393e-01
3.991699218750000000e-02 -9.537413875673608210e-01
4.003906250000000000e-02 -9.535513150947607652e-01
4.016113281250000000e-02 -9.533606816724899957e-01
4.028320312500000000e-02 -9.531694874126928063e-01
4.040527343750000000e-02 -9.529777324278443373e-01
4.052734375000000000e-02 -9.527854168307484661e-01
4.064941406250000000e-02 -9.525925407345401386e-01
4.077148437500000000e-02 -9.523991042526828155e-01
4.089355468750000000e-02 -9.522051074989708042e-01
4.101562500000000000e-02 -9.520105505875267049e-01
4.113769531250000000e-02 -9.518154336328041865e-01
4.125976562500000000e-02 -9.516197567495845444e-01
4.138183593750000000e-02 -9.514235200529803649e-01
4.150390625000000000e-02 -9.512267236584319718e-01
4.162597656250000000e-02 -9.510293676817102027e-01
4.174804687500000000e-02 -9.508314522389139656e-01
4.187011718750000000e-02 -9.506329774464719051e-01
4.199218750000000000e-02 -9.504339434211417359e-01
4.211425781250000000e-02 -9.502343502800103536e-01
4.223632812500000000e-02 -9.500341981404926139e-01
4.235839843750000000e-02 -9.498334871203335528e-01
4.248046875000000000e-02 -9.496322173376054998e-01
4.260253906250000000e-02 -9.494303889107110761e-01
4.272460937500000000e-02 -9.492280019583801964e-01
4.284667968750000000e-02 -9.490250565996722898e-01
4.296875000000000000e-02 -9.488215529539744120e-01
4.309082031250000000e-02 -9.486174911410031330e-01
4.321289062500000000e-02 -9.484128712808020945e-01
4.333496093750000000e-02 -9.482076934937442303e-01
4.345703125000000000e-02 -9.480019579005304342e-01
4.357910156250000000e-02 -9.477956646221896708e-01
4.370117187500000000e-02 -9.475888137800786426e-01
4.382324218750000000e-02 -9.473814054958826780e-01
4.394531250000000000e-02 -9.471734398916145103e-01
4.406738281250000000e-02 -9.469649170896151658e-01
4.418945312500000000e-02 -9.467558372125528532e-01
4.431152343750000000e-02 -9.465462003834245186e-01
4.443359375000000000e-02 -9.463360067255534025e-01
4.455566406250000000e-02 -9.461252563625915935e-01
4.467773437500000000e-02 -9.459139494185175856e-01
4.479980468750000000e-02 -9.457020860176383881e-01
4.492187500000000000e-02 -9.454896662845870825e-01
4.504394531250000000e-02 -9.452766903443255986e-01
4.516601562500000000e-02 -9.450631583221411613e-01
4.528808593750000000e-02 -9.448490703436501770e-01
4.541015625000000000e-02 -9.446344265347943470e-01
4.553222656250000000e-02 -9.444192270218435548e-01
4.565429687500000000e-02 -9.442034719313937563e-01
4.577636718750000000e-02 -9.439871613903684233e-01
4.589843750000000000e-02 -9.437702955260172111e-01
4.602050781250000000e-02 -9.435528744659171796e-01
4.614257812500000000e-02 -9.433348983379705732e-01
4.626464843750000000e-02 -9.431163672704083734e-01
4.638671875000000000e-02 -9.428972813917857465e-01
4.650878906250000000e-02 -9.426776408309860411e-01
4.663085937500000000e-02 -9.424574457172176789e-01
4.675292968750000000e-02 -9.422366961800159313e-01
4.687500000000000000e-02 -9.420153923492418091e-01
4.699707031250000000e-02 -9.417935343550829508e-01
4.711914062500000000e-02 -9.415711223280527342e-01
4.724121093750000000e-02 -9.413481563989902767e-01
4.736328125000000000e-02 -9.411246366990605461e-01
4.748535156250000000e-02 -9.409005633597548046e-01
4.760742187500000000e-02 -9.406759365128892769e-01
4.772949218750000000e-02 -9.404507562906064821e-01
4.785156250000000000e-02 -9.402250228253736797e-01
4.797363281250000000e-02 -9.399987362499846455e-01
4.809570312500000000e-02 -9.397718966975572297e-01
4.821777343750000000e-02 -9.395445043015359099e-01
4.833984375000000000e-02 -9.393165591956893490e-01
4.846191406250000000e-02 -9.390880615141123933e-01
4.858398437500000000e-02 -9.388590113912234081e-01
4.870605468750000000e-02 -9.386294089617676084e-01
4.882812500000000000e-02 -9.383992543608135062e-01
4.895019531250000000e-02 -9.381685477237555748e-01
4.907226562500000000e-02 -9.379372891863122508e-01
4.919433593750000000e-02 -9.377054788845271549e-01
4.931640625000000000e-02 -9.374731169547683152e-01
4.943847656250000000e-02 -9.372402035337283888e-01
4.956054687500000000e-02 -9.370067387584241070e-01
4.968261718750000000e-02 -9.367727227661968303e-01
4.980468750000000000e-02 -9.365381556947121044e-01
4.992675781250000000e-02 -9.363030376819598821e-01
5.004882812500000000e-02 -9.360673688662537462e-01
5.017089843750000000e-02 -9.358311493862319086e-01
5.029296875000000000e-02 -9.355943793808559894e-01
5.041503906250000000e-02 -9.353570589894119047e-01
5.053710937500000000e-02 -9.351191883515086456e-01
5.065917968750000000e-02 -9.348807676070800543e-01
5.078125000000000000e-02 -9.346417968963821599e-01
5.090332031250000000e-02 -9.344022763599960646e-01
5.102539062500000000e-02 -9.341622061388249465e-01
5.114746093750000000e-02 -9.339215863740961687e-01
5.126953125000000000e-02 -9.336804172073598362e-01
5.139160156250000000e-02 -9.334386987804902391e-01
5.151367187500000000e-02 -9.331964312356835212e-01
5.163574218750000000e-02 -9.329536147154595671e-01
5.175781250000000000e-02 -9.327102493626610036e-01
5.187988281250000000e-02 -9.324663353204536431e-01
5.200195312500000000e-02 -9.322218727323254850e-01
5.212402343750000000e-02 -9.319768617420879364e-01
5.224609375000000000e-02 -9.317313024938743693e-01
5.236816406250000000e-02 -9.314851951321412304e-01
5.249023437500000000e-02 -9.312385398016669313e-01
5.261230468750000000e-02 -9.309913366475525143e-01
5.273437500000000000e-02 -9.307435858152210972e-01
5.285644531250000000e-02 -9.304952874504183180e-01
5.297851562500000000e-02 -9.302464416992115570e-01
5.310058593750000000e-02 -9.299970487079904924e-01
5.322265625000000000e-02 -9.297471086234665449e-01
5.334472656250000000e-02 -9.294966215926731001e-01
5.346679687500000000e-02 -9.292455877629649530e-01
5.358886718750000000e-02 -9.289940072820190853e-01
5.371093750000000000e-02 -9.287418802978336663e-01
5.383300781250000000e-02 -9.284892069587288299e-01
5.395507812500000000e-02 -9.282359874133452315e-01
5.407714843750000000e-02 -9.279822218106459353e-01
5.419921875000000000e-02 -9.277279102999143046e-01
5.432128906250000000e-02 -9.274730530307555565e-01
5.444335937500000000e-02 -9.272176501530955406e-01
5.456542968750000000e-02 -9.269617018171811829e-01
5.468750000000000000e-02 -9.267052081735800417e-01
5.480957031250000000e-02 -9.264481693731813072e-01
5.493164062500000000e-02 -9.261905855671938026e-01
5.505371093750000000e-02 -9.259324569071475386e-01
5.517578125000000000e-02 -9.256737835448931584e-01
5.529785156250000000e-02 -9.254145656326013825e-01
5.541992187500000000e-02 -9.251548033227632306e-01
5.554199218750000000e-02 -9.248944967681905771e-01
5.566406250000000000e-02 -9.246336461220147074e-01
5.578613281250000000e-02 -9.243722515376877613e-01
5.590820312500000000e-02 -9.241103131689807348e-01
5.603027343750000000e-02 -9.238478311699860335e-01
5.615234375000000000e-02 -9.235848056951143636e-01
5.627441406250000000e-02 -9.233212368990975083e-01
5.639648437500000000e-02 -9.230571249369855513e-01
5.651855468750000000e-02 -9.227924699641492090e-01
5.664062500000000000e-02 -9.225272721362777206e-01
5.676269531250000000e-02 -9.222615316093808469e-01
5.688476562500000000e-02 -9.219952485397862052e-01
5.700683593750000000e-02 -9.217284230841416015e-01
5.712890625000000000e-02 -9.214610553994134756e-01
5.725097656250000000e-02 -9.211931456428876785e-01
5.737304687500000000e-02 -9.209246939721680292e-01
5.749511718750000000e-02 -9.206557005451780906e-01
5.761718750000000000e-02 -9.203861655201595049e-01
5.773925781250000000e-02 -9.201160890556732141e-01
5.786132812500000000e-02 -9.198454713105979064e-01
5.798339843750000000e-02 -9.195743124441313476e-01
5.810546875000000000e-02 -9.193026126157888278e-01
5.822753906250000000e-02 -9.190303719854047149e-01
5.834960937500000000e-02 -9.187575907131309005e-01
5.847167968750000000e-02 -9.184842689594381326e-01
5.859375000000000000e-02 -9.182104068851137946e-01
5.871582031250000000e-02 -9.179360046512645699e-01
5.883789062500000000e-02 -9.176610624193135557e-01
5.895996093750000000e-02 -9.173855803510028162e-01
5.908203125000000000e-02 -9.171095586083908291e-01
5.920410156250000000e-02 -9.168329973538547062e-01
5.932617187500000000e-02 -9.165558967500877507e-01
5.944824218750000000e-02 -9.162782569601012339e-01
5.957031250000000000e-02 -9.160000781472235065e-01
5.969238281250000000e-02 -9.157213604751001101e-01
5.981445312500000000e-02 -9.154421041076933330e-01
5.993652343750000000e-02 -9.151623092092826539e-01
6.005859375000000000e-02 -9.148819759444639654e-01
6.018066406250000000e-02 -9.146011044781504618e-01
6.030273437500000000e-02 -9.143196949755710845e-01
6.042480468750000000e-02 -9.140377476022724101e-01
6.054687500000000000e-02 -9.137552625241162074e-01
6.066894531250000000e-02 -9.134722399072816579e-01
6.079101562500000000e-02 -9.131886799182633574e-01
6.091308593750000000e-02 -9.129045827238725375e-01
6.103515625000000000e-02 -9.126199484912360660e-01
6.115722656250000000e-02 -9.123347773877972244e-01
6.127929687500000000e-02 -9.120490695813143756e-01
6.140136718750000000e-02 -9.117628252398625177e-01
6.152343750000000000e-02 -9.114760445318316195e-01
6.164550781250000000e-02 -9.111887276259273971e-01
6.176757812500000000e-02 -9.109008746911707588e-01
6.188964843750000000e-02 -9.106124858968986935e-01
6.201171875000000000e-02 -9.103235614127623831e-01
6.213378906250000000e-02 -9.100341014087289793e-01
6.225585937500000000e-02 -9.097441060550801595e-01
6.237792968750000000e-02 -9.094535755224129048e-01
6.250000000000000000e-02 -9.091625099816385003e-01
6.262207031250000000e-02 -9.088709096039837565e-01
6.274414062500000000e-02 -9.085787745609892330e-01
6.286621093750000000e-02 -9.082861050245109036e-01
6.298828125000000000e-02 -9.079929011667182692e-01
6.311035156250000000e-02 -9.076991631600961341e-01
6.323242187500000000e-02 -9.074048911774423853e-01
6.335449218750000000e-02 -9.071100853918701024e-01
6.347656250000000000e-02 -9.068147459768054475e-01
6.359863281250000000e-02 -9.065188731059896643e-01
6.372070312500000000e-02 -9.062224669534764132e-01
6.384277343750000000e-02 -9.059255276936344359e-01
6.396484375000000000e-02 -9.056280555011451128e-01
6.408691406250000000e-02 -9.053300505510039065e-01
6.420898437500000000e-02 -9.050315130185190293e-01
6.433105468750000000e-02 -9.047324430793128869e-01
6.445312500000000000e-02 -9.044328409093200793e-01
6.457519531250000000e-02 -9.041327066847895111e-01
6.469726562500000000e-02 -9.038320405822818371e-01
6.481933593750000000e-02 -9.035308427786714613e-01
6.494140625000000000e-02 -9.032291134511452046e-01
6.506347656250000000e-02 -9.029268527772029707e-01
6.518554687500000000e-02 -9.026240609346564137e-01
6.530761718750000000e-02 -9.023207381016306039e-01
6.542968750000000000e-02 -9.020168844565620292e-01
6.555175781250000000e-02 -9.017125001782007043e-01
6.567382812500000000e-02 -9.014075854456071735e-01
6.579589843750000000e-02 -9.011021404381557298e-01
6.591796875000000000e-02 -9.007961653355313070e-01
6.604003906250000000e-02 -9.004896603177314773e-01
6.616210937500000000e-02 -9.001826255650648978e-01
6.628417968750000000e-02 -8.998750612581525310e-01
6.640625000000000000e-02 -8.995669675779262020e-01
6.652832031250000000e-02 -8.992583447056299306e-01
6.665039062500000000e-02 -8.989491928228181550e-01
6.677246093750000000e-02 -8.986395121113572859e-01
6.689453125000000000e-02 -8.983293027534243747e-01
6.701660156250000000e-02 -8.980185649315076679e-01
6.713867187500000000e-02 -8.977072988284060528e-01
6.726074218750000000e-02 -8.973955046272296121e-01
6.738281250000000000e-02 -8.970831825113985136e-01
6.750488281250000000e-02 -8.967703326646440098e-01
6.762695312500000000e-02 -8.964569552710075495e-01
6.774902343750000000e-02 -8.961430505148411108e-01
6.787109375000000000e-02 -8.958286185808065349e-01
6.799316406250000000e-02 -8.955136596538764149e-01
6.811523437500000000e-02 -8.951981739193325405e-01
6.823730468750000000e-02 -8.948821615627673420e-01
6.835937500000000000e-02 -8.945656227700824470e-01
6.848144531250000000e-02 -8.942485577274897901e-01
6.860351562500000000e-02 -8.939309666215102812e-01
6.872558593750000000e-02 -8.936128496389750264e-01
6.884765625000000000e-02 -8.932942069670235519e-01
6.896972656250000000e-02 -8.929750387931054689e-01
6.909179687500000000e-02 -8.926553453049790310e-01
6.921386718750000000e-02 -8.923351266907117996e-01
6.933593750000000000e-02 -8.920143831386797562e-01
6.945800781250000000e-02 -8.916931148375686345e-01
6.958007812500000000e-02 -8.913713219763719220e-01
6.970214843750000000e-02 -8.910490047443921924e-01
6.982421875000000000e-02 -8.907261633312402171e-01
6.994628906250000000e-02 -8.904027979268357429e-01
7.006835937500000000e-02 -8.900789087214056039e-01
7.019042968750000000e-02 -8.897544959054861646e-01
7.031250000000000000e-02 -8.894295596699204332e-01
7.043457031250000000e-02 -8.891041002058606146e-01
7.055664062500000000e-02 -8.887781177047660019e-01
7.067871093750000000e-02 -8.884516123584034197e-01
7.080078125000000000e-02 -8.881245843588478905e-01
7.092285156250000000e-02 -8.877970338984815246e-01
7.104492187500000000e-02 -8.874689611699935199e-01
7.116699218750000000e-02 -8.871403663663808281e-01
7.128906250000000000e-02 -8.868112496809472667e-01
7.141113281250000000e-02 -8.864816113073037407e-01
7.153320312500000000e-02 -8.861514514393679098e-01
7.165527343750000000e-02 -8.858207702713645215e-01
7.177734375000000000e-02 -8.854895679978245226e-01
7.189941406250000000e-02 -8.851578448135859478e-01
7.202148437500000000e-02 -8.848256009137926981e-01
7.214355468750000000e-02 -8.844928364938957621e-01
7.226562500000000000e-02 -8.841595517496511070e-01
7.238769531250000000e-02 -8.838257468771224534e-01
7.250976562500000000e-02 -8.834914220726779455e-01
7.263183593750000000e-02 -8.831565775329925927e-01
7.275390625000000000e-02 -8.828212134550466050e-01
7.287597656250000000e-02 -8.824853300361263919e-01
7.299804687500000000e-02 -8.821489274738230080e-01
7.312011718750000000e-02 -8.818120059660339294e-01
7.324218750000000000e-02 -8.814745657109608334e-01
7.336425781250000000e-02 -8.811366069071115970e-01
7.348632812500000000e-02 -8.807981297532982978e-01
7.360839843750000000e-02 -8.804591344486388804e-01
7.373046875000000000e-02 -8.801196211925548241e-01
7.385253906250000000e-02 -8.797795901847738076e-01
7.397460937500000000e-02 -8.794390416253266007e-01
7.409667968750000000e-02 -8.790979757145496176e-01
7.421875000000000000e-02 -8.787563926530828073e-01
7.434082031250000000e-02 -8.784142926418712083e-01
7.446289062500000000e-02 -8.780716758821627277e-01
7.458496093750000000e-02 -8.777285425755105841e-01
7.470703125000000000e-02 -8.773848929237707539e-01
7.482910156250000000e-02 -8.770407271291041917e-01
7.495117187500000000e-02 -8.766960453939739439e-01
7.507324218750000000e-02 -8.763508479211479241e-01
7.519531250000000000e-02 -8.760051349136965815e-01
7.531738281250000000e-02 -8.756589065749944556e-01
7.543945312500000000e-02 -8.753121631087181775e-01
7.556152343750000000e-02 -8.749649047188483575e-01
7.568359375000000000e-02 -8.746171316096681414e-01
7.580566406250000000e-02 -8.742688439857634330e-01
7.592773437500000000e-02 -8.739200420520227830e-01
7.604980468750000000e-02 -8.735707260136374996e-01
7.617187500000000000e-02 -8.732208960761009831e-01
7.629394531250000000e-02 -8.728705524452096132e-01
7.641601562500000000e-02 -8.725196953270610845e-01
7.653808593750000000e-02 -8.721683249280558492e-01
7.666015625000000000e-02 -8.718164414548958963e-01
7.678222656250000000e-02 -8.714640451145854172e-01
7.690429687500000000e-02 -8.711111361144299181e-01
7.702636718750000000e-02 -8.707577146620368858e-01
7.714843750000000000e-02 -8.704037809653146773e-01
7.727050781250000000e-02 -8.700493352324738527e-01
7.739257812500000000e-02 -8.696943776720249542e-01
7.751464843750000000e-02 -8.693389084927813926e-01
7.763671875000000000e-02 -8.689829279038556731e-01
7.775878906250000000e-02 -8.686264361146625035e-01
7.788085937500000000e-02 -8.682694333349163518e-01
7.800292968750000000e-02 -8.679119197746334446e-01
7.812500000000000000e-02 -8.675538956441291027e-01
7.824707031250000000e-02 -8.671953611540201834e-01
7.836914062500000000e-02 -8.668363165152228600e-01
7.849121093750000000e-02 -8.664767619389541764e-01
7.861328125000000000e-02 -8.661166976367307146e-01
7.873535156250000000e-02 -8.657561238203692611e-01
7.885742187500000000e-02 -8.653950407019856961e-01
7.897949218750000000e-02 -8.650334484939963264e-01
7.910156250000000000e-02 -8.646713474091158869e-01
7.922363281250000000e-02 -8.643087376603599825e-01
7.934570312500000000e-02 -8.639456194610417583e-01
7.946777343750000000e-02 -8.635819930247750076e-01
7.958984375000000000e-02 -8.632178585654711744e-01
7.971191406250000000e-02 -8.628532162973416852e-01
7.983398437500000000e-02 -8.624880664348958392e-01
7.995605468750000000e-02 -8.621224091929422517e-01
8.007812500000000000e-02 -8.617562447865871889e-01
8.020019531250000000e-02 -8.613895734312360108e-01
8.032226562500000000e-02 -8.610223953425919508e-01
8.044433593750000000e-02 -8.606547107366566696e-01
8.056640625000000000e-02 -8.602865198297291460e-01
8.068847656250000000e-02 -8.599178228384070088e-01
8.081054687500000000e-02 -8.595486199795848714e-01
8.093261718750000000e-02 -8.591789114704555530e-01
8.105468750000000000e-02 -8.588086975285085245e-01
8.117675781250000000e-02 -8.584379783715319068e-01
8.129882812500000000e-02 -8.580667542176093621e-01
8.142089843750000000e-02 -8.576950252851233136e-01
8.154296875000000000e-02 -8.573227917927516151e-01
8.166503906250000000e-02 -8.569500539594701038e-01
8.178710937500000000e-02 -8.565768120045506029e-01
8.190917968750000000e-02 -8.562030661475619198e-01
8.203125000000000000e-02 -8.558288166083687365e-01
8.215332031250000000e-02 -8.554540636071330528e-01
8.227539062500000000e-02 -8.550788073643118548e-01
8.239746093750000000e-02 -8.547030481006590019e-01
8.251953125000000000e-02 -8.543267860372236733e-01
8.264160156250000000e-02 -8.539500213953516994e-01
8.276367187500000000e-02 -8.535727543966835640e-01
8.288574218750000000e-02 -8.531949852631557363e-01
8.300781250000000000e-02 -8.528167142170002268e-01
8.312988281250000000e-02 -8.524379414807441435e-01
8.325195312500000000e-02 -8.520586672772094694e-01
8.337402343750000000e-02 -8.516788918295139510e-01
8.349609375000000000e-02 -8.512986153610690998e-01
8.361816406250000000e-02 -8.509178380955821908e-01
8.374023437500000000e-02 -8.505365602570545969e-01
8.386230468750000000e-02 -8.501547820697821223e-01
8.398437500000000000e-02 -8.497725037583551133e-01
8.410644531250000000e-02 -8.493897255476581254e-01
8.422851562500000000e-02 -8.490064476628695900e-01
8.435058593750000000e-02 -8.486226703294621476e-01
8.447265625000000000e-02 -8.482383937732018708e-01
8.459472656250000000e-02 -8.478536182201492633e-01
8.471679687500000000e-02 -8.474683438966572613e-01
8.483886718750000000e-02 -8.470825710293732325e-01
8.496093750000000000e-02 -8.466962998452369771e-01
8.508300781250000000e-02 -8.463095305714825045e-01
8.520507812500000000e-02 -8.459222634356357018e-01
8.532714843750000000e-02 -8.455344986655161099e-01
8.544921875000000000e-02 -8.451462364892355916e-01
8.557128906250000000e-02 -8.447574771351991085e-01
8.569335937500000000e-02 -8.443682208321032778e-01
8.581542968750000000e-02 -8.439784678089379266e-01
8.593750000000000000e-02 -8.435882182949843155e-01
8.605957031250000000e-02 -8.431974725198168041e-01
8.618164062500000000e-02 -8.428062307133005193e-01
8.630371093750000000e-02 -8.424144931055932428e-01
8.642578125000000000e-02 -8.420222599271439679e-01
8.654785156250000000e-02 -8.416295314086934543e-01
8.666992187500000000e-02 -8.412363077812736734e-01
8.679199218750000000e-02 -8.408425892762081411e-01
8.691406250000000000e-02 -8.404483761251109186e-01
8.703613281250000000e-02 -8.400536685598880560e-01
8.715820312500000000e-02 -8.396584668127351492e-01
8.728027343750000000e-02 -8.392627711161397830e-01
8.740234375000000000e-02 -8.388665817028790883e-01
8.752441406250000000e-02 -8.384698988060214075e-01
8.764648437500000000e-02 -8.380727226589248513e-01
8.776855468750000000e-02 -8.376750534952382976e-01
8.789062500000000000e-02 -8.372768915488996155e-01
8.801269531250000000e-02 -8.368782370541378857e-01
8.813476562500000000e-02 -8.364790902454708466e-01
8.825683593750000000e-02 -8.360794513577065601e-01
8.837890625000000000e-02 -8.356793206259420792e-01
8.850097656250000000e-02 -8.352786982855642250e-01
8.862304687500000000e-02 -8.348775845722486988e-01
8.874511718750000000e-02 -8.344759797219600816e-01
8.886718750000000000e-02 -8.340738839709523900e-01
8.898925781250000000e-02 -8.336712975557685201e-01
8.911132812500000000e-02 -8.332682207132390273e-01
8.923339843750000000e-02 -8.328646536804842349e-01
8.935546875000000000e-02 -8.324605966949116809e-01
8.947753906250000000e-02 -8.320560499942182275e-01
8.959960937500000000e-02 -8.316510138163878407e-01
8.972167968750000000e-02 -8.312454883996932553e-01
8.984375000000000000e-02 -8.308394739826941988e-01
8.996582031250000000e-02 -8.304329708042388347e-01
9.008789062500000000e-02 -8.300259791034623191e-01
9.020996093750000000e-02 -8.296184991197874670e-01
9.033203125000000000e-02 -8.292105310929243078e-01
9.045410156250000000e-02 -8.288020752628699750e-01
9.057617187500000000e-02 -8.283931318699080393e-01
9.069824218750000000e-02 -8.279837011546099523e-01
9.082031250000000000e-02 -8.275737833578329372e-01
9.094238281250000000e-02 -8.271633787207210986e-01
9.106445312500000000e-02 -8.267524874847049787e-01
9.118652343750000000e-02 -8.263411098915013353e-01
9.130859375000000000e-02 -8.259292461831129195e-01
9.143066406250000000e-02 -8.255168966018286980e-01
9.155273437500000000e-02 -8.251040613902229648e-01
9.167480468750000000e-02 -8.246907407911564514e-01
9.179687500000000000e-02 -8.242769350477746615e-01
9.191894531250000000e-02 -8.238626444035092034e-01
9.204101562500000000e-02 -8.234478691020761243e-01
9.216308593750000000e-02 -8.230326093874775761e-01
9.228515625000000000e-02 -8.226168655039998168e-01
9.240722656250000000e-02 -8.222006376962145424e-01
9.252929687500000000e-02 -8.217839262089772223e-01
9.265136718750000000e-02 -8.213667312874293192e-01
9.277343750000000000e-02 -8.209490531769951804e-01
9.289550781250000000e-02 -8.205308921233847030e-01
9.301757812500000000e-02 -8.201122483725904466e-01
9.313964843750000000e-02 -8.196931221708905202e-01
9.326171875000000000e-02 -8.192735137648454735e-01
9.338378906250000000e-02 -8.188534234013007396e-01
9.350585937500000000e-02 -8.184328513273839700e-01
9.362792968750000000e-02 -8.180117977905074778e-01
9.375000000000000000e-02 -8.175902630383657943e-01
9.387207031250000000e-02 -8.171682473189374463e-01
9.399414062500000000e-02 -8.167457508804827349e-01
9.411621093750000000e-02 -8.163227739715457343e-01
9.423828125000000000e-02 -8.158993168409530705e-01
9.436035156250000000e-02 -8.154753797378135882e-01
9.448242187500000000e-02 -8.150509629115183508e-01
9.460449218750000000e-02 -8.146260666117410842e-01
9.472656250000000000e-02 -8.142006910884369564e-01
9.484863281250000000e-02 -8.137748365918440197e-01
9.497070312500000000e-02 -8.133485033724808799e-01
9.509277343750000000e-02 -8.129216916811488058e-01
9.521484375000000000e-02 -8.124944017689299525e-01
9.533691406250000000e-02 -8.120666338871880274e-01
9.545898437500000000e-02 -8.116383882875677358e-01
9.558105468750000000e-02 -8.112096652219951132e-01
9.570312500000000000e-02 -8.107804649426768595e-01
9.582519531250000000e-02 -8.103507877021002281e-01
9.594726562500000000e-02 -8.099206337530334698e-01
9.606933593750000000e-02 -8.094900033485250557e-01
9.619140625000000000e-02 -8.090588967419036770e-01
9.631347656250000000e-02 -8.086273141867785785e-01
9.643554687500000000e-02 -8.081952559370380040e-01
9.655761718750000000e-02 -8.077627222468513057e-01
9.667968750000000000e-02 -8.073297133706662798e-01
9.680175781250000000e-02 -8.068962295632118309e-01
9.692382812500000000e-02 -8.064622710794943083e-01
9.704589843750000000e-02 -8.060278381748009480e-01
9.716796875000000000e-02 -8.055929311046972074e-01
9.729003906250000000e-02 -8.051575501250278766e-01
9.741210937500000000e-02 -8.047216954919160781e-01
9.753417968750000000e-02 -8.042853674617640447e-01
9.765625000000000000e-02 -8.038485662912522312e-01
9.777832031250000000e-02 -8.034112922373397581e-01
9.790039062500000000e-02 -8.029735455572633018e-01
9.802246093750000000e-02 -8.025353265085384269e-01
9.814453125000000000e-02 -8.020966353489574763e-01
9.826660156250000000e-02 -8.016574723365919031e-01
9.838867187500000000e-02 -8.012178377297893839e-01
9.851074218750000000e-02 -8.007777317871760392e-01
9.863281250000000000e-02 -8.003371547676543241e-01
9.875488281250000000e-02 -7.998961069304049154e-01
9.887695312500000000e-02 -7.994545885348844916e-01
9.899902343750000000e-02 -7.990125998408273977e-01
9.912109375000000000e-02 -7.985701411082437584e-01
9.924316406250000000e-02 -7.981272125974210319e-01
9.936523437500000000e-02 -7.976838145689222337e-01
9.948730468750000000e-02 -7.972399472835871581e-01
9.960937500000000000e-02 -7.967956110025316008e-01
9.973144531250000000e-02 -7.963508059871471367e-01
9.985351562500000000e-02 -7.959055324991010094e-01
9.997558593750000000e-02 -7.954597908003362416e-01
1.000976562500000000e-01 -7.950135811530709695e-01
1.002197265625000000e-01 -7.945669038197992196e-01
1.003417968750000000e-01 -7.941197590632892434e-01
1.004638671875000000e-01 -7.936721471465852940e-01
1.005859375000000000e-01 -7.932240683330056275e-01
1.007080078125000000e-01 -7.927755228861435022e-01
1.008300781250000000e-01 -7.923265110698666236e-01
1.009521484375000000e-01 -7.918770331483171443e-01
1.010742187500000000e-01 -7.914270893859113309e-01
1.011962890625000000e-01 -7.909766800473396753e-01
1.013183593750000000e-01 -7.905258053975658949e-01
1.014404296875000000e-01 -7.900744657018285988e-01
1.015625000000000000e-01 -7.896226612256387334e-01
1.016845703125000000e-01 -7.891703922347814704e-01
1.018066406250000000e-01 -7.887176589953150962e-01
1.019287109375000000e-01 -7.882644617735705683e-01
1.020507812500000000e-01 -7.878108008361526249e-01
1.021728515625000000e-01 -7.873566764499380088e-01
1.022949218750000000e-01 -7.869020888820763560e-01
1.024169921875000000e-01 -7.864470383999899727e-01
1.025390625000000000e-01 -7.859915252713731704e-01
1.026611328125000000e-01 -7.855355497641929308e-01
1.027832031250000000e-01 -7.850791121466873523e-01
1.029052734375000000e-01 -7.846222126873674263e-01
1.030273437500000000e-01 -7.841648516550150383e-01
1.031494140625000000e-01 -7.837070293186839676e-01
1.032714843750000000e-01 -7.832487459476993319e-01
1.033935546875000000e-01 -7.827900018116575875e-01
1.035156250000000000e-01 -7.823307971804254191e-01
1.036376953125000000e-01 -7.818711323241420708e-01
1.037597656250000000e-01 -7.814110075132157940e-01
1.038818359375000000e-01 -7.809504230183266227e-01
1.040039062500000000e-01 -7.804893791104241529e-01
1.041259765625000000e-01 -7.800278760607290973e-01
1.042480468750000000e-01 -7.795659141407311754e-01
1.043701171875000000e-01 -7.791034936221913343e-01
1.044921875000000000e-01 -7.786406147771390840e-01
1.046142578125000000e-01 -7.781772778778746069e-01
1.047363281250000000e-01 -7.777134831969667594e-01
1.048583984375000000e-01 -7.772492310072542931e-01
1.049804687500000000e-01 -7.767845215818443005e-01
1.051025390625000000e-01 -7.763193551941138804e-01
1.052246093750000000e-01 -7.758537321177081392e-01
1.053466796875000000e-01 -7.753876526265414126e-01
1.054687500000000000e-01 -7.749211169947958222e-01
1.055908203125000000e-01 -7.744541254969228294e-01
1.057128906250000000e-01 -7.739866784076407935e-01
1.058349609375000000e-01 -7.735187760019373027e-01
1.059570312500000000e-01 -7.730504185550672869e-01
1.060791015625000000e-01 -7.725816063425532398e-01
1.062011718750000000e-01 -7.721123396401852190e-01
1.063232421875000000e-01 -7.716426187240210677e-01
1.064453125000000000e-01 -7.711724438703848605e-01
1.065673828125000000e-01 -7.707018153558691242e-01
1.066894531250000000e-01 -7.702307334573317288e-01
1.068115234375000000e-01 -7.697591984518987740e-01
1.069335937500000000e-01 -7.692872106169615920e-01
1.070556640625000000e-01 -7.688147702301787456e-01
1.071777343750000000e-01 -7.683418775694745850e-01
1.072998046875000000e-01 -7.678685329130396919e-01
1.074218750000000000e-01 -7.673947365393306574e-01
1.075439453125000000e-01 -7.669204887270696380e-01
1.076660156250000000e-01 -7.664457897552442445e-01
1.077880859375000000e-01 -7.659706399031079860e-01
1.079101562500000000e-01 -7.654950394501789379e-01
1.080322265625000000e-01 -7.650189886762408520e-01
1.081542968750000000e-01 -7.645424878613418240e-01
1.082763671875000000e-01 -7.640655372857954042e-01
1.083984375000000000e-01 -7.635881372301789316e-01
1.085205078125000000e-01 -7.631102879753349777e-01
1.086425781250000000e-01 -7.626319898023694588e-01
1.087646484375000000e-01 -7.621532429926533014e-01
1.088867187500000000e-01 -7.616740478278205551e-01
1.090087890625000000e-01 -7.611944045897698352e-01
1.091308593750000000e-01 -7.607143135606624362e-01
1.092529296875000000e-01 -7.602337750229237745e-01
1.093750000000000000e-01 -7.597527892592423893e-01
1.094970703125000000e-01 -7.592713565525696096e-01
1.096191406250000000e-01 -7.587894771861198873e-01
1.097412109375000000e-01 -7.583071514433705751e-01
1.098632812500000000e-01 -7.578243796080614825e-01
1.099853515625000000e-01 -7.573411619641947645e-01
1.101074218750000000e-01 -7.568574987960349221e-01
1.102294921875000000e-01 -7.563733903881085796e-01
1.103515625000000000e-01 -7.558888370252041522e-01
1.104736328125000000e-01 -7.554038389923720676e-01
1.105957031250000000e-01 -7.549183965749237668e-01
1.107177734375000000e-01 -7.544325100584330368e-01
1.108398437500000000e-01 -7.539461797287341227e-01
1.109619140625000000e-01 -7.534594058719228382e-01
1.110839843750000000e-01 -7.529721887743552333e-01
1.112060546875000000e-01 -7.524845287226491486e-01
1.113281250000000000e-01 -7.519964260036819947e-01
1.114501953125000000e-01 -7.515078809045923069e-01
1.115722656250000000e-01 -7.510188937127781905e-01
1.116943359375000000e-01 -7.505294647158986532e-01
1.118164062500000000e-01 -7.500395942018720508e-01
1.119384765625000000e-01 -7.495492824588766423e-01
1.120605468750000000e-01 -7.490585297753498129e-01
1.121826171875000000e-01 -7.485673364399892948e-01
1.123046875000000000e-01 -7.480757027417508365e-01
1.124267578125000000e-01 -7.475836289698505333e-01
1.125488281250000000e-01 -7.470911154137620525e-01
1.126708984375000000e-01 -7.465981623632189645e-01
1.127929687500000000e-01 -7.461047701082125228e-01
1.129150390625000000e-01 -7.456109389389929953e-01
1.130371093750000000e-01 -7.451166691460680003e-01
1.131591796875000000e-01 -7.446219610202043926e-01
1.132812500000000000e-01 -7.441268148524255999e-01
1.134033203125000000e-01 -7.436312309340138427e-01
1.135253906250000000e-01 -7.431352095565081362e-01
1.136474609375000000e-01 -7.426387510117050672e-01
1.137695312500000000e-01 -7.421418555916583504e-01
1.138916015625000000e-01 -7.416445235886791609e-01
1.140136718750000000e-01 -7.411467552953345805e-01
1.141357421875000000e-01 -7.406485510044491516e-01
1.142578125000000000e-01 -7.401499110091034339e-01
1.143798828125000000e-01 -7.396508356026347819e-01
1.145019531250000000e-01 -7.391513250786361233e-01
1.146240234375000000e-01 -7.386513797309568474e-01
1.147460937500000000e-01 -7.381509998537015838e-01
1.148681640625000000e-01 -7.376501857412314234e-01
1.149902343750000000e-01 -7.371489376881619204e-01
1.151123046875000000e-01 -7.366472559893646466e-01
1.152343750000000000e-01 -7.361451409399661916e-01
1.153564453125000000e-01 -7.356425928353473864e-01
1.154785156250000000e-01 -7.351396119711447463e-01
1.156005859375000000e-01 -7.346361986432489166e-01
1.157226562500000000e-01 -7.341323531478047837e-01
1.158447265625000000e-01 -7.336280757812121411e-01
1.159667968750000000e-01 -7.331233668401236914e-01
1.160888671875000000e-01 -7.326182266214471550e-01
1.162109375000000000e-01 -7.321126554223433835e-01
1.163330078125000000e-01 -7.316066535402269144e-01
1.164550781250000000e-01 -7.311002212727655269e-01
1.165771484375000000e-01 -7.305933589178803533e-01
1.166992187500000000e-01 -7.300860667737454346e-01
1.168212890625000000e-01 -7.295783451387879426e-01
1.169433593750000000e-01 -7.290701943116868478e-01
1.170654296875000000e-01 -7.285616145913748065e-01
1.171875000000000000e-01 -7.280526062770356077e-01
1.173095703125000000e-01 -7.275431696681061711e-01
1.174316406250000000e-01 -7.270333050642747708e-01
1.175537109375000000e-01 -7.265230127654814796e-01
1.176757812500000000e-01 -7.260122930719183909e-01
1.177978515625000000e-01 -7.255011462840285086e-01
1.179199218750000000e-01 -7.249895727025064129e-01
1.180419921875000000e-01 -7.244775726282977057e-01
1.181640625000000000e-01 -7.239651463625986771e-01
1.182861328125000000e-01 -7.234522942068566387e-01
1.184082031250000000e-01 -7.229390164627691462e-01
1.185302734375000000e-01 -7.224253134322845549e-01
1.186523437500000000e-01 -7.219111854176007981e-01
1.187744140625000000e-01 -7.213966327211664975e-01
1.188964843750000000e-01 -7.208816556456794089e-01
1.190185546875000000e-01 -7.203662544940875323e-01
1.191406250000000000e-01 -7.198504295695876687e-01
1.192626953125000000e-01 -7.193341811756269744e-01
1.193847656250000000e-01 -7.188175096159004074e-01
1.195068359375000000e-01 -7.183004151943530591e-01
1.196289062500000000e-01 -7.177828982151781556e-01
1.197509765625000000e-01 -7.172649589828175021e-01
1.198730468750000000e-01 -7.167465978019613715e-01
1.199951171875000000e-01 -7.162278149775481717e-01
1.201171875000000000e-01 -7.157086108147646675e-01
1.202392578125000000e-01 -7.151889856190454253e-01
1.203613281250000000e-01 -7.146689396960721474e-01
1.204833984375000000e-01 -7.141484733517748928e-01
1.206054687500000000e-01 -7.136275868923303012e-01
1.207275390625000000e-01 -7.131062806241625918e-01
1.208496093750000000e-01 -7.125845548539427865e-01
1.209716796875000000e-01 -7.120624098885885989e-01
1.210937500000000000e-01 -7.115398460352646559e-01
1.212158203125000000e-01 -7.110168636013818322e-01
1.213378906250000000e-01 -7.104934628945969166e-01
1.214599609375000000e-01 -7.099696442228131676e-01
1.215820312500000000e-01 -7.094454078941798691e-01
1.217041015625000000e-01 -7.089207542170916643e-01
1.218261718750000000e-01 -7.083956835001884444e-01
1.219482421875000000e-01 -7.078701960523561265e-01
1.220703125000000000e-01 -7.073442921827253205e-01
1.221923828125000000e-01 -7.068179722006718846e-01
1.223144531250000000e-01 -7.062912364158160372e-01
1.224365234375000000e-01 -7.057640851380231339e-01
1.225585937500000000e-01 -7.052365186774024464e-01
1.226806640625000000e-01 -7.047085373443078282e-01
1.228027343750000000e-01 -7.041801414493371603e-01
1.229248046875000000e-01 -7.036513313033321282e-01
1.230468750000000000e-01 -7.031221072173778897e-01
1.231689453125000000e-01 -7.025924695028037403e-01
1.232910156250000000e-01 -7.020624184711815596e-01
1.234130859375000000e-01 -7.015319544343268099e-01
1.235351562500000000e-01 -7.010010777042979813e-01
1.236572265625000000e-01 -7.004697885933960366e-01
1.237792968750000000e-01 -6.999380874141645226e-01
1.239013671875000000e-01 -6.994059744793899025e-01
1.240234375000000000e-01 -6.988734501021001133e-01
1.241455078125000000e-01 -6.983405145955658977e-01
1.242675781250000000e-01 -6.978071682732989167e-01
1.243896484375000000e-01 -6.972734114490537483e-01
1.245117187500000000e-01 -6.967392444368254445e-01
1.246337890625000000e-01 -6.962046675508508642e-01
1.247558593750000000e-01 -6.956696811056073404e-01
1.248779296875000000e-01 -6.951342854158142348e-01
1.250000000000000000e-01 -6.945984807964307173e-01
1.251220703125000000e-01 -6.940622675626568761e-01
1.252441406250000000e-01 -6.935256460299330517e-01
1.253662109375000000e-01 -6.929886165139400589e-01
1.254882812500000000e-01 -6.924511793305984098e-01
1.256103515625000000e-01 -6.919133347960687574e-01
1.257324218750000000e-01 -6.913750832267507862e-01
1.258544921875000000e-01 -6.908364249392843215e-01
1.259765625000000000e-01 -6.902973602505479978e-01
1.260986328125000000e-01 -6.897578894776599245e-01
1.262207031250000000e-01 -6.892180129379764653e-01
1.263427734375000000e-01 -6.886777309490934584e-01
1.264648437500000000e-01 -6.881370438288446634e-01
1.265869140625000000e-01 -6.875959518953026484e-01
1.267089843750000000e-01 -6.870544554667773474e-01
1.268310546875000000e-01 -6.865125548618177254e-01
1.269531250000000000e-01 -6.859702503992095579e-01
1.270751953125000000e-01 -6.854275423979766524e-01
1.271972656250000000e-01 -6.848844311773802929e-01
1.273193359375000000e-01 -6.843409170569186850e-01
1.274414062500000000e-01 -6.837970003563272892e-01
1.275634765625000000e-01 -6.832526813955783762e-01
1.276855468750000000e-01 -6.827079604948804725e-01
1.278076171875000000e-01 -6.821628379746789150e-01
1.279296875000000000e-01 -6.816173141556554071e-01
1.280517578125000000e-01 -6.810713893587275747e-01
1.281738281250000000e-01 -6.805250639050485217e-01
1.282958984375000000e-01 -6.799783381160080520e-01
1.284179687500000000e-01 -6.794312123132302261e-01
1.285400390625000000e-01 -6.788836868185755824e-01
1.286621093750000000e-01 -6.783357619541389161e-01
1.287841796875000000e-01 -6.777874380422505007e-01
1.289062500000000000e-01 -6.772387154054749780e-01
1.290283203125000000e-01 -6.766895943666121349e-01
1.291503906250000000e-01 -6.761400752486951271e-01
1.292724609375000000e-01 -6.755901583749923667e-01
1.293945312500000000e-01 -6.750398440690056345e-01
1.295166015625000000e-01 -6.744891326544707466e-01
1.296386718750000000e-01 -6.739380244553567767e-01
1.297607421875000000e-01 -6.733865197958668336e-01
1.298828125000000000e-01 -6.728346190004365068e-01
1.300048828125000000e-01 -6.722823223937351989e-01
1.301269531250000000e-01 -6.717296303006645708e-01
1.302490234375000000e-01 -6.711765430463590976e-01
1.303710937500000000e-01 -6.706230609561858458e-01
1.304931640625000000e-01 -6.700691843557441407e-01
1.306152343750000000e-01 -6.695149135708652333e-01
1.307373046875000000e-01 -6.689602489276122999e-01
1.308593750000000000e-01 -6.684051907522803315e-01
1.309814453125000000e-01 -6.678497393713956898e-01
1.311035156250000000e-01 -6.672938951117162176e-01
1.312255859375000000e-01 -6.667376583002305734e-01
1.313476562500000000e-01 -6.661810292641587861e-01
1.314697265625000000e-01 -6.656240083309513667e-01
1.315917968750000000e-01 -6.650665958282890866e-01
1.317138671875000000e-01 -6.645087920840835327e-01
1.318359375000000000e-01 -6.639505974264763299e-01
1.319580078125000000e-01 -6.633920121838391415e-01
1.320800781250000000e-01 -6.628330366847728916e-01
1.322021484375000000e-01 -6.622736712581087648e-01
1.323242187500000000e-01 -6.617139162329069846e-01
1.324462890625000000e-01 -6.611537719384570355e-01
1.325683593750000000e-01 -6.605932387042771081e-01
1.326904296875000000e-01 -6.600323168601148760e-01
1.328125000000000000e-01 -6.594710067359457195e-01
1.329345703125000000e-01 -6.589093086619745021e-01
1.330566406250000000e-01 -6.583472229686332389e-01
1.331787109375000000e-01 -6.577847499865826508e-01
1.333007812500000000e-01 -6.572218900467111657e-01
1.334228515625000000e-01 -6.566586434801348071e-01
1.335449218750000000e-01 -6.560950106181968611e-01
1.336669921875000000e-01 -6.555309917924679874e-01
1.337890625000000000e-01 -6.549665873347461087e-01
1.339111328125000000e-01 -6.544017975770557438e-01
1.340332031250000000e-01 -6.538366228516481193e-01
1.341552734375000000e-01 -6.532710634910010583e-01
1.342773437500000000e-01 -6.527051198278185362e-01
1.343994140625000000e-01 -6.521387921950304589e-01
1.345214843750000000e-01 -6.515720809257931068e-01
1.346435546875000000e-01 -6.510049863534878023e-01
1.347656250000000000e-01 -6.504375088117216874e-01
1.348876953125000000e-01 -6.498696486343276124e-01
1.350097656250000000e-01 -6.493014061553624705e-01
1.351318359375000000e-01 -6.487327817091090854e-01
1.352539062500000000e-01 -6.481637756300745457e-01
1.353759765625000000e-01 -6.475943882529904272e-01
1.354980468750000000e-01 -6.470246199128124598e-01
1.356201171875000000e-01 -6.464544709447209714e-01
1.357421875000000000e-01 -6.458839416841194447e-01
1.358642578125000000e-01 -6.453130324666362938e-01
1.359863281250000000e-01 -6.447417436281218661e-01
1.361083984375000000e-01 -6.441700755046513294e-01
1.362304687500000000e-01 -6.435980284325218959e-01
1.363525390625000000e-01 -6.430256027482544878e-01
1.364746093750000000e-01 -6.424527987885919611e-01
1.365966796875000000e-01 -6.418796168905004373e-01
1.367187500000000000e-01 -6.413060573911679718e-01
1.368408203125000000e-01 -6.407321206280048864e-01
1.369628906250000000e-01 -6.401578069386432146e-01
1.370849609375000000e-01 -6.395831166609370344e-01
1.372070312500000000e-01 -6.390080501329619134e-01
1.373291015625000000e-01 -6.384326076930146865e-01
1.374511718750000000e-01 -6.378567896796129011e-01
1.375732421875000000e-01 -6.372805964314959271e-01
1.376953125000000000e-01 -6.367040282876232915e-01
1.378173828125000000e-01 -6.361270855871751229e-01
1.379394531250000000e-01 -6.355497686695519288e-01
1.380615234375000000e-01 -6.349720778743743743e-01
1.381835937500000000e-01 -6.343940135414831705e-01
1.383056640625000000e-01 -6.338155760109387415e-01
1.384277343750000000e-01 -6.332367656230205588e-01
1.385498046875000000e-01 -6.326575827182282508e-01
1.386718750000000000e-01 -6.320780276372800488e-01
1.387939453125000000e-01 -6.314981007211134534e-01
1.389160156250000000e-01 -6.309178023108842348e-01
1.390380859375000000e-01 -6.303371327479673214e-01
1.391601562500000000e-01 -6.297560923739554672e-01
1.392822265625000000e-01 -6.291746815306598073e-01
1.394042968750000000e-01 -6.285929005601093023e-01
1.395263671875000000e-01 -6.280107498045507386e-01
1.396484375000000000e-01 -6.274282296064483955e-01
1.397705078125000000e-01 -6.268453403084840447e-01
1.398925781250000000e-01 -6.262620822535559517e-01
1.400146484375000000e-01 -6.256784557847804296e-01
1.401367187500000000e-01 -6.250944612454896188e-01
1.402587890625000000e-01 -6.245100989792324864e-01
1.403808593750000000e-01 -6.239253693297741599e-01
1.405029296875000000e-01 -6.233402726410961492e-01
1.406250000000000000e-01 -6.227548092573957916e-01
1.407470703125000000e-01 -6.221689795230861408e-01
1.408691406250000000e-01 -6.215827837827955227e-01
1.409912109375000000e-01 -6.209962223813680904e-01
1.411132812500000000e-01 -6.204092956638626033e-01
1.412353515625000000e-01 -6.198220039755530930e-01
1.413574218750000000e-01 -6.192343476619277531e-01
1.414794921875000000e-01 -6.186463270686900495e-01
1.416015625000000000e-01 -6.180579425417571660e-01
1.417236328125000000e-01 -6.174691944272606703e-01
1.418457031250000000e-01 -6.168800830715458483e-01
1.419677734375000000e-01 -6.162906088211715927e-01
1.420898437500000000e-01 -6.157007720229106251e-01
1.422119140625000000e-01 -6.151105730237487190e-01
1.423339843750000000e-01 -6.145200121708845886e-01
1.424560546875000000e-01 -6.139290898117302220e-01
1.425781250000000000e-01 -6.133378062939095487e-01
1.427001953125000000e-01 -6.127461619652598834e-01
1.428222656250000000e-01 -6.121541571738302601e-01
1.429443359375000000e-01 -6.115617922678817653e-01
1.430664062500000000e-01 -6.109690675958874273e-01
1.431884765625000000e-01 -6.103759835065318828e-01
1.433105468750000000e-01 -6.097825403487112661e-01
1.434326171875000000e-01 -6.091887384715328757e-01
1.435546875000000000e-01 -6.085945782243149527e-01
1.436767578125000000e-01 -6.080000599565869024e-01
1.437988281250000000e-01 -6.074051840180881845e-01
1.439208984375000000e-01 -6.068099507587693120e-01
1.440429687500000000e-01 -6.062143605287902970e-01
1.441650390625000000e-01 -6.056184136785220939e-01
1.442871093750000000e-01 -6.050221105585442682e-01
1.444091796875000000e-01 -6.044254515196469946e-01
1.445312500000000000e-01 -6.038284369128291695e-01
1.446533203125000000e-01 -6.032310670892994109e-01
1.447753906250000000e-01 -6.026333424004746142e-01
1.448974609375000000e-01 -6.020352631979809521e-01
1.450195312500000000e-01 -6.014368298336532082e-01
1.451416015625000000e-01 -6.008380426595341106e-01
1.452636718750000000e-01 -6.002389020278747767e-01
1.453857421875000000e-01 -5.996394082911340462e-01
1.455078125000000000e-01 -5.990395618019790369e-01
1.456298828125000000e-01 -5.984393629132834791e-01
1.457519531250000000e-01 -5.978388119781293808e-01
1.458740234375000000e-01 -5.972379093498050295e-01
1.459960937500000000e-01 -5.966366553818061025e-01
1.461181640625000000e-01 -5.960350504278350003e-01
1.462402343750000000e-01 -5.954330948418001812e-01
1.463623046875000000e-01 -5.948307889778164936e-01
1.464843750000000000e-01 -5.942281331902052877e-01
1.466064453125000000e-01 -5.936251278334933046e-01
1.467285156250000000e-01 -5.930217732624128990e-01
1.468505859375000000e-01 -5.924180698319022609e-01
1.469726562500000000e-01 -5.918140178971044163e-01
1.470947265625000000e-01 -5.912096178133677826e-01
1.472167968750000000e-01 -5.906048699362449472e-01
1.473388671875000000e-01 -5.899997746214937777e-01
1.474609375000000000e-01 -5.893943322250762007e-01
1.475830078125000000e-01 -5.887885431031584238e-01
1.477050781250000000e-01 -5.881824076121104916e-01
1.478271484375000000e-01 -5.875759261085063967e-01
1.479492187500000000e-01 -5.869690989491236355e-01
1.480712890625000000e-01 -5.863619264909427642e-01
1.481933593750000000e-01 -5.857544090911479540e-01
1.483154296875000000e-01 -5.851465471071257696e-01
1.484375000000000000e-01 -5.845383408964658356e-01
1.485595703125000000e-01 -5.839297908169603923e-01
1.486816406250000000e-01 -5.833208972266035186e-01
1.488037109375000000e-01 -5.827116604835917979e-01
1.489257812500000000e-01 -5.821020809463235413e-01
1.490478515625000000e-01 -5.814921589733985652e-01
1.491699218750000000e-01 -5.808818949236181917e-01
1.492919921875000000e-01 -5.802712891559851371e-01
1.494140625000000000e-01 -5.796603420297030684e-01
1.495361328125000000e-01 -5.790490539041764917e-01
1.496582031250000000e-01 -5.784374251390101973e-01
1.497802734375000000e-01 -5.778254560940100371e-01
1.499023437500000000e-01 -5.772131471291813698e-01
1.500244140625000000e-01 -5.766004986047297276e-01
1.501464843750000000e-01 -5.759875108810605937e-01
1.502685546875000000e-01 -5.753741843187786253e-01
1.503906250000000000e-01 -5.747605192786883199e-01
1.505126953125000000e-01 -5.741465161217929047e-01
1.506347656250000000e-01 -5.735321752092945591e-01
1.507568359375000000e-01 -5.729174969025944142e-01
1.508789062500000000e-01 -5.723024815632916651e-01
1.510009765625000000e-01 -5.716871295531842367e-01
1.511230468750000000e-01 -5.710714412342674517e-01
1.512451171875000000e-01 -5.704554169687352516e-01
1.513671875000000000e-01 -5.698390571189785314e-01
1.514892578125000000e-01 -5.692223620475863610e-01
1.516113281250000000e-01 -5.686053321173439867e-01
1.517333984375000000e-01 -5.679879676912349407e-01
1.518554687500000000e-01 -5.673702691324380432e-01
1.519775390625000000e-01 -5.667522368043299563e-01
1.520996093750000000e-01 -5.661338710704828525e-01
1.522216796875000000e-01 -5.655151722946656356e-01
1.523437500000000000e-01 -5.648961408408428309e-01
1.524658203125000000e-01 -5.642767770731744736e-01
1.525878906250000000e-01 -5.636570813560164428e-01
1.527099609375000000e-01 -5.630370540539196833e-01
1.528320312500000000e-01 -5.624166955316304284e-01
1.529541015625000000e-01 -5.617960061540897554e-01
1.530761718750000000e-01 -5.611749862864326976e-01
1.531982421875000000e-01 -5.605536362939896877e-01
1.533203125000000000e-01 -5.599319565422848921e-01
1.534423828125000000e-01 -5.593099473970363222e-01
1.535644531250000000e-01 -5.586876092241559455e-01
1.536865234375000000e-01 -5.580649423897493522e-01
1.538085937500000000e-01 -5.574419472601153114e-01
1.539306640625000000e-01 -5.568186242017462151e-01
1.540527343750000000e-01 -5.561949735813263018e-01
1.541748046875000000e-01 -5.555709957657335440e-01
1.542968750000000000e-01 -5.549466911220377607e-01
1.544189453125000000e-01 -5.543220600175019497e-01
1.545410156250000000e-01 -5.536971028195795119e-01
1.546630859375000000e-01 -5.530718198959174714e-01
1.547851562500000000e-01 -5.524462116143533663e-01
1.549072265625000000e-01 -5.518202783429164704e-01
1.550292968750000000e-01 -5.511940204498271267e-01
1.551513671875000000e-01 -5.505674383034967478e-01
1.552734375000000000e-01 -5.499405322725273715e-01
1.553955078125000000e-01 -5.493133027257119938e-01
1.555175781250000000e-01 -5.486857500320331260e-01
1.556396484375000000e-01 -5.480578745606641267e-01
1.557617187500000000e-01 -5.474296766809679804e-01
1.558837890625000000e-01 -5.468011567624974090e-01
1.560058593750000000e-01 -5.461723151749940941e-01
1.561279296875000000e-01 -5.455431522883896767e-01
1.562500000000000000e-01 -5.449136684728044244e-01
1.563720703125000000e-01 -5.442838640985474541e-01
1.564941406250000000e-01 -5.436537395361161762e-01
1.566162109375000000e-01 -5.430232951561970722e-01
1.567382812500000000e-01 -5.423925313296640294e-01
1.568603515625000000e-01 -5.417614484275794506e-01
1.569824218750000000e-01 -5.411300468211927006e-01
1.571044921875000000e-01 -5.404983268819413267e-01
1.572265625000000000e-01 -5.398662889814500598e-01
1.573486328125000000e-01 -5.392339334915301485e-01
1.574707031250000000e-01 -5.386012607841802469e-01
1.575927734375000000e-01 -5.379682712315854154e-01
1.577148437500000000e-01 -5.373349652061171211e-01
1.578369140625000000e-01 -5.367013430803329044e-01
1.579589843750000000e-01 -5.360674052269763790e-01
1.580810546875000000e-01 -5.354331520189767879e-01
1.582031250000000000e-01 -5.347985838294488925e-01
1.583251953125000000e-01 -5.341637010316930834e-01
1.584472656250000000e-01 -5.335285039991941591e-01
1.585693359375000000e-01 -5.328929931056226588e-01
1.586914062500000000e-01 -5.322571687248329741e-01
1.588134765625000000e-01 -5.316210312308642383e-01
1.589355468750000000e-01 -5.309845809979396591e-01
1.590576171875000000e-01 -5.303478184004667417e-01
1.591796875000000000e-01 -5.297107438130360668e-01
1.593017578125000000e-01 -5.290733576104229563e-01
1.594238281250000000e-01 -5.284356601675843645e-01
1.595458984375000000e-01 -5.277976518596619870e-01
1.596679687500000000e-01 -5.271593330619794848e-01
1.597900390625000000e-01 -5.265207041500432616e-01
1.599121093750000000e-01 -5.258817654995421309e-01
1.600341796875000000e-01 -5.252425174863476487e-01
1.601562500000000000e-01 -5.246029604865124485e-01
1.602783203125000000e-01 -5.239630948762720175e-01
1.604003906250000000e-01 -5.233229210320422542e-01
1.605224609375000000e-01 -5.226824393304212446e-01
1.606445312500000000e-01 -5.220416501481877081e-01
1.607666015625000000e-01 -5.214005538623016633e-01
1.608886718750000000e-01 -5.207591508499033184e-01
1.610107421875000000e-01 -5.201174414883135144e-01
1.611328125000000000e-01 -5.194754261550333929e-01
1.612548828125000000e-01 -5.188331052277441735e-01
1.613769531250000000e-01 -5.181904790843064879e-01
1.614990234375000000e-01 -5.175475481027609348e-01
1.616210937500000000e-01 -5.169043126613270811e-01
1.617431640625000000e-01 -5.162607731384040166e-01
1.618652343750000000e-01 -5.156169299125691330e-01
1.619873046875000000e-01 -5.149727833625789009e-01
1.621093750000000000e-01 -5.143283338673683147e-01
1.622314453125000000e-01 -5.136835818060501158e-01
1.623535156250000000e-01 -5.130385275579156801e-01
1.624755859375000000e-01 -5.123931715024335753e-01
1.625976562500000000e-01 -5.117475140192502270e-01
1.627197265625000000e-01 -5.111015554881893630e-01
1.628417968750000000e-01 -5.104552962892515700e-01
1.629638671875000000e-01 -5.098087368026144039e-01
1.630859375000000000e-01 -5.091618774086325017e-01
1.632080078125000000e-01 -5.085147184878364701e-01
1.633300781250000000e-01 -5.078672604209328867e-01
1.634521484375000000e-01 -5.072195035888050763e-01
1.635742187500000000e-01 -5.065714483725114459e-01
1.636962890625000000e-01 -5.059230951532863729e-01
1.638183593750000000e-01 -5.052744443125390950e-01
1.639404296875000000e-01 -5.046254962318544868e-01
1.640625000000000000e-01 -5.039762512929917282e-01
1.641845703125000000e-01 -5.033267098778851922e-01
1.643066406250000000e-01 -5.026768723686430018e-01
1.644287109375000000e-01 -5.020267391475478069e-01
1.645507812500000000e-01 -5.013763105970566736e-01
1.646728515625000000e-01 -5.007255870997997516e-01
1.647949218750000000e-01 -5.000745690385807185e-01
1.649169921875000000e-01 -4.994232567963768910e-01
1.650390625000000000e-01 -4.987716507563383916e-01
1.651611328125000000e-01 -4.981197513017884271e-01
1.652832031250000000e-01 -4.974675588162223994e-01
1.654052734375000000e-01 -4.968150736833085723e-01
1.655273437500000000e-01 -4.961622962868871833e-01
1.656494140625000000e-01 -4.955092270109700547e-01
1.657714843750000000e-01 -4.948558662397413155e-01
1.658935546875000000e-01 -4.942022143575560134e-01
1.660156250000000000e-01 -4.935482717489408921e-01
1.661376953125000000e-01 -4.928940387985936145e-01
1.662597656250000000e-01 -4.922395158913822066e-01
1.663818359375000000e-01 -4.915847034123460579e-01
1.665039062500000000e-01 -4.909296017466942552e-01
1.666259765625000000e-01 -4.902742112798063601e-01
1.667480468750000000e-01 -4.896185323972315206e-01
1.668701171875000000e-01 -4.889625654846887493e-01
1.669921875000000000e-01 -4.883063109280665892e-01
1.671142578125000000e-01 -4.876497691134228929e-01
1.672363281250000000e-01 -4.869929404269837114e-01
1.673583984375000000e-01 -4.863358252551449046e-01
1.674804687500000000e-01 -4.856784239844703088e-01
1.676025390625000000e-01 -4.850207370016921815e-01
1.677246093750000000e-01 -4.843627646937105902e-01
1.678466796875000000e-01 -4.837045074475939122e-01
1.679687500000000000e-01 -4.830459656505780019e-01
1.680908203125000000e-01 -4.823871396900658581e-01
1.682128906250000000e-01 -4.817280299536277344e-01
1.683349609375000000e-01 -4.810686368290010284e-01
1.684570312500000000e-01 -4.804089607040898380e-01
1.685791015625000000e-01 -4.797490019669646277e-01
1.687011718750000000e-01 -4.790887610058618407e-01
1.688232421875000000e-01 -4.784282382091845642e-01
1.689453125000000000e-01 -4.777674339655010316e-01
1.690673828125000000e-01 -4.771063486635456763e-01
1.691894531250000000e-01 -4.764449826922176334e-01
1.693115234375000000e-01 -4.757833364405816834e-01
1.694335937500000000e-01 -4.751214102978671416e-01
1.695556640625000000e-01 -4.744592046534681917e-01
1.696777343750000000e-01 -4.737967198969434413e-01
1.697998046875000000e-01 -4.731339564180153112e-01
1.699218750000000000e-01 -4.724709146065705356e-01
1.700439453125000000e-01 -4.718075948526599950e-01
1.701660156250000000e-01 -4.711439975464968843e-01
1.702880859375000000e-01 -4.704801230784589894e-01
1.704101562500000000e-01 -4.698159718390864104e-01
1.705322265625000000e-01 -4.691515442190820617e-01
1.706542968750000000e-01 -4.684868406093116722e-01
1.707763671875000000e-01 -4.678218614008031739e-01
1.708984375000000000e-01 -4.671566069847469249e-01
1.710205078125000000e-01 -4.664910777524948760e-01
1.711425781250000000e-01 -4.658252740955602933e-01
1.712646484375000000e-01 -4.651591964056189799e-01
1.713867187500000000e-01 -4.644928450745068882e-01
1.715087890625000000e-01 -4.638262204942216194e-01
1.716308593750000000e-01 -4.631593230569208686e-01
1.717529296875000000e-01 -4.624921531549234799e-01
1.718750000000000000e-01 -4.618247111807082250e-01
1.719970703125000000e-01 -4.611569975269140809e-01
1.721191406250000000e-01 -4.604890125863395633e-01
1.722412109375000000e-01 -4.598207567519433381e-01
1.723632812500000000e-01 -4.591522304168429436e-01
1.724853515625000000e-01 -4.584834339743151799e-01
1.726074218750000000e-01 -4.578143678177957199e-01
1.727294921875000000e-01 -4.571450323408791094e-01
1.728515625000000000e-01 -4.564754279373179346e-01
1.729736328125000000e-01 -4.558055550010234880e-01
1.730957031250000000e-01 -4.551354139260644360e-01
1.732177734375000000e-01 -4.544650051066676522e-01
1.733398437500000000e-01 -4.537943289372175504e-01
1.734619140625000000e-01 -4.531233858122555302e-01
1.735839843750000000e-01 -4.524521761264799768e-01
1.737060546875000000e-01 -4.517807002747464273e-01
1.738281250000000000e-01 -4.511089586520667938e-01
1.739501953125000000e-01 -4.504369516536092521e-01
1.740722656250000000e-01 -4.497646796746984643e-01
1.741943359375000000e-01 -4.490921431108143014e-01
1.743164062500000000e-01 -4.484193423575932869e-01
1.744384765625000000e-01 -4.477462778108263208e-01
1.745605468750000000e-01 -4.470729498664601231e-01
1.746826171875000000e-01 -4.463993589205959012e-01
1.748046875000000000e-01 -4.457255053694901825e-01
1.749267578125000000e-01 -4.450513896095535382e-01
1.750488281250000000e-01 -4.443770120373506383e-01
1.751708984375000000e-01 -4.437023730496010288e-01
1.752929687500000000e-01 -4.430274730431769115e-01
1.754150390625000000e-01 -4.423523124151049202e-01
1.755371093750000000e-01 -4.416768915625643444e-01
1.756591796875000000e-01 -4.410012108828879618e-01
1.757812500000000000e-01 -4.403252707735614280e-01
1.759033203125000000e-01 -4.396490716322228876e-01
1.760253906250000000e-01 -4.389726138566628078e-01
1.761474609375000000e-01 -4.382958978448238674e-01
1.762695312500000000e-01 -4.376189239948006793e-01
1.763916015625000000e-01 -4.369416927048394572e-01
1.765136718750000000e-01 -4.362642043733380159e-01
1.766357421875000000e-01 -4.355864593988452715e-01
1.767578125000000000e-01 -4.349084581800610194e-01
1.768798828125000000e-01 -4.342302011158361008e-01
1.770019531250000000e-01 -4.335516886051715146e-01
1.771240234375000000e-01 -4.328729210472185285e-01
1.772460937500000000e-01 -4.321938988412791782e-01
1.773681640625000000e-01 -4.315146223868042141e-01
1.774902343750000000e-01 -4.308350920833945996e-01
1.776123046875000000e-01 -4.301553083308005121e-01
1.777343750000000000e-01 -4.294752715289213985e-01
1.778564453125000000e-01 -4.287949820778049759e-01
1.779785156250000000e-01 -4.281144403776484531e-01
1.781005859375000000e-01 -4.274336468287966428e-01
1.782226562500000000e-01 -4.267526018317432945e-01
1.783447265625000000e-01 -4.260713057871290954e-01
1.784667968750000000e-01 -4.253897590957431696e-01
1.785888671875000000e-01 -4.247079621585219122e-01
1.787109375000000000e-01 -4.240259153765489342e-01
1.788330078125000000e-01 -4.233436191510548396e-01
1.789550781250000000e-01 -4.226610738834165604e-01
1.790771484375000000e-01 -4.219782799751582991e-01
1.791992187500000000e-01 -4.212952378279499199e-01
1.793212890625000000e-01 -4.206119478436076142e-01
1.794433593750000000e-01 -4.199284104240931237e-01
1.795654296875000000e-01 -4.192446259715140733e-01
1.796875000000000000e-01 -4.185605948881230831e-01
1.798095703125000000e-01 -4.178763175763182125e-01
1.799316406250000000e-01 -4.171917944386419608e-01
1.800537109375000000e-01 -4.165070258777817669e-01
1.801757812500000000e-01 -4.158220122965693988e-01
1.802978515625000000e-01 -4.151367540979805648e-01
1.804199218750000000e-01 -4.144512516851350803e-01
1.805419921875000000e-01 -4.137655054612962569e-01
1.806640625000000000e-01 -4.130795158298710690e-01
1.807861328125000000e-01 -4.123932831944095434e-01
1.809082031250000000e-01 -4.117068079586044260e-01
1.810302734375000000e-01 -4.110200905262917925e-01
1.811523437500000000e-01 -4.103331313014494386e-01
1.812744140625000000e-01 -4.096459306881980456e-01
1.813964843750000000e-01 -4.089584890907999037e-01
1.815185546875000000e-01 -4.082708069136591345e-01
1.816406250000000000e-01 -4.075828845613214679e-01
1.817626953125000000e-01 -4.068947224384741879e-01
1.818847656250000000e-01 -4.062063209499449101e-01
1.820068359375000000e-01 -4.055176805007026930e-01
1.821289062500000000e-01 -4.048288014958571490e-01
1.822509765625000000e-01 -4.041396843406578898e-01
1.823730468750000000e-01 -4.034503294404945817e-01
1.824951171875000000e-01 -4.027607372008972231e-01
1.826171875000000000e-01 -4.020709080275350344e-01
1.827392578125000000e-01 -4.013808423262169023e-01
1.828613281250000000e-01 -4.006905405028904354e-01
1.829833984375000000e-01 -4.000000029636425203e-01
1.831054687500000000e-01 -3.993092301146988765e-01
1.832275390625000000e-01 -3.986182223624230025e-01
1.833496093750000000e-01 -3.979269801133170081e-01
1.834716796875000000e-01 -3.972355037740211148e-01
1.835937500000000000e-01 -3.965437937513128230e-01
1.837158203125000000e-01 -3.958518504521074677e-01
1.838378906250000000e-01 -3.951596742834571629e-01
1.839599609375000000e-01 -3.944672656525517462e-01
1.840820312500000000e-01 -3.937746249667172238e-01
1.842041015625000000e-01 -3.930817526334160483e-01
1.843261718750000000e-01 -3.923886490602474519e-01
1.844482421875000000e-01 -3.916953146549462250e-01
1.845703125000000000e-01 -3.910017498253832158e-01
1.846923828125000000e-01 -3.903079549795647196e-01
1.848144531250000000e-01 -3.896139305256324792e-01
1.849365234375000000e-01 -3.889196768718629071e-01
1.850585937500000000e-01 -3.882251944266678634e-01
1.851806640625000000e-01 -3.875304835985932672e-01
1.853027343750000000e-01 -3.868355447963197080e-01
1.854248046875000000e-01 -3.861403784286616681e-01
1.855468750000000000e-01 -3.854449849045677445e-01
1.856689453125000000e-01 -3.847493646331200390e-01
1.857910156250000000e-01 -3.840535180235338797e-01
1.859130859375000000e-01 -3.833574454851580438e-01
1.860351562500000000e-01 -3.826611474274739799e-01
1.861572265625000000e-01 -3.819646242600959751e-01
1.862792968750000000e-01 -3.812678763927706549e-01
1.864013671875000000e-01 -3.805709042353767058e-01
1.865234375000000000e-01 -3.798737081979250974e-01
1.866455078125000000e-01 -3.791762886905581942e-01
1.867675781250000000e-01 -3.784786461235497557e-01
1.868896484375000000e-01 -3.777807809073052692e-01
1.870117187500000000e-01 -3.770826934523606178e-01
1.871337890625000000e-01 -3.763843841693828018e-01
1.872558593750000000e-01 -3.756858534691688845e-01
1.873779296875000000e-01 -3.749871017626468794e-01
1.875000000000000000e-01 -3.742881294608741416e-01
1.876220703125000000e-01 -3.735889369750384215e-01
1.877441406250000000e-01 -3.728895247164560889e-01
1.878662109375000000e-01 -3.721898930965737429e-01
1.879882812500000000e-01 -3.714900425269666573e-01
1.881103515625000000e-01 -3.707899734193387808e-01
1.882324218750000000e-01 -3.700896861855226261e-01
1.883544921875000000e-01 -3.693891812374791583e-01
1.884765625000000000e-01 -3.686884589872976847e-01
1.885986328125000000e-01 -3.679875198471947995e-01
1.887207031250000000e-01 -3.672863642295148279e-01
1.888427734375000000e-01 -3.665849925467298265e-01
1.889648437500000000e-01 -3.658834052114385282e-01
1.890869140625000000e-01 -3.651816026363668977e-01
1.892089843750000000e-01 -3.644795852343669096e-01
1.893310546875000000e-01 -3.637773534184175483e-01
1.894531250000000000e-01 -3.630749076016238086e-01
1.895751953125000000e-01 -3.623722481972162512e-01
1.896972656250000000e-01 -3.616693756185514474e-01
1.898193359375000000e-01 -3.609662902791111461e-01
1.899414062500000000e-01 -3.602629925925024401e-01
1.900634765625000000e-01 -3.595594829724572117e-01
1.901855468750000000e-01 -3.588557618328317989e-01
1.903076171875000000e-01 -3.581518295876075508e-01
1.904296875000000000e-01 -3.574476866508894402e-01
1.905517578125000000e-01 -3.567433334369069509e-01
1.906738281250000000e-01 -3.560387703600123577e-01
1.907958984375000000e-01 -3.553339978346824468e-01
1.909179687500000000e-01 -3.546290162755166842e-01
1.910400390625000000e-01 -3.539238260972375483e-01
1.911621093750000000e-01 -3.532184277146898643e-01
1.912841796875000000e-01 -3.525128215428417477e-01
1.914062500000000000e-01 -3.518070079967830499e-01
1.915283203125000000e-01 -3.511009874917256912e-01
1.916503906250000000e-01 -3.503947604430032725e-01
1.917724609375000000e-01 -3.496883272660709085e-01
1.918945312500000000e-01 -3.489816883765052835e-01
1.920166015625000000e-01 -3.482748441900037073e-01
1.921386718750000000e-01 -3.475677951223842821e-01
1.922607421875000000e-01 -3.468605415895859578e-01
1.923828125000000000e-01 -3.461530840076676996e-01
1.925048828125000000e-01 -3.454454227928085430e-01
1.926269531250000000e-01 -3.447375583613072614e-01
1.927490234375000000e-01 -3.440294911295824209e-01
1.928710937500000000e-01 -3.433212215141717705e-01
1.929931640625000000e-01 -3.426127499317319081e-01
1.931152343750000000e-01 -3.419040767990385032e-01
1.932373046875000000e-01 -3.411952025329856308e-01
1.933593750000000000e-01 -3.404861275505859375e-01
1.934814453125000000e-01 -3.397768522689696424e-01
1.936035156250000000e-01 -3.390673771053854257e-01
1.937255859375000000e-01 -3.383577024771990960e-01
1.938476562500000000e-01 -3.376478288018941454e-01
1.939697265625000000e-01 -3.369377564970706951e-01
1.940917968750000000e-01 -3.362274859804461058e-01
1.942138671875000000e-01 -3.355170176698542561e-01
1.943359375000000000e-01 -3.348063519832453205e-01
1.944580078125000000e-01 -3.340954893386857139e-01
1.945800781250000000e-01 -3.333844301543573141e-01
1.947021484375000000e-01 -3.326731748485581286e-01
1.948242187500000000e-01 -3.319617238397014614e-01
1.949462890625000000e-01 -3.312500775463154690e-01
1.950683593750000000e-01 -3.305382363870431606e-01
1.951904296875000000e-01 -3.298262007806426754e-01
1.953125000000000000e-01 -3.291139711459859507e-01
1.954345703125000000e-01 -3.284015479020594985e-01
1.955566406250000000e-01 -3.276889314679634624e-01
1.956787109375000000e-01 -3.269761222629117281e-01
1.958007812500000000e-01 -3.262631207062317573e-01
1.959228515625000000e-01 -3.255499272173638103e-01
1.960449218750000000e-01 -3.248365422158612792e-01
1.961669921875000000e-01 -3.241229661213900770e-01
1.962890625000000000e-01 -3.234091993537289156e-01
1.964111328125000000e-01 -3.226952423327682506e-01
1.965332031250000000e-01 -3.219810954785103929e-01
1.966552734375000000e-01 -3.212667592110698411e-01
1.967773437500000000e-01 -3.205522339506721163e-01
1.968994140625000000e-01 -3.198375201176539839e-01
1.970214843750000000e-01 -3.191226181324632316e-01
1.971435546875000000e-01 -3.184075284156581698e-01
1.972656250000000000e-01 -3.176922513879077425e-01
1.973876953125000000e-01 -3.169767874699910282e-01
1.975097656250000000e-01 -3.162611370827969615e-01
1.976318359375000000e-01 -3.155453006473241118e-01
1.977539062500000000e-01 -3.148292785846810160e-01
1.978759765625000000e-01 -3.141130713160846799e-01
1.979980468750000000e-01 -3.133966792628612441e-01
1.981201171875000000e-01 -3.126801028464459842e-01
1.982421875000000000e-01 -3.119633424883822559e-01
1.983642578125000000e-01 -3.112463986103217173e-01
1.984863281250000000e-01 -3.105292716340239401e-01
1.986083984375000000e-01 -3.098119619813562431e-01
1.987304687500000000e-01 -3.090944700742934703e-01
1.988525390625000000e-01 -3.083767963349176577e-01
1.989746093750000000e-01 -3.076589411854176448e-01
1.990966796875000000e-01 -3.069409050480892409e-01
1.992187500000000000e-01 -3.062226883453345039e-01
1.993408203125000000e-01 -3.055042914996619619e-01
1.994628906250000000e-01 -3.047857149336857252e-01
1.995849609375000000e-01 -3.040669590701260971e-01
1.997070312500000000e-01 -3.033480243318086300e-01
1.998291015625000000e-01 -3.026289111416640698e-01
1.999511718750000000e-01 -3.019096199227280231e-01
2.000732421875000000e-01 -3.011901510981410124e-01
2.001953125000000000e-01 -3.004705050911483655e-01
2.003173828125000000e-01 -2.997506823250988828e-01
2.004394531250000000e-01 -2.990306832234458922e-01
2.005615234375000000e-01 -2.983105082097462502e-01
2.006835937500000000e-01 -2.975901577076606741e-01
2.008056640625000000e-01 -2.968696321409523553e-01
2.009277343750000000e-01 -2.961489319334882353e-01
2.010498046875000000e-01 -2.954280575092374517e-01
2.011718750000000000e-01 -2.947070092922720042e-01
2.012939453125000000e-01 -2.939857877067660330e-01
2.014160156250000000e-01 -2.932643931769954304e-01
2.015380859375000000e-01 -2.925428261273381181e-01
2.016601562500000000e-01 -2.918210869822734921e-01
2.017822265625000000e-01 -2.910991761663820343e-01
2.019042968750000000e-01 -2.903770941043451459e-01
2.020263671875000000e-01 -2.896548412209452028e-01
2.021484375000000000e-01 -2.889324179410649451e-01
2.022705078125000000e-01 -2.882098246896875882e-01
2.023925781250000000e-01 -2.874870618918956011e-01
2.025146484375000000e-01 -2.867641299728722615e-01
2.026367187500000000e-01 -2.860410293578994900e-01
2.027587890625000000e-01 -2.853177604723589611e-01
2.028808593750000000e-01 -2.845943237417308258e-01
2.030029296875000000e-01 -2.838707195915945447e-01
2.031250000000000000e-01 -2.831469484476277776e-01
2.032470703125000000e-01 -2.824230107356062724e-01
2.033691406250000000e-01 -2.816989068814039765e-01
2.034912109375000000e-01 -2.809746373109925366e-01
2.036132812500000000e-01 -2.802502024504412437e-01
2.037353515625000000e-01 -2.795256027259163667e-01
2.038574218750000000e-01 -2.788008385636811526e-01
2.039794921875000000e-01 -2.780759103900957707e-01
2.041015625000000000e-01 -2.773508186316167023e-01
2.042236328125000000e-01 -2.766255637147970181e-01
2.043457031250000000e-01 -2.759001460662850458e-01
2.044677734375000000e-01 -2.751745661128256470e-01
2.045898437500000000e-01 -2.744488242812587742e-01
2.047119140625000000e-01 -2.737229209985196365e-01
2.048339843750000000e-01 -2.729968566916383121e-01
2.049560546875000000e-01 -2.722706317877398030e-01
2.050781250000000000e-01 -2.715442467140435912e-01
2.052001953125000000e-01 -2.708177018978630279e-01
2.053222656250000000e-01 -2.700909977666061113e-01
2.054443359375000000e-01 -2.693641347477738202e-01
2.055664062500000000e-01 -2.686371132689611696e-01
2.056884765625000000e-01 -2.679099337578561002e-01
2.058105468750000000e-01 -2.671825966422394227e-01
2.059326171875000000e-01 -2.664551023499850957e-01
2.060546875000000000e-01 -2.657274513090588930e-01
2.061767578125000000e-01 -2.649996439475196808e-01
2.062988281250000000e-01 -2.642716806935172524e-01
2.064208984375000000e-01 -2.635435619752941050e-01
2.065429687500000000e-01 -2.628152882211833297e-01
2.066650390625000000e-01 -2.620868598596099441e-01
2.067871093750000000e-01 -2.613582773190893382e-01
2.069091796875000000e-01 -2.606295410282278291e-01
2.070312500000000000e-01 -2.599006514157224390e-01
2.071533203125000000e-01 -2.591716089103600074e-01
2.072753906250000000e-01 -2.584424139410174681e-01
2.073974609375000000e-01 -2.577130669366612947e-01
2.075195312500000000e-01 -2.569835683263478332e-01
2.076416015625000000e-01 -2.562539185392220809e-01
2.077636718750000000e-01 -2.555241180045183524e-01
2.078857421875000000e-01 -2.547941671515593920e-01
2.080078125000000000e-01 -2.540640664097565393e-01
2.081298828125000000e-01 -2.533338162086092304e-01
2.082519531250000000e-01 -2.526034169777048310e-01
2.083740234375000000e-01 -2.518728691467183589e-01
2.084960937500000000e-01 -2.511421731454124839e-01
2.086181640625000000e-01 -2.504113294036366399e-01
2.087402343750000000e-01 -2.496803383513273300e-01
2.088623046875000000e-01 -2.489492004185078489e-01
2.089843750000000000e-01 -2.482179160352878944e-01
2.091064453125000000e-01 -2.474864856318630124e-01
2.092285156250000000e-01 -2.467549096385150131e-01
2.093505859375000000e-01 -2.460231884856111662e-01
2.094726562500000000e-01 -2.452913226036042837e-01
2.095947265625000000e-01 -2.445593124230320825e-01
2.097167968750000000e-01 -2.438271583745172388e-01
2.098388671875000000e-01 -2.430948608887672224e-01
2.099609375000000000e-01 -2.423624203965737134e-01
2.100830078125000000e-01 -2.416298373288127965e-01
2.102050781250000000e-01 -2.408971121164437956e-01
2.103271484375000000e-01 -2.401642451905103837e-01
2.104492187500000000e-01 -2.394312369821393893e-01
2.105712890625000000e-01 -2.386980879225404084e-01
2.106933593750000000e-01 -2.379647984430061092e-01
2.108154296875000000e-01 -2.372313689749119270e-01
2.109375000000000000e-01 -2.364977999497155925e-01
2.110595703125000000e-01 -2.357640917989567431e-01
2.111816406250000000e-01 -2.350302449542570338e-01
2.113037109375000000e-01 -2.342962598473195546e-01
2.114257812500000000e-01 -2.335621369099290801e-01
2.115478515625000000e-01 -2.328278765739510425e-01
2.116699218750000000e-01 -2.320934792713317818e-01
2.117919921875000000e-01 -2.313589454340984064e-01
2.119140625000000000e-01 -2.306242754943584328e-01
2.120361328125000000e-01 -2.298894698842989803e-01
2.121582031250000000e-01 -2.291545290361873821e-01
2.122802734375000000e-01 -2.284194533823703244e-01
2.124023437500000000e-01 -2.276842433552740963e-01
2.125244140625000000e-01 -2.269488993874035354e-01
2.126464843750000000e-01 -2.262134219113427769e-01
2.127685546875000000e-01 -2.254778113597539768e-01
2.128906250000000000e-01 -2.247420681653781727e-01
2.130126953125000000e-01 -2.240061927610340065e-01
2.131347656250000000e-01 -2.232701855796180024e-01
2.132568359375000000e-01 -2.225340470541042892e-01
2.133789062500000000e-01 -2.217977776175441840e-01
2.135009765625000000e-01 -2.210613777030660532e-01
2.136230468750000000e-01 -2.203248477438748687e-01
2.137451171875000000e-01 -2.195881881732523189e-01
2.138671875000000000e-01 -2.188513994245561700e-01
2.139892578125000000e-01 -2.181144819312204886e-01
2.141113281250000000e-01 -2.173774361267545308e-01
2.142333984375000000e-01 -2.166402624447435199e-01
2.143554687500000000e-01 -2.159029613188478414e-01
2.144775390625000000e-01 -2.151655331828025985e-01
2.145996093750000000e-01 -2.144279784704176961e-01
2.147216796875000000e-01 -2.136902976155777567e-01
2.148437500000000000e-01 -2.129524910522413161e-01
2.149658203125000000e-01 -2.122145592144410731e-01
2.150878906250000000e-01 -2.114765025362831119e-01
2.152099609375000000e-01 -2.107383214519473191e-01
2.153320312500000000e-01 -2.100000163956866894e-01
2.154541015625000000e-01 -2.092615878018268261e-01
2.155761718750000000e-01 -2.085230361047663017e-01
2.156982421875000000e-01 -2.077843617389761866e-01
2.158203125000000000e-01 -2.070455651389996043e-01
2.159423828125000000e-01 -2.063066467394513159e-01
2.160644531250000000e-01 -2.055676069750182466e-01
2.161865234375000000e-01 -2.048284462804581263e-01
2.163085937500000000e-01 -2.040891650906006549e-01
2.164306640625000000e-01 -2.033497638403454211e-01
2.165527343750000000e-01 -2.026102429646633452e-01
2.166748046875000000e-01 -2.018706028985953749e-01
2.167968750000000000e-01 -2.011308440772529016e-01
2.169189453125000000e-01 -2.003909669358168166e-01
2.170410156250000000e-01 -1.996509719095378721e-01
2.171630859375000000e-01 -1.989108594337360425e-01
2.172851562500000000e-01 -1.981706299438004970e-01
2.174072265625000000e-01 -1.974302838751891276e-01
2.175292968750000000e-01 -1.966898216634283270e-01
2.176513671875000000e-01 -1.959492437441131274e-01
2.177734375000000000e-01 -1.952085505529063403e-01
2.178955078125000000e-01 -1.944677425255388059e-01
2.180175781250000000e-01 -1.937268200978084498e-01
2.181396484375000000e-01 -1.929857837055811709e-01
2.182617187500000000e-01 -1.922446337847895648e-01
2.183837890625000000e-01 -1.915033707714330624e-01
2.185058593750000000e-01 -1.907619951015774307e-01
2.186279296875000000e-01 -1.900205072113548832e-01
2.187500000000000000e-01 -1.892789075369638585e-01
2.188720703125000000e-01 -1.885371965146681872e-01
2.189941406250000000e-01 -1.877953745807972585e-01
2.191162109375000000e-01 -1.870534421717458262e-01
2.192382812500000000e-01 -1.863113997239738417e-01
2.193603515625000000e-01 -1.855692476740056496e-01
2.194824218750000000e-01 -1.848269864584300148e-01
2.196044921875000000e-01 -1.840846165139002621e-01
2.197265625000000000e-01 -1.833421382771334429e-01
2.198486328125000000e-01 -1.825995521849103909e-01
2.199707031250000000e-01 -1.818568586740753057e-01
2.200927734375000000e-01 -1.811140581815356976e-01
2.202148437500000000e-01 -1.803711511442620541e-01
2.203369140625000000e-01 -1.796281379992873684e-01
2.204589843750000000e-01 -1.788850191837070835e-01
2.205810546875000000e-01 -1.781417951346787876e-01
2.207031250000000000e-01 -1.773984662894222131e-01
2.208251953125000000e-01 -1.766550330852184325e-01
2.209472656250000000e-01 -1.759114959594101912e-01
2.210693359375000000e-01 -1.751678553494010748e-01
2.211914062500000000e-01 -1.744241116926558421e-01
2.213134765625000000e-01 -1.736802654266996759e-01
2.214355468750000000e-01 -1.729363169891179608e-01
2.215576171875000000e-01 -1.721922668175566440e-01
2.216796875000000000e-01 -1.714481153497211530e-01
2.218017578125000000e-01 -1.707038630233768117e-01
2.219238281250000000e-01 -1.699595102763478138e-01
2.220458984375000000e-01 -1.692150575465178330e-01
2.221679687500000000e-01 -1.684705052718293572e-01
2.222900390625000000e-01 -1.677258538902831608e-01
2.224121093750000000e-01 -1.669811038399383052e-01
2.225341796875000000e-01 -1.662362555589123048e-01
2.226562500000000000e-01 -1.654913094853802669e-01
2.227783203125000000e-01 -1.647462660575745030e-01
2.229003906250000000e-01 -1.640011257137850564e-01
2.230224609375000000e-01 -1.632558888923587581e-01
2.231445312500000000e-01 -1.625105560316992548e-01
2.232666015625000000e-01 -1.617651275702666758e-01
2.233886718750000000e-01 -1.610196039465772444e-01
2.235107421875000000e-01 -1.602739855992033613e-01
2.236328125000000000e-01 -1.595282729667731880e-01
2.237548828125000000e-01 -1.587824664879701475e-01
2.238769531250000000e-01 -1.580365666015329795e-01
2.239990234375000000e-01 -1.572905737462553521e-01
2.241210937500000000e-01 -1.565444883609859728e-01
2.242431640625000000e-01 -1.557983108846272280e-01
2.243652343750000000e-01 -1.550520417561361830e-01
2.244873046875000000e-01 -1.543056814145237210e-01
2.246093750000000000e-01 -1.535592302988546820e-01
2.247314453125000000e-01 -1.528126888482466417e-01
2.248535156250000000e-01 -1.520660575018709937e-01
2.249755859375000000e-01 -1.513193366989515343e-01
2.250976562500000000e-01 -1.505725268787651561e-01
2.252197265625000000e-01 -1.498256284806404326e-01
2.253417968750000000e-01 -1.490786419439586175e-01
2.254638671875000000e-01 -1.483315677081528394e-01
2.255859375000000000e-01 -1.475844062127073808e-01
2.257080078125000000e-01 -1.468371578971582048e-01
2.258300781250000000e-01 -1.460898232010921782e-01
2.259521484375000000e-01 -1.453424025641469886e-01
2.260742187500000000e-01 -1.445948964260111991e-01
2.261962890625000000e-01 -1.438473052264232777e-01
2.263183593750000000e-01 -1.430996294051716800e-01
2.264404296875000000e-01 -1.423518694020950714e-01
2.265625000000000000e-01 -1.416040256570813283e-01
2.266845703125000000e-01 -1.408560986100675372e-01
2.268066406250000000e-01 -1.401080887010401343e-01
2.269287109375000000e-01 -1.393599963700337674e-01
2.270507812500000000e-01 -1.386118220571322668e-01
2.271728515625000000e-01 -1.378635662024670638e-01
2.272949218750000000e-01 -1.371152292462178013e-01
2.274169921875000000e-01 -1.363668116286118059e-01
2.275390625000000000e-01 -1.356183137899240887e-01
2.276611328125000000e-01 -1.348697361704765396e-01
2.277832031250000000e-01 -1.341210792106378724e-01
2.279052734375000000e-01 -1.333723433508238188e-01
2.280273437500000000e-01 -1.326235290314966841e-01
2.281494140625000000e-01 -1.318746366931641545e-01
2.282714843750000000e-01 -1.311256667763807116e-01
2.283935546875000000e-01 -1.303766197217457734e-01
2.285156250000000000e-01 -1.296274959699044715e-01
2.286376953125000000e-01 -1.288782959615471235e-01
2.287597656250000000e-01 -1.281290201374087612e-01
2.288818359375000000e-01 -1.273796689382689640e-01
2.290039062500000000e-01 -1.266302428049519702e-01
2.291259765625000000e-01 -1.258807421783255942e-01
2.292480468750000000e-01 -1.251311674993018097e-01
2.293701171875000000e-01 -1.243815192088360833e-01
2.294921875000000000e-01 -1.236317977479273050e-01
2.296142578125000000e-01 -1.228820035576172337e-01
2.297363281250000000e-01 -1.221321370789904409e-01
2.298583984375000000e-01 -1.213821987531739782e-01
2.299804687500000000e-01 -1.206321890213374604e-01
2.301025390625000000e-01 -1.198821083246921215e-01
2.302246093750000000e-01 -1.191319571044911207e-01
2.303466796875000000e-01 -1.183817358020291255e-01
2.304687500000000000e-01 -1.176314448586420758e-01
2.305908203125000000e-01 -1.168810847157066984e-01
2.307128906250000000e-01 -1.161306558146404377e-01
2.308349609375000000e-01 -1.153801585969013999e-01
2.309570312500000000e-01 -1.146295935039879227e-01
2.310791015625000000e-01 -1.138789609774378958e-01
2.312011718750000000e-01 -1.131282614588291491e-01
2.313232421875000000e-01 -1.123774953897788004e-01
2.314453125000000000e-01 -1.116266632119433527e-01
2.315673828125000000e-01 -1.108757653670179311e-01
2.316894531250000000e-01 -1.101248022967363099e-01
2.318115234375000000e-01 -1.093737744428707748e-01
2.319335937500000000e-01 -1.086226822472319137e-01
2.320556640625000000e-01 -1.078715261516675350e-01
2.321777343750000000e-01 -1.071203065980635971e-01
2.322998046875000000e-01 -1.063690240283430566e-01
2.324218750000000000e-01 -1.056176788844664094e-01
2.325439453125000000e-01 -1.048662716084302615e-01
2.326660156250000000e-01 -1.041148026422684253e-01
2.327880859375000000e-01 -1.033632724280506704e-01
2.329101562500000000e-01 -1.026116814078828904e-01
2.330322265625000000e-01 -1.018600300239066309e-01
2.331542968750000000e-01 -1.011083187182990895e-01
2.332763671875000000e-01 -1.003565479332726024e-01
2.333984375000000000e-01 -9.960471811107467210e-02
2.335205078125000000e-01 -9.885282969398738462e-02
2.336425781250000000e-01 -9.810088312432707625e-02
2.337646484375000000e-01 -9.734887884444487494e-02
2.338867187500000000e-01 -9.659681729672536799e-02
2.340087890625000000e-01 -9.584469892358704612e-02
2.341308593750000000e-01 -9.509252416748165126e-02
2.342529296875000000e-01 -9.434029347089428752e-02
2.343750000000000000e-01 -9.358800727634306038e-02
2.344970703125000000e-01 -9.283566602637821630e-02
2.346191406250000000e-01 -9.208327016358297534e-02
2.347412109375000000e-01 -9.133082013057225446e-02
2.348632812500000000e-01 -9.057831636999338909e-02
2.349853515625000000e-01 -8.982575932452452339e-02
2.351074218750000000e-01 -8.907314943687577591e-02
2.352294921875000000e-01 -8.832048714978811554e-02
2.353515625000000000e-01 -8.756777290603345865e-02
2.354736328125000000e-01 -8.681500714841418331e-02
2.355957031250000000e-01 -8.606219031976281020e-02
2.357177734375000000e-01 -8.530932286294221067e-02
2.358398437500000000e-01 -8.455640522084502397e-02
2.359619140625000000e-01 -8.380343783639319921e-02
2.360839843750000000e-01 -8.305042115253799540e-02
2.362060546875000000e-01 -8.229735561225974549e-02
2.363281250000000000e-01 -8.154424165856759277e-02
2.364501953125000000e-01 -8.079107973449896341e-02
2.365722656250000000e-01 -8.003787028311959428e-02
2.366943359375000000e-01 -7.928461374752335256e-02
2.368164062500000000e-01 -7.853131057083169442e-02
2.369384765625000000e-01 -7.777796119619320714e-02
2.370605468750000000e-01 -7.702456606678399764e-02
2.371826171875000000e-01 -7.627112562580720678e-02
2.373046875000000000e-01 -7.551764031649217668e-02
2.374267578125000000e-01 -7.476411058209511684e-02
2.375488281250000000e-01 -7.401053686589795233e-02
2.376708984375000000e-01 -7.325691961120883722e-02
2.377929687500000000e-01 -7.250325926136134969e-02
2.379150390625000000e-01 -7.174955625971454753e-02
2.380371093750000000e-01 -7.099581104965217715e-02
2.381591796875000000e-01 -7.024202407458339514e-02
2.382812500000000000e-01 -6.948819577794171365e-02
2.384033203125000000e-01 -6.873432660318468113e-02
2.385253906250000000e-01 -6.798041699379422931e-02
2.386474609375000000e-01 -6.722646739327589605e-02
2.387695312500000000e-01 -6.647247824515895021e-02
2.388916015625000000e-01 -6.571844999299562839e-02
2.390136718750000000e-01 -6.496438308036130149e-02
2.391357421875000000e-01 -6.421027795085419709e-02
2.392578125000000000e-01 -6.345613504809501093e-02
2.393798828125000000e-01 -6.270195481572647667e-02
2.395019531250000000e-01 -6.194773769741335895e-02
2.396240234375000000e-01 -6.119348413684208565e-02
2.397460937500000000e-01 -6.043919457772085890e-02
2.398681640625000000e-01 -5.968486946377870445e-02
2.399902343750000000e-01 -5.893050923876546471e-02
2.401123046875000000e-01 -5.817611434645191676e-02
2.402343750000000000e-01 -5.742168523062936292e-02
2.403564453125000000e-01 -5.666722233510862461e-02
2.404785156250000000e-01 -5.591272610372099994e-02
2.406005859375000000e-01 -5.515819698031721591e-02
2.407226562500000000e-01 -5.440363540876740067e-02
2.408447265625000000e-01 -5.364904183296048679e-02
2.409667968750000000e-01 -5.289441669680442631e-02
2.410888671875000000e-01 -5.213976044422574674e-02
2.412109375000000000e-01 -5.138507351916950933e-02
2.413330078125000000e-01 -5.063035636559839320e-02
2.414550781250000000e-01 -4.987560942749309778e-02
2.415771484375000000e-01 -4.912083314885158647e-02
2.416992187500000000e-01 -4.836602797368984297e-02
2.418212890625000000e-01 -4.761119434603983125e-02
2.419433593750000000e-01 -4.685633270995082089e-02
2.420654296875000000e-01 -4.610144350948845032e-02
2.421875000000000000e-01 -4.534652718873473376e-02
2.423095703125000000e-01 -4.459158419178736038e-02
2.424316406250000000e-01 -4.383661496275991637e-02
2.425537109375000000e-01 -4.308161994578126736e-02
2.426757812500000000e-01 -4.232659958499563474e-02
2.427978515625000000e-01 -4.157155432456199895e-02
2.429199218750000000e-01 -4.081648460865398148e-02
2.430419921875000000e-01 -4.006139088145957428e-02
2.431640625000000000e-01 -3.930627358718129238e-02
2.432861328125000000e-01 -3.855113317003478618e-02
2.434082031250000000e-01 -3.779597007424993771e-02
2.435302734375000000e-01 -3.704078474406959781e-02
2.436523437500000000e-01 -3.628557762375018286e-02
2.437744140625000000e-01 -3.553034915756014128e-02
2.438964843750000000e-01 -3.477509978978124416e-02
2.440185546875000000e-01 -3.401982996470685749e-02
2.441406250000000000e-01 -3.326454012664317034e-02
2.442626953125000000e-01 -3.250923071990754337e-02
2.443847656250000000e-01 -3.175390218882903626e-02
2.445068359375000000e-01 -3.099855497774789415e-02
2.446289062500000000e-01 -3.024318953101579402e-02
2.447509765625000000e-01 -2.948780629299433548e-02
2.448730468750000000e-01 -2.873240570805618913e-02
2.449951171875000000e-01 -2.797698822058399329e-02
2.451171875000000000e-01 -2.722155427497047891e-02
2.452392578125000000e-01 -2.646610431561795262e-02
2.453613281250000000e-01 -2.571063878693809548e-02
2.454833984375000000e-01 -2.495515813335182423e-02
2.456054687500000000e-01 -2.419966279928915595e-02
2.457275390625000000e-01 -2.344415322918823666e-02
2.458496093750000000e-01 -2.268862986749599353e-02
2.459716796875000000e-01 -2.193309315866730225e-02
2.460937500000000000e-01 -2.117754354716514659e-02
2.462158203125000000e-01 -2.042198147745969902e-02
2.463378906250000000e-01 -1.966640739402863644e-02
2.464599609375000000e-01 -1.891082174135672728e-02
2.465820312500000000e-01 -1.815522496393585233e-02
2.467041015625000000e-01 -1.739961750626378353e-02
2.468261718750000000e-01 -1.664399981284499230e-02
2.469482421875000000e-01 -1.588837232818989323e-02
2.470703125000000000e-01 -1.513273549681481978e-02
2.471923828125000000e-01 -1.437708976324120376e-02
2.473144531250000000e-01 -1.362143557199621546e-02
2.474365234375000000e-01 -1.286577336761153545e-02
2.475585937500000000e-01 -1.211010359462402763e-02
2.476806640625000000e-01 -1.135442669757444345e-02
2.478027343750000000e-01 -1.059874312100823716e-02
2.479248046875000000e-01 -9.843053309474403614e-03
2.480468750000000000e-01 -9.087357707526015974e-03
2.481689453125000000e-01 -8.331656759719131139e-03
2.482910156250000000e-01 -7.575950910613337905e-03
2.484130859375000000e-01 -6.820240604770703118e-03
2.485351562500000000e-01 -6.064526286756426535e-03
2.486572265625000000e-01 -5.308808401137438300e-03
2.487792968750000000e-01 -4.553087392483340032e-03
2.489013671875000000e-01 -3.797363705365142377e-03
2.490234375000000000e-01 -3.041637784355741628e-03
2.491455078125000000e-01 -2.285910074029291316e-03
2.492675781250000000e-01 -1.530181018960610675e-03
2.493896484375000000e-01 -7.744510637260113408e-04
2.495117187500000000e-01 -1.872065290188338284e-05
2.496337890625000000e-01 7.370097689352264224e-04
2.497558593750000000e-01 1.492739757208456832e-03
2.498779296875000000e-01 2.248468867341379268e-03
2.500000000000000000e-01 3.004196654757860119e-03
2.501220703125000000e-01 3.759922674882961759e-03
2.502441406250000000e-01 4.515646483142448687e-03
2.503662109375000000e-01 5.271367634963494871e-03
2.504882812500000000e-01 6.027085685774606107e-03
2.506103515625000000e-01 6.782800191006598846e-03
2.507324218750000000e-01 7.538510706091975690e-03
2.508544921875000000e-01 8.294216786465843927e-03
2.509765625000000000e-01 9.049917987565474914e-03
2.510986328125000000e-01 9.805613864831620730e-03
2.512207031250000000e-01 1.056130397370779253e-02
2.513427734375000000e-01 1.131698786964099347e-02
2.514648437500000000e-01 1.207266510808160248e-02
2.515869140625000000e-01 1.282833524448450009e-02
2.517089843750000000e-01 1.358399783430826700e-02
2.518310546875000000e-01 1.433965243301619542e-02
2.519531250000000000e-01 1.509529859607591264e-02
2.520751953125000000e-01 1.585093587896051551e-02
2.521972656250000000e-01 1.660656383714783496e-02
2.523193359375000000e-01 1.736218202612159131e-02
2.524414062500000000e-01 1.811779000137084261e-02
2.525634765625000000e-01 1.887338731839110356e-02
2.526855468750000000e-01 1.962897353268388059e-02
2.528076171875000000e-01 2.038454819975730678e-02
2.529296875000000000e-01 2.114011087512616613e-02
2.530517578125000000e-01 2.189566111431237236e-02
2.531738281250000000e-01 2.265119847284544768e-02
2.532958984375000000e-01 2.340672250626200240e-02
2.534179687500000000e-01 2.416223277010667858e-02
2.535400390625000000e-01 2.491772881993234087e-02
2.536621093750000000e-01 2.567321021130024306e-02
2.537841796875000000e-01 2.642867649978002803e-02
2.539062500000000000e-01 2.718412724095021354e-02
2.540283203125000000e-01 2.793956199039883057e-02
2.541503906250000000e-01 2.869498030372298614e-02
2.542724609375000000e-01 2.945038173652958849e-02
2.543945312500000000e-01 3.020576584443521173e-02
2.545166015625000000e-01 3.096113218306714016e-02
2.546386718750000000e-01 3.171648030806267088e-02
2.547607421875000000e-01 3.247180977507011651e-02
2.548828125000000000e-01 3.322712013974828821e-02
2.550048828125000000e-01 3.398241095776786264e-02
2.551269531250000000e-01 3.473768178481063257e-02
2.552490234375000000e-01 3.549293217657025629e-02
2.553710937500000000e-01 3.624816168875213268e-02
2.554931640625000000e-01 3.700336987707453229e-02
2.556152343750000000e-01 3.775855629726777157e-02
2.557373046875000000e-01 3.851372050507528150e-02
2.558593750000000000e-01 3.926886205625310794e-02
2.559814453125000000e-01 4.002398050657130640e-02
2.561035156250000000e-01 4.077907541181290813e-02
2.562255859375000000e-01 4.153414632777515519e-02
2.563476562500000000e-01 4.228919281026901483e-02
2.564697265625000000e-01 4.304421441512048391e-02
2.565917968750000000e-01 4.379921069816955503e-02
2.567138671875000000e-01 4.455418121527151415e-02
2.568359375000000000e-01 4.530912552229648949e-02
2.569580078125000000e-01 4.606404317513024260e-02
2.570800781250000000e-01 4.681893372967432798e-02
2.572021484375000000e-01 4.757379674184599588e-02
2.573242187500000000e-01 4.832863176757856705e-02
2.574462890625000000e-01 4.908343836282230699e-02
2.575683593750000000e-01 4.983821608354392640e-02
2.576904296875000000e-01 5.059296448572710159e-02
2.578125000000000000e-01 5.134768312537262014e-02
2.579345703125000000e-01 5.210237155849919977e-02
2.580566406250000000e-01 5.285702934114298868e-02
2.581787109375000000e-01 5.361165602935830110e-02
2.583007812500000000e-01 5.436625117921747158e-02
2.584228515625000000e-01 5.512081434681190273e-02
2.585449218750000000e-01 5.587534508825138524e-02
2.586669921875000000e-01 5.662984295966506931e-02
2.587890625000000000e-01 5.738430751720097200e-02
2.589111328125000000e-01 5.813873831702734418e-02
2.590332031250000000e-01 5.889313491533189338e-02
2.591552734375000000e-01 5.964749686832257480e-02
2.592773437500000000e-01 6.040182373222742485e-02
2.593994140625000000e-01 6.115611506329572677e-02
2.595214843750000000e-01 6.191037041779716421e-02
2.596435546875000000e-01 6.266458935202288971e-02
2.597656250000000000e-01 6.341877142228506681e-02
2.598876953125000000e-01 6.417291618491807736e-02
2.600097656250000000e-01 6.492702319627781382e-02
2.601318359375000000e-01 6.568109201274270614e-02
2.602539062500000000e-01 6.643512219071319447e-02
2.603759765625000000e-01 6.718911328661304749e-02
2.604980468750000000e-01 6.794306485688871022e-02
2.606201171875000000e-01 6.869697645800984520e-02
2.607421875000000000e-01 6.945084764646958231e-02
2.608642578125000000e-01 7.020467797878500449e-02
2.609863281250000000e-01 7.095846701149723101e-02
2.611083984375000000e-01 7.171221430117157014e-02
2.612304687500000000e-01 7.246591940439768564e-02
2.613525390625000000e-01 7.321958187779049887e-02
2.614746093750000000e-01 7.397320127798985567e-02
2.615966796875000000e-01 7.472677716166077622e-02
2.617187500000000000e-01 7.548030908549381579e-02
2.618408203125000000e-01 7.623379660620586973e-02
2.619628906250000000e-01 7.698723928053950727e-02
2.620849609375000000e-01 7.774063666526385974e-02
2.622070312500000000e-01 7.849398831717442626e-02
2.623291015625000000e-01 7.924729379309414234e-02
2.624511718750000000e-01 8.000055264987264436e-02
2.625732421875000000e-01 8.075376444438732426e-02
2.626953125000000000e-01 8.150692873354274670e-02
2.628173828125000000e-01 8.226004507427207846e-02
2.629394531250000000e-01 8.301311302353629740e-02
2.630615234375000000e-01 8.376613213832496962e-02
2.631835937500000000e-01 8.451910197565609684e-02
2.633056640625000000e-01 8.527202209257725429e-02
2.634277343750000000e-01 8.602489204616474427e-02
2.635498046875000000e-01 8.677771139352474794e-02
2.636718750000000000e-01 8.753047969179275634e-02
2.637939453125000000e-01 8.828319649813490266e-02
2.639160156250000000e-01 8.903586136974700471e-02
2.640380859375000000e-01 8.978847386385593876e-02
2.641601562500000000e-01 9.054103353771882079e-02
2.642822265625000000e-01 9.129353994862456079e-02
2.644042968750000000e-01 9.204599265389284968e-02
2.645263671875000000e-01 9.279839121087524179e-02
2.646484375000000000e-01 9.355073517695489116e-02
2.647705078125000000e-01 9.430302410954727321e-02
2.648925781250000000e-01 9.505525756610036514e-02
2.650146484375000000e-01 9.580743510409449326e-02
2.651367187500000000e-01 9.655955628104280486e-02
2.652587890625000000e-01 9.731162065449200371e-02
2.653808593750000000e-01 9.806362778202207253e-02
2.655029296875000000e-01 9.881557722124645338e-02
2.656250000000000000e-01 9.956746852981245011e-02
2.657470703125000000e-01 1.003193012654023109e-01
2.658691406250000000e-01 1.010710749857317708e-01
2.659912109375000000e-01 1.018227892485519537e-01
2.661132812500000000e-01 1.025744436116483860e-01
2.662353515625000000e-01 1.033260376328426489e-01
2.663574218750000000e-01 1.040775708699910040e-01
2.664794921875000000e-01 1.048290428809860453e-01
2.666015625000000000e-01 1.055804532237558518e-01
2.667236328125000000e-01 1.063318014562652791e-01
2.668457031250000000e-01 1.070830871365155978e-01
2.669677734375000000e-01 1.078343098225446883e-01
2.670898437500000000e-01 1.085854690724274152e-01
2.672119140625000000e-01 1.093365644442764739e-01
2.673339843750000000e-01 1.100875954962416414e-01
2.674560546875000000e-01 1.108385617865108030e-01
2.675781250000000000e-01 1.115894628733095501e-01
2.677001953125000000e-01 1.123402983149026368e-01
2.678222656250000000e-01 1.130910676695923295e-01
2.679443359375000000e-01 1.138417704957208343e-01
2.680664062500000000e-01 1.145924063516686464e-01
2.681884765625000000e-01 1.153429747958562984e-01
2.683105468750000000e-01 1.160934753867436664e-01
2.684326171875000000e-01 1.168439076828305112e-01
2.685546875000000000e-01 1.175942712426568532e-01
2.686767578125000000e-01 1.183445656248031941e-01
2.687988281250000000e-01 1.190947903878906700e-01
2.689208984375000000e-01 1.198449450905814118e-01
2.690429687500000000e-01 1.205950292915786287e-01
2.691650390625000000e-01 1.213450425496271634e-01
2.692871093750000000e-01 1.220949844235135473e-01
2.694091796875000000e-01 1.228448544720664309e-01
2.695312500000000000e-01 1.235946522541562509e-01
2.696533203125000000e-01 1.243443773286966314e-01
2.697753906250000000e-01 1.250940292546434685e-01
2.698974609375000000e-01 1.258436075909959706e-01
2.700195312500000000e-01 1.265931118967962010e-01
2.701416015625000000e-01 1.273425417311304930e-01
2.702636718750000000e-01 1.280918966531282843e-01
2.703857421875000000e-01 1.288411762219636436e-01
2.705078125000000000e-01 1.295903799968543824e-01
2.706298828125000000e-01 1.303395075370633871e-01
2.707519531250000000e-01 1.310885584018982863e-01
2.708740234375000000e-01 1.318375321507118947e-01
2.709960937500000000e-01 1.325864283429017687e-01
2.711181640625000000e-01 1.333352465379118723e-01
2.712402343750000000e-01 1.340839862952319106e-01
2.713623046875000000e-01 1.348326471743974131e-01
2.714843750000000000e-01 1.355812287349902889e-01
2.716064453125000000e-01 1.363297305366396317e-01
2.717285156250000000e-01 1.370781521390209423e-01
2.718505859375000000e-01 1.378264931018571560e-01
2.719726562500000000e-01 1.385747529849182536e-01
2.720947265625000000e-01 1.393229313480226494e-01
2.722167968750000000e-01 1.400710277510360535e-01
2.723388671875000000e-01 1.408190417538728312e-01
2.724609375000000000e-01 1.415669729164953095e-01
2.725830078125000000e-01 1.423148207989150260e-01
2.727050781250000000e-01 1.430625849611923683e-01
2.728271484375000000e-01 1.438102649634369901e-01
2.729492187500000000e-01 1.445578603658076167e-01
2.730712890625000000e-01 1.453053707285137386e-01
2.731933593750000000e-01 1.460527956118138626e-01
2.733154296875000000e-01 1.468001345760173437e-01
2.734375000000000000e-01 1.475473871814838023e-01
2.735595703125000000e-01 1.482945529886239011e-01
2.736816406250000000e-01 1.490416315578992623e-01
2.738037109375000000e-01 1.497886224498227448e-01
2.739257812500000000e-01 1.505355252249587494e-01
2.740478515625000000e-01 1.512823394439238023e-01
2.741699218750000000e-01 1.520290646673862212e-01
2.742919921875000000e-01 1.527757004560670040e-01
2.744140625000000000e-01 1.535222463707391627e-01
2.745361328125000000e-01 1.542687019722292774e-01
2.746582031250000000e-01 1.550150668214167193e-01
2.747802734375000000e-01 1.557613404792343170e-01
2.749023437500000000e-01 1.565075225066680786e-01
2.750244140625000000e-01 1.572536124647589129e-01
2.751464843750000000e-01 1.579996099146010191e-01
2.752685546875000000e-01 1.587455144173435528e-01
2.753906250000000000e-01 1.594913255341897651e-01
2.755126953125000000e-01 1.602370428263984459e-01
2.756347656250000000e-01 1.609826658552832024e-01
2.757568359375000000e-01 1.617281941822133751e-01
2.758789062500000000e-01 1.624736273686136212e-01
2.760009765625000000e-01 1.632189649759649142e-01
2.761230468750000000e-01 1.639642065658044878e-01
2.762451171875000000e-01 1.647093516997256424e-01
2.763671875000000000e-01 1.654543999393789100e-01
2.764892578125000000e-01 1.661993508464714997e-01
2.766113281250000000e-01 1.669442039827680746e-01
2.767333984375000000e-01 1.676889589100906963e-01
2.768554687500000000e-01 1.684336151903190471e-01
2.769775390625000000e-01 1.691781723853912345e-01
2.770996093750000000e-01 1.699226300573034310e-01
2.772216796875000000e-01 1.706669877681104286e-01
2.773437500000000000e-01 1.714112450799254173e-01
2.774658203125000000e-01 1.721554015549213446e-01
2.775878906250000000e-01 1.728994567553300554e-01
2.777099609375000000e-01 1.736434102434431526e-01
2.778320312500000000e-01 1.743872615816115246e-01
2.779541015625000000e-01 1.751310103322471223e-01
2.780761718750000000e-01 1.758746560578214602e-01
2.781982421875000000e-01 1.766181983208670314e-01
2.783203125000000000e-01 1.773616366839767811e-01
2.784423828125000000e-01 1.781049707098054102e-01
2.785644531250000000e-01 1.788481999610685713e-01
2.786865234375000000e-01 1.795913240005435896e-01
2.788085937500000000e-01 1.803343423910696852e-01
2.789306640625000000e-01 1.810772546955485007e-01
2.790527343750000000e-01 1.818200604769436568e-01
2.791748046875000000e-01 1.825627592982818070e-01
2.792968750000000000e-01 1.833053507226521939e-01
2.794189453125000000e-01 1.840478343132075922e-01
2.795410156250000000e-01 1.847902096331639488e-01
2.796630859375000000e-01 1.855324762458009924e-01
2.797851562500000000e-01 1.862746337144622899e-01
2.799072265625000000e-01 1.870166816025559120e-01
2.800292968750000000e-01 1.877586194735541003e-01
2.801513671875000000e-01 1.885004468909939890e-01
2.802734375000000000e-01 1.892421634184775492e-01
2.803955078125000000e-01 1.899837686196720332e-01
2.805175781250000000e-01 1.907252620583104186e-01
2.806396484375000000e-01 1.914666432981910194e-01
2.807617187500000000e-01 1.922079119031782080e-01
2.808837890625000000e-01 1.929490674372031367e-01
2.810058593750000000e-01 1.936901094642628496e-01
2.811279296875000000e-01 1.944310375484216147e-01
2.812500000000000000e-01 1.951718512538100914e-01
2.813720703125000000e-01 1.959125501446272177e-01
2.814941406250000000e-01 1.966531337851386008e-01
2.816162109375000000e-01 1.973936017396781817e-01
2.817382812500000000e-01 1.981339535726473478e-01
2.818603515625000000e-01 1.988741888485165976e-01
2.819824218750000000e-01 1.996143071318243478e-01
2.821044921875000000e-01 2.003543079871783483e-01
2.822265625000000000e-01 2.010941909792546833e-01
2.823486328125000000e-01 2.018339556727997142e-01
2.824707031250000000e-01 2.025736016326287747e-01
2.825927734375000000e-01 2.033131284236272540e-01
2.827148437500000000e-01 2.040525356107502630e-01
2.828369140625000000e-01 2.047918227590240781e-01
2.829589843750000000e-01 2.055309894335448639e-01
2.830810546875000000e-01 2.062700351994800618e-01
2.832031250000000000e-01 2.070089596220678063e-01
2.833251953125000000e-01 2.077477622666182300e-01
2.834472656250000000e-01 2.084864426985125196e-01
2.835693359375000000e-01 2.092250004832041932e-01
2.836914062500000000e-01 2.099634351862184889e-01
2.838134765625000000e-01 2.107017463731535867e-01
2.839355468750000000e-01 2.114399336096798310e-01
2.840576171875000000e-01 2.121779964615408964e-01
2.841796875000000000e-01 2.129159344945531496e-01
2.843017578125000000e-01 2.136537472746067867e-01
2.844238281250000000e-01 2.143914343676656675e-01
2.845458984375000000e-01 2.151289953397673982e-01
2.846679687500000000e-01 2.158664297570236923e-01
2.847900390625000000e-01 2.166037371856210925e-01
2.849121093750000000e-01 2.173409171918206928e-01
2.850341796875000000e-01 2.180779693419583887e-01
2.851562500000000000e-01 2.188148932024451265e-01
2.852783203125000000e-01 2.195516883397680696e-01
2.854003906250000000e-01 2.202883543204893213e-01
2.855224609375000000e-01 2.210248907112474237e-01
2.856445312500000000e-01 2.217612970787566917e-01
2.857666015625000000e-01 2.224975729898086008e-01
2.858886718750000000e-01 2.232337180112707875e-01
2.860107421875000000e-01 2.239697317100883267e-01
2.861328125000000000e-01 2.247056136532828985e-01
2.862548828125000000e-01 2.254413634079544815e-01
2.863769531250000000e-01 2.261769805412803536e-01
2.864990234375000000e-01 2.269124646205160079e-01
2.866210937500000000e-01 2.276478152129947086e-01
2.867431640625000000e-01 2.283830318861291564e-01
2.868652343750000000e-01 2.291181142074100174e-01
2.869873046875000000e-01 2.298530617444075330e-01
2.871093750000000000e-01 2.305878740647706593e-01
2.872314453125000000e-01 2.313225507362285938e-01
2.873535156250000000e-01 2.320570913265897484e-01
2.874755859375000000e-01 2.327914954037430539e-01
2.875976562500000000e-01 2.335257625356570443e-01
2.877197265625000000e-01 2.342598922903818548e-01
2.878417968750000000e-01 2.349938842360475011e-01
2.879638671875000000e-01 2.357277379408656282e-01
2.880859375000000000e-01 2.364614529731287884e-01
2.882080078125000000e-01 2.371950289012114688e-01
2.883300781250000000e-01 2.379284652935699240e-01
2.884521484375000000e-01 2.386617617187423990e-01
2.885742187500000000e-01 2.393949177453492116e-01
2.886962890625000000e-01 2.401279329420939468e-01
2.888183593750000000e-01 2.408608068777625122e-01
2.889404296875000000e-01 2.415935391212240546e-01
2.890625000000000000e-01 2.423261292414308765e-01
2.891845703125000000e-01 2.430585768074194075e-01
2.893066406250000000e-01 2.437908813883094550e-01
2.894287109375000000e-01 2.445230425533051755e-01
2.895507812500000000e-01 2.452550598716947694e-01
2.896728515625000000e-01 2.459869329128516746e-01
2.897949218750000000e-01 2.467186612462335948e-01
2.899169921875000000e-01 2.474502444413838043e-01
2.900390625000000000e-01 2.481816820679303981e-01
2.901611328125000000e-01 2.489129736955878469e-01
2.902832031250000000e-01 2.496441188941559419e-01
2.904052734375000000e-01 2.503751172335209052e-01
2.905273437500000000e-01 2.511059682836548901e-01
2.906494140625000000e-01 2.518366716146175910e-01
2.907714843750000000e-01 2.525672267965546891e-01
2.908935546875000000e-01 2.532976333996997398e-01
2.910156250000000000e-01 2.540278909943728958e-01
2.911376953125000000e-01 2.547579991509828501e-01
2.912597656250000000e-01 2.554879574400254483e-01
2.913818359375000000e-01 2.562177654320853537e-01
2.915039062500000000e-01 2.569474226978349374e-01
2.916259765625000000e-01 2.576769288080359988e-01
2.917480468750000000e-01 2.584062833335387110e-01
2.918701171875000000e-01 2.591354858452826759e-01
2.919921875000000000e-01 2.598645359142966460e-01
2.921142578125000000e-01 2.605934331116995240e-01
2.922363281250000000e-01 2.613221770086996965e-01
2.923583984375000000e-01 2.620507671765961444e-01
2.924804687500000000e-01 2.627792031867775546e-01
2.926025390625000000e-01 2.635074846107242075e-01
2.927246093750000000e-01 2.642356110200068664e-01
2.928466796875000000e-01 2.649635819862874442e-01
2.929687500000000000e-01 2.656913970813191139e-01
2.930908203125000000e-01 2.664190558769475303e-01
2.932128906250000000e-01 2.671465579451094974e-01
2.933349609375000000e-01 2.678739028578343562e-01
2.934570312500000000e-01 2.686010901872434853e-01
2.935791015625000000e-01 2.693281195055519661e-01
2.937011718750000000e-01 2.700549903850665845e-01
2.938232421875000000e-01 2.707817023981883842e-01
2.939453125000000000e-01 2.715082551174110015e-01
2.940673828125000000e-01 2.722346481153224973e-01
2.941894531250000000e-01 2.729608809646044687e-01
2.943115234375000000e-01 2.736869532380329373e-01
2.944335937500000000e-01 2.744128645084779605e-01
2.945556640625000000e-01 2.751386143489051306e-01
2.946777343750000000e-01 2.758642023323741310e-01
2.947998046875000000e-01 2.765896280320405132e-01
2.949218750000000000e-01 2.773148910211547524e-01
2.950439453125000000e-01 2.780399908730636360e-01
2.951660156250000000e-01 2.787649271612093194e-01
2.952880859375000000e-01 2.794896994591307138e-01
2.954101562500000000e-01 2.802143073404625429e-01
2.955322265625000000e-01 2.809387503789371188e-01
2.956542968750000000e-01 2.816630281483830101e-01
2.957763671875000000e-01 2.823871402227264293e-01
2.958984375000000000e-01 2.831110861759906783e-01
2.960205078125000000e-01 2.838348655822971467e-01
2.961425781250000000e-01 2.845584780158650351e-01
2.962646484375000000e-01 2.852819230510119652e-01
2.963867187500000000e-01 2.860052002621534251e-01
2.965087890625000000e-01 2.867283092238044340e-01
2.966308593750000000e-01 2.874512495105785992e-01
2.967529296875000000e-01 2.881740206971887264e-01
2.968750000000000000e-01 2.888966223584468751e-01
2.969970703125000000e-01 2.896190540692656357e-01
2.971191406250000000e-01 2.903413154046565747e-01
2.972412109375000000e-01 2.910634059397322893e-01
2.973632812500000000e-01 2.917853252497051852e-01
2.974853515625000000e-01 2.925070729098890876e-01
2.976074218750000000e-01 2.932286484956981854e-01
2.977294921875000000e-01 2.939500515826483640e-01
2.978515625000000000e-01 2.946712817463565393e-01
2.979736328125000000e-01 2.953923385625417120e-01
2.980957031250000000e-01 2.961132216070247458e-01
2.982177734375000000e-01 2.968339304557287561e-01
2.983398437500000000e-01 2.975544646846791097e-01
2.984619140625000000e-01 2.982748238700042576e-01
2.985839843750000000e-01 2.989950075879354574e-01
2.987060546875000000e-01 2.997150154148072176e-01
2.988281250000000000e-01 3.004348469270571864e-01
2.989501953125000000e-01 3.011545017012274283e-01
2.990722656250000000e-01 3.018739793139632588e-01
2.991943359375000000e-01 3.025932793420147982e-01
2.993164062500000000e-01 3.033124013622360837e-01
2.994384765625000000e-01 3.040313449515864574e-01
2.995605468750000000e-01 3.047501096871297332e-01
2.996826171875000000e-01 3.054686951460353073e-01
2.998046875000000000e-01 3.061871009055776027e-01
2.999267578125000000e-01 3.069053265431372357e-01
3.000488281250000000e-01 3.076233716362005155e-01
3.001708984375000000e-01 3.083412357623599998e-01
3.002929687500000000e-01 3.090589184993147165e-01
3.004150390625000000e-01 3.097764194248703862e-01
3.005371093750000000e-01 3.104937381169396993e-01
3.006591796875000000e-01 3.112108741535427603e-01
3.007812500000000000e-01 3.119278271128063662e-01
3.009033203125000000e-01 3.126445965729662269e-01
3.010253906250000000e-01 3.133611821123649666e-01
3.011474609375000000e-01 3.140775833094539005e-01
3.012695312500000000e-01 3.147937997427923684e-01
3.013916015625000000e-01 3.155098309910492338e-01
3.015136718750000000e-01 3.162256766330013291e-01
3.016357421875000000e-01 3.169413362475353435e-01
3.017578125000000000e-01 3.176568094136468789e-01
3.018798828125000000e-01 3.183720957104417271e-01
3.020019531250000000e-01 3.190871947171353695e-01
3.021240234375000000e-01 3.198021060130536442e-01
3.022460937500000000e-01 3.205168291776321898e-01
3.023681640625000000e-01 3.212313637904181118e-01
3.024902343750000000e-01 3.219457094310692047e-01
3.026123046875000000e-01 3.226598656793542297e-01
3.027343750000000000e-01 3.233738321151531925e-01
3.028564453125000000e-01 3.240876083184584533e-01
3.029785156250000000e-01 3.248011938693736167e-01
3.031005859375000000e-01 3.255145883481148084e-01
3.032226562500000000e-01 3.262277913350101755e-01
3.033447265625000000e-01 3.269408024105012189e-01
3.034667968750000000e-01 3.276536211551414612e-01
3.035888671875000000e-01 3.283662471495984447e-01
3.037109375000000000e-01 3.290786799746521218e-01
3.038330078125000000e-01 3.297909192111970200e-01
3.039550781250000000e-01 3.305029644402410205e-01
3.040771484375000000e-01 3.312148152429063575e-01
3.041992187500000000e-01 3.319264712004291185e-01
3.043212890625000000e-01 3.326379318941610763e-01
3.044433593750000000e-01 3.333491969055678017e-01
3.045654296875000000e-01 3.340602658162307725e-01
3.046875000000000000e-01 3.347711382078459308e-01
3.048095703125000000e-01 3.354818136622257918e-01
3.049316406250000000e-01 3.361922917612981676e-01
3.050537109375000000e-01 3.369025720871071661e-01
3.051757812500000000e-01 3.376126542218130244e-01
3.052978515625000000e-01 3.383225377476928863e-01
3.054199218750000000e-01 3.390322222471404134e-01
3.055419921875000000e-01 3.397417073026667844e-01
3.056640625000000000e-01 3.404509924968996404e-01
3.057861328125000000e-01 3.411600774125853608e-01
3.059082031250000000e-01 3.418689616325872316e-01
3.060302734375000000e-01 3.425776447398872215e-01
3.061523437500000000e-01 3.432861263175848721e-01
3.062744140625000000e-01 3.439944059488991290e-01
3.063964843750000000e-01 3.447024832171670661e-01
3.065185546875000000e-01 3.454103577058455499e-01
3.066406250000000000e-01 3.461180289985094638e-01
3.067626953125000000e-01 3.468254966788547611e-01
3.068847656250000000e-01 3.475327603306959667e-01
3.070068359375000000e-01 3.482398195379683981e-01
3.071289062500000000e-01 3.489466738847270544e-01
3.072509765625000000e-01 3.496533229551478938e-01
3.073730468750000000e-01 3.503597663335275558e-01
3.074951171875000000e-01 3.510660036042834165e-01
3.076171875000000000e-01 3.517720343519544213e-01
3.077392578125000000e-01 3.524778581612007522e-01
3.078613281250000000e-01 3.531834746168046046e-01
3.079833984375000000e-01 3.538888833036700210e-01
3.081054687500000000e-01 3.545940838068227796e-01
3.082275390625000000e-01 3.552990757114121712e-01
3.083496093750000000e-01 3.560038586027093888e-01
3.084716796875000000e-01 3.567084320661089714e-01
3.085937500000000000e-01 3.574127956871280820e-01
3.087158203125000000e-01 3.581169490514081732e-01
3.088378906250000000e-01 3.588208917447138768e-01
3.089599609375000000e-01 3.595246233529338364e-01
3.090820312500000000e-01 3.602281434620805411e-01
3.092041015625000000e-01 3.609314516582918242e-01
3.093261718750000000e-01 3.616345475278291421e-01
3.094482421875000000e-01 3.623374306570796288e-01
3.095703125000000000e-01 3.630401006325548185e-01
3.096923828125000000e-01 3.637425570408924780e-01
3.098144531250000000e-01 3.644447994688553849e-01
3.099365234375000000e-01 3.651468275033326605e-01
3.100585937500000000e-01 3.658486407313388811e-01
3.101806640625000000e-01 3.665502387400157436e-01
3.103027343750000000e-01 3.672516211166310662e-01
3.104248046875000000e-01 3.679527874485799543e-01
3.105468750000000000e-01 3.686537373233838011e-01
3.106689453125000000e-01 3.693544703286923414e-01
3.107910156250000000e-01 3.700549860522820422e-01
3.109130859375000000e-01 3.707552840820578788e-01
3.110351562500000000e-01 3.714553640060521134e-01
3.111572265625000000e-01 3.721552254124263492e-01
3.112792968750000000e-01 3.728548678894695878e-01
3.114013671875000000e-01 3.735542910256006155e-01
3.115234375000000000e-01 3.742534944093665605e-01
3.116455078125000000e-01 3.749524776294442252e-01
3.117675781250000000e-01 3.756512402746397528e-01
3.118896484375000000e-01 3.763497819338890715e-01
3.120117187500000000e-01 3.770481021962579504e-01
3.121337890625000000e-01 3.777462006509429426e-01
3.122558593750000000e-01 3.784440768872703864e-01
3.123779296875000000e-01 3.791417304946979594e-01
3.125000000000000000e-01 3.798391610628136239e-01
3.126220703125000000e-01 3.805363681813372922e-01
3.127441406250000000e-01 3.812333514401198831e-01
3.128662109375000000e-01 3.819301104291441540e-01
3.129882812500000000e-01 3.826266447385244240e-01
3.131103515625000000e-01 3.833229539585080725e-01
3.132324218750000000e-01 3.840190376794738181e-01
3.133544921875000000e-01 3.847148954919338837e-01
3.134765625000000000e-01 3.854105269865326644e-01
3.135986328125000000e-01 3.861059317540484481e-01
3.137207031250000000e-01 3.868011093853924165e-01
3.138427734375000000e-01 3.874960594716094775e-01
3.139648437500000000e-01 3.881907816038781545e-01
3.140869140625000000e-01 3.888852753735116408e-01
3.142089843750000000e-01 3.895795403719570227e-01
3.143310546875000000e-01 3.902735761907963341e-01
3.144531250000000000e-01 3.909673824217456128e-01
3.145751953125000000e-01 3.916609586566571211e-01
3.146972656250000000e-01 3.923543044875174024e-01
3.148193359375000000e-01 3.930474195064492804e-01
3.149414062500000000e-01 3.937403033057106927e-01
3.150634765625000000e-01 3.944329554776963564e-01
3.151855468750000000e-01 3.951253756149366025e-01
3.153076171875000000e-01 3.958175633100987079e-01
3.154296875000000000e-01 3.965095181559861182e-01
3.155517578125000000e-01 3.972012397455398358e-01
3.156738281250000000e-01 3.978927276718379757e-01
3.157958984375000000e-01 3.985839815280959875e-01
3.159179687500000000e-01 3.992750009076667661e-01
3.160400390625000000e-01 3.999657854040416516e-01
3.161621093750000000e-01 4.006563346108499846e-01
3.162841796875000000e-01 4.013466481218593840e-01
3.164062500000000000e-01 4.020367255309758581e-01
3.165283203125000000e-01 4.027265664322453032e-01
3.166503906250000000e-01 4.034161704198515608e-01
3.167724609375000000e-01 4.041055370881186937e-01
3.168945312500000000e-01 4.047946660315096534e-01
3.170166015625000000e-01 4.054835568446281679e-01
3.171386718750000000e-01 4.061722091222170761e-01
3.172607421875000000e-01 4.068606224591603815e-01
3.173828125000000000e-01 4.075487964504816985e-01
3.175048828125000000e-01 4.082367306913465277e-01
3.176269531250000000e-01 4.089244247770606466e-01
3.177490234375000000e-01 4.096118783030714972e-01
3.178710937500000000e-01 4.102990908649674640e-01
3.179931640625000000e-01 4.109860620584795954e-01
3.181152343750000000e-01 4.116727914794802157e-01
3.182373046875000000e-01 4.123592787239842017e-01
3.183593750000000000e-01 4.130455233881485388e-01
3.184814453125000000e-01 4.137315250682735424e-01
3.186035156250000000e-01 4.144172833608018025e-01
3.187255859375000000e-01 4.151027978623196835e-01
3.188476562500000000e-01 4.157880681695561020e-01
3.189697265625000000e-01 4.164730938793849147e-01
3.190917968750000000e-01 4.171578745888226414e-01
3.192138671875000000e-01 4.178424098950306864e-01
3.193359375000000000e-01 4.185266993953142278e-01
3.194580078125000000e-01 4.192107426871238274e-01
3.195800781250000000e-01 4.198945393680541538e-01
3.197021484375000000e-01 4.205780890358454260e-01
3.198242187500000000e-01 4.212613912883826361e-01
3.199462890625000000e-01 4.219444457236971036e-01
3.200683593750000000e-01 4.226272519399652539e-01
3.201904296875000000e-01 4.233098095355099511e-01
3.203125000000000000e-01 4.239921181087998314e-01
3.204345703125000000e-01 4.246741772584506913e-01
3.205566406250000000e-01 4.253559865832245435e-01
3.206787109375000000e-01 4.260375456820306161e-01
3.208007812500000000e-01 4.267188541539250202e-01
3.209228515625000000e-01 4.273999115981118035e-01
3.210449218750000000e-01 4.280807176139422299e-01
3.211669921875000000e-01 4.287612718009159440e-01
3.212890625000000000e-01 4.294415737586799731e-01
3.214111328125000000e-01 4.301216230870306689e-01
3.215332031250000000e-01 4.308014193859122654e-01
3.216552734375000000e-01 4.314809622554183766e-01
3.217773437500000000e-01 4.321602512957909425e-01
3.218994140625000000e-01 4.328392861074222275e-01
3.220214843750000000e-01 4.335180662908532656e-01
3.221435546875000000e-01 4.341965914467754706e-01
3.222656250000000000e-01 4.348748611760294702e-01
3.223876953125000000e-01 4.355528750796072157e-01
3.225097656250000000e-01 4.362306327586500942e-01
3.226318359375000000e-01 4.369081338144512050e-01
3.227539062500000000e-01 4.375853778484535828e-01
3.228759765625000000e-01 4.382623644622525294e-01
3.229980468750000000e-01 4.389390932575940041e-01
3.231201171875000000e-01 4.396155638363759555e-01
3.232421875000000000e-01 4.402917758006480442e-01
3.233642578125000000e-01 4.409677287526124201e-01
3.234863281250000000e-01 4.416434222946231114e-01
3.236083984375000000e-01 4.423188560291873572e-01
3.237304687500000000e-01 4.429940295589644972e-01
3.238525390625000000e-01 4.436689424867676368e-01
3.239746093750000000e-01 4.443435944155628148e-01
3.240966796875000000e-01 4.450179849484697248e-01
3.242187500000000000e-01 4.456921136887614376e-01
3.243408203125000000e-01 4.463659802398659560e-01
3.244628906250000000e-01 4.470395842053645485e-01
3.245849609375000000e-01 4.477129251889936379e-01
3.247070312500000000e-01 4.483860027946436344e-01
3.248291015625000000e-01 4.490588166263608794e-01
3.249511718750000000e-01 4.497313662883458130e-01
3.250732421875000000e-01 4.504036513849553058e-01
3.251953125000000000e-01 4.510756715207007717e-01
3.253173828125000000e-01 4.517474263002506096e-01
3.254394531250000000e-01 4.524189153284284837e-01
3.255615234375000000e-01 4.530901382102149877e-01
3.256835937500000000e-01 4.537610945507464799e-01
3.258056640625000000e-01 4.544317839553170812e-01
3.259277343750000000e-01 4.551022060293773430e-01
3.260498046875000000e-01 4.557723603785354127e-01
3.261718750000000000e-01 4.564422466085563124e-01
3.262939453125000000e-01 4.571118643253638258e-01
3.264160156250000000e-01 4.577812131350385561e-01
3.265380859375000000e-01 4.584502926438202564e-01
3.266601562500000000e-01 4.591191024581062208e-01
3.267822265625000000e-01 4.597876421844533934e-01
3.269042968750000000e-01 4.604559114295768141e-01
3.270263671875000000e-01 4.611239098003509507e-01
3.271484375000000000e-01 4.617916369038094215e-01
3.272705078125000000e-01 4.624590923471457171e-01
3.273925781250000000e-01 4.631262757377130890e-01
3.275146484375000000e-01 4.637931866830246608e-01
3.276367187500000000e-01 4.644598247907537059e-01
3.277587890625000000e-01 4.651261896687344244e-01
3.278808593750000000e-01 4.657922809249615548e-01
3.280029296875000000e-01 4.664580981675907068e-01
3.281250000000000000e-01 4.671236410049384724e-01
3.282470703125000000e-01 4.677889090454837584e-01
3.283691406250000000e-01 4.684539018978660097e-01
3.284912109375000000e-01 4.691186191708873188e-01
3.286132812500000000e-01 4.697830604735113713e-01
3.287353515625000000e-01 4.704472254148648336e-01
3.288574218750000000e-01 4.711111136042362979e-01
3.289794921875000000e-01 4.717747246510776149e-01
3.291015625000000000e-01 4.724380581650033384e-01
3.292236328125000000e-01 4.731011137557915580e-01
3.293457031250000000e-01 4.737638910333837328e-01
3.294677734375000000e-01 4.744263896078852460e-01
3.295898437500000000e-01 4.750886090895647951e-01
3.297119140625000000e-01 4.757505490888561672e-01
3.298339843750000000e-01 4.764122092163569078e-01
3.299560546875000000e-01 4.770735890828296522e-01
3.300781250000000000e-01 4.777346882992011268e-01
3.302001953125000000e-01 4.783955064765643694e-01
3.303222656250000000e-01 4.790560432261765089e-01
3.304443359375000000e-01 4.797162981594612075e-01
3.305664062500000000e-01 4.803762708880071619e-01
3.306884765625000000e-01 4.810359610235697136e-01
3.308105468750000000e-01 4.816953681780699603e-01
3.309326171875000000e-01 4.823544919635957551e-01
3.310546875000000000e-01 4.830133319924014290e-01
3.311767578125000000e-01 4.836718878769084573e-01
3.312988281250000000e-01 4.843301592297054037e-01
3.314208984375000000e-01 4.849881456635483090e-01
3.315429687500000000e-01 4.856458467913604138e-01
3.316650390625000000e-01 4.863032622262332683e-01
3.317871093750000000e-01 4.869603915814262329e-01
3.319091796875000000e-01 4.876172344703673667e-01
3.320312500000000000e-01 4.882737905066522055e-01
3.321533203125000000e-01 4.889300593040464826e-01
3.322753906250000000e-01 4.895860404764837970e-01
3.323974609375000000e-01 4.902417336380675006e-01
3.325195312500000000e-01 4.908971384030698659e-01
3.326416015625000000e-01 4.915522543859336957e-01
3.327636718750000000e-01 4.922070812012707131e-01
3.328857421875000000e-01 4.928616184638633935e-01
3.330078125000000000e-01 4.935158657886640765e-01
3.331298828125000000e-01 4.941698227907960761e-01
3.332519531250000000e-01 4.948234890855534029e-01
3.333740234375000000e-01 4.954768642884010976e-01
3.334960937500000000e-01 4.961299480149748975e-01
3.336181640625000000e-01 4.967827398810829576e-01
3.337402343750000000e-01 4.974352395027044627e-01
3.338623046875000000e-01 4.980874464959907932e-01
3.339843750000000000e-01 4.987393604772650257e-01
3.341064453125000000e-01 4.993909810630235424e-01
3.342285156250000000e-01 5.000423078699341994e-01
3.343505859375000000e-01 5.006933405148387140e-01
3.344726562500000000e-01 5.013440786147507211e-01
3.345947265625000000e-01 5.019945217868584386e-01
3.347167968750000000e-01 5.026446696485225019e-01
3.348388671875000000e-01 5.032945218172777402e-01
3.349609375000000000e-01 5.039440779108329549e-01
3.350830078125000000e-01 5.045933375470708082e-01
3.352050781250000000e-01 5.052423003440489335e-01
3.353271484375000000e-01 5.058909659199990472e-01
3.354492187500000000e-01 5.065393338933276146e-01
3.355712890625000000e-01 5.071874038826170716e-01
3.356933593750000000e-01 5.078351755066241591e-01
3.358154296875000000e-01 5.084826483842816991e-01
3.359375000000000000e-01 5.091298221346975961e-01
3.360595703125000000e-01 5.097766963771568349e-01
3.361816406250000000e-01 5.104232707311195938e-01
3.363037109375000000e-01 5.110695448162231314e-01
3.364257812500000000e-01 5.117155182522807877e-01
3.365478515625000000e-01 5.123611906592830945e-01
3.366699218750000000e-01 5.130065616573975529e-01
3.367919921875000000e-01 5.136516308669694109e-01
3.369140625000000000e-01 5.142963979085203308e-01
3.370361328125000000e-01 5.149408624027512760e-01
3.371582031250000000e-01 5.155850239705397353e-01
3.372802734375000000e-01 5.162288822329428317e-01
3.374023437500000000e-01 5.168724368111943246e-01
3.375244140625000000e-01 5.175156873267083846e-01
3.376464843750000000e-01 5.181586334010770400e-01
3.377685546875000000e-01 5.188012746560719535e-01
3.378906250000000000e-01 5.194436107136433112e-01
3.380126953125000000e-01 5.200856411959219328e-01
3.381347656250000000e-01 5.207273657252173837e-01
3.382568359375000000e-01 5.213687839240198629e-01
3.383789062500000000e-01 5.220098954149995363e-01
3.385009765625000000e-01 5.226506998210069810e-01
3.386230468750000000e-01 5.232911967650737406e-01
3.387451171875000000e-01 5.239313858704115479e-01
3.388671875000000000e-01 5.245712667604137680e-01
3.389892578125000000e-01 5.252108390586551767e-01
3.391113281250000000e-01 5.258501023888917381e-01
3.392333984375000000e-01 5.264890563750612706e-01
3.393554687500000000e-01 5.271277006412835586e-01
3.394775390625000000e-01 5.277660348118606848e-01
3.395996093750000000e-01 5.284040585112772526e-01
3.397216796875000000e-01 5.290417713642001640e-01
3.398437500000000000e-01 5.296791729954795080e-01
3.399658203125000000e-01 5.303162630301481162e-01
3.400878906250000000e-01 5.309530410934226730e-01
3.402099609375000000e-01 5.315895068107028276e-01
3.403320312500000000e-01 5.322256598075719713e-01
3.404541015625000000e-01 5.328614997097982364e-01
3.405761718750000000e-01 5.334970261433330529e-01
3.406982421875000000e-01 5.341322387343127032e-01
3.408203125000000000e-01 5.347671371090576553e-01
3.409423828125000000e-01 5.354017208940741179e-01
3.410644531250000000e-01 5.360359897160522635e-01
3.411865234375000000e-01 5.366699432018686711e-01
3.413085937500000000e-01 5.373035809785839945e-01
3.414306640625000000e-01 5.379369026734462933e-01
3.415527343750000000e-01 5.385699079138882572e-01
3.416748046875000000e-01 5.392025963275295375e-01
3.417968750000000000e-01 5.398349675421754146e-01
3.419189453125000000e-01 5.404670211858186857e-01
3.420410156250000000e-01 5.410987568866379993e-01
3.421630859375000000e-01 5.417301742729998537e-01
3.422851562500000000e-01 5.423612729734574867e-01
3.424072265625000000e-01 5.429920526167519856e-01
3.425292968750000000e-01 5.436225128318116218e-01
3.426513671875000000e-01 5.442526532477531820e-01
3.427734375000000000e-01 5.448824734938813030e-01
3.428955078125000000e-01 5.455119731996886934e-01
3.430175781250000000e-01 5.461411519948571325e-01
3.431396484375000000e-01 5.467700095092570267e-01
3.432617187500000000e-01 5.473985453729472983e-01
3.433837890625000000e-01 5.480267592161768286e-01
3.435058593750000000e-01 5.486546506693834591e-01
3.436279296875000000e-01 5.492822193631949901e-01
3.437500000000000000e-01 5.499094649284286263e-01
3.438720703125000000e-01 5.505363869960923084e-01
3.439941406250000000e-01 5.511629851973837146e-01
3.441162109375000000e-01 5.517892591636914812e-01
3.442382812500000000e-01 5.524152085265944256e-01
3.443603515625000000e-01 5.530408329178631011e-01
3.444824218750000000e-01 5.536661319694583527e-01
3.446044921875000000e-01 5.542911053135333166e-01
3.447265625000000000e-01 5.549157525824316428e-01
3.448486328125000000e-01 5.555400734086901604e-01
3.449707031250000000e-01 5.561640674250364347e-01
3.450927734375000000e-01 5.567877342643913208e-01
3.452148437500000000e-01 5.574110735598671873e-01
3.453369140625000000e-01 5.580340849447700258e-01
3.454589843750000000e-01 5.586567680525980073e-01
3.455810546875000000e-01 5.592791225170430369e-01
3.457031250000000000e-01 5.599011479719897544e-01
3.458251953125000000e-01 5.605228440515166444e-01
3.459472656250000000e-01 5.611442103898958145e-01
3.460693359375000000e-01 5.617652466215936613e-01
3.461914062500000000e-01 5.623859523812703154e-01
3.463134765625000000e-01 5.630063273037809735e-01
3.464355468750000000e-01 5.636263710241746772e-01
3.465576171875000000e-01 5.642460831776960895e-01
3.466796875000000000e-01 5.648654633997839403e-01
3.468017578125000000e-01 5.654845113260732470e-01
3.469238281250000000e-01 5.661032265923938711e-01
3.470458984375000000e-01 5.667216088347717395e-01
3.471679687500000000e-01 5.673396576894282894e-01
3.472900390625000000e-01 5.679573727927813565e-01
3.474121093750000000e-01 5.685747537814451746e-01
3.475341796875000000e-01 5.691918002922304876e-01
3.476562500000000000e-01 5.698085119621443262e-01
3.477783203125000000e-01 5.704248884283915633e-01
3.479003906250000000e-01 5.710409293283735810e-01
3.480224609375000000e-01 5.716566342996896033e-01
3.481445312500000000e-01 5.722720029801355857e-01
3.482666015625000000e-01 5.728870350077068796e-01
3.483886718750000000e-01 5.735017300205955681e-01
3.485107421875000000e-01 5.741160876571924643e-01
3.486328125000000000e-01 5.747301075560865558e-01
3.487548828125000000e-01 5.753437893560661154e-01
3.488769531250000000e-01 5.759571326961177018e-01
3.489990234375000000e-01 5.765701372154277138e-01
3.491210937500000000e-01 5.771828025533803919e-01
3.492431640625000000e-01 5.777951283495614820e-01
3.493652343750000000e-01 5.784071142437550161e-01
3.494873046875000000e-01 5.790187598759457543e-01
3.496093750000000000e-01 5.796300648863179639e-01
3.497314453125000000e-01 5.802410289152570844e-01
3.498535156250000000e-01 5.808516516033481736e-01
3.499755859375000000e-01 5.814619325913781278e-01
3.500976562500000000e-01 5.820718715203340166e-01
3.502197265625000000e-01 5.826814680314049699e-01
3.503417968750000000e-01 5.832907217659804022e-01
3.504638671875000000e-01 5.838996323656526766e-01
3.505859375000000000e-01 5.845081994722147734e-01
3.507080078125000000e-01 5.851164227276628438e-01
3.508300781250000000e-01 5.857243017741944335e-01
3.509521484375000000e-01 5.863318362542104811e-01
3.510742187500000000e-01 5.869390258103133196e-01
3.511962890625000000e-01 5.875458700853097849e-01
3.513183593750000000e-01 5.881523687222084407e-01
3.514404296875000000e-01 5.887585213642222426e-01
3.515625000000000000e-01 5.893643276547666510e-01
3.516845703125000000e-01 5.899697872374620733e-01
3.518066406250000000e-01 5.905748997561315328e-01
3.519287109375000000e-01 5.911796648548035549e-01
3.520507812500000000e-01 5.917840821777100579e-01
3.521728515625000000e-01 5.923881513692881295e-01
3.522949218750000000e-01 5.929918720741791383e-01
3.524169921875000000e-01 5.935952439372301770e-01
3.525390625000000000e-01 5.941982666034925087e-01
3.526611328125000000e-01 5.948009397182238978e-01
3.527832031250000000e-01 5.954032629268872778e-01
3.529052734375000000e-01 5.960052358751513069e-01
3.530273437500000000e-01 5.966068582088905892e-01
3.531494140625000000e-01 5.972081295741866747e-01
3.532714843750000000e-01 5.978090496173266155e-01
3.533935546875000000e-01 5.984096179848051866e-01
3.535156250000000000e-01 5.990098343233228873e-01
3.536376953125000000e-01 5.996096982797884944e-01
3.537597656250000000e-01 6.002092095013169537e-01
3.538818359375000000e-01 6.008083676352318214e-01
3.540039062500000000e-01 6.014071723290630445e-01
3.541259765625000000e-01 6.020056232305501798e-01
3.542480468750000000e-01 6.026037199876392858e-01
3.543701171875000000e-01 6.032014622484858091e-01
3.544921875000000000e-01 6.037988496614528078e-01
3.546142578125000000e-01 6.043958818751135054e-01
3.547363281250000000e-01 6.049925585382486259e-01
3.548583984375000000e-01 6.055888792998490588e-01
3.549804687500000000e-01 6.061848438091141933e-01
3.551025390625000000e-01 6.067804517154538058e-01
3.552246093750000000e-01 6.073757026684871718e-01
3.553466796875000000e-01 6.079705963180432882e-01
3.554687500000000000e-01 6.085651323141614277e-01
3.555908203125000000e-01 6.091593103070918058e-01
3.557128906250000000e-01 6.097531299472944699e-01
3.558349609375000000e-01 6.103465908854408539e-01
3.559570312500000000e-01 6.109396927724127790e-01
3.560791015625000000e-01 6.115324352593042301e-01
3.562011718750000000e-01 6.121248179974195791e-01
3.563232421875000000e-01 6.127168406382759169e-01
3.564453125000000000e-01 6.133085028336008326e-01
3.565673828125000000e-01 6.138998042353351892e-01
3.566894531250000000e-01 6.144907444956315690e-01
3.568115234375000000e-01 6.150813232668550512e-01
3.569335937500000000e-01 6.156715402015831007e-01
3.570556640625000000e-01 6.162613949526065671e-01
3.571777343750000000e-01 6.168508871729290188e-01
3.572998046875000000e-01 6.174400165157674092e-01
3.574218750000000000e-01 6.180287826345518543e-01
3.575439453125000000e-01 6.186171851829269652e-01
3.576660156250000000e-01 6.192052238147500720e-01
3.577880859375000000e-01 6.197928981840937768e-01
3.579101562500000000e-01 6.203802079452438445e-01
3.580322265625000000e-01 6.209671527527014234e-01
3.581542968750000000e-01 6.215537322611818238e-01
3.582763671875000000e-01 6.221399461256156282e-01
3.583984375000000000e-01 6.227257940011481363e-01
3.585205078125000000e-01 6.233112755431402530e-01
3.586425781250000000e-01 6.238963904071682665e-01
3.587646484375000000e-01 6.244811382490240703e-01
3.588867187500000000e-01 6.250655187247156075e-01
3.590087890625000000e-01 6.256495314904670924e-01
3.591308593750000000e-01 6.262331762027186777e-01
3.592529296875000000e-01 6.268164525181272317e-01
3.593750000000000000e-01 6.273993600935661163e-01
3.594970703125000000e-01 6.279818985861264080e-01
3.596191406250000000e-01 6.285640676531151216e-01
3.597412109375000000e-01 6.291458669520576530e-01
3.598632812500000000e-01 6.297272961406958913e-01
3.599853515625000000e-01 6.303083548769907729e-01
3.601074218750000000e-01 6.308890428191198385e-01
3.602294921875000000e-01 6.314693596254796759e-01
3.603515625000000000e-01 6.320493049546843656e-01
3.604736328125000000e-01 6.326288784655675901e-01
3.605957031250000000e-01 6.332080798171807468e-01
3.607177734375000000e-01 6.337869086687950571e-01
3.608398437500000000e-01 6.343653646798999013e-01
3.609619140625000000e-01 6.349434475102049280e-01
3.610839843750000000e-01 6.355211568196387217e-01
3.612060546875000000e-01 6.360984922683499132e-01
3.613281250000000000e-01 6.366754535167065132e-01
3.614501953125000000e-01 6.372520402252976890e-01
3.615722656250000000e-01 6.378282520549319878e-01
3.616943359375000000e-01 6.384040886666388914e-01
3.618164062500000000e-01 6.389795497216683717e-01
3.619384765625000000e-01 6.395546348814920012e-01
3.620605468750000000e-01 6.401293438078015097e-01
3.621826171875000000e-01 6.407036761625106713e-01
3.623046875000000000e-01 6.412776316077544170e-01
3.624267578125000000e-01 6.418512098058897219e-01
3.625488281250000000e-01 6.424244104194952731e-01
3.626708984375000000e-01 6.429972331113719131e-01
3.627929687500000000e-01 6.435696775445426399e-01
3.629150390625000000e-01 6.441417433822533845e-01
3.630371093750000000e-01 6.447134302879722334e-01
3.631591796875000000e-01 6.452847379253912052e-01
3.632812500000000000e-01 6.458556659584235859e-01
3.634033203125000000e-01 6.464262140512082588e-01
3.635253906250000000e-01 6.469963818681059298e-01
3.636474609375000000e-01 6.475661690737016807e-01
3.637695312500000000e-01 6.481355753328041924e-01
3.638916015625000000e-01 6.487046003104467440e-01
3.640136718750000000e-01 6.492732436718864353e-01
3.641357421875000000e-01 6.498415050826051864e-01
3.642578125000000000e-01 6.504093842083088495e-01
3.643798828125000000e-01 6.509768807149294290e-01
3.645019531250000000e-01 6.515439942686231944e-01
3.646240234375000000e-01 6.521107245357719018e-01
3.647460937500000000e-01 6.526770711829823490e-01
3.648681640625000000e-01 6.532430338770878198e-01
3.649902343750000000e-01 6.538086122851469728e-01
3.651123046875000000e-01 6.543738060744443974e-01
3.652343750000000000e-01 6.549386149124912793e-01
3.653564453125000000e-01 6.555030384670252896e-01
3.654785156250000000e-01 6.560670764060103632e-01
3.656005859375000000e-01 6.566307283976375864e-01
3.657226562500000000e-01 6.571939941103248639e-01
3.658447265625000000e-01 6.577568732127179185e-01
3.659667968750000000e-01 6.583193653736889583e-01
3.660888671875000000e-01 6.588814702623388975e-01
3.662109375000000000e-01 6.594431875479952465e-01
3.663330078125000000e-01 6.600045169002146661e-01
3.664550781250000000e-01 6.605654579887814126e-01
3.665771484375000000e-01 6.611260104837085594e-01
3.666992187500000000e-01 6.616861740552368865e-01
3.668212890625000000e-01 6.622459483738372121e-01
3.669433593750000000e-01 6.628053331102083945e-01
3.670654296875000000e-01 6.633643279352792188e-01
3.671875000000000000e-01 6.639229325202067322e-01
3.673095703125000000e-01 6.644811465363787972e-01
3.674316406250000000e-01 6.650389696554123153e-01
3.675537109375000000e-01 6.655964015491544483e-01
3.676757812500000000e-01 6.661534418896821741e-01
3.677978515625000000e-01 6.667100903493030639e-01
3.679199218750000000e-01 6.672663466005552824e-01
3.680419921875000000e-01 6.678222103162076984e-01
3.681640625000000000e-01 6.683776811692594411e-01
3.682861328125000000e-01 6.689327588329421204e-01
3.684082031250000000e-01 6.694874429807172733e-01
3.685302734375000000e-01 6.700417332862789177e-01
3.686523437500000000e-01 6.705956294235516646e-01
3.687744140625000000e-01 6.711491310666934940e-01
3.688964843750000000e-01 6.717022378900930901e-01
3.690185546875000000e-01 6.722549495683725063e-01
3.691406250000000000e-01 6.728072657763848330e-01
3.692626953125000000e-01 6.733591861892176400e-01
3.693847656250000000e-01 6.739107104821897565e-01
3.695068359375000000e-01 6.744618383308540466e-01
3.696289062500000000e-01 6.750125694109956331e-01
3.697509765625000000e-01 6.755629033986343401e-01
3.698730468750000000e-01 6.761128399700221392e-01
3.699951171875000000e-01 6.766623788016459251e-01
3.701171875000000000e-01 6.772115195702261836e-01
3.702392578125000000e-01 6.777602619527174355e-01
3.703613281250000000e-01 6.783086056263085695e-01
3.704833984375000000e-01 6.788565502684236197e-01
3.706054687500000000e-01 6.794040955567199891e-01
3.707275390625000000e-01 6.799512411690916691e-01
3.708496093750000000e-01 6.804979867836666863e-01
3.709716796875000000e-01 6.810443320788088784e-01
3.710937500000000000e-01 6.815902767331170065e-01
3.712158203125000000e-01 6.821358204254261981e-01
3.713378906250000000e-01 6.826809628348070591e-01
3.714599609375000000e-01 6.832257036405665618e-01
3.715820312500000000e-01 6.837700425222472678e-01
3.717041015625000000e-01 6.843139791596291044e-01
3.718261718750000000e-01 6.848575132327278103e-01
3.719482421875000000e-01 6.854006444217966010e-01
3.720703125000000000e-01 6.859433724073251692e-01
3.721923828125000000e-01 6.864856968700407958e-01
3.723144531250000000e-01 6.870276174909076827e-01
3.724365234375000000e-01 6.875691339511282862e-01
3.725585937500000000e-01 6.881102459321419840e-01
3.726806640625000000e-01 6.886509531156269626e-01
3.728027343750000000e-01 6.891912551834987744e-01
3.729248046875000000e-01 6.897311518179121137e-01
3.730468750000000000e-01 6.902706427012590407e-01
3.731689453125000000e-01 6.908097275161715345e-01
3.732910156250000000e-01 6.913484059455193842e-01
3.734130859375000000e-01 6.918866776724124090e-01
3.735351562500000000e-01 6.924245423801989041e-01
3.736572265625000000e-01 6.929619997524671948e-01
3.737792968750000000e-01 6.934990494730446375e-01
3.739013671875000000e-01 6.940356912259990629e-01
3.740234375000000000e-01 6.945719246956377768e-01
3.741455078125000000e-01 6.951077495665083372e-01
3.742675781250000000e-01 6.956431655233989986e-01
3.743896484375000000e-01 6.961781722513381565e-01
3.745117187500000000e-01 6.967127694355950140e-01
3.746337890625000000e-01 6.972469567616804698e-01
3.747558593750000000e-01 6.977807339153451194e-01
3.748779296875000000e-01 6.983141005825821424e-01
3.750000000000000000e-01 6.988470564496250814e-01
3.751220703125000000e-01 6.993796012029506182e-01
3.752441406250000000e-01 6.999117345292755754e-01
3.753662109375000000e-01 7.004434561155600258e-01
3.754882812500000000e-01 7.009747656490056267e-01
3.756103515625000000e-01 7.015056628170571740e-01
3.757324218750000000e-01 7.020361473074009373e-01
3.758544921875000000e-01 7.025662188079668802e-01
3.759765625000000000e-01 7.030958770069273278e-01
3.760986328125000000e-01 7.036251215926984104e-01
3.762207031250000000e-01 7.041539522539388418e-01
3.763427734375000000e-01 7.046823686795515851e-01
3.764648437500000000e-01 7.052103705586821869e-01
3.765869140625000000e-01 7.057379575807213312e-01
3.767089843750000000e-01 7.062651294353029519e-01
3.768310546875000000e-01 7.067918858123055648e-01
3.769531250000000000e-01 7.073182264018516019e-01
3.770751953125000000e-01 7.078441508943088545e-01
3.771972656250000000e-01 7.083696589802892518e-01
3.773193359375000000e-01 7.088947503506503045e-01
3.774414062500000000e-01 7.094194246964936612e-01
3.775634765625000000e-01 7.099436817091674401e-01
3.776855468750000000e-01 7.104675210802645635e-01
3.778076171875000000e-01 7.109909425016237572e-01
3.779296875000000000e-01 7.115139456653297723e-01
3.780517578125000000e-01 7.120365302637133853e-01
3.781738281250000000e-01 7.125586959893512873e-01
3.782958984375000000e-01 7.130804425350673048e-01
3.784179687500000000e-01 7.136017695939307348e-01
3.785400390625000000e-01 7.141226768592587870e-01
3.786621093750000000e-01 7.146431640246151407e-01
3.787841796875000000e-01 7.151632307838106106e-01
3.789062500000000000e-01 7.156828768309027033e-01
3.790283203125000000e-01 7.162021018601979483e-01
3.791503906250000000e-01 7.167209055662490114e-01
3.792724609375000000e-01 7.172392876438573595e-01
3.793945312500000000e-01 7.177572477880718171e-01
3.795166015625000000e-01 7.182747856941904541e-01
3.796386718750000000e-01 7.187919010577581425e-01
3.797607421875000000e-01 7.193085935745702209e-01
3.798828125000000000e-01 7.198248629406689414e-01
3.800048828125000000e-01 7.203407088523465784e-01
3.801269531250000000e-01 7.208561310061445404e-01
3.802490234375000000e-01 7.213711290988532587e-01
3.803710937500000000e-01 7.218857028275120769e-01
3.804931640625000000e-01 7.223998518894109155e-01
3.806152343750000000e-01 7.229135759820893847e-01
3.807373046875000000e-01 7.234268748033365615e-01
3.808593750000000000e-01 7.239397480511916561e-01
3.809814453125000000e-01 7.244521954239452333e-01
3.811035156250000000e-01 7.249642166201369919e-01
3.812255859375000000e-01 7.254758113385588736e-01
3.813476562500000000e-01 7.259869792782519538e-01
3.814697265625000000e-01 7.264977201385101058e-01
3.815917968750000000e-01 7.270080336188771142e-01
3.817138671875000000e-01 7.275179194191492282e-01
3.818359375000000000e-01 7.280273772393730525e-01
3.819580078125000000e-01 7.285364067798481003e-01
3.820800781250000000e-01 7.290450077411255725e-01
3.822021484375000000e-01 7.295531798240083576e-01
3.823242187500000000e-01 7.300609227295516979e-01
3.824462890625000000e-01 7.305682361590641882e-01
3.825683593750000000e-01 7.310751198141057783e-01
3.826904296875000000e-01 7.315815733964904366e-01
3.828125000000000000e-01 7.320875966082838193e-01
3.829345703125000000e-01 7.325931891518062677e-01
3.830566406250000000e-01 7.330983507296301438e-01
3.831787109375000000e-01 7.336030810445823835e-01
3.833007812500000000e-01 7.341073797997428318e-01
3.834228515625000000e-01 7.346112466984456857e-01
3.835449218750000000e-01 7.351146814442788280e-01
3.836669921875000000e-01 7.356176837410848268e-01
3.837890625000000000e-01 7.361202532929600473e-01
3.839111328125000000e-01 7.366223898042562057e-01
3.840332031250000000e-01 7.371240929795789265e-01
3.841552734375000000e-01 7.376253625237896294e-01
3.842773437500000000e-01 7.381261981420035312e-01
3.843994140625000000e-01 7.386265995395928652e-01
3.845214843750000000e-01 7.391265664221837728e-01
3.846435546875000000e-01 7.396260984956593010e-01
3.847656250000000000e-01 7.401251954661565158e-01
3.848876953125000000e-01 7.406238570400706100e-01
3.850097656250000000e-01 7.411220829240511287e-01
3.851318359375000000e-01 7.416198728250049665e-01
3.852539062500000000e-01 7.421172264500949245e-01
3.853759765625000000e-01 7.426141435067409313e-01
3.854980468750000000e-01 7.431106237026192662e-01
3.856201171875000000e-01 7.436066667456635582e-01
3.857421875000000000e-01 7.441022723440642306e-01
3.858642578125000000e-01 7.445974402062697228e-01
3.859863281250000000e-01 7.450921700409850468e-01
3.861083984375000000e-01 7.455864615571738963e-01
3.862304687500000000e-01 7.460803144640566487e-01
3.863525390625000000e-01 7.465737284711130295e-01
3.864746093750000000e-01 7.470667032880798919e-01
3.865966796875000000e-01 7.475592386249532151e-01
3.867187500000000000e-01 7.480513341919865500e-01
3.868408203125000000e-01 7.485429896996932397e-01
3.869628906250000000e-01 7.490342048588448653e-01
3.870849609375000000e-01 7.495249793804723559e-01
3.872070312500000000e-01 7.500153129758652115e-01
3.873291015625000000e-01 7.505052053565733905e-01
3.874511718750000000e-01 7.509946562344055332e-01
3.875732421875000000e-01 7.514836653214307383e-01
3.876953125000000000e-01 7.519722323299767863e-01
3.878173828125000000e-01 7.524603569726326935e-01
3.879394531250000000e-01 7.529480389622473790e-01
3.880615234375000000e-01 7.534352780119303317e-01
3.881835937500000000e-01 7.539220738350506101e-01
3.883056640625000000e-01 7.544084261452395079e-01
3.884277343750000000e-01 7.548943346563879997e-01
3.885498046875000000e-01 7.553797990826490727e-01
3.886718750000000000e-01 7.558648191384361725e-01
3.887939453125000000e-01 7.563493945384247574e-01
3.889160156250000000e-01 7.568335249975512991e-01
3.890380859375000000e-01 7.573172102310143927e-01
3.891601562500000000e-01 7.578004499542747574e-01
3.892822265625000000e-01 7.582832438830545696e-01
3.894042968750000000e-01 7.587655917333386846e-01
3.895263671875000000e-01 7.592474932213746364e-01
3.896484375000000000e-01 7.597289480636717496e-01
3.897705078125000000e-01 7.602099559770025827e-01
3.898925781250000000e-01 7.606905166784028172e-01
3.900146484375000000e-01 7.611706298851710351e-01
3.901367187500000000e-01 7.616502953148683863e-01
3.902587890625000000e-01 7.621295126853208091e-01
3.903808593750000000e-01 7.626082817146165871e-01
3.905029296875000000e-01 7.630866021211086814e-01
3.906250000000000000e-01 7.635644736234129537e-01
3.907470703125000000e-01 7.640418959404103871e-01
3.908691406250000000e-01 7.645188687912454206e-01
3.909912109375000000e-01 7.649953918953275034e-01
3.911132812500000000e-01 7.654714649723299846e-01
3.912353515625000000e-01 7.659470877421917789e-01
3.913574218750000000e-01 7.664222599251160339e-01
3.914794921875000000e-01 7.668969812415712406e-01
3.916015625000000000e-01 7.673712514122909001e-01
3.917236328125000000e-01 7.678450701582743010e-01
3.918457031250000000e-01 7.683184372007859642e-01
3.919677734375000000e-01 7.687913522613564199e-01
3.920898437500000000e-01 7.692638150617816528e-01
3.922119140625000000e-01 7.697358253241244341e-01
3.923339843750000000e-01 7.702073827707126563e-01
3.924560546875000000e-01 7.706784871241419976e-01
3.925781250000000000e-01 7.711491381072729245e-01
3.927001953125000000e-01 7.716193354432345775e-01
3.928222656250000000e-01 7.720890788554209960e-01
3.929443359375000000e-01 7.725583680674953380e-01
3.930664062500000000e-01 7.730272028033858822e-01
3.931884765625000000e-01 7.734955827872899148e-01
3.933105468750000000e-01 7.739635077436711752e-01
3.934326171875000000e-01 7.744309773972617439e-01
3.935546875000000000e-01 7.748979914730605989e-01
3.936767578125000000e-01 7.753645496963361694e-01
3.937988281250000000e-01 7.758306517926240042e-01
3.939208984375000000e-01 7.762962974877282152e-01
3.940429687500000000e-01 7.767614865077213659e-01
3.941650390625000000e-01 7.772262185789450273e-01
3.942871093750000000e-01 7.776904934280088888e-01
3.944091796875000000e-01 7.781543107817925353e-01
3.945312500000000000e-01 7.786176703674433375e-01
3.946533203125000000e-01 7.790805719123798934e-01
3.947753906250000000e-01 7.795430151442880318e-01
3.948974609375000000e-01 7.800049997911251420e-01
3.950195312500000000e-01 7.804665255811170654e-01
3.951416015625000000e-01 7.809275922427605376e-01
3.952636718750000000e-01 7.813881995048216345e-01
3.953857421875000000e-01 7.818483470963371040e-01
3.955078125000000000e-01 7.823080347466133677e-01
3.956298828125000000e-01 7.827672621852287405e-01
3.957519531250000000e-01 7.832260291420313214e-01
3.958740234375000000e-01 7.836843353471406592e-01
3.959960937500000000e-01 7.841421805309464199e-01
3.961181640625000000e-01 7.845995644241102740e-01
3.962402343750000000e-01 7.850564867575653416e-01
3.963623046875000000e-01 7.855129472625156373e-01
3.964843750000000000e-01 7.859689456704371802e-01
3.966064453125000000e-01 7.864244817130784382e-01
3.967285156250000000e-01 7.868795551224588847e-01
3.968505859375000000e-01 7.873341656308703307e-01
3.969726562500000000e-01 7.877883129708772580e-01
3.970947265625000000e-01 7.882419968753169304e-01
3.972167968750000000e-01 7.886952170772981718e-01
3.973388671875000000e-01 7.891479733102038097e-01
3.974609375000000000e-01 7.896002653076883426e-01
3.975830078125000000e-01 7.900520928036804946e-01
3.977050781250000000e-01 7.905034555323819934e-01
3.978271484375000000e-01 7.909543532282672373e-01
3.979492187500000000e-01 7.914047856260847391e-01
3.980712890625000000e-01 7.918547524608573474e-01
3.981933593750000000e-01 7.923042534678805815e-01
3.983154296875000000e-01 7.927532883827249632e-01
3.984375000000000000e-01 7.932018569412342401e-01
3.985595703125000000e-01 7.936499588795279392e-01
3.986816406250000000e-01 7.940975939339983691e-01
3.988037109375000000e-01 7.945447618413141733e-01
3.989257812500000000e-01 7.949914623384173318e-01
3.990478515625000000e-01 7.954376951625257153e-01
3.991699218750000000e-01 7.958834600511319746e-01
3.992919921875000000e-01 7.963287567420044288e-01
3.994140625000000000e-01 7.967735849731860664e-01
3.995361328125000000e-01 7.972179444829959882e-01
3.996582031250000000e-01 7.976618350100294075e-01
3.997802734375000000e-01 7.981052562931564287e-01
3.999023437500000000e-01 7.985482080715236020e-01
4.000244140625000000e-01 7.989906900845543669e-01
4.001464843750000000e-01 7.994327020719477206e-01
4.002685546875000000e-01 7.998742437736795496e-01
4.003906250000000000e-01 8.003153149300018532e-01
4.005126953125000000e-01 8.007559152814439640e-01
4.006347656250000000e-01 8.011960445688121046e-01
4.007568359375000000e-01 8.016357025331899422e-01
4.008789062500000000e-01 8.020748889159373674e-01
4.010009765625000000e-01 8.025136034586928258e-01
4.011230468750000000e-01 8.029518459033717637e-01
4.012451171875000000e-01 8.033896159921671831e-01
4.013671875000000000e-01 8.038269134675501970e-01
4.014892578125000000e-01 8.042637380722706952e-01
4.016113281250000000e-01 8.047000895493550132e-01
4.017333984375000000e-01 8.051359676421097067e-01
4.018554687500000000e-01 8.055713720941181100e-01
4.019775390625000000e-01 8.060063026492436666e-01
4.020996093750000000e-01 8.064407590516275981e-01
4.022216796875000000e-01 8.068747410456904579e-01
4.023437500000000000e-01 8.073082483761316874e-01
4.024658203125000000e-01 8.077412807879305046e-01
4.025878906250000000e-01 8.081738380263446819e-01
4.027099609375000000e-01 8.086059198369122125e-01
4.028320312500000000e-01 8.090375259654500883e-01
4.029541015625000000e-01 8.094686561580561879e-01
4.030761718750000000e-01 8.098993101611071666e-01
4.031982421875000000e-01 8.103294877212607883e-01
4.033203125000000000e-01 8.107591885854541491e-01
4.034423828125000000e-01 8.111884125009058977e-01
4.035644531250000000e-01 8.116171592151143477e-01
4.036865234375000000e-01 8.120454284758588104e-01
4.038085937500000000e-01 8.124732200311994834e-01
4.039306640625000000e-01 8.129005336294781170e-01
4.040527343750000000e-01 8.133273690193162375e-01
4.041748046875000000e-01 8.137537259496183673e-01
4.042968750000000000e-01 8.141796041695692487e-01
4.044189453125000000e-01 8.146050034286362873e-01
4.045410156250000000e-01 8.150299234765671086e-01
4.046630859375000000e-01 8.154543640633931112e-01
4.047851562500000000e-01 8.158783249394265802e-01
4.049072265625000000e-01 8.163018058552619083e-01
4.050292968750000000e-01 8.167248065617762620e-01
4.051513671875000000e-01 8.171473268101296927e-01
4.052734375000000000e-01 8.175693663517638043e-01
4.053955078125000000e-01 8.179909249384040848e-01
4.055175781250000000e-01 8.184120023220582407e-01
4.056396484375000000e-01 8.188325982550174187e-01
4.057617187500000000e-01 8.192527124898555391e-01
4.058837890625000000e-01 8.196723447794309614e-01
4.060058593750000000e-01 8.200914948768839308e-01
4.061279296875000000e-01 8.205101625356397976e-01
4.062500000000000000e-01 8.209283475094069082e-01
4.063720703125000000e-01 8.213460495521781590e-01
4.064941406250000000e-01 8.217632684182298863e-01
4.066162109375000000e-01 8.221800038621230877e-01
4.067382812500000000e-01 8.225962556387029778e-01
4.068603515625000000e-01 8.230120235030995435e-01
4.069824218750000000e-01 8.234273072107268776e-01
4.071044921875000000e-01 8.238421065172849556e-01
4.072265625000000000e-01 8.242564211787570816e-01
4.073486328125000000e-01 8.246702509514134416e-01
4.074707031250000000e-01 8.250835955918082165e-01
4.075927734375000000e-01 8.254964548567818028e-01
4.077148437500000000e-01 8.259088285034589250e-01
4.078369140625000000e-01 8.263207162892517443e-01
4.079589843750000000e-01 8.267321179718567503e-01
4.080810546875000000e-01 8.271430333092570919e-01
4.082031250000000000e-01 8.275534620597214674e-01
4.083251953125000000e-01 8.279634039818060121e-01
4.084472656250000000e-01 8.283728588343517441e-01
4.085693359375000000e-01 8.287818263764872295e-01
4.086914062500000000e-01 8.291903063676272501e-01
4.088134765625000000e-01 8.295982985674740240e-01
4.089355468750000000e-01 8.300058027360155410e-01
4.090576171875000000e-01 8.304128186335283379e-01
4.091796875000000000e-01 8.308193460205745007e-01
4.093017578125000000e-01 8.312253846580054395e-01
4.094238281250000000e-01 8.316309343069584470e-01
4.095458984375000000e-01 8.320359947288593627e-01
4.096679687500000000e-01 8.324405656854212410e-01
4.097900390625000000e-01 8.328446469386461271e-01
4.099121093750000000e-01 8.332482382508226149e-01
4.100341796875000000e-01 8.336513393845290665e-01
4.101562500000000000e-01 8.340539501026307256e-01
4.102783203125000000e-01 8.344560701682827153e-01
4.104003906250000000e-01 8.348576993449278172e-01
4.105224609375000000e-01 8.352588373962983592e-01
4.106445312500000000e-01 8.356594840864143281e-01
4.107666015625000000e-01 8.360596391795863669e-01
4.108886718750000000e-01 8.364593024404133326e-01
4.110107421875000000e-01 8.368584736337835173e-01
4.111328125000000000e-01 8.372571525248748703e-01
4.112548828125000000e-01 8.376553388791548871e-01
4.113769531250000000e-01 8.380530324623804983e-01
4.114990234375000000e-01 8.384502330405995130e-01
4.116210937500000000e-01 8.388469403801482871e-01
4.117431640625000000e-01 8.392431542476546102e-01
4.118652343750000000e-01 8.396388744100359292e-01
4.119873046875000000e-01 8.400341006345003469e-01
4.121093750000000000e-01 8.404288326885459570e-01
4.122314453125000000e-01 8.408230703399629524e-01
4.123535156250000000e-01 8.412168133568305173e-01
4.124755859375000000e-01 8.416100615075209346e-01
4.125976562500000000e-01 8.420028145606950343e-01
4.127197265625000000e-01 8.423950722853076334e-01
4.128417968750000000e-01 8.427868344506026510e-01
4.129638671875000000e-01 8.431781008261172161e-01
4.130859375000000000e-01 8.435688711816790031e-01
4.132080078125000000e-01 8.439591452874077859e-01
4.133300781250000000e-01 8.443489229137155494e-01
4.134521484375000000e-01 8.447382038313062669e-01
4.135742187500000000e-01 8.451269878111756784e-01
4.136962890625000000e-01 8.455152746246127338e-01
4.138183593750000000e-01 8.459030640431974835e-01
4.139404296875000000e-01 8.462903558388041869e-01
4.140625000000000000e-01 8.466771497835985372e-01
4.141845703125000000e-01 8.470634456500402143e-01
4.143066406250000000e-01 8.474492432108806650e-01
4.144287109375000000e-01 8.478345422391653230e-01
4.145507812500000000e-01 8.482193425082328320e-01
4.146728515625000000e-01 8.486036437917151565e-01
4.147949218750000000e-01 8.489874458635373600e-01
4.149169921875000000e-01 8.493707484979192701e-01
4.150390625000000000e-01 8.497535514693728143e-01
4.151611328125000000e-01 8.501358545527059052e-01
4.152832031250000000e-01 8.505176575230189995e-01
4.154052734375000000e-01 8.508989601557073179e-01
4.155273437500000000e-01 8.512797622264600683e-01
4.156494140625000000e-01 8.516600635112615558e-01
4.157714843750000000e-01 8.520398637863902946e-01
4.158935546875000000e-01 8.524191628284195632e-01
4.160156250000000000e-01 8.527979604142169601e-01
4.161376953125000000e-01 8.531762563209467354e-01
4.162597656250000000e-01 8.535540503260660161e-01
4.163818359375000000e-01 8.539313422073292470e-01
4.165039062500000000e-01 8.543081317427846377e-01
4.166259765625000000e-01 8.546844187107770496e-01
4.167480468750000000e-01 8.550602028899465523e-01
4.168701171875000000e-01 8.554354840592286457e-01
4.169921875000000000e-01 8.558102619978550374e-01
4.171142578125000000e-01 8.561845364853541973e-01
4.172363281250000000e-01 8.565583073015493598e-01
4.173583984375000000e-01 8.569315742265614100e-01
4.174804687500000000e-01 8.573043370408062192e-01
4.176025390625000000e-01 8.576765955249978646e-01
4.177246093750000000e-01 8.580483494601456318e-01
4.178466796875000000e-01 8.584195986275570123e-01
4.179687500000000000e-01 8.587903428088347058e-01
4.180908203125000000e-01 8.591605817858802840e-01
4.182128906250000000e-01 8.595303153408913044e-01
4.183349609375000000e-01 8.598995432563629748e-01
4.184570312500000000e-01 8.602682653150883763e-01
4.185791015625000000e-01 8.606364813001576852e-01
4.187011718750000000e-01 8.610041909949587291e-01
4.188232421875000000e-01 8.613713941831776522e-01
4.189453125000000000e-01 8.617380906487978054e-01
4.190673828125000000e-01 8.621042801761017449e-01
4.191894531250000000e-01 8.624699625496691224e-01
4.193115234375000000e-01 8.628351375543786839e-01
4.194335937500000000e-01 8.631998049754071589e-01
4.195556640625000000e-01 8.635639645982303714e-01
4.196777343750000000e-01 8.639276162086221289e-01
4.197998046875000000e-01 8.642907595926563324e-01
4.199218750000000000e-01 8.646533945367042007e-01
4.200439453125000000e-01 8.650155208274380447e-01
4.201660156250000000e-01 8.653771382518268274e-01
4.202880859375000000e-01 8.657382465971417140e-01
4.204101562500000000e-01 8.660988456509509659e-01
4.205322265625000000e-01 8.664589352011242696e-01
4.206542968750000000e-01 8.668185150358295177e-01
4.207763671875000000e-01 8.671775849435356953e-01
4.208984375000000000e-01 8.675361447130108816e-01
4.210205078125000000e-01 8.678941941333235821e-01
4.211425781250000000e-01 8.682517329938427286e-01
4.212646484375000000e-01 8.686087610842375684e-01
4.213867187500000000e-01 8.689652781944772197e-01
4.215087890625000000e-01 8.693212841148323378e-01
4.216308593750000000e-01 8.696767786358735597e-01
4.217529296875000000e-01 8.700317615484726153e-01
4.218750000000000000e-01 8.703862326438018826e-01
4.219970703125000000e-01 8.707401917133359426e-01
4.221191406250000000e-01 8.710936385488491362e-01
4.222412109375000000e-01 8.714465729424182294e-01
4.223632812500000000e-01 8.717989946864206363e-01
4.224853515625000000e-01 8.721509035735358628e-01
4.226074218750000000e-01 8.725022993967448404e-01
4.227294921875000000e-01 8.728531819493312582e-01
4.228515625000000000e-01 8.732035510248785659e-01
4.229736328125000000e-01 8.735534064172748581e-01
4.230957031250000000e-01 8.739027479207084337e-01
4.232177734375000000e-01 8.742515753296712377e-01
4.233398437500000000e-01 8.745998884389567518e-01
4.234619140625000000e-01 8.749476870436616593e-01
4.235839843750000000e-01 8.752949709391845134e-01
4.237060546875000000e-01 8.756417399212279573e-01
4.238281250000000000e-01 8.759879937857956156e-01
4.239501953125000000e-01 8.763337323291963132e-01
4.240722656250000000e-01 8.766789553480401898e-01
4.241943359375000000e-01 8.770236626392420298e-01
4.243164062500000000e-01 8.773678540000189319e-01
4.244384765625000000e-01 8.777115292278925285e-01
4.245605468750000000e-01 8.780546881206872101e-01
4.246826171875000000e-01 8.783973304765312351e-01
4.248046875000000000e-01 8.787394560938571741e-01
4.249267578125000000e-01 8.790810647714014658e-01
4.250488281250000000e-01 8.794221563082040838e-01
4.251708984375000000e-01 8.797627305036104239e-01
4.252929687500000000e-01 8.801027871572685291e-01
4.254150390625000000e-01 8.804423260691325304e-01
4.255371093750000000e-01 8.807813470394600941e-01
4.256591796875000000e-01 8.811198498688144198e-01
4.257812500000000000e-01 8.814578343580620201e-01
4.259033203125000000e-01 8.817953003083764951e-01
4.260253906250000000e-01 8.821322475212345360e-01
4.261474609375000000e-01 8.824686757984190333e-01
4.262695312500000000e-01 8.828045849420175228e-01
4.263916015625000000e-01 8.831399747544242951e-01
4.265136718750000000e-01 8.834748450383370644e-01
4.266357421875000000e-01 8.838091955967609659e-01
4.267578125000000000e-01 8.841430262330057799e-01
4.268798828125000000e-01 8.844763367506878193e-01
4.270019531250000000e-01 8.848091269537287085e-01
4.271240234375000000e-01 8.851413966463573813e-01
4.272460937500000000e-01 8.854731456331068618e-01
4.273681640625000000e-01 8.858043737188189271e-01
4.274902343750000000e-01 8.861350807086399994e-01
4.276123046875000000e-01 8.864652664080242550e-01
4.277343750000000000e-01 8.867949306227311812e-01
4.278564453125000000e-01 8.871240731588281303e-01
4.279785156250000000e-01 8.874526938226894313e-01
4.281005859375000000e-01 8.877807924209957235e-01
4.282226562500000000e-01 8.881083687607346233e-01
4.283447265625000000e-01 8.884354226492019446e-01
4.284667968750000000e-01 8.887619538940001451e-01
4.285888671875000000e-01 8.890879623030394363e-01
4.287109375000000000e-01 8.894134476845372284e-01
4.288330078125000000e-01 8.897384098470191294e-01
4.289550781250000000e-01 8.900628485993179462e-01
4.290771484375000000e-01 8.903867637505751276e-01
4.291992187500000000e-01 8.907101551102390991e-01
4.293212890625000000e-01 8.910330224880679273e-01
4.294433593750000000e-01 8.913553656941262116e-01
4.295654296875000000e-01 8.916771845387887474e-01
4.296875000000000000e-01 8.919984788327363079e-01
4.298095703125000000e-01 8.923192483869611946e-01
4.299316406250000000e-01 8.926394930127621308e-01
4.300537109375000000e-01 8.929592125217478138e-01
4.301757812500000000e-01 8.932784067258352501e-01
4.302978515625000000e-01 8.935970754372509761e-01
4.304199218750000000e-01 8.939152184685302815e-01
4.305419921875000000e-01 8.942328356325177641e-01
4.306640625000000000e-01 8.945499267423671075e-01
4.307861328125000000e-01 8.948664916115427470e-01
4.309082031250000000e-01 8.951825300538164276e-01
4.310302734375000000e-01 8.954980418832720890e-01
4.311523437500000000e-01 8.958130269143013136e-01
4.312744140625000000e-01 8.961274849616072125e-01
4.313964843750000000e-01 8.964414158402017607e-01
4.315185546875000000e-01 8.967548193654079070e-01
4.316406250000000000e-01 8.970676953528576858e-01
4.317626953125000000e-01 8.973800436184953266e-01
4.318847656250000000e-01 8.976918639785732568e-01
4.320068359375000000e-01 8.980031562496566533e-01
4.321289062500000000e-01 8.983139202486193353e-01
4.322509765625000000e-01 8.986241557926477608e-01
4.323730468750000000e-01 8.989338626992375847e-01
4.324951171875000000e-01 8.992430407861965458e-01
4.326171875000000000e-01 8.995516898716429122e-01
4.327392578125000000e-01 8.998598097740069246e-01
4.328613281250000000e-01 9.001674003120290202e-01
4.329833984375000000e-01 9.004744613047619417e-01
4.331054687500000000e-01 9.007809925715691834e-01
4.332275390625000000e-01 9.010869939321269895e-01
4.333496093750000000e-01 9.013924652064221332e-01
4.334716796875000000e-01 9.016974062147540270e-01
4.335937500000000000e-01 9.020018167777332785e-01
4.337158203125000000e-01 9.023056967162834674e-01
4.338378906250000000e-01 9.026090458516394799e-01
4.339599609375000000e-01 9.029118640053491740e-01
4.340820312500000000e-01 9.032141509992722694e-01
4.342041015625000000e-01 9.035159066555813467e-01
4.343261718750000000e-01 9.038171307967608481e-01
4.344482421875000000e-01 9.041178232456089647e-01
4.345703125000000000e-01 9.044179838252353054e-01
4.346923828125000000e-01 9.047176123590638941e-01
4.348144531250000000e-01 9.050167086708303943e-01
4.349365234375000000e-01 9.053152725845848847e-01
4.350585937500000000e-01 9.056133039246889727e-01
4.351806640625000000e-01 9.059108025158193467e-01
4.353027343750000000e-01 9.062077681829646680e-01
4.354248046875000000e-01 9.065042007514280131e-01
4.355468750000000000e-01 9.068001000468254302e-01
4.356689453125000000e-01 9.070954658950876048e-01
4.357910156250000000e-01 9.073902981224573061e-01
4.359130859375000000e-01 9.076845965554937168e-01
4.360351562500000000e-01 9.079783610210676592e-01
4.361572265625000000e-01 9.082715913463654811e-01
4.362792968750000000e-01 9.085642873588870572e-01
4.364013671875000000e-01 9.088564488864471214e-01
4.365234375000000000e-01 9.091480757571746008e-01
4.366455078125000000e-01 9.094391677995126155e-01
4.367675781250000000e-01 9.097297248422193672e-01
4.368896484375000000e-01 9.100197467143678054e-01
4.370117187500000000e-01 9.103092332453451840e-01
4.371337890625000000e-01 9.105981842648543934e-01
4.372558593750000000e-01 9.108865996029129608e-01
4.373779296875000000e-01 9.111744790898533841e-01
4.375000000000000000e-01 9.114618225563233533e-01
4.376220703125000000e-01 9.117486298332868611e-01
4.377441406250000000e-01 9.120349007520219820e-01
4.378662109375000000e-01 9.123206351441230932e-01
4.379882812500000000e-01 9.126058328414998755e-01
4.381103515625000000e-01 9.128904936763780897e-01
4.382324218750000000e-01 9.131746174812989114e-01
4.383544921875000000e-01 9.134582040891200405e-01
4.384765625000000000e-01 9.137412533330138142e-01
4.385986328125000000e-01 9.140237650464706487e-01
4.387207031250000000e-01 9.143057390632957082e-01
4.388427734375000000e-01 9.145871752176112368e-01
4.389648437500000000e-01 9.148680733438548929e-01
4.390869140625000000e-01 9.151484332767827468e-01
4.392089843750000000e-01 9.154282548514651729e-01
4.393310546875000000e-01 9.157075379032909579e-01
4.394531250000000000e-01 9.159862822679646355e-01
4.395751953125000000e-01 9.162644877815087074e-01
4.396972656250000000e-01 9.165421542802612009e-01
4.398193359375000000e-01 9.168192816008789991e-01
4.399414062500000000e-01 9.170958695803343996e-01
4.400634765625000000e-01 9.173719180559183339e-01
4.401855468750000000e-01 9.176474268652384803e-01
4.403076171875000000e-01 9.179223958462201516e-01
4.404296875000000000e-01 9.181968248371057406e-01
4.405517578125000000e-01 9.184707136764563851e-01
4.406738281250000000e-01 9.187440622031499693e-01
4.407958984375000000e-01 9.190168702563829006e-01
4.409179687500000000e-01 9.192891376756686661e-01
4.410400390625000000e-01 9.195608643008400529e-01
4.411621093750000000e-01 9.198320499720465948e-01
4.412841796875000000e-01 9.201026945297574589e-01
4.414062500000000000e-01 9.203727978147585587e-01
4.415283203125000000e-01 9.206423596681558852e-01
4.416503906250000000e-01 9.209113799313729531e-01
4.417724609375000000e-01 9.211798584461519113e-01
4.418945312500000000e-01 9.214477950545536533e-01
4.420166015625000000e-01 9.217151895989584842e-01
4.421386718750000000e-01 9.219820419220644547e-01
4.422607421875000000e-01 9.222483518668899150e-01
4.423828125000000000e-01 9.225141192767707388e-01
4.425048828125000000e-01 9.227793439953634325e-01
4.426269531250000000e-01 9.230440258666426923e-01
4.427490234375000000e-01 9.233081647349037357e-01
4.428710937500000000e-01 9.235717604447593043e-01
4.429931640625000000e-01 9.238348128411442151e-01
4.431152343750000000e-01 9.240973217693103647e-01
4.432373046875000000e-01 9.243592870748311707e-01
4.433593750000000000e-01 9.246207086035989064e-01
4.434814453125000000e-01 9.248815862018261447e-01
4.436035156250000000e-01 9.251419197160452024e-01
4.437255859375000000e-01 9.254017089931089179e-01
4.438476562500000000e-01 9.256609538801890968e-01
4.439697265625000000e-01 9.259196542247800643e-01
4.440917968750000000e-01 9.261778098746936694e-01
4.442138671875000000e-01 9.264354206780645029e-01
4.443359375000000000e-01 9.266924864833461228e-01
4.444580078125000000e-01 9.269490071393137187e-01
4.445800781250000000e-01 9.272049824950627794e-01
4.447021484375000000e-01 9.274604124000096483e-01
4.448242187500000000e-01 9.277152967038913012e-01
4.449462890625000000e-01 9.279696352567661233e-01
4.450683593750000000e-01 9.282234279090129103e-01
4.451904296875000000e-01 9.284766745113323116e-01
4.453125000000000000e-01 9.287293749147457200e-01
4.454345703125000000e-01 9.289815289705960488e-01
4.455566406250000000e-01 9.292331365305477320e-01
4.456787109375000000e-01 9.294841974465861689e-01
4.458007812500000000e-01 9.297347115710190568e-01
4.459228515625000000e-01 9.299846787564752804e-01
4.460449218750000000e-01 9.302340988559052448e-01
4.461669921875000000e-01 9.304829717225820973e-01
4.462890625000000000e-01 9.307312972100998394e-01
4.464111328125000000e-01 9.309790751723754365e-01
4.465332031250000000e-01 9.312263054636469306e-01
4.466552734375000000e-01 9.314729879384758826e-01
4.467773437500000000e-01 9.317191224517444859e-01
4.468994140625000000e-01 9.319647088586587858e-01
4.470214843750000000e-01 9.322097470147461262e-01
4.471435546875000000e-01 9.324542367758575923e-01
4.472656250000000000e-01 9.326981779981654563e-01
4.473876953125000000e-01 9.329415705381658430e-01
4.475097656250000000e-01 9.331844142526767305e-01
4.476318359375000000e-01 9.334267089988399491e-01
4.477539062500000000e-01 9.336684546341191826e-01
4.478759765625000000e-01 9.339096510163023002e-01
4.479980468750000000e-01 9.341502980034993575e-01
4.481201171875000000e-01 9.343903954541438184e-01
4.482421875000000000e-01 9.346299432269924434e-01
4.483642578125000000e-01 9.348689411811262895e-01
4.484863281250000000e-01 9.351073891759479340e-01
4.486083984375000000e-01 9.353452870711854716e-01
4.487304687500000000e-01 9.355826347268887400e-01
4.488525390625000000e-01 9.358194320034329827e-01
4.489746093750000000e-01 9.360556787615162966e-01
4.490966796875000000e-01 9.362913748621608523e-01
4.492187500000000000e-01 9.365265201667121175e-01
4.493408203125000000e-01 9.367611145368411885e-01
4.494628906250000000e-01 9.369951578345414589e-01
4.495849609375000000e-01 9.372286499221316181e-01
4.497070312500000000e-01 9.374615906622538741e-01
4.498291015625000000e-01 9.376939799178760637e-01
4.499511718750000000e-01 9.379258175522886543e-01
4.500732421875000000e-01 9.381571034291079636e-01
4.501953125000000000e-01 9.383878374122744948e-01
4.503173828125000000e-01 9.386180193660533799e-01
4.504394531250000000e-01 9.388476491550342695e-01
4.505615234375000000e-01 9.390767266441323313e-01
4.506835937500000000e-01 9.393052516985863631e-01
4.508056640625000000e-01 9.395332241839619014e-01
4.509277343750000000e-01 9.397606439661481126e-01
4.510498046875000000e-01 9.399875109113599025e-01
4.511718750000000000e-01 9.402138248861371395e-01
4.512939453125000000e-01 9.404395857573455419e-01
4.514160156250000000e-01 9.406647933921753468e-01
4.515380859375000000e-01 9.408894476581428634e-01
4.516601562500000000e-01 9.411135484230896964e-01
4.517822265625000000e-01 9.413370955551838559e-01
4.519042968750000000e-01 9.415600889229170933e-01
4.520263671875000000e-01 9.417825283951091198e-01
4.521484375000000000e-01 9.420044138409038315e-01
4.522705078125000000e-01 9.422257451297726405e-01
4.523925781250000000e-01 9.424465221315108110e-01
4.525146484375000000e-01 9.426667447162422331e-01
4.526367187500000000e-01 9.428864127544146490e-01
4.527587890625000000e-01 9.431055261168035386e-01
4.528808593750000000e-01 9.433240846745100106e-01
4.530029296875000000e-01 9.435420882989616898e-01
4.531250000000000000e-01 9.437595368619124958e-01
4.532470703125000000e-01 9.439764302354433090e-01
4.533691406250000000e-01 9.441927682919611931e-01
4.534912109375000000e-01 9.444085509042003945e-01
4.536132812500000000e-01 9.446237779452207883e-01
4.537353515625000000e-01 9.448384492884105423e-01
4.538574218750000000e-01 9.450525648074838969e-01
4.539794921875000000e-01 9.452661243764821641e-01
4.541015625000000000e-01 9.454791278697732837e-01
4.542236328125000000e-01 9.456915751620537103e-01
4.543457031250000000e-01 9.459034661283451939e-01
4.544677734375000000e-01 9.461148006439987768e-01
4.545898437500000000e-01 9.463255785846907964e-01
4.547119140625000000e-01 9.465357998264267714e-01
4.548339843750000000e-01 9.467454642455385150e-01
4.549560546875000000e-01 9.469545717186862444e-01
4.550781250000000000e-01 9.471631221228569153e-01
4.552001953125000000e-01 9.473711153353661096e-01
4.553222656250000000e-01 9.475785512338564809e-01
4.554443359375000000e-01 9.477854296962991976e-01
4.555664062500000000e-01 9.479917506009924999e-01
4.556884765625000000e-01 9.481975138265635872e-01
4.558105468750000000e-01 9.484027192519671745e-01
4.559326171875000000e-01 9.486073667564860479e-01
4.560546875000000000e-01 9.488114562197311752e-01
4.561767578125000000e-01 9.490149875216424835e-01
4.562988281250000000e-01 9.492179605424870825e-01
4.564208984375000000e-01 9.494203751628621513e-01
4.565429687500000000e-01 9.496222312636913854e-01
4.566650390625000000e-01 9.498235287262284388e-01
4.567871093750000000e-01 9.500242674320552583e-01
4.569091796875000000e-01 9.502244472630826388e-01
4.570312500000000000e-01 9.504240681015491132e-01
4.571533203125000000e-01 9.506231298300241717e-01
4.572753906250000000e-01 9.508216323314038210e-01
4.573974609375000000e-01 9.510195754889145814e-01
4.575195312500000000e-01 9.512169591861113771e-01
4.576416015625000000e-01 9.514137833068789796e-01
4.577636718750000000e-01 9.516100477354305642e-01
4.578857421875000000e-01 9.518057523563085986e-01
4.580078125000000000e-01 9.520008970543852866e-01
4.581298828125000000e-01 9.521954817148617911e-01
4.582519531250000000e-01 9.523895062232693443e-01
4.583740234375000000e-01 9.525829704654684704e-01
4.584960937500000000e-01 9.527758743276484310e-01
4.586181640625000000e-01 9.529682176963292228e-01
4.587402343750000000e-01 9.531600004583606900e-01
4.588623046875000000e-01 9.533512225009213026e-01
4.589843750000000000e-01 9.535418837115199331e-01
4.591064453125000000e-01 9.537319839779963004e-01
4.592285156250000000e-01 9.539215231885185275e-01
4.593505859375000000e-01 9.541105012315863609e-01
4.594726562500000000e-01 9.542989179960278401e-01
4.595947265625000000e-01 9.544867733710034052e-01
4.597167968750000000e-01 9.546740672460015675e-01
4.598388671875000000e-01 9.548607995108430169e-01
4.599609375000000000e-01 9.550469700556774022e-01
4.600830078125000000e-01 9.552325787709854410e-01
4.602050781250000000e-01 9.554176255475783641e-01
4.603271484375000000e-01 9.556021102765981379e-01
4.604492187500000000e-01 9.557860328495169089e-01
4.605712890625000000e-01 9.559693931581380033e-01
4.606933593750000000e-01 9.561521910945950387e-01
4.608154296875000000e-01 9.563344265513527009e-01
4.609375000000000000e-01 9.565160994212066337e-01
4.610595703125000000e-01 9.566972095972835488e-01
4.611816406250000000e-01 9.568777569730403387e-01
4.613037109375000000e-01 9.570577414422666296e-01
4.614257812500000000e-01 9.572371628990814507e-01
4.615478515625000000e-01 9.574160212379362322e-01
4.616699218750000000e-01 9.575943163536129177e-01
4.617919921875000000e-01 9.577720481412250741e-01
4.619140625000000000e-01 9.579492164962176703e-01
4.620361328125000000e-01 9.581258213143676317e-01
4.621582031250000000e-01 9.583018624917820638e-01
4.622802734375000000e-01 9.584773399249013615e-01
4.624023437500000000e-01 9.586522535104956555e-01
4.625244140625000000e-01 9.588266031456686989e-01
4.626464843750000000e-01 9.590003887278544248e-01
4.627685546875000000e-01 9.591736101548201665e-01
4.628906250000000000e-01 9.593462673246627714e-01
4.630126953125000000e-01 9.595183601358139303e-01
4.631347656250000000e-01 9.596898884870349589e-01
4.632568359375000000e-01 9.598608522774209062e-01
4.633789062500000000e-01 9.600312514063974456e-01
4.635009765625000000e-01 9.602010857737235394e-01
4.636230468750000000e-01 9.603703552794899956e-01
4.637451171875000000e-01 9.605390598241196898e-01
4.638671875000000000e-01 9.607071993083681205e-01
4.639892578125000000e-01 9.608747736333235201e-01
4.641113281250000000e-01 9.610417827004057445e-01
4.642333984375000000e-01 9.612082264113682717e-01
4.643554687500000000e-01 9.613741046682957592e-01
4.644775390625000000e-01 9.615394173736069305e-01
4.645996093750000000e-01 9.617041644300524661e-01
4.647216796875000000e-01 9.618683457407158910e-01
4.648437500000000000e-01 9.620319612090131312e-01
4.649658203125000000e-01 9.621950107386940676e-01
4.650878906250000000e-01 9.623574942338406490e-01
4.652099609375000000e-01 9.625194115988680021e-01
4.653320312500000000e-01 9.626807627385239874e-01
4.654541015625000000e-01 9.628415475578906424e-01
4.655761718750000000e-01 9.630017659623815174e-01
4.656982421875000000e-01 9.631614178577450058e-01
4.658203125000000000e-01 9.633205031500612359e-01
4.659423828125000000e-01 9.634790217457452899e-01
4.660644531250000000e-01 9.636369735515442070e-01
4.661865234375000000e-01 9.637943584745393144e-01
4.663085937500000000e-01 9.639511764221446732e-01
4.664306640625000000e-01 9.641074273021088548e-01
4.665527343750000000e-01 9.642631110225129420e-01
4.666748046875000000e-01 9.644182274917727504e-01
4.667968750000000000e-01 9.645727766186370511e-01
4.669189453125000000e-01 9.647267583121884593e-01
4.670410156250000000e-01 9.648801724818435455e-01
4.671630859375000000e-01 9.650330190373529460e-01
4.672851562500000000e-01 9.651852978888004753e-01
4.674072265625000000e-01 9.653370089466049020e-01
4.675292968750000000e-01 9.654881521215180618e-01
4.676513671875000000e-01 9.656387273246270775e-01
4.677734375000000000e-01 9.657887344673516949e-01
4.678955078125000000e-01 9.659381734614469472e-01
4.680175781250000000e-01 9.660870442190013785e-01
4.681396484375000000e-01 9.662353466524385981e-01
4.682617187500000000e-01 9.663830806745156154e-01
4.683837890625000000e-01 9.665302461983249493e-01
4.685058593750000000e-01 9.666768431372921855e-01
4.686279296875000000e-01 9.668228714051788630e-01
4.687500000000000000e-01 9.669683309160794771e-01
4.688720703125000000e-01 9.671132215844246982e-01
4.689941406250000000e-01 9.672575433249788190e-01
4.691162109375000000e-01 9.674012960528408644e-01
4.692382812500000000e-01 9.675444796834451466e-01
4.693603515625000000e-01 9.676870941325603770e-01
4.694824218750000000e-01 9.678291393162897771e-01
4.696044921875000000e-01 9.679706151510725221e-01
4.697265625000000000e-01 9.681115215536809648e-01
4.698486328125000000e-01 9.682518584412248552e-01
4.699707031250000000e-01 9.683916257311463438e-01
4.700927734375000000e-01 9.685308233412247558e-01
4.702148437500000000e-01 9.686694511895730386e-01
4.703369140625000000e-01 9.688075091946408701e-01
4.704589843750000000e-01 9.689449972752115503e-01
4.705810546875000000e-01 9.690819153504049988e-01
4.707031250000000000e-01 9.692182633396750902e-01
4.708251953125000000e-01 9.693540411628124298e-01
4.709472656250000000e-01 9.694892487399423553e-01
4.710693359375000000e-01 9.696238859915253805e-01
4.711914062500000000e-01 9.697579528383578618e-01
4.713134765625000000e-01 9.698914492015724420e-01
4.714355468750000000e-01 9.700243750026360523e-01
4.715576171875000000e-01 9.701567301633517992e-01
4.716796875000000000e-01 9.702885146058587429e-01
4.718017578125000000e-01 9.704197282526317858e-01
4.719238281250000000e-01 9.705503710264805628e-01
4.720458984375000000e-01 9.706804428505521054e-01
4.721679687500000000e-01 9.708099436483279554e-01
4.722900390625000000e-01 9.709388733436264962e-01
4.724121093750000000e-01 9.710672318606013986e-01
4.725341796875000000e-01 9.711950191237429530e-01
4.726562500000000000e-01 9.713222350578766262e-01
4.727783203125000000e-01 9.714488795881655037e-01
4.729003906250000000e-01 9.715749526401070701e-01
4.730224609375000000e-01 9.717004541395363182e-01
4.731445312500000000e-01 9.718253840126234167e-01
4.732666015625000000e-01 9.719497421858759312e-01
4.733886718750000000e-01 9.720735285861366037e-01
4.735107421875000000e-01 9.721967431405856841e-01
4.736328125000000000e-01 9.723193857767384873e-01
4.737548828125000000e-01 9.724414564224479474e-01
4.738769531250000000e-01 9.725629550059030626e-01
4.739990234375000000e-01 9.726838814556295620e-01
4.741210937500000000e-01 9.728042357004889062e-01
4.742431640625000000e-01 9.729240176696802855e-01
4.743652343750000000e-01 9.730432272927389548e-01
4.744873046875000000e-01 9.731618644995368994e-01
4.746093750000000000e-01 9.732799292202826136e-01
4.747314453125000000e-01 9.733974213855223212e-01
4.748535156250000000e-01 9.735143409261379777e-01
4.749755859375000000e-01 9.736306877733489351e-01
4.750976562500000000e-01 9.737464618587112763e-01
4.752197265625000000e-01 9.738616631141183699e-01
4.753417968750000000e-01 9.739762914717995379e-01
4.754638671875000000e-01 9.740903468643230534e-01
4.755859375000000000e-01 9.742038292245918107e-01
4.757080078125000000e-01 9.743167384858480995e-01
4.758300781250000000e-01 9.744290745816693855e-01
4.759521484375000000e-01 9.745408374459721967e-01
4.760742187500000000e-01 9.746520270130085706e-01
4.761962890625000000e-01 9.747626432173689404e-01
4.763183593750000000e-01 9.748726859939802480e-01
4.764404296875000000e-01 9.749821552781077205e-01
4.765625000000000000e-01 9.750910510053528713e-01
4.766845703125000000e-01 9.751993731116556097e-01
4.768066406250000000e-01 9.753071215332926869e-01
4.769287109375000000e-01 9.754142962068781397e-01
4.770507812500000000e-01 9.755208970693642900e-01
4.771728515625000000e-01 9.756269240580403013e-01
4.772949218750000000e-01 9.757323771105333998e-01
4.774169921875000000e-01 9.758372561648085419e-01
4.775390625000000000e-01 9.759415611591674145e-01
4.776611328125000000e-01 9.760452920322506554e-01
4.777832031250000000e-01 9.761484487230356333e-01
4.779052734375000000e-01 9.762510311708384458e-01
4.780273437500000000e-01 9.763530393153119213e-01
4.781494140625000000e-01 9.764544730964477282e-01
4.782714843750000000e-01 9.765553324545745983e-01
4.783935546875000000e-01 9.766556173303599930e-01
4.785156250000000000e-01 9.767553276648083260e-01
4.786376953125000000e-01 9.768544633992636284e-01
4.787597656250000000e-01 9.769530244754056625e-01
4.788818359375000000e-01 9.770510108352543632e-01
4.790039062500000000e-01 9.771484224211661740e-01
4.791259765625000000e-01 9.772452591758372664e-01
4.792480468750000000e-01 9.773415210423002097e-01
4.793701171875000000e-01 9.774372079639270794e-01
4.794921875000000000e-01 9.775323198844274586e-01
4.796142578125000000e-01 9.776268567478497706e-01
4.797363281250000000e-01 9.777208184985803907e-01
4.798583984375000000e-01 9.778142050813437569e-01
4.799804687500000000e-01 9.779070164412030364e-01
4.801025390625000000e-01 9.779992525235599032e-01
4.802246093750000000e-01 9.780909132741540946e-01
4.803466796875000000e-01 9.781819986390641875e-01
4.804687500000000000e-01 9.782725085647060448e-01
4.805908203125000000e-01 9.783624429978367010e-01
4.807128906250000000e-01 9.784518018855484778e-01
4.808349609375000000e-01 9.785405851752746464e-01
4.809570312500000000e-01 9.786287928147859860e-01
4.810791015625000000e-01 9.787164247521925597e-01
4.812011718750000000e-01 9.788034809359424937e-01
4.813232421875000000e-01 9.788899613148229761e-01
4.814453125000000000e-01 9.789758658379594802e-01
4.815673828125000000e-01 9.790611944548170964e-01
4.816894531250000000e-01 9.791459471151987559e-01
4.818115234375000000e-01 9.792301237692472293e-01
4.819335937500000000e-01 9.793137243674430170e-01
4.820556640625000000e-01 9.793967488606062366e-01
4.821777343750000000e-01 9.794791971998956237e-01
4.822998046875000000e-01 9.795610693368090871e-01
4.824218750000000000e-01 9.796423652231831536e-01
4.825439453125000000e-01 9.797230848111939672e-01
4.826660156250000000e-01 9.798032280533557348e-01
4.827880859375000000e-01 9.798827949025229467e-01
4.829101562500000000e-01 9.799617853118877120e-01
4.830322265625000000e-01 9.800401992349824232e-01
4.831542968750000000e-01 9.801180366256779797e-01
4.832763671875000000e-01 9.801952974381850092e-01
4.833984375000000000e-01 9.802719816270525355e-01
4.835205078125000000e-01 9.803480891471697545e-01
4.836425781250000000e-01 9.804236199537639251e-01
4.837646484375000000e-01 9.804985740024025898e-01
4.838867187500000000e-01 9.805729512489921307e-01
4.840087890625000000e-01 9.806467516497784365e-01
4.841308593750000000e-01 9.807199751613465688e-01
4.842529296875000000e-01 9.807926217406209846e-01
4.843750000000000000e-01 9.808646913448653137e-01
4.844970703125000000e-01 9.809361839316838028e-01
4.846191406250000000e-01 9.810070994590180948e-01
4.847412109375000000e-01 9.810774378851511157e-01
4.848632812500000000e-01 9.811471991687041871e-01
4.849853515625000000e-01 9.812163832686386922e-01
4.851074218750000000e-01 9.812849901442554090e-01
4.852294921875000000e-01 9.813530197551947332e-01
4.853515625000000000e-01 9.814204720614363442e-01
4.854736328125000000e-01 9.814873470233003161e-01
4.855957031250000000e-01 9.815536446014452299e-01
4.857177734375000000e-01 9.816193647568705050e-01
4.858398437500000000e-01 9.816845074509139568e-01
4.859619140625000000e-01 9.817490726452544614e-01
4.860839843750000000e-01 9.818130603019096236e-01
4.862060546875000000e-01 9.818764703832375540e-01
4.863281250000000000e-01 9.819393028519350919e-01
4.864501953125000000e-01 9.820015576710401373e-01
4.865722656250000000e-01 9.820632348039293191e-01
4.866943359375000000e-01 9.821243342143199939e-01
4.868164062500000000e-01 9.821848558662685802e-01
4.869384765625000000e-01 9.822447997241720019e-01
4.870605468750000000e-01 9.823041657527666892e-01
4.871826171875000000e-01 9.823629539171292446e-01
4.873046875000000000e-01 9.824211641826758878e-01
4.874267578125000000e-01 9.824787965151633440e-01
4.875488281250000000e-01 9.825358508806876223e-01
4.876708984375000000e-01 9.825923272456854596e-01
4.877929687500000000e-01 9.826482255769330987e-01
4.879150390625000000e-01 9.827035458415470659e-01
4.880371093750000000e-01 9.827582880069837268e-01
4.881591796875000000e-01 9.828124520410398413e-01
4.882812500000000000e-01 9.828660379118516754e-01
4.884033203125000000e-01 9.829190455878968891e-01
4.885253906250000000e-01 9.829714750379916488e-01
4.886474609375000000e-01 9.830233262312935150e-01
4.887695312500000000e-01 9.830745991372994430e-01
4.888916015625000000e-01 9.831252937258473379e-01
4.890136718750000000e-01 9.831754099671144997e-01
4.891357421875000000e-01 9.832249478316189562e-01
4.892578125000000000e-01 9.832739072902186850e-01
4.893798828125000000e-01 9.833222883141122805e-01
4.895019531250000000e-01 9.833700908748383984e-01
4.896240234375000000e-01 9.834173149442761996e-01
4.897460937500000000e-01 9.834639604946445735e-01
4.898681640625000000e-01 9.835100274985034696e-01
4.899902343750000000e-01 9.835555159287527882e-01
4.901123046875000000e-01 9.836004257586328237e-01
4.902343750000000000e-01 9.836447569617244868e-01
4.903564453125000000e-01 9.836885095119485278e-01
4.904785156250000000e-01 9.837316833835665353e-01
4.906005859375000000e-01 9.837742785511806032e-01
4.907226562500000000e-01 9.838162949897327758e-01
4.908447265625000000e-01 9.838577326745066021e-01
4.909667968750000000e-01 9.838985915811243599e-01
4.910888671875000000e-01 9.839388716855506090e-01
4.912109375000000000e-01 9.839785729640888601e-01
4.913330078125000000e-01 9.840176953933845727e-01
4.914550781250000000e-01 9.840562389504227125e-01
4.915771484375000000e-01 9.840942036125291947e-01
4.916992187500000000e-01 9.841315893573702178e-01
4.918212890625000000e-01 9.841683961629529298e-01
4.919433593750000000e-01 9.842046240076245400e-01
4.920654296875000000e-01 9.842402728700738734e-01
4.921875000000000000e-01 9.842753427293282620e-01
4.923095703125000000e-01 9.843098335647582076e-01
4.924316406250000000e-01 9.843437453560733852e-01
4.925537109375000000e-01 9.843770780833240863e-01
4.926757812500000000e-01 9.844098317269015519e-01
4.927978515625000000e-01 9.844420062675380834e-01
4.929199218750000000e-01 9.844736016863057104e-01
4.930419921875000000e-01 9.845046179646180784e-01
4.931640625000000000e-01 9.845350550842285609e-01
4.932861328125000000e-01 9.845649130272323690e-01
4.934082031250000000e-01 9.845941917760644424e-01
4.935302734375000000e-01 9.846228913135013361e-01
4.936523437500000000e-01 9.846510116226590004e-01
4.937744140625000000e-01 9.846785526869961114e-01
4.938964843750000000e-01 9.847055144903100743e-01
4.940185546875000000e-01 9.847318970167402430e-01
4.941406250000000000e-01 9.847577002507662547e-01
4.942626953125000000e-01 9.847829241772093622e-01
4.943847656250000000e-01 9.848075687812301027e-01
4.945068359375000000e-01 9.848316340483315168e-01
4.946289062500000000e-01 9.848551199643560405e-01
4.947509765625000000e-01 9.848780265154880587e-01
4.948730468750000000e-01 9.849003536882515730e-01
4.949951171875000000e-01 9.849221014695125342e-01
4.951171875000000000e-01 9.849432698464769542e-01
4.952392578125000000e-01 9.849638588066925715e-01
4.953613281250000000e-01 9.849838683380468529e-01
4.954833984375000000e-01 9.850032984287692139e-01
4.956054687500000000e-01 9.850221490674287983e-01
4.957275390625000000e-01 9.850404202429368095e-01
4.958496093750000000e-01 9.850581119445447342e-01
4.959716796875000000e-01 9.850752241618446758e-01
4.960937500000000000e-01 9.850917568847702421e-01
4.962158203125000000e-01 9.851077101035954353e-01
4.963378906250000000e-01 9.851230838089356512e-01
4.964599609375000000e-01 9.851378779917469020e-01
4.965820312500000000e-01 9.851520926433257053e-01
4.967041015625000000e-01 9.851657277553108605e-01
4.968261718750000000e-01 9.851787833196801181e-01
4.969482421875000000e-01 9.851912593287539543e-01
4.970703125000000000e-01 9.852031557751926849e-01
4.971923828125000000e-01 9.852144726519982409e-01
4.973144531250000000e-01 9.852252099525130591e-01
4.974365234375000000e-01 9.852353676704205254e-01
4.975585937500000000e-01 9.852449457997450866e-01
4.976806640625000000e-01 9.852539443348524717e-01
4.978027343750000000e-01 9.852623632704490264e-01
4.979248046875000000e-01 9.852702026015819348e-01
4.980468750000000000e-01 9.852774623236394413e-01
4.981689453125000000e-01 9.852841424323510733e-01
4.982910156250000000e-01 9.852902429237869741e-01
4.984130859375000000e-01 9.852957637943586811e-01
4.985351562500000000e-01 9.853007050408176815e-01
4.986572265625000000e-01 9.853050666602580776e-01
4.987792968750000000e-01 9.853088486501131449e-01
4.989013671875000000e-01 9.853120510081588845e-01
4.990234375000000000e-01 9.853146737325109150e-01
4.991455078125000000e-01 9.853167168216263594e-01
4.992675781250000000e-01 9.853181802743034012e-01
4.993896484375000000e-01 9.853190640896812846e-01
4.995117187500000000e-01 9.853193682672396481e-01
4.996337890625000000e-01 9.853190928068003007e-01
4.997558593750000000e-01 9.853182377085244470e-01
4.998779296875000000e-01 9.853168029729159061e-01
5.000000000000000000e-01 9.853147886008178924e-01
5.001220703125000000e-01 9.853121945934162351e-01
5.002441406250000000e-01 9.853090209522361587e-01
5.003662109375000000e-01 9.853052676791452802e-01
5.004882812500000000e-01 9.853009347763510561e-01
5.006103515625000000e-01 9.852960222464028917e-01
5.007324218750000000e-01 9.852905300921901421e-01
5.008544921875000000e-01 9.852844583169443338e-01
5.009765625000000000e-01 9.852778069242367209e-01
5.010986328125000000e-01 9.852705759179805067e-01
5.012207031250000000e-01 9.852627653024292886e-01
5.013427734375000000e-01 9.852543750821782798e-01
5.014648437500000000e-01 9.852454052621626435e-01
5.015869140625000000e-01 9.852358558476596029e-01
5.017089843750000000e-01 9.852257268442864424e-01
5.018310546875000000e-01 9.852150182580021731e-01
5.019531250000000000e-01 9.852037300951059784e-01
5.020751953125000000e-01 9.851918623622386573e-01
5.021972656250000000e-01 9.851794150663815142e-01
5.023193359375000000e-01 9.851663882148573581e-01
5.024414062500000000e-01 9.851527818153289484e-01
5.025634765625000000e-01 9.851385958758012151e-01
5.026855468750000000e-01 9.851238304046188166e-01
5.028076171875000000e-01 9.851084854104683597e-01
5.029296875000000000e-01 9.850925609023765128e-01
5.030517578125000000e-01 9.850760568897116709e-01
5.031738281250000000e-01 9.850589733821821792e-01
5.032958984375000000e-01 9.850413103898385536e-01
5.034179687500000000e-01 9.850230679230707054e-01
5.035400390625000000e-01 9.850042459926107163e-01
5.036621093750000000e-01 9.849848446095308407e-01
5.037841796875000000e-01 9.849648637852446154e-01
5.039062500000000000e-01 9.849443035315056383e-01
5.040283203125000000e-01 9.849231638604099004e-01
5.041503906250000000e-01 9.849014447843926767e-01
5.042724609375000000e-01 9.848791463162309689e-01
5.043945312500000000e-01 9.848562684690421731e-01
5.045166015625000000e-01 9.848328112562851899e-01
5.046386718750000000e-01 9.848087746917588703e-01
5.047607421875000000e-01 9.847841587896035698e-01
5.048828125000000000e-01 9.847589635642997052e-01
5.050048828125000000e-01 9.847331890306696422e-01
5.051269531250000000e-01 9.847068352038754746e-01
5.052490234375000000e-01 9.846799020994206897e-01
5.053710937500000000e-01 9.846523897331489472e-01
5.054931640625000000e-01 9.846242981212456336e-01
5.056152343750000000e-01 9.845956272802358633e-01
5.057373046875000000e-01 9.845663772269862557e-01
5.058593750000000000e-01 9.845365479787034912e-01
5.059814453125000000e-01 9.845061395529357551e-01
5.061035156250000000e-01 9.844751519675712936e-01
5.062255859375000000e-01 9.844435852408395249e-01
5.063476562500000000e-01 9.844114393913099281e-01
5.064697265625000000e-01 9.843787144378937093e-01
5.065917968750000000e-01 9.843454103998414695e-01
5.067138671875000000e-01 9.843115272967456475e-01
5.068359375000000000e-01 9.842770651485382993e-01
5.069580078125000000e-01 9.842420239754929856e-01
5.070800781250000000e-01 9.842064037982234392e-01
5.072021484375000000e-01 9.841702046376840096e-01
5.073242187500000000e-01 9.841334265151696625e-01
5.074462890625000000e-01 9.840960694523164243e-01
5.075683593750000000e-01 9.840581334710998274e-01
5.076904296875000000e-01 9.840196185938374640e-01
5.078125000000000000e-01 9.839805248431857665e-01
5.079345703125000000e-01 9.839408522421433378e-01
5.080566406250000000e-01 9.839006008140480652e-01
5.081787109375000000e-01 9.838597705825788964e-01
5.083007812500000000e-01 9.838183615717553954e-01
5.084228515625000000e-01 9.837763738059374097e-01
5.085449218750000000e-01 9.837338073098249591e-01
5.086669921875000000e-01 9.836906621084592350e-01
5.087890625000000000e-01 9.836469382272210460e-01
5.089111328125000000e-01 9.836026356918323721e-01
5.090332031250000000e-01 9.835577545283549217e-01
5.091552734375000000e-01 9.835122947631914636e-01
5.092773437500000000e-01 9.834662564230843840e-01
5.093994140625000000e-01 9.834196395351173514e-01
5.095214843750000000e-01 9.833724441267134297e-01
5.096435546875000000e-01 9.833246702256369653e-01
5.097656250000000000e-01 9.832763178599913667e-01
5.098876953125000000e-01 9.832273870582219910e-01
5.100097656250000000e-01 9.831778778491127024e-01
5.101318359375000000e-01 9.831277902617892028e-01
5.102539062500000000e-01 9.830771243257163672e-01
5.103759765625000000e-01 9.830258800706997979e-01
5.104980468750000000e-01 9.829740575268849367e-01
5.106201171875000000e-01 9.829216567247579528e-01
5.107421875000000000e-01 9.828686776951445214e-01
5.108642578125000000e-01 9.828151204692112675e-01
5.109863281250000000e-01 9.827609850784642109e-01
5.111083984375000000e-01 9.827062715547500993e-01
5.112304687500000000e-01 9.826509799302549641e-01
5.113525390625000000e-01 9.825951102375061197e-01
5.114746093750000000e-01 9.825386625093697202e-01
5.115966796875000000e-01 9.824816367790528693e-01
5.117187500000000000e-01 9.824240330801019550e-01
5.118408203125000000e-01 9.823658514464042035e-01
5.119628906250000000e-01 9.823070919121861255e-01
5.120849609375000000e-01 9.822477545120144038e-01
5.122070312500000000e-01 9.821878392807956715e-01
5.123291015625000000e-01 9.821273462537769561e-01
5.124511718750000000e-01 9.820662754665440142e-01
5.125732421875000000e-01 9.820046269550238849e-01
5.126953125000000000e-01 9.819424007554822253e-01
5.128173828125000000e-01 9.818795969045257532e-01
5.129394531250000000e-01 9.818162154390996932e-01
5.130615234375000000e-01 9.817522563964902194e-01
5.131835937500000000e-01 9.816877198143224570e-01
5.133056640625000000e-01 9.816226057305619257e-01
5.134277343750000000e-01 9.815569141835132072e-01
5.135498046875000000e-01 9.814906452118212776e-01
5.136718750000000000e-01 9.814237988544701752e-01
5.137939453125000000e-01 9.813563751507843325e-01
5.139160156250000000e-01 9.812883741404268001e-01
5.140380859375000000e-01 9.812197958634012451e-01
5.141601562500000000e-01 9.811506403600501747e-01
5.142822265625000000e-01 9.810809076710564902e-01
5.144042968750000000e-01 9.810105978374416003e-01
5.145263671875000000e-01 9.809397109005673077e-01
5.146484375000000000e-01 9.808682469021343664e-01
5.147705078125000000e-01 9.807962058841834807e-01
5.148925781250000000e-01 9.807235878890938618e-01
5.150146484375000000e-01 9.806503929595857816e-01
5.151367187500000000e-01 9.805766211387171305e-01
5.152587890625000000e-01 9.805022724698864156e-01
5.153808593750000000e-01 9.804273469968307619e-01
5.155029296875000000e-01 9.803518447636272448e-01
5.156250000000000000e-01 9.802757658146914466e-01
5.157470703125000000e-01 9.801991101947791218e-01
5.158691406250000000e-01 9.801218779489841992e-01
5.159912109375000000e-01 9.800440691227411127e-01
5.161132812500000000e-01 9.799656837618222482e-01
5.162353515625000000e-01 9.798867219123400529e-01
5.163574218750000000e-01 9.798071836207453700e-01
5.164794921875000000e-01 9.797270689338289928e-01
5.166015625000000000e-01 9.796463778987198889e-01
5.167236328125000000e-01 9.795651105628868649e-01
5.168457031250000000e-01 9.794832669741370124e-01
5.169677734375000000e-01 9.794008471806172622e-01
5.170898437500000000e-01 9.793178512308126082e-01
5.172119140625000000e-01 9.792342791735478835e-01
5.173339843750000000e-01 9.791501310579859840e-01
5.174560546875000000e-01 9.790654069336293119e-01
5.175781250000000000e-01 9.789801068503187764e-01
5.177001953125000000e-01 9.788942308582342378e-01
5.178222656250000000e-01 9.788077790078941742e-01
5.179443359375000000e-01 9.787207513501564593e-01
5.180664062500000000e-01 9.786331479362166963e-01
5.181884765625000000e-01 9.785449688176102168e-01
5.183105468750000000e-01 9.784562140462100821e-01
5.184326171875000000e-01 9.783668836742286379e-01
5.185546875000000000e-01 9.782769777542164036e-01
5.186767578125000000e-01 9.781864963390631829e-01
5.187988281250000000e-01 9.780954394819962872e-01
5.189208984375000000e-01 9.780038072365828672e-01
5.190429687500000000e-01 9.779115996567269153e-01
5.191650390625000000e-01 9.778188167966724853e-01
5.192871093750000000e-01 9.777254587110009165e-01
5.194091796875000000e-01 9.776315254546328326e-01
5.195312500000000000e-01 9.775370170828259209e-01
5.196533203125000000e-01 9.774419336511781520e-01
5.197753906250000000e-01 9.773462752156236721e-01
5.198974609375000000e-01 9.772500418324363558e-01
5.200195312500000000e-01 9.771532335582276962e-01
5.201416015625000000e-01 9.770558504499476937e-01
5.202636718750000000e-01 9.769578925648840784e-01
5.203857421875000000e-01 9.768593599606631983e-01
5.205078125000000000e-01 9.767602526952487985e-01
5.206298828125000000e-01 9.766605708269435748e-01
5.207519531250000000e-01 9.765603144143875092e-01
5.208740234375000000e-01 9.764594835165592013e-01
5.209960937500000000e-01 9.763580781927743146e-01
5.211181640625000000e-01 9.762560985026876859e-01
5.212402343750000000e-01 9.761535445062909933e-01
5.213623046875000000e-01 9.760504162639139780e-01
5.214843750000000000e-01 9.759467138362244443e-01
5.216064453125000000e-01 9.758424372842280370e-01
5.217285156250000000e-01 9.757375866692676869e-01
5.218505859375000000e-01 9.756321620530244987e-01
5.219726562500000000e-01 9.755261634975167517e-01
5.220947265625000000e-01 9.754195910651013435e-01
5.222167968750000000e-01 9.753124448184713469e-01
5.223388671875000000e-01 9.752047248206585639e-01
5.224609375000000000e-01 9.750964311350316382e-01
5.225830078125000000e-01 9.749875638252972765e-01
5.227050781250000000e-01 9.748781229554990269e-01
5.228271484375000000e-01 9.747681085900181674e-01
5.229492187500000000e-01 9.746575207935732621e-01
5.230712890625000000e-01 9.745463596312207155e-01
5.231933593750000000e-01 9.744346251683532190e-01
5.233154296875000000e-01 9.743223174707016376e-01
5.234375000000000000e-01 9.742094366043332343e-01
5.235595703125000000e-01 9.740959826356535567e-01
5.236816406250000000e-01 9.739819556314042170e-01
5.238037109375000000e-01 9.738673556586644464e-01
5.239257812500000000e-01 9.737521827848505396e-01
5.240478515625000000e-01 9.736364370777157440e-01
5.241699218750000000e-01 9.735201186053501488e-01
5.242919921875000000e-01 9.734032274361810178e-01
5.244140625000000000e-01 9.732857636389722344e-01
5.245361328125000000e-01 9.731677272828249681e-01
5.246582031250000000e-01 9.730491184371767854e-01
5.247802734375000000e-01 9.729299371718025391e-01
5.249023437500000000e-01 9.728101835568128131e-01
5.250244140625000000e-01 9.726898576626563653e-01
5.251464843750000000e-01 9.725689595601172410e-01
5.252685546875000000e-01 9.724474893203172154e-01
5.253906250000000000e-01 9.723254470147133510e-01
5.255126953125000000e-01 9.722028327151007732e-01
5.256347656250000000e-01 9.720796464936096726e-01
5.257568359375000000e-01 9.719558884227079698e-01
5.258789062500000000e-01 9.718315585751987618e-01
5.260009765625000000e-01 9.717066570242225421e-01
5.261230468750000000e-01 9.715811838432553138e-01
5.262451171875000000e-01 9.714551391061099217e-01
5.263671875000000000e-01 9.713285228869350529e-01
5.264892578125000000e-01 9.712013352602162364e-01
5.266113281250000000e-01 9.710735763007739552e-01
5.267333984375000000e-01 9.709452460837662002e-01
5.268554687500000000e-01 9.708163446846858058e-01
5.269775390625000000e-01 9.706868721793625587e-01
5.270996093750000000e-01 9.705568286439614223e-01
5.272216796875000000e-01 9.704262141549840903e-01
5.273437500000000000e-01 9.702950287892672110e-01
5.274658203125000000e-01 9.701632726239841631e-01
5.275878906250000000e-01 9.700309457366433907e-01
5.277099609375000000e-01 9.698980482050897356e-01
5.278320312500000000e-01 9.697645801075029937e-01
5.279541015625000000e-01 9.696305415223994695e-01
5.280761718750000000e-01 9.694959325286300889e-01
5.281982421875000000e-01 9.693607532053822862e-01
5.283203125000000000e-01 9.692250036321783391e-01
5.284423828125000000e-01 9.690886838888763677e-01
5.285644531250000000e-01 9.689517940556696685e-01
5.286865234375000000e-01 9.688143342130870472e-01
5.288085937500000000e-01 9.686763044419923752e-01
5.289306640625000000e-01 9.685377048235854769e-01
5.290527343750000000e-01 9.683985354394004652e-01
5.291748046875000000e-01 9.682587963713074064e-01
5.292968750000000000e-01 9.681184877015108770e-01
5.294189453125000000e-01 9.679776095125514068e-01
5.295410156250000000e-01 9.678361618873032590e-01
5.296630859375000000e-01 9.676941449089772052e-01
5.297851562500000000e-01 9.675515586611176388e-01
5.299072265625000000e-01 9.674084032276046852e-01
5.300292968750000000e-01 9.672646786926525353e-01
5.301513671875000000e-01 9.671203851408111118e-01
5.302734375000000000e-01 9.669755226569644035e-01
5.303955078125000000e-01 9.668300913263314644e-01
5.305175781250000000e-01 9.666840912344653036e-01
5.306396484375000000e-01 9.665375224672545507e-01
5.307617187500000000e-01 9.663903851109214571e-01
5.308837890625000000e-01 9.662426792520235619e-01
5.310058593750000000e-01 9.660944049774520259e-01
5.311279296875000000e-01 9.659455623744329644e-01
5.312500000000000000e-01 9.657961515305264477e-01
5.313720703125000000e-01 9.656461725336273894e-01
5.314941406250000000e-01 9.654956254719642139e-01
5.316162109375000000e-01 9.653445104341000782e-01
5.317382812500000000e-01 9.651928275089319831e-01
5.318603515625000000e-01 9.650405767856913286e-01
5.319824218750000000e-01 9.648877583539428038e-01
5.321044921875000000e-01 9.647343723035860519e-01
5.322265625000000000e-01 9.645804187248536721e-01
5.323486328125000000e-01 9.644258977083129958e-01
5.324707031250000000e-01 9.642708093448644213e-01
5.325927734375000000e-01 9.641151537257428572e-01
5.327148437500000000e-01 9.639589309425160568e-01
5.328369140625000000e-01 9.638021410870862837e-01
5.329589843750000000e-01 9.636447842516884243e-01
5.330810546875000000e-01 9.634868605288919863e-01
5.332031250000000000e-01 9.633283700115988779e-01
5.333251953125000000e-01 9.631693127930456289e-01
5.334472656250000000e-01 9.630096889668009474e-01
5.335693359375000000e-01 9.628494986267679412e-01
5.336914062500000000e-01 9.626887418671818963e-01
5.338134765625000000e-01 9.625274187826122763e-01
5.339355468750000000e-01 9.623655294679611671e-01
5.340576171875000000e-01 9.622030740184639441e-01
5.341796875000000000e-01 9.620400525296887162e-01
5.343017578125000000e-01 9.618764650975372144e-01
5.344238281250000000e-01 9.617123118182433483e-01
5.345458984375000000e-01 9.615475927883745388e-01
5.346679687500000000e-01 9.613823081048304964e-01
5.347900390625000000e-01 9.612164578648441093e-01
5.349121093750000000e-01 9.610500421659806669e-01
5.350341796875000000e-01 9.608830611061385252e-01
5.351562500000000000e-01 9.607155147835478859e-01
5.352783203125000000e-01 9.605474032967724618e-01
5.354003906250000000e-01 9.603787267447074782e-01
5.355224609375000000e-01 9.602094852265813385e-01
5.356445312500000000e-01 9.600396788419540695e-01
5.357666015625000000e-01 9.598693076907188759e-01
5.358886718750000000e-01 9.596983718731002533e-01
5.360107421875000000e-01 9.595268714896558748e-01
5.361328125000000000e-01 9.593548066412742603e-01
5.362548828125000000e-01 9.591821774291773295e-01
5.363769531250000000e-01 9.590089839549180706e-01
5.364990234375000000e-01 9.588352263203820947e-01
5.366210937500000000e-01 9.586609046277860813e-01
5.367431640625000000e-01 9.584860189796794439e-01
5.368652343750000000e-01 9.583105694789426643e-01
5.369873046875000000e-01 9.581345562287881812e-01
5.371093750000000000e-01 9.579579793327599457e-01
5.372314453125000000e-01 9.577808388947337548e-01
5.373535156250000000e-01 9.576031350189168068e-01
5.374755859375000000e-01 9.574248678098477017e-01
5.375976562500000000e-01 9.572460373723961080e-01
5.377197265625000000e-01 9.570666438117640951e-01
5.378417968750000000e-01 9.568866872334833573e-01
5.379638671875000000e-01 9.567061677434183231e-01
5.380859375000000000e-01 9.565250854477638232e-01
5.382080078125000000e-01 9.563434404530459787e-01
5.383300781250000000e-01 9.561612328661215354e-01
5.384521484375000000e-01 9.559784627941789736e-01
5.385742187500000000e-01 9.557951303447368430e-01
5.386962890625000000e-01 9.556112356256453166e-01
5.388183593750000000e-01 9.554267787450843041e-01
5.389404296875000000e-01 9.552417598115656716e-01
5.390625000000000000e-01 9.550561789339306884e-01
5.391845703125000000e-01 9.548700362213524695e-01
5.393066406250000000e-01 9.546833317833334220e-01
5.394287109375000000e-01 9.544960657297072437e-01
5.395507812500000000e-01 9.543082381706375905e-01
5.396728515625000000e-01 9.541198492166188538e-01
5.397949218750000000e-01 9.539308989784749393e-01
5.399169921875000000e-01 9.537413875673608210e-01
5.400390625000000000e-01 9.535513150947607652e-01
5.401611328125000000e-01 9.533606816724899957e-01
5.402832031250000000e-01 9.531694874126928063e-01
5.404052734375000000e-01 9.529777324278443373e-01
5.405273437500000000e-01 9.527854168307484661e-01
5.406494140625000000e-01 9.525925407345401386e-01
5.407714843750000000e-01 9.523991042526828155e-01
5.408935546875000000e-01 9.522051074989708042e-01
5.410156250000000000e-01 9.520105505875267049e-01
5.411376953125000000e-01 9.518154336328041865e-01
5.412597656250000000e-01 9.516197567495845444e-01
5.413818359375000000e-01 9.514235200529803649e-01
5.415039062500000000e-01 9.512267236584319718e-01
5.416259765625000000e-01 9.510293676817102027e-01
5.417480468750000000e-01 9.508314522389139656e-01
5.418701171875000000e-01 9.506329774464719051e-01
5.419921875000000000e-01 9.504339434211417359e-01
5.421142578125000000e-01 9.502343502800103536e-01
5.422363281250000000e-01 9.500341981404926139e-01
5.423583984375000000e-01 9.498334871203335528e-01
5.424804687500000000e-01 9.496322173376054998e-01
5.426025390625000000e-01 9.494303889107110761e-01
5.427246093750000000e-01 9.492280019583801964e-01
5.428466796875000000e-01 9.490250565996722898e-01
5.429687500000000000e-01 9.488215529539744120e-01
5.430908203125000000e-01 9.486174911410031330e-01
5.432128906250000000e-01 9.484128712808020945e-01
5.433349609375000000e-01 9.482076934937442303e-01
5.434570312500000000e-01 9.480019579005304342e-01
5.435791015625000000e-01 9.477956646221896708e-01
5.437011718750000000e-01 9.475888137800786426e-01
5.438232421875000000e-01 9.473814054958826780e-01
5.439453125000000000e-01 9.471734398916145103e-01
5.440673828125000000e-01 9.469649170896151658e-01
5.441894531250000000e-01 9.467558372125528532e-01
5.443115234375000000e-01 9.465462003834245186e-01
5.444335937500000000e-01 9.463360067255534025e-01
5.445556640625000000e-01 9.461252563625915935e-01
5.446777343750000000e-01 9.459139494185175856e-01
5.447998046875000000e-01 9.457020860176383881e-01
5.449218750000000000e-01 9.454896662845870825e-01
5.450439453125000000e-01 9.452766903443255986e-01
5.451660156250000000e-01 9.450631583221411613e-01
5.452880859375000000e-01 9.448490703436501770e-01
5.454101562500000000e-01 9.446344265347943470e-01
5.455322265625000000e-01 9.444192270218435548e-01
5.456542968750000000e-01 9.442034719313937563e-01
5.457763671875000000e-01 9.439871613903684233e-01
5.458984375000000000e-01 9.437702955260172111e-01
5.460205078125000000e-01 9.435528744659171796e-01
5.461425781250000000e-01 9.433348983379705732e-01
5.462646484375000000e-01 9.431163672704083734e-01
5.463867187500000000e-01 9.428972813917857465e-01
5.465087890625000000e-01 9.426776408309860411e-01
5.466308593750000000e-01 9.424574457172176789e-01
5.467529296875000000e-01 9.422366961800159313e-01
5.468750000000000000e-01 9.420153923492418091e-01
5.469970703125000000e-01 9.417935343550829508e-01
5.471191406250000000e-01 9.415711223280527342e-01
5.472412109375000000e-01 9.413481563989902767e-01
5.473632812500000000e-01 9.411246366990605461e-01
5.474853515625000000e-01 9.409005633597548046e-01
5.476074218750000000e-01 9.406759365128892769e-01
5.477294921875000000e-01 9.404507562906064821e-01
5.478515625000000000e-01 9.402250228253736797e-01
5.479736328125000000e-01 9.399987362499846455e-01
5.480957031250000000e-01 9.397718966975572297e-01
5.482177734375000000e-01 9.395445043015359099e-01
5.483398437500000000e-01 9.393165591956893490e-01
5.484619140625000000e-01 9.390880615141123933e-01
5.485839843750000000e-01 9.388590113912234081e-01
5.487060546875000000e-01 9.386294089617676084e-01
5.488281250000000000e-01 9.383992543608135062e-01
5.489501953125000000e-01 9.381685477237555748e-01
5.490722656250000000e-01 9.379372891863122508e-01
5.491943359375000000e-01 9.377054788845271549e-01
5.493164062500000000e-01 9.374731169547683152e-01
5.494384765625000000e-01 9.372402035337283888e-01
5.495605468750000000e-01 9.370067387584241070e-01
5.496826171875000000e-01 9.367727227661968303e-01
5.498046875000000000e-01 9.365381556947121044e-01
5.499267578125000000e-01 9.363030376819598821e-01
5.500488281250000000e-01 9.360673688662537462e-01
5.501708984375000000e-01 9.358311493862319086e-01
5.502929687500000000e-01 9.355943793808559894e-01
5.504150390625000000e-01 9.353570589894119047e-01
5.505371093750000000e-01 9.351191883515086456e-01
5.506591796875000000e-01 9.348807676070800543e-01
5.507812500000000000e-01 9.346417968963821599e-01
5.509033203125000000e-01 9.344022763599960646e-01
5.510253906250000000e-01 9.341622061388249465e-01
5.511474609375000000e-01 9.339215863740961687e-01
5.512695312500000000e-01 9.336804172073598362e-01
5.513916015625000000e-01 9.334386987804902391e-01
5.515136718750000000e-01 9.331964312356835212e-01
5.516357421875000000e-01 9.329536147154595671e-01
5.517578125000000000e-01 9.327102493626610036e-01
5.518798828125000000e-01 9.324663353204536431e-01
5.520019531250000000e-01 9.322218727323254850e-01
5.521240234375000000e-01 9.319768617420879364e-01
5.522460937500000000e-01 9.317313024938743693e-01
5.523681640625000000e-01 9.314851951321412304e-01
5.524902343750000000e-01 9.312385398016669313e-01
5.526123046875000000e-01 9.309913366475525143e-01
5.527343750000000000e-01 9.307435858152210972e-01
5.528564453125000000e-01 9.304952874504183180e-01
5.529785156250000000e-01 9.302464416992115570e-01
5.531005859375000000e-01 9.299970487079904924e-01
5.532226562500000000e-01 9.297471086234665449e-01
5.533447265625000000e-01 9.294966215926731001e-01
5.534667968750000000e-01 9.292455877629649530e-01
5.535888671875000000e-01 9.289940072820190853e-01
5.537109375000000000e-01 9.287418802978336663e-01
5.538330078125000000e-01 9.284892069587288299e-01
5.539550781250000000e-01 9.282359874133452315e-01
5.540771484375000000e-01 9.279822218106459353e-01
5.541992187500000000e-01 9.277279102999143046e-01
5.543212890625000000e-01 9.274730530307555565e-01
5.544433593750000000e-01 9.272176501530955406e-01
5.545654296875000000e-01 9.269617018171811829e-01
5.546875000000000000e-01 9.267052081735800417e-01
5.548095703125000000e-01 9.264481693731813072e-01
5.549316406250000000e-01 9.261905855671938026e-01
5.550537109375000000e-01 9.259324569071475386e-01
5.551757812500000000e-01 9.256737835448931584e-01
5.552978515625000000e-01 9.254145656326013825e-01
5.554199218750000000e-01 9.251548033227632306e-01
5.555419921875000000e-01 9.248944967681905771e-01
5.556640625000000000e-01 9.246336461220147074e-01
5.557861328125000000e-01 9.243722515376877613e-01
5.559082031250000000e-01 9.241103131689807348e-01
5.560302734375000000e-01 9.238478311699860335e-01
5.561523437500000000e-01 9.235848056951143636e-01
5.562744140625000000e-01 9.233212368990975083e-01
5.563964843750000000e-01 9.230571249369855513e-01
5.565185546875000000e-01 9.227924699641492090e-01
5.566406250000000000e-01 9.225272721362777206e-01
5.567626953125000000e-01 9.222615316093808469e-01
5.568847656250000000e-01 9.219952485397862052e-01
5.570068359375000000e-01 9.217284230841416015e-01
5.571289062500000000e-01 9.214610553994134756e-01
5.572509765625000000e-01 9.211931456428876785e-01
5.573730468750000000e-01 9.209246939721680292e-01
5.574951171875000000e-01 9.206557005451780906e-01
5.576171875000000000e-01 9.203861655201595049e-01
5.577392578125000000e-01 9.201160890556732141e-01
5.578613281250000000e-01 9.198454713105979064e-01
5.579833984375000000e-01 9.195743124441313476e-01
5.581054687500000000e-01 9.193026126157888278e-01
5.582275390625000000e-01 9.190303719854047149e-01
5.583496093750000000e-01 9.187575907131309005e-01
5.584716796875000000e-01 9.184842689594381326e-01
5.585937500000000000e-01 9.182104068851137946e-01
5.587158203125000000e-01 9.179360046512645699e-01
5.588378906250000000e-01 9.176610624193135557e-01
5.589599609375000000e-01 9.173855803510028162e-01
5.590820312500000000e-01 9.171095586083908291e-01
5.592041015625000000e-01 9.168329973538547062e-01
5.593261718750000000e-01 9.165558967500877507e-01
5.594482421875000000e-01 9.162782569601012339e-01
5.595703125000000000e-01 9.160000781472235065e-01
5.596923828125000000e-01 9.157213604751001101e-01
5.598144531250000000e-01 9.154421041076933330e-01
5.599365234375000000e-01 9.151623092092826539e-01
5.600585937500000000e-01 9.148819759444639654e-01
5.601806640625000000e-01 9.146011044781504618e-01
5.603027343750000000e-01 9.143196949755710845e-01
5.604248046875000000e-01 9.140377476022724101e-01
5.605468750000000000e-01 9.137552625241162074e-01
5.606689453125000000e-01 9.134722399072816579e-01
5.607910156250000000e-01 9.131886799182633574e-01
5.609130859375000000e-01 9.129045827238725375e-01
5.610351562500000000e-01 9.126199484912360660e-01
5.611572265625000000e-01 9.123347773877972244e-01
5.612792968750000000e-01 9.120490695813143756e-01
5.614013671875000000e-01 9.117628252398625177e-01
5.615234375000000000e-01 9.114760445318316195e-01
5.616455078125000000e-01 9.111887276259273971e-01
5.617675781250000000e-01 9.109008746911707588e-01
5.618896484375000000e-01 9.106124858968986935e-01
5.620117187500000000e-01 9.103235614127623831e-01
5.621337890625000000e-01 9.100341014087289793e-01
5.622558593750000000e-01 9.097441060550801595e-01
5.623779296875000000e-01 9.094535755224129048e-01
5.625000000000000000e-01 9.091625099816385003e-01
5.626220703125000000e-01 9.088709096039837565e-01
5.627441406250000000e-01 9.085787745609892330e-01
5.628662109375000000e-01 9.082861050245109036e-01
5.629882812500000000e-01 9.079929011667182692e-01
5.631103515625000000e-01 9.076991631600961341e-01
5.632324218750000000e-01 9.074048911774423853e-01
5.633544921875000000e-01 9.071100853918701024e-01
5.634765625000000000e-01 9.068147459768054475e-01
5.635986328125000000e-01 9.065188731059896643e-01
5.637207031250000000e-01 9.062224669534764132e-01
5.638427734375000000e-01 9.059255276936344359e-01
5.639648437500000000e-01 9.056280555011451128e-01
5.640869140625000000e-01 9.053300505510039065e-01
5.642089843750000000e-01 9.050315130185190293e-01
5.643310546875000000e-01 9.047324430793128869e-01
5.644531250000000000e-01 9.044328409093200793e-01
5.645751953125000000e-01 9.041327066847895111e-01
5.646972656250000000e-01 9.038320405822818371e-01
5.648193359375000000e-01 9.035308427786714613e-01
5.649414062500000000e-01 9.032291134511452046e-01
5.650634765625000000e-01 9.029268527772029707e-01
5.651855468750000000e-01 9.026240609346564137e-01
5.653076171875000000e-01 9.023207381016306039e-01
5.654296875000000000e-01 9.020168844565620292e-01
5.655517578125000000e-01 9.017125001782007043e-01
5.656738281250000000e-01 9.014075854456071735e-01
5.657958984375000000e-01 9.011021404381557298e-01
5.659179687500000000e-01 9.007961653355313070e-01
5.660400390625000000e-01 9.004896603177314773e-01
5.661621093750000000e-01 9.001826255650648978e-01
5.662841796875000000e-01 8.998750612581525310e-01
5.664062500000000000e-01 8.995669675779262020e-01
5.665283203125000000e-01 8.992583447056299306e-01
5.666503906250000000e-01 8.989491928228181550e-01
5.667724609375000000e-01 8.986395121113572859e-01
5.668945312500000000e-01 8.983293027534243747e-01
5.670166015625000000e-01 8.980185649315076679e-01
5.671386718750000000e-01 8.977072988284060528e-01
5.672607421875000000e-01 8.973955046272296121e-01
5.673828125000000000e-01 8.970831825113985136e-01
5.675048828125000000e-01 8.967703326646440098e-01
5.676269531250000000e-01 8.964569552710075495e-01
5.677490234375000000e-01 8.961430505148411108e-01
5.678710937500000000e-01 8.958286185808065349e-01
5.679931640625000000e-01 8.955136596538764149e-01
5.681152343750000000e-01 8.951981739193325405e-01
5.682373046875000000e-01 8.948821615627673420e-01
5.683593750000000000e-01 8.945656227700824470e-01
5.684814453125000000e-01 8.942485577274897901e-01
5.686035156250000000e-01 8.939309666215102812e-01
5.687255859375000000e-01 8.936128496389750264e-01
5.688476562500000000e-01 8.932942069670235519e-01
5.689697265625000000e-01 8.929750387931054689e-01
5.690917968750000000e-01 8.926553453049790310e-01
5.692138671875000000e-01 8.923351266907117996e-01
5.693359375000000000e-01 8.920143831386797562e-01
5.694580078125000000e-01 8.916931148375686345e-01
5.695800781250000000e-01 8.913713219763719220e-01
5.697021484375000000e-01 8.910490047443921924e-01
5.698242187500000000e-01 8.907261633312402171e-01
5.699462890625000000e-01 8.904027979268357429e-01
5.700683593750000000e-01 8.900789087214056039e-01
5.701904296875000000e-01 8.897544959054861646e-01
5.703125000000000000e-01 8.894295596699204332e-01
5.704345703125000000e-01 8.891041002058606146e-01
5.705566406250000000e-01 8.887781177047660019e-01
5.706787109375000000e-01 8.884516123584034197e-01
5.708007812500000000e-01 8.881245843588478905e-01
5.709228515625000000e-01 8.877970338984815246e-01
5.710449218750000000e-01 8.874689611699935199e-01
5.711669921875000000e-01 8.871403663663808281e-01
5.712890625000000000e-01 8.868112496809472667e-01
5.714111328125000000e-01 8.864816113073037407e-01
5.715332031250000000e-01 8.861514514393679098e-01
5.716552734375000000e-01 8.858207702713645215e-01
5.717773437500000000e-01 8.854895679978245226e-01
5.718994140625000000e-01 8.851578448135859478e-01
5.720214843750000000e-01 8.848256009137926981e-01
5.721435546875000000e-01 8.844928364938957621e-01
5.722656250000000000e-01 8.841595517496511070e-01
5.723876953125000000e-01 8.838257468771224534e-01
5.725097656250000000e-01 8.834914220726779455e-01
5.726318359375000000e-01 8.831565775329925927e-01
5.727539062500000000e-01 8.828212134550466050e-01
5.728759765625000000e-01 8.824853300361263919e-01
5.729980468750000000e-01 8.821489274738230080e-01
5.731201171875000000e-01 8.818120059660339294e-01
5.732421875000000000e-01 8.814745657109608334e-01
5.733642578125000000e-01 8.811366069071115970e-01
5.734863281250000000e-01 8.807981297532982978e-01
5.736083984375000000e-01 8.804591344486388804e-01
5.737304687500000000e-01 8.801196211925548241e-01
5.738525390625000000e-01 8.797795901847738076e-01
5.739746093750000000e-01 8.794390416253266007e-01
5.740966796875000000e-01 8.790979757145496176e-01
5.742187500000000000e-01 8.787563926530828073e-01
5.743408203125000000e-01 8.784142926418712083e-01
5.744628906250000000e-01 8.780716758821627277e-01
5.745849609375000000e-01 8.777285425755105841e-01
5.747070312500000000e-01 8.773848929237707539e-01
5.748291015625000000e-01 8.770407271291041917e-01
5.749511718750000000e-01 8.766960453939739439e-01
5.750732421875000000e-01 8.763508479211479241e-01
5.751953125000000000e-01 8.760051349136965815e-01
5.753173828125000000e-01 8.756589065749944556e-01
5.754394531250000000e-01 8.753121631087181775e-01
5.755615234375000000e-01 8.749649047188483575e-01
5.756835937500000000e-01 8.746171316096681414e-01
5.758056640625000000e-01 8.742688439857634330e-01
5.759277343750000000e-01 8.739200420520227830e-01
5.760498046875000000e-01 8.735707260136374996e-01
5.761718750000000000e-01 8.732208960761009831e-01
5.762939453125000000e-01 8.728705524452096132e-01
5.764160156250000000e-01 8.725196953270610845e-01
5.765380859375000000e-01 8.721683249280558492e-01
5.766601562500000000e-01 8.718164414548958963e-01
5.767822265625000000e-01 8.714640451145854172e-01
5.769042968750000000e-01 8.711111361144299181e-01
5.770263671875000000e-01 8.707577146620368858e-01
5.771484375000000000e-01 8.704037809653146773e-01
5.772705078125000000e-01 8.700493352324738527e-01
5.773925781250000000e-01 8.696943776720249542e-01
5.775146484375000000e-01 8.693389084927813926e-01
5.776367187500000000e-01 8.689829279038556731e-01
5.777587890625000000e-01 8.686264361146625035e-01
5.778808593750000000e-01 8.682694333349163518e-01
5.780029296875000000e-01 8.679119197746334446e-01
5.781250000000000000e-01 8.675538956441291027e-01
5.782470703125000000e-01 8.671953611540201834e-01
5.783691406250000000e-01 8.668363165152228600e-01
5.784912109375000000e-01 8.664767619389541764e-01
5.786132812500000000e-01 8.661166976367307146e-01
5.787353515625000000e-01 8.657561238203692611e-01
5.788574218750000000e-01 8.653950407019856961e-01
5.789794921875000000e-01 8.650334484939963264e-01
5.791015625000000000e-01 8.646713474091158869e-01
5.792236328125000000e-01 8.643087376603599825e-01
5.793457031250000000e-01 8.639456194610417583e-01
5.794677734375000000e-01 8.635819930247750076e-01
5.795898437500000000e-01 8.632178585654711744e-01
5.797119140625000000e-01 8.628532162973416852e-01
5.798339843750000000e-01 8.624880664348958392e-01
5.799560546875000000e-01 8.621224091929422517e-01
5.800781250000000000e-01 8.617562447865871889e-01
5.802001953125000000e-01 8.613895734312360108e-01
5.803222656250000000e-01 8.610223953425919508e-01
5.804443359375000000e-01 8.606547107366566696e-01
5.805664062500000000e-01 8.602865198297291460e-01
5.806884765625000000e-01 8.599178228384070088e-01
5.808105468750000000e-01 8.595486199795848714e-01
5.809326171875000000e-01 8.591789114704555530e-01
5.810546875000000000e-01 8.588086975285085245e-01
5.811767578125000000e-01 8.584379783715319068e-01
5.812988281250000000e-01 8.580667542176093621e-01
5.814208984375000000e-01 8.576950252851233136e-01
5.815429687500000000e-01 8.573227917927516151e-01
5.816650390625000000e-01 8.569500539594701038e-01
5.817871093750000000e-01 8.565768120045506029e-01
5.819091796875000000e-01 8.562030661475619198e-01
5.820312500000000000e-01 8.558288166083687365e-01
5.821533203125000000e-01 8.554540636071330528e-01
5.822753906250000000e-01 8.550788073643118548e-01
5.823974609375000000e-01 8.547030481006590019e-01
5.825195312500000000e-01 8.543267860372236733e-01
5.826416015625000000e-01 8.539500213953516994e-01
5.827636718750000000e-01 8.535727543966835640e-01
5.828857421875000000e-01 8.531949852631557363e-01
5.830078125000000000e-01 8.528167142170002268e-01
5.831298828125000000e-01 8.524379414807441435e-01
5.832519531250000000e-01 8.520586672772094694e-01
5.833740234375000000e-01 8.516788918295139510e-01
5.834960937500000000e-01 8.512986153610690998e-01
5.836181640625000000e-01 8.509178380955821908e-01
5.837402343750000000e-01 8.505365602570545969e-01
5.838623046875000000e-01 8.501547820697821223e-01
5.839843750000000000e-01 8.497725037583551133e-01
5.841064453125000000e-01 8.493897255476581254e-01
5.842285156250000000e-01 8.490064476628695900e-01
5.843505859375000000e-01 8.486226703294621476e-01
5.844726562500000000e-01 8.482383937732018708e-01
5.845947265625000000e-01 8.478536182201492633e-01
5.847167968750000000e-01 8.474683438966572613e-01
5.848388671875000000e-01 8.470825710293732325e-01
5.849609375000000000e-01 8.466962998452369771e-01
5.850830078125000000e-01 8.463095305714825045e-01
5.852050781250000000e-01 8.459222634356357018e-01
5.853271484375000000e-01 8.455344986655161099e-01
5.854492187500000000e-01 8.451462364892355916e-01
5.855712890625000000e-01 8.447574771351991085e-01
5.856933593750000000e-01 8.443682208321032778e-01
5.858154296875000000e-01 8.439784678089379266e-01
5.859375000000000000e-01 8.435882182949843155e-01
5.860595703125000000e-01 8.431974725198168041e-01
5.861816406250000000e-01 8.428062307133005193e-01
5.863037109375000000e-01 8.424144931055932428e-01
5.864257812500000000e-01 8.420222599271439679e-01
5.865478515625000000e-01 8.416295314086934543e-01
5.866699218750000000e-01 8.412363077812736734e-01
5.867919921875000000e-01 8.408425892762081411e-01
5.869140625000000000e-01 8.404483761251109186e-01
5.870361328125000000e-01 8.400536685598880560e-01
5.871582031250000000e-01 8.396584668127351492e-01
5.872802734375000000e-01 8.392627711161397830e-01
5.874023437500000000e-01 8.388665817028790883e-01
5.875244140625000000e-01 8.384698988060214075e-01
5.876464843750000000e-01 8.380727226589248513e-01
5.877685546875000000e-01 8.376750534952382976e-01
5.878906250000000000e-01 8.372768915488996155e-01
5.880126953125000000e-01 8.368782370541378857e-01
5.881347656250000000e-01 8.364790902454708466e-01
5.882568359375000000e-01 8.360794513577065601e-01
5.883789062500000000e-01 8.356793206259420792e-01
5.885009765625000000e-01 8.352786982855642250e-01
5.886230468750000000e-01 8.348775845722486988e-01
5.887451171875000000e-01 8.344759797219600816e-01
5.888671875000000000e-01 8.340738839709523900e-01
5.889892578125000000e-01 8.336712975557685201e-01
5.891113281250000000e-01 8.332682207132390273e-01
5.892333984375000000e-01 8.328646536804842349e-01
5.893554687500000000e-01 8.324605966949116809e-01
5.894775390625000000e-01 8.320560499942182275e-01
5.895996093750000000e-01 8.316510138163878407e-01
5.897216796875000000e-01 8.312454883996932553e-01
5.898437500000000000e-01 8.308394739826941988e-01
5.899658203125000000e-01 8.304329708042388347e-01
5.900878906250000000e-01 8.300259791034623191e-01
5.902099609375000000e-01 8.296184991197874670e-01
5.903320312500000000e-01 8.292105310929243078e-01
5.904541015625000000e-01 8.288020752628699750e-01
5.905761718750000000e-01 8.283931318699080393e-01
5.906982421875000000e-01 8.279837011546099523e-01
5.908203125000000000e-01 8.275737833578329372e-01
5.909423828125000000e-01 8.271633787207210986e-01
5.910644531250000000e-01 8.267524874847049787e-01
5.911865234375000000e-01 8.263411098915013353e-01
5.913085937500000000e-01 8.259292461831129195e-01
5.914306640625000000e-01 8.255168966018286980e-01
5.915527343750000000e-01 8.251040613902229648e-01
5.916748046875000000e-01 8.246907407911564514e-01
5.917968750000000000e-01 8.242769350477746615e-01
5.919189453125000000e-01 8.238626444035092034e-01
5.920410156250000000e-01 8.234478691020761243e-01
5.921630859375000000e-01 8.230326093874775761e-01
5.922851562500000000e-01 8.226168655039998168e-01
5.924072265625000000e-01 8.222006376962145424e-01
5.925292968750000000e-01 8.217839262089772223e-01
5.926513671875000000e-01 8.213667312874293192e-01
5.927734375000000000e-01 8.209490531769951804e-01
5.928955078125000000e-01 8.205308921233847030e-01
5.930175781250000000e-01 8.201122483725904466e-01
5.931396484375000000e-01 8.196931221708905202e-01
5.932617187500000000e-01 8.192735137648454735e-01
5.933837890625000000e-01 8.188534234013007396e-01
5.935058593750000000e-01 8.184328513273839700e-01
5.936279296875000000e-01 8.180117977905074778e-01
5.937500000000000000e-01 8.175902630383657943e-01
5.938720703125000000e-01 8.171682473189374463e-01
5.939941406250000000e-01 8.167457508804827349e-01
5.941162109375000000e-01 8.163227739715457343e-01
5.942382812500000000e-01 8.158993168409530705e-01
5.943603515625000000e-01 8.154753797378135882e-01
5.944824218750000000e-01 8.150509629115183508e-01
5.946044921875000000e-01 8.146260666117410842e-01
5.947265625000000000e-01 8.142006910884369564e-01
5.948486328125000000e-01 8.137748365918440197e-01
5.949707031250000000e-01 8.133485033724808799e-01
5.950927734375000000e-01 8.129216916811488058e-01
5.952148437500000000e-01 8.124944017689299525e-01
5.953369140625000000e-01 8.120666338871880274e-01
5.954589843750000000e-01 8.116383882875677358e-01
5.955810546875000000e-01 8.112096652219951132e-01
5.957031250000000000e-01 8.107804649426768595e-01
5.958251953125000000e-01 8.103507877021002281e-01
5.959472656250000000e-01 8.099206337530334698e-01
5.960693359375000000e-01 8.094900033485250557e-01
5.961914062500000000e-01 8.090588967419036770e-01
5.963134765625000000e-01 8.086273141867785785e-01
5.964355468750000000e-01 8.081952559370380040e-01
5.965576171875000000e-01 8.077627222468513057e-01
5.966796875000000000e-01 8.073297133706662798e-01
5.968017578125000000e-01 8.068962295632118309e-01
5.969238281250000000e-01 8.064622710794943083e-01
5.970458984375000000e-01 8.060278381748009480e-01
5.971679687500000000e-01 8.055929311046972074e-01
5.972900390625000000e-01 8.051575501250278766e-01
5.974121093750000000e-01 8.047216954919160781e-01
5.975341796875000000e-01 8.042853674617640447e-01
5.976562500000000000e-01 8.038485662912522312e-01
5.977783203125000000e-01 8.034112922373397581e-01
5.979003906250000000e-01 8.029735455572633018e-01
5.980224609375000000e-01 8.025353265085384269e-01
5.981445312500000000e-01 8.020966353489574763e-01
5.982666015625000000e-01 8.016574723365919031e-01
5.983886718750000000e-01 8.012178377297893839e-01
5.985107421875000000e-01 8.007777317871760392e-01
5.986328125000000000e-01 8.003371547676543241e-01
5.987548828125000000e-01 7.998961069304049154e-01
5.988769531250000000e-01 7.994545885348844916e-01
5.989990234375000000e-01 7.990125998408273977e-01
5.991210937500000000e-01 7.985701411082437584e-01
5.992431640625000000e-01 7.981272125974210319e-01
5.993652343750000000e-01 7.976838145689222337e-01
5.994873046875000000e-01 7.972399472835871581e-01
5.996093750000000000e-01 7.967956110025316008e-01
5.997314453125000000e-01 7.963508059871471367e-01
5.998535156250000000e-01 7.959055324991010094e-01
5.999755859375000000e-01 7.954597908003362416e-01
6.000976562500000000e-01 7.950135811530709695e-01
6.002197265625000000e-01 7.945669038197992196e-01
6.003417968750000000e-01 7.941197590632892434e-01
6.004638671875000000e-01 7.936721471465852940e-01
6.005859375000000000e-01 7.932240683330056275e-01
6.007080078125000000e-01 7.927755228861435022e-01
6.008300781250000000e-01 7.923265110698666236e-01
6.009521484375000000e-01 7.918770331483171443e-01
6.010742187500000000e-01 7.914270893859113309e-01
6.011962890625000000e-01 7.909766800473396753e-01
6.013183593750000000e-01 7.905258053975658949e-01
6.014404296875000000e-01 7.900744657018285988e-01
6.015625000000000000e-01 7.896226612256387334e-01
6.016845703125000000e-01 7.891703922347814704e-01
6.018066406250000000e-01 7.887176589953150962e-01
6.019287109375000000e-01 7.882644617735705683e-01
6.020507812500000000e-01 7.878108008361526249e-01
6.021728515625000000e-01 7.873566764499380088e-01
6.022949218750000000e-01 7.869020888820763560e-01
6.024169921875000000e-01 7.864470383999899727e-01
6.025390625000000000e-01 7.859915252713731704e-01
6.026611328125000000e-01 7.855355497641929308e-01
6.027832031250000000e-01 7.850791121466873523e-01
6.029052734375000000e-01 7.846222126873674263e-01
6.030273437500000000e-01 7.841648516550150383e-01
6.031494140625000000e-01 7.837070293186839676e-01
6.032714843750000000e-01 7.832487459476993319e-01
6.033935546875000000e-01 7.827900018116575875e-01
6.035156250000000000e-01 7.823307971804254191e-01
6.036376953125000000e-01 7.818711323241420708e-01
6.037597656250000000e-01 7.814110075132157940e-01
6.038818359375000000e-01 7.809504230183266227e-01
6.040039062500000000e-01 7.804893791104241529e-01
6.041259765625000000e-01 7.800278760607290973e-01
6.042480468750000000e-01 7.795659141407311754e-01
6.043701171875000000e-01 7.791034936221913343e-01
6.044921875000000000e-01 7.786406147771390840e-01
6.046142578125000000e-01 7.781772778778746069e-01
6.047363281250000000e-01 7.777134831969667594e-01
6.048583984375000000e-01 7.772492310072542931e-01
6.049804687500000000e-01 7.767845215818443005e-01
6.051025390625000000e-01 7.763193551941138804e-01
6.052246093750000000e-01 7.758537321177081392e-01
6.053466796875000000e-01 7.753876526265414126e-01
6.054687500000000000e-01 7.749211169947958222e-01
6.055908203125000000e-01 7.744541254969228294e-01
6.057128906250000000e-01 7.739866784076407935e-01
6.058349609375000000e-01 7.735187760019373027e-01
6.059570312500000000e-01 7.730504185550672869e-01
6.060791015625000000e-01 7.725816063425532398e-01
6.062011718750000000e-01 7.721123396401852190e-01
6.063232421875000000e-01 7.716426187240210677e-01
6.064453125000000000e-01 7.711724438703848605e-01
6.065673828125000000e-01 7.707018153558691242e-01
6.066894531250000000e-01 7.702307334573317288e-01
6.068115234375000000e-01 7.697591984518987740e-01
6.069335937500000000e-01 7.692872106169615920e-01
6.070556640625000000e-01 7.688147702301787456e-01
6.071777343750000000e-01 7.683418775694745850e-01
6.072998046875000000e-01 7.678685329130396919e-01
6.074218750000000000e-01 7.673947365393306574e-01
6.075439453125000000e-01 7.669204887270696380e-01
6.076660156250000000e-01 7.664457897552442445e-01
6.077880859375000000e-01 7.659706399031079860e-01
6.079101562500000000e-01 7.654950394501789379e-01
6.080322265625000000e-01 7.650189886762408520e-01
6.081542968750000000e-01 7.645424878613418240e-01
6.082763671875000000e-01 7.640655372857954042e-01
6.083984375000000000e-01 7.635881372301789316e-01
6.085205078125000000e-01 7.631102879753349777e-01
6.086425781250000000e-01 7.626319898023694588e-01
6.087646484375000000e-01 7.621532429926533014e-01
6.088867187500000000e-01 7.616740478278205551e-01
6.090087890625000000e-01 7.611944045897698352e-01
6.091308593750000000e-01 7.607143135606624362e-01
6.092529296875000000e-01 7.602337750229237745e-01
6.093750000000000000e-01 7.597527892592423893e-01
6.094970703125000000e-01 7.592713565525696096e-01
6.096191406250000000e-01 7.587894771861198873e-01
6.097412109375000000e-01 7.583071514433705751e-01
6.098632812500000000e-01 7.578243796080614825e-01
6.099853515625000000e-01 7.573411619641947645e-01
6.101074218750000000e-01 7.568574987960349221e-01
6.102294921875000000e-01 7.563733903881085796e-01
6.103515625000000000e-01 7.558888370252041522e-01
6.104736328125000000e-01 7.554038389923720676e-01
6.105957031250000000e-01 7.549183965749237668e-01
6.107177734375000000e-01 7.544325100584330368e-01
6.108398437500000000e-01 7.539461797287341227e-01
6.109619140625000000e-01 7.534594058719228382e-01
6.110839843750000000e-01 7.529721887743552333e-01
6.112060546875000000e-01 7.524845287226491486e-01
6.113281250000000000e-01 7.519964260036819947e-01
6.114501953125000000e-01 7.515078809045923069e-01
6.115722656250000000e-01 7.510188937127781905e-01
6.116943359375000000e-01 7.505294647158986532e-01
6.118164062500000000e-01 7.500395942018720508e-01
6.119384765625000000e-01 7.495492824588766423e-01
6.120605468750000000e-01 7.490585297753498129e-01
6.121826171875000000e-01 7.485673364399892948e-01
6.123046875000000000e-01 7.480757027417508365e-01
6.124267578125000000e-01 7.475836289698505333e-01
6.125488281250000000e-01 7.470911154137620525e-01
6.126708984375000000e-01 7.465981623632189645e-01
6.127929687500000000e-01 7.461047701082125228e-01
6.129150390625000000e-01 7.456109389389929953e-01
6.130371093750000000e-01 7.451166691460680003e-01
6.131591796875000000e-01 7.446219610202043926e-01
6.132812500000000000e-01 7.441268148524255999e-01
6.134033203125000000e-01 7.436312309340138427e-01
6.135253906250000000e-01 7.431352095565081362e-01
6.136474609375000000e-01 7.426387510117050672e-01
6.137695312500000000e-01 7.421418555916583504e-01
6.138916015625000000e-01 7.416445235886791609e-01
6.140136718750000000e-01 7.411467552953345805e-01
6.141357421875000000e-01 7.406485510044491516e-01
6.142578125000000000e-01 7.401499110091034339e-01
6.143798828125000000e-01 7.396508356026347819e-01
6.145019531250000000e-01 7.391513250786361233e-01
6.146240234375000000e-01 7.386513797309568474e-01
6.147460937500000000e-01 7.381509998537015838e-01
6.148681640625000000e-01 7.376501857412314234e-01
6.149902343750000000e-01 7.371489376881619204e-01
6.151123046875000000e-01 7.366472559893646466e-01
6.152343750000000000e-01 7.361451409399661916e-01
6.153564453125000000e-01 7.356425928353473864e-01
6.154785156250000000e-01 7.351396119711447463e-01
6.156005859375000000e-01 7.346361986432489166e-01
6.157226562500000000e-01 7.341323531478047837e-01
6.158447265625000000e-01 7.336280757812121411e-01
6.159667968750000000e-01 7.331233668401236914e-01
6.160888671875000000e-01 7.326182266214471550e-01
6.162109375000000000e-01 7.321126554223433835e-01
6.163330078125000000e-01 7.316066535402269144e-01
6.164550781250000000e-01 7.311002212727655269e-01
6.165771484375000000e-01 7.305933589178803533e-01
6.166992187500000000e-01 7.300860667737454346e-01
6.168212890625000000e-01 7.295783451387879426e-01
6.169433593750000000e-01 7.290701943116868478e-01
6.170654296875000000e-01 7.285616145913748065e-01
6.171875000000000000e-01 7.280526062770356077e-01
6.173095703125000000e-01 7.275431696681061711e-01
6.174316406250000000e-01 7.270333050642747708e-01
6.175537109375000000e-01 7.265230127654814796e-01
6.176757812500000000e-01 7.260122930719183909e-01
6.177978515625000000e-01 7.255011462840285086e-01
6.179199218750000000e-01 7.249895727025064129e-01
6.180419921875000000e-01 7.244775726282977057e-01
6.181640625000000000e-01 7.239651463625986771e-01
6.182861328125000000e-01 7.234522942068566387e-01
6.184082031250000000e-01 7.229390164627691462e-01
6.185302734375000000e-01 7.224253134322845549e-01
6.186523437500000000e-01 7.219111854176007981e-01
6.187744140625000000e-01 7.213966327211664975e-01
6.188964843750000000e-01 7.208816556456794089e-01
6.190185546875000000e-01 7.203662544940875323e-01
6.191406250000000000e-01 7.198504295695876687e-01
6.192626953125000000e-01 7.193341811756269744e-01
6.193847656250000000e-01 7.188175096159004074e-01
6.195068359375000000e-01 7.183004151943530591e-01
6.196289062500000000e-01 7.177828982151781556e-01
6.197509765625000000e-01 7.172649589828175021e-01
6.198730468750000000e-01 7.167465978019613715e-01
6.199951171875000000e-01 7.162278149775481717e-01
6.201171875000000000e-01 7.157086108147646675e-01
6.202392578125000000e-01 7.151889856190454253e-01
6.203613281250000000e-01 7.146689396960721474e-01
6.204833984375000000e-01 7.141484733517748928e-01
6.206054687500000000e-01 7.136275868923303012e-01
6.207275390625000000e-01 7.131062806241625918e-01
6.208496093750000000e-01 7.125845548539427865e-01
6.209716796875000000e-01 7.120624098885885989e-01
6.210937500000000000e-01 7.115398460352646559e-01
6.212158203125000000e-01 7.110168636013818322e-01
6.213378906250000000e-01 7.104934628945969166e-01
6.214599609375000000e-01 7.099696442228131676e-01
6.215820312500000000e-01 7.094454078941798691e-01
6.217041015625000000e-01 7.089207542170916643e-01
6.218261718750000000e-01 7.083956835001884444e-01
6.219482421875000000e-01 7.078701960523561265e-01
6.220703125000000000e-01 7.073442921827253205e-01
6.221923828125000000e-01 7.068179722006718846e-01
6.223144531250000000e-01 7.062912364158160372e-01
6.224365234375000000e-01 7.057640851380231339e-01
6.225585937500000000e-01 7.052365186774024464e-01
6.226806640625000000e-01 7.047085373443078282e-01
6.228027343750000000e-01 7.041801414493371603e-01
6.229248046875000000e-01 7.036513313033321282e-01
6.230468750000000000e-01 7.031221072173778897e-01
6.231689453125000000e-01 7.025924695028037403e-01
6.232910156250000000e-01 7.020624184711815596e-01
6.234130859375000000e-01 7.015319544343268099e-01
6.235351562500000000e-01 7.010010777042979813e-01
6.236572265625000000e-01 7.004697885933960366e-01
6.237792968750000000e-01 6.999380874141645226e-01
6.239013671875000000e-01 6.994059744793899025e-01
6.240234375000000000e-01 6.988734501021001133e-01
6.241455078125000000e-01 6.983405145955658977e-01
6.242675781250000000e-01 6.978071682732989167e-01
6.243896484375000000e-01 6.972734114490537483e-01
6.245117187500000000e-01 6.967392444368254445e-01
6.246337890625000000e-01 6.962046675508508642e-01
6.247558593750000000e-01 6.956696811056073404e-01
6.248779296875000000e-01 6.951342854158142348e-01
6.250000000000000000e-01 6.945984807964307173e-01
6.251220703125000000e-01 6.940622675626568761e-01
6.252441406250000000e-01 6.935256460299330517e-01
6.253662109375000000e-01 6.929886165139400589e-01
6.254882812500000000e-01 6.924511793305984098e-01
6.256103515625000000e-01 6.919133347960687574e-01
6.257324218750000000e-01 6.913750832267507862e-01
6.258544921875000000e-01 6.908364249392843215e-01
6.259765625000000000e-01 6.902973602505479978e-01
6.260986328125000000e-01 6.897578894776599245e-01
6.262207031250000000e-01 6.892180129379764653e-01
6.263427734375000000e-01 6.886777309490934584e-01
6.264648437500000000e-01 6.881370438288446634e-01
6.265869140625000000e-01 6.875959518953026484e-01
6.267089843750000000e-01 6.870544554667773474e-01
6.268310546875000000e-01 6.865125548618177254e-01
6.269531250000000000e-01 6.859702503992095579e-01
6.270751953125000000e-01 6.854275423979766524e-01
6.271972656250000000e-01 6.848844311773802929e-01
6.273193359375000000e-01 6.843409170569186850e-01
6.274414062500000000e-01 6.837970003563272892e-01
6.275634765625000000e-01 6.832526813955783762e-01
6.276855468750000000e-01 6.827079604948804725e-01
6.278076171875000000e-01 6.821628379746789150e-01
6.279296875000000000e-01 6.816173141556554071e-01
6.280517578125000000e-01 6.810713893587275747e-01
6.281738281250000000e-01 6.805250639050485217e-01
6.282958984375000000e-01 6.799783381160080520e-01
6.284179687500000000e-01 6.794312123132302261e-01
6.285400390625000000e-01 6.788836868185755824e-01
6.286621093750000000e-01 6.783357619541389161e-01
6.287841796875000000e-01 6.777874380422505007e-01
6.289062500000000000e-01 6.772387154054749780e-01
6.290283203125000000e-01 6.766895943666121349e-01
6.291503906250000000e-01 6.761400752486951271e-01
6.292724609375000000e-01 6.755901583749923667e-01
6.293945312500000000e-01 6.750398440690056345e-01
6.295166015625000000e-01 6.744891326544707466e-01
6.296386718750000000e-01 6.739380244553567767e-01
6.297607421875000000e-01 6.733865197958668336e-01
6.298828125000000000e-01 6.728346190004365068e-01
6.300048828125000000e-01 6.722823223937351989e-01
6.301269531250000000e-01 6.717296303006645708e-01
6.302490234375000000e-01 6.711765430463590976e-01
6.303710937500000000e-01 6.706230609561858458e-01
6.304931640625000000e-01 6.700691843557441407e-01
6.306152343750000000e-01 6.695149135708652333e-01
6.307373046875000000e-01 6.689602489276122999e-01
6.308593750000000000e-01 6.684051907522803315e-01
6.309814453125000000e-01 6.678497393713956898e-01
6.311035156250000000e-01 6.672938951117162176e-01
6.312255859375000000e-01 6.667376583002305734e-01
6.313476562500000000e-01 6.661810292641587861e-01
6.314697265625000000e-01 6.656240083309513667e-01
6.315917968750000000e-01 6.650665958282890866e-01
6.317138671875000000e-01 6.645087920840835327e-01
6.318359375000000000e-01 6.639505974264763299e-01
6.319580078125000000e-01 6.633920121838391415e-01
6.320800781250000000e-01 6.628330366847728916e-01
6.322021484375000000e-01 6.622736712581087648e-01
6.323242187500000000e-01 6.617139162329069846e-01
6.324462890625000000e-01 6.611537719384570355e-01
6.325683593750000000e-01 6.605932387042771081e-01
6.326904296875000000e-01 6.600323168601148760e-01
6.328125000000000000e-01 6.594710067359457195e-01
6.329345703125000000e-01 6.589093086619745021e-01
6.330566406250000000e-01 6.583472229686332389e-01
6.331787109375000000e-01 6.577847499865826508e-01
6.333007812500000000e-01 6.572218900467111657e-01
6.334228515625000000e-01 6.566586434801348071e-01
6.335449218750000000e-01 6.560950106181968611e-01
6.336669921875000000e-01 6.555309917924679874e-01
6.337890625000000000e-01 6.549665873347461087e-01
6.339111328125000000e-01 6.544017975770557438e-01
6.340332031250000000e-01 6.538366228516481193e-01
6.341552734375000000e-01 6.532710634910010583e-01
6.342773437500000000e-01 6.527051198278185362e-01
6.343994140625000000e-01 6.521387921950304589e-01
6.345214843750000000e-01 6.515720809257931068e-01
6.346435546875000000e-01 6.510049863534878023e-01
6.347656250000000000e-01 6.504375088117216874e-01
6.348876953125000000e-01 6.498696486343276124e-01
6.350097656250000000e-01 6.493014061553624705e-01
6.351318359375000000e-01 6.487327817091090854e-01
6.352539062500000000e-01 6.481637756300745457e-01
6.353759765625000000e-01 6.475943882529904272e-01
6.354980468750000000e-01 6.470246199128124598e-01
6.356201171875000000e-01 6.464544709447209714e-01
6.357421875000000000e-01 6.458839416841194447e-01
6.358642578125000000e-01 6.453130324666362938e-01
6.359863281250000000e-01 6.447417436281218661e-01
6.361083984375000000e-01 6.441700755046513294e-01
6.362304687500000000e-01 6.435980284325218959e-01
6.363525390625000000e-01 6.430256027482544878e-01
6.364746093750000000e-01 6.424527987885919611e-01
6.365966796875000000e-01 6.418796168905004373e-01
6.367187500000000000e-01 6.413060573911679718e-01
6.368408203125000000e-01 6.407321206280048864e-01
6.369628906250000000e-01 6.401578069386432146e-01
6.370849609375000000e-01 6.395831166609370344e-01
6.372070312500000000e-01 6.390080501329619134e-01
6.373291015625000000e-01 6.384326076930146865e-01
6.374511718750000000e-01 6.378567896796129011e-01
6.375732421875000000e-01 6.372805964314959271e-01
6.376953125000000000e-01 6.367040282876232915e-01
6.378173828125000000e-01 6.361270855871751229e-01
6.379394531250000000e-01 6.355497686695519288e-01
6.380615234375000000e-01 6.349720778743743743e-01
6.381835937500000000e-01 6.343940135414831705e-01
6.383056640625000000e-01 6.338155760109387415e-01
6.384277343750000000e-01 6.332367656230205588e-01
6.385498046875000000e-01 6.326575827182282508e-01
6.386718750000000000e-01 6.320780276372800488e-01
6.387939453125000000e-01 6.314981007211134534e-01
6.389160156250000000e-01 6.309178023108842348e-01
6.390380859375000000e-01 6.303371327479673214e-01
6.391601562500000000e-01 6.297560923739554672e-01
6.392822265625000000e-01 6.291746815306598073e-01
6.394042968750000000e-01 6.285929005601093023e-01
6.395263671875000000e-01 6.280107498045507386e-01
6.396484375000000000e-01 6.274282296064483955e-01
6.397705078125000000e-01 6.268453403084840447e-01
6.398925781250000000e-01 6.262620822535559517e-01
6.400146484375000000e-01 6.256784557847804296e-01
6.401367187500000000e-01 6.250944612454896188e-01
6.402587890625000000e-01 6.245100989792324864e-01
6.403808593750000000e-01 6.239253693297741599e-01
6.405029296875000000e-01 6.233402726410961492e-01
6.406250000000000000e-01 6.227548092573957916e-01
6.407470703125000000e-01 6.221689795230861408e-01
6.408691406250000000e-01 6.215827837827955227e-01
6.409912109375000000e-01 6.209962223813680904e-01
6.411132812500000000e-01 6.204092956638626033e-01
6.412353515625000000e-01 6.198220039755530930e-01
6.413574218750000000e-01 6.192343476619277531e-01
6.414794921875000000e-01 6.186463270686900495e-01
6.416015625000000000e-01 6.180579425417571660e-01
6.417236328125000000e-01 6.174691944272606703e-01
6.418457031250000000e-01 6.168800830715458483e-01
6.419677734375000000e-01 6.162906088211715927e-01
6.420898437500000000e-01 6.157007720229106251e-01
6.422119140625000000e-01 6.151105730237487190e-01
6.423339843750000000e-01 6.145200121708845886e-01
6.424560546875000000e-01 6.139290898117302220e-01
6.425781250000000000e-01 6.133378062939095487e-01
6.427001953125000000e-01 6.127461619652598834e-01
6.428222656250000000e-01 6.121541571738302601e-01
6.429443359375000000e-01 6.115617922678817653e-01
6.430664062500000000e-01 6.109690675958874273e-01
6.431884765625000000e-01 6.103759835065318828e-01
6.433105468750000000e-01 6.097825403487112661e-01
6.434326171875000000e-01 6.091887384715328757e-01
6.435546875000000000e-01 6.085945782243149527e-01
6.436767578125000000e-01 6.080000599565869024e-01
6.437988281250000000e-01 6.074051840180881845e-01
6.439208984375000000e-01 6.068099507587693120e-01
6.440429687500000000e-01 6.062143605287902970e-01
6.441650390625000000e-01 6.056184136785220939e-01
6.442871093750000000e-01 6.050221105585442682e-01
6.444091796875000000e-01 6.044254515196469946e-01
6.445312500000000000e-01 6.038284369128291695e-01
6.446533203125000000e-01 6.032310670892994109e-01
6.447753906250000000e-01 6.026333424004746142e-01
6.448974609375000000e-01 6.020352631979809521e-01
6.450195312500000000e-01 6.014368298336532082e-01
6.451416015625000000e-01 6.008380426595341106e-01
6.452636718750000000e-01 6.002389020278747767e-01
6.453857421875000000e-01 5.996394082911340462e-01
6.455078125000000000e-01 5.990395618019790369e-01
6.456298828125000000e-01 5.984393629132834791e-01
6.457519531250000000e-01 5.978388119781293808e-01
6.458740234375000000e-01 5.972379093498050295e-01
6.459960937500000000e-01 5.966366553818061025e-01
6.461181640625000000e-01 5.960350504278350003e-01
6.462402343750000000e-01 5.954330948418001812e-01
6.463623046875000000e-01 5.948307889778164936e-01
6.464843750000000000e-01 5.942281331902052877e-01
6.466064453125000000e-01 5.936251278334933046e-01
6.467285156250000000e-01 5.930217732624128990e-01
6.468505859375000000e-01 5.924180698319022609e-01
6.469726562500000000e-01 5.918140178971044163e-01
6.470947265625000000e-01 5.912096178133677826e-01
6.472167968750000000e-01 5.906048699362449472e-01
6.473388671875000000e-01 5.899997746214937777e-01
6.474609375000000000e-01 5.893943322250762007e-01
6.475830078125000000e-01 5.887885431031584238e-01
6.477050781250000000e-01 5.881824076121104916e-01
6.478271484375000000e-01 5.875759261085063967e-01
6.479492187500000000e-01 5.869690989491236355e-01
6.480712890625000000e-01 5.863619264909427642e-01
6.481933593750000000e-01 5.857544090911479540e-01
6.483154296875000000e-01 5.851465471071257696e-01
6.484375000000000000e-01 5.845383408964658356e-01
6.485595703125000000e-01 5.839297908169603923e-01
6.486816406250000000e-01 5.833208972266035186e-01
6.488037109375000000e-01 5.827116604835917979e-01
6.489257812500000000e-01 5.821020809463235413e-01
6.490478515625000000e-01 5.814921589733985652e-01
6.491699218750000000e-01 5.808818949236181917e-01
6.492919921875000000e-01 5.802712891559851371e-01
6.494140625000000000e-01 5.796603420297030684e-01
6.495361328125000000e-01 5.790490539041764917e-01
6.496582031250000000e-01 5.784374251390101973e-01
6.497802734375000000e-01 5.778254560940100371e-01
6.499023437500000000e-01 5.772131471291813698e-01
6.500244140625000000e-01 5.766004986047297276e-01
6.501464843750000000e-01 5.759875108810605937e-01
6.502685546875000000e-01 5.753741843187786253e-01
6.503906250000000000e-01 5.747605192786883199e-01
6.505126953125000000e-01 5.741465161217929047e-01
6.506347656250000000e-01 5.735321752092945591e-01
6.507568359375000000e-01 5.729174969025944142e-01
6.508789062500000000e-01 5.723024815632916651e-01
6.510009765625000000e-01 5.716871295531842367e-01
6.511230468750000000e-01 5.710714412342674517e-01
6.512451171875000000e-01 5.704554169687352516e-01
6.513671875000000000e-01 5.698390571189785314e-01
6.514892578125000000e-01 5.692223620475863610e-01
6.516113281250000000e-01 5.686053321173439867e-01
6.517333984375000000e-01 5.679879676912349407e-01
6.518554687500000000e-01 5.673702691324380432e-01
6.519775390625000000e-01 5.667522368043299563e-01
6.520996093750000000e-01 5.661338710704828525e-01
6.522216796875000000e-01 5.655151722946656356e-01
6.523437500000000000e-01 5.648961408408428309e-01
6.524658203125000000e-01 5.642767770731744736e-01
6.525878906250000000e-01 5.636570813560164428e-01
6.527099609375000000e-01 5.630370540539196833e-01
6.528320312500000000e-01 5.624166955316304284e-01
6.529541015625000000e-01 5.617960061540897554e-01
6.530761718750000000e-01 5.611749862864326976e-01
6.531982421875000000e-01 5.605536362939896877e-01
6.533203125000000000e-01 5.599319565422848921e-01
6.534423828125000000e-01 5.593099473970363222e-01
6.535644531250000000e-01 5.586876092241559455e-01
6.536865234375000000e-01 5.580649423897493522e-01
6.538085937500000000e-01 5.574419472601153114e-01
6.539306640625000000e-01 5.568186242017462151e-01
6.540527343750000000e-01 5.561949735813263018e-01
6.541748046875000000e-01 5.555709957657335440e-01
6.542968750000000000e-01 5.549466911220377607e-01
6.544189453125000000e-01 5.543220600175019497e-01
6.545410156250000000e-01 5.536971028195795119e-01
6.546630859375000000e-01 5.530718198959174714e-01
6.547851562500000000e-01 5.524462116143533663e-01
6.549072265625000000e-01 5.518202783429164704e-01
6.550292968750000000e-01 5.511940204498271267e-01
6.551513671875000000e-01 5.505674383034967478e-01
6.552734375000000000e-01 5.499405322725273715e-01
6.553955078125000000e-01 5.493133027257119938e-01
6.555175781250000000e-01 5.486857500320331260e-01
6.556396484375000000e-01 5.480578745606641267e-01
6.557617187500000000e-01 5.474296766809679804e-01
6.558837890625000000e-01 5.468011567624974090e-01
6.560058593750000000e-01 5.461723151749940941e-01
6.561279296875000000e-01 5.455431522883896767e-01
6.562500000000000000e-01 5.449136684728044244e-01
6.563720703125000000e-01 5.442838640985474541e-01
6.564941406250000000e-01 5.436537395361161762e-01
6.566162109375000000e-01 5.430232951561970722e-01
6.567382812500000000e-01 5.423925313296640294e-01
6.568603515625000000e-01 5.417614484275794506e-01
6.569824218750000000e-01 5.411300468211927006e-01
6.571044921875000000e-01 5.404983268819413267e-01
6.572265625000000000e-01 5.398662889814500598e-01
6.573486328125000000e-01 5.392339334915301485e-01
6.574707031250000000e-01 5.386012607841802469e-01
6.575927734375000000e-01 5.379682712315854154e-01
6.577148437500000000e-01 5.373349652061171211e-01
6.578369140625000000e-01 5.367013430803329044e-01
6.579589843750000000e-01 5.360674052269763790e-01
6.580810546875000000e-01 5.354331520189767879e-01
6.582031250000000000e-01 5.347985838294488925e-01
6.583251953125000000e-01 5.341637010316930834e-01
6.584472656250000000e-01 5.335285039991941591e-01
6.585693359375000000e-01 5.328929931056226588e-01
6.586914062500000000e-01 5.322571687248329741e-01
6.588134765625000000e-01 5.316210312308642383e-01
6.589355468750000000e-01 5.309845809979396591e-01
6.590576171875000000e-01 5.303478184004667417e-01
6.591796875000000000e-01 5.297107438130360668e-01
6.593017578125000000e-01 5.290733576104229563e-01
6.594238281250000000e-01 5.284356601675843645e-01
6.595458984375000000e-01 5.277976518596619870e-01
6.596679687500000000e-01 5.271593330619794848e-01
6.597900390625000000e-01 5.265207041500432616e-01
6.599121093750000000e-01 5.258817654995421309e-01
6.600341796875000000e-01 5.252425174863476487e-01
6.601562500000000000e-01 5.246029604865124485e-01
6.602783203125000000e-01 5.239630948762720175e-01
6.604003906250000000e-01 5.233229210320422542e-01
6.605224609375000000e-01 5.226824393304212446e-01
6.606445312500000000e-01 5.220416501481877081e-01
6.607666015625000000e-01 5.214005538623016633e-01
6.608886718750000000e-01 5.207591508499033184e-01
6.610107421875000000e-01 5.201174414883135144e-01
6.611328125000000000e-01 5.194754261550333929e-01
6.612548828125000000e-01 5.188331052277441735e-01
6.613769531250000000e-01 5.181904790843064879e-01
6.614990234375000000e-01 5.175475481027609348e-01
6.616210937500000000e-01 5.169043126613270811e-01
6.617431640625000000e-01 5.162607731384040166e-01
6.618652343750000000e-01 5.156169299125691330e-01
6.619873046875000000e-01 5.149727833625789009e-01
6.621093750000000000e-01 5.143283338673683147e-01
6.622314453125000000e-01 5.136835818060501158e-01
6.623535156250000000e-01 5.130385275579156801e-01
6.624755859375000000e-01 5.123931715024335753e-01
6.625976562500000000e-01 5.117475140192502270e-01
6.627197265625000000e-01 5.111015554881893630e-01
6.628417968750000000e-01 5.104552962892515700e-01
6.629638671875000000e-01 5.098087368026144039e-01
6.630859375000000000e-01 5.091618774086325017e-01
6.632080078125000000e-01 5.085147184878364701e-01
6.633300781250000000e-01 5.078672604209328867e-01
6.634521484375000000e-01 5.072195035888050763e-01
6.635742187500000000e-01 5.065714483725114459e-01
6.636962890625000000e-01 5.059230951532863729e-01
6.638183593750000000e-01 5.052744443125390950e-01
6.639404296875000000e-01 5.046254962318544868e-01
6.640625000000000000e-01 5.039762512929917282e-01
6.641845703125000000e-01 5.033267098778851922e-01
6.643066406250000000e-01 5.026768723686430018e-01
6.644287109375000000e-01 5.020267391475478069e-01
6.645507812500000000e-01 5.013763105970566736e-01
6.646728515625000000e-01 5.007255870997997516e-01
6.647949218750000000e-01 5.000745690385807185e-01
6.649169921875000000e-01 4.994232567963767799e-01
6.650390625000000000e-01 4.987716507563382806e-01
6.651611328125000000e-01 4.981197513017883161e-01
6.652832031250000000e-01 4.974675588162222883e-01
6.654052734375000000e-01 4.968150736833084613e-01
6.655273437500000000e-01 4.961622962868870723e-01
6.656494140625000000e-01 4.955092270109699437e-01
6.657714843750000000e-01 4.948558662397412045e-01
6.658935546875000000e-01 4.942022143575559023e-01
6.660156250000000000e-01 4.935482717489407811e-01
6.661376953125000000e-01 4.928940387985935034e-01
6.662597656250000000e-01 4.922395158913820956e-01
6.663818359375000000e-01 4.915847034123459469e-01
6.665039062500000000e-01 4.909296017466941442e-01
6.666259765625000000e-01 4.902742112798062490e-01
6.667480468750000000e-01 4.896185323972314096e-01
6.668701171875000000e-01 4.889625654846886382e-01
6.669921875000000000e-01 4.883063109280664782e-01
6.671142578125000000e-01 4.876497691134227819e-01
6.672363281250000000e-01 4.869929404269836004e-01
6.673583984375000000e-01 4.863358252551447936e-01
6.674804687500000000e-01 4.856784239844701978e-01
6.676025390625000000e-01 4.850207370016920705e-01
6.677246093750000000e-01 4.843627646937104791e-01
6.678466796875000000e-01 4.837045074475938011e-01
6.679687500000000000e-01 4.830459656505778909e-01
6.680908203125000000e-01 4.823871396900657471e-01
6.682128906250000000e-01 4.817280299536276233e-01
6.683349609375000000e-01 4.810686368290009174e-01
6.684570312500000000e-01 4.804089607040897270e-01
6.685791015625000000e-01 4.797490019669645167e-01
6.687011718750000000e-01 4.790887610058617296e-01
6.688232421875000000e-01 4.784282382091844532e-01
6.689453125000000000e-01 4.777674339655009206e-01
6.690673828125000000e-01 4.771063486635455653e-01
6.691894531250000000e-01 4.764449826922175224e-01
6.693115234375000000e-01 4.757833364405815724e-01
6.694335937500000000e-01 4.751214102978670306e-01
6.695556640625000000e-01 4.744592046534680807e-01
6.696777343750000000e-01 4.737967198969433302e-01
6.697998046875000000e-01 4.731339564180152002e-01
6.699218750000000000e-01 4.724709146065704246e-01
6.700439453125000000e-01 4.718075948526598840e-01
6.701660156250000000e-01 4.711439975464967733e-01
6.702880859375000000e-01 4.704801230784588784e-01
6.704101562500000000e-01 4.698159718390862993e-01
6.705322265625000000e-01 4.691515442190819507e-01
6.706542968750000000e-01 4.684868406093115611e-01
6.707763671875000000e-01 4.678218614008030629e-01
6.708984375000000000e-01 4.671566069847468139e-01
6.710205078125000000e-01 4.664910777524947649e-01
6.711425781250000000e-01 4.658252740955601823e-01
6.712646484375000000e-01 4.651591964056188688e-01
6.713867187500000000e-01 4.644928450745067772e-01
6.715087890625000000e-01 4.638262204942215083e-01
6.716308593750000000e-01 4.631593230569207575e-01
6.717529296875000000e-01 4.624921531549233689e-01
6.718750000000000000e-01 4.618247111807081140e-01
6.719970703125000000e-01 4.611569975269139698e-01
6.721191406250000000e-01 4.604890125863394523e-01
6.722412109375000000e-01 4.598207567519432271e-01
6.723632812500000000e-01 4.591522304168428326e-01
6.724853515625000000e-01 4.584834339743150688e-01
6.726074218750000000e-01 4.578143678177956089e-01
6.727294921875000000e-01 4.571450323408789984e-01
6.728515625000000000e-01 4.564754279373178236e-01
6.729736328125000000e-01 4.558055550010233770e-01
6.730957031250000000e-01 4.551354139260643250e-01
6.732177734375000000e-01 4.544650051066675411e-01
6.733398437500000000e-01 4.537943289372174394e-01
6.734619140625000000e-01 4.531233858122554192e-01
6.735839843750000000e-01 4.524521761264798658e-01
6.737060546875000000e-01 4.517807002747463163e-01
6.738281250000000000e-01 4.511089586520666828e-01
6.739501953125000000e-01 4.504369516536091411e-01
6.740722656250000000e-01 4.497646796746983533e-01
6.741943359375000000e-01 4.490921431108141904e-01
6.743164062500000000e-01 4.484193423575931758e-01
6.744384765625000000e-01 4.477462778108262098e-01
6.745605468750000000e-01 4.470729498664600121e-01
6.746826171875000000e-01 4.463993589205957901e-01
6.748046875000000000e-01 4.457255053694900715e-01
6.749267578125000000e-01 4.450513896095534272e-01
6.750488281250000000e-01 4.443770120373505272e-01
6.751708984375000000e-01 4.437023730496009177e-01
6.752929687500000000e-01 4.430274730431768004e-01
6.754150390625000000e-01 4.423523124151048092e-01
6.755371093750000000e-01 4.416768915625642333e-01
6.756591796875000000e-01 4.410012108828878508e-01
6.757812500000000000e-01 4.403252707735613170e-01
6.759033203125000000e-01 4.396490716322227765e-01
6.760253906250000000e-01 4.389726138566626967e-01
6.761474609375000000e-01 4.382958978448237564e-01
6.762695312500000000e-01 4.376189239948005683e-01
6.763916015625000000e-01 4.369416927048393462e-01
6.765136718750000000e-01 4.362642043733379049e-01
6.766357421875000000e-01 4.355864593988451605e-01
6.767578125000000000e-01 4.349084581800609084e-01
6.768798828125000000e-01 4.342302011158359898e-01
6.770019531250000000e-01 4.335516886051714036e-01
6.771240234375000000e-01 4.328729210472184175e-01
6.772460937500000000e-01 4.321938988412790672e-01
6.773681640625000000e-01 4.315146223868041031e-01
6.774902343750000000e-01 4.308350920833944886e-01
6.776123046875000000e-01 4.301553083308004011e-01
6.777343750000000000e-01 4.294752715289212874e-01
6.778564453125000000e-01 4.287949820778048649e-01
6.779785156250000000e-01 4.281144403776483420e-01
6.781005859375000000e-01 4.274336468287965318e-01
6.782226562500000000e-01 4.267526018317431835e-01
6.783447265625000000e-01 4.260713057871289844e-01
6.784667968750000000e-01 4.253897590957430586e-01
6.785888671875000000e-01 4.247079621585218012e-01
6.787109375000000000e-01 4.240259153765488231e-01
6.788330078125000000e-01 4.233436191510547286e-01
6.789550781250000000e-01 4.226610738834164493e-01
6.790771484375000000e-01 4.219782799751581881e-01
6.791992187500000000e-01 4.212952378279498089e-01
6.793212890625000000e-01 4.206119478436075032e-01
6.794433593750000000e-01 4.199284104240930127e-01
6.795654296875000000e-01 4.192446259715139623e-01
6.796875000000000000e-01 4.185605948881229721e-01
6.798095703125000000e-01 4.178763175763181015e-01
6.799316406250000000e-01 4.171917944386418498e-01
6.800537109375000000e-01 4.165070258777816559e-01
6.801757812500000000e-01 4.158220122965692878e-01
6.802978515625000000e-01 4.151367540979804538e-01
6.804199218750000000e-01 4.144512516851349693e-01
6.805419921875000000e-01 4.137655054612961458e-01
6.806640625000000000e-01 4.130795158298709580e-01
6.807861328125000000e-01 4.123932831944094324e-01
6.809082031250000000e-01 4.117068079586043150e-01
6.810302734375000000e-01 4.110200905262916815e-01
6.811523437500000000e-01 4.103331313014493276e-01
6.812744140625000000e-01 4.096459306881979345e-01
6.813964843750000000e-01 4.089584890907997927e-01
6.815185546875000000e-01 4.082708069136590234e-01
6.816406250000000000e-01 4.075828845613213569e-01
6.817626953125000000e-01 4.068947224384740768e-01
6.818847656250000000e-01 4.062063209499447991e-01
6.820068359375000000e-01 4.055176805007025820e-01
6.821289062500000000e-01 4.048288014958570380e-01
6.822509765625000000e-01 4.041396843406577788e-01
6.823730468750000000e-01 4.034503294404944707e-01
6.824951171875000000e-01 4.027607372008971121e-01
6.826171875000000000e-01 4.020709080275349234e-01
6.827392578125000000e-01 4.013808423262167913e-01
6.828613281250000000e-01 4.006905405028903244e-01
6.829833984375000000e-01 4.000000029636424093e-01
6.831054687500000000e-01 3.993092301146987655e-01
6.832275390625000000e-01 3.986182223624228915e-01
6.833496093750000000e-01 3.979269801133168971e-01
6.834716796875000000e-01 3.972355037740210038e-01
6.835937500000000000e-01 3.965437937513127120e-01
6.837158203125000000e-01 3.958518504521073567e-01
6.838378906250000000e-01 3.951596742834570519e-01
6.839599609375000000e-01 3.944672656525516352e-01
6.840820312500000000e-01 3.937746249667171128e-01
6.842041015625000000e-01 3.930817526334159373e-01
6.843261718750000000e-01 3.923886490602473409e-01
6.844482421875000000e-01 3.916953146549461140e-01
6.845703125000000000e-01 3.910017498253831048e-01
6.846923828125000000e-01 3.903079549795646086e-01
6.848144531250000000e-01 3.896139305256323682e-01
6.849365234375000000e-01 3.889196768718627961e-01
6.850585937500000000e-01 3.882251944266677524e-01
6.851806640625000000e-01 3.875304835985931562e-01
6.853027343750000000e-01 3.868355447963195970e-01
6.854248046875000000e-01 3.861403784286615570e-01
6.855468750000000000e-01 3.854449849045676335e-01
6.856689453125000000e-01 3.847493646331199280e-01
6.857910156250000000e-01 3.840535180235337687e-01
6.859130859375000000e-01 3.833574454851579327e-01
6.860351562500000000e-01 3.826611474274738689e-01
6.861572265625000000e-01 3.819646242600958641e-01
6.862792968750000000e-01 3.812678763927705439e-01
6.864013671875000000e-01 3.805709042353765947e-01
6.865234375000000000e-01 3.798737081979249863e-01
6.866455078125000000e-01 3.791762886905580832e-01
6.867675781250000000e-01 3.784786461235496446e-01
6.868896484375000000e-01 3.777807809073051581e-01
6.870117187500000000e-01 3.770826934523605067e-01
6.871337890625000000e-01 3.763843841693826908e-01
6.872558593750000000e-01 3.756858534691687734e-01
6.873779296875000000e-01 3.749871017626467684e-01
6.875000000000000000e-01 3.742881294608740306e-01
6.876220703125000000e-01 3.735889369750383104e-01
6.877441406250000000e-01 3.728895247164559779e-01
6.878662109375000000e-01 3.721898930965736318e-01
6.879882812500000000e-01 3.714900425269665463e-01
6.881103515625000000e-01 3.707899734193386698e-01
6.882324218750000000e-01 3.700896861855225151e-01
6.883544921875000000e-01 3.693891812374790473e-01
6.884765625000000000e-01 3.686884589872975737e-01
6.885986328125000000e-01 3.679875198471946884e-01
6.887207031250000000e-01 3.672863642295147169e-01
6.888427734375000000e-01 3.665849925467297155e-01
6.889648437500000000e-01 3.658834052114384172e-01
6.890869140625000000e-01 3.651816026363667866e-01
6.892089843750000000e-01 3.644795852343667986e-01
6.893310546875000000e-01 3.637773534184174373e-01
6.894531250000000000e-01 3.630749076016236976e-01
6.895751953125000000e-01 3.623722481972161402e-01
6.896972656250000000e-01 3.616693756185513364e-01
6.898193359375000000e-01 3.609662902791110350e-01
6.899414062500000000e-01 3.602629925925023291e-01
6.900634765625000000e-01 3.595594829724571007e-01
6.901855468750000000e-01 3.588557618328316878e-01
6.903076171875000000e-01 3.581518295876074398e-01
6.904296875000000000e-01 3.574476866508893291e-01
6.905517578125000000e-01 3.567433334369068398e-01
6.906738281250000000e-01 3.560387703600122467e-01
6.907958984375000000e-01 3.553339978346823358e-01
6.909179687500000000e-01 3.546290162755165731e-01
6.910400390625000000e-01 3.539238260972374372e-01
6.911621093750000000e-01 3.532184277146897533e-01
6.912841796875000000e-01 3.525128215428416367e-01
6.914062500000000000e-01 3.518070079967829389e-01
6.915283203125000000e-01 3.511009874917255802e-01
6.916503906250000000e-01 3.503947604430031615e-01
6.917724609375000000e-01 3.496883272660707975e-01
6.918945312500000000e-01 3.489816883765051725e-01
6.920166015625000000e-01 3.482748441900035963e-01
6.921386718750000000e-01 3.475677951223841711e-01
6.922607421875000000e-01 3.468605415895858468e-01
6.923828125000000000e-01 3.461530840076675886e-01
6.925048828125000000e-01 3.454454227928084320e-01
6.926269531250000000e-01 3.447375583613071504e-01
6.927490234375000000e-01 3.440294911295823099e-01
6.928710937500000000e-01 3.433212215141716595e-01
6.929931640625000000e-01 3.426127499317317970e-01
6.931152343750000000e-01 3.419040767990383922e-01
6.932373046875000000e-01 3.411952025329855198e-01
6.933593750000000000e-01 3.404861275505858265e-01
6.934814453125000000e-01 3.397768522689695314e-01
6.936035156250000000e-01 3.390673771053853147e-01
6.937255859375000000e-01 3.383577024771989850e-01
6.938476562500000000e-01 3.376478288018940344e-01
6.939697265625000000e-01 3.369377564970705841e-01
6.940917968750000000e-01 3.362274859804459948e-01
6.942138671875000000e-01 3.355170176698541451e-01
6.943359375000000000e-01 3.348063519832452095e-01
6.944580078125000000e-01 3.340954893386856028e-01
6.945800781250000000e-01 3.333844301543572031e-01
6.947021484375000000e-01 3.326731748485580176e-01
6.948242187500000000e-01 3.319617238397013503e-01
6.949462890625000000e-01 3.312500775463153579e-01
6.950683593750000000e-01 3.305382363870430495e-01
6.951904296875000000e-01 3.298262007806425644e-01
6.953125000000000000e-01 3.291139711459858397e-01
6.954345703125000000e-01 3.284015479020593875e-01
6.955566406250000000e-01 3.276889314679633514e-01
6.956787109375000000e-01 3.269761222629116171e-01
6.958007812500000000e-01 3.262631207062316463e-01
6.959228515625000000e-01 3.255499272173636993e-01
6.960449218750000000e-01 3.248365422158611682e-01
6.961669921875000000e-01 3.241229661213899660e-01
6.962890625000000000e-01 3.234091993537288046e-01
6.964111328125000000e-01 3.226952423327681396e-01
6.965332031250000000e-01 3.219810954785102819e-01
6.966552734375000000e-01 3.212667592110697301e-01
6.967773437500000000e-01 3.205522339506720053e-01
6.968994140625000000e-01 3.198375201176538729e-01
6.970214843750000000e-01 3.191226181324631206e-01
6.971435546875000000e-01 3.184075284156580588e-01
6.972656250000000000e-01 3.176922513879076315e-01
6.973876953125000000e-01 3.169767874699909171e-01
6.975097656250000000e-01 3.162611370827968504e-01
6.976318359375000000e-01 3.155453006473240007e-01
6.977539062500000000e-01 3.148292785846809050e-01
6.978759765625000000e-01 3.141130713160845689e-01
6.979980468750000000e-01 3.133966792628611331e-01
6.981201171875000000e-01 3.126801028464458732e-01
6.982421875000000000e-01 3.119633424883821449e-01
6.983642578125000000e-01 3.112463986103216063e-01
6.984863281250000000e-01 3.105292716340238290e-01
6.986083984375000000e-01 3.098119619813561321e-01
6.987304687500000000e-01 3.090944700742933593e-01
6.988525390625000000e-01 3.083767963349175467e-01
6.989746093750000000e-01 3.076589411854175338e-01
6.990966796875000000e-01 3.069409050480891299e-01
6.992187500000000000e-01 3.062226883453343929e-01
6.993408203125000000e-01 3.055042914996618508e-01
6.994628906250000000e-01 3.047857149336856142e-01
6.995849609375000000e-01 3.040669590701259861e-01
6.997070312500000000e-01 3.033480243318085190e-01
6.998291015625000000e-01 3.026289111416639588e-01
6.999511718750000000e-01 3.019096199227279120e-01
7.000732421875000000e-01 3.011901510981409014e-01
7.001953125000000000e-01 3.004705050911482545e-01
7.003173828125000000e-01 2.997506823250987718e-01
7.004394531250000000e-01 2.990306832234457812e-01
7.005615234375000000e-01 2.983105082097461391e-01
7.006835937500000000e-01 2.975901577076605631e-01
7.008056640625000000e-01 2.968696321409522443e-01
7.009277343750000000e-01 2.961489319334881243e-01
7.010498046875000000e-01 2.954280575092373406e-01
7.011718750000000000e-01 2.947070092922718931e-01
7.012939453125000000e-01 2.939857877067659220e-01
7.014160156250000000e-01 2.932643931769953194e-01
7.015380859375000000e-01 2.925428261273380071e-01
7.016601562500000000e-01 2.918210869822733811e-01
7.017822265625000000e-01 2.910991761663819233e-01
7.019042968750000000e-01 2.903770941043450349e-01
7.020263671875000000e-01 2.896548412209450918e-01
7.021484375000000000e-01 2.889324179410648341e-01
7.022705078125000000e-01 2.882098246896874771e-01
7.023925781250000000e-01 2.874870618918954901e-01
7.025146484375000000e-01 2.867641299728721505e-01
7.026367187500000000e-01 2.860410293578993790e-01
7.027587890625000000e-01 2.853177604723588501e-01
7.028808593750000000e-01 2.845943237417307148e-01
7.030029296875000000e-01 2.838707195915944337e-01
7.031250000000000000e-01 2.831469484476276666e-01
7.032470703125000000e-01 2.824230107356061614e-01
7.033691406250000000e-01 2.816989068814038655e-01
7.034912109375000000e-01 2.809746373109924256e-01
7.036132812500000000e-01 2.802502024504411327e-01
7.037353515625000000e-01 2.795256027259162557e-01
7.038574218750000000e-01 2.788008385636810416e-01
7.039794921875000000e-01 2.780759103900956597e-01
7.041015625000000000e-01 2.773508186316165913e-01
7.042236328125000000e-01 2.766255637147969071e-01
7.043457031250000000e-01 2.759001460662849348e-01
7.044677734375000000e-01 2.751745661128255360e-01
7.045898437500000000e-01 2.744488242812586631e-01
7.047119140625000000e-01 2.737229209985195255e-01
7.048339843750000000e-01 2.729968566916382011e-01
7.049560546875000000e-01 2.722706317877396920e-01
7.050781250000000000e-01 2.715442467140434801e-01
7.052001953125000000e-01 2.708177018978629169e-01
7.053222656250000000e-01 2.700909977666060002e-01
7.054443359375000000e-01 2.693641347477737091e-01
7.055664062500000000e-01 2.686371132689610586e-01
7.056884765625000000e-01 2.679099337578559892e-01
7.058105468750000000e-01 2.671825966422393117e-01
7.059326171875000000e-01 2.664551023499849847e-01
7.060546875000000000e-01 2.657274513090587820e-01
7.061767578125000000e-01 2.649996439475195698e-01
7.062988281250000000e-01 2.642716806935171414e-01
7.064208984375000000e-01 2.635435619752939940e-01
7.065429687500000000e-01 2.628152882211832186e-01
7.066650390625000000e-01 2.620868598596098331e-01
7.067871093750000000e-01 2.613582773190892272e-01
7.069091796875000000e-01 2.606295410282277181e-01
7.070312500000000000e-01 2.599006514157223280e-01
7.071533203125000000e-01 2.591716089103598963e-01
7.072753906250000000e-01 2.584424139410173571e-01
7.073974609375000000e-01 2.577130669366611837e-01
7.075195312500000000e-01 2.569835683263477222e-01
7.076416015625000000e-01 2.562539185392219698e-01
7.077636718750000000e-01 2.555241180045182414e-01
7.078857421875000000e-01 2.547941671515592810e-01
7.080078125000000000e-01 2.540640664097564283e-01
7.081298828125000000e-01 2.533338162086091194e-01
7.082519531250000000e-01 2.526034169777047200e-01
7.083740234375000000e-01 2.518728691467182479e-01
7.084960937500000000e-01 2.511421731454123729e-01
7.086181640625000000e-01 2.504113294036365289e-01
7.087402343750000000e-01 2.496803383513272190e-01
7.088623046875000000e-01 2.489492004185077378e-01
7.089843750000000000e-01 2.482179160352877834e-01
7.091064453125000000e-01 2.474864856318629014e-01
7.092285156250000000e-01 2.467549096385149021e-01
7.093505859375000000e-01 2.460231884856110551e-01
7.094726562500000000e-01 2.452913226036041727e-01
7.095947265625000000e-01 2.445593124230319715e-01
7.097167968750000000e-01 2.438271583745171278e-01
7.098388671875000000e-01 2.430948608887671114e-01
7.099609375000000000e-01 2.423624203965736024e-01
7.100830078125000000e-01 2.416298373288126855e-01
7.102050781250000000e-01 2.408971121164436846e-01
7.103271484375000000e-01 2.401642451905102726e-01
7.104492187500000000e-01 2.394312369821392783e-01
7.105712890625000000e-01 2.386980879225402974e-01
7.106933593750000000e-01 2.379647984430059982e-01
7.108154296875000000e-01 2.372313689749118160e-01
7.109375000000000000e-01 2.364977999497154815e-01
7.110595703125000000e-01 2.357640917989566320e-01
7.111816406250000000e-01 2.350302449542569228e-01
7.113037109375000000e-01 2.342962598473194435e-01
7.114257812500000000e-01 2.335621369099289690e-01
7.115478515625000000e-01 2.328278765739509315e-01
7.116699218750000000e-01 2.320934792713316708e-01
7.117919921875000000e-01 2.313589454340982954e-01
7.119140625000000000e-01 2.306242754943583217e-01
7.120361328125000000e-01 2.298894698842988693e-01
7.121582031250000000e-01 2.291545290361872711e-01
7.122802734375000000e-01 2.284194533823702133e-01
7.124023437500000000e-01 2.276842433552739853e-01
7.125244140625000000e-01 2.269488993874034244e-01
7.126464843750000000e-01 2.262134219113426659e-01
7.127685546875000000e-01 2.254778113597538658e-01
7.128906250000000000e-01 2.247420681653780616e-01
7.130126953125000000e-01 2.240061927610338954e-01
7.131347656250000000e-01 2.232701855796178914e-01
7.132568359375000000e-01 2.225340470541041782e-01
7.133789062500000000e-01 2.217977776175440729e-01
7.135009765625000000e-01 2.210613777030659421e-01
7.136230468750000000e-01 2.203248477438747577e-01
7.137451171875000000e-01 2.195881881732522078e-01
7.138671875000000000e-01 2.188513994245560590e-01
7.139892578125000000e-01 2.181144819312203775e-01
7.141113281250000000e-01 2.173774361267544197e-01
7.142333984375000000e-01 2.166402624447434089e-01
7.143554687500000000e-01 2.159029613188477303e-01
7.144775390625000000e-01 2.151655331828024875e-01
7.145996093750000000e-01 2.144279784704175851e-01
7.147216796875000000e-01 2.136902976155776457e-01
7.148437500000000000e-01 2.129524910522412051e-01
7.149658203125000000e-01 2.122145592144409620e-01
7.150878906250000000e-01 2.114765025362830009e-01
7.152099609375000000e-01 2.107383214519472081e-01
7.153320312500000000e-01 2.100000163956865784e-01
7.154541015625000000e-01 2.092615878018267150e-01
7.155761718750000000e-01 2.085230361047661907e-01
7.156982421875000000e-01 2.077843617389760755e-01
7.158203125000000000e-01 2.070455651389994933e-01
7.159423828125000000e-01 2.063066467394512049e-01
7.160644531250000000e-01 2.055676069750181356e-01
7.161865234375000000e-01 2.048284462804580153e-01
7.163085937500000000e-01 2.040891650906005439e-01
7.164306640625000000e-01 2.033497638403453101e-01
7.165527343750000000e-01 2.026102429646632341e-01
7.166748046875000000e-01 2.018706028985952639e-01
7.167968750000000000e-01 2.011308440772527906e-01
7.169189453125000000e-01 2.003909669358167056e-01
7.170410156250000000e-01 1.996509719095377611e-01
7.171630859375000000e-01 1.989108594337359315e-01
7.172851562500000000e-01 1.981706299438003860e-01
7.174072265625000000e-01 1.974302838751890166e-01
7.175292968750000000e-01 1.966898216634282159e-01
7.176513671875000000e-01 1.959492437441130164e-01
7.177734375000000000e-01 1.952085505529062293e-01
7.178955078125000000e-01 1.944677425255386949e-01
7.180175781250000000e-01 1.937268200978083388e-01
7.181396484375000000e-01 1.929857837055810599e-01
7.182617187500000000e-01 1.922446337847894537e-01
7.183837890625000000e-01 1.915033707714329514e-01
7.185058593750000000e-01 1.907619951015773196e-01
7.186279296875000000e-01 1.900205072113547722e-01
7.187500000000000000e-01 1.892789075369637475e-01
7.188720703125000000e-01 1.885371965146680762e-01
7.189941406250000000e-01 1.877953745807971475e-01
7.191162109375000000e-01 1.870534421717457152e-01
7.192382812500000000e-01 1.863113997239737307e-01
7.193603515625000000e-01 1.855692476740055386e-01
7.194824218750000000e-01 1.848269864584299038e-01
7.196044921875000000e-01 1.840846165139001511e-01
7.197265625000000000e-01 1.833421382771333319e-01
7.198486328125000000e-01 1.825995521849102798e-01
7.199707031250000000e-01 1.818568586740751947e-01
7.200927734375000000e-01 1.811140581815355866e-01
7.202148437500000000e-01 1.803711511442619431e-01
7.203369140625000000e-01 1.796281379992872573e-01
7.204589843750000000e-01 1.788850191837069725e-01
7.205810546875000000e-01 1.781417951346786765e-01
7.207031250000000000e-01 1.773984662894221020e-01
7.208251953125000000e-01 1.766550330852183215e-01
7.209472656250000000e-01 1.759114959594100802e-01
7.210693359375000000e-01 1.751678553494009638e-01
7.211914062500000000e-01 1.744241116926557311e-01
7.213134765625000000e-01 1.736802654266995649e-01
7.214355468750000000e-01 1.729363169891179053e-01
7.215576171875000000e-01 1.721922668175565885e-01
7.216796875000000000e-01 1.714481153497210975e-01
7.218017578125000000e-01 1.707038630233767562e-01
7.219238281250000000e-01 1.699595102763477583e-01
7.220458984375000000e-01 1.692150575465177775e-01
7.221679687500000000e-01 1.684705052718293017e-01
7.222900390625000000e-01 1.677258538902831053e-01
7.224121093750000000e-01 1.669811038399382497e-01
7.225341796875000000e-01 1.662362555589122493e-01
7.226562500000000000e-01 1.654913094853802114e-01
7.227783203125000000e-01 1.647462660575744475e-01
7.229003906250000000e-01 1.640011257137850009e-01
7.230224609375000000e-01 1.632558888923587026e-01
7.231445312500000000e-01 1.625105560316991993e-01
7.232666015625000000e-01 1.617651275702666203e-01
7.233886718750000000e-01 1.610196039465771889e-01
7.235107421875000000e-01 1.602739855992033058e-01
7.236328125000000000e-01 1.595282729667731325e-01
7.237548828125000000e-01 1.587824664879700920e-01
7.238769531250000000e-01 1.580365666015329240e-01
7.239990234375000000e-01 1.572905737462552966e-01
7.241210937500000000e-01 1.565444883609859172e-01
7.242431640625000000e-01 1.557983108846271725e-01
7.243652343750000000e-01 1.550520417561361275e-01
7.244873046875000000e-01 1.543056814145236655e-01
7.246093750000000000e-01 1.535592302988546265e-01
7.247314453125000000e-01 1.528126888482465862e-01
7.248535156250000000e-01 1.520660575018709382e-01
7.249755859375000000e-01 1.513193366989514788e-01
7.250976562500000000e-01 1.505725268787651006e-01
7.252197265625000000e-01 1.498256284806403771e-01
7.253417968750000000e-01 1.490786419439585619e-01
7.254638671875000000e-01 1.483315677081527839e-01
7.255859375000000000e-01 1.475844062127073253e-01
7.257080078125000000e-01 1.468371578971581493e-01
7.258300781250000000e-01 1.460898232010921227e-01
7.259521484375000000e-01 1.453424025641469330e-01
7.260742187500000000e-01 1.445948964260111436e-01
7.261962890625000000e-01 1.438473052264232221e-01
7.263183593750000000e-01 1.430996294051716244e-01
7.264404296875000000e-01 1.423518694020950159e-01
7.265625000000000000e-01 1.416040256570812728e-01
7.266845703125000000e-01 1.408560986100674817e-01
7.268066406250000000e-01 1.401080887010400788e-01
7.269287109375000000e-01 1.393599963700337119e-01
7.270507812500000000e-01 1.386118220571322113e-01
7.271728515625000000e-01 1.378635662024670083e-01
7.272949218750000000e-01 1.371152292462177458e-01
7.274169921875000000e-01 1.363668116286117504e-01
7.275390625000000000e-01 1.356183137899240332e-01
7.276611328125000000e-01 1.348697361704764841e-01
7.277832031250000000e-01 1.341210792106378169e-01
7.279052734375000000e-01 1.333723433508237632e-01
7.280273437500000000e-01 1.326235290314966286e-01
7.281494140625000000e-01 1.318746366931640990e-01
7.282714843750000000e-01 1.311256667763806560e-01
7.283935546875000000e-01 1.303766197217457179e-01
7.285156250000000000e-01 1.296274959699044160e-01
7.286376953125000000e-01 1.288782959615470680e-01
7.287597656250000000e-01 1.281290201374087057e-01
7.288818359375000000e-01 1.273796689382689085e-01
7.290039062500000000e-01 1.266302428049519146e-01
7.291259765625000000e-01 1.258807421783255387e-01
7.292480468750000000e-01 1.251311674993017542e-01
7.293701171875000000e-01 1.243815192088360277e-01
7.294921875000000000e-01 1.236317977479272495e-01
7.296142578125000000e-01 1.228820035576171782e-01
7.297363281250000000e-01 1.221321370789903854e-01
7.298583984375000000e-01 1.213821987531739227e-01
7.299804687500000000e-01 1.206321890213374048e-01
7.301025390625000000e-01 1.198821083246920660e-01
7.302246093750000000e-01 1.191319571044910652e-01
7.303466796875000000e-01 1.183817358020290700e-01
7.304687500000000000e-01 1.176314448586420203e-01
7.305908203125000000e-01 1.168810847157066429e-01
7.307128906250000000e-01 1.161306558146403822e-01
7.308349609375000000e-01 1.153801585969013443e-01
7.309570312500000000e-01 1.146295935039878672e-01
7.310791015625000000e-01 1.138789609774378403e-01
7.312011718750000000e-01 1.131282614588290936e-01
7.313232421875000000e-01 1.123774953897787449e-01
7.314453125000000000e-01 1.116266632119432972e-01
7.315673828125000000e-01 1.108757653670178756e-01
7.316894531250000000e-01 1.101248022967362544e-01
7.318115234375000000e-01 1.093737744428707193e-01
7.319335937500000000e-01 1.086226822472318582e-01
7.320556640625000000e-01 1.078715261516674795e-01
7.321777343750000000e-01 1.071203065980635416e-01
7.322998046875000000e-01 1.063690240283430011e-01
7.324218750000000000e-01 1.056176788844663539e-01
7.325439453125000000e-01 1.048662716084302060e-01
7.326660156250000000e-01 1.041148026422683698e-01
7.327880859375000000e-01 1.033632724280506149e-01
7.329101562500000000e-01 1.026116814078828349e-01
7.330322265625000000e-01 1.018600300239065753e-01
7.331542968750000000e-01 1.011083187182990339e-01
7.332763671875000000e-01 1.003565479332725469e-01
7.333984375000000000e-01 9.960471811107461659e-02
7.335205078125000000e-01 9.885282969398732911e-02
7.336425781250000000e-01 9.810088312432702073e-02
7.337646484375000000e-01 9.734887884444481942e-02
7.338867187500000000e-01 9.659681729672531247e-02
7.340087890625000000e-01 9.584469892358699061e-02
7.341308593750000000e-01 9.509252416748159575e-02
7.342529296875000000e-01 9.434029347089423201e-02
7.343750000000000000e-01 9.358800727634300487e-02
7.344970703125000000e-01 9.283566602637816079e-02
7.346191406250000000e-01 9.208327016358291983e-02
7.347412109375000000e-01 9.133082013057219894e-02
7.348632812500000000e-01 9.057831636999333358e-02
7.349853515625000000e-01 8.982575932452446787e-02
7.351074218750000000e-01 8.907314943687572040e-02
7.352294921875000000e-01 8.832048714978806003e-02
7.353515625000000000e-01 8.756777290603340314e-02
7.354736328125000000e-01 8.681500714841412780e-02
7.355957031250000000e-01 8.606219031976275469e-02
7.357177734375000000e-01 8.530932286294215516e-02
7.358398437500000000e-01 8.455640522084496846e-02
7.359619140625000000e-01 8.380343783639314370e-02
7.360839843750000000e-01 8.305042115253793988e-02
7.362060546875000000e-01 8.229735561225968998e-02
7.363281250000000000e-01 8.154424165856753726e-02
7.364501953125000000e-01 8.079107973449890789e-02
7.365722656250000000e-01 8.003787028311953877e-02
7.366943359375000000e-01 7.928461374752329704e-02
7.368164062500000000e-01 7.853131057083163891e-02
7.369384765625000000e-01 7.777796119619315163e-02
7.370605468750000000e-01 7.702456606678394213e-02
7.371826171875000000e-01 7.627112562580715127e-02
7.373046875000000000e-01 7.551764031649212117e-02
7.374267578125000000e-01 7.476411058209506133e-02
7.375488281250000000e-01 7.401053686589789682e-02
7.376708984375000000e-01 7.325691961120878171e-02
7.377929687500000000e-01 7.250325926136129417e-02
7.379150390625000000e-01 7.174955625971449202e-02
7.380371093750000000e-01 7.099581104965212164e-02
7.381591796875000000e-01 7.024202407458333963e-02
7.382812500000000000e-01 6.948819577794165814e-02
7.384033203125000000e-01 6.873432660318465337e-02
7.385253906250000000e-01 6.798041699379420155e-02
7.386474609375000000e-01 6.722646739327586829e-02
7.387695312500000000e-01 6.647247824515892245e-02
7.388916015625000000e-01 6.571844999299560064e-02
7.390136718750000000e-01 6.496438308036127374e-02
7.391357421875000000e-01 6.421027795085416934e-02
7.392578125000000000e-01 6.345613504809498318e-02
7.393798828125000000e-01 6.270195481572644891e-02
7.395019531250000000e-01 6.194773769741331731e-02
7.396240234375000000e-01 6.119348413684204402e-02
7.397460937500000000e-01 6.043919457772081727e-02
7.398681640625000000e-01 5.968486946377866281e-02
7.399902343750000000e-01 5.893050923876542307e-02
7.401123046875000000e-01 5.817611434645187513e-02
7.402343750000000000e-01 5.742168523062932128e-02
7.403564453125000000e-01 5.666722233510858298e-02
7.404785156250000000e-01 5.591272610372095830e-02
7.406005859375000000e-01 5.515819698031718815e-02
7.407226562500000000e-01 5.440363540876737292e-02
7.408447265625000000e-01 5.364904183296045903e-02
7.409667968750000000e-01 5.289441669680439856e-02
7.410888671875000000e-01 5.213976044422571898e-02
7.412109375000000000e-01 5.138507351916948157e-02
7.413330078125000000e-01 5.063035636559836544e-02
7.414550781250000000e-01 4.987560942749307002e-02
7.415771484375000000e-01 4.912083314885155871e-02
7.416992187500000000e-01 4.836602797368981521e-02
7.418212890625000000e-01 4.761119434603980349e-02
7.419433593750000000e-01 4.685633270995079314e-02
7.420654296875000000e-01 4.610144350948842257e-02
7.421875000000000000e-01 4.534652718873470600e-02
7.423095703125000000e-01 4.459158419178733263e-02
7.424316406250000000e-01 4.383661496275988861e-02
7.425537109375000000e-01 4.308161994578123960e-02
7.426757812500000000e-01 4.232659958499560698e-02
7.427978515625000000e-01 4.157155432456197119e-02
7.429199218750000000e-01 4.081648460865395373e-02
7.430419921875000000e-01 4.006139088145954652e-02
7.431640625000000000e-01 3.930627358718126463e-02
7.432861328125000000e-01 3.855113317003475842e-02
7.434082031250000000e-01 3.779597007424990995e-02
7.435302734375000000e-01 3.704078474406957006e-02
7.436523437500000000e-01 3.628557762375015511e-02
7.437744140625000000e-01 3.553034915756011353e-02
7.438964843750000000e-01 3.477509978978121641e-02
7.440185546875000000e-01 3.401982996470682974e-02
7.441406250000000000e-01 3.326454012664314258e-02
7.442626953125000000e-01 3.250923071990751562e-02
7.443847656250000000e-01 3.175390218882900850e-02
7.445068359375000000e-01 3.099855497774787333e-02
7.446289062500000000e-01 3.024318953101577320e-02
7.447509765625000000e-01 2.948780629299431466e-02
7.448730468750000000e-01 2.873240570805616831e-02
7.449951171875000000e-01 2.797698822058397247e-02
7.451171875000000000e-01 2.722155427497045810e-02
7.452392578125000000e-01 2.646610431561793181e-02
7.453613281250000000e-01 2.571063878693807467e-02
7.454833984375000000e-01 2.495515813335180341e-02
7.456054687500000000e-01 2.419966279928913513e-02
7.457275390625000000e-01 2.344415322918821584e-02
7.458496093750000000e-01 2.268862986749597965e-02
7.459716796875000000e-01 2.193309315866728837e-02
7.460937500000000000e-01 2.117754354716513271e-02
7.462158203125000000e-01 2.042198147745968514e-02
7.463378906250000000e-01 1.966640739402862256e-02
7.464599609375000000e-01 1.891082174135671340e-02
7.465820312500000000e-01 1.815522496393583846e-02
7.467041015625000000e-01 1.739961750626376966e-02
7.468261718750000000e-01 1.664399981284497843e-02
7.469482421875000000e-01 1.588837232818987935e-02
7.470703125000000000e-01 1.513273549681480590e-02
7.471923828125000000e-01 1.437708976324118988e-02
7.473144531250000000e-01 1.362143557199620159e-02
7.474365234375000000e-01 1.286577336761152504e-02
7.475585937500000000e-01 1.211010359462401723e-02
7.476806640625000000e-01 1.135442669757443304e-02
7.478027343750000000e-01 1.059874312100822676e-02
7.479248046875000000e-01 9.843053309474393206e-03
7.480468750000000000e-01 9.087357707526005565e-03
7.481689453125000000e-01 8.331656759719120731e-03
7.482910156250000000e-01 7.575950910613329231e-03
7.484130859375000000e-01 6.820240604770694444e-03
7.485351562500000000e-01 6.064526286756417861e-03
7.486572265625000000e-01 5.308808401137431361e-03
7.487792968750000000e-01 4.553087392483333093e-03
7.489013671875000000e-01 3.797363705365135438e-03
7.490234375000000000e-01 3.041637784355735556e-03
7.491455078125000000e-01 2.285910074029285245e-03
7.492675781250000000e-01 1.530181018960605037e-03
7.493896484375000000e-01 7.744510637260063534e-04
7.495117187500000000e-01 1.872065290187873433e-05
7.496337890625000000e-01 -7.370097689352305423e-04
7.497558593750000000e-01 -1.492739757208460735e-03
7.498779296875000000e-01 -2.248468867341382738e-03
7.500000000000000000e-01 -3.004196654757862722e-03
7.501220703125000000e-01 -3.759922674882964361e-03
7.502441406250000000e-01 -4.515646483142450422e-03
7.503662109375000000e-01 -5.271367634963496605e-03
7.504882812500000000e-01 -6.027085685774607841e-03
7.506103515625000000e-01 -6.782800191006598846e-03
7.507324218750000000e-01 -7.538510706091975690e-03
7.508544921875000000e-01 -8.294216786465843927e-03
7.509765625000000000e-01 -9.049917987565474914e-03
7.510986328125000000e-01 -9.805613864831620730e-03
7.512207031250000000e-01 -1.056130397370779253e-02
7.513427734375000000e-01 -1.131698786964099000e-02
7.514648437500000000e-01 -1.207266510808159901e-02
7.515869140625000000e-01 -1.282833524448449662e-02
7.517089843750000000e-01 -1.358399783430826353e-02
7.518310546875000000e-01 -1.433965243301619195e-02
7.519531250000000000e-01 -1.509529859607590917e-02
7.520751953125000000e-01 -1.585093587896050857e-02
7.521972656250000000e-01 -1.660656383714782802e-02
7.523193359375000000e-01 -1.736218202612158437e-02
7.524414062500000000e-01 -1.811779000137083567e-02
7.525634765625000000e-01 -1.887338731839109662e-02
7.526855468750000000e-01 -1.962897353268387365e-02
7.528076171875000000e-01 -2.038454819975729984e-02
7.529296875000000000e-01 -2.114011087512615919e-02
7.530517578125000000e-01 -2.189566111431236542e-02
7.531738281250000000e-01 -2.265119847284544075e-02
7.532958984375000000e-01 -2.340672250626199546e-02
7.534179687500000000e-01 -2.416223277010667164e-02
7.535400390625000000e-01 -2.491772881993233393e-02
7.536621093750000000e-01 -2.567321021130023612e-02
7.537841796875000000e-01 -2.642867649978002109e-02
7.539062500000000000e-01 -2.718412724095019967e-02
7.540283203125000000e-01 -2.793956199039881669e-02
7.541503906250000000e-01 -2.869498030372297226e-02
7.542724609375000000e-01 -2.945038173652957461e-02
7.543945312500000000e-01 -3.020576584443519785e-02
7.545166015625000000e-01 -3.096113218306712628e-02
7.546386718750000000e-01 -3.171648030806265700e-02
7.547607421875000000e-01 -3.247180977507010263e-02
7.548828125000000000e-01 -3.322712013974827433e-02
7.550048828125000000e-01 -3.398241095776784876e-02
7.551269531250000000e-01 -3.473768178481061869e-02
7.552490234375000000e-01 -3.549293217657024241e-02
7.553710937500000000e-01 -3.624816168875211880e-02
7.554931640625000000e-01 -3.700336987707451841e-02
7.556152343750000000e-01 -3.775855629726775770e-02
7.557373046875000000e-01 -3.851372050507526762e-02
7.558593750000000000e-01 -3.926886205625309406e-02
7.559814453125000000e-01 -4.002398050657129253e-02
7.561035156250000000e-01 -4.077907541181289425e-02
7.562255859375000000e-01 -4.153414632777514132e-02
7.563476562500000000e-01 -4.228919281026900095e-02
7.564697265625000000e-01 -4.304421441512047003e-02
7.565917968750000000e-01 -4.379921069816954116e-02
7.567138671875000000e-01 -4.455418121527150027e-02
7.568359375000000000e-01 -4.530912552229646173e-02
7.569580078125000000e-01 -4.606404317513021485e-02
7.570800781250000000e-01 -4.681893372967430023e-02
7.572021484375000000e-01 -4.757379674184596813e-02
7.573242187500000000e-01 -4.832863176757853929e-02
7.574462890625000000e-01 -4.908343836282227923e-02
7.575683593750000000e-01 -4.983821608354389865e-02
7.576904296875000000e-01 -5.059296448572707383e-02
7.578125000000000000e-01 -5.134768312537259238e-02
7.579345703125000000e-01 -5.210237155849917201e-02
7.580566406250000000e-01 -5.285702934114296092e-02
7.581787109375000000e-01 -5.361165602935827335e-02
7.583007812500000000e-01 -5.436625117921744382e-02
7.584228515625000000e-01 -5.512081434681187497e-02
7.585449218750000000e-01 -5.587534508825135748e-02
7.586669921875000000e-01 -5.662984295966504156e-02
7.587890625000000000e-01 -5.738430751720094425e-02
7.589111328125000000e-01 -5.813873831702731643e-02
7.590332031250000000e-01 -5.889313491533186562e-02
7.591552734375000000e-01 -5.964749686832254705e-02
7.592773437500000000e-01 -6.040182373222739709e-02
7.593994140625000000e-01 -6.115611506329569902e-02
7.595214843750000000e-01 -6.191037041779713646e-02
7.596435546875000000e-01 -6.266458935202286196e-02
7.597656250000000000e-01 -6.341877142228503905e-02
7.598876953125000000e-01 -6.417291618491804961e-02
7.600097656250000000e-01 -6.492702319627778607e-02
7.601318359375000000e-01 -6.568109201274267839e-02
7.602539062500000000e-01 -6.643512219071316671e-02
7.603759765625000000e-01 -6.718911328661301974e-02
7.604980468750000000e-01 -6.794306485688868247e-02
7.606201171875000000e-01 -6.869697645800981745e-02
7.607421875000000000e-01 -6.945084764646955455e-02
7.608642578125000000e-01 -7.020467797878497673e-02
7.609863281250000000e-01 -7.095846701149720326e-02
7.611083984375000000e-01 -7.171221430117154239e-02
7.612304687500000000e-01 -7.246591940439765789e-02
7.613525390625000000e-01 -7.321958187779047111e-02
7.614746093750000000e-01 -7.397320127798982792e-02
7.615966796875000000e-01 -7.472677716166074846e-02
7.617187500000000000e-01 -7.548030908549378803e-02
7.618408203125000000e-01 -7.623379660620584197e-02
7.619628906250000000e-01 -7.698723928053947951e-02
7.620849609375000000e-01 -7.774063666526383198e-02
7.622070312500000000e-01 -7.849398831717439851e-02
7.623291015625000000e-01 -7.924729379309411459e-02
7.624511718750000000e-01 -8.000055264987261661e-02
7.625732421875000000e-01 -8.075376444438729651e-02
7.626953125000000000e-01 -8.150692873354271895e-02
7.628173828125000000e-01 -8.226004507427205070e-02
7.629394531250000000e-01 -8.301311302353626964e-02
7.630615234375000000e-01 -8.376613213832494187e-02
7.631835937500000000e-01 -8.451910197565604133e-02
7.633056640625000000e-01 -8.527202209257719878e-02
7.634277343750000000e-01 -8.602489204616468876e-02
7.635498046875000000e-01 -8.677771139352469243e-02
7.636718750000000000e-01 -8.753047969179270082e-02
7.637939453125000000e-01 -8.828319649813484715e-02
7.639160156250000000e-01 -8.903586136974694920e-02
7.640380859375000000e-01 -8.978847386385588325e-02
7.641601562500000000e-01 -9.054103353771876528e-02
7.642822265625000000e-01 -9.129353994862450528e-02
7.644042968750000000e-01 -9.204599265389279417e-02
7.645263671875000000e-01 -9.279839121087518627e-02
7.646484375000000000e-01 -9.355073517695483565e-02
7.647705078125000000e-01 -9.430302410954721770e-02
7.648925781250000000e-01 -9.505525756610030963e-02
7.650146484375000000e-01 -9.580743510409443775e-02
7.651367187500000000e-01 -9.655955628104274935e-02
7.652587890625000000e-01 -9.731162065449194820e-02
7.653808593750000000e-01 -9.806362778202201702e-02
7.655029296875000000e-01 -9.881557722124639787e-02
7.656250000000000000e-01 -9.956746852981239460e-02
7.657470703125000000e-01 -1.003193012654022553e-01
7.658691406250000000e-01 -1.010710749857317153e-01
7.659912109375000000e-01 -1.018227892485518982e-01
7.661132812500000000e-01 -1.025744436116483305e-01
7.662353515625000000e-01 -1.033260376328425934e-01
7.663574218750000000e-01 -1.040775708699909485e-01
7.664794921875000000e-01 -1.048290428809859898e-01
7.666015625000000000e-01 -1.055804532237557963e-01
7.667236328125000000e-01 -1.063318014562652236e-01
7.668457031250000000e-01 -1.070830871365155423e-01
7.669677734375000000e-01 -1.078343098225446328e-01
7.670898437500000000e-01 -1.085854690724273597e-01
7.672119140625000000e-01 -1.093365644442764184e-01
7.673339843750000000e-01 -1.100875954962415859e-01
7.674560546875000000e-01 -1.108385617865107475e-01
7.675781250000000000e-01 -1.115894628733094945e-01
7.677001953125000000e-01 -1.123402983149025813e-01
7.678222656250000000e-01 -1.130910676695922740e-01
7.679443359375000000e-01 -1.138417704957207788e-01
7.680664062500000000e-01 -1.145924063516685909e-01
7.681884765625000000e-01 -1.153429747958562429e-01
7.683105468750000000e-01 -1.160934753867436109e-01
7.684326171875000000e-01 -1.168439076828304557e-01
7.685546875000000000e-01 -1.175942712426567976e-01
7.686767578125000000e-01 -1.183445656248031386e-01
7.687988281250000000e-01 -1.190947903878906144e-01
7.689208984375000000e-01 -1.198449450905813563e-01
7.690429687500000000e-01 -1.205950292915785732e-01
7.691650390625000000e-01 -1.213450425496271079e-01
7.692871093750000000e-01 -1.220949844235134918e-01
7.694091796875000000e-01 -1.228448544720663754e-01
7.695312500000000000e-01 -1.235946522541561954e-01
7.696533203125000000e-01 -1.243443773286965759e-01
7.697753906250000000e-01 -1.250940292546434129e-01
7.698974609375000000e-01 -1.258436075909959151e-01
7.700195312500000000e-01 -1.265931118967961455e-01
7.701416015625000000e-01 -1.273425417311304375e-01
7.702636718750000000e-01 -1.280918966531282288e-01
7.703857421875000000e-01 -1.288411762219635881e-01
7.705078125000000000e-01 -1.295903799968543268e-01
7.706298828125000000e-01 -1.303395075370633316e-01
7.707519531250000000e-01 -1.310885584018982308e-01
7.708740234375000000e-01 -1.318375321507118392e-01
7.709960937500000000e-01 -1.325864283429017132e-01
7.711181640625000000e-01 -1.333352465379118168e-01
7.712402343750000000e-01 -1.340839862952318551e-01
7.713623046875000000e-01 -1.348326471743973576e-01
7.714843750000000000e-01 -1.355812287349902334e-01
7.716064453125000000e-01 -1.363297305366395762e-01
7.717285156250000000e-01 -1.370781521390208868e-01
7.718505859375000000e-01 -1.378264931018571005e-01
7.719726562500000000e-01 -1.385747529849181980e-01
7.720947265625000000e-01 -1.393229313480225939e-01
7.722167968750000000e-01 -1.400710277510359980e-01
7.723388671875000000e-01 -1.408190417538727757e-01
7.724609375000000000e-01 -1.415669729164952539e-01
7.725830078125000000e-01 -1.423148207989149705e-01
7.727050781250000000e-01 -1.430625849611923128e-01
7.728271484375000000e-01 -1.438102649634369345e-01
7.729492187500000000e-01 -1.445578603658075612e-01
7.730712890625000000e-01 -1.453053707285136831e-01
7.731933593750000000e-01 -1.460527956118138071e-01
7.733154296875000000e-01 -1.468001345760172882e-01
7.734375000000000000e-01 -1.475473871814837468e-01
7.735595703125000000e-01 -1.482945529886238456e-01
7.736816406250000000e-01 -1.490416315578992068e-01
7.738037109375000000e-01 -1.497886224498226893e-01
7.739257812500000000e-01 -1.505355252249586939e-01
7.740478515625000000e-01 -1.512823394439237468e-01
7.741699218750000000e-01 -1.520290646673861656e-01
7.742919921875000000e-01 -1.527757004560669485e-01
7.744140625000000000e-01 -1.535222463707391072e-01
7.745361328125000000e-01 -1.542687019722292219e-01
7.746582031250000000e-01 -1.550150668214166638e-01
7.747802734375000000e-01 -1.557613404792342615e-01
7.749023437500000000e-01 -1.565075225066680231e-01
7.750244140625000000e-01 -1.572536124647588573e-01
7.751464843750000000e-01 -1.579996099146009636e-01
7.752685546875000000e-01 -1.587455144173434973e-01
7.753906250000000000e-01 -1.594913255341897096e-01
7.755126953125000000e-01 -1.602370428263983904e-01
7.756347656250000000e-01 -1.609826658552831469e-01
7.757568359375000000e-01 -1.617281941822133196e-01
7.758789062500000000e-01 -1.624736273686135657e-01
7.760009765625000000e-01 -1.632189649759648586e-01
7.761230468750000000e-01 -1.639642065658044323e-01
7.762451171875000000e-01 -1.647093516997255869e-01
7.763671875000000000e-01 -1.654543999393788545e-01
7.764892578125000000e-01 -1.661993508464714442e-01
7.766113281250000000e-01 -1.669442039827680191e-01
7.767333984375000000e-01 -1.676889589100906408e-01
7.768554687500000000e-01 -1.684336151903189915e-01
7.769775390625000000e-01 -1.691781723853911790e-01
7.770996093750000000e-01 -1.699226300573033754e-01
7.772216796875000000e-01 -1.706669877681103731e-01
7.773437500000000000e-01 -1.714112450799253617e-01
7.774658203125000000e-01 -1.721554015549212890e-01
7.775878906250000000e-01 -1.728994567553299999e-01
7.777099609375000000e-01 -1.736434102434430971e-01
7.778320312500000000e-01 -1.743872615816114691e-01
7.779541015625000000e-01 -1.751310103322470668e-01
7.780761718750000000e-01 -1.758746560578214047e-01
7.781982421875000000e-01 -1.766181983208669759e-01
7.783203125000000000e-01 -1.773616366839767255e-01
7.784423828125000000e-01 -1.781049707098053547e-01
7.785644531250000000e-01 -1.788481999610685158e-01
7.786865234375000000e-01 -1.795913240005435341e-01
7.788085937500000000e-01 -1.803343423910696297e-01
7.789306640625000000e-01 -1.810772546955484452e-01
7.790527343750000000e-01 -1.818200604769435458e-01
7.791748046875000000e-01 -1.825627592982816960e-01
7.792968750000000000e-01 -1.833053507226520829e-01
7.794189453125000000e-01 -1.840478343132074812e-01
7.795410156250000000e-01 -1.847902096331638377e-01
7.796630859375000000e-01 -1.855324762458008814e-01
7.797851562500000000e-01 -1.862746337144621789e-01
7.799072265625000000e-01 -1.870166816025558010e-01
7.800292968750000000e-01 -1.877586194735539893e-01
7.801513671875000000e-01 -1.885004468909938780e-01
7.802734375000000000e-01 -1.892421634184774382e-01
7.803955078125000000e-01 -1.899837686196719222e-01
7.805175781250000000e-01 -1.907252620583103075e-01
7.806396484375000000e-01 -1.914666432981909083e-01
7.807617187500000000e-01 -1.922079119031780969e-01
7.808837890625000000e-01 -1.929490674372030257e-01
7.810058593750000000e-01 -1.936901094642627386e-01
7.811279296875000000e-01 -1.944310375484215037e-01
7.812500000000000000e-01 -1.951718512538099803e-01
7.813720703125000000e-01 -1.959125501446271067e-01
7.814941406250000000e-01 -1.966531337851384897e-01
7.816162109375000000e-01 -1.973936017396780707e-01
7.817382812500000000e-01 -1.981339535726472367e-01
7.818603515625000000e-01 -1.988741888485164866e-01
7.819824218750000000e-01 -1.996143071318242368e-01
7.821044921875000000e-01 -2.003543079871782373e-01
7.822265625000000000e-01 -2.010941909792545723e-01
7.823486328125000000e-01 -2.018339556727996031e-01
7.824707031250000000e-01 -2.025736016326286637e-01
7.825927734375000000e-01 -2.033131284236271430e-01
7.827148437500000000e-01 -2.040525356107501520e-01
7.828369140625000000e-01 -2.047918227590239670e-01
7.829589843750000000e-01 -2.055309894335447529e-01
7.830810546875000000e-01 -2.062700351994799508e-01
7.832031250000000000e-01 -2.070089596220676953e-01
7.833251953125000000e-01 -2.077477622666181190e-01
7.834472656250000000e-01 -2.084864426985124086e-01
7.835693359375000000e-01 -2.092250004832040822e-01
7.836914062500000000e-01 -2.099634351862183779e-01
7.838134765625000000e-01 -2.107017463731534757e-01
7.839355468750000000e-01 -2.114399336096797200e-01
7.840576171875000000e-01 -2.121779964615407854e-01
7.841796875000000000e-01 -2.129159344945530385e-01
7.843017578125000000e-01 -2.136537472746066757e-01
7.844238281250000000e-01 -2.143914343676655565e-01
7.845458984375000000e-01 -2.151289953397672872e-01
7.846679687500000000e-01 -2.158664297570235813e-01
7.847900390625000000e-01 -2.166037371856209814e-01
7.849121093750000000e-01 -2.173409171918205818e-01
7.850341796875000000e-01 -2.180779693419582776e-01
7.851562500000000000e-01 -2.188148932024450155e-01
7.852783203125000000e-01 -2.195516883397679586e-01
7.854003906250000000e-01 -2.202883543204892103e-01
7.855224609375000000e-01 -2.210248907112473127e-01
7.856445312500000000e-01 -2.217612970787565807e-01
7.857666015625000000e-01 -2.224975729898084897e-01
7.858886718750000000e-01 -2.232337180112706765e-01
7.860107421875000000e-01 -2.239697317100882157e-01
7.861328125000000000e-01 -2.247056136532827875e-01
7.862548828125000000e-01 -2.254413634079543705e-01
7.863769531250000000e-01 -2.261769805412802425e-01
7.864990234375000000e-01 -2.269124646205158968e-01
7.866210937500000000e-01 -2.276478152129945975e-01
7.867431640625000000e-01 -2.283830318861290454e-01
7.868652343750000000e-01 -2.291181142074099064e-01
7.869873046875000000e-01 -2.298530617444074220e-01
7.871093750000000000e-01 -2.305878740647705483e-01
7.872314453125000000e-01 -2.313225507362284827e-01
7.873535156250000000e-01 -2.320570913265896373e-01
7.874755859375000000e-01 -2.327914954037429429e-01
7.875976562500000000e-01 -2.335257625356569333e-01
7.877197265625000000e-01 -2.342598922903817438e-01
7.878417968750000000e-01 -2.349938842360473901e-01
7.879638671875000000e-01 -2.357277379408655171e-01
7.880859375000000000e-01 -2.364614529731286774e-01
7.882080078125000000e-01 -2.371950289012113577e-01
7.883300781250000000e-01 -2.379284652935698130e-01
7.884521484375000000e-01 -2.386617617187422880e-01
7.885742187500000000e-01 -2.393949177453491006e-01
7.886962890625000000e-01 -2.401279329420938358e-01
7.888183593750000000e-01 -2.408608068777624012e-01
7.889404296875000000e-01 -2.415935391212239436e-01
7.890625000000000000e-01 -2.423261292414307655e-01
7.891845703125000000e-01 -2.430585768074192965e-01
7.893066406250000000e-01 -2.437908813883093440e-01
7.894287109375000000e-01 -2.445230425533050644e-01
7.895507812500000000e-01 -2.452550598716946584e-01
7.896728515625000000e-01 -2.459869329128515636e-01
7.897949218750000000e-01 -2.467186612462334838e-01
7.899169921875000000e-01 -2.474502444413836932e-01
7.900390625000000000e-01 -2.481816820679302871e-01
7.901611328125000000e-01 -2.489129736955877359e-01
7.902832031250000000e-01 -2.496441188941558309e-01
7.904052734375000000e-01 -2.503751172335207942e-01
7.905273437500000000e-01 -2.511059682836547791e-01
7.906494140625000000e-01 -2.518366716146174800e-01
7.907714843750000000e-01 -2.525672267965545781e-01
7.908935546875000000e-01 -2.532976333996996288e-01
7.910156250000000000e-01 -2.540278909943727847e-01
7.911376953125000000e-01 -2.547579991509827391e-01
7.912597656250000000e-01 -2.554879574400253373e-01
7.913818359375000000e-01 -2.562177654320852427e-01
7.915039062500000000e-01 -2.569474226978348264e-01
7.916259765625000000e-01 -2.576769288080358877e-01
7.917480468750000000e-01 -2.584062833335386000e-01
7.918701171875000000e-01 -2.591354858452825649e-01
7.919921875000000000e-01 -2.598645359142965350e-01
7.921142578125000000e-01 -2.605934331116994129e-01
7.922363281250000000e-01 -2.613221770086995854e-01
7.923583984375000000e-01 -2.620507671765960334e-01
7.924804687500000000e-01 -2.627792031867774436e-01
7.926025390625000000e-01 -2.635074846107240965e-01
7.927246093750000000e-01 -2.642356110200067554e-01
7.928466796875000000e-01 -2.649635819862873332e-01
7.929687500000000000e-01 -2.656913970813190029e-01
7.930908203125000000e-01 -2.664190558769474193e-01
7.932128906250000000e-01 -2.671465579451093864e-01
7.933349609375000000e-01 -2.678739028578342452e-01
7.934570312500000000e-01 -2.686010901872433743e-01
7.935791015625000000e-01 -2.693281195055518551e-01
7.937011718750000000e-01 -2.700549903850664735e-01
7.938232421875000000e-01 -2.707817023981882731e-01
7.939453125000000000e-01 -2.715082551174108905e-01
7.940673828125000000e-01 -2.722346481153223863e-01
7.941894531250000000e-01 -2.729608809646043577e-01
7.943115234375000000e-01 -2.736869532380328263e-01
7.944335937500000000e-01 -2.744128645084778495e-01
7.945556640625000000e-01 -2.751386143489050196e-01
7.946777343750000000e-01 -2.758642023323740200e-01
7.947998046875000000e-01 -2.765896280320404022e-01
7.949218750000000000e-01 -2.773148910211546414e-01
7.950439453125000000e-01 -2.780399908730635250e-01
7.951660156250000000e-01 -2.787649271612092083e-01
7.952880859375000000e-01 -2.794896994591306028e-01
7.954101562500000000e-01 -2.802143073404624318e-01
7.955322265625000000e-01 -2.809387503789370077e-01
7.956542968750000000e-01 -2.816630281483828990e-01
7.957763671875000000e-01 -2.823871402227263183e-01
7.958984375000000000e-01 -2.831110861759905672e-01
7.960205078125000000e-01 -2.838348655822970357e-01
7.961425781250000000e-01 -2.845584780158649241e-01
7.962646484375000000e-01 -2.852819230510118542e-01
7.963867187500000000e-01 -2.860052002621533140e-01
7.965087890625000000e-01 -2.867283092238043229e-01
7.966308593750000000e-01 -2.874512495105784882e-01
7.967529296875000000e-01 -2.881740206971886153e-01
7.968750000000000000e-01 -2.888966223584467641e-01
7.969970703125000000e-01 -2.896190540692655246e-01
7.971191406250000000e-01 -2.903413154046564637e-01
7.972412109375000000e-01 -2.910634059397321782e-01
7.973632812500000000e-01 -2.917853252497050742e-01
7.974853515625000000e-01 -2.925070729098889766e-01
7.976074218750000000e-01 -2.932286484956980743e-01
7.977294921875000000e-01 -2.939500515826482530e-01
7.978515625000000000e-01 -2.946712817463564282e-01
7.979736328125000000e-01 -2.953923385625416009e-01
7.980957031250000000e-01 -2.961132216070246348e-01
7.982177734375000000e-01 -2.968339304557286451e-01
7.983398437500000000e-01 -2.975544646846789987e-01
7.984619140625000000e-01 -2.982748238700041465e-01
7.985839843750000000e-01 -2.989950075879353464e-01
7.987060546875000000e-01 -2.997150154148071066e-01
7.988281250000000000e-01 -3.004348469270570754e-01
7.989501953125000000e-01 -3.011545017012273173e-01
7.990722656250000000e-01 -3.018739793139631478e-01
7.991943359375000000e-01 -3.025932793420146871e-01
7.993164062500000000e-01 -3.033124013622359727e-01
7.994384765625000000e-01 -3.040313449515863464e-01
7.995605468750000000e-01 -3.047501096871296222e-01
7.996826171875000000e-01 -3.054686951460351962e-01
7.998046875000000000e-01 -3.061871009055774917e-01
7.999267578125000000e-01 -3.069053265431371247e-01
8.000488281250000000e-01 -3.076233716362004045e-01
8.001708984375000000e-01 -3.083412357623598887e-01
8.002929687500000000e-01 -3.090589184993146055e-01
8.004150390625000000e-01 -3.097764194248702752e-01
8.005371093750000000e-01 -3.104937381169395882e-01
8.006591796875000000e-01 -3.112108741535426493e-01
8.007812500000000000e-01 -3.119278271128062552e-01
8.009033203125000000e-01 -3.126445965729661158e-01
8.010253906250000000e-01 -3.133611821123648555e-01
8.011474609375000000e-01 -3.140775833094537894e-01
8.012695312500000000e-01 -3.147937997427922574e-01
8.013916015625000000e-01 -3.155098309910491228e-01
8.015136718750000000e-01 -3.162256766330012181e-01
8.016357421875000000e-01 -3.169413362475352325e-01
8.017578125000000000e-01 -3.176568094136467679e-01
8.018798828125000000e-01 -3.183720957104416160e-01
8.020019531250000000e-01 -3.190871947171352585e-01
8.021240234375000000e-01 -3.198021060130535331e-01
8.022460937500000000e-01 -3.205168291776320788e-01
8.023681640625000000e-01 -3.212313637904180008e-01
8.024902343750000000e-01 -3.219457094310690937e-01
8.026123046875000000e-01 -3.226598656793541187e-01
8.027343750000000000e-01 -3.233738321151530815e-01
8.028564453125000000e-01 -3.240876083184583423e-01
8.029785156250000000e-01 -3.248011938693735057e-01
8.031005859375000000e-01 -3.255145883481146973e-01
8.032226562500000000e-01 -3.262277913350100644e-01
8.033447265625000000e-01 -3.269408024105011079e-01
8.034667968750000000e-01 -3.276536211551413502e-01
8.035888671875000000e-01 -3.283662471495983337e-01
8.037109375000000000e-01 -3.290786799746520108e-01
8.038330078125000000e-01 -3.297909192111969090e-01
8.039550781250000000e-01 -3.305029644402409095e-01
8.040771484375000000e-01 -3.312148152429062464e-01
8.041992187500000000e-01 -3.319264712004290074e-01
8.043212890625000000e-01 -3.326379318941609653e-01
8.044433593750000000e-01 -3.333491969055676907e-01
8.045654296875000000e-01 -3.340602658162306615e-01
8.046875000000000000e-01 -3.347711382078458198e-01
8.048095703125000000e-01 -3.354818136622256808e-01
8.049316406250000000e-01 -3.361922917612980566e-01
8.050537109375000000e-01 -3.369025720871070551e-01
8.051757812500000000e-01 -3.376126542218129134e-01
8.052978515625000000e-01 -3.383225377476927753e-01
8.054199218750000000e-01 -3.390322222471403024e-01
8.055419921875000000e-01 -3.397417073026666734e-01
8.056640625000000000e-01 -3.404509924968995294e-01
8.057861328125000000e-01 -3.411600774125852498e-01
8.059082031250000000e-01 -3.418689616325871206e-01
8.060302734375000000e-01 -3.425776447398871105e-01
8.061523437500000000e-01 -3.432861263175847610e-01
8.062744140625000000e-01 -3.439944059488990180e-01
8.063964843750000000e-01 -3.447024832171669551e-01
8.065185546875000000e-01 -3.454103577058454388e-01
8.066406250000000000e-01 -3.461180289985093528e-01
8.067626953125000000e-01 -3.468254966788546501e-01
8.068847656250000000e-01 -3.475327603306958557e-01
8.070068359375000000e-01 -3.482398195379682870e-01
8.071289062500000000e-01 -3.489466738847269434e-01
8.072509765625000000e-01 -3.496533229551477828e-01
8.073730468750000000e-01 -3.503597663335274448e-01
8.074951171875000000e-01 -3.510660036042833054e-01
8.076171875000000000e-01 -3.517720343519543102e-01
8.077392578125000000e-01 -3.524778581612006412e-01
8.078613281250000000e-01 -3.531834746168044936e-01
8.079833984375000000e-01 -3.538888833036699100e-01
8.081054687500000000e-01 -3.545940838068226686e-01
8.082275390625000000e-01 -3.552990757114120601e-01
8.083496093750000000e-01 -3.560038586027092777e-01
8.084716796875000000e-01 -3.567084320661088603e-01
8.085937500000000000e-01 -3.574127956871279710e-01
8.087158203125000000e-01 -3.581169490514080622e-01
8.088378906250000000e-01 -3.588208917447137658e-01
8.089599609375000000e-01 -3.595246233529337254e-01
8.090820312500000000e-01 -3.602281434620804301e-01
8.092041015625000000e-01 -3.609314516582917132e-01
8.093261718750000000e-01 -3.616345475278290311e-01
8.094482421875000000e-01 -3.623374306570795178e-01
8.095703125000000000e-01 -3.630401006325547075e-01
8.096923828125000000e-01 -3.637425570408923670e-01
8.098144531250000000e-01 -3.644447994688552739e-01
8.099365234375000000e-01 -3.651468275033325495e-01
8.100585937500000000e-01 -3.658486407313387700e-01
8.101806640625000000e-01 -3.665502387400156326e-01
8.103027343750000000e-01 -3.672516211166309552e-01
8.104248046875000000e-01 -3.679527874485798433e-01
8.105468750000000000e-01 -3.686537373233836901e-01
8.106689453125000000e-01 -3.693544703286922304e-01
8.107910156250000000e-01 -3.700549860522819312e-01
8.109130859375000000e-01 -3.707552840820577678e-01
8.110351562500000000e-01 -3.714553640060520023e-01
8.111572265625000000e-01 -3.721552254124262382e-01
8.112792968750000000e-01 -3.728548678894694768e-01
8.114013671875000000e-01 -3.735542910256005045e-01
8.115234375000000000e-01 -3.742534944093664495e-01
8.116455078125000000e-01 -3.749524776294441142e-01
8.117675781250000000e-01 -3.756512402746396417e-01
8.118896484375000000e-01 -3.763497819338889605e-01
8.120117187500000000e-01 -3.770481021962578394e-01
8.121337890625000000e-01 -3.777462006509428316e-01
8.122558593750000000e-01 -3.784440768872702754e-01
8.123779296875000000e-01 -3.791417304946978484e-01
8.125000000000000000e-01 -3.798391610628135129e-01
8.126220703125000000e-01 -3.805363681813371812e-01
8.127441406250000000e-01 -3.812333514401197720e-01
8.128662109375000000e-01 -3.819301104291440430e-01
8.129882812500000000e-01 -3.826266447385243130e-01
8.131103515625000000e-01 -3.833229539585079615e-01
8.132324218750000000e-01 -3.840190376794737070e-01
8.133544921875000000e-01 -3.847148954919337727e-01
8.134765625000000000e-01 -3.854105269865325534e-01
8.135986328125000000e-01 -3.861059317540483371e-01
8.137207031250000000e-01 -3.868011093853923055e-01
8.138427734375000000e-01 -3.874960594716093665e-01
8.139648437500000000e-01 -3.881907816038780434e-01
8.140869140625000000e-01 -3.888852753735115297e-01
8.142089843750000000e-01 -3.895795403719569117e-01
8.143310546875000000e-01 -3.902735761907962231e-01
8.144531250000000000e-01 -3.909673824217455018e-01
8.145751953125000000e-01 -3.916609586566570100e-01
8.146972656250000000e-01 -3.923543044875172914e-01
8.148193359375000000e-01 -3.930474195064491694e-01
8.149414062500000000e-01 -3.937403033057105817e-01
8.150634765625000000e-01 -3.944329554776962454e-01
8.151855468750000000e-01 -3.951253756149364915e-01
8.153076171875000000e-01 -3.958175633100985968e-01
8.154296875000000000e-01 -3.965095181559860071e-01
8.155517578125000000e-01 -3.972012397455397248e-01
8.156738281250000000e-01 -3.978927276718378647e-01
8.157958984375000000e-01 -3.985839815280958764e-01
8.159179687500000000e-01 -3.992750009076666551e-01
8.160400390625000000e-01 -3.999657854040415406e-01
8.161621093750000000e-01 -4.006563346108498735e-01
8.162841796875000000e-01 -4.013466481218592730e-01
8.164062500000000000e-01 -4.020367255309757470e-01
8.165283203125000000e-01 -4.027265664322451921e-01
8.166503906250000000e-01 -4.034161704198514498e-01
8.167724609375000000e-01 -4.041055370881185826e-01
8.168945312500000000e-01 -4.047946660315095424e-01
8.170166015625000000e-01 -4.054835568446280569e-01
8.171386718750000000e-01 -4.061722091222169650e-01
8.172607421875000000e-01 -4.068606224591602705e-01
8.173828125000000000e-01 -4.075487964504815874e-01
8.175048828125000000e-01 -4.082367306913464167e-01
8.176269531250000000e-01 -4.089244247770605356e-01
8.177490234375000000e-01 -4.096118783030713861e-01
8.178710937500000000e-01 -4.102990908649673529e-01
8.179931640625000000e-01 -4.109860620584794844e-01
8.181152343750000000e-01 -4.116727914794801046e-01
8.182373046875000000e-01 -4.123592787239840907e-01
8.183593750000000000e-01 -4.130455233881484278e-01
8.184814453125000000e-01 -4.137315250682734313e-01
8.186035156250000000e-01 -4.144172833608016915e-01
8.187255859375000000e-01 -4.151027978623195724e-01
8.188476562500000000e-01 -4.157880681695559910e-01
8.189697265625000000e-01 -4.164730938793848036e-01
8.190917968750000000e-01 -4.171578745888225304e-01
8.192138671875000000e-01 -4.178424098950305754e-01
8.193359375000000000e-01 -4.185266993953141168e-01
8.194580078125000000e-01 -4.192107426871237164e-01
8.195800781250000000e-01 -4.198945393680540428e-01
8.197021484375000000e-01 -4.205780890358453150e-01
8.198242187500000000e-01 -4.212613912883825251e-01
8.199462890625000000e-01 -4.219444457236969925e-01
8.200683593750000000e-01 -4.226272519399651428e-01
8.201904296875000000e-01 -4.233098095355098400e-01
8.203125000000000000e-01 -4.239921181087997204e-01
8.204345703125000000e-01 -4.246741772584505803e-01
8.205566406250000000e-01 -4.253559865832244324e-01
8.206787109375000000e-01 -4.260375456820305051e-01
8.208007812500000000e-01 -4.267188541539249091e-01
8.209228515625000000e-01 -4.273999115981116925e-01
8.210449218750000000e-01 -4.280807176139421188e-01
8.211669921875000000e-01 -4.287612718009158330e-01
8.212890625000000000e-01 -4.294415737586798620e-01
8.214111328125000000e-01 -4.301216230870305579e-01
8.215332031250000000e-01 -4.308014193859121543e-01
8.216552734375000000e-01 -4.314809622554182655e-01
8.217773437500000000e-01 -4.321602512957908315e-01
8.218994140625000000e-01 -4.328392861074221165e-01
8.220214843750000000e-01 -4.335180662908531546e-01
8.221435546875000000e-01 -4.341965914467753596e-01
8.222656250000000000e-01 -4.348748611760293592e-01
8.223876953125000000e-01 -4.355528750796071047e-01
8.225097656250000000e-01 -4.362306327586499832e-01
8.226318359375000000e-01 -4.369081338144510940e-01
8.227539062500000000e-01 -4.375853778484534717e-01
8.228759765625000000e-01 -4.382623644622524184e-01
8.229980468750000000e-01 -4.389390932575938931e-01
8.231201171875000000e-01 -4.396155638363758444e-01
8.232421875000000000e-01 -4.402917758006479332e-01
8.233642578125000000e-01 -4.409677287526123091e-01
8.234863281250000000e-01 -4.416434222946230004e-01
8.236083984375000000e-01 -4.423188560291872462e-01
8.237304687500000000e-01 -4.429940295589643862e-01
8.238525390625000000e-01 -4.436689424867675258e-01
8.239746093750000000e-01 -4.443435944155627038e-01
8.240966796875000000e-01 -4.450179849484696137e-01
8.242187500000000000e-01 -4.456921136887613266e-01
8.243408203125000000e-01 -4.463659802398658449e-01
8.244628906250000000e-01 -4.470395842053644375e-01
8.245849609375000000e-01 -4.477129251889935269e-01
8.247070312500000000e-01 -4.483860027946435234e-01
8.248291015625000000e-01 -4.490588166263607683e-01
8.249511718750000000e-01 -4.497313662883457019e-01
8.250732421875000000e-01 -4.504036513849551948e-01
8.251953125000000000e-01 -4.510756715207006606e-01
8.253173828125000000e-01 -4.517474263002504986e-01
8.254394531250000000e-01 -4.524189153284283726e-01
8.255615234375000000e-01 -4.530901382102148767e-01
8.256835937500000000e-01 -4.537610945507463689e-01
8.258056640625000000e-01 -4.544317839553169702e-01
8.259277343750000000e-01 -4.551022060293772320e-01
8.260498046875000000e-01 -4.557723603785353017e-01
8.261718750000000000e-01 -4.564422466085562013e-01
8.262939453125000000e-01 -4.571118643253637148e-01
8.264160156250000000e-01 -4.577812131350384450e-01
8.265380859375000000e-01 -4.584502926438201453e-01
8.266601562500000000e-01 -4.591191024581061098e-01
8.267822265625000000e-01 -4.597876421844532824e-01
8.269042968750000000e-01 -4.604559114295767031e-01
8.270263671875000000e-01 -4.611239098003508396e-01
8.271484375000000000e-01 -4.617916369038093105e-01
8.272705078125000000e-01 -4.624590923471456061e-01
8.273925781250000000e-01 -4.631262757377129780e-01
8.275146484375000000e-01 -4.637931866830245498e-01
8.276367187500000000e-01 -4.644598247907535948e-01
8.277587890625000000e-01 -4.651261896687343134e-01
8.278808593750000000e-01 -4.657922809249614438e-01
8.280029296875000000e-01 -4.664580981675905957e-01
8.281250000000000000e-01 -4.671236410049383614e-01
8.282470703125000000e-01 -4.677889090454836474e-01
8.283691406250000000e-01 -4.684539018978658986e-01
8.284912109375000000e-01 -4.691186191708872077e-01
8.286132812500000000e-01 -4.697830604735112603e-01
8.287353515625000000e-01 -4.704472254148647226e-01
8.288574218750000000e-01 -4.711111136042361869e-01
8.289794921875000000e-01 -4.717747246510775039e-01
8.291015625000000000e-01 -4.724380581650032274e-01
8.292236328125000000e-01 -4.731011137557914470e-01
8.293457031250000000e-01 -4.737638910333836217e-01
8.294677734375000000e-01 -4.744263896078851350e-01
8.295898437500000000e-01 -4.750886090895646841e-01
8.297119140625000000e-01 -4.757505490888560562e-01
8.298339843750000000e-01 -4.764122092163567967e-01
8.299560546875000000e-01 -4.770735890828295411e-01
8.300781250000000000e-01 -4.777346882992010157e-01
8.302001953125000000e-01 -4.783955064765642584e-01
8.303222656250000000e-01 -4.790560432261763979e-01
8.304443359375000000e-01 -4.797162981594610964e-01
8.305664062500000000e-01 -4.803762708880070509e-01
8.306884765625000000e-01 -4.810359610235696026e-01
8.308105468750000000e-01 -4.816953681780698493e-01
8.309326171875000000e-01 -4.823544919635956441e-01
8.310546875000000000e-01 -4.830133319924013180e-01
8.311767578125000000e-01 -4.836718878769083463e-01
8.312988281250000000e-01 -4.843301592297052927e-01
8.314208984375000000e-01 -4.849881456635481980e-01
8.315429687500000000e-01 -4.856458467913603028e-01
8.316650390625000000e-01 -4.863032622262331572e-01
8.317871093750000000e-01 -4.869603915814261219e-01
8.319091796875000000e-01 -4.876172344703672556e-01
8.320312500000000000e-01 -4.882737905066520945e-01
8.321533203125000000e-01 -4.889300593040463716e-01
8.322753906250000000e-01 -4.895860404764836860e-01
8.323974609375000000e-01 -4.902417336380673896e-01
8.325195312500000000e-01 -4.908971384030697549e-01
8.326416015625000000e-01 -4.915522543859335847e-01
8.327636718750000000e-01 -4.922070812012706020e-01
8.328857421875000000e-01 -4.928616184638632824e-01
8.330078125000000000e-01 -4.935158657886639655e-01
8.331298828125000000e-01 -4.941698227907959651e-01
8.332519531250000000e-01 -4.948234890855532919e-01
8.333740234375000000e-01 -4.954768642884009866e-01
8.334960937500000000e-01 -4.961299480149747865e-01
8.336181640625000000e-01 -4.967827398810828465e-01
8.337402343750000000e-01 -4.974352395027043516e-01
8.338623046875000000e-01 -4.980874464959906822e-01
8.339843750000000000e-01 -4.987393604772649147e-01
8.341064453125000000e-01 -4.993909810630234314e-01
8.342285156250000000e-01 -5.000423078699341994e-01
8.343505859375000000e-01 -5.006933405148387140e-01
8.344726562500000000e-01 -5.013440786147507211e-01
8.345947265625000000e-01 -5.019945217868584386e-01
8.347167968750000000e-01 -5.026446696485225019e-01
8.348388671875000000e-01 -5.032945218172777402e-01
8.349609375000000000e-01 -5.039440779108329549e-01
8.350830078125000000e-01 -5.045933375470708082e-01
8.352050781250000000e-01 -5.052423003440489335e-01
8.353271484375000000e-01 -5.058909659199990472e-01
8.354492187500000000e-01 -5.065393338933276146e-01
8.355712890625000000e-01 -5.071874038826170716e-01
8.356933593750000000e-01 -5.078351755066241591e-01
8.358154296875000000e-01 -5.084826483842816991e-01
8.359375000000000000e-01 -5.091298221346975961e-01
8.360595703125000000e-01 -5.097766963771568349e-01
8.361816406250000000e-01 -5.104232707311195938e-01
8.363037109375000000e-01 -5.110695448162231314e-01
8.364257812500000000e-01 -5.117155182522807877e-01
8.365478515625000000e-01 -5.123611906592830945e-01
8.366699218750000000e-01 -5.130065616573975529e-01
8.367919921875000000e-01 -5.136516308669694109e-01
8.369140625000000000e-01 -5.142963979085203308e-01
8.370361328125000000e-01 -5.149408624027512760e-01
8.371582031250000000e-01 -5.155850239705397353e-01
8.372802734375000000e-01 -5.162288822329428317e-01
8.374023437500000000e-01 -5.168724368111943246e-01
8.375244140625000000e-01 -5.175156873267083846e-01
8.376464843750000000e-01 -5.181586334010770400e-01
8.377685546875000000e-01 -5.188012746560719535e-01
8.378906250000000000e-01 -5.194436107136433112e-01
8.380126953125000000e-01 -5.200856411959219328e-01
8.381347656250000000e-01 -5.207273657252173837e-01
8.382568359375000000e-01 -5.213687839240198629e-01
8.383789062500000000e-01 -5.220098954149995363e-01
8.385009765625000000e-01 -5.226506998210069810e-01
8.386230468750000000e-01 -5.232911967650737406e-01
8.387451171875000000e-01 -5.239313858704115479e-01
8.388671875000000000e-01 -5.245712667604137680e-01
8.389892578125000000e-01 -5.252108390586551767e-01
8.391113281250000000e-01 -5.258501023888917381e-01
8.392333984375000000e-01 -5.264890563750612706e-01
8.393554687500000000e-01 -5.271277006412835586e-01
8.394775390625000000e-01 -5.277660348118606848e-01
8.395996093750000000e-01 -5.284040585112772526e-01
8.397216796875000000e-01 -5.290417713642001640e-01
8.398437500000000000e-01 -5.296791729954795080e-01
8.399658203125000000e-01 -5.303162630301481162e-01
8.400878906250000000e-01 -5.309530410934226730e-01
8.402099609375000000e-01 -5.315895068107028276e-01
8.403320312500000000e-01 -5.322256598075719713e-01
8.404541015625000000e-01 -5.328614997097982364e-01
8.405761718750000000e-01 -5.334970261433330529e-01
8.406982421875000000e-01 -5.341322387343127032e-01
8.408203125000000000e-01 -5.347671371090576553e-01
8.409423828125000000e-01 -5.354017208940741179e-01
8.410644531250000000e-01 -5.360359897160522635e-01
8.411865234375000000e-01 -5.366699432018686711e-01
8.413085937500000000e-01 -5.373035809785839945e-01
8.414306640625000000e-01 -5.379369026734462933e-01
8.415527343750000000e-01 -5.385699079138882572e-01
8.416748046875000000e-01 -5.392025963275295375e-01
8.417968750000000000e-01 -5.398349675421754146e-01
8.419189453125000000e-01 -5.404670211858186857e-01
8.420410156250000000e-01 -5.410987568866379993e-01
8.421630859375000000e-01 -5.417301742729998537e-01
8.422851562500000000e-01 -5.423612729734574867e-01
8.424072265625000000e-01 -5.429920526167519856e-01
8.425292968750000000e-01 -5.436225128318116218e-01
8.426513671875000000e-01 -5.442526532477531820e-01
8.427734375000000000e-01 -5.448824734938813030e-01
8.428955078125000000e-01 -5.455119731996886934e-01
8.430175781250000000e-01 -5.461411519948571325e-01
8.431396484375000000e-01 -5.467700095092570267e-01
8.432617187500000000e-01 -5.473985453729472983e-01
8.433837890625000000e-01 -5.480267592161768286e-01
8.435058593750000000e-01 -5.486546506693834591e-01
8.436279296875000000e-01 -5.492822193631949901e-01
8.437500000000000000e-01 -5.499094649284286263e-01
8.438720703125000000e-01 -5.505363869960923084e-01
8.439941406250000000e-01 -5.511629851973837146e-01
8.441162109375000000e-01 -5.517892591636914812e-01
8.442382812500000000e-01 -5.524152085265944256e-01
8.443603515625000000e-01 -5.530408329178631011e-01
8.444824218750000000e-01 -5.536661319694583527e-01
8.446044921875000000e-01 -5.542911053135333166e-01
8.447265625000000000e-01 -5.549157525824316428e-01
8.448486328125000000e-01 -5.555400734086901604e-01
8.449707031250000000e-01 -5.561640674250364347e-01
8.450927734375000000e-01 -5.567877342643913208e-01
8.452148437500000000e-01 -5.574110735598671873e-01
8.453369140625000000e-01 -5.580340849447700258e-01
8.454589843750000000e-01 -5.586567680525980073e-01
8.455810546875000000e-01 -5.592791225170430369e-01
8.457031250000000000e-01 -5.599011479719897544e-01
8.458251953125000000e-01 -5.605228440515166444e-01
8.459472656250000000e-01 -5.611442103898958145e-01
8.460693359375000000e-01 -5.617652466215936613e-01
8.461914062500000000e-01 -5.623859523812703154e-01
8.463134765625000000e-01 -5.630063273037809735e-01
8.464355468750000000e-01 -5.636263710241746772e-01
8.465576171875000000e-01 -5.642460831776960895e-01
8.466796875000000000e-01 -5.648654633997839403e-01
8.468017578125000000e-01 -5.654845113260732470e-01
8.469238281250000000e-01 -5.661032265923938711e-01
8.470458984375000000e-01 -5.667216088347717395e-01
8.471679687500000000e-01 -5.673396576894282894e-01
8.472900390625000000e-01 -5.679573727927813565e-01
8.474121093750000000e-01 -5.685747537814451746e-01
8.475341796875000000e-01 -5.691918002922304876e-01
8.476562500000000000e-01 -5.698085119621443262e-01
8.477783203125000000e-01 -5.704248884283915633e-01
8.479003906250000000e-01 -5.710409293283735810e-01
8.480224609375000000e-01 -5.716566342996896033e-01
8.481445312500000000e-01 -5.722720029801355857e-01
8.482666015625000000e-01 -5.728870350077068796e-01
8.483886718750000000e-01 -5.735017300205955681e-01
8.485107421875000000e-01 -5.741160876571924643e-01
8.486328125000000000e-01 -5.747301075560865558e-01
8.487548828125000000e-01 -5.753437893560661154e-01
8.488769531250000000e-01 -5.759571326961177018e-01
8.489990234375000000e-01 -5.765701372154277138e-01
8.491210937500000000e-01 -5.771828025533803919e-01
8.492431640625000000e-01 -5.777951283495614820e-01
8.493652343750000000e-01 -5.784071142437550161e-01
8.494873046875000000e-01 -5.790187598759457543e-01
8.496093750000000000e-01 -5.796300648863179639e-01
8.497314453125000000e-01 -5.802410289152570844e-01
8.498535156250000000e-01 -5.808516516033481736e-01
8.499755859375000000e-01 -5.814619325913781278e-01
8.500976562500000000e-01 -5.820718715203340166e-01
8.502197265625000000e-01 -5.826814680314049699e-01
8.503417968750000000e-01 -5.832907217659804022e-01
8.504638671875000000e-01 -5.838996323656526766e-01
8.505859375000000000e-01 -5.845081994722147734e-01
8.507080078125000000e-01 -5.851164227276628438e-01
8.508300781250000000e-01 -5.857243017741944335e-01
8.509521484375000000e-01 -5.863318362542104811e-01
8.510742187500000000e-01 -5.869390258103133196e-01
8.511962890625000000e-01 -5.875458700853097849e-01
8.513183593750000000e-01 -5.881523687222084407e-01
8.514404296875000000e-01 -5.887585213642222426e-01
8.515625000000000000e-01 -5.893643276547666510e-01
8.516845703125000000e-01 -5.899697872374620733e-01
8.518066406250000000e-01 -5.905748997561315328e-01
8.519287109375000000e-01 -5.911796648548035549e-01
8.520507812500000000e-01 -5.917840821777100579e-01
8.521728515625000000e-01 -5.923881513692881295e-01
8.522949218750000000e-01 -5.929918720741791383e-01
8.524169921875000000e-01 -5.935952439372301770e-01
8.525390625000000000e-01 -5.941982666034925087e-01
8.526611328125000000e-01 -5.948009397182238978e-01
8.527832031250000000e-01 -5.954032629268872778e-01
8.529052734375000000e-01 -5.960052358751513069e-01
8.530273437500000000e-01 -5.966068582088905892e-01
8.531494140625000000e-01 -5.972081295741866747e-01
8.532714843750000000e-01 -5.978090496173266155e-01
8.533935546875000000e-01 -5.984096179848051866e-01
8.535156250000000000e-01 -5.990098343233228873e-01
8.536376953125000000e-01 -5.996096982797884944e-01
8.537597656250000000e-01 -6.002092095013169537e-01
8.538818359375000000e-01 -6.008083676352318214e-01
8.540039062500000000e-01 -6.014071723290630445e-01
8.541259765625000000e-01 -6.020056232305501798e-01
8.542480468750000000e-01 -6.026037199876392858e-01
8.543701171875000000e-01 -6.032014622484858091e-01
8.544921875000000000e-01 -6.037988496614528078e-01
8.546142578125000000e-01 -6.043958818751135054e-01
8.547363281250000000e-01 -6.049925585382486259e-01
8.548583984375000000e-01 -6.055888792998490588e-01
8.549804687500000000e-01 -6.061848438091141933e-01
8.551025390625000000e-01 -6.067804517154538058e-01
8.552246093750000000e-01 -6.073757026684871718e-01
8.553466796875000000e-01 -6.079705963180432882e-01
8.554687500000000000e-01 -6.085651323141614277e-01
8.555908203125000000e-01 -6.091593103070918058e-01
8.557128906250000000e-01 -6.097531299472944699e-01
8.558349609375000000e-01 -6.103465908854408539e-01
8.559570312500000000e-01 -6.109396927724127790e-01
8.560791015625000000e-01 -6.115324352593042301e-01
8.562011718750000000e-01 -6.121248179974195791e-01
8.563232421875000000e-01 -6.127168406382759169e-01
8.564453125000000000e-01 -6.133085028336008326e-01
8.565673828125000000e-01 -6.138998042353351892e-01
8.566894531250000000e-01 -6.144907444956315690e-01
8.568115234375000000e-01 -6.150813232668550512e-01
8.569335937500000000e-01 -6.156715402015831007e-01
8.570556640625000000e-01 -6.162613949526065671e-01
8.571777343750000000e-01 -6.168508871729290188e-01
8.572998046875000000e-01 -6.174400165157674092e-01
8.574218750000000000e-01 -6.180287826345518543e-01
8.575439453125000000e-01 -6.186171851829269652e-01
8.576660156250000000e-01 -6.192052238147500720e-01
8.577880859375000000e-01 -6.197928981840937768e-01
8.579101562500000000e-01 -6.203802079452438445e-01
8.580322265625000000e-01 -6.209671527527014234e-01
8.581542968750000000e-01 -6.215537322611818238e-01
8.582763671875000000e-01 -6.221399461256156282e-01
8.583984375000000000e-01 -6.227257940011481363e-01
8.585205078125000000e-01 -6.233112755431402530e-01
8.586425781250000000e-01 -6.238963904071682665e-01
8.587646484375000000e-01 -6.244811382490240703e-01
8.588867187500000000e-01 -6.250655187247156075e-01
8.590087890625000000e-01 -6.256495314904670924e-01
8.591308593750000000e-01 -6.262331762027186777e-01
8.592529296875000000e-01 -6.268164525181272317e-01
8.593750000000000000e-01 -6.273993600935661163e-01
8.594970703125000000e-01 -6.279818985861264080e-01
8.596191406250000000e-01 -6.285640676531151216e-01
8.597412109375000000e-01 -6.291458669520576530e-01
8.598632812500000000e-01 -6.297272961406958913e-01
8.599853515625000000e-01 -6.303083548769907729e-01
8.601074218750000000e-01 -6.308890428191198385e-01
8.602294921875000000e-01 -6.314693596254796759e-01
8.603515625000000000e-01 -6.320493049546843656e-01
8.604736328125000000e-01 -6.326288784655675901e-01
8.605957031250000000e-01 -6.332080798171807468e-01
8.607177734375000000e-01 -6.337869086687950571e-01
8.608398437500000000e-01 -6.343653646798999013e-01
8.609619140625000000e-01 -6.349434475102049280e-01
8.610839843750000000e-01 -6.355211568196387217e-01
8.612060546875000000e-01 -6.360984922683499132e-01
8.613281250000000000e-01 -6.366754535167065132e-01
8.614501953125000000e-01 -6.372520402252976890e-01
8.615722656250000000e-01 -6.378282520549319878e-01
8.616943359375000000e-01 -6.384040886666388914e-01
8.618164062500000000e-01 -6.389795497216683717e-01
8.619384765625000000e-01 -6.395546348814920012e-01
8.620605468750000000e-01 -6.401293438078015097e-01
8.621826171875000000e-01 -6.407036761625106713e-01
8.623046875000000000e-01 -6.412776316077544170e-01
8.624267578125000000e-01 -6.418512098058897219e-01
8.625488281250000000e-01 -6.424244104194952731e-01
8.626708984375000000e-01 -6.429972331113719131e-01
8.627929687500000000e-01 -6.435696775445426399e-01
8.629150390625000000e-01 -6.441417433822533845e-01
8.630371093750000000e-01 -6.447134302879722334e-01
8.631591796875000000e-01 -6.452847379253912052e-01
8.632812500000000000e-01 -6.458556659584235859e-01
8.634033203125000000e-01 -6.464262140512082588e-01
8.635253906250000000e-01 -6.469963818681059298e-01
8.636474609375000000e-01 -6.475661690737016807e-01
8.637695312500000000e-01 -6.481355753328041924e-01
8.638916015625000000e-01 -6.487046003104467440e-01
8.640136718750000000e-01 -6.492732436718864353e-01
8.641357421875000000e-01 -6.498415050826051864e-01
8.642578125000000000e-01 -6.504093842083088495e-01
8.643798828125000000e-01 -6.509768807149294290e-01
8.645019531250000000e-01 -6.515439942686231944e-01
8.646240234375000000e-01 -6.521107245357719018e-01
8.647460937500000000e-01 -6.526770711829823490e-01
8.648681640625000000e-01 -6.532430338770878198e-01
8.649902343750000000e-01 -6.538086122851469728e-01
8.651123046875000000e-01 -6.543738060744443974e-01
8.652343750000000000e-01 -6.549386149124912793e-01
8.653564453125000000e-01 -6.555030384670252896e-01
8.654785156250000000e-01 -6.560670764060103632e-01
8.656005859375000000e-01 -6.566307283976375864e-01
8.657226562500000000e-01 -6.571939941103248639e-01
8.658447265625000000e-01 -6.577568732127179185e-01
8.659667968750000000e-01 -6.583193653736889583e-01
8.660888671875000000e-01 -6.588814702623388975e-01
8.662109375000000000e-01 -6.594431875479952465e-01
8.663330078125000000e-01 -6.600045169002146661e-01
8.664550781250000000e-01 -6.605654579887814126e-01
8.665771484375000000e-01 -6.611260104837085594e-01
8.666992187500000000e-01 -6.616861740552368865e-01
8.668212890625000000e-01 -6.622459483738372121e-01
8.669433593750000000e-01 -6.628053331102083945e-01
8.670654296875000000e-01 -6.633643279352792188e-01
8.671875000000000000e-01 -6.639229325202067322e-01
8.673095703125000000e-01 -6.644811465363787972e-01
8.674316406250000000e-01 -6.650389696554123153e-01
8.675537109375000000e-01 -6.655964015491544483e-01
8.676757812500000000e-01 -6.661534418896821741e-01
8.677978515625000000e-01 -6.667100903493030639e-01
8.679199218750000000e-01 -6.672663466005552824e-01
8.680419921875000000e-01 -6.678222103162076984e-01
8.681640625000000000e-01 -6.683776811692594411e-01
8.682861328125000000e-01 -6.689327588329421204e-01
8.684082031250000000e-01 -6.694874429807172733e-01
8.685302734375000000e-01 -6.700417332862789177e-01
8.686523437500000000e-01 -6.705956294235516646e-01
8.687744140625000000e-01 -6.711491310666934940e-01
8.688964843750000000e-01 -6.717022378900930901e-01
8.690185546875000000e-01 -6.722549495683725063e-01
8.691406250000000000e-01 -6.728072657763848330e-01
8.692626953125000000e-01 -6.733591861892176400e-01
8.693847656250000000e-01 -6.739107104821897565e-01
8.695068359375000000e-01 -6.744618383308540466e-01
8.696289062500000000e-01 -6.750125694109956331e-01
8.697509765625000000e-01 -6.755629033986343401e-01
8.698730468750000000e-01 -6.761128399700221392e-01
8.699951171875000000e-01 -6.766623788016459251e-01
8.701171875000000000e-01 -6.772115195702261836e-01
8.702392578125000000e-01 -6.777602619527174355e-01
8.703613281250000000e-01 -6.783086056263085695e-01
8.704833984375000000e-01 -6.788565502684236197e-01
8.706054687500000000e-01 -6.794040955567199891e-01
8.707275390625000000e-01 -6.799512411690916691e-01
8.708496093750000000e-01 -6.804979867836666863e-01
8.709716796875000000e-01 -6.810443320788088784e-01
8.710937500000000000e-01 -6.815902767331170065e-01
8.712158203125000000e-01 -6.821358204254261981e-01
8.713378906250000000e-01 -6.826809628348070591e-01
8.714599609375000000e-01 -6.832257036405665618e-01
8.715820312500000000e-01 -6.837700425222472678e-01
8.717041015625000000e-01 -6.843139791596291044e-01
8.718261718750000000e-01 -6.848575132327278103e-01
8.719482421875000000e-01 -6.854006444217966010e-01
8.720703125000000000e-01 -6.859433724073251692e-01
8.721923828125000000e-01 -6.864856968700407958e-01
8.723144531250000000e-01 -6.870276174909076827e-01
8.724365234375000000e-01 -6.875691339511282862e-01
8.725585937500000000e-01 -6.881102459321419840e-01
8.726806640625000000e-01 -6.886509531156269626e-01
8.728027343750000000e-01 -6.891912551834987744e-01
8.729248046875000000e-01 -6.897311518179121137e-01
8.730468750000000000e-01 -6.902706427012590407e-01
8.731689453125000000e-01 -6.908097275161715345e-01
8.732910156250000000e-01 -6.913484059455193842e-01
8.734130859375000000e-01 -6.918866776724124090e-01
8.735351562500000000e-01 -6.924245423801989041e-01
8.736572265625000000e-01 -6.929619997524671948e-01
8.737792968750000000e-01 -6.934990494730446375e-01
8.739013671875000000e-01 -6.940356912259990629e-01
8.740234375000000000e-01 -6.945719246956377768e-01
8.741455078125000000e-01 -6.951077495665083372e-01
8.742675781250000000e-01 -6.956431655233989986e-01
8.743896484375000000e-01 -6.961781722513381565e-01
8.745117187500000000e-01 -6.967127694355950140e-01
8.746337890625000000e-01 -6.972469567616804698e-01
8.747558593750000000e-01 -6.977807339153451194e-01
8.748779296875000000e-01 -6.983141005825821424e-01
8.750000000000000000e-01 -6.988470564496250814e-01
8.751220703125000000e-01 -6.993796012029506182e-01
8.752441406250000000e-01 -6.999117345292755754e-01
8.753662109375000000e-01 -7.004434561155600258e-01
8.754882812500000000e-01 -7.009747656490056267e-01
8.756103515625000000e-01 -7.015056628170571740e-01
8.757324218750000000e-01 -7.020361473074009373e-01
8.758544921875000000e-01 -7.025662188079668802e-01
8.759765625000000000e-01 -7.030958770069273278e-01
8.760986328125000000e-01 -7.036251215926984104e-01
8.762207031250000000e-01 -7.041539522539388418e-01
8.763427734375000000e-01 -7.046823686795515851e-01
8.764648437500000000e-01 -7.052103705586821869e-01
8.765869140625000000e-01 -7.057379575807213312e-01
8.767089843750000000e-01 -7.062651294353029519e-01
8.768310546875000000e-01 -7.067918858123055648e-01
8.769531250000000000e-01 -7.073182264018516019e-01
8.770751953125000000e-01 -7.078441508943088545e-01
8.771972656250000000e-01 -7.083696589802892518e-01
8.773193359375000000e-01 -7.088947503506503045e-01
8.774414062500000000e-01 -7.094194246964936612e-01
8.775634765625000000e-01 -7.099436817091674401e-01
8.776855468750000000e-01 -7.104675210802645635e-01
8.778076171875000000e-01 -7.109909425016237572e-01
8.779296875000000000e-01 -7.115139456653297723e-01
8.780517578125000000e-01 -7.120365302637133853e-01
8.781738281250000000e-01 -7.125586959893512873e-01
8.782958984375000000e-01 -7.130804425350673048e-01
8.784179687500000000e-01 -7.136017695939307348e-01
8.785400390625000000e-01 -7.141226768592587870e-01
8.786621093750000000e-01 -7.146431640246151407e-01
8.787841796875000000e-01 -7.151632307838106106e-01
8.789062500000000000e-01 -7.156828768309027033e-01
8.790283203125000000e-01 -7.162021018601979483e-01
8.791503906250000000e-01 -7.167209055662490114e-01
8.792724609375000000e-01 -7.172392876438573595e-01
8.793945312500000000e-01 -7.177572477880718171e-01
8.795166015625000000e-01 -7.182747856941904541e-01
8.796386718750000000e-01 -7.187919010577581425e-01
8.797607421875000000e-01 -7.193085935745702209e-01
8.798828125000000000e-01 -7.198248629406689414e-01
8.800048828125000000e-01 -7.203407088523465784e-01
8.801269531250000000e-01 -7.208561310061445404e-01
8.802490234375000000e-01 -7.213711290988532587e-01
8.803710937500000000e-01 -7.218857028275120769e-01
8.804931640625000000e-01 -7.223998518894109155e-01
8.806152343750000000e-01 -7.229135759820893847e-01
8.807373046875000000e-01 -7.234268748033365615e-01
8.808593750000000000e-01 -7.239397480511916561e-01
8.809814453125000000e-01 -7.244521954239452333e-01
8.811035156250000000e-01 -7.249642166201369919e-01
8.812255859375000000e-01 -7.254758113385588736e-01
8.813476562500000000e-01 -7.259869792782519538e-01
8.814697265625000000e-01 -7.264977201385101058e-01
8.815917968750000000e-01 -7.270080336188771142e-01
8.817138671875000000e-01 -7.275179194191492282e-01
8.818359375000000000e-01 -7.280273772393730525e-01
8.819580078125000000e-01 -7.285364067798481003e-01
8.820800781250000000e-01 -7.290450077411255725e-01
8.822021484375000000e-01 -7.295531798240083576e-01
8.823242187500000000e-01 -7.300609227295516979e-01
8.824462890625000000e-01 -7.305682361590641882e-01
8.825683593750000000e-01 -7.310751198141057783e-01
8.826904296875000000e-01 -7.315815733964904366e-01
8.828125000000000000e-01 -7.320875966082838193e-01
8.829345703125000000e-01 -7.325931891518062677e-01
8.830566406250000000e-01 -7.330983507296301438e-01
8.831787109375000000e-01 -7.336030810445823835e-01
8.833007812500000000e-01 -7.341073797997428318e-01
8.834228515625000000e-01 -7.346112466984456857e-01
8.835449218750000000e-01 -7.351146814442788280e-01
8.836669921875000000e-01 -7.356176837410848268e-01
8.837890625000000000e-01 -7.361202532929600473e-01
8.839111328125000000e-01 -7.366223898042562057e-01
8.840332031250000000e-01 -7.371240929795789265e-01
8.841552734375000000e-01 -7.376253625237896294e-01
8.842773437500000000e-01 -7.381261981420035312e-01
8.843994140625000000e-01 -7.386265995395928652e-01
8.845214843750000000e-01 -7.391265664221837728e-01
8.846435546875000000e-01 -7.396260984956593010e-01
8.847656250000000000e-01 -7.401251954661565158e-01
8.848876953125000000e-01 -7.406238570400706100e-01
8.850097656250000000e-01 -7.411220829240511287e-01
8.851318359375000000e-01 -7.416198728250049665e-01
8.852539062500000000e-01 -7.421172264500949245e-01
8.853759765625000000e-01 -7.426141435067409313e-01
8.854980468750000000e-01 -7.431106237026192662e-01
8.856201171875000000e-01 -7.436066667456635582e-01
8.857421875000000000e-01 -7.441022723440642306e-01
8.858642578125000000e-01 -7.445974402062697228e-01
8.859863281250000000e-01 -7.450921700409850468e-01
8.861083984375000000e-01 -7.455864615571738963e-01
8.862304687500000000e-01 -7.460803144640566487e-01
8.863525390625000000e-01 -7.465737284711130295e-01
8.864746093750000000e-01 -7.470667032880798919e-01
8.865966796875000000e-01 -7.475592386249532151e-01
8.867187500000000000e-01 -7.480513341919865500e-01
8.868408203125000000e-01 -7.485429896996932397e-01
8.869628906250000000e-01 -7.490342048588448653e-01
8.870849609375000000e-01 -7.495249793804723559e-01
8.872070312500000000e-01 -7.500153129758652115e-01
8.873291015625000000e-01 -7.505052053565733905e-01
8.874511718750000000e-01 -7.509946562344055332e-01
8.875732421875000000e-01 -7.514836653214307383e-01
8.876953125000000000e-01 -7.519722323299767863e-01
8.878173828125000000e-01 -7.524603569726326935e-01
8.879394531250000000e-01 -7.529480389622473790e-01
8.880615234375000000e-01 -7.534352780119303317e-01
8.881835937500000000e-01 -7.539220738350506101e-01
8.883056640625000000e-01 -7.544084261452395079e-01
8.884277343750000000e-01 -7.548943346563879997e-01
8.885498046875000000e-01 -7.553797990826490727e-01
8.886718750000000000e-01 -7.558648191384361725e-01
8.887939453125000000e-01 -7.563493945384247574e-01
8.889160156250000000e-01 -7.568335249975512991e-01
8.890380859375000000e-01 -7.573172102310143927e-01
8.891601562500000000e-01 -7.578004499542747574e-01
8.892822265625000000e-01 -7.582832438830545696e-01
8.894042968750000000e-01 -7.587655917333386846e-01
8.895263671875000000e-01 -7.592474932213746364e-01
8.896484375000000000e-01 -7.597289480636717496e-01
8.897705078125000000e-01 -7.602099559770025827e-01
8.898925781250000000e-01 -7.606905166784028172e-01
8.900146484375000000e-01 -7.611706298851710351e-01
8.901367187500000000e-01 -7.616502953148683863e-01
8.902587890625000000e-01 -7.621295126853208091e-01
8.903808593750000000e-01 -7.626082817146165871e-01
8.905029296875000000e-01 -7.630866021211086814e-01
8.906250000000000000e-01 -7.635644736234129537e-01
8.907470703125000000e-01 -7.640418959404103871e-01
8.908691406250000000e-01 -7.645188687912454206e-01
8.909912109375000000e-01 -7.649953918953275034e-01
8.911132812500000000e-01 -7.654714649723299846e-01
8.912353515625000000e-01 -7.659470877421917789e-01
8.913574218750000000e-01 -7.664222599251160339e-01
8.914794921875000000e-01 -7.668969812415712406e-01
8.916015625000000000e-01 -7.673712514122909001e-01
8.917236328125000000e-01 -7.678450701582743010e-01
8.918457031250000000e-01 -7.683184372007859642e-01
8.919677734375000000e-01 -7.687913522613564199e-01
8.920898437500000000e-01 -7.692638150617816528e-01
8.922119140625000000e-01 -7.697358253241244341e-01
8.923339843750000000e-01 -7.702073827707126563e-01
8.924560546875000000e-01 -7.706784871241419976e-01
8.925781250000000000e-01 -7.711491381072729245e-01
8.927001953125000000e-01 -7.716193354432345775e-01
8.928222656250000000e-01 -7.720890788554209960e-01
8.929443359375000000e-01 -7.725583680674953380e-01
8.930664062500000000e-01 -7.730272028033858822e-01
8.931884765625000000e-01 -7.734955827872899148e-01
8.933105468750000000e-01 -7.739635077436711752e-01
8.934326171875000000e-01 -7.744309773972617439e-01
8.935546875000000000e-01 -7.748979914730605989e-01
8.936767578125000000e-01 -7.753645496963361694e-01
8.937988281250000000e-01 -7.758306517926240042e-01
8.939208984375000000e-01 -7.762962974877282152e-01
8.940429687500000000e-01 -7.767614865077213659e-01
8.941650390625000000e-01 -7.772262185789450273e-01
8.942871093750000000e-01 -7.776904934280088888e-01
8.944091796875000000e-01 -7.781543107817925353e-01
8.945312500000000000e-01 -7.786176703674433375e-01
8.946533203125000000e-01 -7.790805719123798934e-01
8.947753906250000000e-01 -7.795430151442880318e-01
8.948974609375000000e-01 -7.800049997911251420e-01
8.950195312500000000e-01 -7.804665255811170654e-01
8.951416015625000000e-01 -7.809275922427605376e-01
8.952636718750000000e-01 -7.813881995048216345e-01
8.953857421875000000e-01 -7.818483470963371040e-01
8.955078125000000000e-01 -7.823080347466133677e-01
8.956298828125000000e-01 -7.827672621852287405e-01
8.957519531250000000e-01 -7.832260291420313214e-01
8.958740234375000000e-01 -7.836843353471406592e-01
8.959960937500000000e-01 -7.841421805309464199e-01
8.961181640625000000e-01 -7.845995644241102740e-01
8.962402343750000000e-01 -7.850564867575653416e-01
8.963623046875000000e-01 -7.855129472625156373e-01
8.964843750000000000e-01 -7.859689456704371802e-01
8.966064453125000000e-01 -7.864244817130784382e-01
8.967285156250000000e-01 -7.868795551224588847e-01
8.968505859375000000e-01 -7.873341656308703307e-01
8.969726562500000000e-01 -7.877883129708772580e-01
8.970947265625000000e-01 -7.882419968753169304e-01
8.972167968750000000e-01 -7.886952170772981718e-01
8.973388671875000000e-01 -7.891479733102038097e-01
8.974609375000000000e-01 -7.896002653076883426e-01
8.975830078125000000e-01 -7.900520928036804946e-01
8.977050781250000000e-01 -7.905034555323819934e-01
8.978271484375000000e-01 -7.909543532282672373e-01
8.979492187500000000e-01 -7.914047856260847391e-01
8.980712890625000000e-01 -7.918547524608573474e-01
8.981933593750000000e-01 -7.923042534678805815e-01
8.983154296875000000e-01 -7.927532883827249632e-01
8.984375000000000000e-01 -7.932018569412342401e-01
8.985595703125000000e-01 -7.936499588795279392e-01
8.986816406250000000e-01 -7.940975939339983691e-01
8.988037109375000000e-01 -7.945447618413141733e-01
8.989257812500000000e-01 -7.949914623384173318e-01
8.990478515625000000e-01 -7.954376951625257153e-01
8.991699218750000000e-01 -7.958834600511319746e-01
8.992919921875000000e-01 -7.963287567420044288e-01
8.994140625000000000e-01 -7.967735849731860664e-01
8.995361328125000000e-01 -7.972179444829959882e-01
8.996582031250000000e-01 -7.976618350100294075e-01
8.997802734375000000e-01 -7.981052562931564287e-01
8.999023437500000000e-01 -7.985482080715236020e-01
9.000244140625000000e-01 -7.989906900845543669e-01
9.001464843750000000e-01 -7.994327020719477206e-01
9.002685546875000000e-01 -7.998742437736795496e-01
9.003906250000000000e-01 -8.003153149300018532e-01
9.005126953125000000e-01 -8.007559152814439640e-01
9.006347656250000000e-01 -8.011960445688121046e-01
9.007568359375000000e-01 -8.016357025331899422e-01
9.008789062500000000e-01 -8.020748889159373674e-01
9.010009765625000000e-01 -8.025136034586928258e-01
9.011230468750000000e-01 -8.029518459033717637e-01
9.012451171875000000e-01 -8.033896159921671831e-01
9.013671875000000000e-01 -8.038269134675501970e-01
9.014892578125000000e-01 -8.042637380722706952e-01
9.016113281250000000e-01 -8.047000895493550132e-01
9.017333984375000000e-01 -8.051359676421097067e-01
9.018554687500000000e-01 -8.055713720941181100e-01
9.019775390625000000e-01 -8.060063026492436666e-01
9.020996093750000000e-01 -8.064407590516275981e-01
9.022216796875000000e-01 -8.068747410456904579e-01
9.023437500000000000e-01 -8.073082483761316874e-01
9.024658203125000000e-01 -8.077412807879305046e-01
9.025878906250000000e-01 -8.081738380263446819e-01
9.027099609375000000e-01 -8.086059198369122125e-01
9.028320312500000000e-01 -8.090375259654500883e-01
9.029541015625000000e-01 -8.094686561580561879e-01
9.030761718750000000e-01 -8.098993101611071666e-01
9.031982421875000000e-01 -8.103294877212607883e-01
9.033203125000000000e-01 -8.107591885854541491e-01
9.034423828125000000e-01 -8.111884125009058977e-01
9.035644531250000000e-01 -8.116171592151143477e-01
9.036865234375000000e-01 -8.120454284758588104e-01
9.038085937500000000e-01 -8.124732200311994834e-01
9.039306640625000000e-01 -8.129005336294781170e-01
9.040527343750000000e-01 -8.133273690193162375e-01
9.041748046875000000e-01 -8.137537259496183673e-01
9.042968750000000000e-01 -8.141796041695692487e-01
9.044189453125000000e-01 -8.146050034286362873e-01
9.045410156250000000e-01 -8.150299234765671086e-01
9.046630859375000000e-01 -8.154543640633931112e-01
9.047851562500000000e-01 -8.158783249394265802e-01
9.049072265625000000e-01 -8.163018058552619083e-01
9.050292968750000000e-01 -8.167248065617762620e-01
9.051513671875000000e-01 -8.171473268101296927e-01
9.052734375000000000e-01 -8.175693663517638043e-01
9.053955078125000000e-01 -8.179909249384040848e-01
9.055175781250000000e-01 -8.184120023220582407e-01
9.056396484375000000e-01 -8.188325982550174187e-01
9.057617187500000000e-01 -8.192527124898555391e-01
9.058837890625000000e-01 -8.196723447794309614e-01
9.060058593750000000e-01 -8.200914948768839308e-01
9.061279296875000000e-01 -8.205101625356397976e-01
9.062500000000000000e-01 -8.209283475094069082e-01
9.063720703125000000e-01 -8.213460495521781590e-01
9.064941406250000000e-01 -8.217632684182298863e-01
9.066162109375000000e-01 -8.221800038621230877e-01
9.067382812500000000e-01 -8.225962556387029778e-01
9.068603515625000000e-01 -8.230120235030995435e-01
9.069824218750000000e-01 -8.234273072107268776e-01
9.071044921875000000e-01 -8.238421065172849556e-01
9.072265625000000000e-01 -8.242564211787570816e-01
9.073486328125000000e-01 -8.246702509514134416e-01
9.074707031250000000e-01 -8.250835955918082165e-01
9.075927734375000000e-01 -8.254964548567818028e-01
9.077148437500000000e-01 -8.259088285034589250e-01
9.078369140625000000e-01 -8.263207162892517443e-01
9.079589843750000000e-01 -8.267321179718567503e-01
9.080810546875000000e-01 -8.271430333092570919e-01
9.082031250000000000e-01 -8.275534620597214674e-01
9.083251953125000000e-01 -8.279634039818060121e-01
9.084472656250000000e-01 -8.283728588343517441e-01
9.085693359375000000e-01 -8.287818263764872295e-01
9.086914062500000000e-01 -8.291903063676272501e-01
9.088134765625000000e-01 -8.295982985674740240e-01
9.089355468750000000e-01 -8.300058027360155410e-01
9.090576171875000000e-01 -8.304128186335283379e-01
9.091796875000000000e-01 -8.308193460205745007e-01
9.093017578125000000e-01 -8.312253846580054395e-01
9.094238281250000000e-01 -8.316309343069584470e-01
9.095458984375000000e-01 -8.320359947288593627e-01
9.096679687500000000e-01 -8.324405656854212410e-01
9.097900390625000000e-01 -8.328446469386461271e-01
9.099121093750000000e-01 -8.332482382508226149e-01
9.100341796875000000e-01 -8.336513393845290665e-01
9.101562500000000000e-01 -8.340539501026307256e-01
9.102783203125000000e-01 -8.344560701682827153e-01
9.104003906250000000e-01 -8.348576993449278172e-01
9.105224609375000000e-01 -8.352588373962983592e-01
9.106445312500000000e-01 -8.356594840864143281e-01
9.107666015625000000e-01 -8.360596391795863669e-01
9.108886718750000000e-01 -8.364593024404133326e-01
9.110107421875000000e-01 -8.368584736337835173e-01
9.111328125000000000e-01 -8.372571525248748703e-01
9.112548828125000000e-01 -8.376553388791548871e-01
9.113769531250000000e-01 -8.380530324623804983e-01
9.114990234375000000e-01 -8.384502330405995130e-01
9.116210937500000000e-01 -8.388469403801482871e-01
9.117431640625000000e-01 -8.392431542476546102e-01
9.118652343750000000e-01 -8.396388744100359292e-01
9.119873046875000000e-01 -8.400341006345003469e-01
9.121093750000000000e-01 -8.404288326885459570e-01
9.122314453125000000e-01 -8.408230703399629524e-01
9.123535156250000000e-01 -8.412168133568305173e-01
9.124755859375000000e-01 -8.416100615075209346e-01
9.125976562500000000e-01 -8.420028145606950343e-01
9.127197265625000000e-01 -8.423950722853076334e-01
9.128417968750000000e-01 -8.427868344506026510e-01
9.129638671875000000e-01 -8.431781008261172161e-01
9.130859375000000000e-01 -8.435688711816790031e-01
9.132080078125000000e-01 -8.439591452874077859e-01
9.133300781250000000e-01 -8.443489229137155494e-01
9.134521484375000000e-01 -8.447382038313062669e-01
9.135742187500000000e-01 -8.451269878111756784e-01
9.136962890625000000e-01 -8.455152746246127338e-01
9.138183593750000000e-01 -8.459030640431974835e-01
9.139404296875000000e-01 -8.462903558388041869e-01
9.140625000000000000e-01 -8.466771497835985372e-01
9.141845703125000000e-01 -8.470634456500402143e-01
9.143066406250000000e-01 -8.474492432108806650e-01
9.144287109375000000e-01 -8.478345422391653230e-01
9.145507812500000000e-01 -8.482193425082328320e-01
9.146728515625000000e-01 -8.486036437917151565e-01
9.147949218750000000e-01 -8.489874458635373600e-01
9.149169921875000000e-01 -8.493707484979192701e-01
9.150390625000000000e-01 -8.497535514693728143e-01
9.151611328125000000e-01 -8.501358545527059052e-01
9.152832031250000000e-01 -8.505176575230189995e-01
9.154052734375000000e-01 -8.508989601557073179e-01
9.155273437500000000e-01 -8.512797622264600683e-01
9.156494140625000000e-01 -8.516600635112615558e-01
9.157714843750000000e-01 -8.520398637863902946e-01
9.158935546875000000e-01 -8.524191628284195632e-01
9.160156250000000000e-01 -8.527979604142169601e-01
9.161376953125000000e-01 -8.531762563209467354e-01
9.162597656250000000e-01 -8.535540503260660161e-01
9.163818359375000000e-01 -8.539313422073292470e-01
9.165039062500000000e-01 -8.543081317427846377e-01
9.166259765625000000e-01 -8.546844187107770496e-01
9.167480468750000000e-01 -8.550602028899465523e-01
9.168701171875000000e-01 -8.554354840592286457e-01
9.169921875000000000e-01 -8.558102619978550374e-01
9.171142578125000000e-01 -8.561845364853541973e-01
9.172363281250000000e-01 -8.565583073015493598e-01
9.173583984375000000e-01 -8.569315742265614100e-01
9.174804687500000000e-01 -8.573043370408062192e-01
9.176025390625000000e-01 -8.576765955249978646e-01
9.177246093750000000e-01 -8.580483494601456318e-01
9.178466796875000000e-01 -8.584195986275570123e-01
9.179687500000000000e-01 -8.587903428088347058e-01
9.180908203125000000e-01 -8.591605817858802840e-01
9.182128906250000000e-01 -8.595303153408913044e-01
9.183349609375000000e-01 -8.598995432563629748e-01
9.184570312500000000e-01 -8.602682653150883763e-01
9.185791015625000000e-01 -8.606364813001576852e-01
9.187011718750000000e-01 -8.610041909949587291e-01
9.188232421875000000e-01 -8.613713941831776522e-01
9.189453125000000000e-01 -8.617380906487978054e-01
9.190673828125000000e-01 -8.621042801761017449e-01
9.191894531250000000e-01 -8.624699625496691224e-01
9.193115234375000000e-01 -8.628351375543786839e-01
9.194335937500000000e-01 -8.631998049754071589e-01
9.195556640625000000e-01 -8.635639645982303714e-01
9.196777343750000000e-01 -8.639276162086221289e-01
9.197998046875000000e-01 -8.642907595926563324e-01
9.199218750000000000e-01 -8.646533945367042007e-01
9.200439453125000000e-01 -8.650155208274380447e-01
9.201660156250000000e-01 -8.653771382518268274e-01
9.202880859375000000e-01 -8.657382465971417140e-01
9.204101562500000000e-01 -8.660988456509509659e-01
9.205322265625000000e-01 -8.664589352011242696e-01
9.206542968750000000e-01 -8.668185150358295177e-01
9.207763671875000000e-01 -8.671775849435356953e-01
9.208984375000000000e-01 -8.675361447130108816e-01
9.210205078125000000e-01 -8.678941941333235821e-01
9.211425781250000000e-01 -8.682517329938427286e-01
9.212646484375000000e-01 -8.686087610842375684e-01
9.213867187500000000e-01 -8.689652781944772197e-01
9.215087890625000000e-01 -8.693212841148323378e-01
9.216308593750000000e-01 -8.696767786358735597e-01
9.217529296875000000e-01 -8.700317615484726153e-01
9.218750000000000000e-01 -8.703862326438018826e-01
9.219970703125000000e-01 -8.707401917133359426e-01
9.221191406250000000e-01 -8.710936385488491362e-01
9.222412109375000000e-01 -8.714465729424182294e-01
9.223632812500000000e-01 -8.717989946864206363e-01
9.224853515625000000e-01 -8.721509035735358628e-01
9.226074218750000000e-01 -8.725022993967448404e-01
9.227294921875000000e-01 -8.728531819493312582e-01
9.228515625000000000e-01 -8.732035510248785659e-01
9.229736328125000000e-01 -8.735534064172748581e-01
9.230957031250000000e-01 -8.739027479207084337e-01
9.232177734375000000e-01 -8.742515753296712377e-01
9.233398437500000000e-01 -8.745998884389567518e-01
9.234619140625000000e-01 -8.749476870436616593e-01
9.235839843750000000e-01 -8.752949709391845134e-01
9.237060546875000000e-01 -8.756417399212279573e-01
9.238281250000000000e-01 -8.759879937857956156e-01
9.239501953125000000e-01 -8.763337323291963132e-01
9.240722656250000000e-01 -8.766789553480401898e-01
9.241943359375000000e-01 -8.770236626392420298e-01
9.243164062500000000e-01 -8.773678540000189319e-01
9.244384765625000000e-01 -8.777115292278925285e-01
9.245605468750000000e-01 -8.780546881206872101e-01
9.246826171875000000e-01 -8.783973304765312351e-01
9.248046875000000000e-01 -8.787394560938571741e-01
9.249267578125000000e-01 -8.790810647714014658e-01
9.250488281250000000e-01 -8.794221563082040838e-01
9.251708984375000000e-01 -8.797627305036104239e-01
9.252929687500000000e-01 -8.801027871572685291e-01
9.254150390625000000e-01 -8.804423260691325304e-01
9.255371093750000000e-01 -8.807813470394600941e-01
9.256591796875000000e-01 -8.811198498688144198e-01
9.257812500000000000e-01 -8.814578343580620201e-01
9.259033203125000000e-01 -8.817953003083764951e-01
9.260253906250000000e-01 -8.821322475212345360e-01
9.261474609375000000e-01 -8.824686757984190333e-01
9.262695312500000000e-01 -8.828045849420175228e-01
9.263916015625000000e-01 -8.831399747544242951e-01
9.265136718750000000e-01 -8.834748450383370644e-01
9.266357421875000000e-01 -8.838091955967609659e-01
9.267578125000000000e-01 -8.841430262330057799e-01
9.268798828125000000e-01 -8.844763367506878193e-01
9.270019531250000000e-01 -8.848091269537287085e-01
9.271240234375000000e-01 -8.851413966463573813e-01
9.272460937500000000e-01 -8.854731456331068618e-01
9.273681640625000000e-01 -8.858043737188189271e-01
9.274902343750000000e-01 -8.861350807086399994e-01
9.276123046875000000e-01 -8.864652664080242550e-01
9.277343750000000000e-01 -8.867949306227311812e-01
9.278564453125000000e-01 -8.871240731588281303e-01
9.279785156250000000e-01 -8.874526938226894313e-01
9.281005859375000000e-01 -8.877807924209957235e-01
9.282226562500000000e-01 -8.881083687607346233e-01
9.283447265625000000e-01 -8.884354226492019446e-01
9.284667968750000000e-01 -8.887619538940001451e-01
9.285888671875000000e-01 -8.890879623030394363e-01
9.287109375000000000e-01 -8.894134476845372284e-01
9.288330078125000000e-01 -8.897384098470191294e-01
9.289550781250000000e-01 -8.900628485993179462e-01
9.290771484375000000e-01 -8.903867637505751276e-01
9.291992187500000000e-01 -8.907101551102390991e-01
9.293212890625000000e-01 -8.910330224880679273e-01
9.294433593750000000e-01 -8.913553656941262116e-01
9.295654296875000000e-01 -8.916771845387887474e-01
9.296875000000000000e-01 -8.919984788327363079e-01
9.298095703125000000e-01 -8.923192483869611946e-01
9.299316406250000000e-01 -8.926394930127621308e-01
9.300537109375000000e-01 -8.929592125217478138e-01
9.301757812500000000e-01 -8.932784067258352501e-01
9.302978515625000000e-01 -8.935970754372509761e-01
9.304199218750000000e-01 -8.939152184685302815e-01
9.305419921875000000e-01 -8.942328356325177641e-01
9.306640625000000000e-01 -8.945499267423671075e-01
9.307861328125000000e-01 -8.948664916115427470e-01
9.309082031250000000e-01 -8.951825300538164276e-01
9.310302734375000000e-01 -8.954980418832720890e-01
9.311523437500000000e-01 -8.958130269143013136e-01
9.312744140625000000e-01 -8.961274849616072125e-01
9.313964843750000000e-01 -8.964414158402017607e-01
9.315185546875000000e-01 -8.967548193654079070e-01
9.316406250000000000e-01 -8.970676953528576858e-01
9.317626953125000000e-01 -8.973800436184953266e-01
9.318847656250000000e-01 -8.976918639785732568e-01
9.320068359375000000e-01 -8.980031562496566533e-01
9.321289062500000000e-01 -8.983139202486193353e-01
9.322509765625000000e-01 -8.986241557926477608e-01
9.323730468750000000e-01 -8.989338626992375847e-01
9.324951171875000000e-01 -8.992430407861965458e-01
9.326171875000000000e-01 -8.995516898716429122e-01
9.327392578125000000e-01 -8.998598097740069246e-01
9.328613281250000000e-01 -9.001674003120290202e-01
9.329833984375000000e-01 -9.004744613047619417e-01
9.331054687500000000e-01 -9.007809925715691834e-01
9.332275390625000000e-01 -9.010869939321269895e-01
9.333496093750000000e-01 -9.013924652064221332e-01
9.334716796875000000e-01 -9.016974062147540270e-01
9.335937500000000000e-01 -9.020018167777332785e-01
9.337158203125000000e-01 -9.023056967162834674e-01
9.338378906250000000e-01 -9.026090458516394799e-01
9.339599609375000000e-01 -9.029118640053491740e-01
9.340820312500000000e-01 -9.032141509992722694e-01
9.342041015625000000e-01 -9.035159066555813467e-01
9.343261718750000000e-01 -9.038171307967608481e-01
9.344482421875000000e-01 -9.041178232456089647e-01
9.345703125000000000e-01 -9.044179838252353054e-01
9.346923828125000000e-01 -9.047176123590638941e-01
9.348144531250000000e-01 -9.050167086708303943e-01
9.349365234375000000e-01 -9.053152725845848847e-01
9.350585937500000000e-01 -9.056133039246889727e-01
9.351806640625000000e-01 -9.059108025158193467e-01
9.353027343750000000e-01 -9.062077681829646680e-01
9.354248046875000000e-01 -9.065042007514280131e-01
9.355468750000000000e-01 -9.068001000468254302e-01
9.356689453125000000e-01 -9.070954658950876048e-01
9.357910156250000000e-01 -9.073902981224573061e-01
9.359130859375000000e-01 -9.076845965554937168e-01
9.360351562500000000e-01 -9.079783610210676592e-01
9.361572265625000000e-01 -9.082715913463654811e-01
9.362792968750000000e-01 -9.085642873588870572e-01
9.364013671875000000e-01 -9.088564488864471214e-01
9.365234375000000000e-01 -9.091480757571746008e-01
9.366455078125000000e-01 -9.094391677995126155e-01
9.367675781250000000e-01 -9.097297248422193672e-01
9.368896484375000000e-01 -9.100197467143678054e-01
9.370117187500000000e-01 -9.103092332453451840e-01
9.371337890625000000e-01 -9.105981842648543934e-01
9.372558593750000000e-01 -9.108865996029129608e-01
9.373779296875000000e-01 -9.111744790898533841e-01
9.375000000000000000e-01 -9.114618225563233533e-01
9.376220703125000000e-01 -9.117486298332868611e-01
9.377441406250000000e-01 -9.120349007520219820e-01
9.378662109375000000e-01 -9.123206351441230932e-01
9.379882812500000000e-01 -9.126058328414998755e-01
9.381103515625000000e-01 -9.128904936763780897e-01
9.382324218750000000e-01 -9.131746174812989114e-01
9.383544921875000000e-01 -9.134582040891200405e-01
9.384765625000000000e-01 -9.137412533330138142e-01
9.385986328125000000e-01 -9.140237650464706487e-01
9.387207031250000000e-01 -9.143057390632957082e-01
9.388427734375000000e-01 -9.145871752176112368e-01
9.389648437500000000e-01 -9.148680733438548929e-01
9.390869140625000000e-01 -9.151484332767827468e-01
9.392089843750000000e-01 -9.154282548514651729e-01
9.393310546875000000e-01 -9.157075379032909579e-01
9.394531250000000000e-01 -9.159862822679646355e-01
9.395751953125000000e-01 -9.162644877815087074e-01
9.396972656250000000e-01 -9.165421542802612009e-01
9.398193359375000000e-01 -9.168192816008789991e-01
9.399414062500000000e-01 -9.170958695803343996e-01
9.400634765625000000e-01 -9.173719180559183339e-01
9.401855468750000000e-01 -9.176474268652384803e-01
9.403076171875000000e-01 -9.179223958462201516e-01
9.404296875000000000e-01 -9.181968248371057406e-01
9.405517578125000000e-01 -9.184707136764563851e-01
9.406738281250000000e-01 -9.187440622031499693e-01
9.407958984375000000e-01 -9.190168702563829006e-01
9.409179687500000000e-01 -9.192891376756686661e-01
9.410400390625000000e-01 -9.195608643008400529e-01
9.411621093750000000e-01 -9.198320499720465948e-01
9.412841796875000000e-01 -9.201026945297574589e-01
9.414062500000000000e-01 -9.203727978147585587e-01
9.415283203125000000e-01 -9.206423596681558852e-01
9.416503906250000000e-01 -9.209113799313729531e-01
9.417724609375000000e-01 -9.211798584461519113e-01
9.418945312500000000e-01 -9.214477950545536533e-01
9.420166015625000000e-01 -9.217151895989584842e-01
9.421386718750000000e-01 -9.219820419220644547e-01
9.422607421875000000e-01 -9.222483518668899150e-01
9.423828125000000000e-01 -9.225141192767707388e-01
9.425048828125000000e-01 -9.227793439953634325e-01
9.426269531250000000e-01 -9.230440258666426923e-01
9.427490234375000000e-01 -9.233081647349037357e-01
9.428710937500000000e-01 -9.235717604447593043e-01
9.429931640625000000e-01 -9.238348128411442151e-01
9.431152343750000000e-01 -9.240973217693103647e-01
9.432373046875000000e-01 -9.243592870748311707e-01
9.433593750000000000e-01 -9.246207086035989064e-01
9.434814453125000000e-01 -9.248815862018261447e-01
9.436035156250000000e-01 -9.251419197160452024e-01
9.437255859375000000e-01 -9.254017089931089179e-01
9.438476562500000000e-01 -9.256609538801890968e-01
9.439697265625000000e-01 -9.259196542247800643e-01
9.440917968750000000e-01 -9.261778098746936694e-01
9.442138671875000000e-01 -9.264354206780645029e-01
9.443359375000000000e-01 -9.266924864833461228e-01
9.444580078125000000e-01 -9.269490071393137187e-01
9.445800781250000000e-01 -9.272049824950627794e-01
9.447021484375000000e-01 -9.274604124000096483e-01
9.448242187500000000e-01 -9.277152967038913012e-01
9.449462890625000000e-01 -9.279696352567661233e-01
9.450683593750000000e-01 -9.282234279090129103e-01
9.451904296875000000e-01 -9.284766745113323116e-01
9.453125000000000000e-01 -9.287293749147457200e-01
9.454345703125000000e-01 -9.289815289705960488e-01
9.455566406250000000e-01 -9.292331365305477320e-01
9.456787109375000000e-01 -9.294841974465861689e-01
9.458007812500000000e-01 -9.297347115710190568e-01
9.459228515625000000e-01 -9.299846787564752804e-01
9.460449218750000000e-01 -9.302340988559052448e-01
9.461669921875000000e-01 -9.304829717225820973e-01
9.462890625000000000e-01 -9.307312972100998394e-01
9.464111328125000000e-01 -9.309790751723754365e-01
9.465332031250000000e-01 -9.312263054636469306e-01
9.466552734375000000e-01 -9.314729879384758826e-01
9.467773437500000000e-01 -9.317191224517444859e-01
9.468994140625000000e-01 -9.319647088586587858e-01
9.470214843750000000e-01 -9.322097470147461262e-01
9.471435546875000000e-01 -9.324542367758575923e-01
9.472656250000000000e-01 -9.326981779981654563e-01
9.473876953125000000e-01 -9.329415705381658430e-01
9.475097656250000000e-01 -9.331844142526767305e-01
9.476318359375000000e-01 -9.334267089988399491e-01
9.477539062500000000e-01 -9.336684546341191826e-01
9.478759765625000000e-01 -9.339096510163023002e-01
9.479980468750000000e-01 -9.341502980034993575e-01
9.481201171875000000e-01 -9.343903954541438184e-01
9.482421875000000000e-01 -9.346299432269924434e-01
9.483642578125000000e-01 -9.348689411811262895e-01
9.484863281250000000e-01 -9.351073891759479340e-01
9.486083984375000000e-01 -9.353452870711854716e-01
9.487304687500000000e-01 -9.355826347268887400e-01
9.488525390625000000e-01 -9.358194320034329827e-01
9.489746093750000000e-01 -9.360556787615162966e-01
9.490966796875000000e-01 -9.362913748621608523e-01
9.492187500000000000e-01 -9.365265201667121175e-01
9.493408203125000000e-01 -9.367611145368411885e-01
9.494628906250000000e-01 -9.369951578345414589e-01
9.495849609375000000e-01 -9.372286499221316181e-01
9.497070312500000000e-01 -9.374615906622538741e-01
9.498291015625000000e-01 -9.376939799178760637e-01
9.499511718750000000e-01 -9.379258175522886543e-01
9.500732421875000000e-01 -9.381571034291079636e-01
9.501953125000000000e-01 -9.383878374122744948e-01
9.503173828125000000e-01 -9.386180193660533799e-01
9.504394531250000000e-01 -9.388476491550342695e-01
9.505615234375000000e-01 -9.390767266441323313e-01
9.506835937500000000e-01 -9.393052516985863631e-01
9.508056640625000000e-01 -9.395332241839619014e-01
9.509277343750000000e-01 -9.397606439661481126e-01
9.510498046875000000e-01 -9.399875109113599025e-01
9.511718750000000000e-01 -9.402138248861371395e-01
9.512939453125000000e-01 -9.404395857573455419e-01
9.514160156250000000e-01 -9.406647933921753468e-01
9.515380859375000000e-01 -9.408894476581428634e-01
9.516601562500000000e-01 -9.411135484230896964e-01
9.517822265625000000e-01 -9.413370955551838559e-01
9.519042968750000000e-01 -9.415600889229170933e-01
9.520263671875000000e-01 -9.417825283951091198e-01
9.521484375000000000e-01 -9.420044138409038315e-01
9.522705078125000000e-01 -9.422257451297726405e-01
9.523925781250000000e-01 -9.424465221315108110e-01
9.525146484375000000e-01 -9.426667447162422331e-01
9.526367187500000000e-01 -9.428864127544146490e-01
9.527587890625000000e-01 -9.431055261168035386e-01
9.528808593750000000e-01 -9.433240846745100106e-01
9.530029296875000000e-01 -9.435420882989616898e-01
9.531250000000000000e-01 -9.437595368619124958e-01
9.532470703125000000e-01 -9.439764302354433090e-01
9.533691406250000000e-01 -9.441927682919611931e-01
9.534912109375000000e-01 -9.444085509042003945e-01
9.536132812500000000e-01 -9.446237779452207883e-01
9.537353515625000000e-01 -9.448384492884105423e-01
9.538574218750000000e-01 -9.450525648074838969e-01
9.539794921875000000e-01 -9.452661243764821641e-01
9.541015625000000000e-01 -9.454791278697732837e-01
9.542236328125000000e-01 -9.456915751620537103e-01
9.543457031250000000e-01 -9.459034661283451939e-01
9.544677734375000000e-01 -9.461148006439987768e-01
9.545898437500000000e-01 -9.463255785846907964e-01
9.547119140625000000e-01 -9.465357998264267714e-01
9.548339843750000000e-01 -9.467454642455385150e-01
9.549560546875000000e-01 -9.469545717186862444e-01
9.550781250000000000e-01 -9.471631221228569153e-01
9.552001953125000000e-01 -9.473711153353661096e-01
9.553222656250000000e-01 -9.475785512338564809e-01
9.554443359375000000e-01 -9.477854296962991976e-01
9.555664062500000000e-01 -9.479917506009924999e-01
9.556884765625000000e-01 -9.481975138265635872e-01
9.558105468750000000e-01 -9.484027192519671745e-01
9.559326171875000000e-01 -9.486073667564860479e-01
9.560546875000000000e-01 -9.488114562197311752e-01
9.561767578125000000e-01 -9.490149875216424835e-01
9.562988281250000000e-01 -9.492179605424870825e-01
9.564208984375000000e-01 -9.494203751628621513e-01
9.565429687500000000e-01 -9.496222312636913854e-01
9.566650390625000000e-01 -9.498235287262284388e-01
9.567871093750000000e-01 -9.500242674320552583e-01
9.569091796875000000e-01 -9.502244472630826388e-01
9.570312500000000000e-01 -9.504240681015491132e-01
9.571533203125000000e-01 -9.506231298300241717e-01
9.572753906250000000e-01 -9.508216323314038210e-01
9.573974609375000000e-01 -9.510195754889145814e-01
9.575195312500000000e-01 -9.512169591861113771e-01
9.576416015625000000e-01 -9.514137833068789796e-01
9.577636718750000000e-01 -9.516100477354305642e-01
9.578857421875000000e-01 -9.518057523563085986e-01
9.580078125000000000e-01 -9.520008970543852866e-01
9.581298828125000000e-01 -9.521954817148617911e-01
9.582519531250000000e-01 -9.523895062232693443e-01
9.583740234375000000e-01 -9.525829704654684704e-01
9.584960937500000000e-01 -9.527758743276484310e-01
9.586181640625000000e-01 -9.529682176963292228e-01
9.587402343750000000e-01 -9.531600004583606900e-01
9.588623046875000000e-01 -9.533512225009213026e-01
9.589843750000000000e-01 -9.535418837115199331e-01
9.591064453125000000e-01 -9.537319839779963004e-01
9.592285156250000000e-01 -9.539215231885185275e-01
9.593505859375000000e-01 -9.541105012315863609e-01
9.594726562500000000e-01 -9.542989179960278401e-01
9.595947265625000000e-01 -9.544867733710034052e-01
9.597167968750000000e-01 -9.546740672460015675e-01
9.598388671875000000e-01 -9.548607995108430169e-01
9.599609375000000000e-01 -9.550469700556774022e-01
9.600830078125000000e-01 -9.552325787709854410e-01
9.602050781250000000e-01 -9.554176255475783641e-01
9.603271484375000000e-01 -9.556021102765981379e-01
9.604492187500000000e-01 -9.557860328495169089e-01
9.605712890625000000e-01 -9.559693931581380033e-01
9.606933593750000000e-01 -9.561521910945950387e-01
9.608154296875000000e-01 -9.563344265513527009e-01
9.609375000000000000e-01 -9.565160994212066337e-01
9.610595703125000000e-01 -9.566972095972835488e-01
9.611816406250000000e-01 -9.568777569730403387e-01
9.613037109375000000e-01 -9.570577414422666296e-01
9.614257812500000000e-01 -9.572371628990814507e-01
9.615478515625000000e-01 -9.574160212379362322e-01
9.616699218750000000e-01 -9.575943163536129177e-01
9.617919921875000000e-01 -9.577720481412250741e-01
9.619140625000000000e-01 -9.579492164962176703e-01
9.620361328125000000e-01 -9.581258213143676317e-01
9.621582031250000000e-01 -9.583018624917820638e-01
9.622802734375000000e-01 -9.584773399249013615e-01
9.624023437500000000e-01 -9.586522535104956555e-01
9.625244140625000000e-01 -9.588266031456686989e-01
9.626464843750000000e-01 -9.590003887278544248e-01
9.627685546875000000e-01 -9.591736101548201665e-01
9.628906250000000000e-01 -9.593462673246627714e-01
9.630126953125000000e-01 -9.595183601358139303e-01
9.631347656250000000e-01 -9.596898884870349589e-01
9.632568359375000000e-01 -9.598608522774209062e-01
9.633789062500000000e-01 -9.600312514063974456e-01
9.635009765625000000e-01 -9.602010857737235394e-01
9.636230468750000000e-01 -9.603703552794899956e-01
9.637451171875000000e-01 -9.605390598241196898e-01
9.638671875000000000e-01 -9.607071993083681205e-01
9.639892578125000000e-01 -9.608747736333235201e-01
9.641113281250000000e-01 -9.610417827004057445e-01
9.642333984375000000e-01 -9.612082264113682717e-01
9.643554687500000000e-01 -9.613741046682957592e-01
9.644775390625000000e-01 -9.615394173736069305e-01
9.645996093750000000e-01 -9.617041644300524661e-01
9.647216796875000000e-01 -9.618683457407158910e-01
9.648437500000000000e-01 -9.620319612090131312e-01
9.649658203125000000e-01 -9.621950107386940676e-01
9.650878906250000000e-01 -9.623574942338406490e-01
9.652099609375000000e-01 -9.625194115988680021e-01
9.653320312500000000e-01 -9.626807627385239874e-01
9.654541015625000000e-01 -9.628415475578906424e-01
9.655761718750000000e-01 -9.630017659623815174e-01
9.656982421875000000e-01 -9.631614178577450058e-01
9.658203125000000000e-01 -9.633205031500612359e-01
9.659423828125000000e-01 -9.634790217457452899e-01
9.660644531250000000e-01 -9.636369735515442070e-01
9.661865234375000000e-01 -9.637943584745393144e-01
9.663085937500000000e-01 -9.639511764221446732e-01
9.664306640625000000e-01 -9.641074273021088548e-01
9.665527343750000000e-01 -9.642631110225129420e-01
9.666748046875000000e-01 -9.644182274917727504e-01
9.667968750000000000e-01 -9.645727766186370511e-01
9.669189453125000000e-01 -9.647267583121884593e-01
9.670410156250000000e-01 -9.648801724818435455e-01
9.671630859375000000e-01 -9.650330190373529460e-01
9.672851562500000000e-01 -9.651852978888004753e-01
9.674072265625000000e-01 -9.653370089466049020e-01
9.675292968750000000e-01 -9.654881521215180618e-01
9.676513671875000000e-01 -9.656387273246270775e-01
9.677734375000000000e-01 -9.657887344673516949e-01
9.678955078125000000e-01 -9.659381734614469472e-01
9.680175781250000000e-01 -9.660870442190013785e-01
9.681396484375000000e-01 -9.662353466524385981e-01
9.682617187500000000e-01 -9.663830806745156154e-01
9.683837890625000000e-01 -9.665302461983249493e-01
9.685058593750000000e-01 -9.666768431372921855e-01
9.686279296875000000e-01 -9.668228714051788630e-01
9.687500000000000000e-01 -9.669683309160794771e-01
9.688720703125000000e-01 -9.671132215844246982e-01
9.689941406250000000e-01 -9.672575433249788190e-01
9.691162109375000000e-01 -9.674012960528408644e-01
9.692382812500000000e-01 -9.675444796834451466e-01
9.693603515625000000e-01 -9.676870941325603770e-01
9.694824218750000000e-01 -9.678291393162897771e-01
9.696044921875000000e-01 -9.679706151510725221e-01
9.697265625000000000e-01 -9.681115215536809648e-01
9.698486328125000000e-01 -9.682518584412248552e-01
9.699707031250000000e-01 -9.683916257311463438e-01
9.700927734375000000e-01 -9.685308233412247558e-01
9.702148437500000000e-01 -9.686694511895730386e-01
9.703369140625000000e-01 -9.688075091946408701e-01
9.704589843750000000e-01 -9.689449972752115503e-01
9.705810546875000000e-01 -9.690819153504049988e-01
9.707031250000000000e-01 -9.692182633396750902e-01
9.708251953125000000e-01 -9.693540411628124298e-01
9.709472656250000000e-01 -9.694892487399423553e-01
9.710693359375000000e-01 -9.696238859915253805e-01
9.711914062500000000e-01 -9.697579528383578618e-01
9.713134765625000000e-01 -9.698914492015724420e-01
9.714355468750000000e-01 -9.700243750026360523e-01
9.715576171875000000e-01 -9.701567301633517992e-01
9.716796875000000000e-01 -9.702885146058587429e-01
9.718017578125000000e-01 -9.704197282526317858e-01
9.719238281250000000e-01 -9.705503710264805628e-01
9.720458984375000000e-01 -9.706804428505521054e-01
9.721679687500000000e-01 -9.708099436483279554e-01
9.722900390625000000e-01 -9.709388733436264962e-01
9.724121093750000000e-01 -9.710672318606013986e-01
9.725341796875000000e-01 -9.711950191237429530e-01
9.726562500000000000e-01 -9.713222350578766262e-01
9.727783203125000000e-01 -9.714488795881655037e-01
9.729003906250000000e-01 -9.715749526401070701e-01
9.730224609375000000e-01 -9.717004541395363182e-01
9.731445312500000000e-01 -9.718253840126234167e-01
9.732666015625000000e-01 -9.719497421858759312e-01
9.733886718750000000e-01 -9.720735285861366037e-01
9.735107421875000000e-01 -9.721967431405856841e-01
9.736328125000000000e-01 -9.723193857767384873e-01
9.737548828125000000e-01 -9.724414564224479474e-01
9.738769531250000000e-01 -9.725629550059030626e-01
9.739990234375000000e-01 -9.726838814556295620e-01
9.741210937500000000e-01 -9.728042357004889062e-01
9.742431640625000000e-01 -9.729240176696802855e-01
9.743652343750000000e-01 -9.730432272927389548e-01
9.744873046875000000e-01 -9.731618644995368994e-01
9.746093750000000000e-01 -9.732799292202826136e-01
9.747314453125000000e-01 -9.733974213855223212e-01
9.748535156250000000e-01 -9.735143409261379777e-01
9.749755859375000000e-01 -9.736306877733489351e-01
9.750976562500000000e-01 -9.737464618587112763e-01
9.752197265625000000e-01 -9.738616631141183699e-01
9.753417968750000000e-01 -9.739762914717995379e-01
9.754638671875000000e-01 -9.740903468643230534e-01
9.755859375000000000e-01 -9.742038292245918107e-01
9.757080078125000000e-01 -9.743167384858480995e-01
9.758300781250000000e-01 -9.744290745816693855e-01
9.759521484375000000e-01 -9.745408374459721967e-01
9.760742187500000000e-01 -9.746520270130085706e-01
9.761962890625000000e-01 -9.747626432173689404e-01
9.763183593750000000e-01 -9.748726859939802480e-01
9.764404296875000000e-01 -9.749821552781077205e-01
9.765625000000000000e-01 -9.750910510053528713e-01
9.766845703125000000e-01 -9.751993731116556097e-01
9.768066406250000000e-01 -9.753071215332926869e-01
9.769287109375000000e-01 -9.754142962068781397e-01
9.770507812500000000e-01 -9.755208970693642900e-01
9.771728515625000000e-01 -9.756269240580403013e-01
9.772949218750000000e-01 -9.757323771105333998e-01
9.774169921875000000e-01 -9.758372561648085419e-01
9.775390625000000000e-01 -9.759415611591674145e-01
9.776611328125000000e-01 -9.760452920322506554e-01
9.777832031250000000e-01 -9.761484487230356333e-01
9.779052734375000000e-01 -9.762510311708384458e-01
9.780273437500000000e-01 -9.763530393153119213e-01
9.781494140625000000e-01 -9.764544730964477282e-01
9.782714843750000000e-01 -9.765553324545745983e-01
9.783935546875000000e-01 -9.766556173303599930e-01
9.785156250000000000e-01 -9.767553276648083260e-01
9.786376953125000000e-01 -9.768544633992636284e-01
9.787597656250000000e-01 -9.769530244754056625e-01
9.788818359375000000e-01 -9.770510108352543632e-01
9.790039062500000000e-01 -9.771484224211661740e-01
9.791259765625000000e-01 -9.772452591758372664e-01
9.792480468750000000e-01 -9.773415210423002097e-01
9.793701171875000000e-01 -9.774372079639270794e-01
9.794921875000000000e-01 -9.775323198844274586e-01
9.796142578125000000e-01 -9.776268567478497706e-01
9.797363281250000000e-01 -9.777208184985803907e-01
9.798583984375000000e-01 -9.778142050813437569e-01
9.799804687500000000e-01 -9.779070164412030364e-01
9.801025390625000000e-01 -9.779992525235599032e-01
9.802246093750000000e-01 -9.780909132741540946e-01
9.803466796875000000e-01 -9.781819986390641875e-01
9.804687500000000000e-01 -9.782725085647060448e-01
9.805908203125000000e-01 -9.783624429978367010e-01
9.807128906250000000e-01 -9.784518018855484778e-01
9.808349609375000000e-01 -9.785405851752746464e-01
9.809570312500000000e-01 -9.786287928147859860e-01
9.810791015625000000e-01 -9.787164247521925597e-01
9.812011718750000000e-01 -9.788034809359424937e-01
9.813232421875000000e-01 -9.788899613148229761e-01
9.814453125000000000e-01 -9.789758658379594802e-01
9.815673828125000000e-01 -9.790611944548170964e-01
9.816894531250000000e-01 -9.791459471151987559e-01
9.818115234375000000e-01 -9.792301237692472293e-01
9.819335937500000000e-01 -9.793137243674430170e-01
9.820556640625000000e-01 -9.793967488606062366e-01
9.821777343750000000e-01 -9.794791971998956237e-01
9.822998046875000000e-01 -9.795610693368090871e-01
9.824218750000000000e-01 -9.796423652231831536e-01
9.825439453125000000e-01 -9.797230848111939672e-01
9.826660156250000000e-01 -9.798032280533557348e-01
9.827880859375000000e-01 -9.798827949025229467e-01
9.829101562500000000e-01 -9.799617853118877120e-01
9.830322265625000000e-01 -9.800401992349824232e-01
9.831542968750000000e-01 -9.801180366256779797e-01
9.832763671875000000e-01 -9.801952974381850092e-01
9.833984375000000000e-01 -9.802719816270525355e-01
9.835205078125000000e-01 -9.803480891471697545e-01
9.836425781250000000e-01 -9.804236199537639251e-01
9.837646484375000000e-01 -9.804985740024025898e-01
9.838867187500000000e-01 -9.805729512489921307e-01
9.840087890625000000e-01 -9.806467516497784365e-01
9.841308593750000000e-01 -9.807199751613465688e-01
9.842529296875000000e-01 -9.807926217406209846e-01
9.843750000000000000e-01 -9.808646913448653137e-01
9.844970703125000000e-01 -9.809361839316838028e-01
9.846191406250000000e-01 -9.810070994590180948e-01
9.847412109375000000e-01 -9.810774378851511157e-01
9.848632812500000000e-01 -9.811471991687041871e-01
9.849853515625000000e-01 -9.812163832686386922e-01
9.851074218750000000e-01 -9.812849901442554090e-01
9.852294921875000000e-01 -9.813530197551947332e-01
9.853515625000000000e-01 -9.814204720614363442e-01
9.854736328125000000e-01 -9.814873470233003161e-01
9.855957031250000000e-01 -9.815536446014452299e-01
9.857177734375000000e-01 -9.816193647568705050e-01
9.858398437500000000e-01 -9.816845074509139568e-01
9.859619140625000000e-01 -9.817490726452544614e-01
9.860839843750000000e-01 -9.818130603019096236e-01
9.862060546875000000e-01 -9.818764703832375540e-01
9.863281250000000000e-01 -9.819393028519350919e-01
9.864501953125000000e-01 -9.820015576710401373e-01
9.865722656250000000e-01 -9.820632348039293191e-01
9.866943359375000000e-01 -9.821243342143199939e-01
9.868164062500000000e-01 -9.821848558662685802e-01
9.869384765625000000e-01 -9.822447997241720019e-01
9.870605468750000000e-01 -9.823041657527666892e-01
9.871826171875000000e-01 -9.823629539171292446e-01
9.873046875000000000e-01 -9.824211641826758878e-01
9.874267578125000000e-01 -9.824787965151633440e-01
9.875488281250000000e-01 -9.825358508806876223e-01
9.876708984375000000e-01 -9.825923272456854596e-01
9.877929687500000000e-01 -9.826482255769330987e-01
9.879150390625000000e-01 -9.827035458415470659e-01
9.880371093750000000e-01 -9.827582880069837268e-01
9.881591796875000000e-01 -9.828124520410398413e-01
9.882812500000000000e-01 -9.828660379118516754e-01
9.884033203125000000e-01 -9.829190455878968891e-01
9.885253906250000000e-01 -9.829714750379916488e-01
9.886474609375000000e-01 -9.830233262312935150e-01
9.887695312500000000e-01 -9.830745991372994430e-01
9.888916015625000000e-01 -9.831252937258473379e-01
9.890136718750000000e-01 -9.831754099671144997e-01
9.891357421875000000e-01 -9.832249478316189562e-01
9.892578125000000000e-01 -9.832739072902186850e-01
9.893798828125000000e-01 -9.833222883141122805e-01
9.895019531250000000e-01 -9.833700908748383984e-01
9.896240234375000000e-01 -9.834173149442761996e-01
9.897460937500000000e-01 -9.834639604946445735e-01
9.898681640625000000e-01 -9.835100274985034696e-01
9.899902343750000000e-01 -9.835555159287527882e-01
9.901123046875000000e-01 -9.836004257586328237e-01
9.902343750000000000e-01 -9.836447569617244868e-01
9.903564453125000000e-01 -9.836885095119485278e-01
9.904785156250000000e-01 -9.837316833835665353e-01
9.906005859375000000e-01 -9.837742785511806032e-01
9.907226562500000000e-01 -9.838162949897327758e-01
9.908447265625000000e-01 -9.838577326745066021e-01
9.909667968750000000e-01 -9.838985915811243599e-01
9.910888671875000000e-01 -9.839388716855506090e-01
9.912109375000000000e-01 -9.839785729640888601e-01
9.913330078125000000e-01 -9.840176953933845727e-01
9.914550781250000000e-01 -9.840562389504227125e-01
9.915771484375000000e-01 -9.840942036125291947e-01
9.916992187500000000e-01 -9.841315893573702178e-01
9.918212890625000000e-01 -9.841683961629529298e-01
9.919433593750000000e-01 -9.842046240076245400e-01
9.920654296875000000e-01 -9.842402728700738734e-01
9.921875000000000000e-01 -9.842753427293282620e-01
9.923095703125000000e-01 -9.843098335647582076e-01
9.924316406250000000e-01 -9.843437453560733852e-01
9.925537109375000000e-01 -9.843770780833240863e-01
9.926757812500000000e-01 -9.844098317269015519e-01
9.927978515625000000e-01 -9.844420062675380834e-01
9.929199218750000000e-01 -9.844736016863057104e-01
9.930419921875000000e-01 -9.845046179646180784e-01
9.931640625000000000e-01 -9.845350550842285609e-01
9.932861328125000000e-01 -9.845649130272323690e-01
9.934082031250000000e-01 -9.845941917760644424e-01
9.935302734375000000e-01 -9.846228913135013361e-01
9.936523437500000000e-01 -9.846510116226590004e-01
9.937744140625000000e-01 -9.846785526869961114e-01
9.938964843750000000e-01 -9.847055144903100743e-01
9.940185546875000000e-01 -9.847318970167402430e-01
9.941406250000000000e-01 -9.847577002507662547e-01
9.942626953125000000e-01 -9.847829241772093622e-01
9.943847656250000000e-01 -9.848075687812301027e-01
9.945068359375000000e-01 -9.848316340483315168e-01
9.946289062500000000e-01 -9.848551199643560405e-01
9.947509765625000000e-01 -9.848780265154880587e-01
9.948730468750000000e-01 -9.849003536882515730e-01
9.949951171875000000e-01 -9.849221014695125342e-01
9.951171875000000000e-01 -9.849432698464769542e-01
9.952392578125000000e-01 -9.849638588066925715e-01
9.953613281250000000e-01 -9.849838683380468529e-01
9.954833984375000000e-01 -9.850032984287692139e-01
9.956054687500000000e-01 -9.850221490674287983e-01
9.957275390625000000e-01 -9.850404202429368095e-01
9.958496093750000000e-01 -9.850581119445447342e-01
9.959716796875000000e-01 -9.850752241618446758e-01
9.960937500000000000e-01 -9.850917568847702421e-01
9.962158203125000000e-01 -9.851077101035954353e-01
9.963378906250000000e-01 -9.851230838089356512e-01
9.964599609375000000e-01 -9.851378779917469020e-01
9.965820312500000000e-01 -9.851520926433257053e-01
9.967041015625000000e-01 -9.851657277553108605e-01
9.968261718750000000e-01 -9.851787833196801181e-01
9.969482421875000000e-01 -9.851912593287539543e-01
9.970703125000000000e-01 -9.852031557751926849e-01
9.971923828125000000e-01 -9.852144726519982409e-01
9.973144531250000000e-01 -9.852252099525130591e-01
9.974365234375000000e-01 -9.852353676704205254e-01
9.975585937500000000e-01 -9.852449457997450866e-01
9.976806640625000000e-01 -9.852539443348524717e-01
9.978027343750000000e-01 -9.852623632704490264e-01
9.979248046875000000e-01 -9.852702026015819348e-01
9.980468750000000000e-01 -9.852774623236394413e-01
9.981689453125000000e-01 -9.852841424323510733e-01
9.982910156250000000e-01 -9.852902429237869741e-01
9.984130859375000000e-01 -9.852957637943586811e-01
9.985351562500000000e-01 -9.853007050408176815e-01
9.986572265625000000e-01 -9.853050666602580776e-01
9.987792968750000000e-01 -9.853088486501131449e-01
9.989013671875000000e-01 -9.853120510081588845e-01
9.990234375000000000e-01 -9.853146737325109150e-01
9.991455078125000000e-01 -9.853167168216263594e-01
9.992675781250000000e-01 -9.853181802743034012e-01
9.993896484375000000e-01 -9.853190640896812846e-01
9.995117187500000000e-01 -9.853193682672396481e-01
9.996337890625000000e-01 -9.853190928068003007e-01
9.997558593750000000e-01 -9.853182377085244470e-01
9.998779296875000000e-01 -9.853168029729159061e-01
