# x u(x,t)
0.000000000000000000e+00 -8.539737799065728885e-03
1.220703125000000000e-04 -9.141627608894614676e-03
2.441406250000000000e-04 -9.743512040939551408e-03
3.662109375000000000e-04 -1.034539074112692317e-02
4.882812500000000000e-04 -1.094726335538780994e-02
6.103515625000000000e-04 -1.154912952965585042e-02
7.324218750000000000e-04 -1.215098890986857604e-02
8.544921875000000000e-04 -1.275284114196741959e-02
9.765625000000000000e-04 -1.335468587189842481e-02
1.098632812500000000e-03 -1.395652274561147606e-02
1.220703125000000000e-03 -1.455835140906222916e-02
1.342773437500000000e-03 -1.516017150820979376e-02
1.464843750000000000e-03 -1.576198268901917235e-02
1.586914062500000000e-03 -1.636378459746009456e-02
1.708984375000000000e-03 -1.696557687950797991e-02
1.831054687500000000e-03 -1.756735918114430903e-02
1.953125000000000000e-03 -1.816913114835582918e-02
2.075195312500000000e-03 -1.877089242713564365e-02
2.197265625000000000e-03 -1.937264266348315625e-02
2.319335937500000000e-03 -1.997438150340401924e-02
2.441406250000000000e-03 -2.057610859291042135e-02
2.563476562500000000e-03 -2.117782357802276000e-02
2.685546875000000000e-03 -2.177952610476721271e-02
2.807617187500000000e-03 -2.238121581917757244e-02
2.929687500000000000e-03 -2.298289236729508106e-02
3.051757812500000000e-03 -2.358455539516889424e-02
3.173828125000000000e-03 -2.418620454885688290e-02
3.295898437500000000e-03 -2.478783947442372501e-02
3.417968750000000000e-03 -2.538945981794339668e-02
3.540039062500000000e-03 -2.599106522549787107e-02
3.662109375000000000e-03 -2.659265534317857213e-02
3.784179687500000000e-03 -2.719422981708465720e-02
3.906250000000000000e-03 -2.779578829332623319e-02
4.028320312500000000e-03 -2.839733041802189328e-02
4.150390625000000000e-03 -2.899885583729976818e-02
4.272460937500000000e-03 -2.960036419729776200e-02
4.394531250000000000e-03 -3.020185514416378822e-02
4.516601562500000000e-03 -3.080332832405704643e-02
4.638671875000000000e-03 -3.140478338314588863e-02
4.760742187500000000e-03 -3.200621996760971005e-02
4.882812500000000000e-03 -3.260763772363883817e-02
5.004882812500000000e-03 -3.320903629743492819e-02
5.126953125000000000e-03 -3.381041533521022407e-02
5.249023437500000000e-03 -3.441177448318964716e-02
5.371093750000000000e-03 -3.501311338760879077e-02
5.493164062500000000e-03 -3.561443169471527337e-02
5.615234375000000000e-03 -3.621572905076934912e-02
5.737304687500000000e-03 -3.681700510204262422e-02
5.859375000000000000e-03 -3.741825949482070757e-02
5.981445312500000000e-03 -3.801949187540081682e-02
6.103515625000000000e-03 -3.862070189009354088e-02
6.225585937500000000e-03 -3.922188918522215989e-02
6.347656250000000000e-03 -3.982305340712398445e-02
6.469726562500000000e-03 -4.042419420214921066e-02
6.591796875000000000e-03 -4.102531121666287001e-02
6.713867187500000000e-03 -4.162640409704295580e-02
6.835937500000000000e-03 -4.222747248968183875e-02
6.958007812500000000e-03 -4.282851604098664861e-02
7.080078125000000000e-03 -4.342953439737855942e-02
7.202148437500000000e-03 -4.403052720529486430e-02
7.324218750000000000e-03 -4.463149411118638027e-02
7.446289062500000000e-03 -4.523243476151963399e-02
7.568359375000000000e-03 -4.583334880277710466e-02
7.690429687500000000e-03 -4.643423588145621783e-02
7.812500000000000000e-03 -4.703509564407040711e-02
7.934570312500000000e-03 -4.763592773714998146e-02
8.056640625000000000e-03 -4.823673180724066811e-02
8.178710937500000000e-03 -4.883750750090466719e-02
8.300781250000000000e-03 -4.943825446472134566e-02
8.422851562500000000e-03 -5.003897234528645321e-02
8.544921875000000000e-03 -5.063966078921368352e-02
8.666992187500000000e-03 -5.124031944313303666e-02
8.789062500000000000e-03 -5.184094795369257463e-02
8.911132812500000000e-03 -5.244154596755822711e-02
9.033203125000000000e-03 -5.304211313141368733e-02
9.155273437500000000e-03 -5.364264909195996800e-02
9.277343750000000000e-03 -5.424315349591834340e-02
9.399414062500000000e-03 -5.484362599002701871e-02
9.521484375000000000e-03 -5.544406622104354476e-02
9.643554687500000000e-03 -5.604447383574436697e-02
9.765625000000000000e-03 -5.664484848092483232e-02
9.887695312500000000e-03 -5.724518980340070895e-02
1.000976562500000000e-02 -5.784549745000639592e-02
1.013183593750000000e-02 -5.844577106759614449e-02
1.025390625000000000e-02 -5.904601030304465481e-02
1.037597656250000000e-02 -5.964621480324665270e-02
1.049804687500000000e-02 -6.024638421511695902e-02
1.062011718750000000e-02 -6.084651818559190517e-02
1.074218750000000000e-02 -6.144661636162770252e-02
1.086425781250000000e-02 -6.204667839020235054e-02
1.098632812500000000e-02 -6.264670391831479723e-02
1.110839843750000000e-02 -6.324669259298502932e-02
1.123046875000000000e-02 -6.384664406125585556e-02
1.135253906250000000e-02 -6.444655797019084587e-02
1.147460937500000000e-02 -6.504643396687644075e-02
1.159667968750000000e-02 -6.564627169842056353e-02
1.171875000000000000e-02 -6.624607081195436897e-02
1.184082031250000000e-02 -6.684583095463128566e-02
1.196289062500000000e-02 -6.744555177362851484e-02
1.208496093750000000e-02 -6.804523291614521241e-02
1.220703125000000000e-02 -6.864487402940450123e-02
1.232910156250000000e-02 -6.924447476065309637e-02
1.245117187500000000e-02 -6.984403475716095822e-02
1.257324218750000000e-02 -7.044355366622291614e-02
1.269531250000000000e-02 -7.104303113515704482e-02
1.281738281250000000e-02 -7.164246681130649608e-02
1.293945312500000000e-02 -7.224186034203855522e-02
1.306152343750000000e-02 -7.284121137474540431e-02
1.318359375000000000e-02 -7.344051955684402500e-02
1.330566406250000000e-02 -7.403978453577741980e-02
1.342773437500000000e-02 -7.463900595901326596e-02
1.354980468750000000e-02 -7.523818347404487294e-02
1.367187500000000000e-02 -7.583731672839165439e-02
1.379394531250000000e-02 -7.643640536959848963e-02
1.391601562500000000e-02 -7.703544904523783321e-02
1.403808593750000000e-02 -7.763444740290713353e-02
1.416015625000000000e-02 -7.823340009023120600e-02
1.428222656250000000e-02 -7.883230675486185834e-02
1.440429687500000000e-02 -7.943116704447739096e-02
1.452636718750000000e-02 -8.002998060678367942e-02
1.464843750000000000e-02 -8.062874708951445202e-02
1.477050781250000000e-02 -8.122746614043055424e-02
1.489257812500000000e-02 -8.182613740732119778e-02
1.501464843750000000e-02 -8.242476053800366909e-02
1.513671875000000000e-02 -8.302333518032263548e-02
1.525878906250000000e-02 -8.362186098215269869e-02
1.538085937500000000e-02 -8.422033759139672948e-02
1.550292968750000000e-02 -8.481876465598585380e-02
1.562500000000000000e-02 -8.541714182388107646e-02
1.574707031250000000e-02 -8.601546874307246238e-02
1.586914062500000000e-02 -8.661374506157948350e-02
1.599121093750000000e-02 -8.721197042745208738e-02
1.611328125000000000e-02 -8.781014448876947598e-02
1.623535156250000000e-02 -8.840826689364132684e-02
1.635742187500000000e-02 -8.900633729020751561e-02
1.647949218750000000e-02 -8.960435532663828251e-02
1.660156250000000000e-02 -9.020232065113571729e-02
1.672363281250000000e-02 -9.080023291193199675e-02
1.684570312500000000e-02 -9.139809175729068924e-02
1.696777343750000000e-02 -9.199589683550679631e-02
1.708984375000000000e-02 -9.259364779490705799e-02
1.721191406250000000e-02 -9.319134428384953650e-02
1.733398437500000000e-02 -9.378898595072557298e-02
1.745605468750000000e-02 -9.438657244395759482e-02
1.757812500000000000e-02 -9.498410341200076712e-02
1.770019531250000000e-02 -9.558157850334324246e-02
1.782226562500000000e-02 -9.617899736650530051e-02
1.794433593750000000e-02 -9.677635965004162399e-02
1.806640625000000000e-02 -9.737366500253878676e-02
1.818847656250000000e-02 -9.797091307261771020e-02
1.831054687500000000e-02 -9.856810350893271955e-02
1.843261718750000000e-02 -9.916523596017200182e-02
1.855468750000000000e-02 -9.976231007505724502e-02
1.867675781250000000e-02 -1.003593255023463998e-01
1.879882812500000000e-02 -1.009562818908300436e-01
1.892089843750000000e-02 -1.015531788893341142e-01
1.904296875000000000e-02 -1.021500161467195217e-01
1.916503906250000000e-02 -1.027467933118818150e-01
1.928710937500000000e-02 -1.033435100337534301e-01
1.940917968750000000e-02 -1.039401659613003875e-01
1.953125000000000000e-02 -1.045367607435256779e-01
1.965332031250000000e-02 -1.051332940294681106e-01
1.977539062500000000e-02 -1.057297654682022303e-01
1.989746093750000000e-02 -1.063261747088390663e-01
2.001953125000000000e-02 -1.069225214005271318e-01
2.014160156250000000e-02 -1.075188051924507726e-01
2.026367187500000000e-02 -1.081150257338314713e-01
2.038574218750000000e-02 -1.087111826739279030e-01
2.050781250000000000e-02 -1.093072756620360880e-01
2.062988281250000000e-02 -1.099033043474907240e-01
2.075195312500000000e-02 -1.104992683796628961e-01
2.087402343750000000e-02 -1.110951674079625195e-01
2.099609375000000000e-02 -1.116910010818374516e-01
2.111816406250000000e-02 -1.122867690507740879e-01
2.124023437500000000e-02 -1.128824709642971408e-01
2.136230468750000000e-02 -1.134781064719712490e-01
2.148437500000000000e-02 -1.140736752233989515e-01
2.160644531250000000e-02 -1.146691768682226581e-01
2.172851562500000000e-02 -1.152646110561240805e-01
2.185058593750000000e-02 -1.158599774368239271e-01
2.197265625000000000e-02 -1.164552756600845118e-01
2.209472656250000000e-02 -1.170505053757069924e-01
2.221679687500000000e-02 -1.176456662335329667e-01
2.233886718750000000e-02 -1.182407578834444722e-01
2.246093750000000000e-02 -1.188357799753644306e-01
2.258300781250000000e-02 -1.194307321592564253e-01
2.270507812500000000e-02 -1.200256140851261588e-01
2.282714843750000000e-02 -1.206204254030196765e-01
2.294921875000000000e-02 -1.212151657630244905e-01
2.307128906250000000e-02 -1.218098348152701627e-01
2.319335937500000000e-02 -1.224044322099282489e-01
2.331542968750000000e-02 -1.229989575972128685e-01
2.343750000000000000e-02 -1.235934106273796212e-01
2.355957031250000000e-02 -1.241877909507271976e-01
2.368164062500000000e-02 -1.247820982175972260e-01
2.380371093750000000e-02 -1.253763320783735369e-01
2.392578125000000000e-02 -1.259704921834837177e-01
2.404785156250000000e-02 -1.265645781833993622e-01
2.416992187500000000e-02 -1.271585897286345301e-01
2.429199218750000000e-02 -1.277525264697473850e-01
2.441406250000000000e-02 -1.283463880573402771e-01
2.453613281250000000e-02 -1.289401741420597436e-01
2.465820312500000000e-02 -1.295338843745970636e-01
2.478027343750000000e-02 -1.301275184056876200e-01
2.490234375000000000e-02 -1.307210758861117594e-01
2.502441406250000000e-02 -1.313145564666948761e-01
2.514648437500000000e-02 -1.319079597983078000e-01
2.526855468750000000e-02 -1.325012855318659644e-01
2.539062500000000000e-02 -1.330945333183320700e-01
2.551269531250000000e-02 -1.336877028087132546e-01
2.563476562500000000e-02 -1.342807936540635350e-01
2.575683593750000000e-02 -1.348738055054823914e-01
2.587890625000000000e-02 -1.354667380141160449e-01
2.600097656250000000e-02 -1.360595908311583169e-01
2.612304687500000000e-02 -1.366523636078489923e-01
2.624511718750000000e-02 -1.372450559954747906e-01
2.636718750000000000e-02 -1.378376676453700322e-01
2.648925781250000000e-02 -1.384301982089168603e-01
2.661132812500000000e-02 -1.390226473375443250e-01
2.673339843750000000e-02 -1.396150146827304372e-01
2.685546875000000000e-02 -1.402072998960007533e-01
2.697753906250000000e-02 -1.407995026289285967e-01
2.709960937500000000e-02 -1.413916225331370569e-01
2.722167968750000000e-02 -1.419836592602960745e-01
2.734375000000000000e-02 -1.425756124621268828e-01
2.746582031250000000e-02 -1.431674817903984820e-01
2.758789062500000000e-02 -1.437592668969290832e-01
2.770996093750000000e-02 -1.443509674335867743e-01
2.783203125000000000e-02 -1.449425830522895475e-01
2.795410156250000000e-02 -1.455341134050046614e-01
2.807617187500000000e-02 -1.461255581437509443e-01
2.819824218750000000e-02 -1.467169169205961576e-01
2.832031250000000000e-02 -1.473081893876590776e-01
2.844238281250000000e-02 -1.478993751971096060e-01
2.856445312500000000e-02 -1.484904740011678548e-01
2.868652343750000000e-02 -1.490814854521064214e-01
2.880859375000000000e-02 -1.496724092022482244e-01
2.893066406250000000e-02 -1.502632449039676410e-01
2.905273437500000000e-02 -1.508539922096918118e-01
2.917480468750000000e-02 -1.514446507718988089e-01
2.929687500000000000e-02 -1.520352202431193567e-01
2.941894531250000000e-02 -1.526257002759372761e-01
2.954101562500000000e-02 -1.532160905229882353e-01
2.966308593750000000e-02 -1.538063906369603606e-01
2.978515625000000000e-02 -1.543966002705956519e-01
2.990722656250000000e-02 -1.549867190766888447e-01
3.002929687500000000e-02 -1.555767467080885480e-01
3.015136718750000000e-02 -1.561666828176966060e-01
3.027343750000000000e-02 -1.567565270584685422e-01
3.039550781250000000e-02 -1.573462790834142810e-01
3.051757812500000000e-02 -1.579359385455980924e-01
3.063964843750000000e-02 -1.585255050981382308e-01
3.076171875000000000e-02 -1.591149783942082396e-01
3.088378906250000000e-02 -1.597043580870357860e-01
3.100585937500000000e-02 -1.602936438299044641e-01
3.112792968750000000e-02 -1.608828352761522140e-01
3.125000000000000000e-02 -1.614719320791728752e-01
3.137207031250000000e-02 -1.620609338924159926e-01
3.149414062500000000e-02 -1.626498403693873995e-01
3.161621093750000000e-02 -1.632386511636482740e-01
3.173828125000000000e-02 -1.638273659288163875e-01
3.186035156250000000e-02 -1.644159843185662162e-01
3.198242187500000000e-02 -1.650045059866281083e-01
3.210449218750000000e-02 -1.655929305867906709e-01
3.222656250000000000e-02 -1.661812577728985496e-01
3.234863281250000000e-02 -1.667694871988541772e-01
3.247070312500000000e-02 -1.673576185186171628e-01
3.259277343750000000e-02 -1.679456513862049583e-01
3.271484375000000000e-02 -1.685335854556929136e-01
3.283691406250000000e-02 -1.691214203812148598e-01
3.295898437500000000e-02 -1.697091558169626369e-01
3.308105468750000000e-02 -1.702967914171865105e-01
3.320312500000000000e-02 -1.708843268361954493e-01
3.332519531250000000e-02 -1.714717617283575413e-01
3.344726562500000000e-02 -1.720590957481002714e-01
3.356933593750000000e-02 -1.726463285499100497e-01
3.369140625000000000e-02 -1.732334597883327110e-01
3.381347656250000000e-02 -1.738204891179743750e-01
3.393554687500000000e-02 -1.744074161935008083e-01
3.405761718750000000e-02 -1.749942406696373687e-01
3.417968750000000000e-02 -1.755809622011709203e-01
3.430175781250000000e-02 -1.761675804429483350e-01
3.442382812500000000e-02 -1.767540950498770469e-01
3.454589843750000000e-02 -1.773405056769255250e-01
3.466796875000000000e-02 -1.779268119791233005e-01
3.479003906250000000e-02 -1.785130136115620492e-01
3.491210937500000000e-02 -1.790991102293943427e-01
3.503417968750000000e-02 -1.796851014878343700e-01
3.515625000000000000e-02 -1.802709870421584648e-01
3.527832031250000000e-02 -1.808567665477057163e-01
3.540039062500000000e-02 -1.814424396598764699e-01
3.552246093750000000e-02 -1.820280060341351591e-01
3.564453125000000000e-02 -1.826134653260075846e-01
3.576660156250000000e-02 -1.831988171910834684e-01
3.588867187500000000e-02 -1.837840612850152044e-01
3.601074218750000000e-02 -1.843691972635184140e-01
3.613281250000000000e-02 -1.849542247823731944e-01
3.625488281250000000e-02 -1.855391434974229814e-01
3.637695312500000000e-02 -1.861239530645748819e-01
3.649902343750000000e-02 -1.867086531398006177e-01
3.662109375000000000e-02 -1.872932433791361373e-01
3.674316406250000000e-02 -1.878777234386816986e-01
3.686523437500000000e-02 -1.884620929746035622e-01
3.698730468750000000e-02 -1.890463516431316604e-01
3.710937500000000000e-02 -1.896304991005617335e-01
3.723144531250000000e-02 -1.902145350032549420e-01
3.735351562500000000e-02 -1.907984590076378661e-01
3.747558593750000000e-02 -1.913822707702031722e-01
3.759765625000000000e-02 -1.919659699475095294e-01
3.771972656250000000e-02 -1.925495561961817759e-01
3.784179687500000000e-02 -1.931330291729109194e-01
3.796386718750000000e-02 -1.937163885344551917e-01
3.808593750000000000e-02 -1.942996339376383830e-01
3.820800781250000000e-02 -1.948827650393535060e-01
3.833007812500000000e-02 -1.954657814965589935e-01
3.845214843750000000e-02 -1.960486829662813901e-01
3.857421875000000000e-02 -1.966314691056145203e-01
3.869628906250000000e-02 -1.972141395717201262e-01
3.881835937500000000e-02 -1.977966940218289504e-01
3.894042968750000000e-02 -1.983791321132387653e-01
3.906250000000000000e-02 -1.989614535033162601e-01
3.918457031250000000e-02 -1.995436578494968471e-01
3.930664062500000000e-02 -2.001257448092846891e-01
3.942871093750000000e-02 -2.007077140402525883e-01
3.955078125000000000e-02 -2.012895652000437352e-01
3.967285156250000000e-02 -2.018712979463698209e-01
3.979492187500000000e-02 -2.024529119370125918e-01
3.991699218750000000e-02 -2.030344068298231552e-01
4.003906250000000000e-02 -2.036157822827228125e-01
4.016113281250000000e-02 -2.041970379537042801e-01
4.028320312500000000e-02 -2.047781735008294413e-01
4.040527343750000000e-02 -2.053591885822309560e-01
4.052734375000000000e-02 -2.059400828561129271e-01
4.064941406250000000e-02 -2.065208559807501509e-01
4.077148437500000000e-02 -2.071015076144881450e-01
4.089355468750000000e-02 -2.076820374157455351e-01
4.101562500000000000e-02 -2.082624450430109742e-01
4.113769531250000000e-02 -2.088427301548458903e-01
4.125976562500000000e-02 -2.094228924098832656e-01
4.138183593750000000e-02 -2.100029314668285518e-01
4.150390625000000000e-02 -2.105828469844599760e-01
4.162597656250000000e-02 -2.111626386216282070e-01
4.174804687500000000e-02 -2.117423060372567167e-01
4.187011718750000000e-02 -2.123218488903419465e-01
4.199218750000000000e-02 -2.129012668399535846e-01
4.211425781250000000e-02 -2.134805595452350380e-01
4.223632812500000000e-02 -2.140597266654039044e-01
4.235839843750000000e-02 -2.146387678597506676e-01
4.248046875000000000e-02 -2.152176827876404186e-01
4.260253906250000000e-02 -2.157964711085123277e-01
4.272460937500000000e-02 -2.163751324818799504e-01
4.284667968750000000e-02 -2.169536665673318931e-01
4.296875000000000000e-02 -2.175320730245315914e-01
4.309082031250000000e-02 -2.181103515132173654e-01
4.321289062500000000e-02 -2.186885016932029746e-01
4.333496093750000000e-02 -2.192665232243773132e-01
4.345703125000000000e-02 -2.198444157667048815e-01
4.357910156250000000e-02 -2.204221789802273401e-01
4.370117187500000000e-02 -2.209998125250609013e-01
4.382324218750000000e-02 -2.215773160613987991e-01
4.394531250000000000e-02 -2.221546892495101788e-01
4.406738281250000000e-02 -2.227319317497414575e-01
4.418945312500000000e-02 -2.233090432225161293e-01
4.431152343750000000e-02 -2.238860233283340717e-01
4.443359375000000000e-02 -2.244628717277728225e-01
4.455566406250000000e-02 -2.250395880814872740e-01
4.467773437500000000e-02 -2.256161720502102286e-01
4.479980468750000000e-02 -2.261926232947516491e-01
4.492187500000000000e-02 -2.267689414760006850e-01
4.504394531250000000e-02 -2.273451262549240626e-01
4.516601562500000000e-02 -2.279211772925673063e-01
4.528808593750000000e-02 -2.284970942500539337e-01
4.541015625000000000e-02 -2.290728767885867878e-01
4.553222656250000000e-02 -2.296485245694486754e-01
4.565429687500000000e-02 -2.302240372540002578e-01
4.577636718750000000e-02 -2.307994145036823819e-01
4.589843750000000000e-02 -2.313746559800152203e-01
4.602050781250000000e-02 -2.319497613445992701e-01
4.614257812500000000e-02 -2.325247302591142984e-01
4.626464843750000000e-02 -2.330995623853220899e-01
4.638671875000000000e-02 -2.336742573850626448e-01
4.650878906250000000e-02 -2.342488149202580916e-01
4.663085937500000000e-02 -2.348232346529111059e-01
4.675292968750000000e-02 -2.353975162451049652e-01
4.687500000000000000e-02 -2.359716593590051037e-01
4.699707031250000000e-02 -2.365456636568578075e-01
4.711914062500000000e-02 -2.371195288009911029e-01
4.724121093750000000e-02 -2.376932544538147840e-01
4.736328125000000000e-02 -2.382668402778207462e-01
4.748535156250000000e-02 -2.388402859355835406e-01
4.760742187500000000e-02 -2.394135910897596808e-01
4.772949218750000000e-02 -2.399867554030885031e-01
4.785156250000000000e-02 -2.405597785383921938e-01
4.797363281250000000e-02 -2.411326601585763174e-01
4.809570312500000000e-02 -2.417053999266286501e-01
4.821777343750000000e-02 -2.422779975056220114e-01
4.833984375000000000e-02 -2.428504525587114604e-01
4.846191406250000000e-02 -2.434227647491366275e-01
4.858398437500000000e-02 -2.439949337402209928e-01
4.870605468750000000e-02 -2.445669591953722466e-01
4.882812500000000000e-02 -2.451388407780821233e-01
4.895019531250000000e-02 -2.457105781519280940e-01
4.907226562500000000e-02 -2.462821709805717019e-01
4.919433593750000000e-02 -2.468536189277594217e-01
4.931640625000000000e-02 -2.474249216573230770e-01
4.943847656250000000e-02 -2.479960788331798116e-01
4.956054687500000000e-02 -2.485670901193332838e-01
4.968261718750000000e-02 -2.491379551798719727e-01
4.980468750000000000e-02 -2.497086736789697892e-01
4.992675781250000000e-02 -2.502792452808891288e-01
5.004882812500000000e-02 -2.508496696499766809e-01
5.017089843750000000e-02 -2.514199464506662318e-01
5.029296875000000000e-02 -2.519900753474792476e-01
5.041503906250000000e-02 -2.525600560050233478e-01
5.053710937500000000e-02 -2.531298880879935265e-01
5.065917968750000000e-02 -2.536995712611724851e-01
5.078125000000000000e-02 -2.542691051894293564e-01
5.090332031250000000e-02 -2.548384895377232562e-01
5.102539062500000000e-02 -2.554077239710996761e-01
5.114746093750000000e-02 -2.559768081546924812e-01
5.126953125000000000e-02 -2.565457417537240770e-01
5.139160156250000000e-02 -2.571145244335055757e-01
5.151367187500000000e-02 -2.576831558594364635e-01
5.163574218750000000e-02 -2.582516356970063209e-01
5.175781250000000000e-02 -2.588199636117922142e-01
5.187988281250000000e-02 -2.593881392694621368e-01
5.200195312500000000e-02 -2.599561623357725670e-01
5.212402343750000000e-02 -2.605240324765701332e-01
5.224609375000000000e-02 -2.610917493577918913e-01
5.236816406250000000e-02 -2.616593126454644369e-01
5.249023437500000000e-02 -2.622267220057049597e-01
5.261230468750000000e-02 -2.627939771047208550e-01
5.273437500000000000e-02 -2.633610776088106675e-01
5.285644531250000000e-02 -2.639280231843638136e-01
5.297851562500000000e-02 -2.644948134978612475e-01
5.310058593750000000e-02 -2.650614482158743512e-01
5.322265625000000000e-02 -2.656279270050664332e-01
5.334472656250000000e-02 -2.661942495321928948e-01
5.346679687500000000e-02 -2.667604154641004532e-01
5.358886718750000000e-02 -2.673264244677290846e-01
5.371093750000000000e-02 -2.678922762101092481e-01
5.383300781250000000e-02 -2.684579703583657162e-01
5.395507812500000000e-02 -2.690235065797146885e-01
5.407714843750000000e-02 -2.695888845414663448e-01
5.419921875000000000e-02 -2.701541039110224585e-01
5.432128906250000000e-02 -2.707191643558798932e-01
5.444335937500000000e-02 -2.712840655436277726e-01
5.456542968750000000e-02 -2.718488071419496444e-01
5.468750000000000000e-02 -2.724133888186220931e-01
5.480957031250000000e-02 -2.729778102415163499e-01
5.493164062500000000e-02 -2.735420710785980702e-01
5.505371093750000000e-02 -2.741061709979271677e-01
5.517578125000000000e-02 -2.746701096676580356e-01
5.529785156250000000e-02 -2.752338867560401026e-01
5.541992187500000000e-02 -2.757975019314178877e-01
5.554199218750000000e-02 -2.763609548622307233e-01
5.566406250000000000e-02 -2.769242452170141422e-01
5.578613281250000000e-02 -2.774873726643992677e-01
5.590820312500000000e-02 -2.780503368731122027e-01
5.603027343750000000e-02 -2.786131375119758058e-01
5.615234375000000000e-02 -2.791757742499086925e-01
5.627441406250000000e-02 -2.797382467559265118e-01
5.639648437500000000e-02 -2.803005546991412245e-01
5.651855468750000000e-02 -2.808626977487612697e-01
5.664062500000000000e-02 -2.814246755740925088e-01
5.676269531250000000e-02 -2.819864878445379475e-01
5.688476562500000000e-02 -2.825481342295975140e-01
5.700683593750000000e-02 -2.831096143988695579e-01
5.712890625000000000e-02 -2.836709280220496843e-01
5.725097656250000000e-02 -2.842320747689316418e-01
5.737304687500000000e-02 -2.847930543094070455e-01
5.749511718750000000e-02 -2.853538663134658204e-01
5.761718750000000000e-02 -2.859145104511969793e-01
5.773925781250000000e-02 -2.864749863927885110e-01
5.786132812500000000e-02 -2.870352938085262706e-01
5.798339843750000000e-02 -2.875954323687958114e-01
5.810546875000000000e-02 -2.881554017440824400e-01
5.822753906250000000e-02 -2.887152016049699399e-01
5.834960937500000000e-02 -2.892748316221434579e-01
5.847167968750000000e-02 -2.898342914663863401e-01
5.859375000000000000e-02 -2.903935808085827963e-01
5.871582031250000000e-02 -2.909526993197177336e-01
5.883789062500000000e-02 -2.915116466708755905e-01
5.895996093750000000e-02 -2.920704225332426685e-01
5.908203125000000000e-02 -2.926290265781049671e-01
5.920410156250000000e-02 -2.931874584768506264e-01
5.932617187500000000e-02 -2.937457179009681507e-01
5.944824218750000000e-02 -2.943038045220481291e-01
5.957031250000000000e-02 -2.948617180117820147e-01
5.969238281250000000e-02 -2.954194580419646221e-01
5.981445312500000000e-02 -2.959770242844912969e-01
5.993652343750000000e-02 -2.965344164113601355e-01
6.005859375000000000e-02 -2.970916340946720413e-01
6.018066406250000000e-02 -2.976486770066296694e-01
6.030273437500000000e-02 -2.982055448195395364e-01
6.042480468750000000e-02 -2.987622372058106879e-01
6.054687500000000000e-02 -2.993187538379548651e-01
6.066894531250000000e-02 -2.998750943885881703e-01
6.079101562500000000e-02 -3.004312585304295680e-01
6.091308593750000000e-02 -3.009872459363016062e-01
6.103515625000000000e-02 -3.015430562791318603e-01
6.115722656250000000e-02 -3.020986892319513228e-01
6.127929687500000000e-02 -3.026541444678952919e-01
6.140136718750000000e-02 -3.032094216602038150e-01
6.152343750000000000e-02 -3.037645204822212452e-01
6.164550781250000000e-02 -3.043194406073977953e-01
6.176757812500000000e-02 -3.048741817092879836e-01
6.188964843750000000e-02 -3.054287434615525210e-01
6.201171875000000000e-02 -3.059831255379561465e-01
6.213378906250000000e-02 -3.065373276123703472e-01
6.225585937500000000e-02 -3.070913493587723031e-01
6.237792968750000000e-02 -3.076451904512457758e-01
6.250000000000000000e-02 -3.081988505639798315e-01
6.262207031250000000e-02 -3.087523293712710615e-01
6.274414062500000000e-02 -3.093056265475213618e-01
6.286621093750000000e-02 -3.098587417672406530e-01
6.298828125000000000e-02 -3.104116747050454928e-01
6.311035156250000000e-02 -3.109644250356599637e-01
6.323242187500000000e-02 -3.115169924339149521e-01
6.335449218750000000e-02 -3.120693765747492021e-01
6.347656250000000000e-02 -3.126215771332095383e-01
6.359863281250000000e-02 -3.131735937844504769e-01
6.372070312500000000e-02 -3.137254262037350583e-01
6.384277343750000000e-02 -3.142770740664345142e-01
6.396484375000000000e-02 -3.148285370480282674e-01
6.408691406250000000e-02 -3.153798148241051535e-01
6.420898437500000000e-02 -3.159309070703622546e-01
6.433105468750000000e-02 -3.164818134626067869e-01
6.445312500000000000e-02 -3.170325336767543800e-01
6.457519531250000000e-02 -3.175830673888307976e-01
6.469726562500000000e-02 -3.181334142749708827e-01
6.481933593750000000e-02 -3.186835740114199456e-01
6.494140625000000000e-02 -3.192335462745324870e-01
6.506347656250000000e-02 -3.197833307407752512e-01
6.518554687500000000e-02 -3.203329270867236178e-01
6.530761718750000000e-02 -3.208823349890642107e-01
6.542968750000000000e-02 -3.214315541245940100e-01
6.555175781250000000e-02 -3.219805841702221283e-01
6.567382812500000000e-02 -3.225294248029685340e-01
6.579589843750000000e-02 -3.230780756999642178e-01
6.591796875000000000e-02 -3.236265365384516368e-01
6.604003906250000000e-02 -3.241748069957857137e-01
6.616210937500000000e-02 -3.247228867494331150e-01
6.628417968750000000e-02 -3.252707754769720294e-01
6.640625000000000000e-02 -3.258184728560944432e-01
6.652832031250000000e-02 -3.263659785646040312e-01
6.665039062500000000e-02 -3.269132922804169894e-01
6.677246093750000000e-02 -3.274604136815628674e-01
6.689453125000000000e-02 -3.280073424461838472e-01
6.701660156250000000e-02 -3.285540782525366299e-01
6.713867187500000000e-02 -3.291006207789901605e-01
6.726074218750000000e-02 -3.296469697040275704e-01
6.738281250000000000e-02 -3.301931247062454555e-01
6.750488281250000000e-02 -3.307390854643557643e-01
6.762695312500000000e-02 -3.312848516571830215e-01
6.774902343750000000e-02 -3.318304229636677150e-01
6.787109375000000000e-02 -3.323757990628639081e-01
6.799316406250000000e-02 -3.329209796339411831e-01
6.811523437500000000e-02 -3.334659643561835307e-01
6.823730468750000000e-02 -3.340107529089903493e-01
6.835937500000000000e-02 -3.345553449718770000e-01
6.848144531250000000e-02 -3.350997402244739742e-01
6.860351562500000000e-02 -3.356439383465275039e-01
6.872558593750000000e-02 -3.361879390178996729e-01
6.884765625000000000e-02 -3.367317419185689720e-01
6.896972656250000000e-02 -3.372753467286298545e-01
6.909179687500000000e-02 -3.378187531282945133e-01
6.921386718750000000e-02 -3.383619607978903265e-01
6.933593750000000000e-02 -3.389049694178619676e-01
6.945800781250000000e-02 -3.394477786687721266e-01
6.958007812500000000e-02 -3.399903882312993453e-01
6.970214843750000000e-02 -3.405327977862414590e-01
6.982421875000000000e-02 -3.410750070145119883e-01
6.994628906250000000e-02 -3.416170155971434141e-01
7.006835937500000000e-02 -3.421588232152862896e-01
7.019042968750000000e-02 -3.427004295502089071e-01
7.031250000000000000e-02 -3.432418342832980196e-01
7.043457031250000000e-02 -3.437830370960598403e-01
7.055664062500000000e-02 -3.443240376701182659e-01
7.067871093750000000e-02 -3.448648356872167087e-01
7.080078125000000000e-02 -3.454054308292173747e-01
7.092285156250000000e-02 -3.459458227781021522e-01
7.104492187500000000e-02 -3.464860112159727779e-01
7.116699218750000000e-02 -3.470259958250499488e-01
7.128906250000000000e-02 -3.475657762876744328e-01
7.141113281250000000e-02 -3.481053522863080674e-01
7.153320312500000000e-02 -3.486447235035316505e-01
7.165527343750000000e-02 -3.491838896220464394e-01
7.177734375000000000e-02 -3.497228503246759268e-01
7.189941406250000000e-02 -3.502616052943630653e-01
7.202148437500000000e-02 -3.508001542141719886e-01
7.214355468750000000e-02 -3.513384967672883441e-01
7.226562500000000000e-02 -3.518766326370186825e-01
7.238769531250000000e-02 -3.524145615067924009e-01
7.250976562500000000e-02 -3.529522830601594108e-01
7.263183593750000000e-02 -3.534897969807918594e-01
7.275390625000000000e-02 -3.540271029524840740e-01
7.287597656250000000e-02 -3.545642006591531170e-01
7.299804687500000000e-02 -3.551010897848377312e-01
7.312011718750000000e-02 -3.556377700137004494e-01
7.324218750000000000e-02 -3.561742410300257622e-01
7.336425781250000000e-02 -3.567105025182218392e-01
7.348632812500000000e-02 -3.572465541628196961e-01
7.360839843750000000e-02 -3.577823956484738055e-01
7.373046875000000000e-02 -3.583180266599628183e-01
7.385253906250000000e-02 -3.588534468821886203e-01
7.397460937500000000e-02 -3.593886560001773312e-01
7.409667968750000000e-02 -3.599236536990790825e-01
7.421875000000000000e-02 -3.604584396641684063e-01
7.434082031250000000e-02 -3.609930135808446794e-01
7.446289062500000000e-02 -3.615273751346320119e-01
7.458496093750000000e-02 -3.620615240111791366e-01
7.470703125000000000e-02 -3.625954598962600195e-01
7.482910156250000000e-02 -3.631291824757740261e-01
7.495117187500000000e-02 -3.636626914357454221e-01
7.507324218750000000e-02 -3.641959864623252607e-01
7.519531250000000000e-02 -3.647290672417894952e-01
7.531738281250000000e-02 -3.652619334605406998e-01
7.543945312500000000e-02 -3.657945848051070703e-01
7.556152343750000000e-02 -3.663270209621436457e-01
7.568359375000000000e-02 -3.668592416184318639e-01
7.580566406250000000e-02 -3.673912464608803941e-01
7.592773437500000000e-02 -3.679230351765241935e-01
7.604980468750000000e-02 -3.684546074525260062e-01
7.617187500000000000e-02 -3.689859629761748638e-01
7.629394531250000000e-02 -3.695171014348883620e-01
7.641601562500000000e-02 -3.700480225162117165e-01
7.653808593750000000e-02 -3.705787259078175411e-01
7.666015625000000000e-02 -3.711092112975066803e-01
7.678222656250000000e-02 -3.716394783732083207e-01
7.690429687500000000e-02 -3.721695268229796572e-01
7.702636718750000000e-02 -3.726993563350071703e-01
7.714843750000000000e-02 -3.732289665976057380e-01
7.727050781250000000e-02 -3.737583572992193015e-01
7.739257812500000000e-02 -3.742875281284208655e-01
7.751464843750000000e-02 -3.748164787739133863e-01
7.763671875000000000e-02 -3.753452089245277734e-01
7.775878906250000000e-02 -3.758737182692264978e-01
7.788085937500000000e-02 -3.764020064971010382e-01
7.800292968750000000e-02 -3.769300732973729362e-01
7.812500000000000000e-02 -3.774579183593940179e-01
7.824707031250000000e-02 -3.779855413726469493e-01
7.836914062500000000e-02 -3.785129420267441258e-01
7.849121093750000000e-02 -3.790401200114297819e-01
7.861328125000000000e-02 -3.795670750165786589e-01
7.873535156250000000e-02 -3.800938067321968927e-01
7.885742187500000000e-02 -3.806203148484212928e-01
7.897949218750000000e-02 -3.811465990555207295e-01
7.910156250000000000e-02 -3.816726590438961897e-01
7.922363281250000000e-02 -3.821984945040799997e-01
7.934570312500000000e-02 -3.827241051267366023e-01
7.946777343750000000e-02 -3.832494906026626680e-01
7.958984375000000000e-02 -3.837746506227878163e-01
7.971191406250000000e-02 -3.842995848781733947e-01
7.983398437500000000e-02 -3.848242930600146994e-01
7.995605468750000000e-02 -3.853487748596391982e-01
8.007812500000000000e-02 -3.858730299685076970e-01
8.020019531250000000e-02 -3.863970580782146724e-01
8.032226562500000000e-02 -3.869208588804872173e-01
8.044433593750000000e-02 -3.874444320671875941e-01
8.056640625000000000e-02 -3.879677773303107924e-01
8.068847656250000000e-02 -3.884908943619865274e-01
8.081054687500000000e-02 -3.890137828544782961e-01
8.093261718750000000e-02 -3.895364425001844877e-01
8.105468750000000000e-02 -3.900588729916369957e-01
8.117675781250000000e-02 -3.905810740215048815e-01
8.129882812500000000e-02 -3.911030452825899895e-01
8.142089843750000000e-02 -3.916247864678299440e-01
8.154296875000000000e-02 -3.921462972702980943e-01
8.166503906250000000e-02 -3.926675773832025707e-01
8.178710937500000000e-02 -3.931886264998887826e-01
8.190917968750000000e-02 -3.937094443138359767e-01
8.203125000000000000e-02 -3.942300305186606790e-01
8.215332031250000000e-02 -3.947503848081158617e-01
8.227539062500000000e-02 -3.952705068760899443e-01
8.239746093750000000e-02 -3.957903964166086253e-01
8.251953125000000000e-02 -3.963100531238344937e-01
8.264160156250000000e-02 -3.968294766920670846e-01
8.276367187500000000e-02 -3.973486668157424906e-01
8.288574218750000000e-02 -3.978676231894348048e-01
8.300781250000000000e-02 -3.983863455078546778e-01
8.312988281250000000e-02 -3.989048334658523154e-01
8.325195312500000000e-02 -3.994230867584137035e-01
8.337402343750000000e-02 -3.999411050806641610e-01
8.349609375000000000e-02 -4.004588881278666745e-01
8.361816406250000000e-02 -4.009764355954230641e-01
8.374023437500000000e-02 -4.014937471788729284e-01
8.386230468750000000e-02 -4.020108225738959762e-01
8.398437500000000000e-02 -4.025276614763095284e-01
8.410644531250000000e-02 -4.030442635820707942e-01
8.422851562500000000e-02 -4.035606285872761489e-01
8.435058593750000000e-02 -4.040767561881608572e-01
8.447265625000000000e-02 -4.045926460811006820e-01
8.459472656250000000e-02 -4.051082979626113301e-01
8.471679687500000000e-02 -4.056237115293476192e-01
8.483886718750000000e-02 -4.061388864781050323e-01
8.496093750000000000e-02 -4.066538225058193290e-01
8.508300781250000000e-02 -4.071685193095668787e-01
8.520507812500000000e-02 -4.076829765865652710e-01
8.532714843750000000e-02 -4.081971940341724836e-01
8.544921875000000000e-02 -4.087111713498871590e-01
8.557128906250000000e-02 -4.092249082313498265e-01
8.569335937500000000e-02 -4.097384043763422357e-01
8.581542968750000000e-02 -4.102516594827884666e-01
8.593750000000000000e-02 -4.107646732487531538e-01
8.605957031250000000e-02 -4.112774453724437618e-01
8.618164062500000000e-02 -4.117899755522096417e-01
8.630371093750000000e-02 -4.123022634865422531e-01
8.642578125000000000e-02 -4.128143088740758859e-01
8.654785156250000000e-02 -4.133261114135877157e-01
8.666992187500000000e-02 -4.138376708039977481e-01
8.679199218750000000e-02 -4.143489867443679864e-01
8.691406250000000000e-02 -4.148600589339045408e-01
8.703613281250000000e-02 -4.153708870719571844e-01
8.715820312500000000e-02 -4.158814708580188535e-01
8.728027343750000000e-02 -4.163918099917262028e-01
8.740234375000000000e-02 -4.169019041728599384e-01
8.752441406250000000e-02 -4.174117531013444848e-01
8.764648437500000000e-02 -4.179213564772491507e-01
8.776855468750000000e-02 -4.184307140007871295e-01
8.789062500000000000e-02 -4.189398253723166654e-01
8.801269531250000000e-02 -4.194486902923409422e-01
8.813476562500000000e-02 -4.199573084615076390e-01
8.825683593750000000e-02 -4.204656795806097080e-01
8.837890625000000000e-02 -4.209738033505849852e-01
8.850097656250000000e-02 -4.214816794725185223e-01
8.862304687500000000e-02 -4.219893076476390892e-01
8.874511718750000000e-02 -4.224966875773223385e-01
8.886718750000000000e-02 -4.230038189630896395e-01
8.898925781250000000e-02 -4.235107015066087999e-01
8.911132812500000000e-02 -4.240173349096936217e-01
8.923339843750000000e-02 -4.245237188743047341e-01
8.935546875000000000e-02 -4.250298531025500925e-01
8.947753906250000000e-02 -4.255357372966830920e-01
8.959960937500000000e-02 -4.260413711591058972e-01
8.972167968750000000e-02 -4.265467543923663341e-01
8.984375000000000000e-02 -4.270518866991608320e-01
8.996582031250000000e-02 -4.275567677823337576e-01
9.008789062500000000e-02 -4.280613973448756382e-01
9.020996093750000000e-02 -4.285657750899262708e-01
9.033203125000000000e-02 -4.290699007207731119e-01
9.045410156250000000e-02 -4.295737739408519440e-01
9.057617187500000000e-02 -4.300773944537474858e-01
9.069824218750000000e-02 -4.305807619631926708e-01
9.082031250000000000e-02 -4.310838761730692026e-01
9.094238281250000000e-02 -4.315867367874081095e-01
9.106445312500000000e-02 -4.320893435103889124e-01
9.118652343750000000e-02 -4.325916960463417338e-01
9.130859375000000000e-02 -4.330937940997455216e-01
9.143066406250000000e-02 -4.335956373752283266e-01
9.155273437500000000e-02 -4.340972255775691346e-01
9.167480468750000000e-02 -4.345985584116964784e-01
9.179687500000000000e-02 -4.350996355826887707e-01
9.191894531250000000e-02 -4.356004567957757478e-01
9.204101562500000000e-02 -4.361010217563370817e-01
9.216308593750000000e-02 -4.366013301699033233e-01
9.228515625000000000e-02 -4.371013817421555148e-01
9.240722656250000000e-02 -4.376011761789264654e-01
9.252929687500000000e-02 -4.381007131862003634e-01
9.265136718750000000e-02 -4.385999924701119990e-01
9.277343750000000000e-02 -4.390990137369483737e-01
9.289550781250000000e-02 -4.395977766931478126e-01
9.301757812500000000e-02 -4.400962810453014629e-01
9.313964843750000000e-02 -4.405945265001517397e-01
9.326171875000000000e-02 -4.410925127645938248e-01
9.338378906250000000e-02 -4.415902395456750562e-01
9.350585937500000000e-02 -4.420877065505957049e-01
9.362792968750000000e-02 -4.425849134867088086e-01
9.375000000000000000e-02 -4.430818600615196723e-01
9.387207031250000000e-02 -4.435785459826887545e-01
9.399414062500000000e-02 -4.440749709580275040e-01
9.411621093750000000e-02 -4.445711346955023568e-01
9.423828125000000000e-02 -4.450670369032326823e-01
9.436035156250000000e-02 -4.455626772894923371e-01
9.448242187500000000e-02 -4.460580555627081667e-01
9.460449218750000000e-02 -4.465531714314624478e-01
9.472656250000000000e-02 -4.470480246044912787e-01
9.484863281250000000e-02 -4.475426147906853558e-01
9.497070312500000000e-02 -4.480369416990896414e-01
9.509277343750000000e-02 -4.485310050389046399e-01
9.521484375000000000e-02 -4.490248045194852322e-01
9.533691406250000000e-02 -4.495183398503425076e-01
9.545898437500000000e-02 -4.500116107411420430e-01
9.558105468750000000e-02 -4.505046169017051794e-01
9.570312500000000000e-02 -4.509973580420089667e-01
9.582519531250000000e-02 -4.514898338721868298e-01
9.594726562500000000e-02 -4.519820441025280688e-01
9.606933593750000000e-02 -4.524739884434778037e-01
9.619140625000000000e-02 -4.529656666056376402e-01
9.631347656250000000e-02 -4.534570782997663363e-01
9.643554687500000000e-02 -4.539482232367791359e-01
9.655761718750000000e-02 -4.544391011277474912e-01
9.667968750000000000e-02 -4.549297116839011168e-01
9.680175781250000000e-02 -4.554200546166266572e-01
9.692382812500000000e-02 -4.559101296374675205e-01
9.704589843750000000e-02 -4.563999364581256546e-01
9.716796875000000000e-02 -4.568894747904593823e-01
9.729003906250000000e-02 -4.573787443464870650e-01
9.741210937500000000e-02 -4.578677448383837723e-01
9.753417968750000000e-02 -4.583564759784826137e-01
9.765625000000000000e-02 -4.588449374792756830e-01
9.777832031250000000e-02 -4.593331290534142797e-01
9.790039062500000000e-02 -4.598210504137071886e-01
9.802246093750000000e-02 -4.603087012731235106e-01
9.814453125000000000e-02 -4.607960813447903869e-01
9.826660156250000000e-02 -4.612831903419948310e-01
9.838867187500000000e-02 -4.617700279781828399e-01
9.851074218750000000e-02 -4.622565939669608381e-01
9.863281250000000000e-02 -4.627428880220941232e-01
9.875488281250000000e-02 -4.632289098575093078e-01
9.887695312500000000e-02 -4.637146591872910451e-01
9.899902343750000000e-02 -4.642001357256864691e-01
9.912109375000000000e-02 -4.646853391871017536e-01
9.924316406250000000e-02 -4.651702692861042210e-01
9.936523437500000000e-02 -4.656549257374222317e-01
9.948730468750000000e-02 -4.661393082559449619e-01
9.960937500000000000e-02 -4.666234165567222369e-01
9.973144531250000000e-02 -4.671072503549660304e-01
9.985351562500000000e-02 -4.675908093660489095e-01
9.997558593750000000e-02 -4.680740933055060338e-01
1.000976562500000000e-01 -4.685571018890336004e-01
1.002197265625000000e-01 -4.690398348324905653e-01
1.003417968750000000e-01 -4.695222918518970889e-01
1.004638671875000000e-01 -4.700044726634365344e-01
1.005859375000000000e-01 -4.704863769834531917e-01
1.007080078125000000e-01 -4.709680045284568850e-01
1.008300781250000000e-01 -4.714493550151176438e-01
1.009521484375000000e-01 -4.719304281602696438e-01
1.010742187500000000e-01 -4.724112236809094867e-01
1.011962890625000000e-01 -4.728917412941976983e-01
1.013183593750000000e-01 -4.733719807174583405e-01
1.014404296875000000e-01 -4.738519416681792884e-01
1.015625000000000000e-01 -4.743316238640111204e-01
1.016845703125000000e-01 -4.748110270227697827e-01
1.018066406250000000e-01 -4.752901508624344240e-01
1.019287109375000000e-01 -4.757689951011487284e-01
1.020507812500000000e-01 -4.762475594572211368e-01
1.021728515625000000e-01 -4.767258436491247364e-01
1.022949218750000000e-01 -4.772038473954972049e-01
1.024169921875000000e-01 -4.776815704151408659e-01
1.025390625000000000e-01 -4.781590124270236331e-01
1.026611328125000000e-01 -4.786361731502792316e-01
1.027832031250000000e-01 -4.791130523042060330e-01
1.029052734375000000e-01 -4.795896496082682203e-01
1.030273437500000000e-01 -4.800659647820957887e-01
1.031494140625000000e-01 -4.805419975454851556e-01
1.032714843750000000e-01 -4.810177476183976064e-01
1.033935546875000000e-01 -4.814932147209629032e-01
1.035156250000000000e-01 -4.819683985734748988e-01
1.036376953125000000e-01 -4.824432988963961444e-01
1.037597656250000000e-01 -4.829179154103543370e-01
1.038818359375000000e-01 -4.833922478361447617e-01
1.040039062500000000e-01 -4.838662958947304027e-01
1.041259765625000000e-01 -4.843400593072408333e-01
1.042480468750000000e-01 -4.848135377949729929e-01
1.043701171875000000e-01 -4.852867310793919642e-01
1.044921875000000000e-01 -4.857596388821295852e-01
1.046142578125000000e-01 -4.862322609249874472e-01
1.047363281250000000e-01 -4.867045969299336194e-01
1.048583984375000000e-01 -4.871766466191050360e-01
1.049804687500000000e-01 -4.876484097148074959e-01
1.051025390625000000e-01 -4.881198859395141643e-01
1.052246093750000000e-01 -4.885910750158678484e-01
1.053466796875000000e-01 -4.890619766666805535e-01
1.054687500000000000e-01 -4.895325906149327055e-01
1.055908203125000000e-01 -4.900029165837745393e-01
1.057128906250000000e-01 -4.904729542965252653e-01
1.058349609375000000e-01 -4.909427034766736808e-01
1.059570312500000000e-01 -4.914121638478780030e-01
1.060791015625000000e-01 -4.918813351339679230e-01
1.062011718750000000e-01 -4.923502170589412197e-01
1.063232421875000000e-01 -4.928188093469670350e-01
1.064453125000000000e-01 -4.932871117223844304e-01
1.065673828125000000e-01 -4.937551239097029976e-01
1.066894531250000000e-01 -4.942228456336039133e-01
1.068115234375000000e-01 -4.946902766189377743e-01
1.069335937500000000e-01 -4.951574165907275948e-01
1.070556640625000000e-01 -4.956242652741666421e-01
1.071777343750000000e-01 -4.960908223946199347e-01
1.072998046875000000e-01 -4.965570876776236875e-01
1.074218750000000000e-01 -4.970230608488863111e-01
1.075439453125000000e-01 -4.974887416342879676e-01
1.076660156250000000e-01 -4.979541297598805705e-01
1.077880859375000000e-01 -4.984192249518879514e-01
1.079101562500000000e-01 -4.988840269367063041e-01
1.080322265625000000e-01 -4.993485354409056831e-01
1.081542968750000000e-01 -4.998127501912268955e-01
1.082763671875000000e-01 -5.002766709145849422e-01
1.083984375000000000e-01 -5.007402973380663536e-01
1.085205078125000000e-01 -5.012036291889323536e-01
1.086425781250000000e-01 -5.016666661946159733e-01
1.087646484375000000e-01 -5.021294080827259920e-01
1.088867187500000000e-01 -5.025918545810417193e-01
1.090087890625000000e-01 -5.030540054175184350e-01
1.091308593750000000e-01 -5.035158603202847249e-01
1.092529296875000000e-01 -5.039774190176430357e-01
1.093750000000000000e-01 -5.044386812380704521e-01
1.094970703125000000e-01 -5.048996467102188079e-01
1.096191406250000000e-01 -5.053603151629130208e-01
1.097412109375000000e-01 -5.058206863251543117e-01
1.098632812500000000e-01 -5.062807599261176517e-01
1.099853515625000000e-01 -5.067405356951543149e-01
1.101074218750000000e-01 -5.072000133617897699e-01
1.102294921875000000e-01 -5.076591926557250112e-01
1.103515625000000000e-01 -5.081180733068364486e-01
1.104736328125000000e-01 -5.085766550451772394e-01
1.105957031250000000e-01 -5.090349376009745130e-01
1.107177734375000000e-01 -5.094929207046333675e-01
1.108398437500000000e-01 -5.099506040867337608e-01
1.109619140625000000e-01 -5.104079874780325099e-01
1.110839843750000000e-01 -5.108650706094620686e-01
1.112060546875000000e-01 -5.113218532121333038e-01
1.113281250000000000e-01 -5.117783350173317203e-01
1.114501953125000000e-01 -5.122345157565216800e-01
1.115722656250000000e-01 -5.126903951613432930e-01
1.116943359375000000e-01 -5.131459729636147493e-01
1.118164062500000000e-01 -5.136012488953310973e-01
1.119384765625000000e-01 -5.140562226886654651e-01
1.120605468750000000e-01 -5.145108940759682836e-01
1.121826171875000000e-01 -5.149652627897685075e-01
1.123046875000000000e-01 -5.154193285627719501e-01
1.124267578125000000e-01 -5.158730911278641695e-01
1.125488281250000000e-01 -5.163265502181081379e-01
1.126708984375000000e-01 -5.167797055667453510e-01
1.127929687500000000e-01 -5.172325569071961615e-01
1.129150390625000000e-01 -5.176851039730602233e-01
1.130371093750000000e-01 -5.181373464981153809e-01
1.131591796875000000e-01 -5.185892842163192240e-01
1.132812500000000000e-01 -5.190409168618076441e-01
1.134033203125000000e-01 -5.194922441688982762e-01
1.135253906250000000e-01 -5.199432658720859468e-01
1.136474609375000000e-01 -5.203939817060463380e-01
1.137695312500000000e-01 -5.208443914056346546e-01
1.138916015625000000e-01 -5.212944947058870682e-01
1.140136718750000000e-01 -5.217442913420187178e-01
1.141357421875000000e-01 -5.221937810494268195e-01
1.142578125000000000e-01 -5.226429635636871129e-01
1.143798828125000000e-01 -5.230918386205578585e-01
1.145019531250000000e-01 -5.235404059559767287e-01
1.146240234375000000e-01 -5.239886653060638055e-01
1.147460937500000000e-01 -5.244366164071191383e-01
1.148681640625000000e-01 -5.248842589956250748e-01
1.149902343750000000e-01 -5.253315928082447073e-01
1.151123046875000000e-01 -5.257786175818233154e-01
1.152343750000000000e-01 -5.262253330533871454e-01
1.153564453125000000e-01 -5.266717389601457411e-01
1.154785156250000000e-01 -5.271178350394898349e-01
1.156005859375000000e-01 -5.275636210289924577e-01
1.157226562500000000e-01 -5.280090966664088281e-01
1.158447265625000000e-01 -5.284542616896779066e-01
1.159667968750000000e-01 -5.288991158369197310e-01
1.160888671875000000e-01 -5.293436588464387471e-01
1.162109375000000000e-01 -5.297878904567214775e-01
1.163330078125000000e-01 -5.302318104064380755e-01
1.164550781250000000e-01 -5.306754184344415481e-01
1.165771484375000000e-01 -5.311187142797693106e-01
1.166992187500000000e-01 -5.315616976816408545e-01
1.168212890625000000e-01 -5.320043683794613010e-01
1.169433593750000000e-01 -5.324467261128186246e-01
1.170654296875000000e-01 -5.328887706214853193e-01
1.171875000000000000e-01 -5.333305016454175096e-01
1.173095703125000000e-01 -5.337719189247566165e-01
1.174316406250000000e-01 -5.342130221998283579e-01
1.175537109375000000e-01 -5.346538112111427488e-01
1.176757812500000000e-01 -5.350942856993949892e-01
1.177978515625000000e-01 -5.355344454054655756e-01
1.179199218750000000e-01 -5.359742900704195234e-01
1.180419921875000000e-01 -5.364138194355075884e-01
1.181640625000000000e-01 -5.368530332421659335e-01
1.182861328125000000e-01 -5.372919312320172391e-01
1.184082031250000000e-01 -5.377305131468677057e-01
1.185302734375000000e-01 -5.381687787287121605e-01
1.186523437500000000e-01 -5.386067277197289505e-01
1.187744140625000000e-01 -5.390443598622853827e-01
1.188964843750000000e-01 -5.394816748989330613e-01
1.190185546875000000e-01 -5.399186725724105518e-01
1.191406250000000000e-01 -5.403553526256437145e-01
1.192626953125000000e-01 -5.407917148017451492e-01
1.193847656250000000e-01 -5.412277588440135290e-01
1.195068359375000000e-01 -5.416634844959361539e-01
1.196289062500000000e-01 -5.420988915011863973e-01
1.197509765625000000e-01 -5.425339796036258155e-01
1.198730468750000000e-01 -5.429687485473029263e-01
1.199951171875000000e-01 -5.434031980764545411e-01
1.201171875000000000e-01 -5.438373279355050993e-01
1.202392578125000000e-01 -5.442711378690676671e-01
1.203613281250000000e-01 -5.447046276219424943e-01
1.204833984375000000e-01 -5.451377969391186795e-01
1.206054687500000000e-01 -5.455706455657742815e-01
1.207275390625000000e-01 -5.460031732472753196e-01
1.208496093750000000e-01 -5.464353797291772175e-01
1.209716796875000000e-01 -5.468672647572236922e-01
1.210937500000000000e-01 -5.472988280773476433e-01
1.212158203125000000e-01 -5.477300694356725952e-01
1.213378906250000000e-01 -5.481609885785089231e-01
1.214599609375000000e-01 -5.485915852523591818e-01
1.215820312500000000e-01 -5.490218592039141088e-01
1.217041015625000000e-01 -5.494518101800544008e-01
1.218261718750000000e-01 -5.498814379278509357e-01
1.219482421875000000e-01 -5.503107421945652167e-01
1.220703125000000000e-01 -5.507397227276478180e-01
1.221923828125000000e-01 -5.511683792747417154e-01
1.223144531250000000e-01 -5.515967115836779566e-01
1.224365234375000000e-01 -5.520247194024807680e-01
1.225585937500000000e-01 -5.524524024793636690e-01
1.226806640625000000e-01 -5.528797605627315814e-01
1.228027343750000000e-01 -5.533067934011810518e-01
1.229248046875000000e-01 -5.537335007435000289e-01
1.230468750000000000e-01 -5.541598823386666428e-01
1.231689453125000000e-01 -5.545859379358525354e-01
1.232910156250000000e-01 -5.550116672844196408e-01
1.234130859375000000e-01 -5.554370701339221839e-01
1.235351562500000000e-01 -5.558621462341069019e-01
1.236572265625000000e-01 -5.562868953349129342e-01
1.237792968750000000e-01 -5.567113171864701560e-01
1.239013671875000000e-01 -5.571354115391037309e-01
1.240234375000000000e-01 -5.575591781433278937e-01
1.241455078125000000e-01 -5.579826167498532774e-01
1.242675781250000000e-01 -5.584057271095812514e-01
1.243896484375000000e-01 -5.588285089736074740e-01
1.245117187500000000e-01 -5.592509620932193393e-01
1.246337890625000000e-01 -5.596730862198988632e-01
1.247558593750000000e-01 -5.600948811053213516e-01
1.248779296875000000e-01 -5.605163465013562885e-01
1.250000000000000000e-01 -5.609374821600655592e-01
1.251220703125000000e-01 -5.613582878337066706e-01
1.252441406250000000e-01 -5.617787632747299753e-01
1.253662109375000000e-01 -5.621989082357806700e-01
1.254882812500000000e-01 -5.626187224696983513e-01
1.256103515625000000e-01 -5.630382057295174603e-01
1.257324218750000000e-01 -5.634573577684663936e-01
1.258544921875000000e-01 -5.638761783399688365e-01
1.259765625000000000e-01 -5.642946671976433182e-01
1.260986328125000000e-01 -5.647128240953039890e-01
1.262207031250000000e-01 -5.651306487869597328e-01
1.263427734375000000e-01 -5.655481410268152764e-01
1.264648437500000000e-01 -5.659653005692703021e-01
1.265869140625000000e-01 -5.663821271689208903e-01
1.267089843750000000e-01 -5.667986205805581879e-01
1.268310546875000000e-01 -5.672147805591707392e-01
1.269531250000000000e-01 -5.676306068599414889e-01
1.270751953125000000e-01 -5.680460992382511121e-01
1.271972656250000000e-01 -5.684612574496761273e-01
1.273193359375000000e-01 -5.688760812499893404e-01
1.274414062500000000e-01 -5.692905703951602892e-01
1.275634765625000000e-01 -5.697047246413565746e-01
1.276855468750000000e-01 -5.701185437449414195e-01
1.278076171875000000e-01 -5.705320274624758881e-01
1.279296875000000000e-01 -5.709451755507176651e-01
1.280517578125000000e-01 -5.713579877666228324e-01
1.281738281250000000e-01 -5.717704638673447581e-01
1.282958984375000000e-01 -5.721826036102343194e-01
1.284179687500000000e-01 -5.725944067528395687e-01
1.285400390625000000e-01 -5.730058730529082878e-01
1.286621093750000000e-01 -5.734170022683851009e-01
1.287841796875000000e-01 -5.738277941574129182e-01
1.289062500000000000e-01 -5.742382484783337127e-01
1.290283203125000000e-01 -5.746483649896881873e-01
1.291503906250000000e-01 -5.750581434502147760e-01
1.292724609375000000e-01 -5.754675836188521965e-01
1.293945312500000000e-01 -5.758766852547357873e-01
1.295166015625000000e-01 -5.762854481172035026e-01
1.296386718750000000e-01 -5.766938719657893619e-01
1.297607421875000000e-01 -5.771019565602288903e-01
1.298828125000000000e-01 -5.775097016604553435e-01
1.300048828125000000e-01 -5.779171070266042598e-01
1.301269531250000000e-01 -5.783241724190083533e-01
1.302490234375000000e-01 -5.787308975982023984e-01
1.303710937500000000e-01 -5.791372823249196777e-01
1.304931640625000000e-01 -5.795433263600950902e-01
1.306152343750000000e-01 -5.799490294648630417e-01
1.307373046875000000e-01 -5.803543914005592219e-01
1.308593750000000000e-01 -5.807594119287191603e-01
1.309814453125000000e-01 -5.811640908110806691e-01
1.311035156250000000e-01 -5.815684278095804016e-01
1.312255859375000000e-01 -5.819724226863580707e-01
1.313476562500000000e-01 -5.823760752037534516e-01
1.314697265625000000e-01 -5.827793851243082690e-01
1.315917968750000000e-01 -5.831823522107659752e-01
1.317138671875000000e-01 -5.835849762260715279e-01
1.318359375000000000e-01 -5.839872569333708352e-01
1.319580078125000000e-01 -5.843891940960134201e-01
1.320800781250000000e-01 -5.847907874775489789e-01
1.322021484375000000e-01 -5.851920368417318219e-01
1.323242187500000000e-01 -5.855929419525160995e-01
1.324462890625000000e-01 -5.859935025740600212e-01
1.325683593750000000e-01 -5.863937184707241901e-01
1.326904296875000000e-01 -5.867935894070722691e-01
1.328125000000000000e-01 -5.871931151478694266e-01
1.329345703125000000e-01 -5.875922954580864443e-01
1.330566406250000000e-01 -5.879911301028944992e-01
1.331787109375000000e-01 -5.883896188476701594e-01
1.333007812500000000e-01 -5.887877614579926089e-01
1.334228515625000000e-01 -5.891855576996444244e-01
1.335449218750000000e-01 -5.895830073386132408e-01
1.336669921875000000e-01 -5.899801101410887538e-01
1.337890625000000000e-01 -5.903768658734659391e-01
1.339111328125000000e-01 -5.907732743023440536e-01
1.340332031250000000e-01 -5.911693351945255248e-01
1.341552734375000000e-01 -5.915650483170180607e-01
1.342773437500000000e-01 -5.919604134370343163e-01
1.343994140625000000e-01 -5.923554303219911166e-01
1.345214843750000000e-01 -5.927500987395094567e-01
1.346435546875000000e-01 -5.931444184574168332e-01
1.347656250000000000e-01 -5.935383892437442466e-01
1.348876953125000000e-01 -5.939320108667305309e-01
1.350097656250000000e-01 -5.943252830948164700e-01
1.351318359375000000e-01 -5.947182056966510144e-01
1.352539062500000000e-01 -5.951107784410876178e-01
1.353759765625000000e-01 -5.955030010971861243e-01
1.354980468750000000e-01 -5.958948734342116582e-01
1.356201171875000000e-01 -5.962863952216364005e-01
1.357421875000000000e-01 -5.966775662291372573e-01
1.358642578125000000e-01 -5.970683862265996344e-01
1.359863281250000000e-01 -5.974588549841131080e-01
1.361083984375000000e-01 -5.978489722719753097e-01
1.362304687500000000e-01 -5.982387378606905948e-01
1.363525390625000000e-01 -5.986281515209698201e-01
1.364746093750000000e-01 -5.990172130237306769e-01
1.365966796875000000e-01 -5.994059221400982462e-01
1.367187500000000000e-01 -5.997942786414048877e-01
1.368408203125000000e-01 -6.001822822991916828e-01
1.369628906250000000e-01 -6.005699328852045493e-01
1.370849609375000000e-01 -6.009572301713996811e-01
1.372070312500000000e-01 -6.013441739299389965e-01
1.373291015625000000e-01 -6.017307639331943570e-01
1.374511718750000000e-01 -6.021169999537449025e-01
1.375732421875000000e-01 -6.025028817643770518e-01
1.376953125000000000e-01 -6.028884091380873889e-01
1.378173828125000000e-01 -6.032735818480796652e-01
1.379394531250000000e-01 -6.036583996677663544e-01
1.380615234375000000e-01 -6.040428623707700950e-01
1.381835937500000000e-01 -6.044269697309199163e-01
1.383056640625000000e-01 -6.048107215222571220e-01
1.384277343750000000e-01 -6.051941175190286293e-01
1.385498046875000000e-01 -6.055771574956936298e-01
1.386718750000000000e-01 -6.059598412269191492e-01
1.387939453125000000e-01 -6.063421684875823781e-01
1.389160156250000000e-01 -6.067241390527700062e-01
1.390380859375000000e-01 -6.071057526977785557e-01
1.391601562500000000e-01 -6.074870091981141584e-01
1.392822265625000000e-01 -6.078679083294944441e-01
1.394042968750000000e-01 -6.082484498678449869e-01
1.395263671875000000e-01 -6.086286335893044130e-01
1.396484375000000000e-01 -6.090084592702190713e-01
1.397705078125000000e-01 -6.093879266871481404e-01
1.398925781250000000e-01 -6.097670356168600758e-01
1.400146484375000000e-01 -6.101457858363357190e-01
1.401367187500000000e-01 -6.105241771227654102e-01
1.402587890625000000e-01 -6.109022092535513204e-01
1.403808593750000000e-01 -6.112798820063076732e-01
1.405029296875000000e-01 -6.116571951588580802e-01
1.406250000000000000e-01 -6.120341484892396489e-01
1.407470703125000000e-01 -6.124107417757009841e-01
1.408691406250000000e-01 -6.127869747967006342e-01
1.409912109375000000e-01 -6.131628473309117533e-01
1.411132812500000000e-01 -6.135383591572172168e-01
1.412353515625000000e-01 -6.139135100547135071e-01
1.413574218750000000e-01 -6.142882998027090480e-01
1.414794921875000000e-01 -6.146627281807244270e-01
1.416015625000000000e-01 -6.150367949684935054e-01
1.417236328125000000e-01 -6.154104999459620862e-01
1.418457031250000000e-01 -6.157838428932890240e-01
1.419677734375000000e-01 -6.161568235908470026e-01
1.420898437500000000e-01 -6.165294418192200920e-01
1.422119140625000000e-01 -6.169016973592077457e-01
1.423339843750000000e-01 -6.172735899918201374e-01
1.424560546875000000e-01 -6.176451194982840454e-01
1.425781250000000000e-01 -6.180162856600365240e-01
1.427001953125000000e-01 -6.183870882587315654e-01
1.428222656250000000e-01 -6.187575270762349922e-01
1.429443359375000000e-01 -6.191276018946270110e-01
1.430664062500000000e-01 -6.194973124962026567e-01
1.431884765625000000e-01 -6.198666586634701270e-01
1.433105468750000000e-01 -6.202356401791524476e-01
1.434326171875000000e-01 -6.206042568261883607e-01
1.435546875000000000e-01 -6.209725083877287721e-01
1.436767578125000000e-01 -6.213403946471423023e-01
1.437988281250000000e-01 -6.217079153880097353e-01
1.439208984375000000e-01 -6.220750703941283488e-01
1.440429687500000000e-01 -6.224418594495106927e-01
1.441650390625000000e-01 -6.228082823383837008e-01
1.442871093750000000e-01 -6.231743388451911336e-01
1.444091796875000000e-01 -6.235400287545901366e-01
1.445312500000000000e-01 -6.239053518514552366e-01
1.446533203125000000e-01 -6.242703079208771211e-01
1.447753906250000000e-01 -6.246348967481600845e-01
1.448974609375000000e-01 -6.249991181188273570e-01
1.450195312500000000e-01 -6.253629718186161091e-01
1.451416015625000000e-01 -6.257264576334806705e-01
1.452636718750000000e-01 -6.260895753495911986e-01
1.453857421875000000e-01 -6.264523247533355654e-01
1.455078125000000000e-01 -6.268147056313175813e-01
1.456298828125000000e-01 -6.271767177703578833e-01
1.457519531250000000e-01 -6.275383609574939348e-01
1.458740234375000000e-01 -6.278996349799803589e-01
1.459960937500000000e-01 -6.282605396252888275e-01
1.461181640625000000e-01 -6.286210746811090599e-01
1.462402343750000000e-01 -6.289812399353464922e-01
1.463623046875000000e-01 -6.293410351761267174e-01
1.464843750000000000e-01 -6.297004601917896016e-01
1.466064453125000000e-01 -6.300595147708960564e-01
1.467285156250000000e-01 -6.304181987022233757e-01
1.468505859375000000e-01 -6.307765117747665684e-01
1.469726562500000000e-01 -6.311344537777394681e-01
1.470947265625000000e-01 -6.314920245005740673e-01
1.472167968750000000e-01 -6.318492237329204064e-01
1.473388671875000000e-01 -6.322060512646482389e-01
1.474609375000000000e-01 -6.325625068858437006e-01
1.475830078125000000e-01 -6.329185903868148610e-01
1.477050781250000000e-01 -6.332743015580856172e-01
1.478271484375000000e-01 -6.336296401904012443e-01
1.479492187500000000e-01 -6.339846060747238443e-01
1.480712890625000000e-01 -6.343391990022370086e-01
1.481933593750000000e-01 -6.346934187643432645e-01
1.483154296875000000e-01 -6.350472651526637424e-01
1.484375000000000000e-01 -6.354007379590397298e-01
1.485595703125000000e-01 -6.357538369755320051e-01
1.486816406250000000e-01 -6.361065619944218374e-01
1.488037109375000000e-01 -6.364589128082107639e-01
1.489257812500000000e-01 -6.368108892096187024e-01
1.490478515625000000e-01 -6.371624909915881707e-01
1.491699218750000000e-01 -6.375137179472799565e-01
1.492919921875000000e-01 -6.378645698700764477e-01
1.494140625000000000e-01 -6.382150465535808559e-01
1.495361328125000000e-01 -6.385651477916166607e-01
1.496582031250000000e-01 -6.389148733782287204e-01
1.497802734375000000e-01 -6.392642231076816062e-01
1.499023437500000000e-01 -6.396131967744619340e-01
1.500244140625000000e-01 -6.399617941732788085e-01
1.501464843750000000e-01 -6.403100150990596040e-01
1.502685546875000000e-01 -6.406578593469562932e-01
1.503906250000000000e-01 -6.410053267123401177e-01
1.505126953125000000e-01 -6.413524169908059180e-01
1.506347656250000000e-01 -6.416991299781682478e-01
1.507568359375000000e-01 -6.420454654704657038e-01
1.508789062500000000e-01 -6.423914232639578170e-01
1.510009765625000000e-01 -6.427370031551266072e-01
1.511230468750000000e-01 -6.430822049406762497e-01
1.512451171875000000e-01 -6.434270284175331867e-01
1.513671875000000000e-01 -6.437714733828462377e-01
1.514892578125000000e-01 -6.441155396339888206e-01
1.516113281250000000e-01 -6.444592269685541774e-01
1.517333984375000000e-01 -6.448025351843609254e-01
1.518554687500000000e-01 -6.451454640794489492e-01
1.519775390625000000e-01 -6.454880134520818435e-01
1.520996093750000000e-01 -6.458301831007478011e-01
1.522216796875000000e-01 -6.461719728241559491e-01
1.523437500000000000e-01 -6.465133824212406788e-01
1.524658203125000000e-01 -6.468544116911603137e-01
1.525878906250000000e-01 -6.471950604332945556e-01
1.527099609375000000e-01 -6.475353284472500359e-01
1.528320312500000000e-01 -6.478752155328545426e-01
1.529541015625000000e-01 -6.482147214901624599e-01
1.530761718750000000e-01 -6.485538461194501059e-01
1.531982421875000000e-01 -6.488925892212206170e-01
1.533203125000000000e-01 -6.492309505961980642e-01
1.534423828125000000e-01 -6.495689300453350024e-01
1.535644531250000000e-01 -6.499065273698061418e-01
1.536865234375000000e-01 -6.502437423710114572e-01
1.538085937500000000e-01 -6.505805748505767427e-01
1.539306640625000000e-01 -6.509170246103511692e-01
1.540527343750000000e-01 -6.512530914524106151e-01
1.541748046875000000e-01 -6.515887751790557791e-01
1.542968750000000000e-01 -6.519240755928118469e-01
1.544189453125000000e-01 -6.522589924964314889e-01
1.545410156250000000e-01 -6.525935256928904193e-01
1.546630859375000000e-01 -6.529276749853918371e-01
1.547851562500000000e-01 -6.532614401773646495e-01
1.549072265625000000e-01 -6.535948210724629170e-01
1.550292968750000000e-01 -6.539278174745678518e-01
1.551513671875000000e-01 -6.542604291877854861e-01
1.552734375000000000e-01 -6.545926560164488928e-01
1.553955078125000000e-01 -6.549244977651187405e-01
1.555175781250000000e-01 -6.552559542385797409e-01
1.556396484375000000e-01 -6.555870252418458666e-01
1.557617187500000000e-01 -6.559177105801552443e-01
1.558837890625000000e-01 -6.562480100589749288e-01
1.560058593750000000e-01 -6.565779234839981271e-01
1.561279296875000000e-01 -6.569074506611451980e-01
1.562500000000000000e-01 -6.572365913965640960e-01
1.563720703125000000e-01 -6.575653454966298161e-01
1.564941406250000000e-01 -6.578937127679441721e-01
1.566162109375000000e-01 -6.582216930173379055e-01
1.567382812500000000e-01 -6.585492860518679104e-01
1.568603515625000000e-01 -6.588764916788208970e-01
1.569824218750000000e-01 -6.592033097057086177e-01
1.571044921875000000e-01 -6.595297399402738625e-01
1.572265625000000000e-01 -6.598557821904847964e-01
1.573486328125000000e-01 -6.601814362645404000e-01
1.574707031250000000e-01 -6.605067019708661391e-01
1.575927734375000000e-01 -6.608315791181166299e-01
1.577148437500000000e-01 -6.611560675151753053e-01
1.578369140625000000e-01 -6.614801669711536380e-01
1.579589843750000000e-01 -6.618038772953920290e-01
1.580810546875000000e-01 -6.621271982974610282e-01
1.582031250000000000e-01 -6.624501297871580041e-01
1.583251953125000000e-01 -6.627726715745119179e-01
1.584472656250000000e-01 -6.630948234697785493e-01
1.585693359375000000e-01 -6.634165852834453814e-01
1.586914062500000000e-01 -6.637379568262271601e-01
1.588134765625000000e-01 -6.640589379090696687e-01
1.589355468750000000e-01 -6.643795283431486176e-01
1.590576171875000000e-01 -6.646997279398680902e-01
1.591796875000000000e-01 -6.650195365108634293e-01
1.593017578125000000e-01 -6.653389538679992388e-01
1.594238281250000000e-01 -6.656579798233701606e-01
1.595458984375000000e-01 -6.659766141893025404e-01
1.596679687500000000e-01 -6.662948567783506526e-01
1.597900390625000000e-01 -6.666127074033016964e-01
1.599121093750000000e-01 -6.669301658771716879e-01
1.600341796875000000e-01 -6.672472320132081247e-01
1.601562500000000000e-01 -6.675639056248892089e-01
1.602783203125000000e-01 -6.678801865259240689e-01
1.604003906250000000e-01 -6.681960745302527593e-01
1.605224609375000000e-01 -6.685115694520468166e-01
1.606445312500000000e-01 -6.688266711057077041e-01
1.607666015625000000e-01 -6.691413793058706982e-01
1.608886718750000000e-01 -6.694556938673996704e-01
1.610107421875000000e-01 -6.697696146053928601e-01
1.611328125000000000e-01 -6.700831413351771015e-01
1.612548828125000000e-01 -6.703962738723143744e-01
1.613769531250000000e-01 -6.707090120325953642e-01
1.614990234375000000e-01 -6.710213556320453465e-01
1.616210937500000000e-01 -6.713333044869206345e-01
1.617431640625000000e-01 -6.716448584137090227e-01
1.618652343750000000e-01 -6.719560172291320077e-01
1.619873046875000000e-01 -6.722667807501425674e-01
1.621093750000000000e-01 -6.725771487939259385e-01
1.622314453125000000e-01 -6.728871211779023920e-01
1.623535156250000000e-01 -6.731966977197211266e-01
1.624755859375000000e-01 -6.735058782372679298e-01
1.625976562500000000e-01 -6.738146625486581831e-01
1.627197265625000000e-01 -6.741230504722434125e-01
1.628417968750000000e-01 -6.744310418266062923e-01
1.629638671875000000e-01 -6.747386364305637541e-01
1.630859375000000000e-01 -6.750458341031654319e-01
1.632080078125000000e-01 -6.753526346636952171e-01
1.633300781250000000e-01 -6.756590379316699257e-01
1.634521484375000000e-01 -6.759650437268414080e-01
1.635742187500000000e-01 -6.762706518691925517e-01
1.636962890625000000e-01 -6.765758621789434990e-01
1.638183593750000000e-01 -6.768806744765458738e-01
1.639404296875000000e-01 -6.771850885826874444e-01
1.640625000000000000e-01 -6.774891043182881267e-01
1.641845703125000000e-01 -6.777927215045039810e-01
1.643066406250000000e-01 -6.780959399627252138e-01
1.644287109375000000e-01 -6.783987595145751781e-01
1.645507812500000000e-01 -6.787011799819138158e-01
1.646728515625000000e-01 -6.790032011868345485e-01
1.647949218750000000e-01 -6.793048229516658321e-01
1.649169921875000000e-01 -6.796060450989723778e-01
1.650390625000000000e-01 -6.799068674515512667e-01
1.651611328125000000e-01 -6.802072898324384997e-01
1.652832031250000000e-01 -6.805073120649017815e-01
1.654052734375000000e-01 -6.808069339724460711e-01
1.655273437500000000e-01 -6.811061553788121392e-01
1.656494140625000000e-01 -6.814049761079752354e-01
1.657714843750000000e-01 -6.817033959841466428e-01
1.658935546875000000e-01 -6.820014148317740110e-01
1.660156250000000000e-01 -6.822990324755400238e-01
1.661376953125000000e-01 -6.825962487403653967e-01
1.662597656250000000e-01 -6.828930634514031039e-01
1.663818359375000000e-01 -6.831894764340470383e-01
1.665039062500000000e-01 -6.834854875139231289e-01
1.666259765625000000e-01 -6.837810965168971133e-01
1.667480468750000000e-01 -6.840763032690687639e-01
1.668701171875000000e-01 -6.843711075967762181e-01
1.669921875000000000e-01 -6.846655093265934244e-01
1.671142578125000000e-01 -6.849595082853315864e-01
1.672363281250000000e-01 -6.852531043000388289e-01
1.673583984375000000e-01 -6.855462971979998654e-01
1.674804687500000000e-01 -6.858390868067367752e-01
1.676025390625000000e-01 -6.861314729540095581e-01
1.677246093750000000e-01 -6.864234554678142475e-01
1.678466796875000000e-01 -6.867150341763856858e-01
1.679687500000000000e-01 -6.870062089081947487e-01
1.680908203125000000e-01 -6.872969794919518982e-01
1.682128906250000000e-01 -6.875873457566039626e-01
1.683349609375000000e-01 -6.878773075313358021e-01
1.684570312500000000e-01 -6.881668646455700866e-01
1.685791015625000000e-01 -6.884560169289682952e-01
1.687011718750000000e-01 -6.887447642114291613e-01
1.688232421875000000e-01 -6.890331063230912267e-01
1.689453125000000000e-01 -6.893210430943284006e-01
1.690673828125000000e-01 -6.896085743557566206e-01
1.691894531250000000e-01 -6.898956999382273025e-01
1.693115234375000000e-01 -6.901824196728330030e-01
1.694335937500000000e-01 -6.904687333909030889e-01
1.695556640625000000e-01 -6.907546409240068463e-01
1.696777343750000000e-01 -6.910401421039522596e-01
1.697998046875000000e-01 -6.913252367627865658e-01
1.699218750000000000e-01 -6.916099247327953670e-01
1.700439453125000000e-01 -6.918942058465046285e-01
1.701660156250000000e-01 -6.921780799366785697e-01
1.702880859375000000e-01 -6.924615468363222170e-01
1.704101562500000000e-01 -6.927446063786780739e-01
1.705322265625000000e-01 -6.930272583972306721e-01
1.706542968750000000e-01 -6.933095027257024645e-01
1.707763671875000000e-01 -6.935913391980564890e-01
1.708984375000000000e-01 -6.938727676484957030e-01
1.710205078125000000e-01 -6.941537879114629828e-01
1.711425781250000000e-01 -6.944343998216411240e-01
1.712646484375000000e-01 -6.947146032139540628e-01
1.713867187500000000e-01 -6.949943979235641001e-01
1.715087890625000000e-01 -6.952737837858764536e-01
1.716308593750000000e-01 -6.955527606365349280e-01
1.717529296875000000e-01 -6.958313283114251346e-01
1.718750000000000000e-01 -6.961094866466721598e-01
1.719970703125000000e-01 -6.963872354786437846e-01
1.721191406250000000e-01 -6.966645746439460440e-01
1.722412109375000000e-01 -6.969415039794285560e-01
1.723632812500000000e-01 -6.972180233221805246e-01
1.724853515625000000e-01 -6.974941325095327382e-01
1.726074218750000000e-01 -6.977698313790577922e-01
1.727294921875000000e-01 -6.980451197685682008e-01
1.728515625000000000e-01 -6.983199975161192841e-01
1.729736328125000000e-01 -6.985944644600082798e-01
1.730957031250000000e-01 -6.988685204387721228e-01
1.732177734375000000e-01 -6.991421652911917750e-01
1.733398437500000000e-01 -6.994153988562883395e-01
1.734619140625000000e-01 -6.996882209733257252e-01
1.735839843750000000e-01 -6.999606314818098696e-01
1.737060546875000000e-01 -7.002326302214885168e-01
1.738281250000000000e-01 -7.005042170323521056e-01
1.739501953125000000e-01 -7.007753917546328815e-01
1.740722656250000000e-01 -7.010461542288055625e-01
1.741943359375000000e-01 -7.013165042955882278e-01
1.743164062500000000e-01 -7.015864417959398747e-01
1.744384765625000000e-01 -7.018559665710645268e-01
1.745605468750000000e-01 -7.021250784624060159e-01
1.746826171875000000e-01 -7.023937773116547545e-01
1.748046875000000000e-01 -7.026620629607400748e-01
1.749267578125000000e-01 -7.029299352518380006e-01
1.750488281250000000e-01 -7.031973940273656964e-01
1.751708984375000000e-01 -7.034644391299840205e-01
1.752929687500000000e-01 -7.037310704025966368e-01
1.754150390625000000e-01 -7.039972876883521247e-01
1.755371093750000000e-01 -7.042630908306410920e-01
1.756591796875000000e-01 -7.045284796730991728e-01
1.757812500000000000e-01 -7.047934540596038078e-01
1.759033203125000000e-01 -7.050580138342785741e-01
1.760253906250000000e-01 -7.053221588414887444e-01
1.761474609375000000e-01 -7.055858889258455058e-01
1.762695312500000000e-01 -7.058492039322027400e-01
1.763916015625000000e-01 -7.061121037056590222e-01
1.765136718750000000e-01 -7.063745880915573983e-01
1.766357421875000000e-01 -7.066366569354850524e-01
1.767578125000000000e-01 -7.068983100832729738e-01
1.768798828125000000e-01 -7.071595473809988430e-01
1.770019531250000000e-01 -7.074203686749815922e-01
1.771240234375000000e-01 -7.076807738117885105e-01
1.772460937500000000e-01 -7.079407626382284713e-01
1.773681640625000000e-01 -7.082003350013582610e-01
1.774902343750000000e-01 -7.084594907484764725e-01
1.776123046875000000e-01 -7.087182297271297227e-01
1.777343750000000000e-01 -7.089765517851083221e-01
1.778564453125000000e-01 -7.092344567704479408e-01
1.779785156250000000e-01 -7.094919445314297191e-01
1.781005859375000000e-01 -7.097490149165798234e-01
1.782226562500000000e-01 -7.100056677746708900e-01
1.783447265625000000e-01 -7.102619029547204699e-01
1.784667968750000000e-01 -7.105177203059918067e-01
1.785888671875000000e-01 -7.107731196779950578e-01
1.787109375000000000e-01 -7.110281009204839631e-01
1.788330078125000000e-01 -7.112826638834607307e-01
1.789550781250000000e-01 -7.115368084171721508e-01
1.790771484375000000e-01 -7.117905343721114830e-01
1.791992187500000000e-01 -7.120438415990182346e-01
1.793212890625000000e-01 -7.122967299488783821e-01
1.794433593750000000e-01 -7.125491992729238167e-01
1.795654296875000000e-01 -7.128012494226347862e-01
1.796875000000000000e-01 -7.130528802497345664e-01
1.798095703125000000e-01 -7.133040916061971215e-01
1.799316406250000000e-01 -7.135548833442401095e-01
1.800537109375000000e-01 -7.138052553163294345e-01
1.801757812500000000e-01 -7.140552073751779139e-01
1.802978515625000000e-01 -7.143047393737453898e-01
1.804199218750000000e-01 -7.145538511652381741e-01
1.805419921875000000e-01 -7.148025426031102691e-01
1.806640625000000000e-01 -7.150508135410631461e-01
1.807861328125000000e-01 -7.152986638330454117e-01
1.809082031250000000e-01 -7.155460933332526974e-01
1.810302734375000000e-01 -7.157931018961295466e-01
1.811523437500000000e-01 -7.160396893763659731e-01
1.812744140625000000e-01 -7.162858556289017908e-01
1.813964843750000000e-01 -7.165316005089230611e-01
1.815185546875000000e-01 -7.167769238718648683e-01
1.816406250000000000e-01 -7.170218255734099877e-01
1.817626953125000000e-01 -7.172663054694888851e-01
1.818847656250000000e-01 -7.175103634162800503e-01
1.820068359375000000e-01 -7.177539992702106630e-01
1.821289062500000000e-01 -7.179972128879557047e-01
1.822509765625000000e-01 -7.182400041264399571e-01
1.823730468750000000e-01 -7.184823728428342271e-01
1.824951171875000000e-01 -7.187243188945603434e-01
1.826171875000000000e-01 -7.189658421392863819e-01
1.827392578125000000e-01 -7.192069424349322171e-01
1.828613281250000000e-01 -7.194476196396630829e-01
1.829833984375000000e-01 -7.196878736118954567e-01
1.831054687500000000e-01 -7.199277042102947277e-01
1.832275390625000000e-01 -7.201671112937738650e-01
1.833496093750000000e-01 -7.204060947214959709e-01
1.834716796875000000e-01 -7.206446543528731707e-01
1.835937500000000000e-01 -7.208827900475672790e-01
1.837158203125000000e-01 -7.211205016654897992e-01
1.838378906250000000e-01 -7.213577890667997039e-01
1.839599609375000000e-01 -7.215946521119085411e-01
1.840820312500000000e-01 -7.218310906614743283e-01
1.842041015625000000e-01 -7.220671045764071039e-01
1.843261718750000000e-01 -7.223026937178660400e-01
1.844482421875000000e-01 -7.225378579472601093e-01
1.845703125000000000e-01 -7.227725971262479732e-01
1.846923828125000000e-01 -7.230069111167388707e-01
1.848144531250000000e-01 -7.232407997808917299e-01
1.849365234375000000e-01 -7.234742629811159453e-01
1.850585937500000000e-01 -7.237073005800714887e-01
1.851806640625000000e-01 -7.239399124406677988e-01
1.853027343750000000e-01 -7.241720984260651139e-01
1.854248046875000000e-01 -7.244038583996754710e-01
1.855468750000000000e-01 -7.246351922251591526e-01
1.856689453125000000e-01 -7.248660997664296834e-01
1.857910156250000000e-01 -7.250965808876490559e-01
1.859130859375000000e-01 -7.253266354532318383e-01
1.860351562500000000e-01 -7.255562633278423990e-01
1.861572265625000000e-01 -7.257854643763971270e-01
1.862792968750000000e-01 -7.260142384640623225e-01
1.864013671875000000e-01 -7.262425854562567507e-01
1.865234375000000000e-01 -7.264705052186488654e-01
1.866455078125000000e-01 -7.266979976171602518e-01
1.867675781250000000e-01 -7.269250625179622949e-01
1.868896484375000000e-01 -7.271516997874789556e-01
1.870117187500000000e-01 -7.273779092923856604e-01
1.871337890625000000e-01 -7.276036908996084129e-01
1.872558593750000000e-01 -7.278290444763262368e-01
1.873779296875000000e-01 -7.280539698899691770e-01
1.875000000000000000e-01 -7.282784670082190770e-01
1.876220703125000000e-01 -7.285025356990115775e-01
1.877441406250000000e-01 -7.287261758305311199e-01
1.878662109375000000e-01 -7.289493872712170530e-01
1.879882812500000000e-01 -7.291721698897589699e-01
1.881103515625000000e-01 -7.293945235551007045e-01
1.882324218750000000e-01 -7.296164481364360022e-01
1.883544921875000000e-01 -7.298379435032131823e-01
1.884765625000000000e-01 -7.300590095251322520e-01
1.885986328125000000e-01 -7.302796460721455718e-01
1.887207031250000000e-01 -7.304998530144583002e-01
1.888427734375000000e-01 -7.307196302225283935e-01
1.889648437500000000e-01 -7.309389775670662726e-01
1.890869140625000000e-01 -7.311578949190364884e-01
1.892089843750000000e-01 -7.313763821496541695e-01
1.893310546875000000e-01 -7.315944391303907945e-01
1.894531250000000000e-01 -7.318120657329670875e-01
1.895751953125000000e-01 -7.320292618293602338e-01
1.896972656250000000e-01 -7.322460272917988844e-01
1.898193359375000000e-01 -7.324623619927658202e-01
1.899414062500000000e-01 -7.326782658049962871e-01
1.900634765625000000e-01 -7.328937386014805488e-01
1.901855468750000000e-01 -7.331087802554605570e-01
1.903076171875000000e-01 -7.333233906404336144e-01
1.904296875000000000e-01 -7.335375696301490445e-01
1.905517578125000000e-01 -7.337513170986121880e-01
1.906738281250000000e-01 -7.339646329200796293e-01
1.907958984375000000e-01 -7.341775169690640812e-01
1.909179687500000000e-01 -7.343899691203306102e-01
1.910400390625000000e-01 -7.346019892488994119e-01
1.911621093750000000e-01 -7.348135772300450341e-01
1.912841796875000000e-01 -7.350247329392948226e-01
1.914062500000000000e-01 -7.352354562524314741e-01
1.915283203125000000e-01 -7.354457470454928147e-01
1.916503906250000000e-01 -7.356556051947688024e-01
1.917724609375000000e-01 -7.358650305768068556e-01
1.918945312500000000e-01 -7.360740230684058583e-01
1.920166015625000000e-01 -7.362825825466223773e-01
1.921386718750000000e-01 -7.364907088887646669e-01
1.922607421875000000e-01 -7.366984019723985533e-01
1.923828125000000000e-01 -7.369056616753429934e-01
1.925048828125000000e-01 -7.371124878756729615e-01
1.926269531250000000e-01 -7.373188804517173400e-01
1.927490234375000000e-01 -7.375248392820610288e-01
1.928710937500000000e-01 -7.377303642455435018e-01
1.929931640625000000e-01 -7.379354552212604723e-01
1.931152343750000000e-01 -7.381401120885608957e-01
1.932373046875000000e-01 -7.383443347270518542e-01
1.933593750000000000e-01 -7.385481230165931166e-01
1.934814453125000000e-01 -7.387514768373022456e-01
1.936035156250000000e-01 -7.389543960695507119e-01
1.937255859375000000e-01 -7.391568805939670028e-01
1.938476562500000000e-01 -7.393589302914347350e-01
1.939697265625000000e-01 -7.395605450430923211e-01
1.940917968750000000e-01 -7.397617247303359678e-01
1.942138671875000000e-01 -7.399624692348165667e-01
1.943359375000000000e-01 -7.401627784384403608e-01
1.944580078125000000e-01 -7.403626522233726082e-01
1.945800781250000000e-01 -7.405620904720311426e-01
1.947021484375000000e-01 -7.407610930670922578e-01
1.948242187500000000e-01 -7.409596598914872656e-01
1.949462890625000000e-01 -7.411577908284047167e-01
1.950683593750000000e-01 -7.413554857612895121e-01
1.951904296875000000e-01 -7.415527445738427925e-01
1.953125000000000000e-01 -7.417495671500218268e-01
1.954345703125000000e-01 -7.419459533740415669e-01
1.955566406250000000e-01 -7.421419031303724267e-01
1.956787109375000000e-01 -7.423374163037428364e-01
1.958007812500000000e-01 -7.425324927791367990e-01
1.959228515625000000e-01 -7.427271324417966669e-01
1.960449218750000000e-01 -7.429213351772201435e-01
1.961669921875000000e-01 -7.431151008711631700e-01
1.962890625000000000e-01 -7.433084294096380384e-01
1.964111328125000000e-01 -7.435013206789152784e-01
1.965332031250000000e-01 -7.436937745655213261e-01
1.966552734375000000e-01 -7.438857909562404114e-01
1.967773437500000000e-01 -7.440773697381147800e-01
1.968994140625000000e-01 -7.442685107984432502e-01
1.970214843750000000e-01 -7.444592140247819900e-01
1.971435546875000000e-01 -7.446494793049461824e-01
1.972656250000000000e-01 -7.448393065270068059e-01
1.973876953125000000e-01 -7.450286955792941868e-01
1.975097656250000000e-01 -7.452176463503948911e-01
1.976318359375000000e-01 -7.454061587291546109e-01
1.977539062500000000e-01 -7.455942326046761659e-01
1.978759765625000000e-01 -7.457818678663203915e-01
1.979980468750000000e-01 -7.459690644037061391e-01
1.981201171875000000e-01 -7.461558221067109420e-01
1.982421875000000000e-01 -7.463421408654697942e-01
1.983642578125000000e-01 -7.465280205703765937e-01
1.984863281250000000e-01 -7.467134611120823662e-01
1.986083984375000000e-01 -7.468984623814981516e-01
1.987304687500000000e-01 -7.470830242697912293e-01
1.988525390625000000e-01 -7.472671466683898922e-01
1.989746093750000000e-01 -7.474508294689787835e-01
1.990966796875000000e-01 -7.476340725635024498e-01
1.992187500000000000e-01 -7.478168758441633424e-01
1.993408203125000000e-01 -7.479992392034235937e-01
1.994628906250000000e-01 -7.481811625340031302e-01
1.995849609375000000e-01 -7.483626457288814482e-01
1.997070312500000000e-01 -7.485436886812958379e-01
1.998291015625000000e-01 -7.487242912847446030e-01
1.999511718750000000e-01 -7.489044534329827307e-01
2.000732421875000000e-01 -7.490841750200265547e-01
2.001953125000000000e-01 -7.492634559401493144e-01
2.003173828125000000e-01 -7.494422960878857065e-01
2.004394531250000000e-01 -7.496206953580282217e-01
2.005615234375000000e-01 -7.497986536456290318e-01
2.006835937500000000e-01 -7.499761708460004339e-01
2.008056640625000000e-01 -7.501532468547129628e-01
2.009277343750000000e-01 -7.503298815675976119e-01
2.010498046875000000e-01 -7.505060748807449444e-01
2.011718750000000000e-01 -7.506818266905043169e-01
2.012939453125000000e-01 -7.508571368934866541e-01
2.014160156250000000e-01 -7.510320053865602308e-01
2.015380859375000000e-01 -7.512064320668555562e-01
2.016601562500000000e-01 -7.513804168317604892e-01
2.017822265625000000e-01 -7.515539595789257898e-01
2.019042968750000000e-01 -7.517270602062595675e-01
2.020263671875000000e-01 -7.518997186119321663e-01
2.021484375000000000e-01 -7.520719346943721684e-01
2.022705078125000000e-01 -7.522437083522695023e-01
2.023925781250000000e-01 -7.524150394845745549e-01
2.025146484375000000e-01 -7.525859279904980603e-01
2.026367187500000000e-01 -7.527563737695092128e-01
2.027587890625000000e-01 -7.529263767213403291e-01
2.028808593750000000e-01 -7.530959367459825193e-01
2.030029296875000000e-01 -7.532650537436883509e-01
2.031250000000000000e-01 -7.534337276149706275e-01
2.032470703125000000e-01 -7.536019582606029443e-01
2.033691406250000000e-01 -7.537697455816191328e-01
2.034912109375000000e-01 -7.539370894793143707e-01
2.036132812500000000e-01 -7.541039898552446274e-01
2.037353515625000000e-01 -7.542704466112271078e-01
2.038574218750000000e-01 -7.544364596493386976e-01
2.039794921875000000e-01 -7.546020288719190727e-01
2.041015625000000000e-01 -7.547671541815674789e-01
2.042236328125000000e-01 -7.549318354811453968e-01
2.043457031250000000e-01 -7.550960726737747652e-01
2.044677734375000000e-01 -7.552598656628392026e-01
2.045898437500000000e-01 -7.554232143519835629e-01
2.047119140625000000e-01 -7.555861186451143796e-01
2.048339843750000000e-01 -7.557485784463983114e-01
2.049560546875000000e-01 -7.559105936602650289e-01
2.050781250000000000e-01 -7.560721641914049940e-01
2.052001953125000000e-01 -7.562332899447711254e-01
2.053222656250000000e-01 -7.563939708255761341e-01
2.054443359375000000e-01 -7.565542067392966308e-01
2.055664062500000000e-01 -7.567139975916692407e-01
2.056884765625000000e-01 -7.568733432886933787e-01
2.058105468750000000e-01 -7.570322437366301394e-01
2.059326171875000000e-01 -7.571906988420024076e-01
2.060546875000000000e-01 -7.573487085115947481e-01
2.061767578125000000e-01 -7.575062726524552925e-01
2.062988281250000000e-01 -7.576633911718919645e-01
2.064208984375000000e-01 -7.578200639774764769e-01
2.065429687500000000e-01 -7.579762909770418888e-01
2.066650390625000000e-01 -7.581320720786843825e-01
2.067871093750000000e-01 -7.582874071907617086e-01
2.069091796875000000e-01 -7.584422962218939634e-01
2.070312500000000000e-01 -7.585967390809643662e-01
2.071533203125000000e-01 -7.587507356771182598e-01
2.072753906250000000e-01 -7.589042859197627777e-01
2.073974609375000000e-01 -7.590573897185688423e-01
2.075195312500000000e-01 -7.592100469834691667e-01
2.076416015625000000e-01 -7.593622576246594758e-01
2.077636718750000000e-01 -7.595140215525980620e-01
2.078857421875000000e-01 -7.596653386780064521e-01
2.080078125000000000e-01 -7.598162089118682960e-01
2.081298828125000000e-01 -7.599666321654309220e-01
2.082519531250000000e-01 -7.601166083502033377e-01
2.083740234375000000e-01 -7.602661373779595611e-01
2.084960937500000000e-01 -7.604152191607347344e-01
2.086181640625000000e-01 -7.605638536108282333e-01
2.087402343750000000e-01 -7.607120406408021118e-01
2.088623046875000000e-01 -7.608597801634819913e-01
2.089843750000000000e-01 -7.610070720919561715e-01
2.091064453125000000e-01 -7.611539163395767416e-01
2.092285156250000000e-01 -7.613003128199591352e-01
2.093505859375000000e-01 -7.614462614469821311e-01
2.094726562500000000e-01 -7.615917621347874089e-01
2.095947265625000000e-01 -7.617368147977812143e-01
2.097167968750000000e-01 -7.618814193506323607e-01
2.098388671875000000e-01 -7.620255757082743386e-01
2.099609375000000000e-01 -7.621692837859027625e-01
2.100830078125000000e-01 -7.623125434989790339e-01
2.102050781250000000e-01 -7.624553547632261230e-01
2.103271484375000000e-01 -7.625977174946324544e-01
2.104492187500000000e-01 -7.627396316094490203e-01
2.105712890625000000e-01 -7.628810970241923783e-01
2.106933593750000000e-01 -7.630221136556409878e-01
2.108154296875000000e-01 -7.631626814208396503e-01
2.109375000000000000e-01 -7.633028002370948473e-01
2.110595703125000000e-01 -7.634424700219788473e-01
2.111816406250000000e-01 -7.635816906933274861e-01
2.113037109375000000e-01 -7.637204621692407214e-01
2.114257812500000000e-01 -7.638587843680826328e-01
2.115478515625000000e-01 -7.639966572084824215e-01
2.116699218750000000e-01 -7.641340806093327442e-01
2.117919921875000000e-01 -7.642710544897908242e-01
2.119140625000000000e-01 -7.644075787692783397e-01
2.120361328125000000e-01 -7.645436533674822011e-01
2.121582031250000000e-01 -7.646792782043525527e-01
2.122802734375000000e-01 -7.648144532001052154e-01
2.124023437500000000e-01 -7.649491782752197988e-01
2.125244140625000000e-01 -7.650834533504417001e-01
2.126464843750000000e-01 -7.652172783467796613e-01
2.127685546875000000e-01 -7.653506531855079897e-01
2.128906250000000000e-01 -7.654835777881662251e-01
2.130126953125000000e-01 -7.656160520765579180e-01
2.131347656250000000e-01 -7.657480759727512964e-01
2.132568359375000000e-01 -7.658796493990814858e-01
2.133789062500000000e-01 -7.660107722781456241e-01
2.135009765625000000e-01 -7.661414445328089684e-01
2.136230468750000000e-01 -7.662716660861990103e-01
2.137451171875000000e-01 -7.664014368617111383e-01
2.138671875000000000e-01 -7.665307567830033086e-01
2.139892578125000000e-01 -7.666596257740007081e-01
2.141113281250000000e-01 -7.667880437588930898e-01
2.142333984375000000e-01 -7.669160106621346618e-01
2.143554687500000000e-01 -7.670435264084467519e-01
2.144775390625000000e-01 -7.671705909228146991e-01
2.145996093750000000e-01 -7.672972041304894075e-01
2.147216796875000000e-01 -7.674233659569880128e-01
2.148437500000000000e-01 -7.675490763280923279e-01
2.149658203125000000e-01 -7.676743351698511741e-01
2.150878906250000000e-01 -7.677991424085767180e-01
2.152099609375000000e-01 -7.679234979708492448e-01
2.153320312500000000e-01 -7.680474017835128286e-01
2.154541015625000000e-01 -7.681708537736783304e-01
2.155761718750000000e-01 -7.682938538687218433e-01
2.156982421875000000e-01 -7.684164019962859138e-01
2.158203125000000000e-01 -7.685384980842783209e-01
2.159423828125000000e-01 -7.686601420608738522e-01
2.160644531250000000e-01 -7.687813338545113062e-01
2.161865234375000000e-01 -7.689020733938973784e-01
2.163085937500000000e-01 -7.690223606080041074e-01
2.164306640625000000e-01 -7.691421954260694305e-01
2.165527343750000000e-01 -7.692615777775978492e-01
2.166748046875000000e-01 -7.693805075923595416e-01
2.167968750000000000e-01 -7.694989848003911392e-01
2.169189453125000000e-01 -7.696170093319960603e-01
2.170410156250000000e-01 -7.697345811177427333e-01
2.171630859375000000e-01 -7.698517000884674832e-01
2.172851562500000000e-01 -7.699683661752713126e-01
2.174072265625000000e-01 -7.700845793095237868e-01
2.175292968750000000e-01 -7.702003394228588151e-01
2.176513671875000000e-01 -7.703156464471780929e-01
2.177734375000000000e-01 -7.704305003146488806e-01
2.178955078125000000e-01 -7.705449009577062247e-01
2.180175781250000000e-01 -7.706588483090511810e-01
2.181396484375000000e-01 -7.707723423016512587e-01
2.182617187500000000e-01 -7.708853828687406429e-01
2.183837890625000000e-01 -7.709979699438206380e-01
2.185058593750000000e-01 -7.711101034606594462e-01
2.186279296875000000e-01 -7.712217833532918343e-01
2.187500000000000000e-01 -7.713330095560183564e-01
2.188720703125000000e-01 -7.714437820034094617e-01
2.189941406250000000e-01 -7.715541006302983895e-01
2.191162109375000000e-01 -7.716639653717893843e-01
2.192382812500000000e-01 -7.717733761632504796e-01
2.193603515625000000e-01 -7.718823329403190492e-01
2.194824218750000000e-01 -7.719908356388980319e-01
2.196044921875000000e-01 -7.720988841951583748e-01
2.197265625000000000e-01 -7.722064785455380331e-01
2.198486328125000000e-01 -7.723136186267416381e-01
2.199707031250000000e-01 -7.724203043757417175e-01
2.200927734375000000e-01 -7.725265357297774749e-01
2.202148437500000000e-01 -7.726323126263561214e-01
2.203369140625000000e-01 -7.727376350032519881e-01
2.204589843750000000e-01 -7.728425027985057483e-01
2.205810546875000000e-01 -7.729469159504275266e-01
2.207031250000000000e-01 -7.730508743975926800e-01
2.208251953125000000e-01 -7.731543780788461273e-01
2.209472656250000000e-01 -7.732574269332985750e-01
2.210693359375000000e-01 -7.733600209003295145e-01
2.211914062500000000e-01 -7.734621599195850017e-01
2.213134765625000000e-01 -7.735638439309798775e-01
2.214355468750000000e-01 -7.736650728746956585e-01
2.215576171875000000e-01 -7.737658466911825350e-01
2.216796875000000000e-01 -7.738661653211565961e-01
2.218017578125000000e-01 -7.739660287056046029e-01
2.219238281250000000e-01 -7.740654367857783269e-01
2.220458984375000000e-01 -7.741643895031993239e-01
2.221679687500000000e-01 -7.742628867996553810e-01
2.222900390625000000e-01 -7.743609286172039585e-01
2.224121093750000000e-01 -7.744585148981691924e-01
2.225341796875000000e-01 -7.745556455851434485e-01
2.226562500000000000e-01 -7.746523206209869894e-01
2.227783203125000000e-01 -7.747485399488294178e-01
2.229003906250000000e-01 -7.748443035120664568e-01
2.230224609375000000e-01 -7.749396112543636139e-01
2.231445312500000000e-01 -7.750344631196527390e-01
2.232666015625000000e-01 -7.751288590521359101e-01
2.233886718750000000e-01 -7.752227989962819921e-01
2.235107421875000000e-01 -7.753162828968287457e-01
2.236328125000000000e-01 -7.754093106987817174e-01
2.237548828125000000e-01 -7.755018823474153500e-01
2.238769531250000000e-01 -7.755939977882714276e-01
2.239990234375000000e-01 -7.756856569671619628e-01
2.241210937500000000e-01 -7.757768598301653107e-01
2.242431640625000000e-01 -7.758676063236294995e-01
2.243652343750000000e-01 -7.759578963941705654e-01
2.244873046875000000e-01 -7.760477299886735514e-01
2.246093750000000000e-01 -7.761371070542912864e-01
2.247314453125000000e-01 -7.762260275384457175e-01
2.248535156250000000e-01 -7.763144913888272436e-01
2.249755859375000000e-01 -7.764024985533948264e-01
2.250976562500000000e-01 -7.764900489803758799e-01
2.252197265625000000e-01 -7.765771426182672688e-01
2.253417968750000000e-01 -7.766637794158331998e-01
2.254638671875000000e-01 -7.767499593221085519e-01
2.255859375000000000e-01 -7.768356822863947686e-01
2.257080078125000000e-01 -7.769209482582644100e-01
2.258300781250000000e-01 -7.770057571875567115e-01
2.259521484375000000e-01 -7.770901090243815812e-01
2.260742187500000000e-01 -7.771740037191163797e-01
2.261962890625000000e-01 -7.772574412224082518e-01
2.263183593750000000e-01 -7.773404214851726834e-01
2.264404296875000000e-01 -7.774229444585954996e-01
2.265625000000000000e-01 -7.775050100941296449e-01
2.266845703125000000e-01 -7.775866183434984036e-01
2.268066406250000000e-01 -7.776677691586936225e-01
2.269287109375000000e-01 -7.777484624919767109e-01
2.270507812500000000e-01 -7.778286982958771967e-01
2.271728515625000000e-01 -7.779084765231949472e-01
2.272949218750000000e-01 -7.779877971269983927e-01
2.274169921875000000e-01 -7.780666600606251926e-01
2.275390625000000000e-01 -7.781450652776819021e-01
2.276611328125000000e-01 -7.782230127320458601e-01
2.277832031250000000e-01 -7.783005023778616360e-01
2.279052734375000000e-01 -7.783775341695439165e-01
2.280273437500000000e-01 -7.784541080617778386e-01
2.281494140625000000e-01 -7.785302240095163251e-01
2.282714843750000000e-01 -7.786058819679820830e-01
2.283935546875000000e-01 -7.786810818926683808e-01
2.285156250000000000e-01 -7.787558237393358285e-01
2.286376953125000000e-01 -7.788301074640169297e-01
2.287597656250000000e-01 -7.789039330230116409e-01
2.288818359375000000e-01 -7.789773003728909240e-01
2.290039062500000000e-01 -7.790502094704938596e-01
2.291259765625000000e-01 -7.791226602729306450e-01
2.292480468750000000e-01 -7.791946527375798182e-01
2.293701171875000000e-01 -7.792661868220908117e-01
2.294921875000000000e-01 -7.793372624843807328e-01
2.296142578125000000e-01 -7.794078796826386935e-01
2.297363281250000000e-01 -7.794780383753222575e-01
2.298583984375000000e-01 -7.795477385211585508e-01
2.299804687500000000e-01 -7.796169800791444837e-01
2.301025390625000000e-01 -7.796857630085477497e-01
2.302246093750000000e-01 -7.797540872689049385e-01
2.303466796875000000e-01 -7.798219528200222017e-01
2.304687500000000000e-01 -7.798893596219760305e-01
2.305908203125000000e-01 -7.799563076351135882e-01
2.307128906250000000e-01 -7.800227968200502682e-01
2.308349609375000000e-01 -7.800888271376726912e-01
2.309570312500000000e-01 -7.801543985491362632e-01
2.310791015625000000e-01 -7.802195110158676172e-01
2.312011718750000000e-01 -7.802841644995626158e-01
2.313232421875000000e-01 -7.803483589621872385e-01
2.314453125000000000e-01 -7.804120943659772491e-01
2.315673828125000000e-01 -7.804753706734391949e-01
2.316894531250000000e-01 -7.805381878473492963e-01
2.318115234375000000e-01 -7.806005458507531136e-01
2.319335937500000000e-01 -7.806624446469681011e-01
2.320556640625000000e-01 -7.807238841995798317e-01
2.321777343750000000e-01 -7.807848644724453280e-01
2.322998046875000000e-01 -7.808453854296919516e-01
2.324218750000000000e-01 -7.809054470357158495e-01
2.325439453125000000e-01 -7.809650492551855061e-01
2.326660156250000000e-01 -7.810241920530373028e-01
2.327880859375000000e-01 -7.810828753944798475e-01
2.329101562500000000e-01 -7.811410992449906443e-01
2.330322265625000000e-01 -7.811988635703188688e-01
2.331542968750000000e-01 -7.812561683364824816e-01
2.332763671875000000e-01 -7.813130135097711149e-01
2.333984375000000000e-01 -7.813693990567435188e-01
2.335205078125000000e-01 -7.814253249442304483e-01
2.336425781250000000e-01 -7.814807911393313322e-01
2.337646484375000000e-01 -7.815357976094178261e-01
2.338867187500000000e-01 -7.815903443221297042e-01
2.340087890625000000e-01 -7.816444312453796339e-01
2.341308593750000000e-01 -7.816980583473488453e-01
2.342529296875000000e-01 -7.817512255964910173e-01
2.343750000000000000e-01 -7.818039329615279476e-01
2.344970703125000000e-01 -7.818561804114544378e-01
2.346191406250000000e-01 -7.819079679155337415e-01
2.347412109375000000e-01 -7.819592954433012277e-01
2.348632812500000000e-01 -7.820101629645616059e-01
2.349853515625000000e-01 -7.820605704493914789e-01
2.351074218750000000e-01 -7.821105178681369008e-01
2.352294921875000000e-01 -7.821600051914152640e-01
2.353515625000000000e-01 -7.822090323901140785e-01
2.354736328125000000e-01 -7.822575994353930806e-01
2.355957031250000000e-01 -7.823057062986804588e-01
2.357177734375000000e-01 -7.823533529516765173e-01
2.358398437500000000e-01 -7.824005393663518992e-01
2.359619140625000000e-01 -7.824472655149482536e-01
2.360839843750000000e-01 -7.824935313699770134e-01
2.362060546875000000e-01 -7.825393369042225045e-01
2.363281250000000000e-01 -7.825846820907369494e-01
2.364501953125000000e-01 -7.826295669028465740e-01
2.365722656250000000e-01 -7.826739913141458338e-01
2.366943359375000000e-01 -7.827179552985009670e-01
2.368164062500000000e-01 -7.827614588300493281e-01
2.369384765625000000e-01 -7.828045018831990554e-01
2.370605468750000000e-01 -7.828470844326286260e-01
2.371826171875000000e-01 -7.828892064532881889e-01
2.373046875000000000e-01 -7.829308679203980104e-01
2.374267578125000000e-01 -7.829720688094503611e-01
2.375488281250000000e-01 -7.830128090962072962e-01
2.376708984375000000e-01 -7.830530887567028753e-01
2.377929687500000000e-01 -7.830929077672406091e-01
2.379150390625000000e-01 -7.831322661043970124e-01
2.380371093750000000e-01 -7.831711637450181618e-01
2.381591796875000000e-01 -7.832096006662215837e-01
2.382812500000000000e-01 -7.832475768453956988e-01
2.384033203125000000e-01 -7.832850922602008215e-01
2.385253906250000000e-01 -7.833221468885669392e-01
2.386474609375000000e-01 -7.833587407086958221e-01
2.387695312500000000e-01 -7.833948736990602457e-01
2.388916015625000000e-01 -7.834305458384043241e-01
2.390136718750000000e-01 -7.834657571057427328e-01
2.391357421875000000e-01 -7.835005074803621516e-01
2.392578125000000000e-01 -7.835347969418190450e-01
2.393798828125000000e-01 -7.835686254699425479e-01
2.395019531250000000e-01 -7.836019930448316906e-01
2.396240234375000000e-01 -7.836348996468576189e-01
2.397460937500000000e-01 -7.836673452566618181e-01
2.398681640625000000e-01 -7.836993298551575560e-01
2.399902343750000000e-01 -7.837308534235291058e-01
2.401123046875000000e-01 -7.837619159432320792e-01
2.402343750000000000e-01 -7.837925173959927605e-01
2.403564453125000000e-01 -7.838226577638099934e-01
2.404785156250000000e-01 -7.838523370289519621e-01
2.406005859375000000e-01 -7.838815551739600762e-01
2.407226562500000000e-01 -7.839103121816450859e-01
2.408447265625000000e-01 -7.839386080350905228e-01
2.409667968750000000e-01 -7.839664427176504802e-01
2.410888671875000000e-01 -7.839938162129509447e-01
2.412109375000000000e-01 -7.840207285048881314e-01
2.413330078125000000e-01 -7.840471795776311481e-01
2.414550781250000000e-01 -7.840731694156184428e-01
2.415771484375000000e-01 -7.840986980035616893e-01
2.416992187500000000e-01 -7.841237653264423457e-01
2.418212890625000000e-01 -7.841483713695147628e-01
2.419433593750000000e-01 -7.841725161183030757e-01
2.420654296875000000e-01 -7.841961995586043122e-01
2.421875000000000000e-01 -7.842194216764855064e-01
2.423095703125000000e-01 -7.842421824582859191e-01
2.424316406250000000e-01 -7.842644818906161497e-01
2.425537109375000000e-01 -7.842863199603575808e-01
2.426757812500000000e-01 -7.843076966546637108e-01
2.427978515625000000e-01 -7.843286119609594875e-01
2.429199218750000000e-01 -7.843490658669400872e-01
2.430419921875000000e-01 -7.843690583605739119e-01
2.431640625000000000e-01 -7.843885894300991479e-01
2.432861328125000000e-01 -7.844076590640272073e-01
2.434082031250000000e-01 -7.844262672511386203e-01
2.435302734375000000e-01 -7.844444139804879201e-01
2.436523437500000000e-01 -7.844620992413984251e-01
2.437744140625000000e-01 -7.844793230234681225e-01
2.438964843750000000e-01 -7.844960853165628967e-01
2.440185546875000000e-01 -7.845123861108230789e-01
2.441406250000000000e-01 -7.845282253966591179e-01
2.442626953125000000e-01 -7.845436031647533559e-01
2.443847656250000000e-01 -7.845585194060585854e-01
2.445068359375000000e-01 -7.845729741118013800e-01
2.446289062500000000e-01 -7.845869672734766542e-01
2.447509765625000000e-01 -7.846004988828542137e-01
2.448730468750000000e-01 -7.846135689319728712e-01
2.449951171875000000e-01 -7.846261774131439992e-01
2.451171875000000000e-01 -7.846383243189503087e-01
2.452392578125000000e-01 -7.846500096422462933e-01
2.453613281250000000e-01 -7.846612333761576741e-01
2.454833984375000000e-01 -7.846719955140818437e-01
2.456054687500000000e-01 -7.846822960496876442e-01
2.457275390625000000e-01 -7.846921349769155896e-01
2.458496093750000000e-01 -7.847015122899776429e-01
2.459716796875000000e-01 -7.847104279833574392e-01
2.460937500000000000e-01 -7.847188820518097296e-01
2.462158203125000000e-01 -7.847268744903623805e-01
2.463378906250000000e-01 -7.847344052943118209e-01
2.464599609375000000e-01 -7.847414744592294822e-01
2.465820312500000000e-01 -7.847480819809560249e-01
2.467041015625000000e-01 -7.847542278556046691e-01
2.468261718750000000e-01 -7.847599120795596406e-01
2.469482421875000000e-01 -7.847651346494776137e-01
2.470703125000000000e-01 -7.847698955622851580e-01
2.471923828125000000e-01 -7.847741948151830682e-01
2.473144531250000000e-01 -7.847780324056409240e-01
2.474365234375000000e-01 -7.847814083314018641e-01
2.475585937500000000e-01 -7.847843225904796993e-01
2.476806640625000000e-01 -7.847867751811602455e-01
2.478027343750000000e-01 -7.847887661019999905e-01
2.479248046875000000e-01 -7.847902953518289815e-01
2.480468750000000000e-01 -7.847913629297461613e-01
2.481689453125000000e-01 -7.847919688351252532e-01
2.482910156250000000e-01 -7.847921130676080992e-01
2.484130859375000000e-01 -7.847917956271107665e-01
2.485351562500000000e-01 -7.847910165138193284e-01
2.486572265625000000e-01 -7.847897757281934172e-01
2.487792968750000000e-01 -7.847880732709612284e-01
2.489013671875000000e-01 -7.847859091431260703e-01
2.490234375000000000e-01 -7.847832833459592594e-01
2.491455078125000000e-01 -7.847801958810068923e-01
2.492675781250000000e-01 -7.847766467500844056e-01
2.493896484375000000e-01 -7.847726359552803510e-01
2.495117187500000000e-01 -7.847681634989533972e-01
2.496337890625000000e-01 -7.847632293837351058e-01
2.497558593750000000e-01 -7.847578336125278220e-01
2.498779296875000000e-01 -7.847519761885061174e-01
2.500000000000000000e-01 -7.847456571151150140e-01
2.501220703125000000e-01 -7.847388763960729818e-01
2.502441406250000000e-01 -7.847316340353680530e-01
2.503662109375000000e-01 -7.847239300372611526e-01
2.504882812500000000e-01 -7.847157644062838777e-01
2.506103515625000000e-01 -7.847071371472404966e-01
2.507324218750000000e-01 -7.846980482652055056e-01
2.508544921875000000e-01 -7.846884977655265159e-01
2.509765625000000000e-01 -7.846784856538209230e-01
2.510986328125000000e-01 -7.846680119359792371e-01
2.512207031250000000e-01 -7.846570766181626411e-01
2.513427734375000000e-01 -7.846456797068041000e-01
2.514648437500000000e-01 -7.846338212086080288e-01
2.515869140625000000e-01 -7.846215011305508469e-01
2.517089843750000000e-01 -7.846087194798794240e-01
2.518310546875000000e-01 -7.845954762641138558e-01
2.519531250000000000e-01 -7.845817714910436891e-01
2.520751953125000000e-01 -7.845676051687321406e-01
2.521972656250000000e-01 -7.845529773055122114e-01
2.523193359375000000e-01 -7.845378879099895730e-01
2.524414062500000000e-01 -7.845223369910403477e-01
2.525634765625000000e-01 -7.845063245578133282e-01
2.526855468750000000e-01 -7.844898506197275356e-01
2.528076171875000000e-01 -7.844729151864748840e-01
2.529296875000000000e-01 -7.844555182680175154e-01
2.530517578125000000e-01 -7.844376598745901319e-01
2.531738281250000000e-01 -7.844193400166976637e-01
2.532958984375000000e-01 -7.844005587051181561e-01
2.534179687500000000e-01 -7.843813159508988830e-01
2.535400390625000000e-01 -7.843616117653608999e-01
2.536621093750000000e-01 -7.843414461600952681e-01
2.537841796875000000e-01 -7.843208191469652757e-01
2.539062500000000000e-01 -7.842997307381044392e-01
2.540283203125000000e-01 -7.842781809459195008e-01
2.541503906250000000e-01 -7.842561697830867651e-01
2.542724609375000000e-01 -7.842336972625558733e-01
2.543945312500000000e-01 -7.842107633975459180e-01
2.545166015625000000e-01 -7.841873682015487734e-01
2.546386718750000000e-01 -7.841635116883267642e-01
2.547607421875000000e-01 -7.841391938719144417e-01
2.548828125000000000e-01 -7.841144147666172515e-01
2.550048828125000000e-01 -7.840891743870121999e-01
2.551269531250000000e-01 -7.840634727479474098e-01
2.552490234375000000e-01 -7.840373098645427863e-01
2.553710937500000000e-01 -7.840106857521886852e-01
2.554931640625000000e-01 -7.839836004265481328e-01
2.556152343750000000e-01 -7.839560539035537179e-01
2.557373046875000000e-01 -7.839280461994116989e-01
2.558593750000000000e-01 -7.838995773305970083e-01
2.559814453125000000e-01 -7.838706473138583597e-01
2.561035156250000000e-01 -7.838412561662132516e-01
2.562255859375000000e-01 -7.838114039049528525e-01
2.563476562500000000e-01 -7.837810905476376711e-01
2.564697265625000000e-01 -7.837503161121007755e-01
2.565917968750000000e-01 -7.837190806164455736e-01
2.567138671875000000e-01 -7.836873840790476997e-01
2.568359375000000000e-01 -7.836552265185523503e-01
2.569580078125000000e-01 -7.836226079538783917e-01
2.570800781250000000e-01 -7.835895284042135867e-01
2.572021484375000000e-01 -7.835559878890181462e-01
2.573242187500000000e-01 -7.835219864280222879e-01
2.574462890625000000e-01 -7.834875240412292330e-01
2.575683593750000000e-01 -7.834526007489115429e-01
2.576904296875000000e-01 -7.834172165716146718e-01
2.578125000000000000e-01 -7.833813715301531921e-01
2.579345703125000000e-01 -7.833450656456143468e-01
2.580566406250000000e-01 -7.833082989393558293e-01
2.581787109375000000e-01 -7.832710714330064494e-01
2.583007812500000000e-01 -7.832333831484663555e-01
2.584228515625000000e-01 -7.831952341079064794e-01
2.585449218750000000e-01 -7.831566243337690914e-01
2.586669921875000000e-01 -7.831175538487671339e-01
2.587890625000000000e-01 -7.830780226758844442e-01
2.589111328125000000e-01 -7.830380308383773080e-01
2.590332031250000000e-01 -7.829975783597706851e-01
2.591552734375000000e-01 -7.829566652638622060e-01
2.592773437500000000e-01 -7.829152915747201735e-01
2.593994140625000000e-01 -7.828734573166835631e-01
2.595214843750000000e-01 -7.828311625143618002e-01
2.596435546875000000e-01 -7.827884071926367593e-01
2.597656250000000000e-01 -7.827451913766595437e-01
2.598876953125000000e-01 -7.827015150918539277e-01
2.600097656250000000e-01 -7.826573783639121373e-01
2.601318359375000000e-01 -7.826127812187998467e-01
2.602539062500000000e-01 -7.825677236827517369e-01
2.603759765625000000e-01 -7.825222057822740496e-01
2.604980468750000000e-01 -7.824762275441441428e-01
2.606201171875000000e-01 -7.824297889954097140e-01
2.607421875000000000e-01 -7.823828901633889110e-01
2.608642578125000000e-01 -7.823355310756721082e-01
2.609863281250000000e-01 -7.822877117601181318e-01
2.611083984375000000e-01 -7.822394322448590342e-01
2.612304687500000000e-01 -7.821906925582955417e-01
2.613525390625000000e-01 -7.821414927291006070e-01
2.614746093750000000e-01 -7.820918327862167452e-01
2.615966796875000000e-01 -7.820417127588579209e-01
2.617187500000000000e-01 -7.819911326765079940e-01
2.618408203125000000e-01 -7.819400925689228288e-01
2.619628906250000000e-01 -7.818885924661269637e-01
2.620849609375000000e-01 -7.818366323984176081e-01
2.622070312500000000e-01 -7.817842123963605339e-01
2.623291015625000000e-01 -7.817313324907939620e-01
2.624511718750000000e-01 -7.816779927128247873e-01
2.625732421875000000e-01 -7.816241930938325755e-01
2.626953125000000000e-01 -7.815699336654652329e-01
2.628173828125000000e-01 -7.815152144596431150e-01
2.629394531250000000e-01 -7.814600355085552508e-01
2.630615234375000000e-01 -7.814043968446623412e-01
2.631835937500000000e-01 -7.813482985006953152e-01
2.633056640625000000e-01 -7.812917405096553303e-01
2.634277343750000000e-01 -7.812347229048135500e-01
2.635498046875000000e-01 -7.811772457197130315e-01
2.636718750000000000e-01 -7.811193089881647289e-01
2.637939453125000000e-01 -7.810609127442527111e-01
2.639160156250000000e-01 -7.810020570223288328e-01
2.640380859375000000e-01 -7.809427418570175083e-01
2.641601562500000000e-01 -7.808829672832111601e-01
2.642822265625000000e-01 -7.808227333360744371e-01
2.644042968750000000e-01 -7.807620400510407732e-01
2.645263671875000000e-01 -7.807008874638153850e-01
2.646484375000000000e-01 -7.806392756103717190e-01
2.647705078125000000e-01 -7.805772045269552262e-01
2.648925781250000000e-01 -7.805146742500803647e-01
2.650146484375000000e-01 -7.804516848165323761e-01
2.651367187500000000e-01 -7.803882362633657310e-01
2.652587890625000000e-01 -7.803243286279060165e-01
2.653808593750000000e-01 -7.802599619477483817e-01
2.655029296875000000e-01 -7.801951362607584262e-01
2.656250000000000000e-01 -7.801298516050705345e-01
2.657470703125000000e-01 -7.800641080190913179e-01
2.658691406250000000e-01 -7.799979055414946183e-01
2.659912109375000000e-01 -7.799312442112266153e-01
2.661132812500000000e-01 -7.798641240675019404e-01
2.662353515625000000e-01 -7.797965451498060085e-01
2.663574218750000000e-01 -7.797285074978935748e-01
2.664794921875000000e-01 -7.796600111517895115e-01
2.666015625000000000e-01 -7.795910561517881421e-01
2.667236328125000000e-01 -7.795216425384545733e-01
2.668457031250000000e-01 -7.794517703526220309e-01
2.669677734375000000e-01 -7.793814396353955232e-01
2.670898437500000000e-01 -7.793106504281483993e-01
2.672119140625000000e-01 -7.792394027725240147e-01
2.673339843750000000e-01 -7.791676967104357310e-01
2.674560546875000000e-01 -7.790955322840662500e-01
2.675781250000000000e-01 -7.790229095358678357e-01
2.677001953125000000e-01 -7.789498285085634244e-01
2.678222656250000000e-01 -7.788762892451432940e-01
2.679443359375000000e-01 -7.788022917888702823e-01
2.680664062500000000e-01 -7.787278361832741247e-01
2.681884765625000000e-01 -7.786529224721555620e-01
2.683105468750000000e-01 -7.785775506995840090e-01
2.684326171875000000e-01 -7.785017209098989976e-01
2.685546875000000000e-01 -7.784254331477091782e-01
2.686767578125000000e-01 -7.783486874578933179e-01
2.687988281250000000e-01 -7.782714838855977479e-01
2.689208984375000000e-01 -7.781938224762403600e-01
2.690429687500000000e-01 -7.781157032755063874e-01
2.691650390625000000e-01 -7.780371263293524020e-01
2.692871093750000000e-01 -7.779580916840022065e-01
2.694091796875000000e-01 -7.778785993859506087e-01
2.695312500000000000e-01 -7.777986494819604246e-01
2.696533203125000000e-01 -7.777182420190646983e-01
2.697753906250000000e-01 -7.776373770445641487e-01
2.698974609375000000e-01 -7.775560546060307221e-01
2.700195312500000000e-01 -7.774742747513030405e-01
2.701416015625000000e-01 -7.773920375284910644e-01
2.702636718750000000e-01 -7.773093429859722070e-01
2.703857421875000000e-01 -7.772261911723941097e-01
2.705078125000000000e-01 -7.771425821366721998e-01
2.706298828125000000e-01 -7.770585159279924659e-01
2.707519531250000000e-01 -7.769739925958076832e-01
2.708740234375000000e-01 -7.768890121898416323e-01
2.709960937500000000e-01 -7.768035747600855467e-01
2.711181640625000000e-01 -7.767176803568005550e-01
2.712402343750000000e-01 -7.766313290305157935e-01
2.713623046875000000e-01 -7.765445208320299608e-01
2.714843750000000000e-01 -7.764572558124092083e-01
2.716064453125000000e-01 -7.763695340229903596e-01
2.717285156250000000e-01 -7.762813555153769141e-01
2.718505859375000000e-01 -7.761927203414431542e-01
2.719726562500000000e-01 -7.761036285533295942e-01
2.720947265625000000e-01 -7.760140802034475316e-01
2.722167968750000000e-01 -7.759240753444753835e-01
2.723388671875000000e-01 -7.758336140293611294e-01
2.724609375000000000e-01 -7.757426963113204232e-01
2.725830078125000000e-01 -7.756513222438385924e-01
2.727050781250000000e-01 -7.755594918806677507e-01
2.728271484375000000e-01 -7.754672052758295742e-01
2.729492187500000000e-01 -7.753744624836141908e-01
2.730712890625000000e-01 -7.752812635585795142e-01
2.731933593750000000e-01 -7.751876085555517992e-01
2.733154296875000000e-01 -7.750934975296270846e-01
2.734375000000000000e-01 -7.749989305361670855e-01
2.735595703125000000e-01 -7.749039076308037455e-01
2.736816406250000000e-01 -7.748084288694365718e-01
2.738037109375000000e-01 -7.747124943082330795e-01
2.739257812500000000e-01 -7.746161040036294576e-01
2.740478515625000000e-01 -7.745192580123292370e-01
2.741699218750000000e-01 -7.744219563913046223e-01
2.742919921875000000e-01 -7.743241991977958261e-01
2.744140625000000000e-01 -7.742259864893099586e-01
2.745361328125000000e-01 -7.741273183236245803e-01
2.746582031250000000e-01 -7.740281947587822620e-01
2.747802734375000000e-01 -7.739286158530956916e-01
2.749023437500000000e-01 -7.738285816651438997e-01
2.750244140625000000e-01 -7.737280922537751460e-01
2.751464843750000000e-01 -7.736271476781040324e-01
2.752685546875000000e-01 -7.735257479975141681e-01
2.753906250000000000e-01 -7.734238932716560599e-01
2.755126953125000000e-01 -7.733215835604487776e-01
2.756347656250000000e-01 -7.732188189240776222e-01
2.757568359375000000e-01 -7.731155994229973460e-01
2.758789062500000000e-01 -7.730119251179282669e-01
2.760009765625000000e-01 -7.729077960698603755e-01
2.761230468750000000e-01 -7.728032123400490061e-01
2.762451171875000000e-01 -7.726981739900193880e-01
2.763671875000000000e-01 -7.725926810815615386e-01
2.764892578125000000e-01 -7.724867336767351489e-01
2.766113281250000000e-01 -7.723803318378659188e-01
2.767333984375000000e-01 -7.722734756275473345e-01
2.768554687500000000e-01 -7.721661651086402234e-01
2.769775390625000000e-01 -7.720584003442727550e-01
2.770996093750000000e-01 -7.719501813978397742e-01
2.772216796875000000e-01 -7.718415083330041337e-01
2.773437500000000000e-01 -7.717323812136949179e-01
2.774658203125000000e-01 -7.716228001041096629e-01
2.775878906250000000e-01 -7.715127650687112482e-01
2.777099609375000000e-01 -7.714022761722307830e-01
2.778320312500000000e-01 -7.712913334796657194e-01
2.779541015625000000e-01 -7.711799370562815170e-01
2.780761718750000000e-01 -7.710680869676087568e-01
2.781982421875000000e-01 -7.709557832794471377e-01
2.783203125000000000e-01 -7.708430260578610360e-01
2.784423828125000000e-01 -7.707298153691835019e-01
2.785644531250000000e-01 -7.706161512800127067e-01
2.786865234375000000e-01 -7.705020338572146077e-01
2.788085937500000000e-01 -7.703874631679217266e-01
2.789306640625000000e-01 -7.702724392795325947e-01
2.790527343750000000e-01 -7.701569622597129738e-01
2.791748046875000000e-01 -7.700410321763955235e-01
2.792968750000000000e-01 -7.699246490977778024e-01
2.794189453125000000e-01 -7.698078130923267093e-01
2.795410156250000000e-01 -7.696905242287721549e-01
2.796630859375000000e-01 -7.695727825761133900e-01
2.797851562500000000e-01 -7.694545882036136764e-01
2.799072265625000000e-01 -7.693359411808046167e-01
2.800292968750000000e-01 -7.692168415774826018e-01
2.801513671875000000e-01 -7.690972894637115864e-01
2.802734375000000000e-01 -7.689772849098200913e-01
2.803955078125000000e-01 -7.688568279864043120e-01
2.805175781250000000e-01 -7.687359187643258984e-01
2.806396484375000000e-01 -7.686145573147122878e-01
2.807617187500000000e-01 -7.684927437089577040e-01
2.808837890625000000e-01 -7.683704780187217143e-01
2.810058593750000000e-01 -7.682477603159298951e-01
2.811279296875000000e-01 -7.681245906727747208e-01
2.812500000000000000e-01 -7.680009691617122325e-01
2.813720703125000000e-01 -7.678768958554678115e-01
2.814941406250000000e-01 -7.677523708270286296e-01
2.816162109375000000e-01 -7.676273941496508657e-01
2.817382812500000000e-01 -7.675019658968545988e-01
2.818603515625000000e-01 -7.673760861424261392e-01
2.819824218750000000e-01 -7.672497549604166966e-01
2.821044921875000000e-01 -7.671229724251446003e-01
2.822265625000000000e-01 -7.669957386111919684e-01
2.823486328125000000e-01 -7.668680535934080389e-01
2.824707031250000000e-01 -7.667399174469056167e-01
2.825927734375000000e-01 -7.666113302470647373e-01
2.827148437500000000e-01 -7.664822920695294473e-01
2.828369140625000000e-01 -7.663528029902098027e-01
2.829589843750000000e-01 -7.662228630852805367e-01
2.830810546875000000e-01 -7.660924724311825029e-01
2.832031250000000000e-01 -7.659616311046205661e-01
2.833251953125000000e-01 -7.658303391825660444e-01
2.834472656250000000e-01 -7.656985967422537120e-01
2.835693359375000000e-01 -7.655664038611852407e-01
2.836914062500000000e-01 -7.654337606171254249e-01
2.838134765625000000e-01 -7.653006670881055129e-01
2.839355468750000000e-01 -7.651671233524202087e-01
2.840576171875000000e-01 -7.650331294886305589e-01
2.841796875000000000e-01 -7.648986855755612879e-01
2.843017578125000000e-01 -7.647637916923031298e-01
2.844238281250000000e-01 -7.646284479182092753e-01
2.845458984375000000e-01 -7.644926543329003676e-01
2.846679687500000000e-01 -7.643564110162591740e-01
2.847900390625000000e-01 -7.642197180484346930e-01
2.849121093750000000e-01 -7.640825755098399341e-01
2.850341796875000000e-01 -7.639449834811520290e-01
2.851562500000000000e-01 -7.638069420433126755e-01
2.852783203125000000e-01 -7.636684512775289146e-01
2.854003906250000000e-01 -7.635295112652700222e-01
2.855224609375000000e-01 -7.633901220882726157e-01
2.856445312500000000e-01 -7.632502838285337710e-01
2.857666015625000000e-01 -7.631099965683183495e-01
2.858886718750000000e-01 -7.629692603901527814e-01
2.860107421875000000e-01 -7.628280753768287292e-01
2.861328125000000000e-01 -7.626864416114016443e-01
2.862548828125000000e-01 -7.625443591771914331e-01
2.863769531250000000e-01 -7.624018281577809031e-01
2.864990234375000000e-01 -7.622588486370180938e-01
2.866210937500000000e-01 -7.621154206990136126e-01
2.867431640625000000e-01 -7.619715444281428551e-01
2.868652343750000000e-01 -7.618272199090435626e-01
2.869873046875000000e-01 -7.616824472266194856e-01
2.871093750000000000e-01 -7.615372264660357216e-01
2.872314453125000000e-01 -7.613915577127228218e-01
2.873535156250000000e-01 -7.612454410523725734e-01
2.874755859375000000e-01 -7.610988765709429948e-01
2.875976562500000000e-01 -7.609518643546533401e-01
2.877197265625000000e-01 -7.608044044899874292e-01
2.878417968750000000e-01 -7.606564970636917611e-01
2.879638671875000000e-01 -7.605081421627771787e-01
2.880859375000000000e-01 -7.603593398745163157e-01
2.882080078125000000e-01 -7.602100902864463716e-01
2.883300781250000000e-01 -7.600603934863664479e-01
2.884521484375000000e-01 -7.599102495623398790e-01
2.885742187500000000e-01 -7.597596586026917898e-01
2.886962890625000000e-01 -7.596086206960113163e-01
2.888183593750000000e-01 -7.594571359311501624e-01
2.889404296875000000e-01 -7.593052043972232656e-01
2.890625000000000000e-01 -7.591528261836073543e-01
2.891845703125000000e-01 -7.590000013799431677e-01
2.893066406250000000e-01 -7.588467300761333467e-01
2.894287109375000000e-01 -7.586930123623434330e-01
2.895507812500000000e-01 -7.585388483290016470e-01
2.896728515625000000e-01 -7.583842380667986660e-01
2.897949218750000000e-01 -7.582291816666877349e-01
2.899169921875000000e-01 -7.580736792198848883e-01
2.900390625000000000e-01 -7.579177308178672856e-01
2.901611328125000000e-01 -7.577613365523766520e-01
2.902832031250000000e-01 -7.576044965154147270e-01
2.904052734375000000e-01 -7.574472107992467063e-01
2.905273437500000000e-01 -7.572894794963997978e-01
2.906494140625000000e-01 -7.571313026996635553e-01
2.907714843750000000e-01 -7.569726805020882132e-01
2.908935546875000000e-01 -7.568136129969885717e-01
2.910156250000000000e-01 -7.566541002779390013e-01
2.911376953125000000e-01 -7.564941424387774394e-01
2.912597656250000000e-01 -7.563337395736018376e-01
2.913818359375000000e-01 -7.561728917767742697e-01
2.915039062500000000e-01 -7.560115991429166016e-01
2.916259765625000000e-01 -7.558498617669135999e-01
2.917480468750000000e-01 -7.556876797439107118e-01
2.918701171875000000e-01 -7.555250531693159521e-01
2.919921875000000000e-01 -7.553619821387977940e-01
2.921142578125000000e-01 -7.551984667482873892e-01
2.922363281250000000e-01 -7.550345070939760150e-01
2.923583984375000000e-01 -7.548701032723172943e-01
2.924804687500000000e-01 -7.547052553800254193e-01
2.926025390625000000e-01 -7.545399635140764838e-01
2.927246093750000000e-01 -7.543742277717072620e-01
2.928466796875000000e-01 -7.542080482504158745e-01
2.929687500000000000e-01 -7.540414250479612335e-01
2.930908203125000000e-01 -7.538743582623642636e-01
2.932128906250000000e-01 -7.537068479919049047e-01
2.933349609375000000e-01 -7.535388943351262192e-01
2.934570312500000000e-01 -7.533704973908300628e-01
2.935791015625000000e-01 -7.532016572580806368e-01
2.937011718750000000e-01 -7.530323740362021567e-01
2.938232421875000000e-01 -7.528626478247795184e-01
2.939453125000000000e-01 -7.526924787236579650e-01
2.940673828125000000e-01 -7.525218668329440863e-01
2.941894531250000000e-01 -7.523508122530042641e-01
2.943115234375000000e-01 -7.521793150844653386e-01
2.944335937500000000e-01 -7.520073754282148304e-01
2.945556640625000000e-01 -7.518349933854006073e-01
2.946777343750000000e-01 -7.516621690574299963e-01
2.947998046875000000e-01 -7.514889025459721150e-01
2.949218750000000000e-01 -7.513151939529537637e-01
2.950439453125000000e-01 -7.511410433805646436e-01
2.951660156250000000e-01 -7.509664509312522496e-01
2.952880859375000000e-01 -7.507914167077252010e-01
2.954101562500000000e-01 -7.506159408129511323e-01
2.955322265625000000e-01 -7.504400233501582473e-01
2.956542968750000000e-01 -7.502636644228344309e-01
2.957763671875000000e-01 -7.500868641347271382e-01
2.958984375000000000e-01 -7.499096225898427281e-01
2.960205078125000000e-01 -7.497319398924489064e-01
2.961425781250000000e-01 -7.495538161470707283e-01
2.962646484375000000e-01 -7.493752514584950397e-01
2.963867187500000000e-01 -7.491962459317654810e-01
2.965087890625000000e-01 -7.490167996721872612e-01
2.966308593750000000e-01 -7.488369127853236051e-01
2.967529296875000000e-01 -7.486565853769979739e-01
2.968750000000000000e-01 -7.484758175532915114e-01
2.969970703125000000e-01 -7.482946094205460419e-01
2.971191406250000000e-01 -7.481129610853608503e-01
2.972412109375000000e-01 -7.479308726545955688e-01
2.973632812500000000e-01 -7.477483442353678456e-01
2.974853515625000000e-01 -7.475653759350547878e-01
2.976074218750000000e-01 -7.473819678612911854e-01
2.977294921875000000e-01 -7.471981201219720647e-01
2.978515625000000000e-01 -7.470138328252499127e-01
2.979736328125000000e-01 -7.468291060795364533e-01
2.980957031250000000e-01 -7.466439399935012045e-01
2.982177734375000000e-01 -7.464583346760733651e-01
2.983398437500000000e-01 -7.462722902364389288e-01
2.984619140625000000e-01 -7.460858067840439034e-01
2.985839843750000000e-01 -7.458988844285904252e-01
2.987060546875000000e-01 -7.457115232800415328e-01
2.988281250000000000e-01 -7.455237234486160602e-01
2.989501953125000000e-01 -7.453354850447924118e-01
2.990722656250000000e-01 -7.451468081793057863e-01
2.991943359375000000e-01 -7.449576929631502864e-01
2.993164062500000000e-01 -7.447681395075774757e-01
2.994384765625000000e-01 -7.445781479240968226e-01
2.995605468750000000e-01 -7.443877183244751450e-01
2.996826171875000000e-01 -7.441968508207374988e-01
2.998046875000000000e-01 -7.440055455251662897e-01
2.999267578125000000e-01 -7.438138025503019390e-01
3.000488281250000000e-01 -7.436216220089411078e-01
3.001708984375000000e-01 -7.434290040141393607e-01
3.002929687500000000e-01 -7.432359486792080583e-01
3.004150390625000000e-01 -7.430424561177175757e-01
3.005371093750000000e-01 -7.428485264434943058e-01
3.006591796875000000e-01 -7.426541597706217690e-01
3.007812500000000000e-01 -7.424593562134409463e-01
3.009033203125000000e-01 -7.422641158865503908e-01
3.010253906250000000e-01 -7.420684389048040064e-01
3.011474609375000000e-01 -7.418723253833146014e-01
3.012695312500000000e-01 -7.416757754374496692e-01
3.013916015625000000e-01 -7.414787891828351629e-01
3.015136718750000000e-01 -7.412813667353522762e-01
3.016357421875000000e-01 -7.410835082111406624e-01
3.017578125000000000e-01 -7.408852137265942162e-01
3.018798828125000000e-01 -7.406864833983655139e-01
3.020019531250000000e-01 -7.404873173433614841e-01
3.021240234375000000e-01 -7.402877156787475155e-01
3.022460937500000000e-01 -7.400876785219427934e-01
3.023681640625000000e-01 -7.398872059906252963e-01
3.024902343750000000e-01 -7.396862982027267996e-01
3.026123046875000000e-01 -7.394849552764370948e-01
3.027343750000000000e-01 -7.392831773302003251e-01
3.028564453125000000e-01 -7.390809644827182057e-01
3.029785156250000000e-01 -7.388783168529458045e-01
3.031005859375000000e-01 -7.386752345600970937e-01
3.032226562500000000e-01 -7.384717177236392871e-01
3.033447265625000000e-01 -7.382677664632958381e-01
3.034667968750000000e-01 -7.380633808990466616e-01
3.035888671875000000e-01 -7.378585611511263576e-01
3.037109375000000000e-01 -7.376533073400249885e-01
3.038330078125000000e-01 -7.374476195864884120e-01
3.039550781250000000e-01 -7.372414980115167271e-01
3.040771484375000000e-01 -7.370349427363667161e-01
3.041992187500000000e-01 -7.368279538825486252e-01
3.043212890625000000e-01 -7.366205315718298285e-01
3.044433593750000000e-01 -7.364126759262306088e-01
3.045654296875000000e-01 -7.362043870680274882e-01
3.046875000000000000e-01 -7.359956651197512301e-01
3.048095703125000000e-01 -7.357865102041878380e-01
3.049316406250000000e-01 -7.355769224443775567e-01
3.050537109375000000e-01 -7.353669019636155380e-01
3.051757812500000000e-01 -7.351564488854515078e-01
3.052978515625000000e-01 -7.349455633336896554e-01
3.054199218750000000e-01 -7.347342454323879668e-01
3.055419921875000000e-01 -7.345224953058597794e-01
3.056640625000000000e-01 -7.343103130786721167e-01
3.057861328125000000e-01 -7.340976988756466870e-01
3.059082031250000000e-01 -7.338846528218584409e-01
3.060302734375000000e-01 -7.336711750426370138e-01
3.061523437500000000e-01 -7.334572656635660604e-01
3.062744140625000000e-01 -7.332429248104828101e-01
3.063964843750000000e-01 -7.330281526094781785e-01
3.065185546875000000e-01 -7.328129491868978773e-01
3.066406250000000000e-01 -7.325973146693395277e-01
3.067626953125000000e-01 -7.323812491836565464e-01
3.068847656250000000e-01 -7.321647528569534824e-01
3.070068359375000000e-01 -7.319478258165907913e-01
3.071289062500000000e-01 -7.317304681901799501e-01
3.072509765625000000e-01 -7.315126801055874539e-01
3.073730468750000000e-01 -7.312944616909319295e-01
3.074951171875000000e-01 -7.310758130745863559e-01
3.076171875000000000e-01 -7.308567343851755105e-01
3.077392578125000000e-01 -7.306372257515780788e-01
3.078613281250000000e-01 -7.304172873029251001e-01
3.079833984375000000e-01 -7.301969191686009664e-01
3.081054687500000000e-01 -7.299761214782422014e-01
3.082275390625000000e-01 -7.297548943617386819e-01
3.083496093750000000e-01 -7.295332379492325270e-01
3.084716796875000000e-01 -7.293111523711182098e-01
3.085937500000000000e-01 -7.290886377580435562e-01
3.087158203125000000e-01 -7.288656942409079686e-01
3.088378906250000000e-01 -7.286423219508629812e-01
3.089599609375000000e-01 -7.284185210193132587e-01
3.090820312500000000e-01 -7.281942915779148207e-01
3.092041015625000000e-01 -7.279696337585764843e-01
3.093261718750000000e-01 -7.277445476934576440e-01
3.094482421875000000e-01 -7.275190335149721577e-01
3.095703125000000000e-01 -7.272930913557826837e-01
3.096923828125000000e-01 -7.270667213488064551e-01
3.098144531250000000e-01 -7.268399236272101716e-01
3.099365234375000000e-01 -7.266126983244132198e-01
3.100585937500000000e-01 -7.263850455740871181e-01
3.101806640625000000e-01 -7.261569655101531851e-01
3.103027343750000000e-01 -7.259284582667855368e-01
3.104248046875000000e-01 -7.256995239784092000e-01
3.105468750000000000e-01 -7.254701627796997787e-01
3.106689453125000000e-01 -7.252403748055855637e-01
3.107910156250000000e-01 -7.250101601912437577e-01
3.109130859375000000e-01 -7.247795190721044722e-01
3.110351562500000000e-01 -7.245484515838472861e-01
3.111572265625000000e-01 -7.243169578624042426e-01
3.112792968750000000e-01 -7.240850380439561862e-01
3.114013671875000000e-01 -7.238526922649357598e-01
3.115234375000000000e-01 -7.236199206620261837e-01
3.116455078125000000e-01 -7.233867233721609225e-01
3.117675781250000000e-01 -7.231531005325240180e-01
3.118896484375000000e-01 -7.229190522805499786e-01
3.120117187500000000e-01 -7.226845787539224464e-01
3.121337890625000000e-01 -7.224496800905773064e-01
3.122558593750000000e-01 -7.222143564286984674e-01
3.123779296875000000e-01 -7.219786079067215256e-01
3.125000000000000000e-01 -7.217424346633305454e-01
3.126220703125000000e-01 -7.215058368374611675e-01
3.127441406250000000e-01 -7.212688145682968344e-01
3.128662109375000000e-01 -7.210313679952720101e-01
3.129882812500000000e-01 -7.207934972580701816e-01
3.131103515625000000e-01 -7.205552024966250801e-01
3.132324218750000000e-01 -7.203164838511186829e-01
3.133544921875000000e-01 -7.200773414619838775e-01
3.134765625000000000e-01 -7.198377754699007980e-01
3.135986328125000000e-01 -7.195977860158012662e-01
3.137207031250000000e-01 -7.193573732408637955e-01
3.138427734375000000e-01 -7.191165372865179206e-01
3.139648437500000000e-01 -7.188752782944405340e-01
3.140869140625000000e-01 -7.186335964065584392e-01
3.142089843750000000e-01 -7.183914917650464638e-01
3.143310546875000000e-01 -7.181489645123289023e-01
3.144531250000000000e-01 -7.179060147910784062e-01
3.145751953125000000e-01 -7.176626427442163170e-01
3.146972656250000000e-01 -7.174188485149106675e-01
3.148193359375000000e-01 -7.171746322465810675e-01
3.149414062500000000e-01 -7.169299940828925966e-01
3.150634765625000000e-01 -7.166849341677603569e-01
3.151855468750000000e-01 -7.164394526453453649e-01
3.153076171875000000e-01 -7.161935496600599915e-01
3.154296875000000000e-01 -7.159472253565614119e-01
3.155517578125000000e-01 -7.157004798797562684e-01
3.156738281250000000e-01 -7.154533133747982276e-01
3.157958984375000000e-01 -7.152057259870893136e-01
3.159179687500000000e-01 -7.149577178622781304e-01
3.160400390625000000e-01 -7.147092891462627495e-01
3.161621093750000000e-01 -7.144604399851861576e-01
3.162841796875000000e-01 -7.142111705254406973e-01
3.164062500000000000e-01 -7.139614809136645146e-01
3.165283203125000000e-01 -7.137113712967444457e-01
3.166503906250000000e-01 -7.134608418218124637e-01
3.167724609375000000e-01 -7.132098926362495650e-01
3.168945312500000000e-01 -7.129585238876821052e-01
3.170166015625000000e-01 -7.127067357239842416e-01
3.171386718750000000e-01 -7.124545282932757129e-01
3.172607421875000000e-01 -7.122019017439248367e-01
3.173828125000000000e-01 -7.119488562245439578e-01
3.175048828125000000e-01 -7.116953918839947768e-01
3.176269531250000000e-01 -7.114415088713821333e-01
3.177490234375000000e-01 -7.111872073360601121e-01
3.178710937500000000e-01 -7.109324874276270467e-01
3.179931640625000000e-01 -7.106773492959288507e-01
3.181152343750000000e-01 -7.104217930910561307e-01
3.182373046875000000e-01 -7.101658189633461848e-01
3.183593750000000000e-01 -7.099094270633816706e-01
3.184814453125000000e-01 -7.096526175419921589e-01
3.186035156250000000e-01 -7.093953905502508039e-01
3.187255859375000000e-01 -7.091377462394793385e-01
3.188476562500000000e-01 -7.088796847612416352e-01
3.189697265625000000e-01 -7.086212062673493683e-01
3.190917968750000000e-01 -7.083623109098585724e-01
3.192138671875000000e-01 -7.081029988410709741e-01
3.193359375000000000e-01 -7.078432702135329935e-01
3.194580078125000000e-01 -7.075831251800365207e-01
3.195800781250000000e-01 -7.073225638936178061e-01
3.197021484375000000e-01 -7.070615865075585704e-01
3.198242187500000000e-01 -7.068001931753851164e-01
3.199462890625000000e-01 -7.065383840508682178e-01
3.200683593750000000e-01 -7.062761592880231198e-01
3.201904296875000000e-01 -7.060135190411112038e-01
3.203125000000000000e-01 -7.057504634646353248e-01
3.204345703125000000e-01 -7.054869927133455842e-01
3.205566406250000000e-01 -7.052231069422341125e-01
3.206787109375000000e-01 -7.049588063065387322e-01
3.208007812500000000e-01 -7.046940909617406268e-01
3.209228515625000000e-01 -7.044289610635643406e-01
3.210449218750000000e-01 -7.041634167679797773e-01
3.211669921875000000e-01 -7.038974582311995354e-01
3.212890625000000000e-01 -7.036310856096799071e-01
3.214111328125000000e-01 -7.033642990601219891e-01
3.215332031250000000e-01 -7.030970987394676852e-01
3.216552734375000000e-01 -7.028294848049057020e-01
3.217773437500000000e-01 -7.025614574138656643e-01
3.218994140625000000e-01 -7.022930167240215571e-01
3.220214843750000000e-01 -7.020241628932897271e-01
3.221435546875000000e-01 -7.017548960798298818e-01
3.222656250000000000e-01 -7.014852164420453118e-01
3.223876953125000000e-01 -7.012151241385812250e-01
3.225097656250000000e-01 -7.009446193283258575e-01
3.226318359375000000e-01 -7.006737021704111390e-01
3.227539062500000000e-01 -7.004023728242089186e-01
3.228759765625000000e-01 -7.001306314493367378e-01
3.229980468750000000e-01 -6.998584782056522791e-01
3.231201171875000000e-01 -6.995859132532566971e-01
3.232421875000000000e-01 -6.993129367524925089e-01
3.233642578125000000e-01 -6.990395488639455923e-01
3.234863281250000000e-01 -6.987657497484421887e-01
3.236083984375000000e-01 -6.984915395670514560e-01
3.237304687500000000e-01 -6.982169184810841367e-01
3.238525390625000000e-01 -6.979418866520931131e-01
3.239746093750000000e-01 -6.976664442418718526e-01
3.240966796875000000e-01 -6.973905914124568506e-01
3.242187500000000000e-01 -6.971143283261244106e-01
3.243408203125000000e-01 -6.968376551453938639e-01
3.244628906250000000e-01 -6.965605720330239059e-01
3.245849609375000000e-01 -6.962830791520163709e-01
3.247070312500000000e-01 -6.960051766656125682e-01
3.248291015625000000e-01 -6.957268647372953918e-01
3.249511718750000000e-01 -6.954481435307886539e-01
3.250732421875000000e-01 -6.951690132100570851e-01
3.251953125000000000e-01 -6.948894739393056685e-01
3.253173828125000000e-01 -6.946095258829804164e-01
3.254394531250000000e-01 -6.943291692057667053e-01
3.255615234375000000e-01 -6.940484040725921622e-01
3.256835937500000000e-01 -6.937672306486231122e-01
3.258056640625000000e-01 -6.934856490992669098e-01
3.259277343750000000e-01 -6.932036595901702736e-01
3.260498046875000000e-01 -6.929212622872211735e-01
3.261718750000000000e-01 -6.926384573565457226e-01
3.262939453125000000e-01 -6.923552449645118401e-01
3.264160156250000000e-01 -6.920716252777250332e-01
3.265380859375000000e-01 -6.917875984630322828e-01
3.266601562500000000e-01 -6.915031646875184901e-01
3.267822265625000000e-01 -6.912183241185095861e-01
3.269042968750000000e-01 -6.909330769235687564e-01
3.270263671875000000e-01 -6.906474232705008820e-01
3.271484375000000000e-01 -6.903613633273475436e-01
3.272705078125000000e-01 -6.900748972623914623e-01
3.273925781250000000e-01 -6.897880252441525029e-01
3.275146484375000000e-01 -6.895007474413902271e-01
3.276367187500000000e-01 -6.892130640231028949e-01
3.277587890625000000e-01 -6.889249751585270198e-01
3.278808593750000000e-01 -6.886364810171379247e-01
3.280029296875000000e-01 -6.883475817686498521e-01
3.281250000000000000e-01 -6.880582775830137443e-01
3.282470703125000000e-01 -6.877685686304210178e-01
3.283691406250000000e-01 -6.874784550812985673e-01
3.284912109375000000e-01 -6.871879371063143171e-01
3.286132812500000000e-01 -6.868970148763710037e-01
3.287353515625000000e-01 -6.866056885626119488e-01
3.288574218750000000e-01 -6.863139583364158414e-01
3.289794921875000000e-01 -6.860218243694007345e-01
3.291015625000000000e-01 -6.857292868334211589e-01
3.292236328125000000e-01 -6.854363459005698989e-01
3.293457031250000000e-01 -6.851430017431758834e-01
3.294677734375000000e-01 -6.848492545338066284e-01
3.295898437500000000e-01 -6.845551044452653500e-01
3.297119140625000000e-01 -6.842605516505937402e-01
3.298339843750000000e-01 -6.839655963230684144e-01
3.299560546875000000e-01 -6.836702386362053518e-01
3.300781250000000000e-01 -6.833744787637551221e-01
3.302001953125000000e-01 -6.830783168797058824e-01
3.303222656250000000e-01 -6.827817531582817123e-01
3.304443359375000000e-01 -6.824847877739438351e-01
3.305664062500000000e-01 -6.821874209013891743e-01
3.306884765625000000e-01 -6.818896527155513532e-01
3.308105468750000000e-01 -6.815914833915983628e-01
3.309326171875000000e-01 -6.812929131049373366e-01
3.310546875000000000e-01 -6.809939420312081104e-01
3.311767578125000000e-01 -6.806945703462889963e-01
3.312988281250000000e-01 -6.803947982262910088e-01
3.314208984375000000e-01 -6.800946258475637496e-01
3.315429687500000000e-01 -6.797940533866901891e-01
3.316650390625000000e-01 -6.794930810204894422e-01
3.317871093750000000e-01 -6.791917089260159912e-01
3.319091796875000000e-01 -6.788899372805589083e-01
3.320312500000000000e-01 -6.785877662616430772e-01
3.321533203125000000e-01 -6.782851960470283048e-01
3.322753906250000000e-01 -6.779822268147075448e-01
3.323974609375000000e-01 -6.776788587429114497e-01
3.325195312500000000e-01 -6.773750920101019313e-01
3.326416015625000000e-01 -6.770709267949786003e-01
3.327636718750000000e-01 -6.767663632764729931e-01
3.328857421875000000e-01 -6.764614016337524571e-01
3.330078125000000000e-01 -6.761560420462180421e-01
3.331298828125000000e-01 -6.758502846935048325e-01
3.332519531250000000e-01 -6.755441297554820590e-01
3.333740234375000000e-01 -6.752375774122530983e-01
3.334960937500000000e-01 -6.749306278441538076e-01
3.336181640625000000e-01 -6.746232812317558558e-01
3.337402343750000000e-01 -6.743155377558622821e-01
3.338623046875000000e-01 -6.740073975975118259e-01
3.339843750000000000e-01 -6.736988609379742643e-01
3.341064453125000000e-01 -6.733899279587548525e-01
3.342285156250000000e-01 -6.730805988415898833e-01
3.343505859375000000e-01 -6.727708737684506834e-01
3.344726562500000000e-01 -6.724607529215396173e-01
3.345947265625000000e-01 -6.721502364832930843e-01
3.347167968750000000e-01 -6.718393246363802973e-01
3.348388671875000000e-01 -6.715280175637025062e-01
3.349609375000000000e-01 -6.712163154483927752e-01
3.350830078125000000e-01 -6.709042184738190917e-01
3.352050781250000000e-01 -6.705917268235784823e-01
3.353271484375000000e-01 -6.702788406815027855e-01
3.354492187500000000e-01 -6.699655602316544334e-01
3.355712890625000000e-01 -6.696518856583280055e-01
3.356933593750000000e-01 -6.693378171460504511e-01
3.358154296875000000e-01 -6.690233548795804230e-01
3.359375000000000000e-01 -6.687084990439076115e-01
3.360595703125000000e-01 -6.683932498242540765e-01
3.361816406250000000e-01 -6.680776074060718051e-01
3.363037109375000000e-01 -6.677615719750462642e-01
3.364257812500000000e-01 -6.674451437170922929e-01
3.365478515625000000e-01 -6.671283228183564340e-01
3.366699218750000000e-01 -6.668111094652164894e-01
3.367919921875000000e-01 -6.664935038442811877e-01
3.369140625000000000e-01 -6.661755061423889623e-01
3.370361328125000000e-01 -6.658571165466105057e-01
3.371582031250000000e-01 -6.655383352442456601e-01
3.372802734375000000e-01 -6.652191624228250832e-01
3.374023437500000000e-01 -6.648995982701106922e-01
3.375244140625000000e-01 -6.645796429740936651e-01
3.376464843750000000e-01 -6.642592967229941081e-01
3.377685546875000000e-01 -6.639385597052654964e-01
3.378906250000000000e-01 -6.636174321095877904e-01
3.380126953125000000e-01 -6.632959141248730983e-01
3.381347656250000000e-01 -6.629740059402607910e-01
3.382568359375000000e-01 -6.626517077451223869e-01
3.383789062500000000e-01 -6.623290197290572223e-01
3.385009765625000000e-01 -6.620059420818940055e-01
3.386230468750000000e-01 -6.616824749936912609e-01
3.387451171875000000e-01 -6.613586186547367740e-01
3.388671875000000000e-01 -6.610343732555459262e-01
3.389892578125000000e-01 -6.607097389868651360e-01
3.391113281250000000e-01 -6.603847160396670857e-01
3.392333984375000000e-01 -6.600593046051554946e-01
3.393554687500000000e-01 -6.597335048747605679e-01
3.394775390625000000e-01 -6.594073170401428818e-01
3.395996093750000000e-01 -6.590807412931892761e-01
3.397216796875000000e-01 -6.587537778260168508e-01
3.398437500000000000e-01 -6.584264268309691914e-01
3.399658203125000000e-01 -6.580986885006185894e-01
3.400878906250000000e-01 -6.577705630277650428e-01
3.402099609375000000e-01 -6.574420506054368118e-01
3.403320312500000000e-01 -6.571131514268881979e-01
3.404541015625000000e-01 -6.567838656856033186e-01
3.405761718750000000e-01 -6.564541935752913338e-01
3.406982421875000000e-01 -6.561241352898909973e-01
3.408203125000000000e-01 -6.557936910235665495e-01
3.409423828125000000e-01 -6.554628609707096043e-01
3.410644531250000000e-01 -6.551316453259391492e-01
3.411865234375000000e-01 -6.548000442841006574e-01
3.413085937500000000e-01 -6.544680580402670866e-01
3.414306640625000000e-01 -6.541356867897368810e-01
3.415527343750000000e-01 -6.538029307280349700e-01
3.416748046875000000e-01 -6.534697900509145452e-01
3.417968750000000000e-01 -6.531362649543522858e-01
3.419189453125000000e-01 -6.528023556345536882e-01
3.420410156250000000e-01 -6.524680622879477365e-01
3.421630859375000000e-01 -6.521333851111918989e-01
3.422851562500000000e-01 -6.517983243011672423e-01
3.424072265625000000e-01 -6.514628800549812082e-01
3.425292968750000000e-01 -6.511270525699677236e-01
3.426513671875000000e-01 -6.507908420436849806e-01
3.427734375000000000e-01 -6.504542486739173235e-01
3.428955078125000000e-01 -6.501172726586738060e-01
3.430175781250000000e-01 -6.497799141961884128e-01
3.431396484375000000e-01 -6.494421734849209482e-01
3.432617187500000000e-01 -6.491040507235549262e-01
3.433837890625000000e-01 -6.487655461110002353e-01
3.435058593750000000e-01 -6.484266598463895859e-01
3.436279296875000000e-01 -6.480873921290811746e-01
3.437500000000000000e-01 -6.477477431586575740e-01
3.438720703125000000e-01 -6.474077131349257330e-01
3.439941406250000000e-01 -6.470673022579160882e-01
3.441162109375000000e-01 -6.467265107278844516e-01
3.442382812500000000e-01 -6.463853387453083466e-01
3.443603515625000000e-01 -6.460437865108920041e-01
3.444824218750000000e-01 -6.457018542255600346e-01
3.446044921875000000e-01 -6.453595420904643110e-01
3.447265625000000000e-01 -6.450168503069766412e-01
3.448486328125000000e-01 -6.446737790766948750e-01
3.449707031250000000e-01 -6.443303286014384623e-01
3.450927734375000000e-01 -6.439864990832501190e-01
3.452148437500000000e-01 -6.436422907243966041e-01
3.453369140625000000e-01 -6.432977037273667209e-01
3.454589843750000000e-01 -6.429527382948716507e-01
3.455810546875000000e-01 -6.426073946298462847e-01
3.457031250000000000e-01 -6.422616729354464482e-01
3.458251953125000000e-01 -6.419155734150526760e-01
3.459472656250000000e-01 -6.415690962722649937e-01
3.460693359375000000e-01 -6.412222417109083583e-01
3.461914062500000000e-01 -6.408750099350272178e-01
3.463134765625000000e-01 -6.405274011488893970e-01
3.464355468750000000e-01 -6.401794155569845435e-01
3.465576171875000000e-01 -6.398310533640231279e-01
3.466796875000000000e-01 -6.394823147749382208e-01
3.468017578125000000e-01 -6.391331999948838272e-01
3.469238281250000000e-01 -6.387837092292338870e-01
3.470458984375000000e-01 -6.384338426835863833e-01
3.471679687500000000e-01 -6.380836005637573471e-01
3.472900390625000000e-01 -6.377329830757867413e-01
3.474121093750000000e-01 -6.373819904259324653e-01
3.475341796875000000e-01 -6.370306228206752408e-01
3.476562500000000000e-01 -6.366788804667156132e-01
3.477783203125000000e-01 -6.363267635709739523e-01
3.479003906250000000e-01 -6.359742723405918952e-01
3.480224609375000000e-01 -6.356214069829312363e-01
3.481445312500000000e-01 -6.352681677055731502e-01
3.482666015625000000e-01 -6.349145547163194125e-01
3.483886718750000000e-01 -6.345605682231907352e-01
3.485107421875000000e-01 -6.342062084344296524e-01
3.486328125000000000e-01 -6.338514755584955251e-01
3.487548828125000000e-01 -6.334963698040698699e-01
3.488769531250000000e-01 -6.331408913800510296e-01
3.489990234375000000e-01 -6.327850404955581709e-01
3.491210937500000000e-01 -6.324288173599296181e-01
3.492431640625000000e-01 -6.320722221827216325e-01
3.493652343750000000e-01 -6.317152551737106325e-01
3.494873046875000000e-01 -6.313579165428911955e-01
3.496093750000000000e-01 -6.310002065004750582e-01
3.497314453125000000e-01 -6.306421252568957803e-01
3.498535156250000000e-01 -6.302836730228014162e-01
3.499755859375000000e-01 -6.299248500090620650e-01
3.500976562500000000e-01 -6.295656564267623212e-01
3.502197265625000000e-01 -6.292060924872079353e-01
3.503417968750000000e-01 -6.288461584019203743e-01
3.504638671875000000e-01 -6.284858543826392641e-01
3.505859375000000000e-01 -6.281251806413228334e-01
3.507080078125000000e-01 -6.277641373901458044e-01
3.508300781250000000e-01 -6.274027248415010583e-01
3.509521484375000000e-01 -6.270409432079980805e-01
3.510742187500000000e-01 -6.266787927024630722e-01
3.511962890625000000e-01 -6.263162735379406154e-01
3.513183593750000000e-01 -6.259533859276906753e-01
3.514404296875000000e-01 -6.255901300851920421e-01
3.515625000000000000e-01 -6.252265062241372240e-01
3.516845703125000000e-01 -6.248625145584374430e-01
3.518066406250000000e-01 -6.244981553022196374e-01
3.519287109375000000e-01 -6.241334286698269063e-01
3.520507812500000000e-01 -6.237683348758186197e-01
3.521728515625000000e-01 -6.234028741349700864e-01
3.522949218750000000e-01 -6.230370466622718872e-01
3.524169921875000000e-01 -6.226708526729319848e-01
3.525390625000000000e-01 -6.223042923823712824e-01
3.526611328125000000e-01 -6.219373660062295084e-01
3.527832031250000000e-01 -6.215700737603585546e-01
3.529052734375000000e-01 -6.212024158608282498e-01
3.530273437500000000e-01 -6.208343925239212524e-01
3.531494140625000000e-01 -6.204660039661369364e-01
3.532714843750000000e-01 -6.200972504041878386e-01
3.533935546875000000e-01 -6.197281320550031003e-01
3.535156250000000000e-01 -6.193586491357252477e-01
3.536376953125000000e-01 -6.189888018637118572e-01
3.537597656250000000e-01 -6.186185904565335569e-01
3.538818359375000000e-01 -6.182480151319775796e-01
3.540039062500000000e-01 -6.178770761080424334e-01
3.541259765625000000e-01 -6.175057736029430089e-01
3.542480468750000000e-01 -6.171341078351068044e-01
3.543701171875000000e-01 -6.167620790231747030e-01
3.544921875000000000e-01 -6.163896873860024161e-01
3.546142578125000000e-01 -6.160169331426575967e-01
3.547363281250000000e-01 -6.156438165124227258e-01
3.548583984375000000e-01 -6.152703377147923369e-01
3.549804687500000000e-01 -6.148964969694739047e-01
3.551025390625000000e-01 -6.145222944963892875e-01
3.552246093750000000e-01 -6.141477305156709532e-01
3.553466796875000000e-01 -6.137728052476665308e-01
3.554687500000000000e-01 -6.133975189129335925e-01
3.555908203125000000e-01 -6.130218717322450939e-01
3.557128906250000000e-01 -6.126458639265830453e-01
3.558349609375000000e-01 -6.122694957171439523e-01
3.559570312500000000e-01 -6.118927673253351518e-01
3.560791015625000000e-01 -6.115156789727763664e-01
3.562011718750000000e-01 -6.111382308812990383e-01
3.563232421875000000e-01 -6.107604232729465510e-01
3.564453125000000000e-01 -6.103822563699723425e-01
3.565673828125000000e-01 -6.100037303948433465e-01
3.566894531250000000e-01 -6.096248455702357738e-01
3.568115234375000000e-01 -6.092456021190384430e-01
3.569335937500000000e-01 -6.088660002643501157e-01
3.570556640625000000e-01 -6.084860402294809401e-01
3.571777343750000000e-01 -6.081057222379513405e-01
3.572998046875000000e-01 -6.077250465134930169e-01
3.574218750000000000e-01 -6.073440132800477231e-01
3.575439453125000000e-01 -6.069626227617674896e-01
3.576660156250000000e-01 -6.065808751830136236e-01
3.577880859375000000e-01 -6.061987707683600402e-01
3.579101562500000000e-01 -6.058163097425871557e-01
3.580322265625000000e-01 -6.054334923306881056e-01
3.581542968750000000e-01 -6.050503187578638586e-01
3.582763671875000000e-01 -6.046667892495264374e-01
3.583984375000000000e-01 -6.042829040312956979e-01
3.585205078125000000e-01 -6.038986633290011063e-01
3.586425781250000000e-01 -6.035140673686824053e-01
3.587646484375000000e-01 -6.031291163765867269e-01
3.588867187500000000e-01 -6.027438105791712575e-01
3.590087890625000000e-01 -6.023581502031016832e-01
3.591308593750000000e-01 -6.019721354752509690e-01
3.592529296875000000e-01 -6.015857666227034661e-01
3.593750000000000000e-01 -6.011990438727480290e-01
3.594970703125000000e-01 -6.008119674528855647e-01
3.596191406250000000e-01 -6.004245375908218163e-01
3.597412109375000000e-01 -6.000367545144720260e-01
3.598632812500000000e-01 -5.996486184519594920e-01
3.599853515625000000e-01 -5.992601296316139026e-01
3.601074218750000000e-01 -5.988712882819740013e-01
3.602294921875000000e-01 -5.984820946317851442e-01
3.603515625000000000e-01 -5.980925489099985226e-01
3.604736328125000000e-01 -5.977026513457758261e-01
3.605957031250000000e-01 -5.973124021684821372e-01
3.607177734375000000e-01 -5.969218016076922595e-01
3.608398437500000000e-01 -5.965308498931852776e-01
3.609619140625000000e-01 -5.961395472549493313e-01
3.610839843750000000e-01 -5.957478939231763970e-01
3.612060546875000000e-01 -5.953558901282665072e-01
3.613281250000000000e-01 -5.949635361008256407e-01
3.614501953125000000e-01 -5.945708320716652784e-01
3.615722656250000000e-01 -5.941777782718034029e-01
3.616943359375000000e-01 -5.937843749324634990e-01
3.618164062500000000e-01 -5.933906222850736656e-01
3.619384765625000000e-01 -5.929965205612697243e-01
3.620605468750000000e-01 -5.926020699928903346e-01
3.621826171875000000e-01 -5.922072708119815454e-01
3.623046875000000000e-01 -5.918121232507934648e-01
3.624267578125000000e-01 -5.914166275417807039e-01
3.625488281250000000e-01 -5.910207839176038203e-01
3.626708984375000000e-01 -5.906245926111264311e-01
3.627929687500000000e-01 -5.902280538554186551e-01
3.629150390625000000e-01 -5.898311678837540040e-01
3.630371093750000000e-01 -5.894339349296091601e-01
3.631591796875000000e-01 -5.890363552266677516e-01
3.632812500000000000e-01 -5.886384290088139126e-01
3.634033203125000000e-01 -5.882401565101388341e-01
3.635253906250000000e-01 -5.878415379649348793e-01
3.636474609375000000e-01 -5.874425736077001359e-01
3.637695312500000000e-01 -5.870432636731343079e-01
3.638916015625000000e-01 -5.866436083961410475e-01
3.640136718750000000e-01 -5.862436080118273996e-01
3.641357421875000000e-01 -5.858432627555036909e-01
3.642578125000000000e-01 -5.854425728626824199e-01
3.643798828125000000e-01 -5.850415385690793668e-01
3.645019531250000000e-01 -5.846401601106117063e-01
3.646240234375000000e-01 -5.842384377234017823e-01
3.647460937500000000e-01 -5.838363716437702244e-01
3.648681640625000000e-01 -5.834339621082444971e-01
3.649902343750000000e-01 -5.830312093535502393e-01
3.651123046875000000e-01 -5.826281136166171493e-01
3.652343750000000000e-01 -5.822246751345759863e-01
3.653564453125000000e-01 -5.818208941447590155e-01
3.654785156250000000e-01 -5.814167708847002292e-01
3.656005859375000000e-01 -5.810123055921356805e-01
3.657226562500000000e-01 -5.806074985050002635e-01
3.658447265625000000e-01 -5.802023498614331531e-01
3.659667968750000000e-01 -5.797968598997714773e-01
3.660888671875000000e-01 -5.793910288585559787e-01
3.662109375000000000e-01 -5.789848569765252417e-01
3.663330078125000000e-01 -5.785783444926211327e-01
3.664550781250000000e-01 -5.781714916459834708e-01
3.665771484375000000e-01 -5.777642986759532473e-01
3.666992187500000000e-01 -5.773567658220718490e-01
3.668212890625000000e-01 -5.769488933240807249e-01
3.669433593750000000e-01 -5.765406814219200538e-01
3.670654296875000000e-01 -5.761321303557314089e-01
3.671875000000000000e-01 -5.757232403658533171e-01
3.673095703125000000e-01 -5.753140116928265879e-01
3.674316406250000000e-01 -5.749044445773893175e-01
3.675537109375000000e-01 -5.744945392604794421e-01
3.676757812500000000e-01 -5.740842959832340719e-01
3.677978515625000000e-01 -5.736737149869876040e-01
3.679199218750000000e-01 -5.732627965132754966e-01
3.680419921875000000e-01 -5.728515408038293844e-01
3.681640625000000000e-01 -5.724399481005815193e-01
3.682861328125000000e-01 -5.720280186456611071e-01
3.684082031250000000e-01 -5.716157526813945289e-01
3.685302734375000000e-01 -5.712031504503086721e-01
3.686523437500000000e-01 -5.707902121951253793e-01
3.687744140625000000e-01 -5.703769381587671106e-01
3.688964843750000000e-01 -5.699633285843508368e-01
3.690185546875000000e-01 -5.695493837151937022e-01
3.691406250000000000e-01 -5.691351037948079172e-01
3.692626953125000000e-01 -5.687204890669044222e-01
3.693847656250000000e-01 -5.683055397753896676e-01
3.695068359375000000e-01 -5.678902561643680569e-01
3.696289062500000000e-01 -5.674746384781400588e-01
3.697509765625000000e-01 -5.670586869612033176e-01
3.698730468750000000e-01 -5.666424018582499889e-01
3.699951171875000000e-01 -5.662257834141717350e-01
3.701171875000000000e-01 -5.658088318740530642e-01
3.702392578125000000e-01 -5.653915474831769927e-01
3.703613281250000000e-01 -5.649739304870203815e-01
3.704833984375000000e-01 -5.645559811312560461e-01
3.706054687500000000e-01 -5.641376996617539774e-01
3.707275390625000000e-01 -5.637190863245776784e-01
3.708496093750000000e-01 -5.633001413659870504e-01
3.709716796875000000e-01 -5.628808650324365059e-01
3.710937500000000000e-01 -5.624612575705745243e-01
3.712158203125000000e-01 -5.620413192272475378e-01
3.713378906250000000e-01 -5.616210502494917156e-01
3.714599609375000000e-01 -5.612004508845427342e-01
3.715820312500000000e-01 -5.607795213798273393e-01
3.717041015625000000e-01 -5.603582619829677869e-01
3.718261718750000000e-01 -5.599366729417799560e-01
3.719482421875000000e-01 -5.595147545042737924e-01
3.720703125000000000e-01 -5.590925069186533092e-01
3.721923828125000000e-01 -5.586699304333154759e-01
3.723144531250000000e-01 -5.582470252968516622e-01
3.724365234375000000e-01 -5.578237917580458616e-01
3.725585937500000000e-01 -5.574002300658749132e-01
3.726806640625000000e-01 -5.569763404695100562e-01
3.728027343750000000e-01 -5.565521232183137101e-01
3.729248046875000000e-01 -5.561275785618433609e-01
3.730468750000000000e-01 -5.557027067498465644e-01
3.731689453125000000e-01 -5.552775080322647216e-01
3.732910156250000000e-01 -5.548519826592311910e-01
3.734130859375000000e-01 -5.544261308810719546e-01
3.735351562500000000e-01 -5.539999529483041751e-01
3.736572265625000000e-01 -5.535734491116378608e-01
3.737792968750000000e-01 -5.531466196219734233e-01
3.739013671875000000e-01 -5.527194647304048969e-01
3.740234375000000000e-01 -5.522919846882149431e-01
3.741455078125000000e-01 -5.518641797468807342e-01
3.742675781250000000e-01 -5.514360501580672924e-01
3.743896484375000000e-01 -5.510075961736334849e-01
3.745117187500000000e-01 -5.505788180456271386e-01
3.746337890625000000e-01 -5.501497160262873720e-01
3.747558593750000000e-01 -5.497202903680440400e-01
3.748779296875000000e-01 -5.492905413235168455e-01
3.750000000000000000e-01 -5.488604691455166718e-01
3.751220703125000000e-01 -5.484300740870438062e-01
3.752441406250000000e-01 -5.479993564012877183e-01
3.753662109375000000e-01 -5.475683163416298349e-01
3.754882812500000000e-01 -5.471369541616386556e-01
3.756103515625000000e-01 -5.467052701150745264e-01
3.757324218750000000e-01 -5.462732644558854211e-01
3.758544921875000000e-01 -5.458409374382089396e-01
3.759765625000000000e-01 -5.454082893163725299e-01
3.760986328125000000e-01 -5.449753203448914896e-01
3.762207031250000000e-01 -5.445420307784705205e-01
3.763427734375000000e-01 -5.441084208720026183e-01
3.764648437500000000e-01 -5.436744908805694054e-01
3.765869140625000000e-01 -5.432402410594411313e-01
3.767089843750000000e-01 -5.428056716640744517e-01
3.768310546875000000e-01 -5.423707829501168698e-01
3.769531250000000000e-01 -5.419355751734009630e-01
3.770751953125000000e-01 -5.415000485899494898e-01
3.771972656250000000e-01 -5.410642034559709490e-01
3.773193359375000000e-01 -5.406280400278611342e-01
3.774414062500000000e-01 -5.401915585622046878e-01
3.775634765625000000e-01 -5.397547593157718815e-01
3.776855468750000000e-01 -5.393176425455208367e-01
3.778076171875000000e-01 -5.388802085085960814e-01
3.779296875000000000e-01 -5.384424574623279947e-01
3.780517578125000000e-01 -5.380043896642354717e-01
3.781738281250000000e-01 -5.375660053720212606e-01
3.782958984375000000e-01 -5.371273048435769581e-01
3.784179687500000000e-01 -5.366882883369775703e-01
3.785400390625000000e-01 -5.362489561104856195e-01
3.786621093750000000e-01 -5.358093084225490355e-01
3.787841796875000000e-01 -5.353693455318006000e-01
3.789062500000000000e-01 -5.349290676970602787e-01
3.790283203125000000e-01 -5.344884751773314457e-01
3.791503906250000000e-01 -5.340475682318032158e-01
3.792724609375000000e-01 -5.336063471198509989e-01
3.793945312500000000e-01 -5.331648121010316155e-01
3.795166015625000000e-01 -5.327229634350907350e-01
3.796386718750000000e-01 -5.322808013819551043e-01
3.797607421875000000e-01 -5.318383262017386537e-01
3.798828125000000000e-01 -5.313955381547371681e-01
3.800048828125000000e-01 -5.309524375014313957e-01
3.801269531250000000e-01 -5.305090245024867146e-01
3.802490234375000000e-01 -5.300652994187508016e-01
3.803710937500000000e-01 -5.296212625112562966e-01
3.804931640625000000e-01 -5.291769140412189154e-01
3.806152343750000000e-01 -5.287322542700357841e-01
3.807373046875000000e-01 -5.282872834592911016e-01
3.808593750000000000e-01 -5.278420018707478123e-01
3.809814453125000000e-01 -5.273964097663550454e-01
3.811035156250000000e-01 -5.269505074082421192e-01
3.812255859375000000e-01 -5.265042950587222048e-01
3.813476562500000000e-01 -5.260577729802911051e-01
3.814697265625000000e-01 -5.256109414356250342e-01
3.815917968750000000e-01 -5.251638006875842812e-01
3.817138671875000000e-01 -5.247163509992101016e-01
3.818359375000000000e-01 -5.242685926337259383e-01
3.819580078125000000e-01 -5.238205258545365339e-01
3.820800781250000000e-01 -5.233721509252272641e-01
3.822021484375000000e-01 -5.229234681095662474e-01
3.823242187500000000e-01 -5.224744776715011252e-01
3.824462890625000000e-01 -5.220251798751627259e-01
3.825683593750000000e-01 -5.215755749848606238e-01
3.826904296875000000e-01 -5.211256632650854703e-01
3.828125000000000000e-01 -5.206754449805094387e-01
3.829345703125000000e-01 -5.202249203959837809e-01
3.830566406250000000e-01 -5.197740897765411594e-01
3.831787109375000000e-01 -5.193229533873934267e-01
3.833007812500000000e-01 -5.188715114939314033e-01
3.834228515625000000e-01 -5.184197643617282081e-01
3.835449218750000000e-01 -5.179677122565340408e-01
3.836669921875000000e-01 -5.175153554442802895e-01
3.837890625000000000e-01 -5.170626941910764218e-01
3.839111328125000000e-01 -5.166097287632110957e-01
3.840332031250000000e-01 -5.161564594271526030e-01
3.841552734375000000e-01 -5.157028864495473153e-01
3.842773437500000000e-01 -5.152490100972211273e-01
3.843994140625000000e-01 -5.147948306371771254e-01
3.845214843750000000e-01 -5.143403483365976969e-01
3.846435546875000000e-01 -5.138855634628434199e-01
3.847656250000000000e-01 -5.134304762834512870e-01
3.848876953125000000e-01 -5.129750870661391460e-01
3.850097656250000000e-01 -5.125193960787989278e-01
3.851318359375000000e-01 -5.120634035895037517e-01
3.852539062500000000e-01 -5.116071098665008199e-01
3.853759765625000000e-01 -5.111505151782159695e-01
3.854980468750000000e-01 -5.106936197932530064e-01
3.856201171875000000e-01 -5.102364239803909296e-01
3.857421875000000000e-01 -5.097789280085869290e-01
3.858642578125000000e-01 -5.093211321469740538e-01
3.859863281250000000e-01 -5.088630366648606573e-01
3.861083984375000000e-01 -5.084046418317340610e-01
3.862304687500000000e-01 -5.079459479172547809e-01
3.863525390625000000e-01 -5.074869551912620791e-01
3.864746093750000000e-01 -5.070276639237683014e-01
3.865966796875000000e-01 -5.065680743849629852e-01
3.867187500000000000e-01 -5.061081868452110832e-01
3.868408203125000000e-01 -5.056480015750524082e-01
3.869628906250000000e-01 -5.051875188452021881e-01
3.870849609375000000e-01 -5.047267389265504001e-01
3.872070312500000000e-01 -5.042656620901626585e-01
3.873291015625000000e-01 -5.038042886072779947e-01
3.874511718750000000e-01 -5.033426187493095227e-01
3.875732421875000000e-01 -5.028806527878477706e-01
3.876953125000000000e-01 -5.024183909946537963e-01
3.878173828125000000e-01 -5.019558336416656275e-01
3.879394531250000000e-01 -5.014929810009931543e-01
3.880615234375000000e-01 -5.010298333449195729e-01
3.881835937500000000e-01 -5.005663909459048266e-01
3.883056640625000000e-01 -5.001026540765785011e-01
3.884277343750000000e-01 -4.996386230097458192e-01
3.885498046875000000e-01 -4.991742980183845879e-01
3.886718750000000000e-01 -4.987096793756437552e-01
3.887939453125000000e-01 -4.982447673548485723e-01
3.889160156250000000e-01 -4.977795622294928224e-01
3.890380859375000000e-01 -4.973140642732467032e-01
3.891601562500000000e-01 -4.968482737599490551e-01
3.892822265625000000e-01 -4.963821909636128016e-01
3.894042968750000000e-01 -4.959158161584227287e-01
3.895263671875000000e-01 -4.954491496187347077e-01
3.896484375000000000e-01 -4.949821916190774163e-01
3.897705078125000000e-01 -4.945149424341493960e-01
3.898925781250000000e-01 -4.940474023388221059e-01
3.900146484375000000e-01 -4.935795716081367579e-01
3.901367187500000000e-01 -4.931114505173055385e-01
3.902587890625000000e-01 -4.926430393417134956e-01
3.903808593750000000e-01 -4.921743383569132657e-01
3.905029296875000000e-01 -4.917053478386313459e-01
3.906250000000000000e-01 -4.912360680627613219e-01
3.907470703125000000e-01 -4.907664993053690305e-01
3.908691406250000000e-01 -4.902966418426893402e-01
3.909912109375000000e-01 -4.898264959511273164e-01
3.911132812500000000e-01 -4.893560619072582218e-01
3.912353515625000000e-01 -4.888853399878261841e-01
3.913574218750000000e-01 -4.884143304697436960e-01
3.914794921875000000e-01 -4.879430336300947801e-01
3.916015625000000000e-01 -4.874714497461303253e-01
3.917236328125000000e-01 -4.869995790952719728e-01
3.918457031250000000e-01 -4.865274219551085078e-01
3.919677734375000000e-01 -4.860549786033972475e-01
3.920898437500000000e-01 -4.855822493180654287e-01
3.922119140625000000e-01 -4.851092343772068771e-01
3.923339843750000000e-01 -4.846359340590845055e-01
3.924560546875000000e-01 -4.841623486421279821e-01
3.925781250000000000e-01 -4.836884784049365060e-01
3.927001953125000000e-01 -4.832143236262753105e-01
3.928222656250000000e-01 -4.827398845850766063e-01
3.929443359375000000e-01 -4.822651615604420239e-01
3.930664062500000000e-01 -4.817901548316374516e-01
3.931884765625000000e-01 -4.813148646780985862e-01
3.933105468750000000e-01 -4.808392913794253265e-01
3.934326171875000000e-01 -4.803634352153851594e-01
3.935546875000000000e-01 -4.798872964659128826e-01
3.936767578125000000e-01 -4.794108754111076620e-01
3.937988281250000000e-01 -4.789341723312366961e-01
3.939208984375000000e-01 -4.784571875067314961e-01
3.940429687500000000e-01 -4.779799212181893853e-01
3.941650390625000000e-01 -4.775023737463754969e-01
3.942871093750000000e-01 -4.770245453722166129e-01
3.944091796875000000e-01 -4.765464363768087686e-01
3.945312500000000000e-01 -4.760680470414102583e-01
3.946533203125000000e-01 -4.755893776474451329e-01
3.947753906250000000e-01 -4.751104284765027552e-01
3.948974609375000000e-01 -4.746311998103356355e-01
3.950195312500000000e-01 -4.741516919308629285e-01
3.951416015625000000e-01 -4.736719051201655484e-01
3.952636718750000000e-01 -4.731918396604906096e-01
3.953857421875000000e-01 -4.727114958342481521e-01
3.955078125000000000e-01 -4.722308739240113074e-01
3.956298828125000000e-01 -4.717499742125187412e-01
3.957519531250000000e-01 -4.712687969826698797e-01
3.958740234375000000e-01 -4.707873425175304605e-01
3.959960937500000000e-01 -4.703056111003267592e-01
3.961181640625000000e-01 -4.698236030144489206e-01
3.962402343750000000e-01 -4.693413185434505142e-01
3.963623046875000000e-01 -4.688587579710464248e-01
3.964843750000000000e-01 -4.683759215811150733e-01
3.966064453125000000e-01 -4.678928096576969731e-01
3.967285156250000000e-01 -4.674094224849928980e-01
3.968505859375000000e-01 -4.669257603473693785e-01
3.969726562500000000e-01 -4.664418235293500969e-01
3.970947265625000000e-01 -4.659576123156243255e-01
3.972167968750000000e-01 -4.654731269910400981e-01
3.973388671875000000e-01 -4.649883678406077636e-01
3.974609375000000000e-01 -4.645033351494988749e-01
3.975830078125000000e-01 -4.640180292030455234e-01
3.977050781250000000e-01 -4.635324502867409491e-01
3.978271484375000000e-01 -4.630465986862382088e-01
3.979492187500000000e-01 -4.625604746873517858e-01
3.980712890625000000e-01 -4.620740785760561464e-01
3.981933593750000000e-01 -4.615874106384842412e-01
3.983154296875000000e-01 -4.611004711609320017e-01
3.984375000000000000e-01 -4.606132604298519562e-01
3.985595703125000000e-01 -4.601257787318588921e-01
3.986816406250000000e-01 -4.596380263537248045e-01
3.988037109375000000e-01 -4.591500035823819492e-01
3.989257812500000000e-01 -4.586617107049221764e-01
3.990478515625000000e-01 -4.581731480085943775e-01
3.991699218750000000e-01 -4.576843157808088147e-01
3.992919921875000000e-01 -4.571952143091323473e-01
3.994140625000000000e-01 -4.567058438812900412e-01
3.995361328125000000e-01 -4.562162047851673896e-01
3.996582031250000000e-01 -4.557262973088045954e-01
3.997802734375000000e-01 -4.552361217404035654e-01
3.999023437500000000e-01 -4.547456783683205828e-01
4.000244140625000000e-01 -4.542549674810714699e-01
4.001464843750000000e-01 -4.537639893673283131e-01
4.002685546875000000e-01 -4.532727443159211278e-01
4.003906250000000000e-01 -4.527812326158371370e-01
4.005126953125000000e-01 -4.522894545562194391e-01
4.006347656250000000e-01 -4.517974104263686175e-01
4.007568359375000000e-01 -4.513051005157419637e-01
4.008789062500000000e-01 -4.508125251139516454e-01
4.010009765625000000e-01 -4.503196845107684254e-01
4.011230468750000000e-01 -4.498265789961162220e-01
4.012451171875000000e-01 -4.493332088600779373e-01
4.013671875000000000e-01 -4.488395743928894066e-01
4.014892578125000000e-01 -4.483456758849428958e-01
4.016113281250000000e-01 -4.478515136267873231e-01
4.017333984375000000e-01 -4.473570879091243735e-01
4.018554687500000000e-01 -4.468623990228129395e-01
4.019775390625000000e-01 -4.463674472588654019e-01
4.020996093750000000e-01 -4.458722329084482405e-01
4.022216796875000000e-01 -4.453767562628849208e-01
4.023437500000000000e-01 -4.448810176136500649e-01
4.024658203125000000e-01 -4.443850172523755027e-01
4.025878906250000000e-01 -4.438887554708443872e-01
4.027099609375000000e-01 -4.433922325609946924e-01
4.028320312500000000e-01 -4.428954488149184909e-01
4.029541015625000000e-01 -4.423984045248605113e-01
4.030761718750000000e-01 -4.419010999832193587e-01
4.031982421875000000e-01 -4.414035354825462387e-01
4.033203125000000000e-01 -4.409057113155462893e-01
4.034423828125000000e-01 -4.404076277750760826e-01
4.035644531250000000e-01 -4.399092851541445692e-01
4.036865234375000000e-01 -4.394106837459153536e-01
4.038085937500000000e-01 -4.389118238437013653e-01
4.039306640625000000e-01 -4.384127057409702433e-01
4.040527343750000000e-01 -4.379133297313397288e-01
4.041748046875000000e-01 -4.374136961085795527e-01
4.042968750000000000e-01 -4.369138051666121569e-01
4.044189453125000000e-01 -4.364136571995095304e-01
4.045410156250000000e-01 -4.359132525014965398e-01
4.046630859375000000e-01 -4.354125913669488201e-01
4.047851562500000000e-01 -4.349116740903908318e-01
4.049072265625000000e-01 -4.344105009665008565e-01
4.050292968750000000e-01 -4.339090722901046693e-01
4.051513671875000000e-01 -4.334073883561815332e-01
4.052734375000000000e-01 -4.329054494598582048e-01
4.053955078125000000e-01 -4.324032558964122641e-01
4.055175781250000000e-01 -4.319008079612718931e-01
4.056396484375000000e-01 -4.313981059500130999e-01
4.057617187500000000e-01 -4.308951501583638821e-01
4.058837890625000000e-01 -4.303919408821992310e-01
4.060058593750000000e-01 -4.298884784175449059e-01
4.061279296875000000e-01 -4.293847630605747701e-01
4.062500000000000000e-01 -4.288807951076106240e-01
4.063720703125000000e-01 -4.283765748551254249e-01
4.064941406250000000e-01 -4.278721025997372363e-01
4.066162109375000000e-01 -4.273673786382161111e-01
4.067382812500000000e-01 -4.268624032674763757e-01
4.068603515625000000e-01 -4.263571767845824589e-01
4.069824218750000000e-01 -4.258516994867466710e-01
4.071044921875000000e-01 -4.253459716713275385e-01
4.072265625000000000e-01 -4.248399936358325246e-01
4.073486328125000000e-01 -4.243337656779150868e-01
4.074707031250000000e-01 -4.238272880953751209e-01
4.075927734375000000e-01 -4.233205611861622919e-01
4.077148437500000000e-01 -4.228135852483690948e-01
4.078369140625000000e-01 -4.223063605802379605e-01
4.079589843750000000e-01 -4.217988874801551491e-01
4.080810546875000000e-01 -4.212911662466538587e-01
4.082031250000000000e-01 -4.207831971784141700e-01
4.083251953125000000e-01 -4.202749805742604927e-01
4.084472656250000000e-01 -4.197665167331641745e-01
4.085693359375000000e-01 -4.192578059542410029e-01
4.086914062500000000e-01 -4.187488485367528157e-01
4.088134765625000000e-01 -4.182396447801058348e-01
4.089355468750000000e-01 -4.177301949838510553e-01
4.090576171875000000e-01 -4.172204994476855222e-01
4.091796875000000000e-01 -4.167105584714493327e-01
4.093017578125000000e-01 -4.162003723551284118e-01
4.094238281250000000e-01 -4.156899413988515146e-01
4.095458984375000000e-01 -4.151792659028918364e-01
4.096679687500000000e-01 -4.146683461676669014e-01
4.097900390625000000e-01 -4.141571824937374524e-01
4.099121093750000000e-01 -4.136457751818085060e-01
4.100341796875000000e-01 -4.131341245327272427e-01
4.101562500000000000e-01 -4.126222308474841727e-01
4.102783203125000000e-01 -4.121100944272145794e-01
4.104003906250000000e-01 -4.115977155731930792e-01
4.105224609375000000e-01 -4.110850945868412820e-01
4.106445312500000000e-01 -4.105722317697194090e-01
4.107666015625000000e-01 -4.100591274235312333e-01
4.108886718750000000e-01 -4.095457818501236913e-01
4.110107421875000000e-01 -4.090321953514841069e-01
4.111328125000000000e-01 -4.085183682297429120e-01
4.112548828125000000e-01 -4.080043007871706484e-01
4.113769531250000000e-01 -4.074899933261803553e-01
4.114990234375000000e-01 -4.069754461493260700e-01
4.116210937500000000e-01 -4.064606595593015514e-01
4.117431640625000000e-01 -4.059456338589438884e-01
4.118652343750000000e-01 -4.054303693512280038e-01
4.119873046875000000e-01 -4.049148663392724279e-01
4.121093750000000000e-01 -4.043991251263329700e-01
4.122314453125000000e-01 -4.038831460158074371e-01
4.123535156250000000e-01 -4.033669293112328025e-01
4.124755859375000000e-01 -4.028504753162860941e-01
4.125976562500000000e-01 -4.023337843347844500e-01
4.127197265625000000e-01 -4.018168566706830092e-01
4.128417968750000000e-01 -4.012996926280771870e-01
4.129638671875000000e-01 -4.007822925112018431e-01
4.130859375000000000e-01 -4.002646566244291160e-01
4.132080078125000000e-01 -3.997467852722724202e-01
4.133300781250000000e-01 -3.992286787593808950e-01
4.134521484375000000e-01 -3.987103373905430681e-01
4.135742187500000000e-01 -3.981917614706868003e-01
4.136962890625000000e-01 -3.976729513048759546e-01
4.138183593750000000e-01 -3.971539071983140601e-01
4.139404296875000000e-01 -3.966346294563408148e-01
4.140625000000000000e-01 -3.961151183844342505e-01
4.141845703125000000e-01 -3.955953742882095669e-01
4.143066406250000000e-01 -3.950753974734177998e-01
4.144287109375000000e-01 -3.945551882459493176e-01
4.145507812500000000e-01 -3.940347469118282708e-01
4.146728515625000000e-01 -3.935140737772183095e-01
4.147949218750000000e-01 -3.929931691484173095e-01
4.149169921875000000e-01 -3.924720333318601484e-01
4.150390625000000000e-01 -3.919506666341174839e-01
4.151611328125000000e-01 -3.914290693618958650e-01
4.152832031250000000e-01 -3.909072418220381206e-01
4.154052734375000000e-01 -3.903851843215215278e-01
4.155273437500000000e-01 -3.898628971674583665e-01
4.156494140625000000e-01 -3.893403806670981959e-01
4.157714843750000000e-01 -3.888176351278222476e-01
4.158935546875000000e-01 -3.882946608571500868e-01
4.160156250000000000e-01 -3.877714581627331736e-01
4.161376953125000000e-01 -3.872480273523578043e-01
4.162597656250000000e-01 -3.867243687339452229e-01
4.163818359375000000e-01 -3.862004826155501225e-01
4.165039062500000000e-01 -3.856763693053615327e-01
4.166259765625000000e-01 -3.851520291117011552e-01
4.167480468750000000e-01 -3.846274623430259720e-01
4.168701171875000000e-01 -3.841026693079243048e-01
4.169921875000000000e-01 -3.835776503151180350e-01
4.171142578125000000e-01 -3.830524056734633809e-01
4.172363281250000000e-01 -3.825269356919467900e-01
4.173583984375000000e-01 -3.820012406796902127e-01
4.174804687500000000e-01 -3.814753209459456063e-01
4.176025390625000000e-01 -3.809491768000977663e-01
4.177246093750000000e-01 -3.804228085516645486e-01
4.178466796875000000e-01 -3.798962165102942046e-01
4.179687500000000000e-01 -3.793694009857677685e-01
4.180908203125000000e-01 -3.788423622879973363e-01
4.182128906250000000e-01 -3.783151007270247890e-01
4.183349609375000000e-01 -3.777876166130266222e-01
4.184570312500000000e-01 -3.772599102563061191e-01
4.185791015625000000e-01 -3.767319819673011216e-01
4.187011718750000000e-01 -3.762038320565772587e-01
4.188232421875000000e-01 -3.756754608348312763e-01
4.189453125000000000e-01 -3.751468686128913155e-01
4.190673828125000000e-01 -3.746180557017131929e-01
4.191894531250000000e-01 -3.740890224123853969e-01
4.193115234375000000e-01 -3.735597690561234807e-01
4.194335937500000000e-01 -3.730302959442743371e-01
4.195556640625000000e-01 -3.725006033883133671e-01
4.196777343750000000e-01 -3.719706916998435364e-01
4.197998046875000000e-01 -3.714405611906003157e-01
4.199218750000000000e-01 -3.709102121724441870e-01
4.200439453125000000e-01 -3.703796449573673599e-01
4.201660156250000000e-01 -3.698488598574878328e-01
4.202880859375000000e-01 -3.693178571850527225e-01
4.204101562500000000e-01 -3.687866372524377656e-01
4.205322265625000000e-01 -3.682552003721451528e-01
4.206542968750000000e-01 -3.677235468568066934e-01
4.207763671875000000e-01 -3.671916770191798185e-01
4.208984375000000000e-01 -3.666595911721491352e-01
4.210205078125000000e-01 -3.661272896287284806e-01
4.211425781250000000e-01 -3.655947727020557037e-01
4.212646484375000000e-01 -3.650620407053982719e-01
4.213867187500000000e-01 -3.645290939521476092e-01
4.215087890625000000e-01 -3.639959327558225932e-01
4.216308593750000000e-01 -3.634625574300686668e-01
4.217529296875000000e-01 -3.629289682886562840e-01
4.218750000000000000e-01 -3.623951656454830195e-01
4.219970703125000000e-01 -3.618611498145704042e-01
4.221191406250000000e-01 -3.613269211100668121e-01
4.222412109375000000e-01 -3.607924798462450178e-01
4.223632812500000000e-01 -3.602578263375024736e-01
4.224853515625000000e-01 -3.597229608983629201e-01
4.226074218750000000e-01 -3.591878838434729437e-01
4.227294921875000000e-01 -3.586525954876058075e-01
4.228515625000000000e-01 -3.581170961456572321e-01
4.229736328125000000e-01 -3.575813861326472276e-01
4.230957031250000000e-01 -3.570454657637211482e-01
4.232177734375000000e-01 -3.565093353541459176e-01
4.233398437500000000e-01 -3.559729952193145808e-01
4.234619140625000000e-01 -3.554364456747418632e-01
4.235839843750000000e-01 -3.548996870360646705e-01
4.237060546875000000e-01 -3.543627196190464179e-01
4.238281250000000000e-01 -3.538255437395692593e-01
4.239501953125000000e-01 -3.532881597136420249e-01
4.240722656250000000e-01 -3.527505678573920056e-01
4.241943359375000000e-01 -3.522127684870710596e-01
4.243164062500000000e-01 -3.516747619190536689e-01
4.244384765625000000e-01 -3.511365484698338868e-01
4.245605468750000000e-01 -3.505981284560297784e-01
4.246826171875000000e-01 -3.500595021943792018e-01
4.248046875000000000e-01 -3.495206700017434165e-01
4.249267578125000000e-01 -3.489816321951026423e-01
4.250488281250000000e-01 -3.484423890915580579e-01
4.251708984375000000e-01 -3.479029410083344098e-01
4.252929687500000000e-01 -3.473632882627730178e-01
4.254150390625000000e-01 -3.468234311723397134e-01
4.255371093750000000e-01 -3.462833700546173454e-01
4.256591796875000000e-01 -3.457431052273096661e-01
4.257812500000000000e-01 -3.452026370082417195e-01
4.259033203125000000e-01 -3.446619657153557892e-01
4.260253906250000000e-01 -3.441210916667157282e-01
4.261474609375000000e-01 -3.435800151805041280e-01
4.262695312500000000e-01 -3.430387365750205975e-01
4.263916015625000000e-01 -3.424972561686874806e-01
4.265136718750000000e-01 -3.419555742800418630e-01
4.266357421875000000e-01 -3.414136912277431213e-01
4.267578125000000000e-01 -3.408716073305658734e-01
4.268798828125000000e-01 -3.403293229074041970e-01
4.270019531250000000e-01 -3.397868382772704643e-01
4.271240234375000000e-01 -3.392441537592940093e-01
4.272460937500000000e-01 -3.387012696727224048e-01
4.273681640625000000e-01 -3.381581863369200192e-01
4.274902343750000000e-01 -3.376149040713692928e-01
4.276123046875000000e-01 -3.370714231956695173e-01
4.277343750000000000e-01 -3.365277440295350031e-01
4.278564453125000000e-01 -3.359838668928000205e-01
4.279785156250000000e-01 -3.354397921054114162e-01
4.281005859375000000e-01 -3.348955199874366073e-01
4.282226562500000000e-01 -3.343510508590558650e-01
4.283447265625000000e-01 -3.338063850405654232e-01
4.284667968750000000e-01 -3.332615228523795325e-01
4.285888671875000000e-01 -3.327164646150254090e-01
4.287109375000000000e-01 -3.321712106491482852e-01
4.288330078125000000e-01 -3.316257612755061368e-01
4.289550781250000000e-01 -3.310801168149720697e-01
4.290771484375000000e-01 -3.305342775885358186e-01
4.291992187500000000e-01 -3.299882439172995841e-01
4.293212890625000000e-01 -3.294420161224821397e-01
4.294433593750000000e-01 -3.288955945254143365e-01
4.295654296875000000e-01 -3.283489794475414891e-01
4.296875000000000000e-01 -3.278021712104244867e-01
4.298095703125000000e-01 -3.272551701357351850e-01
4.299316406250000000e-01 -3.267079765452614581e-01
4.300537109375000000e-01 -3.261605907609018140e-01
4.301757812500000000e-01 -3.256130131046708343e-01
4.302978515625000000e-01 -3.250652438986932902e-01
4.304199218750000000e-01 -3.245172834652071958e-01
4.305419921875000000e-01 -3.239691321265649737e-01
4.306640625000000000e-01 -3.234207902052285699e-01
4.307861328125000000e-01 -3.228722580237747830e-01
4.309082031250000000e-01 -3.223235359048899351e-01
4.310302734375000000e-01 -3.217746241713729805e-01
4.311523437500000000e-01 -3.212255231461355609e-01
4.312744140625000000e-01 -3.206762331521986753e-01
4.313964843750000000e-01 -3.201267545126959546e-01
4.315185546875000000e-01 -3.195770875508718301e-01
4.316406250000000000e-01 -3.190272325900800898e-01
4.317626953125000000e-01 -3.184771899537877649e-01
4.318847656250000000e-01 -3.179269599655690781e-01
4.320068359375000000e-01 -3.173765429491119949e-01
4.321289062500000000e-01 -3.168259392282115616e-01
4.322509765625000000e-01 -3.162751491267732917e-01
4.323730468750000000e-01 -3.157241729688138321e-01
4.324951171875000000e-01 -3.151730110784574657e-01
4.326171875000000000e-01 -3.146216637799396088e-01
4.327392578125000000e-01 -3.140701313976025366e-01
4.328613281250000000e-01 -3.135184142558992137e-01
4.329833984375000000e-01 -3.129665126793908514e-01
4.331054687500000000e-01 -3.124144269927454642e-01
4.332275390625000000e-01 -3.118621575207427554e-01
4.333496093750000000e-01 -3.113097045882669001e-01
4.334716796875000000e-01 -3.107570685203132066e-01
4.335937500000000000e-01 -3.102042496419826767e-01
4.337158203125000000e-01 -3.096512482784838372e-01
4.338378906250000000e-01 -3.090980647551339056e-01
4.339599609375000000e-01 -3.085446993973558483e-01
4.340820312500000000e-01 -3.079911525306812670e-01
4.342041015625000000e-01 -3.074374244807467349e-01
4.343261718750000000e-01 -3.068835155732956288e-01
4.344482421875000000e-01 -3.063294261341799052e-01
4.345703125000000000e-01 -3.057751564893543827e-01
4.346923828125000000e-01 -3.052207069648831261e-01
4.348144531250000000e-01 -3.046660778869336728e-01
4.349365234375000000e-01 -3.041112695817796974e-01
4.350585937500000000e-01 -3.035562823758015671e-01
4.351806640625000000e-01 -3.030011165954829000e-01
4.353027343750000000e-01 -3.024457725674143393e-01
4.354248046875000000e-01 -3.018902506182900014e-01
4.355468750000000000e-01 -3.013345510749094180e-01
4.356689453125000000e-01 -3.007786742641767042e-01
4.357910156250000000e-01 -3.002226205130981151e-01
4.359130859375000000e-01 -2.996663901487879311e-01
4.360351562500000000e-01 -2.991099834984604633e-01
4.361572265625000000e-01 -2.985534008894366598e-01
4.362792968750000000e-01 -2.979966426491391096e-01
4.364013671875000000e-01 -2.974397091050939856e-01
4.365234375000000000e-01 -2.968826005849318217e-01
4.366455078125000000e-01 -2.963253174163842929e-01
4.367675781250000000e-01 -2.957678599272878239e-01
4.368896484375000000e-01 -2.952102284455793146e-01
4.370117187500000000e-01 -2.946524232992988046e-01
4.371337890625000000e-01 -2.940944448165899727e-01
4.372558593750000000e-01 -2.935362933256957518e-01
4.373779296875000000e-01 -2.929779691549636578e-01
4.375000000000000000e-01 -2.924194726328406269e-01
4.376220703125000000e-01 -2.918608040878753473e-01
4.377441406250000000e-01 -2.913019638487192586e-01
4.378662109375000000e-01 -2.907429522441224434e-01
4.379882812500000000e-01 -2.901837696029382907e-01
4.381103515625000000e-01 -2.896244162541181666e-01
4.382324218750000000e-01 -2.890648925267166880e-01
4.383544921875000000e-01 -2.885051987498866710e-01
4.384765625000000000e-01 -2.879453352528805743e-01
4.385986328125000000e-01 -2.873853023650532745e-01
4.387207031250000000e-01 -2.868251004158560713e-01
4.388427734375000000e-01 -2.862647297348430708e-01
4.389648437500000000e-01 -2.857041906516647467e-01
4.390869140625000000e-01 -2.851434834960716036e-01
4.392089843750000000e-01 -2.845826085979141218e-01
4.393310546875000000e-01 -2.840215662871396485e-01
4.394531250000000000e-01 -2.834603568937960061e-01
4.395751953125000000e-01 -2.828989807480277729e-01
4.396972656250000000e-01 -2.823374381800768385e-01
4.398193359375000000e-01 -2.817757295202862888e-01
4.399414062500000000e-01 -2.812138550990931352e-01
4.400634765625000000e-01 -2.806518152470350302e-01
4.401855468750000000e-01 -2.800896102947439403e-01
4.403076171875000000e-01 -2.795272405729523624e-01
4.404296875000000000e-01 -2.789647064124869957e-01
4.405517578125000000e-01 -2.784020081442716288e-01
4.406738281250000000e-01 -2.778391460993281381e-01
4.407958984375000000e-01 -2.772761206087728802e-01
4.409179687500000000e-01 -2.767129320038203555e-01
4.410400390625000000e-01 -2.761495806157794330e-01
4.411621093750000000e-01 -2.755860667760540172e-01
4.412841796875000000e-01 -2.750223908161468778e-01
4.414062500000000000e-01 -2.744585530676523777e-01
4.415283203125000000e-01 -2.738945538622629683e-01
4.416503906250000000e-01 -2.733303935317639710e-01
4.417724609375000000e-01 -2.727660724080365195e-01
4.418945312500000000e-01 -2.722015908230565606e-01
4.420166015625000000e-01 -2.716369491088934107e-01
4.421386718750000000e-01 -2.710721475977119765e-01
4.422607421875000000e-01 -2.705071866217705345e-01
4.423828125000000000e-01 -2.699420665134199537e-01
4.425048828125000000e-01 -2.693767876051071375e-01
4.426269531250000000e-01 -2.688113502293698054e-01
4.427490234375000000e-01 -2.682457547188416558e-01
4.428710937500000000e-01 -2.676800014062464261e-01
4.429931640625000000e-01 -2.671140906244038327e-01
4.431152343750000000e-01 -2.665480227062235752e-01
4.432373046875000000e-01 -2.659817979847085012e-01
4.433593750000000000e-01 -2.654154167929551611e-01
4.434814453125000000e-01 -2.648488794641497557e-01
4.436035156250000000e-01 -2.642821863315726882e-01
4.437255859375000000e-01 -2.637153377285949563e-01
4.438476562500000000e-01 -2.631483339886777073e-01
4.439697265625000000e-01 -2.625811754453759028e-01
4.440917968750000000e-01 -2.620138624323331000e-01
4.442138671875000000e-01 -2.614463952832865035e-01
4.443359375000000000e-01 -2.608787743320613584e-01
4.444580078125000000e-01 -2.603109999125745588e-01
4.445800781250000000e-01 -2.597430723588335932e-01
4.447021484375000000e-01 -2.591749920049346012e-01
4.448242187500000000e-01 -2.586067591850659264e-01
4.449462890625000000e-01 -2.580383742335037867e-01
4.450683593750000000e-01 -2.574698374846134397e-01
4.451904296875000000e-01 -2.569011492728522916e-01
4.453125000000000000e-01 -2.563323099327629584e-01
4.454345703125000000e-01 -2.557633197989807594e-01
4.455566406250000000e-01 -2.551941792062264458e-01
4.456787109375000000e-01 -2.546248884893121400e-01
4.458007812500000000e-01 -2.540554479831362844e-01
4.459228515625000000e-01 -2.534858580226849734e-01
4.460449218750000000e-01 -2.529161189430351175e-01
4.461669921875000000e-01 -2.523462310793482266e-01
4.462890625000000000e-01 -2.517761947668757938e-01
4.464111328125000000e-01 -2.512060103409547995e-01
4.465332031250000000e-01 -2.506356781370091547e-01
4.466552734375000000e-01 -2.500651984905525316e-01
4.467773437500000000e-01 -2.494945717371815919e-01
4.468994140625000000e-01 -2.489237982125831750e-01
4.470214843750000000e-01 -2.483528782525272760e-01
4.471435546875000000e-01 -2.477818121928713202e-01
4.472656250000000000e-01 -2.472106003695597742e-01
4.473876953125000000e-01 -2.466392431186207879e-01
4.475097656250000000e-01 -2.460677407761698576e-01
4.476318359375000000e-01 -2.454960936784073844e-01
4.477539062500000000e-01 -2.449243021616171467e-01
4.478759765625000000e-01 -2.443523665621709362e-01
4.479980468750000000e-01 -2.437802872165222845e-01
4.481201171875000000e-01 -2.432080644612122644e-01
4.482421875000000000e-01 -2.426356986328634391e-01
4.483642578125000000e-01 -2.420631900681853299e-01
4.484863281250000000e-01 -2.414905391039687266e-01
4.486083984375000000e-01 -2.409177460770894064e-01
4.487304687500000000e-01 -2.403448113245077733e-01
4.488525390625000000e-01 -2.397717351832654442e-01
4.489746093750000000e-01 -2.391985179904893011e-01
4.490966796875000000e-01 -2.386251600833879938e-01
4.492187500000000000e-01 -2.380516617992524675e-01
4.493408203125000000e-01 -2.374780234754582386e-01
4.494628906250000000e-01 -2.369042454494605099e-01
4.495849609375000000e-01 -2.363303280587997213e-01
4.497070312500000000e-01 -2.357562716410955828e-01
4.498291015625000000e-01 -2.351820765340505159e-01
4.499511718750000000e-01 -2.346077430754496262e-01
4.500732421875000000e-01 -2.340332716031575389e-01
4.501953125000000000e-01 -2.334586624551222289e-01
4.503173828125000000e-01 -2.328839159693705252e-01
4.504394531250000000e-01 -2.323090324840107190e-01
4.505615234375000000e-01 -2.317340123372328697e-01
4.506835937500000000e-01 -2.311588558673054739e-01
4.508056640625000000e-01 -2.305835634125796563e-01
4.509277343750000000e-01 -2.300081353114833416e-01
4.510498046875000000e-01 -2.294325719025279431e-01
4.511718750000000000e-01 -2.288568735243015628e-01
4.512939453125000000e-01 -2.282810405154724054e-01
4.514160156250000000e-01 -2.277050732147890832e-01
4.515380859375000000e-01 -2.271289719610776192e-01
4.516601562500000000e-01 -2.265527370932441664e-01
4.517822265625000000e-01 -2.259763689502724826e-01
4.519042968750000000e-01 -2.253998678712244852e-01
4.520263671875000000e-01 -2.248232341952420554e-01
4.521484375000000000e-01 -2.242464682615428195e-01
4.522705078125000000e-01 -2.236695704094246173e-01
4.523925781250000000e-01 -2.230925409782608948e-01
4.525146484375000000e-01 -2.225153803075023140e-01
4.526367187500000000e-01 -2.219380887366791677e-01
4.527587890625000000e-01 -2.213606666053961336e-01
4.528808593750000000e-01 -2.207831142533364932e-01
4.530029296875000000e-01 -2.202054320202593007e-01
4.531250000000000000e-01 -2.196276202459990501e-01
4.532470703125000000e-01 -2.190496792704693663e-01
4.533691406250000000e-01 -2.184716094336561221e-01
4.534912109375000000e-01 -2.178934110756247378e-01
4.536132812500000000e-01 -2.173150845365128536e-01
4.537353515625000000e-01 -2.167366301565362141e-01
4.538574218750000000e-01 -2.161580482759841437e-01
4.539794921875000000e-01 -2.155793392352209903e-01
4.541015625000000000e-01 -2.150005033746874294e-01
4.542236328125000000e-01 -2.144215410348963569e-01
4.543457031250000000e-01 -2.138424525564378842e-01
4.544677734375000000e-01 -2.132632382799740378e-01
4.545898437500000000e-01 -2.126838985462410070e-01
4.547119140625000000e-01 -2.121044336960510868e-01
4.548339843750000000e-01 -2.115248440702865440e-01
4.549560546875000000e-01 -2.109451300099068893e-01
4.550781250000000000e-01 -2.103652918559421048e-01
4.552001953125000000e-01 -2.097853299494955581e-01
4.553222656250000000e-01 -2.092052446317447800e-01
4.554443359375000000e-01 -2.086250362439382167e-01
4.555664062500000000e-01 -2.080447051273985604e-01
4.556884765625000000e-01 -2.074642516235191692e-01
4.558105468750000000e-01 -2.068836760737647329e-01
4.559326171875000000e-01 -2.063029788196745762e-01
4.560546875000000000e-01 -2.057221602028570240e-01
4.561767578125000000e-01 -2.051412205649933984e-01
4.562988281250000000e-01 -2.045601602478341607e-01
4.564208984375000000e-01 -2.039789795932040184e-01
4.565429687500000000e-01 -2.033976789429952081e-01
4.566650390625000000e-01 -2.028162586391722144e-01
4.567871093750000000e-01 -2.022347190237697157e-01
4.569091796875000000e-01 -2.016530604388921399e-01
4.570312500000000000e-01 -2.010712832267153027e-01
4.571533203125000000e-01 -2.004893877294830207e-01
4.572753906250000000e-01 -1.999073742895086936e-01
4.573974609375000000e-01 -1.993252432491774140e-01
4.575195312500000000e-01 -1.987429949509401939e-01
4.576416015625000000e-01 -1.981606297373202652e-01
4.577636718750000000e-01 -1.975781479509071681e-01
4.578857421875000000e-01 -1.969955499343597760e-01
4.580078125000000000e-01 -1.964128360304063514e-01
4.581298828125000000e-01 -1.958300065818412150e-01
4.582519531250000000e-01 -1.952470619315294087e-01
4.583740234375000000e-01 -1.946640024224016163e-01
4.584960937500000000e-01 -1.940808283974557458e-01
4.586181640625000000e-01 -1.934975401997596212e-01
4.587402343750000000e-01 -1.929141381724450710e-01
4.588623046875000000e-01 -1.923306226587143952e-01
4.589843750000000000e-01 -1.917469940018328989e-01
4.591064453125000000e-01 -1.911632525451357478e-01
4.592285156250000000e-01 -1.905793986320221400e-01
4.593505859375000000e-01 -1.899954326059583587e-01
4.594726562500000000e-01 -1.894113548104770506e-01
4.595947265625000000e-01 -1.888271655891751444e-01
4.597167968750000000e-01 -1.882428652857171814e-01
4.598388671875000000e-01 -1.876584542438317071e-01
4.599609375000000000e-01 -1.870739328073119101e-01
4.600830078125000000e-01 -1.864893013200180083e-01
4.602050781250000000e-01 -1.859045601258722258e-01
4.603271484375000000e-01 -1.853197095688639551e-01
4.604492187500000000e-01 -1.847347499930452053e-01
4.605712890625000000e-01 -1.841496817425322674e-01
4.606933593750000000e-01 -1.835645051615062973e-01
4.608154296875000000e-01 -1.829792205942111227e-01
4.609375000000000000e-01 -1.823938283849553255e-01
4.610595703125000000e-01 -1.818083288781097151e-01
4.611816406250000000e-01 -1.812227224181074403e-01
4.613037109375000000e-01 -1.806370093494475415e-01
4.614257812500000000e-01 -1.800511900166883728e-01
4.615478515625000000e-01 -1.794652647644537080e-01
4.616699218750000000e-01 -1.788792339374267182e-01
4.617919921875000000e-01 -1.782930978803561328e-01
4.619140625000000000e-01 -1.777068569380494401e-01
4.620361328125000000e-01 -1.771205114553767723e-01
4.621582031250000000e-01 -1.765340617772713228e-01
4.622802734375000000e-01 -1.759475082487248210e-01
4.624023437500000000e-01 -1.753608512147931120e-01
4.625244140625000000e-01 -1.747740910205909937e-01
4.626464843750000000e-01 -1.741872280112929383e-01
4.627685546875000000e-01 -1.736002625321373671e-01
4.628906250000000000e-01 -1.730131949284194615e-01
4.630126953125000000e-01 -1.724260255454973523e-01
4.631347656250000000e-01 -1.718387547287865136e-01
4.632568359375000000e-01 -1.712513828237632318e-01
4.633789062500000000e-01 -1.706639101759642174e-01
4.635009765625000000e-01 -1.700763371309832739e-01
4.636230468750000000e-01 -1.694886640344755169e-01
4.637451171875000000e-01 -1.689008912321537104e-01
4.638671875000000000e-01 -1.683130190697885720e-01
4.639892578125000000e-01 -1.677250478932115485e-01
4.641113281250000000e-01 -1.671369780483093204e-01
4.642333984375000000e-01 -1.665488098810299911e-01
4.643554687500000000e-01 -1.659605437373758707e-01
4.644775390625000000e-01 -1.653721799634108036e-01
4.645996093750000000e-01 -1.647837189052525630e-01
4.647216796875000000e-01 -1.641951609090776809e-01
4.648437500000000000e-01 -1.636065063211206150e-01
4.649658203125000000e-01 -1.630177554876705293e-01
4.650878906250000000e-01 -1.624289087550753463e-01
4.652099609375000000e-01 -1.618399664697382778e-01
4.653320312500000000e-01 -1.612509289781180744e-01
4.654541015625000000e-01 -1.606617966267314124e-01
4.655761718750000000e-01 -1.600725697621483978e-01
4.656982421875000000e-01 -1.594832487309975344e-01
4.658203125000000000e-01 -1.588938338799605332e-01
4.659423828125000000e-01 -1.583043255557740892e-01
4.660644531250000000e-01 -1.577147241052322679e-01
4.661865234375000000e-01 -1.571250298751809826e-01
4.663085937500000000e-01 -1.565352432125235727e-01
4.664306640625000000e-01 -1.559453644642155856e-01
4.665527343750000000e-01 -1.553553939772666093e-01
4.666748046875000000e-01 -1.547653320987429637e-01
4.667968750000000000e-01 -1.541751791757611789e-01
4.669189453125000000e-01 -1.535849355554944617e-01
4.670410156250000000e-01 -1.529946015851662844e-01
4.671630859375000000e-01 -1.524041776120567682e-01
4.672851562500000000e-01 -1.518136639834960500e-01
4.674072265625000000e-01 -1.512230610468675296e-01
4.675292968750000000e-01 -1.506323691496088968e-01
4.676513671875000000e-01 -1.500415886392079401e-01
4.677734375000000000e-01 -1.494507198632067935e-01
4.678955078125000000e-01 -1.488597631691978285e-01
4.680175781250000000e-01 -1.482687189048245979e-01
4.681396484375000000e-01 -1.476775874177846393e-01
4.682617187500000000e-01 -1.470863690558243120e-01
4.683837890625000000e-01 -1.464950641667434605e-01
4.685058593750000000e-01 -1.459036730983905017e-01
4.686279296875000000e-01 -1.453121961986652833e-01
4.687500000000000000e-01 -1.447206338155194727e-01
4.688720703125000000e-01 -1.441289862969529767e-01
4.689941406250000000e-01 -1.435372539910175771e-01
4.691162109375000000e-01 -1.429454372458140998e-01
4.692382812500000000e-01 -1.423535364094920541e-01
4.693603515625000000e-01 -1.417615518302527966e-01
4.694824218750000000e-01 -1.411694838563442855e-01
4.696044921875000000e-01 -1.405773328360664653e-01
4.697265625000000000e-01 -1.399850991177648274e-01
4.698486328125000000e-01 -1.393927830498367382e-01
4.699707031250000000e-01 -1.388003849807256107e-01
4.700927734375000000e-01 -1.382079052589235968e-01
4.702148437500000000e-01 -1.376153442329722532e-01
4.703369140625000000e-01 -1.370227022514590720e-01
4.704589843750000000e-01 -1.364299796630208672e-01
4.705810546875000000e-01 -1.358371768163408877e-01
4.707031250000000000e-01 -1.352442940601488175e-01
4.708251953125000000e-01 -1.346513317432237455e-01
4.709472656250000000e-01 -1.340582902143885591e-01
4.710693359375000000e-01 -1.334651698225160776e-01
4.711914062500000000e-01 -1.328719709165228913e-01
4.713134765625000000e-01 -1.322786938453717198e-01
4.714355468750000000e-01 -1.316853389580737166e-01
4.715576171875000000e-01 -1.310919066036829728e-01
4.716796875000000000e-01 -1.304983971313018742e-01
4.718017578125000000e-01 -1.299048108900759668e-01
4.719238281250000000e-01 -1.293111482291958991e-01
4.720458984375000000e-01 -1.287174094978997263e-01
4.721679687500000000e-01 -1.281235950454670536e-01
4.722900390625000000e-01 -1.275297052212253368e-01
4.724121093750000000e-01 -1.269357403745428881e-01
4.725341796875000000e-01 -1.263417008548356757e-01
4.726562500000000000e-01 -1.257475870115609407e-01
4.727783203125000000e-01 -1.251533991942199442e-01
4.729003906250000000e-01 -1.245591377523590920e-01
4.730224609375000000e-01 -1.239648030355664232e-01
4.731445312500000000e-01 -1.233703953934745662e-01
4.732666015625000000e-01 -1.227759151757575190e-01
4.733886718750000000e-01 -1.221813627321320650e-01
4.735107421875000000e-01 -1.215867384123597711e-01
4.736328125000000000e-01 -1.209920425662412008e-01
4.737548828125000000e-01 -1.203972755436219788e-01
4.738769531250000000e-01 -1.198024376943872954e-01
4.739990234375000000e-01 -1.192075293684646681e-01
4.741210937500000000e-01 -1.186125509158243579e-01
4.742431640625000000e-01 -1.180175026864758586e-01
4.743652343750000000e-01 -1.174223850304716293e-01
4.744873046875000000e-01 -1.168271982979037504e-01
4.746093750000000000e-01 -1.162319428389043952e-01
4.747314453125000000e-01 -1.156366190036485359e-01
4.748535156250000000e-01 -1.150412271423479904e-01
4.749755859375000000e-01 -1.144457676052585970e-01
4.750976562500000000e-01 -1.138502407426717905e-01
4.752197265625000000e-01 -1.132546469049224569e-01
4.753417968750000000e-01 -1.126589864423822307e-01
4.754638671875000000e-01 -1.120632597054621454e-01
4.755859375000000000e-01 -1.114674670446143268e-01
4.757080078125000000e-01 -1.108716088103270381e-01
4.758300781250000000e-01 -1.102756853531293990e-01
4.759521484375000000e-01 -1.096796970235871110e-01
4.760742187500000000e-01 -1.090836441723043726e-01
4.761962890625000000e-01 -1.084875271499249338e-01
4.763183593750000000e-01 -1.078913463071275031e-01
4.764404296875000000e-01 -1.072951019946318113e-01
4.765625000000000000e-01 -1.066987945631917706e-01
4.766845703125000000e-01 -1.061024243635993042e-01
4.768066406250000000e-01 -1.055059917466848601e-01
4.769287109375000000e-01 -1.049094970633132756e-01
4.770507812500000000e-01 -1.043129406643880791e-01
4.771728515625000000e-01 -1.037163229008474796e-01
4.772949218750000000e-01 -1.031196441236654771e-01
4.774169921875000000e-01 -1.025229046838546099e-01
4.775390625000000000e-01 -1.019261049324595436e-01
4.776611328125000000e-01 -1.013292452205636907e-01
4.777832031250000000e-01 -1.007323258992828541e-01
4.779052734375000000e-01 -1.001353473197707927e-01
4.780273437500000000e-01 -9.953830983321372561e-02
4.781494140625000000e-01 -9.894121379083288537e-02
4.782714843750000000e-01 -9.834405954388578119e-02
4.783935546875000000e-01 -9.774684744366154976e-02
4.785156250000000000e-01 -9.714957784148610387e-02
4.786376953125000000e-01 -9.655225108871708095e-02
4.787597656250000000e-01 -9.595486753674550839e-02
4.788818359375000000e-01 -9.535742753699849583e-02
4.790039062500000000e-01 -9.475993144093276810e-02
4.791259765625000000e-01 -9.416237960004154861e-02
4.792480468750000000e-01 -9.356477236584836987e-02
4.793701171875000000e-01 -9.296711008990972414e-02
4.794921875000000000e-01 -9.236939312381629852e-02
4.796142578125000000e-01 -9.177162181918785411e-02
4.797363281250000000e-01 -9.117379652767940157e-02
4.798583984375000000e-01 -9.057591760097556677e-02
4.799804687500000000e-01 -8.997798539079217284e-02
4.801025390625000000e-01 -8.938000024887918227e-02
4.802246093750000000e-01 -8.878196252701374414e-02
4.803466796875000000e-01 -8.818387257700835424e-02
4.804687500000000000e-01 -8.758573075070179292e-02
4.805908203125000000e-01 -8.698753739996727130e-02
4.807128906250000000e-01 -8.638929287670549240e-02
4.808349609375000000e-01 -8.579099753284796792e-02
4.809570312500000000e-01 -8.519265172035761502e-02
4.810791015625000000e-01 -8.459425579122445416e-02
4.812011718750000000e-01 -8.399581009747063287e-02
4.813232421875000000e-01 -8.339731499114606816e-02
4.814453125000000000e-01 -8.279877082432923752e-02
4.815673828125000000e-01 -8.220017794912921894e-02
4.816894531250000000e-01 -8.160153671768172190e-02
4.818115234375000000e-01 -8.100284748215338948e-02
4.819335937500000000e-01 -8.040411059473671906e-02
4.820556640625000000e-01 -7.980532640765272689e-02
4.821777343750000000e-01 -7.920649527315186400e-02
4.822998046875000000e-01 -7.860761754351001940e-02
4.824218750000000000e-01 -7.800869357103283608e-02
4.825439453125000000e-01 -7.740972370805097869e-02
4.826660156250000000e-01 -7.681070830692228457e-02
4.827880859375000000e-01 -7.621164772003391485e-02
4.829101562500000000e-01 -7.561254229979579022e-02
4.830322265625000000e-01 -7.501339239864789066e-02
4.831542968750000000e-01 -7.441419836905313612e-02
4.832763671875000000e-01 -7.381496056350334012e-02
4.833984375000000000e-01 -7.321567933451433863e-02
4.835205078125000000e-01 -7.261635503462668395e-02
4.836425781250000000e-01 -7.201698801640910030e-02
4.837646484375000000e-01 -7.141757863245198901e-02
4.838867187500000000e-01 -7.081812723537421472e-02
4.840087890625000000e-01 -7.021863417781695760e-02
4.841308593750000000e-01 -6.961909981244536472e-02
4.842529296875000000e-01 -6.901952449195195016e-02
4.843750000000000000e-01 -6.841990856904982266e-02
4.844970703125000000e-01 -6.782025239647895831e-02
4.846191406250000000e-01 -6.722055632700092709e-02
4.847412109375000000e-01 -6.662082071340076628e-02
4.848632812500000000e-01 -6.602104590848927035e-02
4.849853515625000000e-01 -6.542123226509627409e-02
4.851074218750000000e-01 -6.482138013607872951e-02
4.852294921875000000e-01 -6.422148987431347544e-02
4.853515625000000000e-01 -6.362156183269954135e-02
4.854736328125000000e-01 -6.302159636416071464e-02
4.855957031250000000e-01 -6.242159382163969816e-02
4.857177734375000000e-01 -6.182155455810404293e-02
4.858398437500000000e-01 -6.122147892653992396e-02
4.859619140625000000e-01 -6.062136727995778851e-02
4.860839843750000000e-01 -6.002121997138720050e-02
4.862060546875000000e-01 -5.942103735387854746e-02
4.863281250000000000e-01 -5.882081978050533733e-02
4.864501953125000000e-01 -5.822056760435852241e-02
4.865722656250000000e-01 -5.762028117855257786e-02
4.866943359375000000e-01 -5.701996085621978405e-02
4.868164062500000000e-01 -5.641960699051248862e-02
4.869384765625000000e-01 -5.581921993460451509e-02
4.870605468750000000e-01 -5.521880004168702727e-02
4.871826171875000000e-01 -5.461834766497263710e-02
4.873046875000000000e-01 -5.401786315769193519e-02
4.874267578125000000e-01 -5.341734687309324103e-02
4.875488281250000000e-01 -5.281679916444624590e-02
4.876708984375000000e-01 -5.221622038503648949e-02
4.877929687500000000e-01 -5.161561088817011311e-02
4.879150390625000000e-01 -5.101497102716988363e-02
4.880371093750000000e-01 -5.041430115537565843e-02
4.881591796875000000e-01 -4.981360162614791726e-02
4.882812500000000000e-01 -4.921287279286108707e-02
4.884033203125000000e-01 -4.861211500890966208e-02
4.885253906250000000e-01 -4.801132862770271514e-02
4.886474609375000000e-01 -4.741051400266907412e-02
4.887695312500000000e-01 -4.680967148725138915e-02
4.888916015625000000e-01 -4.620880143490924824e-02
4.890136718750000000e-01 -4.560790419912028743e-02
4.891357421875000000e-01 -4.500698013337605524e-02
4.892578125000000000e-01 -4.440602959118539195e-02
4.893798828125000000e-01 -4.380505292607177886e-02
4.895019531250000000e-01 -4.320405049157341471e-02
4.896240234375000000e-01 -4.260302264124590094e-02
4.897460937500000000e-01 -4.200196972865719025e-02
4.898681640625000000e-01 -4.140089210739239522e-02
4.899902343750000000e-01 -4.079979013104951396e-02
4.901123046875000000e-01 -4.019866415324063053e-02
4.902343750000000000e-01 -3.959751452759404516e-02
4.903564453125000000e-01 -3.899634160774916730e-02
4.904785156250000000e-01 -3.839514574736177521e-02
4.906005859375000000e-01 -3.779392730009961676e-02
4.907226562500000000e-01 -3.719268661964314493e-02
4.908447265625000000e-01 -3.659142405968784928e-02
4.909667968750000000e-01 -3.599013997393972486e-02
4.910888671875000000e-01 -3.538883471612029596e-02
4.912109375000000000e-01 -3.478750863996058623e-02
4.913330078125000000e-01 -3.418616209920669752e-02
4.914550781250000000e-01 -3.358479544761420327e-02
4.915771484375000000e-01 -3.298340903895104204e-02
4.916992187500000000e-01 -3.238200322699874567e-02
4.918212890625000000e-01 -3.178057836554813026e-02
4.919433593750000000e-01 -3.117913480840224169e-02
4.920654296875000000e-01 -3.057767290937485338e-02
4.921875000000000000e-01 -2.997619302228969607e-02
4.923095703125000000e-01 -2.937469550098300089e-02
4.924316406250000000e-01 -2.877318069929925629e-02
4.925537109375000000e-01 -2.817164897109515273e-02
4.926757812500000000e-01 -2.757010067023609942e-02
4.927978515625000000e-01 -2.696853615059609591e-02
4.929199218750000000e-01 -2.636695576606186767e-02
4.930419921875000000e-01 -2.576535987052626375e-02
4.931640625000000000e-01 -2.516374881789409240e-02
4.932861328125000000e-01 -2.456212296207655951e-02
4.934082031250000000e-01 -2.396048265699438073e-02
4.935302734375000000e-01 -2.335882825657828107e-02
4.936523437500000000e-01 -2.275716011476451237e-02
4.937744140625000000e-01 -2.215547858550072358e-02
4.938964843750000000e-01 -2.155378402273882069e-02
4.940185546875000000e-01 -2.095207678044181190e-02
4.941406250000000000e-01 -2.035035721257777430e-02
4.942626953125000000e-01 -1.974862567312246978e-02
4.943847656250000000e-01 -1.914688251605994179e-02
4.945068359375000000e-01 -1.854512809537929921e-02
4.946289062500000000e-01 -1.794336276507801226e-02
4.947509765625000000e-01 -1.734158687915884900e-02
4.948730468750000000e-01 -1.673980079163007659e-02
4.949951171875000000e-01 -1.613800485650862537e-02
4.951171875000000000e-01 -1.553619942781399831e-02
4.952392578125000000e-01 -1.493438485957434420e-02
4.953613281250000000e-01 -1.433256150582075221e-02
4.954833984375000000e-01 -1.373072972058991988e-02
4.956054687500000000e-01 -1.312888985792496840e-02
4.957275390625000000e-01 -1.252704227187188823e-02
4.958496093750000000e-01 -1.192518731648301890e-02
4.959716796875000000e-01 -1.132332534581404621e-02
4.960937500000000000e-01 -1.072145671392376112e-02
4.962158203125000000e-01 -1.011958177487739217e-02
4.963378906250000000e-01 -9.517700882740899940e-03
4.964599609375000000e-01 -8.915814391587083276e-03
4.965820312500000000e-01 -8.313922655488657776e-03
4.967041015625000000e-01 -7.712026028524350714e-03
4.968261718750000000e-01 -7.110124864773643971e-03
4.969482421875000000e-01 -6.508219518319400404e-03
4.970703125000000000e-01 -5.906310343247822212e-03
4.971923828125000000e-01 -5.304397693645299811e-03
4.973144531250000000e-01 -4.702481923602985434e-03
4.974365234375000000e-01 -4.100563387211784115e-03
4.975585937500000000e-01 -3.498642438564017292e-03
4.976806640625000000e-01 -2.896719431755701794e-03
4.978027343750000000e-01 -2.294794720881235522e-03
4.979248046875000000e-01 -1.692868660038913649e-03
4.980468750000000000e-01 -1.090941603325647257e-03
4.981689453125000000e-01 -4.890139048388993928e-04
4.982910156250000000e-01 1.129140813216849648e-04
4.984130859375000000e-01 7.148420010581460135e-04
4.985351562500000000e-01 1.316769500271079522e-03
4.986572265625000000e-01 1.918696224862374063e-03
4.987792968750000000e-01 2.520621820734762070e-03
4.989013671875000000e-01 3.122545933789699652e-03
4.990234375000000000e-01 3.724468209931817032e-03
4.991455078125000000e-01 4.326388295064494995e-03
4.992675781250000000e-01 4.928305835095270725e-03
4.993896484375000000e-01 5.530220475930229009e-03
4.995117187500000000e-01 6.132131863478777062e-03
4.996337890625000000e-01 6.734039643652560761e-03
4.997558593750000000e-01 7.335943462364040435e-03
4.998779296875000000e-01 7.937842965529375711e-03
5.000000000000000000e-01 8.539737799065826029e-03
5.001220703125000000e-01 9.141627608894649371e-03
5.002441406250000000e-01 9.743512040939520183e-03
5.003662109375000000e-01 1.034539074112717991e-02
5.004882812500000000e-01 1.094726335538800076e-02
5.006103515625000000e-01 1.154912952965597879e-02
5.007324218750000000e-01 1.215098890986864195e-02
5.008544921875000000e-01 1.275284114196742306e-02
5.009765625000000000e-01 1.335468587189836236e-02
5.010986328125000000e-01 1.395652274561170157e-02
5.012207031250000000e-01 1.455835140906238875e-02
5.013427734375000000e-01 1.516017150820989090e-02
5.014648437500000000e-01 1.576198268901920704e-02
5.015869140625000000e-01 1.636378459746006681e-02
5.017089843750000000e-01 1.696557687950823665e-02
5.018310546875000000e-01 1.756735918114450332e-02
5.019531250000000000e-01 1.816913114835596102e-02
5.020751953125000000e-01 1.877089242713571304e-02
5.021972656250000000e-01 1.937264266348315625e-02
5.023193359375000000e-01 1.997438150340395679e-02
5.024414062500000000e-01 2.057610859291064340e-02
5.025634765625000000e-01 2.117782357802292653e-02
5.026855468750000000e-01 2.177952610476730985e-02
5.028076171875000000e-01 2.238121581917760713e-02
5.029296875000000000e-01 2.298289236729505330e-02
5.030517578125000000e-01 2.358455539516915098e-02
5.031738281250000000e-01 2.418620454885707718e-02
5.032958984375000000e-01 2.478783947442385685e-02
5.034179687500000000e-01 2.538945981794346607e-02
5.035400390625000000e-01 2.599106522549787107e-02
5.036621093750000000e-01 2.659265534317850968e-02
5.037841796875000000e-01 2.719422981708487924e-02
5.039062500000000000e-01 2.779578829332639972e-02
5.040283203125000000e-01 2.839733041802199043e-02
5.041503906250000000e-01 2.899885583729980287e-02
5.042724609375000000e-01 2.960036419729773424e-02
5.043945312500000000e-01 3.020185514416404496e-02
5.045166015625000000e-01 3.080332832405724072e-02
5.046386718750000000e-01 3.140478338314601353e-02
5.047607421875000000e-01 3.200621996760977944e-02
5.048828125000000000e-01 3.260763772363883817e-02
5.050048828125000000e-01 3.320903629743487268e-02
5.051269531250000000e-01 3.381041533521046000e-02
5.052490234375000000e-01 3.441177448318981369e-02
5.053710937500000000e-01 3.501311338760888792e-02
5.054931640625000000e-01 3.561443169471530112e-02
5.056152343750000000e-01 3.621572905076932136e-02
5.057373046875000000e-01 3.681700510204288790e-02
5.058593750000000000e-01 3.741825949482090186e-02
5.059814453125000000e-01 3.801949187540094172e-02
5.061035156250000000e-01 3.862070189009361026e-02
5.062255859375000000e-01 3.922188918522215989e-02
5.063476562500000000e-01 3.982305340712392894e-02
5.064697265625000000e-01 4.042419420214943271e-02
5.065917968750000000e-01 4.102531121666303654e-02
5.067138671875000000e-01 4.162640409704305294e-02
5.068359375000000000e-01 4.222747248968186651e-02
5.069580078125000000e-01 4.282851604098662085e-02
5.070800781250000000e-01 4.342953439737882310e-02
5.072021484375000000e-01 4.403052720529505859e-02
5.073242187500000000e-01 4.463149411118650517e-02
5.074462890625000000e-01 4.523243476151970338e-02
5.075683593750000000e-01 4.583334880277710466e-02
5.076904296875000000e-01 4.643423588145616232e-02
5.078125000000000000e-01 4.703509564407064303e-02
5.079345703125000000e-01 4.763592773715014800e-02
5.080566406250000000e-01 4.823673180724077914e-02
5.081787109375000000e-01 4.883750750090470882e-02
5.083007812500000000e-01 4.943825446472131790e-02
5.084228515625000000e-01 5.003897234528670301e-02
5.085449218750000000e-01 5.063966078921387781e-02
5.086669921875000000e-01 5.124031944313316156e-02
5.087890625000000000e-01 5.184094795369264402e-02
5.089111328125000000e-01 5.244154596755822711e-02
5.090332031250000000e-01 5.304211313141363182e-02
5.091552734375000000e-01 5.364264909196019004e-02
5.092773437500000000e-01 5.424315349591849605e-02
5.093994140625000000e-01 5.484362599002711586e-02
5.095214843750000000e-01 5.544406622104357252e-02
5.096435546875000000e-01 5.604447383574433922e-02
5.097656250000000000e-01 5.664484848092509600e-02
5.098876953125000000e-01 5.724518980340090324e-02
5.100097656250000000e-01 5.784549745000652082e-02
5.101318359375000000e-01 5.844577106759622775e-02
5.102539062500000000e-01 5.904601030304466869e-02
5.103759765625000000e-01 5.964621480324659719e-02
5.104980468750000000e-01 6.024638421511718106e-02
5.106201171875000000e-01 6.084651818559205783e-02
5.107421875000000000e-01 6.144661636162779966e-02
5.108642578125000000e-01 6.204667839020239217e-02
5.109863281250000000e-01 6.264670391831476948e-02
5.111083984375000000e-01 6.324669259298527912e-02
5.112304687500000000e-01 6.384664406125604985e-02
5.113525390625000000e-01 6.444655797019098464e-02
5.114746093750000000e-01 6.504643396687652401e-02
5.115966796875000000e-01 6.564627169842056353e-02
5.117187500000000000e-01 6.624607081195431346e-02
5.118408203125000000e-01 6.684583095463150770e-02
5.119628906250000000e-01 6.744555177362868137e-02
5.120849609375000000e-01 6.804523291614532343e-02
5.122070312500000000e-01 6.864487402940455674e-02
5.123291015625000000e-01 6.924447476065306861e-02
5.124511718750000000e-01 6.984403475716120802e-02
5.125732421875000000e-01 7.044355366622311043e-02
5.126953125000000000e-01 7.104303113515718360e-02
5.128173828125000000e-01 7.164246681130657934e-02
5.129394531250000000e-01 7.224186034203855522e-02
5.130615234375000000e-01 7.284121137474534879e-02
5.131835937500000000e-01 7.344051955684424704e-02
5.133056640625000000e-01 7.403978453577758634e-02
5.134277343750000000e-01 7.463900595901337698e-02
5.135498046875000000e-01 7.523818347404492846e-02
5.136718750000000000e-01 7.583731672839162663e-02
5.137939453125000000e-01 7.643640536959873943e-02
5.139160156250000000e-01 7.703544904523802750e-02
5.140380859375000000e-01 7.763444740290727231e-02
5.141601562500000000e-01 7.823340009023128927e-02
5.142822265625000000e-01 7.883230675486185834e-02
5.144042968750000000e-01 7.943116704447733545e-02
5.145263671875000000e-01 8.002998060678390146e-02
5.146484375000000000e-01 8.062874708951461855e-02
5.147705078125000000e-01 8.122746614043066526e-02
5.148925781250000000e-01 8.182613740732125329e-02
5.150146484375000000e-01 8.242476053800364133e-02
5.151367187500000000e-01 8.302333518032288528e-02
5.152587890625000000e-01 8.362186098215289298e-02
5.153808593750000000e-01 8.422033759139686826e-02
5.155029296875000000e-01 8.481876465598593706e-02
5.156250000000000000e-01 8.541714182388107646e-02
5.157470703125000000e-01 8.601546874307240687e-02
5.158691406250000000e-01 8.661374506157970554e-02
5.159912109375000000e-01 8.721197042745225392e-02
5.161132812500000000e-01 8.781014448876958700e-02
5.162353515625000000e-01 8.840826689364135460e-02
5.163574218750000000e-01 8.900633729020748786e-02
5.164794921875000000e-01 8.960435532663853231e-02
5.166015625000000000e-01 9.020232065113591158e-02
5.167236328125000000e-01 9.080023291193213553e-02
5.168457031250000000e-01 9.139809175729077251e-02
5.169677734375000000e-01 9.199589683550679631e-02
5.170898437500000000e-01 9.259364779490700248e-02
5.172119140625000000e-01 9.319134428384975855e-02
5.173339843750000000e-01 9.378898595072573952e-02
5.174560546875000000e-01 9.438657244395770585e-02
5.175781250000000000e-01 9.498410341200082263e-02
5.177001953125000000e-01 9.558157850334321470e-02
5.178222656250000000e-01 9.617899736650555031e-02
5.179443359375000000e-01 9.677635965004181828e-02
5.180664062500000000e-01 9.737366500253892554e-02
5.181884765625000000e-01 9.797091307261776572e-02
5.183105468750000000e-01 9.856810350893271955e-02
5.184326171875000000e-01 9.916523596017194631e-02
5.185546875000000000e-01 9.976231007505746706e-02
5.186767578125000000e-01 1.003593255023465664e-01
5.187988281250000000e-01 1.009562818908301546e-01
5.189208984375000000e-01 1.015531788893341697e-01
5.190429687500000000e-01 1.021500161467194939e-01
5.191650390625000000e-01 1.027467933118820648e-01
5.192871093750000000e-01 1.033435100337536244e-01
5.194091796875000000e-01 1.039401659613005263e-01
5.195312500000000000e-01 1.045367607435257612e-01
5.196533203125000000e-01 1.051332940294681106e-01
5.197753906250000000e-01 1.057297654682021748e-01
5.198974609375000000e-01 1.063261747088392883e-01
5.200195312500000000e-01 1.069225214005272984e-01
5.201416015625000000e-01 1.075188051924508836e-01
5.202636718750000000e-01 1.081150257338315268e-01
5.203857421875000000e-01 1.087111826739278753e-01
5.205078125000000000e-01 1.093072756620363378e-01
5.206298828125000000e-01 1.099033043474909183e-01
5.207519531250000000e-01 1.104992683796630348e-01
5.208740234375000000e-01 1.110951674079625751e-01
5.209960937500000000e-01 1.116910010818374793e-01
5.211181640625000000e-01 1.122867690507740324e-01
5.212402343750000000e-01 1.128824709642973906e-01
5.213623046875000000e-01 1.134781064719714155e-01
5.214843750000000000e-01 1.140736752233990348e-01
5.216064453125000000e-01 1.146691768682227136e-01
5.217285156250000000e-01 1.152646110561240528e-01
5.218505859375000000e-01 1.158599774368241769e-01
5.219726562500000000e-01 1.164552756600847061e-01
5.220947265625000000e-01 1.170505053757071590e-01
5.222167968750000000e-01 1.176456662335330222e-01
5.223388671875000000e-01 1.182407578834445000e-01
5.224609375000000000e-01 1.188357799753643751e-01
5.225830078125000000e-01 1.194307321592566473e-01
5.227050781250000000e-01 1.200256140851263253e-01
5.228271484375000000e-01 1.206204254030197875e-01
5.229492187500000000e-01 1.212151657630245460e-01
5.230712890625000000e-01 1.218098348152701627e-01
5.231933593750000000e-01 1.224044322099284987e-01
5.233154296875000000e-01 1.229989575972130628e-01
5.234375000000000000e-01 1.235934106273797600e-01
5.235595703125000000e-01 1.241877909507272532e-01
5.236816406250000000e-01 1.247820982175972260e-01
5.238037109375000000e-01 1.253763320783734814e-01
5.239257812500000000e-01 1.259704921834839397e-01
5.240478515625000000e-01 1.265645781833995287e-01
5.241699218750000000e-01 1.271585897286346412e-01
5.242919921875000000e-01 1.277525264697474405e-01
5.244140625000000000e-01 1.283463880573402771e-01
5.245361328125000000e-01 1.289401741420600211e-01
5.246582031250000000e-01 1.295338843745972857e-01
5.247802734375000000e-01 1.301275184056877310e-01
5.249023437500000000e-01 1.307210758861118705e-01
5.250244140625000000e-01 1.313145564666948761e-01
5.251464843750000000e-01 1.319079597983077445e-01
5.252685546875000000e-01 1.325012855318661864e-01
5.253906250000000000e-01 1.330945333183322365e-01
5.255126953125000000e-01 1.336877028087133656e-01
5.256347656250000000e-01 1.342807936540635905e-01
5.257568359375000000e-01 1.348738055054823914e-01
5.258789062500000000e-01 1.354667380141163224e-01
5.260009765625000000e-01 1.360595908311585389e-01
5.261230468750000000e-01 1.366523636078491033e-01
5.262451171875000000e-01 1.372450559954748461e-01
5.263671875000000000e-01 1.378376676453700322e-01
5.264892578125000000e-01 1.384301982089168048e-01
5.266113281250000000e-01 1.390226473375445471e-01
5.267333984375000000e-01 1.396150146827306038e-01
5.268554687500000000e-01 1.402072998960008643e-01
5.269775390625000000e-01 1.407995026289286522e-01
5.270996093750000000e-01 1.413916225331370569e-01
5.272216796875000000e-01 1.419836592602963521e-01
5.273437500000000000e-01 1.425756124621271048e-01
5.274658203125000000e-01 1.431674817903985930e-01
5.275878906250000000e-01 1.437592668969291387e-01
5.277099609375000000e-01 1.443509674335867743e-01
5.278320312500000000e-01 1.449425830522894920e-01
5.279541015625000000e-01 1.455341134050048835e-01
5.280761718750000000e-01 1.461255581437511109e-01
5.281982421875000000e-01 1.467169169205962687e-01
5.283203125000000000e-01 1.473081893876591331e-01
5.284423828125000000e-01 1.478993751971096060e-01
5.285644531250000000e-01 1.484904740011681323e-01
5.286865234375000000e-01 1.490814854521066435e-01
5.288085937500000000e-01 1.496724092022483354e-01
5.289306640625000000e-01 1.502632449039677520e-01
5.290527343750000000e-01 1.508539922096918118e-01
5.291748046875000000e-01 1.514446507718987533e-01
5.292968750000000000e-01 1.520352202431195787e-01
5.294189453125000000e-01 1.526257002759374426e-01
5.295410156250000000e-01 1.532160905229883463e-01
5.296630859375000000e-01 1.538063906369604161e-01
5.297851562500000000e-01 1.543966002705956519e-01
5.299072265625000000e-01 1.549867190766891223e-01
5.300292968750000000e-01 1.555767467080887700e-01
5.301513671875000000e-01 1.561666828176967725e-01
5.302734375000000000e-01 1.567565270584685977e-01
5.303955078125000000e-01 1.573462790834142810e-01
5.305175781250000000e-01 1.579359385455980369e-01
5.306396484375000000e-01 1.585255050981384528e-01
5.307617187500000000e-01 1.591149783942084062e-01
5.308837890625000000e-01 1.597043580870358970e-01
5.310058593750000000e-01 1.602936438299045196e-01
5.311279296875000000e-01 1.608828352761522140e-01
5.312500000000000000e-01 1.614719320791727641e-01
5.313720703125000000e-01 1.620609338924162146e-01
5.314941406250000000e-01 1.626498403693875661e-01
5.316162109375000000e-01 1.632386511636483295e-01
5.317382812500000000e-01 1.638273659288163875e-01
5.318603515625000000e-01 1.644159843185661607e-01
5.319824218750000000e-01 1.650045059866283303e-01
5.321044921875000000e-01 1.655929305867908374e-01
5.322265625000000000e-01 1.661812577728986606e-01
5.323486328125000000e-01 1.667694871988542327e-01
5.324707031250000000e-01 1.673576185186171628e-01
5.325927734375000000e-01 1.679456513862049027e-01
5.327148437500000000e-01 1.685335854556931356e-01
5.328369140625000000e-01 1.691214203812149708e-01
5.329589843750000000e-01 1.697091558169626924e-01
5.330810546875000000e-01 1.702967914171865105e-01
5.332031250000000000e-01 1.708843268361954493e-01
5.333251953125000000e-01 1.714717617283577633e-01
5.334472656250000000e-01 1.720590957481004379e-01
5.335693359375000000e-01 1.726463285499101608e-01
5.336914062500000000e-01 1.732334597883327665e-01
5.338134765625000000e-01 1.738204891179743750e-01
5.339355468750000000e-01 1.744074161935006972e-01
5.340576171875000000e-01 1.749942406696375907e-01
5.341796875000000000e-01 1.755809622011710314e-01
5.343017578125000000e-01 1.761675804429483905e-01
5.344238281250000000e-01 1.767540950498770469e-01
5.345458984375000000e-01 1.773405056769254695e-01
5.346679687500000000e-01 1.779268119791235225e-01
5.347900390625000000e-01 1.785130136115622157e-01
5.349121093750000000e-01 1.790991102293944537e-01
5.350341796875000000e-01 1.796851014878344255e-01
5.351562500000000000e-01 1.802709870421584648e-01
5.352783203125000000e-01 1.808567665477056607e-01
5.354003906250000000e-01 1.814424396598766920e-01
5.355224609375000000e-01 1.820280060341352701e-01
5.356445312500000000e-01 1.826134653260076401e-01
5.357666015625000000e-01 1.831988171910834684e-01
5.358886718750000000e-01 1.837840612850151489e-01
5.360107421875000000e-01 1.843691972635186360e-01
5.361328125000000000e-01 1.849542247823733609e-01
5.362548828125000000e-01 1.855391434974230924e-01
5.363769531250000000e-01 1.861239530645749374e-01
5.364990234375000000e-01 1.867086531398006177e-01
5.366210937500000000e-01 1.872932433791360818e-01
5.367431640625000000e-01 1.878777234386819206e-01
5.368652343750000000e-01 1.884620929746036733e-01
5.369873046875000000e-01 1.890463516431317714e-01
5.371093750000000000e-01 1.896304991005617335e-01
5.372314453125000000e-01 1.902145350032549420e-01
5.373535156250000000e-01 1.907984590076380882e-01
5.374755859375000000e-01 1.913822707702033388e-01
5.375976562500000000e-01 1.919659699475096404e-01
5.377197265625000000e-01 1.925495561961818314e-01
5.378417968750000000e-01 1.931330291729109194e-01
5.379638671875000000e-01 1.937163885344551362e-01
5.380859375000000000e-01 1.942996339376386050e-01
5.382080078125000000e-01 1.948827650393536171e-01
5.383300781250000000e-01 1.954657814965590490e-01
5.384521484375000000e-01 1.960486829662814456e-01
5.385742187500000000e-01 1.966314691056145203e-01
5.386962890625000000e-01 1.972141395717203483e-01
5.388183593750000000e-01 1.977966940218291170e-01
5.389404296875000000e-01 1.983791321132388763e-01
5.390625000000000000e-01 1.989614535033163156e-01
5.391845703125000000e-01 1.995436578494968471e-01
5.393066406250000000e-01 2.001257448092845781e-01
5.394287109375000000e-01 2.007077140402528104e-01
5.395507812500000000e-01 2.012895652000438462e-01
5.396728515625000000e-01 2.018712979463698765e-01
5.397949218750000000e-01 2.024529119370125918e-01
5.399169921875000000e-01 2.030344068298230997e-01
5.400390625000000000e-01 2.036157822827230346e-01
5.401611328125000000e-01 2.041970379537044467e-01
5.402832031250000000e-01 2.047781735008295523e-01
5.404052734375000000e-01 2.053591885822310115e-01
5.405273437500000000e-01 2.059400828561129271e-01
5.406494140625000000e-01 2.065208559807500399e-01
5.407714843750000000e-01 2.071015076144883671e-01
5.408935546875000000e-01 2.076820374157456461e-01
5.410156250000000000e-01 2.082624450430110852e-01
5.411376953125000000e-01 2.088427301548458903e-01
5.412597656250000000e-01 2.094228924098832656e-01
5.413818359375000000e-01 2.100029314668287739e-01
5.415039062500000000e-01 2.105828469844601425e-01
5.416259765625000000e-01 2.111626386216283180e-01
5.417480468750000000e-01 2.117423060372567722e-01
5.418701171875000000e-01 2.123218488903419465e-01
5.419921875000000000e-01 2.129012668399534736e-01
5.421142578125000000e-01 2.134805595452352600e-01
5.422363281250000000e-01 2.140597266654040154e-01
5.423583984375000000e-01 2.146387678597507787e-01
5.424804687500000000e-01 2.152176827876404186e-01
5.426025390625000000e-01 2.157964711085122722e-01
5.427246093750000000e-01 2.163751324818801725e-01
5.428466796875000000e-01 2.169536665673320597e-01
5.429687500000000000e-01 2.175320730245317025e-01
5.430908203125000000e-01 2.181103515132174209e-01
5.432128906250000000e-01 2.186885016932029746e-01
5.433349609375000000e-01 2.192665232243772022e-01
5.434570312500000000e-01 2.198444157667051035e-01
5.435791015625000000e-01 2.204221789802274512e-01
5.437011718750000000e-01 2.209998125250610124e-01
5.438232421875000000e-01 2.215773160613987991e-01
5.439453125000000000e-01 2.221546892495101233e-01
5.440673828125000000e-01 2.227319317497416795e-01
5.441894531250000000e-01 2.233090432225162958e-01
5.443115234375000000e-01 2.238860233283341827e-01
5.444335937500000000e-01 2.244628717277728780e-01
5.445556640625000000e-01 2.250395880814873295e-01
5.446777343750000000e-01 2.256161720502101176e-01
5.447998046875000000e-01 2.261926232947518711e-01
5.449218750000000000e-01 2.267689414760007960e-01
5.450439453125000000e-01 2.273451262549241736e-01
5.451660156250000000e-01 2.279211772925673063e-01
5.452880859375000000e-01 2.284970942500538782e-01
5.454101562500000000e-01 2.290728767885870099e-01
5.455322265625000000e-01 2.296485245694488420e-01
5.456542968750000000e-01 2.302240372540004243e-01
5.457763671875000000e-01 2.307994145036824374e-01
5.458984375000000000e-01 2.313746559800152758e-01
5.460205078125000000e-01 2.319497613445991591e-01
5.461425781250000000e-01 2.325247302591145204e-01
5.462646484375000000e-01 2.330995623853222010e-01
5.463867187500000000e-01 2.336742573850627558e-01
5.465087890625000000e-01 2.342488149202581471e-01
5.466308593750000000e-01 2.348232346529110504e-01
5.467529296875000000e-01 2.353975162451051872e-01
5.468750000000000000e-01 2.359716593590052702e-01
5.469970703125000000e-01 2.365456636568579185e-01
5.471191406250000000e-01 2.371195288009911584e-01
5.472412109375000000e-01 2.376932544538147840e-01
5.473632812500000000e-01 2.382668402778206351e-01
5.474853515625000000e-01 2.388402859355837626e-01
5.476074218750000000e-01 2.394135910897597919e-01
5.477294921875000000e-01 2.399867554030886141e-01
5.478515625000000000e-01 2.405597785383921938e-01
5.479736328125000000e-01 2.411326601585763174e-01
5.480957031250000000e-01 2.417053999266288722e-01
5.482177734375000000e-01 2.422779975056221780e-01
5.483398437500000000e-01 2.428504525587115714e-01
5.484619140625000000e-01 2.434227647491366830e-01
5.485839843750000000e-01 2.439949337402209928e-01
5.487060546875000000e-01 2.445669591953721356e-01
5.488281250000000000e-01 2.451388407780823453e-01
5.489501953125000000e-01 2.457105781519282051e-01
5.490722656250000000e-01 2.462821709805718129e-01
5.491943359375000000e-01 2.468536189277594217e-01
5.493164062500000000e-01 2.474249216573230215e-01
5.494384765625000000e-01 2.479960788331800337e-01
5.495605468750000000e-01 2.485670901193334503e-01
5.496826171875000000e-01 2.491379551798720837e-01
5.498046875000000000e-01 2.497086736789698447e-01
5.499267578125000000e-01 2.502792452808891288e-01
5.500488281250000000e-01 2.508496696499766809e-01
5.501708984375000000e-01 2.514199464506664539e-01
5.502929687500000000e-01 2.519900753474793587e-01
5.504150390625000000e-01 2.525600560050234589e-01
5.505371093750000000e-01 2.531298880879935265e-01
5.506591796875000000e-01 2.536995712611724851e-01
5.507812500000000000e-01 2.542691051894295784e-01
5.509033203125000000e-01 2.548384895377234782e-01
5.510253906250000000e-01 2.554077239710998981e-01
5.511474609375000000e-01 2.559768081546924812e-01
5.512695312500000000e-01 2.565457417537240770e-01
5.513916015625000000e-01 2.571145244335055757e-01
5.515136718750000000e-01 2.576831558594366856e-01
5.516357421875000000e-01 2.582516356970064320e-01
5.517578125000000000e-01 2.588199636117923252e-01
5.518798828125000000e-01 2.593881392694621368e-01
5.520019531250000000e-01 2.599561623357725670e-01
5.521240234375000000e-01 2.605240324765703552e-01
5.522460937500000000e-01 2.610917493577921134e-01
5.523681640625000000e-01 2.616593126454645479e-01
5.524902343750000000e-01 2.622267220057049597e-01
5.526123046875000000e-01 2.627939771047208550e-01
5.527343750000000000e-01 2.633610776088106675e-01
5.528564453125000000e-01 2.639280231843640356e-01
5.529785156250000000e-01 2.644948134978613585e-01
5.531005859375000000e-01 2.650614482158744623e-01
5.532226562500000000e-01 2.656279270050664332e-01
5.533447265625000000e-01 2.661942495321928948e-01
5.534667968750000000e-01 2.667604154641006753e-01
5.535888671875000000e-01 2.673264244677293067e-01
5.537109375000000000e-01 2.678922762101093591e-01
5.538330078125000000e-01 2.684579703583657162e-01
5.539550781250000000e-01 2.690235065797146885e-01
5.540771484375000000e-01 2.695888845414663448e-01
5.541992187500000000e-01 2.701541039110226805e-01
5.543212890625000000e-01 2.707191643558800043e-01
5.544433593750000000e-01 2.712840655436278836e-01
5.545654296875000000e-01 2.718488071419496444e-01
5.546875000000000000e-01 2.724133888186220931e-01
5.548095703125000000e-01 2.729778102415165719e-01
5.549316406250000000e-01 2.735420710785982923e-01
5.550537109375000000e-01 2.741061709979272787e-01
5.551757812500000000e-01 2.746701096676580356e-01
5.552978515625000000e-01 2.752338867560401026e-01
5.554199218750000000e-01 2.757975019314177767e-01
5.555419921875000000e-01 2.763609548622309453e-01
5.556640625000000000e-01 2.769242452170142532e-01
5.557861328125000000e-01 2.774873726643993788e-01
5.559082031250000000e-01 2.780503368731122027e-01
5.560302734375000000e-01 2.786131375119758058e-01
5.561523437500000000e-01 2.791757742499089145e-01
5.562744140625000000e-01 2.797382467559267338e-01
5.563964843750000000e-01 2.803005546991413355e-01
5.565185546875000000e-01 2.808626977487613807e-01
5.566406250000000000e-01 2.814246755740925088e-01
5.567626953125000000e-01 2.819864878445379475e-01
5.568847656250000000e-01 2.825481342295977361e-01
5.570068359375000000e-01 2.831096143988696689e-01
5.571289062500000000e-01 2.836709280220497953e-01
5.572509765625000000e-01 2.842320747689316418e-01
5.573730468750000000e-01 2.847930543094070455e-01
5.574951171875000000e-01 2.853538663134660425e-01
5.576171875000000000e-01 2.859145104511972013e-01
5.577392578125000000e-01 2.864749863927886220e-01
5.578613281250000000e-01 2.870352938085262706e-01
5.579833984375000000e-01 2.875954323687958114e-01
5.581054687500000000e-01 2.881554017440823290e-01
5.582275390625000000e-01 2.887152016049701619e-01
5.583496093750000000e-01 2.892748316221435689e-01
5.584716796875000000e-01 2.898342914663864511e-01
5.585937500000000000e-01 2.903935808085827963e-01
5.587158203125000000e-01 2.909526993197177336e-01
5.588378906250000000e-01 2.915116466708758125e-01
5.589599609375000000e-01 2.920704225332428905e-01
5.590820312500000000e-01 2.926290265781050781e-01
5.592041015625000000e-01 2.931874584768506264e-01
5.593261718750000000e-01 2.937457179009681507e-01
5.594482421875000000e-01 2.943038045220480181e-01
5.595703125000000000e-01 2.948617180117822367e-01
5.596923828125000000e-01 2.954194580419647331e-01
5.598144531250000000e-01 2.959770242844914079e-01
5.599365234375000000e-01 2.965344164113601355e-01
5.600585937500000000e-01 2.970916340946720413e-01
5.601806640625000000e-01 2.976486770066298915e-01
5.603027343750000000e-01 2.982055448195397584e-01
5.604248046875000000e-01 2.987622372058107989e-01
5.605468750000000000e-01 2.993187538379549761e-01
5.606689453125000000e-01 2.998750943885881703e-01
5.607910156250000000e-01 3.004312585304294569e-01
5.609130859375000000e-01 3.009872459363018282e-01
5.610351562500000000e-01 3.015430562791319713e-01
5.611572265625000000e-01 3.020986892319514339e-01
5.612792968750000000e-01 3.026541444678952919e-01
5.614013671875000000e-01 3.032094216602038150e-01
5.615234375000000000e-01 3.037645204822214673e-01
5.616455078125000000e-01 3.043194406073980174e-01
5.617675781250000000e-01 3.048741817092880946e-01
5.618896484375000000e-01 3.054287434615525210e-01
5.620117187500000000e-01 3.059831255379561465e-01
5.621337890625000000e-01 3.065373276123702362e-01
5.622558593750000000e-01 3.070913493587725251e-01
5.623779296875000000e-01 3.076451904512458868e-01
5.625000000000000000e-01 3.081988505639799425e-01
5.626220703125000000e-01 3.087523293712710615e-01
5.627441406250000000e-01 3.093056265475213618e-01
5.628662109375000000e-01 3.098587417672408750e-01
5.629882812500000000e-01 3.104116747050457148e-01
5.631103515625000000e-01 3.109644250356600748e-01
5.632324218750000000e-01 3.115169924339149521e-01
5.633544921875000000e-01 3.120693765747492021e-01
5.634765625000000000e-01 3.126215771332094273e-01
5.635986328125000000e-01 3.131735937844506990e-01
5.637207031250000000e-01 3.137254262037351693e-01
5.638427734375000000e-01 3.142770740664346252e-01
5.639648437500000000e-01 3.148285370480282674e-01
5.640869140625000000e-01 3.153798148241051535e-01
5.642089843750000000e-01 3.159309070703624767e-01
5.643310546875000000e-01 3.164818134626070090e-01
5.644531250000000000e-01 3.170325336767544910e-01
5.645751953125000000e-01 3.175830673888307976e-01
5.646972656250000000e-01 3.181334142749708827e-01
5.648193359375000000e-01 3.186835740114198345e-01
5.649414062500000000e-01 3.192335462745327090e-01
5.650634765625000000e-01 3.197833307407753622e-01
5.651855468750000000e-01 3.203329270867237288e-01
5.653076171875000000e-01 3.208823349890642107e-01
5.654296875000000000e-01 3.214315541245940100e-01
5.655517578125000000e-01 3.219805841702223503e-01
5.656738281250000000e-01 3.225294248029687560e-01
5.657958984375000000e-01 3.230780756999643288e-01
5.659179687500000000e-01 3.236265365384516368e-01
5.660400390625000000e-01 3.241748069957857137e-01
5.661621093750000000e-01 3.247228867494330040e-01
5.662841796875000000e-01 3.252707754769722515e-01
5.664062500000000000e-01 3.258184728560946652e-01
5.665283203125000000e-01 3.263659785646041422e-01
5.666503906250000000e-01 3.269132922804169894e-01
5.667724609375000000e-01 3.274604136815628674e-01
5.668945312500000000e-01 3.280073424461840692e-01
5.670166015625000000e-01 3.285540782525367409e-01
5.671386718750000000e-01 3.291006207789902716e-01
5.672607421875000000e-01 3.296469697040275704e-01
5.673828125000000000e-01 3.301931247062454555e-01
5.675048828125000000e-01 3.307390854643557643e-01
5.676269531250000000e-01 3.312848516571832436e-01
5.677490234375000000e-01 3.318304229636679370e-01
5.678710937500000000e-01 3.323757990628640191e-01
5.679931640625000000e-01 3.329209796339411831e-01
5.681152343750000000e-01 3.334659643561835307e-01
5.682373046875000000e-01 3.340107529089905714e-01
5.683593750000000000e-01 3.345553449718772221e-01
5.684814453125000000e-01 3.350997402244740853e-01
5.686035156250000000e-01 3.356439383465275039e-01
5.687255859375000000e-01 3.361879390178996729e-01
5.688476562500000000e-01 3.367317419185688609e-01
5.689697265625000000e-01 3.372753467286300766e-01
5.690917968750000000e-01 3.378187531282946243e-01
5.692138671875000000e-01 3.383619607978904376e-01
5.693359375000000000e-01 3.389049694178619676e-01
5.694580078125000000e-01 3.394477786687721266e-01
5.695800781250000000e-01 3.399903882312995673e-01
5.697021484375000000e-01 3.405327977862416811e-01
5.698242187500000000e-01 3.410750070145120993e-01
5.699462890625000000e-01 3.416170155971434141e-01
5.700683593750000000e-01 3.421588232152862896e-01
5.701904296875000000e-01 3.427004295502087960e-01
5.703125000000000000e-01 3.432418342832982416e-01
5.704345703125000000e-01 3.437830370960600623e-01
5.705566406250000000e-01 3.443240376701183769e-01
5.706787109375000000e-01 3.448648356872167087e-01
5.708007812500000000e-01 3.454054308292173747e-01
5.709228515625000000e-01 3.459458227781023743e-01
5.710449218750000000e-01 3.464860112159729999e-01
5.711669921875000000e-01 3.470259958250500598e-01
5.712890625000000000e-01 3.475657762876745438e-01
5.714111328125000000e-01 3.481053522863080674e-01
5.715332031250000000e-01 3.486447235035315395e-01
5.716552734375000000e-01 3.491838896220466615e-01
5.717773437500000000e-01 3.497228503246760378e-01
5.718994140625000000e-01 3.502616052943631764e-01
5.720214843750000000e-01 3.508001542141719886e-01
5.721435546875000000e-01 3.513384967672883441e-01
5.722656250000000000e-01 3.518766326370189046e-01
5.723876953125000000e-01 3.524145615067926229e-01
5.725097656250000000e-01 3.529522830601595218e-01
5.726318359375000000e-01 3.534897969807918594e-01
5.727539062500000000e-01 3.540271029524840740e-01
5.728759765625000000e-01 3.545642006591530060e-01
5.729980468750000000e-01 3.551010897848379533e-01
5.731201171875000000e-01 3.556377700137006714e-01
5.732421875000000000e-01 3.561742410300258732e-01
5.733642578125000000e-01 3.567105025182218392e-01
5.734863281250000000e-01 3.572465541628196961e-01
5.736083984375000000e-01 3.577823956484740275e-01
5.737304687500000000e-01 3.583180266599630404e-01
5.738525390625000000e-01 3.588534468821887313e-01
5.739746093750000000e-01 3.593886560001773312e-01
5.740966796875000000e-01 3.599236536990790825e-01
5.742187500000000000e-01 3.604584396641682953e-01
5.743408203125000000e-01 3.609930135808449014e-01
5.744628906250000000e-01 3.615273751346322340e-01
5.745849609375000000e-01 3.620615240111792477e-01
5.747070312500000000e-01 3.625954598962600195e-01
5.748291015625000000e-01 3.631291824757740261e-01
5.749511718750000000e-01 3.636626914357456442e-01
5.750732421875000000e-01 3.641959864623253718e-01
5.751953125000000000e-01 3.647290672417896062e-01
5.753173828125000000e-01 3.652619334605406998e-01
5.754394531250000000e-01 3.657945848051070703e-01
5.755615234375000000e-01 3.663270209621436457e-01
5.756835937500000000e-01 3.668592416184320859e-01
5.758056640625000000e-01 3.673912464608806161e-01
5.759277343750000000e-01 3.679230351765243046e-01
5.760498046875000000e-01 3.684546074525260062e-01
5.761718750000000000e-01 3.689859629761748638e-01
5.762939453125000000e-01 3.695171014348885841e-01
5.764160156250000000e-01 3.700480225162119385e-01
5.765380859375000000e-01 3.705787259078176521e-01
5.766601562500000000e-01 3.711092112975066803e-01
5.767822265625000000e-01 3.716394783732083207e-01
5.769042968750000000e-01 3.721695268229796572e-01
5.770263671875000000e-01 3.726993563350073924e-01
5.771484375000000000e-01 3.732289665976059601e-01
5.772705078125000000e-01 3.737583572992194125e-01
5.773925781250000000e-01 3.742875281284208655e-01
5.775146484375000000e-01 3.748164787739133863e-01
5.776367187500000000e-01 3.753452089245279955e-01
5.777587890625000000e-01 3.758737182692267198e-01
5.778808593750000000e-01 3.764020064971011492e-01
5.780029296875000000e-01 3.769300732973729362e-01
5.781250000000000000e-01 3.774579183593940179e-01
5.782470703125000000e-01 3.779855413726469493e-01
5.783691406250000000e-01 3.785129420267443479e-01
5.784912109375000000e-01 3.790401200114298930e-01
5.786132812500000000e-01 3.795670750165787699e-01
5.787353515625000000e-01 3.800938067321968927e-01
5.788574218750000000e-01 3.806203148484212928e-01
5.789794921875000000e-01 3.811465990555209515e-01
5.791015625000000000e-01 3.816726590438963007e-01
5.792236328125000000e-01 3.821984945040801107e-01
5.793457031250000000e-01 3.827241051267366023e-01
5.794677734375000000e-01 3.832494906026626680e-01
5.795898437500000000e-01 3.837746506227878163e-01
5.797119140625000000e-01 3.842995848781736168e-01
5.798339843750000000e-01 3.848242930600149214e-01
5.799560546875000000e-01 3.853487748596393092e-01
5.800781250000000000e-01 3.858730299685076970e-01
5.802001953125000000e-01 3.863970580782146724e-01
5.803222656250000000e-01 3.869208588804874394e-01
5.804443359375000000e-01 3.874444320671878161e-01
5.805664062500000000e-01 3.879677773303109034e-01
5.806884765625000000e-01 3.884908943619866384e-01
5.808105468750000000e-01 3.890137828544782961e-01
5.809326171875000000e-01 3.895364425001844877e-01
5.810546875000000000e-01 3.900588729916372177e-01
5.811767578125000000e-01 3.905810740215051036e-01
5.812988281250000000e-01 3.911030452825901005e-01
5.814208984375000000e-01 3.916247864678299440e-01
5.815429687500000000e-01 3.921462972702980943e-01
5.816650390625000000e-01 3.926675773832027927e-01
5.817871093750000000e-01 3.931886264998888936e-01
5.819091796875000000e-01 3.937094443138360877e-01
5.820312500000000000e-01 3.942300305186607901e-01
5.821533203125000000e-01 3.947503848081158617e-01
5.822753906250000000e-01 3.952705068760898333e-01
5.823974609375000000e-01 3.957903964166088473e-01
5.825195312500000000e-01 3.963100531238347157e-01
5.826416015625000000e-01 3.968294766920671957e-01
5.827636718750000000e-01 3.973486668157424906e-01
5.828857421875000000e-01 3.978676231894348048e-01
5.830078125000000000e-01 3.983863455078548999e-01
5.831298828125000000e-01 3.989048334658524264e-01
5.832519531250000000e-01 3.994230867584138145e-01
5.833740234375000000e-01 3.999411050806642720e-01
5.834960937500000000e-01 4.004588881278666745e-01
5.836181640625000000e-01 4.009764355954230641e-01
5.837402343750000000e-01 4.014937471788731504e-01
5.838623046875000000e-01 4.020108225738961982e-01
5.839843750000000000e-01 4.025276614763096394e-01
5.841064453125000000e-01 4.030442635820707942e-01
5.842285156250000000e-01 4.035606285872761489e-01
5.843505859375000000e-01 4.040767561881610792e-01
5.844726562500000000e-01 4.045926460811009040e-01
5.845947265625000000e-01 4.051082979626114411e-01
5.847167968750000000e-01 4.056237115293477302e-01
5.848388671875000000e-01 4.061388864781050323e-01
5.849609375000000000e-01 4.066538225058192180e-01
5.850830078125000000e-01 4.071685193095671007e-01
5.852050781250000000e-01 4.076829765865654931e-01
5.853271484375000000e-01 4.081971940341725946e-01
5.854492187500000000e-01 4.087111713498871590e-01
5.855712890625000000e-01 4.092249082313498265e-01
5.856933593750000000e-01 4.097384043763424577e-01
5.858154296875000000e-01 4.102516594827886887e-01
5.859375000000000000e-01 4.107646732487532648e-01
5.860595703125000000e-01 4.112774453724438728e-01
5.861816406250000000e-01 4.117899755522096417e-01
5.863037109375000000e-01 4.123022634865422531e-01
5.864257812500000000e-01 4.128143088740761080e-01
5.865478515625000000e-01 4.133261114135879377e-01
5.866699218750000000e-01 4.138376708039978591e-01
5.867919921875000000e-01 4.143489867443679864e-01
5.869140625000000000e-01 4.148600589339045408e-01
5.870361328125000000e-01 4.153708870719574064e-01
5.871582031250000000e-01 4.158814708580190755e-01
5.872802734375000000e-01 4.163918099917264248e-01
5.874023437500000000e-01 4.169019041728600494e-01
5.875244140625000000e-01 4.174117531013444848e-01
5.876464843750000000e-01 4.179213564772491507e-01
5.877685546875000000e-01 4.184307140007873516e-01
5.878906250000000000e-01 4.189398253723168875e-01
5.880126953125000000e-01 4.194486902923410532e-01
5.881347656250000000e-01 4.199573084615076390e-01
5.882568359375000000e-01 4.204656795806098191e-01
5.883789062500000000e-01 4.209738033505852073e-01
5.885009765625000000e-01 4.214816794725186333e-01
5.886230468750000000e-01 4.219893076476393112e-01
5.887451171875000000e-01 4.224966875773224495e-01
5.888671875000000000e-01 4.230038189630896395e-01
5.889892578125000000e-01 4.235107015066086888e-01
5.891113281250000000e-01 4.240173349096938438e-01
5.892333984375000000e-01 4.245237188743049561e-01
5.893554687500000000e-01 4.250298531025502036e-01
5.894775390625000000e-01 4.255357372966832030e-01
5.895996093750000000e-01 4.260413711591058972e-01
5.897216796875000000e-01 4.265467543923665561e-01
5.898437500000000000e-01 4.270518866991610540e-01
5.899658203125000000e-01 4.275567677823339796e-01
5.900878906250000000e-01 4.280613973448757492e-01
5.902099609375000000e-01 4.285657750899262708e-01
5.903320312500000000e-01 4.290699007207730009e-01
5.904541015625000000e-01 4.295737739408521660e-01
5.905761718750000000e-01 4.300773944537477078e-01
5.906982421875000000e-01 4.305807619631927818e-01
5.908203125000000000e-01 4.310838761730692026e-01
5.909423828125000000e-01 4.315867367874081095e-01
5.910644531250000000e-01 4.320893435103891345e-01
5.911865234375000000e-01 4.325916960463419558e-01
5.913085937500000000e-01 4.330937940997456326e-01
5.914306640625000000e-01 4.335956373752284376e-01
5.915527343750000000e-01 4.340972255775691346e-01
5.916748046875000000e-01 4.345985584116963674e-01
5.917968750000000000e-01 4.350996355826889928e-01
5.919189453125000000e-01 4.356004567957759699e-01
5.920410156250000000e-01 4.361010217563371927e-01
5.921630859375000000e-01 4.366013301699033233e-01
5.922851562500000000e-01 4.371013817421555148e-01
5.924072265625000000e-01 4.376011761789266874e-01
5.925292968750000000e-01 4.381007131862004744e-01
5.926513671875000000e-01 4.385999924701121100e-01
5.927734375000000000e-01 4.390990137369484847e-01
5.928955078125000000e-01 4.395977766931478126e-01
5.930175781250000000e-01 4.400962810453013518e-01
5.931396484375000000e-01 4.405945265001519617e-01
5.932617187500000000e-01 4.410925127645939359e-01
5.933837890625000000e-01 4.415902395456751672e-01
5.935058593750000000e-01 4.420877065505957049e-01
5.936279296875000000e-01 4.425849134867088086e-01
5.937500000000000000e-01 4.430818600615198943e-01
5.938720703125000000e-01 4.435785459826889765e-01
5.939941406250000000e-01 4.440749709580277260e-01
5.941162109375000000e-01 4.445711346955024679e-01
5.942382812500000000e-01 4.450670369032326823e-01
5.943603515625000000e-01 4.455626772894922261e-01
5.944824218750000000e-01 4.460580555627083887e-01
5.946044921875000000e-01 4.465531714314626699e-01
5.947265625000000000e-01 4.470480246044913897e-01
5.948486328125000000e-01 4.475426147906853558e-01
5.949707031250000000e-01 4.480369416990897524e-01
5.950927734375000000e-01 4.485310050389046399e-01
5.952148437500000000e-01 4.490248045194854543e-01
5.953369140625000000e-01 4.495183398503427297e-01
5.954589843750000000e-01 4.500116107411421540e-01
5.955810546875000000e-01 4.505046169017051794e-01
5.957031250000000000e-01 4.509973580420088557e-01
5.958251953125000000e-01 4.514898338721870519e-01
5.959472656250000000e-01 4.519820441025282909e-01
5.960693359375000000e-01 4.524739884434779147e-01
5.961914062500000000e-01 4.529656666056376402e-01
5.963134765625000000e-01 4.534570782997663363e-01
5.964355468750000000e-01 4.539482232367790249e-01
5.965576171875000000e-01 4.544391011277477133e-01
5.966796875000000000e-01 4.549297116839012278e-01
5.968017578125000000e-01 4.554200546166267682e-01
5.969238281250000000e-01 4.559101296374675205e-01
5.970458984375000000e-01 4.563999364581255436e-01
5.971679687500000000e-01 4.568894747904596043e-01
5.972900390625000000e-01 4.573787443464872871e-01
5.974121093750000000e-01 4.578677448383838833e-01
5.975341796875000000e-01 4.583564759784826137e-01
5.976562500000000000e-01 4.588449374792756830e-01
5.977783203125000000e-01 4.593331290534142797e-01
5.979003906250000000e-01 4.598210504137072996e-01
5.980224609375000000e-01 4.603087012731237326e-01
5.981445312500000000e-01 4.607960813447904980e-01
5.982666015625000000e-01 4.612831903419948310e-01
5.983886718750000000e-01 4.617700279781827288e-01
5.985107421875000000e-01 4.622565939669610602e-01
5.986328125000000000e-01 4.627428880220943452e-01
5.987548828125000000e-01 4.632289098575093078e-01
5.988769531250000000e-01 4.637146591872910451e-01
5.989990234375000000e-01 4.642001357256864691e-01
5.991210937500000000e-01 4.646853391871017536e-01
5.992431640625000000e-01 4.651702692861043320e-01
5.993652343750000000e-01 4.656549257374224537e-01
5.994873046875000000e-01 4.661393082559450729e-01
5.996093750000000000e-01 4.666234165567222369e-01
5.997314453125000000e-01 4.671072503549659194e-01
5.998535156250000000e-01 4.675908093660491316e-01
5.999755859375000000e-01 4.680740933055061448e-01
6.000976562500000000e-01 4.685571018890337114e-01
6.002197265625000000e-01 4.690398348324905653e-01
6.003417968750000000e-01 4.695222918518970889e-01
6.004638671875000000e-01 4.700044726634364234e-01
6.005859375000000000e-01 4.704863769834534137e-01
6.007080078125000000e-01 4.709680045284571070e-01
6.008300781250000000e-01 4.714493550151177548e-01
6.009521484375000000e-01 4.719304281602696438e-01
6.010742187500000000e-01 4.724112236809094867e-01
6.011962890625000000e-01 4.728917412941979204e-01
6.013183593750000000e-01 4.733719807174585625e-01
6.014404296875000000e-01 4.738519416681793994e-01
6.015625000000000000e-01 4.743316238640112315e-01
6.016845703125000000e-01 4.748110270227697827e-01
6.018066406250000000e-01 4.752901508624344240e-01
6.019287109375000000e-01 4.757689951011488394e-01
6.020507812500000000e-01 4.762475594572212478e-01
6.021728515625000000e-01 4.767258436491248474e-01
6.022949218750000000e-01 4.772038473954972049e-01
6.024169921875000000e-01 4.776815704151407549e-01
6.025390625000000000e-01 4.781590124270238551e-01
6.026611328125000000e-01 4.786361731502794536e-01
6.027832031250000000e-01 4.791130523042061440e-01
6.029052734375000000e-01 4.795896496082682203e-01
6.030273437500000000e-01 4.800659647820957887e-01
6.031494140625000000e-01 4.805419975454850445e-01
6.032714843750000000e-01 4.810177476183977174e-01
6.033935546875000000e-01 4.814932147209630142e-01
6.035156250000000000e-01 4.819683985734750098e-01
6.036376953125000000e-01 4.824432988963961444e-01
6.037597656250000000e-01 4.829179154103543370e-01
6.038818359375000000e-01 4.833922478361449837e-01
6.040039062500000000e-01 4.838662958947306247e-01
6.041259765625000000e-01 4.843400593072409444e-01
6.042480468750000000e-01 4.848135377949731040e-01
6.043701171875000000e-01 4.852867310793919642e-01
6.044921875000000000e-01 4.857596388821295852e-01
6.046142578125000000e-01 4.862322609249875582e-01
6.047363281250000000e-01 4.867045969299338415e-01
6.048583984375000000e-01 4.871766466191051470e-01
6.049804687500000000e-01 4.876484097148074959e-01
6.051025390625000000e-01 4.881198859395140532e-01
6.052246093750000000e-01 4.885910750158680704e-01
6.053466796875000000e-01 4.890619766666807755e-01
6.054687500000000000e-01 4.895325906149328166e-01
6.055908203125000000e-01 4.900029165837746503e-01
6.057128906250000000e-01 4.904729542965252653e-01
6.058349609375000000e-01 4.909427034766736808e-01
6.059570312500000000e-01 4.914121638478782250e-01
6.060791015625000000e-01 4.918813351339681450e-01
6.062011718750000000e-01 4.923502170589413307e-01
6.063232421875000000e-01 4.928188093469671460e-01
6.064453125000000000e-01 4.932871117223843194e-01
6.065673828125000000e-01 4.937551239097032196e-01
6.066894531250000000e-01 4.942228456336040243e-01
6.068115234375000000e-01 4.946902766189378853e-01
6.069335937500000000e-01 4.951574165907277059e-01
6.070556640625000000e-01 4.956242652741666421e-01
6.071777343750000000e-01 4.960908223946198237e-01
6.072998046875000000e-01 4.965570876776239095e-01
6.074218750000000000e-01 4.970230608488864221e-01
6.075439453125000000e-01 4.974887416342880786e-01
6.076660156250000000e-01 4.979541297598805705e-01
6.077880859375000000e-01 4.984192249518878404e-01
6.079101562500000000e-01 4.988840269367065261e-01
6.080322265625000000e-01 4.993485354409059052e-01
6.081542968750000000e-01 4.998127501912270065e-01
6.082763671875000000e-01 5.002766709145849422e-01
6.083984375000000000e-01 5.007402973380663536e-01
6.085205078125000000e-01 5.012036291889323536e-01
6.086425781250000000e-01 5.016666661946161954e-01
6.087646484375000000e-01 5.021294080827262141e-01
6.088867187500000000e-01 5.025918545810417193e-01
6.090087890625000000e-01 5.030540054175184350e-01
6.091308593750000000e-01 5.035158603202847249e-01
6.092529296875000000e-01 5.039774190176432578e-01
6.093750000000000000e-01 5.044386812380706742e-01
6.094970703125000000e-01 5.048996467102188079e-01
6.096191406250000000e-01 5.053603151629130208e-01
6.097412109375000000e-01 5.058206863251543117e-01
6.098632812500000000e-01 5.062807599261176517e-01
6.099853515625000000e-01 5.067405356951545370e-01
6.101074218750000000e-01 5.072000133617897699e-01
6.102294921875000000e-01 5.076591926557250112e-01
6.103515625000000000e-01 5.081180733068364486e-01
6.104736328125000000e-01 5.085766550451772394e-01
6.105957031250000000e-01 5.090349376009747351e-01
6.107177734375000000e-01 5.094929207046335895e-01
6.108398437500000000e-01 5.099506040867337608e-01
6.109619140625000000e-01 5.104079874780325099e-01
6.110839843750000000e-01 5.108650706094620686e-01
6.112060546875000000e-01 5.113218532121333038e-01
6.113281250000000000e-01 5.117783350173317203e-01
6.114501953125000000e-01 5.122345157565219020e-01
6.115722656250000000e-01 5.126903951613432930e-01
6.116943359375000000e-01 5.131459729636147493e-01
6.118164062500000000e-01 5.136012488953310973e-01
6.119384765625000000e-01 5.140562226886656871e-01
6.120605468750000000e-01 5.145108940759685057e-01
6.121826171875000000e-01 5.149652627897685075e-01
6.123046875000000000e-01 5.154193285627719501e-01
6.124267578125000000e-01 5.158730911278641695e-01
6.125488281250000000e-01 5.163265502181081379e-01
6.126708984375000000e-01 5.167797055667453510e-01
6.127929687500000000e-01 5.172325569071961615e-01
6.129150390625000000e-01 5.176851039730602233e-01
6.130371093750000000e-01 5.181373464981153809e-01
6.131591796875000000e-01 5.185892842163192240e-01
6.132812500000000000e-01 5.190409168618078661e-01
6.134033203125000000e-01 5.194922441688982762e-01
6.135253906250000000e-01 5.199432658720859468e-01
6.136474609375000000e-01 5.203939817060463380e-01
6.137695312500000000e-01 5.208443914056346546e-01
6.138916015625000000e-01 5.212944947058870682e-01
6.140136718750000000e-01 5.217442913420189399e-01
6.141357421875000000e-01 5.221937810494268195e-01
6.142578125000000000e-01 5.226429635636871129e-01
6.143798828125000000e-01 5.230918386205578585e-01
6.145019531250000000e-01 5.235404059559767287e-01
6.146240234375000000e-01 5.239886653060640276e-01
6.147460937500000000e-01 5.244366164071193603e-01
6.148681640625000000e-01 5.248842589956250748e-01
6.149902343750000000e-01 5.253315928082447073e-01
6.151123046875000000e-01 5.257786175818233154e-01
6.152343750000000000e-01 5.262253330533871454e-01
6.153564453125000000e-01 5.266717389601459631e-01
6.154785156250000000e-01 5.271178350394898349e-01
6.156005859375000000e-01 5.275636210289924577e-01
6.157226562500000000e-01 5.280090966664088281e-01
6.158447265625000000e-01 5.284542616896779066e-01
6.159667968750000000e-01 5.288991158369199530e-01
6.160888671875000000e-01 5.293436588464389692e-01
6.162109375000000000e-01 5.297878904567214775e-01
6.163330078125000000e-01 5.302318104064380755e-01
6.164550781250000000e-01 5.306754184344415481e-01
6.165771484375000000e-01 5.311187142797693106e-01
6.166992187500000000e-01 5.315616976816410766e-01
6.168212890625000000e-01 5.320043683794613010e-01
6.169433593750000000e-01 5.324467261128186246e-01
6.170654296875000000e-01 5.328887706214853193e-01
6.171875000000000000e-01 5.333305016454175096e-01
6.173095703125000000e-01 5.337719189247568385e-01
6.174316406250000000e-01 5.342130221998283579e-01
6.175537109375000000e-01 5.346538112111427488e-01
6.176757812500000000e-01 5.350942856993949892e-01
6.177978515625000000e-01 5.355344454054655756e-01
6.179199218750000000e-01 5.359742900704195234e-01
6.180419921875000000e-01 5.364138194355078104e-01
6.181640625000000000e-01 5.368530332421659335e-01
6.182861328125000000e-01 5.372919312320172391e-01
6.184082031250000000e-01 5.377305131468677057e-01
6.185302734375000000e-01 5.381687787287121605e-01
6.186523437500000000e-01 5.386067277197291725e-01
6.187744140625000000e-01 5.390443598622856047e-01
6.188964843750000000e-01 5.394816748989330613e-01
6.190185546875000000e-01 5.399186725724105518e-01
6.191406250000000000e-01 5.403553526256437145e-01
6.192626953125000000e-01 5.407917148017451492e-01
6.193847656250000000e-01 5.412277588440135290e-01
6.195068359375000000e-01 5.416634844959363759e-01
6.196289062500000000e-01 5.420988915011863973e-01
6.197509765625000000e-01 5.425339796036258155e-01
6.198730468750000000e-01 5.429687485473029263e-01
6.199951171875000000e-01 5.434031980764547631e-01
6.201171875000000000e-01 5.438373279355053214e-01
6.202392578125000000e-01 5.442711378690676671e-01
6.203613281250000000e-01 5.447046276219424943e-01
6.204833984375000000e-01 5.451377969391186795e-01
6.206054687500000000e-01 5.455706455657742815e-01
6.207275390625000000e-01 5.460031732472755417e-01
6.208496093750000000e-01 5.464353797291772175e-01
6.209716796875000000e-01 5.468672647572236922e-01
6.210937500000000000e-01 5.472988280773476433e-01
6.212158203125000000e-01 5.477300694356725952e-01
6.213378906250000000e-01 5.481609885785091452e-01
6.214599609375000000e-01 5.485915852523594038e-01
6.215820312500000000e-01 5.490218592039141088e-01
6.217041015625000000e-01 5.494518101800544008e-01
6.218261718750000000e-01 5.498814379278509357e-01
6.219482421875000000e-01 5.503107421945652167e-01
6.220703125000000000e-01 5.507397227276480400e-01
6.221923828125000000e-01 5.511683792747417154e-01
6.223144531250000000e-01 5.515967115836779566e-01
6.224365234375000000e-01 5.520247194024807680e-01
6.225585937500000000e-01 5.524524024793636690e-01
6.226806640625000000e-01 5.528797605627318035e-01
6.228027343750000000e-01 5.533067934011810518e-01
6.229248046875000000e-01 5.537335007435000289e-01
6.230468750000000000e-01 5.541598823386666428e-01
6.231689453125000000e-01 5.545859379358525354e-01
6.232910156250000000e-01 5.550116672844196408e-01
6.234130859375000000e-01 5.554370701339221839e-01
6.235351562500000000e-01 5.558621462341069019e-01
6.236572265625000000e-01 5.562868953349129342e-01
6.237792968750000000e-01 5.567113171864701560e-01
6.239013671875000000e-01 5.571354115391037309e-01
6.240234375000000000e-01 5.575591781433281158e-01
6.241455078125000000e-01 5.579826167498534994e-01
6.242675781250000000e-01 5.584057271095812514e-01
6.243896484375000000e-01 5.588285089736074740e-01
6.245117187500000000e-01 5.592509620932193393e-01
6.246337890625000000e-01 5.596730862198988632e-01
6.247558593750000000e-01 5.600948811053215737e-01
6.248779296875000000e-01 5.605163465013562885e-01
6.250000000000000000e-01 5.609374821600655592e-01
6.251220703125000000e-01 5.613582878337066706e-01
6.252441406250000000e-01 5.617787632747299753e-01
6.253662109375000000e-01 5.621989082357808920e-01
6.254882812500000000e-01 5.626187224696985734e-01
6.256103515625000000e-01 5.630382057295174603e-01
6.257324218750000000e-01 5.634573577684663936e-01
6.258544921875000000e-01 5.638761783399688365e-01
6.259765625000000000e-01 5.642946671976433182e-01
6.260986328125000000e-01 5.647128240953042111e-01
6.262207031250000000e-01 5.651306487869599549e-01
6.263427734375000000e-01 5.655481410268152764e-01
6.264648437500000000e-01 5.659653005692703021e-01
6.265869140625000000e-01 5.663821271689208903e-01
6.267089843750000000e-01 5.667986205805584099e-01
6.268310546875000000e-01 5.672147805591707392e-01
6.269531250000000000e-01 5.676306068599414889e-01
6.270751953125000000e-01 5.680460992382511121e-01
6.271972656250000000e-01 5.684612574496761273e-01
6.273193359375000000e-01 5.688760812499893404e-01
6.274414062500000000e-01 5.692905703951602892e-01
6.275634765625000000e-01 5.697047246413565746e-01
6.276855468750000000e-01 5.701185437449414195e-01
6.278076171875000000e-01 5.705320274624758881e-01
6.279296875000000000e-01 5.709451755507176651e-01
6.280517578125000000e-01 5.713579877666228324e-01
6.281738281250000000e-01 5.717704638673447581e-01
6.282958984375000000e-01 5.721826036102343194e-01
6.284179687500000000e-01 5.725944067528395687e-01
6.285400390625000000e-01 5.730058730529082878e-01
6.286621093750000000e-01 5.734170022683851009e-01
6.287841796875000000e-01 5.738277941574129182e-01
6.289062500000000000e-01 5.742382484783337127e-01
6.290283203125000000e-01 5.746483649896881873e-01
6.291503906250000000e-01 5.750581434502147760e-01
6.292724609375000000e-01 5.754675836188521965e-01
6.293945312500000000e-01 5.758766852547360093e-01
6.295166015625000000e-01 5.762854481172037246e-01
6.296386718750000000e-01 5.766938719657893619e-01
6.297607421875000000e-01 5.771019565602288903e-01
6.298828125000000000e-01 5.775097016604553435e-01
6.300048828125000000e-01 5.779171070266042598e-01
6.301269531250000000e-01 5.783241724190083533e-01
6.302490234375000000e-01 5.787308975982023984e-01
6.303710937500000000e-01 5.791372823249196777e-01
6.304931640625000000e-01 5.795433263600950902e-01
6.306152343750000000e-01 5.799490294648630417e-01
6.307373046875000000e-01 5.803543914005594440e-01
6.308593750000000000e-01 5.807594119287193823e-01
6.309814453125000000e-01 5.811640908110806691e-01
6.311035156250000000e-01 5.815684278095804016e-01
6.312255859375000000e-01 5.819724226863580707e-01
6.313476562500000000e-01 5.823760752037534516e-01
6.314697265625000000e-01 5.827793851243082690e-01
6.315917968750000000e-01 5.831823522107661972e-01
6.317138671875000000e-01 5.835849762260715279e-01
6.318359375000000000e-01 5.839872569333708352e-01
6.319580078125000000e-01 5.843891940960134201e-01
6.320800781250000000e-01 5.847907874775492010e-01
6.322021484375000000e-01 5.851920368417318219e-01
6.323242187500000000e-01 5.855929419525160995e-01
6.324462890625000000e-01 5.859935025740600212e-01
6.325683593750000000e-01 5.863937184707241901e-01
6.326904296875000000e-01 5.867935894070722691e-01
6.328125000000000000e-01 5.871931151478696487e-01
6.329345703125000000e-01 5.875922954580864443e-01
6.330566406250000000e-01 5.879911301028944992e-01
6.331787109375000000e-01 5.883896188476701594e-01
6.333007812500000000e-01 5.887877614579926089e-01
6.334228515625000000e-01 5.891855576996446464e-01
6.335449218750000000e-01 5.895830073386132408e-01
6.336669921875000000e-01 5.899801101410887538e-01
6.337890625000000000e-01 5.903768658734659391e-01
6.339111328125000000e-01 5.907732743023440536e-01
6.340332031250000000e-01 5.911693351945255248e-01
6.341552734375000000e-01 5.915650483170182827e-01
6.342773437500000000e-01 5.919604134370343163e-01
6.343994140625000000e-01 5.923554303219911166e-01
6.345214843750000000e-01 5.927500987395094567e-01
6.346435546875000000e-01 5.931444184574168332e-01
6.347656250000000000e-01 5.935383892437444686e-01
6.348876953125000000e-01 5.939320108667305309e-01
6.350097656250000000e-01 5.943252830948164700e-01
6.351318359375000000e-01 5.947182056966510144e-01
6.352539062500000000e-01 5.951107784410876178e-01
6.353759765625000000e-01 5.955030010971861243e-01
6.354980468750000000e-01 5.958948734342118803e-01
6.356201171875000000e-01 5.962863952216364005e-01
6.357421875000000000e-01 5.966775662291372573e-01
6.358642578125000000e-01 5.970683862265996344e-01
6.359863281250000000e-01 5.974588549841131080e-01
6.361083984375000000e-01 5.978489722719755317e-01
6.362304687500000000e-01 5.982387378606908168e-01
6.363525390625000000e-01 5.986281515209698201e-01
6.364746093750000000e-01 5.990172130237306769e-01
6.365966796875000000e-01 5.994059221400982462e-01
6.367187500000000000e-01 5.997942786414048877e-01
6.368408203125000000e-01 6.001822822991916828e-01
6.369628906250000000e-01 6.005699328852045493e-01
6.370849609375000000e-01 6.009572301713994591e-01
6.372070312500000000e-01 6.013441739299389965e-01
6.373291015625000000e-01 6.017307639331945790e-01
6.374511718750000000e-01 6.021169999537449025e-01
6.375732421875000000e-01 6.025028817643772738e-01
6.376953125000000000e-01 6.028884091380871668e-01
6.378173828125000000e-01 6.032735818480796652e-01
6.379394531250000000e-01 6.036583996677665764e-01
6.380615234375000000e-01 6.040428623707700950e-01
6.381835937500000000e-01 6.044269697309201383e-01
6.383056640625000000e-01 6.048107215222571220e-01
6.384277343750000000e-01 6.051941175190286293e-01
6.385498046875000000e-01 6.055771574956938519e-01
6.386718750000000000e-01 6.059598412269191492e-01
6.387939453125000000e-01 6.063421684875826001e-01
6.389160156250000000e-01 6.067241390527697842e-01
6.390380859375000000e-01 6.071057526977785557e-01
6.391601562500000000e-01 6.074870091981143805e-01
6.392822265625000000e-01 6.078679083294944441e-01
6.394042968750000000e-01 6.082484498678449869e-01
6.395263671875000000e-01 6.086286335893044130e-01
6.396484375000000000e-01 6.090084592702190713e-01
6.397705078125000000e-01 6.093879266871479183e-01
6.398925781250000000e-01 6.097670356168600758e-01
6.400146484375000000e-01 6.101457858363359410e-01
6.401367187500000000e-01 6.105241771227654102e-01
6.402587890625000000e-01 6.109022092535513204e-01
6.403808593750000000e-01 6.112798820063074512e-01
6.405029296875000000e-01 6.116571951588580802e-01
6.406250000000000000e-01 6.120341484892398709e-01
6.407470703125000000e-01 6.124107417757009841e-01
6.408691406250000000e-01 6.127869747967008562e-01
6.409912109375000000e-01 6.131628473309117533e-01
6.411132812500000000e-01 6.135383591572172168e-01
6.412353515625000000e-01 6.139135100547137291e-01
6.413574218750000000e-01 6.142882998027090480e-01
6.414794921875000000e-01 6.146627281807246490e-01
6.416015625000000000e-01 6.150367949684935054e-01
6.417236328125000000e-01 6.154104999459620862e-01
6.418457031250000000e-01 6.157838428932892461e-01
6.419677734375000000e-01 6.161568235908470026e-01
6.420898437500000000e-01 6.165294418192203141e-01
6.422119140625000000e-01 6.169016973592077457e-01
6.423339843750000000e-01 6.172735899918201374e-01
6.424560546875000000e-01 6.176451194982838233e-01
6.425781250000000000e-01 6.180162856600365240e-01
6.427001953125000000e-01 6.183870882587317874e-01
6.428222656250000000e-01 6.187575270762349922e-01
6.429443359375000000e-01 6.191276018946272330e-01
6.430664062500000000e-01 6.194973124962024347e-01
6.431884765625000000e-01 6.198666586634701270e-01
6.433105468750000000e-01 6.202356401791526697e-01
6.434326171875000000e-01 6.206042568261883607e-01
6.435546875000000000e-01 6.209725083877289942e-01
6.436767578125000000e-01 6.213403946471423023e-01
6.437988281250000000e-01 6.217079153880097353e-01
6.439208984375000000e-01 6.220750703941285709e-01
6.440429687500000000e-01 6.224418594495106927e-01
6.441650390625000000e-01 6.228082823383839228e-01
6.442871093750000000e-01 6.231743388451909116e-01
6.444091796875000000e-01 6.235400287545901366e-01
6.445312500000000000e-01 6.239053518514554586e-01
6.446533203125000000e-01 6.242703079208771211e-01
6.447753906250000000e-01 6.246348967481603065e-01
6.448974609375000000e-01 6.249991181188273570e-01
6.450195312500000000e-01 6.253629718186161091e-01
6.451416015625000000e-01 6.257264576334804485e-01
6.452636718750000000e-01 6.260895753495911986e-01
6.453857421875000000e-01 6.264523247533357875e-01
6.455078125000000000e-01 6.268147056313175813e-01
6.456298828125000000e-01 6.271767177703581053e-01
6.457519531250000000e-01 6.275383609574939348e-01
6.458740234375000000e-01 6.278996349799803589e-01
6.459960937500000000e-01 6.282605396252890495e-01
6.461181640625000000e-01 6.286210746811090599e-01
6.462402343750000000e-01 6.289812399353467143e-01
6.463623046875000000e-01 6.293410351761264954e-01
6.464843750000000000e-01 6.297004601917896016e-01
6.466064453125000000e-01 6.300595147708962784e-01
6.467285156250000000e-01 6.304181987022233757e-01
6.468505859375000000e-01 6.307765117747667905e-01
6.469726562500000000e-01 6.311344537777392460e-01
6.470947265625000000e-01 6.314920245005740673e-01
6.472167968750000000e-01 6.318492237329206285e-01
6.473388671875000000e-01 6.322060512646482389e-01
6.474609375000000000e-01 6.325625068858439226e-01
6.475830078125000000e-01 6.329185903868148610e-01
6.477050781250000000e-01 6.332743015580856172e-01
6.478271484375000000e-01 6.336296401904010223e-01
6.479492187500000000e-01 6.339846060747238443e-01
6.480712890625000000e-01 6.343391990022372307e-01
6.481933593750000000e-01 6.346934187643432645e-01
6.483154296875000000e-01 6.350472651526637424e-01
6.484375000000000000e-01 6.354007379590395077e-01
6.485595703125000000e-01 6.357538369755320051e-01
6.486816406250000000e-01 6.361065619944220595e-01
6.488037109375000000e-01 6.364589128082107639e-01
6.489257812500000000e-01 6.368108892096189244e-01
6.490478515625000000e-01 6.371624909915879487e-01
6.491699218750000000e-01 6.375137179472799565e-01
6.492919921875000000e-01 6.378645698700766697e-01
6.494140625000000000e-01 6.382150465535808559e-01
6.495361328125000000e-01 6.385651477916168828e-01
6.496582031250000000e-01 6.389148733782284983e-01
6.497802734375000000e-01 6.392642231076816062e-01
6.499023437500000000e-01 6.396131967744621560e-01
6.500244140625000000e-01 6.399617941732788085e-01
6.501464843750000000e-01 6.403100150990598260e-01
6.502685546875000000e-01 6.406578593469562932e-01
6.503906250000000000e-01 6.410053267123401177e-01
6.505126953125000000e-01 6.413524169908056960e-01
6.506347656250000000e-01 6.416991299781682478e-01
6.507568359375000000e-01 6.420454654704659259e-01
6.508789062500000000e-01 6.423914232639578170e-01
6.510009765625000000e-01 6.427370031551266072e-01
6.511230468750000000e-01 6.430822049406760277e-01
6.512451171875000000e-01 6.434270284175331867e-01
6.513671875000000000e-01 6.437714733828464597e-01
6.514892578125000000e-01 6.441155396339888206e-01
6.516113281250000000e-01 6.444592269685543995e-01
6.517333984375000000e-01 6.448025351843609254e-01
6.518554687500000000e-01 6.451454640794489492e-01
6.519775390625000000e-01 6.454880134520820656e-01
6.520996093750000000e-01 6.458301831007478011e-01
6.522216796875000000e-01 6.461719728241561711e-01
6.523437500000000000e-01 6.465133824212406788e-01
6.524658203125000000e-01 6.468544116911603137e-01
6.525878906250000000e-01 6.471950604332947776e-01
6.527099609375000000e-01 6.475353284472500359e-01
6.528320312500000000e-01 6.478752155328547646e-01
6.529541015625000000e-01 6.482147214901624599e-01
6.530761718750000000e-01 6.485538461194503279e-01
6.531982421875000000e-01 6.488925892212203950e-01
6.533203125000000000e-01 6.492309505961980642e-01
6.534423828125000000e-01 6.495689300453352244e-01
6.535644531250000000e-01 6.499065273698061418e-01
6.536865234375000000e-01 6.502437423710114572e-01
6.538085937500000000e-01 6.505805748505767427e-01
6.539306640625000000e-01 6.509170246103511692e-01
6.540527343750000000e-01 6.512530914524108372e-01
6.541748046875000000e-01 6.515887751790557791e-01
6.542968750000000000e-01 6.519240755928120690e-01
6.544189453125000000e-01 6.522589924964314889e-01
6.545410156250000000e-01 6.525935256928904193e-01
6.546630859375000000e-01 6.529276749853920592e-01
6.547851562500000000e-01 6.532614401773646495e-01
6.549072265625000000e-01 6.535948210724631391e-01
6.550292968750000000e-01 6.539278174745678518e-01
6.551513671875000000e-01 6.542604291877854861e-01
6.552734375000000000e-01 6.545926560164491148e-01
6.553955078125000000e-01 6.549244977651187405e-01
6.555175781250000000e-01 6.552559542385799629e-01
6.556396484375000000e-01 6.555870252418458666e-01
6.557617187500000000e-01 6.559177105801552443e-01
6.558837890625000000e-01 6.562480100589749288e-01
6.560058593750000000e-01 6.565779234839981271e-01
6.561279296875000000e-01 6.569074506611454201e-01
6.562500000000000000e-01 6.572365913965640960e-01
6.563720703125000000e-01 6.575653454966298161e-01
6.564941406250000000e-01 6.578937127679441721e-01
6.566162109375000000e-01 6.582216930173379055e-01
6.567382812500000000e-01 6.585492860518681324e-01
6.568603515625000000e-01 6.588764916788208970e-01
6.569824218750000000e-01 6.592033097057088398e-01
6.571044921875000000e-01 6.595297399402738625e-01
6.572265625000000000e-01 6.598557821904847964e-01
6.573486328125000000e-01 6.601814362645406220e-01
6.574707031250000000e-01 6.605067019708661391e-01
6.575927734375000000e-01 6.608315791181166299e-01
6.577148437500000000e-01 6.611560675151750832e-01
6.578369140625000000e-01 6.614801669711536380e-01
6.579589843750000000e-01 6.618038772953922511e-01
6.580810546875000000e-01 6.621271982974610282e-01
6.582031250000000000e-01 6.624501297871580041e-01
6.583251953125000000e-01 6.627726715745119179e-01
6.584472656250000000e-01 6.630948234697785493e-01
6.585693359375000000e-01 6.634165852834453814e-01
6.586914062500000000e-01 6.637379568262271601e-01
6.588134765625000000e-01 6.640589379090698907e-01
6.589355468750000000e-01 6.643795283431486176e-01
6.590576171875000000e-01 6.646997279398683123e-01
6.591796875000000000e-01 6.650195365108632073e-01
6.593017578125000000e-01 6.653389538679992388e-01
6.594238281250000000e-01 6.656579798233703826e-01
6.595458984375000000e-01 6.659766141893025404e-01
6.596679687500000000e-01 6.662948567783508746e-01
6.597900390625000000e-01 6.666127074033016964e-01
6.599121093750000000e-01 6.669301658771716879e-01
6.600341796875000000e-01 6.672472320132083468e-01
6.601562500000000000e-01 6.675639056248892089e-01
6.602783203125000000e-01 6.678801865259242909e-01
6.604003906250000000e-01 6.681960745302527593e-01
6.605224609375000000e-01 6.685115694520468166e-01
6.606445312500000000e-01 6.688266711057079261e-01
6.607666015625000000e-01 6.691413793058706982e-01
6.608886718750000000e-01 6.694556938673998925e-01
6.610107421875000000e-01 6.697696146053928601e-01
6.611328125000000000e-01 6.700831413351771015e-01
6.612548828125000000e-01 6.703962738723143744e-01
6.613769531250000000e-01 6.707090120325953642e-01
6.614990234375000000e-01 6.710213556320455686e-01
6.616210937500000000e-01 6.713333044869206345e-01
6.617431640625000000e-01 6.716448584137090227e-01
6.618652343750000000e-01 6.719560172291317857e-01
6.619873046875000000e-01 6.722667807501425674e-01
6.621093750000000000e-01 6.725771487939261606e-01
6.622314453125000000e-01 6.728871211779023920e-01
6.623535156250000000e-01 6.731966977197213486e-01
6.624755859375000000e-01 6.735058782372677078e-01
6.625976562500000000e-01 6.738146625486581831e-01
6.627197265625000000e-01 6.741230504722436345e-01
6.628417968750000000e-01 6.744310418266062923e-01
6.629638671875000000e-01 6.747386364305637541e-01
6.630859375000000000e-01 6.750458341031654319e-01
6.632080078125000000e-01 6.753526346636952171e-01
6.633300781250000000e-01 6.756590379316701478e-01
6.634521484375000000e-01 6.759650437268414080e-01
6.635742187500000000e-01 6.762706518691927737e-01
6.636962890625000000e-01 6.765758621789434990e-01
6.638183593750000000e-01 6.768806744765458738e-01
6.639404296875000000e-01 6.771850885826872224e-01
6.640625000000000000e-01 6.774891043182881267e-01
6.641845703125000000e-01 6.777927215045042031e-01
6.643066406250000000e-01 6.780959399627252138e-01
6.644287109375000000e-01 6.783987595145754002e-01
6.645507812500000000e-01 6.787011799819138158e-01
6.646728515625000000e-01 6.790032011868345485e-01
6.647949218750000000e-01 6.793048229516660541e-01
6.649169921875000000e-01 6.796060450989723778e-01
6.650390625000000000e-01 6.799068674515514887e-01
6.651611328125000000e-01 6.802072898324384997e-01
6.652832031250000000e-01 6.805073120649017815e-01
6.654052734375000000e-01 6.808069339724462932e-01
6.655273437500000000e-01 6.811061553788121392e-01
6.656494140625000000e-01 6.814049761079754575e-01
6.657714843750000000e-01 6.817033959841466428e-01
6.658935546875000000e-01 6.820014148317740110e-01
6.660156250000000000e-01 6.822990324755402458e-01
6.661376953125000000e-01 6.825962487403653967e-01
6.662597656250000000e-01 6.828930634514033260e-01
6.663818359375000000e-01 6.831894764340470383e-01
6.665039062500000000e-01 6.834854875139231289e-01
6.666259765625000000e-01 6.837810965168968913e-01
6.667480468750000000e-01 6.840763032690687639e-01
6.668701171875000000e-01 6.843711075967762181e-01
6.669921875000000000e-01 6.846655093265934244e-01
6.671142578125000000e-01 6.849595082853318084e-01
6.672363281250000000e-01 6.852531043000388289e-01
6.673583984375000000e-01 6.855462971979998654e-01
6.674804687500000000e-01 6.858390868067369972e-01
6.676025390625000000e-01 6.861314729540095581e-01
6.677246093750000000e-01 6.864234554678142475e-01
6.678466796875000000e-01 6.867150341763856858e-01
6.679687500000000000e-01 6.870062089081947487e-01
6.680908203125000000e-01 6.872969794919521203e-01
6.682128906250000000e-01 6.875873457566039626e-01
6.683349609375000000e-01 6.878773075313358021e-01
6.684570312500000000e-01 6.881668646455700866e-01
6.685791015625000000e-01 6.884560169289682952e-01
6.687011718750000000e-01 6.887447642114293833e-01
6.688232421875000000e-01 6.890331063230912267e-01
6.689453125000000000e-01 6.893210430943286227e-01
6.690673828125000000e-01 6.896085743557566206e-01
6.691894531250000000e-01 6.898956999382273025e-01
6.693115234375000000e-01 6.901824196728330030e-01
6.694335937500000000e-01 6.904687333909030889e-01
6.695556640625000000e-01 6.907546409240068463e-01
6.696777343750000000e-01 6.910401421039522596e-01
6.697998046875000000e-01 6.913252367627865658e-01
6.699218750000000000e-01 6.916099247327953670e-01
6.700439453125000000e-01 6.918942058465046285e-01
6.701660156250000000e-01 6.921780799366787917e-01
6.702880859375000000e-01 6.924615468363222170e-01
6.704101562500000000e-01 6.927446063786780739e-01
6.705322265625000000e-01 6.930272583972306721e-01
6.706542968750000000e-01 6.933095027257024645e-01
6.707763671875000000e-01 6.935913391980567111e-01
6.708984375000000000e-01 6.938727676484957030e-01
6.710205078125000000e-01 6.941537879114629828e-01
6.711425781250000000e-01 6.944343998216411240e-01
6.712646484375000000e-01 6.947146032139540628e-01
6.713867187500000000e-01 6.949943979235643221e-01
6.715087890625000000e-01 6.952737837858764536e-01
6.716308593750000000e-01 6.955527606365349280e-01
6.717529296875000000e-01 6.958313283114251346e-01
6.718750000000000000e-01 6.961094866466721598e-01
6.719970703125000000e-01 6.963872354786435626e-01
6.721191406250000000e-01 6.966645746439460440e-01
6.722412109375000000e-01 6.969415039794285560e-01
6.723632812500000000e-01 6.972180233221805246e-01
6.724853515625000000e-01 6.974941325095329603e-01
6.726074218750000000e-01 6.977698313790577922e-01
6.727294921875000000e-01 6.980451197685682008e-01
6.728515625000000000e-01 6.983199975161195061e-01
6.729736328125000000e-01 6.985944644600082798e-01
6.730957031250000000e-01 6.988685204387723449e-01
6.732177734375000000e-01 6.991421652911917750e-01
6.733398437500000000e-01 6.994153988562883395e-01
6.734619140625000000e-01 6.996882209733259472e-01
6.735839843750000000e-01 6.999606314818098696e-01
6.737060546875000000e-01 7.002326302214887388e-01
6.738281250000000000e-01 7.005042170323521056e-01
6.739501953125000000e-01 7.007753917546328815e-01
6.740722656250000000e-01 7.010461542288057846e-01
6.741943359375000000e-01 7.013165042955882278e-01
6.743164062500000000e-01 7.015864417959400967e-01
6.744384765625000000e-01 7.018559665710645268e-01
6.745605468750000000e-01 7.021250784624062380e-01
6.746826171875000000e-01 7.023937773116545324e-01
6.748046875000000000e-01 7.026620629607400748e-01
6.749267578125000000e-01 7.029299352518382227e-01
6.750488281250000000e-01 7.031973940273656964e-01
6.751708984375000000e-01 7.034644391299840205e-01
6.752929687500000000e-01 7.037310704025966368e-01
6.754150390625000000e-01 7.039972876883521247e-01
6.755371093750000000e-01 7.042630908306413140e-01
6.756591796875000000e-01 7.045284796730991728e-01
6.757812500000000000e-01 7.047934540596040298e-01
6.759033203125000000e-01 7.050580138342785741e-01
6.760253906250000000e-01 7.053221588414887444e-01
6.761474609375000000e-01 7.055858889258457278e-01
6.762695312500000000e-01 7.058492039322027400e-01
6.763916015625000000e-01 7.061121037056592442e-01
6.765136718750000000e-01 7.063745880915573983e-01
6.766357421875000000e-01 7.066366569354850524e-01
6.767578125000000000e-01 7.068983100832731958e-01
6.768798828125000000e-01 7.071595473809988430e-01
6.770019531250000000e-01 7.074203686749815922e-01
6.771240234375000000e-01 7.076807738117885105e-01
6.772460937500000000e-01 7.079407626382284713e-01
6.773681640625000000e-01 7.082003350013580389e-01
6.774902343750000000e-01 7.084594907484764725e-01
6.776123046875000000e-01 7.087182297271297227e-01
6.777343750000000000e-01 7.089765517851083221e-01
6.778564453125000000e-01 7.092344567704479408e-01
6.779785156250000000e-01 7.094919445314294970e-01
6.781005859375000000e-01 7.097490149165798234e-01
6.782226562500000000e-01 7.100056677746711120e-01
6.783447265625000000e-01 7.102619029547204699e-01
6.784667968750000000e-01 7.105177203059918067e-01
6.785888671875000000e-01 7.107731196779950578e-01
6.787109375000000000e-01 7.110281009204839631e-01
6.788330078125000000e-01 7.112826638834609527e-01
6.789550781250000000e-01 7.115368084171721508e-01
6.790771484375000000e-01 7.117905343721114830e-01
6.791992187500000000e-01 7.120438415990182346e-01
6.793212890625000000e-01 7.122967299488783821e-01
6.794433593750000000e-01 7.125491992729240387e-01
6.795654296875000000e-01 7.128012494226347862e-01
6.796875000000000000e-01 7.130528802497347884e-01
6.798095703125000000e-01 7.133040916061971215e-01
6.799316406250000000e-01 7.135548833442401095e-01
6.800537109375000000e-01 7.138052553163294345e-01
6.801757812500000000e-01 7.140552073751779139e-01
6.802978515625000000e-01 7.143047393737453898e-01
6.804199218750000000e-01 7.145538511652381741e-01
6.805419921875000000e-01 7.148025426031104912e-01
6.806640625000000000e-01 7.150508135410631461e-01
6.807861328125000000e-01 7.152986638330454117e-01
6.809082031250000000e-01 7.155460933332529194e-01
6.810302734375000000e-01 7.157931018961295466e-01
6.811523437500000000e-01 7.160396893763659731e-01
6.812744140625000000e-01 7.162858556289017908e-01
6.813964843750000000e-01 7.165316005089230611e-01
6.815185546875000000e-01 7.167769238718650904e-01
6.816406250000000000e-01 7.170218255734099877e-01
6.817626953125000000e-01 7.172663054694891072e-01
6.818847656250000000e-01 7.175103634162800503e-01
6.820068359375000000e-01 7.177539992702106630e-01
6.821289062500000000e-01 7.179972128879559268e-01
6.822509765625000000e-01 7.182400041264399571e-01
6.823730468750000000e-01 7.184823728428342271e-01
6.824951171875000000e-01 7.187243188945603434e-01
6.826171875000000000e-01 7.189658421392863819e-01
6.827392578125000000e-01 7.192069424349319950e-01
6.828613281250000000e-01 7.194476196396630829e-01
6.829833984375000000e-01 7.196878736118956787e-01
6.831054687500000000e-01 7.199277042102947277e-01
6.832275390625000000e-01 7.201671112937738650e-01
6.833496093750000000e-01 7.204060947214959709e-01
6.834716796875000000e-01 7.206446543528731707e-01
6.835937500000000000e-01 7.208827900475675010e-01
6.837158203125000000e-01 7.211205016654897992e-01
6.838378906250000000e-01 7.213577890667997039e-01
6.839599609375000000e-01 7.215946521119085411e-01
6.840820312500000000e-01 7.218310906614743283e-01
6.842041015625000000e-01 7.220671045764073259e-01
6.843261718750000000e-01 7.223026937178660400e-01
6.844482421875000000e-01 7.225378579472601093e-01
6.845703125000000000e-01 7.227725971262479732e-01
6.846923828125000000e-01 7.230069111167388707e-01
6.848144531250000000e-01 7.232407997808919520e-01
6.849365234375000000e-01 7.234742629811159453e-01
6.850585937500000000e-01 7.237073005800714887e-01
6.851806640625000000e-01 7.239399124406677988e-01
6.853027343750000000e-01 7.241720984260651139e-01
6.854248046875000000e-01 7.244038583996754710e-01
6.855468750000000000e-01 7.246351922251591526e-01
6.856689453125000000e-01 7.248660997664296834e-01
6.857910156250000000e-01 7.250965808876490559e-01
6.859130859375000000e-01 7.253266354532320603e-01
6.860351562500000000e-01 7.255562633278423990e-01
6.861572265625000000e-01 7.257854643763971270e-01
6.862792968750000000e-01 7.260142384640623225e-01
6.864013671875000000e-01 7.262425854562567507e-01
6.865234375000000000e-01 7.264705052186488654e-01
6.866455078125000000e-01 7.266979976171602518e-01
6.867675781250000000e-01 7.269250625179622949e-01
6.868896484375000000e-01 7.271516997874791777e-01
6.870117187500000000e-01 7.273779092923856604e-01
6.871337890625000000e-01 7.276036908996084129e-01
6.872558593750000000e-01 7.278290444763262368e-01
6.873779296875000000e-01 7.280539698899691770e-01
6.875000000000000000e-01 7.282784670082192990e-01
6.876220703125000000e-01 7.285025356990115775e-01
6.877441406250000000e-01 7.287261758305311199e-01
6.878662109375000000e-01 7.289493872712170530e-01
6.879882812500000000e-01 7.291721698897589699e-01
6.881103515625000000e-01 7.293945235551004824e-01
6.882324218750000000e-01 7.296164481364360022e-01
6.883544921875000000e-01 7.298379435032131823e-01
6.884765625000000000e-01 7.300590095251322520e-01
6.885986328125000000e-01 7.302796460721455718e-01
6.887207031250000000e-01 7.304998530144583002e-01
6.888427734375000000e-01 7.307196302225283935e-01
6.889648437500000000e-01 7.309389775670664946e-01
6.890869140625000000e-01 7.311578949190364884e-01
6.892089843750000000e-01 7.313763821496543915e-01
6.893310546875000000e-01 7.315944391303907945e-01
6.894531250000000000e-01 7.318120657329670875e-01
6.895751953125000000e-01 7.320292618293604558e-01
6.896972656250000000e-01 7.322460272917988844e-01
6.898193359375000000e-01 7.324623619927658202e-01
6.899414062500000000e-01 7.326782658049962871e-01
6.900634765625000000e-01 7.328937386014805488e-01
6.901855468750000000e-01 7.331087802554605570e-01
6.903076171875000000e-01 7.333233906404336144e-01
6.904296875000000000e-01 7.335375696301490445e-01
6.905517578125000000e-01 7.337513170986121880e-01
6.906738281250000000e-01 7.339646329200798514e-01
6.907958984375000000e-01 7.341775169690640812e-01
6.909179687500000000e-01 7.343899691203306102e-01
6.910400390625000000e-01 7.346019892488994119e-01
6.911621093750000000e-01 7.348135772300450341e-01
6.912841796875000000e-01 7.350247329392948226e-01
6.914062500000000000e-01 7.352354562524314741e-01
6.915283203125000000e-01 7.354457470454928147e-01
6.916503906250000000e-01 7.356556051947690245e-01
6.917724609375000000e-01 7.358650305768068556e-01
6.918945312500000000e-01 7.360740230684058583e-01
6.920166015625000000e-01 7.362825825466223773e-01
6.921386718750000000e-01 7.364907088887646669e-01
6.922607421875000000e-01 7.366984019723987753e-01
6.923828125000000000e-01 7.369056616753429934e-01
6.925048828125000000e-01 7.371124878756729615e-01
6.926269531250000000e-01 7.373188804517173400e-01
6.927490234375000000e-01 7.375248392820610288e-01
6.928710937500000000e-01 7.377303642455435018e-01
6.929931640625000000e-01 7.379354552212604723e-01
6.931152343750000000e-01 7.381401120885608957e-01
6.932373046875000000e-01 7.383443347270518542e-01
6.933593750000000000e-01 7.385481230165931166e-01
6.934814453125000000e-01 7.387514768373022456e-01
6.936035156250000000e-01 7.389543960695507119e-01
6.937255859375000000e-01 7.391568805939670028e-01
6.938476562500000000e-01 7.393589302914347350e-01
6.939697265625000000e-01 7.395605450430923211e-01
6.940917968750000000e-01 7.397617247303359678e-01
6.942138671875000000e-01 7.399624692348165667e-01
6.943359375000000000e-01 7.401627784384405828e-01
6.944580078125000000e-01 7.403626522233726082e-01
6.945800781250000000e-01 7.405620904720311426e-01
6.947021484375000000e-01 7.407610930670922578e-01
6.948242187500000000e-01 7.409596598914872656e-01
6.949462890625000000e-01 7.411577908284049387e-01
6.950683593750000000e-01 7.413554857612895121e-01
6.951904296875000000e-01 7.415527445738427925e-01
6.953125000000000000e-01 7.417495671500218268e-01
6.954345703125000000e-01 7.419459533740415669e-01
6.955566406250000000e-01 7.421419031303724267e-01
6.956787109375000000e-01 7.423374163037428364e-01
6.958007812500000000e-01 7.425324927791367990e-01
6.959228515625000000e-01 7.427271324417966669e-01
6.960449218750000000e-01 7.429213351772201435e-01
6.961669921875000000e-01 7.431151008711631700e-01
6.962890625000000000e-01 7.433084294096380384e-01
6.964111328125000000e-01 7.435013206789152784e-01
6.965332031250000000e-01 7.436937745655213261e-01
6.966552734375000000e-01 7.438857909562404114e-01
6.967773437500000000e-01 7.440773697381147800e-01
6.968994140625000000e-01 7.442685107984432502e-01
6.970214843750000000e-01 7.444592140247822121e-01
6.971435546875000000e-01 7.446494793049461824e-01
6.972656250000000000e-01 7.448393065270068059e-01
6.973876953125000000e-01 7.450286955792941868e-01
6.975097656250000000e-01 7.452176463503948911e-01
6.976318359375000000e-01 7.454061587291548330e-01
6.977539062500000000e-01 7.455942326046761659e-01
6.978759765625000000e-01 7.457818678663203915e-01
6.979980468750000000e-01 7.459690644037061391e-01
6.981201171875000000e-01 7.461558221067109420e-01
6.982421875000000000e-01 7.463421408654697942e-01
6.983642578125000000e-01 7.465280205703765937e-01
6.984863281250000000e-01 7.467134611120823662e-01
6.986083984375000000e-01 7.468984623814981516e-01
6.987304687500000000e-01 7.470830242697912293e-01
6.988525390625000000e-01 7.472671466683898922e-01
6.989746093750000000e-01 7.474508294689787835e-01
6.990966796875000000e-01 7.476340725635024498e-01
6.992187500000000000e-01 7.478168758441633424e-01
6.993408203125000000e-01 7.479992392034235937e-01
6.994628906250000000e-01 7.481811625340031302e-01
6.995849609375000000e-01 7.483626457288814482e-01
6.997070312500000000e-01 7.485436886812958379e-01
6.998291015625000000e-01 7.487242912847446030e-01
6.999511718750000000e-01 7.489044534329827307e-01
7.000732421875000000e-01 7.490841750200265547e-01
7.001953125000000000e-01 7.492634559401493144e-01
7.003173828125000000e-01 7.494422960878859286e-01
7.004394531250000000e-01 7.496206953580282217e-01
7.005615234375000000e-01 7.497986536456290318e-01
7.006835937500000000e-01 7.499761708460004339e-01
7.008056640625000000e-01 7.501532468547129628e-01
7.009277343750000000e-01 7.503298815675976119e-01
7.010498046875000000e-01 7.505060748807449444e-01
7.011718750000000000e-01 7.506818266905043169e-01
7.012939453125000000e-01 7.508571368934866541e-01
7.014160156250000000e-01 7.510320053865602308e-01
7.015380859375000000e-01 7.512064320668555562e-01
7.016601562500000000e-01 7.513804168317604892e-01
7.017822265625000000e-01 7.515539595789257898e-01
7.019042968750000000e-01 7.517270602062595675e-01
7.020263671875000000e-01 7.518997186119321663e-01
7.021484375000000000e-01 7.520719346943721684e-01
7.022705078125000000e-01 7.522437083522695023e-01
7.023925781250000000e-01 7.524150394845747769e-01
7.025146484375000000e-01 7.525859279904980603e-01
7.026367187500000000e-01 7.527563737695092128e-01
7.027587890625000000e-01 7.529263767213403291e-01
7.028808593750000000e-01 7.530959367459825193e-01
7.030029296875000000e-01 7.532650537436883509e-01
7.031250000000000000e-01 7.534337276149706275e-01
7.032470703125000000e-01 7.536019582606029443e-01
7.033691406250000000e-01 7.537697455816191328e-01
7.034912109375000000e-01 7.539370894793143707e-01
7.036132812500000000e-01 7.541039898552446274e-01
7.037353515625000000e-01 7.542704466112271078e-01
7.038574218750000000e-01 7.544364596493386976e-01
7.039794921875000000e-01 7.546020288719190727e-01
7.041015625000000000e-01 7.547671541815674789e-01
7.042236328125000000e-01 7.549318354811453968e-01
7.043457031250000000e-01 7.550960726737747652e-01
7.044677734375000000e-01 7.552598656628392026e-01
7.045898437500000000e-01 7.554232143519835629e-01
7.047119140625000000e-01 7.555861186451143796e-01
7.048339843750000000e-01 7.557485784463983114e-01
7.049560546875000000e-01 7.559105936602650289e-01
7.050781250000000000e-01 7.560721641914049940e-01
7.052001953125000000e-01 7.562332899447711254e-01
7.053222656250000000e-01 7.563939708255761341e-01
7.054443359375000000e-01 7.565542067392966308e-01
7.055664062500000000e-01 7.567139975916692407e-01
7.056884765625000000e-01 7.568733432886936008e-01
7.058105468750000000e-01 7.570322437366301394e-01
7.059326171875000000e-01 7.571906988420024076e-01
7.060546875000000000e-01 7.573487085115947481e-01
7.061767578125000000e-01 7.575062726524552925e-01
7.062988281250000000e-01 7.576633911718919645e-01
7.064208984375000000e-01 7.578200639774764769e-01
7.065429687500000000e-01 7.579762909770418888e-01
7.066650390625000000e-01 7.581320720786843825e-01
7.067871093750000000e-01 7.582874071907617086e-01
7.069091796875000000e-01 7.584422962218939634e-01
7.070312500000000000e-01 7.585967390809643662e-01
7.071533203125000000e-01 7.587507356771182598e-01
7.072753906250000000e-01 7.589042859197627777e-01
7.073974609375000000e-01 7.590573897185688423e-01
7.075195312500000000e-01 7.592100469834691667e-01
7.076416015625000000e-01 7.593622576246594758e-01
7.077636718750000000e-01 7.595140215525980620e-01
7.078857421875000000e-01 7.596653386780064521e-01
7.080078125000000000e-01 7.598162089118682960e-01
7.081298828125000000e-01 7.599666321654309220e-01
7.082519531250000000e-01 7.601166083502033377e-01
7.083740234375000000e-01 7.602661373779595611e-01
7.084960937500000000e-01 7.604152191607347344e-01
7.086181640625000000e-01 7.605638536108282333e-01
7.087402343750000000e-01 7.607120406408021118e-01
7.088623046875000000e-01 7.608597801634819913e-01
7.089843750000000000e-01 7.610070720919561715e-01
7.091064453125000000e-01 7.611539163395767416e-01
7.092285156250000000e-01 7.613003128199591352e-01
7.093505859375000000e-01 7.614462614469821311e-01
7.094726562500000000e-01 7.615917621347874089e-01
7.095947265625000000e-01 7.617368147977812143e-01
7.097167968750000000e-01 7.618814193506323607e-01
7.098388671875000000e-01 7.620255757082745607e-01
7.099609375000000000e-01 7.621692837859027625e-01
7.100830078125000000e-01 7.623125434989790339e-01
7.102050781250000000e-01 7.624553547632261230e-01
7.103271484375000000e-01 7.625977174946324544e-01
7.104492187500000000e-01 7.627396316094492423e-01
7.105712890625000000e-01 7.628810970241923783e-01
7.106933593750000000e-01 7.630221136556409878e-01
7.108154296875000000e-01 7.631626814208396503e-01
7.109375000000000000e-01 7.633028002370948473e-01
7.110595703125000000e-01 7.634424700219788473e-01
7.111816406250000000e-01 7.635816906933274861e-01
7.113037109375000000e-01 7.637204621692407214e-01
7.114257812500000000e-01 7.638587843680826328e-01
7.115478515625000000e-01 7.639966572084824215e-01
7.116699218750000000e-01 7.641340806093327442e-01
7.117919921875000000e-01 7.642710544897908242e-01
7.119140625000000000e-01 7.644075787692783397e-01
7.120361328125000000e-01 7.645436533674822011e-01
7.121582031250000000e-01 7.646792782043525527e-01
7.122802734375000000e-01 7.648144532001052154e-01
7.124023437500000000e-01 7.649491782752197988e-01
7.125244140625000000e-01 7.650834533504417001e-01
7.126464843750000000e-01 7.652172783467796613e-01
7.127685546875000000e-01 7.653506531855079897e-01
7.128906250000000000e-01 7.654835777881662251e-01
7.130126953125000000e-01 7.656160520765579180e-01
7.131347656250000000e-01 7.657480759727512964e-01
7.132568359375000000e-01 7.658796493990814858e-01
7.133789062500000000e-01 7.660107722781456241e-01
7.135009765625000000e-01 7.661414445328089684e-01
7.136230468750000000e-01 7.662716660861990103e-01
7.137451171875000000e-01 7.664014368617111383e-01
7.138671875000000000e-01 7.665307567830033086e-01
7.139892578125000000e-01 7.666596257740007081e-01
7.141113281250000000e-01 7.667880437588930898e-01
7.142333984375000000e-01 7.669160106621346618e-01
7.143554687500000000e-01 7.670435264084467519e-01
7.144775390625000000e-01 7.671705909228146991e-01
7.145996093750000000e-01 7.672972041304894075e-01
7.147216796875000000e-01 7.674233659569880128e-01
7.148437500000000000e-01 7.675490763280923279e-01
7.149658203125000000e-01 7.676743351698511741e-01
7.150878906250000000e-01 7.677991424085767180e-01
7.152099609375000000e-01 7.679234979708492448e-01
7.153320312500000000e-01 7.680474017835128286e-01
7.154541015625000000e-01 7.681708537736783304e-01
7.155761718750000000e-01 7.682938538687218433e-01
7.156982421875000000e-01 7.684164019962859138e-01
7.158203125000000000e-01 7.685384980842783209e-01
7.159423828125000000e-01 7.686601420608738522e-01
7.160644531250000000e-01 7.687813338545113062e-01
7.161865234375000000e-01 7.689020733938973784e-01
7.163085937500000000e-01 7.690223606080041074e-01
7.164306640625000000e-01 7.691421954260694305e-01
7.165527343750000000e-01 7.692615777775978492e-01
7.166748046875000000e-01 7.693805075923595416e-01
7.167968750000000000e-01 7.694989848003911392e-01
7.169189453125000000e-01 7.696170093319960603e-01
7.170410156250000000e-01 7.697345811177427333e-01
7.171630859375000000e-01 7.698517000884674832e-01
7.172851562500000000e-01 7.699683661752713126e-01
7.174072265625000000e-01 7.700845793095237868e-01
7.175292968750000000e-01 7.702003394228588151e-01
7.176513671875000000e-01 7.703156464471780929e-01
7.177734375000000000e-01 7.704305003146488806e-01
7.178955078125000000e-01 7.705449009577062247e-01
7.180175781250000000e-01 7.706588483090511810e-01
7.181396484375000000e-01 7.707723423016512587e-01
7.182617187500000000e-01 7.708853828687406429e-01
7.183837890625000000e-01 7.709979699438206380e-01
7.185058593750000000e-01 7.711101034606594462e-01
7.186279296875000000e-01 7.712217833532918343e-01
7.187500000000000000e-01 7.713330095560183564e-01
7.188720703125000000e-01 7.714437820034094617e-01
7.189941406250000000e-01 7.715541006302983895e-01
7.191162109375000000e-01 7.716639653717893843e-01
7.192382812500000000e-01 7.717733761632504796e-01
7.193603515625000000e-01 7.718823329403190492e-01
7.194824218750000000e-01 7.719908356388980319e-01
7.196044921875000000e-01 7.720988841951583748e-01
7.197265625000000000e-01 7.722064785455380331e-01
7.198486328125000000e-01 7.723136186267416381e-01
7.199707031250000000e-01 7.724203043757417175e-01
7.200927734375000000e-01 7.725265357297774749e-01
7.202148437500000000e-01 7.726323126263561214e-01
7.203369140625000000e-01 7.727376350032519881e-01
7.204589843750000000e-01 7.728425027985057483e-01
7.205810546875000000e-01 7.729469159504275266e-01
7.207031250000000000e-01 7.730508743975926800e-01
7.208251953125000000e-01 7.731543780788461273e-01
7.209472656250000000e-01 7.732574269332985750e-01
7.210693359375000000e-01 7.733600209003295145e-01
7.211914062500000000e-01 7.734621599195850017e-01
7.213134765625000000e-01 7.735638439309798775e-01
7.214355468750000000e-01 7.736650728746956585e-01
7.215576171875000000e-01 7.737658466911825350e-01
7.216796875000000000e-01 7.738661653211565961e-01
7.218017578125000000e-01 7.739660287056046029e-01
7.219238281250000000e-01 7.740654367857783269e-01
7.220458984375000000e-01 7.741643895031993239e-01
7.221679687500000000e-01 7.742628867996553810e-01
7.222900390625000000e-01 7.743609286172039585e-01
7.224121093750000000e-01 7.744585148981691924e-01
7.225341796875000000e-01 7.745556455851434485e-01
7.226562500000000000e-01 7.746523206209869894e-01
7.227783203125000000e-01 7.747485399488294178e-01
7.229003906250000000e-01 7.748443035120664568e-01
7.230224609375000000e-01 7.749396112543636139e-01
7.231445312500000000e-01 7.750344631196527390e-01
7.232666015625000000e-01 7.751288590521359101e-01
7.233886718750000000e-01 7.752227989962819921e-01
7.235107421875000000e-01 7.753162828968287457e-01
7.236328125000000000e-01 7.754093106987817174e-01
7.237548828125000000e-01 7.755018823474153500e-01
7.238769531250000000e-01 7.755939977882714276e-01
7.239990234375000000e-01 7.756856569671619628e-01
7.241210937500000000e-01 7.757768598301653107e-01
7.242431640625000000e-01 7.758676063236294995e-01
7.243652343750000000e-01 7.759578963941705654e-01
7.244873046875000000e-01 7.760477299886735514e-01
7.246093750000000000e-01 7.761371070542912864e-01
7.247314453125000000e-01 7.762260275384457175e-01
7.248535156250000000e-01 7.763144913888272436e-01
7.249755859375000000e-01 7.764024985533948264e-01
7.250976562500000000e-01 7.764900489803758799e-01
7.252197265625000000e-01 7.765771426182672688e-01
7.253417968750000000e-01 7.766637794158331998e-01
7.254638671875000000e-01 7.767499593221085519e-01
7.255859375000000000e-01 7.768356822863947686e-01
7.257080078125000000e-01 7.769209482582644100e-01
7.258300781250000000e-01 7.770057571875567115e-01
7.259521484375000000e-01 7.770901090243815812e-01
7.260742187500000000e-01 7.771740037191163797e-01
7.261962890625000000e-01 7.772574412224082518e-01
7.263183593750000000e-01 7.773404214851726834e-01
7.264404296875000000e-01 7.774229444585954996e-01
7.265625000000000000e-01 7.775050100941296449e-01
7.266845703125000000e-01 7.775866183434984036e-01
7.268066406250000000e-01 7.776677691586936225e-01
7.269287109375000000e-01 7.777484624919767109e-01
7.270507812500000000e-01 7.778286982958771967e-01
7.271728515625000000e-01 7.779084765231949472e-01
7.272949218750000000e-01 7.779877971269983927e-01
7.274169921875000000e-01 7.780666600606251926e-01
7.275390625000000000e-01 7.781450652776819021e-01
7.276611328125000000e-01 7.782230127320458601e-01
7.277832031250000000e-01 7.783005023778616360e-01
7.279052734375000000e-01 7.783775341695439165e-01
7.280273437500000000e-01 7.784541080617778386e-01
7.281494140625000000e-01 7.785302240095163251e-01
7.282714843750000000e-01 7.786058819679820830e-01
7.283935546875000000e-01 7.786810818926683808e-01
7.285156250000000000e-01 7.787558237393358285e-01
7.286376953125000000e-01 7.788301074640169297e-01
7.287597656250000000e-01 7.789039330230116409e-01
7.288818359375000000e-01 7.789773003728909240e-01
7.290039062500000000e-01 7.790502094704938596e-01
7.291259765625000000e-01 7.791226602729306450e-01
7.292480468750000000e-01 7.791946527375798182e-01
7.293701171875000000e-01 7.792661868220908117e-01
7.294921875000000000e-01 7.793372624843807328e-01
7.296142578125000000e-01 7.794078796826386935e-01
7.297363281250000000e-01 7.794780383753222575e-01
7.298583984375000000e-01 7.795477385211585508e-01
7.299804687500000000e-01 7.796169800791444837e-01
7.301025390625000000e-01 7.796857630085477497e-01
7.302246093750000000e-01 7.797540872689049385e-01
7.303466796875000000e-01 7.798219528200222017e-01
7.304687500000000000e-01 7.798893596219760305e-01
7.305908203125000000e-01 7.799563076351135882e-01
7.307128906250000000e-01 7.800227968200502682e-01
7.308349609375000000e-01 7.800888271376726912e-01
7.309570312500000000e-01 7.801543985491362632e-01
7.310791015625000000e-01 7.802195110158676172e-01
7.312011718750000000e-01 7.802841644995626158e-01
7.313232421875000000e-01 7.803483589621872385e-01
7.314453125000000000e-01 7.804120943659772491e-01
7.315673828125000000e-01 7.804753706734391949e-01
7.316894531250000000e-01 7.805381878473492963e-01
7.318115234375000000e-01 7.806005458507531136e-01
7.319335937500000000e-01 7.806624446469681011e-01
7.320556640625000000e-01 7.807238841995798317e-01
7.321777343750000000e-01 7.807848644724453280e-01
7.322998046875000000e-01 7.808453854296919516e-01
7.324218750000000000e-01 7.809054470357158495e-01
7.325439453125000000e-01 7.809650492551855061e-01
7.326660156250000000e-01 7.810241920530373028e-01
7.327880859375000000e-01 7.810828753944798475e-01
7.329101562500000000e-01 7.811410992449906443e-01
7.330322265625000000e-01 7.811988635703188688e-01
7.331542968750000000e-01 7.812561683364824816e-01
7.332763671875000000e-01 7.813130135097711149e-01
7.333984375000000000e-01 7.813693990567435188e-01
7.335205078125000000e-01 7.814253249442304483e-01
7.336425781250000000e-01 7.814807911393313322e-01
7.337646484375000000e-01 7.815357976094178261e-01
7.338867187500000000e-01 7.815903443221297042e-01
7.340087890625000000e-01 7.816444312453796339e-01
7.341308593750000000e-01 7.816980583473488453e-01
7.342529296875000000e-01 7.817512255964910173e-01
7.343750000000000000e-01 7.818039329615279476e-01
7.344970703125000000e-01 7.818561804114544378e-01
7.346191406250000000e-01 7.819079679155337415e-01
7.347412109375000000e-01 7.819592954433012277e-01
7.348632812500000000e-01 7.820101629645616059e-01
7.349853515625000000e-01 7.820605704493914789e-01
7.351074218750000000e-01 7.821105178681369008e-01
7.352294921875000000e-01 7.821600051914152640e-01
7.353515625000000000e-01 7.822090323901140785e-01
7.354736328125000000e-01 7.822575994353930806e-01
7.355957031250000000e-01 7.823057062986804588e-01
7.357177734375000000e-01 7.823533529516765173e-01
7.358398437500000000e-01 7.824005393663518992e-01
7.359619140625000000e-01 7.824472655149482536e-01
7.360839843750000000e-01 7.824935313699770134e-01
7.362060546875000000e-01 7.825393369042225045e-01
7.363281250000000000e-01 7.825846820907369494e-01
7.364501953125000000e-01 7.826295669028465740e-01
7.365722656250000000e-01 7.826739913141458338e-01
7.366943359375000000e-01 7.827179552985009670e-01
7.368164062500000000e-01 7.827614588300493281e-01
7.369384765625000000e-01 7.828045018831990554e-01
7.370605468750000000e-01 7.828470844326286260e-01
7.371826171875000000e-01 7.828892064532881889e-01
7.373046875000000000e-01 7.829308679203980104e-01
7.374267578125000000e-01 7.829720688094503611e-01
7.375488281250000000e-01 7.830128090962072962e-01
7.376708984375000000e-01 7.830530887567028753e-01
7.377929687500000000e-01 7.830929077672406091e-01
7.379150390625000000e-01 7.831322661043970124e-01
7.380371093750000000e-01 7.831711637450181618e-01
7.381591796875000000e-01 7.832096006662215837e-01
7.382812500000000000e-01 7.832475768453956988e-01
7.384033203125000000e-01 7.832850922602008215e-01
7.385253906250000000e-01 7.833221468885669392e-01
7.386474609375000000e-01 7.833587407086958221e-01
7.387695312500000000e-01 7.833948736990602457e-01
7.388916015625000000e-01 7.834305458384043241e-01
7.390136718750000000e-01 7.834657571057427328e-01
7.391357421875000000e-01 7.835005074803621516e-01
7.392578125000000000e-01 7.835347969418190450e-01
7.393798828125000000e-01 7.835686254699425479e-01
7.395019531250000000e-01 7.836019930448316906e-01
7.396240234375000000e-01 7.836348996468576189e-01
7.397460937500000000e-01 7.836673452566618181e-01
7.398681640625000000e-01 7.836993298551575560e-01
7.399902343750000000e-01 7.837308534235291058e-01
7.401123046875000000e-01 7.837619159432320792e-01
7.402343750000000000e-01 7.837925173959927605e-01
7.403564453125000000e-01 7.838226577638099934e-01
7.404785156250000000e-01 7.838523370289519621e-01
7.406005859375000000e-01 7.838815551739600762e-01
7.407226562500000000e-01 7.839103121816450859e-01
7.408447265625000000e-01 7.839386080350905228e-01
7.409667968750000000e-01 7.839664427176504802e-01
7.410888671875000000e-01 7.839938162129509447e-01
7.412109375000000000e-01 7.840207285048881314e-01
7.413330078125000000e-01 7.840471795776311481e-01
7.414550781250000000e-01 7.840731694156184428e-01
7.415771484375000000e-01 7.840986980035616893e-01
7.416992187500000000e-01 7.841237653264423457e-01
7.418212890625000000e-01 7.841483713695147628e-01
7.419433593750000000e-01 7.841725161183030757e-01
7.420654296875000000e-01 7.841961995586043122e-01
7.421875000000000000e-01 7.842194216764855064e-01
7.423095703125000000e-01 7.842421824582859191e-01
7.424316406250000000e-01 7.842644818906161497e-01
7.425537109375000000e-01 7.842863199603575808e-01
7.426757812500000000e-01 7.843076966546637108e-01
7.427978515625000000e-01 7.843286119609594875e-01
7.429199218750000000e-01 7.843490658669400872e-01
7.430419921875000000e-01 7.843690583605739119e-01
7.431640625000000000e-01 7.843885894300991479e-01
7.432861328125000000e-01 7.844076590640272073e-01
7.434082031250000000e-01 7.844262672511386203e-01
7.435302734375000000e-01 7.844444139804879201e-01
7.436523437500000000e-01 7.844620992413984251e-01
7.437744140625000000e-01 7.844793230234681225e-01
7.438964843750000000e-01 7.844960853165628967e-01
7.440185546875000000e-01 7.845123861108230789e-01
7.441406250000000000e-01 7.845282253966591179e-01
7.442626953125000000e-01 7.845436031647533559e-01
7.443847656250000000e-01 7.845585194060585854e-01
7.445068359375000000e-01 7.845729741118013800e-01
7.446289062500000000e-01 7.845869672734766542e-01
7.447509765625000000e-01 7.846004988828542137e-01
7.448730468750000000e-01 7.846135689319728712e-01
7.449951171875000000e-01 7.846261774131439992e-01
7.451171875000000000e-01 7.846383243189503087e-01
7.452392578125000000e-01 7.846500096422462933e-01
7.453613281250000000e-01 7.846612333761576741e-01
7.454833984375000000e-01 7.846719955140818437e-01
7.456054687500000000e-01 7.846822960496876442e-01
7.457275390625000000e-01 7.846921349769155896e-01
7.458496093750000000e-01 7.847015122899776429e-01
7.459716796875000000e-01 7.847104279833574392e-01
7.460937500000000000e-01 7.847188820518097296e-01
7.462158203125000000e-01 7.847268744903623805e-01
7.463378906250000000e-01 7.847344052943118209e-01
7.464599609375000000e-01 7.847414744592294822e-01
7.465820312500000000e-01 7.847480819809560249e-01
7.467041015625000000e-01 7.847542278556046691e-01
7.468261718750000000e-01 7.847599120795596406e-01
7.469482421875000000e-01 7.847651346494776137e-01
7.470703125000000000e-01 7.847698955622851580e-01
7.471923828125000000e-01 7.847741948151830682e-01
7.473144531250000000e-01 7.847780324056409240e-01
7.474365234375000000e-01 7.847814083314018641e-01
7.475585937500000000e-01 7.847843225904796993e-01
7.476806640625000000e-01 7.847867751811602455e-01
7.478027343750000000e-01 7.847887661019999905e-01
7.479248046875000000e-01 7.847902953518289815e-01
7.480468750000000000e-01 7.847913629297461613e-01
7.481689453125000000e-01 7.847919688351252532e-01
7.482910156250000000e-01 7.847921130676080992e-01
7.484130859375000000e-01 7.847917956271107665e-01
7.485351562500000000e-01 7.847910165138193284e-01
7.486572265625000000e-01 7.847897757281934172e-01
7.487792968750000000e-01 7.847880732709612284e-01
7.489013671875000000e-01 7.847859091431260703e-01
7.490234375000000000e-01 7.847832833459592594e-01
7.491455078125000000e-01 7.847801958810068923e-01
7.492675781250000000e-01 7.847766467500844056e-01
7.493896484375000000e-01 7.847726359552803510e-01
7.495117187500000000e-01 7.847681634989533972e-01
7.496337890625000000e-01 7.847632293837351058e-01
7.497558593750000000e-01 7.847578336125278220e-01
7.498779296875000000e-01 7.847519761885061174e-01
7.500000000000000000e-01 7.847456571151150140e-01
7.501220703125000000e-01 7.847388763960729818e-01
7.502441406250000000e-01 7.847316340353680530e-01
7.503662109375000000e-01 7.847239300372611526e-01
7.504882812500000000e-01 7.847157644062838777e-01
7.506103515625000000e-01 7.847071371472404966e-01
7.507324218750000000e-01 7.846980482652055056e-01
7.508544921875000000e-01 7.846884977655265159e-01
7.509765625000000000e-01 7.846784856538209230e-01
7.510986328125000000e-01 7.846680119359792371e-01
7.512207031250000000e-01 7.846570766181626411e-01
7.513427734375000000e-01 7.846456797068041000e-01
7.514648437500000000e-01 7.846338212086080288e-01
7.515869140625000000e-01 7.846215011305508469e-01
7.517089843750000000e-01 7.846087194798794240e-01
7.518310546875000000e-01 7.845954762641138558e-01
7.519531250000000000e-01 7.845817714910436891e-01
7.520751953125000000e-01 7.845676051687321406e-01
7.521972656250000000e-01 7.845529773055122114e-01
7.523193359375000000e-01 7.845378879099895730e-01
7.524414062500000000e-01 7.845223369910403477e-01
7.525634765625000000e-01 7.845063245578133282e-01
7.526855468750000000e-01 7.844898506197275356e-01
7.528076171875000000e-01 7.844729151864748840e-01
7.529296875000000000e-01 7.844555182680175154e-01
7.530517578125000000e-01 7.844376598745901319e-01
7.531738281250000000e-01 7.844193400166976637e-01
7.532958984375000000e-01 7.844005587051181561e-01
7.534179687500000000e-01 7.843813159508988830e-01
7.535400390625000000e-01 7.843616117653608999e-01
7.536621093750000000e-01 7.843414461600952681e-01
7.537841796875000000e-01 7.843208191469652757e-01
7.539062500000000000e-01 7.842997307381044392e-01
7.540283203125000000e-01 7.842781809459195008e-01
7.541503906250000000e-01 7.842561697830867651e-01
7.542724609375000000e-01 7.842336972625558733e-01
7.543945312500000000e-01 7.842107633975459180e-01
7.545166015625000000e-01 7.841873682015487734e-01
7.546386718750000000e-01 7.841635116883267642e-01
7.547607421875000000e-01 7.841391938719144417e-01
7.548828125000000000e-01 7.841144147666172515e-01
7.550048828125000000e-01 7.840891743870121999e-01
7.551269531250000000e-01 7.840634727479474098e-01
7.552490234375000000e-01 7.840373098645427863e-01
7.553710937500000000e-01 7.840106857521886852e-01
7.554931640625000000e-01 7.839836004265481328e-01
7.556152343750000000e-01 7.839560539035537179e-01
7.557373046875000000e-01 7.839280461994116989e-01
7.558593750000000000e-01 7.838995773305970083e-01
7.559814453125000000e-01 7.838706473138583597e-01
7.561035156250000000e-01 7.838412561662132516e-01
7.562255859375000000e-01 7.838114039049528525e-01
7.563476562500000000e-01 7.837810905476376711e-01
7.564697265625000000e-01 7.837503161121007755e-01
7.565917968750000000e-01 7.837190806164455736e-01
7.567138671875000000e-01 7.836873840790476997e-01
7.568359375000000000e-01 7.836552265185523503e-01
7.569580078125000000e-01 7.836226079538783917e-01
7.570800781250000000e-01 7.835895284042135867e-01
7.572021484375000000e-01 7.835559878890181462e-01
7.573242187500000000e-01 7.835219864280222879e-01
7.574462890625000000e-01 7.834875240412292330e-01
7.575683593750000000e-01 7.834526007489115429e-01
7.576904296875000000e-01 7.834172165716146718e-01
7.578125000000000000e-01 7.833813715301531921e-01
7.579345703125000000e-01 7.833450656456143468e-01
7.580566406250000000e-01 7.833082989393558293e-01
7.581787109375000000e-01 7.832710714330064494e-01
7.583007812500000000e-01 7.832333831484663555e-01
7.584228515625000000e-01 7.831952341079064794e-01
7.585449218750000000e-01 7.831566243337690914e-01
7.586669921875000000e-01 7.831175538487671339e-01
7.587890625000000000e-01 7.830780226758844442e-01
7.589111328125000000e-01 7.830380308383773080e-01
7.590332031250000000e-01 7.829975783597706851e-01
7.591552734375000000e-01 7.829566652638622060e-01
7.592773437500000000e-01 7.829152915747201735e-01
7.593994140625000000e-01 7.828734573166835631e-01
7.595214843750000000e-01 7.828311625143618002e-01
7.596435546875000000e-01 7.827884071926367593e-01
7.597656250000000000e-01 7.827451913766595437e-01
7.598876953125000000e-01 7.827015150918539277e-01
7.600097656250000000e-01 7.826573783639121373e-01
7.601318359375000000e-01 7.826127812187998467e-01
7.602539062500000000e-01 7.825677236827517369e-01
7.603759765625000000e-01 7.825222057822740496e-01
7.604980468750000000e-01 7.824762275441441428e-01
7.606201171875000000e-01 7.824297889954097140e-01
7.607421875000000000e-01 7.823828901633889110e-01
7.608642578125000000e-01 7.823355310756721082e-01
7.609863281250000000e-01 7.822877117601181318e-01
7.611083984375000000e-01 7.822394322448590342e-01
7.612304687500000000e-01 7.821906925582955417e-01
7.613525390625000000e-01 7.821414927291006070e-01
7.614746093750000000e-01 7.820918327862167452e-01
7.615966796875000000e-01 7.820417127588579209e-01
7.617187500000000000e-01 7.819911326765079940e-01
7.618408203125000000e-01 7.819400925689228288e-01
7.619628906250000000e-01 7.818885924661269637e-01
7.620849609375000000e-01 7.818366323984176081e-01
7.622070312500000000e-01 7.817842123963605339e-01
7.623291015625000000e-01 7.817313324907939620e-01
7.624511718750000000e-01 7.816779927128247873e-01
7.625732421875000000e-01 7.816241930938325755e-01
7.626953125000000000e-01 7.815699336654652329e-01
7.628173828125000000e-01 7.815152144596431150e-01
7.629394531250000000e-01 7.814600355085552508e-01
7.630615234375000000e-01 7.814043968446623412e-01
7.631835937500000000e-01 7.813482985006953152e-01
7.633056640625000000e-01 7.812917405096553303e-01
7.634277343750000000e-01 7.812347229048135500e-01
7.635498046875000000e-01 7.811772457197130315e-01
7.636718750000000000e-01 7.811193089881647289e-01
7.637939453125000000e-01 7.810609127442527111e-01
7.639160156250000000e-01 7.810020570223288328e-01
7.640380859375000000e-01 7.809427418570175083e-01
7.641601562500000000e-01 7.808829672832111601e-01
7.642822265625000000e-01 7.808227333360744371e-01
7.644042968750000000e-01 7.807620400510407732e-01
7.645263671875000000e-01 7.807008874638153850e-01
7.646484375000000000e-01 7.806392756103717190e-01
7.647705078125000000e-01 7.805772045269552262e-01
7.648925781250000000e-01 7.805146742500803647e-01
7.650146484375000000e-01 7.804516848165323761e-01
7.651367187500000000e-01 7.803882362633657310e-01
7.652587890625000000e-01 7.803243286279060165e-01
7.653808593750000000e-01 7.802599619477483817e-01
7.655029296875000000e-01 7.801951362607584262e-01
7.656250000000000000e-01 7.801298516050705345e-01
7.657470703125000000e-01 7.800641080190913179e-01
7.658691406250000000e-01 7.799979055414946183e-01
7.659912109375000000e-01 7.799312442112266153e-01
7.661132812500000000e-01 7.798641240675019404e-01
7.662353515625000000e-01 7.797965451498060085e-01
7.663574218750000000e-01 7.797285074978935748e-01
7.664794921875000000e-01 7.796600111517895115e-01
7.666015625000000000e-01 7.795910561517881421e-01
7.667236328125000000e-01 7.795216425384545733e-01
7.668457031250000000e-01 7.794517703526220309e-01
7.669677734375000000e-01 7.793814396353955232e-01
7.670898437500000000e-01 7.793106504281483993e-01
7.672119140625000000e-01 7.792394027725240147e-01
7.673339843750000000e-01 7.791676967104357310e-01
7.674560546875000000e-01 7.790955322840662500e-01
7.675781250000000000e-01 7.790229095358678357e-01
7.677001953125000000e-01 7.789498285085634244e-01
7.678222656250000000e-01 7.788762892451432940e-01
7.679443359375000000e-01 7.788022917888702823e-01
7.680664062500000000e-01 7.787278361832741247e-01
7.681884765625000000e-01 7.786529224721555620e-01
7.683105468750000000e-01 7.785775506995840090e-01
7.684326171875000000e-01 7.785017209098989976e-01
7.685546875000000000e-01 7.784254331477091782e-01
7.686767578125000000e-01 7.783486874578933179e-01
7.687988281250000000e-01 7.782714838855977479e-01
7.689208984375000000e-01 7.781938224762403600e-01
7.690429687500000000e-01 7.781157032755063874e-01
7.691650390625000000e-01 7.780371263293524020e-01
7.692871093750000000e-01 7.779580916840022065e-01
7.694091796875000000e-01 7.778785993859506087e-01
7.695312500000000000e-01 7.777986494819604246e-01
7.696533203125000000e-01 7.777182420190646983e-01
7.697753906250000000e-01 7.776373770445641487e-01
7.698974609375000000e-01 7.775560546060307221e-01
7.700195312500000000e-01 7.774742747513030405e-01
7.701416015625000000e-01 7.773920375284910644e-01
7.702636718750000000e-01 7.773093429859722070e-01
7.703857421875000000e-01 7.772261911723941097e-01
7.705078125000000000e-01 7.771425821366721998e-01
7.706298828125000000e-01 7.770585159279924659e-01
7.707519531250000000e-01 7.769739925958076832e-01
7.708740234375000000e-01 7.768890121898416323e-01
7.709960937500000000e-01 7.768035747600855467e-01
7.711181640625000000e-01 7.767176803568005550e-01
7.712402343750000000e-01 7.766313290305157935e-01
7.713623046875000000e-01 7.765445208320299608e-01
7.714843750000000000e-01 7.764572558124092083e-01
7.716064453125000000e-01 7.763695340229903596e-01
7.717285156250000000e-01 7.762813555153769141e-01
7.718505859375000000e-01 7.761927203414431542e-01
7.719726562500000000e-01 7.761036285533295942e-01
7.720947265625000000e-01 7.760140802034475316e-01
7.722167968750000000e-01 7.759240753444753835e-01
7.723388671875000000e-01 7.758336140293611294e-01
7.724609375000000000e-01 7.757426963113204232e-01
7.725830078125000000e-01 7.756513222438385924e-01
7.727050781250000000e-01 7.755594918806677507e-01
7.728271484375000000e-01 7.754672052758295742e-01
7.729492187500000000e-01 7.753744624836141908e-01
7.730712890625000000e-01 7.752812635585795142e-01
7.731933593750000000e-01 7.751876085555517992e-01
7.733154296875000000e-01 7.750934975296270846e-01
7.734375000000000000e-01 7.749989305361670855e-01
7.735595703125000000e-01 7.749039076308037455e-01
7.736816406250000000e-01 7.748084288694365718e-01
7.738037109375000000e-01 7.747124943082330795e-01
7.739257812500000000e-01 7.746161040036294576e-01
7.740478515625000000e-01 7.745192580123292370e-01
7.741699218750000000e-01 7.744219563913046223e-01
7.742919921875000000e-01 7.743241991977958261e-01
7.744140625000000000e-01 7.742259864893099586e-01
7.745361328125000000e-01 7.741273183236245803e-01
7.746582031250000000e-01 7.740281947587822620e-01
7.747802734375000000e-01 7.739286158530956916e-01
7.749023437500000000e-01 7.738285816651438997e-01
7.750244140625000000e-01 7.737280922537751460e-01
7.751464843750000000e-01 7.736271476781040324e-01
7.752685546875000000e-01 7.735257479975141681e-01
7.753906250000000000e-01 7.734238932716560599e-01
7.755126953125000000e-01 7.733215835604487776e-01
7.756347656250000000e-01 7.732188189240776222e-01
7.757568359375000000e-01 7.731155994229973460e-01
7.758789062500000000e-01 7.730119251179282669e-01
7.760009765625000000e-01 7.729077960698603755e-01
7.761230468750000000e-01 7.728032123400490061e-01
7.762451171875000000e-01 7.726981739900193880e-01
7.763671875000000000e-01 7.725926810815615386e-01
7.764892578125000000e-01 7.724867336767351489e-01
7.766113281250000000e-01 7.723803318378659188e-01
7.767333984375000000e-01 7.722734756275473345e-01
7.768554687500000000e-01 7.721661651086402234e-01
7.769775390625000000e-01 7.720584003442727550e-01
7.770996093750000000e-01 7.719501813978397742e-01
7.772216796875000000e-01 7.718415083330041337e-01
7.773437500000000000e-01 7.717323812136949179e-01
7.774658203125000000e-01 7.716228001041096629e-01
7.775878906250000000e-01 7.715127650687112482e-01
7.777099609375000000e-01 7.714022761722307830e-01
7.778320312500000000e-01 7.712913334796657194e-01
7.779541015625000000e-01 7.711799370562815170e-01
7.780761718750000000e-01 7.710680869676087568e-01
7.781982421875000000e-01 7.709557832794471377e-01
7.783203125000000000e-01 7.708430260578610360e-01
7.784423828125000000e-01 7.707298153691835019e-01
7.785644531250000000e-01 7.706161512800127067e-01
7.786865234375000000e-01 7.705020338572146077e-01
7.788085937500000000e-01 7.703874631679217266e-01
7.789306640625000000e-01 7.702724392795325947e-01
7.790527343750000000e-01 7.701569622597129738e-01
7.791748046875000000e-01 7.700410321763955235e-01
7.792968750000000000e-01 7.699246490977778024e-01
7.794189453125000000e-01 7.698078130923267093e-01
7.795410156250000000e-01 7.696905242287721549e-01
7.796630859375000000e-01 7.695727825761133900e-01
7.797851562500000000e-01 7.694545882036136764e-01
7.799072265625000000e-01 7.693359411808046167e-01
7.800292968750000000e-01 7.692168415774826018e-01
7.801513671875000000e-01 7.690972894637115864e-01
7.802734375000000000e-01 7.689772849098200913e-01
7.803955078125000000e-01 7.688568279864043120e-01
7.805175781250000000e-01 7.687359187643258984e-01
7.806396484375000000e-01 7.686145573147122878e-01
7.807617187500000000e-01 7.684927437089577040e-01
7.808837890625000000e-01 7.683704780187217143e-01
7.810058593750000000e-01 7.682477603159298951e-01
7.811279296875000000e-01 7.681245906727747208e-01
7.812500000000000000e-01 7.680009691617122325e-01
7.813720703125000000e-01 7.678768958554678115e-01
7.814941406250000000e-01 7.677523708270286296e-01
7.816162109375000000e-01 7.676273941496508657e-01
7.817382812500000000e-01 7.675019658968545988e-01
7.818603515625000000e-01 7.673760861424261392e-01
7.819824218750000000e-01 7.672497549604166966e-01
7.821044921875000000e-01 7.671229724251446003e-01
7.822265625000000000e-01 7.669957386111919684e-01
7.823486328125000000e-01 7.668680535934080389e-01
7.824707031250000000e-01 7.667399174469056167e-01
7.825927734375000000e-01 7.666113302470647373e-01
7.827148437500000000e-01 7.664822920695294473e-01
7.828369140625000000e-01 7.663528029902098027e-01
7.829589843750000000e-01 7.662228630852805367e-01
7.830810546875000000e-01 7.660924724311825029e-01
7.832031250000000000e-01 7.659616311046205661e-01
7.833251953125000000e-01 7.658303391825660444e-01
7.834472656250000000e-01 7.656985967422537120e-01
7.835693359375000000e-01 7.655664038611852407e-01
7.836914062500000000e-01 7.654337606171254249e-01
7.838134765625000000e-01 7.653006670881055129e-01
7.839355468750000000e-01 7.651671233524202087e-01
7.840576171875000000e-01 7.650331294886305589e-01
7.841796875000000000e-01 7.648986855755612879e-01
7.843017578125000000e-01 7.647637916923031298e-01
7.844238281250000000e-01 7.646284479182092753e-01
7.845458984375000000e-01 7.644926543329003676e-01
7.846679687500000000e-01 7.643564110162591740e-01
7.847900390625000000e-01 7.642197180484346930e-01
7.849121093750000000e-01 7.640825755098399341e-01
7.850341796875000000e-01 7.639449834811520290e-01
7.851562500000000000e-01 7.638069420433126755e-01
7.852783203125000000e-01 7.636684512775289146e-01
7.854003906250000000e-01 7.635295112652700222e-01
7.855224609375000000e-01 7.633901220882726157e-01
7.856445312500000000e-01 7.632502838285337710e-01
7.857666015625000000e-01 7.631099965683183495e-01
7.858886718750000000e-01 7.629692603901527814e-01
7.860107421875000000e-01 7.628280753768287292e-01
7.861328125000000000e-01 7.626864416114016443e-01
7.862548828125000000e-01 7.625443591771914331e-01
7.863769531250000000e-01 7.624018281577809031e-01
7.864990234375000000e-01 7.622588486370180938e-01
7.866210937500000000e-01 7.621154206990136126e-01
7.867431640625000000e-01 7.619715444281428551e-01
7.868652343750000000e-01 7.618272199090435626e-01
7.869873046875000000e-01 7.616824472266194856e-01
7.871093750000000000e-01 7.615372264660357216e-01
7.872314453125000000e-01 7.613915577127228218e-01
7.873535156250000000e-01 7.612454410523725734e-01
7.874755859375000000e-01 7.610988765709429948e-01
7.875976562500000000e-01 7.609518643546533401e-01
7.877197265625000000e-01 7.608044044899874292e-01
7.878417968750000000e-01 7.606564970636917611e-01
7.879638671875000000e-01 7.605081421627771787e-01
7.880859375000000000e-01 7.603593398745163157e-01
7.882080078125000000e-01 7.602100902864463716e-01
7.883300781250000000e-01 7.600603934863662259e-01
7.884521484375000000e-01 7.599102495623398790e-01
7.885742187500000000e-01 7.597596586026917898e-01
7.886962890625000000e-01 7.596086206960113163e-01
7.888183593750000000e-01 7.594571359311501624e-01
7.889404296875000000e-01 7.593052043972232656e-01
7.890625000000000000e-01 7.591528261836073543e-01
7.891845703125000000e-01 7.590000013799431677e-01
7.893066406250000000e-01 7.588467300761333467e-01
7.894287109375000000e-01 7.586930123623434330e-01
7.895507812500000000e-01 7.585388483290016470e-01
7.896728515625000000e-01 7.583842380667986660e-01
7.897949218750000000e-01 7.582291816666877349e-01
7.899169921875000000e-01 7.580736792198848883e-01
7.900390625000000000e-01 7.579177308178672856e-01
7.901611328125000000e-01 7.577613365523766520e-01
7.902832031250000000e-01 7.576044965154147270e-01
7.904052734375000000e-01 7.574472107992467063e-01
7.905273437500000000e-01 7.572894794963997978e-01
7.906494140625000000e-01 7.571313026996635553e-01
7.907714843750000000e-01 7.569726805020882132e-01
7.908935546875000000e-01 7.568136129969885717e-01
7.910156250000000000e-01 7.566541002779387792e-01
7.911376953125000000e-01 7.564941424387774394e-01
7.912597656250000000e-01 7.563337395736018376e-01
7.913818359375000000e-01 7.561728917767742697e-01
7.915039062500000000e-01 7.560115991429166016e-01
7.916259765625000000e-01 7.558498617669135999e-01
7.917480468750000000e-01 7.556876797439107118e-01
7.918701171875000000e-01 7.555250531693159521e-01
7.919921875000000000e-01 7.553619821387977940e-01
7.921142578125000000e-01 7.551984667482873892e-01
7.922363281250000000e-01 7.550345070939760150e-01
7.923583984375000000e-01 7.548701032723172943e-01
7.924804687500000000e-01 7.547052553800254193e-01
7.926025390625000000e-01 7.545399635140764838e-01
7.927246093750000000e-01 7.543742277717072620e-01
7.928466796875000000e-01 7.542080482504158745e-01
7.929687500000000000e-01 7.540414250479612335e-01
7.930908203125000000e-01 7.538743582623642636e-01
7.932128906250000000e-01 7.537068479919049047e-01
7.933349609375000000e-01 7.535388943351262192e-01
7.934570312500000000e-01 7.533704973908300628e-01
7.935791015625000000e-01 7.532016572580806368e-01
7.937011718750000000e-01 7.530323740362019347e-01
7.938232421875000000e-01 7.528626478247795184e-01
7.939453125000000000e-01 7.526924787236579650e-01
7.940673828125000000e-01 7.525218668329440863e-01
7.941894531250000000e-01 7.523508122530042641e-01
7.943115234375000000e-01 7.521793150844653386e-01
7.944335937500000000e-01 7.520073754282148304e-01
7.945556640625000000e-01 7.518349933854006073e-01
7.946777343750000000e-01 7.516621690574299963e-01
7.947998046875000000e-01 7.514889025459721150e-01
7.949218750000000000e-01 7.513151939529537637e-01
7.950439453125000000e-01 7.511410433805646436e-01
7.951660156250000000e-01 7.509664509312520275e-01
7.952880859375000000e-01 7.507914167077252010e-01
7.954101562500000000e-01 7.506159408129511323e-01
7.955322265625000000e-01 7.504400233501582473e-01
7.956542968750000000e-01 7.502636644228344309e-01
7.957763671875000000e-01 7.500868641347271382e-01
7.958984375000000000e-01 7.499096225898427281e-01
7.960205078125000000e-01 7.497319398924489064e-01
7.961425781250000000e-01 7.495538161470707283e-01
7.962646484375000000e-01 7.493752514584950397e-01
7.963867187500000000e-01 7.491962459317654810e-01
7.965087890625000000e-01 7.490167996721872612e-01
7.966308593750000000e-01 7.488369127853236051e-01
7.967529296875000000e-01 7.486565853769979739e-01
7.968750000000000000e-01 7.484758175532915114e-01
7.969970703125000000e-01 7.482946094205460419e-01
7.971191406250000000e-01 7.481129610853608503e-01
7.972412109375000000e-01 7.479308726545955688e-01
7.973632812500000000e-01 7.477483442353678456e-01
7.974853515625000000e-01 7.475653759350547878e-01
7.976074218750000000e-01 7.473819678612911854e-01
7.977294921875000000e-01 7.471981201219720647e-01
7.978515625000000000e-01 7.470138328252496907e-01
7.979736328125000000e-01 7.468291060795364533e-01
7.980957031250000000e-01 7.466439399935012045e-01
7.982177734375000000e-01 7.464583346760733651e-01
7.983398437500000000e-01 7.462722902364389288e-01
7.984619140625000000e-01 7.460858067840436814e-01
7.985839843750000000e-01 7.458988844285904252e-01
7.987060546875000000e-01 7.457115232800415328e-01
7.988281250000000000e-01 7.455237234486160602e-01
7.989501953125000000e-01 7.453354850447924118e-01
7.990722656250000000e-01 7.451468081793057863e-01
7.991943359375000000e-01 7.449576929631502864e-01
7.993164062500000000e-01 7.447681395075774757e-01
7.994384765625000000e-01 7.445781479240968226e-01
7.995605468750000000e-01 7.443877183244751450e-01
7.996826171875000000e-01 7.441968508207374988e-01
7.998046875000000000e-01 7.440055455251662897e-01
7.999267578125000000e-01 7.438138025503019390e-01
8.000488281250000000e-01 7.436216220089411078e-01
8.001708984375000000e-01 7.434290040141393607e-01
8.002929687500000000e-01 7.432359486792080583e-01
8.004150390625000000e-01 7.430424561177175757e-01
8.005371093750000000e-01 7.428485264434940838e-01
8.006591796875000000e-01 7.426541597706217690e-01
8.007812500000000000e-01 7.424593562134409463e-01
8.009033203125000000e-01 7.422641158865503908e-01
8.010253906250000000e-01 7.420684389048040064e-01
8.011474609375000000e-01 7.418723253833146014e-01
8.012695312500000000e-01 7.416757754374496692e-01
8.013916015625000000e-01 7.414787891828351629e-01
8.015136718750000000e-01 7.412813667353522762e-01
8.016357421875000000e-01 7.410835082111406624e-01
8.017578125000000000e-01 7.408852137265942162e-01
8.018798828125000000e-01 7.406864833983655139e-01
8.020019531250000000e-01 7.404873173433614841e-01
8.021240234375000000e-01 7.402877156787475155e-01
8.022460937500000000e-01 7.400876785219427934e-01
8.023681640625000000e-01 7.398872059906252963e-01
8.024902343750000000e-01 7.396862982027267996e-01
8.026123046875000000e-01 7.394849552764370948e-01
8.027343750000000000e-01 7.392831773302003251e-01
8.028564453125000000e-01 7.390809644827182057e-01
8.029785156250000000e-01 7.388783168529458045e-01
8.031005859375000000e-01 7.386752345600970937e-01
8.032226562500000000e-01 7.384717177236390651e-01
8.033447265625000000e-01 7.382677664632958381e-01
8.034667968750000000e-01 7.380633808990466616e-01
8.035888671875000000e-01 7.378585611511263576e-01
8.037109375000000000e-01 7.376533073400249885e-01
8.038330078125000000e-01 7.374476195864881900e-01
8.039550781250000000e-01 7.372414980115167271e-01
8.040771484375000000e-01 7.370349427363667161e-01
8.041992187500000000e-01 7.368279538825486252e-01
8.043212890625000000e-01 7.366205315718298285e-01
8.044433593750000000e-01 7.364126759262306088e-01
8.045654296875000000e-01 7.362043870680274882e-01
8.046875000000000000e-01 7.359956651197512301e-01
8.048095703125000000e-01 7.357865102041878380e-01
8.049316406250000000e-01 7.355769224443775567e-01
8.050537109375000000e-01 7.353669019636155380e-01
8.051757812500000000e-01 7.351564488854515078e-01
8.052978515625000000e-01 7.349455633336894333e-01
8.054199218750000000e-01 7.347342454323879668e-01
8.055419921875000000e-01 7.345224953058597794e-01
8.056640625000000000e-01 7.343103130786721167e-01
8.057861328125000000e-01 7.340976988756466870e-01
8.059082031250000000e-01 7.338846528218582188e-01
8.060302734375000000e-01 7.336711750426370138e-01
8.061523437500000000e-01 7.334572656635660604e-01
8.062744140625000000e-01 7.332429248104828101e-01
8.063964843750000000e-01 7.330281526094781785e-01
8.065185546875000000e-01 7.328129491868976553e-01
8.066406250000000000e-01 7.325973146693395277e-01
8.067626953125000000e-01 7.323812491836565464e-01
8.068847656250000000e-01 7.321647528569534824e-01
8.070068359375000000e-01 7.319478258165907913e-01
8.071289062500000000e-01 7.317304681901797281e-01
8.072509765625000000e-01 7.315126801055874539e-01
8.073730468750000000e-01 7.312944616909319295e-01
8.074951171875000000e-01 7.310758130745863559e-01
8.076171875000000000e-01 7.308567343851755105e-01
8.077392578125000000e-01 7.306372257515780788e-01
8.078613281250000000e-01 7.304172873029251001e-01
8.079833984375000000e-01 7.301969191686009664e-01
8.081054687500000000e-01 7.299761214782422014e-01
8.082275390625000000e-01 7.297548943617386819e-01
8.083496093750000000e-01 7.295332379492325270e-01
8.084716796875000000e-01 7.293111523711182098e-01
8.085937500000000000e-01 7.290886377580433342e-01
8.087158203125000000e-01 7.288656942409079686e-01
8.088378906250000000e-01 7.286423219508627591e-01
8.089599609375000000e-01 7.284185210193132587e-01
8.090820312500000000e-01 7.281942915779148207e-01
8.092041015625000000e-01 7.279696337585762622e-01
8.093261718750000000e-01 7.277445476934576440e-01
8.094482421875000000e-01 7.275190335149721577e-01
8.095703125000000000e-01 7.272930913557826837e-01
8.096923828125000000e-01 7.270667213488064551e-01
8.098144531250000000e-01 7.268399236272099495e-01
8.099365234375000000e-01 7.266126983244132198e-01
8.100585937500000000e-01 7.263850455740871181e-01
8.101806640625000000e-01 7.261569655101531851e-01
8.103027343750000000e-01 7.259284582667853147e-01
8.104248046875000000e-01 7.256995239784092000e-01
8.105468750000000000e-01 7.254701627796997787e-01
8.106689453125000000e-01 7.252403748055855637e-01
8.107910156250000000e-01 7.250101601912437577e-01
8.109130859375000000e-01 7.247795190721044722e-01
8.110351562500000000e-01 7.245484515838472861e-01
8.111572265625000000e-01 7.243169578624042426e-01
8.112792968750000000e-01 7.240850380439559641e-01
8.114013671875000000e-01 7.238526922649357598e-01
8.115234375000000000e-01 7.236199206620261837e-01
8.116455078125000000e-01 7.233867233721609225e-01
8.117675781250000000e-01 7.231531005325240180e-01
8.118896484375000000e-01 7.229190522805497565e-01
8.120117187500000000e-01 7.226845787539224464e-01
8.121337890625000000e-01 7.224496800905770844e-01
8.122558593750000000e-01 7.222143564286984674e-01
8.123779296875000000e-01 7.219786079067215256e-01
8.125000000000000000e-01 7.217424346633305454e-01
8.126220703125000000e-01 7.215058368374611675e-01
8.127441406250000000e-01 7.212688145682968344e-01
8.128662109375000000e-01 7.210313679952720101e-01
8.129882812500000000e-01 7.207934972580699595e-01
8.131103515625000000e-01 7.205552024966250801e-01
8.132324218750000000e-01 7.203164838511186829e-01
8.133544921875000000e-01 7.200773414619836554e-01
8.134765625000000000e-01 7.198377754699007980e-01
8.135986328125000000e-01 7.195977860158012662e-01
8.137207031250000000e-01 7.193573732408637955e-01
8.138427734375000000e-01 7.191165372865179206e-01
8.139648437500000000e-01 7.188752782944403119e-01
8.140869140625000000e-01 7.186335964065584392e-01
8.142089843750000000e-01 7.183914917650464638e-01
8.143310546875000000e-01 7.181489645123289023e-01
8.144531250000000000e-01 7.179060147910784062e-01
8.145751953125000000e-01 7.176626427442160949e-01
8.146972656250000000e-01 7.174188485149106675e-01
8.148193359375000000e-01 7.171746322465810675e-01
8.149414062500000000e-01 7.169299940828925966e-01
8.150634765625000000e-01 7.166849341677603569e-01
8.151855468750000000e-01 7.164394526453455869e-01
8.153076171875000000e-01 7.161935496600599915e-01
8.154296875000000000e-01 7.159472253565614119e-01
8.155517578125000000e-01 7.157004798797562684e-01
8.156738281250000000e-01 7.154533133747982276e-01
8.157958984375000000e-01 7.152057259870893136e-01
8.159179687500000000e-01 7.149577178622781304e-01
8.160400390625000000e-01 7.147092891462627495e-01
8.161621093750000000e-01 7.144604399851861576e-01
8.162841796875000000e-01 7.142111705254404752e-01
8.164062500000000000e-01 7.139614809136645146e-01
8.165283203125000000e-01 7.137113712967444457e-01
8.166503906250000000e-01 7.134608418218122416e-01
8.167724609375000000e-01 7.132098926362495650e-01
8.168945312500000000e-01 7.129585238876821052e-01
8.170166015625000000e-01 7.127067357239842416e-01
8.171386718750000000e-01 7.124545282932757129e-01
8.172607421875000000e-01 7.122019017439246147e-01
8.173828125000000000e-01 7.119488562245439578e-01
8.175048828125000000e-01 7.116953918839947768e-01
8.176269531250000000e-01 7.114415088713821333e-01
8.177490234375000000e-01 7.111872073360601121e-01
8.178710937500000000e-01 7.109324874276270467e-01
8.179931640625000000e-01 7.106773492959288507e-01
8.181152343750000000e-01 7.104217930910561307e-01
8.182373046875000000e-01 7.101658189633461848e-01
8.183593750000000000e-01 7.099094270633816706e-01
8.184814453125000000e-01 7.096526175419921589e-01
8.186035156250000000e-01 7.093953905502508039e-01
8.187255859375000000e-01 7.091377462394791165e-01
8.188476562500000000e-01 7.088796847612416352e-01
8.189697265625000000e-01 7.086212062673493683e-01
8.190917968750000000e-01 7.083623109098585724e-01
8.192138671875000000e-01 7.081029988410709741e-01
8.193359375000000000e-01 7.078432702135327714e-01
8.194580078125000000e-01 7.075831251800365207e-01
8.195800781250000000e-01 7.073225638936178061e-01
8.197021484375000000e-01 7.070615865075587925e-01
8.198242187500000000e-01 7.068001931753851164e-01
8.199462890625000000e-01 7.065383840508679958e-01
8.200683593750000000e-01 7.062761592880231198e-01
8.201904296875000000e-01 7.060135190411109818e-01
8.203125000000000000e-01 7.057504634646353248e-01
8.204345703125000000e-01 7.054869927133455842e-01
8.205566406250000000e-01 7.052231069422341125e-01
8.206787109375000000e-01 7.049588063065387322e-01
8.208007812500000000e-01 7.046940909617404047e-01
8.209228515625000000e-01 7.044289610635643406e-01
8.210449218750000000e-01 7.041634167679797773e-01
8.211669921875000000e-01 7.038974582311995354e-01
8.212890625000000000e-01 7.036310856096799071e-01
8.214111328125000000e-01 7.033642990601217670e-01
8.215332031250000000e-01 7.030970987394676852e-01
8.216552734375000000e-01 7.028294848049057020e-01
8.217773437500000000e-01 7.025614574138656643e-01
8.218994140625000000e-01 7.022930167240215571e-01
8.220214843750000000e-01 7.020241628932895050e-01
8.221435546875000000e-01 7.017548960798298818e-01
8.222656250000000000e-01 7.014852164420453118e-01
8.223876953125000000e-01 7.012151241385814471e-01
8.225097656250000000e-01 7.009446193283258575e-01
8.226318359375000000e-01 7.006737021704109170e-01
8.227539062500000000e-01 7.004023728242089186e-01
8.228759765625000000e-01 7.001306314493365157e-01
8.229980468750000000e-01 6.998584782056522791e-01
8.231201171875000000e-01 6.995859132532566971e-01
8.232421875000000000e-01 6.993129367524927309e-01
8.233642578125000000e-01 6.990395488639455923e-01
8.234863281250000000e-01 6.987657497484419666e-01
8.236083984375000000e-01 6.984915395670514560e-01
8.237304687500000000e-01 6.982169184810841367e-01
8.238525390625000000e-01 6.979418866520931131e-01
8.239746093750000000e-01 6.976664442418718526e-01
8.240966796875000000e-01 6.973905914124566285e-01
8.242187500000000000e-01 6.971143283261244106e-01
8.243408203125000000e-01 6.968376551453938639e-01
8.244628906250000000e-01 6.965605720330239059e-01
8.245849609375000000e-01 6.962830791520163709e-01
8.247070312500000000e-01 6.960051766656123462e-01
8.248291015625000000e-01 6.957268647372953918e-01
8.249511718750000000e-01 6.954481435307886539e-01
8.250732421875000000e-01 6.951690132100570851e-01
8.251953125000000000e-01 6.948894739393056685e-01
8.253173828125000000e-01 6.946095258829801944e-01
8.254394531250000000e-01 6.943291692057667053e-01
8.255615234375000000e-01 6.940484040725919401e-01
8.256835937500000000e-01 6.937672306486231122e-01
8.258056640625000000e-01 6.934856490992669098e-01
8.259277343750000000e-01 6.932036595901702736e-01
8.260498046875000000e-01 6.929212622872211735e-01
8.261718750000000000e-01 6.926384573565455005e-01
8.262939453125000000e-01 6.923552449645118401e-01
8.264160156250000000e-01 6.920716252777250332e-01
8.265380859375000000e-01 6.917875984630322828e-01
8.266601562500000000e-01 6.915031646875184901e-01
8.267822265625000000e-01 6.912183241185093641e-01
8.269042968750000000e-01 6.909330769235687564e-01
8.270263671875000000e-01 6.906474232705008820e-01
8.271484375000000000e-01 6.903613633273477657e-01
8.272705078125000000e-01 6.900748972623914623e-01
8.273925781250000000e-01 6.897880252441522808e-01
8.275146484375000000e-01 6.895007474413902271e-01
8.276367187500000000e-01 6.892130640231028949e-01
8.277587890625000000e-01 6.889249751585272419e-01
8.278808593750000000e-01 6.886364810171379247e-01
8.280029296875000000e-01 6.883475817686496301e-01
8.281250000000000000e-01 6.880582775830137443e-01
8.282470703125000000e-01 6.877685686304207957e-01
8.283691406250000000e-01 6.874784550812987893e-01
8.284912109375000000e-01 6.871879371063143171e-01
8.286132812500000000e-01 6.868970148763712258e-01
8.287353515625000000e-01 6.866056885626119488e-01
8.288574218750000000e-01 6.863139583364156193e-01
8.289794921875000000e-01 6.860218243694009566e-01
8.291015625000000000e-01 6.857292868334211589e-01
8.292236328125000000e-01 6.854363459005698989e-01
8.293457031250000000e-01 6.851430017431758834e-01
8.294677734375000000e-01 6.848492545338064064e-01
8.295898437500000000e-01 6.845551044452653500e-01
8.297119140625000000e-01 6.842605516505937402e-01
8.298339843750000000e-01 6.839655963230684144e-01
8.299560546875000000e-01 6.836702386362053518e-01
8.300781250000000000e-01 6.833744787637549001e-01
8.302001953125000000e-01 6.830783168797058824e-01
8.303222656250000000e-01 6.827817531582817123e-01
8.304443359375000000e-01 6.824847877739440571e-01
8.305664062500000000e-01 6.821874209013891743e-01
8.306884765625000000e-01 6.818896527155511311e-01
8.308105468750000000e-01 6.815914833915983628e-01
8.309326171875000000e-01 6.812929131049371145e-01
8.310546875000000000e-01 6.809939420312081104e-01
8.311767578125000000e-01 6.806945703462889963e-01
8.312988281250000000e-01 6.803947982262910088e-01
8.314208984375000000e-01 6.800946258475637496e-01
8.315429687500000000e-01 6.797940533866899671e-01
8.316650390625000000e-01 6.794930810204896643e-01
8.317871093750000000e-01 6.791917089260159912e-01
8.319091796875000000e-01 6.788899372805591304e-01
8.320312500000000000e-01 6.785877662616430772e-01
8.321533203125000000e-01 6.782851960470280828e-01
8.322753906250000000e-01 6.779822268147075448e-01
8.323974609375000000e-01 6.776788587429114497e-01
8.325195312500000000e-01 6.773750920101021533e-01
8.326416015625000000e-01 6.770709267949786003e-01
8.327636718750000000e-01 6.767663632764727710e-01
8.328857421875000000e-01 6.764614016337524571e-01
8.330078125000000000e-01 6.761560420462180421e-01
8.331298828125000000e-01 6.758502846935050545e-01
8.332519531250000000e-01 6.755441297554820590e-01
8.333740234375000000e-01 6.752375774122528762e-01
8.334960937500000000e-01 6.749306278441538076e-01
8.336181640625000000e-01 6.746232812317556338e-01
8.337402343750000000e-01 6.743155377558622821e-01
8.338623046875000000e-01 6.740073975975118259e-01
8.339843750000000000e-01 6.736988609379744863e-01
8.341064453125000000e-01 6.733899279587548525e-01
8.342285156250000000e-01 6.730805988415896612e-01
8.343505859375000000e-01 6.727708737684509055e-01
8.344726562500000000e-01 6.724607529215396173e-01
8.345947265625000000e-01 6.721502364832933063e-01
8.347167968750000000e-01 6.718393246363802973e-01
8.348388671875000000e-01 6.715280175637022841e-01
8.349609375000000000e-01 6.712163154483927752e-01
8.350830078125000000e-01 6.709042184738190917e-01
8.352050781250000000e-01 6.705917268235787043e-01
8.353271484375000000e-01 6.702788406815027855e-01
8.354492187500000000e-01 6.699655602316542113e-01
8.355712890625000000e-01 6.696518856583280055e-01
8.356933593750000000e-01 6.693378171460504511e-01
8.358154296875000000e-01 6.690233548795804230e-01
8.359375000000000000e-01 6.687084990439076115e-01
8.360595703125000000e-01 6.683932498242538545e-01
8.361816406250000000e-01 6.680776074060718051e-01
8.363037109375000000e-01 6.677615719750460421e-01
8.364257812500000000e-01 6.674451437170922929e-01
8.365478515625000000e-01 6.671283228183564340e-01
8.366699218750000000e-01 6.668111094652164894e-01
8.367919921875000000e-01 6.664935038442811877e-01
8.369140625000000000e-01 6.661755061423887403e-01
8.370361328125000000e-01 6.658571165466105057e-01
8.371582031250000000e-01 6.655383352442456601e-01
8.372802734375000000e-01 6.652191624228253053e-01
8.374023437500000000e-01 6.648995982701106922e-01
8.375244140625000000e-01 6.645796429740934430e-01
8.376464843750000000e-01 6.642592967229941081e-01
8.377685546875000000e-01 6.639385597052654964e-01
8.378906250000000000e-01 6.636174321095877904e-01
8.380126953125000000e-01 6.632959141248730983e-01
8.381347656250000000e-01 6.629740059402605690e-01
8.382568359375000000e-01 6.626517077451223869e-01
8.383789062500000000e-01 6.623290197290572223e-01
8.385009765625000000e-01 6.620059420818942275e-01
8.386230468750000000e-01 6.616824749936912609e-01
8.387451171875000000e-01 6.613586186547365520e-01
8.388671875000000000e-01 6.610343732555459262e-01
8.389892578125000000e-01 6.607097389868649140e-01
8.391113281250000000e-01 6.603847160396673077e-01
8.392333984375000000e-01 6.600593046051554946e-01
8.393554687500000000e-01 6.597335048747605679e-01
8.394775390625000000e-01 6.594073170401428818e-01
8.395996093750000000e-01 6.590807412931890541e-01
8.397216796875000000e-01 6.587537778260168508e-01
8.398437500000000000e-01 6.584264268309691914e-01
8.399658203125000000e-01 6.580986885006188114e-01
8.400878906250000000e-01 6.577705630277650428e-01
8.402099609375000000e-01 6.574420506054365898e-01
8.403320312500000000e-01 6.571131514268881979e-01
8.404541015625000000e-01 6.567838656856033186e-01
8.405761718750000000e-01 6.564541935752915558e-01
8.406982421875000000e-01 6.561241352898909973e-01
8.408203125000000000e-01 6.557936910235663275e-01
8.409423828125000000e-01 6.554628609707096043e-01
8.410644531250000000e-01 6.551316453259391492e-01
8.411865234375000000e-01 6.548000442841008795e-01
8.413085937500000000e-01 6.544680580402670866e-01
8.414306640625000000e-01 6.541356867897366589e-01
8.415527343750000000e-01 6.538029307280349700e-01
8.416748046875000000e-01 6.534697900509143231e-01
8.417968750000000000e-01 6.531362649543525078e-01
8.419189453125000000e-01 6.528023556345536882e-01
8.420410156250000000e-01 6.524680622879477365e-01
8.421630859375000000e-01 6.521333851111918989e-01
8.422851562500000000e-01 6.517983243011670202e-01
8.424072265625000000e-01 6.514628800549814303e-01
8.425292968750000000e-01 6.511270525699677236e-01
8.426513671875000000e-01 6.507908420436852026e-01
8.427734375000000000e-01 6.504542486739173235e-01
8.428955078125000000e-01 6.501172726586735839e-01
8.430175781250000000e-01 6.497799141961884128e-01
8.431396484375000000e-01 6.494421734849209482e-01
8.432617187500000000e-01 6.491040507235551482e-01
8.433837890625000000e-01 6.487655461110002353e-01
8.435058593750000000e-01 6.484266598463893638e-01
8.436279296875000000e-01 6.480873921290811746e-01
8.437500000000000000e-01 6.477477431586575740e-01
8.438720703125000000e-01 6.474077131349259551e-01
8.439941406250000000e-01 6.470673022579160882e-01
8.441162109375000000e-01 6.467265107278842295e-01
8.442382812500000000e-01 6.463853387453083466e-01
8.443603515625000000e-01 6.460437865108917821e-01
8.444824218750000000e-01 6.457018542255602567e-01
8.446044921875000000e-01 6.453595420904643110e-01
8.447265625000000000e-01 6.450168503069766412e-01
8.448486328125000000e-01 6.446737790766948750e-01
8.449707031250000000e-01 6.443303286014382403e-01
8.450927734375000000e-01 6.439864990832501190e-01
8.452148437500000000e-01 6.436422907243966041e-01
8.453369140625000000e-01 6.432977037273667209e-01
8.454589843750000000e-01 6.429527382948716507e-01
8.455810546875000000e-01 6.426073946298460626e-01
8.457031250000000000e-01 6.422616729354464482e-01
8.458251953125000000e-01 6.419155734150526760e-01
8.459472656250000000e-01 6.415690962722652158e-01
8.460693359375000000e-01 6.412222417109083583e-01
8.461914062500000000e-01 6.408750099350269958e-01
8.463134765625000000e-01 6.405274011488893970e-01
8.464355468750000000e-01 6.401794155569843214e-01
8.465576171875000000e-01 6.398310533640233499e-01
8.466796875000000000e-01 6.394823147749382208e-01
8.468017578125000000e-01 6.391331999948836051e-01
8.469238281250000000e-01 6.387837092292338870e-01
8.470458984375000000e-01 6.384338426835861613e-01
8.471679687500000000e-01 6.380836005637575692e-01
8.472900390625000000e-01 6.377329830757867413e-01
8.474121093750000000e-01 6.373819904259326874e-01
8.475341796875000000e-01 6.370306228206752408e-01
8.476562500000000000e-01 6.366788804667153912e-01
8.477783203125000000e-01 6.363267635709739523e-01
8.479003906250000000e-01 6.359742723405918952e-01
8.480224609375000000e-01 6.356214069829314584e-01
8.481445312500000000e-01 6.352681677055731502e-01
8.482666015625000000e-01 6.349145547163191905e-01
8.483886718750000000e-01 6.345605682231907352e-01
8.485107421875000000e-01 6.342062084344296524e-01
8.486328125000000000e-01 6.338514755584955251e-01
8.487548828125000000e-01 6.334963698040698699e-01
8.488769531250000000e-01 6.331408913800505855e-01
8.489990234375000000e-01 6.327850404955581709e-01
8.491210937500000000e-01 6.324288173599293961e-01
8.492431640625000000e-01 6.320722221827218545e-01
8.493652343750000000e-01 6.317152551737106325e-01
8.494873046875000000e-01 6.313579165428909734e-01
8.496093750000000000e-01 6.310002065004750582e-01
8.497314453125000000e-01 6.306421252568955582e-01
8.498535156250000000e-01 6.302836730228016382e-01
8.499755859375000000e-01 6.299248500090620650e-01
8.500976562500000000e-01 6.295656564267625432e-01
8.502197265625000000e-01 6.292060924872079353e-01
8.503417968750000000e-01 6.288461584019201522e-01
8.504638671875000000e-01 6.284858543826392641e-01
8.505859375000000000e-01 6.281251806413228334e-01
8.507080078125000000e-01 6.277641373901460264e-01
8.508300781250000000e-01 6.274027248415010583e-01
8.509521484375000000e-01 6.270409432079978584e-01
8.510742187500000000e-01 6.266787927024630722e-01
8.511962890625000000e-01 6.263162735379406154e-01
8.513183593750000000e-01 6.259533859276906753e-01
8.514404296875000000e-01 6.255901300851920421e-01
8.515625000000000000e-01 6.252265062241370019e-01
8.516845703125000000e-01 6.248625145584374430e-01
8.518066406250000000e-01 6.244981553022194154e-01
8.519287109375000000e-01 6.241334286698271283e-01
8.520507812500000000e-01 6.237683348758186197e-01
8.521728515625000000e-01 6.234028741349698644e-01
8.522949218750000000e-01 6.230370466622718872e-01
8.524169921875000000e-01 6.226708526729315407e-01
8.525390625000000000e-01 6.223042923823715045e-01
8.526611328125000000e-01 6.219373660062295084e-01
8.527832031250000000e-01 6.215700737603587767e-01
8.529052734375000000e-01 6.212024158608282498e-01
8.530273437500000000e-01 6.208343925239210304e-01
8.531494140625000000e-01 6.204660039661369364e-01
8.532714843750000000e-01 6.200972504041878386e-01
8.533935546875000000e-01 6.197281320550033223e-01
8.535156250000000000e-01 6.193586491357252477e-01
8.536376953125000000e-01 6.189888018637116351e-01
8.537597656250000000e-01 6.186185904565335569e-01
8.538818359375000000e-01 6.182480151319775796e-01
8.540039062500000000e-01 6.178770761080426555e-01
8.541259765625000000e-01 6.175057736029430089e-01
8.542480468750000000e-01 6.171341078351065823e-01
8.543701171875000000e-01 6.167620790231747030e-01
8.544921875000000000e-01 6.163896873860021941e-01
8.546142578125000000e-01 6.160169331426578188e-01
8.547363281250000000e-01 6.156438165124227258e-01
8.548583984375000000e-01 6.152703377147921149e-01
8.549804687500000000e-01 6.148964969694739047e-01
8.551025390625000000e-01 6.145222944963890654e-01
8.552246093750000000e-01 6.141477305156711752e-01
8.553466796875000000e-01 6.137728052476665308e-01
8.554687500000000000e-01 6.133975189129338146e-01
8.555908203125000000e-01 6.130218717322450939e-01
8.557128906250000000e-01 6.126458639265828232e-01
8.558349609375000000e-01 6.122694957171439523e-01
8.559570312500000000e-01 6.118927673253351518e-01
8.560791015625000000e-01 6.115156789727765885e-01
8.562011718750000000e-01 6.111382308812990383e-01
8.563232421875000000e-01 6.107604232729463289e-01
8.564453125000000000e-01 6.103822563699723425e-01
8.565673828125000000e-01 6.100037303948433465e-01
8.566894531250000000e-01 6.096248455702357738e-01
8.568115234375000000e-01 6.092456021190384430e-01
8.569335937500000000e-01 6.088660002643498936e-01
8.570556640625000000e-01 6.084860402294809401e-01
8.571777343750000000e-01 6.081057222379511185e-01
8.572998046875000000e-01 6.077250465134932389e-01
8.574218750000000000e-01 6.073440132800477231e-01
8.575439453125000000e-01 6.069626227617670455e-01
8.576660156250000000e-01 6.065808751830136236e-01
8.577880859375000000e-01 6.061987707683595961e-01
8.579101562500000000e-01 6.058163097425871557e-01
8.580322265625000000e-01 6.054334923306881056e-01
8.581542968750000000e-01 6.050503187578640807e-01
8.582763671875000000e-01 6.046667892495264374e-01
8.583984375000000000e-01 6.042829040312954758e-01
8.585205078125000000e-01 6.038986633290011063e-01
8.586425781250000000e-01 6.035140673686824053e-01
8.587646484375000000e-01 6.031291163765869490e-01
8.588867187500000000e-01 6.027438105791712575e-01
8.590087890625000000e-01 6.023581502031014612e-01
8.591308593750000000e-01 6.019721354752509690e-01
8.592529296875000000e-01 6.015857666227034661e-01
8.593750000000000000e-01 6.011990438727482511e-01
8.594970703125000000e-01 6.008119674528855647e-01
8.596191406250000000e-01 6.004245375908215943e-01
8.597412109375000000e-01 6.000367545144720260e-01
8.598632812500000000e-01 5.996486184519592699e-01
8.599853515625000000e-01 5.992601296316141246e-01
8.601074218750000000e-01 5.988712882819740013e-01
8.602294921875000000e-01 5.984820946317847001e-01
8.603515625000000000e-01 5.980925489099985226e-01
8.604736328125000000e-01 5.977026513457756041e-01
8.605957031250000000e-01 5.973124021684821372e-01
8.607177734375000000e-01 5.969218016076922595e-01
8.608398437500000000e-01 5.965308498931854997e-01
8.609619140625000000e-01 5.961395472549493313e-01
8.610839843750000000e-01 5.957478939231759529e-01
8.612060546875000000e-01 5.953558901282665072e-01
8.613281250000000000e-01 5.949635361008256407e-01
8.614501953125000000e-01 5.945708320716655004e-01
8.615722656250000000e-01 5.941777782718034029e-01
8.616943359375000000e-01 5.937843749324632769e-01
8.618164062500000000e-01 5.933906222850736656e-01
8.619384765625000000e-01 5.929965205612697243e-01
8.620605468750000000e-01 5.926020699928903346e-01
8.621826171875000000e-01 5.922072708119815454e-01
8.623046875000000000e-01 5.918121232507932428e-01
8.624267578125000000e-01 5.914166275417807039e-01
8.625488281250000000e-01 5.910207839176033762e-01
8.626708984375000000e-01 5.906245926111266531e-01
8.627929687500000000e-01 5.902280538554186551e-01
8.629150390625000000e-01 5.898311678837535599e-01
8.630371093750000000e-01 5.894339349296091601e-01
8.631591796875000000e-01 5.890363552266673075e-01
8.632812500000000000e-01 5.886384290088141347e-01
8.634033203125000000e-01 5.882401565101388341e-01
8.635253906250000000e-01 5.878415379649351014e-01
8.636474609375000000e-01 5.874425736077001359e-01
8.637695312500000000e-01 5.870432636731340859e-01
8.638916015625000000e-01 5.866436083961410475e-01
8.640136718750000000e-01 5.862436080118273996e-01
8.641357421875000000e-01 5.858432627555039129e-01
8.642578125000000000e-01 5.854425728626824199e-01
8.643798828125000000e-01 5.850415385690791448e-01
8.645019531250000000e-01 5.846401601106117063e-01
8.646240234375000000e-01 5.842384377234017823e-01
8.647460937500000000e-01 5.838363716437704465e-01
8.648681640625000000e-01 5.834339621082444971e-01
8.649902343750000000e-01 5.830312093535500173e-01
8.651123046875000000e-01 5.826281136166171493e-01
8.652343750000000000e-01 5.822246751345757643e-01
8.653564453125000000e-01 5.818208941447590155e-01
8.654785156250000000e-01 5.814167708847002292e-01
8.656005859375000000e-01 5.810123055921354585e-01
8.657226562500000000e-01 5.806074985050002635e-01
8.658447265625000000e-01 5.802023498614329311e-01
8.659667968750000000e-01 5.797968598997716994e-01
8.660888671875000000e-01 5.793910288585559787e-01
8.662109375000000000e-01 5.789848569765254638e-01
8.663330078125000000e-01 5.785783444926211327e-01
8.664550781250000000e-01 5.781714916459830267e-01
8.665771484375000000e-01 5.777642986759532473e-01
8.666992187500000000e-01 5.773567658220718490e-01
8.668212890625000000e-01 5.769488933240807249e-01
8.669433593750000000e-01 5.765406814219200538e-01
8.670654296875000000e-01 5.761321303557309648e-01
8.671875000000000000e-01 5.757232403658533171e-01
8.673095703125000000e-01 5.753140116928265879e-01
8.674316406250000000e-01 5.749044445773895395e-01
8.675537109375000000e-01 5.744945392604794421e-01
8.676757812500000000e-01 5.740842959832338499e-01
8.677978515625000000e-01 5.736737149869876040e-01
8.679199218750000000e-01 5.732627965132750525e-01
8.680419921875000000e-01 5.728515408038296064e-01
8.681640625000000000e-01 5.724399481005815193e-01
8.682861328125000000e-01 5.720280186456608851e-01
8.684082031250000000e-01 5.716157526813945289e-01
8.685302734375000000e-01 5.712031504503082280e-01
8.686523437500000000e-01 5.707902121951253793e-01
8.687744140625000000e-01 5.703769381587671106e-01
8.688964843750000000e-01 5.699633285843510588e-01
8.690185546875000000e-01 5.695493837151937022e-01
8.691406250000000000e-01 5.691351037948076952e-01
8.692626953125000000e-01 5.687204890669044222e-01
8.693847656250000000e-01 5.683055397753896676e-01
8.695068359375000000e-01 5.678902561643682789e-01
8.696289062500000000e-01 5.674746384781400588e-01
8.697509765625000000e-01 5.670586869612028735e-01
8.698730468750000000e-01 5.666424018582499889e-01
8.699951171875000000e-01 5.662257834141717350e-01
8.701171875000000000e-01 5.658088318740532863e-01
8.702392578125000000e-01 5.653915474831769927e-01
8.703613281250000000e-01 5.649739304870201595e-01
8.704833984375000000e-01 5.645559811312560461e-01
8.706054687500000000e-01 5.641376996617537554e-01
8.707275390625000000e-01 5.637190863245779004e-01
8.708496093750000000e-01 5.633001413659870504e-01
8.709716796875000000e-01 5.628808650324360618e-01
8.710937500000000000e-01 5.624612575705745243e-01
8.712158203125000000e-01 5.620413192272470937e-01
8.713378906250000000e-01 5.616210502494919377e-01
8.714599609375000000e-01 5.612004508845427342e-01
8.715820312500000000e-01 5.607795213798275613e-01
8.717041015625000000e-01 5.603582619829677869e-01
8.718261718750000000e-01 5.599366729417795119e-01
8.719482421875000000e-01 5.595147545042737924e-01
8.720703125000000000e-01 5.590925069186533092e-01
8.721923828125000000e-01 5.586699304333156979e-01
8.723144531250000000e-01 5.582470252968516622e-01
8.724365234375000000e-01 5.578237917580454175e-01
8.725585937500000000e-01 5.574002300658749132e-01
8.726806640625000000e-01 5.569763404695100562e-01
8.728027343750000000e-01 5.565521232183139322e-01
8.729248046875000000e-01 5.561275785618433609e-01
8.730468750000000000e-01 5.557027067498461204e-01
8.731689453125000000e-01 5.552775080322647216e-01
8.732910156250000000e-01 5.548519826592309689e-01
8.734130859375000000e-01 5.544261308810721767e-01
8.735351562500000000e-01 5.539999529483041751e-01
8.736572265625000000e-01 5.535734491116376388e-01
8.737792968750000000e-01 5.531466196219734233e-01
8.739013671875000000e-01 5.527194647304046748e-01
8.740234375000000000e-01 5.522919846882151651e-01
8.741455078125000000e-01 5.518641797468807342e-01
8.742675781250000000e-01 5.514360501580675145e-01
8.743896484375000000e-01 5.510075961736334849e-01
8.745117187500000000e-01 5.505788180456269165e-01
8.746337890625000000e-01 5.501497160262873720e-01
8.747558593750000000e-01 5.497202903680440400e-01
8.748779296875000000e-01 5.492905413235170675e-01
8.750000000000000000e-01 5.488604691455166718e-01
8.751220703125000000e-01 5.484300740870435842e-01
8.752441406250000000e-01 5.479993564012877183e-01
8.753662109375000000e-01 5.475683163416298349e-01
8.754882812500000000e-01 5.471369541616388776e-01
8.756103515625000000e-01 5.467052701150745264e-01
8.757324218750000000e-01 5.462732644558851991e-01
8.758544921875000000e-01 5.458409374382089396e-01
8.759765625000000000e-01 5.454082893163720858e-01
8.760986328125000000e-01 5.449753203448917116e-01
8.762207031250000000e-01 5.445420307784705205e-01
8.763427734375000000e-01 5.441084208720028403e-01
8.764648437500000000e-01 5.436744908805694054e-01
8.765869140625000000e-01 5.432402410594406872e-01
8.767089843750000000e-01 5.428056716640746737e-01
8.768310546875000000e-01 5.423707829501168698e-01
8.769531250000000000e-01 5.419355751734011850e-01
8.770751953125000000e-01 5.415000485899494898e-01
8.771972656250000000e-01 5.410642034559705049e-01
8.773193359375000000e-01 5.406280400278611342e-01
8.774414062500000000e-01 5.401915585622046878e-01
8.775634765625000000e-01 5.397547593157721035e-01
8.776855468750000000e-01 5.393176425455208367e-01
8.778076171875000000e-01 5.388802085085956373e-01
8.779296875000000000e-01 5.384424574623279947e-01
8.780517578125000000e-01 5.380043896642354717e-01
8.781738281250000000e-01 5.375660053720214826e-01
8.782958984375000000e-01 5.371273048435769581e-01
8.784179687500000000e-01 5.366882883369773483e-01
8.785400390625000000e-01 5.362489561104856195e-01
8.786621093750000000e-01 5.358093084225485914e-01
8.787841796875000000e-01 5.353693455318008221e-01
8.789062500000000000e-01 5.349290676970602787e-01
8.790283203125000000e-01 5.344884751773316678e-01
8.791503906250000000e-01 5.340475682318032158e-01
8.792724609375000000e-01 5.336063471198505548e-01
8.793945312500000000e-01 5.331648121010318375e-01
8.795166015625000000e-01 5.327229634350907350e-01
8.796386718750000000e-01 5.322808013819553263e-01
8.797607421875000000e-01 5.318383262017386537e-01
8.798828125000000000e-01 5.313955381547367240e-01
8.800048828125000000e-01 5.309524375014313957e-01
8.801269531250000000e-01 5.305090245024867146e-01
8.802490234375000000e-01 5.300652994187510236e-01
8.803710937500000000e-01 5.296212625112562966e-01
8.804931640625000000e-01 5.291769140412184713e-01
8.806152343750000000e-01 5.287322542700357841e-01
8.807373046875000000e-01 5.282872834592911016e-01
8.808593750000000000e-01 5.278420018707480343e-01
8.809814453125000000e-01 5.273964097663550454e-01
8.811035156250000000e-01 5.269505074082416751e-01
8.812255859375000000e-01 5.265042950587222048e-01
8.813476562500000000e-01 5.260577729802908831e-01
8.814697265625000000e-01 5.256109414356252563e-01
8.815917968750000000e-01 5.251638006875842812e-01
8.817138671875000000e-01 5.247163509992103236e-01
8.818359375000000000e-01 5.242685926337259383e-01
8.819580078125000000e-01 5.238205258545363119e-01
8.820800781250000000e-01 5.233721509252274862e-01
8.822021484375000000e-01 5.229234681095662474e-01
8.823242187500000000e-01 5.224744776715013472e-01
8.824462890625000000e-01 5.220251798751627259e-01
8.825683593750000000e-01 5.215755749848604017e-01
8.826904296875000000e-01 5.211256632650854703e-01
8.828125000000000000e-01 5.206754449805094387e-01
8.829345703125000000e-01 5.202249203959840029e-01
8.830566406250000000e-01 5.197740897765411594e-01
8.831787109375000000e-01 5.193229533873929826e-01
8.833007812500000000e-01 5.188715114939314033e-01
8.834228515625000000e-01 5.184197643617282081e-01
8.835449218750000000e-01 5.179677122565342628e-01
8.836669921875000000e-01 5.175153554442802895e-01
8.837890625000000000e-01 5.170626941910759777e-01
8.839111328125000000e-01 5.166097287632110957e-01
8.840332031250000000e-01 5.161564594271521589e-01
8.841552734375000000e-01 5.157028864495475373e-01
8.842773437500000000e-01 5.152490100972211273e-01
8.843994140625000000e-01 5.147948306371773475e-01
8.845214843750000000e-01 5.143403483365976969e-01
8.846435546875000000e-01 5.138855634628429758e-01
8.847656250000000000e-01 5.134304762834515090e-01
8.848876953125000000e-01 5.129750870661391460e-01
8.850097656250000000e-01 5.125193960787991498e-01
8.851318359375000000e-01 5.120634035895037517e-01
8.852539062500000000e-01 5.116071098665003758e-01
8.853759765625000000e-01 5.111505151782159695e-01
8.854980468750000000e-01 5.106936197932530064e-01
8.856201171875000000e-01 5.102364239803911516e-01
8.857421875000000000e-01 5.097789280085869290e-01
8.858642578125000000e-01 5.093211321469738317e-01
8.859863281250000000e-01 5.088630366648606573e-01
8.861083984375000000e-01 5.084046418317340610e-01
8.862304687500000000e-01 5.079459479172550029e-01
8.863525390625000000e-01 5.074869551912620791e-01
8.864746093750000000e-01 5.070276639237678573e-01
8.865966796875000000e-01 5.065680743849629852e-01
8.867187500000000000e-01 5.061081868452108612e-01
8.868408203125000000e-01 5.056480015750526302e-01
8.869628906250000000e-01 5.051875188452021881e-01
8.870849609375000000e-01 5.047267389265506221e-01
8.872070312500000000e-01 5.042656620901626585e-01
8.873291015625000000e-01 5.038042886072775506e-01
8.874511718750000000e-01 5.033426187493097448e-01
8.875732421875000000e-01 5.028806527878477706e-01
8.876953125000000000e-01 5.024183909946540183e-01
8.878173828125000000e-01 5.019558336416656275e-01
8.879394531250000000e-01 5.014929810009927102e-01
8.880615234375000000e-01 5.010298333449195729e-01
8.881835937500000000e-01 5.005663909459048266e-01
8.883056640625000000e-01 5.001026540765787232e-01
8.884277343750000000e-01 4.996386230097457082e-01
8.885498046875000000e-01 4.991742980183842548e-01
8.886718750000000000e-01 4.987096793756436441e-01
8.887939453125000000e-01 4.982447673548484612e-01
8.889160156250000000e-01 4.977795622294930444e-01
8.890380859375000000e-01 4.973140642732465921e-01
8.891601562500000000e-01 4.968482737599488330e-01
8.892822265625000000e-01 4.963821909636126906e-01
8.894042968750000000e-01 4.959158161584223956e-01
8.895263671875000000e-01 4.954491496187349298e-01
8.896484375000000000e-01 4.949821916190773052e-01
8.897705078125000000e-01 4.945149424341496180e-01
8.898925781250000000e-01 4.940474023388219948e-01
8.900146484375000000e-01 4.935795716081364248e-01
8.901367187500000000e-01 4.931114505173057605e-01
8.902587890625000000e-01 4.926430393417134956e-01
8.903808593750000000e-01 4.921743383569134878e-01
8.905029296875000000e-01 4.917053478386312348e-01
8.906250000000000000e-01 4.912360680627609888e-01
8.907470703125000000e-01 4.907664993053689195e-01
8.908691406250000000e-01 4.902966418426893402e-01
8.909912109375000000e-01 4.898264959511275385e-01
8.911132812500000000e-01 4.893560619072581108e-01
8.912353515625000000e-01 4.888853399878258510e-01
8.913574218750000000e-01 4.884143304697435850e-01
8.914794921875000000e-01 4.879430336300946691e-01
8.916015625000000000e-01 4.874714497461305474e-01
8.917236328125000000e-01 4.869995790952719728e-01
8.918457031250000000e-01 4.865274219551081747e-01
8.919677734375000000e-01 4.860549786033972475e-01
8.920898437500000000e-01 4.855822493180650956e-01
8.922119140625000000e-01 4.851092343772070992e-01
8.923339843750000000e-01 4.846359340590843945e-01
8.924560546875000000e-01 4.841623486421282041e-01
8.925781250000000000e-01 4.836884784049365060e-01
8.927001953125000000e-01 4.832143236262749775e-01
8.928222656250000000e-01 4.827398845850768283e-01
8.929443359375000000e-01 4.822651615604419129e-01
8.930664062500000000e-01 4.817901548316376736e-01
8.931884765625000000e-01 4.813148646780984752e-01
8.933105468750000000e-01 4.808392913794248824e-01
8.934326171875000000e-01 4.803634352153850484e-01
8.935546875000000000e-01 4.798872964659127716e-01
8.936767578125000000e-01 4.794108754111078841e-01
8.937988281250000000e-01 4.789341723312365851e-01
8.939208984375000000e-01 4.784571875067311630e-01
8.940429687500000000e-01 4.779799212181892742e-01
8.941650390625000000e-01 4.775023737463753859e-01
8.942871093750000000e-01 4.770245453722168349e-01
8.944091796875000000e-01 4.765464363768087686e-01
8.945312500000000000e-01 4.760680470414099252e-01
8.946533203125000000e-01 4.755893776474450219e-01
8.947753906250000000e-01 4.751104284765024222e-01
8.948974609375000000e-01 4.746311998103358576e-01
8.950195312500000000e-01 4.741516919308628175e-01
8.951416015625000000e-01 4.736719051201657704e-01
8.952636718750000000e-01 4.731918396604904986e-01
8.953857421875000000e-01 4.727114958342479301e-01
8.955078125000000000e-01 4.722308739240115294e-01
8.956298828125000000e-01 4.717499742125186302e-01
8.957519531250000000e-01 4.712687969826701018e-01
8.958740234375000000e-01 4.707873425175304605e-01
8.959960937500000000e-01 4.703056111003264261e-01
8.961181640625000000e-01 4.698236030144488096e-01
8.962402343750000000e-01 4.693413185434504031e-01
8.963623046875000000e-01 4.688587579710466469e-01
8.964843750000000000e-01 4.683759215811150733e-01
8.966064453125000000e-01 4.678928096576966400e-01
8.967285156250000000e-01 4.674094224849927870e-01
8.968505859375000000e-01 4.669257603473692675e-01
8.969726562500000000e-01 4.664418235293503190e-01
8.970947265625000000e-01 4.659576123156242144e-01
8.972167968750000000e-01 4.654731269910397651e-01
8.973388671875000000e-01 4.649883678406076526e-01
8.974609375000000000e-01 4.645033351494985419e-01
8.975830078125000000e-01 4.640180292030457454e-01
8.977050781250000000e-01 4.635324502867408381e-01
8.978271484375000000e-01 4.630465986862384309e-01
8.979492187500000000e-01 4.625604746873517858e-01
8.980712890625000000e-01 4.620740785760557023e-01
8.981933593750000000e-01 4.615874106384844633e-01
8.983154296875000000e-01 4.611004711609318907e-01
8.984375000000000000e-01 4.606132604298521782e-01
8.985595703125000000e-01 4.601257787318587811e-01
8.986816406250000000e-01 4.596380263537244715e-01
8.988037109375000000e-01 4.591500035823818382e-01
8.989257812500000000e-01 4.586617107049220654e-01
8.990478515625000000e-01 4.581731480085945996e-01
8.991699218750000000e-01 4.576843157808087037e-01
8.992919921875000000e-01 4.571952143091320142e-01
8.994140625000000000e-01 4.567058438812899301e-01
8.995361328125000000e-01 4.562162047851672786e-01
8.996582031250000000e-01 4.557262973088048175e-01
8.997802734375000000e-01 4.552361217404034543e-01
8.999023437500000000e-01 4.547456783683202497e-01
9.000244140625000000e-01 4.542549674810713589e-01
9.001464843750000000e-01 4.537639893673279801e-01
9.002685546875000000e-01 4.532727443159213498e-01
9.003906250000000000e-01 4.527812326158370260e-01
9.005126953125000000e-01 4.522894545562196611e-01
9.006347656250000000e-01 4.517974104263685065e-01
9.007568359375000000e-01 4.513051005157416307e-01
9.008789062500000000e-01 4.508125251139518674e-01
9.010009765625000000e-01 4.503196845107683144e-01
9.011230468750000000e-01 4.498265789961164440e-01
9.012451171875000000e-01 4.493332088600778262e-01
9.013671875000000000e-01 4.488395743928890735e-01
9.014892578125000000e-01 4.483456758849427848e-01
9.016113281250000000e-01 4.478515136267872121e-01
9.017333984375000000e-01 4.473570879091245955e-01
9.018554687500000000e-01 4.468623990228128284e-01
9.019775390625000000e-01 4.463674472588650688e-01
9.020996093750000000e-01 4.458722329084481295e-01
9.022216796875000000e-01 4.453767562628848098e-01
9.023437500000000000e-01 4.448810176136502870e-01
9.024658203125000000e-01 4.443850172523753916e-01
9.025878906250000000e-01 4.438887554708440542e-01
9.027099609375000000e-01 4.433922325609945814e-01
9.028320312500000000e-01 4.428954488149181579e-01
9.029541015625000000e-01 4.423984045248607333e-01
9.030761718750000000e-01 4.419010999832192477e-01
9.031982421875000000e-01 4.414035354825464608e-01
9.033203125000000000e-01 4.409057113155462893e-01
9.034423828125000000e-01 4.404076277750757495e-01
9.035644531250000000e-01 4.399092851541447913e-01
9.036865234375000000e-01 4.394106837459152426e-01
9.038085937500000000e-01 4.389118238437015873e-01
9.039306640625000000e-01 4.384127057409701322e-01
9.040527343750000000e-01 4.379133297313393958e-01
9.041748046875000000e-01 4.374136961085794417e-01
9.042968750000000000e-01 4.369138051666120459e-01
9.044189453125000000e-01 4.364136571995097524e-01
9.045410156250000000e-01 4.359132525014964288e-01
9.046630859375000000e-01 4.354125913669484871e-01
9.047851562500000000e-01 4.349116740903907208e-01
9.049072265625000000e-01 4.344105009665007455e-01
9.050292968750000000e-01 4.339090722901048913e-01
9.051513671875000000e-01 4.334073883561814222e-01
9.052734375000000000e-01 4.329054494598578717e-01
9.053955078125000000e-01 4.324032558964121531e-01
9.055175781250000000e-01 4.319008079612715600e-01
9.056396484375000000e-01 4.313981059500133219e-01
9.057617187500000000e-01 4.308951501583637711e-01
9.058837890625000000e-01 4.303919408821994530e-01
9.060058593750000000e-01 4.298884784175447948e-01
9.061279296875000000e-01 4.293847630605744370e-01
9.062500000000000000e-01 4.288807951076106240e-01
9.063720703125000000e-01 4.283765748551253139e-01
9.064941406250000000e-01 4.278721025997374583e-01
9.066162109375000000e-01 4.273673786382160000e-01
9.067382812500000000e-01 4.268624032674760427e-01
9.068603515625000000e-01 4.263571767845823479e-01
9.069824218750000000e-01 4.258516994867465599e-01
9.071044921875000000e-01 4.253459716713277605e-01
9.072265625000000000e-01 4.248399936358324136e-01
9.073486328125000000e-01 4.243337656779147538e-01
9.074707031250000000e-01 4.238272880953750099e-01
9.075927734375000000e-01 4.233205611861618478e-01
9.077148437500000000e-01 4.228135852483693169e-01
9.078369140625000000e-01 4.223063605802378495e-01
9.079589843750000000e-01 4.217988874801548160e-01
9.080810546875000000e-01 4.212911662466537477e-01
9.082031250000000000e-01 4.207831971784138370e-01
9.083251953125000000e-01 4.202749805742607148e-01
9.084472656250000000e-01 4.197665167331640634e-01
9.085693359375000000e-01 4.192578059542412250e-01
9.086914062500000000e-01 4.187488485367527047e-01
9.088134765625000000e-01 4.182396447801055017e-01
9.089355468750000000e-01 4.177301949838509443e-01
9.090576171875000000e-01 4.172204994476854112e-01
9.091796875000000000e-01 4.167105584714495548e-01
9.093017578125000000e-01 4.162003723551283008e-01
9.094238281250000000e-01 4.156899413988510705e-01
9.095458984375000000e-01 4.151792659028917254e-01
9.096679687500000000e-01 4.146683461676667903e-01
9.097900390625000000e-01 4.141571824937376745e-01
9.099121093750000000e-01 4.136457751818083950e-01
9.100341796875000000e-01 4.131341245327269096e-01
9.101562500000000000e-01 4.126222308474840617e-01
9.102783203125000000e-01 4.121100944272142463e-01
9.104003906250000000e-01 4.115977155731933013e-01
9.105224609375000000e-01 4.110850945868411710e-01
9.106445312500000000e-01 4.105722317697189649e-01
9.107666015625000000e-01 4.100591274235311223e-01
9.108886718750000000e-01 4.095457818501232472e-01
9.110107421875000000e-01 4.090321953514843289e-01
9.111328125000000000e-01 4.085183682297428009e-01
9.112548828125000000e-01 4.080043007871708705e-01
9.113769531250000000e-01 4.074899933261802443e-01
9.114990234375000000e-01 4.069754461493256259e-01
9.116210937500000000e-01 4.064606595593014404e-01
9.117431640625000000e-01 4.059456338589437774e-01
9.118652343750000000e-01 4.054303693512282258e-01
9.119873046875000000e-01 4.049148663392724279e-01
9.121093750000000000e-01 4.043991251263326370e-01
9.122314453125000000e-01 4.038831460158073261e-01
9.123535156250000000e-01 4.033669293112326915e-01
9.124755859375000000e-01 4.028504753162863161e-01
9.125976562500000000e-01 4.023337843347843390e-01
9.127197265625000000e-01 4.018168566706826761e-01
9.128417968750000000e-01 4.012996926280770760e-01
9.129638671875000000e-01 4.007822925112013990e-01
9.130859375000000000e-01 4.002646566244293380e-01
9.132080078125000000e-01 3.997467852722723092e-01
9.133300781250000000e-01 3.992286787593805619e-01
9.134521484375000000e-01 3.987103373905429571e-01
9.135742187500000000e-01 3.981917614706864672e-01
9.136962890625000000e-01 3.976729513048761766e-01
9.138183593750000000e-01 3.971539071983139491e-01
9.139404296875000000e-01 3.966346294563410368e-01
9.140625000000000000e-01 3.961151183844341395e-01
9.141845703125000000e-01 3.955953742882092339e-01
9.143066406250000000e-01 3.950753974734176888e-01
9.144287109375000000e-01 3.945551882459492066e-01
9.145507812500000000e-01 3.940347469118284929e-01
9.146728515625000000e-01 3.935140737772181985e-01
9.147949218750000000e-01 3.929931691484169765e-01
9.149169921875000000e-01 3.924720333318600374e-01
9.150390625000000000e-01 3.919506666341173728e-01
9.151611328125000000e-01 3.914290693618960870e-01
9.152832031250000000e-01 3.909072418220380096e-01
9.154052734375000000e-01 3.903851843215210837e-01
9.155273437500000000e-01 3.898628971674582555e-01
9.156494140625000000e-01 3.893403806670977518e-01
9.157714843750000000e-01 3.888176351278224696e-01
9.158935546875000000e-01 3.882946608571499758e-01
9.160156250000000000e-01 3.877714581627328405e-01
9.161376953125000000e-01 3.872480273523576932e-01
9.162597656250000000e-01 3.867243687339447789e-01
9.163818359375000000e-01 3.862004826155503445e-01
9.165039062500000000e-01 3.856763693053614217e-01
9.166259765625000000e-01 3.851520291117013772e-01
9.167480468750000000e-01 3.846274623430258610e-01
9.168701171875000000e-01 3.841026693079238608e-01
9.169921875000000000e-01 3.835776503151179240e-01
9.171142578125000000e-01 3.830524056734632699e-01
9.172363281250000000e-01 3.825269356919470121e-01
9.173583984375000000e-01 3.820012406796901017e-01
9.174804687500000000e-01 3.814753209459451622e-01
9.176025390625000000e-01 3.809491768000976553e-01
9.177246093750000000e-01 3.804228085516644375e-01
9.178466796875000000e-01 3.798962165102944266e-01
9.179687500000000000e-01 3.793694009857676575e-01
9.180908203125000000e-01 3.788423622879968922e-01
9.182128906250000000e-01 3.783151007270246780e-01
9.183349609375000000e-01 3.777876166130261781e-01
9.184570312500000000e-01 3.772599102563063411e-01
9.185791015625000000e-01 3.767319819673010106e-01
9.187011718750000000e-01 3.762038320565768146e-01
9.188232421875000000e-01 3.756754608348311653e-01
9.189453125000000000e-01 3.751468686128908714e-01
9.190673828125000000e-01 3.746180557017134150e-01
9.191894531250000000e-01 3.740890224123852859e-01
9.193115234375000000e-01 3.735597690561237028e-01
9.194335937500000000e-01 3.730302959442742261e-01
9.195556640625000000e-01 3.725006033883129231e-01
9.196777343750000000e-01 3.719706916998434254e-01
9.197998046875000000e-01 3.714405611906002047e-01
9.199218750000000000e-01 3.709102121724444090e-01
9.200439453125000000e-01 3.703796449573672489e-01
9.201660156250000000e-01 3.698488598574873887e-01
9.202880859375000000e-01 3.693178571850526115e-01
9.204101562500000000e-01 3.687866372524376546e-01
9.205322265625000000e-01 3.682552003721453748e-01
9.206542968750000000e-01 3.677235468568065824e-01
9.207763671875000000e-01 3.671916770191793744e-01
9.208984375000000000e-01 3.666595911721490242e-01
9.210205078125000000e-01 3.661272896287280365e-01
9.211425781250000000e-01 3.655947727020559257e-01
9.212646484375000000e-01 3.650620407053981609e-01
9.213867187500000000e-01 3.645290939521471651e-01
9.215087890625000000e-01 3.639959327558224822e-01
9.216308593750000000e-01 3.634625574300682227e-01
9.217529296875000000e-01 3.629289682886565060e-01
9.218750000000000000e-01 3.623951656454829084e-01
9.219970703125000000e-01 3.618611498145706262e-01
9.221191406250000000e-01 3.613269211100667011e-01
9.222412109375000000e-01 3.607924798462445737e-01
9.223632812500000000e-01 3.602578263375023626e-01
9.224853515625000000e-01 3.597229608983628091e-01
9.226074218750000000e-01 3.591878838434731658e-01
9.227294921875000000e-01 3.586525954876056965e-01
9.228515625000000000e-01 3.581170961456567881e-01
9.229736328125000000e-01 3.575813861326471166e-01
9.230957031250000000e-01 3.570454657637210372e-01
9.232177734375000000e-01 3.565093353541461396e-01
9.233398437500000000e-01 3.559729952193144698e-01
9.234619140625000000e-01 3.554364456747414192e-01
9.235839843750000000e-01 3.548996870360645595e-01
9.237060546875000000e-01 3.543627196190459738e-01
9.238281250000000000e-01 3.538255437395694813e-01
9.239501953125000000e-01 3.532881597136419138e-01
9.240722656250000000e-01 3.527505678573915615e-01
9.241943359375000000e-01 3.522127684870709485e-01
9.243164062500000000e-01 3.516747619190532248e-01
9.244384765625000000e-01 3.511365484698341088e-01
9.245605468750000000e-01 3.505981284560296674e-01
9.246826171875000000e-01 3.500595021943794238e-01
9.248046875000000000e-01 3.495206700017433055e-01
9.249267578125000000e-01 3.489816321951021982e-01
9.250488281250000000e-01 3.484423890915579469e-01
9.251708984375000000e-01 3.479029410083342988e-01
9.252929687500000000e-01 3.473632882627732399e-01
9.254150390625000000e-01 3.468234311723396024e-01
9.255371093750000000e-01 3.462833700546169013e-01
9.256591796875000000e-01 3.457431052273095551e-01
9.257812500000000000e-01 3.452026370082416085e-01
9.259033203125000000e-01 3.446619657153560112e-01
9.260253906250000000e-01 3.441210916667156172e-01
9.261474609375000000e-01 3.435800151805036839e-01
9.262695312500000000e-01 3.430387365750204864e-01
9.263916015625000000e-01 3.424972561686870365e-01
9.265136718750000000e-01 3.419555742800420850e-01
9.266357421875000000e-01 3.414136912277430103e-01
9.267578125000000000e-01 3.408716073305654293e-01
9.268798828125000000e-01 3.403293229074040860e-01
9.270019531250000000e-01 3.397868382772700202e-01
9.271240234375000000e-01 3.392441537592942313e-01
9.272460937500000000e-01 3.387012696727222938e-01
9.273681640625000000e-01 3.381581863369202412e-01
9.274902343750000000e-01 3.376149040713691818e-01
9.276123046875000000e-01 3.370714231956690732e-01
9.277343750000000000e-01 3.365277440295348921e-01
9.278564453125000000e-01 3.359838668927999095e-01
9.279785156250000000e-01 3.354397921054116383e-01
9.281005859375000000e-01 3.348955199874364963e-01
9.282226562500000000e-01 3.343510508590554209e-01
9.283447265625000000e-01 3.338063850405653121e-01
9.284667968750000000e-01 3.332615228523794215e-01
9.285888671875000000e-01 3.327164646150256311e-01
9.287109375000000000e-01 3.321712106491481742e-01
9.288330078125000000e-01 3.316257612755056927e-01
9.289550781250000000e-01 3.310801168149719587e-01
9.290771484375000000e-01 3.305342775885353745e-01
9.291992187500000000e-01 3.299882439172998061e-01
9.293212890625000000e-01 3.294420161224820287e-01
9.294433593750000000e-01 3.288955945254138924e-01
9.295654296875000000e-01 3.283489794475413781e-01
9.296875000000000000e-01 3.278021712104240426e-01
9.298095703125000000e-01 3.272551701357354070e-01
9.299316406250000000e-01 3.267079765452613471e-01
9.300537109375000000e-01 3.261605907609020361e-01
9.301757812500000000e-01 3.256130131046707232e-01
9.302978515625000000e-01 3.250652438986928461e-01
9.304199218750000000e-01 3.245172834652070848e-01
9.305419921875000000e-01 3.239691321265648627e-01
9.306640625000000000e-01 3.234207902052287920e-01
9.307861328125000000e-01 3.228722580237746720e-01
9.309082031250000000e-01 3.223235359048894910e-01
9.310302734375000000e-01 3.217746241713728694e-01
9.311523437500000000e-01 3.212255231461354499e-01
9.312744140625000000e-01 3.206762331521988973e-01
9.313964843750000000e-01 3.201267545126958436e-01
9.315185546875000000e-01 3.195770875508713860e-01
9.316406250000000000e-01 3.190272325900799788e-01
9.317626953125000000e-01 3.184771899537873208e-01
9.318847656250000000e-01 3.179269599655693002e-01
9.320068359375000000e-01 3.173765429491118839e-01
9.321289062500000000e-01 3.168259392282111175e-01
9.322509765625000000e-01 3.162751491267731807e-01
9.323730468750000000e-01 3.157241729688133880e-01
9.324951171875000000e-01 3.151730110784576877e-01
9.326171875000000000e-01 3.146216637799394977e-01
9.327392578125000000e-01 3.140701313976027587e-01
9.328613281250000000e-01 3.135184142558991027e-01
9.329833984375000000e-01 3.129665126793904073e-01
9.331054687500000000e-01 3.124144269927453532e-01
9.332275390625000000e-01 3.118621575207426444e-01
9.333496093750000000e-01 3.113097045882671221e-01
9.334716796875000000e-01 3.107570685203130956e-01
9.335937500000000000e-01 3.102042496419822326e-01
9.337158203125000000e-01 3.096512482784837261e-01
9.338378906250000000e-01 3.090980647551337945e-01
9.339599609375000000e-01 3.085446993973560703e-01
9.340820312500000000e-01 3.079911525306811559e-01
9.342041015625000000e-01 3.074374244807462908e-01
9.343261718750000000e-01 3.068835155732955178e-01
9.344482421875000000e-01 3.063294261341794611e-01
9.345703125000000000e-01 3.057751564893546048e-01
9.346923828125000000e-01 3.052207069648830151e-01
9.348144531250000000e-01 3.046660778869332287e-01
9.349365234375000000e-01 3.041112695817795863e-01
9.350585937500000000e-01 3.035562823758011231e-01
9.351806640625000000e-01 3.030011165954831220e-01
9.353027343750000000e-01 3.024457725674142283e-01
9.354248046875000000e-01 3.018902506182902234e-01
9.355468750000000000e-01 3.013345510749093070e-01
9.356689453125000000e-01 3.007786742641762601e-01
9.357910156250000000e-01 3.002226205130980041e-01
9.359130859375000000e-01 2.996663901487878201e-01
9.360351562500000000e-01 2.991099834984606853e-01
9.361572265625000000e-01 2.985534008894365487e-01
9.362792968750000000e-01 2.979966426491386655e-01
9.364013671875000000e-01 2.974397091050938746e-01
9.365234375000000000e-01 2.968826005849317107e-01
9.366455078125000000e-01 2.963253174163845149e-01
9.367675781250000000e-01 2.957678599272877129e-01
9.368896484375000000e-01 2.952102284455788705e-01
9.370117187500000000e-01 2.946524232992986936e-01
9.371337890625000000e-01 2.940944448165895286e-01
9.372558593750000000e-01 2.935362933256959739e-01
9.373779296875000000e-01 2.929779691549635467e-01
9.375000000000000000e-01 2.924194726328401828e-01
9.376220703125000000e-01 2.918608040878752363e-01
9.377441406250000000e-01 2.913019638487188145e-01
9.378662109375000000e-01 2.907429522441226655e-01
9.379882812500000000e-01 2.901837696029381797e-01
9.381103515625000000e-01 2.896244162541183886e-01
9.382324218750000000e-01 2.890648925267165770e-01
9.383544921875000000e-01 2.885051987498862269e-01
9.384765625000000000e-01 2.879453352528804633e-01
9.385986328125000000e-01 2.873853023650531635e-01
9.387207031250000000e-01 2.868251004158562933e-01
9.388427734375000000e-01 2.862647297348429598e-01
9.389648437500000000e-01 2.857041906516643026e-01
9.390869140625000000e-01 2.851434834960714926e-01
9.392089843750000000e-01 2.845826085979140108e-01
9.393310546875000000e-01 2.840215662871398705e-01
9.394531250000000000e-01 2.834603568937958951e-01
9.395751953125000000e-01 2.828989807480273289e-01
9.396972656250000000e-01 2.823374381800767274e-01
9.398193359375000000e-01 2.817757295202858447e-01
9.399414062500000000e-01 2.812138550990933572e-01
9.400634765625000000e-01 2.806518152470349192e-01
9.401855468750000000e-01 2.800896102947441624e-01
9.403076171875000000e-01 2.795272405729522514e-01
9.404296875000000000e-01 2.789647064124865516e-01
9.405517578125000000e-01 2.784020081442718508e-01
9.406738281250000000e-01 2.778391460993280271e-01
9.407958984375000000e-01 2.772761206087731023e-01
9.409179687500000000e-01 2.767129320038202445e-01
9.410400390625000000e-01 2.761495806157789890e-01
9.411621093750000000e-01 2.755860667760539062e-01
9.412841796875000000e-01 2.750223908161467667e-01
9.414062500000000000e-01 2.744585530676525997e-01
9.415283203125000000e-01 2.738945538622628573e-01
9.416503906250000000e-01 2.733303935317635269e-01
9.417724609375000000e-01 2.727660724080364085e-01
9.418945312500000000e-01 2.722015908230564496e-01
9.420166015625000000e-01 2.716369491088936328e-01
9.421386718750000000e-01 2.710721475977118655e-01
9.422607421875000000e-01 2.705071866217700904e-01
9.423828125000000000e-01 2.699420665134198427e-01
9.425048828125000000e-01 2.693767876051066934e-01
9.426269531250000000e-01 2.688113502293700274e-01
9.427490234375000000e-01 2.682457547188415448e-01
9.428710937500000000e-01 2.676800014062466482e-01
9.429931640625000000e-01 2.671140906244037216e-01
9.431152343750000000e-01 2.665480227062231311e-01
9.432373046875000000e-01 2.659817979847087233e-01
9.433593750000000000e-01 2.654154167929550501e-01
9.434814453125000000e-01 2.648488794641499777e-01
9.436035156250000000e-01 2.642821863315725772e-01
9.437255859375000000e-01 2.637153377285945122e-01
9.438476562500000000e-01 2.631483339886775963e-01
9.439697265625000000e-01 2.625811754453757918e-01
9.440917968750000000e-01 2.620138624323333221e-01
9.442138671875000000e-01 2.614463952832863924e-01
9.443359375000000000e-01 2.608787743320609143e-01
9.444580078125000000e-01 2.603109999125744478e-01
9.445800781250000000e-01 2.597430723588334822e-01
9.447021484375000000e-01 2.591749920049348233e-01
9.448242187500000000e-01 2.586067591850658154e-01
9.449462890625000000e-01 2.580383742335033426e-01
9.450683593750000000e-01 2.574698374846133286e-01
9.451904296875000000e-01 2.569011492728518475e-01
9.453125000000000000e-01 2.563323099327631804e-01
9.454345703125000000e-01 2.557633197989806484e-01
9.455566406250000000e-01 2.551941792062266678e-01
9.456787109375000000e-01 2.546248884893120290e-01
9.458007812500000000e-01 2.540554479831358403e-01
9.459228515625000000e-01 2.534858580226851954e-01
9.460449218750000000e-01 2.529161189430350065e-01
9.461669921875000000e-01 2.523462310793484487e-01
9.462890625000000000e-01 2.517761947668756828e-01
9.464111328125000000e-01 2.512060103409543554e-01
9.465332031250000000e-01 2.506356781370090436e-01
9.466552734375000000e-01 2.500651984905524206e-01
9.467773437500000000e-01 2.494945717371818694e-01
9.468994140625000000e-01 2.489237982125830639e-01
9.470214843750000000e-01 2.483528782525268874e-01
9.471435546875000000e-01 2.477818121928712092e-01
9.472656250000000000e-01 2.472106003695596632e-01
9.473876953125000000e-01 2.466392431186210099e-01
9.475097656250000000e-01 2.460677407761697466e-01
9.476318359375000000e-01 2.454960936784069403e-01
9.477539062500000000e-01 2.449243021616170357e-01
9.478759765625000000e-01 2.443523665621704921e-01
9.479980468750000000e-01 2.437802872165225065e-01
9.481201171875000000e-01 2.432080644612121534e-01
9.482421875000000000e-01 2.426356986328637166e-01
9.483642578125000000e-01 2.420631900681852189e-01
9.484863281250000000e-01 2.414905391039682825e-01
9.486083984375000000e-01 2.409177460770896839e-01
9.487304687500000000e-01 2.403448113245076623e-01
9.488525390625000000e-01 2.397717351832656663e-01
9.489746093750000000e-01 2.391985179904891901e-01
9.490966796875000000e-01 2.386251600833875497e-01
9.492187500000000000e-01 2.380516617992523565e-01
9.493408203125000000e-01 2.374780234754581276e-01
9.494628906250000000e-01 2.369042454494607319e-01
9.495849609375000000e-01 2.363303280587996102e-01
9.497070312500000000e-01 2.357562716410951387e-01
9.498291015625000000e-01 2.351820765340504049e-01
9.499511718750000000e-01 2.346077430754495152e-01
9.500732421875000000e-01 2.340332716031577609e-01
9.501953125000000000e-01 2.334586624551221179e-01
9.503173828125000000e-01 2.328839159693701366e-01
9.504394531250000000e-01 2.323090324840106080e-01
9.505615234375000000e-01 2.317340123372324256e-01
9.506835937500000000e-01 2.311588558673056959e-01
9.508056640625000000e-01 2.305835634125795452e-01
9.509277343750000000e-01 2.300081353114836191e-01
9.510498046875000000e-01 2.294325719025278321e-01
9.511718750000000000e-01 2.288568735243011187e-01
9.512939453125000000e-01 2.282810405154726829e-01
9.514160156250000000e-01 2.277050732147889722e-01
9.515380859375000000e-01 2.271289719610778968e-01
9.516601562500000000e-01 2.265527370932440554e-01
9.517822265625000000e-01 2.259763689502720385e-01
9.519042968750000000e-01 2.253998678712243742e-01
9.520263671875000000e-01 2.248232341952419444e-01
9.521484375000000000e-01 2.242464682615430416e-01
9.522705078125000000e-01 2.236695704094245063e-01
9.523925781250000000e-01 2.230925409782604507e-01
9.525146484375000000e-01 2.225153803075022030e-01
9.526367187500000000e-01 2.219380887366790567e-01
9.527587890625000000e-01 2.213606666053963556e-01
9.528808593750000000e-01 2.207831142533363822e-01
9.530029296875000000e-01 2.202054320202588567e-01
9.531250000000000000e-01 2.196276202459989391e-01
9.532470703125000000e-01 2.190496792704689222e-01
9.533691406250000000e-01 2.184716094336563996e-01
9.534912109375000000e-01 2.178934110756246267e-01
9.536132812500000000e-01 2.173150845365130757e-01
9.537353515625000000e-01 2.167366301565361031e-01
9.538574218750000000e-01 2.161580482759836996e-01
9.539794921875000000e-01 2.155793392352212123e-01
9.541015625000000000e-01 2.150005033746873184e-01
9.542236328125000000e-01 2.144215410348965789e-01
9.543457031250000000e-01 2.138424525564377732e-01
9.544677734375000000e-01 2.132632382799735937e-01
9.545898437500000000e-01 2.126838985462408960e-01
9.547119140625000000e-01 2.121044336960509757e-01
9.548339843750000000e-01 2.115248440702868216e-01
9.549560546875000000e-01 2.109451300099067783e-01
9.550781250000000000e-01 2.103652918559417162e-01
9.552001953125000000e-01 2.097853299494954471e-01
9.553222656250000000e-01 2.092052446317446690e-01
9.554443359375000000e-01 2.086250362439384942e-01
9.555664062500000000e-01 2.080447051273984493e-01
9.556884765625000000e-01 2.074642516235187251e-01
9.558105468750000000e-01 2.068836760737646219e-01
9.559326171875000000e-01 2.063029788196741876e-01
9.560546875000000000e-01 2.057221602028572460e-01
9.561767578125000000e-01 2.051412205649932874e-01
9.562988281250000000e-01 2.045601602478343828e-01
9.564208984375000000e-01 2.039789795932039074e-01
9.565429687500000000e-01 2.033976789429948195e-01
9.566650390625000000e-01 2.028162586391724365e-01
9.567871093750000000e-01 2.022347190237696046e-01
9.569091796875000000e-01 2.016530604388924175e-01
9.570312500000000000e-01 2.010712832267151917e-01
9.571533203125000000e-01 2.004893877294825766e-01
9.572753906250000000e-01 1.999073742895085826e-01
9.573974609375000000e-01 1.993252432491773030e-01
9.575195312500000000e-01 1.987429949509404159e-01
9.576416015625000000e-01 1.981606297373201542e-01
9.577636718750000000e-01 1.975781479509067795e-01
9.578857421875000000e-01 1.969955499343596650e-01
9.580078125000000000e-01 1.964128360304062404e-01
9.581298828125000000e-01 1.958300065818414371e-01
9.582519531250000000e-01 1.952470619315292977e-01
9.583740234375000000e-01 1.946640024224011722e-01
9.584960937500000000e-01 1.940808283974556347e-01
9.586181640625000000e-01 1.934975401997591771e-01
9.587402343750000000e-01 1.929141381724453486e-01
9.588623046875000000e-01 1.923306226587142842e-01
9.589843750000000000e-01 1.917469940018331209e-01
9.591064453125000000e-01 1.911632525451356368e-01
9.592285156250000000e-01 1.905793986320216959e-01
9.593505859375000000e-01 1.899954326059585807e-01
9.594726562500000000e-01 1.894113548104769396e-01
9.595947265625000000e-01 1.888271655891753664e-01
9.597167968750000000e-01 1.882428652857170703e-01
9.598388671875000000e-01 1.876584542438312631e-01
9.599609375000000000e-01 1.870739328073117991e-01
9.600830078125000000e-01 1.864893013200178973e-01
9.602050781250000000e-01 1.859045601258724478e-01
9.603271484375000000e-01 1.853197095688638441e-01
9.604492187500000000e-01 1.847347499930447612e-01
9.605712890625000000e-01 1.841496817425321564e-01
9.606933593750000000e-01 1.835645051615061862e-01
9.608154296875000000e-01 1.829792205942113448e-01
9.609375000000000000e-01 1.823938283849552144e-01
9.610595703125000000e-01 1.818083288781093265e-01
9.611816406250000000e-01 1.812227224181073293e-01
9.613037109375000000e-01 1.806370093494470974e-01
9.614257812500000000e-01 1.800511900166886503e-01
9.615478515625000000e-01 1.794652647644535970e-01
9.616699218750000000e-01 1.788792339374269402e-01
9.617919921875000000e-01 1.782930978803560218e-01
9.619140625000000000e-01 1.777068569380489960e-01
9.620361328125000000e-01 1.771205114553770499e-01
9.621582031250000000e-01 1.765340617772712117e-01
9.622802734375000000e-01 1.759475082487250430e-01
9.624023437500000000e-01 1.753608512147930010e-01
9.625244140625000000e-01 1.747740910205905496e-01
9.626464843750000000e-01 1.741872280112928273e-01
9.627685546875000000e-01 1.736002625321372561e-01
9.628906250000000000e-01 1.730131949284197390e-01
9.630126953125000000e-01 1.724260255454972413e-01
9.631347656250000000e-01 1.718387547287860695e-01
9.632568359375000000e-01 1.712513828237631208e-01
9.633789062500000000e-01 1.706639101759641064e-01
9.635009765625000000e-01 1.700763371309834959e-01
9.636230468750000000e-01 1.694886640344754059e-01
9.637451171875000000e-01 1.689008912321532663e-01
9.638671875000000000e-01 1.683130190697884609e-01
9.639892578125000000e-01 1.677250478932111044e-01
9.641113281250000000e-01 1.671369780483095979e-01
9.642333984375000000e-01 1.665488098810298800e-01
9.643554687500000000e-01 1.659605437373761483e-01
9.644775390625000000e-01 1.653721799634106926e-01
9.645996093750000000e-01 1.647837189052521190e-01
9.647216796875000000e-01 1.641951609090779030e-01
9.648437500000000000e-01 1.636065063211205040e-01
9.649658203125000000e-01 1.630177554876707513e-01
9.650878906250000000e-01 1.624289087550752353e-01
9.652099609375000000e-01 1.618399664697378892e-01
9.653320312500000000e-01 1.612509289781179633e-01
9.654541015625000000e-01 1.606617966267313014e-01
9.655761718750000000e-01 1.600725697621486199e-01
9.656982421875000000e-01 1.594832487309974234e-01
9.658203125000000000e-01 1.588938338799600891e-01
9.659423828125000000e-01 1.583043255557739781e-01
9.660644531250000000e-01 1.577147241052321569e-01
9.661865234375000000e-01 1.571250298751812047e-01
9.663085937500000000e-01 1.565352432125234616e-01
9.664306640625000000e-01 1.559453644642151415e-01
9.665527343750000000e-01 1.553553939772664982e-01
9.666748046875000000e-01 1.547653320987425196e-01
9.667968750000000000e-01 1.541751791757614010e-01
9.669189453125000000e-01 1.535849355554943507e-01
9.670410156250000000e-01 1.529946015851665064e-01
9.671630859375000000e-01 1.524041776120566571e-01
9.672851562500000000e-01 1.518136639834956059e-01
9.674072265625000000e-01 1.512230610468677516e-01
9.675292968750000000e-01 1.506323691496087858e-01
9.676513671875000000e-01 1.500415886392082176e-01
9.677734375000000000e-01 1.494507198632066824e-01
9.678955078125000000e-01 1.488597631691973844e-01
9.680175781250000000e-01 1.482687189048244869e-01
9.681396484375000000e-01 1.476775874177845282e-01
9.682617187500000000e-01 1.470863690558245895e-01
9.683837890625000000e-01 1.464950641667433495e-01
9.685058593750000000e-01 1.459036730983900576e-01
9.686279296875000000e-01 1.453121961986651722e-01
9.687500000000000000e-01 1.447206338155193617e-01
9.688720703125000000e-01 1.441289862969532543e-01
9.689941406250000000e-01 1.435372539910174661e-01
9.691162109375000000e-01 1.429454372458136557e-01
9.692382812500000000e-01 1.423535364094919431e-01
9.693603515625000000e-01 1.417615518302523525e-01
9.694824218750000000e-01 1.411694838563445631e-01
9.696044921875000000e-01 1.405773328360663543e-01
9.697265625000000000e-01 1.399850991177651049e-01
9.698486328125000000e-01 1.393927830498366272e-01
9.699707031250000000e-01 1.388003849807251666e-01
9.700927734375000000e-01 1.382079052589234858e-01
9.702148437500000000e-01 1.376153442329721421e-01
9.703369140625000000e-01 1.370227022514593496e-01
9.704589843750000000e-01 1.364299796630207562e-01
9.705810546875000000e-01 1.358371768163404436e-01
9.707031250000000000e-01 1.352442940601487065e-01
9.708251953125000000e-01 1.346513317432236345e-01
9.709472656250000000e-01 1.340582902143888366e-01
9.710693359375000000e-01 1.334651698225159666e-01
9.711914062500000000e-01 1.328719709165224472e-01
9.713134765625000000e-01 1.322786938453716088e-01
9.714355468750000000e-01 1.316853389580732725e-01
9.715576171875000000e-01 1.310919066036831948e-01
9.716796875000000000e-01 1.304983971313017632e-01
9.718017578125000000e-01 1.299048108900755227e-01
9.719238281250000000e-01 1.293111482291957881e-01
9.720458984375000000e-01 1.287174094978992822e-01
9.721679687500000000e-01 1.281235950454673311e-01
9.722900390625000000e-01 1.275297052212252258e-01
9.724121093750000000e-01 1.269357403745431656e-01
9.725341796875000000e-01 1.263417008548355647e-01
9.726562500000000000e-01 1.257475870115604966e-01
9.727783203125000000e-01 1.251533991942198332e-01
9.729003906250000000e-01 1.245591377523589810e-01
9.730224609375000000e-01 1.239648030355666730e-01
9.731445312500000000e-01 1.233703953934744829e-01
9.732666015625000000e-01 1.227759151757570749e-01
9.733886718750000000e-01 1.221813627321319540e-01
9.735107421875000000e-01 1.215867384123596878e-01
9.736328125000000000e-01 1.209920425662414506e-01
9.737548828125000000e-01 1.203972755436218955e-01
9.738769531250000000e-01 1.198024376943868513e-01
9.739990234375000000e-01 1.192075293684645848e-01
9.741210937500000000e-01 1.186125509158239139e-01
9.742431640625000000e-01 1.180175026864761084e-01
9.743652343750000000e-01 1.174223850304715461e-01
9.744873046875000000e-01 1.168271982979033063e-01
9.746093750000000000e-01 1.162319428389043119e-01
9.747314453125000000e-01 1.156366190036480918e-01
9.748535156250000000e-01 1.150412271423482402e-01
9.749755859375000000e-01 1.144457676052584860e-01
9.750976562500000000e-01 1.138502407426720403e-01
9.752197265625000000e-01 1.132546469049223736e-01
9.753417968750000000e-01 1.126589864423817866e-01
9.754638671875000000e-01 1.120632597054620622e-01
9.755859375000000000e-01 1.114674670446142435e-01
9.757080078125000000e-01 1.108716088103272879e-01
9.758300781250000000e-01 1.102756853531292880e-01
9.759521484375000000e-01 1.096796970235866669e-01
9.760742187500000000e-01 1.090836441723042616e-01
9.761962890625000000e-01 1.084875271499248506e-01
9.763183593750000000e-01 1.078913463071277529e-01
9.764404296875000000e-01 1.072951019946317280e-01
9.765625000000000000e-01 1.066987945631913265e-01
9.766845703125000000e-01 1.061024243635992209e-01
9.768066406250000000e-01 1.055059917466844160e-01
9.769287109375000000e-01 1.049094970633135254e-01
9.770507812500000000e-01 1.043129406643879958e-01
9.771728515625000000e-01 1.037163229008470355e-01
9.772949218750000000e-01 1.031196441236653938e-01
9.774169921875000000e-01 1.025229046838541658e-01
9.775390625000000000e-01 1.019261049324597934e-01
9.776611328125000000e-01 1.013292452205636074e-01
9.777832031250000000e-01 1.007323258992831039e-01
9.779052734375000000e-01 1.001353473197706817e-01
9.780273437500000000e-01 9.953830983321328152e-02
9.781494140625000000e-01 9.894121379083280210e-02
9.782714843750000000e-01 9.834405954388569793e-02
9.783935546875000000e-01 9.774684744366179956e-02
9.785156250000000000e-01 9.714957784148599285e-02
9.786376953125000000e-01 9.655225108871663686e-02
9.787597656250000000e-01 9.595486753674542513e-02
9.788818359375000000e-01 9.535742753699841256e-02
9.790039062500000000e-01 9.475993144093301790e-02
9.791259765625000000e-01 9.416237960004146534e-02
9.792480468750000000e-01 9.356477236584792578e-02
9.793701171875000000e-01 9.296711008990961311e-02
9.794921875000000000e-01 9.236939312381585443e-02
9.796142578125000000e-01 9.177162181918810391e-02
9.797363281250000000e-01 9.117379652767931830e-02
9.798583984375000000e-01 9.057591760097512268e-02
9.799804687500000000e-01 8.997798539079208957e-02
9.801025390625000000e-01 8.938000024887873818e-02
9.802246093750000000e-01 8.878196252701399394e-02
9.803466796875000000e-01 8.818387257700824322e-02
9.804687500000000000e-01 8.758573075070204272e-02
9.805908203125000000e-01 8.698753739996716028e-02
9.807128906250000000e-01 8.638929287670504831e-02
9.808349609375000000e-01 8.579099753284785690e-02
9.809570312500000000e-01 8.519265172035750400e-02
9.810791015625000000e-01 8.459425579122470396e-02
9.812011718750000000e-01 8.399581009747054960e-02
9.813232421875000000e-01 8.339731499114562407e-02
9.814453125000000000e-01 8.279877082432912649e-02
9.815673828125000000e-01 8.220017794912913567e-02
9.816894531250000000e-01 8.160153671768197170e-02
9.818115234375000000e-01 8.100284748215327846e-02
9.819335937500000000e-01 8.040411059473627498e-02
9.820556640625000000e-01 7.980532640765264363e-02
9.821777343750000000e-01 7.920649527315141991e-02
9.822998046875000000e-01 7.860761754351026920e-02
9.824218750000000000e-01 7.800869357103272506e-02
9.825439453125000000e-01 7.740972370805053460e-02
9.826660156250000000e-01 7.681070830692217355e-02
9.827880859375000000e-01 7.621164772003347077e-02
9.829101562500000000e-01 7.561254229979604002e-02
9.830322265625000000e-01 7.501339239864777964e-02
9.831542968750000000e-01 7.441419836905338592e-02
9.832763671875000000e-01 7.381496056350322910e-02
9.833984375000000000e-01 7.321567933451389454e-02
9.835205078125000000e-01 7.261635503462657293e-02
9.836425781250000000e-01 7.201698801640898928e-02
9.837646484375000000e-01 7.141757863245223881e-02
9.838867187500000000e-01 7.081812723537410370e-02
9.840087890625000000e-01 7.021863417781651351e-02
9.841308593750000000e-01 6.961909981244525369e-02
9.842529296875000000e-01 6.901952449195183914e-02
9.843750000000000000e-01 6.841990856905007246e-02
9.844970703125000000e-01 6.782025239647884729e-02
9.846191406250000000e-01 6.722055632700048300e-02
9.847412109375000000e-01 6.662082071340068301e-02
9.848632812500000000e-01 6.602104590848882626e-02
9.849853515625000000e-01 6.542123226509652389e-02
9.851074218750000000e-01 6.482138013607861848e-02
9.852294921875000000e-01 6.422148987431303135e-02
9.853515625000000000e-01 6.362156183269943033e-02
9.854736328125000000e-01 6.302159636416027055e-02
9.855957031250000000e-01 6.242159382163994796e-02
9.857177734375000000e-01 6.182155455810394579e-02
9.858398437500000000e-01 6.122147892654018764e-02
9.859619140625000000e-01 6.062136727995770524e-02
9.860839843750000000e-01 6.002121997138675641e-02
9.862060546875000000e-01 5.942103735387845032e-02
9.863281250000000000e-01 5.882081978050524018e-02
9.864501953125000000e-01 5.822056760435877221e-02
9.865722656250000000e-01 5.762028117855248072e-02
9.866943359375000000e-01 5.701996085621933996e-02
9.868164062500000000e-01 5.641960699051239148e-02
9.869384765625000000e-01 5.581921993460441794e-02
9.870605468750000000e-01 5.521880004168727707e-02
9.871826171875000000e-01 5.461834766497253996e-02
9.873046875000000000e-01 5.401786315769150498e-02
9.874267578125000000e-01 5.341734687309314389e-02
9.875488281250000000e-01 5.281679916444580181e-02
9.876708984375000000e-01 5.221622038503673929e-02
9.877929687500000000e-01 5.161561088817001597e-02
9.879150390625000000e-01 5.101497102716943954e-02
9.880371093750000000e-01 5.041430115537556128e-02
9.881591796875000000e-01 4.981360162614747317e-02
9.882812500000000000e-01 4.921287279286133687e-02
9.884033203125000000e-01 4.861211500890957882e-02
9.885253906250000000e-01 4.801132862770296494e-02
9.886474609375000000e-01 4.741051400266899085e-02
9.887695312500000000e-01 4.680967148725094507e-02
9.888916015625000000e-01 4.620880143490915110e-02
9.890136718750000000e-01 4.560790419912020416e-02
9.891357421875000000e-01 4.500698013337630504e-02
9.892578125000000000e-01 4.440602959118530868e-02
9.893798828125000000e-01 4.380505292607133477e-02
9.895019531250000000e-01 4.320405049157331756e-02
9.896240234375000000e-01 4.260302264124580379e-02
9.897460937500000000e-01 4.200196972865745393e-02
9.898681640625000000e-01 4.140089210739229808e-02
9.899902343750000000e-01 4.079979013104906987e-02
9.901123046875000000e-01 4.019866415324053338e-02
9.902343750000000000e-01 3.959751452759360107e-02
9.903564453125000000e-01 3.899634160774941710e-02
9.904785156250000000e-01 3.839514574736167807e-02
9.906005859375000000e-01 3.779392730009917267e-02
9.907226562500000000e-01 3.719268661964304779e-02
9.908447265625000000e-01 3.659142405968740519e-02
9.909667968750000000e-01 3.599013997393997466e-02
9.910888671875000000e-01 3.538883471612019882e-02
9.912109375000000000e-01 3.478750863996083603e-02
9.913330078125000000e-01 3.418616209920660037e-02
9.914550781250000000e-01 3.358479544761375918e-02
9.915771484375000000e-01 3.298340903895094489e-02
9.916992187500000000e-01 3.238200322699864853e-02
9.918212890625000000e-01 3.178057836554838006e-02
9.919433593750000000e-01 3.117913480840214455e-02
9.920654296875000000e-01 3.057767290937441623e-02
9.921875000000000000e-01 2.997619302228959892e-02
9.923095703125000000e-01 2.937469550098290375e-02
9.924316406250000000e-01 2.877318069929950609e-02
9.925537109375000000e-01 2.817164897109506252e-02
9.926757812500000000e-01 2.757010067023566227e-02
9.927978515625000000e-01 2.696853615059599876e-02
9.929199218750000000e-01 2.636695576606143052e-02
9.930419921875000000e-01 2.576535987052651355e-02
9.931640625000000000e-01 2.516374881789400220e-02
9.932861328125000000e-01 2.456212296207612236e-02
9.934082031250000000e-01 2.396048265699428359e-02
9.935302734375000000e-01 2.335882825657783698e-02
9.936523437500000000e-01 2.275716011476476217e-02
9.937744140625000000e-01 2.215547858550062643e-02
9.938964843750000000e-01 2.155378402273907049e-02
9.940185546875000000e-01 2.095207678044171476e-02
9.941406250000000000e-01 2.035035721257733715e-02
9.942626953125000000e-01 1.974862567312237263e-02
9.943847656250000000e-01 1.914688251605985159e-02
9.945068359375000000e-01 1.854512809537954901e-02
9.946289062500000000e-01 1.794336276507792205e-02
9.947509765625000000e-01 1.734158687915841185e-02
9.948730468750000000e-01 1.673980079162998638e-02
9.949951171875000000e-01 1.613800485650853517e-02
9.951171875000000000e-01 1.553619942781425158e-02
9.952392578125000000e-01 1.493438485957425052e-02
9.953613281250000000e-01 1.433256150582030812e-02
9.954833984375000000e-01 1.373072972058982273e-02
9.956054687500000000e-01 1.312888985792452431e-02
9.957275390625000000e-01 1.252704227187214150e-02
9.958496093750000000e-01 1.192518731648292522e-02
9.959716796875000000e-01 1.132332534581360212e-02
9.960937500000000000e-01 1.072145671392366745e-02
9.962158203125000000e-01 1.011958177487694462e-02
9.963378906250000000e-01 9.517700882741153209e-03
9.964599609375000000e-01 8.915814391586986132e-03
9.965820312500000000e-01 8.313922655488911045e-03
9.967041015625000000e-01 7.712026028524255304e-03
9.968261718750000000e-01 7.110124864773201617e-03
9.969482421875000000e-01 6.508219518319304994e-03
9.970703125000000000e-01 5.906310343247725067e-03
9.971923828125000000e-01 5.304397693645553080e-03
9.973144531250000000e-01 4.702481923602890024e-03
9.974365234375000000e-01 4.100563387211341761e-03
9.975585937500000000e-01 3.498642438563922749e-03
9.976806640625000000e-01 2.896719431755605517e-03
9.978027343750000000e-01 2.294794720881487924e-03
9.979248046875000000e-01 1.692868660038817806e-03
9.980468750000000000e-01 1.090941603325204035e-03
9.981689453125000000e-01 4.890139048388048503e-04
9.982910156250000000e-01 -1.129140813221281596e-04
9.984130859375000000e-01 -7.148420010578933944e-04
9.985351562500000000e-01 -1.316769500271175366e-03
9.986572265625000000e-01 -1.918696224862817285e-03
9.987792968750000000e-01 -2.520621820734858347e-03
9.989013671875000000e-01 -3.122545933790143741e-03
9.990234375000000000e-01 -3.724468209931563762e-03
9.991455078125000000e-01 -4.326388295064590404e-03
9.992675781250000000e-01 -4.928305835095017455e-03
9.993896484375000000e-01 -5.530220475930324418e-03
9.995117187500000000e-01 -6.132131863479221151e-03
9.996337890625000000e-01 -6.734039643652656171e-03
9.997558593750000000e-01 -7.335943462364135845e-03
9.998779296875000000e-01 -7.937842965529122441e-03
