# x u(x,t)
0.000000000000000000e+00 -5.812189254732745558e-02
1.220703125000000000e-04 -5.806533538633159436e-02
2.441406250000000000e-04 -5.800874406699492447e-02
3.662109375000000000e-04 -5.795211862260871150e-02
4.882812500000000000e-04 -5.789545908648417727e-02
6.103515625000000000e-04 -5.783876549195273581e-02
7.324218750000000000e-04 -5.778203787236571576e-02
8.544921875000000000e-04 -5.772527626109455468e-02
9.765625000000000000e-04 -5.766848069153061862e-02
1.098632812500000000e-03 -5.761165119708529930e-02
1.220703125000000000e-03 -5.755478781118990306e-02
1.342773437500000000e-03 -5.749789056729570635e-02
1.464843750000000000e-03 -5.744095949887388641e-02
1.586914062500000000e-03 -5.738399463941554202e-02
1.708984375000000000e-03 -5.732699602243158943e-02
1.831054687500000000e-03 -5.726996368145290117e-02
1.953125000000000000e-03 -5.721289765003007011e-02
2.075195312500000000e-03 -5.715579796173365923e-02
2.197265625000000000e-03 -5.709866465015386860e-02
2.319335937500000000e-03 -5.704149774890079905e-02
2.441406250000000000e-03 -5.698429729160421620e-02
2.563476562500000000e-03 -5.692706331191373093e-02
2.685546875000000000e-03 -5.686979584349857036e-02
2.807617187500000000e-03 -5.681249492004779300e-02
2.929687500000000000e-03 -5.675516057526989316e-02
3.051757812500000000e-03 -5.669779284289336307e-02
3.173828125000000000e-03 -5.664039175666605447e-02
3.295898437500000000e-03 -5.658295735035562268e-02
3.417968750000000000e-03 -5.652548965774917278e-02
3.540039062500000000e-03 -5.646798871265353709e-02
3.662109375000000000e-03 -5.641045454889496991e-02
3.784179687500000000e-03 -5.635288720031941812e-02
3.906250000000000000e-03 -5.629528670079218811e-02
4.028320312500000000e-03 -5.623765308419824416e-02
4.150390625000000000e-03 -5.617998638444188231e-02
4.272460937500000000e-03 -5.612228663544702179e-02
4.394531250000000000e-03 -5.606455387115687194e-02
4.516601562500000000e-03 -5.600678812553414043e-02
4.638671875000000000e-03 -5.594898943256094992e-02
4.760742187500000000e-03 -5.589115782623875484e-02
4.882812500000000000e-03 -5.583329334058843157e-02
5.004882812500000000e-03 -5.577539600965014666e-02
5.126953125000000000e-03 -5.571746586748340530e-02
5.249023437500000000e-03 -5.565950294816703059e-02
5.371093750000000000e-03 -5.560150728579910107e-02
5.493164062500000000e-03 -5.554347891449698538e-02
5.615234375000000000e-03 -5.548541786839725209e-02
5.737304687500000000e-03 -5.542732418165575992e-02
5.859375000000000000e-03 -5.536919788844748419e-02
5.981445312500000000e-03 -5.531103902296669039e-02
6.103515625000000000e-03 -5.525284761942669126e-02
6.225585937500000000e-03 -5.519462371205993700e-02
6.347656250000000000e-03 -5.513636733511814714e-02
6.469726562500000000e-03 -5.507807852287201211e-02
6.591796875000000000e-03 -5.501975730961133210e-02
6.713867187500000000e-03 -5.496140372964500309e-02
6.835937500000000000e-03 -5.490301781730085040e-02
6.958007812500000000e-03 -5.484459960692592007e-02
7.080078125000000000e-03 -5.478614913288606253e-02
7.202148437500000000e-03 -5.472766642956621019e-02
7.324218750000000000e-03 -5.466915153137019701e-02
7.446289062500000000e-03 -5.461060447272088336e-02
7.568359375000000000e-03 -5.455202528805996182e-02
7.690429687500000000e-03 -5.449341401184808198e-02
7.812500000000000000e-03 -5.443477067856471174e-02
7.934570312500000000e-03 -5.437609532270824830e-02
8.056640625000000000e-03 -5.431738797879585856e-02
8.178710937500000000e-03 -5.425864868136359709e-02
8.300781250000000000e-03 -5.419987746496624653e-02
8.422851562500000000e-03 -5.414107436417747027e-02
8.544921875000000000e-03 -5.408223941358945852e-02
8.666992187500000000e-03 -5.402337264781344878e-02
8.789062500000000000e-03 -5.396447410147917068e-02
8.911132812500000000e-03 -5.390554380923518601e-02
9.033203125000000000e-03 -5.384658180574859038e-02
9.155273437500000000e-03 -5.378758812570524905e-02
9.277343750000000000e-03 -5.372856280380963745e-02
9.399414062500000000e-03 -5.366950587478480639e-02
9.521484375000000000e-03 -5.361041737337241680e-02
9.643554687500000000e-03 -5.355129733433273975e-02
9.765625000000000000e-03 -5.349214579244454537e-02
9.887695312500000000e-03 -5.343296278250522779e-02
1.000976562500000000e-02 -5.337374833933052759e-02
1.013183593750000000e-02 -5.331450249775484401e-02
1.025390625000000000e-02 -5.325522529263095051e-02
1.037597656250000000e-02 -5.319591675883010573e-02
1.049804687500000000e-02 -5.313657693124200498e-02
1.062011718750000000e-02 -5.307720584477472470e-02
1.074218750000000000e-02 -5.301780353435474324e-02
1.086425781250000000e-02 -5.295837003492698952e-02
1.098632812500000000e-02 -5.289890538145446131e-02
1.110839843750000000e-02 -5.283940960891887750e-02
1.123046875000000000e-02 -5.277988275231996346e-02
1.135253906250000000e-02 -5.272032484667592278e-02
1.147460937500000000e-02 -5.266073592702304185e-02
1.159667968750000000e-02 -5.260111602841602285e-02
1.171875000000000000e-02 -5.254146518592763687e-02
1.184082031250000000e-02 -5.248178343464896672e-02
1.196289062500000000e-02 -5.242207080968935839e-02
1.208496093750000000e-02 -5.236232734617607409e-02
1.220703125000000000e-02 -5.230255307925469471e-02
1.232910156250000000e-02 -5.224274804408889084e-02
1.245117187500000000e-02 -5.218291227586039499e-02
1.257324218750000000e-02 -5.212304580976909185e-02
1.269531250000000000e-02 -5.206314868103279619e-02
1.281738281250000000e-02 -5.200322092488762760e-02
1.293945312500000000e-02 -5.194326257658736512e-02
1.306152343750000000e-02 -5.188327367140400936e-02
1.318359375000000000e-02 -5.182325424462749797e-02
1.330566406250000000e-02 -5.176320433156566397e-02
1.342773437500000000e-02 -5.170312396754447176e-02
1.354980468750000000e-02 -5.164301318790751050e-02
1.367187500000000000e-02 -5.158287202801640353e-02
1.379394531250000000e-02 -5.152270052325075289e-02
1.391601562500000000e-02 -5.146249870900777845e-02
1.403808593750000000e-02 -5.140226662070276897e-02
1.416015625000000000e-02 -5.134200429376867270e-02
1.428222656250000000e-02 -5.128171176365615286e-02
1.440429687500000000e-02 -5.122138906583388607e-02
1.452636718750000000e-02 -5.116103623578815984e-02
1.464843750000000000e-02 -5.110065330902290037e-02
1.477050781250000000e-02 -5.104024032105986680e-02
1.489257812500000000e-02 -5.097979730743855409e-02
1.501464843750000000e-02 -5.091932430371592933e-02
1.513671875000000000e-02 -5.085882134546668154e-02
1.525878906250000000e-02 -5.079828846828321476e-02
1.538085937500000000e-02 -5.073772570777541902e-02
1.550292968750000000e-02 -5.067713309957083689e-02
1.562500000000000000e-02 -5.061651067931449005e-02
1.574707031250000000e-02 -5.055585848266905963e-02
1.586914062500000000e-02 -5.049517654531459482e-02
1.599121093750000000e-02 -5.043446490294870715e-02
1.611328125000000000e-02 -5.037372359128662602e-02
1.623535156250000000e-02 -5.031295264606081702e-02
1.635742187500000000e-02 -5.025215210302114849e-02
1.647949218750000000e-02 -5.019132199793516214e-02
1.660156250000000000e-02 -5.013046236658759425e-02
1.672363281250000000e-02 -5.006957324478066712e-02
1.684570312500000000e-02 -5.000865466833369355e-02
1.696777343750000000e-02 -4.994770667308368051e-02
1.708984375000000000e-02 -4.988672929488475322e-02
1.721191406250000000e-02 -4.982572256960818291e-02
1.733398437500000000e-02 -4.976468653314282398e-02
1.745605468750000000e-02 -4.970362122139451722e-02
1.757812500000000000e-02 -4.964252667028642291e-02
1.770019531250000000e-02 -4.958140291575898612e-02
1.782226562500000000e-02 -4.952024999376950648e-02
1.794433593750000000e-02 -4.945906794029295700e-02
1.806640625000000000e-02 -4.939785679132091545e-02
1.818847656250000000e-02 -4.933661658286248031e-02
1.831054687500000000e-02 -4.927534735094368096e-02
1.843261718750000000e-02 -4.921404913160748462e-02
1.855468750000000000e-02 -4.915272196091425433e-02
1.867675781250000000e-02 -4.909136587494101339e-02
1.879882812500000000e-02 -4.902998090978205603e-02
1.892089843750000000e-02 -4.896856710154864206e-02
1.904296875000000000e-02 -4.890712448636870546e-02
1.916503906250000000e-02 -4.884565310038759683e-02
1.928710937500000000e-02 -4.878415297976719522e-02
1.940917968750000000e-02 -4.872262416068653956e-02
1.953125000000000000e-02 -4.866106667934142621e-02
1.965332031250000000e-02 -4.859948057194443671e-02
1.977539062500000000e-02 -4.853786587472518066e-02
1.989746093750000000e-02 -4.847622262393002507e-02
2.001953125000000000e-02 -4.841455085582202500e-02
2.014160156250000000e-02 -4.835285060668113866e-02
2.026367187500000000e-02 -4.829112191280401922e-02
2.038574218750000000e-02 -4.822936481050409119e-02
2.050781250000000000e-02 -4.816757933611142545e-02
2.062988281250000000e-02 -4.810576552597287808e-02
2.075195312500000000e-02 -4.804392341645180586e-02
2.087402343750000000e-02 -4.798205304392852422e-02
2.099609375000000000e-02 -4.792015444479962027e-02
2.111816406250000000e-02 -4.785822765547848717e-02
2.124023437500000000e-02 -4.779627271239506731e-02
2.136230468750000000e-02 -4.773428965199587315e-02
2.148437500000000000e-02 -4.767227851074387623e-02
2.160644531250000000e-02 -4.761023932511875001e-02
2.172851562500000000e-02 -4.754817213161641187e-02
2.185058593750000000e-02 -4.748607696674957135e-02
2.197265625000000000e-02 -4.742395386704694599e-02
2.209472656250000000e-02 -4.736180286905421200e-02
2.221679687500000000e-02 -4.729962400933311606e-02
2.233886718750000000e-02 -4.723741732446178065e-02
2.246093750000000000e-02 -4.717518285103490527e-02
2.258300781250000000e-02 -4.711292062566344030e-02
2.270507812500000000e-02 -4.705063068497458700e-02
2.282714843750000000e-02 -4.698831306561192939e-02
2.294921875000000000e-02 -4.692596780423533009e-02
2.307128906250000000e-02 -4.686359493752088878e-02
2.319335937500000000e-02 -4.680119450216094212e-02
2.331542968750000000e-02 -4.673876653486411237e-02
2.343750000000000000e-02 -4.667631107235505061e-02
2.355957031250000000e-02 -4.661382815137490171e-02
2.368164062500000000e-02 -4.655131780868059649e-02
2.380371093750000000e-02 -4.648878008104532361e-02
2.392578125000000000e-02 -4.642621500525851569e-02
2.404785156250000000e-02 -4.636362261812553009e-02
2.416992187500000000e-02 -4.630100295646798203e-02
2.429199218750000000e-02 -4.623835605712333513e-02
2.441406250000000000e-02 -4.617568195694497779e-02
2.453613281250000000e-02 -4.611298069280271583e-02
2.465820312500000000e-02 -4.605025230158196758e-02
2.478027343750000000e-02 -4.598749682018424267e-02
2.490234375000000000e-02 -4.592471428552703794e-02
2.502441406250000000e-02 -4.586190473454354599e-02
2.514648437500000000e-02 -4.579906820418314095e-02
2.526855468750000000e-02 -4.573620473141090659e-02
2.539062500000000000e-02 -4.567331435320778205e-02
2.551269531250000000e-02 -4.561039710657059654e-02
2.563476562500000000e-02 -4.554745302851195138e-02
2.575683593750000000e-02 -4.548448215606012285e-02
2.587890625000000000e-02 -4.542148452625929117e-02
2.600097656250000000e-02 -4.535846017616954051e-02
2.612304687500000000e-02 -4.529540914286608183e-02
2.624511718750000000e-02 -4.523233146344060596e-02
2.636718750000000000e-02 -4.516922717499990969e-02
2.648925781250000000e-02 -4.510609631466654112e-02
2.661132812500000000e-02 -4.504293891957891066e-02
2.673339843750000000e-02 -4.497975502689073590e-02
2.685546875000000000e-02 -4.491654467377159676e-02
2.697753906250000000e-02 -4.485330789740655383e-02
2.709960937500000000e-02 -4.479004473499596795e-02
2.722167968750000000e-02 -4.472675522375618024e-02
2.734375000000000000e-02 -4.466343940091851983e-02
2.746582031250000000e-02 -4.460009730373028225e-02
2.758789062500000000e-02 -4.453672896945390369e-02
2.770996093750000000e-02 -4.447333443536725939e-02
2.783203125000000000e-02 -4.440991373876389953e-02
2.795410156250000000e-02 -4.434646691695239007e-02
2.807617187500000000e-02 -4.428299400725696500e-02
2.819824218750000000e-02 -4.421949504701713773e-02
2.832031250000000000e-02 -4.415597007358768034e-02
2.844238281250000000e-02 -4.409241912433861654e-02
2.856445312500000000e-02 -4.402884223665542301e-02
2.868652343750000000e-02 -4.396523944793873789e-02
2.880859375000000000e-02 -4.390161079560440938e-02
2.893066406250000000e-02 -4.383795631708355123e-02
2.905273437500000000e-02 -4.377427604982250114e-02
2.917480468750000000e-02 -4.371057003128253626e-02
2.929687500000000000e-02 -4.364683829894056705e-02
2.941894531250000000e-02 -4.358308089028806176e-02
2.954101562500000000e-02 -4.351929784283196934e-02
2.966308593750000000e-02 -4.345548919409428917e-02
2.978515625000000000e-02 -4.339165498161180051e-02
2.990722656250000000e-02 -4.332779524293674939e-02
3.002929687500000000e-02 -4.326391001563598127e-02
3.015136718750000000e-02 -4.319999933729168351e-02
3.027343750000000000e-02 -4.313606324550082333e-02
3.039550781250000000e-02 -4.307210177787524491e-02
3.051757812500000000e-02 -4.300811497204201639e-02
3.063964843750000000e-02 -4.294410286564267348e-02
3.076171875000000000e-02 -4.288006549633423953e-02
3.088378906250000000e-02 -4.281600290178787932e-02
3.100585937500000000e-02 -4.275191511969028690e-02
3.112792968750000000e-02 -4.268780218774245738e-02
3.125000000000000000e-02 -4.262366414366039469e-02
3.137207031250000000e-02 -4.255950102517498668e-02
3.149414062500000000e-02 -4.249531287003146390e-02
3.161621093750000000e-02 -4.243109971599048208e-02
3.173828125000000000e-02 -4.236686160082662328e-02
3.186035156250000000e-02 -4.230259856232961718e-02
3.198242187500000000e-02 -4.223831063830384841e-02
3.210449218750000000e-02 -4.217399786656809979e-02
3.222656250000000000e-02 -4.210966028495607277e-02
3.234863281250000000e-02 -4.204529793131581844e-02
3.247070312500000000e-02 -4.198091084350993180e-02
3.259277343750000000e-02 -4.191649905941603055e-02
3.271484375000000000e-02 -4.185206261692552693e-02
3.283691406250000000e-02 -4.178760155394493914e-02
3.295898437500000000e-02 -4.172311590839503093e-02
3.308105468750000000e-02 -4.165860571821090874e-02
3.320312500000000000e-02 -4.159407102134244499e-02
3.332519531250000000e-02 -4.152951185575357029e-02
3.344726562500000000e-02 -4.146492825942288407e-02
3.356933593750000000e-02 -4.140032027034320355e-02
3.369140625000000000e-02 -4.133568792652188295e-02
3.381347656250000000e-02 -4.127103126598027222e-02
3.393554687500000000e-02 -4.120635032675416115e-02
3.405761718750000000e-02 -4.114164514689402224e-02
3.417968750000000000e-02 -4.107691576446383802e-02
3.430175781250000000e-02 -4.101216221754264840e-02
3.442382812500000000e-02 -4.094738454422294088e-02
3.454589843750000000e-02 -4.088258278261189260e-02
3.466796875000000000e-02 -4.081775697083076665e-02
3.479003906250000000e-02 -4.075290714701480105e-02
3.491210937500000000e-02 -4.068803334931356264e-02
3.503417968750000000e-02 -4.062313561589065564e-02
3.515625000000000000e-02 -4.055821398492360369e-02
3.527832031250000000e-02 -4.049326849460433558e-02
3.540039062500000000e-02 -4.042829918313835952e-02
3.552246093750000000e-02 -4.036330608874570680e-02
3.564453125000000000e-02 -4.029828924966000897e-02
3.576660156250000000e-02 -4.023324870412893495e-02
3.588867187500000000e-02 -4.016818449041433675e-02
3.601074218750000000e-02 -4.010309664679154867e-02
3.613281250000000000e-02 -4.003798521155043505e-02
3.625488281250000000e-02 -3.997285022299400248e-02
3.637695312500000000e-02 -3.990769171943982924e-02
3.649902343750000000e-02 -3.984250973921868444e-02
3.662109375000000000e-02 -3.977730432067558275e-02
3.674316406250000000e-02 -3.971207550216929172e-02
3.686523437500000000e-02 -3.964682332207201260e-02
3.698730468750000000e-02 -3.958154781877018524e-02
3.710937500000000000e-02 -3.951624903066353750e-02
3.723144531250000000e-02 -3.945092699616566112e-02
3.735351562500000000e-02 -3.938558175370390074e-02
3.747558593750000000e-02 -3.932021334171904164e-02
3.759765625000000000e-02 -3.925482179866585097e-02
3.771972656250000000e-02 -3.918940716301239774e-02
3.784179687500000000e-02 -3.912396947324027485e-02
3.796386718750000000e-02 -3.905850876784505016e-02
3.808593750000000000e-02 -3.899302508533530193e-02
3.820800781250000000e-02 -3.892751846423361806e-02
3.833007812500000000e-02 -3.886198894307582585e-02
3.845214843750000000e-02 -3.879643656041104061e-02
3.857421875000000000e-02 -3.873086135480231090e-02
3.869628906250000000e-02 -3.866526336482563331e-02
3.881835937500000000e-02 -3.859964262907075727e-02
3.894042968750000000e-02 -3.853399918614063696e-02
3.906250000000000000e-02 -3.846833307465158391e-02
3.918457031250000000e-02 -3.840264433323331561e-02
3.930664062500000000e-02 -3.833693300052878894e-02
3.942871093750000000e-02 -3.827119911519433204e-02
3.955078125000000000e-02 -3.820544271589939450e-02
3.967285156250000000e-02 -3.813966384132695675e-02
3.979492187500000000e-02 -3.807386253017293332e-02
3.991699218750000000e-02 -3.800803882114643650e-02
4.003906250000000000e-02 -3.794219275296999150e-02
4.016113281250000000e-02 -3.787632436437909228e-02
4.028320312500000000e-02 -3.781043369412249999e-02
4.040527343750000000e-02 -3.774452078096194457e-02
4.052734375000000000e-02 -3.767858566367217332e-02
4.064941406250000000e-02 -3.761262838104129091e-02
4.077148437500000000e-02 -3.754664897187016265e-02
4.089355468750000000e-02 -3.748064747497284466e-02
4.101562500000000000e-02 -3.741462392917635493e-02
4.113769531250000000e-02 -3.734857837332046515e-02
4.125976562500000000e-02 -3.728251084625820028e-02
4.138183593750000000e-02 -3.721642138685529733e-02
4.150390625000000000e-02 -3.715031003399067722e-02
4.162597656250000000e-02 -3.708417682655577863e-02
4.174804687500000000e-02 -3.701802180345511312e-02
4.187011718750000000e-02 -3.695184500360601532e-02
4.199218750000000000e-02 -3.688564646593843477e-02
4.211425781250000000e-02 -3.681942622939549797e-02
4.223632812500000000e-02 -3.675318433293257164e-02
4.235839843750000000e-02 -3.668692081551839373e-02
4.248046875000000000e-02 -3.662063571613389384e-02
4.260253906250000000e-02 -3.655432907377284546e-02
4.272460937500000000e-02 -3.648800092744187290e-02
4.284667968750000000e-02 -3.642165131615997253e-02
4.296875000000000000e-02 -3.635528027895906095e-02
4.309082031250000000e-02 -3.628888785488341984e-02
4.321289062500000000e-02 -3.622247408298993193e-02
4.333496093750000000e-02 -3.615603900234831691e-02
4.345703125000000000e-02 -3.608958265204037508e-02
4.357910156250000000e-02 -3.602310507116085470e-02
4.370117187500000000e-02 -3.595660629881683445e-02
4.382324218750000000e-02 -3.589008637412752223e-02
4.394531250000000000e-02 -3.582354533622523346e-02
4.406738281250000000e-02 -3.575698322425405890e-02
4.418945312500000000e-02 -3.569040007737110665e-02
4.431152343750000000e-02 -3.562379593474513523e-02
4.443359375000000000e-02 -3.555717083555798297e-02
4.455566406250000000e-02 -3.549052481900332595e-02
4.467773437500000000e-02 -3.542385792428723312e-02
4.479980468750000000e-02 -3.535717019062830507e-02
4.492187500000000000e-02 -3.529046165725691769e-02
4.504394531250000000e-02 -3.522373236341643649e-02
4.516601562500000000e-02 -3.515698234836164143e-02
4.528808593750000000e-02 -3.509021165135974701e-02
4.541015625000000000e-02 -3.502342031169066588e-02
4.553222656250000000e-02 -3.495660836864556559e-02
4.565429687500000000e-02 -3.488977586152854082e-02
4.577636718750000000e-02 -3.482292282965531588e-02
4.589843750000000000e-02 -3.475604931235365402e-02
4.602050781250000000e-02 -3.468915534896373221e-02
4.614257812500000000e-02 -3.462224097883742635e-02
4.626464843750000000e-02 -3.455530624133881790e-02
4.638671875000000000e-02 -3.448835117584386073e-02
4.650878906250000000e-02 -3.442137582174040200e-02
4.663085937500000000e-02 -3.435438021842846662e-02
4.675292968750000000e-02 -3.428736440531970908e-02
4.687500000000000000e-02 -3.422032842183789225e-02
4.699707031250000000e-02 -3.415327230741851267e-02
4.711914062500000000e-02 -3.408619610150903645e-02
4.724121093750000000e-02 -3.401909984356862177e-02
4.736328125000000000e-02 -3.395198357306809800e-02
4.748535156250000000e-02 -3.388484732949061107e-02
4.760742187500000000e-02 -3.381769115233023565e-02
4.772949218750000000e-02 -3.375051508109361276e-02
4.785156250000000000e-02 -3.368331915529856890e-02
4.797363281250000000e-02 -3.361610341447453243e-02
4.809570312500000000e-02 -3.354886789816306086e-02
4.821777343750000000e-02 -3.348161264591689723e-02
4.833984375000000000e-02 -3.341433769730069170e-02
4.846191406250000000e-02 -3.334704309189064075e-02
4.858398437500000000e-02 -3.327972886927407781e-02
4.870605468750000000e-02 -3.321239506905057648e-02
4.882812500000000000e-02 -3.314504173083072242e-02
4.895019531250000000e-02 -3.307766889423682799e-02
4.907226562500000000e-02 -3.301027659890256455e-02
4.919433593750000000e-02 -3.294286488447304567e-02
4.931640625000000000e-02 -3.287543379060486187e-02
4.943847656250000000e-02 -3.280798335696594181e-02
4.956054687500000000e-02 -3.274051362323578129e-02
4.968261718750000000e-02 -3.267302462910485344e-02
4.980468750000000000e-02 -3.260551641427553854e-02
4.992675781250000000e-02 -3.253798901846089581e-02
5.004882812500000000e-02 -3.247044248138556549e-02
5.017089843750000000e-02 -3.240287684278562313e-02
5.029296875000000000e-02 -3.233529214240790650e-02
5.041503906250000000e-02 -3.226768842001113968e-02
5.053710937500000000e-02 -3.220006571536456613e-02
5.065917968750000000e-02 -3.213242406824882991e-02
5.078125000000000000e-02 -3.206476351845599648e-02
5.090332031250000000e-02 -3.199708410578885887e-02
5.102539062500000000e-02 -3.192938587006154127e-02
5.114746093750000000e-02 -3.186166885109924934e-02
5.126953125000000000e-02 -3.179393308873789542e-02
5.139160156250000000e-02 -3.172617862282505613e-02
5.151367187500000000e-02 -3.165840549321858460e-02
5.163574218750000000e-02 -3.159061373978789417e-02
5.175781250000000000e-02 -3.152280340241308404e-02
5.187988281250000000e-02 -3.145497452098512670e-02
5.200195312500000000e-02 -3.138712713540613847e-02
5.212402343750000000e-02 -3.131926128558885913e-02
5.224609375000000000e-02 -3.125137701145717928e-02
5.236816406250000000e-02 -3.118347435294543599e-02
5.249023437500000000e-02 -3.111555334999928368e-02
5.261230468750000000e-02 -3.104761404257479901e-02
5.273437500000000000e-02 -3.097965647063870634e-02
5.285644531250000000e-02 -3.091168067416914800e-02
5.297851562500000000e-02 -3.084368669315401545e-02
5.310058593750000000e-02 -3.077567456759290609e-02
5.322265625000000000e-02 -3.070764433749528788e-02
5.334472656250000000e-02 -3.063959604288150201e-02
5.346679687500000000e-02 -3.057152972378299888e-02
5.358886718750000000e-02 -3.050344542024108555e-02
5.371093750000000000e-02 -3.043534317230817479e-02
5.383300781250000000e-02 -3.036722302004713631e-02
5.395507812500000000e-02 -3.029908500353097056e-02
5.407714843750000000e-02 -3.023092916284390863e-02
5.419921875000000000e-02 -3.016275553807996890e-02
5.432128906250000000e-02 -3.009456416934419565e-02
5.444335937500000000e-02 -3.002635509675164252e-02
5.456542968750000000e-02 -2.995812836042795191e-02
5.468750000000000000e-02 -2.988988400050928904e-02
5.480957031250000000e-02 -2.982162205714183195e-02
5.493164062500000000e-02 -2.975334257048262848e-02
5.505371093750000000e-02 -2.968504558069839233e-02
5.517578125000000000e-02 -2.961673112796684923e-02
5.529785156250000000e-02 -2.954839925247540466e-02
5.541992187500000000e-02 -2.948004999442176838e-02
5.554199218750000000e-02 -2.941168339401449561e-02
5.566406250000000000e-02 -2.934329949147147440e-02
5.578613281250000000e-02 -2.927489832702153197e-02
5.590820312500000000e-02 -2.920647994090318916e-02
5.603027343750000000e-02 -2.913804437336494496e-02
5.615234375000000000e-02 -2.906959166466616812e-02
5.627441406250000000e-02 -2.900112185507543183e-02
5.639648437500000000e-02 -2.893263498487193275e-02
5.651855468750000000e-02 -2.886413109434483176e-02
5.664062500000000000e-02 -2.879561022379285157e-02
5.676269531250000000e-02 -2.872707241352546667e-02
5.688476562500000000e-02 -2.865851770386136643e-02
5.700683593750000000e-02 -2.858994613512978039e-02
5.712890625000000000e-02 -2.852135774766954499e-02
5.725097656250000000e-02 -2.845275258182925621e-02
5.737304687500000000e-02 -2.838413067796772063e-02
5.749511718750000000e-02 -2.831549207645332744e-02
5.761718750000000000e-02 -2.824683681766466600e-02
5.773925781250000000e-02 -2.817816494198948502e-02
5.786132812500000000e-02 -2.810947648982598662e-02
5.798339843750000000e-02 -2.804077150158171272e-02
5.810546875000000000e-02 -2.797205001767386068e-02
5.822753906250000000e-02 -2.790331207852988007e-02
5.834960937500000000e-02 -2.783455772458610228e-02
5.847167968750000000e-02 -2.776578699628931904e-02
5.859375000000000000e-02 -2.769699993409544675e-02
5.871582031250000000e-02 -2.762819657846994625e-02
5.883789062500000000e-02 -2.755937696988838143e-02
5.895996093750000000e-02 -2.749054114883522915e-02
5.908203125000000000e-02 -2.742168915580509014e-02
5.920410156250000000e-02 -2.735282103130182510e-02
5.932617187500000000e-02 -2.728393681583845404e-02
5.944824218750000000e-02 -2.721503654993819715e-02
5.957031250000000000e-02 -2.714612027413298295e-02
5.969238281250000000e-02 -2.707718802896470073e-02
5.981445312500000000e-02 -2.700823985498440605e-02
5.993652343750000000e-02 -2.693927579275225831e-02
6.005859375000000000e-02 -2.687029588283841239e-02
6.018066406250000000e-02 -2.680130016582161004e-02
6.030273437500000000e-02 -2.673228868229068564e-02
6.042480468750000000e-02 -2.666326147284280718e-02
6.054687500000000000e-02 -2.659421857808533934e-02
6.066894531250000000e-02 -2.652516003863431004e-02
6.079101562500000000e-02 -2.645608589511488917e-02
6.091308593750000000e-02 -2.638699618816188475e-02
6.103515625000000000e-02 -2.631789095841870901e-02
6.115722656250000000e-02 -2.624877024653856847e-02
6.127929687500000000e-02 -2.617963409318309342e-02
6.140136718750000000e-02 -2.611048253902326782e-02
6.152343750000000000e-02 -2.604131562473941189e-02
6.164550781250000000e-02 -2.597213339102043966e-02
6.176757812500000000e-02 -2.590293587856457025e-02
6.188964843750000000e-02 -2.583372312807901555e-02
6.201171875000000000e-02 -2.576449518027948068e-02
6.213378906250000000e-02 -2.569525207589154481e-02
6.225585937500000000e-02 -2.562599385564856905e-02
6.237792968750000000e-02 -2.555672056029377470e-02
6.250000000000000000e-02 -2.548743223057865076e-02
6.262207031250000000e-02 -2.541812890726395657e-02
6.274414062500000000e-02 -2.534881063111887531e-02
6.286621093750000000e-02 -2.527947744292145804e-02
6.298828125000000000e-02 -2.521012938345900539e-02
6.311035156250000000e-02 -2.514076649352670056e-02
6.323242187500000000e-02 -2.507138881392936836e-02
6.335449218750000000e-02 -2.500199638548001105e-02
6.347656250000000000e-02 -2.493258924900009638e-02
6.359863281250000000e-02 -2.486316744532054632e-02
6.372070312500000000e-02 -2.479373101527997114e-02
6.384277343750000000e-02 -2.472427999972638679e-02
6.396484375000000000e-02 -2.465481443951594159e-02
6.408691406250000000e-02 -2.458533437551317993e-02
6.420898437500000000e-02 -2.451583984859176391e-02
6.433105468750000000e-02 -2.444633089963331798e-02
6.445312500000000000e-02 -2.437680756952833455e-02
6.457519531250000000e-02 -2.430726989917554592e-02
6.469726562500000000e-02 -2.423771792948194864e-02
6.481933593750000000e-02 -2.416815170136354593e-02
6.494140625000000000e-02 -2.409857125574401196e-02
6.506347656250000000e-02 -2.402897663355605534e-02
6.518554687500000000e-02 -2.395936787574006605e-02
6.530761718750000000e-02 -2.388974502324547194e-02
6.542968750000000000e-02 -2.382010811702933023e-02
6.555175781250000000e-02 -2.375045719805721212e-02
6.567382812500000000e-02 -2.368079230730311263e-02
6.579589843750000000e-02 -2.361111348574891286e-02
6.591796875000000000e-02 -2.354142077438506689e-02
6.604003906250000000e-02 -2.347171421420996690e-02
6.616210937500000000e-02 -2.340199384622994316e-02
6.628417968750000000e-02 -2.333225971146013836e-02
6.640625000000000000e-02 -2.326251185092279017e-02
6.652832031250000000e-02 -2.319275030564933726e-02
6.665039062500000000e-02 -2.312297511667833066e-02
6.677246093750000000e-02 -2.305318632505672094e-02
6.689453125000000000e-02 -2.298338397183965348e-02
6.701660156250000000e-02 -2.291356809808987177e-02
6.713867187500000000e-02 -2.284373874487836964e-02
6.726074218750000000e-02 -2.277389595328403044e-02
6.738281250000000000e-02 -2.270403976439324539e-02
6.750488281250000000e-02 -2.263417021930100304e-02
6.762695312500000000e-02 -2.256428735910938690e-02
6.774902343750000000e-02 -2.249439122492909171e-02
6.787109375000000000e-02 -2.242448185787779269e-02
6.799316406250000000e-02 -2.235455929908173808e-02
6.811523437500000000e-02 -2.228462358967438564e-02
6.823730468750000000e-02 -2.221467477079703060e-02
6.835937500000000000e-02 -2.214471288359888546e-02
6.848144531250000000e-02 -2.207473796923668102e-02
6.860351562500000000e-02 -2.200475006887498905e-02
6.872558593750000000e-02 -2.193474922368575733e-02
6.884765625000000000e-02 -2.186473547484856991e-02
6.896972656250000000e-02 -2.179470886355084833e-02
6.909179687500000000e-02 -2.172466943098741443e-02
6.921386718750000000e-02 -2.165461721836079573e-02
6.933593750000000000e-02 -2.158455226688081249e-02
6.945800781250000000e-02 -2.151447461776472003e-02
6.958007812500000000e-02 -2.144438431223755215e-02
6.970214843750000000e-02 -2.137428139153146889e-02
6.982421875000000000e-02 -2.130416589688660656e-02
6.994628906250000000e-02 -2.123403786954974892e-02
7.006835937500000000e-02 -2.116389735077538886e-02
7.019042968750000000e-02 -2.109374438182566591e-02
7.031250000000000000e-02 -2.102357900396927687e-02
7.043457031250000000e-02 -2.095340125848329030e-02
7.055664062500000000e-02 -2.088321118665106488e-02
7.067871093750000000e-02 -2.081300882976386962e-02
7.080078125000000000e-02 -2.074279422911984305e-02
7.092285156250000000e-02 -2.067256742602415626e-02
7.104492187500000000e-02 -2.060232846178986638e-02
7.116699218750000000e-02 -2.053207737773645597e-02
7.128906250000000000e-02 -2.046181421519106119e-02
7.141113281250000000e-02 -2.039153901548752812e-02
7.153320312500000000e-02 -2.032125181996678395e-02
7.165527343750000000e-02 -2.025095266997732277e-02
7.177734375000000000e-02 -2.018064160687401548e-02
7.189941406250000000e-02 -2.011031867201939702e-02
7.202148437500000000e-02 -2.003998390678237568e-02
7.214355468750000000e-02 -1.996963735253899641e-02
7.226562500000000000e-02 -1.989927905067260389e-02
7.238769531250000000e-02 -1.982890904257286757e-02
7.250976562500000000e-02 -1.975852736963709666e-02
7.263183593750000000e-02 -1.968813407326866494e-02
7.275390625000000000e-02 -1.961772919487804467e-02
7.287597656250000000e-02 -1.954731277588298358e-02
7.299804687500000000e-02 -1.947688485770718292e-02
7.312011718750000000e-02 -1.940644548178209819e-02
7.324218750000000000e-02 -1.933599468954487477e-02
7.336425781250000000e-02 -1.926553252244041572e-02
7.348632812500000000e-02 -1.919505902191950830e-02
7.360839843750000000e-02 -1.912457422943970864e-02
7.373046875000000000e-02 -1.905407818646580320e-02
7.385253906250000000e-02 -1.898357093446855631e-02
7.397460937500000000e-02 -1.891305251492573364e-02
7.409667968750000000e-02 -1.884252296932142565e-02
7.421875000000000000e-02 -1.877198233914606496e-02
7.434082031250000000e-02 -1.870143066589735614e-02
7.446289062500000000e-02 -1.863086799107864511e-02
7.458496093750000000e-02 -1.856029435620048032e-02
7.470703125000000000e-02 -1.848970980277938117e-02
7.482910156250000000e-02 -1.841911437233819185e-02
7.495117187500000000e-02 -1.834850810640666074e-02
7.507324218750000000e-02 -1.827789104652050023e-02
7.519531250000000000e-02 -1.820726323422206666e-02
7.531738281250000000e-02 -1.813662471105981916e-02
7.543945312500000000e-02 -1.806597551858837858e-02
7.556152343750000000e-02 -1.799531569836909997e-02
7.568359375000000000e-02 -1.792464529196904910e-02
7.580566406250000000e-02 -1.785396434096223062e-02
7.592773437500000000e-02 -1.778327288692797825e-02
7.604980468750000000e-02 -1.771257097145269299e-02
7.617187500000000000e-02 -1.764185863612815000e-02
7.629394531250000000e-02 -1.757113592255258108e-02
7.641601562500000000e-02 -1.750040287233060529e-02
7.653808593750000000e-02 -1.742965952707244137e-02
7.666015625000000000e-02 -1.735890592839477164e-02
7.678222656250000000e-02 -1.728814211791995098e-02
7.690429687500000000e-02 -1.721736813727640925e-02
7.702636718750000000e-02 -1.714658402809887336e-02
7.714843750000000000e-02 -1.707578983202755890e-02
7.727050781250000000e-02 -1.700498559070930463e-02
7.739257812500000000e-02 -1.693417134579611183e-02
7.751464843750000000e-02 -1.686334713894610884e-02
7.763671875000000000e-02 -1.679251301182347819e-02
7.775878906250000000e-02 -1.672166900609796392e-02
7.788085937500000000e-02 -1.665081516344561752e-02
7.800292968750000000e-02 -1.657995152554773977e-02
7.812500000000000000e-02 -1.650907813409132827e-02
7.824707031250000000e-02 -1.643819503076983379e-02
7.836914062500000000e-02 -1.636730225728139088e-02
7.849121093750000000e-02 -1.629639985533110069e-02
7.861328125000000000e-02 -1.622548786662831449e-02
7.873535156250000000e-02 -1.615456633288937793e-02
7.885742187500000000e-02 -1.608363529583516083e-02
7.897949218750000000e-02 -1.601269479719245187e-02
7.910156250000000000e-02 -1.594174487869429169e-02
7.922363281250000000e-02 -1.587078558207812018e-02
7.934570312500000000e-02 -1.579981694908781653e-02
7.946777343750000000e-02 -1.572883902147238777e-02
7.958984375000000000e-02 -1.565785184098595489e-02
7.971191406250000000e-02 -1.558685544938876073e-02
7.983398437500000000e-02 -1.551584988844607188e-02
7.995605468750000000e-02 -1.544483519992876329e-02
8.007812500000000000e-02 -1.537381142561290888e-02
8.020019531250000000e-02 -1.530277860727963582e-02
8.032226562500000000e-02 -1.523173678671613587e-02
8.044433593750000000e-02 -1.516068600571415965e-02
8.056640625000000000e-02 -1.508962630607143043e-02
8.068847656250000000e-02 -1.501855772959038819e-02
8.081054687500000000e-02 -1.494748031807845677e-02
8.093261718750000000e-02 -1.487639411334923563e-02
8.105468750000000000e-02 -1.480529915722038695e-02
8.117675781250000000e-02 -1.473419549151571903e-02
8.129882812500000000e-02 -1.466308315806331107e-02
8.142089843750000000e-02 -1.459196219869701022e-02
8.154296875000000000e-02 -1.452083265525537688e-02
8.166503906250000000e-02 -1.444969456958163784e-02
8.178710937500000000e-02 -1.437854798352517990e-02
8.190917968750000000e-02 -1.430739293893923403e-02
8.203125000000000000e-02 -1.423622947768282340e-02
8.215332031250000000e-02 -1.416505764161947803e-02
8.227539062500000000e-02 -1.409387747261733707e-02
8.239746093750000000e-02 -1.402268901255044643e-02
8.251953125000000000e-02 -1.395149230329666666e-02
8.264160156250000000e-02 -1.388028738673971821e-02
8.276367187500000000e-02 -1.380907430476726629e-02
8.288574218750000000e-02 -1.373785309927199119e-02
8.300781250000000000e-02 -1.366662381215179300e-02
8.312988281250000000e-02 -1.359538648530876637e-02
8.325195312500000000e-02 -1.352414116065037489e-02
8.337402343750000000e-02 -1.345288788008820041e-02
8.349609375000000000e-02 -1.338162668553848425e-02
8.361816406250000000e-02 -1.331035761892281240e-02
8.374023437500000000e-02 -1.323908072216633224e-02
8.386230468750000000e-02 -1.316779603720008747e-02
8.398437500000000000e-02 -1.309650360595840564e-02
8.410644531250000000e-02 -1.302520347038141173e-02
8.422851562500000000e-02 -1.295389567241266894e-02
8.435058593750000000e-02 -1.288258025400064975e-02
8.447265625000000000e-02 -1.281125725709887989e-02
8.459472656250000000e-02 -1.273992672366427818e-02
8.471679687500000000e-02 -1.266858869565924174e-02
8.483886718750000000e-02 -1.259724321504994242e-02
8.496093750000000000e-02 -1.252589032380675704e-02
8.508300781250000000e-02 -1.245453006390508793e-02
8.520507812500000000e-02 -1.238316247732419544e-02
8.532714843750000000e-02 -1.231178760604807396e-02
8.544921875000000000e-02 -1.224040549206450827e-02
8.557128906250000000e-02 -1.216901617736559915e-02
8.569335937500000000e-02 -1.209761970394799407e-02
8.581542968750000000e-02 -1.202621611381242406e-02
8.593750000000000000e-02 -1.195480544896391356e-02
8.605957031250000000e-02 -1.188338775141133292e-02
8.618164062500000000e-02 -1.181196306316776093e-02
8.630371093750000000e-02 -1.174053142625078837e-02
8.642578125000000000e-02 -1.166909288268145120e-02
8.654785156250000000e-02 -1.159764747448566516e-02
8.666992187500000000e-02 -1.152619524369247715e-02
8.679199218750000000e-02 -1.145473623233579652e-02
8.691406250000000000e-02 -1.138327048245285807e-02
8.703613281250000000e-02 -1.131179803608500095e-02
8.715820312500000000e-02 -1.124031893527798441e-02
8.728027343750000000e-02 -1.116883322208078039e-02
8.740234375000000000e-02 -1.109734093854695784e-02
8.752441406250000000e-02 -1.102584212673339385e-02
8.764648437500000000e-02 -1.095433682870078709e-02
8.776855468750000000e-02 -1.088282508651414876e-02
8.789062500000000000e-02 -1.081130694224178602e-02
8.801269531250000000e-02 -1.073978243795626480e-02
8.813476562500000000e-02 -1.066825161573345566e-02
8.825683593750000000e-02 -1.059671451765291199e-02
8.837890625000000000e-02 -1.052517118579837652e-02
8.850097656250000000e-02 -1.045362166225661214e-02
8.862304687500000000e-02 -1.038206598911878623e-02
8.874511718750000000e-02 -1.031050420847909842e-02
8.886718750000000000e-02 -1.023893636243516578e-02
8.898925781250000000e-02 -1.016736249308898554e-02
8.911132812500000000e-02 -1.009578264254503734e-02
8.923339843750000000e-02 -1.002419685291269097e-02
8.935546875000000000e-02 -9.952605166303338941e-03
8.947753906250000000e-02 -9.881007624833008929e-03
8.959960937500000000e-02 -9.809404270620396618e-03
8.972167968750000000e-02 -9.737795145787821530e-03
8.984375000000000000e-02 -9.666180292461416107e-03
8.996582031250000000e-02 -9.594559752770067534e-03
9.008789062500000000e-02 -9.522933568846623370e-03
9.020996093750000000e-02 -9.451301782826703260e-03
9.033203125000000000e-02 -9.379664436849243642e-03
9.045410156250000000e-02 -9.308021573056903669e-03
9.057617187500000000e-02 -9.236373233595223872e-03
9.069824218750000000e-02 -9.164719460613365148e-03
9.082031250000000000e-02 -9.093060296263208442e-03
9.094238281250000000e-02 -9.021395782699673932e-03
9.106445312500000000e-02 -8.949725962081604008e-03
9.118652343750000000e-02 -8.878050876570144773e-03
9.130859375000000000e-02 -8.806370568330352394e-03
9.143066406250000000e-02 -8.734685079529696042e-03
9.155273437500000000e-02 -8.662994452338519322e-03
9.167480468750000000e-02 -8.591298728931237236e-03
9.179687500000000000e-02 -8.519597951483846854e-03
9.191894531250000000e-02 -8.447892162176867670e-03
9.204101562500000000e-02 -8.376181403192378694e-03
9.216308593750000000e-02 -8.304465716716384616e-03
9.228515625000000000e-02 -8.232745144937091489e-03
9.240722656250000000e-02 -8.161019730045697765e-03
9.252929687500000000e-02 -8.089289514236992773e-03
9.265136718750000000e-02 -8.017554539707408626e-03
9.277343750000000000e-02 -7.945814848657289237e-03
9.289550781250000000e-02 -7.874070483289022024e-03
9.301757812500000000e-02 -7.802321485807788178e-03
9.313964843750000000e-02 -7.730567898421874043e-03
9.326171875000000000e-02 -7.658809763341978966e-03
9.338378906250000000e-02 -7.587047122781887497e-03
9.350585937500000000e-02 -7.515280018957379120e-03
9.362792968750000000e-02 -7.443508494087024488e-03
9.375000000000000000e-02 -7.371732590392600891e-03
9.387207031250000000e-02 -7.299952350097635954e-03
9.399414062500000000e-02 -7.228167815429045219e-03
9.411621093750000000e-02 -7.156379028615543134e-03
9.423828125000000000e-02 -7.084586031888423681e-03
9.436035156250000000e-02 -7.012788867482076458e-03
9.448242187500000000e-02 -6.940987577632367310e-03
9.460449218750000000e-02 -6.869182204578891740e-03
9.472656250000000000e-02 -6.797372790562261798e-03
9.484863281250000000e-02 -6.725559377826565918e-03
9.497070312500000000e-02 -6.653742008617486749e-03
9.509277343750000000e-02 -6.581920725183269989e-03
9.521484375000000000e-02 -6.510095569774785110e-03
9.533691406250000000e-02 -6.438266584644754265e-03
9.545898437500000000e-02 -6.366433812048507765e-03
9.558105468750000000e-02 -6.294597294243291924e-03
9.570312500000000000e-02 -6.222757073488432121e-03
9.582519531250000000e-02 -6.150913192046059651e-03
9.594726562500000000e-02 -6.079065692179737822e-03
9.606933593750000000e-02 -6.007214616155980708e-03
9.619140625000000000e-02 -5.935360006242662405e-03
9.631347656250000000e-02 -5.863501904709680565e-03
9.643554687500000000e-02 -5.791640353829886206e-03
9.655761718750000000e-02 -5.719775395876904901e-03
9.667968750000000000e-02 -5.647907073127783097e-03
9.680175781250000000e-02 -5.576035427860502255e-03
9.692382812500000000e-02 -5.504160502354899995e-03
9.704589843750000000e-02 -5.432282338893824544e-03
9.716796875000000000e-02 -5.360400979760578631e-03
9.729003906250000000e-02 -5.288516467241930093e-03
9.741210937500000000e-02 -5.216628843625059631e-03
9.753417968750000000e-02 -5.144738151200120395e-03
9.765625000000000000e-02 -5.072844432258164123e-03
9.777832031250000000e-02 -5.000947729092457793e-03
9.790039062500000000e-02 -4.929048083998045608e-03
9.802246093750000000e-02 -4.857145539271550370e-03
9.814453125000000000e-02 -4.785240137211694764e-03
9.826660156250000000e-02 -4.713331920118395829e-03
9.838867187500000000e-02 -4.641420930293117982e-03
9.851074218750000000e-02 -4.569507210039554755e-03
9.863281250000000000e-02 -4.497590801662623532e-03
9.875488281250000000e-02 -4.425671747469021519e-03
9.887695312500000000e-02 -4.353750089766858858e-03
9.899902343750000000e-02 -4.281825870865365452e-03
9.912109375000000000e-02 -4.209899133076291759e-03
9.924316406250000000e-02 -4.137969918711662323e-03
9.936523437500000000e-02 -4.066038270086339695e-03
9.948730468750000000e-02 -3.994104229515432758e-03
9.960937500000000000e-02 -3.922167839315670625e-03
9.973144531250000000e-02 -3.850229141805869282e-03
9.985351562500000000e-02 -3.778288179305080638e-03
9.997558593750000000e-02 -3.706344994135077949e-03
1.000976562500000000e-01 -3.634399628617580695e-03
1.002197265625000000e-01 -3.562452125076696202e-03
1.003417968750000000e-01 -3.490502525836938590e-03
1.004638671875000000e-01 -3.418550873224237945e-03
1.005859375000000000e-01 -3.346597209566266017e-03
1.007080078125000000e-01 -3.274641577191306913e-03
1.008300781250000000e-01 -3.202684018429248925e-03
1.009521484375000000e-01 -3.130724575610770947e-03
1.010742187500000000e-01 -3.058763291067423135e-03
1.011962890625000000e-01 -2.986800207132552388e-03
1.013183593750000000e-01 -2.914835366139937548e-03
1.014404296875000000e-01 -2.842868810425033636e-03
1.015625000000000000e-01 -2.770900582323610525e-03
1.016845703125000000e-01 -2.698930724172594279e-03
1.018066406250000000e-01 -2.626959278310331269e-03
1.019287109375000000e-01 -2.554986287075304043e-03
1.020507812500000000e-01 -2.483011792807988775e-03
1.021728515625000000e-01 -2.411035837848873788e-03
1.022949218750000000e-01 -2.339058464539215450e-03
1.024169921875000000e-01 -2.267079715222016564e-03
1.025390625000000000e-01 -2.195099632239761681e-03
1.026611328125000000e-01 -2.123118257937415577e-03
1.027832031250000000e-01 -2.051135634658974617e-03
1.029052734375000000e-01 -1.979151804750589692e-03
1.030273437500000000e-01 -1.907166810558142160e-03
1.031494140625000000e-01 -1.835180694428366430e-03
1.032714843750000000e-01 -1.763193498709233987e-03
1.033935546875000000e-01 -1.691205265748631963e-03
1.035156250000000000e-01 -1.619216037895811417e-03
1.036376953125000000e-01 -1.547225857499895472e-03
1.037597656250000000e-01 -1.475234766910646931e-03
1.038818359375000000e-01 -1.403242808478913665e-03
1.040039062500000000e-01 -1.331250024555422334e-03
1.041259765625000000e-01 -1.259256457492142741e-03
1.042480468750000000e-01 -1.187262149640686036e-03
1.043701171875000000e-01 -1.115267143353263803e-03
1.044921875000000000e-01 -1.043271480983199362e-03
1.046142578125000000e-01 -9.712752048830052692e-04
1.047363281250000000e-01 -8.992783574069718481e-04
1.048583984375000000e-01 -8.272809809087075658e-04
1.049804687500000000e-01 -7.552831177420938919e-04
1.051025390625000000e-01 -6.832848102621169898e-04
1.052246093750000000e-01 -6.112861008229041179e-04
1.053466796875000000e-01 -5.392870317802076451e-04
1.054687500000000000e-01 -4.672876454886140977e-04
1.055908203125000000e-01 -3.952879843040109364e-04
1.057128906250000000e-01 -3.232880905815923829e-04
1.058349609375000000e-01 -2.512880066769615115e-04
1.059570312500000000e-01 -1.792877749461448860e-04
1.060791015625000000e-01 -1.072874377448116220e-04
1.062011718750000000e-01 -3.528703742926399603e-05
1.063232421875000000e-01 3.671338364464790254e-05
1.064453125000000000e-01 1.087137831212970046e-04
1.065673828125000000e-01 1.807141186443687755e-04
1.066894531250000000e-01 2.527143478579920517e-04
1.068115234375000000e-01 3.247144284061679437e-04
1.069335937500000000e-01 3.967143179331107162e-04
1.070556640625000000e-01 4.687139740835418508e-04
1.071777343750000000e-01 5.407133545013434938e-04
1.072998046875000000e-01 6.127124168317603630e-04
1.074218750000000000e-01 6.847111187188939388e-04
1.075439453125000000e-01 7.567094178080722598e-04
1.076660156250000000e-01 8.287072717449349641e-04
1.077880859375000000e-01 9.007046381743405222e-04
1.079101562500000000e-01 9.727014747428215213e-04
1.080322265625000000e-01 1.044697739095781135e-03
1.081542968750000000e-01 1.116693388880142697e-03
1.082763671875000000e-01 1.188688381742278657e-03
1.083984375000000000e-01 1.260682675329731755e-03
1.085205078125000000e-01 1.332676227290252894e-03
1.086425781250000000e-01 1.404668995271574983e-03
1.087646484375000000e-01 1.476660936922461137e-03
1.088867187500000000e-01 1.548652009891493845e-03
1.090087890625000000e-01 1.620642171828476407e-03
1.091308593750000000e-01 1.692631380383639297e-03
1.092529296875000000e-01 1.764619593207242048e-03
1.093750000000000000e-01 1.836606767950774545e-03
1.094970703125000000e-01 1.908592862265588545e-03
1.096191406250000000e-01 1.980577833804379566e-03
1.097412109375000000e-01 2.052561640220490393e-03
1.098632812500000000e-01 2.124544239167280510e-03
1.099853515625000000e-01 2.196525588299763458e-03
1.101074218750000000e-01 2.268505645272458817e-03
1.102294921875000000e-01 2.340484367741720636e-03
1.103515625000000000e-01 2.412461713364635451e-03
1.104736328125000000e-01 2.484437639798210435e-03
1.105957031250000000e-01 2.556412104701462872e-03
1.107177734375000000e-01 2.628385065733065701e-03
1.108398437500000000e-01 2.700356480553606133e-03
1.109619140625000000e-01 2.772326306823798443e-03
1.110839843750000000e-01 2.844294502205780249e-03
1.112060546875000000e-01 2.916261024362905210e-03
1.113281250000000000e-01 2.988225830958677037e-03
1.114501953125000000e-01 3.060188879658308145e-03
1.115722656250000000e-01 3.132150128127446798e-03
1.116943359375000000e-01 3.204109534033282129e-03
1.118164062500000000e-01 3.276067055044346379e-03
1.119384765625000000e-01 3.348022648829354804e-03
1.120605468750000000e-01 3.419976273059083943e-03
1.121826171875000000e-01 3.491927885404649910e-03
1.123046875000000000e-01 3.563877443539024102e-03
1.124267578125000000e-01 3.635824905136347124e-03
1.125488281250000000e-01 3.707770227871242264e-03
1.126708984375000000e-01 3.779713369420912780e-03
1.127929687500000000e-01 3.851654287462201974e-03
1.129150390625000000e-01 3.923592939674395638e-03
1.130371093750000000e-01 3.995529283738396761e-03
1.131591796875000000e-01 4.067463277334997310e-03
1.132812500000000000e-01 4.139394878148288694e-03
1.134033203125000000e-01 4.211324043861747364e-03
1.135253906250000000e-01 4.283250732162104980e-03
1.136474609375000000e-01 4.355174900736134835e-03
1.137695312500000000e-01 4.427096507272943425e-03
1.138916015625000000e-01 4.499015509463178547e-03
1.140136718750000000e-01 4.570931864998423882e-03
1.141357421875000000e-01 4.642845531572355189e-03
1.142578125000000000e-01 4.714756466879586709e-03
1.143798828125000000e-01 4.786664628617090175e-03
1.145019531250000000e-01 4.858569974483357805e-03
1.146240234375000000e-01 4.930472462177955609e-03
1.147460937500000000e-01 5.002372049402807087e-03
1.148681640625000000e-01 5.074268693860743001e-03
1.149902343750000000e-01 5.146162353257221350e-03
1.151123046875000000e-01 5.218052985299140821e-03
1.152343750000000000e-01 5.289940547694752318e-03
1.153564453125000000e-01 5.361824998154914902e-03
1.154785156250000000e-01 5.433706294391293413e-03
1.156005859375000000e-01 5.505584394118222431e-03
1.157226562500000000e-01 5.577459255051945598e-03
1.158447265625000000e-01 5.649330834909854077e-03
1.159667968750000000e-01 5.721199091412360917e-03
1.160888671875000000e-01 5.793063982280475914e-03
1.162109375000000000e-01 5.864925465238513512e-03
1.163330078125000000e-01 5.936783498011750058e-03
1.164550781250000000e-01 6.008638038328238326e-03
1.165771484375000000e-01 6.080489043918050306e-03
1.166992187500000000e-01 6.152336472512683931e-03
1.168212890625000000e-01 6.224180281846358048e-03
1.169433593750000000e-01 6.296020429654975055e-03
1.170654296875000000e-01 6.367856873676896318e-03
1.171875000000000000e-01 6.439689571653054931e-03
1.173095703125000000e-01 6.511518481325531509e-03
1.174316406250000000e-01 6.583343560439582944e-03
1.175537109375000000e-01 6.655164766741961460e-03
1.176757812500000000e-01 6.726982057982432497e-03
1.177978515625000000e-01 6.798795391912867449e-03
1.179199218750000000e-01 6.870604726286918401e-03
1.180419921875000000e-01 6.942410018861645306e-03
1.181640625000000000e-01 7.014211227395028385e-03
1.182861328125000000e-01 7.086008309648611850e-03
1.184082031250000000e-01 7.157801223386398015e-03
1.185302734375000000e-01 7.229589926373773505e-03
1.186523437500000000e-01 7.301374376380121746e-03
1.187744140625000000e-01 7.373154531175714343e-03
1.188964843750000000e-01 7.444930348534645366e-03
1.190185546875000000e-01 7.516701786232596154e-03
1.191406250000000000e-01 7.588468802048612544e-03
1.192626953125000000e-01 7.660231353764130821e-03
1.193847656250000000e-01 7.731989399162867566e-03
1.195068359375000000e-01 7.803742896031485785e-03
1.196289062500000000e-01 7.875491802158983423e-03
1.197509765625000000e-01 7.947236075337539910e-03
1.198730468750000000e-01 8.018975673362210843e-03
1.199951171875000000e-01 8.090710554029904508e-03
1.201171875000000000e-01 8.162440675141192925e-03
1.202392578125000000e-01 8.234165994498686414e-03
1.203613281250000000e-01 8.305886469908438721e-03
1.204833984375000000e-01 8.377602059179471705e-03
1.206054687500000000e-01 8.449312720122748380e-03
1.207275390625000000e-01 8.521018410553429789e-03
1.208496093750000000e-01 8.592719088288146290e-03
1.209716796875000000e-01 8.664414711147589224e-03
1.210937500000000000e-01 8.736105236955414577e-03
1.212158203125000000e-01 8.807790623537278471e-03
1.213378906250000000e-01 8.879470828723331696e-03
1.214599609375000000e-01 8.951145810344994860e-03
1.215820312500000000e-01 9.022815526238500694e-03
1.217041015625000000e-01 9.094479934241807978e-03
1.218261718750000000e-01 9.166138992196896582e-03
1.219482421875000000e-01 9.237792657948860203e-03
1.220703125000000000e-01 9.309440889345250644e-03
1.221923828125000000e-01 9.381083644237569671e-03
1.223144531250000000e-01 9.452720880479810114e-03
1.224365234375000000e-01 9.524352555929888747e-03
1.225585937500000000e-01 9.595978628449068626e-03
1.226806640625000000e-01 9.667599055901027541e-03
1.228027343750000000e-01 9.739213796153766214e-03
1.229248046875000000e-01 9.810822807077613367e-03
1.230468750000000000e-01 9.882426046547199833e-03
1.231689453125000000e-01 9.954023472440426401e-03
1.232910156250000000e-01 1.002561504263789829e-02
1.234130859375000000e-01 1.009720071502465642e-02
1.235351562500000000e-01 1.016878044748800898e-02
1.236572265625000000e-01 1.024035419791984904e-02
1.237792968750000000e-01 1.031192192421537604e-02
1.239013671875000000e-01 1.038348358427266908e-02
1.240234375000000000e-01 1.045503913599448061e-02
1.241455078125000000e-01 1.052658853728571930e-02
1.242675781250000000e-01 1.059813174605646856e-02
1.243896484375000000e-01 1.066966872021909464e-02
1.245117187500000000e-01 1.074119941769045503e-02
1.246337890625000000e-01 1.081272379639119062e-02
1.247558593750000000e-01 1.088424181424505963e-02
1.248779296875000000e-01 1.095575342917993154e-02
1.250000000000000000e-01 1.102725859912709501e-02
1.251220703125000000e-01 1.109875728202215119e-02
1.252441406250000000e-01 1.117024943580450375e-02
1.253662109375000000e-01 1.124173501841676907e-02
1.254882812500000000e-01 1.131321398780612414e-02
1.256103515625000000e-01 1.138468630192286495e-02
1.257324218750000000e-01 1.145615191872202676e-02
1.258544921875000000e-01 1.152761079616243176e-02
1.259765625000000000e-01 1.159906289220605582e-02
1.260986328125000000e-01 1.167050816482030455e-02
1.262207031250000000e-01 1.174194657197491845e-02
1.263427734375000000e-01 1.181337807164506773e-02
1.264648437500000000e-01 1.188480262180902254e-02
1.265869140625000000e-01 1.195622018044977149e-02
1.267089843750000000e-01 1.202763070555472324e-02
1.268310546875000000e-01 1.209903415511393888e-02
1.269531250000000000e-01 1.217043048712340876e-02
1.270751953125000000e-01 1.224181965958190746e-02
1.271972656250000000e-01 1.231320163049323506e-02
1.273193359375000000e-01 1.238457635786560651e-02
1.274414062500000000e-01 1.245594379971066284e-02
1.275634765625000000e-01 1.252730391404503416e-02
1.276855468750000000e-01 1.259865665888899519e-02
1.278076171875000000e-01 1.267000199226782017e-02
1.279296875000000000e-01 1.274133987221121207e-02
1.280517578125000000e-01 1.281267025675250811e-02
1.281738281250000000e-01 1.288399310393010221e-02
1.282958984375000000e-01 1.295530837178627062e-02
1.284179687500000000e-01 1.302661601836826825e-02
1.285400390625000000e-01 1.309791600172792447e-02
1.286621093750000000e-01 1.316920827992083647e-02
1.287841796875000000e-01 1.324049281100828264e-02
1.289062500000000000e-01 1.331176955305441410e-02
1.290283203125000000e-01 1.338303846412981085e-02
1.291503906250000000e-01 1.345429950230823783e-02
1.292724609375000000e-01 1.352555262566884110e-02
1.293945312500000000e-01 1.359679779229585814e-02
1.295166015625000000e-01 1.366803496027648064e-02
1.296386718750000000e-01 1.373926408770465360e-02
1.297607421875000000e-01 1.381048513267743062e-02
1.298828125000000000e-01 1.388169805329763154e-02
1.300048828125000000e-01 1.395290280767281198e-02
1.301269531250000000e-01 1.402409935391462845e-02
1.302490234375000000e-01 1.409528765014025908e-02
1.303710937500000000e-01 1.416646765447106271e-02
1.304931640625000000e-01 1.423763932503384518e-02
1.306152343750000000e-01 1.430880261996059916e-02
1.307373046875000000e-01 1.437995749738724301e-02
1.308593750000000000e-01 1.445110391545557579e-02
1.309814453125000000e-01 1.452224183231146104e-02
1.311035156250000000e-01 1.459337120610667941e-02
1.312255859375000000e-01 1.466449199499785666e-02
1.313476562500000000e-01 1.473560415714598483e-02
1.314697265625000000e-01 1.480670765071819169e-02
1.315917968750000000e-01 1.487780243388540057e-02
1.317138671875000000e-01 1.494888846482503135e-02
1.318359375000000000e-01 1.501996570171843307e-02
1.319580078125000000e-01 1.509103410275303321e-02
1.320800781250000000e-01 1.516209362612144784e-02
1.322021484375000000e-01 1.523314423002042339e-02
1.323242187500000000e-01 1.530418587265342141e-02
1.324462890625000000e-01 1.537521851222785688e-02
1.325683593750000000e-01 1.544624210695745396e-02
1.326904296875000000e-01 1.551725661506096060e-02
1.328125000000000000e-01 1.558826199476209817e-02
1.329345703125000000e-01 1.565925820429046877e-02
1.330566406250000000e-01 1.573024520188041550e-02
1.331787109375000000e-01 1.580122294577235992e-02
1.333007812500000000e-01 1.587219139421227818e-02
1.334228515625000000e-01 1.594315050545077814e-02
1.335449218750000000e-01 1.601410023774475777e-02
1.336669921875000000e-01 1.608504054935585778e-02
1.337890625000000000e-01 1.615597139855201245e-02
1.339111328125000000e-01 1.622689274360680778e-02
1.340332031250000000e-01 1.629780454279828109e-02
1.341552734375000000e-01 1.636870675441174858e-02
1.342773437500000000e-01 1.643959933673629775e-02
1.343994140625000000e-01 1.651048224806842338e-02
1.345214843750000000e-01 1.658135544670893621e-02
1.346435546875000000e-01 1.665221889096523203e-02
1.347656250000000000e-01 1.672307253915064629e-02
1.348876953125000000e-01 1.679391634958288596e-02
1.350097656250000000e-01 1.686475028058719711e-02
1.351318359375000000e-01 1.693557429049304813e-02
1.352539062500000000e-01 1.700638833763684979e-02
1.353759765625000000e-01 1.707719238036095599e-02
1.354980468750000000e-01 1.714798637701250850e-02
1.356201171875000000e-01 1.721877028594568163e-02
1.357421875000000000e-01 1.728954406551963530e-02
1.358642578125000000e-01 1.736030767410030526e-02
1.359863281250000000e-01 1.743106107005948369e-02
1.361083984375000000e-01 1.750180421177441326e-02
1.362304687500000000e-01 1.757253705762899451e-02
1.363525390625000000e-01 1.764325956601246401e-02
1.364746093750000000e-01 1.771397169532092433e-02
1.365966796875000000e-01 1.778467340395650451e-02
1.367187500000000000e-01 1.785536465032670078e-02
1.368408203125000000e-01 1.792604539284627790e-02
1.369628906250000000e-01 1.799671558993479886e-02
1.370849609375000000e-01 1.806737520001948025e-02
1.372070312500000000e-01 1.813802418153253465e-02
1.373291015625000000e-01 1.820866249291322111e-02
1.374511718750000000e-01 1.827929009260741838e-02
1.375732421875000000e-01 1.834990693906576181e-02
1.376953125000000000e-01 1.842051299074690812e-02
1.378173828125000000e-01 1.849110820611456207e-02
1.379394531250000000e-01 1.856169254363967611e-02
1.380615234375000000e-01 1.863226596179961767e-02
1.381835937500000000e-01 1.870282841907734694e-02
1.383056640625000000e-01 1.877337987396317243e-02
1.384277343750000000e-01 1.884392028495300922e-02
1.385498046875000000e-01 1.891444961054999929e-02
1.386718750000000000e-01 1.898496780926396330e-02
1.387939453125000000e-01 1.905547483961029034e-02
1.389160156250000000e-01 1.912597066011198152e-02
1.390380859375000000e-01 1.919645522929745718e-02
1.391601562500000000e-01 1.926692850570303414e-02
1.392822265625000000e-01 1.933739044787115280e-02
1.394042968750000000e-01 1.940784101435047426e-02
1.395263671875000000e-01 1.947828016369736182e-02
1.396484375000000000e-01 1.954870785447345577e-02
1.397705078125000000e-01 1.961912404524871964e-02
1.398925781250000000e-01 1.968952869459840438e-02
1.400146484375000000e-01 1.975992176110566781e-02
1.401367187500000000e-01 1.983030320336053032e-02
1.402587890625000000e-01 1.990067297995852524e-02
1.403808593750000000e-01 1.997103104950356117e-02
1.405029296875000000e-01 2.004137737060528515e-02
1.406250000000000000e-01 2.011171190188108457e-02
1.407470703125000000e-01 2.018203460195521631e-02
1.408691406250000000e-01 2.025234542945828983e-02
1.409912109375000000e-01 2.032264434302838430e-02
1.411132812500000000e-01 2.039293130131015347e-02
1.412353515625000000e-01 2.046320626295584574e-02
1.413574218750000000e-01 2.053346918662484963e-02
1.414794921875000000e-01 2.060372003098278129e-02
1.416015625000000000e-01 2.067395875470321581e-02
1.417236328125000000e-01 2.074418531646611552e-02
1.418457031250000000e-01 2.081439967495917615e-02
1.419677734375000000e-01 2.088460178887757701e-02
1.420898437500000000e-01 2.095479161692241285e-02
1.422119140625000000e-01 2.102496911780372263e-02
1.423339843750000000e-01 2.109513425023697847e-02
1.424560546875000000e-01 2.116528697294656550e-02
1.425781250000000000e-01 2.123542724466283282e-02
1.427001953125000000e-01 2.130555502412427929e-02
1.428222656250000000e-01 2.137567027007722040e-02
1.429443359375000000e-01 2.144577294127349501e-02
1.430664062500000000e-01 2.151586299647444481e-02
1.431884765625000000e-01 2.158594039444723320e-02
1.433105468750000000e-01 2.165600509396740578e-02
1.434326171875000000e-01 2.172605705381812358e-02
1.435546875000000000e-01 2.179609623278902508e-02
1.436767578125000000e-01 2.186612258967821770e-02
1.437988281250000000e-01 2.193613608329059508e-02
1.439208984375000000e-01 2.200613667243926999e-02
1.440429687500000000e-01 2.207612431594502961e-02
1.441650390625000000e-01 2.214609897263545082e-02
1.442871093750000000e-01 2.221606060134662108e-02
1.444091796875000000e-01 2.228600916092143835e-02
1.445312500000000000e-01 2.235594461021116197e-02
1.446533203125000000e-01 2.242586690807499977e-02
1.447753906250000000e-01 2.249577601337885563e-02
1.448974609375000000e-01 2.256567188499770255e-02
1.450195312500000000e-01 2.263555448181272384e-02
1.451416015625000000e-01 2.270542376271453625e-02
1.452636718750000000e-01 2.277527968660025132e-02
1.453857421875000000e-01 2.284512221237576177e-02
1.455078125000000000e-01 2.291495129895480126e-02
1.456298828125000000e-01 2.298476690525799032e-02
1.457519531250000000e-01 2.305456899021532044e-02
1.458740234375000000e-01 2.312435751276343751e-02
1.459960937500000000e-01 2.319413243184771309e-02
1.461181640625000000e-01 2.326389370642181764e-02
1.462402343750000000e-01 2.333364129544648197e-02
1.463623046875000000e-01 2.340337515789128742e-02
1.464843750000000000e-01 2.347309525273323649e-02
1.466064453125000000e-01 2.354280153895789776e-02
1.467285156250000000e-01 2.361249397555937116e-02
1.468505859375000000e-01 2.368217252153878224e-02
1.469726562500000000e-01 2.375183713590646450e-02
1.470947265625000000e-01 2.382148777767998521e-02
1.472167968750000000e-01 2.389112440588600852e-02
1.473388671875000000e-01 2.396074697955937957e-02
1.474609375000000000e-01 2.403035545774232645e-02
1.475830078125000000e-01 2.409994979948675356e-02
1.477050781250000000e-01 2.416952996385118499e-02
1.478271484375000000e-01 2.423909590990413684e-02
1.479492187500000000e-01 2.430864759672123759e-02
1.480712890625000000e-01 2.437818498338709464e-02
1.481933593750000000e-01 2.444770802899544002e-02
1.483154296875000000e-01 2.451721669264650405e-02
1.484375000000000000e-01 2.458671093345097050e-02
1.485595703125000000e-01 2.465619071052655223e-02
1.486816406250000000e-01 2.472565598300040940e-02
1.488037109375000000e-01 2.479510671000816416e-02
1.489257812500000000e-01 2.486454285069333858e-02
1.490478515625000000e-01 2.493396436420878409e-02
1.491699218750000000e-01 2.500337120971500918e-02
1.492919921875000000e-01 2.507276334638218127e-02
1.494140625000000000e-01 2.514214073338896793e-02
1.495361328125000000e-01 2.521150332992197485e-02
1.496582031250000000e-01 2.528085109517730356e-02
1.497802734375000000e-01 2.535018398835896941e-02
1.499023437500000000e-01 2.541950196868052528e-02
1.500244140625000000e-01 2.548880499536429131e-02
1.501464843750000000e-01 2.555809302764050842e-02
1.502685546875000000e-01 2.562736602474950665e-02
1.503906250000000000e-01 2.569662394593890190e-02
1.505126953125000000e-01 2.576586675046684677e-02
1.506347656250000000e-01 2.583509439759884563e-02
1.507568359375000000e-01 2.590430684661043301e-02
1.508789062500000000e-01 2.597350405678620563e-02
1.510009765625000000e-01 2.604268598741825425e-02
1.511230468750000000e-01 2.611185259780945608e-02
1.512451171875000000e-01 2.618100384727019975e-02
1.513671875000000000e-01 2.625013969512091441e-02
1.514892578125000000e-01 2.631926010069108104e-02
1.516113281250000000e-01 2.638836502331848646e-02
1.517333984375000000e-01 2.645745442235077072e-02
1.518554687500000000e-01 2.652652825714397339e-02
1.519775390625000000e-01 2.659558648706403239e-02
1.520996093750000000e-01 2.666462907148613171e-02
1.522216796875000000e-01 2.673365596979373343e-02
1.523437500000000000e-01 2.680266714138050330e-02
1.524658203125000000e-01 2.687166254564841636e-02
1.525878906250000000e-01 2.694064214200960969e-02
1.527099609375000000e-01 2.700960588988544214e-02
1.528320312500000000e-01 2.707855374870569987e-02
1.529541015625000000e-01 2.714748567791095898e-02
1.530761718750000000e-01 2.721640163694929310e-02
1.531982421875000000e-01 2.728530158528010702e-02
1.533203125000000000e-01 2.735418548237072978e-02
1.534423828125000000e-01 2.742305328769869405e-02
1.535644531250000000e-01 2.749190496075152798e-02
1.536865234375000000e-01 2.756074046102440639e-02
1.538085937500000000e-01 2.762955974802415449e-02
1.539306640625000000e-01 2.769836278126539333e-02
1.540527343750000000e-01 2.776714952027347846e-02
1.541748046875000000e-01 2.783591992458319883e-02
1.542968750000000000e-01 2.790467395373825640e-02
1.544189453125000000e-01 2.797341156729271638e-02
1.545410156250000000e-01 2.804213272480961250e-02
1.546630859375000000e-01 2.811083738586226191e-02
1.547851562500000000e-01 2.817952551003387318e-02
1.549072265625000000e-01 2.824819705691646032e-02
1.550292968750000000e-01 2.831685198611273713e-02
1.551513671875000000e-01 2.838549025723420549e-02
1.552734375000000000e-01 2.845411182990309831e-02
1.553955078125000000e-01 2.852271666375141845e-02
1.555175781250000000e-01 2.859130471842010260e-02
1.556396484375000000e-01 2.865987595356134579e-02
1.557617187500000000e-01 2.872843032883543382e-02
1.558837890625000000e-01 2.879696780391446595e-02
1.560058593750000000e-01 2.886548833847900342e-02
1.561279296875000000e-01 2.893399189222042173e-02
1.562500000000000000e-01 2.900247842484025493e-02
1.563720703125000000e-01 2.907094789604897089e-02
1.564941406250000000e-01 2.913940026556828544e-02
1.566162109375000000e-01 2.920783549312884475e-02
1.567382812500000000e-01 2.927625353847232784e-02
1.568603515625000000e-01 2.934465436135044736e-02
1.569824218750000000e-01 2.941303792152430083e-02
1.571044921875000000e-01 2.948140417876593880e-02
1.572265625000000000e-01 2.954975309285667873e-02
1.573486328125000000e-01 2.961808462358904784e-02
1.574707031250000000e-01 2.968639873076567293e-02
1.575927734375000000e-01 2.975469537419839217e-02
1.577148437500000000e-01 2.982297451371102373e-02
1.578369140625000000e-01 2.989123610913553553e-02
1.579589843750000000e-01 2.995948012031602811e-02
1.580810546875000000e-01 3.002770650710655242e-02
1.582031250000000000e-01 3.009591522937068997e-02
1.583251953125000000e-01 3.016410624698373857e-02
1.584472656250000000e-01 3.023227951982982928e-02
1.585693359375000000e-01 3.030043500780509394e-02
1.586914062500000000e-01 3.036857267081474743e-02
1.588134765625000000e-01 3.043669246877556828e-02
1.589355468750000000e-01 3.050479436161472602e-02
1.590576171875000000e-01 3.057287830926910810e-02
1.591796875000000000e-01 3.064094427168702686e-02
1.593017578125000000e-01 3.070899220882658542e-02
1.594238281250000000e-01 3.077702208065718342e-02
1.595458984375000000e-01 3.084503384715904517e-02
1.596679687500000000e-01 3.091302746832200188e-02
1.597900390625000000e-01 3.098100290414753169e-02
1.599121093750000000e-01 3.104896011464689659e-02
1.600341796875000000e-01 3.111689905984299856e-02
1.601562500000000000e-01 3.118481969976942547e-02
1.602783203125000000e-01 3.125272199446954557e-02
1.604003906250000000e-01 3.132060590399908528e-02
1.605224609375000000e-01 3.138847138842252443e-02
1.606445312500000000e-01 3.145631840781696470e-02
1.607666015625000000e-01 3.152414692227013815e-02
1.608886718750000000e-01 3.159195689187950518e-02
1.610107421875000000e-01 3.165974827675514802e-02
1.611328125000000000e-01 3.172752103701598908e-02
1.612548828125000000e-01 3.179527513279398199e-02
1.613769531250000000e-01 3.186301052423054503e-02
1.614990234375000000e-01 3.193072717147887180e-02
1.616210937500000000e-01 3.199842503470348015e-02
1.617431640625000000e-01 3.206610407407885915e-02
1.618652343750000000e-01 3.213376424979158541e-02
1.619873046875000000e-01 3.220140552203834550e-02
1.621093750000000000e-01 3.226902785102786497e-02
1.622314453125000000e-01 3.233663119698001326e-02
1.623535156250000000e-01 3.240421552012503342e-02
1.624755859375000000e-01 3.247178078070511037e-02
1.625976562500000000e-01 3.253932693897280265e-02
1.627197265625000000e-01 3.260685395519285351e-02
1.628417968750000000e-01 3.267436178964113619e-02
1.629638671875000000e-01 3.274185040260383511e-02
1.630859375000000000e-01 3.280931975438008963e-02
1.632080078125000000e-01 3.287676980527833720e-02
1.633300781250000000e-01 3.294420051561997020e-02
1.634521484375000000e-01 3.301161184573752488e-02
1.635742187500000000e-01 3.307900375597404297e-02
1.636962890625000000e-01 3.314637620668536150e-02
1.638183593750000000e-01 3.321372915823714994e-02
1.639404296875000000e-01 3.328106257100810206e-02
1.640625000000000000e-01 3.334837640538703546e-02
1.641845703125000000e-01 3.341567062177536879e-02
1.643066406250000000e-01 3.348294518058594210e-02
1.644287109375000000e-01 3.355020004224234381e-02
1.645507812500000000e-01 3.361743516718063152e-02
1.646728515625000000e-01 3.368465051584765974e-02
1.647949218750000000e-01 3.375184604870265503e-02
1.649169921875000000e-01 3.381902172621648744e-02
1.650390625000000000e-01 3.388617750887102514e-02
1.651611328125000000e-01 3.395331335716059856e-02
1.652832031250000000e-01 3.402042923159032117e-02
1.654052734375000000e-01 3.408752509267804626e-02
1.655273437500000000e-01 3.415460090095339546e-02
1.656494140625000000e-01 3.422165661695660693e-02
1.657714843750000000e-01 3.428869220124149825e-02
1.658935546875000000e-01 3.435570761437168469e-02
1.660156250000000000e-01 3.442270281692422218e-02
1.661376953125000000e-01 3.448967776948789338e-02
1.662597656250000000e-01 3.455663243266239582e-02
1.663818359375000000e-01 3.462356676706088848e-02
1.665039062500000000e-01 3.469048073330664034e-02
1.666259765625000000e-01 3.475737429203669404e-02
1.667480468750000000e-01 3.482424740389856999e-02
1.668701171875000000e-01 3.489110002955294471e-02
1.669921875000000000e-01 3.495793212967246433e-02
1.671142578125000000e-01 3.502474366494098129e-02
1.672363281250000000e-01 3.509153459605542091e-02
1.673583984375000000e-01 3.515830488372380380e-02
1.674804687500000000e-01 3.522505448866723732e-02
1.676025390625000000e-01 3.529178337161904128e-02
1.677246093750000000e-01 3.535849149332378344e-02
1.678466796875000000e-01 3.542517881453911832e-02
1.679687500000000000e-01 3.549184529603414961e-02
1.680908203125000000e-01 3.555849089859099837e-02
1.682128906250000000e-01 3.562511558300417852e-02
1.683349609375000000e-01 3.569171931007933396e-02
1.684570312500000000e-01 3.575830204063614598e-02
1.685791015625000000e-01 3.582486373550462788e-02
1.687011718750000000e-01 3.589140435552877484e-02
1.688232421875000000e-01 3.595792386156482917e-02
1.689453125000000000e-01 3.602442221448033666e-02
1.690673828125000000e-01 3.609089937515694291e-02
1.691894531250000000e-01 3.615735530448679902e-02
1.693115234375000000e-01 3.622378996337642654e-02
1.694335937500000000e-01 3.629020331274336597e-02
1.695556640625000000e-01 3.635659531351868867e-02
1.696777343750000000e-01 3.642296592664607396e-02
1.697998046875000000e-01 3.648931511308080994e-02
1.699218750000000000e-01 3.655564283379178492e-02
1.700439453125000000e-01 3.662194904975954457e-02
1.701660156250000000e-01 3.668823372197824867e-02
1.702880859375000000e-01 3.675449681145464415e-02
1.704101562500000000e-01 3.682073827920735037e-02
1.705322265625000000e-01 3.688695808626856615e-02
1.706542968750000000e-01 3.695315619368237658e-02
1.707763671875000000e-01 3.701933256250644622e-02
1.708984375000000000e-01 3.708548715381131816e-02
1.710205078125000000e-01 3.715161992867924146e-02
1.711425781250000000e-01 3.721773084820689109e-02
1.712646484375000000e-01 3.728381987350180837e-02
1.713867187500000000e-01 3.734988696568610628e-02
1.715087890625000000e-01 3.741593208589456127e-02
1.716308593750000000e-01 3.748195519527383612e-02
1.717529296875000000e-01 3.754795625498505429e-02
1.718750000000000000e-01 3.761393522620051083e-02
1.719970703125000000e-01 3.767989207010730840e-02
1.721191406250000000e-01 3.774582674790408904e-02
1.722412109375000000e-01 3.781173922080345584e-02
1.723632812500000000e-01 3.787762945003120274e-02
1.724853515625000000e-01 3.794349739682525285e-02
1.726074218750000000e-01 3.800934302243757362e-02
1.727294921875000000e-01 3.807516628813233106e-02
1.728515625000000000e-01 3.814096715518772857e-02
1.729736328125000000e-01 3.820674558489518813e-02
1.730957031250000000e-01 3.827250153855842746e-02
1.732177734375000000e-01 3.833823497749525716e-02
1.733398437500000000e-01 3.840394586303583907e-02
1.734619140625000000e-01 3.846963415652454588e-02
1.735839843750000000e-01 3.853529981931899662e-02
1.737060546875000000e-01 3.860094281278901585e-02
1.738281250000000000e-01 3.866656309831947858e-02
1.739501953125000000e-01 3.873216063730650777e-02
1.740722656250000000e-01 3.879773539116139480e-02
1.741943359375000000e-01 3.886328732130847619e-02
1.743164062500000000e-01 3.892881638918458537e-02
1.744384765625000000e-01 3.899432255624148830e-02
1.745605468750000000e-01 3.905980578394262215e-02
1.746826171875000000e-01 3.912526603376669659e-02
1.748046875000000000e-01 3.919070326720443254e-02
1.749267578125000000e-01 3.925611744576112949e-02
1.750488281250000000e-01 3.932150853095579129e-02
1.751708984375000000e-01 3.938687648431984240e-02
1.752929687500000000e-01 3.945222126739943852e-02
1.754150390625000000e-01 3.951754284175336418e-02
1.755371093750000000e-01 3.958284116895498250e-02
1.756591796875000000e-01 3.964811621059132624e-02
1.757812500000000000e-01 3.971336792826223733e-02
1.759033203125000000e-01 3.977859628358215022e-02
1.760253906250000000e-01 3.984380123817844038e-02
1.761474609375000000e-01 3.990898275369295090e-02
1.762695312500000000e-01 3.997414079178153445e-02
1.763916015625000000e-01 4.003927531411263091e-02
1.765136718750000000e-01 4.010438628237018854e-02
1.766357421875000000e-01 4.016947365825003502e-02
1.767578125000000000e-01 4.023453740346345092e-02
1.768798828125000000e-01 4.029957747973549748e-02
1.770019531250000000e-01 4.036459384880408674e-02
1.771240234375000000e-01 4.042958647242257675e-02
1.772460937500000000e-01 4.049455531235646860e-02
1.773681640625000000e-01 4.055950033038714653e-02
1.774902343750000000e-01 4.062442148830843619e-02
1.776123046875000000e-01 4.068931874792919984e-02
1.777343750000000000e-01 4.075419207107246200e-02
1.778564453125000000e-01 4.081904141957432008e-02
1.779785156250000000e-01 4.088386675528601910e-02
1.781005859375000000e-01 4.094866804007187000e-02
1.782226562500000000e-01 4.101344523581133134e-02
1.783447265625000000e-01 4.107819830439801007e-02
1.784667968750000000e-01 4.114292720773882195e-02
1.785888671875000000e-01 4.120763190775574014e-02
1.787109375000000000e-01 4.127231236638412987e-02
1.788330078125000000e-01 4.133696854557451089e-02
1.789550781250000000e-01 4.140160040729173874e-02
1.790771484375000000e-01 4.146620791351374180e-02
1.791992187500000000e-01 4.153079102623449814e-02
1.793212890625000000e-01 4.159534970746039256e-02
1.794433593750000000e-01 4.165988391921374157e-02
1.795654296875000000e-01 4.172439362353107251e-02
1.796875000000000000e-01 4.178887878246227705e-02
1.798095703125000000e-01 4.185333935807328959e-02
1.799316406250000000e-01 4.191777531244258309e-02
1.800537109375000000e-01 4.198218660766497162e-02
1.801757812500000000e-01 4.204657320584827968e-02
1.802978515625000000e-01 4.211093506911588180e-02
1.804199218750000000e-01 4.217527215960573117e-02
1.805419921875000000e-01 4.223958443946936731e-02
1.806640625000000000e-01 4.230387187087394224e-02
1.807861328125000000e-01 4.236813441600027763e-02
1.809082031250000000e-01 4.243237203704475907e-02
1.810302734375000000e-01 4.249658469621832302e-02
1.811523437500000000e-01 4.256077235574587392e-02
1.812744140625000000e-01 4.262493497786775526e-02
1.813964843750000000e-01 4.268907252483826464e-02
1.815185546875000000e-01 4.275318495892725668e-02
1.816406250000000000e-01 4.281727224241939356e-02
1.817626953125000000e-01 4.288133433761306956e-02
1.818847656250000000e-01 4.294537120682314496e-02
1.820068359375000000e-01 4.300938281237723371e-02
1.821289062500000000e-01 4.307336911661954065e-02
1.822509765625000000e-01 4.313733008190889090e-02
1.823730468750000000e-01 4.320126567061804285e-02
1.824951171875000000e-01 4.326517584513615844e-02
1.826171875000000000e-01 4.332906056786551413e-02
1.827392578125000000e-01 4.339291980122525483e-02
1.828613281250000000e-01 4.345675350764788974e-02
1.829833984375000000e-01 4.352056164958207490e-02
1.831054687500000000e-01 4.358434418949148209e-02
1.832275390625000000e-01 4.364810108985394538e-02
1.833496093750000000e-01 4.371183231316330686e-02
1.834716796875000000e-01 4.377553782192755011e-02
1.835937500000000000e-01 4.383921757867075691e-02
1.837158203125000000e-01 4.390287154593210811e-02
1.838378906250000000e-01 4.396649968626509947e-02
1.839599609375000000e-01 4.403010196223924172e-02
1.840820312500000000e-01 4.409367833643847850e-02
1.842041015625000000e-01 4.415722877146278924e-02
1.843261718750000000e-01 4.422075322992748136e-02
1.844482421875000000e-01 4.428425167446196214e-02
1.845703125000000000e-01 4.434772406771272241e-02
1.846923828125000000e-01 4.441117037233945769e-02
1.848144531250000000e-01 4.447459055101887770e-02
1.849365234375000000e-01 4.453798456644295078e-02
1.850585937500000000e-01 4.460135238131775898e-02
1.851806640625000000e-01 4.466469395836669687e-02
1.853027343750000000e-01 4.472800926032639846e-02
1.854248046875000000e-01 4.479129824995094905e-02
1.855468750000000000e-01 4.485456089000845747e-02
1.856689453125000000e-01 4.491779714328337364e-02
1.857910156250000000e-01 4.498100697257597508e-02
1.859130859375000000e-01 4.504419034070083344e-02
1.860351562500000000e-01 4.510734721048925006e-02
1.861572265625000000e-01 4.517047754478711180e-02
1.862792968750000000e-01 4.523358130645682013e-02
1.864013671875000000e-01 4.529665845837643756e-02
1.865234375000000000e-01 4.535970896343870934e-02
1.866455078125000000e-01 4.542273278455309649e-02
1.867675781250000000e-01 4.548572988464368722e-02
1.868896484375000000e-01 4.554870022665129942e-02
1.870117187500000000e-01 4.561164377353249533e-02
1.871337890625000000e-01 4.567456048825840886e-02
1.872558593750000000e-01 4.573745033381776404e-02
1.873779296875000000e-01 4.580031327321291978e-02
1.875000000000000000e-01 4.586314926946378351e-02
1.876220703125000000e-01 4.592595828560593063e-02
1.877441406250000000e-01 4.598874028468974418e-02
1.878662109375000000e-01 4.605149522978304460e-02
1.879882812500000000e-01 4.611422308396762731e-02
1.881103515625000000e-01 4.617692381034326637e-02
1.882324218750000000e-01 4.623959737202398834e-02
1.883544921875000000e-01 4.630224373214091027e-02
1.884765625000000000e-01 4.636486285384115724e-02
1.885986328125000000e-01 4.642745470028693949e-02
1.887207031250000000e-01 4.649001923465752306e-02
1.888427734375000000e-01 4.655255642014721751e-02
1.889648437500000000e-01 4.661506621996734656e-02
1.890869140625000000e-01 4.667754859734541545e-02
1.892089843750000000e-01 4.674000351552407007e-02
1.893310546875000000e-01 4.680243093776304680e-02
1.894531250000000000e-01 4.686483082733743089e-02
1.895751953125000000e-01 4.692720314753923844e-02
1.896972656250000000e-01 4.698954786167687525e-02
1.898193359375000000e-01 4.705186493307379064e-02
1.899414062500000000e-01 4.711415432507139178e-02
1.900634765625000000e-01 4.717641600102528282e-02
1.901855468750000000e-01 4.723864992430953230e-02
1.903076171875000000e-01 4.730085605831272494e-02
1.904296875000000000e-01 4.736303436644094533e-02
1.905517578125000000e-01 4.742518481211689674e-02
1.906738281250000000e-01 4.748730735877799980e-02
1.907958984375000000e-01 4.754940196987999385e-02
1.909179687500000000e-01 4.761146860889353682e-02
1.910400390625000000e-01 4.767350723930675882e-02
1.911621093750000000e-01 4.773551782462437387e-02
1.912841796875000000e-01 4.779750032836647955e-02
1.914062500000000000e-01 4.785945471407083290e-02
1.915283203125000000e-01 4.792138094529068554e-02
1.916503906250000000e-01 4.798327898559683058e-02
1.917724609375000000e-01 4.804514879857652715e-02
1.918945312500000000e-01 4.810699034783286199e-02
1.920166015625000000e-01 4.816880359698640091e-02
1.921386718750000000e-01 4.823058850967350264e-02
1.922607421875000000e-01 4.829234504954797030e-02
1.923828125000000000e-01 4.835407318028047546e-02
1.925048828125000000e-01 4.841577286555714954e-02
1.926269531250000000e-01 4.847744406908263692e-02
1.927490234375000000e-01 4.853908675457621613e-02
1.928710937500000000e-01 4.860070088577597008e-02
1.929931640625000000e-01 4.866228642643522645e-02
1.931152343750000000e-01 4.872384334032510422e-02
1.932373046875000000e-01 4.878537159123384759e-02
1.933593750000000000e-01 4.884687114296489691e-02
1.934814453125000000e-01 4.890834195934050388e-02
1.936035156250000000e-01 4.896978400419828292e-02
1.937255859375000000e-01 4.903119724139377855e-02
1.938476562500000000e-01 4.909258163479958414e-02
1.939697265625000000e-01 4.915393714830425947e-02
1.940917968750000000e-01 4.921526374581433605e-02
1.942138671875000000e-01 4.927656139125239504e-02
1.943359375000000000e-01 4.933783004855895465e-02
1.944580078125000000e-01 4.939906968169160278e-02
1.945800781250000000e-01 4.946028025462416433e-02
1.947021484375000000e-01 4.952146173134831103e-02
1.948242187500000000e-01 4.958261407587205571e-02
1.949462890625000000e-01 4.964373725222143152e-02
1.950683593750000000e-01 4.970483122443958984e-02
1.951904296875000000e-01 4.976589595658573867e-02
1.953125000000000000e-01 4.982693141273809162e-02
1.954345703125000000e-01 4.988793755698986421e-02
1.955566406250000000e-01 4.994891435345371472e-02
1.956787109375000000e-01 5.000986176625774743e-02
1.958007812500000000e-01 5.007077975954862120e-02
1.959228515625000000e-01 5.013166829749031439e-02
1.960449218750000000e-01 5.019252734426266765e-02
1.961669921875000000e-01 5.025335686406470770e-02
1.962890625000000000e-01 5.031415682111125415e-02
1.964111328125000000e-01 5.037492717963568817e-02
1.965332031250000000e-01 5.043566790388872428e-02
1.966552734375000000e-01 5.049637895813758465e-02
1.967773437500000000e-01 5.055706030666790723e-02
1.968994140625000000e-01 5.061771191378180296e-02
1.970214843750000000e-01 5.067833374379998590e-02
1.971435546875000000e-01 5.073892576106044799e-02
1.972656250000000000e-01 5.079948792991800105e-02
1.973876953125000000e-01 5.086002021474577556e-02
1.975097656250000000e-01 5.092052257993370801e-02
1.976318359375000000e-01 5.098099498989008133e-02
1.977539062500000000e-01 5.104143740904104609e-02
1.978759765625000000e-01 5.110184980182900377e-02
1.979980468750000000e-01 5.116223213271592352e-02
1.981201171875000000e-01 5.122258436617928984e-02
1.982421875000000000e-01 5.128290646671635616e-02
1.983642578125000000e-01 5.134319839884043252e-02
1.984863281250000000e-01 5.140346012708374435e-02
1.986083984375000000e-01 5.146369161599641945e-02
1.987304687500000000e-01 5.152389283014462834e-02
1.988525390625000000e-01 5.158406373411458801e-02
1.989746093750000000e-01 5.164420429250852346e-02
1.990966796875000000e-01 5.170431446994763064e-02
1.992187500000000000e-01 5.176439423107106336e-02
1.993408203125000000e-01 5.182444354053485081e-02
1.994628906250000000e-01 5.188446236301390985e-02
1.995849609375000000e-01 5.194445066320017151e-02
1.997070312500000000e-01 5.200440840580441981e-02
1.998291015625000000e-01 5.206433555555546600e-02
1.999511718750000000e-01 5.212423207719909385e-02
2.000732421875000000e-01 5.218409793550016912e-02
2.001953125000000000e-01 5.224393309524050233e-02
2.003173828125000000e-01 5.230373752122105535e-02
2.004394531250000000e-01 5.236351117826076873e-02
2.005615234375000000e-01 5.242325403119563187e-02
2.006835937500000000e-01 5.248296604488130596e-02
2.008056640625000000e-01 5.254264718418972385e-02
2.009277343750000000e-01 5.260229741401294123e-02
2.010498046875000000e-01 5.266191669925942426e-02
2.011718750000000000e-01 5.272150500485713737e-02
2.012939453125000000e-01 5.278106229575236369e-02
2.014160156250000000e-01 5.284058853690796337e-02
2.015380859375000000e-01 5.290008369330709975e-02
2.016601562500000000e-01 5.295954772994952708e-02
2.017822265625000000e-01 5.301898061185454647e-02
2.019042968750000000e-01 5.307838230405967361e-02
2.020263671875000000e-01 5.313775277161977839e-02
2.021484375000000000e-01 5.319709197960919428e-02
2.022705078125000000e-01 5.325639989311965056e-02
2.023925781250000000e-01 5.331567647726214582e-02
2.025146484375000000e-01 5.337492169716619855e-02
2.026367187500000000e-01 5.343413551797879940e-02
2.027587890625000000e-01 5.349331790486634014e-02
2.028808593750000000e-01 5.355246882301286510e-02
2.030029296875000000e-01 5.361158823762167402e-02
2.031250000000000000e-01 5.367067611391480864e-02
2.032470703125000000e-01 5.372973241713158155e-02
2.033691406250000000e-01 5.378875711253168490e-02
2.034912109375000000e-01 5.384775016539121439e-02
2.036132812500000000e-01 5.390671154100704771e-02
2.037353515625000000e-01 5.396564120469302117e-02
2.038574218750000000e-01 5.402453912178264289e-02
2.039794921875000000e-01 5.408340525762837803e-02
2.041015625000000000e-01 5.414223957759966427e-02
2.042236328125000000e-01 5.420104204708672824e-02
2.043457031250000000e-01 5.425981263149687317e-02
2.044677734375000000e-01 5.431855129625719203e-02
2.045898437500000000e-01 5.437725800681361688e-02
2.047119140625000000e-01 5.443593272863000987e-02
2.048339843750000000e-01 5.449457542718988412e-02
2.049560546875000000e-01 5.455318606799464121e-02
2.050781250000000000e-01 5.461176461656560427e-02
2.052001953125000000e-01 5.467031103844282452e-02
2.053222656250000000e-01 5.472882529918445677e-02
2.054443359375000000e-01 5.478730736436838999e-02
2.055664062500000000e-01 5.484575719959060291e-02
2.056884765625000000e-01 5.490417477046689171e-02
2.058105468750000000e-01 5.496256004263218309e-02
2.059326171875000000e-01 5.502091298173905631e-02
2.060546875000000000e-01 5.507923355346094202e-02
2.061767578125000000e-01 5.513752172348827113e-02
2.062988281250000000e-01 5.519577745753255493e-02
2.064208984375000000e-01 5.525400072132269358e-02
2.065429687500000000e-01 5.531219148060777246e-02
2.066650390625000000e-01 5.537034970115620180e-02
2.067871093750000000e-01 5.542847534875398191e-02
2.069091796875000000e-01 5.548656838920817957e-02
2.070312500000000000e-01 5.554462878834336148e-02
2.071533203125000000e-01 5.560265651200450854e-02
2.072753906250000000e-01 5.566065152605582933e-02
2.073974609375000000e-01 5.571861379637966377e-02
2.075195312500000000e-01 5.577654328887877294e-02
2.076416015625000000e-01 5.583443996947415333e-02
2.077636718750000000e-01 5.589230380410706300e-02
2.078857421875000000e-01 5.595013475873801545e-02
2.080078125000000000e-01 5.600793279934603019e-02
2.081298828125000000e-01 5.606569789193037445e-02
2.082519531250000000e-01 5.612343000250881453e-02
2.083740234375000000e-01 5.618112909711932973e-02
2.084960937500000000e-01 5.623879514181946010e-02
2.086181640625000000e-01 5.629642810268500885e-02
2.087402343750000000e-01 5.635402794581292896e-02
2.088623046875000000e-01 5.641159463731752755e-02
2.089843750000000000e-01 5.646912814333480274e-02
2.091064453125000000e-01 5.652662843001853010e-02
2.092285156250000000e-01 5.658409546354312841e-02
2.093505859375000000e-01 5.664152921010275066e-02
2.094726562500000000e-01 5.669892963590956320e-02
2.095947265625000000e-01 5.675629670719722214e-02
2.097167968750000000e-01 5.681363039021748024e-02
2.098388671875000000e-01 5.687093065124271957e-02
2.099609375000000000e-01 5.692819745656508418e-02
2.100830078125000000e-01 5.698543077249540456e-02
2.102050781250000000e-01 5.704263056536525850e-02
2.103271484375000000e-01 5.709979680152480613e-02
2.104492187500000000e-01 5.715692944734501735e-02
2.105712890625000000e-01 5.721402846921665175e-02
2.106933593750000000e-01 5.727109383354923172e-02
2.108154296875000000e-01 5.732812550677303387e-02
2.109375000000000000e-01 5.738512345533727799e-02
2.110595703125000000e-01 5.744208764571186177e-02
2.111816406250000000e-01 5.749901804438666691e-02
2.113037109375000000e-01 5.755591461787016444e-02
2.114257812500000000e-01 5.761277733269258572e-02
2.115478515625000000e-01 5.766960615540187712e-02
2.116699218750000000e-01 5.772640105256807846e-02
2.117919921875000000e-01 5.778316199077945109e-02
2.119140625000000000e-01 5.783988893664536446e-02
2.120361328125000000e-01 5.789658185679540797e-02
2.121582031250000000e-01 5.795324071787744113e-02
2.122802734375000000e-01 5.800986548656149322e-02
2.124023437500000000e-01 5.806645612953587055e-02
2.125244140625000000e-01 5.812301261351014020e-02
2.126464843750000000e-01 5.817953490521402676e-02
2.127685546875000000e-01 5.823602297139626738e-02
2.128906250000000000e-01 5.829247677882681139e-02
2.130126953125000000e-01 5.834889629429475255e-02
2.131347656250000000e-01 5.840528148461033436e-02
2.132568359375000000e-01 5.846163231660397863e-02
2.133789062500000000e-01 5.851794875712537647e-02
2.135009765625000000e-01 5.857423077304537568e-02
2.136230468750000000e-01 5.863047833125419744e-02
2.137451171875000000e-01 5.868669139866316414e-02
2.138671875000000000e-01 5.874286994220399155e-02
2.139892578125000000e-01 5.879901392882754679e-02
2.141113281250000000e-01 5.885512332550672104e-02
2.142333984375000000e-01 5.891119809923261313e-02
2.143554687500000000e-01 5.896723821701885249e-02
2.144775390625000000e-01 5.902324364589772721e-02
2.145996093750000000e-01 5.907921435292307066e-02
2.147216796875000000e-01 5.913515030516930393e-02
2.148437500000000000e-01 5.919105146972965942e-02
2.149658203125000000e-01 5.924691781371981686e-02
2.150878906250000000e-01 5.930274930427434366e-02
2.152099609375000000e-01 5.935854590854931778e-02
2.153320312500000000e-01 5.941430759372146736e-02
2.154541015625000000e-01 5.947003432698702574e-02
2.155761718750000000e-01 5.952572607556382012e-02
2.156982421875000000e-01 5.958138280668923148e-02
2.158203125000000000e-01 5.963700448762220691e-02
2.159423828125000000e-01 5.969259108564233668e-02
2.160644531250000000e-01 5.974814256804889673e-02
2.161865234375000000e-01 5.980365890216274988e-02
2.163085937500000000e-01 5.985914005532447929e-02
2.164306640625000000e-01 5.991458599489635217e-02
2.165527343750000000e-01 5.996999668826138302e-02
2.166748046875000000e-01 6.002537210282200830e-02
2.167968750000000000e-01 6.008071220600334772e-02
2.169189453125000000e-01 6.013601696524905477e-02
2.170410156250000000e-01 6.019128634802576455e-02
2.171630859375000000e-01 6.024652032181909700e-02
2.172851562500000000e-01 6.030171885413676547e-02
2.174072265625000000e-01 6.035688191250741103e-02
2.175292968750000000e-01 6.041200946447897180e-02
2.176513671875000000e-01 6.046710147762218018e-02
2.177734375000000000e-01 6.052215791952711421e-02
2.178955078125000000e-01 6.057717875780585515e-02
2.180175781250000000e-01 6.063216396009150910e-02
2.181396484375000000e-01 6.068711349403699273e-02
2.182617187500000000e-01 6.074202732731742022e-02
2.183837890625000000e-01 6.079690542762770933e-02
2.185058593750000000e-01 6.085174776268502395e-02
2.186279296875000000e-01 6.090655430022728217e-02
2.187500000000000000e-01 6.096132500801263593e-02
2.188720703125000000e-01 6.101605985382135833e-02
2.189941406250000000e-01 6.107075880545374119e-02
2.191162109375000000e-01 6.112542183073214203e-02
2.192382812500000000e-01 6.118004889750013747e-02
2.193603515625000000e-01 6.123463997362125349e-02
2.194824218750000000e-01 6.128919502698194216e-02
2.196044921875000000e-01 6.134371402548767505e-02
2.197265625000000000e-01 6.139819693706732862e-02
2.198486328125000000e-01 6.145264372966920824e-02
2.199707031250000000e-01 6.150705437126410824e-02
2.200927734375000000e-01 6.156142882984397963e-02
2.202148437500000000e-01 6.161576707342118070e-02
2.203369140625000000e-01 6.167006907003030891e-02
2.204589843750000000e-01 6.172433478772629267e-02
2.205810546875000000e-01 6.177856419458642445e-02
2.207031250000000000e-01 6.183275725870933381e-02
2.208251953125000000e-01 6.188691394821400210e-02
2.209472656250000000e-01 6.194103423124191349e-02
2.210693359375000000e-01 6.199511807595484841e-02
2.211914062500000000e-01 6.204916545053709709e-02
2.213134765625000000e-01 6.210317632319434233e-02
2.214355468750000000e-01 6.215715066215266038e-02
2.215576171875000000e-01 6.221108843566123398e-02
2.216796875000000000e-01 6.226498961198875803e-02
2.218017578125000000e-01 6.231885415942706868e-02
2.219238281250000000e-01 6.237268204628953344e-02
2.220458984375000000e-01 6.242647324090974670e-02
2.221679687500000000e-01 6.248022771164469386e-02
2.222900390625000000e-01 6.253394542687087942e-02
2.224121093750000000e-01 6.258762635498853200e-02
2.225341796875000000e-01 6.264127046441769764e-02
2.226562500000000000e-01 6.269487772360138322e-02
2.227783203125000000e-01 6.274844810100420334e-02
2.229003906250000000e-01 6.280198156511149210e-02
2.230224609375000000e-01 6.285547808443127382e-02
2.231445312500000000e-01 6.290893762749233398e-02
2.232666015625000000e-01 6.296236016284620374e-02
2.233886718750000000e-01 6.301574565906618852e-02
2.235107421875000000e-01 6.306909408474636880e-02
2.236328125000000000e-01 6.312240540850362625e-02
2.237548828125000000e-01 6.317567959897567309e-02
2.238769531250000000e-01 6.322891662482314767e-02
2.239990234375000000e-01 6.328211645472842095e-02
2.241210937500000000e-01 6.333527905739459729e-02
2.242431640625000000e-01 6.338840440154847045e-02
2.243652343750000000e-01 6.344149245593665165e-02
2.244873046875000000e-01 6.349454318932931662e-02
2.246093750000000000e-01 6.354755657051855411e-02
2.247314453125000000e-01 6.360053256831713075e-02
2.248535156250000000e-01 6.365347115156161362e-02
2.249755859375000000e-01 6.370637228910840111e-02
2.250976562500000000e-01 6.375923594983816389e-02
2.252197265625000000e-01 6.381206210265170931e-02
2.253417968750000000e-01 6.386485071647322875e-02
2.254638671875000000e-01 6.391760176024888218e-02
2.255859375000000000e-01 6.397031520294602092e-02
2.257080078125000000e-01 6.402299101355511668e-02
2.258300781250000000e-01 6.407562916108770767e-02
2.259521484375000000e-01 6.412822961457852189e-02
2.260742187500000000e-01 6.418079234308449177e-02
2.261962890625000000e-01 6.423331731568367176e-02
2.263183593750000000e-01 6.428580450147748648e-02
2.264404296875000000e-01 6.433825386958834380e-02
2.265625000000000000e-01 6.439066538916207727e-02
2.266845703125000000e-01 6.444303902936678041e-02
2.268066406250000000e-01 6.449537475939157161e-02
2.269287109375000000e-01 6.454767254844964719e-02
2.270507812500000000e-01 6.459993236577440956e-02
2.271728515625000000e-01 6.465215418062335295e-02
2.272949218750000000e-01 6.470433796227613443e-02
2.274169921875000000e-01 6.475648368003351918e-02
2.275390625000000000e-01 6.480859130322060013e-02
2.276611328125000000e-01 6.486066080118255139e-02
2.277832031250000000e-01 6.491269214328927728e-02
2.279052734375000000e-01 6.496468529893124899e-02
2.280273437500000000e-01 6.501664023752262711e-02
2.281494140625000000e-01 6.506855692850008199e-02
2.282714843750000000e-01 6.512043534132173905e-02
2.283935546875000000e-01 6.517227544546928819e-02
2.285156250000000000e-01 6.522407721044588824e-02
2.286376953125000000e-01 6.527584060577835967e-02
2.287597656250000000e-01 6.532756560101600496e-02
2.288818359375000000e-01 6.537925216572970655e-02
2.290039062500000000e-01 6.543090026951405014e-02
2.291259765625000000e-01 6.548250988198513201e-02
2.292480468750000000e-01 6.553408097278277944e-02
2.293701171875000000e-01 6.558561351156942665e-02
2.294921875000000000e-01 6.563710746802901841e-02
2.296142578125000000e-01 6.568856281187002155e-02
2.297363281250000000e-01 6.573997951282134489e-02
2.298583984375000000e-01 6.579135754063644703e-02
2.299804687500000000e-01 6.584269686509139352e-02
2.301025390625000000e-01 6.589399745598377434e-02
2.302246093750000000e-01 6.594525928313579866e-02
2.303466796875000000e-01 6.599648231639020091e-02
2.304687500000000000e-01 6.604766652561482043e-02
2.305908203125000000e-01 6.609881188069852143e-02
2.307128906250000000e-01 6.614991835155419053e-02
2.308349609375000000e-01 6.620098590811758499e-02
2.309570312500000000e-01 6.625201452034641669e-02
2.310791015625000000e-01 6.630300415822225346e-02
2.312011718750000000e-01 6.635395479174861777e-02
2.313232421875000000e-01 6.640486639095292964e-02
2.314453125000000000e-01 6.645573892588561848e-02
2.315673828125000000e-01 6.650657236661910998e-02
2.316894531250000000e-01 6.655736668324979677e-02
2.318115234375000000e-01 6.660812184589606777e-02
2.319335937500000000e-01 6.665883782470033436e-02
2.320556640625000000e-01 6.670951458982818383e-02
2.321777343750000000e-01 6.676015211146694994e-02
2.322998046875000000e-01 6.681075035982882160e-02
2.324218750000000000e-01 6.686130930514701254e-02
2.325439453125000000e-01 6.691182891767957774e-02
2.326660156250000000e-01 6.696230916770756769e-02
2.327880859375000000e-01 6.701275002553387650e-02
2.329101562500000000e-01 6.706315146148651707e-02
2.330322265625000000e-01 6.711351344591438839e-02
2.331542968750000000e-01 6.716383594919185518e-02
2.332763671875000000e-01 6.721411894171465395e-02
2.333984375000000000e-01 6.726436239390301552e-02
2.335205078125000000e-01 6.731456627620042987e-02
2.336425781250000000e-01 6.736473055907260532e-02
2.337646484375000000e-01 6.741485521300960571e-02
2.338867187500000000e-01 6.746494020852379647e-02
2.340087890625000000e-01 6.751498551615185695e-02
2.341308593750000000e-01 6.756499110645383666e-02
2.342529296875000000e-01 6.761495695001210060e-02
2.343750000000000000e-01 6.766488301743346645e-02
2.344970703125000000e-01 6.771476927934709511e-02
2.346191406250000000e-01 6.776461570640661403e-02
2.347412109375000000e-01 6.781442226928899308e-02
2.348632812500000000e-01 6.786418893869357316e-02
2.349853515625000000e-01 6.791391568534486944e-02
2.351074218750000000e-01 6.796360247998874116e-02
2.352294921875000000e-01 6.801324929339631897e-02
2.353515625000000000e-01 6.806285609636204825e-02
2.354736328125000000e-01 6.811242285970274535e-02
2.355957031250000000e-01 6.816194955426055357e-02
2.357177734375000000e-01 6.821143615089901580e-02
2.358398437500000000e-01 6.826088262050739042e-02
2.359619140625000000e-01 6.831028893399682111e-02
2.360839843750000000e-01 6.835965506230327893e-02
2.362060546875000000e-01 6.840898097638627162e-02
2.363281250000000000e-01 6.845826664722809429e-02
2.364501953125000000e-01 6.850751204583563347e-02
2.365722656250000000e-01 6.855671714323850752e-02
2.366943359375000000e-01 6.860588191049099560e-02
2.368164062500000000e-01 6.865500631867116343e-02
2.369384765625000000e-01 6.870409033887973915e-02
2.370605468750000000e-01 6.875313394224233376e-02
2.371826171875000000e-01 6.880213709990719295e-02
2.373046875000000000e-01 6.885109978304743139e-02
2.374267578125000000e-01 6.890002196285999192e-02
2.375488281250000000e-01 6.894890361056441042e-02
2.376708984375000000e-01 6.899774469740585503e-02
2.377929687500000000e-01 6.904654519465117102e-02
2.379150390625000000e-01 6.909530507359291918e-02
2.380371093750000000e-01 6.914402430554730805e-02
2.381591796875000000e-01 6.919270286185319474e-02
2.382812500000000000e-01 6.924134071387533229e-02
2.384033203125000000e-01 6.928993783300009535e-02
2.385253906250000000e-01 6.933849419064005981e-02
2.386474609375000000e-01 6.938700975822995054e-02
2.387695312500000000e-01 6.943548450722970833e-02
2.388916015625000000e-01 6.948391840912329642e-02
2.390136718750000000e-01 6.953231143541770132e-02
2.391357421875000000e-01 6.958066355764495892e-02
2.392578125000000000e-01 6.962897474736012837e-02
2.393798828125000000e-01 6.967724497614342927e-02
2.395019531250000000e-01 6.972547421559908976e-02
2.396240234375000000e-01 6.977366243735454165e-02
2.397460937500000000e-01 6.982180961306223843e-02
2.398681640625000000e-01 6.986991571439783721e-02
2.399902343750000000e-01 6.991798071306221107e-02
2.401123046875000000e-01 6.996600458078031104e-02
2.402343750000000000e-01 7.001398728930015303e-02
2.403564453125000000e-01 7.006192881039573217e-02
2.404785156250000000e-01 7.010982911586313704e-02
2.406005859375000000e-01 7.015768817752436604e-02
2.407226562500000000e-01 7.020550596722566206e-02
2.408447265625000000e-01 7.025328245683616635e-02
2.409667968750000000e-01 7.030101761825126305e-02
2.410888671875000000e-01 7.034871142338834649e-02
2.412109375000000000e-01 7.039636384419137305e-02
2.413330078125000000e-01 7.044397485262689218e-02
2.414550781250000000e-01 7.049154442068697457e-02
2.415771484375000000e-01 7.053907252038806031e-02
2.416992187500000000e-01 7.058655912376993191e-02
2.418212890625000000e-01 7.063400420289789317e-02
2.419433593750000000e-01 7.068140772986068743e-02
2.420654296875000000e-01 7.072876967677234339e-02
2.421875000000000000e-01 7.077609001577146730e-02
2.423095703125000000e-01 7.082336871902016051e-02
2.424316406250000000e-01 7.087060575870597623e-02
2.425537109375000000e-01 7.091780110703993500e-02
2.426757812500000000e-01 7.096495473625867578e-02
2.427978515625000000e-01 7.101206661862330405e-02
2.429199218750000000e-01 7.105913672641837875e-02
2.430419921875000000e-01 7.110616503195464622e-02
2.431640625000000000e-01 7.115315150756545970e-02
2.432861328125000000e-01 7.120009612561045698e-02
2.434082031250000000e-01 7.124699885847377012e-02
2.435302734375000000e-01 7.129385967856287365e-02
2.436523437500000000e-01 7.134067855831177640e-02
2.437744140625000000e-01 7.138745547017689985e-02
2.438964843750000000e-01 7.143419038664168552e-02
2.440185546875000000e-01 7.148088328021229287e-02
2.441406250000000000e-01 7.152753412342092998e-02
2.442626953125000000e-01 7.157414288882452125e-02
2.443847656250000000e-01 7.162070954900373598e-02
2.445068359375000000e-01 7.166723407656494516e-02
2.446289062500000000e-01 7.171371644413844504e-02
2.447509765625000000e-01 7.176015662438020581e-02
2.448730468750000000e-01 7.180655458997112217e-02
2.449951171875000000e-01 7.185291031361579206e-02
2.451171875000000000e-01 7.189922376804476489e-02
2.452392578125000000e-01 7.194549492601247376e-02
2.453613281250000000e-01 7.199172376029915055e-02
2.454833984375000000e-01 7.203791024370996554e-02
2.456054687500000000e-01 7.208405434907375064e-02
2.457275390625000000e-01 7.213015604924620516e-02
2.458496093750000000e-01 7.217621531710564919e-02
2.459716796875000000e-01 7.222223212555721472e-02
2.460937500000000000e-01 7.226820644753075007e-02
2.462158203125000000e-01 7.231413825598001499e-02
2.463378906250000000e-01 7.236002752388547010e-02
2.464599609375000000e-01 7.240587422425043274e-02
2.465820312500000000e-01 7.245167833010549008e-02
2.467041015625000000e-01 7.249743981450448849e-02
2.468261718750000000e-01 7.254315865052747558e-02
2.469482421875000000e-01 7.258883481127967330e-02
2.470703125000000000e-01 7.263446826989033989e-02
2.471923828125000000e-01 7.268005899951492099e-02
2.473144531250000000e-01 7.272560697333298185e-02
2.474365234375000000e-01 7.277111216455017795e-02
2.475585937500000000e-01 7.281657454639738070e-02
2.476806640625000000e-01 7.286199409212965050e-02
2.478027343750000000e-01 7.290737077502827679e-02
2.479248046875000000e-01 7.295270456839865469e-02
2.480468750000000000e-01 7.299799544557254716e-02
2.481689453125000000e-01 7.304324337990684979e-02
2.482910156250000000e-01 7.308844834478263330e-02
2.484130859375000000e-01 7.313361031360789133e-02
2.485351562500000000e-01 7.317872925981386278e-02
2.486572265625000000e-01 7.322380515685882052e-02
2.487792968750000000e-01 7.326883797822619782e-02
2.489013671875000000e-01 7.331382769742349204e-02
2.490234375000000000e-01 7.335877428798542876e-02
2.491455078125000000e-01 7.340367772346992337e-02
2.492675781250000000e-01 7.344853797746242474e-02
2.493896484375000000e-01 7.349335502357200178e-02
2.495117187500000000e-01 7.353812883543432710e-02
2.496337890625000000e-01 7.358285938671051130e-02
2.497558593750000000e-01 7.362754665108615926e-02
2.498779296875000000e-01 7.367219060227325755e-02
2.500000000000000000e-01 7.371679121400845358e-02
2.501220703125000000e-01 7.376134846005473478e-02
2.502441406250000000e-01 7.380586231420012411e-02
2.503662109375000000e-01 7.385033275025845723e-02
2.504882812500000000e-01 7.389475974206857756e-02
2.506103515625000000e-01 7.393914326349539101e-02
2.507324218750000000e-01 7.398348328842924149e-02
2.508544921875000000e-01 7.402777979078598025e-02
2.509765625000000000e-01 7.407203274450714636e-02
2.510986328125000000e-01 7.411624212356009156e-02
2.512207031250000000e-01 7.416040790193718923e-02
2.513427734375000000e-01 7.420453005365700017e-02
2.514648437500000000e-01 7.424860855276359251e-02
2.515869140625000000e-01 7.429264337332677770e-02
2.517089843750000000e-01 7.433663448944216601e-02
2.518310546875000000e-01 7.438058187523051423e-02
2.519531250000000000e-01 7.442448550483891923e-02
2.520751953125000000e-01 7.446834535244002684e-02
2.521972656250000000e-01 7.451216139223218460e-02
2.523193359375000000e-01 7.455593359843956658e-02
2.524414062500000000e-01 7.459966194531229833e-02
2.525634765625000000e-01 7.464334640712572133e-02
2.526855468750000000e-01 7.468698695818161426e-02
2.528076171875000000e-01 7.473058357280733255e-02
2.529296875000000000e-01 7.477413622535612758e-02
2.530517578125000000e-01 7.481764489020728548e-02
2.531738281250000000e-01 7.486110954176540544e-02
2.532958984375000000e-01 7.490453015446153773e-02
2.534179687500000000e-01 7.494790670275244815e-02
2.535400390625000000e-01 7.499123916112082622e-02
2.536621093750000000e-01 7.503452750407534066e-02
2.537841796875000000e-01 7.507777170615069495e-02
2.539062500000000000e-01 7.512097174190714155e-02
2.540283203125000000e-01 7.516412758593132848e-02
2.541503906250000000e-01 7.520723921283585522e-02
2.542724609375000000e-01 7.525030659725918947e-02
2.543945312500000000e-01 7.529332971386615281e-02
2.545166015625000000e-01 7.533630853734693544e-02
2.546386718750000000e-01 7.537924304241840068e-02
2.547607421875000000e-01 7.542213320382329389e-02
2.548828125000000000e-01 7.546497899633040907e-02
2.550048828125000000e-01 7.550778039473471370e-02
2.551269531250000000e-01 7.555053737385743207e-02
2.552490234375000000e-01 7.559324990854533743e-02
2.553710937500000000e-01 7.563591797367191782e-02
2.554931640625000000e-01 7.567854154413666823e-02
2.556152343750000000e-01 7.572112059486525715e-02
2.557373046875000000e-01 7.576365510080972088e-02
2.558593750000000000e-01 7.580614503694765860e-02
2.559814453125000000e-01 7.584859037828360628e-02
2.561035156250000000e-01 7.589099109984803748e-02
2.562255859375000000e-01 7.593334717669766865e-02
2.563476562500000000e-01 7.597565858391557014e-02
2.564697265625000000e-01 7.601792529661115239e-02
2.565917968750000000e-01 7.606014728991968010e-02
2.567138671875000000e-01 7.610232453900317440e-02
2.568359375000000000e-01 7.614445701904985764e-02
2.569580078125000000e-01 7.618654470527434774e-02
2.570800781250000000e-01 7.622858757291768594e-02
2.572021484375000000e-01 7.627058559724672615e-02
2.573242187500000000e-01 7.631253875355531457e-02
2.574462890625000000e-01 7.635444701716351257e-02
2.575683593750000000e-01 7.639631036341779091e-02
2.576904296875000000e-01 7.643812876769096043e-02
2.578125000000000000e-01 7.647990220538254669e-02
2.579345703125000000e-01 7.652163065191792957e-02
2.580566406250000000e-01 7.656331408274957839e-02
2.581787109375000000e-01 7.660495247335613600e-02
2.583007812500000000e-01 7.664654579924283506e-02
2.584228515625000000e-01 7.668809403594158136e-02
2.585449218750000000e-01 7.672959715901027378e-02
2.586669921875000000e-01 7.677105514403383124e-02
2.587890625000000000e-01 7.681246796662359599e-02
2.589111328125000000e-01 7.685383560241748624e-02
2.590332031250000000e-01 7.689515802708002390e-02
2.591552734375000000e-01 7.693643521630241788e-02
2.592773437500000000e-01 7.697766714580200897e-02
2.593994140625000000e-01 7.701885379132331066e-02
2.595214843750000000e-01 7.705999512863727363e-02
2.596435546875000000e-01 7.710109113354150778e-02
2.597656250000000000e-01 7.714214178186047655e-02
2.598876953125000000e-01 7.718314704944478910e-02
2.600097656250000000e-01 7.722410691217225509e-02
2.601318359375000000e-01 7.726502134594727400e-02
2.602539062500000000e-01 7.730589032670090455e-02
2.603759765625000000e-01 7.734671383039101733e-02
2.604980468750000000e-01 7.738749183300237811e-02
2.606201171875000000e-01 7.742822431054591226e-02
2.607421875000000000e-01 7.746891123905999543e-02
2.608642578125000000e-01 7.750955259460956537e-02
2.609863281250000000e-01 7.755014835328631617e-02
2.611083984375000000e-01 7.759069849120904527e-02
2.612304687500000000e-01 7.763120298452266810e-02
2.613525390625000000e-01 7.767166180939973075e-02
2.614746093750000000e-01 7.771207494203934141e-02
2.615966796875000000e-01 7.775244235866746179e-02
2.617187500000000000e-01 7.779276403553697650e-02
2.618408203125000000e-01 7.783303994892788735e-02
2.619628906250000000e-01 7.787327007514656396e-02
2.620849609375000000e-01 7.791345439052678457e-02
2.622070312500000000e-01 7.795359287142919480e-02
2.623291015625000000e-01 7.799368549424133545e-02
2.624511718750000000e-01 7.803373223537797554e-02
2.625732421875000000e-01 7.807373307128023798e-02
2.626953125000000000e-01 7.811368797841686251e-02
2.628173828125000000e-01 7.815359693328338686e-02
2.629394531250000000e-01 7.819345991240245208e-02
2.630615234375000000e-01 7.823327689232364990e-02
2.631835937500000000e-01 7.827304784962384188e-02
2.633056640625000000e-01 7.831277276090649331e-02
2.634277343750000000e-01 7.835245160280261689e-02
2.635498046875000000e-01 7.839208435197014824e-02
2.636718750000000000e-01 7.843167098509418178e-02
2.637939453125000000e-01 7.847121147888713732e-02
2.639160156250000000e-01 7.851070581008795513e-02
2.640380859375000000e-01 7.855015395546331713e-02
2.641601562500000000e-01 7.858955589180689760e-02
2.642822265625000000e-01 7.862891159593955737e-02
2.644042968750000000e-01 7.866822104470939936e-02
2.645263671875000000e-01 7.870748421499178249e-02
2.646484375000000000e-01 7.874670108368887755e-02
2.647705078125000000e-01 7.878587162773062480e-02
2.648925781250000000e-01 7.882499582407392902e-02
2.650146484375000000e-01 7.886407364970308975e-02
2.651367187500000000e-01 7.890310508162980130e-02
2.652587890625000000e-01 7.894209009689248657e-02
2.653808593750000000e-01 7.898102867255749060e-02
2.655029296875000000e-01 7.901992078571819234e-02
2.656250000000000000e-01 7.905876641349540712e-02
2.657470703125000000e-01 7.909756553303726179e-02
2.658691406250000000e-01 7.913631812151940281e-02
2.659912109375000000e-01 7.917502415614431632e-02
2.661132812500000000e-01 7.921368361414238279e-02
2.662353515625000000e-01 7.925229647277130807e-02
2.663574218750000000e-01 7.929086270931610947e-02
2.664794921875000000e-01 7.932938230108943500e-02
2.666015625000000000e-01 7.936785522543082783e-02
2.667236328125000000e-01 7.940628145970789198e-02
2.668457031250000000e-01 7.944466098131545972e-02
2.669677734375000000e-01 7.948299376767575808e-02
2.670898437500000000e-01 7.952127979623867249e-02
2.672119140625000000e-01 7.955951904448170520e-02
2.673339843750000000e-01 7.959771148990930911e-02
2.674560546875000000e-01 7.963585711005399803e-02
2.675781250000000000e-01 7.967395588247574989e-02
2.677001953125000000e-01 7.971200778476199289e-02
2.678222656250000000e-01 7.975001279452802183e-02
2.679443359375000000e-01 7.978797088941601279e-02
2.680664062500000000e-01 7.982588204709643864e-02
2.681884765625000000e-01 7.986374624526709765e-02
2.683105468750000000e-01 7.990156346165352974e-02
2.684326171875000000e-01 7.993933367400876677e-02
2.685546875000000000e-01 7.997705686011376269e-02
2.686767578125000000e-01 8.001473299777660253e-02
2.687988281250000000e-01 8.005236206483357098e-02
2.689208984375000000e-01 8.008994403914847238e-02
2.690429687500000000e-01 8.012747889861268624e-02
2.691650390625000000e-01 8.016496662114575011e-02
2.692871093750000000e-01 8.020240718469415220e-02
2.694091796875000000e-01 8.023980056723276078e-02
2.695312500000000000e-01 8.027714674676401929e-02
2.696533203125000000e-01 8.031444570131815452e-02
2.697753906250000000e-01 8.035169740895319046e-02
2.698974609375000000e-01 8.038890184775498993e-02
2.700195312500000000e-01 8.042605899583683826e-02
2.701416015625000000e-01 8.046316883134028985e-02
2.702636718750000000e-01 8.050023133243464080e-02
2.703857421875000000e-01 8.053724647731692887e-02
2.705078125000000000e-01 8.057421424421230827e-02
2.706298828125000000e-01 8.061113461137317526e-02
2.707519531250000000e-01 8.064800755708047275e-02
2.708740234375000000e-01 8.068483305964278818e-02
2.709960937500000000e-01 8.072161109739663110e-02
2.711181640625000000e-01 8.075834164870633602e-02
2.712402343750000000e-01 8.079502469196460368e-02
2.713623046875000000e-01 8.083166020559125198e-02
2.714843750000000000e-01 8.086824816803478422e-02
2.716064453125000000e-01 8.090478855777148703e-02
2.717285156250000000e-01 8.094128135330551366e-02
2.718505859375000000e-01 8.097772653316932800e-02
2.719726562500000000e-01 8.101412407592277487e-02
2.720947265625000000e-01 8.105047396015430117e-02
2.722167968750000000e-01 8.108677616448024816e-02
2.723388671875000000e-01 8.112303066754490699e-02
2.724609375000000000e-01 8.115923744802068518e-02
2.725830078125000000e-01 8.119539648460834258e-02
2.727050781250000000e-01 8.123150775603597828e-02
2.728271484375000000e-01 8.126757124106051555e-02
2.729492187500000000e-01 8.130358691846668873e-02
2.730712890625000000e-01 8.133955476706739018e-02
2.731933593750000000e-01 8.137547476570392013e-02
2.733154296875000000e-01 8.141134689324500129e-02
2.734375000000000000e-01 8.144717112858824992e-02
2.735595703125000000e-01 8.148294745065917666e-02
2.736816406250000000e-01 8.151867583841149179e-02
2.738037109375000000e-01 8.155435627082703587e-02
2.739257812500000000e-01 8.158998872691622384e-02
2.740478515625000000e-01 8.162557318571696252e-02
2.741699218750000000e-01 8.166110962629605230e-02
2.742919921875000000e-01 8.169659802774831281e-02
2.744140625000000000e-01 8.173203836919676335e-02
2.745361328125000000e-01 8.176743062979303922e-02
2.746582031250000000e-01 8.180277478871639252e-02
2.747802734375000000e-01 8.183807082517489950e-02
2.749023437500000000e-01 8.187331871840491937e-02
2.750244140625000000e-01 8.190851844767088608e-02
2.751464843750000000e-01 8.194366999226582182e-02
2.752685546875000000e-01 8.197877333151111501e-02
2.753906250000000000e-01 8.201382844475597900e-02
2.755126953125000000e-01 8.204883531137865949e-02
2.756347656250000000e-01 8.208379391078544918e-02
2.757568359375000000e-01 8.211870422241109024e-02
2.758789062500000000e-01 8.215356622571901024e-02
2.760009765625000000e-01 8.218837990020032291e-02
2.761230468750000000e-01 8.222314522537534087e-02
2.762451171875000000e-01 8.225786218079240986e-02
2.763671875000000000e-01 8.229253074602849161e-02
2.764892578125000000e-01 8.232715090068895569e-02
2.766113281250000000e-01 8.236172262440787095e-02
2.767333984375000000e-01 8.239624589684717282e-02
2.768554687500000000e-01 8.243072069769787069e-02
2.769775390625000000e-01 8.246514700667942344e-02
2.770996093750000000e-01 8.249952480353961448e-02
2.772216796875000000e-01 8.253385406805512081e-02
2.773437500000000000e-01 8.256813478003049989e-02
2.774658203125000000e-01 8.260236691929953579e-02
2.775878906250000000e-01 8.263655046572433716e-02
2.777099609375000000e-01 8.267068539919555925e-02
2.778320312500000000e-01 8.270477169963252884e-02
2.779541015625000000e-01 8.273880934698334133e-02
2.780761718750000000e-01 8.277279832122415304e-02
2.781982421875000000e-01 8.280673860236030526e-02
2.783203125000000000e-01 8.284063017042557486e-02
2.784423828125000000e-01 8.287447300548249352e-02
2.785644531250000000e-01 8.290826708762234765e-02
2.786865234375000000e-01 8.294201239696456784e-02
2.788085937500000000e-01 8.297570891365778356e-02
2.789306640625000000e-01 8.300935661787935127e-02
2.790527343750000000e-01 8.304295548983509079e-02
2.791748046875000000e-01 8.307650550975964610e-02
2.792968750000000000e-01 8.311000665791665187e-02
2.794189453125000000e-01 8.314345891459780369e-02
2.795410156250000000e-01 8.317686226012423190e-02
2.796630859375000000e-01 8.321021667484562734e-02
2.797851562500000000e-01 8.324352213914036624e-02
2.799072265625000000e-01 8.327677863341596820e-02
2.800292968750000000e-01 8.330998613810809694e-02
2.801513671875000000e-01 8.334314463368180936e-02
2.802734375000000000e-01 8.337625410063080611e-02
2.803955078125000000e-01 8.340931451947763975e-02
2.805175781250000000e-01 8.344232587077381191e-02
2.806396484375000000e-01 8.347528813509966228e-02
2.807617187500000000e-01 8.350820129306397999e-02
2.808837890625000000e-01 8.354106532530503060e-02
2.810058593750000000e-01 8.357388021248979282e-02
2.811279296875000000e-01 8.360664593531401401e-02
2.812500000000000000e-01 8.363936247450248773e-02
2.813720703125000000e-01 8.367202981080916480e-02
2.814941406250000000e-01 8.370464792501629281e-02
2.816162109375000000e-01 8.373721679793562356e-02
2.817382812500000000e-01 8.376973641040774687e-02
2.818603515625000000e-01 8.380220674330222941e-02
2.819824218750000000e-01 8.383462777751782280e-02
2.821044921875000000e-01 8.386699949398161713e-02
2.822265625000000000e-01 8.389932187365040095e-02
2.823486328125000000e-01 8.393159489750977309e-02
2.824707031250000000e-01 8.396381854657429533e-02
2.825927734375000000e-01 8.399599280188764505e-02
2.827148437500000000e-01 8.402811764452272625e-02
2.828369140625000000e-01 8.406019305558093402e-02
2.829589843750000000e-01 8.409221901619336192e-02
2.830810546875000000e-01 8.412419550751991382e-02
2.832031250000000000e-01 8.415612251074967853e-02
2.833251953125000000e-01 8.418800000710097153e-02
2.834472656250000000e-01 8.421982797782075203e-02
2.835693359375000000e-01 8.425160640418558056e-02
2.836914062500000000e-01 8.428333526750106386e-02
2.838134765625000000e-01 8.431501454910195203e-02
2.839355468750000000e-01 8.434664423035206915e-02
2.840576171875000000e-01 8.437822429264474344e-02
2.841796875000000000e-01 8.440975471740180813e-02
2.843017578125000000e-01 8.444123548607497531e-02
2.844238281250000000e-01 8.447266658014489227e-02
2.845458984375000000e-01 8.450404798112141902e-02
2.846679687500000000e-01 8.453537967054393365e-02
2.847900390625000000e-01 8.456666162998037473e-02
2.849121093750000000e-01 8.459789384102862908e-02
2.850341796875000000e-01 8.462907628531551874e-02
2.851562500000000000e-01 8.466020894449724499e-02
2.852783203125000000e-01 8.469129180025929127e-02
2.854003906250000000e-01 8.472232483431660355e-02
2.855224609375000000e-01 8.475330802841281319e-02
2.856445312500000000e-01 8.478424136432156921e-02
2.857666015625000000e-01 8.481512482384551133e-02
2.858886718750000000e-01 8.484595838881675567e-02
2.860107421875000000e-01 8.487674204109688092e-02
2.861328125000000000e-01 8.490747576257626217e-02
2.862548828125000000e-01 8.493815953517523665e-02
2.863769531250000000e-01 8.496879334084338209e-02
2.864990234375000000e-01 8.499937716155955836e-02
2.866210937500000000e-01 8.502991097933208786e-02
2.867431640625000000e-01 8.506039477619893596e-02
2.868652343750000000e-01 8.509082853422690607e-02
2.869873046875000000e-01 8.512121223551274984e-02
2.871093750000000000e-01 8.515154586218252886e-02
2.872314453125000000e-01 8.518182939639178108e-02
2.873535156250000000e-01 8.521206282032563195e-02
2.874755859375000000e-01 8.524224611619816983e-02
2.875976562500000000e-01 8.527237926625357012e-02
2.877197265625000000e-01 8.530246225276520711e-02
2.878417968750000000e-01 8.533249505803607027e-02
2.879638671875000000e-01 8.536247766439865325e-02
2.880859375000000000e-01 8.539241005421507880e-02
2.882080078125000000e-01 8.542229220987664073e-02
2.883300781250000000e-01 8.545212411380455342e-02
2.884521484375000000e-01 8.548190574844946599e-02
2.885742187500000000e-01 8.551163709629157339e-02
2.886962890625000000e-01 8.554131813984094945e-02
2.888183593750000000e-01 8.557094886163661707e-02
2.889404296875000000e-01 8.560052924424772780e-02
2.890625000000000000e-01 8.563005927027295128e-02
2.891845703125000000e-01 8.565953892234051681e-02
2.893066406250000000e-01 8.568896818310829666e-02
2.894287109375000000e-01 8.571834703526401422e-02
2.895507812500000000e-01 8.574767546152446684e-02
2.896728515625000000e-01 8.577695344463669158e-02
2.897949218750000000e-01 8.580618096737721578e-02
2.899169921875000000e-01 8.583535801255219588e-02
2.900390625000000000e-01 8.586448456299775045e-02
2.901611328125000000e-01 8.589356060157909978e-02
2.902832031250000000e-01 8.592258611119177325e-02
2.904052734375000000e-01 8.595156107476076279e-02
2.905273437500000000e-01 8.598048547524086982e-02
2.906494140625000000e-01 8.600935929561659421e-02
2.907714843750000000e-01 8.603818251890245350e-02
2.908935546875000000e-01 8.606695512814201143e-02
2.910156250000000000e-01 8.609567710640939064e-02
2.911376953125000000e-01 8.612434843680810692e-02
2.912597656250000000e-01 8.615296910247163820e-02
2.913818359375000000e-01 8.618153908656323026e-02
2.915039062500000000e-01 8.621005837227564694e-02
2.916259765625000000e-01 8.623852694283187792e-02
2.917480468750000000e-01 8.626694478148461132e-02
2.918701171875000000e-01 8.629531187151634475e-02
2.919921875000000000e-01 8.632362819623939920e-02
2.921142578125000000e-01 8.635189373899633536e-02
2.922363281250000000e-01 8.638010848315876011e-02
2.923583984375000000e-01 8.640827241212893639e-02
2.924804687500000000e-01 8.643638550933863129e-02
2.926025390625000000e-01 8.646444775824979612e-02
2.927246093750000000e-01 8.649245914235421939e-02
2.928466796875000000e-01 8.652041964517316608e-02
2.929687500000000000e-01 8.654832925025836288e-02
2.930908203125000000e-01 8.657618794119137373e-02
2.932128906250000000e-01 8.660399570158358595e-02
2.933349609375000000e-01 8.663175251507640451e-02
2.934570312500000000e-01 8.665945836534148794e-02
2.935791015625000000e-01 8.668711323607969366e-02
2.937011718750000000e-01 8.671471711102268776e-02
2.938232421875000000e-01 8.674226997393170990e-02
2.939453125000000000e-01 8.676977180859818395e-02
2.940673828125000000e-01 8.679722259884366242e-02
2.941894531250000000e-01 8.682462232851921591e-02
2.943115234375000000e-01 8.685197098150641837e-02
2.944335937500000000e-01 8.687926854171676427e-02
2.945556640625000000e-01 8.690651499309187678e-02
2.946777343750000000e-01 8.693371031960324402e-02
2.947998046875000000e-01 8.696085450525285754e-02
2.949218750000000000e-01 8.698794753407204650e-02
2.950439453125000000e-01 8.701498939012293488e-02
2.951660156250000000e-01 8.704198005749745615e-02
2.952880859375000000e-01 8.706891952031767246e-02
2.954101562500000000e-01 8.709580776273602443e-02
2.955322265625000000e-01 8.712264476893442910e-02
2.956542968750000000e-01 8.714943052312566774e-02
2.957763671875000000e-01 8.717616500955217840e-02
2.958984375000000000e-01 8.720284821248690255e-02
2.960205078125000000e-01 8.722948011623274378e-02
2.961425781250000000e-01 8.725606070512306744e-02
2.962646484375000000e-01 8.728258996352074306e-02
2.963867187500000000e-01 8.730906787581957373e-02
2.965087890625000000e-01 8.733549442644322758e-02
2.966308593750000000e-01 8.736186959984565403e-02
2.967529296875000000e-01 8.738819338051120877e-02
2.968750000000000000e-01 8.741446575295393207e-02
2.969970703125000000e-01 8.744068670171864510e-02
2.971191406250000000e-01 8.746685621138022837e-02
2.972412109375000000e-01 8.749297426654384369e-02
2.973632812500000000e-01 8.751904085184483706e-02
2.974853515625000000e-01 8.754505595194926604e-02
2.976074218750000000e-01 8.757101955155256745e-02
2.977294921875000000e-01 8.759693163538133376e-02
2.978515625000000000e-01 8.762279218819205018e-02
2.979736328125000000e-01 8.764860119477174694e-02
2.980957031250000000e-01 8.767435863993769396e-02
2.982177734375000000e-01 8.770006450853719271e-02
2.983398437500000000e-01 8.772571878544825619e-02
2.984619140625000000e-01 8.775132145557917873e-02
2.985839843750000000e-01 8.777687250386854989e-02
2.987060546875000000e-01 8.780237191528530993e-02
2.988281250000000000e-01 8.782781967482909680e-02
2.989501953125000000e-01 8.785321576752916362e-02
2.990722656250000000e-01 8.787856017844596079e-02
2.991943359375000000e-01 8.790385289266985924e-02
2.993164062500000000e-01 8.792909389532195530e-02
2.994384765625000000e-01 8.795428317155369602e-02
2.995605468750000000e-01 8.797942070654661550e-02
2.996826171875000000e-01 8.800450648551304267e-02
2.998046875000000000e-01 8.802954049369565714e-02
2.999267578125000000e-01 8.805452271636765582e-02
3.000488281250000000e-01 8.807945313883264182e-02
3.001708984375000000e-01 8.810433174642483267e-02
3.002929687500000000e-01 8.812915852450839416e-02
3.004150390625000000e-01 8.815393345847866158e-02
3.005371093750000000e-01 8.817865653376104340e-02
3.006591796875000000e-01 8.820332773581168739e-02
3.007812500000000000e-01 8.822794705011734184e-02
3.009033203125000000e-01 8.825251446219466167e-02
3.010253906250000000e-01 8.827702995759156845e-02
3.011474609375000000e-01 8.830149352188608469e-02
3.012695312500000000e-01 8.832590514068702769e-02
3.013916015625000000e-01 8.835026479963364876e-02
3.015136718750000000e-01 8.837457248439596624e-02
3.016357421875000000e-01 8.839882818067400228e-02
3.017578125000000000e-01 8.842303187419900401e-02
3.018798828125000000e-01 8.844718355073249993e-02
3.020019531250000000e-01 8.847128319606673008e-02
3.021240234375000000e-01 8.849533079602465990e-02
3.022460937500000000e-01 8.851932633645928639e-02
3.023681640625000000e-01 8.854326980325490093e-02
3.024902343750000000e-01 8.856716118232615953e-02
3.026123046875000000e-01 8.859100045961840197e-02
3.027343750000000000e-01 8.861478762110752694e-02
3.028564453125000000e-01 8.863852265280040832e-02
3.029785156250000000e-01 8.866220554073393767e-02
3.031005859375000000e-01 8.868583627097631483e-02
3.032226562500000000e-01 8.870941482962610425e-02
3.033447265625000000e-01 8.873294120281276232e-02
3.034667968750000000e-01 8.875641537669638759e-02
3.035888671875000000e-01 8.877983733746747097e-02
3.037109375000000000e-01 8.880320707134756186e-02
3.038330078125000000e-01 8.882652456458893508e-02
3.039550781250000000e-01 8.884978980347446598e-02
3.040771484375000000e-01 8.887300277431783857e-02
3.041992187500000000e-01 8.889616346346357334e-02
3.043212890625000000e-01 8.891927185728652760e-02
3.044433593750000000e-01 8.894232794219286697e-02
3.045654296875000000e-01 8.896533170461917717e-02
3.046875000000000000e-01 8.898828313103299137e-02
3.048095703125000000e-01 8.901118220793276248e-02
3.049316406250000000e-01 8.903402892184715534e-02
3.050537109375000000e-01 8.905682325933625409e-02
3.051757812500000000e-01 8.907956520699072955e-02
3.052978515625000000e-01 8.910225475143210283e-02
3.054199218750000000e-01 8.912489187931266210e-02
3.055419921875000000e-01 8.914747657731576791e-02
3.056640625000000000e-01 8.917000883215502050e-02
3.057861328125000000e-01 8.919248863057555043e-02
3.059082031250000000e-01 8.921491595935296393e-02
3.060302734375000000e-01 8.923729080529392566e-02
3.061523437500000000e-01 8.925961315523604778e-02
3.062744140625000000e-01 8.928188299604725153e-02
3.063964843750000000e-01 8.930410031462700238e-02
3.065185546875000000e-01 8.932626509790544955e-02
3.066406250000000000e-01 8.934837733284348160e-02
3.067626953125000000e-01 8.937043700643323985e-02
3.068847656250000000e-01 8.939244410569761878e-02
3.070068359375000000e-01 8.941439861769008568e-02
3.071289062500000000e-01 8.943630052949561038e-02
3.072509765625000000e-01 8.945814982822972161e-02
3.073730468750000000e-01 8.947994650103925640e-02
3.074951171875000000e-01 8.950169053510174944e-02
3.076171875000000000e-01 8.952338191762546082e-02
3.077392578125000000e-01 8.954502063585016713e-02
3.078613281250000000e-01 8.956660667704630097e-02
3.079833984375000000e-01 8.958814002851539504e-02
3.081054687500000000e-01 8.960962067758977689e-02
3.082275390625000000e-01 8.963104861163335990e-02
3.083496093750000000e-01 8.965242381804008898e-02
3.084716796875000000e-01 8.967374628423577243e-02
3.085937500000000000e-01 8.969501599767684685e-02
3.087158203125000000e-01 8.971623294585101549e-02
3.088378906250000000e-01 8.973739711627705395e-02
3.089599609375000000e-01 8.975850849650410246e-02
3.090820312500000000e-01 8.977956707411326176e-02
3.092041015625000000e-01 8.980057283671620538e-02
3.093261718750000000e-01 8.982152577195580412e-02
3.094482421875000000e-01 8.984242586750598725e-02
3.095703125000000000e-01 8.986327311107199234e-02
3.096923828125000000e-01 8.988406749038947707e-02
3.098144531250000000e-01 8.990480899322593478e-02
3.099365234375000000e-01 8.992549760737955644e-02
3.100585937500000000e-01 8.994613332067979972e-02
3.101806640625000000e-01 8.996671612098743054e-02
3.103027343750000000e-01 8.998724599619373210e-02
3.104248046875000000e-01 9.000772293422167059e-02
3.105468750000000000e-01 9.002814692302521515e-02
3.106689453125000000e-01 9.004851795058944897e-02
3.107910156250000000e-01 9.006883600493059694e-02
3.109130859375000000e-01 9.008910107409633106e-02
3.110351562500000000e-01 9.010931314616475729e-02
3.111572265625000000e-01 9.012947220924591440e-02
3.112792968750000000e-01 9.014957825148073312e-02
3.114013671875000000e-01 9.016963126104124426e-02
3.115234375000000000e-01 9.018963122613107841e-02
3.116455078125000000e-01 9.020957813498434175e-02
3.117675781250000000e-01 9.022947197586701773e-02
3.118896484375000000e-01 9.024931273707605117e-02
3.120117187500000000e-01 9.026910040693958415e-02
3.121337890625000000e-01 9.028883497381706702e-02
3.122558593750000000e-01 9.030851642609945273e-02
3.123779296875000000e-01 9.032814475220808659e-02
3.125000000000000000e-01 9.034771994059648259e-02
3.126220703125000000e-01 9.036724197974896344e-02
3.127441406250000000e-01 9.038671085818125728e-02
3.128662109375000000e-01 9.040612656444051154e-02
3.129882812500000000e-01 9.042548908710455746e-02
3.131103515625000000e-01 9.044479841478315907e-02
3.132324218750000000e-01 9.046405453611711112e-02
3.133544921875000000e-01 9.048325743977855828e-02
3.134765625000000000e-01 9.050240711447082864e-02
3.135986328125000000e-01 9.052150354892898876e-02
3.137207031250000000e-01 9.054054673191863634e-02
3.138427734375000000e-01 9.055953665223739901e-02
3.139648437500000000e-01 9.057847329871394904e-02
3.140869140625000000e-01 9.059735666020835021e-02
3.142089843750000000e-01 9.061618672561218280e-02
3.143310546875000000e-01 9.063496348384787737e-02
3.144531250000000000e-01 9.065368692386971405e-02
3.145751953125000000e-01 9.067235703466319796e-02
3.146972656250000000e-01 9.069097380524515639e-02
3.148193359375000000e-01 9.070953722466376656e-02
3.149414062500000000e-01 9.072804728199895807e-02
3.150634765625000000e-01 9.074650396636124716e-02
3.151855468750000000e-01 9.076490726689334654e-02
3.153076171875000000e-01 9.078325717276899964e-02
3.154296875000000000e-01 9.080155367319338311e-02
3.155517578125000000e-01 9.081979675740342595e-02
3.156738281250000000e-01 9.083798641466674095e-02
3.157958984375000000e-01 9.085612263428309576e-02
3.159179687500000000e-01 9.087420540558328874e-02
3.160400390625000000e-01 9.089223471792985676e-02
3.161621093750000000e-01 9.091021056071640905e-02
3.162841796875000000e-01 9.092813292336858477e-02
3.164062500000000000e-01 9.094600179534269302e-02
3.165283203125000000e-01 9.096381716612712831e-02
3.166503906250000000e-01 9.098157902524153795e-02
3.167724609375000000e-01 9.099928736223711345e-02
3.168945312500000000e-01 9.101694216669665993e-02
3.170166015625000000e-01 9.103454342823386058e-02
3.171386718750000000e-01 9.105209113649474773e-02
3.172607421875000000e-01 9.106958528115627338e-02
3.173828125000000000e-01 9.108702585192710033e-02
3.175048828125000000e-01 9.110441283854747718e-02
3.176269531250000000e-01 9.112174623078921065e-02
3.177490234375000000e-01 9.113902601845515206e-02
3.178710937500000000e-01 9.115625219138019653e-02
3.179931640625000000e-01 9.117342473943068626e-02
3.181152343750000000e-01 9.119054365250446603e-02
3.182373046875000000e-01 9.120760892053102198e-02
3.183593750000000000e-01 9.122462053347096811e-02
3.184814453125000000e-01 9.124157848131704551e-02
3.186035156250000000e-01 9.125848275409328969e-02
3.187255859375000000e-01 9.127533334185533587e-02
3.188476562500000000e-01 9.129213023469043287e-02
3.189697265625000000e-01 9.130887342271762352e-02
3.190917968750000000e-01 9.132556289608688427e-02
3.192138671875000000e-01 9.134219864498048513e-02
3.193359375000000000e-01 9.135878065961194894e-02
3.194580078125000000e-01 9.137530893022655087e-02
3.195800781250000000e-01 9.139178344710140178e-02
3.197021484375000000e-01 9.140820420054447670e-02
3.198242187500000000e-01 9.142457118089605816e-02
3.199462890625000000e-01 9.144088437852798679e-02
3.200683593750000000e-01 9.145714378384356413e-02
3.201904296875000000e-01 9.147334938727773312e-02
3.203125000000000000e-01 9.148950117929745274e-02
3.204345703125000000e-01 9.150559915040060166e-02
3.205566406250000000e-01 9.152164329111736607e-02
3.206787109375000000e-01 9.153763359200937921e-02
3.208007812500000000e-01 9.155357004366995732e-02
3.209228515625000000e-01 9.156945263672429391e-02
3.210449218750000000e-01 9.158528136182871038e-02
3.211669921875000000e-01 9.160105620967173845e-02
3.212890625000000000e-01 9.161677717097344020e-02
3.214111328125000000e-01 9.163244423648561621e-02
3.215332031250000000e-01 9.164805739699163900e-02
3.216552734375000000e-01 9.166361664330700820e-02
3.217773437500000000e-01 9.167912196627814314e-02
3.218994140625000000e-01 9.169457335678393717e-02
3.220214843750000000e-01 9.170997080573466131e-02
3.221435546875000000e-01 9.172531430407238062e-02
3.222656250000000000e-01 9.174060384277114844e-02
3.223876953125000000e-01 9.175583941283613210e-02
3.225097656250000000e-01 9.177102100530484807e-02
3.226318359375000000e-01 9.178614861124632929e-02
3.227539062500000000e-01 9.180122222176140268e-02
3.228759765625000000e-01 9.181624182798261979e-02
3.229980468750000000e-01 9.183120742107460377e-02
3.231201171875000000e-01 9.184611899223303622e-02
3.232421875000000000e-01 9.186097653268597563e-02
3.233642578125000000e-01 9.187578003369323287e-02
3.234863281250000000e-01 9.189052948654621855e-02
3.236083984375000000e-01 9.190522488256840095e-02
3.237304687500000000e-01 9.191986621311439010e-02
3.238525390625000000e-01 9.193445346957145048e-02
3.239746093750000000e-01 9.194898664335815486e-02
3.240966796875000000e-01 9.196346572592503654e-02
3.242187500000000000e-01 9.197789070875436734e-02
3.243408203125000000e-01 9.199226158336058778e-02
3.244628906250000000e-01 9.200657834128929402e-02
3.245849609375000000e-01 9.202084097411838970e-02
3.247070312500000000e-01 9.203504947345766962e-02
3.248291015625000000e-01 9.204920383094850056e-02
3.249511718750000000e-01 9.206330403826455677e-02
3.250732421875000000e-01 9.207735008711058489e-02
3.251953125000000000e-01 9.209134196922391657e-02
3.253173828125000000e-01 9.210527967637344160e-02
3.254394531250000000e-01 9.211916320035998251e-02
3.255615234375000000e-01 9.213299253301621139e-02
3.256835937500000000e-01 9.214676766620681636e-02
3.258056640625000000e-01 9.216048859182797426e-02
3.259277343750000000e-01 9.217415530180816940e-02
3.260498046875000000e-01 9.218776778810758299e-02
3.261718750000000000e-01 9.220132604271834287e-02
3.262939453125000000e-01 9.221483005766474561e-02
3.264160156250000000e-01 9.222827982500231281e-02
3.265380859375000000e-01 9.224167533681905395e-02
3.266601562500000000e-01 9.225501658523474480e-02
3.267822265625000000e-01 9.226830356240106612e-02
3.269042968750000000e-01 9.228153626050167313e-02
3.270263671875000000e-01 9.229471467175225097e-02
3.271484375000000000e-01 9.230783878839989021e-02
3.272705078125000000e-01 9.232090860272426647e-02
3.273925781250000000e-01 9.233392410703671060e-02
3.275146484375000000e-01 9.234688529368054177e-02
3.276367187500000000e-01 9.235979215503116457e-02
3.277587890625000000e-01 9.237264468349547231e-02
3.278808593750000000e-01 9.238544287151288781e-02
3.280029296875000000e-01 9.239818671155448915e-02
3.281250000000000000e-01 9.241087619612342596e-02
3.282470703125000000e-01 9.242351131775485007e-02
3.283691406250000000e-01 9.243609206901597097e-02
3.284912109375000000e-01 9.244861844250550076e-02
3.286132812500000000e-01 9.246109043085469492e-02
3.287353515625000000e-01 9.247350802672661685e-02
3.288574218750000000e-01 9.248587122281626272e-02
3.289794921875000000e-01 9.249818001185093619e-02
3.291015625000000000e-01 9.251043438658919371e-02
3.292236328125000000e-01 9.252263433982249596e-02
3.293457031250000000e-01 9.253477986437375069e-02
3.294677734375000000e-01 9.254687095309815925e-02
3.295898437500000000e-01 9.255890759888275865e-02
3.297119140625000000e-01 9.257088979464694889e-02
3.298339843750000000e-01 9.258281753334153541e-02
3.299560546875000000e-01 9.259469080794988094e-02
3.300781250000000000e-01 9.260650961148729488e-02
3.302001953125000000e-01 9.261827393700106104e-02
3.303222656250000000e-01 9.262998377757072910e-02
3.304443359375000000e-01 9.264163912630728193e-02
3.305664062500000000e-01 9.265323997635439845e-02
3.306884765625000000e-01 9.266478632088762102e-02
3.308105468750000000e-01 9.267627815311453576e-02
3.309326171875000000e-01 9.268771546627467550e-02
3.310546875000000000e-01 9.269909825364010258e-02
3.311767578125000000e-01 9.271042650851414602e-02
3.312988281250000000e-01 9.272170022423292801e-02
3.314208984375000000e-01 9.273291939416442031e-02
3.315429687500000000e-01 9.274408401170859684e-02
3.316650390625000000e-01 9.275519407029785002e-02
3.317871093750000000e-01 9.276624956339600547e-02
3.319091796875000000e-01 9.277725048449964040e-02
3.320312500000000000e-01 9.278819682713718153e-02
3.321533203125000000e-01 9.279908858486912715e-02
3.322753906250000000e-01 9.280992575128819977e-02
3.323974609375000000e-01 9.282070832001938776e-02
3.325195312500000000e-01 9.283143628471908493e-02
3.326416015625000000e-01 9.284210963907654768e-02
3.327636718750000000e-01 9.285272837681296521e-02
3.328857421875000000e-01 9.286329249168162603e-02
3.330078125000000000e-01 9.287380197746801513e-02
3.331298828125000000e-01 9.288425682798932825e-02
3.332519531250000000e-01 9.289465703709552657e-02
3.333740234375000000e-01 9.290500259866840693e-02
3.334960937500000000e-01 9.291529350662179609e-02
3.336181640625000000e-01 9.292552975490198097e-02
3.337402343750000000e-01 9.293571133748730617e-02
3.338623046875000000e-01 9.294583824838800745e-02
3.339843750000000000e-01 9.295591048164668357e-02
3.341064453125000000e-01 9.296592803133819916e-02
3.342285156250000000e-01 9.297589089156951814e-02
3.343505859375000000e-01 9.298579905647984256e-02
3.344726562500000000e-01 9.299565252024009909e-02
3.345947265625000000e-01 9.300545127705397985e-02
3.347167968750000000e-01 9.301519532115715139e-02
3.348388671875000000e-01 9.302488464681735181e-02
3.349609375000000000e-01 9.303451924833458508e-02
3.350830078125000000e-01 9.304409912004145411e-02
3.352050781250000000e-01 9.305362425630178680e-02
3.353271484375000000e-01 9.306309465151244020e-02
3.354492187500000000e-01 9.307251030010219028e-02
3.355712890625000000e-01 9.308187119653216213e-02
3.356933593750000000e-01 9.309117733529562178e-02
3.358154296875000000e-01 9.310042871091776806e-02
3.359375000000000000e-01 9.310962531795635710e-02
3.360595703125000000e-01 9.311876715100136925e-02
3.361816406250000000e-01 9.312785420467471764e-02
3.363037109375000000e-01 9.313688647363088657e-02
3.364257812500000000e-01 9.314586395255645968e-02
3.365478515625000000e-01 9.315478663617003663e-02
3.366699218750000000e-01 9.316365451922267726e-02
3.367919921875000000e-01 9.317246759649763788e-02
3.369140625000000000e-01 9.318122586281049613e-02
3.370361328125000000e-01 9.318992931300912330e-02
3.371582031250000000e-01 9.319857794197312917e-02
3.372802734375000000e-01 9.320717174461497223e-02
3.374023437500000000e-01 9.321571071587905766e-02
3.375244140625000000e-01 9.322419485074216750e-02
3.376464843750000000e-01 9.323262414421337740e-02
3.377685546875000000e-01 9.324099859133404278e-02
3.378906250000000000e-01 9.324931818717731302e-02
3.380126953125000000e-01 9.325758292684924178e-02
3.381347656250000000e-01 9.326579280548785711e-02
3.382568359375000000e-01 9.327394781826361947e-02
3.383789062500000000e-01 9.328204796037904700e-02
3.385009765625000000e-01 9.329009322706884044e-02
3.386230468750000000e-01 9.329808361360049374e-02
3.387451171875000000e-01 9.330601911527325321e-02
3.388671875000000000e-01 9.331389972741890859e-02
3.389892578125000000e-01 9.332172544540155712e-02
3.391113281250000000e-01 9.332949626461777004e-02
3.392333984375000000e-01 9.333721218049566282e-02
3.393554687500000000e-01 9.334487318849638005e-02
3.394775390625000000e-01 9.335247928411324891e-02
3.395996093750000000e-01 9.336003046287165430e-02
3.397216796875000000e-01 9.336752672032973266e-02
3.398437500000000000e-01 9.337496805207717854e-02
3.399658203125000000e-01 9.338235445373675725e-02
3.400878906250000000e-01 9.338968592096309751e-02
3.402099609375000000e-01 9.339696244944331593e-02
3.403320312500000000e-01 9.340418403489686439e-02
3.404541015625000000e-01 9.341135067307572426e-02
3.405761718750000000e-01 9.341846235976337953e-02
3.406982421875000000e-01 9.342551909077656536e-02
3.408203125000000000e-01 9.343252086196385253e-02
3.409423828125000000e-01 9.343946766920643854e-02
3.410644531250000000e-01 9.344635950841771732e-02
3.411865234375000000e-01 9.345319637554319603e-02
3.413085937500000000e-01 9.345997826656093910e-02
3.414306640625000000e-01 9.346670517748148499e-02
3.415527343750000000e-01 9.347337710434741598e-02
3.416748046875000000e-01 9.347999404323388550e-02
3.417968750000000000e-01 9.348655599024859042e-02
3.419189453125000000e-01 9.349306294153077179e-02
3.420410156250000000e-01 9.349951489325283860e-02
3.421630859375000000e-01 9.350591184161925751e-02
3.422851562500000000e-01 9.351225378286692758e-02
3.424072265625000000e-01 9.351854071326508311e-02
3.425292968750000000e-01 9.352477262911498834e-02
3.426513671875000000e-01 9.353094952675085338e-02
3.427734375000000000e-01 9.353707140253886276e-02
3.428955078125000000e-01 9.354313825287766115e-02
3.430175781250000000e-01 9.354915007419833950e-02
3.431396484375000000e-01 9.355510686296449052e-02
3.432617187500000000e-01 9.356100861567137605e-02
3.433837890625000000e-01 9.356685532884753687e-02
3.435058593750000000e-01 9.357264699905337713e-02
3.436279296875000000e-01 9.357838362288184442e-02
3.437500000000000000e-01 9.358406519695831871e-02
3.438720703125000000e-01 9.358969171794032094e-02
3.439941406250000000e-01 9.359526318251795707e-02
3.441162109375000000e-01 9.360077958741365445e-02
3.442382812500000000e-01 9.360624092938224505e-02
3.443603515625000000e-01 9.361164720521104876e-02
3.444824218750000000e-01 9.361699841171990111e-02
3.446044921875000000e-01 9.362229454576032062e-02
3.447265625000000000e-01 9.362753560421697985e-02
3.448486328125000000e-01 9.363272158400670619e-02
3.449707031250000000e-01 9.363785248207884271e-02
3.450927734375000000e-01 9.364292829541476237e-02
3.452148437500000000e-01 9.364794902102877017e-02
3.453369140625000000e-01 9.365291465596706222e-02
3.454589843750000000e-01 9.365782519730855848e-02
3.455810546875000000e-01 9.366268064216450029e-02
3.457031250000000000e-01 9.366748098767856134e-02
3.458251953125000000e-01 9.367222623102708368e-02
3.459472656250000000e-01 9.367691636941817557e-02
3.460693359375000000e-01 9.368155140009286341e-02
3.461914062500000000e-01 9.368613132032449498e-02
3.463134765625000000e-01 9.369065612741887816e-02
3.464355468750000000e-01 9.369512581871412837e-02
3.465576171875000000e-01 9.369954039158104320e-02
3.466796875000000000e-01 9.370389984342225587e-02
3.468017578125000000e-01 9.370820417167348426e-02
3.469238281250000000e-01 9.371245337380246232e-02
3.470458984375000000e-01 9.371664744730962004e-02
3.471679687500000000e-01 9.372078638972779208e-02
3.472900390625000000e-01 9.372487019862187074e-02
3.474121093750000000e-01 9.372889887158955546e-02
3.475341796875000000e-01 9.373287240626082539e-02
3.476562500000000000e-01 9.373679080029834187e-02
3.477783203125000000e-01 9.374065405139689333e-02
3.479003906250000000e-01 9.374446215728389487e-02
3.480224609375000000e-01 9.374821511571908295e-02
3.481445312500000000e-01 9.375191292449458480e-02
3.482666015625000000e-01 9.375555558143519597e-02
3.483886718750000000e-01 9.375914308439797784e-02
3.485107421875000000e-01 9.376267543127282666e-02
3.486328125000000000e-01 9.376615261998118289e-02
3.487548828125000000e-01 9.376957464847773815e-02
3.488769531250000000e-01 9.377294151474957484e-02
3.489990234375000000e-01 9.377625321681591630e-02
3.491210937500000000e-01 9.377950975272857093e-02
3.492431640625000000e-01 9.378271112057186276e-02
3.493652343750000000e-01 9.378585731846246498e-02
3.494873046875000000e-01 9.378894834454946927e-02
3.496093750000000000e-01 9.379198419701452460e-02
3.497314453125000000e-01 9.379496487407182337e-02
3.498535156250000000e-01 9.379789037396805973e-02
3.499755859375000000e-01 9.380076069498183289e-02
3.500976562500000000e-01 9.380357583542484057e-02
3.502197265625000000e-01 9.380633579364094921e-02
3.503417968750000000e-01 9.380904056800665192e-02
3.504638671875000000e-01 9.381169015693063828e-02
3.505859375000000000e-01 9.381428455885450213e-02
3.507080078125000000e-01 9.381682377225171454e-02
3.508300781250000000e-01 9.381930779562859535e-02
3.509521484375000000e-01 9.382173662752391063e-02
3.510742187500000000e-01 9.382411026650881725e-02
3.511962890625000000e-01 9.382642871118716810e-02
3.513183593750000000e-01 9.382869196019470726e-02
3.514404296875000000e-01 9.383090001220020793e-02
3.515625000000000000e-01 9.383305286590473693e-02
3.516845703125000000e-01 9.383515052004182122e-02
3.518066406250000000e-01 9.383719297337750342e-02
3.519287109375000000e-01 9.383918022471027243e-02
3.520507812500000000e-01 9.384111227287095236e-02
3.521728515625000000e-01 9.384298911672309118e-02
3.522949218750000000e-01 9.384481075516246107e-02
3.524169921875000000e-01 9.384657718711753027e-02
3.525390625000000000e-01 9.384828841154936596e-02
3.526611328125000000e-01 9.384994442745088483e-02
3.527832031250000000e-01 9.385154523384806047e-02
3.529052734375000000e-01 9.385309082979920170e-02
3.530273437500000000e-01 9.385458121439513302e-02
3.531494140625000000e-01 9.385601638675900027e-02
3.532714843750000000e-01 9.385739634604672865e-02
3.533935546875000000e-01 9.385872109144627329e-02
3.535156250000000000e-01 9.385999062217838251e-02
3.536376953125000000e-01 9.386120493749625093e-02
3.537597656250000000e-01 9.386236403668557493e-02
3.538818359375000000e-01 9.386346791906459430e-02
3.540039062500000000e-01 9.386451658398357878e-02
3.541259765625000000e-01 9.386551003082581335e-02
3.542480468750000000e-01 9.386644825900695988e-02
3.543701171875000000e-01 9.386733126797493221e-02
3.544921875000000000e-01 9.386815905721040965e-02
3.546142578125000000e-01 9.386893162622644837e-02
3.547363281250000000e-01 9.386964897456849533e-02
3.548583984375000000e-01 9.387031110181444371e-02
3.549804687500000000e-01 9.387091800757485505e-02
3.551025390625000000e-01 9.387146969149276488e-02
3.552246093750000000e-01 9.387196615324382154e-02
3.553466796875000000e-01 9.387240739253553679e-02
3.554687500000000000e-01 9.387279340910852088e-02
3.555908203125000000e-01 9.387312420273580260e-02
3.557128906250000000e-01 9.387339977322263496e-02
3.558349609375000000e-01 9.387362012040702253e-02
3.559570312500000000e-01 9.387378524415938841e-02
3.560791015625000000e-01 9.387389514438242155e-02
3.562011718750000000e-01 9.387394982101152086e-02
3.563232421875000000e-01 9.387394927401455924e-02
3.564453125000000000e-01 9.387389350339174487e-02
3.565673828125000000e-01 9.387378250917631506e-02
3.566894531250000000e-01 9.387361629143295416e-02
3.568115234375000000e-01 9.387339485025980590e-02
3.569335937500000000e-01 9.387311818578705780e-02
3.570556640625000000e-01 9.387278629817739917e-02
3.571777343750000000e-01 9.387239918762618762e-02
3.572998046875000000e-01 9.387195685436126869e-02
3.574218750000000000e-01 9.387145929864251781e-02
3.575439453125000000e-01 9.387090652076285346e-02
3.576660156250000000e-01 9.387029852104736283e-02
3.577880859375000000e-01 9.386963529985375976e-02
3.579101562500000000e-01 9.386891685757239867e-02
3.580322265625000000e-01 9.386814319462558065e-02
3.581542968750000000e-01 9.386731431146856652e-02
3.582763671875000000e-01 9.386643020858900788e-02
3.583984375000000000e-01 9.386549088650689154e-02
3.585205078125000000e-01 9.386449634577492818e-02
3.586425781250000000e-01 9.386344658697830245e-02
3.587646484375000000e-01 9.386234161073425675e-02
3.588867187500000000e-01 9.386118141769288215e-02
3.590087890625000000e-01 9.385996600853682703e-02
3.591308593750000000e-01 9.385869538398089462e-02
3.592529296875000000e-01 9.385736954477301441e-02
3.593750000000000000e-01 9.385598849169253521e-02
3.594970703125000000e-01 9.385455222555222354e-02
3.596191406250000000e-01 9.385306074719690361e-02
3.597412109375000000e-01 9.385151405750408182e-02
3.598632812500000000e-01 9.384991215738348880e-02
3.599853515625000000e-01 9.384825504777780103e-02
3.601074218750000000e-01 9.384654272966141964e-02
3.602294921875000000e-01 9.384477520404191364e-02
3.603515625000000000e-01 9.384295247195889589e-02
3.604736328125000000e-01 9.384107453448480018e-02
3.605957031250000000e-01 9.383914139272452049e-02
3.607177734375000000e-01 9.383715304781491129e-02
3.608398437500000000e-01 9.383510950092577296e-02
3.609619140625000000e-01 9.383301075325939378e-02
3.610839843750000000e-01 9.383085680605027235e-02
3.612060546875000000e-01 9.382864766056564498e-02
3.613281250000000000e-01 9.382638331810508325e-02
3.614501953125000000e-01 9.382406378000061886e-02
3.615722656250000000e-01 9.382168904761664652e-02
3.616943359375000000e-01 9.381925912235027087e-02
3.618164062500000000e-01 9.381677400563095959e-02
3.619384765625000000e-01 9.381423369892083475e-02
3.620605468750000000e-01 9.381163820371395123e-02
3.621826171875000000e-01 9.380898752153725428e-02
3.623046875000000000e-01 9.380628165395019091e-02
3.624267578125000000e-01 9.380352060254443236e-02
3.625488281250000000e-01 9.380070436894435981e-02
3.626708984375000000e-01 9.379783295480671745e-02
3.627929687500000000e-01 9.379490636182048757e-02
3.629150390625000000e-01 9.379192459170745955e-02
3.630371093750000000e-01 9.378888764622160534e-02
3.631591796875000000e-01 9.378579552714956524e-02
3.632812500000000000e-01 9.378264823631056457e-02
3.634033203125000000e-01 9.377944577555569206e-02
3.635253906250000000e-01 9.377618814676907943e-02
3.636474609375000000e-01 9.377287535186706879e-02
3.637695312500000000e-01 9.376950739279843461e-02
3.638916015625000000e-01 9.376608427154456415e-02
3.640136718750000000e-01 9.376260599011926322e-02
3.641357421875000000e-01 9.375907255056846468e-02
3.642578125000000000e-01 9.375548395497093623e-02
3.643798828125000000e-01 9.375184020543775310e-02
3.645019531250000000e-01 9.374814130411245061e-02
3.646240234375000000e-01 9.374438725317112142e-02
3.647460937500000000e-01 9.374057805482192973e-02
3.648681640625000000e-01 9.373671371130579133e-02
3.649902343750000000e-01 9.373279422489610990e-02
3.651123046875000000e-01 9.372881959789848560e-02
3.652343750000000000e-01 9.372478983265121466e-02
3.653564453125000000e-01 9.372070493152497017e-02
3.654785156250000000e-01 9.371656489692253844e-02
3.656005859375000000e-01 9.371236973127949899e-02
3.657226562500000000e-01 9.370811943706386371e-02
3.658447265625000000e-01 9.370381401677588262e-02
3.659667968750000000e-01 9.369945347294851568e-02
3.660888671875000000e-01 9.369503780814657234e-02
3.662109375000000000e-01 9.369056702496786349e-02
3.663330078125000000e-01 9.368604112604254908e-02
3.664550781250000000e-01 9.368146011403293005e-02
3.665771484375000000e-01 9.367682399163404505e-02
3.666992187500000000e-01 9.367213276157319857e-02
3.668212890625000000e-01 9.366738642660994707e-02
3.669433593750000000e-01 9.366258498953661249e-02
3.670654296875000000e-01 9.365772845317760220e-02
3.671875000000000000e-01 9.365281682038997801e-02
3.673095703125000000e-01 9.364785009406335903e-02
3.674316406250000000e-01 9.364282827711911672e-02
3.675537109375000000e-01 9.363775137251167946e-02
3.676757812500000000e-01 9.363261938322758882e-02
3.677978515625000000e-01 9.362743231228602692e-02
3.679199218750000000e-01 9.362219016273813643e-02
3.680419921875000000e-01 9.361689293766813080e-02
3.681640625000000000e-01 9.361154064019180931e-02
3.682861328125000000e-01 9.360613327345804202e-02
3.684082031250000000e-01 9.360067084064775667e-02
3.685302734375000000e-01 9.359515334497434114e-02
3.686523437500000000e-01 9.358958078968378225e-02
3.687744140625000000e-01 9.358395317805402736e-02
3.688964843750000000e-01 9.357827051339567825e-02
3.690185546875000000e-01 9.357253279905186627e-02
3.691406250000000000e-01 9.356674003839782205e-02
3.692626953125000000e-01 9.356089223484134743e-02
3.693847656250000000e-01 9.355498939182256557e-02
3.695068359375000000e-01 9.354903151281389329e-02
3.696289062500000000e-01 9.354301860132013813e-02
3.697509765625000000e-01 9.353695066087860943e-02
3.698730468750000000e-01 9.353082769505899341e-02
3.699951171875000000e-01 9.352464970746331152e-02
3.701171875000000000e-01 9.351841670172568455e-02
3.702392578125000000e-01 9.351212868151298485e-02
3.703613281250000000e-01 9.350578565052428126e-02
3.704833984375000000e-01 9.349938761249093622e-02
3.706054687500000000e-01 9.349293457117680006e-02
3.707275390625000000e-01 9.348642653037829431e-02
3.708496093750000000e-01 9.347986349392348182e-02
3.709716796875000000e-01 9.347324546567348236e-02
3.710937500000000000e-01 9.346657244952136234e-02
3.712158203125000000e-01 9.345984444939288427e-02
3.713378906250000000e-01 9.345306146924593771e-02
3.714599609375000000e-01 9.344622351307059482e-02
3.715820312500000000e-01 9.343933058488951282e-02
3.717041015625000000e-01 9.343238268875769803e-02
3.718261718750000000e-01 9.342537982876232550e-02
3.719482421875000000e-01 9.341832200902307204e-02
3.720703125000000000e-01 9.341120923369201912e-02
3.721923828125000000e-01 9.340404150695311158e-02
3.723144531250000000e-01 9.339681883302311527e-02
3.724365234375000000e-01 9.338954121615085369e-02
3.725585937500000000e-01 9.338220866061766601e-02
3.726806640625000000e-01 9.337482117073715726e-02
3.728027343750000000e-01 9.336737875085500404e-02
3.729248046875000000e-01 9.335988140534949575e-02
3.730468750000000000e-01 9.335232913863113213e-02
3.731689453125000000e-01 9.334472195514265103e-02
3.732910156250000000e-01 9.333705985935925042e-02
3.734130859375000000e-01 9.332934285578843581e-02
3.735351562500000000e-01 9.332157094896970095e-02
3.736572265625000000e-01 9.331374414347512469e-02
3.737792968750000000e-01 9.330586244390903783e-02
3.739013671875000000e-01 9.329792585490809254e-02
3.740234375000000000e-01 9.328993438114119297e-02
3.741455078125000000e-01 9.328188802730939810e-02
3.742675781250000000e-01 9.327378679814618545e-02
3.743896484375000000e-01 9.326563069841739551e-02
3.745117187500000000e-01 9.325741973292095421e-02
3.746337890625000000e-01 9.324915390648716440e-02
3.747558593750000000e-01 9.324083322397890006e-02
3.748779296875000000e-01 9.323245769029053776e-02
3.750000000000000000e-01 9.322402731034934442e-02
3.751220703125000000e-01 9.321554208911485284e-02
3.752441406250000000e-01 9.320700203157859798e-02
3.753662109375000000e-01 9.319840714276457494e-02
3.754882812500000000e-01 9.318975742772868387e-02
3.756103515625000000e-01 9.318105289155947935e-02
3.757324218750000000e-01 9.317229353937762915e-02
3.758544921875000000e-01 9.316347937633602527e-02
3.759765625000000000e-01 9.315461040761977007e-02
3.760986328125000000e-01 9.314568663844649543e-02
3.762207031250000000e-01 9.313670807406548846e-02
3.763427734375000000e-01 9.312767471975867684e-02
3.764648437500000000e-01 9.311858658084017082e-02
3.765869140625000000e-01 9.310944366265641592e-02
3.767089843750000000e-01 9.310024597058597084e-02
3.768310546875000000e-01 9.309099351003934097e-02
3.769531250000000000e-01 9.308168628645961673e-02
3.770751953125000000e-01 9.307232430532222378e-02
3.771972656250000000e-01 9.306290757213425691e-02
3.773193359375000000e-01 9.305343609243553471e-02
3.774414062500000000e-01 9.304390987179789185e-02
3.775634765625000000e-01 9.303432891582520681e-02
3.776855468750000000e-01 9.302469323015385982e-02
3.778076171875000000e-01 9.301500282045210843e-02
3.779296875000000000e-01 9.300525769242073970e-02
3.780517578125000000e-01 9.299545785179255675e-02
3.781738281250000000e-01 9.298560330433246202e-02
3.782958984375000000e-01 9.297569405583766544e-02
3.784179687500000000e-01 9.296573011213747628e-02
3.785400390625000000e-01 9.295571147909346965e-02
3.786621093750000000e-01 9.294563816259931999e-02
3.787841796875000000e-01 9.293551016858109248e-02
3.789062500000000000e-01 9.292532750299656308e-02
3.790283203125000000e-01 9.291509017183605112e-02
3.791503906250000000e-01 9.290479818112182264e-02
3.792724609375000000e-01 9.289445153690852053e-02
3.793945312500000000e-01 9.288405024528291476e-02
3.795166015625000000e-01 9.287359431236343055e-02
3.796386718750000000e-01 9.286308374430127244e-02
3.797607421875000000e-01 9.285251854727955001e-02
3.798828125000000000e-01 9.284189872751340278e-02
3.800048828125000000e-01 9.283122429125024999e-02
3.801269531250000000e-01 9.282049524476979063e-02
3.802490234375000000e-01 9.280971159438330953e-02
3.803710937500000000e-01 9.279887334643462105e-02
3.804931640625000000e-01 9.278798050729972213e-02
3.806152343750000000e-01 9.277703308338651478e-02
3.807373046875000000e-01 9.276603108113519458e-02
3.808593750000000000e-01 9.275497450701775115e-02
3.809814453125000000e-01 9.274386336753855098e-02
3.811035156250000000e-01 9.273269766923403212e-02
3.812255859375000000e-01 9.272147741867270421e-02
3.813476562500000000e-01 9.271020262245506516e-02
3.814697265625000000e-01 9.269887328721403141e-02
3.815917968750000000e-01 9.268748941961411913e-02
3.817138671875000000e-01 9.267605102635213810e-02
3.818359375000000000e-01 9.266455811415703903e-02
3.819580078125000000e-01 9.265301068978994137e-02
3.820800781250000000e-01 9.264140876004391123e-02
3.822021484375000000e-01 9.262975233174379486e-02
3.823242187500000000e-01 9.261804141174698191e-02
3.824462890625000000e-01 9.260627600694264216e-02
3.825683593750000000e-01 9.259445612425204475e-02
3.826904296875000000e-01 9.258258177062861360e-02
3.828125000000000000e-01 9.257065295305774710e-02
3.829345703125000000e-01 9.255866967855667926e-02
3.830566406250000000e-01 9.254663195417493771e-02
3.831787109375000000e-01 9.253453978699402449e-02
3.833007812500000000e-01 9.252239318412748548e-02
3.834228515625000000e-01 9.251019215272099361e-02
3.835449218750000000e-01 9.249793669995168277e-02
3.836669921875000000e-01 9.248562683302943843e-02
3.837890625000000000e-01 9.247326255919571802e-02
3.839111328125000000e-01 9.246084388572423096e-02
3.840332031250000000e-01 9.244837081992046679e-02
3.841552734375000000e-01 9.243584336912216703e-02
3.842773437500000000e-01 9.242326154069860356e-02
3.843994140625000000e-01 9.241062534205156387e-02
3.845214843750000000e-01 9.239793478061446297e-02
3.846435546875000000e-01 9.238518986385298171e-02
3.847656250000000000e-01 9.237239059926462270e-02
3.848876953125000000e-01 9.235953699437872422e-02
3.850097656250000000e-01 9.234662905675677935e-02
3.851318359375000000e-01 9.233366679399225563e-02
3.852539062500000000e-01 9.232065021371044233e-02
3.853759765625000000e-01 9.230757932356872808e-02
3.854980468750000000e-01 9.229445413125643427e-02
3.856201171875000000e-01 9.228127464449457917e-02
3.857421875000000000e-01 9.226804087103637753e-02
3.858642578125000000e-01 9.225475281866704624e-02
3.859863281250000000e-01 9.224141049520355462e-02
3.861083984375000000e-01 9.222801390849487413e-02
3.862304687500000000e-01 9.221456306642168699e-02
3.863525390625000000e-01 9.220105797689694127e-02
3.864746093750000000e-01 9.218749864786526804e-02
3.865966796875000000e-01 9.217388508730327279e-02
3.867187500000000000e-01 9.216021730321957706e-02
3.868408203125000000e-01 9.214649530365444374e-02
3.869628906250000000e-01 9.213271909668029058e-02
3.870849609375000000e-01 9.211888869040105177e-02
3.872070312500000000e-01 9.210500409295321878e-02
3.873291015625000000e-01 9.209106531250453587e-02
3.874511718750000000e-01 9.207707235725452743e-02
3.875732421875000000e-01 9.206302523543548333e-02
3.876953125000000000e-01 9.204892395531029392e-02
3.878173828125000000e-01 9.203476852517507301e-02
3.879394531250000000e-01 9.202055895335671531e-02
3.880615234375000000e-01 9.200629524821407612e-02
3.881835937500000000e-01 9.199197741813877616e-02
3.883056640625000000e-01 9.197760547155300892e-02
3.884277343750000000e-01 9.196317941691187214e-02
3.885498046875000000e-01 9.194869926270177185e-02
3.886718750000000000e-01 9.193416501744057501e-02
3.887939453125000000e-01 9.191957668967901118e-02
3.889160156250000000e-01 9.190493428799843822e-02
3.890380859375000000e-01 9.189023782101325699e-02
3.891601562500000000e-01 9.187548729736860764e-02
3.892822265625000000e-01 9.186068272574161864e-02
3.894042968750000000e-01 9.184582411484196185e-02
3.895263671875000000e-01 9.183091147341018723e-02
3.896484375000000000e-01 9.181594481021931875e-02
3.897705078125000000e-01 9.180092413407354990e-02
3.898925781250000000e-01 9.178584945380943716e-02
3.900146484375000000e-01 9.177072077829499797e-02
3.901367187500000000e-01 9.175553811642968294e-02
3.902587890625000000e-01 9.174030147714549999e-02
3.903808593750000000e-01 9.172501086940540449e-02
3.905029296875000000e-01 9.170966630220495075e-02
3.906250000000000000e-01 9.169426778457061278e-02
3.907470703125000000e-01 9.167881532556068636e-02
3.908691406250000000e-01 9.166330893426610782e-02
3.909912109375000000e-01 9.164774861980823362e-02
3.911132812500000000e-01 9.163213439134133831e-02
3.912353515625000000e-01 9.161646625805065780e-02
3.913574218750000000e-01 9.160074422915305548e-02
3.914794921875000000e-01 9.158496831389791037e-02
3.916015625000000000e-01 9.156913852156527145e-02
3.917236328125000000e-01 9.155325486146796699e-02
3.918457031250000000e-01 9.153731734294963396e-02
3.919677734375000000e-01 9.152132597538567560e-02
3.920898437500000000e-01 9.150528076818388590e-02
3.922119140625000000e-01 9.148918173078270100e-02
3.923339843750000000e-01 9.147302887265337801e-02
3.924560546875000000e-01 9.145682220329763579e-02
3.925781250000000000e-01 9.144056173224995865e-02
3.927001953125000000e-01 9.142424746907582001e-02
3.928222656250000000e-01 9.140787942337205707e-02
3.929443359375000000e-01 9.139145760476821700e-02
3.930664062500000000e-01 9.137498202292418381e-02
3.931884765625000000e-01 9.135845268753278736e-02
3.933105468750000000e-01 9.134186960831744417e-02
3.934326171875000000e-01 9.132523279503332314e-02
3.935546875000000000e-01 9.130854225746791453e-02
3.936767578125000000e-01 9.129179800543937850e-02
3.937988281250000000e-01 9.127500004879843254e-02
3.939208984375000000e-01 9.125814839742660278e-02
3.940429687500000000e-01 9.124124306123700123e-02
3.941650390625000000e-01 9.122428405017514452e-02
3.942871093750000000e-01 9.120727137421705266e-02
3.944091796875000000e-01 9.119020504337140010e-02
3.945312500000000000e-01 9.117308506767758669e-02
3.946533203125000000e-01 9.115591145720661204e-02
3.947753906250000000e-01 9.113868422206174158e-02
3.948974609375000000e-01 9.112140337237689680e-02
3.950195312500000000e-01 9.110406891831829279e-02
3.951416015625000000e-01 9.108668087008296721e-02
3.952636718750000000e-01 9.106923923790030684e-02
3.953857421875000000e-01 9.105174403203057654e-02
3.955078125000000000e-01 9.103419526276554374e-02
3.956298828125000000e-01 9.101659294042906134e-02
3.957519531250000000e-01 9.099893707537570764e-02
3.958740234375000000e-01 9.098122767799241006e-02
3.959960937500000000e-01 9.096346475869705739e-02
3.961181640625000000e-01 9.094564832793868014e-02
3.962402343750000000e-01 9.092777839619882452e-02
3.963623046875000000e-01 9.090985497398934578e-02
3.964843750000000000e-01 9.089187807185469814e-02
3.966064453125000000e-01 9.087384770037001958e-02
3.967285156250000000e-01 9.085576387014178412e-02
3.968505859375000000e-01 9.083762659180875942e-02
3.969726562500000000e-01 9.081943587604007773e-02
3.970947265625000000e-01 9.080119173353749795e-02
3.972167968750000000e-01 9.078289417503325465e-02
3.973388671875000000e-01 9.076454321129109881e-02
3.974609375000000000e-01 9.074613885310685302e-02
3.975830078125000000e-01 9.072768111130699586e-02
3.977050781250000000e-01 9.070916999675006365e-02
3.978271484375000000e-01 9.069060552032526257e-02
3.979492187500000000e-01 9.067198769295405081e-02
3.980712890625000000e-01 9.065331652558857034e-02
3.981933593750000000e-01 9.063459202921249347e-02
3.983154296875000000e-01 9.061581421484117549e-02
3.984375000000000000e-01 9.059698309352082202e-02
3.985595703125000000e-01 9.057809867632982126e-02
3.986816406250000000e-01 9.055916097437692602e-02
3.988037109375000000e-01 9.054016999880265537e-02
3.989257812500000000e-01 9.052112576077939177e-02
3.990478515625000000e-01 9.050202827150972962e-02
3.991699218750000000e-01 9.048287754222884838e-02
3.992919921875000000e-01 9.046367358420234761e-02
3.994140625000000000e-01 9.044441640872721844e-02
3.995361328125000000e-01 9.042510602713239865e-02
3.996582031250000000e-01 9.040574245077714899e-02
3.997802734375000000e-01 9.038632569105320425e-02
3.999023437500000000e-01 9.036685575938256665e-02
4.000244140625000000e-01 9.034733266721868550e-02
4.001464843750000000e-01 9.032775642604697064e-02
4.002685546875000000e-01 9.030812704738323815e-02
4.003906250000000000e-01 9.028844454277520915e-02
4.005126953125000000e-01 9.026870892380131628e-02
4.006347656250000000e-01 9.024892020207189725e-02
4.007568359375000000e-01 9.022907838922795964e-02
4.008789062500000000e-01 9.020918349694169447e-02
4.010009765625000000e-01 9.018923553691716999e-02
4.011230468750000000e-01 9.016923452088883295e-02
4.012451171875000000e-01 9.014918046062328494e-02
4.013671875000000000e-01 9.012907336791736723e-02
4.014892578125000000e-01 9.010891325459957635e-02
4.016113281250000000e-01 9.008870013252999465e-02
4.017333984375000000e-01 9.006843401359890255e-02
4.018554687500000000e-01 9.004811490972887411e-02
4.019775390625000000e-01 9.002774283287293122e-02
4.020996093750000000e-01 9.000731779501518204e-02
4.022216796875000000e-01 8.998683980817148709e-02
4.023437500000000000e-01 8.996630888438818252e-02
4.024658203125000000e-01 8.994572503574362055e-02
4.025878906250000000e-01 8.992508827434633756e-02
4.027099609375000000e-01 8.990439861233626151e-02
4.028320312500000000e-01 8.988365606188507273e-02
4.029541015625000000e-01 8.986286063519464962e-02
4.030761718750000000e-01 8.984201234449876172e-02
4.031982421875000000e-01 8.982111120206145993e-02
4.033203125000000000e-01 8.980015722017888058e-02
4.034423828125000000e-01 8.977915041117755235e-02
4.035644531250000000e-01 8.975809078741484037e-02
4.036865234375000000e-01 8.973697836128008420e-02
4.038085937500000000e-01 8.971581314519280759e-02
4.039306640625000000e-01 8.969459515160436991e-02
4.040527343750000000e-01 8.967332439299649516e-02
4.041748046875000000e-01 8.965200088188203520e-02
4.042968750000000000e-01 8.963062463080552489e-02
4.044189453125000000e-01 8.960919565234160000e-02
4.045410156250000000e-01 8.958771395909681523e-02
4.046630859375000000e-01 8.956617956370810374e-02
4.047851562500000000e-01 8.954459247884340167e-02
4.049072265625000000e-01 8.952295271720217551e-02
4.050292968750000000e-01 8.950126029151418694e-02
4.051513671875000000e-01 8.947951521454093615e-02
4.052734375000000000e-01 8.945771749907416304e-02
4.053955078125000000e-01 8.943586715793692965e-02
4.055175781250000000e-01 8.941396420398352307e-02
4.056396484375000000e-01 8.939200865009845620e-02
4.057617187500000000e-01 8.937000050919795269e-02
4.058837890625000000e-01 8.934793979422860077e-02
4.060058593750000000e-01 8.932582651816843577e-02
4.061279296875000000e-01 8.930366069402602414e-02
4.062500000000000000e-01 8.928144233484057446e-02
4.063720703125000000e-01 8.925917145368311711e-02
4.064941406250000000e-01 8.923684806365463074e-02
4.066162109375000000e-01 8.921447217788781858e-02
4.067382812500000000e-01 8.919204380954549871e-02
4.068603515625000000e-01 8.916956297182156155e-02
4.069824218750000000e-01 8.914702967794146948e-02
4.071044921875000000e-01 8.912444394116032786e-02
4.072265625000000000e-01 8.910180577476525809e-02
4.073486328125000000e-01 8.907911519207355189e-02
4.074707031250000000e-01 8.905637220643326801e-02
4.075927734375000000e-01 8.903357683122385680e-02
4.077148437500000000e-01 8.901072907985488336e-02
4.078369140625000000e-01 8.898782896576759582e-02
4.079589843750000000e-01 8.896487650243320444e-02
4.080810546875000000e-01 8.894187170335385306e-02
4.082031250000000000e-01 8.891881458206309097e-02
4.083251953125000000e-01 8.889570515212458224e-02
4.084472656250000000e-01 8.887254342713317434e-02
4.085693359375000000e-01 8.884932942071407935e-02
4.086914062500000000e-01 8.882606314652377599e-02
4.088134765625000000e-01 8.880274461824917698e-02
4.089355468750000000e-01 8.877937384960753187e-02
4.090576171875000000e-01 8.875595085434793974e-02
4.091796875000000000e-01 8.873247564624885120e-02
4.093017578125000000e-01 8.870894823912080229e-02
4.094238281250000000e-01 8.868536864680402754e-02
4.095458984375000000e-01 8.866173688316958401e-02
4.096679687500000000e-01 8.863805296211987872e-02
4.097900390625000000e-01 8.861431689758710040e-02
4.099121093750000000e-01 8.859052870353500975e-02
4.100341796875000000e-01 8.856668839395737125e-02
4.101562500000000000e-01 8.854279598287857767e-02
4.102783203125000000e-01 8.851885148435441331e-02
4.104003906250000000e-01 8.849485491247027769e-02
4.105224609375000000e-01 8.847080628134333657e-02
4.106445312500000000e-01 8.844670560512038482e-02
4.107666015625000000e-01 8.842255289797908147e-02
4.108886718750000000e-01 8.839834817412833834e-02
4.110107421875000000e-01 8.837409144780662695e-02
4.111328125000000000e-01 8.834978273328401854e-02
4.112548828125000000e-01 8.832542204486042159e-02
4.113769531250000000e-01 8.830100939686678918e-02
4.114990234375000000e-01 8.827654480366441125e-02
4.116210937500000000e-01 8.825202827964487295e-02
4.117431640625000000e-01 8.822745983923109547e-02
4.118652343750000000e-01 8.820283949687560132e-02
4.119873046875000000e-01 8.817816726706241559e-02
4.121093750000000000e-01 8.815344316430519245e-02
4.122314453125000000e-01 8.812866720314840863e-02
4.123535156250000000e-01 8.810383939816748833e-02
4.124755859375000000e-01 8.807895976396754034e-02
4.125976562500000000e-01 8.805402831518517603e-02
4.127197265625000000e-01 8.802904506648653871e-02
4.128417968750000000e-01 8.800401003256848320e-02
4.129638671875000000e-01 8.797892322815897836e-02
4.130859375000000000e-01 8.795378466801549722e-02
4.132080078125000000e-01 8.792859436692665454e-02
4.133300781250000000e-01 8.790335233971129092e-02
4.134521484375000000e-01 8.787805860121832013e-02
4.135742187500000000e-01 8.785271316632767280e-02
4.136962890625000000e-01 8.782731604994921393e-02
4.138183593750000000e-01 8.780186726702379763e-02
4.139404296875000000e-01 8.777636683252175442e-02
4.140625000000000000e-01 8.775081476144491743e-02
4.141845703125000000e-01 8.772521106882451292e-02
4.143066406250000000e-01 8.769955576972240929e-02
4.144287109375000000e-01 8.767384887923150572e-02
4.145507812500000000e-01 8.764809041247384469e-02
4.146728515625000000e-01 8.762228038460302681e-02
4.147949218750000000e-01 8.759641881080222625e-02
4.149169921875000000e-01 8.757050570628494013e-02
4.150390625000000000e-01 8.754454108629551590e-02
4.151611328125000000e-01 8.751852496610787457e-02
4.152832031250000000e-01 8.749245736102712057e-02
4.154052734375000000e-01 8.746633828638787633e-02
4.155273437500000000e-01 8.744016775755510118e-02
4.156494140625000000e-01 8.741394578992472963e-02
4.157714843750000000e-01 8.738767239892195060e-02
4.158935546875000000e-01 8.736134760000327515e-02
4.160156250000000000e-01 8.733497140865452424e-02
4.161376953125000000e-01 8.730854384039220262e-02
4.162597656250000000e-01 8.728206491076304085e-02
4.163818359375000000e-01 8.725553463534370391e-02
4.165039062500000000e-01 8.722895302974159604e-02
4.166259765625000000e-01 8.720232010959368119e-02
4.167480468750000000e-01 8.717563589056778750e-02
4.168701171875000000e-01 8.714890038836126118e-02
4.169921875000000000e-01 8.712211361870185466e-02
4.171142578125000000e-01 8.709527559734785152e-02
4.172363281250000000e-01 8.706838634008691458e-02
4.173583984375000000e-01 8.704144586273783457e-02
4.174804687500000000e-01 8.701445418114861496e-02
4.176025390625000000e-01 8.698741131119772096e-02
4.177246093750000000e-01 8.696031726879420443e-02
4.178466796875000000e-01 8.693317206987627443e-02
4.179687500000000000e-01 8.690597573041315693e-02
4.180908203125000000e-01 8.687872826640366530e-02
4.182128906250000000e-01 8.685142969387653344e-02
4.183349609375000000e-01 8.682408002889112353e-02
4.184570312500000000e-01 8.679667928753624639e-02
4.185791015625000000e-01 8.676922748593138279e-02
4.187011718750000000e-01 8.674172464022561480e-02
4.188232421875000000e-01 8.671417076659784784e-02
4.189453125000000000e-01 8.668656588125775442e-02
4.190673828125000000e-01 8.665891000044417813e-02
4.191894531250000000e-01 8.663120314042675740e-02
4.193115234375000000e-01 8.660344531750441277e-02
4.194335937500000000e-01 8.657563654800665143e-02
4.195556640625000000e-01 8.654777684829234596e-02
4.196777343750000000e-01 8.651986623475070581e-02
4.197998046875000000e-01 8.649190472380109684e-02
4.199218750000000000e-01 8.646389233189211154e-02
4.200439453125000000e-01 8.643582907550317884e-02
4.201660156250000000e-01 8.640771497114303756e-02
4.202880859375000000e-01 8.637955003535006948e-02
4.204101562500000000e-01 8.635133428469365935e-02
4.205322265625000000e-01 8.632306773577183567e-02
4.206542968750000000e-01 8.629475040521351892e-02
4.207763671875000000e-01 8.626638230967692555e-02
4.208984375000000000e-01 8.623796346584998440e-02
4.210205078125000000e-01 8.620949389045122480e-02
4.211425781250000000e-01 8.618097360022813902e-02
4.212646484375000000e-01 8.615240261195893090e-02
4.213867187500000000e-01 8.612378094245082272e-02
4.215087890625000000e-01 8.609510860854127645e-02
4.216308593750000000e-01 8.606638562709756357e-02
4.217529296875000000e-01 8.603761201501658462e-02
4.218750000000000000e-01 8.600878778922520229e-02
4.219970703125000000e-01 8.597991296667986671e-02
4.221191406250000000e-01 8.595098756436719833e-02
4.222412109375000000e-01 8.592201159930286380e-02
4.223632812500000000e-01 8.589298508853276948e-02
4.224853515625000000e-01 8.586390804913270058e-02
4.226074218750000000e-01 8.583478049820751632e-02
4.227294921875000000e-01 8.580560245289264865e-02
4.228515625000000000e-01 8.577637393035261737e-02
4.229736328125000000e-01 8.574709494778162688e-02
4.230957031250000000e-01 8.571776552240406577e-02
4.232177734375000000e-01 8.568838567147329943e-02
4.233398437500000000e-01 8.565895541227319665e-02
4.234619140625000000e-01 8.562947476211656139e-02
4.235839843750000000e-01 8.559994373834581283e-02
4.237060546875000000e-01 8.557036235833397064e-02
4.238281250000000000e-01 8.554073063948230971e-02
4.239501953125000000e-01 8.551104859922299684e-02
4.240722656250000000e-01 8.548131625501685649e-02
4.241943359375000000e-01 8.545153362435468913e-02
4.243164062500000000e-01 8.542170072475696596e-02
4.244384765625000000e-01 8.539181757377334314e-02
4.245605468750000000e-01 8.536188418898381369e-02
4.246826171875000000e-01 8.533190058799677846e-02
4.248046875000000000e-01 8.530186678845143311e-02
4.249267578125000000e-01 8.527178280801564481e-02
4.250488281250000000e-01 8.524164866438674326e-02
4.251708984375000000e-01 8.521146437529243667e-02
4.252929687500000000e-01 8.518122995848877166e-02
4.254150390625000000e-01 8.515094543176239539e-02
4.255371093750000000e-01 8.512061081292872367e-02
4.256591796875000000e-01 8.509022611983252382e-02
4.257812500000000000e-01 8.505979137034884452e-02
4.259033203125000000e-01 8.502930658238123940e-02
4.260253906250000000e-01 8.499877177386344629e-02
4.261474609375000000e-01 8.496818696275817984e-02
4.262695312500000000e-01 8.493755216705743682e-02
4.263916015625000000e-01 8.490686740478343986e-02
4.265136718750000000e-01 8.487613269398669447e-02
4.266357421875000000e-01 8.484534805274801528e-02
4.267578125000000000e-01 8.481451349917704108e-02
4.268798828125000000e-01 8.478362905141292871e-02
4.270019531250000000e-01 8.475269472762425593e-02
4.271240234375000000e-01 8.472171054600879936e-02
4.272460937500000000e-01 8.469067652479403407e-02
4.273681640625000000e-01 8.465959268223600953e-02
4.274902343750000000e-01 8.462845903662112590e-02
4.276123046875000000e-01 8.459727560626405241e-02
4.277343750000000000e-01 8.456604240950925389e-02
4.278564453125000000e-01 8.453475946473067160e-02
4.279785156250000000e-01 8.450342679033083504e-02
4.281005859375000000e-01 8.447204440474247178e-02
4.282226562500000000e-01 8.444061232642674497e-02
4.283447265625000000e-01 8.440913057387416929e-02
4.284667968750000000e-01 8.437759916560498563e-02
4.285888671875000000e-01 8.434601812016799538e-02
4.287109375000000000e-01 8.431438745614185104e-02
4.288330078125000000e-01 8.428270719213384887e-02
4.289550781250000000e-01 8.425097734678048400e-02
4.290771484375000000e-01 8.421919793874808879e-02
4.291992187500000000e-01 8.418736898673125080e-02
4.293212890625000000e-01 8.415549050945433929e-02
4.294433593750000000e-01 8.412356252567068648e-02
4.295654296875000000e-01 8.409158505416239326e-02
4.296875000000000000e-01 8.405955811374134223e-02
4.298095703125000000e-01 8.402748172324785159e-02
4.299316406250000000e-01 8.399535590155193798e-02
4.300537109375000000e-01 8.396318066755203979e-02
4.301757812500000000e-01 8.393095604017646039e-02
4.302978515625000000e-01 8.389868203838177219e-02
4.304199218750000000e-01 8.386635868115399628e-02
4.305419921875000000e-01 8.383398598750831099e-02
4.306640625000000000e-01 8.380156397648833022e-02
4.307861328125000000e-01 8.376909266716761615e-02
4.309082031250000000e-01 8.373657207864804164e-02
4.310302734375000000e-01 8.370400223006016494e-02
4.311523437500000000e-01 8.367138314056468684e-02
4.312744140625000000e-01 8.363871482935007762e-02
4.313964843750000000e-01 8.360599731563456150e-02
4.315185546875000000e-01 8.357323061866488156e-02
4.316406250000000000e-01 8.354041475771660508e-02
4.317626953125000000e-01 8.350754975209505326e-02
4.318847656250000000e-01 8.347463562113317803e-02
4.320068359375000000e-01 8.344167238419405996e-02
4.321289062500000000e-01 8.340866006066896543e-02
4.322509765625000000e-01 8.337559866997795721e-02
4.323730468750000000e-01 8.334248823157044961e-02
4.324951171875000000e-01 8.330932876492426475e-02
4.326171875000000000e-01 8.327612028954659018e-02
4.327392578125000000e-01 8.324286282497268818e-02
4.328613281250000000e-01 8.320955639076750565e-02
4.329833984375000000e-01 8.317620100652417525e-02
4.331054687500000000e-01 8.314279669186448729e-02
4.332275390625000000e-01 8.310934346643995829e-02
4.333496093750000000e-01 8.307584134992966607e-02
4.334716796875000000e-01 8.304229036204253955e-02
4.335937500000000000e-01 8.300869052251545754e-02
4.337158203125000000e-01 8.297504185111428954e-02
4.338378906250000000e-01 8.294134436763395124e-02
4.339599609375000000e-01 8.290759809189755802e-02
4.340820312500000000e-01 8.287380304375738249e-02
4.342041015625000000e-01 8.283995924309404957e-02
4.343261718750000000e-01 8.280606670981681405e-02
4.344482421875000000e-01 8.277212546386428227e-02
4.345703125000000000e-01 8.273813552520271897e-02
4.346923828125000000e-01 8.270409691382780981e-02
4.348144531250000000e-01 8.267000964976359279e-02
4.349365234375000000e-01 8.263587375306245819e-02
4.350585937500000000e-01 8.260168924380599520e-02
4.351806640625000000e-01 8.256745614210378448e-02
4.353027343750000000e-01 8.253317446809464719e-02
4.354248046875000000e-01 8.249884424194516008e-02
4.355468750000000000e-01 8.246446548385139019e-02
4.356689453125000000e-01 8.243003821403710463e-02
4.357910156250000000e-01 8.239556245275504731e-02
4.359130859375000000e-01 8.236103822028663368e-02
4.360351562500000000e-01 8.232646553694115965e-02
4.361572265625000000e-01 8.229184442305730041e-02
4.362792968750000000e-01 8.225717489900158386e-02
4.364013671875000000e-01 8.222245698516909840e-02
4.365234375000000000e-01 8.218769070198363169e-02
4.366455078125000000e-01 8.215287606989718494e-02
4.367675781250000000e-01 8.211801310939040310e-02
4.368896484375000000e-01 8.208310184097235285e-02
4.370117187500000000e-01 8.204814228518010621e-02
4.371337890625000000e-01 8.201313446257982309e-02
4.372558593750000000e-01 8.197807839376540506e-02
4.373779296875000000e-01 8.194297409935974441e-02
4.375000000000000000e-01 8.190782160001365553e-02
4.376220703125000000e-01 8.187262091640634676e-02
4.377441406250000000e-01 8.183737206924554530e-02
4.378662109375000000e-01 8.180207507926723354e-02
4.379882812500000000e-01 8.176672996723581555e-02
4.381103515625000000e-01 8.173133675394363140e-02
4.382324218750000000e-01 8.169589546021205351e-02
4.383544921875000000e-01 8.166040610688998780e-02
4.384765625000000000e-01 8.162486871485476192e-02
4.385986328125000000e-01 8.158928330501252768e-02
4.387207031250000000e-01 8.155364989829680389e-02
4.388427734375000000e-01 8.151796851567019719e-02
4.389648437500000000e-01 8.148223917812298656e-02
4.390869140625000000e-01 8.144646190667366448e-02
4.392089843750000000e-01 8.141063672236938109e-02
4.393310546875000000e-01 8.137476364628480618e-02
4.394531250000000000e-01 8.133884269952354473e-02
4.395751953125000000e-01 8.130287390321677687e-02
4.396972656250000000e-01 8.126685727852384078e-02
4.398193359375000000e-01 8.123079284663271837e-02
4.399414062500000000e-01 8.119468062875888348e-02
4.400634765625000000e-01 8.115852064614650918e-02
4.401855468750000000e-01 8.112231292006735761e-02
4.403076171875000000e-01 8.108605747182173751e-02
4.404296875000000000e-01 8.104975432273750502e-02
4.405517578125000000e-01 8.101340349417092412e-02
4.406738281250000000e-01 8.097700500750659725e-02
4.407958984375000000e-01 8.094055888415627176e-02
4.409179687500000000e-01 8.090406514556075512e-02
4.410400390625000000e-01 8.086752381318808303e-02
4.411621093750000000e-01 8.083093490853458796e-02
4.412841796875000000e-01 8.079429845312474656e-02
4.414062500000000000e-01 8.075761446851059677e-02
4.415283203125000000e-01 8.072088297627277864e-02
4.416503906250000000e-01 8.068410399801910493e-02
4.417724609375000000e-01 8.064727755538574072e-02
4.418945312500000000e-01 8.061040367003695362e-02
4.420166015625000000e-01 8.057348236366447536e-02
4.421386718750000000e-01 8.053651365798834838e-02
4.422607421875000000e-01 8.049949757475620415e-02
4.423828125000000000e-01 8.046243413574345749e-02
4.425048828125000000e-01 8.042532336275406979e-02
4.426269531250000000e-01 8.038816527761886988e-02
4.427490234375000000e-01 8.035095990219724704e-02
4.428710937500000000e-01 8.031370725837605473e-02
4.429931640625000000e-01 8.027640736807024890e-02
4.431152343750000000e-01 8.023906025322224966e-02
4.432373046875000000e-01 8.020166593580227432e-02
4.433593750000000000e-01 8.016422443780875373e-02
4.434814453125000000e-01 8.012673578126720819e-02
4.436035156250000000e-01 8.008919998823163522e-02
4.437255859375000000e-01 8.005161708078302463e-02
4.438476562500000000e-01 8.001398708103049651e-02
4.439697265625000000e-01 7.997631001111109306e-02
4.440917968750000000e-01 7.993858589318882102e-02
4.442138671875000000e-01 7.990081474945628925e-02
4.443359375000000000e-01 7.986299660213291851e-02
4.444580078125000000e-01 7.982513147346617655e-02
4.445800781250000000e-01 7.978721938573138384e-02
4.447021484375000000e-01 7.974926036123100581e-02
4.448242187500000000e-01 7.971125442229544389e-02
4.449462890625000000e-01 7.967320159128278567e-02
4.450683593750000000e-01 7.963510189057813882e-02
4.451904296875000000e-01 7.959695534259496330e-02
4.453125000000000000e-01 7.955876196977360038e-02
4.454345703125000000e-01 7.952052179458250769e-02
4.455566406250000000e-01 7.948223483951706581e-02
4.456787109375000000e-01 7.944390112710085494e-02
4.458007812500000000e-01 7.940552067988440599e-02
4.459228515625000000e-01 7.936709352044588051e-02
4.460449218750000000e-01 7.932861967139122339e-02
4.461669921875000000e-01 7.929009915535328856e-02
4.462890625000000000e-01 7.925153199499308798e-02
4.464111328125000000e-01 7.921291821299840386e-02
4.465332031250000000e-01 7.917425783208474621e-02
4.466552734375000000e-01 7.913555087499520024e-02
4.467773437500000000e-01 7.909679736449977405e-02
4.468994140625000000e-01 7.905799732339659214e-02
4.470214843750000000e-01 7.901915077451038272e-02
4.471435546875000000e-01 7.898025774069346305e-02
4.472656250000000000e-01 7.894131824482604476e-02
4.473876953125000000e-01 7.890233230981484602e-02
4.475097656250000000e-01 7.886329995859445163e-02
4.476318359375000000e-01 7.882422121412668847e-02
4.477539062500000000e-01 7.878509609940023695e-02
4.478759765625000000e-01 7.874592463743176896e-02
4.479980468750000000e-01 7.870670685126454624e-02
4.481201171875000000e-01 7.866744276396958613e-02
4.482421875000000000e-01 7.862813239864478720e-02
4.483642578125000000e-01 7.858877577841566486e-02
4.484863281250000000e-01 7.854937292643451863e-02
4.486083984375000000e-01 7.850992386588091787e-02
4.487304687500000000e-01 7.847042861996204877e-02
4.488525390625000000e-01 7.843088721191159018e-02
4.489746093750000000e-01 7.839129966499104596e-02
4.490966796875000000e-01 7.835166600248866242e-02
4.492187500000000000e-01 7.831198624771969208e-02
4.493408203125000000e-01 7.827226042402701811e-02
4.494628906250000000e-01 7.823248855478000252e-02
4.495849609375000000e-01 7.819267066337576289e-02
4.497070312500000000e-01 7.815280677323793723e-02
4.498291015625000000e-01 7.811289690781737793e-02
4.499511718750000000e-01 7.807294109059217946e-02
4.500732421875000000e-01 7.803293934506710938e-02
4.501953125000000000e-01 7.799289169477442718e-02
4.503173828125000000e-01 7.795279816327306543e-02
4.504394531250000000e-01 7.791265877414871310e-02
4.505615234375000000e-01 7.787247355101484247e-02
4.506835937500000000e-01 7.783224251751093281e-02
4.508056640625000000e-01 7.779196569730410793e-02
4.509277343750000000e-01 7.775164311408816475e-02
4.510498046875000000e-01 7.771127479158378148e-02
4.511718750000000000e-01 7.767086075353860086e-02
4.512939453125000000e-01 7.763040102372724405e-02
4.514160156250000000e-01 7.758989562595108858e-02
4.515380859375000000e-01 7.754934458403824060e-02
4.516601562500000000e-01 7.750874792184420103e-02
4.517822265625000000e-01 7.746810566325061653e-02
4.519042968750000000e-01 7.742741783216633422e-02
4.520263671875000000e-01 7.738668445252715189e-02
4.521484375000000000e-01 7.734590554829513798e-02
4.522705078125000000e-01 7.730508114345983894e-02
4.523925781250000000e-01 7.726421126203705803e-02
4.525146484375000000e-01 7.722329592806928544e-02
4.526367187500000000e-01 7.718233516562626739e-02
4.527587890625000000e-01 7.714132899880392358e-02
4.528808593750000000e-01 7.710027745172529090e-02
4.530029296875000000e-01 7.705918054853994059e-02
4.531250000000000000e-01 7.701803831342392270e-02
4.532470703125000000e-01 7.697685077058043224e-02
4.533691406250000000e-01 7.693561794423874056e-02
4.534912109375000000e-01 7.689433985865537502e-02
4.536132812500000000e-01 7.685301653811285605e-02
4.537353515625000000e-01 7.681164800692100170e-02
4.538574218750000000e-01 7.677023428941549821e-02
4.539794921875000000e-01 7.672877540995901025e-02
4.541015625000000000e-01 7.668727139294102824e-02
4.542236328125000000e-01 7.664572226277688305e-02
4.543457031250000000e-01 7.660412804390921704e-02
4.544677734375000000e-01 7.656248876080669341e-02
4.545898437500000000e-01 7.652080443796448195e-02
4.547119140625000000e-01 7.647907509990467534e-02
4.548339843750000000e-01 7.643730077117526223e-02
4.549560546875000000e-01 7.639548147635132069e-02
4.550781250000000000e-01 7.635361724003390804e-02
4.552001953125000000e-01 7.631170808685053264e-02
4.553222656250000000e-01 7.626975404145563964e-02
4.554443359375000000e-01 7.622775512852933422e-02
4.555664062500000000e-01 7.618571137277875549e-02
4.556884765625000000e-01 7.614362279893704955e-02
4.558105468750000000e-01 7.610148943176368863e-02
4.559326171875000000e-01 7.605931129604490137e-02
4.560546875000000000e-01 7.601708841659289562e-02
4.561767578125000000e-01 7.597482081824642741e-02
4.562988281250000000e-01 7.593250852587009325e-02
4.564208984375000000e-01 7.589015156435556519e-02
4.565429687500000000e-01 7.584774995862009206e-02
4.566650390625000000e-01 7.580530373360741536e-02
4.567871093750000000e-01 7.576281291428774156e-02
4.569091796875000000e-01 7.572027752565702041e-02
4.570312500000000000e-01 7.567769759273811070e-02
4.571533203125000000e-01 7.563507314057951736e-02
4.572753906250000000e-01 7.559240419425589108e-02
4.573974609375000000e-01 7.554969077886873607e-02
4.575195312500000000e-01 7.550693291954473085e-02
4.576416015625000000e-01 7.546413064143769889e-02
4.577636718750000000e-01 7.542128396972681836e-02
4.578857421875000000e-01 7.537839292961770465e-02
4.580078125000000000e-01 7.533545754634221603e-02
4.581298828125000000e-01 7.529247784515792630e-02
4.582519531250000000e-01 7.524945385134883258e-02
4.583740234375000000e-01 7.520638559022485570e-02
4.584960937500000000e-01 7.516327308712184019e-02
4.586181640625000000e-01 7.512011636740173470e-02
4.587402343750000000e-01 7.507691545645267528e-02
4.588623046875000000e-01 7.503367037968856901e-02
4.589843750000000000e-01 7.499038116254927444e-02
4.591064453125000000e-01 7.494704783050105956e-02
4.592285156250000000e-01 7.490367040903543605e-02
4.593505859375000000e-01 7.486024892367025563e-02
4.594726562500000000e-01 7.481678339994957128e-02
4.595947265625000000e-01 7.477327386344266580e-02
4.597167968750000000e-01 7.472972033974530082e-02
4.598388671875000000e-01 7.468612285447895349e-02
4.599609375000000000e-01 7.464248143329049734e-02
4.600830078125000000e-01 7.459879610185356225e-02
4.602050781250000000e-01 7.455506688586674424e-02
4.603271484375000000e-01 7.451129381105502103e-02
4.604492187500000000e-01 7.446747690316894708e-02
4.605712890625000000e-01 7.442361618798459810e-02
4.606933593750000000e-01 7.437971169130458415e-02
4.608154296875000000e-01 7.433576343895631489e-02
4.609375000000000000e-01 7.429177145679378980e-02
4.610595703125000000e-01 7.424773577069623820e-02
4.611816406250000000e-01 7.420365640656854944e-02
4.613037109375000000e-01 7.415953339034173086e-02
4.614257812500000000e-01 7.411536674797196411e-02
4.615478515625000000e-01 7.407115650544161822e-02
4.616699218750000000e-01 7.402690268875811164e-02
4.617919921875000000e-01 7.398260532395520284e-02
4.619140625000000000e-01 7.393826443709168583e-02
4.620361328125000000e-01 7.389388005425208406e-02
4.621582031250000000e-01 7.384945220154678913e-02
4.622802734375000000e-01 7.380498090511132536e-02
4.624023437500000000e-01 7.376046619110719627e-02
4.625244140625000000e-01 7.371590808572128783e-02
4.626464843750000000e-01 7.367130661516574364e-02
4.627685546875000000e-01 7.362666180567876972e-02
4.628906250000000000e-01 7.358197368352341339e-02
4.630126953125000000e-01 7.353724227498897870e-02
4.631347656250000000e-01 7.349246760638943055e-02
4.632568359375000000e-01 7.344764970406460203e-02
4.633789062500000000e-01 7.340278859437993075e-02
4.635009765625000000e-01 7.335788430372580660e-02
4.636230468750000000e-01 7.331293685851847375e-02
4.637451171875000000e-01 7.326794628519926744e-02
4.638671875000000000e-01 7.322291261023483600e-02
4.639892578125000000e-01 7.317783586011754327e-02
4.641113281250000000e-01 7.313271606136480252e-02
4.642333984375000000e-01 7.308755324051946500e-02
4.643554687500000000e-01 7.304234742414943138e-02
4.644775390625000000e-01 7.299709863884849825e-02
4.645996093750000000e-01 7.295180691123509531e-02
4.647216796875000000e-01 7.290647226795327063e-02
4.648437500000000000e-01 7.286109473567221884e-02
4.649658203125000000e-01 7.281567434108623948e-02
4.650878906250000000e-01 7.277021111091523664e-02
4.652099609375000000e-01 7.272470507190395561e-02
4.653320312500000000e-01 7.267915625082224662e-02
4.654541015625000000e-01 7.263356467446557829e-02
4.655761718750000000e-01 7.258793036965403844e-02
4.656982421875000000e-01 7.254225336323334716e-02
4.658203125000000000e-01 7.249653368207403803e-02
4.659423828125000000e-01 7.245077135307170790e-02
4.660644531250000000e-01 7.240496640314728061e-02
4.661865234375000000e-01 7.235911885924660447e-02
4.663085937500000000e-01 7.231322874834056336e-02
4.664306640625000000e-01 7.226729609742524318e-02
4.665527343750000000e-01 7.222132093352151561e-02
4.666748046875000000e-01 7.217530328367538495e-02
4.667968750000000000e-01 7.212924317495783555e-02
4.669189453125000000e-01 7.208314063446499831e-02
4.670410156250000000e-01 7.203699568931760944e-02
4.671630859375000000e-01 7.199080836666178762e-02
4.672851562500000000e-01 7.194457869366818747e-02
4.674072265625000000e-01 7.189830669753245751e-02
4.675292968750000000e-01 7.185199240547536503e-02
4.676513671875000000e-01 7.180563584474231043e-02
4.677734375000000000e-01 7.175923704260381286e-02
4.678955078125000000e-01 7.171279602635502459e-02
4.680175781250000000e-01 7.166631282331585584e-02
4.681396484375000000e-01 7.161978746083134950e-02
4.682617187500000000e-01 7.157321996627105665e-02
4.683837890625000000e-01 7.152661036702961939e-02
4.685058593750000000e-01 7.147995869052616025e-02
4.686279296875000000e-01 7.143326496420453198e-02
4.687500000000000000e-01 7.138652921553365061e-02
4.688720703125000000e-01 7.133975147200678768e-02
4.689941406250000000e-01 7.129293176114218089e-02
4.691162109375000000e-01 7.124607011048274263e-02
4.692382812500000000e-01 7.119916654759571306e-02
4.693603515625000000e-01 7.115222110007349277e-02
4.694824218750000000e-01 7.110523379553279621e-02
4.696044921875000000e-01 7.105820466161504034e-02
4.697265625000000000e-01 7.101113372598619189e-02
4.698486328125000000e-01 7.096402101633711434e-02
4.699707031250000000e-01 7.091686656038266590e-02
4.700927734375000000e-01 7.086967038586278189e-02
4.702148437500000000e-01 7.082243252054173932e-02
4.703369140625000000e-01 7.077515299220835110e-02
4.704589843750000000e-01 7.072783182867591056e-02
4.705810546875000000e-01 7.068046905778235800e-02
4.707031250000000000e-01 7.063306470738975329e-02
4.708251953125000000e-01 7.058561880538510858e-02
4.709472656250000000e-01 7.053813137967943070e-02
4.710693359375000000e-01 7.049060245820856774e-02
4.711914062500000000e-01 7.044303206893243186e-02
4.713134765625000000e-01 7.039542023983526298e-02
4.714355468750000000e-01 7.034776699892629492e-02
4.715576171875000000e-01 7.030007237423825661e-02
4.716796875000000000e-01 7.025233639382903739e-02
4.718017578125000000e-01 7.020455908578034088e-02
4.719238281250000000e-01 7.015674047819819847e-02
4.720458984375000000e-01 7.010888059921331628e-02
4.721679687500000000e-01 7.006097947698013140e-02
4.722900390625000000e-01 7.001303713967790832e-02
4.724121093750000000e-01 6.996505361550975355e-02
4.725341796875000000e-01 6.991702893270324015e-02
4.726562500000000000e-01 6.986896311950988037e-02
4.727783203125000000e-01 6.982085620420566685e-02
4.729003906250000000e-01 6.977270821509064247e-02
4.730224609375000000e-01 6.972451918048901132e-02
4.731445312500000000e-01 6.967628912874924973e-02
4.732666015625000000e-01 6.962801808824375938e-02
4.733886718750000000e-01 6.957970608736904761e-02
4.735107421875000000e-01 6.953135315454606058e-02
4.736328125000000000e-01 6.948295931821930893e-02
4.737548828125000000e-01 6.943452460685790861e-02
4.738769531250000000e-01 6.938604904895449843e-02
4.739990234375000000e-01 6.933753267302618373e-02
4.741210937500000000e-01 6.928897550761385637e-02
4.742431640625000000e-01 6.924037758128240294e-02
4.743652343750000000e-01 6.919173892262077408e-02
4.744873046875000000e-01 6.914305956024187350e-02
4.746093750000000000e-01 6.909433952278239144e-02
4.747314453125000000e-01 6.904557883890320713e-02
4.748535156250000000e-01 6.899677753728875040e-02
4.749755859375000000e-01 6.894793564664791763e-02
4.750976562500000000e-01 6.889905319571287823e-02
4.752197265625000000e-01 6.885013021323999061e-02
4.753417968750000000e-01 6.880116672800939970e-02
4.754638671875000000e-01 6.875216276882503696e-02
4.755859375000000000e-01 6.870311836451466203e-02
4.757080078125000000e-01 6.865403354392987656e-02
4.758300781250000000e-01 6.860490833594597160e-02
4.759521484375000000e-01 6.855574276946209411e-02
4.760742187500000000e-01 6.850653687340098330e-02
4.761962890625000000e-01 6.845729067670935919e-02
4.763183593750000000e-01 6.840800420835725648e-02
4.764404296875000000e-01 6.835867749733887111e-02
4.765625000000000000e-01 6.830931057267174145e-02
4.766845703125000000e-01 6.825990346339709525e-02
4.768066406250000000e-01 6.821045619858000231e-02
4.769287109375000000e-01 6.816096880730876384e-02
4.770507812500000000e-01 6.811144131869587004e-02
4.771728515625000000e-01 6.806187376187684823e-02
4.772949218750000000e-01 6.801226616601106778e-02
4.774169921875000000e-01 6.796261856028142090e-02
4.775390625000000000e-01 6.791293097389423938e-02
4.776611328125000000e-01 6.786320343607958605e-02
4.777832031250000000e-01 6.781343597609074125e-02
4.779052734375000000e-01 6.776362862320477187e-02
4.780273437500000000e-01 6.771378140672183743e-02
4.781494140625000000e-01 6.766389435596599500e-02
4.782714843750000000e-01 6.761396750028439429e-02
4.783935546875000000e-01 6.756400086904777724e-02
4.785156250000000000e-01 6.751399449165015887e-02
4.786376953125000000e-01 6.746394839750916028e-02
4.787597656250000000e-01 6.741386261606528707e-02
4.788818359375000000e-01 6.736373717678315054e-02
4.790039062500000000e-01 6.731357210914984401e-02
4.791259765625000000e-01 6.726336744267641388e-02
4.792480468750000000e-01 6.721312320689691588e-02
4.793701171875000000e-01 6.716283943136876211e-02
4.794921875000000000e-01 6.711251614567256829e-02
4.796142578125000000e-01 6.706215337941225096e-02
4.797363281250000000e-01 6.701175116221493033e-02
4.798583984375000000e-01 6.696130952373093026e-02
4.799804687500000000e-01 6.691082849363369500e-02
4.801025390625000000e-01 6.686030810162009452e-02
4.802246093750000000e-01 6.680974837740971672e-02
4.803466796875000000e-01 6.675914935074575562e-02
4.804687500000000000e-01 6.670851105139415094e-02
4.805908203125000000e-01 6.665783350914435135e-02
4.807128906250000000e-01 6.660711675380848185e-02
4.808349609375000000e-01 6.655636081522182945e-02
4.809570312500000000e-01 6.650556572324294036e-02
4.810791015625000000e-01 6.645473150775323135e-02
4.812011718750000000e-01 6.640385819865712858e-02
4.813232421875000000e-01 6.635294582588209533e-02
4.814453125000000000e-01 6.630199441937859040e-02
4.815673828125000000e-01 6.625100400911999865e-02
4.816894531250000000e-01 6.619997462510267272e-02
4.818115234375000000e-01 6.614890629734587746e-02
4.819335937500000000e-01 6.609779905589178994e-02
4.820556640625000000e-01 6.604665293080549948e-02
4.821777343750000000e-01 6.599546795217493822e-02
4.822998046875000000e-01 6.594424415011095053e-02
4.824218750000000000e-01 6.589298155474708485e-02
4.825439453125000000e-01 6.584168019623992674e-02
4.826660156250000000e-01 6.579034010476864092e-02
4.827880859375000000e-01 6.573896131053541536e-02
4.829101562500000000e-01 6.568754384376482292e-02
4.830322265625000000e-01 6.563608773470466784e-02
4.831542968750000000e-01 6.558459301362518090e-02
4.832763671875000000e-01 6.553305971081938019e-02
4.833984375000000000e-01 6.548148785660294624e-02
4.835205078125000000e-01 6.542987748131433301e-02
4.836425781250000000e-01 6.537822861531453200e-02
4.837646484375000000e-01 6.532654128898728041e-02
4.838867187500000000e-01 6.527481553273888071e-02
4.840087890625000000e-01 6.522305137699833943e-02
4.841308593750000000e-01 6.517124885221700636e-02
4.842529296875000000e-01 6.511940798886911574e-02
4.843750000000000000e-01 6.506752881745120343e-02
4.844970703125000000e-01 6.501561136848271749e-02
4.846191406250000000e-01 6.496365567250501905e-02
4.847412109375000000e-01 6.491166176008239530e-02
4.848632812500000000e-01 6.485962966180161549e-02
4.849853515625000000e-01 6.480755940827177819e-02
4.851074218750000000e-01 6.475545103012449177e-02
4.852294921875000000e-01 6.470330455801377723e-02
4.853515625000000000e-01 6.465112002261594326e-02
4.854736328125000000e-01 6.459889745463003041e-02
4.855957031250000000e-01 6.454663688477695060e-02
4.857177734375000000e-01 6.449433834380047248e-02
4.858398437500000000e-01 6.444200186246638873e-02
4.859619140625000000e-01 6.438962747156296018e-02
4.860839843750000000e-01 6.433721520190061050e-02
4.862060546875000000e-01 6.428476508431218983e-02
4.863281250000000000e-01 6.423227714965271118e-02
4.864501953125000000e-01 6.417975142879951689e-02
4.865722656250000000e-01 6.412718795265211214e-02
4.866943359375000000e-01 6.407458675213228982e-02
4.868164062500000000e-01 6.402194785818381140e-02
4.869384765625000000e-01 6.396927130177296195e-02
4.870605468750000000e-01 6.391655711388791183e-02
4.871826171875000000e-01 6.386380532553910527e-02
4.873046875000000000e-01 6.381101596775902440e-02
4.874267578125000000e-01 6.375818907160234195e-02
4.875488281250000000e-01 6.370532466814575467e-02
4.876708984375000000e-01 6.365242278848791402e-02
4.877929687500000000e-01 6.359948346374973138e-02
4.879150390625000000e-01 6.354650672507404507e-02
4.880371093750000000e-01 6.349349260362573133e-02
4.881591796875000000e-01 6.344044113059151002e-02
4.882812500000000000e-01 6.338735233718030548e-02
4.884033203125000000e-01 6.333422625462294120e-02
4.885253906250000000e-01 6.328106291417191775e-02
4.886474609375000000e-01 6.322786234710206510e-02
4.887695312500000000e-01 6.317462458470979314e-02
4.888916015625000000e-01 6.312134965831353584e-02
4.890136718750000000e-01 6.306803759925357078e-02
4.891357421875000000e-01 6.301468843889196370e-02
4.892578125000000000e-01 6.296130220861274884e-02
4.893798828125000000e-01 6.290787893982160983e-02
4.895019531250000000e-01 6.285441866394601840e-02
4.896240234375000000e-01 6.280092141243537318e-02
4.897460937500000000e-01 6.274738721676068054e-02
4.898681640625000000e-01 6.269381610841474883e-02
4.899902343750000000e-01 6.264020811891213292e-02
4.901123046875000000e-01 6.258656327978882883e-02
4.902343750000000000e-01 6.253288162260292604e-02
4.903564453125000000e-01 6.247916317893390664e-02
4.904785156250000000e-01 6.242540798038290900e-02
4.906005859375000000e-01 6.237161605857281799e-02
4.907226562500000000e-01 6.231778744514789026e-02
4.908447265625000000e-01 6.226392217177422611e-02
4.909667968750000000e-01 6.221002027013926988e-02
4.910888671875000000e-01 6.215608177195226791e-02
4.912109375000000000e-01 6.210210670894373425e-02
4.913330078125000000e-01 6.204809511286595025e-02
4.914550781250000000e-01 6.199404701549230540e-02
4.915771484375000000e-01 6.193996244861811606e-02
4.916992187500000000e-01 6.188584144405987614e-02
4.918212890625000000e-01 6.183168403365551374e-02
4.919433593750000000e-01 6.177749024926453697e-02
4.920654296875000000e-01 6.172326012276776325e-02
4.921875000000000000e-01 6.166899368606718751e-02
4.923095703125000000e-01 6.161469097108659976e-02
4.924316406250000000e-01 6.156035200977074545e-02
4.925537109375000000e-01 6.150597683408586674e-02
4.926757812500000000e-01 6.145156547601949432e-02
4.927978515625000000e-01 6.139711796758041962e-02
4.929199218750000000e-01 6.134263434079874344e-02
4.930419921875000000e-01 6.128811462772565388e-02
4.931640625000000000e-01 6.123355886043382879e-02
4.932861328125000000e-01 6.117896707101697779e-02
4.934082031250000000e-01 6.112433929159005047e-02
4.935302734375000000e-01 6.106967555428916006e-02
4.936523437500000000e-01 6.101497589127152094e-02
4.937744140625000000e-01 6.096024033471564296e-02
4.938964843750000000e-01 6.090546891682092900e-02
4.940185546875000000e-01 6.085066166980811903e-02
4.941406250000000000e-01 6.079581862591876967e-02
4.942626953125000000e-01 6.074093981741566367e-02
4.943847656250000000e-01 6.068602527658265022e-02
4.945068359375000000e-01 6.063107503572453399e-02
4.946289062500000000e-01 6.057608912716708205e-02
4.947509765625000000e-01 6.052106758325710018e-02
4.948730468750000000e-01 6.046601043636236350e-02
4.949951171875000000e-01 6.041091771887155404e-02
4.951171875000000000e-01 6.035578946319428845e-02
4.952392578125000000e-01 6.030062570176114578e-02
4.953613281250000000e-01 6.024542646702348708e-02
4.954833984375000000e-01 6.019019179145364967e-02
4.956054687500000000e-01 6.013492170754471816e-02
4.957275390625000000e-01 6.007961624781071180e-02
4.958496093750000000e-01 6.002427544478636939e-02
4.959716796875000000e-01 5.996889933102730885e-02
4.960937500000000000e-01 5.991348793910977050e-02
4.962158203125000000e-01 5.985804130163099174e-02
4.963378906250000000e-01 5.980255945120867278e-02
4.964599609375000000e-01 5.974704242048142766e-02
4.965820312500000000e-01 5.969149024210847199e-02
4.967041015625000000e-01 5.963590294876973397e-02
4.968261718750000000e-01 5.958028057316574339e-02
4.969482421875000000e-01 5.952462314801779120e-02
4.970703125000000000e-01 5.946893070606762421e-02
4.971923828125000000e-01 5.941320328007772961e-02
4.973144531250000000e-01 5.935744090283107816e-02
4.974365234375000000e-01 5.930164360713126304e-02
4.975585937500000000e-01 5.924581142580238879e-02
4.976806640625000000e-01 5.918994439168907828e-02
4.978027343750000000e-01 5.913404253765646573e-02
4.979248046875000000e-01 5.907810589659020367e-02
4.980468750000000000e-01 5.902213450139633111e-02
4.981689453125000000e-01 5.896612838500144699e-02
4.982910156250000000e-01 5.891008758035245346e-02
4.984130859375000000e-01 5.885401212041671548e-02
4.985351562500000000e-01 5.879790203818197059e-02
4.986572265625000000e-01 5.874175736665635666e-02
4.987792968750000000e-01 5.868557813886834257e-02
4.989013671875000000e-01 5.862936438786672116e-02
4.990234375000000000e-01 5.857311614672054689e-02
4.991455078125000000e-01 5.851683344851927454e-02
4.992675781250000000e-01 5.846051632637252332e-02
4.993896484375000000e-01 5.840416481341023647e-02
4.995117187500000000e-01 5.834777894278253552e-02
4.996337890625000000e-01 5.829135874765976888e-02
4.997558593750000000e-01 5.823490426123251185e-02
4.998779296875000000e-01 5.817841551671144862e-02
5.000000000000000000e-01 5.812189254732745558e-02
5.001220703125000000e-01 5.806533538633159436e-02
5.002441406250000000e-01 5.800874406699492447e-02
5.003662109375000000e-01 5.795211862260871150e-02
5.004882812500000000e-01 5.789545908648417727e-02
5.006103515625000000e-01 5.783876549195273581e-02
5.007324218750000000e-01 5.778203787236571576e-02
5.008544921875000000e-01 5.772527626109455468e-02
5.009765625000000000e-01 5.766848069153061862e-02
5.010986328125000000e-01 5.761165119708529930e-02
5.012207031250000000e-01 5.755478781118990306e-02
5.013427734375000000e-01 5.749789056729570635e-02
5.014648437500000000e-01 5.744095949887388641e-02
5.015869140625000000e-01 5.738399463941554202e-02
5.017089843750000000e-01 5.732699602243158943e-02
5.018310546875000000e-01 5.726996368145290117e-02
5.019531250000000000e-01 5.721289765003007011e-02
5.020751953125000000e-01 5.715579796173365923e-02
5.021972656250000000e-01 5.709866465015386860e-02
5.023193359375000000e-01 5.704149774890079905e-02
5.024414062500000000e-01 5.698429729160421620e-02
5.025634765625000000e-01 5.692706331191373093e-02
5.026855468750000000e-01 5.686979584349857036e-02
5.028076171875000000e-01 5.681249492004769586e-02
5.029296875000000000e-01 5.675516057526989316e-02
5.030517578125000000e-01 5.669779284289336307e-02
5.031738281250000000e-01 5.664039175666605447e-02
5.032958984375000000e-01 5.658295735035562268e-02
5.034179687500000000e-01 5.652548965774917278e-02
5.035400390625000000e-01 5.646798871265353709e-02
5.036621093750000000e-01 5.641045454889496991e-02
5.037841796875000000e-01 5.635288720031941812e-02
5.039062500000000000e-01 5.629528670079218811e-02
5.040283203125000000e-01 5.623765308419824416e-02
5.041503906250000000e-01 5.617998638444188231e-02
5.042724609375000000e-01 5.612228663544702179e-02
5.043945312500000000e-01 5.606455387115687194e-02
5.045166015625000000e-01 5.600678812553414043e-02
5.046386718750000000e-01 5.594898943256094992e-02
5.047607421875000000e-01 5.589115782623875484e-02
5.048828125000000000e-01 5.583329334058843157e-02
5.050048828125000000e-01 5.577539600965014666e-02
5.051269531250000000e-01 5.571746586748340530e-02
5.052490234375000000e-01 5.565950294816703059e-02
5.053710937500000000e-01 5.560150728579910107e-02
5.054931640625000000e-01 5.554347891449698538e-02
5.056152343750000000e-01 5.548541786839725209e-02
5.057373046875000000e-01 5.542732418165575992e-02
5.058593750000000000e-01 5.536919788844748419e-02
5.059814453125000000e-01 5.531103902296669039e-02
5.061035156250000000e-01 5.525284761942659412e-02
5.062255859375000000e-01 5.519462371205993700e-02
5.063476562500000000e-01 5.513636733511814714e-02
5.064697265625000000e-01 5.507807852287201211e-02
5.065917968750000000e-01 5.501975730961133210e-02
5.067138671875000000e-01 5.496140372964500309e-02
5.068359375000000000e-01 5.490301781730085040e-02
5.069580078125000000e-01 5.484459960692592007e-02
5.070800781250000000e-01 5.478614913288606253e-02
5.072021484375000000e-01 5.472766642956621019e-02
5.073242187500000000e-01 5.466915153137019701e-02
5.074462890625000000e-01 5.461060447272088336e-02
5.075683593750000000e-01 5.455202528805996182e-02
5.076904296875000000e-01 5.449341401184808198e-02
5.078125000000000000e-01 5.443477067856471174e-02
5.079345703125000000e-01 5.437609532270824830e-02
5.080566406250000000e-01 5.431738797879585856e-02
5.081787109375000000e-01 5.425864868136359709e-02
5.083007812500000000e-01 5.419987746496624653e-02
5.084228515625000000e-01 5.414107436417737312e-02
5.085449218750000000e-01 5.408223941358945852e-02
5.086669921875000000e-01 5.402337264781344878e-02
5.087890625000000000e-01 5.396447410147917068e-02
5.089111328125000000e-01 5.390554380923518601e-02
5.090332031250000000e-01 5.384658180574859038e-02
5.091552734375000000e-01 5.378758812570524905e-02
5.092773437500000000e-01 5.372856280380963745e-02
5.093994140625000000e-01 5.366950587478480639e-02
5.095214843750000000e-01 5.361041737337241680e-02
5.096435546875000000e-01 5.355129733433273975e-02
5.097656250000000000e-01 5.349214579244454537e-02
5.098876953125000000e-01 5.343296278250522779e-02
5.100097656250000000e-01 5.337374833933052759e-02
5.101318359375000000e-01 5.331450249775484401e-02
5.102539062500000000e-01 5.325522529263095051e-02
5.103759765625000000e-01 5.319591675883010573e-02
5.104980468750000000e-01 5.313657693124200498e-02
5.106201171875000000e-01 5.307720584477472470e-02
5.107421875000000000e-01 5.301780353435474324e-02
5.108642578125000000e-01 5.295837003492689238e-02
5.109863281250000000e-01 5.289890538145446131e-02
5.111083984375000000e-01 5.283940960891887750e-02
5.112304687500000000e-01 5.277988275231996346e-02
5.113525390625000000e-01 5.272032484667592278e-02
5.114746093750000000e-01 5.266073592702304185e-02
5.115966796875000000e-01 5.260111602841602285e-02
5.117187500000000000e-01 5.254146518592763687e-02
5.118408203125000000e-01 5.248178343464906387e-02
5.119628906250000000e-01 5.242207080968935839e-02
5.120849609375000000e-01 5.236232734617607409e-02
5.122070312500000000e-01 5.230255307925469471e-02
5.123291015625000000e-01 5.224274804408889084e-02
5.124511718750000000e-01 5.218291227586039499e-02
5.125732421875000000e-01 5.212304580976909185e-02
5.126953125000000000e-01 5.206314868103289334e-02
5.128173828125000000e-01 5.200322092488762760e-02
5.129394531250000000e-01 5.194326257658736512e-02
5.130615234375000000e-01 5.188327367140400936e-02
5.131835937500000000e-01 5.182325424462749797e-02
5.133056640625000000e-01 5.176320433156576112e-02
5.134277343750000000e-01 5.170312396754447176e-02
5.135498046875000000e-01 5.164301318790751050e-02
5.136718750000000000e-01 5.158287202801640353e-02
5.137939453125000000e-01 5.152270052325075289e-02
5.139160156250000000e-01 5.146249870900777845e-02
5.140380859375000000e-01 5.140226662070276897e-02
5.141601562500000000e-01 5.134200429376857555e-02
5.142822265625000000e-01 5.128171176365615286e-02
5.144042968750000000e-01 5.122138906583388607e-02
5.145263671875000000e-01 5.116103623578815984e-02
5.146484375000000000e-01 5.110065330902290037e-02
5.147705078125000000e-01 5.104024032105996395e-02
5.148925781250000000e-01 5.097979730743855409e-02
5.150146484375000000e-01 5.091932430371592933e-02
5.151367187500000000e-01 5.085882134546668154e-02
5.152587890625000000e-01 5.079828846828321476e-02
5.153808593750000000e-01 5.073772570777541902e-02
5.155029296875000000e-01 5.067713309957083689e-02
5.156250000000000000e-01 5.061651067931449005e-02
5.157470703125000000e-01 5.055585848266905963e-02
5.158691406250000000e-01 5.049517654531459482e-02
5.159912109375000000e-01 5.043446490294880430e-02
5.161132812500000000e-01 5.037372359128662602e-02
5.162353515625000000e-01 5.031295264606071987e-02
5.163574218750000000e-01 5.025215210302114849e-02
5.164794921875000000e-01 5.019132199793516214e-02
5.166015625000000000e-01 5.013046236658759425e-02
5.167236328125000000e-01 5.006957324478056998e-02
5.168457031250000000e-01 5.000865466833369355e-02
5.169677734375000000e-01 4.994770667308368051e-02
5.170898437500000000e-01 4.988672929488465607e-02
5.172119140625000000e-01 4.982572256960818291e-02
5.173339843750000000e-01 4.976468653314282398e-02
5.174560546875000000e-01 4.970362122139451722e-02
5.175781250000000000e-01 4.964252667028642291e-02
5.177001953125000000e-01 4.958140291575888897e-02
5.178222656250000000e-01 4.952024999376950648e-02
5.179443359375000000e-01 4.945906794029285986e-02
5.180664062500000000e-01 4.939785679132091545e-02
5.181884765625000000e-01 4.933661658286248031e-02
5.183105468750000000e-01 4.927534735094358381e-02
5.184326171875000000e-01 4.921404913160748462e-02
5.185546875000000000e-01 4.915272196091415718e-02
5.186767578125000000e-01 4.909136587494101339e-02
5.187988281250000000e-01 4.902998090978205603e-02
5.189208984375000000e-01 4.896856710154854492e-02
5.190429687500000000e-01 4.890712448636870546e-02
5.191650390625000000e-01 4.884565310038759683e-02
5.192871093750000000e-01 4.878415297976719522e-02
5.194091796875000000e-01 4.872262416068653956e-02
5.195312500000000000e-01 4.866106667934132907e-02
5.196533203125000000e-01 4.859948057194443671e-02
5.197753906250000000e-01 4.853786587472518066e-02
5.198974609375000000e-01 4.847622262393002507e-02
5.200195312500000000e-01 4.841455085582202500e-02
5.201416015625000000e-01 4.835285060668113866e-02
5.202636718750000000e-01 4.829112191280401922e-02
5.203857421875000000e-01 4.822936481050409119e-02
5.205078125000000000e-01 4.816757933611142545e-02
5.206298828125000000e-01 4.810576552597287808e-02
5.207519531250000000e-01 4.804392341645190301e-02
5.208740234375000000e-01 4.798205304392852422e-02
5.209960937500000000e-01 4.792015444479962027e-02
5.211181640625000000e-01 4.785822765547848717e-02
5.212402343750000000e-01 4.779627271239506731e-02
5.213623046875000000e-01 4.773428965199587315e-02
5.214843750000000000e-01 4.767227851074387623e-02
5.216064453125000000e-01 4.761023932511875001e-02
5.217285156250000000e-01 4.754817213161641187e-02
5.218505859375000000e-01 4.748607696674947420e-02
5.219726562500000000e-01 4.742395386704694599e-02
5.220947265625000000e-01 4.736180286905421200e-02
5.222167968750000000e-01 4.729962400933301891e-02
5.223388671875000000e-01 4.723741732446178065e-02
5.224609375000000000e-01 4.717518285103490527e-02
5.225830078125000000e-01 4.711292062566344030e-02
5.227050781250000000e-01 4.705063068497458700e-02
5.228271484375000000e-01 4.698831306561192939e-02
5.229492187500000000e-01 4.692596780423533009e-02
5.230712890625000000e-01 4.686359493752088878e-02
5.231933593750000000e-01 4.680119450216094212e-02
5.233154296875000000e-01 4.673876653486411237e-02
5.234375000000000000e-01 4.667631107235514776e-02
5.235595703125000000e-01 4.661382815137490171e-02
5.236816406250000000e-01 4.655131780868049934e-02
5.238037109375000000e-01 4.648878008104532361e-02
5.239257812500000000e-01 4.642621500525851569e-02
5.240478515625000000e-01 4.636362261812562724e-02
5.241699218750000000e-01 4.630100295646798203e-02
5.242919921875000000e-01 4.623835605712323799e-02
5.244140625000000000e-01 4.617568195694497779e-02
5.245361328125000000e-01 4.611298069280271583e-02
5.246582031250000000e-01 4.605025230158196758e-02
5.247802734375000000e-01 4.598749682018424267e-02
5.249023437500000000e-01 4.592471428552694079e-02
5.250244140625000000e-01 4.586190473454354599e-02
5.251464843750000000e-01 4.579906820418314095e-02
5.252685546875000000e-01 4.573620473141090659e-02
5.253906250000000000e-01 4.567331435320778205e-02
5.255126953125000000e-01 4.561039710657059654e-02
5.256347656250000000e-01 4.554745302851185423e-02
5.257568359375000000e-01 4.548448215606012285e-02
5.258789062500000000e-01 4.542148452625938831e-02
5.260009765625000000e-01 4.535846017616944337e-02
5.261230468750000000e-01 4.529540914286617898e-02
5.262451171875000000e-01 4.523233146344060596e-02
5.263671875000000000e-01 4.516922717499981255e-02
5.264892578125000000e-01 4.510609631466654112e-02
5.266113281250000000e-01 4.504293891957881352e-02
5.267333984375000000e-01 4.497975502689073590e-02
5.268554687500000000e-01 4.491654467377159676e-02
5.269775390625000000e-01 4.485330789740645668e-02
5.270996093750000000e-01 4.479004473499596795e-02
5.272216796875000000e-01 4.472675522375608309e-02
5.273437500000000000e-01 4.466343940091851983e-02
5.274658203125000000e-01 4.460009730373028225e-02
5.275878906250000000e-01 4.453672896945380655e-02
5.277099609375000000e-01 4.447333443536725939e-02
5.278320312500000000e-01 4.440991373876380238e-02
5.279541015625000000e-01 4.434646691695239007e-02
5.280761718750000000e-01 4.428299400725696500e-02
5.281982421875000000e-01 4.421949504701713773e-02
5.283203125000000000e-01 4.415597007358758319e-02
5.284423828125000000e-01 4.409241912433861654e-02
5.285644531250000000e-01 4.402884223665542301e-02
5.286865234375000000e-01 4.396523944793873789e-02
5.288085937500000000e-01 4.390161079560440938e-02
5.289306640625000000e-01 4.383795631708355123e-02
5.290527343750000000e-01 4.377427604982240400e-02
5.291748046875000000e-01 4.371057003128263341e-02
5.292968750000000000e-01 4.364683829894046990e-02
5.294189453125000000e-01 4.358308089028806176e-02
5.295410156250000000e-01 4.351929784283196934e-02
5.296630859375000000e-01 4.345548919409419203e-02
5.297851562500000000e-01 4.339165498161180051e-02
5.299072265625000000e-01 4.332779524293665224e-02
5.300292968750000000e-01 4.326391001563598127e-02
5.301513671875000000e-01 4.319999933729168351e-02
5.302734375000000000e-01 4.313606324550072618e-02
5.303955078125000000e-01 4.307210177787524491e-02
5.305175781250000000e-01 4.300811497204191924e-02
5.306396484375000000e-01 4.294410286564277063e-02
5.307617187500000000e-01 4.288006549633414238e-02
5.308837890625000000e-01 4.281600290178797646e-02
5.310058593750000000e-01 4.275191511969028690e-02
5.311279296875000000e-01 4.268780218774245738e-02
5.312500000000000000e-01 4.262366414366039469e-02
5.313720703125000000e-01 4.255950102517488953e-02
5.314941406250000000e-01 4.249531287003156105e-02
5.316162109375000000e-01 4.243109971599038494e-02
5.317382812500000000e-01 4.236686160082652614e-02
5.318603515625000000e-01 4.230259856232961718e-02
5.319824218750000000e-01 4.223831063830375127e-02
5.321044921875000000e-01 4.217399786656809979e-02
5.322265625000000000e-01 4.210966028495597563e-02
5.323486328125000000e-01 4.204529793131572130e-02
5.324707031250000000e-01 4.198091084351002894e-02
5.325927734375000000e-01 4.191649905941593340e-02
5.327148437500000000e-01 4.185206261692552693e-02
5.328369140625000000e-01 4.178760155394493914e-02
5.329589843750000000e-01 4.172311590839493378e-02
5.330810546875000000e-01 4.165860571821090874e-02
5.332031250000000000e-01 4.159407102134234785e-02
5.333251953125000000e-01 4.152951185575357029e-02
5.334472656250000000e-01 4.146492825942288407e-02
5.335693359375000000e-01 4.140032027034330070e-02
5.336914062500000000e-01 4.133568792652178581e-02
5.338134765625000000e-01 4.127103126598017507e-02
5.339355468750000000e-01 4.120635032675425830e-02
5.340576171875000000e-01 4.114164514689392510e-02
5.341796875000000000e-01 4.107691576446393517e-02
5.343017578125000000e-01 4.101216221754255126e-02
5.344238281250000000e-01 4.094738454422284374e-02
5.345458984375000000e-01 4.088258278261189260e-02
5.346679687500000000e-01 4.081775697083066951e-02
5.347900390625000000e-01 4.075290714701480105e-02
5.349121093750000000e-01 4.068803334931356264e-02
5.350341796875000000e-01 4.062313561589055849e-02
5.351562500000000000e-01 4.055821398492360369e-02
5.352783203125000000e-01 4.049326849460423844e-02
5.354003906250000000e-01 4.042829918313835952e-02
5.355224609375000000e-01 4.036330608874570680e-02
5.356445312500000000e-01 4.029828924965991183e-02
5.357666015625000000e-01 4.023324870412893495e-02
5.358886718750000000e-01 4.016818449041423961e-02
5.360107421875000000e-01 4.010309664679164582e-02
5.361328125000000000e-01 4.003798521155033791e-02
5.362548828125000000e-01 3.997285022299409962e-02
5.363769531250000000e-01 3.990769171943973209e-02
5.364990234375000000e-01 3.984250973921868444e-02
5.366210937500000000e-01 3.977730432067567989e-02
5.367431640625000000e-01 3.971207550216929172e-02
5.368652343750000000e-01 3.964682332207210974e-02
5.369873046875000000e-01 3.958154781877018524e-02
5.371093750000000000e-01 3.951624903066344036e-02
5.372314453125000000e-01 3.945092699616566112e-02
5.373535156250000000e-01 3.938558175370380360e-02
5.374755859375000000e-01 3.932021334171913879e-02
5.375976562500000000e-01 3.925482179866585097e-02
5.377197265625000000e-01 3.918940716301230059e-02
5.378417968750000000e-01 3.912396947324027485e-02
5.379638671875000000e-01 3.905850876784495301e-02
5.380859375000000000e-01 3.899302508533530193e-02
5.382080078125000000e-01 3.892751846423361806e-02
5.383300781250000000e-01 3.886198894307563156e-02
5.384521484375000000e-01 3.879643656041104061e-02
5.385742187500000000e-01 3.873086135480221376e-02
5.386962890625000000e-01 3.866526336482563331e-02
5.388183593750000000e-01 3.859964262907075727e-02
5.389404296875000000e-01 3.853399918614063696e-02
5.390625000000000000e-01 3.846833307465158391e-02
5.391845703125000000e-01 3.840264433323331561e-02
5.393066406250000000e-01 3.833693300052878894e-02
5.394287109375000000e-01 3.827119911519433204e-02
5.395507812500000000e-01 3.820544271589949165e-02
5.396728515625000000e-01 3.813966384132695675e-02
5.397949218750000000e-01 3.807386253017283617e-02
5.399169921875000000e-01 3.800803882114643650e-02
5.400390625000000000e-01 3.794219275296999150e-02
5.401611328125000000e-01 3.787632436437918942e-02
5.402832031250000000e-01 3.781043369412249999e-02
5.404052734375000000e-01 3.774452078096184743e-02
5.405273437500000000e-01 3.767858566367217332e-02
5.406494140625000000e-01 3.761262838104129091e-02
5.407714843750000000e-01 3.754664897187016265e-02
5.408935546875000000e-01 3.748064747497284466e-02
5.410156250000000000e-01 3.741462392917616064e-02
5.411376953125000000e-01 3.734857837332036801e-02
5.412597656250000000e-01 3.728251084625810313e-02
5.413818359375000000e-01 3.721642138685539447e-02
5.415039062500000000e-01 3.715031003399067722e-02
5.416259765625000000e-01 3.708417682655577863e-02
5.417480468750000000e-01 3.701802180345511312e-02
5.418701171875000000e-01 3.695184500360591817e-02
5.419921875000000000e-01 3.688564646593843477e-02
5.421142578125000000e-01 3.681942622939540083e-02
5.422363281250000000e-01 3.675318433293266879e-02
5.423583984375000000e-01 3.668692081551839373e-02
5.424804687500000000e-01 3.662063571613379670e-02
5.426025390625000000e-01 3.655432907377284546e-02
5.427246093750000000e-01 3.648800092744177576e-02
5.428466796875000000e-01 3.642165131615997253e-02
5.429687500000000000e-01 3.635528027895896380e-02
5.430908203125000000e-01 3.628888785488332269e-02
5.432128906250000000e-01 3.622247408298993193e-02
5.433349609375000000e-01 3.615603900234821977e-02
5.434570312500000000e-01 3.608958265204037508e-02
5.435791015625000000e-01 3.602310507116085470e-02
5.437011718750000000e-01 3.595660629881664017e-02
5.438232421875000000e-01 3.589008637412752223e-02
5.439453125000000000e-01 3.582354533622513632e-02
5.440673828125000000e-01 3.575698322425415604e-02
5.441894531250000000e-01 3.569040007737100950e-02
5.443115234375000000e-01 3.562379593474523237e-02
5.444335937500000000e-01 3.555717083555798297e-02
5.445556640625000000e-01 3.549052481900322881e-02
5.446777343750000000e-01 3.542385792428723312e-02
5.447998046875000000e-01 3.535717019062820793e-02
5.449218750000000000e-01 3.529046165725701484e-02
5.450439453125000000e-01 3.522373236341633934e-02
5.451660156250000000e-01 3.515698234836144714e-02
5.452880859375000000e-01 3.509021165135984416e-02
5.454101562500000000e-01 3.502342031169056874e-02
5.455322265625000000e-01 3.495660836864566273e-02
5.456542968750000000e-01 3.488977586152854082e-02
5.457763671875000000e-01 3.482292282965521873e-02
5.458984375000000000e-01 3.475604931235365402e-02
5.460205078125000000e-01 3.468915534896373221e-02
5.461425781250000000e-01 3.462224097883742635e-02
5.462646484375000000e-01 3.455530624133881790e-02
5.463867187500000000e-01 3.448835117584376359e-02
5.465087890625000000e-01 3.442137582174040200e-02
5.466308593750000000e-01 3.435438021842836948e-02
5.467529296875000000e-01 3.428736440531970908e-02
5.468750000000000000e-01 3.422032842183789225e-02
5.469970703125000000e-01 3.415327230741860981e-02
5.471191406250000000e-01 3.408619610150903645e-02
5.472412109375000000e-01 3.401909984356852462e-02
5.473632812500000000e-01 3.395198357306819514e-02
5.474853515625000000e-01 3.388484732949051392e-02
5.476074218750000000e-01 3.381769115233033279e-02
5.477294921875000000e-01 3.375051508109361276e-02
5.478515625000000000e-01 3.368331915529837461e-02
5.479736328125000000e-01 3.361610341447453243e-02
5.480957031250000000e-01 3.354886789816296372e-02
5.482177734375000000e-01 3.348161264591689723e-02
5.483398437500000000e-01 3.341433769730069170e-02
5.484619140625000000e-01 3.334704309189044646e-02
5.485839843750000000e-01 3.327972886927407781e-02
5.487060546875000000e-01 3.321239506905057648e-02
5.488281250000000000e-01 3.314504173083072242e-02
5.489501953125000000e-01 3.307766889423682799e-02
5.490722656250000000e-01 3.301027659890246740e-02
5.491943359375000000e-01 3.294286488447294853e-02
5.493164062500000000e-01 3.287543379060476473e-02
5.494384765625000000e-01 3.280798335696594181e-02
5.495605468750000000e-01 3.274051362323568415e-02
5.496826171875000000e-01 3.267302462910495059e-02
5.498046875000000000e-01 3.260551641427544139e-02
5.499267578125000000e-01 3.253798901846079866e-02
5.500488281250000000e-01 3.247044248138556549e-02
5.501708984375000000e-01 3.240287684278552599e-02
5.502929687500000000e-01 3.233529214240800365e-02
5.504150390625000000e-01 3.226768842001104254e-02
5.505371093750000000e-01 3.220006571536437184e-02
5.506591796875000000e-01 3.213242406824882991e-02
5.507812500000000000e-01 3.206476351845589934e-02
5.509033203125000000e-01 3.199708410578885887e-02
5.510253906250000000e-01 3.192938587006154127e-02
5.511474609375000000e-01 3.186166885109915220e-02
5.512695312500000000e-01 3.179393308873799256e-02
5.513916015625000000e-01 3.172617862282495899e-02
5.515136718750000000e-01 3.165840549321858460e-02
5.516357421875000000e-01 3.159061373978789417e-02
5.517578125000000000e-01 3.152280340241298690e-02
5.518798828125000000e-01 3.145497452098512670e-02
5.520019531250000000e-01 3.138712713540604132e-02
5.521240234375000000e-01 3.131926128558885913e-02
5.522460937500000000e-01 3.125137701145708213e-02
5.523681640625000000e-01 3.118347435294553313e-02
5.524902343750000000e-01 3.111555334999928368e-02
5.526123046875000000e-01 3.104761404257470186e-02
5.527343750000000000e-01 3.097965647063880348e-02
5.528564453125000000e-01 3.091168067416905085e-02
5.529785156250000000e-01 3.084368669315411260e-02
5.531005859375000000e-01 3.077567456759280895e-02
5.532226562500000000e-01 3.070764433749509359e-02
5.533447265625000000e-01 3.063959604288159916e-02
5.534667968750000000e-01 3.057152972378290173e-02
5.535888671875000000e-01 3.050344542024108555e-02
5.537109375000000000e-01 3.043534317230817479e-02
5.538330078125000000e-01 3.036722302004694202e-02
5.539550781250000000e-01 3.029908500353097056e-02
5.540771484375000000e-01 3.023092916284381149e-02
5.541992187500000000e-01 3.016275553807996890e-02
5.543212890625000000e-01 3.009456416934409850e-02
5.544433593750000000e-01 3.002635509675154538e-02
5.545654296875000000e-01 2.995812836042795191e-02
5.546875000000000000e-01 2.988988400050919189e-02
5.548095703125000000e-01 2.982162205714192910e-02
5.549316406250000000e-01 2.975334257048253134e-02
5.550537109375000000e-01 2.968504558069848948e-02
5.551757812500000000e-01 2.961673112796675209e-02
5.552978515625000000e-01 2.954839925247521037e-02
5.554199218750000000e-01 2.948004999442186552e-02
5.555419921875000000e-01 2.941168339401439846e-02
5.556640625000000000e-01 2.934329949147157154e-02
5.557861328125000000e-01 2.927489832702153197e-02
5.559082031250000000e-01 2.920647994090299487e-02
5.560302734375000000e-01 2.913804437336504211e-02
5.561523437500000000e-01 2.906959166466607097e-02
5.562744140625000000e-01 2.900112185507543183e-02
5.563964843750000000e-01 2.893263498487193275e-02
5.565185546875000000e-01 2.886413109434463747e-02
5.566406250000000000e-01 2.879561022379285157e-02
5.567626953125000000e-01 2.872707241352536953e-02
5.568847656250000000e-01 2.865851770386136643e-02
5.570068359375000000e-01 2.858994613512978039e-02
5.571289062500000000e-01 2.852135774766935070e-02
5.572509765625000000e-01 2.845275258182915906e-02
5.573730468750000000e-01 2.838413067796762349e-02
5.574951171875000000e-01 2.831549207645342459e-02
5.576171875000000000e-01 2.824683681766456886e-02
5.577392578125000000e-01 2.817816494198958216e-02
5.578613281250000000e-01 2.810947648982598662e-02
5.579833984375000000e-01 2.804077150158161558e-02
5.581054687500000000e-01 2.797205001767395782e-02
5.582275390625000000e-01 2.790331207852978293e-02
5.583496093750000000e-01 2.783455772458619942e-02
5.584716796875000000e-01 2.776578699628931904e-02
5.585937500000000000e-01 2.769699993409525246e-02
5.587158203125000000e-01 2.762819657846994625e-02
5.588378906250000000e-01 2.755937696988818714e-02
5.589599609375000000e-01 2.749054114883522915e-02
5.590820312500000000e-01 2.742168915580509014e-02
5.592041015625000000e-01 2.735282103130163081e-02
5.593261718750000000e-01 2.728393681583845404e-02
5.594482421875000000e-01 2.721503654993810001e-02
5.595703125000000000e-01 2.714612027413298295e-02
5.596923828125000000e-01 2.707718802896470073e-02
5.598144531250000000e-01 2.700823985498421176e-02
5.599365234375000000e-01 2.693927579275225831e-02
5.600585937500000000e-01 2.687029588283831524e-02
5.601806640625000000e-01 2.680130016582170718e-02
5.603027343750000000e-01 2.673228868229049135e-02
5.604248046875000000e-01 2.666326147284290432e-02
5.605468750000000000e-01 2.659421857808533934e-02
5.606689453125000000e-01 2.652516003863421290e-02
5.607910156250000000e-01 2.645608589511488917e-02
5.609130859375000000e-01 2.638699618816178760e-02
5.610351562500000000e-01 2.631789095841880616e-02
5.611572265625000000e-01 2.624877024653847132e-02
5.612792968750000000e-01 2.617963409318289913e-02
5.614013671875000000e-01 2.611048253902326782e-02
5.615234375000000000e-01 2.604131562473931474e-02
5.616455078125000000e-01 2.597213339102043966e-02
5.617675781250000000e-01 2.590293587856457025e-02
5.618896484375000000e-01 2.583372312807882126e-02
5.620117187500000000e-01 2.576449518027957783e-02
5.621337890625000000e-01 2.569525207589135052e-02
5.622558593750000000e-01 2.562599385564856905e-02
5.623779296875000000e-01 2.555672056029377470e-02
5.625000000000000000e-01 2.548743223057874790e-02
5.626220703125000000e-01 2.541812890726395657e-02
5.627441406250000000e-01 2.534881063111877816e-02
5.628662109375000000e-01 2.527947744292155519e-02
5.629882812500000000e-01 2.521012938345881110e-02
5.631103515625000000e-01 2.514076649352679771e-02
5.632324218750000000e-01 2.507138881392936836e-02
5.633544921875000000e-01 2.500199638547981676e-02
5.634765625000000000e-01 2.493258924900019352e-02
5.635986328125000000e-01 2.486316744532044917e-02
5.637207031250000000e-01 2.479373101528006829e-02
5.638427734375000000e-01 2.472427999972638679e-02
5.639648437500000000e-01 2.465481443951574730e-02
5.640869140625000000e-01 2.458533437551317993e-02
5.642089843750000000e-01 2.451583984859166676e-02
5.643310546875000000e-01 2.444633089963331798e-02
5.644531250000000000e-01 2.437680756952823741e-02
5.645751953125000000e-01 2.430726989917535164e-02
5.646972656250000000e-01 2.423771792948194864e-02
5.648193359375000000e-01 2.416815170136344879e-02
5.649414062500000000e-01 2.409857125574410910e-02
5.650634765625000000e-01 2.402897663355605534e-02
5.651855468750000000e-01 2.395936787574026033e-02
5.653076171875000000e-01 2.388974502324547194e-02
5.654296875000000000e-01 2.382010811702923309e-02
5.655517578125000000e-01 2.375045719805721212e-02
5.656738281250000000e-01 2.368079230730301549e-02
5.657958984375000000e-01 2.361111348574901000e-02
5.659179687500000000e-01 2.354142077438506689e-02
5.660400390625000000e-01 2.347171421420986975e-02
5.661621093750000000e-01 2.340199384623004031e-02
5.662841796875000000e-01 2.333225971145994407e-02
5.664062500000000000e-01 2.326251185092288731e-02
5.665283203125000000e-01 2.319275030564924012e-02
5.666503906250000000e-01 2.312297511667813638e-02
5.667724609375000000e-01 2.305318632505672094e-02
5.668945312500000000e-01 2.298338397183955634e-02
5.670166015625000000e-01 2.291356809808987177e-02
5.671386718750000000e-01 2.284373874487836964e-02
5.672607421875000000e-01 2.277389595328383615e-02
5.673828125000000000e-01 2.270403976439324539e-02
5.675048828125000000e-01 2.263417021930090589e-02
5.676269531250000000e-01 2.256428735910948405e-02
5.677490234375000000e-01 2.249439122492899457e-02
5.678710937500000000e-01 2.242448185787788983e-02
5.679931640625000000e-01 2.235455929908173808e-02
5.681152343750000000e-01 2.228462358967428850e-02
5.682373046875000000e-01 2.221467477079703060e-02
5.683593750000000000e-01 2.214471288359888546e-02
5.684814453125000000e-01 2.207473796923677817e-02
5.686035156250000000e-01 2.200475006887489191e-02
5.687255859375000000e-01 2.193474922368556304e-02
5.688476562500000000e-01 2.186473547484847277e-02
5.689697265625000000e-01 2.179470886355084833e-02
5.690917968750000000e-01 2.172466943098751158e-02
5.692138671875000000e-01 2.165461721836079573e-02
5.693359375000000000e-01 2.158455226688061820e-02
5.694580078125000000e-01 2.151447461776462289e-02
5.695800781250000000e-01 2.144438431223745500e-02
5.697021484375000000e-01 2.137428139153166318e-02
5.698242187500000000e-01 2.130416589688650941e-02
5.699462890625000000e-01 2.123403786954955463e-02
5.700683593750000000e-01 2.116389735077529172e-02
5.701904296875000000e-01 2.109374438182537448e-02
5.703125000000000000e-01 2.102357900396937401e-02
5.704345703125000000e-01 2.095340125848329030e-02
5.705566406250000000e-01 2.088321118665116202e-02
5.706787109375000000e-01 2.081300882976386962e-02
5.708007812500000000e-01 2.074279422911964876e-02
5.709228515625000000e-01 2.067256742602425340e-02
5.710449218750000000e-01 2.060232846178986638e-02
5.711669921875000000e-01 2.053207737773655311e-02
5.712890625000000000e-01 2.046181421519096405e-02
5.714111328125000000e-01 2.039153901548733383e-02
5.715332031250000000e-01 2.032125181996678395e-02
5.716552734375000000e-01 2.025095266997722562e-02
5.717773437500000000e-01 2.018064160687411263e-02
5.718994140625000000e-01 2.011031867201929987e-02
5.720214843750000000e-01 2.003998390678218139e-02
5.721435546875000000e-01 1.996963735253899641e-02
5.722656250000000000e-01 1.989927905067250674e-02
5.723876953125000000e-01 1.982890904257306186e-02
5.725097656250000000e-01 1.975852736963699952e-02
5.726318359375000000e-01 1.968813407326847065e-02
5.727539062500000000e-01 1.961772919487804467e-02
5.728759765625000000e-01 1.954731277588278929e-02
5.729980468750000000e-01 1.947688485770728006e-02
5.731201171875000000e-01 1.940644548178200104e-02
5.732421875000000000e-01 1.933599468954506906e-02
5.733642578125000000e-01 1.926553252244041572e-02
5.734863281250000000e-01 1.919505902191931401e-02
5.736083984375000000e-01 1.912457422943980578e-02
5.737304687500000000e-01 1.905407818646580320e-02
5.738525390625000000e-01 1.898357093446865346e-02
5.739746093750000000e-01 1.891305251492563649e-02
5.740966796875000000e-01 1.884252296932113421e-02
5.742187500000000000e-01 1.877198233914606496e-02
5.743408203125000000e-01 1.870143066589725900e-02
5.744628906250000000e-01 1.863086799107874225e-02
5.745849609375000000e-01 1.856029435620048032e-02
5.747070312500000000e-01 1.848970980277918688e-02
5.748291015625000000e-01 1.841911437233819185e-02
5.749511718750000000e-01 1.834850810640666074e-02
5.750732421875000000e-01 1.827789104652059737e-02
5.751953125000000000e-01 1.820726323422206666e-02
5.753173828125000000e-01 1.813662471105962487e-02
5.754394531250000000e-01 1.806597551858828143e-02
5.755615234375000000e-01 1.799531569836890568e-02
5.756835937500000000e-01 1.792464529196914624e-02
5.758056640625000000e-01 1.785396434096213347e-02
5.759277343750000000e-01 1.778327288692807540e-02
5.760498046875000000e-01 1.771257097145259585e-02
5.761718750000000000e-01 1.764185863612795571e-02
5.762939453125000000e-01 1.757113592255267823e-02
5.764160156250000000e-01 1.750040287233060529e-02
5.765380859375000000e-01 1.742965952707253852e-02
5.766601562500000000e-01 1.735890592839467450e-02
5.767822265625000000e-01 1.728814211791975669e-02
5.769042968750000000e-01 1.721736813727631210e-02
5.770263671875000000e-01 1.714658402809877621e-02
5.771484375000000000e-01 1.707578983202775319e-02
5.772705078125000000e-01 1.700498559070930463e-02
5.773925781250000000e-01 1.693417134579591754e-02
5.775146484375000000e-01 1.686334713894601170e-02
5.776367187500000000e-01 1.679251301182338105e-02
5.777587890625000000e-01 1.672166900609815821e-02
5.778808593750000000e-01 1.665081516344561752e-02
5.780029296875000000e-01 1.657995152554754548e-02
5.781250000000000000e-01 1.650907813409132827e-02
5.782470703125000000e-01 1.643819503076963950e-02
5.783691406250000000e-01 1.636730225728158516e-02
5.784912109375000000e-01 1.629639985533100355e-02
5.786132812500000000e-01 1.622548786662850878e-02
5.787353515625000000e-01 1.615456633288928079e-02
5.788574218750000000e-01 1.608363529583496654e-02
5.789794921875000000e-01 1.601269479719264616e-02
5.791015625000000000e-01 1.594174487869419454e-02
5.792236328125000000e-01 1.587078558207821732e-02
5.793457031250000000e-01 1.579981694908781653e-02
5.794677734375000000e-01 1.572883902147209634e-02
5.795898437500000000e-01 1.565785184098585775e-02
5.797119140625000000e-01 1.558685544938876073e-02
5.798339843750000000e-01 1.551584988844616902e-02
5.799560546875000000e-01 1.544483519992876329e-02
5.800781250000000000e-01 1.537381142561261398e-02
5.802001953125000000e-01 1.530277860727963582e-02
5.803222656250000000e-01 1.523173678671603873e-02
5.804443359375000000e-01 1.516068600571435741e-02
5.805664062500000000e-01 1.508962630607143043e-02
5.806884765625000000e-01 1.501855772959009329e-02
5.808105468750000000e-01 1.494748031807845677e-02
5.809326171875000000e-01 1.487639411334903787e-02
5.810546875000000000e-01 1.480529915722048409e-02
5.811767578125000000e-01 1.473419549151571903e-02
5.812988281250000000e-01 1.466308315806340822e-02
5.814208984375000000e-01 1.459196219869701022e-02
5.815429687500000000e-01 1.452083265525508197e-02
5.816650390625000000e-01 1.444969456958183560e-02
5.817871093750000000e-01 1.437854798352517990e-02
5.819091796875000000e-01 1.430739293893943179e-02
5.820312500000000000e-01 1.423622947768282340e-02
5.821533203125000000e-01 1.416505764161918313e-02
5.822753906250000000e-01 1.409387747261733707e-02
5.823974609375000000e-01 1.402268901255034929e-02
5.825195312500000000e-01 1.395149230329686442e-02
5.826416015625000000e-01 1.388028738673962106e-02
5.827636718750000000e-01 1.380907430476697138e-02
5.828857421875000000e-01 1.373785309927189405e-02
5.830078125000000000e-01 1.366662381215169586e-02
5.831298828125000000e-01 1.359538648530896413e-02
5.832519531250000000e-01 1.352414116065037489e-02
5.833740234375000000e-01 1.345288788008800265e-02
5.834960937500000000e-01 1.338162668553848425e-02
5.836181640625000000e-01 1.331035761892251749e-02
5.837402343750000000e-01 1.323908072216642938e-02
5.838623046875000000e-01 1.316779603719999032e-02
5.839843750000000000e-01 1.309650360595860340e-02
5.841064453125000000e-01 1.302520347038131458e-02
5.842285156250000000e-01 1.295389567241247118e-02
5.843505859375000000e-01 1.288258025400084751e-02
5.844726562500000000e-01 1.281125725709878274e-02
5.845947265625000000e-01 1.273992672366447594e-02
5.847167968750000000e-01 1.266858869565924174e-02
5.848388671875000000e-01 1.259724321504964752e-02
5.849609375000000000e-01 1.252589032380665990e-02
5.850830078125000000e-01 1.245453006390508793e-02
5.852050781250000000e-01 1.238316247732439319e-02
5.853271484375000000e-01 1.231178760604807396e-02
5.854492187500000000e-01 1.224040549206431051e-02
5.855712890625000000e-01 1.216901617736550201e-02
5.856933593750000000e-01 1.209761970394799407e-02
5.858154296875000000e-01 1.202621611381252120e-02
5.859375000000000000e-01 1.195480544896381642e-02
5.860595703125000000e-01 1.188338775141113517e-02
5.861816406250000000e-01 1.181196306316766378e-02
5.863037109375000000e-01 1.174053142625059061e-02
5.864257812500000000e-01 1.166909288268154835e-02
5.865478515625000000e-01 1.159764747448556801e-02
5.866699218750000000e-01 1.152619524369257430e-02
5.867919921875000000e-01 1.145473623233569938e-02
5.869140625000000000e-01 1.138327048245266031e-02
5.870361328125000000e-01 1.131179803608509810e-02
5.871582031250000000e-01 1.124031893527798441e-02
5.872802734375000000e-01 1.116883322208097815e-02
5.874023437500000000e-01 1.109734093854695784e-02
5.875244140625000000e-01 1.102584212673319609e-02
5.876464843750000000e-01 1.095433682870068995e-02
5.877685546875000000e-01 1.088282508651405162e-02
5.878906250000000000e-01 1.081130694224188317e-02
5.880126953125000000e-01 1.073978243795626480e-02
5.881347656250000000e-01 1.066825161573325791e-02
5.882568359375000000e-01 1.059671451765291199e-02
5.883789062500000000e-01 1.052517118579827937e-02
5.885009765625000000e-01 1.045362166225680990e-02
5.886230468750000000e-01 1.038206598911878623e-02
5.887451171875000000e-01 1.031050420847880351e-02
5.888671875000000000e-01 1.023893636243506863e-02
5.889892578125000000e-01 1.016736249308869064e-02
5.891113281250000000e-01 1.009578264254523509e-02
5.892333984375000000e-01 1.002419685291259382e-02
5.893554687500000000e-01 9.952605166303436085e-03
5.894775390625000000e-01 9.881007624832911784e-03
5.895996093750000000e-01 9.809404270620198860e-03
5.897216796875000000e-01 9.737795145787918674e-03
5.898437500000000000e-01 9.666180292461416107e-03
5.899658203125000000e-01 9.594559752770265293e-03
5.900878906250000000e-01 9.522933568846526226e-03
5.902099609375000000e-01 9.451301782826408357e-03
5.903320312500000000e-01 9.379664436849146497e-03
5.904541015625000000e-01 9.308021573056903669e-03
5.905761718750000000e-01 9.236373233595421631e-03
5.906982421875000000e-01 9.164719460613365148e-03
5.908203125000000000e-01 9.093060296262913539e-03
5.909423828125000000e-01 9.021395782699673932e-03
5.910644531250000000e-01 8.949725962081506864e-03
5.911865234375000000e-01 8.878050876570342531e-03
5.913085937500000000e-01 8.806370568330352394e-03
5.914306640625000000e-01 8.734685079529401139e-03
5.915527343750000000e-01 8.662994452338519322e-03
5.916748046875000000e-01 8.591298728930942333e-03
5.917968750000000000e-01 8.519597951484044612e-03
5.919189453125000000e-01 8.447892162176867670e-03
5.920410156250000000e-01 8.376181403192475838e-03
5.921630859375000000e-01 8.304465716716287471e-03
5.922851562500000000e-01 8.232745144936893730e-03
5.924072265625000000e-01 8.161019730045895523e-03
5.925292968750000000e-01 8.089289514236895628e-03
5.926513671875000000e-01 8.017554539707606384e-03
5.927734375000000000e-01 7.945814848657289237e-03
5.928955078125000000e-01 7.874070483288824265e-03
5.930175781250000000e-01 7.802321485807689298e-03
5.931396484375000000e-01 7.730567898421874043e-03
5.932617187500000000e-01 7.658809763342174989e-03
5.933837890625000000e-01 7.587047122781788618e-03
5.935058593750000000e-01 7.515280018957084217e-03
5.936279296875000000e-01 7.443508494087024488e-03
5.937500000000000000e-01 7.371732590392502012e-03
5.938720703125000000e-01 7.299952350097831978e-03
5.939941406250000000e-01 7.228167815428946340e-03
5.941162109375000000e-01 7.156379028615248231e-03
5.942382812500000000e-01 7.084586031888324802e-03
5.943603515625000000e-01 7.012788867481781555e-03
5.944824218750000000e-01 6.940987577632563334e-03
5.946044921875000000e-01 6.869182204578792861e-03
5.947265625000000000e-01 6.797372790562360677e-03
5.948486328125000000e-01 6.725559377826467039e-03
5.949707031250000000e-01 6.653742008617290725e-03
5.950927734375000000e-01 6.581920725183269989e-03
5.952148437500000000e-01 6.510095569774785110e-03
5.953369140625000000e-01 6.438266584644853144e-03
5.954589843750000000e-01 6.366433812048408886e-03
5.955810546875000000e-01 6.294597294242997021e-03
5.957031250000000000e-01 6.222757073488333242e-03
5.958251953125000000e-01 6.150913192045960771e-03
5.959472656250000000e-01 6.079065692179933846e-03
5.960693359375000000e-01 6.007214616155980708e-03
5.961914062500000000e-01 5.935360006242367502e-03
5.963134765625000000e-01 5.863501904709680565e-03
5.964355468750000000e-01 5.791640353829591303e-03
5.965576171875000000e-01 5.719775395877100925e-03
5.966796875000000000e-01 5.647907073127783097e-03
5.968017578125000000e-01 5.576035427860207352e-03
5.969238281250000000e-01 5.504160502354899995e-03
5.970458984375000000e-01 5.432282338893529641e-03
5.971679687500000000e-01 5.360400979760774655e-03
5.972900390625000000e-01 5.288516467241930093e-03
5.974121093750000000e-01 5.216628843625255654e-03
5.975341796875000000e-01 5.144738151200021516e-03
5.976562500000000000e-01 5.072844432257968099e-03
5.977783203125000000e-01 5.000947729092358914e-03
5.979003906250000000e-01 4.929048083997946729e-03
5.980224609375000000e-01 4.857145539271746394e-03
5.981445312500000000e-01 4.785240137211694764e-03
5.982666015625000000e-01 4.713331920118100926e-03
5.983886718750000000e-01 4.641420930293019102e-03
5.985107421875000000e-01 4.569507210039554755e-03
5.986328125000000000e-01 4.497590801662722411e-03
5.987548828125000000e-01 4.425671747469021519e-03
5.988769531250000000e-01 4.353750089766466810e-03
5.989990234375000000e-01 4.281825870865266573e-03
5.991210937500000000e-01 4.209899133075996856e-03
5.992431640625000000e-01 4.137969918711858347e-03
5.993652343750000000e-01 4.066038270086240816e-03
5.994873046875000000e-01 3.994104229515137855e-03
5.996093750000000000e-01 3.922167839315571745e-03
5.997314453125000000e-01 3.850229141805574379e-03
5.998535156250000000e-01 3.778288179305276662e-03
5.999755859375000000e-01 3.706344994135077949e-03
6.000976562500000000e-01 3.634399628617776719e-03
6.002197265625000000e-01 3.562452125076598190e-03
6.003417968750000000e-01 3.490502525836643687e-03
6.004638671875000000e-01 3.418550873224237945e-03
6.005859375000000000e-01 3.346597209566266017e-03
6.007080078125000000e-01 3.274641577191502936e-03
6.008300781250000000e-01 3.202684018429248925e-03
6.009521484375000000e-01 3.130724575610476044e-03
6.010742187500000000e-01 3.058763291067325123e-03
6.011962890625000000e-01 2.986800207132454376e-03
6.013183593750000000e-01 2.914835366140035560e-03
6.014404296875000000e-01 2.842868810424935624e-03
6.015625000000000000e-01 2.770900582323315622e-03
6.016845703125000000e-01 2.698930724172496267e-03
6.018066406250000000e-01 2.626959278310036366e-03
6.019287109375000000e-01 2.554986287075500066e-03
6.020507812500000000e-01 2.483011792807988775e-03
6.021728515625000000e-01 2.411035837848578885e-03
6.022949218750000000e-01 2.339058464539117439e-03
6.024169921875000000e-01 2.267079715221623649e-03
6.025390625000000000e-01 2.195099632239957705e-03
6.026611328125000000e-01 2.123118257937317566e-03
6.027832031250000000e-01 2.051135634659170641e-03
6.029052734375000000e-01 1.979151804750491680e-03
6.030273437500000000e-01 1.907166810557847690e-03
6.031494140625000000e-01 1.835180694428366430e-03
6.032714843750000000e-01 1.763193498709135542e-03
6.033935546875000000e-01 1.691205265748828420e-03
6.035156250000000000e-01 1.619216037895712971e-03
6.036376953125000000e-01 1.547225857499601002e-03
6.037597656250000000e-01 1.475234766910548485e-03
6.038818359375000000e-01 1.403242808478815220e-03
6.040039062500000000e-01 1.331250024555618791e-03
6.041259765625000000e-01 1.259256457492044295e-03
6.042480468750000000e-01 1.187262149640391567e-03
6.043701171875000000e-01 1.115267143353263803e-03
6.044921875000000000e-01 1.043271480982904892e-03
6.046142578125000000e-01 9.712752048832015098e-04
6.047363281250000000e-01 8.992783574069718481e-04
6.048583984375000000e-01 8.272809809084128796e-04
6.049804687500000000e-01 7.552831177419956632e-04
6.051025390625000000e-01 6.832848102618223037e-04
6.052246093750000000e-01 6.112861008231003585e-04
6.053466796875000000e-01 5.392870317802076451e-04
6.054687500000000000e-01 4.672876454888103383e-04
6.055908203125000000e-01 3.952879843039127077e-04
6.057128906250000000e-01 3.232880905812978052e-04
6.058349609375000000e-01 2.512880066768632828e-04
6.059570312500000000e-01 1.792877749460466573e-04
6.060791015625000000e-01 1.072874377450078897e-04
6.062011718750000000e-01 3.528703742926391472e-05
6.063232421875000000e-01 -3.671338364494248027e-05
6.064453125000000000e-01 -1.087137831213952604e-04
6.065673828125000000e-01 -1.807141186443688298e-04
6.066894531250000000e-01 -2.527143478578939314e-04
6.068115234375000000e-01 -3.247144284061680521e-04
6.069335937500000000e-01 -3.967143179334052939e-04
6.070556640625000000e-01 -4.687139740835419592e-04
6.071777343750000000e-01 -5.407133545016381800e-04
6.072998046875000000e-01 -6.127124168315641224e-04
6.074218750000000000e-01 -6.847111187189921675e-04
6.075439453125000000e-01 -7.567094178084649578e-04
6.076660156250000000e-01 -8.287072717450331928e-04
6.077880859375000000e-01 -9.007046381747332202e-04
6.079101562500000000e-01 -9.727014747427235094e-04
6.080322265625000000e-01 -1.044697739095781135e-03
6.081542968750000000e-01 -1.116693388879946239e-03
6.082763671875000000e-01 -1.188688381742377103e-03
6.083984375000000000e-01 -1.260682675330026224e-03
6.085205078125000000e-01 -1.332676227290351340e-03
6.086425781250000000e-01 -1.404668995271673429e-03
6.087646484375000000e-01 -1.476660936922264680e-03
6.088867187500000000e-01 -1.548652009891592291e-03
6.090087890625000000e-01 -1.620642171828770876e-03
6.091308593750000000e-01 -1.692631380383737743e-03
6.092529296875000000e-01 -1.764619593207340494e-03
6.093750000000000000e-01 -1.836606767950578088e-03
6.094970703125000000e-01 -1.908592862265588545e-03
6.096191406250000000e-01 -1.980577833804674469e-03
6.097412109375000000e-01 -2.052561640220588405e-03
6.098632812500000000e-01 -2.124544239167575413e-03
6.099853515625000000e-01 -2.196525588299567434e-03
6.101074218750000000e-01 -2.268505645272556829e-03
6.102294921875000000e-01 -2.340484367742113551e-03
6.103515625000000000e-01 -2.412461713364733463e-03
6.104736328125000000e-01 -2.484437639798505338e-03
6.105957031250000000e-01 -2.556412104701364860e-03
6.107177734375000000e-01 -2.628385065733065701e-03
6.108398437500000000e-01 -2.700356480553410109e-03
6.109619140625000000e-01 -2.772326306823798443e-03
6.110839843750000000e-01 -2.844294502206173164e-03
6.112060546875000000e-01 -2.916261024363003222e-03
6.113281250000000000e-01 -2.988225830958775048e-03
6.114501953125000000e-01 -3.060188879658112121e-03
6.115722656250000000e-01 -3.132150128127446798e-03
6.116943359375000000e-01 -3.204109534033577032e-03
6.118164062500000000e-01 -3.276067055044346379e-03
6.119384765625000000e-01 -3.348022648829452816e-03
6.120605468750000000e-01 -3.419976273058985931e-03
6.121826171875000000e-01 -3.491927885404747921e-03
6.123046875000000000e-01 -3.563877443539319005e-03
6.124267578125000000e-01 -3.635824905136347124e-03
6.125488281250000000e-01 -3.707770227871635179e-03
6.126708984375000000e-01 -3.779713369420716756e-03
6.127929687500000000e-01 -3.851654287462201974e-03
6.129150390625000000e-01 -3.923592939674787686e-03
6.130371093750000000e-01 -3.995529283738396761e-03
6.131591796875000000e-01 -4.067463277335389357e-03
6.132812500000000000e-01 -4.139394878148092670e-03
6.134033203125000000e-01 -4.211324043861846243e-03
6.135253906250000000e-01 -4.283250732161908957e-03
6.136474609375000000e-01 -4.355174900736134835e-03
6.137695312500000000e-01 -4.427096507273238328e-03
6.138916015625000000e-01 -4.499015509463277426e-03
6.140136718750000000e-01 -4.570931864998522762e-03
6.141357421875000000e-01 -4.642845531572159165e-03
6.142578125000000000e-01 -4.714756466879685588e-03
6.143798828125000000e-01 -4.786664628617385078e-03
6.145019531250000000e-01 -4.858569974483456684e-03
6.146240234375000000e-01 -4.930472462178054488e-03
6.147460937500000000e-01 -5.002372049402611064e-03
6.148681640625000000e-01 -5.074268693860841881e-03
6.149902343750000000e-01 -5.146162353257516253e-03
6.151123046875000000e-01 -5.218052985299239700e-03
6.152343750000000000e-01 -5.289940547695047221e-03
6.153564453125000000e-01 -5.361824998154816023e-03
6.154785156250000000e-01 -5.433706294391392293e-03
6.156005859375000000e-01 -5.505584394118517334e-03
6.157226562500000000e-01 -5.577459255052044478e-03
6.158447265625000000e-01 -5.649330834910148980e-03
6.159667968750000000e-01 -5.721199091412164893e-03
6.160888671875000000e-01 -5.793063982280475914e-03
6.162109375000000000e-01 -5.864925465238317488e-03
6.163330078125000000e-01 -5.936783498011848938e-03
6.164550781250000000e-01 -6.008638038328630374e-03
6.165771484375000000e-01 -6.080489043918149185e-03
6.166992187500000000e-01 -6.152336472512782810e-03
6.168212890625000000e-01 -6.224180281846259169e-03
6.169433593750000000e-01 -6.296020429655073934e-03
6.170654296875000000e-01 -6.367856873677288365e-03
6.171875000000000000e-01 -6.439689571653054931e-03
6.173095703125000000e-01 -6.511518481325531509e-03
6.174316406250000000e-01 -6.583343560439386920e-03
6.175537109375000000e-01 -6.655164766742060339e-03
6.176757812500000000e-01 -6.726982057982727400e-03
6.177978515625000000e-01 -6.798795391912966328e-03
6.179199218750000000e-01 -6.870604726287310449e-03
6.180419921875000000e-01 -6.942410018861449282e-03
6.181640625000000000e-01 -7.014211227395028385e-03
6.182861328125000000e-01 -7.086008309648906753e-03
6.184082031250000000e-01 -7.157801223386398015e-03
6.185302734375000000e-01 -7.229589926374165552e-03
6.186523437500000000e-01 -7.301374376380022867e-03
6.187744140625000000e-01 -7.373154531175714343e-03
6.188964843750000000e-01 -7.444930348534449342e-03
6.190185546875000000e-01 -7.516701786232695033e-03
6.191406250000000000e-01 -7.588468802048907447e-03
6.192626953125000000e-01 -7.660231353764229700e-03
6.193847656250000000e-01 -7.731989399162867566e-03
6.195068359375000000e-01 -7.803742896031289761e-03
6.196289062500000000e-01 -7.875491802159080568e-03
6.197509765625000000e-01 -7.947236075337931957e-03
6.198730468750000000e-01 -8.018975673362307988e-03
6.199951171875000000e-01 -8.090710554030001653e-03
6.201171875000000000e-01 -8.162440675140995167e-03
6.202392578125000000e-01 -8.234165994498686414e-03
6.203613281250000000e-01 -8.305886469908733624e-03
6.204833984375000000e-01 -8.377602059179471705e-03
6.206054687500000000e-01 -8.449312720123043283e-03
6.207275390625000000e-01 -8.521018410553232031e-03
6.208496093750000000e-01 -8.592719088288243434e-03
6.209716796875000000e-01 -8.664414711147981271e-03
6.210937500000000000e-01 -8.736105236955511721e-03
6.212158203125000000e-01 -8.807790623537670519e-03
6.213378906250000000e-01 -8.879470828723133938e-03
6.214599609375000000e-01 -8.951145810345092005e-03
6.215820312500000000e-01 -9.022815526238302936e-03
6.217041015625000000e-01 -9.094479934241905122e-03
6.218261718750000000e-01 -9.166138992197288629e-03
6.219482421875000000e-01 -9.237792657948957348e-03
6.220703125000000000e-01 -9.309440889345347789e-03
6.221923828125000000e-01 -9.381083644237371913e-03
6.223144531250000000e-01 -9.452720880479907259e-03
6.224365234375000000e-01 -9.524352555930280795e-03
6.225585937500000000e-01 -9.595978628449068626e-03
6.226806640625000000e-01 -9.667599055901124686e-03
6.228027343750000000e-01 -9.739213796153568456e-03
6.229248046875000000e-01 -9.810822807077710511e-03
6.230468750000000000e-01 -9.882426046547591880e-03
6.231689453125000000e-01 -9.954023472440523546e-03
6.232910156250000000e-01 -1.002561504263819320e-02
6.234130859375000000e-01 -1.009720071502445866e-02
6.235351562500000000e-01 -1.016878044748810613e-02
6.236572265625000000e-01 -1.024035419792014394e-02
6.237792968750000000e-01 -1.031192192421547318e-02
6.239013671875000000e-01 -1.038348358427296399e-02
6.240234375000000000e-01 -1.045503913599428285e-02
6.241455078125000000e-01 -1.052658853728581645e-02
6.242675781250000000e-01 -1.059813174605627080e-02
6.243896484375000000e-01 -1.066966872021909464e-02
6.245117187500000000e-01 -1.074119941769074993e-02
6.246337890625000000e-01 -1.081272379639128776e-02
6.247558593750000000e-01 -1.088424181424505963e-02
6.248779296875000000e-01 -1.095575342917973378e-02
6.250000000000000000e-01 -1.102725859912719215e-02
6.251220703125000000e-01 -1.109875728202244609e-02
6.252441406250000000e-01 -1.117024943580460089e-02
6.253662109375000000e-01 -1.124173501841686622e-02
6.254882812500000000e-01 -1.131321398780592638e-02
6.256103515625000000e-01 -1.138468630192296209e-02
6.257324218750000000e-01 -1.145615191872232166e-02
6.258544921875000000e-01 -1.152761079616243176e-02
6.259765625000000000e-01 -1.159906289220644787e-02
6.260986328125000000e-01 -1.167050816482010679e-02
6.262207031250000000e-01 -1.174194657197491845e-02
6.263427734375000000e-01 -1.181337807164486997e-02
6.264648437500000000e-01 -1.188480262180911969e-02
6.265869140625000000e-01 -1.195622018045016353e-02
6.267089843750000000e-01 -1.202763070555452549e-02
6.268310546875000000e-01 -1.209903415511403603e-02
6.269531250000000000e-01 -1.217043048712321100e-02
6.270751953125000000e-01 -1.224181965958190746e-02
6.271972656250000000e-01 -1.231320163049362711e-02
6.273193359375000000e-01 -1.238457635786570366e-02
6.274414062500000000e-01 -1.245594379971075999e-02
6.275634765625000000e-01 -1.252730391404483640e-02
6.276855468750000000e-01 -1.259865665888909234e-02
6.278076171875000000e-01 -1.267000199226821222e-02
6.279296875000000000e-01 -1.274133987221130922e-02
6.280517578125000000e-01 -1.281267025675250811e-02
6.281738281250000000e-01 -1.288399310392990445e-02
6.282958984375000000e-01 -1.295530837178627062e-02
6.284179687500000000e-01 -1.302661601836856316e-02
6.285400390625000000e-01 -1.309791600172802162e-02
6.286621093750000000e-01 -1.316920827992122851e-02
6.287841796875000000e-01 -1.324049281100798774e-02
6.289062500000000000e-01 -1.331176955305451125e-02
6.290283203125000000e-01 -1.338303846412961309e-02
6.291503906250000000e-01 -1.345429950230833498e-02
6.292724609375000000e-01 -1.352555262566923315e-02
6.293945312500000000e-01 -1.359679779229556323e-02
6.295166015625000000e-01 -1.366803496027657779e-02
6.296386718750000000e-01 -1.373926408770445584e-02
6.297607421875000000e-01 -1.381048513267752777e-02
6.298828125000000000e-01 -1.388169805329802359e-02
6.300048828125000000e-01 -1.395290280767290912e-02
6.301269531250000000e-01 -1.402409935391472559e-02
6.302490234375000000e-01 -1.409528765014006133e-02
6.303710937500000000e-01 -1.416646765447106271e-02
6.304931640625000000e-01 -1.423763932503423722e-02
6.306152343750000000e-01 -1.430880261996069630e-02
6.307373046875000000e-01 -1.437995749738734015e-02
6.308593750000000000e-01 -1.445110391545537804e-02
6.309814453125000000e-01 -1.452224183231155819e-02
6.311035156250000000e-01 -1.459337120610707146e-02
6.312255859375000000e-01 -1.466449199499795381e-02
6.313476562500000000e-01 -1.473560415714627973e-02
6.314697265625000000e-01 -1.480670765071799393e-02
6.315917968750000000e-01 -1.487780243388549771e-02
6.317138671875000000e-01 -1.494888846482483359e-02
6.318359375000000000e-01 -1.501996570171853021e-02
6.319580078125000000e-01 -1.509103410275332811e-02
6.320800781250000000e-01 -1.516209362612125008e-02
6.322021484375000000e-01 -1.523314423002052054e-02
6.323242187500000000e-01 -1.530418587265322365e-02
6.324462890625000000e-01 -1.537521851222795402e-02
6.325683593750000000e-01 -1.544624210695774887e-02
6.326904296875000000e-01 -1.551725661506105775e-02
6.328125000000000000e-01 -1.558826199476219532e-02
6.329345703125000000e-01 -1.565925820429027449e-02
6.330566406250000000e-01 -1.573024520188051265e-02
6.331787109375000000e-01 -1.580122294577275543e-02
6.333007812500000000e-01 -1.587219139421237532e-02
6.334228515625000000e-01 -1.594315050545087528e-02
6.335449218750000000e-01 -1.601410023774456348e-02
6.336669921875000000e-01 -1.608504054935595493e-02
6.337890625000000000e-01 -1.615597139855240796e-02
6.339111328125000000e-01 -1.622689274360680778e-02
6.340332031250000000e-01 -1.629780454279867660e-02
6.341552734375000000e-01 -1.636870675441155429e-02
6.342773437500000000e-01 -1.643959933673639490e-02
6.343994140625000000e-01 -1.651048224806822909e-02
6.345214843750000000e-01 -1.658135544670903336e-02
6.346435546875000000e-01 -1.665221889096562755e-02
6.347656250000000000e-01 -1.672307253915045200e-02
6.348876953125000000e-01 -1.679391634958298310e-02
6.350097656250000000e-01 -1.686475028058690567e-02
6.351318359375000000e-01 -1.693557429049304813e-02
6.352539062500000000e-01 -1.700638833763724531e-02
6.353759765625000000e-01 -1.707719238036095599e-02
6.354980468750000000e-01 -1.714798637701260564e-02
6.356201171875000000e-01 -1.721877028594548734e-02
6.357421875000000000e-01 -1.728954406551973244e-02
6.358642578125000000e-01 -1.736030767410059669e-02
6.359863281250000000e-01 -1.743106107005958083e-02
6.361083984375000000e-01 -1.750180421177451040e-02
6.362304687500000000e-01 -1.757253705762880022e-02
6.363525390625000000e-01 -1.764325956601256115e-02
6.364746093750000000e-01 -1.771397169532131985e-02
6.365966796875000000e-01 -1.778467340395660165e-02
6.367187500000000000e-01 -1.785536465032699222e-02
6.368408203125000000e-01 -1.792604539284598647e-02
6.369628906250000000e-01 -1.799671558993479886e-02
6.370849609375000000e-01 -1.806737520001918881e-02
6.372070312500000000e-01 -1.813802418153253465e-02
6.373291015625000000e-01 -1.820866249291361663e-02
6.374511718750000000e-01 -1.827929009260722409e-02
6.375732421875000000e-01 -1.834990693906585896e-02
6.376953125000000000e-01 -1.842051299074671383e-02
6.378173828125000000e-01 -1.849110820611465922e-02
6.379394531250000000e-01 -1.856169254364007162e-02
6.380615234375000000e-01 -1.863226596179971481e-02
6.381835937500000000e-01 -1.870282841907744409e-02
6.383056640625000000e-01 -1.877337987396297814e-02
6.384277343750000000e-01 -1.884392028495310636e-02
6.385498046875000000e-01 -1.891444961055039481e-02
6.386718750000000000e-01 -1.898496780926406044e-02
6.387939453125000000e-01 -1.905547483961038749e-02
6.389160156250000000e-01 -1.912597066011169009e-02
6.390380859375000000e-01 -1.919645522929755432e-02
6.391601562500000000e-01 -1.926692850570332557e-02
6.392822265625000000e-01 -1.933739044787124994e-02
6.394042968750000000e-01 -1.940784101435086978e-02
6.395263671875000000e-01 -1.947828016369716753e-02
6.396484375000000000e-01 -1.954870785447355291e-02
6.397705078125000000e-01 -1.961912404524842821e-02
6.398925781250000000e-01 -1.968952869459850152e-02
6.400146484375000000e-01 -1.975992176110606333e-02
6.401367187500000000e-01 -1.983030320336033603e-02
6.402587890625000000e-01 -1.990067297995852524e-02
6.403808593750000000e-01 -1.997103104950336688e-02
6.405029296875000000e-01 -2.004137737060538230e-02
6.406250000000000000e-01 -2.011171190188148009e-02
6.407470703125000000e-01 -2.018203460195531346e-02
6.408691406250000000e-01 -2.025234542945828983e-02
6.409912109375000000e-01 -2.032264434302819001e-02
6.411132812500000000e-01 -2.039293130131025061e-02
6.412353515625000000e-01 -2.046320626295624126e-02
6.413574218750000000e-01 -2.053346918662494677e-02
6.414794921875000000e-01 -2.060372003098287844e-02
6.416015625000000000e-01 -2.067395875470302152e-02
6.417236328125000000e-01 -2.074418531646611552e-02
6.418457031250000000e-01 -2.081439967495957166e-02
6.419677734375000000e-01 -2.088460178887757701e-02
6.420898437500000000e-01 -2.095479161692280837e-02
6.422119140625000000e-01 -2.102496911780352834e-02
6.423339843750000000e-01 -2.109513425023707561e-02
6.424560546875000000e-01 -2.116528697294627406e-02
6.425781250000000000e-01 -2.123542724466283282e-02
6.427001953125000000e-01 -2.130555502412467481e-02
6.428222656250000000e-01 -2.137567027007692896e-02
6.429443359375000000e-01 -2.144577294127359215e-02
6.430664062500000000e-01 -2.151586299647425052e-02
6.431884765625000000e-01 -2.158594039444733034e-02
6.433105468750000000e-01 -2.165600509396789844e-02
6.434326171875000000e-01 -2.172605705381822072e-02
6.435546875000000000e-01 -2.179609623278912223e-02
6.436767578125000000e-01 -2.186612258967802341e-02
6.437988281250000000e-01 -2.193613608329069223e-02
6.439208984375000000e-01 -2.200613667243966551e-02
6.440429687500000000e-01 -2.207612431594512675e-02
6.441650390625000000e-01 -2.214609897263554797e-02
6.442871093750000000e-01 -2.221606060134642679e-02
6.444091796875000000e-01 -2.228600916092143835e-02
6.445312500000000000e-01 -2.235594461021155749e-02
6.446533203125000000e-01 -2.242586690807509692e-02
6.447753906250000000e-01 -2.249577601337925115e-02
6.448974609375000000e-01 -2.256567188499750826e-02
6.450195312500000000e-01 -2.263555448181282098e-02
6.451416015625000000e-01 -2.270542376271434196e-02
6.452636718750000000e-01 -2.277527968660034846e-02
6.453857421875000000e-01 -2.284512221237605320e-02
6.455078125000000000e-01 -2.291495129895460697e-02
6.456298828125000000e-01 -2.298476690525808747e-02
6.457519531250000000e-01 -2.305456899021512615e-02
6.458740234375000000e-01 -2.312435751276343751e-02
6.459960937500000000e-01 -2.319413243184810861e-02
6.461181640625000000e-01 -2.326389370642191479e-02
6.462402343750000000e-01 -2.333364129544657911e-02
6.463623046875000000e-01 -2.340337515789109313e-02
6.464843750000000000e-01 -2.347309525273323649e-02
6.466064453125000000e-01 -2.354280153895829328e-02
6.467285156250000000e-01 -2.361249397555946830e-02
6.468505859375000000e-01 -2.368217252153887939e-02
6.469726562500000000e-01 -2.375183713590627022e-02
6.470947265625000000e-01 -2.382148777768008235e-02
6.472167968750000000e-01 -2.389112440588640404e-02
6.473388671875000000e-01 -2.396074697955947672e-02
6.474609375000000000e-01 -2.403035545774272197e-02
6.475830078125000000e-01 -2.409994979948655927e-02
6.477050781250000000e-01 -2.416952996385128213e-02
6.478271484375000000e-01 -2.423909590990394256e-02
6.479492187500000000e-01 -2.430864759672123759e-02
6.480712890625000000e-01 -2.437818498338758730e-02
6.481933593750000000e-01 -2.444770802899524573e-02
6.483154296875000000e-01 -2.451721669264660119e-02
6.484375000000000000e-01 -2.458671093345077621e-02
6.485595703125000000e-01 -2.465619071052664937e-02
6.486816406250000000e-01 -2.472565598300080492e-02
6.488037109375000000e-01 -2.479510671000826130e-02
6.489257812500000000e-01 -2.486454285069343573e-02
6.490478515625000000e-01 -2.493396436420849266e-02
6.491699218750000000e-01 -2.500337120971510632e-02
6.492919921875000000e-01 -2.507276334638257678e-02
6.494140625000000000e-01 -2.514214073338906508e-02
6.495361328125000000e-01 -2.521150332992207199e-02
6.496582031250000000e-01 -2.528085109517710927e-02
6.497802734375000000e-01 -2.535018398835906656e-02
6.499023437500000000e-01 -2.541950196868092079e-02
6.500244140625000000e-01 -2.548880499536438846e-02
6.501464843750000000e-01 -2.555809302764090393e-02
6.502685546875000000e-01 -2.562736602474931236e-02
6.503906250000000000e-01 -2.569662394593899904e-02
6.505126953125000000e-01 -2.576586675046655533e-02
6.506347656250000000e-01 -2.583509439759894277e-02
6.507568359375000000e-01 -2.590430684661082852e-02
6.508789062500000000e-01 -2.597350405678601135e-02
6.510009765625000000e-01 -2.604268598741835139e-02
6.511230468750000000e-01 -2.611185259780926179e-02
6.512451171875000000e-01 -2.618100384727029689e-02
6.513671875000000000e-01 -2.625013969512130993e-02
6.514892578125000000e-01 -2.631926010069117819e-02
6.516113281250000000e-01 -2.638836502331858361e-02
6.517333984375000000e-01 -2.645745442235057643e-02
6.518554687500000000e-01 -2.652652825714407053e-02
6.519775390625000000e-01 -2.659558648706442791e-02
6.520996093750000000e-01 -2.666462907148622885e-02
6.522216796875000000e-01 -2.673365596979383058e-02
6.523437500000000000e-01 -2.680266714138030901e-02
6.524658203125000000e-01 -2.687166254564851350e-02
6.525878906250000000e-01 -2.694064214201000521e-02
6.527099609375000000e-01 -2.700960588988553929e-02
6.528320312500000000e-01 -2.707855374870609538e-02
6.529541015625000000e-01 -2.714748567791066755e-02
6.530761718750000000e-01 -2.721640163694939024e-02
6.531982421875000000e-01 -2.728530158527991273e-02
6.533203125000000000e-01 -2.735418548237072978e-02
6.534423828125000000e-01 -2.742305328769908956e-02
6.535644531250000000e-01 -2.749190496075123655e-02
6.536865234375000000e-01 -2.756074046102450353e-02
6.538085937500000000e-01 -2.762955974802386305e-02
6.539306640625000000e-01 -2.769836278126549048e-02
6.540527343750000000e-01 -2.776714952027387398e-02
6.541748046875000000e-01 -2.783591992458329598e-02
6.542968750000000000e-01 -2.790467395373835355e-02
6.544189453125000000e-01 -2.797341156729252210e-02
6.545410156250000000e-01 -2.804213272480970964e-02
6.546630859375000000e-01 -2.811083738586265743e-02
6.547851562500000000e-01 -2.817952551003397033e-02
6.549072265625000000e-01 -2.824819705691655747e-02
6.550292968750000000e-01 -2.831685198611254284e-02
6.551513671875000000e-01 -2.838549025723430264e-02
6.552734375000000000e-01 -2.845411182990349383e-02
6.553955078125000000e-01 -2.852271666375151560e-02
6.555175781250000000e-01 -2.859130471842049812e-02
6.556396484375000000e-01 -2.865987595356105436e-02
6.557617187500000000e-01 -2.872843032883553097e-02
6.558837890625000000e-01 -2.879696780391427166e-02
6.560058593750000000e-01 -2.886548833847910056e-02
6.561279296875000000e-01 -2.893399189222081724e-02
6.562500000000000000e-01 -2.900247842484025493e-02
6.563720703125000000e-01 -2.907094789604906804e-02
6.564941406250000000e-01 -2.913940026556809115e-02
6.566162109375000000e-01 -2.920783549312894189e-02
6.567382812500000000e-01 -2.927625353847272335e-02
6.568603515625000000e-01 -2.934465436135054450e-02
6.569824218750000000e-01 -2.941303792152439797e-02
6.571044921875000000e-01 -2.948140417876564737e-02
6.572265625000000000e-01 -2.954975309285677587e-02
6.573486328125000000e-01 -2.961808462358944335e-02
6.574707031250000000e-01 -2.968639873076577007e-02
6.575927734375000000e-01 -2.975469537419888483e-02
6.577148437500000000e-01 -2.982297451371073230e-02
6.578369140625000000e-01 -2.989123610913563267e-02
6.579589843750000000e-01 -2.995948012031642363e-02
6.580810546875000000e-01 -3.002770650710664957e-02
6.582031250000000000e-01 -3.009591522937108549e-02
6.583251953125000000e-01 -3.016410624698354428e-02
6.584472656250000000e-01 -3.023227951982992642e-02
6.585693359375000000e-01 -3.030043500780480251e-02
6.586914062500000000e-01 -3.036857267081484457e-02
6.588134765625000000e-01 -3.043669246877596379e-02
6.589355468750000000e-01 -3.050479436161482316e-02
6.590576171875000000e-01 -3.057287830926920524e-02
6.591796875000000000e-01 -3.064094427168683257e-02
6.593017578125000000e-01 -3.070899220882668257e-02
6.594238281250000000e-01 -3.077702208065767608e-02
6.595458984375000000e-01 -3.084503384715914232e-02
6.596679687500000000e-01 -3.091302746832209902e-02
6.597900390625000000e-01 -3.098100290414724026e-02
6.599121093750000000e-01 -3.104896011464699374e-02
6.600341796875000000e-01 -3.111689905984339408e-02
6.601562500000000000e-01 -3.118481969976952262e-02
6.602783203125000000e-01 -3.125272199446993415e-02
6.604003906250000000e-01 -3.132060590399879385e-02
6.605224609375000000e-01 -3.138847138842262158e-02
6.606445312500000000e-01 -3.145631840781745042e-02
6.607666015625000000e-01 -3.152414692227023529e-02
6.608886718750000000e-01 -3.159195689187999090e-02
6.610107421875000000e-01 -3.165974827675485659e-02
6.611328125000000000e-01 -3.172752103701608622e-02
6.612548828125000000e-01 -3.179527513279378770e-02
6.613769531250000000e-01 -3.186301052423064217e-02
6.614990234375000000e-01 -3.193072717147935752e-02
6.616210937500000000e-01 -3.199842503470357730e-02
6.617431640625000000e-01 -3.206610407407895630e-02
6.618652343750000000e-01 -3.213376424979129398e-02
6.619873046875000000e-01 -3.220140552203834550e-02
6.621093750000000000e-01 -3.226902785102825355e-02
6.622314453125000000e-01 -3.233663119698011040e-02
6.623535156250000000e-01 -3.240421552012513057e-02
6.624755859375000000e-01 -3.247178078070481894e-02
6.625976562500000000e-01 -3.253932693897289979e-02
6.627197265625000000e-01 -3.260685395519324209e-02
6.628417968750000000e-01 -3.267436178964123333e-02
6.629638671875000000e-01 -3.274185040260432084e-02
6.630859375000000000e-01 -3.280931975437989534e-02
6.632080078125000000e-01 -3.287676980527843434e-02
6.633300781250000000e-01 -3.294420051562035878e-02
6.634521484375000000e-01 -3.301161184573762203e-02
6.635742187500000000e-01 -3.307900375597443154e-02
6.636962890625000000e-01 -3.314637620668516721e-02
6.638183593750000000e-01 -3.321372915823724709e-02
6.639404296875000000e-01 -3.328106257100781062e-02
6.640625000000000000e-01 -3.334837640538713260e-02
6.641845703125000000e-01 -3.341567062177575737e-02
6.643066406250000000e-01 -3.348294518058603925e-02
6.644287109375000000e-01 -3.355020004224244096e-02
6.645507812500000000e-01 -3.361743516718043723e-02
6.646728515625000000e-01 -3.368465051584775688e-02
6.647949218750000000e-01 -3.375184604870304361e-02
6.649169921875000000e-01 -3.381902172621658459e-02
6.650390625000000000e-01 -3.388617750887112229e-02
6.651611328125000000e-01 -3.395331335716030713e-02
6.652832031250000000e-01 -3.402042923159041832e-02
6.654052734375000000e-01 -3.408752509267853198e-02
6.655273437500000000e-01 -3.415460090095349260e-02
6.656494140625000000e-01 -3.422165661695709266e-02
6.657714843750000000e-01 -3.428869220124130396e-02
6.658935546875000000e-01 -3.435570761437178183e-02
6.660156250000000000e-01 -3.442270281692461076e-02
6.661376953125000000e-01 -3.448967776948799052e-02
6.662597656250000000e-01 -3.455663243266288154e-02
6.663818359375000000e-01 -3.462356676706069419e-02
6.665039062500000000e-01 -3.469048073330673748e-02
6.666259765625000000e-01 -3.475737429203640261e-02
6.667480468750000000e-01 -3.482424740389866713e-02
6.668701171875000000e-01 -3.489110002955338879e-02
6.669921875000000000e-01 -3.495793212967256147e-02
6.671142578125000000e-01 -3.502474366494107844e-02
6.672363281250000000e-01 -3.509153459605517111e-02
6.673583984375000000e-01 -3.515830488372390095e-02
6.674804687500000000e-01 -3.522505448866768141e-02
6.676025390625000000e-01 -3.529178337161913842e-02
6.677246093750000000e-01 -3.535849149332388058e-02
6.678466796875000000e-01 -3.542517881453886852e-02
6.679687500000000000e-01 -3.549184529603424676e-02
6.680908203125000000e-01 -3.555849089859144246e-02
6.682128906250000000e-01 -3.562511558300427567e-02
6.683349609375000000e-01 -3.569171931007977805e-02
6.684570312500000000e-01 -3.575830204063589618e-02
6.685791015625000000e-01 -3.582486373550472503e-02
6.687011718750000000e-01 -3.589140435552921893e-02
6.688232421875000000e-01 -3.595792386156492632e-02
6.689453125000000000e-01 -3.602442221448078075e-02
6.690673828125000000e-01 -3.609089937515669311e-02
6.691894531250000000e-01 -3.615735530448689616e-02
6.693115234375000000e-01 -3.622378996337617674e-02
6.694335937500000000e-01 -3.629020331274346312e-02
6.695556640625000000e-01 -3.635659531351913276e-02
6.696777343750000000e-01 -3.642296592664617111e-02
6.697998046875000000e-01 -3.648931511308090708e-02
6.699218750000000000e-01 -3.655564283379153512e-02
6.700439453125000000e-01 -3.662194904975964171e-02
6.701660156250000000e-01 -3.668823372197869276e-02
6.702880859375000000e-01 -3.675449681145474129e-02
6.704101562500000000e-01 -3.682073827920744752e-02
6.705322265625000000e-01 -3.688695808626831635e-02
6.706542968750000000e-01 -3.695315619368247373e-02
6.707763671875000000e-01 -3.701933256250689031e-02
6.708984375000000000e-01 -3.708548715381141531e-02
6.710205078125000000e-01 -3.715161992867968554e-02
6.711425781250000000e-01 -3.721773084820664129e-02
6.712646484375000000e-01 -3.728381987350190552e-02
6.713867187500000000e-01 -3.734988696568655037e-02
6.715087890625000000e-01 -3.741593208589465841e-02
6.716308593750000000e-01 -3.748195519527428021e-02
6.717529296875000000e-01 -3.754795625498480449e-02
6.718750000000000000e-01 -3.761393522620060798e-02
6.719970703125000000e-01 -3.767989207010705860e-02
6.721191406250000000e-01 -3.774582674790418618e-02
6.722412109375000000e-01 -3.781173922080389993e-02
6.723632812500000000e-01 -3.787762945003129988e-02
6.724853515625000000e-01 -3.794349739682535000e-02
6.726074218750000000e-01 -3.800934302243732382e-02
6.727294921875000000e-01 -3.807516628813242821e-02
6.728515625000000000e-01 -3.814096715518817265e-02
6.729736328125000000e-01 -3.820674558489528527e-02
6.730957031250000000e-01 -3.827250153855852460e-02
6.732177734375000000e-01 -3.833823497749500736e-02
6.733398437500000000e-01 -3.840394586303593621e-02
6.734619140625000000e-01 -3.846963415652498997e-02
6.735839843750000000e-01 -3.853529981931909376e-02
6.737060546875000000e-01 -3.860094281278945993e-02
6.738281250000000000e-01 -3.866656309831918714e-02
6.739501953125000000e-01 -3.873216063730660491e-02
6.740722656250000000e-01 -3.879773539116183889e-02
6.741943359375000000e-01 -3.886328732130857333e-02
6.743164062500000000e-01 -3.892881638918502946e-02
6.744384765625000000e-01 -3.899432255624123850e-02
6.745605468750000000e-01 -3.905980578394271929e-02
6.746826171875000000e-01 -3.912526603376644679e-02
6.748046875000000000e-01 -3.919070326720452968e-02
6.749267578125000000e-01 -3.925611744576161521e-02
6.750488281250000000e-01 -3.932150853095588844e-02
6.751708984375000000e-01 -3.938687648431993954e-02
6.752929687500000000e-01 -3.945222126739918872e-02
6.754150390625000000e-01 -3.951754284175346132e-02
6.755371093750000000e-01 -3.958284116895546823e-02
6.756591796875000000e-01 -3.964811621059142338e-02
6.757812500000000000e-01 -3.971336792826233447e-02
6.759033203125000000e-01 -3.977859628358190042e-02
6.760253906250000000e-01 -3.984380123817853753e-02
6.761474609375000000e-01 -3.990898275369339498e-02
6.762695312500000000e-01 -3.997414079178163160e-02
6.763916015625000000e-01 -4.003927531411307500e-02
6.765136718750000000e-01 -4.010438628236993874e-02
6.766357421875000000e-01 -4.016947365825013216e-02
6.767578125000000000e-01 -4.023453740346389501e-02
6.768798828125000000e-01 -4.029957747973559462e-02
6.770019531250000000e-01 -4.036459384880453083e-02
6.771240234375000000e-01 -4.042958647242232695e-02
6.772460937500000000e-01 -4.049455531235656575e-02
6.773681640625000000e-01 -4.055950033038689673e-02
6.774902343750000000e-01 -4.062442148830853333e-02
6.776123046875000000e-01 -4.068931874792964393e-02
6.777343750000000000e-01 -4.075419207107255914e-02
6.778564453125000000e-01 -4.081904141957441723e-02
6.779785156250000000e-01 -4.088386675528576930e-02
6.781005859375000000e-01 -4.094866804007196714e-02
6.782226562500000000e-01 -4.101344523581177542e-02
6.783447265625000000e-01 -4.107819830439810721e-02
6.784667968750000000e-01 -4.114292720773891909e-02
6.785888671875000000e-01 -4.120763190775549034e-02
6.787109375000000000e-01 -4.127231236638422701e-02
6.788330078125000000e-01 -4.133696854557499661e-02
6.789550781250000000e-01 -4.140160040729183588e-02
6.790771484375000000e-01 -4.146620791351418589e-02
6.791992187500000000e-01 -4.153079102623424834e-02
6.793212890625000000e-01 -4.159534970746048971e-02
6.794433593750000000e-01 -4.165988391921418565e-02
6.795654296875000000e-01 -4.172439362353116965e-02
6.796875000000000000e-01 -4.178887878246272114e-02
6.798095703125000000e-01 -4.185333935807303979e-02
6.799316406250000000e-01 -4.191777531244268024e-02
6.800537109375000000e-01 -4.198218660766472182e-02
6.801757812500000000e-01 -4.204657320584837682e-02
6.802978515625000000e-01 -4.211093506911632589e-02
6.804199218750000000e-01 -4.217527215960582831e-02
6.805419921875000000e-01 -4.223958443946946445e-02
6.806640625000000000e-01 -4.230387187087369244e-02
6.807861328125000000e-01 -4.236813441600037478e-02
6.809082031250000000e-01 -4.243237203704520316e-02
6.810302734375000000e-01 -4.249658469621847567e-02
6.811523437500000000e-01 -4.256077235574597106e-02
6.812744140625000000e-01 -4.262493497786750546e-02
6.813964843750000000e-01 -4.268907252483836179e-02
6.815185546875000000e-01 -4.275318495892770077e-02
6.816406250000000000e-01 -4.281727224241949070e-02
6.817626953125000000e-01 -4.288133433761355529e-02
6.818847656250000000e-01 -4.294537120682289516e-02
6.820068359375000000e-01 -4.300938281237733085e-02
6.821289062500000000e-01 -4.307336911661998474e-02
6.822509765625000000e-01 -4.313733008190898804e-02
6.823730468750000000e-01 -4.320126567061848694e-02
6.824951171875000000e-01 -4.326517584513590864e-02
6.826171875000000000e-01 -4.332906056786561128e-02
6.827392578125000000e-01 -4.339291980122496339e-02
6.828613281250000000e-01 -4.345675350764798689e-02
6.829833984375000000e-01 -4.352056164958251899e-02
6.831054687500000000e-01 -4.358434418949157924e-02
6.832275390625000000e-01 -4.364810108985404252e-02
6.833496093750000000e-01 -4.371183231316305706e-02
6.834716796875000000e-01 -4.377553782192764725e-02
6.835937500000000000e-01 -4.383921757867120100e-02
6.837158203125000000e-01 -4.390287154593220526e-02
6.838378906250000000e-01 -4.396649968626519661e-02
6.839599609375000000e-01 -4.403010196223899192e-02
6.840820312500000000e-01 -4.409367833643857565e-02
6.842041015625000000e-01 -4.415722877146323333e-02
6.843261718750000000e-01 -4.422075322992757851e-02
6.844482421875000000e-01 -4.428425167446244787e-02
6.845703125000000000e-01 -4.434772406771247261e-02
6.846923828125000000e-01 -4.441117037233955483e-02
6.848144531250000000e-01 -4.447459055101936343e-02
6.849365234375000000e-01 -4.453798456644304793e-02
6.850585937500000000e-01 -4.460135238131824470e-02
6.851806640625000000e-01 -4.466469395836640544e-02
6.853027343750000000e-01 -4.472800926032649560e-02
6.854248046875000000e-01 -4.479129824995069925e-02
6.855468750000000000e-01 -4.485456089000855462e-02
6.856689453125000000e-01 -4.491779714328385936e-02
6.857910156250000000e-01 -4.498100697257607222e-02
6.859130859375000000e-01 -4.504419034070093059e-02
6.860351562500000000e-01 -4.510734721048900026e-02
6.861572265625000000e-01 -4.517047754478720895e-02
6.862792968750000000e-01 -4.523358130645730585e-02
6.864013671875000000e-01 -4.529665845837653471e-02
6.865234375000000000e-01 -4.535970896343880648e-02
6.866455078125000000e-01 -4.542273278455280505e-02
6.867675781250000000e-01 -4.548572988464378436e-02
6.868896484375000000e-01 -4.554870022665178514e-02
6.870117187500000000e-01 -4.561164377353259247e-02
6.871337890625000000e-01 -4.567456048825889459e-02
6.872558593750000000e-01 -4.573745033381751424e-02
6.873779296875000000e-01 -4.580031327321301693e-02
6.875000000000000000e-01 -4.586314926946422760e-02
6.876220703125000000e-01 -4.592595828560602778e-02
6.877441406250000000e-01 -4.598874028469018826e-02
6.878662109375000000e-01 -4.605149522978275317e-02
6.879882812500000000e-01 -4.611422308396772446e-02
6.881103515625000000e-01 -4.617692381034301657e-02
6.882324218750000000e-01 -4.623959737202408549e-02
6.883544921875000000e-01 -4.630224373214135436e-02
6.884765625000000000e-01 -4.636486285384125439e-02
6.885986328125000000e-01 -4.642745470028703664e-02
6.887207031250000000e-01 -4.649001923465727326e-02
6.888427734375000000e-01 -4.655255642014731465e-02
6.889648437500000000e-01 -4.661506621996779065e-02
6.890869140625000000e-01 -4.667754859734551259e-02
6.892089843750000000e-01 -4.674000351552416721e-02
6.893310546875000000e-01 -4.680243093776279700e-02
6.894531250000000000e-01 -4.686483082733752803e-02
6.895751953125000000e-01 -4.692720314753968253e-02
6.896972656250000000e-01 -4.698954786167697240e-02
6.898193359375000000e-01 -4.705186493307423473e-02
6.899414062500000000e-01 -4.711415432507110035e-02
6.900634765625000000e-01 -4.717641600102537996e-02
6.901855468750000000e-01 -4.723864992430928250e-02
6.903076171875000000e-01 -4.730085605831282208e-02
6.904296875000000000e-01 -4.736303436644143106e-02
6.905517578125000000e-01 -4.742518481211664694e-02
6.906738281250000000e-01 -4.748730735877809694e-02
6.907958984375000000e-01 -4.754940196987974405e-02
6.909179687500000000e-01 -4.761146860889363397e-02
6.910400390625000000e-01 -4.767350723930724454e-02
6.911621093750000000e-01 -4.773551782462447102e-02
6.912841796875000000e-01 -4.779750032836657669e-02
6.914062500000000000e-01 -4.785945471407058310e-02
6.915283203125000000e-01 -4.792138094529078268e-02
6.916503906250000000e-01 -4.798327898559727467e-02
6.917724609375000000e-01 -4.804514879857662429e-02
6.918945312500000000e-01 -4.810699034783295913e-02
6.920166015625000000e-01 -4.816880359698615111e-02
6.921386718750000000e-01 -4.823058850967359978e-02
6.922607421875000000e-01 -4.829234504954845603e-02
6.923828125000000000e-01 -4.835407318028057261e-02
6.925048828125000000e-01 -4.841577286555763526e-02
6.926269531250000000e-01 -4.847744406908238712e-02
6.927490234375000000e-01 -4.853908675457631328e-02
6.928710937500000000e-01 -4.860070088577572028e-02
6.929931640625000000e-01 -4.866228642643532359e-02
6.931152343750000000e-01 -4.872384334032558995e-02
6.932373046875000000e-01 -4.878537159123359779e-02
6.933593750000000000e-01 -4.884687114296499405e-02
6.934814453125000000e-01 -4.890834195934021245e-02
6.936035156250000000e-01 -4.896978400419838007e-02
6.937255859375000000e-01 -4.903119724139422264e-02
6.938476562500000000e-01 -4.909258163479968129e-02
6.939697265625000000e-01 -4.915393714830435662e-02
6.940917968750000000e-01 -4.921526374581408625e-02
6.942138671875000000e-01 -4.927656139125249218e-02
6.943359375000000000e-01 -4.933783004855939874e-02
6.944580078125000000e-01 -4.939906968169169993e-02
6.945800781250000000e-01 -4.946028025462426148e-02
6.947021484375000000e-01 -4.952146173134806123e-02
6.948242187500000000e-01 -4.958261407587215286e-02
6.949462890625000000e-01 -4.964373725222187561e-02
6.950683593750000000e-01 -4.970483122443968699e-02
6.951904296875000000e-01 -4.976589595658622439e-02
6.953125000000000000e-01 -4.982693141273780019e-02
6.954345703125000000e-01 -4.988793755698996135e-02
6.955566406250000000e-01 -4.994891435345346492e-02
6.956787109375000000e-01 -5.000986176625784457e-02
6.958007812500000000e-01 -5.007077975954906529e-02
6.959228515625000000e-01 -5.013166829749006459e-02
6.960449218750000000e-01 -5.019252734426276480e-02
6.961669921875000000e-01 -5.025335686406441627e-02
6.962890625000000000e-01 -5.031415682111135129e-02
6.964111328125000000e-01 -5.037492717963613226e-02
6.965332031250000000e-01 -5.043566790388882143e-02
6.966552734375000000e-01 -5.049637895813768179e-02
6.967773437500000000e-01 -5.055706030666761580e-02
6.968994140625000000e-01 -5.061771191378195561e-02
6.970214843750000000e-01 -5.067833374380042999e-02
6.971435546875000000e-01 -5.073892576106060065e-02
6.972656250000000000e-01 -5.079948792991809819e-02
6.973876953125000000e-01 -5.086002021474552576e-02
6.975097656250000000e-01 -5.092052257993380515e-02
6.976318359375000000e-01 -5.098099498989056705e-02
6.977539062500000000e-01 -5.104143740904114324e-02
6.978759765625000000e-01 -5.110184980182948949e-02
6.979980468750000000e-01 -5.116223213271567372e-02
6.981201171875000000e-01 -5.122258436617938698e-02
6.982421875000000000e-01 -5.128290646671606473e-02
6.983642578125000000e-01 -5.134319839884052966e-02
6.984863281250000000e-01 -5.140346012708423007e-02
6.986083984375000000e-01 -5.146369161599612801e-02
6.987304687500000000e-01 -5.152389283014478100e-02
6.988525390625000000e-01 -5.158406373411433821e-02
6.989746093750000000e-01 -5.164420429250862060e-02
6.990966796875000000e-01 -5.170431446994811636e-02
6.992187500000000000e-01 -5.176439423107116050e-02
6.993408203125000000e-01 -5.182444354053494795e-02
6.994628906250000000e-01 -5.188446236301366005e-02
6.995849609375000000e-01 -5.194445066320026866e-02
6.997070312500000000e-01 -5.200440840580490554e-02
6.998291015625000000e-01 -5.206433555555556314e-02
6.999511718750000000e-01 -5.212423207719924650e-02
7.000732421875000000e-01 -5.218409793549991932e-02
7.001953125000000000e-01 -5.224393309524059947e-02
7.003173828125000000e-01 -5.230373752122149944e-02
7.004394531250000000e-01 -5.236351117826092139e-02
7.005615234375000000e-01 -5.242325403119611760e-02
7.006835937500000000e-01 -5.248296604488105616e-02
7.008056640625000000e-01 -5.254264718418982100e-02
7.009277343750000000e-01 -5.260229741401264980e-02
7.010498046875000000e-01 -5.266191669925952140e-02
7.011718750000000000e-01 -5.272150500485762309e-02
7.012939453125000000e-01 -5.278106229575207226e-02
7.014160156250000000e-01 -5.284058853690806051e-02
7.015380859375000000e-01 -5.290008369330680832e-02
7.016601562500000000e-01 -5.295954772994967974e-02
7.017822265625000000e-01 -5.301898061185503219e-02
7.019042968750000000e-01 -5.307838230405977076e-02
7.020263671875000000e-01 -5.313775277161987554e-02
7.021484375000000000e-01 -5.319709197960894448e-02
7.022705078125000000e-01 -5.325639989311974770e-02
7.023925781250000000e-01 -5.331567647726263154e-02
7.025146484375000000e-01 -5.337492169716629570e-02
7.026367187500000000e-01 -5.343413551797889655e-02
7.027587890625000000e-01 -5.349331790486609034e-02
7.028808593750000000e-01 -5.355246882301296224e-02
7.030029296875000000e-01 -5.361158823762215975e-02
7.031250000000000000e-01 -5.367067611391490578e-02
7.032470703125000000e-01 -5.372973241713206727e-02
7.033691406250000000e-01 -5.378875711253139347e-02
7.034912109375000000e-01 -5.384775016539131154e-02
7.036132812500000000e-01 -5.390671154100679791e-02
7.037353515625000000e-01 -5.396564120469311832e-02
7.038574218750000000e-01 -5.402453912178312861e-02
7.039794921875000000e-01 -5.408340525762812823e-02
7.041015625000000000e-01 -5.414223957759976141e-02
7.042236328125000000e-01 -5.420104204708647844e-02
7.043457031250000000e-01 -5.425981263149697031e-02
7.044677734375000000e-01 -5.431855129625767775e-02
7.045898437500000000e-01 -5.437725800681376953e-02
7.047119140625000000e-01 -5.443593272863010701e-02
7.048339843750000000e-01 -5.449457542718959269e-02
7.049560546875000000e-01 -5.455318606799473835e-02
7.050781250000000000e-01 -5.461176461656604836e-02
7.052001953125000000e-01 -5.467031103844292167e-02
7.053222656250000000e-01 -5.472882529918455391e-02
7.054443359375000000e-01 -5.478730736436809856e-02
7.055664062500000000e-01 -5.484575719959070006e-02
7.056884765625000000e-01 -5.490417477046737743e-02
7.058105468750000000e-01 -5.496256004263228023e-02
7.059326171875000000e-01 -5.502091298173950040e-02
7.060546875000000000e-01 -5.507923355346069222e-02
7.061767578125000000e-01 -5.513752172348836827e-02
7.062988281250000000e-01 -5.519577745753230513e-02
7.064208984375000000e-01 -5.525400072132279072e-02
7.065429687500000000e-01 -5.531219148060821655e-02
7.066650390625000000e-01 -5.537034970115595200e-02
7.067871093750000000e-01 -5.542847534875413457e-02
7.069091796875000000e-01 -5.548656838920788814e-02
7.070312500000000000e-01 -5.554462878834345863e-02
7.071533203125000000e-01 -5.560265651200499426e-02
7.072753906250000000e-01 -5.566065152605592647e-02
7.073974609375000000e-01 -5.571861379637976092e-02
7.075195312500000000e-01 -5.577654328887852314e-02
7.076416015625000000e-01 -5.583443996947425048e-02
7.077636718750000000e-01 -5.589230380410750709e-02
7.078857421875000000e-01 -5.595013475873811259e-02
7.080078125000000000e-01 -5.600793279934612734e-02
7.081298828125000000e-01 -5.606569789193012465e-02
7.082519531250000000e-01 -5.612343000250891167e-02
7.083740234375000000e-01 -5.618112909711981545e-02
7.084960937500000000e-01 -5.623879514181961276e-02
7.086181640625000000e-01 -5.629642810268549458e-02
7.087402343750000000e-01 -5.635402794581263752e-02
7.088623046875000000e-01 -5.641159463731762469e-02
7.089843750000000000e-01 -5.646912814333455294e-02
7.091064453125000000e-01 -5.652662843001862725e-02
7.092285156250000000e-01 -5.658409546354361414e-02
7.093505859375000000e-01 -5.664152921010250086e-02
7.094726562500000000e-01 -5.669892963590966034e-02
7.095947265625000000e-01 -5.675629670719697234e-02
7.097167968750000000e-01 -5.681363039021757738e-02
7.098388671875000000e-01 -5.687093065124320529e-02
7.099609375000000000e-01 -5.692819745656518132e-02
7.100830078125000000e-01 -5.698543077249552946e-02
7.102050781250000000e-01 -5.704263056536499482e-02
7.103271484375000000e-01 -5.709979680152490328e-02
7.104492187500000000e-01 -5.715692944734550307e-02
7.105712890625000000e-01 -5.721402846921674890e-02
7.106933593750000000e-01 -5.727109383354932887e-02
7.108154296875000000e-01 -5.732812550677277019e-02
7.109375000000000000e-01 -5.738512345533737513e-02
7.110595703125000000e-01 -5.744208764571233361e-02
7.111816406250000000e-01 -5.749901804438676406e-02
7.113037109375000000e-01 -5.755591461787065016e-02
7.114257812500000000e-01 -5.761277733269229429e-02
7.115478515625000000e-01 -5.766960615540197427e-02
7.116699218750000000e-01 -5.772640105256781479e-02
7.117919921875000000e-01 -5.778316199077954823e-02
7.119140625000000000e-01 -5.783988893664585018e-02
7.120361328125000000e-01 -5.789658185679511654e-02
7.121582031250000000e-01 -5.795324071787756604e-02
7.122802734375000000e-01 -5.800986548656122954e-02
7.124023437500000000e-01 -5.806645612953596769e-02
7.125244140625000000e-01 -5.812301261351062592e-02
7.126464843750000000e-01 -5.817953490521415166e-02
7.127685546875000000e-01 -5.823602297139636452e-02
7.128906250000000000e-01 -5.829247677882651996e-02
7.130126953125000000e-01 -5.834889629429484970e-02
7.131347656250000000e-01 -5.840528148461082009e-02
7.132568359375000000e-01 -5.846163231660407578e-02
7.133789062500000000e-01 -5.851794875712547361e-02
7.135009765625000000e-01 -5.857423077304511200e-02
7.136230468750000000e-01 -5.863047833125429459e-02
7.137451171875000000e-01 -5.868669139866364987e-02
7.138671875000000000e-01 -5.874286994220411645e-02
7.139892578125000000e-01 -5.879901392882803252e-02
7.141113281250000000e-01 -5.885512332550642961e-02
7.142333984375000000e-01 -5.891119809923271028e-02
7.143554687500000000e-01 -5.896723821701856105e-02
7.144775390625000000e-01 -5.902324364589782435e-02
7.145996093750000000e-01 -5.907921435292355639e-02
7.147216796875000000e-01 -5.913515030516904025e-02
7.148437500000000000e-01 -5.919105146972975656e-02
7.149658203125000000e-01 -5.924691781371955318e-02
7.150878906250000000e-01 -5.930274930427444080e-02
7.152099609375000000e-01 -5.935854590854978963e-02
7.153320312500000000e-01 -5.941430759372156450e-02
7.154541015625000000e-01 -5.947003432698712289e-02
7.155761718750000000e-01 -5.952572607556355644e-02
7.156982421875000000e-01 -5.958138280668935638e-02
7.158203125000000000e-01 -5.963700448762269263e-02
7.159423828125000000e-01 -5.969259108564243382e-02
7.160644531250000000e-01 -5.974814256804902163e-02
7.161865234375000000e-01 -5.980365890216248620e-02
7.163085937500000000e-01 -5.985914005532457643e-02
7.164306640625000000e-01 -5.991458599489683789e-02
7.165527343750000000e-01 -5.996999668826148017e-02
7.166748046875000000e-01 -6.002537210282249402e-02
7.167968750000000000e-01 -6.008071220600308404e-02
7.169189453125000000e-01 -6.013601696524915191e-02
7.170410156250000000e-01 -6.019128634802550087e-02
7.171630859375000000e-01 -6.024652032181922190e-02
7.172851562500000000e-01 -6.030171885413725119e-02
7.174072265625000000e-01 -6.035688191250714735e-02
7.175292968750000000e-01 -6.041200946447906894e-02
7.176513671875000000e-01 -6.046710147762188875e-02
7.177734375000000000e-01 -6.052215791952721136e-02
7.178955078125000000e-01 -6.057717875780634087e-02
7.180175781250000000e-01 -6.063216396009160625e-02
7.181396484375000000e-01 -6.068711349403711763e-02
7.182617187500000000e-01 -6.074202732731712878e-02
7.183837890625000000e-01 -6.079690542762783423e-02
7.185058593750000000e-01 -6.085174776268550967e-02
7.186279296875000000e-01 -6.090655430022737932e-02
7.187500000000000000e-01 -6.096132500801273307e-02
7.188720703125000000e-01 -6.101605985382106689e-02
7.189941406250000000e-01 -6.107075880545383834e-02
7.191162109375000000e-01 -6.112542183073262775e-02
7.192382812500000000e-01 -6.118004889750023462e-02
7.193603515625000000e-01 -6.123463997362173922e-02
7.194824218750000000e-01 -6.128919502698165073e-02
7.196044921875000000e-01 -6.134371402548777219e-02
7.197265625000000000e-01 -6.139819693706703718e-02
7.198486328125000000e-01 -6.145264372966930538e-02
7.199707031250000000e-01 -6.150705437126459396e-02
7.200927734375000000e-01 -6.156142882984410453e-02
7.202148437500000000e-01 -6.161576707342127784e-02
7.203369140625000000e-01 -6.167006907003001748e-02
7.204589843750000000e-01 -6.172433478772641757e-02
7.205810546875000000e-01 -6.177856419458691017e-02
7.207031250000000000e-01 -6.183275725870943096e-02
7.208251953125000000e-01 -6.188691394821409925e-02
7.209472656250000000e-01 -6.194103423124162205e-02
7.210693359375000000e-01 -6.199511807595494556e-02
7.211914062500000000e-01 -6.204916545053758281e-02
7.213134765625000000e-01 -6.210317632319443948e-02
7.214355468750000000e-01 -6.215715066215314610e-02
7.215576171875000000e-01 -6.221108843566097030e-02
7.216796875000000000e-01 -6.226498961198885518e-02
7.218017578125000000e-01 -6.231885415942755441e-02
7.219238281250000000e-01 -6.237268204628963059e-02
7.220458984375000000e-01 -6.242647324091023242e-02
7.221679687500000000e-01 -6.248022771164440242e-02
7.222900390625000000e-01 -6.253394542687099045e-02
7.224121093750000000e-01 -6.258762635498822668e-02
7.225341796875000000e-01 -6.264127046441780866e-02
7.226562500000000000e-01 -6.269487772360188282e-02
7.227783203125000000e-01 -6.274844810100431436e-02
7.229003906250000000e-01 -6.280198156511160312e-02
7.230224609375000000e-01 -6.285547808443099627e-02
7.231445312500000000e-01 -6.290893762749244500e-02
7.232666015625000000e-01 -6.296236016284670334e-02
7.233886718750000000e-01 -6.301574565906629954e-02
7.235107421875000000e-01 -6.306909408474647982e-02
7.236328125000000000e-01 -6.312240540850332093e-02
7.237548828125000000e-01 -6.317567959897578411e-02
7.238769531250000000e-01 -6.322891662482367503e-02
7.239990234375000000e-01 -6.328211645472853197e-02
7.241210937500000000e-01 -6.333527905739509689e-02
7.242431640625000000e-01 -6.338840440154819289e-02
7.243652343750000000e-01 -6.344149245593676267e-02
7.244873046875000000e-01 -6.349454318932981622e-02
7.246093750000000000e-01 -6.354755657051866513e-02
7.247314453125000000e-01 -6.360053256831763036e-02
7.248535156250000000e-01 -6.365347115156133606e-02
7.249755859375000000e-01 -6.370637228910851213e-02
7.250976562500000000e-01 -6.375923594983788634e-02
7.252197265625000000e-01 -6.381206210265182033e-02
7.253417968750000000e-01 -6.386485071647372835e-02
7.254638671875000000e-01 -6.391760176024899320e-02
7.255859375000000000e-01 -6.397031520294613194e-02
7.257080078125000000e-01 -6.402299101355481137e-02
7.258300781250000000e-01 -6.407562916108781870e-02
7.259521484375000000e-01 -6.412822961457904924e-02
7.260742187500000000e-01 -6.418079234308460279e-02
7.261962890625000000e-01 -6.423331731568378278e-02
7.263183593750000000e-01 -6.428580450147720893e-02
7.264404296875000000e-01 -6.433825386958845483e-02
7.265625000000000000e-01 -6.439066538916260463e-02
7.266845703125000000e-01 -6.444303902936689143e-02
7.268066406250000000e-01 -6.449537475939209896e-02
7.269287109375000000e-01 -6.454767254844936963e-02
7.270507812500000000e-01 -6.459993236577452058e-02
7.271728515625000000e-01 -6.465215418062385255e-02
7.272949218750000000e-01 -6.470433796227624546e-02
7.274169921875000000e-01 -6.475648368003404654e-02
7.275390625000000000e-01 -6.480859130322029482e-02
7.276611328125000000e-01 -6.486066080118266242e-02
7.277832031250000000e-01 -6.491269214328897197e-02
7.279052734375000000e-01 -6.496468529893136001e-02
7.280273437500000000e-01 -6.501664023752312671e-02
7.281494140625000000e-01 -6.506855692850019302e-02
7.282714843750000000e-01 -6.512043534132185008e-02
7.283935546875000000e-01 -6.517227544546898288e-02
7.285156250000000000e-01 -6.522407721044599926e-02
7.286376953125000000e-01 -6.527584060577885927e-02
7.287597656250000000e-01 -6.532756560101611598e-02
7.288818359375000000e-01 -6.537925216572981757e-02
7.290039062500000000e-01 -6.543090026951374483e-02
7.291259765625000000e-01 -6.548250988198524303e-02
7.292480468750000000e-01 -6.553408097278327904e-02
7.293701171875000000e-01 -6.558561351156953767e-02
7.294921875000000000e-01 -6.563710746802951801e-02
7.296142578125000000e-01 -6.568856281186971624e-02
7.297363281250000000e-01 -6.573997951282145591e-02
7.298583984375000000e-01 -6.579135754063694663e-02
7.299804687500000000e-01 -6.584269686509150454e-02
7.301025390625000000e-01 -6.589399745598427394e-02
7.302246093750000000e-01 -6.594525928313552110e-02
7.303466796875000000e-01 -6.599648231639031193e-02
7.304687500000000000e-01 -6.604766652561454288e-02
7.305908203125000000e-01 -6.609881188069863245e-02
7.307128906250000000e-01 -6.614991835155469013e-02
7.308349609375000000e-01 -6.620098590811769601e-02
7.309570312500000000e-01 -6.625201452034652772e-02
7.310791015625000000e-01 -6.630300415822197591e-02
7.312011718750000000e-01 -6.635395479174872879e-02
7.313232421875000000e-01 -6.640486639095342924e-02
7.314453125000000000e-01 -6.645573892588572951e-02
7.315673828125000000e-01 -6.650657236661922100e-02
7.316894531250000000e-01 -6.655736668324951921e-02
7.318115234375000000e-01 -6.660812184589617879e-02
7.319335937500000000e-01 -6.665883782470083396e-02
7.320556640625000000e-01 -6.670951458982829485e-02
7.321777343750000000e-01 -6.676015211146744954e-02
7.322998046875000000e-01 -6.681075035982854404e-02
7.324218750000000000e-01 -6.686130930514712356e-02
7.325439453125000000e-01 -6.691182891768007734e-02
7.326660156250000000e-01 -6.696230916770767871e-02
7.327880859375000000e-01 -6.701275002553437610e-02
7.329101562500000000e-01 -6.706315146148623951e-02
7.330322265625000000e-01 -6.711351344591449941e-02
7.331542968750000000e-01 -6.716383594919157762e-02
7.332763671875000000e-01 -6.721411894171476498e-02
7.333984375000000000e-01 -6.726436239390351512e-02
7.335205078125000000e-01 -6.731456627620054090e-02
7.336425781250000000e-01 -6.736473055907271634e-02
7.337646484375000000e-01 -6.741485521300932815e-02
7.338867187500000000e-01 -6.746494020852390749e-02
7.340087890625000000e-01 -6.751498551615235655e-02
7.341308593750000000e-01 -6.756499110645394768e-02
7.342529296875000000e-01 -6.761495695001221162e-02
7.343750000000000000e-01 -6.766488301743318889e-02
7.344970703125000000e-01 -6.771476927934720613e-02
7.346191406250000000e-01 -6.776461570640711363e-02
7.347412109375000000e-01 -6.781442226928910411e-02
7.348632812500000000e-01 -6.786418893869407276e-02
7.349853515625000000e-01 -6.791391568534459189e-02
7.351074218750000000e-01 -6.796360247998885218e-02
7.352294921875000000e-01 -6.801324929339681857e-02
7.353515625000000000e-01 -6.806285609636215927e-02
7.354736328125000000e-01 -6.811242285970324495e-02
7.355957031250000000e-01 -6.816194955426027602e-02
7.357177734375000000e-01 -6.821143615089912682e-02
7.358398437500000000e-01 -6.826088262050708511e-02
7.359619140625000000e-01 -6.831028893399693214e-02
7.360839843750000000e-01 -6.835965506230377853e-02
7.362060546875000000e-01 -6.840898097638638264e-02
7.363281250000000000e-01 -6.845826664722820531e-02
7.364501953125000000e-01 -6.850751204583535592e-02
7.365722656250000000e-01 -6.855671714323861854e-02
7.366943359375000000e-01 -6.860588191049149520e-02
7.368164062500000000e-01 -6.865500631867127446e-02
7.369384765625000000e-01 -6.870409033887985017e-02
7.370605468750000000e-01 -6.875313394224205621e-02
7.371826171875000000e-01 -6.880213709990730397e-02
7.373046875000000000e-01 -6.885109978304793099e-02
7.374267578125000000e-01 -6.890002196286010294e-02
7.375488281250000000e-01 -6.894890361056491002e-02
7.376708984375000000e-01 -6.899774469740557747e-02
7.377929687500000000e-01 -6.904654519465128204e-02
7.379150390625000000e-01 -6.909530507359341878e-02
7.380371093750000000e-01 -6.914402430554741907e-02
7.381591796875000000e-01 -6.919270286185369434e-02
7.382812500000000000e-01 -6.924134071387505474e-02
7.384033203125000000e-01 -6.928993783300020637e-02
7.385253906250000000e-01 -6.933849419063978226e-02
7.386474609375000000e-01 -6.938700975823006156e-02
7.387695312500000000e-01 -6.943548450723020793e-02
7.388916015625000000e-01 -6.948391840912340744e-02
7.390136718750000000e-01 -6.953231143541781234e-02
7.391357421875000000e-01 -6.958066355764468136e-02
7.392578125000000000e-01 -6.962897474736023939e-02
7.393798828125000000e-01 -6.967724497614392887e-02
7.395019531250000000e-01 -6.972547421559920078e-02
7.396240234375000000e-01 -6.977366243735465268e-02
7.397460937500000000e-01 -6.982180961306193312e-02
7.398681640625000000e-01 -6.986991571439794824e-02
7.399902343750000000e-01 -6.991798071306271067e-02
7.401123046875000000e-01 -6.996600458078042206e-02
7.402343750000000000e-01 -7.001398728930065263e-02
7.403564453125000000e-01 -7.006192881039545461e-02
7.404785156250000000e-01 -7.010982911586324806e-02
7.406005859375000000e-01 -7.015768817752486564e-02
7.407226562500000000e-01 -7.020550596722577308e-02
7.408447265625000000e-01 -7.025328245683666595e-02
7.409667968750000000e-01 -7.030101761825098550e-02
7.410888671875000000e-01 -7.034871142338845751e-02
7.412109375000000000e-01 -7.039636384419109549e-02
7.413330078125000000e-01 -7.044397485262700320e-02
7.414550781250000000e-01 -7.049154442068747417e-02
7.415771484375000000e-01 -7.053907252038817133e-02
7.416992187500000000e-01 -7.058655912377004293e-02
7.418212890625000000e-01 -7.063400420289761561e-02
7.419433593750000000e-01 -7.068140772986079845e-02
7.420654296875000000e-01 -7.072876967677284299e-02
7.421875000000000000e-01 -7.077609001577157832e-02
7.423095703125000000e-01 -7.082336871902027153e-02
7.424316406250000000e-01 -7.087060575870569867e-02
7.425537109375000000e-01 -7.091780110704004603e-02
7.426757812500000000e-01 -7.096495473625917538e-02
7.427978515625000000e-01 -7.101206661862341507e-02
7.429199218750000000e-01 -7.105913672641887835e-02
7.430419921875000000e-01 -7.110616503195436866e-02
7.431640625000000000e-01 -7.115315150756557072e-02
7.432861328125000000e-01 -7.120009612561095658e-02
7.434082031250000000e-01 -7.124699885847388114e-02
7.435302734375000000e-01 -7.129385967856337325e-02
7.436523437500000000e-01 -7.134067855831149885e-02
7.437744140625000000e-01 -7.138745547017701087e-02
7.438964843750000000e-01 -7.143419038664140797e-02
7.440185546875000000e-01 -7.148088328021240390e-02
7.441406250000000000e-01 -7.152753412342142958e-02
7.442626953125000000e-01 -7.157414288882463227e-02
7.443847656250000000e-01 -7.162070954900384701e-02
7.445068359375000000e-01 -7.166723407656466760e-02
7.446289062500000000e-01 -7.171371644413855606e-02
7.447509765625000000e-01 -7.176015662438070541e-02
7.448730468750000000e-01 -7.180655458997123319e-02
7.449951171875000000e-01 -7.185291031361590308e-02
7.451171875000000000e-01 -7.189922376804448734e-02
7.452392578125000000e-01 -7.194549492601258478e-02
7.453613281250000000e-01 -7.199172376029965015e-02
7.454833984375000000e-01 -7.203791024371007656e-02
7.456054687500000000e-01 -7.208405434907425025e-02
7.457275390625000000e-01 -7.213015604924592761e-02
7.458496093750000000e-01 -7.217621531710576022e-02
7.459716796875000000e-01 -7.222223212555771432e-02
7.460937500000000000e-01 -7.226820644753086109e-02
7.462158203125000000e-01 -7.231413825598051459e-02
7.463378906250000000e-01 -7.236002752388519255e-02
7.464599609375000000e-01 -7.240587422425054376e-02
7.465820312500000000e-01 -7.245167833010521252e-02
7.467041015625000000e-01 -7.249743981450459951e-02
7.468261718750000000e-01 -7.254315865052797518e-02
7.469482421875000000e-01 -7.258883481127978432e-02
7.470703125000000000e-01 -7.263446826989045091e-02
7.471923828125000000e-01 -7.268005899951464344e-02
7.473144531250000000e-01 -7.272560697333309288e-02
7.474365234375000000e-01 -7.277111216455067755e-02
7.475585937500000000e-01 -7.281657454639749172e-02
7.476806640625000000e-01 -7.286199409212976152e-02
7.478027343750000000e-01 -7.290737077502799923e-02
7.479248046875000000e-01 -7.295270456839876572e-02
7.480468750000000000e-01 -7.299799544557304676e-02
7.481689453125000000e-01 -7.304324337990696081e-02
7.482910156250000000e-01 -7.308844834478313290e-02
7.484130859375000000e-01 -7.313361031360761377e-02
7.485351562500000000e-01 -7.317872925981397381e-02
7.486572265625000000e-01 -7.322380515685932012e-02
7.487792968750000000e-01 -7.326883797822630884e-02
7.489013671875000000e-01 -7.331382769742399164e-02
7.490234375000000000e-01 -7.335877428798515121e-02
7.491455078125000000e-01 -7.340367772347003439e-02
7.492675781250000000e-01 -7.344853797746214719e-02
7.493896484375000000e-01 -7.349335502357211281e-02
7.495117187500000000e-01 -7.353812883543482670e-02
7.496337890625000000e-01 -7.358285938671062232e-02
7.497558593750000000e-01 -7.362754665108627028e-02
7.498779296875000000e-01 -7.367219060227298000e-02
7.500000000000000000e-01 -7.371679121400834256e-02
7.501220703125000000e-01 -7.376134846005470702e-02
7.502441406250000000e-01 -7.380586231420015186e-02
7.503662109375000000e-01 -7.385033275025817967e-02
7.504882812500000000e-01 -7.389475974206835551e-02
7.506103515625000000e-01 -7.393914326349525223e-02
7.507324218750000000e-01 -7.398348328842915822e-02
7.508544921875000000e-01 -7.402777979078598025e-02
7.509765625000000000e-01 -7.407203274450722963e-02
7.510986328125000000e-01 -7.411624212355984176e-02
7.512207031250000000e-01 -7.416040790193699495e-02
7.513427734375000000e-01 -7.420453005365688914e-02
7.514648437500000000e-01 -7.424860855276356475e-02
7.515869140625000000e-01 -7.429264337332680546e-02
7.517089843750000000e-01 -7.433663448944188845e-02
7.518310546875000000e-01 -7.438058187523029219e-02
7.519531250000000000e-01 -7.442448550483878045e-02
7.520751953125000000e-01 -7.446834535243994357e-02
7.521972656250000000e-01 -7.451216139223218460e-02
7.523193359375000000e-01 -7.455593359843962209e-02
7.524414062500000000e-01 -7.459966194531204853e-02
7.525634765625000000e-01 -7.464334640712552704e-02
7.526855468750000000e-01 -7.468698695818150324e-02
7.528076171875000000e-01 -7.473058357280730479e-02
7.529296875000000000e-01 -7.477413622535615534e-02
7.530517578125000000e-01 -7.481764489020698017e-02
7.531738281250000000e-01 -7.486110954176518339e-02
7.532958984375000000e-01 -7.490453015446139895e-02
7.534179687500000000e-01 -7.494790670275236488e-02
7.535400390625000000e-01 -7.499123916112082622e-02
7.536621093750000000e-01 -7.503452750407542393e-02
7.537841796875000000e-01 -7.507777170615044515e-02
7.539062500000000000e-01 -7.512097174190694726e-02
7.540283203125000000e-01 -7.516412758593121746e-02
7.541503906250000000e-01 -7.520723921283582747e-02
7.542724609375000000e-01 -7.525030659725921722e-02
7.543945312500000000e-01 -7.529332971386587525e-02
7.545166015625000000e-01 -7.533630853734671340e-02
7.546386718750000000e-01 -7.537924304241826190e-02
7.547607421875000000e-01 -7.542213320382321062e-02
7.548828125000000000e-01 -7.546497899633040907e-02
7.550048828125000000e-01 -7.550778039473476921e-02
7.551269531250000000e-01 -7.555053737385718227e-02
7.552490234375000000e-01 -7.559324990854514315e-02
7.553710937500000000e-01 -7.563591797367180680e-02
7.554931640625000000e-01 -7.567854154413664047e-02
7.556152343750000000e-01 -7.572112059486528490e-02
7.557373046875000000e-01 -7.576365510080941557e-02
7.558593750000000000e-01 -7.580614503694743656e-02
7.559814453125000000e-01 -7.584859037828346751e-02
7.561035156250000000e-01 -7.589099109984795422e-02
7.562255859375000000e-01 -7.593334717669766865e-02
7.563476562500000000e-01 -7.597565858391562565e-02
7.564697265625000000e-01 -7.601792529661090259e-02
7.565917968750000000e-01 -7.606014728991948581e-02
7.567138671875000000e-01 -7.610232453900306338e-02
7.568359375000000000e-01 -7.614445701904982988e-02
7.569580078125000000e-01 -7.618654470527437550e-02
7.570800781250000000e-01 -7.622858757291738063e-02
7.572021484375000000e-01 -7.627058559724650411e-02
7.573242187500000000e-01 -7.631253875355517580e-02
7.574462890625000000e-01 -7.635444701716342930e-02
7.575683593750000000e-01 -7.639631036341779091e-02
7.576904296875000000e-01 -7.643812876769101594e-02
7.578125000000000000e-01 -7.647990220538229689e-02
7.579345703125000000e-01 -7.652163065191773528e-02
7.580566406250000000e-01 -7.656331408274946737e-02
7.581787109375000000e-01 -7.660495247335608049e-02
7.583007812500000000e-01 -7.664654579924286282e-02
7.584228515625000000e-01 -7.668809403594130381e-02
7.585449218750000000e-01 -7.672959715901005173e-02
7.586669921875000000e-01 -7.677105514403369246e-02
7.587890625000000000e-01 -7.681246796662351273e-02
7.589111328125000000e-01 -7.685383560241748624e-02
7.590332031250000000e-01 -7.689515802708007941e-02
7.591552734375000000e-01 -7.693643521630216808e-02
7.592773437500000000e-01 -7.697766714580184244e-02
7.593994140625000000e-01 -7.701885379132319964e-02
7.595214843750000000e-01 -7.705999512863724588e-02
7.596435546875000000e-01 -7.710109113354153554e-02
7.597656250000000000e-01 -7.714214178186017123e-02
7.598876953125000000e-01 -7.718314704944456706e-02
7.600097656250000000e-01 -7.722410691217211631e-02
7.601318359375000000e-01 -7.726502134594719073e-02
7.602539062500000000e-01 -7.730589032670090455e-02
7.603759765625000000e-01 -7.734671383039107284e-02
7.604980468750000000e-01 -7.738749183300212831e-02
7.606201171875000000e-01 -7.742822431054574572e-02
7.607421875000000000e-01 -7.746891123905988441e-02
7.608642578125000000e-01 -7.750955259460950986e-02
7.609863281250000000e-01 -7.755014835328634393e-02
7.611083984375000000e-01 -7.759069849120873996e-02
7.612304687500000000e-01 -7.763120298452244605e-02
7.613525390625000000e-01 -7.767166180939959197e-02
7.614746093750000000e-01 -7.771207494203925814e-02
7.615966796875000000e-01 -7.775244235866746179e-02
7.617187500000000000e-01 -7.779276403553703201e-02
7.618408203125000000e-01 -7.783303994892763755e-02
7.619628906250000000e-01 -7.787327007514636967e-02
7.620849609375000000e-01 -7.791345439052667354e-02
7.622070312500000000e-01 -7.795359287142913929e-02
7.623291015625000000e-01 -7.799368549424136321e-02
7.624511718750000000e-01 -7.803373223537767023e-02
7.625732421875000000e-01 -7.807373307128001594e-02
7.626953125000000000e-01 -7.811368797841669598e-02
7.628173828125000000e-01 -7.815359693328330359e-02
7.629394531250000000e-01 -7.819345991240245208e-02
7.630615234375000000e-01 -7.823327689232370541e-02
7.631835937500000000e-01 -7.827304784962359208e-02
7.633056640625000000e-01 -7.831277276090629902e-02
7.634277343750000000e-01 -7.835245160280250587e-02
7.635498046875000000e-01 -7.839208435197009273e-02
7.636718750000000000e-01 -7.843167098509420954e-02
7.637939453125000000e-01 -7.847121147888683201e-02
7.639160156250000000e-01 -7.851070581008773308e-02
7.640380859375000000e-01 -7.855015395546315060e-02
7.641601562500000000e-01 -7.858955589180681434e-02
7.642822265625000000e-01 -7.862891159593955737e-02
7.644042968750000000e-01 -7.866822104470945487e-02
7.645263671875000000e-01 -7.870748421499153269e-02
7.646484375000000000e-01 -7.874670108368868326e-02
7.647705078125000000e-01 -7.878587162773051378e-02
7.648925781250000000e-01 -7.882499582407387351e-02
7.650146484375000000e-01 -7.886407364970311751e-02
7.651367187500000000e-01 -7.890310508162949599e-02
7.652587890625000000e-01 -7.894209009689226453e-02
7.653808593750000000e-01 -7.898102867255732407e-02
7.655029296875000000e-01 -7.901992078571810907e-02
7.656250000000000000e-01 -7.905876641349540712e-02
7.657470703125000000e-01 -7.909756553303731730e-02
7.658691406250000000e-01 -7.913631812151915301e-02
7.659912109375000000e-01 -7.917502415614412203e-02
7.661132812500000000e-01 -7.921368361414227177e-02
7.662353515625000000e-01 -7.925229647277128031e-02
7.663574218750000000e-01 -7.929086270931613722e-02
7.664794921875000000e-01 -7.932938230108915745e-02
7.666015625000000000e-01 -7.936785522543060578e-02
7.667236328125000000e-01 -7.940628145970772545e-02
7.668457031250000000e-01 -7.944466098131537646e-02
7.669677734375000000e-01 -7.948299376767575808e-02
7.670898437500000000e-01 -7.952127979623872800e-02
7.672119140625000000e-01 -7.955951904448145540e-02
7.673339843750000000e-01 -7.959771148990911482e-02
7.674560546875000000e-01 -7.963585711005388701e-02
7.675781250000000000e-01 -7.967395588247569438e-02
7.677001953125000000e-01 -7.971200778476202065e-02
7.678222656250000000e-01 -7.975001279452771652e-02
7.679443359375000000e-01 -7.978797088941579074e-02
7.680664062500000000e-01 -7.982588204709627211e-02
7.681884765625000000e-01 -7.986374624526701438e-02
7.683105468750000000e-01 -7.990156346165352974e-02
7.684326171875000000e-01 -7.993933367400882228e-02
7.685546875000000000e-01 -7.997705686011351289e-02
7.686767578125000000e-01 -8.001473299777640824e-02
7.687988281250000000e-01 -8.005236206483345995e-02
7.689208984375000000e-01 -8.008994403914841687e-02
7.690429687500000000e-01 -8.012747889861271400e-02
7.691650390625000000e-01 -8.016496662114544480e-02
7.692871093750000000e-01 -8.020240718469393015e-02
7.694091796875000000e-01 -8.023980056723259424e-02
7.695312500000000000e-01 -8.027714674676393602e-02
7.696533203125000000e-01 -8.031444570131815452e-02
7.697753906250000000e-01 -8.035169740895324597e-02
7.698974609375000000e-01 -8.038890184775474013e-02
7.700195312500000000e-01 -8.042605899583664397e-02
7.701416015625000000e-01 -8.046316883134017883e-02
7.702636718750000000e-01 -8.050023133243458529e-02
7.703857421875000000e-01 -8.053724647731695663e-02
7.705078125000000000e-01 -8.057421424421200296e-02
7.706298828125000000e-01 -8.061113461137295322e-02
7.707519531250000000e-01 -8.064800755708033397e-02
7.708740234375000000e-01 -8.068483305964270491e-02
7.709960937500000000e-01 -8.072161109739660334e-02
7.711181640625000000e-01 -8.075834164870641929e-02
7.712402343750000000e-01 -8.079502469196432612e-02
7.713623046875000000e-01 -8.083166020559108544e-02
7.714843750000000000e-01 -8.086824816803467320e-02
7.716064453125000000e-01 -8.090478855777143152e-02
7.717285156250000000e-01 -8.094128135330554141e-02
7.718505859375000000e-01 -8.097772653316902269e-02
7.719726562500000000e-01 -8.101412407592255283e-02
7.720947265625000000e-01 -8.105047396015413463e-02
7.722167968750000000e-01 -8.108677616448016490e-02
7.723388671875000000e-01 -8.112303066754487924e-02
7.724609375000000000e-01 -8.115923744802076845e-02
7.725830078125000000e-01 -8.119539648460809278e-02
7.727050781250000000e-01 -8.123150775603581175e-02
7.728271484375000000e-01 -8.126757124106040453e-02
7.729492187500000000e-01 -8.130358691846660546e-02
7.730712890625000000e-01 -8.133955476706739018e-02
7.731933593750000000e-01 -8.137547476570361482e-02
7.733154296875000000e-01 -8.141134689324477924e-02
7.734375000000000000e-01 -8.144717112858811114e-02
7.735595703125000000e-01 -8.148294745065909339e-02
7.736816406250000000e-01 -8.151867583841149179e-02
7.738037109375000000e-01 -8.155435627082711914e-02
7.739257812500000000e-01 -8.158998872691594628e-02
7.740478515625000000e-01 -8.162557318571679599e-02
7.741699218750000000e-01 -8.166110962629594128e-02
7.742919921875000000e-01 -8.169659802774825730e-02
7.744140625000000000e-01 -8.173203836919676335e-02
7.745361328125000000e-01 -8.176743062979273391e-02
7.746582031250000000e-01 -8.180277478871617047e-02
7.747802734375000000e-01 -8.183807082517476073e-02
7.749023437500000000e-01 -8.187331871840480835e-02
7.750244140625000000e-01 -8.190851844767088608e-02
7.751464843750000000e-01 -8.194366999226587733e-02
7.752685546875000000e-01 -8.197877333151086521e-02
7.753906250000000000e-01 -8.201382844475578471e-02
7.755126953125000000e-01 -8.204883531137852071e-02
7.756347656250000000e-01 -8.208379391078536591e-02
7.757568359375000000e-01 -8.211870422241111800e-02
7.758789062500000000e-01 -8.215356622571870493e-02
7.760009765625000000e-01 -8.218837990020010087e-02
7.761230468750000000e-01 -8.222314522537520209e-02
7.762451171875000000e-01 -8.225786218079232659e-02
7.763671875000000000e-01 -8.229253074602846385e-02
7.764892578125000000e-01 -8.232715090068901120e-02
7.766113281250000000e-01 -8.236172262440762115e-02
7.767333984375000000e-01 -8.239624589684697853e-02
7.768554687500000000e-01 -8.243072069769775967e-02
7.769775390625000000e-01 -8.246514700667936792e-02
7.770996093750000000e-01 -8.249952480353964224e-02
7.772216796875000000e-01 -8.253385406805481550e-02
7.773437500000000000e-01 -8.256813478003027784e-02
7.774658203125000000e-01 -8.260236691929939701e-02
7.775878906250000000e-01 -8.263655046572425389e-02
7.777099609375000000e-01 -8.267068539919553150e-02
7.778320312500000000e-01 -8.270477169963258435e-02
7.779541015625000000e-01 -8.273880934698309153e-02
7.780761718750000000e-01 -8.277279832122395875e-02
7.781982421875000000e-01 -8.280673860236016648e-02
7.783203125000000000e-01 -8.284063017042551935e-02
7.784423828125000000e-01 -8.287447300548249352e-02
7.785644531250000000e-01 -8.290826708762204234e-02
7.786865234375000000e-01 -8.294201239696431804e-02
7.788085937500000000e-01 -8.297570891365764478e-02
7.789306640625000000e-01 -8.300935661787924025e-02
7.790527343750000000e-01 -8.304295548983509079e-02
7.791748046875000000e-01 -8.307650550975970161e-02
7.792968750000000000e-01 -8.311000665791637432e-02
7.794189453125000000e-01 -8.314345891459760940e-02
7.795410156250000000e-01 -8.317686226012412087e-02
7.796630859375000000e-01 -8.321021667484557183e-02
7.797851562500000000e-01 -8.324352213914039400e-02
7.799072265625000000e-01 -8.327677863341566289e-02
7.800292968750000000e-01 -8.330998613810784714e-02
7.801513671875000000e-01 -8.334314463368164283e-02
7.802734375000000000e-01 -8.337625410063072284e-02
7.803955078125000000e-01 -8.340931451947763975e-02
7.805175781250000000e-01 -8.344232587077389518e-02
7.806396484375000000e-01 -8.347528813509938472e-02
7.807617187500000000e-01 -8.350820129306378570e-02
7.808837890625000000e-01 -8.354106532530491958e-02
7.810058593750000000e-01 -8.357388021248973731e-02
7.811279296875000000e-01 -8.360664593531404176e-02
7.812500000000000000e-01 -8.363936247450259875e-02
7.813720703125000000e-01 -8.367202981080894275e-02
7.814941406250000000e-01 -8.370464792501612628e-02
7.816162109375000000e-01 -8.373721679793554029e-02
7.817382812500000000e-01 -8.376973641040774687e-02
7.818603515625000000e-01 -8.380220674330231267e-02
7.819824218750000000e-01 -8.383462777751754524e-02
7.821044921875000000e-01 -8.386699949398142284e-02
7.822265625000000000e-01 -8.389932187365028993e-02
7.823486328125000000e-01 -8.393159489750968982e-02
7.824707031250000000e-01 -8.396381854657429533e-02
7.825927734375000000e-01 -8.399599280188772832e-02
7.827148437500000000e-01 -8.402811764452250420e-02
7.828369140625000000e-01 -8.406019305558079524e-02
7.829589843750000000e-01 -8.409221901619327866e-02
7.830810546875000000e-01 -8.412419550751988606e-02
7.832031250000000000e-01 -8.415612251074970629e-02
7.833251953125000000e-01 -8.418800000710069398e-02
7.834472656250000000e-01 -8.421982797782055774e-02
7.835693359375000000e-01 -8.425160640418546953e-02
7.836914062500000000e-01 -8.428333526750100835e-02
7.838134765625000000e-01 -8.431501454910195203e-02
7.839355468750000000e-01 -8.434664423035218017e-02
7.840576171875000000e-01 -8.437822429264452140e-02
7.841796875000000000e-01 -8.440975471740166935e-02
7.843017578125000000e-01 -8.444123548607489205e-02
7.844238281250000000e-01 -8.447266658014486451e-02
7.845458984375000000e-01 -8.450404798112147453e-02
7.846679687500000000e-01 -8.453537967054365609e-02
7.847900390625000000e-01 -8.456666162998018044e-02
7.849121093750000000e-01 -8.459789384102849030e-02
7.850341796875000000e-01 -8.462907628531546322e-02
7.851562500000000000e-01 -8.466020894449724499e-02
7.852783203125000000e-01 -8.469129180025937453e-02
7.854003906250000000e-01 -8.472232483431638150e-02
7.855224609375000000e-01 -8.475330802841267441e-02
7.856445312500000000e-01 -8.478424136432148595e-02
7.857666015625000000e-01 -8.481512482384548357e-02
7.858886718750000000e-01 -8.484595838881681118e-02
7.860107421875000000e-01 -8.487674204109660336e-02
7.861328125000000000e-01 -8.490747576257606788e-02
7.862548828125000000e-01 -8.493815953517509787e-02
7.863769531250000000e-01 -8.496879334084329882e-02
7.864990234375000000e-01 -8.499937716155958611e-02
7.866210937500000000e-01 -8.502991097933217113e-02
7.867431640625000000e-01 -8.506039477619871392e-02
7.868652343750000000e-01 -8.509082853422676729e-02
7.869873046875000000e-01 -8.512121223551263882e-02
7.871093750000000000e-01 -8.515154586218250110e-02
7.872314453125000000e-01 -8.518182939639180884e-02
7.873535156250000000e-01 -8.521206282032535440e-02
7.874755859375000000e-01 -8.524224611619797554e-02
7.875976562500000000e-01 -8.527237926625343134e-02
7.877197265625000000e-01 -8.530246225276512384e-02
7.878417968750000000e-01 -8.533249505803609802e-02
7.879638671875000000e-01 -8.536247766439873652e-02
7.880859375000000000e-01 -8.539241005421485675e-02
7.882080078125000000e-01 -8.542229220987650196e-02
7.883300781250000000e-01 -8.545212411380447015e-02
7.884521484375000000e-01 -8.548190574844941048e-02
7.885742187500000000e-01 -8.551163709629160115e-02
7.886962890625000000e-01 -8.554131813984067190e-02
7.888183593750000000e-01 -8.557094886163642278e-02
7.889404296875000000e-01 -8.560052924424761678e-02
7.890625000000000000e-01 -8.563005927027289577e-02
7.891845703125000000e-01 -8.565953892234051681e-02
7.893066406250000000e-01 -8.568896818310840768e-02
7.894287109375000000e-01 -8.571834703526379218e-02
7.895507812500000000e-01 -8.574767546152432807e-02
7.896728515625000000e-01 -8.577695344463660831e-02
7.897949218750000000e-01 -8.580618096737721578e-02
7.899169921875000000e-01 -8.583535801255225139e-02
7.900390625000000000e-01 -8.586448456299750065e-02
7.901611328125000000e-01 -8.589356060157890549e-02
7.902832031250000000e-01 -8.592258611119166223e-02
7.904052734375000000e-01 -8.595156107476070728e-02
7.905273437500000000e-01 -8.598048547524086982e-02
7.906494140625000000e-01 -8.600935929561670523e-02
7.907714843750000000e-01 -8.603818251890220370e-02
7.908935546875000000e-01 -8.606695512814187266e-02
7.910156250000000000e-01 -8.609567710640927962e-02
7.911376953125000000e-01 -8.612434843680810692e-02
7.912597656250000000e-01 -8.615296910247163820e-02
7.913818359375000000e-01 -8.618153908656298046e-02
7.915039062500000000e-01 -8.621005837227545265e-02
7.916259765625000000e-01 -8.623852694283176690e-02
7.917480468750000000e-01 -8.626694478148455580e-02
7.918701171875000000e-01 -8.629531187151634475e-02
7.919921875000000000e-01 -8.632362819623951022e-02
7.921142578125000000e-01 -8.635189373899608556e-02
7.922363281250000000e-01 -8.638010848315862134e-02
7.923583984375000000e-01 -8.640827241212882537e-02
7.924804687500000000e-01 -8.643638550933863129e-02
7.926025390625000000e-01 -8.646444775824985163e-02
7.927246093750000000e-01 -8.649245914235396959e-02
7.928466796875000000e-01 -8.652041964517297179e-02
7.929687500000000000e-01 -8.654832925025825185e-02
7.930908203125000000e-01 -8.657618794119131822e-02
7.932128906250000000e-01 -8.660399570158358595e-02
7.933349609375000000e-01 -8.663175251507651553e-02
7.934570312500000000e-01 -8.665945836534123814e-02
7.935791015625000000e-01 -8.668711323607955488e-02
7.937011718750000000e-01 -8.671471711102257673e-02
7.938232421875000000e-01 -8.674226997393170990e-02
7.939453125000000000e-01 -8.676977180859823946e-02
7.940673828125000000e-01 -8.679722259884341262e-02
7.941894531250000000e-01 -8.682462232851902162e-02
7.943115234375000000e-01 -8.685197098150627959e-02
7.944335937500000000e-01 -8.687926854171670876e-02
7.945556640625000000e-01 -8.690651499309182126e-02
7.946777343750000000e-01 -8.693371031960335504e-02
7.947998046875000000e-01 -8.696085450525260774e-02
7.949218750000000000e-01 -8.698794753407190772e-02
7.950439453125000000e-01 -8.701498939012282385e-02
7.951660156250000000e-01 -8.704198005749745615e-02
7.952880859375000000e-01 -8.706891952031772797e-02
7.954101562500000000e-01 -8.709580776273577463e-02
7.955322265625000000e-01 -8.712264476893423482e-02
7.956542968750000000e-01 -8.714943052312547345e-02
7.957763671875000000e-01 -8.717616500955212289e-02
7.958984375000000000e-01 -8.720284821248684703e-02
7.960205078125000000e-01 -8.722948011623285480e-02
7.961425781250000000e-01 -8.725606070512281764e-02
7.962646484375000000e-01 -8.728258996352060428e-02
7.963867187500000000e-01 -8.730906787581946271e-02
7.965087890625000000e-01 -8.733549442644317207e-02
7.966308593750000000e-01 -8.736186959984570954e-02
7.967529296875000000e-01 -8.738819338051095897e-02
7.968750000000000000e-01 -8.741446575295373778e-02
7.969970703125000000e-01 -8.744068670171850632e-02
7.971191406250000000e-01 -8.746685621138017286e-02
7.972412109375000000e-01 -8.749297426654384369e-02
7.973632812500000000e-01 -8.751904085184494808e-02
7.974853515625000000e-01 -8.754505595194901624e-02
7.976074218750000000e-01 -8.757101955155242867e-02
7.977294921875000000e-01 -8.759693163538122274e-02
7.978515625000000000e-01 -8.762279218819205018e-02
7.979736328125000000e-01 -8.764860119477174694e-02
7.980957031250000000e-01 -8.767435863993744416e-02
7.982177734375000000e-01 -8.770006450853699842e-02
7.983398437500000000e-01 -8.772571878544811741e-02
7.984619140625000000e-01 -8.775132145557912322e-02
7.985839843750000000e-01 -8.777687250386854989e-02
7.987060546875000000e-01 -8.780237191528542096e-02
7.988281250000000000e-01 -8.782781967482884700e-02
7.989501953125000000e-01 -8.785321576752902484e-02
7.990722656250000000e-01 -8.787856017844584977e-02
7.991943359375000000e-01 -8.790385289266985924e-02
7.993164062500000000e-01 -8.792909389532201081e-02
7.994384765625000000e-01 -8.795428317155344622e-02
7.995605468750000000e-01 -8.797942070654642122e-02
7.996826171875000000e-01 -8.800450648551290389e-02
7.998046875000000000e-01 -8.802954049369560163e-02
7.999267578125000000e-01 -8.805452271636765582e-02
8.000488281250000000e-01 -8.807945313883269733e-02
8.001708984375000000e-01 -8.810433174642458287e-02
8.002929687500000000e-01 -8.812915852450825538e-02
8.004150390625000000e-01 -8.815393345847855056e-02
8.005371093750000000e-01 -8.817865653376104340e-02
8.006591796875000000e-01 -8.820332773581174290e-02
8.007812500000000000e-01 -8.822794705011703653e-02
8.009033203125000000e-01 -8.825251446219446738e-02
8.010253906250000000e-01 -8.827702995759137417e-02
8.011474609375000000e-01 -8.830149352188602918e-02
8.012695312500000000e-01 -8.832590514068702769e-02
8.013916015625000000e-01 -8.835026479963370427e-02
8.015136718750000000e-01 -8.837457248439571644e-02
8.016357421875000000e-01 -8.839882818067386350e-02
8.017578125000000000e-01 -8.842303187419889299e-02
8.018798828125000000e-01 -8.844718355073249993e-02
8.020019531250000000e-01 -8.847128319606678559e-02
8.021240234375000000e-01 -8.849533079602435459e-02
8.022460937500000000e-01 -8.851932633645909210e-02
8.023681640625000000e-01 -8.854326980325476215e-02
8.024902343750000000e-01 -8.856716118232610402e-02
8.026123046875000000e-01 -8.859100045961840197e-02
8.027343750000000000e-01 -8.861478762110758245e-02
8.028564453125000000e-01 -8.863852265280015852e-02
8.029785156250000000e-01 -8.866220554073379889e-02
8.031005859375000000e-01 -8.868583627097620381e-02
8.032226562500000000e-01 -8.870941482962610425e-02
8.033447265625000000e-01 -8.873294120281276232e-02
8.034667968750000000e-01 -8.875641537669613779e-02
8.035888671875000000e-01 -8.877983733746727668e-02
8.037109375000000000e-01 -8.880320707134742308e-02
8.038330078125000000e-01 -8.882652456458887957e-02
8.039550781250000000e-01 -8.884978980347446598e-02
8.040771484375000000e-01 -8.887300277431789408e-02
8.041992187500000000e-01 -8.889616346346332354e-02
8.043212890625000000e-01 -8.891927185728638883e-02
8.044433593750000000e-01 -8.894232794219275595e-02
8.045654296875000000e-01 -8.896533170461912166e-02
8.046875000000000000e-01 -8.898828313103299137e-02
8.048095703125000000e-01 -8.901118220793245717e-02
8.049316406250000000e-01 -8.903402892184696105e-02
8.050537109375000000e-01 -8.905682325933611532e-02
8.051757812500000000e-01 -8.907956520699067404e-02
8.052978515625000000e-01 -8.910225475143210283e-02
8.054199218750000000e-01 -8.912489187931277312e-02
8.055419921875000000e-01 -8.914747657731551811e-02
8.056640625000000000e-01 -8.917000883215488172e-02
8.057861328125000000e-01 -8.919248863057543941e-02
8.059082031250000000e-01 -8.921491595935296393e-02
8.060302734375000000e-01 -8.923729080529398117e-02
8.061523437500000000e-01 -8.925961315523574247e-02
8.062744140625000000e-01 -8.928188299604705724e-02
8.063964843750000000e-01 -8.930410031462686360e-02
8.065185546875000000e-01 -8.932626509790533853e-02
8.066406250000000000e-01 -8.934837733284348160e-02
8.067626953125000000e-01 -8.937043700643329536e-02
8.068847656250000000e-01 -8.939244410569736898e-02
8.070068359375000000e-01 -8.941439861768994690e-02
8.071289062500000000e-01 -8.943630052949549936e-02
8.072509765625000000e-01 -8.945814982822972161e-02
8.073730468750000000e-01 -8.947994650103925640e-02
8.074951171875000000e-01 -8.950169053510144412e-02
8.076171875000000000e-01 -8.952338191762526654e-02
8.077392578125000000e-01 -8.954502063585002836e-02
8.078613281250000000e-01 -8.956660667704624545e-02
8.079833984375000000e-01 -8.958814002851533953e-02
8.081054687500000000e-01 -8.960962067758988792e-02
8.082275390625000000e-01 -8.963104861163311010e-02
8.083496093750000000e-01 -8.965242381803995020e-02
8.084716796875000000e-01 -8.967374628423566141e-02
8.085937500000000000e-01 -8.969501599767684685e-02
8.087158203125000000e-01 -8.971623294585107100e-02
8.088378906250000000e-01 -8.973739711627674864e-02
8.089599609375000000e-01 -8.975850849650390817e-02
8.090820312500000000e-01 -8.977956707411312298e-02
8.092041015625000000e-01 -8.980057283671614987e-02
8.093261718750000000e-01 -8.982152577195580412e-02
8.094482421875000000e-01 -8.984242586750609827e-02
8.095703125000000000e-01 -8.986327311107174254e-02
8.096923828125000000e-01 -8.988406749038933830e-02
8.098144531250000000e-01 -8.990480899322582375e-02
8.099365234375000000e-01 -8.992549760737950093e-02
8.100585937500000000e-01 -8.994613332067985523e-02
8.101806640625000000e-01 -8.996671612098712523e-02
8.103027343750000000e-01 -8.998724599619353781e-02
8.104248046875000000e-01 -9.000772293422153181e-02
8.105468750000000000e-01 -9.002814692302510413e-02
8.106689453125000000e-01 -9.004851795058944897e-02
8.107910156250000000e-01 -9.006883600493070796e-02
8.109130859375000000e-01 -9.008910107409608126e-02
8.110351562500000000e-01 -9.010931314616461851e-02
8.111572265625000000e-01 -9.012947220924580338e-02
8.112792968750000000e-01 -9.014957825148067760e-02
8.114013671875000000e-01 -9.016963126104129977e-02
8.115234375000000000e-01 -9.018963122613077310e-02
8.116455078125000000e-01 -9.020957813498414746e-02
8.117675781250000000e-01 -9.022947197586687895e-02
8.118896484375000000e-01 -9.024931273707599566e-02
8.120117187500000000e-01 -9.026910040693958415e-02
8.121337890625000000e-01 -9.028883497381717804e-02
8.122558593750000000e-01 -9.030851642609920293e-02
8.123779296875000000e-01 -9.032814475220794781e-02
8.125000000000000000e-01 -9.034771994059637157e-02
8.126220703125000000e-01 -9.036724197974890793e-02
8.127441406250000000e-01 -9.038671085818131279e-02
8.128662109375000000e-01 -9.040612656444020623e-02
8.129882812500000000e-01 -9.042548908710436317e-02
8.131103515625000000e-01 -9.044479841478302029e-02
8.132324218750000000e-01 -9.046405453611705560e-02
8.133544921875000000e-01 -9.048325743977850277e-02
8.134765625000000000e-01 -9.050240711447093966e-02
8.135986328125000000e-01 -9.052150354892873896e-02
8.137207031250000000e-01 -9.054054673191849756e-02
8.138427734375000000e-01 -9.055953665223728799e-02
8.139648437500000000e-01 -9.057847329871389352e-02
8.140869140625000000e-01 -9.059735666020835021e-02
8.142089843750000000e-01 -9.061618672561193299e-02
8.143310546875000000e-01 -9.063496348384768309e-02
8.144531250000000000e-01 -9.065368692386957528e-02
8.145751953125000000e-01 -9.067235703466314245e-02
8.146972656250000000e-01 -9.069097380524510088e-02
8.148193359375000000e-01 -9.070953722466387759e-02
8.149414062500000000e-01 -9.072804728199870827e-02
8.150634765625000000e-01 -9.074650396636110838e-02
8.151855468750000000e-01 -9.076490726689323552e-02
8.153076171875000000e-01 -9.078325717276894413e-02
8.154296875000000000e-01 -9.080155367319343862e-02
8.155517578125000000e-01 -9.081979675740312064e-02
8.156738281250000000e-01 -9.083798641466654666e-02
8.157958984375000000e-01 -9.085612263428295698e-02
8.159179687500000000e-01 -9.087420540558323323e-02
8.160400390625000000e-01 -9.089223471792980125e-02
8.161621093750000000e-01 -9.091021056071652007e-02
8.162841796875000000e-01 -9.092813292336833497e-02
8.164062500000000000e-01 -9.094600179534249873e-02
8.165283203125000000e-01 -9.096381716612698953e-02
8.166503906250000000e-01 -9.098157902524148244e-02
8.167724609375000000e-01 -9.099928736223711345e-02
8.168945312500000000e-01 -9.101694216669635462e-02
8.170166015625000000e-01 -9.103454342823372181e-02
8.171386718750000000e-01 -9.105209113649460895e-02
8.172607421875000000e-01 -9.106958528115621787e-02
8.173828125000000000e-01 -9.108702585192710033e-02
8.175048828125000000e-01 -9.110441283854753269e-02
8.176269531250000000e-01 -9.112174623078896085e-02
8.177490234375000000e-01 -9.113902601845495777e-02
8.178710937500000000e-01 -9.115625219138005775e-02
8.179931640625000000e-01 -9.117342473943063075e-02
8.181152343750000000e-01 -9.119054365250446603e-02
8.182373046875000000e-01 -9.120760892053071667e-02
8.183593750000000000e-01 -9.122462053347077382e-02
8.184814453125000000e-01 -9.124157848131690673e-02
8.186035156250000000e-01 -9.125848275409323418e-02
8.187255859375000000e-01 -9.127533334185533587e-02
8.188476562500000000e-01 -9.129213023469054389e-02
8.189697265625000000e-01 -9.130887342271737372e-02
8.190917968750000000e-01 -9.132556289608674549e-02
8.192138671875000000e-01 -9.134219864498037411e-02
8.193359375000000000e-01 -9.135878065961189343e-02
8.194580078125000000e-01 -9.137530893022660639e-02
8.195800781250000000e-01 -9.139178344710109647e-02
8.197021484375000000e-01 -9.140820420054428241e-02
8.198242187500000000e-01 -9.142457118089594714e-02
8.199462890625000000e-01 -9.144088437852793128e-02
8.200683593750000000e-01 -9.145714378384356413e-02
8.201904296875000000e-01 -9.147334938727784415e-02
8.203125000000000000e-01 -9.148950117929720294e-02
8.204345703125000000e-01 -9.150559915040040737e-02
8.205566406250000000e-01 -9.152164329111725505e-02
8.206787109375000000e-01 -9.153763359200932370e-02
8.208007812500000000e-01 -9.155357004367001283e-02
8.209228515625000000e-01 -9.156945263672404411e-02
8.210449218750000000e-01 -9.158528136182851609e-02
8.211669921875000000e-01 -9.160105620967159967e-02
8.212890625000000000e-01 -9.161677717097332918e-02
8.214111328125000000e-01 -9.163244423648556070e-02
8.215332031250000000e-01 -9.164805739699175002e-02
8.216552734375000000e-01 -9.166361664330675840e-02
8.217773437500000000e-01 -9.167912196627800436e-02
8.218994140625000000e-01 -9.169457335678382615e-02
8.220214843750000000e-01 -9.170997080573460580e-02
8.221435546875000000e-01 -9.172531430407243613e-02
8.222656250000000000e-01 -9.174060384277084312e-02
8.223876953125000000e-01 -9.175583941283593781e-02
8.225097656250000000e-01 -9.177102100530470929e-02
8.226318359375000000e-01 -9.178614861124627378e-02
8.227539062500000000e-01 -9.180122222176140268e-02
8.228759765625000000e-01 -9.181624182798273082e-02
8.229980468750000000e-01 -9.183120742107435397e-02
8.231201171875000000e-01 -9.184611899223284193e-02
8.232421875000000000e-01 -9.186097653268586460e-02
8.233642578125000000e-01 -9.187578003369317736e-02
8.234863281250000000e-01 -9.189052948654621855e-02
8.236083984375000000e-01 -9.190522488256809563e-02
8.237304687500000000e-01 -9.191986621311419581e-02
8.238525390625000000e-01 -9.193445346957131170e-02
8.239746093750000000e-01 -9.194898664335809935e-02
8.240966796875000000e-01 -9.196346572592503654e-02
8.242187500000000000e-01 -9.197789070875447837e-02
8.243408203125000000e-01 -9.199226158336039350e-02
8.244628906250000000e-01 -9.200657834128909973e-02
8.245849609375000000e-01 -9.202084097411827868e-02
8.247070312500000000e-01 -9.203504947345761411e-02
8.248291015625000000e-01 -9.204920383094855607e-02
8.249511718750000000e-01 -9.206330403826430697e-02
8.250732421875000000e-01 -9.207735008711044611e-02
8.251953125000000000e-01 -9.209134196922377780e-02
8.253173828125000000e-01 -9.210527967637338609e-02
8.254394531250000000e-01 -9.211916320035998251e-02
8.255615234375000000e-01 -9.213299253301626690e-02
8.256835937500000000e-01 -9.214676766620656656e-02
8.258056640625000000e-01 -9.216048859182777997e-02
8.259277343750000000e-01 -9.217415530180805838e-02
8.260498046875000000e-01 -9.218776778810752748e-02
8.261718750000000000e-01 -9.220132604271839838e-02
8.262939453125000000e-01 -9.221483005766449581e-02
8.264160156250000000e-01 -9.222827982500211852e-02
8.265380859375000000e-01 -9.224167533681891518e-02
8.266601562500000000e-01 -9.225501658523468929e-02
8.267822265625000000e-01 -9.226830356240106612e-02
8.269042968750000000e-01 -9.228153626050172864e-02
8.270263671875000000e-01 -9.229471467175200117e-02
8.271484375000000000e-01 -9.230783878839969592e-02
8.272705078125000000e-01 -9.232090860272415545e-02
8.273925781250000000e-01 -9.233392410703665509e-02
8.275146484375000000e-01 -9.234688529368054177e-02
8.276367187500000000e-01 -9.235979215503085926e-02
8.277587890625000000e-01 -9.237264468349527802e-02
8.278808593750000000e-01 -9.238544287151274903e-02
8.280029296875000000e-01 -9.239818671155443364e-02
8.281250000000000000e-01 -9.241087619612342596e-02
8.282470703125000000e-01 -9.242351131775490558e-02
8.283691406250000000e-01 -9.243609206901572117e-02
8.284912109375000000e-01 -9.244861844250536198e-02
8.286132812500000000e-01 -9.246109043085458390e-02
8.287353515625000000e-01 -9.247350802672656134e-02
8.288574218750000000e-01 -9.248587122281631823e-02
8.289794921875000000e-01 -9.249818001185063088e-02
8.291015625000000000e-01 -9.251043438658905493e-02
8.292236328125000000e-01 -9.252263433982235719e-02
8.293457031250000000e-01 -9.253477986437369518e-02
8.294677734375000000e-01 -9.254687095309815925e-02
8.295898437500000000e-01 -9.255890759888281416e-02
8.297119140625000000e-01 -9.257088979464669909e-02
8.298339843750000000e-01 -9.258281753334134112e-02
8.299560546875000000e-01 -9.259469080794976992e-02
8.300781250000000000e-01 -9.260650961148723936e-02
8.302001953125000000e-01 -9.261827393700106104e-02
8.303222656250000000e-01 -9.262998377757042379e-02
8.304443359375000000e-01 -9.264163912630708764e-02
8.305664062500000000e-01 -9.265323997635428743e-02
8.306884765625000000e-01 -9.266478632088751000e-02
8.308105468750000000e-01 -9.267627815311448025e-02
8.309326171875000000e-01 -9.268771546627473101e-02
8.310546875000000000e-01 -9.269909825363979727e-02
8.311767578125000000e-01 -9.271042650851395173e-02
8.312988281250000000e-01 -9.272170022423281699e-02
8.314208984375000000e-01 -9.273291939416436480e-02
8.315429687500000000e-01 -9.274408401170859684e-02
8.316650390625000000e-01 -9.275519407029754471e-02
8.317871093750000000e-01 -9.276624956339586670e-02
8.319091796875000000e-01 -9.277725048449952938e-02
8.320312500000000000e-01 -9.278819682713707051e-02
8.321533203125000000e-01 -9.279908858486912715e-02
8.322753906250000000e-01 -9.280992575128831079e-02
8.323974609375000000e-01 -9.282070832001908245e-02
8.325195312500000000e-01 -9.283143628471889064e-02
8.326416015625000000e-01 -9.284210963907643666e-02
8.327636718750000000e-01 -9.285272837681296521e-02
8.328857421875000000e-01 -9.286329249168162603e-02
8.330078125000000000e-01 -9.287380197746770982e-02
8.331298828125000000e-01 -9.288425682798918948e-02
8.332519531250000000e-01 -9.289465703709541555e-02
8.333740234375000000e-01 -9.290500259866829591e-02
8.334960937500000000e-01 -9.291529350662179609e-02
8.336181640625000000e-01 -9.292552975490198097e-02
8.337402343750000000e-01 -9.293571133748711188e-02
8.338623046875000000e-01 -9.294583824838781316e-02
8.339843750000000000e-01 -9.295591048164657255e-02
8.341064453125000000e-01 -9.296592803133819916e-02
8.342285156250000000e-01 -9.297589089156951814e-02
8.343505859375000000e-01 -9.298579905647953725e-02
8.344726562500000000e-01 -9.299565252023990480e-02
8.345947265625000000e-01 -9.300545127705386883e-02
8.347167968750000000e-01 -9.301519532115704036e-02
8.348388671875000000e-01 -9.302488464681735181e-02
8.349609375000000000e-01 -9.303451924833469611e-02
8.350830078125000000e-01 -9.304409912004114880e-02
8.352050781250000000e-01 -9.305362425630159251e-02
8.353271484375000000e-01 -9.306309465151232918e-02
8.354492187500000000e-01 -9.307251030010219028e-02
8.355712890625000000e-01 -9.308187119653216213e-02
8.356933593750000000e-01 -9.309117733529542749e-02
8.358154296875000000e-01 -9.310042871091757377e-02
8.359375000000000000e-01 -9.310962531795624608e-02
8.360595703125000000e-01 -9.311876715100125823e-02
8.361816406250000000e-01 -9.312785420467471764e-02
8.363037109375000000e-01 -9.313688647363088657e-02
8.364257812500000000e-01 -9.314586395255626539e-02
8.365478515625000000e-01 -9.315478663616984234e-02
8.366699218750000000e-01 -9.316365451922256624e-02
8.367919921875000000e-01 -9.317246759649763788e-02
8.369140625000000000e-01 -9.318122586281049613e-02
8.370361328125000000e-01 -9.318992931300881799e-02
8.371582031250000000e-01 -9.319857794197293488e-02
8.372802734375000000e-01 -9.320717174461477794e-02
8.374023437500000000e-01 -9.321571071587894664e-02
8.375244140625000000e-01 -9.322419485074216750e-02
8.376464843750000000e-01 -9.323262414421337740e-02
8.377685546875000000e-01 -9.324099859133373747e-02
8.378906250000000000e-01 -9.324931818717711873e-02
8.380126953125000000e-01 -9.325758292684913076e-02
8.381347656250000000e-01 -9.326579280548785711e-02
8.382568359375000000e-01 -9.327394781826350845e-02
8.383789062500000000e-01 -9.328204796037874169e-02
8.385009765625000000e-01 -9.329009322706872942e-02
8.386230468750000000e-01 -9.329808361360029945e-02
8.387451171875000000e-01 -9.330601911527314218e-02
8.388671875000000000e-01 -9.331389972741890859e-02
8.389892578125000000e-01 -9.332172544540166814e-02
8.391113281250000000e-01 -9.332949626461746473e-02
8.392333984375000000e-01 -9.333721218049546853e-02
8.393554687500000000e-01 -9.334487318849626902e-02
8.394775390625000000e-01 -9.335247928411313789e-02
8.395996093750000000e-01 -9.336003046287165430e-02
8.397216796875000000e-01 -9.336752672032942735e-02
8.398437500000000000e-01 -9.337496805207698425e-02
8.399658203125000000e-01 -9.338235445373656296e-02
8.400878906250000000e-01 -9.338968592096298649e-02
8.402099609375000000e-01 -9.339696244944331593e-02
8.403320312500000000e-01 -9.340418403489697541e-02
8.404541015625000000e-01 -9.341135067307541895e-02
8.405761718750000000e-01 -9.341846235976318524e-02
8.406982421875000000e-01 -9.342551909077645433e-02
8.408203125000000000e-01 -9.343252086196385253e-02
8.409423828125000000e-01 -9.343946766920643854e-02
8.410644531250000000e-01 -9.344635950841752303e-02
8.411865234375000000e-01 -9.345319637554300174e-02
8.413085937500000000e-01 -9.345997826656082808e-02
8.414306640625000000e-01 -9.346670517748137397e-02
8.415527343750000000e-01 -9.347337710434741598e-02
8.416748046875000000e-01 -9.347999404323399653e-02
8.417968750000000000e-01 -9.348655599024828511e-02
8.419189453125000000e-01 -9.349306294153057750e-02
8.420410156250000000e-01 -9.349951489325272758e-02
8.421630859375000000e-01 -9.350591184161925751e-02
8.422851562500000000e-01 -9.351225378286692758e-02
8.424072265625000000e-01 -9.351854071326477780e-02
8.425292968750000000e-01 -9.352477262911487732e-02
8.426513671875000000e-01 -9.353094952675074236e-02
8.427734375000000000e-01 -9.353707140253875174e-02
8.428955078125000000e-01 -9.354313825287766115e-02
8.430175781250000000e-01 -9.354915007419845052e-02
8.431396484375000000e-01 -9.355510686296418521e-02
8.432617187500000000e-01 -9.356100861567126503e-02
8.433837890625000000e-01 -9.356685532884742584e-02
8.435058593750000000e-01 -9.357264699905337713e-02
8.436279296875000000e-01 -9.357838362288184442e-02
8.437500000000000000e-01 -9.358406519695812442e-02
8.438720703125000000e-01 -9.358969171794012665e-02
8.439941406250000000e-01 -9.359526318251776278e-02
8.441162109375000000e-01 -9.360077958741354343e-02
8.442382812500000000e-01 -9.360624092938224505e-02
8.443603515625000000e-01 -9.361164720521115978e-02
8.444824218750000000e-01 -9.361699841171959580e-02
8.446044921875000000e-01 -9.362229454576012633e-02
8.447265625000000000e-01 -9.362753560421686883e-02
8.448486328125000000e-01 -9.363272158400670619e-02
8.449707031250000000e-01 -9.363785248207873169e-02
8.450927734375000000e-01 -9.364292829541476237e-02
8.452148437500000000e-01 -9.364794902102857588e-02
8.453369140625000000e-01 -9.365291465596686793e-02
8.454589843750000000e-01 -9.365782519730844746e-02
8.455810546875000000e-01 -9.366268064216450029e-02
8.457031250000000000e-01 -9.366748098767867237e-02
8.458251953125000000e-01 -9.367222623102688939e-02
8.459472656250000000e-01 -9.367691636941798128e-02
8.460693359375000000e-01 -9.368155140009275239e-02
8.461914062500000000e-01 -9.368613132032449498e-02
8.463134765625000000e-01 -9.369065612741887816e-02
8.464355468750000000e-01 -9.369512581871423940e-02
8.465576171875000000e-01 -9.369954039158084891e-02
8.466796875000000000e-01 -9.370389984342214484e-02
8.468017578125000000e-01 -9.370820417167337324e-02
8.469238281250000000e-01 -9.371245337380246232e-02
8.470458984375000000e-01 -9.371664744730973107e-02
8.471679687500000000e-01 -9.372078638972759779e-02
8.472900390625000000e-01 -9.372487019862167645e-02
8.474121093750000000e-01 -9.372889887158944444e-02
8.475341796875000000e-01 -9.373287240626082539e-02
8.476562500000000000e-01 -9.373679080029834187e-02
8.477783203125000000e-01 -9.374065405139689333e-02
8.479003906250000000e-01 -9.374446215728378384e-02
8.480224609375000000e-01 -9.374821511571888866e-02
8.481445312500000000e-01 -9.375191292449447378e-02
8.482666015625000000e-01 -9.375555558143519597e-02
8.483886718750000000e-01 -9.375914308439808886e-02
8.485107421875000000e-01 -9.376267543127252135e-02
8.486328125000000000e-01 -9.376615261998098860e-02
8.487548828125000000e-01 -9.376957464847773815e-02
8.488769531250000000e-01 -9.377294151474957484e-02
8.489990234375000000e-01 -9.377625321681591630e-02
8.491210937500000000e-01 -9.377950975272857093e-02
8.492431640625000000e-01 -9.378271112057175174e-02
8.493652343750000000e-01 -9.378585731846227069e-02
8.494873046875000000e-01 -9.378894834454935825e-02
8.496093750000000000e-01 -9.379198419701452460e-02
8.497314453125000000e-01 -9.379496487407193439e-02
8.498535156250000000e-01 -9.379789037396786544e-02
8.499755859375000000e-01 -9.380076069498172187e-02
8.500976562500000000e-01 -9.380357583542472955e-02
8.502197265625000000e-01 -9.380633579364094921e-02
8.503417968750000000e-01 -9.380904056800665192e-02
8.504638671875000000e-01 -9.381169015693074931e-02
8.505859375000000000e-01 -9.381428455885430784e-02
8.507080078125000000e-01 -9.381682377225152025e-02
8.508300781250000000e-01 -9.381930779562848433e-02
8.509521484375000000e-01 -9.382173662752391063e-02
8.510742187500000000e-01 -9.382411026650881725e-02
8.511962890625000000e-01 -9.382642871118686279e-02
8.513183593750000000e-01 -9.382869196019451297e-02
8.514404296875000000e-01 -9.383090001220009690e-02
8.515625000000000000e-01 -9.383305286590462591e-02
8.516845703125000000e-01 -9.383515052004182122e-02
8.518066406250000000e-01 -9.383719297337750342e-02
8.519287109375000000e-01 -9.383918022471016140e-02
8.520507812500000000e-01 -9.384111227287084134e-02
8.521728515625000000e-01 -9.384298911672298016e-02
8.522949218750000000e-01 -9.384481075516246107e-02
8.524169921875000000e-01 -9.384657718711764129e-02
8.525390625000000000e-01 -9.384828841154906065e-02
8.526611328125000000e-01 -9.384994442745069054e-02
8.527832031250000000e-01 -9.385154523384794945e-02
8.529052734375000000e-01 -9.385309082979920170e-02
8.530273437500000000e-01 -9.385458121439513302e-02
8.531494140625000000e-01 -9.385601638675911129e-02
8.532714843750000000e-01 -9.385739634604661763e-02
8.533935546875000000e-01 -9.385872109144616227e-02
8.535156250000000000e-01 -9.385999062217827149e-02
8.536376953125000000e-01 -9.386120493749625093e-02
8.537597656250000000e-01 -9.386236403668557493e-02
8.538818359375000000e-01 -9.386346791906428899e-02
8.540039062500000000e-01 -9.386451658398338449e-02
8.541259765625000000e-01 -9.386551003082570233e-02
8.542480468750000000e-01 -9.386644825900684885e-02
8.543701171875000000e-01 -9.386733126797493221e-02
8.544921875000000000e-01 -9.386815905721040965e-02
8.546142578125000000e-01 -9.386893162622633735e-02
8.547363281250000000e-01 -9.386964897456830104e-02
8.548583984375000000e-01 -9.387031110181433269e-02
8.549804687500000000e-01 -9.387091800757485505e-02
8.551025390625000000e-01 -9.387146969149287590e-02
8.552246093750000000e-01 -9.387196615324351623e-02
8.553466796875000000e-01 -9.387240739253534250e-02
8.554687500000000000e-01 -9.387279340910840986e-02
8.555908203125000000e-01 -9.387312420273569158e-02
8.557128906250000000e-01 -9.387339977322263496e-02
8.558349609375000000e-01 -9.387362012040702253e-02
8.559570312500000000e-01 -9.387378524415919412e-02
8.560791015625000000e-01 -9.387389514438222726e-02
8.562011718750000000e-01 -9.387394982101140983e-02
8.563232421875000000e-01 -9.387394927401444822e-02
8.564453125000000000e-01 -9.387389350339185590e-02
8.565673828125000000e-01 -9.387378250917600975e-02
8.566894531250000000e-01 -9.387361629143284314e-02
8.568115234375000000e-01 -9.387339485025969488e-02
8.569335937500000000e-01 -9.387311818578694678e-02
8.570556640625000000e-01 -9.387278629817739917e-02
8.571777343750000000e-01 -9.387239918762629864e-02
8.572998046875000000e-01 -9.387195685436107440e-02
8.574218750000000000e-01 -9.387145929864240679e-02
8.575439453125000000e-01 -9.387090652076274244e-02
8.576660156250000000e-01 -9.387029852104736283e-02
8.577880859375000000e-01 -9.386963529985387078e-02
8.579101562500000000e-01 -9.386891685757220438e-02
8.580322265625000000e-01 -9.386814319462538636e-02
8.581542968750000000e-01 -9.386731431146845550e-02
8.582763671875000000e-01 -9.386643020858889686e-02
8.583984375000000000e-01 -9.386549088650689154e-02
8.585205078125000000e-01 -9.386449634577503920e-02
8.586425781250000000e-01 -9.386344658697810817e-02
8.587646484375000000e-01 -9.386234161073406246e-02
8.588867187500000000e-01 -9.386118141769277112e-02
8.590087890625000000e-01 -9.385996600853671601e-02
8.591308593750000000e-01 -9.385869538398100564e-02
8.592529296875000000e-01 -9.385736954477270910e-02
8.593750000000000000e-01 -9.385598849169234092e-02
8.594970703125000000e-01 -9.385455222555211252e-02
8.596191406250000000e-01 -9.385306074719690361e-02
8.597412109375000000e-01 -9.385151405750408182e-02
8.598632812500000000e-01 -9.384991215738359982e-02
8.599853515625000000e-01 -9.384825504777760674e-02
8.601074218750000000e-01 -9.384654272966130861e-02
8.602294921875000000e-01 -9.384477520404180262e-02
8.603515625000000000e-01 -9.384295247195889589e-02
8.604736328125000000e-01 -9.384107453448491121e-02
8.605957031250000000e-01 -9.383914139272432620e-02
8.607177734375000000e-01 -9.383715304781471700e-02
8.608398437500000000e-01 -9.383510950092566194e-02
8.609619140625000000e-01 -9.383301075325928275e-02
8.610839843750000000e-01 -9.383085680605027235e-02
8.612060546875000000e-01 -9.382864766056564498e-02
8.613281250000000000e-01 -9.382638331810497223e-02
8.614501953125000000e-01 -9.382406378000042457e-02
8.615722656250000000e-01 -9.382168904761653550e-02
8.616943359375000000e-01 -9.381925912235027087e-02
8.618164062500000000e-01 -9.381677400563107061e-02
8.619384765625000000e-01 -9.381423369892064046e-02
8.620605468750000000e-01 -9.381163820371375694e-02
8.621826171875000000e-01 -9.380898752153714326e-02
8.623046875000000000e-01 -9.380628165395007989e-02
8.624267578125000000e-01 -9.380352060254443236e-02
8.625488281250000000e-01 -9.380070436894435981e-02
8.626708984375000000e-01 -9.379783295480660643e-02
8.627929687500000000e-01 -9.379490636182037655e-02
8.629150390625000000e-01 -9.379192459170734852e-02
8.630371093750000000e-01 -9.378888764622160534e-02
8.631591796875000000e-01 -9.378579552714967627e-02
8.632812500000000000e-01 -9.378264823631037028e-02
8.634033203125000000e-01 -9.377944577555558103e-02
8.635253906250000000e-01 -9.377618814676896841e-02
8.636474609375000000e-01 -9.377287535186695777e-02
8.637695312500000000e-01 -9.376950739279843461e-02
8.638916015625000000e-01 -9.376608427154456415e-02
8.640136718750000000e-01 -9.376260599011906893e-02
8.641357421875000000e-01 -9.375907255056835365e-02
8.642578125000000000e-01 -9.375548395497082521e-02
8.643798828125000000e-01 -9.375184020543775310e-02
8.645019531250000000e-01 -9.374814130411245061e-02
8.646240234375000000e-01 -9.374438725317092713e-02
8.647460937500000000e-01 -9.374057805482173544e-02
8.648681640625000000e-01 -9.373671371130568031e-02
8.649902343750000000e-01 -9.373279422489599888e-02
8.651123046875000000e-01 -9.372881959789848560e-02
8.652343750000000000e-01 -9.372478983265121466e-02
8.653564453125000000e-01 -9.372070493152477588e-02
8.654785156250000000e-01 -9.371656489692242742e-02
8.656005859375000000e-01 -9.371236973127949899e-02
8.657226562500000000e-01 -9.370811943706386371e-02
8.658447265625000000e-01 -9.370381401677588262e-02
8.659667968750000000e-01 -9.369945347294821036e-02
8.660888671875000000e-01 -9.369503780814637806e-02
8.662109375000000000e-01 -9.369056702496775246e-02
8.663330078125000000e-01 -9.368604112604243805e-02
8.664550781250000000e-01 -9.368146011403293005e-02
8.665771484375000000e-01 -9.367682399163404505e-02
8.666992187500000000e-01 -9.367213276157300428e-02
8.668212890625000000e-01 -9.366738642660983605e-02
8.669433593750000000e-01 -9.366258498953650147e-02
8.670654296875000000e-01 -9.365772845317760220e-02
8.671875000000000000e-01 -9.365281682039008904e-02
8.673095703125000000e-01 -9.364785009406316474e-02
8.674316406250000000e-01 -9.364282827711900570e-02
8.675537109375000000e-01 -9.363775137251156844e-02
8.676757812500000000e-01 -9.363261938322758882e-02
8.677978515625000000e-01 -9.362743231228591589e-02
8.679199218750000000e-01 -9.362219016273824745e-02
8.680419921875000000e-01 -9.361689293766793651e-02
8.681640625000000000e-01 -9.361154064019169829e-02
8.682861328125000000e-01 -9.360613327345793100e-02
8.684082031250000000e-01 -9.360067084064764564e-02
8.685302734375000000e-01 -9.359515334497434114e-02
8.686523437500000000e-01 -9.358958078968358796e-02
8.687744140625000000e-01 -9.358395317805383307e-02
8.688964843750000000e-01 -9.357827051339567825e-02
8.690185546875000000e-01 -9.357253279905186627e-02
8.691406250000000000e-01 -9.356674003839782205e-02
8.692626953125000000e-01 -9.356089223484134743e-02
8.693847656250000000e-01 -9.355498939182245455e-02
8.695068359375000000e-01 -9.354903151281369900e-02
8.696289062500000000e-01 -9.354301860132002711e-02
8.697509765625000000e-01 -9.353695066087860943e-02
8.698730468750000000e-01 -9.353082769505899341e-02
8.699951171875000000e-01 -9.352464970746311723e-02
8.701171875000000000e-01 -9.351841670172549026e-02
8.702392578125000000e-01 -9.351212868151287383e-02
8.703613281250000000e-01 -9.350578565052417024e-02
8.704833984375000000e-01 -9.349938761249093622e-02
8.706054687500000000e-01 -9.349293457117691108e-02
8.707275390625000000e-01 -9.348642653037810002e-02
8.708496093750000000e-01 -9.347986349392337080e-02
8.709716796875000000e-01 -9.347324546567337133e-02
8.710937500000000000e-01 -9.346657244952136234e-02
8.712158203125000000e-01 -9.345984444939288427e-02
8.713378906250000000e-01 -9.345306146924574342e-02
8.714599609375000000e-01 -9.344622351307040053e-02
8.715820312500000000e-01 -9.343933058488940180e-02
8.717041015625000000e-01 -9.343238268875758701e-02
8.718261718750000000e-01 -9.342537982876232550e-02
8.719482421875000000e-01 -9.341832200902318306e-02
8.720703125000000000e-01 -9.341120923369182483e-02
8.721923828125000000e-01 -9.340404150695300056e-02
8.723144531250000000e-01 -9.339681883302300425e-02
8.724365234375000000e-01 -9.338954121615085369e-02
8.725585937500000000e-01 -9.338220866061766601e-02
8.726806640625000000e-01 -9.337482117073696297e-02
8.728027343750000000e-01 -9.336737875085489302e-02
8.729248046875000000e-01 -9.335988140534938473e-02
8.730468750000000000e-01 -9.335232913863102111e-02
8.731689453125000000e-01 -9.334472195514265103e-02
8.732910156250000000e-01 -9.333705985935936145e-02
8.734130859375000000e-01 -9.332934285578832478e-02
8.735351562500000000e-01 -9.332157094896958993e-02
8.736572265625000000e-01 -9.331374414347501367e-02
8.737792968750000000e-01 -9.330586244390903783e-02
8.739013671875000000e-01 -9.329792585490809254e-02
8.740234375000000000e-01 -9.328993438114099868e-02
8.741455078125000000e-01 -9.328188802730920381e-02
8.742675781250000000e-01 -9.327378679814607443e-02
8.743896484375000000e-01 -9.326563069841728448e-02
8.745117187500000000e-01 -9.325741973292095421e-02
8.746337890625000000e-01 -9.324915390648727542e-02
8.747558593750000000e-01 -9.324083322397870577e-02
8.748779296875000000e-01 -9.323245769029042673e-02
8.750000000000000000e-01 -9.322402731034934442e-02
8.751220703125000000e-01 -9.321554208911485284e-02
8.752441406250000000e-01 -9.320700203157859798e-02
8.753662109375000000e-01 -9.319840714276438065e-02
8.754882812500000000e-01 -9.318975742772848958e-02
8.756103515625000000e-01 -9.318105289155936832e-02
8.757324218750000000e-01 -9.317229353937762915e-02
8.758544921875000000e-01 -9.316347937633602527e-02
8.759765625000000000e-01 -9.315461040761988110e-02
8.760986328125000000e-01 -9.314568663844630114e-02
8.762207031250000000e-01 -9.313670807406529417e-02
8.763427734375000000e-01 -9.312767471975856581e-02
8.764648437500000000e-01 -9.311858658084017082e-02
8.765869140625000000e-01 -9.310944366265641592e-02
8.767089843750000000e-01 -9.310024597058577656e-02
8.768310546875000000e-01 -9.309099351003922995e-02
8.769531250000000000e-01 -9.308168628645961673e-02
8.770751953125000000e-01 -9.307232430532211276e-02
8.771972656250000000e-01 -9.306290757213425691e-02
8.773193359375000000e-01 -9.305343609243553471e-02
8.774414062500000000e-01 -9.304390987179778083e-02
8.775634765625000000e-01 -9.303432891582509578e-02
8.776855468750000000e-01 -9.302469323015374880e-02
8.778076171875000000e-01 -9.301500282045210843e-02
8.779296875000000000e-01 -9.300525769242073970e-02
8.780517578125000000e-01 -9.299545785179244572e-02
8.781738281250000000e-01 -9.298560330433235099e-02
8.782958984375000000e-01 -9.297569405583755442e-02
8.784179687500000000e-01 -9.296573011213736526e-02
8.785400390625000000e-01 -9.295571147909346965e-02
8.786621093750000000e-01 -9.294563816259943101e-02
8.787841796875000000e-01 -9.293551016858098146e-02
8.789062500000000000e-01 -9.292532750299645206e-02
8.790283203125000000e-01 -9.291509017183594010e-02
8.791503906250000000e-01 -9.290479818112182264e-02
8.792724609375000000e-01 -9.289445153690852053e-02
8.793945312500000000e-01 -9.288405024528260945e-02
8.795166015625000000e-01 -9.287359431236323626e-02
8.796386718750000000e-01 -9.286308374430116142e-02
8.797607421875000000e-01 -9.285251854727943899e-02
8.798828125000000000e-01 -9.284189872751340278e-02
8.800048828125000000e-01 -9.283122429125036101e-02
8.801269531250000000e-01 -9.282049524476967961e-02
8.802490234375000000e-01 -9.280971159438319851e-02
8.803710937500000000e-01 -9.279887334643462105e-02
8.804931640625000000e-01 -9.278798050729972213e-02
8.806152343750000000e-01 -9.277703308338651478e-02
8.807373046875000000e-01 -9.276603108113500029e-02
8.808593750000000000e-01 -9.275497450701755686e-02
8.809814453125000000e-01 -9.274386336753843996e-02
8.811035156250000000e-01 -9.273269766923403212e-02
8.812255859375000000e-01 -9.272147741867270421e-02
8.813476562500000000e-01 -9.271020262245517618e-02
8.814697265625000000e-01 -9.269887328721392039e-02
8.815917968750000000e-01 -9.268748941961392485e-02
8.817138671875000000e-01 -9.267605102635202707e-02
8.818359375000000000e-01 -9.266455811415703903e-02
8.819580078125000000e-01 -9.265301068978994137e-02
8.820800781250000000e-01 -9.264140876004371694e-02
8.822021484375000000e-01 -9.262975233174368384e-02
8.823242187500000000e-01 -9.261804141174687088e-02
8.824462890625000000e-01 -9.260627600694253114e-02
8.825683593750000000e-01 -9.259445612425204475e-02
8.826904296875000000e-01 -9.258258177062861360e-02
8.828125000000000000e-01 -9.257065295305755281e-02
8.829345703125000000e-01 -9.255866967855656824e-02
8.830566406250000000e-01 -9.254663195417482668e-02
8.831787109375000000e-01 -9.253453978699402449e-02
8.833007812500000000e-01 -9.252239318412748548e-02
8.834228515625000000e-01 -9.251019215272068830e-02
8.835449218750000000e-01 -9.249793669995157175e-02
8.836669921875000000e-01 -9.248562683302932741e-02
8.837890625000000000e-01 -9.247326255919571802e-02
8.839111328125000000e-01 -9.246084388572423096e-02
8.840332031250000000e-01 -9.244837081992046679e-02
8.841552734375000000e-01 -9.243584336912197275e-02
8.842773437500000000e-01 -9.242326154069849253e-02
8.843994140625000000e-01 -9.241062534205145285e-02
8.845214843750000000e-01 -9.239793478061446297e-02
8.846435546875000000e-01 -9.238518986385298171e-02
8.847656250000000000e-01 -9.237239059926442841e-02
8.848876953125000000e-01 -9.235953699437861319e-02
8.850097656250000000e-01 -9.234662905675666833e-02
8.851318359375000000e-01 -9.233366679399214461e-02
8.852539062500000000e-01 -9.232065021371044233e-02
8.853759765625000000e-01 -9.230757932356872808e-02
8.854980468750000000e-01 -9.229445413125623998e-02
8.856201171875000000e-01 -9.228127464449446815e-02
8.857421875000000000e-01 -9.226804087103637753e-02
8.858642578125000000e-01 -9.225475281866704624e-02
8.859863281250000000e-01 -9.224141049520355462e-02
8.861083984375000000e-01 -9.222801390849467984e-02
8.862304687500000000e-01 -9.221456306642149270e-02
8.863525390625000000e-01 -9.220105797689683025e-02
8.864746093750000000e-01 -9.218749864786515702e-02
8.865966796875000000e-01 -9.217388508730327279e-02
8.867187500000000000e-01 -9.216021730321946603e-02
8.868408203125000000e-01 -9.214649530365444374e-02
8.869628906250000000e-01 -9.213271909668017956e-02
8.870849609375000000e-01 -9.211888869040124606e-02
8.872070312500000000e-01 -9.210500409295321878e-02
8.873291015625000000e-01 -9.209106531250434158e-02
8.874511718750000000e-01 -9.207707235725463846e-02
8.875732421875000000e-01 -9.206302523543528904e-02
8.876953125000000000e-01 -9.204892395531048821e-02
8.878173828125000000e-01 -9.203476852517496198e-02
8.879394531250000000e-01 -9.202055895335641000e-02
8.880615234375000000e-01 -9.200629524821418714e-02
8.881835937500000000e-01 -9.199197741813858187e-02
8.883056640625000000e-01 -9.197760547155311994e-02
8.884277343750000000e-01 -9.196317941691187214e-02
8.885498046875000000e-01 -9.194869926270146654e-02
8.886718750000000000e-01 -9.193416501744057501e-02
8.887939453125000000e-01 -9.191957668967881689e-02
8.889160156250000000e-01 -9.190493428799863251e-02
8.890380859375000000e-01 -9.189023782101314597e-02
8.891601562500000000e-01 -9.187548729736830233e-02
8.892822265625000000e-01 -9.186068272574161864e-02
8.894042968750000000e-01 -9.184582411484185083e-02
8.895263671875000000e-01 -9.183091147341029825e-02
8.896484375000000000e-01 -9.181594481021920773e-02
8.897705078125000000e-01 -9.180092413407374419e-02
8.898925781250000000e-01 -9.178584945380943716e-02
8.900146484375000000e-01 -9.177072077829480368e-02
8.901367187500000000e-01 -9.175553811642968294e-02
8.902587890625000000e-01 -9.174030147714538896e-02
8.903808593750000000e-01 -9.172501086940559878e-02
8.905029296875000000e-01 -9.170966630220483973e-02
8.906250000000000000e-01 -9.169426778457030747e-02
8.907470703125000000e-01 -9.167881532556079738e-02
8.908691406250000000e-01 -9.166330893426591353e-02
8.909912109375000000e-01 -9.164774861980834464e-02
8.911132812500000000e-01 -9.163213439134122729e-02
8.912353515625000000e-01 -9.161646625805035249e-02
8.913574218750000000e-01 -9.160074422915305548e-02
8.914794921875000000e-01 -9.158496831389771609e-02
8.916015625000000000e-01 -9.156913852156538247e-02
8.917236328125000000e-01 -9.155325486146785596e-02
8.918457031250000000e-01 -9.153731734294932865e-02
8.919677734375000000e-01 -9.152132597538567560e-02
8.920898437500000000e-01 -9.150528076818358059e-02
8.922119140625000000e-01 -9.148918173078281202e-02
8.923339843750000000e-01 -9.147302887265326699e-02
8.924560546875000000e-01 -9.145682220329783008e-02
8.925781250000000000e-01 -9.144056173224995865e-02
8.927001953125000000e-01 -9.142424746907551469e-02
8.928222656250000000e-01 -9.140787942337216809e-02
8.929443359375000000e-01 -9.139145760476802272e-02
8.930664062500000000e-01 -9.137498202292437810e-02
8.931884765625000000e-01 -9.135845268753267634e-02
8.933105468750000000e-01 -9.134186960831713886e-02
8.934326171875000000e-01 -9.132523279503332314e-02
8.935546875000000000e-01 -9.130854225746772024e-02
8.936767578125000000e-01 -9.129179800543948953e-02
8.937988281250000000e-01 -9.127500004879832152e-02
8.939208984375000000e-01 -9.125814839742629747e-02
8.940429687500000000e-01 -9.124124306123700123e-02
8.941650390625000000e-01 -9.122428405017495023e-02
8.942871093750000000e-01 -9.120727137421724695e-02
8.944091796875000000e-01 -9.119020504337140010e-02
8.945312500000000000e-01 -9.117308506767728138e-02
8.946533203125000000e-01 -9.115591145720661204e-02
8.947753906250000000e-01 -9.113868422206154729e-02
8.948974609375000000e-01 -9.112140337237689680e-02
8.950195312500000000e-01 -9.110406891831818177e-02
8.951416015625000000e-01 -9.108668087008316150e-02
8.952636718750000000e-01 -9.106923923790030684e-02
8.953857421875000000e-01 -9.105174403203038225e-02
8.955078125000000000e-01 -9.103419526276554374e-02
8.956298828125000000e-01 -9.101659294042886705e-02
8.957519531250000000e-01 -9.099893707537581866e-02
8.958740234375000000e-01 -9.098122767799241006e-02
8.959960937500000000e-01 -9.096346475869675208e-02
8.961181640625000000e-01 -9.094564832793868014e-02
8.962402343750000000e-01 -9.092777839619863023e-02
8.963623046875000000e-01 -9.090985497398954007e-02
8.964843750000000000e-01 -9.089187807185469814e-02
8.966064453125000000e-01 -9.087384770036971426e-02
8.967285156250000000e-01 -9.085576387014178412e-02
8.968505859375000000e-01 -9.083762659180856514e-02
8.969726562500000000e-01 -9.081943587604027202e-02
8.970947265625000000e-01 -9.080119173353738693e-02
8.972167968750000000e-01 -9.078289417503294934e-02
8.973388671875000000e-01 -9.076454321129109881e-02
8.974609375000000000e-01 -9.074613885310665873e-02
8.975830078125000000e-01 -9.072768111130699586e-02
8.977050781250000000e-01 -9.070916999674995262e-02
8.978271484375000000e-01 -9.069060552032545686e-02
8.979492187500000000e-01 -9.067198769295405081e-02
8.980712890625000000e-01 -9.065331652558837605e-02
8.981933593750000000e-01 -9.063459202921249347e-02
8.983154296875000000e-01 -9.061581421484106447e-02
8.984375000000000000e-01 -9.059698309352101631e-02
8.985595703125000000e-01 -9.057809867632971024e-02
8.986816406250000000e-01 -9.055916097437673173e-02
8.988037109375000000e-01 -9.054016999880276639e-02
8.989257812500000000e-01 -9.052112576077919748e-02
8.990478515625000000e-01 -9.050202827150992391e-02
8.991699218750000000e-01 -9.048287754222884838e-02
8.992919921875000000e-01 -9.046367358420215332e-02
8.994140625000000000e-01 -9.044441640872721844e-02
8.995361328125000000e-01 -9.042510602713220436e-02
8.996582031250000000e-01 -9.040574245077734328e-02
8.997802734375000000e-01 -9.038632569105309322e-02
8.999023437500000000e-01 -9.036685575938226134e-02
9.000244140625000000e-01 -9.034733266721868550e-02
9.001464843750000000e-01 -9.032775642604677635e-02
9.002685546875000000e-01 -9.030812704738323815e-02
9.003906250000000000e-01 -9.028844454277509812e-02
9.005126953125000000e-01 -9.026870892380151057e-02
9.006347656250000000e-01 -9.024892020207189725e-02
9.007568359375000000e-01 -9.022907838922776536e-02
9.008789062500000000e-01 -9.020918349694180549e-02
9.010009765625000000e-01 -9.018923553691705897e-02
9.011230468750000000e-01 -9.016923452088902724e-02
9.012451171875000000e-01 -9.014918046062317392e-02
9.013671875000000000e-01 -9.012907336791717294e-02
9.014892578125000000e-01 -9.010891325459968737e-02
9.016113281250000000e-01 -9.008870013252980036e-02
9.017333984375000000e-01 -9.006843401359901358e-02
9.018554687500000000e-01 -9.004811490972876309e-02
9.019775390625000000e-01 -9.002774283287262591e-02
9.020996093750000000e-01 -9.000731779501507102e-02
9.022216796875000000e-01 -8.998683980817129280e-02
9.023437500000000000e-01 -8.996630888438829354e-02
9.024658203125000000e-01 -8.994572503574350952e-02
9.025878906250000000e-01 -8.992508827434603225e-02
9.027099609375000000e-01 -8.990439861233626151e-02
9.028320312500000000e-01 -8.988365606188487844e-02
9.029541015625000000e-01 -8.986286063519464962e-02
9.030761718750000000e-01 -8.984201234449856743e-02
9.031982421875000000e-01 -8.982111120206165422e-02
9.033203125000000000e-01 -8.980015722017888058e-02
9.034423828125000000e-01 -8.977915041117724704e-02
9.035644531250000000e-01 -8.975809078741484037e-02
9.036865234375000000e-01 -8.973697836127997318e-02
9.038085937500000000e-01 -8.971581314519291861e-02
9.039306640625000000e-01 -8.969459515160425889e-02
9.040527343750000000e-01 -8.967332439299618985e-02
9.041748046875000000e-01 -8.965200088188203520e-02
9.042968750000000000e-01 -8.963062463080533060e-02
9.044189453125000000e-01 -8.960919565234171102e-02
9.045410156250000000e-01 -8.958771395909681523e-02
9.046630859375000000e-01 -8.956617956370790945e-02
9.047851562500000000e-01 -8.954459247884340167e-02
9.049072265625000000e-01 -8.952295271720198122e-02
9.050292968750000000e-01 -8.950126029151429796e-02
9.051513671875000000e-01 -8.947951521454082513e-02
9.052734375000000000e-01 -8.945771749907396875e-02
9.053955078125000000e-01 -8.943586715793692965e-02
9.055175781250000000e-01 -8.941396420398332878e-02
9.056396484375000000e-01 -8.939200865009845620e-02
9.057617187500000000e-01 -8.937000050919784166e-02
9.058837890625000000e-01 -8.934793979422871180e-02
9.060058593750000000e-01 -8.932582651816843577e-02
9.061279296875000000e-01 -8.930366069402571882e-02
9.062500000000000000e-01 -8.928144233484057446e-02
9.063720703125000000e-01 -8.925917145368300609e-02
9.064941406250000000e-01 -8.923684806365474176e-02
9.066162109375000000e-01 -8.921447217788770756e-02
9.067382812500000000e-01 -8.919204380954519340e-02
9.068603515625000000e-01 -8.916956297182167257e-02
9.069824218750000000e-01 -8.914702967794127519e-02
9.071044921875000000e-01 -8.912444394116043889e-02
9.072265625000000000e-01 -8.910180577476525809e-02
9.073486328125000000e-01 -8.907911519207335760e-02
9.074707031250000000e-01 -8.905637220643326801e-02
9.075927734375000000e-01 -8.903357683122374577e-02
9.077148437500000000e-01 -8.901072907985507765e-02
9.078369140625000000e-01 -8.898782896576748480e-02
9.079589843750000000e-01 -8.896487650243289913e-02
9.080810546875000000e-01 -8.894187170335385306e-02
9.082031250000000000e-01 -8.891881458206297995e-02
9.083251953125000000e-01 -8.889570515212458224e-02
9.084472656250000000e-01 -8.887254342713306332e-02
9.085693359375000000e-01 -8.884932942071419038e-02
9.086914062500000000e-01 -8.882606314652377599e-02
9.088134765625000000e-01 -8.880274461824887167e-02
9.089355468750000000e-01 -8.877937384960764289e-02
9.090576171875000000e-01 -8.875595085434774545e-02
9.091796875000000000e-01 -8.873247564624904549e-02
9.093017578125000000e-01 -8.870894823912080229e-02
9.094238281250000000e-01 -8.868536864680383325e-02
9.095458984375000000e-01 -8.866173688316969503e-02
9.096679687500000000e-01 -8.863805296211968443e-02
9.097900390625000000e-01 -8.861431689758721142e-02
9.099121093750000000e-01 -8.859052870353489872e-02
9.100341796875000000e-01 -8.856668839395706594e-02
9.101562500000000000e-01 -8.854279598287857767e-02
9.102783203125000000e-01 -8.851885148435421902e-02
9.104003906250000000e-01 -8.849485491247038871e-02
9.105224609375000000e-01 -8.847080628134322555e-02
9.106445312500000000e-01 -8.844670560512007951e-02
9.107666015625000000e-01 -8.842255289797908147e-02
9.108886718750000000e-01 -8.839834817412814405e-02
9.110107421875000000e-01 -8.837409144780673798e-02
9.111328125000000000e-01 -8.834978273328401854e-02
9.112548828125000000e-01 -8.832542204486053261e-02
9.113769531250000000e-01 -8.830100939686678918e-02
9.114990234375000000e-01 -8.827654480366421696e-02
9.116210937500000000e-01 -8.825202827964498398e-02
9.117431640625000000e-01 -8.822745983923098445e-02
9.118652343750000000e-01 -8.820283949687579561e-02
9.119873046875000000e-01 -8.817816726706230457e-02
9.121093750000000000e-01 -8.815344316430488714e-02
9.122314453125000000e-01 -8.812866720314840863e-02
9.123535156250000000e-01 -8.810383939816729404e-02
9.124755859375000000e-01 -8.807895976396773463e-02
9.125976562500000000e-01 -8.805402831518506501e-02
9.127197265625000000e-01 -8.802904506648634442e-02
9.128417968750000000e-01 -8.800401003256859422e-02
9.129638671875000000e-01 -8.797892322815886734e-02
9.130859375000000000e-01 -8.795378466801549722e-02
9.132080078125000000e-01 -8.792859436692665454e-02
9.133300781250000000e-01 -8.790335233971098561e-02
9.134521484375000000e-01 -8.787805860121820911e-02
9.135742187500000000e-01 -8.785271316632747851e-02
9.136962890625000000e-01 -8.782731604994932495e-02
9.138183593750000000e-01 -8.780186726702368660e-02
9.139404296875000000e-01 -8.777636683252194871e-02
9.140625000000000000e-01 -8.775081476144480641e-02
9.141845703125000000e-01 -8.772521106882431863e-02
9.143066406250000000e-01 -8.769955576972252032e-02
9.144287109375000000e-01 -8.767384887923131143e-02
9.145507812500000000e-01 -8.764809041247395571e-02
9.146728515625000000e-01 -8.762228038460302681e-02
9.147949218750000000e-01 -8.759641881080203196e-02
9.149169921875000000e-01 -8.757050570628494013e-02
9.150390625000000000e-01 -8.754454108629532161e-02
9.151611328125000000e-01 -8.751852496610798560e-02
9.152832031250000000e-01 -8.749245736102700954e-02
9.154052734375000000e-01 -8.746633828638757102e-02
9.155273437500000000e-01 -8.744016775755510118e-02
9.156494140625000000e-01 -8.741394578992453535e-02
9.157714843750000000e-01 -8.738767239892206162e-02
9.158935546875000000e-01 -8.736134760000316413e-02
9.160156250000000000e-01 -8.733497140865432995e-02
9.161376953125000000e-01 -8.730854384039209160e-02
9.162597656250000000e-01 -8.728206491076284657e-02
9.163818359375000000e-01 -8.725553463534381493e-02
9.165039062500000000e-01 -8.722895302974159604e-02
9.166259765625000000e-01 -8.720232010959387547e-02
9.167480468750000000e-01 -8.717563589056778750e-02
9.168701171875000000e-01 -8.714890038836115016e-02
9.169921875000000000e-01 -8.712211361870185466e-02
9.171142578125000000e-01 -8.709527559734765723e-02
9.172363281250000000e-01 -8.706838634008702560e-02
9.173583984375000000e-01 -8.704144586273772355e-02
9.174804687500000000e-01 -8.701445418114842068e-02
9.176025390625000000e-01 -8.698741131119783199e-02
9.177246093750000000e-01 -8.696031726879409340e-02
9.178466796875000000e-01 -8.693317206987638546e-02
9.179687500000000000e-01 -8.690597573041315693e-02
9.180908203125000000e-01 -8.687872826640347101e-02
9.182128906250000000e-01 -8.685142969387653344e-02
9.183349609375000000e-01 -8.682408002889101251e-02
9.184570312500000000e-01 -8.679667928753635742e-02
9.185791015625000000e-01 -8.676922748593138279e-02
9.187011718750000000e-01 -8.674172464022530948e-02
9.188232421875000000e-01 -8.671417076659784784e-02
9.189453125000000000e-01 -8.668656588125756013e-02
9.190673828125000000e-01 -8.665891000044428916e-02
9.191894531250000000e-01 -8.663120314042675740e-02
9.193115234375000000e-01 -8.660344531750452379e-02
9.194335937500000000e-01 -8.657563654800654040e-02
9.195556640625000000e-01 -8.654777684829223494e-02
9.196777343750000000e-01 -8.651986623475081684e-02
9.197998046875000000e-01 -8.649190472380098582e-02
9.199218750000000000e-01 -8.646389233189222256e-02
9.200439453125000000e-01 -8.643582907550317884e-02
9.201660156250000000e-01 -8.640771497114273225e-02
9.202880859375000000e-01 -8.637955003535018050e-02
9.204101562500000000e-01 -8.635133428469354833e-02
9.205322265625000000e-01 -8.632306773577194670e-02
9.206542968750000000e-01 -8.629475040521351892e-02
9.207763671875000000e-01 -8.626638230967673127e-02
9.208984375000000000e-01 -8.623796346584998440e-02
9.210205078125000000e-01 -8.620949389045111377e-02
9.211425781250000000e-01 -8.618097360022825004e-02
9.212646484375000000e-01 -8.615240261195881988e-02
9.213867187500000000e-01 -8.612378094245062843e-02
9.215087890625000000e-01 -8.609510860854116543e-02
9.216308593750000000e-01 -8.606638562709745255e-02
9.217529296875000000e-01 -8.603761201501658462e-02
9.218750000000000000e-01 -8.600878778922520229e-02
9.219970703125000000e-01 -8.597991296668006100e-02
9.221191406250000000e-01 -8.595098756436708731e-02
9.222412109375000000e-01 -8.592201159930275278e-02
9.223632812500000000e-01 -8.589298508853276948e-02
9.224853515625000000e-01 -8.586390804913250629e-02
9.226074218750000000e-01 -8.583478049820762734e-02
9.227294921875000000e-01 -8.580560245289264865e-02
9.228515625000000000e-01 -8.577637393035242308e-02
9.229736328125000000e-01 -8.574709494778162688e-02
9.230957031250000000e-01 -8.571776552240387148e-02
9.232177734375000000e-01 -8.568838567147341045e-02
9.233398437500000000e-01 -8.565895541227308563e-02
9.234619140625000000e-01 -8.562947476211625608e-02
9.235839843750000000e-01 -8.559994373834592385e-02
9.237060546875000000e-01 -8.557036235833377635e-02
9.238281250000000000e-01 -8.554073063948242073e-02
9.239501953125000000e-01 -8.551104859922288581e-02
9.240722656250000000e-01 -8.548131625501666220e-02
9.241943359375000000e-01 -8.545153362435457811e-02
9.243164062500000000e-01 -8.542170072475677167e-02
9.244384765625000000e-01 -8.539181757377345416e-02
9.245605468750000000e-01 -8.536188418898361940e-02
9.246826171875000000e-01 -8.533190058799697275e-02
9.248046875000000000e-01 -8.530186678845143311e-02
9.249267578125000000e-01 -8.527178280801545052e-02
9.250488281250000000e-01 -8.524164866438685428e-02
9.251708984375000000e-01 -8.521146437529232565e-02
9.252929687500000000e-01 -8.518122995848888268e-02
9.254150390625000000e-01 -8.515094543176239539e-02
9.255371093750000000e-01 -8.512061081292841835e-02
9.256591796875000000e-01 -8.509022611983252382e-02
9.257812500000000000e-01 -8.505979137034865023e-02
9.259033203125000000e-01 -8.502930658238123940e-02
9.260253906250000000e-01 -8.499877177386333527e-02
9.261474609375000000e-01 -8.496818696275798555e-02
9.262695312500000000e-01 -8.493755216705754785e-02
9.263916015625000000e-01 -8.490686740478324557e-02
9.265136718750000000e-01 -8.487613269398669447e-02
9.266357421875000000e-01 -8.484534805274790425e-02
9.267578125000000000e-01 -8.481451349917684679e-02
9.268798828125000000e-01 -8.478362905141281769e-02
9.270019531250000000e-01 -8.475269472762414491e-02
9.271240234375000000e-01 -8.472171054600891038e-02
9.272460937500000000e-01 -8.469067652479392305e-02
9.273681640625000000e-01 -8.465959268223620382e-02
9.274902343750000000e-01 -8.462845903662101488e-02
9.276123046875000000e-01 -8.459727560626394138e-02
9.277343750000000000e-01 -8.456604240950925389e-02
9.278564453125000000e-01 -8.453475946473056057e-02
9.279785156250000000e-01 -8.450342679033102933e-02
9.281005859375000000e-01 -8.447204440474247178e-02
9.282226562500000000e-01 -8.444061232642655068e-02
9.283447265625000000e-01 -8.440913057387416929e-02
9.284667968750000000e-01 -8.437759916560487461e-02
9.285888671875000000e-01 -8.434601812016810640e-02
9.287109375000000000e-01 -8.431438745614174002e-02
9.288330078125000000e-01 -8.428270719213365458e-02
9.289550781250000000e-01 -8.425097734678059502e-02
9.290771484375000000e-01 -8.421919793874797777e-02
9.291992187500000000e-01 -8.418736898673125080e-02
9.293212890625000000e-01 -8.415549050945433929e-02
9.294433593750000000e-01 -8.412356252567049220e-02
9.295654296875000000e-01 -8.409158505416239326e-02
9.296875000000000000e-01 -8.405955811374114794e-02
9.298095703125000000e-01 -8.402748172324785159e-02
9.299316406250000000e-01 -8.399535590155182696e-02
9.300537109375000000e-01 -8.396318066755215082e-02
9.301757812500000000e-01 -8.393095604017634936e-02
9.302978515625000000e-01 -8.389868203838166116e-02
9.304199218750000000e-01 -8.386635868115399628e-02
9.305419921875000000e-01 -8.383398598750811670e-02
9.306640625000000000e-01 -8.380156397648844124e-02
9.307861328125000000e-01 -8.376909266716761615e-02
9.309082031250000000e-01 -8.373657207864773633e-02
9.310302734375000000e-01 -8.370400223006027596e-02
9.311523437500000000e-01 -8.367138314056457582e-02
9.312744140625000000e-01 -8.363871482935007762e-02
9.313964843750000000e-01 -8.360599731563445047e-02
9.315185546875000000e-01 -8.357323061866468727e-02
9.316406250000000000e-01 -8.354041475771671610e-02
9.317626953125000000e-01 -8.350754975209485897e-02
9.318847656250000000e-01 -8.347463562113328905e-02
9.320068359375000000e-01 -8.344167238419405996e-02
9.321289062500000000e-01 -8.340866006066877114e-02
9.322509765625000000e-01 -8.337559866997784619e-02
9.323730468750000000e-01 -8.334248823157033859e-02
9.324951171875000000e-01 -8.330932876492437578e-02
9.326171875000000000e-01 -8.327612028954647916e-02
9.327392578125000000e-01 -8.324286282497288247e-02
9.328613281250000000e-01 -8.320955639076750565e-02
9.329833984375000000e-01 -8.317620100652398096e-02
9.331054687500000000e-01 -8.314279669186459831e-02
9.332275390625000000e-01 -8.310934346643984727e-02
9.333496093750000000e-01 -8.307584134992977709e-02
9.334716796875000000e-01 -8.304229036204242853e-02
9.335937500000000000e-01 -8.300869052251526325e-02
9.337158203125000000e-01 -8.297504185111428954e-02
9.338378906250000000e-01 -8.294134436763384022e-02
9.339599609375000000e-01 -8.290759809189755802e-02
9.340820312500000000e-01 -8.287380304375727147e-02
9.342041015625000000e-01 -8.283995924309385528e-02
9.343261718750000000e-01 -8.280606670981692508e-02
9.344482421875000000e-01 -8.277212546386417125e-02
9.345703125000000000e-01 -8.273813552520271897e-02
9.346923828125000000e-01 -8.270409691382780981e-02
9.348144531250000000e-01 -8.267000964976339850e-02
9.349365234375000000e-01 -8.263587375306245819e-02
9.350585937500000000e-01 -8.260168924380588418e-02
9.351806640625000000e-01 -8.256745614210389550e-02
9.353027343750000000e-01 -8.253317446809453617e-02
9.354248046875000000e-01 -8.249884424194527111e-02
9.355468750000000000e-01 -8.246446548385127917e-02
9.356689453125000000e-01 -8.243003821403699360e-02
9.357910156250000000e-01 -8.239556245275504731e-02
9.359130859375000000e-01 -8.236103822028643939e-02
9.360351562500000000e-01 -8.232646553694127067e-02
9.361572265625000000e-01 -8.229184442305730041e-02
9.362792968750000000e-01 -8.225717489900147283e-02
9.364013671875000000e-01 -8.222245698516909840e-02
9.365234375000000000e-01 -8.218769070198352067e-02
9.366455078125000000e-01 -8.215287606989718494e-02
9.367675781250000000e-01 -8.211801310939040310e-02
9.368896484375000000e-01 -8.208310184097215856e-02
9.370117187500000000e-01 -8.204814228518010621e-02
9.371337890625000000e-01 -8.201313446257971207e-02
9.372558593750000000e-01 -8.197807839376551609e-02
9.373779296875000000e-01 -8.194297409935974441e-02
9.375000000000000000e-01 -8.190782160001346124e-02
9.376220703125000000e-01 -8.187262091640623574e-02
9.377441406250000000e-01 -8.183737206924543428e-02
9.378662109375000000e-01 -8.180207507926723354e-02
9.379882812500000000e-01 -8.176672996723570452e-02
9.381103515625000000e-01 -8.173133675394382569e-02
9.382324218750000000e-01 -8.169589546021205351e-02
9.383544921875000000e-01 -8.166040610688987678e-02
9.384765625000000000e-01 -8.162486871485487294e-02
9.385986328125000000e-01 -8.158928330501241666e-02
9.387207031250000000e-01 -8.155364989829691491e-02
9.388427734375000000e-01 -8.151796851567019719e-02
9.389648437500000000e-01 -8.148223917812279227e-02
9.390869140625000000e-01 -8.144646190667366448e-02
9.392089843750000000e-01 -8.141063672236918680e-02
9.393310546875000000e-01 -8.137476364628491721e-02
9.394531250000000000e-01 -8.133884269952343371e-02
9.395751953125000000e-01 -8.130287390321658259e-02
9.396972656250000000e-01 -8.126685727852384078e-02
9.398193359375000000e-01 -8.123079284663260735e-02
9.399414062500000000e-01 -8.119468062875899450e-02
9.400634765625000000e-01 -8.115852064614650918e-02
9.401855468750000000e-01 -8.112231292006746863e-02
9.403076171875000000e-01 -8.108605747182162649e-02
9.404296875000000000e-01 -8.104975432273739400e-02
9.405517578125000000e-01 -8.101340349417103515e-02
9.406738281250000000e-01 -8.097700500750640296e-02
9.407958984375000000e-01 -8.094055888415638278e-02
9.409179687500000000e-01 -8.090406514556064410e-02
9.410400390625000000e-01 -8.086752381318797200e-02
9.411621093750000000e-01 -8.083093490853458796e-02
9.412841796875000000e-01 -8.079429845312463554e-02
9.414062500000000000e-01 -8.075761446851070779e-02
9.415283203125000000e-01 -8.072088297627266762e-02
9.416503906250000000e-01 -8.068410399801891064e-02
9.417724609375000000e-01 -8.064727755538574072e-02
9.418945312500000000e-01 -8.061040367003684259e-02
9.420166015625000000e-01 -8.057348236366447536e-02
9.421386718750000000e-01 -8.053651365798823736e-02
9.422607421875000000e-01 -8.049949757475600987e-02
9.423828125000000000e-01 -8.046243413574356851e-02
9.425048828125000000e-01 -8.042532336275395877e-02
9.426269531250000000e-01 -8.038816527761886988e-02
9.427490234375000000e-01 -8.035095990219724704e-02
9.428710937500000000e-01 -8.031370725837616575e-02
9.429931640625000000e-01 -8.027640736807024890e-02
9.431152343750000000e-01 -8.023906025322213864e-02
9.432373046875000000e-01 -8.020166593580238534e-02
9.433593750000000000e-01 -8.016422443780864271e-02
9.434814453125000000e-01 -8.012673578126731921e-02
9.436035156250000000e-01 -8.008919998823152420e-02
9.437255859375000000e-01 -8.005161708078291360e-02
9.438476562500000000e-01 -8.001398708103060753e-02
9.439697265625000000e-01 -7.997631001111098203e-02
9.440917968750000000e-01 -7.993858589318893204e-02
9.442138671875000000e-01 -7.990081474945617823e-02
9.443359375000000000e-01 -7.986299660213272422e-02
9.444580078125000000e-01 -7.982513147346617655e-02
9.445800781250000000e-01 -7.978721938573127281e-02
9.447021484375000000e-01 -7.974926036123100581e-02
9.448242187500000000e-01 -7.971125442229544389e-02
9.449462890625000000e-01 -7.967320159128259138e-02
9.450683593750000000e-01 -7.963510189057813882e-02
9.451904296875000000e-01 -7.959695534259485228e-02
9.453125000000000000e-01 -7.955876196977360038e-02
9.454345703125000000e-01 -7.952052179458239667e-02
9.455566406250000000e-01 -7.948223483951717683e-02
9.456787109375000000e-01 -7.944390112710085494e-02
9.458007812500000000e-01 -7.940552067988429497e-02
9.459228515625000000e-01 -7.936709352044588051e-02
9.460449218750000000e-01 -7.932861967139111237e-02
9.461669921875000000e-01 -7.929009915535339958e-02
9.462890625000000000e-01 -7.925153199499297696e-02
9.464111328125000000e-01 -7.921291821299829283e-02
9.465332031250000000e-01 -7.917425783208474621e-02
9.466552734375000000e-01 -7.913555087499508922e-02
9.467773437500000000e-01 -7.909679736449988507e-02
9.468994140625000000e-01 -7.905799732339648112e-02
9.470214843750000000e-01 -7.901915077451018843e-02
9.471435546875000000e-01 -7.898025774069357408e-02
9.472656250000000000e-01 -7.894131824482593374e-02
9.473876953125000000e-01 -7.890233230981484602e-02
9.475097656250000000e-01 -7.886329995859445163e-02
9.476318359375000000e-01 -7.882422121412649418e-02
9.477539062500000000e-01 -7.878509609940023695e-02
9.478759765625000000e-01 -7.874592463743165793e-02
9.479980468750000000e-01 -7.870670685126454624e-02
9.481201171875000000e-01 -7.866744276396958613e-02
9.482421875000000000e-01 -7.862813239864489823e-02
9.483642578125000000e-01 -7.858877577841566486e-02
9.484863281250000000e-01 -7.854937292643440760e-02
9.486083984375000000e-01 -7.850992386588102889e-02
9.487304687500000000e-01 -7.847042861996193774e-02
9.488525390625000000e-01 -7.843088721191170121e-02
9.489746093750000000e-01 -7.839129966499104596e-02
9.490966796875000000e-01 -7.835166600248855140e-02
9.492187500000000000e-01 -7.831198624771969208e-02
9.493408203125000000e-01 -7.827226042402690709e-02
9.494628906250000000e-01 -7.823248855478011354e-02
9.495849609375000000e-01 -7.819267066337576289e-02
9.497070312500000000e-01 -7.815280677323782621e-02
9.498291015625000000e-01 -7.811289690781737793e-02
9.499511718750000000e-01 -7.807294109059206844e-02
9.500732421875000000e-01 -7.803293934506722040e-02
9.501953125000000000e-01 -7.799289169477442718e-02
9.503173828125000000e-01 -7.795279816327287115e-02
9.504394531250000000e-01 -7.791265877414882413e-02
9.505615234375000000e-01 -7.787247355101473145e-02
9.506835937500000000e-01 -7.783224251751093281e-02
9.508056640625000000e-01 -7.779196569730410793e-02
9.509277343750000000e-01 -7.775164311408816475e-02
9.510498046875000000e-01 -7.771127479158378148e-02
9.511718750000000000e-01 -7.767086075353860086e-02
9.512939453125000000e-01 -7.763040102372724405e-02
9.514160156250000000e-01 -7.758989562595097755e-02
9.515380859375000000e-01 -7.754934458403835162e-02
9.516601562500000000e-01 -7.750874792184409001e-02
9.517822265625000000e-01 -7.746810566325050551e-02
9.519042968750000000e-01 -7.742741783216633422e-02
9.520263671875000000e-01 -7.738668445252704087e-02
9.521484375000000000e-01 -7.734590554829524900e-02
9.522705078125000000e-01 -7.730508114345983894e-02
9.523925781250000000e-01 -7.726421126203686374e-02
9.525146484375000000e-01 -7.722329592806928544e-02
9.526367187500000000e-01 -7.718233516562615637e-02
9.527587890625000000e-01 -7.714132899880392358e-02
9.528808593750000000e-01 -7.710027745172529090e-02
9.530029296875000000e-01 -7.705918054853982957e-02
9.531250000000000000e-01 -7.701803831342392270e-02
9.532470703125000000e-01 -7.697685077058032121e-02
9.533691406250000000e-01 -7.693561794423885158e-02
9.534912109375000000e-01 -7.689433985865537502e-02
9.536132812500000000e-01 -7.685301653811296707e-02
9.537353515625000000e-01 -7.681164800692089067e-02
9.538574218750000000e-01 -7.677023428941538719e-02
9.539794921875000000e-01 -7.672877540995912127e-02
9.541015625000000000e-01 -7.668727139294091721e-02
9.542236328125000000e-01 -7.664572226277699407e-02
9.543457031250000000e-01 -7.660412804390921704e-02
9.544677734375000000e-01 -7.656248876080658239e-02
9.545898437500000000e-01 -7.652080443796448195e-02
9.547119140625000000e-01 -7.647907509990456432e-02
9.548339843750000000e-01 -7.643730077117537325e-02
9.549560546875000000e-01 -7.639548147635132069e-02
9.550781250000000000e-01 -7.635361724003379702e-02
9.552001953125000000e-01 -7.631170808685064366e-02
9.553222656250000000e-01 -7.626975404145552861e-02
9.554443359375000000e-01 -7.622775512852933422e-02
9.555664062500000000e-01 -7.618571137277864447e-02
9.556884765625000000e-01 -7.614362279893685526e-02
9.558105468750000000e-01 -7.610148943176368863e-02
9.559326171875000000e-01 -7.605931129604490137e-02
9.560546875000000000e-01 -7.601708841659289562e-02
9.561767578125000000e-01 -7.597482081824631639e-02
9.562988281250000000e-01 -7.593250852587020427e-02
9.564208984375000000e-01 -7.589015156435556519e-02
9.565429687500000000e-01 -7.584774995861998104e-02
9.566650390625000000e-01 -7.580530373360741536e-02
9.567871093750000000e-01 -7.576281291428763054e-02
9.569091796875000000e-01 -7.572027752565713143e-02
9.570312500000000000e-01 -7.567769759273811070e-02
9.571533203125000000e-01 -7.563507314057940634e-02
9.572753906250000000e-01 -7.559240419425600210e-02
9.573974609375000000e-01 -7.554969077886862505e-02
9.575195312500000000e-01 -7.550693291954484188e-02
9.576416015625000000e-01 -7.546413064143758787e-02
9.577636718750000000e-01 -7.542128396972670734e-02
9.578857421875000000e-01 -7.537839292961770465e-02
9.580078125000000000e-01 -7.533545754634210501e-02
9.581298828125000000e-01 -7.529247784515792630e-02
9.582519531250000000e-01 -7.524945385134883258e-02
9.583740234375000000e-01 -7.520638559022474467e-02
9.584960937500000000e-01 -7.516327308712172917e-02
9.586181640625000000e-01 -7.512011636740173470e-02
9.587402343750000000e-01 -7.507691545645267528e-02
9.588623046875000000e-01 -7.503367037968856901e-02
9.589843750000000000e-01 -7.499038116254938546e-02
9.591064453125000000e-01 -7.494704783050094854e-02
9.592285156250000000e-01 -7.490367040903532503e-02
9.593505859375000000e-01 -7.486024892367036665e-02
9.594726562500000000e-01 -7.481678339994946025e-02
9.595947265625000000e-01 -7.477327386344266580e-02
9.597167968750000000e-01 -7.472972033974530082e-02
9.598388671875000000e-01 -7.468612285447875920e-02
9.599609375000000000e-01 -7.464248143329049734e-02
9.600830078125000000e-01 -7.459879610185345122e-02
9.602050781250000000e-01 -7.455506688586674424e-02
9.603271484375000000e-01 -7.451129381105502103e-02
9.604492187500000000e-01 -7.446747690316875279e-02
9.605712890625000000e-01 -7.442361618798470912e-02
9.606933593750000000e-01 -7.437971169130447313e-02
9.608154296875000000e-01 -7.433576343895642591e-02
9.609375000000000000e-01 -7.429177145679378980e-02
9.610595703125000000e-01 -7.424773577069612718e-02
9.611816406250000000e-01 -7.420365640656854944e-02
9.613037109375000000e-01 -7.415953339034161984e-02
9.614257812500000000e-01 -7.411536674797196411e-02
9.615478515625000000e-01 -7.407115650544150720e-02
9.616699218750000000e-01 -7.402690268875822266e-02
9.617919921875000000e-01 -7.398260532395520284e-02
9.619140625000000000e-01 -7.393826443709157481e-02
9.620361328125000000e-01 -7.389388005425208406e-02
9.621582031250000000e-01 -7.384945220154667811e-02
9.622802734375000000e-01 -7.380498090511132536e-02
9.624023437500000000e-01 -7.376046619110719627e-02
9.625244140625000000e-01 -7.371590808572117681e-02
9.626464843750000000e-01 -7.367130661516574364e-02
9.627685546875000000e-01 -7.362666180567865870e-02
9.628906250000000000e-01 -7.358197368352352441e-02
9.630126953125000000e-01 -7.353724227498886767e-02
9.631347656250000000e-01 -7.349246760638931952e-02
9.632568359375000000e-01 -7.344764970406471305e-02
9.633789062500000000e-01 -7.340278859437993075e-02
9.635009765625000000e-01 -7.335788430372591762e-02
9.636230468750000000e-01 -7.331293685851847375e-02
9.637451171875000000e-01 -7.326794628519915642e-02
9.638671875000000000e-01 -7.322291261023483600e-02
9.639892578125000000e-01 -7.317783586011754327e-02
9.641113281250000000e-01 -7.313271606136480252e-02
9.642333984375000000e-01 -7.308755324051935398e-02
9.643554687500000000e-01 -7.304234742414954240e-02
9.644775390625000000e-01 -7.299709863884849825e-02
9.645996093750000000e-01 -7.295180691123509531e-02
9.647216796875000000e-01 -7.290647226795327063e-02
9.648437500000000000e-01 -7.286109473567210781e-02
9.649658203125000000e-01 -7.281567434108635051e-02
9.650878906250000000e-01 -7.277021111091523664e-02
9.652099609375000000e-01 -7.272470507190384459e-02
9.653320312500000000e-01 -7.267915625082224662e-02
9.654541015625000000e-01 -7.263356467446546727e-02
9.655761718750000000e-01 -7.258793036965403844e-02
9.656982421875000000e-01 -7.254225336323334716e-02
9.658203125000000000e-01 -7.249653368207392701e-02
9.659423828125000000e-01 -7.245077135307170790e-02
9.660644531250000000e-01 -7.240496640314728061e-02
9.661865234375000000e-01 -7.235911885924660447e-02
9.663085937500000000e-01 -7.231322874834056336e-02
9.664306640625000000e-01 -7.226729609742513216e-02
9.665527343750000000e-01 -7.222132093352140458e-02
9.666748046875000000e-01 -7.217530328367527392e-02
9.667968750000000000e-01 -7.212924317495783555e-02
9.669189453125000000e-01 -7.208314063446499831e-02
9.670410156250000000e-01 -7.203699568931772046e-02
9.671630859375000000e-01 -7.199080836666178762e-02
9.672851562500000000e-01 -7.194457869366807645e-02
9.674072265625000000e-01 -7.189830669753245751e-02
9.675292968750000000e-01 -7.185199240547536503e-02
9.676513671875000000e-01 -7.180563584474242145e-02
9.677734375000000000e-01 -7.175923704260381286e-02
9.678955078125000000e-01 -7.171279602635491357e-02
9.680175781250000000e-01 -7.166631282331585584e-02
9.681396484375000000e-01 -7.161978746083134950e-02
9.682617187500000000e-01 -7.157321996627116767e-02
9.683837890625000000e-01 -7.152661036702961939e-02
9.685058593750000000e-01 -7.147995869052604923e-02
9.686279296875000000e-01 -7.143326496420453198e-02
9.687500000000000000e-01 -7.138652921553353958e-02
9.688720703125000000e-01 -7.133975147200678768e-02
9.689941406250000000e-01 -7.129293176114218089e-02
9.691162109375000000e-01 -7.124607011048263161e-02
9.692382812500000000e-01 -7.119916654759571306e-02
9.693603515625000000e-01 -7.115222110007349277e-02
9.694824218750000000e-01 -7.110523379553279621e-02
9.696044921875000000e-01 -7.105820466161504034e-02
9.697265625000000000e-01 -7.101113372598630291e-02
9.698486328125000000e-01 -7.096402101633700332e-02
9.699707031250000000e-01 -7.091686656038266590e-02
9.700927734375000000e-01 -7.086967038586278189e-02
9.702148437500000000e-01 -7.082243252054173932e-02
9.703369140625000000e-01 -7.077515299220835110e-02
9.704589843750000000e-01 -7.072783182867591056e-02
9.705810546875000000e-01 -7.068046905778224698e-02
9.707031250000000000e-01 -7.063306470738975329e-02
9.708251953125000000e-01 -7.058561880538510858e-02
9.709472656250000000e-01 -7.053813137967954172e-02
9.710693359375000000e-01 -7.049060245820856774e-02
9.711914062500000000e-01 -7.044303206893232083e-02
9.713134765625000000e-01 -7.039542023983537400e-02
9.714355468750000000e-01 -7.034776699892618390e-02
9.715576171875000000e-01 -7.030007237423836763e-02
9.716796875000000000e-01 -7.025233639382903739e-02
9.718017578125000000e-01 -7.020455908578022985e-02
9.719238281250000000e-01 -7.015674047819819847e-02
9.720458984375000000e-01 -7.010888059921320525e-02
9.721679687500000000e-01 -7.006097947698013140e-02
9.722900390625000000e-01 -7.001303713967790832e-02
9.724121093750000000e-01 -6.996505361550975355e-02
9.725341796875000000e-01 -6.991702893270312913e-02
9.726562500000000000e-01 -6.986896311950976934e-02
9.727783203125000000e-01 -6.982085620420566685e-02
9.729003906250000000e-01 -6.977270821509064247e-02
9.730224609375000000e-01 -6.972451918048912234e-02
9.731445312500000000e-01 -6.967628912874924973e-02
9.732666015625000000e-01 -6.962801808824364835e-02
9.733886718750000000e-01 -6.957970608736904761e-02
9.735107421875000000e-01 -6.953135315454594956e-02
9.736328125000000000e-01 -6.948295931821930893e-02
9.737548828125000000e-01 -6.943452460685779759e-02
9.738769531250000000e-01 -6.938604904895449843e-02
9.739990234375000000e-01 -6.933753267302618373e-02
9.741210937500000000e-01 -6.928897550761385637e-02
9.742431640625000000e-01 -6.924037758128240294e-02
9.743652343750000000e-01 -6.919173892262077408e-02
9.744873046875000000e-01 -6.914305956024176247e-02
9.746093750000000000e-01 -6.909433952278228042e-02
9.747314453125000000e-01 -6.904557883890309611e-02
9.748535156250000000e-01 -6.899677753728886143e-02
9.749755859375000000e-01 -6.894793564664791763e-02
9.750976562500000000e-01 -6.889905319571287823e-02
9.752197265625000000e-01 -6.885013021323999061e-02
9.753417968750000000e-01 -6.880116672800939970e-02
9.754638671875000000e-01 -6.875216276882503696e-02
9.755859375000000000e-01 -6.870311836451466203e-02
9.757080078125000000e-01 -6.865403354392987656e-02
9.758300781250000000e-01 -6.860490833594597160e-02
9.759521484375000000e-01 -6.855574276946209411e-02
9.760742187500000000e-01 -6.850653687340098330e-02
9.761962890625000000e-01 -6.845729067670924817e-02
9.763183593750000000e-01 -6.840800420835725648e-02
9.764404296875000000e-01 -6.835867749733887111e-02
9.765625000000000000e-01 -6.830931057267163042e-02
9.766845703125000000e-01 -6.825990346339709525e-02
9.768066406250000000e-01 -6.821045619857989128e-02
9.769287109375000000e-01 -6.816096880730887486e-02
9.770507812500000000e-01 -6.811144131869587004e-02
9.771728515625000000e-01 -6.806187376187684823e-02
9.772949218750000000e-01 -6.801226616601106778e-02
9.774169921875000000e-01 -6.796261856028142090e-02
9.775390625000000000e-01 -6.791293097389423938e-02
9.776611328125000000e-01 -6.786320343607958605e-02
9.777832031250000000e-01 -6.781343597609074125e-02
9.779052734375000000e-01 -6.776362862320466085e-02
9.780273437500000000e-01 -6.771378140672183743e-02
9.781494140625000000e-01 -6.766389435596599500e-02
9.782714843750000000e-01 -6.761396750028439429e-02
9.783935546875000000e-01 -6.756400086904777724e-02
9.785156250000000000e-01 -6.751399449165015887e-02
9.786376953125000000e-01 -6.746394839750904926e-02
9.787597656250000000e-01 -6.741386261606539809e-02
9.788818359375000000e-01 -6.736373717678303952e-02
9.790039062500000000e-01 -6.731357210914984401e-02
9.791259765625000000e-01 -6.726336744267641388e-02
9.792480468750000000e-01 -6.721312320689691588e-02
9.793701171875000000e-01 -6.716283943136876211e-02
9.794921875000000000e-01 -6.711251614567256829e-02
9.796142578125000000e-01 -6.706215337941225096e-02
9.797363281250000000e-01 -6.701175116221493033e-02
9.798583984375000000e-01 -6.696130952373093026e-02
9.799804687500000000e-01 -6.691082849363369500e-02
9.801025390625000000e-01 -6.686030810161998350e-02
9.802246093750000000e-01 -6.680974837740971672e-02
9.803466796875000000e-01 -6.675914935074575562e-02
9.804687500000000000e-01 -6.670851105139426196e-02
9.805908203125000000e-01 -6.665783350914435135e-02
9.807128906250000000e-01 -6.660711675380837082e-02
9.808349609375000000e-01 -6.655636081522182945e-02
9.809570312500000000e-01 -6.650556572324294036e-02
9.810791015625000000e-01 -6.645473150775323135e-02
9.812011718750000000e-01 -6.640385819865712858e-02
9.813232421875000000e-01 -6.635294582588209533e-02
9.814453125000000000e-01 -6.630199441937859040e-02
9.815673828125000000e-01 -6.625100400911999865e-02
9.816894531250000000e-01 -6.619997462510267272e-02
9.818115234375000000e-01 -6.614890629734587746e-02
9.819335937500000000e-01 -6.609779905589178994e-02
9.820556640625000000e-01 -6.604665293080549948e-02
9.821777343750000000e-01 -6.599546795217493822e-02
9.822998046875000000e-01 -6.594424415011095053e-02
9.824218750000000000e-01 -6.589298155474708485e-02
9.825439453125000000e-01 -6.584168019623992674e-02
9.826660156250000000e-01 -6.579034010476864092e-02
9.827880859375000000e-01 -6.573896131053530434e-02
9.829101562500000000e-01 -6.568754384376482292e-02
9.830322265625000000e-01 -6.563608773470466784e-02
9.831542968750000000e-01 -6.558459301362518090e-02
9.832763671875000000e-01 -6.553305971081938019e-02
9.833984375000000000e-01 -6.548148785660294624e-02
9.835205078125000000e-01 -6.542987748131433301e-02
9.836425781250000000e-01 -6.537822861531453200e-02
9.837646484375000000e-01 -6.532654128898728041e-02
9.838867187500000000e-01 -6.527481553273888071e-02
9.840087890625000000e-01 -6.522305137699822841e-02
9.841308593750000000e-01 -6.517124885221700636e-02
9.842529296875000000e-01 -6.511940798886911574e-02
9.843750000000000000e-01 -6.506752881745131445e-02
9.844970703125000000e-01 -6.501561136848260647e-02
9.846191406250000000e-01 -6.496365567250490802e-02
9.847412109375000000e-01 -6.491166176008239530e-02
9.848632812500000000e-01 -6.485962966180161549e-02
9.849853515625000000e-01 -6.480755940827177819e-02
9.851074218750000000e-01 -6.475545103012449177e-02
9.852294921875000000e-01 -6.470330455801366620e-02
9.853515625000000000e-01 -6.465112002261594326e-02
9.854736328125000000e-01 -6.459889745462991939e-02
9.855957031250000000e-01 -6.454663688477695060e-02
9.857177734375000000e-01 -6.449433834380047248e-02
9.858398437500000000e-01 -6.444200186246638873e-02
9.859619140625000000e-01 -6.438962747156296018e-02
9.860839843750000000e-01 -6.433721520190061050e-02
9.862060546875000000e-01 -6.428476508431218983e-02
9.863281250000000000e-01 -6.423227714965271118e-02
9.864501953125000000e-01 -6.417975142879951689e-02
9.865722656250000000e-01 -6.412718795265211214e-02
9.866943359375000000e-01 -6.407458675213217880e-02
9.868164062500000000e-01 -6.402194785818381140e-02
9.869384765625000000e-01 -6.396927130177296195e-02
9.870605468750000000e-01 -6.391655711388791183e-02
9.871826171875000000e-01 -6.386380532553910527e-02
9.873046875000000000e-01 -6.381101596775902440e-02
9.874267578125000000e-01 -6.375818907160234195e-02
9.875488281250000000e-01 -6.370532466814564365e-02
9.876708984375000000e-01 -6.365242278848791402e-02
9.877929687500000000e-01 -6.359948346374973138e-02
9.879150390625000000e-01 -6.354650672507404507e-02
9.880371093750000000e-01 -6.349349260362562031e-02
9.881591796875000000e-01 -6.344044113059151002e-02
9.882812500000000000e-01 -6.338735233718030548e-02
9.884033203125000000e-01 -6.333422625462283018e-02
9.885253906250000000e-01 -6.328106291417191775e-02
9.886474609375000000e-01 -6.322786234710206510e-02
9.887695312500000000e-01 -6.317462458470979314e-02
9.888916015625000000e-01 -6.312134965831353584e-02
9.890136718750000000e-01 -6.306803759925357078e-02
9.891357421875000000e-01 -6.301468843889207472e-02
9.892578125000000000e-01 -6.296130220861274884e-02
9.893798828125000000e-01 -6.290787893982160983e-02
9.895019531250000000e-01 -6.285441866394601840e-02
9.896240234375000000e-01 -6.280092141243537318e-02
9.897460937500000000e-01 -6.274738721676068054e-02
9.898681640625000000e-01 -6.269381610841474883e-02
9.899902343750000000e-01 -6.264020811891202190e-02
9.901123046875000000e-01 -6.258656327978882883e-02
9.902343750000000000e-01 -6.253288162260292604e-02
9.903564453125000000e-01 -6.247916317893390664e-02
9.904785156250000000e-01 -6.242540798038290900e-02
9.906005859375000000e-01 -6.237161605857272084e-02
9.907226562500000000e-01 -6.231778744514779311e-02
9.908447265625000000e-01 -6.226392217177412897e-02
9.909667968750000000e-01 -6.221002027013926988e-02
9.910888671875000000e-01 -6.215608177195226791e-02
9.912109375000000000e-01 -6.210210670894373425e-02
9.913330078125000000e-01 -6.204809511286585311e-02
9.914550781250000000e-01 -6.199404701549230540e-02
9.915771484375000000e-01 -6.193996244861811606e-02
9.916992187500000000e-01 -6.188584144405977899e-02
9.918212890625000000e-01 -6.183168403365551374e-02
9.919433593750000000e-01 -6.177749024926453697e-02
9.920654296875000000e-01 -6.172326012276766610e-02
9.921875000000000000e-01 -6.166899368606718751e-02
9.923095703125000000e-01 -6.161469097108659976e-02
9.924316406250000000e-01 -6.156035200977074545e-02
9.925537109375000000e-01 -6.150597683408586674e-02
9.926757812500000000e-01 -6.145156547601949432e-02
9.927978515625000000e-01 -6.139711796758041962e-02
9.929199218750000000e-01 -6.134263434079864630e-02
9.930419921875000000e-01 -6.128811462772565388e-02
9.931640625000000000e-01 -6.123355886043382879e-02
9.932861328125000000e-01 -6.117896707101697779e-02
9.934082031250000000e-01 -6.112433929159005047e-02
9.935302734375000000e-01 -6.106967555428916006e-02
9.936523437500000000e-01 -6.101497589127152094e-02
9.937744140625000000e-01 -6.096024033471564296e-02
9.938964843750000000e-01 -6.090546891682092900e-02
9.940185546875000000e-01 -6.085066166980802188e-02
9.941406250000000000e-01 -6.079581862591867253e-02
9.942626953125000000e-01 -6.074093981741566367e-02
9.943847656250000000e-01 -6.068602527658265022e-02
9.945068359375000000e-01 -6.063107503572453399e-02
9.946289062500000000e-01 -6.057608912716708205e-02
9.947509765625000000e-01 -6.052106758325710018e-02
9.948730468750000000e-01 -6.046601043636236350e-02
9.949951171875000000e-01 -6.041091771887155404e-02
9.951171875000000000e-01 -6.035578946319428845e-02
9.952392578125000000e-01 -6.030062570176114578e-02
9.953613281250000000e-01 -6.024542646702348708e-02
9.954833984375000000e-01 -6.019019179145364967e-02
9.956054687500000000e-01 -6.013492170754471816e-02
9.957275390625000000e-01 -6.007961624781071180e-02
9.958496093750000000e-01 -6.002427544478636939e-02
9.959716796875000000e-01 -5.996889933102730885e-02
9.960937500000000000e-01 -5.991348793910977050e-02
9.962158203125000000e-01 -5.985804130163099174e-02
9.963378906250000000e-01 -5.980255945120867278e-02
9.964599609375000000e-01 -5.974704242048142766e-02
9.965820312500000000e-01 -5.969149024210847199e-02
9.967041015625000000e-01 -5.963590294876973397e-02
9.968261718750000000e-01 -5.958028057316574339e-02
9.969482421875000000e-01 -5.952462314801779120e-02
9.970703125000000000e-01 -5.946893070606762421e-02
9.971923828125000000e-01 -5.941320328007772961e-02
9.973144531250000000e-01 -5.935744090283107816e-02
9.974365234375000000e-01 -5.930164360713126304e-02
9.975585937500000000e-01 -5.924581142580238879e-02
9.976806640625000000e-01 -5.918994439168907828e-02
9.978027343750000000e-01 -5.913404253765646573e-02
9.979248046875000000e-01 -5.907810589659020367e-02
9.980468750000000000e-01 -5.902213450139633111e-02
9.981689453125000000e-01 -5.896612838500144699e-02
9.982910156250000000e-01 -5.891008758035245346e-02
9.984130859375000000e-01 -5.885401212041671548e-02
9.985351562500000000e-01 -5.879790203818197059e-02
9.986572265625000000e-01 -5.874175736665635666e-02
9.987792968750000000e-01 -5.868557813886834257e-02
9.989013671875000000e-01 -5.862936438786672116e-02
9.990234375000000000e-01 -5.857311614672054689e-02
9.991455078125000000e-01 -5.851683344851927454e-02
9.992675781250000000e-01 -5.846051632637252332e-02
9.993896484375000000e-01 -5.840416481341023647e-02
9.995117187500000000e-01 -5.834777894278253552e-02
9.996337890625000000e-01 -5.829135874765976888e-02
9.997558593750000000e-01 -5.823490426123251185e-02
9.998779296875000000e-01 -5.817841551671144862e-02
