# x u(x,t)
0.000000000000000000e+00 7.498399796104954218e-02
1.220703125000000000e-04 7.498623723334396640e-02
2.441406250000000000e-04 7.498847647925510618e-02
3.662109375000000000e-04 7.499071569657878022e-02
4.882812500000000000e-04 7.499295488897084194e-02
6.103515625000000000e-04 7.499519405130067318e-02
7.324218750000000000e-04 7.499743319014434695e-02
8.544921875000000000e-04 7.499967229744664010e-02
9.765625000000000000e-04 7.500191138271827818e-02
1.098632812500000000e-03 7.500415043497404843e-02
1.220703125000000000e-03 7.500638946664822670e-02
1.342773437500000000e-03 7.500862846382844173e-02
1.464843750000000000e-03 7.501086744187690503e-02
1.586914062500000000e-03 7.501310638395708441e-02
1.708984375000000000e-03 7.501534530835207715e-02
1.831054687500000000e-03 7.501758419530446531e-02
1.953125000000000000e-03 7.501982306602650308e-02
2.075195312500000000e-03 7.502206189782489876e-02
2.197265625000000000e-03 7.502430071484383900e-02
2.319335937500000000e-03 7.502653949146176338e-02
2.441406250000000000e-03 7.502877825475329221e-02
2.563476562500000000e-03 7.503101697616482157e-02
2.685546875000000000e-03 7.503325568570107240e-02
2.807617187500000000e-03 7.503549435188389127e-02
2.929687500000000000e-03 7.503773300763638687e-02
3.051757812500000000e-03 7.503997161855835429e-02
3.173828125000000000e-03 7.504221022050877599e-02
3.295898437500000000e-03 7.504444877614757647e-02
3.417968750000000000e-03 7.504668732426267308e-02
3.540039062500000000e-03 7.504892582459388173e-02
3.662109375000000000e-03 7.505116431884883976e-02
3.784179687500000000e-03 7.505340276384159237e-02
3.906250000000000000e-03 7.505564120421481800e-02
4.028320312500000000e-03 7.505787959384502273e-02
4.150390625000000000e-03 7.506011798030653992e-02
4.272460937500000000e-03 7.506235631455338009e-02
4.394531250000000000e-03 7.506459464707204710e-02
4.516601562500000000e-03 7.506683292590143886e-02
4.638671875000000000e-03 7.506907120446526527e-02
4.760742187500000000e-03 7.507130942785172900e-02
4.882812500000000000e-03 7.507354765242463257e-02
5.004882812500000000e-03 7.507578582034629688e-02
5.126953125000000000e-03 7.507802399090235390e-02
5.249023437500000000e-03 7.508026210333318406e-02
5.371093750000000000e-03 7.508250021984763656e-02
5.493164062500000000e-03 7.508473827676098722e-02
5.615234375000000000e-03 7.508697633920702330e-02
5.737304687500000000e-03 7.508921434057413968e-02
5.859375000000000000e-03 7.509145234892999898e-02
5.981445312500000000e-03 7.509369029472579005e-02
6.103515625000000000e-03 7.509592824895877650e-02
6.225585937500000000e-03 7.509816613916148187e-02
6.347656250000000000e-03 7.510040403924639341e-02
6.469726562500000000e-03 7.510264187382525991e-02
6.591796875000000000e-03 7.510487971974116883e-02
6.713867187500000000e-03 7.510711749867143849e-02
6.835937500000000000e-03 7.510935529039025615e-02
6.958007812500000000e-03 7.511159301364167540e-02
7.080078125000000000e-03 7.511383075113731156e-02
7.202148437500000000e-03 7.511606841869045148e-02
7.324218750000000000e-03 7.511830610193337421e-02
7.446289062500000000e-03 7.512054371375842532e-02
7.568359375000000000e-03 7.512278134272842856e-02
7.690429687500000000e-03 7.512501889880035533e-02
7.812500000000000000e-03 7.512725647346824021e-02
7.934570312500000000e-03 7.512949397375978666e-02
8.056640625000000000e-03 7.513173149410068419e-02
8.178710937500000000e-03 7.513396893858287351e-02
8.300781250000000000e-03 7.513620640457058242e-02
8.422851562500000000e-03 7.513844379322281997e-02
8.544921875000000000e-03 7.514068120482914059e-02
8.666992187500000000e-03 7.514291853762489204e-02
8.789062500000000000e-03 7.514515589482412272e-02
8.911132812500000000e-03 7.514739317173185773e-02
9.033203125000000000e-03 7.514963047450257116e-02
9.155273437500000000e-03 7.515186769550108448e-02
9.277343750000000000e-03 7.515410494380958539e-02
9.399414062500000000e-03 7.515634210887411903e-02
9.521484375000000000e-03 7.515857930269764786e-02
9.643554687500000000e-03 7.516081641180066830e-02
9.765625000000000000e-03 7.516305355111607689e-02
9.887695312500000000e-03 7.516529060422727504e-02
1.000976562500000000e-02 7.516752768900464288e-02
1.013183593750000000e-02 7.516976468610264694e-02
1.025390625000000000e-02 7.517200171631499561e-02
1.037597656250000000e-02 7.517423865737304922e-02
1.049804687500000000e-02 7.517647563299956204e-02
1.062011718750000000e-02 7.517871251798635690e-02
1.074218750000000000e-02 7.518094943900138771e-02
1.086425781250000000e-02 7.518318626789438630e-02
1.098632812500000000e-02 7.518542313426651580e-02
1.110839843750000000e-02 7.518765990703868418e-02
1.123046875000000000e-02 7.518989671874609648e-02
1.135253906250000000e-02 7.519213343537245464e-02
1.147460937500000000e-02 7.519437019238539577e-02
1.159667968750000000e-02 7.519660685284051960e-02
1.171875000000000000e-02 7.519884355513556384e-02
1.184082031250000000e-02 7.520108015939147572e-02
1.196289062500000000e-02 7.520331680694258836e-02
1.208496093750000000e-02 7.520555335497358662e-02
1.220703125000000000e-02 7.520778994774901527e-02
1.232910156250000000e-02 7.521002643953322853e-02
1.245117187500000000e-02 7.521226297751038015e-02
1.257324218750000000e-02 7.521449941301733277e-02
1.269531250000000000e-02 7.521673589617627886e-02
1.281738281250000000e-02 7.521897227537616137e-02
1.293945312500000000e-02 7.522120870368392831e-02
1.306152343750000000e-02 7.522344502655725629e-02
1.318359375000000000e-02 7.522568139999002979e-02
1.330566406250000000e-02 7.522791766650660517e-02
1.342773437500000000e-02 7.523015398503707374e-02
1.354980468750000000e-02 7.523239019517125037e-02
1.367187500000000000e-02 7.523462645877143640e-02
1.379394531250000000e-02 7.523686261250306373e-02
1.391601562500000000e-02 7.523909882114881986e-02
1.403808593750000000e-02 7.524133491844425814e-02
1.416015625000000000e-02 7.524357107210943862e-02
1.428222656250000000e-02 7.524580711294631685e-02
1.440429687500000000e-02 7.524804321160788456e-02
1.452636718750000000e-02 7.525027919595322912e-02
1.464843750000000000e-02 7.525251523958703670e-02
1.477050781250000000e-02 7.525475116741886517e-02
1.489257812500000000e-02 7.525698715599027366e-02
1.501464843750000000e-02 7.525922302728932367e-02
1.513671875000000000e-02 7.526145896077351960e-02
1.525878906250000000e-02 7.526369477550443055e-02
1.538085937500000000e-02 7.526593065388448300e-02
1.550292968750000000e-02 7.526816641202016545e-02
1.562500000000000000e-02 7.527040223526226814e-02
1.574707031250000000e-02 7.527263793678151682e-02
1.586914062500000000e-02 7.527487370485952400e-02
1.599121093750000000e-02 7.527710934973802503e-02
1.611328125000000000e-02 7.527934506262701220e-02
1.623535156250000000e-02 7.528158065083417894e-02
1.635742187500000000e-02 7.528381630850977668e-02
1.647949218750000000e-02 7.528605184001901929e-02
1.660156250000000000e-02 7.528828744245552596e-02
1.672363281250000000e-02 7.529052291723947743e-02
1.684570312500000000e-02 7.529275846441024767e-02
1.696777343750000000e-02 7.529499388244564884e-02
1.708984375000000000e-02 7.529722937432109520e-02
1.721191406250000000e-02 7.529946473558413178e-02
1.733398437500000000e-02 7.530170017214049549e-02
1.745605468750000000e-02 7.530393547659958164e-02
1.757812500000000000e-02 7.530617085781277087e-02
1.770019531250000000e-02 7.530840610544620173e-02
1.782226562500000000e-02 7.531064143128357591e-02
1.794433593750000000e-02 7.531287662206431754e-02
1.806640625000000000e-02 7.531511189250600369e-02
1.818847656250000000e-02 7.531734702640835444e-02
1.831054687500000000e-02 7.531958224142282221e-02
1.843261718750000000e-02 7.532181731841625094e-02
1.855468750000000000e-02 7.532405247798512615e-02
1.867675781250000000e-02 7.532628749804487489e-02
1.879882812500000000e-02 7.532852260213751538e-02
1.892089843750000000e-02 7.533075756523982536e-02
1.904296875000000000e-02 7.533299261382736534e-02
1.916503906250000000e-02 7.533522751994625732e-02
1.928710937500000000e-02 7.533746251300660335e-02
1.940917968750000000e-02 7.533969736211271195e-02
1.953125000000000000e-02 7.534193229962221627e-02
1.965332031250000000e-02 7.534416709168678672e-02
1.977539062500000000e-02 7.534640197361475167e-02
1.989746093750000000e-02 7.534863670861646767e-02
2.001953125000000000e-02 7.535087153493830181e-02
2.014160156250000000e-02 7.535310621284790900e-02
2.026367187500000000e-02 7.535534098354085275e-02
2.038574218750000000e-02 7.535757560433209434e-02
2.050781250000000000e-02 7.535981031936350716e-02
2.062988281250000000e-02 7.536204488301651017e-02
2.075195312500000000e-02 7.536427954236241122e-02
2.087402343750000000e-02 7.536651404884425753e-02
2.099609375000000000e-02 7.536874865248172073e-02
2.111816406250000000e-02 7.537098310176681970e-02
2.124023437500000000e-02 7.537321764966686821e-02
2.136230468750000000e-02 7.537545204172768631e-02
2.148437500000000000e-02 7.537768653386778261e-02
2.160644531250000000e-02 7.537992086868094965e-02
2.172851562500000000e-02 7.538215530503006301e-02
2.185058593750000000e-02 7.538438958256538092e-02
2.197265625000000000e-02 7.538662396310119584e-02
2.209472656250000000e-02 7.538885818333923572e-02
2.221679687500000000e-02 7.539109250802994433e-02
2.233886718750000000e-02 7.539332667094122975e-02
2.246093750000000000e-02 7.539556093976618190e-02
2.258300781250000000e-02 7.539779504531984866e-02
2.270507812500000000e-02 7.540002925825295410e-02
2.282714843750000000e-02 7.540226330643057251e-02
2.294921875000000000e-02 7.540449746344074500e-02
2.307128906250000000e-02 7.540673145421178392e-02
2.319335937500000000e-02 7.540896555527742962e-02
2.331542968750000000e-02 7.541119948861491062e-02
2.343750000000000000e-02 7.541343353370810743e-02
2.355957031250000000e-02 7.541566740958516313e-02
2.368164062500000000e-02 7.541790139868209675e-02
2.380371093750000000e-02 7.542013521707485735e-02
2.392578125000000000e-02 7.542236915014671750e-02
2.404785156250000000e-02 7.542460291102637271e-02
2.416992187500000000e-02 7.542683678804912306e-02
2.429199218750000000e-02 7.542907049139152553e-02
2.441406250000000000e-02 7.543130431233591171e-02
2.453613281250000000e-02 7.543353795811513773e-02
2.465820312500000000e-02 7.543577172295734545e-02
2.478027343750000000e-02 7.543800531114525088e-02
2.490234375000000000e-02 7.544023901985752456e-02
2.502441406250000000e-02 7.544247255042729750e-02
2.514648437500000000e-02 7.544470620298548980e-02
2.526855468750000000e-02 7.544693967591392658e-02
2.539062500000000000e-02 7.544917327229139214e-02
2.551269531250000000e-02 7.545140668754690694e-02
2.563476562500000000e-02 7.545364022771694490e-02
2.575683593750000000e-02 7.545587358527949817e-02
2.587890625000000000e-02 7.545810706921396438e-02
2.600097656250000000e-02 7.546034036905280296e-02
2.612304687500000000e-02 7.546257379673049215e-02
2.624511718750000000e-02 7.546480703882058050e-02
2.636718750000000000e-02 7.546704041021246034e-02
2.648925781250000000e-02 7.546927359452498818e-02
2.661132812500000000e-02 7.547150690960569008e-02
2.673339843750000000e-02 7.547374003611906357e-02
2.685546875000000000e-02 7.547597329486049889e-02
2.697753906250000000e-02 7.547820636354407586e-02
2.709960937500000000e-02 7.548043956592398462e-02
2.722167968750000000e-02 7.548267257674923236e-02
2.734375000000000000e-02 7.548490572274130228e-02
2.746582031250000000e-02 7.548713867568901392e-02
2.758789062500000000e-02 7.548937176526193671e-02
2.770996093750000000e-02 7.549160466030213623e-02
2.783203125000000000e-02 7.549383769343348538e-02
2.795410156250000000e-02 7.549607053053908334e-02
2.807617187500000000e-02 7.549830350720243555e-02
2.819824218750000000e-02 7.550053628634656455e-02
2.832031250000000000e-02 7.550276920651360912e-02
2.844238281250000000e-02 7.550500192767095609e-02
2.856445312500000000e-02 7.550723479132070981e-02
2.868652343750000000e-02 7.550946745446318609e-02
2.880859375000000000e-02 7.551170026156683868e-02
2.893066406250000000e-02 7.551393286667251736e-02
2.905273437500000000e-02 7.551616561720086995e-02
2.917480468750000000e-02 7.551839816424177343e-02
2.929687500000000000e-02 7.552063085816690391e-02
2.941894531250000000e-02 7.552286334711577620e-02
2.954101562500000000e-02 7.552509598441831118e-02
2.966308593750000000e-02 7.552732841524945062e-02
2.978515625000000000e-02 7.552956099589941408e-02
2.990722656250000000e-02 7.553179336858556470e-02
3.002929687500000000e-02 7.553402589255697741e-02
3.015136718750000000e-02 7.553625820706894034e-02
3.027343750000000000e-02 7.553849067433926479e-02
3.039550781250000000e-02 7.554072293065555721e-02
3.051757812500000000e-02 7.554295534119603861e-02
3.063964843750000000e-02 7.554518753928546326e-02
3.076171875000000000e-02 7.554741989306823502e-02
3.088378906250000000e-02 7.554965203291108544e-02
3.100585937500000000e-02 7.555188432990517233e-02
3.112792968750000000e-02 7.555411641147269375e-02
3.125000000000000000e-02 7.555634865166321879e-02
3.137207031250000000e-02 7.555858067492271513e-02
3.149414062500000000e-02 7.556081285828059046e-02
3.161621093750000000e-02 7.556304482320691518e-02
3.173828125000000000e-02 7.556527694970449627e-02
3.186035156250000000e-02 7.556750885627627756e-02
3.198242187500000000e-02 7.556974092588875092e-02
3.210449218750000000e-02 7.557197277407706748e-02
3.222656250000000000e-02 7.557420478677284725e-02
3.234863281250000000e-02 7.557643657655266356e-02
3.247070312500000000e-02 7.557866853230826854e-02
3.259277343750000000e-02 7.558090026365105185e-02
3.271484375000000000e-02 7.558313216244966215e-02
3.283691406250000000e-02 7.558536383532643566e-02
3.295898437500000000e-02 7.558759567713091432e-02
3.308105468750000000e-02 7.558982729151941804e-02
3.320312500000000000e-02 7.559205907630400789e-02
3.332519531250000000e-02 7.559429063217459888e-02
3.344726562500000000e-02 7.559652235992031510e-02
3.356933593750000000e-02 7.559875385724912356e-02
3.369140625000000000e-02 7.560098552792193782e-02
3.381347656250000000e-02 7.560321696668620417e-02
3.393554687500000000e-02 7.560544858025958215e-02
3.405761718750000000e-02 7.560767996042905281e-02
3.417968750000000000e-02 7.560991151688423173e-02
3.430175781250000000e-02 7.561214283843126216e-02
3.442382812500000000e-02 7.561437433773343653e-02
3.454589843750000000e-02 7.561660560063770964e-02
3.466796875000000000e-02 7.561883704276023410e-02
3.479003906250000000e-02 7.562106824698855423e-02
3.491210937500000000e-02 7.562329963191588567e-02
3.503417968750000000e-02 7.562553077744238461e-02
3.515625000000000000e-02 7.562776210514332575e-02
3.527832031250000000e-02 7.562999319194096959e-02
3.540039062500000000e-02 7.563222446238965224e-02
3.552246093750000000e-02 7.563445549042879801e-02
3.564453125000000000e-02 7.563668670360135238e-02
3.576660156250000000e-02 7.563891767286468060e-02
3.588867187500000000e-02 7.564114882872868817e-02
3.601074218750000000e-02 7.564337973918322522e-02
3.613281250000000000e-02 7.564561083771537131e-02
3.625488281250000000e-02 7.564784168932792152e-02
3.637695312500000000e-02 7.565007273050672332e-02
3.649902343750000000e-02 7.565230352328544683e-02
3.662109375000000000e-02 7.565453450706238758e-02
3.674316406250000000e-02 7.565676524093883915e-02
3.686523437500000000e-02 7.565899616730459298e-02
3.698730468750000000e-02 7.566122684228487882e-02
3.710937500000000000e-02 7.566345771123228481e-02
3.723144531250000000e-02 7.566568832724435145e-02
3.735351562500000000e-02 7.566791913872655817e-02
3.747558593750000000e-02 7.567014969578578221e-02
3.759765625000000000e-02 7.567238044977708800e-02
3.771972656250000000e-02 7.567461094784394549e-02
3.784179687500000000e-02 7.567684164432342264e-02
3.796386718750000000e-02 7.567907208336582814e-02
3.808593750000000000e-02 7.568130272230222388e-02
3.820800781250000000e-02 7.568353310230357955e-02
3.833007812500000000e-02 7.568576368366919382e-02
3.845214843750000000e-02 7.568799400459674809e-02
3.857421875000000000e-02 7.569022452837609327e-02
3.869628906250000000e-02 7.569245479020259015e-02
3.881835937500000000e-02 7.569468525635775213e-02
3.894042968750000000e-02 7.569691545905998797e-02
3.906250000000000000e-02 7.569914586757098274e-02
3.918457031250000000e-02 7.570137601112097991e-02
3.930664062500000000e-02 7.570360636196155069e-02
3.942871093750000000e-02 7.570583644633321896e-02
3.955078125000000000e-02 7.570806673947355625e-02
3.967285156250000000e-02 7.571029676464086089e-02
3.979492187500000000e-02 7.571252700005881575e-02
3.991699218750000000e-02 7.571475696599394567e-02
4.003906250000000000e-02 7.571698714366159599e-02
4.016113281250000000e-02 7.571921705033873851e-02
4.028320312500000000e-02 7.572144717022438742e-02
4.040527343750000000e-02 7.572367701761989478e-02
4.052734375000000000e-02 7.572590707970372481e-02
4.064941406250000000e-02 7.572813686778884223e-02
4.077148437500000000e-02 7.573036687204470763e-02
4.089355468750000000e-02 7.573259660078701661e-02
4.101562500000000000e-02 7.573482654718921570e-02
4.113769531250000000e-02 7.573705621656606768e-02
4.125976562500000000e-02 7.573928610508862125e-02
4.138183593750000000e-02 7.574151571507631298e-02
4.150390625000000000e-02 7.574374554568824580e-02
4.162597656250000000e-02 7.574597509626185277e-02
4.174804687500000000e-02 7.574820486893807381e-02
4.187011718750000000e-02 7.575043436006739794e-02
4.199218750000000000e-02 7.575266407478520314e-02
4.211425781250000000e-02 7.575489350643943576e-02
4.223632812500000000e-02 7.575712316317428918e-02
4.235839843750000000e-02 7.575935253533144786e-02
4.248046875000000000e-02 7.576158213404970976e-02
4.260253906250000000e-02 7.576381144668342671e-02
4.272460937500000000e-02 7.576604098736700044e-02
4.284667968750000000e-02 7.576827024044707759e-02
4.296875000000000000e-02 7.577049972306609815e-02
4.309082031250000000e-02 7.577272891657282905e-02
4.321289062500000000e-02 7.577495834109687634e-02
4.333496093750000000e-02 7.577718747500167273e-02
4.345703125000000000e-02 7.577941684141087375e-02
4.357910156250000000e-02 7.578164591568292696e-02
4.370117187500000000e-02 7.578387522394702813e-02
4.382324218750000000e-02 7.578610423856085854e-02
4.394531250000000000e-02 7.578833348865732233e-02
4.406738281250000000e-02 7.579056244358728378e-02
4.418945312500000000e-02 7.579279163548652276e-02
4.431152343750000000e-02 7.579502053070702461e-02
4.443359375000000000e-02 7.579724966438544653e-02
4.455566406250000000e-02 7.579947849987117570e-02
4.467773437500000000e-02 7.580170757529997028e-02
4.479980468750000000e-02 7.580393635101934091e-02
4.492187500000000000e-02 7.580616536817452733e-02
4.504394531250000000e-02 7.580839408410455782e-02
4.516601562500000000e-02 7.581062304295471677e-02
4.528808593750000000e-02 7.581285169907092669e-02
4.541015625000000000e-02 7.581508059959707335e-02
4.553222656250000000e-02 7.581730919586943118e-02
4.565429687500000000e-02 7.581953803804281078e-02
4.577636718750000000e-02 7.582176657444067436e-02
4.589843750000000000e-02 7.582399535823769465e-02
4.602050781250000000e-02 7.582622383474257877e-02
4.614257812500000000e-02 7.582845256013187596e-02
4.626464843750000000e-02 7.583068097671158414e-02
4.638671875000000000e-02 7.583290964366806719e-02
4.650878906250000000e-02 7.583513800029850760e-02
4.663085937500000000e-02 7.583736660879653035e-02
4.675292968750000000e-02 7.583959490545172377e-02
4.687500000000000000e-02 7.584182345546719439e-02
4.699707031250000000e-02 7.584405169211633213e-02
4.711914062500000000e-02 7.584628018362254975e-02
4.724121093750000000e-02 7.584850836024242815e-02
4.736328125000000000e-02 7.585073679321130413e-02
4.748535156250000000e-02 7.585296490977250228e-02
4.760742187500000000e-02 7.585519328417716922e-02
4.772949218750000000e-02 7.585742134065870390e-02
4.785156250000000000e-02 7.585964965647851166e-02
4.797363281250000000e-02 7.586187765284457818e-02
4.809570312500000000e-02 7.586410591004860704e-02
4.821777343750000000e-02 7.586633384627794463e-02
4.833984375000000000e-02 7.586856204484160315e-02
4.846191406250000000e-02 7.587078992091200735e-02
4.858398437500000000e-02 7.587301806080370969e-02
4.870605468750000000e-02 7.587524587668331710e-02
4.882812500000000000e-02 7.587747395788030369e-02
4.895019531250000000e-02 7.587970171354380122e-02
4.907226562500000000e-02 7.588192973602614355e-02
4.919433593750000000e-02 7.588415743144305559e-02
4.931640625000000000e-02 7.588638539517650328e-02
4.943847656250000000e-02 7.588861303032573558e-02
4.956054687500000000e-02 7.589084093528558617e-02
4.968261718750000000e-02 7.589306851013855049e-02
4.980468750000000000e-02 7.589529635630098969e-02
4.992675781250000000e-02 7.589752387082754348e-02
5.004882812500000000e-02 7.589975165816620351e-02
5.017089843750000000e-02 7.590197911234125572e-02
5.029296875000000000e-02 7.590420684082971325e-02
5.041503906250000000e-02 7.590643423463061534e-02
5.053710937500000000e-02 7.590866190424128135e-02
5.065917968750000000e-02 7.591088923763861240e-02
5.078125000000000000e-02 7.591311684834239903e-02
5.090332031250000000e-02 7.591534412130818144e-02
5.102539062500000000e-02 7.591757167308665899e-02
5.114746093750000000e-02 7.591979888559213796e-02
5.126953125000000000e-02 7.592202637841261037e-02
5.139160156250000000e-02 7.592425353043397163e-02
5.151367187500000000e-02 7.592648096427606630e-02
5.163574218750000000e-02 7.592870805578660898e-02
5.175781250000000000e-02 7.593093543061846251e-02
5.187988281250000000e-02 7.593316246159492744e-02
5.200195312500000000e-02 7.593538977739228146e-02
5.212402343750000000e-02 7.593761674780641346e-02
5.224609375000000000e-02 7.593984400454345529e-02
5.236816406250000000e-02 7.594207091436067092e-02
5.249023437500000000e-02 7.594429811201142133e-02
5.261230468750000000e-02 7.594652496121540031e-02
5.273437500000000000e-02 7.594875209974599750e-02
5.285644531250000000e-02 7.595097888830787403e-02
5.297851562500000000e-02 7.595320596769855603e-02
5.310058593750000000e-02 7.595543269558568955e-02
5.322265625000000000e-02 7.595765971582268961e-02
5.334472656250000000e-02 7.595988638301087725e-02
5.346679687500000000e-02 7.596211334404479043e-02
5.358886718750000000e-02 7.596433995051177224e-02
5.371093750000000000e-02 7.596656685232811013e-02
5.383300781250000000e-02 7.596879339804279985e-02
5.395507812500000000e-02 7.597102024061597181e-02
5.407714843750000000e-02 7.597324672555649805e-02
5.419921875000000000e-02 7.597547350885969220e-02
5.432128906250000000e-02 7.597769993299041680e-02
5.444335937500000000e-02 7.597992665700015191e-02
5.456542968750000000e-02 7.598215302030331131e-02
5.468750000000000000e-02 7.598437968498206185e-02
5.480957031250000000e-02 7.598660598742607020e-02
5.493164062500000000e-02 7.598883259276151270e-02
5.505371093750000000e-02 7.599105883431095387e-02
5.517578125000000000e-02 7.599328538027921853e-02
5.529785156250000000e-02 7.599551156091366444e-02
5.541992187500000000e-02 7.599773804747267381e-02
5.554199218750000000e-02 7.599996416718107772e-02
5.566406250000000000e-02 7.600219059430357582e-02
5.578613281250000000e-02 7.600441665304907835e-02
5.590820312500000000e-02 7.600664302072407397e-02
5.603027343750000000e-02 7.600886901847087040e-02
5.615234375000000000e-02 7.601109532666361357e-02
5.627441406250000000e-02 7.601332126339355177e-02
5.639648437500000000e-02 7.601554751208017269e-02
5.651855468750000000e-02 7.601777338776377624e-02
5.664062500000000000e-02 7.601999957691818466e-02
5.676269531250000000e-02 7.602222539152825309e-02
5.688476562500000000e-02 7.602445152111991789e-02
5.700683593750000000e-02 7.602667727463197078e-02
5.712890625000000000e-02 7.602890334464279531e-02
5.725097656250000000e-02 7.603112903702929914e-02
5.737304687500000000e-02 7.603335504742508855e-02
5.749511718750000000e-02 7.603558067865601178e-02
5.761718750000000000e-02 7.603780662941372892e-02
5.773925781250000000e-02 7.604003219946797731e-02
5.786132812500000000e-02 7.604225809056180951e-02
5.798339843750000000e-02 7.604448359940674251e-02
5.810546875000000000e-02 7.604670943081082157e-02
5.822753906250000000e-02 7.604893487842429023e-02
5.834960937500000000e-02 7.605116065010680826e-02
5.847167968750000000e-02 7.605338603646166762e-02
5.859375000000000000e-02 7.605561174840169691e-02
5.871582031250000000e-02 7.605783707347124611e-02
5.883789062500000000e-02 7.606006272564258541e-02
5.895996093750000000e-02 7.606228798939529412e-02
5.908203125000000000e-02 7.606451358177279687e-02
5.920410156250000000e-02 7.606673878418107604e-02
5.932617187500000000e-02 7.606896431674020631e-02
5.944824218750000000e-02 7.607118945778107433e-02
5.957031250000000000e-02 7.607341493049052383e-02
5.969238281250000000e-02 7.607564001014072153e-02
5.981445312500000000e-02 7.607786542297229060e-02
5.993652343750000000e-02 7.608009044119962150e-02
6.005859375000000000e-02 7.608231579413538004e-02
6.018066406250000000e-02 7.608454075091131141e-02
6.030273437500000000e-02 7.608676604391911846e-02
6.042480468750000000e-02 7.608899093922283363e-02
6.054687500000000000e-02 7.609121617227537770e-02
6.066894531250000000e-02 7.609344100607606798e-02
6.079101562500000000e-02 7.609566617915303199e-02
6.091308593750000000e-02 7.609789095142566184e-02
6.103515625000000000e-02 7.610011606449379462e-02
6.115722656250000000e-02 7.610234077521238483e-02
6.127929687500000000e-02 7.610456582824626226e-02
6.140136718750000000e-02 7.610679047738316827e-02
6.152343750000000000e-02 7.610901547036197368e-02
6.164550781250000000e-02 7.611124005788588720e-02
6.176757812500000000e-02 7.611346499078247563e-02
6.188964843750000000e-02 7.611568951667269101e-02
6.201171875000000000e-02 7.611791438945580968e-02
6.213378906250000000e-02 7.612013885368240640e-02
6.225585937500000000e-02 7.612236366633245988e-02
6.237792968750000000e-02 7.612458806886468476e-02
6.250000000000000000e-02 7.612681282135308480e-02
6.262207031250000000e-02 7.612903716216917749e-02
6.274414062500000000e-02 7.613126185446544847e-02
6.286621093750000000e-02 7.613348613354076200e-02
6.298828125000000000e-02 7.613571076562114515e-02
6.311035156250000000e-02 7.613793498292464879e-02
6.323242187500000000e-02 7.614015955476233222e-02
6.335449218750000000e-02 7.614238371027093333e-02
6.347656250000000000e-02 7.614460822183810595e-02
6.359863281250000000e-02 7.614683231552282772e-02
6.372070312500000000e-02 7.614905676679817326e-02
6.384277343750000000e-02 7.615128079862798494e-02
6.396484375000000000e-02 7.615350518958413639e-02
6.408691406250000000e-02 7.615572915953672251e-02
6.420898437500000000e-02 7.615795349014586879e-02
6.433105468750000000e-02 7.616017739819480603e-02
6.445312500000000000e-02 7.616240166842563886e-02
6.457519531250000000e-02 7.616462551454278307e-02
6.469726562500000000e-02 7.616684972437887113e-02
6.481933593750000000e-02 7.616907350853674430e-02
6.494140625000000000e-02 7.617129765794600216e-02
6.506347656250000000e-02 7.617352138011668217e-02
6.518554687500000000e-02 7.617574546907657229e-02
6.530761718750000000e-02 7.617796912923124886e-02
6.542968750000000000e-02 7.618019315771290545e-02
6.555175781250000000e-02 7.618241675583214967e-02
6.567382812500000000e-02 7.618464072380481955e-02
6.579589843750000000e-02 7.618686425986020971e-02
6.591796875000000000e-02 7.618908816730385336e-02
6.604003906250000000e-02 7.619131164126025091e-02
6.616210937500000000e-02 7.619353548815088750e-02
6.628417968750000000e-02 7.619575889998564389e-02
6.640625000000000000e-02 7.619798268628957816e-02
6.652832031250000000e-02 7.620020603598026687e-02
6.665039062500000000e-02 7.620242976167823645e-02
6.677246093750000000e-02 7.620465304918855320e-02
6.689453125000000000e-02 7.620687671425258047e-02
6.701660156250000000e-02 7.620909993956354045e-02
6.713867187500000000e-02 7.621132354396020769e-02
6.726074218750000000e-02 7.621354670704827416e-02
6.738281250000000000e-02 7.621577025075776390e-02
6.750488281250000000e-02 7.621799335158729871e-02
6.762695312500000000e-02 7.622021683458329866e-02
6.774902343750000000e-02 7.622243987313304103e-02
6.787109375000000000e-02 7.622466329538296614e-02
6.799316406250000000e-02 7.622688627162177433e-02
6.811523437500000000e-02 7.622910963311035903e-02
6.823730468750000000e-02 7.623133254701131012e-02
6.835937500000000000e-02 7.623355584770585835e-02
6.848144531250000000e-02 7.623577869924619277e-02
6.860351562500000000e-02 7.623800193912000367e-02
6.872558593750000000e-02 7.624022472826968988e-02
6.884765625000000000e-02 7.624244790729517440e-02
6.896972656250000000e-02 7.624467063402728950e-02
6.909179687500000000e-02 7.624689375218407505e-02
6.921386718750000000e-02 7.624911641647286187e-02
6.933593750000000000e-02 7.625133947372714216e-02
6.945800781250000000e-02 7.625356207554651045e-02
6.958007812500000000e-02 7.625578507187547039e-02
6.970214843750000000e-02 7.625800761119866378e-02
6.982421875000000000e-02 7.626023054657710132e-02
6.994628906250000000e-02 7.626245302337425480e-02
7.006835937500000000e-02 7.626467589777630174e-02
7.019042968750000000e-02 7.626689831201860503e-02
7.031250000000000000e-02 7.626912112541828215e-02
7.043457031250000000e-02 7.627134347708147688e-02
7.055664062500000000e-02 7.627356622945319353e-02
7.067871093750000000e-02 7.627578851851002373e-02
7.080078125000000000e-02 7.627801120982502514e-02
7.092285156250000000e-02 7.628023343624856789e-02
7.104492187500000000e-02 7.628245606647821031e-02
7.116699218750000000e-02 7.628467823024626115e-02
7.128906250000000000e-02 7.628690079936689683e-02
7.141113281250000000e-02 7.628912290044531641e-02
7.153320312500000000e-02 7.629134540843118817e-02
7.165527343750000000e-02 7.629356744679605118e-02
7.177734375000000000e-02 7.629578989362029162e-02
7.189941406250000000e-02 7.629801186924489720e-02
7.202148437500000000e-02 7.630023425488152711e-02
7.214355468750000000e-02 7.630245616773939643e-02
7.226562500000000000e-02 7.630467849216093779e-02
7.238769531250000000e-02 7.630690034222192830e-02
7.250976562500000000e-02 7.630912260540489989e-02
7.263183593750000000e-02 7.631134439264269931e-02
7.275390625000000000e-02 7.631356659456245417e-02
7.287597656250000000e-02 7.631578831895335924e-02
7.299804687500000000e-02 7.631801045957403717e-02
7.312011718750000000e-02 7.632023212109134702e-02
7.324218750000000000e-02 7.632245420039523998e-02
7.336425781250000000e-02 7.632467579900747978e-02
7.348632812500000000e-02 7.632689781696444520e-02
7.360839843750000000e-02 7.632911935264641290e-02
7.373046875000000000e-02 7.633134130923291405e-02
7.385253906250000000e-02 7.633356278195513323e-02
7.397460937500000000e-02 7.633578467714680071e-02
7.409667968750000000e-02 7.633800608688501299e-02
7.421875000000000000e-02 7.634022792065098262e-02
7.434082031250000000e-02 7.634244926737898673e-02
7.446289062500000000e-02 7.634467103969538870e-02
7.458496093750000000e-02 7.634689232338487397e-02
7.470703125000000000e-02 7.634911403422450782e-02
7.482910156250000000e-02 7.635133525484544270e-02
7.495117187500000000e-02 7.635355690418643704e-02
7.507324218750000000e-02 7.635577806171417459e-02
7.519531250000000000e-02 7.635799964951894836e-02
7.531738281250000000e-02 7.636022074393122860e-02
7.543945312500000000e-02 7.636244227018185171e-02
7.556152343750000000e-02 7.636466330144864312e-02
7.568359375000000000e-02 7.636688476611674936e-02
7.580566406250000000e-02 7.636910573420579995e-02
7.592773437500000000e-02 7.637132713726696442e-02
7.604980468750000000e-02 7.637354804215790161e-02
7.617187500000000000e-02 7.637576938358586753e-02
7.629394531250000000e-02 7.637799022524677239e-02
7.641601562500000000e-02 7.638021150501306256e-02
7.653808593750000000e-02 7.638243228342028734e-02
7.666015625000000000e-02 7.638465350149881150e-02
7.678222656250000000e-02 7.638687421662382349e-02
7.690429687500000000e-02 7.638909537298976815e-02
7.702636718750000000e-02 7.639131602480225824e-02
7.714843750000000000e-02 7.639353711942875602e-02
7.727050781250000000e-02 7.639575770790929532e-02
7.739257812500000000e-02 7.639797874076881268e-02
7.751464843750000000e-02 7.640019926588631494e-02
7.763671875000000000e-02 7.640242023695481555e-02
7.775878906250000000e-02 7.640464069867869412e-02
7.788085937500000000e-02 7.640686160792592441e-02
7.800292968750000000e-02 7.640908200623741653e-02
7.812500000000000000e-02 7.641130285363878505e-02
7.824707031250000000e-02 7.641352318850330727e-02
7.836914062500000000e-02 7.641574397403860797e-02
7.849121093750000000e-02 7.641796424542762756e-02
7.861328125000000000e-02 7.642018496906266556e-02
7.873535156250000000e-02 7.642240517695680913e-02
7.885742187500000000e-02 7.642462583866638237e-02
7.897949218750000000e-02 7.642684598303789434e-02
7.910156250000000000e-02 7.642906658279657872e-02
7.922363281250000000e-02 7.643128666361165280e-02
7.934570312500000000e-02 7.643350720139846510e-02
7.946777343750000000e-02 7.643572721862940123e-02
7.958984375000000000e-02 7.643794769441469850e-02
7.971191406250000000e-02 7.644016764803773789e-02
7.983398437500000000e-02 7.644238806179176615e-02
7.995605468750000000e-02 7.644460795178231738e-02
8.007812500000000000e-02 7.644682830348126235e-02
8.020019531250000000e-02 7.644904812981140330e-02
8.032226562500000000e-02 7.645126841942612161e-02
8.044433593750000000e-02 7.645348818207159391e-02
8.056640625000000000e-02 7.645570840957621739e-02
8.068847656250000000e-02 7.645792810850415844e-02
8.081054687500000000e-02 7.646014827387725976e-02
8.093261718750000000e-02 7.646236790905941438e-02
8.105468750000000000e-02 7.646458801227473678e-02
8.117675781250000000e-02 7.646680758368773478e-02
8.129882812500000000e-02 7.646902762471208259e-02
8.142089843750000000e-02 7.647124713232877902e-02
8.154296875000000000e-02 7.647346711114133555e-02
8.166503906250000000e-02 7.647568655493253154e-02
8.178710937500000000e-02 7.647790647150543020e-02
8.190917968750000000e-02 7.648012585144758901e-02
8.203125000000000000e-02 7.648234570575296321e-02
8.215332031250000000e-02 7.648456502181494310e-02
8.227539062500000000e-02 7.648678481382903405e-02
8.239746093750000000e-02 7.648900406598446722e-02
8.251953125000000000e-02 7.649122379568351615e-02
8.264160156250000000e-02 7.649344298390409191e-02
8.276367187500000000e-02 7.649566265125651299e-02
8.288574218750000000e-02 7.649788177551497537e-02
8.300781250000000000e-02 7.650010138049800901e-02
8.312988281250000000e-02 7.650232044077387439e-02
8.325195312500000000e-02 7.650453998335721151e-02
8.337402343750000000e-02 7.650675897961495275e-02
8.349609375000000000e-02 7.650897845977677747e-02
8.361816406250000000e-02 7.651119739199152558e-02
8.374023437500000000e-02 7.651341680970541459e-02
8.386230468750000000e-02 7.651563567785046871e-02
8.398437500000000000e-02 7.651785503308961012e-02
8.410644531250000000e-02 7.652007383713854693e-02
8.422851562500000000e-02 7.652229312987224308e-02
8.435058593750000000e-02 7.652451186979569719e-02
8.447265625000000000e-02 7.652673110000207668e-02
8.459472656250000000e-02 7.652894977577884283e-02
8.471679687500000000e-02 7.653116894342570919e-02
8.483886718750000000e-02 7.653338755502425705e-02
8.496093750000000000e-02 7.653560666009251445e-02
8.508300781250000000e-02 7.653782520748764195e-02
8.520507812500000000e-02 7.654004424994820255e-02
8.532714843750000000e-02 7.654226273310760220e-02
8.544921875000000000e-02 7.654448171293393166e-02
8.557128906250000000e-02 7.654670013183539901e-02
8.569335937500000000e-02 7.654891904899968624e-02
8.581542968750000000e-02 7.655113740361202401e-02
8.593750000000000000e-02 7.655335625809389644e-02
8.605957031250000000e-02 7.655557454839156950e-02
8.618164062500000000e-02 7.655779334016060700e-02
8.630371093750000000e-02 7.656001156611708103e-02
8.642578125000000000e-02 7.656223029514502842e-02
8.654785156250000000e-02 7.656444845673310295e-02
8.666992187500000000e-02 7.656666712299703415e-02
8.679199218750000000e-02 7.656888522018912013e-02
8.691406250000000000e-02 7.657110382366105750e-02
8.703613281250000000e-02 7.657332185643012101e-02
8.715820312500000000e-02 7.657554039708358573e-02
8.728027343750000000e-02 7.657775836540231529e-02
8.740234375000000000e-02 7.657997684321055099e-02
8.752441406250000000e-02 7.658219474705413310e-02
8.764648437500000000e-02 7.658441316199199322e-02
8.776855468750000000e-02 7.658663100132406809e-02
8.789062500000000000e-02 7.658884935336762734e-02
8.801269531250000000e-02 7.659106712817087548e-02
8.813476562500000000e-02 7.659328541728888107e-02
8.825683593750000000e-02 7.659550312753454770e-02
8.837890625000000000e-02 7.659772135370157553e-02
8.850097656250000000e-02 7.659993899935940709e-02
8.862304687500000000e-02 7.660215716254992202e-02
8.874511718750000000e-02 7.660437474359593768e-02
8.886718750000000000e-02 7.660659284378573686e-02
8.898925781250000000e-02 7.660881036018851731e-02
8.911132812500000000e-02 7.661102839734923453e-02
8.923339843750000000e-02 7.661324584908346669e-02
8.935546875000000000e-02 7.661546382319023296e-02
8.947753906250000000e-02 7.661768121022966005e-02
8.959960937500000000e-02 7.661989912125422020e-02
8.972167968750000000e-02 7.662211644356597962e-02
8.984375000000000000e-02 7.662433429148712838e-02
8.996582031250000000e-02 7.662655154905040344e-02
9.008789062500000000e-02 7.662876933383394595e-02
9.020996093750000000e-02 7.663098652662558852e-02
9.033203125000000000e-02 7.663320424824537902e-02
9.045410156250000000e-02 7.663542137622969541e-02
9.057617187500000000e-02 7.663763903466580540e-02
9.069824218750000000e-02 7.663985609781709396e-02
9.082031250000000000e-02 7.664207369303660533e-02
9.094238281250000000e-02 7.664429069133060768e-02
9.106445312500000000e-02 7.664650822331064983e-02
9.118652343750000000e-02 7.664872515671905528e-02
9.130859375000000000e-02 7.665094262543781234e-02
9.143066406250000000e-02 7.665315949392770278e-02
9.155273437500000000e-02 7.665537689935414400e-02
9.167480468750000000e-02 7.665759370290559094e-02
9.179687500000000000e-02 7.665981104500985133e-02
9.191894531250000000e-02 7.666202778359226810e-02
9.204101562500000000e-02 7.666424506235314240e-02
9.216308593750000000e-02 7.666646173594005020e-02
9.228515625000000000e-02 7.666867895133139266e-02
9.240722656250000000e-02 7.667089555989159422e-02
9.252929687500000000e-02 7.667311271188959054e-02
9.265136718750000000e-02 7.667532925539710664e-02
9.277343750000000000e-02 7.667754634397172531e-02
9.289550781250000000e-02 7.667976282240263064e-02
9.301757812500000000e-02 7.668197984752322949e-02
9.313964843750000000e-02 7.668419626085132279e-02
9.326171875000000000e-02 7.668641322249536429e-02
9.338378906250000000e-02 7.668862957069011443e-02
9.350585937500000000e-02 7.669084646883528311e-02
9.362792968750000000e-02 7.669306275186804633e-02
9.375000000000000000e-02 7.669527958648114652e-02
9.387207031250000000e-02 7.669749580433249392e-02
9.399414062500000000e-02 7.669971257538954479e-02
9.411621093750000000e-02 7.670192872801873119e-02
9.423828125000000000e-02 7.670414543549952668e-02
9.436035156250000000e-02 7.670636152288856646e-02
9.448242187500000000e-02 7.670857816675963337e-02
9.460449218750000000e-02 7.671079418888171464e-02
9.472656250000000000e-02 7.671301076911396510e-02
9.484863281250000000e-02 7.671522672593966696e-02
9.497070312500000000e-02 7.671744324251345004e-02
9.509277343750000000e-02 7.671965913401590509e-02
9.521484375000000000e-02 7.672187558690296560e-02
9.533691406250000000e-02 7.672409141305258640e-02
9.545898437500000000e-02 7.672630780222866598e-02
9.558105468750000000e-02 7.672852356299575405e-02
9.570312500000000000e-02 7.673073988843220894e-02
9.582519531250000000e-02 7.673295558379744641e-02
9.594726562500000000e-02 7.673517184546518877e-02
9.606933593750000000e-02 7.673738747539493588e-02
9.619140625000000000e-02 7.673960367327287146e-02
9.631347656250000000e-02 7.674181923774081593e-02
9.643554687500000000e-02 7.674403537180130019e-02
9.655761718750000000e-02 7.674625087077974195e-02
9.667968750000000000e-02 7.674846694099374256e-02
9.680175781250000000e-02 7.675068237445636932e-02
9.692382812500000000e-02 7.675289838080406879e-02
9.704589843750000000e-02 7.675511374872223680e-02
9.716796875000000000e-02 7.675732969116833004e-02
9.729003906250000000e-02 7.675954499352100058e-02
9.741210937500000000e-02 7.676176087204222842e-02
9.753417968750000000e-02 7.676397610879370781e-02
9.765625000000000000e-02 7.676619192336736619e-02
9.777832031250000000e-02 7.676840709449245237e-02
9.790039062500000000e-02 7.677062284508862078e-02
9.802246093750000000e-02 7.677283795056327742e-02
9.814453125000000000e-02 7.677505363715531050e-02
9.826660156250000000e-02 7.677726867694839585e-02
9.838867187500000000e-02 7.677948429951586551e-02
9.851074218750000000e-02 7.678169927359845826e-02
9.863281250000000000e-02 7.678391483210733615e-02
9.875488281250000000e-02 7.678612974045695427e-02
9.887695312500000000e-02 7.678834523488486941e-02
9.899902343750000000e-02 7.679056007747125934e-02
9.912109375000000000e-02 7.679277550779284311e-02
9.924316406250000000e-02 7.679499028458647292e-02
9.936523437500000000e-02 7.679720565077446937e-02
9.948730468750000000e-02 7.679942036175146924e-02
9.960937500000000000e-02 7.680163566377823381e-02
9.973144531250000000e-02 7.680385030891245801e-02
9.985351562500000000e-02 7.680606554675023512e-02
9.997558593750000000e-02 7.680828012601209620e-02
1.000976562500000000e-01 7.681049529963718259e-02
1.002197265625000000e-01 7.681270981299655187e-02
1.003417968750000000e-01 7.681492492238278791e-02
1.004638671875000000e-01 7.681713936981639235e-02
1.005859375000000000e-01 7.681935441493727146e-02
1.007080078125000000e-01 7.682156879641680036e-02
1.008300781250000000e-01 7.682378377724355389e-02
1.009521484375000000e-01 7.682599809274141822e-02
1.010742187500000000e-01 7.682821300925002372e-02
1.011962890625000000e-01 7.683042725873902301e-02
1.013183593750000000e-01 7.683264211090086448e-02
1.014404296875000000e-01 7.683485629435080067e-02
1.015625000000000000e-01 7.683707108214443693e-02
1.016845703125000000e-01 7.683928519952705483e-02
1.018066406250000000e-01 7.684149992292482745e-02
1.019287109375000000e-01 7.684371397421471683e-02
1.020507812500000000e-01 7.684592863318755185e-02
1.021728515625000000e-01 7.684814261835992699e-02
1.022949218750000000e-01 7.685035721288011046e-02
1.024169921875000000e-01 7.685257113190860356e-02
1.025390625000000000e-01 7.685478566195085015e-02
1.026611328125000000e-01 7.685699951480229331e-02
1.027832031250000000e-01 7.685921398034564755e-02
1.029052734375000000e-01 7.686142776699478318e-02
1.030273437500000000e-01 7.686364216800896376e-02
1.031494140625000000e-01 7.686585588842644035e-02
1.032714843750000000e-01 7.686807022488199859e-02
1.033935546875000000e-01 7.687028387904479287e-02
1.035156250000000000e-01 7.687249815091884431e-02
1.036376953125000000e-01 7.687471173879908970e-02
1.037597656250000000e-01 7.687692594606396201e-02
1.038818359375000000e-01 7.687913946762994777e-02
1.040039062500000000e-01 7.688135361025952297e-02
1.041259765625000000e-01 7.688356706548683805e-02
1.042480468750000000e-01 7.688578114345842596e-02
1.043701171875000000e-01 7.688799453231713599e-02
1.044921875000000000e-01 7.689020854560027485e-02
1.046142578125000000e-01 7.689242186806552470e-02
1.047363281250000000e-01 7.689463581663316671e-02
1.048583984375000000e-01 7.689684907267430036e-02
1.049804687500000000e-01 7.689906295650696111e-02
1.051025390625000000e-01 7.690127614609681972e-02
1.052246093750000000e-01 7.690348996516191415e-02
1.053466796875000000e-01 7.690570308827426871e-02
1.054687500000000000e-01 7.690791684254938421e-02
1.055908203125000000e-01 7.691012989915918530e-02
1.057128906250000000e-01 7.691234358860987719e-02
1.058349609375000000e-01 7.691455657868831453e-02
1.059570312500000000e-01 7.691677020329620862e-02
1.060791015625000000e-01 7.691898312680886529e-02
1.062011718750000000e-01 7.692119668655067466e-02
1.063232421875000000e-01 7.692340954347584581e-02
1.064453125000000000e-01 7.692562303831439185e-02
1.065673828125000000e-01 7.692783582862944280e-02
1.066894531250000000e-01 7.693004925854461662e-02
1.068115234375000000e-01 7.693226198221511658e-02
1.069335937500000000e-01 7.693447534717856584e-02
1.070556640625000000e-01 7.693668800418117237e-02
1.071777343750000000e-01 7.693890130416800033e-02
1.072998046875000000e-01 7.694111389447239047e-02
1.074218750000000000e-01 7.694332712945460562e-02
1.075439453125000000e-01 7.694553965303327359e-02
1.076660156250000000e-01 7.694775282298603469e-02
1.077880859375000000e-01 7.694996527981237677e-02
1.079101562500000000e-01 7.695217838471096750e-02
1.080322265625000000e-01 7.695439077475371703e-02
1.081542968750000000e-01 7.695660381457281041e-02
1.082763671875000000e-01 7.695881613780840291e-02
1.083984375000000000e-01 7.696102911251577472e-02
1.085205078125000000e-01 7.696324136891675993e-02
1.086425781250000000e-01 7.696545427848835996e-02
1.087646484375000000e-01 7.696766646802577494e-02
1.088867187500000000e-01 7.696987931244045344e-02
1.090087890625000000e-01 7.697209143508151885e-02
1.091308593750000000e-01 7.697430421430848102e-02
1.092529296875000000e-01 7.697651627003461450e-02
1.093750000000000000e-01 7.697872898404919950e-02
1.094970703125000000e-01 7.698094097282577597e-02
1.096191406250000000e-01 7.698315362160068620e-02
1.097412109375000000e-01 7.698536554340587590e-02
1.098632812500000000e-01 7.698757812691339741e-02
1.099853515625000000e-01 7.698978998171548960e-02
1.101074218750000000e-01 7.699200249992750600e-02
1.102294921875000000e-01 7.699421428770353293e-02
1.103515625000000000e-01 7.699642674059808956e-02
1.104736328125000000e-01 7.699863846131649314e-02
1.105957031250000000e-01 7.700085084886326703e-02
1.107177734375000000e-01 7.700306250250088524e-02
1.108398437500000000e-01 7.700527482467495188e-02
1.109619140625000000e-01 7.700748641119563309e-02
1.110839843750000000e-01 7.700969866797624519e-02
1.112060546875000000e-01 7.701191018736075478e-02
1.113281250000000000e-01 7.701412237871500810e-02
1.114501953125000000e-01 7.701633383092812424e-02
1.115722656250000000e-01 7.701854595683171878e-02
1.116943359375000000e-01 7.702075734185259703e-02
1.118164062500000000e-01 7.702296940228089972e-02
1.119384765625000000e-01 7.702518072007913386e-02
1.120605468750000000e-01 7.702739271499992046e-02
1.121826171875000000e-01 7.702960396555130762e-02
1.123046875000000000e-01 7.703181589494140225e-02
1.124267578125000000e-01 7.703402707821166429e-02
1.125488281250000000e-01 7.703623894205130496e-02
1.126708984375000000e-01 7.703845005801283896e-02
1.127929687500000000e-01 7.704066185626955165e-02
1.129150390625000000e-01 7.704287290490166584e-02
1.130371093750000000e-01 7.704508463754736192e-02
1.131591796875000000e-01 7.704729561881809574e-02
1.132812500000000000e-01 7.704950728582776742e-02
1.134033203125000000e-01 7.705171819971252944e-02
1.135253906250000000e-01 7.705392980106193224e-02
1.136474609375000000e-01 7.705614064752680514e-02
1.137695312500000000e-01 7.705835218318793367e-02
1.138916015625000000e-01 7.706056296220856194e-02
1.140136718750000000e-01 7.706277443215714396e-02
1.141357421875000000e-01 7.706498514370846431e-02
1.142578125000000000e-01 7.706719654791571728e-02
1.143798828125000000e-01 7.706940719196735123e-02
1.145019531250000000e-01 7.707161853040833677e-02
1.146240234375000000e-01 7.707382910693362510e-02
1.147460937500000000e-01 7.707604037958257215e-02
1.148681640625000000e-01 7.707825088855047024e-02
1.149902343750000000e-01 7.708046209538142735e-02
1.151123046875000000e-01 7.708267253676467923e-02
1.152343750000000000e-01 7.708488367774651850e-02
1.153564453125000000e-01 7.708709405152364136e-02
1.154785156250000000e-01 7.708930512664025070e-02
1.156005859375000000e-01 7.709151543277559249e-02
1.157226562500000000e-01 7.709372644198939084e-02
1.158447265625000000e-01 7.709593668046368919e-02
1.159667968750000000e-01 7.709814762375186148e-02
1.160888671875000000e-01 7.710035779453365545e-02
1.162109375000000000e-01 7.710256867186840446e-02
1.163330078125000000e-01 7.710477877492755150e-02
1.164550781250000000e-01 7.710698958628570132e-02
1.165771484375000000e-01 7.710919962159688834e-02
1.166992187500000000e-01 7.711141036695194628e-02
1.168212890625000000e-01 7.711362033448948550e-02
1.169433593750000000e-01 7.711583101381350169e-02
1.170654296875000000e-01 7.711804091354185209e-02
1.171875000000000000e-01 7.712025152681240003e-02
1.173095703125000000e-01 7.712246135871053676e-02
1.174316406250000000e-01 7.712467190590040211e-02
1.175537109375000000e-01 7.712688166993714178e-02
1.176757812500000000e-01 7.712909215101471094e-02
1.177978515625000000e-01 7.713130184716485149e-02
1.179199218750000000e-01 7.713351226211039025e-02
1.180419921875000000e-01 7.713572189034403892e-02
1.181640625000000000e-01 7.713793223912983332e-02
1.182861328125000000e-01 7.714014179941804106e-02
1.184082031250000000e-01 7.714235208201314364e-02
1.185302734375000000e-01 7.714456157433451089e-02
1.186523437500000000e-01 7.714677179071591229e-02
1.187744140625000000e-01 7.714898121503502293e-02
1.188964843750000000e-01 7.715119136517670229e-02
1.190185546875000000e-01 7.715340072147322537e-02
1.191406250000000000e-01 7.715561080534417970e-02
1.192626953125000000e-01 7.715782009358784777e-02
1.193847656250000000e-01 7.716003011116810695e-02
1.195068359375000000e-01 7.716223933132379531e-02
1.196289062500000000e-01 7.716444928258858749e-02
1.197509765625000000e-01 7.716665843463653418e-02
1.198730468750000000e-01 7.716886831955069304e-02
1.199951171875000000e-01 7.717107740346734746e-02
1.201171875000000000e-01 7.717328722200569868e-02
1.202392578125000000e-01 7.717549623775431245e-02
1.203613281250000000e-01 7.717770598990091047e-02
1.204833984375000000e-01 7.717991493745685050e-02
1.206054687500000000e-01 7.718212462317128320e-02
1.207275390625000000e-01 7.718433350251047154e-02
1.208496093750000000e-01 7.718654312177272714e-02
1.209716796875000000e-01 7.718875193286023340e-02
1.210937500000000000e-01 7.719096148565021687e-02
1.212158203125000000e-01 7.719317022845638421e-02
1.213378906250000000e-01 7.719537971474370319e-02
1.214599609375000000e-01 7.719758838924774269e-02
1.215820312500000000e-01 7.719979780900468325e-02
1.217041015625000000e-01 7.720200641517740991e-02
1.218261718750000000e-01 7.720421576837553646e-02
1.219482421875000000e-01 7.720642430618966656e-02
1.220703125000000000e-01 7.720863359280538685e-02
1.221923828125000000e-01 7.721084206223022273e-02
1.223144531250000000e-01 7.721305128223676650e-02
1.224365234375000000e-01 7.721525968324675915e-02
1.225585937500000000e-01 7.721746883662169991e-02
1.226806640625000000e-01 7.721967716918648472e-02
1.228027343750000000e-01 7.722188625589823663e-02
1.229248046875000000e-01 7.722409451999004415e-02
1.230468750000000000e-01 7.722630354001268349e-02
1.231689453125000000e-01 7.722851173560713045e-02
1.232910156250000000e-01 7.723072068891806419e-02
1.234130859375000000e-01 7.723292881598585458e-02
1.235351562500000000e-01 7.723513770255224786e-02
1.236572265625000000e-01 7.723734576106405791e-02
1.237792968750000000e-01 7.723955458086527448e-02
1.239013671875000000e-01 7.724176257079752583e-02
1.240234375000000000e-01 7.724397132380564357e-02
1.241455078125000000e-01 7.724617924512425238e-02
1.242675781250000000e-01 7.724838793131244552e-02
1.243896484375000000e-01 7.725059578399581794e-02
1.245117187500000000e-01 7.725280440333459619e-02
1.246337890625000000e-01 7.725501218735170150e-02
1.247558593750000000e-01 7.725722073981780569e-02
1.248779296875000000e-01 7.725942845513678048e-02
1.250000000000000000e-01 7.726163694071182253e-02
1.251220703125000000e-01 7.726384458730910232e-02
1.252441406250000000e-01 7.726605300595386361e-02
1.253662109375000000e-01 7.726826058380138751e-02
1.254882812500000000e-01 7.727046893549957551e-02
1.256103515625000000e-01 7.727267644456725648e-02
1.257324218750000000e-01 7.727488472929139318e-02
1.258544921875000000e-01 7.727709216955511162e-02
1.259765625000000000e-01 7.727930038726427142e-02
1.260986328125000000e-01 7.728150775869059574e-02
1.262207031250000000e-01 7.728371590937051228e-02
1.263427734375000000e-01 7.728592321194319159e-02
1.264648437500000000e-01 7.728813129558367856e-02
1.265869140625000000e-01 7.729033852924609149e-02
1.267089843750000000e-01 7.729254654580404449e-02
1.268310546875000000e-01 7.729475371056480915e-02
1.269531250000000000e-01 7.729696165999977442e-02
1.270751953125000000e-01 7.729916875580850055e-02
1.271972656250000000e-01 7.730137663810947302e-02
1.273193359375000000e-01 7.730358366494938238e-02
1.274414062500000000e-01 7.730579148008642765e-02
1.275634765625000000e-01 7.730799843793235981e-02
1.276855468750000000e-01 7.731020618588685389e-02
1.278076171875000000e-01 7.731241307469478852e-02
1.279296875000000000e-01 7.731462075543450718e-02
1.280517578125000000e-01 7.731682757518704152e-02
1.281738281250000000e-01 7.731903518868460390e-02
1.282958984375000000e-01 7.732124193934861167e-02
1.284179687500000000e-01 7.732344948558628195e-02
1.285400390625000000e-01 7.732565616713400758e-02
1.286621093750000000e-01 7.732786364607575902e-02
1.287841796875000000e-01 7.733007025848885607e-02
1.289062500000000000e-01 7.733227767010367182e-02
1.290283203125000000e-01 7.733448421334916667e-02
1.291503906250000000e-01 7.733669155762282199e-02
1.292724609375000000e-01 7.733889803167195987e-02
1.293945312500000000e-01 7.734110530856964927e-02
1.295166015625000000e-01 7.734331171339314803e-02
1.296386718750000000e-01 7.734551892289363850e-02
1.297607421875000000e-01 7.734772525846300706e-02
1.298828125000000000e-01 7.734993240054252595e-02
1.300048828125000000e-01 7.735213866682767725e-02
1.301269531250000000e-01 7.735434574145429176e-02
1.302490234375000000e-01 7.735655193843328503e-02
1.303710937500000000e-01 7.735875894558218169e-02
1.304931640625000000e-01 7.736096507322179350e-02
1.306152343750000000e-01 7.736317201286689593e-02
1.307373046875000000e-01 7.736537807114597654e-02
1.308593750000000000e-01 7.736758494326279045e-02
1.309814453125000000e-01 7.736979093214466086e-02
1.311035156250000000e-01 7.737199773670382086e-02
1.312255859375000000e-01 7.737420365616760887e-02
1.313476562500000000e-01 7.737641039314312186e-02
1.314697265625000000e-01 7.737861624316137721e-02
1.315917968750000000e-01 7.738082291252744438e-02
1.317138671875000000e-01 7.738302869306026843e-02
1.318359375000000000e-01 7.738523529479673924e-02
1.319580078125000000e-01 7.738744100582757579e-02
1.320800781250000000e-01 7.738964753989786838e-02
1.322021484375000000e-01 7.739185318139894798e-02
1.323242187500000000e-01 7.739405964778135749e-02
1.324462890625000000e-01 7.739626521971933182e-02
1.325683593750000000e-01 7.739847161838872558e-02
1.326904296875000000e-01 7.740067712073600559e-02
1.328125000000000000e-01 7.740288345166615458e-02
1.329345703125000000e-01 7.740508888439415203e-02
1.330566406250000000e-01 7.740729514755884111e-02
1.331787109375000000e-01 7.740950051064536541e-02
1.333007812500000000e-01 7.741170670601368875e-02
1.334228515625000000e-01 7.741391199942940227e-02
1.335449218750000000e-01 7.741611812697998807e-02
1.336669921875000000e-01 7.741832335068916937e-02
1.337890625000000000e-01 7.742052941039807845e-02
1.339111328125000000e-01 7.742273456437905044e-02
1.340332031250000000e-01 7.742494055621382265e-02
1.341552734375000000e-01 7.742714564043706726e-02
1.342773437500000000e-01 7.742935156437066868e-02
1.343994140625000000e-01 7.743155657880940179e-02
1.345214843750000000e-01 7.743376243482434640e-02
1.346435546875000000e-01 7.743596737944649644e-02
1.347656250000000000e-01 7.743817316750685464e-02
1.348876953125000000e-01 7.744037804229129962e-02
1.350097656250000000e-01 7.744258376237377062e-02
1.351318359375000000e-01 7.744478856728771732e-02
1.352539062500000000e-01 7.744699421936936112e-02
1.353759765625000000e-01 7.744919895438369395e-02
1.354980468750000000e-01 7.745140453843392392e-02
1.356201171875000000e-01 7.745360920352446776e-02
1.357421875000000000e-01 7.745581471952193986e-02
1.358642578125000000e-01 7.745801931465548518e-02
1.359863281250000000e-01 7.746022476257252709e-02
1.361083984375000000e-01 7.746242928772419101e-02
1.362304687500000000e-01 7.746463466752896709e-02
1.363525390625000000e-01 7.746683912267168792e-02
1.364746093750000000e-01 7.746904443434191045e-02
1.365966796875000000e-01 7.747124881944494890e-02
1.367187500000000000e-01 7.747345406295742809e-02
1.368408203125000000e-01 7.747565837799288979e-02
1.369628906250000000e-01 7.747786355331709451e-02
1.370849609375000000e-01 7.748006779826054069e-02
1.372070312500000000e-01 7.748227290537072764e-02
1.373291015625000000e-01 7.748447708019018387e-02
1.374511718750000000e-01 7.748668211905938852e-02
1.375732421875000000e-01 7.748888622372959722e-02
1.376953125000000000e-01 7.749109119432975867e-02
1.378173828125000000e-01 7.749329522882297816e-02
1.379394531250000000e-01 7.749550013113352953e-02
1.380615234375000000e-01 7.749770409541530125e-02
1.381835937500000000e-01 7.749990892940718246e-02
1.383056640625000000e-01 7.750211282345287334e-02
1.384277343750000000e-01 7.750431758910091007e-02
1.385498046875000000e-01 7.750652141288566499e-02
1.386718750000000000e-01 7.750872611016654257e-02
1.387939453125000000e-01 7.751092986365445969e-02
1.389160156250000000e-01 7.751313449253789678e-02
1.390380859375000000e-01 7.751533817570858964e-02
1.391601562500000000e-01 7.751754273616509594e-02
1.392822265625000000e-01 7.751974634898702032e-02
1.394042968750000000e-01 7.752195084099408606e-02
1.395263671875000000e-01 7.752415438344018028e-02
1.396484375000000000e-01 7.752635880697038295e-02
1.397705078125000000e-01 7.752856227901414043e-02
1.398925781250000000e-01 7.753076663404105673e-02
1.400146484375000000e-01 7.753297003565301493e-02
1.401367187500000000e-01 7.753517432215328853e-02
1.402587890625000000e-01 7.753737765329843379e-02
1.403808593750000000e-01 7.753958187124519730e-02
1.405029296875000000e-01 7.754178513190473909e-02
1.406250000000000000e-01 7.754398928126844670e-02
1.407470703125000000e-01 7.754619247141229799e-02
1.408691406250000000e-01 7.754839655216841376e-02
1.409912109375000000e-01 7.755059967176516911e-02
1.411132812500000000e-01 7.755280368388645096e-02
1.412353515625000000e-01 7.755500673291022828e-02
1.413574218750000000e-01 7.755721067637058597e-02
1.414794921875000000e-01 7.755941365479214478e-02
1.416015625000000000e-01 7.756161752956984567e-02
1.417236328125000000e-01 7.756382043736149978e-02
1.418457031250000000e-01 7.756602424342498581e-02
1.419677734375000000e-01 7.756822708055863269e-02
1.420898437500000000e-01 7.757043081788167482e-02
1.422119140625000000e-01 7.757263358433323652e-02
1.423339843750000000e-01 7.757483725288816245e-02
1.424560546875000000e-01 7.757703994862193142e-02
1.425781250000000000e-01 7.757924354838557912e-02
1.427001953125000000e-01 7.758144617337794924e-02
1.428222656250000000e-01 7.758364970432990448e-02
1.429443359375000000e-01 7.758585225854749967e-02
1.430664062500000000e-01 7.758805572064859934e-02
1.431884765625000000e-01 7.759025820406954821e-02
1.433105468750000000e-01 7.759246159730526227e-02
1.434326171875000000e-01 7.759466400989867285e-02
1.435546875000000000e-01 7.759686733423570848e-02
1.436767578125000000e-01 7.759906967597240968e-02
1.437988281250000000e-01 7.760127293138679994e-02
1.439208984375000000e-01 7.760347520223911943e-02
1.440429687500000000e-01 7.760567838870491286e-02
1.441650390625000000e-01 7.760788058864483141e-02
1.442871093750000000e-01 7.761008370613525775e-02
1.444091796875000000e-01 7.761228583513080093e-02
1.445312500000000000e-01 7.761448888362623699e-02
1.446533203125000000e-01 7.761669094165285498e-02
1.447753906250000000e-01 7.761889392111145924e-02
1.448974609375000000e-01 7.762109590815524651e-02
1.450195312500000000e-01 7.762329881855395408e-02
1.451416015625000000e-01 7.762550073456765676e-02
1.452636718750000000e-01 7.762770357589561521e-02
1.453857421875000000e-01 7.762990542084324819e-02
1.455078125000000000e-01 7.763210819306788635e-02
1.456298828125000000e-01 7.763430996693480857e-02
1.457519531250000000e-01 7.763651267002422141e-02
1.458740234375000000e-01 7.763871437278155319e-02
1.459960937500000000e-01 7.764091700671560403e-02
1.461181640625000000e-01 7.764311863833033012e-02
1.462402343750000000e-01 7.764532120307612861e-02
1.463623046875000000e-01 7.764752276353054095e-02
1.464843750000000000e-01 7.764972525906338463e-02
1.466064453125000000e-01 7.765192674832128994e-02
1.467285156250000000e-01 7.765412917462195808e-02
1.468505859375000000e-01 7.765633059265721061e-02
1.469726562500000000e-01 7.765853294967958731e-02
1.470947265625000000e-01 7.766073429646476456e-02
1.472167968750000000e-01 7.766293658420875268e-02
1.473388671875000000e-01 7.766513785971154715e-02
1.474609375000000000e-01 7.766734007813842766e-02
1.475830078125000000e-01 7.766954128232876620e-02
1.477050781250000000e-01 7.767174343140939574e-02
1.478271484375000000e-01 7.767394456426447713e-02
1.479492187500000000e-01 7.767614664397956559e-02
1.480712890625000000e-01 7.767834770546466761e-02
1.481933593750000000e-01 7.768054971578713941e-02
1.483154296875000000e-01 7.768275070587868369e-02
1.484375000000000000e-01 7.768495264677609258e-02
1.485595703125000000e-01 7.768715356544964035e-02
1.486816406250000000e-01 7.768935543690125289e-02
1.488037109375000000e-01 7.769155628411987535e-02
1.489257812500000000e-01 7.769375808609954581e-02
1.490478515625000000e-01 7.769595886184127442e-02
1.491699218750000000e-01 7.769816059431819411e-02
1.492919921875000000e-01 7.770036129855432960e-02
1.494140625000000000e-01 7.770256296150719610e-02
1.495361328125000000e-01 7.770476359420329382e-02
1.496582031250000000e-01 7.770696518760210336e-02
1.497802734375000000e-01 7.770916574873511229e-02
1.499023437500000000e-01 7.771136727255469057e-02
1.500244140625000000e-01 7.771356776209412121e-02
1.501464843750000000e-01 7.771576921631237478e-02
1.502685546875000000e-01 7.771796963423030502e-02
1.503906250000000000e-01 7.772017101881761869e-02
1.505126953125000000e-01 7.772237136508565458e-02
1.506347656250000000e-01 7.772457268001434216e-02
1.507568359375000000e-01 7.772677295460488078e-02
1.508789062500000000e-01 7.772897419985057288e-02
1.510009765625000000e-01 7.773117440273291656e-02
1.511230468750000000e-01 7.773337557826792699e-02
1.512451171875000000e-01 7.773557570941576345e-02
1.513671875000000000e-01 7.773777681521883143e-02
1.514892578125000000e-01 7.773997687460421080e-02
1.516113281250000000e-01 7.774217791064302885e-02
1.517333984375000000e-01 7.774437789823578082e-02
1.518554687500000000e-01 7.774657886448418931e-02
1.519775390625000000e-01 7.774877878025693301e-02
1.520996093750000000e-01 7.775097967669260257e-02
1.522216796875000000e-01 7.775317952061959470e-02
1.523437500000000000e-01 7.775538034721286851e-02
1.524658203125000000e-01 7.775758011925951174e-02
1.525878906250000000e-01 7.775978087598774124e-02
1.527099609375000000e-01 7.776198057612845882e-02
1.528320312500000000e-01 7.776418126296433253e-02
1.529541015625000000e-01 7.776638089117203501e-02
1.530761718750000000e-01 7.776858150808878267e-02
1.531982421875000000e-01 7.777078106433214788e-02
1.533203125000000000e-01 7.777298161130351273e-02
1.534423828125000000e-01 7.777518109555521530e-02
1.535644531250000000e-01 7.777738157255588425e-02
1.536865234375000000e-01 7.777958098478746085e-02
1.538085937500000000e-01 7.778178139179021955e-02
1.539306640625000000e-01 7.778398073197544116e-02
1.540527343750000000e-01 7.778618106895338058e-02
1.541748046875000000e-01 7.778838033706125810e-02
1.542968750000000000e-01 7.779058060398678920e-02
1.544189453125000000e-01 7.779277979998974746e-02
1.545410156250000000e-01 7.779497999684145682e-02
1.546630859375000000e-01 7.779717912070996388e-02
1.547851562500000000e-01 7.779937924745652933e-02
1.549072265625000000e-01 7.780157829916604928e-02
1.550292968750000000e-01 7.780377835578444756e-02
1.551513671875000000e-01 7.780597733530134064e-02
1.552734375000000000e-01 7.780817732176611989e-02
1.553955078125000000e-01 7.781037622906333828e-02
1.555175781250000000e-01 7.781257614534706213e-02
1.556396484375000000e-01 7.781477498039737761e-02
1.557617187500000000e-01 7.781697482647009778e-02
1.558837890625000000e-01 7.781917358924549111e-02
1.560058593750000000e-01 7.782137336509034609e-02
1.561279296875000000e-01 7.782357205555678892e-02
1.562500000000000000e-01 7.782577176113814055e-02
1.563720703125000000e-01 7.782797037927527417e-02
1.564941406250000000e-01 7.783017001457140371e-02
1.566162109375000000e-01 7.783236856034599083e-02
1.567382812500000000e-01 7.783456812533116886e-02
1.568603515625000000e-01 7.783676659871194281e-02
1.569824218750000000e-01 7.783896609335867744e-02
1.571044921875000000e-01 7.784116449432305906e-02
1.572265625000000000e-01 7.784336391860058324e-02
1.573486328125000000e-01 7.784556224711870753e-02
1.574707031250000000e-01 7.784776160101120057e-02
1.575927734375000000e-01 7.784995985704955268e-02
1.577148437500000000e-01 7.785215914052558139e-02
1.578369140625000000e-01 7.785435732405966702e-02
1.579589843750000000e-01 7.785655653709024071e-02
1.580810546875000000e-01 7.785875464809013935e-02
1.582031250000000000e-01 7.786095379065628708e-02
1.583251953125000000e-01 7.786315182909339661e-02
1.584472656250000000e-01 7.786535090116057656e-02
1.585693359375000000e-01 7.786754886700908429e-02
1.586914062500000000e-01 7.786974786855332953e-02
1.588134765625000000e-01 7.787194576178367578e-02
1.589355468750000000e-01 7.787414469278232387e-02
1.590576171875000000e-01 7.787634251336553182e-02
1.591796875000000000e-01 7.787854137378673325e-02
1.593017578125000000e-01 7.788073912169393709e-02
1.594238281250000000e-01 7.788293791151680578e-02
1.595458984375000000e-01 7.788513558671897319e-02
1.596679687500000000e-01 7.788733430591864015e-02
1.597900390625000000e-01 7.788953190838326934e-02
1.599121093750000000e-01 7.789173055692924508e-02
1.600341796875000000e-01 7.789392808663164747e-02
1.601562500000000000e-01 7.789612666449881317e-02
1.602783203125000000e-01 7.789832412141402262e-02
1.604003906250000000e-01 7.790052262857426191e-02
1.605224609375000000e-01 7.790272001266863866e-02
1.606445312500000000e-01 7.790491844910099606e-02
1.607666015625000000e-01 7.790711576034312080e-02
1.608886718750000000e-01 7.790931412602172812e-02
1.610107421875000000e-01 7.791151136438941027e-02
1.611328125000000000e-01 7.791370965928202941e-02
1.612548828125000000e-01 7.791590682474393292e-02
1.613769531250000000e-01 7.791810504882903943e-02
1.614990234375000000e-01 7.792030214135434174e-02
1.616210937500000000e-01 7.792250029460433269e-02
1.617431640625000000e-01 7.792469731416638845e-02
1.618652343750000000e-01 7.792689539655779651e-02
1.619873046875000000e-01 7.792909234312826727e-02
1.621093750000000000e-01 7.793129035462845189e-02
1.622314453125000000e-01 7.793348722817886043e-02
1.623535156250000000e-01 7.793568516876717145e-02
1.624755859375000000e-01 7.793788196926776379e-02
1.625976562500000000e-01 7.794007983891503011e-02
1.627197265625000000e-01 7.794227656633842538e-02
1.628417968750000000e-01 7.794447436502147109e-02
1.629638671875000000e-01 7.794667101933613895e-02
1.630859375000000000e-01 7.794886874702636193e-02
1.632080078125000000e-01 7.795106532820790524e-02
1.633300781250000000e-01 7.795326298487975647e-02
1.634521484375000000e-01 7.795545949289715837e-02
1.635742187500000000e-01 7.795765707852625459e-02
1.636962890625000000e-01 7.795985351335009417e-02
1.638183593750000000e-01 7.796205102790711161e-02
1.639404296875000000e-01 7.796424738950848143e-02
1.640625000000000000e-01 7.796644483297107686e-02
1.641845703125000000e-01 7.796864112132537161e-02
1.643066406250000000e-01 7.797083849366168162e-02
1.644287109375000000e-01 7.797303470873825915e-02
1.645507812500000000e-01 7.797523200992467762e-02
1.646728515625000000e-01 7.797742815169213249e-02
1.647949218750000000e-01 7.797962538170570557e-02
1.649169921875000000e-01 7.798182145013500544e-02
1.650390625000000000e-01 7.798401860894778326e-02
1.651611328125000000e-01 7.798621460401243544e-02
1.652832031250000000e-01 7.798841169159825837e-02
1.654052734375000000e-01 7.799060761326739866e-02
1.655273437500000000e-01 7.799280462960157811e-02
1.656494140625000000e-01 7.799500047784739543e-02
1.657714843750000000e-01 7.799719742290305013e-02
1.658935546875000000e-01 7.799939319769896851e-02
1.660156250000000000e-01 7.800159007144626122e-02
1.661376953125000000e-01 7.800378577276241565e-02
1.662597656250000000e-01 7.800598257517919742e-02
1.663818359375000000e-01 7.800817820298341920e-02
1.665039062500000000e-01 7.801037493404548717e-02
1.666259765625000000e-01 7.801257048831043706e-02
1.667480468750000000e-01 7.801476714798855072e-02
1.668701171875000000e-01 7.801696262868551557e-02
1.669921875000000000e-01 7.801915921695469491e-02
1.671142578125000000e-01 7.802135462405851429e-02
1.672363281250000000e-01 7.802355114089022659e-02
1.673583984375000000e-01 7.802574647436856525e-02
1.674804687500000000e-01 7.802794291973730312e-02
1.676025390625000000e-01 7.803013817956026832e-02
1.677246093750000000e-01 7.803233455344682490e-02
1.678466796875000000e-01 7.803452973958549532e-02
1.679687500000000000e-01 7.803672604195627249e-02
1.680908203125000000e-01 7.803892115438727795e-02
1.682128906250000000e-01 7.804111738521607444e-02
1.683349609375000000e-01 7.804331242390412371e-02
1.684570312500000000e-01 7.804550858317116369e-02
1.685791015625000000e-01 7.804770354809016653e-02
1.687011718750000000e-01 7.804989963576472456e-02
1.688232421875000000e-01 7.805209452688204042e-02
1.689453125000000000e-01 7.805429054294110713e-02
1.690673828125000000e-01 7.805648536023074291e-02
1.691894531250000000e-01 7.805868130464672927e-02
1.693115234375000000e-01 7.806087604808296943e-02
1.694335937500000000e-01 7.806307192082143076e-02
1.695556640625000000e-01 7.806526659037926752e-02
1.696777343750000000e-01 7.806746239142239863e-02
1.697998046875000000e-01 7.806965698706326562e-02
1.699218750000000000e-01 7.807185271638408808e-02
1.700439453125000000e-01 7.807404723808286651e-02
1.701660156250000000e-01 7.807624289565652520e-02
1.702880859375000000e-01 7.807843734338258679e-02
1.704101562500000000e-01 7.808063292918292209e-02
1.705322265625000000e-01 7.808282730290409812e-02
1.706542968750000000e-01 7.808502281690604674e-02
1.707763671875000000e-01 7.808721711660393527e-02
1.708984375000000000e-01 7.808941255877742404e-02
1.710205078125000000e-01 7.809160678441412484e-02
1.711425781250000000e-01 7.809380215473508968e-02
1.712646484375000000e-01 7.809599630628642764e-02
1.713867187500000000e-01 7.809819160472350474e-02
1.715087890625000000e-01 7.810038568216379207e-02
1.716308593750000000e-01 7.810258090869727499e-02
1.717529296875000000e-01 7.810477491199036004e-02
1.718750000000000000e-01 7.810697006659599040e-02
1.719970703125000000e-01 7.810916399571295188e-02
1.721191406250000000e-01 7.811135907836100345e-02
1.722412109375000000e-01 7.811355293327701399e-02
1.723632812500000000e-01 7.811574794394270105e-02
1.724853515625000000e-01 7.811794172462274699e-02
1.726074218750000000e-01 7.812013666328138095e-02
1.727294921875000000e-01 7.812233036969999656e-02
1.728515625000000000e-01 7.812452523632348877e-02
1.729736328125000000e-01 7.812671886845509728e-02
1.730957031250000000e-01 7.812891366301843998e-02
1.732177734375000000e-01 7.813110722082612647e-02
1.733398437500000000e-01 7.813330194330452005e-02
1.734619140625000000e-01 7.813549542676426207e-02
1.735839843750000000e-01 7.813769007712934034e-02
1.737060546875000000e-01 7.813988348621581093e-02
1.738281250000000000e-01 7.814207806444016524e-02
1.739501953125000000e-01 7.814427139911699072e-02
1.740722656250000000e-01 7.814646590518029012e-02
1.741943359375000000e-01 7.814865916542169944e-02
1.743164062500000000e-01 7.815085359929485609e-02
1.744384765625000000e-01 7.815304678507356551e-02
1.745605468750000000e-01 7.815524114672937894e-02
1.746826171875000000e-01 7.815743425801509325e-02
1.748046875000000000e-01 7.815962854742378174e-02
1.749267578125000000e-01 7.816182158418763515e-02
1.750488281250000000e-01 7.816401580132986693e-02
1.751708984375000000e-01 7.816620876354377079e-02
1.752929687500000000e-01 7.816840290839137395e-02
1.754150390625000000e-01 7.817059579602401997e-02
1.755371093750000000e-01 7.817278986854853118e-02
1.756591796875000000e-01 7.817498268157378749e-02
1.757812500000000000e-01 7.817717668175530599e-02
1.759033203125000000e-01 7.817936942013677115e-02
1.760253906250000000e-01 7.818156334794335027e-02
1.761474609375000000e-01 7.818375601166141498e-02
1.762695312500000000e-01 7.818594986707017025e-02
1.763916015625000000e-01 7.818814245609048696e-02
1.765136718750000000e-01 7.819033623907392649e-02
1.766357421875000000e-01 7.819252875336830944e-02
1.767578125000000000e-01 7.819472246390389569e-02
1.768798828125000000e-01 7.819691490344331253e-02
1.770019531250000000e-01 7.819910854149952906e-02
1.771240234375000000e-01 7.820130090625400376e-02
1.772460937500000000e-01 7.820349447180910407e-02
1.773681640625000000e-01 7.820568676175226885e-02
1.774902343750000000e-01 7.820788025477741490e-02
1.776123046875000000e-01 7.821007246987801698e-02
1.777343750000000000e-01 7.821226589035046306e-02
1.778564453125000000e-01 7.821445803057841539e-02
1.779785156250000000e-01 7.821665137846957327e-02
1.781005859375000000e-01 7.821884344379642640e-02
1.782226562500000000e-01 7.822103671907983113e-02
1.783447265625000000e-01 7.822322870948245077e-02
1.784667968750000000e-01 7.822542191213356644e-02
1.785888671875000000e-01 7.822761382757252580e-02
1.787109375000000000e-01 7.822980695756735769e-02
1.788330078125000000e-01 7.823199879801735757e-02
1.789550781250000000e-01 7.823419185532930198e-02
1.790771484375000000e-01 7.823638362076329456e-02
1.791992187500000000e-01 7.823857660536387426e-02
1.793212890625000000e-01 7.824076829574769243e-02
1.794433593750000000e-01 7.824296120761504991e-02
1.795654296875000000e-01 7.824515282292686391e-02
1.796875000000000000e-01 7.824734566202619368e-02
1.798095703125000000e-01 7.824953720223605524e-02
1.799316406250000000e-01 7.825172996855236929e-02
1.800537109375000000e-01 7.825392143362272512e-02
1.801757812500000000e-01 7.825611412712431270e-02
1.802978515625000000e-01 7.825830551703753801e-02
1.804199218750000000e-01 7.826049813769547780e-02
1.805419921875000000e-01 7.826268945241564301e-02
1.806640625000000000e-01 7.826488200021050612e-02
1.807861328125000000e-01 7.826707323970311103e-02
1.809082031250000000e-01 7.826926571461112481e-02
1.810302734375000000e-01 7.827145687885289638e-02
1.811523437500000000e-01 7.827364928084032392e-02
1.812744140625000000e-01 7.827584036980546334e-02
1.813964843750000000e-01 7.827803269884642257e-02
1.815185546875000000e-01 7.828022371250215050e-02
1.816406250000000000e-01 7.828241596857687945e-02
1.817626953125000000e-01 7.828460690689381662e-02
1.818847656250000000e-01 7.828679908997231152e-02
1.820068359375000000e-01 7.828898995292013496e-02
1.821289062500000000e-01 7.829118206297916438e-02
1.822509765625000000e-01 7.829337285052620499e-02
1.823730468750000000e-01 7.829556488754157995e-02
1.824951171875000000e-01 7.829775559966400955e-02
1.826171875000000000e-01 7.829994756360129926e-02
1.827392578125000000e-01 7.830213820027261129e-02
1.828613281250000000e-01 7.830433009111069376e-02
1.829833984375000000e-01 7.830652065229427861e-02
1.831054687500000000e-01 7.830871247001001956e-02
1.832275390625000000e-01 7.831090295567888493e-02
1.833496093750000000e-01 7.831309470024383490e-02
1.834716796875000000e-01 7.831528511036801865e-02
1.835937500000000000e-01 7.831747678175754457e-02
1.837158203125000000e-01 7.831966711630794498e-02
1.838378906250000000e-01 7.832185871449615089e-02
1.839599609375000000e-01 7.832404897344424910e-02
1.840820312500000000e-01 7.832624049840299085e-02
1.842041015625000000e-01 7.832843068172086476e-02
1.843261718750000000e-01 7.833062213342539826e-02
1.844482421875000000e-01 7.833281224108223917e-02
1.845703125000000000e-01 7.833500361950686275e-02
1.846923828125000000e-01 7.833719365147613634e-02
1.848144531250000000e-01 7.833938495659278911e-02
1.849365234375000000e-01 7.834157491283823271e-02
1.850585937500000000e-01 7.834376614462705557e-02
1.851806640625000000e-01 7.834595602512256507e-02
1.853027343750000000e-01 7.834814718355533059e-02
1.854248046875000000e-01 7.835033698827444104e-02
1.855468750000000000e-01 7.835252807331963276e-02
1.856689453125000000e-01 7.835471780223166038e-02
1.857910156250000000e-01 7.835690881386968287e-02
1.859130859375000000e-01 7.835909846694052994e-02
1.860351562500000000e-01 7.836128940514902608e-02
1.861572265625000000e-01 7.836347898235139497e-02
1.862792968750000000e-01 7.836566984709623929e-02
1.864013671875000000e-01 7.836785934840202750e-02
1.865234375000000000e-01 7.837005013966302780e-02
1.866455078125000000e-01 7.837223956504717204e-02
1.867675781250000000e-01 7.837443028279264534e-02
1.868896484375000000e-01 7.837661963221918826e-02
1.870117187500000000e-01 7.837881027642963627e-02
1.871337890625000000e-01 7.838099954987214069e-02
1.872558593750000000e-01 7.838319012051782331e-02
1.873779296875000000e-01 7.838537931794761771e-02
1.875000000000000000e-01 7.838756981499972465e-02
1.876220703125000000e-01 7.838975893638477910e-02
1.877441406250000000e-01 7.839194935982460311e-02
1.878662109375000000e-01 7.839413840513621834e-02
1.879882812500000000e-01 7.839632875493712794e-02
1.881103515625000000e-01 7.839851772414875575e-02
1.882324218750000000e-01 7.840070800028160758e-02
1.883544921875000000e-01 7.840289689335805390e-02
1.884765625000000000e-01 7.840508709579654956e-02
1.885986328125000000e-01 7.840727591271237640e-02
1.887207031250000000e-01 7.840946604143214649e-02
1.888427734375000000e-01 7.841165478216061135e-02
1.889648437500000000e-01 7.841384483713460807e-02
1.890869140625000000e-01 7.841603350164019770e-02
1.892089843750000000e-01 7.841822348284853417e-02
1.893310546875000000e-01 7.842041207110185541e-02
1.894531250000000000e-01 7.842260197851179393e-02
1.895751953125000000e-01 7.842479049048942108e-02
1.896972656250000000e-01 7.842698032407767472e-02
1.898193359375000000e-01 7.842916875974367819e-02
1.899414062500000000e-01 7.843135851948813964e-02
1.900634765625000000e-01 7.843354687881419485e-02
1.901855468750000000e-01 7.843573656468558197e-02
1.903076171875000000e-01 7.843792484764268436e-02
1.904296875000000000e-01 7.844011445961186768e-02
1.905517578125000000e-01 7.844230266617333025e-02
1.906738281250000000e-01 7.844449220421928493e-02
1.907958984375000000e-01 7.844668033435463206e-02
1.909179687500000000e-01 7.844886979844999109e-02
1.910400390625000000e-01 7.845105785212819205e-02
1.911621093750000000e-01 7.845324724224760071e-02
1.912841796875000000e-01 7.845543521944049747e-02
1.914062500000000000e-01 7.845762453555933658e-02
1.915283203125000000e-01 7.845981243623341428e-02
1.916503906250000000e-01 7.846200167832284578e-02
1.917724609375000000e-01 7.846418950245202806e-02
1.918945312500000000e-01 7.846637867048866788e-02
1.920166015625000000e-01 7.846856641804669796e-02
1.921386718750000000e-01 7.847075551200088928e-02
1.922607421875000000e-01 7.847294318295333637e-02
1.923828125000000000e-01 7.847513220280577517e-02
1.925048828125000000e-01 7.847731979712026240e-02
1.926269531250000000e-01 7.847950874284401190e-02
1.927490234375000000e-01 7.848169626049414371e-02
1.928710937500000000e-01 7.848388513206221162e-02
1.929931640625000000e-01 7.848607257302067652e-02
1.931152343750000000e-01 7.848826137040317008e-02
1.932373046875000000e-01 7.849044873463736915e-02
1.933593750000000000e-01 7.849263745781638602e-02
1.934814453125000000e-01 7.849482474529706488e-02
1.936035156250000000e-01 7.849701339424260127e-02
1.937255859375000000e-01 7.849920060494051943e-02
1.938476562500000000e-01 7.850138917962862228e-02
1.939697265625000000e-01 7.850357631351051468e-02
1.940917968750000000e-01 7.850576481391279005e-02
1.942138671875000000e-01 7.850795187095728489e-02
1.943359375000000000e-01 7.851014029704744823e-02
1.944580078125000000e-01 7.851232727721965676e-02
1.945800781250000000e-01 7.851451562897358849e-02
1.947021484375000000e-01 7.851670253224309060e-02
1.948242187500000000e-01 7.851889080963798950e-02
1.949462890625000000e-01 7.852107763597657164e-02
1.950683593750000000e-01 7.852326583898419643e-02
1.951904296875000000e-01 7.852545258836052255e-02
1.953125000000000000e-01 7.852764071695547687e-02
1.954345703125000000e-01 7.852982738934199958e-02
1.955566406250000000e-01 7.853201544349847074e-02
1.956787109375000000e-01 7.853420203886389561e-02
1.958007812500000000e-01 7.853639001855727830e-02
1.959228515625000000e-01 7.853857653687407181e-02
1.960449218750000000e-01 7.854076444207204466e-02
1.961669921875000000e-01 7.854295088331000874e-02
1.962890625000000000e-01 7.854513871399443348e-02
1.964111328125000000e-01 7.854732507812170472e-02
1.965332031250000000e-01 7.854951283427015485e-02
1.966552734375000000e-01 7.855169912125443965e-02
1.967773437500000000e-01 7.855388680283452441e-02
1.968994140625000000e-01 7.855607301265003783e-02
1.970214843750000000e-01 7.855826061963631923e-02
1.971435546875000000e-01 7.856044675225627716e-02
1.972656250000000000e-01 7.856263428462795240e-02
1.973876953125000000e-01 7.856482034001210923e-02
1.975097656250000000e-01 7.856700779774061782e-02
1.976318359375000000e-01 7.856919377586971120e-02
1.977539062500000000e-01 7.857138115892746411e-02
1.978759765625000000e-01 7.857356705976757671e-02
1.979980468750000000e-01 7.857575436813174496e-02
1.981201171875000000e-01 7.857794019165147137e-02
1.982421875000000000e-01 7.858012742529563166e-02
1.983642578125000000e-01 7.858231317146863182e-02
1.984863281250000000e-01 7.858450033036480653e-02
1.986083984375000000e-01 7.858668599916111830e-02
1.987304687500000000e-01 7.858887308328760257e-02
1.988525390625000000e-01 7.859105867467239270e-02
1.989746093750000000e-01 7.859324568400470612e-02
1.990966796875000000e-01 7.859543119794795696e-02
1.992187500000000000e-01 7.859761813245920437e-02
1.993408203125000000e-01 7.859980356893954412e-02
1.994628906250000000e-01 7.860199042860081808e-02
1.995849609375000000e-01 7.860417578757991630e-02
1.997070312500000000e-01 7.860636257236816582e-02
1.998291015625000000e-01 7.860854785382019594e-02
1.999511718750000000e-01 7.861073456370772095e-02
2.000732421875000000e-01 7.861291976760487188e-02
2.001953125000000000e-01 7.861510640256777482e-02
2.003173828125000000e-01 7.861729152887421412e-02
2.004394531250000000e-01 7.861947808889127587e-02
2.005615234375000000e-01 7.862166313757919245e-02
2.006835937500000000e-01 7.862384962261817489e-02
2.008056640625000000e-01 7.862603459366046543e-02
2.009277343750000000e-01 7.862822100369634692e-02
2.010498046875000000e-01 7.863040589706146721e-02
2.011718750000000000e-01 7.863259223207363924e-02
2.012939453125000000e-01 7.863477704772886545e-02
2.014160156250000000e-01 7.863696330768739362e-02
2.015380859375000000e-01 7.863914804560760696e-02
2.016601562500000000e-01 7.864133423048715044e-02
2.017822265625000000e-01 7.864351889064080670e-02
2.019042968750000000e-01 7.864570500041864753e-02
2.020263671875000000e-01 7.864788958277207920e-02
2.021484375000000000e-01 7.865007561742408393e-02
2.022705078125000000e-01 7.865226012194757865e-02
2.023925781250000000e-01 7.865444608144583905e-02
2.025146484375000000e-01 7.865663050811136370e-02
2.026367187500000000e-01 7.865881639242916501e-02
2.027587890625000000e-01 7.866100074120854768e-02
2.028808593750000000e-01 7.866318655032028540e-02
2.030029296875000000e-01 7.866537082118291169e-02
2.031250000000000000e-01 7.866755655506653400e-02
2.032470703125000000e-01 7.866974074797809802e-02
2.033691406250000000e-01 7.867192640660547465e-02
2.034912109375000000e-01 7.867411052154352213e-02
2.036132812500000000e-01 7.867629610488718894e-02
2.037353515625000000e-01 7.867848014181642868e-02
2.038574218750000000e-01 7.868066564985440325e-02
2.039794921875000000e-01 7.868284960874079303e-02
2.041015625000000000e-01 7.868503504144960803e-02
2.042236328125000000e-01 7.868721892227167891e-02
2.043457031250000000e-01 7.868940427961573780e-02
2.044677734375000000e-01 7.869158808234433256e-02
2.045898437500000000e-01 7.869377336431089554e-02
2.047119140625000000e-01 7.869595708889880192e-02
2.048339843750000000e-01 7.869814229546363837e-02
2.049560546875000000e-01 7.870032594189649289e-02
2.050781250000000000e-01 7.870251107302252136e-02
2.052001953125000000e-01 7.870469464126908510e-02
2.053222656250000000e-01 7.870687969693355990e-02
2.054443359375000000e-01 7.870906318695937431e-02
2.055664062500000000e-01 7.871124816714057670e-02
2.056884765625000000e-01 7.871343157891971809e-02
2.058105468750000000e-01 7.871561648358979535e-02
2.059326171875000000e-01 7.871779981708931784e-02
2.060546875000000000e-01 7.871998464622383118e-02
2.061767578125000000e-01 7.872216790141498000e-02
2.062988281250000000e-01 7.872435265498692325e-02
2.064208984375000000e-01 7.872653583184129056e-02
2.065429687500000000e-01 7.872872050982709924e-02
2.066650390625000000e-01 7.873090360830886647e-02
2.067871093750000000e-01 7.873308821068324137e-02
2.069091796875000000e-01 7.873527123076205780e-02
2.070312500000000000e-01 7.873745575750398795e-02
2.071533203125000000e-01 7.873963869915215352e-02
2.072753906250000000e-01 7.874182315023200984e-02
2.073974609375000000e-01 7.874400601342089467e-02
2.075195312500000000e-01 7.874619038881215671e-02
2.076416015625000000e-01 7.874837317351007782e-02
2.077636718750000000e-01 7.875055747318865373e-02
2.078857421875000000e-01 7.875274017936526039e-02
2.080078125000000000e-01 7.875492440330233990e-02
2.081298828125000000e-01 7.875710703092889120e-02
2.082519531250000000e-01 7.875929117910561439e-02
2.083740234375000000e-01 7.876147372814684688e-02
2.084960937500000000e-01 7.876365780053608268e-02
2.086181640625000000e-01 7.876584027096686369e-02
2.087402343750000000e-01 7.876802426754388187e-02
2.088623046875000000e-01 7.877020665932901733e-02
2.089843750000000000e-01 7.877239058006581252e-02
2.091064453125000000e-01 7.877457289318201550e-02
2.092285156250000000e-01 7.877675673805228929e-02
2.093505859375000000e-01 7.877893897246592003e-02
2.094726562500000000e-01 7.878112274144447036e-02
2.095947265625000000e-01 7.878330489712564999e-02
2.097167968750000000e-01 7.878548859019016137e-02
2.098388671875000000e-01 7.878767066710495870e-02
2.099609375000000000e-01 7.878985428423108950e-02
2.100830078125000000e-01 7.879203628235008361e-02
2.102050781250000000e-01 7.879421982351005049e-02
2.103271484375000000e-01 7.879640174280948262e-02
2.104492187500000000e-01 7.879858520797629329e-02
2.105712890625000000e-01 7.880076704841922075e-02
2.106933593750000000e-01 7.880295043757146178e-02
2.108154296875000000e-01 7.880513219912700651e-02
2.109375000000000000e-01 7.880731551224037790e-02
2.110595703125000000e-01 7.880949719487886918e-02
2.111816406250000000e-01 7.881168043192469941e-02
2.113037109375000000e-01 7.881386203561879800e-02
2.114257812500000000e-01 7.881604519657274543e-02
2.115478515625000000e-01 7.881822672128926954e-02
2.116699218750000000e-01 7.882040980612618764e-02
2.117919921875000000e-01 7.882259125183722903e-02
2.119140625000000000e-01 7.882477426053056957e-02
2.120361328125000000e-01 7.882695562720272442e-02
2.121582031250000000e-01 7.882913855973176787e-02
2.122802734375000000e-01 7.883131984733460218e-02
2.124023437500000000e-01 7.883350270366931700e-02
2.125244140625000000e-01 7.883568391217264659e-02
2.126464843750000000e-01 7.883786669229018995e-02
2.127685546875000000e-01 7.884004782166366410e-02
2.128906250000000000e-01 7.884223052554134581e-02
2.130126953125000000e-01 7.884441157575637626e-02
2.131347656250000000e-01 7.884659420336138924e-02
2.132568359375000000e-01 7.884877517438663996e-02
2.133789062500000000e-01 7.885095772570437089e-02
2.135009765625000000e-01 7.885313861750727071e-02
2.136230468750000000e-01 7.885532109250519006e-02
2.137451171875000000e-01 7.885750190505766422e-02
2.138671875000000000e-01 7.885968430371066706e-02
2.139892578125000000e-01 7.886186503698383587e-02
2.141113281250000000e-01 7.886404735926688669e-02
2.142333984375000000e-01 7.886622801322706877e-02
2.143554687500000000e-01 7.886841025911328629e-02
2.144775390625000000e-01 7.887059083373337831e-02
2.145996093750000000e-01 7.887277300320284790e-02
2.147216796875000000e-01 7.887495349844417247e-02
2.148437500000000000e-01 7.887713559147359332e-02
2.149658203125000000e-01 7.887931600730921367e-02
2.150878906250000000e-01 7.888149802386769383e-02
2.152099609375000000e-01 7.888367836027501689e-02
2.153320312500000000e-01 7.888586030033858942e-02
2.154541015625000000e-01 7.888804055727328957e-02
2.155761718750000000e-01 7.889022242082086023e-02
2.156982421875000000e-01 7.889240259826194035e-02
2.158203125000000000e-01 7.889458438526238127e-02
2.159423828125000000e-01 7.889676448317876900e-02
2.160644531250000000e-01 7.889894619361011163e-02
2.161865234375000000e-01 7.890112621196361531e-02
2.163085937500000000e-01 7.890330784580355805e-02
2.164306640625000000e-01 7.890548778457090462e-02
2.165527343750000000e-01 7.890766934179598013e-02
2.166748046875000000e-01 7.890984920093514765e-02
2.167968750000000000e-01 7.891203068151653177e-02
2.169189453125000000e-01 7.891421046101296244e-02
2.170410156250000000e-01 7.891639186491884728e-02
2.171630859375000000e-01 7.891857156473837398e-02
2.172851562500000000e-01 7.892075289194752652e-02
2.174072265625000000e-01 7.892293251205290128e-02
2.175292968750000000e-01 7.892511376255050004e-02
2.176513671875000000e-01 7.892729330291392564e-02
2.177734375000000000e-01 7.892947447665739358e-02
2.178955078125000000e-01 7.893165393725704027e-02
2.180175781250000000e-01 7.893383503423372083e-02
2.181396484375000000e-01 7.893601441501092719e-02
2.182617187500000000e-01 7.893819543522007098e-02
2.183837890625000000e-01 7.894037473614311240e-02
2.185058593750000000e-01 7.894255567953609165e-02
2.186279296875000000e-01 7.894473490061335030e-02
2.187500000000000000e-01 7.894691576712996317e-02
2.188720703125000000e-01 7.894909490833149079e-02
2.189941406250000000e-01 7.895127569797907863e-02
2.191162109375000000e-01 7.895345475924385459e-02
2.192382812500000000e-01 7.895563547200691590e-02
2.193603515625000000e-01 7.895781445330972426e-02
2.194824218750000000e-01 7.895999508914820775e-02
2.196044921875000000e-01 7.896217399046899510e-02
2.197265625000000000e-01 7.896435454936663600e-02
2.198486328125000000e-01 7.896653337066526779e-02
2.199707031250000000e-01 7.896871385259704446e-02
2.200927734375000000e-01 7.897089259384175441e-02
2.202148437500000000e-01 7.897307299877469322e-02
2.203369140625000000e-01 7.897525165994485896e-02
2.204589843750000000e-01 7.897743198785875385e-02
2.205810546875000000e-01 7.897961056891218690e-02
2.207031250000000000e-01 7.898179081978516647e-02
2.208251953125000000e-01 7.898396932069472187e-02
2.209472656250000000e-01 7.898614949450112610e-02
2.210693359375000000e-01 7.898832791523691110e-02
2.211914062500000000e-01 7.899050801195160731e-02
2.213134765625000000e-01 7.899268635247928827e-02
2.214355468750000000e-01 7.899486637207393802e-02
2.215576171875000000e-01 7.899704463236528751e-02
2.216796875000000000e-01 7.899922457482097538e-02
2.218017578125000000e-01 7.900140275484519858e-02
2.219238281250000000e-01 7.900358262013447430e-02
2.220458984375000000e-01 7.900576071985677962e-02
2.221679687500000000e-01 7.900794050795266477e-02
2.222900390625000000e-01 7.901011852734850238e-02
2.224121093750000000e-01 7.901229823822898679e-02
2.225341796875000000e-01 7.901447617726410633e-02
2.226562500000000000e-01 7.901665581090144830e-02
2.227783203125000000e-01 7.901883366954615129e-02
2.229003906250000000e-01 7.902101322591270627e-02
2.230224609375000000e-01 7.902319100413697506e-02
2.231445312500000000e-01 7.902537048321386925e-02
2.232666015625000000e-01 7.902754818098220446e-02
2.233886718750000000e-01 7.902972758274301457e-02
2.235107421875000000e-01 7.903190520003008923e-02
2.236328125000000000e-01 7.903408452444850296e-02
2.237548828125000000e-01 7.903626206121543152e-02
2.238769531250000000e-01 7.903844130827253345e-02
2.239990234375000000e-01 7.904061876449128277e-02
2.241210937500000000e-01 7.904279793415730504e-02
2.242431640625000000e-01 7.904497530980075792e-02
2.243652343750000000e-01 7.904715440204712618e-02
2.244873046875000000e-01 7.904933169708462659e-02
2.246093750000000000e-01 7.905151071189142620e-02
2.247314453125000000e-01 7.905368792628436614e-02
2.248535156250000000e-01 7.905586686363115512e-02
2.249755859375000000e-01 7.905804399735244514e-02
2.250976562500000000e-01 7.906022285720876175e-02
2.252197265625000000e-01 7.906239991022614988e-02
2.253417968750000000e-01 7.906457869256919291e-02
2.254638671875000000e-01 7.906675566485532602e-02
2.255859375000000000e-01 7.906893436965933830e-02
2.257080078125000000e-01 7.907111126117928601e-02
2.258300781250000000e-01 7.907328988841741402e-02
2.259521484375000000e-01 7.907546669914067294e-02
2.260742187500000000e-01 7.907764524879511148e-02
2.261962890625000000e-01 7.907982197868539120e-02
2.263183593750000000e-01 7.908200045072635853e-02
2.264404296875000000e-01 7.908417709976199583e-02
2.265625000000000000e-01 7.908635549416836996e-02
2.266845703125000000e-01 7.908853206231100663e-02
2.268066406250000000e-01 7.909071037905211765e-02
2.269287109375000000e-01 7.909288686627739817e-02
2.270507812500000000e-01 7.909506510533376167e-02
2.271728515625000000e-01 7.909724151160234251e-02
2.272949218750000000e-01 7.909941967295258669e-02
2.274169921875000000e-01 7.910159599823066157e-02
2.275390625000000000e-01 7.910377408184443571e-02
2.276611328125000000e-01 7.910595032611027200e-02
2.277832031250000000e-01 7.910812833196328997e-02
2.279052734375000000e-01 7.911030449518305363e-02
2.280273437500000000e-01 7.911248242325023827e-02
2.281494140625000000e-01 7.911465850539267652e-02
2.282714843750000000e-01 7.911683635565201766e-02
2.283935546875000000e-01 7.911901235668249155e-02
2.285156250000000000e-01 7.912119012911038307e-02
2.286376953125000000e-01 7.912336604899848636e-02
2.287597656250000000e-01 7.912554374356566000e-02
2.288818359375000000e-01 7.912771958228156932e-02
2.290039062500000000e-01 7.912989719896855456e-02
2.291259765625000000e-01 7.913207295647767259e-02
2.292480468750000000e-01 7.913425049525943389e-02
2.293701171875000000e-01 7.913642617153289482e-02
2.294921875000000000e-01 7.913860363238288398e-02
2.296142578125000000e-01 7.914077922738679827e-02
2.297363281250000000e-01 7.914295661028356021e-02
2.298583984375000000e-01 7.914513212398749387e-02
2.299804687500000000e-01 7.914730942890323140e-02
2.301025390625000000e-01 7.914948486127978966e-02
2.302246093750000000e-01 7.915166208819036930e-02
2.303466796875000000e-01 7.915383743920265114e-02
2.304687500000000000e-01 7.915601458808275981e-02
2.305908203125000000e-01 7.915818985770005367e-02
2.307128906250000000e-01 7.916036692852707057e-02
2.308349609375000000e-01 7.916254211672443808e-02
2.309570312500000000e-01 7.916471910947300850e-02
2.310791015625000000e-01 7.916689421621153633e-02
2.312011718750000000e-01 7.916907113086095460e-02
2.313232421875000000e-01 7.917124615610605931e-02
2.314453125000000000e-01 7.917342299263144256e-02
2.315673828125000000e-01 7.917559793635700616e-02
2.316894531250000000e-01 7.917777469473485930e-02
2.318115234375000000e-01 7.917994955690491055e-02
2.319335937500000000e-01 7.918212623710564613e-02
2.320556640625000000e-01 7.918430101769181884e-02
2.321777343750000000e-01 7.918647761969391241e-02
2.322998046875000000e-01 7.918865231866778487e-02
2.324218750000000000e-01 7.919082884244442455e-02
2.325439453125000000e-01 7.919300345977386968e-02
2.326660156250000000e-01 7.919517990530076934e-02
2.327880859375000000e-01 7.919735444094691545e-02
2.329101562500000000e-01 7.919953080820556213e-02
2.330322265625000000e-01 7.920170526214188877e-02
2.331542968750000000e-01 7.920388155110220929e-02
2.332763671875000000e-01 7.920605592329525713e-02
2.333984375000000000e-01 7.920823213394129203e-02
2.335205078125000000e-01 7.921040642435452084e-02
2.336425781250000000e-01 7.921258255665311609e-02
2.337646484375000000e-01 7.921475676526762433e-02
2.338867187500000000e-01 7.921693281919221785e-02
2.340087890625000000e-01 7.921910694597128488e-02
2.341308593750000000e-01 7.922128292150440454e-02
2.342529296875000000e-01 7.922345696640871460e-02
2.343750000000000000e-01 7.922563286352538037e-02
2.344970703125000000e-01 7.922780682653025874e-02
2.346191406250000000e-01 7.922998264520234035e-02
2.347412109375000000e-01 7.923215652627801919e-02
2.348632812500000000e-01 7.923433226648569916e-02
2.349853515625000000e-01 7.923650606559337617e-02
2.351074218750000000e-01 7.923868172730927362e-02
2.352294921875000000e-01 7.924085544441794582e-02
2.353515625000000000e-01 7.924303102762456086e-02
2.354736328125000000e-01 7.924520466270233710e-02
2.355957031250000000e-01 7.924738016737525870e-02
2.357177734375000000e-01 7.924955372038931800e-02
2.358398437500000000e-01 7.925172914649145084e-02
2.359619140625000000e-01 7.925390261741586950e-02
2.360839843750000000e-01 7.925607796493733259e-02
2.362060546875000000e-01 7.925825135373179564e-02
2.363281250000000000e-01 7.926042662265611605e-02
2.364501953125000000e-01 7.926259992929081399e-02
2.365722656250000000e-01 7.926477511955008770e-02
2.366943359375000000e-01 7.926694834401588896e-02
2.368164062500000000e-01 7.926912345563022488e-02
2.369384765625000000e-01 7.927129659787633675e-02
2.370605468750000000e-01 7.927347163079316583e-02
2.371826171875000000e-01 7.927564469076561759e-02
2.373046875000000000e-01 7.927781964500665857e-02
2.374267578125000000e-01 7.927999262269783132e-02
2.375488281250000000e-01 7.928216749819201603e-02
2.376708984375000000e-01 7.928434039356953289e-02
2.377929687500000000e-01 7.928651519031124084e-02
2.379150390625000000e-01 7.928868800333209454e-02
2.380371093750000000e-01 7.929086272130246582e-02
2.381591796875000000e-01 7.929303545194356373e-02
2.382812500000000000e-01 7.929521009110662710e-02
2.384033203125000000e-01 7.929738273933528703e-02
2.385253906250000000e-01 7.929955729967572142e-02
2.386474609375000000e-01 7.930172986545148961e-02
2.387695312500000000e-01 7.930390434694552237e-02
2.388916015625000000e-01 7.930607683024573640e-02
2.390136718750000000e-01 7.930825123286248945e-02
2.391357421875000000e-01 7.931042363365262138e-02
2.392578125000000000e-01 7.931259795737252705e-02
2.393798828125000000e-01 7.931477027561631421e-02
2.395019531250000000e-01 7.931694452041390675e-02
2.396240234375000000e-01 7.931911675608681322e-02
2.397460937500000000e-01 7.932129092193669628e-02
2.398681640625000000e-01 7.932346307500187654e-02
2.399902343750000000e-01 7.932563716188537062e-02
2.401123046875000000e-01 7.932780923230722814e-02
2.402343750000000000e-01 7.932998324019772951e-02
2.403564453125000000e-01 7.933215522795127039e-02
2.404785156250000000e-01 7.933432915682266107e-02
2.406005859375000000e-01 7.933650106187213613e-02
2.407226562500000000e-01 7.933867491169996344e-02
2.408447265625000000e-01 7.934084673401108068e-02
2.409667968750000000e-01 7.934302050477939905e-02
2.410888671875000000e-01 7.934519224432053097e-02
2.412109375000000000e-01 7.934736593600187626e-02
2.413330078125000000e-01 7.934953759273928597e-02
2.414550781250000000e-01 7.935171120530720712e-02
2.415771484375000000e-01 7.935388277921184841e-02
2.416992187500000000e-01 7.935605631264409932e-02
2.418212890625000000e-01 7.935822780367933482e-02
2.419433593750000000e-01 7.936040125795389144e-02
2.420654296875000000e-01 7.936257266609204886e-02
2.421875000000000000e-01 7.936474604118348708e-02
2.423095703125000000e-01 7.936691736638948336e-02
2.424316406250000000e-01 7.936909066227530729e-02
2.425537109375000000e-01 7.937126190451589125e-02
2.426757812500000000e-01 7.937343512117608912e-02
2.427978515625000000e-01 7.937560628041365196e-02
2.429199218750000000e-01 7.937777941782060698e-02
2.430419921875000000e-01 7.937995049403244463e-02
2.431640625000000000e-01 7.938212355215606975e-02
2.432861328125000000e-01 7.938429454530623874e-02
2.434082031250000000e-01 7.938646752413404395e-02
2.435302734375000000e-01 7.938863843418801636e-02
2.436523437500000000e-01 7.939081133368777743e-02
2.437744140625000000e-01 7.939298216061960178e-02
2.438964843750000000e-01 7.939515498077072408e-02
2.440185546875000000e-01 7.939732572453907233e-02
2.441406250000000000e-01 7.939949846532350086e-02
2.442626953125000000e-01 7.940166912589796677e-02
2.443847656250000000e-01 7.940384178728457365e-02
2.445068359375000000e-01 7.940601236463644408e-02
2.446289062500000000e-01 7.940818494660108195e-02
2.447509765625000000e-01 7.941035544069399710e-02
2.448730468750000000e-01 7.941252794322262165e-02
2.449951171875000000e-01 7.941469835402296951e-02
2.451171875000000000e-01 7.941687077708446674e-02
2.452392578125000000e-01 7.941904110456241006e-02
2.453613281250000000e-01 7.942121344813385386e-02
2.454833984375000000e-01 7.942338369225612760e-02
2.456054687500000000e-01 7.942555595631513310e-02
2.457275390625000000e-01 7.942772611704548846e-02
2.458496093750000000e-01 7.942989830157352882e-02
2.459716796875000000e-01 7.943206837887939464e-02
2.460937500000000000e-01 7.943424048384756242e-02
2.462158203125000000e-01 7.943641047770003127e-02
2.463378906250000000e-01 7.943858250308381830e-02
2.464599609375000000e-01 7.944075241344811245e-02
2.465820312500000000e-01 7.944292435923012985e-02
2.467041015625000000e-01 7.944509418607136053e-02
2.468261718750000000e-01 7.944726605222483806e-02
2.469482421875000000e-01 7.944943579551226598e-02
2.470703125000000000e-01 7.945160758201139095e-02
2.471923828125000000e-01 7.945377724171236167e-02
2.473144531250000000e-01 7.945594894853921786e-02
2.474365234375000000e-01 7.945811852461782954e-02
2.475585937500000000e-01 7.946029015174632670e-02
2.476806640625000000e-01 7.946245964417594787e-02
2.478027343750000000e-01 7.946463119157859412e-02
2.479248046875000000e-01 7.946680060032161597e-02
2.480468750000000000e-01 7.946897206798200775e-02
2.481689453125000000e-01 7.947114139300132107e-02
2.482910156250000000e-01 7.947331278089639350e-02
2.484130859375000000e-01 7.947548202216371538e-02
2.485351562500000000e-01 7.947765333026414469e-02
2.486572265625000000e-01 7.947982248775023462e-02
2.487792968750000000e-01 7.948199371603618946e-02
2.489013671875000000e-01 7.948416278970257820e-02
2.490234375000000000e-01 7.948633393815333903e-02
2.491455078125000000e-01 7.948850292796474926e-02
2.492675781250000000e-01 7.949067399655497523e-02
2.493896484375000000e-01 7.949284290248437301e-02
2.495117187500000000e-01 7.949501389118920902e-02
2.496337890625000000e-01 7.949718271320113661e-02
2.497558593750000000e-01 7.949935362199718469e-02
2.498779296875000000e-01 7.950152236005519901e-02
2.500000000000000000e-01 7.950369318892555603e-02
2.501220703125000000e-01 7.950586184299937575e-02
2.502441406250000000e-01 7.950803259191607797e-02
2.503662109375000000e-01 7.951020116197161924e-02
2.504882812500000000e-01 7.951237183091304506e-02
2.506103515625000000e-01 7.951454031691704283e-02
2.507324218750000000e-01 7.951671090586009960e-02
2.508544921875000000e-01 7.951887930777941371e-02
2.509765625000000000e-01 7.952104981670042594e-02
2.510986328125000000e-01 7.952321813449957089e-02
2.512207031250000000e-01 7.952538856337870721e-02
2.513427734375000000e-01 7.952755679702531999e-02
2.514648437500000000e-01 7.952972714583886327e-02
2.515869140625000000e-01 7.953189529529985924e-02
2.517089843750000000e-01 7.953406556402078942e-02
2.518310546875000000e-01 7.953623362926595664e-02
2.519531250000000000e-01 7.953840381787374847e-02
2.520751953125000000e-01 7.954057179886649120e-02
2.521972656250000000e-01 7.954274190733622019e-02
2.523193359375000000e-01 7.954490980404413381e-02
2.524414062500000000e-01 7.954707983235549673e-02
2.525634765625000000e-01 7.954924764474337329e-02
2.526855468750000000e-01 7.955141759287534531e-02
2.528076171875000000e-01 7.955358532091091894e-02
2.529296875000000000e-01 7.955575518883814534e-02
2.530517578125000000e-01 7.955792283248473706e-02
2.531738281250000000e-01 7.956009262018796935e-02
2.532958984375000000e-01 7.956226017941396556e-02
2.534179687500000000e-01 7.956442988686750206e-02
2.535400390625000000e-01 7.956659736163844421e-02
2.536621093750000000e-01 7.956876698882012211e-02
2.537841796875000000e-01 7.957093437910750522e-02
2.539062500000000000e-01 7.957310392599244164e-02
2.540283203125000000e-01 7.957527123175776873e-02
2.541503906250000000e-01 7.957744069832659028e-02
2.542724609375000000e-01 7.957960791953203050e-02
2.543945312500000000e-01 7.958177730576537767e-02
2.545166015625000000e-01 7.958394444238237053e-02
2.546386718750000000e-01 7.958611374824720031e-02
2.547607421875000000e-01 7.958828080024697715e-02
2.548828125000000000e-01 7.959045002572975869e-02
2.550048828125000000e-01 7.959261699306774407e-02
2.551269531250000000e-01 7.959478613814344183e-02
2.552490234375000000e-01 7.959695302079329571e-02
2.553710937500000000e-01 7.959912208543790113e-02
2.554931640625000000e-01 7.960128888336431841e-02
2.556152343750000000e-01 7.960345786755615438e-02
2.557373046875000000e-01 7.960562458072306669e-02
2.558593750000000000e-01 7.960779348444078918e-02
2.559814453125000000e-01 7.960996011281373796e-02
2.561035156250000000e-01 7.961212893603628049e-02
2.562255859375000000e-01 7.961429547958355502e-02
2.563476562500000000e-01 7.961646422228371711e-02
2.564697265625000000e-01 7.961863068097113638e-02
2.565917968750000000e-01 7.962079934313048835e-02
2.567138671875000000e-01 7.962296571692560609e-02
2.568359375000000000e-01 7.962513429852051405e-02
2.569580078125000000e-01 7.962730058738252958e-02
2.570800781250000000e-01 7.962946908839479976e-02
2.572021484375000000e-01 7.963163529229172477e-02
2.573242187500000000e-01 7.963380371269548896e-02
2.574462890625000000e-01 7.963596983159967890e-02
2.575683593750000000e-01 7.963813817136798645e-02
2.576904296875000000e-01 7.964030420524090270e-02
2.578125000000000000e-01 7.964247246435819660e-02
2.579345703125000000e-01 7.964463841316549164e-02
2.580566406250000000e-01 7.964680659160837395e-02
2.581787109375000000e-01 7.964897245531449288e-02
2.583007812500000000e-01 7.965114055305733132e-02
2.584228515625000000e-01 7.965330633163239527e-02
2.585449218750000000e-01 7.965547434865670462e-02
2.586669921875000000e-01 7.965764004206100923e-02
2.587890625000000000e-01 7.965980797834255889e-02
2.589111328125000000e-01 7.966197358654553140e-02
2.590332031250000000e-01 7.966414144206439285e-02
2.591552734375000000e-01 7.966630696503095022e-02
2.592773437500000000e-01 7.966847473976559901e-02
2.593994140625000000e-01 7.967064017745532911e-02
2.595214843750000000e-01 7.967280787138442122e-02
2.596435546875000000e-01 7.967497322377248281e-02
2.597656250000000000e-01 7.967714083686348869e-02
2.598876953125000000e-01 7.967930610391653345e-02
2.600097656250000000e-01 7.968147363615815659e-02
2.601318359375000000e-01 7.968363881783122049e-02
2.602539062500000000e-01 7.968580626919929966e-02
2.603759765625000000e-01 7.968797136546473814e-02
2.604980468750000000e-01 7.969013873593873420e-02
2.606201171875000000e-01 7.969230374676104789e-02
2.607421875000000000e-01 7.969447103631380203e-02
2.608642578125000000e-01 7.969663596165443842e-02
2.609863281250000000e-01 7.969880317027432104e-02
2.611083984375000000e-01 7.970096801010104204e-02
2.612304687500000000e-01 7.970313513775723058e-02
2.613525390625000000e-01 7.970529989203704868e-02
2.614746093750000000e-01 7.970746693870943422e-02
2.615966796875000000e-01 7.970963160740673903e-02
2.617187500000000000e-01 7.971179857307558736e-02
2.618408203125000000e-01 7.971396315615363048e-02
2.619628906250000000e-01 7.971613004079641795e-02
2.620849609375000000e-01 7.971829453822433520e-02
2.622070312500000000e-01 7.972046134181834387e-02
2.623291015625000000e-01 7.972262575355780478e-02
2.624511718750000000e-01 7.972479247608119102e-02
2.625732421875000000e-01 7.972695680209881952e-02
2.626953125000000000e-01 7.972912344353327851e-02
2.628173828125000000e-01 7.973128768379554587e-02
2.629394531250000000e-01 7.973345424411504290e-02
2.630615234375000000e-01 7.973561839858328559e-02
2.631835937500000000e-01 7.973778487776980728e-02
2.633056640625000000e-01 7.973994894641107944e-02
2.634277343750000000e-01 7.974211534444200500e-02
2.635498046875000000e-01 7.974427932722306933e-02
2.636718750000000000e-01 7.974644564407462610e-02
2.637939453125000000e-01 7.974860954095792931e-02
2.639160156250000000e-01 7.975077577661202066e-02
2.640380859375000000e-01 7.975293958756149437e-02
2.641601562500000000e-01 7.975510574199920488e-02
2.642822265625000000e-01 7.975726946698007136e-02
2.644042968750000000e-01 7.975943554017210502e-02
2.645263671875000000e-01 7.976159917915454090e-02
2.646484375000000000e-01 7.976376517108023367e-02
2.647705078125000000e-01 7.976592872402367418e-02
2.648925781250000000e-01 7.976809463467077199e-02
2.650146484375000000e-01 7.977025810154173002e-02
2.651367187500000000e-01 7.977242393088114503e-02
2.652587890625000000e-01 7.977458731164081829e-02
2.653808593750000000e-01 7.977675305965693797e-02
2.655029296875000000e-01 7.977891635427365735e-02
2.656250000000000000e-01 7.978108202094000290e-02
2.657470703125000000e-01 7.978324522938089192e-02
2.658691406250000000e-01 7.978541081467346863e-02
2.659912109375000000e-01 7.978757393690133481e-02
2.661132812500000000e-01 7.978973944080861025e-02
2.662353515625000000e-01 7.979190247678033532e-02
2.663574218750000000e-01 7.979406789927823151e-02
2.664794921875000000e-01 7.979623084896554641e-02
2.666015625000000000e-01 7.979839619003119278e-02
2.667236328125000000e-01 7.980055905339560052e-02
2.668457031250000000e-01 7.980272431300955427e-02
2.669677734375000000e-01 7.980488709001715142e-02
2.670898437500000000e-01 7.980705226815543174e-02
2.672119140625000000e-01 7.980921495877540961e-02
2.673339843750000000e-01 7.981138005541420222e-02
2.674560546875000000e-01 7.981354265960781402e-02
2.675781250000000000e-01 7.981570767473006311e-02
2.677001953125000000e-01 7.981787019245963066e-02
2.678222656250000000e-01 7.982003512604395057e-02
2.679443359375000000e-01 7.982219755727595900e-02
2.680664062500000000e-01 7.982436240930539106e-02
2.681884765625000000e-01 7.982652475400060788e-02
2.683105468750000000e-01 7.982868952445067168e-02
2.684326171875000000e-01 7.983085178257266767e-02
2.685546875000000000e-01 7.983301647142529434e-02
2.686767578125000000e-01 7.983517864294424615e-02
2.687988281250000000e-01 7.983734325017145805e-02
2.689208984375000000e-01 7.983950533504965974e-02
2.690429687500000000e-01 7.984166986063931382e-02
2.691650390625000000e-01 7.984383185883468792e-02
2.692871093750000000e-01 7.984599630276439930e-02
2.694091796875000000e-01 7.984815821424542936e-02
2.695312500000000000e-01 7.985032257649297971e-02
2.696533203125000000e-01 7.985248440122434677e-02
2.697753906250000000e-01 7.985464868176592179e-02
2.698974609375000000e-01 7.985681041971119665e-02
2.700195312500000000e-01 7.985897461853304347e-02
2.701416015625000000e-01 7.986113626965403445e-02
2.702636718750000000e-01 7.986330038673210285e-02
2.703857421875000000e-01 7.986546195099507306e-02
2.705078125000000000e-01 7.986762598630717247e-02
2.706298828125000000e-01 7.986978746367506821e-02
2.707519531250000000e-01 7.987195141720541958e-02
2.708740234375000000e-01 7.987411280763848098e-02
2.709960937500000000e-01 7.987627667936381126e-02
2.711181640625000000e-01 7.987843798283247865e-02
2.712402343750000000e-01 7.988060177273081930e-02
2.713623046875000000e-01 7.988276298919545770e-02
2.714843750000000000e-01 7.988492669725064110e-02
2.716064453125000000e-01 7.988708782667126862e-02
2.717285156250000000e-01 7.988925145286285279e-02
2.718505859375000000e-01 7.989141249520978483e-02
2.719726562500000000e-01 7.989357603951159625e-02
2.720947265625000000e-01 7.989573699474501745e-02
2.722167968750000000e-01 7.989790045714043054e-02
2.723388671875000000e-01 7.990006132522498028e-02
2.724609375000000000e-01 7.990222470569473268e-02
2.725830078125000000e-01 7.990438548659355156e-02
2.727050781250000000e-01 7.990654878511585513e-02
2.728271484375000000e-01 7.990870947879005759e-02
2.729492187500000000e-01 7.991087269534676019e-02
2.730712890625000000e-01 7.991303330176162401e-02
2.731933593750000000e-01 7.991519643633372694e-02
2.733154296875000000e-01 7.991735695545143514e-02
2.734375000000000000e-01 7.991952000801830214e-02
2.735595703125000000e-01 7.992168043979931691e-02
2.736816406250000000e-01 7.992384341034225459e-02
2.738037109375000000e-01 7.992600375475381047e-02
2.739257812500000000e-01 7.992816664325028131e-02
2.740478515625000000e-01 7.993032690025489440e-02
2.741699218750000000e-01 7.993248970668481723e-02
2.742919921875000000e-01 7.993464987624582241e-02
2.744140625000000000e-01 7.993681260059239124e-02
2.745361328125000000e-01 7.993897268266805800e-02
2.746582031250000000e-01 7.994113532491324559e-02
2.747802734375000000e-01 7.994329531947164114e-02
2.749023437500000000e-01 7.994545787958909355e-02
2.750244140625000000e-01 7.994761778659086049e-02
2.751464843750000000e-01 7.994978026456714404e-02
2.752685546875000000e-01 7.995194008397837893e-02
2.753906250000000000e-01 7.995410247979023444e-02
2.755126953125000000e-01 7.995626221157130231e-02
2.756347656250000000e-01 7.995842452519721921e-02
2.757568359375000000e-01 7.996058416931618729e-02
2.758789062500000000e-01 7.996274640073780526e-02
2.760009765625000000e-01 7.996490595715285976e-02
2.761230468750000000e-01 7.996706810635346996e-02
2.762451171875000000e-01 7.996922757502267221e-02
2.763671875000000000e-01 7.997138964198263755e-02
2.764892578125000000e-01 7.997354902287270861e-02
2.766113281250000000e-01 7.997571100757713825e-02
2.767333984375000000e-01 7.997787030065067748e-02
2.768554687500000000e-01 7.998003220307109418e-02
2.769775390625000000e-01 7.998219140829020135e-02
2.770996093750000000e-01 7.998435322841526696e-02
2.772216796875000000e-01 7.998651234574270796e-02
2.773437500000000000e-01 7.998867408354626285e-02
2.774658203125000000e-01 7.999083311294524767e-02
2.775878906250000000e-01 7.999299476841251200e-02
2.777099609375000000e-01 7.999515370984376650e-02
2.778320312500000000e-01 7.999731528295636607e-02
2.779541015625000000e-01 7.999947413638611171e-02
2.780761718750000000e-01 8.000163562712167553e-02
2.781982421875000000e-01 8.000379439250795977e-02
2.783203125000000000e-01 8.000595580084800262e-02
2.784423828125000000e-01 8.000811447815092681e-02
2.785644531250000000e-01 8.001027580408337503e-02
2.786865234375000000e-01 8.001243439326641282e-02
2.788085937500000000e-01 8.001459563676567577e-02
2.789306640625000000e-01 8.001675413779527068e-02
2.790527343750000000e-01 8.001891529883925491e-02
2.791748046875000000e-01 8.002107371167778427e-02
2.792968750000000000e-01 8.002323479025445774e-02
2.794189453125000000e-01 8.002539311485619422e-02
2.795410156250000000e-01 8.002755411094933380e-02
2.796630859375000000e-01 8.002971234727845884e-02
2.797851562500000000e-01 8.003187326086599884e-02
2.799072265625000000e-01 8.003403140888490364e-02
2.800292968750000000e-01 8.003619223994797027e-02
2.801513671875000000e-01 8.003835029962180769e-02
2.802734375000000000e-01 8.004051104813886264e-02
2.803955078125000000e-01 8.004266901942856671e-02
2.805175781250000000e-01 8.004482968538011167e-02
2.806396484375000000e-01 8.004698756824923933e-02
2.807617187500000000e-01 8.004914815162357533e-02
2.808837890625000000e-01 8.005130594602727356e-02
2.810058593750000000e-01 8.005346644680300106e-02
2.811279296875000000e-01 8.005562415270761623e-02
2.812500000000000000e-01 8.005778457086365485e-02
2.813720703125000000e-01 8.005994218822745645e-02
2.814941406250000000e-01 8.006210252375153824e-02
2.816162109375000000e-01 8.006426005253589051e-02
2.817382812500000000e-01 8.006642030540693511e-02
2.818603515625000000e-01 8.006857774557565866e-02
2.819824218750000000e-01 8.007073791577390409e-02
2.821044921875000000e-01 8.007289526728841866e-02
2.822265625000000000e-01 8.007505535479847447e-02
2.823486328125000000e-01 8.007721261761591158e-02
2.824707031250000000e-01 8.007937262241823784e-02
2.825927734375000000e-01 8.008152979650243197e-02
2.827148437500000000e-01 8.008368971858044472e-02
2.828369140625000000e-01 8.008584680389480015e-02
2.829589843750000000e-01 8.008800664323081908e-02
2.830810546875000000e-01 8.009016363973089914e-02
2.832031250000000000e-01 8.009232339630585618e-02
2.833251953125000000e-01 8.009448030395682760e-02
2.834472656250000000e-01 8.009663997775134936e-02
2.835693359375000000e-01 8.009879679651124573e-02
2.836914062500000000e-01 8.010095638751306424e-02
2.838134765625000000e-01 8.010311311734444328e-02
2.839355468750000000e-01 8.010527262553343575e-02
2.840576171875000000e-01 8.010742926639416450e-02
2.841796875000000000e-01 8.010958869175252572e-02
2.843017578125000000e-01 8.011174524360462068e-02
2.844238281250000000e-01 8.011390458611569731e-02
2.845458984375000000e-01 8.011606104892390889e-02
2.846679687500000000e-01 8.011822030856341481e-02
2.847900390625000000e-01 8.012037668228824683e-02
2.849121093750000000e-01 8.012253585904677289e-02
2.850341796875000000e-01 8.012469214363956982e-02
2.851562500000000000e-01 8.012685123749864469e-02
2.852783203125000000e-01 8.012900743292719619e-02
2.854003906250000000e-01 8.013116644387041632e-02
2.855224609375000000e-01 8.013332255009289473e-02
2.856445312500000000e-01 8.013548147809851363e-02
2.857666015625000000e-01 8.013763749507823997e-02
2.858886718750000000e-01 8.013979634013229658e-02
2.860107421875000000e-01 8.014195226782336312e-02
2.861328125000000000e-01 8.014411102991012004e-02
2.862548828125000000e-01 8.014626686827713842e-02
2.863769531250000000e-01 8.014842554737892921e-02
2.864990234375000000e-01 8.015058129637987749e-02
2.866210937500000000e-01 8.015273989247939657e-02
2.867431640625000000e-01 8.015489555207346017e-02
2.868652343750000000e-01 8.015705406515455378e-02
2.869873046875000000e-01 8.015920963530456800e-02
2.871093750000000000e-01 8.016136806534661374e-02
2.872314453125000000e-01 8.016352354601223584e-02
2.873535156250000000e-01 8.016568189300385394e-02
2.874755859375000000e-01 8.016783728414020316e-02
2.875976562500000000e-01 8.016999554806303330e-02
2.877197265625000000e-01 8.017215084963136285e-02
2.878417968750000000e-01 8.017430903047495505e-02
2.879638671875000000e-01 8.017646424243490832e-02
2.880859375000000000e-01 8.017862234016999434e-02
2.882080078125000000e-01 8.018077746248775117e-02
2.883300781250000000e-01 8.018293547710393654e-02
2.884521484375000000e-01 8.018509050973061936e-02
2.885742187500000000e-01 8.018724844121610795e-02
2.886962890625000000e-01 8.018940338411473245e-02
2.888183593750000000e-01 8.019156123244558509e-02
2.889404296875000000e-01 8.019371608557289421e-02
2.890625000000000000e-01 8.019587385073820296e-02
2.891845703125000000e-01 8.019802861405564420e-02
2.893066406250000000e-01 8.020018629604133698e-02
2.894287109375000000e-01 8.020234096950695779e-02
2.895507812500000000e-01 8.020449856828715252e-02
2.896728515625000000e-01 8.020665315186138733e-02
2.897949218750000000e-01 8.020881066743534848e-02
2.899169921875000000e-01 8.021096516107341368e-02
2.900390625000000000e-01 8.021312259341259465e-02
2.901611328125000000e-01 8.021527699707543813e-02
2.902832031250000000e-01 8.021743434617151225e-02
2.904052734375000000e-01 8.021958865981718145e-02
2.905273437500000000e-01 8.022174592565262108e-02
2.906494140625000000e-01 8.022390014923559687e-02
2.907714843750000000e-01 8.022605733179609400e-02
2.908935546875000000e-01 8.022821146528277825e-02
2.910156250000000000e-01 8.023036856454798804e-02
2.911376953125000000e-01 8.023252260789409673e-02
2.912597656250000000e-01 8.023467962385295860e-02
2.913818359375000000e-01 8.023683357701552610e-02
2.915039062500000000e-01 8.023899050964962421e-02
2.916259765625000000e-01 8.024114437259012578e-02
2.917480468750000000e-01 8.024330122188311210e-02
2.918701171875000000e-01 8.024545499455729147e-02
2.919921875000000000e-01 8.024761176050176914e-02
2.921142578125000000e-01 8.024976544286735458e-02
2.922363281250000000e-01 8.025192212544074444e-02
2.923583984375000000e-01 8.025407571745513113e-02
2.924804687500000000e-01 8.025623231664590074e-02
2.926025390625000000e-01 8.025838581826741369e-02
2.927246093750000000e-01 8.026054233406301752e-02
2.928466796875000000e-01 8.026269574524837191e-02
2.929687500000000000e-01 8.026485217762925617e-02
2.930908203125000000e-01 8.026700549833912235e-02
2.932128906250000000e-01 8.026916184729378234e-02
2.933349609375000000e-01 8.027131507748296035e-02
2.934570312500000000e-01 8.027347134299646358e-02
2.935791015625000000e-01 8.027562448262245964e-02
2.937011718750000000e-01 8.027778066467962381e-02
2.938232421875000000e-01 8.027993371370226172e-02
2.939453125000000000e-01 8.028208981228621144e-02
2.940673828125000000e-01 8.028424277066312231e-02
2.941894531250000000e-01 8.028639878576671052e-02
2.943115234375000000e-01 8.028855165345004374e-02
2.944335937500000000e-01 8.029070758504996963e-02
2.945556640625000000e-01 8.029286036200222743e-02
2.946777343750000000e-01 8.029501621009235701e-02
2.947998046875000000e-01 8.029716889626584142e-02
2.949218750000000000e-01 8.029932466082803644e-02
2.950439453125000000e-01 8.030147725618880239e-02
2.951660156250000000e-01 8.030363293720477191e-02
2.952880859375000000e-01 8.030578544170208222e-02
2.954101562500000000e-01 8.030794103916555349e-02
2.955322265625000000e-01 8.031009345275560984e-02
2.956542968750000000e-01 8.031224896665289936e-02
2.957763671875000000e-01 8.031440128929365208e-02
2.958984375000000000e-01 8.031655671960567788e-02
2.960205078125000000e-01 8.031870895125514664e-02
2.961425781250000000e-01 8.032086429797230531e-02
2.962646484375000000e-01 8.032301643858658080e-02
2.963867187500000000e-01 8.032517170169509169e-02
2.965087890625000000e-01 8.032732375122866864e-02
2.966308593750000000e-01 8.032947893071279433e-02
2.967529296875000000e-01 8.033163088912440020e-02
2.968750000000000000e-01 8.033378598497463441e-02
2.969970703125000000e-01 8.033593785221582184e-02
2.971191406250000000e-01 8.033809286441842556e-02
2.972412109375000000e-01 8.034024464044885183e-02
2.973632812500000000e-01 8.034239956898608925e-02
2.974853515625000000e-01 8.034455125376058215e-02
2.976074218750000000e-01 8.034670609862801238e-02
2.977294921875000000e-01 8.034885769210249606e-02
2.978515625000000000e-01 8.035101245327966324e-02
2.979736328125000000e-01 8.035316395541115819e-02
2.980957031250000000e-01 8.035531863288658538e-02
2.982177734375000000e-01 8.035747004363182067e-02
2.983398437500000000e-01 8.035962463739526607e-02
2.984619140625000000e-01 8.036177595670124241e-02
2.985839843750000000e-01 8.036393046674397689e-02
2.987060546875000000e-01 8.036608169457551409e-02
2.988281250000000000e-01 8.036823612087773405e-02
2.989501953125000000e-01 8.037038725718598231e-02
2.990722656250000000e-01 8.037254159973922230e-02
2.991943359375000000e-01 8.037469264447696937e-02
2.993164062500000000e-01 8.037684690327084880e-02
2.994384765625000000e-01 8.037899785639587846e-02
2.995605468750000000e-01 8.038115203141463216e-02
2.996826171875000000e-01 8.038330289288413144e-02
2.998046875000000000e-01 8.038545698411335427e-02
2.999267578125000000e-01 8.038760775388029134e-02
3.000488281250000000e-01 8.038976176131490403e-02
3.001708984375000000e-01 8.039191243933077602e-02
3.002929687500000000e-01 8.039406636295906572e-02
3.004150390625000000e-01 8.039621694918092087e-02
3.005371093750000000e-01 8.039837078898992573e-02
3.006591796875000000e-01 8.040052128336544479e-02
3.007812500000000000e-01 8.040267503934253601e-02
3.009033203125000000e-01 8.040482544183577551e-02
3.010253906250000000e-01 8.040697911396907371e-02
3.011474609375000000e-01 8.040912942452957402e-02
3.012695312500000000e-01 8.041128301280836554e-02
3.013916015625000000e-01 8.041343323139438226e-02
3.015136718750000000e-01 8.041558673580762040e-02
3.016357421875000000e-01 8.041773686236622365e-02
3.017578125000000000e-01 8.041989028290699726e-02
3.018798828125000000e-01 8.042204031739502712e-02
3.020019531250000000e-01 8.042419365404471221e-02
3.021240234375000000e-01 8.042634359641856467e-02
3.022460937500000000e-01 8.042849684917052766e-02
3.023681640625000000e-01 8.043064669938140843e-02
3.024902343750000000e-01 8.043279986822618466e-02
3.026123046875000000e-01 8.043494962622373123e-02
3.027343750000000000e-01 8.043710271115239729e-02
3.028564453125000000e-01 8.043925237689228402e-02
3.029785156250000000e-01 8.044140537789007395e-02
3.031005859375000000e-01 8.044355495132701761e-02
3.032226562500000000e-01 8.044570786839087828e-02
3.033447265625000000e-01 8.044785734947551559e-02
3.034667968750000000e-01 8.045001018258547687e-02
3.035888671875000000e-01 8.045215957127227480e-02
3.037109375000000000e-01 8.045431232042546399e-02
3.038330078125000000e-01 8.045646161666808460e-02
3.039550781250000000e-01 8.045861428185221986e-02
3.040771484375000000e-01 8.046076348560227132e-02
3.041992187500000000e-01 8.046291606680618103e-02
3.043212890625000000e-01 8.046506517801671476e-02
3.044433593750000000e-01 8.046721767523273838e-02
3.045654296875000000e-01 8.046936669385303109e-02
3.046875000000000000e-01 8.047151910707425748e-02
3.048095703125000000e-01 8.047366803306017780e-02
3.049316406250000000e-01 8.047582036227574065e-02
3.050537109375000000e-01 8.047796919556893247e-02
3.051757812500000000e-01 8.048012144077379415e-02
3.052978515625000000e-01 8.048227018133458088e-02
3.054199218750000000e-01 8.048442234251662608e-02
3.055419921875000000e-01 8.048657099029796202e-02
3.056640625000000000e-01 8.048872306744489502e-02
3.057861328125000000e-01 8.049087162239440540e-02
3.059082031250000000e-01 8.049302361550346452e-02
3.060302734375000000e-01 8.049517207757436732e-02
3.061523437500000000e-01 8.049732398663739241e-02
3.062744140625000000e-01 8.049947235576875026e-02
3.063964843750000000e-01 8.050162418077655424e-02
3.065185546875000000e-01 8.050377245694054218e-02
3.066406250000000000e-01 8.050592419787996890e-02
3.067626953125000000e-01 8.050807238101448382e-02
3.068847656250000000e-01 8.051022403788099524e-02
3.070068359375000000e-01 8.051237212794236375e-02
3.071289062500000000e-01 8.051452370072774423e-02
3.072509765625000000e-01 8.051667169766107968e-02
3.073730468750000000e-01 8.051882318635578129e-02
3.074951171875000000e-01 8.052097109011674414e-02
3.076171875000000000e-01 8.052312249471854644e-02
3.077392578125000000e-01 8.052527030525141738e-02
3.078613281250000000e-01 8.052742162575107776e-02
3.079833984375000000e-01 8.052956934300753433e-02
3.081054687500000000e-01 8.053172057939372852e-02
3.082275390625000000e-01 8.053386820332850138e-02
3.083496093750000000e-01 8.053601935559515090e-02
3.084716796875000000e-01 8.053816688615408892e-02
3.085937500000000000e-01 8.054031795430252605e-02
3.087158203125000000e-01 8.054246539143074257e-02
3.088378906250000000e-01 8.054461637544821362e-02
3.089599609375000000e-01 8.054676371909805233e-02
3.090820312500000000e-01 8.054891461897764615e-02
3.092041015625000000e-01 8.055106186910587773e-02
3.093261718750000000e-01 8.055321268484011421e-02
3.094482421875000000e-01 8.055535984138506578e-02
3.095703125000000000e-01 8.055751057297474982e-02
3.096923828125000000e-01 8.055965763588558703e-02
3.098144531250000000e-01 8.056180828331793720e-02
3.099365234375000000e-01 8.056395525255510837e-02
3.100585937500000000e-01 8.056610581582410169e-02
3.101806640625000000e-01 8.056825269132367184e-02
3.103027343750000000e-01 8.057040317042865607e-02
3.104248046875000000e-01 8.057254995214190030e-02
3.105468750000000000e-01 8.057470034708051621e-02
3.106689453125000000e-01 8.057684703495286704e-02
3.107910156250000000e-01 8.057899734570835026e-02
3.109130859375000000e-01 8.058114393969456613e-02
3.110351562500000000e-01 8.058329416626894282e-02
3.111572265625000000e-01 8.058544066631193048e-02
3.112792968750000000e-01 8.058759080870085689e-02
3.114013671875000000e-01 8.058973721474790852e-02
3.115234375000000000e-01 8.059188727294674948e-02
3.116455078125000000e-01 8.059403358494922343e-02
3.117675781250000000e-01 8.059618355894926367e-02
3.118896484375000000e-01 8.059832977684680544e-02
3.120117187500000000e-01 8.060047966665245811e-02
3.121337890625000000e-01 8.060262579039492725e-02
3.122558593750000000e-01 8.060477559599313335e-02
3.123779296875000000e-01 8.060692162553359519e-02
3.125000000000000000e-01 8.060907134692459064e-02
3.126220703125000000e-01 8.061121728220169147e-02
3.127441406250000000e-01 8.061336691938300603e-02
3.128662109375000000e-01 8.061551276034428781e-02
3.129882812500000000e-01 8.061766231331063404e-02
3.131103515625000000e-01 8.061980805990309751e-02
3.132324218750000000e-01 8.062195752865017329e-02
3.133544921875000000e-01 8.062410318082020855e-02
3.134765625000000000e-01 8.062625256534587670e-02
3.135986328125000000e-01 8.062839812304012366e-02
3.137207031250000000e-01 8.063054742334244129e-02
3.138427734375000000e-01 8.063269288650708189e-02
3.139648437500000000e-01 8.063484210258187179e-02
3.140869140625000000e-01 8.063698747115616294e-02
3.142089843750000000e-01 8.063913660300284225e-02
3.143310546875000000e-01 8.064128187693413163e-02
3.144531250000000000e-01 8.064343092455261708e-02
3.145751953125000000e-01 8.064557610378672581e-02
3.146972656250000000e-01 8.064772506716945399e-02
3.148193359375000000e-01 8.064987015165239748e-02
3.149414062500000000e-01 8.065201903080496115e-02
3.150634765625000000e-01 8.065416402047373423e-02
3.151855468750000000e-01 8.065631281538974962e-02
3.153076171875000000e-01 8.065845771020060950e-02
3.154296875000000000e-01 8.066060642087689858e-02
3.155517578125000000e-01 8.066275122076133064e-02
3.156738281250000000e-01 8.066489984720329187e-02
3.157958984375000000e-01 8.066704455210986502e-02
3.159179687500000000e-01 8.066919309431319629e-02
3.160400390625000000e-01 8.067133770418552507e-02
3.161621093750000000e-01 8.067348616214915780e-02
3.162841796875000000e-01 8.067563067693209189e-02
3.164062500000000000e-01 8.067777905065627586e-02
3.165283203125000000e-01 8.067992347029243061e-02
3.166503906250000000e-01 8.068207175977389067e-02
3.167724609375000000e-01 8.068421608420110747e-02
3.168945312500000000e-01 8.068636428944615802e-02
3.170166015625000000e-01 8.068850851861351925e-02
3.171386718750000000e-01 8.069065663961758061e-02
3.172607421875000000e-01 8.069280077345919455e-02
3.173828125000000000e-01 8.069494881022643007e-02
3.175048828125000000e-01 8.069709284868445409e-02
3.176269531250000000e-01 8.069924080122017895e-02
3.177490234375000000e-01 8.070138474424409791e-02
3.178710937500000000e-01 8.070353261253748745e-02
3.179931640625000000e-01 8.070567646006224227e-02
3.181152343750000000e-01 8.070782424412444034e-02
3.182373046875000000e-01 8.070996799609095329e-02
3.183593750000000000e-01 8.071211569592165458e-02
3.184814453125000000e-01 8.071425935227413695e-02
3.186035156250000000e-01 8.071640696787299452e-02
3.187255859375000000e-01 8.071855052854985668e-02
3.188476562500000000e-01 8.072069805992274083e-02
3.189697265625000000e-01 8.072284152486153275e-02
3.190917968750000000e-01 8.072498897200987289e-02
3.192138671875000000e-01 8.072713234115419523e-02
3.193359375000000000e-01 8.072927970407697829e-02
3.194580078125000000e-01 8.073142297736685125e-02
3.195800781250000000e-01 8.073357025607190429e-02
3.197021484375000000e-01 8.073571343344032591e-02
3.198242187500000000e-01 8.073786062793078533e-02
3.199462890625000000e-01 8.074000370932468695e-02
3.200683593750000000e-01 8.074215081959920659e-02
3.201904296875000000e-01 8.074429380495844188e-02
3.203125000000000000e-01 8.074644083102329450e-02
3.204345703125000000e-01 8.074858372027746145e-02
3.205566406250000000e-01 8.075073066214016881e-02
3.206787109375000000e-01 8.075287345523370075e-02
3.208007812500000000e-01 8.075502031289541471e-02
3.209228515625000000e-01 8.075716300976704121e-02
3.210449218750000000e-01 8.075930978323470066e-02
3.211669921875000000e-01 8.076145238381460256e-02
3.212890625000000000e-01 8.076359907309681174e-02
3.214111328125000000e-01 8.076574157732450965e-02
3.215332031250000000e-01 8.076788818242180978e-02
3.216552734375000000e-01 8.077003059023885045e-02
3.217773437500000000e-01 8.077217711115911025e-02
3.218994140625000000e-01 8.077431942249721497e-02
3.220214843750000000e-01 8.077646585924611045e-02
3.221435546875000000e-01 8.077860807404441124e-02
3.222656250000000000e-01 8.078075442662725758e-02
3.223876953125000000e-01 8.078289654482181947e-02
3.225097656250000000e-01 8.078504281324536129e-02
3.226318359375000000e-01 8.078718483476912682e-02
3.227539062500000000e-01 8.078933101903923442e-02
3.228759765625000000e-01 8.079147294383028088e-02
3.229980468750000000e-01 8.079361904396105409e-02
3.231201171875000000e-01 8.079576087195491918e-02
3.232421875000000000e-01 8.079790688794870335e-02
3.233642578125000000e-01 8.080004861907144620e-02
3.234863281250000000e-01 8.080219455093846925e-02
3.236083984375000000e-01 8.080433618513796490e-02
3.237304687500000000e-01 8.080648203288152975e-02
3.238525390625000000e-01 8.080862357008118668e-02
3.239746093750000000e-01 8.081076933371562909e-02
3.240966796875000000e-01 8.081291077385258093e-02
3.242187500000000000e-01 8.081505645338502020e-02
3.243408203125000000e-01 8.081719779639268131e-02
3.244628906250000000e-01 8.081934339183116656e-02
3.245849609375000000e-01 8.082148463764730895e-02
3.247070312500000000e-01 8.082363014900283138e-02
3.248291015625000000e-01 8.082577129755187662e-02
3.249511718750000000e-01 8.082791672483898016e-02
3.250732421875000000e-01 8.083005777605117848e-02
3.251953125000000000e-01 8.083220311927816204e-02
3.253173828125000000e-01 8.083434407309098013e-02
3.254394531250000000e-01 8.083648933226859901e-02
3.255615234375000000e-01 8.083863018860916461e-02
3.256835937500000000e-01 8.084077536374661976e-02
3.258056640625000000e-01 8.084291612254662640e-02
3.259277343750000000e-01 8.084506121365522824e-02
3.260498046875000000e-01 8.084720187485602838e-02
3.261718750000000000e-01 8.084934688195583030e-02
3.262939453125000000e-01 8.085148744547579480e-02
3.264160156250000000e-01 8.085363236856499269e-02
3.265380859375000000e-01 8.085577283432074380e-02
3.266601562500000000e-01 8.085791767344027714e-02
3.267822265625000000e-01 8.086005804137651187e-02
3.269042968750000000e-01 8.086220279650793707e-02
3.270263671875000000e-01 8.086434306656561932e-02
3.271484375000000000e-01 8.086648773773841281e-02
3.272705078125000000e-01 8.086862790983589955e-02
3.273925781250000000e-01 8.087077249705845738e-02
3.275146484375000000e-01 8.087291257111611786e-02
3.276367187500000000e-01 8.087505707440316438e-02
3.277587890625000000e-01 8.087719705035081863e-02
3.278808593750000000e-01 8.087934146972693139e-02
3.280029296875000000e-01 8.088148134749395535e-02
3.281250000000000000e-01 8.088362568296603161e-02
3.282470703125000000e-01 8.088576546248227306e-02
3.283691406250000000e-01 8.088790971407207320e-02
3.284912109375000000e-01 8.089004939525512583e-02
3.286132812500000000e-01 8.089219356297366881e-02
3.287353515625000000e-01 8.089433314576204015e-02
3.288574218750000000e-01 8.089647722962464704e-02
3.289794921875000000e-01 8.089861671394039944e-02
3.291015625000000000e-01 8.090076071396648527e-02
3.292236328125000000e-01 8.090290009972539442e-02
3.293457031250000000e-01 8.090504401593594241e-02
3.294677734375000000e-01 8.090718330306848061e-02
3.295898437500000000e-01 8.090932713548130983e-02
3.297119140625000000e-01 8.091146632390876225e-02
3.298339843750000000e-01 8.091361007254344040e-02
3.299560546875000000e-01 8.091574916218727265e-02
3.300781250000000000e-01 8.091789282706696174e-02
3.302001953125000000e-01 8.092003181785520360e-02
3.303222656250000000e-01 8.092217539898693968e-02
3.304443359375000000e-01 8.092431429084273597e-02
3.305664062500000000e-01 8.092645778825659220e-02
3.306884765625000000e-01 8.092859658109981258e-02
3.308105468750000000e-01 8.093073999480941694e-02
3.309326171875000000e-01 8.093287868855722489e-02
3.310546875000000000e-01 8.093502201859832657e-02
3.311767578125000000e-01 8.093716061317204891e-02
3.312988281250000000e-01 8.093930385955433460e-02
3.314208984375000000e-01 8.094144235487926720e-02
3.315429687500000000e-01 8.094358551762306786e-02
3.316650390625000000e-01 8.094572391361691543e-02
3.317871093750000000e-01 8.094786699275527408e-02
3.319091796875000000e-01 8.095000528933320172e-02
3.320312500000000000e-01 8.095214828488384029e-02
3.321533203125000000e-01 8.095428648197204591e-02
3.322753906250000000e-01 8.095642939395306104e-02
3.323974609375000000e-01 8.095856749146967957e-02
3.325195312500000000e-01 8.096071031991636247e-02
3.326416015625000000e-01 8.096284831776606739e-02
3.327636718750000000e-01 8.096499106269973434e-02
3.328857421875000000e-01 8.096712896081220689e-02
3.330078125000000000e-01 8.096927162226025265e-02
3.331298828125000000e-01 8.097140942054664725e-02
3.332519531250000000e-01 8.097355199852922236e-02
3.333740234375000000e-01 8.097568969690800700e-02
3.334960937500000000e-01 8.097783219145662792e-02
3.336181640625000000e-01 8.097996978983852678e-02
3.337402343750000000e-01 8.098211220098489038e-02
3.338623046875000000e-01 8.098424969928391670e-02
3.339843750000000000e-01 8.098639202705057438e-02
3.341064453125000000e-01 8.098852942518446063e-02
3.342285156250000000e-01 8.099067166960328967e-02
3.343505859375000000e-01 8.099280896748686787e-02
3.344726562500000000e-01 8.099495112857983681e-02
3.345947265625000000e-01 8.099708832612068088e-02
3.347167968750000000e-01 8.099923040392861817e-02
3.348388671875000000e-01 8.100136750104189320e-02
3.349609375000000000e-01 8.100350949558876579e-02
3.350830078125000000e-01 8.100564649218312818e-02
3.352050781250000000e-01 8.100778840350199295e-02
3.353271484375000000e-01 8.100992529948890242e-02
3.354492187500000000e-01 8.101206712761382933e-02
3.355712890625000000e-01 8.101420392290659134e-02
3.356933593750000000e-01 8.101634566786368452e-02
3.358154296875000000e-01 8.101848236236880441e-02
3.359375000000000000e-01 8.102062402419987763e-02
3.360595703125000000e-01 8.102276061782111294e-02
3.361816406250000000e-01 8.102490219655827941e-02
3.363037109375000000e-01 8.102703868920971275e-02
3.364257812500000000e-01 8.102918018488583507e-02
3.365478515625000000e-01 8.103131657647229258e-02
3.366699218750000000e-01 8.103345798912478526e-02
3.367919921875000000e-01 8.103559427955089878e-02
3.369140625000000000e-01 8.103773560921541386e-02
3.370361328125000000e-01 8.103987179838914590e-02
3.371582031250000000e-01 8.104201304510134929e-02
3.372802734375000000e-01 8.104414913292579126e-02
3.374023437500000000e-01 8.104629029672703877e-02
3.375244140625000000e-01 8.104842628311054176e-02
3.376464843750000000e-01 8.105056736403486173e-02
3.377685546875000000e-01 8.105270324887468847e-02
3.378906250000000000e-01 8.105484424696569878e-02
3.380126953125000000e-01 8.105698003016612030e-02
3.381347656250000000e-01 8.105912094546152691e-02
3.382568359375000000e-01 8.106125662692877099e-02
3.383789062500000000e-01 8.106339745946875008e-02
3.385009765625000000e-01 8.106553303909891373e-02
3.386230468750000000e-01 8.106767378892673626e-02
3.387451171875000000e-01 8.106980926661563891e-02
3.388671875000000000e-01 8.107194993377953018e-02
3.389892578125000000e-01 8.107408530943349678e-02
3.391113281250000000e-01 8.107622589396779045e-02
3.392333984375000000e-01 8.107836116748448618e-02
3.393554687500000000e-01 8.108050166944030801e-02
3.394775390625000000e-01 8.108263684071170818e-02
3.395996093750000000e-01 8.108477726013285647e-02
3.397216796875000000e-01 8.108691232906001245e-02
3.398437500000000000e-01 8.108905266598950834e-02
3.399658203125000000e-01 8.109118763246699058e-02
3.400878906250000000e-01 8.109332788695416960e-02
3.402099609375000000e-01 8.109546275087650691e-02
3.403320312500000000e-01 8.109760292297199524e-02
3.404541015625000000e-01 8.109973768423425766e-02
3.405761718750000000e-01 8.110187777397995235e-02
3.406982421875000000e-01 8.110401243247365721e-02
3.408203125000000000e-01 8.110615243992513879e-02
3.409423828125000000e-01 8.110828699553948584e-02
3.410644531250000000e-01 8.111042692074943439e-02
3.411865234375000000e-01 8.111256137338265781e-02
3.413085937500000000e-01 8.111470121639366426e-02
3.414306640625000000e-01 8.111683556593160538e-02
3.415527343750000000e-01 8.111897532680617529e-02
3.416748046875000000e-01 8.112110957313234394e-02
3.417968750000000000e-01 8.112324925192129776e-02
3.419189453125000000e-01 8.112538339492977868e-02
3.420410156250000000e-01 8.112752299168833614e-02
3.421630859375000000e-01 8.112965703126268080e-02
3.422851562500000000e-01 8.113179654604668611e-02
3.424072265625000000e-01 8.113393048207398484e-02
3.425292968750000000e-01 8.113606991493901854e-02
3.426513671875000000e-01 8.113820374730422447e-02
3.427734375000000000e-01 8.114034309831225089e-02
3.428955078125000000e-01 8.114247682689534891e-02
3.430175781250000000e-01 8.114461609610212900e-02
3.431396484375000000e-01 8.114674972079129189e-02
3.432617187500000000e-01 8.114888890825913692e-02
3.433837890625000000e-01 8.115102242893082463e-02
3.435058593750000000e-01 8.115316153471856253e-02
3.436279296875000000e-01 8.115529495125520243e-02
3.437500000000000000e-01 8.115743397542635185e-02
3.438720703125000000e-01 8.115956728771012152e-02
3.439941406250000000e-01 8.116170623032953335e-02
3.441162109375000000e-01 8.116383943823290981e-02
3.442382812500000000e-01 8.116597829936830766e-02
3.443603515625000000e-01 8.116811140276597447e-02
3.444824218750000000e-01 8.117025018247991941e-02
3.446044921875000000e-01 8.117238318125144514e-02
3.447265625000000000e-01 8.117452187961229915e-02
3.448486328125000000e-01 8.117665477363136817e-02
3.449707031250000000e-01 8.117879339070765976e-02
3.450927734375000000e-01 8.118092617984482007e-02
3.452148437500000000e-01 8.118306471570768679e-02
3.453369140625000000e-01 8.118519739983451333e-02
3.454589843750000000e-01 8.118733585455839563e-02
3.455810546875000000e-01 8.118946843354543641e-02
3.457031250000000000e-01 8.119160680719891832e-02
3.458251953125000000e-01 8.119373928091731807e-02
3.459472656250000000e-01 8.119587757357105140e-02
3.460693359375000000e-01 8.119800994188547394e-02
3.461914062500000000e-01 8.120014815362323890e-02
3.463134765625000000e-01 8.120228041640170646e-02
3.464355468750000000e-01 8.120441854729272546e-02
3.465576171875000000e-01 8.120655070439780632e-02
3.466796875000000000e-01 8.120868875452622038e-02
3.468017578125000000e-01 8.121082080582103790e-02
3.469238281250000000e-01 8.121295877526335527e-02
3.470458984375000000e-01 8.121509072061172674e-02
3.471679687500000000e-01 8.121722860944920186e-02
3.472900390625000000e-01 8.121936044870814442e-02
3.474121093750000000e-01 8.122149825702640324e-02
3.475341796875000000e-01 8.122362999005267037e-02
3.476562500000000000e-01 8.122576771794073891e-02
3.477783203125000000e-01 8.122789934459220818e-02
3.479003906250000000e-01 8.123003699212899553e-02
3.480224609375000000e-01 8.123216851226183755e-02
3.481445312500000000e-01 8.123430607953778526e-02
3.482666015625000000e-01 8.123643749300377137e-02
3.483886718750000000e-01 8.123857498010744749e-02
3.485107421875000000e-01 8.124070628676224870e-02
3.486328125000000000e-01 8.124284369378183268e-02
3.487548828125000000e-01 8.124497489347601298e-02
3.488769531250000000e-01 8.124711222050777504e-02
3.489990234375000000e-01 8.124924331308885916e-02
3.491210937500000000e-01 8.125138056022453148e-02
3.492431640625000000e-01 8.125351154553803190e-02
3.493652343750000000e-01 8.125564871287438429e-02
3.494873046875000000e-01 8.125777959076550816e-02
3.496093750000000000e-01 8.125991667840481991e-02
3.497314453125000000e-01 8.126204744871606822e-02
3.498535156250000000e-01 8.126418445675145930e-02
3.499755859375000000e-01 8.126631511932755347e-02
3.500976562500000000e-01 8.126845204786420362e-02
3.502197265625000000e-01 8.127058260254221844e-02
3.503417968750000000e-01 8.127271945168335066e-02
3.504638671875000000e-01 8.127484989829850126e-02
3.505859375000000000e-01 8.127698666815218187e-02
3.507080078125000000e-01 8.127911700654325000e-02
3.508300781250000000e-01 8.128125369721068971e-02
3.509521484375000000e-01 8.128338392721204397e-02
3.510742187500000000e-01 8.128552053880913619e-02
3.511962890625000000e-01 8.128765066024876140e-02
3.513183593750000000e-01 8.128978719288523780e-02
3.514404296875000000e-01 8.129191720559375556e-02
3.515625000000000000e-01 8.129405365938069394e-02
3.516845703125000000e-01 8.129618356318585315e-02
3.518066406250000000e-01 8.129831993824385150e-02
3.519287109375000000e-01 8.130044973297026467e-02
3.520507812500000000e-01 8.130258602941511925e-02
3.521728515625000000e-01 8.130471571488512295e-02
3.522949218750000000e-01 8.130685193283622436e-02
3.524169921875000000e-01 8.130898150887255760e-02
3.525390625000000000e-01 8.131111764845246059e-02
3.526611328125000000e-01 8.131324711487189494e-02
3.527832031250000000e-01 8.131538317620756740e-02
3.529052734375000000e-01 8.131751253282550052e-02
3.530273437500000000e-01 8.131964851604188416e-02
3.531494140625000000e-01 8.132177776266939773e-02
3.532714843750000000e-01 8.132391366790248100e-02
3.533935546875000000e-01 8.132604280435232202e-02
3.535156250000000000e-01 8.132817863172783768e-02
3.536376953125000000e-01 8.133030765781007476e-02
3.537597656250000000e-01 8.133244340746401124e-02
3.538818359375000000e-01 8.133457232298477169e-02
3.540039062500000000e-01 8.133670799505671178e-02
3.541259765625000000e-01 8.133883679981657178e-02
3.542480468750000000e-01 8.134097239444440519e-02
3.543701171875000000e-01 8.134310108824822916e-02
3.544921875000000000e-01 8.134523660557499425e-02
3.546142578125000000e-01 8.134736518821794604e-02
3.547363281250000000e-01 8.134950062838908202e-02
3.548583984375000000e-01 8.135162909966653366e-02
3.549804687500000000e-01 8.135376446282815976e-02
3.551025390625000000e-01 8.135589282253419263e-02
3.552246093750000000e-01 8.135802810884253111e-02
3.553466796875000000e-01 8.136015635676241420e-02
3.554687500000000000e-01 8.136229156636842763e-02
3.555908203125000000e-01 8.136441970228971976e-02
3.557128906250000000e-01 8.136655483535196187e-02
3.558349609375000000e-01 8.136868285906072307e-02
3.559570312500000000e-01 8.137081791573846923e-02
3.560791015625000000e-01 8.137294582700921319e-02
3.562011718750000000e-01 8.137508080746758132e-02
3.563232421875000000e-01 8.137720860608646523e-02
3.564453125000000000e-01 8.137934351048896342e-02
3.565673828125000000e-01 8.138147119621930159e-02
3.566894531250000000e-01 8.138360602474004057e-02
3.568115234375000000e-01 8.138573359735848389e-02
3.569335937500000000e-01 8.138786835016509347e-02
3.570556640625000000e-01 8.138999580943961920e-02
3.571777343750000000e-01 8.139213048671459227e-02
3.572998046875000000e-01 8.139425783240607226e-02
3.574218750000000000e-01 8.139639243432542082e-02
3.575439453125000000e-01 8.139851966618895374e-02
3.576660156250000000e-01 8.140065419294049975e-02
3.577880859375000000e-01 8.140278131074203671e-02
3.579101562500000000e-01 8.140491576250877270e-02
3.580322265625000000e-01 8.140704276599577960e-02
3.581542968750000000e-01 8.140917714297460361e-02
3.582763671875000000e-01 8.141130403189211773e-02
3.583984375000000000e-01 8.141343833427468202e-02
3.585205078125000000e-01 8.141556510837376359e-02
3.586425781250000000e-01 8.141769933635915890e-02
3.587646484375000000e-01 8.141982599537880838e-02
3.588867187500000000e-01 8.142196014916969204e-02
3.590087890625000000e-01 8.142408669284421918e-02
3.591308593750000000e-01 8.142622077264796698e-02
3.592529296875000000e-01 8.142834720071594201e-02
3.593750000000000000e-01 8.143048120674364898e-02
3.594970703125000000e-01 8.143260751892779370e-02
3.596191406250000000e-01 8.143474145139686926e-02
3.597412109375000000e-01 8.143686764742057160e-02
3.598632812500000000e-01 8.143900150655256076e-02
3.599853515625000000e-01 8.144112758613858416e-02
3.601074218750000000e-01 8.144326137215798789e-02
3.602294921875000000e-01 8.144538733502025563e-02
3.603515625000000000e-01 8.144752104815139448e-02
3.604736328125000000e-01 8.144964689399947222e-02
3.605957031250000000e-01 8.145178053448171029e-02
3.607177734375000000e-01 8.145390626301882153e-02
3.608398437500000000e-01 8.145603983109325763e-02
3.609619140625000000e-01 8.145816544202078013e-02
3.610839843750000000e-01 8.146029893792686161e-02
3.612060546875000000e-01 8.146242443094020569e-02
3.613281250000000000e-01 8.146455785492720536e-02
3.614501953125000000e-01 8.146668322972031029e-02
3.615722656250000000e-01 8.146881658204431498e-02
3.616943359375000000e-01 8.147094183829522995e-02
3.618164062500000000e-01 8.147307511921877965e-02
3.619384765625000000e-01 8.147520025660756615e-02
3.620605468750000000e-01 8.147733346639485230e-02
3.621826171875000000e-01 8.147945848459738072e-02
3.623046875000000000e-01 8.148159162352128226e-02
3.624267578125000000e-01 8.148371652220323669e-02
3.625488281250000000e-01 8.148584959053600807e-02
3.626708984375000000e-01 8.148797436936032479e-02
3.627929687500000000e-01 8.149010736738968030e-02
3.629150390625000000e-01 8.149223202601221794e-02
3.630371093750000000e-01 8.149436495402434533e-02
3.631591796875000000e-01 8.149648949209264970e-02
3.632812500000000000e-01 8.149862235038801694e-02
3.634033203125000000e-01 8.150074676754419378e-02
3.635253906250000000e-01 8.150287955642392113e-02
3.636474609375000000e-01 8.150500385230430300e-02
3.637695312500000000e-01 8.150713657207292462e-02
3.638916015625000000e-01 8.150926074631381635e-02
3.640136718750000000e-01 8.151139339728691313e-02
3.641357421875000000e-01 8.151351744950739719e-02
3.642578125000000000e-01 8.151565003200915427e-02
3.643798828125000000e-01 8.151777396182130486e-02
3.645019531250000000e-01 8.151990647618453933e-02
3.646240234375000000e-01 8.152203028320145761e-02
3.647460937500000000e-01 8.152416272976244216e-02
3.648681640625000000e-01 8.152628641357857753e-02
3.649902343750000000e-01 8.152841879268205028e-02
3.651123046875000000e-01 8.153054235289422524e-02
3.652343750000000000e-01 8.153267466489218240e-02
3.653564453125000000e-01 8.153479810108513193e-02
3.654785156250000000e-01 8.153693034633910375e-02
3.656005859375000000e-01 8.153905365809208106e-02
3.657226562500000000e-01 8.154118583696981504e-02
3.658447265625000000e-01 8.154330902384603064e-02
3.659667968750000000e-01 8.154544113672737571e-02
3.660888671875000000e-01 8.154756419828787517e-02
3.662109375000000000e-01 8.154969624555857832e-02
3.663330078125000000e-01 8.155181918135537278e-02
3.664550781250000000e-01 8.155395116341554451e-02
3.665771484375000000e-01 8.155607397298461625e-02
3.666992187500000000e-01 8.155820589023582423e-02
3.668212890625000000e-01 8.156032857311586171e-02
3.669433593750000000e-01 8.156246042597320445e-02
3.670654296875000000e-01 8.156458298168509091e-02
3.671875000000000000e-01 8.156671477056803843e-02
3.673095703125000000e-01 8.156883719862678683e-02
3.674316406250000000e-01 8.157096892397429355e-02
3.675537109375000000e-01 8.157309122387795819e-02
3.676757812500000000e-01 8.157522288613575090e-02
3.677978515625000000e-01 8.157734505737504471e-02
3.679199218750000000e-01 8.157947665699868955e-02
3.680419921875000000e-01 8.158159869905289019e-02
3.681640625000000000e-01 8.158373023650845879e-02
3.682861328125000000e-01 8.158585214885341608e-02
3.684082031250000000e-01 8.158798362461983089e-02
3.685302734375000000e-01 8.159010540670488809e-02
3.686523437500000000e-01 8.159223682127504651e-02
3.687744140625000000e-01 8.159435847254697949e-02
3.688964843750000000e-01 8.159648982642239701e-02
3.690185546875000000e-01 8.159861134631685164e-02
3.691406250000000000e-01 8.160074264001049293e-02
3.692626953125000000e-01 8.160286402794870997e-02
3.693847656250000000e-01 8.160499526198630726e-02
3.695068359375000000e-01 8.160711651737456718e-02
3.696289062500000000e-01 8.160924769230060161e-02
3.697509765625000000e-01 8.161136881453331937e-02
3.698730468750000000e-01 8.161349993090355470e-02
3.699951171875000000e-01 8.161562091935892216e-02
3.701171875000000000e-01 8.161775197774087665e-02
3.702392578125000000e-01 8.161987283178484542e-02
3.703613281250000000e-01 8.162200383276412008e-02
3.704833984375000000e-01 8.162412455174183901e-02
3.706054687500000000e-01 8.162625549592034124e-02
3.707275390625000000e-01 8.162837607917006189e-02
3.708496093750000000e-01 8.163050696715819232e-02
3.709716796875000000e-01 8.163262741399809896e-02
3.710937500000000000e-01 8.163475824643234846e-02
3.712158203125000000e-01 8.163687855616147404e-02
3.713378906250000000e-01 8.163900933368799240e-02
3.714599609375000000e-01 8.164112950559793136e-02
3.715820312500000000e-01 8.164326022887991030e-02
3.717041015625000000e-01 8.164538026223081002e-02
3.718261718750000000e-01 8.164751093195395104e-02
3.719482421875000000e-01 8.164963082599846489e-02
3.720703125000000000e-01 8.165176144286670490e-02
3.721923828125000000e-01 8.165388119683637813e-02
3.723144531250000000e-01 8.165601176156719876e-02
3.724365234375000000e-01 8.165813137466659821e-02
3.725585937500000000e-01 8.166026188800740160e-02
3.726806640625000000e-01 8.166238135942888166e-02
3.728027343750000000e-01 8.166451182214082283e-02
3.729248046875000000e-01 8.166663115104960680e-02
3.730468750000000000e-01 8.166876156391741914e-02
3.731689453125000000e-01 8.167088074946099452e-02
3.732910156250000000e-01 8.167301111329192120e-02
3.734130859375000000e-01 8.167513015459509917e-02
3.735351562500000000e-01 8.167726047021564573e-02
3.736572265625000000e-01 8.167937936638197671e-02
3.737792968750000000e-01 8.168150963464286540e-02
3.739013671875000000e-01 8.168362838474504950e-02
3.740234375000000000e-01 8.168575860653079501e-02
3.741455078125000000e-01 8.168787720962228383e-02
3.742675781250000000e-01 8.169000738582787857e-02
3.743896484375000000e-01 8.169212584093489549e-02
3.745117187500000000e-01 8.169425597249668769e-02
3.746337890625000000e-01 8.169637427861180246e-02
3.747558593750000000e-01 8.169850436648840031e-02
3.748779296875000000e-01 8.170062252258425417e-02
3.750000000000000000e-01 8.170275256776092510e-02
3.751220703125000000e-01 8.170487057277772691e-02
3.752441406250000000e-01 8.170700057626985313e-02
3.753662109375000000e-01 8.170911842911249279e-02
3.754882812500000000e-01 8.171124839197151102e-02
3.756103515625000000e-01 8.171336609152184127e-02
3.757324218750000000e-01 8.171549601482890057e-02
3.758544921875000000e-01 8.171761355992539222e-02
3.759765625000000000e-01 8.171974344479879249e-02
3.760986328125000000e-01 8.172186083425451997e-02
3.762207031250000000e-01 8.172399068183389126e-02
3.763427734375000000e-01 8.172610791442627698e-02
3.764648437500000000e-01 8.172823772590429026e-02
3.765869140625000000e-01 8.173035480036566769e-02
3.767089843750000000e-01 8.173248457696491442e-02
3.768310546875000000e-01 8.173460149199070213e-02
3.769531250000000000e-01 8.173673123497682269e-02
3.770751953125000000e-01 8.173884798923108930e-02
3.771972656250000000e-01 8.174097769990622264e-02
3.773193359375000000e-01 8.174309429200075916e-02
3.774414062500000000e-01 8.174522397171266053e-02
3.775634765625000000e-01 8.174734040021808257e-02
3.776855468750000000e-01 8.174947005036946324e-02
3.778076171875000000e-01 8.175158631380345653e-02
3.779296875000000000e-01 8.175371593583033447e-02
3.780517578125000000e-01 8.175583203267478005e-02
3.781738281250000000e-01 8.175796162807018319e-02
3.782958984375000000e-01 8.176007755675028521e-02
3.784179687500000000e-01 8.176220712705231652e-02
3.785400390625000000e-01 8.176432288593822595e-02
3.786621093750000000e-01 8.176645243274641150e-02
3.787841796875000000e-01 8.176856802016053971e-02
3.789062500000000000e-01 8.177069754512396316e-02
3.790283203125000000e-01 8.177281295932518901e-02
3.791503906250000000e-01 8.177494246415176193e-02
3.792724609375000000e-01 8.177705770334123270e-02
3.793945312500000000e-01 8.177918718981259938e-02
3.795166015625000000e-01 8.178130225212061621e-02
3.796386718750000000e-01 8.178343172206740952e-02
3.797607421875000000e-01 8.178554660557571521e-02
3.798828125000000000e-01 8.178767606090461828e-02
3.800048828125000000e-01 8.178979076360412548e-02
3.801269531250000000e-01 8.179192020629151572e-02
3.802490234375000000e-01 8.179403472612030435e-02
3.803710937500000000e-01 8.179616415821253095e-02
3.804931640625000000e-01 8.179827849301851694e-02
3.806152343750000000e-01 8.180040791665194044e-02
3.807373046875000000e-01 8.180252206420488004e-02
3.808593750000000000e-01 8.180465148159014876e-02
3.809814453125000000e-01 8.180676543957494939e-02
3.811035156250000000e-01 8.180889485301146014e-02
3.812255859375000000e-01 8.181100861902852739e-02
3.813476562500000000e-01 8.181313803090112247e-02
3.814697265625000000e-01 8.181525160245936568e-02
3.815917968750000000e-01 8.181738101525710960e-02
3.817138671875000000e-01 8.181949438975405497e-02
3.818359375000000000e-01 8.182162380606436414e-02
3.819580078125000000e-01 8.182373698080831759e-02
3.820800781250000000e-01 8.182586640332381589e-02
3.822021484375000000e-01 8.182797937550509437e-02
3.823242187500000000e-01 8.183010880703582568e-02
3.824462890625000000e-01 8.183222157372309347e-02
3.825683593750000000e-01 8.183435101719162275e-02
3.826904296875000000e-01 8.183646357535218074e-02
3.828125000000000000e-01 8.183859303380536243e-02
3.829345703125000000e-01 8.184070538025979558e-02
3.830566406250000000e-01 8.184283485688693960e-02
3.831787109375000000e-01 8.184494698831745740e-02
3.833007812500000000e-01 8.184707648644574951e-02
3.834228515625000000e-01 8.184918839940084900e-02
3.835449218750000000e-01 8.185131792249690508e-02
3.836669921875000000e-01 8.185342961337069290e-02
3.837890625000000000e-01 8.185555916506748186e-02
3.839111328125000000e-01 8.185767063007864941e-02
3.840332031250000000e-01 8.185980021417750552e-02
3.841552734375000000e-01 8.186191144939122810e-02
3.842773437500000000e-01 8.186404106986616691e-02
3.843994140625000000e-01 8.186615207114530945e-02
3.845214843750000000e-01 8.186828173216512128e-02
3.846435546875000000e-01 8.187039249518959783e-02
3.847656250000000000e-01 8.187252220111938816e-02
3.848876953125000000e-01 8.187463272135944714e-02
3.850097656250000000e-01 8.187676247678545016e-02
3.851318359375000000e-01 8.187887274948264793e-02
3.852539062500000000e-01 8.188100255921285098e-02
3.853759765625000000e-01 8.188311257938019061e-02
3.854980468750000000e-01 8.188524244846859257e-02
3.856201171875000000e-01 8.188735221086762550e-02
3.857421875000000000e-01 8.188948214462918318e-02
3.858642578125000000e-01 8.189159164374870681e-02
3.859863281250000000e-01 8.189372164777837526e-02
3.861083984375000000e-01 8.189583087781561466e-02
3.862304687500000000e-01 8.189796095800763731e-02
3.863525390625000000e-01 8.190006991286095939e-02
3.864746093750000000e-01 8.190220007542232949e-02
3.865966796875000000e-01 8.190430874864663979e-02
3.867187500000000000e-01 8.190643900013611090e-02
3.868408203125000000e-01 8.190854738493666409e-02
3.869628906250000000e-01 8.191067773228118132e-02
3.870849609375000000e-01 8.191278582148042720e-02
3.872070312500000000e-01 8.191491627199680436e-02
3.873291015625000000e-01 8.191702405800770082e-02
3.874511718750000000e-01 8.191915461944893062e-02
3.875732421875000000e-01 8.192126209423655769e-02
3.876953125000000000e-01 8.192339277481208715e-02
3.878173828125000000e-01 8.192549992985623253e-02
3.879394531250000000e-01 8.192763073828154829e-02
3.880615234375000000e-01 8.192973756454920153e-02
3.881835937500000000e-01 8.193186851007308591e-02
3.883056640625000000e-01 8.193397499796752081e-02
3.884277343750000000e-01 8.193610609043229520e-02
3.885498046875000000e-01 8.193821222974066731e-02
3.886718750000000000e-01 8.194034347961906550e-02
3.887939453125000000e-01 8.194244925947687108e-02
3.889160156250000000e-01 8.194458067793214395e-02
3.890380859375000000e-01 8.194668608673982835e-02
3.891601562500000000e-01 8.194881768569801939e-02
3.892822265625000000e-01 8.195092271107437543e-02
3.894042968750000000e-01 8.195305450327969310e-02
3.895263671875000000e-01 8.195515913197883029e-02
3.896484375000000000e-01 8.195729113107563801e-02
3.897705078125000000e-01 8.195939534891251432e-02
3.898925781250000000e-01 8.196152756953750673e-02
3.900146484375000000e-01 8.196363136128499705e-02
3.901367187500000000e-01 8.196576381915993137e-02
3.902587890625000000e-01 8.196786716845835818e-02
3.903808593750000000e-01 8.196999988050376884e-02
3.905029296875000000e-01 8.197210276972909104e-02
3.906250000000000000e-01 8.197423575417747688e-02
3.907470703125000000e-01 8.197633816432400855e-02
3.908691406250000000e-01 8.197847144087420934e-02
3.909912109375000000e-01 8.198057335139705137e-02
3.911132812500000000e-01 8.198270694137348158e-02
3.912353515625000000e-01 8.198480833001124679e-02
3.913574218750000000e-01 8.198694225653602174e-02
3.914794921875000000e-01 8.198904309913136734e-02
3.916015625000000000e-01 8.199117738733793792e-02
3.917236328125000000e-01 8.199327765760634767e-02
3.918457031250000000e-01 8.199541233488480407e-02
3.919677734375000000e-01 8.199751200414240326e-02
3.920898437500000000e-01 8.199964710041768301e-02
3.922119140625000000e-01 8.200174613730863704e-02
3.923339843750000000e-01 8.200388168534374078e-02
3.924560546875000000e-01 8.200598005547374281e-02
3.925781250000000000e-01 8.200811609127213464e-02
3.927001953125000000e-01 8.201021375681200043e-02
3.928222656250000000e-01 8.201235032002889003e-02
3.929443359375000000e-01 8.201444723924619651e-02
3.930664062500000000e-01 8.201658437371757426e-02
3.931884765625000000e-01 8.201868050040926617e-02
3.933105468750000000e-01 8.202081825475791843e-02
3.934326171875000000e-01 8.202291353758481285e-02
3.935546875000000000e-01 8.202505196593519454e-02
3.936767578125000000e-01 8.202714634765134738e-02
3.937988281250000000e-01 8.202928551049479267e-02
3.939208984375000000e-01 8.203137892698446343e-02
3.940429687500000000e-01 8.203351889222877669e-02
3.941650390625000000e-01 8.203561127137053155e-02
3.942871093750000000e-01 8.203775211558311797e-02
3.944091796875000000e-01 8.203984337584982467e-02
3.945312500000000000e-01 8.204198518581880262e-02
3.946533203125000000e-01 8.204407523458222273e-02
3.947753906250000000e-01 8.204621810919146552e-02
3.948974609375000000e-01 8.204830684059780110e-02
3.950195312500000000e-01 8.205045089320719964e-02
3.951416015625000000e-01 8.205253818553694123e-02
3.952636718750000000e-01 8.205468354694417377e-02
3.953857421875000000e-01 8.205676925927075926e-02
3.955078125000000000e-01 8.205891608147125593e-02
3.956298828125000000e-01 8.206100004940997117e-02
3.957519531250000000e-01 8.206314851043992886e-02
3.958740234375000000e-01 8.206523054060671507e-02
3.959960937500000000e-01 8.206738085086914825e-02
3.961181640625000000e-01 8.206946071366282014e-02
3.962402343750000000e-01 8.207161312424798849e-02
3.963623046875000000e-01 8.207369054418293952e-02
3.964843750000000000e-01 8.207584535809242521e-02
3.966064453125000000e-01 8.207792000071889582e-02
3.967285156250000000e-01 8.208007758823337996e-02
3.968505859375000000e-01 8.208214904200519801e-02
3.969726562500000000e-01 8.208430986216691538e-02
3.970947265625000000e-01 8.208637761279979905e-02
3.972167968750000000e-01 8.208854224424176615e-02
3.973388671875000000e-01 8.209060563739566108e-02
3.974609375000000000e-01 8.209277482384064184e-02
3.975830078125000000e-01 8.209483300922311433e-02
3.977050781250000000e-01 8.209700772878213149e-02
3.978271484375000000e-01 8.209905957331051218e-02
3.979492187500000000e-01 8.210124114849924604e-02
3.980712890625000000e-01 8.210328509531232555e-02
3.981933593750000000e-01 8.210547537609259872e-02
3.983154296875000000e-01 8.210750920338490133e-02
3.984375000000000000e-01 8.210971089021899816e-02
3.985595703125000000e-01 8.211173127031222430e-02
3.986816406250000000e-01 8.211394852891389096e-02
3.988037109375000000e-01 8.211595014997195852e-02
3.989257812500000000e-01 8.211818990238749227e-02
3.990478515625000000e-01 8.212016350536459341e-02
3.991699218750000000e-01 8.212243853829963303e-02
3.992919921875000000e-01 8.212436574362917685e-02
3.994140625000000000e-01 8.212670387878191758e-02
3.995361328125000000e-01 8.212853952731345719e-02
3.996582031250000000e-01 8.213102177492567768e-02
3.997802734375000000e-01 8.213259571012485050e-02
3.999023437500000000e-01 8.213570414595262881e-02
4.000244140625000000e-01 7.077159329459818959e-01
4.001464843750000000e-01 7.077059487798529336e-01
4.002685546875000000e-01 7.076974968833648072e-01
4.003906250000000000e-01 7.076881391863120152e-01
4.005126953125000000e-01 7.076794258538334770e-01
4.006347656250000000e-01 7.076702125478034899e-01
4.007568359375000000e-01 7.076614079365740606e-01
4.008789062500000000e-01 7.076522580111543892e-01
4.010009765625000000e-01 7.076434072805116715e-01
4.011230468750000000e-01 7.076342929140178040e-01
4.012451171875000000e-01 7.076254144436273652e-01
4.013671875000000000e-01 7.076163228494050106e-01
4.014892578125000000e-01 7.076074258983968690e-01
4.016113281250000000e-01 7.075983501544687027e-01
4.017333984375000000e-01 7.075894400347476632e-01
4.018554687500000000e-01 7.075803759754710764e-01
4.019775390625000000e-01 7.075714560147879917e-01
4.020996093750000000e-01 7.075624009397720737e-01
4.022216796875000000e-01 7.075534733599997406e-01
4.023437500000000000e-01 7.075444254193593574e-01
4.024658203125000000e-01 7.075354917774272501e-01
4.025878906250000000e-01 7.075264496487199128e-01
4.027099609375000000e-01 7.075175110777847109e-01
4.028320312500000000e-01 7.075084737829655523e-01
4.029541015625000000e-01 7.074995311333840409e-01
4.030761718750000000e-01 7.074904979288172413e-01
4.031982421875000000e-01 7.074815518549939508e-01
4.033203125000000000e-01 7.074725221621172011e-01
4.034423828125000000e-01 7.074635731784059134e-01
4.035644531250000000e-01 7.074545465382457987e-01
4.036865234375000000e-01 7.074455950562663631e-01
4.038085937500000000e-01 7.074365710986196820e-01
4.039306640625000000e-01 7.074276174528861816e-01
4.040527343750000000e-01 7.074185958748335779e-01
4.041748046875000000e-01 7.074096403408923761e-01
4.042968750000000000e-01 7.074006208914136451e-01
4.044189453125000000e-01 7.073916636989385776e-01
4.045410156250000000e-01 7.073826461677048538e-01
4.046630859375000000e-01 7.073736875101448440e-01
4.047851562500000000e-01 7.073646717192028088e-01
4.049072265625000000e-01 7.073557117610076439e-01
4.050292968750000000e-01 7.073466975584290495e-01
4.051513671875000000e-01 7.073377364406010503e-01
4.052734375000000000e-01 7.073287236956642410e-01
4.053955078125000000e-01 7.073197615399866578e-01
4.055175781250000000e-01 7.073107501394106933e-01
4.056396484375000000e-01 7.073017870518019112e-01
4.057617187500000000e-01 7.072927768967760542e-01
4.058837890625000000e-01 7.072838129699342558e-01
4.060058593750000000e-01 7.072748039737462022e-01
4.061279296875000000e-01 7.072658392892651191e-01
4.062500000000000000e-01 7.072568313754215019e-01
4.063720703125000000e-01 7.072478660054909438e-01
4.064941406250000000e-01 7.072388591061604668e-01
4.066162109375000000e-01 7.072298931149609835e-01
4.067382812500000000e-01 7.072208871697288624e-01
4.068603515625000000e-01 7.072119206145779380e-01
4.069824218750000000e-01 7.072029155693950742e-01
4.071044921875000000e-01 7.071939485016935922e-01
4.072265625000000000e-01 7.071849443080144848e-01
4.073486328125000000e-01 7.071759767740322111e-01
4.074707031250000000e-01 7.071669733880934228e-01
4.075927734375000000e-01 7.071580054296379148e-01
4.077148437500000000e-01 7.071490028118569970e-01
4.078369140625000000e-01 7.071400344668217208e-01
4.079589843750000000e-01 7.071310325812754094e-01
4.080810546875000000e-01 7.071220638841207995e-01
4.082031250000000000e-01 7.071130626981201317e-01
4.083251953125000000e-01 7.071040936802681642e-01
4.084472656250000000e-01 7.070950931639663484e-01
4.085693359375000000e-01 7.070861238541699123e-01
4.086914062500000000e-01 7.070771239802489116e-01
4.088134765625000000e-01 7.070681544048555978e-01
4.089355468750000000e-01 7.070591551482613424e-01
4.090576171875000000e-01 7.070501853315043217e-01
4.091796875000000000e-01 7.070411866691812541e-01
4.093017578125000000e-01 7.070322166333877778e-01
4.094238281250000000e-01 7.070232185440946671e-01
4.095458984375000000e-01 7.070142483098738051e-01
4.096679687500000000e-01 7.070052507739876813e-01
4.097900390625000000e-01 7.069962803604121770e-01
4.099121093750000000e-01 7.069872833597743433e-01
4.100341796875000000e-01 7.069783127845361559e-01
4.101562500000000000e-01 7.069693163023020865e-01
4.102783203125000000e-01 7.069603455818304072e-01
4.104003906250000000e-01 7.069513496023516197e-01
4.105224609375000000e-01 7.069423787519375502e-01
4.106445312500000000e-01 7.069333832606592427e-01
4.107666015625000000e-01 7.069244122945577136e-01
4.108886718750000000e-01 7.069154172779055223e-01
4.110107421875000000e-01 7.069064462094295509e-01
4.111328125000000000e-01 7.068974516547366083e-01
4.112548828125000000e-01 7.068884804963367907e-01
4.113769531250000000e-01 7.068794863917535753e-01
4.114990234375000000e-01 7.068705151550921384e-01
4.116210937500000000e-01 7.068615214895319632e-01
4.117431640625000000e-01 7.068525501855444926e-01
4.118652343750000000e-01 7.068435569486051229e-01
4.119873046875000000e-01 7.068345855875739492e-01
4.121093750000000000e-01 7.068255927694908625e-01
4.122314453125000000e-01 7.068166213610767024e-01
4.123535156250000000e-01 7.068076289526825651e-01
4.124755859375000000e-01 7.067986575059876930e-01
4.125976562500000000e-01 7.067896654986418614e-01
4.127197265625000000e-01 7.067806940222488565e-01
4.128417968750000000e-01 7.067717024078139509e-01
4.129638671875000000e-01 7.067627309098272193e-01
4.130859375000000000e-01 7.067537396806271577e-01
4.132080078125000000e-01 7.067447681687083483e-01
4.133300781250000000e-01 7.067357773175000357e-01
4.134521484375000000e-01 7.067268057988845831e-01
4.135742187500000000e-01 7.067178153188210521e-01
4.136962890625000000e-01 7.067088438003786832e-01
4.138183593750000000e-01 7.066998536849746770e-01
4.139404296875000000e-01 7.066908821732138524e-01
4.140625000000000000e-01 7.066818924163356108e-01
4.141845703125000000e-01 7.066729209174320570e-01
4.143066406250000000e-01 7.066639315132634547e-01
4.144287109375000000e-01 7.066549600330843672e-01
4.145507812500000000e-01 7.066459709761040431e-01
4.146728515625000000e-01 7.066369995202252952e-01
4.147949218750000000e-01 7.066280108051975484e-01
4.149169921875000000e-01 7.066190393789255619e-01
4.150390625000000000e-01 7.066100510008754831e-01
4.151611328125000000e-01 7.066010796092656587e-01
4.152832031250000000e-01 7.065920915634515964e-01
4.154052734375000000e-01 7.065831202113320719e-01
4.155273437500000000e-01 7.065741324932541811e-01
4.156494140625000000e-01 7.065651611852180602e-01
4.157714843750000000e-01 7.065561737905795558e-01
4.158935546875000000e-01 7.065472025310197690e-01
4.160156250000000000e-01 7.065382154557329208e-01
4.161376953125000000e-01 7.065292442488456670e-01
4.162597656250000000e-01 7.065202574890157017e-01
4.163818359375000000e-01 7.065112863388089970e-01
4.165039062500000000e-01 7.065022998907037888e-01
4.166259765625000000e-01 7.064933288010222245e-01
4.167480468750000000e-01 7.064843426610922794e-01
4.168701171875000000e-01 7.064753716356140245e-01
4.169921875000000000e-01 7.064663858004569530e-01
4.171142578125000000e-01 7.064574148427074096e-01
4.172363281250000000e-01 7.064484293090746991e-01
4.173583984375000000e-01 7.064394584224318319e-01
4.174804687500000000e-01 7.064304731872199650e-01
4.176025390625000000e-01 7.064215023749226274e-01
4.177246093750000000e-01 7.064125174351532088e-01
4.178466796875000000e-01 7.064035467003239033e-01
4.179687500000000000e-01 7.063945620531411063e-01
4.180908203125000000e-01 7.063855913987650004e-01
4.182128906250000000e-01 7.063766070414623233e-01
4.183349609375000000e-01 7.063676364703865840e-01
4.184570312500000000e-01 7.063586524003558909e-01
4.185791015625000000e-01 7.063496819153718409e-01
4.187011718750000000e-01 7.063406981300522913e-01
4.188232421875000000e-01 7.063317277338597711e-01
4.189453125000000000e-01 7.063227442308455117e-01
4.190673828125000000e-01 7.063137739259714998e-01
4.191894531250000000e-01 7.063047907029825767e-01
4.193115234375000000e-01 7.062958204918872163e-01
4.194335937500000000e-01 7.062868375466884174e-01
4.195556640625000000e-01 7.062778674317709005e-01
4.196777343750000000e-01 7.062688847622213828e-01
4.197998046875000000e-01 7.062599147457657711e-01
4.199218750000000000e-01 7.062509323498232794e-01
4.200439453125000000e-01 7.062419624340472435e-01
4.201660156250000000e-01 7.062329803097301406e-01
4.202880859375000000e-01 7.062240104967845156e-01
4.204101562500000000e-01 7.062150286421852163e-01
4.205322265625000000e-01 7.062060589341292438e-01
4.206542968750000000e-01 7.061970773474350871e-01
4.207763671875000000e-01 7.061881077462561773e-01
4.208984375000000000e-01 7.061791264256997991e-01
4.210205078125000000e-01 7.061701569333382889e-01
4.211425781250000000e-01 7.061611758772183833e-01
4.212646484375000000e-01 7.061522064955397804e-01
4.213867187500000000e-01 7.061432257022275394e-01
4.215087890625000000e-01 7.061342564330449489e-01
4.216308593750000000e-01 7.061252759009597479e-01
4.217529296875000000e-01 7.061163067460105580e-01
4.218750000000000000e-01 7.061073264736406063e-01
4.219970703125000000e-01 7.060983574346282321e-01
4.221191406250000000e-01 7.060893774205040385e-01
4.222412109375000000e-01 7.060804084990683904e-01
4.223632812500000000e-01 7.060714287417747537e-01
4.224853515625000000e-01 7.060624599395031176e-01
4.226074218750000000e-01 7.060534804376783491e-01
4.227294921875000000e-01 7.060445117561209294e-01
4.228515625000000000e-01 7.060355325084397560e-01
4.229736328125000000e-01 7.060265639490963530e-01
4.230957031250000000e-01 7.060175849542911219e-01
4.232177734375000000e-01 7.060086165186100216e-01
4.233398437500000000e-01 7.059996377754533814e-01
4.234619140625000000e-01 7.059906694648441228e-01
4.235839843750000000e-01 7.059816909721434719e-01
4.237060546875000000e-01 7.059727227879810663e-01
4.238281250000000000e-01 7.059637445445954285e-01
4.239501953125000000e-01 7.059547764882037058e-01
4.240722656250000000e-01 7.059457984930188612e-01
4.241943359375000000e-01 7.059368305656965603e-01
4.243164062500000000e-01 7.059278528176400336e-01
4.244384765625000000e-01 7.059188850206487009e-01
4.245605468750000000e-01 7.059099075186814343e-01
4.246826171875000000e-01 7.059009398532382074e-01
4.248046875000000000e-01 7.058919625963607780e-01
4.249267578125000000e-01 7.058829950636547057e-01
4.250488281250000000e-01 7.058740180508906725e-01
4.251708984375000000e-01 7.058650506520884882e-01
4.252929687500000000e-01 7.058560738825006009e-01
4.254150390625000000e-01 7.058471066187210763e-01
4.255371093750000000e-01 7.058381300913965095e-01
4.256591796875000000e-01 7.058291629637450937e-01
4.257812500000000000e-01 7.058201866778009981e-01
4.259033203125000000e-01 7.058112196873496114e-01
4.260253906250000000e-01 7.058022436419313372e-01
4.261474609375000000e-01 7.057932767897213688e-01
4.262695312500000000e-01 7.057843009840094606e-01
4.263916015625000000e-01 7.057753342710506583e-01
4.265136718750000000e-01 7.057663587042384279e-01
4.266357421875000000e-01 7.057573921315265508e-01
4.267578125000000000e-01 7.057484168028408389e-01
4.268798828125000000e-01 7.057394503713456668e-01
4.270019531250000000e-01 7.057304752800273029e-01
4.271240234375000000e-01 7.057215089906909711e-01
4.272460937500000000e-01 7.057125341360173110e-01
4.273681640625000000e-01 7.057035679897565306e-01
4.274902343750000000e-01 7.056945933710212504e-01
4.276123046875000000e-01 7.056856273687422965e-01
4.277343750000000000e-01 7.056766529852531722e-01
4.278564453125000000e-01 7.056676871278321217e-01
4.279785156250000000e-01 7.056587129789244628e-01
4.281005859375000000e-01 7.056497472672218496e-01
4.282226562500000000e-01 7.056407733522505055e-01
4.283447265625000000e-01 7.056318077871029937e-01
4.284667968750000000e-01 7.056228341054473496e-01
4.285888671875000000e-01 7.056138686876687327e-01
4.287109375000000000e-01 7.056048952387192763e-01
4.288330078125000000e-01 7.055959299691196840e-01
4.289550781250000000e-01 7.055869567522856656e-01
4.290771484375000000e-01 7.055779916316401446e-01
4.291992187500000000e-01 7.055690186463535740e-01
4.293212890625000000e-01 7.055600536754289553e-01
4.294433593750000000e-01 7.055510809211376078e-01
4.295654296875000000e-01 7.055421161006836250e-01
4.296875000000000000e-01 7.055331435768437132e-01
4.298095703125000000e-01 7.055241789075921144e-01
4.299316406250000000e-01 7.055152066136871625e-01
4.300537109375000000e-01 7.055062420963600367e-01
4.301757812500000000e-01 7.054972700318742351e-01
4.302978515625000000e-01 7.054883056671750197e-01
4.304199218750000000e-01 7.054793338316194262e-01
4.305419921875000000e-01 7.054703696202362373e-01
4.306640625000000000e-01 7.054613980131361206e-01
4.307861328125000000e-01 7.054524339557414203e-01
4.309082031250000000e-01 7.054434625766252687e-01
4.310302734375000000e-01 7.054344986738826373e-01
4.311523437500000000e-01 7.054255275223049182e-01
4.312744140625000000e-01 7.054165637748561757e-01
4.313964843750000000e-01 7.054075928503801274e-01
4.315185546875000000e-01 7.053986292588627638e-01
4.316406250000000000e-01 7.053896585610631709e-01
4.317626953125000000e-01 7.053806951260956914e-01
4.318847656250000000e-01 7.053717246545558872e-01
4.320068359375000000e-01 7.053627613767567972e-01
4.321289062500000000e-01 7.053537911310796549e-01
4.322509765625000000e-01 7.053448280110392599e-01
4.323730468750000000e-01 7.053358579908335368e-01
4.324951171875000000e-01 7.053268950291450290e-01
4.326171875000000000e-01 7.053179252340282535e-01
4.327392578125000000e-01 7.053089624312672834e-01
4.328613281250000000e-01 7.052999928608737479e-01
4.329833984375000000e-01 7.052910302176078616e-01
4.331054687500000000e-01 7.052820608715782980e-01
4.332275390625000000e-01 7.052730983883612748e-01
4.333496093750000000e-01 7.052641292663537342e-01
4.334716796875000000e-01 7.052551669437288062e-01
4.335937500000000000e-01 7.052461980454048929e-01
4.337158203125000000e-01 7.052372358839094080e-01
4.338378906250000000e-01 7.052282672089360549e-01
4.339599609375000000e-01 7.052193052090998115e-01
4.340820312500000000e-01 7.052103367571608272e-01
4.342041015625000000e-01 7.052013749194947501e-01
4.343261718750000000e-01 7.051924066902847121e-01
4.344482421875000000e-01 7.051834450153009470e-01
4.345703125000000000e-01 7.051744770085159875e-01
4.346923828125000000e-01 7.051655154967129135e-01
4.348144531250000000e-01 7.051565477120630421e-01
4.349365234375000000e-01 7.051475863639312669e-01
4.350585937500000000e-01 7.051386188011301570e-01
4.351806640625000000e-01 7.051296576171571795e-01
4.353027343750000000e-01 7.051206902759327155e-01
4.354248046875000000e-01 7.051117292565829420e-01
4.355468750000000000e-01 7.051027621366667830e-01
4.356689453125000000e-01 7.050938012824153889e-01
4.357910156250000000e-01 7.050848343835504073e-01
4.359130859375000000e-01 7.050758736948550265e-01
4.360351562500000000e-01 7.050669070167838726e-01
4.361572265625000000e-01 7.050579464940975871e-01
4.362792968750000000e-01 7.050489800365766779e-01
4.364013671875000000e-01 7.050400196803434660e-01
4.365234375000000000e-01 7.050310534431316611e-01
4.366455078125000000e-01 7.050220932537940577e-01
4.367675781250000000e-01 7.050131272366627622e-01
4.368896484375000000e-01 7.050041672146489802e-01
4.370117187500000000e-01 7.049952014173749282e-01
4.371337890625000000e-01 7.049862415631060752e-01
4.372558593750000000e-01 7.049772759854708859e-01
4.373779296875000000e-01 7.049683162993697350e-01
4.375000000000000000e-01 7.049593509411624659e-01
4.376220703125000000e-01 7.049503914236419089e-01
4.377441406250000000e-01 7.049414262846511736e-01
4.378662109375000000e-01 7.049324669361125562e-01
4.379882812500000000e-01 7.049235020161477294e-01
4.381103515625000000e-01 7.049145428369943955e-01
4.382324218750000000e-01 7.049055781358585238e-01
4.383544921875000000e-01 7.048966191264849357e-01
4.384765625000000000e-01 7.048876546439890589e-01
4.385986328125000000e-01 7.048786958047799089e-01
4.387207031250000000e-01 7.048697315407420616e-01
4.388427734375000000e-01 7.048607728720881482e-01
4.389648437500000000e-01 7.048518088263304726e-01
4.390869140625000000e-01 7.048428503286052749e-01
4.392089843750000000e-01 7.048338865009555754e-01
4.393310546875000000e-01 7.048249281745323502e-01
4.394531250000000000e-01 7.048159645648270910e-01
4.395751953125000000e-01 7.048070064100748766e-01
4.396972656250000000e-01 7.047980430181497447e-01
4.398193359375000000e-01 7.047890850354296965e-01
4.399414062500000000e-01 7.047801218611280394e-01
4.400634765625000000e-01 7.047711640507973163e-01
4.401855468750000000e-01 7.047622010939704751e-01
4.403076171875000000e-01 7.047532434563841264e-01
4.404296875000000000e-01 7.047442807168842194e-01
4.405517578125000000e-01 7.047353232523897448e-01
4.406738281250000000e-01 7.047263607300724431e-01
4.407958984375000000e-01 7.047174034390117914e-01
4.409179687500000000e-01 7.047084411337423138e-01
4.410400390625000000e-01 7.046994840164585439e-01
4.411621093750000000e-01 7.046905219281024424e-01
4.412841796875000000e-01 7.046815649849273999e-01
4.414062500000000000e-01 7.046726031133525581e-01
4.415283203125000000e-01 7.046636463446190879e-01
4.416503906250000000e-01 7.046546846897052685e-01
4.417724609375000000e-01 7.046457280957361125e-01
4.418945312500000000e-01 7.046367666573649657e-01
4.420166015625000000e-01 7.046278102384841979e-01
4.421386718750000000e-01 7.046188490165312679e-01
4.422607421875000000e-01 7.046098927730621853e-01
4.423828125000000000e-01 7.046009317674144512e-01
4.425048828125000000e-01 7.045919756996721350e-01
4.426269531250000000e-01 7.045830149102270124e-01
4.427490234375000000e-01 7.045740590185149976e-01
4.428710937500000000e-01 7.045650984451651277e-01
4.429931640625000000e-01 7.045561427297966084e-01
4.431152343750000000e-01 7.045471823724362981e-01
4.432373046875000000e-01 7.045382268337198051e-01
4.433593750000000000e-01 7.045292666922480240e-01
4.434814453125000000e-01 7.045203113304792097e-01
4.436035156250000000e-01 7.045113514048084724e-01
4.437255859375000000e-01 7.045023962202835444e-01
4.438476562500000000e-01 7.044934365103165952e-01
4.439697265625000000e-01 7.044844815033355356e-01
4.440917968750000000e-01 7.044755220089866654e-01
4.442138671875000000e-01 7.044665671798319151e-01
4.443359375000000000e-01 7.044576079010175240e-01
4.444580078125000000e-01 7.044486532499814047e-01
4.445800781250000000e-01 7.044396941866171158e-01
4.447021484375000000e-01 7.044307397139852878e-01
4.448242187500000000e-01 7.044217808659918312e-01
4.449462890625000000e-01 7.044128265720412951e-01
4.450683593750000000e-01 7.044038679393453961e-01
4.451904296875000000e-01 7.043949138243588148e-01
4.453125000000000000e-01 7.043859554068887530e-01
4.454345703125000000e-01 7.043770014711356886e-01
4.455566406250000000e-01 7.043680432688177451e-01
4.456787109375000000e-01 7.043590895125768636e-01
4.458007812500000000e-01 7.043501315253448691e-01
4.459228515625000000e-01 7.043411779488845115e-01
4.460449218750000000e-01 7.043322201766762936e-01
4.461669921875000000e-01 7.043232667802601377e-01
4.462890625000000000e-01 7.043143092230121916e-01
4.464111328125000000e-01 7.043053560069103547e-01
4.465332031250000000e-01 7.042963986645653929e-01
4.466552734375000000e-01 7.042874456290344476e-01
4.467773437500000000e-01 7.042784885015384022e-01
4.468994140625000000e-01 7.042695356468349210e-01
4.470214843750000000e-01 7.042605787341322809e-01
4.471435546875000000e-01 7.042516260605191647e-01
4.472656250000000000e-01 7.042426693625579714e-01
4.473876953125000000e-01 7.042337168702852424e-01
4.475097656250000000e-01 7.042247603870195327e-01
4.476318359375000000e-01 7.042158080763389894e-01
4.477539062500000000e-01 7.042068518077169159e-01
4.478759765625000000e-01 7.041978996788844647e-01
4.479980468750000000e-01 7.041889436248645051e-01
4.481201171875000000e-01 7.041799916781221746e-01
4.482421875000000000e-01 7.041710358386654711e-01
4.483642578125000000e-01 7.041620840742570664e-01
4.484863281250000000e-01 7.041531284493243170e-01
4.486083984375000000e-01 7.041441768674923107e-01
4.487304687500000000e-01 7.041352214570414381e-01
4.488525390625000000e-01 7.041262700580269707e-01
4.489746093750000000e-01 7.041173148620307742e-01
4.490966796875000000e-01 7.041083636460683248e-01
4.492187500000000000e-01 7.040994086644920547e-01
4.493408203125000000e-01 7.040904576318245400e-01
4.494628906250000000e-01 7.040815028646301155e-01
4.495849609375000000e-01 7.040725520154891282e-01
4.497070312500000000e-01 7.040635974626573423e-01
4.498291015625000000e-01 7.040546467972735867e-01
4.499511718750000000e-01 7.040456924587730203e-01
4.500732421875000000e-01 7.040367419773765345e-01
4.501953125000000000e-01 7.040277878531819855e-01
4.503173828125000000e-01 7.040188375560046952e-01
4.504394531250000000e-01 7.040098836460959575e-01
4.505615234375000000e-01 7.040009335333563545e-01
4.506835937500000000e-01 7.039919798377120008e-01
4.508056640625000000e-01 7.039830299096381250e-01
4.509277343750000000e-01 7.039740764282420571e-01
4.510498046875000000e-01 7.039651266850568412e-01
4.511718750000000000e-01 7.039561734178890751e-01
4.512939453125000000e-01 7.039472238598135645e-01
4.514160156250000000e-01 7.039382708068586680e-01
4.515380859375000000e-01 7.039293214341111327e-01
4.516601562500000000e-01 7.039203685953556722e-01
4.517822265625000000e-01 7.039114194081538267e-01
4.519042968750000000e-01 7.039024667835871441e-01
4.520263671875000000e-01 7.038935177821428191e-01
4.521484375000000000e-01 7.038845653717562545e-01
4.522705078125000000e-01 7.038756165562888301e-01
4.523925781250000000e-01 7.038666643600703932e-01
4.525146484375000000e-01 7.038577157307882581e-01
4.526367187500000000e-01 7.038487637487376158e-01
4.527587890625000000e-01 7.038398153058484930e-01
4.528808593750000000e-01 7.038308635379585398e-01
4.530029296875000000e-01 7.038219152816728164e-01
4.531250000000000000e-01 7.038129637279388895e-01
4.532470703125000000e-01 7.038040156584661755e-01
4.533691406250000000e-01 7.037950643188837230e-01
4.534912109375000000e-01 7.037861164364321853e-01
4.536132812500000000e-01 7.037771653110043157e-01
4.537353515625000000e-01 7.037682176157722402e-01
4.538574218750000000e-01 7.037592667044969552e-01
4.539794921875000000e-01 7.037503191966922866e-01
4.541015625000000000e-01 7.037413684995760255e-01
4.542236328125000000e-01 7.037324211793969386e-01
4.543457031250000000e-01 7.037234706964413666e-01
4.544677734375000000e-01 7.037145235640893670e-01
4.545898437500000000e-01 7.037055732952992582e-01
4.547119140625000000e-01 7.036966263509748520e-01
4.548339843750000000e-01 7.036876762963585330e-01
4.549560546875000000e-01 7.036787295402557874e-01
4.550781250000000000e-01 7.036697796998225840e-01
4.552001953125000000e-01 7.036608331321366760e-01
4.553222656250000000e-01 7.036518835058941379e-01
4.554443359375000000e-01 7.036429371268227984e-01
4.555664062500000000e-01 7.036339877147803623e-01
4.556884765625000000e-01 7.036250415245166590e-01
4.558105468750000000e-01 7.036160923266909784e-01
4.559326171875000000e-01 7.036071463254209846e-01
4.560546875000000000e-01 7.035981973418262703e-01
4.561767578125000000e-01 7.035892515297446081e-01
4.562988281250000000e-01 7.035803027603926285e-01
4.564208984375000000e-01 7.035713571376926989e-01
4.565429687500000000e-01 7.035624085825966656e-01
4.566650390625000000e-01 7.035534631494646529e-01
4.567871093750000000e-01 7.035445148086414413e-01
4.569091796875000000e-01 7.035355695652617536e-01
4.570312500000000000e-01 7.035266214387421169e-01
4.571533203125000000e-01 7.035176763852958315e-01
4.572753906250000000e-01 7.035087284730912049e-01
4.573974609375000000e-01 7.034997836097685031e-01
4.575195312500000000e-01 7.034908359118976495e-01
4.576416015625000000e-01 7.034818912388884904e-01
4.577636718750000000e-01 7.034729437553737252e-01
4.578857421875000000e-01 7.034639992728504154e-01
4.580078125000000000e-01 7.034550520037192722e-01
4.581298828125000000e-01 7.034461077118665528e-01
4.582519531250000000e-01 7.034371606571394597e-01
4.583740234375000000e-01 7.034282165561401845e-01
4.584960937500000000e-01 7.034192697158430096e-01
4.586181640625000000e-01 7.034103258058710395e-01
4.587402343750000000e-01 7.034013791800355353e-01
4.588623046875000000e-01 7.033924354612712815e-01
4.589843750000000000e-01 7.033834890499155446e-01
4.591064453125000000e-01 7.033745455225421939e-01
4.592285156250000000e-01 7.033655993256973105e-01
4.593505859375000000e-01 7.033566559898830617e-01
4.594726562500000000e-01 7.033477100075853361e-01
4.595947265625000000e-01 7.033387668635076029e-01
4.597167968750000000e-01 7.033298210957779073e-01
4.598388671875000000e-01 7.033208781436162127e-01
4.599609375000000000e-01 7.033119325904858554e-01
4.600830078125000000e-01 7.033029898304111738e-01
4.602050781250000000e-01 7.032940444919186795e-01
4.603271484375000000e-01 7.032851019241013191e-01
4.604492187500000000e-01 7.032761568002769970e-01
4.605712890625000000e-01 7.032672144248850454e-01
4.606933593750000000e-01 7.032582695157663100e-01
4.608154296875000000e-01 7.032493273329754047e-01
4.609375000000000000e-01 7.032403826385991152e-01
4.610595703125000000e-01 7.032314406485695724e-01
4.611816406250000000e-01 7.032224961689697018e-01
4.613037109375000000e-01 7.032135543718780468e-01
4.614257812500000000e-01 7.032046101070927868e-01
4.615478515625000000e-01 7.031956685031036658e-01
4.616699218750000000e-01 7.031867244531680994e-01
4.617919921875000000e-01 7.031777830424510434e-01
4.619140625000000000e-01 7.031688392074045835e-01
4.620361328125000000e-01 7.031598979901246826e-01
4.621582031250000000e-01 7.031509543700069642e-01
4.622802734375000000e-01 7.031420133463299749e-01
4.624023437500000000e-01 7.031330699411846297e-01
4.625244140625000000e-01 7.031241291112722003e-01
4.626464843750000000e-01 7.031151859211366428e-01
4.627685546875000000e-01 7.031062452851538636e-01
4.628906250000000000e-01 7.030973023100736130e-01
4.630126953125000000e-01 7.030883618681831315e-01
4.631347656250000000e-01 7.030794191082010425e-01
4.632568359375000000e-01 7.030704788605635081e-01
4.633789062500000000e-01 7.030615363157214359e-01
4.635009765625000000e-01 7.030525962624990521e-01
4.636230468750000000e-01 7.030436539328441814e-01
4.637451171875000000e-01 7.030347140741980416e-01
4.638671875000000000e-01 7.030257719597727828e-01
4.639892578125000000e-01 7.030168322958628702e-01
4.641113281250000000e-01 7.030078903967151849e-01
4.642333984375000000e-01 7.029989509276954873e-01
4.643554687500000000e-01 7.029900092438733372e-01
4.644775390625000000e-01 7.029810699699083898e-01
4.645996093750000000e-01 7.029721285014558507e-01
4.647216796875000000e-01 7.029631894227035271e-01
4.648437500000000000e-01 7.029542481696727796e-01
4.649658203125000000e-01 7.029453092862822938e-01
4.650878906250000000e-01 7.029363682487210774e-01
4.652099609375000000e-01 7.029274295608536338e-01
4.653320312500000000e-01 7.029184887388144620e-01
4.654541015625000000e-01 7.029095502466219392e-01
4.655761718750000000e-01 7.029006096401526626e-01
4.656982421875000000e-01 7.028916713437916020e-01
4.658203125000000000e-01 7.028827309529430689e-01
4.659423828125000000e-01 7.028737928525703449e-01
4.660644531250000000e-01 7.028648526773960681e-01
4.661865234375000000e-01 7.028559147731585632e-01
4.663085937500000000e-01 7.028469748137110562e-01
4.664306640625000000e-01 7.028380371057646459e-01
4.665527343750000000e-01 7.028290973621016402e-01
4.666748046875000000e-01 7.028201598505945391e-01
4.667968750000000000e-01 7.028112203227663279e-01
4.669189453125000000e-01 7.028022830078544114e-01
4.670410156250000000e-01 7.027933436959128422e-01
4.671630859375000000e-01 7.027844065777454352e-01
4.672851562500000000e-01 7.027754674817487945e-01
4.674072265625000000e-01 7.027665305604808843e-01
4.675292968750000000e-01 7.027575916804813527e-01
4.676513671875000000e-01 7.027486549562542706e-01
4.677734375000000000e-01 7.027397162923146867e-01
4.678955078125000000e-01 7.027307797652806443e-01
4.680175781250000000e-01 7.027218413174539657e-01
4.681396484375000000e-01 7.027129049877613998e-01
4.682617187500000000e-01 7.027039667561053582e-01
4.683837890625000000e-01 7.026950306239032606e-01
4.685058593750000000e-01 7.026860926084773640e-01
4.686279296875000000e-01 7.026771566739097308e-01
4.687500000000000000e-01 7.026682188747723767e-01
4.688720703125000000e-01 7.026592831379894211e-01
4.689941406250000000e-01 7.026503455552000066e-01
4.691162109375000000e-01 7.026414100163400622e-01
4.692382812500000000e-01 7.026324726499653117e-01
4.693603515625000000e-01 7.026235373091764824e-01
4.694824218750000000e-01 7.026146001592722401e-01
4.696044921875000000e-01 7.026056650167016304e-01
4.697265625000000000e-01 7.025967280833294026e-01
4.698486328125000000e-01 7.025877931391222297e-01
4.699707031250000000e-01 7.025788564223406363e-01
4.700927734375000000e-01 7.025699216766370103e-01
4.702148437500000000e-01 7.025609851765155511e-01
4.703369140625000000e-01 7.025520506294604672e-01
4.704589843750000000e-01 7.025431143460556527e-01
4.705810546875000000e-01 7.025341799977938839e-01
4.707031250000000000e-01 7.025252439311719943e-01
4.708251953125000000e-01 7.025163097818394320e-01
4.709472656250000000e-01 7.025073739320684130e-01
4.710693359375000000e-01 7.024984399818104963e-01
4.711914062500000000e-01 7.024895043489495228e-01
4.713134765625000000e-01 7.024805705979049186e-01
4.714355468750000000e-01 7.024716351820212701e-01
4.715576171875000000e-01 7.024627016303357507e-01
4.716796875000000000e-01 7.024537664314919327e-01
4.718017578125000000e-01 7.024448330793023887e-01
4.719238281250000000e-01 7.024358980975655697e-01
4.720458984375000000e-01 7.024269649450149977e-01
4.721679687500000000e-01 7.024180301804550108e-01
4.722900390625000000e-01 7.024090972276757494e-01
4.724121093750000000e-01 7.024001626803584308e-01
4.725341796875000000e-01 7.023912299274938098e-01
4.726562500000000000e-01 7.023822955974854398e-01
4.727783203125000000e-01 7.023733630446704623e-01
4.729003906250000000e-01 7.023644289320412071e-01
4.730224609375000000e-01 7.023554965794175375e-01
4.731445312500000000e-01 7.023465626842327891e-01
4.732666015625000000e-01 7.023376305319327662e-01
4.733886718750000000e-01 7.023286968542665765e-01
4.735107421875000000e-01 7.023197649024297551e-01
4.736328125000000000e-01 7.023108314423539555e-01
4.737548828125000000e-01 7.023018996911137846e-01
4.738769531250000000e-01 7.022929664486925461e-01
4.739990234375000000e-01 7.022840348981864711e-01
4.741210937500000000e-01 7.022751018734919581e-01
4.742431640625000000e-01 7.022661705238566476e-01
4.743652343750000000e-01 7.022572377169578051e-01
4.744873046875000000e-01 7.022483065683272629e-01
4.746093750000000000e-01 7.022393739792983647e-01
4.747314453125000000e-01 7.022304430318058177e-01
4.748535156250000000e-01 7.022215106607183621e-01
4.749755859375000000e-01 7.022125799145033653e-01
4.750976562500000000e-01 7.022036477614264083e-01
4.752197265625000000e-01 7.021947172166175255e-01
4.753417968750000000e-01 7.021857852816277834e-01
4.754638671875000000e-01 7.021768549383573532e-01
4.755859375000000000e-01 7.021679232215295441e-01
4.757080078125000000e-01 7.021589930799321255e-01
4.758300781250000000e-01 7.021500615813323076e-01
4.759521484375000000e-01 7.021411316415440140e-01
4.760742187500000000e-01 7.021322003612505691e-01
4.761962890625000000e-01 7.021232706233990761e-01
4.763183593750000000e-01 7.021143395614901639e-01
4.764404296875000000e-01 7.021054100257066999e-01
4.765625000000000000e-01 7.020964791822513762e-01
4.766845703125000000e-01 7.020875498486689459e-01
4.768066406250000000e-01 7.020786192237473688e-01
4.769287109375000000e-01 7.020696900924946471e-01
4.770507812500000000e-01 7.020607596861785371e-01
4.771728515625000000e-01 7.020518307573866412e-01
4.772949218750000000e-01 7.020429005697566005e-01
4.774169921875000000e-01 7.020339718435575360e-01
4.775390625000000000e-01 7.020250418746852850e-01
4.776611328125000000e-01 7.020161133512073937e-01
4.777832031250000000e-01 7.020071836011696487e-01
4.779052734375000000e-01 7.019982552805450471e-01
4.780273437500000000e-01 7.019893257494216332e-01
4.781494140625000000e-01 7.019803976317731120e-01
4.782714843750000000e-01 7.019714683196438543e-01
4.783935546875000000e-01 7.019625404051019757e-01
4.785156250000000000e-01 7.019536113120439236e-01
4.786376953125000000e-01 7.019446836007388058e-01
4.787597656250000000e-01 7.019357547268314512e-01
4.788818359375000000e-01 7.019268272188861069e-01
4.790039062500000000e-01 7.019178985642058333e-01
4.791259765625000000e-01 7.019089712597543773e-01
4.792480468750000000e-01 7.019000428243775680e-01
4.793701171875000000e-01 7.018911157235452336e-01
4.794921875000000000e-01 7.018821875075569316e-01
4.796142578125000000e-01 7.018732606104659544e-01
4.797363281250000000e-01 7.018643326139442085e-01
4.798583984375000000e-01 7.018554059207269269e-01
4.799804687500000000e-01 7.018464781437510069e-01
4.801025390625000000e-01 7.018375516545308779e-01
4.802246093750000000e-01 7.018286240971800538e-01
4.803466796875000000e-01 7.018196978120820884e-01
4.804687500000000000e-01 7.018107704744420694e-01
4.805908203125000000e-01 7.018018443935940542e-01
4.807128906250000000e-01 7.017929172757396694e-01
4.808349609375000000e-01 7.017839913992658385e-01
4.809570312500000000e-01 7.017750645012827970e-01
4.810791015625000000e-01 7.017661388293060520e-01
4.812011718750000000e-01 7.017572121512785088e-01
4.813232421875000000e-01 7.017482866839237499e-01
4.814453125000000000e-01 7.017393602259325291e-01
4.815673828125000000e-01 7.017304349633213256e-01
4.816894531250000000e-01 7.017215087254491390e-01
4.818115234375000000e-01 7.017125836677098327e-01
4.819335937500000000e-01 7.017036576500386147e-01
4.820556640625000000e-01 7.016947327972935522e-01
4.821777343750000000e-01 7.016858069999082348e-01
4.822998046875000000e-01 7.016768823522777643e-01
4.824218750000000000e-01 7.016679567752583946e-01
4.825439453125000000e-01 7.016590323328707468e-01
4.826660156250000000e-01 7.016501069763081411e-01
4.827880859375000000e-01 7.016411827392803335e-01
4.829101562500000000e-01 7.016322576032532066e-01
4.830322265625000000e-01 7.016233335717079189e-01
4.831542968750000000e-01 7.016144086563012028e-01
4.832763671875000000e-01 7.016054848303634461e-01
4.833984375000000000e-01 7.015965601356679571e-01
4.835205078125000000e-01 7.015876365154554151e-01
4.836425781250000000e-01 7.015787120415504230e-01
4.837646484375000000e-01 7.015697886271886619e-01
4.838867187500000000e-01 7.015608643741589878e-01
4.840087890625000000e-01 7.015519411657666904e-01
4.841308593750000000e-01 7.015430171337044829e-01
4.842529296875000000e-01 7.015340941313998879e-01
4.843750000000000000e-01 7.015251703203924105e-01
4.844970703125000000e-01 7.015162475242953111e-01
4.846191406250000000e-01 7.015073239344209455e-01
4.847412109375000000e-01 7.014984013446586841e-01
4.848632812500000000e-01 7.014894779760085797e-01
4.849853515625000000e-01 7.014805555926961755e-01
4.851074218750000000e-01 7.014716324453601493e-01
4.852294921875000000e-01 7.014627102686133986e-01
4.853515625000000000e-01 7.014537873426773817e-01
4.854736328125000000e-01 7.014448653726209626e-01
4.855957031250000000e-01 7.014359426681695542e-01
4.857177734375000000e-01 7.014270209049212612e-01
4.858398437500000000e-01 7.014180984220483861e-01
4.859619140625000000e-01 7.014091768657242376e-01
4.860839843750000000e-01 7.014002546045163822e-01
4.862060546875000000e-01 7.013913332552347280e-01
4.863281250000000000e-01 7.013824112157795998e-01
4.864501953125000000e-01 7.013734900736604549e-01
4.865722656250000000e-01 7.013645682560460948e-01
4.866943359375000000e-01 7.013556473212076980e-01
4.868164062500000000e-01 7.013467257255270315e-01
4.869384765625000000e-01 7.013378049980852902e-01
4.870605468750000000e-01 7.013288836244229163e-01
4.871826171875000000e-01 7.013199631044984006e-01
4.873046875000000000e-01 7.013110419529462458e-01
4.874267578125000000e-01 7.013021216406496450e-01
4.875488281250000000e-01 7.012932007113025223e-01
4.876708984375000000e-01 7.012842806067542956e-01
4.877929687500000000e-01 7.012753598996966931e-01
4.879150390625000000e-01 7.012664400030154122e-01
4.880371093750000000e-01 7.012575195183410326e-01
4.881591796875000000e-01 7.012485998296382750e-01
4.882812500000000000e-01 7.012396795674398220e-01
4.884033203125000000e-01 7.012307600868306068e-01
4.885253906250000000e-01 7.012218400472003399e-01
4.886474609375000000e-01 7.012129207748022397e-01
4.887695312500000000e-01 7.012040009578258681e-01
4.888916015625000000e-01 7.011950818937553453e-01
4.890136718750000000e-01 7.011861622995332333e-01
4.891357421875000000e-01 7.011772434439051960e-01
4.892578125000000000e-01 7.011683240725203881e-01
4.893798828125000000e-01 7.011594054254495223e-01
4.895019531250000000e-01 7.011504862769989410e-01
4.896240234375000000e-01 7.011415678385960470e-01
4.897460937500000000e-01 7.011326489131772810e-01
4.898681640625000000e-01 7.011237306835578220e-01
4.899902343750000000e-01 7.011148119812573576e-01
4.901123046875000000e-01 7.011058939605360196e-01
4.902343750000000000e-01 7.010969754814496691e-01
4.903564453125000000e-01 7.010880576697454680e-01
4.904785156250000000e-01 7.010791394139663790e-01
4.906005859375000000e-01 7.010702218113860074e-01
4.907226562500000000e-01 7.010613037790106583e-01
4.908447265625000000e-01 7.010523863856661375e-01
4.909667968750000000e-01 7.010434685767872320e-01
4.910888671875000000e-01 7.010345513928000205e-01
4.912109375000000000e-01 7.010256338075080418e-01
4.913330078125000000e-01 7.010167168329859422e-01
4.914550781250000000e-01 7.010077994713765914e-01
4.915771484375000000e-01 7.009988827064307371e-01
4.916992187500000000e-01 7.009899655686071540e-01
4.918212890625000000e-01 7.009810490133485672e-01
4.919433593750000000e-01 7.009721320993995697e-01
4.920654296875000000e-01 7.009632157539448238e-01
4.921875000000000000e-01 7.009542990639612281e-01
4.923095703125000000e-01 7.009453829284222337e-01
4.924316406250000000e-01 7.009364664625064023e-01
4.925537109375000000e-01 7.009275505369889636e-01
4.926757812500000000e-01 7.009186342952369309e-01
4.927978515625000000e-01 7.009097185798571772e-01
4.929199218750000000e-01 7.009008025623615357e-01
4.930419921875000000e-01 7.008918870572282689e-01
4.931640625000000000e-01 7.008829712640910481e-01
4.932861328125000000e-01 7.008740559693134031e-01
4.934082031250000000e-01 7.008651404006280838e-01
4.935302734375000000e-01 7.008562253163179712e-01
4.936523437500000000e-01 7.008473099721796995e-01
4.937744140625000000e-01 7.008383950984544697e-01
4.938964843750000000e-01 7.008294799789664964e-01
4.940185546875000000e-01 7.008205653159222948e-01
4.941406250000000000e-01 7.008116504211758802e-01
4.942626953125000000e-01 7.008027359689334990e-01
4.943847656250000000e-01 7.007938212990306726e-01
4.945068359375000000e-01 7.007849070576939177e-01
4.946289062500000000e-01 7.007759926127312688e-01
4.947509765625000000e-01 7.007670785824100523e-01
4.948730468750000000e-01 7.007581643624889445e-01
4.949951171875000000e-01 7.007492505432950658e-01
4.951171875000000000e-01 7.007403365485082025e-01
4.952392578125000000e-01 7.007314229405487982e-01
4.953613281250000000e-01 7.007225091709983200e-01
4.954833984375000000e-01 7.007135957743830801e-01
4.956054687500000000e-01 7.007046822301703504e-01
4.957275390625000000e-01 7.006957690450057452e-01
4.958496093750000000e-01 7.006868557262257990e-01
4.959716796875000000e-01 7.006779427526219628e-01
4.960937500000000000e-01 7.006690296593753864e-01
4.962158203125000000e-01 7.006601168974408989e-01
4.963378906250000000e-01 7.006512040298277233e-01
4.964599609375000000e-01 7.006422914796675006e-01
4.965820312500000000e-01 7.006333788377910876e-01
4.967041015625000000e-01 7.006244664995148197e-01
4.968261718750000000e-01 7.006155540834710926e-01
4.969482421875000000e-01 7.006066419571820303e-01
4.970703125000000000e-01 7.005977297670745729e-01
4.971923828125000000e-01 7.005888178528846266e-01
4.973144531250000000e-01 7.005799058888129149e-01
4.974365234375000000e-01 7.005709941868252244e-01
4.975585937500000000e-01 7.005620824488942855e-01
4.976806640625000000e-01 7.005531709592114353e-01
4.978027343750000000e-01 7.005442594475214113e-01
4.979248046875000000e-01 7.005353481702558671e-01
4.980468750000000000e-01 7.005264368849062340e-01
4.981689453125000000e-01 7.005175258201656874e-01
4.982910156250000000e-01 7.005086147612524794e-01
4.984130859375000000e-01 7.004997039091418465e-01
4.985351562500000000e-01 7.004907930767773072e-01
4.986572265625000000e-01 7.004818824373967301e-01
4.987792968750000000e-01 7.004729718316768938e-01
4.989013671875000000e-01 7.004640614051369507e-01
4.990234375000000000e-01 7.004551510261687319e-01
4.991455078125000000e-01 7.004462408125701200e-01
4.992675781250000000e-01 7.004373306604561034e-01
4.993896484375000000e-01 7.004284206599089568e-01
4.995117187500000000e-01 7.004195107347499505e-01
4.996337890625000000e-01 7.004106009473518579e-01
4.997558593750000000e-01 7.004016912492501135e-01
4.998779296875000000e-01 7.003927816751125413e-01
5.000000000000000000e-01 7.003838722041759723e-01
5.001220703125000000e-01 7.003749628433966201e-01
5.002441406250000000e-01 7.003660535997301428e-01
5.003662109375000000e-01 7.003571444524141487e-01
5.004882812500000000e-01 7.003482354361155737e-01
5.006103515625000000e-01 7.003393265023707404e-01
5.007324218750000000e-01 7.003304177135514230e-01
5.008544921875000000e-01 7.003215089934802240e-01
5.009765625000000000e-01 7.003126004322379750e-01
5.010986328125000000e-01 7.003036919259406634e-01
5.012207031250000000e-01 7.002947835923858388e-01
5.013427734375000000e-01 7.002858752999654435e-01
5.014648437500000000e-01 7.002769671941987406e-01
5.015869140625000000e-01 7.002680591157625090e-01
5.017089843750000000e-01 7.002591512378942840e-01
5.018310546875000000e-01 7.002502433735380283e-01
5.019531250000000000e-01 7.002413357236688674e-01
5.020751953125000000e-01 7.002324280735049422e-01
5.021972656250000000e-01 7.002235206517399835e-01
5.023193359375000000e-01 7.002146132158647562e-01
5.024414062500000000e-01 7.002057060223112472e-01
5.025634765625000000e-01 7.001967988008241939e-01
5.026855468750000000e-01 7.001878918355953774e-01
5.028076171875000000e-01 7.001789848285973061e-01
5.029296875000000000e-01 7.001700780917952116e-01
5.030517578125000000e-01 7.001611712993909276e-01
5.031738281250000000e-01 7.001522647911195829e-01
5.032958984375000000e-01 7.001433582134087841e-01
5.034179687500000000e-01 7.001344519337800998e-01
5.035400390625000000e-01 7.001255455708664810e-01
5.036621093750000000e-01 7.001166395199839299e-01
5.037841796875000000e-01 7.001077333719638585e-01
5.039062500000000000e-01 7.000988275499373525e-01
5.040283203125000000e-01 7.000899216169145234e-01
5.041503906250000000e-01 7.000810160238490898e-01
5.042724609375000000e-01 7.000721103059237560e-01
5.043945312500000000e-01 7.000632049419284186e-01
5.045166015625000000e-01 7.000542994392011664e-01
5.046386718750000000e-01 7.000453943043867255e-01
5.047607421875000000e-01 7.000364890169528120e-01
5.048828125000000000e-01 7.000275841114256270e-01
5.050048828125000000e-01 7.000186790393871927e-01
5.051269531250000000e-01 7.000097743632573977e-01
5.052490234375000000e-01 7.000008695067163611e-01
5.053710937500000000e-01 6.999919650600916476e-01
5.054931640625000000e-01 6.999830604191417116e-01
5.056152343750000000e-01 6.999741562021337682e-01
5.057373046875000000e-01 6.999652517768760740e-01
5.058593750000000000e-01 6.999563477895957009e-01
5.059814453125000000e-01 6.999474435801277261e-01
5.061035156250000000e-01 6.999385398226789512e-01
5.062255859375000000e-01 6.999296358291027254e-01
5.063476562500000000e-01 6.999207323016065629e-01
5.064697265625000000e-01 6.999118285240142345e-01
5.065917968750000000e-01 6.999029252265669410e-01
5.067138671875000000e-01 6.998940216650622048e-01
5.068359375000000000e-01 6.998851185977821299e-01
5.069580078125000000e-01 6.998762152524602431e-01
5.070800781250000000e-01 6.998673124154596303e-01
5.072021484375000000e-01 6.998584092864146289e-01
5.073242187500000000e-01 6.998495066798031683e-01
5.074462890625000000e-01 6.998406037671375257e-01
5.075683593750000000e-01 6.998317013910244633e-01
5.076904296875000000e-01 6.998227986948315493e-01
5.078125000000000000e-01 6.998138965493334585e-01
5.079345703125000000e-01 6.998049940697094184e-01
5.080566406250000000e-01 6.997960921549326585e-01
5.081787109375000000e-01 6.997871898919809652e-01
5.083007812500000000e-01 6.997782882080378908e-01
5.084228515625000000e-01 6.997693861618492495e-01
5.085449218750000000e-01 6.997604847088576552e-01
5.086669921875000000e-01 6.997515828795216608e-01
5.087890625000000000e-01 6.997426816575924580e-01
5.089111328125000000e-01 6.997337800452132495e-01
5.090332031250000000e-01 6.997248790544581265e-01
5.091552734375000000e-01 6.997159776591314051e-01
5.092773437500000000e-01 6.997070768996591639e-01
5.093994140625000000e-01 6.996981757214767450e-01
5.095214843750000000e-01 6.996892751934093990e-01
5.096435546875000000e-01 6.996803742324637643e-01
5.097656250000000000e-01 6.996714739359137791e-01
5.098876953125000000e-01 6.996625731923025171e-01
5.100097656250000000e-01 6.996536731273776955e-01
5.101318359375000000e-01 6.996447726011949531e-01
5.102539062500000000e-01 6.996358727680141998e-01
5.103759765625000000e-01 6.996269724593560113e-01
5.104980468750000000e-01 6.996180728580354558e-01
5.106201171875000000e-01 6.996091727669893068e-01
5.107421875000000000e-01 6.996002733976447452e-01
5.108642578125000000e-01 6.995913735243091125e-01
5.109863281250000000e-01 6.995824743870520113e-01
5.111083984375000000e-01 6.995735747315238173e-01
5.112304687500000000e-01 6.995646758264701948e-01
5.113525390625000000e-01 6.995557763888338165e-01
5.114746093750000000e-01 6.995468777160984697e-01
5.115966796875000000e-01 6.995379784964552705e-01
5.117187500000000000e-01 6.995290800561562161e-01
5.118408203125000000e-01 6.995201810545919052e-01
5.119628906250000000e-01 6.995112828468472710e-01
5.120849609375000000e-01 6.995023840634555512e-01
5.122070312500000000e-01 6.994934860883810224e-01
5.123291015625000000e-01 6.994845875232553745e-01
5.124511718750000000e-01 6.994756897809634166e-01
5.125732421875000000e-01 6.994667914341978765e-01
5.126953125000000000e-01 6.994578939248082827e-01
5.128173828125000000e-01 6.994489957964886706e-01
5.129394531250000000e-01 6.994400985201223442e-01
5.130615234375000000e-01 6.994312006103442503e-01
5.131835937500000000e-01 6.994223035671129907e-01
5.133056640625000000e-01 6.994134058759692296e-01
5.134277343750000000e-01 6.994045090659943842e-01
5.135498046875000000e-01 6.993956115935704432e-01
5.136718750000000000e-01 6.993867150169686964e-01
5.137939453125000000e-01 6.993778177633585003e-01
5.139160156250000000e-01 6.993689214202492010e-01
5.140380859375000000e-01 6.993600243855417897e-01
5.141601562500000000e-01 6.993511282760459524e-01
5.142822265625000000e-01 6.993422314603296996e-01
5.144042968750000000e-01 6.993333355845665622e-01
5.145263671875000000e-01 6.993244389879291756e-01
5.146484375000000000e-01 6.993155433460156445e-01
5.147705078125000000e-01 6.993066469685520481e-01
5.148925781250000000e-01 6.992977515606071393e-01
5.150146484375000000e-01 6.992888554024030423e-01
5.151367187500000000e-01 6.992799602285522109e-01
5.152587890625000000e-01 6.992710642896943218e-01
5.153808593750000000e-01 6.992621693500544744e-01
5.155029296875000000e-01 6.992532736306339425e-01
5.156250000000000000e-01 6.992443789253212083e-01
5.157470703125000000e-01 6.992354834254298490e-01
5.158691406250000000e-01 6.992265889545726809e-01
5.159912109375000000e-01 6.992176936742902082e-01
5.161132812500000000e-01 6.992087994380096205e-01
5.162353515625000000e-01 6.991999043774239642e-01
5.163574218750000000e-01 6.991910103758393058e-01
5.164794921875000000e-01 6.991821155350443906e-01
5.166015625000000000e-01 6.991732217682748995e-01
5.167236328125000000e-01 6.991643271473566568e-01
5.168457031250000000e-01 6.991554336155294536e-01
5.169677734375000000e-01 6.991465392145677082e-01
5.170898437500000000e-01 6.991376459178015867e-01
5.172119140625000000e-01 6.991287517368888205e-01
5.173339843750000000e-01 6.991198586753100130e-01
5.174560546875000000e-01 6.991109647145319350e-01
5.175781250000000000e-01 6.991020718882644536e-01
5.177001953125000000e-01 6.990931781477011109e-01
5.178222656250000000e-01 6.990842855568630831e-01
5.179443359375000000e-01 6.990753920366068463e-01
5.180664062500000000e-01 6.990664996813271692e-01
5.181884765625000000e-01 6.990576063814588625e-01
5.183105468750000000e-01 6.990487142618599936e-01
5.184326171875000000e-01 6.990398211824661034e-01
5.185546875000000000e-01 6.990309292986708334e-01
5.186767578125000000e-01 6.990220364398345154e-01
5.187988281250000000e-01 6.990131447919730734e-01
5.189208984375000000e-01 6.990042521537782605e-01
5.190429687500000000e-01 6.989953607419732151e-01
5.191650390625000000e-01 6.989864683245018417e-01
5.192871093750000000e-01 6.989775771488795364e-01
5.194091796875000000e-01 6.989686849522172007e-01
5.195312500000000000e-01 6.989597940129017584e-01
5.196533203125000000e-01 6.989509020371356129e-01
5.197753906250000000e-01 6.989420113342525998e-01
5.198974609375000000e-01 6.989331195794589169e-01
5.200195312500000000e-01 6.989242291131376739e-01
5.201416015625000000e-01 6.989153375794028289e-01
5.202636718750000000e-01 6.989064473497696994e-01
5.203857421875000000e-01 6.988975560371750717e-01
5.205078125000000000e-01 6.988886660443545118e-01
5.206298828125000000e-01 6.988797749529804815e-01
5.207519531250000000e-01 6.988708851971066061e-01
5.208740234375000000e-01 6.988619943270328871e-01
5.209960937500000000e-01 6.988531048082291530e-01
5.211181640625000000e-01 6.988442141595421209e-01
5.212402343750000000e-01 6.988353248779355376e-01
5.213623046875000000e-01 6.988264344507125747e-01
5.214843750000000000e-01 6.988175454064384784e-01
5.216064453125000000e-01 6.988086552007580776e-01
5.217285156250000000e-01 6.987997663939409243e-01
5.218505859375000000e-01 6.987908764098835768e-01
5.219726562500000000e-01 6.987819878406547058e-01
5.220947265625000000e-01 6.987730980782993484e-01
5.222167968750000000e-01 6.987642097467912095e-01
5.223388671875000000e-01 6.987553202062191104e-01
5.224609375000000000e-01 6.987464321125557154e-01
5.225830078125000000e-01 6.987375427938481431e-01
5.227050781250000000e-01 6.987286549381634959e-01
5.228271484375000000e-01 6.987197658413986101e-01
5.229492187500000000e-01 6.987108782238224958e-01
5.230712890625000000e-01 6.987019893490737932e-01
5.231933593750000000e-01 6.986931019697395495e-01
5.233154296875000000e-01 6.986842133170887426e-01
5.234375000000000000e-01 6.986753261761297074e-01
5.235595703125000000e-01 6.986664377456506259e-01
5.236816406250000000e-01 6.986575508431963621e-01
5.238037109375000000e-01 6.986486626349706075e-01
5.239257812500000000e-01 6.986397759711562294e-01
5.240478515625000000e-01 6.986308879852543008e-01
5.241699218750000000e-01 6.986220015602124800e-01
5.242919921875000000e-01 6.986131137967148685e-01
5.244140625000000000e-01 6.986042276105747240e-01
5.245361328125000000e-01 6.985953400695606996e-01
5.246582031250000000e-01 6.985864541224603430e-01
5.247802734375000000e-01 6.985775668039977404e-01
5.249023437500000000e-01 6.985686810960735071e-01
5.250244140625000000e-01 6.985597940002390427e-01
5.251464843750000000e-01 6.985509085316246036e-01
5.252685546875000000e-01 6.985420216584965480e-01
5.253906250000000000e-01 6.985331364293224654e-01
5.255126953125000000e-01 6.985242497789716509e-01
5.256347656250000000e-01 6.985153647893792561e-01
5.257568359375000000e-01 6.985064783618788464e-01
5.258789062500000000e-01 6.984975936120026985e-01
5.260009765625000000e-01 6.984887074074288549e-01
5.261230468750000000e-01 6.984798228974054002e-01
5.262451171875000000e-01 6.984709369158288439e-01
5.263671875000000000e-01 6.984620526457958611e-01
5.264892578125000000e-01 6.984531668872906440e-01
5.266113281250000000e-01 6.984442828573877993e-01
5.267333984375000000e-01 6.984353973220197576e-01
5.268554687500000000e-01 6.984265135323821649e-01
5.269775390625000000e-01 6.984176282202249064e-01
5.270996093750000000e-01 6.984087446709940084e-01
5.272216796875000000e-01 6.983998595821235833e-01
5.273437500000000000e-01 6.983909762734334947e-01
5.274658203125000000e-01 6.983820914079170716e-01
5.275878906250000000e-01 6.983732083399116775e-01
5.277099609375000000e-01 6.983643236978213098e-01
5.278320312500000000e-01 6.983554408706371674e-01
5.279541015625000000e-01 6.983465564520411339e-01
5.280761718750000000e-01 6.983376738658232386e-01
5.281982421875000000e-01 6.983287896707894848e-01
5.283203125000000000e-01 6.983199073256725065e-01
5.284423828125000000e-01 6.983110233542723089e-01
5.285644531250000000e-01 6.983021412504014647e-01
5.286865234375000000e-01 6.982932575027038791e-01
5.288085937500000000e-01 6.982843756402175028e-01
5.289306640625000000e-01 6.982754921162874773e-01
5.290527343750000000e-01 6.982666104953335617e-01
5.291748046875000000e-01 6.982577271952399300e-01
5.292968750000000000e-01 6.982488458159590294e-01
5.294189453125000000e-01 6.982399627397634090e-01
5.295410156250000000e-01 6.982310816023031830e-01
5.296630859375000000e-01 6.982221987500750737e-01
5.297851562500000000e-01 6.982133178545730789e-01
5.299072265625000000e-01 6.982044352263814257e-01
5.300292968750000000e-01 6.981955545729843227e-01
5.301513671875000000e-01 6.981866721688876343e-01
5.302734375000000000e-01 6.981777917577427495e-01
5.303955078125000000e-01 6.981689095778118581e-01
5.305175781250000000e-01 6.981600294090616332e-01
5.306396484375000000e-01 6.981511474533577122e-01
5.307617187500000000e-01 6.981422675271492517e-01
5.308837890625000000e-01 6.981333857957359168e-01
5.310058593750000000e-01 6.981245061122183238e-01
5.311279296875000000e-01 6.981156246051535286e-01
5.312500000000000000e-01 6.981067451644773492e-01
5.313720703125000000e-01 6.980978638818295945e-01
5.314941406250000000e-01 6.980889846841349389e-01
5.316162109375000000e-01 6.980801036259665082e-01
5.317382812500000000e-01 6.980712246714059210e-01
5.318603515625000000e-01 6.980623438377767664e-01
5.319824218750000000e-01 6.980534651264963530e-01
5.321044921875000000e-01 6.980445845174685360e-01
5.322265625000000000e-01 6.980357060496193977e-01
5.323486328125000000e-01 6.980268256652525372e-01
5.324707031250000000e-01 6.980179474409855533e-01
5.325927734375000000e-01 6.980090672813349384e-01
5.327148437500000000e-01 6.980001893008045410e-01
5.328369140625000000e-01 6.979913093659352308e-01
5.329589843750000000e-01 6.979824316292849717e-01
5.330810546875000000e-01 6.979735519192513671e-01
5.332031250000000000e-01 6.979646744266383429e-01
5.333251953125000000e-01 6.979557949415010620e-01
5.334472656250000000e-01 6.979469176930771512e-01
5.335693359375000000e-01 6.979380384328903730e-01
5.336914062500000000e-01 6.979291614288133383e-01
5.338134765625000000e-01 6.979202823936296873e-01
5.339355468750000000e-01 6.979114056340505190e-01
5.340576171875000000e-01 6.979025268239296143e-01
5.341796875000000000e-01 6.978936503090062971e-01
5.343017578125000000e-01 6.978847717240035387e-01
5.344238281250000000e-01 6.978758954538851755e-01
5.345458984375000000e-01 6.978670170940561857e-01
5.346679687500000000e-01 6.978581410689019826e-01
5.347900390625000000e-01 6.978492629343001630e-01
5.349121093750000000e-01 6.978403871542691039e-01
5.350341796875000000e-01 6.978315092449445256e-01
5.351562500000000000e-01 6.978226337101909316e-01
5.352783203125000000e-01 6.978137560261988837e-01
5.354003906250000000e-01 6.978048807368864015e-01
5.355224609375000000e-01 6.977960032782762889e-01
5.356445312500000000e-01 6.977871282345566861e-01
5.357666015625000000e-01 6.977782510013836870e-01
5.358886718750000000e-01 6.977693762034169467e-01
5.360107421875000000e-01 6.977604991957274683e-01
5.361328125000000000e-01 6.977516246436809011e-01
5.362548828125000000e-01 6.977427478615252365e-01
5.363769531250000000e-01 6.977338735555551619e-01
5.364990234375000000e-01 6.977249969989838263e-01
5.366210937500000000e-01 6.977161229392528918e-01
5.367431640625000000e-01 6.977072466083109603e-01
5.368652343750000000e-01 6.976983727949825909e-01
5.369873046875000000e-01 6.976894966897193573e-01
5.371093750000000000e-01 6.976806231229581989e-01
5.372314453125000000e-01 6.976717472434186273e-01
5.373535156250000000e-01 6.976628739233883270e-01
5.374755859375000000e-01 6.976539982696173814e-01
5.375976562500000000e-01 6.976451251964824740e-01
5.377197265625000000e-01 6.976362497685286712e-01
5.378417968750000000e-01 6.976273769424570226e-01
5.379638671875000000e-01 6.976185017403599975e-01
5.380859375000000000e-01 6.976096291615163647e-01
5.382080078125000000e-01 6.976007541853224136e-01
5.383300781250000000e-01 6.975918818538746624e-01
5.384521484375000000e-01 6.975830071036259739e-01
5.385742187500000000e-01 6.975741350197419699e-01
5.386962890625000000e-01 6.975652604954808433e-01
5.388183593750000000e-01 6.975563886593325602e-01
5.389404296875000000e-01 6.975475143610968543e-01
5.390625000000000000e-01 6.975386427728519356e-01
5.391845703125000000e-01 6.975297687006818403e-01
5.393066406250000000e-01 6.975208973605193652e-01
5.394287109375000000e-01 6.975120235144522951e-01
5.395507812500000000e-01 6.975031524225354662e-01
5.396728515625000000e-01 6.974942788026103901e-01
5.397949218750000000e-01 6.974854079591171763e-01
5.399169921875000000e-01 6.974765345653746174e-01
5.400390625000000000e-01 6.974676639704759928e-01
5.401611328125000000e-01 6.974587908029490357e-01
5.402832031250000000e-01 6.974499204568180843e-01
5.404052734375000000e-01 6.974410475155476963e-01
5.405273437500000000e-01 6.974321774183579459e-01
5.406494140625000000e-01 6.974233047033784327e-01
5.407714843750000000e-01 6.974144348553127370e-01
5.408935546875000000e-01 6.974055623666474135e-01
5.410156250000000000e-01 6.973966927678857397e-01
5.411376953125000000e-01 6.973878205055739077e-01
5.412597656250000000e-01 6.973789511562872301e-01
5.413818359375000000e-01 6.973700791203629734e-01
5.415039062500000000e-01 6.973612100207369213e-01
5.416259765625000000e-01 6.973523382112212232e-01
5.417480468750000000e-01 6.973434693614393165e-01
5.418701171875000000e-01 6.973345977783667049e-01
5.419921875000000000e-01 6.973257291786059131e-01
5.421142578125000000e-01 6.973168578220050318e-01
5.422363281250000000e-01 6.973079894724508732e-01
5.423583984375000000e-01 6.972991183423451478e-01
5.424804687500000000e-01 6.972902502431850280e-01
5.426025390625000000e-01 6.972813793396048787e-01
5.427246093750000000e-01 6.972725114910143240e-01
5.428466796875000000e-01 6.972636408139848418e-01
5.429687500000000000e-01 6.972547732161569201e-01
5.430908203125000000e-01 6.972459027656998654e-01
5.432128906250000000e-01 6.972370354188273112e-01
5.433349609375000000e-01 6.972281651949574499e-01
5.434570312500000000e-01 6.972192980992243383e-01
5.435791015625000000e-01 6.972104281019749772e-01
5.437011718750000000e-01 6.972015612575690469e-01
5.438232421875000000e-01 6.971926914869599479e-01
5.439453125000000000e-01 6.971838248940700478e-01
5.440673828125000000e-01 6.971749553501176422e-01
5.441894531250000000e-01 6.971660890089406148e-01
5.443115234375000000e-01 6.971572196916593356e-01
5.444335937500000000e-01 6.971483536023925787e-01
5.445556640625000000e-01 6.971394845118004113e-01
5.446777343750000000e-01 6.971306186746328848e-01
5.447998046875000000e-01 6.971217498107488142e-01
5.449218750000000000e-01 6.971128842258769165e-01
5.450439453125000000e-01 6.971040155887138212e-01
5.451660156250000000e-01 6.970951502563382807e-01
5.452880859375000000e-01 6.970862818459068189e-01
5.454101562500000000e-01 6.970774167662255882e-01
5.455322265625000000e-01 6.970685485825380834e-01
5.456542968750000000e-01 6.970596837557487824e-01
5.457763671875000000e-01 6.970508157988168918e-01
5.458984375000000000e-01 6.970419512251228022e-01
5.460205078125000000e-01 6.970330834949541865e-01
5.461425781250000000e-01 6.970242191745603666e-01
5.462646484375000000e-01 6.970153516711599107e-01
5.463867187500000000e-01 6.970064876042671997e-01
5.465087890625000000e-01 6.969976203276447846e-01
5.466308593750000000e-01 6.969887565144645691e-01
5.467529296875000000e-01 6.969798894646210830e-01
5.468750000000000000e-01 6.969710259053549795e-01
5.469970703125000000e-01 6.969621590822969726e-01
5.471191406250000000e-01 6.969532957771562565e-01
5.472412109375000000e-01 6.969444291808819525e-01
5.473632812500000000e-01 6.969355661300795646e-01
5.474853515625000000e-01 6.969266997605880753e-01
5.476074218750000000e-01 6.969178369643374005e-01
5.477294921875000000e-01 6.969089708216247292e-01
5.478515625000000000e-01 6.969001082801367097e-01
5.479736328125000000e-01 6.968912423642055209e-01
5.480957031250000000e-01 6.968823800776924315e-01
5.482177734375000000e-01 6.968735143885340655e-01
5.483398437500000000e-01 6.968646523572181728e-01
5.484619140625000000e-01 6.968557868948274114e-01
5.485839843750000000e-01 6.968469251189238767e-01
5.487060546875000000e-01 6.968380598832932815e-01
5.488281250000000000e-01 6.968291983630234832e-01
5.489501953125000000e-01 6.968203333541429512e-01
5.490722656250000000e-01 6.968114720897280456e-01
5.491943359375000000e-01 6.968026073075858084e-01
5.493164062500000000e-01 6.967937462992499498e-01
5.494384765625000000e-01 6.967848817438295761e-01
5.495605468750000000e-01 6.967760209917996939e-01
5.496826171875000000e-01 6.967671566630876390e-01
5.498046875000000000e-01 6.967582961675949926e-01
5.499267578125000000e-01 6.967494320655740481e-01
5.500488281250000000e-01 6.967405718268403492e-01
5.501708984375000000e-01 6.967317079514934175e-01
5.502929687500000000e-01 6.967228479697542554e-01
5.504150390625000000e-01 6.967139843210593542e-01
5.505371093750000000e-01 6.967051245965480977e-01
5.506591796875000000e-01 6.966962611744778044e-01
5.507812500000000000e-01 6.966874017074287107e-01
5.509033203125000000e-01 6.966785385119668161e-01
5.510253906250000000e-01 6.966696793026148082e-01
5.511474609375000000e-01 6.966608163337271176e-01
5.512695312500000000e-01 6.966519573823188871e-01
5.513916015625000000e-01 6.966430946399736479e-01
5.515136718750000000e-01 6.966342359467470047e-01
5.516357421875000000e-01 6.966253734309209023e-01
5.517578125000000000e-01 6.966165149961206504e-01
5.518798828125000000e-01 6.966076527067748270e-01
5.520019531250000000e-01 6.965987945306468809e-01
5.521240234375000000e-01 6.965899324677459203e-01
5.522460937500000000e-01 6.965810745505375268e-01
5.523681640625000000e-01 6.965722127140464570e-01
5.524902343750000000e-01 6.965633550560036413e-01
5.526123046875000000e-01 6.965544934458833826e-01
5.527343750000000000e-01 6.965456360472654929e-01
5.528564453125000000e-01 6.965367746634691937e-01
5.529785156250000000e-01 6.965279175245313592e-01
5.531005859375000000e-01 6.965190563670157209e-01
5.532226562500000000e-01 6.965101994880116276e-01
5.533447265625000000e-01 6.965013385567286885e-01
5.534667968750000000e-01 6.964924819379253451e-01
5.535888671875000000e-01 6.964836212328234799e-01
5.537109375000000000e-01 6.964747648744804565e-01
5.538330078125000000e-01 6.964659043955090389e-01
5.539550781250000000e-01 6.964570482978872379e-01
5.540771484375000000e-01 6.964481880449924223e-01
5.541992187500000000e-01 6.964393322083651805e-01
5.543212890625000000e-01 6.964304721814875698e-01
5.544433593750000000e-01 6.964216166061226732e-01
5.545654296875000000e-01 6.964127568052036477e-01
5.546875000000000000e-01 6.964039014913731007e-01
5.548095703125000000e-01 6.963950419163502659e-01
5.549316406250000000e-01 6.963861868643361763e-01
5.550537109375000000e-01 6.963773275151396991e-01
5.551757812500000000e-01 6.963684727252155149e-01
5.552978515625000000e-01 6.963596136017771165e-01
5.554199218750000000e-01 6.963507590742296083e-01
5.555419921875000000e-01 6.963419001764801219e-01
5.556640625000000000e-01 6.963330459115899540e-01
5.557861328125000000e-01 6.963241872394538845e-01
5.559082031250000000e-01 6.963153332375102700e-01
5.560302734375000000e-01 6.963064747909066821e-01
5.561523437500000000e-01 6.962976210522061615e-01
5.562744140625000000e-01 6.962887628310556742e-01
5.563964843750000000e-01 6.962799093558843522e-01
5.565185546875000000e-01 6.962710513601049200e-01
5.566406250000000000e-01 6.962621981487666645e-01
5.567626953125000000e-01 6.962533403782654728e-01
5.568847656250000000e-01 6.962444874310600440e-01
5.570068359375000000e-01 6.962356298857532710e-01
5.571289062500000000e-01 6.962267772029802071e-01
5.572509765625000000e-01 6.962179198827702642e-01
5.573730468750000000e-01 6.962090674647427591e-01
5.574951171875000000e-01 6.962002103695282829e-01
5.576171875000000000e-01 6.961913582165629721e-01
5.577392578125000000e-01 6.961825013462404899e-01
5.578613281250000000e-01 6.961736494586447943e-01
5.579833984375000000e-01 6.961647928131156071e-01
5.581054687500000000e-01 6.961559411912088269e-01
5.582275390625000000e-01 6.961470847703639109e-01
5.583496093750000000e-01 6.961382334144730066e-01
5.584716796875000000e-01 6.961293772181920136e-01
5.585937500000000000e-01 6.961205261286456114e-01
5.587158203125000000e-01 6.961116701568139664e-01
5.588378906250000000e-01 6.961028193339383607e-01
5.589599609375000000e-01 6.960939635864400454e-01
5.590820312500000000e-01 6.960851130305720780e-01
5.592041015625000000e-01 6.960762575072789726e-01
5.593261718750000000e-01 6.960674072187549299e-01
5.594482421875000000e-01 6.960585519195365833e-01
5.595703125000000000e-01 6.960497018987032991e-01
5.596923828125000000e-01 6.960408468234291490e-01
5.598144531250000000e-01 6.960319970706332349e-01
5.599365234375000000e-01 6.960231422191625050e-01
5.600585937500000000e-01 6.960142927347549024e-01
5.601806640625000000e-01 6.960054381069444851e-01
5.603027343750000000e-01 6.959965888912844623e-01
5.604248046875000000e-01 6.959877344869895843e-01
5.605468750000000000e-01 6.959788855404387409e-01
5.606689453125000000e-01 6.959700313595069687e-01
5.607910156250000000e-01 6.959611826824303460e-01
5.609130859375000000e-01 6.959523287247015855e-01
5.610351562500000000e-01 6.959434803174722184e-01
5.611572265625000000e-01 6.959346265827870415e-01
5.612792968750000000e-01 6.959257784457826279e-01
5.614013671875000000e-01 6.959169249339731689e-01
5.615234375000000000e-01 6.959080770675715177e-01
5.616455078125000000e-01 6.958992237784640267e-01
5.617675781250000000e-01 6.958903761830597112e-01
5.618896484375000000e-01 6.958815231164762194e-01
5.620117187500000000e-01 6.958726757924585948e-01
5.621337890625000000e-01 6.958638229482148052e-01
5.622558593750000000e-01 6.958549758959824416e-01
5.623779296875000000e-01 6.958461232738856195e-01
5.625000000000000000e-01 6.958372764938458577e-01
5.626220703125000000e-01 6.958284240937095966e-01
5.627441406250000000e-01 6.958195775862685561e-01
5.628662109375000000e-01 6.958107254078853554e-01
5.629882812500000000e-01 6.958018791734603692e-01
5.631103515625000000e-01 6.957930272166236163e-01
5.632324218750000000e-01 6.957841812556413430e-01
5.633544921875000000e-01 6.957753295201376531e-01
5.634765625000000000e-01 6.957664838330238632e-01
5.635986328125000000e-01 6.957576323186336342e-01
5.637207031250000000e-01 6.957487869058203156e-01
5.638427734375000000e-01 6.957399356123199485e-01
5.639648437500000000e-01 6.957310904742546320e-01
5.640869140625000000e-01 6.957222394014068723e-01
5.642089843750000000e-01 6.957133945385377549e-01
5.643310546875000000e-01 6.957045436861033494e-01
5.644531250000000000e-01 6.956956990988878431e-01
5.645751953125000000e-01 6.956868484666143271e-01
5.646972656250000000e-01 6.956780041555146177e-01
5.648193359375000000e-01 6.956691537431489714e-01
5.649414062500000000e-01 6.956603097086444532e-01
5.650634765625000000e-01 6.956514595159227765e-01
5.651855468750000000e-01 6.956426157584825187e-01
5.653076171875000000e-01 6.956337657851374701e-01
5.654296875000000000e-01 6.956249223052530795e-01
5.655517578125000000e-01 6.956160725510026621e-01
5.656738281250000000e-01 6.956072293491696312e-01
5.657958984375000000e-01 6.955983798137284069e-01
5.659179687500000000e-01 6.955895368904493337e-01
5.660400390625000000e-01 6.955806875735178751e-01
5.661621093750000000e-01 6.955718449293095684e-01
5.662841796875000000e-01 6.955629958305870053e-01
5.664062500000000000e-01 6.955541534659648306e-01
5.665283203125000000e-01 6.955453045851394123e-01
5.666503906250000000e-01 6.955364625006378310e-01
5.667724609375000000e-01 6.955276138373812644e-01
5.668945312500000000e-01 6.955187720335425094e-01
5.670166015625000000e-01 6.955099235875206176e-01
5.671386718750000000e-01 6.955010820648920289e-01
5.672607421875000000e-01 6.954922338357677480e-01
5.673828125000000000e-01 6.954833925949079898e-01
5.675048828125000000e-01 6.954745445823263816e-01
5.676269531250000000e-01 6.954657036238078849e-01
5.677490234375000000e-01 6.954568558274079049e-01
5.678710937500000000e-01 6.954480151518105391e-01
5.679931640625000000e-01 6.954391675712150445e-01
5.681152343750000000e-01 6.954303271791363317e-01
5.682373046875000000e-01 6.954214798139580767e-01
5.683593750000000000e-01 6.954126397059936515e-01
5.684814453125000000e-01 6.954037925558402833e-01
5.686035156250000000e-01 6.953949527326133140e-01
5.687255859375000000e-01 6.953861057970729398e-01
5.688476562500000000e-01 6.953772662592061504e-01
5.689697265625000000e-01 6.953684195378583288e-01
5.690917968750000000e-01 6.953595802859942054e-01
5.692138671875000000e-01 6.953507337784070597e-01
5.693359375000000000e-01 6.953418948131921962e-01
5.694580078125000000e-01 6.953330485189248567e-01
5.695800781250000000e-01 6.953242098410272742e-01
5.697021484375000000e-01 6.953153637596127812e-01
5.698242187500000000e-01 6.953065253697101600e-01
5.699462890625000000e-01 6.952976795006786670e-01
5.700683593750000000e-01 6.952888413994637862e-01
5.701904296875000000e-01 6.952799957423313471e-01
5.703125000000000000e-01 6.952711579305124179e-01
5.704345703125000000e-01 6.952623124847674418e-01
5.705566406250000000e-01 6.952534749630716604e-01
5.706787109375000000e-01 6.952446297282032228e-01
5.708007812500000000e-01 6.952357924973666670e-01
5.709228515625000000e-01 6.952269474728353105e-01
5.710449218750000000e-01 6.952181105336129319e-01
5.711669921875000000e-01 6.952092657188717606e-01
5.712890625000000000e-01 6.952004290720350532e-01
5.714111328125000000e-01 6.951915844665207400e-01
5.715332031250000000e-01 6.951827481128494135e-01
5.716552734375000000e-01 6.951739037159762047e-01
5.717773437500000000e-01 6.951650676562859399e-01
5.718994140625000000e-01 6.951562234674488749e-01
5.720214843750000000e-01 6.951473877025584613e-01
5.721435546875000000e-01 6.951385437211419216e-01
5.722656250000000000e-01 6.951297082518922421e-01
5.723876953125000000e-01 6.951208644772561840e-01
5.725097656250000000e-01 6.951120293045134346e-01
5.726318359375000000e-01 6.951031857359986077e-01
5.727539062500000000e-01 6.950943508606428622e-01
5.728759765625000000e-01 6.950855074975612613e-01
5.729980468750000000e-01 6.950766729205046790e-01
5.731201171875000000e-01 6.950678297621555313e-01
5.732421875000000000e-01 6.950589954843195972e-01
5.733642578125000000e-01 6.950501525299850325e-01
5.734863281250000000e-01 6.950413185523167670e-01
5.736083984375000000e-01 6.950324758012428328e-01
5.737304687500000000e-01 6.950236421247172336e-01
5.738525390625000000e-01 6.950147995761356556e-01
5.739746093750000000e-01 6.950059662017531448e-01
5.740966796875000000e-01 6.949971238548624530e-01
5.742187500000000000e-01 6.949882907836384405e-01
5.743408203125000000e-01 6.949794486376239533e-01
5.744628906250000000e-01 6.949706158706046022e-01
5.745849609375000000e-01 6.949617739246171100e-01
5.747070312500000000e-01 6.949529414628796697e-01
5.748291015625000000e-01 6.949440997160409861e-01
5.749511718750000000e-01 6.949352675606957908e-01
5.750732421875000000e-01 6.949264260120988634e-01
5.751953125000000000e-01 6.949175941642697918e-01
5.753173828125000000e-01 6.949087528129819225e-01
5.754394531250000000e-01 6.948999212738413700e-01
5.755615234375000000e-01 6.948910801188915576e-01
5.756835937500000000e-01 6.948822488896331251e-01
5.758056640625000000e-01 6.948734079300273869e-01
5.759277343750000000e-01 6.948645770118735410e-01
5.760498046875000000e-01 6.948557362465774823e-01
5.761718750000000000e-01 6.948469056407955424e-01
5.762939453125000000e-01 6.948380650687420168e-01
5.764160156250000000e-01 6.948292347766354959e-01
5.765380859375000000e-01 6.948203943967157237e-01
5.766601562500000000e-01 6.948115644196136698e-01
5.767822265625000000e-01 6.948027242306920037e-01
5.769042968750000000e-01 6.947938945699745350e-01
5.770263671875000000e-01 6.947850545708638137e-01
5.771484375000000000e-01 6.947762252279457984e-01
5.772705078125000000e-01 6.947673854174236663e-01
5.773925781250000000e-01 6.947585563937589415e-01
5.775146484375000000e-01 6.947497167705629639e-01
5.776367187500000000e-01 6.947408880676564369e-01
5.777587890625000000e-01 6.947320486304668918e-01
5.778808593750000000e-01 6.947232202498740961e-01
5.780029296875000000e-01 6.947143809973347350e-01
5.781250000000000000e-01 6.947055529406485075e-01
5.782470703125000000e-01 6.946967138713489032e-01
5.783691406250000000e-01 6.946878861402144834e-01
5.784912109375000000e-01 6.946790472526909177e-01
5.786132812500000000e-01 6.946702198488170499e-01
5.787353515625000000e-01 6.946613811415629502e-01
5.788574218750000000e-01 6.946525540666924625e-01
5.789794921875000000e-01 6.946437155381328665e-01
5.791015625000000000e-01 6.946348887940841932e-01
5.792236328125000000e-01 6.946260504425956217e-01
5.793457031250000000e-01 6.946172240312395996e-01
5.794677734375000000e-01 6.946083858551259649e-01
5.795898437500000000e-01 6.945995597784083708e-01
5.797119140625000000e-01 6.945907217759081931e-01
5.798339843750000000e-01 6.945818960358223215e-01
5.799560546875000000e-01 6.945730582051277135e-01
5.800781250000000000e-01 6.945642328037381352e-01
5.802001953125000000e-01 6.945553951429475070e-01
5.803222656250000000e-01 6.945465700824102750e-01
5.804443359375000000e-01 6.945377325895476517e-01
5.805664062500000000e-01 6.945289078720857656e-01
5.806884765625000000e-01 6.945200705451143319e-01
5.808105468750000000e-01 6.945112461730177378e-01
5.809326171875000000e-01 6.945024090098019798e-01
5.810546875000000000e-01 6.944935849854754206e-01
5.811767578125000000e-01 6.944847479837857884e-01
5.812988281250000000e-01 6.944759243096950696e-01
5.814208984375000000e-01 6.944670874672571603e-01
5.815429687500000000e-01 6.944582641459344785e-01
5.816650390625000000e-01 6.944494274603478789e-01
5.817871093750000000e-01 6.944406044944989587e-01
5.819091796875000000e-01 6.944317679632086016e-01
5.820312500000000000e-01 6.944229453556304277e-01
5.821533203125000000e-01 6.944141089760340613e-01
5.822753906250000000e-01 6.944052867295791298e-01
5.823974609375000000e-01 6.943964504989754705e-01
5.825195312500000000e-01 6.943876286166349443e-01
5.826416015625000000e-01 6.943787925321738275e-01
5.827636718750000000e-01 6.943699710170754269e-01
5.828857421875000000e-01 6.943611350757841194e-01
5.830078125000000000e-01 6.943523139311729153e-01
5.831298828125000000e-01 6.943434781299538949e-01
5.832519531250000000e-01 6.943346573592132920e-01
5.833740234375000000e-01 6.943258216948235972e-01
5.834960937500000000e-01 6.943170013014845487e-01
5.836181640625000000e-01 6.943081657705275633e-01
5.837402343750000000e-01 6.942993457582744554e-01
5.838623046875000000e-01 6.942905103572060144e-01
5.839843750000000000e-01 6.942816907298889895e-01
5.841064453125000000e-01 6.942728554549830733e-01
5.842285156250000000e-01 6.942640362166158097e-01
5.843505859375000000e-01 6.942552010639833071e-01
5.844726562500000000e-01 6.942463822187675548e-01
5.845947265625000000e-01 6.942375471843267309e-01
5.847167968750000000e-01 6.942287287366614157e-01
5.848388671875000000e-01 6.942198938161214805e-01
5.849609375000000000e-01 6.942110757706053681e-01
5.850830078125000000e-01 6.942022409594720278e-01
5.852050781250000000e-01 6.941934233209392513e-01
5.853271484375000000e-01 6.941845886144766276e-01
5.854492187500000000e-01 6.941757713879885827e-01
5.855712890625000000e-01 6.941669367812277613e-01
5.856933593750000000e-01 6.941581199720960882e-01
5.858154296875000000e-01 6.941492854598074747e-01
5.859375000000000000e-01 6.941404690736147076e-01
5.860595703125000000e-01 6.941316346502821588e-01
5.861816406250000000e-01 6.941228186929013777e-01
5.863037109375000000e-01 6.941139843527150965e-01
5.864257812500000000e-01 6.941051688303276901e-01
5.865478515625000000e-01 6.940963345671595786e-01
5.866699218750000000e-01 6.940875194862796693e-01
5.867919921875000000e-01 6.940786852936509099e-01
5.869140625000000000e-01 6.940698706611544422e-01
5.870361328125000000e-01 6.940610365322237296e-01
5.871582031250000000e-01 6.940522223553518000e-01
5.872802734375000000e-01 6.940433882828820344e-01
5.874023437500000000e-01 6.940345745693028423e-01
5.875244140625000000e-01 6.940257405456240480e-01
5.876464843750000000e-01 6.940169273034479946e-01
5.877685546875000000e-01 6.940080933204280100e-01
5.878906250000000000e-01 6.939992805582432256e-01
5.880126953125000000e-01 6.939904466072484013e-01
5.881347656250000000e-01 6.939816343341635996e-01
5.882568359375000000e-01 6.939728004060323752e-01
5.883789062500000000e-01 6.939639886317136019e-01
5.885009765625000000e-01 6.939551547166875611e-01
5.886230468750000000e-01 6.939463434514241413e-01
5.887451171875000000e-01 6.939375095391070447e-01
5.888671875000000000e-01 6.939286987938400042e-01
5.889892578125000000e-01 6.939198648731510488e-01
5.891113281250000000e-01 6.939110546595491646e-01
5.892333984375000000e-01 6.939022207186454905e-01
5.893554687500000000e-01 6.938934110491647989e-01
5.894775390625000000e-01 6.938845770753852005e-01
5.895996093750000000e-01 6.938757679633453801e-01
5.897216796875000000e-01 6.938669339431217109e-01
5.898437500000000000e-01 6.938581254027837986e-01
5.899658203125000000e-01 6.938492913215675850e-01
5.900878906250000000e-01 6.938404833682290107e-01
5.902099609375000000e-01 6.938316492103777655e-01
5.903320312500000000e-01 6.938228418604734937e-01
5.904541015625000000e-01 6.938140076091490194e-01
5.905761718750000000e-01 6.938052008803773374e-01
5.906982421875000000e-01 6.937963665174270433e-01
5.908203125000000000e-01 6.937875604288670228e-01
5.909423828125000000e-01 6.937787259346740454e-01
5.910644531250000000e-01 6.937699205069410846e-01
5.911865234375000000e-01 6.937610858602704100e-01
5.913085937500000000e-01 6.937522811156979774e-01
5.914306640625000000e-01 6.937434462935005985e-01
5.915527343750000000e-01 6.937346422563277493e-01
5.916748046875000000e-01 6.937258072335559245e-01
5.917968750000000000e-01 6.937170039301370217e-01
5.919189453125000000e-01 6.937081686794788205e-01
5.920410156250000000e-01 6.936993661385726373e-01
5.921630859375000000e-01 6.936905306301877072e-01
5.922851562500000000e-01 6.936817288832226591e-01
5.924072265625000000e-01 6.936728930844282548e-01
5.925292968750000000e-01 6.936640921658711045e-01
5.926513671875000000e-01 6.936552560407504009e-01
5.927734375000000000e-01 6.936464559885011649e-01
5.928955078125000000e-01 6.936376194974779308e-01
5.930175781250000000e-01 6.936288203533501617e-01
5.931396484375000000e-01 6.936199834526677321e-01
5.932617187500000000e-01 6.936111852629377461e-01
5.933837890625000000e-01 6.936023479040567263e-01
5.935058593750000000e-01 6.935935507201316241e-01
5.936279296875000000e-01 6.935847128490095770e-01
5.937500000000000000e-01 6.935759167282135040e-01
5.938720703125000000e-01 6.935670782844416404e-01
5.939941406250000000e-01 6.935582832909616968e-01
5.941162109375000000e-01 6.935494442067152709e-01
5.942382812500000000e-01 6.935406504127474836e-01
5.943603515625000000e-01 6.935318106115399006e-01
5.944824218750000000e-01 6.935230180986844406e-01
5.946044921875000000e-01 6.935141774938097248e-01
5.947265625000000000e-01 6.935053863547713249e-01
5.948486328125000000e-01 6.934965448474252891e-01
5.949707031250000000e-01 6.934877551881284408e-01
5.950927734375000000e-01 6.934789126650366953e-01
5.952148437500000000e-01 6.934701246072716430e-01
5.953369140625000000e-01 6.934612809377190823e-01
5.954589843750000000e-01 6.934524946224942532e-01
5.955810546875000000e-01 6.934436496545592910e-01
5.957031250000000000e-01 6.934348652463311335e-01
5.958251953125000000e-01 6.934260188020671123e-01
5.959472656250000000e-01 6.934172364942909894e-01
5.960693359375000000e-01 6.934083883633757051e-01
5.961914062500000000e-01 6.933996083857318915e-01
5.963134765625000000e-01 6.933907583171518008e-01
5.964355468750000000e-01 6.933819809451934324e-01
5.965576171875000000e-01 6.933731286360358403e-01
5.966796875000000000e-01 6.933643542042831065e-01
5.968017578125000000e-01 6.933554992843520282e-01
5.969238281250000000e-01 6.933467282044307733e-01
5.970458984375000000e-01 6.933378702147593442e-01
5.971679687500000000e-01 6.933291030010306777e-01
5.972900390625000000e-01 6.933202413630639160e-01
5.974121093750000000e-01 6.933114786699375864e-01
5.975341796875000000e-01 6.933026126400465561e-01
5.976562500000000000e-01 6.932938553178864538e-01
5.977783203125000000e-01 6.932849839180335039e-01
5.979003906250000000e-01 6.932762331000017486e-01
5.980224609375000000e-01 6.932673550077526059e-01
5.981445312500000000e-01 6.932586122507838899e-01
5.982666015625000000e-01 6.932497256162613031e-01
5.983886718750000000e-01 6.932409931422333083e-01
5.985107421875000000e-01 6.932320952650562473e-01
5.986328125000000000e-01 6.932233764017228239e-01
5.987548828125000000e-01 6.932144631162601156e-01
5.988769531250000000e-01 6.932057631755262905e-01
5.989990234375000000e-01 6.931968275598168194e-01
5.991210937500000000e-01 6.931881558008053945e-01
5.992431640625000000e-01 6.931791850682237355e-01
5.993652343750000000e-01 6.931705598705715232e-01
5.994873046875000000e-01 6.931615261995001109e-01
5.996093750000000000e-01 6.931529927224382437e-01
5.997314453125000000e-01 6.931438151027157213e-01
5.998535156250000000e-01 6.931355435028516698e-01
5.999755859375000000e-01 6.931257398588046570e-01
6.000976562500000000e-01 6.753881355805010922e-02
6.002197265625000000e-01 6.754210267993406014e-02
6.003417968750000000e-01 6.754385723970571243e-02
6.004638671875000000e-01 6.754652005657117708e-02
6.005859375000000000e-01 6.754853621641669636e-02
6.007080078125000000e-01 6.755105480639914117e-02
6.008300781250000000e-01 6.755316240915187898e-02
6.009521484375000000e-01 6.755561778274470075e-02
6.010742187500000000e-01 6.755777166914742060e-02
6.011962890625000000e-01 6.756019164811626065e-02
6.013183593750000000e-01 6.756237343857381117e-02
6.014404296875000000e-01 6.756477080965253568e-02
6.015625000000000000e-01 6.756697124511243380e-02
6.016845703125000000e-01 6.756935293036354928e-02
6.018066406250000000e-01 6.757156669898972678e-02
6.019287109375000000e-01 6.757393686413903922e-02
6.020507812500000000e-01 6.757616063825634678e-02
6.021728515625000000e-01 6.757852198377542474e-02
6.022949218750000000e-01 6.758075354158288306e-02
6.024169921875000000e-01 6.758310791744237545e-02
6.025390625000000000e-01 6.758534570208472869e-02
6.026611328125000000e-01 6.758769443080778205e-02
6.027832031250000000e-01 6.758993730920803689e-02
6.029052734375000000e-01 6.759228136891351491e-02
6.030273437500000000e-01 6.759452849078569081e-02
6.031494140625000000e-01 6.759686862520362938e-02
6.032714843750000000e-01 6.759911933621375046e-02
6.033935546875000000e-01 6.760145612398421600e-02
6.035156250000000000e-01 6.760370990985503648e-02
6.036376953125000000e-01 6.760604381002713326e-02
6.037597656250000000e-01 6.760830025921865660e-02
6.038818359375000000e-01 6.761063164208064302e-02
6.040039062500000000e-01 6.761289042014975714e-02
6.041259765625000000e-01 6.761521958870979343e-02
6.042480468750000000e-01 6.761748042017751148e-02
6.043701171875000000e-01 6.761980762553322644e-02
6.044921875000000000e-01 6.762207028080513549e-02
6.046142578125000000e-01 6.762439573336589960e-02
6.047363281250000000e-01 6.762666001906489366e-02
6.048583984375000000e-01 6.762898389687399536e-02
6.049804687500000000e-01 6.763124964862170241e-02
6.051025390625000000e-01 6.763357210368131645e-02
6.052246093750000000e-01 6.763583918055804389e-02
6.053466796875000000e-01 6.763816034367289842e-02
6.054687500000000000e-01 6.764042862396613121e-02
6.055908203125000000e-01 6.764274860850277848e-02
6.057128906250000000e-01 6.764501798636513019e-02
6.058349609375000000e-01 6.764733689121416038e-02
6.059570312500000000e-01 6.764960727402447027e-02
6.060791015625000000e-01 6.765192518598084348e-02
6.062011718750000000e-01 6.765419649221840470e-02
6.063232421875000000e-01 6.765651348785647889e-02
6.064453125000000000e-01 6.765878564540665774e-02
6.065673828125000000e-01 6.766110179264095414e-02
6.066894531250000000e-01 6.766337473739487962e-02
6.068115234375000000e-01 6.766569009672340762e-02
6.069335937500000000e-01 6.766796377144196351e-02
6.070556640625000000e-01 6.767027839699611691e-02
6.071777343750000000e-01 6.767255275034647632e-02
6.072998046875000000e-01 6.767486669075559180e-02
6.074218750000000000e-01 6.767714167654194368e-02
6.075439453125000000e-01 6.767945497564883950e-02
6.076660156250000000e-01 6.768173055214528333e-02
6.077880859375000000e-01 6.768404324961210805e-02
6.079101562500000000e-01 6.768631937899602380e-02
6.080322265625000000e-01 6.768863151083268082e-02
6.081542968750000000e-01 6.769090815871653399e-02
6.082763671875000000e-01 6.769321975769311550e-02
6.083984375000000000e-01 6.769549689272803816e-02
6.085205078125000000e-01 6.769780798877610140e-02
6.086425781250000000e-01 6.770008558228454709e-02
6.087646484375000000e-01 6.770239620280091297e-02
6.088867187500000000e-01 6.770467422850545702e-02
6.090087890625000000e-01 6.770698439863018225e-02
6.091308593750000000e-01 6.770926283237993504e-02
6.092529296875000000e-01 6.771157257524211548e-02
6.093750000000000000e-01 6.771385139478269810e-02
6.094970703125000000e-01 6.771616073171300709e-02
6.096191406250000000e-01 6.771843991650619565e-02
6.097412109375000000e-01 6.772074886721057840e-02
6.098632812500000000e-01 6.772302839825719567e-02
6.099853515625000000e-01 6.772533698097465971e-02
6.101074218750000000e-01 6.772761684065727039e-02
6.102294921875000000e-01 6.772992507231540005e-02
6.103515625000000000e-01 6.773220524428130718e-02
6.104736328125000000e-01 6.773451314060818795e-02
6.105957031250000000e-01 6.773679360963669183e-02
6.107177734375000000e-01 6.773910118527590174e-02
6.108398437500000000e-01 6.774138193718903800e-02
6.109619140625000000e-01 6.774368920579158793e-02
6.110839843750000000e-01 6.774597022734976659e-02
6.112060546875000000e-01 6.774827720166626266e-02
6.113281250000000000e-01 6.775055848049542362e-02
6.114501953125000000e-01 6.775286517245893148e-02
6.115722656250000000e-01 6.775514669696575121e-02
6.116943359375000000e-01 6.775745311774625246e-02
6.118164062500000000e-01 6.775973487707290244e-02
6.119384765625000000e-01 6.776204103714975058e-02
6.120605468750000000e-01 6.776432302109008932e-02
6.121826171875000000e-01 6.776662893031237811e-02
6.123046875000000000e-01 6.776891112927652117e-02
6.124267578125000000e-01 6.777121679689940281e-02
6.125488281250000000e-01 6.777349920186087617e-02
6.126708984375000000e-01 6.777580463660672072e-02
6.127929687500000000e-01 6.777808723905211219e-02
6.129150390625000000e-01 6.778039244913688921e-02
6.130371093750000000e-01 6.778267524103759323e-02
6.131591796875000000e-01 6.778498023422119267e-02
6.132812500000000000e-01 6.778726320799738359e-02
6.134033203125000000e-01 6.778956799160291979e-02
6.135253906250000000e-01 6.779185114008332014e-02
6.136474609375000000e-01 6.779415572104460774e-02
6.137695312500000000e-01 6.779643903744120292e-02
6.138916015625000000e-01 6.779874342232339313e-02
6.140136718750000000e-01 6.780102690019770839e-02
6.141357421875000000e-01 6.780333109521474722e-02
6.142578125000000000e-01 6.780561472847174143e-02
6.143798828125000000e-01 6.780791873952428384e-02
6.145019531250000000e-01 6.781020252236796830e-02
6.146240234375000000e-01 6.781250635505768620e-02
6.147460937500000000e-01 6.781479028198328374e-02
6.148681640625000000e-01 6.781709394163196181e-02
6.149902343750000000e-01 6.781937800740762967e-02
6.151123046875000000e-01 6.782168149907541466e-02
6.152343750000000000e-01 6.782396569872128911e-02
6.153564453125000000e-01 6.782626902722296847e-02
6.154785156250000000e-01 6.782855335598664270e-02
6.156005859375000000e-01 6.783085652591530623e-02
6.157226562500000000e-01 6.783314097927359287e-02
6.158447265625000000e-01 6.783544399500079924e-02
6.159667968750000000e-01 6.783772856864053735e-02
6.160888671875000000e-01 6.784003143434179373e-02
6.162109375000000000e-01 6.784231612413230139e-02
6.163330078125000000e-01 6.784461884378811813e-02
6.164550781250000000e-01 6.784690364580109323e-02
6.165771484375000000e-01 6.784920622321945205e-02
6.166992187500000000e-01 6.785149113368028895e-02
6.168212890625000000e-01 6.785379357250082011e-02
6.169433593750000000e-01 6.785607858781009250e-02
6.170654296875000000e-01 6.785838089150586505e-02
6.171875000000000000e-01 6.786066600821893946e-02
6.173095703125000000e-01 6.786296818012357845e-02
6.174316406250000000e-01 6.786525339492911757e-02
6.175537109375000000e-01 6.786755543823874692e-02
6.176757812500000000e-01 6.786984074796378885e-02
6.177978515625000000e-01 6.787214266573177168e-02
6.179199218750000000e-01 6.787442806735018153e-02
6.180419921875000000e-01 6.787672986250575802e-02
6.181640625000000000e-01 6.787901535309294465e-02
6.182861328125000000e-01 6.788131702845247306e-02
6.184082031250000000e-01 6.788360260520526213e-02
6.185302734375000000e-01 6.788590416346816647e-02
6.186523437500000000e-01 6.788818982370142807e-02
6.187744140625000000e-01 6.789049126746160567e-02
6.188964843750000000e-01 6.789277700857920816e-02
6.190185546875000000e-01 6.789507834033209344e-02
6.191406250000000000e-01 6.789736415985002382e-02
6.192626953125000000e-01 6.789966538198713430e-02
6.193847656250000000e-01 6.790195127751190440e-02
6.195068359375000000e-01 6.790425239233935373e-02
6.196289062500000000e-01 6.790653836156249068e-02
6.197509765625000000e-01 6.790883937129711667e-02
6.198730468750000000e-01 6.791112541199487151e-02
6.199951171875000000e-01 6.791342631878027891e-02
6.201171875000000000e-01 6.791571242880700687e-02
6.202392578125000000e-01 6.791801323469541518e-02
6.203613281250000000e-01 6.792029941199605181e-02
6.204833984375000000e-01 6.792260011897058303e-02
6.206054687500000000e-01 6.792488636154228598e-02
6.207275390625000000e-01 6.792718697151609031e-02
6.208496093750000000e-01 6.792947327744716657e-02
6.209716796875000000e-01 6.793177379225745494e-02
6.210937500000000000e-01 6.793406015968522782e-02
6.212158203125000000e-01 6.793636058111994502e-02
6.213378906250000000e-01 6.793864700825143210e-02
6.214599609375000000e-01 6.794094733802537311e-02
6.215820312500000000e-01 6.794323382312617010e-02
6.217041015625000000e-01 6.794553406289460806e-02
6.218261718750000000e-01 6.794782060429353787e-02
6.219482421875000000e-01 6.795012075566282672e-02
6.220703125000000000e-01 6.795240735173668778e-02
6.221923828125000000e-01 6.795470741625125877e-02
6.223144531250000000e-01 6.795699406543156962e-02
6.224365234375000000e-01 6.795929404459093159e-02
6.225585937500000000e-01 6.796158074536645666e-02
6.226806640625000000e-01 6.796388064061298362e-02
6.228027343750000000e-01 6.796616739150757036e-02
6.229248046875000000e-01 6.796846720425062105e-02
6.230468750000000000e-01 6.797075400384174071e-02
6.231689453125000000e-01 6.797305373543532925e-02
6.232910156250000000e-01 6.797534058234092069e-02
6.234130859375000000e-01 6.797764023409401390e-02
6.235351562500000000e-01 6.797992712698447404e-02
6.236572265625000000e-01 6.798222670016906832e-02
6.237792968750000000e-01 6.798451363774647704e-02
6.239013671875000000e-01 6.798681313359160316e-02
6.240234375000000000e-01 6.798910011459496916e-02
6.241455078125000000e-01 6.799139953429989003e-02
6.242675781250000000e-01 6.799368655751256152e-02
6.243896484375000000e-01 6.799598590222327710e-02
6.245117187500000000e-01 6.799827296646526742e-02
6.246337890625000000e-01 6.800057223730648914e-02
6.247558593750000000e-01 6.800285934142250022e-02
6.248779296875000000e-01 6.800515853948191358e-02
6.250000000000000000e-01 6.800744568236059828e-02
6.251220703125000000e-01 6.800974480869574623e-02
6.252441406250000000e-01 6.801203198924819782e-02
6.253662109375000000e-01 6.801433104488134596e-02
6.254882812500000000e-01 6.801661826205410155e-02
6.256103515625000000e-01 6.801891724797687333e-02
6.257324218750000000e-01 6.802120450074897184e-02
6.258544921875000000e-01 6.802350341792651189e-02
6.259765625000000000e-01 6.802579070529723992e-02
6.260986328125000000e-01 6.802808955467191943e-02
6.262207031250000000e-01 6.803037687567377312e-02
6.263427734375000000e-01 6.803267565814732909e-02
6.264648437500000000e-01 6.803496301184028261e-02
6.265869140625000000e-01 6.803726172830366903e-02
6.267089843750000000e-01 6.803954911376673687e-02
6.268310546875000000e-01 6.804184776507678223e-02
6.269531250000000000e-01 6.804413518142030104e-02
6.270751953125000000e-01 6.804643376841007507e-02
6.271972656250000000e-01 6.804872121476475411e-02
6.273193359375000000e-01 6.805101973824817518e-02
6.274414062500000000e-01 6.805330721376806613e-02
6.275634765625000000e-01 6.805560567453615428e-02
6.276855468750000000e-01 6.805789317839280872e-02
6.278076171875000000e-01 6.806019157721322765e-02
6.279296875000000000e-01 6.806247910860548089e-02
6.280517578125000000e-01 6.806477744623185000e-02
6.281738281250000000e-01 6.806706500437076368e-02
6.282958984375000000e-01 6.806936328152693449e-02
6.284179687500000000e-01 6.807165086565056256e-02
6.285400390625000000e-01 6.807394908304680026e-02
6.286621093750000000e-01 6.807623669241370801e-02
6.287841796875000000e-01 6.807853485074240318e-02
6.289062500000000000e-01 6.808082248461985730e-02
6.290283203125000000e-01 6.808312058455025240e-02
6.291503906250000000e-01 6.808540824223552335e-02
6.292724609375000000e-01 6.808770628442045725e-02
6.293945312500000000e-01 6.808999396521932257e-02
6.295166015625000000e-01 6.809229195030139237e-02
6.296386718750000000e-01 6.809457965353830911e-02
6.297607421875000000e-01 6.809687758213445186e-02
6.298828125000000000e-01 6.809916530715409699e-02
6.300048828125000000e-01 6.810146317987260389e-02
6.301269531250000000e-01 6.810375092602628799e-02
6.302490234375000000e-01 6.810604874345892179e-02
6.303710937500000000e-01 6.810833651011942436e-02
6.304931640625000000e-01 6.811063427284028138e-02
6.306152343750000000e-01 6.811292205939160904e-02
6.307373046875000000e-01 6.811521976796268418e-02
6.308593750000000000e-01 6.811750757380616306e-02
6.309814453125000000e-01 6.811980522877811306e-02
6.311035156250000000e-01 6.812209305332601883e-02
6.312255859375000000e-01 6.812439065523138992e-02
6.313476562500000000e-01 6.812667849791124997e-02
6.314697265625000000e-01 6.812897604726896039e-02
6.315917968750000000e-01 6.813126390752276273e-02
6.317138671875000000e-01 6.813356140484097545e-02
6.318359375000000000e-01 6.813584928212196301e-02
6.319580078125000000e-01 6.813814672789982041e-02
6.320800781250000000e-01 6.814043462166359533e-02
6.322021484375000000e-01 6.814273201638619548e-02
6.323242187500000000e-01 6.814501992611506076e-02
6.324462890625000000e-01 6.814731727025492847e-02
6.325683593750000000e-01 6.814960519543428186e-02
6.326904296875000000e-01 6.815190248945324214e-02
6.328125000000000000e-01 6.815419042958037465e-02
6.329345703125000000e-01 6.815648767393037155e-02
6.330566406250000000e-01 6.815877562850949922e-02
6.331787109375000000e-01 6.816107282363602360e-02
6.333007812500000000e-01 6.816336079218843214e-02
6.334228515625000000e-01 6.816565793851706023e-02
6.335449218750000000e-01 6.816794592057001667e-02
6.336669921875000000e-01 6.817024301852243895e-02
6.337890625000000000e-01 6.817253101362096002e-02
6.339111328125000000e-01 6.817482806360476710e-02
6.340332031250000000e-01 6.817711607129087192e-02
6.341552734375000000e-01 6.817941307371264137e-02
6.342773437500000000e-01 6.818170109354509956e-02
6.343994140625000000e-01 6.818399804879671233e-02
6.345214843750000000e-01 6.818628608034248140e-02
6.346435546875000000e-01 6.818858298881003144e-02
6.347656250000000000e-01 6.819087103163908037e-02
6.348876953125000000e-01 6.819316789369651854e-02
6.350097656250000000e-01 6.819545594739388761e-02
6.351318359375000000e-01 6.819775276340959980e-02
6.352539062500000000e-01 6.820004082756637998e-02
6.353759765625000000e-01 6.820233759789808003e-02
6.354980468750000000e-01 6.820462567211744986e-02
6.356201171875000000e-01 6.820692239711649563e-02
6.357421875000000000e-01 6.820921048099905237e-02
6.358642578125000000e-01 6.821150716100790601e-02
6.359863281250000000e-01 6.821379525417328726e-02
6.361083984375000000e-01 6.821609188953080272e-02
6.362304687500000000e-01 6.821837999159725829e-02
6.363525390625000000e-01 6.822067658263400447e-02
6.364746093750000000e-01 6.822296469322658430e-02
6.365966796875000000e-01 6.822526124026448424e-02
6.367187500000000000e-01 6.822754935902618223e-02
6.368408203125000000e-01 6.822984586237598736e-02
6.369628906250000000e-01 6.823213398894908965e-02
6.370849609375000000e-01 6.823443044891809584e-02
6.372070312500000000e-01 6.823671858295117520e-02
6.373291015625000000e-01 6.823901499984613706e-02
6.374511718750000000e-01 6.824130314099254024e-02
6.375732421875000000e-01 6.824359951510611255e-02
6.376953125000000000e-01 6.824588766302827625e-02
6.378173828125000000e-01 6.824818399465415464e-02
6.379394531250000000e-01 6.825047214902114912e-02
6.380615234375000000e-01 6.825276843843790242e-02
6.381835937500000000e-01 6.825505659892179555e-02
6.383056640625000000e-01 6.825735284640840894e-02
6.384277343750000000e-01 6.825964101269112183e-02
6.385498046875000000e-01 6.826193721851803176e-02
6.386718750000000000e-01 6.826422539028612069e-02
6.387939453125000000e-01 6.826652155472190397e-02
6.389160156250000000e-01 6.826880973165970479e-02
6.390380859375000000e-01 6.827110585496697082e-02
6.391601562500000000e-01 6.827339403677415430e-02
6.392822265625000000e-01 6.827569011920818498e-02
6.394042968750000000e-01 6.827797830558657299e-02
6.395263671875000000e-01 6.828027434739325496e-02
6.396484375000000000e-01 6.828256253805049802e-02
6.397705078125000000e-01 6.828485853947716122e-02
6.398925781250000000e-01 6.828714673412243641e-02
6.400146484375000000e-01 6.828944269541445400e-02
6.401367187500000000e-01 6.829173089376386341e-02
6.402587890625000000e-01 6.829402681515187035e-02
6.403808593750000000e-01 6.829631501692516593e-02
6.405029296875000000e-01 6.829861089863978330e-02
6.406250000000000000e-01 6.830089910356627880e-02
6.407470703125000000e-01 6.830319494583510231e-02
6.408691406250000000e-01 6.830548315364431966e-02
6.409912109375000000e-01 6.830777895669101762e-02
6.411132812500000000e-01 6.831006716711182647e-02
6.412353515625000000e-01 6.831236293115373892e-02
6.413574218750000000e-01 6.831465114393051041e-02
6.414794921875000000e-01 6.831694686918142467e-02
6.416015625000000000e-01 6.831923508405514378e-02
6.417236328125000000e-01 6.832153077072340708e-02
6.418457031250000000e-01 6.832381898743897231e-02
6.419677734375000000e-01 6.832611463573012855e-02
6.420898437500000000e-01 6.832840285404495617e-02
6.422119140625000000e-01 6.833069846415672222e-02
6.423339843750000000e-01 6.833298668382173369e-02
6.424560546875000000e-01 6.833528225595709993e-02
6.425781250000000000e-01 6.833757047672636697e-02
6.427001953125000000e-01 6.833986601107447378e-02
6.428222656250000000e-01 6.834215423271972067e-02
6.429443359375000000e-01 6.834444972947470442e-02
6.430664062500000000e-01 6.834673795175712219e-02
6.431884765625000000e-01 6.834903341110117048e-02
6.433105468750000000e-01 6.835132163378790371e-02
6.434326171875000000e-01 6.835361705590967119e-02
6.435546875000000000e-01 6.835590527877463685e-02
6.436767578125000000e-01 6.835820066384784566e-02
6.437988281250000000e-01 6.836048888667417556e-02
6.439208984375000000e-01 6.836278423487876510e-02
6.440429687500000000e-01 6.836507245743589367e-02
6.441650390625000000e-01 6.836736776894171419e-02
6.442871093750000000e-01 6.836965599102151625e-02
6.444091796875000000e-01 6.837195126599993067e-02
6.445312500000000000e-01 6.837423948738355350e-02
6.446533203125000000e-01 6.837653472599986015e-02
6.447753906250000000e-01 6.837882294647912307e-02
6.448974609375000000e-01 6.838111814889791251e-02
6.450195312500000000e-01 6.838340636826675811e-02
6.451416015625000000e-01 6.838570153464502976e-02
6.452636718750000000e-01 6.838798975269451408e-02
6.453857421875000000e-01 6.839028488319484622e-02
6.455078125000000000e-01 6.839257309972530952e-02
6.456298828125000000e-01 6.839486819449984434e-02
6.457519531250000000e-01 6.839715640931282037e-02
6.458740234375000000e-01 6.839945146851297841e-02
6.459960937500000000e-01 6.840173968140986216e-02
6.461181640625000000e-01 6.840403470518481577e-02
6.462402343750000000e-01 6.840632291597617543e-02
6.463623046875000000e-01 6.840861790446986501e-02
6.464843750000000000e-01 6.841090611296288260e-02
6.466064453125000000e-01 6.841320106632102493e-02
6.467285156250000000e-01 6.841548927232742050e-02
6.468505859375000000e-01 6.841778419069226291e-02
6.469726562500000000e-01 6.842007239402828067e-02
6.470947265625000000e-01 6.842236727753130132e-02
6.472167968750000000e-01 6.842465547801579451e-02
6.473388671875000000e-01 6.842695032679954603e-02
6.474609375000000000e-01 6.842923852424966091e-02
6.475830078125000000e-01 6.843153333844491371e-02
6.477050781250000000e-01 6.843382153268207091e-02
6.478271484375000000e-01 6.843611631242173254e-02
6.479492187500000000e-01 6.843840450326904579e-02
6.480712890625000000e-01 6.844069924868184662e-02
6.481933593750000000e-01 6.844298743596766155e-02
6.483154296875000000e-01 6.844528214717893189e-02
6.484375000000000000e-01 6.844757033073210761e-02
6.485595703125000000e-01 6.844986500786362504e-02
6.486816406250000000e-01 6.845215318751476929e-02
6.488037109375000000e-01 6.845444783069344619e-02
6.489257812500000000e-01 6.845673600627602551e-02
6.490478515625000000e-01 6.845903061561872671e-02
6.491699218750000000e-01 6.846131878696953832e-02
6.492919921875000000e-01 6.846361336259233765e-02
6.494140625000000000e-01 6.846590152954555586e-02
6.495361328125000000e-01 6.846819607157007825e-02
6.496582031250000000e-01 6.847048423396596972e-02
6.497802734375000000e-01 6.847277874249955987e-02
6.499023437500000000e-01 6.847506690018313746e-02
6.500244140625000000e-01 6.847736137534002343e-02
6.501464843750000000e-01 6.847964952815202566e-02
6.502685546875000000e-01 6.848194397004134237e-02
6.503906250000000000e-01 6.848423211782550535e-02
6.505126953125000000e-01 6.848652652655827511e-02
6.506347656250000000e-01 6.848881466916498240e-02
6.507568359375000000e-01 6.849110904484069506e-02
6.508789062500000000e-01 6.849339718211845673e-02
6.510009765625000000e-01 6.849569152484491497e-02
6.511230468750000000e-01 6.849797965664511379e-02
6.512451171875000000e-01 6.850027396652579037e-02
6.513671875000000000e-01 6.850256209269960095e-02
6.514892578125000000e-01 6.850485636983166815e-02
6.516113281250000000e-01 6.850714449023298513e-02
6.517333984375000000e-01 6.850943873471899981e-02
6.518554687500000000e-01 6.851172684920422973e-02
6.519775390625000000e-01 6.851402106113824164e-02
6.520996093750000000e-01 6.851630916956884254e-02
6.522216796875000000e-01 6.851860334904542882e-02
6.523437500000000000e-01 6.852089145127963909e-02
6.524658203125000000e-01 6.852318559839518097e-02
6.525878906250000000e-01 6.852547369429477786e-02
6.527099609375000000e-01 6.852776780913424903e-02
6.528320312500000000e-01 6.853005589856339674e-02
6.529541015625000000e-01 6.853234998122161026e-02
6.530761718750000000e-01 6.853463806404254399e-02
6.531982421875000000e-01 6.853693211461144019e-02
6.533203125000000000e-01 6.853922019068760252e-02
6.534423828125000000e-01 6.854151420925429228e-02
6.535644531250000000e-01 6.854380227845517648e-02
6.536865234375000000e-01 6.854609626510185794e-02
6.538085937500000000e-01 6.854838432729702669e-02
6.539306640625000000e-01 6.855067828211387770e-02
6.540527343750000000e-01 6.855296633717131161e-02
6.541748046875000000e-01 6.855526026023373021e-02
6.542968750000000000e-01 6.855754830802775202e-02
6.544189453125000000e-01 6.855984219942526381e-02
6.545410156250000000e-01 6.856213023982646315e-02
6.546630859375000000e-01 6.856442409963584006e-02
6.547851562500000000e-01 6.856671213252105157e-02
6.549072265625000000e-01 6.856900596081678956e-02
6.550292968750000000e-01 6.857129398606254256e-02
6.551513671875000000e-01 6.857358778292507728e-02
6.552734375000000000e-01 6.857587580040910846e-02
6.553955078125000000e-01 6.857816956591528124e-02
6.555175781250000000e-01 6.858045757551381461e-02
6.556396484375000000e-01 6.858275130973848221e-02
6.557617187500000000e-01 6.858503931133141940e-02
6.558837890625000000e-01 6.858733301434834229e-02
6.560058593750000000e-01 6.858962100782092786e-02
6.561279296875000000e-01 6.859191467969910638e-02
6.562500000000000000e-01 6.859420266493215790e-02
6.563720703125000000e-01 6.859649630574479739e-02
6.564941406250000000e-01 6.859878428261659278e-02
6.566162109375000000e-01 6.860107789243473364e-02
6.567382812500000000e-01 6.860336586083344568e-02
6.568603515625000000e-01 6.860565943972643521e-02
6.569824218750000000e-01 6.860794739954000077e-02
6.571044921875000000e-01 6.861024094757277314e-02
6.572265625000000000e-01 6.861252889868402205e-02
6.573486328125000000e-01 6.861482241592441189e-02
6.574707031250000000e-01 6.861711035822742888e-02
6.575927734375000000e-01 6.861940384473731724e-02
6.577148437500000000e-01 6.862169177811776322e-02
6.578369140625000000e-01 6.862398523396488759e-02
6.579589843750000000e-01 6.862627315831369701e-02
6.580810546875000000e-01 6.862856658355961925e-02
6.582031250000000000e-01 6.863085449876986377e-02
6.583251953125000000e-01 6.863314789347615963e-02
6.584472656250000000e-01 6.863543579943710837e-02
6.585693359375000000e-01 6.863772916366533972e-02
6.586914062500000000e-01 6.864001706027689220e-02
6.588134765625000000e-01 6.864231039408337509e-02
6.589355468750000000e-01 6.864459828123502250e-02
6.590576171875000000e-01 6.864689158468825769e-02
6.591796875000000000e-01 6.864917946227179490e-02
6.593017578125000000e-01 6.865147273542018813e-02
6.594238281250000000e-01 6.865376060333953923e-02
6.595458984375000000e-01 6.865605384624176577e-02
6.596679687500000000e-01 6.865834170439218120e-02
6.597900390625000000e-01 6.866063491710938660e-02
6.599121093750000000e-01 6.866292276538785155e-02
6.600341796875000000e-01 6.866521594796826111e-02
6.601562500000000000e-01 6.866750378627627105e-02
6.602783203125000000e-01 6.866979693877577062e-02
6.604003906250000000e-01 6.867208476701354425e-02
6.605224609375000000e-01 6.867437788948775601e-02
6.606445312500000000e-01 6.867666570755556754e-02
6.607666015625000000e-01 6.867895880005311926e-02
6.608886718750000000e-01 6.868124660785776547e-02
6.610107421875000000e-01 6.868353967042832575e-02
6.611328125000000000e-01 6.868582746786804083e-02
6.612548828125000000e-01 6.868812050056875840e-02
6.613769531250000000e-01 6.869040828754649497e-02
6.614990234375000000e-01 6.869270129041735173e-02
6.616210937500000000e-01 6.869498906684586015e-02
6.617431640625000000e-01 6.869728203994092397e-02
6.618652343750000000e-01 6.869956980572126948e-02
6.619873046875000000e-01 6.870186274908980650e-02
6.621093750000000000e-01 6.870415050412423397e-02
6.622314453125000000e-01 6.870644341781204090e-02
6.623535156250000000e-01 6.870873116201256514e-02
6.624755859375000000e-01 6.871102404606321823e-02
6.625976562500000000e-01 6.871331177933988343e-02
6.627197265625000000e-01 6.871560463380274597e-02
6.628417968750000000e-01 6.871789235605860191e-02
6.629638671875000000e-01 6.872018518097375295e-02
6.630859375000000000e-01 6.872247289212304877e-02
6.632080078125000000e-01 6.872476568753736748e-02
6.633300781250000000e-01 6.872705338748885673e-02
6.634521484375000000e-01 6.872934615344396259e-02
6.635742187500000000e-01 6.873163384211167237e-02
6.636962890625000000e-01 6.873392657864908772e-02
6.638183593750000000e-01 6.873621425594293732e-02
6.639404296875000000e-01 6.873850696310561392e-02
6.640625000000000000e-01 6.874079462893670223e-02
6.641845703125000000e-01 6.874308730676345625e-02
6.643066406250000000e-01 6.874537496105145862e-02
6.644287109375000000e-01 6.874766760958020417e-02
6.645507812500000000e-01 6.874995525223470683e-02
6.646728515625000000e-01 6.875224787151294759e-02
6.647949218750000000e-01 6.875453550244604861e-02
6.649169921875000000e-01 6.875682809250587002e-02
6.650390625000000000e-01 6.875911571163677294e-02
6.651611328125000000e-01 6.876140827251771281e-02
6.652832031250000000e-01 6.876369587976371989e-02
6.654052734375000000e-01 6.876598841150491359e-02
6.655273437500000000e-01 6.876827600678057928e-02
6.656494140625000000e-01 6.877056850941150323e-02
6.657714843750000000e-01 6.877285609263723842e-02
6.658935546875000000e-01 6.877514856620456363e-02
6.660156250000000000e-01 6.877743613729435379e-02
6.661376953125000000e-01 6.877972858182555826e-02
6.662597656250000000e-01 6.878201614069952285e-02
6.663818359375000000e-01 6.878430855623282603e-02
6.665039062500000000e-01 6.878659610281452619e-02
6.666259765625000000e-01 6.878888848937760037e-02
6.667480468750000000e-01 6.879117602358669759e-02
6.668701171875000000e-01 6.879346838121774832e-02
6.669921875000000000e-01 6.879575590297075383e-02
6.671142578125000000e-01 6.879804823170615480e-02
6.672363281250000000e-01 6.880033574092773996e-02
6.673583984375000000e-01 6.880262804079388672e-02
6.674804687500000000e-01 6.880491553740042399e-02
6.676025390625000000e-01 6.880720780843020690e-02
6.677246093750000000e-01 6.880949529235713680e-02
6.678466796875000000e-01 6.881178753457781183e-02
6.679687500000000000e-01 6.881407500573571978e-02
6.680908203125000000e-01 6.881636721918819866e-02
6.682128906250000000e-01 6.881865467750081233e-02
6.683349609375000000e-01 6.882094686220883994e-02
6.684570312500000000e-01 6.882323430760811656e-02
6.685791015625000000e-01 6.882552646359522963e-02
6.687011718750000000e-01 6.882781389600198252e-02
6.688232421875000000e-01 6.883010602330687233e-02
6.689453125000000000e-01 6.883239344264463488e-02
6.690673828125000000e-01 6.883468554129335004e-02
6.691894531250000000e-01 6.883697294749289985e-02
6.693115234375000000e-01 6.883926501750088633e-02
6.694335937500000000e-01 6.884155241048969809e-02
6.695556640625000000e-01 6.884384445189817292e-02
6.696777343750000000e-01 6.884613183159857264e-02
6.697998046875000000e-01 6.884842384442706187e-02
6.699218750000000000e-01 6.885071121076510869e-02
6.700439453125000000e-01 6.885300319504916722e-02
6.701660156250000000e-01 6.885529054795340442e-02
6.702880859375000000e-01 6.885758250370595246e-02
6.704101562500000000e-01 6.885986984311011361e-02
6.705322265625000000e-01 6.886216177035998920e-02
6.706542968750000000e-01 6.886444909619110488e-02
6.707763671875000000e-01 6.886674099496348234e-02
6.708984375000000000e-01 6.886902830714865253e-02
6.710205078125000000e-01 6.887132017746705470e-02
6.711425781250000000e-01 6.887360747594224730e-02
6.712646484375000000e-01 6.887589931783345831e-02
6.713867187500000000e-01 6.887818660252045810e-02
6.715087890625000000e-01 6.888047841600933308e-02
6.716308593750000000e-01 6.888276568683530943e-02
6.717529296875000000e-01 6.888505747194301199e-02
6.718750000000000000e-01 6.888734472885262028e-02
6.719970703125000000e-01 6.888963648559558173e-02
6.721191406250000000e-01 6.889192372851213331e-02
6.722412109375000000e-01 6.889421545691795656e-02
6.723632812500000000e-01 6.889650268577658665e-02
6.724853515625000000e-01 6.889879438585763682e-02
6.726074218750000000e-01 6.890108160059343900e-02
6.727294921875000000e-01 6.890337327238023335e-02
6.728515625000000000e-01 6.890566047292875917e-02
6.729736328125000000e-01 6.890795211644137885e-02
6.730957031250000000e-01 6.891023930272860420e-02
6.732177734375000000e-01 6.891253091798120456e-02
6.733398437500000000e-01 6.891481808993123181e-02
6.734619140625000000e-01 6.891710967695882650e-02
6.735839843750000000e-01 6.891939683451797638e-02
6.737060546875000000e-01 6.892168839330775620e-02
6.738281250000000000e-01 6.892397553642672092e-02
6.739501953125000000e-01 6.892626706702532913e-02
6.740722656250000000e-01 6.892855419562601837e-02
6.741943359375000000e-01 6.893084569803729911e-02
6.743164062500000000e-01 6.893313281204382914e-02
6.744384765625000000e-01 6.893542428629328978e-02
6.745605468750000000e-01 6.893771138565248091e-02
6.746826171875000000e-01 6.894000283175726052e-02
6.748046875000000000e-01 6.894228991640663495e-02
6.749267578125000000e-01 6.894458133438138847e-02
6.750488281250000000e-01 6.894686840425345853e-02
6.751708984375000000e-01 6.894915979411461726e-02
6.752929687500000000e-01 6.895144684915284483e-02
6.754150390625000000e-01 6.895373821091395350e-02
6.755371093750000000e-01 6.895602525105359870e-02
6.756591796875000000e-01 6.895831658473546011e-02
6.757812500000000000e-01 6.896060360990688420e-02
6.759033203125000000e-01 6.896289491552563822e-02
6.760253906250000000e-01 6.896518192567213656e-02
6.761474609375000000e-01 6.896747320324145281e-02
6.762695312500000000e-01 6.896976019830214355e-02
6.763916015625000000e-01 6.897205144783460917e-02
6.765136718750000000e-01 6.897433842775199664e-02
6.766357421875000000e-01 6.897662964926769280e-02
6.767578125000000000e-01 6.897891661397088925e-02
6.768798828125000000e-01 6.898120780747886427e-02
6.770019531250000000e-01 6.898349475692122645e-02
6.771240234375000000e-01 6.898578592243685692e-02
6.772460937500000000e-01 6.898807285655025878e-02
6.773681640625000000e-01 6.899036399408153830e-02
6.774902343750000000e-01 6.899265091280677720e-02
6.776123046875000000e-01 6.899494202237357876e-02
6.777343750000000000e-01 6.899722892565463006e-02
6.778564453125000000e-01 6.899952000726805590e-02
6.779785156250000000e-01 6.900180689504291365e-02
6.781005859375000000e-01 6.900409794871570357e-02
6.782226562500000000e-01 6.900638482092628923e-02
6.783447265625000000e-01 6.900867584666897647e-02
6.784667968750000000e-01 6.901096270325988991e-02
6.785888671875000000e-01 6.901325370108392365e-02
6.787109375000000000e-01 6.901554054199245114e-02
6.788330078125000000e-01 6.901783151191108467e-02
6.789550781250000000e-01 6.902011833708417143e-02
6.790771484375000000e-01 6.902240927910369139e-02
6.791992187500000000e-01 6.902469608848665894e-02
6.793212890625000000e-01 6.902698700262080433e-02
6.794433593750000000e-01 6.902927379614902381e-02
6.795654296875000000e-01 6.903156468241063159e-02
6.796875000000000000e-01 6.903385146002859185e-02
6.798095703125000000e-01 6.903614231842401805e-02
6.799316406250000000e-01 6.903842908008181456e-02
6.800537109375000000e-01 6.904071991062418756e-02
6.801757812500000000e-01 6.904300665625671962e-02
6.802978515625000000e-01 6.904529745895794657e-02
6.804199218750000000e-01 6.904758418851036916e-02
6.805419921875000000e-01 6.904987496337468278e-02
6.806640625000000000e-01 6.905216167679986694e-02
6.807861328125000000e-01 6.905445242383551063e-02
6.809082031250000000e-01 6.905673912107174184e-02
6.810302734375000000e-01 6.905902984029238523e-02
6.811523437500000000e-01 6.906131652128535969e-02
6.812744140625000000e-01 6.906360721269548530e-02
6.813964843750000000e-01 6.906589387739381358e-02
6.815185546875000000e-01 6.906818454100016602e-02
6.816406250000000000e-01 6.907047118934739327e-02
6.817626953125000000e-01 6.907276182516142171e-02
6.818847656250000000e-01 6.907504845710106534e-02
6.820068359375000000e-01 6.907733906512811273e-02
6.821289062500000000e-01 6.907962568061024045e-02
6.822509765625000000e-01 6.908191626085494197e-02
6.823730468750000000e-01 6.908420285982563858e-02
6.824951171875000000e-01 6.908649341230527208e-02
6.826171875000000000e-01 6.908877999470509901e-02
6.827392578125000000e-01 6.909107051941375255e-02
6.828613281250000000e-01 6.909335708519760699e-02
6.829833984375000000e-01 6.909564758214652158e-02
6.831054687500000000e-01 6.909793413126209816e-02
6.832275390625000000e-01 6.910022460046044701e-02
6.833496093750000000e-01 6.910251113284715530e-02
6.834716796875000000e-01 6.910480157429609027e-02
6.835937500000000000e-01 6.910708808990895236e-02
6.837158203125000000e-01 6.910937850362020018e-02
6.838378906250000000e-01 6.911166500240178978e-02
6.839599609375000000e-01 6.911395538837761254e-02
6.840820312500000000e-01 6.911624187027647082e-02
6.842041015625000000e-01 6.911853222852241962e-02
6.843261718750000000e-01 6.912081869348840613e-02
6.844482421875000000e-01 6.912310902400903290e-02
6.845703125000000000e-01 6.912539547199174350e-02
6.846923828125000000e-01 6.912768577478782539e-02
6.848144531250000000e-01 6.912997220574088053e-02
6.849365234375000000e-01 6.913226248082370018e-02
6.850585937500000000e-01 6.913454889468441389e-02
6.851806640625000000e-01 6.913683914205565051e-02
6.853027343750000000e-01 6.913912553878530376e-02
6.854248046875000000e-01 6.914141575844438836e-02
6.855468750000000000e-01 6.914370213798579079e-02
6.856689453125000000e-01 6.914599232994370070e-02
6.857910156250000000e-01 6.914827869224789147e-02
6.859130859375000000e-01 6.915056885650247565e-02
6.860351562500000000e-01 6.915285520152092413e-02
6.861572265625000000e-01 6.915514533807749775e-02
6.862792968750000000e-01 6.915743166576261702e-02
6.864013671875000000e-01 6.915972177462618997e-02
6.865234375000000000e-01 6.916200808492306562e-02
6.866455078125000000e-01 6.916429816609444281e-02
6.867675781250000000e-01 6.916658445895443319e-02
6.868896484375000000e-01 6.916887451243759755e-02
6.870117187500000000e-01 6.917116078781281041e-02
6.871337890625000000e-01 6.917345081361055137e-02
6.872558593750000000e-01 6.917573707145262263e-02
6.873779296875000000e-01 6.917802706956630021e-02
6.875000000000000000e-01 6.918031330982782334e-02
6.876220703125000000e-01 6.918260328025727102e-02
6.877441406250000000e-01 6.918488950289128359e-02
6.878662109375000000e-01 6.918717944563972100e-02
6.879882812500000000e-01 6.918946565059003184e-02
6.881103515625000000e-01 6.919175556566280194e-02
6.882324218750000000e-01 6.919404175288766667e-02
6.883544921875000000e-01 6.919633164027744199e-02
6.884765625000000000e-01 6.919861780973238230e-02
6.885986328125000000e-01 6.920090766944861360e-02
6.887207031250000000e-01 6.920319382107861794e-02
6.888427734375000000e-01 6.920548365311796069e-02
6.889648437500000000e-01 6.920776978687996628e-02
6.890869140625000000e-01 6.921005959124318374e-02
6.892089843750000000e-01 6.921234570708952039e-02
6.893310546875000000e-01 6.921463548377769504e-02
6.894531250000000000e-01 6.921692158165661246e-02
6.895751953125000000e-01 6.921921133067707177e-02
6.896972656250000000e-01 6.922149741054890726e-02
6.898193359375000000e-01 6.922378713189034083e-02
6.899414062500000000e-01 6.922607319370570333e-02
6.900634765625000000e-01 6.922836288737106714e-02
6.901855468750000000e-01 6.923064893108635265e-02
6.903076171875000000e-01 6.923293859708044840e-02
6.904296875000000000e-01 6.923522462263730082e-02
6.905517578125000000e-01 6.923751426095928196e-02
6.906738281250000000e-01 6.923980026832349255e-02
6.907958984375000000e-01 6.924208987896603162e-02
6.909179687500000000e-01 6.924437586809230327e-02
6.910400390625000000e-01 6.924666545106111792e-02
6.911621093750000000e-01 6.924895142189264885e-02
6.912841796875000000e-01 6.925124097718630967e-02
6.914062500000000000e-01 6.925352692968560209e-02
6.915283203125000000e-01 6.925581645730165270e-02
6.916503906250000000e-01 6.925810239142610181e-02
6.917724609375000000e-01 6.926039189135781149e-02
6.918945312500000000e-01 6.926267780705813726e-02
6.920166015625000000e-01 6.926496727931183428e-02
6.921386718750000000e-01 6.926725317653875669e-02
6.922607421875000000e-01 6.926954262111384431e-02
6.923828125000000000e-01 6.927182849982777002e-02
6.925048828125000000e-01 6.927411791671798935e-02
6.926269531250000000e-01 6.927640377687574458e-02
6.927490234375000000e-01 6.927869316607723760e-02
6.928710937500000000e-01 6.928097900762870964e-02
6.929931640625000000e-01 6.928326836914452946e-02
6.931152343750000000e-01 6.928555419205000010e-02
6.932373046875000000e-01 6.928784352587610829e-02
6.933593750000000000e-01 6.929012933008664443e-02
6.934814453125000000e-01 6.929241863621982134e-02
6.936035156250000000e-01 6.929470442169664846e-02
6.937255859375000000e-01 6.929699370013793491e-02
6.938476562500000000e-01 6.929927946682434836e-02
6.939697265625000000e-01 6.930156871756548709e-02
6.940917968750000000e-01 6.930385446543881056e-02
6.942138671875000000e-01 6.930614368847630435e-02
6.943359375000000000e-01 6.930842941748105446e-02
6.944580078125000000e-01 6.931071861281171143e-02
6.945800781250000000e-01 6.931300432290633806e-02
6.947021484375000000e-01 6.931529349053282274e-02
6.948242187500000000e-01 6.931757918167029409e-02
6.949462890625000000e-01 6.931986832158545941e-02
6.950683593750000000e-01 6.932215399372373965e-02
6.951904296875000000e-01 6.932444310592084102e-02
6.953125000000000000e-01 6.932672875902570753e-02
6.954345703125000000e-01 6.932901784350475882e-02
6.955566406250000000e-01 6.933130347752308742e-02
6.956787109375000000e-01 6.933359253427874569e-02
6.958007812500000000e-01 6.933587814917163694e-02
6.959228515625000000e-01 6.933816717820201481e-02
6.960449218750000000e-01 6.934045277392374140e-02
6.961669921875000000e-01 6.934274177522667393e-02
6.962890625000000000e-01 6.934502735173586618e-02
6.964111328125000000e-01 6.934731632530502510e-02
6.965332031250000000e-01 6.934960188255843982e-02
6.966552734375000000e-01 6.935189082838703889e-02
6.967773437500000000e-01 6.935417636634379213e-02
6.968994140625000000e-01 6.935646528443424608e-02
6.970214843750000000e-01 6.935875080305343998e-02
6.971435546875000000e-01 6.936103969339089959e-02
6.972656250000000000e-01 6.936332519262894403e-02
6.973876953125000000e-01 6.936561405521535217e-02
6.975097656250000000e-01 6.936789953503186279e-02
6.976318359375000000e-01 6.937018836985817116e-02
6.977539062500000000e-01 6.937247383021423464e-02
6.978759765625000000e-01 6.937476263727627990e-02
6.979980468750000000e-01 6.937704807812639096e-02
6.981201171875000000e-01 6.937933685742043999e-02
6.982421875000000000e-01 6.938162227872129995e-02
6.983642578125000000e-01 6.938391103024532658e-02
6.984863281250000000e-01 6.938619643195868825e-02
6.986083984375000000e-01 6.938848515569952247e-02
6.987304687500000000e-01 6.939077053778724968e-02
6.988525390625000000e-01 6.939305923374319840e-02
6.989746093750000000e-01 6.939534459615727402e-02
6.990966796875000000e-01 6.939763326432249468e-02
6.992187500000000000e-01 6.939991860702680870e-02
6.993408203125000000e-01 6.940220724739569469e-02
6.994628906250000000e-01 6.940449257034482511e-02
6.995849609375000000e-01 6.940678118291068732e-02
6.997070312500000000e-01 6.940906648607400586e-02
6.998291015625000000e-01 6.941135507082936418e-02
6.999511718750000000e-01 6.941364035415924227e-02
7.000732421875000000e-01 6.941592891109654717e-02
7.001953125000000000e-01 6.941821417455554255e-02
7.003173828125000000e-01 6.942050270366799392e-02
7.004394531250000000e-01 6.942278794721276625e-02
7.005615234375000000e-01 6.942507644850058612e-02
7.006835937500000000e-01 6.942736167208943265e-02
7.008056640625000000e-01 6.942965014554319803e-02
7.009277343750000000e-01 6.943193534913796872e-02
7.010498046875000000e-01 6.943422379474731287e-02
7.011718750000000000e-01 6.943650897831149527e-02
7.012939453125000000e-01 6.943879739607089485e-02
7.014160156250000000e-01 6.944108255956231435e-02
7.015380859375000000e-01 6.944337094946874400e-02
7.016601562500000000e-01 6.944565609284340801e-02
7.017822265625000000e-01 6.944794445488211565e-02
7.019042968750000000e-01 6.945022957810995101e-02
7.020263671875000000e-01 6.945251791227730065e-02
7.021484375000000000e-01 6.945480301531088696e-02
7.022705078125000000e-01 6.945709132160178545e-02
7.023925781250000000e-01 6.945937640440275063e-02
7.025146484375000000e-01 6.946166468281086970e-02
7.026367187500000000e-01 6.946394974534136901e-02
7.027587890625000000e-01 6.946623799585147085e-02
7.028808593750000000e-01 6.946852303807232731e-02
7.030029296875000000e-01 6.947081126068499479e-02
7.031250000000000000e-01 6.947309628255653180e-02
7.032470703125000000e-01 6.947538447725910837e-02
7.033691406250000000e-01 6.947766947874595145e-02
7.034912109375000000e-01 6.947995764552991615e-02
7.036132812500000000e-01 6.948224262658869721e-02
7.037353515625000000e-01 6.948453076544953977e-02
7.038574218750000000e-01 6.948681572604395451e-02
7.039794921875000000e-01 6.948910383697125270e-02
7.041015625000000000e-01 6.949138877706131923e-02
7.042236328125000000e-01 6.949367686004601086e-02
7.043457031250000000e-01 6.949596177959266319e-02
7.044677734375000000e-01 6.949824983463054329e-02
7.045898437500000000e-01 6.950053473359694978e-02
7.047119140625000000e-01 6.950282276067394627e-02
7.048339843750000000e-01 6.950510763902299771e-02
7.049560546875000000e-01 6.950739563813049249e-02
7.050781250000000000e-01 6.950968049582366415e-02
7.052001953125000000e-01 6.951196846696047760e-02
7.053222656250000000e-01 6.951425330395206992e-02
7.054443359375000000e-01 6.951654124710508753e-02
7.055664062500000000e-01 6.951882606336624859e-02
7.056884765625000000e-01 6.952111397852242525e-02
7.058105468750000000e-01 6.952339877401012003e-02
7.059326171875000000e-01 6.952568666116837326e-02
7.060546875000000000e-01 6.952797143585080775e-02
7.061767578125000000e-01 6.953025929499276336e-02
7.062988281250000000e-01 6.953254404882694417e-02
7.064208984375000000e-01 6.953483187995070092e-02
7.065429687500000000e-01 6.953711661289929680e-02
7.066650390625000000e-01 6.953940441599276712e-02
7.067871093750000000e-01 6.954168912802040359e-02
7.069091796875000000e-01 6.954397690307391466e-02
7.070312500000000000e-01 6.954626159414353803e-02
7.071533203125000000e-01 6.954854934114676479e-02
7.072753906250000000e-01 6.955083401121800457e-02
7.073974609375000000e-01 6.955312173016482691e-02
7.075195312500000000e-01 6.955540637920364089e-02
7.076416015625000000e-01 6.955769407007927896e-02
7.077636718750000000e-01 6.955997869804692035e-02
7.078857421875000000e-01 6.956226636084408832e-02
7.080078125000000000e-01 6.956455096770436386e-02
7.081298828125000000e-01 6.956683860241649753e-02
7.082519531250000000e-01 6.956912318813164575e-02
7.083740234375000000e-01 6.957141079474110645e-02
7.084960937500000000e-01 6.957369535927419857e-02
7.086181640625000000e-01 6.957598293777847442e-02
7.087402343750000000e-01 6.957826748109006976e-02
7.088623046875000000e-01 6.958055503147816956e-02
7.089843750000000000e-01 6.958283955353476713e-02
7.091064453125000000e-01 6.958512707579295187e-02
7.092285156250000000e-01 6.958741157655651266e-02
7.093505859375000000e-01 6.958969907067912020e-02
7.094726562500000000e-01 6.959198355011045334e-02
7.095947265625000000e-01 6.959427101608184341e-02
7.097167968750000000e-01 6.959655547415213861e-02
7.098388671875000000e-01 6.959884291196333228e-02
7.099609375000000000e-01 6.960112734863248274e-02
7.100830078125000000e-01 6.960341475827076796e-02
7.102050781250000000e-01 6.960569917350149793e-02
7.103271484375000000e-01 6.960798655496348852e-02
7.104492187500000000e-01 6.961027094872206111e-02
7.105712890625000000e-01 6.961255830198419259e-02
7.106933593750000000e-01 6.961484267423029282e-02
7.108154296875000000e-01 6.961712999929707546e-02
7.109375000000000000e-01 6.961941434999660561e-02
7.110595703125000000e-01 6.962170164684675089e-02
7.111816406250000000e-01 6.962398597596276828e-02
7.113037109375000000e-01 6.962627324458742217e-02
7.114257812500000000e-01 6.962855755208603725e-02
7.115478515625000000e-01 6.963084479247924619e-02
7.116699218750000000e-01 6.963312907832204524e-02
7.117919921875000000e-01 6.963541629046497705e-02
7.119140625000000000e-01 6.963770055462049913e-02
7.120361328125000000e-01 6.963998773850592350e-02
7.121582031250000000e-01 6.964227198092982907e-02
7.122802734375000000e-01 6.964455913655276387e-02
7.124023437500000000e-01 6.964684335721663122e-02
7.125244140625000000e-01 6.964913048455258215e-02
7.126464843750000000e-01 6.965141468342046782e-02
7.127685546875000000e-01 6.965370178246386990e-02
7.128906250000000000e-01 6.965598595950234229e-02
7.130126953125000000e-01 6.965827303023987283e-02
7.131347656250000000e-01 6.966055718540885289e-02
7.132568359375000000e-01 6.966284422783404484e-02
7.133789062500000000e-01 6.966512836109824136e-02
7.135009765625000000e-01 6.966741537519542671e-02
7.136230468750000000e-01 6.966969948652236566e-02
7.137451171875000000e-01 6.967198647228042829e-02
7.138671875000000000e-01 6.967427056163465193e-02
7.139892578125000000e-01 6.967655751904094918e-02
7.141113281250000000e-01 6.967884158638509851e-02
7.142333984375000000e-01 6.968112851542729302e-02
7.143554687500000000e-01 6.968341256073096179e-02
7.144775390625000000e-01 6.968569946139779869e-02
7.145996093750000000e-01 6.968798348461983927e-02
7.147216796875000000e-01 6.969027035690264493e-02
7.148437500000000000e-01 6.969255435801173515e-02
7.149658203125000000e-01 6.969484120189353704e-02
7.150878906250000000e-01 6.969712518085234565e-02
7.152099609375000000e-01 6.969941199632159745e-02
7.153320312500000000e-01 6.970169595310307664e-02
7.154541015625000000e-01 6.970398274014642792e-02
7.155761718750000000e-01 6.970626667470639082e-02
7.156982421875000000e-01 6.970855343331924803e-02
7.158203125000000000e-01 6.971083734562370793e-02
7.159423828125000000e-01 6.971312407578640624e-02
7.160644531250000000e-01 6.971540796580470711e-02
7.161865234375000000e-01 6.971769466750586675e-02
7.163085937500000000e-01 6.971997853520496558e-02
7.164306640625000000e-01 6.972226520843144426e-02
7.165527343750000000e-01 6.972454905377396817e-02
7.166748046875000000e-01 6.972683569851072238e-02
7.167968750000000000e-01 6.972911952146437775e-02
7.169189453125000000e-01 6.973140613770387186e-02
7.170410156250000000e-01 6.973368993823141071e-02
7.171630859375000000e-01 6.973597652595912855e-02
7.172851562500000000e-01 6.973826030403065812e-02
7.174072265625000000e-01 6.974054686323277741e-02
7.175292968750000000e-01 6.974283061880838519e-02
7.176513671875000000e-01 6.974511714947162488e-02
7.177734375000000000e-01 6.974740088252016912e-02
7.178955078125000000e-01 6.974968738463294127e-02
7.180175781250000000e-01 6.975197109512272509e-02
7.181396484375000000e-01 6.975425756867058291e-02
7.182617187500000000e-01 6.975654125656394200e-02
7.183837890625000000e-01 6.975882770153603307e-02
7.185058593750000000e-01 6.976111136679877256e-02
7.186279296875000000e-01 6.976339778318055296e-02
7.187500000000000000e-01 6.976568142578178089e-02
7.188720703125000000e-01 6.976796781355662502e-02
7.189941406250000000e-01 6.977025143346241021e-02
7.191162109375000000e-01 6.977253779262300448e-02
7.192382812500000000e-01 6.977482138979644588e-02
7.193603515625000000e-01 6.977710772032670594e-02
7.194824218750000000e-01 6.977939129473879898e-02
7.196044921875000000e-01 6.978167759662214087e-02
7.197265625000000000e-01 6.978396114823330609e-02
7.198486328125000000e-01 6.978624742146273541e-02
7.199707031250000000e-01 6.978853095024104003e-02
7.200927734375000000e-01 6.979081719480202672e-02
7.202148437500000000e-01 6.979310070071327587e-02
7.203369140625000000e-01 6.979538691658897231e-02
7.204589843750000000e-01 6.979767039960307895e-02
7.205810546875000000e-01 6.979995658677971837e-02
7.207031250000000000e-01 6.980224004686398642e-02
7.208251953125000000e-01 6.980452620532397179e-02
7.209472656250000000e-01 6.980680964244755093e-02
7.210693359375000000e-01 6.980909577217953021e-02
7.211914062500000000e-01 6.981137918630132833e-02
7.213134765625000000e-01 6.981366528729839038e-02
7.214355468750000000e-01 6.981594867838540608e-02
7.215576171875000000e-01 6.981823475062992612e-02
7.216796875000000000e-01 6.982051811865389035e-02
7.218017578125000000e-01 6.982280416212509333e-02
7.219238281250000000e-01 6.982508750705394840e-02
7.220458984375000000e-01 6.982737352174477052e-02
7.221679687500000000e-01 6.982965684354365543e-02
7.222900390625000000e-01 6.983194282944023279e-02
7.224121093750000000e-01 6.983422612807142771e-02
7.225341796875000000e-01 6.983651208515660735e-02
7.226562500000000000e-01 6.983879536059162119e-02
7.227783203125000000e-01 6.984108128885102573e-02
7.229003906250000000e-01 6.984336454105544156e-02
7.230224609375000000e-01 6.984565044047956472e-02
7.231445312500000000e-01 6.984793366942118609e-02
7.232666015625000000e-01 6.985021953998868383e-02
7.233886718750000000e-01 6.985250274563475914e-02
7.235107421875000000e-01 6.985478858733892848e-02
7.236328125000000000e-01 6.985707176965670617e-02
7.237548828125000000e-01 6.985935758247392713e-02
7.238769531250000000e-01 6.986164074143075275e-02
7.239990234375000000e-01 6.986392652535058923e-02
7.241210937500000000e-01 6.986620966091805496e-02
7.242431640625000000e-01 6.986849541592610180e-02
7.243652343750000000e-01 6.987077852806655720e-02
7.244873046875000000e-01 6.987306425415078237e-02
7.246093750000000000e-01 6.987534734282757620e-02
7.247314453125000000e-01 6.987763303997401865e-02
7.248535156250000000e-01 6.987991610515974228e-02
7.249755859375000000e-01 6.988220177335202621e-02
7.250976562500000000e-01 6.988448481501197129e-02
7.252197265625000000e-01 6.988677045423127843e-02
7.253417968750000000e-01 6.988905347233601018e-02
7.254638671875000000e-01 6.989133908257388894e-02
7.255859375000000000e-01 6.989362207708926800e-02
7.257080078125000000e-01 6.989590765832386088e-02
7.258300781250000000e-01 6.989819062922217330e-02
7.259521484375000000e-01 6.990047618144057395e-02
7.260742187500000000e-01 6.990275912868522401e-02
7.261962890625000000e-01 6.990504465187492855e-02
7.263183593750000000e-01 6.990732757543369202e-02
7.264404296875000000e-01 6.990961306957950427e-02
7.265625000000000000e-01 6.991189596941987938e-02
7.266845703125000000e-01 6.991418143450381373e-02
7.268066406250000000e-01 6.991646431059751754e-02
7.269287109375000000e-01 6.991874974660579334e-02
7.270507812500000000e-01 6.992103259891824241e-02
7.271728515625000000e-01 6.992331800583502510e-02
7.272949218750000000e-01 6.992560083433257967e-02
7.274169921875000000e-01 6.992788621214349187e-02
7.275390625000000000e-01 6.993016901679666164e-02
7.276611328125000000e-01 6.993245436548807537e-02
7.277832031250000000e-01 6.993473714626252669e-02
7.279052734375000000e-01 6.993702246581770532e-02
7.280273437500000000e-01 6.993930522268133887e-02
7.281494140625000000e-01 6.994159051308551645e-02
7.282714843750000000e-01 6.994387324600738476e-02
7.283935546875000000e-01 6.994615850724845985e-02
7.285156250000000000e-01 6.994844121619393784e-02
7.286376953125000000e-01 6.995072644825052477e-02
7.287597656250000000e-01 6.995300913319409120e-02
7.288818359375000000e-01 6.995529433605054970e-02
7.290039062500000000e-01 6.995757699695721865e-02
7.291259765625000000e-01 6.995986217060190526e-02
7.292480468750000000e-01 6.996214480743648267e-02
7.293701171875000000e-01 6.996442995185229996e-02
7.294921875000000000e-01 6.996671256459020827e-02
7.296142578125000000e-01 6.996899767975819917e-02
7.297363281250000000e-01 6.997128026836421655e-02
7.298583984375000000e-01 6.997356535427368129e-02
7.299804687500000000e-01 6.997584791871537535e-02
7.301025390625000000e-01 6.997813297534852262e-02
7.302246093750000000e-01 6.998041551559656959e-02
7.303466796875000000e-01 6.998270054293423414e-02
7.304687500000000000e-01 6.998498305895538285e-02
7.305908203125000000e-01 6.998726805698825271e-02
7.307128906250000000e-01 6.998955054875077852e-02
7.308349609375000000e-01 6.999183551745954968e-02
7.309570312500000000e-01 6.999411798493296311e-02
7.310791015625000000e-01 6.999640292430031607e-02
7.312011718750000000e-01 6.999868536745702807e-02
7.313232421875000000e-01 7.000097027746525480e-02
7.314453125000000000e-01 7.000325269626836433e-02
7.315673828125000000e-01 7.000553757690983203e-02
7.316894531250000000e-01 7.000781997132610179e-02
7.318115234375000000e-01 7.001010482257755130e-02
7.319335937500000000e-01 7.001238719258194576e-02
7.320556640625000000e-01 7.001467201442977684e-02
7.321777343750000000e-01 7.001695435999019668e-02
7.322998046875000000e-01 7.001923915241481389e-02
7.324218750000000000e-01 7.002152147349700873e-02
7.325439453125000000e-01 7.002380623648574165e-02
7.326660156250000000e-01 7.002608853306059589e-02
7.327880859375000000e-01 7.002837326659686057e-02
7.329101562500000000e-01 7.003065553863137283e-02
7.330322265625000000e-01 7.003294024270277640e-02
7.331542968750000000e-01 7.003522249016262691e-02
7.332763671875000000e-01 7.003750716474983762e-02
7.333984375000000000e-01 7.003978938760918593e-02
7.335205078125000000e-01 7.004207403269267773e-02
7.336425781250000000e-01 7.004435623092206131e-02
7.337646484375000000e-01 7.004664084648731803e-02
7.338867187500000000e-01 7.004892302005273630e-02
7.340087890625000000e-01 7.005120760608146702e-02
7.341308593750000000e-01 7.005348975495886976e-02
7.342529296875000000e-01 7.005577431143154843e-02
7.343750000000000000e-01 7.005805643558324358e-02
7.344970703125000000e-01 7.006034096249251497e-02
7.346191406250000000e-01 7.006262306188545952e-02
7.347412109375000000e-01 7.006490755921246372e-02
7.348632812500000000e-01 7.006718963381829146e-02
7.349853515625000000e-01 7.006947410154071298e-02
7.351074218750000000e-01 7.007175615133240387e-02
7.352294921875000000e-01 7.007404058943950131e-02
7.353515625000000000e-01 7.007632261438292987e-02
7.354736328125000000e-01 7.007860702284997301e-02
7.355957031250000000e-01 7.008088902291603750e-02
7.357177734375000000e-01 7.008317340173543519e-02
7.358398437500000000e-01 7.008545537688834481e-02
7.359619140625000000e-01 7.008773972604405433e-02
7.360839843750000000e-01 7.009002167625832946e-02
7.362060546875000000e-01 7.009230599572538467e-02
7.363281250000000000e-01 7.009458792097092439e-02
7.364501953125000000e-01 7.009687221073516994e-02
7.365722656250000000e-01 7.009915411098040228e-02
7.366943359375000000e-01 7.010143837102832121e-02
7.368164062500000000e-01 7.010372024624025866e-02
7.369384765625000000e-01 7.010600447655242207e-02
7.370605468750000000e-01 7.010828632670214333e-02
7.371826171875000000e-01 7.011057052726080152e-02
7.373046875000000000e-01 7.011285235232025959e-02
7.374267578125000000e-01 7.011513652311149314e-02
7.375488281250000000e-01 7.011741832304645150e-02
7.376708984375000000e-01 7.011970246404901352e-02
7.377929687500000000e-01 7.012198423883073128e-02
7.379150390625000000e-01 7.012426835003061909e-02
7.380371093750000000e-01 7.012655009962955044e-02
7.381591796875000000e-01 7.012883418100994415e-02
7.382812500000000000e-01 7.013111590539267137e-02
7.384033203125000000e-01 7.013339995693501638e-02
7.385253906250000000e-01 7.013568165607522720e-02
7.386474609375000000e-01 7.013796567776157953e-02
7.387695312500000000e-01 7.014024735162714685e-02
7.388916015625000000e-01 7.014253134344203278e-02
7.390136718750000000e-01 7.014481299200160669e-02
7.391357421875000000e-01 7.014709695392976063e-02
7.392578125000000000e-01 7.014937857715489167e-02
7.393798828125000000e-01 7.015166250917001523e-02
7.395019531250000000e-01 7.015394410703298944e-02
7.396240234375000000e-01 7.015622800912781065e-02
7.397460937500000000e-01 7.015850958159484951e-02
7.398681640625000000e-01 7.016079345374637288e-02
7.399902343750000000e-01 7.016307500078608483e-02
7.401123046875000000e-01 7.016535884297889214e-02
7.402343750000000000e-01 7.016764036456836495e-02
7.403564453125000000e-01 7.016992417678220850e-02
7.404785156250000000e-01 7.017220567288089128e-02
7.406005859375000000e-01 7.017448945510933178e-02
7.407226562500000000e-01 7.017677092568821995e-02
7.408447265625000000e-01 7.017905467790309937e-02
7.409667968750000000e-01 7.018133612294172319e-02
7.410888671875000000e-01 7.018361984512620777e-02
7.412109375000000000e-01 7.018590126458913725e-02
7.413330078125000000e-01 7.018818495672611568e-02
7.414550781250000000e-01 7.019046635058229233e-02
7.415771484375000000e-01 7.019275001265634639e-02
7.416992187500000000e-01 7.019503138087994365e-02
7.418212890625000000e-01 7.019731501287114483e-02
7.419433593750000000e-01 7.019959635542651066e-02
7.420654296875000000e-01 7.020187995732106445e-02
7.421875000000000000e-01 7.020416127418332985e-02
7.423095703125000000e-01 7.020644484595975343e-02
7.424316406250000000e-01 7.020872613709745746e-02
7.425537109375000000e-01 7.021100967873698806e-02
7.426757812500000000e-01 7.021329094412023797e-02
7.427978515625000000e-01 7.021557445561196764e-02
7.429199218750000000e-01 7.021785569520637427e-02
7.430419921875000000e-01 7.022013917652754345e-02
7.431640625000000000e-01 7.022242039031062477e-02
7.432861328125000000e-01 7.022470384143950084e-02
7.434082031250000000e-01 7.022698502938311271e-02
7.435302734375000000e-01 7.022926845030670606e-02
7.436523437500000000e-01 7.023154961237473848e-02
7.437744140625000000e-01 7.023383300307337040e-02
7.438964843750000000e-01 7.023611413923756819e-02
7.440185546875000000e-01 7.023839749969722213e-02
7.441406250000000000e-01 7.024067860992812273e-02
7.442626953125000000e-01 7.024296194012591421e-02
7.443847656250000000e-01 7.024524302439597023e-02
7.445068359375000000e-01 7.024752632431548183e-02
7.446289062500000000e-01 7.024980738259488378e-02
7.447509765625000000e-01 7.025209065221901805e-02
7.448730468750000000e-01 7.025437168447584702e-02
7.449951171875000000e-01 7.025665492378753429e-02
7.451171875000000000e-01 7.025893592999123138e-02
7.452392578125000000e-01 7.026121913897040439e-02
7.453613281250000000e-01 7.026350011909882065e-02
7.454833984375000000e-01 7.026578329772539822e-02
7.456054687500000000e-01 7.026806425173830195e-02
7.457275390625000000e-01 7.027034740000301372e-02
7.458496093750000000e-01 7.027262832787574409e-02
7.459716796875000000e-01 7.027491144574976589e-02
7.460937500000000000e-01 7.027719234745882781e-02
7.462158203125000000e-01 7.027947543492726878e-02
7.463378906250000000e-01 7.028175631043866167e-02
7.464599609375000000e-01 7.028403936748639502e-02
7.465820312500000000e-01 7.028632021676654851e-02
7.467041015625000000e-01 7.028860324337306287e-02
7.468261718750000000e-01 7.029088406639712183e-02
7.469482421875000000e-01 7.029316706254497282e-02
7.470703125000000000e-01 7.029544785928346085e-02
7.471923828125000000e-01 7.029773082495101300e-02
7.473144531250000000e-01 7.030001159537616062e-02
7.474365234375000000e-01 7.030229453054874511e-02
7.475585937500000000e-01 7.030457527462868894e-02
7.476806640625000000e-01 7.030685817928508663e-02
7.478027343750000000e-01 7.030913889699158537e-02
7.479248046875000000e-01 7.031142177111522618e-02
7.480468750000000000e-01 7.031370246241772093e-02
7.481689453125000000e-01 7.031598530599253438e-02
7.482910156250000000e-01 7.031826597086279773e-02
7.484130859375000000e-01 7.032054878386838348e-02
7.485351562500000000e-01 7.032282942227417732e-02
7.486572265625000000e-01 7.032511220469431223e-02
7.487792968750000000e-01 7.032739281660972674e-02
7.489013671875000000e-01 7.032967556842154022e-02
7.490234375000000000e-01 7.033195615381811205e-02
7.491455078125000000e-01 7.033423887500231397e-02
7.492675781250000000e-01 7.033651943385170469e-02
7.493896484375000000e-01 7.033880212439291846e-02
7.495117187500000000e-01 7.034108265666413895e-02
7.496337890625000000e-01 7.034336531654303282e-02
7.497558593750000000e-01 7.034564582220685647e-02
7.498779296875000000e-01 7.034792845140458439e-02
7.500000000000000000e-01 7.035020893043267276e-02
7.501220703125000000e-01 7.035249152893172098e-02
7.502441406250000000e-01 7.035477198129386212e-02
7.503662109375000000e-01 7.035705454907091594e-02
7.504882812500000000e-01 7.035933497474132492e-02
7.506103515625000000e-01 7.036161751178351964e-02
7.507324218750000000e-01 7.036389791073005551e-02
7.508544921875000000e-01 7.036618041701846182e-02
7.509765625000000000e-01 7.036846078921006609e-02
7.510986328125000000e-01 7.037074326472399222e-02
7.512207031250000000e-01 7.037302361013775265e-02
7.513427734375000000e-01 7.037530605485638191e-02
7.514648437500000000e-01 7.037758637346128165e-02
7.515869140625000000e-01 7.037986878736812724e-02
7.517089843750000000e-01 7.038214907912995755e-02
7.518310546875000000e-01 7.038443146220937918e-02
7.519531250000000000e-01 7.038671172710342372e-02
7.520751953125000000e-01 7.038899407933028873e-02
7.521972656250000000e-01 7.039127431733251117e-02
7.523193359375000000e-01 7.039355663868809843e-02
7.524414062500000000e-01 7.039583684976551126e-02
7.525634765625000000e-01 7.039811914023784423e-02
7.526855468750000000e-01 7.040039932435707137e-02
7.528076171875000000e-01 7.040268158392284925e-02
7.529296875000000000e-01 7.040496174106178340e-02
7.530517578125000000e-01 7.040724396969900989e-02
7.531738281250000000e-01 7.040952409982582927e-02
7.532958984375000000e-01 7.041180629752109843e-02
7.534179687500000000e-01 7.041408640060765889e-02
7.535400390625000000e-01 7.041636856733919647e-02
7.536621093750000000e-01 7.041864864335842245e-02
7.537841796875000000e-01 7.042093077910405174e-02
7.539062500000000000e-01 7.042321082802587007e-02
7.540283203125000000e-01 7.042549293277212963e-02
7.541503906250000000e-01 7.042777295456567610e-02
7.542724609375000000e-01 7.043005502829249864e-02
7.543945312500000000e-01 7.043233502293333448e-02
7.545166015625000000e-01 7.043461706561593427e-02
7.546386718750000000e-01 7.043689703307548511e-02
7.547607421875000000e-01 7.043917904469960967e-02
7.548828125000000000e-01 7.044145898494622027e-02
7.550048828125000000e-01 7.044374096549366193e-02
7.551269531250000000e-01 7.044602087849796690e-02
7.552490234375000000e-01 7.044830282795010168e-02
7.553710937500000000e-01 7.045058271368676017e-02
7.554931640625000000e-01 7.045286463201666516e-02
7.556152343750000000e-01 7.045514449045600647e-02
7.557373046875000000e-01 7.045742637765395333e-02
7.558593750000000000e-01 7.045970620876403079e-02
7.559814453125000000e-01 7.046198806480991061e-02
7.561035156250000000e-01 7.046426786856621605e-02
7.562255859375000000e-01 7.046654969343323083e-02
7.563476562500000000e-01 7.046882946980950746e-02
7.564697265625000000e-01 7.047111126348371002e-02
7.565917968750000000e-01 7.047339101244276538e-02
7.567138671875000000e-01 7.047567277490780768e-02
7.568359375000000000e-01 7.047795249642825610e-02
7.569580078125000000e-01 7.048023422765610502e-02
7.570800781250000000e-01 7.048251392170729046e-02
7.572021484375000000e-01 7.048479562168979973e-02
7.573242187500000000e-01 7.048707528823991431e-02
7.574462890625000000e-01 7.048935695695110470e-02
7.575683593750000000e-01 7.049163659598174647e-02
7.576904296875000000e-01 7.049391823339803964e-02
7.578125000000000000e-01 7.049619784487591578e-02
7.579345703125000000e-01 7.049847945098153268e-02
7.580566406250000000e-01 7.050075903487736106e-02
7.581787109375000000e-01 7.050304060965406627e-02
7.583007812500000000e-01 7.050532016593707985e-02
7.584228515625000000e-01 7.050760170936373750e-02
7.585449218750000000e-01 7.050988123801006646e-02
7.586669921875000000e-01 7.051216275006876033e-02
7.587890625000000000e-01 7.051444225104645802e-02
7.589111328125000000e-01 7.051672373171896657e-02
7.590332031250000000e-01 7.051900320500283093e-02
7.591552734375000000e-01 7.052128465426694970e-02
7.592773437500000000e-01 7.052356409982765695e-02
7.593994140625000000e-01 7.052584551766023779e-02
7.595214843750000000e-01 7.052812493546989359e-02
7.596435546875000000e-01 7.053040632185891834e-02
7.597656250000000000e-01 7.053268571188776870e-02
7.598876953125000000e-01 7.053496706681296191e-02
7.600097656250000000e-01 7.053724642902922670e-02
7.601318359375000000e-01 7.053952775246855045e-02
7.602539062500000000e-01 7.054180708685164891e-02
7.603759765625000000e-01 7.054408837878273220e-02
7.604980468750000000e-01 7.054636768530085644e-02
7.606201171875000000e-01 7.054864894570929412e-02
7.607421875000000000e-01 7.055092822432987298e-02
7.608642578125000000e-01 7.055320945319409898e-02
7.609863281250000000e-01 7.055548870389700966e-02
7.611083984375000000e-01 7.055776990119580483e-02
7.612304687500000000e-01 7.056004912394864270e-02
7.613525390625000000e-01 7.056233028966658882e-02
7.614746093750000000e-01 7.056460948443861458e-02
7.615966796875000000e-01 7.056689061854909406e-02
7.617187500000000000e-01 7.056916978532218332e-02
7.618408203125000000e-01 7.057145088780560072e-02
7.619628906250000000e-01 7.057373002654332428e-02
7.620849609375000000e-01 7.057601109738802225e-02
7.622070312500000000e-01 7.057829020806202780e-02
7.623291015625000000e-01 7.058057124723633724e-02
7.624511718750000000e-01 7.058285032982716811e-02
7.625732421875000000e-01 7.058513133731661449e-02
7.626953125000000000e-01 7.058741039178556553e-02
7.628173828125000000e-01 7.058969136758848351e-02
7.629394531250000000e-01 7.059197039390718853e-02
7.630615234375000000e-01 7.059425133795649288e-02
7.631835937500000000e-01 7.059653033612181550e-02
7.633056640625000000e-01 7.059881124844340217e-02
7.634277343750000000e-01 7.060109021840491050e-02
7.635498046875000000e-01 7.060337109895030439e-02
7.636718750000000000e-01 7.060565004066160499e-02
7.637939453125000000e-01 7.060793088945492568e-02
7.639160156250000000e-01 7.061020980291118909e-02
7.640380859375000000e-01 7.061249061988841835e-02
7.641601562500000000e-01 7.061476950506354044e-02
7.642822265625000000e-01 7.061705029021254909e-02
7.644042968750000000e-01 7.061932914707043374e-02
7.645263671875000000e-01 7.062160990038535147e-02
7.646484375000000000e-01 7.062388872890408564e-02
7.647705078125000000e-01 7.062616945035198046e-02
7.648925781250000000e-01 7.062844825050285102e-02
7.650146484375000000e-01 7.063072894006314217e-02
7.651367187500000000e-01 7.063300771181844906e-02
7.652587890625000000e-01 7.063528836947798040e-02
7.653808593750000000e-01 7.063756711281031497e-02
7.655029296875000000e-01 7.063984773854557753e-02
7.656250000000000000e-01 7.064212645342063390e-02
7.657470703125000000e-01 7.064440704721598741e-02
7.658691406250000000e-01 7.064668573360785575e-02
7.659912109375000000e-01 7.064896629543909734e-02
7.661132812500000000e-01 7.065124495332722465e-02
7.662353515625000000e-01 7.065352548317324621e-02
7.663574218750000000e-01 7.065580411252236903e-02
7.664794921875000000e-01 7.065808461036997279e-02
7.666015625000000000e-01 7.066036321114750607e-02
7.667236328125000000e-01 7.066264367697412674e-02
7.668457031250000000e-01 7.066492224916481879e-02
7.669677734375000000e-01 7.066720268294135465e-02
7.670898437500000000e-01 7.066948122651317554e-02
7.672119140625000000e-01 7.067176162822758068e-02
7.673339843750000000e-01 7.067404014315066541e-02
7.674560546875000000e-01 7.067632051277701610e-02
7.675781250000000000e-01 7.067859899902895204e-02
7.677001953125000000e-01 7.068087933655274602e-02
7.678222656250000000e-01 7.068315779409885258e-02
7.679443359375000000e-01 7.068543809949959233e-02
7.680664062500000000e-01 7.068771652831180863e-02
7.681884765625000000e-01 7.068999680156683174e-02
7.683105468750000000e-01 7.069227520162051082e-02
7.684326171875000000e-01 7.069455544271228964e-02
7.685546875000000000e-01 7.069683381398320088e-02
7.686767578125000000e-01 7.069911402288626967e-02
7.687988281250000000e-01 7.070139236534238314e-02
7.689208984375000000e-01 7.070367254203721585e-02
7.690429687500000000e-01 7.070595085565647975e-02
7.691650390625000000e-01 7.070823100012187112e-02
7.692871093750000000e-01 7.071050928487343512e-02
7.694091796875000000e-01 7.071278939709321754e-02
7.695312500000000000e-01 7.071506765294229002e-02
7.696533203125000000e-01 7.071734773289477249e-02
7.697753906250000000e-01 7.071962595982042576e-02
7.698974609375000000e-01 7.072190600748680389e-02
7.700195312500000000e-01 7.072418420546254525e-02
7.701416015625000000e-01 7.072646422082166928e-02
7.702636718750000000e-01 7.072874238981409489e-02
7.703857421875000000e-01 7.073102237284585592e-02
7.705078125000000000e-01 7.073330051283185926e-02
7.706298828125000000e-01 7.073558046351247075e-02
7.707519531250000000e-01 7.073785857446530934e-02
7.708740234375000000e-01 7.074013849277707711e-02
7.709960937500000000e-01 7.074241657466728839e-02
7.711181640625000000e-01 7.074469646058764716e-02
7.712402343750000000e-01 7.074697451338984866e-02
7.713623046875000000e-01 7.074925436689792624e-02
7.714843750000000000e-01 7.075153239058171173e-02
7.716064453125000000e-01 7.075381221166159029e-02
7.717285156250000000e-01 7.075609020620099443e-02
7.718505859375000000e-01 7.075836999482779111e-02
7.719726562500000000e-01 7.076064796019636283e-02
7.720947265625000000e-01 7.076292771635010748e-02
7.722167968750000000e-01 7.076520565251717687e-02
7.723388671875000000e-01 7.076748537617977286e-02
7.724609375000000000e-01 7.076976328311819497e-02
7.725830078125000000e-01 7.077204297426860358e-02
7.727050781250000000e-01 7.077432085194831912e-02
7.728271484375000000e-01 7.077660051056630652e-02
7.729492187500000000e-01 7.077887835896949642e-02
7.730712890625000000e-01 7.078115798502838951e-02
7.731933593750000000e-01 7.078343580412492508e-02
7.733154296875000000e-01 7.078571539760764031e-02
7.734375000000000000e-01 7.078799318736242463e-02
7.735595703125000000e-01 7.079027274825298865e-02
7.736816406250000000e-01 7.079255050864552423e-02
7.738037109375000000e-01 7.079483003691725007e-02
7.739257812500000000e-01 7.079710776791306448e-02
7.740478515625000000e-01 7.079938726354886858e-02
7.741699218750000000e-01 7.080166496512990681e-02
7.742919921875000000e-01 7.080394442810405975e-02
7.744140625000000000e-01 7.080622210023855556e-02
7.745361328125000000e-01 7.080850153053655505e-02
7.746582031250000000e-01 7.081077917319740511e-02
7.747802734375000000e-01 7.081305857079700505e-02
7.749023437500000000e-01 7.081533618395338681e-02
7.750244140625000000e-01 7.081761554883249377e-02
7.751464843750000000e-01 7.081989313246048190e-02
7.752685546875000000e-01 7.082217246460015270e-02
7.753906250000000000e-01 7.082445001867199164e-02
7.755126953125000000e-01 7.082672931804535887e-02
7.756347656250000000e-01 7.082900684253759516e-02
7.757568359375000000e-01 7.083128610912829692e-02
7.758789062500000000e-01 7.083356360400633323e-02
7.760009765625000000e-01 7.083584283779834068e-02
7.761230468750000000e-01 7.083812030303530960e-02
7.762451171875000000e-01 7.084039950400394803e-02
7.763671875000000000e-01 7.084267693957646550e-02
7.764892578125000000e-01 7.084495610769572793e-02
7.766113281250000000e-01 7.084723351357988252e-02
7.767333984375000000e-01 7.084951264883482258e-02
7.768554687500000000e-01 7.085179002499542023e-02
7.769775390625000000e-01 7.085406912736354201e-02
7.770996093750000000e-01 7.085634647377889173e-02
7.772216796875000000e-01 7.085862554323764384e-02
7.773437500000000000e-01 7.086090285987645121e-02
7.774658203125000000e-01 7.086318189641094278e-02
7.775878906250000000e-01 7.086545918324668736e-02
7.777099609375000000e-01 7.086773818683285431e-02
7.778320312500000000e-01 7.087001544384022300e-02
7.779541015625000000e-01 7.087229441445416778e-02
7.780761718750000000e-01 7.087457164160207435e-02
7.781982421875000000e-01 7.087685057922590848e-02
7.783203125000000000e-01 7.087912777649420237e-02
7.784423828125000000e-01 7.088140668110448628e-02
7.785644531250000000e-01 7.088368384846183146e-02
7.786865234375000000e-01 7.088596272003530596e-02
7.788085937500000000e-01 7.088823985745483502e-02
7.789306640625000000e-01 7.089051869597592925e-02
7.790527343750000000e-01 7.089279580343332832e-02
7.791748046875000000e-01 7.089507460887788104e-02
7.792968750000000000e-01 7.089735168634266060e-02
7.794189453125000000e-01 7.089963045868911962e-02
7.795410156250000000e-01 7.090190750613498127e-02
7.796630859375000000e-01 7.090418624536154457e-02
7.797851562500000000e-01 7.090646326276536793e-02
7.799072265625000000e-01 7.090874196885418868e-02
7.800292968750000000e-01 7.091101895617744899e-02
7.801513671875000000e-01 7.091329762911174894e-02
7.802734375000000000e-01 7.091557458633768185e-02
7.803955078125000000e-01 7.091785322608858133e-02
7.805175781250000000e-01 7.092013015318927860e-02
7.806396484375000000e-01 7.092240875973543357e-02
7.807617187500000000e-01 7.092468565667457703e-02
7.808837890625000000e-01 7.092696423000360850e-02
7.810058593750000000e-01 7.092924109676457256e-02
7.811279296875000000e-01 7.093151963684013461e-02
7.812500000000000000e-01 7.093379647340192218e-02
7.813720703125000000e-01 7.093607498021234359e-02
7.814941406250000000e-01 7.093835178651744511e-02
7.816162109375000000e-01 7.094063026007366157e-02
7.817382812500000000e-01 7.094290703609613946e-02
7.818603515625000000e-01 7.094518547634179328e-02
7.819824218750000000e-01 7.094746222209352693e-02
7.821044921875000000e-01 7.094974062898398715e-02
7.822265625000000000e-01 7.095201734443723485e-02
7.823486328125000000e-01 7.095429571797534640e-02
7.824707031250000000e-01 7.095657240307509661e-02
7.825927734375000000e-01 7.095885074325200548e-02
7.827148437500000000e-01 7.096112739798003666e-02
7.828369140625000000e-01 7.096340570475689891e-02
7.829589843750000000e-01 7.096568232908942453e-02
7.830810546875000000e-01 7.096796060245516569e-02
7.832031250000000000e-01 7.097023719635846273e-02
7.833251953125000000e-01 7.097251543629556902e-02
7.834472656250000000e-01 7.097479199973955044e-02
7.835693359375000000e-01 7.097707020621982221e-02
7.836914062500000000e-01 7.097934673919349680e-02
7.838134765625000000e-01 7.098162491219203729e-02
7.839355468750000000e-01 7.098390141465707459e-02
7.840576171875000000e-01 7.098617955415401082e-02
7.841796875000000000e-01 7.098845602609102357e-02
7.843017578125000000e-01 7.099073413206788419e-02
7.844238281250000000e-01 7.099301057344223342e-02
7.845458984375000000e-01 7.099528864588081079e-02
7.846679687500000000e-01 7.099756505666521278e-02
7.847900390625000000e-01 7.099984309553811213e-02
7.849121093750000000e-01 7.100211947571505311e-02
7.850341796875000000e-01 7.100439748100498272e-02
7.851562500000000000e-01 7.100667383053414772e-02
7.852783203125000000e-01 7.100895180222047132e-02
7.854003906250000000e-01 7.101122812108295879e-02
7.855224609375000000e-01 7.101350605913883673e-02
7.856445312500000000e-01 7.101578234731142913e-02
7.857666015625000000e-01 7.101806025171708558e-02
7.858886718750000000e-01 7.102033650916456109e-02
7.860107421875000000e-01 7.102261437990389781e-02
7.861328125000000000e-01 7.102489060660319153e-02
7.862548828125000000e-01 7.102716844365303261e-02
7.863769531250000000e-01 7.102944463957384935e-02
7.864990234375000000e-01 7.103172244291271198e-02
7.866210937500000000e-01 7.103399860803005783e-02
7.867431640625000000e-01 7.103627637763675062e-02
7.868652343750000000e-01 7.103855251192608966e-02
7.869873046875000000e-01 7.104083024777177457e-02
7.871093750000000000e-01 7.104310635120410222e-02
7.872314453125000000e-01 7.104538405327771866e-02
7.873535156250000000e-01 7.104766012582566792e-02
7.874755859375000000e-01 7.104993779409798926e-02
7.875976562500000000e-01 7.105221383573667726e-02
7.877197265625000000e-01 7.105449147018866318e-02
7.878417968750000000e-01 7.105676748089134742e-02
7.879638671875000000e-01 7.105904508150379106e-02
7.880859375000000000e-01 7.106132106124389558e-02
7.882080078125000000e-01 7.106359862799077609e-02
7.883300781250000000e-01 7.106587457674139185e-02
7.884521484375000000e-01 7.106815210960547302e-02
7.885742187500000000e-01 7.107042802733720688e-02
7.886962890625000000e-01 7.107270552629529892e-02
7.888183593750000000e-01 7.107498141298357330e-02
7.889404296875000000e-01 7.107725887801459586e-02
7.890625000000000000e-01 7.107953473363012864e-02
7.891845703125000000e-01 7.108181216471312625e-02
7.893066406250000000e-01 7.108408798923179783e-02
7.894287109375000000e-01 7.108636538634177660e-02
7.895507812500000000e-01 7.108864117973823227e-02
7.896728515625000000e-01 7.109091854285463918e-02
7.897949218750000000e-01 7.109319430510080418e-02
7.899169921875000000e-01 7.109547163420591731e-02
7.900390625000000000e-01 7.109774736526888739e-02
7.901611328125000000e-01 7.110002466033930879e-02
7.902832031250000000e-01 7.110230036019904443e-02
7.904052734375000000e-01 7.110457762121055736e-02
7.905273437500000000e-01 7.110685328984117648e-02
7.906494140625000000e-01 7.110913051677307528e-02
7.907714843750000000e-01 7.111140615414419941e-02
7.908935546875000000e-01 7.111368334697773519e-02
7.910156250000000000e-01 7.111595895306324633e-02
7.911376953125000000e-01 7.111823611177681137e-02
7.912597656250000000e-01 7.112051168654652533e-02
7.913818359375000000e-01 7.112278881111741557e-02
7.915039062500000000e-01 7.112506435455194509e-02
7.916259765625000000e-01 7.112734144495584665e-02
7.917480468750000000e-01 7.112961695702307852e-02
7.918701171875000000e-01 7.113189401323896655e-02
7.919921875000000000e-01 7.113416949391782040e-02
7.921142578125000000e-01 7.113644651592196388e-02
7.922363281250000000e-01 7.113872196518061797e-02
7.923583984375000000e-01 7.114099895295766807e-02
7.924804687500000000e-01 7.114327437077118399e-02
7.926025390625000000e-01 7.114555132429603579e-02
7.927246093750000000e-01 7.114782671063721309e-02
7.928466796875000000e-01 7.115010362988942461e-02
7.929687500000000000e-01 7.115237898473041056e-02
7.930908203125000000e-01 7.115465586968719447e-02
7.932128906250000000e-01 7.115693119300291192e-02
7.933349609375000000e-01 7.115920804363763674e-02
7.934570312500000000e-01 7.116148333540421589e-02
7.935791015625000000e-01 7.116376015169997848e-02
7.937011718750000000e-01 7.116603541189008009e-02
7.938232421875000000e-01 7.116831219382505069e-02
7.939453125000000000e-01 7.117058742240675584e-02
7.940673828125000000e-01 7.117286416996079779e-02
7.941894531250000000e-01 7.117513936690922360e-02
7.943115234375000000e-01 7.117741608005902221e-02
7.944335937500000000e-01 7.117969124534906378e-02
7.945556640625000000e-01 7.118196792407349704e-02
7.946777343750000000e-01 7.118424305767570570e-02
7.947998046875000000e-01 7.118651970195069567e-02
7.949218750000000000e-01 7.118879480384257552e-02
7.950439453125000000e-01 7.119107141364999780e-02
7.951660156250000000e-01 7.119334648380065689e-02
7.952880859375000000e-01 7.119562305912113809e-02
7.954101562500000000e-01 7.119789809750293186e-02
7.955322265625000000e-01 7.120017463830299875e-02
7.956542968750000000e-01 7.120244964490513029e-02
7.957763671875000000e-01 7.120472615116404946e-02
7.958984375000000000e-01 7.120700112594276210e-02
7.960205078125000000e-01 7.120927759765133258e-02
7.961425781250000000e-01 7.121155254058120221e-02
7.962646484375000000e-01 7.121382897770728304e-02
7.963867187500000000e-01 7.121610388877011588e-02
7.965087890625000000e-01 7.121838029129404224e-02
7.966308593750000000e-01 7.122065517045911287e-02
7.967529296875000000e-01 7.122293153836226076e-02
7.968750000000000000e-01 7.122520638559821926e-02
7.969970703125000000e-01 7.122748271885659399e-02
7.971191406250000000e-01 7.122975753414431677e-02
7.972412109375000000e-01 7.123203383273314648e-02
7.973632812500000000e-01 7.123430861604196362e-02
7.974853515625000000e-01 7.123658487994269373e-02
7.976074218750000000e-01 7.123885963124546028e-02
7.977294921875000000e-01 7.124113586043633040e-02
7.978515625000000000e-01 7.124341057970814961e-02
7.979736328125000000e-01 7.124568677416574791e-02
7.980957031250000000e-01 7.124796146138240305e-02
7.982177734375000000e-01 7.125023762108227687e-02
7.983398437500000000e-01 7.125251227621726136e-02
7.984619140625000000e-01 7.125478840113869117e-02
7.985839843750000000e-01 7.125706302416209836e-02
7.987060546875000000e-01 7.125933911428602996e-02
7.988281250000000000e-01 7.126161370516931326e-02
7.989501953125000000e-01 7.126388976047387525e-02
7.990722656250000000e-01 7.126616431919591266e-02
7.991943359375000000e-01 7.126844033965437641e-02
7.993164062500000000e-01 7.127071486618585805e-02
7.994384765625000000e-01 7.127299085178132043e-02
7.995605468750000000e-01 7.127526534609382458e-02
7.996826171875000000e-01 7.127754129680476114e-02
7.998046875000000000e-01 7.127981575887483434e-02
7.999267578125000000e-01 7.128209167467244867e-02
8.000488281250000000e-01 7.128436610447586030e-02
8.001708984375000000e-01 7.128664198534215291e-02
8.002929687500000000e-01 7.128891638284653998e-02
8.004150390625000000e-01 7.129119222876123541e-02
8.005371093750000000e-01 7.129346659394197872e-02
8.006591796875000000e-01 7.129574240488095738e-02
8.007812500000000000e-01 7.129801673771565818e-02
8.009033203125000000e-01 7.130029251365929688e-02
8.010253906250000000e-01 7.130256681411331621e-02
8.011474609375000000e-01 7.130484255503596880e-02
8.012695312500000000e-01 7.130711682309137656e-02
8.013916015625000000e-01 7.130939252896939529e-02
8.015136718750000000e-01 7.131166676459954612e-02
8.016357421875000000e-01 7.131394243541241962e-02
8.017578125000000000e-01 7.131621663858558891e-02
8.018798828125000000e-01 7.131849227431497074e-02
8.020019531250000000e-01 7.132076644500498497e-02
8.021240234375000000e-01 7.132304204562586736e-02
8.022460937500000000e-01 7.132531618380993921e-02
8.023681640625000000e-01 7.132759174929939605e-02
8.024902343750000000e-01 7.132986585494924259e-02
8.026123046875000000e-01 7.133214138528835846e-02
8.027343750000000000e-01 7.133441545837332365e-02
8.028564453125000000e-01 7.133669095353747935e-02
8.029785156250000000e-01 7.133896499404207558e-02
8.031005859375000000e-01 7.134124045400633274e-02
8.032226562500000000e-01 7.134351446189342305e-02
8.033447265625000000e-01 7.134578988664030952e-02
8.034667968750000000e-01 7.134806386188678740e-02
8.035888671875000000e-01 7.135033925139394606e-02
8.037109375000000000e-01 7.135261319397737112e-02
8.038330078125000000e-01 7.135488854821636640e-02
8.039550781250000000e-01 7.135716245810772018e-02
8.040771484375000000e-01 7.135943777705922031e-02
8.041992187500000000e-01 7.136171165423009499e-02
8.043212890625000000e-01 7.136398693787926462e-02
8.044433593750000000e-01 7.136626078230257075e-02
8.045654296875000000e-01 7.136853603062069673e-02
8.046875000000000000e-01 7.137080984227286984e-02
8.048095703125000000e-01 7.137308505523841384e-02
8.049316406250000000e-01 7.137535883409118487e-02
8.050537109375000000e-01 7.137763401168178978e-02
8.051757812500000000e-01 7.137990775771116403e-02
8.052978515625000000e-01 7.138218289990500010e-02
8.054199218750000000e-01 7.138445661308245871e-02
8.055419921875000000e-01 7.138673171985462917e-02
8.056640625000000000e-01 7.138900540015583052e-02
8.057861328125000000e-01 7.139128047148682321e-02
8.059082031250000000e-01 7.139355411888455294e-02
8.060302734375000000e-01 7.139582915475353730e-02
8.061523437500000000e-01 7.139810276921648713e-02
8.062744140625000000e-01 7.140037776960063420e-02
8.063964843750000000e-01 7.140265135111040218e-02
8.065185546875000000e-01 7.140492631598469031e-02
8.066406250000000000e-01 7.140719986451141144e-02
8.067626953125000000e-01 7.140947479385517660e-02
8.068847656250000000e-01 7.141174830937307982e-02
8.070068359375000000e-01 7.141402320315960728e-02
8.071289062500000000e-01 7.141629668564282440e-02
8.072509765625000000e-01 7.141857154385750084e-02
8.073730468750000000e-01 7.142084499327677749e-02
8.074951171875000000e-01 7.142311981589327674e-02
8.076171875000000000e-01 7.142539323222441006e-02
8.077392578125000000e-01 7.142766801921884845e-02
8.078613281250000000e-01 7.142994140243916212e-02
8.079833984375000000e-01 7.143221615378780864e-02
8.081054687500000000e-01 7.143448950386804830e-02
8.082275390625000000e-01 7.143676421955516553e-02
8.083496093750000000e-01 7.143903753646410615e-02
8.084716796875000000e-01 7.144131221646324303e-02
8.085937500000000000e-01 7.144358550017790299e-02
8.087158203125000000e-01 7.144586014446928368e-02
8.088378906250000000e-01 7.144813339496694504e-02
8.089599609375000000e-01 7.145040800352445154e-02
8.090820312500000000e-01 7.145268122077533257e-02
8.092041015625000000e-01 7.145495579357802329e-02
8.093261718750000000e-01 7.145722897755651948e-02
8.094482421875000000e-01 7.145950351458241201e-02
8.095703125000000000e-01 7.146177666526112859e-02
8.096923828125000000e-01 7.146405116648606171e-02
8.098144531250000000e-01 7.146632428383792313e-02
8.099365234375000000e-01 7.146859874924410549e-02
8.100585937500000000e-01 7.147087183324560278e-02
8.101806640625000000e-01 7.147314626280715233e-02
8.103027343750000000e-01 7.147541931343268096e-02
8.104248046875000000e-01 7.147769370712360459e-02
8.105468750000000000e-01 7.147996672434782373e-02
8.106689453125000000e-01 7.148224108214963624e-02
8.107910156250000000e-01 7.148451406594007185e-02
8.109130859375000000e-01 7.148678838783223410e-02
8.110351562500000000e-01 7.148906133816881892e-02
8.111572265625000000e-01 7.149133562412210430e-02
8.112792968750000000e-01 7.149360854097881746e-02
8.114013671875000000e-01 7.149588279097648935e-02
8.115234375000000000e-01 7.149815567432060703e-02
8.116455078125000000e-01 7.150042988833919810e-02
8.117675781250000000e-01 7.150270273814773869e-02
8.118896484375000000e-01 7.150497691616572449e-02
8.120117187500000000e-01 7.150724973241628923e-02
8.121337890625000000e-01 7.150952387441086855e-02
8.122558593750000000e-01 7.151179665707127486e-02
8.123779296875000000e-01 7.151407076301660726e-02
8.125000000000000000e-01 7.151634351206397067e-02
8.126220703125000000e-01 7.151861758193642227e-02
8.127441406250000000e-01 7.152089029734501335e-02
8.128662109375000000e-01 7.152316433112920757e-02
8.129882812500000000e-01 7.152543701287056299e-02
8.131103515625000000e-01 7.152771101054089531e-02
8.132324218750000000e-01 7.152998365858917462e-02
8.133544921875000000e-01 7.153225762011920785e-02
8.134765625000000000e-01 7.153453023445129066e-02
8.135986328125000000e-01 7.153680415982494045e-02
8.137207031250000000e-01 7.153907674040829723e-02
8.138427734375000000e-01 7.154135062959672553e-02
8.139648437500000000e-01 7.154362317640927671e-02
8.140869140625000000e-01 7.154589702939578855e-02
8.142089843750000000e-01 7.154816954241274840e-02
8.143310546875000000e-01 7.155044335916639631e-02
8.144531250000000000e-01 7.155271583836353422e-02
8.145751953125000000e-01 7.155498961886511133e-02
8.146972656250000000e-01 7.155726206421191005e-02
8.148193359375000000e-01 7.155953580844467976e-02
8.149414062500000000e-01 7.156180821991356411e-02
8.150634765625000000e-01 7.156408192784960431e-02
8.151855468750000000e-01 7.156635430541709308e-02
8.153076171875000000e-01 7.156862797703131274e-02
8.154296875000000000e-01 7.157090032067449370e-02
8.155517578125000000e-01 7.157317395595041987e-02
8.156738281250000000e-01 7.157544626563630552e-02
8.157958984375000000e-01 7.157771986454876390e-02
8.159179687500000000e-01 7.157999214025406731e-02
8.160400390625000000e-01 7.158226570278050649e-02
8.161621093750000000e-01 7.158453794447754148e-02
8.162841796875000000e-01 7.158681147059683947e-02
8.164062500000000000e-01 7.158908367826059826e-02
8.165283203125000000e-01 7.159135716794737259e-02
8.166503906250000000e-01 7.159362934155298619e-02
8.167724609375000000e-01 7.159590279478440789e-02
8.168945312500000000e-01 7.159817493430591095e-02
8.170166015625000000e-01 7.160044835106073313e-02
8.171386718750000000e-01 7.160272045647095296e-02
8.172607421875000000e-01 7.160499383672408458e-02
8.173828125000000000e-01 7.160726590799931790e-02
8.175048828125000000e-01 7.160953925173055290e-02
8.176269531250000000e-01 7.161181128883739588e-02
8.177490234375000000e-01 7.161408459602874865e-02
8.178710937500000000e-01 7.161635659894394212e-02
8.179931640625000000e-01 7.161862986956427091e-02
8.181152343750000000e-01 7.162090183826684553e-02
8.182373046875000000e-01 7.162317507229506997e-02
8.183593750000000000e-01 7.162544700675674281e-02
8.184814453125000000e-01 7.162772020417271235e-02
8.186035156250000000e-01 7.162999210436635233e-02
8.187255859375000000e-01 7.163226526514300530e-02
8.188476562500000000e-01 7.163453713104236953e-02
8.189697265625000000e-01 7.163681025516316359e-02
8.190917968750000000e-01 7.163908208673845646e-02
8.192138671875000000e-01 7.164135517418102062e-02
8.193359375000000000e-01 7.164362697140960745e-02
8.194580078125000000e-01 7.164590002214288322e-02
8.195800781250000000e-01 7.164817178500472450e-02
8.197021484375000000e-01 7.165044479900833929e-02
8.198242187500000000e-01 7.165271652747193243e-02
8.199462890625000000e-01 7.165498950472934392e-02
8.200683593750000000e-01 7.165726119876178468e-02
8.201904296875000000e-01 7.165953413924742998e-02
8.203125000000000000e-01 7.166180579883445201e-02
8.204345703125000000e-01 7.166407870251947920e-02
8.205566406250000000e-01 7.166635032762641577e-02
8.206787109375000000e-01 7.166862319449905649e-02
8.208007812500000000e-01 7.167089478509944267e-02
8.209228515625000000e-01 7.167316761512804169e-02
8.210449218750000000e-01 7.167543917120239305e-02
8.211669921875000000e-01 7.167771196436822922e-02
8.212890625000000000e-01 7.167998348588607016e-02
8.214111328125000000e-01 7.168225624216358061e-02
8.215332031250000000e-01 7.168452772910088866e-02
8.216552734375000000e-01 7.168680044846670318e-02
8.217773437500000000e-01 7.168907190080106573e-02
8.218994140625000000e-01 7.169134458323436765e-02
8.220214843750000000e-01 7.169361600092952203e-02
8.221435546875000000e-01 7.169588864640874526e-02
8.222656250000000000e-01 7.169816002944455480e-02
8.223876953125000000e-01 7.170043263794620425e-02
8.225097656250000000e-01 7.170270398629749464e-02
8.226318359375000000e-01 7.170497655779597967e-02
8.227539062500000000e-01 7.170724787143589740e-02
8.228759765625000000e-01 7.170952040591159482e-02
8.229980468750000000e-01 7.171179168481144062e-02
8.231201171875000000e-01 7.171406418223894019e-02
8.232421875000000000e-01 7.171633542637560754e-02
8.233642578125000000e-01 7.171860788673581344e-02
8.234863281250000000e-01 7.172087909608269862e-02
8.236083984375000000e-01 7.172315151934707811e-02
8.237304687500000000e-01 7.172542269387795211e-02
8.238525390625000000e-01 7.172769508002733996e-02
8.239746093750000000e-01 7.172996621971687581e-02
8.240966796875000000e-01 7.173223856872676385e-02
8.242187500000000000e-01 7.173450967354380592e-02
8.243408203125000000e-01 7.173678198539434892e-02
8.244628906250000000e-01 7.173905305532235488e-02
8.245849609375000000e-01 7.174132532998440948e-02
8.247070312500000000e-01 7.174359636499023918e-02
8.248291015625000000e-01 7.174586860244695774e-02
8.249511718750000000e-01 7.174813960250707445e-02
8.250732421875000000e-01 7.175041180273344921e-02
8.251953125000000000e-01 7.175268276781957000e-02
8.253173828125000000e-01 7.175495493079014908e-02
8.254394531250000000e-01 7.175722586087764088e-02
8.255615234375000000e-01 7.175949798657603462e-02
8.256835937500000000e-01 7.176176888163876555e-02
8.258056640625000000e-01 7.176404097003830085e-02
8.259277343750000000e-01 7.176631183004908432e-02
8.260498046875000000e-01 7.176858388112558607e-02
8.261718750000000000e-01 7.177085470605998330e-02
8.262939453125000000e-01 7.177312671978750003e-02
8.264160156250000000e-01 7.177539750962283471e-02
8.265380859375000000e-01 7.177766948598371388e-02
8.266601562500000000e-01 7.177994024068676260e-02
8.267822265625000000e-01 7.178221217965692624e-02
8.269042968750000000e-01 7.178448289920516534e-02
8.270263671875000000e-01 7.178675480075893955e-02
8.271484375000000000e-01 7.178902548513133031e-02
8.272705078125000000e-01 7.179129734924727391e-02
8.273925781250000000e-01 7.179356799841005166e-02
8.275146484375000000e-01 7.179583982506582140e-02
8.276367187500000000e-01 7.179811043899637923e-02
8.277587890625000000e-01 7.180038222816695348e-02
8.278808593750000000e-01 7.180265280684254570e-02
8.280029296875000000e-01 7.180492455850623346e-02
8.281250000000000000e-01 7.180719510189514931e-02
8.282470703125000000e-01 7.180946681603023185e-02
8.283691406250000000e-01 7.181173732411032240e-02
8.284912109375000000e-01 7.181400900068996007e-02
8.286132812500000000e-01 7.181627947343560692e-02
8.287353515625000000e-01 7.181855111243830303e-02
8.288574218750000000e-01 7.182082154981614397e-02
8.289794921875000000e-01 7.182309315122530069e-02
8.291015625000000000e-01 7.182536355321264554e-02
8.292236328125000000e-01 7.182763511699991055e-02
8.293457031250000000e-01 7.182990548357555405e-02
8.294677734375000000e-01 7.183217700971974984e-02
8.295898437500000000e-01 7.183444734084866445e-02
8.297119140625000000e-01 7.183671882932275710e-02
8.298339843750000000e-01 7.183898912498942746e-02
8.299560546875000000e-01 7.184126057577142066e-02
8.300781250000000000e-01 7.184353083594646749e-02
8.302001953125000000e-01 7.184580224901296330e-02
8.303222656250000000e-01 7.184807247366908900e-02
8.304443359375000000e-01 7.185034384899802173e-02
8.305664062500000000e-01 7.185261403811303571e-02
8.306884765625000000e-01 7.185488537568050782e-02
8.308105468750000000e-01 7.185715552921841109e-02
8.309326171875000000e-01 7.185942682900961498e-02
8.310546875000000000e-01 7.186169694694864718e-02
8.311767578125000000e-01 7.186396820893206638e-02
8.312988281250000000e-01 7.186623829124927365e-02
8.314208984375000000e-01 7.186850951540013632e-02
8.315429687500000000e-01 7.187077956207263418e-02
8.316650390625000000e-01 7.187305074837070651e-02
8.317871093750000000e-01 7.187532075936850506e-02
8.319091796875000000e-01 7.187759190778637841e-02
8.320312500000000000e-01 7.187986188308620461e-02
8.321533203125000000e-01 7.188213299360680930e-02
8.322753906250000000e-01 7.188440293317657770e-02
8.323974609375000000e-01 7.188667400577641864e-02
8.325195312500000000e-01 7.188894390959571501e-02
8.326416015625000000e-01 7.189121494424416392e-02
8.327636718750000000e-01 7.189348481228673149e-02
8.328857421875000000e-01 7.189575580896784279e-02
8.330078125000000000e-01 7.189802564120650885e-02
8.331298828125000000e-01 7.190029659989743971e-02
8.332519531250000000e-01 7.190256639630300539e-02
8.333740234375000000e-01 7.190483731697787373e-02
8.334960937500000000e-01 7.190710707752825948e-02
8.336181640625000000e-01 7.190937796016515227e-02
8.337402343750000000e-01 7.191164768483421232e-02
8.338623046875000000e-01 7.191391852940692830e-02
8.339843750000000000e-01 7.191618821817022389e-02
8.341064453125000000e-01 7.191845902465711371e-02
8.342285156250000000e-01 7.192072867748548759e-02
8.343505859375000000e-01 7.192299944586746929e-02
8.344726562500000000e-01 7.192526906273390142e-02
8.345947265625000000e-01 7.192753979298394107e-02
8.347167968750000000e-01 7.192980937386453388e-02
8.348388671875000000e-01 7.193208006595866455e-02
8.349609375000000000e-01 7.193434961082861845e-02
8.350830078125000000e-01 7.193662026474505200e-02
8.352050781250000000e-01 7.193888977357652814e-02
8.353271484375000000e-01 7.194116038929161683e-02
8.354492187500000000e-01 7.194342986206070378e-02
8.355712890625000000e-01 7.194570043954967575e-02
8.356933593750000000e-01 7.194796987623026940e-02
8.358154296875000000e-01 7.195024041547298799e-02
8.359375000000000000e-01 7.195250981603643070e-02
8.360595703125000000e-01 7.195478031701206534e-02
8.361816406250000000e-01 7.195704968143057378e-02
8.363037109375000000e-01 7.195932014411002275e-02
8.364257812500000000e-01 7.196158947236228065e-02
8.365478515625000000e-01 7.196385989672608730e-02
8.366699218750000000e-01 7.196612918878528276e-02
8.367919921875000000e-01 7.196839957480719030e-02
8.369140625000000000e-01 7.197066883064705267e-02
8.370361328125000000e-01 7.197293917830513421e-02
8.371582031250000000e-01 7.197520839789760261e-02
8.372802734375000000e-01 7.197747870716930674e-02
8.374023437500000000e-01 7.197974789049267630e-02
8.375244140625000000e-01 7.198201816135213482e-02
8.376464843750000000e-01 7.198428730837759526e-02
8.377685546875000000e-01 7.198655754080469926e-02
8.378906250000000000e-01 7.198882665150772853e-02
8.380126953125000000e-01 7.199109684547580490e-02
8.381347656250000000e-01 7.199336591982957723e-02
8.382568359375000000e-01 7.199563607532076526e-02
8.383789062500000000e-01 7.199790511329959286e-02
8.385009765625000000e-01 7.200017523028418021e-02
8.386230468750000000e-01 7.200244423186227816e-02
8.387451171875000000e-01 7.200471431031960079e-02
8.388671875000000000e-01 7.200698327547339073e-02
8.389892578125000000e-01 7.200925331537849639e-02
8.391113281250000000e-01 7.201152224407997293e-02
8.392333984375000000e-01 7.201379224541412660e-02
8.393554687500000000e-01 7.201606113763464601e-02
8.394775390625000000e-01 7.201833110036859331e-02
8.395996093750000000e-01 7.202059995608844911e-02
8.397216796875000000e-01 7.202286988019912517e-02
8.398437500000000000e-01 7.202513869938989566e-02
8.399658203125000000e-01 7.202740858485905118e-02
8.400878906250000000e-01 7.202967736748988603e-02
8.402099609375000000e-01 7.203194721429176384e-02
8.403320312500000000e-01 7.203421596034084717e-02
8.404541015625000000e-01 7.203648576845353424e-02
8.405761718750000000e-01 7.203875447789812037e-02
8.406982421875000000e-01 7.204102424729387499e-02
8.408203125000000000e-01 7.204329292010469565e-02
8.409423828125000000e-01 7.204556265076131338e-02
8.410644531250000000e-01 7.204783128691222283e-02
8.411865234375000000e-01 7.205010097881150988e-02
8.413085937500000000e-01 7.205236957827607092e-02
8.414306640625000000e-01 7.205463923138891169e-02
8.415527343750000000e-01 7.205690779414103408e-02
8.416748046875000000e-01 7.205917740844780539e-02
8.417968750000000000e-01 7.206144593446053848e-02
8.419189453125000000e-01 7.206371550993964648e-02
8.420410156250000000e-01 7.206598399919002251e-02
8.421630859375000000e-01 7.206825353580981197e-02
8.422851562500000000e-01 7.207052198827218481e-02
8.424072265625000000e-01 7.207279148601639096e-02
8.425292968750000000e-01 7.207505990166321319e-02
8.426513671875000000e-01 7.207732936050549599e-02
8.427734375000000000e-01 7.207959773931504888e-02
8.428955078125000000e-01 7.208186715922698662e-02
8.430175781250000000e-01 7.208413550116882229e-02
8.431396484375000000e-01 7.208640488213678699e-02
8.432617187500000000e-01 7.208867318718345518e-02
8.433837890625000000e-01 7.209094252917971901e-02
8.435058593750000000e-01 7.209321079731141613e-02
8.436279296875000000e-01 7.209548010031138765e-02
8.437500000000000000e-01 7.209774833149940054e-02
8.438720703125000000e-01 7.210001759547973732e-02
8.439941406250000000e-01 7.210228578969363200e-02
8.441162109375000000e-01 7.210455501463525207e-02
8.442382812500000000e-01 7.210682317185765355e-02
8.443603515625000000e-01 7.210909235772783310e-02
8.444824218750000000e-01 7.211136047792693349e-02
8.446044921875000000e-01 7.211362962471171145e-02
8.447265625000000000e-01 7.211589770786228093e-02
8.448486328125000000e-01 7.211816681553398500e-02
8.449707031250000000e-01 7.212043486161190398e-02
8.450927734375000000e-01 7.212270393014588721e-02
8.452148437500000000e-01 7.212497193912625892e-02
8.453369140625000000e-01 7.212724096849973399e-02
8.454589843750000000e-01 7.212950894035186078e-02
8.455810546875000000e-01 7.213177793054478815e-02
8.457031250000000000e-01 7.213404586524660433e-02
8.458251953125000000e-01 7.213631481623002106e-02
8.459472656250000000e-01 7.213858271375489517e-02
8.460693359375000000e-01 7.214085162550992747e-02
8.461914062500000000e-01 7.214311948583303213e-02
8.463134765625000000e-01 7.214538835833494979e-02
8.464355468750000000e-01 7.214765618142769676e-02
8.465576171875000000e-01 7.214992501465228303e-02
8.466796875000000000e-01 7.215219280049126049e-02
8.468017578125000000e-01 7.215446159441385454e-02
8.469238281250000000e-01 7.215672934297318042e-02
8.470458984375000000e-01 7.215899809757125860e-02
8.471679687500000000e-01 7.216126580882629982e-02
8.472900390625000000e-01 7.216353452407603397e-02
8.474121093750000000e-01 7.216580219799789697e-02
8.475341796875000000e-01 7.216807087387561159e-02
8.476562500000000000e-01 7.217033851043994086e-02
8.477783203125000000e-01 7.217260714692050327e-02
8.479003906250000000e-01 7.217487474610451148e-02
8.480224609375000000e-01 7.217714334316793767e-02
8.481445312500000000e-01 7.217941090493974754e-02
8.482666015625000000e-01 7.218167946255901746e-02
8.483886718750000000e-01 7.218394698689523103e-02
8.485107421875000000e-01 7.218621550505086026e-02
8.486328125000000000e-01 7.218848299192685836e-02
8.487548828125000000e-01 7.219075147059514364e-02
8.488769531250000000e-01 7.219301891998343434e-02
8.489990234375000000e-01 7.219528735913466333e-02
8.491210937500000000e-01 7.219755477100962826e-02
8.492431640625000000e-01 7.219982317062531574e-02
8.493652343750000000e-01 7.220209054496351531e-02
8.494873046875000000e-01 7.220435890501854248e-02
8.496093750000000000e-01 7.220662624179169375e-02
8.497314453125000000e-01 7.220889456226431413e-02
8.498535156250000000e-01 7.221116186144746485e-02
8.499755859375000000e-01 7.221343014231232371e-02
8.500976562500000000e-01 7.221569740388014691e-02
8.502197265625000000e-01 7.221796564511021033e-02
8.503417968750000000e-01 7.222023286903669903e-02
8.504638671875000000e-01 7.222250107061287117e-02
8.505859375000000000e-01 7.222476825687042246e-02
8.507080078125000000e-01 7.222703641876990210e-02
8.508300781250000000e-01 7.222930356733804624e-02
8.509521484375000000e-01 7.223157168953331375e-02
8.510742187500000000e-01 7.223383880038025673e-02
8.511962890625000000e-01 7.223610688285267423e-02
8.513183593750000000e-01 7.223837395595206212e-02
8.514404296875000000e-01 7.224064199867358260e-02
8.515625000000000000e-01 7.224290903400618080e-02
8.516845703125000000e-01 7.224517703695290671e-02
8.518066406250000000e-01 7.224744403448432606e-02
8.519287109375000000e-01 7.224971199763807750e-02
8.520507812500000000e-01 7.225197895734672415e-02
8.521728515625000000e-01 7.225424688067785817e-02
8.522949218750000000e-01 7.225651380254201339e-02
8.524169921875000000e-01 7.225878168602614671e-02
8.525390625000000000e-01 7.226104857001409976e-02
8.526611328125000000e-01 7.226331641363409330e-02
8.527832031250000000e-01 7.226558325972573527e-02
8.529052734375000000e-01 7.226785106345524901e-02
8.530273437500000000e-01 7.227011787162278267e-02
8.531494140625000000e-01 7.227238563542544292e-02
8.532714843750000000e-01 7.227465240563915594e-02
8.533935546875000000e-01 7.227692012951764111e-02
8.535156250000000000e-01 7.227918686175258123e-02
8.536376953125000000e-01 7.228145454566325956e-02
8.537597656250000000e-01 7.228372123989595943e-02
8.538818359375000000e-01 7.228598888382192778e-02
8.540039062500000000e-01 7.228825554001888642e-02
8.541259765625000000e-01 7.229052314393796808e-02
8.542480468750000000e-01 7.229278976208369789e-02
8.543701171875000000e-01 7.229505732596584744e-02
8.544921875000000000e-01 7.229732390602988668e-02
8.546142578125000000e-01 7.229959142985725729e-02
8.547363281250000000e-01 7.230185797181354346e-02
8.548583984375000000e-01 7.230412545555664483e-02
8.549804687500000000e-01 7.230639195939281283e-02
8.551025390625000000e-01 7.230865940302172445e-02
8.552246093750000000e-01 7.231092586870425942e-02
8.553466796875000000e-01 7.231319327221083504e-02
8.554687500000000000e-01 7.231545969969471743e-02
8.555908203125000000e-01 7.231772706305836240e-02
8.557128906250000000e-01 7.231999345233261489e-02
8.558349609375000000e-01 7.232226077551344445e-02
8.559570312500000000e-01 7.232452712655632054e-02
8.560791015625000000e-01 7.232679440953762584e-02
8.562011718750000000e-01 7.232906072231884420e-02
8.563232421875000000e-01 7.233132796507643625e-02
8.564453125000000000e-01 7.233359423957079481e-02
8.565673828125000000e-01 7.233586144208109525e-02
8.566894531250000000e-01 7.233812767826353074e-02
8.568115234375000000e-01 7.234039484050491797e-02
8.569335937500000000e-01 7.234266103834874340e-02
8.570556640625000000e-01 7.234492816029056139e-02
8.571777343750000000e-01 7.234719431976713300e-02
8.572998046875000000e-01 7.234946140139732196e-02
8.574218750000000000e-01 7.235172752248739125e-02
8.575439453125000000e-01 7.235399456376927219e-02
8.576660156250000000e-01 7.235626064644180844e-02
8.577880859375000000e-01 7.235852764735721532e-02
8.579101562500000000e-01 7.236079369159142960e-02
8.580322265625000000e-01 7.236306065211980942e-02
8.581542968750000000e-01 7.236532665788206198e-02
8.582763671875000000e-01 7.236759357799826820e-02
8.583984375000000000e-01 7.236985954526696518e-02
8.585205078125000000e-01 7.237212642494735004e-02
8.586425781250000000e-01 7.237439235369703960e-02
8.587646484375000000e-01 7.237665919291197403e-02
8.588867187500000000e-01 7.237892508311741246e-02
8.590087890625000000e-01 7.238119188184806430e-02
8.591308593750000000e-01 7.238345773348220380e-02
8.592529296875000000e-01 7.238572449170489753e-02
8.593750000000000000e-01 7.238799030474440954e-02
8.594970703125000000e-01 7.239025702243419291e-02
8.596191406250000000e-01 7.239252279685010061e-02
8.597412109375000000e-01 7.239478947398479691e-02
8.598632812500000000e-01 7.239705520974973330e-02
8.599853515625000000e-01 7.239932184630223921e-02
8.601074218750000000e-01 7.240158754339948155e-02
8.602294921875000000e-01 7.240385413934564973e-02
8.603515625000000000e-01 7.240611979774252971e-02
8.604736328125000000e-01 7.240838635306118265e-02
8.605957031250000000e-01 7.241065197273111043e-02
8.607177734375000000e-01 7.241291848739805914e-02
8.608398437500000000e-01 7.241518406831656818e-02
8.609619140625000000e-01 7.241745054230711021e-02
8.610839843750000000e-01 7.241971608444963682e-02
8.612060546875000000e-01 7.242198251774362161e-02
8.613281250000000000e-01 7.242424802108088366e-02
8.614501953125000000e-01 7.242651441365122178e-02
8.615722656250000000e-01 7.242877987816530305e-02
8.616943359375000000e-01 7.243104622998394748e-02
8.618164062500000000e-01 7.243331165564168006e-02
8.619384765625000000e-01 7.243557796668770310e-02
8.620605468750000000e-01 7.243784335346631353e-02
8.621826171875000000e-01 7.244010962371709439e-02
8.623046875000000000e-01 7.244237497159419781e-02
8.624267578125000000e-01 7.244464120102314664e-02
8.625488281250000000e-01 7.244690650996699066e-02
8.626708984375000000e-01 7.244917269855556674e-02
8.627929687500000000e-01 7.245143796854083829e-02
8.629150390625000000e-01 7.245370411626342322e-02
8.630371093750000000e-01 7.245596934726697413e-02
8.631591796875000000e-01 7.245823545409921240e-02
8.632812500000000000e-01 7.246050064609138586e-02
8.634033203125000000e-01 7.246276671200994890e-02
8.635253906250000000e-01 7.246503186496873472e-02
8.636474609375000000e-01 7.246729788994507593e-02
8.637695312500000000e-01 7.246956300384529981e-02
8.638916015625000000e-01 7.247182898785883842e-02
8.640136718750000000e-01 7.247409406267166232e-02
8.641357421875000000e-01 7.247636000570246984e-02
8.642578125000000000e-01 7.247862504140313578e-02
8.643798828125000000e-01 7.248089094342199945e-02
8.645019531250000000e-01 7.248315593998819195e-02
8.646240234375000000e-01 7.248542180096920196e-02
8.647460937500000000e-01 7.248768675837015396e-02
8.648681640625000000e-01 7.248995257829472794e-02
8.649902343750000000e-01 7.249221749650833213e-02
8.651123046875000000e-01 7.249448327534818715e-02
8.652343750000000000e-01 7.249674815434779818e-02
8.653564453125000000e-01 7.249901389208218694e-02
8.654785156250000000e-01 7.250127873183734306e-02
8.656005859375000000e-01 7.250354442844522684e-02
8.657226562500000000e-01 7.250580922893731795e-02
8.658447265625000000e-01 7.250807488438525128e-02
8.659667968750000000e-01 7.251033964558409317e-02
8.660888671875000000e-01 7.251260525985681049e-02
8.662109375000000000e-01 7.251486998173839460e-02
8.663330078125000000e-01 7.251713555481129059e-02
8.664550781250000000e-01 7.251940023734823604e-02
8.665771484375000000e-01 7.252166576919097385e-02
8.666992187500000000e-01 7.252393041236387949e-02
8.668212890625000000e-01 7.252619590295504570e-02
8.669433593750000000e-01 7.252846050673034117e-02
8.670654296875000000e-01 7.253072595605083994e-02
8.671875000000000000e-01 7.253299052040185213e-02
8.673095703125000000e-01 7.253525592842288705e-02
8.674316406250000000e-01 7.253752045332943765e-02
8.675537109375000000e-01 7.253978582002718056e-02
8.676757812500000000e-01 7.254205030546323485e-02
8.677978515625000000e-01 7.254431563081387146e-02
8.679199218750000000e-01 7.254658007675371389e-02
8.680419921875000000e-01 7.254884536073434587e-02
8.681640625000000000e-01 7.255110976714727877e-02
8.682861328125000000e-01 7.255337500973818576e-02
8.684082031250000000e-01 7.255563937659864626e-02
8.685302734375000000e-01 7.255790457776600810e-02
8.686523437500000000e-01 7.256016890505968819e-02
8.687744140625000000e-01 7.256243406478526947e-02
8.688964843750000000e-01 7.256469835247442157e-02
8.690185546875000000e-01 7.256696347073512965e-02
8.691406250000000000e-01 7.256922771879453782e-02
8.692626953125000000e-01 7.257149279556619759e-02
8.693847656250000000e-01 7.257375700397750151e-02
8.695068359375000000e-01 7.257602203923307904e-02
8.696289062500000000e-01 7.257828620796183405e-02
8.697509765625000000e-01 7.258055120167924978e-02
8.698730468750000000e-01 7.258281533070637392e-02
8.699951171875000000e-01 7.258508028286164704e-02
8.701171875000000000e-01 7.258734437215630386e-02
8.702392578125000000e-01 7.258960928272698010e-02
8.703613281250000000e-01 7.259187333226944927e-02
8.704833984375000000e-01 7.259413820122570526e-02
8.706054687500000000e-01 7.259640221098828672e-02
8.707275390625000000e-01 7.259866703830877843e-02
8.708496093750000000e-01 7.260093100826491008e-02
8.709716796875000000e-01 7.260319579393062495e-02
8.710937500000000000e-01 7.260545972405321735e-02
8.712158203125000000e-01 7.260772446803157032e-02
8.713378906250000000e-01 7.260998835829453324e-02
8.714599609375000000e-01 7.261225306057308981e-02
8.715820312500000000e-01 7.261451691094575334e-02
8.717041015625000000e-01 7.261678157149614732e-02
8.718261718750000000e-01 7.261904538196174708e-02
8.719482421875000000e-01 7.262131000075028320e-02
8.720703125000000000e-01 7.262357377128356162e-02
8.721923828125000000e-01 7.262583834829459961e-02
8.723144531250000000e-01 7.262810207886472025e-02
8.724365234375000000e-01 7.263036661407298866e-02
8.725585937500000000e-01 7.263263030466468595e-02
8.726806640625000000e-01 7.263489479804025040e-02
8.728027343750000000e-01 7.263715844861184934e-02
8.729248046875000000e-01 7.263942290013819525e-02
8.730468750000000000e-01 7.264168651066657545e-02
8.731689453125000000e-01 7.264395092031600276e-02
8.732910156250000000e-01 7.264621449078656479e-02
8.734130859375000000e-01 7.264847885855049703e-02
8.735351562500000000e-01 7.265074238891514047e-02
8.736572265625000000e-01 7.265300671475499739e-02
8.737792968750000000e-01 7.265527020502458855e-02
8.739013671875000000e-01 7.265753448889936128e-02
8.740234375000000000e-01 7.265979793901944372e-02
8.741455078125000000e-01 7.266206218092161051e-02
8.742675781250000000e-01 7.266432559087795950e-02
8.743896484375000000e-01 7.266658979079500258e-02
8.745117187500000000e-01 7.266885316055649024e-02
8.746337890625000000e-01 7.267111731844978773e-02
8.747558593750000000e-01 7.267338064799433450e-02
8.748779296875000000e-01 7.267564476383875371e-02
8.750000000000000000e-01 7.267790805313863178e-02
8.751220703125000000e-01 7.268017212691973983e-02
8.752441406250000000e-01 7.268243537594874792e-02
8.753662109375000000e-01 7.268469940762967152e-02
8.754882812500000000e-01 7.268696261636688194e-02
8.756103515625000000e-01 7.268922660593131468e-02
8.757324218750000000e-01 7.269148977434651548e-02
8.758544921875000000e-01 7.269375372177348804e-02
8.759765625000000000e-01 7.269601684983809098e-02
8.760986328125000000e-01 7.269828075510005594e-02
8.762207031250000000e-01 7.270054384279464599e-02
8.763427734375000000e-01 7.270280770586703967e-02
8.764648437500000000e-01 7.270507075315948975e-02
8.765869140625000000e-01 7.270733457401662436e-02
8.767089843750000000e-01 7.270959758088546554e-02
8.768310546875000000e-01 7.271186135950867546e-02
8.769531250000000000e-01 7.271412432592691544e-02
8.770751953125000000e-01 7.271638806228558627e-02
8.771972656250000000e-01 7.271865098822589968e-02
8.773193359375000000e-01 7.272091468229942290e-02
8.774414062500000000e-01 7.272317756773974406e-02
8.775634765625000000e-01 7.272544121950447193e-02
8.776855468750000000e-01 7.272770406441884938e-02
8.778076171875000000e-01 7.272996767384530548e-02
8.779296875000000000e-01 7.273223047820581710e-02
8.780517578125000000e-01 7.273449404527371209e-02
8.781738281250000000e-01 7.273675680905668239e-02
8.782958984375000000e-01 7.273902033374109177e-02
8.784179687500000000e-01 7.274128305691829333e-02
8.785400390625000000e-01 7.274354653919788694e-02
8.786621093750000000e-01 7.274580922174372910e-02
8.787841796875000000e-01 7.274807266159231955e-02
8.789062500000000000e-01 7.275033530347967126e-02
8.790283203125000000e-01 7.275259870087179281e-02
8.791503906250000000e-01 7.275486130208203006e-02
8.792724609375000000e-01 7.275712465698885856e-02
8.793945312500000000e-01 7.275938721749493354e-02
8.795166015625000000e-01 7.276165052989864990e-02
8.796386718750000000e-01 7.276391304966715878e-02
8.797607421875000000e-01 7.276617631955004106e-02
8.798828125000000000e-01 7.276843879855915409e-02
8.800048828125000000e-01 7.277070202588276082e-02
8.801269531250000000e-01 7.277296446410987107e-02
8.802490234375000000e-01 7.277522764886028284e-02
8.803710937500000000e-01 7.277749004627076523e-02
8.804931640625000000e-01 7.277975318842500041e-02
8.806152343750000000e-01 7.278201554499721948e-02
8.807373046875000000e-01 7.278427864452216567e-02
8.808593750000000000e-01 7.278654096023860764e-02
8.809814453125000000e-01 7.278880401711150527e-02
8.811035156250000000e-01 7.279106629193898836e-02
8.812255859375000000e-01 7.279332930614178243e-02
8.813476562500000000e-01 7.279559154005246779e-02
8.814697265625000000e-01 7.279785451155618148e-02
8.815917968750000000e-01 7.280011670453141737e-02
8.817138671875000000e-01 7.280237963331231965e-02
8.818359375000000000e-01 7.280464178531895203e-02
8.819580078125000000e-01 7.280690467135610133e-02
8.820800781250000000e-01 7.280916678237447925e-02
8.822021484375000000e-01 7.281142962563874610e-02
8.823242187500000000e-01 7.281369169564215482e-02
8.824462890625000000e-01 7.281595449610804571e-02
8.825683593750000000e-01 7.281821652506843823e-02
8.826904296875000000e-01 7.282047928271823123e-02
8.828125000000000000e-01 7.282274127061286184e-02
8.829345703125000000e-01 7.282500398541678910e-02
8.830566406250000000e-01 7.282726593221595934e-02
8.831787109375000000e-01 7.282952860414912410e-02
8.833007812500000000e-01 7.283179050983441816e-02
8.834228515625000000e-01 7.283405313887604537e-02
8.835449218750000000e-01 7.283631500341349041e-02
8.836669921875000000e-01 7.283857758953804495e-02
8.837890625000000000e-01 7.284083941290414588e-02
8.839111328125000000e-01 7.284310195608681426e-02
8.840332031250000000e-01 7.284536373825832578e-02
8.841552734375000000e-01 7.284762623847818030e-02
8.842773437500000000e-01 7.284988797942684724e-02
8.843994140625000000e-01 7.285215043665807522e-02
8.845214843750000000e-01 7.285441213635424074e-02
8.846435546875000000e-01 7.285667455057603936e-02
8.847656250000000000e-01 7.285893620900261991e-02
8.848876953125000000e-01 7.286119858017939266e-02
8.850097656250000000e-01 7.286346019730279011e-02
8.851318359375000000e-01 7.286572252542010408e-02
8.852539062500000000e-01 7.286798410122102831e-02
8.853759765625000000e-01 7.287024638624997608e-02
8.854980468750000000e-01 7.287250792070282257e-02
8.856201171875000000e-01 7.287477016261967311e-02
8.857421875000000000e-01 7.287703165569545116e-02
8.858642578125000000e-01 7.287929385447611264e-02
8.859863281250000000e-01 7.288155530615038347e-02
8.861083984375000000e-01 7.288381746177167997e-02
8.862304687500000000e-01 7.288607887201592472e-02
8.863525390625000000e-01 7.288834098445153009e-02
8.864746093750000000e-01 7.289060235324236470e-02
8.865966796875000000e-01 7.289286442246979691e-02
8.867187500000000000e-01 7.289512574978496140e-02
8.868408203125000000e-01 7.289738777577817186e-02
8.869628906250000000e-01 7.289964906158587221e-02
8.870849609375000000e-01 7.290191104432242053e-02
8.872070312500000000e-01 7.290417228860009147e-02
8.873291015625000000e-01 7.290643422805699603e-02
8.874511718750000000e-01 7.290869543077432846e-02
8.875732421875000000e-01 7.291095732692573494e-02
8.876953125000000000e-01 7.291321848806397998e-02
8.878173828125000000e-01 7.291548034087921848e-02
8.879394531250000000e-01 7.291774146041299365e-02
8.880615234375000000e-01 7.292000326987389813e-02
8.881835937500000000e-01 7.292226434777071553e-02
8.883056640625000000e-01 7.292452611385648320e-02
8.884277343750000000e-01 7.292678715009402735e-02
8.885498046875000000e-01 7.292904887277425197e-02
8.886718750000000000e-01 7.293130986732407339e-02
8.887939453125000000e-01 7.293357154657593988e-02
8.889160156250000000e-01 7.293583249941915092e-02
8.890380859375000000e-01 7.293809413522026053e-02
8.891601562500000000e-01 7.294035504632372102e-02
8.892822265625000000e-01 7.294261663864318179e-02
8.894042968750000000e-01 7.294487750798933634e-02
8.895263671875000000e-01 7.294713905680826060e-02
8.896484375000000000e-01 7.294939988436294209e-02
8.897705078125000000e-01 7.295166138965862579e-02
8.898925781250000000e-01 7.295392217540050406e-02
8.900146484375000000e-01 7.295618363714397037e-02
8.901367187500000000e-01 7.295844438104362450e-02
8.902587890625000000e-01 7.296070579921515309e-02
8.903808593750000000e-01 7.296296650125128069e-02
8.905029296875000000e-01 7.296522787582475356e-02
8.906250000000000000e-01 7.296748853596771167e-02
8.907470703125000000e-01 7.296974986691714959e-02
8.908691406250000000e-01 7.297201048514666277e-02
8.909912109375000000e-01 7.297427177244666940e-02
8.911132812500000000e-01 7.297653234873051342e-02
8.912353515625000000e-01 7.297879359235819041e-02
8.913574218750000000e-01 7.298105412667948988e-02
8.914794921875000000e-01 7.298331532660611021e-02
8.916015625000000000e-01 7.298557581893386215e-02
8.917236328125000000e-01 7.298783697514012181e-02
8.918457031250000000e-01 7.299009742544723678e-02
8.919677734375000000e-01 7.299235853791083417e-02
8.920898437500000000e-01 7.299461894617170765e-02
8.922119140625000000e-01 7.299688001486252797e-02
8.923339843750000000e-01 7.299914038105560776e-02
8.924560546875000000e-01 7.300140140595007265e-02
8.925781250000000000e-01 7.300366173004559089e-02
8.927001953125000000e-01 7.300592271112088527e-02
8.928222656250000000e-01 7.300818299309454196e-02
8.929443359375000000e-01 7.301044393032748991e-02
8.930664062500000000e-01 7.301270417015355563e-02
8.931884765625000000e-01 7.301496506351802529e-02
8.933105468750000000e-01 7.301722526116798118e-02
8.934326171875000000e-01 7.301948611064112971e-02
8.935546875000000000e-01 7.302174626609338193e-02
8.936767578125000000e-01 7.302400707164874438e-02
8.937988281250000000e-01 7.302626718487068014e-02
8.939208984375000000e-01 7.302852794648974355e-02
8.940429687500000000e-01 7.303078801746075432e-02
8.941650390625000000e-01 7.303304873510828299e-02
8.942871093750000000e-01 7.303530876380848191e-02
8.944091796875000000e-01 7.303756943746300689e-02
8.945312500000000000e-01 7.303982942385943422e-02
8.946533203125000000e-01 7.304209005350466299e-02
8.947753906250000000e-01 7.304434999757075664e-02
8.948974609375000000e-01 7.304661058317349354e-02
8.950195312500000000e-01 7.304887048488600820e-02
8.951416015625000000e-01 7.305113102642608880e-02
8.952636718750000000e-01 7.305339088576043305e-02
8.953857421875000000e-01 7.305565138320703478e-02
8.955078125000000000e-01 7.305791120013779838e-02
8.956298828125000000e-01 7.306017165347342135e-02
8.957519531250000000e-01 7.306243142797184953e-02
8.958740234375000000e-01 7.306469183717079208e-02
8.959960937500000000e-01 7.306695156921394485e-02
8.961181640625000000e-01 7.306921193424804895e-02
8.962402343750000000e-01 7.307147162380744909e-02
8.963623046875000000e-01 7.307373194465559274e-02
8.964843750000000000e-01 7.307599159170899417e-02
8.966064453125000000e-01 7.307825186834671083e-02
8.967285156250000000e-01 7.308051147286404037e-02
8.968505859375000000e-01 7.308277170526558675e-02
8.969726562500000000e-01 7.308503126722093457e-02
8.970947265625000000e-01 7.308729145536524419e-02
8.972167968750000000e-01 7.308955097473714135e-02
8.973388671875000000e-01 7.309181111859643087e-02
8.974609375000000000e-01 7.309407059535741324e-02
8.975830078125000000e-01 7.309633069490335811e-02
8.977050781250000000e-01 7.309859012902990283e-02
8.978271484375000000e-01 7.310085018424308800e-02
8.979492187500000000e-01 7.310310957570385904e-02
8.980712890625000000e-01 7.310536958656090045e-02
8.981933593750000000e-01 7.310762893533122309e-02
8.983154296875000000e-01 7.310988890180621091e-02
8.984375000000000000e-01 7.311214820786314517e-02
8.985595703125000000e-01 7.311440812992862914e-02
8.986816406250000000e-01 7.311666739324833297e-02
8.988037109375000000e-01 7.311892727087850041e-02
8.989257812500000000e-01 7.312118649143491134e-02
8.990478515625000000e-01 7.312344632460997251e-02
8.991699218750000000e-01 7.312570550237416922e-02
8.992919921875000000e-01 7.312796529106753429e-02
8.994140625000000000e-01 7.313022442601428696e-02
8.995361328125000000e-01 7.313248417020330738e-02
8.996582031250000000e-01 7.313474326230670619e-02
8.997802734375000000e-01 7.313700296196454231e-02
8.999023437500000000e-01 7.313926201119809456e-02
9.000244140625000000e-01 7.314152166630005780e-02
9.001464843750000000e-01 7.314378067264187822e-02
9.002685546875000000e-01 7.314604028316362694e-02
9.003906250000000000e-01 7.314829924658561300e-02
9.005126953125000000e-01 7.315055881250476233e-02
9.006347656250000000e-01 7.315281773297910295e-02
9.007568359375000000e-01 7.315507725426984020e-02
9.008789062500000000e-01 7.315733613177216599e-02
9.010009765625000000e-01 7.315959560840867848e-02
9.011230468750000000e-01 7.316185444291667395e-02
9.012451171875000000e-01 7.316411387487303797e-02
9.013671875000000000e-01 7.316637266635894754e-02
9.014892578125000000e-01 7.316863205361207045e-02
9.016113281250000000e-01 7.317089080204713936e-02
9.017333984375000000e-01 7.317315014457592692e-02
9.018554687500000000e-01 7.317540884993967154e-02
9.019775390625000000e-01 7.317766814771198280e-02
9.020996093750000000e-01 7.317992680997703614e-02
9.022216796875000000e-01 7.318218606297405282e-02
9.023437500000000000e-01 7.318444468211093845e-02
9.024658203125000000e-01 7.318670389030762502e-02
9.025878906250000000e-01 7.318896246629408298e-02
9.027099609375000000e-01 7.319122162966246181e-02
9.028320312500000000e-01 7.319348016247512190e-02
9.029541015625000000e-01 7.319573928099393223e-02
9.030761718750000000e-01 7.319799777059837753e-02
9.031982421875000000e-01 7.320025684424624757e-02
9.033203125000000000e-01 7.320251529062332674e-02
9.034423828125000000e-01 7.320477431936656121e-02
9.035644531250000000e-01 7.320703272248924032e-02
9.036865234375000000e-01 7.320929170630968708e-02
9.038085937500000000e-01 7.321155006615337468e-02
9.039306640625000000e-01 7.321380900502361122e-02
9.040527343750000000e-01 7.321606732156243913e-02
9.041748046875000000e-01 7.321832621545643072e-02
9.042968750000000000e-01 7.322058448866569647e-02
9.044189453125000000e-01 7.322284333756395869e-02
9.045410156250000000e-01 7.322510156741118825e-02
9.046630859375000000e-01 7.322736037128668718e-02
9.047851562500000000e-01 7.322961855775489415e-02
9.049072265625000000e-01 7.323187731658020727e-02
9.050292968750000000e-01 7.323413545964102545e-02
9.051513671875000000e-01 7.323639417339361524e-02
9.052734375000000000e-01 7.323865227301912251e-02
9.053955078125000000e-01 7.324091094167284322e-02
9.055175781250000000e-01 7.324316899783761547e-02
9.056396484375000000e-01 7.324542762137364882e-02
9.057617187500000000e-01 7.324768563405031907e-02
9.058837890625000000e-01 7.324994421244179765e-02
9.060058593750000000e-01 7.325220218160494179e-02
9.061279296875000000e-01 7.325446071481966914e-02
9.062500000000000000e-01 7.325671864045313342e-02
9.063720703125000000e-01 7.325897712847273535e-02
9.064941406250000000e-01 7.326123501053710685e-02
9.066162109375000000e-01 7.326349345333910135e-02
9.067382812500000000e-01 7.326575129181678303e-02
9.068603515625000000e-01 7.326800968936980629e-02
9.069824218750000000e-01 7.327026748423354219e-02
9.071044921875000000e-01 7.327252583651705509e-02
9.072265625000000000e-01 7.327478358773786837e-02
9.073486328125000000e-01 7.327704189473044361e-02
9.074707031250000000e-01 7.327929960228407591e-02
9.075927734375000000e-01 7.328155786395684768e-02
9.077148437500000000e-01 7.328381552782087249e-02
9.078369140625000000e-01 7.328607374414541908e-02
9.079589843750000000e-01 7.328833136429530049e-02
9.080810546875000000e-01 7.329058953524958397e-02
9.082031250000000000e-01 7.329284711165590105e-02
9.083251953125000000e-01 7.329510523721505244e-02
9.084472656250000000e-01 7.329736276985271415e-02
9.085693359375000000e-01 7.329962084999736005e-02
9.086914062500000000e-01 7.330187833883777815e-02
9.088134765625000000e-01 7.330413637353933032e-02
9.089355468750000000e-01 7.330639381856351999e-02
9.090576171875000000e-01 7.330865180779300161e-02
9.091796875000000000e-01 7.331090920897015417e-02
9.093017578125000000e-01 7.331316715270697060e-02
9.094238281250000000e-01 7.331542451001016314e-02
9.095458984375000000e-01 7.331768240823288707e-02
9.096679687500000000e-01 7.331993972163969309e-02
9.097900390625000000e-01 7.332219757431729379e-02
9.099121093750000000e-01 7.332445484380312184e-02
9.100341796875000000e-01 7.332671265091711410e-02
9.101562500000000000e-01 7.332896987644788034e-02
9.102783203125000000e-01 7.333122763797383925e-02
9.104003906250000000e-01 7.333348481952817188e-02
9.105224609375000000e-01 7.333574253543329036e-02
9.106445312500000000e-01 7.333799967299181599e-02
9.107666015625000000e-01 7.334025734325627655e-02
9.108886718750000000e-01 7.334251443678785343e-02
9.110107421875000000e-01 7.334477206138523275e-02
9.111328125000000000e-01 7.334702911086465882e-02
9.112548828125000000e-01 7.334928668977191979e-02
9.113769531250000000e-01 7.335154369517576933e-02
9.114990234375000000e-01 7.335380122836532291e-02
9.116210937500000000e-01 7.335605818966373093e-02
9.117431640625000000e-01 7.335831567711337264e-02
9.118652343750000000e-01 7.336057259428391264e-02
9.119873046875000000e-01 7.336283003596943963e-02
9.121093750000000000e-01 7.336508690898335683e-02
9.122314453125000000e-01 7.336734430488117686e-02
9.123535156250000000e-01 7.336960113371099323e-02
9.124755859375000000e-01 7.337185848379096376e-02
9.125976562500000000e-01 7.337411526842146925e-02
9.127197265625000000e-01 7.337637257266116375e-02
9.128417968750000000e-01 7.337862931305710879e-02
9.129638671875000000e-01 7.338088657143321258e-02
9.130859375000000000e-01 7.338314326757122696e-02
9.132080078125000000e-01 7.338540048005859351e-02
9.133300781250000000e-01 7.338765713191280904e-02
9.134521484375000000e-01 7.338991429848595871e-02
9.135742187500000000e-01 7.339217090603111782e-02
9.136962890625000000e-01 7.339442802666396037e-02
9.138183593750000000e-01 7.339668458987391730e-02
9.139404296875000000e-01 7.339894166454485891e-02
9.140625000000000000e-01 7.340119818339363444e-02
9.141845703125000000e-01 7.340345521207614077e-02
9.143066406250000000e-01 7.340571168653892142e-02
9.144287109375000000e-01 7.340796866920373809e-02
9.145507812500000000e-01 7.341022509925665407e-02
9.146728515625000000e-01 7.341248203588501831e-02
9.147949218750000000e-01 7.341473842149792706e-02
9.149169921875000000e-01 7.341699531206374862e-02
9.150390625000000000e-01 7.341925165321600000e-02
9.151611328125000000e-01 7.342150849769391030e-02
9.152832031250000000e-01 7.342376479435497316e-02
9.154052734375000000e-01 7.342602159271727214e-02
9.155273437500000000e-01 7.342827784486316567e-02
9.156494140625000000e-01 7.343053459709258934e-02
9.157714843750000000e-01 7.343279080469322651e-02
9.158935546875000000e-01 7.343504751075879966e-02
9.160156250000000000e-01 7.343730367379447399e-02
9.161376953125000000e-01 7.343956033367582403e-02
9.162597656250000000e-01 7.344181645211861342e-02
9.163818359375000000e-01 7.344407306578654149e-02
9.165039062500000000e-01 7.344632913961174348e-02
9.166259765625000000e-01 7.344858570704060341e-02
9.167480468750000000e-01 7.345084173622268287e-02
9.168701171875000000e-01 7.345309825738793874e-02
9.169921875000000000e-01 7.345535424190358098e-02
9.171142578125000000e-01 7.345761071678463816e-02
9.172363281250000000e-01 7.345986665659953729e-02
9.173583984375000000e-01 7.346212308516714140e-02
9.174804687500000000e-01 7.346437898026264568e-02
9.176025390625000000e-01 7.346663536249620208e-02
9.177246093750000000e-01 7.346889121284616575e-02
9.178466796875000000e-01 7.347114754871508779e-02
9.179687500000000000e-01 7.347340335429253244e-02
9.180908203125000000e-01 7.347565964377456016e-02
9.182128906250000000e-01 7.347791540455489434e-02
9.183349609375000000e-01 7.348017164762760123e-02
9.184570312500000000e-01 7.348242736358090443e-02
9.185791015625000000e-01 7.348468356021792269e-02
9.187011718750000000e-01 7.348693923132210148e-02
9.188232421875000000e-01 7.348919538149700781e-02
9.189453125000000000e-01 7.349145100772419559e-02
9.190673828125000000e-01 7.349370711141761658e-02
9.191894531250000000e-01 7.349596269274194515e-02
9.193115234375000000e-01 7.349821874992207293e-02
9.194335937500000000e-01 7.350047428632194846e-02
9.195556640625000000e-01 7.350273029696358096e-02
9.196777343750000000e-01 7.350498578841196951e-02
9.197998046875000000e-01 7.350724175249551129e-02
9.199218750000000000e-01 7.350949719896093804e-02
9.200439453125000000e-01 7.351175311646179766e-02
9.201660156250000000e-01 7.351400851792100344e-02
9.202880859375000000e-01 7.351626438881142533e-02
9.204101562500000000e-01 7.351851974523848643e-02
9.205322265625000000e-01 7.352077556949582204e-02
9.206542968750000000e-01 7.352303088086736826e-02
9.207763671875000000e-01 7.352528665846336242e-02
9.208984375000000000e-01 7.352754192475696726e-02
9.210205078125000000e-01 7.352979765566364234e-02
9.211425781250000000e-01 7.353205287685254943e-02
9.212646484375000000e-01 7.353430856104992142e-02
9.213867187500000000e-01 7.353656373710237837e-02
9.215087890625000000e-01 7.353881937456652196e-02
9.216308593750000000e-01 7.354107450545566138e-02
9.217529296875000000e-01 7.354333009616270678e-02
9.218750000000000000e-01 7.354558518187076510e-02
9.219970703125000000e-01 7.354784072578768317e-02
9.221191406250000000e-01 7.355009576628734891e-02
9.222412109375000000e-01 7.355235126339548790e-02
9.223632812500000000e-01 7.355460625865373192e-02
9.224853515625000000e-01 7.355686170892994369e-02
9.226074218750000000e-01 7.355911665892894691e-02
9.227294921875000000e-01 7.356137206234453219e-02
9.228515625000000000e-01 7.356362696705515125e-02
9.229736328125000000e-01 7.356588232358690638e-02
9.230957031250000000e-01 7.356813718297972038e-02
9.232177734375000000e-01 7.357039249260155511e-02
9.233398437500000000e-01 7.357264730665813435e-02
9.234619140625000000e-01 7.357490256934456907e-02
9.235839843750000000e-01 7.357715733803610325e-02
9.237060546875000000e-01 7.357941255376382328e-02
9.238281250000000000e-01 7.358166727706288990e-02
9.239501953125000000e-01 7.358392244580697072e-02
9.240722656250000000e-01 7.358617712369147634e-02
9.241943359375000000e-01 7.358843224542460648e-02
9.243164062500000000e-01 7.359068687786407548e-02
9.244384765625000000e-01 7.359294195256127491e-02
9.245605468750000000e-01 7.359519653953650042e-02
9.246826171875000000e-01 7.359745156717500958e-02
9.248046875000000000e-01 7.359970610865496088e-02
9.249267578125000000e-01 7.360196108920746827e-02
9.250488281250000000e-01 7.360421558516333507e-02
9.251708984375000000e-01 7.360647051861329837e-02
9.252929687500000000e-01 7.360872496902443052e-02
9.254150390625000000e-01 7.361097985533548993e-02
9.255371093750000000e-01 7.361323426017823968e-02
9.256591796875000000e-01 7.361548909932980056e-02
9.257812500000000000e-01 7.361774345857574620e-02
9.259033203125000000e-01 7.361999825054205138e-02
9.260253906250000000e-01 7.362225256416371488e-02
9.261474609375000000e-01 7.362450730892211581e-02
9.262695312500000000e-01 7.362676157689496126e-02
9.263916015625000000e-01 7.362901627441570396e-02
9.265136718750000000e-01 7.363127049671669422e-02
9.266357421875000000e-01 7.363352514697679707e-02
9.267578125000000000e-01 7.363577932357745492e-02
9.268798828125000000e-01 7.363803392655499103e-02
9.270019531250000000e-01 7.364028805743144668e-02
9.271240234375000000e-01 7.364254261309705063e-02
9.272460937500000000e-01 7.364479669821927255e-02
9.273681640625000000e-01 7.364705120655684611e-02
9.274902343750000000e-01 7.364930524589913263e-02
9.276123046875000000e-01 7.365155970687398135e-02
9.277343750000000000e-01 7.365381370041423903e-02
9.278564453125000000e-01 7.365606811400271514e-02
9.279785156250000000e-01 7.365832206171557539e-02
9.281005859375000000e-01 7.366057642789580751e-02
9.282226562500000000e-01 7.366283032975262657e-02
9.283447265625000000e-01 7.366508464849808036e-02
9.284667968750000000e-01 7.366733850447354515e-02
9.285888671875000000e-01 7.366959277575962917e-02
9.287109375000000000e-01 7.367184658582837109e-02
9.288330078125000000e-01 7.367410080962932817e-02
9.289550781250000000e-01 7.367635457376825459e-02
9.290771484375000000e-01 7.367860875005971533e-02
9.291992187500000000e-01 7.368086246823635221e-02
9.293212890625000000e-01 7.368311659699605665e-02
9.294433593750000000e-01 7.368537026918892119e-02
9.295654296875000000e-01 7.368762435038916925e-02
9.296875000000000000e-01 7.368987797657328143e-02
9.298095703125000000e-01 7.369213201018642856e-02
9.299316406250000000e-01 7.369438559033514302e-02
9.300537109375000000e-01 7.369663957633720841e-02
9.301757812500000000e-01 7.369889311042793212e-02
9.302978515625000000e-01 7.370114704879365819e-02
9.304199218750000000e-01 7.370340053679846903e-02
9.305419921875000000e-01 7.370565442750381946e-02
9.306640625000000000e-01 7.370790786939401817e-02
9.307861328125000000e-01 7.371016171241429049e-02
9.309082031250000000e-01 7.371241510816478604e-02
9.310302734375000000e-01 7.371466890347866396e-02
9.311523437500000000e-01 7.371692225306419877e-02
9.312744140625000000e-01 7.371917600063920828e-02
9.313964843750000000e-01 7.372142930403502437e-02
9.315185546875000000e-01 7.372368300385212514e-02
9.316406250000000000e-01 7.372593626103274289e-02
9.317626953125000000e-01 7.372818991306523406e-02
9.318847656250000000e-01 7.373044312400156564e-02
9.320068359375000000e-01 7.373269672822396759e-02
9.321289062500000000e-01 7.373494989289497425e-02
9.322509765625000000e-01 7.373720344927575665e-02
9.323730468750000000e-01 7.373945656765529266e-02
9.324951171875000000e-01 7.374171007618046669e-02
9.326171875000000000e-01 7.374396314823855603e-02
9.327392578125000000e-01 7.374621660887659136e-02
9.328613281250000000e-01 7.374846963459336102e-02
9.329833984375000000e-01 7.375072304731894457e-02
9.331054687500000000e-01 7.375297602665986663e-02
9.332275390625000000e-01 7.375522939145467971e-02
9.333496093750000000e-01 7.375748232439721663e-02
9.334716796875000000e-01 7.375973564122884074e-02
9.335937500000000000e-01 7.376198852775506243e-02
9.337158203125000000e-01 7.376424179659668567e-02
9.338378906250000000e-01 7.376649463667178663e-02
9.339599609375000000e-01 7.376874785750525687e-02
9.340820312500000000e-01 7.377100065110797633e-02
9.342041015625000000e-01 7.377325382390070851e-02
9.343261718750000000e-01 7.377550657100917508e-02
9.344482421875000000e-01 7.377775969573846515e-02
9.345703125000000000e-01 7.378001239631881703e-02
9.346923828125000000e-01 7.378226547296595772e-02
9.348144531250000000e-01 7.378451812699071688e-02
9.349365234375000000e-01 7.378677115552578769e-02
9.350585937500000000e-01 7.378902376297696852e-02
9.351806640625000000e-01 7.379127674337226939e-02
9.353027343750000000e-01 7.379352930422189427e-02
9.354248046875000000e-01 7.379578223645616442e-02
9.355468750000000000e-01 7.379803475067786556e-02
9.356689453125000000e-01 7.380028763471979669e-02
9.357910156250000000e-01 7.380254010228670669e-02
9.359130859375000000e-01 7.380479293812136632e-02
9.360351562500000000e-01 7.380704535900678431e-02
9.361572265625000000e-01 7.380929814660364130e-02
9.362792968750000000e-01 7.381155052078230971e-02
9.364013671875000000e-01 7.381380326011488524e-02
9.365234375000000000e-01 7.381605558756537677e-02
9.366455078125000000e-01 7.381830827860758060e-02
9.367675781250000000e-01 7.382056055929975269e-02
9.368896484375000000e-01 7.382281320203093467e-02
9.370117187500000000e-01 7.382506543593747583e-02
9.371337890625000000e-01 7.382731803033087958e-02
9.372558593750000000e-01 7.382957021742947434e-02
9.373779296875000000e-01 7.383182276345989781e-02
9.375000000000000000e-01 7.383407490372073667e-02
9.376220703125000000e-01 7.383632740136497619e-02
9.377441406250000000e-01 7.383857949476418936e-02
9.378662109375000000e-01 7.384083194399315708e-02
9.379882812500000000e-01 7.384308399051059402e-02
9.381103515625000000e-01 7.384533639129664540e-02
9.382324218750000000e-01 7.384758839090210802e-02
9.383544921875000000e-01 7.384984074322697989e-02
9.384765625000000000e-01 7.385209269589171344e-02
9.385986328125000000e-01 7.385434499972470812e-02
9.387207031250000000e-01 7.385659690542933919e-02
9.388427734375000000e-01 7.385884916074469952e-02
9.389648437500000000e-01 7.386110101945891904e-02
9.390869140625000000e-01 7.386335322623677202e-02
9.392089843750000000e-01 7.386560503793382360e-02
9.393310546875000000e-01 7.386785719614996637e-02
9.394531250000000000e-01 7.387010896080514755e-02
9.395751953125000000e-01 7.387236107042732813e-02
9.396972656250000000e-01 7.387461278801610298e-02
9.398193359375000000e-01 7.387686484902494799e-02
9.399414062500000000e-01 7.387911651951828418e-02
9.400634765625000000e-01 7.388136853188764785e-02
9.401855468750000000e-01 7.388362015526522830e-02
9.403076171875000000e-01 7.388587211896402440e-02
9.404296875000000000e-01 7.388812369519864864e-02
9.405517578125000000e-01 7.389037561020983524e-02
9.406738281250000000e-01 7.389262713927019499e-02
9.407958984375000000e-01 7.389487900556668265e-02
9.409179687500000000e-01 7.389713048743079549e-02
9.410400390625000000e-01 7.389938230498216409e-02
9.411621093750000000e-01 7.390163373962777005e-02
9.412841796875000000e-01 7.390388550841070492e-02
9.414062500000000000e-01 7.390613689581121415e-02
9.415283203125000000e-01 7.390838861580173447e-02
9.416503906250000000e-01 7.391063995592667135e-02
9.417724609375000000e-01 7.391289162709929750e-02
9.418945312500000000e-01 7.391514291992318242e-02
9.420166015625000000e-01 7.391739454225809691e-02
9.421386718750000000e-01 7.391964578775461758e-02
9.422607421875000000e-01 7.392189736122101174e-02
9.423828125000000000e-01 7.392414855936890739e-02
9.425048828125000000e-01 7.392640008394207873e-02
9.426269531250000000e-01 7.392865123470987454e-02
9.427490234375000000e-01 7.393090271036467653e-02
9.428710937500000000e-01 7.393315381373233297e-02
9.429931640625000000e-01 7.393540524044678319e-02
9.431152343750000000e-01 7.393765629638504588e-02
9.432373046875000000e-01 7.393990767412617071e-02
9.433593750000000000e-01 7.394215868260883839e-02
9.434814453125000000e-01 7.394441001135926284e-02
9.436035156250000000e-01 7.394666097236235469e-02
9.437255859375000000e-01 7.394891225209276886e-02
9.438476562500000000e-01 7.395116316559069425e-02
9.439697265625000000e-01 7.395341439627550750e-02
9.440917968750000000e-01 7.395566526223934511e-02
9.442138671875000000e-01 7.395791644385618646e-02
9.443359375000000000e-01 7.396016726226883886e-02
9.444580078125000000e-01 7.396241839478384650e-02
9.445800781250000000e-01 7.396466916561017513e-02
9.447021484375000000e-01 7.396692024901313500e-02
9.448242187500000000e-01 7.396917097221777926e-02
9.449462890625000000e-01 7.397142200648226806e-02
9.450683593750000000e-01 7.397367268205473634e-02
9.451904296875000000e-01 7.397592366714006440e-02
9.453125000000000000e-01 7.397817429506109432e-02
9.454345703125000000e-01 7.398042523094405798e-02
9.455566406250000000e-01 7.398267581117884406e-02
9.456787109375000000e-01 7.398492669784823006e-02
9.458007812500000000e-01 7.398717723036657423e-02
9.459228515625000000e-01 7.398942806778541215e-02
9.460449218750000000e-01 7.399167855257038351e-02
9.461669921875000000e-01 7.399392934071674643e-02
9.462890625000000000e-01 7.399617977773348398e-02
9.464111328125000000e-01 7.399843051658083759e-02
9.465332031250000000e-01 7.400068090580835811e-02
9.466552734375000000e-01 7.400293159533261056e-02
9.467773437500000000e-01 7.400518193674099354e-02
9.468994140625000000e-01 7.400743257692798949e-02
9.470214843750000000e-01 7.400968287049569660e-02
9.471435546875000000e-01 7.401193346129752992e-02
9.472656250000000000e-01 7.401418370700130200e-02
9.473876953125000000e-01 7.401643424840503860e-02
9.475097656250000000e-01 7.401868444621301224e-02
9.476318359375000000e-01 7.402093493819950076e-02
9.477539062500000000e-01 7.402318508808430897e-02
9.478759765625000000e-01 7.402543553062052029e-02
9.479980468750000000e-01 7.402768563256628687e-02
9.481201171875000000e-01 7.402993602562751851e-02
9.482421875000000000e-01 7.403218607960054820e-02
9.483642578125000000e-01 7.403443642316154261e-02
9.484863281250000000e-01 7.403668642913463493e-02
9.486083984375000000e-01 7.403893672317196639e-02
9.487304687500000000e-01 7.404118668112280588e-02
9.488525390625000000e-01 7.404343692560610979e-02
9.489746093750000000e-01 7.404568683550849517e-02
9.490966796875000000e-01 7.404793703041795405e-02
9.492187500000000000e-01 7.405018689224901474e-02
9.493408203125000000e-01 7.405243703755282070e-02
9.494628906250000000e-01 7.405468685128496764e-02
9.495849609375000000e-01 7.405693694696541263e-02
9.497070312500000000e-01 7.405918671257161190e-02
9.498291015625000000e-01 7.406143675860066278e-02
9.499511718750000000e-01 7.406368647605193756e-02
9.500732421875000000e-01 7.406593647240294898e-02
9.501953125000000000e-01 7.406818614167787196e-02
9.503173828125000000e-01 7.407043608832497572e-02
9.504394531250000000e-01 7.407268570939923302e-02
9.505615234375000000e-01 7.407493560631711604e-02
9.506835937500000000e-01 7.407718517916139778e-02
9.508056640625000000e-01 7.407943502632696742e-02
9.509277343750000000e-01 7.408168455091362903e-02
9.510498046875000000e-01 7.408393434830323754e-02
9.511718750000000000e-01 7.408618382461196195e-02
9.512939453125000000e-01 7.408843357219219161e-02
9.514160156250000000e-01 7.409068300019311382e-02
9.515380859375000000e-01 7.409293269794470227e-02
9.516601562500000000e-01 7.409518207761389696e-02
9.517822265625000000e-01 7.409743172551508383e-02
9.519042968750000000e-01 7.409968105682102069e-02
9.520263671875000000e-01 7.410193065484088626e-02
9.521484375000000000e-01 7.410417993776258205e-02
9.522705078125000000e-01 7.410642948587764511e-02
9.523925781250000000e-01 7.410867872039389459e-02
9.525146484375000000e-01 7.411092821857390156e-02
9.526367187500000000e-01 7.411317740465078741e-02
9.527587890625000000e-01 7.411542685287580978e-02
9.528808593750000000e-01 7.411767599049245980e-02
9.530029296875000000e-01 7.411992538873646286e-02
9.531250000000000000e-01 7.412217447786478841e-02
9.532470703125000000e-01 7.412442382610068270e-02
9.533691406250000000e-01 7.412667286671753564e-02
9.534912109375000000e-01 7.412892216491950848e-02
9.536132812500000000e-01 7.413117115699557891e-02
9.537353515625000000e-01 7.413342040514009357e-02
9.538574218750000000e-01 7.413566934864984637e-02
9.539794921875000000e-01 7.413791854671208936e-02
9.541015625000000000e-01 7.414016744163265393e-02
9.542236328125000000e-01 7.414241658958803383e-02
9.543457031250000000e-01 7.414466543588771330e-02
9.544677734375000000e-01 7.414691453370619856e-02
9.545898437500000000e-01 7.414916333136734039e-02
9.547119140625000000e-01 7.415141237902578286e-02
9.548339843750000000e-01 7.415366112801835552e-02
9.549560546875000000e-01 7.415591012548911065e-02
9.550781250000000000e-01 7.415815882578408180e-02
9.552001953125000000e-01 7.416040777304855336e-02
9.553222656250000000e-01 7.416265642462194219e-02
9.554443359375000000e-01 7.416490532164987659e-02
9.555664062500000000e-01 7.416715392448003374e-02
9.556884765625000000e-01 7.416940277124778325e-02
9.558105468750000000e-01 7.417165132530328941e-02
9.559326171875000000e-01 7.417390012178326497e-02
9.560546875000000000e-01 7.417614862704002832e-02
9.561767578125000000e-01 7.417839737320919280e-02
9.562988281250000000e-01 7.418064582964184472e-02
9.564208984375000000e-01 7.418289452547138785e-02
9.565429687500000000e-01 7.418514293305555896e-02
9.566650390625000000e-01 7.418739157852366484e-02
9.567871093750000000e-01 7.418963993723437511e-02
9.569091796875000000e-01 7.419188853231151182e-02
9.570312500000000000e-01 7.419413684211889626e-02
9.571533203125000000e-01 7.419638538678607897e-02
9.572753906250000000e-01 7.419863364766188241e-02
9.573974609375000000e-01 7.420088214188930165e-02
9.575195312500000000e-01 7.420313035381514988e-02
9.576416015625000000e-01 7.420537879757332922e-02
9.577636718750000000e-01 7.420762696051963481e-02
9.578857421875000000e-01 7.420987535379203193e-02
9.580078125000000000e-01 7.421212346773270463e-02
9.581298828125000000e-01 7.421437181048590181e-02
9.582519531250000000e-01 7.421661987539973637e-02
9.583740234375000000e-01 7.421886816761003036e-02
9.584960937500000000e-01 7.422111618346743933e-02
9.586181640625000000e-01 7.422336442511273669e-02
9.587402343750000000e-01 7.422561239188368853e-02
9.588623046875000000e-01 7.422786058293995293e-02
9.589843750000000000e-01 7.423010850060079990e-02
9.591064453125000000e-01 7.423235664103716713e-02
9.592285156250000000e-01 7.423460450956448353e-02
9.593505859375000000e-01 7.423685259935619563e-02
9.594726562500000000e-01 7.423910041872833210e-02
9.595947265625000000e-01 7.424134845785018699e-02
9.597167968750000000e-01 7.424359622803511360e-02
9.598388671875000000e-01 7.424584421646179822e-02
9.599609375000000000e-01 7.424809193743175939e-02
9.600830078125000000e-01 7.425033987514406686e-02
9.602050781250000000e-01 7.425258754687558138e-02
9.603271484375000000e-01 7.425483543384242546e-02
9.604492187500000000e-01 7.425708305631101291e-02
9.605712890625000000e-01 7.425933089250541519e-02
9.606933593750000000e-01 7.426157846568343102e-02
9.608154296875000000e-01 7.426382625108368662e-02
9.609375000000000000e-01 7.426607377494648388e-02
9.610595703125000000e-01 7.426832150952311640e-02
9.611816406250000000e-01 7.427056898404460483e-02
9.613037109375000000e-01 7.427281666777280078e-02
9.614257812500000000e-01 7.427506409292611300e-02
9.615478515625000000e-01 7.427731172578611041e-02
9.616699218750000000e-01 7.427955910154837582e-02
9.617919921875000000e-01 7.428180668350309324e-02
9.619140625000000000e-01 7.428405400984772200e-02
9.620361328125000000e-01 7.428630154088222692e-02
9.621582031250000000e-01 7.428854881777746666e-02
9.622802734375000000e-01 7.429079629786455863e-02
9.624023437500000000e-01 7.429304352529425559e-02
9.625244140625000000e-01 7.429529095440351449e-02
9.626464843750000000e-01 7.429753813233591631e-02
9.627685546875000000e-01 7.429978551044746915e-02
9.628906250000000000e-01 7.430203263884427312e-02
9.630126953125000000e-01 7.430427996593230722e-02
9.631347656250000000e-01 7.430652704480938953e-02
9.632568359375000000e-01 7.430877432082794165e-02
9.633789062500000000e-01 7.431102135011380394e-02
9.635009765625000000e-01 7.431326857505660133e-02
9.636230468750000000e-01 7.431551555475784943e-02
9.637451171875000000e-01 7.431776272861612131e-02
9.638671875000000000e-01 7.432000965866486508e-02
9.639892578125000000e-01 7.432225678139059433e-02
9.641113281250000000e-01 7.432450366179604861e-02
9.642333984375000000e-01 7.432675073336825200e-02
9.643554687500000000e-01 7.432899756409772074e-02
9.644775390625000000e-01 7.433124458449408278e-02
9.645996093750000000e-01 7.433349136551498093e-02
9.647216796875000000e-01 7.433573833470324965e-02
9.648437500000000000e-01 7.433798506599897937e-02
9.649658203125000000e-01 7.434023198395633969e-02
9.650878906250000000e-01 7.434247866549786865e-02
9.652099609375000000e-01 7.434472553219878543e-02
9.653320312500000000e-01 7.434697216395985686e-02
9.654541015625000000e-01 7.434921897937363244e-02
9.655761718750000000e-01 7.435146556132876672e-02
9.656982421875000000e-01 7.435371232544102371e-02
9.658203125000000000e-01 7.435595885755752477e-02
9.659423828125000000e-01 7.435820557034183986e-02
9.660644531250000000e-01 7.436045205259977919e-02
9.661865234375000000e-01 7.436269871402201304e-02
9.663085937500000000e-01 7.436494514639502285e-02
9.664306640625000000e-01 7.436719175643657920e-02
9.665527343750000000e-01 7.436943813889457244e-02
9.666748046875000000e-01 7.437168469753024924e-02
9.667968750000000000e-01 7.437393103005129902e-02
9.669189453125000000e-01 7.437617753724673486e-02
9.670410156250000000e-01 7.437842381980702688e-02
9.671630859375000000e-01 7.438067027554462474e-02
9.672851562500000000e-01 7.438291650811579281e-02
9.674072265625000000e-01 7.438516291236979550e-02
9.675292968750000000e-01 7.438740909492952413e-02
9.676513671875000000e-01 7.438965544766390492e-02
9.677734375000000000e-01 7.439190158018404997e-02
9.678955078125000000e-01 7.439414788138232204e-02
9.680175781250000000e-01 7.439639396383479486e-02
9.681396484375000000e-01 7.439864021347381007e-02
9.682617187500000000e-01 7.440088624583429677e-02
9.683837890625000000e-01 7.440313244388313541e-02
9.685058593750000000e-01 7.440537842612326980e-02
9.686279296875000000e-01 7.440762457255778450e-02
9.687500000000000000e-01 7.440987050465658337e-02
9.688720703125000000e-01 7.441211659944962920e-02
9.689941406250000000e-01 7.441436248138255660e-02
9.691162109375000000e-01 7.441660852450548980e-02
9.692382812500000000e-01 7.441885435624051581e-02
9.693603515625000000e-01 7.442110034767918103e-02
9.694824218750000000e-01 7.442334612918777292e-02
9.696044921875000000e-01 7.442559206891180557e-02
9.697265625000000000e-01 7.442783780017481199e-02
9.698486328125000000e-01 7.443008368815640097e-02
9.699707031250000000e-01 7.443232936914367937e-02
9.700927734375000000e-01 7.443457520535484706e-02
9.702148437500000000e-01 7.443682083604524768e-02
9.703369140625000000e-01 7.443906662046378964e-02
9.704589843750000000e-01 7.444131220082822464e-02
9.705810546875000000e-01 7.444355793342916083e-02
9.707031250000000000e-01 7.444580346344137345e-02
9.708251953125000000e-01 7.444804914419467234e-02
9.709472656250000000e-01 7.445029462382896090e-02
9.710693359375000000e-01 7.445254025271608178e-02
9.711914062500000000e-01 7.445478568194618951e-02
9.713134765625000000e-01 7.445703125893959884e-02
9.714355468750000000e-01 7.445927663773760363e-02
9.715576171875000000e-01 7.446152216280899072e-02
9.716796875000000000e-01 7.446376749115368732e-02
9.718017578125000000e-01 7.446601296427424188e-02
9.719238281250000000e-01 7.446825824213804124e-02
9.720458984375000000e-01 7.447050366328739068e-02
9.721679687500000000e-01 7.447274889064553482e-02
9.722900390625000000e-01 7.447499425979570153e-02
9.724121093750000000e-01 7.447723943662182267e-02
9.725341796875000000e-01 7.447948475374721600e-02
9.726562500000000000e-01 7.448172988001444672e-02
9.727783203125000000e-01 7.448397514509313977e-02
9.729003906250000000e-01 7.448622022077205918e-02
9.730224609375000000e-01 7.448846543377296570e-02
9.731445312500000000e-01 7.449071045884492204e-02
9.732666015625000000e-01 7.449295561974211832e-02
9.733886718750000000e-01 7.449520059417913398e-02
9.735107421875000000e-01 7.449744570295108170e-02
9.736328125000000000e-01 7.449969062672279208e-02
9.737548828125000000e-01 7.450193568334195771e-02
9.738769531250000000e-01 7.450418055642710202e-02
9.739990234375000000e-01 7.450642556086828350e-02
9.741210937500000000e-01 7.450867038323882863e-02
9.742431640625000000e-01 7.451091533547321566e-02
9.743652343750000000e-01 7.451316010710445914e-02
9.744873046875000000e-01 7.451540500711184567e-02
9.746093750000000000e-01 7.451764972797370046e-02
9.747314453125000000e-01 7.451989457572616438e-02
9.748535156250000000e-01 7.452213924579836890e-02
9.749755859375000000e-01 7.452438404126970894e-02
9.750976562500000000e-01 7.452662866052200963e-02
9.752197265625000000e-01 7.452887340368563596e-02
9.753417968750000000e-01 7.453111797209460709e-02
9.754638671875000000e-01 7.453336266292726053e-02
9.755859375000000000e-01 7.453560718046681188e-02
9.757080078125000000e-01 7.453785181894101441e-02
9.758300781250000000e-01 7.454009628558305733e-02
9.759521484375000000e-01 7.454234087167538325e-02
9.760742187500000000e-01 7.454458528739482670e-02
9.761962890625000000e-01 7.454682982107657674e-02
9.763183593750000000e-01 7.454907418584927337e-02
9.764404296875000000e-01 7.455131866709679977e-02
9.765625000000000000e-01 7.455356298089488298e-02
9.766845703125000000e-01 7.455580740967948650e-02
9.768066406250000000e-01 7.455805167247897547e-02
9.769287109375000000e-01 7.456029604877778549e-02
9.770507812500000000e-01 7.456254026055253448e-02
9.771728515625000000e-01 7.456478458433735135e-02
9.772949218750000000e-01 7.456702874506077050e-02
9.774169921875000000e-01 7.456927301631116611e-02
9.775390625000000000e-01 7.457151712595300186e-02
9.776611328125000000e-01 7.457376134463733486e-02
9.777832031250000000e-01 7.457600540317971261e-02
9.779052734375000000e-01 7.457824956927294746e-02
9.780273437500000000e-01 7.458049357668539159e-02
9.781494140625000000e-01 7.458273769016715571e-02
9.782714843750000000e-01 7.458498164642018979e-02
9.783935546875000000e-01 7.458722570725911938e-02
9.785156250000000000e-01 7.458946961233409167e-02
9.786376953125000000e-01 7.459171362050798226e-02
9.787597656250000000e-01 7.459395747437480573e-02
9.788818359375000000e-01 7.459620142985351476e-02
9.790039062500000000e-01 7.459844523248948533e-02
9.791259765625000000e-01 7.460068913525014223e-02
9.792480468750000000e-01 7.460293288662778188e-02
9.793701171875000000e-01 7.460517673664229799e-02
9.794921875000000000e-01 7.460742043673646018e-02
9.796142578125000000e-01 7.460966423398207592e-02
9.797363281250000000e-01 7.461190788276028663e-02
9.798583984375000000e-01 7.461415162721302119e-02
9.799804687500000000e-01 7.461639522465618457e-02
9.801025390625000000e-01 7.461863891628428558e-02
9.802246093750000000e-01 7.462088246236570077e-02
9.803466796875000000e-01 7.462312610114663070e-02
9.804687500000000000e-01 7.462536959583759844e-02
9.805908203125000000e-01 7.462761318174715441e-02
9.807128906250000000e-01 7.462985662502708006e-02
9.808349609375000000e-01 7.463210015803456443e-02
9.809570312500000000e-01 7.463434354987463770e-02
9.810791015625000000e-01 7.463658702995712435e-02
9.812011718750000000e-01 7.463883037032842394e-02
9.813232421875000000e-01 7.464107379746404147e-02
9.814453125000000000e-01 7.464331708634081020e-02
9.815673828125000000e-01 7.464556046050108140e-02
9.816894531250000000e-01 7.464780369785989356e-02
9.818115234375000000e-01 7.465004701901434281e-02
9.819335937500000000e-01 7.465229020483138411e-02
9.820556640625000000e-01 7.465453347296169273e-02
9.821777343750000000e-01 7.465677660720593245e-02
9.822998046875000000e-01 7.465901982228129175e-02
9.824218750000000000e-01 7.466126290492769435e-02
9.825439453125000000e-01 7.466350606692850889e-02
9.826660156250000000e-01 7.466574909795009596e-02
9.827880859375000000e-01 7.466799220684411376e-02
9.829101562500000000e-01 7.467023518621990208e-02
9.830322265625000000e-01 7.467247824198292028e-02
9.831542968750000000e-01 7.467472116968121298e-02
9.832763671875000000e-01 7.467696417229024997e-02
9.833984375000000000e-01 7.467920704828784340e-02
9.835205078125000000e-01 7.468144999771325621e-02
9.836425781250000000e-01 7.468369282198666914e-02
9.837646484375000000e-01 7.468593571820225652e-02
9.838867187500000000e-01 7.468817849072506565e-02
9.840087890625000000e-01 7.469042133370534797e-02
9.841308593750000000e-01 7.469266405445079693e-02
9.842529296875000000e-01 7.469490684417190440e-02
9.843750000000000000e-01 7.469714951311007267e-02
9.844970703125000000e-01 7.469939224954658119e-02
9.846191406250000000e-01 7.470163486665309938e-02
9.847412109375000000e-01 7.470387754978002892e-02
9.848632812500000000e-01 7.470612011503408034e-02
9.849853515625000000e-01 7.470836274481768013e-02
9.851074218750000000e-01 7.471060525819217535e-02
9.852294921875000000e-01 7.471284783461584755e-02
9.853515625000000000e-01 7.471509029607598107e-02
9.854736328125000000e-01 7.471733281911463465e-02
9.855957031250000000e-01 7.471957522864147716e-02
9.857177734375000000e-01 7.472181769826102826e-02
9.858398437500000000e-01 7.472406005583281940e-02
9.859619140625000000e-01 7.472630247200939824e-02
9.860839843750000000e-01 7.472854477759294234e-02
9.862060546875000000e-01 7.473078714030412240e-02
9.863281250000000000e-01 7.473302939387788113e-02
9.864501953125000000e-01 7.473527170309701706e-02
9.865722656250000000e-01 7.473751390462729516e-02
9.866943359375000000e-01 7.473975616033107228e-02
9.868164062500000000e-01 7.474199830979794124e-02
9.869384765625000000e-01 7.474424051195815988e-02
9.870605468750000000e-01 7.474648260933641764e-02
9.871826171875000000e-01 7.474872475792643245e-02
9.873046875000000000e-01 7.475096680318582543e-02
9.874267578125000000e-01 7.475320889818187764e-02
9.875488281250000000e-01 7.475545089130319898e-02
9.876708984375000000e-01 7.475769293267242599e-02
9.877929687500000000e-01 7.475993487362642131e-02
9.879150390625000000e-01 7.476217686134889462e-02
9.880371093750000000e-01 7.476441875010508831e-02
9.881591796875000000e-01 7.476666068415882549e-02
9.882812500000000000e-01 7.476890252069540166e-02
9.884033203125000000e-01 7.477114440104892790e-02
9.885253906250000000e-01 7.477338618534051795e-02
9.886474609375000000e-01 7.477562801196768749e-02
9.887695312500000000e-01 7.477786974398659137e-02
9.888916015625000000e-01 7.478011151686420055e-02
9.890136718750000000e-01 7.478235319658499414e-02
9.891357421875000000e-01 7.478459491568384410e-02
9.892578125000000000e-01 7.478683654308160289e-02
9.893798828125000000e-01 7.478907820837976672e-02
9.895019531250000000e-01 7.479131978342790088e-02
9.896240234375000000e-01 7.479356139489412580e-02
9.897460937500000000e-01 7.479580291757059740e-02
9.898681640625000000e-01 7.479804447517929278e-02
9.899902343750000000e-01 7.480028594545234943e-02
9.901123046875000000e-01 7.480252744918336472e-02
9.902343750000000000e-01 7.480476886702669415e-02
9.903564453125000000e-01 7.480701031685288438e-02
9.904785156250000000e-01 7.480925168224522581e-02
9.906005859375000000e-01 7.481149307813689253e-02
9.907226562500000000e-01 7.481373439104832546e-02
9.908447265625000000e-01 7.481597573298243153e-02
9.909667968750000000e-01 7.481821699338520038e-02
9.910888671875000000e-01 7.482045828133915277e-02
9.912109375000000000e-01 7.482269948920911018e-02
9.913330078125000000e-01 7.482494072314954670e-02
9.914550781250000000e-01 7.482718187846504332e-02
9.915771484375000000e-01 7.482942305837025909e-02
9.916992187500000000e-01 7.483166416110065278e-02
9.918212890625000000e-01 7.483390528694561228e-02
9.919433593750000000e-01 7.483614633706370256e-02
9.920654296875000000e-01 7.483838740882031715e-02
9.921875000000000000e-01 7.484062840630656410e-02
9.923095703125000000e-01 7.484286942394807740e-02
9.924316406250000000e-01 7.484511036877294909e-02
9.925537109375000000e-01 7.484735133227532478e-02
9.926757812500000000e-01 7.484959222441212034e-02
9.927978515625000000e-01 7.485183313374588199e-02
9.929199218750000000e-01 7.485407397316934386e-02
9.930419921875000000e-01 7.485631482831500705e-02
9.931640625000000000e-01 7.485855561499554778e-02
9.932861328125000000e-01 7.486079641592274792e-02
9.934082031250000000e-01 7.486303714984132718e-02
9.935302734375000000e-01 7.486527789652491771e-02
9.936523437500000000e-01 7.486751857765105989e-02
9.937744140625000000e-01 7.486975927006261911e-02
9.938964843750000000e-01 7.487199989837162173e-02
9.940185546875000000e-01 7.487424053649105460e-02
9.941406250000000000e-01 7.487648111195244205e-02
9.942626953125000000e-01 7.487872169575365833e-02
9.943847656250000000e-01 7.488096221834583677e-02
9.945068359375000000e-01 7.488320274779675101e-02
9.946289062500000000e-01 7.488544321749496246e-02
9.947509765625000000e-01 7.488768369257359225e-02
9.948730468750000000e-01 7.488992410934863786e-02
9.949951171875000000e-01 7.489216453002872642e-02
9.951171875000000000e-01 7.489440489385434940e-02
9.952392578125000000e-01 7.489664526011102774e-02
9.953613281250000000e-01 7.489888557096108235e-02
9.954833984375000000e-01 7.490112588276837124e-02
9.956054687500000000e-01 7.490336614062126364e-02
9.957275390625000000e-01 7.490560639794341391e-02
9.958496093750000000e-01 7.490784660277366447e-02
9.959716796875000000e-01 7.491008680559879673e-02
9.960937500000000000e-01 7.491232695737226610e-02
9.962158203125000000e-01 7.491456710566879451e-02
9.963378906250000000e-01 7.491680720436522112e-02
9.964599609375000000e-01 7.491904729810355823e-02
9.965820312500000000e-01 7.492128734369873921e-02
9.967041015625000000e-01 7.492352738285723568e-02
9.968261718750000000e-01 7.492576737531986275e-02
9.969482421875000000e-01 7.492800735987448224e-02
9.970703125000000000e-01 7.493024729918051907e-02
9.971923828125000000e-01 7.493248722909717774e-02
9.973144531250000000e-01 7.493472711522419782e-02
9.974365234375000000e-01 7.493696699048491006e-02
9.975585937500000000e-01 7.493920682340138306e-02
9.976806640625000000e-01 7.494144664397761613e-02
9.978027343750000000e-01 7.494368642366067146e-02
9.979248046875000000e-01 7.494592618952505836e-02
9.980468750000000000e-01 7.494816591594904986e-02
9.981689453125000000e-01 7.495040562707666609e-02
9.982910156250000000e-01 7.495264530021494842e-02
9.984130859375000000e-01 7.495488495657631756e-02
9.985351562500000000e-01 7.495712457640302251e-02
9.986572265625000000e-01 7.495936417797810503e-02
9.987792968750000000e-01 7.496160374446536601e-02
9.989013671875000000e-01 7.496384329122662837e-02
9.990234375000000000e-01 7.496608280435018701e-02
9.991455078125000000e-01 7.496832229626981814e-02
9.992675781250000000e-01 7.497056175599986494e-02
9.993896484375000000e-01 7.497280119305199664e-02
9.995117187500000000e-01 7.497504059937049048e-02
9.996337890625000000e-01 7.497727998153141948e-02
9.997558593750000000e-01 7.497951933440438754e-02
9.998779296875000000e-01 7.498175866164519254e-02
