# vtk DataFile Version 3.0
Heat2D data at time 0.09
ASCII
DATASET STRUCTURED_POINTS
DIMENSIONS 101 101 1
ORIGIN 0 0 0
SPACING 0.01 0.01 1
POINT_DATA 10201
SCALARS temperature double
LOOKUP_TABLE default
0
0
0
0
0
0
0
0
0
0
0
0
0
0
0
0
0
0
0
0
0
0
0
0
0
0
0
0
0
0
0
0
0
0
0
0
0
0
0
0
0
0
0
0
0
0
0
0
0
0
0
0
0
0
0
0
0
0
0
0
0
0
0
0
0
0
0
0
0
0
0
0
0
0
0
0
0
0
0
0
0
0
0
0
0
0
0
0
0
0
0
0
0
0
0
0
0
0
0
0
0
0
6.18117e-07
1.26217e-06
1.95859e-06
2.7347e-06
3.61925e-06
4.64272e-06
5.83776e-06
7.23942e-06
8.88542e-06
1.08163e-05
1.30752e-05
1.57083e-05
1.87641e-05
2.22932e-05
2.63478e-05
3.09813e-05
3.62469e-05
4.2197e-05
4.88821e-05
5.63492e-05
6.46408e-05
7.37929e-05
8.3834e-05
9.4783e-05
0.000106648
0.000119425
0.000133095
0.000147626
0.000162969
0.000179057
0.000195809
0.000213125
0.000230889
0.000248969
0.000267219
0.000285479
0.000303581
0.000321345
0.000338587
0.000355123
0.000370765
0.000385333
0.000398653
0.000410561
0.00042091
0.000429567
0.000436421
0.000441382
0.000444385
0.000445391
0.000444385
0.000441382
0.000436421
0.000429567
0.00042091
0.000410561
0.000398653
0.000385333
0.000370765
0.000355123
0.000338587
0.000321345
0.000303581
0.000285479
0.000267219
0.000248969
0.000230889
0.000213125
0.000195809
0.000179057
0.000162969
0.000147626
0.000133095
0.000119425
0.000106648
9.4783e-05
8.3834e-05
7.37929e-05
6.46408e-05
5.63492e-05
4.88821e-05
4.2197e-05
3.62469e-05
3.09813e-05
2.63478e-05
2.22932e-05
1.87641e-05
1.57083e-05
1.30752e-05
1.08163e-05
8.88542e-06
7.23942e-06
5.83776e-06
4.64272e-06
3.61925e-06
2.7347e-06
1.95859e-06
1.26217e-06
6.18117e-07
0
0
1.26217e-06
2.57732e-06
3.99937e-06
5.58417e-06
7.39038e-06
9.48028e-06
1.19205e-05
1.47827e-05
1.81437e-05
2.20864e-05
2.66992e-05
3.20759e-05
3.83157e-05
4.55219e-05
5.38014e-05
6.32628e-05
7.40149e-05
8.61649e-05
9.98156e-05
0.000115063
0.000131994
0.000150683
0.000171186
0.000193544
0.000217772
0.000243861
0.000271776
0.000301448
0.000332777
0.000365629
0.000399836
0.000435195
0.000471468
0.000508387
0.000545652
0.000582939
0.000619902
0.000656175
0.000691384
0.000725149
0.00075709
0.000786837
0.000814036
0.000838353
0.000859484
0.000877162
0.000891157
0.000901287
0.00090742
0.000909473
0.00090742
0.000901287
0.000891157
0.000877162
0.000859484
0.000838353
0.000814036
0.000786837
0.00075709
0.000725149
0.000691384
0.000656175
0.000619902
0.000582939
0.000545652
0.000508387
0.000471468
0.000435195
0.000399836
0.000365629
0.000332777
0.000301448
0.000271776
0.000243861
0.000217772
0.000193544
0.000171186
0.000150683
0.000131994
0.000115063
9.98156e-05
8.61649e-05
7.40149e-05
6.32628e-05
5.38014e-05
4.55219e-05
3.83157e-05
3.20759e-05
2.66992e-05
2.20864e-05
1.81437e-05
1.47827e-05
1.19205e-05
9.48028e-06
7.39038e-06
5.58417e-06
3.99937e-06
2.57732e-06
1.26217e-06
0
0
1.95859e-06
3.99937e-06
6.20605e-06
8.66528e-06
1.14681e-05
1.47111e-05
1.84977e-05
2.29391e-05
2.81547e-05
3.42728e-05
4.14306e-05
4.97739e-05
5.94566e-05
7.0639e-05
8.34867e-05
9.81684e-05
0.000114853
0.000133707
0.000154889
0.00017855
0.000204823
0.000233823
0.000265639
0.000300333
0.000337929
0.000378414
0.00042173
0.000467773
0.000516388
0.000567367
0.000620448
0.000675316
0.000731603
0.000788892
0.000846719
0.00090458
0.000961936
0.00101822
0.00107286
0.00112525
0.00117482
0.00122098
0.00126318
0.00130092
0.00133371
0.00136114
0.00138286
0.00139858
0.00140809
0.00141128
0.00140809
0.00139858
0.00138286
0.00136114
0.00133371
0.00130092
0.00126318
0.00122098
0.00117482
0.00112525
0.00107286
0.00101822
0.000961936
0.00090458
0.000846719
0.000788892
0.000731603
0.000675316
0.000620448
0.000567367
0.000516388
0.000467773
0.00042173
0.000378414
0.000337929
0.000300333
0.000265639
0.000233823
0.000204823
0.00017855
0.000154889
0.000133707
0.000114853
9.81684e-05
8.34867e-05
7.0639e-05
5.94566e-05
4.97739e-05
4.14306e-05
3.42728e-05
2.81547e-05
2.29391e-05
1.84977e-05
1.47111e-05
1.14681e-05
8.66528e-06
6.20605e-06
3.99937e-06
1.95859e-06
0
0
2.7347e-06
5.58417e-06
8.66528e-06
1.2099e-05
1.60125e-05
2.05406e-05
2.58277e-05
3.2029e-05
3.93113e-05
4.78538e-05
5.7848e-05
6.94975e-05
8.3017e-05
9.86306e-05
0.000116569
0.000137069
0.000160365
0.00018669
0.000216267
0.000249303
0.000285987
0.000326478
0.000370902
0.000419344
0.000471837
0.000528365
0.000588846
0.000653135
0.000721014
0.000792194
0.000866309
0.000942919
0.00102151
0.0011015
0.00118224
0.00126303
0.00134312
0.00142171
0.00149799
0.00157115
0.00164036
0.00170481
0.00176374
0.00181643
0.00186221
0.00190051
0.00193083
0.00195278
0.00196607
0.00197052
0.00196607
0.00195278
0.00193083
0.00190051
0.00186221
0.00181643
0.00176374
0.00170481
0.00164036
0.00157115
0.00149799
0.00142171
0.00134312
0.00126303
0.00118224
0.0011015
0.00102151
0.000942919
0.000866309
0.000792194
0.000721014
0.000653135
0.000588846
0.000528365
0.000471837
0.000419344
0.000370902
0.000326478
0.000285987
0.000249303
0.000216267
0.00018669
0.000160365
0.000137069
0.000116569
9.86306e-05
8.3017e-05
6.94975e-05
5.7848e-05
4.78538e-05
3.93113e-05
3.2029e-05
2.58277e-05
2.05406e-05
1.60125e-05
1.2099e-05
8.66528e-06
5.58417e-06
2.7347e-06
0
0
3.61925e-06
7.39038e-06
1.14681e-05
1.60125e-05
2.11917e-05
2.71844e-05
3.41817e-05
4.23888e-05
5.20266e-05
6.33322e-05
7.6559e-05
9.19766e-05
0.000109869
0.000130533
0.000154274
0.000181404
0.000212236
0.000247075
0.000286218
0.00032994
0.00037849
0.000432078
0.000490871
0.000554981
0.000624454
0.000699265
0.000779309
0.000864392
0.000954227
0.00104843
0.00114652
0.00124791
0.00135192
0.00145778
0.00156464
0.00167156
0.00177755
0.00188156
0.00198252
0.00207934
0.00217093
0.00225623
0.00233422
0.00240395
0.00246455
0.00251523
0.00255537
0.00258441
0.002602
0.00260789
0.002602
0.00258441
0.00255537
0.00251523
0.00246455
0.00240395
0.00233422
0.00225623
0.00217093
0.00207934
0.00198252
0.00188156
0.00177755
0.00167156
0.00156464
0.00145778
0.00135192
0.00124791
0.00114652
0.00104843
0.000954227
0.000864392
0.000779309
0.000699265
0.000624454
0.000554981
0.000490871
0.000432078
0.00037849
0.00032994
0.000286218
0.000247075
0.000212236
0.000181404
0.000154274
0.000130533
0.000109869
9.19766e-05
7.6559e-05
6.33322e-05
5.20266e-05
4.23888e-05
3.41817e-05
2.71844e-05
2.11917e-05
1.60125e-05
1.14681e-05
7.39038e-06
3.61925e-06
0
0
4.64272e-06
9.48028e-06
1.47111e-05
2.05406e-05
2.71844e-05
3.48718e-05
4.38478e-05
5.43758e-05
6.6739e-05
8.12416e-05
9.82089e-05
0.000117986
0.000140938
0.000167446
0.000197901
0.000232703
0.000272253
0.000316945
0.000367157
0.000423243
0.000485522
0.000554264
0.000629683
0.000711922
0.000801041
0.000897008
0.000999687
0.00110883
0.00122407
0.00134491
0.00147074
0.0016008
0.00173422
0.00187002
0.0020071
0.00214426
0.00228022
0.00241364
0.00254315
0.00266735
0.00278484
0.00289426
0.00299431
0.00308376
0.00316148
0.00322651
0.00327799
0.00331525
0.00333781
0.00334536
0.00333781
0.00331525
0.00327799
0.00322651
0.00316148
0.00308376
0.00299431
0.00289426
0.00278484
0.00266735
0.00254315
0.00241364
0.00228022
0.00214426
0.0020071
0.00187002
0.00173422
0.0016008
0.00147074
0.00134491
0.00122407
0.00110883
0.000999687
0.000897008
0.000801041
0.000711922
0.000629683
0.000554264
0.000485522
0.000423243
0.000367157
0.000316945
0.000272253
0.000232703
0.000197901
0.000167446
0.000140938
0.000117986
9.82089e-05
8.12416e-05
6.6739e-05
5.43758e-05
4.38478e-05
3.48718e-05
2.71844e-05
2.05406e-05
1.47111e-05
9.48028e-06
4.64272e-06
0
0
5.83776e-06
1.19205e-05
1.84977e-05
2.58277e-05
3.41817e-05
4.38478e-05
5.51342e-05
6.83721e-05
8.39176e-05
0.000102153
0.000123488
0.000148356
0.000177216
0.000210546
0.00024884
0.0002926
0.000342331
0.000398526
0.000461663
0.000532186
0.000610495
0.000696931
0.000791763
0.00089517
0.00100723
0.0011279
0.00125701
0.00139424
0.00153914
0.00169109
0.0018493
0.00201284
0.00218061
0.00235137
0.00252373
0.00269619
0.00286714
0.00303491
0.00319776
0.00335393
0.00350166
0.00363925
0.00376504
0.00387751
0.00397525
0.00405701
0.00412174
0.0041686
0.00419696
0.00420646
0.00419696
0.0041686
0.00412174
0.00405701
0.00397525
0.00387751
0.00376504
0.00363925
0.00350166
0.00335393
0.00319776
0.00303491
0.00286714
0.00269619
0.00252373
0.00235137
0.00218061
0.00201284
0.0018493
0.00169109
0.00153914
0.00139424
0.00125701
0.0011279
0.00100723
0.00089517
0.000791763
0.000696931
0.000610495
0.000532186
0.000461663
0.000398526
0.000342331
0.0002926
0.00024884
0.000210546
0.000177216
0.000148356
0.000123488
0.000102153
8.39176e-05
6.83721e-05
5.51342e-05
4.38478e-05
3.41817e-05
2.58277e-05
1.84977e-05
1.19205e-05
5.83776e-06
0
0
7.23942e-06
1.47827e-05
2.29391e-05
3.2029e-05
4.23888e-05
5.43758e-05
6.83721e-05
8.47885e-05
0.000104067
0.000126681
0.000153138
0.000183977
0.000219766
0.000261099
0.000308587
0.000362855
0.000424525
0.000494213
0.00057251
0.000659965
0.000757076
0.000864267
0.000981868
0.0011101
0.00124907
0.00139871
0.00155882
0.001729
0.0019087
0.00209713
0.00229333
0.00249613
0.00270418
0.00291594
0.00312968
0.00334355
0.00355555
0.0037636
0.00396555
0.00415922
0.00434242
0.00451304
0.00466904
0.00480852
0.00492972
0.00503111
0.00511138
0.00516949
0.00520466
0.00521644
0.00520466
0.00516949
0.00511138
0.00503111
0.00492972
0.00480852
0.00466904
0.00451304
0.00434242
0.00415922
0.00396555
0.0037636
0.00355555
0.00334355
0.00312968
0.00291594
0.00270418
0.00249613
0.00229333
0.00209713
0.0019087
0.001729
0.00155882
0.00139871
0.00124907
0.0011101
0.000981868
0.000864267
0.000757076
0.000659965
0.00057251
0.000494213
0.000424525
0.000362855
0.000308587
0.000261099
0.000219766
0.000183977
0.000153138
0.000126681
0.000104067
8.47885e-05
6.83721e-05
5.43758e-05
4.23888e-05
3.2029e-05
2.29391e-05
1.47827e-05
7.23942e-06
0
0
8.88542e-06
1.81437e-05
2.81547e-05
3.93113e-05
5.20266e-05
6.6739e-05
8.39176e-05
0.000104067
0.000127728
0.000155483
0.000187956
0.000225807
0.000269734
0.000320464
0.00037875
0.000445356
0.000521048
0.000606581
0.000702679
0.000810019
0.00092921
0.00106077
0.00120511
0.0013625
0.00153306
0.00171673
0.00191324
0.00212212
0.00234267
0.00257394
0.00281475
0.00306367
0.00331903
0.00357893
0.00384127
0.00410376
0.00436397
0.00461932
0.00486719
0.00510488
0.00532974
0.00553915
0.00573063
0.00590181
0.00605057
0.00617502
0.00627354
0.00634486
0.00638803
0.00640248
0.00638803
0.00634486
0.00627354
0.00617502
0.00605057
0.00590181
0.00573063
0.00553915
0.00532974
0.00510488
0.00486719
0.00461932
0.00436397
0.00410376
0.00384127
0.00357893
0.00331903
0.00306367
0.00281475
0.00257394
0.00234267
0.00212212
0.00191324
0.00171673
0.00153306
0.0013625
0.00120511
0.00106077
0.00092921
0.000810019
0.000702679
0.000606581
0.000521048
0.000445356
0.00037875
0.000320464
0.000269734
0.000225807
0.000187956
0.000155483
0.000127728
0.000104067
8.39176e-05
6.6739e-05
5.20266e-05
3.93113e-05
2.81547e-05
1.81437e-05
8.88542e-06
0
0
1.08163e-05
2.20864e-05
3.42728e-05
4.78538e-05
6.33322e-05
8.12416e-05
0.000102153
0.000126681
0.000155483
0.000189271
0.000228799
0.000274875
0.000328348
0.000390102
0.000461053
0.000542133
0.000634274
0.000738393
0.000855374
0.000986039
0.00113113
0.00129128
0.00146699
0.00165858
0.0018662
0.00208978
0.00232899
0.00258327
0.00285174
0.00313327
0.00342641
0.00372942
0.00404026
0.00435664
0.00467599
0.00499552
0.00531227
0.00562312
0.00592484
0.00621419
0.00648791
0.00674283
0.00697591
0.0071843
0.00736538
0.00751687
0.0076368
0.00772362
0.00777617
0.00779376
0.00777617
0.00772362
0.0076368
0.00751687
0.00736538
0.0071843
0.00697591
0.00674283
0.00648791
0.00621419
0.00592484
0.00562312
0.00531227
0.00499552
0.00467599
0.00435664
0.00404026
0.00372942
0.00342641
0.00313327
0.00285174
0.00258327
0.00232899
0.00208978
0.0018662
0.00165858
0.00146699
0.00129128
0.00113113
0.000986039
0.000855374
0.000738393
0.000634274
0.000542133
0.000461053
0.000390102
0.000328348
0.000274875
0.000228799
0.000189271
0.000155483
0.000126681
0.000102153
8.12416e-05
6.33322e-05
4.78538e-05
3.42728e-05
2.20864e-05
1.08163e-05
0
0
1.30752e-05
2.66992e-05
4.14306e-05
5.7848e-05
7.6559e-05
9.82089e-05
0.000123488
0.000153138
0.000187956
0.000228799
0.000276584
0.000332283
0.000396923
0.000471574
0.000557344
0.000655357
0.000766741
0.000892606
0.00103402
0.00119197
0.00136737
0.00156096
0.00177337
0.00200497
0.00225596
0.00252623
0.0028154
0.00312278
0.00344732
0.00378765
0.00414201
0.0045083
0.00488407
0.00526652
0.00565256
0.00603883
0.00642173
0.0067975
0.00716224
0.00751202
0.0078429
0.00815106
0.00843282
0.00868473
0.00890363
0.00908676
0.00923174
0.00933669
0.00940021
0.00942148
0.00940021
0.00933669
0.00923174
0.00908676
0.00890363
0.00868473
0.00843282
0.00815106
0.0078429
0.00751202
0.00716224
0.0067975
0.00642173
0.00603883
0.00565256
0.00526652
0.00488407
0.0045083
0.00414201
0.00378765
0.00344732
0.00312278
0.0028154
0.00252623
0.00225596
0.00200497
0.00177337
0.00156096
0.00136737
0.00119197
0.00103402
0.000892606
0.000766741
0.000655357
0.000557344
0.000471574
0.000396923
0.000332283
0.000276584
0.000228799
0.000187956
0.000153138
0.000123488
9.82089e-05
7.6559e-05
5.7848e-05
4.14306e-05
2.66992e-05
1.30752e-05
0
0
1.57083e-05
3.20759e-05
4.97739e-05
6.94975e-05
9.19766e-05
0.000117986
0.000148356
0.000183977
0.000225807
0.000274875
0.000332283
0.000399199
0.000476856
0.000566541
0.000669583
0.000787334
0.000921149
0.00107236
0.00124225
0.00143201
0.00164273
0.00187531
0.00213049
0.00240874
0.00271027
0.00303496
0.00338237
0.00375165
0.00414155
0.00455041
0.00497614
0.00541619
0.00586763
0.0063271
0.00679088
0.00725494
0.00771495
0.00816639
0.00860458
0.0090248
0.00942232
0.00979254
0.010131
0.0104337
0.0106967
0.0109167
0.0110908
0.0112169
0.0112932
0.0113188
0.0112932
0.0112169
0.0110908
0.0109167
0.0106967
0.0104337
0.010131
0.00979254
0.00942232
0.0090248
0.00860458
0.00816639
0.00771495
0.00725494
0.00679088
0.0063271
0.00586763
0.00541619
0.00497614
0.00455041
0.00414155
0.00375165
0.00338237
0.00303496
0.00271027
0.00240874
0.00213049
0.00187531
0.00164273
0.00143201
0.00124225
0.00107236
0.000921149
0.000787334
0.000669583
0.000566541
0.000476856
0.000399199
0.000332283
0.000274875
0.000225807
0.000183977
0.000148356
0.000117986
9.19766e-05
6.94975e-05
4.97739e-05
3.20759e-05
1.57083e-05
0
0
1.87641e-05
3.83157e-05
5.94566e-05
8.3017e-05
0.000109869
0.000140938
0.000177216
0.000219766
0.000269734
0.000328348
0.000396923
0.000476856
0.000569619
0.000676751
0.000799838
0.000940495
0.00110034
0.00128097
0.00148391
0.00171059
0.00196229
0.00224012
0.00254494
0.00287731
0.0032375
0.00362536
0.00404035
0.00448147
0.00494722
0.00543562
0.00594415
0.00646981
0.00700907
0.00755792
0.00811193
0.00866626
0.00921576
0.00975502
0.0102785
0.0107804
0.0112553
0.0116975
0.0121018
0.0124634
0.0127775
0.0130403
0.0132484
0.013399
0.0134901
0.0135207
0.0134901
0.013399
0.0132484
0.0130403
0.0127775
0.0124634
0.0121018
0.0116975
0.0112553
0.0107804
0.0102785
0.00975502
0.00921576
0.00866626
0.00811193
0.00755792
0.00700907
0.00646981
0.00594415
0.00543562
0.00494722
0.00448147
0.00404035
0.00362536
0.0032375
0.00287731
0.00254494
0.00224012
0.00196229
0.00171059
0.00148391
0.00128097
0.00110034
0.000940495
0.000799838
0.000676751
0.000569619
0.000476856
0.000396923
0.000328348
0.000269734
0.000219766
0.000177216
0.000140938
0.000109869
8.3017e-05
5.94566e-05
3.83157e-05
1.87641e-05
0
0
2.22932e-05
4.55219e-05
7.0639e-05
9.86306e-05
0.000130533
0.000167446
0.000210546
0.000261099
0.000320464
0.000390102
0.000471574
0.000566541
0.000676751
0.000804032
0.000950269
0.00111738
0.00130729
0.00152189
0.00176299
0.00203231
0.00233135
0.00266144
0.00302358
0.00341847
0.0038464
0.00430721
0.00480025
0.00532432
0.00587767
0.00645793
0.00706211
0.00768663
0.00832731
0.00897939
0.00963759
0.0102962
0.010949
0.0115897
0.0122116
0.012808
0.0133721
0.0138975
0.0143779
0.0148074
0.0151807
0.0154929
0.0157401
0.015919
0.0160273
0.0160636
0.0160273
0.015919
0.0157401
0.0154929
0.0151807
0.0148074
0.0143779
0.0138975
0.0133721
0.012808
0.0122116
0.0115897
0.010949
0.0102962
0.00963759
0.00897939
0.00832731
0.00768663
0.00706211
0.00645793
0.00587767
0.00532432
0.00480025
0.00430721
0.0038464
0.00341847
0.00302358
0.00266144
0.00233135
0.00203231
0.00176299
0.00152189
0.00130729
0.00111738
0.000950269
0.000804032
0.000676751
0.000566541
0.000471574
0.000390102
0.000320464
0.000261099
0.000210546
0.000167446
0.000130533
9.86306e-05
7.0639e-05
4.55219e-05
2.22932e-05
0
0
2.63478e-05
5.38014e-05
8.34867e-05
0.000116569
0.000154274
0.000197901
0.00024884
0.000308587
0.00037875
0.000461053
0.000557344
0.000669583
0.000799838
0.000950269
0.0011231
0.00132061
0.00154506
0.00179869
0.00208365
0.00240194
0.00275538
0.0031455
0.00357351
0.00404022
0.00454598
0.0050906
0.00567331
0.00629271
0.0069467
0.00763249
0.00834656
0.00908467
0.00984187
0.0106125
0.0113905
0.0121688
0.0129404
0.0136976
0.0144326
0.0151375
0.0158042
0.0164252
0.016993
0.0175006
0.0179417
0.0183107
0.0186029
0.0188143
0.0189424
0.0189852
0.0189424
0.0188143
0.0186029
0.0183107
0.0179417
0.0175006
0.016993
0.0164252
0.0158042
0.0151375
0.0144326
0.0136976
0.0129404
0.0121688
0.0113905
0.0106125
0.00984187
0.00908467
0.00834656
0.00763249
0.0069467
0.00629271
0.00567331
0.0050906
0.00454598
0.00404022
0.00357351
0.0031455
0.00275538
0.00240194
0.00208365
0.00179869
0.00154506
0.00132061
0.0011231
0.000950269
0.000799838
0.000669583
0.000557344
0.000461053
0.00037875
0.000308587
0.00024884
0.000197901
0.000154274
0.000116569
8.34867e-05
5.38014e-05
2.63478e-05
0
0
3.09813e-05
6.32628e-05
9.81684e-05
0.000137069
0.000181404
0.000232703
0.0002926
0.000362855
0.000445356
0.000542133
0.000655357
0.000787334
0.000940495
0.00111738
0.00132061
0.00155285
0.00181677
0.002115
0.00245007
0.00282434
0.00323993
0.00369865
0.00420193
0.00475072
0.00534542
0.00598582
0.006671
0.00739932
0.00816832
0.00897471
0.00981436
0.0106823
0.0115726
0.0124788
0.0133936
0.0143088
0.0152161
0.0161065
0.0169707
0.0177995
0.0185835
0.0193137
0.0199813
0.0205782
0.0210969
0.0215308
0.0218743
0.022123
0.0222735
0.0223239
0.0222735
0.022123
0.0218743
0.0215308
0.0210969
0.0205782
0.0199813
0.0193137
0.0185835
0.0177995
0.0169707
0.0161065
0.0152161
0.0143088
0.0133936
0.0124788
0.0115726
0.0106823
0.00981436
0.00897471
0.00816832
0.00739932
0.006671
0.00598582
0.00534542
0.00475072
0.00420193
0.00369865
0.00323993
0.00282434
0.00245007
0.002115
0.00181677
0.00155285
0.00132061
0.00111738
0.000940495
0.000787334
0.000655357
0.000542133
0.000445356
0.000362855
0.0002926
0.000232703
0.000181404
0.000137069
9.81684e-05
6.32628e-05
3.09813e-05
0
0
3.62469e-05
7.40149e-05
0.000114853
0.000160365
0.000212236
0.000272253
0.000342331
0.000424525
0.000521048
0.000634274
0.000766741
0.000921149
0.00110034
0.00130729
0.00154506
0.00181677
0.00212555
0.00247447
0.00286648
0.00330436
0.00379059
0.00432727
0.00491609
0.00555815
0.00625392
0.00700316
0.0078048
0.00865691
0.00955661
0.0105001
0.0114824
0.0124978
0.0135395
0.0145997
0.0156699
0.0167407
0.0178022
0.0188439
0.019855
0.0208247
0.021742
0.0225962
0.0233773
0.0240756
0.0246825
0.0251901
0.0255921
0.025883
0.0260591
0.0261181
0.0260591
0.025883
0.0255921
0.0251901
0.0246825
0.0240756
0.0233773
0.0225962
0.021742
0.0208247
0.019855
0.0188439
0.0178022
0.0167407
0.0156699
0.0145997
0.0135395
0.0124978
0.0114824
0.0105001
0.00955661
0.00865691
0.0078048
0.00700316
0.00625392
0.00555815
0.00491609
0.00432727
0.00379059
0.00330436
0.00286648
0.00247447
0.00212555
0.00181677
0.00154506
0.00130729
0.00110034
0.000921149
0.000766741
0.000634274
0.000521048
0.000424525
0.000342331
0.000272253
0.000212236
0.000160365
0.000114853
7.40149e-05
3.62469e-05
0
0
4.2197e-05
8.61649e-05
0.000133707
0.00018669
0.000247075
0.000316945
0.000398526
0.000494213
0.000606581
0.000738393
0.000892606
0.00107236
0.00128097
0.00152189
0.00179869
0.002115
0.00247447
0.00288066
0.00333703
0.00384679
0.00441283
0.00503762
0.00572309
0.00647055
0.00728054
0.00815277
0.00908601
0.010078
0.0111254
0.0122237
0.0133673
0.0145494
0.0157621
0.0169964
0.0182422
0.0194888
0.0207245
0.0219372
0.0231143
0.0242432
0.025311
0.0263055
0.0272148
0.0280278
0.0287343
0.0293253
0.0297931
0.0301318
0.0303368
0.0304055
0.0303368
0.0301318
0.0297931
0.0293253
0.0287343
0.0280278
0.0272148
0.0263055
0.025311
0.0242432
0.0231143
0.0219372
0.0207245
0.0194888
0.0182422
0.0169964
0.0157621
0.0145494
0.0133673
0.0122237
0.0111254
0.010078
0.00908601
0.00815277
0.00728054
0.00647055
0.00572309
0.00503762
0.00441283
0.00384679
0.00333703
0.00288066
0.00247447
0.002115
0.00179869
0.00152189
0.00128097
0.00107236
0.000892606
0.000738393
0.000606581
0.000494213
0.000398526
0.000316945
0.000247075
0.00018669
0.000133707
8.61649e-05
4.2197e-05
0
0
4.88821e-05
9.98156e-05
0.000154889
0.000216267
0.000286218
0.000367157
0.000461663
0.00057251
0.000702679
0.000855374
0.00103402
0.00124225
0.00148391
0.00176299
0.00208365
0.00245007
0.00286648
0.00333703
0.00386571
0.00445622
0.00511194
0.00583571
0.00662978
0.00749565
0.00843397
0.00944438
0.0105255
0.0116746
0.0128879
0.0141602
0.015485
0.0168544
0.0182592
0.019689
0.0211323
0.0225763
0.0240078
0.0254127
0.0267762
0.0280839
0.0293209
0.030473
0.0315264
0.0324681
0.0332865
0.0339711
0.0345131
0.0349055
0.035143
0.0352225
0.035143
0.0349055
0.0345131
0.0339711
0.0332865
0.0324681
0.0315264
0.030473
0.0293209
0.0280839
0.0267762
0.0254127
0.0240078
0.0225763
0.0211323
0.019689
0.0182592
0.0168544
0.015485
0.0141602
0.0128879
0.0116746
0.0105255
0.00944438
0.00843397
0.00749565
0.00662978
0.00583571
0.00511194
0.00445622
0.00386571
0.00333703
0.00286648
0.00245007
0.00208365
0.00176299
0.00148391
0.00124225
0.00103402
0.000855374
0.000702679
0.00057251
0.000461663
0.000367157
0.000286218
0.000216267
0.000154889
9.98156e-05
4.88821e-05
0
0
5.63492e-05
0.000115063
0.00017855
0.000249303
0.00032994
0.000423243
0.000532186
0.000659965
0.000810019
0.000986039
0.00119197
0.00143201
0.00171059
0.00203231
0.00240194
0.00282434
0.00330436
0.00384679
0.00445622
0.00513695
0.00589283
0.00672716
0.00764253
0.00864067
0.00972232
0.0108871
0.0121333
0.013458
0.0148567
0.0163233
0.0178505
0.0194291
0.0210485
0.0226967
0.0243604
0.0260251
0.0276752
0.0292946
0.0308665
0.0323739
0.0337999
0.035128
0.0363423
0.0374279
0.0383713
0.0391605
0.0397853
0.0402376
0.0405114
0.040603
0.0405114
0.0402376
0.0397853
0.0391605
0.0383713
0.0374279
0.0363423
0.035128
0.0337999
0.0323739
0.0308665
0.0292946
0.0276752
0.0260251
0.0243604
0.0226967
0.0210485
0.0194291
0.0178505
0.0163233
0.0148567
0.013458
0.0121333
0.0108871
0.00972232
0.00864067
0.00764253
0.00672716
0.00589283
0.00513695
0.00445622
0.00384679
0.00330436
0.00282434
0.00240194
0.00203231
0.00171059
0.00143201
0.00119197
0.000986039
0.000810019
0.000659965
0.000532186
0.000423243
0.00032994
0.000249303
0.00017855
0.000115063
5.63492e-05
0
0
6.46408e-05
0.000131994
0.000204823
0.000285987
0.00037849
0.000485522
0.000610495
0.000757076
0.00092921
0.00113113
0.00136737
0.00164273
0.00196229
0.00233135
0.00275538
0.00323993
0.00379059
0.00441283
0.00511194
0.00589283
0.00675994
0.00771704
0.0087671
0.00991211
0.0111529
0.0124891
0.0139187
0.0154383
0.0170428
0.0187253
0.0204771
0.022288
0.0241457
0.0260364
0.0279449
0.0298546
0.0317475
0.0336052
0.0354084
0.0371376
0.0387735
0.0402969
0.0416899
0.0429352
0.0440175
0.0449228
0.0456396
0.0461584
0.0464724
0.0465776
0.0464724
0.0461584
0.0456396
0.0449228
0.0440175
0.0429352
0.0416899
0.0402969
0.0387735
0.0371376
0.0354084
0.0336052
0.0317475
0.0298546
0.0279449
0.0260364
0.0241457
0.022288
0.0204771
0.0187253
0.0170428
0.0154383
0.0139187
0.0124891
0.0111529
0.00991211
0.0087671
0.00771704
0.00675994
0.00589283
0.00511194
0.00441283
0.00379059
0.00323993
0.00275538
0.00233135
0.00196229
0.00164273
0.00136737
0.00113113
0.00092921
0.000757076
0.000610495
0.000485522
0.00037849
0.000285987
0.000204823
0.000131994
6.46408e-05
0
0
7.37929e-05
0.000150683
0.000233823
0.000326478
0.000432078
0.000554264
0.000696931
0.000864267
0.00106077
0.00129128
0.00156096
0.00187531
0.00224012
0.00266144
0.0031455
0.00369865
0.00432727
0.00503762
0.00583571
0.00672716
0.00771704
0.00880965
0.0100084
0.0113155
0.012732
0.0142573
0.0158894
0.0176241
0.0194557
0.0213765
0.0233764
0.0254436
0.0275643
0.0297228
0.0319015
0.0340815
0.0362425
0.0383632
0.0404217
0.0423957
0.0442632
0.0460024
0.0475925
0.0490142
0.0502497
0.0512832
0.0521014
0.0526937
0.0530522
0.0531723
0.0530522
0.0526937
0.0521014
0.0512832
0.0502497
0.0490142
0.0475925
0.0460024
0.0442632
0.0423957
0.0404217
0.0383632
0.0362425
0.0340815
0.0319015
0.0297228
0.0275643
0.0254436
0.0233764
0.0213765
0.0194557
0.0176241
0.0158894
0.0142573
0.012732
0.0113155
0.0100084
0.00880965
0.00771704
0.00672716
0.00583571
0.00503762
0.00432727
0.00369865
0.0031455
0.00266144
0.00224012
0.00187531
0.00156096
0.00129128
0.00106077
0.000864267
0.000696931
0.000554264
0.000432078
0.000326478
0.000233823
0.000150683
7.37929e-05
0
0
8.3834e-05
0.000171186
0.000265639
0.000370902
0.000490871
0.000629683
0.000791763
0.000981868
0.00120511
0.00146699
0.00177337
0.00213049
0.00254494
0.00302358
0.00357351
0.00420193
0.00491609
0.00572309
0.00662978
0.00764253
0.0087671
0.0100084
0.0113702
0.0128552
0.0144645
0.0161973
0.0180514
0.0200222
0.0221031
0.0242852
0.0265572
0.0289057
0.031315
0.0337672
0.0362424
0.038719
0.041174
0.0435833
0.0459219
0.0481646
0.0502861
0.0522619
0.0540685
0.0556836
0.0570872
0.0582613
0.0591909
0.0598638
0.0602711
0.0604074
0.0602711
0.0598638
0.0591909
0.0582613
0.0570872
0.0556836
0.0540685
0.0522619
0.0502861
0.0481646
0.0459219
0.0435833
0.041174
0.038719
0.0362424
0.0337672
0.031315
0.0289057
0.0265572
0.0242852
0.0221031
0.0200222
0.0180514
0.0161973
0.0144645
0.0128552
0.0113702
0.0100084
0.0087671
0.00764253
0.00662978
0.00572309
0.00491609
0.00420193
0.00357351
0.00302358
0.00254494
0.00213049
0.00177337
0.00146699
0.00120511
0.000981868
0.000791763
0.000629683
0.000490871
0.000370902
0.000265639
0.000171186
8.3834e-05
0
0
9.4783e-05
0.000193544
0.000300333
0.000419344
0.000554981
0.000711922
0.00089517
0.0011101
0.0013625
0.00165858
0.00200497
0.00240874
0.00287731
0.00341847
0.00404022
0.00475072
0.00555815
0.00647055
0.00749565
0.00864067
0.00991211
0.0113155
0.0128552
0.0145342
0.0163536
0.0183128
0.020409
0.0226372
0.0249899
0.0274569
0.0300257
0.0326809
0.0354049
0.0381773
0.0409757
0.0437758
0.0465515
0.0492755
0.0519195
0.054455
0.0568537
0.0590875
0.06113
0.0629561
0.064543
0.0658704
0.0669214
0.0676822
0.0681427
0.0682969
0.0681427
0.0676822
0.0669214
0.0658704
0.064543
0.0629561
0.06113
0.0590875
0.0568537
0.054455
0.0519195
0.0492755
0.0465515
0.0437758
0.0409757
0.0381773
0.0354049
0.0326809
0.0300257
0.0274569
0.0249899
0.0226372
0.020409
0.0183128
0.0163536
0.0145342
0.0128552
0.0113155
0.00991211
0.00864067
0.00749565
0.00647055
0.00555815
0.00475072
0.00404022
0.00341847
0.00287731
0.00240874
0.00200497
0.00165858
0.0013625
0.0011101
0.00089517
0.000711922
0.000554981
0.000419344
0.000300333
0.000193544
9.4783e-05
0
0
0.000106648
0.000217772
0.000337929
0.000471837
0.000624454
0.000801041
0.00100723
0.00124907
0.00153306
0.0018662
0.00225596
0.00271027
0.0032375
0.0038464
0.00454598
0.00534542
0.00625392
0.00728054
0.00843397
0.00972232
0.0111529
0.012732
0.0144645
0.0163536
0.0184007
0.0206052
0.0229638
0.025471
0.0281181
0.030894
0.0337843
0.036772
0.0398369
0.0429564
0.0461051
0.0492557
0.0523789
0.0554438
0.0584188
0.0612718
0.0639707
0.0664842
0.0687823
0.070837
0.0726225
0.0741162
0.0752987
0.0761547
0.0766729
0.0768463
0.0766729
0.0761547
0.0752987
0.0741162
0.0726225
0.070837
0.0687823
0.0664842
0.0639707
0.0612718
0.0584188
0.0554438
0.0523789
0.0492557
0.0461051
0.0429564
0.0398369
0.036772
0.0337843
0.030894
0.0281181
0.025471
0.0229638
0.0206052
0.0184007
0.0163536
0.0144645
0.012732
0.0111529
0.00972232
0.00843397
0.00728054
0.00625392
0.00534542
0.00454598
0.0038464
0.0032375
0.00271027
0.00225596
0.0018662
0.00153306
0.00124907
0.00100723
0.000801041
0.000624454
0.000471837
0.000337929
0.000217772
0.000106648
0
0
0.000119425
0.000243861
0.000378414
0.000528365
0.000699265
0.000897008
0.0011279
0.00139871
0.00171673
0.00208978
0.00252623
0.00303496
0.00362536
0.00430721
0.0050906
0.00598582
0.00700316
0.00815277
0.00944438
0.0108871
0.0124891
0.0142573
0.0161973
0.0183128
0.0206052
0.0230737
0.025715
0.0285225
0.0314867
0.0345952
0.0378318
0.0411774
0.0446095
0.0481027
0.0516287
0.0551567
0.058654
0.0620861
0.0654176
0.0686123
0.0716345
0.0744492
0.0770227
0.0793235
0.0813229
0.0829955
0.0843197
0.0852783
0.0858585
0.0860528
0.0858585
0.0852783
0.0843197
0.0829955
0.0813229
0.0793235
0.0770227
0.0744492
0.0716345
0.0686123
0.0654176
0.0620861
0.058654
0.0551567
0.0516287
0.0481027
0.0446095
0.0411774
0.0378318
0.0345952
0.0314867
0.0285225
0.025715
0.0230737
0.0206052
0.0183128
0.0161973
0.0142573
0.0124891
0.0108871
0.00944438
0.00815277
0.00700316
0.00598582
0.0050906
0.00430721
0.00362536
0.00303496
0.00252623
0.00208978
0.00171673
0.00139871
0.0011279
0.000897008
0.000699265
0.000528365
0.000378414
0.000243861
0.000119425
0
0
0.000133095
0.000271776
0.00042173
0.000588846
0.000779309
0.000999687
0.00125701
0.00155882
0.00191324
0.00232899
0.0028154
0.00338237
0.00404035
0.00480025
0.00567331
0.006671
0.0078048
0.00908601
0.0105255
0.0121333
0.0139187
0.0158894
0.0180514
0.020409
0.0229638
0.025715
0.0286585
0.0317874
0.035091
0.0385552
0.0421623
0.0458909
0.0497158
0.0536089
0.0575385
0.0614704
0.0653681
0.0691931
0.0729058
0.0764663
0.0798344
0.0829713
0.0858393
0.0884035
0.0906318
0.0924959
0.0939717
0.0950399
0.0956866
0.0959031
0.0956866
0.0950399
0.0939717
0.0924959
0.0906318
0.0884035
0.0858393
0.0829713
0.0798344
0.0764663
0.0729058
0.0691931
0.0653681
0.0614704
0.0575385
0.0536089
0.0497158
0.0458909
0.0421623
0.0385552
0.035091
0.0317874
0.0286585
0.025715
0.0229638
0.020409
0.0180514
0.0158894
0.0139187
0.0121333
0.0105255
0.00908601
0.0078048
0.006671
0.00567331
0.00480025
0.00404035
0.00338237
0.0028154
0.00232899
0.00191324
0.00155882
0.00125701
0.000999687
0.000779309
0.000588846
0.00042173
0.000271776
0.000133095
0
0
0.000147626
0.000301448
0.000467773
0.000653135
0.000864392
0.00110883
0.00139424
0.001729
0.00212212
0.00258327
0.00312278
0.00375165
0.00448147
0.00532432
0.00629271
0.00739932
0.00865691
0.010078
0.0116746
0.013458
0.0154383
0.0176241
0.0200222
0.0226372
0.025471
0.0285225
0.0317874
0.0352578
0.0389221
0.0427646
0.0467655
0.0509011
0.0551437
0.0594618
0.0638204
0.0681816
0.0725048
0.0767473
0.0808655
0.0848146
0.0885505
0.0920298
0.095211
0.0980552
0.100527
0.102594
0.104231
0.105416
0.106133
0.106374
0.106133
0.105416
0.104231
0.102594
0.100527
0.0980552
0.095211
0.0920298
0.0885505
0.0848146
0.0808655
0.0767473
0.0725048
0.0681816
0.0638204
0.0594618
0.0551437
0.0509011
0.0467655
0.0427646
0.0389221
0.0352578
0.0317874
0.0285225
0.025471
0.0226372
0.0200222
0.0176241
0.0154383
0.013458
0.0116746
0.010078
0.00865691
0.00739932
0.00629271
0.00532432
0.00448147
0.00375165
0.00312278
0.00258327
0.00212212
0.001729
0.00139424
0.00110883
0.000864392
0.000653135
0.000467773
0.000301448
0.000147626
0
0
0.000162969
0.000332777
0.000516388
0.000721014
0.000954227
0.00122407
0.00153914
0.0019087
0.00234267
0.00285174
0.00344732
0.00414155
0.00494722
0.00587767
0.0069467
0.00816832
0.00955661
0.0111254
0.0128879
0.0148567
0.0170428
0.0194557
0.0221031
0.0249899
0.0281181
0.0314867
0.035091
0.0389221
0.0429672
0.047209
0.0516257
0.0561912
0.0608747
0.0656415
0.0704531
0.0752676
0.0800401
0.0847236
0.0892697
0.0936293
0.0977534
0.101594
0.105106
0.108246
0.110974
0.113257
0.115064
0.116372
0.117164
0.117429
0.117164
0.116372
0.115064
0.113257
0.110974
0.108246
0.105106
0.101594
0.0977534
0.0936293
0.0892697
0.0847236
0.0800401
0.0752676
0.0704531
0.0656415
0.0608747
0.0561912
0.0516257
0.047209
0.0429672
0.0389221
0.035091
0.0314867
0.0281181
0.0249899
0.0221031
0.0194557
0.0170428
0.0148567
0.0128879
0.0111254
0.00955661
0.00816832
0.0069467
0.00587767
0.00494722
0.00414155
0.00344732
0.00285174
0.00234267
0.0019087
0.00153914
0.00122407
0.000954227
0.000721014
0.000516388
0.000332777
0.000162969
0
0
0.000179057
0.000365629
0.000567367
0.000792194
0.00104843
0.00134491
0.00169109
0.00209713
0.00257394
0.00313327
0.00378765
0.00455041
0.00543562
0.00645793
0.00763249
0.00897471
0.0105001
0.0122237
0.0141602
0.0163233
0.0187253
0.0213765
0.0242852
0.0274569
0.030894
0.0345952
0.0385552
0.0427646
0.047209
0.0518696
0.0567223
0.0617384
0.0668843
0.0721218
0.0774084
0.0826981
0.0879417
0.0930876
0.0980825
0.102873
0.107404
0.111624
0.115482
0.118932
0.12193
0.124438
0.126423
0.12786
0.12873
0.129022
0.12873
0.12786
0.126423
0.124438
0.12193
0.118932
0.115482
0.111624
0.107404
0.102873
0.0980825
0.0930876
0.0879417
0.0826981
0.0774084
0.0721218
0.0668843
0.0617384
0.0567223
0.0518696
0.047209
0.0427646
0.0385552
0.0345952
0.030894
0.0274569
0.0242852
0.0213765
0.0187253
0.0163233
0.0141602
0.0122237
0.0105001
0.00897471
0.00763249
0.00645793
0.00543562
0.00455041
0.00378765
0.00313327
0.00257394
0.00209713
0.00169109
0.00134491
0.00104843
0.000792194
0.000567367
0.000365629
0.000179057
0
0
0.000195809
0.000399836
0.000620448
0.000866309
0.00114652
0.00147074
0.0018493
0.00229333
0.00281475
0.00342641
0.00414201
0.00497614
0.00594415
0.00706211
0.00834656
0.00981436
0.0114824
0.0133673
0.015485
0.0178505
0.0204771
0.0233764
0.0265572
0.0300257
0.0337843
0.0378318
0.0421623
0.0467655
0.0516257
0.0567223
0.0620291
0.0675145
0.0731418
0.0788692
0.0846505
0.0904351
0.0961693
0.101797
0.107259
0.112497
0.117452
0.122067
0.126287
0.130059
0.133337
0.13608
0.138251
0.139822
0.140774
0.141092
0.140774
0.139822
0.138251
0.13608
0.133337
0.130059
0.126287
0.122067
0.117452
0.112497
0.107259
0.101797
0.0961693
0.0904351
0.0846505
0.0788692
0.0731418
0.0675145
0.0620291
0.0567223
0.0516257
0.0467655
0.0421623
0.0378318
0.0337843
0.0300257
0.0265572
0.0233764
0.0204771
0.0178505
0.015485
0.0133673
0.0114824
0.00981436
0.00834656
0.00706211
0.00594415
0.00497614
0.00414201
0.00342641
0.00281475
0.00229333
0.0018493
0.00147074
0.00114652
0.000866309
0.000620448
0.000399836
0.000195809
0
0
0.000213125
0.000435195
0.000675316
0.000942919
0.00124791
0.0016008
0.00201284
0.00249613
0.00306367
0.00372942
0.0045083
0.00541619
0.00646981
0.00768663
0.00908467
0.0106823
0.0124978
0.0145494
0.0168544
0.0194291
0.022288
0.0254436
0.0289057
0.0326809
0.036772
0.0411774
0.0458909
0.0509011
0.0561912
0.0617384
0.0675145
0.073485
0.0796099
0.0858439
0.0921364
0.0984325
0.104674
0.110799
0.116744
0.122445
0.127839
0.132862
0.137454
0.14156
0.145129
0.148114
0.150477
0.152187
0.153223
0.15357
0.153223
0.152187
0.150477
0.148114
0.145129
0.14156
0.137454
0.132862
0.127839
0.122445
0.116744
0.110799
0.104674
0.0984325
0.0921364
0.0858439
0.0796099
0.073485
0.0675145
0.0617384
0.0561912
0.0509011
0.0458909
0.0411774
0.036772
0.0326809
0.0289057
0.0254436
0.022288
0.0194291
0.0168544
0.0145494
0.0124978
0.0106823
0.00908467
0.00768663
0.00646981
0.00541619
0.0045083
0.00372942
0.00306367
0.00249613
0.00201284
0.0016008
0.00124791
0.000942919
0.000675316
0.000435195
0.000213125
0
0
0.000230889
0.000471468
0.000731603
0.00102151
0.00135192
0.00173422
0.00218061
0.00270418
0.00331903
0.00404026
0.00488407
0.00586763
0.00700907
0.00832731
0.00984187
0.0115726
0.0135395
0.0157621
0.0182592
0.0210485
0.0241457
0.0275643
0.031315
0.0354049
0.0398369
0.0446095
0.0497158
0.0551437
0.0608747
0.0668843
0.0731418
0.0796099
0.0862454
0.0929989
0.0998159
0.106637
0.113398
0.120034
0.126475
0.132651
0.138494
0.143936
0.148911
0.153359
0.157225
0.160459
0.163019
0.164872
0.165994
0.16637
0.165994
0.164872
0.163019
0.160459
0.157225
0.153359
0.148911
0.143936
0.138494
0.132651
0.126475
0.120034
0.113398
0.106637
0.0998159
0.0929989
0.0862454
0.0796099
0.0731418
0.0668843
0.0608747
0.0551437
0.0497158
0.0446095
0.0398369
0.0354049
0.031315
0.0275643
0.0241457
0.0210485
0.0182592
0.0157621
0.0135395
0.0115726
0.00984187
0.00832731
0.00700907
0.00586763
0.00488407
0.00404026
0.00331903
0.00270418
0.00218061
0.00173422
0.00135192
0.00102151
0.000731603
0.000471468
0.000230889
0
0
0.000248969
0.000508387
0.000788892
0.0011015
0.00145778
0.00187002
0.00235137
0.00291594
0.00357893
0.00435664
0.00526652
0.0063271
0.00755792
0.00897939
0.0106125
0.0124788
0.0145997
0.0169964
0.019689
0.0226967
0.0260364
0.0297228
0.0337672
0.0381773
0.0429564
0.0481027
0.0536089
0.0594618
0.0656415
0.0721218
0.0788692
0.0858439
0.0929989
0.100281
0.107632
0.114987
0.122278
0.129433
0.136378
0.143039
0.149339
0.155207
0.160572
0.165368
0.169537
0.173024
0.175784
0.177783
0.178992
0.179397
0.178992
0.177783
0.175784
0.173024
0.169537
0.165368
0.160572
0.155207
0.149339
0.143039
0.136378
0.129433
0.122278
0.114987
0.107632
0.100281
0.0929989
0.0858439
0.0788692
0.0721218
0.0656415
0.0594618
0.0536089
0.0481027
0.0429564
0.0381773
0.0337672
0.0297228
0.0260364
0.0226967
0.019689
0.0169964
0.0145997
0.0124788
0.0106125
0.00897939
0.00755792
0.0063271
0.00526652
0.00435664
0.00357893
0.00291594
0.00235137
0.00187002
0.00145778
0.0011015
0.000788892
0.000508387
0.000248969
0
0
0.000267219
0.000545652
0.000846719
0.00118224
0.00156464
0.0020071
0.00252373
0.00312968
0.00384127
0.00467599
0.00565256
0.00679088
0.00811193
0.00963759
0.0113905
0.0133936
0.0156699
0.0182422
0.0211323
0.0243604
0.0279449
0.0319015
0.0362424
0.0409757
0.0461051
0.0516287
0.0575385
0.0638204
0.0704531
0.0774084
0.0846505
0.0921364
0.0998159
0.107632
0.115522
0.123416
0.131241
0.138921
0.146375
0.153523
0.160286
0.166584
0.172342
0.17749
0.181964
0.185707
0.18867
0.190814
0.192113
0.192547
0.192113
0.190814
0.18867
0.185707
0.181964
0.17749
0.172342
0.166584
0.160286
0.153523
0.146375
0.138921
0.131241
0.123416
0.115522
0.107632
0.0998159
0.0921364
0.0846505
0.0774084
0.0704531
0.0638204
0.0575385
0.0516287
0.0461051
0.0409757
0.0362424
0.0319015
0.0279449
0.0243604
0.0211323
0.0182422
0.0156699
0.0133936
0.0113905
0.00963759
0.00811193
0.00679088
0.00565256
0.00467599
0.00384127
0.00312968
0.00252373
0.0020071
0.00156464
0.00118224
0.000846719
0.000545652
0.000267219
0
0
0.000285479
0.000582939
0.00090458
0.00126303
0.00167156
0.00214426
0.00269619
0.00334355
0.00410376
0.00499552
0.00603883
0.00725494
0.00866626
0.0102962
0.0121688
0.0143088
0.0167407
0.0194888
0.0225763
0.0260251
0.0298546
0.0340815
0.038719
0.0437758
0.0492557
0.0551567
0.0614704
0.0681816
0.0752676
0.0826981
0.0904351
0.0984325
0.106637
0.114987
0.123416
0.13185
0.14021
0.148414
0.156378
0.164015
0.171239
0.177967
0.184119
0.189619
0.194399
0.198397
0.201562
0.203854
0.205241
0.205705
0.205241
0.203854
0.201562
0.198397
0.194399
0.189619
0.184119
0.177967
0.171239
0.164015
0.156378
0.148414
0.14021
0.13185
0.123416
0.114987
0.106637
0.0984325
0.0904351
0.0826981
0.0752676
0.0681816
0.0614704
0.0551567
0.0492557
0.0437758
0.038719
0.0340815
0.0298546
0.0260251
0.0225763
0.0194888
0.0167407
0.0143088
0.0121688
0.0102962
0.00866626
0.00725494
0.00603883
0.00499552
0.00410376
0.00334355
0.00269619
0.00214426
0.00167156
0.00126303
0.00090458
0.000582939
0.000285479
0
0
0.000303581
0.000619902
0.000961936
0.00134312
0.00177755
0.00228022
0.00286714
0.00355555
0.00436397
0.00531227
0.00642173
0.00771495
0.00921576
0.010949
0.0129404
0.0152161
0.0178022
0.0207245
0.0240078
0.0276752
0.0317475
0.0362425
0.041174
0.0465515
0.0523789
0.058654
0.0653681
0.0725048
0.0800401
0.0879417
0.0961693
0.104674
0.113398
0.122278
0.131241
0.14021
0.1491
0.157824
0.166293
0.174414
0.182097
0.189252
0.195793
0.201642
0.206725
0.210977
0.214343
0.216779
0.218254
0.218748
0.218254
0.216779
0.214343
0.210977
0.206725
0.201642
0.195793
0.189252
0.182097
0.174414
0.166293
0.157824
0.1491
0.14021
0.131241
0.122278
0.113398
0.104674
0.0961693
0.0879417
0.0800401
0.0725048
0.0653681
0.058654
0.0523789
0.0465515
0.041174
0.0362425
0.0317475
0.0276752
0.0240078
0.0207245
0.0178022
0.0152161
0.0129404
0.010949
0.00921576
0.00771495
0.00642173
0.00531227
0.00436397
0.00355555
0.00286714
0.00228022
0.00177755
0.00134312
0.000961936
0.000619902
0.000303581
0
0
0.000321345
0.000656175
0.00101822
0.00142171
0.00188156
0.00241364
0.00303491
0.0037636
0.00461932
0.00562312
0.0067975
0.00816639
0.00975502
0.0115897
0.0136976
0.0161065
0.0188439
0.0219372
0.0254127
0.0292946
0.0336052
0.0383632
0.0435833
0.0492755
0.0554438
0.0620861
0.0691931
0.0767473
0.0847236
0.0930876
0.101797
0.110799
0.120034
0.129433
0.138921
0.148414
0.157824
0.16706
0.176024
0.18462
0.192752
0.200326
0.20725
0.213441
0.218821
0.223322
0.226885
0.229464
0.231025
0.231548
0.231025
0.229464
0.226885
0.223322
0.218821
0.213441
0.20725
0.200326
0.192752
0.18462
0.176024
0.16706
0.157824
0.148414
0.138921
0.129433
0.120034
0.110799
0.101797
0.0930876
0.0847236
0.0767473
0.0691931
0.0620861
0.0554438
0.0492755
0.0435833
0.0383632
0.0336052
0.0292946
0.0254127
0.0219372
0.0188439
0.0161065
0.0136976
0.0115897
0.00975502
0.00816639
0.0067975
0.00562312
0.00461932
0.0037636
0.00303491
0.00241364
0.00188156
0.00142171
0.00101822
0.000656175
0.000321345
0
0
0.000338587
0.000691384
0.00107286
0.00149799
0.00198252
0.00254315
0.00319776
0.00396555
0.00486719
0.00592484
0.00716224
0.00860458
0.0102785
0.0122116
0.0144326
0.0169707
0.019855
0.0231143
0.0267762
0.0308665
0.0354084
0.0404217
0.0459219
0.0519195
0.0584188
0.0654176
0.0729058
0.0808655
0.0892697
0.0980825
0.107259
0.116744
0.126475
0.136378
0.146375
0.156378
0.166293
0.176024
0.185469
0.194526
0.203095
0.211075
0.218371
0.224894
0.230563
0.235305
0.239059
0.241777
0.243422
0.243973
0.243422
0.241777
0.239059
0.235305
0.230563
0.224894
0.218371
0.211075
0.203095
0.194526
0.185469
0.176024
0.166293
0.156378
0.146375
0.136378
0.126475
0.116744
0.107259
0.0980825
0.0892697
0.0808655
0.0729058
0.0654176
0.0584188
0.0519195
0.0459219
0.0404217
0.0354084
0.0308665
0.0267762
0.0231143
0.019855
0.0169707
0.0144326
0.0122116
0.0102785
0.00860458
0.00716224
0.00592484
0.00486719
0.00396555
0.00319776
0.00254315
0.00198252
0.00149799
0.00107286
0.000691384
0.000338587
0
0
0.000355123
0.000725149
0.00112525
0.00157115
0.00207934
0.00266735
0.00335393
0.00415922
0.00510488
0.00621419
0.00751202
0.0090248
0.0107804
0.012808
0.0151375
0.0177995
0.0208247
0.0242432
0.0280839
0.0323739
0.0371376
0.0423957
0.0481646
0.054455
0.0612718
0.0686123
0.0764663
0.0848146
0.0936293
0.102873
0.112497
0.122445
0.132651
0.143039
0.153523
0.164015
0.174414
0.18462
0.194526
0.204026
0.213013
0.221383
0.229035
0.235877
0.241823
0.246796
0.250734
0.253584
0.25531
0.255887
0.25531
0.253584
0.250734
0.246796
0.241823
0.235877
0.229035
0.221383
0.213013
0.204026
0.194526
0.18462
0.174414
0.164015
0.153523
0.143039
0.132651
0.122445
0.112497
0.102873
0.0936293
0.0848146
0.0764663
0.0686123
0.0612718
0.054455
0.0481646
0.0423957
0.0371376
0.0323739
0.0280839
0.0242432
0.0208247
0.0177995
0.0151375
0.012808
0.0107804
0.0090248
0.00751202
0.00621419
0.00510488
0.00415922
0.00335393
0.00266735
0.00207934
0.00157115
0.00112525
0.000725149
0.000355123
0
0
0.000370765
0.00075709
0.00117482
0.00164036
0.00217093
0.00278484
0.00350166
0.00434242
0.00532974
0.00648791
0.0078429
0.00942232
0.0112553
0.0133721
0.0158042
0.0185835
0.021742
0.025311
0.0293209
0.0337999
0.0387735
0.0442632
0.0502861
0.0568537
0.0639707
0.0716345
0.0798344
0.0885505
0.0977534
0.107404
0.117452
0.127839
0.138494
0.149339
0.160286
0.171239
0.182097
0.192752
0.203095
0.213013
0.222396
0.231134
0.239124
0.246267
0.252474
0.257667
0.261778
0.264754
0.266555
0.267159
0.266555
0.264754
0.261778
0.257667
0.252474
0.246267
0.239124
0.231134
0.222396
0.213013
0.203095
0.192752
0.182097
0.171239
0.160286
0.149339
0.138494
0.127839
0.117452
0.107404
0.0977534
0.0885505
0.0798344
0.0716345
0.0639707
0.0568537
0.0502861
0.0442632
0.0387735
0.0337999
0.0293209
0.025311
0.021742
0.0185835
0.0158042
0.0133721
0.0112553
0.00942232
0.0078429
0.00648791
0.00532974
0.00434242
0.00350166
0.00278484
0.00217093
0.00164036
0.00117482
0.00075709
0.000370765
0
0
0.000385333
0.000786837
0.00122098
0.00170481
0.00225623
0.00289426
0.00363925
0.00451304
0.00553915
0.00674283
0.00815106
0.00979254
0.0116975
0.0138975
0.0164252
0.0193137
0.0225962
0.0263055
0.030473
0.035128
0.0402969
0.0460024
0.0522619
0.0590875
0.0664842
0.0744492
0.0829713
0.0920298
0.101594
0.111624
0.122067
0.132862
0.143936
0.155207
0.166584
0.177967
0.189252
0.200326
0.211075
0.221383
0.231134
0.240216
0.248519
0.255943
0.262394
0.267791
0.272064
0.275157
0.277029
0.277656
0.277029
0.275157
0.272064
0.267791
0.262394
0.255943
0.248519
0.240216
0.231134
0.221383
0.211075
0.200326
0.189252
0.177967
0.166584
0.155207
0.143936
0.132862
0.122067
0.111624
0.101594
0.0920298
0.0829713
0.0744492
0.0664842
0.0590875
0.0522619
0.0460024
0.0402969
0.035128
0.030473
0.0263055
0.0225962
0.0193137
0.0164252
0.0138975
0.0116975
0.00979254
0.00815106
0.00674283
0.00553915
0.00451304
0.00363925
0.00289426
0.00225623
0.00170481
0.00122098
0.000786837
0.000385333
0
0
0.000398653
0.000814036
0.00126318
0.00176374
0.00233422
0.00299431
0.00376504
0.00466904
0.00573063
0.00697591
0.00843282
0.010131
0.0121018
0.0143779
0.016993
0.0199813
0.0233773
0.0272148
0.0315264
0.0363423
0.0416899
0.0475925
0.0540685
0.06113
0.0687823
0.0770227
0.0858393
0.095211
0.105106
0.115482
0.126287
0.137454
0.148911
0.160572
0.172342
0.184119
0.195793
0.20725
0.218371
0.229035
0.239124
0.248519
0.25711
0.26479
0.271465
0.277048
0.281468
0.284668
0.286605
0.287253
0.286605
0.284668
0.281468
0.277048
0.271465
0.26479
0.25711
0.248519
0.239124
0.229035
0.218371
0.20725
0.195793
0.184119
0.172342
0.160572
0.148911
0.137454
0.126287
0.115482
0.105106
0.095211
0.0858393
0.0770227
0.0687823
0.06113
0.0540685
0.0475925
0.0416899
0.0363423
0.0315264
0.0272148
0.0233773
0.0199813
0.016993
0.0143779
0.0121018
0.010131
0.00843282
0.00697591
0.00573063
0.00466904
0.00376504
0.00299431
0.00233422
0.00176374
0.00126318
0.000814036
0.000398653
0
0
0.000410561
0.000838353
0.00130092
0.00181643
0.00240395
0.00308376
0.00387751
0.00480852
0.00590181
0.0071843
0.00868473
0.0104337
0.0124634
0.0148074
0.0175006
0.0205782
0.0240756
0.0280278
0.0324681
0.0374279
0.0429352
0.0490142
0.0556836
0.0629561
0.070837
0.0793235
0.0884035
0.0980552
0.108246
0.118932
0.130059
0.14156
0.153359
0.165368
0.17749
0.189619
0.201642
0.213441
0.224894
0.235877
0.246267
0.255943
0.26479
0.2727
0.279574
0.285324
0.289876
0.293172
0.295166
0.295834
0.295166
0.293172
0.289876
0.285324
0.279574
0.2727
0.26479
0.255943
0.246267
0.235877
0.224894
0.213441
0.201642
0.189619
0.17749
0.165368
0.153359
0.14156
0.130059
0.118932
0.108246
0.0980552
0.0884035
0.0793235
0.070837
0.0629561
0.0556836
0.0490142
0.0429352
0.0374279
0.0324681
0.0280278
0.0240756
0.0205782
0.0175006
0.0148074
0.0124634
0.0104337
0.00868473
0.0071843
0.00590181
0.00480852
0.00387751
0.00308376
0.00240395
0.00181643
0.00130092
0.000838353
0.000410561
0
0
0.00042091
0.000859484
0.00133371
0.00186221
0.00246455
0.00316148
0.00397525
0.00492972
0.00605057
0.00736538
0.00890363
0.0106967
0.0127775
0.0151807
0.0179417
0.0210969
0.0246825
0.0287343
0.0332865
0.0383713
0.0440175
0.0502497
0.0570872
0.064543
0.0726225
0.0813229
0.0906318
0.100527
0.110974
0.12193
0.133337
0.145129
0.157225
0.169537
0.181964
0.194399
0.206725
0.218821
0.230563
0.241823
0.252474
0.262394
0.271465
0.279574
0.286621
0.292516
0.297183
0.300561
0.302606
0.303291
0.302606
0.300561
0.297183
0.292516
0.286621
0.279574
0.271465
0.262394
0.252474
0.241823
0.230563
0.218821
0.206725
0.194399
0.181964
0.169537
0.157225
0.145129
0.133337
0.12193
0.110974
0.100527
0.0906318
0.0813229
0.0726225
0.064543
0.0570872
0.0502497
0.0440175
0.0383713
0.0332865
0.0287343
0.0246825
0.0210969
0.0179417
0.0151807
0.0127775
0.0106967
0.00890363
0.00736538
0.00605057
0.00492972
0.00397525
0.00316148
0.00246455
0.00186221
0.00133371
0.000859484
0.00042091
0
0
0.000429567
0.000877162
0.00136114
0.00190051
0.00251523
0.00322651
0.00405701
0.00503111
0.00617502
0.00751687
0.00908676
0.0109167
0.0130403
0.0154929
0.0183107
0.0215308
0.0251901
0.0293253
0.0339711
0.0391605
0.0449228
0.0512832
0.0582613
0.0658704
0.0741162
0.0829955
0.0924959
0.102594
0.113257
0.124438
0.13608
0.148114
0.160459
0.173024
0.185707
0.198397
0.210977
0.223322
0.235305
0.246796
0.257667
0.267791
0.277048
0.285324
0.292516
0.298532
0.303295
0.306743
0.30883
0.309529
0.30883
0.306743
0.303295
0.298532
0.292516
0.285324
0.277048
0.267791
0.257667
0.246796
0.235305
0.223322
0.210977
0.198397
0.185707
0.173024
0.160459
0.148114
0.13608
0.124438
0.113257
0.102594
0.0924959
0.0829955
0.0741162
0.0658704
0.0582613
0.0512832
0.0449228
0.0391605
0.0339711
0.0293253
0.0251901
0.0215308
0.0183107
0.0154929
0.0130403
0.0109167
0.00908676
0.00751687
0.00617502
0.00503111
0.00405701
0.00322651
0.00251523
0.00190051
0.00136114
0.000877162
0.000429567
0
0
0.000436421
0.000891157
0.00138286
0.00193083
0.00255537
0.00327799
0.00412174
0.00511138
0.00627354
0.0076368
0.00923174
0.0110908
0.0132484
0.0157401
0.0186029
0.0218743
0.0255921
0.0297931
0.0345131
0.0397853
0.0456396
0.0521014
0.0591909
0.0669214
0.0752987
0.0843197
0.0939717
0.104231
0.115064
0.126423
0.138251
0.150477
0.163019
0.175784
0.18867
0.201562
0.214343
0.226885
0.239059
0.250734
0.261778
0.272064
0.281468
0.289876
0.297183
0.303295
0.308134
0.311637
0.313758
0.314468
0.313758
0.311637
0.308134
0.303295
0.297183
0.289876
0.281468
0.272064
0.261778
0.250734
0.239059
0.226885
0.214343
0.201562
0.18867
0.175784
0.163019
0.150477
0.138251
0.126423
0.115064
0.104231
0.0939717
0.0843197
0.0752987
0.0669214
0.0591909
0.0521014
0.0456396
0.0397853
0.0345131
0.0297931
0.0255921
0.0218743
0.0186029
0.0157401
0.0132484
0.0110908
0.00923174
0.0076368
0.00627354
0.00511138
0.00412174
0.00327799
0.00255537
0.00193083
0.00138286
0.000891157
0.000436421
0
0
0.000441382
0.000901287
0.00139858
0.00195278
0.00258441
0.00331525
0.0041686
0.00516949
0.00634486
0.00772362
0.00933669
0.0112169
0.013399
0.015919
0.0188143
0.022123
0.025883
0.0301318
0.0349055
0.0402376
0.0461584
0.0526937
0.0598638
0.0676822
0.0761547
0.0852783
0.0950399
0.105416
0.116372
0.12786
0.139822
0.152187
0.164872
0.177783
0.190814
0.203854
0.216779
0.229464
0.241777
0.253584
0.264754
0.275157
0.284668
0.293172
0.300561
0.306743
0.311637
0.31518
0.317324
0.318042
0.317324
0.31518
0.311637
0.306743
0.300561
0.293172
0.284668
0.275157
0.264754
0.253584
0.241777
0.229464
0.216779
0.203854
0.190814
0.177783
0.164872
0.152187
0.139822
0.12786
0.116372
0.105416
0.0950399
0.0852783
0.0761547
0.0676822
0.0598638
0.0526937
0.0461584
0.0402376
0.0349055
0.0301318
0.025883
0.022123
0.0188143
0.015919
0.013399
0.0112169
0.00933669
0.00772362
0.00634486
0.00516949
0.0041686
0.00331525
0.00258441
0.00195278
0.00139858
0.000901287
0.000441382
0
0
0.000444385
0.00090742
0.00140809
0.00196607
0.002602
0.00333781
0.00419696
0.00520466
0.00638803
0.00777617
0.00940021
0.0112932
0.0134901
0.0160273
0.0189424
0.0222735
0.0260591
0.0303368
0.035143
0.0405114
0.0464724
0.0530522
0.0602711
0.0681427
0.0766729
0.0858585
0.0956866
0.106133
0.117164
0.12873
0.140774
0.153223
0.165994
0.178992
0.192113
0.205241
0.218254
0.231025
0.243422
0.25531
0.266555
0.277029
0.286605
0.295166
0.302606
0.30883
0.313758
0.317324
0.319483
0.320206
0.319483
0.317324
0.313758
0.30883
0.302606
0.295166
0.286605
0.277029
0.266555
0.25531
0.243422
0.231025
0.218254
0.205241
0.192113
0.178992
0.165994
0.153223
0.140774
0.12873
0.117164
0.106133
0.0956866
0.0858585
0.0766729
0.0681427
0.0602711
0.0530522
0.0464724
0.0405114
0.035143
0.0303368
0.0260591
0.0222735
0.0189424
0.0160273
0.0134901
0.0112932
0.00940021
0.00777617
0.00638803
0.00520466
0.00419696
0.00333781
0.002602
0.00196607
0.00140809
0.00090742
0.000444385
0
0
0.000445391
0.000909473
0.00141128
0.00197052
0.00260789
0.00334536
0.00420646
0.00521644
0.00640248
0.00779376
0.00942148
0.0113188
0.0135207
0.0160636
0.0189852
0.0223239
0.0261181
0.0304055
0.0352225
0.040603
0.0465776
0.0531723
0.0604074
0.0682969
0.0768463
0.0860528
0.0959031
0.106374
0.117429
0.129022
0.141092
0.15357
0.16637
0.179397
0.192547
0.205705
0.218748
0.231548
0.243973
0.255887
0.267159
0.277656
0.287253
0.295834
0.303291
0.309529
0.314468
0.318042
0.320206
0.320931
0.320206
0.318042
0.314468
0.309529
0.303291
0.295834
0.287253
0.277656
0.267159
0.255887
0.243973
0.231548
0.218748
0.205705
0.192547
0.179397
0.16637
0.15357
0.141092
0.129022
0.117429
0.106374
0.0959031
0.0860528
0.0768463
0.0682969
0.0604074
0.0531723
0.0465776
0.040603
0.0352225
0.0304055
0.0261181
0.0223239
0.0189852
0.0160636
0.0135207
0.0113188
0.00942148
0.00779376
0.00640248
0.00521644
0.00420646
0.00334536
0.00260789
0.00197052
0.00141128
0.000909473
0.000445391
0
0
0.000444385
0.00090742
0.00140809
0.00196607
0.002602
0.00333781
0.00419696
0.00520466
0.00638803
0.00777617
0.00940021
0.0112932
0.0134901
0.0160273
0.0189424
0.0222735
0.0260591
0.0303368
0.035143
0.0405114
0.0464724
0.0530522
0.0602711
0.0681427
0.0766729
0.0858585
0.0956866
0.106133
0.117164
0.12873
0.140774
0.153223
0.165994
0.178992
0.192113
0.205241
0.218254
0.231025
0.243422
0.25531
0.266555
0.277029
0.286605
0.295166
0.302606
0.30883
0.313758
0.317324
0.319483
0.320206
0.319483
0.317324
0.313758
0.30883
0.302606
0.295166
0.286605
0.277029
0.266555
0.25531
0.243422
0.231025
0.218254
0.205241
0.192113
0.178992
0.165994
0.153223
0.140774
0.12873
0.117164
0.106133
0.0956866
0.0858585
0.0766729
0.0681427
0.0602711
0.0530522
0.0464724
0.0405114
0.035143
0.0303368
0.0260591
0.0222735
0.0189424
0.0160273
0.0134901
0.0112932
0.00940021
0.00777617
0.00638803
0.00520466
0.00419696
0.00333781
0.002602
0.00196607
0.00140809
0.00090742
0.000444385
0
0
0.000441382
0.000901287
0.00139858
0.00195278
0.00258441
0.00331525
0.0041686
0.00516949
0.00634486
0.00772362
0.00933669
0.0112169
0.013399
0.015919
0.0188143
0.022123
0.025883
0.0301318
0.0349055
0.0402376
0.0461584
0.0526937
0.0598638
0.0676822
0.0761547
0.0852783
0.0950399
0.105416
0.116372
0.12786
0.139822
0.152187
0.164872
0.177783
0.190814
0.203854
0.216779
0.229464
0.241777
0.253584
0.264754
0.275157
0.284668
0.293172
0.300561
0.306743
0.311637
0.31518
0.317324
0.318042
0.317324
0.31518
0.311637
0.306743
0.300561
0.293172
0.284668
0.275157
0.264754
0.253584
0.241777
0.229464
0.216779
0.203854
0.190814
0.177783
0.164872
0.152187
0.139822
0.12786
0.116372
0.105416
0.0950399
0.0852783
0.0761547
0.0676822
0.0598638
0.0526937
0.0461584
0.0402376
0.0349055
0.0301318
0.025883
0.022123
0.0188143
0.015919
0.013399
0.0112169
0.00933669
0.00772362
0.00634486
0.00516949
0.0041686
0.00331525
0.00258441
0.00195278
0.00139858
0.000901287
0.000441382
0
0
0.000436421
0.000891157
0.00138286
0.00193083
0.00255537
0.00327799
0.00412174
0.00511138
0.00627354
0.0076368
0.00923174
0.0110908
0.0132484
0.0157401
0.0186029
0.0218743
0.0255921
0.0297931
0.0345131
0.0397853
0.0456396
0.0521014
0.0591909
0.0669214
0.0752987
0.0843197
0.0939717
0.104231
0.115064
0.126423
0.138251
0.150477
0.163019
0.175784
0.18867
0.201562
0.214343
0.226885
0.239059
0.250734
0.261778
0.272064
0.281468
0.289876
0.297183
0.303295
0.308134
0.311637
0.313758
0.314468
0.313758
0.311637
0.308134
0.303295
0.297183
0.289876
0.281468
0.272064
0.261778
0.250734
0.239059
0.226885
0.214343
0.201562
0.18867
0.175784
0.163019
0.150477
0.138251
0.126423
0.115064
0.104231
0.0939717
0.0843197
0.0752987
0.0669214
0.0591909
0.0521014
0.0456396
0.0397853
0.0345131
0.0297931
0.0255921
0.0218743
0.0186029
0.0157401
0.0132484
0.0110908
0.00923174
0.0076368
0.00627354
0.00511138
0.00412174
0.00327799
0.00255537
0.00193083
0.00138286
0.000891157
0.000436421
0
0
0.000429567
0.000877162
0.00136114
0.00190051
0.00251523
0.00322651
0.00405701
0.00503111
0.00617502
0.00751687
0.00908676
0.0109167
0.0130403
0.0154929
0.0183107
0.0215308
0.0251901
0.0293253
0.0339711
0.0391605
0.0449228
0.0512832
0.0582613
0.0658704
0.0741162
0.0829955
0.0924959
0.102594
0.113257
0.124438
0.13608
0.148114
0.160459
0.173024
0.185707
0.198397
0.210977
0.223322
0.235305
0.246796
0.257667
0.267791
0.277048
0.285324
0.292516
0.298532
0.303295
0.306743
0.30883
0.309529
0.30883
0.306743
0.303295
0.298532
0.292516
0.285324
0.277048
0.267791
0.257667
0.246796
0.235305
0.223322
0.210977
0.198397
0.185707
0.173024
0.160459
0.148114
0.13608
0.124438
0.113257
0.102594
0.0924959
0.0829955
0.0741162
0.0658704
0.0582613
0.0512832
0.0449228
0.0391605
0.0339711
0.0293253
0.0251901
0.0215308
0.0183107
0.0154929
0.0130403
0.0109167
0.00908676
0.00751687
0.00617502
0.00503111
0.00405701
0.00322651
0.00251523
0.00190051
0.00136114
0.000877162
0.000429567
0
0
0.00042091
0.000859484
0.00133371
0.00186221
0.00246455
0.00316148
0.00397525
0.00492972
0.00605057
0.00736538
0.00890363
0.0106967
0.0127775
0.0151807
0.0179417
0.0210969
0.0246825
0.0287343
0.0332865
0.0383713
0.0440175
0.0502497
0.0570872
0.064543
0.0726225
0.0813229
0.0906318
0.100527
0.110974
0.12193
0.133337
0.145129
0.157225
0.169537
0.181964
0.194399
0.206725
0.218821
0.230563
0.241823
0.252474
0.262394
0.271465
0.279574
0.286621
0.292516
0.297183
0.300561
0.302606
0.303291
0.302606
0.300561
0.297183
0.292516
0.286621
0.279574
0.271465
0.262394
0.252474
0.241823
0.230563
0.218821
0.206725
0.194399
0.181964
0.169537
0.157225
0.145129
0.133337
0.12193
0.110974
0.100527
0.0906318
0.0813229
0.0726225
0.064543
0.0570872
0.0502497
0.0440175
0.0383713
0.0332865
0.0287343
0.0246825
0.0210969
0.0179417
0.0151807
0.0127775
0.0106967
0.00890363
0.00736538
0.00605057
0.00492972
0.00397525
0.00316148
0.00246455
0.00186221
0.00133371
0.000859484
0.00042091
0
0
0.000410561
0.000838353
0.00130092
0.00181643
0.00240395
0.00308376
0.00387751
0.00480852
0.00590181
0.0071843
0.00868473
0.0104337
0.0124634
0.0148074
0.0175006
0.0205782
0.0240756
0.0280278
0.0324681
0.0374279
0.0429352
0.0490142
0.0556836
0.0629561
0.070837
0.0793235
0.0884035
0.0980552
0.108246
0.118932
0.130059
0.14156
0.153359
0.165368
0.17749
0.189619
0.201642
0.213441
0.224894
0.235877
0.246267
0.255943
0.26479
0.2727
0.279574
0.285324
0.289876
0.293172
0.295166
0.295834
0.295166
0.293172
0.289876
0.285324
0.279574
0.2727
0.26479
0.255943
0.246267
0.235877
0.224894
0.213441
0.201642
0.189619
0.17749
0.165368
0.153359
0.14156
0.130059
0.118932
0.108246
0.0980552
0.0884035
0.0793235
0.070837
0.0629561
0.0556836
0.0490142
0.0429352
0.0374279
0.0324681
0.0280278
0.0240756
0.0205782
0.0175006
0.0148074
0.0124634
0.0104337
0.00868473
0.0071843
0.00590181
0.00480852
0.00387751
0.00308376
0.00240395
0.00181643
0.00130092
0.000838353
0.000410561
0
0
0.000398653
0.000814036
0.00126318
0.00176374
0.00233422
0.00299431
0.00376504
0.00466904
0.00573063
0.00697591
0.00843282
0.010131
0.0121018
0.0143779
0.016993
0.0199813
0.0233773
0.0272148
0.0315264
0.0363423
0.0416899
0.0475925
0.0540685
0.06113
0.0687823
0.0770227
0.0858393
0.095211
0.105106
0.115482
0.126287
0.137454
0.148911
0.160572
0.172342
0.184119
0.195793
0.20725
0.218371
0.229035
0.239124
0.248519
0.25711
0.26479
0.271465
0.277048
0.281468
0.284668
0.286605
0.287253
0.286605
0.284668
0.281468
0.277048
0.271465
0.26479
0.25711
0.248519
0.239124
0.229035
0.218371
0.20725
0.195793
0.184119
0.172342
0.160572
0.148911
0.137454
0.126287
0.115482
0.105106
0.095211
0.0858393
0.0770227
0.0687823
0.06113
0.0540685
0.0475925
0.0416899
0.0363423
0.0315264
0.0272148
0.0233773
0.0199813
0.016993
0.0143779
0.0121018
0.010131
0.00843282
0.00697591
0.00573063
0.00466904
0.00376504
0.00299431
0.00233422
0.00176374
0.00126318
0.000814036
0.000398653
0
0
0.000385333
0.000786837
0.00122098
0.00170481
0.00225623
0.00289426
0.00363925
0.00451304
0.00553915
0.00674283
0.00815106
0.00979254
0.0116975
0.0138975
0.0164252
0.0193137
0.0225962
0.0263055
0.030473
0.035128
0.0402969
0.0460024
0.0522619
0.0590875
0.0664842
0.0744492
0.0829713
0.0920298
0.101594
0.111624
0.122067
0.132862
0.143936
0.155207
0.166584
0.177967
0.189252
0.200326
0.211075
0.221383
0.231134
0.240216
0.248519
0.255943
0.262394
0.267791
0.272064
0.275157
0.277029
0.277656
0.277029
0.275157
0.272064
0.267791
0.262394
0.255943
0.248519
0.240216
0.231134
0.221383
0.211075
0.200326
0.189252
0.177967
0.166584
0.155207
0.143936
0.132862
0.122067
0.111624
0.101594
0.0920298
0.0829713
0.0744492
0.0664842
0.0590875
0.0522619
0.0460024
0.0402969
0.035128
0.030473
0.0263055
0.0225962
0.0193137
0.0164252
0.0138975
0.0116975
0.00979254
0.00815106
0.00674283
0.00553915
0.00451304
0.00363925
0.00289426
0.00225623
0.00170481
0.00122098
0.000786837
0.000385333
0
0
0.000370765
0.00075709
0.00117482
0.00164036
0.00217093
0.00278484
0.00350166
0.00434242
0.00532974
0.00648791
0.0078429
0.00942232
0.0112553
0.0133721
0.0158042
0.0185835
0.021742
0.025311
0.0293209
0.0337999
0.0387735
0.0442632
0.0502861
0.0568537
0.0639707
0.0716345
0.0798344
0.0885505
0.0977534
0.107404
0.117452
0.127839
0.138494
0.149339
0.160286
0.171239
0.182097
0.192752
0.203095
0.213013
0.222396
0.231134
0.239124
0.246267
0.252474
0.257667
0.261778
0.264754
0.266555
0.267159
0.266555
0.264754
0.261778
0.257667
0.252474
0.246267
0.239124
0.231134
0.222396
0.213013
0.203095
0.192752
0.182097
0.171239
0.160286
0.149339
0.138494
0.127839
0.117452
0.107404
0.0977534
0.0885505
0.0798344
0.0716345
0.0639707
0.0568537
0.0502861
0.0442632
0.0387735
0.0337999
0.0293209
0.025311
0.021742
0.0185835
0.0158042
0.0133721
0.0112553
0.00942232
0.0078429
0.00648791
0.00532974
0.00434242
0.00350166
0.00278484
0.00217093
0.00164036
0.00117482
0.00075709
0.000370765
0
0
0.000355123
0.000725149
0.00112525
0.00157115
0.00207934
0.00266735
0.00335393
0.00415922
0.00510488
0.00621419
0.00751202
0.0090248
0.0107804
0.012808
0.0151375
0.0177995
0.0208247
0.0242432
0.0280839
0.0323739
0.0371376
0.0423957
0.0481646
0.054455
0.0612718
0.0686123
0.0764663
0.0848146
0.0936293
0.102873
0.112497
0.122445
0.132651
0.143039
0.153523
0.164015
0.174414
0.18462
0.194526
0.204026
0.213013
0.221383
0.229035
0.235877
0.241823
0.246796
0.250734
0.253584
0.25531
0.255887
0.25531
0.253584
0.250734
0.246796
0.241823
0.235877
0.229035
0.221383
0.213013
0.204026
0.194526
0.18462
0.174414
0.164015
0.153523
0.143039
0.132651
0.122445
0.112497
0.102873
0.0936293
0.0848146
0.0764663
0.0686123
0.0612718
0.054455
0.0481646
0.0423957
0.0371376
0.0323739
0.0280839
0.0242432
0.0208247
0.0177995
0.0151375
0.012808
0.0107804
0.0090248
0.00751202
0.00621419
0.00510488
0.00415922
0.00335393
0.00266735
0.00207934
0.00157115
0.00112525
0.000725149
0.000355123
0
0
0.000338587
0.000691384
0.00107286
0.00149799
0.00198252
0.00254315
0.00319776
0.00396555
0.00486719
0.00592484
0.00716224
0.00860458
0.0102785
0.0122116
0.0144326
0.0169707
0.019855
0.0231143
0.0267762
0.0308665
0.0354084
0.0404217
0.0459219
0.0519195
0.0584188
0.0654176
0.0729058
0.0808655
0.0892697
0.0980825
0.107259
0.116744
0.126475
0.136378
0.146375
0.156378
0.166293
0.176024
0.185469
0.194526
0.203095
0.211075
0.218371
0.224894
0.230563
0.235305
0.239059
0.241777
0.243422
0.243973
0.243422
0.241777
0.239059
0.235305
0.230563
0.224894
0.218371
0.211075
0.203095
0.194526
0.185469
0.176024
0.166293
0.156378
0.146375
0.136378
0.126475
0.116744
0.107259
0.0980825
0.0892697
0.0808655
0.0729058
0.0654176
0.0584188
0.0519195
0.0459219
0.0404217
0.0354084
0.0308665
0.0267762
0.0231143
0.019855
0.0169707
0.0144326
0.0122116
0.0102785
0.00860458
0.00716224
0.00592484
0.00486719
0.00396555
0.00319776
0.00254315
0.00198252
0.00149799
0.00107286
0.000691384
0.000338587
0
0
0.000321345
0.000656175
0.00101822
0.00142171
0.00188156
0.00241364
0.00303491
0.0037636
0.00461932
0.00562312
0.0067975
0.00816639
0.00975502
0.0115897
0.0136976
0.0161065
0.0188439
0.0219372
0.0254127
0.0292946
0.0336052
0.0383632
0.0435833
0.0492755
0.0554438
0.0620861
0.0691931
0.0767473
0.0847236
0.0930876
0.101797
0.110799
0.120034
0.129433
0.138921
0.148414
0.157824
0.16706
0.176024
0.18462
0.192752
0.200326
0.20725
0.213441
0.218821
0.223322
0.226885
0.229464
0.231025
0.231548
0.231025
0.229464
0.226885
0.223322
0.218821
0.213441
0.20725
0.200326
0.192752
0.18462
0.176024
0.16706
0.157824
0.148414
0.138921
0.129433
0.120034
0.110799
0.101797
0.0930876
0.0847236
0.0767473
0.0691931
0.0620861
0.0554438
0.0492755
0.0435833
0.0383632
0.0336052
0.0292946
0.0254127
0.0219372
0.0188439
0.0161065
0.0136976
0.0115897
0.00975502
0.00816639
0.0067975
0.00562312
0.00461932
0.0037636
0.00303491
0.00241364
0.00188156
0.00142171
0.00101822
0.000656175
0.000321345
0
0
0.000303581
0.000619902
0.000961936
0.00134312
0.00177755
0.00228022
0.00286714
0.00355555
0.00436397
0.00531227
0.00642173
0.00771495
0.00921576
0.010949
0.0129404
0.0152161
0.0178022
0.0207245
0.0240078
0.0276752
0.0317475
0.0362425
0.041174
0.0465515
0.0523789
0.058654
0.0653681
0.0725048
0.0800401
0.0879417
0.0961693
0.104674
0.113398
0.122278
0.131241
0.14021
0.1491
0.157824
0.166293
0.174414
0.182097
0.189252
0.195793
0.201642
0.206725
0.210977
0.214343
0.216779
0.218254
0.218748
0.218254
0.216779
0.214343
0.210977
0.206725
0.201642
0.195793
0.189252
0.182097
0.174414
0.166293
0.157824
0.1491
0.14021
0.131241
0.122278
0.113398
0.104674
0.0961693
0.0879417
0.0800401
0.0725048
0.0653681
0.058654
0.0523789
0.0465515
0.041174
0.0362425
0.0317475
0.0276752
0.0240078
0.0207245
0.0178022
0.0152161
0.0129404
0.010949
0.00921576
0.00771495
0.00642173
0.00531227
0.00436397
0.00355555
0.00286714
0.00228022
0.00177755
0.00134312
0.000961936
0.000619902
0.000303581
0
0
0.000285479
0.000582939
0.00090458
0.00126303
0.00167156
0.00214426
0.00269619
0.00334355
0.00410376
0.00499552
0.00603883
0.00725494
0.00866626
0.0102962
0.0121688
0.0143088
0.0167407
0.0194888
0.0225763
0.0260251
0.0298546
0.0340815
0.038719
0.0437758
0.0492557
0.0551567
0.0614704
0.0681816
0.0752676
0.0826981
0.0904351
0.0984325
0.106637
0.114987
0.123416
0.13185
0.14021
0.148414
0.156378
0.164015
0.171239
0.177967
0.184119
0.189619
0.194399
0.198397
0.201562
0.203854
0.205241
0.205705
0.205241
0.203854
0.201562
0.198397
0.194399
0.189619
0.184119
0.177967
0.171239
0.164015
0.156378
0.148414
0.14021
0.13185
0.123416
0.114987
0.106637
0.0984325
0.0904351
0.0826981
0.0752676
0.0681816
0.0614704
0.0551567
0.0492557
0.0437758
0.038719
0.0340815
0.0298546
0.0260251
0.0225763
0.0194888
0.0167407
0.0143088
0.0121688
0.0102962
0.00866626
0.00725494
0.00603883
0.00499552
0.00410376
0.00334355
0.00269619
0.00214426
0.00167156
0.00126303
0.00090458
0.000582939
0.000285479
0
0
0.000267219
0.000545652
0.000846719
0.00118224
0.00156464
0.0020071
0.00252373
0.00312968
0.00384127
0.00467599
0.00565256
0.00679088
0.00811193
0.00963759
0.0113905
0.0133936
0.0156699
0.0182422
0.0211323
0.0243604
0.0279449
0.0319015
0.0362424
0.0409757
0.0461051
0.0516287
0.0575385
0.0638204
0.0704531
0.0774084
0.0846505
0.0921364
0.0998159
0.107632
0.115522
0.123416
0.131241
0.138921
0.146375
0.153523
0.160286
0.166584
0.172342
0.17749
0.181964
0.185707
0.18867
0.190814
0.192113
0.192547
0.192113
0.190814
0.18867
0.185707
0.181964
0.17749
0.172342
0.166584
0.160286
0.153523
0.146375
0.138921
0.131241
0.123416
0.115522
0.107632
0.0998159
0.0921364
0.0846505
0.0774084
0.0704531
0.0638204
0.0575385
0.0516287
0.0461051
0.0409757
0.0362424
0.0319015
0.0279449
0.0243604
0.0211323
0.0182422
0.0156699
0.0133936
0.0113905
0.00963759
0.00811193
0.00679088
0.00565256
0.00467599
0.00384127
0.00312968
0.00252373
0.0020071
0.00156464
0.00118224
0.000846719
0.000545652
0.000267219
0
0
0.000248969
0.000508387
0.000788892
0.0011015
0.00145778
0.00187002
0.00235137
0.00291594
0.00357893
0.00435664
0.00526652
0.0063271
0.00755792
0.00897939
0.0106125
0.0124788
0.0145997
0.0169964
0.019689
0.0226967
0.0260364
0.0297228
0.0337672
0.0381773
0.0429564
0.0481027
0.0536089
0.0594618
0.0656415
0.0721218
0.0788692
0.0858439
0.0929989
0.100281
0.107632
0.114987
0.122278
0.129433
0.136378
0.143039
0.149339
0.155207
0.160572
0.165368
0.169537
0.173024
0.175784
0.177783
0.178992
0.179397
0.178992
0.177783
0.175784
0.173024
0.169537
0.165368
0.160572
0.155207
0.149339
0.143039
0.136378
0.129433
0.122278
0.114987
0.107632
0.100281
0.0929989
0.0858439
0.0788692
0.0721218
0.0656415
0.0594618
0.0536089
0.0481027
0.0429564
0.0381773
0.0337672
0.0297228
0.0260364
0.0226967
0.019689
0.0169964
0.0145997
0.0124788
0.0106125
0.00897939
0.00755792
0.0063271
0.00526652
0.00435664
0.00357893
0.00291594
0.00235137
0.00187002
0.00145778
0.0011015
0.000788892
0.000508387
0.000248969
0
0
0.000230889
0.000471468
0.000731603
0.00102151
0.00135192
0.00173422
0.00218061
0.00270418
0.00331903
0.00404026
0.00488407
0.00586763
0.00700907
0.00832731
0.00984187
0.0115726
0.0135395
0.0157621
0.0182592
0.0210485
0.0241457
0.0275643
0.031315
0.0354049
0.0398369
0.0446095
0.0497158
0.0551437
0.0608747
0.0668843
0.0731418
0.0796099
0.0862454
0.0929989
0.0998159
0.106637
0.113398
0.120034
0.126475
0.132651
0.138494
0.143936
0.148911
0.153359
0.157225
0.160459
0.163019
0.164872
0.165994
0.16637
0.165994
0.164872
0.163019
0.160459
0.157225
0.153359
0.148911
0.143936
0.138494
0.132651
0.126475
0.120034
0.113398
0.106637
0.0998159
0.0929989
0.0862454
0.0796099
0.0731418
0.0668843
0.0608747
0.0551437
0.0497158
0.0446095
0.0398369
0.0354049
0.031315
0.0275643
0.0241457
0.0210485
0.0182592
0.0157621
0.0135395
0.0115726
0.00984187
0.00832731
0.00700907
0.00586763
0.00488407
0.00404026
0.00331903
0.00270418
0.00218061
0.00173422
0.00135192
0.00102151
0.000731603
0.000471468
0.000230889
0
0
0.000213125
0.000435195
0.000675316
0.000942919
0.00124791
0.0016008
0.00201284
0.00249613
0.00306367
0.00372942
0.0045083
0.00541619
0.00646981
0.00768663
0.00908467
0.0106823
0.0124978
0.0145494
0.0168544
0.0194291
0.022288
0.0254436
0.0289057
0.0326809
0.036772
0.0411774
0.0458909
0.0509011
0.0561912
0.0617384
0.0675145
0.073485
0.0796099
0.0858439
0.0921364
0.0984325
0.104674
0.110799
0.116744
0.122445
0.127839
0.132862
0.137454
0.14156
0.145129
0.148114
0.150477
0.152187
0.153223
0.15357
0.153223
0.152187
0.150477
0.148114
0.145129
0.14156
0.137454
0.132862
0.127839
0.122445
0.116744
0.110799
0.104674
0.0984325
0.0921364
0.0858439
0.0796099
0.073485
0.0675145
0.0617384
0.0561912
0.0509011
0.0458909
0.0411774
0.036772
0.0326809
0.0289057
0.0254436
0.022288
0.0194291
0.0168544
0.0145494
0.0124978
0.0106823
0.00908467
0.00768663
0.00646981
0.00541619
0.0045083
0.00372942
0.00306367
0.00249613
0.00201284
0.0016008
0.00124791
0.000942919
0.000675316
0.000435195
0.000213125
0
0
0.000195809
0.000399836
0.000620448
0.000866309
0.00114652
0.00147074
0.0018493
0.00229333
0.00281475
0.00342641
0.00414201
0.00497614
0.00594415
0.00706211
0.00834656
0.00981436
0.0114824
0.0133673
0.015485
0.0178505
0.0204771
0.0233764
0.0265572
0.0300257
0.0337843
0.0378318
0.0421623
0.0467655
0.0516257
0.0567223
0.0620291
0.0675145
0.0731418
0.0788692
0.0846505
0.0904351
0.0961693
0.101797
0.107259
0.112497
0.117452
0.122067
0.126287
0.130059
0.133337
0.13608
0.138251
0.139822
0.140774
0.141092
0.140774
0.139822
0.138251
0.13608
0.133337
0.130059
0.126287
0.122067
0.117452
0.112497
0.107259
0.101797
0.0961693
0.0904351
0.0846505
0.0788692
0.0731418
0.0675145
0.0620291
0.0567223
0.0516257
0.0467655
0.0421623
0.0378318
0.0337843
0.0300257
0.0265572
0.0233764
0.0204771
0.0178505
0.015485
0.0133673
0.0114824
0.00981436
0.00834656
0.00706211
0.00594415
0.00497614
0.00414201
0.00342641
0.00281475
0.00229333
0.0018493
0.00147074
0.00114652
0.000866309
0.000620448
0.000399836
0.000195809
0
0
0.000179057
0.000365629
0.000567367
0.000792194
0.00104843
0.00134491
0.00169109
0.00209713
0.00257394
0.00313327
0.00378765
0.00455041
0.00543562
0.00645793
0.00763249
0.00897471
0.0105001
0.0122237
0.0141602
0.0163233
0.0187253
0.0213765
0.0242852
0.0274569
0.030894
0.0345952
0.0385552
0.0427646
0.047209
0.0518696
0.0567223
0.0617384
0.0668843
0.0721218
0.0774084
0.0826981
0.0879417
0.0930876
0.0980825
0.102873
0.107404
0.111624
0.115482
0.118932
0.12193
0.124438
0.126423
0.12786
0.12873
0.129022
0.12873
0.12786
0.126423
0.124438
0.12193
0.118932
0.115482
0.111624
0.107404
0.102873
0.0980825
0.0930876
0.0879417
0.0826981
0.0774084
0.0721218
0.0668843
0.0617384
0.0567223
0.0518696
0.047209
0.0427646
0.0385552
0.0345952
0.030894
0.0274569
0.0242852
0.0213765
0.0187253
0.0163233
0.0141602
0.0122237
0.0105001
0.00897471
0.00763249
0.00645793
0.00543562
0.00455041
0.00378765
0.00313327
0.00257394
0.00209713
0.00169109
0.00134491
0.00104843
0.000792194
0.000567367
0.000365629
0.000179057
0
0
0.000162969
0.000332777
0.000516388
0.000721014
0.000954227
0.00122407
0.00153914
0.0019087
0.00234267
0.00285174
0.00344732
0.00414155
0.00494722
0.00587767
0.0069467
0.00816832
0.00955661
0.0111254
0.0128879
0.0148567
0.0170428
0.0194557
0.0221031
0.0249899
0.0281181
0.0314867
0.035091
0.0389221
0.0429672
0.047209
0.0516257
0.0561912
0.0608747
0.0656415
0.0704531
0.0752676
0.0800401
0.0847236
0.0892697
0.0936293
0.0977534
0.101594
0.105106
0.108246
0.110974
0.113257
0.115064
0.116372
0.117164
0.117429
0.117164
0.116372
0.115064
0.113257
0.110974
0.108246
0.105106
0.101594
0.0977534
0.0936293
0.0892697
0.0847236
0.0800401
0.0752676
0.0704531
0.0656415
0.0608747
0.0561912
0.0516257
0.047209
0.0429672
0.0389221
0.035091
0.0314867
0.0281181
0.0249899
0.0221031
0.0194557
0.0170428
0.0148567
0.0128879
0.0111254
0.00955661
0.00816832
0.0069467
0.00587767
0.00494722
0.00414155
0.00344732
0.00285174
0.00234267
0.0019087
0.00153914
0.00122407
0.000954227
0.000721014
0.000516388
0.000332777
0.000162969
0
0
0.000147626
0.000301448
0.000467773
0.000653135
0.000864392
0.00110883
0.00139424
0.001729
0.00212212
0.00258327
0.00312278
0.00375165
0.00448147
0.00532432
0.00629271
0.00739932
0.00865691
0.010078
0.0116746
0.013458
0.0154383
0.0176241
0.0200222
0.0226372
0.025471
0.0285225
0.0317874
0.0352578
0.0389221
0.0427646
0.0467655
0.0509011
0.0551437
0.0594618
0.0638204
0.0681816
0.0725048
0.0767473
0.0808655
0.0848146
0.0885505
0.0920298
0.095211
0.0980552
0.100527
0.102594
0.104231
0.105416
0.106133
0.106374
0.106133
0.105416
0.104231
0.102594
0.100527
0.0980552
0.095211
0.0920298
0.0885505
0.0848146
0.0808655
0.0767473
0.0725048
0.0681816
0.0638204
0.0594618
0.0551437
0.0509011
0.0467655
0.0427646
0.0389221
0.0352578
0.0317874
0.0285225
0.025471
0.0226372
0.0200222
0.0176241
0.0154383
0.013458
0.0116746
0.010078
0.00865691
0.00739932
0.00629271
0.00532432
0.00448147
0.00375165
0.00312278
0.00258327
0.00212212
0.001729
0.00139424
0.00110883
0.000864392
0.000653135
0.000467773
0.000301448
0.000147626
0
0
0.000133095
0.000271776
0.00042173
0.000588846
0.000779309
0.000999687
0.00125701
0.00155882
0.00191324
0.00232899
0.0028154
0.00338237
0.00404035
0.00480025
0.00567331
0.006671
0.0078048
0.00908601
0.0105255
0.0121333
0.0139187
0.0158894
0.0180514
0.020409
0.0229638
0.025715
0.0286585
0.0317874
0.035091
0.0385552
0.0421623
0.0458909
0.0497158
0.0536089
0.0575385
0.0614704
0.0653681
0.0691931
0.0729058
0.0764663
0.0798344
0.0829713
0.0858393
0.0884035
0.0906318
0.0924959
0.0939717
0.0950399
0.0956866
0.0959031
0.0956866
0.0950399
0.0939717
0.0924959
0.0906318
0.0884035
0.0858393
0.0829713
0.0798344
0.0764663
0.0729058
0.0691931
0.0653681
0.0614704
0.0575385
0.0536089
0.0497158
0.0458909
0.0421623
0.0385552
0.035091
0.0317874
0.0286585
0.025715
0.0229638
0.020409
0.0180514
0.0158894
0.0139187
0.0121333
0.0105255
0.00908601
0.0078048
0.006671
0.00567331
0.00480025
0.00404035
0.00338237
0.0028154
0.00232899
0.00191324
0.00155882
0.00125701
0.000999687
0.000779309
0.000588846
0.00042173
0.000271776
0.000133095
0
0
0.000119425
0.000243861
0.000378414
0.000528365
0.000699265
0.000897008
0.0011279
0.00139871
0.00171673
0.00208978
0.00252623
0.00303496
0.00362536
0.00430721
0.0050906
0.00598582
0.00700316
0.00815277
0.00944438
0.0108871
0.0124891
0.0142573
0.0161973
0.0183128
0.0206052
0.0230737
0.025715
0.0285225
0.0314867
0.0345952
0.0378318
0.0411774
0.0446095
0.0481027
0.0516287
0.0551567
0.058654
0.0620861
0.0654176
0.0686123
0.0716345
0.0744492
0.0770227
0.0793235
0.0813229
0.0829955
0.0843197
0.0852783
0.0858585
0.0860528
0.0858585
0.0852783
0.0843197
0.0829955
0.0813229
0.0793235
0.0770227
0.0744492
0.0716345
0.0686123
0.0654176
0.0620861
0.058654
0.0551567
0.0516287
0.0481027
0.0446095
0.0411774
0.0378318
0.0345952
0.0314867
0.0285225
0.025715
0.0230737
0.0206052
0.0183128
0.0161973
0.0142573
0.0124891
0.0108871
0.00944438
0.00815277
0.00700316
0.00598582
0.0050906
0.00430721
0.00362536
0.00303496
0.00252623
0.00208978
0.00171673
0.00139871
0.0011279
0.000897008
0.000699265
0.000528365
0.000378414
0.000243861
0.000119425
0
0
0.000106648
0.000217772
0.000337929
0.000471837
0.000624454
0.000801041
0.00100723
0.00124907
0.00153306
0.0018662
0.00225596
0.00271027
0.0032375
0.0038464
0.00454598
0.00534542
0.00625392
0.00728054
0.00843397
0.00972232
0.0111529
0.012732
0.0144645
0.0163536
0.0184007
0.0206052
0.0229638
0.025471
0.0281181
0.030894
0.0337843
0.036772
0.0398369
0.0429564
0.0461051
0.0492557
0.0523789
0.0554438
0.0584188
0.0612718
0.0639707
0.0664842
0.0687823
0.070837
0.0726225
0.0741162
0.0752987
0.0761547
0.0766729
0.0768463
0.0766729
0.0761547
0.0752987
0.0741162
0.0726225
0.070837
0.0687823
0.0664842
0.0639707
0.0612718
0.0584188
0.0554438
0.0523789
0.0492557
0.0461051
0.0429564
0.0398369
0.036772
0.0337843
0.030894
0.0281181
0.025471
0.0229638
0.0206052
0.0184007
0.0163536
0.0144645
0.012732
0.0111529
0.00972232
0.00843397
0.00728054
0.00625392
0.00534542
0.00454598
0.0038464
0.0032375
0.00271027
0.00225596
0.0018662
0.00153306
0.00124907
0.00100723
0.000801041
0.000624454
0.000471837
0.000337929
0.000217772
0.000106648
0
0
9.4783e-05
0.000193544
0.000300333
0.000419344
0.000554981
0.000711922
0.00089517
0.0011101
0.0013625
0.00165858
0.00200497
0.00240874
0.00287731
0.00341847
0.00404022
0.00475072
0.00555815
0.00647055
0.00749565
0.00864067
0.00991211
0.0113155
0.0128552
0.0145342
0.0163536
0.0183128
0.020409
0.0226372
0.0249899
0.0274569
0.0300257
0.0326809
0.0354049
0.0381773
0.0409757
0.0437758
0.0465515
0.0492755
0.0519195
0.054455
0.0568537
0.0590875
0.06113
0.0629561
0.064543
0.0658704
0.0669214
0.0676822
0.0681427
0.0682969
0.0681427
0.0676822
0.0669214
0.0658704
0.064543
0.0629561
0.06113
0.0590875
0.0568537
0.054455
0.0519195
0.0492755
0.0465515
0.0437758
0.0409757
0.0381773
0.0354049
0.0326809
0.0300257
0.0274569
0.0249899
0.0226372
0.020409
0.0183128
0.0163536
0.0145342
0.0128552
0.0113155
0.00991211
0.00864067
0.00749565
0.00647055
0.00555815
0.00475072
0.00404022
0.00341847
0.00287731
0.00240874
0.00200497
0.00165858
0.0013625
0.0011101
0.00089517
0.000711922
0.000554981
0.000419344
0.000300333
0.000193544
9.4783e-05
0
0
8.3834e-05
0.000171186
0.000265639
0.000370902
0.000490871
0.000629683
0.000791763
0.000981868
0.00120511
0.00146699
0.00177337
0.00213049
0.00254494
0.00302358
0.00357351
0.00420193
0.00491609
0.00572309
0.00662978
0.00764253
0.0087671
0.0100084
0.0113702
0.0128552
0.0144645
0.0161973
0.0180514
0.0200222
0.0221031
0.0242852
0.0265572
0.0289057
0.031315
0.0337672
0.0362424
0.038719
0.041174
0.0435833
0.0459219
0.0481646
0.0502861
0.0522619
0.0540685
0.0556836
0.0570872
0.0582613
0.0591909
0.0598638
0.0602711
0.0604074
0.0602711
0.0598638
0.0591909
0.0582613
0.0570872
0.0556836
0.0540685
0.0522619
0.0502861
0.0481646
0.0459219
0.0435833
0.041174
0.038719
0.0362424
0.0337672
0.031315
0.0289057
0.0265572
0.0242852
0.0221031
0.0200222
0.0180514
0.0161973
0.0144645
0.0128552
0.0113702
0.0100084
0.0087671
0.00764253
0.00662978
0.00572309
0.00491609
0.00420193
0.00357351
0.00302358
0.00254494
0.00213049
0.00177337
0.00146699
0.00120511
0.000981868
0.000791763
0.000629683
0.000490871
0.000370902
0.000265639
0.000171186
8.3834e-05
0
0
7.37929e-05
0.000150683
0.000233823
0.000326478
0.000432078
0.000554264
0.000696931
0.000864267
0.00106077
0.00129128
0.00156096
0.00187531
0.00224012
0.00266144
0.0031455
0.00369865
0.00432727
0.00503762
0.00583571
0.00672716
0.00771704
0.00880965
0.0100084
0.0113155
0.012732
0.0142573
0.0158894
0.0176241
0.0194557
0.0213765
0.0233764
0.0254436
0.0275643
0.0297228
0.0319015
0.0340815
0.0362425
0.0383632
0.0404217
0.0423957
0.0442632
0.0460024
0.0475925
0.0490142
0.0502497
0.0512832
0.0521014
0.0526937
0.0530522
0.0531723
0.0530522
0.0526937
0.0521014
0.0512832
0.0502497
0.0490142
0.0475925
0.0460024
0.0442632
0.0423957
0.0404217
0.0383632
0.0362425
0.0340815
0.0319015
0.0297228
0.0275643
0.0254436
0.0233764
0.0213765
0.0194557
0.0176241
0.0158894
0.0142573
0.012732
0.0113155
0.0100084
0.00880965
0.00771704
0.00672716
0.00583571
0.00503762
0.00432727
0.00369865
0.0031455
0.00266144
0.00224012
0.00187531
0.00156096
0.00129128
0.00106077
0.000864267
0.000696931
0.000554264
0.000432078
0.000326478
0.000233823
0.000150683
7.37929e-05
0
0
6.46408e-05
0.000131994
0.000204823
0.000285987
0.00037849
0.000485522
0.000610495
0.000757076
0.00092921
0.00113113
0.00136737
0.00164273
0.00196229
0.00233135
0.00275538
0.00323993
0.00379059
0.00441283
0.00511194
0.00589283
0.00675994
0.00771704
0.0087671
0.00991211
0.0111529
0.0124891
0.0139187
0.0154383
0.0170428
0.0187253
0.0204771
0.022288
0.0241457
0.0260364
0.0279449
0.0298546
0.0317475
0.0336052
0.0354084
0.0371376
0.0387735
0.0402969
0.0416899
0.0429352
0.0440175
0.0449228
0.0456396
0.0461584
0.0464724
0.0465776
0.0464724
0.0461584
0.0456396
0.0449228
0.0440175
0.0429352
0.0416899
0.0402969
0.0387735
0.0371376
0.0354084
0.0336052
0.0317475
0.0298546
0.0279449
0.0260364
0.0241457
0.022288
0.0204771
0.0187253
0.0170428
0.0154383
0.0139187
0.0124891
0.0111529
0.00991211
0.0087671
0.00771704
0.00675994
0.00589283
0.00511194
0.00441283
0.00379059
0.00323993
0.00275538
0.00233135
0.00196229
0.00164273
0.00136737
0.00113113
0.00092921
0.000757076
0.000610495
0.000485522
0.00037849
0.000285987
0.000204823
0.000131994
6.46408e-05
0
0
5.63492e-05
0.000115063
0.00017855
0.000249303
0.00032994
0.000423243
0.000532186
0.000659965
0.000810019
0.000986039
0.00119197
0.00143201
0.00171059
0.00203231
0.00240194
0.00282434
0.00330436
0.00384679
0.00445622
0.00513695
0.00589283
0.00672716
0.00764253
0.00864067
0.00972232
0.0108871
0.0121333
0.013458
0.0148567
0.0163233
0.0178505
0.0194291
0.0210485
0.0226967
0.0243604
0.0260251
0.0276752
0.0292946
0.0308665
0.0323739
0.0337999
0.035128
0.0363423
0.0374279
0.0383713
0.0391605
0.0397853
0.0402376
0.0405114
0.040603
0.0405114
0.0402376
0.0397853
0.0391605
0.0383713
0.0374279
0.0363423
0.035128
0.0337999
0.0323739
0.0308665
0.0292946
0.0276752
0.0260251
0.0243604
0.0226967
0.0210485
0.0194291
0.0178505
0.0163233
0.0148567
0.013458
0.0121333
0.0108871
0.00972232
0.00864067
0.00764253
0.00672716
0.00589283
0.00513695
0.00445622
0.00384679
0.00330436
0.00282434
0.00240194
0.00203231
0.00171059
0.00143201
0.00119197
0.000986039
0.000810019
0.000659965
0.000532186
0.000423243
0.00032994
0.000249303
0.00017855
0.000115063
5.63492e-05
0
0
4.88821e-05
9.98156e-05
0.000154889
0.000216267
0.000286218
0.000367157
0.000461663
0.00057251
0.000702679
0.000855374
0.00103402
0.00124225
0.00148391
0.00176299
0.00208365
0.00245007
0.00286648
0.00333703
0.00386571
0.00445622
0.00511194
0.00583571
0.00662978
0.00749565
0.00843397
0.00944438
0.0105255
0.0116746
0.0128879
0.0141602
0.015485
0.0168544
0.0182592
0.019689
0.0211323
0.0225763
0.0240078
0.0254127
0.0267762
0.0280839
0.0293209
0.030473
0.0315264
0.0324681
0.0332865
0.0339711
0.0345131
0.0349055
0.035143
0.0352225
0.035143
0.0349055
0.0345131
0.0339711
0.0332865
0.0324681
0.0315264
0.030473
0.0293209
0.0280839
0.0267762
0.0254127
0.0240078
0.0225763
0.0211323
0.019689
0.0182592
0.0168544
0.015485
0.0141602
0.0128879
0.0116746
0.0105255
0.00944438
0.00843397
0.00749565
0.00662978
0.00583571
0.00511194
0.00445622
0.00386571
0.00333703
0.00286648
0.00245007
0.00208365
0.00176299
0.00148391
0.00124225
0.00103402
0.000855374
0.000702679
0.00057251
0.000461663
0.000367157
0.000286218
0.000216267
0.000154889
9.98156e-05
4.88821e-05
0
0
4.2197e-05
8.61649e-05
0.000133707
0.00018669
0.000247075
0.000316945
0.000398526
0.000494213
0.000606581
0.000738393
0.000892606
0.00107236
0.00128097
0.00152189
0.00179869
0.002115
0.00247447
0.00288066
0.00333703
0.00384679
0.00441283
0.00503762
0.00572309
0.00647055
0.00728054
0.00815277
0.00908601
0.010078
0.0111254
0.0122237
0.0133673
0.0145494
0.0157621
0.0169964
0.0182422
0.0194888
0.0207245
0.0219372
0.0231143
0.0242432
0.025311
0.0263055
0.0272148
0.0280278
0.0287343
0.0293253
0.0297931
0.0301318
0.0303368
0.0304055
0.0303368
0.0301318
0.0297931
0.0293253
0.0287343
0.0280278
0.0272148
0.0263055
0.025311
0.0242432
0.0231143
0.0219372
0.0207245
0.0194888
0.0182422
0.0169964
0.0157621
0.0145494
0.0133673
0.0122237
0.0111254
0.010078
0.00908601
0.00815277
0.00728054
0.00647055
0.00572309
0.00503762
0.00441283
0.00384679
0.00333703
0.00288066
0.00247447
0.002115
0.00179869
0.00152189
0.00128097
0.00107236
0.000892606
0.000738393
0.000606581
0.000494213
0.000398526
0.000316945
0.000247075
0.00018669
0.000133707
8.61649e-05
4.2197e-05
0
0
3.62469e-05
7.40149e-05
0.000114853
0.000160365
0.000212236
0.000272253
0.000342331
0.000424525
0.000521048
0.000634274
0.000766741
0.000921149
0.00110034
0.00130729
0.00154506
0.00181677
0.00212555
0.00247447
0.00286648
0.00330436
0.00379059
0.00432727
0.00491609
0.00555815
0.00625392
0.00700316
0.0078048
0.00865691
0.00955661
0.0105001
0.0114824
0.0124978
0.0135395
0.0145997
0.0156699
0.0167407
0.0178022
0.0188439
0.019855
0.0208247
0.021742
0.0225962
0.0233773
0.0240756
0.0246825
0.0251901
0.0255921
0.025883
0.0260591
0.0261181
0.0260591
0.025883
0.0255921
0.0251901
0.0246825
0.0240756
0.0233773
0.0225962
0.021742
0.0208247
0.019855
0.0188439
0.0178022
0.0167407
0.0156699
0.0145997
0.0135395
0.0124978
0.0114824
0.0105001
0.00955661
0.00865691
0.0078048
0.00700316
0.00625392
0.00555815
0.00491609
0.00432727
0.00379059
0.00330436
0.00286648
0.00247447
0.00212555
0.00181677
0.00154506
0.00130729
0.00110034
0.000921149
0.000766741
0.000634274
0.000521048
0.000424525
0.000342331
0.000272253
0.000212236
0.000160365
0.000114853
7.40149e-05
3.62469e-05
0
0
3.09813e-05
6.32628e-05
9.81684e-05
0.000137069
0.000181404
0.000232703
0.0002926
0.000362855
0.000445356
0.000542133
0.000655357
0.000787334
0.000940495
0.00111738
0.00132061
0.00155285
0.00181677
0.002115
0.00245007
0.00282434
0.00323993
0.00369865
0.00420193
0.00475072
0.00534542
0.00598582
0.006671
0.00739932
0.00816832
0.00897471
0.00981436
0.0106823
0.0115726
0.0124788
0.0133936
0.0143088
0.0152161
0.0161065
0.0169707
0.0177995
0.0185835
0.0193137
0.0199813
0.0205782
0.0210969
0.0215308
0.0218743
0.022123
0.0222735
0.0223239
0.0222735
0.022123
0.0218743
0.0215308
0.0210969
0.0205782
0.0199813
0.0193137
0.0185835
0.0177995
0.0169707
0.0161065
0.0152161
0.0143088
0.0133936
0.0124788
0.0115726
0.0106823
0.00981436
0.00897471
0.00816832
0.00739932
0.006671
0.00598582
0.00534542
0.00475072
0.00420193
0.00369865
0.00323993
0.00282434
0.00245007
0.002115
0.00181677
0.00155285
0.00132061
0.00111738
0.000940495
0.000787334
0.000655357
0.000542133
0.000445356
0.000362855
0.0002926
0.000232703
0.000181404
0.000137069
9.81684e-05
6.32628e-05
3.09813e-05
0
0
2.63478e-05
5.38014e-05
8.34867e-05
0.000116569
0.000154274
0.000197901
0.00024884
0.000308587
0.00037875
0.000461053
0.000557344
0.000669583
0.000799838
0.000950269
0.0011231
0.00132061
0.00154506
0.00179869
0.00208365
0.00240194
0.00275538
0.0031455
0.00357351
0.00404022
0.00454598
0.0050906
0.00567331
0.00629271
0.0069467
0.00763249
0.00834656
0.00908467
0.00984187
0.0106125
0.0113905
0.0121688
0.0129404
0.0136976
0.0144326
0.0151375
0.0158042
0.0164252
0.016993
0.0175006
0.0179417
0.0183107
0.0186029
0.0188143
0.0189424
0.0189852
0.0189424
0.0188143
0.0186029
0.0183107
0.0179417
0.0175006
0.016993
0.0164252
0.0158042
0.0151375
0.0144326
0.0136976
0.0129404
0.0121688
0.0113905
0.0106125
0.00984187
0.00908467
0.00834656
0.00763249
0.0069467
0.00629271
0.00567331
0.0050906
0.00454598
0.00404022
0.00357351
0.0031455
0.00275538
0.00240194
0.00208365
0.00179869
0.00154506
0.00132061
0.0011231
0.000950269
0.000799838
0.000669583
0.000557344
0.000461053
0.00037875
0.000308587
0.00024884
0.000197901
0.000154274
0.000116569
8.34867e-05
5.38014e-05
2.63478e-05
0
0
2.22932e-05
4.55219e-05
7.0639e-05
9.86306e-05
0.000130533
0.000167446
0.000210546
0.000261099
0.000320464
0.000390102
0.000471574
0.000566541
0.000676751
0.000804032
0.000950269
0.00111738
0.00130729
0.00152189
0.00176299
0.00203231
0.00233135
0.00266144
0.00302358
0.00341847
0.0038464
0.00430721
0.00480025
0.00532432
0.00587767
0.00645793
0.00706211
0.00768663
0.00832731
0.00897939
0.00963759
0.0102962
0.010949
0.0115897
0.0122116
0.012808
0.0133721
0.0138975
0.0143779
0.0148074
0.0151807
0.0154929
0.0157401
0.015919
0.0160273
0.0160636
0.0160273
0.015919
0.0157401
0.0154929
0.0151807
0.0148074
0.0143779
0.0138975
0.0133721
0.012808
0.0122116
0.0115897
0.010949
0.0102962
0.00963759
0.00897939
0.00832731
0.00768663
0.00706211
0.00645793
0.00587767
0.00532432
0.00480025
0.00430721
0.0038464
0.00341847
0.00302358
0.00266144
0.00233135
0.00203231
0.00176299
0.00152189
0.00130729
0.00111738
0.000950269
0.000804032
0.000676751
0.000566541
0.000471574
0.000390102
0.000320464
0.000261099
0.000210546
0.000167446
0.000130533
9.86306e-05
7.0639e-05
4.55219e-05
2.22932e-05
0
0
1.87641e-05
3.83157e-05
5.94566e-05
8.3017e-05
0.000109869
0.000140938
0.000177216
0.000219766
0.000269734
0.000328348
0.000396923
0.000476856
0.000569619
0.000676751
0.000799838
0.000940495
0.00110034
0.00128097
0.00148391
0.00171059
0.00196229
0.00224012
0.00254494
0.00287731
0.0032375
0.00362536
0.00404035
0.00448147
0.00494722
0.00543562
0.00594415
0.00646981
0.00700907
0.00755792
0.00811193
0.00866626
0.00921576
0.00975502
0.0102785
0.0107804
0.0112553
0.0116975
0.0121018
0.0124634
0.0127775
0.0130403
0.0132484
0.013399
0.0134901
0.0135207
0.0134901
0.013399
0.0132484
0.0130403
0.0127775
0.0124634
0.0121018
0.0116975
0.0112553
0.0107804
0.0102785
0.00975502
0.00921576
0.00866626
0.00811193
0.00755792
0.00700907
0.00646981
0.00594415
0.00543562
0.00494722
0.00448147
0.00404035
0.00362536
0.0032375
0.00287731
0.00254494
0.00224012
0.00196229
0.00171059
0.00148391
0.00128097
0.00110034
0.000940495
0.000799838
0.000676751
0.000569619
0.000476856
0.000396923
0.000328348
0.000269734
0.000219766
0.000177216
0.000140938
0.000109869
8.3017e-05
5.94566e-05
3.83157e-05
1.87641e-05
0
0
1.57083e-05
3.20759e-05
4.97739e-05
6.94975e-05
9.19766e-05
0.000117986
0.000148356
0.000183977
0.000225807
0.000274875
0.000332283
0.000399199
0.000476856
0.000566541
0.000669583
0.000787334
0.000921149
0.00107236
0.00124225
0.00143201
0.00164273
0.00187531
0.00213049
0.00240874
0.00271027
0.00303496
0.00338237
0.00375165
0.00414155
0.00455041
0.00497614
0.00541619
0.00586763
0.0063271
0.00679088
0.00725494
0.00771495
0.00816639
0.00860458
0.0090248
0.00942232
0.00979254
0.010131
0.0104337
0.0106967
0.0109167
0.0110908
0.0112169
0.0112932
0.0113188
0.0112932
0.0112169
0.0110908
0.0109167
0.0106967
0.0104337
0.010131
0.00979254
0.00942232
0.0090248
0.00860458
0.00816639
0.00771495
0.00725494
0.00679088
0.0063271
0.00586763
0.00541619
0.00497614
0.00455041
0.00414155
0.00375165
0.00338237
0.00303496
0.00271027
0.00240874
0.00213049
0.00187531
0.00164273
0.00143201
0.00124225
0.00107236
0.000921149
0.000787334
0.000669583
0.000566541
0.000476856
0.000399199
0.000332283
0.000274875
0.000225807
0.000183977
0.000148356
0.000117986
9.19766e-05
6.94975e-05
4.97739e-05
3.20759e-05
1.57083e-05
0
0
1.30752e-05
2.66992e-05
4.14306e-05
5.7848e-05
7.6559e-05
9.82089e-05
0.000123488
0.000153138
0.000187956
0.000228799
0.000276584
0.000332283
0.000396923
0.000471574
0.000557344
0.000655357
0.000766741
0.000892606
0.00103402
0.00119197
0.00136737
0.00156096
0.00177337
0.00200497
0.00225596
0.00252623
0.0028154
0.00312278
0.00344732
0.00378765
0.00414201
0.0045083
0.00488407
0.00526652
0.00565256
0.00603883
0.00642173
0.0067975
0.00716224
0.00751202
0.0078429
0.00815106
0.00843282
0.00868473
0.00890363
0.00908676
0.00923174
0.00933669
0.00940021
0.00942148
0.00940021
0.00933669
0.00923174
0.00908676
0.00890363
0.00868473
0.00843282
0.00815106
0.0078429
0.00751202
0.00716224
0.0067975
0.00642173
0.00603883
0.00565256
0.00526652
0.00488407
0.0045083
0.00414201
0.00378765
0.00344732
0.00312278
0.0028154
0.00252623
0.00225596
0.00200497
0.00177337
0.00156096
0.00136737
0.00119197
0.00103402
0.000892606
0.000766741
0.000655357
0.000557344
0.000471574
0.000396923
0.000332283
0.000276584
0.000228799
0.000187956
0.000153138
0.000123488
9.82089e-05
7.6559e-05
5.7848e-05
4.14306e-05
2.66992e-05
1.30752e-05
0
0
1.08163e-05
2.20864e-05
3.42728e-05
4.78538e-05
6.33322e-05
8.12416e-05
0.000102153
0.000126681
0.000155483
0.000189271
0.000228799
0.000274875
0.000328348
0.000390102
0.000461053
0.000542133
0.000634274
0.000738393
0.000855374
0.000986039
0.00113113
0.00129128
0.00146699
0.00165858
0.0018662
0.00208978
0.00232899
0.00258327
0.00285174
0.00313327
0.00342641
0.00372942
0.00404026
0.00435664
0.00467599
0.00499552
0.00531227
0.00562312
0.00592484
0.00621419
0.00648791
0.00674283
0.00697591
0.0071843
0.00736538
0.00751687
0.0076368
0.00772362
0.00777617
0.00779376
0.00777617
0.00772362
0.0076368
0.00751687
0.00736538
0.0071843
0.00697591
0.00674283
0.00648791
0.00621419
0.00592484
0.00562312
0.00531227
0.00499552
0.00467599
0.00435664
0.00404026
0.00372942
0.00342641
0.00313327
0.00285174
0.00258327
0.00232899
0.00208978
0.0018662
0.00165858
0.00146699
0.00129128
0.00113113
0.000986039
0.000855374
0.000738393
0.000634274
0.000542133
0.000461053
0.000390102
0.000328348
0.000274875
0.000228799
0.000189271
0.000155483
0.000126681
0.000102153
8.12416e-05
6.33322e-05
4.78538e-05
3.42728e-05
2.20864e-05
1.08163e-05
0
0
8.88542e-06
1.81437e-05
2.81547e-05
3.93113e-05
5.20266e-05
6.6739e-05
8.39176e-05
0.000104067
0.000127728
0.000155483
0.000187956
0.000225807
0.000269734
0.000320464
0.00037875
0.000445356
0.000521048
0.000606581
0.000702679
0.000810019
0.00092921
0.00106077
0.00120511
0.0013625
0.00153306
0.00171673
0.00191324
0.00212212
0.00234267
0.00257394
0.00281475
0.00306367
0.00331903
0.00357893
0.00384127
0.00410376
0.00436397
0.00461932
0.00486719
0.00510488
0.00532974
0.00553915
0.00573063
0.00590181
0.00605057
0.00617502
0.00627354
0.00634486
0.00638803
0.00640248
0.00638803
0.00634486
0.00627354
0.00617502
0.00605057
0.00590181
0.00573063
0.00553915
0.00532974
0.00510488
0.00486719
0.00461932
0.00436397
0.00410376
0.00384127
0.00357893
0.00331903
0.00306367
0.00281475
0.00257394
0.00234267
0.00212212
0.00191324
0.00171673
0.00153306
0.0013625
0.00120511
0.00106077
0.00092921
0.000810019
0.000702679
0.000606581
0.000521048
0.000445356
0.00037875
0.000320464
0.000269734
0.000225807
0.000187956
0.000155483
0.000127728
0.000104067
8.39176e-05
6.6739e-05
5.20266e-05
3.93113e-05
2.81547e-05
1.81437e-05
8.88542e-06
0
0
7.23942e-06
1.47827e-05
2.29391e-05
3.2029e-05
4.23888e-05
5.43758e-05
6.83721e-05
8.47885e-05
0.000104067
0.000126681
0.000153138
0.000183977
0.000219766
0.000261099
0.000308587
0.000362855
0.000424525
0.000494213
0.00057251
0.000659965
0.000757076
0.000864267
0.000981868
0.0011101
0.00124907
0.00139871
0.00155882
0.001729
0.0019087
0.00209713
0.00229333
0.00249613
0.00270418
0.00291594
0.00312968
0.00334355
0.00355555
0.0037636
0.00396555
0.00415922
0.00434242
0.00451304
0.00466904
0.00480852
0.00492972
0.00503111
0.00511138
0.00516949
0.00520466
0.00521644
0.00520466
0.00516949
0.00511138
0.00503111
0.00492972
0.00480852
0.00466904
0.00451304
0.00434242
0.00415922
0.00396555
0.0037636
0.00355555
0.00334355
0.00312968
0.00291594
0.00270418
0.00249613
0.00229333
0.00209713
0.0019087
0.001729
0.00155882
0.00139871
0.00124907
0.0011101
0.000981868
0.000864267
0.000757076
0.000659965
0.00057251
0.000494213
0.000424525
0.000362855
0.000308587
0.000261099
0.000219766
0.000183977
0.000153138
0.000126681
0.000104067
8.47885e-05
6.83721e-05
5.43758e-05
4.23888e-05
3.2029e-05
2.29391e-05
1.47827e-05
7.23942e-06
0
0
5.83776e-06
1.19205e-05
1.84977e-05
2.58277e-05
3.41817e-05
4.38478e-05
5.51342e-05
6.83721e-05
8.39176e-05
0.000102153
0.000123488
0.000148356
0.000177216
0.000210546
0.00024884
0.0002926
0.000342331
0.000398526
0.000461663
0.000532186
0.000610495
0.000696931
0.000791763
0.00089517
0.00100723
0.0011279
0.00125701
0.00139424
0.00153914
0.00169109
0.0018493
0.00201284
0.00218061
0.00235137
0.00252373
0.00269619
0.00286714
0.00303491
0.00319776
0.00335393
0.00350166
0.00363925
0.00376504
0.00387751
0.00397525
0.00405701
0.00412174
0.0041686
0.00419696
0.00420646
0.00419696
0.0041686
0.00412174
0.00405701
0.00397525
0.00387751
0.00376504
0.00363925
0.00350166
0.00335393
0.00319776
0.00303491
0.00286714
0.00269619
0.00252373
0.00235137
0.00218061
0.00201284
0.0018493
0.00169109
0.00153914
0.00139424
0.00125701
0.0011279
0.00100723
0.00089517
0.000791763
0.000696931
0.000610495
0.000532186
0.000461663
0.000398526
0.000342331
0.0002926
0.00024884
0.000210546
0.000177216
0.000148356
0.000123488
0.000102153
8.39176e-05
6.83721e-05
5.51342e-05
4.38478e-05
3.41817e-05
2.58277e-05
1.84977e-05
1.19205e-05
5.83776e-06
0
0
4.64272e-06
9.48028e-06
1.47111e-05
2.05406e-05
2.71844e-05
3.48718e-05
4.38478e-05
5.43758e-05
6.6739e-05
8.12416e-05
9.82089e-05
0.000117986
0.000140938
0.000167446
0.000197901
0.000232703
0.000272253
0.000316945
0.000367157
0.000423243
0.000485522
0.000554264
0.000629683
0.000711922
0.000801041
0.000897008
0.000999687
0.00110883
0.00122407
0.00134491
0.00147074
0.0016008
0.00173422
0.00187002
0.0020071
0.00214426
0.00228022
0.00241364
0.00254315
0.00266735
0.00278484
0.00289426
0.00299431
0.00308376
0.00316148
0.00322651
0.00327799
0.00331525
0.00333781
0.00334536
0.00333781
0.00331525
0.00327799
0.00322651
0.00316148
0.00308376
0.00299431
0.00289426
0.00278484
0.00266735
0.00254315
0.00241364
0.00228022
0.00214426
0.0020071
0.00187002
0.00173422
0.0016008
0.00147074
0.00134491
0.00122407
0.00110883
0.000999687
0.000897008
0.000801041
0.000711922
0.000629683
0.000554264
0.000485522
0.000423243
0.000367157
0.000316945
0.000272253
0.000232703
0.000197901
0.000167446
0.000140938
0.000117986
9.82089e-05
8.12416e-05
6.6739e-05
5.43758e-05
4.38478e-05
3.48718e-05
2.71844e-05
2.05406e-05
1.47111e-05
9.48028e-06
4.64272e-06
0
0
3.61925e-06
7.39038e-06
1.14681e-05
1.60125e-05
2.11917e-05
2.71844e-05
3.41817e-05
4.23888e-05
5.20266e-05
6.33322e-05
7.6559e-05
9.19766e-05
0.000109869
0.000130533
0.000154274
0.000181404
0.000212236
0.000247075
0.000286218
0.00032994
0.00037849
0.000432078
0.000490871
0.000554981
0.000624454
0.000699265
0.000779309
0.000864392
0.000954227
0.00104843
0.00114652
0.00124791
0.00135192
0.00145778
0.00156464
0.00167156
0.00177755
0.00188156
0.00198252
0.00207934
0.00217093
0.00225623
0.00233422
0.00240395
0.00246455
0.00251523
0.00255537
0.00258441
0.002602
0.00260789
0.002602
0.00258441
0.00255537
0.00251523
0.00246455
0.00240395
0.00233422
0.00225623
0.00217093
0.00207934
0.00198252
0.00188156
0.00177755
0.00167156
0.00156464
0.00145778
0.00135192
0.00124791
0.00114652
0.00104843
0.000954227
0.000864392
0.000779309
0.000699265
0.000624454
0.000554981
0.000490871
0.000432078
0.00037849
0.00032994
0.000286218
0.000247075
0.000212236
0.000181404
0.000154274
0.000130533
0.000109869
9.19766e-05
7.6559e-05
6.33322e-05
5.20266e-05
4.23888e-05
3.41817e-05
2.71844e-05
2.11917e-05
1.60125e-05
1.14681e-05
7.39038e-06
3.61925e-06
0
0
2.7347e-06
5.58417e-06
8.66528e-06
1.2099e-05
1.60125e-05
2.05406e-05
2.58277e-05
3.2029e-05
3.93113e-05
4.78538e-05
5.7848e-05
6.94975e-05
8.3017e-05
9.86306e-05
0.000116569
0.000137069
0.000160365
0.00018669
0.000216267
0.000249303
0.000285987
0.000326478
0.000370902
0.000419344
0.000471837
0.000528365
0.000588846
0.000653135
0.000721014
0.000792194
0.000866309
0.000942919
0.00102151
0.0011015
0.00118224
0.00126303
0.00134312
0.00142171
0.00149799
0.00157115
0.00164036
0.00170481
0.00176374
0.00181643
0.00186221
0.00190051
0.00193083
0.00195278
0.00196607
0.00197052
0.00196607
0.00195278
0.00193083
0.00190051
0.00186221
0.00181643
0.00176374
0.00170481
0.00164036
0.00157115
0.00149799
0.00142171
0.00134312
0.00126303
0.00118224
0.0011015
0.00102151
0.000942919
0.000866309
0.000792194
0.000721014
0.000653135
0.000588846
0.000528365
0.000471837
0.000419344
0.000370902
0.000326478
0.000285987
0.000249303
0.000216267
0.00018669
0.000160365
0.000137069
0.000116569
9.86306e-05
8.3017e-05
6.94975e-05
5.7848e-05
4.78538e-05
3.93113e-05
3.2029e-05
2.58277e-05
2.05406e-05
1.60125e-05
1.2099e-05
8.66528e-06
5.58417e-06
2.7347e-06
0
0
1.95859e-06
3.99937e-06
6.20605e-06
8.66528e-06
1.14681e-05
1.47111e-05
1.84977e-05
2.29391e-05
2.81547e-05
3.42728e-05
4.14306e-05
4.97739e-05
5.94566e-05
7.0639e-05
8.34867e-05
9.81684e-05
0.000114853
0.000133707
0.000154889
0.00017855
0.000204823
0.000233823
0.000265639
0.000300333
0.000337929
0.000378414
0.00042173
0.000467773
0.000516388
0.000567367
0.000620448
0.000675316
0.000731603
0.000788892
0.000846719
0.00090458
0.000961936
0.00101822
0.00107286
0.00112525
0.00117482
0.00122098
0.00126318
0.00130092
0.00133371
0.00136114
0.00138286
0.00139858
0.00140809
0.00141128
0.00140809
0.00139858
0.00138286
0.00136114
0.00133371
0.00130092
0.00126318
0.00122098
0.00117482
0.00112525
0.00107286
0.00101822
0.000961936
0.00090458
0.000846719
0.000788892
0.000731603
0.000675316
0.000620448
0.000567367
0.000516388
0.000467773
0.00042173
0.000378414
0.000337929
0.000300333
0.000265639
0.000233823
0.000204823
0.00017855
0.000154889
0.000133707
0.000114853
9.81684e-05
8.34867e-05
7.0639e-05
5.94566e-05
4.97739e-05
4.14306e-05
3.42728e-05
2.81547e-05
2.29391e-05
1.84977e-05
1.47111e-05
1.14681e-05
8.66528e-06
6.20605e-06
3.99937e-06
1.95859e-06
0
0
1.26217e-06
2.57732e-06
3.99937e-06
5.58417e-06
7.39038e-06
9.48028e-06
1.19205e-05
1.47827e-05
1.81437e-05
2.20864e-05
2.66992e-05
3.20759e-05
3.83157e-05
4.55219e-05
5.38014e-05
6.32628e-05
7.40149e-05
8.61649e-05
9.98156e-05
0.000115063
0.000131994
0.000150683
0.000171186
0.000193544
0.000217772
0.000243861
0.000271776
0.000301448
0.000332777
0.000365629
0.000399836
0.000435195
0.000471468
0.000508387
0.000545652
0.000582939
0.000619902
0.000656175
0.000691384
0.000725149
0.00075709
0.000786837
0.000814036
0.000838353
0.000859484
0.000877162
0.000891157
0.000901287
0.00090742
0.000909473
0.00090742
0.000901287
0.000891157
0.000877162
0.000859484
0.000838353
0.000814036
0.000786837
0.00075709
0.000725149
0.000691384
0.000656175
0.000619902
0.000582939
0.000545652
0.000508387
0.000471468
0.000435195
0.000399836
0.000365629
0.000332777
0.000301448
0.000271776
0.000243861
0.000217772
0.000193544
0.000171186
0.000150683
0.000131994
0.000115063
9.98156e-05
8.61649e-05
7.40149e-05
6.32628e-05
5.38014e-05
4.55219e-05
3.83157e-05
3.20759e-05
2.66992e-05
2.20864e-05
1.81437e-05
1.47827e-05
1.19205e-05
9.48028e-06
7.39038e-06
5.58417e-06
3.99937e-06
2.57732e-06
1.26217e-06
0
0
6.18117e-07
1.26217e-06
1.95859e-06
2.7347e-06
3.61925e-06
4.64272e-06
5.83776e-06
7.23942e-06
8.88542e-06
1.08163e-05
1.30752e-05
1.57083e-05
1.87641e-05
2.22932e-05
2.63478e-05
3.09813e-05
3.62469e-05
4.2197e-05
4.88821e-05
5.63492e-05
6.46408e-05
7.37929e-05
8.3834e-05
9.4783e-05
0.000106648
0.000119425
0.000133095
0.000147626
0.000162969
0.000179057
0.000195809
0.000213125
0.000230889
0.000248969
0.000267219
0.000285479
0.000303581
0.000321345
0.000338587
0.000355123
0.000370765
0.000385333
0.000398653
0.000410561
0.00042091
0.000429567
0.000436421
0.000441382
0.000444385
0.000445391
0.000444385
0.000441382
0.000436421
0.000429567
0.00042091
0.000410561
0.000398653
0.000385333
0.000370765
0.000355123
0.000338587
0.000321345
0.000303581
0.000285479
0.000267219
0.000248969
0.000230889
0.000213125
0.000195809
0.000179057
0.000162969
0.000147626
0.000133095
0.000119425
0.000106648
9.4783e-05
8.3834e-05
7.37929e-05
6.46408e-05
5.63492e-05
4.88821e-05
4.2197e-05
3.62469e-05
3.09813e-05
2.63478e-05
2.22932e-05
1.87641e-05
1.57083e-05
1.30752e-05
1.08163e-05
8.88542e-06
7.23942e-06
5.83776e-06
4.64272e-06
3.61925e-06
2.7347e-06
1.95859e-06
1.26217e-06
6.18117e-07
0
0
0
0
0
0
0
0
0
0
0
0
0
0
0
0
0
0
0
0
0
0
0
0
0
0
0
0
0
0
0
0
0
0
0
0
0
0
0
0
0
0
0
0
0
0
0
0
0
0
0
0
0
0
0
0
0
0
0
0
0
0
0
0
0
0
0
0
0
0
0
0
0
0
0
0
0
0
0
0
0
0
0
0
0
0
0
0
0
0
0
0
0
0
0
0
0
0
0
0
0
0
