# vtk DataFile Version 3.0
Heat2D data at time 0.06
ASCII
DATASET STRUCTURED_POINTS
DIMENSIONS 101 101 1
ORIGIN 0 0 0
SPACING 0.01 0.01 1
POINT_DATA 10201
SCALARS temperature double
LOOKUP_TABLE default
0
0
0
0
0
0
0
0
0
0
0
0
0
0
0
0
0
0
0
0
0
0
0
0
0
0
0
0
0
0
0
0
0
0
0
0
0
0
0
0
0
0
0
0
0
0
0
0
0
0
0
0
0
0
0
0
0
0
0
0
0
0
0
0
0
0
0
0
0
0
0
0
0
0
0
0
0
0
0
0
0
0
0
0
0
0
0
0
0
0
0
0
0
0
0
0
0
0
0
0
0
0
1.30812e-08
2.74375e-08
4.44254e-08
6.55653e-08
9.26276e-08
1.27722e-07
1.73395e-07
2.32723e-07
3.09424e-07
4.07955e-07
5.33617e-07
6.92659e-07
8.92357e-07
1.14109e-06
1.44838e-06
1.8249e-06
2.28247e-06
2.83393e-06
3.49303e-06
4.27422e-06
5.19237e-06
6.26242e-06
7.49896e-06
8.91574e-06
1.05251e-05
1.23376e-05
1.43609e-05
1.65997e-05
1.9055e-05
2.17233e-05
2.45964e-05
2.76612e-05
3.0899e-05
3.42857e-05
3.7792e-05
4.13836e-05
4.50216e-05
4.86629e-05
5.22615e-05
5.5769e-05
5.9136e-05
6.23126e-05
6.52503e-05
6.79029e-05
7.02274e-05
7.21855e-05
7.37443e-05
7.48773e-05
7.5565e-05
7.57956e-05
7.5565e-05
7.48773e-05
7.37443e-05
7.21855e-05
7.02274e-05
6.79029e-05
6.52503e-05
6.23126e-05
5.9136e-05
5.5769e-05
5.22615e-05
4.86629e-05
4.50216e-05
4.13836e-05
3.7792e-05
3.42857e-05
3.0899e-05
2.76612e-05
2.45964e-05
2.17233e-05
1.9055e-05
1.65997e-05
1.43609e-05
1.23376e-05
1.05251e-05
8.91574e-06
7.49896e-06
6.26242e-06
5.19237e-06
4.27422e-06
3.49303e-06
2.83393e-06
2.28247e-06
1.8249e-06
1.44838e-06
1.14109e-06
8.92357e-07
6.92659e-07
5.33617e-07
4.07955e-07
3.09424e-07
2.32723e-07
1.73395e-07
1.27722e-07
9.26276e-08
6.55653e-08
4.44254e-08
2.74375e-08
1.30812e-08
0
0
2.74375e-08
5.75497e-08
9.31815e-08
1.37522e-07
1.94285e-07
2.67895e-07
3.63692e-07
4.88133e-07
6.49011e-07
8.55677e-07
1.11925e-06
1.45284e-06
1.8717e-06
2.39341e-06
3.03794e-06
3.8277e-06
4.78744e-06
5.94411e-06
7.32656e-06
8.96509e-06
1.08909e-05
1.31353e-05
1.57289e-05
1.87006e-05
2.20763e-05
2.58778e-05
3.01216e-05
3.48175e-05
3.99674e-05
4.55641e-05
5.15906e-05
5.80188e-05
6.48099e-05
7.19135e-05
7.9268e-05
8.68013e-05
9.44318e-05
0.000102069
0.000109617
0.000116974
0.000124037
0.000130699
0.000136861
0.000142425
0.000147301
0.000151408
0.000154677
0.000157054
0.000158496
0.00015898
0.000158496
0.000157054
0.000154677
0.000151408
0.000147301
0.000142425
0.000136861
0.000130699
0.000124037
0.000116974
0.000109617
0.000102069
9.44318e-05
8.68013e-05
7.9268e-05
7.19135e-05
6.48099e-05
5.80188e-05
5.15906e-05
4.55641e-05
3.99674e-05
3.48175e-05
3.01216e-05
2.58778e-05
2.20763e-05
1.87006e-05
1.57289e-05
1.31353e-05
1.08909e-05
8.96509e-06
7.32656e-06
5.94411e-06
4.78744e-06
3.8277e-06
3.03794e-06
2.39341e-06
1.8717e-06
1.45284e-06
1.11925e-06
8.55677e-07
6.49011e-07
4.88133e-07
3.63692e-07
2.67895e-07
1.94285e-07
1.37522e-07
9.31815e-08
5.75497e-08
2.74375e-08
0
0
4.44254e-08
9.31815e-08
1.50875e-07
2.22669e-07
3.14575e-07
4.33762e-07
5.88872e-07
7.90359e-07
1.05085e-06
1.38547e-06
1.81223e-06
2.35236e-06
3.03056e-06
3.87529e-06
4.91888e-06
6.19761e-06
7.75157e-06
9.62439e-06
1.18628e-05
1.45158e-05
1.7634e-05
2.1268e-05
2.54675e-05
3.0279e-05
3.57447e-05
4.19e-05
4.87714e-05
5.63747e-05
6.47132e-05
7.37751e-05
8.35327e-05
9.39411e-05
0.000104937
0.000116439
0.000128347
0.000140544
0.000152899
0.000165266
0.000177487
0.000189399
0.000200833
0.000211622
0.000221599
0.000230607
0.000238502
0.000245152
0.000250445
0.000254293
0.000256629
0.000257412
0.000256629
0.000254293
0.000250445
0.000245152
0.000238502
0.000230607
0.000221599
0.000211622
0.000200833
0.000189399
0.000177487
0.000165266
0.000152899
0.000140544
0.000128347
0.000116439
0.000104937
9.39411e-05
8.35327e-05
7.37751e-05
6.47132e-05
5.63747e-05
4.87714e-05
4.19e-05
3.57447e-05
3.0279e-05
2.54675e-05
2.1268e-05
1.7634e-05
1.45158e-05
1.18628e-05
9.62439e-06
7.75157e-06
6.19761e-06
4.91888e-06
3.87529e-06
3.03056e-06
2.35236e-06
1.81223e-06
1.38547e-06
1.05085e-06
7.90359e-07
5.88872e-07
4.33762e-07
3.14575e-07
2.22669e-07
1.50875e-07
9.31815e-08
4.44254e-08
0
0
6.55653e-08
1.37522e-07
2.22669e-07
3.28626e-07
4.64267e-07
6.40168e-07
8.69087e-07
1.16645e-06
1.55089e-06
2.04474e-06
2.67459e-06
3.47174e-06
4.47266e-06
5.71935e-06
7.25954e-06
9.14675e-06
1.14402e-05
1.42042e-05
1.75077e-05
2.14232e-05
2.60251e-05
3.13884e-05
3.75862e-05
4.46873e-05
5.27539e-05
6.18381e-05
7.19793e-05
8.32007e-05
9.5507e-05
0.000108881
0.000123282
0.000138643
0.000154871
0.000171846
0.00018942
0.000207422
0.000225656
0.000243907
0.000261944
0.000279525
0.0002964
0.000312322
0.000327047
0.000340342
0.000351993
0.000361807
0.00036962
0.000375299
0.000378746
0.000379901
0.000378746
0.000375299
0.00036962
0.000361807
0.000351993
0.000340342
0.000327047
0.000312322
0.0002964
0.000279525
0.000261944
0.000243907
0.000225656
0.000207422
0.00018942
0.000171846
0.000154871
0.000138643
0.000123282
0.000108881
9.5507e-05
8.32007e-05
7.19793e-05
6.18381e-05
5.27539e-05
4.46873e-05
3.75862e-05
3.13884e-05
2.60251e-05
2.14232e-05
1.75077e-05
1.42042e-05
1.14402e-05
9.14675e-06
7.25954e-06
5.71935e-06
4.47266e-06
3.47174e-06
2.67459e-06
2.04474e-06
1.55089e-06
1.16645e-06
8.69087e-07
6.40168e-07
4.64267e-07
3.28626e-07
2.22669e-07
1.37522e-07
6.55653e-08
0
0
9.26276e-08
1.94285e-07
3.14575e-07
4.64267e-07
6.55894e-07
9.04399e-07
1.2278e-06
1.64791e-06
2.19102e-06
2.88872e-06
3.77853e-06
4.9047e-06
6.31876e-06
8.08002e-06
1.02559e-05
1.29221e-05
1.61621e-05
2.0067e-05
2.4734e-05
3.02656e-05
3.6767e-05
4.4344e-05
5.30999e-05
6.31321e-05
7.45282e-05
8.73619e-05
0.000101689
0.000117542
0.000134928
0.000153822
0.000174167
0.000195868
0.000218795
0.000242776
0.000267604
0.000293036
0.000318796
0.000344581
0.000370062
0.000394899
0.00041874
0.000441234
0.000462036
0.000480819
0.000497279
0.000511144
0.000522182
0.000530204
0.000535074
0.000536707
0.000535074
0.000530204
0.000522182
0.000511144
0.000497279
0.000480819
0.000462036
0.000441234
0.00041874
0.000394899
0.000370062
0.000344581
0.000318796
0.000293036
0.000267604
0.000242776
0.000218795
0.000195868
0.000174167
0.000153822
0.000134928
0.000117542
0.000101689
8.73619e-05
7.45282e-05
6.31321e-05
5.30999e-05
4.4344e-05
3.6767e-05
3.02656e-05
2.4734e-05
2.0067e-05
1.61621e-05
1.29221e-05
1.02559e-05
8.08002e-06
6.31876e-06
4.9047e-06
3.77853e-06
2.88872e-06
2.19102e-06
1.64791e-06
1.2278e-06
9.04399e-07
6.55894e-07
4.64267e-07
3.14575e-07
1.94285e-07
9.26276e-08
0
0
1.27722e-07
2.67895e-07
4.33762e-07
6.40168e-07
9.04399e-07
1.24706e-06
1.693e-06
2.27227e-06
3.02116e-06
3.9832e-06
5.21015e-06
6.763e-06
8.71282e-06
1.11414e-05
1.41417e-05
1.7818e-05
2.22856e-05
2.767e-05
3.41053e-05
4.17327e-05
5.06974e-05
6.11452e-05
7.32185e-05
8.70517e-05
0.000102766
0.000120462
0.000140217
0.000162076
0.000186049
0.000212102
0.000240155
0.000270079
0.000301692
0.000334759
0.000368994
0.000404062
0.000439582
0.000475136
0.000510272
0.000544519
0.000577393
0.000608409
0.000637093
0.000662992
0.000685688
0.000704807
0.000720027
0.000731089
0.000737804
0.000740055
0.000737804
0.000731089
0.000720027
0.000704807
0.000685688
0.000662992
0.000637093
0.000608409
0.000577393
0.000544519
0.000510272
0.000475136
0.000439582
0.000404062
0.000368994
0.000334759
0.000301692
0.000270079
0.000240155
0.000212102
0.000186049
0.000162076
0.000140217
0.000120462
0.000102766
8.70517e-05
7.32185e-05
6.11452e-05
5.06974e-05
4.17327e-05
3.41053e-05
2.767e-05
2.22856e-05
1.7818e-05
1.41417e-05
1.11414e-05
8.71282e-06
6.763e-06
5.21015e-06
3.9832e-06
3.02116e-06
2.27227e-06
1.693e-06
1.24706e-06
9.04399e-07
6.40168e-07
4.33762e-07
2.67895e-07
1.27722e-07
0
0
1.73395e-07
3.63692e-07
5.88872e-07
8.69087e-07
1.2278e-06
1.693e-06
2.2984e-06
3.08481e-06
4.1015e-06
5.40755e-06
7.07325e-06
9.18139e-06
1.18284e-05
1.51255e-05
1.91986e-05
2.41896e-05
3.02548e-05
3.75645e-05
4.6301e-05
5.6656e-05
6.88263e-05
8.30101e-05
9.94008e-05
0.000118181
0.000139514
0.000163538
0.000190357
0.000220034
0.000252579
0.000287948
0.000326033
0.000366657
0.000409574
0.000454466
0.000500943
0.000548551
0.000596773
0.00064504
0.00069274
0.000739234
0.000783863
0.00082597
0.000864911
0.000900072
0.000930884
0.000956839
0.000977501
0.000992519
0.00100164
0.00100469
0.00100164
0.000992519
0.000977501
0.000956839
0.000930884
0.000900072
0.000864911
0.00082597
0.000783863
0.000739234
0.00069274
0.00064504
0.000596773
0.000548551
0.000500943
0.000454466
0.000409574
0.000366657
0.000326033
0.000287948
0.000252579
0.000220034
0.000190357
0.000163538
0.000139514
0.000118181
9.94008e-05
8.30101e-05
6.88263e-05
5.6656e-05
4.6301e-05
3.75645e-05
3.02548e-05
2.41896e-05
1.91986e-05
1.51255e-05
1.18284e-05
9.18139e-06
7.07325e-06
5.40755e-06
4.1015e-06
3.08481e-06
2.2984e-06
1.693e-06
1.2278e-06
8.69087e-07
5.88872e-07
3.63692e-07
1.73395e-07
0
0
2.32723e-07
4.88133e-07
7.90359e-07
1.16645e-06
1.64791e-06
2.27227e-06
3.08481e-06
4.14031e-06
5.50487e-06
7.25779e-06
9.49342e-06
1.23229e-05
1.58757e-05
2.03008e-05
2.57676e-05
3.24663e-05
4.06067e-05
5.04175e-05
6.21434e-05
7.60413e-05
9.23759e-05
0.000111413
0.000133412
0.000158617
0.000187249
0.000219494
0.00025549
0.00029532
0.000339001
0.000386472
0.000437588
0.000492112
0.000549714
0.000609966
0.000672346
0.000736243
0.000800965
0.000865746
0.000929768
0.00099217
0.00105207
0.00110858
0.00116085
0.00120804
0.00124939
0.00128423
0.00131196
0.00133212
0.00134435
0.00134846
0.00134435
0.00133212
0.00131196
0.00128423
0.00124939
0.00120804
0.00116085
0.00110858
0.00105207
0.00099217
0.000929768
0.000865746
0.000800965
0.000736243
0.000672346
0.000609966
0.000549714
0.000492112
0.000437588
0.000386472
0.000339001
0.00029532
0.00025549
0.000219494
0.000187249
0.000158617
0.000133412
0.000111413
9.23759e-05
7.60413e-05
6.21434e-05
5.04175e-05
4.06067e-05
3.24663e-05
2.57676e-05
2.03008e-05
1.58757e-05
1.23229e-05
9.49342e-06
7.25779e-06
5.50487e-06
4.14031e-06
3.08481e-06
2.27227e-06
1.64791e-06
1.16645e-06
7.90359e-07
4.88133e-07
2.32723e-07
0
0
3.09424e-07
6.49011e-07
1.05085e-06
1.55089e-06
2.19102e-06
3.02116e-06
4.1015e-06
5.50487e-06
7.31916e-06
9.64981e-06
1.26223e-05
1.63843e-05
2.11079e-05
2.69915e-05
3.42601e-05
4.31665e-05
5.39898e-05
6.70341e-05
8.26245e-05
0.000101103
0.000122821
0.000148132
0.000177381
0.000210894
0.000248963
0.000291834
0.000339694
0.000392651
0.000450729
0.000513845
0.000581807
0.000654302
0.000730888
0.000810997
0.000893937
0.000978893
0.00106495
0.00115108
0.0012362
0.00131917
0.00139881
0.00147395
0.00154344
0.00160618
0.00166117
0.00170749
0.00174436
0.00177116
0.00178742
0.00179288
0.00178742
0.00177116
0.00174436
0.00170749
0.00166117
0.00160618
0.00154344
0.00147395
0.00139881
0.00131917
0.0012362
0.00115108
0.00106495
0.000978893
0.000893937
0.000810997
0.000730888
0.000654302
0.000581807
0.000513845
0.000450729
0.000392651
0.000339694
0.000291834
0.000248963
0.000210894
0.000177381
0.000148132
0.000122821
0.000101103
8.26245e-05
6.70341e-05
5.39898e-05
4.31665e-05
3.42601e-05
2.69915e-05
2.11079e-05
1.63843e-05
1.26223e-05
9.64981e-06
7.31916e-06
5.50487e-06
4.1015e-06
3.02116e-06
2.19102e-06
1.55089e-06
1.05085e-06
6.49011e-07
3.09424e-07
0
0
4.07955e-07
8.55677e-07
1.38547e-06
2.04474e-06
2.88872e-06
3.9832e-06
5.40755e-06
7.25779e-06
9.64981e-06
1.27226e-05
1.66416e-05
2.16015e-05
2.78294e-05
3.55864e-05
4.51696e-05
5.6912e-05
7.11819e-05
8.83798e-05
0.000108935
0.000133297
0.000161931
0.000195302
0.000233865
0.000278049
0.00032824
0.000384763
0.000447863
0.000517684
0.000594255
0.000677469
0.000767073
0.000862652
0.000963625
0.00106924
0.00117859
0.0012906
0.00140406
0.00151762
0.00162984
0.00173923
0.00184423
0.0019433
0.00203492
0.00211764
0.00219014
0.0022512
0.00229982
0.00233515
0.0023566
0.00236379
0.0023566
0.00233515
0.00229982
0.0022512
0.00219014
0.00211764
0.00203492
0.0019433
0.00184423
0.00173923
0.00162984
0.00151762
0.00140406
0.0012906
0.00117859
0.00106924
0.000963625
0.000862652
0.000767073
0.000677469
0.000594255
0.000517684
0.000447863
0.000384763
0.00032824
0.000278049
0.000233865
0.000195302
0.000161931
0.000133297
0.000108935
8.83798e-05
7.11819e-05
5.6912e-05
4.51696e-05
3.55864e-05
2.78294e-05
2.16015e-05
1.66416e-05
1.27226e-05
9.64981e-06
7.25779e-06
5.40755e-06
3.9832e-06
2.88872e-06
2.04474e-06
1.38547e-06
8.55677e-07
4.07955e-07
0
0
5.33617e-07
1.11925e-06
1.81223e-06
2.67459e-06
3.77853e-06
5.21015e-06
7.07325e-06
9.49342e-06
1.26223e-05
1.66416e-05
2.17677e-05
2.82555e-05
3.64017e-05
4.65481e-05
5.90833e-05
7.44428e-05
9.31082e-05
0.000115604
0.00014249
0.000174357
0.000211811
0.000255461
0.000305903
0.000363697
0.000429349
0.000503283
0.000585818
0.000677147
0.000777304
0.000886151
0.00100336
0.00112838
0.00126045
0.00139861
0.00154164
0.00168815
0.00183655
0.00198509
0.00213189
0.00227497
0.00241232
0.0025419
0.00266174
0.00276994
0.00286477
0.00294464
0.00300823
0.00305445
0.0030825
0.00309191
0.0030825
0.00305445
0.00300823
0.00294464
0.00286477
0.00276994
0.00266174
0.0025419
0.00241232
0.00227497
0.00213189
0.00198509
0.00183655
0.00168815
0.00154164
0.00139861
0.00126045
0.00112838
0.00100336
0.000886151
0.000777304
0.000677147
0.000585818
0.000503283
0.000429349
0.000363697
0.000305903
0.000255461
0.000211811
0.000174357
0.00014249
0.000115604
9.31082e-05
7.44428e-05
5.90833e-05
4.65481e-05
3.64017e-05
2.82555e-05
2.17677e-05
1.66416e-05
1.26223e-05
9.49342e-06
7.07325e-06
5.21015e-06
3.77853e-06
2.67459e-06
1.81223e-06
1.11925e-06
5.33617e-07
0
0
6.92659e-07
1.45284e-06
2.35236e-06
3.47174e-06
4.9047e-06
6.763e-06
9.18139e-06
1.23229e-05
1.63843e-05
2.16015e-05
2.82555e-05
3.66769e-05
4.7251e-05
6.04216e-05
7.66927e-05
9.663e-05
0.000120859
0.000150059
0.000184959
0.000226323
0.00027494
0.0003316
0.000397076
0.000472095
0.000557314
0.000653283
0.000760419
0.000878967
0.00100898
0.00115026
0.0013024
0.00146468
0.00163612
0.00181545
0.00200112
0.0021913
0.00238393
0.00257674
0.00276729
0.00295301
0.00313129
0.0032995
0.00345506
0.00359551
0.0037186
0.00382228
0.00390482
0.00396481
0.00400123
0.00401344
0.00400123
0.00396481
0.00390482
0.00382228
0.0037186
0.00359551
0.00345506
0.0032995
0.00313129
0.00295301
0.00276729
0.00257674
0.00238393
0.0021913
0.00200112
0.00181545
0.00163612
0.00146468
0.0013024
0.00115026
0.00100898
0.000878967
0.000760419
0.000653283
0.000557314
0.000472095
0.000397076
0.0003316
0.00027494
0.000226323
0.000184959
0.000150059
0.000120859
9.663e-05
7.66927e-05
6.04216e-05
4.7251e-05
3.66769e-05
2.82555e-05
2.16015e-05
1.63843e-05
1.23229e-05
9.18139e-06
6.763e-06
4.9047e-06
3.47174e-06
2.35236e-06
1.45284e-06
6.92659e-07
0
0
8.92357e-07
1.8717e-06
3.03056e-06
4.47266e-06
6.31876e-06
8.71282e-06
1.18284e-05
1.58757e-05
2.11079e-05
2.78294e-05
3.64017e-05
4.7251e-05
6.08738e-05
7.78415e-05
9.88037e-05
0.000124489
0.000155703
0.000193321
0.000238283
0.000291574
0.000354207
0.000427202
0.000511555
0.000608203
0.000717991
0.000841629
0.000979652
0.00113238
0.00129987
0.00148189
0.00167789
0.00188696
0.00210783
0.00233886
0.00257805
0.00282306
0.00307123
0.00331963
0.00356511
0.00380439
0.00403407
0.00425077
0.00445117
0.00463212
0.00479069
0.00492427
0.0050306
0.00510789
0.00515481
0.00517053
0.00515481
0.00510789
0.0050306
0.00492427
0.00479069
0.00463212
0.00445117
0.00425077
0.00403407
0.00380439
0.00356511
0.00331963
0.00307123
0.00282306
0.00257805
0.00233886
0.00210783
0.00188696
0.00167789
0.00148189
0.00129987
0.00113238
0.000979652
0.000841629
0.000717991
0.000608203
0.000511555
0.000427202
0.000354207
0.000291574
0.000238283
0.000193321
0.000155703
0.000124489
9.88037e-05
7.78415e-05
6.08738e-05
4.7251e-05
3.64017e-05
2.78294e-05
2.11079e-05
1.58757e-05
1.18284e-05
8.71282e-06
6.31876e-06
4.47266e-06
3.03056e-06
1.8717e-06
8.92357e-07
0
0
1.14109e-06
2.39341e-06
3.87529e-06
5.71935e-06
8.08002e-06
1.11414e-05
1.51255e-05
2.03008e-05
2.69915e-05
3.55864e-05
4.65481e-05
6.04216e-05
7.78415e-05
9.95387e-05
0.000126344
0.000159189
0.000199103
0.000247207
0.000304701
0.000372846
0.000452937
0.000546279
0.000654144
0.000777731
0.000918121
0.00107622
0.00125272
0.00144801
0.00166219
0.00189495
0.00214558
0.00241292
0.00269535
0.00299078
0.00329665
0.00360995
0.00392729
0.00424492
0.00455884
0.0048648
0.0051585
0.00543561
0.00569187
0.00592326
0.00612603
0.00629684
0.00643281
0.00653164
0.00659163
0.00661175
0.00659163
0.00653164
0.00643281
0.00629684
0.00612603
0.00592326
0.00569187
0.00543561
0.0051585
0.0048648
0.00455884
0.00424492
0.00392729
0.00360995
0.00329665
0.00299078
0.00269535
0.00241292
0.00214558
0.00189495
0.00166219
0.00144801
0.00125272
0.00107622
0.000918121
0.000777731
0.000654144
0.000546279
0.000452937
0.000372846
0.000304701
0.000247207
0.000199103
0.000159189
0.000126344
9.95387e-05
7.78415e-05
6.04216e-05
4.65481e-05
3.55864e-05
2.69915e-05
2.03008e-05
1.51255e-05
1.11414e-05
8.08002e-06
5.71935e-06
3.87529e-06
2.39341e-06
1.14109e-06
0
0
1.44838e-06
3.03794e-06
4.91888e-06
7.25954e-06
1.02559e-05
1.41417e-05
1.91986e-05
2.57676e-05
3.42601e-05
4.51696e-05
5.90833e-05
7.66927e-05
9.88037e-05
0.000126344
0.000160368
0.000202057
0.00025272
0.000313779
0.000386756
0.000473251
0.000574911
0.000693389
0.000830301
0.00098717
0.00116537
0.00136604
0.00159007
0.00183795
0.00210981
0.00240525
0.00272337
0.00306271
0.0034212
0.00379618
0.00418441
0.00458208
0.00498488
0.00538806
0.0057865
0.00617487
0.00654766
0.00689938
0.00722466
0.00751836
0.00777573
0.00799254
0.00816513
0.00829058
0.00836672
0.00839225
0.00836672
0.00829058
0.00816513
0.00799254
0.00777573
0.00751836
0.00722466
0.00689938
0.00654766
0.00617487
0.0057865
0.00538806
0.00498488
0.00458208
0.00418441
0.00379618
0.0034212
0.00306271
0.00272337
0.00240525
0.00210981
0.00183795
0.00159007
0.00136604
0.00116537
0.00098717
0.000830301
0.000693389
0.000574911
0.000473251
0.000386756
0.000313779
0.00025272
0.000202057
0.000160368
0.000126344
9.88037e-05
7.66927e-05
5.90833e-05
4.51696e-05
3.42601e-05
2.57676e-05
1.91986e-05
1.41417e-05
1.02559e-05
7.25954e-06
4.91888e-06
3.03794e-06
1.44838e-06
0
0
1.8249e-06
3.8277e-06
6.19761e-06
9.14675e-06
1.29221e-05
1.7818e-05
2.41896e-05
3.24663e-05
4.31665e-05
5.6912e-05
7.44428e-05
9.663e-05
0.000124489
0.000159189
0.000202057
0.000254585
0.000318418
0.000395349
0.000487298
0.000596279
0.000724366
0.000873644
0.00104615
0.0012438
0.00146832
0.00172116
0.00200342
0.00231575
0.00265828
0.00303052
0.00343135
0.0038589
0.00431058
0.00478305
0.00527221
0.00577326
0.00628077
0.00678876
0.00729078
0.00778011
0.00824981
0.00869297
0.0091028
0.00947285
0.00979714
0.0100703
0.0102878
0.0104458
0.0105418
0.0105739
0.0105418
0.0104458
0.0102878
0.0100703
0.00979714
0.00947285
0.0091028
0.00869297
0.00824981
0.00778011
0.00729078
0.00678876
0.00628077
0.00577326
0.00527221
0.00478305
0.00431058
0.0038589
0.00343135
0.00303052
0.00265828
0.00231575
0.00200342
0.00172116
0.00146832
0.0012438
0.00104615
0.000873644
0.000724366
0.000596279
0.000487298
0.000395349
0.000318418
0.000254585
0.000202057
0.000159189
0.000124489
9.663e-05
7.44428e-05
5.6912e-05
4.31665e-05
3.24663e-05
2.41896e-05
1.7818e-05
1.29221e-05
9.14675e-06
6.19761e-06
3.8277e-06
1.8249e-06
0
0
2.28247e-06
4.78744e-06
7.75157e-06
1.14402e-05
1.61621e-05
2.22856e-05
3.02548e-05
4.06067e-05
5.39898e-05
7.11819e-05
9.31082e-05
0.000120859
0.000155703
0.000199103
0.00025272
0.000318418
0.000398256
0.000494477
0.00060948
0.000745786
0.00090599
0.0010927
0.00130845
0.00155566
0.00183648
0.00215272
0.00250575
0.00289639
0.0033248
0.00379038
0.00429171
0.00482646
0.0053914
0.00598233
0.00659413
0.00722081
0.00785558
0.00849093
0.00911884
0.00973085
0.0103183
0.0108726
0.0113852
0.011848
0.0122536
0.0125953
0.0128673
0.013065
0.013185
0.0132252
0.013185
0.013065
0.0128673
0.0125953
0.0122536
0.011848
0.0113852
0.0108726
0.0103183
0.00973085
0.00911884
0.00849093
0.00785558
0.00722081
0.00659413
0.00598233
0.0053914
0.00482646
0.00429171
0.00379038
0.0033248
0.00289639
0.00250575
0.00215272
0.00183648
0.00155566
0.00130845
0.0010927
0.00090599
0.000745786
0.00060948
0.000494477
0.000398256
0.000318418
0.00025272
0.000199103
0.000155703
0.000120859
9.31082e-05
7.11819e-05
5.39898e-05
4.06067e-05
3.02548e-05
2.22856e-05
1.61621e-05
1.14402e-05
7.75157e-06
4.78744e-06
2.28247e-06
0
0
2.83393e-06
5.94411e-06
9.62439e-06
1.42042e-05
2.0067e-05
2.767e-05
3.75645e-05
5.04175e-05
6.70341e-05
8.83798e-05
0.000115604
0.000150059
0.000193321
0.000247207
0.000313779
0.000395349
0.000494477
0.000613946
0.000756734
0.000925973
0.00112488
0.0013567
0.00162458
0.00193152
0.00228018
0.00267283
0.00311116
0.00359618
0.00412809
0.00470616
0.00532861
0.00599256
0.00669399
0.00742769
0.00818731
0.0089654
0.00975353
0.0105424
0.011322
0.0120819
0.0128113
0.0134995
0.0141359
0.0147106
0.0152142
0.0156384
0.0159761
0.0162215
0.0163705
0.0164205
0.0163705
0.0162215
0.0159761
0.0156384
0.0152142
0.0147106
0.0141359
0.0134995
0.0128113
0.0120819
0.011322
0.0105424
0.00975353
0.0089654
0.00818731
0.00742769
0.00669399
0.00599256
0.00532861
0.00470616
0.00412809
0.00359618
0.00311116
0.00267283
0.00228018
0.00193152
0.00162458
0.0013567
0.00112488
0.000925973
0.000756734
0.000613946
0.000494477
0.000395349
0.000313779
0.000247207
0.000193321
0.000150059
0.000115604
8.83798e-05
6.70341e-05
5.04175e-05
3.75645e-05
2.767e-05
2.0067e-05
1.42042e-05
9.62439e-06
5.94411e-06
2.83393e-06
0
0
3.49303e-06
7.32656e-06
1.18628e-05
1.75077e-05
2.4734e-05
3.41053e-05
4.6301e-05
6.21434e-05
8.26245e-05
0.000108935
0.00014249
0.000184959
0.000238283
0.000304701
0.000386756
0.000487298
0.00060948
0.000756734
0.000932732
0.00114133
0.0013865
0.00167223
0.00200242
0.00238074
0.00281049
0.00329446
0.00383473
0.00443256
0.00508818
0.00580069
0.00656791
0.00738628
0.00825084
0.00915519
0.0100915
0.0110505
0.012022
0.0129943
0.0139552
0.0148918
0.0157909
0.0166391
0.0174236
0.0181319
0.0187526
0.0192755
0.0196917
0.0199942
0.0201779
0.0202394
0.0201779
0.0199942
0.0196917
0.0192755
0.0187526
0.0181319
0.0174236
0.0166391
0.0157909
0.0148918
0.0139552
0.0129943
0.012022
0.0110505
0.0100915
0.00915519
0.00825084
0.00738628
0.00656791
0.00580069
0.00508818
0.00443256
0.00383473
0.00329446
0.00281049
0.00238074
0.00200242
0.00167223
0.0013865
0.00114133
0.000932732
0.000756734
0.00060948
0.000487298
0.000386756
0.000304701
0.000238283
0.000184959
0.00014249
0.000108935
8.26245e-05
6.21434e-05
4.6301e-05
3.41053e-05
2.4734e-05
1.75077e-05
1.18628e-05
7.32656e-06
3.49303e-06
0
0
4.27422e-06
8.96509e-06
1.45158e-05
2.14232e-05
3.02656e-05
4.17327e-05
5.6656e-05
7.60413e-05
0.000101103
0.000133297
0.000174357
0.000226323
0.000291574
0.000372846
0.000473251
0.000596279
0.000745786
0.000925973
0.00114133
0.00139658
0.00169658
0.00204622
0.00245025
0.00291318
0.00343904
0.00403124
0.00469234
0.00542387
0.00622612
0.00709798
0.00803677
0.00903817
0.0100961
0.0112027
0.0123484
0.0135219
0.0147106
0.0159004
0.0170762
0.0182223
0.0193224
0.0203603
0.0213202
0.022187
0.0229465
0.0235863
0.0240956
0.0244658
0.0246905
0.0247659
0.0246905
0.0244658
0.0240956
0.0235863
0.0229465
0.022187
0.0213202
0.0203603
0.0193224
0.0182223
0.0170762
0.0159004
0.0147106
0.0135219
0.0123484
0.0112027
0.0100961
0.00903817
0.00803677
0.00709798
0.00622612
0.00542387
0.00469234
0.00403124
0.00343904
0.00291318
0.00245025
0.00204622
0.00169658
0.00139658
0.00114133
0.000925973
0.000745786
0.000596279
0.000473251
0.000372846
0.000291574
0.000226323
0.000174357
0.000133297
0.000101103
7.60413e-05
5.6656e-05
4.17327e-05
3.02656e-05
2.14232e-05
1.45158e-05
8.96509e-06
4.27422e-06
0
0
5.19237e-06
1.08909e-05
1.7634e-05
2.60251e-05
3.6767e-05
5.06974e-05
6.88263e-05
9.23759e-05
0.000122821
0.000161931
0.000211811
0.00027494
0.000354207
0.000452937
0.000574911
0.000724366
0.00090599
0.00112488
0.0013865
0.00169658
0.00206103
0.00248577
0.00297659
0.00353896
0.00417778
0.0048972
0.00570031
0.00658898
0.00756356
0.00862271
0.00976317
0.0109797
0.0122648
0.0136091
0.0150009
0.0164266
0.0178706
0.019316
0.0207444
0.0221366
0.0234731
0.024734
0.0259001
0.026953
0.0278757
0.0286529
0.0292716
0.0297214
0.0299943
0.0300859
0.0299943
0.0297214
0.0292716
0.0286529
0.0278757
0.026953
0.0259001
0.024734
0.0234731
0.0221366
0.0207444
0.019316
0.0178706
0.0164266
0.0150009
0.0136091
0.0122648
0.0109797
0.00976317
0.00862271
0.00756356
0.00658898
0.00570031
0.0048972
0.00417778
0.00353896
0.00297659
0.00248577
0.00206103
0.00169658
0.0013865
0.00112488
0.00090599
0.000724366
0.000574911
0.000452937
0.000354207
0.00027494
0.000211811
0.000161931
0.000122821
9.23759e-05
6.88263e-05
5.06974e-05
3.6767e-05
2.60251e-05
1.7634e-05
1.08909e-05
5.19237e-06
0
0
6.26242e-06
1.31353e-05
2.1268e-05
3.13884e-05
4.4344e-05
6.11452e-05
8.30101e-05
0.000111413
0.000148132
0.000195302
0.000255461
0.0003316
0.000427202
0.000546279
0.000693389
0.000873644
0.0010927
0.0013567
0.00167223
0.00204622
0.00248577
0.00299804
0.00359001
0.00426827
0.00503875
0.00590642
0.00687504
0.00794685
0.00912227
0.0103997
0.0117752
0.0132424
0.0147924
0.0164137
0.0180923
0.0198118
0.0215534
0.0232966
0.0250194
0.0266986
0.0283104
0.0298312
0.0312376
0.0325075
0.0336203
0.0345577
0.035304
0.0358464
0.0361756
0.036286
0.0361756
0.0358464
0.035304
0.0345577
0.0336203
0.0325075
0.0312376
0.0298312
0.0283104
0.0266986
0.0250194
0.0232966
0.0215534
0.0198118
0.0180923
0.0164137
0.0147924
0.0132424
0.0117752
0.0103997
0.00912227
0.00794685
0.00687504
0.00590642
0.00503875
0.00426827
0.00359001
0.00299804
0.00248577
0.00204622
0.00167223
0.0013567
0.0010927
0.000873644
0.000693389
0.000546279
0.000427202
0.0003316
0.000255461
0.000195302
0.000148132
0.000111413
8.30101e-05
6.11452e-05
4.4344e-05
3.13884e-05
2.1268e-05
1.31353e-05
6.26242e-06
0
0
7.49896e-06
1.57289e-05
2.54675e-05
3.75862e-05
5.30999e-05
7.32185e-05
9.94008e-05
0.000133412
0.000177381
0.000233865
0.000305903
0.000397076
0.000511555
0.000654144
0.000830301
0.00104615
0.00130845
0.00162458
0.00200242
0.00245025
0.00297659
0.00359001
0.00429887
0.00511106
0.00603367
0.00707266
0.00823254
0.00951598
0.0109235
0.0124531
0.0141002
0.0158571
0.0177132
0.0196547
0.0216647
0.0237237
0.0258092
0.0278966
0.0299596
0.0319703
0.0339004
0.0357215
0.0374056
0.0389262
0.0402588
0.0413813
0.0422749
0.0429244
0.0433186
0.0434508
0.0433186
0.0429244
0.0422749
0.0413813
0.0402588
0.0389262
0.0374056
0.0357215
0.0339004
0.0319703
0.0299596
0.0278966
0.0258092
0.0237237
0.0216647
0.0196547
0.0177132
0.0158571
0.0141002
0.0124531
0.0109235
0.00951598
0.00823254
0.00707266
0.00603367
0.00511106
0.00429887
0.00359001
0.00297659
0.00245025
0.00200242
0.00162458
0.00130845
0.00104615
0.000830301
0.000654144
0.000511555
0.000397076
0.000305903
0.000233865
0.000177381
0.000133412
9.94008e-05
7.32185e-05
5.30999e-05
3.75862e-05
2.54675e-05
1.57289e-05
7.49896e-06
0
0
8.91574e-06
1.87006e-05
3.0279e-05
4.46873e-05
6.31321e-05
8.70517e-05
0.000118181
0.000158617
0.000210894
0.000278049
0.000363697
0.000472095
0.000608203
0.000777731
0.00098717
0.0012438
0.00155566
0.00193152
0.00238074
0.00291318
0.00353896
0.00426827
0.00511106
0.00607669
0.00717361
0.0084089
0.00978792
0.0113138
0.0129873
0.0148059
0.0167642
0.018853
0.0210598
0.0233681
0.0257579
0.0282058
0.0306853
0.0331671
0.0356198
0.0380105
0.0403052
0.0424703
0.0444726
0.0462805
0.0478649
0.0491994
0.0502619
0.0510341
0.0515028
0.0516599
0.0515028
0.0510341
0.0502619
0.0491994
0.0478649
0.0462805
0.0444726
0.0424703
0.0403052
0.0380105
0.0356198
0.0331671
0.0306853
0.0282058
0.0257579
0.0233681
0.0210598
0.018853
0.0167642
0.0148059
0.0129873
0.0113138
0.00978792
0.0084089
0.00717361
0.00607669
0.00511106
0.00426827
0.00353896
0.00291318
0.00238074
0.00193152
0.00155566
0.0012438
0.00098717
0.000777731
0.000608203
0.000472095
0.000363697
0.000278049
0.000210894
0.000158617
0.000118181
8.70517e-05
6.31321e-05
4.46873e-05
3.0279e-05
1.87006e-05
8.91574e-06
0
0
1.05251e-05
2.20763e-05
3.57447e-05
5.27539e-05
7.45282e-05
0.000102766
0.000139514
0.000187249
0.000248963
0.00032824
0.000429349
0.000557314
0.000717991
0.000918121
0.00116537
0.00146832
0.00183648
0.00228018
0.00281049
0.00343904
0.00417778
0.00503875
0.00603367
0.00717361
0.00846853
0.00992681
0.0115548
0.0133561
0.0153316
0.0174786
0.0197903
0.0222562
0.0248613
0.0275863
0.0304075
0.0332973
0.0362244
0.0391542
0.0420496
0.0448718
0.0475808
0.0501367
0.0525004
0.0546347
0.056505
0.0580805
0.0593347
0.0602463
0.0607997
0.0609852
0.0607997
0.0602463
0.0593347
0.0580805
0.056505
0.0546347
0.0525004
0.0501367
0.0475808
0.0448718
0.0420496
0.0391542
0.0362244
0.0332973
0.0304075
0.0275863
0.0248613
0.0222562
0.0197903
0.0174786
0.0153316
0.0133561
0.0115548
0.00992681
0.00846853
0.00717361
0.00603367
0.00503875
0.00417778
0.00343904
0.00281049
0.00228018
0.00183648
0.00146832
0.00116537
0.000918121
0.000717991
0.000557314
0.000429349
0.00032824
0.000248963
0.000187249
0.000139514
0.000102766
7.45282e-05
5.27539e-05
3.57447e-05
2.20763e-05
1.05251e-05
0
0
1.23376e-05
2.58778e-05
4.19e-05
6.18381e-05
8.73619e-05
0.000120462
0.000163538
0.000219494
0.000291834
0.000384763
0.000503283
0.000653283
0.000841629
0.00107622
0.00136604
0.00172116
0.00215272
0.00267283
0.00329446
0.00403124
0.0048972
0.00590642
0.00707266
0.0084089
0.00992681
0.0116362
0.0135445
0.015656
0.0179717
0.0204884
0.0231982
0.0260887
0.0291424
0.0323366
0.0356436
0.0390311
0.0424622
0.0458965
0.0492905
0.0525987
0.0557742
0.0587703
0.061541
0.0640428
0.0662352
0.068082
0.0695521
0.0706207
0.0712693
0.0714868
0.0712693
0.0706207
0.0695521
0.068082
0.0662352
0.0640428
0.061541
0.0587703
0.0557742
0.0525987
0.0492905
0.0458965
0.0424622
0.0390311
0.0356436
0.0323366
0.0291424
0.0260887
0.0231982
0.0204884
0.0179717
0.015656
0.0135445
0.0116362
0.00992681
0.0084089
0.00707266
0.00590642
0.0048972
0.00403124
0.00329446
0.00267283
0.00215272
0.00172116
0.00136604
0.00107622
0.000841629
0.000653283
0.000503283
0.000384763
0.000291834
0.000219494
0.000163538
0.000120462
8.73619e-05
6.18381e-05
4.19e-05
2.58778e-05
1.23376e-05
0
0
1.43609e-05
3.01216e-05
4.87714e-05
7.19793e-05
0.000101689
0.000140217
0.000190357
0.00025549
0.000339694
0.000447863
0.000585818
0.000760419
0.000979652
0.00125272
0.00159007
0.00200342
0.00250575
0.00311116
0.00383473
0.00469234
0.00570031
0.00687504
0.00823254
0.00978792
0.0115548
0.0135445
0.0157657
0.0182236
0.020919
0.0238483
0.0270026
0.0303672
0.0339216
0.0376396
0.041489
0.045432
0.0494258
0.0534233
0.057374
0.0612246
0.0649209
0.0684083
0.0716334
0.0745455
0.0770974
0.0792471
0.0809583
0.0822022
0.0829572
0.0832103
0.0829572
0.0822022
0.0809583
0.0792471
0.0770974
0.0745455
0.0716334
0.0684083
0.0649209
0.0612246
0.057374
0.0534233
0.0494258
0.045432
0.041489
0.0376396
0.0339216
0.0303672
0.0270026
0.0238483
0.020919
0.0182236
0.0157657
0.0135445
0.0115548
0.00978792
0.00823254
0.00687504
0.00570031
0.00469234
0.00383473
0.00311116
0.00250575
0.00200342
0.00159007
0.00125272
0.000979652
0.000760419
0.000585818
0.000447863
0.000339694
0.00025549
0.000190357
0.000140217
0.000101689
7.19793e-05
4.87714e-05
3.01216e-05
1.43609e-05
0
0
1.65997e-05
3.48175e-05
5.63747e-05
8.32007e-05
0.000117542
0.000162076
0.000220034
0.00029532
0.000392651
0.000517684
0.000677147
0.000878967
0.00113238
0.00144801
0.00183795
0.00231575
0.00289639
0.00359618
0.00443256
0.00542387
0.00658898
0.00794685
0.00951598
0.0113138
0.0133561
0.015656
0.0182236
0.0210646
0.0241803
0.0275663
0.0312122
0.0351013
0.03921
0.0435076
0.0479571
0.0525147
0.0571312
0.0617519
0.0663185
0.0707695
0.075042
0.079073
0.082801
0.086167
0.0891168
0.0916016
0.0935796
0.0950174
0.0958901
0.0961826
0.0958901
0.0950174
0.0935796
0.0916016
0.0891168
0.086167
0.082801
0.079073
0.075042
0.0707695
0.0663185
0.0617519
0.0571312
0.0525147
0.0479571
0.0435076
0.03921
0.0351013
0.0312122
0.0275663
0.0241803
0.0210646
0.0182236
0.015656
0.0133561
0.0113138
0.00951598
0.00794685
0.00658898
0.00542387
0.00443256
0.00359618
0.00289639
0.00231575
0.00183795
0.00144801
0.00113238
0.000878967
0.000677147
0.000517684
0.000392651
0.00029532
0.000220034
0.000162076
0.000117542
8.32007e-05
5.63747e-05
3.48175e-05
1.65997e-05
0
0
1.9055e-05
3.99674e-05
6.47132e-05
9.5507e-05
0.000134928
0.000186049
0.000252579
0.000339001
0.000450729
0.000594255
0.000777304
0.00100898
0.00129987
0.00166219
0.00210981
0.00265828
0.0033248
0.00412809
0.00508818
0.00622612
0.00756356
0.00912227
0.0109235
0.0129873
0.0153316
0.0179717
0.020919
0.0241803
0.0277568
0.0316436
0.0358289
0.0402932
0.0450095
0.0499429
0.0550504
0.0602822
0.0655815
0.0708857
0.0761277
0.081237
0.0861415
0.0907688
0.0950481
0.0989121
0.102298
0.10515
0.107421
0.109071
0.110073
0.110409
0.110073
0.109071
0.107421
0.10515
0.102298
0.0989121
0.0950481
0.0907688
0.0861415
0.081237
0.0761277
0.0708857
0.0655815
0.0602822
0.0550504
0.0499429
0.0450095
0.0402932
0.0358289
0.0316436
0.0277568
0.0241803
0.020919
0.0179717
0.0153316
0.0129873
0.0109235
0.00912227
0.00756356
0.00622612
0.00508818
0.00412809
0.0033248
0.00265828
0.00210981
0.00166219
0.00129987
0.00100898
0.000777304
0.000594255
0.000450729
0.000339001
0.000252579
0.000186049
0.000134928
9.5507e-05
6.47132e-05
3.99674e-05
1.9055e-05
0
0
2.17233e-05
4.55641e-05
7.37751e-05
0.000108881
0.000153822
0.000212102
0.000287948
0.000386472
0.000513845
0.000677469
0.000886151
0.00115026
0.00148189
0.00189495
0.00240525
0.00303052
0.00379038
0.00470616
0.00580069
0.00709798
0.00862271
0.0103997
0.0124531
0.0148059
0.0174786
0.0204884
0.0238483
0.0275663
0.0316436
0.0360747
0.0408461
0.0459356
0.0513123
0.0569364
0.0627593
0.0687237
0.074765
0.080812
0.086788
0.0926128
0.0982041
0.103479
0.108358
0.112763
0.116623
0.119875
0.122463
0.124345
0.125487
0.12587
0.125487
0.124345
0.122463
0.119875
0.116623
0.112763
0.108358
0.103479
0.0982041
0.0926128
0.086788
0.080812
0.074765
0.0687237
0.0627593
0.0569364
0.0513123
0.0459356
0.0408461
0.0360747
0.0316436
0.0275663
0.0238483
0.0204884
0.0174786
0.0148059
0.0124531
0.0103997
0.00862271
0.00709798
0.00580069
0.00470616
0.00379038
0.00303052
0.00240525
0.00189495
0.00148189
0.00115026
0.000886151
0.000677469
0.000513845
0.000386472
0.000287948
0.000212102
0.000153822
0.000108881
7.37751e-05
4.55641e-05
2.17233e-05
0
0
2.45964e-05
5.15906e-05
8.35327e-05
0.000123282
0.000174167
0.000240155
0.000326033
0.000437588
0.000581807
0.000767073
0.00100336
0.0013024
0.00167789
0.00214558
0.00272337
0.00343135
0.00429171
0.00532861
0.00656791
0.00803677
0.00976317
0.0117752
0.0141002
0.0167642
0.0197903
0.0231982
0.0270026
0.0312122
0.0358289
0.0408461
0.0462485
0.0520111
0.058099
0.064467
0.0710599
0.0778132
0.0846536
0.0915003
0.0982668
0.104862
0.111193
0.117166
0.12269
0.127677
0.132048
0.13573
0.138661
0.140791
0.142084
0.142518
0.142084
0.140791
0.138661
0.13573
0.132048
0.127677
0.12269
0.117166
0.111193
0.104862
0.0982668
0.0915003
0.0846536
0.0778132
0.0710599
0.064467
0.058099
0.0520111
0.0462485
0.0408461
0.0358289
0.0312122
0.0270026
0.0231982
0.0197903
0.0167642
0.0141002
0.0117752
0.00976317
0.00803677
0.00656791
0.00532861
0.00429171
0.00343135
0.00272337
0.00214558
0.00167789
0.0013024
0.00100336
0.000767073
0.000581807
0.000437588
0.000326033
0.000240155
0.000174167
0.000123282
8.35327e-05
5.15906e-05
2.45964e-05
0
0
2.76612e-05
5.80188e-05
9.39411e-05
0.000138643
0.000195868
0.000270079
0.000366657
0.000492112
0.000654302
0.000862652
0.00112838
0.00146468
0.00188696
0.00241292
0.00306271
0.0038589
0.00482646
0.00599256
0.00738628
0.00903817
0.0109797
0.0132424
0.0158571
0.018853
0.0222562
0.0260887
0.0303672
0.0351013
0.0402932
0.0459356
0.0520111
0.0584918
0.0653382
0.0724997
0.0799142
0.0875089
0.0952016
0.102901
0.110511
0.117928
0.125048
0.131765
0.137977
0.143586
0.148501
0.152642
0.155938
0.158334
0.159788
0.160276
0.159788
0.158334
0.155938
0.152642
0.148501
0.143586
0.137977
0.131765
0.125048
0.117928
0.110511
0.102901
0.0952016
0.0875089
0.0799142
0.0724997
0.0653382
0.0584918
0.0520111
0.0459356
0.0402932
0.0351013
0.0303672
0.0260887
0.0222562
0.018853
0.0158571
0.0132424
0.0109797
0.00903817
0.00738628
0.00599256
0.00482646
0.0038589
0.00306271
0.00241292
0.00188696
0.00146468
0.00112838
0.000862652
0.000654302
0.000492112
0.000366657
0.000270079
0.000195868
0.000138643
9.39411e-05
5.80188e-05
2.76612e-05
0
0
3.0899e-05
6.48099e-05
0.000104937
0.000154871
0.000218795
0.000301692
0.000409574
0.000549714
0.000730888
0.000963625
0.00126045
0.00163612
0.00210783
0.00269535
0.0034212
0.00431058
0.0053914
0.00669399
0.00825084
0.0100961
0.0122648
0.0147924
0.0177132
0.0210598
0.0248613
0.0291424
0.0339216
0.03921
0.0450095
0.0513123
0.058099
0.0653382
0.0729861
0.0809858
0.0892681
0.0977518
0.106345
0.114946
0.123446
0.131731
0.139684
0.147188
0.154127
0.160393
0.165884
0.170509
0.174191
0.176867
0.178491
0.179036
0.178491
0.176867
0.174191
0.170509
0.165884
0.160393
0.154127
0.147188
0.139684
0.131731
0.123446
0.114946
0.106345
0.0977518
0.0892681
0.0809858
0.0729861
0.0653382
0.058099
0.0513123
0.0450095
0.03921
0.0339216
0.0291424
0.0248613
0.0210598
0.0177132
0.0147924
0.0122648
0.0100961
0.00825084
0.00669399
0.0053914
0.00431058
0.0034212
0.00269535
0.00210783
0.00163612
0.00126045
0.000963625
0.000730888
0.000549714
0.000409574
0.000301692
0.000218795
0.000154871
0.000104937
6.48099e-05
3.0899e-05
0
0
3.42857e-05
7.19135e-05
0.000116439
0.000171846
0.000242776
0.000334759
0.000454466
0.000609966
0.000810997
0.00106924
0.00139861
0.00181545
0.00233886
0.00299078
0.00379618
0.00478305
0.00598233
0.00742769
0.00915519
0.0112027
0.0136091
0.0164137
0.0196547
0.0233681
0.0275863
0.0323366
0.0376396
0.0435076
0.0499429
0.0569364
0.064467
0.0724997
0.0809858
0.0898623
0.0990524
0.108466
0.118001
0.127545
0.136977
0.14617
0.154995
0.163321
0.17102
0.177973
0.184065
0.189197
0.193283
0.196253
0.198055
0.198659
0.198055
0.196253
0.193283
0.189197
0.184065
0.177973
0.17102
0.163321
0.154995
0.14617
0.136977
0.127545
0.118001
0.108466
0.0990524
0.0898623
0.0809858
0.0724997
0.064467
0.0569364
0.0499429
0.0435076
0.0376396
0.0323366
0.0275863
0.0233681
0.0196547
0.0164137
0.0136091
0.0112027
0.00915519
0.00742769
0.00598233
0.00478305
0.00379618
0.00299078
0.00233886
0.00181545
0.00139861
0.00106924
0.000810997
0.000609966
0.000454466
0.000334759
0.000242776
0.000171846
0.000116439
7.19135e-05
3.42857e-05
0
0
3.7792e-05
7.9268e-05
0.000128347
0.00018942
0.000267604
0.000368994
0.000500943
0.000672346
0.000893937
0.00117859
0.00154164
0.00200112
0.00257805
0.00329665
0.00418441
0.00527221
0.00659413
0.00818731
0.0100915
0.0123484
0.0150009
0.0180923
0.0216647
0.0257579
0.0304075
0.0356436
0.041489
0.0479571
0.0550504
0.0627593
0.0710599
0.0799142
0.0892681
0.0990524
0.109182
0.119559
0.130069
0.140589
0.150985
0.161119
0.170846
0.180023
0.18851
0.196174
0.202889
0.208546
0.21305
0.216323
0.21831
0.218976
0.21831
0.216323
0.21305
0.208546
0.202889
0.196174
0.18851
0.180023
0.170846
0.161119
0.150985
0.140589
0.130069
0.119559
0.109182
0.0990524
0.0892681
0.0799142
0.0710599
0.0627593
0.0550504
0.0479571
0.041489
0.0356436
0.0304075
0.0257579
0.0216647
0.0180923
0.0150009
0.0123484
0.0100915
0.00818731
0.00659413
0.00527221
0.00418441
0.00329665
0.00257805
0.00200112
0.00154164
0.00117859
0.000893937
0.000672346
0.000500943
0.000368994
0.000267604
0.00018942
0.000128347
7.9268e-05
3.7792e-05
0
0
4.13836e-05
8.68013e-05
0.000140544
0.000207422
0.000293036
0.000404062
0.000548551
0.000736243
0.000978893
0.0012906
0.00168815
0.0021913
0.00282306
0.00360995
0.00458208
0.00577326
0.00722081
0.0089654
0.0110505
0.0135219
0.0164266
0.0198118
0.0237237
0.0282058
0.0332973
0.0390311
0.045432
0.0525147
0.0602822
0.0687237
0.0778132
0.0875089
0.0977518
0.108466
0.119559
0.130921
0.14243
0.15395
0.165334
0.176431
0.187082
0.197132
0.206426
0.214817
0.222171
0.228366
0.233297
0.236882
0.239057
0.239787
0.239057
0.236882
0.233297
0.228366
0.222171
0.214817
0.206426
0.197132
0.187082
0.176431
0.165334
0.15395
0.14243
0.130921
0.119559
0.108466
0.0977518
0.0875089
0.0778132
0.0687237
0.0602822
0.0525147
0.045432
0.0390311
0.0332973
0.0282058
0.0237237
0.0198118
0.0164266
0.0135219
0.0110505
0.0089654
0.00722081
0.00577326
0.00458208
0.00360995
0.00282306
0.0021913
0.00168815
0.0012906
0.000978893
0.000736243
0.000548551
0.000404062
0.000293036
0.000207422
0.000140544
8.68013e-05
4.13836e-05
0
0
4.50216e-05
9.44318e-05
0.000152899
0.000225656
0.000318796
0.000439582
0.000596773
0.000800965
0.00106495
0.00140406
0.00183655
0.00238393
0.00307123
0.00392729
0.00498488
0.00628077
0.00785558
0.00975353
0.012022
0.0147106
0.0178706
0.0215534
0.0258092
0.0306853
0.0362244
0.0424622
0.0494258
0.0571312
0.0655815
0.074765
0.0846536
0.0952016
0.106345
0.118001
0.130069
0.14243
0.154951
0.167483
0.179868
0.19194
0.203528
0.214461
0.224572
0.233702
0.241702
0.248441
0.253806
0.257705
0.260072
0.260866
0.260072
0.257705
0.253806
0.248441
0.241702
0.233702
0.224572
0.214461
0.203528
0.19194
0.179868
0.167483
0.154951
0.14243
0.130069
0.118001
0.106345
0.0952016
0.0846536
0.074765
0.0655815
0.0571312
0.0494258
0.0424622
0.0362244
0.0306853
0.0258092
0.0215534
0.0178706
0.0147106
0.012022
0.00975353
0.00785558
0.00628077
0.00498488
0.00392729
0.00307123
0.00238393
0.00183655
0.00140406
0.00106495
0.000800965
0.000596773
0.000439582
0.000318796
0.000225656
0.000152899
9.44318e-05
4.50216e-05
0
0
4.86629e-05
0.000102069
0.000165266
0.000243907
0.000344581
0.000475136
0.00064504
0.000865746
0.00115108
0.00151762
0.00198509
0.00257674
0.00331963
0.00424492
0.00538806
0.00678876
0.00849093
0.0105424
0.0129943
0.0159004
0.019316
0.0232966
0.0278966
0.0331671
0.0391542
0.0458965
0.0534233
0.0617519
0.0708857
0.080812
0.0915003
0.102901
0.114946
0.127545
0.140589
0.15395
0.167483
0.181029
0.194416
0.207464
0.21999
0.231807
0.242735
0.252603
0.261251
0.268535
0.274334
0.278548
0.281107
0.281964
0.281107
0.278548
0.274334
0.268535
0.261251
0.252603
0.242735
0.231807
0.21999
0.207464
0.194416
0.181029
0.167483
0.15395
0.140589
0.127545
0.114946
0.102901
0.0915003
0.080812
0.0708857
0.0617519
0.0534233
0.0458965
0.0391542
0.0331671
0.0278966
0.0232966
0.019316
0.0159004
0.0129943
0.0105424
0.00849093
0.00678876
0.00538806
0.00424492
0.00331963
0.00257674
0.00198509
0.00151762
0.00115108
0.000865746
0.00064504
0.000475136
0.000344581
0.000243907
0.000165266
0.000102069
4.86629e-05
0
0
5.22615e-05
0.000109617
0.000177487
0.000261944
0.000370062
0.000510272
0.00069274
0.000929768
0.0012362
0.00162984
0.00213189
0.00276729
0.00356511
0.00455884
0.0057865
0.00729078
0.00911884
0.011322
0.0139552
0.0170762
0.0207444
0.0250194
0.0299596
0.0356198
0.0420496
0.0492905
0.057374
0.0663185
0.0761277
0.086788
0.0982668
0.110511
0.123446
0.136977
0.150985
0.165334
0.179868
0.194416
0.208793
0.222806
0.236258
0.248949
0.260686
0.271283
0.28057
0.288393
0.294621
0.299147
0.301895
0.302816
0.301895
0.299147
0.294621
0.288393
0.28057
0.271283
0.260686
0.248949
0.236258
0.222806
0.208793
0.194416
0.179868
0.165334
0.150985
0.136977
0.123446
0.110511
0.0982668
0.086788
0.0761277
0.0663185
0.057374
0.0492905
0.0420496
0.0356198
0.0299596
0.0250194
0.0207444
0.0170762
0.0139552
0.011322
0.00911884
0.00729078
0.0057865
0.00455884
0.00356511
0.00276729
0.00213189
0.00162984
0.0012362
0.000929768
0.00069274
0.000510272
0.000370062
0.000261944
0.000177487
0.000109617
5.22615e-05
0
0
5.5769e-05
0.000116974
0.000189399
0.000279525
0.000394899
0.000544519
0.000739234
0.00099217
0.00131917
0.00173923
0.00227497
0.00295301
0.00380439
0.0048648
0.00617487
0.00778011
0.00973085
0.0120819
0.0148918
0.0182223
0.0221366
0.0266986
0.0319703
0.0380105
0.0448718
0.0525987
0.0612246
0.0707695
0.081237
0.0926128
0.104862
0.117928
0.131731
0.14617
0.161119
0.176431
0.19194
0.207464
0.222806
0.23776
0.252114
0.265657
0.278182
0.28949
0.299401
0.307749
0.314394
0.319224
0.322156
0.323139
0.322156
0.319224
0.314394
0.307749
0.299401
0.28949
0.278182
0.265657
0.252114
0.23776
0.222806
0.207464
0.19194
0.176431
0.161119
0.14617
0.131731
0.117928
0.104862
0.0926128
0.081237
0.0707695
0.0612246
0.0525987
0.0448718
0.0380105
0.0319703
0.0266986
0.0221366
0.0182223
0.0148918
0.0120819
0.00973085
0.00778011
0.00617487
0.0048648
0.00380439
0.00295301
0.00227497
0.00173923
0.00131917
0.00099217
0.000739234
0.000544519
0.000394899
0.000279525
0.000189399
0.000116974
5.5769e-05
0
0
5.9136e-05
0.000124037
0.000200833
0.0002964
0.00041874
0.000577393
0.000783863
0.00105207
0.00139881
0.00184423
0.00241232
0.00313129
0.00403407
0.0051585
0.00654766
0.00824981
0.0103183
0.0128113
0.0157909
0.0193224
0.0234731
0.0283104
0.0339004
0.0403052
0.0475808
0.0557742
0.0649209
0.075042
0.0861415
0.0982041
0.111193
0.125048
0.139684
0.154995
0.170846
0.187082
0.203528
0.21999
0.236258
0.252114
0.267335
0.281696
0.294976
0.306968
0.317476
0.326328
0.333375
0.338497
0.341606
0.342648
0.341606
0.338497
0.333375
0.326328
0.317476
0.306968
0.294976
0.281696
0.267335
0.252114
0.236258
0.21999
0.203528
0.187082
0.170846
0.154995
0.139684
0.125048
0.111193
0.0982041
0.0861415
0.075042
0.0649209
0.0557742
0.0475808
0.0403052
0.0339004
0.0283104
0.0234731
0.0193224
0.0157909
0.0128113
0.0103183
0.00824981
0.00654766
0.0051585
0.00403407
0.00313129
0.00241232
0.00184423
0.00139881
0.00105207
0.000783863
0.000577393
0.00041874
0.0002964
0.000200833
0.000124037
5.9136e-05
0
0
6.23126e-05
0.000130699
0.000211622
0.000312322
0.000441234
0.000608409
0.00082597
0.00110858
0.00147395
0.0019433
0.0025419
0.0032995
0.00425077
0.00543561
0.00689938
0.00869297
0.0108726
0.0134995
0.0166391
0.0203603
0.024734
0.0298312
0.0357215
0.0424703
0.0501367
0.0587703
0.0684083
0.079073
0.0907688
0.103479
0.117166
0.131765
0.147188
0.163321
0.180023
0.197132
0.214461
0.231807
0.248949
0.265657
0.281696
0.296827
0.310822
0.323457
0.33453
0.343858
0.351283
0.35668
0.359956
0.361054
0.359956
0.35668
0.351283
0.343858
0.33453
0.323457
0.310822
0.296827
0.281696
0.265657
0.248949
0.231807
0.214461
0.197132
0.180023
0.163321
0.147188
0.131765
0.117166
0.103479
0.0907688
0.079073
0.0684083
0.0587703
0.0501367
0.0424703
0.0357215
0.0298312
0.024734
0.0203603
0.0166391
0.0134995
0.0108726
0.00869297
0.00689938
0.00543561
0.00425077
0.0032995
0.0025419
0.0019433
0.00147395
0.00110858
0.00082597
0.000608409
0.000441234
0.000312322
0.000211622
0.000130699
6.23126e-05
0
0
6.52503e-05
0.000136861
0.000221599
0.000327047
0.000462036
0.000637093
0.000864911
0.00116085
0.00154344
0.00203492
0.00266174
0.00345506
0.00445117
0.00569187
0.00722466
0.0091028
0.0113852
0.0141359
0.0174236
0.0213202
0.0259001
0.0312376
0.0374056
0.0444726
0.0525004
0.061541
0.0716334
0.082801
0.0950481
0.108358
0.12269
0.137977
0.154127
0.17102
0.18851
0.206426
0.224572
0.242735
0.260686
0.278182
0.294976
0.310822
0.325475
0.338707
0.350302
0.360069
0.367844
0.373496
0.376926
0.378076
0.376926
0.373496
0.367844
0.360069
0.350302
0.338707
0.325475
0.310822
0.294976
0.278182
0.260686
0.242735
0.224572
0.206426
0.18851
0.17102
0.154127
0.137977
0.12269
0.108358
0.0950481
0.082801
0.0716334
0.061541
0.0525004
0.0444726
0.0374056
0.0312376
0.0259001
0.0213202
0.0174236
0.0141359
0.0113852
0.0091028
0.00722466
0.00569187
0.00445117
0.00345506
0.00266174
0.00203492
0.00154344
0.00116085
0.000864911
0.000637093
0.000462036
0.000327047
0.000221599
0.000136861
6.52503e-05
0
0
6.79029e-05
0.000142425
0.000230607
0.000340342
0.000480819
0.000662992
0.000900072
0.00120804
0.00160618
0.00211764
0.00276994
0.00359551
0.00463212
0.00592326
0.00751836
0.00947285
0.011848
0.0147106
0.0181319
0.022187
0.026953
0.0325075
0.0389262
0.0462805
0.0546347
0.0640428
0.0745455
0.086167
0.0989121
0.112763
0.127677
0.143586
0.160393
0.177973
0.196174
0.214817
0.233702
0.252603
0.271283
0.28949
0.306968
0.323457
0.338707
0.352476
0.364542
0.374707
0.382798
0.388679
0.392249
0.393446
0.392249
0.388679
0.382798
0.374707
0.364542
0.352476
0.338707
0.323457
0.306968
0.28949
0.271283
0.252603
0.233702
0.214817
0.196174
0.177973
0.160393
0.143586
0.127677
0.112763
0.0989121
0.086167
0.0745455
0.0640428
0.0546347
0.0462805
0.0389262
0.0325075
0.026953
0.022187
0.0181319
0.0147106
0.011848
0.00947285
0.00751836
0.00592326
0.00463212
0.00359551
0.00276994
0.00211764
0.00160618
0.00120804
0.000900072
0.000662992
0.000480819
0.000340342
0.000230607
0.000142425
6.79029e-05
0
0
7.02274e-05
0.000147301
0.000238502
0.000351993
0.000497279
0.000685688
0.000930884
0.00124939
0.00166117
0.00219014
0.00286477
0.0037186
0.00479069
0.00612603
0.00777573
0.00979714
0.0122536
0.0152142
0.0187526
0.0229465
0.0278757
0.0336203
0.0402588
0.0478649
0.056505
0.0662352
0.0770974
0.0891168
0.102298
0.116623
0.132048
0.148501
0.165884
0.184065
0.202889
0.222171
0.241702
0.261251
0.28057
0.299401
0.317476
0.33453
0.350302
0.364542
0.377022
0.387534
0.395902
0.401985
0.405677
0.406915
0.405677
0.401985
0.395902
0.387534
0.377022
0.364542
0.350302
0.33453
0.317476
0.299401
0.28057
0.261251
0.241702
0.222171
0.202889
0.184065
0.165884
0.148501
0.132048
0.116623
0.102298
0.0891168
0.0770974
0.0662352
0.056505
0.0478649
0.0402588
0.0336203
0.0278757
0.0229465
0.0187526
0.0152142
0.0122536
0.00979714
0.00777573
0.00612603
0.00479069
0.0037186
0.00286477
0.00219014
0.00166117
0.00124939
0.000930884
0.000685688
0.000497279
0.000351993
0.000238502
0.000147301
7.02274e-05
0
0
7.21855e-05
0.000151408
0.000245152
0.000361807
0.000511144
0.000704807
0.000956839
0.00128423
0.00170749
0.0022512
0.00294464
0.00382228
0.00492427
0.00629684
0.00799254
0.0100703
0.0125953
0.0156384
0.0192755
0.0235863
0.0286529
0.0345577
0.0413813
0.0491994
0.0580805
0.068082
0.0792471
0.0916016
0.10515
0.119875
0.13573
0.152642
0.170509
0.189197
0.208546
0.228366
0.248441
0.268535
0.288393
0.307749
0.326328
0.343858
0.360069
0.374707
0.387534
0.398339
0.406941
0.413193
0.416988
0.41826
0.416988
0.413193
0.406941
0.398339
0.387534
0.374707
0.360069
0.343858
0.326328
0.307749
0.288393
0.268535
0.248441
0.228366
0.208546
0.189197
0.170509
0.152642
0.13573
0.119875
0.10515
0.0916016
0.0792471
0.068082
0.0580805
0.0491994
0.0413813
0.0345577
0.0286529
0.0235863
0.0192755
0.0156384
0.0125953
0.0100703
0.00799254
0.00629684
0.00492427
0.00382228
0.00294464
0.0022512
0.00170749
0.00128423
0.000956839
0.000704807
0.000511144
0.000361807
0.000245152
0.000151408
7.21855e-05
0
0
7.37443e-05
0.000154677
0.000250445
0.00036962
0.000522182
0.000720027
0.000977501
0.00131196
0.00174436
0.00229982
0.00300823
0.00390482
0.0050306
0.00643281
0.00816513
0.0102878
0.0128673
0.0159761
0.0196917
0.0240956
0.0292716
0.035304
0.0422749
0.0502619
0.0593347
0.0695521
0.0809583
0.0935796
0.107421
0.122463
0.138661
0.155938
0.174191
0.193283
0.21305
0.233297
0.253806
0.274334
0.294621
0.314394
0.333375
0.351283
0.367844
0.382798
0.395902
0.406941
0.415729
0.422116
0.425993
0.427292
0.425993
0.422116
0.415729
0.406941
0.395902
0.382798
0.367844
0.351283
0.333375
0.314394
0.294621
0.274334
0.253806
0.233297
0.21305
0.193283
0.174191
0.155938
0.138661
0.122463
0.107421
0.0935796
0.0809583
0.0695521
0.0593347
0.0502619
0.0422749
0.035304
0.0292716
0.0240956
0.0196917
0.0159761
0.0128673
0.0102878
0.00816513
0.00643281
0.0050306
0.00390482
0.00300823
0.00229982
0.00174436
0.00131196
0.000977501
0.000720027
0.000522182
0.00036962
0.000250445
0.000154677
7.37443e-05
0
0
7.48773e-05
0.000157054
0.000254293
0.000375299
0.000530204
0.000731089
0.000992519
0.00133212
0.00177116
0.00233515
0.00305445
0.00396481
0.00510789
0.00653164
0.00829058
0.0104458
0.013065
0.0162215
0.0199942
0.0244658
0.0297214
0.0358464
0.0429244
0.0510341
0.0602463
0.0706207
0.0822022
0.0950174
0.109071
0.124345
0.140791
0.158334
0.176867
0.196253
0.216323
0.236882
0.257705
0.278548
0.299147
0.319224
0.338497
0.35668
0.373496
0.388679
0.401985
0.413193
0.422116
0.428601
0.432537
0.433857
0.432537
0.428601
0.422116
0.413193
0.401985
0.388679
0.373496
0.35668
0.338497
0.319224
0.299147
0.278548
0.257705
0.236882
0.216323
0.196253
0.176867
0.158334
0.140791
0.124345
0.109071
0.0950174
0.0822022
0.0706207
0.0602463
0.0510341
0.0429244
0.0358464
0.0297214
0.0244658
0.0199942
0.0162215
0.013065
0.0104458
0.00829058
0.00653164
0.00510789
0.00396481
0.00305445
0.00233515
0.00177116
0.00133212
0.000992519
0.000731089
0.000530204
0.000375299
0.000254293
0.000157054
7.48773e-05
0
0
7.5565e-05
0.000158496
0.000256629
0.000378746
0.000535074
0.000737804
0.00100164
0.00134435
0.00178742
0.0023566
0.0030825
0.00400123
0.00515481
0.00659163
0.00836672
0.0105418
0.013185
0.0163705
0.0201779
0.0246905
0.0299943
0.0361756
0.0433186
0.0515028
0.0607997
0.0712693
0.0829572
0.0958901
0.110073
0.125487
0.142084
0.159788
0.178491
0.198055
0.21831
0.239057
0.260072
0.281107
0.301895
0.322156
0.341606
0.359956
0.376926
0.392249
0.405677
0.416988
0.425993
0.432537
0.43651
0.437842
0.43651
0.432537
0.425993
0.416988
0.405677
0.392249
0.376926
0.359956
0.341606
0.322156
0.301895
0.281107
0.260072
0.239057
0.21831
0.198055
0.178491
0.159788
0.142084
0.125487
0.110073
0.0958901
0.0829572
0.0712693
0.0607997
0.0515028
0.0433186
0.0361756
0.0299943
0.0246905
0.0201779
0.0163705
0.013185
0.0105418
0.00836672
0.00659163
0.00515481
0.00400123
0.0030825
0.0023566
0.00178742
0.00134435
0.00100164
0.000737804
0.000535074
0.000378746
0.000256629
0.000158496
7.5565e-05
0
0
7.57956e-05
0.00015898
0.000257412
0.000379901
0.000536707
0.000740055
0.00100469
0.00134846
0.00179288
0.00236379
0.00309191
0.00401344
0.00517053
0.00661175
0.00839225
0.0105739
0.0132252
0.0164205
0.0202394
0.0247659
0.0300859
0.036286
0.0434508
0.0516599
0.0609852
0.0714868
0.0832103
0.0961826
0.110409
0.12587
0.142518
0.160276
0.179036
0.198659
0.218976
0.239787
0.260866
0.281964
0.302816
0.323139
0.342648
0.361054
0.378076
0.393446
0.406915
0.41826
0.427292
0.433857
0.437842
0.439178
0.437842
0.433857
0.427292
0.41826
0.406915
0.393446
0.378076
0.361054
0.342648
0.323139
0.302816
0.281964
0.260866
0.239787
0.218976
0.198659
0.179036
0.160276
0.142518
0.12587
0.110409
0.0961826
0.0832103
0.0714868
0.0609852
0.0516599
0.0434508
0.036286
0.0300859
0.0247659
0.0202394
0.0164205
0.0132252
0.0105739
0.00839225
0.00661175
0.00517053
0.00401344
0.00309191
0.00236379
0.00179288
0.00134846
0.00100469
0.000740055
0.000536707
0.000379901
0.000257412
0.00015898
7.57956e-05
0
0
7.5565e-05
0.000158496
0.000256629
0.000378746
0.000535074
0.000737804
0.00100164
0.00134435
0.00178742
0.0023566
0.0030825
0.00400123
0.00515481
0.00659163
0.00836672
0.0105418
0.013185
0.0163705
0.0201779
0.0246905
0.0299943
0.0361756
0.0433186
0.0515028
0.0607997
0.0712693
0.0829572
0.0958901
0.110073
0.125487
0.142084
0.159788
0.178491
0.198055
0.21831
0.239057
0.260072
0.281107
0.301895
0.322156
0.341606
0.359956
0.376926
0.392249
0.405677
0.416988
0.425993
0.432537
0.43651
0.437842
0.43651
0.432537
0.425993
0.416988
0.405677
0.392249
0.376926
0.359956
0.341606
0.322156
0.301895
0.281107
0.260072
0.239057
0.21831
0.198055
0.178491
0.159788
0.142084
0.125487
0.110073
0.0958901
0.0829572
0.0712693
0.0607997
0.0515028
0.0433186
0.0361756
0.0299943
0.0246905
0.0201779
0.0163705
0.013185
0.0105418
0.00836672
0.00659163
0.00515481
0.00400123
0.0030825
0.0023566
0.00178742
0.00134435
0.00100164
0.000737804
0.000535074
0.000378746
0.000256629
0.000158496
7.5565e-05
0
0
7.48773e-05
0.000157054
0.000254293
0.000375299
0.000530204
0.000731089
0.000992519
0.00133212
0.00177116
0.00233515
0.00305445
0.00396481
0.00510789
0.00653164
0.00829058
0.0104458
0.013065
0.0162215
0.0199942
0.0244658
0.0297214
0.0358464
0.0429244
0.0510341
0.0602463
0.0706207
0.0822022
0.0950174
0.109071
0.124345
0.140791
0.158334
0.176867
0.196253
0.216323
0.236882
0.257705
0.278548
0.299147
0.319224
0.338497
0.35668
0.373496
0.388679
0.401985
0.413193
0.422116
0.428601
0.432537
0.433857
0.432537
0.428601
0.422116
0.413193
0.401985
0.388679
0.373496
0.35668
0.338497
0.319224
0.299147
0.278548
0.257705
0.236882
0.216323
0.196253
0.176867
0.158334
0.140791
0.124345
0.109071
0.0950174
0.0822022
0.0706207
0.0602463
0.0510341
0.0429244
0.0358464
0.0297214
0.0244658
0.0199942
0.0162215
0.013065
0.0104458
0.00829058
0.00653164
0.00510789
0.00396481
0.00305445
0.00233515
0.00177116
0.00133212
0.000992519
0.000731089
0.000530204
0.000375299
0.000254293
0.000157054
7.48773e-05
0
0
7.37443e-05
0.000154677
0.000250445
0.00036962
0.000522182
0.000720027
0.000977501
0.00131196
0.00174436
0.00229982
0.00300823
0.00390482
0.0050306
0.00643281
0.00816513
0.0102878
0.0128673
0.0159761
0.0196917
0.0240956
0.0292716
0.035304
0.0422749
0.0502619
0.0593347
0.0695521
0.0809583
0.0935796
0.107421
0.122463
0.138661
0.155938
0.174191
0.193283
0.21305
0.233297
0.253806
0.274334
0.294621
0.314394
0.333375
0.351283
0.367844
0.382798
0.395902
0.406941
0.415729
0.422116
0.425993
0.427292
0.425993
0.422116
0.415729
0.406941
0.395902
0.382798
0.367844
0.351283
0.333375
0.314394
0.294621
0.274334
0.253806
0.233297
0.21305
0.193283
0.174191
0.155938
0.138661
0.122463
0.107421
0.0935796
0.0809583
0.0695521
0.0593347
0.0502619
0.0422749
0.035304
0.0292716
0.0240956
0.0196917
0.0159761
0.0128673
0.0102878
0.00816513
0.00643281
0.0050306
0.00390482
0.00300823
0.00229982
0.00174436
0.00131196
0.000977501
0.000720027
0.000522182
0.00036962
0.000250445
0.000154677
7.37443e-05
0
0
7.21855e-05
0.000151408
0.000245152
0.000361807
0.000511144
0.000704807
0.000956839
0.00128423
0.00170749
0.0022512
0.00294464
0.00382228
0.00492427
0.00629684
0.00799254
0.0100703
0.0125953
0.0156384
0.0192755
0.0235863
0.0286529
0.0345577
0.0413813
0.0491994
0.0580805
0.068082
0.0792471
0.0916016
0.10515
0.119875
0.13573
0.152642
0.170509
0.189197
0.208546
0.228366
0.248441
0.268535
0.288393
0.307749
0.326328
0.343858
0.360069
0.374707
0.387534
0.398339
0.406941
0.413193
0.416988
0.41826
0.416988
0.413193
0.406941
0.398339
0.387534
0.374707
0.360069
0.343858
0.326328
0.307749
0.288393
0.268535
0.248441
0.228366
0.208546
0.189197
0.170509
0.152642
0.13573
0.119875
0.10515
0.0916016
0.0792471
0.068082
0.0580805
0.0491994
0.0413813
0.0345577
0.0286529
0.0235863
0.0192755
0.0156384
0.0125953
0.0100703
0.00799254
0.00629684
0.00492427
0.00382228
0.00294464
0.0022512
0.00170749
0.00128423
0.000956839
0.000704807
0.000511144
0.000361807
0.000245152
0.000151408
7.21855e-05
0
0
7.02274e-05
0.000147301
0.000238502
0.000351993
0.000497279
0.000685688
0.000930884
0.00124939
0.00166117
0.00219014
0.00286477
0.0037186
0.00479069
0.00612603
0.00777573
0.00979714
0.0122536
0.0152142
0.0187526
0.0229465
0.0278757
0.0336203
0.0402588
0.0478649
0.056505
0.0662352
0.0770974
0.0891168
0.102298
0.116623
0.132048
0.148501
0.165884
0.184065
0.202889
0.222171
0.241702
0.261251
0.28057
0.299401
0.317476
0.33453
0.350302
0.364542
0.377022
0.387534
0.395902
0.401985
0.405677
0.406915
0.405677
0.401985
0.395902
0.387534
0.377022
0.364542
0.350302
0.33453
0.317476
0.299401
0.28057
0.261251
0.241702
0.222171
0.202889
0.184065
0.165884
0.148501
0.132048
0.116623
0.102298
0.0891168
0.0770974
0.0662352
0.056505
0.0478649
0.0402588
0.0336203
0.0278757
0.0229465
0.0187526
0.0152142
0.0122536
0.00979714
0.00777573
0.00612603
0.00479069
0.0037186
0.00286477
0.00219014
0.00166117
0.00124939
0.000930884
0.000685688
0.000497279
0.000351993
0.000238502
0.000147301
7.02274e-05
0
0
6.79029e-05
0.000142425
0.000230607
0.000340342
0.000480819
0.000662992
0.000900072
0.00120804
0.00160618
0.00211764
0.00276994
0.00359551
0.00463212
0.00592326
0.00751836
0.00947285
0.011848
0.0147106
0.0181319
0.022187
0.026953
0.0325075
0.0389262
0.0462805
0.0546347
0.0640428
0.0745455
0.086167
0.0989121
0.112763
0.127677
0.143586
0.160393
0.177973
0.196174
0.214817
0.233702
0.252603
0.271283
0.28949
0.306968
0.323457
0.338707
0.352476
0.364542
0.374707
0.382798
0.388679
0.392249
0.393446
0.392249
0.388679
0.382798
0.374707
0.364542
0.352476
0.338707
0.323457
0.306968
0.28949
0.271283
0.252603
0.233702
0.214817
0.196174
0.177973
0.160393
0.143586
0.127677
0.112763
0.0989121
0.086167
0.0745455
0.0640428
0.0546347
0.0462805
0.0389262
0.0325075
0.026953
0.022187
0.0181319
0.0147106
0.011848
0.00947285
0.00751836
0.00592326
0.00463212
0.00359551
0.00276994
0.00211764
0.00160618
0.00120804
0.000900072
0.000662992
0.000480819
0.000340342
0.000230607
0.000142425
6.79029e-05
0
0
6.52503e-05
0.000136861
0.000221599
0.000327047
0.000462036
0.000637093
0.000864911
0.00116085
0.00154344
0.00203492
0.00266174
0.00345506
0.00445117
0.00569187
0.00722466
0.0091028
0.0113852
0.0141359
0.0174236
0.0213202
0.0259001
0.0312376
0.0374056
0.0444726
0.0525004
0.061541
0.0716334
0.082801
0.0950481
0.108358
0.12269
0.137977
0.154127
0.17102
0.18851
0.206426
0.224572
0.242735
0.260686
0.278182
0.294976
0.310822
0.325475
0.338707
0.350302
0.360069
0.367844
0.373496
0.376926
0.378076
0.376926
0.373496
0.367844
0.360069
0.350302
0.338707
0.325475
0.310822
0.294976
0.278182
0.260686
0.242735
0.224572
0.206426
0.18851
0.17102
0.154127
0.137977
0.12269
0.108358
0.0950481
0.082801
0.0716334
0.061541
0.0525004
0.0444726
0.0374056
0.0312376
0.0259001
0.0213202
0.0174236
0.0141359
0.0113852
0.0091028
0.00722466
0.00569187
0.00445117
0.00345506
0.00266174
0.00203492
0.00154344
0.00116085
0.000864911
0.000637093
0.000462036
0.000327047
0.000221599
0.000136861
6.52503e-05
0
0
6.23126e-05
0.000130699
0.000211622
0.000312322
0.000441234
0.000608409
0.00082597
0.00110858
0.00147395
0.0019433
0.0025419
0.0032995
0.00425077
0.00543561
0.00689938
0.00869297
0.0108726
0.0134995
0.0166391
0.0203603
0.024734
0.0298312
0.0357215
0.0424703
0.0501367
0.0587703
0.0684083
0.079073
0.0907688
0.103479
0.117166
0.131765
0.147188
0.163321
0.180023
0.197132
0.214461
0.231807
0.248949
0.265657
0.281696
0.296827
0.310822
0.323457
0.33453
0.343858
0.351283
0.35668
0.359956
0.361054
0.359956
0.35668
0.351283
0.343858
0.33453
0.323457
0.310822
0.296827
0.281696
0.265657
0.248949
0.231807
0.214461
0.197132
0.180023
0.163321
0.147188
0.131765
0.117166
0.103479
0.0907688
0.079073
0.0684083
0.0587703
0.0501367
0.0424703
0.0357215
0.0298312
0.024734
0.0203603
0.0166391
0.0134995
0.0108726
0.00869297
0.00689938
0.00543561
0.00425077
0.0032995
0.0025419
0.0019433
0.00147395
0.00110858
0.00082597
0.000608409
0.000441234
0.000312322
0.000211622
0.000130699
6.23126e-05
0
0
5.9136e-05
0.000124037
0.000200833
0.0002964
0.00041874
0.000577393
0.000783863
0.00105207
0.00139881
0.00184423
0.00241232
0.00313129
0.00403407
0.0051585
0.00654766
0.00824981
0.0103183
0.0128113
0.0157909
0.0193224
0.0234731
0.0283104
0.0339004
0.0403052
0.0475808
0.0557742
0.0649209
0.075042
0.0861415
0.0982041
0.111193
0.125048
0.139684
0.154995
0.170846
0.187082
0.203528
0.21999
0.236258
0.252114
0.267335
0.281696
0.294976
0.306968
0.317476
0.326328
0.333375
0.338497
0.341606
0.342648
0.341606
0.338497
0.333375
0.326328
0.317476
0.306968
0.294976
0.281696
0.267335
0.252114
0.236258
0.21999
0.203528
0.187082
0.170846
0.154995
0.139684
0.125048
0.111193
0.0982041
0.0861415
0.075042
0.0649209
0.0557742
0.0475808
0.0403052
0.0339004
0.0283104
0.0234731
0.0193224
0.0157909
0.0128113
0.0103183
0.00824981
0.00654766
0.0051585
0.00403407
0.00313129
0.00241232
0.00184423
0.00139881
0.00105207
0.000783863
0.000577393
0.00041874
0.0002964
0.000200833
0.000124037
5.9136e-05
0
0
5.5769e-05
0.000116974
0.000189399
0.000279525
0.000394899
0.000544519
0.000739234
0.00099217
0.00131917
0.00173923
0.00227497
0.00295301
0.00380439
0.0048648
0.00617487
0.00778011
0.00973085
0.0120819
0.0148918
0.0182223
0.0221366
0.0266986
0.0319703
0.0380105
0.0448718
0.0525987
0.0612246
0.0707695
0.081237
0.0926128
0.104862
0.117928
0.131731
0.14617
0.161119
0.176431
0.19194
0.207464
0.222806
0.23776
0.252114
0.265657
0.278182
0.28949
0.299401
0.307749
0.314394
0.319224
0.322156
0.323139
0.322156
0.319224
0.314394
0.307749
0.299401
0.28949
0.278182
0.265657
0.252114
0.23776
0.222806
0.207464
0.19194
0.176431
0.161119
0.14617
0.131731
0.117928
0.104862
0.0926128
0.081237
0.0707695
0.0612246
0.0525987
0.0448718
0.0380105
0.0319703
0.0266986
0.0221366
0.0182223
0.0148918
0.0120819
0.00973085
0.00778011
0.00617487
0.0048648
0.00380439
0.00295301
0.00227497
0.00173923
0.00131917
0.00099217
0.000739234
0.000544519
0.000394899
0.000279525
0.000189399
0.000116974
5.5769e-05
0
0
5.22615e-05
0.000109617
0.000177487
0.000261944
0.000370062
0.000510272
0.00069274
0.000929768
0.0012362
0.00162984
0.00213189
0.00276729
0.00356511
0.00455884
0.0057865
0.00729078
0.00911884
0.011322
0.0139552
0.0170762
0.0207444
0.0250194
0.0299596
0.0356198
0.0420496
0.0492905
0.057374
0.0663185
0.0761277
0.086788
0.0982668
0.110511
0.123446
0.136977
0.150985
0.165334
0.179868
0.194416
0.208793
0.222806
0.236258
0.248949
0.260686
0.271283
0.28057
0.288393
0.294621
0.299147
0.301895
0.302816
0.301895
0.299147
0.294621
0.288393
0.28057
0.271283
0.260686
0.248949
0.236258
0.222806
0.208793
0.194416
0.179868
0.165334
0.150985
0.136977
0.123446
0.110511
0.0982668
0.086788
0.0761277
0.0663185
0.057374
0.0492905
0.0420496
0.0356198
0.0299596
0.0250194
0.0207444
0.0170762
0.0139552
0.011322
0.00911884
0.00729078
0.0057865
0.00455884
0.00356511
0.00276729
0.00213189
0.00162984
0.0012362
0.000929768
0.00069274
0.000510272
0.000370062
0.000261944
0.000177487
0.000109617
5.22615e-05
0
0
4.86629e-05
0.000102069
0.000165266
0.000243907
0.000344581
0.000475136
0.00064504
0.000865746
0.00115108
0.00151762
0.00198509
0.00257674
0.00331963
0.00424492
0.00538806
0.00678876
0.00849093
0.0105424
0.0129943
0.0159004
0.019316
0.0232966
0.0278966
0.0331671
0.0391542
0.0458965
0.0534233
0.0617519
0.0708857
0.080812
0.0915003
0.102901
0.114946
0.127545
0.140589
0.15395
0.167483
0.181029
0.194416
0.207464
0.21999
0.231807
0.242735
0.252603
0.261251
0.268535
0.274334
0.278548
0.281107
0.281964
0.281107
0.278548
0.274334
0.268535
0.261251
0.252603
0.242735
0.231807
0.21999
0.207464
0.194416
0.181029
0.167483
0.15395
0.140589
0.127545
0.114946
0.102901
0.0915003
0.080812
0.0708857
0.0617519
0.0534233
0.0458965
0.0391542
0.0331671
0.0278966
0.0232966
0.019316
0.0159004
0.0129943
0.0105424
0.00849093
0.00678876
0.00538806
0.00424492
0.00331963
0.00257674
0.00198509
0.00151762
0.00115108
0.000865746
0.00064504
0.000475136
0.000344581
0.000243907
0.000165266
0.000102069
4.86629e-05
0
0
4.50216e-05
9.44318e-05
0.000152899
0.000225656
0.000318796
0.000439582
0.000596773
0.000800965
0.00106495
0.00140406
0.00183655
0.00238393
0.00307123
0.00392729
0.00498488
0.00628077
0.00785558
0.00975353
0.012022
0.0147106
0.0178706
0.0215534
0.0258092
0.0306853
0.0362244
0.0424622
0.0494258
0.0571312
0.0655815
0.074765
0.0846536
0.0952016
0.106345
0.118001
0.130069
0.14243
0.154951
0.167483
0.179868
0.19194
0.203528
0.214461
0.224572
0.233702
0.241702
0.248441
0.253806
0.257705
0.260072
0.260866
0.260072
0.257705
0.253806
0.248441
0.241702
0.233702
0.224572
0.214461
0.203528
0.19194
0.179868
0.167483
0.154951
0.14243
0.130069
0.118001
0.106345
0.0952016
0.0846536
0.074765
0.0655815
0.0571312
0.0494258
0.0424622
0.0362244
0.0306853
0.0258092
0.0215534
0.0178706
0.0147106
0.012022
0.00975353
0.00785558
0.00628077
0.00498488
0.00392729
0.00307123
0.00238393
0.00183655
0.00140406
0.00106495
0.000800965
0.000596773
0.000439582
0.000318796
0.000225656
0.000152899
9.44318e-05
4.50216e-05
0
0
4.13836e-05
8.68013e-05
0.000140544
0.000207422
0.000293036
0.000404062
0.000548551
0.000736243
0.000978893
0.0012906
0.00168815
0.0021913
0.00282306
0.00360995
0.00458208
0.00577326
0.00722081
0.0089654
0.0110505
0.0135219
0.0164266
0.0198118
0.0237237
0.0282058
0.0332973
0.0390311
0.045432
0.0525147
0.0602822
0.0687237
0.0778132
0.0875089
0.0977518
0.108466
0.119559
0.130921
0.14243
0.15395
0.165334
0.176431
0.187082
0.197132
0.206426
0.214817
0.222171
0.228366
0.233297
0.236882
0.239057
0.239787
0.239057
0.236882
0.233297
0.228366
0.222171
0.214817
0.206426
0.197132
0.187082
0.176431
0.165334
0.15395
0.14243
0.130921
0.119559
0.108466
0.0977518
0.0875089
0.0778132
0.0687237
0.0602822
0.0525147
0.045432
0.0390311
0.0332973
0.0282058
0.0237237
0.0198118
0.0164266
0.0135219
0.0110505
0.0089654
0.00722081
0.00577326
0.00458208
0.00360995
0.00282306
0.0021913
0.00168815
0.0012906
0.000978893
0.000736243
0.000548551
0.000404062
0.000293036
0.000207422
0.000140544
8.68013e-05
4.13836e-05
0
0
3.7792e-05
7.9268e-05
0.000128347
0.00018942
0.000267604
0.000368994
0.000500943
0.000672346
0.000893937
0.00117859
0.00154164
0.00200112
0.00257805
0.00329665
0.00418441
0.00527221
0.00659413
0.00818731
0.0100915
0.0123484
0.0150009
0.0180923
0.0216647
0.0257579
0.0304075
0.0356436
0.041489
0.0479571
0.0550504
0.0627593
0.0710599
0.0799142
0.0892681
0.0990524
0.109182
0.119559
0.130069
0.140589
0.150985
0.161119
0.170846
0.180023
0.18851
0.196174
0.202889
0.208546
0.21305
0.216323
0.21831
0.218976
0.21831
0.216323
0.21305
0.208546
0.202889
0.196174
0.18851
0.180023
0.170846
0.161119
0.150985
0.140589
0.130069
0.119559
0.109182
0.0990524
0.0892681
0.0799142
0.0710599
0.0627593
0.0550504
0.0479571
0.041489
0.0356436
0.0304075
0.0257579
0.0216647
0.0180923
0.0150009
0.0123484
0.0100915
0.00818731
0.00659413
0.00527221
0.00418441
0.00329665
0.00257805
0.00200112
0.00154164
0.00117859
0.000893937
0.000672346
0.000500943
0.000368994
0.000267604
0.00018942
0.000128347
7.9268e-05
3.7792e-05
0
0
3.42857e-05
7.19135e-05
0.000116439
0.000171846
0.000242776
0.000334759
0.000454466
0.000609966
0.000810997
0.00106924
0.00139861
0.00181545
0.00233886
0.00299078
0.00379618
0.00478305
0.00598233
0.00742769
0.00915519
0.0112027
0.0136091
0.0164137
0.0196547
0.0233681
0.0275863
0.0323366
0.0376396
0.0435076
0.0499429
0.0569364
0.064467
0.0724997
0.0809858
0.0898623
0.0990524
0.108466
0.118001
0.127545
0.136977
0.14617
0.154995
0.163321
0.17102
0.177973
0.184065
0.189197
0.193283
0.196253
0.198055
0.198659
0.198055
0.196253
0.193283
0.189197
0.184065
0.177973
0.17102
0.163321
0.154995
0.14617
0.136977
0.127545
0.118001
0.108466
0.0990524
0.0898623
0.0809858
0.0724997
0.064467
0.0569364
0.0499429
0.0435076
0.0376396
0.0323366
0.0275863
0.0233681
0.0196547
0.0164137
0.0136091
0.0112027
0.00915519
0.00742769
0.00598233
0.00478305
0.00379618
0.00299078
0.00233886
0.00181545
0.00139861
0.00106924
0.000810997
0.000609966
0.000454466
0.000334759
0.000242776
0.000171846
0.000116439
7.19135e-05
3.42857e-05
0
0
3.0899e-05
6.48099e-05
0.000104937
0.000154871
0.000218795
0.000301692
0.000409574
0.000549714
0.000730888
0.000963625
0.00126045
0.00163612
0.00210783
0.00269535
0.0034212
0.00431058
0.0053914
0.00669399
0.00825084
0.0100961
0.0122648
0.0147924
0.0177132
0.0210598
0.0248613
0.0291424
0.0339216
0.03921
0.0450095
0.0513123
0.058099
0.0653382
0.0729861
0.0809858
0.0892681
0.0977518
0.106345
0.114946
0.123446
0.131731
0.139684
0.147188
0.154127
0.160393
0.165884
0.170509
0.174191
0.176867
0.178491
0.179036
0.178491
0.176867
0.174191
0.170509
0.165884
0.160393
0.154127
0.147188
0.139684
0.131731
0.123446
0.114946
0.106345
0.0977518
0.0892681
0.0809858
0.0729861
0.0653382
0.058099
0.0513123
0.0450095
0.03921
0.0339216
0.0291424
0.0248613
0.0210598
0.0177132
0.0147924
0.0122648
0.0100961
0.00825084
0.00669399
0.0053914
0.00431058
0.0034212
0.00269535
0.00210783
0.00163612
0.00126045
0.000963625
0.000730888
0.000549714
0.000409574
0.000301692
0.000218795
0.000154871
0.000104937
6.48099e-05
3.0899e-05
0
0
2.76612e-05
5.80188e-05
9.39411e-05
0.000138643
0.000195868
0.000270079
0.000366657
0.000492112
0.000654302
0.000862652
0.00112838
0.00146468
0.00188696
0.00241292
0.00306271
0.0038589
0.00482646
0.00599256
0.00738628
0.00903817
0.0109797
0.0132424
0.0158571
0.018853
0.0222562
0.0260887
0.0303672
0.0351013
0.0402932
0.0459356
0.0520111
0.0584918
0.0653382
0.0724997
0.0799142
0.0875089
0.0952016
0.102901
0.110511
0.117928
0.125048
0.131765
0.137977
0.143586
0.148501
0.152642
0.155938
0.158334
0.159788
0.160276
0.159788
0.158334
0.155938
0.152642
0.148501
0.143586
0.137977
0.131765
0.125048
0.117928
0.110511
0.102901
0.0952016
0.0875089
0.0799142
0.0724997
0.0653382
0.0584918
0.0520111
0.0459356
0.0402932
0.0351013
0.0303672
0.0260887
0.0222562
0.018853
0.0158571
0.0132424
0.0109797
0.00903817
0.00738628
0.00599256
0.00482646
0.0038589
0.00306271
0.00241292
0.00188696
0.00146468
0.00112838
0.000862652
0.000654302
0.000492112
0.000366657
0.000270079
0.000195868
0.000138643
9.39411e-05
5.80188e-05
2.76612e-05
0
0
2.45964e-05
5.15906e-05
8.35327e-05
0.000123282
0.000174167
0.000240155
0.000326033
0.000437588
0.000581807
0.000767073
0.00100336
0.0013024
0.00167789
0.00214558
0.00272337
0.00343135
0.00429171
0.00532861
0.00656791
0.00803677
0.00976317
0.0117752
0.0141002
0.0167642
0.0197903
0.0231982
0.0270026
0.0312122
0.0358289
0.0408461
0.0462485
0.0520111
0.058099
0.064467
0.0710599
0.0778132
0.0846536
0.0915003
0.0982668
0.104862
0.111193
0.117166
0.12269
0.127677
0.132048
0.13573
0.138661
0.140791
0.142084
0.142518
0.142084
0.140791
0.138661
0.13573
0.132048
0.127677
0.12269
0.117166
0.111193
0.104862
0.0982668
0.0915003
0.0846536
0.0778132
0.0710599
0.064467
0.058099
0.0520111
0.0462485
0.0408461
0.0358289
0.0312122
0.0270026
0.0231982
0.0197903
0.0167642
0.0141002
0.0117752
0.00976317
0.00803677
0.00656791
0.00532861
0.00429171
0.00343135
0.00272337
0.00214558
0.00167789
0.0013024
0.00100336
0.000767073
0.000581807
0.000437588
0.000326033
0.000240155
0.000174167
0.000123282
8.35327e-05
5.15906e-05
2.45964e-05
0
0
2.17233e-05
4.55641e-05
7.37751e-05
0.000108881
0.000153822
0.000212102
0.000287948
0.000386472
0.000513845
0.000677469
0.000886151
0.00115026
0.00148189
0.00189495
0.00240525
0.00303052
0.00379038
0.00470616
0.00580069
0.00709798
0.00862271
0.0103997
0.0124531
0.0148059
0.0174786
0.0204884
0.0238483
0.0275663
0.0316436
0.0360747
0.0408461
0.0459356
0.0513123
0.0569364
0.0627593
0.0687237
0.074765
0.080812
0.086788
0.0926128
0.0982041
0.103479
0.108358
0.112763
0.116623
0.119875
0.122463
0.124345
0.125487
0.12587
0.125487
0.124345
0.122463
0.119875
0.116623
0.112763
0.108358
0.103479
0.0982041
0.0926128
0.086788
0.080812
0.074765
0.0687237
0.0627593
0.0569364
0.0513123
0.0459356
0.0408461
0.0360747
0.0316436
0.0275663
0.0238483
0.0204884
0.0174786
0.0148059
0.0124531
0.0103997
0.00862271
0.00709798
0.00580069
0.00470616
0.00379038
0.00303052
0.00240525
0.00189495
0.00148189
0.00115026
0.000886151
0.000677469
0.000513845
0.000386472
0.000287948
0.000212102
0.000153822
0.000108881
7.37751e-05
4.55641e-05
2.17233e-05
0
0
1.9055e-05
3.99674e-05
6.47132e-05
9.5507e-05
0.000134928
0.000186049
0.000252579
0.000339001
0.000450729
0.000594255
0.000777304
0.00100898
0.00129987
0.00166219
0.00210981
0.00265828
0.0033248
0.00412809
0.00508818
0.00622612
0.00756356
0.00912227
0.0109235
0.0129873
0.0153316
0.0179717
0.020919
0.0241803
0.0277568
0.0316436
0.0358289
0.0402932
0.0450095
0.0499429
0.0550504
0.0602822
0.0655815
0.0708857
0.0761277
0.081237
0.0861415
0.0907688
0.0950481
0.0989121
0.102298
0.10515
0.107421
0.109071
0.110073
0.110409
0.110073
0.109071
0.107421
0.10515
0.102298
0.0989121
0.0950481
0.0907688
0.0861415
0.081237
0.0761277
0.0708857
0.0655815
0.0602822
0.0550504
0.0499429
0.0450095
0.0402932
0.0358289
0.0316436
0.0277568
0.0241803
0.020919
0.0179717
0.0153316
0.0129873
0.0109235
0.00912227
0.00756356
0.00622612
0.00508818
0.00412809
0.0033248
0.00265828
0.00210981
0.00166219
0.00129987
0.00100898
0.000777304
0.000594255
0.000450729
0.000339001
0.000252579
0.000186049
0.000134928
9.5507e-05
6.47132e-05
3.99674e-05
1.9055e-05
0
0
1.65997e-05
3.48175e-05
5.63747e-05
8.32007e-05
0.000117542
0.000162076
0.000220034
0.00029532
0.000392651
0.000517684
0.000677147
0.000878967
0.00113238
0.00144801
0.00183795
0.00231575
0.00289639
0.00359618
0.00443256
0.00542387
0.00658898
0.00794685
0.00951598
0.0113138
0.0133561
0.015656
0.0182236
0.0210646
0.0241803
0.0275663
0.0312122
0.0351013
0.03921
0.0435076
0.0479571
0.0525147
0.0571312
0.0617519
0.0663185
0.0707695
0.075042
0.079073
0.082801
0.086167
0.0891168
0.0916016
0.0935796
0.0950174
0.0958901
0.0961826
0.0958901
0.0950174
0.0935796
0.0916016
0.0891168
0.086167
0.082801
0.079073
0.075042
0.0707695
0.0663185
0.0617519
0.0571312
0.0525147
0.0479571
0.0435076
0.03921
0.0351013
0.0312122
0.0275663
0.0241803
0.0210646
0.0182236
0.015656
0.0133561
0.0113138
0.00951598
0.00794685
0.00658898
0.00542387
0.00443256
0.00359618
0.00289639
0.00231575
0.00183795
0.00144801
0.00113238
0.000878967
0.000677147
0.000517684
0.000392651
0.00029532
0.000220034
0.000162076
0.000117542
8.32007e-05
5.63747e-05
3.48175e-05
1.65997e-05
0
0
1.43609e-05
3.01216e-05
4.87714e-05
7.19793e-05
0.000101689
0.000140217
0.000190357
0.00025549
0.000339694
0.000447863
0.000585818
0.000760419
0.000979652
0.00125272
0.00159007
0.00200342
0.00250575
0.00311116
0.00383473
0.00469234
0.00570031
0.00687504
0.00823254
0.00978792
0.0115548
0.0135445
0.0157657
0.0182236
0.020919
0.0238483
0.0270026
0.0303672
0.0339216
0.0376396
0.041489
0.045432
0.0494258
0.0534233
0.057374
0.0612246
0.0649209
0.0684083
0.0716334
0.0745455
0.0770974
0.0792471
0.0809583
0.0822022
0.0829572
0.0832103
0.0829572
0.0822022
0.0809583
0.0792471
0.0770974
0.0745455
0.0716334
0.0684083
0.0649209
0.0612246
0.057374
0.0534233
0.0494258
0.045432
0.041489
0.0376396
0.0339216
0.0303672
0.0270026
0.0238483
0.020919
0.0182236
0.0157657
0.0135445
0.0115548
0.00978792
0.00823254
0.00687504
0.00570031
0.00469234
0.00383473
0.00311116
0.00250575
0.00200342
0.00159007
0.00125272
0.000979652
0.000760419
0.000585818
0.000447863
0.000339694
0.00025549
0.000190357
0.000140217
0.000101689
7.19793e-05
4.87714e-05
3.01216e-05
1.43609e-05
0
0
1.23376e-05
2.58778e-05
4.19e-05
6.18381e-05
8.73619e-05
0.000120462
0.000163538
0.000219494
0.000291834
0.000384763
0.000503283
0.000653283
0.000841629
0.00107622
0.00136604
0.00172116
0.00215272
0.00267283
0.00329446
0.00403124
0.0048972
0.00590642
0.00707266
0.0084089
0.00992681
0.0116362
0.0135445
0.015656
0.0179717
0.0204884
0.0231982
0.0260887
0.0291424
0.0323366
0.0356436
0.0390311
0.0424622
0.0458965
0.0492905
0.0525987
0.0557742
0.0587703
0.061541
0.0640428
0.0662352
0.068082
0.0695521
0.0706207
0.0712693
0.0714868
0.0712693
0.0706207
0.0695521
0.068082
0.0662352
0.0640428
0.061541
0.0587703
0.0557742
0.0525987
0.0492905
0.0458965
0.0424622
0.0390311
0.0356436
0.0323366
0.0291424
0.0260887
0.0231982
0.0204884
0.0179717
0.015656
0.0135445
0.0116362
0.00992681
0.0084089
0.00707266
0.00590642
0.0048972
0.00403124
0.00329446
0.00267283
0.00215272
0.00172116
0.00136604
0.00107622
0.000841629
0.000653283
0.000503283
0.000384763
0.000291834
0.000219494
0.000163538
0.000120462
8.73619e-05
6.18381e-05
4.19e-05
2.58778e-05
1.23376e-05
0
0
1.05251e-05
2.20763e-05
3.57447e-05
5.27539e-05
7.45282e-05
0.000102766
0.000139514
0.000187249
0.000248963
0.00032824
0.000429349
0.000557314
0.000717991
0.000918121
0.00116537
0.00146832
0.00183648
0.00228018
0.00281049
0.00343904
0.00417778
0.00503875
0.00603367
0.00717361
0.00846853
0.00992681
0.0115548
0.0133561
0.0153316
0.0174786
0.0197903
0.0222562
0.0248613
0.0275863
0.0304075
0.0332973
0.0362244
0.0391542
0.0420496
0.0448718
0.0475808
0.0501367
0.0525004
0.0546347
0.056505
0.0580805
0.0593347
0.0602463
0.0607997
0.0609852
0.0607997
0.0602463
0.0593347
0.0580805
0.056505
0.0546347
0.0525004
0.0501367
0.0475808
0.0448718
0.0420496
0.0391542
0.0362244
0.0332973
0.0304075
0.0275863
0.0248613
0.0222562
0.0197903
0.0174786
0.0153316
0.0133561
0.0115548
0.00992681
0.00846853
0.00717361
0.00603367
0.00503875
0.00417778
0.00343904
0.00281049
0.00228018
0.00183648
0.00146832
0.00116537
0.000918121
0.000717991
0.000557314
0.000429349
0.00032824
0.000248963
0.000187249
0.000139514
0.000102766
7.45282e-05
5.27539e-05
3.57447e-05
2.20763e-05
1.05251e-05
0
0
8.91574e-06
1.87006e-05
3.0279e-05
4.46873e-05
6.31321e-05
8.70517e-05
0.000118181
0.000158617
0.000210894
0.000278049
0.000363697
0.000472095
0.000608203
0.000777731
0.00098717
0.0012438
0.00155566
0.00193152
0.00238074
0.00291318
0.00353896
0.00426827
0.00511106
0.00607669
0.00717361
0.0084089
0.00978792
0.0113138
0.0129873
0.0148059
0.0167642
0.018853
0.0210598
0.0233681
0.0257579
0.0282058
0.0306853
0.0331671
0.0356198
0.0380105
0.0403052
0.0424703
0.0444726
0.0462805
0.0478649
0.0491994
0.0502619
0.0510341
0.0515028
0.0516599
0.0515028
0.0510341
0.0502619
0.0491994
0.0478649
0.0462805
0.0444726
0.0424703
0.0403052
0.0380105
0.0356198
0.0331671
0.0306853
0.0282058
0.0257579
0.0233681
0.0210598
0.018853
0.0167642
0.0148059
0.0129873
0.0113138
0.00978792
0.0084089
0.00717361
0.00607669
0.00511106
0.00426827
0.00353896
0.00291318
0.00238074
0.00193152
0.00155566
0.0012438
0.00098717
0.000777731
0.000608203
0.000472095
0.000363697
0.000278049
0.000210894
0.000158617
0.000118181
8.70517e-05
6.31321e-05
4.46873e-05
3.0279e-05
1.87006e-05
8.91574e-06
0
0
7.49896e-06
1.57289e-05
2.54675e-05
3.75862e-05
5.30999e-05
7.32185e-05
9.94008e-05
0.000133412
0.000177381
0.000233865
0.000305903
0.000397076
0.000511555
0.000654144
0.000830301
0.00104615
0.00130845
0.00162458
0.00200242
0.00245025
0.00297659
0.00359001
0.00429887
0.00511106
0.00603367
0.00707266
0.00823254
0.00951598
0.0109235
0.0124531
0.0141002
0.0158571
0.0177132
0.0196547
0.0216647
0.0237237
0.0258092
0.0278966
0.0299596
0.0319703
0.0339004
0.0357215
0.0374056
0.0389262
0.0402588
0.0413813
0.0422749
0.0429244
0.0433186
0.0434508
0.0433186
0.0429244
0.0422749
0.0413813
0.0402588
0.0389262
0.0374056
0.0357215
0.0339004
0.0319703
0.0299596
0.0278966
0.0258092
0.0237237
0.0216647
0.0196547
0.0177132
0.0158571
0.0141002
0.0124531
0.0109235
0.00951598
0.00823254
0.00707266
0.00603367
0.00511106
0.00429887
0.00359001
0.00297659
0.00245025
0.00200242
0.00162458
0.00130845
0.00104615
0.000830301
0.000654144
0.000511555
0.000397076
0.000305903
0.000233865
0.000177381
0.000133412
9.94008e-05
7.32185e-05
5.30999e-05
3.75862e-05
2.54675e-05
1.57289e-05
7.49896e-06
0
0
6.26242e-06
1.31353e-05
2.1268e-05
3.13884e-05
4.4344e-05
6.11452e-05
8.30101e-05
0.000111413
0.000148132
0.000195302
0.000255461
0.0003316
0.000427202
0.000546279
0.000693389
0.000873644
0.0010927
0.0013567
0.00167223
0.00204622
0.00248577
0.00299804
0.00359001
0.00426827
0.00503875
0.00590642
0.00687504
0.00794685
0.00912227
0.0103997
0.0117752
0.0132424
0.0147924
0.0164137
0.0180923
0.0198118
0.0215534
0.0232966
0.0250194
0.0266986
0.0283104
0.0298312
0.0312376
0.0325075
0.0336203
0.0345577
0.035304
0.0358464
0.0361756
0.036286
0.0361756
0.0358464
0.035304
0.0345577
0.0336203
0.0325075
0.0312376
0.0298312
0.0283104
0.0266986
0.0250194
0.0232966
0.0215534
0.0198118
0.0180923
0.0164137
0.0147924
0.0132424
0.0117752
0.0103997
0.00912227
0.00794685
0.00687504
0.00590642
0.00503875
0.00426827
0.00359001
0.00299804
0.00248577
0.00204622
0.00167223
0.0013567
0.0010927
0.000873644
0.000693389
0.000546279
0.000427202
0.0003316
0.000255461
0.000195302
0.000148132
0.000111413
8.30101e-05
6.11452e-05
4.4344e-05
3.13884e-05
2.1268e-05
1.31353e-05
6.26242e-06
0
0
5.19237e-06
1.08909e-05
1.7634e-05
2.60251e-05
3.6767e-05
5.06974e-05
6.88263e-05
9.23759e-05
0.000122821
0.000161931
0.000211811
0.00027494
0.000354207
0.000452937
0.000574911
0.000724366
0.00090599
0.00112488
0.0013865
0.00169658
0.00206103
0.00248577
0.00297659
0.00353896
0.00417778
0.0048972
0.00570031
0.00658898
0.00756356
0.00862271
0.00976317
0.0109797
0.0122648
0.0136091
0.0150009
0.0164266
0.0178706
0.019316
0.0207444
0.0221366
0.0234731
0.024734
0.0259001
0.026953
0.0278757
0.0286529
0.0292716
0.0297214
0.0299943
0.0300859
0.0299943
0.0297214
0.0292716
0.0286529
0.0278757
0.026953
0.0259001
0.024734
0.0234731
0.0221366
0.0207444
0.019316
0.0178706
0.0164266
0.0150009
0.0136091
0.0122648
0.0109797
0.00976317
0.00862271
0.00756356
0.00658898
0.00570031
0.0048972
0.00417778
0.00353896
0.00297659
0.00248577
0.00206103
0.00169658
0.0013865
0.00112488
0.00090599
0.000724366
0.000574911
0.000452937
0.000354207
0.00027494
0.000211811
0.000161931
0.000122821
9.23759e-05
6.88263e-05
5.06974e-05
3.6767e-05
2.60251e-05
1.7634e-05
1.08909e-05
5.19237e-06
0
0
4.27422e-06
8.96509e-06
1.45158e-05
2.14232e-05
3.02656e-05
4.17327e-05
5.6656e-05
7.60413e-05
0.000101103
0.000133297
0.000174357
0.000226323
0.000291574
0.000372846
0.000473251
0.000596279
0.000745786
0.000925973
0.00114133
0.00139658
0.00169658
0.00204622
0.00245025
0.00291318
0.00343904
0.00403124
0.00469234
0.00542387
0.00622612
0.00709798
0.00803677
0.00903817
0.0100961
0.0112027
0.0123484
0.0135219
0.0147106
0.0159004
0.0170762
0.0182223
0.0193224
0.0203603
0.0213202
0.022187
0.0229465
0.0235863
0.0240956
0.0244658
0.0246905
0.0247659
0.0246905
0.0244658
0.0240956
0.0235863
0.0229465
0.022187
0.0213202
0.0203603
0.0193224
0.0182223
0.0170762
0.0159004
0.0147106
0.0135219
0.0123484
0.0112027
0.0100961
0.00903817
0.00803677
0.00709798
0.00622612
0.00542387
0.00469234
0.00403124
0.00343904
0.00291318
0.00245025
0.00204622
0.00169658
0.00139658
0.00114133
0.000925973
0.000745786
0.000596279
0.000473251
0.000372846
0.000291574
0.000226323
0.000174357
0.000133297
0.000101103
7.60413e-05
5.6656e-05
4.17327e-05
3.02656e-05
2.14232e-05
1.45158e-05
8.96509e-06
4.27422e-06
0
0
3.49303e-06
7.32656e-06
1.18628e-05
1.75077e-05
2.4734e-05
3.41053e-05
4.6301e-05
6.21434e-05
8.26245e-05
0.000108935
0.00014249
0.000184959
0.000238283
0.000304701
0.000386756
0.000487298
0.00060948
0.000756734
0.000932732
0.00114133
0.0013865
0.00167223
0.00200242
0.00238074
0.00281049
0.00329446
0.00383473
0.00443256
0.00508818
0.00580069
0.00656791
0.00738628
0.00825084
0.00915519
0.0100915
0.0110505
0.012022
0.0129943
0.0139552
0.0148918
0.0157909
0.0166391
0.0174236
0.0181319
0.0187526
0.0192755
0.0196917
0.0199942
0.0201779
0.0202394
0.0201779
0.0199942
0.0196917
0.0192755
0.0187526
0.0181319
0.0174236
0.0166391
0.0157909
0.0148918
0.0139552
0.0129943
0.012022
0.0110505
0.0100915
0.00915519
0.00825084
0.00738628
0.00656791
0.00580069
0.00508818
0.00443256
0.00383473
0.00329446
0.00281049
0.00238074
0.00200242
0.00167223
0.0013865
0.00114133
0.000932732
0.000756734
0.00060948
0.000487298
0.000386756
0.000304701
0.000238283
0.000184959
0.00014249
0.000108935
8.26245e-05
6.21434e-05
4.6301e-05
3.41053e-05
2.4734e-05
1.75077e-05
1.18628e-05
7.32656e-06
3.49303e-06
0
0
2.83393e-06
5.94411e-06
9.62439e-06
1.42042e-05
2.0067e-05
2.767e-05
3.75645e-05
5.04175e-05
6.70341e-05
8.83798e-05
0.000115604
0.000150059
0.000193321
0.000247207
0.000313779
0.000395349
0.000494477
0.000613946
0.000756734
0.000925973
0.00112488
0.0013567
0.00162458
0.00193152
0.00228018
0.00267283
0.00311116
0.00359618
0.00412809
0.00470616
0.00532861
0.00599256
0.00669399
0.00742769
0.00818731
0.0089654
0.00975353
0.0105424
0.011322
0.0120819
0.0128113
0.0134995
0.0141359
0.0147106
0.0152142
0.0156384
0.0159761
0.0162215
0.0163705
0.0164205
0.0163705
0.0162215
0.0159761
0.0156384
0.0152142
0.0147106
0.0141359
0.0134995
0.0128113
0.0120819
0.011322
0.0105424
0.00975353
0.0089654
0.00818731
0.00742769
0.00669399
0.00599256
0.00532861
0.00470616
0.00412809
0.00359618
0.00311116
0.00267283
0.00228018
0.00193152
0.00162458
0.0013567
0.00112488
0.000925973
0.000756734
0.000613946
0.000494477
0.000395349
0.000313779
0.000247207
0.000193321
0.000150059
0.000115604
8.83798e-05
6.70341e-05
5.04175e-05
3.75645e-05
2.767e-05
2.0067e-05
1.42042e-05
9.62439e-06
5.94411e-06
2.83393e-06
0
0
2.28247e-06
4.78744e-06
7.75157e-06
1.14402e-05
1.61621e-05
2.22856e-05
3.02548e-05
4.06067e-05
5.39898e-05
7.11819e-05
9.31082e-05
0.000120859
0.000155703
0.000199103
0.00025272
0.000318418
0.000398256
0.000494477
0.00060948
0.000745786
0.00090599
0.0010927
0.00130845
0.00155566
0.00183648
0.00215272
0.00250575
0.00289639
0.0033248
0.00379038
0.00429171
0.00482646
0.0053914
0.00598233
0.00659413
0.00722081
0.00785558
0.00849093
0.00911884
0.00973085
0.0103183
0.0108726
0.0113852
0.011848
0.0122536
0.0125953
0.0128673
0.013065
0.013185
0.0132252
0.013185
0.013065
0.0128673
0.0125953
0.0122536
0.011848
0.0113852
0.0108726
0.0103183
0.00973085
0.00911884
0.00849093
0.00785558
0.00722081
0.00659413
0.00598233
0.0053914
0.00482646
0.00429171
0.00379038
0.0033248
0.00289639
0.00250575
0.00215272
0.00183648
0.00155566
0.00130845
0.0010927
0.00090599
0.000745786
0.00060948
0.000494477
0.000398256
0.000318418
0.00025272
0.000199103
0.000155703
0.000120859
9.31082e-05
7.11819e-05
5.39898e-05
4.06067e-05
3.02548e-05
2.22856e-05
1.61621e-05
1.14402e-05
7.75157e-06
4.78744e-06
2.28247e-06
0
0
1.8249e-06
3.8277e-06
6.19761e-06
9.14675e-06
1.29221e-05
1.7818e-05
2.41896e-05
3.24663e-05
4.31665e-05
5.6912e-05
7.44428e-05
9.663e-05
0.000124489
0.000159189
0.000202057
0.000254585
0.000318418
0.000395349
0.000487298
0.000596279
0.000724366
0.000873644
0.00104615
0.0012438
0.00146832
0.00172116
0.00200342
0.00231575
0.00265828
0.00303052
0.00343135
0.0038589
0.00431058
0.00478305
0.00527221
0.00577326
0.00628077
0.00678876
0.00729078
0.00778011
0.00824981
0.00869297
0.0091028
0.00947285
0.00979714
0.0100703
0.0102878
0.0104458
0.0105418
0.0105739
0.0105418
0.0104458
0.0102878
0.0100703
0.00979714
0.00947285
0.0091028
0.00869297
0.00824981
0.00778011
0.00729078
0.00678876
0.00628077
0.00577326
0.00527221
0.00478305
0.00431058
0.0038589
0.00343135
0.00303052
0.00265828
0.00231575
0.00200342
0.00172116
0.00146832
0.0012438
0.00104615
0.000873644
0.000724366
0.000596279
0.000487298
0.000395349
0.000318418
0.000254585
0.000202057
0.000159189
0.000124489
9.663e-05
7.44428e-05
5.6912e-05
4.31665e-05
3.24663e-05
2.41896e-05
1.7818e-05
1.29221e-05
9.14675e-06
6.19761e-06
3.8277e-06
1.8249e-06
0
0
1.44838e-06
3.03794e-06
4.91888e-06
7.25954e-06
1.02559e-05
1.41417e-05
1.91986e-05
2.57676e-05
3.42601e-05
4.51696e-05
5.90833e-05
7.66927e-05
9.88037e-05
0.000126344
0.000160368
0.000202057
0.00025272
0.000313779
0.000386756
0.000473251
0.000574911
0.000693389
0.000830301
0.00098717
0.00116537
0.00136604
0.00159007
0.00183795
0.00210981
0.00240525
0.00272337
0.00306271
0.0034212
0.00379618
0.00418441
0.00458208
0.00498488
0.00538806
0.0057865
0.00617487
0.00654766
0.00689938
0.00722466
0.00751836
0.00777573
0.00799254
0.00816513
0.00829058
0.00836672
0.00839225
0.00836672
0.00829058
0.00816513
0.00799254
0.00777573
0.00751836
0.00722466
0.00689938
0.00654766
0.00617487
0.0057865
0.00538806
0.00498488
0.00458208
0.00418441
0.00379618
0.0034212
0.00306271
0.00272337
0.00240525
0.00210981
0.00183795
0.00159007
0.00136604
0.00116537
0.00098717
0.000830301
0.000693389
0.000574911
0.000473251
0.000386756
0.000313779
0.00025272
0.000202057
0.000160368
0.000126344
9.88037e-05
7.66927e-05
5.90833e-05
4.51696e-05
3.42601e-05
2.57676e-05
1.91986e-05
1.41417e-05
1.02559e-05
7.25954e-06
4.91888e-06
3.03794e-06
1.44838e-06
0
0
1.14109e-06
2.39341e-06
3.87529e-06
5.71935e-06
8.08002e-06
1.11414e-05
1.51255e-05
2.03008e-05
2.69915e-05
3.55864e-05
4.65481e-05
6.04216e-05
7.78415e-05
9.95387e-05
0.000126344
0.000159189
0.000199103
0.000247207
0.000304701
0.000372846
0.000452937
0.000546279
0.000654144
0.000777731
0.000918121
0.00107622
0.00125272
0.00144801
0.00166219
0.00189495
0.00214558
0.00241292
0.00269535
0.00299078
0.00329665
0.00360995
0.00392729
0.00424492
0.00455884
0.0048648
0.0051585
0.00543561
0.00569187
0.00592326
0.00612603
0.00629684
0.00643281
0.00653164
0.00659163
0.00661175
0.00659163
0.00653164
0.00643281
0.00629684
0.00612603
0.00592326
0.00569187
0.00543561
0.0051585
0.0048648
0.00455884
0.00424492
0.00392729
0.00360995
0.00329665
0.00299078
0.00269535
0.00241292
0.00214558
0.00189495
0.00166219
0.00144801
0.00125272
0.00107622
0.000918121
0.000777731
0.000654144
0.000546279
0.000452937
0.000372846
0.000304701
0.000247207
0.000199103
0.000159189
0.000126344
9.95387e-05
7.78415e-05
6.04216e-05
4.65481e-05
3.55864e-05
2.69915e-05
2.03008e-05
1.51255e-05
1.11414e-05
8.08002e-06
5.71935e-06
3.87529e-06
2.39341e-06
1.14109e-06
0
0
8.92357e-07
1.8717e-06
3.03056e-06
4.47266e-06
6.31876e-06
8.71282e-06
1.18284e-05
1.58757e-05
2.11079e-05
2.78294e-05
3.64017e-05
4.7251e-05
6.08738e-05
7.78415e-05
9.88037e-05
0.000124489
0.000155703
0.000193321
0.000238283
0.000291574
0.000354207
0.000427202
0.000511555
0.000608203
0.000717991
0.000841629
0.000979652
0.00113238
0.00129987
0.00148189
0.00167789
0.00188696
0.00210783
0.00233886
0.00257805
0.00282306
0.00307123
0.00331963
0.00356511
0.00380439
0.00403407
0.00425077
0.00445117
0.00463212
0.00479069
0.00492427
0.0050306
0.00510789
0.00515481
0.00517053
0.00515481
0.00510789
0.0050306
0.00492427
0.00479069
0.00463212
0.00445117
0.00425077
0.00403407
0.00380439
0.00356511
0.00331963
0.00307123
0.00282306
0.00257805
0.00233886
0.00210783
0.00188696
0.00167789
0.00148189
0.00129987
0.00113238
0.000979652
0.000841629
0.000717991
0.000608203
0.000511555
0.000427202
0.000354207
0.000291574
0.000238283
0.000193321
0.000155703
0.000124489
9.88037e-05
7.78415e-05
6.08738e-05
4.7251e-05
3.64017e-05
2.78294e-05
2.11079e-05
1.58757e-05
1.18284e-05
8.71282e-06
6.31876e-06
4.47266e-06
3.03056e-06
1.8717e-06
8.92357e-07
0
0
6.92659e-07
1.45284e-06
2.35236e-06
3.47174e-06
4.9047e-06
6.763e-06
9.18139e-06
1.23229e-05
1.63843e-05
2.16015e-05
2.82555e-05
3.66769e-05
4.7251e-05
6.04216e-05
7.66927e-05
9.663e-05
0.000120859
0.000150059
0.000184959
0.000226323
0.00027494
0.0003316
0.000397076
0.000472095
0.000557314
0.000653283
0.000760419
0.000878967
0.00100898
0.00115026
0.0013024
0.00146468
0.00163612
0.00181545
0.00200112
0.0021913
0.00238393
0.00257674
0.00276729
0.00295301
0.00313129
0.0032995
0.00345506
0.00359551
0.0037186
0.00382228
0.00390482
0.00396481
0.00400123
0.00401344
0.00400123
0.00396481
0.00390482
0.00382228
0.0037186
0.00359551
0.00345506
0.0032995
0.00313129
0.00295301
0.00276729
0.00257674
0.00238393
0.0021913
0.00200112
0.00181545
0.00163612
0.00146468
0.0013024
0.00115026
0.00100898
0.000878967
0.000760419
0.000653283
0.000557314
0.000472095
0.000397076
0.0003316
0.00027494
0.000226323
0.000184959
0.000150059
0.000120859
9.663e-05
7.66927e-05
6.04216e-05
4.7251e-05
3.66769e-05
2.82555e-05
2.16015e-05
1.63843e-05
1.23229e-05
9.18139e-06
6.763e-06
4.9047e-06
3.47174e-06
2.35236e-06
1.45284e-06
6.92659e-07
0
0
5.33617e-07
1.11925e-06
1.81223e-06
2.67459e-06
3.77853e-06
5.21015e-06
7.07325e-06
9.49342e-06
1.26223e-05
1.66416e-05
2.17677e-05
2.82555e-05
3.64017e-05
4.65481e-05
5.90833e-05
7.44428e-05
9.31082e-05
0.000115604
0.00014249
0.000174357
0.000211811
0.000255461
0.000305903
0.000363697
0.000429349
0.000503283
0.000585818
0.000677147
0.000777304
0.000886151
0.00100336
0.00112838
0.00126045
0.00139861
0.00154164
0.00168815
0.00183655
0.00198509
0.00213189
0.00227497
0.00241232
0.0025419
0.00266174
0.00276994
0.00286477
0.00294464
0.00300823
0.00305445
0.0030825
0.00309191
0.0030825
0.00305445
0.00300823
0.00294464
0.00286477
0.00276994
0.00266174
0.0025419
0.00241232
0.00227497
0.00213189
0.00198509
0.00183655
0.00168815
0.00154164
0.00139861
0.00126045
0.00112838
0.00100336
0.000886151
0.000777304
0.000677147
0.000585818
0.000503283
0.000429349
0.000363697
0.000305903
0.000255461
0.000211811
0.000174357
0.00014249
0.000115604
9.31082e-05
7.44428e-05
5.90833e-05
4.65481e-05
3.64017e-05
2.82555e-05
2.17677e-05
1.66416e-05
1.26223e-05
9.49342e-06
7.07325e-06
5.21015e-06
3.77853e-06
2.67459e-06
1.81223e-06
1.11925e-06
5.33617e-07
0
0
4.07955e-07
8.55677e-07
1.38547e-06
2.04474e-06
2.88872e-06
3.9832e-06
5.40755e-06
7.25779e-06
9.64981e-06
1.27226e-05
1.66416e-05
2.16015e-05
2.78294e-05
3.55864e-05
4.51696e-05
5.6912e-05
7.11819e-05
8.83798e-05
0.000108935
0.000133297
0.000161931
0.000195302
0.000233865
0.000278049
0.00032824
0.000384763
0.000447863
0.000517684
0.000594255
0.000677469
0.000767073
0.000862652
0.000963625
0.00106924
0.00117859
0.0012906
0.00140406
0.00151762
0.00162984
0.00173923
0.00184423
0.0019433
0.00203492
0.00211764
0.00219014
0.0022512
0.00229982
0.00233515
0.0023566
0.00236379
0.0023566
0.00233515
0.00229982
0.0022512
0.00219014
0.00211764
0.00203492
0.0019433
0.00184423
0.00173923
0.00162984
0.00151762
0.00140406
0.0012906
0.00117859
0.00106924
0.000963625
0.000862652
0.000767073
0.000677469
0.000594255
0.000517684
0.000447863
0.000384763
0.00032824
0.000278049
0.000233865
0.000195302
0.000161931
0.000133297
0.000108935
8.83798e-05
7.11819e-05
5.6912e-05
4.51696e-05
3.55864e-05
2.78294e-05
2.16015e-05
1.66416e-05
1.27226e-05
9.64981e-06
7.25779e-06
5.40755e-06
3.9832e-06
2.88872e-06
2.04474e-06
1.38547e-06
8.55677e-07
4.07955e-07
0
0
3.09424e-07
6.49011e-07
1.05085e-06
1.55089e-06
2.19102e-06
3.02116e-06
4.1015e-06
5.50487e-06
7.31916e-06
9.64981e-06
1.26223e-05
1.63843e-05
2.11079e-05
2.69915e-05
3.42601e-05
4.31665e-05
5.39898e-05
6.70341e-05
8.26245e-05
0.000101103
0.000122821
0.000148132
0.000177381
0.000210894
0.000248963
0.000291834
0.000339694
0.000392651
0.000450729
0.000513845
0.000581807
0.000654302
0.000730888
0.000810997
0.000893937
0.000978893
0.00106495
0.00115108
0.0012362
0.00131917
0.00139881
0.00147395
0.00154344
0.00160618
0.00166117
0.00170749
0.00174436
0.00177116
0.00178742
0.00179288
0.00178742
0.00177116
0.00174436
0.00170749
0.00166117
0.00160618
0.00154344
0.00147395
0.00139881
0.00131917
0.0012362
0.00115108
0.00106495
0.000978893
0.000893937
0.000810997
0.000730888
0.000654302
0.000581807
0.000513845
0.000450729
0.000392651
0.000339694
0.000291834
0.000248963
0.000210894
0.000177381
0.000148132
0.000122821
0.000101103
8.26245e-05
6.70341e-05
5.39898e-05
4.31665e-05
3.42601e-05
2.69915e-05
2.11079e-05
1.63843e-05
1.26223e-05
9.64981e-06
7.31916e-06
5.50487e-06
4.1015e-06
3.02116e-06
2.19102e-06
1.55089e-06
1.05085e-06
6.49011e-07
3.09424e-07
0
0
2.32723e-07
4.88133e-07
7.90359e-07
1.16645e-06
1.64791e-06
2.27227e-06
3.08481e-06
4.14031e-06
5.50487e-06
7.25779e-06
9.49342e-06
1.23229e-05
1.58757e-05
2.03008e-05
2.57676e-05
3.24663e-05
4.06067e-05
5.04175e-05
6.21434e-05
7.60413e-05
9.23759e-05
0.000111413
0.000133412
0.000158617
0.000187249
0.000219494
0.00025549
0.00029532
0.000339001
0.000386472
0.000437588
0.000492112
0.000549714
0.000609966
0.000672346
0.000736243
0.000800965
0.000865746
0.000929768
0.00099217
0.00105207
0.00110858
0.00116085
0.00120804
0.00124939
0.00128423
0.00131196
0.00133212
0.00134435
0.00134846
0.00134435
0.00133212
0.00131196
0.00128423
0.00124939
0.00120804
0.00116085
0.00110858
0.00105207
0.00099217
0.000929768
0.000865746
0.000800965
0.000736243
0.000672346
0.000609966
0.000549714
0.000492112
0.000437588
0.000386472
0.000339001
0.00029532
0.00025549
0.000219494
0.000187249
0.000158617
0.000133412
0.000111413
9.23759e-05
7.60413e-05
6.21434e-05
5.04175e-05
4.06067e-05
3.24663e-05
2.57676e-05
2.03008e-05
1.58757e-05
1.23229e-05
9.49342e-06
7.25779e-06
5.50487e-06
4.14031e-06
3.08481e-06
2.27227e-06
1.64791e-06
1.16645e-06
7.90359e-07
4.88133e-07
2.32723e-07
0
0
1.73395e-07
3.63692e-07
5.88872e-07
8.69087e-07
1.2278e-06
1.693e-06
2.2984e-06
3.08481e-06
4.1015e-06
5.40755e-06
7.07325e-06
9.18139e-06
1.18284e-05
1.51255e-05
1.91986e-05
2.41896e-05
3.02548e-05
3.75645e-05
4.6301e-05
5.6656e-05
6.88263e-05
8.30101e-05
9.94008e-05
0.000118181
0.000139514
0.000163538
0.000190357
0.000220034
0.000252579
0.000287948
0.000326033
0.000366657
0.000409574
0.000454466
0.000500943
0.000548551
0.000596773
0.00064504
0.00069274
0.000739234
0.000783863
0.00082597
0.000864911
0.000900072
0.000930884
0.000956839
0.000977501
0.000992519
0.00100164
0.00100469
0.00100164
0.000992519
0.000977501
0.000956839
0.000930884
0.000900072
0.000864911
0.00082597
0.000783863
0.000739234
0.00069274
0.00064504
0.000596773
0.000548551
0.000500943
0.000454466
0.000409574
0.000366657
0.000326033
0.000287948
0.000252579
0.000220034
0.000190357
0.000163538
0.000139514
0.000118181
9.94008e-05
8.30101e-05
6.88263e-05
5.6656e-05
4.6301e-05
3.75645e-05
3.02548e-05
2.41896e-05
1.91986e-05
1.51255e-05
1.18284e-05
9.18139e-06
7.07325e-06
5.40755e-06
4.1015e-06
3.08481e-06
2.2984e-06
1.693e-06
1.2278e-06
8.69087e-07
5.88872e-07
3.63692e-07
1.73395e-07
0
0
1.27722e-07
2.67895e-07
4.33762e-07
6.40168e-07
9.04399e-07
1.24706e-06
1.693e-06
2.27227e-06
3.02116e-06
3.9832e-06
5.21015e-06
6.763e-06
8.71282e-06
1.11414e-05
1.41417e-05
1.7818e-05
2.22856e-05
2.767e-05
3.41053e-05
4.17327e-05
5.06974e-05
6.11452e-05
7.32185e-05
8.70517e-05
0.000102766
0.000120462
0.000140217
0.000162076
0.000186049
0.000212102
0.000240155
0.000270079
0.000301692
0.000334759
0.000368994
0.000404062
0.000439582
0.000475136
0.000510272
0.000544519
0.000577393
0.000608409
0.000637093
0.000662992
0.000685688
0.000704807
0.000720027
0.000731089
0.000737804
0.000740055
0.000737804
0.000731089
0.000720027
0.000704807
0.000685688
0.000662992
0.000637093
0.000608409
0.000577393
0.000544519
0.000510272
0.000475136
0.000439582
0.000404062
0.000368994
0.000334759
0.000301692
0.000270079
0.000240155
0.000212102
0.000186049
0.000162076
0.000140217
0.000120462
0.000102766
8.70517e-05
7.32185e-05
6.11452e-05
5.06974e-05
4.17327e-05
3.41053e-05
2.767e-05
2.22856e-05
1.7818e-05
1.41417e-05
1.11414e-05
8.71282e-06
6.763e-06
5.21015e-06
3.9832e-06
3.02116e-06
2.27227e-06
1.693e-06
1.24706e-06
9.04399e-07
6.40168e-07
4.33762e-07
2.67895e-07
1.27722e-07
0
0
9.26276e-08
1.94285e-07
3.14575e-07
4.64267e-07
6.55894e-07
9.04399e-07
1.2278e-06
1.64791e-06
2.19102e-06
2.88872e-06
3.77853e-06
4.9047e-06
6.31876e-06
8.08002e-06
1.02559e-05
1.29221e-05
1.61621e-05
2.0067e-05
2.4734e-05
3.02656e-05
3.6767e-05
4.4344e-05
5.30999e-05
6.31321e-05
7.45282e-05
8.73619e-05
0.000101689
0.000117542
0.000134928
0.000153822
0.000174167
0.000195868
0.000218795
0.000242776
0.000267604
0.000293036
0.000318796
0.000344581
0.000370062
0.000394899
0.00041874
0.000441234
0.000462036
0.000480819
0.000497279
0.000511144
0.000522182
0.000530204
0.000535074
0.000536707
0.000535074
0.000530204
0.000522182
0.000511144
0.000497279
0.000480819
0.000462036
0.000441234
0.00041874
0.000394899
0.000370062
0.000344581
0.000318796
0.000293036
0.000267604
0.000242776
0.000218795
0.000195868
0.000174167
0.000153822
0.000134928
0.000117542
0.000101689
8.73619e-05
7.45282e-05
6.31321e-05
5.30999e-05
4.4344e-05
3.6767e-05
3.02656e-05
2.4734e-05
2.0067e-05
1.61621e-05
1.29221e-05
1.02559e-05
8.08002e-06
6.31876e-06
4.9047e-06
3.77853e-06
2.88872e-06
2.19102e-06
1.64791e-06
1.2278e-06
9.04399e-07
6.55894e-07
4.64267e-07
3.14575e-07
1.94285e-07
9.26276e-08
0
0
6.55653e-08
1.37522e-07
2.22669e-07
3.28626e-07
4.64267e-07
6.40168e-07
8.69087e-07
1.16645e-06
1.55089e-06
2.04474e-06
2.67459e-06
3.47174e-06
4.47266e-06
5.71935e-06
7.25954e-06
9.14675e-06
1.14402e-05
1.42042e-05
1.75077e-05
2.14232e-05
2.60251e-05
3.13884e-05
3.75862e-05
4.46873e-05
5.27539e-05
6.18381e-05
7.19793e-05
8.32007e-05
9.5507e-05
0.000108881
0.000123282
0.000138643
0.000154871
0.000171846
0.00018942
0.000207422
0.000225656
0.000243907
0.000261944
0.000279525
0.0002964
0.000312322
0.000327047
0.000340342
0.000351993
0.000361807
0.00036962
0.000375299
0.000378746
0.000379901
0.000378746
0.000375299
0.00036962
0.000361807
0.000351993
0.000340342
0.000327047
0.000312322
0.0002964
0.000279525
0.000261944
0.000243907
0.000225656
0.000207422
0.00018942
0.000171846
0.000154871
0.000138643
0.000123282
0.000108881
9.5507e-05
8.32007e-05
7.19793e-05
6.18381e-05
5.27539e-05
4.46873e-05
3.75862e-05
3.13884e-05
2.60251e-05
2.14232e-05
1.75077e-05
1.42042e-05
1.14402e-05
9.14675e-06
7.25954e-06
5.71935e-06
4.47266e-06
3.47174e-06
2.67459e-06
2.04474e-06
1.55089e-06
1.16645e-06
8.69087e-07
6.40168e-07
4.64267e-07
3.28626e-07
2.22669e-07
1.37522e-07
6.55653e-08
0
0
4.44254e-08
9.31815e-08
1.50875e-07
2.22669e-07
3.14575e-07
4.33762e-07
5.88872e-07
7.90359e-07
1.05085e-06
1.38547e-06
1.81223e-06
2.35236e-06
3.03056e-06
3.87529e-06
4.91888e-06
6.19761e-06
7.75157e-06
9.62439e-06
1.18628e-05
1.45158e-05
1.7634e-05
2.1268e-05
2.54675e-05
3.0279e-05
3.57447e-05
4.19e-05
4.87714e-05
5.63747e-05
6.47132e-05
7.37751e-05
8.35327e-05
9.39411e-05
0.000104937
0.000116439
0.000128347
0.000140544
0.000152899
0.000165266
0.000177487
0.000189399
0.000200833
0.000211622
0.000221599
0.000230607
0.000238502
0.000245152
0.000250445
0.000254293
0.000256629
0.000257412
0.000256629
0.000254293
0.000250445
0.000245152
0.000238502
0.000230607
0.000221599
0.000211622
0.000200833
0.000189399
0.000177487
0.000165266
0.000152899
0.000140544
0.000128347
0.000116439
0.000104937
9.39411e-05
8.35327e-05
7.37751e-05
6.47132e-05
5.63747e-05
4.87714e-05
4.19e-05
3.57447e-05
3.0279e-05
2.54675e-05
2.1268e-05
1.7634e-05
1.45158e-05
1.18628e-05
9.62439e-06
7.75157e-06
6.19761e-06
4.91888e-06
3.87529e-06
3.03056e-06
2.35236e-06
1.81223e-06
1.38547e-06
1.05085e-06
7.90359e-07
5.88872e-07
4.33762e-07
3.14575e-07
2.22669e-07
1.50875e-07
9.31815e-08
4.44254e-08
0
0
2.74375e-08
5.75497e-08
9.31815e-08
1.37522e-07
1.94285e-07
2.67895e-07
3.63692e-07
4.88133e-07
6.49011e-07
8.55677e-07
1.11925e-06
1.45284e-06
1.8717e-06
2.39341e-06
3.03794e-06
3.8277e-06
4.78744e-06
5.94411e-06
7.32656e-06
8.96509e-06
1.08909e-05
1.31353e-05
1.57289e-05
1.87006e-05
2.20763e-05
2.58778e-05
3.01216e-05
3.48175e-05
3.99674e-05
4.55641e-05
5.15906e-05
5.80188e-05
6.48099e-05
7.19135e-05
7.9268e-05
8.68013e-05
9.44318e-05
0.000102069
0.000109617
0.000116974
0.000124037
0.000130699
0.000136861
0.000142425
0.000147301
0.000151408
0.000154677
0.000157054
0.000158496
0.00015898
0.000158496
0.000157054
0.000154677
0.000151408
0.000147301
0.000142425
0.000136861
0.000130699
0.000124037
0.000116974
0.000109617
0.000102069
9.44318e-05
8.68013e-05
7.9268e-05
7.19135e-05
6.48099e-05
5.80188e-05
5.15906e-05
4.55641e-05
3.99674e-05
3.48175e-05
3.01216e-05
2.58778e-05
2.20763e-05
1.87006e-05
1.57289e-05
1.31353e-05
1.08909e-05
8.96509e-06
7.32656e-06
5.94411e-06
4.78744e-06
3.8277e-06
3.03794e-06
2.39341e-06
1.8717e-06
1.45284e-06
1.11925e-06
8.55677e-07
6.49011e-07
4.88133e-07
3.63692e-07
2.67895e-07
1.94285e-07
1.37522e-07
9.31815e-08
5.75497e-08
2.74375e-08
0
0
1.30812e-08
2.74375e-08
4.44254e-08
6.55653e-08
9.26276e-08
1.27722e-07
1.73395e-07
2.32723e-07
3.09424e-07
4.07955e-07
5.33617e-07
6.92659e-07
8.92357e-07
1.14109e-06
1.44838e-06
1.8249e-06
2.28247e-06
2.83393e-06
3.49303e-06
4.27422e-06
5.19237e-06
6.26242e-06
7.49896e-06
8.91574e-06
1.05251e-05
1.23376e-05
1.43609e-05
1.65997e-05
1.9055e-05
2.17233e-05
2.45964e-05
2.76612e-05
3.0899e-05
3.42857e-05
3.7792e-05
4.13836e-05
4.50216e-05
4.86629e-05
5.22615e-05
5.5769e-05
5.9136e-05
6.23126e-05
6.52503e-05
6.79029e-05
7.02274e-05
7.21855e-05
7.37443e-05
7.48773e-05
7.5565e-05
7.57956e-05
7.5565e-05
7.48773e-05
7.37443e-05
7.21855e-05
7.02274e-05
6.79029e-05
6.52503e-05
6.23126e-05
5.9136e-05
5.5769e-05
5.22615e-05
4.86629e-05
4.50216e-05
4.13836e-05
3.7792e-05
3.42857e-05
3.0899e-05
2.76612e-05
2.45964e-05
2.17233e-05
1.9055e-05
1.65997e-05
1.43609e-05
1.23376e-05
1.05251e-05
8.91574e-06
7.49896e-06
6.26242e-06
5.19237e-06
4.27422e-06
3.49303e-06
2.83393e-06
2.28247e-06
1.8249e-06
1.44838e-06
1.14109e-06
8.92357e-07
6.92659e-07
5.33617e-07
4.07955e-07
3.09424e-07
2.32723e-07
1.73395e-07
1.27722e-07
9.26276e-08
6.55653e-08
4.44254e-08
2.74375e-08
1.30812e-08
0
0
0
0
0
0
0
0
0
0
0
0
0
0
0
0
0
0
0
0
0
0
0
0
0
0
0
0
0
0
0
0
0
0
0
0
0
0
0
0
0
0
0
0
0
0
0
0
0
0
0
0
0
0
0
0
0
0
0
0
0
0
0
0
0
0
0
0
0
0
0
0
0
0
0
0
0
0
0
0
0
0
0
0
0
0
0
0
0
0
0
0
0
0
0
0
0
0
0
0
0
0
