# vtk DataFile Version 3.0
Heat2D data at time 0.17
ASCII
DATASET STRUCTURED_POINTS
DIMENSIONS 101 101 1
ORIGIN 0 0 0
SPACING 0.01 0.01 1
POINT_DATA 10201
SCALARS temperature double
LOOKUP_TABLE default
0
0
0
0
0
0
0
0
0
0
0
0
0
0
0
0
0
0
0
0
0
0
0
0
0
0
0
0
0
0
0
0
0
0
0
0
0
0
0
0
0
0
0
0
0
0
0
0
0
0
0
0
0
0
0
0
0
0
0
0
0
0
0
0
0
0
0
0
0
0
0
0
0
0
0
0
0
0
0
0
0
0
0
0
0
0
0
0
0
0
0
0
0
0
0
0
0
0
0
0
0
0
1.73498e-05
3.48672e-05
5.27191e-05
7.10701e-05
9.00824e-05
0.000109914
0.000130718
0.000152643
0.000175827
0.000200403
0.000226493
0.000254209
0.000283648
0.000314897
0.000348026
0.000383089
0.00042012
0.000459138
0.000500138
0.000543095
0.000587962
0.000634667
0.000683117
0.00073319
0.000784745
0.000837612
0.0008916
0.000946494
0.00100206
0.00105803
0.00111414
0.0011701
0.00122558
0.00128029
0.00133388
0.00138603
0.0014364
0.00148466
0.00153049
0.00157355
0.00161355
0.00165019
0.00168321
0.00171236
0.00173742
0.00175819
0.00177452
0.00178627
0.00179336
0.00179573
0.00179336
0.00178627
0.00177452
0.00175819
0.00173742
0.00171236
0.00168321
0.00165019
0.00161355
0.00157355
0.00153049
0.00148466
0.0014364
0.00138603
0.00133388
0.00128029
0.00122558
0.0011701
0.00111414
0.00105803
0.00100206
0.000946494
0.0008916
0.000837612
0.000784745
0.00073319
0.000683117
0.000634667
0.000587962
0.000543095
0.000500138
0.000459138
0.00042012
0.000383089
0.000348026
0.000314897
0.000283648
0.000254209
0.000226493
0.000200403
0.000175827
0.000152643
0.000130718
0.000109914
9.00824e-05
7.10701e-05
5.27191e-05
3.48672e-05
1.73498e-05
0
0
3.48672e-05
7.00714e-05
0.000105948
0.000142827
0.000181035
0.00022089
0.0002627
0.00030676
0.000353353
0.000402742
0.000455175
0.000510874
0.000570037
0.000632838
0.000699416
0.000769879
0.0008443
0.000922712
0.00100511
0.00109144
0.00118161
0.00127547
0.00137283
0.00147347
0.00157707
0.00168332
0.00179182
0.00190213
0.0020138
0.00212629
0.00223905
0.0023515
0.00246301
0.00257295
0.00268065
0.00278546
0.00288669
0.00298368
0.00307576
0.00316231
0.00324269
0.00331633
0.00338269
0.00344127
0.00349163
0.00353337
0.00356618
0.0035898
0.00360405
0.00360881
0.00360405
0.0035898
0.00356618
0.00353337
0.00349163
0.00344127
0.00338269
0.00331633
0.00324269
0.00316231
0.00307576
0.00298368
0.00288669
0.00278546
0.00268065
0.00257295
0.00246301
0.0023515
0.00223905
0.00212629
0.0020138
0.00190213
0.00179182
0.00168332
0.00157707
0.00147347
0.00137283
0.00127547
0.00118161
0.00109144
0.00100511
0.000922712
0.0008443
0.000769879
0.000699416
0.000632838
0.000570037
0.000510874
0.000455175
0.000402742
0.000353353
0.00030676
0.0002627
0.00022089
0.000181035
0.000142827
0.000105948
7.00714e-05
3.48672e-05
0
0
5.27191e-05
0.000105948
0.000160192
0.000215953
0.000273724
0.000333985
0.0003972
0.000463819
0.000534267
0.000608944
0.000688222
0.000772438
0.000861893
0.000956847
0.00105751
0.00116405
0.00127658
0.00139514
0.00151972
0.00165025
0.00178658
0.0019285
0.00207572
0.00222787
0.00238452
0.00254517
0.00270922
0.00287602
0.00304485
0.00321494
0.00338543
0.00355545
0.00372406
0.00389028
0.00405313
0.0042116
0.00436466
0.0045113
0.00465053
0.00478139
0.00490293
0.00501428
0.00511461
0.00520318
0.00527932
0.00534243
0.00539204
0.00542776
0.0054493
0.0054565
0.0054493
0.00542776
0.00539204
0.00534243
0.00527932
0.00520318
0.00511461
0.00501428
0.00490293
0.00478139
0.00465053
0.0045113
0.00436466
0.0042116
0.00405313
0.00389028
0.00372406
0.00355545
0.00338543
0.00321494
0.00304485
0.00287602
0.00270922
0.00254517
0.00238452
0.00222787
0.00207572
0.0019285
0.00178658
0.00165025
0.00151972
0.00139514
0.00127658
0.00116405
0.00105751
0.000956847
0.000861893
0.000772438
0.000688222
0.000608944
0.000534267
0.000463819
0.0003972
0.000333985
0.000273724
0.000215953
0.000160192
0.000105948
5.27191e-05
0
0
7.10701e-05
0.000142827
0.000215953
0.000291125
0.000369005
0.000450242
0.000535462
0.000625271
0.000720241
0.000820912
0.000927786
0.00104132
0.00116191
0.00128992
0.00142562
0.00156925
0.00172094
0.00188077
0.00204872
0.00222468
0.00240847
0.00259979
0.00279826
0.00300337
0.00321456
0.00343112
0.00365227
0.00387713
0.00410474
0.00433403
0.00456387
0.00479307
0.00502037
0.00524446
0.00546399
0.00567762
0.00588395
0.00608165
0.00626934
0.00644575
0.00660959
0.0067597
0.00689496
0.00701437
0.007117
0.00720209
0.00726896
0.00731711
0.00734615
0.00735586
0.00734615
0.00731711
0.00726896
0.00720209
0.007117
0.00701437
0.00689496
0.0067597
0.00660959
0.00644575
0.00626934
0.00608165
0.00588395
0.00567762
0.00546399
0.00524446
0.00502037
0.00479307
0.00456387
0.00433403
0.00410474
0.00387713
0.00365227
0.00343112
0.00321456
0.00300337
0.00279826
0.00259979
0.00240847
0.00222468
0.00204872
0.00188077
0.00172094
0.00156925
0.00142562
0.00128992
0.00116191
0.00104132
0.000927786
0.000820912
0.000720241
0.000625271
0.000535462
0.000450242
0.000369005
0.000291125
0.000215953
0.000142827
7.10701e-05
0
0
9.00824e-05
0.000181035
0.000273724
0.000369005
0.000467719
0.000570688
0.000678706
0.00079254
0.000912916
0.00104052
0.00117598
0.00131988
0.00147274
0.00163499
0.001807
0.00198905
0.00218132
0.0023839
0.00259678
0.00281982
0.00305277
0.00329528
0.00354683
0.00380682
0.0040745
0.00434899
0.0046293
0.00491432
0.00520281
0.00549344
0.00578477
0.00607529
0.00636339
0.00664742
0.00692569
0.00719646
0.007458
0.00770857
0.00794648
0.00817007
0.00837775
0.00856802
0.00873946
0.00889081
0.0090209
0.00912875
0.00921352
0.00927454
0.00931135
0.00932365
0.00931135
0.00927454
0.00921352
0.00912875
0.0090209
0.00889081
0.00873946
0.00856802
0.00837775
0.00817007
0.00794648
0.00770857
0.007458
0.00719646
0.00692569
0.00664742
0.00636339
0.00607529
0.00578477
0.00549344
0.00520281
0.00491432
0.0046293
0.00434899
0.0040745
0.00380682
0.00354683
0.00329528
0.00305277
0.00281982
0.00259678
0.0023839
0.00218132
0.00198905
0.001807
0.00163499
0.00147274
0.00131988
0.00117598
0.00104052
0.000912916
0.00079254
0.000678706
0.000570688
0.000467719
0.000369005
0.000273724
0.000181035
9.00824e-05
0
0
0.000109914
0.00022089
0.000333985
0.000450242
0.000570688
0.000696325
0.000828124
0.000967017
0.00111389
0.00126959
0.00143487
0.00161046
0.00179696
0.00199493
0.00220481
0.00242693
0.00266154
0.00290872
0.00316846
0.0034406
0.00372484
0.00402073
0.00432767
0.00464489
0.0049715
0.00530642
0.00564845
0.00599621
0.00634821
0.00670282
0.00705829
0.00741276
0.00776429
0.00811085
0.00845038
0.00878076
0.00909988
0.00940562
0.0096959
0.00996872
0.0102221
0.0104543
0.0106635
0.0108481
0.0110069
0.0111384
0.0112419
0.0113163
0.0113612
0.0113763
0.0113612
0.0113163
0.0112419
0.0111384
0.0110069
0.0108481
0.0106635
0.0104543
0.0102221
0.00996872
0.0096959
0.00940562
0.00909988
0.00878076
0.00845038
0.00811085
0.00776429
0.00741276
0.00705829
0.00670282
0.00634821
0.00599621
0.00564845
0.00530642
0.0049715
0.00464489
0.00432767
0.00402073
0.00372484
0.0034406
0.00316846
0.00290872
0.00266154
0.00242693
0.00220481
0.00199493
0.00179696
0.00161046
0.00143487
0.00126959
0.00111389
0.000967017
0.000828124
0.000696325
0.000570688
0.000450242
0.000333985
0.00022089
0.000109914
0
0
0.000130718
0.0002627
0.0003972
0.000535462
0.000678706
0.000828124
0.000984869
0.00115005
0.00132473
0.00150989
0.00170646
0.00191528
0.00213709
0.00237253
0.00262213
0.0028863
0.00316531
0.00345928
0.00376818
0.00409183
0.00442987
0.00478177
0.0051468
0.00552407
0.00591249
0.00631081
0.00671757
0.00713116
0.00754979
0.00797152
0.00839427
0.00881584
0.0092339
0.00964606
0.0100499
0.0104428
0.0108223
0.0111859
0.0115311
0.0118556
0.0121569
0.012433
0.0126818
0.0129014
0.0130902
0.0132467
0.0133697
0.0134583
0.0135117
0.0135295
0.0135117
0.0134583
0.0133697
0.0132467
0.0130902
0.0129014
0.0126818
0.012433
0.0121569
0.0118556
0.0115311
0.0111859
0.0108223
0.0104428
0.0100499
0.00964606
0.0092339
0.00881584
0.00839427
0.00797152
0.00754979
0.00713116
0.00671757
0.00631081
0.00591249
0.00552407
0.0051468
0.00478177
0.00442987
0.00409183
0.00376818
0.00345928
0.00316531
0.0028863
0.00262213
0.00237253
0.00213709
0.00191528
0.00170646
0.00150989
0.00132473
0.00115005
0.000984869
0.000828124
0.000678706
0.000535462
0.0003972
0.0002627
0.000130718
0
0
0.000152643
0.00030676
0.000463819
0.000625271
0.00079254
0.000967017
0.00115005
0.00134294
0.00154691
0.00176313
0.00199267
0.00223651
0.00249552
0.00277045
0.00306192
0.00337039
0.00369619
0.00403947
0.00440019
0.00477812
0.00517286
0.00558377
0.00601002
0.00645057
0.00690414
0.00736927
0.00784425
0.00832721
0.00881605
0.00930851
0.00980217
0.0102944
0.0107826
0.0112639
0.0117354
0.0121942
0.0126374
0.013062
0.0134651
0.013844
0.0141959
0.0145183
0.0148088
0.0150653
0.0152857
0.0154685
0.0156121
0.0157155
0.0157779
0.0157987
0.0157779
0.0157155
0.0156121
0.0154685
0.0152857
0.0150653
0.0148088
0.0145183
0.0141959
0.013844
0.0134651
0.013062
0.0126374
0.0121942
0.0117354
0.0112639
0.0107826
0.0102944
0.00980217
0.00930851
0.00881605
0.00832721
0.00784425
0.00736927
0.00690414
0.00645057
0.00601002
0.00558377
0.00517286
0.00477812
0.00440019
0.00403947
0.00369619
0.00337039
0.00306192
0.00277045
0.00249552
0.00223651
0.00199267
0.00176313
0.00154691
0.00134294
0.00115005
0.000967017
0.00079254
0.000625271
0.000463819
0.00030676
0.000152643
0
0
0.000175827
0.000353353
0.000534267
0.000720241
0.000912916
0.00111389
0.00132473
0.00154691
0.00178187
0.00203093
0.00229533
0.00257621
0.00287456
0.00319124
0.00352698
0.00388231
0.0042576
0.00465301
0.00506851
0.00550385
0.00595854
0.00643187
0.00692286
0.00743032
0.00795279
0.00848856
0.00903568
0.00959199
0.0101551
0.0107223
0.011291
0.011858
0.0124204
0.0129747
0.0135179
0.0140464
0.0145569
0.0150459
0.0155103
0.0159467
0.0163521
0.0167234
0.0170581
0.0173535
0.0176074
0.0178179
0.0179834
0.0181025
0.0181743
0.0181983
0.0181743
0.0181025
0.0179834
0.0178179
0.0176074
0.0173535
0.0170581
0.0167234
0.0163521
0.0159467
0.0155103
0.0150459
0.0145569
0.0140464
0.0135179
0.0129747
0.0124204
0.011858
0.011291
0.0107223
0.0101551
0.00959199
0.00903568
0.00848856
0.00795279
0.00743032
0.00692286
0.00643187
0.00595854
0.00550385
0.00506851
0.00465301
0.0042576
0.00388231
0.00352698
0.00319124
0.00287456
0.00257621
0.00229533
0.00203093
0.00178187
0.00154691
0.00132473
0.00111389
0.000912916
0.000720241
0.000534267
0.000353353
0.000175827
0
0
0.000200403
0.000402742
0.000608944
0.000820912
0.00104052
0.00126959
0.00150989
0.00176313
0.00203093
0.0023148
0.00261616
0.0029363
0.00327635
0.0036373
0.00401996
0.00442496
0.0048527
0.00530338
0.00577696
0.00627315
0.0067914
0.00733088
0.00789051
0.00846889
0.00906439
0.00967504
0.0102986
0.0109327
0.0115745
0.0122211
0.0128692
0.0135155
0.0141564
0.0147883
0.0154073
0.0160097
0.0165915
0.017149
0.0176783
0.0181757
0.0186377
0.019061
0.0194424
0.0197791
0.0200685
0.0203084
0.020497
0.0206327
0.0207146
0.020742
0.0207146
0.0206327
0.020497
0.0203084
0.0200685
0.0197791
0.0194424
0.019061
0.0186377
0.0181757
0.0176783
0.017149
0.0165915
0.0160097
0.0154073
0.0147883
0.0141564
0.0135155
0.0128692
0.0122211
0.0115745
0.0109327
0.0102986
0.00967504
0.00906439
0.00846889
0.00789051
0.00733088
0.0067914
0.00627315
0.00577696
0.00530338
0.0048527
0.00442496
0.00401996
0.0036373
0.00327635
0.0029363
0.00261616
0.0023148
0.00203093
0.00176313
0.00150989
0.00126959
0.00104052
0.000820912
0.000608944
0.000402742
0.000200403
0
0
0.000226493
0.000455175
0.000688222
0.000927786
0.00117598
0.00143487
0.00170646
0.00199267
0.00229533
0.00261616
0.00295676
0.00331857
0.00370289
0.00411083
0.00454332
0.00500104
0.00548447
0.00599382
0.00652906
0.00708984
0.00767556
0.00828528
0.00891776
0.00957145
0.0102445
0.0109346
0.0116394
0.012356
0.0130814
0.0138121
0.0145446
0.015275
0.0159994
0.0167135
0.0174132
0.018094
0.0187516
0.0193816
0.0199798
0.0205419
0.0210641
0.0215425
0.0219735
0.0223541
0.0226812
0.0229523
0.0231655
0.0233189
0.0234114
0.0234424
0.0234114
0.0233189
0.0231655
0.0229523
0.0226812
0.0223541
0.0219735
0.0215425
0.0210641
0.0205419
0.0199798
0.0193816
0.0187516
0.018094
0.0174132
0.0167135
0.0159994
0.015275
0.0145446
0.0138121
0.0130814
0.012356
0.0116394
0.0109346
0.0102445
0.00957145
0.00891776
0.00828528
0.00767556
0.00708984
0.00652906
0.00599382
0.00548447
0.00500104
0.00454332
0.00411083
0.00370289
0.00331857
0.00295676
0.00261616
0.00229533
0.00199267
0.00170646
0.00143487
0.00117598
0.000927786
0.000688222
0.000455175
0.000226493
0
0
0.000254209
0.000510874
0.000772438
0.00104132
0.00131988
0.00161046
0.00191528
0.00223651
0.00257621
0.0029363
0.00331857
0.00372466
0.00415601
0.00461387
0.00509927
0.005613
0.00615559
0.00672727
0.007328
0.00795741
0.0086148
0.00929913
0.010009
0.0107427
0.0114981
0.0122727
0.0130637
0.013868
0.0146821
0.0155023
0.0163244
0.0171442
0.0179572
0.0187587
0.019544
0.0203081
0.0210462
0.0217533
0.0224246
0.0230556
0.0236417
0.0241786
0.0246624
0.0250895
0.0254566
0.0257609
0.0260002
0.0261724
0.0262762
0.026311
0.0262762
0.0261724
0.0260002
0.0257609
0.0254566
0.0250895
0.0246624
0.0241786
0.0236417
0.0230556
0.0224246
0.0217533
0.0210462
0.0203081
0.019544
0.0187587
0.0179572
0.0171442
0.0163244
0.0155023
0.0146821
0.013868
0.0130637
0.0122727
0.0114981
0.0107427
0.010009
0.00929913
0.0086148
0.00795741
0.007328
0.00672727
0.00615559
0.005613
0.00509927
0.00461387
0.00415601
0.00372466
0.00331857
0.0029363
0.00257621
0.00223651
0.00191528
0.00161046
0.00131988
0.00104132
0.000772438
0.000510874
0.000254209
0
0
0.000283648
0.000570037
0.000861893
0.00116191
0.00147274
0.00179696
0.00213709
0.00249552
0.00287456
0.00327635
0.00370289
0.00415601
0.00463731
0.00514819
0.00568981
0.00626304
0.00686846
0.00750635
0.00817665
0.00887895
0.00961247
0.0103761
0.0111681
0.0119868
0.0128296
0.013694
0.0145766
0.015474
0.0163824
0.0172976
0.0182149
0.0191297
0.0200368
0.0209312
0.0218074
0.02266
0.0234835
0.0242725
0.0250216
0.0257257
0.0263796
0.0269787
0.0275185
0.0279951
0.0284047
0.0287443
0.0290112
0.0292034
0.0293193
0.029358
0.0293193
0.0292034
0.0290112
0.0287443
0.0284047
0.0279951
0.0275185
0.0269787
0.0263796
0.0257257
0.0250216
0.0242725
0.0234835
0.02266
0.0218074
0.0209312
0.0200368
0.0191297
0.0182149
0.0172976
0.0163824
0.015474
0.0145766
0.013694
0.0128296
0.0119868
0.0111681
0.0103761
0.00961247
0.00887895
0.00817665
0.00750635
0.00686846
0.00626304
0.00568981
0.00514819
0.00463731
0.00415601
0.00370289
0.00327635
0.00287456
0.00249552
0.00213709
0.00179696
0.00147274
0.00116191
0.000861893
0.000570037
0.000283648
0
0
0.000314897
0.000632838
0.000956847
0.00128992
0.00163499
0.00199493
0.00237253
0.00277045
0.00319124
0.0036373
0.00411083
0.00461387
0.00514819
0.00571536
0.00631665
0.00695303
0.00762515
0.00833332
0.00907746
0.00985714
0.0106715
0.0115192
0.0123985
0.0133074
0.0142431
0.0152026
0.0161825
0.0171788
0.0181873
0.0192032
0.0202216
0.0212371
0.0222443
0.0232371
0.0242099
0.0251564
0.0260706
0.0269466
0.0277782
0.0285598
0.0292858
0.0299509
0.0305502
0.0310793
0.031534
0.031911
0.0322073
0.0324207
0.0325493
0.0325923
0.0325493
0.0324207
0.0322073
0.031911
0.031534
0.0310793
0.0305502
0.0299509
0.0292858
0.0285598
0.0277782
0.0269466
0.0260706
0.0251564
0.0242099
0.0232371
0.0222443
0.0212371
0.0202216
0.0192032
0.0181873
0.0171788
0.0161825
0.0152026
0.0142431
0.0133074
0.0123985
0.0115192
0.0106715
0.00985714
0.00907746
0.00833332
0.00762515
0.00695303
0.00631665
0.00571536
0.00514819
0.00461387
0.00411083
0.0036373
0.00319124
0.00277045
0.00237253
0.00199493
0.00163499
0.00128992
0.000956847
0.000632838
0.000314897
0
0
0.000348026
0.000699416
0.00105751
0.00142562
0.001807
0.00220481
0.00262213
0.00306192
0.00352698
0.00401996
0.00454332
0.00509927
0.00568981
0.00631665
0.0069812
0.00768452
0.00842735
0.00921002
0.0100325
0.0108942
0.0117942
0.012731
0.0137029
0.0147074
0.0157415
0.016802
0.017885
0.0189861
0.0201007
0.0212235
0.022349
0.0234714
0.0245845
0.0256818
0.0267569
0.027803
0.0288134
0.0297815
0.0307006
0.0315645
0.0323668
0.0331019
0.0337643
0.034349
0.0348516
0.0352682
0.0355957
0.0358315
0.0359737
0.0360212
0.0359737
0.0358315
0.0355957
0.0352682
0.0348516
0.034349
0.0337643
0.0331019
0.0323668
0.0315645
0.0307006
0.0297815
0.0288134
0.027803
0.0267569
0.0256818
0.0245845
0.0234714
0.022349
0.0212235
0.0201007
0.0189861
0.017885
0.016802
0.0157415
0.0147074
0.0137029
0.012731
0.0117942
0.0108942
0.0100325
0.00921002
0.00842735
0.00768452
0.0069812
0.00631665
0.00568981
0.00509927
0.00454332
0.00401996
0.00352698
0.00306192
0.00262213
0.00220481
0.001807
0.00142562
0.00105751
0.000699416
0.000348026
0
0
0.000383089
0.000769879
0.00116405
0.00156925
0.00198905
0.00242693
0.0028863
0.00337039
0.00388231
0.00442496
0.00500104
0.005613
0.00626304
0.00695303
0.00768452
0.00845871
0.00927638
0.0101379
0.0110432
0.0119917
0.0129824
0.0140136
0.0150834
0.0161891
0.0173274
0.0184947
0.0196868
0.0208989
0.0221257
0.0233617
0.0246006
0.0258361
0.0270613
0.0282691
0.0294525
0.030604
0.0317162
0.0327818
0.0337936
0.0347444
0.0356276
0.0364368
0.0371659
0.0378095
0.0383627
0.0388214
0.0391818
0.0394414
0.0395979
0.0396502
0.0395979
0.0394414
0.0391818
0.0388214
0.0383627
0.0378095
0.0371659
0.0364368
0.0356276
0.0347444
0.0337936
0.0327818
0.0317162
0.030604
0.0294525
0.0282691
0.0270613
0.0258361
0.0246006
0.0233617
0.0221257
0.0208989
0.0196868
0.0184947
0.0173274
0.0161891
0.0150834
0.0140136
0.0129824
0.0119917
0.0110432
0.0101379
0.00927638
0.00845871
0.00768452
0.00695303
0.00626304
0.005613
0.00500104
0.00442496
0.00388231
0.00337039
0.0028863
0.00242693
0.00198905
0.00156925
0.00116405
0.000769879
0.000383089
0
0
0.00042012
0.0008443
0.00127658
0.00172094
0.00218132
0.00266154
0.00316531
0.00369619
0.0042576
0.0048527
0.00548447
0.00615559
0.00686846
0.00762515
0.00842735
0.00927638
0.0101731
0.0111179
0.0121107
0.0131509
0.0142373
0.0153683
0.0165415
0.017754
0.0190024
0.0202825
0.0215898
0.0229191
0.0242645
0.0256199
0.0269786
0.0283335
0.0296772
0.0310018
0.0322996
0.0335624
0.0347821
0.0359507
0.0370603
0.0381031
0.0390716
0.039959
0.0407585
0.0414644
0.0420711
0.0425741
0.0429694
0.043254
0.0434257
0.043483
0.0434257
0.043254
0.0429694
0.0425741
0.0420711
0.0414644
0.0407585
0.039959
0.0390716
0.0381031
0.0370603
0.0359507
0.0347821
0.0335624
0.0322996
0.0310018
0.0296772
0.0283335
0.0269786
0.0256199
0.0242645
0.0229191
0.0215898
0.0202825
0.0190024
0.017754
0.0165415
0.0153683
0.0142373
0.0131509
0.0121107
0.0111179
0.0101731
0.00927638
0.00842735
0.00762515
0.00686846
0.00615559
0.00548447
0.0048527
0.0042576
0.00369619
0.00316531
0.00266154
0.00218132
0.00172094
0.00127658
0.0008443
0.00042012
0
0
0.000459138
0.000922712
0.00139514
0.00188077
0.0023839
0.00290872
0.00345928
0.00403947
0.00465301
0.00530338
0.00599382
0.00672727
0.00750635
0.00833332
0.00921002
0.0101379
0.0111179
0.0121504
0.0132354
0.0143722
0.0155596
0.0167956
0.0180777
0.0194028
0.0207672
0.0221662
0.0235949
0.0250476
0.026518
0.0279993
0.0294842
0.0309649
0.0324333
0.033881
0.0352993
0.0366794
0.0380124
0.0392896
0.0405022
0.0416418
0.0427003
0.0436701
0.0445439
0.0453153
0.0459783
0.046528
0.0469601
0.0472711
0.0474587
0.0475214
0.0474587
0.0472711
0.0469601
0.046528
0.0459783
0.0453153
0.0445439
0.0436701
0.0427003
0.0416418
0.0405022
0.0392896
0.0380124
0.0366794
0.0352993
0.033881
0.0324333
0.0309649
0.0294842
0.0279993
0.026518
0.0250476
0.0235949
0.0221662
0.0207672
0.0194028
0.0180777
0.0167956
0.0155596
0.0143722
0.0132354
0.0121504
0.0111179
0.0101379
0.00921002
0.00833332
0.00750635
0.00672727
0.00599382
0.00530338
0.00465301
0.00403947
0.00345928
0.00290872
0.0023839
0.00188077
0.00139514
0.000922712
0.000459138
0
0
0.000500138
0.00100511
0.00151972
0.00204872
0.00259678
0.00316846
0.00376818
0.00440019
0.00506851
0.00577696
0.00652906
0.007328
0.00817665
0.00907746
0.0100325
0.0110432
0.0121107
0.0132354
0.0144173
0.0156557
0.016949
0.0182954
0.019692
0.0211355
0.0226216
0.0241456
0.0257019
0.0272843
0.028886
0.0304996
0.0321171
0.03373
0.0353296
0.0369065
0.0384515
0.0399548
0.0414068
0.042798
0.0441189
0.0453603
0.0465133
0.0475697
0.0485216
0.0493618
0.0500841
0.0506829
0.0511535
0.0514923
0.0516967
0.051765
0.0516967
0.0514923
0.0511535
0.0506829
0.0500841
0.0493618
0.0485216
0.0475697
0.0465133
0.0453603
0.0441189
0.042798
0.0414068
0.0399548
0.0384515
0.0369065
0.0353296
0.03373
0.0321171
0.0304996
0.028886
0.0272843
0.0257019
0.0241456
0.0226216
0.0211355
0.019692
0.0182954
0.016949
0.0156557
0.0144173
0.0132354
0.0121107
0.0110432
0.0100325
0.00907746
0.00817665
0.007328
0.00652906
0.00577696
0.00506851
0.00440019
0.00376818
0.00316846
0.00259678
0.00204872
0.00151972
0.00100511
0.000500138
0
0
0.000543095
0.00109144
0.00165025
0.00222468
0.00281982
0.0034406
0.00409183
0.00477812
0.00550385
0.00627315
0.00708984
0.00795741
0.00887895
0.00985714
0.0108942
0.0119917
0.0131509
0.0143722
0.0156557
0.0170003
0.0184048
0.0198668
0.0213834
0.0229508
0.0245646
0.0262195
0.0279095
0.0296278
0.0313671
0.0331193
0.0348757
0.0366271
0.0383641
0.0400765
0.0417541
0.0433865
0.0449633
0.046474
0.0479083
0.0492563
0.0505084
0.0516555
0.0526891
0.0536016
0.0543859
0.0550361
0.0555471
0.055915
0.056137
0.0562111
0.056137
0.055915
0.0555471
0.0550361
0.0543859
0.0536016
0.0526891
0.0516555
0.0505084
0.0492563
0.0479083
0.046474
0.0449633
0.0433865
0.0417541
0.0400765
0.0383641
0.0366271
0.0348757
0.0331193
0.0313671
0.0296278
0.0279095
0.0262195
0.0245646
0.0229508
0.0213834
0.0198668
0.0184048
0.0170003
0.0156557
0.0143722
0.0131509
0.0119917
0.0108942
0.00985714
0.00887895
0.00795741
0.00708984
0.00627315
0.00550385
0.00477812
0.00409183
0.0034406
0.00281982
0.00222468
0.00165025
0.00109144
0.000543095
0
0
0.000587962
0.00118161
0.00178658
0.00240847
0.00305277
0.00372484
0.00442987
0.00517286
0.00595854
0.0067914
0.00767556
0.0086148
0.00961247
0.0106715
0.0117942
0.0129824
0.0142373
0.0155596
0.016949
0.0184048
0.0199253
0.0215081
0.0231499
0.0248469
0.026594
0.0283856
0.0302152
0.0320755
0.0339584
0.0358554
0.0377569
0.039653
0.0415334
0.0433873
0.0452035
0.0469708
0.0486779
0.0503134
0.0518662
0.0533256
0.0546811
0.0559229
0.0570419
0.0580298
0.0588789
0.0595828
0.0601361
0.0605344
0.0607746
0.0608549
0.0607746
0.0605344
0.0601361
0.0595828
0.0588789
0.0580298
0.0570419
0.0559229
0.0546811
0.0533256
0.0518662
0.0503134
0.0486779
0.0469708
0.0452035
0.0433873
0.0415334
0.039653
0.0377569
0.0358554
0.0339584
0.0320755
0.0302152
0.0283856
0.026594
0.0248469
0.0231499
0.0215081
0.0199253
0.0184048
0.016949
0.0155596
0.0142373
0.0129824
0.0117942
0.0106715
0.00961247
0.0086148
0.00767556
0.0067914
0.00595854
0.00517286
0.00442987
0.00372484
0.00305277
0.00240847
0.00178658
0.00118161
0.000587962
0
0
0.000634667
0.00127547
0.0019285
0.00259979
0.00329528
0.00402073
0.00478177
0.00558377
0.00643187
0.00733088
0.00828528
0.00929913
0.0103761
0.0115192
0.012731
0.0140136
0.0153683
0.0167956
0.0182954
0.0198668
0.0215081
0.0232166
0.0249889
0.0268206
0.0287065
0.0306404
0.0326154
0.0346234
0.036656
0.0387036
0.0407561
0.0428029
0.0448327
0.0468338
0.0487943
0.050702
0.0525447
0.0543101
0.0559863
0.0575616
0.0590248
0.0603652
0.0615731
0.0626394
0.063556
0.0643158
0.064913
0.065343
0.0656023
0.065689
0.0656023
0.065343
0.064913
0.0643158
0.063556
0.0626394
0.0615731
0.0603652
0.0590248
0.0575616
0.0559863
0.0543101
0.0525447
0.050702
0.0487943
0.0468338
0.0448327
0.0428029
0.0407561
0.0387036
0.036656
0.0346234
0.0326154
0.0306404
0.0287065
0.0268206
0.0249889
0.0232166
0.0215081
0.0198668
0.0182954
0.0167956
0.0153683
0.0140136
0.012731
0.0115192
0.0103761
0.00929913
0.00828528
0.00733088
0.00643187
0.00558377
0.00478177
0.00402073
0.00329528
0.00259979
0.0019285
0.00127547
0.000634667
0
0
0.000683117
0.00137283
0.00207572
0.00279826
0.00354683
0.00432767
0.0051468
0.00601002
0.00692286
0.00789051
0.00891776
0.010009
0.0111681
0.0123985
0.0137029
0.0150834
0.0165415
0.0180777
0.019692
0.0213834
0.0231499
0.0249889
0.0268965
0.028868
0.0308979
0.0329795
0.0351051
0.0372665
0.0394542
0.0416581
0.0438674
0.0460704
0.0482551
0.050409
0.0525192
0.0545725
0.0565558
0.058456
0.0602601
0.0619557
0.0635306
0.0649734
0.0662735
0.0674212
0.0684077
0.0692256
0.0698684
0.0703311
0.0706103
0.0707036
0.0706103
0.0703311
0.0698684
0.0692256
0.0684077
0.0674212
0.0662735
0.0649734
0.0635306
0.0619557
0.0602601
0.058456
0.0565558
0.0545725
0.0525192
0.050409
0.0482551
0.0460704
0.0438674
0.0416581
0.0394542
0.0372665
0.0351051
0.0329795
0.0308979
0.028868
0.0268965
0.0249889
0.0231499
0.0213834
0.019692
0.0180777
0.0165415
0.0150834
0.0137029
0.0123985
0.0111681
0.010009
0.00891776
0.00789051
0.00692286
0.00601002
0.0051468
0.00432767
0.00354683
0.00279826
0.00207572
0.00137283
0.000683117
0
0
0.00073319
0.00147347
0.00222787
0.00300337
0.00380682
0.00464489
0.00552407
0.00645057
0.00743032
0.00846889
0.00957145
0.0107427
0.0119868
0.0133074
0.0147074
0.0161891
0.017754
0.0194028
0.0211355
0.0229508
0.0248469
0.0268206
0.028868
0.0309841
0.0331628
0.0353969
0.0376784
0.0399982
0.0423463
0.0447117
0.0470829
0.0494474
0.0517923
0.0541041
0.0563689
0.0585728
0.0607015
0.0627409
0.0646773
0.0664971
0.0681875
0.0697361
0.0711315
0.0723633
0.0734221
0.0742999
0.0749898
0.0754865
0.0757861
0.0758863
0.0757861
0.0754865
0.0749898
0.0742999
0.0734221
0.0723633
0.0711315
0.0697361
0.0681875
0.0664971
0.0646773
0.0627409
0.0607015
0.0585728
0.0563689
0.0541041
0.0517923
0.0494474
0.0470829
0.0447117
0.0423463
0.0399982
0.0376784
0.0353969
0.0331628
0.0309841
0.028868
0.0268206
0.0248469
0.0229508
0.0211355
0.0194028
0.017754
0.0161891
0.0147074
0.0133074
0.0119868
0.0107427
0.00957145
0.00846889
0.00743032
0.00645057
0.00552407
0.00464489
0.00380682
0.00300337
0.00222787
0.00147347
0.00073319
0
0
0.000784745
0.00157707
0.00238452
0.00321456
0.0040745
0.0049715
0.00591249
0.00690414
0.00795279
0.00906439
0.0102445
0.0114981
0.0128296
0.0142431
0.0157415
0.0173274
0.0190024
0.0207672
0.0226216
0.0245646
0.026594
0.0287065
0.0308979
0.0331628
0.0354946
0.0378859
0.0403278
0.0428107
0.0453239
0.0478557
0.0503936
0.0529244
0.0554341
0.0579085
0.0603325
0.0626913
0.0649697
0.0671526
0.0692251
0.0711729
0.0729821
0.0746396
0.0761331
0.0774515
0.0785848
0.0795243
0.0802628
0.0807944
0.0811151
0.0812222
0.0811151
0.0807944
0.0802628
0.0795243
0.0785848
0.0774515
0.0761331
0.0746396
0.0729821
0.0711729
0.0692251
0.0671526
0.0649697
0.0626913
0.0603325
0.0579085
0.0554341
0.0529244
0.0503936
0.0478557
0.0453239
0.0428107
0.0403278
0.0378859
0.0354946
0.0331628
0.0308979
0.0287065
0.026594
0.0245646
0.0226216
0.0207672
0.0190024
0.0173274
0.0157415
0.0142431
0.0128296
0.0114981
0.0102445
0.00906439
0.00795279
0.00690414
0.00591249
0.0049715
0.0040745
0.00321456
0.00238452
0.00157707
0.000784745
0
0
0.000837612
0.00168332
0.00254517
0.00343112
0.00434899
0.00530642
0.00631081
0.00736927
0.00848856
0.00967504
0.0109346
0.0122727
0.013694
0.0152026
0.016802
0.0184947
0.0202825
0.0221662
0.0241456
0.0262195
0.0283856
0.0306404
0.0329795
0.0353969
0.0378859
0.0404382
0.0430446
0.0456948
0.0483773
0.0510796
0.0537885
0.0564898
0.0591686
0.0618097
0.0643971
0.0669148
0.0693466
0.0716766
0.0738887
0.0759677
0.0778988
0.0796679
0.0812621
0.0826693
0.083879
0.0848818
0.08567
0.0862374
0.0865797
0.0866941
0.0865797
0.0862374
0.08567
0.0848818
0.083879
0.0826693
0.0812621
0.0796679
0.0778988
0.0759677
0.0738887
0.0716766
0.0693466
0.0669148
0.0643971
0.0618097
0.0591686
0.0564898
0.0537885
0.0510796
0.0483773
0.0456948
0.0430446
0.0404382
0.0378859
0.0353969
0.0329795
0.0306404
0.0283856
0.0262195
0.0241456
0.0221662
0.0202825
0.0184947
0.016802
0.0152026
0.013694
0.0122727
0.0109346
0.00967504
0.00848856
0.00736927
0.00631081
0.00530642
0.00434899
0.00343112
0.00254517
0.00168332
0.000837612
0
0
0.0008916
0.00179182
0.00270922
0.00365227
0.0046293
0.00564845
0.00671757
0.00784425
0.00903568
0.0102986
0.0116394
0.0130637
0.0145766
0.0161825
0.017885
0.0196868
0.0215898
0.0235949
0.0257019
0.0279095
0.0302152
0.0326154
0.0351051
0.0376784
0.0403278
0.0430446
0.045819
0.04864
0.0514954
0.054372
0.0572554
0.0601308
0.0629824
0.0657936
0.0685478
0.0712278
0.0738164
0.0762965
0.0786512
0.0808642
0.0829198
0.0848029
0.0864998
0.0879978
0.0892854
0.0903528
0.0911918
0.0917958
0.0921602
0.0922819
0.0921602
0.0917958
0.0911918
0.0903528
0.0892854
0.0879978
0.0864998
0.0848029
0.0829198
0.0808642
0.0786512
0.0762965
0.0738164
0.0712278
0.0685478
0.0657936
0.0629824
0.0601308
0.0572554
0.054372
0.0514954
0.04864
0.045819
0.0430446
0.0403278
0.0376784
0.0351051
0.0326154
0.0302152
0.0279095
0.0257019
0.0235949
0.0215898
0.0196868
0.017885
0.0161825
0.0145766
0.0130637
0.0116394
0.0102986
0.00903568
0.00784425
0.00671757
0.00564845
0.0046293
0.00365227
0.00270922
0.00179182
0.0008916
0
0
0.000946494
0.00190213
0.00287602
0.00387713
0.00491432
0.00599621
0.00713116
0.00832721
0.00959199
0.0109327
0.012356
0.013868
0.015474
0.0171788
0.0189861
0.0208989
0.0229191
0.0250476
0.0272843
0.0296278
0.0320755
0.0346234
0.0372665
0.0399982
0.0428107
0.0456948
0.04864
0.0516347
0.0546659
0.0577195
0.0607806
0.063833
0.0668601
0.0698444
0.0727681
0.0756131
0.0783611
0.0809939
0.0834936
0.0858429
0.088025
0.0900241
0.0918255
0.0934156
0.0947825
0.0959157
0.0968063
0.0974475
0.0978343
0.0979635
0.0978343
0.0974475
0.0968063
0.0959157
0.0947825
0.0934156
0.0918255
0.0900241
0.088025
0.0858429
0.0834936
0.0809939
0.0783611
0.0756131
0.0727681
0.0698444
0.0668601
0.063833
0.0607806
0.0577195
0.0546659
0.0516347
0.04864
0.0456948
0.0428107
0.0399982
0.0372665
0.0346234
0.0320755
0.0296278
0.0272843
0.0250476
0.0229191
0.0208989
0.0189861
0.0171788
0.015474
0.013868
0.012356
0.0109327
0.00959199
0.00832721
0.00713116
0.00599621
0.00491432
0.00387713
0.00287602
0.00190213
0.000946494
0
0
0.00100206
0.0020138
0.00304485
0.00410474
0.00520281
0.00634821
0.00754979
0.00881605
0.0101551
0.0115745
0.0130814
0.0146821
0.0163824
0.0181873
0.0201007
0.0221257
0.0242645
0.026518
0.028886
0.0313671
0.0339584
0.036656
0.0394542
0.0423463
0.0453239
0.0483773
0.0514954
0.0546659
0.057875
0.0611079
0.0643486
0.0675803
0.070785
0.0739446
0.0770399
0.0800519
0.0829612
0.0857486
0.0883951
0.0908822
0.0931924
0.0953089
0.097216
0.0988995
0.100347
0.101546
0.102489
0.103168
0.103578
0.103714
0.103578
0.103168
0.102489
0.101546
0.100347
0.0988995
0.097216
0.0953089
0.0931924
0.0908822
0.0883951
0.0857486
0.0829612
0.0800519
0.0770399
0.0739446
0.070785
0.0675803
0.0643486
0.0611079
0.057875
0.0546659
0.0514954
0.0483773
0.0453239
0.0423463
0.0394542
0.036656
0.0339584
0.0313671
0.028886
0.026518
0.0242645
0.0221257
0.0201007
0.0181873
0.0163824
0.0146821
0.0130814
0.0115745
0.0101551
0.00881605
0.00754979
0.00634821
0.00520281
0.00410474
0.00304485
0.0020138
0.00100206
0
0
0.00105803
0.00212629
0.00321494
0.00433403
0.00549344
0.00670282
0.00797152
0.00930851
0.0107223
0.0122211
0.0138121
0.0155023
0.0172976
0.0192032
0.0212235
0.0233617
0.0256199
0.0279993
0.0304996
0.0331193
0.0358554
0.0387036
0.0416581
0.0447117
0.0478557
0.0510796
0.054372
0.0577195
0.0611079
0.0645214
0.0679432
0.0713553
0.0747391
0.0780751
0.0813434
0.0845236
0.0875954
0.0905385
0.0933328
0.0959589
0.0983982
0.100633
0.102647
0.104424
0.105952
0.107219
0.108214
0.108931
0.109363
0.109508
0.109363
0.108931
0.108214
0.107219
0.105952
0.104424
0.102647
0.100633
0.0983982
0.0959589
0.0933328
0.0905385
0.0875954
0.0845236
0.0813434
0.0780751
0.0747391
0.0713553
0.0679432
0.0645214
0.0611079
0.0577195
0.054372
0.0510796
0.0478557
0.0447117
0.0416581
0.0387036
0.0358554
0.0331193
0.0304996
0.0279993
0.0256199
0.0233617
0.0212235
0.0192032
0.0172976
0.0155023
0.0138121
0.0122211
0.0107223
0.00930851
0.00797152
0.00670282
0.00549344
0.00433403
0.00321494
0.00212629
0.00105803
0
0
0.00111414
0.00223905
0.00338543
0.00456387
0.00578477
0.00705829
0.00839427
0.00980217
0.011291
0.0128692
0.0145446
0.0163244
0.0182149
0.0202216
0.022349
0.0246006
0.0269786
0.0294842
0.0321171
0.0348757
0.0377569
0.0407561
0.0438674
0.0470829
0.0503936
0.0537885
0.0572554
0.0607806
0.0643486
0.0679432
0.0715464
0.0751395
0.0787027
0.0822156
0.0856572
0.0890061
0.0922409
0.09534
0.0982825
0.101048
0.103616
0.10597
0.10809
0.109962
0.111571
0.112905
0.113953
0.114708
0.115163
0.115315
0.115163
0.114708
0.113953
0.112905
0.111571
0.109962
0.10809
0.10597
0.103616
0.101048
0.0982825
0.09534
0.0922409
0.0890061
0.0856572
0.0822156
0.0787027
0.0751395
0.0715464
0.0679432
0.0643486
0.0607806
0.0572554
0.0537885
0.0503936
0.0470829
0.0438674
0.0407561
0.0377569
0.0348757
0.0321171
0.0294842
0.0269786
0.0246006
0.022349
0.0202216
0.0182149
0.0163244
0.0145446
0.0128692
0.011291
0.00980217
0.00839427
0.00705829
0.00578477
0.00456387
0.00338543
0.00223905
0.00111414
0
0
0.0011701
0.0023515
0.00355545
0.00479307
0.00607529
0.00741276
0.00881584
0.0102944
0.011858
0.0135155
0.015275
0.0171442
0.0191297
0.0212371
0.0234714
0.0258361
0.0283335
0.0309649
0.03373
0.0366271
0.039653
0.0428029
0.0460704
0.0494474
0.0529244
0.0564898
0.0601308
0.063833
0.0675803
0.0713553
0.0751395
0.078913
0.0826552
0.0863446
0.089959
0.0934761
0.0968732
0.100128
0.103218
0.106123
0.10882
0.111292
0.113518
0.115484
0.117174
0.118575
0.119676
0.120469
0.120947
0.121107
0.120947
0.120469
0.119676
0.118575
0.117174
0.115484
0.113518
0.111292
0.10882
0.106123
0.103218
0.100128
0.0968732
0.0934761
0.089959
0.0863446
0.0826552
0.078913
0.0751395
0.0713553
0.0675803
0.063833
0.0601308
0.0564898
0.0529244
0.0494474
0.0460704
0.0428029
0.039653
0.0366271
0.03373
0.0309649
0.0283335
0.0258361
0.0234714
0.0212371
0.0191297
0.0171442
0.015275
0.0135155
0.011858
0.0102944
0.00881584
0.00741276
0.00607529
0.00479307
0.00355545
0.0023515
0.0011701
0
0
0.00122558
0.00246301
0.00372406
0.00502037
0.00636339
0.00776429
0.0092339
0.0107826
0.0124204
0.0141564
0.0159994
0.0179572
0.0200368
0.0222443
0.0245845
0.0270613
0.0296772
0.0324333
0.0353296
0.0383641
0.0415334
0.0448327
0.0482551
0.0517923
0.0554341
0.0591686
0.0629824
0.0668601
0.070785
0.0747391
0.0787027
0.0826552
0.0865749
0.0904392
0.094225
0.0979089
0.101467
0.104876
0.108113
0.111155
0.113981
0.116569
0.118902
0.120961
0.122731
0.124198
0.125351
0.126182
0.126682
0.12685
0.126682
0.126182
0.125351
0.124198
0.122731
0.120961
0.118902
0.116569
0.113981
0.111155
0.108113
0.104876
0.101467
0.0979089
0.094225
0.0904392
0.0865749
0.0826552
0.0787027
0.0747391
0.070785
0.0668601
0.0629824
0.0591686
0.0554341
0.0517923
0.0482551
0.0448327
0.0415334
0.0383641
0.0353296
0.0324333
0.0296772
0.0270613
0.0245845
0.0222443
0.0200368
0.0179572
0.0159994
0.0141564
0.0124204
0.0107826
0.0092339
0.00776429
0.00636339
0.00502037
0.00372406
0.00246301
0.00122558
0
0
0.00128029
0.00257295
0.00389028
0.00524446
0.00664742
0.00811085
0.00964606
0.0112639
0.0129747
0.0147883
0.0167135
0.0187587
0.0209312
0.0232371
0.0256818
0.0282691
0.0310018
0.033881
0.0369065
0.0400765
0.0433873
0.0468338
0.050409
0.0541041
0.0579085
0.0618097
0.0657936
0.0698444
0.0739446
0.0780751
0.0822156
0.0863446
0.0904392
0.094476
0.0984308
0.102279
0.105996
0.109557
0.112939
0.116117
0.119068
0.121772
0.124209
0.12636
0.128209
0.129742
0.130946
0.131814
0.132337
0.132512
0.132337
0.131814
0.130946
0.129742
0.128209
0.12636
0.124209
0.121772
0.119068
0.116117
0.112939
0.109557
0.105996
0.102279
0.0984308
0.094476
0.0904392
0.0863446
0.0822156
0.0780751
0.0739446
0.0698444
0.0657936
0.0618097
0.0579085
0.0541041
0.050409
0.0468338
0.0433873
0.0400765
0.0369065
0.033881
0.0310018
0.0282691
0.0256818
0.0232371
0.0209312
0.0187587
0.0167135
0.0147883
0.0129747
0.0112639
0.00964606
0.00811085
0.00664742
0.00524446
0.00389028
0.00257295
0.00128029
0
0
0.00133388
0.00268065
0.00405313
0.00546399
0.00692569
0.00845038
0.0100499
0.0117354
0.0135179
0.0154073
0.0174132
0.019544
0.0218074
0.0242099
0.0267569
0.0294525
0.0322996
0.0352993
0.0384515
0.0417541
0.0452035
0.0487943
0.0525192
0.0563689
0.0603325
0.0643971
0.0685478
0.0727681
0.0770399
0.0813434
0.0856572
0.089959
0.094225
0.0984308
0.102551
0.106561
0.110433
0.114144
0.117666
0.120977
0.124052
0.12687
0.129408
0.131649
0.133576
0.135173
0.136428
0.137332
0.137877
0.138059
0.137877
0.137332
0.136428
0.135173
0.133576
0.131649
0.129408
0.12687
0.124052
0.120977
0.117666
0.114144
0.110433
0.106561
0.102551
0.0984308
0.094225
0.089959
0.0856572
0.0813434
0.0770399
0.0727681
0.0685478
0.0643971
0.0603325
0.0563689
0.0525192
0.0487943
0.0452035
0.0417541
0.0384515
0.0352993
0.0322996
0.0294525
0.0267569
0.0242099
0.0218074
0.019544
0.0174132
0.0154073
0.0135179
0.0117354
0.0100499
0.00845038
0.00692569
0.00546399
0.00405313
0.00268065
0.00133388
0
0
0.00138603
0.00278546
0.0042116
0.00567762
0.00719646
0.00878076
0.0104428
0.0121942
0.0140464
0.0160097
0.018094
0.0203081
0.02266
0.0251564
0.027803
0.030604
0.0335624
0.0366794
0.0399548
0.0433865
0.0469708
0.050702
0.0545725
0.0585728
0.0626913
0.0669148
0.0712278
0.0756131
0.0800519
0.0845236
0.0890061
0.0934761
0.0979089
0.102279
0.106561
0.110727
0.114751
0.118606
0.122267
0.125707
0.128902
0.13183
0.134468
0.136796
0.138798
0.140457
0.141762
0.142701
0.143267
0.143456
0.143267
0.142701
0.141762
0.140457
0.138798
0.136796
0.134468
0.13183
0.128902
0.125707
0.122267
0.118606
0.114751
0.110727
0.106561
0.102279
0.0979089
0.0934761
0.0890061
0.0845236
0.0800519
0.0756131
0.0712278
0.0669148
0.0626913
0.0585728
0.0545725
0.050702
0.0469708
0.0433865
0.0399548
0.0366794
0.0335624
0.030604
0.027803
0.0251564
0.02266
0.0203081
0.018094
0.0160097
0.0140464
0.0121942
0.0104428
0.00878076
0.00719646
0.00567762
0.0042116
0.00278546
0.00138603
0
0
0.0014364
0.00288669
0.00436466
0.00588395
0.007458
0.00909988
0.0108223
0.0126374
0.0145569
0.0165915
0.0187516
0.0210462
0.0234835
0.0260706
0.0288134
0.0317162
0.0347821
0.0380124
0.0414068
0.0449633
0.0486779
0.0525447
0.0565558
0.0607015
0.0649697
0.0693466
0.0738164
0.0783611
0.0829612
0.0875954
0.0922409
0.0968732
0.101467
0.105996
0.110433
0.114751
0.118921
0.122917
0.12671
0.130276
0.133587
0.136621
0.139355
0.141768
0.143842
0.145562
0.146914
0.147887
0.148474
0.14867
0.148474
0.147887
0.146914
0.145562
0.143842
0.141768
0.139355
0.136621
0.133587
0.130276
0.12671
0.122917
0.118921
0.114751
0.110433
0.105996
0.101467
0.0968732
0.0922409
0.0875954
0.0829612
0.0783611
0.0738164
0.0693466
0.0649697
0.0607015
0.0565558
0.0525447
0.0486779
0.0449633
0.0414068
0.0380124
0.0347821
0.0317162
0.0288134
0.0260706
0.0234835
0.0210462
0.0187516
0.0165915
0.0145569
0.0126374
0.0108223
0.00909988
0.007458
0.00588395
0.00436466
0.00288669
0.0014364
0
0
0.00148466
0.00298368
0.0045113
0.00608165
0.00770857
0.00940562
0.0111859
0.013062
0.0150459
0.017149
0.0193816
0.0217533
0.0242725
0.0269466
0.0297815
0.0327818
0.0359507
0.0392896
0.042798
0.046474
0.0503134
0.0543101
0.058456
0.0627409
0.0671526
0.0716766
0.0762965
0.0809939
0.0857486
0.0905385
0.09534
0.100128
0.104876
0.109557
0.114144
0.118606
0.122917
0.127046
0.130968
0.134653
0.138075
0.141211
0.144037
0.146531
0.148675
0.150453
0.15185
0.152856
0.153462
0.153665
0.153462
0.152856
0.15185
0.150453
0.148675
0.146531
0.144037
0.141211
0.138075
0.134653
0.130968
0.127046
0.122917
0.118606
0.114144
0.109557
0.104876
0.100128
0.09534
0.0905385
0.0857486
0.0809939
0.0762965
0.0716766
0.0671526
0.0627409
0.058456
0.0543101
0.0503134
0.046474
0.042798
0.0392896
0.0359507
0.0327818
0.0297815
0.0269466
0.0242725
0.0217533
0.0193816
0.017149
0.0150459
0.013062
0.0111859
0.00940562
0.00770857
0.00608165
0.0045113
0.00298368
0.00148466
0
0
0.00153049
0.00307576
0.00465053
0.00626934
0.00794648
0.0096959
0.0115311
0.0134651
0.0155103
0.0176783
0.0199798
0.0224246
0.0250216
0.0277782
0.0307006
0.0337936
0.0370603
0.0405022
0.0441189
0.0479083
0.0518662
0.0559863
0.0602601
0.0646773
0.0692251
0.0738887
0.0786512
0.0834936
0.0883951
0.0933328
0.0982825
0.103218
0.108113
0.112939
0.117666
0.122267
0.12671
0.130968
0.13501
0.138808
0.142337
0.145569
0.148482
0.151054
0.153264
0.155096
0.156536
0.157573
0.158199
0.158408
0.158199
0.157573
0.156536
0.155096
0.153264
0.151054
0.148482
0.145569
0.142337
0.138808
0.13501
0.130968
0.12671
0.122267
0.117666
0.112939
0.108113
0.103218
0.0982825
0.0933328
0.0883951
0.0834936
0.0786512
0.0738887
0.0692251
0.0646773
0.0602601
0.0559863
0.0518662
0.0479083
0.0441189
0.0405022
0.0370603
0.0337936
0.0307006
0.0277782
0.0250216
0.0224246
0.0199798
0.0176783
0.0155103
0.0134651
0.0115311
0.0096959
0.00794648
0.00626934
0.00465053
0.00307576
0.00153049
0
0
0.00157355
0.00316231
0.00478139
0.00644575
0.00817007
0.00996872
0.0118556
0.013844
0.0159467
0.0181757
0.0205419
0.0230556
0.0257257
0.0285598
0.0315645
0.0347444
0.0381031
0.0416418
0.0453603
0.0492563
0.0533256
0.0575616
0.0619557
0.0664971
0.0711729
0.0759677
0.0808642
0.0858429
0.0908822
0.0959589
0.101048
0.106123
0.111155
0.116117
0.120977
0.125707
0.130276
0.134653
0.138808
0.142714
0.146342
0.149665
0.15266
0.155304
0.157576
0.15946
0.160941
0.162007
0.16265
0.162865
0.16265
0.162007
0.160941
0.15946
0.157576
0.155304
0.15266
0.149665
0.146342
0.142714
0.138808
0.134653
0.130276
0.125707
0.120977
0.116117
0.111155
0.106123
0.101048
0.0959589
0.0908822
0.0858429
0.0808642
0.0759677
0.0711729
0.0664971
0.0619557
0.0575616
0.0533256
0.0492563
0.0453603
0.0416418
0.0381031
0.0347444
0.0315645
0.0285598
0.0257257
0.0230556
0.0205419
0.0181757
0.0159467
0.013844
0.0118556
0.00996872
0.00817007
0.00644575
0.00478139
0.00316231
0.00157355
0
0
0.00161355
0.00324269
0.00490293
0.00660959
0.00837775
0.0102221
0.0121569
0.0141959
0.0163521
0.0186377
0.0210641
0.0236417
0.0263796
0.0292858
0.0323668
0.0356276
0.0390716
0.0427003
0.0465133
0.0505084
0.0546811
0.0590248
0.0635306
0.0681875
0.0729821
0.0778988
0.0829198
0.088025
0.0931924
0.0983982
0.103616
0.10882
0.113981
0.119068
0.124052
0.128902
0.133587
0.138075
0.142337
0.146342
0.150062
0.15347
0.156541
0.159252
0.161582
0.163514
0.165032
0.166125
0.166784
0.167005
0.166784
0.166125
0.165032
0.163514
0.161582
0.159252
0.156541
0.15347
0.150062
0.146342
0.142337
0.138075
0.133587
0.128902
0.124052
0.119068
0.113981
0.10882
0.103616
0.0983982
0.0931924
0.088025
0.0829198
0.0778988
0.0729821
0.0681875
0.0635306
0.0590248
0.0546811
0.0505084
0.0465133
0.0427003
0.0390716
0.0356276
0.0323668
0.0292858
0.0263796
0.0236417
0.0210641
0.0186377
0.0163521
0.0141959
0.0121569
0.0102221
0.00837775
0.00660959
0.00490293
0.00324269
0.00161355
0
0
0.00165019
0.00331633
0.00501428
0.0067597
0.00856802
0.0104543
0.012433
0.0145183
0.0167234
0.019061
0.0215425
0.0241786
0.0269787
0.0299509
0.0331019
0.0364368
0.039959
0.0436701
0.0475697
0.0516555
0.0559229
0.0603652
0.0649734
0.0697361
0.0746396
0.0796679
0.0848029
0.0900241
0.0953089
0.100633
0.10597
0.111292
0.116569
0.121772
0.12687
0.13183
0.136621
0.141211
0.145569
0.149665
0.15347
0.156955
0.160096
0.162868
0.165251
0.167227
0.16878
0.169898
0.170572
0.170797
0.170572
0.169898
0.16878
0.167227
0.165251
0.162868
0.160096
0.156955
0.15347
0.149665
0.145569
0.141211
0.136621
0.13183
0.12687
0.121772
0.116569
0.111292
0.10597
0.100633
0.0953089
0.0900241
0.0848029
0.0796679
0.0746396
0.0697361
0.0649734
0.0603652
0.0559229
0.0516555
0.0475697
0.0436701
0.039959
0.0364368
0.0331019
0.0299509
0.0269787
0.0241786
0.0215425
0.019061
0.0167234
0.0145183
0.012433
0.0104543
0.00856802
0.0067597
0.00501428
0.00331633
0.00165019
0
0
0.00168321
0.00338269
0.00511461
0.00689496
0.00873946
0.0106635
0.0126818
0.0148088
0.0170581
0.0194424
0.0219735
0.0246624
0.0275185
0.0305502
0.0337643
0.0371659
0.0407585
0.0445439
0.0485216
0.0526891
0.0570419
0.0615731
0.0662735
0.0711315
0.0761331
0.0812621
0.0864998
0.0918255
0.097216
0.102647
0.10809
0.113518
0.118902
0.124209
0.129408
0.134468
0.139355
0.144037
0.148482
0.15266
0.156541
0.160096
0.163299
0.166127
0.168558
0.170573
0.172157
0.173297
0.173985
0.174215
0.173985
0.173297
0.172157
0.170573
0.168558
0.166127
0.163299
0.160096
0.156541
0.15266
0.148482
0.144037
0.139355
0.134468
0.129408
0.124209
0.118902
0.113518
0.10809
0.102647
0.097216
0.0918255
0.0864998
0.0812621
0.0761331
0.0711315
0.0662735
0.0615731
0.0570419
0.0526891
0.0485216
0.0445439
0.0407585
0.0371659
0.0337643
0.0305502
0.0275185
0.0246624
0.0219735
0.0194424
0.0170581
0.0148088
0.0126818
0.0106635
0.00873946
0.00689496
0.00511461
0.00338269
0.00168321
0
0
0.00171236
0.00344127
0.00520318
0.00701437
0.00889081
0.0108481
0.0129014
0.0150653
0.0173535
0.0197791
0.0223541
0.0250895
0.0279951
0.0310793
0.034349
0.0378095
0.0414644
0.0453153
0.0493618
0.0536016
0.0580298
0.0626394
0.0674212
0.0723633
0.0774515
0.0826693
0.0879978
0.0934156
0.0988995
0.104424
0.109962
0.115484
0.120961
0.12636
0.131649
0.136796
0.141768
0.146531
0.151054
0.155304
0.159252
0.162868
0.166127
0.169004
0.171477
0.173527
0.175138
0.176298
0.176998
0.177232
0.176998
0.176298
0.175138
0.173527
0.171477
0.169004
0.166127
0.162868
0.159252
0.155304
0.151054
0.146531
0.141768
0.136796
0.131649
0.12636
0.120961
0.115484
0.109962
0.104424
0.0988995
0.0934156
0.0879978
0.0826693
0.0774515
0.0723633
0.0674212
0.0626394
0.0580298
0.0536016
0.0493618
0.0453153
0.0414644
0.0378095
0.034349
0.0310793
0.0279951
0.0250895
0.0223541
0.0197791
0.0173535
0.0150653
0.0129014
0.0108481
0.00889081
0.00701437
0.00520318
0.00344127
0.00171236
0
0
0.00173742
0.00349163
0.00527932
0.007117
0.0090209
0.0110069
0.0130902
0.0152857
0.0176074
0.0200685
0.0226812
0.0254566
0.0284047
0.031534
0.0348516
0.0383627
0.0420711
0.0459783
0.0500841
0.0543859
0.0588789
0.063556
0.0684077
0.0734221
0.0785848
0.083879
0.0892854
0.0947825
0.100347
0.105952
0.111571
0.117174
0.122731
0.128209
0.133576
0.138798
0.143842
0.148675
0.153264
0.157576
0.161582
0.165251
0.168558
0.171477
0.173986
0.176066
0.177701
0.178878
0.179588
0.179825
0.179588
0.178878
0.177701
0.176066
0.173986
0.171477
0.168558
0.165251
0.161582
0.157576
0.153264
0.148675
0.143842
0.138798
0.133576
0.128209
0.122731
0.117174
0.111571
0.105952
0.100347
0.0947825
0.0892854
0.083879
0.0785848
0.0734221
0.0684077
0.063556
0.0588789
0.0543859
0.0500841
0.0459783
0.0420711
0.0383627
0.0348516
0.031534
0.0284047
0.0254566
0.0226812
0.0200685
0.0176074
0.0152857
0.0130902
0.0110069
0.0090209
0.007117
0.00527932
0.00349163
0.00173742
0
0
0.00175819
0.00353337
0.00534243
0.00720209
0.00912875
0.0111384
0.0132467
0.0154685
0.0178179
0.0203084
0.0229523
0.0257609
0.0287443
0.031911
0.0352682
0.0388214
0.0425741
0.046528
0.0506829
0.0550361
0.0595828
0.0643158
0.0692256
0.0742999
0.0795243
0.0848818
0.0903528
0.0959157
0.101546
0.107219
0.112905
0.118575
0.124198
0.129742
0.135173
0.140457
0.145562
0.150453
0.155096
0.15946
0.163514
0.167227
0.170573
0.173527
0.176066
0.178171
0.179826
0.181017
0.181735
0.181975
0.181735
0.181017
0.179826
0.178171
0.176066
0.173527
0.170573
0.167227
0.163514
0.15946
0.155096
0.150453
0.145562
0.140457
0.135173
0.129742
0.124198
0.118575
0.112905
0.107219
0.101546
0.0959157
0.0903528
0.0848818
0.0795243
0.0742999
0.0692256
0.0643158
0.0595828
0.0550361
0.0506829
0.046528
0.0425741
0.0388214
0.0352682
0.031911
0.0287443
0.0257609
0.0229523
0.0203084
0.0178179
0.0154685
0.0132467
0.0111384
0.00912875
0.00720209
0.00534243
0.00353337
0.00175819
0
0
0.00177452
0.00356618
0.00539204
0.00726896
0.00921352
0.0112419
0.0133697
0.0156121
0.0179834
0.020497
0.0231655
0.0260002
0.0290112
0.0322073
0.0355957
0.0391818
0.0429694
0.0469601
0.0511535
0.0555471
0.0601361
0.064913
0.0698684
0.0749898
0.0802628
0.08567
0.0911918
0.0968063
0.102489
0.108214
0.113953
0.119676
0.125351
0.130946
0.136428
0.141762
0.146914
0.15185
0.156536
0.160941
0.165032
0.16878
0.172157
0.175138
0.177701
0.179826
0.181495
0.182698
0.183423
0.183665
0.183423
0.182698
0.181495
0.179826
0.177701
0.175138
0.172157
0.16878
0.165032
0.160941
0.156536
0.15185
0.146914
0.141762
0.136428
0.130946
0.125351
0.119676
0.113953
0.108214
0.102489
0.0968063
0.0911918
0.08567
0.0802628
0.0749898
0.0698684
0.064913
0.0601361
0.0555471
0.0511535
0.0469601
0.0429694
0.0391818
0.0355957
0.0322073
0.0290112
0.0260002
0.0231655
0.020497
0.0179834
0.0156121
0.0133697
0.0112419
0.00921352
0.00726896
0.00539204
0.00356618
0.00177452
0
0
0.00178627
0.0035898
0.00542776
0.00731711
0.00927454
0.0113163
0.0134583
0.0157155
0.0181025
0.0206327
0.0233189
0.0261724
0.0292034
0.0324207
0.0358315
0.0394414
0.043254
0.0472711
0.0514923
0.055915
0.0605344
0.065343
0.0703311
0.0754865
0.0807944
0.0862374
0.0917958
0.0974475
0.103168
0.108931
0.114708
0.120469
0.126182
0.131814
0.137332
0.142701
0.147887
0.152856
0.157573
0.162007
0.166125
0.169898
0.173297
0.176298
0.178878
0.181017
0.182698
0.183908
0.184638
0.184882
0.184638
0.183908
0.182698
0.181017
0.178878
0.176298
0.173297
0.169898
0.166125
0.162007
0.157573
0.152856
0.147887
0.142701
0.137332
0.131814
0.126182
0.120469
0.114708
0.108931
0.103168
0.0974475
0.0917958
0.0862374
0.0807944
0.0754865
0.0703311
0.065343
0.0605344
0.055915
0.0514923
0.0472711
0.043254
0.0394414
0.0358315
0.0324207
0.0292034
0.0261724
0.0233189
0.0206327
0.0181025
0.0157155
0.0134583
0.0113163
0.00927454
0.00731711
0.00542776
0.0035898
0.00178627
0
0
0.00179336
0.00360405
0.0054493
0.00734615
0.00931135
0.0113612
0.0135117
0.0157779
0.0181743
0.0207146
0.0234114
0.0262762
0.0293193
0.0325493
0.0359737
0.0395979
0.0434257
0.0474587
0.0516967
0.056137
0.0607746
0.0656023
0.0706103
0.0757861
0.0811151
0.0865797
0.0921602
0.0978343
0.103578
0.109363
0.115163
0.120947
0.126682
0.132337
0.137877
0.143267
0.148474
0.153462
0.158199
0.16265
0.166784
0.170572
0.173985
0.176998
0.179588
0.181735
0.183423
0.184638
0.18537
0.185615
0.18537
0.184638
0.183423
0.181735
0.179588
0.176998
0.173985
0.170572
0.166784
0.16265
0.158199
0.153462
0.148474
0.143267
0.137877
0.132337
0.126682
0.120947
0.115163
0.109363
0.103578
0.0978343
0.0921602
0.0865797
0.0811151
0.0757861
0.0706103
0.0656023
0.0607746
0.056137
0.0516967
0.0474587
0.0434257
0.0395979
0.0359737
0.0325493
0.0293193
0.0262762
0.0234114
0.0207146
0.0181743
0.0157779
0.0135117
0.0113612
0.00931135
0.00734615
0.0054493
0.00360405
0.00179336
0
0
0.00179573
0.00360881
0.0054565
0.00735586
0.00932365
0.0113763
0.0135295
0.0157987
0.0181983
0.020742
0.0234424
0.026311
0.029358
0.0325923
0.0360212
0.0396502
0.043483
0.0475214
0.051765
0.0562111
0.0608549
0.065689
0.0707036
0.0758863
0.0812222
0.0866941
0.0922819
0.0979635
0.103714
0.109508
0.115315
0.121107
0.12685
0.132512
0.138059
0.143456
0.14867
0.153665
0.158408
0.162865
0.167005
0.170797
0.174215
0.177232
0.179825
0.181975
0.183665
0.184882
0.185615
0.185861
0.185615
0.184882
0.183665
0.181975
0.179825
0.177232
0.174215
0.170797
0.167005
0.162865
0.158408
0.153665
0.14867
0.143456
0.138059
0.132512
0.12685
0.121107
0.115315
0.109508
0.103714
0.0979635
0.0922819
0.0866941
0.0812222
0.0758863
0.0707036
0.065689
0.0608549
0.0562111
0.051765
0.0475214
0.043483
0.0396502
0.0360212
0.0325923
0.029358
0.026311
0.0234424
0.020742
0.0181983
0.0157987
0.0135295
0.0113763
0.00932365
0.00735586
0.0054565
0.00360881
0.00179573
0
0
0.00179336
0.00360405
0.0054493
0.00734615
0.00931135
0.0113612
0.0135117
0.0157779
0.0181743
0.0207146
0.0234114
0.0262762
0.0293193
0.0325493
0.0359737
0.0395979
0.0434257
0.0474587
0.0516967
0.056137
0.0607746
0.0656023
0.0706103
0.0757861
0.0811151
0.0865797
0.0921602
0.0978343
0.103578
0.109363
0.115163
0.120947
0.126682
0.132337
0.137877
0.143267
0.148474
0.153462
0.158199
0.16265
0.166784
0.170572
0.173985
0.176998
0.179588
0.181735
0.183423
0.184638
0.18537
0.185615
0.18537
0.184638
0.183423
0.181735
0.179588
0.176998
0.173985
0.170572
0.166784
0.16265
0.158199
0.153462
0.148474
0.143267
0.137877
0.132337
0.126682
0.120947
0.115163
0.109363
0.103578
0.0978343
0.0921602
0.0865797
0.0811151
0.0757861
0.0706103
0.0656023
0.0607746
0.056137
0.0516967
0.0474587
0.0434257
0.0395979
0.0359737
0.0325493
0.0293193
0.0262762
0.0234114
0.0207146
0.0181743
0.0157779
0.0135117
0.0113612
0.00931135
0.00734615
0.0054493
0.00360405
0.00179336
0
0
0.00178627
0.0035898
0.00542776
0.00731711
0.00927454
0.0113163
0.0134583
0.0157155
0.0181025
0.0206327
0.0233189
0.0261724
0.0292034
0.0324207
0.0358315
0.0394414
0.043254
0.0472711
0.0514923
0.055915
0.0605344
0.065343
0.0703311
0.0754865
0.0807944
0.0862374
0.0917958
0.0974475
0.103168
0.108931
0.114708
0.120469
0.126182
0.131814
0.137332
0.142701
0.147887
0.152856
0.157573
0.162007
0.166125
0.169898
0.173297
0.176298
0.178878
0.181017
0.182698
0.183908
0.184638
0.184882
0.184638
0.183908
0.182698
0.181017
0.178878
0.176298
0.173297
0.169898
0.166125
0.162007
0.157573
0.152856
0.147887
0.142701
0.137332
0.131814
0.126182
0.120469
0.114708
0.108931
0.103168
0.0974475
0.0917958
0.0862374
0.0807944
0.0754865
0.0703311
0.065343
0.0605344
0.055915
0.0514923
0.0472711
0.043254
0.0394414
0.0358315
0.0324207
0.0292034
0.0261724
0.0233189
0.0206327
0.0181025
0.0157155
0.0134583
0.0113163
0.00927454
0.00731711
0.00542776
0.0035898
0.00178627
0
0
0.00177452
0.00356618
0.00539204
0.00726896
0.00921352
0.0112419
0.0133697
0.0156121
0.0179834
0.020497
0.0231655
0.0260002
0.0290112
0.0322073
0.0355957
0.0391818
0.0429694
0.0469601
0.0511535
0.0555471
0.0601361
0.064913
0.0698684
0.0749898
0.0802628
0.08567
0.0911918
0.0968063
0.102489
0.108214
0.113953
0.119676
0.125351
0.130946
0.136428
0.141762
0.146914
0.15185
0.156536
0.160941
0.165032
0.16878
0.172157
0.175138
0.177701
0.179826
0.181495
0.182698
0.183423
0.183665
0.183423
0.182698
0.181495
0.179826
0.177701
0.175138
0.172157
0.16878
0.165032
0.160941
0.156536
0.15185
0.146914
0.141762
0.136428
0.130946
0.125351
0.119676
0.113953
0.108214
0.102489
0.0968063
0.0911918
0.08567
0.0802628
0.0749898
0.0698684
0.064913
0.0601361
0.0555471
0.0511535
0.0469601
0.0429694
0.0391818
0.0355957
0.0322073
0.0290112
0.0260002
0.0231655
0.020497
0.0179834
0.0156121
0.0133697
0.0112419
0.00921352
0.00726896
0.00539204
0.00356618
0.00177452
0
0
0.00175819
0.00353337
0.00534243
0.00720209
0.00912875
0.0111384
0.0132467
0.0154685
0.0178179
0.0203084
0.0229523
0.0257609
0.0287443
0.031911
0.0352682
0.0388214
0.0425741
0.046528
0.0506829
0.0550361
0.0595828
0.0643158
0.0692256
0.0742999
0.0795243
0.0848818
0.0903528
0.0959157
0.101546
0.107219
0.112905
0.118575
0.124198
0.129742
0.135173
0.140457
0.145562
0.150453
0.155096
0.15946
0.163514
0.167227
0.170573
0.173527
0.176066
0.178171
0.179826
0.181017
0.181735
0.181975
0.181735
0.181017
0.179826
0.178171
0.176066
0.173527
0.170573
0.167227
0.163514
0.15946
0.155096
0.150453
0.145562
0.140457
0.135173
0.129742
0.124198
0.118575
0.112905
0.107219
0.101546
0.0959157
0.0903528
0.0848818
0.0795243
0.0742999
0.0692256
0.0643158
0.0595828
0.0550361
0.0506829
0.046528
0.0425741
0.0388214
0.0352682
0.031911
0.0287443
0.0257609
0.0229523
0.0203084
0.0178179
0.0154685
0.0132467
0.0111384
0.00912875
0.00720209
0.00534243
0.00353337
0.00175819
0
0
0.00173742
0.00349163
0.00527932
0.007117
0.0090209
0.0110069
0.0130902
0.0152857
0.0176074
0.0200685
0.0226812
0.0254566
0.0284047
0.031534
0.0348516
0.0383627
0.0420711
0.0459783
0.0500841
0.0543859
0.0588789
0.063556
0.0684077
0.0734221
0.0785848
0.083879
0.0892854
0.0947825
0.100347
0.105952
0.111571
0.117174
0.122731
0.128209
0.133576
0.138798
0.143842
0.148675
0.153264
0.157576
0.161582
0.165251
0.168558
0.171477
0.173986
0.176066
0.177701
0.178878
0.179588
0.179825
0.179588
0.178878
0.177701
0.176066
0.173986
0.171477
0.168558
0.165251
0.161582
0.157576
0.153264
0.148675
0.143842
0.138798
0.133576
0.128209
0.122731
0.117174
0.111571
0.105952
0.100347
0.0947825
0.0892854
0.083879
0.0785848
0.0734221
0.0684077
0.063556
0.0588789
0.0543859
0.0500841
0.0459783
0.0420711
0.0383627
0.0348516
0.031534
0.0284047
0.0254566
0.0226812
0.0200685
0.0176074
0.0152857
0.0130902
0.0110069
0.0090209
0.007117
0.00527932
0.00349163
0.00173742
0
0
0.00171236
0.00344127
0.00520318
0.00701437
0.00889081
0.0108481
0.0129014
0.0150653
0.0173535
0.0197791
0.0223541
0.0250895
0.0279951
0.0310793
0.034349
0.0378095
0.0414644
0.0453153
0.0493618
0.0536016
0.0580298
0.0626394
0.0674212
0.0723633
0.0774515
0.0826693
0.0879978
0.0934156
0.0988995
0.104424
0.109962
0.115484
0.120961
0.12636
0.131649
0.136796
0.141768
0.146531
0.151054
0.155304
0.159252
0.162868
0.166127
0.169004
0.171477
0.173527
0.175138
0.176298
0.176998
0.177232
0.176998
0.176298
0.175138
0.173527
0.171477
0.169004
0.166127
0.162868
0.159252
0.155304
0.151054
0.146531
0.141768
0.136796
0.131649
0.12636
0.120961
0.115484
0.109962
0.104424
0.0988995
0.0934156
0.0879978
0.0826693
0.0774515
0.0723633
0.0674212
0.0626394
0.0580298
0.0536016
0.0493618
0.0453153
0.0414644
0.0378095
0.034349
0.0310793
0.0279951
0.0250895
0.0223541
0.0197791
0.0173535
0.0150653
0.0129014
0.0108481
0.00889081
0.00701437
0.00520318
0.00344127
0.00171236
0
0
0.00168321
0.00338269
0.00511461
0.00689496
0.00873946
0.0106635
0.0126818
0.0148088
0.0170581
0.0194424
0.0219735
0.0246624
0.0275185
0.0305502
0.0337643
0.0371659
0.0407585
0.0445439
0.0485216
0.0526891
0.0570419
0.0615731
0.0662735
0.0711315
0.0761331
0.0812621
0.0864998
0.0918255
0.097216
0.102647
0.10809
0.113518
0.118902
0.124209
0.129408
0.134468
0.139355
0.144037
0.148482
0.15266
0.156541
0.160096
0.163299
0.166127
0.168558
0.170573
0.172157
0.173297
0.173985
0.174215
0.173985
0.173297
0.172157
0.170573
0.168558
0.166127
0.163299
0.160096
0.156541
0.15266
0.148482
0.144037
0.139355
0.134468
0.129408
0.124209
0.118902
0.113518
0.10809
0.102647
0.097216
0.0918255
0.0864998
0.0812621
0.0761331
0.0711315
0.0662735
0.0615731
0.0570419
0.0526891
0.0485216
0.0445439
0.0407585
0.0371659
0.0337643
0.0305502
0.0275185
0.0246624
0.0219735
0.0194424
0.0170581
0.0148088
0.0126818
0.0106635
0.00873946
0.00689496
0.00511461
0.00338269
0.00168321
0
0
0.00165019
0.00331633
0.00501428
0.0067597
0.00856802
0.0104543
0.012433
0.0145183
0.0167234
0.019061
0.0215425
0.0241786
0.0269787
0.0299509
0.0331019
0.0364368
0.039959
0.0436701
0.0475697
0.0516555
0.0559229
0.0603652
0.0649734
0.0697361
0.0746396
0.0796679
0.0848029
0.0900241
0.0953089
0.100633
0.10597
0.111292
0.116569
0.121772
0.12687
0.13183
0.136621
0.141211
0.145569
0.149665
0.15347
0.156955
0.160096
0.162868
0.165251
0.167227
0.16878
0.169898
0.170572
0.170797
0.170572
0.169898
0.16878
0.167227
0.165251
0.162868
0.160096
0.156955
0.15347
0.149665
0.145569
0.141211
0.136621
0.13183
0.12687
0.121772
0.116569
0.111292
0.10597
0.100633
0.0953089
0.0900241
0.0848029
0.0796679
0.0746396
0.0697361
0.0649734
0.0603652
0.0559229
0.0516555
0.0475697
0.0436701
0.039959
0.0364368
0.0331019
0.0299509
0.0269787
0.0241786
0.0215425
0.019061
0.0167234
0.0145183
0.012433
0.0104543
0.00856802
0.0067597
0.00501428
0.00331633
0.00165019
0
0
0.00161355
0.00324269
0.00490293
0.00660959
0.00837775
0.0102221
0.0121569
0.0141959
0.0163521
0.0186377
0.0210641
0.0236417
0.0263796
0.0292858
0.0323668
0.0356276
0.0390716
0.0427003
0.0465133
0.0505084
0.0546811
0.0590248
0.0635306
0.0681875
0.0729821
0.0778988
0.0829198
0.088025
0.0931924
0.0983982
0.103616
0.10882
0.113981
0.119068
0.124052
0.128902
0.133587
0.138075
0.142337
0.146342
0.150062
0.15347
0.156541
0.159252
0.161582
0.163514
0.165032
0.166125
0.166784
0.167005
0.166784
0.166125
0.165032
0.163514
0.161582
0.159252
0.156541
0.15347
0.150062
0.146342
0.142337
0.138075
0.133587
0.128902
0.124052
0.119068
0.113981
0.10882
0.103616
0.0983982
0.0931924
0.088025
0.0829198
0.0778988
0.0729821
0.0681875
0.0635306
0.0590248
0.0546811
0.0505084
0.0465133
0.0427003
0.0390716
0.0356276
0.0323668
0.0292858
0.0263796
0.0236417
0.0210641
0.0186377
0.0163521
0.0141959
0.0121569
0.0102221
0.00837775
0.00660959
0.00490293
0.00324269
0.00161355
0
0
0.00157355
0.00316231
0.00478139
0.00644575
0.00817007
0.00996872
0.0118556
0.013844
0.0159467
0.0181757
0.0205419
0.0230556
0.0257257
0.0285598
0.0315645
0.0347444
0.0381031
0.0416418
0.0453603
0.0492563
0.0533256
0.0575616
0.0619557
0.0664971
0.0711729
0.0759677
0.0808642
0.0858429
0.0908822
0.0959589
0.101048
0.106123
0.111155
0.116117
0.120977
0.125707
0.130276
0.134653
0.138808
0.142714
0.146342
0.149665
0.15266
0.155304
0.157576
0.15946
0.160941
0.162007
0.16265
0.162865
0.16265
0.162007
0.160941
0.15946
0.157576
0.155304
0.15266
0.149665
0.146342
0.142714
0.138808
0.134653
0.130276
0.125707
0.120977
0.116117
0.111155
0.106123
0.101048
0.0959589
0.0908822
0.0858429
0.0808642
0.0759677
0.0711729
0.0664971
0.0619557
0.0575616
0.0533256
0.0492563
0.0453603
0.0416418
0.0381031
0.0347444
0.0315645
0.0285598
0.0257257
0.0230556
0.0205419
0.0181757
0.0159467
0.013844
0.0118556
0.00996872
0.00817007
0.00644575
0.00478139
0.00316231
0.00157355
0
0
0.00153049
0.00307576
0.00465053
0.00626934
0.00794648
0.0096959
0.0115311
0.0134651
0.0155103
0.0176783
0.0199798
0.0224246
0.0250216
0.0277782
0.0307006
0.0337936
0.0370603
0.0405022
0.0441189
0.0479083
0.0518662
0.0559863
0.0602601
0.0646773
0.0692251
0.0738887
0.0786512
0.0834936
0.0883951
0.0933328
0.0982825
0.103218
0.108113
0.112939
0.117666
0.122267
0.12671
0.130968
0.13501
0.138808
0.142337
0.145569
0.148482
0.151054
0.153264
0.155096
0.156536
0.157573
0.158199
0.158408
0.158199
0.157573
0.156536
0.155096
0.153264
0.151054
0.148482
0.145569
0.142337
0.138808
0.13501
0.130968
0.12671
0.122267
0.117666
0.112939
0.108113
0.103218
0.0982825
0.0933328
0.0883951
0.0834936
0.0786512
0.0738887
0.0692251
0.0646773
0.0602601
0.0559863
0.0518662
0.0479083
0.0441189
0.0405022
0.0370603
0.0337936
0.0307006
0.0277782
0.0250216
0.0224246
0.0199798
0.0176783
0.0155103
0.0134651
0.0115311
0.0096959
0.00794648
0.00626934
0.00465053
0.00307576
0.00153049
0
0
0.00148466
0.00298368
0.0045113
0.00608165
0.00770857
0.00940562
0.0111859
0.013062
0.0150459
0.017149
0.0193816
0.0217533
0.0242725
0.0269466
0.0297815
0.0327818
0.0359507
0.0392896
0.042798
0.046474
0.0503134
0.0543101
0.058456
0.0627409
0.0671526
0.0716766
0.0762965
0.0809939
0.0857486
0.0905385
0.09534
0.100128
0.104876
0.109557
0.114144
0.118606
0.122917
0.127046
0.130968
0.134653
0.138075
0.141211
0.144037
0.146531
0.148675
0.150453
0.15185
0.152856
0.153462
0.153665
0.153462
0.152856
0.15185
0.150453
0.148675
0.146531
0.144037
0.141211
0.138075
0.134653
0.130968
0.127046
0.122917
0.118606
0.114144
0.109557
0.104876
0.100128
0.09534
0.0905385
0.0857486
0.0809939
0.0762965
0.0716766
0.0671526
0.0627409
0.058456
0.0543101
0.0503134
0.046474
0.042798
0.0392896
0.0359507
0.0327818
0.0297815
0.0269466
0.0242725
0.0217533
0.0193816
0.017149
0.0150459
0.013062
0.0111859
0.00940562
0.00770857
0.00608165
0.0045113
0.00298368
0.00148466
0
0
0.0014364
0.00288669
0.00436466
0.00588395
0.007458
0.00909988
0.0108223
0.0126374
0.0145569
0.0165915
0.0187516
0.0210462
0.0234835
0.0260706
0.0288134
0.0317162
0.0347821
0.0380124
0.0414068
0.0449633
0.0486779
0.0525447
0.0565558
0.0607015
0.0649697
0.0693466
0.0738164
0.0783611
0.0829612
0.0875954
0.0922409
0.0968732
0.101467
0.105996
0.110433
0.114751
0.118921
0.122917
0.12671
0.130276
0.133587
0.136621
0.139355
0.141768
0.143842
0.145562
0.146914
0.147887
0.148474
0.14867
0.148474
0.147887
0.146914
0.145562
0.143842
0.141768
0.139355
0.136621
0.133587
0.130276
0.12671
0.122917
0.118921
0.114751
0.110433
0.105996
0.101467
0.0968732
0.0922409
0.0875954
0.0829612
0.0783611
0.0738164
0.0693466
0.0649697
0.0607015
0.0565558
0.0525447
0.0486779
0.0449633
0.0414068
0.0380124
0.0347821
0.0317162
0.0288134
0.0260706
0.0234835
0.0210462
0.0187516
0.0165915
0.0145569
0.0126374
0.0108223
0.00909988
0.007458
0.00588395
0.00436466
0.00288669
0.0014364
0
0
0.00138603
0.00278546
0.0042116
0.00567762
0.00719646
0.00878076
0.0104428
0.0121942
0.0140464
0.0160097
0.018094
0.0203081
0.02266
0.0251564
0.027803
0.030604
0.0335624
0.0366794
0.0399548
0.0433865
0.0469708
0.050702
0.0545725
0.0585728
0.0626913
0.0669148
0.0712278
0.0756131
0.0800519
0.0845236
0.0890061
0.0934761
0.0979089
0.102279
0.106561
0.110727
0.114751
0.118606
0.122267
0.125707
0.128902
0.13183
0.134468
0.136796
0.138798
0.140457
0.141762
0.142701
0.143267
0.143456
0.143267
0.142701
0.141762
0.140457
0.138798
0.136796
0.134468
0.13183
0.128902
0.125707
0.122267
0.118606
0.114751
0.110727
0.106561
0.102279
0.0979089
0.0934761
0.0890061
0.0845236
0.0800519
0.0756131
0.0712278
0.0669148
0.0626913
0.0585728
0.0545725
0.050702
0.0469708
0.0433865
0.0399548
0.0366794
0.0335624
0.030604
0.027803
0.0251564
0.02266
0.0203081
0.018094
0.0160097
0.0140464
0.0121942
0.0104428
0.00878076
0.00719646
0.00567762
0.0042116
0.00278546
0.00138603
0
0
0.00133388
0.00268065
0.00405313
0.00546399
0.00692569
0.00845038
0.0100499
0.0117354
0.0135179
0.0154073
0.0174132
0.019544
0.0218074
0.0242099
0.0267569
0.0294525
0.0322996
0.0352993
0.0384515
0.0417541
0.0452035
0.0487943
0.0525192
0.0563689
0.0603325
0.0643971
0.0685478
0.0727681
0.0770399
0.0813434
0.0856572
0.089959
0.094225
0.0984308
0.102551
0.106561
0.110433
0.114144
0.117666
0.120977
0.124052
0.12687
0.129408
0.131649
0.133576
0.135173
0.136428
0.137332
0.137877
0.138059
0.137877
0.137332
0.136428
0.135173
0.133576
0.131649
0.129408
0.12687
0.124052
0.120977
0.117666
0.114144
0.110433
0.106561
0.102551
0.0984308
0.094225
0.089959
0.0856572
0.0813434
0.0770399
0.0727681
0.0685478
0.0643971
0.0603325
0.0563689
0.0525192
0.0487943
0.0452035
0.0417541
0.0384515
0.0352993
0.0322996
0.0294525
0.0267569
0.0242099
0.0218074
0.019544
0.0174132
0.0154073
0.0135179
0.0117354
0.0100499
0.00845038
0.00692569
0.00546399
0.00405313
0.00268065
0.00133388
0
0
0.00128029
0.00257295
0.00389028
0.00524446
0.00664742
0.00811085
0.00964606
0.0112639
0.0129747
0.0147883
0.0167135
0.0187587
0.0209312
0.0232371
0.0256818
0.0282691
0.0310018
0.033881
0.0369065
0.0400765
0.0433873
0.0468338
0.050409
0.0541041
0.0579085
0.0618097
0.0657936
0.0698444
0.0739446
0.0780751
0.0822156
0.0863446
0.0904392
0.094476
0.0984308
0.102279
0.105996
0.109557
0.112939
0.116117
0.119068
0.121772
0.124209
0.12636
0.128209
0.129742
0.130946
0.131814
0.132337
0.132512
0.132337
0.131814
0.130946
0.129742
0.128209
0.12636
0.124209
0.121772
0.119068
0.116117
0.112939
0.109557
0.105996
0.102279
0.0984308
0.094476
0.0904392
0.0863446
0.0822156
0.0780751
0.0739446
0.0698444
0.0657936
0.0618097
0.0579085
0.0541041
0.050409
0.0468338
0.0433873
0.0400765
0.0369065
0.033881
0.0310018
0.0282691
0.0256818
0.0232371
0.0209312
0.0187587
0.0167135
0.0147883
0.0129747
0.0112639
0.00964606
0.00811085
0.00664742
0.00524446
0.00389028
0.00257295
0.00128029
0
0
0.00122558
0.00246301
0.00372406
0.00502037
0.00636339
0.00776429
0.0092339
0.0107826
0.0124204
0.0141564
0.0159994
0.0179572
0.0200368
0.0222443
0.0245845
0.0270613
0.0296772
0.0324333
0.0353296
0.0383641
0.0415334
0.0448327
0.0482551
0.0517923
0.0554341
0.0591686
0.0629824
0.0668601
0.070785
0.0747391
0.0787027
0.0826552
0.0865749
0.0904392
0.094225
0.0979089
0.101467
0.104876
0.108113
0.111155
0.113981
0.116569
0.118902
0.120961
0.122731
0.124198
0.125351
0.126182
0.126682
0.12685
0.126682
0.126182
0.125351
0.124198
0.122731
0.120961
0.118902
0.116569
0.113981
0.111155
0.108113
0.104876
0.101467
0.0979089
0.094225
0.0904392
0.0865749
0.0826552
0.0787027
0.0747391
0.070785
0.0668601
0.0629824
0.0591686
0.0554341
0.0517923
0.0482551
0.0448327
0.0415334
0.0383641
0.0353296
0.0324333
0.0296772
0.0270613
0.0245845
0.0222443
0.0200368
0.0179572
0.0159994
0.0141564
0.0124204
0.0107826
0.0092339
0.00776429
0.00636339
0.00502037
0.00372406
0.00246301
0.00122558
0
0
0.0011701
0.0023515
0.00355545
0.00479307
0.00607529
0.00741276
0.00881584
0.0102944
0.011858
0.0135155
0.015275
0.0171442
0.0191297
0.0212371
0.0234714
0.0258361
0.0283335
0.0309649
0.03373
0.0366271
0.039653
0.0428029
0.0460704
0.0494474
0.0529244
0.0564898
0.0601308
0.063833
0.0675803
0.0713553
0.0751395
0.078913
0.0826552
0.0863446
0.089959
0.0934761
0.0968732
0.100128
0.103218
0.106123
0.10882
0.111292
0.113518
0.115484
0.117174
0.118575
0.119676
0.120469
0.120947
0.121107
0.120947
0.120469
0.119676
0.118575
0.117174
0.115484
0.113518
0.111292
0.10882
0.106123
0.103218
0.100128
0.0968732
0.0934761
0.089959
0.0863446
0.0826552
0.078913
0.0751395
0.0713553
0.0675803
0.063833
0.0601308
0.0564898
0.0529244
0.0494474
0.0460704
0.0428029
0.039653
0.0366271
0.03373
0.0309649
0.0283335
0.0258361
0.0234714
0.0212371
0.0191297
0.0171442
0.015275
0.0135155
0.011858
0.0102944
0.00881584
0.00741276
0.00607529
0.00479307
0.00355545
0.0023515
0.0011701
0
0
0.00111414
0.00223905
0.00338543
0.00456387
0.00578477
0.00705829
0.00839427
0.00980217
0.011291
0.0128692
0.0145446
0.0163244
0.0182149
0.0202216
0.022349
0.0246006
0.0269786
0.0294842
0.0321171
0.0348757
0.0377569
0.0407561
0.0438674
0.0470829
0.0503936
0.0537885
0.0572554
0.0607806
0.0643486
0.0679432
0.0715464
0.0751395
0.0787027
0.0822156
0.0856572
0.0890061
0.0922409
0.09534
0.0982825
0.101048
0.103616
0.10597
0.10809
0.109962
0.111571
0.112905
0.113953
0.114708
0.115163
0.115315
0.115163
0.114708
0.113953
0.112905
0.111571
0.109962
0.10809
0.10597
0.103616
0.101048
0.0982825
0.09534
0.0922409
0.0890061
0.0856572
0.0822156
0.0787027
0.0751395
0.0715464
0.0679432
0.0643486
0.0607806
0.0572554
0.0537885
0.0503936
0.0470829
0.0438674
0.0407561
0.0377569
0.0348757
0.0321171
0.0294842
0.0269786
0.0246006
0.022349
0.0202216
0.0182149
0.0163244
0.0145446
0.0128692
0.011291
0.00980217
0.00839427
0.00705829
0.00578477
0.00456387
0.00338543
0.00223905
0.00111414
0
0
0.00105803
0.00212629
0.00321494
0.00433403
0.00549344
0.00670282
0.00797152
0.00930851
0.0107223
0.0122211
0.0138121
0.0155023
0.0172976
0.0192032
0.0212235
0.0233617
0.0256199
0.0279993
0.0304996
0.0331193
0.0358554
0.0387036
0.0416581
0.0447117
0.0478557
0.0510796
0.054372
0.0577195
0.0611079
0.0645214
0.0679432
0.0713553
0.0747391
0.0780751
0.0813434
0.0845236
0.0875954
0.0905385
0.0933328
0.0959589
0.0983982
0.100633
0.102647
0.104424
0.105952
0.107219
0.108214
0.108931
0.109363
0.109508
0.109363
0.108931
0.108214
0.107219
0.105952
0.104424
0.102647
0.100633
0.0983982
0.0959589
0.0933328
0.0905385
0.0875954
0.0845236
0.0813434
0.0780751
0.0747391
0.0713553
0.0679432
0.0645214
0.0611079
0.0577195
0.054372
0.0510796
0.0478557
0.0447117
0.0416581
0.0387036
0.0358554
0.0331193
0.0304996
0.0279993
0.0256199
0.0233617
0.0212235
0.0192032
0.0172976
0.0155023
0.0138121
0.0122211
0.0107223
0.00930851
0.00797152
0.00670282
0.00549344
0.00433403
0.00321494
0.00212629
0.00105803
0
0
0.00100206
0.0020138
0.00304485
0.00410474
0.00520281
0.00634821
0.00754979
0.00881605
0.0101551
0.0115745
0.0130814
0.0146821
0.0163824
0.0181873
0.0201007
0.0221257
0.0242645
0.026518
0.028886
0.0313671
0.0339584
0.036656
0.0394542
0.0423463
0.0453239
0.0483773
0.0514954
0.0546659
0.057875
0.0611079
0.0643486
0.0675803
0.070785
0.0739446
0.0770399
0.0800519
0.0829612
0.0857486
0.0883951
0.0908822
0.0931924
0.0953089
0.097216
0.0988995
0.100347
0.101546
0.102489
0.103168
0.103578
0.103714
0.103578
0.103168
0.102489
0.101546
0.100347
0.0988995
0.097216
0.0953089
0.0931924
0.0908822
0.0883951
0.0857486
0.0829612
0.0800519
0.0770399
0.0739446
0.070785
0.0675803
0.0643486
0.0611079
0.057875
0.0546659
0.0514954
0.0483773
0.0453239
0.0423463
0.0394542
0.036656
0.0339584
0.0313671
0.028886
0.026518
0.0242645
0.0221257
0.0201007
0.0181873
0.0163824
0.0146821
0.0130814
0.0115745
0.0101551
0.00881605
0.00754979
0.00634821
0.00520281
0.00410474
0.00304485
0.0020138
0.00100206
0
0
0.000946494
0.00190213
0.00287602
0.00387713
0.00491432
0.00599621
0.00713116
0.00832721
0.00959199
0.0109327
0.012356
0.013868
0.015474
0.0171788
0.0189861
0.0208989
0.0229191
0.0250476
0.0272843
0.0296278
0.0320755
0.0346234
0.0372665
0.0399982
0.0428107
0.0456948
0.04864
0.0516347
0.0546659
0.0577195
0.0607806
0.063833
0.0668601
0.0698444
0.0727681
0.0756131
0.0783611
0.0809939
0.0834936
0.0858429
0.088025
0.0900241
0.0918255
0.0934156
0.0947825
0.0959157
0.0968063
0.0974475
0.0978343
0.0979635
0.0978343
0.0974475
0.0968063
0.0959157
0.0947825
0.0934156
0.0918255
0.0900241
0.088025
0.0858429
0.0834936
0.0809939
0.0783611
0.0756131
0.0727681
0.0698444
0.0668601
0.063833
0.0607806
0.0577195
0.0546659
0.0516347
0.04864
0.0456948
0.0428107
0.0399982
0.0372665
0.0346234
0.0320755
0.0296278
0.0272843
0.0250476
0.0229191
0.0208989
0.0189861
0.0171788
0.015474
0.013868
0.012356
0.0109327
0.00959199
0.00832721
0.00713116
0.00599621
0.00491432
0.00387713
0.00287602
0.00190213
0.000946494
0
0
0.0008916
0.00179182
0.00270922
0.00365227
0.0046293
0.00564845
0.00671757
0.00784425
0.00903568
0.0102986
0.0116394
0.0130637
0.0145766
0.0161825
0.017885
0.0196868
0.0215898
0.0235949
0.0257019
0.0279095
0.0302152
0.0326154
0.0351051
0.0376784
0.0403278
0.0430446
0.045819
0.04864
0.0514954
0.054372
0.0572554
0.0601308
0.0629824
0.0657936
0.0685478
0.0712278
0.0738164
0.0762965
0.0786512
0.0808642
0.0829198
0.0848029
0.0864998
0.0879978
0.0892854
0.0903528
0.0911918
0.0917958
0.0921602
0.0922819
0.0921602
0.0917958
0.0911918
0.0903528
0.0892854
0.0879978
0.0864998
0.0848029
0.0829198
0.0808642
0.0786512
0.0762965
0.0738164
0.0712278
0.0685478
0.0657936
0.0629824
0.0601308
0.0572554
0.054372
0.0514954
0.04864
0.045819
0.0430446
0.0403278
0.0376784
0.0351051
0.0326154
0.0302152
0.0279095
0.0257019
0.0235949
0.0215898
0.0196868
0.017885
0.0161825
0.0145766
0.0130637
0.0116394
0.0102986
0.00903568
0.00784425
0.00671757
0.00564845
0.0046293
0.00365227
0.00270922
0.00179182
0.0008916
0
0
0.000837612
0.00168332
0.00254517
0.00343112
0.00434899
0.00530642
0.00631081
0.00736927
0.00848856
0.00967504
0.0109346
0.0122727
0.013694
0.0152026
0.016802
0.0184947
0.0202825
0.0221662
0.0241456
0.0262195
0.0283856
0.0306404
0.0329795
0.0353969
0.0378859
0.0404382
0.0430446
0.0456948
0.0483773
0.0510796
0.0537885
0.0564898
0.0591686
0.0618097
0.0643971
0.0669148
0.0693466
0.0716766
0.0738887
0.0759677
0.0778988
0.0796679
0.0812621
0.0826693
0.083879
0.0848818
0.08567
0.0862374
0.0865797
0.0866941
0.0865797
0.0862374
0.08567
0.0848818
0.083879
0.0826693
0.0812621
0.0796679
0.0778988
0.0759677
0.0738887
0.0716766
0.0693466
0.0669148
0.0643971
0.0618097
0.0591686
0.0564898
0.0537885
0.0510796
0.0483773
0.0456948
0.0430446
0.0404382
0.0378859
0.0353969
0.0329795
0.0306404
0.0283856
0.0262195
0.0241456
0.0221662
0.0202825
0.0184947
0.016802
0.0152026
0.013694
0.0122727
0.0109346
0.00967504
0.00848856
0.00736927
0.00631081
0.00530642
0.00434899
0.00343112
0.00254517
0.00168332
0.000837612
0
0
0.000784745
0.00157707
0.00238452
0.00321456
0.0040745
0.0049715
0.00591249
0.00690414
0.00795279
0.00906439
0.0102445
0.0114981
0.0128296
0.0142431
0.0157415
0.0173274
0.0190024
0.0207672
0.0226216
0.0245646
0.026594
0.0287065
0.0308979
0.0331628
0.0354946
0.0378859
0.0403278
0.0428107
0.0453239
0.0478557
0.0503936
0.0529244
0.0554341
0.0579085
0.0603325
0.0626913
0.0649697
0.0671526
0.0692251
0.0711729
0.0729821
0.0746396
0.0761331
0.0774515
0.0785848
0.0795243
0.0802628
0.0807944
0.0811151
0.0812222
0.0811151
0.0807944
0.0802628
0.0795243
0.0785848
0.0774515
0.0761331
0.0746396
0.0729821
0.0711729
0.0692251
0.0671526
0.0649697
0.0626913
0.0603325
0.0579085
0.0554341
0.0529244
0.0503936
0.0478557
0.0453239
0.0428107
0.0403278
0.0378859
0.0354946
0.0331628
0.0308979
0.0287065
0.026594
0.0245646
0.0226216
0.0207672
0.0190024
0.0173274
0.0157415
0.0142431
0.0128296
0.0114981
0.0102445
0.00906439
0.00795279
0.00690414
0.00591249
0.0049715
0.0040745
0.00321456
0.00238452
0.00157707
0.000784745
0
0
0.00073319
0.00147347
0.00222787
0.00300337
0.00380682
0.00464489
0.00552407
0.00645057
0.00743032
0.00846889
0.00957145
0.0107427
0.0119868
0.0133074
0.0147074
0.0161891
0.017754
0.0194028
0.0211355
0.0229508
0.0248469
0.0268206
0.028868
0.0309841
0.0331628
0.0353969
0.0376784
0.0399982
0.0423463
0.0447117
0.0470829
0.0494474
0.0517923
0.0541041
0.0563689
0.0585728
0.0607015
0.0627409
0.0646773
0.0664971
0.0681875
0.0697361
0.0711315
0.0723633
0.0734221
0.0742999
0.0749898
0.0754865
0.0757861
0.0758863
0.0757861
0.0754865
0.0749898
0.0742999
0.0734221
0.0723633
0.0711315
0.0697361
0.0681875
0.0664971
0.0646773
0.0627409
0.0607015
0.0585728
0.0563689
0.0541041
0.0517923
0.0494474
0.0470829
0.0447117
0.0423463
0.0399982
0.0376784
0.0353969
0.0331628
0.0309841
0.028868
0.0268206
0.0248469
0.0229508
0.0211355
0.0194028
0.017754
0.0161891
0.0147074
0.0133074
0.0119868
0.0107427
0.00957145
0.00846889
0.00743032
0.00645057
0.00552407
0.00464489
0.00380682
0.00300337
0.00222787
0.00147347
0.00073319
0
0
0.000683117
0.00137283
0.00207572
0.00279826
0.00354683
0.00432767
0.0051468
0.00601002
0.00692286
0.00789051
0.00891776
0.010009
0.0111681
0.0123985
0.0137029
0.0150834
0.0165415
0.0180777
0.019692
0.0213834
0.0231499
0.0249889
0.0268965
0.028868
0.0308979
0.0329795
0.0351051
0.0372665
0.0394542
0.0416581
0.0438674
0.0460704
0.0482551
0.050409
0.0525192
0.0545725
0.0565558
0.058456
0.0602601
0.0619557
0.0635306
0.0649734
0.0662735
0.0674212
0.0684077
0.0692256
0.0698684
0.0703311
0.0706103
0.0707036
0.0706103
0.0703311
0.0698684
0.0692256
0.0684077
0.0674212
0.0662735
0.0649734
0.0635306
0.0619557
0.0602601
0.058456
0.0565558
0.0545725
0.0525192
0.050409
0.0482551
0.0460704
0.0438674
0.0416581
0.0394542
0.0372665
0.0351051
0.0329795
0.0308979
0.028868
0.0268965
0.0249889
0.0231499
0.0213834
0.019692
0.0180777
0.0165415
0.0150834
0.0137029
0.0123985
0.0111681
0.010009
0.00891776
0.00789051
0.00692286
0.00601002
0.0051468
0.00432767
0.00354683
0.00279826
0.00207572
0.00137283
0.000683117
0
0
0.000634667
0.00127547
0.0019285
0.00259979
0.00329528
0.00402073
0.00478177
0.00558377
0.00643187
0.00733088
0.00828528
0.00929913
0.0103761
0.0115192
0.012731
0.0140136
0.0153683
0.0167956
0.0182954
0.0198668
0.0215081
0.0232166
0.0249889
0.0268206
0.0287065
0.0306404
0.0326154
0.0346234
0.036656
0.0387036
0.0407561
0.0428029
0.0448327
0.0468338
0.0487943
0.050702
0.0525447
0.0543101
0.0559863
0.0575616
0.0590248
0.0603652
0.0615731
0.0626394
0.063556
0.0643158
0.064913
0.065343
0.0656023
0.065689
0.0656023
0.065343
0.064913
0.0643158
0.063556
0.0626394
0.0615731
0.0603652
0.0590248
0.0575616
0.0559863
0.0543101
0.0525447
0.050702
0.0487943
0.0468338
0.0448327
0.0428029
0.0407561
0.0387036
0.036656
0.0346234
0.0326154
0.0306404
0.0287065
0.0268206
0.0249889
0.0232166
0.0215081
0.0198668
0.0182954
0.0167956
0.0153683
0.0140136
0.012731
0.0115192
0.0103761
0.00929913
0.00828528
0.00733088
0.00643187
0.00558377
0.00478177
0.00402073
0.00329528
0.00259979
0.0019285
0.00127547
0.000634667
0
0
0.000587962
0.00118161
0.00178658
0.00240847
0.00305277
0.00372484
0.00442987
0.00517286
0.00595854
0.0067914
0.00767556
0.0086148
0.00961247
0.0106715
0.0117942
0.0129824
0.0142373
0.0155596
0.016949
0.0184048
0.0199253
0.0215081
0.0231499
0.0248469
0.026594
0.0283856
0.0302152
0.0320755
0.0339584
0.0358554
0.0377569
0.039653
0.0415334
0.0433873
0.0452035
0.0469708
0.0486779
0.0503134
0.0518662
0.0533256
0.0546811
0.0559229
0.0570419
0.0580298
0.0588789
0.0595828
0.0601361
0.0605344
0.0607746
0.0608549
0.0607746
0.0605344
0.0601361
0.0595828
0.0588789
0.0580298
0.0570419
0.0559229
0.0546811
0.0533256
0.0518662
0.0503134
0.0486779
0.0469708
0.0452035
0.0433873
0.0415334
0.039653
0.0377569
0.0358554
0.0339584
0.0320755
0.0302152
0.0283856
0.026594
0.0248469
0.0231499
0.0215081
0.0199253
0.0184048
0.016949
0.0155596
0.0142373
0.0129824
0.0117942
0.0106715
0.00961247
0.0086148
0.00767556
0.0067914
0.00595854
0.00517286
0.00442987
0.00372484
0.00305277
0.00240847
0.00178658
0.00118161
0.000587962
0
0
0.000543095
0.00109144
0.00165025
0.00222468
0.00281982
0.0034406
0.00409183
0.00477812
0.00550385
0.00627315
0.00708984
0.00795741
0.00887895
0.00985714
0.0108942
0.0119917
0.0131509
0.0143722
0.0156557
0.0170003
0.0184048
0.0198668
0.0213834
0.0229508
0.0245646
0.0262195
0.0279095
0.0296278
0.0313671
0.0331193
0.0348757
0.0366271
0.0383641
0.0400765
0.0417541
0.0433865
0.0449633
0.046474
0.0479083
0.0492563
0.0505084
0.0516555
0.0526891
0.0536016
0.0543859
0.0550361
0.0555471
0.055915
0.056137
0.0562111
0.056137
0.055915
0.0555471
0.0550361
0.0543859
0.0536016
0.0526891
0.0516555
0.0505084
0.0492563
0.0479083
0.046474
0.0449633
0.0433865
0.0417541
0.0400765
0.0383641
0.0366271
0.0348757
0.0331193
0.0313671
0.0296278
0.0279095
0.0262195
0.0245646
0.0229508
0.0213834
0.0198668
0.0184048
0.0170003
0.0156557
0.0143722
0.0131509
0.0119917
0.0108942
0.00985714
0.00887895
0.00795741
0.00708984
0.00627315
0.00550385
0.00477812
0.00409183
0.0034406
0.00281982
0.00222468
0.00165025
0.00109144
0.000543095
0
0
0.000500138
0.00100511
0.00151972
0.00204872
0.00259678
0.00316846
0.00376818
0.00440019
0.00506851
0.00577696
0.00652906
0.007328
0.00817665
0.00907746
0.0100325
0.0110432
0.0121107
0.0132354
0.0144173
0.0156557
0.016949
0.0182954
0.019692
0.0211355
0.0226216
0.0241456
0.0257019
0.0272843
0.028886
0.0304996
0.0321171
0.03373
0.0353296
0.0369065
0.0384515
0.0399548
0.0414068
0.042798
0.0441189
0.0453603
0.0465133
0.0475697
0.0485216
0.0493618
0.0500841
0.0506829
0.0511535
0.0514923
0.0516967
0.051765
0.0516967
0.0514923
0.0511535
0.0506829
0.0500841
0.0493618
0.0485216
0.0475697
0.0465133
0.0453603
0.0441189
0.042798
0.0414068
0.0399548
0.0384515
0.0369065
0.0353296
0.03373
0.0321171
0.0304996
0.028886
0.0272843
0.0257019
0.0241456
0.0226216
0.0211355
0.019692
0.0182954
0.016949
0.0156557
0.0144173
0.0132354
0.0121107
0.0110432
0.0100325
0.00907746
0.00817665
0.007328
0.00652906
0.00577696
0.00506851
0.00440019
0.00376818
0.00316846
0.00259678
0.00204872
0.00151972
0.00100511
0.000500138
0
0
0.000459138
0.000922712
0.00139514
0.00188077
0.0023839
0.00290872
0.00345928
0.00403947
0.00465301
0.00530338
0.00599382
0.00672727
0.00750635
0.00833332
0.00921002
0.0101379
0.0111179
0.0121504
0.0132354
0.0143722
0.0155596
0.0167956
0.0180777
0.0194028
0.0207672
0.0221662
0.0235949
0.0250476
0.026518
0.0279993
0.0294842
0.0309649
0.0324333
0.033881
0.0352993
0.0366794
0.0380124
0.0392896
0.0405022
0.0416418
0.0427003
0.0436701
0.0445439
0.0453153
0.0459783
0.046528
0.0469601
0.0472711
0.0474587
0.0475214
0.0474587
0.0472711
0.0469601
0.046528
0.0459783
0.0453153
0.0445439
0.0436701
0.0427003
0.0416418
0.0405022
0.0392896
0.0380124
0.0366794
0.0352993
0.033881
0.0324333
0.0309649
0.0294842
0.0279993
0.026518
0.0250476
0.0235949
0.0221662
0.0207672
0.0194028
0.0180777
0.0167956
0.0155596
0.0143722
0.0132354
0.0121504
0.0111179
0.0101379
0.00921002
0.00833332
0.00750635
0.00672727
0.00599382
0.00530338
0.00465301
0.00403947
0.00345928
0.00290872
0.0023839
0.00188077
0.00139514
0.000922712
0.000459138
0
0
0.00042012
0.0008443
0.00127658
0.00172094
0.00218132
0.00266154
0.00316531
0.00369619
0.0042576
0.0048527
0.00548447
0.00615559
0.00686846
0.00762515
0.00842735
0.00927638
0.0101731
0.0111179
0.0121107
0.0131509
0.0142373
0.0153683
0.0165415
0.017754
0.0190024
0.0202825
0.0215898
0.0229191
0.0242645
0.0256199
0.0269786
0.0283335
0.0296772
0.0310018
0.0322996
0.0335624
0.0347821
0.0359507
0.0370603
0.0381031
0.0390716
0.039959
0.0407585
0.0414644
0.0420711
0.0425741
0.0429694
0.043254
0.0434257
0.043483
0.0434257
0.043254
0.0429694
0.0425741
0.0420711
0.0414644
0.0407585
0.039959
0.0390716
0.0381031
0.0370603
0.0359507
0.0347821
0.0335624
0.0322996
0.0310018
0.0296772
0.0283335
0.0269786
0.0256199
0.0242645
0.0229191
0.0215898
0.0202825
0.0190024
0.017754
0.0165415
0.0153683
0.0142373
0.0131509
0.0121107
0.0111179
0.0101731
0.00927638
0.00842735
0.00762515
0.00686846
0.00615559
0.00548447
0.0048527
0.0042576
0.00369619
0.00316531
0.00266154
0.00218132
0.00172094
0.00127658
0.0008443
0.00042012
0
0
0.000383089
0.000769879
0.00116405
0.00156925
0.00198905
0.00242693
0.0028863
0.00337039
0.00388231
0.00442496
0.00500104
0.005613
0.00626304
0.00695303
0.00768452
0.00845871
0.00927638
0.0101379
0.0110432
0.0119917
0.0129824
0.0140136
0.0150834
0.0161891
0.0173274
0.0184947
0.0196868
0.0208989
0.0221257
0.0233617
0.0246006
0.0258361
0.0270613
0.0282691
0.0294525
0.030604
0.0317162
0.0327818
0.0337936
0.0347444
0.0356276
0.0364368
0.0371659
0.0378095
0.0383627
0.0388214
0.0391818
0.0394414
0.0395979
0.0396502
0.0395979
0.0394414
0.0391818
0.0388214
0.0383627
0.0378095
0.0371659
0.0364368
0.0356276
0.0347444
0.0337936
0.0327818
0.0317162
0.030604
0.0294525
0.0282691
0.0270613
0.0258361
0.0246006
0.0233617
0.0221257
0.0208989
0.0196868
0.0184947
0.0173274
0.0161891
0.0150834
0.0140136
0.0129824
0.0119917
0.0110432
0.0101379
0.00927638
0.00845871
0.00768452
0.00695303
0.00626304
0.005613
0.00500104
0.00442496
0.00388231
0.00337039
0.0028863
0.00242693
0.00198905
0.00156925
0.00116405
0.000769879
0.000383089
0
0
0.000348026
0.000699416
0.00105751
0.00142562
0.001807
0.00220481
0.00262213
0.00306192
0.00352698
0.00401996
0.00454332
0.00509927
0.00568981
0.00631665
0.0069812
0.00768452
0.00842735
0.00921002
0.0100325
0.0108942
0.0117942
0.012731
0.0137029
0.0147074
0.0157415
0.016802
0.017885
0.0189861
0.0201007
0.0212235
0.022349
0.0234714
0.0245845
0.0256818
0.0267569
0.027803
0.0288134
0.0297815
0.0307006
0.0315645
0.0323668
0.0331019
0.0337643
0.034349
0.0348516
0.0352682
0.0355957
0.0358315
0.0359737
0.0360212
0.0359737
0.0358315
0.0355957
0.0352682
0.0348516
0.034349
0.0337643
0.0331019
0.0323668
0.0315645
0.0307006
0.0297815
0.0288134
0.027803
0.0267569
0.0256818
0.0245845
0.0234714
0.022349
0.0212235
0.0201007
0.0189861
0.017885
0.016802
0.0157415
0.0147074
0.0137029
0.012731
0.0117942
0.0108942
0.0100325
0.00921002
0.00842735
0.00768452
0.0069812
0.00631665
0.00568981
0.00509927
0.00454332
0.00401996
0.00352698
0.00306192
0.00262213
0.00220481
0.001807
0.00142562
0.00105751
0.000699416
0.000348026
0
0
0.000314897
0.000632838
0.000956847
0.00128992
0.00163499
0.00199493
0.00237253
0.00277045
0.00319124
0.0036373
0.00411083
0.00461387
0.00514819
0.00571536
0.00631665
0.00695303
0.00762515
0.00833332
0.00907746
0.00985714
0.0106715
0.0115192
0.0123985
0.0133074
0.0142431
0.0152026
0.0161825
0.0171788
0.0181873
0.0192032
0.0202216
0.0212371
0.0222443
0.0232371
0.0242099
0.0251564
0.0260706
0.0269466
0.0277782
0.0285598
0.0292858
0.0299509
0.0305502
0.0310793
0.031534
0.031911
0.0322073
0.0324207
0.0325493
0.0325923
0.0325493
0.0324207
0.0322073
0.031911
0.031534
0.0310793
0.0305502
0.0299509
0.0292858
0.0285598
0.0277782
0.0269466
0.0260706
0.0251564
0.0242099
0.0232371
0.0222443
0.0212371
0.0202216
0.0192032
0.0181873
0.0171788
0.0161825
0.0152026
0.0142431
0.0133074
0.0123985
0.0115192
0.0106715
0.00985714
0.00907746
0.00833332
0.00762515
0.00695303
0.00631665
0.00571536
0.00514819
0.00461387
0.00411083
0.0036373
0.00319124
0.00277045
0.00237253
0.00199493
0.00163499
0.00128992
0.000956847
0.000632838
0.000314897
0
0
0.000283648
0.000570037
0.000861893
0.00116191
0.00147274
0.00179696
0.00213709
0.00249552
0.00287456
0.00327635
0.00370289
0.00415601
0.00463731
0.00514819
0.00568981
0.00626304
0.00686846
0.00750635
0.00817665
0.00887895
0.00961247
0.0103761
0.0111681
0.0119868
0.0128296
0.013694
0.0145766
0.015474
0.0163824
0.0172976
0.0182149
0.0191297
0.0200368
0.0209312
0.0218074
0.02266
0.0234835
0.0242725
0.0250216
0.0257257
0.0263796
0.0269787
0.0275185
0.0279951
0.0284047
0.0287443
0.0290112
0.0292034
0.0293193
0.029358
0.0293193
0.0292034
0.0290112
0.0287443
0.0284047
0.0279951
0.0275185
0.0269787
0.0263796
0.0257257
0.0250216
0.0242725
0.0234835
0.02266
0.0218074
0.0209312
0.0200368
0.0191297
0.0182149
0.0172976
0.0163824
0.015474
0.0145766
0.013694
0.0128296
0.0119868
0.0111681
0.0103761
0.00961247
0.00887895
0.00817665
0.00750635
0.00686846
0.00626304
0.00568981
0.00514819
0.00463731
0.00415601
0.00370289
0.00327635
0.00287456
0.00249552
0.00213709
0.00179696
0.00147274
0.00116191
0.000861893
0.000570037
0.000283648
0
0
0.000254209
0.000510874
0.000772438
0.00104132
0.00131988
0.00161046
0.00191528
0.00223651
0.00257621
0.0029363
0.00331857
0.00372466
0.00415601
0.00461387
0.00509927
0.005613
0.00615559
0.00672727
0.007328
0.00795741
0.0086148
0.00929913
0.010009
0.0107427
0.0114981
0.0122727
0.0130637
0.013868
0.0146821
0.0155023
0.0163244
0.0171442
0.0179572
0.0187587
0.019544
0.0203081
0.0210462
0.0217533
0.0224246
0.0230556
0.0236417
0.0241786
0.0246624
0.0250895
0.0254566
0.0257609
0.0260002
0.0261724
0.0262762
0.026311
0.0262762
0.0261724
0.0260002
0.0257609
0.0254566
0.0250895
0.0246624
0.0241786
0.0236417
0.0230556
0.0224246
0.0217533
0.0210462
0.0203081
0.019544
0.0187587
0.0179572
0.0171442
0.0163244
0.0155023
0.0146821
0.013868
0.0130637
0.0122727
0.0114981
0.0107427
0.010009
0.00929913
0.0086148
0.00795741
0.007328
0.00672727
0.00615559
0.005613
0.00509927
0.00461387
0.00415601
0.00372466
0.00331857
0.0029363
0.00257621
0.00223651
0.00191528
0.00161046
0.00131988
0.00104132
0.000772438
0.000510874
0.000254209
0
0
0.000226493
0.000455175
0.000688222
0.000927786
0.00117598
0.00143487
0.00170646
0.00199267
0.00229533
0.00261616
0.00295676
0.00331857
0.00370289
0.00411083
0.00454332
0.00500104
0.00548447
0.00599382
0.00652906
0.00708984
0.00767556
0.00828528
0.00891776
0.00957145
0.0102445
0.0109346
0.0116394
0.012356
0.0130814
0.0138121
0.0145446
0.015275
0.0159994
0.0167135
0.0174132
0.018094
0.0187516
0.0193816
0.0199798
0.0205419
0.0210641
0.0215425
0.0219735
0.0223541
0.0226812
0.0229523
0.0231655
0.0233189
0.0234114
0.0234424
0.0234114
0.0233189
0.0231655
0.0229523
0.0226812
0.0223541
0.0219735
0.0215425
0.0210641
0.0205419
0.0199798
0.0193816
0.0187516
0.018094
0.0174132
0.0167135
0.0159994
0.015275
0.0145446
0.0138121
0.0130814
0.012356
0.0116394
0.0109346
0.0102445
0.00957145
0.00891776
0.00828528
0.00767556
0.00708984
0.00652906
0.00599382
0.00548447
0.00500104
0.00454332
0.00411083
0.00370289
0.00331857
0.00295676
0.00261616
0.00229533
0.00199267
0.00170646
0.00143487
0.00117598
0.000927786
0.000688222
0.000455175
0.000226493
0
0
0.000200403
0.000402742
0.000608944
0.000820912
0.00104052
0.00126959
0.00150989
0.00176313
0.00203093
0.0023148
0.00261616
0.0029363
0.00327635
0.0036373
0.00401996
0.00442496
0.0048527
0.00530338
0.00577696
0.00627315
0.0067914
0.00733088
0.00789051
0.00846889
0.00906439
0.00967504
0.0102986
0.0109327
0.0115745
0.0122211
0.0128692
0.0135155
0.0141564
0.0147883
0.0154073
0.0160097
0.0165915
0.017149
0.0176783
0.0181757
0.0186377
0.019061
0.0194424
0.0197791
0.0200685
0.0203084
0.020497
0.0206327
0.0207146
0.020742
0.0207146
0.0206327
0.020497
0.0203084
0.0200685
0.0197791
0.0194424
0.019061
0.0186377
0.0181757
0.0176783
0.017149
0.0165915
0.0160097
0.0154073
0.0147883
0.0141564
0.0135155
0.0128692
0.0122211
0.0115745
0.0109327
0.0102986
0.00967504
0.00906439
0.00846889
0.00789051
0.00733088
0.0067914
0.00627315
0.00577696
0.00530338
0.0048527
0.00442496
0.00401996
0.0036373
0.00327635
0.0029363
0.00261616
0.0023148
0.00203093
0.00176313
0.00150989
0.00126959
0.00104052
0.000820912
0.000608944
0.000402742
0.000200403
0
0
0.000175827
0.000353353
0.000534267
0.000720241
0.000912916
0.00111389
0.00132473
0.00154691
0.00178187
0.00203093
0.00229533
0.00257621
0.00287456
0.00319124
0.00352698
0.00388231
0.0042576
0.00465301
0.00506851
0.00550385
0.00595854
0.00643187
0.00692286
0.00743032
0.00795279
0.00848856
0.00903568
0.00959199
0.0101551
0.0107223
0.011291
0.011858
0.0124204
0.0129747
0.0135179
0.0140464
0.0145569
0.0150459
0.0155103
0.0159467
0.0163521
0.0167234
0.0170581
0.0173535
0.0176074
0.0178179
0.0179834
0.0181025
0.0181743
0.0181983
0.0181743
0.0181025
0.0179834
0.0178179
0.0176074
0.0173535
0.0170581
0.0167234
0.0163521
0.0159467
0.0155103
0.0150459
0.0145569
0.0140464
0.0135179
0.0129747
0.0124204
0.011858
0.011291
0.0107223
0.0101551
0.00959199
0.00903568
0.00848856
0.00795279
0.00743032
0.00692286
0.00643187
0.00595854
0.00550385
0.00506851
0.00465301
0.0042576
0.00388231
0.00352698
0.00319124
0.00287456
0.00257621
0.00229533
0.00203093
0.00178187
0.00154691
0.00132473
0.00111389
0.000912916
0.000720241
0.000534267
0.000353353
0.000175827
0
0
0.000152643
0.00030676
0.000463819
0.000625271
0.00079254
0.000967017
0.00115005
0.00134294
0.00154691
0.00176313
0.00199267
0.00223651
0.00249552
0.00277045
0.00306192
0.00337039
0.00369619
0.00403947
0.00440019
0.00477812
0.00517286
0.00558377
0.00601002
0.00645057
0.00690414
0.00736927
0.00784425
0.00832721
0.00881605
0.00930851
0.00980217
0.0102944
0.0107826
0.0112639
0.0117354
0.0121942
0.0126374
0.013062
0.0134651
0.013844
0.0141959
0.0145183
0.0148088
0.0150653
0.0152857
0.0154685
0.0156121
0.0157155
0.0157779
0.0157987
0.0157779
0.0157155
0.0156121
0.0154685
0.0152857
0.0150653
0.0148088
0.0145183
0.0141959
0.013844
0.0134651
0.013062
0.0126374
0.0121942
0.0117354
0.0112639
0.0107826
0.0102944
0.00980217
0.00930851
0.00881605
0.00832721
0.00784425
0.00736927
0.00690414
0.00645057
0.00601002
0.00558377
0.00517286
0.00477812
0.00440019
0.00403947
0.00369619
0.00337039
0.00306192
0.00277045
0.00249552
0.00223651
0.00199267
0.00176313
0.00154691
0.00134294
0.00115005
0.000967017
0.00079254
0.000625271
0.000463819
0.00030676
0.000152643
0
0
0.000130718
0.0002627
0.0003972
0.000535462
0.000678706
0.000828124
0.000984869
0.00115005
0.00132473
0.00150989
0.00170646
0.00191528
0.00213709
0.00237253
0.00262213
0.0028863
0.00316531
0.00345928
0.00376818
0.00409183
0.00442987
0.00478177
0.0051468
0.00552407
0.00591249
0.00631081
0.00671757
0.00713116
0.00754979
0.00797152
0.00839427
0.00881584
0.0092339
0.00964606
0.0100499
0.0104428
0.0108223
0.0111859
0.0115311
0.0118556
0.0121569
0.012433
0.0126818
0.0129014
0.0130902
0.0132467
0.0133697
0.0134583
0.0135117
0.0135295
0.0135117
0.0134583
0.0133697
0.0132467
0.0130902
0.0129014
0.0126818
0.012433
0.0121569
0.0118556
0.0115311
0.0111859
0.0108223
0.0104428
0.0100499
0.00964606
0.0092339
0.00881584
0.00839427
0.00797152
0.00754979
0.00713116
0.00671757
0.00631081
0.00591249
0.00552407
0.0051468
0.00478177
0.00442987
0.00409183
0.00376818
0.00345928
0.00316531
0.0028863
0.00262213
0.00237253
0.00213709
0.00191528
0.00170646
0.00150989
0.00132473
0.00115005
0.000984869
0.000828124
0.000678706
0.000535462
0.0003972
0.0002627
0.000130718
0
0
0.000109914
0.00022089
0.000333985
0.000450242
0.000570688
0.000696325
0.000828124
0.000967017
0.00111389
0.00126959
0.00143487
0.00161046
0.00179696
0.00199493
0.00220481
0.00242693
0.00266154
0.00290872
0.00316846
0.0034406
0.00372484
0.00402073
0.00432767
0.00464489
0.0049715
0.00530642
0.00564845
0.00599621
0.00634821
0.00670282
0.00705829
0.00741276
0.00776429
0.00811085
0.00845038
0.00878076
0.00909988
0.00940562
0.0096959
0.00996872
0.0102221
0.0104543
0.0106635
0.0108481
0.0110069
0.0111384
0.0112419
0.0113163
0.0113612
0.0113763
0.0113612
0.0113163
0.0112419
0.0111384
0.0110069
0.0108481
0.0106635
0.0104543
0.0102221
0.00996872
0.0096959
0.00940562
0.00909988
0.00878076
0.00845038
0.00811085
0.00776429
0.00741276
0.00705829
0.00670282
0.00634821
0.00599621
0.00564845
0.00530642
0.0049715
0.00464489
0.00432767
0.00402073
0.00372484
0.0034406
0.00316846
0.00290872
0.00266154
0.00242693
0.00220481
0.00199493
0.00179696
0.00161046
0.00143487
0.00126959
0.00111389
0.000967017
0.000828124
0.000696325
0.000570688
0.000450242
0.000333985
0.00022089
0.000109914
0
0
9.00824e-05
0.000181035
0.000273724
0.000369005
0.000467719
0.000570688
0.000678706
0.00079254
0.000912916
0.00104052
0.00117598
0.00131988
0.00147274
0.00163499
0.001807
0.00198905
0.00218132
0.0023839
0.00259678
0.00281982
0.00305277
0.00329528
0.00354683
0.00380682
0.0040745
0.00434899
0.0046293
0.00491432
0.00520281
0.00549344
0.00578477
0.00607529
0.00636339
0.00664742
0.00692569
0.00719646
0.007458
0.00770857
0.00794648
0.00817007
0.00837775
0.00856802
0.00873946
0.00889081
0.0090209
0.00912875
0.00921352
0.00927454
0.00931135
0.00932365
0.00931135
0.00927454
0.00921352
0.00912875
0.0090209
0.00889081
0.00873946
0.00856802
0.00837775
0.00817007
0.00794648
0.00770857
0.007458
0.00719646
0.00692569
0.00664742
0.00636339
0.00607529
0.00578477
0.00549344
0.00520281
0.00491432
0.0046293
0.00434899
0.0040745
0.00380682
0.00354683
0.00329528
0.00305277
0.00281982
0.00259678
0.0023839
0.00218132
0.00198905
0.001807
0.00163499
0.00147274
0.00131988
0.00117598
0.00104052
0.000912916
0.00079254
0.000678706
0.000570688
0.000467719
0.000369005
0.000273724
0.000181035
9.00824e-05
0
0
7.10701e-05
0.000142827
0.000215953
0.000291125
0.000369005
0.000450242
0.000535462
0.000625271
0.000720241
0.000820912
0.000927786
0.00104132
0.00116191
0.00128992
0.00142562
0.00156925
0.00172094
0.00188077
0.00204872
0.00222468
0.00240847
0.00259979
0.00279826
0.00300337
0.00321456
0.00343112
0.00365227
0.00387713
0.00410474
0.00433403
0.00456387
0.00479307
0.00502037
0.00524446
0.00546399
0.00567762
0.00588395
0.00608165
0.00626934
0.00644575
0.00660959
0.0067597
0.00689496
0.00701437
0.007117
0.00720209
0.00726896
0.00731711
0.00734615
0.00735586
0.00734615
0.00731711
0.00726896
0.00720209
0.007117
0.00701437
0.00689496
0.0067597
0.00660959
0.00644575
0.00626934
0.00608165
0.00588395
0.00567762
0.00546399
0.00524446
0.00502037
0.00479307
0.00456387
0.00433403
0.00410474
0.00387713
0.00365227
0.00343112
0.00321456
0.00300337
0.00279826
0.00259979
0.00240847
0.00222468
0.00204872
0.00188077
0.00172094
0.00156925
0.00142562
0.00128992
0.00116191
0.00104132
0.000927786
0.000820912
0.000720241
0.000625271
0.000535462
0.000450242
0.000369005
0.000291125
0.000215953
0.000142827
7.10701e-05
0
0
5.27191e-05
0.000105948
0.000160192
0.000215953
0.000273724
0.000333985
0.0003972
0.000463819
0.000534267
0.000608944
0.000688222
0.000772438
0.000861893
0.000956847
0.00105751
0.00116405
0.00127658
0.00139514
0.00151972
0.00165025
0.00178658
0.0019285
0.00207572
0.00222787
0.00238452
0.00254517
0.00270922
0.00287602
0.00304485
0.00321494
0.00338543
0.00355545
0.00372406
0.00389028
0.00405313
0.0042116
0.00436466
0.0045113
0.00465053
0.00478139
0.00490293
0.00501428
0.00511461
0.00520318
0.00527932
0.00534243
0.00539204
0.00542776
0.0054493
0.0054565
0.0054493
0.00542776
0.00539204
0.00534243
0.00527932
0.00520318
0.00511461
0.00501428
0.00490293
0.00478139
0.00465053
0.0045113
0.00436466
0.0042116
0.00405313
0.00389028
0.00372406
0.00355545
0.00338543
0.00321494
0.00304485
0.00287602
0.00270922
0.00254517
0.00238452
0.00222787
0.00207572
0.0019285
0.00178658
0.00165025
0.00151972
0.00139514
0.00127658
0.00116405
0.00105751
0.000956847
0.000861893
0.000772438
0.000688222
0.000608944
0.000534267
0.000463819
0.0003972
0.000333985
0.000273724
0.000215953
0.000160192
0.000105948
5.27191e-05
0
0
3.48672e-05
7.00714e-05
0.000105948
0.000142827
0.000181035
0.00022089
0.0002627
0.00030676
0.000353353
0.000402742
0.000455175
0.000510874
0.000570037
0.000632838
0.000699416
0.000769879
0.0008443
0.000922712
0.00100511
0.00109144
0.00118161
0.00127547
0.00137283
0.00147347
0.00157707
0.00168332
0.00179182
0.00190213
0.0020138
0.00212629
0.00223905
0.0023515
0.00246301
0.00257295
0.00268065
0.00278546
0.00288669
0.00298368
0.00307576
0.00316231
0.00324269
0.00331633
0.00338269
0.00344127
0.00349163
0.00353337
0.00356618
0.0035898
0.00360405
0.00360881
0.00360405
0.0035898
0.00356618
0.00353337
0.00349163
0.00344127
0.00338269
0.00331633
0.00324269
0.00316231
0.00307576
0.00298368
0.00288669
0.00278546
0.00268065
0.00257295
0.00246301
0.0023515
0.00223905
0.00212629
0.0020138
0.00190213
0.00179182
0.00168332
0.00157707
0.00147347
0.00137283
0.00127547
0.00118161
0.00109144
0.00100511
0.000922712
0.0008443
0.000769879
0.000699416
0.000632838
0.000570037
0.000510874
0.000455175
0.000402742
0.000353353
0.00030676
0.0002627
0.00022089
0.000181035
0.000142827
0.000105948
7.00714e-05
3.48672e-05
0
0
1.73498e-05
3.48672e-05
5.27191e-05
7.10701e-05
9.00824e-05
0.000109914
0.000130718
0.000152643
0.000175827
0.000200403
0.000226493
0.000254209
0.000283648
0.000314897
0.000348026
0.000383089
0.00042012
0.000459138
0.000500138
0.000543095
0.000587962
0.000634667
0.000683117
0.00073319
0.000784745
0.000837612
0.0008916
0.000946494
0.00100206
0.00105803
0.00111414
0.0011701
0.00122558
0.00128029
0.00133388
0.00138603
0.0014364
0.00148466
0.00153049
0.00157355
0.00161355
0.00165019
0.00168321
0.00171236
0.00173742
0.00175819
0.00177452
0.00178627
0.00179336
0.00179573
0.00179336
0.00178627
0.00177452
0.00175819
0.00173742
0.00171236
0.00168321
0.00165019
0.00161355
0.00157355
0.00153049
0.00148466
0.0014364
0.00138603
0.00133388
0.00128029
0.00122558
0.0011701
0.00111414
0.00105803
0.00100206
0.000946494
0.0008916
0.000837612
0.000784745
0.00073319
0.000683117
0.000634667
0.000587962
0.000543095
0.000500138
0.000459138
0.00042012
0.000383089
0.000348026
0.000314897
0.000283648
0.000254209
0.000226493
0.000200403
0.000175827
0.000152643
0.000130718
0.000109914
9.00824e-05
7.10701e-05
5.27191e-05
3.48672e-05
1.73498e-05
0
0
0
0
0
0
0
0
0
0
0
0
0
0
0
0
0
0
0
0
0
0
0
0
0
0
0
0
0
0
0
0
0
0
0
0
0
0
0
0
0
0
0
0
0
0
0
0
0
0
0
0
0
0
0
0
0
0
0
0
0
0
0
0
0
0
0
0
0
0
0
0
0
0
0
0
0
0
0
0
0
0
0
0
0
0
0
0
0
0
0
0
0
0
0
0
0
0
0
0
0
0
