# vtk DataFile Version 3.0
Heat2D data at time 0.1
ASCII
DATASET STRUCTURED_POINTS
DIMENSIONS 101 101 1
ORIGIN 0 0 0
SPACING 0.01 0.01 1
POINT_DATA 10201
SCALARS temperature double
LOOKUP_TABLE default
0
0
0
0
0
0
0
0
0
0
0
0
0
0
0
0
0
0
0
0
0
0
0
0
0
0
0
0
0
0
0
0
0
0
0
0
0
0
0
0
0
0
0
0
0
0
0
0
0
0
0
0
0
0
0
0
0
0
0
0
0
0
0
0
0
0
0
0
0
0
0
0
0
0
0
0
0
0
0
0
0
0
0
0
0
0
0
0
0
0
0
0
0
0
0
0
0
0
0
0
0
0
1.30812e-06
2.65999e-06
4.09988e-06
5.67306e-06
7.42628e-06
9.40812e-06
1.16694e-05
1.42634e-05
1.72459e-05
2.06752e-05
2.46124e-05
2.91204e-05
3.4264e-05
4.0109e-05
4.67218e-05
5.41678e-05
6.25107e-05
7.18113e-05
8.21255e-05
9.35034e-05
0.000105987
0.000119609
0.00013439
0.000150339
0.00016745
0.000185699
0.000205046
0.000225433
0.000246781
0.000268992
0.000291948
0.000315511
0.000339525
0.000363815
0.000388192
0.000412453
0.000436382
0.000459757
0.00048235
0.000503932
0.000524278
0.000543167
0.00056039
0.000575751
0.000589072
0.000600196
0.000608992
0.000615352
0.000619199
0.000620487
0.000619199
0.000615352
0.000608992
0.000600196
0.000589072
0.000575751
0.00056039
0.000543167
0.000524278
0.000503932
0.00048235
0.000459757
0.000436382
0.000412453
0.000388192
0.000363815
0.000339525
0.000315511
0.000291948
0.000268992
0.000246781
0.000225433
0.000205046
0.000185699
0.00016745
0.000150339
0.00013439
0.000119609
0.000105987
9.35034e-05
8.21255e-05
7.18113e-05
6.25107e-05
5.41678e-05
4.67218e-05
4.0109e-05
3.4264e-05
2.91204e-05
2.46124e-05
2.06752e-05
1.72459e-05
1.42634e-05
1.16694e-05
9.40812e-06
7.42628e-06
5.67306e-06
4.09988e-06
2.65999e-06
1.30812e-06
0
0
2.65999e-06
5.40895e-06
8.33689e-06
1.15359e-05
1.51009e-05
1.91309e-05
2.37291e-05
2.90038e-05
3.50685e-05
4.2042e-05
5.00481e-05
5.92148e-05
6.9674e-05
8.15597e-05
9.50063e-05
0.000110147
0.000127112
0.000146024
0.000166998
0.000190134
0.000215519
0.000243218
0.000273276
0.000305707
0.000340501
0.000377609
0.000416951
0.000458406
0.000501816
0.000546981
0.000593661
0.000641575
0.000690406
0.000739799
0.000789369
0.000838701
0.00088736
0.000934891
0.000980833
0.00102472
0.00106609
0.0011045
0.00113952
0.00117076
0.00119785
0.00122047
0.00123835
0.00125129
0.00125911
0.00126173
0.00125911
0.00125129
0.00123835
0.00122047
0.00119785
0.00117076
0.00113952
0.0011045
0.00106609
0.00102472
0.000980833
0.000934891
0.00088736
0.000838701
0.000789369
0.000739799
0.000690406
0.000641575
0.000593661
0.000546981
0.000501816
0.000458406
0.000416951
0.000377609
0.000340501
0.000305707
0.000273276
0.000243218
0.000215519
0.000190134
0.000166998
0.000146024
0.000127112
0.000110147
9.50063e-05
8.15597e-05
6.9674e-05
5.92148e-05
5.00481e-05
4.2042e-05
3.50685e-05
2.90038e-05
2.37291e-05
1.91309e-05
1.51009e-05
1.15359e-05
8.33689e-06
5.40895e-06
2.65999e-06
0
0
4.09988e-06
8.33689e-06
1.28498e-05
1.77804e-05
2.32753e-05
2.94868e-05
3.65741e-05
4.4704e-05
5.40517e-05
6.48e-05
7.71398e-05
9.12687e-05
0.00010739
0.000125709
0.000146435
0.000169772
0.00019592
0.00022507
0.000257396
0.000293057
0.000332183
0.000374876
0.000421204
0.000471191
0.000524819
0.000582014
0.000642652
0.000706548
0.000773457
0.00084307
0.000915018
0.000988869
0.00106413
0.00114026
0.00121667
0.0012927
0.0013677
0.00144096
0.00151177
0.00157942
0.00164318
0.00170238
0.00175636
0.00180451
0.00184626
0.00188113
0.00190869
0.00192862
0.00194068
0.00194472
0.00194068
0.00192862
0.00190869
0.00188113
0.00184626
0.00180451
0.00175636
0.00170238
0.00164318
0.00157942
0.00151177
0.00144096
0.0013677
0.0012927
0.00121667
0.00114026
0.00106413
0.000988869
0.000915018
0.00084307
0.000773457
0.000706548
0.000642652
0.000582014
0.000524819
0.000471191
0.000421204
0.000374876
0.000332183
0.000293057
0.000257396
0.00022507
0.00019592
0.000169772
0.000146435
0.000125709
0.00010739
9.12687e-05
7.71398e-05
6.48e-05
5.40517e-05
4.4704e-05
3.65741e-05
2.94868e-05
2.32753e-05
1.77804e-05
1.28498e-05
8.33689e-06
4.09988e-06
0
0
5.67306e-06
1.15359e-05
1.77804e-05
2.4603e-05
3.22064e-05
4.08013e-05
5.0608e-05
6.18576e-05
7.4792e-05
8.96647e-05
0.000106739
0.00012629
0.000148597
0.000173945
0.000202624
0.000234915
0.000271097
0.000311432
0.000356163
0.000405507
0.000459646
0.000518721
0.000582826
0.000651994
0.000726199
0.000805341
0.000889247
0.000977661
0.00107024
0.00116657
0.00126612
0.00136831
0.00147246
0.0015778
0.00168352
0.00178873
0.00189251
0.00199388
0.00209186
0.00218546
0.0022737
0.00235561
0.00243031
0.00249692
0.00255469
0.00260294
0.00264108
0.00266867
0.00268535
0.00269094
0.00268535
0.00266867
0.00264108
0.00260294
0.00255469
0.00249692
0.00243031
0.00235561
0.0022737
0.00218546
0.00209186
0.00199388
0.00189251
0.00178873
0.00168352
0.0015778
0.00147246
0.00136831
0.00126612
0.00116657
0.00107024
0.000977661
0.000889247
0.000805341
0.000726199
0.000651994
0.000582826
0.000518721
0.000459646
0.000405507
0.000356163
0.000311432
0.000271097
0.000234915
0.000202624
0.000173945
0.000148597
0.00012629
0.000106739
8.96647e-05
7.4792e-05
6.18576e-05
5.0608e-05
4.08013e-05
3.22064e-05
2.4603e-05
1.77804e-05
1.15359e-05
5.67306e-06
0
0
7.42628e-06
1.51009e-05
2.32753e-05
3.22064e-05
4.21595e-05
5.34106e-05
6.6248e-05
8.09742e-05
9.79059e-05
0.000117375
0.000139726
0.000165319
0.000194519
0.000227702
0.000265243
0.000307514
0.000354878
0.000407677
0.000466232
0.000530825
0.000601696
0.000679028
0.000762943
0.000853488
0.000950624
0.00105423
0.00116406
0.0012798
0.00140099
0.00152709
0.00165741
0.00179118
0.00192751
0.0020654
0.0022038
0.00234152
0.00247737
0.00261007
0.00273833
0.00286086
0.00297636
0.0030836
0.00318137
0.00326858
0.0033442
0.00340736
0.00345729
0.00349339
0.00351524
0.00352255
0.00351524
0.00349339
0.00345729
0.00340736
0.0033442
0.00326858
0.00318137
0.0030836
0.00297636
0.00286086
0.00273833
0.00261007
0.00247737
0.00234152
0.0022038
0.0020654
0.00192751
0.00179118
0.00165741
0.00152709
0.00140099
0.0012798
0.00116406
0.00105423
0.000950624
0.000853488
0.000762943
0.000679028
0.000601696
0.000530825
0.000466232
0.000407677
0.000354878
0.000307514
0.000265243
0.000227702
0.000194519
0.000165319
0.000139726
0.000117375
9.79059e-05
8.09742e-05
6.6248e-05
5.34106e-05
4.21595e-05
3.22064e-05
2.32753e-05
1.51009e-05
7.42628e-06
0
0
9.40812e-06
1.91309e-05
2.94868e-05
4.08013e-05
5.34106e-05
6.76642e-05
8.39276e-05
0.000102584
0.000124034
0.000148699
0.000177015
0.000209437
0.00024643
0.000288468
0.000336028
0.00038958
0.000449584
0.000516474
0.000590655
0.000672486
0.00076227
0.00086024
0.000966549
0.00108126
0.00120432
0.00133557
0.00147471
0.00162134
0.00177487
0.00193462
0.00209972
0.00226919
0.0024419
0.0026166
0.00279192
0.0029664
0.0031385
0.00330662
0.00346911
0.00362433
0.00377066
0.00390651
0.00403038
0.00414086
0.00423667
0.00431668
0.00437993
0.00442567
0.00445334
0.00446261
0.00445334
0.00442567
0.00437993
0.00431668
0.00423667
0.00414086
0.00403038
0.00390651
0.00377066
0.00362433
0.00346911
0.00330662
0.0031385
0.0029664
0.00279192
0.0026166
0.0024419
0.00226919
0.00209972
0.00193462
0.00177487
0.00162134
0.00147471
0.00133557
0.00120432
0.00108126
0.000966549
0.00086024
0.00076227
0.000672486
0.000590655
0.000516474
0.000449584
0.00038958
0.000336028
0.000288468
0.00024643
0.000209437
0.000177015
0.000148699
0.000124034
0.000102584
8.39276e-05
6.76642e-05
5.34106e-05
4.08013e-05
2.94868e-05
1.91309e-05
9.40812e-06
0
0
1.16694e-05
2.37291e-05
3.65741e-05
5.0608e-05
6.6248e-05
8.39276e-05
0.0001041
0.00012724
0.000153846
0.000184439
0.000219561
0.000259776
0.000305661
0.000357803
0.000416794
0.000483218
0.000557643
0.000640611
0.000732622
0.000834121
0.000945485
0.001067
0.00119886
0.00134114
0.00149378
0.00165657
0.00182917
0.00201103
0.00220147
0.00239961
0.0026044
0.0028146
0.00302882
0.00324551
0.00346297
0.00367939
0.00389286
0.00410138
0.00430292
0.00449546
0.00467696
0.00484546
0.0049991
0.00513613
0.00525497
0.00535421
0.00543267
0.00548941
0.00552373
0.00553521
0.00552373
0.00548941
0.00543267
0.00535421
0.00525497
0.00513613
0.0049991
0.00484546
0.00467696
0.00449546
0.00430292
0.00410138
0.00389286
0.00367939
0.00346297
0.00324551
0.00302882
0.0028146
0.0026044
0.00239961
0.00220147
0.00201103
0.00182917
0.00165657
0.00149378
0.00134114
0.00119886
0.001067
0.000945485
0.000834121
0.000732622
0.000640611
0.000557643
0.000483218
0.000416794
0.000357803
0.000305661
0.000259776
0.000219561
0.000184439
0.000153846
0.00012724
0.0001041
8.39276e-05
6.6248e-05
5.0608e-05
3.65741e-05
2.37291e-05
1.16694e-05
0
0
1.42634e-05
2.90038e-05
4.4704e-05
6.18576e-05
8.09742e-05
0.000102584
0.00012724
0.000155524
0.000188044
0.000225437
0.000268367
0.000317521
0.000373606
0.000437339
0.000509442
0.000590631
0.0006816
0.000783011
0.000895475
0.00101954
0.00115565
0.00130418
0.00146536
0.00163926
0.00182583
0.00202481
0.00223577
0.00245806
0.00269083
0.00293302
0.00318332
0.00344025
0.00370209
0.00396695
0.00423275
0.00449728
0.00475819
0.00501306
0.00525941
0.00549474
0.00571659
0.00592255
0.00611034
0.00627783
0.00642309
0.00654439
0.00664029
0.00670963
0.00675159
0.00676563
0.00675159
0.00670963
0.00664029
0.00654439
0.00642309
0.00627783
0.00611034
0.00592255
0.00571659
0.00549474
0.00525941
0.00501306
0.00475819
0.00449728
0.00423275
0.00396695
0.00370209
0.00344025
0.00318332
0.00293302
0.00269083
0.00245806
0.00223577
0.00202481
0.00182583
0.00163926
0.00146536
0.00130418
0.00115565
0.00101954
0.000895475
0.000783011
0.0006816
0.000590631
0.000509442
0.000437339
0.000373606
0.000317521
0.000268367
0.000225437
0.000188044
0.000155524
0.00012724
0.000102584
8.09742e-05
6.18576e-05
4.4704e-05
2.90038e-05
1.42634e-05
0
0
1.72459e-05
3.50685e-05
5.40517e-05
7.4792e-05
9.79059e-05
0.000124034
0.000153846
0.000188044
0.000227364
0.000272576
0.000324483
0.000383915
0.000451727
0.000528786
0.000615967
0.000714132
0.000824123
0.000946739
0.00108272
0.00123272
0.0013973
0.00157689
0.00177176
0.00198203
0.00220761
0.0024482
0.00270327
0.00297204
0.00325349
0.00354631
0.00384896
0.00415961
0.0044762
0.00479644
0.00511782
0.00543766
0.00575313
0.0060613
0.00635916
0.0066437
0.00691193
0.00716096
0.00738802
0.00759053
0.00776615
0.00791282
0.00802877
0.00811262
0.00816334
0.00818032
0.00816334
0.00811262
0.00802877
0.00791282
0.00776615
0.00759053
0.00738802
0.00716096
0.00691193
0.0066437
0.00635916
0.0060613
0.00575313
0.00543766
0.00511782
0.00479644
0.0044762
0.00415961
0.00384896
0.00354631
0.00325349
0.00297204
0.00270327
0.0024482
0.00220761
0.00198203
0.00177176
0.00157689
0.0013973
0.00123272
0.00108272
0.000946739
0.000824123
0.000714132
0.000615967
0.000528786
0.000451727
0.000383915
0.000324483
0.000272576
0.000227364
0.000188044
0.000153846
0.000124034
9.79059e-05
7.4792e-05
5.40517e-05
3.50685e-05
1.72459e-05
0
0
2.06752e-05
4.2042e-05
6.48e-05
8.96647e-05
0.000117375
0.000148699
0.000184439
0.000225437
0.000272576
0.000326779
0.000389007
0.000460258
0.000541554
0.000633937
0.000738454
0.00085614
0.000988003
0.001135
0.00129802
0.00147785
0.00167516
0.00189046
0.00212408
0.00237617
0.0026466
0.00293503
0.00324082
0.00356304
0.00390046
0.00425151
0.00461433
0.00498676
0.0053663
0.00575022
0.00613551
0.00651895
0.00689716
0.00726661
0.0076237
0.00796482
0.00828639
0.00858494
0.00885715
0.00909993
0.00931048
0.00948631
0.00962532
0.00972584
0.00978665
0.009807
0.00978665
0.00972584
0.00962532
0.00948631
0.00931048
0.00909993
0.00885715
0.00858494
0.00828639
0.00796482
0.0076237
0.00726661
0.00689716
0.00651895
0.00613551
0.00575022
0.0053663
0.00498676
0.00461433
0.00425151
0.00390046
0.00356304
0.00324082
0.00293503
0.0026466
0.00237617
0.00212408
0.00189046
0.00167516
0.00147785
0.00129802
0.001135
0.000988003
0.00085614
0.000738454
0.000633937
0.000541554
0.000460258
0.000389007
0.000326779
0.000272576
0.000225437
0.000184439
0.000148699
0.000117375
8.96647e-05
6.48e-05
4.2042e-05
2.06752e-05
0
0
2.46124e-05
5.00481e-05
7.71398e-05
0.000106739
0.000139726
0.000177015
0.000219561
0.000268367
0.000324483
0.000389007
0.000463086
0.000547904
0.000644681
0.000754657
0.000879077
0.00101917
0.00117615
0.00135114
0.0015452
0.00175928
0.00199416
0.00225046
0.00252857
0.00282866
0.00315059
0.00349395
0.00385797
0.00424155
0.00464322
0.00506112
0.00549304
0.00593638
0.0063882
0.00684523
0.00730389
0.00776035
0.00821058
0.00865038
0.00907547
0.00948155
0.00986436
0.0102198
0.0105438
0.0108328
0.0110835
0.0112928
0.0114583
0.0115779
0.0116503
0.0116745
0.0116503
0.0115779
0.0114583
0.0112928
0.0110835
0.0108328
0.0105438
0.0102198
0.00986436
0.00948155
0.00907547
0.00865038
0.00821058
0.00776035
0.00730389
0.00684523
0.0063882
0.00593638
0.00549304
0.00506112
0.00464322
0.00424155
0.00385797
0.00349395
0.00315059
0.00282866
0.00252857
0.00225046
0.00199416
0.00175928
0.0015452
0.00135114
0.00117615
0.00101917
0.000879077
0.000754657
0.000644681
0.000547904
0.000463086
0.000389007
0.000324483
0.000268367
0.000219561
0.000177015
0.000139726
0.000106739
7.71398e-05
5.00481e-05
2.46124e-05
0
0
2.91204e-05
5.92148e-05
9.12687e-05
0.00012629
0.000165319
0.000209437
0.000259776
0.000317521
0.000383915
0.000460258
0.000547904
0.000648258
0.000762761
0.000892879
0.00104009
0.00120584
0.00139157
0.00159861
0.00182822
0.00208151
0.00235941
0.00266265
0.0029917
0.00334675
0.00372765
0.0041339
0.00456459
0.00501843
0.00549366
0.00598811
0.00649914
0.00702368
0.00755826
0.008099
0.00864167
0.00918173
0.00971442
0.0102348
0.0107377
0.0112182
0.0116711
0.0120916
0.012475
0.012817
0.0131135
0.0133612
0.0135569
0.0136985
0.0137842
0.0138128
0.0137842
0.0136985
0.0135569
0.0133612
0.0131135
0.012817
0.012475
0.0120916
0.0116711
0.0112182
0.0107377
0.0102348
0.00971442
0.00918173
0.00864167
0.008099
0.00755826
0.00702368
0.00649914
0.00598811
0.00549366
0.00501843
0.00456459
0.0041339
0.00372765
0.00334675
0.0029917
0.00266265
0.00235941
0.00208151
0.00182822
0.00159861
0.00139157
0.00120584
0.00104009
0.000892879
0.000762761
0.000648258
0.000547904
0.000460258
0.000383915
0.000317521
0.000259776
0.000209437
0.000165319
0.00012629
9.12687e-05
5.92148e-05
2.91204e-05
0
0
3.4264e-05
6.9674e-05
0.00010739
0.000148597
0.000194519
0.00024643
0.000305661
0.000373606
0.000451727
0.000541554
0.000644681
0.000762761
0.000897488
0.00105059
0.0012238
0.00141883
0.00163736
0.00188098
0.00215114
0.00244917
0.00277615
0.00313296
0.00352013
0.00393789
0.00438607
0.00486407
0.00537085
0.00590484
0.00646402
0.0070458
0.00764709
0.00826429
0.00889329
0.00952954
0.0101681
0.0108035
0.0114303
0.0120426
0.0126343
0.0131997
0.0137326
0.0142274
0.0146785
0.0150808
0.0154298
0.0157212
0.0159515
0.0161181
0.0162189
0.0162526
0.0162189
0.0161181
0.0159515
0.0157212
0.0154298
0.0150808
0.0146785
0.0142274
0.0137326
0.0131997
0.0126343
0.0120426
0.0114303
0.0108035
0.0101681
0.00952954
0.00889329
0.00826429
0.00764709
0.0070458
0.00646402
0.00590484
0.00537085
0.00486407
0.00438607
0.00393789
0.00352013
0.00313296
0.00277615
0.00244917
0.00215114
0.00188098
0.00163736
0.00141883
0.0012238
0.00105059
0.000897488
0.000762761
0.000644681
0.000541554
0.000451727
0.000373606
0.000305661
0.00024643
0.000194519
0.000148597
0.00010739
6.9674e-05
3.4264e-05
0
0
4.0109e-05
8.15597e-05
0.000125709
0.000173945
0.000227702
0.000288468
0.000357803
0.000437339
0.000528786
0.000633937
0.000754657
0.000892879
0.00105059
0.00122981
0.00143257
0.00166087
0.00191668
0.00220185
0.0025181
0.00286697
0.00324974
0.00366741
0.00412063
0.00460966
0.00513429
0.00569383
0.00628705
0.00691214
0.00756671
0.00824773
0.0089516
0.00967408
0.0104104
0.0111552
0.0119026
0.0126465
0.0133802
0.0140969
0.0147896
0.0154514
0.0160752
0.0166544
0.0171825
0.0176535
0.0180619
0.018403
0.0186727
0.0188677
0.0189857
0.0190251
0.0189857
0.0188677
0.0186727
0.018403
0.0180619
0.0176535
0.0171825
0.0166544
0.0160752
0.0154514
0.0147896
0.0140969
0.0133802
0.0126465
0.0119026
0.0111552
0.0104104
0.00967408
0.0089516
0.00824773
0.00756671
0.00691214
0.00628705
0.00569383
0.00513429
0.00460966
0.00412063
0.00366741
0.00324974
0.00286697
0.0025181
0.00220185
0.00191668
0.00166087
0.00143257
0.00122981
0.00105059
0.000892879
0.000754657
0.000633937
0.000528786
0.000437339
0.000357803
0.000288468
0.000227702
0.000173945
0.000125709
8.15597e-05
4.0109e-05
0
0
4.67218e-05
9.50063e-05
0.000146435
0.000202624
0.000265243
0.000336028
0.000416794
0.000509442
0.000615967
0.000738454
0.000879077
0.00104009
0.0012238
0.00143257
0.00166875
0.0019347
0.00223268
0.00256487
0.00293326
0.00333964
0.00378552
0.00427205
0.00479999
0.00536964
0.00598077
0.00663257
0.00732359
0.00805174
0.00881422
0.00960753
0.0104274
0.011269
0.0121267
0.0129943
0.013865
0.0147315
0.0155862
0.016421
0.017228
0.0179988
0.0187255
0.0194002
0.0200153
0.020564
0.0210398
0.0214371
0.0217512
0.0219784
0.0221158
0.0221618
0.0221158
0.0219784
0.0217512
0.0214371
0.0210398
0.020564
0.0200153
0.0194002
0.0187255
0.0179988
0.017228
0.016421
0.0155862
0.0147315
0.013865
0.0129943
0.0121267
0.011269
0.0104274
0.00960753
0.00881422
0.00805174
0.00732359
0.00663257
0.00598077
0.00536964
0.00479999
0.00427205
0.00378552
0.00333964
0.00293326
0.00256487
0.00223268
0.0019347
0.00166875
0.00143257
0.0012238
0.00104009
0.000879077
0.000738454
0.000615967
0.000509442
0.000416794
0.000336028
0.000265243
0.000202624
0.000146435
9.50063e-05
4.67218e-05
0
0
5.41678e-05
0.000110147
0.000169772
0.000234915
0.000307514
0.00038958
0.000483218
0.000590631
0.000714132
0.00085614
0.00101917
0.00120584
0.00141883
0.00166087
0.0019347
0.00224303
0.0025885
0.00297363
0.00340073
0.00387187
0.00438881
0.00495288
0.00556496
0.0062254
0.00693392
0.00768959
0.00849074
0.00933494
0.0102189
0.0111387
0.0120892
0.013065
0.0140594
0.0150652
0.0160746
0.0170792
0.0180701
0.019038
0.0199736
0.0208673
0.0217098
0.022492
0.0232051
0.0238412
0.0243928
0.0248535
0.0252177
0.0254811
0.0256404
0.0256937
0.0256404
0.0254811
0.0252177
0.0248535
0.0243928
0.0238412
0.0232051
0.022492
0.0217098
0.0208673
0.0199736
0.019038
0.0180701
0.0170792
0.0160746
0.0150652
0.0140594
0.013065
0.0120892
0.0111387
0.0102189
0.00933494
0.00849074
0.00768959
0.00693392
0.0062254
0.00556496
0.00495288
0.00438881
0.00387187
0.00340073
0.00297363
0.0025885
0.00224303
0.0019347
0.00166087
0.00141883
0.00120584
0.00101917
0.00085614
0.000714132
0.000590631
0.000483218
0.00038958
0.000307514
0.000234915
0.000169772
0.000110147
5.41678e-05
0
0
6.25107e-05
0.000127112
0.00019592
0.000271097
0.000354878
0.000449584
0.000557643
0.0006816
0.000824123
0.000988003
0.00117615
0.00139157
0.00163736
0.00191668
0.00223268
0.0025885
0.00298718
0.00343163
0.00392451
0.00446822
0.00506477
0.00571572
0.00642208
0.00718423
0.00800189
0.00887394
0.00979849
0.0107727
0.0117929
0.0128542
0.0139512
0.0150772
0.0162248
0.0173855
0.0185505
0.0197098
0.0208533
0.0219703
0.0230499
0.0240813
0.0250535
0.0259562
0.0267792
0.0275133
0.0281498
0.0286814
0.0291017
0.0294057
0.0295895
0.029651
0.0295895
0.0294057
0.0291017
0.0286814
0.0281498
0.0275133
0.0267792
0.0259562
0.0250535
0.0240813
0.0230499
0.0219703
0.0208533
0.0197098
0.0185505
0.0173855
0.0162248
0.0150772
0.0139512
0.0128542
0.0117929
0.0107727
0.00979849
0.00887394
0.00800189
0.00718423
0.00642208
0.00571572
0.00506477
0.00446822
0.00392451
0.00343163
0.00298718
0.0025885
0.00223268
0.00191668
0.00163736
0.00139157
0.00117615
0.000988003
0.000824123
0.0006816
0.000557643
0.000449584
0.000354878
0.000271097
0.00019592
0.000127112
6.25107e-05
0
0
7.18113e-05
0.000146024
0.00022507
0.000311432
0.000407677
0.000516474
0.000640611
0.000783011
0.000946739
0.001135
0.00135114
0.00159861
0.00188098
0.00220185
0.00256487
0.00297363
0.00343163
0.0039422
0.00450841
0.00513302
0.00581833
0.00656613
0.00737758
0.00825313
0.00919243
0.0101942
0.0112563
0.0123755
0.0135474
0.0147668
0.016027
0.0173205
0.0186388
0.0199722
0.0213105
0.0226423
0.0239559
0.0252391
0.0264794
0.0276642
0.0287811
0.029818
0.0307635
0.0316068
0.0323381
0.0329488
0.0334316
0.0337807
0.0339919
0.0340626
0.0339919
0.0337807
0.0334316
0.0329488
0.0323381
0.0316068
0.0307635
0.029818
0.0287811
0.0276642
0.0264794
0.0252391
0.0239559
0.0226423
0.0213105
0.0199722
0.0186388
0.0173205
0.016027
0.0147668
0.0135474
0.0123755
0.0112563
0.0101942
0.00919243
0.00825313
0.00737758
0.00656613
0.00581833
0.00513302
0.00450841
0.0039422
0.00343163
0.00297363
0.00256487
0.00220185
0.00188098
0.00159861
0.00135114
0.001135
0.000946739
0.000783011
0.000640611
0.000516474
0.000407677
0.000311432
0.00022507
0.000146024
7.18113e-05
0
0
8.21255e-05
0.000166998
0.000257396
0.000356163
0.000466232
0.000590655
0.000732622
0.000895475
0.00108272
0.00129802
0.0015452
0.00182822
0.00215114
0.0025181
0.00293326
0.00340073
0.00392451
0.00450841
0.00515596
0.00587028
0.00665402
0.00750922
0.00843722
0.00943853
0.0105127
0.0116584
0.0128731
0.014153
0.0154933
0.0168877
0.0183289
0.0198082
0.0213159
0.0228408
0.0243713
0.0258944
0.0273967
0.0288642
0.0302826
0.0316376
0.0329149
0.0341008
0.0351821
0.0361465
0.0369828
0.0376812
0.0382334
0.0386327
0.0388742
0.0389551
0.0388742
0.0386327
0.0382334
0.0376812
0.0369828
0.0361465
0.0351821
0.0341008
0.0329149
0.0316376
0.0302826
0.0288642
0.0273967
0.0258944
0.0243713
0.0228408
0.0213159
0.0198082
0.0183289
0.0168877
0.0154933
0.014153
0.0128731
0.0116584
0.0105127
0.00943853
0.00843722
0.00750922
0.00665402
0.00587028
0.00515596
0.00450841
0.00392451
0.00340073
0.00293326
0.0025181
0.00215114
0.00182822
0.0015452
0.00129802
0.00108272
0.000895475
0.000732622
0.000590655
0.000466232
0.000356163
0.000257396
0.000166998
8.21255e-05
0
0
9.35034e-05
0.000190134
0.000293057
0.000405507
0.000530825
0.000672486
0.000834121
0.00101954
0.00123272
0.00147785
0.00175928
0.00208151
0.00244917
0.00286697
0.00333964
0.00387187
0.00446822
0.00513302
0.00587028
0.00668356
0.00757588
0.00854956
0.00960613
0.0107462
0.0119692
0.0132736
0.0146566
0.0161138
0.0176397
0.0192274
0.0208682
0.0225525
0.024269
0.0260053
0.0277477
0.0294819
0.0311923
0.0328631
0.034478
0.0360207
0.037475
0.0388252
0.0400563
0.0411543
0.0421065
0.0429016
0.0435303
0.0439849
0.0442599
0.044352
0.0442599
0.0439849
0.0435303
0.0429016
0.0421065
0.0411543
0.0400563
0.0388252
0.037475
0.0360207
0.034478
0.0328631
0.0311923
0.0294819
0.0277477
0.0260053
0.024269
0.0225525
0.0208682
0.0192274
0.0176397
0.0161138
0.0146566
0.0132736
0.0119692
0.0107462
0.00960613
0.00854956
0.00757588
0.00668356
0.00587028
0.00513302
0.00446822
0.00387187
0.00333964
0.00286697
0.00244917
0.00208151
0.00175928
0.00147785
0.00123272
0.00101954
0.000834121
0.000672486
0.000530825
0.000405507
0.000293057
0.000190134
9.35034e-05
0
0
0.000105987
0.000215519
0.000332183
0.000459646
0.000601696
0.00076227
0.000945485
0.00115565
0.0013973
0.00167516
0.00199416
0.00235941
0.00277615
0.00324974
0.00378552
0.00438881
0.00506477
0.00581833
0.00665402
0.00757588
0.00858733
0.00969101
0.0108886
0.0121809
0.0135672
0.0150458
0.0166134
0.0182651
0.0199948
0.0217944
0.0236543
0.0255635
0.0275092
0.0294772
0.0314523
0.033418
0.0353567
0.0372506
0.0390812
0.0408298
0.0424783
0.0440088
0.0454042
0.0466488
0.0477281
0.0486294
0.049342
0.0498573
0.0501691
0.0502734
0.0501691
0.0498573
0.049342
0.0486294
0.0477281
0.0466488
0.0454042
0.0440088
0.0424783
0.0408298
0.0390812
0.0372506
0.0353567
0.033418
0.0314523
0.0294772
0.0275092
0.0255635
0.0236543
0.0217944
0.0199948
0.0182651
0.0166134
0.0150458
0.0135672
0.0121809
0.0108886
0.00969101
0.00858733
0.00757588
0.00665402
0.00581833
0.00506477
0.00438881
0.00378552
0.00324974
0.00277615
0.00235941
0.00199416
0.00167516
0.0013973
0.00115565
0.000945485
0.00076227
0.000601696
0.000459646
0.000332183
0.000215519
0.000105987
0
0
0.000119609
0.000243218
0.000374876
0.000518721
0.000679028
0.00086024
0.001067
0.00130418
0.00157689
0.00189046
0.00225046
0.00266265
0.00313296
0.00366741
0.00427205
0.00495288
0.00571572
0.00656613
0.00750922
0.00854956
0.00969101
0.0109365
0.0122881
0.0137464
0.0153109
0.0169795
0.0187486
0.0206127
0.0225646
0.0245955
0.0266945
0.028849
0.0310447
0.0332658
0.0354947
0.037713
0.0399009
0.0420382
0.0441041
0.0460775
0.0479378
0.0496649
0.0512397
0.0526443
0.0538623
0.0548795
0.0556837
0.0562652
0.056617
0.0567347
0.056617
0.0562652
0.0556837
0.0548795
0.0538623
0.0526443
0.0512397
0.0496649
0.0479378
0.0460775
0.0441041
0.0420382
0.0399009
0.037713
0.0354947
0.0332658
0.0310447
0.028849
0.0266945
0.0245955
0.0225646
0.0206127
0.0187486
0.0169795
0.0153109
0.0137464
0.0122881
0.0109365
0.00969101
0.00854956
0.00750922
0.00656613
0.00571572
0.00495288
0.00427205
0.00366741
0.00313296
0.00266265
0.00225046
0.00189046
0.00157689
0.00130418
0.001067
0.00086024
0.000679028
0.000518721
0.000374876
0.000243218
0.000119609
0
0
0.00013439
0.000273276
0.000421204
0.000582826
0.000762943
0.000966549
0.00119886
0.00146536
0.00177176
0.00212408
0.00252857
0.0029917
0.00352013
0.00412063
0.00479999
0.00556496
0.00642208
0.00737758
0.00843722
0.00960613
0.0108886
0.0122881
0.0138067
0.0154452
0.0172031
0.0190779
0.0210655
0.02316
0.0253532
0.0276351
0.0299934
0.0324142
0.0348813
0.0373768
0.0398812
0.0423736
0.044832
0.0472334
0.0495545
0.0517718
0.053862
0.0558026
0.057572
0.0591501
0.0605187
0.0616616
0.0625652
0.0632185
0.0636138
0.0637461
0.0636138
0.0632185
0.0625652
0.0616616
0.0605187
0.0591501
0.057572
0.0558026
0.053862
0.0517718
0.0495545
0.0472334
0.044832
0.0423736
0.0398812
0.0373768
0.0348813
0.0324142
0.0299934
0.0276351
0.0253532
0.02316
0.0210655
0.0190779
0.0172031
0.0154452
0.0138067
0.0122881
0.0108886
0.00960613
0.00843722
0.00737758
0.00642208
0.00556496
0.00479999
0.00412063
0.00352013
0.0029917
0.00252857
0.00212408
0.00177176
0.00146536
0.00119886
0.000966549
0.000762943
0.000582826
0.000421204
0.000273276
0.00013439
0
0
0.000150339
0.000305707
0.000471191
0.000651994
0.000853488
0.00108126
0.00134114
0.00163926
0.00198203
0.00237617
0.00282866
0.00334675
0.00393789
0.00460966
0.00536964
0.0062254
0.00718423
0.00825313
0.00943853
0.0107462
0.0121809
0.0137464
0.0154452
0.0172782
0.0192447
0.021342
0.0235656
0.0259086
0.0283621
0.0309147
0.033553
0.0362611
0.0390209
0.0418126
0.0446142
0.0474024
0.0501525
0.0528389
0.0554355
0.0579159
0.0602542
0.0624251
0.0644045
0.0661699
0.0677009
0.0689794
0.0699903
0.0707212
0.0711634
0.0713114
0.0711634
0.0707212
0.0699903
0.0689794
0.0677009
0.0661699
0.0644045
0.0624251
0.0602542
0.0579159
0.0554355
0.0528389
0.0501525
0.0474024
0.0446142
0.0418126
0.0390209
0.0362611
0.033553
0.0309147
0.0283621
0.0259086
0.0235656
0.021342
0.0192447
0.0172782
0.0154452
0.0137464
0.0121809
0.0107462
0.00943853
0.00825313
0.00718423
0.0062254
0.00536964
0.00460966
0.00393789
0.00334675
0.00282866
0.00237617
0.00198203
0.00163926
0.00134114
0.00108126
0.000853488
0.000651994
0.000471191
0.000305707
0.000150339
0
0
0.00016745
0.000340501
0.000524819
0.000726199
0.000950624
0.00120432
0.00149378
0.00182583
0.00220761
0.0026466
0.00315059
0.00372765
0.00438607
0.00513429
0.00598077
0.00693392
0.00800189
0.00919243
0.0105127
0.0119692
0.0135672
0.0153109
0.0172031
0.0192447
0.021435
0.023771
0.0262476
0.0288573
0.03159
0.0344332
0.0373717
0.040388
0.043462
0.0465713
0.0496918
0.0527974
0.0558605
0.0588526
0.0617447
0.0645075
0.0671119
0.0695299
0.0717345
0.0737008
0.0754061
0.0768301
0.077956
0.0787701
0.0792626
0.0794274
0.0792626
0.0787701
0.077956
0.0768301
0.0754061
0.0737008
0.0717345
0.0695299
0.0671119
0.0645075
0.0617447
0.0588526
0.0558605
0.0527974
0.0496918
0.0465713
0.043462
0.040388
0.0373717
0.0344332
0.03159
0.0288573
0.0262476
0.023771
0.021435
0.0192447
0.0172031
0.0153109
0.0135672
0.0119692
0.0105127
0.00919243
0.00800189
0.00693392
0.00598077
0.00513429
0.00438607
0.00372765
0.00315059
0.0026466
0.00220761
0.00182583
0.00149378
0.00120432
0.000950624
0.000726199
0.000524819
0.000340501
0.00016745
0
0
0.000185699
0.000377609
0.000582014
0.000805341
0.00105423
0.00133557
0.00165657
0.00202481
0.0024482
0.00293503
0.00349395
0.0041339
0.00486407
0.00569383
0.00663257
0.00768959
0.00887394
0.0101942
0.0116584
0.0132736
0.0150458
0.0169795
0.0190779
0.021342
0.023771
0.0263616
0.0291081
0.0320022
0.0350327
0.0381858
0.0414446
0.0447896
0.0481985
0.0516468
0.0551073
0.0585513
0.0619482
0.0652665
0.0684738
0.0715376
0.0744259
0.0771073
0.0795523
0.0817329
0.0836239
0.0852032
0.0864517
0.0873546
0.0879008
0.0880836
0.0879008
0.0873546
0.0864517
0.0852032
0.0836239
0.0817329
0.0795523
0.0771073
0.0744259
0.0715376
0.0684738
0.0652665
0.0619482
0.0585513
0.0551073
0.0516468
0.0481985
0.0447896
0.0414446
0.0381858
0.0350327
0.0320022
0.0291081
0.0263616
0.023771
0.021342
0.0190779
0.0169795
0.0150458
0.0132736
0.0116584
0.0101942
0.00887394
0.00768959
0.00663257
0.00569383
0.00486407
0.0041339
0.00349395
0.00293503
0.0024482
0.00202481
0.00165657
0.00133557
0.00105423
0.000805341
0.000582014
0.000377609
0.000185699
0
0
0.000205046
0.000416951
0.000642652
0.000889247
0.00116406
0.00147471
0.00182917
0.00223577
0.00270327
0.00324082
0.00385797
0.00456459
0.00537085
0.00628705
0.00732359
0.00849074
0.00979849
0.0112563
0.0128731
0.0146566
0.0166134
0.0187486
0.0210655
0.0235656
0.0262476
0.0291081
0.0321408
0.0353364
0.0386827
0.0421642
0.0457625
0.049456
0.0532202
0.0570277
0.0608488
0.0646516
0.0684024
0.0720664
0.0756078
0.0789909
0.08218
0.0851409
0.0878405
0.0902483
0.0923364
0.0940802
0.0954588
0.0964558
0.0970588
0.0972607
0.0970588
0.0964558
0.0954588
0.0940802
0.0923364
0.0902483
0.0878405
0.0851409
0.08218
0.0789909
0.0756078
0.0720664
0.0684024
0.0646516
0.0608488
0.0570277
0.0532202
0.049456
0.0457625
0.0421642
0.0386827
0.0353364
0.0321408
0.0291081
0.0262476
0.0235656
0.0210655
0.0187486
0.0166134
0.0146566
0.0128731
0.0112563
0.00979849
0.00849074
0.00732359
0.00628705
0.00537085
0.00456459
0.00385797
0.00324082
0.00270327
0.00223577
0.00182917
0.00147471
0.00116406
0.000889247
0.000642652
0.000416951
0.000205046
0
0
0.000225433
0.000458406
0.000706548
0.000977661
0.0012798
0.00162134
0.00201103
0.00245806
0.00297204
0.00356304
0.00424155
0.00501843
0.00590484
0.00691214
0.00805174
0.00933494
0.0107727
0.0123755
0.014153
0.0161138
0.0182651
0.0206127
0.02316
0.0259086
0.0288573
0.0320022
0.0353364
0.0388497
0.0425287
0.0463564
0.0503125
0.0543732
0.0585116
0.0626977
0.0668987
0.0710796
0.0752033
0.0792316
0.0831251
0.0868445
0.0903508
0.093606
0.0965741
0.0992213
0.101517
0.103434
0.10495
0.106046
0.106709
0.106931
0.106709
0.106046
0.10495
0.103434
0.101517
0.0992213
0.0965741
0.093606
0.0903508
0.0868445
0.0831251
0.0792316
0.0752033
0.0710796
0.0668987
0.0626977
0.0585116
0.0543732
0.0503125
0.0463564
0.0425287
0.0388497
0.0353364
0.0320022
0.0288573
0.0259086
0.02316
0.0206127
0.0182651
0.0161138
0.014153
0.0123755
0.0107727
0.00933494
0.00805174
0.00691214
0.00590484
0.00501843
0.00424155
0.00356304
0.00297204
0.00245806
0.00201103
0.00162134
0.0012798
0.000977661
0.000706548
0.000458406
0.000225433
0
0
0.000246781
0.000501816
0.000773457
0.00107024
0.00140099
0.00177487
0.00220147
0.00269083
0.00325349
0.00390046
0.00464322
0.00549366
0.00646402
0.00756671
0.00881422
0.0102189
0.0117929
0.0135474
0.0154933
0.0176397
0.0199948
0.0225646
0.0253532
0.0283621
0.03159
0.0350327
0.0386827
0.0425287
0.0465561
0.0507462
0.055077
0.0595222
0.0640525
0.068635
0.0732338
0.0778106
0.0823249
0.0867346
0.0909969
0.0950685
0.0989068
0.10247
0.105719
0.108617
0.11113
0.113229
0.114888
0.116088
0.116814
0.117057
0.116814
0.116088
0.114888
0.113229
0.11113
0.108617
0.105719
0.10247
0.0989068
0.0950685
0.0909969
0.0867346
0.0823249
0.0778106
0.0732338
0.068635
0.0640525
0.0595222
0.055077
0.0507462
0.0465561
0.0425287
0.0386827
0.0350327
0.03159
0.0283621
0.0253532
0.0225646
0.0199948
0.0176397
0.0154933
0.0135474
0.0117929
0.0102189
0.00881422
0.00756671
0.00646402
0.00549366
0.00464322
0.00390046
0.00325349
0.00269083
0.00220147
0.00177487
0.00140099
0.00107024
0.000773457
0.000501816
0.000246781
0
0
0.000268992
0.000546981
0.00084307
0.00116657
0.00152709
0.00193462
0.00239961
0.00293302
0.00354631
0.00425151
0.00506112
0.00598811
0.0070458
0.00824773
0.00960753
0.0111387
0.0128542
0.0147668
0.0168877
0.0192274
0.0217944
0.0245955
0.0276351
0.0309147
0.0344332
0.0381858
0.0421642
0.0463564
0.0507462
0.0553136
0.060034
0.0648794
0.0698174
0.0748123
0.0798251
0.0848138
0.0897344
0.094541
0.0991869
0.103625
0.107809
0.111693
0.115235
0.118393
0.121132
0.12342
0.125229
0.126536
0.127328
0.127592
0.127328
0.126536
0.125229
0.12342
0.121132
0.118393
0.115235
0.111693
0.107809
0.103625
0.0991869
0.094541
0.0897344
0.0848138
0.0798251
0.0748123
0.0698174
0.0648794
0.060034
0.0553136
0.0507462
0.0463564
0.0421642
0.0381858
0.0344332
0.0309147
0.0276351
0.0245955
0.0217944
0.0192274
0.0168877
0.0147668
0.0128542
0.0111387
0.00960753
0.00824773
0.0070458
0.00598811
0.00506112
0.00425151
0.00354631
0.00293302
0.00239961
0.00193462
0.00152709
0.00116657
0.00084307
0.000546981
0.000268992
0
0
0.000291948
0.000593661
0.000915018
0.00126612
0.00165741
0.00209972
0.0026044
0.00318332
0.00384896
0.00461433
0.00549304
0.00649914
0.00764709
0.0089516
0.0104274
0.0120892
0.0139512
0.016027
0.0183289
0.0208682
0.0236543
0.0266945
0.0299934
0.033553
0.0373717
0.0414446
0.0457625
0.0503125
0.055077
0.060034
0.0651574
0.0704162
0.0757757
0.0811969
0.0866374
0.0920519
0.0973924
0.102609
0.107652
0.112468
0.117009
0.121225
0.125069
0.128497
0.13147
0.133953
0.135916
0.137335
0.138194
0.138481
0.138194
0.137335
0.135916
0.133953
0.13147
0.128497
0.125069
0.121225
0.117009
0.112468
0.107652
0.102609
0.0973924
0.0920519
0.0866374
0.0811969
0.0757757
0.0704162
0.0651574
0.060034
0.055077
0.0503125
0.0457625
0.0414446
0.0373717
0.033553
0.0299934
0.0266945
0.0236543
0.0208682
0.0183289
0.016027
0.0139512
0.0120892
0.0104274
0.0089516
0.00764709
0.00649914
0.00549304
0.00461433
0.00384896
0.00318332
0.0026044
0.00209972
0.00165741
0.00126612
0.000915018
0.000593661
0.000291948
0
0
0.000315511
0.000641575
0.000988869
0.00136831
0.00179118
0.00226919
0.0028146
0.00344025
0.00415961
0.00498676
0.00593638
0.00702368
0.00826429
0.00967408
0.011269
0.013065
0.0150772
0.0173205
0.0198082
0.0225525
0.0255635
0.028849
0.0324142
0.0362611
0.040388
0.0447896
0.049456
0.0543732
0.0595222
0.0648794
0.0704162
0.0760995
0.0818915
0.0877503
0.0936299
0.0994814
0.105253
0.110891
0.11634
0.121546
0.126453
0.131009
0.135163
0.138868
0.142081
0.144764
0.146886
0.14842
0.149347
0.149658
0.149347
0.14842
0.146886
0.144764
0.142081
0.138868
0.135163
0.131009
0.126453
0.121546
0.11634
0.110891
0.105253
0.0994814
0.0936299
0.0877503
0.0818915
0.0760995
0.0704162
0.0648794
0.0595222
0.0543732
0.049456
0.0447896
0.040388
0.0362611
0.0324142
0.028849
0.0255635
0.0225525
0.0198082
0.0173205
0.0150772
0.013065
0.011269
0.00967408
0.00826429
0.00702368
0.00593638
0.00498676
0.00415961
0.00344025
0.0028146
0.00226919
0.00179118
0.00136831
0.000988869
0.000641575
0.000315511
0
0
0.000339525
0.000690406
0.00106413
0.00147246
0.00192751
0.0024419
0.00302882
0.00370209
0.0044762
0.0053663
0.0063882
0.00755826
0.00889329
0.0104104
0.0121267
0.0140594
0.0162248
0.0186388
0.0213159
0.024269
0.0275092
0.0310447
0.0348813
0.0390209
0.043462
0.0481985
0.0532202
0.0585116
0.0640525
0.0698174
0.0757757
0.0818915
0.0881244
0.094429
0.100756
0.107053
0.113264
0.119331
0.125195
0.130797
0.136077
0.14098
0.14545
0.149437
0.152895
0.155782
0.158065
0.159716
0.160714
0.161049
0.160714
0.159716
0.158065
0.155782
0.152895
0.149437
0.14545
0.14098
0.136077
0.130797
0.125195
0.119331
0.113264
0.107053
0.100756
0.094429
0.0881244
0.0818915
0.0757757
0.0698174
0.0640525
0.0585116
0.0532202
0.0481985
0.043462
0.0390209
0.0348813
0.0310447
0.0275092
0.024269
0.0213159
0.0186388
0.0162248
0.0140594
0.0121267
0.0104104
0.00889329
0.00755826
0.0063882
0.0053663
0.0044762
0.00370209
0.00302882
0.0024419
0.00192751
0.00147246
0.00106413
0.000690406
0.000339525
0
0
0.000363815
0.000739799
0.00114026
0.0015778
0.0020654
0.0026166
0.00324551
0.00396695
0.00479644
0.00575022
0.00684523
0.008099
0.00952954
0.0111552
0.0129943
0.0150652
0.0173855
0.0199722
0.0228408
0.0260053
0.0294772
0.0332658
0.0373768
0.0418126
0.0465713
0.0516468
0.0570277
0.0626977
0.068635
0.0748123
0.0811969
0.0877503
0.094429
0.101185
0.107965
0.114712
0.121367
0.127868
0.134152
0.140154
0.145813
0.151066
0.155856
0.160128
0.163833
0.166927
0.169373
0.171142
0.172212
0.17257
0.172212
0.171142
0.169373
0.166927
0.163833
0.160128
0.155856
0.151066
0.145813
0.140154
0.134152
0.127868
0.121367
0.114712
0.107965
0.101185
0.094429
0.0877503
0.0811969
0.0748123
0.068635
0.0626977
0.0570277
0.0516468
0.0465713
0.0418126
0.0373768
0.0332658
0.0294772
0.0260053
0.0228408
0.0199722
0.0173855
0.0150652
0.0129943
0.0111552
0.00952954
0.008099
0.00684523
0.00575022
0.00479644
0.00396695
0.00324551
0.0026166
0.0020654
0.0015778
0.00114026
0.000739799
0.000363815
0
0
0.000388192
0.000789369
0.00121667
0.00168352
0.0022038
0.00279192
0.00346297
0.00423275
0.00511782
0.00613551
0.00730389
0.00864167
0.0101681
0.0119026
0.013865
0.0160746
0.0185505
0.0213105
0.0243713
0.0277477
0.0314523
0.0354947
0.0398812
0.0446142
0.0496918
0.0551073
0.0608488
0.0668987
0.0732338
0.0798251
0.0866374
0.0936299
0.100756
0.107965
0.115199
0.122398
0.129499
0.136436
0.14314
0.149545
0.155583
0.161188
0.166299
0.170858
0.174811
0.178112
0.180722
0.18261
0.183751
0.184133
0.183751
0.18261
0.180722
0.178112
0.174811
0.170858
0.166299
0.161188
0.155583
0.149545
0.14314
0.136436
0.129499
0.122398
0.115199
0.107965
0.100756
0.0936299
0.0866374
0.0798251
0.0732338
0.0668987
0.0608488
0.0551073
0.0496918
0.0446142
0.0398812
0.0354947
0.0314523
0.0277477
0.0243713
0.0213105
0.0185505
0.0160746
0.013865
0.0119026
0.0101681
0.00864167
0.00730389
0.00613551
0.00511782
0.00423275
0.00346297
0.00279192
0.0022038
0.00168352
0.00121667
0.000789369
0.000388192
0
0
0.000412453
0.000838701
0.0012927
0.00178873
0.00234152
0.0029664
0.00367939
0.00449728
0.00543766
0.00651895
0.00776035
0.00918173
0.0108035
0.0126465
0.0147315
0.0170792
0.0197098
0.0226423
0.0258944
0.0294819
0.033418
0.037713
0.0423736
0.0474024
0.0527974
0.0585513
0.0646516
0.0710796
0.0778106
0.0848138
0.0920519
0.0994814
0.107053
0.114712
0.122398
0.130047
0.137592
0.144962
0.152086
0.158891
0.165306
0.171262
0.176692
0.181536
0.185736
0.189243
0.192017
0.194022
0.195235
0.195641
0.195235
0.194022
0.192017
0.189243
0.185736
0.181536
0.176692
0.171262
0.165306
0.158891
0.152086
0.144962
0.137592
0.130047
0.122398
0.114712
0.107053
0.0994814
0.0920519
0.0848138
0.0778106
0.0710796
0.0646516
0.0585513
0.0527974
0.0474024
0.0423736
0.037713
0.033418
0.0294819
0.0258944
0.0226423
0.0197098
0.0170792
0.0147315
0.0126465
0.0108035
0.00918173
0.00776035
0.00651895
0.00543766
0.00449728
0.00367939
0.0029664
0.00234152
0.00178873
0.0012927
0.000838701
0.000412453
0
0
0.000436382
0.00088736
0.0013677
0.00189251
0.00247737
0.0031385
0.00389286
0.00475819
0.00575313
0.00689716
0.00821058
0.00971442
0.0114303
0.0133802
0.0155862
0.0180701
0.0208533
0.0239559
0.0273967
0.0311923
0.0353567
0.0399009
0.044832
0.0501525
0.0558605
0.0619482
0.0684024
0.0752033
0.0823249
0.0897344
0.0973924
0.105253
0.113264
0.121367
0.129499
0.137592
0.145575
0.153373
0.160909
0.168109
0.174897
0.181198
0.186943
0.192068
0.196511
0.200223
0.203157
0.205278
0.206562
0.206991
0.206562
0.205278
0.203157
0.200223
0.196511
0.192068
0.186943
0.181198
0.174897
0.168109
0.160909
0.153373
0.145575
0.137592
0.129499
0.121367
0.113264
0.105253
0.0973924
0.0897344
0.0823249
0.0752033
0.0684024
0.0619482
0.0558605
0.0501525
0.044832
0.0399009
0.0353567
0.0311923
0.0273967
0.0239559
0.0208533
0.0180701
0.0155862
0.0133802
0.0114303
0.00971442
0.00821058
0.00689716
0.00575313
0.00475819
0.00389286
0.0031385
0.00247737
0.00189251
0.0013677
0.00088736
0.000436382
0
0
0.000459757
0.000934891
0.00144096
0.00199388
0.00261007
0.00330662
0.00410138
0.00501306
0.0060613
0.00726661
0.00865038
0.0102348
0.0120426
0.0140969
0.016421
0.019038
0.0219703
0.0252391
0.0288642
0.0328631
0.0372506
0.0420382
0.0472334
0.0528389
0.0588526
0.0652665
0.0720664
0.0792316
0.0867346
0.094541
0.102609
0.110891
0.119331
0.127868
0.136436
0.144962
0.153373
0.161588
0.169529
0.177114
0.184265
0.190904
0.196957
0.202356
0.207038
0.210948
0.214039
0.216274
0.217626
0.218079
0.217626
0.216274
0.214039
0.210948
0.207038
0.202356
0.196957
0.190904
0.184265
0.177114
0.169529
0.161588
0.153373
0.144962
0.136436
0.127868
0.119331
0.110891
0.102609
0.094541
0.0867346
0.0792316
0.0720664
0.0652665
0.0588526
0.0528389
0.0472334
0.0420382
0.0372506
0.0328631
0.0288642
0.0252391
0.0219703
0.019038
0.016421
0.0140969
0.0120426
0.0102348
0.00865038
0.00726661
0.0060613
0.00501306
0.00410138
0.00330662
0.00261007
0.00199388
0.00144096
0.000934891
0.000459757
0
0
0.00048235
0.000980833
0.00151177
0.00209186
0.00273833
0.00346911
0.00430292
0.00525941
0.00635916
0.0076237
0.00907547
0.0107377
0.0126343
0.0147896
0.017228
0.0199736
0.0230499
0.0264794
0.0302826
0.034478
0.0390812
0.0441041
0.0495545
0.0554355
0.0617447
0.0684738
0.0756078
0.0831251
0.0909969
0.0991869
0.107652
0.11634
0.125195
0.134152
0.14314
0.152086
0.160909
0.169529
0.177859
0.185818
0.19332
0.200285
0.206636
0.2123
0.217212
0.221314
0.224557
0.226902
0.228321
0.228796
0.228321
0.226902
0.224557
0.221314
0.217212
0.2123
0.206636
0.200285
0.19332
0.185818
0.177859
0.169529
0.160909
0.152086
0.14314
0.134152
0.125195
0.11634
0.107652
0.0991869
0.0909969
0.0831251
0.0756078
0.0684738
0.0617447
0.0554355
0.0495545
0.0441041
0.0390812
0.034478
0.0302826
0.0264794
0.0230499
0.0199736
0.017228
0.0147896
0.0126343
0.0107377
0.00907547
0.0076237
0.00635916
0.00525941
0.00430292
0.00346911
0.00273833
0.00209186
0.00151177
0.000980833
0.00048235
0
0
0.000503932
0.00102472
0.00157942
0.00218546
0.00286086
0.00362433
0.00449546
0.00549474
0.0066437
0.00796482
0.00948155
0.0112182
0.0131997
0.0154514
0.0179988
0.0208673
0.0240813
0.0276642
0.0316376
0.0360207
0.0408298
0.0460775
0.0517718
0.0579159
0.0645075
0.0715376
0.0789909
0.0868445
0.0950685
0.103625
0.112468
0.121546
0.130797
0.140154
0.149545
0.158891
0.168109
0.177114
0.185818
0.194132
0.20197
0.209247
0.215881
0.221799
0.226931
0.231216
0.234605
0.237055
0.238537
0.239033
0.238537
0.237055
0.234605
0.231216
0.226931
0.221799
0.215881
0.209247
0.20197
0.194132
0.185818
0.177114
0.168109
0.158891
0.149545
0.140154
0.130797
0.121546
0.112468
0.103625
0.0950685
0.0868445
0.0789909
0.0715376
0.0645075
0.0579159
0.0517718
0.0460775
0.0408298
0.0360207
0.0316376
0.0276642
0.0240813
0.0208673
0.0179988
0.0154514
0.0131997
0.0112182
0.00948155
0.00796482
0.0066437
0.00549474
0.00449546
0.00362433
0.00286086
0.00218546
0.00157942
0.00102472
0.000503932
0
0
0.000524278
0.00106609
0.00164318
0.0022737
0.00297636
0.00377066
0.00467696
0.00571659
0.00691193
0.00828639
0.00986436
0.0116711
0.0137326
0.0160752
0.0187255
0.0217098
0.0250535
0.0287811
0.0329149
0.037475
0.0424783
0.0479378
0.053862
0.0602542
0.0671119
0.0744259
0.08218
0.0903508
0.0989068
0.107809
0.117009
0.126453
0.136077
0.145813
0.155583
0.165306
0.174897
0.184265
0.19332
0.20197
0.210124
0.217695
0.224597
0.230754
0.236093
0.240552
0.244077
0.246626
0.248168
0.248684
0.248168
0.246626
0.244077
0.240552
0.236093
0.230754
0.224597
0.217695
0.210124
0.20197
0.19332
0.184265
0.174897
0.165306
0.155583
0.145813
0.136077
0.126453
0.117009
0.107809
0.0989068
0.0903508
0.08218
0.0744259
0.0671119
0.0602542
0.053862
0.0479378
0.0424783
0.037475
0.0329149
0.0287811
0.0250535
0.0217098
0.0187255
0.0160752
0.0137326
0.0116711
0.00986436
0.00828639
0.00691193
0.00571659
0.00467696
0.00377066
0.00297636
0.0022737
0.00164318
0.00106609
0.000524278
0
0
0.000543167
0.0011045
0.00170238
0.00235561
0.0030836
0.00390651
0.00484546
0.00592255
0.00716096
0.00858494
0.0102198
0.0120916
0.0142274
0.0166544
0.0194002
0.022492
0.0259562
0.029818
0.0341008
0.0388252
0.0440088
0.0496649
0.0558026
0.0624251
0.0695299
0.0771073
0.0851409
0.093606
0.10247
0.111693
0.121225
0.131009
0.14098
0.151066
0.161188
0.171262
0.181198
0.190904
0.200285
0.209247
0.217695
0.225538
0.232689
0.239068
0.244599
0.249218
0.25287
0.255511
0.257109
0.257643
0.257109
0.255511
0.25287
0.249218
0.244599
0.239068
0.232689
0.225538
0.217695
0.209247
0.200285
0.190904
0.181198
0.171262
0.161188
0.151066
0.14098
0.131009
0.121225
0.111693
0.10247
0.093606
0.0851409
0.0771073
0.0695299
0.0624251
0.0558026
0.0496649
0.0440088
0.0388252
0.0341008
0.029818
0.0259562
0.022492
0.0194002
0.0166544
0.0142274
0.0120916
0.0102198
0.00858494
0.00716096
0.00592255
0.00484546
0.00390651
0.0030836
0.00235561
0.00170238
0.0011045
0.000543167
0
0
0.00056039
0.00113952
0.00175636
0.00243031
0.00318137
0.00403038
0.0049991
0.00611034
0.00738802
0.00885715
0.0105438
0.012475
0.0146785
0.0171825
0.0200153
0.0232051
0.0267792
0.0307635
0.0351821
0.0400563
0.0454042
0.0512397
0.057572
0.0644045
0.0717345
0.0795523
0.0878405
0.0965741
0.105719
0.115235
0.125069
0.135163
0.14545
0.155856
0.166299
0.176692
0.186943
0.196957
0.206636
0.215881
0.224597
0.232689
0.240068
0.246648
0.252355
0.257121
0.260888
0.263613
0.265261
0.265813
0.265261
0.263613
0.260888
0.257121
0.252355
0.246648
0.240068
0.232689
0.224597
0.215881
0.206636
0.196957
0.186943
0.176692
0.166299
0.155856
0.14545
0.135163
0.125069
0.115235
0.105719
0.0965741
0.0878405
0.0795523
0.0717345
0.0644045
0.057572
0.0512397
0.0454042
0.0400563
0.0351821
0.0307635
0.0267792
0.0232051
0.0200153
0.0171825
0.0146785
0.012475
0.0105438
0.00885715
0.00738802
0.00611034
0.0049991
0.00403038
0.00318137
0.00243031
0.00175636
0.00113952
0.00056039
0
0
0.000575751
0.00117076
0.00180451
0.00249692
0.00326858
0.00414086
0.00513613
0.00627783
0.00759053
0.00909993
0.0108328
0.012817
0.0150808
0.0176535
0.020564
0.0238412
0.0275133
0.0316068
0.0361465
0.0411543
0.0466488
0.0526443
0.0591501
0.0661699
0.0737008
0.0817329
0.0902483
0.0992213
0.108617
0.118393
0.128497
0.138868
0.149437
0.160128
0.170858
0.181536
0.192068
0.202356
0.2123
0.221799
0.230754
0.239068
0.246648
0.253409
0.259272
0.264168
0.26804
0.270839
0.272532
0.273099
0.272532
0.270839
0.26804
0.264168
0.259272
0.253409
0.246648
0.239068
0.230754
0.221799
0.2123
0.202356
0.192068
0.181536
0.170858
0.160128
0.149437
0.138868
0.128497
0.118393
0.108617
0.0992213
0.0902483
0.0817329
0.0737008
0.0661699
0.0591501
0.0526443
0.0466488
0.0411543
0.0361465
0.0316068
0.0275133
0.0238412
0.020564
0.0176535
0.0150808
0.012817
0.0108328
0.00909993
0.00759053
0.00627783
0.00513613
0.00414086
0.00326858
0.00249692
0.00180451
0.00117076
0.000575751
0
0
0.000589072
0.00119785
0.00184626
0.00255469
0.0033442
0.00423667
0.00525497
0.00642309
0.00776615
0.00931048
0.0110835
0.0131135
0.0154298
0.0180619
0.0210398
0.0243928
0.0281498
0.0323381
0.0369828
0.0421065
0.0477281
0.0538623
0.0605187
0.0677009
0.0754061
0.0836239
0.0923364
0.101517
0.11113
0.121132
0.13147
0.142081
0.152895
0.163833
0.174811
0.185736
0.196511
0.207038
0.217212
0.226931
0.236093
0.244599
0.252355
0.259272
0.265271
0.270281
0.274241
0.277105
0.278838
0.279418
0.278838
0.277105
0.274241
0.270281
0.265271
0.259272
0.252355
0.244599
0.236093
0.226931
0.217212
0.207038
0.196511
0.185736
0.174811
0.163833
0.152895
0.142081
0.13147
0.121132
0.11113
0.101517
0.0923364
0.0836239
0.0754061
0.0677009
0.0605187
0.0538623
0.0477281
0.0421065
0.0369828
0.0323381
0.0281498
0.0243928
0.0210398
0.0180619
0.0154298
0.0131135
0.0110835
0.00931048
0.00776615
0.00642309
0.00525497
0.00423667
0.0033442
0.00255469
0.00184626
0.00119785
0.000589072
0
0
0.000600196
0.00122047
0.00188113
0.00260294
0.00340736
0.00431668
0.00535421
0.00654439
0.00791282
0.00948631
0.0112928
0.0133612
0.0157212
0.018403
0.0214371
0.0248535
0.0286814
0.0329488
0.0376812
0.0429016
0.0486294
0.0548795
0.0616616
0.0689794
0.0768301
0.0852032
0.0940802
0.103434
0.113229
0.12342
0.133953
0.144764
0.155782
0.166927
0.178112
0.189243
0.200223
0.210948
0.221314
0.231216
0.240552
0.249218
0.257121
0.264168
0.270281
0.275385
0.27942
0.282338
0.284104
0.284695
0.284104
0.282338
0.27942
0.275385
0.270281
0.264168
0.257121
0.249218
0.240552
0.231216
0.221314
0.210948
0.200223
0.189243
0.178112
0.166927
0.155782
0.144764
0.133953
0.12342
0.113229
0.103434
0.0940802
0.0852032
0.0768301
0.0689794
0.0616616
0.0548795
0.0486294
0.0429016
0.0376812
0.0329488
0.0286814
0.0248535
0.0214371
0.018403
0.0157212
0.0133612
0.0112928
0.00948631
0.00791282
0.00654439
0.00535421
0.00431668
0.00340736
0.00260294
0.00188113
0.00122047
0.000600196
0
0
0.000608992
0.00123835
0.00190869
0.00264108
0.00345729
0.00437993
0.00543267
0.00664029
0.00802877
0.00962532
0.0114583
0.0135569
0.0159515
0.0186727
0.0217512
0.0252177
0.0291017
0.0334316
0.0382334
0.0435303
0.049342
0.0556837
0.0625652
0.0699903
0.077956
0.0864517
0.0954588
0.10495
0.114888
0.125229
0.135916
0.146886
0.158065
0.169373
0.180722
0.192017
0.203157
0.214039
0.224557
0.234605
0.244077
0.25287
0.260888
0.26804
0.274241
0.27942
0.283515
0.286476
0.288267
0.288866
0.288267
0.286476
0.283515
0.27942
0.274241
0.26804
0.260888
0.25287
0.244077
0.234605
0.224557
0.214039
0.203157
0.192017
0.180722
0.169373
0.158065
0.146886
0.135916
0.125229
0.114888
0.10495
0.0954588
0.0864517
0.077956
0.0699903
0.0625652
0.0556837
0.049342
0.0435303
0.0382334
0.0334316
0.0291017
0.0252177
0.0217512
0.0186727
0.0159515
0.0135569
0.0114583
0.00962532
0.00802877
0.00664029
0.00543267
0.00437993
0.00345729
0.00264108
0.00190869
0.00123835
0.000608992
0
0
0.000615352
0.00125129
0.00192862
0.00266867
0.00349339
0.00442567
0.00548941
0.00670963
0.00811262
0.00972584
0.0115779
0.0136985
0.0161181
0.0188677
0.0219784
0.0254811
0.0294057
0.0337807
0.0386327
0.0439849
0.0498573
0.0562652
0.0632185
0.0707212
0.0787701
0.0873546
0.0964558
0.106046
0.116088
0.126536
0.137335
0.14842
0.159716
0.171142
0.18261
0.194022
0.205278
0.216274
0.226902
0.237055
0.246626
0.255511
0.263613
0.270839
0.277105
0.282338
0.286476
0.289468
0.291277
0.291883
0.291277
0.289468
0.286476
0.282338
0.277105
0.270839
0.263613
0.255511
0.246626
0.237055
0.226902
0.216274
0.205278
0.194022
0.18261
0.171142
0.159716
0.14842
0.137335
0.126536
0.116088
0.106046
0.0964558
0.0873546
0.0787701
0.0707212
0.0632185
0.0562652
0.0498573
0.0439849
0.0386327
0.0337807
0.0294057
0.0254811
0.0219784
0.0188677
0.0161181
0.0136985
0.0115779
0.00972584
0.00811262
0.00670963
0.00548941
0.00442567
0.00349339
0.00266867
0.00192862
0.00125129
0.000615352
0
0
0.000619199
0.00125911
0.00194068
0.00268535
0.00351524
0.00445334
0.00552373
0.00675159
0.00816334
0.00978665
0.0116503
0.0137842
0.0162189
0.0189857
0.0221158
0.0256404
0.0295895
0.0339919
0.0388742
0.0442599
0.0501691
0.056617
0.0636138
0.0711634
0.0792626
0.0879008
0.0970588
0.106709
0.116814
0.127328
0.138194
0.149347
0.160714
0.172212
0.183751
0.195235
0.206562
0.217626
0.228321
0.238537
0.248168
0.257109
0.265261
0.272532
0.278838
0.284104
0.288267
0.291277
0.293099
0.293708
0.293099
0.291277
0.288267
0.284104
0.278838
0.272532
0.265261
0.257109
0.248168
0.238537
0.228321
0.217626
0.206562
0.195235
0.183751
0.172212
0.160714
0.149347
0.138194
0.127328
0.116814
0.106709
0.0970588
0.0879008
0.0792626
0.0711634
0.0636138
0.056617
0.0501691
0.0442599
0.0388742
0.0339919
0.0295895
0.0256404
0.0221158
0.0189857
0.0162189
0.0137842
0.0116503
0.00978665
0.00816334
0.00675159
0.00552373
0.00445334
0.00351524
0.00268535
0.00194068
0.00125911
0.000619199
0
0
0.000620487
0.00126173
0.00194472
0.00269094
0.00352255
0.00446261
0.00553521
0.00676563
0.00818032
0.009807
0.0116745
0.0138128
0.0162526
0.0190251
0.0221618
0.0256937
0.029651
0.0340626
0.0389551
0.044352
0.0502734
0.0567347
0.0637461
0.0713114
0.0794274
0.0880836
0.0972607
0.106931
0.117057
0.127592
0.138481
0.149658
0.161049
0.17257
0.184133
0.195641
0.206991
0.218079
0.228796
0.239033
0.248684
0.257643
0.265813
0.273099
0.279418
0.284695
0.288866
0.291883
0.293708
0.294319
0.293708
0.291883
0.288866
0.284695
0.279418
0.273099
0.265813
0.257643
0.248684
0.239033
0.228796
0.218079
0.206991
0.195641
0.184133
0.17257
0.161049
0.149658
0.138481
0.127592
0.117057
0.106931
0.0972607
0.0880836
0.0794274
0.0713114
0.0637461
0.0567347
0.0502734
0.044352
0.0389551
0.0340626
0.029651
0.0256937
0.0221618
0.0190251
0.0162526
0.0138128
0.0116745
0.009807
0.00818032
0.00676563
0.00553521
0.00446261
0.00352255
0.00269094
0.00194472
0.00126173
0.000620487
0
0
0.000619199
0.00125911
0.00194068
0.00268535
0.00351524
0.00445334
0.00552373
0.00675159
0.00816334
0.00978665
0.0116503
0.0137842
0.0162189
0.0189857
0.0221158
0.0256404
0.0295895
0.0339919
0.0388742
0.0442599
0.0501691
0.056617
0.0636138
0.0711634
0.0792626
0.0879008
0.0970588
0.106709
0.116814
0.127328
0.138194
0.149347
0.160714
0.172212
0.183751
0.195235
0.206562
0.217626
0.228321
0.238537
0.248168
0.257109
0.265261
0.272532
0.278838
0.284104
0.288267
0.291277
0.293099
0.293708
0.293099
0.291277
0.288267
0.284104
0.278838
0.272532
0.265261
0.257109
0.248168
0.238537
0.228321
0.217626
0.206562
0.195235
0.183751
0.172212
0.160714
0.149347
0.138194
0.127328
0.116814
0.106709
0.0970588
0.0879008
0.0792626
0.0711634
0.0636138
0.056617
0.0501691
0.0442599
0.0388742
0.0339919
0.0295895
0.0256404
0.0221158
0.0189857
0.0162189
0.0137842
0.0116503
0.00978665
0.00816334
0.00675159
0.00552373
0.00445334
0.00351524
0.00268535
0.00194068
0.00125911
0.000619199
0
0
0.000615352
0.00125129
0.00192862
0.00266867
0.00349339
0.00442567
0.00548941
0.00670963
0.00811262
0.00972584
0.0115779
0.0136985
0.0161181
0.0188677
0.0219784
0.0254811
0.0294057
0.0337807
0.0386327
0.0439849
0.0498573
0.0562652
0.0632185
0.0707212
0.0787701
0.0873546
0.0964558
0.106046
0.116088
0.126536
0.137335
0.14842
0.159716
0.171142
0.18261
0.194022
0.205278
0.216274
0.226902
0.237055
0.246626
0.255511
0.263613
0.270839
0.277105
0.282338
0.286476
0.289468
0.291277
0.291883
0.291277
0.289468
0.286476
0.282338
0.277105
0.270839
0.263613
0.255511
0.246626
0.237055
0.226902
0.216274
0.205278
0.194022
0.18261
0.171142
0.159716
0.14842
0.137335
0.126536
0.116088
0.106046
0.0964558
0.0873546
0.0787701
0.0707212
0.0632185
0.0562652
0.0498573
0.0439849
0.0386327
0.0337807
0.0294057
0.0254811
0.0219784
0.0188677
0.0161181
0.0136985
0.0115779
0.00972584
0.00811262
0.00670963
0.00548941
0.00442567
0.00349339
0.00266867
0.00192862
0.00125129
0.000615352
0
0
0.000608992
0.00123835
0.00190869
0.00264108
0.00345729
0.00437993
0.00543267
0.00664029
0.00802877
0.00962532
0.0114583
0.0135569
0.0159515
0.0186727
0.0217512
0.0252177
0.0291017
0.0334316
0.0382334
0.0435303
0.049342
0.0556837
0.0625652
0.0699903
0.077956
0.0864517
0.0954588
0.10495
0.114888
0.125229
0.135916
0.146886
0.158065
0.169373
0.180722
0.192017
0.203157
0.214039
0.224557
0.234605
0.244077
0.25287
0.260888
0.26804
0.274241
0.27942
0.283515
0.286476
0.288267
0.288866
0.288267
0.286476
0.283515
0.27942
0.274241
0.26804
0.260888
0.25287
0.244077
0.234605
0.224557
0.214039
0.203157
0.192017
0.180722
0.169373
0.158065
0.146886
0.135916
0.125229
0.114888
0.10495
0.0954588
0.0864517
0.077956
0.0699903
0.0625652
0.0556837
0.049342
0.0435303
0.0382334
0.0334316
0.0291017
0.0252177
0.0217512
0.0186727
0.0159515
0.0135569
0.0114583
0.00962532
0.00802877
0.00664029
0.00543267
0.00437993
0.00345729
0.00264108
0.00190869
0.00123835
0.000608992
0
0
0.000600196
0.00122047
0.00188113
0.00260294
0.00340736
0.00431668
0.00535421
0.00654439
0.00791282
0.00948631
0.0112928
0.0133612
0.0157212
0.018403
0.0214371
0.0248535
0.0286814
0.0329488
0.0376812
0.0429016
0.0486294
0.0548795
0.0616616
0.0689794
0.0768301
0.0852032
0.0940802
0.103434
0.113229
0.12342
0.133953
0.144764
0.155782
0.166927
0.178112
0.189243
0.200223
0.210948
0.221314
0.231216
0.240552
0.249218
0.257121
0.264168
0.270281
0.275385
0.27942
0.282338
0.284104
0.284695
0.284104
0.282338
0.27942
0.275385
0.270281
0.264168
0.257121
0.249218
0.240552
0.231216
0.221314
0.210948
0.200223
0.189243
0.178112
0.166927
0.155782
0.144764
0.133953
0.12342
0.113229
0.103434
0.0940802
0.0852032
0.0768301
0.0689794
0.0616616
0.0548795
0.0486294
0.0429016
0.0376812
0.0329488
0.0286814
0.0248535
0.0214371
0.018403
0.0157212
0.0133612
0.0112928
0.00948631
0.00791282
0.00654439
0.00535421
0.00431668
0.00340736
0.00260294
0.00188113
0.00122047
0.000600196
0
0
0.000589072
0.00119785
0.00184626
0.00255469
0.0033442
0.00423667
0.00525497
0.00642309
0.00776615
0.00931048
0.0110835
0.0131135
0.0154298
0.0180619
0.0210398
0.0243928
0.0281498
0.0323381
0.0369828
0.0421065
0.0477281
0.0538623
0.0605187
0.0677009
0.0754061
0.0836239
0.0923364
0.101517
0.11113
0.121132
0.13147
0.142081
0.152895
0.163833
0.174811
0.185736
0.196511
0.207038
0.217212
0.226931
0.236093
0.244599
0.252355
0.259272
0.265271
0.270281
0.274241
0.277105
0.278838
0.279418
0.278838
0.277105
0.274241
0.270281
0.265271
0.259272
0.252355
0.244599
0.236093
0.226931
0.217212
0.207038
0.196511
0.185736
0.174811
0.163833
0.152895
0.142081
0.13147
0.121132
0.11113
0.101517
0.0923364
0.0836239
0.0754061
0.0677009
0.0605187
0.0538623
0.0477281
0.0421065
0.0369828
0.0323381
0.0281498
0.0243928
0.0210398
0.0180619
0.0154298
0.0131135
0.0110835
0.00931048
0.00776615
0.00642309
0.00525497
0.00423667
0.0033442
0.00255469
0.00184626
0.00119785
0.000589072
0
0
0.000575751
0.00117076
0.00180451
0.00249692
0.00326858
0.00414086
0.00513613
0.00627783
0.00759053
0.00909993
0.0108328
0.012817
0.0150808
0.0176535
0.020564
0.0238412
0.0275133
0.0316068
0.0361465
0.0411543
0.0466488
0.0526443
0.0591501
0.0661699
0.0737008
0.0817329
0.0902483
0.0992213
0.108617
0.118393
0.128497
0.138868
0.149437
0.160128
0.170858
0.181536
0.192068
0.202356
0.2123
0.221799
0.230754
0.239068
0.246648
0.253409
0.259272
0.264168
0.26804
0.270839
0.272532
0.273099
0.272532
0.270839
0.26804
0.264168
0.259272
0.253409
0.246648
0.239068
0.230754
0.221799
0.2123
0.202356
0.192068
0.181536
0.170858
0.160128
0.149437
0.138868
0.128497
0.118393
0.108617
0.0992213
0.0902483
0.0817329
0.0737008
0.0661699
0.0591501
0.0526443
0.0466488
0.0411543
0.0361465
0.0316068
0.0275133
0.0238412
0.020564
0.0176535
0.0150808
0.012817
0.0108328
0.00909993
0.00759053
0.00627783
0.00513613
0.00414086
0.00326858
0.00249692
0.00180451
0.00117076
0.000575751
0
0
0.00056039
0.00113952
0.00175636
0.00243031
0.00318137
0.00403038
0.0049991
0.00611034
0.00738802
0.00885715
0.0105438
0.012475
0.0146785
0.0171825
0.0200153
0.0232051
0.0267792
0.0307635
0.0351821
0.0400563
0.0454042
0.0512397
0.057572
0.0644045
0.0717345
0.0795523
0.0878405
0.0965741
0.105719
0.115235
0.125069
0.135163
0.14545
0.155856
0.166299
0.176692
0.186943
0.196957
0.206636
0.215881
0.224597
0.232689
0.240068
0.246648
0.252355
0.257121
0.260888
0.263613
0.265261
0.265813
0.265261
0.263613
0.260888
0.257121
0.252355
0.246648
0.240068
0.232689
0.224597
0.215881
0.206636
0.196957
0.186943
0.176692
0.166299
0.155856
0.14545
0.135163
0.125069
0.115235
0.105719
0.0965741
0.0878405
0.0795523
0.0717345
0.0644045
0.057572
0.0512397
0.0454042
0.0400563
0.0351821
0.0307635
0.0267792
0.0232051
0.0200153
0.0171825
0.0146785
0.012475
0.0105438
0.00885715
0.00738802
0.00611034
0.0049991
0.00403038
0.00318137
0.00243031
0.00175636
0.00113952
0.00056039
0
0
0.000543167
0.0011045
0.00170238
0.00235561
0.0030836
0.00390651
0.00484546
0.00592255
0.00716096
0.00858494
0.0102198
0.0120916
0.0142274
0.0166544
0.0194002
0.022492
0.0259562
0.029818
0.0341008
0.0388252
0.0440088
0.0496649
0.0558026
0.0624251
0.0695299
0.0771073
0.0851409
0.093606
0.10247
0.111693
0.121225
0.131009
0.14098
0.151066
0.161188
0.171262
0.181198
0.190904
0.200285
0.209247
0.217695
0.225538
0.232689
0.239068
0.244599
0.249218
0.25287
0.255511
0.257109
0.257643
0.257109
0.255511
0.25287
0.249218
0.244599
0.239068
0.232689
0.225538
0.217695
0.209247
0.200285
0.190904
0.181198
0.171262
0.161188
0.151066
0.14098
0.131009
0.121225
0.111693
0.10247
0.093606
0.0851409
0.0771073
0.0695299
0.0624251
0.0558026
0.0496649
0.0440088
0.0388252
0.0341008
0.029818
0.0259562
0.022492
0.0194002
0.0166544
0.0142274
0.0120916
0.0102198
0.00858494
0.00716096
0.00592255
0.00484546
0.00390651
0.0030836
0.00235561
0.00170238
0.0011045
0.000543167
0
0
0.000524278
0.00106609
0.00164318
0.0022737
0.00297636
0.00377066
0.00467696
0.00571659
0.00691193
0.00828639
0.00986436
0.0116711
0.0137326
0.0160752
0.0187255
0.0217098
0.0250535
0.0287811
0.0329149
0.037475
0.0424783
0.0479378
0.053862
0.0602542
0.0671119
0.0744259
0.08218
0.0903508
0.0989068
0.107809
0.117009
0.126453
0.136077
0.145813
0.155583
0.165306
0.174897
0.184265
0.19332
0.20197
0.210124
0.217695
0.224597
0.230754
0.236093
0.240552
0.244077
0.246626
0.248168
0.248684
0.248168
0.246626
0.244077
0.240552
0.236093
0.230754
0.224597
0.217695
0.210124
0.20197
0.19332
0.184265
0.174897
0.165306
0.155583
0.145813
0.136077
0.126453
0.117009
0.107809
0.0989068
0.0903508
0.08218
0.0744259
0.0671119
0.0602542
0.053862
0.0479378
0.0424783
0.037475
0.0329149
0.0287811
0.0250535
0.0217098
0.0187255
0.0160752
0.0137326
0.0116711
0.00986436
0.00828639
0.00691193
0.00571659
0.00467696
0.00377066
0.00297636
0.0022737
0.00164318
0.00106609
0.000524278
0
0
0.000503932
0.00102472
0.00157942
0.00218546
0.00286086
0.00362433
0.00449546
0.00549474
0.0066437
0.00796482
0.00948155
0.0112182
0.0131997
0.0154514
0.0179988
0.0208673
0.0240813
0.0276642
0.0316376
0.0360207
0.0408298
0.0460775
0.0517718
0.0579159
0.0645075
0.0715376
0.0789909
0.0868445
0.0950685
0.103625
0.112468
0.121546
0.130797
0.140154
0.149545
0.158891
0.168109
0.177114
0.185818
0.194132
0.20197
0.209247
0.215881
0.221799
0.226931
0.231216
0.234605
0.237055
0.238537
0.239033
0.238537
0.237055
0.234605
0.231216
0.226931
0.221799
0.215881
0.209247
0.20197
0.194132
0.185818
0.177114
0.168109
0.158891
0.149545
0.140154
0.130797
0.121546
0.112468
0.103625
0.0950685
0.0868445
0.0789909
0.0715376
0.0645075
0.0579159
0.0517718
0.0460775
0.0408298
0.0360207
0.0316376
0.0276642
0.0240813
0.0208673
0.0179988
0.0154514
0.0131997
0.0112182
0.00948155
0.00796482
0.0066437
0.00549474
0.00449546
0.00362433
0.00286086
0.00218546
0.00157942
0.00102472
0.000503932
0
0
0.00048235
0.000980833
0.00151177
0.00209186
0.00273833
0.00346911
0.00430292
0.00525941
0.00635916
0.0076237
0.00907547
0.0107377
0.0126343
0.0147896
0.017228
0.0199736
0.0230499
0.0264794
0.0302826
0.034478
0.0390812
0.0441041
0.0495545
0.0554355
0.0617447
0.0684738
0.0756078
0.0831251
0.0909969
0.0991869
0.107652
0.11634
0.125195
0.134152
0.14314
0.152086
0.160909
0.169529
0.177859
0.185818
0.19332
0.200285
0.206636
0.2123
0.217212
0.221314
0.224557
0.226902
0.228321
0.228796
0.228321
0.226902
0.224557
0.221314
0.217212
0.2123
0.206636
0.200285
0.19332
0.185818
0.177859
0.169529
0.160909
0.152086
0.14314
0.134152
0.125195
0.11634
0.107652
0.0991869
0.0909969
0.0831251
0.0756078
0.0684738
0.0617447
0.0554355
0.0495545
0.0441041
0.0390812
0.034478
0.0302826
0.0264794
0.0230499
0.0199736
0.017228
0.0147896
0.0126343
0.0107377
0.00907547
0.0076237
0.00635916
0.00525941
0.00430292
0.00346911
0.00273833
0.00209186
0.00151177
0.000980833
0.00048235
0
0
0.000459757
0.000934891
0.00144096
0.00199388
0.00261007
0.00330662
0.00410138
0.00501306
0.0060613
0.00726661
0.00865038
0.0102348
0.0120426
0.0140969
0.016421
0.019038
0.0219703
0.0252391
0.0288642
0.0328631
0.0372506
0.0420382
0.0472334
0.0528389
0.0588526
0.0652665
0.0720664
0.0792316
0.0867346
0.094541
0.102609
0.110891
0.119331
0.127868
0.136436
0.144962
0.153373
0.161588
0.169529
0.177114
0.184265
0.190904
0.196957
0.202356
0.207038
0.210948
0.214039
0.216274
0.217626
0.218079
0.217626
0.216274
0.214039
0.210948
0.207038
0.202356
0.196957
0.190904
0.184265
0.177114
0.169529
0.161588
0.153373
0.144962
0.136436
0.127868
0.119331
0.110891
0.102609
0.094541
0.0867346
0.0792316
0.0720664
0.0652665
0.0588526
0.0528389
0.0472334
0.0420382
0.0372506
0.0328631
0.0288642
0.0252391
0.0219703
0.019038
0.016421
0.0140969
0.0120426
0.0102348
0.00865038
0.00726661
0.0060613
0.00501306
0.00410138
0.00330662
0.00261007
0.00199388
0.00144096
0.000934891
0.000459757
0
0
0.000436382
0.00088736
0.0013677
0.00189251
0.00247737
0.0031385
0.00389286
0.00475819
0.00575313
0.00689716
0.00821058
0.00971442
0.0114303
0.0133802
0.0155862
0.0180701
0.0208533
0.0239559
0.0273967
0.0311923
0.0353567
0.0399009
0.044832
0.0501525
0.0558605
0.0619482
0.0684024
0.0752033
0.0823249
0.0897344
0.0973924
0.105253
0.113264
0.121367
0.129499
0.137592
0.145575
0.153373
0.160909
0.168109
0.174897
0.181198
0.186943
0.192068
0.196511
0.200223
0.203157
0.205278
0.206562
0.206991
0.206562
0.205278
0.203157
0.200223
0.196511
0.192068
0.186943
0.181198
0.174897
0.168109
0.160909
0.153373
0.145575
0.137592
0.129499
0.121367
0.113264
0.105253
0.0973924
0.0897344
0.0823249
0.0752033
0.0684024
0.0619482
0.0558605
0.0501525
0.044832
0.0399009
0.0353567
0.0311923
0.0273967
0.0239559
0.0208533
0.0180701
0.0155862
0.0133802
0.0114303
0.00971442
0.00821058
0.00689716
0.00575313
0.00475819
0.00389286
0.0031385
0.00247737
0.00189251
0.0013677
0.00088736
0.000436382
0
0
0.000412453
0.000838701
0.0012927
0.00178873
0.00234152
0.0029664
0.00367939
0.00449728
0.00543766
0.00651895
0.00776035
0.00918173
0.0108035
0.0126465
0.0147315
0.0170792
0.0197098
0.0226423
0.0258944
0.0294819
0.033418
0.037713
0.0423736
0.0474024
0.0527974
0.0585513
0.0646516
0.0710796
0.0778106
0.0848138
0.0920519
0.0994814
0.107053
0.114712
0.122398
0.130047
0.137592
0.144962
0.152086
0.158891
0.165306
0.171262
0.176692
0.181536
0.185736
0.189243
0.192017
0.194022
0.195235
0.195641
0.195235
0.194022
0.192017
0.189243
0.185736
0.181536
0.176692
0.171262
0.165306
0.158891
0.152086
0.144962
0.137592
0.130047
0.122398
0.114712
0.107053
0.0994814
0.0920519
0.0848138
0.0778106
0.0710796
0.0646516
0.0585513
0.0527974
0.0474024
0.0423736
0.037713
0.033418
0.0294819
0.0258944
0.0226423
0.0197098
0.0170792
0.0147315
0.0126465
0.0108035
0.00918173
0.00776035
0.00651895
0.00543766
0.00449728
0.00367939
0.0029664
0.00234152
0.00178873
0.0012927
0.000838701
0.000412453
0
0
0.000388192
0.000789369
0.00121667
0.00168352
0.0022038
0.00279192
0.00346297
0.00423275
0.00511782
0.00613551
0.00730389
0.00864167
0.0101681
0.0119026
0.013865
0.0160746
0.0185505
0.0213105
0.0243713
0.0277477
0.0314523
0.0354947
0.0398812
0.0446142
0.0496918
0.0551073
0.0608488
0.0668987
0.0732338
0.0798251
0.0866374
0.0936299
0.100756
0.107965
0.115199
0.122398
0.129499
0.136436
0.14314
0.149545
0.155583
0.161188
0.166299
0.170858
0.174811
0.178112
0.180722
0.18261
0.183751
0.184133
0.183751
0.18261
0.180722
0.178112
0.174811
0.170858
0.166299
0.161188
0.155583
0.149545
0.14314
0.136436
0.129499
0.122398
0.115199
0.107965
0.100756
0.0936299
0.0866374
0.0798251
0.0732338
0.0668987
0.0608488
0.0551073
0.0496918
0.0446142
0.0398812
0.0354947
0.0314523
0.0277477
0.0243713
0.0213105
0.0185505
0.0160746
0.013865
0.0119026
0.0101681
0.00864167
0.00730389
0.00613551
0.00511782
0.00423275
0.00346297
0.00279192
0.0022038
0.00168352
0.00121667
0.000789369
0.000388192
0
0
0.000363815
0.000739799
0.00114026
0.0015778
0.0020654
0.0026166
0.00324551
0.00396695
0.00479644
0.00575022
0.00684523
0.008099
0.00952954
0.0111552
0.0129943
0.0150652
0.0173855
0.0199722
0.0228408
0.0260053
0.0294772
0.0332658
0.0373768
0.0418126
0.0465713
0.0516468
0.0570277
0.0626977
0.068635
0.0748123
0.0811969
0.0877503
0.094429
0.101185
0.107965
0.114712
0.121367
0.127868
0.134152
0.140154
0.145813
0.151066
0.155856
0.160128
0.163833
0.166927
0.169373
0.171142
0.172212
0.17257
0.172212
0.171142
0.169373
0.166927
0.163833
0.160128
0.155856
0.151066
0.145813
0.140154
0.134152
0.127868
0.121367
0.114712
0.107965
0.101185
0.094429
0.0877503
0.0811969
0.0748123
0.068635
0.0626977
0.0570277
0.0516468
0.0465713
0.0418126
0.0373768
0.0332658
0.0294772
0.0260053
0.0228408
0.0199722
0.0173855
0.0150652
0.0129943
0.0111552
0.00952954
0.008099
0.00684523
0.00575022
0.00479644
0.00396695
0.00324551
0.0026166
0.0020654
0.0015778
0.00114026
0.000739799
0.000363815
0
0
0.000339525
0.000690406
0.00106413
0.00147246
0.00192751
0.0024419
0.00302882
0.00370209
0.0044762
0.0053663
0.0063882
0.00755826
0.00889329
0.0104104
0.0121267
0.0140594
0.0162248
0.0186388
0.0213159
0.024269
0.0275092
0.0310447
0.0348813
0.0390209
0.043462
0.0481985
0.0532202
0.0585116
0.0640525
0.0698174
0.0757757
0.0818915
0.0881244
0.094429
0.100756
0.107053
0.113264
0.119331
0.125195
0.130797
0.136077
0.14098
0.14545
0.149437
0.152895
0.155782
0.158065
0.159716
0.160714
0.161049
0.160714
0.159716
0.158065
0.155782
0.152895
0.149437
0.14545
0.14098
0.136077
0.130797
0.125195
0.119331
0.113264
0.107053
0.100756
0.094429
0.0881244
0.0818915
0.0757757
0.0698174
0.0640525
0.0585116
0.0532202
0.0481985
0.043462
0.0390209
0.0348813
0.0310447
0.0275092
0.024269
0.0213159
0.0186388
0.0162248
0.0140594
0.0121267
0.0104104
0.00889329
0.00755826
0.0063882
0.0053663
0.0044762
0.00370209
0.00302882
0.0024419
0.00192751
0.00147246
0.00106413
0.000690406
0.000339525
0
0
0.000315511
0.000641575
0.000988869
0.00136831
0.00179118
0.00226919
0.0028146
0.00344025
0.00415961
0.00498676
0.00593638
0.00702368
0.00826429
0.00967408
0.011269
0.013065
0.0150772
0.0173205
0.0198082
0.0225525
0.0255635
0.028849
0.0324142
0.0362611
0.040388
0.0447896
0.049456
0.0543732
0.0595222
0.0648794
0.0704162
0.0760995
0.0818915
0.0877503
0.0936299
0.0994814
0.105253
0.110891
0.11634
0.121546
0.126453
0.131009
0.135163
0.138868
0.142081
0.144764
0.146886
0.14842
0.149347
0.149658
0.149347
0.14842
0.146886
0.144764
0.142081
0.138868
0.135163
0.131009
0.126453
0.121546
0.11634
0.110891
0.105253
0.0994814
0.0936299
0.0877503
0.0818915
0.0760995
0.0704162
0.0648794
0.0595222
0.0543732
0.049456
0.0447896
0.040388
0.0362611
0.0324142
0.028849
0.0255635
0.0225525
0.0198082
0.0173205
0.0150772
0.013065
0.011269
0.00967408
0.00826429
0.00702368
0.00593638
0.00498676
0.00415961
0.00344025
0.0028146
0.00226919
0.00179118
0.00136831
0.000988869
0.000641575
0.000315511
0
0
0.000291948
0.000593661
0.000915018
0.00126612
0.00165741
0.00209972
0.0026044
0.00318332
0.00384896
0.00461433
0.00549304
0.00649914
0.00764709
0.0089516
0.0104274
0.0120892
0.0139512
0.016027
0.0183289
0.0208682
0.0236543
0.0266945
0.0299934
0.033553
0.0373717
0.0414446
0.0457625
0.0503125
0.055077
0.060034
0.0651574
0.0704162
0.0757757
0.0811969
0.0866374
0.0920519
0.0973924
0.102609
0.107652
0.112468
0.117009
0.121225
0.125069
0.128497
0.13147
0.133953
0.135916
0.137335
0.138194
0.138481
0.138194
0.137335
0.135916
0.133953
0.13147
0.128497
0.125069
0.121225
0.117009
0.112468
0.107652
0.102609
0.0973924
0.0920519
0.0866374
0.0811969
0.0757757
0.0704162
0.0651574
0.060034
0.055077
0.0503125
0.0457625
0.0414446
0.0373717
0.033553
0.0299934
0.0266945
0.0236543
0.0208682
0.0183289
0.016027
0.0139512
0.0120892
0.0104274
0.0089516
0.00764709
0.00649914
0.00549304
0.00461433
0.00384896
0.00318332
0.0026044
0.00209972
0.00165741
0.00126612
0.000915018
0.000593661
0.000291948
0
0
0.000268992
0.000546981
0.00084307
0.00116657
0.00152709
0.00193462
0.00239961
0.00293302
0.00354631
0.00425151
0.00506112
0.00598811
0.0070458
0.00824773
0.00960753
0.0111387
0.0128542
0.0147668
0.0168877
0.0192274
0.0217944
0.0245955
0.0276351
0.0309147
0.0344332
0.0381858
0.0421642
0.0463564
0.0507462
0.0553136
0.060034
0.0648794
0.0698174
0.0748123
0.0798251
0.0848138
0.0897344
0.094541
0.0991869
0.103625
0.107809
0.111693
0.115235
0.118393
0.121132
0.12342
0.125229
0.126536
0.127328
0.127592
0.127328
0.126536
0.125229
0.12342
0.121132
0.118393
0.115235
0.111693
0.107809
0.103625
0.0991869
0.094541
0.0897344
0.0848138
0.0798251
0.0748123
0.0698174
0.0648794
0.060034
0.0553136
0.0507462
0.0463564
0.0421642
0.0381858
0.0344332
0.0309147
0.0276351
0.0245955
0.0217944
0.0192274
0.0168877
0.0147668
0.0128542
0.0111387
0.00960753
0.00824773
0.0070458
0.00598811
0.00506112
0.00425151
0.00354631
0.00293302
0.00239961
0.00193462
0.00152709
0.00116657
0.00084307
0.000546981
0.000268992
0
0
0.000246781
0.000501816
0.000773457
0.00107024
0.00140099
0.00177487
0.00220147
0.00269083
0.00325349
0.00390046
0.00464322
0.00549366
0.00646402
0.00756671
0.00881422
0.0102189
0.0117929
0.0135474
0.0154933
0.0176397
0.0199948
0.0225646
0.0253532
0.0283621
0.03159
0.0350327
0.0386827
0.0425287
0.0465561
0.0507462
0.055077
0.0595222
0.0640525
0.068635
0.0732338
0.0778106
0.0823249
0.0867346
0.0909969
0.0950685
0.0989068
0.10247
0.105719
0.108617
0.11113
0.113229
0.114888
0.116088
0.116814
0.117057
0.116814
0.116088
0.114888
0.113229
0.11113
0.108617
0.105719
0.10247
0.0989068
0.0950685
0.0909969
0.0867346
0.0823249
0.0778106
0.0732338
0.068635
0.0640525
0.0595222
0.055077
0.0507462
0.0465561
0.0425287
0.0386827
0.0350327
0.03159
0.0283621
0.0253532
0.0225646
0.0199948
0.0176397
0.0154933
0.0135474
0.0117929
0.0102189
0.00881422
0.00756671
0.00646402
0.00549366
0.00464322
0.00390046
0.00325349
0.00269083
0.00220147
0.00177487
0.00140099
0.00107024
0.000773457
0.000501816
0.000246781
0
0
0.000225433
0.000458406
0.000706548
0.000977661
0.0012798
0.00162134
0.00201103
0.00245806
0.00297204
0.00356304
0.00424155
0.00501843
0.00590484
0.00691214
0.00805174
0.00933494
0.0107727
0.0123755
0.014153
0.0161138
0.0182651
0.0206127
0.02316
0.0259086
0.0288573
0.0320022
0.0353364
0.0388497
0.0425287
0.0463564
0.0503125
0.0543732
0.0585116
0.0626977
0.0668987
0.0710796
0.0752033
0.0792316
0.0831251
0.0868445
0.0903508
0.093606
0.0965741
0.0992213
0.101517
0.103434
0.10495
0.106046
0.106709
0.106931
0.106709
0.106046
0.10495
0.103434
0.101517
0.0992213
0.0965741
0.093606
0.0903508
0.0868445
0.0831251
0.0792316
0.0752033
0.0710796
0.0668987
0.0626977
0.0585116
0.0543732
0.0503125
0.0463564
0.0425287
0.0388497
0.0353364
0.0320022
0.0288573
0.0259086
0.02316
0.0206127
0.0182651
0.0161138
0.014153
0.0123755
0.0107727
0.00933494
0.00805174
0.00691214
0.00590484
0.00501843
0.00424155
0.00356304
0.00297204
0.00245806
0.00201103
0.00162134
0.0012798
0.000977661
0.000706548
0.000458406
0.000225433
0
0
0.000205046
0.000416951
0.000642652
0.000889247
0.00116406
0.00147471
0.00182917
0.00223577
0.00270327
0.00324082
0.00385797
0.00456459
0.00537085
0.00628705
0.00732359
0.00849074
0.00979849
0.0112563
0.0128731
0.0146566
0.0166134
0.0187486
0.0210655
0.0235656
0.0262476
0.0291081
0.0321408
0.0353364
0.0386827
0.0421642
0.0457625
0.049456
0.0532202
0.0570277
0.0608488
0.0646516
0.0684024
0.0720664
0.0756078
0.0789909
0.08218
0.0851409
0.0878405
0.0902483
0.0923364
0.0940802
0.0954588
0.0964558
0.0970588
0.0972607
0.0970588
0.0964558
0.0954588
0.0940802
0.0923364
0.0902483
0.0878405
0.0851409
0.08218
0.0789909
0.0756078
0.0720664
0.0684024
0.0646516
0.0608488
0.0570277
0.0532202
0.049456
0.0457625
0.0421642
0.0386827
0.0353364
0.0321408
0.0291081
0.0262476
0.0235656
0.0210655
0.0187486
0.0166134
0.0146566
0.0128731
0.0112563
0.00979849
0.00849074
0.00732359
0.00628705
0.00537085
0.00456459
0.00385797
0.00324082
0.00270327
0.00223577
0.00182917
0.00147471
0.00116406
0.000889247
0.000642652
0.000416951
0.000205046
0
0
0.000185699
0.000377609
0.000582014
0.000805341
0.00105423
0.00133557
0.00165657
0.00202481
0.0024482
0.00293503
0.00349395
0.0041339
0.00486407
0.00569383
0.00663257
0.00768959
0.00887394
0.0101942
0.0116584
0.0132736
0.0150458
0.0169795
0.0190779
0.021342
0.023771
0.0263616
0.0291081
0.0320022
0.0350327
0.0381858
0.0414446
0.0447896
0.0481985
0.0516468
0.0551073
0.0585513
0.0619482
0.0652665
0.0684738
0.0715376
0.0744259
0.0771073
0.0795523
0.0817329
0.0836239
0.0852032
0.0864517
0.0873546
0.0879008
0.0880836
0.0879008
0.0873546
0.0864517
0.0852032
0.0836239
0.0817329
0.0795523
0.0771073
0.0744259
0.0715376
0.0684738
0.0652665
0.0619482
0.0585513
0.0551073
0.0516468
0.0481985
0.0447896
0.0414446
0.0381858
0.0350327
0.0320022
0.0291081
0.0263616
0.023771
0.021342
0.0190779
0.0169795
0.0150458
0.0132736
0.0116584
0.0101942
0.00887394
0.00768959
0.00663257
0.00569383
0.00486407
0.0041339
0.00349395
0.00293503
0.0024482
0.00202481
0.00165657
0.00133557
0.00105423
0.000805341
0.000582014
0.000377609
0.000185699
0
0
0.00016745
0.000340501
0.000524819
0.000726199
0.000950624
0.00120432
0.00149378
0.00182583
0.00220761
0.0026466
0.00315059
0.00372765
0.00438607
0.00513429
0.00598077
0.00693392
0.00800189
0.00919243
0.0105127
0.0119692
0.0135672
0.0153109
0.0172031
0.0192447
0.021435
0.023771
0.0262476
0.0288573
0.03159
0.0344332
0.0373717
0.040388
0.043462
0.0465713
0.0496918
0.0527974
0.0558605
0.0588526
0.0617447
0.0645075
0.0671119
0.0695299
0.0717345
0.0737008
0.0754061
0.0768301
0.077956
0.0787701
0.0792626
0.0794274
0.0792626
0.0787701
0.077956
0.0768301
0.0754061
0.0737008
0.0717345
0.0695299
0.0671119
0.0645075
0.0617447
0.0588526
0.0558605
0.0527974
0.0496918
0.0465713
0.043462
0.040388
0.0373717
0.0344332
0.03159
0.0288573
0.0262476
0.023771
0.021435
0.0192447
0.0172031
0.0153109
0.0135672
0.0119692
0.0105127
0.00919243
0.00800189
0.00693392
0.00598077
0.00513429
0.00438607
0.00372765
0.00315059
0.0026466
0.00220761
0.00182583
0.00149378
0.00120432
0.000950624
0.000726199
0.000524819
0.000340501
0.00016745
0
0
0.000150339
0.000305707
0.000471191
0.000651994
0.000853488
0.00108126
0.00134114
0.00163926
0.00198203
0.00237617
0.00282866
0.00334675
0.00393789
0.00460966
0.00536964
0.0062254
0.00718423
0.00825313
0.00943853
0.0107462
0.0121809
0.0137464
0.0154452
0.0172782
0.0192447
0.021342
0.0235656
0.0259086
0.0283621
0.0309147
0.033553
0.0362611
0.0390209
0.0418126
0.0446142
0.0474024
0.0501525
0.0528389
0.0554355
0.0579159
0.0602542
0.0624251
0.0644045
0.0661699
0.0677009
0.0689794
0.0699903
0.0707212
0.0711634
0.0713114
0.0711634
0.0707212
0.0699903
0.0689794
0.0677009
0.0661699
0.0644045
0.0624251
0.0602542
0.0579159
0.0554355
0.0528389
0.0501525
0.0474024
0.0446142
0.0418126
0.0390209
0.0362611
0.033553
0.0309147
0.0283621
0.0259086
0.0235656
0.021342
0.0192447
0.0172782
0.0154452
0.0137464
0.0121809
0.0107462
0.00943853
0.00825313
0.00718423
0.0062254
0.00536964
0.00460966
0.00393789
0.00334675
0.00282866
0.00237617
0.00198203
0.00163926
0.00134114
0.00108126
0.000853488
0.000651994
0.000471191
0.000305707
0.000150339
0
0
0.00013439
0.000273276
0.000421204
0.000582826
0.000762943
0.000966549
0.00119886
0.00146536
0.00177176
0.00212408
0.00252857
0.0029917
0.00352013
0.00412063
0.00479999
0.00556496
0.00642208
0.00737758
0.00843722
0.00960613
0.0108886
0.0122881
0.0138067
0.0154452
0.0172031
0.0190779
0.0210655
0.02316
0.0253532
0.0276351
0.0299934
0.0324142
0.0348813
0.0373768
0.0398812
0.0423736
0.044832
0.0472334
0.0495545
0.0517718
0.053862
0.0558026
0.057572
0.0591501
0.0605187
0.0616616
0.0625652
0.0632185
0.0636138
0.0637461
0.0636138
0.0632185
0.0625652
0.0616616
0.0605187
0.0591501
0.057572
0.0558026
0.053862
0.0517718
0.0495545
0.0472334
0.044832
0.0423736
0.0398812
0.0373768
0.0348813
0.0324142
0.0299934
0.0276351
0.0253532
0.02316
0.0210655
0.0190779
0.0172031
0.0154452
0.0138067
0.0122881
0.0108886
0.00960613
0.00843722
0.00737758
0.00642208
0.00556496
0.00479999
0.00412063
0.00352013
0.0029917
0.00252857
0.00212408
0.00177176
0.00146536
0.00119886
0.000966549
0.000762943
0.000582826
0.000421204
0.000273276
0.00013439
0
0
0.000119609
0.000243218
0.000374876
0.000518721
0.000679028
0.00086024
0.001067
0.00130418
0.00157689
0.00189046
0.00225046
0.00266265
0.00313296
0.00366741
0.00427205
0.00495288
0.00571572
0.00656613
0.00750922
0.00854956
0.00969101
0.0109365
0.0122881
0.0137464
0.0153109
0.0169795
0.0187486
0.0206127
0.0225646
0.0245955
0.0266945
0.028849
0.0310447
0.0332658
0.0354947
0.037713
0.0399009
0.0420382
0.0441041
0.0460775
0.0479378
0.0496649
0.0512397
0.0526443
0.0538623
0.0548795
0.0556837
0.0562652
0.056617
0.0567347
0.056617
0.0562652
0.0556837
0.0548795
0.0538623
0.0526443
0.0512397
0.0496649
0.0479378
0.0460775
0.0441041
0.0420382
0.0399009
0.037713
0.0354947
0.0332658
0.0310447
0.028849
0.0266945
0.0245955
0.0225646
0.0206127
0.0187486
0.0169795
0.0153109
0.0137464
0.0122881
0.0109365
0.00969101
0.00854956
0.00750922
0.00656613
0.00571572
0.00495288
0.00427205
0.00366741
0.00313296
0.00266265
0.00225046
0.00189046
0.00157689
0.00130418
0.001067
0.00086024
0.000679028
0.000518721
0.000374876
0.000243218
0.000119609
0
0
0.000105987
0.000215519
0.000332183
0.000459646
0.000601696
0.00076227
0.000945485
0.00115565
0.0013973
0.00167516
0.00199416
0.00235941
0.00277615
0.00324974
0.00378552
0.00438881
0.00506477
0.00581833
0.00665402
0.00757588
0.00858733
0.00969101
0.0108886
0.0121809
0.0135672
0.0150458
0.0166134
0.0182651
0.0199948
0.0217944
0.0236543
0.0255635
0.0275092
0.0294772
0.0314523
0.033418
0.0353567
0.0372506
0.0390812
0.0408298
0.0424783
0.0440088
0.0454042
0.0466488
0.0477281
0.0486294
0.049342
0.0498573
0.0501691
0.0502734
0.0501691
0.0498573
0.049342
0.0486294
0.0477281
0.0466488
0.0454042
0.0440088
0.0424783
0.0408298
0.0390812
0.0372506
0.0353567
0.033418
0.0314523
0.0294772
0.0275092
0.0255635
0.0236543
0.0217944
0.0199948
0.0182651
0.0166134
0.0150458
0.0135672
0.0121809
0.0108886
0.00969101
0.00858733
0.00757588
0.00665402
0.00581833
0.00506477
0.00438881
0.00378552
0.00324974
0.00277615
0.00235941
0.00199416
0.00167516
0.0013973
0.00115565
0.000945485
0.00076227
0.000601696
0.000459646
0.000332183
0.000215519
0.000105987
0
0
9.35034e-05
0.000190134
0.000293057
0.000405507
0.000530825
0.000672486
0.000834121
0.00101954
0.00123272
0.00147785
0.00175928
0.00208151
0.00244917
0.00286697
0.00333964
0.00387187
0.00446822
0.00513302
0.00587028
0.00668356
0.00757588
0.00854956
0.00960613
0.0107462
0.0119692
0.0132736
0.0146566
0.0161138
0.0176397
0.0192274
0.0208682
0.0225525
0.024269
0.0260053
0.0277477
0.0294819
0.0311923
0.0328631
0.034478
0.0360207
0.037475
0.0388252
0.0400563
0.0411543
0.0421065
0.0429016
0.0435303
0.0439849
0.0442599
0.044352
0.0442599
0.0439849
0.0435303
0.0429016
0.0421065
0.0411543
0.0400563
0.0388252
0.037475
0.0360207
0.034478
0.0328631
0.0311923
0.0294819
0.0277477
0.0260053
0.024269
0.0225525
0.0208682
0.0192274
0.0176397
0.0161138
0.0146566
0.0132736
0.0119692
0.0107462
0.00960613
0.00854956
0.00757588
0.00668356
0.00587028
0.00513302
0.00446822
0.00387187
0.00333964
0.00286697
0.00244917
0.00208151
0.00175928
0.00147785
0.00123272
0.00101954
0.000834121
0.000672486
0.000530825
0.000405507
0.000293057
0.000190134
9.35034e-05
0
0
8.21255e-05
0.000166998
0.000257396
0.000356163
0.000466232
0.000590655
0.000732622
0.000895475
0.00108272
0.00129802
0.0015452
0.00182822
0.00215114
0.0025181
0.00293326
0.00340073
0.00392451
0.00450841
0.00515596
0.00587028
0.00665402
0.00750922
0.00843722
0.00943853
0.0105127
0.0116584
0.0128731
0.014153
0.0154933
0.0168877
0.0183289
0.0198082
0.0213159
0.0228408
0.0243713
0.0258944
0.0273967
0.0288642
0.0302826
0.0316376
0.0329149
0.0341008
0.0351821
0.0361465
0.0369828
0.0376812
0.0382334
0.0386327
0.0388742
0.0389551
0.0388742
0.0386327
0.0382334
0.0376812
0.0369828
0.0361465
0.0351821
0.0341008
0.0329149
0.0316376
0.0302826
0.0288642
0.0273967
0.0258944
0.0243713
0.0228408
0.0213159
0.0198082
0.0183289
0.0168877
0.0154933
0.014153
0.0128731
0.0116584
0.0105127
0.00943853
0.00843722
0.00750922
0.00665402
0.00587028
0.00515596
0.00450841
0.00392451
0.00340073
0.00293326
0.0025181
0.00215114
0.00182822
0.0015452
0.00129802
0.00108272
0.000895475
0.000732622
0.000590655
0.000466232
0.000356163
0.000257396
0.000166998
8.21255e-05
0
0
7.18113e-05
0.000146024
0.00022507
0.000311432
0.000407677
0.000516474
0.000640611
0.000783011
0.000946739
0.001135
0.00135114
0.00159861
0.00188098
0.00220185
0.00256487
0.00297363
0.00343163
0.0039422
0.00450841
0.00513302
0.00581833
0.00656613
0.00737758
0.00825313
0.00919243
0.0101942
0.0112563
0.0123755
0.0135474
0.0147668
0.016027
0.0173205
0.0186388
0.0199722
0.0213105
0.0226423
0.0239559
0.0252391
0.0264794
0.0276642
0.0287811
0.029818
0.0307635
0.0316068
0.0323381
0.0329488
0.0334316
0.0337807
0.0339919
0.0340626
0.0339919
0.0337807
0.0334316
0.0329488
0.0323381
0.0316068
0.0307635
0.029818
0.0287811
0.0276642
0.0264794
0.0252391
0.0239559
0.0226423
0.0213105
0.0199722
0.0186388
0.0173205
0.016027
0.0147668
0.0135474
0.0123755
0.0112563
0.0101942
0.00919243
0.00825313
0.00737758
0.00656613
0.00581833
0.00513302
0.00450841
0.0039422
0.00343163
0.00297363
0.00256487
0.00220185
0.00188098
0.00159861
0.00135114
0.001135
0.000946739
0.000783011
0.000640611
0.000516474
0.000407677
0.000311432
0.00022507
0.000146024
7.18113e-05
0
0
6.25107e-05
0.000127112
0.00019592
0.000271097
0.000354878
0.000449584
0.000557643
0.0006816
0.000824123
0.000988003
0.00117615
0.00139157
0.00163736
0.00191668
0.00223268
0.0025885
0.00298718
0.00343163
0.00392451
0.00446822
0.00506477
0.00571572
0.00642208
0.00718423
0.00800189
0.00887394
0.00979849
0.0107727
0.0117929
0.0128542
0.0139512
0.0150772
0.0162248
0.0173855
0.0185505
0.0197098
0.0208533
0.0219703
0.0230499
0.0240813
0.0250535
0.0259562
0.0267792
0.0275133
0.0281498
0.0286814
0.0291017
0.0294057
0.0295895
0.029651
0.0295895
0.0294057
0.0291017
0.0286814
0.0281498
0.0275133
0.0267792
0.0259562
0.0250535
0.0240813
0.0230499
0.0219703
0.0208533
0.0197098
0.0185505
0.0173855
0.0162248
0.0150772
0.0139512
0.0128542
0.0117929
0.0107727
0.00979849
0.00887394
0.00800189
0.00718423
0.00642208
0.00571572
0.00506477
0.00446822
0.00392451
0.00343163
0.00298718
0.0025885
0.00223268
0.00191668
0.00163736
0.00139157
0.00117615
0.000988003
0.000824123
0.0006816
0.000557643
0.000449584
0.000354878
0.000271097
0.00019592
0.000127112
6.25107e-05
0
0
5.41678e-05
0.000110147
0.000169772
0.000234915
0.000307514
0.00038958
0.000483218
0.000590631
0.000714132
0.00085614
0.00101917
0.00120584
0.00141883
0.00166087
0.0019347
0.00224303
0.0025885
0.00297363
0.00340073
0.00387187
0.00438881
0.00495288
0.00556496
0.0062254
0.00693392
0.00768959
0.00849074
0.00933494
0.0102189
0.0111387
0.0120892
0.013065
0.0140594
0.0150652
0.0160746
0.0170792
0.0180701
0.019038
0.0199736
0.0208673
0.0217098
0.022492
0.0232051
0.0238412
0.0243928
0.0248535
0.0252177
0.0254811
0.0256404
0.0256937
0.0256404
0.0254811
0.0252177
0.0248535
0.0243928
0.0238412
0.0232051
0.022492
0.0217098
0.0208673
0.0199736
0.019038
0.0180701
0.0170792
0.0160746
0.0150652
0.0140594
0.013065
0.0120892
0.0111387
0.0102189
0.00933494
0.00849074
0.00768959
0.00693392
0.0062254
0.00556496
0.00495288
0.00438881
0.00387187
0.00340073
0.00297363
0.0025885
0.00224303
0.0019347
0.00166087
0.00141883
0.00120584
0.00101917
0.00085614
0.000714132
0.000590631
0.000483218
0.00038958
0.000307514
0.000234915
0.000169772
0.000110147
5.41678e-05
0
0
4.67218e-05
9.50063e-05
0.000146435
0.000202624
0.000265243
0.000336028
0.000416794
0.000509442
0.000615967
0.000738454
0.000879077
0.00104009
0.0012238
0.00143257
0.00166875
0.0019347
0.00223268
0.00256487
0.00293326
0.00333964
0.00378552
0.00427205
0.00479999
0.00536964
0.00598077
0.00663257
0.00732359
0.00805174
0.00881422
0.00960753
0.0104274
0.011269
0.0121267
0.0129943
0.013865
0.0147315
0.0155862
0.016421
0.017228
0.0179988
0.0187255
0.0194002
0.0200153
0.020564
0.0210398
0.0214371
0.0217512
0.0219784
0.0221158
0.0221618
0.0221158
0.0219784
0.0217512
0.0214371
0.0210398
0.020564
0.0200153
0.0194002
0.0187255
0.0179988
0.017228
0.016421
0.0155862
0.0147315
0.013865
0.0129943
0.0121267
0.011269
0.0104274
0.00960753
0.00881422
0.00805174
0.00732359
0.00663257
0.00598077
0.00536964
0.00479999
0.00427205
0.00378552
0.00333964
0.00293326
0.00256487
0.00223268
0.0019347
0.00166875
0.00143257
0.0012238
0.00104009
0.000879077
0.000738454
0.000615967
0.000509442
0.000416794
0.000336028
0.000265243
0.000202624
0.000146435
9.50063e-05
4.67218e-05
0
0
4.0109e-05
8.15597e-05
0.000125709
0.000173945
0.000227702
0.000288468
0.000357803
0.000437339
0.000528786
0.000633937
0.000754657
0.000892879
0.00105059
0.00122981
0.00143257
0.00166087
0.00191668
0.00220185
0.0025181
0.00286697
0.00324974
0.00366741
0.00412063
0.00460966
0.00513429
0.00569383
0.00628705
0.00691214
0.00756671
0.00824773
0.0089516
0.00967408
0.0104104
0.0111552
0.0119026
0.0126465
0.0133802
0.0140969
0.0147896
0.0154514
0.0160752
0.0166544
0.0171825
0.0176535
0.0180619
0.018403
0.0186727
0.0188677
0.0189857
0.0190251
0.0189857
0.0188677
0.0186727
0.018403
0.0180619
0.0176535
0.0171825
0.0166544
0.0160752
0.0154514
0.0147896
0.0140969
0.0133802
0.0126465
0.0119026
0.0111552
0.0104104
0.00967408
0.0089516
0.00824773
0.00756671
0.00691214
0.00628705
0.00569383
0.00513429
0.00460966
0.00412063
0.00366741
0.00324974
0.00286697
0.0025181
0.00220185
0.00191668
0.00166087
0.00143257
0.00122981
0.00105059
0.000892879
0.000754657
0.000633937
0.000528786
0.000437339
0.000357803
0.000288468
0.000227702
0.000173945
0.000125709
8.15597e-05
4.0109e-05
0
0
3.4264e-05
6.9674e-05
0.00010739
0.000148597
0.000194519
0.00024643
0.000305661
0.000373606
0.000451727
0.000541554
0.000644681
0.000762761
0.000897488
0.00105059
0.0012238
0.00141883
0.00163736
0.00188098
0.00215114
0.00244917
0.00277615
0.00313296
0.00352013
0.00393789
0.00438607
0.00486407
0.00537085
0.00590484
0.00646402
0.0070458
0.00764709
0.00826429
0.00889329
0.00952954
0.0101681
0.0108035
0.0114303
0.0120426
0.0126343
0.0131997
0.0137326
0.0142274
0.0146785
0.0150808
0.0154298
0.0157212
0.0159515
0.0161181
0.0162189
0.0162526
0.0162189
0.0161181
0.0159515
0.0157212
0.0154298
0.0150808
0.0146785
0.0142274
0.0137326
0.0131997
0.0126343
0.0120426
0.0114303
0.0108035
0.0101681
0.00952954
0.00889329
0.00826429
0.00764709
0.0070458
0.00646402
0.00590484
0.00537085
0.00486407
0.00438607
0.00393789
0.00352013
0.00313296
0.00277615
0.00244917
0.00215114
0.00188098
0.00163736
0.00141883
0.0012238
0.00105059
0.000897488
0.000762761
0.000644681
0.000541554
0.000451727
0.000373606
0.000305661
0.00024643
0.000194519
0.000148597
0.00010739
6.9674e-05
3.4264e-05
0
0
2.91204e-05
5.92148e-05
9.12687e-05
0.00012629
0.000165319
0.000209437
0.000259776
0.000317521
0.000383915
0.000460258
0.000547904
0.000648258
0.000762761
0.000892879
0.00104009
0.00120584
0.00139157
0.00159861
0.00182822
0.00208151
0.00235941
0.00266265
0.0029917
0.00334675
0.00372765
0.0041339
0.00456459
0.00501843
0.00549366
0.00598811
0.00649914
0.00702368
0.00755826
0.008099
0.00864167
0.00918173
0.00971442
0.0102348
0.0107377
0.0112182
0.0116711
0.0120916
0.012475
0.012817
0.0131135
0.0133612
0.0135569
0.0136985
0.0137842
0.0138128
0.0137842
0.0136985
0.0135569
0.0133612
0.0131135
0.012817
0.012475
0.0120916
0.0116711
0.0112182
0.0107377
0.0102348
0.00971442
0.00918173
0.00864167
0.008099
0.00755826
0.00702368
0.00649914
0.00598811
0.00549366
0.00501843
0.00456459
0.0041339
0.00372765
0.00334675
0.0029917
0.00266265
0.00235941
0.00208151
0.00182822
0.00159861
0.00139157
0.00120584
0.00104009
0.000892879
0.000762761
0.000648258
0.000547904
0.000460258
0.000383915
0.000317521
0.000259776
0.000209437
0.000165319
0.00012629
9.12687e-05
5.92148e-05
2.91204e-05
0
0
2.46124e-05
5.00481e-05
7.71398e-05
0.000106739
0.000139726
0.000177015
0.000219561
0.000268367
0.000324483
0.000389007
0.000463086
0.000547904
0.000644681
0.000754657
0.000879077
0.00101917
0.00117615
0.00135114
0.0015452
0.00175928
0.00199416
0.00225046
0.00252857
0.00282866
0.00315059
0.00349395
0.00385797
0.00424155
0.00464322
0.00506112
0.00549304
0.00593638
0.0063882
0.00684523
0.00730389
0.00776035
0.00821058
0.00865038
0.00907547
0.00948155
0.00986436
0.0102198
0.0105438
0.0108328
0.0110835
0.0112928
0.0114583
0.0115779
0.0116503
0.0116745
0.0116503
0.0115779
0.0114583
0.0112928
0.0110835
0.0108328
0.0105438
0.0102198
0.00986436
0.00948155
0.00907547
0.00865038
0.00821058
0.00776035
0.00730389
0.00684523
0.0063882
0.00593638
0.00549304
0.00506112
0.00464322
0.00424155
0.00385797
0.00349395
0.00315059
0.00282866
0.00252857
0.00225046
0.00199416
0.00175928
0.0015452
0.00135114
0.00117615
0.00101917
0.000879077
0.000754657
0.000644681
0.000547904
0.000463086
0.000389007
0.000324483
0.000268367
0.000219561
0.000177015
0.000139726
0.000106739
7.71398e-05
5.00481e-05
2.46124e-05
0
0
2.06752e-05
4.2042e-05
6.48e-05
8.96647e-05
0.000117375
0.000148699
0.000184439
0.000225437
0.000272576
0.000326779
0.000389007
0.000460258
0.000541554
0.000633937
0.000738454
0.00085614
0.000988003
0.001135
0.00129802
0.00147785
0.00167516
0.00189046
0.00212408
0.00237617
0.0026466
0.00293503
0.00324082
0.00356304
0.00390046
0.00425151
0.00461433
0.00498676
0.0053663
0.00575022
0.00613551
0.00651895
0.00689716
0.00726661
0.0076237
0.00796482
0.00828639
0.00858494
0.00885715
0.00909993
0.00931048
0.00948631
0.00962532
0.00972584
0.00978665
0.009807
0.00978665
0.00972584
0.00962532
0.00948631
0.00931048
0.00909993
0.00885715
0.00858494
0.00828639
0.00796482
0.0076237
0.00726661
0.00689716
0.00651895
0.00613551
0.00575022
0.0053663
0.00498676
0.00461433
0.00425151
0.00390046
0.00356304
0.00324082
0.00293503
0.0026466
0.00237617
0.00212408
0.00189046
0.00167516
0.00147785
0.00129802
0.001135
0.000988003
0.00085614
0.000738454
0.000633937
0.000541554
0.000460258
0.000389007
0.000326779
0.000272576
0.000225437
0.000184439
0.000148699
0.000117375
8.96647e-05
6.48e-05
4.2042e-05
2.06752e-05
0
0
1.72459e-05
3.50685e-05
5.40517e-05
7.4792e-05
9.79059e-05
0.000124034
0.000153846
0.000188044
0.000227364
0.000272576
0.000324483
0.000383915
0.000451727
0.000528786
0.000615967
0.000714132
0.000824123
0.000946739
0.00108272
0.00123272
0.0013973
0.00157689
0.00177176
0.00198203
0.00220761
0.0024482
0.00270327
0.00297204
0.00325349
0.00354631
0.00384896
0.00415961
0.0044762
0.00479644
0.00511782
0.00543766
0.00575313
0.0060613
0.00635916
0.0066437
0.00691193
0.00716096
0.00738802
0.00759053
0.00776615
0.00791282
0.00802877
0.00811262
0.00816334
0.00818032
0.00816334
0.00811262
0.00802877
0.00791282
0.00776615
0.00759053
0.00738802
0.00716096
0.00691193
0.0066437
0.00635916
0.0060613
0.00575313
0.00543766
0.00511782
0.00479644
0.0044762
0.00415961
0.00384896
0.00354631
0.00325349
0.00297204
0.00270327
0.0024482
0.00220761
0.00198203
0.00177176
0.00157689
0.0013973
0.00123272
0.00108272
0.000946739
0.000824123
0.000714132
0.000615967
0.000528786
0.000451727
0.000383915
0.000324483
0.000272576
0.000227364
0.000188044
0.000153846
0.000124034
9.79059e-05
7.4792e-05
5.40517e-05
3.50685e-05
1.72459e-05
0
0
1.42634e-05
2.90038e-05
4.4704e-05
6.18576e-05
8.09742e-05
0.000102584
0.00012724
0.000155524
0.000188044
0.000225437
0.000268367
0.000317521
0.000373606
0.000437339
0.000509442
0.000590631
0.0006816
0.000783011
0.000895475
0.00101954
0.00115565
0.00130418
0.00146536
0.00163926
0.00182583
0.00202481
0.00223577
0.00245806
0.00269083
0.00293302
0.00318332
0.00344025
0.00370209
0.00396695
0.00423275
0.00449728
0.00475819
0.00501306
0.00525941
0.00549474
0.00571659
0.00592255
0.00611034
0.00627783
0.00642309
0.00654439
0.00664029
0.00670963
0.00675159
0.00676563
0.00675159
0.00670963
0.00664029
0.00654439
0.00642309
0.00627783
0.00611034
0.00592255
0.00571659
0.00549474
0.00525941
0.00501306
0.00475819
0.00449728
0.00423275
0.00396695
0.00370209
0.00344025
0.00318332
0.00293302
0.00269083
0.00245806
0.00223577
0.00202481
0.00182583
0.00163926
0.00146536
0.00130418
0.00115565
0.00101954
0.000895475
0.000783011
0.0006816
0.000590631
0.000509442
0.000437339
0.000373606
0.000317521
0.000268367
0.000225437
0.000188044
0.000155524
0.00012724
0.000102584
8.09742e-05
6.18576e-05
4.4704e-05
2.90038e-05
1.42634e-05
0
0
1.16694e-05
2.37291e-05
3.65741e-05
5.0608e-05
6.6248e-05
8.39276e-05
0.0001041
0.00012724
0.000153846
0.000184439
0.000219561
0.000259776
0.000305661
0.000357803
0.000416794
0.000483218
0.000557643
0.000640611
0.000732622
0.000834121
0.000945485
0.001067
0.00119886
0.00134114
0.00149378
0.00165657
0.00182917
0.00201103
0.00220147
0.00239961
0.0026044
0.0028146
0.00302882
0.00324551
0.00346297
0.00367939
0.00389286
0.00410138
0.00430292
0.00449546
0.00467696
0.00484546
0.0049991
0.00513613
0.00525497
0.00535421
0.00543267
0.00548941
0.00552373
0.00553521
0.00552373
0.00548941
0.00543267
0.00535421
0.00525497
0.00513613
0.0049991
0.00484546
0.00467696
0.00449546
0.00430292
0.00410138
0.00389286
0.00367939
0.00346297
0.00324551
0.00302882
0.0028146
0.0026044
0.00239961
0.00220147
0.00201103
0.00182917
0.00165657
0.00149378
0.00134114
0.00119886
0.001067
0.000945485
0.000834121
0.000732622
0.000640611
0.000557643
0.000483218
0.000416794
0.000357803
0.000305661
0.000259776
0.000219561
0.000184439
0.000153846
0.00012724
0.0001041
8.39276e-05
6.6248e-05
5.0608e-05
3.65741e-05
2.37291e-05
1.16694e-05
0
0
9.40812e-06
1.91309e-05
2.94868e-05
4.08013e-05
5.34106e-05
6.76642e-05
8.39276e-05
0.000102584
0.000124034
0.000148699
0.000177015
0.000209437
0.00024643
0.000288468
0.000336028
0.00038958
0.000449584
0.000516474
0.000590655
0.000672486
0.00076227
0.00086024
0.000966549
0.00108126
0.00120432
0.00133557
0.00147471
0.00162134
0.00177487
0.00193462
0.00209972
0.00226919
0.0024419
0.0026166
0.00279192
0.0029664
0.0031385
0.00330662
0.00346911
0.00362433
0.00377066
0.00390651
0.00403038
0.00414086
0.00423667
0.00431668
0.00437993
0.00442567
0.00445334
0.00446261
0.00445334
0.00442567
0.00437993
0.00431668
0.00423667
0.00414086
0.00403038
0.00390651
0.00377066
0.00362433
0.00346911
0.00330662
0.0031385
0.0029664
0.00279192
0.0026166
0.0024419
0.00226919
0.00209972
0.00193462
0.00177487
0.00162134
0.00147471
0.00133557
0.00120432
0.00108126
0.000966549
0.00086024
0.00076227
0.000672486
0.000590655
0.000516474
0.000449584
0.00038958
0.000336028
0.000288468
0.00024643
0.000209437
0.000177015
0.000148699
0.000124034
0.000102584
8.39276e-05
6.76642e-05
5.34106e-05
4.08013e-05
2.94868e-05
1.91309e-05
9.40812e-06
0
0
7.42628e-06
1.51009e-05
2.32753e-05
3.22064e-05
4.21595e-05
5.34106e-05
6.6248e-05
8.09742e-05
9.79059e-05
0.000117375
0.000139726
0.000165319
0.000194519
0.000227702
0.000265243
0.000307514
0.000354878
0.000407677
0.000466232
0.000530825
0.000601696
0.000679028
0.000762943
0.000853488
0.000950624
0.00105423
0.00116406
0.0012798
0.00140099
0.00152709
0.00165741
0.00179118
0.00192751
0.0020654
0.0022038
0.00234152
0.00247737
0.00261007
0.00273833
0.00286086
0.00297636
0.0030836
0.00318137
0.00326858
0.0033442
0.00340736
0.00345729
0.00349339
0.00351524
0.00352255
0.00351524
0.00349339
0.00345729
0.00340736
0.0033442
0.00326858
0.00318137
0.0030836
0.00297636
0.00286086
0.00273833
0.00261007
0.00247737
0.00234152
0.0022038
0.0020654
0.00192751
0.00179118
0.00165741
0.00152709
0.00140099
0.0012798
0.00116406
0.00105423
0.000950624
0.000853488
0.000762943
0.000679028
0.000601696
0.000530825
0.000466232
0.000407677
0.000354878
0.000307514
0.000265243
0.000227702
0.000194519
0.000165319
0.000139726
0.000117375
9.79059e-05
8.09742e-05
6.6248e-05
5.34106e-05
4.21595e-05
3.22064e-05
2.32753e-05
1.51009e-05
7.42628e-06
0
0
5.67306e-06
1.15359e-05
1.77804e-05
2.4603e-05
3.22064e-05
4.08013e-05
5.0608e-05
6.18576e-05
7.4792e-05
8.96647e-05
0.000106739
0.00012629
0.000148597
0.000173945
0.000202624
0.000234915
0.000271097
0.000311432
0.000356163
0.000405507
0.000459646
0.000518721
0.000582826
0.000651994
0.000726199
0.000805341
0.000889247
0.000977661
0.00107024
0.00116657
0.00126612
0.00136831
0.00147246
0.0015778
0.00168352
0.00178873
0.00189251
0.00199388
0.00209186
0.00218546
0.0022737
0.00235561
0.00243031
0.00249692
0.00255469
0.00260294
0.00264108
0.00266867
0.00268535
0.00269094
0.00268535
0.00266867
0.00264108
0.00260294
0.00255469
0.00249692
0.00243031
0.00235561
0.0022737
0.00218546
0.00209186
0.00199388
0.00189251
0.00178873
0.00168352
0.0015778
0.00147246
0.00136831
0.00126612
0.00116657
0.00107024
0.000977661
0.000889247
0.000805341
0.000726199
0.000651994
0.000582826
0.000518721
0.000459646
0.000405507
0.000356163
0.000311432
0.000271097
0.000234915
0.000202624
0.000173945
0.000148597
0.00012629
0.000106739
8.96647e-05
7.4792e-05
6.18576e-05
5.0608e-05
4.08013e-05
3.22064e-05
2.4603e-05
1.77804e-05
1.15359e-05
5.67306e-06
0
0
4.09988e-06
8.33689e-06
1.28498e-05
1.77804e-05
2.32753e-05
2.94868e-05
3.65741e-05
4.4704e-05
5.40517e-05
6.48e-05
7.71398e-05
9.12687e-05
0.00010739
0.000125709
0.000146435
0.000169772
0.00019592
0.00022507
0.000257396
0.000293057
0.000332183
0.000374876
0.000421204
0.000471191
0.000524819
0.000582014
0.000642652
0.000706548
0.000773457
0.00084307
0.000915018
0.000988869
0.00106413
0.00114026
0.00121667
0.0012927
0.0013677
0.00144096
0.00151177
0.00157942
0.00164318
0.00170238
0.00175636
0.00180451
0.00184626
0.00188113
0.00190869
0.00192862
0.00194068
0.00194472
0.00194068
0.00192862
0.00190869
0.00188113
0.00184626
0.00180451
0.00175636
0.00170238
0.00164318
0.00157942
0.00151177
0.00144096
0.0013677
0.0012927
0.00121667
0.00114026
0.00106413
0.000988869
0.000915018
0.00084307
0.000773457
0.000706548
0.000642652
0.000582014
0.000524819
0.000471191
0.000421204
0.000374876
0.000332183
0.000293057
0.000257396
0.00022507
0.00019592
0.000169772
0.000146435
0.000125709
0.00010739
9.12687e-05
7.71398e-05
6.48e-05
5.40517e-05
4.4704e-05
3.65741e-05
2.94868e-05
2.32753e-05
1.77804e-05
1.28498e-05
8.33689e-06
4.09988e-06
0
0
2.65999e-06
5.40895e-06
8.33689e-06
1.15359e-05
1.51009e-05
1.91309e-05
2.37291e-05
2.90038e-05
3.50685e-05
4.2042e-05
5.00481e-05
5.92148e-05
6.9674e-05
8.15597e-05
9.50063e-05
0.000110147
0.000127112
0.000146024
0.000166998
0.000190134
0.000215519
0.000243218
0.000273276
0.000305707
0.000340501
0.000377609
0.000416951
0.000458406
0.000501816
0.000546981
0.000593661
0.000641575
0.000690406
0.000739799
0.000789369
0.000838701
0.00088736
0.000934891
0.000980833
0.00102472
0.00106609
0.0011045
0.00113952
0.00117076
0.00119785
0.00122047
0.00123835
0.00125129
0.00125911
0.00126173
0.00125911
0.00125129
0.00123835
0.00122047
0.00119785
0.00117076
0.00113952
0.0011045
0.00106609
0.00102472
0.000980833
0.000934891
0.00088736
0.000838701
0.000789369
0.000739799
0.000690406
0.000641575
0.000593661
0.000546981
0.000501816
0.000458406
0.000416951
0.000377609
0.000340501
0.000305707
0.000273276
0.000243218
0.000215519
0.000190134
0.000166998
0.000146024
0.000127112
0.000110147
9.50063e-05
8.15597e-05
6.9674e-05
5.92148e-05
5.00481e-05
4.2042e-05
3.50685e-05
2.90038e-05
2.37291e-05
1.91309e-05
1.51009e-05
1.15359e-05
8.33689e-06
5.40895e-06
2.65999e-06
0
0
1.30812e-06
2.65999e-06
4.09988e-06
5.67306e-06
7.42628e-06
9.40812e-06
1.16694e-05
1.42634e-05
1.72459e-05
2.06752e-05
2.46124e-05
2.91204e-05
3.4264e-05
4.0109e-05
4.67218e-05
5.41678e-05
6.25107e-05
7.18113e-05
8.21255e-05
9.35034e-05
0.000105987
0.000119609
0.00013439
0.000150339
0.00016745
0.000185699
0.000205046
0.000225433
0.000246781
0.000268992
0.000291948
0.000315511
0.000339525
0.000363815
0.000388192
0.000412453
0.000436382
0.000459757
0.00048235
0.000503932
0.000524278
0.000543167
0.00056039
0.000575751
0.000589072
0.000600196
0.000608992
0.000615352
0.000619199
0.000620487
0.000619199
0.000615352
0.000608992
0.000600196
0.000589072
0.000575751
0.00056039
0.000543167
0.000524278
0.000503932
0.00048235
0.000459757
0.000436382
0.000412453
0.000388192
0.000363815
0.000339525
0.000315511
0.000291948
0.000268992
0.000246781
0.000225433
0.000205046
0.000185699
0.00016745
0.000150339
0.00013439
0.000119609
0.000105987
9.35034e-05
8.21255e-05
7.18113e-05
6.25107e-05
5.41678e-05
4.67218e-05
4.0109e-05
3.4264e-05
2.91204e-05
2.46124e-05
2.06752e-05
1.72459e-05
1.42634e-05
1.16694e-05
9.40812e-06
7.42628e-06
5.67306e-06
4.09988e-06
2.65999e-06
1.30812e-06
0
0
0
0
0
0
0
0
0
0
0
0
0
0
0
0
0
0
0
0
0
0
0
0
0
0
0
0
0
0
0
0
0
0
0
0
0
0
0
0
0
0
0
0
0
0
0
0
0
0
0
0
0
0
0
0
0
0
0
0
0
0
0
0
0
0
0
0
0
0
0
0
0
0
0
0
0
0
0
0
0
0
0
0
0
0
0
0
0
0
0
0
0
0
0
0
0
0
0
0
0
0
