# vtk DataFile Version 3.0
Heat2D data at time 0.03
ASCII
DATASET STRUCTURED_POINTS
DIMENSIONS 101 101 1
ORIGIN 0 0 0
SPACING 0.01 0.01 1
POINT_DATA 10201
SCALARS temperature double
LOOKUP_TABLE default
0
0
0
0
0
0
0
0
0
0
0
0
0
0
0
0
0
0
0
0
0
0
0
0
0
0
0
0
0
0
0
0
0
0
0
0
0
0
0
0
0
0
0
0
0
0
0
0
0
0
0
0
0
0
0
0
0
0
0
0
0
0
0
0
0
0
0
0
0
0
0
0
0
0
0
0
0
0
0
0
0
0
0
0
0
0
0
0
0
0
0
0
0
0
0
0
0
0
0
0
0
0
1.31981e-13
3.12167e-13
6.03672e-13
1.10308e-12
1.96694e-12
3.45167e-12
5.97442e-12
1.02049e-11
1.72022e-11
2.86137e-11
4.6959e-11
7.60254e-11
1.21405e-10
1.91207e-10
2.96968e-10
4.54794e-10
6.86723e-10
1.02231e-09
1.50034e-09
2.17063e-09
3.09572e-09
4.35224e-09
6.03168e-09
8.24042e-09
1.10984e-08
1.47367e-08
1.92928e-08
2.4905e-08
3.17048e-08
3.98075e-08
4.93032e-08
6.0246e-08
7.26459e-08
8.64604e-08
1.0159e-07
1.17875e-07
1.351e-07
1.52996e-07
1.7125e-07
1.89519e-07
2.07439e-07
2.24641e-07
2.40767e-07
2.55479e-07
2.68469e-07
2.7947e-07
2.8826e-07
2.94664e-07
2.98556e-07
2.99862e-07
2.98556e-07
2.94664e-07
2.8826e-07
2.7947e-07
2.68469e-07
2.55479e-07
2.40767e-07
2.24641e-07
2.07439e-07
1.89519e-07
1.7125e-07
1.52996e-07
1.351e-07
1.17875e-07
1.0159e-07
8.64604e-08
7.26459e-08
6.0246e-08
4.93032e-08
3.98075e-08
3.17048e-08
2.4905e-08
1.92928e-08
1.47367e-08
1.10984e-08
8.24042e-09
6.03168e-09
4.35224e-09
3.09572e-09
2.17063e-09
1.50034e-09
1.02231e-09
6.86723e-10
4.54794e-10
2.96968e-10
1.91207e-10
1.21405e-10
7.60254e-11
4.6959e-11
2.86137e-11
1.72022e-11
1.02049e-11
5.97442e-12
3.45167e-12
1.96694e-12
1.10308e-12
6.03672e-13
3.12167e-13
1.31981e-13
0
0
3.12167e-13
7.3835e-13
1.42783e-12
2.60906e-12
4.6523e-12
8.16405e-12
1.41309e-11
2.41371e-11
4.06875e-11
6.76784e-11
1.11069e-10
1.79819e-10
2.87153e-10
4.52251e-10
7.02402e-10
1.0757e-09
1.62427e-09
2.418e-09
3.54866e-09
5.13407e-09
7.32214e-09
1.02941e-08
1.42664e-08
1.94906e-08
2.62505e-08
3.48558e-08
4.56321e-08
5.89064e-08
7.49895e-08
9.41545e-08
1.16614e-07
1.42497e-07
1.71825e-07
2.045e-07
2.40284e-07
2.78803e-07
3.19544e-07
3.61872e-07
4.05048e-07
4.48258e-07
4.90643e-07
5.31331e-07
5.69473e-07
6.04269e-07
6.34994e-07
6.61015e-07
6.81805e-07
6.96951e-07
7.06157e-07
7.09246e-07
7.06157e-07
6.96951e-07
6.81805e-07
6.61015e-07
6.34994e-07
6.04269e-07
5.69473e-07
5.31331e-07
4.90643e-07
4.48258e-07
4.05048e-07
3.61872e-07
3.19544e-07
2.78803e-07
2.40284e-07
2.045e-07
1.71825e-07
1.42497e-07
1.16614e-07
9.41545e-08
7.49895e-08
5.89064e-08
4.56321e-08
3.48558e-08
2.62505e-08
1.94906e-08
1.42664e-08
1.02941e-08
7.32214e-09
5.13407e-09
3.54866e-09
2.418e-09
1.62427e-09
1.0757e-09
7.02402e-10
4.52251e-10
2.87153e-10
1.79819e-10
1.11069e-10
6.76784e-11
4.06875e-11
2.41371e-11
1.41309e-11
8.16405e-12
4.6523e-12
2.60906e-12
1.42783e-12
7.3835e-13
3.12167e-13
0
0
6.03672e-13
1.42783e-12
2.76116e-12
5.04543e-12
8.99667e-12
1.57877e-11
2.73266e-11
4.66767e-11
7.86819e-11
1.30877e-10
2.14787e-10
3.47735e-10
5.553e-10
8.74569e-10
1.35831e-09
2.0802e-09
3.14103e-09
4.67596e-09
6.86244e-09
9.92833e-09
1.41596e-08
1.99069e-08
2.75885e-08
3.76912e-08
5.07635e-08
6.74046e-08
8.82439e-08
1.13914e-07
1.45016e-07
1.82077e-07
2.2551e-07
2.75562e-07
3.32278e-07
3.95464e-07
4.64665e-07
5.39153e-07
6.17938e-07
6.99792e-07
7.83287e-07
8.66847e-07
9.48811e-07
1.02749e-06
1.10125e-06
1.16854e-06
1.22796e-06
1.27828e-06
1.31848e-06
1.34777e-06
1.36558e-06
1.37155e-06
1.36558e-06
1.34777e-06
1.31848e-06
1.27828e-06
1.22796e-06
1.16854e-06
1.10125e-06
1.02749e-06
9.48811e-07
8.66847e-07
7.83287e-07
6.99792e-07
6.17938e-07
5.39153e-07
4.64665e-07
3.95464e-07
3.32278e-07
2.75562e-07
2.2551e-07
1.82077e-07
1.45016e-07
1.13914e-07
8.82439e-08
6.74046e-08
5.07635e-08
3.76912e-08
2.75885e-08
1.99069e-08
1.41596e-08
9.92833e-09
6.86244e-09
4.67596e-09
3.14103e-09
2.0802e-09
1.35831e-09
8.74569e-10
5.553e-10
3.47735e-10
2.14787e-10
1.30877e-10
7.86819e-11
4.66767e-11
2.73266e-11
1.57877e-11
8.99667e-12
5.04543e-12
2.76116e-12
1.42783e-12
6.03672e-13
0
0
1.10308e-12
2.60906e-12
5.04543e-12
9.21945e-12
1.64395e-11
2.88487e-11
4.99336e-11
8.52918e-11
1.43775e-10
2.39151e-10
3.92479e-10
6.35413e-10
1.01469e-09
1.59809e-09
2.48203e-09
3.80112e-09
5.73956e-09
8.54433e-09
1.25397e-08
1.81419e-08
2.58738e-08
3.63756e-08
5.04122e-08
6.88726e-08
9.27596e-08
1.23168e-07
1.61247e-07
2.08154e-07
2.64985e-07
3.32707e-07
4.12071e-07
5.0353e-07
6.07167e-07
7.22627e-07
8.49076e-07
9.85187e-07
1.12915e-06
1.27872e-06
1.43129e-06
1.58398e-06
1.73375e-06
1.87753e-06
2.01231e-06
2.13527e-06
2.24384e-06
2.33578e-06
2.40925e-06
2.46277e-06
2.4953e-06
2.50621e-06
2.4953e-06
2.46277e-06
2.40925e-06
2.33578e-06
2.24384e-06
2.13527e-06
2.01231e-06
1.87753e-06
1.73375e-06
1.58398e-06
1.43129e-06
1.27872e-06
1.12915e-06
9.85187e-07
8.49076e-07
7.22627e-07
6.07167e-07
5.0353e-07
4.12071e-07
3.32707e-07
2.64985e-07
2.08154e-07
1.61247e-07
1.23168e-07
9.27596e-08
6.88726e-08
5.04122e-08
3.63756e-08
2.58738e-08
1.81419e-08
1.25397e-08
8.54433e-09
5.73956e-09
3.80112e-09
2.48203e-09
1.59809e-09
1.01469e-09
6.35413e-10
3.92479e-10
2.39151e-10
1.43775e-10
8.52918e-11
4.99336e-11
2.88487e-11
1.64395e-11
9.21945e-12
5.04543e-12
2.60906e-12
1.10308e-12
0
0
1.96694e-12
4.6523e-12
8.99667e-12
1.64395e-11
2.93138e-11
5.14411e-11
8.90382e-11
1.52087e-10
2.56369e-10
4.26437e-10
6.99841e-10
1.13303e-09
1.80933e-09
2.84961e-09
4.42579e-09
6.77791e-09
1.02344e-08
1.52357e-08
2.23599e-08
3.23494e-08
4.61363e-08
6.48624e-08
8.98916e-08
1.22809e-07
1.65403e-07
2.19624e-07
2.87525e-07
3.71165e-07
4.72504e-07
5.93261e-07
7.34777e-07
8.97861e-07
1.08266e-06
1.28854e-06
1.51402e-06
1.75672e-06
2.01343e-06
2.28013e-06
2.55218e-06
2.82444e-06
3.09151e-06
3.34788e-06
3.58821e-06
3.80746e-06
4.00106e-06
4.16501e-06
4.29601e-06
4.39144e-06
4.44945e-06
4.46891e-06
4.44945e-06
4.39144e-06
4.29601e-06
4.16501e-06
4.00106e-06
3.80746e-06
3.58821e-06
3.34788e-06
3.09151e-06
2.82444e-06
2.55218e-06
2.28013e-06
2.01343e-06
1.75672e-06
1.51402e-06
1.28854e-06
1.08266e-06
8.97861e-07
7.34777e-07
5.93261e-07
4.72504e-07
3.71165e-07
2.87525e-07
2.19624e-07
1.65403e-07
1.22809e-07
8.98916e-08
6.48624e-08
4.61363e-08
3.23494e-08
2.23599e-08
1.52357e-08
1.02344e-08
6.77791e-09
4.42579e-09
2.84961e-09
1.80933e-09
1.13303e-09
6.99841e-10
4.26437e-10
2.56369e-10
1.52087e-10
8.90382e-11
5.14411e-11
2.93138e-11
1.64395e-11
8.99667e-12
4.6523e-12
1.96694e-12
0
0
3.45167e-12
8.16405e-12
1.57877e-11
2.88487e-11
5.14411e-11
9.02711e-11
1.56248e-10
2.66888e-10
4.49887e-10
7.4833e-10
1.22811e-09
1.98828e-09
3.1751e-09
5.00061e-09
7.76657e-09
1.18942e-08
1.79598e-08
2.67362e-08
3.92381e-08
5.67682e-08
8.0962e-08
1.13823e-07
1.57746e-07
2.1551e-07
2.90256e-07
3.85406e-07
5.04561e-07
6.51337e-07
8.2917e-07
1.04108e-06
1.28942e-06
1.57561e-06
1.8999e-06
2.26118e-06
2.65686e-06
3.08277e-06
3.53325e-06
4.00127e-06
4.47868e-06
4.95646e-06
5.42511e-06
5.875e-06
6.29675e-06
6.6815e-06
7.02122e-06
7.30894e-06
7.53882e-06
7.70629e-06
7.80809e-06
7.84224e-06
7.80809e-06
7.70629e-06
7.53882e-06
7.30894e-06
7.02122e-06
6.6815e-06
6.29675e-06
5.875e-06
5.42511e-06
4.95646e-06
4.47868e-06
4.00127e-06
3.53325e-06
3.08277e-06
2.65686e-06
2.26118e-06
1.8999e-06
1.57561e-06
1.28942e-06
1.04108e-06
8.2917e-07
6.51337e-07
5.04561e-07
3.85406e-07
2.90256e-07
2.1551e-07
1.57746e-07
1.13823e-07
8.0962e-08
5.67682e-08
3.92381e-08
2.67362e-08
1.79598e-08
1.18942e-08
7.76657e-09
5.00061e-09
3.1751e-09
1.98828e-09
1.22811e-09
7.4833e-10
4.49887e-10
2.66888e-10
1.56248e-10
9.02711e-11
5.14411e-11
2.88487e-11
1.57877e-11
8.16405e-12
3.45167e-12
0
0
5.97442e-12
1.41309e-11
2.73266e-11
4.99336e-11
8.90382e-11
1.56248e-10
2.70446e-10
4.6195e-10
7.78699e-10
1.29527e-09
2.12571e-09
3.44147e-09
5.49569e-09
8.65543e-09
1.3443e-08
2.05873e-08
3.10861e-08
4.62771e-08
6.79162e-08
9.82586e-08
1.40135e-07
1.97014e-07
2.73038e-07
3.73022e-07
5.02396e-07
6.67089e-07
8.73331e-07
1.12738e-06
1.43519e-06
1.80198e-06
2.23182e-06
2.72718e-06
3.28849e-06
3.91383e-06
4.59869e-06
5.33588e-06
6.11561e-06
6.9257e-06
7.75203e-06
8.57901e-06
9.39018e-06
1.01689e-05
1.08989e-05
1.15648e-05
1.21529e-05
1.26509e-05
1.30488e-05
1.33386e-05
1.35148e-05
1.35739e-05
1.35148e-05
1.33386e-05
1.30488e-05
1.26509e-05
1.21529e-05
1.15648e-05
1.08989e-05
1.01689e-05
9.39018e-06
8.57901e-06
7.75203e-06
6.9257e-06
6.11561e-06
5.33588e-06
4.59869e-06
3.91383e-06
3.28849e-06
2.72718e-06
2.23182e-06
1.80198e-06
1.43519e-06
1.12738e-06
8.73331e-07
6.67089e-07
5.02396e-07
3.73022e-07
2.73038e-07
1.97014e-07
1.40135e-07
9.82586e-08
6.79162e-08
4.62771e-08
3.10861e-08
2.05873e-08
1.3443e-08
8.65543e-09
5.49569e-09
3.44147e-09
2.12571e-09
1.29527e-09
7.78699e-10
4.6195e-10
2.70446e-10
1.56248e-10
8.90382e-11
4.99336e-11
2.73266e-11
1.41309e-11
5.97442e-12
0
0
1.02049e-11
2.41371e-11
4.66767e-11
8.52918e-11
1.52087e-10
2.66888e-10
4.6195e-10
7.89059e-10
1.3301e-09
2.21245e-09
3.63093e-09
5.87839e-09
9.38722e-09
1.47844e-08
2.2962e-08
3.51653e-08
5.30983e-08
7.90461e-08
1.16008e-07
1.67836e-07
2.39366e-07
3.36521e-07
4.66378e-07
6.3716e-07
8.58146e-07
1.13946e-06
1.49174e-06
1.92569e-06
2.45145e-06
3.07797e-06
3.81219e-06
4.6583e-06
5.61708e-06
6.68523e-06
7.85505e-06
9.11425e-06
1.04461e-05
1.18298e-05
1.32413e-05
1.46538e-05
1.60394e-05
1.73695e-05
1.86164e-05
1.9754e-05
2.07584e-05
2.1609e-05
2.22886e-05
2.27838e-05
2.30847e-05
2.31857e-05
2.30847e-05
2.27838e-05
2.22886e-05
2.1609e-05
2.07584e-05
1.9754e-05
1.86164e-05
1.73695e-05
1.60394e-05
1.46538e-05
1.32413e-05
1.18298e-05
1.04461e-05
9.11425e-06
7.85505e-06
6.68523e-06
5.61708e-06
4.6583e-06
3.81219e-06
3.07797e-06
2.45145e-06
1.92569e-06
1.49174e-06
1.13946e-06
8.58146e-07
6.3716e-07
4.66378e-07
3.36521e-07
2.39366e-07
1.67836e-07
1.16008e-07
7.90461e-08
5.30983e-08
3.51653e-08
2.2962e-08
1.47844e-08
9.38722e-09
5.87839e-09
3.63093e-09
2.21245e-09
1.3301e-09
7.89059e-10
4.6195e-10
2.66888e-10
1.52087e-10
8.52918e-11
4.66767e-11
2.41371e-11
1.02049e-11
0
0
1.72022e-11
4.06875e-11
7.86819e-11
1.43775e-10
2.56369e-10
4.49887e-10
7.78699e-10
1.3301e-09
2.24212e-09
3.72948e-09
6.12058e-09
9.90907e-09
1.58238e-08
2.49217e-08
3.87065e-08
5.92774e-08
8.95068e-08
1.33246e-07
1.95552e-07
2.82918e-07
4.03493e-07
5.67266e-07
7.86163e-07
1.07405e-06
1.44656e-06
1.92076e-06
2.5146e-06
3.24609e-06
4.13236e-06
5.18847e-06
6.42612e-06
7.8524e-06
9.46859e-06
1.12692e-05
1.32411e-05
1.53637e-05
1.76088e-05
1.99413e-05
2.23206e-05
2.47017e-05
2.70373e-05
2.92795e-05
3.13813e-05
3.32988e-05
3.49919e-05
3.64258e-05
3.75715e-05
3.84061e-05
3.89135e-05
3.90836e-05
3.89135e-05
3.84061e-05
3.75715e-05
3.64258e-05
3.49919e-05
3.32988e-05
3.13813e-05
2.92795e-05
2.70373e-05
2.47017e-05
2.23206e-05
1.99413e-05
1.76088e-05
1.53637e-05
1.32411e-05
1.12692e-05
9.46859e-06
7.8524e-06
6.42612e-06
5.18847e-06
4.13236e-06
3.24609e-06
2.5146e-06
1.92076e-06
1.44656e-06
1.07405e-06
7.86163e-07
5.67266e-07
4.03493e-07
2.82918e-07
1.95552e-07
1.33246e-07
8.95068e-08
5.92774e-08
3.87065e-08
2.49217e-08
1.58238e-08
9.90907e-09
6.12058e-09
3.72948e-09
2.24212e-09
1.3301e-09
7.78699e-10
4.49887e-10
2.56369e-10
1.43775e-10
7.86819e-11
4.06875e-11
1.72022e-11
0
0
2.86137e-11
6.76784e-11
1.30877e-10
2.39151e-10
4.26437e-10
7.4833e-10
1.29527e-09
2.21245e-09
3.72948e-09
6.20351e-09
1.01808e-08
1.64825e-08
2.63209e-08
4.14541e-08
6.43833e-08
9.86003e-08
1.48883e-07
2.21638e-07
3.25276e-07
4.70597e-07
6.7116e-07
9.43574e-07
1.30768e-06
1.78654e-06
2.40616e-06
3.19494e-06
4.18271e-06
5.39946e-06
6.87366e-06
8.63035e-06
1.0689e-05
1.30615e-05
1.57498e-05
1.87448e-05
2.20249e-05
2.55555e-05
2.92899e-05
3.31698e-05
3.71274e-05
4.10881e-05
4.49731e-05
4.87027e-05
5.21988e-05
5.53883e-05
5.82046e-05
6.05897e-05
6.24954e-05
6.38837e-05
6.47275e-05
6.50106e-05
6.47275e-05
6.38837e-05
6.24954e-05
6.05897e-05
5.82046e-05
5.53883e-05
5.21988e-05
4.87027e-05
4.49731e-05
4.10881e-05
3.71274e-05
3.31698e-05
2.92899e-05
2.55555e-05
2.20249e-05
1.87448e-05
1.57498e-05
1.30615e-05
1.0689e-05
8.63035e-06
6.87366e-06
5.39946e-06
4.18271e-06
3.19494e-06
2.40616e-06
1.78654e-06
1.30768e-06
9.43574e-07
6.7116e-07
4.70597e-07
3.25276e-07
2.21638e-07
1.48883e-07
9.86003e-08
6.43833e-08
4.14541e-08
2.63209e-08
1.64825e-08
1.01808e-08
6.20351e-09
3.72948e-09
2.21245e-09
1.29527e-09
7.4833e-10
4.26437e-10
2.39151e-10
1.30877e-10
6.76784e-11
2.86137e-11
0
0
4.6959e-11
1.11069e-10
2.14787e-10
3.92479e-10
6.99841e-10
1.22811e-09
2.12571e-09
3.63093e-09
6.12058e-09
1.01808e-08
1.67081e-08
2.705e-08
4.31962e-08
6.80318e-08
1.05662e-07
1.61816e-07
2.44337e-07
3.63738e-07
5.33822e-07
7.72314e-07
1.10146e-06
1.54853e-06
2.14608e-06
2.93196e-06
3.94884e-06
5.24333e-06
6.8644e-06
8.86124e-06
1.12806e-05
1.41636e-05
1.75421e-05
2.14356e-05
2.58475e-05
3.07627e-05
3.61458e-05
4.19401e-05
4.80688e-05
5.44361e-05
6.09311e-05
6.74311e-05
7.3807e-05
7.99277e-05
8.56654e-05
9.08998e-05
9.55216e-05
9.94359e-05
0.000102563
0.000104842
0.000106227
0.000106691
0.000106227
0.000104842
0.000102563
9.94359e-05
9.55216e-05
9.08998e-05
8.56654e-05
7.99277e-05
7.3807e-05
6.74311e-05
6.09311e-05
5.44361e-05
4.80688e-05
4.19401e-05
3.61458e-05
3.07627e-05
2.58475e-05
2.14356e-05
1.75421e-05
1.41636e-05
1.12806e-05
8.86124e-06
6.8644e-06
5.24333e-06
3.94884e-06
2.93196e-06
2.14608e-06
1.54853e-06
1.10146e-06
7.72314e-07
5.33822e-07
3.63738e-07
2.44337e-07
1.61816e-07
1.05662e-07
6.80318e-08
4.31962e-08
2.705e-08
1.67081e-08
1.01808e-08
6.12058e-09
3.63093e-09
2.12571e-09
1.22811e-09
6.99841e-10
3.92479e-10
2.14787e-10
1.11069e-10
4.6959e-11
0
0
7.60254e-11
1.79819e-10
3.47735e-10
6.35413e-10
1.13303e-09
1.98828e-09
3.44147e-09
5.87839e-09
9.90907e-09
1.64825e-08
2.705e-08
4.37932e-08
6.99336e-08
1.10142e-07
1.71064e-07
2.61977e-07
3.95576e-07
5.88883e-07
8.64244e-07
1.25036e-06
1.78324e-06
2.50704e-06
3.47445e-06
4.74676e-06
6.39308e-06
8.48882e-06
1.11133e-05
1.43461e-05
1.8263e-05
2.29305e-05
2.84003e-05
3.47038e-05
4.18465e-05
4.98041e-05
5.85191e-05
6.79e-05
7.78221e-05
8.81307e-05
9.86459e-05
0.000109169
0.000119492
0.000129401
0.00013869
0.000147164
0.000154647
0.000160984
0.000166048
0.000169736
0.000171978
0.000172731
0.000171978
0.000169736
0.000166048
0.000160984
0.000154647
0.000147164
0.00013869
0.000129401
0.000119492
0.000109169
9.86459e-05
8.81307e-05
7.78221e-05
6.79e-05
5.85191e-05
4.98041e-05
4.18465e-05
3.47038e-05
2.84003e-05
2.29305e-05
1.8263e-05
1.43461e-05
1.11133e-05
8.48882e-06
6.39308e-06
4.74676e-06
3.47445e-06
2.50704e-06
1.78324e-06
1.25036e-06
8.64244e-07
5.88883e-07
3.95576e-07
2.61977e-07
1.71064e-07
1.10142e-07
6.99336e-08
4.37932e-08
2.705e-08
1.64825e-08
9.90907e-09
5.87839e-09
3.44147e-09
1.98828e-09
1.13303e-09
6.35413e-10
3.47735e-10
1.79819e-10
7.60254e-11
0
0
1.21405e-10
2.87153e-10
5.553e-10
1.01469e-09
1.80933e-09
3.1751e-09
5.49569e-09
9.38722e-09
1.58238e-08
2.63209e-08
4.31962e-08
6.99336e-08
1.11677e-07
1.75886e-07
2.73173e-07
4.18352e-07
6.31697e-07
9.4039e-07
1.38012e-06
1.9967e-06
2.84767e-06
4.0035e-06
5.54837e-06
7.58013e-06
1.02091e-05
1.35558e-05
1.77469e-05
2.29094e-05
2.91643e-05
3.66178e-05
4.53526e-05
5.54186e-05
6.68249e-05
7.95324e-05
9.34494e-05
0.00010843
0.000124275
0.000140736
0.000157528
0.000174333
0.000190817
0.000206641
0.000221475
0.000235008
0.000246957
0.000257077
0.000265162
0.000271053
0.000274633
0.000275834
0.000274633
0.000271053
0.000265162
0.000257077
0.000246957
0.000235008
0.000221475
0.000206641
0.000190817
0.000174333
0.000157528
0.000140736
0.000124275
0.00010843
9.34494e-05
7.95324e-05
6.68249e-05
5.54186e-05
4.53526e-05
3.66178e-05
2.91643e-05
2.29094e-05
1.77469e-05
1.35558e-05
1.02091e-05
7.58013e-06
5.54837e-06
4.0035e-06
2.84767e-06
1.9967e-06
1.38012e-06
9.4039e-07
6.31697e-07
4.18352e-07
2.73173e-07
1.75886e-07
1.11677e-07
6.99336e-08
4.31962e-08
2.63209e-08
1.58238e-08
9.38722e-09
5.49569e-09
3.1751e-09
1.80933e-09
1.01469e-09
5.553e-10
2.87153e-10
1.21405e-10
0
0
1.91207e-10
4.52251e-10
8.74569e-10
1.59809e-09
2.84961e-09
5.00061e-09
8.65543e-09
1.47844e-08
2.49217e-08
4.14541e-08
6.80318e-08
1.10142e-07
1.75886e-07
2.77011e-07
4.30233e-07
6.58883e-07
9.9489e-07
1.48107e-06
2.17361e-06
3.1447e-06
4.48493e-06
6.3053e-06
8.7384e-06
1.19383e-05
1.60789e-05
2.13497e-05
2.79504e-05
3.60811e-05
4.59323e-05
5.76711e-05
7.14279e-05
8.72814e-05
0.000105246
0.000125259
0.000147178
0.000170771
0.000195726
0.000221652
0.000248098
0.000274565
0.000300526
0.000325449
0.000348811
0.000370125
0.000388944
0.000404882
0.000417616
0.000426894
0.000432533
0.000434424
0.000432533
0.000426894
0.000417616
0.000404882
0.000388944
0.000370125
0.000348811
0.000325449
0.000300526
0.000274565
0.000248098
0.000221652
0.000195726
0.000170771
0.000147178
0.000125259
0.000105246
8.72814e-05
7.14279e-05
5.76711e-05
4.59323e-05
3.60811e-05
2.79504e-05
2.13497e-05
1.60789e-05
1.19383e-05
8.7384e-06
6.3053e-06
4.48493e-06
3.1447e-06
2.17361e-06
1.48107e-06
9.9489e-07
6.58883e-07
4.30233e-07
2.77011e-07
1.75886e-07
1.10142e-07
6.80318e-08
4.14541e-08
2.49217e-08
1.47844e-08
8.65543e-09
5.00061e-09
2.84961e-09
1.59809e-09
8.74569e-10
4.52251e-10
1.91207e-10
0
0
2.96968e-10
7.02402e-10
1.35831e-09
2.48203e-09
4.42579e-09
7.76657e-09
1.3443e-08
2.2962e-08
3.87065e-08
6.43833e-08
1.05662e-07
1.71064e-07
2.73173e-07
4.30233e-07
6.68205e-07
1.02333e-06
1.54519e-06
2.30028e-06
3.37589e-06
4.88411e-06
6.96565e-06
9.79291e-06
1.35718e-05
1.85417e-05
2.49724e-05
3.31588e-05
4.34104e-05
5.60384e-05
7.13385e-05
8.95704e-05
0.000110936
0.000135559
0.00016346
0.000194543
0.000228586
0.000265229
0.000303987
0.000344254
0.000385328
0.000426434
0.000466755
0.000505462
0.000541747
0.000574849
0.000604078
0.000628832
0.00064861
0.000663019
0.000671777
0.000674715
0.000671777
0.000663019
0.00064861
0.000628832
0.000604078
0.000574849
0.000541747
0.000505462
0.000466755
0.000426434
0.000385328
0.000344254
0.000303987
0.000265229
0.000228586
0.000194543
0.00016346
0.000135559
0.000110936
8.95704e-05
7.13385e-05
5.60384e-05
4.34104e-05
3.31588e-05
2.49724e-05
1.85417e-05
1.35718e-05
9.79291e-06
6.96565e-06
4.88411e-06
3.37589e-06
2.30028e-06
1.54519e-06
1.02333e-06
6.68205e-07
4.30233e-07
2.73173e-07
1.71064e-07
1.05662e-07
6.43833e-08
3.87065e-08
2.2962e-08
1.3443e-08
7.76657e-09
4.42579e-09
2.48203e-09
1.35831e-09
7.02402e-10
2.96968e-10
0
0
4.54794e-10
1.0757e-09
2.0802e-09
3.80112e-09
6.77791e-09
1.18942e-08
2.05873e-08
3.51653e-08
5.92774e-08
9.86003e-08
1.61816e-07
2.61977e-07
4.18352e-07
6.58883e-07
1.02333e-06
1.56718e-06
2.36639e-06
3.52278e-06
5.17002e-06
7.4798e-06
1.06676e-05
1.49974e-05
2.07846e-05
2.83958e-05
3.82442e-05
5.07813e-05
6.64811e-05
8.58204e-05
0.000109252
0.000137173
0.000169894
0.000207602
0.000250331
0.000297935
0.000350069
0.000406187
0.000465542
0.000527209
0.000590113
0.000653065
0.000714815
0.000774093
0.000829662
0.000880357
0.000925119
0.000963029
0.000993318
0.00101538
0.0010288
0.0010333
0.0010288
0.00101538
0.000993318
0.000963029
0.000925119
0.000880357
0.000829662
0.000774093
0.000714815
0.000653065
0.000590113
0.000527209
0.000465542
0.000406187
0.000350069
0.000297935
0.000250331
0.000207602
0.000169894
0.000137173
0.000109252
8.58204e-05
6.64811e-05
5.07813e-05
3.82442e-05
2.83958e-05
2.07846e-05
1.49974e-05
1.06676e-05
7.4798e-06
5.17002e-06
3.52278e-06
2.36639e-06
1.56718e-06
1.02333e-06
6.58883e-07
4.18352e-07
2.61977e-07
1.61816e-07
9.86003e-08
5.92774e-08
3.51653e-08
2.05873e-08
1.18942e-08
6.77791e-09
3.80112e-09
2.0802e-09
1.0757e-09
4.54794e-10
0
0
6.86723e-10
1.62427e-09
3.14103e-09
5.73956e-09
1.02344e-08
1.79598e-08
3.10861e-08
5.30983e-08
8.95068e-08
1.48883e-07
2.44337e-07
3.95576e-07
6.31697e-07
9.9489e-07
1.54519e-06
2.36639e-06
3.57316e-06
5.31927e-06
7.80656e-06
1.12942e-05
1.61077e-05
2.26456e-05
3.13841e-05
4.28766e-05
5.77474e-05
7.66779e-05
0.000100384
0.000129586
0.000164966
0.000207127
0.000256534
0.000313473
0.000377992
0.000449871
0.000528592
0.000613328
0.000702953
0.000796068
0.00089105
0.000986105
0.00107935
0.00116885
0.00125276
0.00132931
0.0013969
0.00145414
0.00149988
0.0015332
0.00155345
0.00156024
0.00155345
0.0015332
0.00149988
0.00145414
0.0013969
0.00132931
0.00125276
0.00116885
0.00107935
0.000986105
0.00089105
0.000796068
0.000702953
0.000613328
0.000528592
0.000449871
0.000377992
0.000313473
0.000256534
0.000207127
0.000164966
0.000129586
0.000100384
7.66779e-05
5.77474e-05
4.28766e-05
3.13841e-05
2.26456e-05
1.61077e-05
1.12942e-05
7.80656e-06
5.31927e-06
3.57316e-06
2.36639e-06
1.54519e-06
9.9489e-07
6.31697e-07
3.95576e-07
2.44337e-07
1.48883e-07
8.95068e-08
5.30983e-08
3.10861e-08
1.79598e-08
1.02344e-08
5.73956e-09
3.14103e-09
1.62427e-09
6.86723e-10
0
0
1.02231e-09
2.418e-09
4.67596e-09
8.54433e-09
1.52357e-08
2.67362e-08
4.62771e-08
7.90461e-08
1.33246e-07
2.21638e-07
3.63738e-07
5.88883e-07
9.4039e-07
1.48107e-06
2.30028e-06
3.52278e-06
5.31927e-06
7.91865e-06
1.16214e-05
1.68134e-05
2.39791e-05
3.37119e-05
4.67206e-05
6.38292e-05
8.59671e-05
0.000114148
0.000149439
0.000192911
0.000245581
0.000308344
0.000381896
0.000466658
0.000562706
0.000669711
0.000786901
0.000913045
0.00104647
0.00118508
0.00132648
0.00146799
0.00160679
0.00174004
0.00186495
0.00197891
0.00207953
0.00216474
0.00223282
0.00228243
0.00231258
0.00232269
0.00231258
0.00228243
0.00223282
0.00216474
0.00207953
0.00197891
0.00186495
0.00174004
0.00160679
0.00146799
0.00132648
0.00118508
0.00104647
0.000913045
0.000786901
0.000669711
0.000562706
0.000466658
0.000381896
0.000308344
0.000245581
0.000192911
0.000149439
0.000114148
8.59671e-05
6.38292e-05
4.67206e-05
3.37119e-05
2.39791e-05
1.68134e-05
1.16214e-05
7.91865e-06
5.31927e-06
3.52278e-06
2.30028e-06
1.48107e-06
9.4039e-07
5.88883e-07
3.63738e-07
2.21638e-07
1.33246e-07
7.90461e-08
4.62771e-08
2.67362e-08
1.52357e-08
8.54433e-09
4.67596e-09
2.418e-09
1.02231e-09
0
0
1.50034e-09
3.54866e-09
6.86244e-09
1.25397e-08
2.23599e-08
3.92381e-08
6.79162e-08
1.16008e-07
1.95552e-07
3.25276e-07
5.33822e-07
8.64244e-07
1.38012e-06
2.17361e-06
3.37589e-06
5.17002e-06
7.80656e-06
1.16214e-05
1.70556e-05
2.46754e-05
3.51917e-05
4.94755e-05
6.85672e-05
9.36757e-05
0.000126165
0.000167524
0.000219317
0.000283116
0.000360414
0.000452525
0.00056047
0.000684867
0.000825827
0.000982867
0.00115485
0.00133998
0.00153579
0.00173923
0.00194674
0.00215442
0.00235813
0.00255368
0.002737
0.00290424
0.00305191
0.00317697
0.00327689
0.00334969
0.00339393
0.00340878
0.00339393
0.00334969
0.00327689
0.00317697
0.00305191
0.00290424
0.002737
0.00255368
0.00235813
0.00215442
0.00194674
0.00173923
0.00153579
0.00133998
0.00115485
0.000982867
0.000825827
0.000684867
0.00056047
0.000452525
0.000360414
0.000283116
0.000219317
0.000167524
0.000126165
9.36757e-05
6.85672e-05
4.94755e-05
3.51917e-05
2.46754e-05
1.70556e-05
1.16214e-05
7.80656e-06
5.17002e-06
3.37589e-06
2.17361e-06
1.38012e-06
8.64244e-07
5.33822e-07
3.25276e-07
1.95552e-07
1.16008e-07
6.79162e-08
3.92381e-08
2.23599e-08
1.25397e-08
6.86244e-09
3.54866e-09
1.50034e-09
0
0
2.17063e-09
5.13407e-09
9.92833e-09
1.81419e-08
3.23494e-08
5.67682e-08
9.82586e-08
1.67836e-07
2.82918e-07
4.70597e-07
7.72314e-07
1.25036e-06
1.9967e-06
3.1447e-06
4.88411e-06
7.4798e-06
1.12942e-05
1.68134e-05
2.46754e-05
3.56994e-05
5.09141e-05
7.15794e-05
9.92005e-05
0.000135527
0.000182531
0.000242368
0.0003173
0.000409602
0.000521435
0.000654697
0.000810868
0.000990841
0.00119478
0.00142198
0.0016708
0.00193864
0.00222193
0.00251625
0.00281648
0.00311693
0.00341165
0.00369458
0.00395979
0.00420175
0.00441539
0.00459632
0.00474089
0.00484621
0.00491022
0.0049317
0.00491022
0.00484621
0.00474089
0.00459632
0.00441539
0.00420175
0.00395979
0.00369458
0.00341165
0.00311693
0.00281648
0.00251625
0.00222193
0.00193864
0.0016708
0.00142198
0.00119478
0.000990841
0.000810868
0.000654697
0.000521435
0.000409602
0.0003173
0.000242368
0.000182531
0.000135527
9.92005e-05
7.15794e-05
5.09141e-05
3.56994e-05
2.46754e-05
1.68134e-05
1.12942e-05
7.4798e-06
4.88411e-06
3.1447e-06
1.9967e-06
1.25036e-06
7.72314e-07
4.70597e-07
2.82918e-07
1.67836e-07
9.82586e-08
5.67682e-08
3.23494e-08
1.81419e-08
9.92833e-09
5.13407e-09
2.17063e-09
0
0
3.09572e-09
7.32214e-09
1.41596e-08
2.58738e-08
4.61363e-08
8.0962e-08
1.40135e-07
2.39366e-07
4.03493e-07
6.7116e-07
1.10146e-06
1.78324e-06
2.84767e-06
4.48493e-06
6.96565e-06
1.06676e-05
1.61077e-05
2.39791e-05
3.51917e-05
5.09141e-05
7.26129e-05
0.000102086
0.000141478
0.000193286
0.000260323
0.000345662
0.000452529
0.000584169
0.000743663
0.00093372
0.00115645
0.00141312
0.00170397
0.002028
0.00238287
0.00276486
0.00316889
0.00358865
0.00401682
0.00444533
0.00486565
0.00526915
0.00564741
0.00599248
0.00629717
0.00655522
0.00676139
0.00691159
0.00700289
0.00703352
0.00700289
0.00691159
0.00676139
0.00655522
0.00629717
0.00599248
0.00564741
0.00526915
0.00486565
0.00444533
0.00401682
0.00358865
0.00316889
0.00276486
0.00238287
0.002028
0.00170397
0.00141312
0.00115645
0.00093372
0.000743663
0.000584169
0.000452529
0.000345662
0.000260323
0.000193286
0.000141478
0.000102086
7.26129e-05
5.09141e-05
3.51917e-05
2.39791e-05
1.61077e-05
1.06676e-05
6.96565e-06
4.48493e-06
2.84767e-06
1.78324e-06
1.10146e-06
6.7116e-07
4.03493e-07
2.39366e-07
1.40135e-07
8.0962e-08
4.61363e-08
2.58738e-08
1.41596e-08
7.32214e-09
3.09572e-09
0
0
4.35224e-09
1.02941e-08
1.99069e-08
3.63756e-08
6.48624e-08
1.13823e-07
1.97014e-07
3.36521e-07
5.67266e-07
9.43574e-07
1.54853e-06
2.50704e-06
4.0035e-06
6.3053e-06
9.79291e-06
1.49974e-05
2.26456e-05
3.37119e-05
4.94755e-05
7.15794e-05
0.000102086
0.000143521
0.000198902
0.000271738
0.000365985
0.000485961
0.000636204
0.000821275
0.00104551
0.0013127
0.00162584
0.00198669
0.00239559
0.00285114
0.00335005
0.00388708
0.00445509
0.00504523
0.00564719
0.00624963
0.00684055
0.00740783
0.00793961
0.00842474
0.0088531
0.00921589
0.00950574
0.00971691
0.00984526
0.00988832
0.00984526
0.00971691
0.00950574
0.00921589
0.0088531
0.00842474
0.00793961
0.00740783
0.00684055
0.00624963
0.00564719
0.00504523
0.00445509
0.00388708
0.00335005
0.00285114
0.00239559
0.00198669
0.00162584
0.0013127
0.00104551
0.000821275
0.000636204
0.000485961
0.000365985
0.000271738
0.000198902
0.000143521
0.000102086
7.15794e-05
4.94755e-05
3.37119e-05
2.26456e-05
1.49974e-05
9.79291e-06
6.3053e-06
4.0035e-06
2.50704e-06
1.54853e-06
9.43574e-07
5.67266e-07
3.36521e-07
1.97014e-07
1.13823e-07
6.48624e-08
3.63756e-08
1.99069e-08
1.02941e-08
4.35224e-09
0
0
6.03168e-09
1.42664e-08
2.75885e-08
5.04122e-08
8.98916e-08
1.57746e-07
2.73038e-07
4.66378e-07
7.86163e-07
1.30768e-06
2.14608e-06
3.47445e-06
5.54837e-06
8.7384e-06
1.35718e-05
2.07846e-05
3.13841e-05
4.67206e-05
6.85672e-05
9.92005e-05
0.000141478
0.000198902
0.000275655
0.000376597
0.000507212
0.000673484
0.000881703
0.00113819
0.00144895
0.00181925
0.00225321
0.00275332
0.00332001
0.00395134
0.00464277
0.00538703
0.00617423
0.00699209
0.00782634
0.00866124
0.00948019
0.0102664
0.0110034
0.0116757
0.0122694
0.0127721
0.0131738
0.0134665
0.0136444
0.013704
0.0136444
0.0134665
0.0131738
0.0127721
0.0122694
0.0116757
0.0110034
0.0102664
0.00948019
0.00866124
0.00782634
0.00699209
0.00617423
0.00538703
0.00464277
0.00395134
0.00332001
0.00275332
0.00225321
0.00181925
0.00144895
0.00113819
0.000881703
0.000673484
0.000507212
0.000376597
0.000275655
0.000198902
0.000141478
9.92005e-05
6.85672e-05
4.67206e-05
3.13841e-05
2.07846e-05
1.35718e-05
8.7384e-06
5.54837e-06
3.47445e-06
2.14608e-06
1.30768e-06
7.86163e-07
4.66378e-07
2.73038e-07
1.57746e-07
8.98916e-08
5.04122e-08
2.75885e-08
1.42664e-08
6.03168e-09
0
0
8.24042e-09
1.94906e-08
3.76912e-08
6.88726e-08
1.22809e-07
2.1551e-07
3.73022e-07
6.3716e-07
1.07405e-06
1.78654e-06
2.93196e-06
4.74676e-06
7.58013e-06
1.19383e-05
1.85417e-05
2.83958e-05
4.28766e-05
6.38292e-05
9.36757e-05
0.000135527
0.000193286
0.000271738
0.000376597
0.000514503
0.000692948
0.000920107
0.00120457
0.00155498
0.00197953
0.00248544
0.00307832
0.00376155
0.00453576
0.00539828
0.00634291
0.0073597
0.00843517
0.00955252
0.0106923
0.0118329
0.0129517
0.0140258
0.0150327
0.0159512
0.0167623
0.0174491
0.0179979
0.0183978
0.0186408
0.0187223
0.0186408
0.0183978
0.0179979
0.0174491
0.0167623
0.0159512
0.0150327
0.0140258
0.0129517
0.0118329
0.0106923
0.00955252
0.00843517
0.0073597
0.00634291
0.00539828
0.00453576
0.00376155
0.00307832
0.00248544
0.00197953
0.00155498
0.00120457
0.000920107
0.000692948
0.000514503
0.000376597
0.000271738
0.000193286
0.000135527
9.36757e-05
6.38292e-05
4.28766e-05
2.83958e-05
1.85417e-05
1.19383e-05
7.58013e-06
4.74676e-06
2.93196e-06
1.78654e-06
1.07405e-06
6.3716e-07
3.73022e-07
2.1551e-07
1.22809e-07
6.88726e-08
3.76912e-08
1.94906e-08
8.24042e-09
0
0
1.10984e-08
2.62505e-08
5.07635e-08
9.27596e-08
1.65403e-07
2.90256e-07
5.02396e-07
8.58146e-07
1.44656e-06
2.40616e-06
3.94884e-06
6.39308e-06
1.02091e-05
1.60789e-05
2.49724e-05
3.82442e-05
5.77474e-05
8.59671e-05
0.000126165
0.000182531
0.000260323
0.000365985
0.000507212
0.000692948
0.000933282
0.00123923
0.00162235
0.00209429
0.00266609
0.00334747
0.00414597
0.00506617
0.00610889
0.00727056
0.00854281
0.00991226
0.0113607
0.0128656
0.0144006
0.0159369
0.0174438
0.0188904
0.0202464
0.0214835
0.0225759
0.023501
0.0242402
0.0247786
0.025106
0.0252158
0.025106
0.0247786
0.0242402
0.023501
0.0225759
0.0214835
0.0202464
0.0188904
0.0174438
0.0159369
0.0144006
0.0128656
0.0113607
0.00991226
0.00854281
0.00727056
0.00610889
0.00506617
0.00414597
0.00334747
0.00266609
0.00209429
0.00162235
0.00123923
0.000933282
0.000692948
0.000507212
0.000365985
0.000260323
0.000182531
0.000126165
8.59671e-05
5.77474e-05
3.82442e-05
2.49724e-05
1.60789e-05
1.02091e-05
6.39308e-06
3.94884e-06
2.40616e-06
1.44656e-06
8.58146e-07
5.02396e-07
2.90256e-07
1.65403e-07
9.27596e-08
5.07635e-08
2.62505e-08
1.10984e-08
0
0
1.47367e-08
3.48558e-08
6.74046e-08
1.23168e-07
2.19624e-07
3.85406e-07
6.67089e-07
1.13946e-06
1.92076e-06
3.19494e-06
5.24333e-06
8.48882e-06
1.35558e-05
2.13497e-05
3.31588e-05
5.07813e-05
7.66779e-05
0.000114148
0.000167524
0.000242368
0.000345662
0.000485961
0.000673484
0.000920107
0.00123923
0.00164546
0.00215419
0.00278084
0.00354008
0.00444482
0.00550508
0.00672694
0.00811148
0.00965397
0.0113433
0.0131617
0.0150849
0.0170831
0.0191214
0.0211612
0.0231621
0.0250829
0.0268835
0.0285262
0.0299766
0.031205
0.0321864
0.0329015
0.0333361
0.0334819
0.0333361
0.0329015
0.0321864
0.031205
0.0299766
0.0285262
0.0268835
0.0250829
0.0231621
0.0211612
0.0191214
0.0170831
0.0150849
0.0131617
0.0113433
0.00965397
0.00811148
0.00672694
0.00550508
0.00444482
0.00354008
0.00278084
0.00215419
0.00164546
0.00123923
0.000920107
0.000673484
0.000485961
0.000345662
0.000242368
0.000167524
0.000114148
7.66779e-05
5.07813e-05
3.31588e-05
2.13497e-05
1.35558e-05
8.48882e-06
5.24333e-06
3.19494e-06
1.92076e-06
1.13946e-06
6.67089e-07
3.85406e-07
2.19624e-07
1.23168e-07
6.74046e-08
3.48558e-08
1.47367e-08
0
0
1.92928e-08
4.56321e-08
8.82439e-08
1.61247e-07
2.87525e-07
5.04561e-07
8.73331e-07
1.49174e-06
2.5146e-06
4.18271e-06
6.8644e-06
1.11133e-05
1.77469e-05
2.79504e-05
4.34104e-05
6.64811e-05
0.000100384
0.000149439
0.000219317
0.0003173
0.000452529
0.000636204
0.000881703
0.00120457
0.00162235
0.00215419
0.00282019
0.00364058
0.00463456
0.00581901
0.00720706
0.00880668
0.0106193
0.0126387
0.0148502
0.0172308
0.0197487
0.0223647
0.0250331
0.0277036
0.0303231
0.0328377
0.035195
0.0373455
0.0392444
0.0408525
0.0421374
0.0430735
0.0436425
0.0438333
0.0436425
0.0430735
0.0421374
0.0408525
0.0392444
0.0373455
0.035195
0.0328377
0.0303231
0.0277036
0.0250331
0.0223647
0.0197487
0.0172308
0.0148502
0.0126387
0.0106193
0.00880668
0.00720706
0.00581901
0.00463456
0.00364058
0.00282019
0.00215419
0.00162235
0.00120457
0.000881703
0.000636204
0.000452529
0.0003173
0.000219317
0.000149439
0.000100384
6.64811e-05
4.34104e-05
2.79504e-05
1.77469e-05
1.11133e-05
6.8644e-06
4.18271e-06
2.5146e-06
1.49174e-06
8.73331e-07
5.04561e-07
2.87525e-07
1.61247e-07
8.82439e-08
4.56321e-08
1.92928e-08
0
0
2.4905e-08
5.89064e-08
1.13914e-07
2.08154e-07
3.71165e-07
6.51337e-07
1.12738e-06
1.92569e-06
3.24609e-06
5.39946e-06
8.86124e-06
1.43461e-05
2.29094e-05
3.60811e-05
5.60384e-05
8.58204e-05
0.000129586
0.000192911
0.000283116
0.000409602
0.000584169
0.000821275
0.00113819
0.00155498
0.00209429
0.00278084
0.00364058
0.00469962
0.00598274
0.00751175
0.00930359
0.0113685
0.0137084
0.0163152
0.0191701
0.0222432
0.0254936
0.0288705
0.0323152
0.0357625
0.039144
0.0423902
0.0454332
0.0482093
0.0506605
0.0527365
0.0543952
0.0556035
0.056338
0.0565844
0.056338
0.0556035
0.0543952
0.0527365
0.0506605
0.0482093
0.0454332
0.0423902
0.039144
0.0357625
0.0323152
0.0288705
0.0254936
0.0222432
0.0191701
0.0163152
0.0137084
0.0113685
0.00930359
0.00751175
0.00598274
0.00469962
0.00364058
0.00278084
0.00209429
0.00155498
0.00113819
0.000821275
0.000584169
0.000409602
0.000283116
0.000192911
0.000129586
8.58204e-05
5.60384e-05
3.60811e-05
2.29094e-05
1.43461e-05
8.86124e-06
5.39946e-06
3.24609e-06
1.92569e-06
1.12738e-06
6.51337e-07
3.71165e-07
2.08154e-07
1.13914e-07
5.89064e-08
2.4905e-08
0
0
3.17048e-08
7.49895e-08
1.45016e-07
2.64985e-07
4.72504e-07
8.2917e-07
1.43519e-06
2.45145e-06
4.13236e-06
6.87366e-06
1.12806e-05
1.8263e-05
2.91643e-05
4.59323e-05
7.13385e-05
0.000109252
0.000164966
0.000245581
0.000360414
0.000521435
0.000743663
0.00104551
0.00144895
0.00197953
0.00266609
0.00354008
0.00463456
0.00598274
0.0076162
0.00956266
0.0118437
0.0144725
0.0174512
0.0207697
0.0244041
0.0283162
0.032454
0.036753
0.0411381
0.0455267
0.0498314
0.0539639
0.0578377
0.0613717
0.0644923
0.067135
0.0692465
0.0707848
0.0717199
0.0720335
0.0717199
0.0707848
0.0692465
0.067135
0.0644923
0.0613717
0.0578377
0.0539639
0.0498314
0.0455267
0.0411381
0.036753
0.032454
0.0283162
0.0244041
0.0207697
0.0174512
0.0144725
0.0118437
0.00956266
0.0076162
0.00598274
0.00463456
0.00354008
0.00266609
0.00197953
0.00144895
0.00104551
0.000743663
0.000521435
0.000360414
0.000245581
0.000164966
0.000109252
7.13385e-05
4.59323e-05
2.91643e-05
1.8263e-05
1.12806e-05
6.87366e-06
4.13236e-06
2.45145e-06
1.43519e-06
8.2917e-07
4.72504e-07
2.64985e-07
1.45016e-07
7.49895e-08
3.17048e-08
0
0
3.98075e-08
9.41545e-08
1.82077e-07
3.32707e-07
5.93261e-07
1.04108e-06
1.80198e-06
3.07797e-06
5.18847e-06
8.63035e-06
1.41636e-05
2.29305e-05
3.66178e-05
5.76711e-05
8.95704e-05
0.000137173
0.000207127
0.000308344
0.000452525
0.000654697
0.00093372
0.0013127
0.00181925
0.00248544
0.00334747
0.00444482
0.00581901
0.00751175
0.00956266
0.0120066
0.0148706
0.0181712
0.0219112
0.0260778
0.0306411
0.035553
0.0407483
0.0461459
0.0516518
0.0571619
0.0625668
0.0677554
0.0726193
0.0770565
0.0809745
0.0842927
0.0869438
0.0888753
0.0900492
0.0904431
0.0900492
0.0888753
0.0869438
0.0842927
0.0809745
0.0770565
0.0726193
0.0677554
0.0625668
0.0571619
0.0516518
0.0461459
0.0407483
0.035553
0.0306411
0.0260778
0.0219112
0.0181712
0.0148706
0.0120066
0.00956266
0.00751175
0.00581901
0.00444482
0.00334747
0.00248544
0.00181925
0.0013127
0.00093372
0.000654697
0.000452525
0.000308344
0.000207127
0.000137173
8.95704e-05
5.76711e-05
3.66178e-05
2.29305e-05
1.41636e-05
8.63035e-06
5.18847e-06
3.07797e-06
1.80198e-06
1.04108e-06
5.93261e-07
3.32707e-07
1.82077e-07
9.41545e-08
3.98075e-08
0
0
4.93032e-08
1.16614e-07
2.2551e-07
4.12071e-07
7.34777e-07
1.28942e-06
2.23182e-06
3.81219e-06
6.42612e-06
1.0689e-05
1.75421e-05
2.84003e-05
4.53526e-05
7.14279e-05
0.000110936
0.000169894
0.000256534
0.000381896
0.00056047
0.000810868
0.00115645
0.00162584
0.00225321
0.00307832
0.00414597
0.00550508
0.00720706
0.00930359
0.0118437
0.0148706
0.0184178
0.0225057
0.0271378
0.0322984
0.0379502
0.0440338
0.0504683
0.0571535
0.0639727
0.0707972
0.0774914
0.0839176
0.0899418
0.0954374
0.10029
0.1044
0.107683
0.110075
0.111529
0.112017
0.111529
0.110075
0.107683
0.1044
0.10029
0.0954374
0.0899418
0.0839176
0.0774914
0.0707972
0.0639727
0.0571535
0.0504683
0.0440338
0.0379502
0.0322984
0.0271378
0.0225057
0.0184178
0.0148706
0.0118437
0.00930359
0.00720706
0.00550508
0.00414597
0.00307832
0.00225321
0.00162584
0.00115645
0.000810868
0.00056047
0.000381896
0.000256534
0.000169894
0.000110936
7.14279e-05
4.53526e-05
2.84003e-05
1.75421e-05
1.0689e-05
6.42612e-06
3.81219e-06
2.23182e-06
1.28942e-06
7.34777e-07
4.12071e-07
2.2551e-07
1.16614e-07
4.93032e-08
0
0
6.0246e-08
1.42497e-07
2.75562e-07
5.0353e-07
8.97861e-07
1.57561e-06
2.72718e-06
4.6583e-06
7.8524e-06
1.30615e-05
2.14356e-05
3.47038e-05
5.54186e-05
8.72814e-05
0.000135559
0.000207602
0.000313473
0.000466658
0.000684867
0.000990841
0.00141312
0.00198669
0.00275332
0.00376155
0.00506617
0.00672694
0.00880668
0.0113685
0.0144725
0.0181712
0.0225057
0.0275009
0.0331611
0.0394671
0.0463732
0.0538071
0.0616698
0.0698388
0.0781715
0.0865108
0.0946907
0.102543
0.109904
0.11662
0.12255
0.127571
0.131584
0.134507
0.136284
0.13688
0.136284
0.134507
0.131584
0.127571
0.12255
0.11662
0.109904
0.102543
0.0946907
0.0865108
0.0781715
0.0698388
0.0616698
0.0538071
0.0463732
0.0394671
0.0331611
0.0275009
0.0225057
0.0181712
0.0144725
0.0113685
0.00880668
0.00672694
0.00506617
0.00376155
0.00275332
0.00198669
0.00141312
0.000990841
0.000684867
0.000466658
0.000313473
0.000207602
0.000135559
8.72814e-05
5.54186e-05
3.47038e-05
2.14356e-05
1.30615e-05
7.8524e-06
4.6583e-06
2.72718e-06
1.57561e-06
8.97861e-07
5.0353e-07
2.75562e-07
1.42497e-07
6.0246e-08
0
0
7.26459e-08
1.71825e-07
3.32278e-07
6.07167e-07
1.08266e-06
1.8999e-06
3.28849e-06
5.61708e-06
9.46859e-06
1.57498e-05
2.58475e-05
4.18465e-05
6.68249e-05
0.000105246
0.00016346
0.000250331
0.000377992
0.000562706
0.000825827
0.00119478
0.00170397
0.00239559
0.00332001
0.00453576
0.00610889
0.00811148
0.0106193
0.0137084
0.0174512
0.0219112
0.0271378
0.0331611
0.0399863
0.0475902
0.0559178
0.0648817
0.0743628
0.0842131
0.0942608
0.104316
0.11418
0.123649
0.132525
0.140623
0.147773
0.153828
0.158666
0.162191
0.164334
0.165052
0.164334
0.162191
0.158666
0.153828
0.147773
0.140623
0.132525
0.123649
0.11418
0.104316
0.0942608
0.0842131
0.0743628
0.0648817
0.0559178
0.0475902
0.0399863
0.0331611
0.0271378
0.0219112
0.0174512
0.0137084
0.0106193
0.00811148
0.00610889
0.00453576
0.00332001
0.00239559
0.00170397
0.00119478
0.000825827
0.000562706
0.000377992
0.000250331
0.00016346
0.000105246
6.68249e-05
4.18465e-05
2.58475e-05
1.57498e-05
9.46859e-06
5.61708e-06
3.28849e-06
1.8999e-06
1.08266e-06
6.07167e-07
3.32278e-07
1.71825e-07
7.26459e-08
0
0
8.64604e-08
2.045e-07
3.95464e-07
7.22627e-07
1.28854e-06
2.26118e-06
3.91383e-06
6.68523e-06
1.12692e-05
1.87448e-05
3.07627e-05
4.98041e-05
7.95324e-05
0.000125259
0.000194543
0.000297935
0.000449871
0.000669711
0.000982867
0.00142198
0.002028
0.00285114
0.00395134
0.00539828
0.00727056
0.00965397
0.0126387
0.0163152
0.0207697
0.0260778
0.0322984
0.0394671
0.0475902
0.05664
0.0665512
0.0772197
0.0885037
0.100227
0.112186
0.124153
0.135893
0.147162
0.157726
0.167364
0.175873
0.18308
0.188839
0.193034
0.195583
0.196439
0.195583
0.193034
0.188839
0.18308
0.175873
0.167364
0.157726
0.147162
0.135893
0.124153
0.112186
0.100227
0.0885037
0.0772197
0.0665512
0.05664
0.0475902
0.0394671
0.0322984
0.0260778
0.0207697
0.0163152
0.0126387
0.00965397
0.00727056
0.00539828
0.00395134
0.00285114
0.002028
0.00142198
0.000982867
0.000669711
0.000449871
0.000297935
0.000194543
0.000125259
7.95324e-05
4.98041e-05
3.07627e-05
1.87448e-05
1.12692e-05
6.68523e-06
3.91383e-06
2.26118e-06
1.28854e-06
7.22627e-07
3.95464e-07
2.045e-07
8.64604e-08
0
0
1.0159e-07
2.40284e-07
4.64665e-07
8.49076e-07
1.51402e-06
2.65686e-06
4.59869e-06
7.85505e-06
1.32411e-05
2.20249e-05
3.61458e-05
5.85191e-05
9.34494e-05
0.000147178
0.000228586
0.000350069
0.000528592
0.000786901
0.00115485
0.0016708
0.00238287
0.00335005
0.00464277
0.00634291
0.00854281
0.0113433
0.0148502
0.0191701
0.0244041
0.0306411
0.0379502
0.0463732
0.0559178
0.0665512
0.0781967
0.090732
0.103991
0.117765
0.131816
0.145878
0.159672
0.172913
0.185326
0.19665
0.206649
0.215117
0.221883
0.226812
0.229808
0.230813
0.229808
0.226812
0.221883
0.215117
0.206649
0.19665
0.185326
0.172913
0.159672
0.145878
0.131816
0.117765
0.103991
0.090732
0.0781967
0.0665512
0.0559178
0.0463732
0.0379502
0.0306411
0.0244041
0.0191701
0.0148502
0.0113433
0.00854281
0.00634291
0.00464277
0.00335005
0.00238287
0.0016708
0.00115485
0.000786901
0.000528592
0.000350069
0.000228586
0.000147178
9.34494e-05
5.85191e-05
3.61458e-05
2.20249e-05
1.32411e-05
7.85505e-06
4.59869e-06
2.65686e-06
1.51402e-06
8.49076e-07
4.64665e-07
2.40284e-07
1.0159e-07
0
0
1.17875e-07
2.78803e-07
5.39153e-07
9.85187e-07
1.75672e-06
3.08277e-06
5.33588e-06
9.11425e-06
1.53637e-05
2.55555e-05
4.19401e-05
6.79e-05
0.00010843
0.000170771
0.000265229
0.000406187
0.000613328
0.000913045
0.00133998
0.00193864
0.00276486
0.00388708
0.00538703
0.0073597
0.00991226
0.0131617
0.0172308
0.0222432
0.0283162
0.035553
0.0440338
0.0538071
0.0648817
0.0772197
0.090732
0.105277
0.120661
0.136644
0.152947
0.169263
0.185268
0.200632
0.215035
0.228174
0.239775
0.249601
0.257451
0.263171
0.266647
0.267813
0.266647
0.263171
0.257451
0.249601
0.239775
0.228174
0.215035
0.200632
0.185268
0.169263
0.152947
0.136644
0.120661
0.105277
0.090732
0.0772197
0.0648817
0.0538071
0.0440338
0.035553
0.0283162
0.0222432
0.0172308
0.0131617
0.00991226
0.0073597
0.00538703
0.00388708
0.00276486
0.00193864
0.00133998
0.000913045
0.000613328
0.000406187
0.000265229
0.000170771
0.00010843
6.79e-05
4.19401e-05
2.55555e-05
1.53637e-05
9.11425e-06
5.33588e-06
3.08277e-06
1.75672e-06
9.85187e-07
5.39153e-07
2.78803e-07
1.17875e-07
0
0
1.351e-07
3.19544e-07
6.17938e-07
1.12915e-06
2.01343e-06
3.53325e-06
6.11561e-06
1.04461e-05
1.76088e-05
2.92899e-05
4.80688e-05
7.78221e-05
0.000124275
0.000195726
0.000303987
0.000465542
0.000702953
0.00104647
0.00153579
0.00222193
0.00316889
0.00445509
0.00617423
0.00843517
0.0113607
0.0150849
0.0197487
0.0254936
0.032454
0.0407483
0.0504683
0.0616698
0.0743628
0.0885037
0.103991
0.120661
0.138293
0.156611
0.175297
0.193998
0.212341
0.22995
0.246457
0.261516
0.274813
0.286075
0.295072
0.301627
0.305612
0.306948
0.305612
0.301627
0.295072
0.286075
0.274813
0.261516
0.246457
0.22995
0.212341
0.193998
0.175297
0.156611
0.138293
0.120661
0.103991
0.0885037
0.0743628
0.0616698
0.0504683
0.0407483
0.032454
0.0254936
0.0197487
0.0150849
0.0113607
0.00843517
0.00617423
0.00445509
0.00316889
0.00222193
0.00153579
0.00104647
0.000702953
0.000465542
0.000303987
0.000195726
0.000124275
7.78221e-05
4.80688e-05
2.92899e-05
1.76088e-05
1.04461e-05
6.11561e-06
3.53325e-06
2.01343e-06
1.12915e-06
6.17938e-07
3.19544e-07
1.351e-07
0
0
1.52996e-07
3.61872e-07
6.99792e-07
1.27872e-06
2.28013e-06
4.00127e-06
6.9257e-06
1.18298e-05
1.99413e-05
3.31698e-05
5.44361e-05
8.81307e-05
0.000140736
0.000221652
0.000344254
0.000527209
0.000796068
0.00118508
0.00173923
0.00251625
0.00358865
0.00504523
0.00699209
0.00955252
0.0128656
0.0170831
0.0223647
0.0288705
0.036753
0.0461459
0.0571535
0.0698388
0.0842131
0.100227
0.117765
0.136644
0.156611
0.177357
0.198518
0.219695
0.240468
0.26041
0.279104
0.296158
0.311216
0.323969
0.334159
0.341582
0.346094
0.347608
0.346094
0.341582
0.334159
0.323969
0.311216
0.296158
0.279104
0.26041
0.240468
0.219695
0.198518
0.177357
0.156611
0.136644
0.117765
0.100227
0.0842131
0.0698388
0.0571535
0.0461459
0.036753
0.0288705
0.0223647
0.0170831
0.0128656
0.00955252
0.00699209
0.00504523
0.00358865
0.00251625
0.00173923
0.00118508
0.000796068
0.000527209
0.000344254
0.000221652
0.000140736
8.81307e-05
5.44361e-05
3.31698e-05
1.99413e-05
1.18298e-05
6.9257e-06
4.00127e-06
2.28013e-06
1.27872e-06
6.99792e-07
3.61872e-07
1.52996e-07
0
0
1.7125e-07
4.05048e-07
7.83287e-07
1.43129e-06
2.55218e-06
4.47868e-06
7.75203e-06
1.32413e-05
2.23206e-05
3.71274e-05
6.09311e-05
9.86459e-05
0.000157528
0.000248098
0.000385328
0.000590113
0.00089105
0.00132648
0.00194674
0.00281648
0.00401682
0.00564719
0.00782634
0.0106923
0.0144006
0.0191214
0.0250331
0.0323152
0.0411381
0.0516518
0.0639727
0.0781715
0.0942608
0.112186
0.131816
0.152947
0.175297
0.198518
0.222204
0.245908
0.269159
0.29148
0.312405
0.331493
0.348349
0.362623
0.374028
0.382337
0.387388
0.389082
0.387388
0.382337
0.374028
0.362623
0.348349
0.331493
0.312405
0.29148
0.269159
0.245908
0.222204
0.198518
0.175297
0.152947
0.131816
0.112186
0.0942608
0.0781715
0.0639727
0.0516518
0.0411381
0.0323152
0.0250331
0.0191214
0.0144006
0.0106923
0.00782634
0.00564719
0.00401682
0.00281648
0.00194674
0.00132648
0.00089105
0.000590113
0.000385328
0.000248098
0.000157528
9.86459e-05
6.09311e-05
3.71274e-05
2.23206e-05
1.32413e-05
7.75203e-06
4.47868e-06
2.55218e-06
1.43129e-06
7.83287e-07
4.05048e-07
1.7125e-07
0
0
1.89519e-07
4.48258e-07
8.66847e-07
1.58398e-06
2.82444e-06
4.95646e-06
8.57901e-06
1.46538e-05
2.47017e-05
4.10881e-05
6.74311e-05
0.000109169
0.000174333
0.000274565
0.000426434
0.000653065
0.000986105
0.00146799
0.00215442
0.00311693
0.00444533
0.00624963
0.00866124
0.0118329
0.0159369
0.0211612
0.0277036
0.0357625
0.0455267
0.0571619
0.0707972
0.0865108
0.104316
0.124153
0.145878
0.169263
0.193998
0.219695
0.245908
0.272141
0.297873
0.322575
0.345732
0.366857
0.38551
0.401307
0.413929
0.423124
0.428714
0.430589
0.428714
0.423124
0.413929
0.401307
0.38551
0.366857
0.345732
0.322575
0.297873
0.272141
0.245908
0.219695
0.193998
0.169263
0.145878
0.124153
0.104316
0.0865108
0.0707972
0.0571619
0.0455267
0.0357625
0.0277036
0.0211612
0.0159369
0.0118329
0.00866124
0.00624963
0.00444533
0.00311693
0.00215442
0.00146799
0.000986105
0.000653065
0.000426434
0.000274565
0.000174333
0.000109169
6.74311e-05
4.10881e-05
2.47017e-05
1.46538e-05
8.57901e-06
4.95646e-06
2.82444e-06
1.58398e-06
8.66847e-07
4.48258e-07
1.89519e-07
0
0
2.07439e-07
4.90643e-07
9.48811e-07
1.73375e-06
3.09151e-06
5.42511e-06
9.39018e-06
1.60394e-05
2.70373e-05
4.49731e-05
7.3807e-05
0.000119492
0.000190817
0.000300526
0.000466755
0.000714815
0.00107935
0.00160679
0.00235813
0.00341165
0.00486565
0.00684055
0.00948019
0.0129517
0.0174438
0.0231621
0.0303231
0.039144
0.0498314
0.0625668
0.0774914
0.0946907
0.11418
0.135893
0.159672
0.185268
0.212341
0.240468
0.269159
0.297873
0.326038
0.353076
0.378422
0.401544
0.421961
0.439252
0.453068
0.463132
0.46925
0.471302
0.46925
0.463132
0.453068
0.439252
0.421961
0.401544
0.378422
0.353076
0.326038
0.297873
0.269159
0.240468
0.212341
0.185268
0.159672
0.135893
0.11418
0.0946907
0.0774914
0.0625668
0.0498314
0.039144
0.0303231
0.0231621
0.0174438
0.0129517
0.00948019
0.00684055
0.00486565
0.00341165
0.00235813
0.00160679
0.00107935
0.000714815
0.000466755
0.000300526
0.000190817
0.000119492
7.3807e-05
4.49731e-05
2.70373e-05
1.60394e-05
9.39018e-06
5.42511e-06
3.09151e-06
1.73375e-06
9.48811e-07
4.90643e-07
2.07439e-07
0
0
2.24641e-07
5.31331e-07
1.02749e-06
1.87753e-06
3.34788e-06
5.875e-06
1.01689e-05
1.73695e-05
2.92795e-05
4.87027e-05
7.99277e-05
0.000129401
0.000206641
0.000325449
0.000505462
0.000774093
0.00116885
0.00174004
0.00255368
0.00369458
0.00526915
0.00740783
0.0102664
0.0140258
0.0188904
0.0250829
0.0328377
0.0423902
0.0539639
0.0677554
0.0839176
0.102543
0.123649
0.147162
0.172913
0.200632
0.22995
0.26041
0.29148
0.322575
0.353076
0.382356
0.409804
0.434844
0.456954
0.475679
0.49064
0.501539
0.508164
0.510387
0.508164
0.501539
0.49064
0.475679
0.456954
0.434844
0.409804
0.382356
0.353076
0.322575
0.29148
0.26041
0.22995
0.200632
0.172913
0.147162
0.123649
0.102543
0.0839176
0.0677554
0.0539639
0.0423902
0.0328377
0.0250829
0.0188904
0.0140258
0.0102664
0.00740783
0.00526915
0.00369458
0.00255368
0.00174004
0.00116885
0.000774093
0.000505462
0.000325449
0.000206641
0.000129401
7.99277e-05
4.87027e-05
2.92795e-05
1.73695e-05
1.01689e-05
5.875e-06
3.34788e-06
1.87753e-06
1.02749e-06
5.31331e-07
2.24641e-07
0
0
2.40767e-07
5.69473e-07
1.10125e-06
2.01231e-06
3.58821e-06
6.29675e-06
1.08989e-05
1.86164e-05
3.13813e-05
5.21988e-05
8.56654e-05
0.00013869
0.000221475
0.000348811
0.000541747
0.000829662
0.00125276
0.00186495
0.002737
0.00395979
0.00564741
0.00793961
0.0110034
0.0150327
0.0202464
0.0268835
0.035195
0.0454332
0.0578377
0.0726193
0.0899418
0.109904
0.132525
0.157726
0.185326
0.215035
0.246457
0.279104
0.312405
0.345732
0.378422
0.409804
0.439222
0.466059
0.489757
0.509826
0.525861
0.537543
0.544643
0.547026
0.544643
0.537543
0.525861
0.509826
0.489757
0.466059
0.439222
0.409804
0.378422
0.345732
0.312405
0.279104
0.246457
0.215035
0.185326
0.157726
0.132525
0.109904
0.0899418
0.0726193
0.0578377
0.0454332
0.035195
0.0268835
0.0202464
0.0150327
0.0110034
0.00793961
0.00564741
0.00395979
0.002737
0.00186495
0.00125276
0.000829662
0.000541747
0.000348811
0.000221475
0.00013869
8.56654e-05
5.21988e-05
3.13813e-05
1.86164e-05
1.08989e-05
6.29675e-06
3.58821e-06
2.01231e-06
1.10125e-06
5.69473e-07
2.40767e-07
0
0
2.55479e-07
6.04269e-07
1.16854e-06
2.13527e-06
3.80746e-06
6.6815e-06
1.15648e-05
1.9754e-05
3.32988e-05
5.53883e-05
9.08998e-05
0.000147164
0.000235008
0.000370125
0.000574849
0.000880357
0.00132931
0.00197891
0.00290424
0.00420175
0.00599248
0.00842474
0.0116757
0.0159512
0.0214835
0.0285262
0.0373455
0.0482093
0.0613717
0.0770565
0.0954374
0.11662
0.140623
0.167364
0.19665
0.228174
0.261516
0.296158
0.331493
0.366857
0.401544
0.434844
0.466059
0.494537
0.519682
0.540978
0.557992
0.570388
0.577923
0.58045
0.577923
0.570388
0.557992
0.540978
0.519682
0.494537
0.466059
0.434844
0.401544
0.366857
0.331493
0.296158
0.261516
0.228174
0.19665
0.167364
0.140623
0.11662
0.0954374
0.0770565
0.0613717
0.0482093
0.0373455
0.0285262
0.0214835
0.0159512
0.0116757
0.00842474
0.00599248
0.00420175
0.00290424
0.00197891
0.00132931
0.000880357
0.000574849
0.000370125
0.000235008
0.000147164
9.08998e-05
5.53883e-05
3.32988e-05
1.9754e-05
1.15648e-05
6.6815e-06
3.80746e-06
2.13527e-06
1.16854e-06
6.04269e-07
2.55479e-07
0
0
2.68469e-07
6.34994e-07
1.22796e-06
2.24384e-06
4.00106e-06
7.02122e-06
1.21529e-05
2.07584e-05
3.49919e-05
5.82046e-05
9.55216e-05
0.000154647
0.000246957
0.000388944
0.000604078
0.000925119
0.0013969
0.00207953
0.00305191
0.00441539
0.00629717
0.0088531
0.0122694
0.0167623
0.0225759
0.0299766
0.0392444
0.0506605
0.0644923
0.0809745
0.10029
0.12255
0.147773
0.175873
0.206649
0.239775
0.274813
0.311216
0.348349
0.38551
0.421961
0.456954
0.489757
0.519682
0.546106
0.568484
0.586364
0.59939
0.607308
0.609964
0.607308
0.59939
0.586364
0.568484
0.546106
0.519682
0.489757
0.456954
0.421961
0.38551
0.348349
0.311216
0.274813
0.239775
0.206649
0.175873
0.147773
0.12255
0.10029
0.0809745
0.0644923
0.0506605
0.0392444
0.0299766
0.0225759
0.0167623
0.0122694
0.0088531
0.00629717
0.00441539
0.00305191
0.00207953
0.0013969
0.000925119
0.000604078
0.000388944
0.000246957
0.000154647
9.55216e-05
5.82046e-05
3.49919e-05
2.07584e-05
1.21529e-05
7.02122e-06
4.00106e-06
2.24384e-06
1.22796e-06
6.34994e-07
2.68469e-07
0
0
2.7947e-07
6.61015e-07
1.27828e-06
2.33578e-06
4.16501e-06
7.30894e-06
1.26509e-05
2.1609e-05
3.64258e-05
6.05897e-05
9.94359e-05
0.000160984
0.000257077
0.000404882
0.000628832
0.000963029
0.00145414
0.00216474
0.00317697
0.00459632
0.00655522
0.00921589
0.0127721
0.0174491
0.023501
0.031205
0.0408525
0.0527365
0.067135
0.0842927
0.1044
0.127571
0.153828
0.18308
0.215117
0.249601
0.286075
0.323969
0.362623
0.401307
0.439252
0.475679
0.509826
0.540978
0.568484
0.59178
0.610392
0.623952
0.632194
0.634959
0.632194
0.623952
0.610392
0.59178
0.568484
0.540978
0.509826
0.475679
0.439252
0.401307
0.362623
0.323969
0.286075
0.249601
0.215117
0.18308
0.153828
0.127571
0.1044
0.0842927
0.067135
0.0527365
0.0408525
0.031205
0.023501
0.0174491
0.0127721
0.00921589
0.00655522
0.00459632
0.00317697
0.00216474
0.00145414
0.000963029
0.000628832
0.000404882
0.000257077
0.000160984
9.94359e-05
6.05897e-05
3.64258e-05
2.1609e-05
1.26509e-05
7.30894e-06
4.16501e-06
2.33578e-06
1.27828e-06
6.61015e-07
2.7947e-07
0
0
2.8826e-07
6.81805e-07
1.31848e-06
2.40925e-06
4.29601e-06
7.53882e-06
1.30488e-05
2.22886e-05
3.75715e-05
6.24954e-05
0.000102563
0.000166048
0.000265162
0.000417616
0.00064861
0.000993318
0.00149988
0.00223282
0.00327689
0.00474089
0.00676139
0.00950574
0.0131738
0.0179979
0.0242402
0.0321864
0.0421374
0.0543952
0.0692465
0.0869438
0.107683
0.131584
0.158666
0.188839
0.221883
0.257451
0.295072
0.334159
0.374028
0.413929
0.453068
0.49064
0.525861
0.557992
0.586364
0.610392
0.62959
0.643576
0.652078
0.65493
0.652078
0.643576
0.62959
0.610392
0.586364
0.557992
0.525861
0.49064
0.453068
0.413929
0.374028
0.334159
0.295072
0.257451
0.221883
0.188839
0.158666
0.131584
0.107683
0.0869438
0.0692465
0.0543952
0.0421374
0.0321864
0.0242402
0.0179979
0.0131738
0.00950574
0.00676139
0.00474089
0.00327689
0.00223282
0.00149988
0.000993318
0.00064861
0.000417616
0.000265162
0.000166048
0.000102563
6.24954e-05
3.75715e-05
2.22886e-05
1.30488e-05
7.53882e-06
4.29601e-06
2.40925e-06
1.31848e-06
6.81805e-07
2.8826e-07
0
0
2.94664e-07
6.96951e-07
1.34777e-06
2.46277e-06
4.39144e-06
7.70629e-06
1.33386e-05
2.27838e-05
3.84061e-05
6.38837e-05
0.000104842
0.000169736
0.000271053
0.000426894
0.000663019
0.00101538
0.0015332
0.00228243
0.00334969
0.00484621
0.00691159
0.00971691
0.0134665
0.0183978
0.0247786
0.0329015
0.0430735
0.0556035
0.0707848
0.0888753
0.110075
0.134507
0.162191
0.193034
0.226812
0.263171
0.301627
0.341582
0.382337
0.423124
0.463132
0.501539
0.537543
0.570388
0.59939
0.623952
0.643576
0.657873
0.666563
0.669479
0.666563
0.657873
0.643576
0.623952
0.59939
0.570388
0.537543
0.501539
0.463132
0.423124
0.382337
0.341582
0.301627
0.263171
0.226812
0.193034
0.162191
0.134507
0.110075
0.0888753
0.0707848
0.0556035
0.0430735
0.0329015
0.0247786
0.0183978
0.0134665
0.00971691
0.00691159
0.00484621
0.00334969
0.00228243
0.0015332
0.00101538
0.000663019
0.000426894
0.000271053
0.000169736
0.000104842
6.38837e-05
3.84061e-05
2.27838e-05
1.33386e-05
7.70629e-06
4.39144e-06
2.46277e-06
1.34777e-06
6.96951e-07
2.94664e-07
0
0
2.98556e-07
7.06157e-07
1.36558e-06
2.4953e-06
4.44945e-06
7.80809e-06
1.35148e-05
2.30847e-05
3.89135e-05
6.47275e-05
0.000106227
0.000171978
0.000274633
0.000432533
0.000671777
0.0010288
0.00155345
0.00231258
0.00339393
0.00491022
0.00700289
0.00984526
0.0136444
0.0186408
0.025106
0.0333361
0.0436425
0.056338
0.0717199
0.0900492
0.111529
0.136284
0.164334
0.195583
0.229808
0.266647
0.305612
0.346094
0.387388
0.428714
0.46925
0.508164
0.544643
0.577923
0.607308
0.632194
0.652078
0.666563
0.675368
0.678322
0.675368
0.666563
0.652078
0.632194
0.607308
0.577923
0.544643
0.508164
0.46925
0.428714
0.387388
0.346094
0.305612
0.266647
0.229808
0.195583
0.164334
0.136284
0.111529
0.0900492
0.0717199
0.056338
0.0436425
0.0333361
0.025106
0.0186408
0.0136444
0.00984526
0.00700289
0.00491022
0.00339393
0.00231258
0.00155345
0.0010288
0.000671777
0.000432533
0.000274633
0.000171978
0.000106227
6.47275e-05
3.89135e-05
2.30847e-05
1.35148e-05
7.80809e-06
4.44945e-06
2.4953e-06
1.36558e-06
7.06157e-07
2.98556e-07
0
0
2.99862e-07
7.09246e-07
1.37155e-06
2.50621e-06
4.46891e-06
7.84224e-06
1.35739e-05
2.31857e-05
3.90836e-05
6.50106e-05
0.000106691
0.000172731
0.000275834
0.000434424
0.000674715
0.0010333
0.00156024
0.00232269
0.00340878
0.0049317
0.00703352
0.00988832
0.013704
0.0187223
0.0252158
0.0334819
0.0438333
0.0565844
0.0720335
0.0904431
0.112017
0.13688
0.165052
0.196439
0.230813
0.267813
0.306948
0.347608
0.389082
0.430589
0.471302
0.510387
0.547026
0.58045
0.609964
0.634959
0.65493
0.669479
0.678322
0.681289
0.678322
0.669479
0.65493
0.634959
0.609964
0.58045
0.547026
0.510387
0.471302
0.430589
0.389082
0.347608
0.306948
0.267813
0.230813
0.196439
0.165052
0.13688
0.112017
0.0904431
0.0720335
0.0565844
0.0438333
0.0334819
0.0252158
0.0187223
0.013704
0.00988832
0.00703352
0.0049317
0.00340878
0.00232269
0.00156024
0.0010333
0.000674715
0.000434424
0.000275834
0.000172731
0.000106691
6.50106e-05
3.90836e-05
2.31857e-05
1.35739e-05
7.84224e-06
4.46891e-06
2.50621e-06
1.37155e-06
7.09246e-07
2.99862e-07
0
0
2.98556e-07
7.06157e-07
1.36558e-06
2.4953e-06
4.44945e-06
7.80809e-06
1.35148e-05
2.30847e-05
3.89135e-05
6.47275e-05
0.000106227
0.000171978
0.000274633
0.000432533
0.000671777
0.0010288
0.00155345
0.00231258
0.00339393
0.00491022
0.00700289
0.00984526
0.0136444
0.0186408
0.025106
0.0333361
0.0436425
0.056338
0.0717199
0.0900492
0.111529
0.136284
0.164334
0.195583
0.229808
0.266647
0.305612
0.346094
0.387388
0.428714
0.46925
0.508164
0.544643
0.577923
0.607308
0.632194
0.652078
0.666563
0.675368
0.678322
0.675368
0.666563
0.652078
0.632194
0.607308
0.577923
0.544643
0.508164
0.46925
0.428714
0.387388
0.346094
0.305612
0.266647
0.229808
0.195583
0.164334
0.136284
0.111529
0.0900492
0.0717199
0.056338
0.0436425
0.0333361
0.025106
0.0186408
0.0136444
0.00984526
0.00700289
0.00491022
0.00339393
0.00231258
0.00155345
0.0010288
0.000671777
0.000432533
0.000274633
0.000171978
0.000106227
6.47275e-05
3.89135e-05
2.30847e-05
1.35148e-05
7.80809e-06
4.44945e-06
2.4953e-06
1.36558e-06
7.06157e-07
2.98556e-07
0
0
2.94664e-07
6.96951e-07
1.34777e-06
2.46277e-06
4.39144e-06
7.70629e-06
1.33386e-05
2.27838e-05
3.84061e-05
6.38837e-05
0.000104842
0.000169736
0.000271053
0.000426894
0.000663019
0.00101538
0.0015332
0.00228243
0.00334969
0.00484621
0.00691159
0.00971691
0.0134665
0.0183978
0.0247786
0.0329015
0.0430735
0.0556035
0.0707848
0.0888753
0.110075
0.134507
0.162191
0.193034
0.226812
0.263171
0.301627
0.341582
0.382337
0.423124
0.463132
0.501539
0.537543
0.570388
0.59939
0.623952
0.643576
0.657873
0.666563
0.669479
0.666563
0.657873
0.643576
0.623952
0.59939
0.570388
0.537543
0.501539
0.463132
0.423124
0.382337
0.341582
0.301627
0.263171
0.226812
0.193034
0.162191
0.134507
0.110075
0.0888753
0.0707848
0.0556035
0.0430735
0.0329015
0.0247786
0.0183978
0.0134665
0.00971691
0.00691159
0.00484621
0.00334969
0.00228243
0.0015332
0.00101538
0.000663019
0.000426894
0.000271053
0.000169736
0.000104842
6.38837e-05
3.84061e-05
2.27838e-05
1.33386e-05
7.70629e-06
4.39144e-06
2.46277e-06
1.34777e-06
6.96951e-07
2.94664e-07
0
0
2.8826e-07
6.81805e-07
1.31848e-06
2.40925e-06
4.29601e-06
7.53882e-06
1.30488e-05
2.22886e-05
3.75715e-05
6.24954e-05
0.000102563
0.000166048
0.000265162
0.000417616
0.00064861
0.000993318
0.00149988
0.00223282
0.00327689
0.00474089
0.00676139
0.00950574
0.0131738
0.0179979
0.0242402
0.0321864
0.0421374
0.0543952
0.0692465
0.0869438
0.107683
0.131584
0.158666
0.188839
0.221883
0.257451
0.295072
0.334159
0.374028
0.413929
0.453068
0.49064
0.525861
0.557992
0.586364
0.610392
0.62959
0.643576
0.652078
0.65493
0.652078
0.643576
0.62959
0.610392
0.586364
0.557992
0.525861
0.49064
0.453068
0.413929
0.374028
0.334159
0.295072
0.257451
0.221883
0.188839
0.158666
0.131584
0.107683
0.0869438
0.0692465
0.0543952
0.0421374
0.0321864
0.0242402
0.0179979
0.0131738
0.00950574
0.00676139
0.00474089
0.00327689
0.00223282
0.00149988
0.000993318
0.00064861
0.000417616
0.000265162
0.000166048
0.000102563
6.24954e-05
3.75715e-05
2.22886e-05
1.30488e-05
7.53882e-06
4.29601e-06
2.40925e-06
1.31848e-06
6.81805e-07
2.8826e-07
0
0
2.7947e-07
6.61015e-07
1.27828e-06
2.33578e-06
4.16501e-06
7.30894e-06
1.26509e-05
2.1609e-05
3.64258e-05
6.05897e-05
9.94359e-05
0.000160984
0.000257077
0.000404882
0.000628832
0.000963029
0.00145414
0.00216474
0.00317697
0.00459632
0.00655522
0.00921589
0.0127721
0.0174491
0.023501
0.031205
0.0408525
0.0527365
0.067135
0.0842927
0.1044
0.127571
0.153828
0.18308
0.215117
0.249601
0.286075
0.323969
0.362623
0.401307
0.439252
0.475679
0.509826
0.540978
0.568484
0.59178
0.610392
0.623952
0.632194
0.634959
0.632194
0.623952
0.610392
0.59178
0.568484
0.540978
0.509826
0.475679
0.439252
0.401307
0.362623
0.323969
0.286075
0.249601
0.215117
0.18308
0.153828
0.127571
0.1044
0.0842927
0.067135
0.0527365
0.0408525
0.031205
0.023501
0.0174491
0.0127721
0.00921589
0.00655522
0.00459632
0.00317697
0.00216474
0.00145414
0.000963029
0.000628832
0.000404882
0.000257077
0.000160984
9.94359e-05
6.05897e-05
3.64258e-05
2.1609e-05
1.26509e-05
7.30894e-06
4.16501e-06
2.33578e-06
1.27828e-06
6.61015e-07
2.7947e-07
0
0
2.68469e-07
6.34994e-07
1.22796e-06
2.24384e-06
4.00106e-06
7.02122e-06
1.21529e-05
2.07584e-05
3.49919e-05
5.82046e-05
9.55216e-05
0.000154647
0.000246957
0.000388944
0.000604078
0.000925119
0.0013969
0.00207953
0.00305191
0.00441539
0.00629717
0.0088531
0.0122694
0.0167623
0.0225759
0.0299766
0.0392444
0.0506605
0.0644923
0.0809745
0.10029
0.12255
0.147773
0.175873
0.206649
0.239775
0.274813
0.311216
0.348349
0.38551
0.421961
0.456954
0.489757
0.519682
0.546106
0.568484
0.586364
0.59939
0.607308
0.609964
0.607308
0.59939
0.586364
0.568484
0.546106
0.519682
0.489757
0.456954
0.421961
0.38551
0.348349
0.311216
0.274813
0.239775
0.206649
0.175873
0.147773
0.12255
0.10029
0.0809745
0.0644923
0.0506605
0.0392444
0.0299766
0.0225759
0.0167623
0.0122694
0.0088531
0.00629717
0.00441539
0.00305191
0.00207953
0.0013969
0.000925119
0.000604078
0.000388944
0.000246957
0.000154647
9.55216e-05
5.82046e-05
3.49919e-05
2.07584e-05
1.21529e-05
7.02122e-06
4.00106e-06
2.24384e-06
1.22796e-06
6.34994e-07
2.68469e-07
0
0
2.55479e-07
6.04269e-07
1.16854e-06
2.13527e-06
3.80746e-06
6.6815e-06
1.15648e-05
1.9754e-05
3.32988e-05
5.53883e-05
9.08998e-05
0.000147164
0.000235008
0.000370125
0.000574849
0.000880357
0.00132931
0.00197891
0.00290424
0.00420175
0.00599248
0.00842474
0.0116757
0.0159512
0.0214835
0.0285262
0.0373455
0.0482093
0.0613717
0.0770565
0.0954374
0.11662
0.140623
0.167364
0.19665
0.228174
0.261516
0.296158
0.331493
0.366857
0.401544
0.434844
0.466059
0.494537
0.519682
0.540978
0.557992
0.570388
0.577923
0.58045
0.577923
0.570388
0.557992
0.540978
0.519682
0.494537
0.466059
0.434844
0.401544
0.366857
0.331493
0.296158
0.261516
0.228174
0.19665
0.167364
0.140623
0.11662
0.0954374
0.0770565
0.0613717
0.0482093
0.0373455
0.0285262
0.0214835
0.0159512
0.0116757
0.00842474
0.00599248
0.00420175
0.00290424
0.00197891
0.00132931
0.000880357
0.000574849
0.000370125
0.000235008
0.000147164
9.08998e-05
5.53883e-05
3.32988e-05
1.9754e-05
1.15648e-05
6.6815e-06
3.80746e-06
2.13527e-06
1.16854e-06
6.04269e-07
2.55479e-07
0
0
2.40767e-07
5.69473e-07
1.10125e-06
2.01231e-06
3.58821e-06
6.29675e-06
1.08989e-05
1.86164e-05
3.13813e-05
5.21988e-05
8.56654e-05
0.00013869
0.000221475
0.000348811
0.000541747
0.000829662
0.00125276
0.00186495
0.002737
0.00395979
0.00564741
0.00793961
0.0110034
0.0150327
0.0202464
0.0268835
0.035195
0.0454332
0.0578377
0.0726193
0.0899418
0.109904
0.132525
0.157726
0.185326
0.215035
0.246457
0.279104
0.312405
0.345732
0.378422
0.409804
0.439222
0.466059
0.489757
0.509826
0.525861
0.537543
0.544643
0.547026
0.544643
0.537543
0.525861
0.509826
0.489757
0.466059
0.439222
0.409804
0.378422
0.345732
0.312405
0.279104
0.246457
0.215035
0.185326
0.157726
0.132525
0.109904
0.0899418
0.0726193
0.0578377
0.0454332
0.035195
0.0268835
0.0202464
0.0150327
0.0110034
0.00793961
0.00564741
0.00395979
0.002737
0.00186495
0.00125276
0.000829662
0.000541747
0.000348811
0.000221475
0.00013869
8.56654e-05
5.21988e-05
3.13813e-05
1.86164e-05
1.08989e-05
6.29675e-06
3.58821e-06
2.01231e-06
1.10125e-06
5.69473e-07
2.40767e-07
0
0
2.24641e-07
5.31331e-07
1.02749e-06
1.87753e-06
3.34788e-06
5.875e-06
1.01689e-05
1.73695e-05
2.92795e-05
4.87027e-05
7.99277e-05
0.000129401
0.000206641
0.000325449
0.000505462
0.000774093
0.00116885
0.00174004
0.00255368
0.00369458
0.00526915
0.00740783
0.0102664
0.0140258
0.0188904
0.0250829
0.0328377
0.0423902
0.0539639
0.0677554
0.0839176
0.102543
0.123649
0.147162
0.172913
0.200632
0.22995
0.26041
0.29148
0.322575
0.353076
0.382356
0.409804
0.434844
0.456954
0.475679
0.49064
0.501539
0.508164
0.510387
0.508164
0.501539
0.49064
0.475679
0.456954
0.434844
0.409804
0.382356
0.353076
0.322575
0.29148
0.26041
0.22995
0.200632
0.172913
0.147162
0.123649
0.102543
0.0839176
0.0677554
0.0539639
0.0423902
0.0328377
0.0250829
0.0188904
0.0140258
0.0102664
0.00740783
0.00526915
0.00369458
0.00255368
0.00174004
0.00116885
0.000774093
0.000505462
0.000325449
0.000206641
0.000129401
7.99277e-05
4.87027e-05
2.92795e-05
1.73695e-05
1.01689e-05
5.875e-06
3.34788e-06
1.87753e-06
1.02749e-06
5.31331e-07
2.24641e-07
0
0
2.07439e-07
4.90643e-07
9.48811e-07
1.73375e-06
3.09151e-06
5.42511e-06
9.39018e-06
1.60394e-05
2.70373e-05
4.49731e-05
7.3807e-05
0.000119492
0.000190817
0.000300526
0.000466755
0.000714815
0.00107935
0.00160679
0.00235813
0.00341165
0.00486565
0.00684055
0.00948019
0.0129517
0.0174438
0.0231621
0.0303231
0.039144
0.0498314
0.0625668
0.0774914
0.0946907
0.11418
0.135893
0.159672
0.185268
0.212341
0.240468
0.269159
0.297873
0.326038
0.353076
0.378422
0.401544
0.421961
0.439252
0.453068
0.463132
0.46925
0.471302
0.46925
0.463132
0.453068
0.439252
0.421961
0.401544
0.378422
0.353076
0.326038
0.297873
0.269159
0.240468
0.212341
0.185268
0.159672
0.135893
0.11418
0.0946907
0.0774914
0.0625668
0.0498314
0.039144
0.0303231
0.0231621
0.0174438
0.0129517
0.00948019
0.00684055
0.00486565
0.00341165
0.00235813
0.00160679
0.00107935
0.000714815
0.000466755
0.000300526
0.000190817
0.000119492
7.3807e-05
4.49731e-05
2.70373e-05
1.60394e-05
9.39018e-06
5.42511e-06
3.09151e-06
1.73375e-06
9.48811e-07
4.90643e-07
2.07439e-07
0
0
1.89519e-07
4.48258e-07
8.66847e-07
1.58398e-06
2.82444e-06
4.95646e-06
8.57901e-06
1.46538e-05
2.47017e-05
4.10881e-05
6.74311e-05
0.000109169
0.000174333
0.000274565
0.000426434
0.000653065
0.000986105
0.00146799
0.00215442
0.00311693
0.00444533
0.00624963
0.00866124
0.0118329
0.0159369
0.0211612
0.0277036
0.0357625
0.0455267
0.0571619
0.0707972
0.0865108
0.104316
0.124153
0.145878
0.169263
0.193998
0.219695
0.245908
0.272141
0.297873
0.322575
0.345732
0.366857
0.38551
0.401307
0.413929
0.423124
0.428714
0.430589
0.428714
0.423124
0.413929
0.401307
0.38551
0.366857
0.345732
0.322575
0.297873
0.272141
0.245908
0.219695
0.193998
0.169263
0.145878
0.124153
0.104316
0.0865108
0.0707972
0.0571619
0.0455267
0.0357625
0.0277036
0.0211612
0.0159369
0.0118329
0.00866124
0.00624963
0.00444533
0.00311693
0.00215442
0.00146799
0.000986105
0.000653065
0.000426434
0.000274565
0.000174333
0.000109169
6.74311e-05
4.10881e-05
2.47017e-05
1.46538e-05
8.57901e-06
4.95646e-06
2.82444e-06
1.58398e-06
8.66847e-07
4.48258e-07
1.89519e-07
0
0
1.7125e-07
4.05048e-07
7.83287e-07
1.43129e-06
2.55218e-06
4.47868e-06
7.75203e-06
1.32413e-05
2.23206e-05
3.71274e-05
6.09311e-05
9.86459e-05
0.000157528
0.000248098
0.000385328
0.000590113
0.00089105
0.00132648
0.00194674
0.00281648
0.00401682
0.00564719
0.00782634
0.0106923
0.0144006
0.0191214
0.0250331
0.0323152
0.0411381
0.0516518
0.0639727
0.0781715
0.0942608
0.112186
0.131816
0.152947
0.175297
0.198518
0.222204
0.245908
0.269159
0.29148
0.312405
0.331493
0.348349
0.362623
0.374028
0.382337
0.387388
0.389082
0.387388
0.382337
0.374028
0.362623
0.348349
0.331493
0.312405
0.29148
0.269159
0.245908
0.222204
0.198518
0.175297
0.152947
0.131816
0.112186
0.0942608
0.0781715
0.0639727
0.0516518
0.0411381
0.0323152
0.0250331
0.0191214
0.0144006
0.0106923
0.00782634
0.00564719
0.00401682
0.00281648
0.00194674
0.00132648
0.00089105
0.000590113
0.000385328
0.000248098
0.000157528
9.86459e-05
6.09311e-05
3.71274e-05
2.23206e-05
1.32413e-05
7.75203e-06
4.47868e-06
2.55218e-06
1.43129e-06
7.83287e-07
4.05048e-07
1.7125e-07
0
0
1.52996e-07
3.61872e-07
6.99792e-07
1.27872e-06
2.28013e-06
4.00127e-06
6.9257e-06
1.18298e-05
1.99413e-05
3.31698e-05
5.44361e-05
8.81307e-05
0.000140736
0.000221652
0.000344254
0.000527209
0.000796068
0.00118508
0.00173923
0.00251625
0.00358865
0.00504523
0.00699209
0.00955252
0.0128656
0.0170831
0.0223647
0.0288705
0.036753
0.0461459
0.0571535
0.0698388
0.0842131
0.100227
0.117765
0.136644
0.156611
0.177357
0.198518
0.219695
0.240468
0.26041
0.279104
0.296158
0.311216
0.323969
0.334159
0.341582
0.346094
0.347608
0.346094
0.341582
0.334159
0.323969
0.311216
0.296158
0.279104
0.26041
0.240468
0.219695
0.198518
0.177357
0.156611
0.136644
0.117765
0.100227
0.0842131
0.0698388
0.0571535
0.0461459
0.036753
0.0288705
0.0223647
0.0170831
0.0128656
0.00955252
0.00699209
0.00504523
0.00358865
0.00251625
0.00173923
0.00118508
0.000796068
0.000527209
0.000344254
0.000221652
0.000140736
8.81307e-05
5.44361e-05
3.31698e-05
1.99413e-05
1.18298e-05
6.9257e-06
4.00127e-06
2.28013e-06
1.27872e-06
6.99792e-07
3.61872e-07
1.52996e-07
0
0
1.351e-07
3.19544e-07
6.17938e-07
1.12915e-06
2.01343e-06
3.53325e-06
6.11561e-06
1.04461e-05
1.76088e-05
2.92899e-05
4.80688e-05
7.78221e-05
0.000124275
0.000195726
0.000303987
0.000465542
0.000702953
0.00104647
0.00153579
0.00222193
0.00316889
0.00445509
0.00617423
0.00843517
0.0113607
0.0150849
0.0197487
0.0254936
0.032454
0.0407483
0.0504683
0.0616698
0.0743628
0.0885037
0.103991
0.120661
0.138293
0.156611
0.175297
0.193998
0.212341
0.22995
0.246457
0.261516
0.274813
0.286075
0.295072
0.301627
0.305612
0.306948
0.305612
0.301627
0.295072
0.286075
0.274813
0.261516
0.246457
0.22995
0.212341
0.193998
0.175297
0.156611
0.138293
0.120661
0.103991
0.0885037
0.0743628
0.0616698
0.0504683
0.0407483
0.032454
0.0254936
0.0197487
0.0150849
0.0113607
0.00843517
0.00617423
0.00445509
0.00316889
0.00222193
0.00153579
0.00104647
0.000702953
0.000465542
0.000303987
0.000195726
0.000124275
7.78221e-05
4.80688e-05
2.92899e-05
1.76088e-05
1.04461e-05
6.11561e-06
3.53325e-06
2.01343e-06
1.12915e-06
6.17938e-07
3.19544e-07
1.351e-07
0
0
1.17875e-07
2.78803e-07
5.39153e-07
9.85187e-07
1.75672e-06
3.08277e-06
5.33588e-06
9.11425e-06
1.53637e-05
2.55555e-05
4.19401e-05
6.79e-05
0.00010843
0.000170771
0.000265229
0.000406187
0.000613328
0.000913045
0.00133998
0.00193864
0.00276486
0.00388708
0.00538703
0.0073597
0.00991226
0.0131617
0.0172308
0.0222432
0.0283162
0.035553
0.0440338
0.0538071
0.0648817
0.0772197
0.090732
0.105277
0.120661
0.136644
0.152947
0.169263
0.185268
0.200632
0.215035
0.228174
0.239775
0.249601
0.257451
0.263171
0.266647
0.267813
0.266647
0.263171
0.257451
0.249601
0.239775
0.228174
0.215035
0.200632
0.185268
0.169263
0.152947
0.136644
0.120661
0.105277
0.090732
0.0772197
0.0648817
0.0538071
0.0440338
0.035553
0.0283162
0.0222432
0.0172308
0.0131617
0.00991226
0.0073597
0.00538703
0.00388708
0.00276486
0.00193864
0.00133998
0.000913045
0.000613328
0.000406187
0.000265229
0.000170771
0.00010843
6.79e-05
4.19401e-05
2.55555e-05
1.53637e-05
9.11425e-06
5.33588e-06
3.08277e-06
1.75672e-06
9.85187e-07
5.39153e-07
2.78803e-07
1.17875e-07
0
0
1.0159e-07
2.40284e-07
4.64665e-07
8.49076e-07
1.51402e-06
2.65686e-06
4.59869e-06
7.85505e-06
1.32411e-05
2.20249e-05
3.61458e-05
5.85191e-05
9.34494e-05
0.000147178
0.000228586
0.000350069
0.000528592
0.000786901
0.00115485
0.0016708
0.00238287
0.00335005
0.00464277
0.00634291
0.00854281
0.0113433
0.0148502
0.0191701
0.0244041
0.0306411
0.0379502
0.0463732
0.0559178
0.0665512
0.0781967
0.090732
0.103991
0.117765
0.131816
0.145878
0.159672
0.172913
0.185326
0.19665
0.206649
0.215117
0.221883
0.226812
0.229808
0.230813
0.229808
0.226812
0.221883
0.215117
0.206649
0.19665
0.185326
0.172913
0.159672
0.145878
0.131816
0.117765
0.103991
0.090732
0.0781967
0.0665512
0.0559178
0.0463732
0.0379502
0.0306411
0.0244041
0.0191701
0.0148502
0.0113433
0.00854281
0.00634291
0.00464277
0.00335005
0.00238287
0.0016708
0.00115485
0.000786901
0.000528592
0.000350069
0.000228586
0.000147178
9.34494e-05
5.85191e-05
3.61458e-05
2.20249e-05
1.32411e-05
7.85505e-06
4.59869e-06
2.65686e-06
1.51402e-06
8.49076e-07
4.64665e-07
2.40284e-07
1.0159e-07
0
0
8.64604e-08
2.045e-07
3.95464e-07
7.22627e-07
1.28854e-06
2.26118e-06
3.91383e-06
6.68523e-06
1.12692e-05
1.87448e-05
3.07627e-05
4.98041e-05
7.95324e-05
0.000125259
0.000194543
0.000297935
0.000449871
0.000669711
0.000982867
0.00142198
0.002028
0.00285114
0.00395134
0.00539828
0.00727056
0.00965397
0.0126387
0.0163152
0.0207697
0.0260778
0.0322984
0.0394671
0.0475902
0.05664
0.0665512
0.0772197
0.0885037
0.100227
0.112186
0.124153
0.135893
0.147162
0.157726
0.167364
0.175873
0.18308
0.188839
0.193034
0.195583
0.196439
0.195583
0.193034
0.188839
0.18308
0.175873
0.167364
0.157726
0.147162
0.135893
0.124153
0.112186
0.100227
0.0885037
0.0772197
0.0665512
0.05664
0.0475902
0.0394671
0.0322984
0.0260778
0.0207697
0.0163152
0.0126387
0.00965397
0.00727056
0.00539828
0.00395134
0.00285114
0.002028
0.00142198
0.000982867
0.000669711
0.000449871
0.000297935
0.000194543
0.000125259
7.95324e-05
4.98041e-05
3.07627e-05
1.87448e-05
1.12692e-05
6.68523e-06
3.91383e-06
2.26118e-06
1.28854e-06
7.22627e-07
3.95464e-07
2.045e-07
8.64604e-08
0
0
7.26459e-08
1.71825e-07
3.32278e-07
6.07167e-07
1.08266e-06
1.8999e-06
3.28849e-06
5.61708e-06
9.46859e-06
1.57498e-05
2.58475e-05
4.18465e-05
6.68249e-05
0.000105246
0.00016346
0.000250331
0.000377992
0.000562706
0.000825827
0.00119478
0.00170397
0.00239559
0.00332001
0.00453576
0.00610889
0.00811148
0.0106193
0.0137084
0.0174512
0.0219112
0.0271378
0.0331611
0.0399863
0.0475902
0.0559178
0.0648817
0.0743628
0.0842131
0.0942608
0.104316
0.11418
0.123649
0.132525
0.140623
0.147773
0.153828
0.158666
0.162191
0.164334
0.165052
0.164334
0.162191
0.158666
0.153828
0.147773
0.140623
0.132525
0.123649
0.11418
0.104316
0.0942608
0.0842131
0.0743628
0.0648817
0.0559178
0.0475902
0.0399863
0.0331611
0.0271378
0.0219112
0.0174512
0.0137084
0.0106193
0.00811148
0.00610889
0.00453576
0.00332001
0.00239559
0.00170397
0.00119478
0.000825827
0.000562706
0.000377992
0.000250331
0.00016346
0.000105246
6.68249e-05
4.18465e-05
2.58475e-05
1.57498e-05
9.46859e-06
5.61708e-06
3.28849e-06
1.8999e-06
1.08266e-06
6.07167e-07
3.32278e-07
1.71825e-07
7.26459e-08
0
0
6.0246e-08
1.42497e-07
2.75562e-07
5.0353e-07
8.97861e-07
1.57561e-06
2.72718e-06
4.6583e-06
7.8524e-06
1.30615e-05
2.14356e-05
3.47038e-05
5.54186e-05
8.72814e-05
0.000135559
0.000207602
0.000313473
0.000466658
0.000684867
0.000990841
0.00141312
0.00198669
0.00275332
0.00376155
0.00506617
0.00672694
0.00880668
0.0113685
0.0144725
0.0181712
0.0225057
0.0275009
0.0331611
0.0394671
0.0463732
0.0538071
0.0616698
0.0698388
0.0781715
0.0865108
0.0946907
0.102543
0.109904
0.11662
0.12255
0.127571
0.131584
0.134507
0.136284
0.13688
0.136284
0.134507
0.131584
0.127571
0.12255
0.11662
0.109904
0.102543
0.0946907
0.0865108
0.0781715
0.0698388
0.0616698
0.0538071
0.0463732
0.0394671
0.0331611
0.0275009
0.0225057
0.0181712
0.0144725
0.0113685
0.00880668
0.00672694
0.00506617
0.00376155
0.00275332
0.00198669
0.00141312
0.000990841
0.000684867
0.000466658
0.000313473
0.000207602
0.000135559
8.72814e-05
5.54186e-05
3.47038e-05
2.14356e-05
1.30615e-05
7.8524e-06
4.6583e-06
2.72718e-06
1.57561e-06
8.97861e-07
5.0353e-07
2.75562e-07
1.42497e-07
6.0246e-08
0
0
4.93032e-08
1.16614e-07
2.2551e-07
4.12071e-07
7.34777e-07
1.28942e-06
2.23182e-06
3.81219e-06
6.42612e-06
1.0689e-05
1.75421e-05
2.84003e-05
4.53526e-05
7.14279e-05
0.000110936
0.000169894
0.000256534
0.000381896
0.00056047
0.000810868
0.00115645
0.00162584
0.00225321
0.00307832
0.00414597
0.00550508
0.00720706
0.00930359
0.0118437
0.0148706
0.0184178
0.0225057
0.0271378
0.0322984
0.0379502
0.0440338
0.0504683
0.0571535
0.0639727
0.0707972
0.0774914
0.0839176
0.0899418
0.0954374
0.10029
0.1044
0.107683
0.110075
0.111529
0.112017
0.111529
0.110075
0.107683
0.1044
0.10029
0.0954374
0.0899418
0.0839176
0.0774914
0.0707972
0.0639727
0.0571535
0.0504683
0.0440338
0.0379502
0.0322984
0.0271378
0.0225057
0.0184178
0.0148706
0.0118437
0.00930359
0.00720706
0.00550508
0.00414597
0.00307832
0.00225321
0.00162584
0.00115645
0.000810868
0.00056047
0.000381896
0.000256534
0.000169894
0.000110936
7.14279e-05
4.53526e-05
2.84003e-05
1.75421e-05
1.0689e-05
6.42612e-06
3.81219e-06
2.23182e-06
1.28942e-06
7.34777e-07
4.12071e-07
2.2551e-07
1.16614e-07
4.93032e-08
0
0
3.98075e-08
9.41545e-08
1.82077e-07
3.32707e-07
5.93261e-07
1.04108e-06
1.80198e-06
3.07797e-06
5.18847e-06
8.63035e-06
1.41636e-05
2.29305e-05
3.66178e-05
5.76711e-05
8.95704e-05
0.000137173
0.000207127
0.000308344
0.000452525
0.000654697
0.00093372
0.0013127
0.00181925
0.00248544
0.00334747
0.00444482
0.00581901
0.00751175
0.00956266
0.0120066
0.0148706
0.0181712
0.0219112
0.0260778
0.0306411
0.035553
0.0407483
0.0461459
0.0516518
0.0571619
0.0625668
0.0677554
0.0726193
0.0770565
0.0809745
0.0842927
0.0869438
0.0888753
0.0900492
0.0904431
0.0900492
0.0888753
0.0869438
0.0842927
0.0809745
0.0770565
0.0726193
0.0677554
0.0625668
0.0571619
0.0516518
0.0461459
0.0407483
0.035553
0.0306411
0.0260778
0.0219112
0.0181712
0.0148706
0.0120066
0.00956266
0.00751175
0.00581901
0.00444482
0.00334747
0.00248544
0.00181925
0.0013127
0.00093372
0.000654697
0.000452525
0.000308344
0.000207127
0.000137173
8.95704e-05
5.76711e-05
3.66178e-05
2.29305e-05
1.41636e-05
8.63035e-06
5.18847e-06
3.07797e-06
1.80198e-06
1.04108e-06
5.93261e-07
3.32707e-07
1.82077e-07
9.41545e-08
3.98075e-08
0
0
3.17048e-08
7.49895e-08
1.45016e-07
2.64985e-07
4.72504e-07
8.2917e-07
1.43519e-06
2.45145e-06
4.13236e-06
6.87366e-06
1.12806e-05
1.8263e-05
2.91643e-05
4.59323e-05
7.13385e-05
0.000109252
0.000164966
0.000245581
0.000360414
0.000521435
0.000743663
0.00104551
0.00144895
0.00197953
0.00266609
0.00354008
0.00463456
0.00598274
0.0076162
0.00956266
0.0118437
0.0144725
0.0174512
0.0207697
0.0244041
0.0283162
0.032454
0.036753
0.0411381
0.0455267
0.0498314
0.0539639
0.0578377
0.0613717
0.0644923
0.067135
0.0692465
0.0707848
0.0717199
0.0720335
0.0717199
0.0707848
0.0692465
0.067135
0.0644923
0.0613717
0.0578377
0.0539639
0.0498314
0.0455267
0.0411381
0.036753
0.032454
0.0283162
0.0244041
0.0207697
0.0174512
0.0144725
0.0118437
0.00956266
0.0076162
0.00598274
0.00463456
0.00354008
0.00266609
0.00197953
0.00144895
0.00104551
0.000743663
0.000521435
0.000360414
0.000245581
0.000164966
0.000109252
7.13385e-05
4.59323e-05
2.91643e-05
1.8263e-05
1.12806e-05
6.87366e-06
4.13236e-06
2.45145e-06
1.43519e-06
8.2917e-07
4.72504e-07
2.64985e-07
1.45016e-07
7.49895e-08
3.17048e-08
0
0
2.4905e-08
5.89064e-08
1.13914e-07
2.08154e-07
3.71165e-07
6.51337e-07
1.12738e-06
1.92569e-06
3.24609e-06
5.39946e-06
8.86124e-06
1.43461e-05
2.29094e-05
3.60811e-05
5.60384e-05
8.58204e-05
0.000129586
0.000192911
0.000283116
0.000409602
0.000584169
0.000821275
0.00113819
0.00155498
0.00209429
0.00278084
0.00364058
0.00469962
0.00598274
0.00751175
0.00930359
0.0113685
0.0137084
0.0163152
0.0191701
0.0222432
0.0254936
0.0288705
0.0323152
0.0357625
0.039144
0.0423902
0.0454332
0.0482093
0.0506605
0.0527365
0.0543952
0.0556035
0.056338
0.0565844
0.056338
0.0556035
0.0543952
0.0527365
0.0506605
0.0482093
0.0454332
0.0423902
0.039144
0.0357625
0.0323152
0.0288705
0.0254936
0.0222432
0.0191701
0.0163152
0.0137084
0.0113685
0.00930359
0.00751175
0.00598274
0.00469962
0.00364058
0.00278084
0.00209429
0.00155498
0.00113819
0.000821275
0.000584169
0.000409602
0.000283116
0.000192911
0.000129586
8.58204e-05
5.60384e-05
3.60811e-05
2.29094e-05
1.43461e-05
8.86124e-06
5.39946e-06
3.24609e-06
1.92569e-06
1.12738e-06
6.51337e-07
3.71165e-07
2.08154e-07
1.13914e-07
5.89064e-08
2.4905e-08
0
0
1.92928e-08
4.56321e-08
8.82439e-08
1.61247e-07
2.87525e-07
5.04561e-07
8.73331e-07
1.49174e-06
2.5146e-06
4.18271e-06
6.8644e-06
1.11133e-05
1.77469e-05
2.79504e-05
4.34104e-05
6.64811e-05
0.000100384
0.000149439
0.000219317
0.0003173
0.000452529
0.000636204
0.000881703
0.00120457
0.00162235
0.00215419
0.00282019
0.00364058
0.00463456
0.00581901
0.00720706
0.00880668
0.0106193
0.0126387
0.0148502
0.0172308
0.0197487
0.0223647
0.0250331
0.0277036
0.0303231
0.0328377
0.035195
0.0373455
0.0392444
0.0408525
0.0421374
0.0430735
0.0436425
0.0438333
0.0436425
0.0430735
0.0421374
0.0408525
0.0392444
0.0373455
0.035195
0.0328377
0.0303231
0.0277036
0.0250331
0.0223647
0.0197487
0.0172308
0.0148502
0.0126387
0.0106193
0.00880668
0.00720706
0.00581901
0.00463456
0.00364058
0.00282019
0.00215419
0.00162235
0.00120457
0.000881703
0.000636204
0.000452529
0.0003173
0.000219317
0.000149439
0.000100384
6.64811e-05
4.34104e-05
2.79504e-05
1.77469e-05
1.11133e-05
6.8644e-06
4.18271e-06
2.5146e-06
1.49174e-06
8.73331e-07
5.04561e-07
2.87525e-07
1.61247e-07
8.82439e-08
4.56321e-08
1.92928e-08
0
0
1.47367e-08
3.48558e-08
6.74046e-08
1.23168e-07
2.19624e-07
3.85406e-07
6.67089e-07
1.13946e-06
1.92076e-06
3.19494e-06
5.24333e-06
8.48882e-06
1.35558e-05
2.13497e-05
3.31588e-05
5.07813e-05
7.66779e-05
0.000114148
0.000167524
0.000242368
0.000345662
0.000485961
0.000673484
0.000920107
0.00123923
0.00164546
0.00215419
0.00278084
0.00354008
0.00444482
0.00550508
0.00672694
0.00811148
0.00965397
0.0113433
0.0131617
0.0150849
0.0170831
0.0191214
0.0211612
0.0231621
0.0250829
0.0268835
0.0285262
0.0299766
0.031205
0.0321864
0.0329015
0.0333361
0.0334819
0.0333361
0.0329015
0.0321864
0.031205
0.0299766
0.0285262
0.0268835
0.0250829
0.0231621
0.0211612
0.0191214
0.0170831
0.0150849
0.0131617
0.0113433
0.00965397
0.00811148
0.00672694
0.00550508
0.00444482
0.00354008
0.00278084
0.00215419
0.00164546
0.00123923
0.000920107
0.000673484
0.000485961
0.000345662
0.000242368
0.000167524
0.000114148
7.66779e-05
5.07813e-05
3.31588e-05
2.13497e-05
1.35558e-05
8.48882e-06
5.24333e-06
3.19494e-06
1.92076e-06
1.13946e-06
6.67089e-07
3.85406e-07
2.19624e-07
1.23168e-07
6.74046e-08
3.48558e-08
1.47367e-08
0
0
1.10984e-08
2.62505e-08
5.07635e-08
9.27596e-08
1.65403e-07
2.90256e-07
5.02396e-07
8.58146e-07
1.44656e-06
2.40616e-06
3.94884e-06
6.39308e-06
1.02091e-05
1.60789e-05
2.49724e-05
3.82442e-05
5.77474e-05
8.59671e-05
0.000126165
0.000182531
0.000260323
0.000365985
0.000507212
0.000692948
0.000933282
0.00123923
0.00162235
0.00209429
0.00266609
0.00334747
0.00414597
0.00506617
0.00610889
0.00727056
0.00854281
0.00991226
0.0113607
0.0128656
0.0144006
0.0159369
0.0174438
0.0188904
0.0202464
0.0214835
0.0225759
0.023501
0.0242402
0.0247786
0.025106
0.0252158
0.025106
0.0247786
0.0242402
0.023501
0.0225759
0.0214835
0.0202464
0.0188904
0.0174438
0.0159369
0.0144006
0.0128656
0.0113607
0.00991226
0.00854281
0.00727056
0.00610889
0.00506617
0.00414597
0.00334747
0.00266609
0.00209429
0.00162235
0.00123923
0.000933282
0.000692948
0.000507212
0.000365985
0.000260323
0.000182531
0.000126165
8.59671e-05
5.77474e-05
3.82442e-05
2.49724e-05
1.60789e-05
1.02091e-05
6.39308e-06
3.94884e-06
2.40616e-06
1.44656e-06
8.58146e-07
5.02396e-07
2.90256e-07
1.65403e-07
9.27596e-08
5.07635e-08
2.62505e-08
1.10984e-08
0
0
8.24042e-09
1.94906e-08
3.76912e-08
6.88726e-08
1.22809e-07
2.1551e-07
3.73022e-07
6.3716e-07
1.07405e-06
1.78654e-06
2.93196e-06
4.74676e-06
7.58013e-06
1.19383e-05
1.85417e-05
2.83958e-05
4.28766e-05
6.38292e-05
9.36757e-05
0.000135527
0.000193286
0.000271738
0.000376597
0.000514503
0.000692948
0.000920107
0.00120457
0.00155498
0.00197953
0.00248544
0.00307832
0.00376155
0.00453576
0.00539828
0.00634291
0.0073597
0.00843517
0.00955252
0.0106923
0.0118329
0.0129517
0.0140258
0.0150327
0.0159512
0.0167623
0.0174491
0.0179979
0.0183978
0.0186408
0.0187223
0.0186408
0.0183978
0.0179979
0.0174491
0.0167623
0.0159512
0.0150327
0.0140258
0.0129517
0.0118329
0.0106923
0.00955252
0.00843517
0.0073597
0.00634291
0.00539828
0.00453576
0.00376155
0.00307832
0.00248544
0.00197953
0.00155498
0.00120457
0.000920107
0.000692948
0.000514503
0.000376597
0.000271738
0.000193286
0.000135527
9.36757e-05
6.38292e-05
4.28766e-05
2.83958e-05
1.85417e-05
1.19383e-05
7.58013e-06
4.74676e-06
2.93196e-06
1.78654e-06
1.07405e-06
6.3716e-07
3.73022e-07
2.1551e-07
1.22809e-07
6.88726e-08
3.76912e-08
1.94906e-08
8.24042e-09
0
0
6.03168e-09
1.42664e-08
2.75885e-08
5.04122e-08
8.98916e-08
1.57746e-07
2.73038e-07
4.66378e-07
7.86163e-07
1.30768e-06
2.14608e-06
3.47445e-06
5.54837e-06
8.7384e-06
1.35718e-05
2.07846e-05
3.13841e-05
4.67206e-05
6.85672e-05
9.92005e-05
0.000141478
0.000198902
0.000275655
0.000376597
0.000507212
0.000673484
0.000881703
0.00113819
0.00144895
0.00181925
0.00225321
0.00275332
0.00332001
0.00395134
0.00464277
0.00538703
0.00617423
0.00699209
0.00782634
0.00866124
0.00948019
0.0102664
0.0110034
0.0116757
0.0122694
0.0127721
0.0131738
0.0134665
0.0136444
0.013704
0.0136444
0.0134665
0.0131738
0.0127721
0.0122694
0.0116757
0.0110034
0.0102664
0.00948019
0.00866124
0.00782634
0.00699209
0.00617423
0.00538703
0.00464277
0.00395134
0.00332001
0.00275332
0.00225321
0.00181925
0.00144895
0.00113819
0.000881703
0.000673484
0.000507212
0.000376597
0.000275655
0.000198902
0.000141478
9.92005e-05
6.85672e-05
4.67206e-05
3.13841e-05
2.07846e-05
1.35718e-05
8.7384e-06
5.54837e-06
3.47445e-06
2.14608e-06
1.30768e-06
7.86163e-07
4.66378e-07
2.73038e-07
1.57746e-07
8.98916e-08
5.04122e-08
2.75885e-08
1.42664e-08
6.03168e-09
0
0
4.35224e-09
1.02941e-08
1.99069e-08
3.63756e-08
6.48624e-08
1.13823e-07
1.97014e-07
3.36521e-07
5.67266e-07
9.43574e-07
1.54853e-06
2.50704e-06
4.0035e-06
6.3053e-06
9.79291e-06
1.49974e-05
2.26456e-05
3.37119e-05
4.94755e-05
7.15794e-05
0.000102086
0.000143521
0.000198902
0.000271738
0.000365985
0.000485961
0.000636204
0.000821275
0.00104551
0.0013127
0.00162584
0.00198669
0.00239559
0.00285114
0.00335005
0.00388708
0.00445509
0.00504523
0.00564719
0.00624963
0.00684055
0.00740783
0.00793961
0.00842474
0.0088531
0.00921589
0.00950574
0.00971691
0.00984526
0.00988832
0.00984526
0.00971691
0.00950574
0.00921589
0.0088531
0.00842474
0.00793961
0.00740783
0.00684055
0.00624963
0.00564719
0.00504523
0.00445509
0.00388708
0.00335005
0.00285114
0.00239559
0.00198669
0.00162584
0.0013127
0.00104551
0.000821275
0.000636204
0.000485961
0.000365985
0.000271738
0.000198902
0.000143521
0.000102086
7.15794e-05
4.94755e-05
3.37119e-05
2.26456e-05
1.49974e-05
9.79291e-06
6.3053e-06
4.0035e-06
2.50704e-06
1.54853e-06
9.43574e-07
5.67266e-07
3.36521e-07
1.97014e-07
1.13823e-07
6.48624e-08
3.63756e-08
1.99069e-08
1.02941e-08
4.35224e-09
0
0
3.09572e-09
7.32214e-09
1.41596e-08
2.58738e-08
4.61363e-08
8.0962e-08
1.40135e-07
2.39366e-07
4.03493e-07
6.7116e-07
1.10146e-06
1.78324e-06
2.84767e-06
4.48493e-06
6.96565e-06
1.06676e-05
1.61077e-05
2.39791e-05
3.51917e-05
5.09141e-05
7.26129e-05
0.000102086
0.000141478
0.000193286
0.000260323
0.000345662
0.000452529
0.000584169
0.000743663
0.00093372
0.00115645
0.00141312
0.00170397
0.002028
0.00238287
0.00276486
0.00316889
0.00358865
0.00401682
0.00444533
0.00486565
0.00526915
0.00564741
0.00599248
0.00629717
0.00655522
0.00676139
0.00691159
0.00700289
0.00703352
0.00700289
0.00691159
0.00676139
0.00655522
0.00629717
0.00599248
0.00564741
0.00526915
0.00486565
0.00444533
0.00401682
0.00358865
0.00316889
0.00276486
0.00238287
0.002028
0.00170397
0.00141312
0.00115645
0.00093372
0.000743663
0.000584169
0.000452529
0.000345662
0.000260323
0.000193286
0.000141478
0.000102086
7.26129e-05
5.09141e-05
3.51917e-05
2.39791e-05
1.61077e-05
1.06676e-05
6.96565e-06
4.48493e-06
2.84767e-06
1.78324e-06
1.10146e-06
6.7116e-07
4.03493e-07
2.39366e-07
1.40135e-07
8.0962e-08
4.61363e-08
2.58738e-08
1.41596e-08
7.32214e-09
3.09572e-09
0
0
2.17063e-09
5.13407e-09
9.92833e-09
1.81419e-08
3.23494e-08
5.67682e-08
9.82586e-08
1.67836e-07
2.82918e-07
4.70597e-07
7.72314e-07
1.25036e-06
1.9967e-06
3.1447e-06
4.88411e-06
7.4798e-06
1.12942e-05
1.68134e-05
2.46754e-05
3.56994e-05
5.09141e-05
7.15794e-05
9.92005e-05
0.000135527
0.000182531
0.000242368
0.0003173
0.000409602
0.000521435
0.000654697
0.000810868
0.000990841
0.00119478
0.00142198
0.0016708
0.00193864
0.00222193
0.00251625
0.00281648
0.00311693
0.00341165
0.00369458
0.00395979
0.00420175
0.00441539
0.00459632
0.00474089
0.00484621
0.00491022
0.0049317
0.00491022
0.00484621
0.00474089
0.00459632
0.00441539
0.00420175
0.00395979
0.00369458
0.00341165
0.00311693
0.00281648
0.00251625
0.00222193
0.00193864
0.0016708
0.00142198
0.00119478
0.000990841
0.000810868
0.000654697
0.000521435
0.000409602
0.0003173
0.000242368
0.000182531
0.000135527
9.92005e-05
7.15794e-05
5.09141e-05
3.56994e-05
2.46754e-05
1.68134e-05
1.12942e-05
7.4798e-06
4.88411e-06
3.1447e-06
1.9967e-06
1.25036e-06
7.72314e-07
4.70597e-07
2.82918e-07
1.67836e-07
9.82586e-08
5.67682e-08
3.23494e-08
1.81419e-08
9.92833e-09
5.13407e-09
2.17063e-09
0
0
1.50034e-09
3.54866e-09
6.86244e-09
1.25397e-08
2.23599e-08
3.92381e-08
6.79162e-08
1.16008e-07
1.95552e-07
3.25276e-07
5.33822e-07
8.64244e-07
1.38012e-06
2.17361e-06
3.37589e-06
5.17002e-06
7.80656e-06
1.16214e-05
1.70556e-05
2.46754e-05
3.51917e-05
4.94755e-05
6.85672e-05
9.36757e-05
0.000126165
0.000167524
0.000219317
0.000283116
0.000360414
0.000452525
0.00056047
0.000684867
0.000825827
0.000982867
0.00115485
0.00133998
0.00153579
0.00173923
0.00194674
0.00215442
0.00235813
0.00255368
0.002737
0.00290424
0.00305191
0.00317697
0.00327689
0.00334969
0.00339393
0.00340878
0.00339393
0.00334969
0.00327689
0.00317697
0.00305191
0.00290424
0.002737
0.00255368
0.00235813
0.00215442
0.00194674
0.00173923
0.00153579
0.00133998
0.00115485
0.000982867
0.000825827
0.000684867
0.00056047
0.000452525
0.000360414
0.000283116
0.000219317
0.000167524
0.000126165
9.36757e-05
6.85672e-05
4.94755e-05
3.51917e-05
2.46754e-05
1.70556e-05
1.16214e-05
7.80656e-06
5.17002e-06
3.37589e-06
2.17361e-06
1.38012e-06
8.64244e-07
5.33822e-07
3.25276e-07
1.95552e-07
1.16008e-07
6.79162e-08
3.92381e-08
2.23599e-08
1.25397e-08
6.86244e-09
3.54866e-09
1.50034e-09
0
0
1.02231e-09
2.418e-09
4.67596e-09
8.54433e-09
1.52357e-08
2.67362e-08
4.62771e-08
7.90461e-08
1.33246e-07
2.21638e-07
3.63738e-07
5.88883e-07
9.4039e-07
1.48107e-06
2.30028e-06
3.52278e-06
5.31927e-06
7.91865e-06
1.16214e-05
1.68134e-05
2.39791e-05
3.37119e-05
4.67206e-05
6.38292e-05
8.59671e-05
0.000114148
0.000149439
0.000192911
0.000245581
0.000308344
0.000381896
0.000466658
0.000562706
0.000669711
0.000786901
0.000913045
0.00104647
0.00118508
0.00132648
0.00146799
0.00160679
0.00174004
0.00186495
0.00197891
0.00207953
0.00216474
0.00223282
0.00228243
0.00231258
0.00232269
0.00231258
0.00228243
0.00223282
0.00216474
0.00207953
0.00197891
0.00186495
0.00174004
0.00160679
0.00146799
0.00132648
0.00118508
0.00104647
0.000913045
0.000786901
0.000669711
0.000562706
0.000466658
0.000381896
0.000308344
0.000245581
0.000192911
0.000149439
0.000114148
8.59671e-05
6.38292e-05
4.67206e-05
3.37119e-05
2.39791e-05
1.68134e-05
1.16214e-05
7.91865e-06
5.31927e-06
3.52278e-06
2.30028e-06
1.48107e-06
9.4039e-07
5.88883e-07
3.63738e-07
2.21638e-07
1.33246e-07
7.90461e-08
4.62771e-08
2.67362e-08
1.52357e-08
8.54433e-09
4.67596e-09
2.418e-09
1.02231e-09
0
0
6.86723e-10
1.62427e-09
3.14103e-09
5.73956e-09
1.02344e-08
1.79598e-08
3.10861e-08
5.30983e-08
8.95068e-08
1.48883e-07
2.44337e-07
3.95576e-07
6.31697e-07
9.9489e-07
1.54519e-06
2.36639e-06
3.57316e-06
5.31927e-06
7.80656e-06
1.12942e-05
1.61077e-05
2.26456e-05
3.13841e-05
4.28766e-05
5.77474e-05
7.66779e-05
0.000100384
0.000129586
0.000164966
0.000207127
0.000256534
0.000313473
0.000377992
0.000449871
0.000528592
0.000613328
0.000702953
0.000796068
0.00089105
0.000986105
0.00107935
0.00116885
0.00125276
0.00132931
0.0013969
0.00145414
0.00149988
0.0015332
0.00155345
0.00156024
0.00155345
0.0015332
0.00149988
0.00145414
0.0013969
0.00132931
0.00125276
0.00116885
0.00107935
0.000986105
0.00089105
0.000796068
0.000702953
0.000613328
0.000528592
0.000449871
0.000377992
0.000313473
0.000256534
0.000207127
0.000164966
0.000129586
0.000100384
7.66779e-05
5.77474e-05
4.28766e-05
3.13841e-05
2.26456e-05
1.61077e-05
1.12942e-05
7.80656e-06
5.31927e-06
3.57316e-06
2.36639e-06
1.54519e-06
9.9489e-07
6.31697e-07
3.95576e-07
2.44337e-07
1.48883e-07
8.95068e-08
5.30983e-08
3.10861e-08
1.79598e-08
1.02344e-08
5.73956e-09
3.14103e-09
1.62427e-09
6.86723e-10
0
0
4.54794e-10
1.0757e-09
2.0802e-09
3.80112e-09
6.77791e-09
1.18942e-08
2.05873e-08
3.51653e-08
5.92774e-08
9.86003e-08
1.61816e-07
2.61977e-07
4.18352e-07
6.58883e-07
1.02333e-06
1.56718e-06
2.36639e-06
3.52278e-06
5.17002e-06
7.4798e-06
1.06676e-05
1.49974e-05
2.07846e-05
2.83958e-05
3.82442e-05
5.07813e-05
6.64811e-05
8.58204e-05
0.000109252
0.000137173
0.000169894
0.000207602
0.000250331
0.000297935
0.000350069
0.000406187
0.000465542
0.000527209
0.000590113
0.000653065
0.000714815
0.000774093
0.000829662
0.000880357
0.000925119
0.000963029
0.000993318
0.00101538
0.0010288
0.0010333
0.0010288
0.00101538
0.000993318
0.000963029
0.000925119
0.000880357
0.000829662
0.000774093
0.000714815
0.000653065
0.000590113
0.000527209
0.000465542
0.000406187
0.000350069
0.000297935
0.000250331
0.000207602
0.000169894
0.000137173
0.000109252
8.58204e-05
6.64811e-05
5.07813e-05
3.82442e-05
2.83958e-05
2.07846e-05
1.49974e-05
1.06676e-05
7.4798e-06
5.17002e-06
3.52278e-06
2.36639e-06
1.56718e-06
1.02333e-06
6.58883e-07
4.18352e-07
2.61977e-07
1.61816e-07
9.86003e-08
5.92774e-08
3.51653e-08
2.05873e-08
1.18942e-08
6.77791e-09
3.80112e-09
2.0802e-09
1.0757e-09
4.54794e-10
0
0
2.96968e-10
7.02402e-10
1.35831e-09
2.48203e-09
4.42579e-09
7.76657e-09
1.3443e-08
2.2962e-08
3.87065e-08
6.43833e-08
1.05662e-07
1.71064e-07
2.73173e-07
4.30233e-07
6.68205e-07
1.02333e-06
1.54519e-06
2.30028e-06
3.37589e-06
4.88411e-06
6.96565e-06
9.79291e-06
1.35718e-05
1.85417e-05
2.49724e-05
3.31588e-05
4.34104e-05
5.60384e-05
7.13385e-05
8.95704e-05
0.000110936
0.000135559
0.00016346
0.000194543
0.000228586
0.000265229
0.000303987
0.000344254
0.000385328
0.000426434
0.000466755
0.000505462
0.000541747
0.000574849
0.000604078
0.000628832
0.00064861
0.000663019
0.000671777
0.000674715
0.000671777
0.000663019
0.00064861
0.000628832
0.000604078
0.000574849
0.000541747
0.000505462
0.000466755
0.000426434
0.000385328
0.000344254
0.000303987
0.000265229
0.000228586
0.000194543
0.00016346
0.000135559
0.000110936
8.95704e-05
7.13385e-05
5.60384e-05
4.34104e-05
3.31588e-05
2.49724e-05
1.85417e-05
1.35718e-05
9.79291e-06
6.96565e-06
4.88411e-06
3.37589e-06
2.30028e-06
1.54519e-06
1.02333e-06
6.68205e-07
4.30233e-07
2.73173e-07
1.71064e-07
1.05662e-07
6.43833e-08
3.87065e-08
2.2962e-08
1.3443e-08
7.76657e-09
4.42579e-09
2.48203e-09
1.35831e-09
7.02402e-10
2.96968e-10
0
0
1.91207e-10
4.52251e-10
8.74569e-10
1.59809e-09
2.84961e-09
5.00061e-09
8.65543e-09
1.47844e-08
2.49217e-08
4.14541e-08
6.80318e-08
1.10142e-07
1.75886e-07
2.77011e-07
4.30233e-07
6.58883e-07
9.9489e-07
1.48107e-06
2.17361e-06
3.1447e-06
4.48493e-06
6.3053e-06
8.7384e-06
1.19383e-05
1.60789e-05
2.13497e-05
2.79504e-05
3.60811e-05
4.59323e-05
5.76711e-05
7.14279e-05
8.72814e-05
0.000105246
0.000125259
0.000147178
0.000170771
0.000195726
0.000221652
0.000248098
0.000274565
0.000300526
0.000325449
0.000348811
0.000370125
0.000388944
0.000404882
0.000417616
0.000426894
0.000432533
0.000434424
0.000432533
0.000426894
0.000417616
0.000404882
0.000388944
0.000370125
0.000348811
0.000325449
0.000300526
0.000274565
0.000248098
0.000221652
0.000195726
0.000170771
0.000147178
0.000125259
0.000105246
8.72814e-05
7.14279e-05
5.76711e-05
4.59323e-05
3.60811e-05
2.79504e-05
2.13497e-05
1.60789e-05
1.19383e-05
8.7384e-06
6.3053e-06
4.48493e-06
3.1447e-06
2.17361e-06
1.48107e-06
9.9489e-07
6.58883e-07
4.30233e-07
2.77011e-07
1.75886e-07
1.10142e-07
6.80318e-08
4.14541e-08
2.49217e-08
1.47844e-08
8.65543e-09
5.00061e-09
2.84961e-09
1.59809e-09
8.74569e-10
4.52251e-10
1.91207e-10
0
0
1.21405e-10
2.87153e-10
5.553e-10
1.01469e-09
1.80933e-09
3.1751e-09
5.49569e-09
9.38722e-09
1.58238e-08
2.63209e-08
4.31962e-08
6.99336e-08
1.11677e-07
1.75886e-07
2.73173e-07
4.18352e-07
6.31697e-07
9.4039e-07
1.38012e-06
1.9967e-06
2.84767e-06
4.0035e-06
5.54837e-06
7.58013e-06
1.02091e-05
1.35558e-05
1.77469e-05
2.29094e-05
2.91643e-05
3.66178e-05
4.53526e-05
5.54186e-05
6.68249e-05
7.95324e-05
9.34494e-05
0.00010843
0.000124275
0.000140736
0.000157528
0.000174333
0.000190817
0.000206641
0.000221475
0.000235008
0.000246957
0.000257077
0.000265162
0.000271053
0.000274633
0.000275834
0.000274633
0.000271053
0.000265162
0.000257077
0.000246957
0.000235008
0.000221475
0.000206641
0.000190817
0.000174333
0.000157528
0.000140736
0.000124275
0.00010843
9.34494e-05
7.95324e-05
6.68249e-05
5.54186e-05
4.53526e-05
3.66178e-05
2.91643e-05
2.29094e-05
1.77469e-05
1.35558e-05
1.02091e-05
7.58013e-06
5.54837e-06
4.0035e-06
2.84767e-06
1.9967e-06
1.38012e-06
9.4039e-07
6.31697e-07
4.18352e-07
2.73173e-07
1.75886e-07
1.11677e-07
6.99336e-08
4.31962e-08
2.63209e-08
1.58238e-08
9.38722e-09
5.49569e-09
3.1751e-09
1.80933e-09
1.01469e-09
5.553e-10
2.87153e-10
1.21405e-10
0
0
7.60254e-11
1.79819e-10
3.47735e-10
6.35413e-10
1.13303e-09
1.98828e-09
3.44147e-09
5.87839e-09
9.90907e-09
1.64825e-08
2.705e-08
4.37932e-08
6.99336e-08
1.10142e-07
1.71064e-07
2.61977e-07
3.95576e-07
5.88883e-07
8.64244e-07
1.25036e-06
1.78324e-06
2.50704e-06
3.47445e-06
4.74676e-06
6.39308e-06
8.48882e-06
1.11133e-05
1.43461e-05
1.8263e-05
2.29305e-05
2.84003e-05
3.47038e-05
4.18465e-05
4.98041e-05
5.85191e-05
6.79e-05
7.78221e-05
8.81307e-05
9.86459e-05
0.000109169
0.000119492
0.000129401
0.00013869
0.000147164
0.000154647
0.000160984
0.000166048
0.000169736
0.000171978
0.000172731
0.000171978
0.000169736
0.000166048
0.000160984
0.000154647
0.000147164
0.00013869
0.000129401
0.000119492
0.000109169
9.86459e-05
8.81307e-05
7.78221e-05
6.79e-05
5.85191e-05
4.98041e-05
4.18465e-05
3.47038e-05
2.84003e-05
2.29305e-05
1.8263e-05
1.43461e-05
1.11133e-05
8.48882e-06
6.39308e-06
4.74676e-06
3.47445e-06
2.50704e-06
1.78324e-06
1.25036e-06
8.64244e-07
5.88883e-07
3.95576e-07
2.61977e-07
1.71064e-07
1.10142e-07
6.99336e-08
4.37932e-08
2.705e-08
1.64825e-08
9.90907e-09
5.87839e-09
3.44147e-09
1.98828e-09
1.13303e-09
6.35413e-10
3.47735e-10
1.79819e-10
7.60254e-11
0
0
4.6959e-11
1.11069e-10
2.14787e-10
3.92479e-10
6.99841e-10
1.22811e-09
2.12571e-09
3.63093e-09
6.12058e-09
1.01808e-08
1.67081e-08
2.705e-08
4.31962e-08
6.80318e-08
1.05662e-07
1.61816e-07
2.44337e-07
3.63738e-07
5.33822e-07
7.72314e-07
1.10146e-06
1.54853e-06
2.14608e-06
2.93196e-06
3.94884e-06
5.24333e-06
6.8644e-06
8.86124e-06
1.12806e-05
1.41636e-05
1.75421e-05
2.14356e-05
2.58475e-05
3.07627e-05
3.61458e-05
4.19401e-05
4.80688e-05
5.44361e-05
6.09311e-05
6.74311e-05
7.3807e-05
7.99277e-05
8.56654e-05
9.08998e-05
9.55216e-05
9.94359e-05
0.000102563
0.000104842
0.000106227
0.000106691
0.000106227
0.000104842
0.000102563
9.94359e-05
9.55216e-05
9.08998e-05
8.56654e-05
7.99277e-05
7.3807e-05
6.74311e-05
6.09311e-05
5.44361e-05
4.80688e-05
4.19401e-05
3.61458e-05
3.07627e-05
2.58475e-05
2.14356e-05
1.75421e-05
1.41636e-05
1.12806e-05
8.86124e-06
6.8644e-06
5.24333e-06
3.94884e-06
2.93196e-06
2.14608e-06
1.54853e-06
1.10146e-06
7.72314e-07
5.33822e-07
3.63738e-07
2.44337e-07
1.61816e-07
1.05662e-07
6.80318e-08
4.31962e-08
2.705e-08
1.67081e-08
1.01808e-08
6.12058e-09
3.63093e-09
2.12571e-09
1.22811e-09
6.99841e-10
3.92479e-10
2.14787e-10
1.11069e-10
4.6959e-11
0
0
2.86137e-11
6.76784e-11
1.30877e-10
2.39151e-10
4.26437e-10
7.4833e-10
1.29527e-09
2.21245e-09
3.72948e-09
6.20351e-09
1.01808e-08
1.64825e-08
2.63209e-08
4.14541e-08
6.43833e-08
9.86003e-08
1.48883e-07
2.21638e-07
3.25276e-07
4.70597e-07
6.7116e-07
9.43574e-07
1.30768e-06
1.78654e-06
2.40616e-06
3.19494e-06
4.18271e-06
5.39946e-06
6.87366e-06
8.63035e-06
1.0689e-05
1.30615e-05
1.57498e-05
1.87448e-05
2.20249e-05
2.55555e-05
2.92899e-05
3.31698e-05
3.71274e-05
4.10881e-05
4.49731e-05
4.87027e-05
5.21988e-05
5.53883e-05
5.82046e-05
6.05897e-05
6.24954e-05
6.38837e-05
6.47275e-05
6.50106e-05
6.47275e-05
6.38837e-05
6.24954e-05
6.05897e-05
5.82046e-05
5.53883e-05
5.21988e-05
4.87027e-05
4.49731e-05
4.10881e-05
3.71274e-05
3.31698e-05
2.92899e-05
2.55555e-05
2.20249e-05
1.87448e-05
1.57498e-05
1.30615e-05
1.0689e-05
8.63035e-06
6.87366e-06
5.39946e-06
4.18271e-06
3.19494e-06
2.40616e-06
1.78654e-06
1.30768e-06
9.43574e-07
6.7116e-07
4.70597e-07
3.25276e-07
2.21638e-07
1.48883e-07
9.86003e-08
6.43833e-08
4.14541e-08
2.63209e-08
1.64825e-08
1.01808e-08
6.20351e-09
3.72948e-09
2.21245e-09
1.29527e-09
7.4833e-10
4.26437e-10
2.39151e-10
1.30877e-10
6.76784e-11
2.86137e-11
0
0
1.72022e-11
4.06875e-11
7.86819e-11
1.43775e-10
2.56369e-10
4.49887e-10
7.78699e-10
1.3301e-09
2.24212e-09
3.72948e-09
6.12058e-09
9.90907e-09
1.58238e-08
2.49217e-08
3.87065e-08
5.92774e-08
8.95068e-08
1.33246e-07
1.95552e-07
2.82918e-07
4.03493e-07
5.67266e-07
7.86163e-07
1.07405e-06
1.44656e-06
1.92076e-06
2.5146e-06
3.24609e-06
4.13236e-06
5.18847e-06
6.42612e-06
7.8524e-06
9.46859e-06
1.12692e-05
1.32411e-05
1.53637e-05
1.76088e-05
1.99413e-05
2.23206e-05
2.47017e-05
2.70373e-05
2.92795e-05
3.13813e-05
3.32988e-05
3.49919e-05
3.64258e-05
3.75715e-05
3.84061e-05
3.89135e-05
3.90836e-05
3.89135e-05
3.84061e-05
3.75715e-05
3.64258e-05
3.49919e-05
3.32988e-05
3.13813e-05
2.92795e-05
2.70373e-05
2.47017e-05
2.23206e-05
1.99413e-05
1.76088e-05
1.53637e-05
1.32411e-05
1.12692e-05
9.46859e-06
7.8524e-06
6.42612e-06
5.18847e-06
4.13236e-06
3.24609e-06
2.5146e-06
1.92076e-06
1.44656e-06
1.07405e-06
7.86163e-07
5.67266e-07
4.03493e-07
2.82918e-07
1.95552e-07
1.33246e-07
8.95068e-08
5.92774e-08
3.87065e-08
2.49217e-08
1.58238e-08
9.90907e-09
6.12058e-09
3.72948e-09
2.24212e-09
1.3301e-09
7.78699e-10
4.49887e-10
2.56369e-10
1.43775e-10
7.86819e-11
4.06875e-11
1.72022e-11
0
0
1.02049e-11
2.41371e-11
4.66767e-11
8.52918e-11
1.52087e-10
2.66888e-10
4.6195e-10
7.89059e-10
1.3301e-09
2.21245e-09
3.63093e-09
5.87839e-09
9.38722e-09
1.47844e-08
2.2962e-08
3.51653e-08
5.30983e-08
7.90461e-08
1.16008e-07
1.67836e-07
2.39366e-07
3.36521e-07
4.66378e-07
6.3716e-07
8.58146e-07
1.13946e-06
1.49174e-06
1.92569e-06
2.45145e-06
3.07797e-06
3.81219e-06
4.6583e-06
5.61708e-06
6.68523e-06
7.85505e-06
9.11425e-06
1.04461e-05
1.18298e-05
1.32413e-05
1.46538e-05
1.60394e-05
1.73695e-05
1.86164e-05
1.9754e-05
2.07584e-05
2.1609e-05
2.22886e-05
2.27838e-05
2.30847e-05
2.31857e-05
2.30847e-05
2.27838e-05
2.22886e-05
2.1609e-05
2.07584e-05
1.9754e-05
1.86164e-05
1.73695e-05
1.60394e-05
1.46538e-05
1.32413e-05
1.18298e-05
1.04461e-05
9.11425e-06
7.85505e-06
6.68523e-06
5.61708e-06
4.6583e-06
3.81219e-06
3.07797e-06
2.45145e-06
1.92569e-06
1.49174e-06
1.13946e-06
8.58146e-07
6.3716e-07
4.66378e-07
3.36521e-07
2.39366e-07
1.67836e-07
1.16008e-07
7.90461e-08
5.30983e-08
3.51653e-08
2.2962e-08
1.47844e-08
9.38722e-09
5.87839e-09
3.63093e-09
2.21245e-09
1.3301e-09
7.89059e-10
4.6195e-10
2.66888e-10
1.52087e-10
8.52918e-11
4.66767e-11
2.41371e-11
1.02049e-11
0
0
5.97442e-12
1.41309e-11
2.73266e-11
4.99336e-11
8.90382e-11
1.56248e-10
2.70446e-10
4.6195e-10
7.78699e-10
1.29527e-09
2.12571e-09
3.44147e-09
5.49569e-09
8.65543e-09
1.3443e-08
2.05873e-08
3.10861e-08
4.62771e-08
6.79162e-08
9.82586e-08
1.40135e-07
1.97014e-07
2.73038e-07
3.73022e-07
5.02396e-07
6.67089e-07
8.73331e-07
1.12738e-06
1.43519e-06
1.80198e-06
2.23182e-06
2.72718e-06
3.28849e-06
3.91383e-06
4.59869e-06
5.33588e-06
6.11561e-06
6.9257e-06
7.75203e-06
8.57901e-06
9.39018e-06
1.01689e-05
1.08989e-05
1.15648e-05
1.21529e-05
1.26509e-05
1.30488e-05
1.33386e-05
1.35148e-05
1.35739e-05
1.35148e-05
1.33386e-05
1.30488e-05
1.26509e-05
1.21529e-05
1.15648e-05
1.08989e-05
1.01689e-05
9.39018e-06
8.57901e-06
7.75203e-06
6.9257e-06
6.11561e-06
5.33588e-06
4.59869e-06
3.91383e-06
3.28849e-06
2.72718e-06
2.23182e-06
1.80198e-06
1.43519e-06
1.12738e-06
8.73331e-07
6.67089e-07
5.02396e-07
3.73022e-07
2.73038e-07
1.97014e-07
1.40135e-07
9.82586e-08
6.79162e-08
4.62771e-08
3.10861e-08
2.05873e-08
1.3443e-08
8.65543e-09
5.49569e-09
3.44147e-09
2.12571e-09
1.29527e-09
7.78699e-10
4.6195e-10
2.70446e-10
1.56248e-10
8.90382e-11
4.99336e-11
2.73266e-11
1.41309e-11
5.97442e-12
0
0
3.45167e-12
8.16405e-12
1.57877e-11
2.88487e-11
5.14411e-11
9.02711e-11
1.56248e-10
2.66888e-10
4.49887e-10
7.4833e-10
1.22811e-09
1.98828e-09
3.1751e-09
5.00061e-09
7.76657e-09
1.18942e-08
1.79598e-08
2.67362e-08
3.92381e-08
5.67682e-08
8.0962e-08
1.13823e-07
1.57746e-07
2.1551e-07
2.90256e-07
3.85406e-07
5.04561e-07
6.51337e-07
8.2917e-07
1.04108e-06
1.28942e-06
1.57561e-06
1.8999e-06
2.26118e-06
2.65686e-06
3.08277e-06
3.53325e-06
4.00127e-06
4.47868e-06
4.95646e-06
5.42511e-06
5.875e-06
6.29675e-06
6.6815e-06
7.02122e-06
7.30894e-06
7.53882e-06
7.70629e-06
7.80809e-06
7.84224e-06
7.80809e-06
7.70629e-06
7.53882e-06
7.30894e-06
7.02122e-06
6.6815e-06
6.29675e-06
5.875e-06
5.42511e-06
4.95646e-06
4.47868e-06
4.00127e-06
3.53325e-06
3.08277e-06
2.65686e-06
2.26118e-06
1.8999e-06
1.57561e-06
1.28942e-06
1.04108e-06
8.2917e-07
6.51337e-07
5.04561e-07
3.85406e-07
2.90256e-07
2.1551e-07
1.57746e-07
1.13823e-07
8.0962e-08
5.67682e-08
3.92381e-08
2.67362e-08
1.79598e-08
1.18942e-08
7.76657e-09
5.00061e-09
3.1751e-09
1.98828e-09
1.22811e-09
7.4833e-10
4.49887e-10
2.66888e-10
1.56248e-10
9.02711e-11
5.14411e-11
2.88487e-11
1.57877e-11
8.16405e-12
3.45167e-12
0
0
1.96694e-12
4.6523e-12
8.99667e-12
1.64395e-11
2.93138e-11
5.14411e-11
8.90382e-11
1.52087e-10
2.56369e-10
4.26437e-10
6.99841e-10
1.13303e-09
1.80933e-09
2.84961e-09
4.42579e-09
6.77791e-09
1.02344e-08
1.52357e-08
2.23599e-08
3.23494e-08
4.61363e-08
6.48624e-08
8.98916e-08
1.22809e-07
1.65403e-07
2.19624e-07
2.87525e-07
3.71165e-07
4.72504e-07
5.93261e-07
7.34777e-07
8.97861e-07
1.08266e-06
1.28854e-06
1.51402e-06
1.75672e-06
2.01343e-06
2.28013e-06
2.55218e-06
2.82444e-06
3.09151e-06
3.34788e-06
3.58821e-06
3.80746e-06
4.00106e-06
4.16501e-06
4.29601e-06
4.39144e-06
4.44945e-06
4.46891e-06
4.44945e-06
4.39144e-06
4.29601e-06
4.16501e-06
4.00106e-06
3.80746e-06
3.58821e-06
3.34788e-06
3.09151e-06
2.82444e-06
2.55218e-06
2.28013e-06
2.01343e-06
1.75672e-06
1.51402e-06
1.28854e-06
1.08266e-06
8.97861e-07
7.34777e-07
5.93261e-07
4.72504e-07
3.71165e-07
2.87525e-07
2.19624e-07
1.65403e-07
1.22809e-07
8.98916e-08
6.48624e-08
4.61363e-08
3.23494e-08
2.23599e-08
1.52357e-08
1.02344e-08
6.77791e-09
4.42579e-09
2.84961e-09
1.80933e-09
1.13303e-09
6.99841e-10
4.26437e-10
2.56369e-10
1.52087e-10
8.90382e-11
5.14411e-11
2.93138e-11
1.64395e-11
8.99667e-12
4.6523e-12
1.96694e-12
0
0
1.10308e-12
2.60906e-12
5.04543e-12
9.21945e-12
1.64395e-11
2.88487e-11
4.99336e-11
8.52918e-11
1.43775e-10
2.39151e-10
3.92479e-10
6.35413e-10
1.01469e-09
1.59809e-09
2.48203e-09
3.80112e-09
5.73956e-09
8.54433e-09
1.25397e-08
1.81419e-08
2.58738e-08
3.63756e-08
5.04122e-08
6.88726e-08
9.27596e-08
1.23168e-07
1.61247e-07
2.08154e-07
2.64985e-07
3.32707e-07
4.12071e-07
5.0353e-07
6.07167e-07
7.22627e-07
8.49076e-07
9.85187e-07
1.12915e-06
1.27872e-06
1.43129e-06
1.58398e-06
1.73375e-06
1.87753e-06
2.01231e-06
2.13527e-06
2.24384e-06
2.33578e-06
2.40925e-06
2.46277e-06
2.4953e-06
2.50621e-06
2.4953e-06
2.46277e-06
2.40925e-06
2.33578e-06
2.24384e-06
2.13527e-06
2.01231e-06
1.87753e-06
1.73375e-06
1.58398e-06
1.43129e-06
1.27872e-06
1.12915e-06
9.85187e-07
8.49076e-07
7.22627e-07
6.07167e-07
5.0353e-07
4.12071e-07
3.32707e-07
2.64985e-07
2.08154e-07
1.61247e-07
1.23168e-07
9.27596e-08
6.88726e-08
5.04122e-08
3.63756e-08
2.58738e-08
1.81419e-08
1.25397e-08
8.54433e-09
5.73956e-09
3.80112e-09
2.48203e-09
1.59809e-09
1.01469e-09
6.35413e-10
3.92479e-10
2.39151e-10
1.43775e-10
8.52918e-11
4.99336e-11
2.88487e-11
1.64395e-11
9.21945e-12
5.04543e-12
2.60906e-12
1.10308e-12
0
0
6.03672e-13
1.42783e-12
2.76116e-12
5.04543e-12
8.99667e-12
1.57877e-11
2.73266e-11
4.66767e-11
7.86819e-11
1.30877e-10
2.14787e-10
3.47735e-10
5.553e-10
8.74569e-10
1.35831e-09
2.0802e-09
3.14103e-09
4.67596e-09
6.86244e-09
9.92833e-09
1.41596e-08
1.99069e-08
2.75885e-08
3.76912e-08
5.07635e-08
6.74046e-08
8.82439e-08
1.13914e-07
1.45016e-07
1.82077e-07
2.2551e-07
2.75562e-07
3.32278e-07
3.95464e-07
4.64665e-07
5.39153e-07
6.17938e-07
6.99792e-07
7.83287e-07
8.66847e-07
9.48811e-07
1.02749e-06
1.10125e-06
1.16854e-06
1.22796e-06
1.27828e-06
1.31848e-06
1.34777e-06
1.36558e-06
1.37155e-06
1.36558e-06
1.34777e-06
1.31848e-06
1.27828e-06
1.22796e-06
1.16854e-06
1.10125e-06
1.02749e-06
9.48811e-07
8.66847e-07
7.83287e-07
6.99792e-07
6.17938e-07
5.39153e-07
4.64665e-07
3.95464e-07
3.32278e-07
2.75562e-07
2.2551e-07
1.82077e-07
1.45016e-07
1.13914e-07
8.82439e-08
6.74046e-08
5.07635e-08
3.76912e-08
2.75885e-08
1.99069e-08
1.41596e-08
9.92833e-09
6.86244e-09
4.67596e-09
3.14103e-09
2.0802e-09
1.35831e-09
8.74569e-10
5.553e-10
3.47735e-10
2.14787e-10
1.30877e-10
7.86819e-11
4.66767e-11
2.73266e-11
1.57877e-11
8.99667e-12
5.04543e-12
2.76116e-12
1.42783e-12
6.03672e-13
0
0
3.12167e-13
7.3835e-13
1.42783e-12
2.60906e-12
4.6523e-12
8.16405e-12
1.41309e-11
2.41371e-11
4.06875e-11
6.76784e-11
1.11069e-10
1.79819e-10
2.87153e-10
4.52251e-10
7.02402e-10
1.0757e-09
1.62427e-09
2.418e-09
3.54866e-09
5.13407e-09
7.32214e-09
1.02941e-08
1.42664e-08
1.94906e-08
2.62505e-08
3.48558e-08
4.56321e-08
5.89064e-08
7.49895e-08
9.41545e-08
1.16614e-07
1.42497e-07
1.71825e-07
2.045e-07
2.40284e-07
2.78803e-07
3.19544e-07
3.61872e-07
4.05048e-07
4.48258e-07
4.90643e-07
5.31331e-07
5.69473e-07
6.04269e-07
6.34994e-07
6.61015e-07
6.81805e-07
6.96951e-07
7.06157e-07
7.09246e-07
7.06157e-07
6.96951e-07
6.81805e-07
6.61015e-07
6.34994e-07
6.04269e-07
5.69473e-07
5.31331e-07
4.90643e-07
4.48258e-07
4.05048e-07
3.61872e-07
3.19544e-07
2.78803e-07
2.40284e-07
2.045e-07
1.71825e-07
1.42497e-07
1.16614e-07
9.41545e-08
7.49895e-08
5.89064e-08
4.56321e-08
3.48558e-08
2.62505e-08
1.94906e-08
1.42664e-08
1.02941e-08
7.32214e-09
5.13407e-09
3.54866e-09
2.418e-09
1.62427e-09
1.0757e-09
7.02402e-10
4.52251e-10
2.87153e-10
1.79819e-10
1.11069e-10
6.76784e-11
4.06875e-11
2.41371e-11
1.41309e-11
8.16405e-12
4.6523e-12
2.60906e-12
1.42783e-12
7.3835e-13
3.12167e-13
0
0
1.31981e-13
3.12167e-13
6.03672e-13
1.10308e-12
1.96694e-12
3.45167e-12
5.97442e-12
1.02049e-11
1.72022e-11
2.86137e-11
4.6959e-11
7.60254e-11
1.21405e-10
1.91207e-10
2.96968e-10
4.54794e-10
6.86723e-10
1.02231e-09
1.50034e-09
2.17063e-09
3.09572e-09
4.35224e-09
6.03168e-09
8.24042e-09
1.10984e-08
1.47367e-08
1.92928e-08
2.4905e-08
3.17048e-08
3.98075e-08
4.93032e-08
6.0246e-08
7.26459e-08
8.64604e-08
1.0159e-07
1.17875e-07
1.351e-07
1.52996e-07
1.7125e-07
1.89519e-07
2.07439e-07
2.24641e-07
2.40767e-07
2.55479e-07
2.68469e-07
2.7947e-07
2.8826e-07
2.94664e-07
2.98556e-07
2.99862e-07
2.98556e-07
2.94664e-07
2.8826e-07
2.7947e-07
2.68469e-07
2.55479e-07
2.40767e-07
2.24641e-07
2.07439e-07
1.89519e-07
1.7125e-07
1.52996e-07
1.351e-07
1.17875e-07
1.0159e-07
8.64604e-08
7.26459e-08
6.0246e-08
4.93032e-08
3.98075e-08
3.17048e-08
2.4905e-08
1.92928e-08
1.47367e-08
1.10984e-08
8.24042e-09
6.03168e-09
4.35224e-09
3.09572e-09
2.17063e-09
1.50034e-09
1.02231e-09
6.86723e-10
4.54794e-10
2.96968e-10
1.91207e-10
1.21405e-10
7.60254e-11
4.6959e-11
2.86137e-11
1.72022e-11
1.02049e-11
5.97442e-12
3.45167e-12
1.96694e-12
1.10308e-12
6.03672e-13
3.12167e-13
1.31981e-13
0
0
0
0
0
0
0
0
0
0
0
0
0
0
0
0
0
0
0
0
0
0
0
0
0
0
0
0
0
0
0
0
0
0
0
0
0
0
0
0
0
0
0
0
0
0
0
0
0
0
0
0
0
0
0
0
0
0
0
0
0
0
0
0
0
0
0
0
0
0
0
0
0
0
0
0
0
0
0
0
0
0
0
0
0
0
0
0
0
0
0
0
0
0
0
0
0
0
0
0
0
0
