# vtk DataFile Version 3.0
Heat2D data at time 0.11
ASCII
DATASET STRUCTURED_POINTS
DIMENSIONS 101 101 1
ORIGIN 0 0 0
SPACING 0.01 0.01 1
POINT_DATA 10201
SCALARS temperature double
LOOKUP_TABLE default
0
0
0
0
0
0
0
0
0
0
0
0
0
0
0
0
0
0
0
0
0
0
0
0
0
0
0
0
0
0
0
0
0
0
0
0
0
0
0
0
0
0
0
0
0
0
0
0
0
0
0
0
0
0
0
0
0
0
0
0
0
0
0
0
0
0
0
0
0
0
0
0
0
0
0
0
0
0
0
0
0
0
0
0
0
0
0
0
0
0
0
0
0
0
0
0
0
0
0
0
0
0
2.39025e-06
4.84536e-06
7.43065e-06
1.02123e-05
1.32578e-05
1.66361e-05
2.04181e-05
2.46766e-05
2.94863e-05
3.49235e-05
4.10661e-05
4.79929e-05
5.57829e-05
6.45145e-05
7.42644e-05
8.51066e-05
9.71107e-05
0.00011034
0.000124852
0.000140693
0.000157899
0.000176494
0.000196486
0.000217866
0.00024061
0.000264672
0.000289985
0.000316463
0.000343995
0.000372451
0.000401677
0.000431497
0.000461719
0.000492127
0.000522494
0.000552576
0.00058212
0.000610867
0.000638551
0.000664908
0.000689681
0.000712618
0.000733482
0.000752051
0.000768126
0.00078153
0.000792115
0.000799762
0.000804385
0.000805932
0.000804385
0.000799762
0.000792115
0.00078153
0.000768126
0.000752051
0.000733482
0.000712618
0.000689681
0.000664908
0.000638551
0.000610867
0.00058212
0.000552576
0.000522494
0.000492127
0.000461719
0.000431497
0.000401677
0.000372451
0.000343995
0.000316463
0.000289985
0.000264672
0.00024061
0.000217866
0.000196486
0.000176494
0.000157899
0.000140693
0.000124852
0.00011034
9.71107e-05
8.51066e-05
7.42644e-05
6.45145e-05
5.57829e-05
4.79929e-05
4.10661e-05
3.49235e-05
2.94863e-05
2.46766e-05
2.04181e-05
1.66361e-05
1.32578e-05
1.02123e-05
7.43065e-06
4.84536e-06
2.39025e-06
0
0
4.84536e-06
9.82221e-06
1.50629e-05
2.07017e-05
2.68753e-05
3.37236e-05
4.13903e-05
5.00228e-05
5.97727e-05
7.07946e-05
8.32465e-05
9.72881e-05
0.000113079
0.000130779
0.000150544
0.000172523
0.000196856
0.000223675
0.000253092
0.000285204
0.000320083
0.000357777
0.000398303
0.000441644
0.000487749
0.000536525
0.000587838
0.000641512
0.000697325
0.000755009
0.000814253
0.000874703
0.000935966
0.000997608
0.00105917
0.00112015
0.00118004
0.00123831
0.00129443
0.00134786
0.00139808
0.00144457
0.00148687
0.00152451
0.00155709
0.00158427
0.00160572
0.00162123
0.0016306
0.00163373
0.0016306
0.00162123
0.00160572
0.00158427
0.00155709
0.00152451
0.00148687
0.00144457
0.00139808
0.00134786
0.00129443
0.00123831
0.00118004
0.00112015
0.00105917
0.000997608
0.000935966
0.000874703
0.000814253
0.000755009
0.000697325
0.000641512
0.000587838
0.000536525
0.000487749
0.000441644
0.000398303
0.000357777
0.000320083
0.000285204
0.000253092
0.000223675
0.000196856
0.000172523
0.000150544
0.000130779
0.000113079
9.72881e-05
8.32465e-05
7.07946e-05
5.97727e-05
5.00228e-05
4.13903e-05
3.37236e-05
2.68753e-05
2.07017e-05
1.50629e-05
9.82221e-06
4.84536e-06
0
0
7.43065e-06
1.50629e-05
2.30999e-05
3.17472e-05
4.12147e-05
5.1717e-05
6.34744e-05
7.67129e-05
9.16648e-05
0.000108568
0.000127663
0.000149197
0.000173414
0.000200558
0.000230868
0.000264573
0.000301891
0.000343018
0.000388131
0.000437377
0.000490866
0.000548672
0.00061082
0.000677287
0.000747991
0.000822792
0.000901484
0.000983796
0.00106939
0.00115785
0.0012487
0.00134141
0.00143536
0.00152989
0.00162429
0.00171781
0.00180965
0.00189902
0.00198508
0.00206702
0.00214403
0.00221534
0.00228019
0.00233792
0.00238789
0.00242956
0.00246247
0.00248624
0.00250062
0.00250542
0.00250062
0.00248624
0.00246247
0.00242956
0.00238789
0.00233792
0.00228019
0.00221534
0.00214403
0.00206702
0.00198508
0.00189902
0.00180965
0.00171781
0.00162429
0.00152989
0.00143536
0.00134141
0.0012487
0.00115785
0.00106939
0.000983796
0.000901484
0.000822792
0.000747991
0.000677287
0.00061082
0.000548672
0.000490866
0.000437377
0.000388131
0.000343018
0.000301891
0.000264573
0.000230868
0.000200558
0.000173414
0.000149197
0.000127663
0.000108568
9.16648e-05
7.67129e-05
6.34744e-05
5.1717e-05
4.12147e-05
3.17472e-05
2.30999e-05
1.50629e-05
7.43065e-06
0
0
1.02123e-05
2.07017e-05
3.17472e-05
4.36317e-05
5.66434e-05
7.10772e-05
8.72358e-05
0.00010543
0.000125979
0.00014921
0.000175454
0.000205048
0.000238331
0.000275636
0.000317293
0.000363616
0.000414903
0.000471426
0.000533427
0.000601107
0.00067462
0.000754066
0.000839479
0.000930827
0.001028
0.0011308
0.00123895
0.00135208
0.00146971
0.00159129
0.00171615
0.00184356
0.00197268
0.0021026
0.00223234
0.00236087
0.00248709
0.00260991
0.00272819
0.0028408
0.00294664
0.00304464
0.00313378
0.00321312
0.0032818
0.00333906
0.00338429
0.00341696
0.00343671
0.00344332
0.00343671
0.00341696
0.00338429
0.00333906
0.0032818
0.00321312
0.00313378
0.00304464
0.00294664
0.0028408
0.00272819
0.00260991
0.00248709
0.00236087
0.00223234
0.0021026
0.00197268
0.00184356
0.00171615
0.00159129
0.00146971
0.00135208
0.00123895
0.0011308
0.001028
0.000930827
0.000839479
0.000754066
0.00067462
0.000601107
0.000533427
0.000471426
0.000414903
0.000363616
0.000317293
0.000275636
0.000238331
0.000205048
0.000175454
0.00014921
0.000125979
0.00010543
8.72358e-05
7.10772e-05
5.66434e-05
4.36317e-05
3.17472e-05
2.07017e-05
1.02123e-05
0
0
1.32578e-05
2.68753e-05
4.12147e-05
5.66434e-05
7.35353e-05
9.22735e-05
0.000113251
0.000136871
0.000163548
0.000193706
0.000227777
0.000266197
0.000309405
0.000357835
0.000411914
0.000472051
0.000538633
0.000612013
0.000692504
0.000780367
0.000875803
0.00097894
0.00108982
0.00120841
0.00133457
0.00146802
0.00160843
0.00175529
0.001908
0.00206583
0.00222794
0.00239334
0.00256096
0.00272963
0.00289806
0.00306491
0.00322878
0.00338823
0.00354178
0.00368797
0.00382538
0.0039526
0.00406832
0.00417132
0.00426048
0.00433483
0.00439354
0.00443595
0.0044616
0.00447018
0.0044616
0.00443595
0.00439354
0.00433483
0.00426048
0.00417132
0.00406832
0.0039526
0.00382538
0.00368797
0.00354178
0.00338823
0.00322878
0.00306491
0.00289806
0.00272963
0.00256096
0.00239334
0.00222794
0.00206583
0.001908
0.00175529
0.00160843
0.00146802
0.00133457
0.00120841
0.00108982
0.00097894
0.000875803
0.000780367
0.000692504
0.000612013
0.000538633
0.000472051
0.000411914
0.000357835
0.000309405
0.000266197
0.000227777
0.000193706
0.000163548
0.000136871
0.000113251
9.22735e-05
7.35353e-05
5.66434e-05
4.12147e-05
2.68753e-05
1.32578e-05
0
0
1.66361e-05
3.37236e-05
5.1717e-05
7.10772e-05
9.22735e-05
0.000115787
0.000142109
0.000171748
0.000205224
0.000243066
0.000285819
0.000334029
0.000388247
0.000449019
0.000516878
0.000592339
0.000675887
0.000767966
0.000868967
0.00097922
0.00109897
0.00122839
0.00136753
0.00151634
0.00167464
0.00184211
0.00201829
0.00220257
0.0023942
0.00259225
0.00279566
0.00300321
0.00321355
0.00342519
0.00363654
0.00384591
0.00405154
0.00425161
0.00444429
0.00462774
0.00480016
0.0049598
0.00510501
0.00523425
0.00534613
0.00543942
0.00551309
0.00556632
0.0055985
0.00560926
0.0055985
0.00556632
0.00551309
0.00543942
0.00534613
0.00523425
0.00510501
0.0049598
0.00480016
0.00462774
0.00444429
0.00425161
0.00405154
0.00384591
0.00363654
0.00342519
0.00321355
0.00300321
0.00279566
0.00259225
0.0023942
0.00220257
0.00201829
0.00184211
0.00167464
0.00151634
0.00136753
0.00122839
0.00109897
0.00097922
0.000868967
0.000767966
0.000675887
0.000592339
0.000516878
0.000449019
0.000388247
0.000334029
0.000285819
0.000243066
0.000205224
0.000171748
0.000142109
0.000115787
9.22735e-05
7.10772e-05
5.1717e-05
3.37236e-05
1.66361e-05
0
0
2.04181e-05
4.13903e-05
6.34744e-05
8.72358e-05
0.000113251
0.000142109
0.000174416
0.000210794
0.000251879
0.000298325
0.000350797
0.000409967
0.000476511
0.000551098
0.000634384
0.000727001
0.000829543
0.000942554
0.00106652
0.00120183
0.00134881
0.00150765
0.00167843
0.00186107
0.00205535
0.00226089
0.00247712
0.0027033
0.00293849
0.00318157
0.00343122
0.00368596
0.00394411
0.00420387
0.00446327
0.00472024
0.00497261
0.00521817
0.00545465
0.00567981
0.00589142
0.00608736
0.00626558
0.0064242
0.00656151
0.00667602
0.00676643
0.00683176
0.00687125
0.00688447
0.00687125
0.00683176
0.00676643
0.00667602
0.00656151
0.0064242
0.00626558
0.00608736
0.00589142
0.00567981
0.00545465
0.00521817
0.00497261
0.00472024
0.00446327
0.00420387
0.00394411
0.00368596
0.00343122
0.00318157
0.00293849
0.0027033
0.00247712
0.00226089
0.00205535
0.00186107
0.00167843
0.00150765
0.00134881
0.00120183
0.00106652
0.000942554
0.000829543
0.000727001
0.000634384
0.000551098
0.000476511
0.000409967
0.000350797
0.000298325
0.000251879
0.000210794
0.000174416
0.000142109
0.000113251
8.72358e-05
6.34744e-05
4.13903e-05
2.04181e-05
0
0
2.46766e-05
5.00228e-05
7.67129e-05
0.00010543
0.000136871
0.000171748
0.000210794
0.000254758
0.000304412
0.000360545
0.000423961
0.000495472
0.000575894
0.000666038
0.000766695
0.000878628
0.00100256
0.00113914
0.00128896
0.0014525
0.00163013
0.0018221
0.00202849
0.00224922
0.00248402
0.00273243
0.00299376
0.00326711
0.00355136
0.00384513
0.00414685
0.00445472
0.00476671
0.00508065
0.00539415
0.00570471
0.00600973
0.0063065
0.0065923
0.00686442
0.00712017
0.00735697
0.00757236
0.00776406
0.00793002
0.0080684
0.00817768
0.00825663
0.00830436
0.00832033
0.00830436
0.00825663
0.00817768
0.0080684
0.00793002
0.00776406
0.00757236
0.00735697
0.00712017
0.00686442
0.0065923
0.0063065
0.00600973
0.00570471
0.00539415
0.00508065
0.00476671
0.00445472
0.00414685
0.00384513
0.00355136
0.00326711
0.00299376
0.00273243
0.00248402
0.00224922
0.00202849
0.0018221
0.00163013
0.0014525
0.00128896
0.00113914
0.00100256
0.000878628
0.000766695
0.000666038
0.000575894
0.000495472
0.000423961
0.000360545
0.000304412
0.000254758
0.000210794
0.000171748
0.000136871
0.00010543
7.67129e-05
5.00228e-05
2.46766e-05
0
0
2.94863e-05
5.97727e-05
9.16648e-05
0.000125979
0.000163548
0.000205224
0.000251879
0.000304412
0.000363744
0.000430818
0.000506594
0.000592043
0.00068814
0.000795854
0.000916129
0.00104988
0.00119796
0.00136116
0.00154018
0.0017356
0.00194785
0.00217724
0.00242386
0.00268761
0.00296818
0.003265
0.00357727
0.0039039
0.00424354
0.00459458
0.0049551
0.00532297
0.00569578
0.0060709
0.00644551
0.0068166
0.00718107
0.00753568
0.00787719
0.00820234
0.00850794
0.00879089
0.00904827
0.00927734
0.00947563
0.00964099
0.00977157
0.0098659
0.00992294
0.00994202
0.00992294
0.0098659
0.00977157
0.00964099
0.00947563
0.00927734
0.00904827
0.00879089
0.00850794
0.00820234
0.00787719
0.00753568
0.00718107
0.0068166
0.00644551
0.0060709
0.00569578
0.00532297
0.0049551
0.00459458
0.00424354
0.0039039
0.00357727
0.003265
0.00296818
0.00268761
0.00242386
0.00217724
0.00194785
0.0017356
0.00154018
0.00136116
0.00119796
0.00104988
0.000916129
0.000795854
0.00068814
0.000592043
0.000506594
0.000430818
0.000363744
0.000304412
0.000251879
0.000205224
0.000163548
0.000125979
9.16648e-05
5.97727e-05
2.94863e-05
0
0
3.49235e-05
7.07946e-05
0.000108568
0.00014921
0.000193706
0.000243066
0.000298325
0.000360545
0.000430818
0.00051026
0.000600008
0.000701214
0.000815032
0.000942607
0.00108506
0.00124347
0.00141886
0.00161216
0.00182419
0.00205564
0.00230703
0.00257872
0.00287081
0.0031832
0.0035155
0.00386706
0.00423691
0.00462377
0.00502604
0.00544181
0.00586882
0.00630452
0.00674607
0.00719037
0.00763405
0.00807357
0.00850524
0.00892525
0.00932973
0.00971484
0.0100768
0.0104119
0.0107167
0.0109881
0.0112229
0.0114188
0.0115734
0.0116852
0.0117527
0.0117753
0.0117527
0.0116852
0.0115734
0.0114188
0.0112229
0.0109881
0.0107167
0.0104119
0.0100768
0.00971484
0.00932973
0.00892525
0.00850524
0.00807357
0.00763405
0.00719037
0.00674607
0.00630452
0.00586882
0.00544181
0.00502604
0.00462377
0.00423691
0.00386706
0.0035155
0.0031832
0.00287081
0.00257872
0.00230703
0.00205564
0.00182419
0.00161216
0.00141886
0.00124347
0.00108506
0.000942607
0.000815032
0.000701214
0.000600008
0.00051026
0.000430818
0.000360545
0.000298325
0.000243066
0.000193706
0.00014921
0.000108568
7.07946e-05
3.49235e-05
0
0
4.10661e-05
8.32465e-05
0.000127663
0.000175454
0.000227777
0.000285819
0.000350797
0.000423961
0.000506594
0.000600008
0.000705543
0.000824549
0.000958386
0.0011084
0.00127591
0.00146219
0.00166842
0.00189572
0.00214504
0.0024172
0.00271281
0.00303228
0.00337575
0.00374308
0.00413384
0.00454723
0.00498213
0.00543704
0.00591006
0.00639895
0.00690107
0.00741341
0.00793263
0.00845506
0.00897678
0.00949362
0.0100012
0.0104951
0.0109707
0.0114236
0.0118492
0.0122432
0.0126017
0.0129207
0.0131969
0.0134272
0.013609
0.0137404
0.0138199
0.0138464
0.0138199
0.0137404
0.013609
0.0134272
0.0131969
0.0129207
0.0126017
0.0122432
0.0118492
0.0114236
0.0109707
0.0104951
0.0100012
0.00949362
0.00897678
0.00845506
0.00793263
0.00741341
0.00690107
0.00639895
0.00591006
0.00543704
0.00498213
0.00454723
0.00413384
0.00374308
0.00337575
0.00303228
0.00271281
0.0024172
0.00214504
0.00189572
0.00166842
0.00146219
0.00127591
0.0011084
0.000958386
0.000824549
0.000705543
0.000600008
0.000506594
0.000423961
0.000350797
0.000285819
0.000227777
0.000175454
0.000127663
8.32465e-05
4.10661e-05
0
0
4.79929e-05
9.72881e-05
0.000149197
0.000205048
0.000266197
0.000334029
0.000409967
0.000495472
0.000592043
0.000701214
0.000824549
0.00096363
0.00112004
0.00129536
0.00149112
0.00170882
0.00194984
0.00221548
0.00250686
0.00282492
0.00317039
0.00354375
0.00394515
0.00437445
0.00483111
0.00531423
0.00582249
0.00635412
0.00690694
0.00747829
0.0080651
0.00866386
0.00927065
0.00988121
0.0104909
0.0110949
0.0116882
0.0122653
0.0128212
0.0133504
0.0138478
0.0143084
0.0147273
0.0151001
0.0154229
0.015692
0.0159045
0.0160581
0.0161509
0.016182
0.0161509
0.0160581
0.0159045
0.015692
0.0154229
0.0151001
0.0147273
0.0143084
0.0138478
0.0133504
0.0128212
0.0122653
0.0116882
0.0110949
0.0104909
0.00988121
0.00927065
0.00866386
0.0080651
0.00747829
0.00690694
0.00635412
0.00582249
0.00531423
0.00483111
0.00437445
0.00394515
0.00354375
0.00317039
0.00282492
0.00250686
0.00221548
0.00194984
0.00170882
0.00149112
0.00129536
0.00112004
0.00096363
0.000824549
0.000701214
0.000592043
0.000495472
0.000409967
0.000334029
0.000266197
0.000205048
0.000149197
9.72881e-05
4.79929e-05
0
0
5.57829e-05
0.000113079
0.000173414
0.000238331
0.000309405
0.000388247
0.000476511
0.000575894
0.00068814
0.000815032
0.000958386
0.00112004
0.00130184
0.00150562
0.00173316
0.00198619
0.00226633
0.00257509
0.00291376
0.00328345
0.003685
0.00411895
0.00458551
0.00508448
0.00561527
0.00617681
0.00676757
0.00738549
0.00802804
0.00869213
0.00937419
0.0100701
0.0107754
0.0114851
0.0121938
0.0128958
0.0135853
0.0142562
0.0149023
0.0155174
0.0160955
0.0166308
0.0171177
0.0175511
0.0179262
0.0182391
0.0184861
0.0186646
0.0187725
0.0188086
0.0187725
0.0186646
0.0184861
0.0182391
0.0179262
0.0175511
0.0171177
0.0166308
0.0160955
0.0155174
0.0149023
0.0142562
0.0135853
0.0128958
0.0121938
0.0114851
0.0107754
0.0100701
0.00937419
0.00869213
0.00802804
0.00738549
0.00676757
0.00617681
0.00561527
0.00508448
0.00458551
0.00411895
0.003685
0.00328345
0.00291376
0.00257509
0.00226633
0.00198619
0.00173316
0.00150562
0.00130184
0.00112004
0.000958386
0.000815032
0.00068814
0.000575894
0.000476511
0.000388247
0.000309405
0.000238331
0.000173414
0.000113079
5.57829e-05
0
0
6.45145e-05
0.000130779
0.000200558
0.000275636
0.000357835
0.000449019
0.000551098
0.000666038
0.000795854
0.000942607
0.0011084
0.00129536
0.00150562
0.00174129
0.00200444
0.00229708
0.00262108
0.00297816
0.00336984
0.0037974
0.0042618
0.00476369
0.00530327
0.00588035
0.00649422
0.00714366
0.00782688
0.00854153
0.00928465
0.0100527
0.0108415
0.0116464
0.0124621
0.0132828
0.0141024
0.0149144
0.0157118
0.0164877
0.0172349
0.0179463
0.0186149
0.019234
0.0197971
0.0202983
0.0207322
0.021094
0.0213797
0.0215861
0.0217109
0.0217526
0.0217109
0.0215861
0.0213797
0.021094
0.0207322
0.0202983
0.0197971
0.019234
0.0186149
0.0179463
0.0172349
0.0164877
0.0157118
0.0149144
0.0141024
0.0132828
0.0124621
0.0116464
0.0108415
0.0100527
0.00928465
0.00854153
0.00782688
0.00714366
0.00649422
0.00588035
0.00530327
0.00476369
0.0042618
0.0037974
0.00336984
0.00297816
0.00262108
0.00229708
0.00200444
0.00174129
0.00150562
0.00129536
0.0011084
0.000942607
0.000795854
0.000666038
0.000551098
0.000449019
0.000357835
0.000275636
0.000200558
0.000130779
6.45145e-05
0
0
7.42644e-05
0.000150544
0.000230868
0.000317293
0.000411914
0.000516878
0.000634384
0.000766695
0.000916129
0.00108506
0.00127591
0.00149112
0.00173316
0.00200444
0.00230737
0.00264424
0.0030172
0.00342824
0.00387912
0.00437129
0.00490588
0.00548361
0.00610474
0.00676903
0.00747568
0.00822326
0.00900974
0.00983239
0.0106878
0.0115719
0.01248
0.0134065
0.0143454
0.0152902
0.0162337
0.0171684
0.0180863
0.0189794
0.0198396
0.0206585
0.0214282
0.0221408
0.022789
0.023366
0.0238654
0.0242819
0.0246108
0.0248484
0.024992
0.0250401
0.024992
0.0248484
0.0246108
0.0242819
0.0238654
0.023366
0.022789
0.0221408
0.0214282
0.0206585
0.0198396
0.0189794
0.0180863
0.0171684
0.0162337
0.0152902
0.0143454
0.0134065
0.01248
0.0115719
0.0106878
0.00983239
0.00900974
0.00822326
0.00747568
0.00676903
0.00610474
0.00548361
0.00490588
0.00437129
0.00387912
0.00342824
0.0030172
0.00264424
0.00230737
0.00200444
0.00173316
0.00149112
0.00127591
0.00108506
0.000916129
0.000766695
0.000634384
0.000516878
0.000411914
0.000317293
0.000230868
0.000150544
7.42644e-05
0
0
8.51066e-05
0.000172523
0.000264573
0.000363616
0.000472051
0.000592339
0.000727001
0.000878628
0.00104988
0.00124347
0.00146219
0.00170882
0.00198619
0.00229708
0.00264424
0.00303028
0.00345769
0.00392875
0.00444545
0.00500948
0.00562211
0.00628419
0.006996
0.00775728
0.00856708
0.00942381
0.0103251
0.0112679
0.0122482
0.0132614
0.014302
0.0153638
0.0164398
0.0175225
0.0186037
0.0196748
0.0207268
0.0217503
0.022736
0.0236745
0.0245566
0.0253733
0.0261161
0.0267773
0.0273496
0.0278269
0.0282038
0.0284761
0.0286407
0.0286958
0.0286407
0.0284761
0.0282038
0.0278269
0.0273496
0.0267773
0.0261161
0.0253733
0.0245566
0.0236745
0.022736
0.0217503
0.0207268
0.0196748
0.0186037
0.0175225
0.0164398
0.0153638
0.014302
0.0132614
0.0122482
0.0112679
0.0103251
0.00942381
0.00856708
0.00775728
0.006996
0.00628419
0.00562211
0.00500948
0.00444545
0.00392875
0.00345769
0.00303028
0.00264424
0.00229708
0.00198619
0.00170882
0.00146219
0.00124347
0.00104988
0.000878628
0.000727001
0.000592339
0.000472051
0.000363616
0.000264573
0.000172523
8.51066e-05
0
0
9.71107e-05
0.000196856
0.000301891
0.000414903
0.000538633
0.000675887
0.000829543
0.00100256
0.00119796
0.00141886
0.00166842
0.00194984
0.00226633
0.00262108
0.0030172
0.00345769
0.00394539
0.00448288
0.00507247
0.00571605
0.0064151
0.00717056
0.00798277
0.00885142
0.00977545
0.010753
0.0117814
0.0128572
0.0139758
0.0151319
0.0163192
0.0175308
0.0187586
0.019994
0.0212278
0.0224499
0.0236503
0.0248182
0.0259429
0.0270137
0.0280202
0.0289521
0.0297997
0.0305542
0.0312072
0.0317518
0.0321819
0.0324926
0.0326804
0.0327432
0.0326804
0.0324926
0.0321819
0.0317518
0.0312072
0.0305542
0.0297997
0.0289521
0.0280202
0.0270137
0.0259429
0.0248182
0.0236503
0.0224499
0.0212278
0.019994
0.0187586
0.0175308
0.0163192
0.0151319
0.0139758
0.0128572
0.0117814
0.010753
0.00977545
0.00885142
0.00798277
0.00717056
0.0064151
0.00571605
0.00507247
0.00448288
0.00394539
0.00345769
0.0030172
0.00262108
0.00226633
0.00194984
0.00166842
0.00141886
0.00119796
0.00100256
0.000829543
0.000675887
0.000538633
0.000414903
0.000301891
0.000196856
9.71107e-05
0
0
0.00011034
0.000223675
0.000343018
0.000471426
0.000612013
0.000767966
0.000942554
0.00113914
0.00136116
0.00161216
0.00189572
0.00221548
0.00257509
0.00297816
0.00342824
0.00392875
0.00448288
0.0050936
0.00576351
0.00649477
0.00728905
0.00814743
0.00907029
0.0100573
0.0111072
0.0122179
0.0133865
0.0146088
0.0158797
0.0171933
0.0185425
0.0199191
0.0213141
0.0227179
0.0241197
0.0255084
0.0268722
0.0281992
0.0294772
0.0306939
0.0318375
0.0328963
0.0338595
0.0347167
0.0354587
0.0360775
0.0365661
0.0369191
0.0371326
0.037204
0.0371326
0.0369191
0.0365661
0.0360775
0.0354587
0.0347167
0.0338595
0.0328963
0.0318375
0.0306939
0.0294772
0.0281992
0.0268722
0.0255084
0.0241197
0.0227179
0.0213141
0.0199191
0.0185425
0.0171933
0.0158797
0.0146088
0.0133865
0.0122179
0.0111072
0.0100573
0.00907029
0.00814743
0.00728905
0.00649477
0.00576351
0.0050936
0.00448288
0.00392875
0.00342824
0.00297816
0.00257509
0.00221548
0.00189572
0.00161216
0.00136116
0.00113914
0.000942554
0.000767966
0.000612013
0.000471426
0.000343018
0.000223675
0.00011034
0
0
0.000124852
0.000253092
0.000388131
0.000533427
0.000692504
0.000868967
0.00106652
0.00128896
0.00154018
0.00182419
0.00214504
0.00250686
0.00291376
0.00336984
0.00387912
0.00444545
0.00507247
0.00576351
0.00652151
0.00734895
0.00824769
0.00921896
0.0102632
0.01138
0.012568
0.0138248
0.015147
0.0165301
0.0179682
0.0194546
0.0209811
0.0225388
0.0241173
0.0257057
0.0272919
0.0288632
0.0304064
0.0319079
0.033354
0.0347307
0.0360247
0.0372228
0.0383126
0.0392825
0.0401222
0.0408223
0.0413752
0.0417747
0.0420162
0.042097
0.0420162
0.0417747
0.0413752
0.0408223
0.0401222
0.0392825
0.0383126
0.0372228
0.0360247
0.0347307
0.033354
0.0319079
0.0304064
0.0288632
0.0272919
0.0257057
0.0241173
0.0225388
0.0209811
0.0194546
0.0179682
0.0165301
0.015147
0.0138248
0.012568
0.01138
0.0102632
0.00921896
0.00824769
0.00734895
0.00652151
0.00576351
0.00507247
0.00444545
0.00387912
0.00336984
0.00291376
0.00250686
0.00214504
0.00182419
0.00154018
0.00128896
0.00106652
0.000868967
0.000692504
0.000533427
0.000388131
0.000253092
0.000124852
0
0
0.000140693
0.000285204
0.000437377
0.000601107
0.000780367
0.00097922
0.00120183
0.0014525
0.0017356
0.00205564
0.0024172
0.00282492
0.00328345
0.0037974
0.00437129
0.00500948
0.00571605
0.00649477
0.00734895
0.00828136
0.00929414
0.0103886
0.0115654
0.0128239
0.0141626
0.0155789
0.0170689
0.0186274
0.020248
0.0219229
0.0236432
0.0253985
0.0271773
0.0289672
0.0307546
0.0325253
0.0342643
0.0359563
0.0375858
0.0391373
0.0405954
0.0419455
0.0431736
0.0442666
0.0452128
0.0460018
0.0466248
0.0470749
0.0473471
0.0474381
0.0473471
0.0470749
0.0466248
0.0460018
0.0452128
0.0442666
0.0431736
0.0419455
0.0405954
0.0391373
0.0375858
0.0359563
0.0342643
0.0325253
0.0307546
0.0289672
0.0271773
0.0253985
0.0236432
0.0219229
0.020248
0.0186274
0.0170689
0.0155789
0.0141626
0.0128239
0.0115654
0.0103886
0.00929414
0.00828136
0.00734895
0.00649477
0.00571605
0.00500948
0.00437129
0.0037974
0.00328345
0.00282492
0.0024172
0.00205564
0.0017356
0.0014525
0.00120183
0.00097922
0.000780367
0.000601107
0.000437377
0.000285204
0.000140693
0
0
0.000157899
0.000320083
0.000490866
0.00067462
0.000875803
0.00109897
0.00134881
0.00163013
0.00194785
0.00230703
0.00271281
0.00317039
0.003685
0.0042618
0.00490588
0.00562211
0.0064151
0.00728905
0.00824769
0.00929414
0.0104308
0.0116591
0.0129798
0.0143922
0.0158946
0.0174841
0.0191563
0.0209054
0.0227242
0.024604
0.0265346
0.0285046
0.030501
0.0325097
0.0345158
0.036503
0.0384547
0.0403536
0.0421824
0.0439236
0.0455601
0.0470753
0.0484536
0.0496802
0.0507421
0.0516276
0.0523268
0.052832
0.0531374
0.0532396
0.0531374
0.052832
0.0523268
0.0516276
0.0507421
0.0496802
0.0484536
0.0470753
0.0455601
0.0439236
0.0421824
0.0403536
0.0384547
0.036503
0.0345158
0.0325097
0.030501
0.0285046
0.0265346
0.024604
0.0227242
0.0209054
0.0191563
0.0174841
0.0158946
0.0143922
0.0129798
0.0116591
0.0104308
0.00929414
0.00824769
0.00728905
0.0064151
0.00562211
0.00490588
0.0042618
0.003685
0.00317039
0.00271281
0.00230703
0.00194785
0.00163013
0.00134881
0.00109897
0.000875803
0.00067462
0.000490866
0.000320083
0.000157899
0
0
0.000176494
0.000357777
0.000548672
0.000754066
0.00097894
0.00122839
0.00150765
0.0018221
0.00217724
0.00257872
0.00303228
0.00354375
0.00411895
0.00476369
0.00548361
0.00628419
0.00717056
0.00814743
0.00921896
0.0103886
0.0116591
0.0130321
0.0145083
0.016087
0.0177664
0.0195431
0.0214122
0.0233673
0.0254003
0.0275014
0.0296594
0.0318614
0.0340928
0.0363382
0.0385804
0.0408017
0.0429832
0.0451058
0.04715
0.0490962
0.0509254
0.052619
0.0541596
0.0555307
0.0567176
0.0577074
0.058489
0.0590537
0.059395
0.0595093
0.059395
0.0590537
0.058489
0.0577074
0.0567176
0.0555307
0.0541596
0.052619
0.0509254
0.0490962
0.04715
0.0451058
0.0429832
0.0408017
0.0385804
0.0363382
0.0340928
0.0318614
0.0296594
0.0275014
0.0254003
0.0233673
0.0214122
0.0195431
0.0177664
0.016087
0.0145083
0.0130321
0.0116591
0.0103886
0.00921896
0.00814743
0.00717056
0.00628419
0.00548361
0.00476369
0.00411895
0.00354375
0.00303228
0.00257872
0.00217724
0.0018221
0.00150765
0.00122839
0.00097894
0.000754066
0.000548672
0.000357777
0.000176494
0
0
0.000196486
0.000398303
0.00061082
0.000839479
0.00108982
0.00136753
0.00167843
0.00202849
0.00242386
0.00287081
0.00337575
0.00394515
0.00458551
0.00530327
0.00610474
0.006996
0.00798277
0.00907029
0.0102632
0.0115654
0.0129798
0.0145083
0.0161517
0.0179092
0.0197788
0.0217568
0.0238376
0.0260141
0.0282774
0.0306165
0.033019
0.0354703
0.0379546
0.0404542
0.0429505
0.0454233
0.0478519
0.050215
0.0524907
0.0546574
0.0566937
0.0585792
0.0602943
0.0618207
0.0631421
0.064244
0.0651141
0.0657427
0.0661228
0.0662499
0.0661228
0.0657427
0.0651141
0.064244
0.0631421
0.0618207
0.0602943
0.0585792
0.0566937
0.0546574
0.0524907
0.050215
0.0478519
0.0454233
0.0429505
0.0404542
0.0379546
0.0354703
0.033019
0.0306165
0.0282774
0.0260141
0.0238376
0.0217568
0.0197788
0.0179092
0.0161517
0.0145083
0.0129798
0.0115654
0.0102632
0.00907029
0.00798277
0.006996
0.00610474
0.00530327
0.00458551
0.00394515
0.00337575
0.00287081
0.00242386
0.00202849
0.00167843
0.00136753
0.00108982
0.000839479
0.00061082
0.000398303
0.000196486
0
0
0.000217866
0.000441644
0.000677287
0.000930827
0.00120841
0.00151634
0.00186107
0.00224922
0.00268761
0.0031832
0.00374308
0.00437445
0.00508448
0.00588035
0.00676903
0.00775728
0.00885142
0.0100573
0.01138
0.0128239
0.0143922
0.016087
0.0179092
0.019858
0.0219311
0.0241242
0.0264315
0.0288449
0.0313544
0.0339481
0.0366119
0.03933
0.0420846
0.0448563
0.0476241
0.0503661
0.053059
0.0556791
0.0582025
0.0606049
0.0628629
0.0649535
0.0668552
0.0685478
0.0700129
0.0712347
0.0721995
0.0728965
0.0733179
0.0734589
0.0733179
0.0728965
0.0721995
0.0712347
0.0700129
0.0685478
0.0668552
0.0649535
0.0628629
0.0606049
0.0582025
0.0556791
0.053059
0.0503661
0.0476241
0.0448563
0.0420846
0.03933
0.0366119
0.0339481
0.0313544
0.0288449
0.0264315
0.0241242
0.0219311
0.019858
0.0179092
0.016087
0.0143922
0.0128239
0.01138
0.0100573
0.00885142
0.00775728
0.00676903
0.00588035
0.00508448
0.00437445
0.00374308
0.0031832
0.00268761
0.00224922
0.00186107
0.00151634
0.00120841
0.000930827
0.000677287
0.000441644
0.000217866
0
0
0.00024061
0.000487749
0.000747991
0.001028
0.00133457
0.00167464
0.00205535
0.00248402
0.00296818
0.0035155
0.00413384
0.00483111
0.00561527
0.00649422
0.00747568
0.00856708
0.00977545
0.0111072
0.012568
0.0141626
0.0158946
0.0177664
0.0197788
0.0219311
0.0242205
0.0266426
0.0291907
0.0318561
0.0346276
0.037492
0.040434
0.0434358
0.046478
0.049539
0.0525958
0.0556239
0.058598
0.0614917
0.0642784
0.0669317
0.0694254
0.0717343
0.0738345
0.0757037
0.0773218
0.0786711
0.0797366
0.0805064
0.0809718
0.0811276
0.0809718
0.0805064
0.0797366
0.0786711
0.0773218
0.0757037
0.0738345
0.0717343
0.0694254
0.0669317
0.0642784
0.0614917
0.058598
0.0556239
0.0525958
0.049539
0.046478
0.0434358
0.040434
0.037492
0.0346276
0.0318561
0.0291907
0.0266426
0.0242205
0.0219311
0.0197788
0.0177664
0.0158946
0.0141626
0.012568
0.0111072
0.00977545
0.00856708
0.00747568
0.00649422
0.00561527
0.00483111
0.00413384
0.0035155
0.00296818
0.00248402
0.00205535
0.00167464
0.00133457
0.001028
0.000747991
0.000487749
0.00024061
0
0
0.000264672
0.000536525
0.000822792
0.0011308
0.00146802
0.00184211
0.00226089
0.00273243
0.003265
0.00386706
0.00454723
0.00531423
0.00617681
0.00714366
0.00822326
0.00942381
0.010753
0.0122179
0.0138248
0.0155789
0.0174841
0.0195431
0.0217568
0.0241242
0.0266426
0.029307
0.0321099
0.0350418
0.0380904
0.0412413
0.0444775
0.0477795
0.0511259
0.054493
0.0578555
0.0611865
0.0644579
0.067641
0.0707064
0.073625
0.0763681
0.0789079
0.0812181
0.0832742
0.0850542
0.0865384
0.0877105
0.0885573
0.0890692
0.0892405
0.0890692
0.0885573
0.0877105
0.0865384
0.0850542
0.0832742
0.0812181
0.0789079
0.0763681
0.073625
0.0707064
0.067641
0.0644579
0.0611865
0.0578555
0.054493
0.0511259
0.0477795
0.0444775
0.0412413
0.0380904
0.0350418
0.0321099
0.029307
0.0266426
0.0241242
0.0217568
0.0195431
0.0174841
0.0155789
0.0138248
0.0122179
0.010753
0.00942381
0.00822326
0.00714366
0.00617681
0.00531423
0.00454723
0.00386706
0.003265
0.00273243
0.00226089
0.00184211
0.00146802
0.0011308
0.000822792
0.000536525
0.000264672
0
0
0.000289985
0.000587838
0.000901484
0.00123895
0.00160843
0.00201829
0.00247712
0.00299376
0.00357727
0.00423691
0.00498213
0.00582249
0.00676757
0.00782688
0.00900974
0.0103251
0.0117814
0.0133865
0.015147
0.0170689
0.0191563
0.0214122
0.0238376
0.0264315
0.0291907
0.0321099
0.0351809
0.0383932
0.0417334
0.0451857
0.0487313
0.0523492
0.0560156
0.0597047
0.0633888
0.0670384
0.0706227
0.0741102
0.0774688
0.0806665
0.0836719
0.0864547
0.0889858
0.0912386
0.0931888
0.094815
0.0960992
0.0970269
0.0975878
0.0977755
0.0975878
0.0970269
0.0960992
0.094815
0.0931888
0.0912386
0.0889858
0.0864547
0.0836719
0.0806665
0.0774688
0.0741102
0.0706227
0.0670384
0.0633888
0.0597047
0.0560156
0.0523492
0.0487313
0.0451857
0.0417334
0.0383932
0.0351809
0.0321099
0.0291907
0.0264315
0.0238376
0.0214122
0.0191563
0.0170689
0.015147
0.0133865
0.0117814
0.0103251
0.00900974
0.00782688
0.00676757
0.00582249
0.00498213
0.00423691
0.00357727
0.00299376
0.00247712
0.00201829
0.00160843
0.00123895
0.000901484
0.000587838
0.000289985
0
0
0.000316463
0.000641512
0.000983796
0.00135208
0.00175529
0.00220257
0.0027033
0.00326711
0.0039039
0.00462377
0.00543704
0.00635412
0.00738549
0.00854153
0.00983239
0.0112679
0.0128572
0.0146088
0.0165301
0.0186274
0.0209054
0.0233673
0.0260141
0.0288449
0.0318561
0.0350418
0.0383932
0.0418987
0.045544
0.0493115
0.0531809
0.057129
0.0611302
0.0651562
0.0691767
0.0731595
0.0770711
0.080877
0.0845423
0.088032
0.0913118
0.0943486
0.0971109
0.0995694
0.101698
0.103472
0.104874
0.105886
0.106498
0.106703
0.106498
0.105886
0.104874
0.103472
0.101698
0.0995694
0.0971109
0.0943486
0.0913118
0.088032
0.0845423
0.080877
0.0770711
0.0731595
0.0691767
0.0651562
0.0611302
0.057129
0.0531809
0.0493115
0.045544
0.0418987
0.0383932
0.0350418
0.0318561
0.0288449
0.0260141
0.0233673
0.0209054
0.0186274
0.0165301
0.0146088
0.0128572
0.0112679
0.00983239
0.00854153
0.00738549
0.00635412
0.00543704
0.00462377
0.0039039
0.00326711
0.0027033
0.00220257
0.00175529
0.00135208
0.000983796
0.000641512
0.000316463
0
0
0.000343995
0.000697325
0.00106939
0.00146971
0.001908
0.0023942
0.00293849
0.00355136
0.00424354
0.00502604
0.00591006
0.00690694
0.00802804
0.00928465
0.0106878
0.0122482
0.0139758
0.0158797
0.0179682
0.020248
0.0227242
0.0254003
0.0282774
0.0313544
0.0346276
0.0380904
0.0417334
0.045544
0.0495064
0.0536016
0.0578077
0.0620993
0.0664486
0.0708249
0.0751951
0.0795244
0.0837764
0.0879134
0.0918975
0.0956909
0.099256
0.102557
0.10556
0.108232
0.110545
0.112475
0.113998
0.115098
0.115764
0.115986
0.115764
0.115098
0.113998
0.112475
0.110545
0.108232
0.10556
0.102557
0.099256
0.0956909
0.0918975
0.0879134
0.0837764
0.0795244
0.0751951
0.0708249
0.0664486
0.0620993
0.0578077
0.0536016
0.0495064
0.045544
0.0417334
0.0380904
0.0346276
0.0313544
0.0282774
0.0254003
0.0227242
0.020248
0.0179682
0.0158797
0.0139758
0.0122482
0.0106878
0.00928465
0.00802804
0.00690694
0.00591006
0.00502604
0.00424354
0.00355136
0.00293849
0.0023942
0.001908
0.00146971
0.00106939
0.000697325
0.000343995
0
0
0.000372451
0.000755009
0.00115785
0.00159129
0.00206583
0.00259225
0.00318157
0.00384513
0.00459458
0.00544181
0.00639895
0.00747829
0.00869213
0.0100527
0.0115719
0.0132614
0.0151319
0.0171933
0.0194546
0.0219229
0.024604
0.0275014
0.0306165
0.0339481
0.037492
0.0412413
0.0451857
0.0493115
0.0536016
0.0580356
0.0625896
0.0672363
0.0719454
0.0766836
0.0814154
0.0861028
0.0907065
0.0951857
0.0994995
0.103607
0.107467
0.111041
0.114292
0.117185
0.11969
0.121779
0.123428
0.12462
0.12534
0.125581
0.12534
0.12462
0.123428
0.121779
0.11969
0.117185
0.114292
0.111041
0.107467
0.103607
0.0994995
0.0951857
0.0907065
0.0861028
0.0814154
0.0766836
0.0719454
0.0672363
0.0625896
0.0580356
0.0536016
0.0493115
0.0451857
0.0412413
0.037492
0.0339481
0.0306165
0.0275014
0.024604
0.0219229
0.0194546
0.0171933
0.0151319
0.0132614
0.0115719
0.0100527
0.00869213
0.00747829
0.00639895
0.00544181
0.00459458
0.00384513
0.00318157
0.00259225
0.00206583
0.00159129
0.00115785
0.000755009
0.000372451
0
0
0.000401677
0.000814253
0.0012487
0.00171615
0.00222794
0.00279566
0.00343122
0.00414685
0.0049551
0.00586882
0.00690107
0.0080651
0.00937419
0.0108415
0.01248
0.014302
0.0163192
0.0185425
0.0209811
0.0236432
0.0265346
0.0296594
0.033019
0.0366119
0.040434
0.0444775
0.0487313
0.0531809
0.0578077
0.0625896
0.0675009
0.0725122
0.0775908
0.0827009
0.0878039
0.0928592
0.0978241
0.102655
0.107307
0.111736
0.115899
0.119754
0.12326
0.126381
0.129082
0.131334
0.133113
0.134398
0.135175
0.135435
0.135175
0.134398
0.133113
0.131334
0.129082
0.126381
0.12326
0.119754
0.115899
0.111736
0.107307
0.102655
0.0978241
0.0928592
0.0878039
0.0827009
0.0775908
0.0725122
0.0675009
0.0625896
0.0578077
0.0531809
0.0487313
0.0444775
0.040434
0.0366119
0.033019
0.0296594
0.0265346
0.0236432
0.0209811
0.0185425
0.0163192
0.014302
0.01248
0.0108415
0.00937419
0.0080651
0.00690107
0.00586882
0.0049551
0.00414685
0.00343122
0.00279566
0.00222794
0.00171615
0.0012487
0.000814253
0.000401677
0
0
0.000431497
0.000874703
0.00134141
0.00184356
0.00239334
0.00300321
0.00368596
0.00445472
0.00532297
0.00630452
0.00741341
0.00866386
0.0100701
0.0116464
0.0134065
0.0153638
0.0175308
0.0199191
0.0225388
0.0253985
0.0285046
0.0318614
0.0354703
0.03933
0.0434358
0.0477795
0.0523492
0.057129
0.0620993
0.0672363
0.0725122
0.0778955
0.0833512
0.0888406
0.0943225
0.0997531
0.105087
0.110276
0.115274
0.120032
0.124504
0.128645
0.132411
0.135763
0.138665
0.141085
0.142996
0.144376
0.145211
0.14549
0.145211
0.144376
0.142996
0.141085
0.138665
0.135763
0.132411
0.128645
0.124504
0.120032
0.115274
0.110276
0.105087
0.0997531
0.0943225
0.0888406
0.0833512
0.0778955
0.0725122
0.0672363
0.0620993
0.057129
0.0523492
0.0477795
0.0434358
0.03933
0.0354703
0.0318614
0.0285046
0.0253985
0.0225388
0.0199191
0.0175308
0.0153638
0.0134065
0.0116464
0.0100701
0.00866386
0.00741341
0.00630452
0.00532297
0.00445472
0.00368596
0.00300321
0.00239334
0.00184356
0.00134141
0.000874703
0.000431497
0
0
0.000461719
0.000935966
0.00143536
0.00197268
0.00256096
0.00321355
0.00394411
0.00476671
0.00569578
0.00674607
0.00793263
0.00927065
0.0107754
0.0124621
0.0143454
0.0164398
0.0187586
0.0213141
0.0241173
0.0271773
0.030501
0.0340928
0.0379546
0.0420846
0.046478
0.0511259
0.0560156
0.0611302
0.0664486
0.0719454
0.0775908
0.0833512
0.0891889
0.0950628
0.100929
0.10674
0.112447
0.117999
0.123347
0.128439
0.133224
0.137654
0.141685
0.145272
0.148377
0.150966
0.153011
0.154488
0.155381
0.15568
0.155381
0.154488
0.153011
0.150966
0.148377
0.145272
0.141685
0.137654
0.133224
0.128439
0.123347
0.117999
0.112447
0.10674
0.100929
0.0950628
0.0891889
0.0833512
0.0775908
0.0719454
0.0664486
0.0611302
0.0560156
0.0511259
0.046478
0.0420846
0.0379546
0.0340928
0.030501
0.0271773
0.0241173
0.0213141
0.0187586
0.0164398
0.0143454
0.0124621
0.0107754
0.00927065
0.00793263
0.00674607
0.00569578
0.00476671
0.00394411
0.00321355
0.00256096
0.00197268
0.00143536
0.000935966
0.000461719
0
0
0.000492127
0.000997608
0.00152989
0.0021026
0.00272963
0.00342519
0.00420387
0.00508065
0.0060709
0.00719037
0.00845506
0.00988121
0.0114851
0.0132828
0.0152902
0.0175225
0.019994
0.0227179
0.0257057
0.0289672
0.0325097
0.0363382
0.0404542
0.0448563
0.049539
0.054493
0.0597047
0.0651562
0.0708249
0.0766836
0.0827009
0.0888406
0.0950628
0.101324
0.107576
0.113769
0.119852
0.125771
0.131471
0.136897
0.141998
0.14672
0.151016
0.154839
0.158149
0.160908
0.163088
0.164662
0.165614
0.165933
0.165614
0.164662
0.163088
0.160908
0.158149
0.154839
0.151016
0.14672
0.141998
0.136897
0.131471
0.125771
0.119852
0.113769
0.107576
0.101324
0.0950628
0.0888406
0.0827009
0.0766836
0.0708249
0.0651562
0.0597047
0.054493
0.049539
0.0448563
0.0404542
0.0363382
0.0325097
0.0289672
0.0257057
0.0227179
0.019994
0.0175225
0.0152902
0.0132828
0.0114851
0.00988121
0.00845506
0.00719037
0.0060709
0.00508065
0.00420387
0.00342519
0.00272963
0.0021026
0.00152989
0.000997608
0.000492127
0
0
0.000522494
0.00105917
0.00162429
0.00223234
0.00289806
0.00363654
0.00446327
0.00539415
0.00644551
0.00763405
0.00897678
0.0104909
0.0121938
0.0141024
0.0162337
0.0186037
0.0212278
0.0241197
0.0272919
0.0307546
0.0345158
0.0385804
0.0429505
0.0476241
0.0525958
0.0578555
0.0633888
0.0691767
0.0751951
0.0814154
0.0878039
0.0943225
0.100929
0.107576
0.114214
0.12079
0.127248
0.133531
0.139583
0.145345
0.15076
0.155774
0.160334
0.164393
0.167907
0.170837
0.173151
0.174823
0.175833
0.176172
0.175833
0.174823
0.173151
0.170837
0.167907
0.164393
0.160334
0.155774
0.15076
0.145345
0.139583
0.133531
0.127248
0.12079
0.114214
0.107576
0.100929
0.0943225
0.0878039
0.0814154
0.0751951
0.0691767
0.0633888
0.0578555
0.0525958
0.0476241
0.0429505
0.0385804
0.0345158
0.0307546
0.0272919
0.0241197
0.0212278
0.0186037
0.0162337
0.0141024
0.0121938
0.0104909
0.00897678
0.00763405
0.00644551
0.00539415
0.00446327
0.00363654
0.00289806
0.00223234
0.00162429
0.00105917
0.000522494
0
0
0.000552576
0.00112015
0.00171781
0.00236087
0.00306491
0.00384591
0.00472024
0.00570471
0.0068166
0.00807357
0.00949362
0.0110949
0.0128958
0.0149144
0.0171684
0.0196748
0.0224499
0.0255084
0.0288632
0.0325253
0.036503
0.0408017
0.0454233
0.0503661
0.0556239
0.0611865
0.0670384
0.0731595
0.0795244
0.0861028
0.0928592
0.0997531
0.10674
0.113769
0.12079
0.127744
0.134574
0.141219
0.147619
0.153713
0.15944
0.164742
0.169565
0.173858
0.177574
0.180673
0.18312
0.184888
0.185957
0.186315
0.185957
0.184888
0.18312
0.180673
0.177574
0.173858
0.169565
0.164742
0.15944
0.153713
0.147619
0.141219
0.134574
0.127744
0.12079
0.113769
0.10674
0.0997531
0.0928592
0.0861028
0.0795244
0.0731595
0.0670384
0.0611865
0.0556239
0.0503661
0.0454233
0.0408017
0.036503
0.0325253
0.0288632
0.0255084
0.0224499
0.0196748
0.0171684
0.0149144
0.0128958
0.0110949
0.00949362
0.00807357
0.0068166
0.00570471
0.00472024
0.00384591
0.00306491
0.00236087
0.00171781
0.00112015
0.000552576
0
0
0.00058212
0.00118004
0.00180965
0.00248709
0.00322878
0.00405154
0.00497261
0.00600973
0.00718107
0.00850524
0.0100012
0.0116882
0.0135853
0.0157118
0.0180863
0.0207268
0.0236503
0.0268722
0.0304064
0.0342643
0.0384547
0.0429832
0.0478519
0.053059
0.058598
0.0644579
0.0706227
0.0770711
0.0837764
0.0907065
0.0978241
0.105087
0.112447
0.119852
0.127248
0.134574
0.141769
0.14877
0.155512
0.161931
0.167964
0.17355
0.178632
0.183154
0.187069
0.190333
0.192911
0.194773
0.195899
0.196276
0.195899
0.194773
0.192911
0.190333
0.187069
0.183154
0.178632
0.17355
0.167964
0.161931
0.155512
0.14877
0.141769
0.134574
0.127248
0.119852
0.112447
0.105087
0.0978241
0.0907065
0.0837764
0.0770711
0.0706227
0.0644579
0.058598
0.053059
0.0478519
0.0429832
0.0384547
0.0342643
0.0304064
0.0268722
0.0236503
0.0207268
0.0180863
0.0157118
0.0135853
0.0116882
0.0100012
0.00850524
0.00718107
0.00600973
0.00497261
0.00405154
0.00322878
0.00248709
0.00180965
0.00118004
0.00058212
0
0
0.000610867
0.00123831
0.00189902
0.00260991
0.00338823
0.00425161
0.00521817
0.0063065
0.00753568
0.00892525
0.0104951
0.0122653
0.0142562
0.0164877
0.0189794
0.0217503
0.0248182
0.0281992
0.0319079
0.0359563
0.0403536
0.0451058
0.050215
0.0556791
0.0614917
0.067641
0.0741102
0.080877
0.0879134
0.0951857
0.102655
0.110276
0.117999
0.125771
0.133531
0.141219
0.14877
0.156117
0.163192
0.169928
0.176259
0.182121
0.187453
0.192198
0.196307
0.199732
0.202437
0.204392
0.205573
0.205969
0.205573
0.204392
0.202437
0.199732
0.196307
0.192198
0.187453
0.182121
0.176259
0.169928
0.163192
0.156117
0.14877
0.141219
0.133531
0.125771
0.117999
0.110276
0.102655
0.0951857
0.0879134
0.080877
0.0741102
0.067641
0.0614917
0.0556791
0.050215
0.0451058
0.0403536
0.0359563
0.0319079
0.0281992
0.0248182
0.0217503
0.0189794
0.0164877
0.0142562
0.0122653
0.0104951
0.00892525
0.00753568
0.0063065
0.00521817
0.00425161
0.00338823
0.00260991
0.00189902
0.00123831
0.000610867
0
0
0.000638551
0.00129443
0.00198508
0.00272819
0.00354178
0.00444429
0.00545465
0.0065923
0.00787719
0.00932973
0.0109707
0.0128212
0.0149023
0.0172349
0.0198396
0.022736
0.0259429
0.0294772
0.033354
0.0375858
0.0421824
0.04715
0.0524907
0.0582025
0.0642784
0.0707064
0.0774688
0.0845423
0.0918975
0.0994995
0.107307
0.115274
0.123347
0.131471
0.139583
0.147619
0.155512
0.163192
0.170587
0.177629
0.184247
0.190374
0.195948
0.200909
0.205203
0.208784
0.211612
0.213655
0.21489
0.215303
0.21489
0.213655
0.211612
0.208784
0.205203
0.200909
0.195948
0.190374
0.184247
0.177629
0.170587
0.163192
0.155512
0.147619
0.139583
0.131471
0.123347
0.115274
0.107307
0.0994995
0.0918975
0.0845423
0.0774688
0.0707064
0.0642784
0.0582025
0.0524907
0.04715
0.0421824
0.0375858
0.033354
0.0294772
0.0259429
0.022736
0.0198396
0.0172349
0.0149023
0.0128212
0.0109707
0.00932973
0.00787719
0.0065923
0.00545465
0.00444429
0.00354178
0.00272819
0.00198508
0.00129443
0.000638551
0
0
0.000664908
0.00134786
0.00206702
0.0028408
0.00368797
0.00462774
0.00567981
0.00686442
0.00820234
0.00971484
0.0114236
0.0133504
0.0155174
0.0179463
0.0206585
0.0236745
0.0270137
0.0306939
0.0347307
0.0391373
0.0439236
0.0490962
0.0546574
0.0606049
0.0669317
0.073625
0.0806665
0.088032
0.0956909
0.103607
0.111736
0.120032
0.128439
0.136897
0.145345
0.153713
0.161931
0.169928
0.177629
0.184961
0.191852
0.198232
0.204036
0.209202
0.213673
0.217402
0.220346
0.222474
0.22376
0.22419
0.22376
0.222474
0.220346
0.217402
0.213673
0.209202
0.204036
0.198232
0.191852
0.184961
0.177629
0.169928
0.161931
0.153713
0.145345
0.136897
0.128439
0.120032
0.111736
0.103607
0.0956909
0.088032
0.0806665
0.073625
0.0669317
0.0606049
0.0546574
0.0490962
0.0439236
0.0391373
0.0347307
0.0306939
0.0270137
0.0236745
0.0206585
0.0179463
0.0155174
0.0133504
0.0114236
0.00971484
0.00820234
0.00686442
0.00567981
0.00462774
0.00368797
0.0028408
0.00206702
0.00134786
0.000664908
0
0
0.000689681
0.00139808
0.00214403
0.00294664
0.00382538
0.00480016
0.00589142
0.00712017
0.00850794
0.0100768
0.0118492
0.0138478
0.0160955
0.0186149
0.0214282
0.0245566
0.0280202
0.0318375
0.0360247
0.0405954
0.0455601
0.0509254
0.0566937
0.0628629
0.0694254
0.0763681
0.0836719
0.0913118
0.099256
0.107467
0.115899
0.124504
0.133224
0.141998
0.15076
0.15944
0.167964
0.176259
0.184247
0.191852
0.199
0.205618
0.211638
0.216996
0.221634
0.225502
0.228556
0.230763
0.232097
0.232543
0.232097
0.230763
0.228556
0.225502
0.221634
0.216996
0.211638
0.205618
0.199
0.191852
0.184247
0.176259
0.167964
0.15944
0.15076
0.141998
0.133224
0.124504
0.115899
0.107467
0.099256
0.0913118
0.0836719
0.0763681
0.0694254
0.0628629
0.0566937
0.0509254
0.0455601
0.0405954
0.0360247
0.0318375
0.0280202
0.0245566
0.0214282
0.0186149
0.0160955
0.0138478
0.0118492
0.0100768
0.00850794
0.00712017
0.00589142
0.00480016
0.00382538
0.00294664
0.00214403
0.00139808
0.000689681
0
0
0.000712618
0.00144457
0.00221534
0.00304464
0.0039526
0.0049598
0.00608736
0.00735697
0.00879089
0.0104119
0.0122432
0.0143084
0.0166308
0.019234
0.0221408
0.0253733
0.0289521
0.0328963
0.0372228
0.0419455
0.0470753
0.052619
0.0585792
0.0649535
0.0717343
0.0789079
0.0864547
0.0943486
0.102557
0.111041
0.119754
0.128645
0.137654
0.14672
0.155774
0.164742
0.17355
0.182121
0.190374
0.198232
0.205618
0.212456
0.218677
0.224213
0.229005
0.233001
0.236157
0.238437
0.239815
0.240277
0.239815
0.238437
0.236157
0.233001
0.229005
0.224213
0.218677
0.212456
0.205618
0.198232
0.190374
0.182121
0.17355
0.164742
0.155774
0.14672
0.137654
0.128645
0.119754
0.111041
0.102557
0.0943486
0.0864547
0.0789079
0.0717343
0.0649535
0.0585792
0.052619
0.0470753
0.0419455
0.0372228
0.0328963
0.0289521
0.0253733
0.0221408
0.019234
0.0166308
0.0143084
0.0122432
0.0104119
0.00879089
0.00735697
0.00608736
0.0049598
0.0039526
0.00304464
0.00221534
0.00144457
0.000712618
0
0
0.000733482
0.00148687
0.00228019
0.00313378
0.00406832
0.00510501
0.00626558
0.00757236
0.00904827
0.0107167
0.0126017
0.0147273
0.0171177
0.0197971
0.022789
0.0261161
0.0297997
0.0338595
0.0383126
0.0431736
0.0484536
0.0541596
0.0602943
0.0668552
0.0738345
0.0812181
0.0889858
0.0971109
0.10556
0.114292
0.12326
0.132411
0.141685
0.151016
0.160334
0.169565
0.178632
0.187453
0.195948
0.204036
0.211638
0.218677
0.225079
0.230777
0.23571
0.239823
0.243071
0.245418
0.246837
0.247311
0.246837
0.245418
0.243071
0.239823
0.23571
0.230777
0.225079
0.218677
0.211638
0.204036
0.195948
0.187453
0.178632
0.169565
0.160334
0.151016
0.141685
0.132411
0.12326
0.114292
0.10556
0.0971109
0.0889858
0.0812181
0.0738345
0.0668552
0.0602943
0.0541596
0.0484536
0.0431736
0.0383126
0.0338595
0.0297997
0.0261161
0.022789
0.0197971
0.0171177
0.0147273
0.0126017
0.0107167
0.00904827
0.00757236
0.00626558
0.00510501
0.00406832
0.00313378
0.00228019
0.00148687
0.000733482
0
0
0.000752051
0.00152451
0.00233792
0.00321312
0.00417132
0.00523425
0.0064242
0.00776406
0.00927734
0.0109881
0.0129207
0.0151001
0.0175511
0.0202983
0.023366
0.0267773
0.0305542
0.0347167
0.0392825
0.0442666
0.0496802
0.0555307
0.0618207
0.0685478
0.0757037
0.0832742
0.0912386
0.0995694
0.108232
0.117185
0.126381
0.135763
0.145272
0.154839
0.164393
0.173858
0.183154
0.192198
0.200909
0.209202
0.216996
0.224213
0.230777
0.23662
0.241677
0.245895
0.249225
0.251631
0.253086
0.253572
0.253086
0.251631
0.249225
0.245895
0.241677
0.23662
0.230777
0.224213
0.216996
0.209202
0.200909
0.192198
0.183154
0.173858
0.164393
0.154839
0.145272
0.135763
0.126381
0.117185
0.108232
0.0995694
0.0912386
0.0832742
0.0757037
0.0685478
0.0618207
0.0555307
0.0496802
0.0442666
0.0392825
0.0347167
0.0305542
0.0267773
0.023366
0.0202983
0.0175511
0.0151001
0.0129207
0.0109881
0.00927734
0.00776406
0.0064242
0.00523425
0.00417132
0.00321312
0.00233792
0.00152451
0.000752051
0
0
0.000768126
0.00155709
0.00238789
0.0032818
0.00426048
0.00534613
0.00656151
0.00793002
0.00947563
0.0112229
0.0131969
0.0154229
0.0179262
0.0207322
0.0238654
0.0273496
0.0312072
0.0354587
0.0401222
0.0452128
0.0507421
0.0567176
0.0631421
0.0700129
0.0773218
0.0850542
0.0931888
0.101698
0.110545
0.11969
0.129082
0.138665
0.148377
0.158149
0.167907
0.177574
0.187069
0.196307
0.205203
0.213673
0.221634
0.229005
0.23571
0.241677
0.246843
0.25115
0.254552
0.257009
0.258495
0.258992
0.258495
0.257009
0.254552
0.25115
0.246843
0.241677
0.23571
0.229005
0.221634
0.213673
0.205203
0.196307
0.187069
0.177574
0.167907
0.158149
0.148377
0.138665
0.129082
0.11969
0.110545
0.101698
0.0931888
0.0850542
0.0773218
0.0700129
0.0631421
0.0567176
0.0507421
0.0452128
0.0401222
0.0354587
0.0312072
0.0273496
0.0238654
0.0207322
0.0179262
0.0154229
0.0131969
0.0112229
0.00947563
0.00793002
0.00656151
0.00534613
0.00426048
0.0032818
0.00238789
0.00155709
0.000768126
0
0
0.00078153
0.00158427
0.00242956
0.00333906
0.00433483
0.00543942
0.00667602
0.0080684
0.00964099
0.0114188
0.0134272
0.015692
0.0182391
0.021094
0.0242819
0.0278269
0.0317518
0.0360775
0.0408223
0.0460018
0.0516276
0.0577074
0.064244
0.0712347
0.0786711
0.0865384
0.094815
0.103472
0.112475
0.121779
0.131334
0.141085
0.150966
0.160908
0.170837
0.180673
0.190333
0.199732
0.208784
0.217402
0.225502
0.233001
0.239823
0.245895
0.25115
0.255533
0.258994
0.261494
0.263006
0.263512
0.263006
0.261494
0.258994
0.255533
0.25115
0.245895
0.239823
0.233001
0.225502
0.217402
0.208784
0.199732
0.190333
0.180673
0.170837
0.160908
0.150966
0.141085
0.131334
0.121779
0.112475
0.103472
0.094815
0.0865384
0.0786711
0.0712347
0.064244
0.0577074
0.0516276
0.0460018
0.0408223
0.0360775
0.0317518
0.0278269
0.0242819
0.021094
0.0182391
0.015692
0.0134272
0.0114188
0.00964099
0.0080684
0.00667602
0.00543942
0.00433483
0.00333906
0.00242956
0.00158427
0.00078153
0
0
0.000792115
0.00160572
0.00246247
0.00338429
0.00439354
0.00551309
0.00676643
0.00817768
0.00977157
0.0115734
0.013609
0.0159045
0.0184861
0.0213797
0.0246108
0.0282038
0.0321819
0.0365661
0.0413752
0.0466248
0.0523268
0.058489
0.0651141
0.0721995
0.0797366
0.0877105
0.0960992
0.104874
0.113998
0.123428
0.133113
0.142996
0.153011
0.163088
0.173151
0.18312
0.192911
0.202437
0.211612
0.220346
0.228556
0.236157
0.243071
0.249225
0.254552
0.258994
0.262502
0.265036
0.266568
0.267081
0.266568
0.265036
0.262502
0.258994
0.254552
0.249225
0.243071
0.236157
0.228556
0.220346
0.211612
0.202437
0.192911
0.18312
0.173151
0.163088
0.153011
0.142996
0.133113
0.123428
0.113998
0.104874
0.0960992
0.0877105
0.0797366
0.0721995
0.0651141
0.058489
0.0523268
0.0466248
0.0413752
0.0365661
0.0321819
0.0282038
0.0246108
0.0213797
0.0184861
0.0159045
0.013609
0.0115734
0.00977157
0.00817768
0.00676643
0.00551309
0.00439354
0.00338429
0.00246247
0.00160572
0.000792115
0
0
0.000799762
0.00162123
0.00248624
0.00341696
0.00443595
0.00556632
0.00683176
0.00825663
0.0098659
0.0116852
0.0137404
0.0160581
0.0186646
0.0215861
0.0248484
0.0284761
0.0324926
0.0369191
0.0417747
0.0470749
0.052832
0.0590537
0.0657427
0.0728965
0.0805064
0.0885573
0.0970269
0.105886
0.115098
0.12462
0.134398
0.144376
0.154488
0.164662
0.174823
0.184888
0.194773
0.204392
0.213655
0.222474
0.230763
0.238437
0.245418
0.251631
0.257009
0.261494
0.265036
0.267595
0.269142
0.269659
0.269142
0.267595
0.265036
0.261494
0.257009
0.251631
0.245418
0.238437
0.230763
0.222474
0.213655
0.204392
0.194773
0.184888
0.174823
0.164662
0.154488
0.144376
0.134398
0.12462
0.115098
0.105886
0.0970269
0.0885573
0.0805064
0.0728965
0.0657427
0.0590537
0.052832
0.0470749
0.0417747
0.0369191
0.0324926
0.0284761
0.0248484
0.0215861
0.0186646
0.0160581
0.0137404
0.0116852
0.0098659
0.00825663
0.00683176
0.00556632
0.00443595
0.00341696
0.00248624
0.00162123
0.000799762
0
0
0.000804385
0.0016306
0.00250062
0.00343671
0.0044616
0.0055985
0.00687125
0.00830436
0.00992294
0.0117527
0.0138199
0.0161509
0.0187725
0.0217109
0.024992
0.0286407
0.0326804
0.0371326
0.0420162
0.0473471
0.0531374
0.059395
0.0661228
0.0733179
0.0809718
0.0890692
0.0975878
0.106498
0.115764
0.12534
0.135175
0.145211
0.155381
0.165614
0.175833
0.185957
0.195899
0.205573
0.21489
0.22376
0.232097
0.239815
0.246837
0.253086
0.258495
0.263006
0.266568
0.269142
0.270698
0.271218
0.270698
0.269142
0.266568
0.263006
0.258495
0.253086
0.246837
0.239815
0.232097
0.22376
0.21489
0.205573
0.195899
0.185957
0.175833
0.165614
0.155381
0.145211
0.135175
0.12534
0.115764
0.106498
0.0975878
0.0890692
0.0809718
0.0733179
0.0661228
0.059395
0.0531374
0.0473471
0.0420162
0.0371326
0.0326804
0.0286407
0.024992
0.0217109
0.0187725
0.0161509
0.0138199
0.0117527
0.00992294
0.00830436
0.00687125
0.0055985
0.0044616
0.00343671
0.00250062
0.0016306
0.000804385
0
0
0.000805932
0.00163373
0.00250542
0.00344332
0.00447018
0.00560926
0.00688447
0.00832033
0.00994202
0.0117753
0.0138464
0.016182
0.0188086
0.0217526
0.0250401
0.0286958
0.0327432
0.037204
0.042097
0.0474381
0.0532396
0.0595093
0.0662499
0.0734589
0.0811276
0.0892405
0.0977755
0.106703
0.115986
0.125581
0.135435
0.14549
0.15568
0.165933
0.176172
0.186315
0.196276
0.205969
0.215303
0.22419
0.232543
0.240277
0.247311
0.253572
0.258992
0.263512
0.267081
0.269659
0.271218
0.27174
0.271218
0.269659
0.267081
0.263512
0.258992
0.253572
0.247311
0.240277
0.232543
0.22419
0.215303
0.205969
0.196276
0.186315
0.176172
0.165933
0.15568
0.14549
0.135435
0.125581
0.115986
0.106703
0.0977755
0.0892405
0.0811276
0.0734589
0.0662499
0.0595093
0.0532396
0.0474381
0.042097
0.037204
0.0327432
0.0286958
0.0250401
0.0217526
0.0188086
0.016182
0.0138464
0.0117753
0.00994202
0.00832033
0.00688447
0.00560926
0.00447018
0.00344332
0.00250542
0.00163373
0.000805932
0
0
0.000804385
0.0016306
0.00250062
0.00343671
0.0044616
0.0055985
0.00687125
0.00830436
0.00992294
0.0117527
0.0138199
0.0161509
0.0187725
0.0217109
0.024992
0.0286407
0.0326804
0.0371326
0.0420162
0.0473471
0.0531374
0.059395
0.0661228
0.0733179
0.0809718
0.0890692
0.0975878
0.106498
0.115764
0.12534
0.135175
0.145211
0.155381
0.165614
0.175833
0.185957
0.195899
0.205573
0.21489
0.22376
0.232097
0.239815
0.246837
0.253086
0.258495
0.263006
0.266568
0.269142
0.270698
0.271218
0.270698
0.269142
0.266568
0.263006
0.258495
0.253086
0.246837
0.239815
0.232097
0.22376
0.21489
0.205573
0.195899
0.185957
0.175833
0.165614
0.155381
0.145211
0.135175
0.12534
0.115764
0.106498
0.0975878
0.0890692
0.0809718
0.0733179
0.0661228
0.059395
0.0531374
0.0473471
0.0420162
0.0371326
0.0326804
0.0286407
0.024992
0.0217109
0.0187725
0.0161509
0.0138199
0.0117527
0.00992294
0.00830436
0.00687125
0.0055985
0.0044616
0.00343671
0.00250062
0.0016306
0.000804385
0
0
0.000799762
0.00162123
0.00248624
0.00341696
0.00443595
0.00556632
0.00683176
0.00825663
0.0098659
0.0116852
0.0137404
0.0160581
0.0186646
0.0215861
0.0248484
0.0284761
0.0324926
0.0369191
0.0417747
0.0470749
0.052832
0.0590537
0.0657427
0.0728965
0.0805064
0.0885573
0.0970269
0.105886
0.115098
0.12462
0.134398
0.144376
0.154488
0.164662
0.174823
0.184888
0.194773
0.204392
0.213655
0.222474
0.230763
0.238437
0.245418
0.251631
0.257009
0.261494
0.265036
0.267595
0.269142
0.269659
0.269142
0.267595
0.265036
0.261494
0.257009
0.251631
0.245418
0.238437
0.230763
0.222474
0.213655
0.204392
0.194773
0.184888
0.174823
0.164662
0.154488
0.144376
0.134398
0.12462
0.115098
0.105886
0.0970269
0.0885573
0.0805064
0.0728965
0.0657427
0.0590537
0.052832
0.0470749
0.0417747
0.0369191
0.0324926
0.0284761
0.0248484
0.0215861
0.0186646
0.0160581
0.0137404
0.0116852
0.0098659
0.00825663
0.00683176
0.00556632
0.00443595
0.00341696
0.00248624
0.00162123
0.000799762
0
0
0.000792115
0.00160572
0.00246247
0.00338429
0.00439354
0.00551309
0.00676643
0.00817768
0.00977157
0.0115734
0.013609
0.0159045
0.0184861
0.0213797
0.0246108
0.0282038
0.0321819
0.0365661
0.0413752
0.0466248
0.0523268
0.058489
0.0651141
0.0721995
0.0797366
0.0877105
0.0960992
0.104874
0.113998
0.123428
0.133113
0.142996
0.153011
0.163088
0.173151
0.18312
0.192911
0.202437
0.211612
0.220346
0.228556
0.236157
0.243071
0.249225
0.254552
0.258994
0.262502
0.265036
0.266568
0.267081
0.266568
0.265036
0.262502
0.258994
0.254552
0.249225
0.243071
0.236157
0.228556
0.220346
0.211612
0.202437
0.192911
0.18312
0.173151
0.163088
0.153011
0.142996
0.133113
0.123428
0.113998
0.104874
0.0960992
0.0877105
0.0797366
0.0721995
0.0651141
0.058489
0.0523268
0.0466248
0.0413752
0.0365661
0.0321819
0.0282038
0.0246108
0.0213797
0.0184861
0.0159045
0.013609
0.0115734
0.00977157
0.00817768
0.00676643
0.00551309
0.00439354
0.00338429
0.00246247
0.00160572
0.000792115
0
0
0.00078153
0.00158427
0.00242956
0.00333906
0.00433483
0.00543942
0.00667602
0.0080684
0.00964099
0.0114188
0.0134272
0.015692
0.0182391
0.021094
0.0242819
0.0278269
0.0317518
0.0360775
0.0408223
0.0460018
0.0516276
0.0577074
0.064244
0.0712347
0.0786711
0.0865384
0.094815
0.103472
0.112475
0.121779
0.131334
0.141085
0.150966
0.160908
0.170837
0.180673
0.190333
0.199732
0.208784
0.217402
0.225502
0.233001
0.239823
0.245895
0.25115
0.255533
0.258994
0.261494
0.263006
0.263512
0.263006
0.261494
0.258994
0.255533
0.25115
0.245895
0.239823
0.233001
0.225502
0.217402
0.208784
0.199732
0.190333
0.180673
0.170837
0.160908
0.150966
0.141085
0.131334
0.121779
0.112475
0.103472
0.094815
0.0865384
0.0786711
0.0712347
0.064244
0.0577074
0.0516276
0.0460018
0.0408223
0.0360775
0.0317518
0.0278269
0.0242819
0.021094
0.0182391
0.015692
0.0134272
0.0114188
0.00964099
0.0080684
0.00667602
0.00543942
0.00433483
0.00333906
0.00242956
0.00158427
0.00078153
0
0
0.000768126
0.00155709
0.00238789
0.0032818
0.00426048
0.00534613
0.00656151
0.00793002
0.00947563
0.0112229
0.0131969
0.0154229
0.0179262
0.0207322
0.0238654
0.0273496
0.0312072
0.0354587
0.0401222
0.0452128
0.0507421
0.0567176
0.0631421
0.0700129
0.0773218
0.0850542
0.0931888
0.101698
0.110545
0.11969
0.129082
0.138665
0.148377
0.158149
0.167907
0.177574
0.187069
0.196307
0.205203
0.213673
0.221634
0.229005
0.23571
0.241677
0.246843
0.25115
0.254552
0.257009
0.258495
0.258992
0.258495
0.257009
0.254552
0.25115
0.246843
0.241677
0.23571
0.229005
0.221634
0.213673
0.205203
0.196307
0.187069
0.177574
0.167907
0.158149
0.148377
0.138665
0.129082
0.11969
0.110545
0.101698
0.0931888
0.0850542
0.0773218
0.0700129
0.0631421
0.0567176
0.0507421
0.0452128
0.0401222
0.0354587
0.0312072
0.0273496
0.0238654
0.0207322
0.0179262
0.0154229
0.0131969
0.0112229
0.00947563
0.00793002
0.00656151
0.00534613
0.00426048
0.0032818
0.00238789
0.00155709
0.000768126
0
0
0.000752051
0.00152451
0.00233792
0.00321312
0.00417132
0.00523425
0.0064242
0.00776406
0.00927734
0.0109881
0.0129207
0.0151001
0.0175511
0.0202983
0.023366
0.0267773
0.0305542
0.0347167
0.0392825
0.0442666
0.0496802
0.0555307
0.0618207
0.0685478
0.0757037
0.0832742
0.0912386
0.0995694
0.108232
0.117185
0.126381
0.135763
0.145272
0.154839
0.164393
0.173858
0.183154
0.192198
0.200909
0.209202
0.216996
0.224213
0.230777
0.23662
0.241677
0.245895
0.249225
0.251631
0.253086
0.253572
0.253086
0.251631
0.249225
0.245895
0.241677
0.23662
0.230777
0.224213
0.216996
0.209202
0.200909
0.192198
0.183154
0.173858
0.164393
0.154839
0.145272
0.135763
0.126381
0.117185
0.108232
0.0995694
0.0912386
0.0832742
0.0757037
0.0685478
0.0618207
0.0555307
0.0496802
0.0442666
0.0392825
0.0347167
0.0305542
0.0267773
0.023366
0.0202983
0.0175511
0.0151001
0.0129207
0.0109881
0.00927734
0.00776406
0.0064242
0.00523425
0.00417132
0.00321312
0.00233792
0.00152451
0.000752051
0
0
0.000733482
0.00148687
0.00228019
0.00313378
0.00406832
0.00510501
0.00626558
0.00757236
0.00904827
0.0107167
0.0126017
0.0147273
0.0171177
0.0197971
0.022789
0.0261161
0.0297997
0.0338595
0.0383126
0.0431736
0.0484536
0.0541596
0.0602943
0.0668552
0.0738345
0.0812181
0.0889858
0.0971109
0.10556
0.114292
0.12326
0.132411
0.141685
0.151016
0.160334
0.169565
0.178632
0.187453
0.195948
0.204036
0.211638
0.218677
0.225079
0.230777
0.23571
0.239823
0.243071
0.245418
0.246837
0.247311
0.246837
0.245418
0.243071
0.239823
0.23571
0.230777
0.225079
0.218677
0.211638
0.204036
0.195948
0.187453
0.178632
0.169565
0.160334
0.151016
0.141685
0.132411
0.12326
0.114292
0.10556
0.0971109
0.0889858
0.0812181
0.0738345
0.0668552
0.0602943
0.0541596
0.0484536
0.0431736
0.0383126
0.0338595
0.0297997
0.0261161
0.022789
0.0197971
0.0171177
0.0147273
0.0126017
0.0107167
0.00904827
0.00757236
0.00626558
0.00510501
0.00406832
0.00313378
0.00228019
0.00148687
0.000733482
0
0
0.000712618
0.00144457
0.00221534
0.00304464
0.0039526
0.0049598
0.00608736
0.00735697
0.00879089
0.0104119
0.0122432
0.0143084
0.0166308
0.019234
0.0221408
0.0253733
0.0289521
0.0328963
0.0372228
0.0419455
0.0470753
0.052619
0.0585792
0.0649535
0.0717343
0.0789079
0.0864547
0.0943486
0.102557
0.111041
0.119754
0.128645
0.137654
0.14672
0.155774
0.164742
0.17355
0.182121
0.190374
0.198232
0.205618
0.212456
0.218677
0.224213
0.229005
0.233001
0.236157
0.238437
0.239815
0.240277
0.239815
0.238437
0.236157
0.233001
0.229005
0.224213
0.218677
0.212456
0.205618
0.198232
0.190374
0.182121
0.17355
0.164742
0.155774
0.14672
0.137654
0.128645
0.119754
0.111041
0.102557
0.0943486
0.0864547
0.0789079
0.0717343
0.0649535
0.0585792
0.052619
0.0470753
0.0419455
0.0372228
0.0328963
0.0289521
0.0253733
0.0221408
0.019234
0.0166308
0.0143084
0.0122432
0.0104119
0.00879089
0.00735697
0.00608736
0.0049598
0.0039526
0.00304464
0.00221534
0.00144457
0.000712618
0
0
0.000689681
0.00139808
0.00214403
0.00294664
0.00382538
0.00480016
0.00589142
0.00712017
0.00850794
0.0100768
0.0118492
0.0138478
0.0160955
0.0186149
0.0214282
0.0245566
0.0280202
0.0318375
0.0360247
0.0405954
0.0455601
0.0509254
0.0566937
0.0628629
0.0694254
0.0763681
0.0836719
0.0913118
0.099256
0.107467
0.115899
0.124504
0.133224
0.141998
0.15076
0.15944
0.167964
0.176259
0.184247
0.191852
0.199
0.205618
0.211638
0.216996
0.221634
0.225502
0.228556
0.230763
0.232097
0.232543
0.232097
0.230763
0.228556
0.225502
0.221634
0.216996
0.211638
0.205618
0.199
0.191852
0.184247
0.176259
0.167964
0.15944
0.15076
0.141998
0.133224
0.124504
0.115899
0.107467
0.099256
0.0913118
0.0836719
0.0763681
0.0694254
0.0628629
0.0566937
0.0509254
0.0455601
0.0405954
0.0360247
0.0318375
0.0280202
0.0245566
0.0214282
0.0186149
0.0160955
0.0138478
0.0118492
0.0100768
0.00850794
0.00712017
0.00589142
0.00480016
0.00382538
0.00294664
0.00214403
0.00139808
0.000689681
0
0
0.000664908
0.00134786
0.00206702
0.0028408
0.00368797
0.00462774
0.00567981
0.00686442
0.00820234
0.00971484
0.0114236
0.0133504
0.0155174
0.0179463
0.0206585
0.0236745
0.0270137
0.0306939
0.0347307
0.0391373
0.0439236
0.0490962
0.0546574
0.0606049
0.0669317
0.073625
0.0806665
0.088032
0.0956909
0.103607
0.111736
0.120032
0.128439
0.136897
0.145345
0.153713
0.161931
0.169928
0.177629
0.184961
0.191852
0.198232
0.204036
0.209202
0.213673
0.217402
0.220346
0.222474
0.22376
0.22419
0.22376
0.222474
0.220346
0.217402
0.213673
0.209202
0.204036
0.198232
0.191852
0.184961
0.177629
0.169928
0.161931
0.153713
0.145345
0.136897
0.128439
0.120032
0.111736
0.103607
0.0956909
0.088032
0.0806665
0.073625
0.0669317
0.0606049
0.0546574
0.0490962
0.0439236
0.0391373
0.0347307
0.0306939
0.0270137
0.0236745
0.0206585
0.0179463
0.0155174
0.0133504
0.0114236
0.00971484
0.00820234
0.00686442
0.00567981
0.00462774
0.00368797
0.0028408
0.00206702
0.00134786
0.000664908
0
0
0.000638551
0.00129443
0.00198508
0.00272819
0.00354178
0.00444429
0.00545465
0.0065923
0.00787719
0.00932973
0.0109707
0.0128212
0.0149023
0.0172349
0.0198396
0.022736
0.0259429
0.0294772
0.033354
0.0375858
0.0421824
0.04715
0.0524907
0.0582025
0.0642784
0.0707064
0.0774688
0.0845423
0.0918975
0.0994995
0.107307
0.115274
0.123347
0.131471
0.139583
0.147619
0.155512
0.163192
0.170587
0.177629
0.184247
0.190374
0.195948
0.200909
0.205203
0.208784
0.211612
0.213655
0.21489
0.215303
0.21489
0.213655
0.211612
0.208784
0.205203
0.200909
0.195948
0.190374
0.184247
0.177629
0.170587
0.163192
0.155512
0.147619
0.139583
0.131471
0.123347
0.115274
0.107307
0.0994995
0.0918975
0.0845423
0.0774688
0.0707064
0.0642784
0.0582025
0.0524907
0.04715
0.0421824
0.0375858
0.033354
0.0294772
0.0259429
0.022736
0.0198396
0.0172349
0.0149023
0.0128212
0.0109707
0.00932973
0.00787719
0.0065923
0.00545465
0.00444429
0.00354178
0.00272819
0.00198508
0.00129443
0.000638551
0
0
0.000610867
0.00123831
0.00189902
0.00260991
0.00338823
0.00425161
0.00521817
0.0063065
0.00753568
0.00892525
0.0104951
0.0122653
0.0142562
0.0164877
0.0189794
0.0217503
0.0248182
0.0281992
0.0319079
0.0359563
0.0403536
0.0451058
0.050215
0.0556791
0.0614917
0.067641
0.0741102
0.080877
0.0879134
0.0951857
0.102655
0.110276
0.117999
0.125771
0.133531
0.141219
0.14877
0.156117
0.163192
0.169928
0.176259
0.182121
0.187453
0.192198
0.196307
0.199732
0.202437
0.204392
0.205573
0.205969
0.205573
0.204392
0.202437
0.199732
0.196307
0.192198
0.187453
0.182121
0.176259
0.169928
0.163192
0.156117
0.14877
0.141219
0.133531
0.125771
0.117999
0.110276
0.102655
0.0951857
0.0879134
0.080877
0.0741102
0.067641
0.0614917
0.0556791
0.050215
0.0451058
0.0403536
0.0359563
0.0319079
0.0281992
0.0248182
0.0217503
0.0189794
0.0164877
0.0142562
0.0122653
0.0104951
0.00892525
0.00753568
0.0063065
0.00521817
0.00425161
0.00338823
0.00260991
0.00189902
0.00123831
0.000610867
0
0
0.00058212
0.00118004
0.00180965
0.00248709
0.00322878
0.00405154
0.00497261
0.00600973
0.00718107
0.00850524
0.0100012
0.0116882
0.0135853
0.0157118
0.0180863
0.0207268
0.0236503
0.0268722
0.0304064
0.0342643
0.0384547
0.0429832
0.0478519
0.053059
0.058598
0.0644579
0.0706227
0.0770711
0.0837764
0.0907065
0.0978241
0.105087
0.112447
0.119852
0.127248
0.134574
0.141769
0.14877
0.155512
0.161931
0.167964
0.17355
0.178632
0.183154
0.187069
0.190333
0.192911
0.194773
0.195899
0.196276
0.195899
0.194773
0.192911
0.190333
0.187069
0.183154
0.178632
0.17355
0.167964
0.161931
0.155512
0.14877
0.141769
0.134574
0.127248
0.119852
0.112447
0.105087
0.0978241
0.0907065
0.0837764
0.0770711
0.0706227
0.0644579
0.058598
0.053059
0.0478519
0.0429832
0.0384547
0.0342643
0.0304064
0.0268722
0.0236503
0.0207268
0.0180863
0.0157118
0.0135853
0.0116882
0.0100012
0.00850524
0.00718107
0.00600973
0.00497261
0.00405154
0.00322878
0.00248709
0.00180965
0.00118004
0.00058212
0
0
0.000552576
0.00112015
0.00171781
0.00236087
0.00306491
0.00384591
0.00472024
0.00570471
0.0068166
0.00807357
0.00949362
0.0110949
0.0128958
0.0149144
0.0171684
0.0196748
0.0224499
0.0255084
0.0288632
0.0325253
0.036503
0.0408017
0.0454233
0.0503661
0.0556239
0.0611865
0.0670384
0.0731595
0.0795244
0.0861028
0.0928592
0.0997531
0.10674
0.113769
0.12079
0.127744
0.134574
0.141219
0.147619
0.153713
0.15944
0.164742
0.169565
0.173858
0.177574
0.180673
0.18312
0.184888
0.185957
0.186315
0.185957
0.184888
0.18312
0.180673
0.177574
0.173858
0.169565
0.164742
0.15944
0.153713
0.147619
0.141219
0.134574
0.127744
0.12079
0.113769
0.10674
0.0997531
0.0928592
0.0861028
0.0795244
0.0731595
0.0670384
0.0611865
0.0556239
0.0503661
0.0454233
0.0408017
0.036503
0.0325253
0.0288632
0.0255084
0.0224499
0.0196748
0.0171684
0.0149144
0.0128958
0.0110949
0.00949362
0.00807357
0.0068166
0.00570471
0.00472024
0.00384591
0.00306491
0.00236087
0.00171781
0.00112015
0.000552576
0
0
0.000522494
0.00105917
0.00162429
0.00223234
0.00289806
0.00363654
0.00446327
0.00539415
0.00644551
0.00763405
0.00897678
0.0104909
0.0121938
0.0141024
0.0162337
0.0186037
0.0212278
0.0241197
0.0272919
0.0307546
0.0345158
0.0385804
0.0429505
0.0476241
0.0525958
0.0578555
0.0633888
0.0691767
0.0751951
0.0814154
0.0878039
0.0943225
0.100929
0.107576
0.114214
0.12079
0.127248
0.133531
0.139583
0.145345
0.15076
0.155774
0.160334
0.164393
0.167907
0.170837
0.173151
0.174823
0.175833
0.176172
0.175833
0.174823
0.173151
0.170837
0.167907
0.164393
0.160334
0.155774
0.15076
0.145345
0.139583
0.133531
0.127248
0.12079
0.114214
0.107576
0.100929
0.0943225
0.0878039
0.0814154
0.0751951
0.0691767
0.0633888
0.0578555
0.0525958
0.0476241
0.0429505
0.0385804
0.0345158
0.0307546
0.0272919
0.0241197
0.0212278
0.0186037
0.0162337
0.0141024
0.0121938
0.0104909
0.00897678
0.00763405
0.00644551
0.00539415
0.00446327
0.00363654
0.00289806
0.00223234
0.00162429
0.00105917
0.000522494
0
0
0.000492127
0.000997608
0.00152989
0.0021026
0.00272963
0.00342519
0.00420387
0.00508065
0.0060709
0.00719037
0.00845506
0.00988121
0.0114851
0.0132828
0.0152902
0.0175225
0.019994
0.0227179
0.0257057
0.0289672
0.0325097
0.0363382
0.0404542
0.0448563
0.049539
0.054493
0.0597047
0.0651562
0.0708249
0.0766836
0.0827009
0.0888406
0.0950628
0.101324
0.107576
0.113769
0.119852
0.125771
0.131471
0.136897
0.141998
0.14672
0.151016
0.154839
0.158149
0.160908
0.163088
0.164662
0.165614
0.165933
0.165614
0.164662
0.163088
0.160908
0.158149
0.154839
0.151016
0.14672
0.141998
0.136897
0.131471
0.125771
0.119852
0.113769
0.107576
0.101324
0.0950628
0.0888406
0.0827009
0.0766836
0.0708249
0.0651562
0.0597047
0.054493
0.049539
0.0448563
0.0404542
0.0363382
0.0325097
0.0289672
0.0257057
0.0227179
0.019994
0.0175225
0.0152902
0.0132828
0.0114851
0.00988121
0.00845506
0.00719037
0.0060709
0.00508065
0.00420387
0.00342519
0.00272963
0.0021026
0.00152989
0.000997608
0.000492127
0
0
0.000461719
0.000935966
0.00143536
0.00197268
0.00256096
0.00321355
0.00394411
0.00476671
0.00569578
0.00674607
0.00793263
0.00927065
0.0107754
0.0124621
0.0143454
0.0164398
0.0187586
0.0213141
0.0241173
0.0271773
0.030501
0.0340928
0.0379546
0.0420846
0.046478
0.0511259
0.0560156
0.0611302
0.0664486
0.0719454
0.0775908
0.0833512
0.0891889
0.0950628
0.100929
0.10674
0.112447
0.117999
0.123347
0.128439
0.133224
0.137654
0.141685
0.145272
0.148377
0.150966
0.153011
0.154488
0.155381
0.15568
0.155381
0.154488
0.153011
0.150966
0.148377
0.145272
0.141685
0.137654
0.133224
0.128439
0.123347
0.117999
0.112447
0.10674
0.100929
0.0950628
0.0891889
0.0833512
0.0775908
0.0719454
0.0664486
0.0611302
0.0560156
0.0511259
0.046478
0.0420846
0.0379546
0.0340928
0.030501
0.0271773
0.0241173
0.0213141
0.0187586
0.0164398
0.0143454
0.0124621
0.0107754
0.00927065
0.00793263
0.00674607
0.00569578
0.00476671
0.00394411
0.00321355
0.00256096
0.00197268
0.00143536
0.000935966
0.000461719
0
0
0.000431497
0.000874703
0.00134141
0.00184356
0.00239334
0.00300321
0.00368596
0.00445472
0.00532297
0.00630452
0.00741341
0.00866386
0.0100701
0.0116464
0.0134065
0.0153638
0.0175308
0.0199191
0.0225388
0.0253985
0.0285046
0.0318614
0.0354703
0.03933
0.0434358
0.0477795
0.0523492
0.057129
0.0620993
0.0672363
0.0725122
0.0778955
0.0833512
0.0888406
0.0943225
0.0997531
0.105087
0.110276
0.115274
0.120032
0.124504
0.128645
0.132411
0.135763
0.138665
0.141085
0.142996
0.144376
0.145211
0.14549
0.145211
0.144376
0.142996
0.141085
0.138665
0.135763
0.132411
0.128645
0.124504
0.120032
0.115274
0.110276
0.105087
0.0997531
0.0943225
0.0888406
0.0833512
0.0778955
0.0725122
0.0672363
0.0620993
0.057129
0.0523492
0.0477795
0.0434358
0.03933
0.0354703
0.0318614
0.0285046
0.0253985
0.0225388
0.0199191
0.0175308
0.0153638
0.0134065
0.0116464
0.0100701
0.00866386
0.00741341
0.00630452
0.00532297
0.00445472
0.00368596
0.00300321
0.00239334
0.00184356
0.00134141
0.000874703
0.000431497
0
0
0.000401677
0.000814253
0.0012487
0.00171615
0.00222794
0.00279566
0.00343122
0.00414685
0.0049551
0.00586882
0.00690107
0.0080651
0.00937419
0.0108415
0.01248
0.014302
0.0163192
0.0185425
0.0209811
0.0236432
0.0265346
0.0296594
0.033019
0.0366119
0.040434
0.0444775
0.0487313
0.0531809
0.0578077
0.0625896
0.0675009
0.0725122
0.0775908
0.0827009
0.0878039
0.0928592
0.0978241
0.102655
0.107307
0.111736
0.115899
0.119754
0.12326
0.126381
0.129082
0.131334
0.133113
0.134398
0.135175
0.135435
0.135175
0.134398
0.133113
0.131334
0.129082
0.126381
0.12326
0.119754
0.115899
0.111736
0.107307
0.102655
0.0978241
0.0928592
0.0878039
0.0827009
0.0775908
0.0725122
0.0675009
0.0625896
0.0578077
0.0531809
0.0487313
0.0444775
0.040434
0.0366119
0.033019
0.0296594
0.0265346
0.0236432
0.0209811
0.0185425
0.0163192
0.014302
0.01248
0.0108415
0.00937419
0.0080651
0.00690107
0.00586882
0.0049551
0.00414685
0.00343122
0.00279566
0.00222794
0.00171615
0.0012487
0.000814253
0.000401677
0
0
0.000372451
0.000755009
0.00115785
0.00159129
0.00206583
0.00259225
0.00318157
0.00384513
0.00459458
0.00544181
0.00639895
0.00747829
0.00869213
0.0100527
0.0115719
0.0132614
0.0151319
0.0171933
0.0194546
0.0219229
0.024604
0.0275014
0.0306165
0.0339481
0.037492
0.0412413
0.0451857
0.0493115
0.0536016
0.0580356
0.0625896
0.0672363
0.0719454
0.0766836
0.0814154
0.0861028
0.0907065
0.0951857
0.0994995
0.103607
0.107467
0.111041
0.114292
0.117185
0.11969
0.121779
0.123428
0.12462
0.12534
0.125581
0.12534
0.12462
0.123428
0.121779
0.11969
0.117185
0.114292
0.111041
0.107467
0.103607
0.0994995
0.0951857
0.0907065
0.0861028
0.0814154
0.0766836
0.0719454
0.0672363
0.0625896
0.0580356
0.0536016
0.0493115
0.0451857
0.0412413
0.037492
0.0339481
0.0306165
0.0275014
0.024604
0.0219229
0.0194546
0.0171933
0.0151319
0.0132614
0.0115719
0.0100527
0.00869213
0.00747829
0.00639895
0.00544181
0.00459458
0.00384513
0.00318157
0.00259225
0.00206583
0.00159129
0.00115785
0.000755009
0.000372451
0
0
0.000343995
0.000697325
0.00106939
0.00146971
0.001908
0.0023942
0.00293849
0.00355136
0.00424354
0.00502604
0.00591006
0.00690694
0.00802804
0.00928465
0.0106878
0.0122482
0.0139758
0.0158797
0.0179682
0.020248
0.0227242
0.0254003
0.0282774
0.0313544
0.0346276
0.0380904
0.0417334
0.045544
0.0495064
0.0536016
0.0578077
0.0620993
0.0664486
0.0708249
0.0751951
0.0795244
0.0837764
0.0879134
0.0918975
0.0956909
0.099256
0.102557
0.10556
0.108232
0.110545
0.112475
0.113998
0.115098
0.115764
0.115986
0.115764
0.115098
0.113998
0.112475
0.110545
0.108232
0.10556
0.102557
0.099256
0.0956909
0.0918975
0.0879134
0.0837764
0.0795244
0.0751951
0.0708249
0.0664486
0.0620993
0.0578077
0.0536016
0.0495064
0.045544
0.0417334
0.0380904
0.0346276
0.0313544
0.0282774
0.0254003
0.0227242
0.020248
0.0179682
0.0158797
0.0139758
0.0122482
0.0106878
0.00928465
0.00802804
0.00690694
0.00591006
0.00502604
0.00424354
0.00355136
0.00293849
0.0023942
0.001908
0.00146971
0.00106939
0.000697325
0.000343995
0
0
0.000316463
0.000641512
0.000983796
0.00135208
0.00175529
0.00220257
0.0027033
0.00326711
0.0039039
0.00462377
0.00543704
0.00635412
0.00738549
0.00854153
0.00983239
0.0112679
0.0128572
0.0146088
0.0165301
0.0186274
0.0209054
0.0233673
0.0260141
0.0288449
0.0318561
0.0350418
0.0383932
0.0418987
0.045544
0.0493115
0.0531809
0.057129
0.0611302
0.0651562
0.0691767
0.0731595
0.0770711
0.080877
0.0845423
0.088032
0.0913118
0.0943486
0.0971109
0.0995694
0.101698
0.103472
0.104874
0.105886
0.106498
0.106703
0.106498
0.105886
0.104874
0.103472
0.101698
0.0995694
0.0971109
0.0943486
0.0913118
0.088032
0.0845423
0.080877
0.0770711
0.0731595
0.0691767
0.0651562
0.0611302
0.057129
0.0531809
0.0493115
0.045544
0.0418987
0.0383932
0.0350418
0.0318561
0.0288449
0.0260141
0.0233673
0.0209054
0.0186274
0.0165301
0.0146088
0.0128572
0.0112679
0.00983239
0.00854153
0.00738549
0.00635412
0.00543704
0.00462377
0.0039039
0.00326711
0.0027033
0.00220257
0.00175529
0.00135208
0.000983796
0.000641512
0.000316463
0
0
0.000289985
0.000587838
0.000901484
0.00123895
0.00160843
0.00201829
0.00247712
0.00299376
0.00357727
0.00423691
0.00498213
0.00582249
0.00676757
0.00782688
0.00900974
0.0103251
0.0117814
0.0133865
0.015147
0.0170689
0.0191563
0.0214122
0.0238376
0.0264315
0.0291907
0.0321099
0.0351809
0.0383932
0.0417334
0.0451857
0.0487313
0.0523492
0.0560156
0.0597047
0.0633888
0.0670384
0.0706227
0.0741102
0.0774688
0.0806665
0.0836719
0.0864547
0.0889858
0.0912386
0.0931888
0.094815
0.0960992
0.0970269
0.0975878
0.0977755
0.0975878
0.0970269
0.0960992
0.094815
0.0931888
0.0912386
0.0889858
0.0864547
0.0836719
0.0806665
0.0774688
0.0741102
0.0706227
0.0670384
0.0633888
0.0597047
0.0560156
0.0523492
0.0487313
0.0451857
0.0417334
0.0383932
0.0351809
0.0321099
0.0291907
0.0264315
0.0238376
0.0214122
0.0191563
0.0170689
0.015147
0.0133865
0.0117814
0.0103251
0.00900974
0.00782688
0.00676757
0.00582249
0.00498213
0.00423691
0.00357727
0.00299376
0.00247712
0.00201829
0.00160843
0.00123895
0.000901484
0.000587838
0.000289985
0
0
0.000264672
0.000536525
0.000822792
0.0011308
0.00146802
0.00184211
0.00226089
0.00273243
0.003265
0.00386706
0.00454723
0.00531423
0.00617681
0.00714366
0.00822326
0.00942381
0.010753
0.0122179
0.0138248
0.0155789
0.0174841
0.0195431
0.0217568
0.0241242
0.0266426
0.029307
0.0321099
0.0350418
0.0380904
0.0412413
0.0444775
0.0477795
0.0511259
0.054493
0.0578555
0.0611865
0.0644579
0.067641
0.0707064
0.073625
0.0763681
0.0789079
0.0812181
0.0832742
0.0850542
0.0865384
0.0877105
0.0885573
0.0890692
0.0892405
0.0890692
0.0885573
0.0877105
0.0865384
0.0850542
0.0832742
0.0812181
0.0789079
0.0763681
0.073625
0.0707064
0.067641
0.0644579
0.0611865
0.0578555
0.054493
0.0511259
0.0477795
0.0444775
0.0412413
0.0380904
0.0350418
0.0321099
0.029307
0.0266426
0.0241242
0.0217568
0.0195431
0.0174841
0.0155789
0.0138248
0.0122179
0.010753
0.00942381
0.00822326
0.00714366
0.00617681
0.00531423
0.00454723
0.00386706
0.003265
0.00273243
0.00226089
0.00184211
0.00146802
0.0011308
0.000822792
0.000536525
0.000264672
0
0
0.00024061
0.000487749
0.000747991
0.001028
0.00133457
0.00167464
0.00205535
0.00248402
0.00296818
0.0035155
0.00413384
0.00483111
0.00561527
0.00649422
0.00747568
0.00856708
0.00977545
0.0111072
0.012568
0.0141626
0.0158946
0.0177664
0.0197788
0.0219311
0.0242205
0.0266426
0.0291907
0.0318561
0.0346276
0.037492
0.040434
0.0434358
0.046478
0.049539
0.0525958
0.0556239
0.058598
0.0614917
0.0642784
0.0669317
0.0694254
0.0717343
0.0738345
0.0757037
0.0773218
0.0786711
0.0797366
0.0805064
0.0809718
0.0811276
0.0809718
0.0805064
0.0797366
0.0786711
0.0773218
0.0757037
0.0738345
0.0717343
0.0694254
0.0669317
0.0642784
0.0614917
0.058598
0.0556239
0.0525958
0.049539
0.046478
0.0434358
0.040434
0.037492
0.0346276
0.0318561
0.0291907
0.0266426
0.0242205
0.0219311
0.0197788
0.0177664
0.0158946
0.0141626
0.012568
0.0111072
0.00977545
0.00856708
0.00747568
0.00649422
0.00561527
0.00483111
0.00413384
0.0035155
0.00296818
0.00248402
0.00205535
0.00167464
0.00133457
0.001028
0.000747991
0.000487749
0.00024061
0
0
0.000217866
0.000441644
0.000677287
0.000930827
0.00120841
0.00151634
0.00186107
0.00224922
0.00268761
0.0031832
0.00374308
0.00437445
0.00508448
0.00588035
0.00676903
0.00775728
0.00885142
0.0100573
0.01138
0.0128239
0.0143922
0.016087
0.0179092
0.019858
0.0219311
0.0241242
0.0264315
0.0288449
0.0313544
0.0339481
0.0366119
0.03933
0.0420846
0.0448563
0.0476241
0.0503661
0.053059
0.0556791
0.0582025
0.0606049
0.0628629
0.0649535
0.0668552
0.0685478
0.0700129
0.0712347
0.0721995
0.0728965
0.0733179
0.0734589
0.0733179
0.0728965
0.0721995
0.0712347
0.0700129
0.0685478
0.0668552
0.0649535
0.0628629
0.0606049
0.0582025
0.0556791
0.053059
0.0503661
0.0476241
0.0448563
0.0420846
0.03933
0.0366119
0.0339481
0.0313544
0.0288449
0.0264315
0.0241242
0.0219311
0.019858
0.0179092
0.016087
0.0143922
0.0128239
0.01138
0.0100573
0.00885142
0.00775728
0.00676903
0.00588035
0.00508448
0.00437445
0.00374308
0.0031832
0.00268761
0.00224922
0.00186107
0.00151634
0.00120841
0.000930827
0.000677287
0.000441644
0.000217866
0
0
0.000196486
0.000398303
0.00061082
0.000839479
0.00108982
0.00136753
0.00167843
0.00202849
0.00242386
0.00287081
0.00337575
0.00394515
0.00458551
0.00530327
0.00610474
0.006996
0.00798277
0.00907029
0.0102632
0.0115654
0.0129798
0.0145083
0.0161517
0.0179092
0.0197788
0.0217568
0.0238376
0.0260141
0.0282774
0.0306165
0.033019
0.0354703
0.0379546
0.0404542
0.0429505
0.0454233
0.0478519
0.050215
0.0524907
0.0546574
0.0566937
0.0585792
0.0602943
0.0618207
0.0631421
0.064244
0.0651141
0.0657427
0.0661228
0.0662499
0.0661228
0.0657427
0.0651141
0.064244
0.0631421
0.0618207
0.0602943
0.0585792
0.0566937
0.0546574
0.0524907
0.050215
0.0478519
0.0454233
0.0429505
0.0404542
0.0379546
0.0354703
0.033019
0.0306165
0.0282774
0.0260141
0.0238376
0.0217568
0.0197788
0.0179092
0.0161517
0.0145083
0.0129798
0.0115654
0.0102632
0.00907029
0.00798277
0.006996
0.00610474
0.00530327
0.00458551
0.00394515
0.00337575
0.00287081
0.00242386
0.00202849
0.00167843
0.00136753
0.00108982
0.000839479
0.00061082
0.000398303
0.000196486
0
0
0.000176494
0.000357777
0.000548672
0.000754066
0.00097894
0.00122839
0.00150765
0.0018221
0.00217724
0.00257872
0.00303228
0.00354375
0.00411895
0.00476369
0.00548361
0.00628419
0.00717056
0.00814743
0.00921896
0.0103886
0.0116591
0.0130321
0.0145083
0.016087
0.0177664
0.0195431
0.0214122
0.0233673
0.0254003
0.0275014
0.0296594
0.0318614
0.0340928
0.0363382
0.0385804
0.0408017
0.0429832
0.0451058
0.04715
0.0490962
0.0509254
0.052619
0.0541596
0.0555307
0.0567176
0.0577074
0.058489
0.0590537
0.059395
0.0595093
0.059395
0.0590537
0.058489
0.0577074
0.0567176
0.0555307
0.0541596
0.052619
0.0509254
0.0490962
0.04715
0.0451058
0.0429832
0.0408017
0.0385804
0.0363382
0.0340928
0.0318614
0.0296594
0.0275014
0.0254003
0.0233673
0.0214122
0.0195431
0.0177664
0.016087
0.0145083
0.0130321
0.0116591
0.0103886
0.00921896
0.00814743
0.00717056
0.00628419
0.00548361
0.00476369
0.00411895
0.00354375
0.00303228
0.00257872
0.00217724
0.0018221
0.00150765
0.00122839
0.00097894
0.000754066
0.000548672
0.000357777
0.000176494
0
0
0.000157899
0.000320083
0.000490866
0.00067462
0.000875803
0.00109897
0.00134881
0.00163013
0.00194785
0.00230703
0.00271281
0.00317039
0.003685
0.0042618
0.00490588
0.00562211
0.0064151
0.00728905
0.00824769
0.00929414
0.0104308
0.0116591
0.0129798
0.0143922
0.0158946
0.0174841
0.0191563
0.0209054
0.0227242
0.024604
0.0265346
0.0285046
0.030501
0.0325097
0.0345158
0.036503
0.0384547
0.0403536
0.0421824
0.0439236
0.0455601
0.0470753
0.0484536
0.0496802
0.0507421
0.0516276
0.0523268
0.052832
0.0531374
0.0532396
0.0531374
0.052832
0.0523268
0.0516276
0.0507421
0.0496802
0.0484536
0.0470753
0.0455601
0.0439236
0.0421824
0.0403536
0.0384547
0.036503
0.0345158
0.0325097
0.030501
0.0285046
0.0265346
0.024604
0.0227242
0.0209054
0.0191563
0.0174841
0.0158946
0.0143922
0.0129798
0.0116591
0.0104308
0.00929414
0.00824769
0.00728905
0.0064151
0.00562211
0.00490588
0.0042618
0.003685
0.00317039
0.00271281
0.00230703
0.00194785
0.00163013
0.00134881
0.00109897
0.000875803
0.00067462
0.000490866
0.000320083
0.000157899
0
0
0.000140693
0.000285204
0.000437377
0.000601107
0.000780367
0.00097922
0.00120183
0.0014525
0.0017356
0.00205564
0.0024172
0.00282492
0.00328345
0.0037974
0.00437129
0.00500948
0.00571605
0.00649477
0.00734895
0.00828136
0.00929414
0.0103886
0.0115654
0.0128239
0.0141626
0.0155789
0.0170689
0.0186274
0.020248
0.0219229
0.0236432
0.0253985
0.0271773
0.0289672
0.0307546
0.0325253
0.0342643
0.0359563
0.0375858
0.0391373
0.0405954
0.0419455
0.0431736
0.0442666
0.0452128
0.0460018
0.0466248
0.0470749
0.0473471
0.0474381
0.0473471
0.0470749
0.0466248
0.0460018
0.0452128
0.0442666
0.0431736
0.0419455
0.0405954
0.0391373
0.0375858
0.0359563
0.0342643
0.0325253
0.0307546
0.0289672
0.0271773
0.0253985
0.0236432
0.0219229
0.020248
0.0186274
0.0170689
0.0155789
0.0141626
0.0128239
0.0115654
0.0103886
0.00929414
0.00828136
0.00734895
0.00649477
0.00571605
0.00500948
0.00437129
0.0037974
0.00328345
0.00282492
0.0024172
0.00205564
0.0017356
0.0014525
0.00120183
0.00097922
0.000780367
0.000601107
0.000437377
0.000285204
0.000140693
0
0
0.000124852
0.000253092
0.000388131
0.000533427
0.000692504
0.000868967
0.00106652
0.00128896
0.00154018
0.00182419
0.00214504
0.00250686
0.00291376
0.00336984
0.00387912
0.00444545
0.00507247
0.00576351
0.00652151
0.00734895
0.00824769
0.00921896
0.0102632
0.01138
0.012568
0.0138248
0.015147
0.0165301
0.0179682
0.0194546
0.0209811
0.0225388
0.0241173
0.0257057
0.0272919
0.0288632
0.0304064
0.0319079
0.033354
0.0347307
0.0360247
0.0372228
0.0383126
0.0392825
0.0401222
0.0408223
0.0413752
0.0417747
0.0420162
0.042097
0.0420162
0.0417747
0.0413752
0.0408223
0.0401222
0.0392825
0.0383126
0.0372228
0.0360247
0.0347307
0.033354
0.0319079
0.0304064
0.0288632
0.0272919
0.0257057
0.0241173
0.0225388
0.0209811
0.0194546
0.0179682
0.0165301
0.015147
0.0138248
0.012568
0.01138
0.0102632
0.00921896
0.00824769
0.00734895
0.00652151
0.00576351
0.00507247
0.00444545
0.00387912
0.00336984
0.00291376
0.00250686
0.00214504
0.00182419
0.00154018
0.00128896
0.00106652
0.000868967
0.000692504
0.000533427
0.000388131
0.000253092
0.000124852
0
0
0.00011034
0.000223675
0.000343018
0.000471426
0.000612013
0.000767966
0.000942554
0.00113914
0.00136116
0.00161216
0.00189572
0.00221548
0.00257509
0.00297816
0.00342824
0.00392875
0.00448288
0.0050936
0.00576351
0.00649477
0.00728905
0.00814743
0.00907029
0.0100573
0.0111072
0.0122179
0.0133865
0.0146088
0.0158797
0.0171933
0.0185425
0.0199191
0.0213141
0.0227179
0.0241197
0.0255084
0.0268722
0.0281992
0.0294772
0.0306939
0.0318375
0.0328963
0.0338595
0.0347167
0.0354587
0.0360775
0.0365661
0.0369191
0.0371326
0.037204
0.0371326
0.0369191
0.0365661
0.0360775
0.0354587
0.0347167
0.0338595
0.0328963
0.0318375
0.0306939
0.0294772
0.0281992
0.0268722
0.0255084
0.0241197
0.0227179
0.0213141
0.0199191
0.0185425
0.0171933
0.0158797
0.0146088
0.0133865
0.0122179
0.0111072
0.0100573
0.00907029
0.00814743
0.00728905
0.00649477
0.00576351
0.0050936
0.00448288
0.00392875
0.00342824
0.00297816
0.00257509
0.00221548
0.00189572
0.00161216
0.00136116
0.00113914
0.000942554
0.000767966
0.000612013
0.000471426
0.000343018
0.000223675
0.00011034
0
0
9.71107e-05
0.000196856
0.000301891
0.000414903
0.000538633
0.000675887
0.000829543
0.00100256
0.00119796
0.00141886
0.00166842
0.00194984
0.00226633
0.00262108
0.0030172
0.00345769
0.00394539
0.00448288
0.00507247
0.00571605
0.0064151
0.00717056
0.00798277
0.00885142
0.00977545
0.010753
0.0117814
0.0128572
0.0139758
0.0151319
0.0163192
0.0175308
0.0187586
0.019994
0.0212278
0.0224499
0.0236503
0.0248182
0.0259429
0.0270137
0.0280202
0.0289521
0.0297997
0.0305542
0.0312072
0.0317518
0.0321819
0.0324926
0.0326804
0.0327432
0.0326804
0.0324926
0.0321819
0.0317518
0.0312072
0.0305542
0.0297997
0.0289521
0.0280202
0.0270137
0.0259429
0.0248182
0.0236503
0.0224499
0.0212278
0.019994
0.0187586
0.0175308
0.0163192
0.0151319
0.0139758
0.0128572
0.0117814
0.010753
0.00977545
0.00885142
0.00798277
0.00717056
0.0064151
0.00571605
0.00507247
0.00448288
0.00394539
0.00345769
0.0030172
0.00262108
0.00226633
0.00194984
0.00166842
0.00141886
0.00119796
0.00100256
0.000829543
0.000675887
0.000538633
0.000414903
0.000301891
0.000196856
9.71107e-05
0
0
8.51066e-05
0.000172523
0.000264573
0.000363616
0.000472051
0.000592339
0.000727001
0.000878628
0.00104988
0.00124347
0.00146219
0.00170882
0.00198619
0.00229708
0.00264424
0.00303028
0.00345769
0.00392875
0.00444545
0.00500948
0.00562211
0.00628419
0.006996
0.00775728
0.00856708
0.00942381
0.0103251
0.0112679
0.0122482
0.0132614
0.014302
0.0153638
0.0164398
0.0175225
0.0186037
0.0196748
0.0207268
0.0217503
0.022736
0.0236745
0.0245566
0.0253733
0.0261161
0.0267773
0.0273496
0.0278269
0.0282038
0.0284761
0.0286407
0.0286958
0.0286407
0.0284761
0.0282038
0.0278269
0.0273496
0.0267773
0.0261161
0.0253733
0.0245566
0.0236745
0.022736
0.0217503
0.0207268
0.0196748
0.0186037
0.0175225
0.0164398
0.0153638
0.014302
0.0132614
0.0122482
0.0112679
0.0103251
0.00942381
0.00856708
0.00775728
0.006996
0.00628419
0.00562211
0.00500948
0.00444545
0.00392875
0.00345769
0.00303028
0.00264424
0.00229708
0.00198619
0.00170882
0.00146219
0.00124347
0.00104988
0.000878628
0.000727001
0.000592339
0.000472051
0.000363616
0.000264573
0.000172523
8.51066e-05
0
0
7.42644e-05
0.000150544
0.000230868
0.000317293
0.000411914
0.000516878
0.000634384
0.000766695
0.000916129
0.00108506
0.00127591
0.00149112
0.00173316
0.00200444
0.00230737
0.00264424
0.0030172
0.00342824
0.00387912
0.00437129
0.00490588
0.00548361
0.00610474
0.00676903
0.00747568
0.00822326
0.00900974
0.00983239
0.0106878
0.0115719
0.01248
0.0134065
0.0143454
0.0152902
0.0162337
0.0171684
0.0180863
0.0189794
0.0198396
0.0206585
0.0214282
0.0221408
0.022789
0.023366
0.0238654
0.0242819
0.0246108
0.0248484
0.024992
0.0250401
0.024992
0.0248484
0.0246108
0.0242819
0.0238654
0.023366
0.022789
0.0221408
0.0214282
0.0206585
0.0198396
0.0189794
0.0180863
0.0171684
0.0162337
0.0152902
0.0143454
0.0134065
0.01248
0.0115719
0.0106878
0.00983239
0.00900974
0.00822326
0.00747568
0.00676903
0.00610474
0.00548361
0.00490588
0.00437129
0.00387912
0.00342824
0.0030172
0.00264424
0.00230737
0.00200444
0.00173316
0.00149112
0.00127591
0.00108506
0.000916129
0.000766695
0.000634384
0.000516878
0.000411914
0.000317293
0.000230868
0.000150544
7.42644e-05
0
0
6.45145e-05
0.000130779
0.000200558
0.000275636
0.000357835
0.000449019
0.000551098
0.000666038
0.000795854
0.000942607
0.0011084
0.00129536
0.00150562
0.00174129
0.00200444
0.00229708
0.00262108
0.00297816
0.00336984
0.0037974
0.0042618
0.00476369
0.00530327
0.00588035
0.00649422
0.00714366
0.00782688
0.00854153
0.00928465
0.0100527
0.0108415
0.0116464
0.0124621
0.0132828
0.0141024
0.0149144
0.0157118
0.0164877
0.0172349
0.0179463
0.0186149
0.019234
0.0197971
0.0202983
0.0207322
0.021094
0.0213797
0.0215861
0.0217109
0.0217526
0.0217109
0.0215861
0.0213797
0.021094
0.0207322
0.0202983
0.0197971
0.019234
0.0186149
0.0179463
0.0172349
0.0164877
0.0157118
0.0149144
0.0141024
0.0132828
0.0124621
0.0116464
0.0108415
0.0100527
0.00928465
0.00854153
0.00782688
0.00714366
0.00649422
0.00588035
0.00530327
0.00476369
0.0042618
0.0037974
0.00336984
0.00297816
0.00262108
0.00229708
0.00200444
0.00174129
0.00150562
0.00129536
0.0011084
0.000942607
0.000795854
0.000666038
0.000551098
0.000449019
0.000357835
0.000275636
0.000200558
0.000130779
6.45145e-05
0
0
5.57829e-05
0.000113079
0.000173414
0.000238331
0.000309405
0.000388247
0.000476511
0.000575894
0.00068814
0.000815032
0.000958386
0.00112004
0.00130184
0.00150562
0.00173316
0.00198619
0.00226633
0.00257509
0.00291376
0.00328345
0.003685
0.00411895
0.00458551
0.00508448
0.00561527
0.00617681
0.00676757
0.00738549
0.00802804
0.00869213
0.00937419
0.0100701
0.0107754
0.0114851
0.0121938
0.0128958
0.0135853
0.0142562
0.0149023
0.0155174
0.0160955
0.0166308
0.0171177
0.0175511
0.0179262
0.0182391
0.0184861
0.0186646
0.0187725
0.0188086
0.0187725
0.0186646
0.0184861
0.0182391
0.0179262
0.0175511
0.0171177
0.0166308
0.0160955
0.0155174
0.0149023
0.0142562
0.0135853
0.0128958
0.0121938
0.0114851
0.0107754
0.0100701
0.00937419
0.00869213
0.00802804
0.00738549
0.00676757
0.00617681
0.00561527
0.00508448
0.00458551
0.00411895
0.003685
0.00328345
0.00291376
0.00257509
0.00226633
0.00198619
0.00173316
0.00150562
0.00130184
0.00112004
0.000958386
0.000815032
0.00068814
0.000575894
0.000476511
0.000388247
0.000309405
0.000238331
0.000173414
0.000113079
5.57829e-05
0
0
4.79929e-05
9.72881e-05
0.000149197
0.000205048
0.000266197
0.000334029
0.000409967
0.000495472
0.000592043
0.000701214
0.000824549
0.00096363
0.00112004
0.00129536
0.00149112
0.00170882
0.00194984
0.00221548
0.00250686
0.00282492
0.00317039
0.00354375
0.00394515
0.00437445
0.00483111
0.00531423
0.00582249
0.00635412
0.00690694
0.00747829
0.0080651
0.00866386
0.00927065
0.00988121
0.0104909
0.0110949
0.0116882
0.0122653
0.0128212
0.0133504
0.0138478
0.0143084
0.0147273
0.0151001
0.0154229
0.015692
0.0159045
0.0160581
0.0161509
0.016182
0.0161509
0.0160581
0.0159045
0.015692
0.0154229
0.0151001
0.0147273
0.0143084
0.0138478
0.0133504
0.0128212
0.0122653
0.0116882
0.0110949
0.0104909
0.00988121
0.00927065
0.00866386
0.0080651
0.00747829
0.00690694
0.00635412
0.00582249
0.00531423
0.00483111
0.00437445
0.00394515
0.00354375
0.00317039
0.00282492
0.00250686
0.00221548
0.00194984
0.00170882
0.00149112
0.00129536
0.00112004
0.00096363
0.000824549
0.000701214
0.000592043
0.000495472
0.000409967
0.000334029
0.000266197
0.000205048
0.000149197
9.72881e-05
4.79929e-05
0
0
4.10661e-05
8.32465e-05
0.000127663
0.000175454
0.000227777
0.000285819
0.000350797
0.000423961
0.000506594
0.000600008
0.000705543
0.000824549
0.000958386
0.0011084
0.00127591
0.00146219
0.00166842
0.00189572
0.00214504
0.0024172
0.00271281
0.00303228
0.00337575
0.00374308
0.00413384
0.00454723
0.00498213
0.00543704
0.00591006
0.00639895
0.00690107
0.00741341
0.00793263
0.00845506
0.00897678
0.00949362
0.0100012
0.0104951
0.0109707
0.0114236
0.0118492
0.0122432
0.0126017
0.0129207
0.0131969
0.0134272
0.013609
0.0137404
0.0138199
0.0138464
0.0138199
0.0137404
0.013609
0.0134272
0.0131969
0.0129207
0.0126017
0.0122432
0.0118492
0.0114236
0.0109707
0.0104951
0.0100012
0.00949362
0.00897678
0.00845506
0.00793263
0.00741341
0.00690107
0.00639895
0.00591006
0.00543704
0.00498213
0.00454723
0.00413384
0.00374308
0.00337575
0.00303228
0.00271281
0.0024172
0.00214504
0.00189572
0.00166842
0.00146219
0.00127591
0.0011084
0.000958386
0.000824549
0.000705543
0.000600008
0.000506594
0.000423961
0.000350797
0.000285819
0.000227777
0.000175454
0.000127663
8.32465e-05
4.10661e-05
0
0
3.49235e-05
7.07946e-05
0.000108568
0.00014921
0.000193706
0.000243066
0.000298325
0.000360545
0.000430818
0.00051026
0.000600008
0.000701214
0.000815032
0.000942607
0.00108506
0.00124347
0.00141886
0.00161216
0.00182419
0.00205564
0.00230703
0.00257872
0.00287081
0.0031832
0.0035155
0.00386706
0.00423691
0.00462377
0.00502604
0.00544181
0.00586882
0.00630452
0.00674607
0.00719037
0.00763405
0.00807357
0.00850524
0.00892525
0.00932973
0.00971484
0.0100768
0.0104119
0.0107167
0.0109881
0.0112229
0.0114188
0.0115734
0.0116852
0.0117527
0.0117753
0.0117527
0.0116852
0.0115734
0.0114188
0.0112229
0.0109881
0.0107167
0.0104119
0.0100768
0.00971484
0.00932973
0.00892525
0.00850524
0.00807357
0.00763405
0.00719037
0.00674607
0.00630452
0.00586882
0.00544181
0.00502604
0.00462377
0.00423691
0.00386706
0.0035155
0.0031832
0.00287081
0.00257872
0.00230703
0.00205564
0.00182419
0.00161216
0.00141886
0.00124347
0.00108506
0.000942607
0.000815032
0.000701214
0.000600008
0.00051026
0.000430818
0.000360545
0.000298325
0.000243066
0.000193706
0.00014921
0.000108568
7.07946e-05
3.49235e-05
0
0
2.94863e-05
5.97727e-05
9.16648e-05
0.000125979
0.000163548
0.000205224
0.000251879
0.000304412
0.000363744
0.000430818
0.000506594
0.000592043
0.00068814
0.000795854
0.000916129
0.00104988
0.00119796
0.00136116
0.00154018
0.0017356
0.00194785
0.00217724
0.00242386
0.00268761
0.00296818
0.003265
0.00357727
0.0039039
0.00424354
0.00459458
0.0049551
0.00532297
0.00569578
0.0060709
0.00644551
0.0068166
0.00718107
0.00753568
0.00787719
0.00820234
0.00850794
0.00879089
0.00904827
0.00927734
0.00947563
0.00964099
0.00977157
0.0098659
0.00992294
0.00994202
0.00992294
0.0098659
0.00977157
0.00964099
0.00947563
0.00927734
0.00904827
0.00879089
0.00850794
0.00820234
0.00787719
0.00753568
0.00718107
0.0068166
0.00644551
0.0060709
0.00569578
0.00532297
0.0049551
0.00459458
0.00424354
0.0039039
0.00357727
0.003265
0.00296818
0.00268761
0.00242386
0.00217724
0.00194785
0.0017356
0.00154018
0.00136116
0.00119796
0.00104988
0.000916129
0.000795854
0.00068814
0.000592043
0.000506594
0.000430818
0.000363744
0.000304412
0.000251879
0.000205224
0.000163548
0.000125979
9.16648e-05
5.97727e-05
2.94863e-05
0
0
2.46766e-05
5.00228e-05
7.67129e-05
0.00010543
0.000136871
0.000171748
0.000210794
0.000254758
0.000304412
0.000360545
0.000423961
0.000495472
0.000575894
0.000666038
0.000766695
0.000878628
0.00100256
0.00113914
0.00128896
0.0014525
0.00163013
0.0018221
0.00202849
0.00224922
0.00248402
0.00273243
0.00299376
0.00326711
0.00355136
0.00384513
0.00414685
0.00445472
0.00476671
0.00508065
0.00539415
0.00570471
0.00600973
0.0063065
0.0065923
0.00686442
0.00712017
0.00735697
0.00757236
0.00776406
0.00793002
0.0080684
0.00817768
0.00825663
0.00830436
0.00832033
0.00830436
0.00825663
0.00817768
0.0080684
0.00793002
0.00776406
0.00757236
0.00735697
0.00712017
0.00686442
0.0065923
0.0063065
0.00600973
0.00570471
0.00539415
0.00508065
0.00476671
0.00445472
0.00414685
0.00384513
0.00355136
0.00326711
0.00299376
0.00273243
0.00248402
0.00224922
0.00202849
0.0018221
0.00163013
0.0014525
0.00128896
0.00113914
0.00100256
0.000878628
0.000766695
0.000666038
0.000575894
0.000495472
0.000423961
0.000360545
0.000304412
0.000254758
0.000210794
0.000171748
0.000136871
0.00010543
7.67129e-05
5.00228e-05
2.46766e-05
0
0
2.04181e-05
4.13903e-05
6.34744e-05
8.72358e-05
0.000113251
0.000142109
0.000174416
0.000210794
0.000251879
0.000298325
0.000350797
0.000409967
0.000476511
0.000551098
0.000634384
0.000727001
0.000829543
0.000942554
0.00106652
0.00120183
0.00134881
0.00150765
0.00167843
0.00186107
0.00205535
0.00226089
0.00247712
0.0027033
0.00293849
0.00318157
0.00343122
0.00368596
0.00394411
0.00420387
0.00446327
0.00472024
0.00497261
0.00521817
0.00545465
0.00567981
0.00589142
0.00608736
0.00626558
0.0064242
0.00656151
0.00667602
0.00676643
0.00683176
0.00687125
0.00688447
0.00687125
0.00683176
0.00676643
0.00667602
0.00656151
0.0064242
0.00626558
0.00608736
0.00589142
0.00567981
0.00545465
0.00521817
0.00497261
0.00472024
0.00446327
0.00420387
0.00394411
0.00368596
0.00343122
0.00318157
0.00293849
0.0027033
0.00247712
0.00226089
0.00205535
0.00186107
0.00167843
0.00150765
0.00134881
0.00120183
0.00106652
0.000942554
0.000829543
0.000727001
0.000634384
0.000551098
0.000476511
0.000409967
0.000350797
0.000298325
0.000251879
0.000210794
0.000174416
0.000142109
0.000113251
8.72358e-05
6.34744e-05
4.13903e-05
2.04181e-05
0
0
1.66361e-05
3.37236e-05
5.1717e-05
7.10772e-05
9.22735e-05
0.000115787
0.000142109
0.000171748
0.000205224
0.000243066
0.000285819
0.000334029
0.000388247
0.000449019
0.000516878
0.000592339
0.000675887
0.000767966
0.000868967
0.00097922
0.00109897
0.00122839
0.00136753
0.00151634
0.00167464
0.00184211
0.00201829
0.00220257
0.0023942
0.00259225
0.00279566
0.00300321
0.00321355
0.00342519
0.00363654
0.00384591
0.00405154
0.00425161
0.00444429
0.00462774
0.00480016
0.0049598
0.00510501
0.00523425
0.00534613
0.00543942
0.00551309
0.00556632
0.0055985
0.00560926
0.0055985
0.00556632
0.00551309
0.00543942
0.00534613
0.00523425
0.00510501
0.0049598
0.00480016
0.00462774
0.00444429
0.00425161
0.00405154
0.00384591
0.00363654
0.00342519
0.00321355
0.00300321
0.00279566
0.00259225
0.0023942
0.00220257
0.00201829
0.00184211
0.00167464
0.00151634
0.00136753
0.00122839
0.00109897
0.00097922
0.000868967
0.000767966
0.000675887
0.000592339
0.000516878
0.000449019
0.000388247
0.000334029
0.000285819
0.000243066
0.000205224
0.000171748
0.000142109
0.000115787
9.22735e-05
7.10772e-05
5.1717e-05
3.37236e-05
1.66361e-05
0
0
1.32578e-05
2.68753e-05
4.12147e-05
5.66434e-05
7.35353e-05
9.22735e-05
0.000113251
0.000136871
0.000163548
0.000193706
0.000227777
0.000266197
0.000309405
0.000357835
0.000411914
0.000472051
0.000538633
0.000612013
0.000692504
0.000780367
0.000875803
0.00097894
0.00108982
0.00120841
0.00133457
0.00146802
0.00160843
0.00175529
0.001908
0.00206583
0.00222794
0.00239334
0.00256096
0.00272963
0.00289806
0.00306491
0.00322878
0.00338823
0.00354178
0.00368797
0.00382538
0.0039526
0.00406832
0.00417132
0.00426048
0.00433483
0.00439354
0.00443595
0.0044616
0.00447018
0.0044616
0.00443595
0.00439354
0.00433483
0.00426048
0.00417132
0.00406832
0.0039526
0.00382538
0.00368797
0.00354178
0.00338823
0.00322878
0.00306491
0.00289806
0.00272963
0.00256096
0.00239334
0.00222794
0.00206583
0.001908
0.00175529
0.00160843
0.00146802
0.00133457
0.00120841
0.00108982
0.00097894
0.000875803
0.000780367
0.000692504
0.000612013
0.000538633
0.000472051
0.000411914
0.000357835
0.000309405
0.000266197
0.000227777
0.000193706
0.000163548
0.000136871
0.000113251
9.22735e-05
7.35353e-05
5.66434e-05
4.12147e-05
2.68753e-05
1.32578e-05
0
0
1.02123e-05
2.07017e-05
3.17472e-05
4.36317e-05
5.66434e-05
7.10772e-05
8.72358e-05
0.00010543
0.000125979
0.00014921
0.000175454
0.000205048
0.000238331
0.000275636
0.000317293
0.000363616
0.000414903
0.000471426
0.000533427
0.000601107
0.00067462
0.000754066
0.000839479
0.000930827
0.001028
0.0011308
0.00123895
0.00135208
0.00146971
0.00159129
0.00171615
0.00184356
0.00197268
0.0021026
0.00223234
0.00236087
0.00248709
0.00260991
0.00272819
0.0028408
0.00294664
0.00304464
0.00313378
0.00321312
0.0032818
0.00333906
0.00338429
0.00341696
0.00343671
0.00344332
0.00343671
0.00341696
0.00338429
0.00333906
0.0032818
0.00321312
0.00313378
0.00304464
0.00294664
0.0028408
0.00272819
0.00260991
0.00248709
0.00236087
0.00223234
0.0021026
0.00197268
0.00184356
0.00171615
0.00159129
0.00146971
0.00135208
0.00123895
0.0011308
0.001028
0.000930827
0.000839479
0.000754066
0.00067462
0.000601107
0.000533427
0.000471426
0.000414903
0.000363616
0.000317293
0.000275636
0.000238331
0.000205048
0.000175454
0.00014921
0.000125979
0.00010543
8.72358e-05
7.10772e-05
5.66434e-05
4.36317e-05
3.17472e-05
2.07017e-05
1.02123e-05
0
0
7.43065e-06
1.50629e-05
2.30999e-05
3.17472e-05
4.12147e-05
5.1717e-05
6.34744e-05
7.67129e-05
9.16648e-05
0.000108568
0.000127663
0.000149197
0.000173414
0.000200558
0.000230868
0.000264573
0.000301891
0.000343018
0.000388131
0.000437377
0.000490866
0.000548672
0.00061082
0.000677287
0.000747991
0.000822792
0.000901484
0.000983796
0.00106939
0.00115785
0.0012487
0.00134141
0.00143536
0.00152989
0.00162429
0.00171781
0.00180965
0.00189902
0.00198508
0.00206702
0.00214403
0.00221534
0.00228019
0.00233792
0.00238789
0.00242956
0.00246247
0.00248624
0.00250062
0.00250542
0.00250062
0.00248624
0.00246247
0.00242956
0.00238789
0.00233792
0.00228019
0.00221534
0.00214403
0.00206702
0.00198508
0.00189902
0.00180965
0.00171781
0.00162429
0.00152989
0.00143536
0.00134141
0.0012487
0.00115785
0.00106939
0.000983796
0.000901484
0.000822792
0.000747991
0.000677287
0.00061082
0.000548672
0.000490866
0.000437377
0.000388131
0.000343018
0.000301891
0.000264573
0.000230868
0.000200558
0.000173414
0.000149197
0.000127663
0.000108568
9.16648e-05
7.67129e-05
6.34744e-05
5.1717e-05
4.12147e-05
3.17472e-05
2.30999e-05
1.50629e-05
7.43065e-06
0
0
4.84536e-06
9.82221e-06
1.50629e-05
2.07017e-05
2.68753e-05
3.37236e-05
4.13903e-05
5.00228e-05
5.97727e-05
7.07946e-05
8.32465e-05
9.72881e-05
0.000113079
0.000130779
0.000150544
0.000172523
0.000196856
0.000223675
0.000253092
0.000285204
0.000320083
0.000357777
0.000398303
0.000441644
0.000487749
0.000536525
0.000587838
0.000641512
0.000697325
0.000755009
0.000814253
0.000874703
0.000935966
0.000997608
0.00105917
0.00112015
0.00118004
0.00123831
0.00129443
0.00134786
0.00139808
0.00144457
0.00148687
0.00152451
0.00155709
0.00158427
0.00160572
0.00162123
0.0016306
0.00163373
0.0016306
0.00162123
0.00160572
0.00158427
0.00155709
0.00152451
0.00148687
0.00144457
0.00139808
0.00134786
0.00129443
0.00123831
0.00118004
0.00112015
0.00105917
0.000997608
0.000935966
0.000874703
0.000814253
0.000755009
0.000697325
0.000641512
0.000587838
0.000536525
0.000487749
0.000441644
0.000398303
0.000357777
0.000320083
0.000285204
0.000253092
0.000223675
0.000196856
0.000172523
0.000150544
0.000130779
0.000113079
9.72881e-05
8.32465e-05
7.07946e-05
5.97727e-05
5.00228e-05
4.13903e-05
3.37236e-05
2.68753e-05
2.07017e-05
1.50629e-05
9.82221e-06
4.84536e-06
0
0
2.39025e-06
4.84536e-06
7.43065e-06
1.02123e-05
1.32578e-05
1.66361e-05
2.04181e-05
2.46766e-05
2.94863e-05
3.49235e-05
4.10661e-05
4.79929e-05
5.57829e-05
6.45145e-05
7.42644e-05
8.51066e-05
9.71107e-05
0.00011034
0.000124852
0.000140693
0.000157899
0.000176494
0.000196486
0.000217866
0.00024061
0.000264672
0.000289985
0.000316463
0.000343995
0.000372451
0.000401677
0.000431497
0.000461719
0.000492127
0.000522494
0.000552576
0.00058212
0.000610867
0.000638551
0.000664908
0.000689681
0.000712618
0.000733482
0.000752051
0.000768126
0.00078153
0.000792115
0.000799762
0.000804385
0.000805932
0.000804385
0.000799762
0.000792115
0.00078153
0.000768126
0.000752051
0.000733482
0.000712618
0.000689681
0.000664908
0.000638551
0.000610867
0.00058212
0.000552576
0.000522494
0.000492127
0.000461719
0.000431497
0.000401677
0.000372451
0.000343995
0.000316463
0.000289985
0.000264672
0.00024061
0.000217866
0.000196486
0.000176494
0.000157899
0.000140693
0.000124852
0.00011034
9.71107e-05
8.51066e-05
7.42644e-05
6.45145e-05
5.57829e-05
4.79929e-05
4.10661e-05
3.49235e-05
2.94863e-05
2.46766e-05
2.04181e-05
1.66361e-05
1.32578e-05
1.02123e-05
7.43065e-06
4.84536e-06
2.39025e-06
0
0
0
0
0
0
0
0
0
0
0
0
0
0
0
0
0
0
0
0
0
0
0
0
0
0
0
0
0
0
0
0
0
0
0
0
0
0
0
0
0
0
0
0
0
0
0
0
0
0
0
0
0
0
0
0
0
0
0
0
0
0
0
0
0
0
0
0
0
0
0
0
0
0
0
0
0
0
0
0
0
0
0
0
0
0
0
0
0
0
0
0
0
0
0
0
0
0
0
0
0
0
