# vtk DataFile Version 3.0
Heat2D data at time 0.14
ASCII
DATASET STRUCTURED_POINTS
DIMENSIONS 101 101 1
ORIGIN 0 0 0
SPACING 0.01 0.01 1
POINT_DATA 10201
SCALARS temperature double
LOOKUP_TABLE default
0
0
0
0
0
0
0
0
0
0
0
0
0
0
0
0
0
0
0
0
0
0
0
0
0
0
0
0
0
0
0
0
0
0
0
0
0
0
0
0
0
0
0
0
0
0
0
0
0
0
0
0
0
0
0
0
0
0
0
0
0
0
0
0
0
0
0
0
0
0
0
0
0
0
0
0
0
0
0
0
0
0
0
0
0
0
0
0
0
0
0
0
0
0
0
0
0
0
0
0
0
0
8.2695e-06
1.66682e-05
2.5325e-05
3.43687e-05
4.39271e-05
5.41275e-05
6.50954e-05
7.69549e-05
8.98272e-05
0.00010383
0.000119079
0.000135681
0.000153739
0.000173347
0.000194592
0.000217548
0.000242277
0.000268827
0.000297232
0.000327507
0.000359648
0.000393631
0.00042941
0.000466917
0.000506058
0.000546715
0.000588748
0.000631988
0.000676244
0.0007213
0.000766919
0.000812841
0.00085879
0.000904473
0.000949581
0.000993799
0.0010368
0.00107827
0.00111787
0.00115528
0.00119021
0.00122234
0.00125141
0.00127715
0.00129935
0.0013178
0.00133232
0.00134279
0.00134912
0.00135123
0.00134912
0.00134279
0.00133232
0.0013178
0.00129935
0.00127715
0.00125141
0.00122234
0.00119021
0.00115528
0.00111787
0.00107827
0.0010368
0.000993799
0.000949581
0.000904473
0.00085879
0.000812841
0.000766919
0.0007213
0.000676244
0.000631988
0.000588748
0.000546715
0.000506058
0.000466917
0.00042941
0.000393631
0.000359648
0.000327507
0.000297232
0.000268827
0.000242277
0.000217548
0.000194592
0.000173347
0.000153739
0.000135681
0.000119079
0.00010383
8.98272e-05
7.69549e-05
6.50954e-05
5.41275e-05
4.39271e-05
3.43687e-05
2.5325e-05
1.66682e-05
8.2695e-06
0
0
1.66682e-05
3.35967e-05
5.10456e-05
6.92742e-05
8.85405e-05
0.0001091
0.000131208
0.000155112
0.000181058
0.000209283
0.000240018
0.000273481
0.000309879
0.000349402
0.000392224
0.000438494
0.000488338
0.000541854
0.000599107
0.00066013
0.000724914
0.000793411
0.000865528
0.000941127
0.00102002
0.00110197
0.00118669
0.00127385
0.00136305
0.00145387
0.00154582
0.00163838
0.001731
0.00182307
0.001914
0.00200312
0.0020898
0.00217338
0.0022532
0.00232861
0.002399
0.00246377
0.00252236
0.00257426
0.002619
0.00265618
0.00268546
0.00270656
0.00271931
0.00272357
0.00271931
0.00270656
0.00268546
0.00265618
0.002619
0.00257426
0.00252236
0.00246377
0.002399
0.00232861
0.0022532
0.00217338
0.0020898
0.00200312
0.001914
0.00182307
0.001731
0.00163838
0.00154582
0.00145387
0.00136305
0.00127385
0.00118669
0.00110197
0.00102002
0.000941127
0.000865528
0.000793411
0.000724914
0.00066013
0.000599107
0.000541854
0.000488338
0.000438494
0.000392224
0.000349402
0.000309879
0.000273481
0.000240018
0.000209283
0.000181058
0.000155112
0.000131208
0.0001091
8.85405e-05
6.92742e-05
5.10456e-05
3.35967e-05
1.66682e-05
0
0
2.5325e-05
5.10456e-05
7.75569e-05
0.000105253
0.000134525
0.000165763
0.000199352
0.000235671
0.000275092
0.000317977
0.000364674
0.000415517
0.000470819
0.00053087
0.000595931
0.000666232
0.000741963
0.000823273
0.000910262
0.00100298
0.00110141
0.00120548
0.00131505
0.00142991
0.00154978
0.0016743
0.00180302
0.00193544
0.00207097
0.00220895
0.00234866
0.0024893
0.00263001
0.00276991
0.00290806
0.00304347
0.00317517
0.00330215
0.00342342
0.00353801
0.00364496
0.00374337
0.00383239
0.00391124
0.00397921
0.0040357
0.00408019
0.00411226
0.00413162
0.0041381
0.00413162
0.00411226
0.00408019
0.0040357
0.00397921
0.00391124
0.00383239
0.00374337
0.00364496
0.00353801
0.00342342
0.00330215
0.00317517
0.00304347
0.00290806
0.00276991
0.00263001
0.0024893
0.00234866
0.00220895
0.00207097
0.00193544
0.00180302
0.0016743
0.00154978
0.00142991
0.00131505
0.00120548
0.00110141
0.00100298
0.000910262
0.000823273
0.000741963
0.000666232
0.000595931
0.00053087
0.000470819
0.000415517
0.000364674
0.000317977
0.000275092
0.000235671
0.000199352
0.000165763
0.000134525
0.000105253
7.75569e-05
5.10456e-05
2.5325e-05
0
0
3.43687e-05
6.92742e-05
0.000105253
0.000142839
0.000182565
0.000224958
0.000270542
0.000319831
0.000373329
0.000431528
0.000494901
0.0005639
0.00063895
0.000720445
0.00080874
0.000904145
0.00100692
0.00111727
0.00123532
0.00136114
0.00149472
0.00163596
0.00178466
0.00194054
0.00210321
0.00227219
0.00244688
0.00262659
0.00281052
0.00299778
0.00318737
0.00337823
0.0035692
0.00375906
0.00394653
0.00413031
0.00430904
0.00448136
0.00464594
0.00480144
0.00494659
0.00508014
0.00520095
0.00530795
0.0054002
0.00547686
0.00553723
0.00558076
0.00560704
0.00561583
0.00560704
0.00558076
0.00553723
0.00547686
0.0054002
0.00530795
0.00520095
0.00508014
0.00494659
0.00480144
0.00464594
0.00448136
0.00430904
0.00413031
0.00394653
0.00375906
0.0035692
0.00337823
0.00318737
0.00299778
0.00281052
0.00262659
0.00244688
0.00227219
0.00210321
0.00194054
0.00178466
0.00163596
0.00149472
0.00136114
0.00123532
0.00111727
0.00100692
0.000904145
0.00080874
0.000720445
0.00063895
0.0005639
0.000494901
0.000431528
0.000373329
0.000319831
0.000270542
0.000224958
0.000182565
0.000142839
0.000105253
6.92742e-05
3.43687e-05
0
0
4.39271e-05
8.85405e-05
0.000134525
0.000182565
0.000233339
0.000287522
0.000345784
0.00040878
0.000477157
0.000551542
0.00063254
0.000720729
0.000816652
0.000920812
0.00103366
0.0011556
0.00128696
0.001428
0.00157888
0.0017397
0.00191043
0.00209095
0.002281
0.00248024
0.00268815
0.00290412
0.0031274
0.00335709
0.00359217
0.00383151
0.00407383
0.00431777
0.00456185
0.00480451
0.00504413
0.00527901
0.00550745
0.0057277
0.00593805
0.0061368
0.00632231
0.006493
0.00664741
0.00678418
0.00690209
0.00700007
0.00707723
0.00713286
0.00716644
0.00717767
0.00716644
0.00713286
0.00707723
0.00700007
0.00690209
0.00678418
0.00664741
0.006493
0.00632231
0.0061368
0.00593805
0.0057277
0.00550745
0.00527901
0.00504413
0.00480451
0.00456185
0.00431777
0.00407383
0.00383151
0.00359217
0.00335709
0.0031274
0.00290412
0.00268815
0.00248024
0.002281
0.00209095
0.00191043
0.0017397
0.00157888
0.001428
0.00128696
0.0011556
0.00103366
0.000920812
0.000816652
0.000720729
0.00063254
0.000551542
0.000477157
0.00040878
0.000345784
0.000287522
0.000233339
0.000182565
0.000134525
8.85405e-05
4.39271e-05
0
0
5.41275e-05
0.0001091
0.000165763
0.000224958
0.000287522
0.000354288
0.000426078
0.000503704
0.000587958
0.000679616
0.000779423
0.00088809
0.00100629
0.00113463
0.00127369
0.00142395
0.00158581
0.00175959
0.00194552
0.00214368
0.00235405
0.00257649
0.00281068
0.00305617
0.00331237
0.00357849
0.00385362
0.00413664
0.00442631
0.00472123
0.00501982
0.0053204
0.00562116
0.00592017
0.00621543
0.00650485
0.00678633
0.00705773
0.00731693
0.00756183
0.00779042
0.00800075
0.00819101
0.00835954
0.00850482
0.00862555
0.00872063
0.00878918
0.00883057
0.00884441
0.00883057
0.00878918
0.00872063
0.00862555
0.00850482
0.00835954
0.00819101
0.00800075
0.00779042
0.00756183
0.00731693
0.00705773
0.00678633
0.00650485
0.00621543
0.00592017
0.00562116
0.0053204
0.00501982
0.00472123
0.00442631
0.00413664
0.00385362
0.00357849
0.00331237
0.00305617
0.00281068
0.00257649
0.00235405
0.00214368
0.00194552
0.00175959
0.00158581
0.00142395
0.00127369
0.00113463
0.00100629
0.00088809
0.000779423
0.000679616
0.000587958
0.000503704
0.000426078
0.000354288
0.000287522
0.000224958
0.000165763
0.0001091
5.41275e-05
0
0
6.50954e-05
0.000131208
0.000199352
0.000270542
0.000345784
0.000426078
0.000512415
0.00060577
0.000707098
0.000817328
0.000937359
0.00106805
0.00121019
0.00136455
0.00153178
0.00171248
0.00190714
0.00211614
0.00233974
0.00257805
0.00283106
0.00309857
0.00338021
0.00367545
0.00398356
0.00430361
0.00463448
0.00497486
0.00532323
0.0056779
0.006037
0.00639849
0.00676019
0.00711979
0.00747487
0.00782294
0.00816146
0.00848786
0.00879957
0.0090941
0.009369
0.00962196
0.00985077
0.0100534
0.0102282
0.0103734
0.0104877
0.0105702
0.0106199
0.0106366
0.0106199
0.0105702
0.0104877
0.0103734
0.0102282
0.0100534
0.00985077
0.00962196
0.009369
0.0090941
0.00879957
0.00848786
0.00816146
0.00782294
0.00747487
0.00711979
0.00676019
0.00639849
0.006037
0.0056779
0.00532323
0.00497486
0.00463448
0.00430361
0.00398356
0.00367545
0.00338021
0.00309857
0.00283106
0.00257805
0.00233974
0.00211614
0.00190714
0.00171248
0.00153178
0.00136455
0.00121019
0.00106805
0.000937359
0.000817328
0.000707098
0.00060577
0.000512415
0.000426078
0.000345784
0.000270542
0.000199352
0.000131208
6.50954e-05
0
0
7.69549e-05
0.000155112
0.000235671
0.000319831
0.00040878
0.000503704
0.00060577
0.000716132
0.00083592
0.000966233
0.00110813
0.00126263
0.00143067
0.00161315
0.00181085
0.00202447
0.0022546
0.00250167
0.00276601
0.00304774
0.00334684
0.00366308
0.00399604
0.00434507
0.00470931
0.00508767
0.00547882
0.0058812
0.00629304
0.00671233
0.00713685
0.0075642
0.0079918
0.00841691
0.00883668
0.00924817
0.00964836
0.0100342
0.0104027
0.0107509
0.0110759
0.0113749
0.0116454
0.011885
0.0120916
0.0122632
0.0123984
0.0124959
0.0125547
0.0125744
0.0125547
0.0124959
0.0123984
0.0122632
0.0120916
0.011885
0.0116454
0.0113749
0.0110759
0.0107509
0.0104027
0.0100342
0.00964836
0.00924817
0.00883668
0.00841691
0.0079918
0.0075642
0.00713685
0.00671233
0.00629304
0.0058812
0.00547882
0.00508767
0.00470931
0.00434507
0.00399604
0.00366308
0.00334684
0.00304774
0.00276601
0.00250167
0.0022546
0.00202447
0.00181085
0.00161315
0.00143067
0.00126263
0.00110813
0.000966233
0.00083592
0.000716132
0.00060577
0.000503704
0.00040878
0.000319831
0.000235671
0.000155112
7.69549e-05
0
0
8.98272e-05
0.000181058
0.000275092
0.000373329
0.000477157
0.000587958
0.000707098
0.00083592
0.000975746
0.00112786
0.00129349
0.00147383
0.00166998
0.00188298
0.00211375
0.00236311
0.00263172
0.00292013
0.00322868
0.00355754
0.00390667
0.00427581
0.00466446
0.00507187
0.00549704
0.00593868
0.00639526
0.00686496
0.00734568
0.0078351
0.00833064
0.00882947
0.00932859
0.00982481
0.0103148
0.0107951
0.0112622
0.0117127
0.0121428
0.0125492
0.0129286
0.0132776
0.0135934
0.0138731
0.0141142
0.0143145
0.0144723
0.0145861
0.0146548
0.0146777
0.0146548
0.0145861
0.0144723
0.0143145
0.0141142
0.0138731
0.0135934
0.0132776
0.0129286
0.0125492
0.0121428
0.0117127
0.0112622
0.0107951
0.0103148
0.00982481
0.00932859
0.00882947
0.00833064
0.0078351
0.00734568
0.00686496
0.00639526
0.00593868
0.00549704
0.00507187
0.00466446
0.00427581
0.00390667
0.00355754
0.00322868
0.00292013
0.00263172
0.00236311
0.00211375
0.00188298
0.00166998
0.00147383
0.00129349
0.00112786
0.000975746
0.00083592
0.000707098
0.000587958
0.000477157
0.000373329
0.000275092
0.000181058
8.98272e-05
0
0
0.00010383
0.000209283
0.000317977
0.000431528
0.000551542
0.000679616
0.000817328
0.000966233
0.00112786
0.00130368
0.00149513
0.00170359
0.00193032
0.00217652
0.00244327
0.00273149
0.00304199
0.00337535
0.003732
0.00411213
0.00451568
0.00494237
0.00539161
0.00586253
0.00635398
0.00686447
0.00739223
0.00793514
0.00849081
0.00905653
0.00962931
0.0102059
0.0107828
0.0113564
0.0119228
0.012478
0.0130179
0.0135386
0.0140358
0.0145055
0.014944
0.0153475
0.0157125
0.0160357
0.0163144
0.016546
0.0167284
0.0168599
0.0169393
0.0169659
0.0169393
0.0168599
0.0167284
0.016546
0.0163144
0.0160357
0.0157125
0.0153475
0.014944
0.0145055
0.0140358
0.0135386
0.0130179
0.012478
0.0119228
0.0113564
0.0107828
0.0102059
0.00962931
0.00905653
0.00849081
0.00793514
0.00739223
0.00686447
0.00635398
0.00586253
0.00539161
0.00494237
0.00451568
0.00411213
0.003732
0.00337535
0.00304199
0.00273149
0.00244327
0.00217652
0.00193032
0.00170359
0.00149513
0.00130368
0.00112786
0.000966233
0.000817328
0.000679616
0.000551542
0.000431528
0.000317977
0.000209283
0.00010383
0
0
0.000119079
0.000240018
0.000364674
0.000494901
0.00063254
0.000779423
0.000937359
0.00110813
0.00129349
0.00149513
0.0017147
0.00195377
0.0022138
0.00249616
0.00280208
0.00313263
0.00348872
0.00387105
0.00428007
0.00471602
0.00517884
0.00566819
0.0061834
0.00672349
0.00728711
0.00787257
0.00847783
0.00910048
0.00973775
0.0103865
0.0110434
0.0117047
0.0123664
0.0130242
0.0136737
0.0143105
0.0149297
0.0155268
0.016097
0.0166358
0.0171387
0.0176014
0.01802
0.0183907
0.0187103
0.0189759
0.0191851
0.0193359
0.019427
0.0194574
0.019427
0.0193359
0.0191851
0.0189759
0.0187103
0.0183907
0.01802
0.0176014
0.0171387
0.0166358
0.016097
0.0155268
0.0149297
0.0143105
0.0136737
0.0130242
0.0123664
0.0117047
0.0110434
0.0103865
0.00973775
0.00910048
0.00847783
0.00787257
0.00728711
0.00672349
0.0061834
0.00566819
0.00517884
0.00471602
0.00428007
0.00387105
0.00348872
0.00313263
0.00280208
0.00249616
0.0022138
0.00195377
0.0017147
0.00149513
0.00129349
0.00110813
0.000937359
0.000779423
0.00063254
0.000494901
0.000364674
0.000240018
0.000119079
0
0
0.000135681
0.000273481
0.000415517
0.0005639
0.000720729
0.00088809
0.00106805
0.00126263
0.00147383
0.00170359
0.00195377
0.00222616
0.00252245
0.00284417
0.00319274
0.00356939
0.00397512
0.00441075
0.0048768
0.00537353
0.00590088
0.00645845
0.00704549
0.00766087
0.00830307
0.00897016
0.00965981
0.0103693
0.0110954
0.0118346
0.0125831
0.0133366
0.0140905
0.01484
0.0155801
0.0163056
0.0170112
0.0176915
0.0183413
0.0189551
0.0195281
0.0200554
0.0205323
0.0209547
0.0213189
0.0216216
0.0218599
0.0220317
0.0221355
0.0221702
0.0221355
0.0220317
0.0218599
0.0216216
0.0213189
0.0209547
0.0205323
0.0200554
0.0195281
0.0189551
0.0183413
0.0176915
0.0170112
0.0163056
0.0155801
0.01484
0.0140905
0.0133366
0.0125831
0.0118346
0.0110954
0.0103693
0.00965981
0.00897016
0.00830307
0.00766087
0.00704549
0.00645845
0.00590088
0.00537353
0.0048768
0.00441075
0.00397512
0.00356939
0.00319274
0.00284417
0.00252245
0.00222616
0.00195377
0.00170359
0.00147383
0.00126263
0.00106805
0.00088809
0.000720729
0.0005639
0.000415517
0.000273481
0.000135681
0
0
0.000153739
0.000309879
0.000470819
0.00063895
0.000816652
0.00100629
0.00121019
0.00143067
0.00166998
0.00193032
0.0022138
0.00252245
0.00285816
0.00322271
0.00361767
0.00404444
0.00450418
0.00499778
0.00552586
0.0060887
0.00668623
0.00731802
0.00798319
0.00868047
0.00940815
0.010164
0.0109454
0.0117493
0.0125721
0.0134097
0.0142578
0.0151116
0.0159658
0.0168151
0.0176537
0.0184758
0.0192753
0.0200461
0.0207823
0.0214779
0.0221272
0.0227246
0.023265
0.0237437
0.0241563
0.0244992
0.0247693
0.024964
0.0250815
0.0251208
0.0250815
0.024964
0.0247693
0.0244992
0.0241563
0.0237437
0.023265
0.0227246
0.0221272
0.0214779
0.0207823
0.0200461
0.0192753
0.0184758
0.0176537
0.0168151
0.0159658
0.0151116
0.0142578
0.0134097
0.0125721
0.0117493
0.0109454
0.010164
0.00940815
0.00868047
0.00798319
0.00731802
0.00668623
0.0060887
0.00552586
0.00499778
0.00450418
0.00404444
0.00361767
0.00322271
0.00285816
0.00252245
0.0022138
0.00193032
0.00166998
0.00143067
0.00121019
0.00100629
0.000816652
0.00063895
0.000470819
0.000309879
0.000153739
0
0
0.000173347
0.000349402
0.00053087
0.000720445
0.000920812
0.00113463
0.00136455
0.00161315
0.00188298
0.00217652
0.00249616
0.00284417
0.00322271
0.00363375
0.00407909
0.00456029
0.00507867
0.00563523
0.00623066
0.00686529
0.00753903
0.00825139
0.00900141
0.00978763
0.0106081
0.0114604
0.0123415
0.0132479
0.0141756
0.0151201
0.0160764
0.017039
0.0180022
0.0189598
0.0199054
0.0208323
0.0217337
0.0226029
0.023433
0.0242173
0.0249494
0.025623
0.0262323
0.026772
0.0272373
0.027624
0.0279285
0.028148
0.0282806
0.0283249
0.0282806
0.028148
0.0279285
0.027624
0.0272373
0.026772
0.0262323
0.025623
0.0249494
0.0242173
0.023433
0.0226029
0.0217337
0.0208323
0.0199054
0.0189598
0.0180022
0.017039
0.0160764
0.0151201
0.0141756
0.0132479
0.0123415
0.0114604
0.0106081
0.00978763
0.00900141
0.00825139
0.00753903
0.00686529
0.00623066
0.00563523
0.00507867
0.00456029
0.00407909
0.00363375
0.00322271
0.00284417
0.00249616
0.00217652
0.00188298
0.00161315
0.00136455
0.00113463
0.000920812
0.000720445
0.00053087
0.000349402
0.000173347
0
0
0.000194592
0.000392224
0.000595931
0.00080874
0.00103366
0.00127369
0.00153178
0.00181085
0.00211375
0.00244327
0.00280208
0.00319274
0.00361767
0.00407909
0.00457901
0.00511918
0.00570109
0.00632586
0.00699426
0.00770667
0.00846299
0.00926265
0.0101046
0.0109872
0.0119082
0.0128649
0.013854
0.0148715
0.0159129
0.0169731
0.0180466
0.0191272
0.0202085
0.0212834
0.0223449
0.0233854
0.0243973
0.025373
0.0263049
0.0271853
0.0280071
0.0287632
0.0294473
0.0300531
0.0305754
0.0310095
0.0313513
0.0315977
0.0317465
0.0317963
0.0317465
0.0315977
0.0313513
0.0310095
0.0305754
0.0300531
0.0294473
0.0287632
0.0280071
0.0271853
0.0263049
0.025373
0.0243973
0.0233854
0.0223449
0.0212834
0.0202085
0.0191272
0.0180466
0.0169731
0.0159129
0.0148715
0.013854
0.0128649
0.0119082
0.0109872
0.0101046
0.00926265
0.00846299
0.00770667
0.00699426
0.00632586
0.00570109
0.00511918
0.00457901
0.00407909
0.00361767
0.00319274
0.00280208
0.00244327
0.00211375
0.00181085
0.00153178
0.00127369
0.00103366
0.00080874
0.000595931
0.000392224
0.000194592
0
0
0.000217548
0.000438494
0.000666232
0.000904145
0.0011556
0.00142395
0.00171248
0.00202447
0.00236311
0.00273149
0.00313263
0.00356939
0.00404444
0.00456029
0.00511918
0.00572308
0.00637363
0.00707211
0.00781936
0.00861581
0.00946135
0.0103553
0.0112966
0.0122833
0.013313
0.0143826
0.0154883
0.0166259
0.0177901
0.0189754
0.0201755
0.0213836
0.0225924
0.0237942
0.0249809
0.0261441
0.0272754
0.0283663
0.029408
0.0303923
0.031311
0.0321564
0.0329211
0.0335984
0.0341824
0.0346676
0.0350497
0.0353252
0.0354916
0.0355472
0.0354916
0.0353252
0.0350497
0.0346676
0.0341824
0.0335984
0.0329211
0.0321564
0.031311
0.0303923
0.029408
0.0283663
0.0272754
0.0261441
0.0249809
0.0237942
0.0225924
0.0213836
0.0201755
0.0189754
0.0177901
0.0166259
0.0154883
0.0143826
0.013313
0.0122833
0.0112966
0.0103553
0.00946135
0.00861581
0.00781936
0.00707211
0.00637363
0.00572308
0.00511918
0.00456029
0.00404444
0.00356939
0.00313263
0.00273149
0.00236311
0.00202447
0.00171248
0.00142395
0.0011556
0.000904145
0.000666232
0.000438494
0.000217548
0
0
0.000242277
0.000488338
0.000741963
0.00100692
0.00128696
0.00158581
0.00190714
0.0022546
0.00263172
0.00304199
0.00348872
0.00397512
0.00450418
0.00507867
0.00570109
0.00637363
0.00709813
0.007876
0.0087082
0.00959518
0.0105368
0.0115325
0.0125807
0.0136796
0.0148263
0.0160175
0.0172489
0.0185158
0.0198123
0.0211324
0.0224689
0.0238143
0.0251605
0.0264989
0.0278205
0.029116
0.0303759
0.0315907
0.0327508
0.033847
0.0348702
0.0358116
0.0366633
0.0374176
0.0380679
0.0386083
0.0390339
0.0393407
0.0395259
0.0395879
0.0395259
0.0393407
0.0390339
0.0386083
0.0380679
0.0374176
0.0366633
0.0358116
0.0348702
0.033847
0.0327508
0.0315907
0.0303759
0.029116
0.0278205
0.0264989
0.0251605
0.0238143
0.0224689
0.0211324
0.0198123
0.0185158
0.0172489
0.0160175
0.0148263
0.0136796
0.0125807
0.0115325
0.0105368
0.00959518
0.0087082
0.007876
0.00709813
0.00637363
0.00570109
0.00507867
0.00450418
0.00397512
0.00348872
0.00304199
0.00263172
0.0022546
0.00190714
0.00158581
0.00128696
0.00100692
0.000741963
0.000488338
0.000242277
0
0
0.000268827
0.000541854
0.000823273
0.00111727
0.001428
0.00175959
0.00211614
0.00250167
0.00292013
0.00337535
0.00387105
0.00441075
0.00499778
0.00563523
0.00632586
0.00707211
0.007876
0.00873911
0.00966251
0.0106467
0.0116915
0.0127963
0.0139594
0.0151787
0.0164511
0.0177728
0.0191392
0.0205449
0.0219835
0.0234482
0.0249312
0.0264241
0.0279178
0.0294029
0.0308693
0.0323067
0.0337047
0.0350526
0.0363399
0.0375563
0.0386915
0.0397362
0.0406811
0.0415181
0.0422397
0.0428393
0.0433115
0.043652
0.0438575
0.0439262
0.0438575
0.043652
0.0433115
0.0428393
0.0422397
0.0415181
0.0406811
0.0397362
0.0386915
0.0375563
0.0363399
0.0350526
0.0337047
0.0323067
0.0308693
0.0294029
0.0279178
0.0264241
0.0249312
0.0234482
0.0219835
0.0205449
0.0191392
0.0177728
0.0164511
0.0151787
0.0139594
0.0127963
0.0116915
0.0106467
0.00966251
0.00873911
0.007876
0.00707211
0.00632586
0.00563523
0.00499778
0.00441075
0.00387105
0.00337535
0.00292013
0.00250167
0.00211614
0.00175959
0.001428
0.00111727
0.000823273
0.000541854
0.000268827
0
0
0.000297232
0.000599107
0.000910262
0.00123532
0.00157888
0.00194552
0.00233974
0.00276601
0.00322868
0.003732
0.00428007
0.0048768
0.00552586
0.00623066
0.00699426
0.00781936
0.0087082
0.00966251
0.0106835
0.0117717
0.0129269
0.0141484
0.0154344
0.0167825
0.0181893
0.0196507
0.0211615
0.0227157
0.0243064
0.0259258
0.0275655
0.0292161
0.0308677
0.0325097
0.034131
0.0357203
0.037266
0.0387564
0.0401797
0.0415246
0.0427798
0.0439348
0.0449796
0.045905
0.0467028
0.0473658
0.0478879
0.0482643
0.0484916
0.0485676
0.0484916
0.0482643
0.0478879
0.0473658
0.0467028
0.045905
0.0449796
0.0439348
0.0427798
0.0415246
0.0401797
0.0387564
0.037266
0.0357203
0.034131
0.0325097
0.0308677
0.0292161
0.0275655
0.0259258
0.0243064
0.0227157
0.0211615
0.0196507
0.0181893
0.0167825
0.0154344
0.0141484
0.0129269
0.0117717
0.0106835
0.00966251
0.0087082
0.00781936
0.00699426
0.00623066
0.00552586
0.0048768
0.00428007
0.003732
0.00322868
0.00276601
0.00233974
0.00194552
0.00157888
0.00123532
0.000910262
0.000599107
0.000297232
0
0
0.000327507
0.00066013
0.00100298
0.00136114
0.0017397
0.00214368
0.00257805
0.00304774
0.00355754
0.00411213
0.00471602
0.00537353
0.0060887
0.00686529
0.00770667
0.00861581
0.00959518
0.0106467
0.0117717
0.0129707
0.0142436
0.0155894
0.0170065
0.0184919
0.020042
0.0216522
0.0233169
0.0250294
0.0267821
0.0285665
0.0303732
0.032192
0.0340117
0.0358209
0.0376074
0.0393586
0.0410618
0.0427039
0.0442722
0.0457541
0.0471372
0.0484098
0.049561
0.0505807
0.0514598
0.0521903
0.0527656
0.0531803
0.0534308
0.0535145
0.0534308
0.0531803
0.0527656
0.0521903
0.0514598
0.0505807
0.049561
0.0484098
0.0471372
0.0457541
0.0442722
0.0427039
0.0410618
0.0393586
0.0376074
0.0358209
0.0340117
0.032192
0.0303732
0.0285665
0.0267821
0.0250294
0.0233169
0.0216522
0.020042
0.0184919
0.0170065
0.0155894
0.0142436
0.0129707
0.0117717
0.0106467
0.00959518
0.00861581
0.00770667
0.00686529
0.0060887
0.00537353
0.00471602
0.00411213
0.00355754
0.00304774
0.00257805
0.00214368
0.0017397
0.00136114
0.00100298
0.00066013
0.000327507
0
0
0.000359648
0.000724914
0.00110141
0.00149472
0.00191043
0.00235405
0.00283106
0.00334684
0.00390667
0.00451568
0.00517884
0.00590088
0.00668623
0.00753903
0.00846299
0.00946135
0.0105368
0.0116915
0.0129269
0.0142436
0.0156414
0.0171194
0.0186754
0.0203066
0.0220089
0.0237772
0.0256052
0.0274857
0.0294105
0.03137
0.033354
0.0353512
0.0373496
0.0393363
0.0412982
0.0432212
0.0450915
0.0468948
0.048617
0.0502443
0.0517631
0.0531606
0.0544248
0.0555446
0.0565099
0.0573121
0.0579439
0.0583994
0.0586744
0.0587663
0.0586744
0.0583994
0.0579439
0.0573121
0.0565099
0.0555446
0.0544248
0.0531606
0.0517631
0.0502443
0.048617
0.0468948
0.0450915
0.0432212
0.0412982
0.0393363
0.0373496
0.0353512
0.033354
0.03137
0.0294105
0.0274857
0.0256052
0.0237772
0.0220089
0.0203066
0.0186754
0.0171194
0.0156414
0.0142436
0.0129269
0.0116915
0.0105368
0.00946135
0.00846299
0.00753903
0.00668623
0.00590088
0.00517884
0.00451568
0.00390667
0.00334684
0.00283106
0.00235405
0.00191043
0.00149472
0.00110141
0.000724914
0.000359648
0
0
0.000393631
0.000793411
0.00120548
0.00163596
0.00209095
0.00257649
0.00309857
0.00366308
0.00427581
0.00494237
0.00566819
0.00645845
0.00731802
0.00825139
0.00926265
0.0103553
0.0115325
0.0127963
0.0141484
0.0155894
0.0171194
0.018737
0.0204401
0.0222254
0.0240885
0.0260239
0.0280246
0.0300829
0.0321895
0.0343341
0.0365056
0.0386915
0.0408787
0.0430532
0.0452004
0.0473052
0.0493522
0.0513259
0.0532109
0.0549919
0.0566542
0.0581838
0.0595674
0.060793
0.0618496
0.0627276
0.063419
0.0639175
0.0642185
0.0643191
0.0642185
0.0639175
0.063419
0.0627276
0.0618496
0.060793
0.0595674
0.0581838
0.0566542
0.0549919
0.0532109
0.0513259
0.0493522
0.0473052
0.0452004
0.0430532
0.0408787
0.0386915
0.0365056
0.0343341
0.0321895
0.0300829
0.0280246
0.0260239
0.0240885
0.0222254
0.0204401
0.018737
0.0171194
0.0155894
0.0141484
0.0127963
0.0115325
0.0103553
0.00926265
0.00825139
0.00731802
0.00645845
0.00566819
0.00494237
0.00427581
0.00366308
0.00309857
0.00257649
0.00209095
0.00163596
0.00120548
0.000793411
0.000393631
0
0
0.00042941
0.000865528
0.00131505
0.00178466
0.002281
0.00281068
0.00338021
0.00399604
0.00466446
0.00539161
0.0061834
0.00704549
0.00798319
0.00900141
0.0101046
0.0112966
0.0125807
0.0139594
0.0154344
0.0170065
0.0186754
0.0204401
0.022298
0.0242456
0.0262781
0.0283893
0.0305719
0.0328173
0.0351153
0.037455
0.0398238
0.0422084
0.0445944
0.0469666
0.0493089
0.051605
0.0538381
0.0559912
0.0580475
0.0599904
0.0618038
0.0634724
0.0649818
0.0663188
0.0674714
0.0684292
0.0691835
0.0697273
0.0700556
0.0701654
0.0700556
0.0697273
0.0691835
0.0684292
0.0674714
0.0663188
0.0649818
0.0634724
0.0618038
0.0599904
0.0580475
0.0559912
0.0538381
0.051605
0.0493089
0.0469666
0.0445944
0.0422084
0.0398238
0.037455
0.0351153
0.0328173
0.0305719
0.0283893
0.0262781
0.0242456
0.022298
0.0204401
0.0186754
0.0170065
0.0154344
0.0139594
0.0125807
0.0112966
0.0101046
0.00900141
0.00798319
0.00704549
0.0061834
0.00539161
0.00466446
0.00399604
0.00338021
0.00281068
0.002281
0.00178466
0.00131505
0.000865528
0.00042941
0
0
0.000466917
0.000941127
0.00142991
0.00194054
0.00248024
0.00305617
0.00367545
0.00434507
0.00507187
0.00586253
0.00672349
0.00766087
0.00868047
0.00978763
0.0109872
0.0122833
0.0136796
0.0151787
0.0167825
0.0184919
0.0203066
0.0222254
0.0242456
0.0263633
0.0285733
0.0308689
0.0332422
0.0356837
0.0381824
0.0407264
0.0433022
0.0458951
0.0484895
0.0510688
0.0536158
0.0561124
0.0585405
0.0608817
0.0631176
0.0652302
0.067202
0.0690164
0.0706576
0.0721114
0.0733646
0.0744061
0.0752263
0.0758176
0.0761746
0.076294
0.0761746
0.0758176
0.0752263
0.0744061
0.0733646
0.0721114
0.0706576
0.0690164
0.067202
0.0652302
0.0631176
0.0608817
0.0585405
0.0561124
0.0536158
0.0510688
0.0484895
0.0458951
0.0433022
0.0407264
0.0381824
0.0356837
0.0332422
0.0308689
0.0285733
0.0263633
0.0242456
0.0222254
0.0203066
0.0184919
0.0167825
0.0151787
0.0136796
0.0122833
0.0109872
0.00978763
0.00868047
0.00766087
0.00672349
0.00586253
0.00507187
0.00434507
0.00367545
0.00305617
0.00248024
0.00194054
0.00142991
0.000941127
0.000466917
0
0
0.000506058
0.00102002
0.00154978
0.00210321
0.00268815
0.00331237
0.00398356
0.00470931
0.00549704
0.00635398
0.00728711
0.00830307
0.00940815
0.0106081
0.0119082
0.013313
0.0148263
0.0164511
0.0181893
0.020042
0.0220089
0.0240885
0.0262781
0.0285733
0.0309685
0.0334566
0.0360289
0.038675
0.0413832
0.0441405
0.0469321
0.0497424
0.0525543
0.0553498
0.0581103
0.0608162
0.0634479
0.0659853
0.0684086
0.0706983
0.0728354
0.0748019
0.0765807
0.0781564
0.0795147
0.0806434
0.0815324
0.0821733
0.0825602
0.0826896
0.0825602
0.0821733
0.0815324
0.0806434
0.0795147
0.0781564
0.0765807
0.0748019
0.0728354
0.0706983
0.0684086
0.0659853
0.0634479
0.0608162
0.0581103
0.0553498
0.0525543
0.0497424
0.0469321
0.0441405
0.0413832
0.038675
0.0360289
0.0334566
0.0309685
0.0285733
0.0262781
0.0240885
0.0220089
0.020042
0.0181893
0.0164511
0.0148263
0.013313
0.0119082
0.0106081
0.00940815
0.00830307
0.00728711
0.00635398
0.00549704
0.00470931
0.00398356
0.00331237
0.00268815
0.00210321
0.00154978
0.00102002
0.000506058
0
0
0.000546715
0.00110197
0.0016743
0.00227219
0.00290412
0.00357849
0.00430361
0.00508767
0.00593868
0.00686447
0.00787257
0.00897016
0.010164
0.0114604
0.0128649
0.0143826
0.0160175
0.0177728
0.0196507
0.0216522
0.0237772
0.0260239
0.0283893
0.0308689
0.0334566
0.0361446
0.0389235
0.0417822
0.0447081
0.0476868
0.0507028
0.0537388
0.0567766
0.0597968
0.062779
0.0657024
0.0685455
0.0712867
0.0739048
0.0763784
0.0786872
0.0808117
0.0827334
0.0844356
0.0859031
0.0871225
0.0880829
0.0887753
0.0891933
0.0893331
0.0891933
0.0887753
0.0880829
0.0871225
0.0859031
0.0844356
0.0827334
0.0808117
0.0786872
0.0763784
0.0739048
0.0712867
0.0685455
0.0657024
0.062779
0.0597968
0.0567766
0.0537388
0.0507028
0.0476868
0.0447081
0.0417822
0.0389235
0.0361446
0.0334566
0.0308689
0.0283893
0.0260239
0.0237772
0.0216522
0.0196507
0.0177728
0.0160175
0.0143826
0.0128649
0.0114604
0.010164
0.00897016
0.00787257
0.00686447
0.00593868
0.00508767
0.00430361
0.00357849
0.00290412
0.00227219
0.0016743
0.00110197
0.000546715
0
0
0.000588748
0.00118669
0.00180302
0.00244688
0.0031274
0.00385362
0.00463448
0.00547882
0.00639526
0.00739223
0.00847783
0.00965981
0.0109454
0.0123415
0.013854
0.0154883
0.0172489
0.0191392
0.0211615
0.0233169
0.0256052
0.0280246
0.0305719
0.0332422
0.0360289
0.0389235
0.041916
0.0449945
0.0481453
0.0513531
0.0546009
0.0578704
0.0611417
0.0643941
0.0676056
0.0707537
0.0738154
0.0767674
0.0795867
0.0822505
0.0847369
0.0870246
0.0890942
0.0909272
0.0925075
0.0938207
0.0948549
0.0956005
0.0960506
0.0962012
0.0960506
0.0956005
0.0948549
0.0938207
0.0925075
0.0909272
0.0890942
0.0870246
0.0847369
0.0822505
0.0795867
0.0767674
0.0738154
0.0707537
0.0676056
0.0643941
0.0611417
0.0578704
0.0546009
0.0513531
0.0481453
0.0449945
0.041916
0.0389235
0.0360289
0.0332422
0.0305719
0.0280246
0.0256052
0.0233169
0.0211615
0.0191392
0.0172489
0.0154883
0.013854
0.0123415
0.0109454
0.00965981
0.00847783
0.00739223
0.00639526
0.00547882
0.00463448
0.00385362
0.0031274
0.00244688
0.00180302
0.00118669
0.000588748
0
0
0.000631988
0.00127385
0.00193544
0.00262659
0.00335709
0.00413664
0.00497486
0.0058812
0.00686496
0.00793514
0.00910048
0.0103693
0.0117493
0.0132479
0.0148715
0.0166259
0.0185158
0.0205449
0.0227157
0.0250294
0.0274857
0.0300829
0.0328173
0.0356837
0.038675
0.0417822
0.0449945
0.0482991
0.0516813
0.0551247
0.058611
0.0621206
0.0656322
0.0691234
0.0725708
0.0759501
0.0792367
0.0824055
0.0854319
0.0882913
0.0909603
0.0934161
0.0956376
0.0976053
0.0993016
0.100711
0.101821
0.102622
0.103105
0.103267
0.103105
0.102622
0.101821
0.100711
0.0993016
0.0976053
0.0956376
0.0934161
0.0909603
0.0882913
0.0854319
0.0824055
0.0792367
0.0759501
0.0725708
0.0691234
0.0656322
0.0621206
0.058611
0.0551247
0.0516813
0.0482991
0.0449945
0.0417822
0.038675
0.0356837
0.0328173
0.0300829
0.0274857
0.0250294
0.0227157
0.0205449
0.0185158
0.0166259
0.0148715
0.0132479
0.0117493
0.0103693
0.00910048
0.00793514
0.00686496
0.0058812
0.00497486
0.00413664
0.00335709
0.00262659
0.00193544
0.00127385
0.000631988
0
0
0.000676244
0.00136305
0.00207097
0.00281052
0.00359217
0.00442631
0.00532323
0.00629304
0.00734568
0.00849081
0.00973775
0.0110954
0.0125721
0.0141756
0.0159129
0.0177901
0.0198123
0.0219835
0.0243064
0.0267821
0.0294105
0.0321895
0.0351153
0.0381824
0.0413832
0.0447081
0.0481453
0.0516813
0.0553003
0.0589848
0.0627153
0.0664707
0.0702282
0.0739639
0.0776527
0.0812686
0.0847853
0.0881761
0.0914144
0.0944741
0.0973299
0.0999577
0.102335
0.10444
0.106255
0.107764
0.108952
0.109808
0.110325
0.110498
0.110325
0.109808
0.108952
0.107764
0.106255
0.10444
0.102335
0.0999577
0.0973299
0.0944741
0.0914144
0.0881761
0.0847853
0.0812686
0.0776527
0.0739639
0.0702282
0.0664707
0.0627153
0.0589848
0.0553003
0.0516813
0.0481453
0.0447081
0.0413832
0.0381824
0.0351153
0.0321895
0.0294105
0.0267821
0.0243064
0.0219835
0.0198123
0.0177901
0.0159129
0.0141756
0.0125721
0.0110954
0.00973775
0.00849081
0.00734568
0.00629304
0.00532323
0.00442631
0.00359217
0.00281052
0.00207097
0.00136305
0.000676244
0
0
0.0007213
0.00145387
0.00220895
0.00299778
0.00383151
0.00472123
0.0056779
0.00671233
0.0078351
0.00905653
0.0103865
0.0118346
0.0134097
0.0151201
0.0169731
0.0189754
0.0211324
0.0234482
0.0259258
0.0285665
0.03137
0.0343341
0.037455
0.0407264
0.0441405
0.0476868
0.0513531
0.0551247
0.0589848
0.0629148
0.0668939
0.0708994
0.0749073
0.0788919
0.0828265
0.0866833
0.0904343
0.094051
0.097505
0.100769
0.103815
0.106618
0.109153
0.111399
0.113335
0.114944
0.116211
0.117124
0.117676
0.11786
0.117676
0.117124
0.116211
0.114944
0.113335
0.111399
0.109153
0.106618
0.103815
0.100769
0.097505
0.094051
0.0904343
0.0866833
0.0828265
0.0788919
0.0749073
0.0708994
0.0668939
0.0629148
0.0589848
0.0551247
0.0513531
0.0476868
0.0441405
0.0407264
0.037455
0.0343341
0.03137
0.0285665
0.0259258
0.0234482
0.0211324
0.0189754
0.0169731
0.0151201
0.0134097
0.0118346
0.0103865
0.00905653
0.0078351
0.00671233
0.0056779
0.00472123
0.00383151
0.00299778
0.00220895
0.00145387
0.0007213
0
0
0.000766919
0.00154582
0.00234866
0.00318737
0.00407383
0.00501982
0.006037
0.00713685
0.00833064
0.00962931
0.0110434
0.0125831
0.0142578
0.0160764
0.0180466
0.0201755
0.0224689
0.0249312
0.0275655
0.0303732
0.033354
0.0365056
0.0398238
0.0433022
0.0469321
0.0507028
0.0546009
0.058611
0.0627153
0.0668939
0.0711246
0.0753835
0.0796448
0.0838814
0.0880648
0.0921656
0.0961539
0.0999993
0.103672
0.107142
0.11038
0.113361
0.116056
0.118444
0.120503
0.122213
0.12356
0.124532
0.125118
0.125314
0.125118
0.124532
0.12356
0.122213
0.120503
0.118444
0.116056
0.113361
0.11038
0.107142
0.103672
0.0999993
0.0961539
0.0921656
0.0880648
0.0838814
0.0796448
0.0753835
0.0711246
0.0668939
0.0627153
0.058611
0.0546009
0.0507028
0.0469321
0.0433022
0.0398238
0.0365056
0.033354
0.0303732
0.0275655
0.0249312
0.0224689
0.0201755
0.0180466
0.0160764
0.0142578
0.0125831
0.0110434
0.00962931
0.00833064
0.00713685
0.006037
0.00501982
0.00407383
0.00318737
0.00234866
0.00154582
0.000766919
0
0
0.000812841
0.00163838
0.0024893
0.00337823
0.00431777
0.0053204
0.00639849
0.0075642
0.00882947
0.0102059
0.0117047
0.0133366
0.0151116
0.017039
0.0191272
0.0213836
0.0238143
0.0264241
0.0292161
0.032192
0.0353512
0.0386915
0.0422084
0.0458951
0.0497424
0.0537388
0.0578704
0.0621206
0.0664707
0.0708994
0.0753835
0.0798974
0.0844139
0.0889042
0.0933381
0.0976844
0.101911
0.105987
0.10988
0.113557
0.11699
0.120149
0.123006
0.125537
0.127718
0.129531
0.130959
0.131989
0.13261
0.132818
0.13261
0.131989
0.130959
0.129531
0.127718
0.125537
0.123006
0.120149
0.11699
0.113557
0.10988
0.105987
0.101911
0.0976844
0.0933381
0.0889042
0.0844139
0.0798974
0.0753835
0.0708994
0.0664707
0.0621206
0.0578704
0.0537388
0.0497424
0.0458951
0.0422084
0.0386915
0.0353512
0.032192
0.0292161
0.0264241
0.0238143
0.0213836
0.0191272
0.017039
0.0151116
0.0133366
0.0117047
0.0102059
0.00882947
0.0075642
0.00639849
0.0053204
0.00431777
0.00337823
0.0024893
0.00163838
0.000812841
0
0
0.00085879
0.001731
0.00263001
0.0035692
0.00456185
0.00562116
0.00676019
0.0079918
0.00932859
0.0107828
0.0123664
0.0140905
0.0159658
0.0180022
0.0202085
0.0225924
0.0251605
0.0279178
0.0308677
0.0340117
0.0373496
0.0408787
0.0445944
0.0484895
0.0525543
0.0567766
0.0611417
0.0656322
0.0702282
0.0749073
0.0796448
0.0844139
0.0891857
0.0939299
0.0986144
0.103206
0.107672
0.111978
0.116091
0.119977
0.123603
0.12694
0.129959
0.132633
0.134938
0.136854
0.138362
0.13945
0.140106
0.140326
0.140106
0.13945
0.138362
0.136854
0.134938
0.132633
0.129959
0.12694
0.123603
0.119977
0.116091
0.111978
0.107672
0.103206
0.0986144
0.0939299
0.0891857
0.0844139
0.0796448
0.0749073
0.0702282
0.0656322
0.0611417
0.0567766
0.0525543
0.0484895
0.0445944
0.0408787
0.0373496
0.0340117
0.0308677
0.0279178
0.0251605
0.0225924
0.0202085
0.0180022
0.0159658
0.0140905
0.0123664
0.0107828
0.00932859
0.0079918
0.00676019
0.00562116
0.00456185
0.0035692
0.00263001
0.001731
0.00085879
0
0
0.000904473
0.00182307
0.00276991
0.00375906
0.00480451
0.00592017
0.00711979
0.00841691
0.00982481
0.0113564
0.0130242
0.01484
0.0168151
0.0189598
0.0212834
0.0237942
0.0264989
0.0294029
0.0325097
0.0358209
0.0393363
0.0430532
0.0469666
0.0510688
0.0553498
0.0597968
0.0643941
0.0691234
0.0739639
0.0788919
0.0838814
0.0889042
0.0939299
0.0989263
0.10386
0.108696
0.1134
0.117935
0.122266
0.126359
0.130178
0.133693
0.136872
0.139688
0.142116
0.144133
0.145722
0.146868
0.147559
0.14779
0.147559
0.146868
0.145722
0.144133
0.142116
0.139688
0.136872
0.133693
0.130178
0.126359
0.122266
0.117935
0.1134
0.108696
0.10386
0.0989263
0.0939299
0.0889042
0.0838814
0.0788919
0.0739639
0.0691234
0.0643941
0.0597968
0.0553498
0.0510688
0.0469666
0.0430532
0.0393363
0.0358209
0.0325097
0.0294029
0.0264989
0.0237942
0.0212834
0.0189598
0.0168151
0.01484
0.0130242
0.0113564
0.00982481
0.00841691
0.00711979
0.00592017
0.00480451
0.00375906
0.00276991
0.00182307
0.000904473
0
0
0.000949581
0.001914
0.00290806
0.00394653
0.00504413
0.00621543
0.00747487
0.00883668
0.0103148
0.0119228
0.0136737
0.0155801
0.0176537
0.0199054
0.0223449
0.0249809
0.0278205
0.0308693
0.034131
0.0376074
0.0412982
0.0452004
0.0493089
0.0536158
0.0581103
0.062779
0.0676056
0.0725708
0.0776527
0.0828265
0.0880648
0.0933381
0.0986144
0.10386
0.10904
0.114117
0.119055
0.123817
0.128364
0.13266
0.136671
0.14036
0.143698
0.146655
0.149204
0.151322
0.15299
0.154192
0.154918
0.155161
0.154918
0.154192
0.15299
0.151322
0.149204
0.146655
0.143698
0.14036
0.136671
0.13266
0.128364
0.123817
0.119055
0.114117
0.10904
0.10386
0.0986144
0.0933381
0.0880648
0.0828265
0.0776527
0.0725708
0.0676056
0.062779
0.0581103
0.0536158
0.0493089
0.0452004
0.0412982
0.0376074
0.034131
0.0308693
0.0278205
0.0249809
0.0223449
0.0199054
0.0176537
0.0155801
0.0136737
0.0119228
0.0103148
0.00883668
0.00747487
0.00621543
0.00504413
0.00394653
0.00290806
0.001914
0.000949581
0
0
0.000993799
0.00200312
0.00304347
0.00413031
0.00527901
0.00650485
0.00782294
0.00924817
0.0107951
0.012478
0.0143105
0.0163056
0.0184758
0.0208323
0.0233854
0.0261441
0.029116
0.0323067
0.0357203
0.0393586
0.0432212
0.0473052
0.051605
0.0561124
0.0608162
0.0657024
0.0707537
0.0759501
0.0812686
0.0866833
0.0921656
0.0976844
0.103206
0.108696
0.114117
0.119431
0.124599
0.129582
0.134341
0.138838
0.143035
0.146896
0.15039
0.153484
0.156151
0.158368
0.160114
0.161372
0.162132
0.162386
0.162132
0.161372
0.160114
0.158368
0.156151
0.153484
0.15039
0.146896
0.143035
0.138838
0.134341
0.129582
0.124599
0.119431
0.114117
0.108696
0.103206
0.0976844
0.0921656
0.0866833
0.0812686
0.0759501
0.0707537
0.0657024
0.0608162
0.0561124
0.051605
0.0473052
0.0432212
0.0393586
0.0357203
0.0323067
0.029116
0.0261441
0.0233854
0.0208323
0.0184758
0.0163056
0.0143105
0.012478
0.0107951
0.00924817
0.00782294
0.00650485
0.00527901
0.00413031
0.00304347
0.00200312
0.000993799
0
0
0.0010368
0.0020898
0.00317517
0.00430904
0.00550745
0.00678633
0.00816146
0.00964836
0.0112622
0.0130179
0.0149297
0.0170112
0.0192753
0.0217337
0.0243973
0.0272754
0.0303759
0.0337047
0.037266
0.0410618
0.0450915
0.0493522
0.0538381
0.0585405
0.0634479
0.0685455
0.0738154
0.0792367
0.0847853
0.0904343
0.0961539
0.101911
0.107672
0.1134
0.119055
0.124599
0.129991
0.13519
0.140155
0.144846
0.149224
0.153253
0.156898
0.160126
0.162908
0.165221
0.167042
0.168355
0.169148
0.169413
0.169148
0.168355
0.167042
0.165221
0.162908
0.160126
0.156898
0.153253
0.149224
0.144846
0.140155
0.13519
0.129991
0.124599
0.119055
0.1134
0.107672
0.101911
0.0961539
0.0904343
0.0847853
0.0792367
0.0738154
0.0685455
0.0634479
0.0585405
0.0538381
0.0493522
0.0450915
0.0410618
0.037266
0.0337047
0.0303759
0.0272754
0.0243973
0.0217337
0.0192753
0.0170112
0.0149297
0.0130179
0.0112622
0.00964836
0.00816146
0.00678633
0.00550745
0.00430904
0.00317517
0.0020898
0.0010368
0
0
0.00107827
0.00217338
0.00330215
0.00448136
0.0057277
0.00705773
0.00848786
0.0100342
0.0117127
0.0135386
0.0155268
0.0176915
0.0200461
0.0226029
0.025373
0.0283663
0.0315907
0.0350526
0.0387564
0.0427039
0.0468948
0.0513259
0.0559912
0.0608817
0.0659853
0.0712867
0.0767674
0.0824055
0.0881761
0.094051
0.0999993
0.105987
0.111978
0.117935
0.123817
0.129582
0.13519
0.140596
0.14576
0.150638
0.155192
0.159382
0.163172
0.166529
0.169424
0.171829
0.173723
0.175088
0.175913
0.176188
0.175913
0.175088
0.173723
0.171829
0.169424
0.166529
0.163172
0.159382
0.155192
0.150638
0.14576
0.140596
0.13519
0.129582
0.123817
0.117935
0.111978
0.105987
0.0999993
0.094051
0.0881761
0.0824055
0.0767674
0.0712867
0.0659853
0.0608817
0.0559912
0.0513259
0.0468948
0.0427039
0.0387564
0.0350526
0.0315907
0.0283663
0.025373
0.0226029
0.0200461
0.0176915
0.0155268
0.0135386
0.0117127
0.0100342
0.00848786
0.00705773
0.0057277
0.00448136
0.00330215
0.00217338
0.00107827
0
0
0.00111787
0.0022532
0.00342342
0.00464594
0.00593805
0.00731693
0.00879957
0.0104027
0.0121428
0.0140358
0.016097
0.0183413
0.0207823
0.023433
0.0263049
0.029408
0.0327508
0.0363399
0.0401797
0.0442722
0.048617
0.0532109
0.0580475
0.0631176
0.0684086
0.0739048
0.0795867
0.0854319
0.0914144
0.097505
0.103672
0.10988
0.116091
0.122266
0.128364
0.134341
0.140155
0.14576
0.151113
0.156171
0.160891
0.165235
0.169165
0.172645
0.175646
0.178139
0.180103
0.181518
0.182373
0.182659
0.182373
0.181518
0.180103
0.178139
0.175646
0.172645
0.169165
0.165235
0.160891
0.156171
0.151113
0.14576
0.140155
0.134341
0.128364
0.122266
0.116091
0.10988
0.103672
0.097505
0.0914144
0.0854319
0.0795867
0.0739048
0.0684086
0.0631176
0.0580475
0.0532109
0.048617
0.0442722
0.0401797
0.0363399
0.0327508
0.029408
0.0263049
0.023433
0.0207823
0.0183413
0.016097
0.0140358
0.0121428
0.0104027
0.00879957
0.00731693
0.00593805
0.00464594
0.00342342
0.0022532
0.00111787
0
0
0.00115528
0.00232861
0.00353801
0.00480144
0.0061368
0.00756183
0.0090941
0.0107509
0.0125492
0.0145055
0.0166358
0.0189551
0.0214779
0.0242173
0.0271853
0.0303923
0.033847
0.0375563
0.0415246
0.0457541
0.0502443
0.0549919
0.0599904
0.0652302
0.0706983
0.0763784
0.0822505
0.0882913
0.0944741
0.100769
0.107142
0.113557
0.119977
0.126359
0.13266
0.138838
0.144846
0.150638
0.156171
0.161398
0.166277
0.170766
0.174827
0.178424
0.181525
0.184102
0.186131
0.187594
0.188477
0.188773
0.188477
0.187594
0.186131
0.184102
0.181525
0.178424
0.174827
0.170766
0.166277
0.161398
0.156171
0.150638
0.144846
0.138838
0.13266
0.126359
0.119977
0.113557
0.107142
0.100769
0.0944741
0.0882913
0.0822505
0.0763784
0.0706983
0.0652302
0.0599904
0.0549919
0.0502443
0.0457541
0.0415246
0.0375563
0.033847
0.0303923
0.0271853
0.0242173
0.0214779
0.0189551
0.0166358
0.0145055
0.0125492
0.0107509
0.0090941
0.00756183
0.0061368
0.00480144
0.00353801
0.00232861
0.00115528
0
0
0.00119021
0.002399
0.00364496
0.00494659
0.00632231
0.00779042
0.009369
0.0110759
0.0129286
0.014944
0.0171387
0.0195281
0.0221272
0.0249494
0.0280071
0.031311
0.0348702
0.0386915
0.0427798
0.0471372
0.0517631
0.0566542
0.0618038
0.067202
0.0728354
0.0786872
0.0847369
0.0909603
0.0973299
0.103815
0.11038
0.11699
0.123603
0.130178
0.136671
0.143035
0.149224
0.155192
0.160891
0.166277
0.171303
0.175928
0.180112
0.183817
0.187012
0.189667
0.191757
0.193265
0.194175
0.194479
0.194175
0.193265
0.191757
0.189667
0.187012
0.183817
0.180112
0.175928
0.171303
0.166277
0.160891
0.155192
0.149224
0.143035
0.136671
0.130178
0.123603
0.11699
0.11038
0.103815
0.0973299
0.0909603
0.0847369
0.0786872
0.0728354
0.067202
0.0618038
0.0566542
0.0517631
0.0471372
0.0427798
0.0386915
0.0348702
0.031311
0.0280071
0.0249494
0.0221272
0.0195281
0.0171387
0.014944
0.0129286
0.0110759
0.009369
0.00779042
0.00632231
0.00494659
0.00364496
0.002399
0.00119021
0
0
0.00122234
0.00246377
0.00374337
0.00508014
0.006493
0.00800075
0.00962196
0.0113749
0.0132776
0.0153475
0.0176014
0.0200554
0.0227246
0.025623
0.0287632
0.0321564
0.0358116
0.0397362
0.0439348
0.0484098
0.0531606
0.0581838
0.0634724
0.0690164
0.0748019
0.0808117
0.0870246
0.0934161
0.0999577
0.106618
0.113361
0.120149
0.12694
0.133693
0.14036
0.146896
0.153253
0.159382
0.165235
0.170766
0.175928
0.180678
0.184974
0.18878
0.192061
0.194787
0.196935
0.198483
0.199417
0.19973
0.199417
0.198483
0.196935
0.194787
0.192061
0.18878
0.184974
0.180678
0.175928
0.170766
0.165235
0.159382
0.153253
0.146896
0.14036
0.133693
0.12694
0.120149
0.113361
0.106618
0.0999577
0.0934161
0.0870246
0.0808117
0.0748019
0.0690164
0.0634724
0.0581838
0.0531606
0.0484098
0.0439348
0.0397362
0.0358116
0.0321564
0.0287632
0.025623
0.0227246
0.0200554
0.0176014
0.0153475
0.0132776
0.0113749
0.00962196
0.00800075
0.006493
0.00508014
0.00374337
0.00246377
0.00122234
0
0
0.00125141
0.00252236
0.00383239
0.00520095
0.00664741
0.00819101
0.00985077
0.0116454
0.0135934
0.0157125
0.01802
0.0205323
0.023265
0.0262323
0.0294473
0.0329211
0.0366633
0.0406811
0.0449796
0.049561
0.0544248
0.0595674
0.0649818
0.0706576
0.0765807
0.0827334
0.0890942
0.0956376
0.102335
0.109153
0.116056
0.123006
0.129959
0.136872
0.143698
0.15039
0.156898
0.163172
0.169165
0.174827
0.180112
0.184974
0.189373
0.193269
0.196628
0.19942
0.201618
0.203203
0.204159
0.204479
0.204159
0.203203
0.201618
0.19942
0.196628
0.193269
0.189373
0.184974
0.180112
0.174827
0.169165
0.163172
0.156898
0.15039
0.143698
0.136872
0.129959
0.123006
0.116056
0.109153
0.102335
0.0956376
0.0890942
0.0827334
0.0765807
0.0706576
0.0649818
0.0595674
0.0544248
0.049561
0.0449796
0.0406811
0.0366633
0.0329211
0.0294473
0.0262323
0.023265
0.0205323
0.01802
0.0157125
0.0135934
0.0116454
0.00985077
0.00819101
0.00664741
0.00520095
0.00383239
0.00252236
0.00125141
0
0
0.00127715
0.00257426
0.00391124
0.00530795
0.00678418
0.00835954
0.0100534
0.011885
0.0138731
0.0160357
0.0183907
0.0209547
0.0237437
0.026772
0.0300531
0.0335984
0.0374176
0.0415181
0.045905
0.0505807
0.0555446
0.060793
0.0663188
0.0721114
0.0781564
0.0844356
0.0909272
0.0976053
0.10444
0.111399
0.118444
0.125537
0.132633
0.139688
0.146655
0.153484
0.160126
0.166529
0.172645
0.178424
0.183817
0.18878
0.193269
0.197246
0.200674
0.203523
0.205766
0.207383
0.20836
0.208686
0.20836
0.207383
0.205766
0.203523
0.200674
0.197246
0.193269
0.18878
0.183817
0.178424
0.172645
0.166529
0.160126
0.153484
0.146655
0.139688
0.132633
0.125537
0.118444
0.111399
0.10444
0.0976053
0.0909272
0.0844356
0.0781564
0.0721114
0.0663188
0.060793
0.0555446
0.0505807
0.045905
0.0415181
0.0374176
0.0335984
0.0300531
0.026772
0.0237437
0.0209547
0.0183907
0.0160357
0.0138731
0.011885
0.0100534
0.00835954
0.00678418
0.00530795
0.00391124
0.00257426
0.00127715
0
0
0.00129935
0.002619
0.00397921
0.0054002
0.00690209
0.00850482
0.0102282
0.0120916
0.0141142
0.0163144
0.0187103
0.0213189
0.0241563
0.0272373
0.0305754
0.0341824
0.0380679
0.0422397
0.0467028
0.0514598
0.0565099
0.0618496
0.0674714
0.0733646
0.0795147
0.0859031
0.0925075
0.0993016
0.106255
0.113335
0.120503
0.127718
0.134938
0.142116
0.149204
0.156151
0.162908
0.169424
0.175646
0.181525
0.187012
0.192061
0.196628
0.200674
0.204161
0.20706
0.209342
0.210988
0.211981
0.212313
0.211981
0.210988
0.209342
0.20706
0.204161
0.200674
0.196628
0.192061
0.187012
0.181525
0.175646
0.169424
0.162908
0.156151
0.149204
0.142116
0.134938
0.127718
0.120503
0.113335
0.106255
0.0993016
0.0925075
0.0859031
0.0795147
0.0733646
0.0674714
0.0618496
0.0565099
0.0514598
0.0467028
0.0422397
0.0380679
0.0341824
0.0305754
0.0272373
0.0241563
0.0213189
0.0187103
0.0163144
0.0141142
0.0120916
0.0102282
0.00850482
0.00690209
0.0054002
0.00397921
0.002619
0.00129935
0
0
0.0013178
0.00265618
0.0040357
0.00547686
0.00700007
0.00862555
0.0103734
0.0122632
0.0143145
0.016546
0.0189759
0.0216216
0.0244992
0.027624
0.0310095
0.0346676
0.0386083
0.0428393
0.0473658
0.0521903
0.0573121
0.0627276
0.0684292
0.0744061
0.0806434
0.0871225
0.0938207
0.100711
0.107764
0.114944
0.122213
0.129531
0.136854
0.144133
0.151322
0.158368
0.165221
0.171829
0.178139
0.184102
0.189667
0.194787
0.19942
0.203523
0.20706
0.209999
0.212314
0.213983
0.21499
0.215327
0.21499
0.213983
0.212314
0.209999
0.20706
0.203523
0.19942
0.194787
0.189667
0.184102
0.178139
0.171829
0.165221
0.158368
0.151322
0.144133
0.136854
0.129531
0.122213
0.114944
0.107764
0.100711
0.0938207
0.0871225
0.0806434
0.0744061
0.0684292
0.0627276
0.0573121
0.0521903
0.0473658
0.0428393
0.0386083
0.0346676
0.0310095
0.027624
0.0244992
0.0216216
0.0189759
0.016546
0.0143145
0.0122632
0.0103734
0.00862555
0.00700007
0.00547686
0.0040357
0.00265618
0.0013178
0
0
0.00133232
0.00268546
0.00408019
0.00553723
0.00707723
0.00872063
0.0104877
0.0123984
0.0144723
0.0167284
0.0191851
0.0218599
0.0247693
0.0279285
0.0313513
0.0350497
0.0390339
0.0433115
0.0478879
0.0527656
0.0579439
0.063419
0.0691835
0.0752263
0.0815324
0.0880829
0.0948549
0.101821
0.108952
0.116211
0.12356
0.130959
0.138362
0.145722
0.15299
0.160114
0.167042
0.173723
0.180103
0.186131
0.191757
0.196935
0.201618
0.205766
0.209342
0.212314
0.214654
0.216341
0.21736
0.217701
0.21736
0.216341
0.214654
0.212314
0.209342
0.205766
0.201618
0.196935
0.191757
0.186131
0.180103
0.173723
0.167042
0.160114
0.15299
0.145722
0.138362
0.130959
0.12356
0.116211
0.108952
0.101821
0.0948549
0.0880829
0.0815324
0.0752263
0.0691835
0.063419
0.0579439
0.0527656
0.0478879
0.0433115
0.0390339
0.0350497
0.0313513
0.0279285
0.0247693
0.0218599
0.0191851
0.0167284
0.0144723
0.0123984
0.0104877
0.00872063
0.00707723
0.00553723
0.00408019
0.00268546
0.00133232
0
0
0.00134279
0.00270656
0.00411226
0.00558076
0.00713286
0.00878918
0.0105702
0.0124959
0.0145861
0.0168599
0.0193359
0.0220317
0.024964
0.028148
0.0315977
0.0353252
0.0393407
0.043652
0.0482643
0.0531803
0.0583994
0.0639175
0.0697273
0.0758176
0.0821733
0.0887753
0.0956005
0.102622
0.109808
0.117124
0.124532
0.131989
0.13945
0.146868
0.154192
0.161372
0.168355
0.175088
0.181518
0.187594
0.193265
0.198483
0.203203
0.207383
0.210988
0.213983
0.216341
0.218042
0.219069
0.219412
0.219069
0.218042
0.216341
0.213983
0.210988
0.207383
0.203203
0.198483
0.193265
0.187594
0.181518
0.175088
0.168355
0.161372
0.154192
0.146868
0.13945
0.131989
0.124532
0.117124
0.109808
0.102622
0.0956005
0.0887753
0.0821733
0.0758176
0.0697273
0.0639175
0.0583994
0.0531803
0.0482643
0.043652
0.0393407
0.0353252
0.0315977
0.028148
0.024964
0.0220317
0.0193359
0.0168599
0.0145861
0.0124959
0.0105702
0.00878918
0.00713286
0.00558076
0.00411226
0.00270656
0.00134279
0
0
0.00134912
0.00271931
0.00413162
0.00560704
0.00716644
0.00883057
0.0106199
0.0125547
0.0146548
0.0169393
0.019427
0.0221355
0.0250815
0.0282806
0.0317465
0.0354916
0.0395259
0.0438575
0.0484916
0.0534308
0.0586744
0.0642185
0.0700556
0.0761746
0.0825602
0.0891933
0.0960506
0.103105
0.110325
0.117676
0.125118
0.13261
0.140106
0.147559
0.154918
0.162132
0.169148
0.175913
0.182373
0.188477
0.194175
0.199417
0.204159
0.20836
0.211981
0.21499
0.21736
0.219069
0.2201
0.220445
0.2201
0.219069
0.21736
0.21499
0.211981
0.20836
0.204159
0.199417
0.194175
0.188477
0.182373
0.175913
0.169148
0.162132
0.154918
0.147559
0.140106
0.13261
0.125118
0.117676
0.110325
0.103105
0.0960506
0.0891933
0.0825602
0.0761746
0.0700556
0.0642185
0.0586744
0.0534308
0.0484916
0.0438575
0.0395259
0.0354916
0.0317465
0.0282806
0.0250815
0.0221355
0.019427
0.0169393
0.0146548
0.0125547
0.0106199
0.00883057
0.00716644
0.00560704
0.00413162
0.00271931
0.00134912
0
0
0.00135123
0.00272357
0.0041381
0.00561583
0.00717767
0.00884441
0.0106366
0.0125744
0.0146777
0.0169659
0.0194574
0.0221702
0.0251208
0.0283249
0.0317963
0.0355472
0.0395879
0.0439262
0.0485676
0.0535145
0.0587663
0.0643191
0.0701654
0.076294
0.0826896
0.0893331
0.0962012
0.103267
0.110498
0.11786
0.125314
0.132818
0.140326
0.14779
0.155161
0.162386
0.169413
0.176188
0.182659
0.188773
0.194479
0.19973
0.204479
0.208686
0.212313
0.215327
0.217701
0.219412
0.220445
0.220791
0.220445
0.219412
0.217701
0.215327
0.212313
0.208686
0.204479
0.19973
0.194479
0.188773
0.182659
0.176188
0.169413
0.162386
0.155161
0.14779
0.140326
0.132818
0.125314
0.11786
0.110498
0.103267
0.0962012
0.0893331
0.0826896
0.076294
0.0701654
0.0643191
0.0587663
0.0535145
0.0485676
0.0439262
0.0395879
0.0355472
0.0317963
0.0283249
0.0251208
0.0221702
0.0194574
0.0169659
0.0146777
0.0125744
0.0106366
0.00884441
0.00717767
0.00561583
0.0041381
0.00272357
0.00135123
0
0
0.00134912
0.00271931
0.00413162
0.00560704
0.00716644
0.00883057
0.0106199
0.0125547
0.0146548
0.0169393
0.019427
0.0221355
0.0250815
0.0282806
0.0317465
0.0354916
0.0395259
0.0438575
0.0484916
0.0534308
0.0586744
0.0642185
0.0700556
0.0761746
0.0825602
0.0891933
0.0960506
0.103105
0.110325
0.117676
0.125118
0.13261
0.140106
0.147559
0.154918
0.162132
0.169148
0.175913
0.182373
0.188477
0.194175
0.199417
0.204159
0.20836
0.211981
0.21499
0.21736
0.219069
0.2201
0.220445
0.2201
0.219069
0.21736
0.21499
0.211981
0.20836
0.204159
0.199417
0.194175
0.188477
0.182373
0.175913
0.169148
0.162132
0.154918
0.147559
0.140106
0.13261
0.125118
0.117676
0.110325
0.103105
0.0960506
0.0891933
0.0825602
0.0761746
0.0700556
0.0642185
0.0586744
0.0534308
0.0484916
0.0438575
0.0395259
0.0354916
0.0317465
0.0282806
0.0250815
0.0221355
0.019427
0.0169393
0.0146548
0.0125547
0.0106199
0.00883057
0.00716644
0.00560704
0.00413162
0.00271931
0.00134912
0
0
0.00134279
0.00270656
0.00411226
0.00558076
0.00713286
0.00878918
0.0105702
0.0124959
0.0145861
0.0168599
0.0193359
0.0220317
0.024964
0.028148
0.0315977
0.0353252
0.0393407
0.043652
0.0482643
0.0531803
0.0583994
0.0639175
0.0697273
0.0758176
0.0821733
0.0887753
0.0956005
0.102622
0.109808
0.117124
0.124532
0.131989
0.13945
0.146868
0.154192
0.161372
0.168355
0.175088
0.181518
0.187594
0.193265
0.198483
0.203203
0.207383
0.210988
0.213983
0.216341
0.218042
0.219069
0.219412
0.219069
0.218042
0.216341
0.213983
0.210988
0.207383
0.203203
0.198483
0.193265
0.187594
0.181518
0.175088
0.168355
0.161372
0.154192
0.146868
0.13945
0.131989
0.124532
0.117124
0.109808
0.102622
0.0956005
0.0887753
0.0821733
0.0758176
0.0697273
0.0639175
0.0583994
0.0531803
0.0482643
0.043652
0.0393407
0.0353252
0.0315977
0.028148
0.024964
0.0220317
0.0193359
0.0168599
0.0145861
0.0124959
0.0105702
0.00878918
0.00713286
0.00558076
0.00411226
0.00270656
0.00134279
0
0
0.00133232
0.00268546
0.00408019
0.00553723
0.00707723
0.00872063
0.0104877
0.0123984
0.0144723
0.0167284
0.0191851
0.0218599
0.0247693
0.0279285
0.0313513
0.0350497
0.0390339
0.0433115
0.0478879
0.0527656
0.0579439
0.063419
0.0691835
0.0752263
0.0815324
0.0880829
0.0948549
0.101821
0.108952
0.116211
0.12356
0.130959
0.138362
0.145722
0.15299
0.160114
0.167042
0.173723
0.180103
0.186131
0.191757
0.196935
0.201618
0.205766
0.209342
0.212314
0.214654
0.216341
0.21736
0.217701
0.21736
0.216341
0.214654
0.212314
0.209342
0.205766
0.201618
0.196935
0.191757
0.186131
0.180103
0.173723
0.167042
0.160114
0.15299
0.145722
0.138362
0.130959
0.12356
0.116211
0.108952
0.101821
0.0948549
0.0880829
0.0815324
0.0752263
0.0691835
0.063419
0.0579439
0.0527656
0.0478879
0.0433115
0.0390339
0.0350497
0.0313513
0.0279285
0.0247693
0.0218599
0.0191851
0.0167284
0.0144723
0.0123984
0.0104877
0.00872063
0.00707723
0.00553723
0.00408019
0.00268546
0.00133232
0
0
0.0013178
0.00265618
0.0040357
0.00547686
0.00700007
0.00862555
0.0103734
0.0122632
0.0143145
0.016546
0.0189759
0.0216216
0.0244992
0.027624
0.0310095
0.0346676
0.0386083
0.0428393
0.0473658
0.0521903
0.0573121
0.0627276
0.0684292
0.0744061
0.0806434
0.0871225
0.0938207
0.100711
0.107764
0.114944
0.122213
0.129531
0.136854
0.144133
0.151322
0.158368
0.165221
0.171829
0.178139
0.184102
0.189667
0.194787
0.19942
0.203523
0.20706
0.209999
0.212314
0.213983
0.21499
0.215327
0.21499
0.213983
0.212314
0.209999
0.20706
0.203523
0.19942
0.194787
0.189667
0.184102
0.178139
0.171829
0.165221
0.158368
0.151322
0.144133
0.136854
0.129531
0.122213
0.114944
0.107764
0.100711
0.0938207
0.0871225
0.0806434
0.0744061
0.0684292
0.0627276
0.0573121
0.0521903
0.0473658
0.0428393
0.0386083
0.0346676
0.0310095
0.027624
0.0244992
0.0216216
0.0189759
0.016546
0.0143145
0.0122632
0.0103734
0.00862555
0.00700007
0.00547686
0.0040357
0.00265618
0.0013178
0
0
0.00129935
0.002619
0.00397921
0.0054002
0.00690209
0.00850482
0.0102282
0.0120916
0.0141142
0.0163144
0.0187103
0.0213189
0.0241563
0.0272373
0.0305754
0.0341824
0.0380679
0.0422397
0.0467028
0.0514598
0.0565099
0.0618496
0.0674714
0.0733646
0.0795147
0.0859031
0.0925075
0.0993016
0.106255
0.113335
0.120503
0.127718
0.134938
0.142116
0.149204
0.156151
0.162908
0.169424
0.175646
0.181525
0.187012
0.192061
0.196628
0.200674
0.204161
0.20706
0.209342
0.210988
0.211981
0.212313
0.211981
0.210988
0.209342
0.20706
0.204161
0.200674
0.196628
0.192061
0.187012
0.181525
0.175646
0.169424
0.162908
0.156151
0.149204
0.142116
0.134938
0.127718
0.120503
0.113335
0.106255
0.0993016
0.0925075
0.0859031
0.0795147
0.0733646
0.0674714
0.0618496
0.0565099
0.0514598
0.0467028
0.0422397
0.0380679
0.0341824
0.0305754
0.0272373
0.0241563
0.0213189
0.0187103
0.0163144
0.0141142
0.0120916
0.0102282
0.00850482
0.00690209
0.0054002
0.00397921
0.002619
0.00129935
0
0
0.00127715
0.00257426
0.00391124
0.00530795
0.00678418
0.00835954
0.0100534
0.011885
0.0138731
0.0160357
0.0183907
0.0209547
0.0237437
0.026772
0.0300531
0.0335984
0.0374176
0.0415181
0.045905
0.0505807
0.0555446
0.060793
0.0663188
0.0721114
0.0781564
0.0844356
0.0909272
0.0976053
0.10444
0.111399
0.118444
0.125537
0.132633
0.139688
0.146655
0.153484
0.160126
0.166529
0.172645
0.178424
0.183817
0.18878
0.193269
0.197246
0.200674
0.203523
0.205766
0.207383
0.20836
0.208686
0.20836
0.207383
0.205766
0.203523
0.200674
0.197246
0.193269
0.18878
0.183817
0.178424
0.172645
0.166529
0.160126
0.153484
0.146655
0.139688
0.132633
0.125537
0.118444
0.111399
0.10444
0.0976053
0.0909272
0.0844356
0.0781564
0.0721114
0.0663188
0.060793
0.0555446
0.0505807
0.045905
0.0415181
0.0374176
0.0335984
0.0300531
0.026772
0.0237437
0.0209547
0.0183907
0.0160357
0.0138731
0.011885
0.0100534
0.00835954
0.00678418
0.00530795
0.00391124
0.00257426
0.00127715
0
0
0.00125141
0.00252236
0.00383239
0.00520095
0.00664741
0.00819101
0.00985077
0.0116454
0.0135934
0.0157125
0.01802
0.0205323
0.023265
0.0262323
0.0294473
0.0329211
0.0366633
0.0406811
0.0449796
0.049561
0.0544248
0.0595674
0.0649818
0.0706576
0.0765807
0.0827334
0.0890942
0.0956376
0.102335
0.109153
0.116056
0.123006
0.129959
0.136872
0.143698
0.15039
0.156898
0.163172
0.169165
0.174827
0.180112
0.184974
0.189373
0.193269
0.196628
0.19942
0.201618
0.203203
0.204159
0.204479
0.204159
0.203203
0.201618
0.19942
0.196628
0.193269
0.189373
0.184974
0.180112
0.174827
0.169165
0.163172
0.156898
0.15039
0.143698
0.136872
0.129959
0.123006
0.116056
0.109153
0.102335
0.0956376
0.0890942
0.0827334
0.0765807
0.0706576
0.0649818
0.0595674
0.0544248
0.049561
0.0449796
0.0406811
0.0366633
0.0329211
0.0294473
0.0262323
0.023265
0.0205323
0.01802
0.0157125
0.0135934
0.0116454
0.00985077
0.00819101
0.00664741
0.00520095
0.00383239
0.00252236
0.00125141
0
0
0.00122234
0.00246377
0.00374337
0.00508014
0.006493
0.00800075
0.00962196
0.0113749
0.0132776
0.0153475
0.0176014
0.0200554
0.0227246
0.025623
0.0287632
0.0321564
0.0358116
0.0397362
0.0439348
0.0484098
0.0531606
0.0581838
0.0634724
0.0690164
0.0748019
0.0808117
0.0870246
0.0934161
0.0999577
0.106618
0.113361
0.120149
0.12694
0.133693
0.14036
0.146896
0.153253
0.159382
0.165235
0.170766
0.175928
0.180678
0.184974
0.18878
0.192061
0.194787
0.196935
0.198483
0.199417
0.19973
0.199417
0.198483
0.196935
0.194787
0.192061
0.18878
0.184974
0.180678
0.175928
0.170766
0.165235
0.159382
0.153253
0.146896
0.14036
0.133693
0.12694
0.120149
0.113361
0.106618
0.0999577
0.0934161
0.0870246
0.0808117
0.0748019
0.0690164
0.0634724
0.0581838
0.0531606
0.0484098
0.0439348
0.0397362
0.0358116
0.0321564
0.0287632
0.025623
0.0227246
0.0200554
0.0176014
0.0153475
0.0132776
0.0113749
0.00962196
0.00800075
0.006493
0.00508014
0.00374337
0.00246377
0.00122234
0
0
0.00119021
0.002399
0.00364496
0.00494659
0.00632231
0.00779042
0.009369
0.0110759
0.0129286
0.014944
0.0171387
0.0195281
0.0221272
0.0249494
0.0280071
0.031311
0.0348702
0.0386915
0.0427798
0.0471372
0.0517631
0.0566542
0.0618038
0.067202
0.0728354
0.0786872
0.0847369
0.0909603
0.0973299
0.103815
0.11038
0.11699
0.123603
0.130178
0.136671
0.143035
0.149224
0.155192
0.160891
0.166277
0.171303
0.175928
0.180112
0.183817
0.187012
0.189667
0.191757
0.193265
0.194175
0.194479
0.194175
0.193265
0.191757
0.189667
0.187012
0.183817
0.180112
0.175928
0.171303
0.166277
0.160891
0.155192
0.149224
0.143035
0.136671
0.130178
0.123603
0.11699
0.11038
0.103815
0.0973299
0.0909603
0.0847369
0.0786872
0.0728354
0.067202
0.0618038
0.0566542
0.0517631
0.0471372
0.0427798
0.0386915
0.0348702
0.031311
0.0280071
0.0249494
0.0221272
0.0195281
0.0171387
0.014944
0.0129286
0.0110759
0.009369
0.00779042
0.00632231
0.00494659
0.00364496
0.002399
0.00119021
0
0
0.00115528
0.00232861
0.00353801
0.00480144
0.0061368
0.00756183
0.0090941
0.0107509
0.0125492
0.0145055
0.0166358
0.0189551
0.0214779
0.0242173
0.0271853
0.0303923
0.033847
0.0375563
0.0415246
0.0457541
0.0502443
0.0549919
0.0599904
0.0652302
0.0706983
0.0763784
0.0822505
0.0882913
0.0944741
0.100769
0.107142
0.113557
0.119977
0.126359
0.13266
0.138838
0.144846
0.150638
0.156171
0.161398
0.166277
0.170766
0.174827
0.178424
0.181525
0.184102
0.186131
0.187594
0.188477
0.188773
0.188477
0.187594
0.186131
0.184102
0.181525
0.178424
0.174827
0.170766
0.166277
0.161398
0.156171
0.150638
0.144846
0.138838
0.13266
0.126359
0.119977
0.113557
0.107142
0.100769
0.0944741
0.0882913
0.0822505
0.0763784
0.0706983
0.0652302
0.0599904
0.0549919
0.0502443
0.0457541
0.0415246
0.0375563
0.033847
0.0303923
0.0271853
0.0242173
0.0214779
0.0189551
0.0166358
0.0145055
0.0125492
0.0107509
0.0090941
0.00756183
0.0061368
0.00480144
0.00353801
0.00232861
0.00115528
0
0
0.00111787
0.0022532
0.00342342
0.00464594
0.00593805
0.00731693
0.00879957
0.0104027
0.0121428
0.0140358
0.016097
0.0183413
0.0207823
0.023433
0.0263049
0.029408
0.0327508
0.0363399
0.0401797
0.0442722
0.048617
0.0532109
0.0580475
0.0631176
0.0684086
0.0739048
0.0795867
0.0854319
0.0914144
0.097505
0.103672
0.10988
0.116091
0.122266
0.128364
0.134341
0.140155
0.14576
0.151113
0.156171
0.160891
0.165235
0.169165
0.172645
0.175646
0.178139
0.180103
0.181518
0.182373
0.182659
0.182373
0.181518
0.180103
0.178139
0.175646
0.172645
0.169165
0.165235
0.160891
0.156171
0.151113
0.14576
0.140155
0.134341
0.128364
0.122266
0.116091
0.10988
0.103672
0.097505
0.0914144
0.0854319
0.0795867
0.0739048
0.0684086
0.0631176
0.0580475
0.0532109
0.048617
0.0442722
0.0401797
0.0363399
0.0327508
0.029408
0.0263049
0.023433
0.0207823
0.0183413
0.016097
0.0140358
0.0121428
0.0104027
0.00879957
0.00731693
0.00593805
0.00464594
0.00342342
0.0022532
0.00111787
0
0
0.00107827
0.00217338
0.00330215
0.00448136
0.0057277
0.00705773
0.00848786
0.0100342
0.0117127
0.0135386
0.0155268
0.0176915
0.0200461
0.0226029
0.025373
0.0283663
0.0315907
0.0350526
0.0387564
0.0427039
0.0468948
0.0513259
0.0559912
0.0608817
0.0659853
0.0712867
0.0767674
0.0824055
0.0881761
0.094051
0.0999993
0.105987
0.111978
0.117935
0.123817
0.129582
0.13519
0.140596
0.14576
0.150638
0.155192
0.159382
0.163172
0.166529
0.169424
0.171829
0.173723
0.175088
0.175913
0.176188
0.175913
0.175088
0.173723
0.171829
0.169424
0.166529
0.163172
0.159382
0.155192
0.150638
0.14576
0.140596
0.13519
0.129582
0.123817
0.117935
0.111978
0.105987
0.0999993
0.094051
0.0881761
0.0824055
0.0767674
0.0712867
0.0659853
0.0608817
0.0559912
0.0513259
0.0468948
0.0427039
0.0387564
0.0350526
0.0315907
0.0283663
0.025373
0.0226029
0.0200461
0.0176915
0.0155268
0.0135386
0.0117127
0.0100342
0.00848786
0.00705773
0.0057277
0.00448136
0.00330215
0.00217338
0.00107827
0
0
0.0010368
0.0020898
0.00317517
0.00430904
0.00550745
0.00678633
0.00816146
0.00964836
0.0112622
0.0130179
0.0149297
0.0170112
0.0192753
0.0217337
0.0243973
0.0272754
0.0303759
0.0337047
0.037266
0.0410618
0.0450915
0.0493522
0.0538381
0.0585405
0.0634479
0.0685455
0.0738154
0.0792367
0.0847853
0.0904343
0.0961539
0.101911
0.107672
0.1134
0.119055
0.124599
0.129991
0.13519
0.140155
0.144846
0.149224
0.153253
0.156898
0.160126
0.162908
0.165221
0.167042
0.168355
0.169148
0.169413
0.169148
0.168355
0.167042
0.165221
0.162908
0.160126
0.156898
0.153253
0.149224
0.144846
0.140155
0.13519
0.129991
0.124599
0.119055
0.1134
0.107672
0.101911
0.0961539
0.0904343
0.0847853
0.0792367
0.0738154
0.0685455
0.0634479
0.0585405
0.0538381
0.0493522
0.0450915
0.0410618
0.037266
0.0337047
0.0303759
0.0272754
0.0243973
0.0217337
0.0192753
0.0170112
0.0149297
0.0130179
0.0112622
0.00964836
0.00816146
0.00678633
0.00550745
0.00430904
0.00317517
0.0020898
0.0010368
0
0
0.000993799
0.00200312
0.00304347
0.00413031
0.00527901
0.00650485
0.00782294
0.00924817
0.0107951
0.012478
0.0143105
0.0163056
0.0184758
0.0208323
0.0233854
0.0261441
0.029116
0.0323067
0.0357203
0.0393586
0.0432212
0.0473052
0.051605
0.0561124
0.0608162
0.0657024
0.0707537
0.0759501
0.0812686
0.0866833
0.0921656
0.0976844
0.103206
0.108696
0.114117
0.119431
0.124599
0.129582
0.134341
0.138838
0.143035
0.146896
0.15039
0.153484
0.156151
0.158368
0.160114
0.161372
0.162132
0.162386
0.162132
0.161372
0.160114
0.158368
0.156151
0.153484
0.15039
0.146896
0.143035
0.138838
0.134341
0.129582
0.124599
0.119431
0.114117
0.108696
0.103206
0.0976844
0.0921656
0.0866833
0.0812686
0.0759501
0.0707537
0.0657024
0.0608162
0.0561124
0.051605
0.0473052
0.0432212
0.0393586
0.0357203
0.0323067
0.029116
0.0261441
0.0233854
0.0208323
0.0184758
0.0163056
0.0143105
0.012478
0.0107951
0.00924817
0.00782294
0.00650485
0.00527901
0.00413031
0.00304347
0.00200312
0.000993799
0
0
0.000949581
0.001914
0.00290806
0.00394653
0.00504413
0.00621543
0.00747487
0.00883668
0.0103148
0.0119228
0.0136737
0.0155801
0.0176537
0.0199054
0.0223449
0.0249809
0.0278205
0.0308693
0.034131
0.0376074
0.0412982
0.0452004
0.0493089
0.0536158
0.0581103
0.062779
0.0676056
0.0725708
0.0776527
0.0828265
0.0880648
0.0933381
0.0986144
0.10386
0.10904
0.114117
0.119055
0.123817
0.128364
0.13266
0.136671
0.14036
0.143698
0.146655
0.149204
0.151322
0.15299
0.154192
0.154918
0.155161
0.154918
0.154192
0.15299
0.151322
0.149204
0.146655
0.143698
0.14036
0.136671
0.13266
0.128364
0.123817
0.119055
0.114117
0.10904
0.10386
0.0986144
0.0933381
0.0880648
0.0828265
0.0776527
0.0725708
0.0676056
0.062779
0.0581103
0.0536158
0.0493089
0.0452004
0.0412982
0.0376074
0.034131
0.0308693
0.0278205
0.0249809
0.0223449
0.0199054
0.0176537
0.0155801
0.0136737
0.0119228
0.0103148
0.00883668
0.00747487
0.00621543
0.00504413
0.00394653
0.00290806
0.001914
0.000949581
0
0
0.000904473
0.00182307
0.00276991
0.00375906
0.00480451
0.00592017
0.00711979
0.00841691
0.00982481
0.0113564
0.0130242
0.01484
0.0168151
0.0189598
0.0212834
0.0237942
0.0264989
0.0294029
0.0325097
0.0358209
0.0393363
0.0430532
0.0469666
0.0510688
0.0553498
0.0597968
0.0643941
0.0691234
0.0739639
0.0788919
0.0838814
0.0889042
0.0939299
0.0989263
0.10386
0.108696
0.1134
0.117935
0.122266
0.126359
0.130178
0.133693
0.136872
0.139688
0.142116
0.144133
0.145722
0.146868
0.147559
0.14779
0.147559
0.146868
0.145722
0.144133
0.142116
0.139688
0.136872
0.133693
0.130178
0.126359
0.122266
0.117935
0.1134
0.108696
0.10386
0.0989263
0.0939299
0.0889042
0.0838814
0.0788919
0.0739639
0.0691234
0.0643941
0.0597968
0.0553498
0.0510688
0.0469666
0.0430532
0.0393363
0.0358209
0.0325097
0.0294029
0.0264989
0.0237942
0.0212834
0.0189598
0.0168151
0.01484
0.0130242
0.0113564
0.00982481
0.00841691
0.00711979
0.00592017
0.00480451
0.00375906
0.00276991
0.00182307
0.000904473
0
0
0.00085879
0.001731
0.00263001
0.0035692
0.00456185
0.00562116
0.00676019
0.0079918
0.00932859
0.0107828
0.0123664
0.0140905
0.0159658
0.0180022
0.0202085
0.0225924
0.0251605
0.0279178
0.0308677
0.0340117
0.0373496
0.0408787
0.0445944
0.0484895
0.0525543
0.0567766
0.0611417
0.0656322
0.0702282
0.0749073
0.0796448
0.0844139
0.0891857
0.0939299
0.0986144
0.103206
0.107672
0.111978
0.116091
0.119977
0.123603
0.12694
0.129959
0.132633
0.134938
0.136854
0.138362
0.13945
0.140106
0.140326
0.140106
0.13945
0.138362
0.136854
0.134938
0.132633
0.129959
0.12694
0.123603
0.119977
0.116091
0.111978
0.107672
0.103206
0.0986144
0.0939299
0.0891857
0.0844139
0.0796448
0.0749073
0.0702282
0.0656322
0.0611417
0.0567766
0.0525543
0.0484895
0.0445944
0.0408787
0.0373496
0.0340117
0.0308677
0.0279178
0.0251605
0.0225924
0.0202085
0.0180022
0.0159658
0.0140905
0.0123664
0.0107828
0.00932859
0.0079918
0.00676019
0.00562116
0.00456185
0.0035692
0.00263001
0.001731
0.00085879
0
0
0.000812841
0.00163838
0.0024893
0.00337823
0.00431777
0.0053204
0.00639849
0.0075642
0.00882947
0.0102059
0.0117047
0.0133366
0.0151116
0.017039
0.0191272
0.0213836
0.0238143
0.0264241
0.0292161
0.032192
0.0353512
0.0386915
0.0422084
0.0458951
0.0497424
0.0537388
0.0578704
0.0621206
0.0664707
0.0708994
0.0753835
0.0798974
0.0844139
0.0889042
0.0933381
0.0976844
0.101911
0.105987
0.10988
0.113557
0.11699
0.120149
0.123006
0.125537
0.127718
0.129531
0.130959
0.131989
0.13261
0.132818
0.13261
0.131989
0.130959
0.129531
0.127718
0.125537
0.123006
0.120149
0.11699
0.113557
0.10988
0.105987
0.101911
0.0976844
0.0933381
0.0889042
0.0844139
0.0798974
0.0753835
0.0708994
0.0664707
0.0621206
0.0578704
0.0537388
0.0497424
0.0458951
0.0422084
0.0386915
0.0353512
0.032192
0.0292161
0.0264241
0.0238143
0.0213836
0.0191272
0.017039
0.0151116
0.0133366
0.0117047
0.0102059
0.00882947
0.0075642
0.00639849
0.0053204
0.00431777
0.00337823
0.0024893
0.00163838
0.000812841
0
0
0.000766919
0.00154582
0.00234866
0.00318737
0.00407383
0.00501982
0.006037
0.00713685
0.00833064
0.00962931
0.0110434
0.0125831
0.0142578
0.0160764
0.0180466
0.0201755
0.0224689
0.0249312
0.0275655
0.0303732
0.033354
0.0365056
0.0398238
0.0433022
0.0469321
0.0507028
0.0546009
0.058611
0.0627153
0.0668939
0.0711246
0.0753835
0.0796448
0.0838814
0.0880648
0.0921656
0.0961539
0.0999993
0.103672
0.107142
0.11038
0.113361
0.116056
0.118444
0.120503
0.122213
0.12356
0.124532
0.125118
0.125314
0.125118
0.124532
0.12356
0.122213
0.120503
0.118444
0.116056
0.113361
0.11038
0.107142
0.103672
0.0999993
0.0961539
0.0921656
0.0880648
0.0838814
0.0796448
0.0753835
0.0711246
0.0668939
0.0627153
0.058611
0.0546009
0.0507028
0.0469321
0.0433022
0.0398238
0.0365056
0.033354
0.0303732
0.0275655
0.0249312
0.0224689
0.0201755
0.0180466
0.0160764
0.0142578
0.0125831
0.0110434
0.00962931
0.00833064
0.00713685
0.006037
0.00501982
0.00407383
0.00318737
0.00234866
0.00154582
0.000766919
0
0
0.0007213
0.00145387
0.00220895
0.00299778
0.00383151
0.00472123
0.0056779
0.00671233
0.0078351
0.00905653
0.0103865
0.0118346
0.0134097
0.0151201
0.0169731
0.0189754
0.0211324
0.0234482
0.0259258
0.0285665
0.03137
0.0343341
0.037455
0.0407264
0.0441405
0.0476868
0.0513531
0.0551247
0.0589848
0.0629148
0.0668939
0.0708994
0.0749073
0.0788919
0.0828265
0.0866833
0.0904343
0.094051
0.097505
0.100769
0.103815
0.106618
0.109153
0.111399
0.113335
0.114944
0.116211
0.117124
0.117676
0.11786
0.117676
0.117124
0.116211
0.114944
0.113335
0.111399
0.109153
0.106618
0.103815
0.100769
0.097505
0.094051
0.0904343
0.0866833
0.0828265
0.0788919
0.0749073
0.0708994
0.0668939
0.0629148
0.0589848
0.0551247
0.0513531
0.0476868
0.0441405
0.0407264
0.037455
0.0343341
0.03137
0.0285665
0.0259258
0.0234482
0.0211324
0.0189754
0.0169731
0.0151201
0.0134097
0.0118346
0.0103865
0.00905653
0.0078351
0.00671233
0.0056779
0.00472123
0.00383151
0.00299778
0.00220895
0.00145387
0.0007213
0
0
0.000676244
0.00136305
0.00207097
0.00281052
0.00359217
0.00442631
0.00532323
0.00629304
0.00734568
0.00849081
0.00973775
0.0110954
0.0125721
0.0141756
0.0159129
0.0177901
0.0198123
0.0219835
0.0243064
0.0267821
0.0294105
0.0321895
0.0351153
0.0381824
0.0413832
0.0447081
0.0481453
0.0516813
0.0553003
0.0589848
0.0627153
0.0664707
0.0702282
0.0739639
0.0776527
0.0812686
0.0847853
0.0881761
0.0914144
0.0944741
0.0973299
0.0999577
0.102335
0.10444
0.106255
0.107764
0.108952
0.109808
0.110325
0.110498
0.110325
0.109808
0.108952
0.107764
0.106255
0.10444
0.102335
0.0999577
0.0973299
0.0944741
0.0914144
0.0881761
0.0847853
0.0812686
0.0776527
0.0739639
0.0702282
0.0664707
0.0627153
0.0589848
0.0553003
0.0516813
0.0481453
0.0447081
0.0413832
0.0381824
0.0351153
0.0321895
0.0294105
0.0267821
0.0243064
0.0219835
0.0198123
0.0177901
0.0159129
0.0141756
0.0125721
0.0110954
0.00973775
0.00849081
0.00734568
0.00629304
0.00532323
0.00442631
0.00359217
0.00281052
0.00207097
0.00136305
0.000676244
0
0
0.000631988
0.00127385
0.00193544
0.00262659
0.00335709
0.00413664
0.00497486
0.0058812
0.00686496
0.00793514
0.00910048
0.0103693
0.0117493
0.0132479
0.0148715
0.0166259
0.0185158
0.0205449
0.0227157
0.0250294
0.0274857
0.0300829
0.0328173
0.0356837
0.038675
0.0417822
0.0449945
0.0482991
0.0516813
0.0551247
0.058611
0.0621206
0.0656322
0.0691234
0.0725708
0.0759501
0.0792367
0.0824055
0.0854319
0.0882913
0.0909603
0.0934161
0.0956376
0.0976053
0.0993016
0.100711
0.101821
0.102622
0.103105
0.103267
0.103105
0.102622
0.101821
0.100711
0.0993016
0.0976053
0.0956376
0.0934161
0.0909603
0.0882913
0.0854319
0.0824055
0.0792367
0.0759501
0.0725708
0.0691234
0.0656322
0.0621206
0.058611
0.0551247
0.0516813
0.0482991
0.0449945
0.0417822
0.038675
0.0356837
0.0328173
0.0300829
0.0274857
0.0250294
0.0227157
0.0205449
0.0185158
0.0166259
0.0148715
0.0132479
0.0117493
0.0103693
0.00910048
0.00793514
0.00686496
0.0058812
0.00497486
0.00413664
0.00335709
0.00262659
0.00193544
0.00127385
0.000631988
0
0
0.000588748
0.00118669
0.00180302
0.00244688
0.0031274
0.00385362
0.00463448
0.00547882
0.00639526
0.00739223
0.00847783
0.00965981
0.0109454
0.0123415
0.013854
0.0154883
0.0172489
0.0191392
0.0211615
0.0233169
0.0256052
0.0280246
0.0305719
0.0332422
0.0360289
0.0389235
0.041916
0.0449945
0.0481453
0.0513531
0.0546009
0.0578704
0.0611417
0.0643941
0.0676056
0.0707537
0.0738154
0.0767674
0.0795867
0.0822505
0.0847369
0.0870246
0.0890942
0.0909272
0.0925075
0.0938207
0.0948549
0.0956005
0.0960506
0.0962012
0.0960506
0.0956005
0.0948549
0.0938207
0.0925075
0.0909272
0.0890942
0.0870246
0.0847369
0.0822505
0.0795867
0.0767674
0.0738154
0.0707537
0.0676056
0.0643941
0.0611417
0.0578704
0.0546009
0.0513531
0.0481453
0.0449945
0.041916
0.0389235
0.0360289
0.0332422
0.0305719
0.0280246
0.0256052
0.0233169
0.0211615
0.0191392
0.0172489
0.0154883
0.013854
0.0123415
0.0109454
0.00965981
0.00847783
0.00739223
0.00639526
0.00547882
0.00463448
0.00385362
0.0031274
0.00244688
0.00180302
0.00118669
0.000588748
0
0
0.000546715
0.00110197
0.0016743
0.00227219
0.00290412
0.00357849
0.00430361
0.00508767
0.00593868
0.00686447
0.00787257
0.00897016
0.010164
0.0114604
0.0128649
0.0143826
0.0160175
0.0177728
0.0196507
0.0216522
0.0237772
0.0260239
0.0283893
0.0308689
0.0334566
0.0361446
0.0389235
0.0417822
0.0447081
0.0476868
0.0507028
0.0537388
0.0567766
0.0597968
0.062779
0.0657024
0.0685455
0.0712867
0.0739048
0.0763784
0.0786872
0.0808117
0.0827334
0.0844356
0.0859031
0.0871225
0.0880829
0.0887753
0.0891933
0.0893331
0.0891933
0.0887753
0.0880829
0.0871225
0.0859031
0.0844356
0.0827334
0.0808117
0.0786872
0.0763784
0.0739048
0.0712867
0.0685455
0.0657024
0.062779
0.0597968
0.0567766
0.0537388
0.0507028
0.0476868
0.0447081
0.0417822
0.0389235
0.0361446
0.0334566
0.0308689
0.0283893
0.0260239
0.0237772
0.0216522
0.0196507
0.0177728
0.0160175
0.0143826
0.0128649
0.0114604
0.010164
0.00897016
0.00787257
0.00686447
0.00593868
0.00508767
0.00430361
0.00357849
0.00290412
0.00227219
0.0016743
0.00110197
0.000546715
0
0
0.000506058
0.00102002
0.00154978
0.00210321
0.00268815
0.00331237
0.00398356
0.00470931
0.00549704
0.00635398
0.00728711
0.00830307
0.00940815
0.0106081
0.0119082
0.013313
0.0148263
0.0164511
0.0181893
0.020042
0.0220089
0.0240885
0.0262781
0.0285733
0.0309685
0.0334566
0.0360289
0.038675
0.0413832
0.0441405
0.0469321
0.0497424
0.0525543
0.0553498
0.0581103
0.0608162
0.0634479
0.0659853
0.0684086
0.0706983
0.0728354
0.0748019
0.0765807
0.0781564
0.0795147
0.0806434
0.0815324
0.0821733
0.0825602
0.0826896
0.0825602
0.0821733
0.0815324
0.0806434
0.0795147
0.0781564
0.0765807
0.0748019
0.0728354
0.0706983
0.0684086
0.0659853
0.0634479
0.0608162
0.0581103
0.0553498
0.0525543
0.0497424
0.0469321
0.0441405
0.0413832
0.038675
0.0360289
0.0334566
0.0309685
0.0285733
0.0262781
0.0240885
0.0220089
0.020042
0.0181893
0.0164511
0.0148263
0.013313
0.0119082
0.0106081
0.00940815
0.00830307
0.00728711
0.00635398
0.00549704
0.00470931
0.00398356
0.00331237
0.00268815
0.00210321
0.00154978
0.00102002
0.000506058
0
0
0.000466917
0.000941127
0.00142991
0.00194054
0.00248024
0.00305617
0.00367545
0.00434507
0.00507187
0.00586253
0.00672349
0.00766087
0.00868047
0.00978763
0.0109872
0.0122833
0.0136796
0.0151787
0.0167825
0.0184919
0.0203066
0.0222254
0.0242456
0.0263633
0.0285733
0.0308689
0.0332422
0.0356837
0.0381824
0.0407264
0.0433022
0.0458951
0.0484895
0.0510688
0.0536158
0.0561124
0.0585405
0.0608817
0.0631176
0.0652302
0.067202
0.0690164
0.0706576
0.0721114
0.0733646
0.0744061
0.0752263
0.0758176
0.0761746
0.076294
0.0761746
0.0758176
0.0752263
0.0744061
0.0733646
0.0721114
0.0706576
0.0690164
0.067202
0.0652302
0.0631176
0.0608817
0.0585405
0.0561124
0.0536158
0.0510688
0.0484895
0.0458951
0.0433022
0.0407264
0.0381824
0.0356837
0.0332422
0.0308689
0.0285733
0.0263633
0.0242456
0.0222254
0.0203066
0.0184919
0.0167825
0.0151787
0.0136796
0.0122833
0.0109872
0.00978763
0.00868047
0.00766087
0.00672349
0.00586253
0.00507187
0.00434507
0.00367545
0.00305617
0.00248024
0.00194054
0.00142991
0.000941127
0.000466917
0
0
0.00042941
0.000865528
0.00131505
0.00178466
0.002281
0.00281068
0.00338021
0.00399604
0.00466446
0.00539161
0.0061834
0.00704549
0.00798319
0.00900141
0.0101046
0.0112966
0.0125807
0.0139594
0.0154344
0.0170065
0.0186754
0.0204401
0.022298
0.0242456
0.0262781
0.0283893
0.0305719
0.0328173
0.0351153
0.037455
0.0398238
0.0422084
0.0445944
0.0469666
0.0493089
0.051605
0.0538381
0.0559912
0.0580475
0.0599904
0.0618038
0.0634724
0.0649818
0.0663188
0.0674714
0.0684292
0.0691835
0.0697273
0.0700556
0.0701654
0.0700556
0.0697273
0.0691835
0.0684292
0.0674714
0.0663188
0.0649818
0.0634724
0.0618038
0.0599904
0.0580475
0.0559912
0.0538381
0.051605
0.0493089
0.0469666
0.0445944
0.0422084
0.0398238
0.037455
0.0351153
0.0328173
0.0305719
0.0283893
0.0262781
0.0242456
0.022298
0.0204401
0.0186754
0.0170065
0.0154344
0.0139594
0.0125807
0.0112966
0.0101046
0.00900141
0.00798319
0.00704549
0.0061834
0.00539161
0.00466446
0.00399604
0.00338021
0.00281068
0.002281
0.00178466
0.00131505
0.000865528
0.00042941
0
0
0.000393631
0.000793411
0.00120548
0.00163596
0.00209095
0.00257649
0.00309857
0.00366308
0.00427581
0.00494237
0.00566819
0.00645845
0.00731802
0.00825139
0.00926265
0.0103553
0.0115325
0.0127963
0.0141484
0.0155894
0.0171194
0.018737
0.0204401
0.0222254
0.0240885
0.0260239
0.0280246
0.0300829
0.0321895
0.0343341
0.0365056
0.0386915
0.0408787
0.0430532
0.0452004
0.0473052
0.0493522
0.0513259
0.0532109
0.0549919
0.0566542
0.0581838
0.0595674
0.060793
0.0618496
0.0627276
0.063419
0.0639175
0.0642185
0.0643191
0.0642185
0.0639175
0.063419
0.0627276
0.0618496
0.060793
0.0595674
0.0581838
0.0566542
0.0549919
0.0532109
0.0513259
0.0493522
0.0473052
0.0452004
0.0430532
0.0408787
0.0386915
0.0365056
0.0343341
0.0321895
0.0300829
0.0280246
0.0260239
0.0240885
0.0222254
0.0204401
0.018737
0.0171194
0.0155894
0.0141484
0.0127963
0.0115325
0.0103553
0.00926265
0.00825139
0.00731802
0.00645845
0.00566819
0.00494237
0.00427581
0.00366308
0.00309857
0.00257649
0.00209095
0.00163596
0.00120548
0.000793411
0.000393631
0
0
0.000359648
0.000724914
0.00110141
0.00149472
0.00191043
0.00235405
0.00283106
0.00334684
0.00390667
0.00451568
0.00517884
0.00590088
0.00668623
0.00753903
0.00846299
0.00946135
0.0105368
0.0116915
0.0129269
0.0142436
0.0156414
0.0171194
0.0186754
0.0203066
0.0220089
0.0237772
0.0256052
0.0274857
0.0294105
0.03137
0.033354
0.0353512
0.0373496
0.0393363
0.0412982
0.0432212
0.0450915
0.0468948
0.048617
0.0502443
0.0517631
0.0531606
0.0544248
0.0555446
0.0565099
0.0573121
0.0579439
0.0583994
0.0586744
0.0587663
0.0586744
0.0583994
0.0579439
0.0573121
0.0565099
0.0555446
0.0544248
0.0531606
0.0517631
0.0502443
0.048617
0.0468948
0.0450915
0.0432212
0.0412982
0.0393363
0.0373496
0.0353512
0.033354
0.03137
0.0294105
0.0274857
0.0256052
0.0237772
0.0220089
0.0203066
0.0186754
0.0171194
0.0156414
0.0142436
0.0129269
0.0116915
0.0105368
0.00946135
0.00846299
0.00753903
0.00668623
0.00590088
0.00517884
0.00451568
0.00390667
0.00334684
0.00283106
0.00235405
0.00191043
0.00149472
0.00110141
0.000724914
0.000359648
0
0
0.000327507
0.00066013
0.00100298
0.00136114
0.0017397
0.00214368
0.00257805
0.00304774
0.00355754
0.00411213
0.00471602
0.00537353
0.0060887
0.00686529
0.00770667
0.00861581
0.00959518
0.0106467
0.0117717
0.0129707
0.0142436
0.0155894
0.0170065
0.0184919
0.020042
0.0216522
0.0233169
0.0250294
0.0267821
0.0285665
0.0303732
0.032192
0.0340117
0.0358209
0.0376074
0.0393586
0.0410618
0.0427039
0.0442722
0.0457541
0.0471372
0.0484098
0.049561
0.0505807
0.0514598
0.0521903
0.0527656
0.0531803
0.0534308
0.0535145
0.0534308
0.0531803
0.0527656
0.0521903
0.0514598
0.0505807
0.049561
0.0484098
0.0471372
0.0457541
0.0442722
0.0427039
0.0410618
0.0393586
0.0376074
0.0358209
0.0340117
0.032192
0.0303732
0.0285665
0.0267821
0.0250294
0.0233169
0.0216522
0.020042
0.0184919
0.0170065
0.0155894
0.0142436
0.0129707
0.0117717
0.0106467
0.00959518
0.00861581
0.00770667
0.00686529
0.0060887
0.00537353
0.00471602
0.00411213
0.00355754
0.00304774
0.00257805
0.00214368
0.0017397
0.00136114
0.00100298
0.00066013
0.000327507
0
0
0.000297232
0.000599107
0.000910262
0.00123532
0.00157888
0.00194552
0.00233974
0.00276601
0.00322868
0.003732
0.00428007
0.0048768
0.00552586
0.00623066
0.00699426
0.00781936
0.0087082
0.00966251
0.0106835
0.0117717
0.0129269
0.0141484
0.0154344
0.0167825
0.0181893
0.0196507
0.0211615
0.0227157
0.0243064
0.0259258
0.0275655
0.0292161
0.0308677
0.0325097
0.034131
0.0357203
0.037266
0.0387564
0.0401797
0.0415246
0.0427798
0.0439348
0.0449796
0.045905
0.0467028
0.0473658
0.0478879
0.0482643
0.0484916
0.0485676
0.0484916
0.0482643
0.0478879
0.0473658
0.0467028
0.045905
0.0449796
0.0439348
0.0427798
0.0415246
0.0401797
0.0387564
0.037266
0.0357203
0.034131
0.0325097
0.0308677
0.0292161
0.0275655
0.0259258
0.0243064
0.0227157
0.0211615
0.0196507
0.0181893
0.0167825
0.0154344
0.0141484
0.0129269
0.0117717
0.0106835
0.00966251
0.0087082
0.00781936
0.00699426
0.00623066
0.00552586
0.0048768
0.00428007
0.003732
0.00322868
0.00276601
0.00233974
0.00194552
0.00157888
0.00123532
0.000910262
0.000599107
0.000297232
0
0
0.000268827
0.000541854
0.000823273
0.00111727
0.001428
0.00175959
0.00211614
0.00250167
0.00292013
0.00337535
0.00387105
0.00441075
0.00499778
0.00563523
0.00632586
0.00707211
0.007876
0.00873911
0.00966251
0.0106467
0.0116915
0.0127963
0.0139594
0.0151787
0.0164511
0.0177728
0.0191392
0.0205449
0.0219835
0.0234482
0.0249312
0.0264241
0.0279178
0.0294029
0.0308693
0.0323067
0.0337047
0.0350526
0.0363399
0.0375563
0.0386915
0.0397362
0.0406811
0.0415181
0.0422397
0.0428393
0.0433115
0.043652
0.0438575
0.0439262
0.0438575
0.043652
0.0433115
0.0428393
0.0422397
0.0415181
0.0406811
0.0397362
0.0386915
0.0375563
0.0363399
0.0350526
0.0337047
0.0323067
0.0308693
0.0294029
0.0279178
0.0264241
0.0249312
0.0234482
0.0219835
0.0205449
0.0191392
0.0177728
0.0164511
0.0151787
0.0139594
0.0127963
0.0116915
0.0106467
0.00966251
0.00873911
0.007876
0.00707211
0.00632586
0.00563523
0.00499778
0.00441075
0.00387105
0.00337535
0.00292013
0.00250167
0.00211614
0.00175959
0.001428
0.00111727
0.000823273
0.000541854
0.000268827
0
0
0.000242277
0.000488338
0.000741963
0.00100692
0.00128696
0.00158581
0.00190714
0.0022546
0.00263172
0.00304199
0.00348872
0.00397512
0.00450418
0.00507867
0.00570109
0.00637363
0.00709813
0.007876
0.0087082
0.00959518
0.0105368
0.0115325
0.0125807
0.0136796
0.0148263
0.0160175
0.0172489
0.0185158
0.0198123
0.0211324
0.0224689
0.0238143
0.0251605
0.0264989
0.0278205
0.029116
0.0303759
0.0315907
0.0327508
0.033847
0.0348702
0.0358116
0.0366633
0.0374176
0.0380679
0.0386083
0.0390339
0.0393407
0.0395259
0.0395879
0.0395259
0.0393407
0.0390339
0.0386083
0.0380679
0.0374176
0.0366633
0.0358116
0.0348702
0.033847
0.0327508
0.0315907
0.0303759
0.029116
0.0278205
0.0264989
0.0251605
0.0238143
0.0224689
0.0211324
0.0198123
0.0185158
0.0172489
0.0160175
0.0148263
0.0136796
0.0125807
0.0115325
0.0105368
0.00959518
0.0087082
0.007876
0.00709813
0.00637363
0.00570109
0.00507867
0.00450418
0.00397512
0.00348872
0.00304199
0.00263172
0.0022546
0.00190714
0.00158581
0.00128696
0.00100692
0.000741963
0.000488338
0.000242277
0
0
0.000217548
0.000438494
0.000666232
0.000904145
0.0011556
0.00142395
0.00171248
0.00202447
0.00236311
0.00273149
0.00313263
0.00356939
0.00404444
0.00456029
0.00511918
0.00572308
0.00637363
0.00707211
0.00781936
0.00861581
0.00946135
0.0103553
0.0112966
0.0122833
0.013313
0.0143826
0.0154883
0.0166259
0.0177901
0.0189754
0.0201755
0.0213836
0.0225924
0.0237942
0.0249809
0.0261441
0.0272754
0.0283663
0.029408
0.0303923
0.031311
0.0321564
0.0329211
0.0335984
0.0341824
0.0346676
0.0350497
0.0353252
0.0354916
0.0355472
0.0354916
0.0353252
0.0350497
0.0346676
0.0341824
0.0335984
0.0329211
0.0321564
0.031311
0.0303923
0.029408
0.0283663
0.0272754
0.0261441
0.0249809
0.0237942
0.0225924
0.0213836
0.0201755
0.0189754
0.0177901
0.0166259
0.0154883
0.0143826
0.013313
0.0122833
0.0112966
0.0103553
0.00946135
0.00861581
0.00781936
0.00707211
0.00637363
0.00572308
0.00511918
0.00456029
0.00404444
0.00356939
0.00313263
0.00273149
0.00236311
0.00202447
0.00171248
0.00142395
0.0011556
0.000904145
0.000666232
0.000438494
0.000217548
0
0
0.000194592
0.000392224
0.000595931
0.00080874
0.00103366
0.00127369
0.00153178
0.00181085
0.00211375
0.00244327
0.00280208
0.00319274
0.00361767
0.00407909
0.00457901
0.00511918
0.00570109
0.00632586
0.00699426
0.00770667
0.00846299
0.00926265
0.0101046
0.0109872
0.0119082
0.0128649
0.013854
0.0148715
0.0159129
0.0169731
0.0180466
0.0191272
0.0202085
0.0212834
0.0223449
0.0233854
0.0243973
0.025373
0.0263049
0.0271853
0.0280071
0.0287632
0.0294473
0.0300531
0.0305754
0.0310095
0.0313513
0.0315977
0.0317465
0.0317963
0.0317465
0.0315977
0.0313513
0.0310095
0.0305754
0.0300531
0.0294473
0.0287632
0.0280071
0.0271853
0.0263049
0.025373
0.0243973
0.0233854
0.0223449
0.0212834
0.0202085
0.0191272
0.0180466
0.0169731
0.0159129
0.0148715
0.013854
0.0128649
0.0119082
0.0109872
0.0101046
0.00926265
0.00846299
0.00770667
0.00699426
0.00632586
0.00570109
0.00511918
0.00457901
0.00407909
0.00361767
0.00319274
0.00280208
0.00244327
0.00211375
0.00181085
0.00153178
0.00127369
0.00103366
0.00080874
0.000595931
0.000392224
0.000194592
0
0
0.000173347
0.000349402
0.00053087
0.000720445
0.000920812
0.00113463
0.00136455
0.00161315
0.00188298
0.00217652
0.00249616
0.00284417
0.00322271
0.00363375
0.00407909
0.00456029
0.00507867
0.00563523
0.00623066
0.00686529
0.00753903
0.00825139
0.00900141
0.00978763
0.0106081
0.0114604
0.0123415
0.0132479
0.0141756
0.0151201
0.0160764
0.017039
0.0180022
0.0189598
0.0199054
0.0208323
0.0217337
0.0226029
0.023433
0.0242173
0.0249494
0.025623
0.0262323
0.026772
0.0272373
0.027624
0.0279285
0.028148
0.0282806
0.0283249
0.0282806
0.028148
0.0279285
0.027624
0.0272373
0.026772
0.0262323
0.025623
0.0249494
0.0242173
0.023433
0.0226029
0.0217337
0.0208323
0.0199054
0.0189598
0.0180022
0.017039
0.0160764
0.0151201
0.0141756
0.0132479
0.0123415
0.0114604
0.0106081
0.00978763
0.00900141
0.00825139
0.00753903
0.00686529
0.00623066
0.00563523
0.00507867
0.00456029
0.00407909
0.00363375
0.00322271
0.00284417
0.00249616
0.00217652
0.00188298
0.00161315
0.00136455
0.00113463
0.000920812
0.000720445
0.00053087
0.000349402
0.000173347
0
0
0.000153739
0.000309879
0.000470819
0.00063895
0.000816652
0.00100629
0.00121019
0.00143067
0.00166998
0.00193032
0.0022138
0.00252245
0.00285816
0.00322271
0.00361767
0.00404444
0.00450418
0.00499778
0.00552586
0.0060887
0.00668623
0.00731802
0.00798319
0.00868047
0.00940815
0.010164
0.0109454
0.0117493
0.0125721
0.0134097
0.0142578
0.0151116
0.0159658
0.0168151
0.0176537
0.0184758
0.0192753
0.0200461
0.0207823
0.0214779
0.0221272
0.0227246
0.023265
0.0237437
0.0241563
0.0244992
0.0247693
0.024964
0.0250815
0.0251208
0.0250815
0.024964
0.0247693
0.0244992
0.0241563
0.0237437
0.023265
0.0227246
0.0221272
0.0214779
0.0207823
0.0200461
0.0192753
0.0184758
0.0176537
0.0168151
0.0159658
0.0151116
0.0142578
0.0134097
0.0125721
0.0117493
0.0109454
0.010164
0.00940815
0.00868047
0.00798319
0.00731802
0.00668623
0.0060887
0.00552586
0.00499778
0.00450418
0.00404444
0.00361767
0.00322271
0.00285816
0.00252245
0.0022138
0.00193032
0.00166998
0.00143067
0.00121019
0.00100629
0.000816652
0.00063895
0.000470819
0.000309879
0.000153739
0
0
0.000135681
0.000273481
0.000415517
0.0005639
0.000720729
0.00088809
0.00106805
0.00126263
0.00147383
0.00170359
0.00195377
0.00222616
0.00252245
0.00284417
0.00319274
0.00356939
0.00397512
0.00441075
0.0048768
0.00537353
0.00590088
0.00645845
0.00704549
0.00766087
0.00830307
0.00897016
0.00965981
0.0103693
0.0110954
0.0118346
0.0125831
0.0133366
0.0140905
0.01484
0.0155801
0.0163056
0.0170112
0.0176915
0.0183413
0.0189551
0.0195281
0.0200554
0.0205323
0.0209547
0.0213189
0.0216216
0.0218599
0.0220317
0.0221355
0.0221702
0.0221355
0.0220317
0.0218599
0.0216216
0.0213189
0.0209547
0.0205323
0.0200554
0.0195281
0.0189551
0.0183413
0.0176915
0.0170112
0.0163056
0.0155801
0.01484
0.0140905
0.0133366
0.0125831
0.0118346
0.0110954
0.0103693
0.00965981
0.00897016
0.00830307
0.00766087
0.00704549
0.00645845
0.00590088
0.00537353
0.0048768
0.00441075
0.00397512
0.00356939
0.00319274
0.00284417
0.00252245
0.00222616
0.00195377
0.00170359
0.00147383
0.00126263
0.00106805
0.00088809
0.000720729
0.0005639
0.000415517
0.000273481
0.000135681
0
0
0.000119079
0.000240018
0.000364674
0.000494901
0.00063254
0.000779423
0.000937359
0.00110813
0.00129349
0.00149513
0.0017147
0.00195377
0.0022138
0.00249616
0.00280208
0.00313263
0.00348872
0.00387105
0.00428007
0.00471602
0.00517884
0.00566819
0.0061834
0.00672349
0.00728711
0.00787257
0.00847783
0.00910048
0.00973775
0.0103865
0.0110434
0.0117047
0.0123664
0.0130242
0.0136737
0.0143105
0.0149297
0.0155268
0.016097
0.0166358
0.0171387
0.0176014
0.01802
0.0183907
0.0187103
0.0189759
0.0191851
0.0193359
0.019427
0.0194574
0.019427
0.0193359
0.0191851
0.0189759
0.0187103
0.0183907
0.01802
0.0176014
0.0171387
0.0166358
0.016097
0.0155268
0.0149297
0.0143105
0.0136737
0.0130242
0.0123664
0.0117047
0.0110434
0.0103865
0.00973775
0.00910048
0.00847783
0.00787257
0.00728711
0.00672349
0.0061834
0.00566819
0.00517884
0.00471602
0.00428007
0.00387105
0.00348872
0.00313263
0.00280208
0.00249616
0.0022138
0.00195377
0.0017147
0.00149513
0.00129349
0.00110813
0.000937359
0.000779423
0.00063254
0.000494901
0.000364674
0.000240018
0.000119079
0
0
0.00010383
0.000209283
0.000317977
0.000431528
0.000551542
0.000679616
0.000817328
0.000966233
0.00112786
0.00130368
0.00149513
0.00170359
0.00193032
0.00217652
0.00244327
0.00273149
0.00304199
0.00337535
0.003732
0.00411213
0.00451568
0.00494237
0.00539161
0.00586253
0.00635398
0.00686447
0.00739223
0.00793514
0.00849081
0.00905653
0.00962931
0.0102059
0.0107828
0.0113564
0.0119228
0.012478
0.0130179
0.0135386
0.0140358
0.0145055
0.014944
0.0153475
0.0157125
0.0160357
0.0163144
0.016546
0.0167284
0.0168599
0.0169393
0.0169659
0.0169393
0.0168599
0.0167284
0.016546
0.0163144
0.0160357
0.0157125
0.0153475
0.014944
0.0145055
0.0140358
0.0135386
0.0130179
0.012478
0.0119228
0.0113564
0.0107828
0.0102059
0.00962931
0.00905653
0.00849081
0.00793514
0.00739223
0.00686447
0.00635398
0.00586253
0.00539161
0.00494237
0.00451568
0.00411213
0.003732
0.00337535
0.00304199
0.00273149
0.00244327
0.00217652
0.00193032
0.00170359
0.00149513
0.00130368
0.00112786
0.000966233
0.000817328
0.000679616
0.000551542
0.000431528
0.000317977
0.000209283
0.00010383
0
0
8.98272e-05
0.000181058
0.000275092
0.000373329
0.000477157
0.000587958
0.000707098
0.00083592
0.000975746
0.00112786
0.00129349
0.00147383
0.00166998
0.00188298
0.00211375
0.00236311
0.00263172
0.00292013
0.00322868
0.00355754
0.00390667
0.00427581
0.00466446
0.00507187
0.00549704
0.00593868
0.00639526
0.00686496
0.00734568
0.0078351
0.00833064
0.00882947
0.00932859
0.00982481
0.0103148
0.0107951
0.0112622
0.0117127
0.0121428
0.0125492
0.0129286
0.0132776
0.0135934
0.0138731
0.0141142
0.0143145
0.0144723
0.0145861
0.0146548
0.0146777
0.0146548
0.0145861
0.0144723
0.0143145
0.0141142
0.0138731
0.0135934
0.0132776
0.0129286
0.0125492
0.0121428
0.0117127
0.0112622
0.0107951
0.0103148
0.00982481
0.00932859
0.00882947
0.00833064
0.0078351
0.00734568
0.00686496
0.00639526
0.00593868
0.00549704
0.00507187
0.00466446
0.00427581
0.00390667
0.00355754
0.00322868
0.00292013
0.00263172
0.00236311
0.00211375
0.00188298
0.00166998
0.00147383
0.00129349
0.00112786
0.000975746
0.00083592
0.000707098
0.000587958
0.000477157
0.000373329
0.000275092
0.000181058
8.98272e-05
0
0
7.69549e-05
0.000155112
0.000235671
0.000319831
0.00040878
0.000503704
0.00060577
0.000716132
0.00083592
0.000966233
0.00110813
0.00126263
0.00143067
0.00161315
0.00181085
0.00202447
0.0022546
0.00250167
0.00276601
0.00304774
0.00334684
0.00366308
0.00399604
0.00434507
0.00470931
0.00508767
0.00547882
0.0058812
0.00629304
0.00671233
0.00713685
0.0075642
0.0079918
0.00841691
0.00883668
0.00924817
0.00964836
0.0100342
0.0104027
0.0107509
0.0110759
0.0113749
0.0116454
0.011885
0.0120916
0.0122632
0.0123984
0.0124959
0.0125547
0.0125744
0.0125547
0.0124959
0.0123984
0.0122632
0.0120916
0.011885
0.0116454
0.0113749
0.0110759
0.0107509
0.0104027
0.0100342
0.00964836
0.00924817
0.00883668
0.00841691
0.0079918
0.0075642
0.00713685
0.00671233
0.00629304
0.0058812
0.00547882
0.00508767
0.00470931
0.00434507
0.00399604
0.00366308
0.00334684
0.00304774
0.00276601
0.00250167
0.0022546
0.00202447
0.00181085
0.00161315
0.00143067
0.00126263
0.00110813
0.000966233
0.00083592
0.000716132
0.00060577
0.000503704
0.00040878
0.000319831
0.000235671
0.000155112
7.69549e-05
0
0
6.50954e-05
0.000131208
0.000199352
0.000270542
0.000345784
0.000426078
0.000512415
0.00060577
0.000707098
0.000817328
0.000937359
0.00106805
0.00121019
0.00136455
0.00153178
0.00171248
0.00190714
0.00211614
0.00233974
0.00257805
0.00283106
0.00309857
0.00338021
0.00367545
0.00398356
0.00430361
0.00463448
0.00497486
0.00532323
0.0056779
0.006037
0.00639849
0.00676019
0.00711979
0.00747487
0.00782294
0.00816146
0.00848786
0.00879957
0.0090941
0.009369
0.00962196
0.00985077
0.0100534
0.0102282
0.0103734
0.0104877
0.0105702
0.0106199
0.0106366
0.0106199
0.0105702
0.0104877
0.0103734
0.0102282
0.0100534
0.00985077
0.00962196
0.009369
0.0090941
0.00879957
0.00848786
0.00816146
0.00782294
0.00747487
0.00711979
0.00676019
0.00639849
0.006037
0.0056779
0.00532323
0.00497486
0.00463448
0.00430361
0.00398356
0.00367545
0.00338021
0.00309857
0.00283106
0.00257805
0.00233974
0.00211614
0.00190714
0.00171248
0.00153178
0.00136455
0.00121019
0.00106805
0.000937359
0.000817328
0.000707098
0.00060577
0.000512415
0.000426078
0.000345784
0.000270542
0.000199352
0.000131208
6.50954e-05
0
0
5.41275e-05
0.0001091
0.000165763
0.000224958
0.000287522
0.000354288
0.000426078
0.000503704
0.000587958
0.000679616
0.000779423
0.00088809
0.00100629
0.00113463
0.00127369
0.00142395
0.00158581
0.00175959
0.00194552
0.00214368
0.00235405
0.00257649
0.00281068
0.00305617
0.00331237
0.00357849
0.00385362
0.00413664
0.00442631
0.00472123
0.00501982
0.0053204
0.00562116
0.00592017
0.00621543
0.00650485
0.00678633
0.00705773
0.00731693
0.00756183
0.00779042
0.00800075
0.00819101
0.00835954
0.00850482
0.00862555
0.00872063
0.00878918
0.00883057
0.00884441
0.00883057
0.00878918
0.00872063
0.00862555
0.00850482
0.00835954
0.00819101
0.00800075
0.00779042
0.00756183
0.00731693
0.00705773
0.00678633
0.00650485
0.00621543
0.00592017
0.00562116
0.0053204
0.00501982
0.00472123
0.00442631
0.00413664
0.00385362
0.00357849
0.00331237
0.00305617
0.00281068
0.00257649
0.00235405
0.00214368
0.00194552
0.00175959
0.00158581
0.00142395
0.00127369
0.00113463
0.00100629
0.00088809
0.000779423
0.000679616
0.000587958
0.000503704
0.000426078
0.000354288
0.000287522
0.000224958
0.000165763
0.0001091
5.41275e-05
0
0
4.39271e-05
8.85405e-05
0.000134525
0.000182565
0.000233339
0.000287522
0.000345784
0.00040878
0.000477157
0.000551542
0.00063254
0.000720729
0.000816652
0.000920812
0.00103366
0.0011556
0.00128696
0.001428
0.00157888
0.0017397
0.00191043
0.00209095
0.002281
0.00248024
0.00268815
0.00290412
0.0031274
0.00335709
0.00359217
0.00383151
0.00407383
0.00431777
0.00456185
0.00480451
0.00504413
0.00527901
0.00550745
0.0057277
0.00593805
0.0061368
0.00632231
0.006493
0.00664741
0.00678418
0.00690209
0.00700007
0.00707723
0.00713286
0.00716644
0.00717767
0.00716644
0.00713286
0.00707723
0.00700007
0.00690209
0.00678418
0.00664741
0.006493
0.00632231
0.0061368
0.00593805
0.0057277
0.00550745
0.00527901
0.00504413
0.00480451
0.00456185
0.00431777
0.00407383
0.00383151
0.00359217
0.00335709
0.0031274
0.00290412
0.00268815
0.00248024
0.002281
0.00209095
0.00191043
0.0017397
0.00157888
0.001428
0.00128696
0.0011556
0.00103366
0.000920812
0.000816652
0.000720729
0.00063254
0.000551542
0.000477157
0.00040878
0.000345784
0.000287522
0.000233339
0.000182565
0.000134525
8.85405e-05
4.39271e-05
0
0
3.43687e-05
6.92742e-05
0.000105253
0.000142839
0.000182565
0.000224958
0.000270542
0.000319831
0.000373329
0.000431528
0.000494901
0.0005639
0.00063895
0.000720445
0.00080874
0.000904145
0.00100692
0.00111727
0.00123532
0.00136114
0.00149472
0.00163596
0.00178466
0.00194054
0.00210321
0.00227219
0.00244688
0.00262659
0.00281052
0.00299778
0.00318737
0.00337823
0.0035692
0.00375906
0.00394653
0.00413031
0.00430904
0.00448136
0.00464594
0.00480144
0.00494659
0.00508014
0.00520095
0.00530795
0.0054002
0.00547686
0.00553723
0.00558076
0.00560704
0.00561583
0.00560704
0.00558076
0.00553723
0.00547686
0.0054002
0.00530795
0.00520095
0.00508014
0.00494659
0.00480144
0.00464594
0.00448136
0.00430904
0.00413031
0.00394653
0.00375906
0.0035692
0.00337823
0.00318737
0.00299778
0.00281052
0.00262659
0.00244688
0.00227219
0.00210321
0.00194054
0.00178466
0.00163596
0.00149472
0.00136114
0.00123532
0.00111727
0.00100692
0.000904145
0.00080874
0.000720445
0.00063895
0.0005639
0.000494901
0.000431528
0.000373329
0.000319831
0.000270542
0.000224958
0.000182565
0.000142839
0.000105253
6.92742e-05
3.43687e-05
0
0
2.5325e-05
5.10456e-05
7.75569e-05
0.000105253
0.000134525
0.000165763
0.000199352
0.000235671
0.000275092
0.000317977
0.000364674
0.000415517
0.000470819
0.00053087
0.000595931
0.000666232
0.000741963
0.000823273
0.000910262
0.00100298
0.00110141
0.00120548
0.00131505
0.00142991
0.00154978
0.0016743
0.00180302
0.00193544
0.00207097
0.00220895
0.00234866
0.0024893
0.00263001
0.00276991
0.00290806
0.00304347
0.00317517
0.00330215
0.00342342
0.00353801
0.00364496
0.00374337
0.00383239
0.00391124
0.00397921
0.0040357
0.00408019
0.00411226
0.00413162
0.0041381
0.00413162
0.00411226
0.00408019
0.0040357
0.00397921
0.00391124
0.00383239
0.00374337
0.00364496
0.00353801
0.00342342
0.00330215
0.00317517
0.00304347
0.00290806
0.00276991
0.00263001
0.0024893
0.00234866
0.00220895
0.00207097
0.00193544
0.00180302
0.0016743
0.00154978
0.00142991
0.00131505
0.00120548
0.00110141
0.00100298
0.000910262
0.000823273
0.000741963
0.000666232
0.000595931
0.00053087
0.000470819
0.000415517
0.000364674
0.000317977
0.000275092
0.000235671
0.000199352
0.000165763
0.000134525
0.000105253
7.75569e-05
5.10456e-05
2.5325e-05
0
0
1.66682e-05
3.35967e-05
5.10456e-05
6.92742e-05
8.85405e-05
0.0001091
0.000131208
0.000155112
0.000181058
0.000209283
0.000240018
0.000273481
0.000309879
0.000349402
0.000392224
0.000438494
0.000488338
0.000541854
0.000599107
0.00066013
0.000724914
0.000793411
0.000865528
0.000941127
0.00102002
0.00110197
0.00118669
0.00127385
0.00136305
0.00145387
0.00154582
0.00163838
0.001731
0.00182307
0.001914
0.00200312
0.0020898
0.00217338
0.0022532
0.00232861
0.002399
0.00246377
0.00252236
0.00257426
0.002619
0.00265618
0.00268546
0.00270656
0.00271931
0.00272357
0.00271931
0.00270656
0.00268546
0.00265618
0.002619
0.00257426
0.00252236
0.00246377
0.002399
0.00232861
0.0022532
0.00217338
0.0020898
0.00200312
0.001914
0.00182307
0.001731
0.00163838
0.00154582
0.00145387
0.00136305
0.00127385
0.00118669
0.00110197
0.00102002
0.000941127
0.000865528
0.000793411
0.000724914
0.00066013
0.000599107
0.000541854
0.000488338
0.000438494
0.000392224
0.000349402
0.000309879
0.000273481
0.000240018
0.000209283
0.000181058
0.000155112
0.000131208
0.0001091
8.85405e-05
6.92742e-05
5.10456e-05
3.35967e-05
1.66682e-05
0
0
8.2695e-06
1.66682e-05
2.5325e-05
3.43687e-05
4.39271e-05
5.41275e-05
6.50954e-05
7.69549e-05
8.98272e-05
0.00010383
0.000119079
0.000135681
0.000153739
0.000173347
0.000194592
0.000217548
0.000242277
0.000268827
0.000297232
0.000327507
0.000359648
0.000393631
0.00042941
0.000466917
0.000506058
0.000546715
0.000588748
0.000631988
0.000676244
0.0007213
0.000766919
0.000812841
0.00085879
0.000904473
0.000949581
0.000993799
0.0010368
0.00107827
0.00111787
0.00115528
0.00119021
0.00122234
0.00125141
0.00127715
0.00129935
0.0013178
0.00133232
0.00134279
0.00134912
0.00135123
0.00134912
0.00134279
0.00133232
0.0013178
0.00129935
0.00127715
0.00125141
0.00122234
0.00119021
0.00115528
0.00111787
0.00107827
0.0010368
0.000993799
0.000949581
0.000904473
0.00085879
0.000812841
0.000766919
0.0007213
0.000676244
0.000631988
0.000588748
0.000546715
0.000506058
0.000466917
0.00042941
0.000393631
0.000359648
0.000327507
0.000297232
0.000268827
0.000242277
0.000217548
0.000194592
0.000173347
0.000153739
0.000135681
0.000119079
0.00010383
8.98272e-05
7.69549e-05
6.50954e-05
5.41275e-05
4.39271e-05
3.43687e-05
2.5325e-05
1.66682e-05
8.2695e-06
0
0
0
0
0
0
0
0
0
0
0
0
0
0
0
0
0
0
0
0
0
0
0
0
0
0
0
0
0
0
0
0
0
0
0
0
0
0
0
0
0
0
0
0
0
0
0
0
0
0
0
0
0
0
0
0
0
0
0
0
0
0
0
0
0
0
0
0
0
0
0
0
0
0
0
0
0
0
0
0
0
0
0
0
0
0
0
0
0
0
0
0
0
0
0
0
0
0
0
0
0
0
