# vtk DataFile Version 3.0
Heat2D data at time 0.07
ASCII
DATASET STRUCTURED_POINTS
DIMENSIONS 101 101 1
ORIGIN 0 0 0
SPACING 0.01 0.01 1
POINT_DATA 10201
SCALARS temperature double
LOOKUP_TABLE default
0
0
0
0
0
0
0
0
0
0
0
0
0
0
0
0
0
0
0
0
0
0
0
0
0
0
0
0
0
0
0
0
0
0
0
0
0
0
0
0
0
0
0
0
0
0
0
0
0
0
0
0
0
0
0
0
0
0
0
0
0
0
0
0
0
0
0
0
0
0
0
0
0
0
0
0
0
0
0
0
0
0
0
0
0
0
0
0
0
0
0
0
0
0
0
0
0
0
0
0
0
0
6.92206e-08
1.43363e-07
2.27555e-07
3.27331e-07
4.48844e-07
5.9906e-07
7.85966e-07
1.01876e-06
1.30804e-06
1.66595e-06
2.10637e-06
2.64497e-06
3.29933e-06
4.08892e-06
5.03508e-06
6.16085e-06
7.4908e-06
9.05072e-06
1.08672e-05
1.2967e-05
1.53767e-05
1.81216e-05
2.12253e-05
2.47085e-05
2.85881e-05
3.28764e-05
3.75798e-05
4.26984e-05
4.82245e-05
5.41425e-05
6.04277e-05
6.70465e-05
7.3956e-05
8.11037e-05
8.84288e-05
9.58619e-05
0.000103326
0.00011074
0.000118014
0.000125059
0.000131784
0.000138097
0.000143909
0.000149137
0.000153704
0.000157541
0.000160589
0.000162801
0.000164143
0.000164592
0.000164143
0.000162801
0.000160589
0.000157541
0.000153704
0.000149137
0.000143909
0.000138097
0.000131784
0.000125059
0.000118014
0.00011074
0.000103326
9.58619e-05
8.84288e-05
8.11037e-05
7.3956e-05
6.70465e-05
6.04277e-05
5.41425e-05
4.82245e-05
4.26984e-05
3.75798e-05
3.28764e-05
2.85881e-05
2.47085e-05
2.12253e-05
1.81216e-05
1.53767e-05
1.2967e-05
1.08672e-05
9.05072e-06
7.4908e-06
6.16085e-06
5.03508e-06
4.08892e-06
3.29933e-06
2.64497e-06
2.10637e-06
1.66595e-06
1.30804e-06
1.01876e-06
7.85966e-07
5.9906e-07
4.48844e-07
3.27331e-07
2.27555e-07
1.43363e-07
6.92206e-08
0
0
1.43363e-07
2.9692e-07
4.7129e-07
6.77937e-07
9.29602e-07
1.24072e-06
1.62782e-06
2.10996e-06
2.70908e-06
3.45036e-06
4.36251e-06
5.47801e-06
6.83326e-06
8.46859e-06
1.04282e-05
1.27598e-05
1.55142e-05
1.8745e-05
2.25071e-05
2.6856e-05
3.18467e-05
3.75318e-05
4.39599e-05
5.1174e-05
5.9209e-05
6.80904e-05
7.78318e-05
8.84329e-05
9.98781e-05
0.000112135
0.000125152
0.00013886
0.000153171
0.000167974
0.000183145
0.00019854
0.000214
0.000229353
0.00024442
0.000259011
0.000272939
0.000286013
0.000298051
0.000308879
0.000318338
0.000326285
0.000332598
0.000337179
0.000339957
0.000340888
0.000339957
0.000337179
0.000332598
0.000326285
0.000318338
0.000308879
0.000298051
0.000286013
0.000272939
0.000259011
0.00024442
0.000229353
0.000214
0.00019854
0.000183145
0.000167974
0.000153171
0.00013886
0.000125152
0.000112135
9.98781e-05
8.84329e-05
7.78318e-05
6.80904e-05
5.9209e-05
5.1174e-05
4.39599e-05
3.75318e-05
3.18467e-05
2.6856e-05
2.25071e-05
1.8745e-05
1.55142e-05
1.27598e-05
1.04282e-05
8.46859e-06
6.83326e-06
5.47801e-06
4.36251e-06
3.45036e-06
2.70908e-06
2.10996e-06
1.62782e-06
1.24072e-06
9.29602e-07
6.77937e-07
4.7129e-07
2.9692e-07
1.43363e-07
0
0
2.27555e-07
4.7129e-07
7.48059e-07
1.07606e-06
1.47552e-06
1.96934e-06
2.58377e-06
3.34905e-06
4.30001e-06
5.47661e-06
6.92443e-06
8.69503e-06
1.08462e-05
1.34419e-05
1.65522e-05
2.02531e-05
2.46251e-05
2.97532e-05
3.57246e-05
4.26275e-05
5.0549e-05
5.95727e-05
6.97758e-05
8.12263e-05
9.398e-05
0.000108077
0.000123539
0.000140366
0.000158532
0.000177987
0.000198649
0.000220408
0.000243121
0.000266619
0.000290699
0.000315135
0.000339673
0.000364043
0.000387957
0.000411118
0.000433224
0.000453976
0.000473084
0.000490271
0.000505285
0.000517898
0.000527919
0.00053519
0.0005396
0.000541077
0.0005396
0.00053519
0.000527919
0.000517898
0.000505285
0.000490271
0.000473084
0.000453976
0.000433224
0.000411118
0.000387957
0.000364043
0.000339673
0.000315135
0.000290699
0.000266619
0.000243121
0.000220408
0.000198649
0.000177987
0.000158532
0.000140366
0.000123539
0.000108077
9.398e-05
8.12263e-05
6.97758e-05
5.95727e-05
5.0549e-05
4.26275e-05
3.57246e-05
2.97532e-05
2.46251e-05
2.02531e-05
1.65522e-05
1.34419e-05
1.08462e-05
8.69503e-06
6.92443e-06
5.47661e-06
4.30001e-06
3.34905e-06
2.58377e-06
1.96934e-06
1.47552e-06
1.07606e-06
7.48059e-07
4.7129e-07
2.27555e-07
0
0
3.27331e-07
6.77937e-07
1.07606e-06
1.54789e-06
2.1225e-06
2.83284e-06
3.71668e-06
4.81752e-06
6.18545e-06
7.87796e-06
9.96061e-06
1.25076e-05
1.56019e-05
1.93357e-05
2.38099e-05
2.91335e-05
3.54226e-05
4.27992e-05
5.13888e-05
6.13185e-05
7.27134e-05
8.56938e-05
0.000100371
0.000116842
0.000135188
0.000155466
0.000177708
0.000201913
0.000228045
0.000256029
0.000285751
0.00031705
0.000349724
0.000383524
0.000418163
0.000453313
0.000488611
0.000523666
0.000558066
0.000591382
0.000623182
0.000653033
0.000680518
0.000705242
0.000726838
0.000744983
0.000759397
0.000769857
0.0007762
0.000778325
0.0007762
0.000769857
0.000759397
0.000744983
0.000726838
0.000705242
0.000680518
0.000653033
0.000623182
0.000591382
0.000558066
0.000523666
0.000488611
0.000453313
0.000418163
0.000383524
0.000349724
0.00031705
0.000285751
0.000256029
0.000228045
0.000201913
0.000177708
0.000155466
0.000135188
0.000116842
0.000100371
8.56938e-05
7.27134e-05
6.13185e-05
5.13888e-05
4.27992e-05
3.54226e-05
2.91335e-05
2.38099e-05
1.93357e-05
1.56019e-05
1.25076e-05
9.96061e-06
7.87796e-06
6.18545e-06
4.81752e-06
3.71668e-06
2.83284e-06
2.1225e-06
1.54789e-06
1.07606e-06
6.77937e-07
3.27331e-07
0
0
4.48844e-07
9.29602e-07
1.47552e-06
2.1225e-06
2.91041e-06
3.88445e-06
5.0964e-06
6.60589e-06
8.48162e-06
1.08024e-05
1.36582e-05
1.71506e-05
2.13937e-05
2.65136e-05
3.26487e-05
3.99484e-05
4.85722e-05
5.86871e-05
7.04654e-05
8.40812e-05
9.97062e-05
0.000117505
0.00013763
0.000160216
0.000185372
0.000213178
0.000243677
0.000276867
0.0003127
0.000351073
0.000391828
0.000434746
0.000479549
0.000525897
0.000573394
0.000621592
0.000669994
0.000718063
0.000765232
0.000810916
0.00085452
0.000895453
0.000933141
0.000967043
0.000996656
0.00102154
0.0010413
0.00105564
0.00106434
0.00106726
0.00106434
0.00105564
0.0010413
0.00102154
0.000996656
0.000967043
0.000933141
0.000895453
0.00085452
0.000810916
0.000765232
0.000718063
0.000669994
0.000621592
0.000573394
0.000525897
0.000479549
0.000434746
0.000391828
0.000351073
0.0003127
0.000276867
0.000243677
0.000213178
0.000185372
0.000160216
0.00013763
0.000117505
9.97062e-05
8.40812e-05
7.04654e-05
5.86871e-05
4.85722e-05
3.99484e-05
3.26487e-05
2.65136e-05
2.13937e-05
1.71506e-05
1.36582e-05
1.08024e-05
8.48162e-06
6.60589e-06
5.0964e-06
3.88445e-06
2.91041e-06
2.1225e-06
1.47552e-06
9.29602e-07
4.48844e-07
0
0
5.9906e-07
1.24072e-06
1.96934e-06
2.83284e-06
3.88445e-06
5.18448e-06
6.80203e-06
8.81671e-06
1.13202e-05
1.44177e-05
1.82292e-05
2.28905e-05
2.85536e-05
3.5387e-05
4.35753e-05
5.33181e-05
6.48281e-05
7.83282e-05
9.40484e-05
0.000112221
0.000133075
0.000156831
0.000183692
0.000213836
0.000247412
0.000284524
0.000325229
0.000369527
0.000417352
0.000468568
0.000522963
0.000580244
0.000640041
0.0007019
0.000765294
0.000829623
0.000894223
0.000958379
0.00102134
0.00108231
0.00114051
0.00119514
0.00124544
0.00129069
0.00133021
0.00136342
0.0013898
0.00140894
0.00142055
0.00142444
0.00142055
0.00140894
0.0013898
0.00136342
0.00133021
0.00129069
0.00124544
0.00119514
0.00114051
0.00108231
0.00102134
0.000958379
0.000894223
0.000829623
0.000765294
0.0007019
0.000640041
0.000580244
0.000522963
0.000468568
0.000417352
0.000369527
0.000325229
0.000284524
0.000247412
0.000213836
0.000183692
0.000156831
0.000133075
0.000112221
9.40484e-05
7.83282e-05
6.48281e-05
5.33181e-05
4.35753e-05
3.5387e-05
2.85536e-05
2.28905e-05
1.82292e-05
1.44177e-05
1.13202e-05
8.81671e-06
6.80203e-06
5.18448e-06
3.88445e-06
2.83284e-06
1.96934e-06
1.24072e-06
5.9906e-07
0
0
7.85966e-07
1.62782e-06
2.58377e-06
3.71668e-06
5.0964e-06
6.80203e-06
8.92425e-06
1.15675e-05
1.48521e-05
1.8916e-05
2.39167e-05
3.00323e-05
3.74623e-05
4.64277e-05
5.71708e-05
6.99533e-05
8.50543e-05
0.000102766
0.000123391
0.000147234
0.000174595
0.000205762
0.000241003
0.000280553
0.000324604
0.000373295
0.0004267
0.000484819
0.000547565
0.000614761
0.000686127
0.00076128
0.000839733
0.000920893
0.00100407
0.00108846
0.00117322
0.00125739
0.00133999
0.00141999
0.00149634
0.00156802
0.00163402
0.00169338
0.00174524
0.0017888
0.00182341
0.00184853
0.00186376
0.00186886
0.00186376
0.00184853
0.00182341
0.0017888
0.00174524
0.00169338
0.00163402
0.00156802
0.00149634
0.00141999
0.00133999
0.00125739
0.00117322
0.00108846
0.00100407
0.000920893
0.000839733
0.00076128
0.000686127
0.000614761
0.000547565
0.000484819
0.0004267
0.000373295
0.000324604
0.000280553
0.000241003
0.000205762
0.000174595
0.000147234
0.000123391
0.000102766
8.50543e-05
6.99533e-05
5.71708e-05
4.64277e-05
3.74623e-05
3.00323e-05
2.39167e-05
1.8916e-05
1.48521e-05
1.15675e-05
8.92425e-06
6.80203e-06
5.0964e-06
3.71668e-06
2.58377e-06
1.62782e-06
7.85966e-07
0
0
1.01876e-06
2.10996e-06
3.34905e-06
4.81752e-06
6.60589e-06
8.81671e-06
1.15675e-05
1.49937e-05
1.92511e-05
2.45187e-05
3.10006e-05
3.89275e-05
4.85581e-05
6.0179e-05
7.41041e-05
9.06727e-05
0.000110246
0.000133205
0.000159938
0.000190843
0.000226308
0.000266707
0.000312386
0.000363649
0.000420748
0.00048386
0.000553084
0.000628417
0.000709748
0.000796846
0.000889349
0.000986762
0.00108845
0.00119365
0.00130146
0.00141085
0.00152071
0.00162982
0.00173688
0.00184057
0.00193954
0.00203245
0.00211799
0.00219494
0.00226215
0.00231863
0.00236349
0.00239604
0.00241578
0.0024224
0.00241578
0.00239604
0.00236349
0.00231863
0.00226215
0.00219494
0.00211799
0.00203245
0.00193954
0.00184057
0.00173688
0.00162982
0.00152071
0.00141085
0.00130146
0.00119365
0.00108845
0.000986762
0.000889349
0.000796846
0.000709748
0.000628417
0.000553084
0.00048386
0.000420748
0.000363649
0.000312386
0.000266707
0.000226308
0.000190843
0.000159938
0.000133205
0.000110246
9.06727e-05
7.41041e-05
6.0179e-05
4.85581e-05
3.89275e-05
3.10006e-05
2.45187e-05
1.92511e-05
1.49937e-05
1.15675e-05
8.81671e-06
6.60589e-06
4.81752e-06
3.34905e-06
2.10996e-06
1.01876e-06
0
0
1.30804e-06
2.70908e-06
4.30001e-06
6.18545e-06
8.48162e-06
1.13202e-05
1.48521e-05
1.92511e-05
2.47174e-05
3.14808e-05
3.98032e-05
4.9981e-05
6.23462e-05
7.72668e-05
9.51459e-05
0.000116419
0.000141551
0.000171028
0.000205353
0.000245032
0.000290567
0.000342437
0.000401087
0.000466907
0.000540218
0.000621252
0.000710131
0.000806855
0.00091128
0.00102311
0.00114188
0.00126695
0.00139752
0.00153259
0.001671
0.00181146
0.00195252
0.0020926
0.00223007
0.0023632
0.00249027
0.00260956
0.00271939
0.00281819
0.00290449
0.002977
0.00303459
0.00307639
0.00310174
0.00311023
0.00310174
0.00307639
0.00303459
0.002977
0.00290449
0.00281819
0.00271939
0.00260956
0.00249027
0.0023632
0.00223007
0.0020926
0.00195252
0.00181146
0.001671
0.00153259
0.00139752
0.00126695
0.00114188
0.00102311
0.00091128
0.000806855
0.000710131
0.000621252
0.000540218
0.000466907
0.000401087
0.000342437
0.000290567
0.000245032
0.000205353
0.000171028
0.000141551
0.000116419
9.51459e-05
7.72668e-05
6.23462e-05
4.9981e-05
3.98032e-05
3.14808e-05
2.47174e-05
1.92511e-05
1.48521e-05
1.13202e-05
8.48162e-06
6.18545e-06
4.30001e-06
2.70908e-06
1.30804e-06
0
0
1.66595e-06
3.45036e-06
5.47661e-06
7.87796e-06
1.08024e-05
1.44177e-05
1.8916e-05
2.45187e-05
3.14808e-05
4.00948e-05
5.06944e-05
6.36571e-05
7.94058e-05
9.84091e-05
0.00012118
0.000148275
0.000180283
0.000217826
0.000261543
0.00031208
0.000370074
0.000436138
0.000510835
0.000594666
0.000688037
0.000791243
0.000904442
0.00102763
0.00116063
0.00130306
0.00145433
0.00161362
0.00177992
0.00195194
0.00212824
0.00230713
0.00248678
0.0026652
0.00284027
0.00300984
0.00317168
0.00332361
0.00346349
0.00358932
0.00369924
0.00379158
0.00386494
0.00391818
0.00395046
0.00396128
0.00395046
0.00391818
0.00386494
0.00379158
0.00369924
0.00358932
0.00346349
0.00332361
0.00317168
0.00300984
0.00284027
0.0026652
0.00248678
0.00230713
0.00212824
0.00195194
0.00177992
0.00161362
0.00145433
0.00130306
0.00116063
0.00102763
0.000904442
0.000791243
0.000688037
0.000594666
0.000510835
0.000436138
0.000370074
0.00031208
0.000261543
0.000217826
0.000180283
0.000148275
0.00012118
9.84091e-05
7.94058e-05
6.36571e-05
5.06944e-05
4.00948e-05
3.14808e-05
2.45187e-05
1.8916e-05
1.44177e-05
1.08024e-05
7.87796e-06
5.47661e-06
3.45036e-06
1.66595e-06
0
0
2.10637e-06
4.36251e-06
6.92443e-06
9.96061e-06
1.36582e-05
1.82292e-05
2.39167e-05
3.10006e-05
3.98032e-05
5.06944e-05
6.40962e-05
8.04858e-05
0.000100398
0.000124425
0.000153216
0.000187473
0.000227943
0.000275411
0.000330685
0.000394583
0.000467909
0.000551437
0.000645882
0.000751874
0.000869929
0.00100042
0.00114354
0.0012993
0.00146746
0.00164754
0.0018388
0.00204021
0.00225046
0.00246797
0.00269087
0.00291705
0.0031442
0.00336978
0.00359114
0.00380553
0.00401015
0.00420225
0.00437912
0.00453821
0.00467718
0.00479394
0.00488669
0.00495401
0.00499482
0.0050085
0.00499482
0.00495401
0.00488669
0.00479394
0.00467718
0.00453821
0.00437912
0.00420225
0.00401015
0.00380553
0.00359114
0.00336978
0.0031442
0.00291705
0.00269087
0.00246797
0.00225046
0.00204021
0.0018388
0.00164754
0.00146746
0.0012993
0.00114354
0.00100042
0.000869929
0.000751874
0.000645882
0.000551437
0.000467909
0.000394583
0.000330685
0.000275411
0.000227943
0.000187473
0.000153216
0.000124425
0.000100398
8.04858e-05
6.40962e-05
5.06944e-05
3.98032e-05
3.10006e-05
2.39167e-05
1.82292e-05
1.36582e-05
9.96061e-06
6.92443e-06
4.36251e-06
2.10637e-06
0
0
2.64497e-06
5.47801e-06
8.69503e-06
1.25076e-05
1.71506e-05
2.28905e-05
3.00323e-05
3.89275e-05
4.9981e-05
6.36571e-05
8.04858e-05
0.000101066
0.00012607
0.000156241
0.000192394
0.00023541
0.000286229
0.000345835
0.000415243
0.000495479
0.000587554
0.000692441
0.000811036
0.00094413
0.00109237
0.00125623
0.00143595
0.00163154
0.00184269
0.00206882
0.00230899
0.0025619
0.00282591
0.00309903
0.00337893
0.00366295
0.00394818
0.00423144
0.0045094
0.00477861
0.00503556
0.00527677
0.00549887
0.00569864
0.00587315
0.00601976
0.00613624
0.00622076
0.00627201
0.00628919
0.00627201
0.00622076
0.00613624
0.00601976
0.00587315
0.00569864
0.00549887
0.00527677
0.00503556
0.00477861
0.0045094
0.00423144
0.00394818
0.00366295
0.00337893
0.00309903
0.00282591
0.0025619
0.00230899
0.00206882
0.00184269
0.00163154
0.00143595
0.00125623
0.00109237
0.00094413
0.000811036
0.000692441
0.000587554
0.000495479
0.000415243
0.000345835
0.000286229
0.00023541
0.000192394
0.000156241
0.00012607
0.000101066
8.04858e-05
6.36571e-05
4.9981e-05
3.89275e-05
3.00323e-05
2.28905e-05
1.71506e-05
1.25076e-05
8.69503e-06
5.47801e-06
2.64497e-06
0
0
3.29933e-06
6.83326e-06
1.08462e-05
1.56019e-05
2.13937e-05
2.85536e-05
3.74623e-05
4.85581e-05
6.23462e-05
7.94058e-05
0.000100398
0.00012607
0.000157259
0.000194894
0.000239992
0.00029365
0.000357042
0.000431394
0.000517973
0.000618059
0.000732914
0.000863749
0.00101168
0.00117771
0.00136262
0.00156702
0.0017912
0.00203517
0.00229857
0.00258065
0.00288023
0.00319571
0.00352504
0.00386573
0.00421487
0.00456916
0.00492495
0.00527829
0.00562502
0.00596083
0.00628135
0.00658224
0.00685928
0.00710848
0.00732616
0.00750904
0.00765433
0.00775976
0.0078237
0.00784512
0.0078237
0.00775976
0.00765433
0.00750904
0.00732616
0.00710848
0.00685928
0.00658224
0.00628135
0.00596083
0.00562502
0.00527829
0.00492495
0.00456916
0.00421487
0.00386573
0.00352504
0.00319571
0.00288023
0.00258065
0.00229857
0.00203517
0.0017912
0.00156702
0.00136262
0.00117771
0.00101168
0.000863749
0.000732914
0.000618059
0.000517973
0.000431394
0.000357042
0.00029365
0.000239992
0.000194894
0.000157259
0.00012607
0.000100398
7.94058e-05
6.23462e-05
4.85581e-05
3.74623e-05
2.85536e-05
2.13937e-05
1.56019e-05
1.08462e-05
6.83326e-06
3.29933e-06
0
0
4.08892e-06
8.46859e-06
1.34419e-05
1.93357e-05
2.65136e-05
3.5387e-05
4.64277e-05
6.0179e-05
7.72668e-05
9.84091e-05
0.000124425
0.000156241
0.000194894
0.000241536
0.000297426
0.000363927
0.000442488
0.000534634
0.000641934
0.000765972
0.000908315
0.00107046
0.0012538
0.00145955
0.00168873
0.00194204
0.00221987
0.00252223
0.00284866
0.00319824
0.00356952
0.0039605
0.00436864
0.00479087
0.00522357
0.00566265
0.00610358
0.00654148
0.0069712
0.00738737
0.0077846
0.00815749
0.00850083
0.00880967
0.00907945
0.0093061
0.00948616
0.00961682
0.00969606
0.00972261
0.00969606
0.00961682
0.00948616
0.0093061
0.00907945
0.00880967
0.00850083
0.00815749
0.0077846
0.00738737
0.0069712
0.00654148
0.00610358
0.00566265
0.00522357
0.00479087
0.00436864
0.0039605
0.00356952
0.00319824
0.00284866
0.00252223
0.00221987
0.00194204
0.00168873
0.00145955
0.0012538
0.00107046
0.000908315
0.000765972
0.000641934
0.000534634
0.000442488
0.000363927
0.000297426
0.000241536
0.000194894
0.000156241
0.000124425
9.84091e-05
7.72668e-05
6.0179e-05
4.64277e-05
3.5387e-05
2.65136e-05
1.93357e-05
1.34419e-05
8.46859e-06
4.08892e-06
0
0
5.03508e-06
1.04282e-05
1.65522e-05
2.38099e-05
3.26487e-05
4.35753e-05
5.71708e-05
7.41041e-05
9.51459e-05
0.00012118
0.000153216
0.000192394
0.000239992
0.000297426
0.000366249
0.000448137
0.000544878
0.000658345
0.000790473
0.000943214
0.00111849
0.00131816
0.00154392
0.00179729
0.00207949
0.00239141
0.00273354
0.00310586
0.00350783
0.0039383
0.00439548
0.00487693
0.00537952
0.00589945
0.00643227
0.00697295
0.00751591
0.00805515
0.00858429
0.00909677
0.00958591
0.0100451
0.0104679
0.0108482
0.0111804
0.0114595
0.0116812
0.0118421
0.0119397
0.0119724
0.0119397
0.0118421
0.0116812
0.0114595
0.0111804
0.0108482
0.0104679
0.0100451
0.00958591
0.00909677
0.00858429
0.00805515
0.00751591
0.00697295
0.00643227
0.00589945
0.00537952
0.00487693
0.00439548
0.0039383
0.00350783
0.00310586
0.00273354
0.00239141
0.00207949
0.00179729
0.00154392
0.00131816
0.00111849
0.000943214
0.000790473
0.000658345
0.000544878
0.000448137
0.000366249
0.000297426
0.000239992
0.000192394
0.000153216
0.00012118
9.51459e-05
7.41041e-05
5.71708e-05
4.35753e-05
3.26487e-05
2.38099e-05
1.65522e-05
1.04282e-05
5.03508e-06
0
0
6.16085e-06
1.27598e-05
2.02531e-05
2.91335e-05
3.99484e-05
5.33181e-05
6.99533e-05
9.06727e-05
0.000116419
0.000148275
0.000187473
0.00023541
0.00029365
0.000363927
0.000448137
0.000548334
0.000666704
0.000805542
0.000967212
0.0011541
0.00136857
0.00161288
0.00188912
0.00219913
0.00254443
0.0029261
0.00334472
0.00380029
0.00429213
0.00481884
0.00537825
0.00596735
0.0065823
0.00721848
0.00787043
0.008532
0.00919636
0.00985616
0.0105036
0.0111307
0.0117292
0.012291
0.0128083
0.0132737
0.0136801
0.0140216
0.0142929
0.0144898
0.0146092
0.0146492
0.0146092
0.0144898
0.0142929
0.0140216
0.0136801
0.0132737
0.0128083
0.012291
0.0117292
0.0111307
0.0105036
0.00985616
0.00919636
0.008532
0.00787043
0.00721848
0.0065823
0.00596735
0.00537825
0.00481884
0.00429213
0.00380029
0.00334472
0.0029261
0.00254443
0.00219913
0.00188912
0.00161288
0.00136857
0.0011541
0.000967212
0.000805542
0.000666704
0.000548334
0.000448137
0.000363927
0.00029365
0.00023541
0.000187473
0.000148275
0.000116419
9.06727e-05
6.99533e-05
5.33181e-05
3.99484e-05
2.91335e-05
2.02531e-05
1.27598e-05
6.16085e-06
0
0
7.4908e-06
1.55142e-05
2.46251e-05
3.54226e-05
4.85722e-05
6.48281e-05
8.50543e-05
0.000110246
0.000141551
0.000180283
0.000227943
0.000286229
0.000357042
0.000442488
0.000544878
0.000666704
0.000810627
0.000979436
0.00117601
0.00140324
0.00166401
0.00196106
0.00229693
0.00267387
0.0030937
0.00355776
0.00406675
0.00462066
0.00521868
0.0058591
0.00653927
0.00725553
0.00800324
0.00877675
0.00956944
0.0103738
0.0111816
0.0119838
0.0127711
0.0135335
0.0142612
0.0149443
0.0155733
0.0161391
0.0166333
0.0170485
0.0173784
0.0176178
0.0177629
0.0178116
0.0177629
0.0176178
0.0173784
0.0170485
0.0166333
0.0161391
0.0155733
0.0149443
0.0142612
0.0135335
0.0127711
0.0119838
0.0111816
0.0103738
0.00956944
0.00877675
0.00800324
0.00725553
0.00653927
0.0058591
0.00521868
0.00462066
0.00406675
0.00355776
0.0030937
0.00267387
0.00229693
0.00196106
0.00166401
0.00140324
0.00117601
0.000979436
0.000810627
0.000666704
0.000544878
0.000442488
0.000357042
0.000286229
0.000227943
0.000180283
0.000141551
0.000110246
8.50543e-05
6.48281e-05
4.85722e-05
3.54226e-05
2.46251e-05
1.55142e-05
7.4908e-06
0
0
9.05072e-06
1.8745e-05
2.97532e-05
4.27992e-05
5.86871e-05
7.83282e-05
0.000102766
0.000133205
0.000171028
0.000217826
0.000275411
0.000345835
0.000431394
0.000534634
0.000658345
0.000805542
0.000979436
0.0011834
0.0014209
0.00169546
0.00201053
0.00236944
0.00277525
0.00323068
0.00373795
0.00429864
0.00491363
0.00558289
0.00630544
0.00707923
0.00790103
0.00876646
0.00966988
0.0106045
0.0115622
0.0125341
0.0135101
0.0144794
0.0154306
0.0163518
0.017231
0.0180564
0.0188164
0.0195
0.0200971
0.0205988
0.0209974
0.0212866
0.021462
0.0215207
0.021462
0.0212866
0.0209974
0.0205988
0.0200971
0.0195
0.0188164
0.0180564
0.017231
0.0163518
0.0154306
0.0144794
0.0135101
0.0125341
0.0115622
0.0106045
0.00966988
0.00876646
0.00790103
0.00707923
0.00630544
0.00558289
0.00491363
0.00429864
0.00373795
0.00323068
0.00277525
0.00236944
0.00201053
0.00169546
0.0014209
0.0011834
0.000979436
0.000805542
0.000658345
0.000534634
0.000431394
0.000345835
0.000275411
0.000217826
0.000171028
0.000133205
0.000102766
7.83282e-05
5.86871e-05
4.27992e-05
2.97532e-05
1.8745e-05
9.05072e-06
0
0
1.08672e-05
2.25071e-05
3.57246e-05
5.13888e-05
7.04654e-05
9.40484e-05
0.000123391
0.000159938
0.000205353
0.000261543
0.000330685
0.000415243
0.000517973
0.000641934
0.000790473
0.000967212
0.00117601
0.0014209
0.00170607
0.00203573
0.00241404
0.00284498
0.00333224
0.00387907
0.00448814
0.00516137
0.00589978
0.00670336
0.00757093
0.00850001
0.00948675
0.0105259
0.0116106
0.0127327
0.0138827
0.0150497
0.0162216
0.0173854
0.0185274
0.0196335
0.0206892
0.0216803
0.0225928
0.0234136
0.0241306
0.0247329
0.0252115
0.0255587
0.0257693
0.0258399
0.0257693
0.0255587
0.0252115
0.0247329
0.0241306
0.0234136
0.0225928
0.0216803
0.0206892
0.0196335
0.0185274
0.0173854
0.0162216
0.0150497
0.0138827
0.0127327
0.0116106
0.0105259
0.00948675
0.00850001
0.00757093
0.00670336
0.00589978
0.00516137
0.00448814
0.00387907
0.00333224
0.00284498
0.00241404
0.00203573
0.00170607
0.0014209
0.00117601
0.000967212
0.000790473
0.000641934
0.000517973
0.000415243
0.000330685
0.000261543
0.000205353
0.000159938
0.000123391
9.40484e-05
7.04654e-05
5.13888e-05
3.57246e-05
2.25071e-05
1.08672e-05
0
0
1.2967e-05
2.6856e-05
4.26275e-05
6.13185e-05
8.40812e-05
0.000112221
0.000147234
0.000190843
0.000245032
0.00031208
0.000394583
0.000495479
0.000618059
0.000765972
0.000943214
0.0011541
0.00140324
0.00169546
0.00203573
0.00242909
0.00288049
0.0033947
0.00397611
0.00462861
0.00535537
0.00615868
0.00703977
0.00799863
0.00903383
0.0101424
0.0113198
0.0125597
0.0138541
0.0151931
0.0165652
0.0179577
0.019356
0.0207447
0.0221074
0.0234272
0.0246869
0.0258695
0.0269583
0.0279377
0.0287932
0.029512
0.030083
0.0304974
0.0307486
0.0308328
0.0307486
0.0304974
0.030083
0.029512
0.0287932
0.0279377
0.0269583
0.0258695
0.0246869
0.0234272
0.0221074
0.0207447
0.019356
0.0179577
0.0165652
0.0151931
0.0138541
0.0125597
0.0113198
0.0101424
0.00903383
0.00799863
0.00703977
0.00615868
0.00535537
0.00462861
0.00397611
0.0033947
0.00288049
0.00242909
0.00203573
0.00169546
0.00140324
0.0011541
0.000943214
0.000765972
0.000618059
0.000495479
0.000394583
0.00031208
0.000245032
0.000190843
0.000147234
0.000112221
8.40812e-05
6.13185e-05
4.26275e-05
2.6856e-05
1.2967e-05
0
0
1.53767e-05
3.18467e-05
5.0549e-05
7.27134e-05
9.97062e-05
0.000133075
0.000174595
0.000226308
0.000290567
0.000370074
0.000467909
0.000587554
0.000732914
0.000908315
0.00111849
0.00136857
0.00166401
0.00201053
0.00241404
0.00288049
0.00341578
0.00402554
0.004715
0.00548876
0.00635057
0.00730316
0.00834799
0.00948503
0.0107126
0.0120272
0.0134234
0.0148937
0.0164286
0.0180164
0.0196436
0.0212948
0.0229529
0.0245997
0.0262157
0.0277807
0.0292745
0.0306768
0.031968
0.0331294
0.0341439
0.0349963
0.0356734
0.0361648
0.0364627
0.0365626
0.0364627
0.0361648
0.0356734
0.0349963
0.0341439
0.0331294
0.031968
0.0306768
0.0292745
0.0277807
0.0262157
0.0245997
0.0229529
0.0212948
0.0196436
0.0180164
0.0164286
0.0148937
0.0134234
0.0120272
0.0107126
0.00948503
0.00834799
0.00730316
0.00635057
0.00548876
0.004715
0.00402554
0.00341578
0.00288049
0.00241404
0.00201053
0.00166401
0.00136857
0.00111849
0.000908315
0.000732914
0.000587554
0.000467909
0.000370074
0.000290567
0.000226308
0.000174595
0.000133075
9.97062e-05
7.27134e-05
5.0549e-05
3.18467e-05
1.53767e-05
0
0
1.81216e-05
3.75318e-05
5.95727e-05
8.56938e-05
0.000117505
0.000156831
0.000205762
0.000266707
0.000342437
0.000436138
0.000551437
0.000692441
0.000863749
0.00107046
0.00131816
0.00161288
0.00196106
0.00236944
0.00284498
0.0033947
0.00402554
0.00474416
0.0055567
0.00646857
0.00748423
0.00860688
0.00983822
0.0111782
0.012625
0.0141742
0.0158197
0.0175525
0.0193613
0.0212326
0.0231502
0.0250962
0.0270504
0.0289911
0.0308955
0.03274
0.0345004
0.0361531
0.0376747
0.0390434
0.0402391
0.0412436
0.0420415
0.0426206
0.0429718
0.0430895
0.0429718
0.0426206
0.0420415
0.0412436
0.0402391
0.0390434
0.0376747
0.0361531
0.0345004
0.03274
0.0308955
0.0289911
0.0270504
0.0250962
0.0231502
0.0212326
0.0193613
0.0175525
0.0158197
0.0141742
0.012625
0.0111782
0.00983822
0.00860688
0.00748423
0.00646857
0.0055567
0.00474416
0.00402554
0.0033947
0.00284498
0.00236944
0.00196106
0.00161288
0.00131816
0.00107046
0.000863749
0.000692441
0.000551437
0.000436138
0.000342437
0.000266707
0.000205762
0.000156831
0.000117505
8.56938e-05
5.95727e-05
3.75318e-05
1.81216e-05
0
0
2.12253e-05
4.39599e-05
6.97758e-05
0.000100371
0.00013763
0.000183692
0.000241003
0.000312386
0.000401087
0.000510835
0.000645882
0.000811036
0.00101168
0.0012538
0.00154392
0.00188912
0.00229693
0.00277525
0.00333224
0.00397611
0.004715
0.0055567
0.0065084
0.00757645
0.00876606
0.010081
0.0115232
0.0130927
0.0147872
0.0166019
0.0185291
0.0205587
0.0226774
0.0248691
0.0271152
0.0293944
0.0316833
0.0339564
0.036187
0.0383474
0.0404094
0.042345
0.0441273
0.0457304
0.0471308
0.0483074
0.049242
0.0499203
0.0503316
0.0504694
0.0503316
0.0499203
0.049242
0.0483074
0.0471308
0.0457304
0.0441273
0.042345
0.0404094
0.0383474
0.036187
0.0339564
0.0316833
0.0293944
0.0271152
0.0248691
0.0226774
0.0205587
0.0185291
0.0166019
0.0147872
0.0130927
0.0115232
0.010081
0.00876606
0.00757645
0.0065084
0.0055567
0.004715
0.00397611
0.00333224
0.00277525
0.00229693
0.00188912
0.00154392
0.0012538
0.00101168
0.000811036
0.000645882
0.000510835
0.000401087
0.000312386
0.000241003
0.000183692
0.00013763
0.000100371
6.97758e-05
4.39599e-05
2.12253e-05
0
0
2.47085e-05
5.1174e-05
8.12263e-05
0.000116842
0.000160216
0.000213836
0.000280553
0.000363649
0.000466907
0.000594666
0.000751874
0.00094413
0.00117771
0.00145955
0.00179729
0.00219913
0.00267387
0.00323068
0.00387907
0.00462861
0.00548876
0.00646857
0.00757645
0.00881978
0.0102046
0.0117353
0.0134142
0.0152413
0.0172139
0.0193263
0.0215699
0.0239325
0.0263988
0.0289502
0.0315649
0.0342182
0.0368827
0.0395288
0.0421255
0.0446404
0.0470407
0.049294
0.0513688
0.053235
0.0548652
0.0562348
0.0573229
0.0581125
0.0585913
0.0587517
0.0585913
0.0581125
0.0573229
0.0562348
0.0548652
0.053235
0.0513688
0.049294
0.0470407
0.0446404
0.0421255
0.0395288
0.0368827
0.0342182
0.0315649
0.0289502
0.0263988
0.0239325
0.0215699
0.0193263
0.0172139
0.0152413
0.0134142
0.0117353
0.0102046
0.00881978
0.00757645
0.00646857
0.00548876
0.00462861
0.00387907
0.00323068
0.00267387
0.00219913
0.00179729
0.00145955
0.00117771
0.00094413
0.000751874
0.000594666
0.000466907
0.000363649
0.000280553
0.000213836
0.000160216
0.000116842
8.12263e-05
5.1174e-05
2.47085e-05
0
0
2.85881e-05
5.9209e-05
9.398e-05
0.000135188
0.000185372
0.000247412
0.000324604
0.000420748
0.000540218
0.000688037
0.000869929
0.00109237
0.00136262
0.00168873
0.00207949
0.00254443
0.0030937
0.00373795
0.00448814
0.00535537
0.00635057
0.00748423
0.00876606
0.0102046
0.0118069
0.0135779
0.0155205
0.0176344
0.0199167
0.0223608
0.0249566
0.0276902
0.0305438
0.0334958
0.0365211
0.039591
0.0426738
0.0457354
0.0487398
0.0516496
0.0544268
0.0570339
0.0594344
0.0615937
0.0634799
0.0650645
0.0663234
0.067237
0.0677909
0.0679766
0.0677909
0.067237
0.0663234
0.0650645
0.0634799
0.0615937
0.0594344
0.0570339
0.0544268
0.0516496
0.0487398
0.0457354
0.0426738
0.039591
0.0365211
0.0334958
0.0305438
0.0276902
0.0249566
0.0223608
0.0199167
0.0176344
0.0155205
0.0135779
0.0118069
0.0102046
0.00876606
0.00748423
0.00635057
0.00535537
0.00448814
0.00373795
0.0030937
0.00254443
0.00207949
0.00168873
0.00136262
0.00109237
0.000869929
0.000688037
0.000540218
0.000420748
0.000324604
0.000247412
0.000185372
0.000135188
9.398e-05
5.9209e-05
2.85881e-05
0
0
3.28764e-05
6.80904e-05
0.000108077
0.000155466
0.000213178
0.000284524
0.000373295
0.00048386
0.000621252
0.000791243
0.00100042
0.00125623
0.00156702
0.00194204
0.00239141
0.0029261
0.00355776
0.00429864
0.00516137
0.00615868
0.00730316
0.00860688
0.010081
0.0117353
0.0135779
0.0156146
0.0178485
0.0202796
0.0229043
0.025715
0.0287002
0.0318438
0.0351254
0.0385203
0.0419993
0.0455296
0.0490749
0.0525958
0.0560508
0.059397
0.0625909
0.0655891
0.0683496
0.0708328
0.0730019
0.0748243
0.076272
0.0773226
0.0779597
0.0781731
0.0779597
0.0773226
0.076272
0.0748243
0.0730019
0.0708328
0.0683496
0.0655891
0.0625909
0.059397
0.0560508
0.0525958
0.0490749
0.0455296
0.0419993
0.0385203
0.0351254
0.0318438
0.0287002
0.025715
0.0229043
0.0202796
0.0178485
0.0156146
0.0135779
0.0117353
0.010081
0.00860688
0.00730316
0.00615868
0.00516137
0.00429864
0.00355776
0.0029261
0.00239141
0.00194204
0.00156702
0.00125623
0.00100042
0.000791243
0.000621252
0.00048386
0.000373295
0.000284524
0.000213178
0.000155466
0.000108077
6.80904e-05
3.28764e-05
0
0
3.75798e-05
7.78318e-05
0.000123539
0.000177708
0.000243677
0.000325229
0.0004267
0.000553084
0.000710131
0.000904442
0.00114354
0.00143595
0.0017912
0.00221987
0.00273354
0.00334472
0.00406675
0.00491363
0.00589978
0.00703977
0.00834799
0.00983822
0.0115232
0.0134142
0.0155205
0.0178485
0.020402
0.0231809
0.026181
0.0293939
0.0328061
0.0363995
0.0401506
0.0440311
0.0480079
0.0520433
0.0560958
0.0601204
0.0640697
0.0678947
0.0715454
0.0749725
0.0781281
0.0809665
0.0834459
0.085529
0.0871838
0.0883847
0.0891129
0.089357
0.0891129
0.0883847
0.0871838
0.085529
0.0834459
0.0809665
0.0781281
0.0749725
0.0715454
0.0678947
0.0640697
0.0601204
0.0560958
0.0520433
0.0480079
0.0440311
0.0401506
0.0363995
0.0328061
0.0293939
0.026181
0.0231809
0.020402
0.0178485
0.0155205
0.0134142
0.0115232
0.00983822
0.00834799
0.00703977
0.00589978
0.00491363
0.00406675
0.00334472
0.00273354
0.00221987
0.0017912
0.00143595
0.00114354
0.000904442
0.000710131
0.000553084
0.0004267
0.000325229
0.000243677
0.000177708
0.000123539
7.78318e-05
3.75798e-05
0
0
4.26984e-05
8.84329e-05
0.000140366
0.000201913
0.000276867
0.000369527
0.000484819
0.000628417
0.000806855
0.00102763
0.0012993
0.00163154
0.00203517
0.00252223
0.00310586
0.00380029
0.00462066
0.00558289
0.00670336
0.00799863
0.00948503
0.0111782
0.0130927
0.0152413
0.0176344
0.0202796
0.0231809
0.0263383
0.029747
0.0333975
0.0372745
0.0413573
0.0456193
0.0500284
0.0545469
0.0591319
0.0637363
0.0683091
0.0727964
0.0771423
0.0812903
0.0851842
0.0887695
0.0919946
0.0948117
0.0971785
0.0990587
0.100423
0.101251
0.101528
0.101251
0.100423
0.0990587
0.0971785
0.0948117
0.0919946
0.0887695
0.0851842
0.0812903
0.0771423
0.0727964
0.0683091
0.0637363
0.0591319
0.0545469
0.0500284
0.0456193
0.0413573
0.0372745
0.0333975
0.029747
0.0263383
0.0231809
0.0202796
0.0176344
0.0152413
0.0130927
0.0111782
0.00948503
0.00799863
0.00670336
0.00558289
0.00462066
0.00380029
0.00310586
0.00252223
0.00203517
0.00163154
0.0012993
0.00102763
0.000806855
0.000628417
0.000484819
0.000369527
0.000276867
0.000201913
0.000140366
8.84329e-05
4.26984e-05
0
0
4.82245e-05
9.98781e-05
0.000158532
0.000228045
0.0003127
0.000417352
0.000547565
0.000709748
0.00091128
0.00116063
0.00146746
0.00184269
0.00229857
0.00284866
0.00350783
0.00429213
0.00521868
0.00630544
0.00757093
0.00903383
0.0107126
0.012625
0.0147872
0.0172139
0.0199167
0.0229043
0.026181
0.029747
0.033597
0.0377199
0.0420987
0.0467099
0.0515235
0.0565032
0.0616064
0.0667849
0.0719853
0.0771499
0.0822179
0.0871262
0.0918111
0.096209
0.100258
0.103901
0.107082
0.109756
0.111879
0.11342
0.114355
0.114668
0.114355
0.11342
0.111879
0.109756
0.107082
0.103901
0.100258
0.096209
0.0918111
0.0871262
0.0822179
0.0771499
0.0719853
0.0667849
0.0616064
0.0565032
0.0515235
0.0467099
0.0420987
0.0377199
0.033597
0.029747
0.026181
0.0229043
0.0199167
0.0172139
0.0147872
0.012625
0.0107126
0.00903383
0.00757093
0.00630544
0.00521868
0.00429213
0.00350783
0.00284866
0.00229857
0.00184269
0.00146746
0.00116063
0.00091128
0.000709748
0.000547565
0.000417352
0.0003127
0.000228045
0.000158532
9.98781e-05
4.82245e-05
0
0
5.41425e-05
0.000112135
0.000177987
0.000256029
0.000351073
0.000468568
0.000614761
0.000796846
0.00102311
0.00130306
0.00164754
0.00206882
0.00258065
0.00319824
0.0039383
0.00481884
0.0058591
0.00707923
0.00850001
0.0101424
0.0120272
0.0141742
0.0166019
0.0193263
0.0223608
0.025715
0.0293939
0.0333975
0.0377199
0.0423488
0.0472649
0.052442
0.0578463
0.0634371
0.0691666
0.0749805
0.0808191
0.0866175
0.0923074
0.0978181
0.103078
0.108015
0.112562
0.116651
0.120223
0.123224
0.125609
0.127339
0.128388
0.12874
0.128388
0.127339
0.125609
0.123224
0.120223
0.116651
0.112562
0.108015
0.103078
0.0978181
0.0923074
0.0866175
0.0808191
0.0749805
0.0691666
0.0634371
0.0578463
0.052442
0.0472649
0.0423488
0.0377199
0.0333975
0.0293939
0.025715
0.0223608
0.0193263
0.0166019
0.0141742
0.0120272
0.0101424
0.00850001
0.00707923
0.0058591
0.00481884
0.0039383
0.00319824
0.00258065
0.00206882
0.00164754
0.00130306
0.00102311
0.000796846
0.000614761
0.000468568
0.000351073
0.000256029
0.000177987
0.000112135
5.41425e-05
0
0
6.04277e-05
0.000125152
0.000198649
0.000285751
0.000391828
0.000522963
0.000686127
0.000889349
0.00114188
0.00145433
0.0018388
0.00230899
0.00288023
0.00356952
0.00439548
0.00537825
0.00653927
0.00790103
0.00948675
0.0113198
0.0134234
0.0158197
0.0185291
0.0215699
0.0249566
0.0287002
0.0328061
0.0372745
0.0420987
0.0472649
0.0527517
0.0585298
0.0645615
0.0708013
0.0771959
0.0836848
0.0902011
0.0966726
0.103023
0.109173
0.115044
0.120555
0.125629
0.130193
0.13418
0.137529
0.14019
0.142121
0.143292
0.143684
0.143292
0.142121
0.14019
0.137529
0.13418
0.130193
0.125629
0.120555
0.115044
0.109173
0.103023
0.0966726
0.0902011
0.0836848
0.0771959
0.0708013
0.0645615
0.0585298
0.0527517
0.0472649
0.0420987
0.0372745
0.0328061
0.0287002
0.0249566
0.0215699
0.0185291
0.0158197
0.0134234
0.0113198
0.00948675
0.00790103
0.00653927
0.00537825
0.00439548
0.00356952
0.00288023
0.00230899
0.0018388
0.00145433
0.00114188
0.000889349
0.000686127
0.000522963
0.000391828
0.000285751
0.000198649
0.000125152
6.04277e-05
0
0
6.70465e-05
0.00013886
0.000220408
0.00031705
0.000434746
0.000580244
0.00076128
0.000986762
0.00126695
0.00161362
0.00204021
0.0025619
0.00319571
0.0039605
0.00487693
0.00596735
0.00725553
0.00876646
0.0105259
0.0125597
0.0148937
0.0175525
0.0205587
0.0239325
0.0276902
0.0318438
0.0363995
0.0413573
0.0467099
0.052442
0.0585298
0.0649407
0.0716331
0.0785564
0.0856514
0.092851
0.100081
0.107261
0.114307
0.121132
0.127645
0.133759
0.139389
0.144453
0.148877
0.152593
0.155546
0.157688
0.158987
0.159423
0.158987
0.157688
0.155546
0.152593
0.148877
0.144453
0.139389
0.133759
0.127645
0.121132
0.114307
0.107261
0.100081
0.092851
0.0856514
0.0785564
0.0716331
0.0649407
0.0585298
0.052442
0.0467099
0.0413573
0.0363995
0.0318438
0.0276902
0.0239325
0.0205587
0.0175525
0.0148937
0.0125597
0.0105259
0.00876646
0.00725553
0.00596735
0.00487693
0.0039605
0.00319571
0.0025619
0.00204021
0.00161362
0.00126695
0.000986762
0.00076128
0.000580244
0.000434746
0.00031705
0.000220408
0.00013886
6.70465e-05
0
0
7.3956e-05
0.000153171
0.000243121
0.000349724
0.000479549
0.000640041
0.000839733
0.00108845
0.00139752
0.00177992
0.00225046
0.00282591
0.00352504
0.00436864
0.00537952
0.0065823
0.00800324
0.00966988
0.0116106
0.0138541
0.0164286
0.0193613
0.0226774
0.0263988
0.0305438
0.0351254
0.0401506
0.0456193
0.0515235
0.0578463
0.0645615
0.0716331
0.0790152
0.086652
0.0944782
0.10242
0.110395
0.118315
0.126087
0.133615
0.140799
0.147544
0.153754
0.15934
0.164219
0.168319
0.171575
0.173939
0.175372
0.175852
0.175372
0.173939
0.171575
0.168319
0.164219
0.15934
0.153754
0.147544
0.140799
0.133615
0.126087
0.118315
0.110395
0.10242
0.0944782
0.086652
0.0790152
0.0716331
0.0645615
0.0578463
0.0515235
0.0456193
0.0401506
0.0351254
0.0305438
0.0263988
0.0226774
0.0193613
0.0164286
0.0138541
0.0116106
0.00966988
0.00800324
0.0065823
0.00537952
0.00436864
0.00352504
0.00282591
0.00225046
0.00177992
0.00139752
0.00108845
0.000839733
0.000640041
0.000479549
0.000349724
0.000243121
0.000153171
7.3956e-05
0
0
8.11037e-05
0.000167974
0.000266619
0.000383524
0.000525897
0.0007019
0.000920893
0.00119365
0.00153259
0.00195194
0.00246797
0.00309903
0.00386573
0.00479087
0.00589945
0.00721848
0.00877675
0.0106045
0.0127327
0.0151931
0.0180164
0.0212326
0.0248691
0.0289502
0.0334958
0.0385203
0.0440311
0.0500284
0.0565032
0.0634371
0.0708013
0.0785564
0.086652
0.0950268
0.103609
0.112319
0.121064
0.12975
0.138274
0.146528
0.154407
0.161804
0.168614
0.17474
0.180091
0.184586
0.188158
0.19075
0.192321
0.192848
0.192321
0.19075
0.188158
0.184586
0.180091
0.17474
0.168614
0.161804
0.154407
0.146528
0.138274
0.12975
0.121064
0.112319
0.103609
0.0950268
0.086652
0.0785564
0.0708013
0.0634371
0.0565032
0.0500284
0.0440311
0.0385203
0.0334958
0.0289502
0.0248691
0.0212326
0.0180164
0.0151931
0.0127327
0.0106045
0.00877675
0.00721848
0.00589945
0.00479087
0.00386573
0.00309903
0.00246797
0.00195194
0.00153259
0.00119365
0.000920893
0.0007019
0.000525897
0.000383524
0.000266619
0.000167974
8.11037e-05
0
0
8.84288e-05
0.000183145
0.000290699
0.000418163
0.000573394
0.000765294
0.00100407
0.00130146
0.001671
0.00212824
0.00269087
0.00337893
0.00421487
0.00522357
0.00643227
0.00787043
0.00956944
0.0115622
0.0138827
0.0165652
0.0196436
0.0231502
0.0271152
0.0315649
0.0365211
0.0419993
0.0480079
0.0545469
0.0616064
0.0691666
0.0771959
0.0856514
0.0944782
0.103609
0.112967
0.122463
0.131999
0.141469
0.150762
0.159763
0.168353
0.176417
0.183843
0.190522
0.196356
0.201258
0.205152
0.207978
0.209691
0.210265
0.209691
0.207978
0.205152
0.201258
0.196356
0.190522
0.183843
0.176417
0.168353
0.159763
0.150762
0.141469
0.131999
0.122463
0.112967
0.103609
0.0944782
0.0856514
0.0771959
0.0691666
0.0616064
0.0545469
0.0480079
0.0419993
0.0365211
0.0315649
0.0271152
0.0231502
0.0196436
0.0165652
0.0138827
0.0115622
0.00956944
0.00787043
0.00643227
0.00522357
0.00421487
0.00337893
0.00269087
0.00212824
0.001671
0.00130146
0.00100407
0.000765294
0.000573394
0.000418163
0.000290699
0.000183145
8.84288e-05
0
0
9.58619e-05
0.00019854
0.000315135
0.000453313
0.000621592
0.000829623
0.00108846
0.00141085
0.00181146
0.00230713
0.00291705
0.00366295
0.00456916
0.00566265
0.00697295
0.008532
0.0103738
0.0125341
0.0150497
0.0179577
0.0212948
0.0250962
0.0293944
0.0342182
0.039591
0.0455296
0.0520433
0.0591319
0.0667849
0.0749805
0.0836848
0.092851
0.10242
0.112319
0.122463
0.132757
0.143094
0.15336
0.163435
0.173192
0.182504
0.191247
0.199296
0.206536
0.212861
0.218175
0.222396
0.22546
0.227317
0.22794
0.227317
0.22546
0.222396
0.218175
0.212861
0.206536
0.199296
0.191247
0.182504
0.173192
0.163435
0.15336
0.143094
0.132757
0.122463
0.112319
0.10242
0.092851
0.0836848
0.0749805
0.0667849
0.0591319
0.0520433
0.0455296
0.039591
0.0342182
0.0293944
0.0250962
0.0212948
0.0179577
0.0150497
0.0125341
0.0103738
0.008532
0.00697295
0.00566265
0.00456916
0.00366295
0.00291705
0.00230713
0.00181146
0.00141085
0.00108846
0.000829623
0.000621592
0.000453313
0.000315135
0.00019854
9.58619e-05
0
0
0.000103326
0.000214
0.000339673
0.000488611
0.000669994
0.000894223
0.00117322
0.00152071
0.00195252
0.00248678
0.0031442
0.00394818
0.00492495
0.00610358
0.00751591
0.00919636
0.0111816
0.0135101
0.0162216
0.019356
0.0229529
0.0270504
0.0316833
0.0368827
0.0426738
0.0490749
0.0560958
0.0637363
0.0719853
0.0808191
0.0902011
0.100081
0.110395
0.121064
0.131999
0.143094
0.154236
0.165302
0.176161
0.186678
0.196715
0.206138
0.214815
0.222619
0.229436
0.235164
0.239713
0.243015
0.245018
0.245689
0.245018
0.243015
0.239713
0.235164
0.229436
0.222619
0.214815
0.206138
0.196715
0.186678
0.176161
0.165302
0.154236
0.143094
0.131999
0.121064
0.110395
0.100081
0.0902011
0.0808191
0.0719853
0.0637363
0.0560958
0.0490749
0.0426738
0.0368827
0.0316833
0.0270504
0.0229529
0.019356
0.0162216
0.0135101
0.0111816
0.00919636
0.00751591
0.00610358
0.00492495
0.00394818
0.0031442
0.00248678
0.00195252
0.00152071
0.00117322
0.000894223
0.000669994
0.000488611
0.000339673
0.000214
0.000103326
0
0
0.00011074
0.000229353
0.000364043
0.000523666
0.000718063
0.000958379
0.00125739
0.00162982
0.0020926
0.0026652
0.00336978
0.00423144
0.00527829
0.00654148
0.00805515
0.00985616
0.0119838
0.0144794
0.0173854
0.0207447
0.0245997
0.0289911
0.0339564
0.0395288
0.0457354
0.0525958
0.0601204
0.0683091
0.0771499
0.0866175
0.0966726
0.107261
0.118315
0.12975
0.141469
0.15336
0.165302
0.177162
0.1888
0.200071
0.210829
0.220928
0.230227
0.238591
0.245897
0.252035
0.256912
0.260451
0.262597
0.263316
0.262597
0.260451
0.256912
0.252035
0.245897
0.238591
0.230227
0.220928
0.210829
0.200071
0.1888
0.177162
0.165302
0.15336
0.141469
0.12975
0.118315
0.107261
0.0966726
0.0866175
0.0771499
0.0683091
0.0601204
0.0525958
0.0457354
0.0395288
0.0339564
0.0289911
0.0245997
0.0207447
0.0173854
0.0144794
0.0119838
0.00985616
0.00805515
0.00654148
0.00527829
0.00423144
0.00336978
0.0026652
0.0020926
0.00162982
0.00125739
0.000958379
0.000718063
0.000523666
0.000364043
0.000229353
0.00011074
0
0
0.000118014
0.00024442
0.000387957
0.000558066
0.000765232
0.00102134
0.00133999
0.00173688
0.00223007
0.00284027
0.00359114
0.0045094
0.00562502
0.0069712
0.00858429
0.0105036
0.0127711
0.0154306
0.0185274
0.0221074
0.0262157
0.0308955
0.036187
0.0421255
0.0487398
0.0560508
0.0640697
0.0727964
0.0822179
0.0923074
0.103023
0.114307
0.126087
0.138274
0.150762
0.163435
0.176161
0.1888
0.201202
0.213214
0.224678
0.235441
0.24535
0.254264
0.26205
0.268592
0.273788
0.27756
0.279847
0.280613
0.279847
0.27756
0.273788
0.268592
0.26205
0.254264
0.24535
0.235441
0.224678
0.213214
0.201202
0.1888
0.176161
0.163435
0.150762
0.138274
0.126087
0.114307
0.103023
0.0923074
0.0822179
0.0727964
0.0640697
0.0560508
0.0487398
0.0421255
0.036187
0.0308955
0.0262157
0.0221074
0.0185274
0.0154306
0.0127711
0.0105036
0.00858429
0.0069712
0.00562502
0.0045094
0.00359114
0.00284027
0.00223007
0.00173688
0.00133999
0.00102134
0.000765232
0.000558066
0.000387957
0.00024442
0.000118014
0
0
0.000125059
0.000259011
0.000411118
0.000591382
0.000810916
0.00108231
0.00141999
0.00184057
0.0023632
0.00300984
0.00380553
0.00477861
0.00596083
0.00738737
0.00909677
0.0111307
0.0135335
0.0163518
0.0196335
0.0234272
0.0277807
0.03274
0.0383474
0.0446404
0.0516496
0.059397
0.0678947
0.0771423
0.0871262
0.0978181
0.109173
0.121132
0.133615
0.146528
0.159763
0.173192
0.186678
0.200071
0.213214
0.225942
0.238091
0.249496
0.259997
0.269443
0.277694
0.284627
0.290134
0.29413
0.296553
0.297365
0.296553
0.29413
0.290134
0.284627
0.277694
0.269443
0.259997
0.249496
0.238091
0.225942
0.213214
0.200071
0.186678
0.173192
0.159763
0.146528
0.133615
0.121132
0.109173
0.0978181
0.0871262
0.0771423
0.0678947
0.059397
0.0516496
0.0446404
0.0383474
0.03274
0.0277807
0.0234272
0.0196335
0.0163518
0.0135335
0.0111307
0.00909677
0.00738737
0.00596083
0.00477861
0.00380553
0.00300984
0.0023632
0.00184057
0.00141999
0.00108231
0.000810916
0.000591382
0.000411118
0.000259011
0.000125059
0
0
0.000131784
0.000272939
0.000433224
0.000623182
0.00085452
0.00114051
0.00149634
0.00193954
0.00249027
0.00317168
0.00401015
0.00503556
0.00628135
0.0077846
0.00958591
0.0117292
0.0142612
0.017231
0.0206892
0.0246869
0.0292745
0.0345004
0.0404094
0.0470407
0.0544268
0.0625909
0.0715454
0.0812903
0.0918111
0.103078
0.115044
0.127645
0.140799
0.154407
0.168353
0.182504
0.196715
0.210829
0.224678
0.238091
0.250894
0.262912
0.273978
0.283931
0.292626
0.299931
0.305734
0.309946
0.312499
0.313355
0.312499
0.309946
0.305734
0.299931
0.292626
0.283931
0.273978
0.262912
0.250894
0.238091
0.224678
0.210829
0.196715
0.182504
0.168353
0.154407
0.140799
0.127645
0.115044
0.103078
0.0918111
0.0812903
0.0715454
0.0625909
0.0544268
0.0470407
0.0404094
0.0345004
0.0292745
0.0246869
0.0206892
0.017231
0.0142612
0.0117292
0.00958591
0.0077846
0.00628135
0.00503556
0.00401015
0.00317168
0.00249027
0.00193954
0.00149634
0.00114051
0.00085452
0.000623182
0.000433224
0.000272939
0.000131784
0
0
0.000138097
0.000286013
0.000453976
0.000653033
0.000895453
0.00119514
0.00156802
0.00203245
0.00260956
0.00332361
0.00420225
0.00527677
0.00658224
0.00815749
0.0100451
0.012291
0.0149443
0.0180564
0.0216803
0.0258695
0.0306768
0.0361531
0.042345
0.049294
0.0570339
0.0655891
0.0749725
0.0851842
0.096209
0.108015
0.120555
0.133759
0.147544
0.161804
0.176417
0.191247
0.206138
0.220928
0.235441
0.249496
0.262912
0.275506
0.287102
0.297532
0.306643
0.314298
0.320379
0.324792
0.327468
0.328365
0.327468
0.324792
0.320379
0.314298
0.306643
0.297532
0.287102
0.275506
0.262912
0.249496
0.235441
0.220928
0.206138
0.191247
0.176417
0.161804
0.147544
0.133759
0.120555
0.108015
0.096209
0.0851842
0.0749725
0.0655891
0.0570339
0.049294
0.042345
0.0361531
0.0306768
0.0258695
0.0216803
0.0180564
0.0149443
0.012291
0.0100451
0.00815749
0.00658224
0.00527677
0.00420225
0.00332361
0.00260956
0.00203245
0.00156802
0.00119514
0.000895453
0.000653033
0.000453976
0.000286013
0.000138097
0
0
0.000143909
0.000298051
0.000473084
0.000680518
0.000933141
0.00124544
0.00163402
0.00211799
0.00271939
0.00346349
0.00437912
0.00549887
0.00685928
0.00850083
0.0104679
0.0128083
0.0155733
0.0188164
0.0225928
0.0269583
0.031968
0.0376747
0.0441273
0.0513688
0.0594344
0.0683496
0.0781281
0.0887695
0.100258
0.112562
0.125629
0.139389
0.153754
0.168614
0.183843
0.199296
0.214815
0.230227
0.24535
0.259997
0.273978
0.287102
0.299185
0.310055
0.31955
0.327527
0.333864
0.338463
0.341251
0.342186
0.341251
0.338463
0.333864
0.327527
0.31955
0.310055
0.299185
0.287102
0.273978
0.259997
0.24535
0.230227
0.214815
0.199296
0.183843
0.168614
0.153754
0.139389
0.125629
0.112562
0.100258
0.0887695
0.0781281
0.0683496
0.0594344
0.0513688
0.0441273
0.0376747
0.031968
0.0269583
0.0225928
0.0188164
0.0155733
0.0128083
0.0104679
0.00850083
0.00685928
0.00549887
0.00437912
0.00346349
0.00271939
0.00211799
0.00163402
0.00124544
0.000933141
0.000680518
0.000473084
0.000298051
0.000143909
0
0
0.000149137
0.000308879
0.000490271
0.000705242
0.000967043
0.00129069
0.00169338
0.00219494
0.00281819
0.00358932
0.00453821
0.00569864
0.00710848
0.00880967
0.0108482
0.0132737
0.0161391
0.0195
0.0234136
0.0279377
0.0331294
0.0390434
0.0457304
0.053235
0.0615937
0.0708328
0.0809665
0.0919946
0.103901
0.116651
0.130193
0.144453
0.15934
0.17474
0.190522
0.206536
0.222619
0.238591
0.254264
0.269443
0.283931
0.297532
0.310055
0.321319
0.331159
0.339426
0.345993
0.350759
0.353649
0.354617
0.353649
0.350759
0.345993
0.339426
0.331159
0.321319
0.310055
0.297532
0.283931
0.269443
0.254264
0.238591
0.222619
0.206536
0.190522
0.17474
0.15934
0.144453
0.130193
0.116651
0.103901
0.0919946
0.0809665
0.0708328
0.0615937
0.053235
0.0457304
0.0390434
0.0331294
0.0279377
0.0234136
0.0195
0.0161391
0.0132737
0.0108482
0.00880967
0.00710848
0.00569864
0.00453821
0.00358932
0.00281819
0.00219494
0.00169338
0.00129069
0.000967043
0.000705242
0.000490271
0.000308879
0.000149137
0
0
0.000153704
0.000318338
0.000505285
0.000726838
0.000996656
0.00133021
0.00174524
0.00226215
0.00290449
0.00369924
0.00467718
0.00587315
0.00732616
0.00907945
0.0111804
0.0136801
0.0166333
0.0200971
0.0241306
0.0287932
0.0341439
0.0402391
0.0471308
0.0548652
0.0634799
0.0730019
0.0834459
0.0948117
0.107082
0.120223
0.13418
0.148877
0.164219
0.180091
0.196356
0.212861
0.229436
0.245897
0.26205
0.277694
0.292626
0.306643
0.31955
0.331159
0.3413
0.34982
0.356588
0.3615
0.364479
0.365477
0.364479
0.3615
0.356588
0.34982
0.3413
0.331159
0.31955
0.306643
0.292626
0.277694
0.26205
0.245897
0.229436
0.212861
0.196356
0.180091
0.164219
0.148877
0.13418
0.120223
0.107082
0.0948117
0.0834459
0.0730019
0.0634799
0.0548652
0.0471308
0.0402391
0.0341439
0.0287932
0.0241306
0.0200971
0.0166333
0.0136801
0.0111804
0.00907945
0.00732616
0.00587315
0.00467718
0.00369924
0.00290449
0.00226215
0.00174524
0.00133021
0.000996656
0.000726838
0.000505285
0.000318338
0.000153704
0
0
0.000157541
0.000326285
0.000517898
0.000744983
0.00102154
0.00136342
0.0017888
0.00231863
0.002977
0.00379158
0.00479394
0.00601976
0.00750904
0.0093061
0.0114595
0.0140216
0.0170485
0.0205988
0.0247329
0.029512
0.0349963
0.0412436
0.0483074
0.0562348
0.0650645
0.0748243
0.085529
0.0971785
0.109756
0.123224
0.137529
0.152593
0.168319
0.184586
0.201258
0.218175
0.235164
0.252035
0.268592
0.284627
0.299931
0.314298
0.327527
0.339426
0.34982
0.358553
0.36549
0.370525
0.373577
0.3746
0.373577
0.370525
0.36549
0.358553
0.34982
0.339426
0.327527
0.314298
0.299931
0.284627
0.268592
0.252035
0.235164
0.218175
0.201258
0.184586
0.168319
0.152593
0.137529
0.123224
0.109756
0.0971785
0.085529
0.0748243
0.0650645
0.0562348
0.0483074
0.0412436
0.0349963
0.029512
0.0247329
0.0205988
0.0170485
0.0140216
0.0114595
0.0093061
0.00750904
0.00601976
0.00479394
0.00379158
0.002977
0.00231863
0.0017888
0.00136342
0.00102154
0.000744983
0.000517898
0.000326285
0.000157541
0
0
0.000160589
0.000332598
0.000527919
0.000759397
0.0010413
0.0013898
0.00182341
0.00236349
0.00303459
0.00386494
0.00488669
0.00613624
0.00765433
0.00948616
0.0116812
0.0142929
0.0173784
0.0209974
0.0252115
0.030083
0.0356734
0.0420415
0.049242
0.0573229
0.0663234
0.076272
0.0871838
0.0990587
0.111879
0.125609
0.14019
0.155546
0.171575
0.188158
0.205152
0.222396
0.239713
0.256912
0.273788
0.290134
0.305734
0.320379
0.333864
0.345993
0.356588
0.36549
0.372562
0.377693
0.380805
0.381848
0.380805
0.377693
0.372562
0.36549
0.356588
0.345993
0.333864
0.320379
0.305734
0.290134
0.273788
0.256912
0.239713
0.222396
0.205152
0.188158
0.171575
0.155546
0.14019
0.125609
0.111879
0.0990587
0.0871838
0.076272
0.0663234
0.0573229
0.049242
0.0420415
0.0356734
0.030083
0.0252115
0.0209974
0.0173784
0.0142929
0.0116812
0.00948616
0.00765433
0.00613624
0.00488669
0.00386494
0.00303459
0.00236349
0.00182341
0.0013898
0.0010413
0.000759397
0.000527919
0.000332598
0.000160589
0
0
0.000162801
0.000337179
0.00053519
0.000769857
0.00105564
0.00140894
0.00184853
0.00239604
0.00307639
0.00391818
0.00495401
0.00622076
0.00775976
0.00961682
0.0118421
0.0144898
0.0176178
0.0212866
0.0255587
0.0304974
0.0361648
0.0426206
0.0499203
0.0581125
0.067237
0.0773226
0.0883847
0.100423
0.11342
0.127339
0.142121
0.157688
0.173939
0.19075
0.207978
0.22546
0.243015
0.260451
0.27756
0.29413
0.309946
0.324792
0.338463
0.350759
0.3615
0.370525
0.377693
0.382896
0.386051
0.387108
0.386051
0.382896
0.377693
0.370525
0.3615
0.350759
0.338463
0.324792
0.309946
0.29413
0.27756
0.260451
0.243015
0.22546
0.207978
0.19075
0.173939
0.157688
0.142121
0.127339
0.11342
0.100423
0.0883847
0.0773226
0.067237
0.0581125
0.0499203
0.0426206
0.0361648
0.0304974
0.0255587
0.0212866
0.0176178
0.0144898
0.0118421
0.00961682
0.00775976
0.00622076
0.00495401
0.00391818
0.00307639
0.00239604
0.00184853
0.00140894
0.00105564
0.000769857
0.00053519
0.000337179
0.000162801
0
0
0.000164143
0.000339957
0.0005396
0.0007762
0.00106434
0.00142055
0.00186376
0.00241578
0.00310174
0.00395046
0.00499482
0.00627201
0.0078237
0.00969606
0.0119397
0.0146092
0.0177629
0.021462
0.0257693
0.0307486
0.0364627
0.0429718
0.0503316
0.0585913
0.0677909
0.0779597
0.0891129
0.101251
0.114355
0.128388
0.143292
0.158987
0.175372
0.192321
0.209691
0.227317
0.245018
0.262597
0.279847
0.296553
0.312499
0.327468
0.341251
0.353649
0.364479
0.373577
0.380805
0.386051
0.389231
0.390297
0.389231
0.386051
0.380805
0.373577
0.364479
0.353649
0.341251
0.327468
0.312499
0.296553
0.279847
0.262597
0.245018
0.227317
0.209691
0.192321
0.175372
0.158987
0.143292
0.128388
0.114355
0.101251
0.0891129
0.0779597
0.0677909
0.0585913
0.0503316
0.0429718
0.0364627
0.0307486
0.0257693
0.021462
0.0177629
0.0146092
0.0119397
0.00969606
0.0078237
0.00627201
0.00499482
0.00395046
0.00310174
0.00241578
0.00186376
0.00142055
0.00106434
0.0007762
0.0005396
0.000339957
0.000164143
0
0
0.000164592
0.000340888
0.000541077
0.000778325
0.00106726
0.00142444
0.00186886
0.0024224
0.00311023
0.00396128
0.0050085
0.00628919
0.00784512
0.00972261
0.0119724
0.0146492
0.0178116
0.0215207
0.0258399
0.0308328
0.0365626
0.0430895
0.0504694
0.0587517
0.0679766
0.0781731
0.089357
0.101528
0.114668
0.12874
0.143684
0.159423
0.175852
0.192848
0.210265
0.22794
0.245689
0.263316
0.280613
0.297365
0.313355
0.328365
0.342186
0.354617
0.365477
0.3746
0.381848
0.387108
0.390297
0.391366
0.390297
0.387108
0.381848
0.3746
0.365477
0.354617
0.342186
0.328365
0.313355
0.297365
0.280613
0.263316
0.245689
0.22794
0.210265
0.192848
0.175852
0.159423
0.143684
0.12874
0.114668
0.101528
0.089357
0.0781731
0.0679766
0.0587517
0.0504694
0.0430895
0.0365626
0.0308328
0.0258399
0.0215207
0.0178116
0.0146492
0.0119724
0.00972261
0.00784512
0.00628919
0.0050085
0.00396128
0.00311023
0.0024224
0.00186886
0.00142444
0.00106726
0.000778325
0.000541077
0.000340888
0.000164592
0
0
0.000164143
0.000339957
0.0005396
0.0007762
0.00106434
0.00142055
0.00186376
0.00241578
0.00310174
0.00395046
0.00499482
0.00627201
0.0078237
0.00969606
0.0119397
0.0146092
0.0177629
0.021462
0.0257693
0.0307486
0.0364627
0.0429718
0.0503316
0.0585913
0.0677909
0.0779597
0.0891129
0.101251
0.114355
0.128388
0.143292
0.158987
0.175372
0.192321
0.209691
0.227317
0.245018
0.262597
0.279847
0.296553
0.312499
0.327468
0.341251
0.353649
0.364479
0.373577
0.380805
0.386051
0.389231
0.390297
0.389231
0.386051
0.380805
0.373577
0.364479
0.353649
0.341251
0.327468
0.312499
0.296553
0.279847
0.262597
0.245018
0.227317
0.209691
0.192321
0.175372
0.158987
0.143292
0.128388
0.114355
0.101251
0.0891129
0.0779597
0.0677909
0.0585913
0.0503316
0.0429718
0.0364627
0.0307486
0.0257693
0.021462
0.0177629
0.0146092
0.0119397
0.00969606
0.0078237
0.00627201
0.00499482
0.00395046
0.00310174
0.00241578
0.00186376
0.00142055
0.00106434
0.0007762
0.0005396
0.000339957
0.000164143
0
0
0.000162801
0.000337179
0.00053519
0.000769857
0.00105564
0.00140894
0.00184853
0.00239604
0.00307639
0.00391818
0.00495401
0.00622076
0.00775976
0.00961682
0.0118421
0.0144898
0.0176178
0.0212866
0.0255587
0.0304974
0.0361648
0.0426206
0.0499203
0.0581125
0.067237
0.0773226
0.0883847
0.100423
0.11342
0.127339
0.142121
0.157688
0.173939
0.19075
0.207978
0.22546
0.243015
0.260451
0.27756
0.29413
0.309946
0.324792
0.338463
0.350759
0.3615
0.370525
0.377693
0.382896
0.386051
0.387108
0.386051
0.382896
0.377693
0.370525
0.3615
0.350759
0.338463
0.324792
0.309946
0.29413
0.27756
0.260451
0.243015
0.22546
0.207978
0.19075
0.173939
0.157688
0.142121
0.127339
0.11342
0.100423
0.0883847
0.0773226
0.067237
0.0581125
0.0499203
0.0426206
0.0361648
0.0304974
0.0255587
0.0212866
0.0176178
0.0144898
0.0118421
0.00961682
0.00775976
0.00622076
0.00495401
0.00391818
0.00307639
0.00239604
0.00184853
0.00140894
0.00105564
0.000769857
0.00053519
0.000337179
0.000162801
0
0
0.000160589
0.000332598
0.000527919
0.000759397
0.0010413
0.0013898
0.00182341
0.00236349
0.00303459
0.00386494
0.00488669
0.00613624
0.00765433
0.00948616
0.0116812
0.0142929
0.0173784
0.0209974
0.0252115
0.030083
0.0356734
0.0420415
0.049242
0.0573229
0.0663234
0.076272
0.0871838
0.0990587
0.111879
0.125609
0.14019
0.155546
0.171575
0.188158
0.205152
0.222396
0.239713
0.256912
0.273788
0.290134
0.305734
0.320379
0.333864
0.345993
0.356588
0.36549
0.372562
0.377693
0.380805
0.381848
0.380805
0.377693
0.372562
0.36549
0.356588
0.345993
0.333864
0.320379
0.305734
0.290134
0.273788
0.256912
0.239713
0.222396
0.205152
0.188158
0.171575
0.155546
0.14019
0.125609
0.111879
0.0990587
0.0871838
0.076272
0.0663234
0.0573229
0.049242
0.0420415
0.0356734
0.030083
0.0252115
0.0209974
0.0173784
0.0142929
0.0116812
0.00948616
0.00765433
0.00613624
0.00488669
0.00386494
0.00303459
0.00236349
0.00182341
0.0013898
0.0010413
0.000759397
0.000527919
0.000332598
0.000160589
0
0
0.000157541
0.000326285
0.000517898
0.000744983
0.00102154
0.00136342
0.0017888
0.00231863
0.002977
0.00379158
0.00479394
0.00601976
0.00750904
0.0093061
0.0114595
0.0140216
0.0170485
0.0205988
0.0247329
0.029512
0.0349963
0.0412436
0.0483074
0.0562348
0.0650645
0.0748243
0.085529
0.0971785
0.109756
0.123224
0.137529
0.152593
0.168319
0.184586
0.201258
0.218175
0.235164
0.252035
0.268592
0.284627
0.299931
0.314298
0.327527
0.339426
0.34982
0.358553
0.36549
0.370525
0.373577
0.3746
0.373577
0.370525
0.36549
0.358553
0.34982
0.339426
0.327527
0.314298
0.299931
0.284627
0.268592
0.252035
0.235164
0.218175
0.201258
0.184586
0.168319
0.152593
0.137529
0.123224
0.109756
0.0971785
0.085529
0.0748243
0.0650645
0.0562348
0.0483074
0.0412436
0.0349963
0.029512
0.0247329
0.0205988
0.0170485
0.0140216
0.0114595
0.0093061
0.00750904
0.00601976
0.00479394
0.00379158
0.002977
0.00231863
0.0017888
0.00136342
0.00102154
0.000744983
0.000517898
0.000326285
0.000157541
0
0
0.000153704
0.000318338
0.000505285
0.000726838
0.000996656
0.00133021
0.00174524
0.00226215
0.00290449
0.00369924
0.00467718
0.00587315
0.00732616
0.00907945
0.0111804
0.0136801
0.0166333
0.0200971
0.0241306
0.0287932
0.0341439
0.0402391
0.0471308
0.0548652
0.0634799
0.0730019
0.0834459
0.0948117
0.107082
0.120223
0.13418
0.148877
0.164219
0.180091
0.196356
0.212861
0.229436
0.245897
0.26205
0.277694
0.292626
0.306643
0.31955
0.331159
0.3413
0.34982
0.356588
0.3615
0.364479
0.365477
0.364479
0.3615
0.356588
0.34982
0.3413
0.331159
0.31955
0.306643
0.292626
0.277694
0.26205
0.245897
0.229436
0.212861
0.196356
0.180091
0.164219
0.148877
0.13418
0.120223
0.107082
0.0948117
0.0834459
0.0730019
0.0634799
0.0548652
0.0471308
0.0402391
0.0341439
0.0287932
0.0241306
0.0200971
0.0166333
0.0136801
0.0111804
0.00907945
0.00732616
0.00587315
0.00467718
0.00369924
0.00290449
0.00226215
0.00174524
0.00133021
0.000996656
0.000726838
0.000505285
0.000318338
0.000153704
0
0
0.000149137
0.000308879
0.000490271
0.000705242
0.000967043
0.00129069
0.00169338
0.00219494
0.00281819
0.00358932
0.00453821
0.00569864
0.00710848
0.00880967
0.0108482
0.0132737
0.0161391
0.0195
0.0234136
0.0279377
0.0331294
0.0390434
0.0457304
0.053235
0.0615937
0.0708328
0.0809665
0.0919946
0.103901
0.116651
0.130193
0.144453
0.15934
0.17474
0.190522
0.206536
0.222619
0.238591
0.254264
0.269443
0.283931
0.297532
0.310055
0.321319
0.331159
0.339426
0.345993
0.350759
0.353649
0.354617
0.353649
0.350759
0.345993
0.339426
0.331159
0.321319
0.310055
0.297532
0.283931
0.269443
0.254264
0.238591
0.222619
0.206536
0.190522
0.17474
0.15934
0.144453
0.130193
0.116651
0.103901
0.0919946
0.0809665
0.0708328
0.0615937
0.053235
0.0457304
0.0390434
0.0331294
0.0279377
0.0234136
0.0195
0.0161391
0.0132737
0.0108482
0.00880967
0.00710848
0.00569864
0.00453821
0.00358932
0.00281819
0.00219494
0.00169338
0.00129069
0.000967043
0.000705242
0.000490271
0.000308879
0.000149137
0
0
0.000143909
0.000298051
0.000473084
0.000680518
0.000933141
0.00124544
0.00163402
0.00211799
0.00271939
0.00346349
0.00437912
0.00549887
0.00685928
0.00850083
0.0104679
0.0128083
0.0155733
0.0188164
0.0225928
0.0269583
0.031968
0.0376747
0.0441273
0.0513688
0.0594344
0.0683496
0.0781281
0.0887695
0.100258
0.112562
0.125629
0.139389
0.153754
0.168614
0.183843
0.199296
0.214815
0.230227
0.24535
0.259997
0.273978
0.287102
0.299185
0.310055
0.31955
0.327527
0.333864
0.338463
0.341251
0.342186
0.341251
0.338463
0.333864
0.327527
0.31955
0.310055
0.299185
0.287102
0.273978
0.259997
0.24535
0.230227
0.214815
0.199296
0.183843
0.168614
0.153754
0.139389
0.125629
0.112562
0.100258
0.0887695
0.0781281
0.0683496
0.0594344
0.0513688
0.0441273
0.0376747
0.031968
0.0269583
0.0225928
0.0188164
0.0155733
0.0128083
0.0104679
0.00850083
0.00685928
0.00549887
0.00437912
0.00346349
0.00271939
0.00211799
0.00163402
0.00124544
0.000933141
0.000680518
0.000473084
0.000298051
0.000143909
0
0
0.000138097
0.000286013
0.000453976
0.000653033
0.000895453
0.00119514
0.00156802
0.00203245
0.00260956
0.00332361
0.00420225
0.00527677
0.00658224
0.00815749
0.0100451
0.012291
0.0149443
0.0180564
0.0216803
0.0258695
0.0306768
0.0361531
0.042345
0.049294
0.0570339
0.0655891
0.0749725
0.0851842
0.096209
0.108015
0.120555
0.133759
0.147544
0.161804
0.176417
0.191247
0.206138
0.220928
0.235441
0.249496
0.262912
0.275506
0.287102
0.297532
0.306643
0.314298
0.320379
0.324792
0.327468
0.328365
0.327468
0.324792
0.320379
0.314298
0.306643
0.297532
0.287102
0.275506
0.262912
0.249496
0.235441
0.220928
0.206138
0.191247
0.176417
0.161804
0.147544
0.133759
0.120555
0.108015
0.096209
0.0851842
0.0749725
0.0655891
0.0570339
0.049294
0.042345
0.0361531
0.0306768
0.0258695
0.0216803
0.0180564
0.0149443
0.012291
0.0100451
0.00815749
0.00658224
0.00527677
0.00420225
0.00332361
0.00260956
0.00203245
0.00156802
0.00119514
0.000895453
0.000653033
0.000453976
0.000286013
0.000138097
0
0
0.000131784
0.000272939
0.000433224
0.000623182
0.00085452
0.00114051
0.00149634
0.00193954
0.00249027
0.00317168
0.00401015
0.00503556
0.00628135
0.0077846
0.00958591
0.0117292
0.0142612
0.017231
0.0206892
0.0246869
0.0292745
0.0345004
0.0404094
0.0470407
0.0544268
0.0625909
0.0715454
0.0812903
0.0918111
0.103078
0.115044
0.127645
0.140799
0.154407
0.168353
0.182504
0.196715
0.210829
0.224678
0.238091
0.250894
0.262912
0.273978
0.283931
0.292626
0.299931
0.305734
0.309946
0.312499
0.313355
0.312499
0.309946
0.305734
0.299931
0.292626
0.283931
0.273978
0.262912
0.250894
0.238091
0.224678
0.210829
0.196715
0.182504
0.168353
0.154407
0.140799
0.127645
0.115044
0.103078
0.0918111
0.0812903
0.0715454
0.0625909
0.0544268
0.0470407
0.0404094
0.0345004
0.0292745
0.0246869
0.0206892
0.017231
0.0142612
0.0117292
0.00958591
0.0077846
0.00628135
0.00503556
0.00401015
0.00317168
0.00249027
0.00193954
0.00149634
0.00114051
0.00085452
0.000623182
0.000433224
0.000272939
0.000131784
0
0
0.000125059
0.000259011
0.000411118
0.000591382
0.000810916
0.00108231
0.00141999
0.00184057
0.0023632
0.00300984
0.00380553
0.00477861
0.00596083
0.00738737
0.00909677
0.0111307
0.0135335
0.0163518
0.0196335
0.0234272
0.0277807
0.03274
0.0383474
0.0446404
0.0516496
0.059397
0.0678947
0.0771423
0.0871262
0.0978181
0.109173
0.121132
0.133615
0.146528
0.159763
0.173192
0.186678
0.200071
0.213214
0.225942
0.238091
0.249496
0.259997
0.269443
0.277694
0.284627
0.290134
0.29413
0.296553
0.297365
0.296553
0.29413
0.290134
0.284627
0.277694
0.269443
0.259997
0.249496
0.238091
0.225942
0.213214
0.200071
0.186678
0.173192
0.159763
0.146528
0.133615
0.121132
0.109173
0.0978181
0.0871262
0.0771423
0.0678947
0.059397
0.0516496
0.0446404
0.0383474
0.03274
0.0277807
0.0234272
0.0196335
0.0163518
0.0135335
0.0111307
0.00909677
0.00738737
0.00596083
0.00477861
0.00380553
0.00300984
0.0023632
0.00184057
0.00141999
0.00108231
0.000810916
0.000591382
0.000411118
0.000259011
0.000125059
0
0
0.000118014
0.00024442
0.000387957
0.000558066
0.000765232
0.00102134
0.00133999
0.00173688
0.00223007
0.00284027
0.00359114
0.0045094
0.00562502
0.0069712
0.00858429
0.0105036
0.0127711
0.0154306
0.0185274
0.0221074
0.0262157
0.0308955
0.036187
0.0421255
0.0487398
0.0560508
0.0640697
0.0727964
0.0822179
0.0923074
0.103023
0.114307
0.126087
0.138274
0.150762
0.163435
0.176161
0.1888
0.201202
0.213214
0.224678
0.235441
0.24535
0.254264
0.26205
0.268592
0.273788
0.27756
0.279847
0.280613
0.279847
0.27756
0.273788
0.268592
0.26205
0.254264
0.24535
0.235441
0.224678
0.213214
0.201202
0.1888
0.176161
0.163435
0.150762
0.138274
0.126087
0.114307
0.103023
0.0923074
0.0822179
0.0727964
0.0640697
0.0560508
0.0487398
0.0421255
0.036187
0.0308955
0.0262157
0.0221074
0.0185274
0.0154306
0.0127711
0.0105036
0.00858429
0.0069712
0.00562502
0.0045094
0.00359114
0.00284027
0.00223007
0.00173688
0.00133999
0.00102134
0.000765232
0.000558066
0.000387957
0.00024442
0.000118014
0
0
0.00011074
0.000229353
0.000364043
0.000523666
0.000718063
0.000958379
0.00125739
0.00162982
0.0020926
0.0026652
0.00336978
0.00423144
0.00527829
0.00654148
0.00805515
0.00985616
0.0119838
0.0144794
0.0173854
0.0207447
0.0245997
0.0289911
0.0339564
0.0395288
0.0457354
0.0525958
0.0601204
0.0683091
0.0771499
0.0866175
0.0966726
0.107261
0.118315
0.12975
0.141469
0.15336
0.165302
0.177162
0.1888
0.200071
0.210829
0.220928
0.230227
0.238591
0.245897
0.252035
0.256912
0.260451
0.262597
0.263316
0.262597
0.260451
0.256912
0.252035
0.245897
0.238591
0.230227
0.220928
0.210829
0.200071
0.1888
0.177162
0.165302
0.15336
0.141469
0.12975
0.118315
0.107261
0.0966726
0.0866175
0.0771499
0.0683091
0.0601204
0.0525958
0.0457354
0.0395288
0.0339564
0.0289911
0.0245997
0.0207447
0.0173854
0.0144794
0.0119838
0.00985616
0.00805515
0.00654148
0.00527829
0.00423144
0.00336978
0.0026652
0.0020926
0.00162982
0.00125739
0.000958379
0.000718063
0.000523666
0.000364043
0.000229353
0.00011074
0
0
0.000103326
0.000214
0.000339673
0.000488611
0.000669994
0.000894223
0.00117322
0.00152071
0.00195252
0.00248678
0.0031442
0.00394818
0.00492495
0.00610358
0.00751591
0.00919636
0.0111816
0.0135101
0.0162216
0.019356
0.0229529
0.0270504
0.0316833
0.0368827
0.0426738
0.0490749
0.0560958
0.0637363
0.0719853
0.0808191
0.0902011
0.100081
0.110395
0.121064
0.131999
0.143094
0.154236
0.165302
0.176161
0.186678
0.196715
0.206138
0.214815
0.222619
0.229436
0.235164
0.239713
0.243015
0.245018
0.245689
0.245018
0.243015
0.239713
0.235164
0.229436
0.222619
0.214815
0.206138
0.196715
0.186678
0.176161
0.165302
0.154236
0.143094
0.131999
0.121064
0.110395
0.100081
0.0902011
0.0808191
0.0719853
0.0637363
0.0560958
0.0490749
0.0426738
0.0368827
0.0316833
0.0270504
0.0229529
0.019356
0.0162216
0.0135101
0.0111816
0.00919636
0.00751591
0.00610358
0.00492495
0.00394818
0.0031442
0.00248678
0.00195252
0.00152071
0.00117322
0.000894223
0.000669994
0.000488611
0.000339673
0.000214
0.000103326
0
0
9.58619e-05
0.00019854
0.000315135
0.000453313
0.000621592
0.000829623
0.00108846
0.00141085
0.00181146
0.00230713
0.00291705
0.00366295
0.00456916
0.00566265
0.00697295
0.008532
0.0103738
0.0125341
0.0150497
0.0179577
0.0212948
0.0250962
0.0293944
0.0342182
0.039591
0.0455296
0.0520433
0.0591319
0.0667849
0.0749805
0.0836848
0.092851
0.10242
0.112319
0.122463
0.132757
0.143094
0.15336
0.163435
0.173192
0.182504
0.191247
0.199296
0.206536
0.212861
0.218175
0.222396
0.22546
0.227317
0.22794
0.227317
0.22546
0.222396
0.218175
0.212861
0.206536
0.199296
0.191247
0.182504
0.173192
0.163435
0.15336
0.143094
0.132757
0.122463
0.112319
0.10242
0.092851
0.0836848
0.0749805
0.0667849
0.0591319
0.0520433
0.0455296
0.039591
0.0342182
0.0293944
0.0250962
0.0212948
0.0179577
0.0150497
0.0125341
0.0103738
0.008532
0.00697295
0.00566265
0.00456916
0.00366295
0.00291705
0.00230713
0.00181146
0.00141085
0.00108846
0.000829623
0.000621592
0.000453313
0.000315135
0.00019854
9.58619e-05
0
0
8.84288e-05
0.000183145
0.000290699
0.000418163
0.000573394
0.000765294
0.00100407
0.00130146
0.001671
0.00212824
0.00269087
0.00337893
0.00421487
0.00522357
0.00643227
0.00787043
0.00956944
0.0115622
0.0138827
0.0165652
0.0196436
0.0231502
0.0271152
0.0315649
0.0365211
0.0419993
0.0480079
0.0545469
0.0616064
0.0691666
0.0771959
0.0856514
0.0944782
0.103609
0.112967
0.122463
0.131999
0.141469
0.150762
0.159763
0.168353
0.176417
0.183843
0.190522
0.196356
0.201258
0.205152
0.207978
0.209691
0.210265
0.209691
0.207978
0.205152
0.201258
0.196356
0.190522
0.183843
0.176417
0.168353
0.159763
0.150762
0.141469
0.131999
0.122463
0.112967
0.103609
0.0944782
0.0856514
0.0771959
0.0691666
0.0616064
0.0545469
0.0480079
0.0419993
0.0365211
0.0315649
0.0271152
0.0231502
0.0196436
0.0165652
0.0138827
0.0115622
0.00956944
0.00787043
0.00643227
0.00522357
0.00421487
0.00337893
0.00269087
0.00212824
0.001671
0.00130146
0.00100407
0.000765294
0.000573394
0.000418163
0.000290699
0.000183145
8.84288e-05
0
0
8.11037e-05
0.000167974
0.000266619
0.000383524
0.000525897
0.0007019
0.000920893
0.00119365
0.00153259
0.00195194
0.00246797
0.00309903
0.00386573
0.00479087
0.00589945
0.00721848
0.00877675
0.0106045
0.0127327
0.0151931
0.0180164
0.0212326
0.0248691
0.0289502
0.0334958
0.0385203
0.0440311
0.0500284
0.0565032
0.0634371
0.0708013
0.0785564
0.086652
0.0950268
0.103609
0.112319
0.121064
0.12975
0.138274
0.146528
0.154407
0.161804
0.168614
0.17474
0.180091
0.184586
0.188158
0.19075
0.192321
0.192848
0.192321
0.19075
0.188158
0.184586
0.180091
0.17474
0.168614
0.161804
0.154407
0.146528
0.138274
0.12975
0.121064
0.112319
0.103609
0.0950268
0.086652
0.0785564
0.0708013
0.0634371
0.0565032
0.0500284
0.0440311
0.0385203
0.0334958
0.0289502
0.0248691
0.0212326
0.0180164
0.0151931
0.0127327
0.0106045
0.00877675
0.00721848
0.00589945
0.00479087
0.00386573
0.00309903
0.00246797
0.00195194
0.00153259
0.00119365
0.000920893
0.0007019
0.000525897
0.000383524
0.000266619
0.000167974
8.11037e-05
0
0
7.3956e-05
0.000153171
0.000243121
0.000349724
0.000479549
0.000640041
0.000839733
0.00108845
0.00139752
0.00177992
0.00225046
0.00282591
0.00352504
0.00436864
0.00537952
0.0065823
0.00800324
0.00966988
0.0116106
0.0138541
0.0164286
0.0193613
0.0226774
0.0263988
0.0305438
0.0351254
0.0401506
0.0456193
0.0515235
0.0578463
0.0645615
0.0716331
0.0790152
0.086652
0.0944782
0.10242
0.110395
0.118315
0.126087
0.133615
0.140799
0.147544
0.153754
0.15934
0.164219
0.168319
0.171575
0.173939
0.175372
0.175852
0.175372
0.173939
0.171575
0.168319
0.164219
0.15934
0.153754
0.147544
0.140799
0.133615
0.126087
0.118315
0.110395
0.10242
0.0944782
0.086652
0.0790152
0.0716331
0.0645615
0.0578463
0.0515235
0.0456193
0.0401506
0.0351254
0.0305438
0.0263988
0.0226774
0.0193613
0.0164286
0.0138541
0.0116106
0.00966988
0.00800324
0.0065823
0.00537952
0.00436864
0.00352504
0.00282591
0.00225046
0.00177992
0.00139752
0.00108845
0.000839733
0.000640041
0.000479549
0.000349724
0.000243121
0.000153171
7.3956e-05
0
0
6.70465e-05
0.00013886
0.000220408
0.00031705
0.000434746
0.000580244
0.00076128
0.000986762
0.00126695
0.00161362
0.00204021
0.0025619
0.00319571
0.0039605
0.00487693
0.00596735
0.00725553
0.00876646
0.0105259
0.0125597
0.0148937
0.0175525
0.0205587
0.0239325
0.0276902
0.0318438
0.0363995
0.0413573
0.0467099
0.052442
0.0585298
0.0649407
0.0716331
0.0785564
0.0856514
0.092851
0.100081
0.107261
0.114307
0.121132
0.127645
0.133759
0.139389
0.144453
0.148877
0.152593
0.155546
0.157688
0.158987
0.159423
0.158987
0.157688
0.155546
0.152593
0.148877
0.144453
0.139389
0.133759
0.127645
0.121132
0.114307
0.107261
0.100081
0.092851
0.0856514
0.0785564
0.0716331
0.0649407
0.0585298
0.052442
0.0467099
0.0413573
0.0363995
0.0318438
0.0276902
0.0239325
0.0205587
0.0175525
0.0148937
0.0125597
0.0105259
0.00876646
0.00725553
0.00596735
0.00487693
0.0039605
0.00319571
0.0025619
0.00204021
0.00161362
0.00126695
0.000986762
0.00076128
0.000580244
0.000434746
0.00031705
0.000220408
0.00013886
6.70465e-05
0
0
6.04277e-05
0.000125152
0.000198649
0.000285751
0.000391828
0.000522963
0.000686127
0.000889349
0.00114188
0.00145433
0.0018388
0.00230899
0.00288023
0.00356952
0.00439548
0.00537825
0.00653927
0.00790103
0.00948675
0.0113198
0.0134234
0.0158197
0.0185291
0.0215699
0.0249566
0.0287002
0.0328061
0.0372745
0.0420987
0.0472649
0.0527517
0.0585298
0.0645615
0.0708013
0.0771959
0.0836848
0.0902011
0.0966726
0.103023
0.109173
0.115044
0.120555
0.125629
0.130193
0.13418
0.137529
0.14019
0.142121
0.143292
0.143684
0.143292
0.142121
0.14019
0.137529
0.13418
0.130193
0.125629
0.120555
0.115044
0.109173
0.103023
0.0966726
0.0902011
0.0836848
0.0771959
0.0708013
0.0645615
0.0585298
0.0527517
0.0472649
0.0420987
0.0372745
0.0328061
0.0287002
0.0249566
0.0215699
0.0185291
0.0158197
0.0134234
0.0113198
0.00948675
0.00790103
0.00653927
0.00537825
0.00439548
0.00356952
0.00288023
0.00230899
0.0018388
0.00145433
0.00114188
0.000889349
0.000686127
0.000522963
0.000391828
0.000285751
0.000198649
0.000125152
6.04277e-05
0
0
5.41425e-05
0.000112135
0.000177987
0.000256029
0.000351073
0.000468568
0.000614761
0.000796846
0.00102311
0.00130306
0.00164754
0.00206882
0.00258065
0.00319824
0.0039383
0.00481884
0.0058591
0.00707923
0.00850001
0.0101424
0.0120272
0.0141742
0.0166019
0.0193263
0.0223608
0.025715
0.0293939
0.0333975
0.0377199
0.0423488
0.0472649
0.052442
0.0578463
0.0634371
0.0691666
0.0749805
0.0808191
0.0866175
0.0923074
0.0978181
0.103078
0.108015
0.112562
0.116651
0.120223
0.123224
0.125609
0.127339
0.128388
0.12874
0.128388
0.127339
0.125609
0.123224
0.120223
0.116651
0.112562
0.108015
0.103078
0.0978181
0.0923074
0.0866175
0.0808191
0.0749805
0.0691666
0.0634371
0.0578463
0.052442
0.0472649
0.0423488
0.0377199
0.0333975
0.0293939
0.025715
0.0223608
0.0193263
0.0166019
0.0141742
0.0120272
0.0101424
0.00850001
0.00707923
0.0058591
0.00481884
0.0039383
0.00319824
0.00258065
0.00206882
0.00164754
0.00130306
0.00102311
0.000796846
0.000614761
0.000468568
0.000351073
0.000256029
0.000177987
0.000112135
5.41425e-05
0
0
4.82245e-05
9.98781e-05
0.000158532
0.000228045
0.0003127
0.000417352
0.000547565
0.000709748
0.00091128
0.00116063
0.00146746
0.00184269
0.00229857
0.00284866
0.00350783
0.00429213
0.00521868
0.00630544
0.00757093
0.00903383
0.0107126
0.012625
0.0147872
0.0172139
0.0199167
0.0229043
0.026181
0.029747
0.033597
0.0377199
0.0420987
0.0467099
0.0515235
0.0565032
0.0616064
0.0667849
0.0719853
0.0771499
0.0822179
0.0871262
0.0918111
0.096209
0.100258
0.103901
0.107082
0.109756
0.111879
0.11342
0.114355
0.114668
0.114355
0.11342
0.111879
0.109756
0.107082
0.103901
0.100258
0.096209
0.0918111
0.0871262
0.0822179
0.0771499
0.0719853
0.0667849
0.0616064
0.0565032
0.0515235
0.0467099
0.0420987
0.0377199
0.033597
0.029747
0.026181
0.0229043
0.0199167
0.0172139
0.0147872
0.012625
0.0107126
0.00903383
0.00757093
0.00630544
0.00521868
0.00429213
0.00350783
0.00284866
0.00229857
0.00184269
0.00146746
0.00116063
0.00091128
0.000709748
0.000547565
0.000417352
0.0003127
0.000228045
0.000158532
9.98781e-05
4.82245e-05
0
0
4.26984e-05
8.84329e-05
0.000140366
0.000201913
0.000276867
0.000369527
0.000484819
0.000628417
0.000806855
0.00102763
0.0012993
0.00163154
0.00203517
0.00252223
0.00310586
0.00380029
0.00462066
0.00558289
0.00670336
0.00799863
0.00948503
0.0111782
0.0130927
0.0152413
0.0176344
0.0202796
0.0231809
0.0263383
0.029747
0.0333975
0.0372745
0.0413573
0.0456193
0.0500284
0.0545469
0.0591319
0.0637363
0.0683091
0.0727964
0.0771423
0.0812903
0.0851842
0.0887695
0.0919946
0.0948117
0.0971785
0.0990587
0.100423
0.101251
0.101528
0.101251
0.100423
0.0990587
0.0971785
0.0948117
0.0919946
0.0887695
0.0851842
0.0812903
0.0771423
0.0727964
0.0683091
0.0637363
0.0591319
0.0545469
0.0500284
0.0456193
0.0413573
0.0372745
0.0333975
0.029747
0.0263383
0.0231809
0.0202796
0.0176344
0.0152413
0.0130927
0.0111782
0.00948503
0.00799863
0.00670336
0.00558289
0.00462066
0.00380029
0.00310586
0.00252223
0.00203517
0.00163154
0.0012993
0.00102763
0.000806855
0.000628417
0.000484819
0.000369527
0.000276867
0.000201913
0.000140366
8.84329e-05
4.26984e-05
0
0
3.75798e-05
7.78318e-05
0.000123539
0.000177708
0.000243677
0.000325229
0.0004267
0.000553084
0.000710131
0.000904442
0.00114354
0.00143595
0.0017912
0.00221987
0.00273354
0.00334472
0.00406675
0.00491363
0.00589978
0.00703977
0.00834799
0.00983822
0.0115232
0.0134142
0.0155205
0.0178485
0.020402
0.0231809
0.026181
0.0293939
0.0328061
0.0363995
0.0401506
0.0440311
0.0480079
0.0520433
0.0560958
0.0601204
0.0640697
0.0678947
0.0715454
0.0749725
0.0781281
0.0809665
0.0834459
0.085529
0.0871838
0.0883847
0.0891129
0.089357
0.0891129
0.0883847
0.0871838
0.085529
0.0834459
0.0809665
0.0781281
0.0749725
0.0715454
0.0678947
0.0640697
0.0601204
0.0560958
0.0520433
0.0480079
0.0440311
0.0401506
0.0363995
0.0328061
0.0293939
0.026181
0.0231809
0.020402
0.0178485
0.0155205
0.0134142
0.0115232
0.00983822
0.00834799
0.00703977
0.00589978
0.00491363
0.00406675
0.00334472
0.00273354
0.00221987
0.0017912
0.00143595
0.00114354
0.000904442
0.000710131
0.000553084
0.0004267
0.000325229
0.000243677
0.000177708
0.000123539
7.78318e-05
3.75798e-05
0
0
3.28764e-05
6.80904e-05
0.000108077
0.000155466
0.000213178
0.000284524
0.000373295
0.00048386
0.000621252
0.000791243
0.00100042
0.00125623
0.00156702
0.00194204
0.00239141
0.0029261
0.00355776
0.00429864
0.00516137
0.00615868
0.00730316
0.00860688
0.010081
0.0117353
0.0135779
0.0156146
0.0178485
0.0202796
0.0229043
0.025715
0.0287002
0.0318438
0.0351254
0.0385203
0.0419993
0.0455296
0.0490749
0.0525958
0.0560508
0.059397
0.0625909
0.0655891
0.0683496
0.0708328
0.0730019
0.0748243
0.076272
0.0773226
0.0779597
0.0781731
0.0779597
0.0773226
0.076272
0.0748243
0.0730019
0.0708328
0.0683496
0.0655891
0.0625909
0.059397
0.0560508
0.0525958
0.0490749
0.0455296
0.0419993
0.0385203
0.0351254
0.0318438
0.0287002
0.025715
0.0229043
0.0202796
0.0178485
0.0156146
0.0135779
0.0117353
0.010081
0.00860688
0.00730316
0.00615868
0.00516137
0.00429864
0.00355776
0.0029261
0.00239141
0.00194204
0.00156702
0.00125623
0.00100042
0.000791243
0.000621252
0.00048386
0.000373295
0.000284524
0.000213178
0.000155466
0.000108077
6.80904e-05
3.28764e-05
0
0
2.85881e-05
5.9209e-05
9.398e-05
0.000135188
0.000185372
0.000247412
0.000324604
0.000420748
0.000540218
0.000688037
0.000869929
0.00109237
0.00136262
0.00168873
0.00207949
0.00254443
0.0030937
0.00373795
0.00448814
0.00535537
0.00635057
0.00748423
0.00876606
0.0102046
0.0118069
0.0135779
0.0155205
0.0176344
0.0199167
0.0223608
0.0249566
0.0276902
0.0305438
0.0334958
0.0365211
0.039591
0.0426738
0.0457354
0.0487398
0.0516496
0.0544268
0.0570339
0.0594344
0.0615937
0.0634799
0.0650645
0.0663234
0.067237
0.0677909
0.0679766
0.0677909
0.067237
0.0663234
0.0650645
0.0634799
0.0615937
0.0594344
0.0570339
0.0544268
0.0516496
0.0487398
0.0457354
0.0426738
0.039591
0.0365211
0.0334958
0.0305438
0.0276902
0.0249566
0.0223608
0.0199167
0.0176344
0.0155205
0.0135779
0.0118069
0.0102046
0.00876606
0.00748423
0.00635057
0.00535537
0.00448814
0.00373795
0.0030937
0.00254443
0.00207949
0.00168873
0.00136262
0.00109237
0.000869929
0.000688037
0.000540218
0.000420748
0.000324604
0.000247412
0.000185372
0.000135188
9.398e-05
5.9209e-05
2.85881e-05
0
0
2.47085e-05
5.1174e-05
8.12263e-05
0.000116842
0.000160216
0.000213836
0.000280553
0.000363649
0.000466907
0.000594666
0.000751874
0.00094413
0.00117771
0.00145955
0.00179729
0.00219913
0.00267387
0.00323068
0.00387907
0.00462861
0.00548876
0.00646857
0.00757645
0.00881978
0.0102046
0.0117353
0.0134142
0.0152413
0.0172139
0.0193263
0.0215699
0.0239325
0.0263988
0.0289502
0.0315649
0.0342182
0.0368827
0.0395288
0.0421255
0.0446404
0.0470407
0.049294
0.0513688
0.053235
0.0548652
0.0562348
0.0573229
0.0581125
0.0585913
0.0587517
0.0585913
0.0581125
0.0573229
0.0562348
0.0548652
0.053235
0.0513688
0.049294
0.0470407
0.0446404
0.0421255
0.0395288
0.0368827
0.0342182
0.0315649
0.0289502
0.0263988
0.0239325
0.0215699
0.0193263
0.0172139
0.0152413
0.0134142
0.0117353
0.0102046
0.00881978
0.00757645
0.00646857
0.00548876
0.00462861
0.00387907
0.00323068
0.00267387
0.00219913
0.00179729
0.00145955
0.00117771
0.00094413
0.000751874
0.000594666
0.000466907
0.000363649
0.000280553
0.000213836
0.000160216
0.000116842
8.12263e-05
5.1174e-05
2.47085e-05
0
0
2.12253e-05
4.39599e-05
6.97758e-05
0.000100371
0.00013763
0.000183692
0.000241003
0.000312386
0.000401087
0.000510835
0.000645882
0.000811036
0.00101168
0.0012538
0.00154392
0.00188912
0.00229693
0.00277525
0.00333224
0.00397611
0.004715
0.0055567
0.0065084
0.00757645
0.00876606
0.010081
0.0115232
0.0130927
0.0147872
0.0166019
0.0185291
0.0205587
0.0226774
0.0248691
0.0271152
0.0293944
0.0316833
0.0339564
0.036187
0.0383474
0.0404094
0.042345
0.0441273
0.0457304
0.0471308
0.0483074
0.049242
0.0499203
0.0503316
0.0504694
0.0503316
0.0499203
0.049242
0.0483074
0.0471308
0.0457304
0.0441273
0.042345
0.0404094
0.0383474
0.036187
0.0339564
0.0316833
0.0293944
0.0271152
0.0248691
0.0226774
0.0205587
0.0185291
0.0166019
0.0147872
0.0130927
0.0115232
0.010081
0.00876606
0.00757645
0.0065084
0.0055567
0.004715
0.00397611
0.00333224
0.00277525
0.00229693
0.00188912
0.00154392
0.0012538
0.00101168
0.000811036
0.000645882
0.000510835
0.000401087
0.000312386
0.000241003
0.000183692
0.00013763
0.000100371
6.97758e-05
4.39599e-05
2.12253e-05
0
0
1.81216e-05
3.75318e-05
5.95727e-05
8.56938e-05
0.000117505
0.000156831
0.000205762
0.000266707
0.000342437
0.000436138
0.000551437
0.000692441
0.000863749
0.00107046
0.00131816
0.00161288
0.00196106
0.00236944
0.00284498
0.0033947
0.00402554
0.00474416
0.0055567
0.00646857
0.00748423
0.00860688
0.00983822
0.0111782
0.012625
0.0141742
0.0158197
0.0175525
0.0193613
0.0212326
0.0231502
0.0250962
0.0270504
0.0289911
0.0308955
0.03274
0.0345004
0.0361531
0.0376747
0.0390434
0.0402391
0.0412436
0.0420415
0.0426206
0.0429718
0.0430895
0.0429718
0.0426206
0.0420415
0.0412436
0.0402391
0.0390434
0.0376747
0.0361531
0.0345004
0.03274
0.0308955
0.0289911
0.0270504
0.0250962
0.0231502
0.0212326
0.0193613
0.0175525
0.0158197
0.0141742
0.012625
0.0111782
0.00983822
0.00860688
0.00748423
0.00646857
0.0055567
0.00474416
0.00402554
0.0033947
0.00284498
0.00236944
0.00196106
0.00161288
0.00131816
0.00107046
0.000863749
0.000692441
0.000551437
0.000436138
0.000342437
0.000266707
0.000205762
0.000156831
0.000117505
8.56938e-05
5.95727e-05
3.75318e-05
1.81216e-05
0
0
1.53767e-05
3.18467e-05
5.0549e-05
7.27134e-05
9.97062e-05
0.000133075
0.000174595
0.000226308
0.000290567
0.000370074
0.000467909
0.000587554
0.000732914
0.000908315
0.00111849
0.00136857
0.00166401
0.00201053
0.00241404
0.00288049
0.00341578
0.00402554
0.004715
0.00548876
0.00635057
0.00730316
0.00834799
0.00948503
0.0107126
0.0120272
0.0134234
0.0148937
0.0164286
0.0180164
0.0196436
0.0212948
0.0229529
0.0245997
0.0262157
0.0277807
0.0292745
0.0306768
0.031968
0.0331294
0.0341439
0.0349963
0.0356734
0.0361648
0.0364627
0.0365626
0.0364627
0.0361648
0.0356734
0.0349963
0.0341439
0.0331294
0.031968
0.0306768
0.0292745
0.0277807
0.0262157
0.0245997
0.0229529
0.0212948
0.0196436
0.0180164
0.0164286
0.0148937
0.0134234
0.0120272
0.0107126
0.00948503
0.00834799
0.00730316
0.00635057
0.00548876
0.004715
0.00402554
0.00341578
0.00288049
0.00241404
0.00201053
0.00166401
0.00136857
0.00111849
0.000908315
0.000732914
0.000587554
0.000467909
0.000370074
0.000290567
0.000226308
0.000174595
0.000133075
9.97062e-05
7.27134e-05
5.0549e-05
3.18467e-05
1.53767e-05
0
0
1.2967e-05
2.6856e-05
4.26275e-05
6.13185e-05
8.40812e-05
0.000112221
0.000147234
0.000190843
0.000245032
0.00031208
0.000394583
0.000495479
0.000618059
0.000765972
0.000943214
0.0011541
0.00140324
0.00169546
0.00203573
0.00242909
0.00288049
0.0033947
0.00397611
0.00462861
0.00535537
0.00615868
0.00703977
0.00799863
0.00903383
0.0101424
0.0113198
0.0125597
0.0138541
0.0151931
0.0165652
0.0179577
0.019356
0.0207447
0.0221074
0.0234272
0.0246869
0.0258695
0.0269583
0.0279377
0.0287932
0.029512
0.030083
0.0304974
0.0307486
0.0308328
0.0307486
0.0304974
0.030083
0.029512
0.0287932
0.0279377
0.0269583
0.0258695
0.0246869
0.0234272
0.0221074
0.0207447
0.019356
0.0179577
0.0165652
0.0151931
0.0138541
0.0125597
0.0113198
0.0101424
0.00903383
0.00799863
0.00703977
0.00615868
0.00535537
0.00462861
0.00397611
0.0033947
0.00288049
0.00242909
0.00203573
0.00169546
0.00140324
0.0011541
0.000943214
0.000765972
0.000618059
0.000495479
0.000394583
0.00031208
0.000245032
0.000190843
0.000147234
0.000112221
8.40812e-05
6.13185e-05
4.26275e-05
2.6856e-05
1.2967e-05
0
0
1.08672e-05
2.25071e-05
3.57246e-05
5.13888e-05
7.04654e-05
9.40484e-05
0.000123391
0.000159938
0.000205353
0.000261543
0.000330685
0.000415243
0.000517973
0.000641934
0.000790473
0.000967212
0.00117601
0.0014209
0.00170607
0.00203573
0.00241404
0.00284498
0.00333224
0.00387907
0.00448814
0.00516137
0.00589978
0.00670336
0.00757093
0.00850001
0.00948675
0.0105259
0.0116106
0.0127327
0.0138827
0.0150497
0.0162216
0.0173854
0.0185274
0.0196335
0.0206892
0.0216803
0.0225928
0.0234136
0.0241306
0.0247329
0.0252115
0.0255587
0.0257693
0.0258399
0.0257693
0.0255587
0.0252115
0.0247329
0.0241306
0.0234136
0.0225928
0.0216803
0.0206892
0.0196335
0.0185274
0.0173854
0.0162216
0.0150497
0.0138827
0.0127327
0.0116106
0.0105259
0.00948675
0.00850001
0.00757093
0.00670336
0.00589978
0.00516137
0.00448814
0.00387907
0.00333224
0.00284498
0.00241404
0.00203573
0.00170607
0.0014209
0.00117601
0.000967212
0.000790473
0.000641934
0.000517973
0.000415243
0.000330685
0.000261543
0.000205353
0.000159938
0.000123391
9.40484e-05
7.04654e-05
5.13888e-05
3.57246e-05
2.25071e-05
1.08672e-05
0
0
9.05072e-06
1.8745e-05
2.97532e-05
4.27992e-05
5.86871e-05
7.83282e-05
0.000102766
0.000133205
0.000171028
0.000217826
0.000275411
0.000345835
0.000431394
0.000534634
0.000658345
0.000805542
0.000979436
0.0011834
0.0014209
0.00169546
0.00201053
0.00236944
0.00277525
0.00323068
0.00373795
0.00429864
0.00491363
0.00558289
0.00630544
0.00707923
0.00790103
0.00876646
0.00966988
0.0106045
0.0115622
0.0125341
0.0135101
0.0144794
0.0154306
0.0163518
0.017231
0.0180564
0.0188164
0.0195
0.0200971
0.0205988
0.0209974
0.0212866
0.021462
0.0215207
0.021462
0.0212866
0.0209974
0.0205988
0.0200971
0.0195
0.0188164
0.0180564
0.017231
0.0163518
0.0154306
0.0144794
0.0135101
0.0125341
0.0115622
0.0106045
0.00966988
0.00876646
0.00790103
0.00707923
0.00630544
0.00558289
0.00491363
0.00429864
0.00373795
0.00323068
0.00277525
0.00236944
0.00201053
0.00169546
0.0014209
0.0011834
0.000979436
0.000805542
0.000658345
0.000534634
0.000431394
0.000345835
0.000275411
0.000217826
0.000171028
0.000133205
0.000102766
7.83282e-05
5.86871e-05
4.27992e-05
2.97532e-05
1.8745e-05
9.05072e-06
0
0
7.4908e-06
1.55142e-05
2.46251e-05
3.54226e-05
4.85722e-05
6.48281e-05
8.50543e-05
0.000110246
0.000141551
0.000180283
0.000227943
0.000286229
0.000357042
0.000442488
0.000544878
0.000666704
0.000810627
0.000979436
0.00117601
0.00140324
0.00166401
0.00196106
0.00229693
0.00267387
0.0030937
0.00355776
0.00406675
0.00462066
0.00521868
0.0058591
0.00653927
0.00725553
0.00800324
0.00877675
0.00956944
0.0103738
0.0111816
0.0119838
0.0127711
0.0135335
0.0142612
0.0149443
0.0155733
0.0161391
0.0166333
0.0170485
0.0173784
0.0176178
0.0177629
0.0178116
0.0177629
0.0176178
0.0173784
0.0170485
0.0166333
0.0161391
0.0155733
0.0149443
0.0142612
0.0135335
0.0127711
0.0119838
0.0111816
0.0103738
0.00956944
0.00877675
0.00800324
0.00725553
0.00653927
0.0058591
0.00521868
0.00462066
0.00406675
0.00355776
0.0030937
0.00267387
0.00229693
0.00196106
0.00166401
0.00140324
0.00117601
0.000979436
0.000810627
0.000666704
0.000544878
0.000442488
0.000357042
0.000286229
0.000227943
0.000180283
0.000141551
0.000110246
8.50543e-05
6.48281e-05
4.85722e-05
3.54226e-05
2.46251e-05
1.55142e-05
7.4908e-06
0
0
6.16085e-06
1.27598e-05
2.02531e-05
2.91335e-05
3.99484e-05
5.33181e-05
6.99533e-05
9.06727e-05
0.000116419
0.000148275
0.000187473
0.00023541
0.00029365
0.000363927
0.000448137
0.000548334
0.000666704
0.000805542
0.000967212
0.0011541
0.00136857
0.00161288
0.00188912
0.00219913
0.00254443
0.0029261
0.00334472
0.00380029
0.00429213
0.00481884
0.00537825
0.00596735
0.0065823
0.00721848
0.00787043
0.008532
0.00919636
0.00985616
0.0105036
0.0111307
0.0117292
0.012291
0.0128083
0.0132737
0.0136801
0.0140216
0.0142929
0.0144898
0.0146092
0.0146492
0.0146092
0.0144898
0.0142929
0.0140216
0.0136801
0.0132737
0.0128083
0.012291
0.0117292
0.0111307
0.0105036
0.00985616
0.00919636
0.008532
0.00787043
0.00721848
0.0065823
0.00596735
0.00537825
0.00481884
0.00429213
0.00380029
0.00334472
0.0029261
0.00254443
0.00219913
0.00188912
0.00161288
0.00136857
0.0011541
0.000967212
0.000805542
0.000666704
0.000548334
0.000448137
0.000363927
0.00029365
0.00023541
0.000187473
0.000148275
0.000116419
9.06727e-05
6.99533e-05
5.33181e-05
3.99484e-05
2.91335e-05
2.02531e-05
1.27598e-05
6.16085e-06
0
0
5.03508e-06
1.04282e-05
1.65522e-05
2.38099e-05
3.26487e-05
4.35753e-05
5.71708e-05
7.41041e-05
9.51459e-05
0.00012118
0.000153216
0.000192394
0.000239992
0.000297426
0.000366249
0.000448137
0.000544878
0.000658345
0.000790473
0.000943214
0.00111849
0.00131816
0.00154392
0.00179729
0.00207949
0.00239141
0.00273354
0.00310586
0.00350783
0.0039383
0.00439548
0.00487693
0.00537952
0.00589945
0.00643227
0.00697295
0.00751591
0.00805515
0.00858429
0.00909677
0.00958591
0.0100451
0.0104679
0.0108482
0.0111804
0.0114595
0.0116812
0.0118421
0.0119397
0.0119724
0.0119397
0.0118421
0.0116812
0.0114595
0.0111804
0.0108482
0.0104679
0.0100451
0.00958591
0.00909677
0.00858429
0.00805515
0.00751591
0.00697295
0.00643227
0.00589945
0.00537952
0.00487693
0.00439548
0.0039383
0.00350783
0.00310586
0.00273354
0.00239141
0.00207949
0.00179729
0.00154392
0.00131816
0.00111849
0.000943214
0.000790473
0.000658345
0.000544878
0.000448137
0.000366249
0.000297426
0.000239992
0.000192394
0.000153216
0.00012118
9.51459e-05
7.41041e-05
5.71708e-05
4.35753e-05
3.26487e-05
2.38099e-05
1.65522e-05
1.04282e-05
5.03508e-06
0
0
4.08892e-06
8.46859e-06
1.34419e-05
1.93357e-05
2.65136e-05
3.5387e-05
4.64277e-05
6.0179e-05
7.72668e-05
9.84091e-05
0.000124425
0.000156241
0.000194894
0.000241536
0.000297426
0.000363927
0.000442488
0.000534634
0.000641934
0.000765972
0.000908315
0.00107046
0.0012538
0.00145955
0.00168873
0.00194204
0.00221987
0.00252223
0.00284866
0.00319824
0.00356952
0.0039605
0.00436864
0.00479087
0.00522357
0.00566265
0.00610358
0.00654148
0.0069712
0.00738737
0.0077846
0.00815749
0.00850083
0.00880967
0.00907945
0.0093061
0.00948616
0.00961682
0.00969606
0.00972261
0.00969606
0.00961682
0.00948616
0.0093061
0.00907945
0.00880967
0.00850083
0.00815749
0.0077846
0.00738737
0.0069712
0.00654148
0.00610358
0.00566265
0.00522357
0.00479087
0.00436864
0.0039605
0.00356952
0.00319824
0.00284866
0.00252223
0.00221987
0.00194204
0.00168873
0.00145955
0.0012538
0.00107046
0.000908315
0.000765972
0.000641934
0.000534634
0.000442488
0.000363927
0.000297426
0.000241536
0.000194894
0.000156241
0.000124425
9.84091e-05
7.72668e-05
6.0179e-05
4.64277e-05
3.5387e-05
2.65136e-05
1.93357e-05
1.34419e-05
8.46859e-06
4.08892e-06
0
0
3.29933e-06
6.83326e-06
1.08462e-05
1.56019e-05
2.13937e-05
2.85536e-05
3.74623e-05
4.85581e-05
6.23462e-05
7.94058e-05
0.000100398
0.00012607
0.000157259
0.000194894
0.000239992
0.00029365
0.000357042
0.000431394
0.000517973
0.000618059
0.000732914
0.000863749
0.00101168
0.00117771
0.00136262
0.00156702
0.0017912
0.00203517
0.00229857
0.00258065
0.00288023
0.00319571
0.00352504
0.00386573
0.00421487
0.00456916
0.00492495
0.00527829
0.00562502
0.00596083
0.00628135
0.00658224
0.00685928
0.00710848
0.00732616
0.00750904
0.00765433
0.00775976
0.0078237
0.00784512
0.0078237
0.00775976
0.00765433
0.00750904
0.00732616
0.00710848
0.00685928
0.00658224
0.00628135
0.00596083
0.00562502
0.00527829
0.00492495
0.00456916
0.00421487
0.00386573
0.00352504
0.00319571
0.00288023
0.00258065
0.00229857
0.00203517
0.0017912
0.00156702
0.00136262
0.00117771
0.00101168
0.000863749
0.000732914
0.000618059
0.000517973
0.000431394
0.000357042
0.00029365
0.000239992
0.000194894
0.000157259
0.00012607
0.000100398
7.94058e-05
6.23462e-05
4.85581e-05
3.74623e-05
2.85536e-05
2.13937e-05
1.56019e-05
1.08462e-05
6.83326e-06
3.29933e-06
0
0
2.64497e-06
5.47801e-06
8.69503e-06
1.25076e-05
1.71506e-05
2.28905e-05
3.00323e-05
3.89275e-05
4.9981e-05
6.36571e-05
8.04858e-05
0.000101066
0.00012607
0.000156241
0.000192394
0.00023541
0.000286229
0.000345835
0.000415243
0.000495479
0.000587554
0.000692441
0.000811036
0.00094413
0.00109237
0.00125623
0.00143595
0.00163154
0.00184269
0.00206882
0.00230899
0.0025619
0.00282591
0.00309903
0.00337893
0.00366295
0.00394818
0.00423144
0.0045094
0.00477861
0.00503556
0.00527677
0.00549887
0.00569864
0.00587315
0.00601976
0.00613624
0.00622076
0.00627201
0.00628919
0.00627201
0.00622076
0.00613624
0.00601976
0.00587315
0.00569864
0.00549887
0.00527677
0.00503556
0.00477861
0.0045094
0.00423144
0.00394818
0.00366295
0.00337893
0.00309903
0.00282591
0.0025619
0.00230899
0.00206882
0.00184269
0.00163154
0.00143595
0.00125623
0.00109237
0.00094413
0.000811036
0.000692441
0.000587554
0.000495479
0.000415243
0.000345835
0.000286229
0.00023541
0.000192394
0.000156241
0.00012607
0.000101066
8.04858e-05
6.36571e-05
4.9981e-05
3.89275e-05
3.00323e-05
2.28905e-05
1.71506e-05
1.25076e-05
8.69503e-06
5.47801e-06
2.64497e-06
0
0
2.10637e-06
4.36251e-06
6.92443e-06
9.96061e-06
1.36582e-05
1.82292e-05
2.39167e-05
3.10006e-05
3.98032e-05
5.06944e-05
6.40962e-05
8.04858e-05
0.000100398
0.000124425
0.000153216
0.000187473
0.000227943
0.000275411
0.000330685
0.000394583
0.000467909
0.000551437
0.000645882
0.000751874
0.000869929
0.00100042
0.00114354
0.0012993
0.00146746
0.00164754
0.0018388
0.00204021
0.00225046
0.00246797
0.00269087
0.00291705
0.0031442
0.00336978
0.00359114
0.00380553
0.00401015
0.00420225
0.00437912
0.00453821
0.00467718
0.00479394
0.00488669
0.00495401
0.00499482
0.0050085
0.00499482
0.00495401
0.00488669
0.00479394
0.00467718
0.00453821
0.00437912
0.00420225
0.00401015
0.00380553
0.00359114
0.00336978
0.0031442
0.00291705
0.00269087
0.00246797
0.00225046
0.00204021
0.0018388
0.00164754
0.00146746
0.0012993
0.00114354
0.00100042
0.000869929
0.000751874
0.000645882
0.000551437
0.000467909
0.000394583
0.000330685
0.000275411
0.000227943
0.000187473
0.000153216
0.000124425
0.000100398
8.04858e-05
6.40962e-05
5.06944e-05
3.98032e-05
3.10006e-05
2.39167e-05
1.82292e-05
1.36582e-05
9.96061e-06
6.92443e-06
4.36251e-06
2.10637e-06
0
0
1.66595e-06
3.45036e-06
5.47661e-06
7.87796e-06
1.08024e-05
1.44177e-05
1.8916e-05
2.45187e-05
3.14808e-05
4.00948e-05
5.06944e-05
6.36571e-05
7.94058e-05
9.84091e-05
0.00012118
0.000148275
0.000180283
0.000217826
0.000261543
0.00031208
0.000370074
0.000436138
0.000510835
0.000594666
0.000688037
0.000791243
0.000904442
0.00102763
0.00116063
0.00130306
0.00145433
0.00161362
0.00177992
0.00195194
0.00212824
0.00230713
0.00248678
0.0026652
0.00284027
0.00300984
0.00317168
0.00332361
0.00346349
0.00358932
0.00369924
0.00379158
0.00386494
0.00391818
0.00395046
0.00396128
0.00395046
0.00391818
0.00386494
0.00379158
0.00369924
0.00358932
0.00346349
0.00332361
0.00317168
0.00300984
0.00284027
0.0026652
0.00248678
0.00230713
0.00212824
0.00195194
0.00177992
0.00161362
0.00145433
0.00130306
0.00116063
0.00102763
0.000904442
0.000791243
0.000688037
0.000594666
0.000510835
0.000436138
0.000370074
0.00031208
0.000261543
0.000217826
0.000180283
0.000148275
0.00012118
9.84091e-05
7.94058e-05
6.36571e-05
5.06944e-05
4.00948e-05
3.14808e-05
2.45187e-05
1.8916e-05
1.44177e-05
1.08024e-05
7.87796e-06
5.47661e-06
3.45036e-06
1.66595e-06
0
0
1.30804e-06
2.70908e-06
4.30001e-06
6.18545e-06
8.48162e-06
1.13202e-05
1.48521e-05
1.92511e-05
2.47174e-05
3.14808e-05
3.98032e-05
4.9981e-05
6.23462e-05
7.72668e-05
9.51459e-05
0.000116419
0.000141551
0.000171028
0.000205353
0.000245032
0.000290567
0.000342437
0.000401087
0.000466907
0.000540218
0.000621252
0.000710131
0.000806855
0.00091128
0.00102311
0.00114188
0.00126695
0.00139752
0.00153259
0.001671
0.00181146
0.00195252
0.0020926
0.00223007
0.0023632
0.00249027
0.00260956
0.00271939
0.00281819
0.00290449
0.002977
0.00303459
0.00307639
0.00310174
0.00311023
0.00310174
0.00307639
0.00303459
0.002977
0.00290449
0.00281819
0.00271939
0.00260956
0.00249027
0.0023632
0.00223007
0.0020926
0.00195252
0.00181146
0.001671
0.00153259
0.00139752
0.00126695
0.00114188
0.00102311
0.00091128
0.000806855
0.000710131
0.000621252
0.000540218
0.000466907
0.000401087
0.000342437
0.000290567
0.000245032
0.000205353
0.000171028
0.000141551
0.000116419
9.51459e-05
7.72668e-05
6.23462e-05
4.9981e-05
3.98032e-05
3.14808e-05
2.47174e-05
1.92511e-05
1.48521e-05
1.13202e-05
8.48162e-06
6.18545e-06
4.30001e-06
2.70908e-06
1.30804e-06
0
0
1.01876e-06
2.10996e-06
3.34905e-06
4.81752e-06
6.60589e-06
8.81671e-06
1.15675e-05
1.49937e-05
1.92511e-05
2.45187e-05
3.10006e-05
3.89275e-05
4.85581e-05
6.0179e-05
7.41041e-05
9.06727e-05
0.000110246
0.000133205
0.000159938
0.000190843
0.000226308
0.000266707
0.000312386
0.000363649
0.000420748
0.00048386
0.000553084
0.000628417
0.000709748
0.000796846
0.000889349
0.000986762
0.00108845
0.00119365
0.00130146
0.00141085
0.00152071
0.00162982
0.00173688
0.00184057
0.00193954
0.00203245
0.00211799
0.00219494
0.00226215
0.00231863
0.00236349
0.00239604
0.00241578
0.0024224
0.00241578
0.00239604
0.00236349
0.00231863
0.00226215
0.00219494
0.00211799
0.00203245
0.00193954
0.00184057
0.00173688
0.00162982
0.00152071
0.00141085
0.00130146
0.00119365
0.00108845
0.000986762
0.000889349
0.000796846
0.000709748
0.000628417
0.000553084
0.00048386
0.000420748
0.000363649
0.000312386
0.000266707
0.000226308
0.000190843
0.000159938
0.000133205
0.000110246
9.06727e-05
7.41041e-05
6.0179e-05
4.85581e-05
3.89275e-05
3.10006e-05
2.45187e-05
1.92511e-05
1.49937e-05
1.15675e-05
8.81671e-06
6.60589e-06
4.81752e-06
3.34905e-06
2.10996e-06
1.01876e-06
0
0
7.85966e-07
1.62782e-06
2.58377e-06
3.71668e-06
5.0964e-06
6.80203e-06
8.92425e-06
1.15675e-05
1.48521e-05
1.8916e-05
2.39167e-05
3.00323e-05
3.74623e-05
4.64277e-05
5.71708e-05
6.99533e-05
8.50543e-05
0.000102766
0.000123391
0.000147234
0.000174595
0.000205762
0.000241003
0.000280553
0.000324604
0.000373295
0.0004267
0.000484819
0.000547565
0.000614761
0.000686127
0.00076128
0.000839733
0.000920893
0.00100407
0.00108846
0.00117322
0.00125739
0.00133999
0.00141999
0.00149634
0.00156802
0.00163402
0.00169338
0.00174524
0.0017888
0.00182341
0.00184853
0.00186376
0.00186886
0.00186376
0.00184853
0.00182341
0.0017888
0.00174524
0.00169338
0.00163402
0.00156802
0.00149634
0.00141999
0.00133999
0.00125739
0.00117322
0.00108846
0.00100407
0.000920893
0.000839733
0.00076128
0.000686127
0.000614761
0.000547565
0.000484819
0.0004267
0.000373295
0.000324604
0.000280553
0.000241003
0.000205762
0.000174595
0.000147234
0.000123391
0.000102766
8.50543e-05
6.99533e-05
5.71708e-05
4.64277e-05
3.74623e-05
3.00323e-05
2.39167e-05
1.8916e-05
1.48521e-05
1.15675e-05
8.92425e-06
6.80203e-06
5.0964e-06
3.71668e-06
2.58377e-06
1.62782e-06
7.85966e-07
0
0
5.9906e-07
1.24072e-06
1.96934e-06
2.83284e-06
3.88445e-06
5.18448e-06
6.80203e-06
8.81671e-06
1.13202e-05
1.44177e-05
1.82292e-05
2.28905e-05
2.85536e-05
3.5387e-05
4.35753e-05
5.33181e-05
6.48281e-05
7.83282e-05
9.40484e-05
0.000112221
0.000133075
0.000156831
0.000183692
0.000213836
0.000247412
0.000284524
0.000325229
0.000369527
0.000417352
0.000468568
0.000522963
0.000580244
0.000640041
0.0007019
0.000765294
0.000829623
0.000894223
0.000958379
0.00102134
0.00108231
0.00114051
0.00119514
0.00124544
0.00129069
0.00133021
0.00136342
0.0013898
0.00140894
0.00142055
0.00142444
0.00142055
0.00140894
0.0013898
0.00136342
0.00133021
0.00129069
0.00124544
0.00119514
0.00114051
0.00108231
0.00102134
0.000958379
0.000894223
0.000829623
0.000765294
0.0007019
0.000640041
0.000580244
0.000522963
0.000468568
0.000417352
0.000369527
0.000325229
0.000284524
0.000247412
0.000213836
0.000183692
0.000156831
0.000133075
0.000112221
9.40484e-05
7.83282e-05
6.48281e-05
5.33181e-05
4.35753e-05
3.5387e-05
2.85536e-05
2.28905e-05
1.82292e-05
1.44177e-05
1.13202e-05
8.81671e-06
6.80203e-06
5.18448e-06
3.88445e-06
2.83284e-06
1.96934e-06
1.24072e-06
5.9906e-07
0
0
4.48844e-07
9.29602e-07
1.47552e-06
2.1225e-06
2.91041e-06
3.88445e-06
5.0964e-06
6.60589e-06
8.48162e-06
1.08024e-05
1.36582e-05
1.71506e-05
2.13937e-05
2.65136e-05
3.26487e-05
3.99484e-05
4.85722e-05
5.86871e-05
7.04654e-05
8.40812e-05
9.97062e-05
0.000117505
0.00013763
0.000160216
0.000185372
0.000213178
0.000243677
0.000276867
0.0003127
0.000351073
0.000391828
0.000434746
0.000479549
0.000525897
0.000573394
0.000621592
0.000669994
0.000718063
0.000765232
0.000810916
0.00085452
0.000895453
0.000933141
0.000967043
0.000996656
0.00102154
0.0010413
0.00105564
0.00106434
0.00106726
0.00106434
0.00105564
0.0010413
0.00102154
0.000996656
0.000967043
0.000933141
0.000895453
0.00085452
0.000810916
0.000765232
0.000718063
0.000669994
0.000621592
0.000573394
0.000525897
0.000479549
0.000434746
0.000391828
0.000351073
0.0003127
0.000276867
0.000243677
0.000213178
0.000185372
0.000160216
0.00013763
0.000117505
9.97062e-05
8.40812e-05
7.04654e-05
5.86871e-05
4.85722e-05
3.99484e-05
3.26487e-05
2.65136e-05
2.13937e-05
1.71506e-05
1.36582e-05
1.08024e-05
8.48162e-06
6.60589e-06
5.0964e-06
3.88445e-06
2.91041e-06
2.1225e-06
1.47552e-06
9.29602e-07
4.48844e-07
0
0
3.27331e-07
6.77937e-07
1.07606e-06
1.54789e-06
2.1225e-06
2.83284e-06
3.71668e-06
4.81752e-06
6.18545e-06
7.87796e-06
9.96061e-06
1.25076e-05
1.56019e-05
1.93357e-05
2.38099e-05
2.91335e-05
3.54226e-05
4.27992e-05
5.13888e-05
6.13185e-05
7.27134e-05
8.56938e-05
0.000100371
0.000116842
0.000135188
0.000155466
0.000177708
0.000201913
0.000228045
0.000256029
0.000285751
0.00031705
0.000349724
0.000383524
0.000418163
0.000453313
0.000488611
0.000523666
0.000558066
0.000591382
0.000623182
0.000653033
0.000680518
0.000705242
0.000726838
0.000744983
0.000759397
0.000769857
0.0007762
0.000778325
0.0007762
0.000769857
0.000759397
0.000744983
0.000726838
0.000705242
0.000680518
0.000653033
0.000623182
0.000591382
0.000558066
0.000523666
0.000488611
0.000453313
0.000418163
0.000383524
0.000349724
0.00031705
0.000285751
0.000256029
0.000228045
0.000201913
0.000177708
0.000155466
0.000135188
0.000116842
0.000100371
8.56938e-05
7.27134e-05
6.13185e-05
5.13888e-05
4.27992e-05
3.54226e-05
2.91335e-05
2.38099e-05
1.93357e-05
1.56019e-05
1.25076e-05
9.96061e-06
7.87796e-06
6.18545e-06
4.81752e-06
3.71668e-06
2.83284e-06
2.1225e-06
1.54789e-06
1.07606e-06
6.77937e-07
3.27331e-07
0
0
2.27555e-07
4.7129e-07
7.48059e-07
1.07606e-06
1.47552e-06
1.96934e-06
2.58377e-06
3.34905e-06
4.30001e-06
5.47661e-06
6.92443e-06
8.69503e-06
1.08462e-05
1.34419e-05
1.65522e-05
2.02531e-05
2.46251e-05
2.97532e-05
3.57246e-05
4.26275e-05
5.0549e-05
5.95727e-05
6.97758e-05
8.12263e-05
9.398e-05
0.000108077
0.000123539
0.000140366
0.000158532
0.000177987
0.000198649
0.000220408
0.000243121
0.000266619
0.000290699
0.000315135
0.000339673
0.000364043
0.000387957
0.000411118
0.000433224
0.000453976
0.000473084
0.000490271
0.000505285
0.000517898
0.000527919
0.00053519
0.0005396
0.000541077
0.0005396
0.00053519
0.000527919
0.000517898
0.000505285
0.000490271
0.000473084
0.000453976
0.000433224
0.000411118
0.000387957
0.000364043
0.000339673
0.000315135
0.000290699
0.000266619
0.000243121
0.000220408
0.000198649
0.000177987
0.000158532
0.000140366
0.000123539
0.000108077
9.398e-05
8.12263e-05
6.97758e-05
5.95727e-05
5.0549e-05
4.26275e-05
3.57246e-05
2.97532e-05
2.46251e-05
2.02531e-05
1.65522e-05
1.34419e-05
1.08462e-05
8.69503e-06
6.92443e-06
5.47661e-06
4.30001e-06
3.34905e-06
2.58377e-06
1.96934e-06
1.47552e-06
1.07606e-06
7.48059e-07
4.7129e-07
2.27555e-07
0
0
1.43363e-07
2.9692e-07
4.7129e-07
6.77937e-07
9.29602e-07
1.24072e-06
1.62782e-06
2.10996e-06
2.70908e-06
3.45036e-06
4.36251e-06
5.47801e-06
6.83326e-06
8.46859e-06
1.04282e-05
1.27598e-05
1.55142e-05
1.8745e-05
2.25071e-05
2.6856e-05
3.18467e-05
3.75318e-05
4.39599e-05
5.1174e-05
5.9209e-05
6.80904e-05
7.78318e-05
8.84329e-05
9.98781e-05
0.000112135
0.000125152
0.00013886
0.000153171
0.000167974
0.000183145
0.00019854
0.000214
0.000229353
0.00024442
0.000259011
0.000272939
0.000286013
0.000298051
0.000308879
0.000318338
0.000326285
0.000332598
0.000337179
0.000339957
0.000340888
0.000339957
0.000337179
0.000332598
0.000326285
0.000318338
0.000308879
0.000298051
0.000286013
0.000272939
0.000259011
0.00024442
0.000229353
0.000214
0.00019854
0.000183145
0.000167974
0.000153171
0.00013886
0.000125152
0.000112135
9.98781e-05
8.84329e-05
7.78318e-05
6.80904e-05
5.9209e-05
5.1174e-05
4.39599e-05
3.75318e-05
3.18467e-05
2.6856e-05
2.25071e-05
1.8745e-05
1.55142e-05
1.27598e-05
1.04282e-05
8.46859e-06
6.83326e-06
5.47801e-06
4.36251e-06
3.45036e-06
2.70908e-06
2.10996e-06
1.62782e-06
1.24072e-06
9.29602e-07
6.77937e-07
4.7129e-07
2.9692e-07
1.43363e-07
0
0
6.92206e-08
1.43363e-07
2.27555e-07
3.27331e-07
4.48844e-07
5.9906e-07
7.85966e-07
1.01876e-06
1.30804e-06
1.66595e-06
2.10637e-06
2.64497e-06
3.29933e-06
4.08892e-06
5.03508e-06
6.16085e-06
7.4908e-06
9.05072e-06
1.08672e-05
1.2967e-05
1.53767e-05
1.81216e-05
2.12253e-05
2.47085e-05
2.85881e-05
3.28764e-05
3.75798e-05
4.26984e-05
4.82245e-05
5.41425e-05
6.04277e-05
6.70465e-05
7.3956e-05
8.11037e-05
8.84288e-05
9.58619e-05
0.000103326
0.00011074
0.000118014
0.000125059
0.000131784
0.000138097
0.000143909
0.000149137
0.000153704
0.000157541
0.000160589
0.000162801
0.000164143
0.000164592
0.000164143
0.000162801
0.000160589
0.000157541
0.000153704
0.000149137
0.000143909
0.000138097
0.000131784
0.000125059
0.000118014
0.00011074
0.000103326
9.58619e-05
8.84288e-05
8.11037e-05
7.3956e-05
6.70465e-05
6.04277e-05
5.41425e-05
4.82245e-05
4.26984e-05
3.75798e-05
3.28764e-05
2.85881e-05
2.47085e-05
2.12253e-05
1.81216e-05
1.53767e-05
1.2967e-05
1.08672e-05
9.05072e-06
7.4908e-06
6.16085e-06
5.03508e-06
4.08892e-06
3.29933e-06
2.64497e-06
2.10637e-06
1.66595e-06
1.30804e-06
1.01876e-06
7.85966e-07
5.9906e-07
4.48844e-07
3.27331e-07
2.27555e-07
1.43363e-07
6.92206e-08
0
0
0
0
0
0
0
0
0
0
0
0
0
0
0
0
0
0
0
0
0
0
0
0
0
0
0
0
0
0
0
0
0
0
0
0
0
0
0
0
0
0
0
0
0
0
0
0
0
0
0
0
0
0
0
0
0
0
0
0
0
0
0
0
0
0
0
0
0
0
0
0
0
0
0
0
0
0
0
0
0
0
0
0
0
0
0
0
0
0
0
0
0
0
0
0
0
0
0
0
0
0
