# vtk DataFile Version 3.0
Heat2D data at time 0.12
ASCII
DATASET STRUCTURED_POINTS
DIMENSIONS 101 101 1
ORIGIN 0 0 0
SPACING 0.01 0.01 1
POINT_DATA 10201
SCALARS temperature double
LOOKUP_TABLE default
0
0
0
0
0
0
0
0
0
0
0
0
0
0
0
0
0
0
0
0
0
0
0
0
0
0
0
0
0
0
0
0
0
0
0
0
0
0
0
0
0
0
0
0
0
0
0
0
0
0
0
0
0
0
0
0
0
0
0
0
0
0
0
0
0
0
0
0
0
0
0
0
0
0
0
0
0
0
0
0
0
0
0
0
0
0
0
0
0
0
0
0
0
0
0
0
0
0
0
0
0
0
3.91155e-06
7.91045e-06
1.20843e-05
1.65214e-05
2.13107e-05
2.65422e-05
3.23068e-05
3.86966e-05
4.58041e-05
5.37222e-05
6.2544e-05
7.23612e-05
8.32642e-05
9.53404e-05
0.000108673
0.00012334
0.000139412
0.000156952
0.000176011
0.000196629
0.000218832
0.000242628
0.000268009
0.000294949
0.000323399
0.000353289
0.000384527
0.000416995
0.000450555
0.000485042
0.000520272
0.000556034
0.000592102
0.000628229
0.000664153
0.000699599
0.000734282
0.000767913
0.000800198
0.000830849
0.000859581
0.000886122
0.000910213
0.000931615
0.000950114
0.00096552
0.000977672
0.000986446
0.000991747
0.00099352
0.000991747
0.000986446
0.000977672
0.00096552
0.000950114
0.000931615
0.000910213
0.000886122
0.000859581
0.000830849
0.000800198
0.000767913
0.000734282
0.000699599
0.000664153
0.000628229
0.000592102
0.000556034
0.000520272
0.000485042
0.000450555
0.000416995
0.000384527
0.000353289
0.000323399
0.000294949
0.000268009
0.000242628
0.000218832
0.000196629
0.000176011
0.000156952
0.000139412
0.00012334
0.000108673
9.53404e-05
8.32642e-05
7.23612e-05
6.2544e-05
5.37222e-05
4.58041e-05
3.86966e-05
3.23068e-05
2.65422e-05
2.13107e-05
1.65214e-05
1.20843e-05
7.91045e-06
3.91155e-06
0
0
7.91045e-06
1.59975e-05
2.44385e-05
3.34117e-05
4.30972e-05
5.3677e-05
6.53351e-05
7.82572e-05
9.26308e-05
0.000108644
0.000126484
0.000146338
0.000168388
0.00019281
0.000219773
0.000249434
0.000281938
0.000317409
0.000355953
0.000397649
0.000442549
0.000490673
0.000542002
0.000596484
0.000654019
0.000714467
0.000777639
0.000843301
0.00091117
0.000980915
0.00105216
0.00112448
0.00119743
0.00127049
0.00134314
0.00141482
0.00148496
0.00155297
0.00161826
0.00168025
0.00173836
0.00179203
0.00184075
0.00188403
0.00192144
0.0019526
0.00197718
0.00199492
0.00200564
0.00200922
0.00200564
0.00199492
0.00197718
0.0019526
0.00192144
0.00188403
0.00184075
0.00179203
0.00173836
0.00168025
0.00161826
0.00155297
0.00148496
0.00141482
0.00134314
0.00127049
0.00119743
0.00112448
0.00105216
0.000980915
0.00091117
0.000843301
0.000777639
0.000714467
0.000654019
0.000596484
0.000542002
0.000490673
0.000442549
0.000397649
0.000355953
0.000317409
0.000281938
0.000249434
0.000219773
0.00019281
0.000168388
0.000146338
0.000126484
0.000108644
9.26308e-05
7.82572e-05
6.53351e-05
5.3677e-05
4.30972e-05
3.34117e-05
2.44385e-05
1.59975e-05
7.91045e-06
0
0
1.20843e-05
2.44385e-05
3.73332e-05
5.10411e-05
6.58371e-05
8.19992e-05
9.98085e-05
0.000119549
0.000141507
0.000165969
0.000193223
0.000223552
0.000257236
0.000294544
0.000335734
0.000381046
0.0004307
0.000484887
0.000543768
0.000607465
0.000676057
0.000749572
0.000827985
0.000911213
0.000999106
0.00109145
0.00118795
0.00128826
0.00139194
0.00149849
0.00160732
0.00171781
0.00182924
0.00194085
0.00205183
0.00216133
0.00226849
0.00237238
0.00247213
0.00256682
0.00265558
0.00273758
0.002812
0.00287813
0.00293528
0.00298287
0.00302041
0.00304752
0.0030639
0.00306937
0.0030639
0.00304752
0.00302041
0.00298287
0.00293528
0.00287813
0.002812
0.00273758
0.00265558
0.00256682
0.00247213
0.00237238
0.00226849
0.00216133
0.00205183
0.00194085
0.00182924
0.00171781
0.00160732
0.00149849
0.00139194
0.00128826
0.00118795
0.00109145
0.000999106
0.000911213
0.000827985
0.000749572
0.000676057
0.000607465
0.000543768
0.000484887
0.0004307
0.000381046
0.000335734
0.000294544
0.000257236
0.000223552
0.000193223
0.000165969
0.000141507
0.000119549
9.98085e-05
8.19992e-05
6.58371e-05
5.10411e-05
3.73332e-05
2.44385e-05
1.20843e-05
0
0
1.65214e-05
3.34117e-05
5.10411e-05
6.97821e-05
9.00109e-05
0.000112107
0.000136456
0.000163444
0.000193465
0.000226909
0.00026417
0.000305635
0.000351687
0.000402693
0.000459007
0.000520957
0.000588843
0.000662926
0.000743427
0.000830512
0.000924288
0.0010248
0.001132
0.00124579
0.00136595
0.0014922
0.00162414
0.00176128
0.00190303
0.0020487
0.00219749
0.00234855
0.00250089
0.00265348
0.00280521
0.00295493
0.00310142
0.00324347
0.00337983
0.00350929
0.00363065
0.00374275
0.0038445
0.0039349
0.00401304
0.00407811
0.00412944
0.00416649
0.00418889
0.00419638
0.00418889
0.00416649
0.00412944
0.00407811
0.00401304
0.0039349
0.0038445
0.00374275
0.00363065
0.00350929
0.00337983
0.00324347
0.00310142
0.00295493
0.00280521
0.00265348
0.00250089
0.00234855
0.00219749
0.0020487
0.00190303
0.00176128
0.00162414
0.0014922
0.00136595
0.00124579
0.001132
0.0010248
0.000924288
0.000830512
0.000743427
0.000662926
0.000588843
0.000520957
0.000459007
0.000402693
0.000351687
0.000305635
0.00026417
0.000226909
0.000193465
0.000163444
0.000136456
0.000112107
9.00109e-05
6.97821e-05
5.10411e-05
3.34117e-05
1.65214e-05
0
0
2.13107e-05
4.30972e-05
6.58371e-05
9.00109e-05
0.000116104
0.000144606
0.000176012
0.000210825
0.000249547
0.000292686
0.000340748
0.000394234
0.000453635
0.000519428
0.000592066
0.000671975
0.000759539
0.000855099
0.000958935
0.00107126
0.00119223
0.00132187
0.00146015
0.00160692
0.00176192
0.00192477
0.00209496
0.00227185
0.00245469
0.00264258
0.00283451
0.00302935
0.00322586
0.00342268
0.0036184
0.00381151
0.00400047
0.0041837
0.00435959
0.00452658
0.00468312
0.00482772
0.00495897
0.00507557
0.00517636
0.00526029
0.0053265
0.0053743
0.00540318
0.00541284
0.00540318
0.0053743
0.0053265
0.00526029
0.00517636
0.00507557
0.00495897
0.00482772
0.00468312
0.00452658
0.00435959
0.0041837
0.00400047
0.00381151
0.0036184
0.00342268
0.00322586
0.00302935
0.00283451
0.00264258
0.00245469
0.00227185
0.00209496
0.00192477
0.00176192
0.00160692
0.00146015
0.00132187
0.00119223
0.00107126
0.000958935
0.000855099
0.000759539
0.000671975
0.000592066
0.000519428
0.000453635
0.000394234
0.000340748
0.000292686
0.000249547
0.000210825
0.000176012
0.000144606
0.000116104
9.00109e-05
6.58371e-05
4.30972e-05
2.13107e-05
0
0
2.65422e-05
5.3677e-05
8.19992e-05
0.000112107
0.000144606
0.000180104
0.000219221
0.000262579
0.000310807
0.000364537
0.000424398
0.000491014
0.000564997
0.000646941
0.000737411
0.000836936
0.000945996
0.00106501
0.00119434
0.00133425
0.0014849
0.00164637
0.0018186
0.0020014
0.00219445
0.00239727
0.00260924
0.00282956
0.00305728
0.0032913
0.00353035
0.00377302
0.00401776
0.0042629
0.00450667
0.00474719
0.00498254
0.00521074
0.00542982
0.0056378
0.00583276
0.00601286
0.00617633
0.00632156
0.00644708
0.00655162
0.00663408
0.00669361
0.00672959
0.00674162
0.00672959
0.00669361
0.00663408
0.00655162
0.00644708
0.00632156
0.00617633
0.00601286
0.00583276
0.0056378
0.00542982
0.00521074
0.00498254
0.00474719
0.00450667
0.0042629
0.00401776
0.00377302
0.00353035
0.0032913
0.00305728
0.00282956
0.00260924
0.00239727
0.00219445
0.0020014
0.0018186
0.00164637
0.0014849
0.00133425
0.00119434
0.00106501
0.000945996
0.000836936
0.000737411
0.000646941
0.000564997
0.000491014
0.000424398
0.000364537
0.000310807
0.000262579
0.000219221
0.000180104
0.000144606
0.000112107
8.19992e-05
5.3677e-05
2.65422e-05
0
0
3.23068e-05
6.53351e-05
9.98085e-05
0.000136456
0.000176012
0.000219221
0.000266833
0.000319608
0.000378311
0.00044371
0.000516572
0.000597656
0.000687708
0.000787449
0.000897568
0.00101871
0.00115146
0.00129632
0.00145374
0.00162403
0.0018074
0.00200394
0.00221358
0.00243608
0.00267106
0.00291794
0.00317594
0.00344411
0.00372129
0.00400613
0.0042971
0.00459248
0.00489037
0.00518876
0.00548547
0.00577823
0.00606469
0.00634245
0.00660911
0.00686227
0.00709957
0.00731878
0.00751776
0.00769453
0.00784732
0.00797456
0.00807493
0.00814739
0.00819118
0.00820582
0.00819118
0.00814739
0.00807493
0.00797456
0.00784732
0.00769453
0.00751776
0.00731878
0.00709957
0.00686227
0.00660911
0.00634245
0.00606469
0.00577823
0.00548547
0.00518876
0.00489037
0.00459248
0.0042971
0.00400613
0.00372129
0.00344411
0.00317594
0.00291794
0.00267106
0.00243608
0.00221358
0.00200394
0.0018074
0.00162403
0.00145374
0.00129632
0.00115146
0.00101871
0.000897568
0.000787449
0.000687708
0.000597656
0.000516572
0.00044371
0.000378311
0.000319608
0.000266833
0.000219221
0.000176012
0.000136456
9.98085e-05
6.53351e-05
3.23068e-05
0
0
3.86966e-05
7.82572e-05
0.000119549
0.000163444
0.000210825
0.000262579
0.000319608
0.000382821
0.000453135
0.000531469
0.000618741
0.000715862
0.000823725
0.000943193
0.00107509
0.00122019
0.00137919
0.00155271
0.00174126
0.00194523
0.00216488
0.00240029
0.00265139
0.0029179
0.00319935
0.00349505
0.00380408
0.00412529
0.00445729
0.00479848
0.00514699
0.00550079
0.00585761
0.00621501
0.0065704
0.00692106
0.00726418
0.00759688
0.00791628
0.00821951
0.00850375
0.00876631
0.00900464
0.00921638
0.00939938
0.00955179
0.00967201
0.00975881
0.00981125
0.0098288
0.00981125
0.00975881
0.00967201
0.00955179
0.00939938
0.00921638
0.00900464
0.00876631
0.00850375
0.00821951
0.00791628
0.00759688
0.00726418
0.00692106
0.0065704
0.00621501
0.00585761
0.00550079
0.00514699
0.00479848
0.00445729
0.00412529
0.00380408
0.00349505
0.00319935
0.0029179
0.00265139
0.00240029
0.00216488
0.00194523
0.00174126
0.00155271
0.00137919
0.00122019
0.00107509
0.000943193
0.000823725
0.000715862
0.000618741
0.000531469
0.000453135
0.000382821
0.000319608
0.000262579
0.000210825
0.000163444
0.000119549
7.82572e-05
3.86966e-05
0
0
4.58041e-05
9.26308e-05
0.000141507
0.000193465
0.000249547
0.000310807
0.000378311
0.000453135
0.000536363
0.000629084
0.000732386
0.000847346
0.000975019
0.00111643
0.00127256
0.00144431
0.00163251
0.0018379
0.00206108
0.00230252
0.0025625
0.00284115
0.00313837
0.00345383
0.00378698
0.00413699
0.00450278
0.00488299
0.00527597
0.00567982
0.00609235
0.00651113
0.00693348
0.00735653
0.00777719
0.00819226
0.0085984
0.00899221
0.00937028
0.00972919
0.0100656
0.0103764
0.0106585
0.0109092
0.0111258
0.0113062
0.0114485
0.0115512
0.0116133
0.0116341
0.0116133
0.0115512
0.0114485
0.0113062
0.0111258
0.0109092
0.0106585
0.0103764
0.0100656
0.00972919
0.00937028
0.00899221
0.0085984
0.00819226
0.00777719
0.00735653
0.00693348
0.00651113
0.00609235
0.00567982
0.00527597
0.00488299
0.00450278
0.00413699
0.00378698
0.00345383
0.00313837
0.00284115
0.0025625
0.00230252
0.00206108
0.0018379
0.00163251
0.00144431
0.00127256
0.00111643
0.000975019
0.000847346
0.000732386
0.000629084
0.000536363
0.000453135
0.000378311
0.000310807
0.000249547
0.000193465
0.000141507
9.26308e-05
4.58041e-05
0
0
5.37222e-05
0.000108644
0.000165969
0.000226909
0.000292686
0.000364537
0.00044371
0.000531469
0.000629084
0.000737834
0.000858994
0.000993827
0.00114357
0.00130943
0.00149254
0.00169398
0.00191473
0.00215562
0.00241738
0.00270056
0.00300549
0.00333231
0.0036809
0.0040509
0.00444164
0.00485216
0.00528118
0.00572711
0.00618803
0.00666169
0.00714554
0.00763671
0.00813208
0.00862825
0.00912164
0.00960846
0.0100848
0.0105467
0.0109901
0.0114111
0.0118057
0.0121702
0.0125011
0.012795
0.0130491
0.0132607
0.0134276
0.0135481
0.0136209
0.0136453
0.0136209
0.0135481
0.0134276
0.0132607
0.0130491
0.012795
0.0125011
0.0121702
0.0118057
0.0114111
0.0109901
0.0105467
0.0100848
0.00960846
0.00912164
0.00862825
0.00813208
0.00763671
0.00714554
0.00666169
0.00618803
0.00572711
0.00528118
0.00485216
0.00444164
0.0040509
0.0036809
0.00333231
0.00300549
0.00270056
0.00241738
0.00215562
0.00191473
0.00169398
0.00149254
0.00130943
0.00114357
0.000993827
0.000858994
0.000737834
0.000629084
0.000531469
0.00044371
0.000364537
0.000292686
0.000226909
0.000165969
0.000108644
5.37222e-05
0
0
6.2544e-05
0.000126484
0.000193223
0.00026417
0.000340748
0.000424398
0.000516572
0.000618741
0.000732386
0.000858994
0.00100005
0.00115702
0.00133136
0.00152445
0.00173763
0.00197215
0.00222914
0.0025096
0.00281434
0.00314402
0.00349902
0.0038795
0.00428534
0.0047161
0.005171
0.00564893
0.00614841
0.00666756
0.00720417
0.00775561
0.00831891
0.00889074
0.00946745
0.0100451
0.0106195
0.0111863
0.0117408
0.0122786
0.0127948
0.0132849
0.0137443
0.0141687
0.0145539
0.0148961
0.0151919
0.0154382
0.0156325
0.0157728
0.0158576
0.0158859
0.0158576
0.0157728
0.0156325
0.0154382
0.0151919
0.0148961
0.0145539
0.0141687
0.0137443
0.0132849
0.0127948
0.0122786
0.0117408
0.0111863
0.0106195
0.0100451
0.00946745
0.00889074
0.00831891
0.00775561
0.00720417
0.00666756
0.00614841
0.00564893
0.005171
0.0047161
0.00428534
0.0038795
0.00349902
0.00314402
0.00281434
0.0025096
0.00222914
0.00197215
0.00173763
0.00152445
0.00133136
0.00115702
0.00100005
0.000858994
0.000732386
0.000618741
0.000516572
0.000424398
0.000340748
0.00026417
0.000193223
0.000126484
6.2544e-05
0
0
7.23612e-05
0.000146338
0.000223552
0.000305635
0.000394234
0.000491014
0.000597656
0.000715862
0.000847346
0.000993827
0.00115702
0.00133864
0.00154034
0.00176374
0.00201038
0.00228171
0.00257904
0.00290352
0.0032561
0.00363752
0.00404824
0.00448845
0.004958
0.00545637
0.00598267
0.00653562
0.0071135
0.00771414
0.00833498
0.00897298
0.00962469
0.0102863
0.0109535
0.0116218
0.0122864
0.0129421
0.0135838
0.0142059
0.0148032
0.0153702
0.0159017
0.0163927
0.0168384
0.0172343
0.0175765
0.0178615
0.0180863
0.0182486
0.0183467
0.0183795
0.0183467
0.0182486
0.0180863
0.0178615
0.0175765
0.0172343
0.0168384
0.0163927
0.0159017
0.0153702
0.0148032
0.0142059
0.0135838
0.0129421
0.0122864
0.0116218
0.0109535
0.0102863
0.00962469
0.00897298
0.00833498
0.00771414
0.0071135
0.00653562
0.00598267
0.00545637
0.004958
0.00448845
0.00404824
0.00363752
0.0032561
0.00290352
0.00257904
0.00228171
0.00201038
0.00176374
0.00154034
0.00133864
0.00115702
0.000993827
0.000847346
0.000715862
0.000597656
0.000491014
0.000394234
0.000305635
0.000223552
0.000146338
7.23612e-05
0
0
8.32642e-05
0.000168388
0.000257236
0.000351687
0.000453635
0.000564997
0.000687708
0.000823725
0.000975019
0.00114357
0.00133136
0.00154034
0.00177243
0.00202949
0.0023133
0.00262551
0.00296764
0.00334101
0.00374671
0.0041856
0.00465821
0.00516475
0.00570504
0.0062785
0.00688411
0.00752038
0.00818532
0.00887647
0.00959085
0.010325
0.0110749
0.0118362
0.0126039
0.013373
0.0141377
0.0148922
0.0156305
0.0163464
0.0170336
0.0176861
0.0182977
0.0188626
0.0193755
0.0198311
0.0202248
0.0205528
0.0208115
0.0209982
0.0211111
0.0211488
0.0211111
0.0209982
0.0208115
0.0205528
0.0202248
0.0198311
0.0193755
0.0188626
0.0182977
0.0176861
0.0170336
0.0163464
0.0156305
0.0148922
0.0141377
0.013373
0.0126039
0.0118362
0.0110749
0.010325
0.00959085
0.00887647
0.00818532
0.00752038
0.00688411
0.0062785
0.00570504
0.00516475
0.00465821
0.0041856
0.00374671
0.00334101
0.00296764
0.00262551
0.0023133
0.00202949
0.00177243
0.00154034
0.00133136
0.00114357
0.000975019
0.000823725
0.000687708
0.000564997
0.000453635
0.000351687
0.000257236
0.000168388
8.32642e-05
0
0
9.53404e-05
0.00019281
0.000294544
0.000402693
0.000519428
0.000646941
0.000787449
0.000943193
0.00111643
0.00130943
0.00152445
0.00176374
0.00202949
0.00232383
0.0026488
0.0030063
0.00339805
0.00382557
0.00429011
0.00479266
0.00533381
0.00591382
0.00653247
0.0071891
0.00788254
0.00861109
0.00937247
0.0101639
0.0109819
0.0118225
0.0126811
0.0135528
0.0144319
0.0153125
0.0161881
0.0170521
0.0178974
0.0187172
0.0195041
0.0202512
0.0209515
0.0215984
0.0221856
0.0227072
0.0231581
0.0235336
0.0238298
0.0240437
0.0241729
0.0242161
0.0241729
0.0240437
0.0238298
0.0235336
0.0231581
0.0227072
0.0221856
0.0215984
0.0209515
0.0202512
0.0195041
0.0187172
0.0178974
0.0170521
0.0161881
0.0153125
0.0144319
0.0135528
0.0126811
0.0118225
0.0109819
0.0101639
0.00937247
0.00861109
0.00788254
0.0071891
0.00653247
0.00591382
0.00533381
0.00479266
0.00429011
0.00382557
0.00339805
0.0030063
0.0026488
0.00232383
0.00202949
0.00176374
0.00152445
0.00130943
0.00111643
0.000943193
0.000787449
0.000646941
0.000519428
0.000402693
0.000294544
0.00019281
9.53404e-05
0
0
0.000108673
0.000219773
0.000335734
0.000459007
0.000592066
0.000737411
0.000897568
0.00107509
0.00127256
0.00149254
0.00173763
0.00201038
0.0023133
0.0026488
0.00301922
0.00342671
0.00387324
0.00436054
0.00489006
0.00546288
0.00607971
0.00674082
0.00744599
0.00819445
0.00898486
0.00981529
0.0106831
0.0115852
0.0125176
0.0134757
0.0144545
0.0154481
0.0164501
0.0174538
0.0184519
0.0194367
0.0204003
0.0213346
0.0222316
0.0230831
0.0238814
0.0246188
0.0252881
0.0258827
0.0263966
0.0268246
0.0271623
0.027406
0.0275533
0.0276026
0.0275533
0.027406
0.0271623
0.0268246
0.0263966
0.0258827
0.0252881
0.0246188
0.0238814
0.0230831
0.0222316
0.0213346
0.0204003
0.0194367
0.0184519
0.0174538
0.0164501
0.0154481
0.0144545
0.0134757
0.0125176
0.0115852
0.0106831
0.00981529
0.00898486
0.00819445
0.00744599
0.00674082
0.00607971
0.00546288
0.00489006
0.00436054
0.00387324
0.00342671
0.00301922
0.0026488
0.0023133
0.00201038
0.00173763
0.00149254
0.00127256
0.00107509
0.000897568
0.000737411
0.000592066
0.000459007
0.000335734
0.000219773
0.000108673
0
0
0.00012334
0.000249434
0.000381046
0.000520957
0.000671975
0.000836936
0.00101871
0.00122019
0.00144431
0.00169398
0.00197215
0.00228171
0.00262551
0.0030063
0.00342671
0.0038892
0.00439599
0.00494906
0.00555004
0.00620017
0.00690026
0.0076506
0.00845094
0.00930041
0.0101975
0.01114
0.012125
0.0131488
0.014207
0.0152945
0.0164053
0.017533
0.0186703
0.0198095
0.0209423
0.0220599
0.0231536
0.024214
0.0252321
0.0261986
0.0271045
0.0279414
0.0287011
0.029376
0.0299593
0.030445
0.0308282
0.0311049
0.031272
0.031328
0.031272
0.0311049
0.0308282
0.030445
0.0299593
0.029376
0.0287011
0.0279414
0.0271045
0.0261986
0.0252321
0.024214
0.0231536
0.0220599
0.0209423
0.0198095
0.0186703
0.017533
0.0164053
0.0152945
0.014207
0.0131488
0.012125
0.01114
0.0101975
0.00930041
0.00845094
0.0076506
0.00690026
0.00620017
0.00555004
0.00494906
0.00439599
0.0038892
0.00342671
0.0030063
0.00262551
0.00228171
0.00197215
0.00169398
0.00144431
0.00122019
0.00101871
0.000836936
0.000671975
0.000520957
0.000381046
0.000249434
0.00012334
0
0
0.000139412
0.000281938
0.0004307
0.000588843
0.000759539
0.000945996
0.00115146
0.00137919
0.00163251
0.00191473
0.00222914
0.00257904
0.00296764
0.00339805
0.00387324
0.00439599
0.00496883
0.00559397
0.00627326
0.00700811
0.00779942
0.00864754
0.00955217
0.0105123
0.0115263
0.0125917
0.013705
0.0148622
0.0160583
0.0172875
0.0185431
0.0198177
0.0211032
0.0223909
0.0236712
0.0249346
0.0261707
0.0273693
0.02852
0.0296125
0.0306365
0.0315825
0.0324411
0.0332039
0.0338632
0.0344123
0.0348454
0.0351581
0.0353471
0.0354103
0.0353471
0.0351581
0.0348454
0.0344123
0.0338632
0.0332039
0.0324411
0.0315825
0.0306365
0.0296125
0.02852
0.0273693
0.0261707
0.0249346
0.0236712
0.0223909
0.0211032
0.0198177
0.0185431
0.0172875
0.0160583
0.0148622
0.013705
0.0125917
0.0115263
0.0105123
0.00955217
0.00864754
0.00779942
0.00700811
0.00627326
0.00559397
0.00496883
0.00439599
0.00387324
0.00339805
0.00296764
0.00257904
0.00222914
0.00191473
0.00163251
0.00137919
0.00115146
0.000945996
0.000759539
0.000588843
0.0004307
0.000281938
0.000139412
0
0
0.000156952
0.000317409
0.000484887
0.000662926
0.000855099
0.00106501
0.00129632
0.00155271
0.0018379
0.00215562
0.0025096
0.00290352
0.00334101
0.00382557
0.00436054
0.00494906
0.00559397
0.00629776
0.00706252
0.00788982
0.00878069
0.00973551
0.010754
0.0118349
0.0129765
0.0141758
0.0154293
0.0167321
0.0180787
0.0194625
0.0208761
0.0223111
0.0237583
0.0252079
0.0266494
0.0280716
0.0294633
0.0308128
0.0321082
0.0333381
0.034491
0.0355559
0.0365226
0.0373814
0.0381236
0.0387418
0.0392294
0.0395815
0.0397942
0.0398653
0.0397942
0.0395815
0.0392294
0.0387418
0.0381236
0.0373814
0.0365226
0.0355559
0.034491
0.0333381
0.0321082
0.0308128
0.0294633
0.0280716
0.0266494
0.0252079
0.0237583
0.0223111
0.0208761
0.0194625
0.0180787
0.0167321
0.0154293
0.0141758
0.0129765
0.0118349
0.010754
0.00973551
0.00878069
0.00788982
0.00706252
0.00629776
0.00559397
0.00494906
0.00436054
0.00382557
0.00334101
0.00290352
0.0025096
0.00215562
0.0018379
0.00155271
0.00129632
0.00106501
0.000855099
0.000662926
0.000484887
0.000317409
0.000156952
0
0
0.000176011
0.000355953
0.000543768
0.000743427
0.000958935
0.00119434
0.00145374
0.00174126
0.00206108
0.00241738
0.00281434
0.0032561
0.00374671
0.00429011
0.00489006
0.00555004
0.00627326
0.00706252
0.00792014
0.0088479
0.00984695
0.0109177
0.0120598
0.0132721
0.0145523
0.0158972
0.0173029
0.0187639
0.020274
0.0218259
0.0234111
0.0250203
0.0266433
0.028269
0.0298855
0.0314804
0.0330411
0.0345544
0.0360072
0.0373864
0.0386793
0.0398736
0.0409576
0.0419207
0.0427531
0.0434463
0.0439932
0.0443879
0.0446265
0.0447063
0.0446265
0.0443879
0.0439932
0.0434463
0.0427531
0.0419207
0.0409576
0.0398736
0.0386793
0.0373864
0.0360072
0.0345544
0.0330411
0.0314804
0.0298855
0.028269
0.0266433
0.0250203
0.0234111
0.0218259
0.020274
0.0187639
0.0173029
0.0158972
0.0145523
0.0132721
0.0120598
0.0109177
0.00984695
0.0088479
0.00792014
0.00706252
0.00627326
0.00555004
0.00489006
0.00429011
0.00374671
0.0032561
0.00281434
0.00241738
0.00206108
0.00174126
0.00145374
0.00119434
0.000958935
0.000743427
0.000543768
0.000355953
0.000176011
0
0
0.000196629
0.000397649
0.000607465
0.000830512
0.00107126
0.00133425
0.00162403
0.00194523
0.00230252
0.00270056
0.00314402
0.00363752
0.0041856
0.00479266
0.00546288
0.00620017
0.00700811
0.00788982
0.0088479
0.00988434
0.0110004
0.0121966
0.0134725
0.0148268
0.0162569
0.0177594
0.0193297
0.0209619
0.0226489
0.0243825
0.0261535
0.0279512
0.0297643
0.0315804
0.0333862
0.0351681
0.0369115
0.0386021
0.0402251
0.0417659
0.0432102
0.0445443
0.0457554
0.0468313
0.0477612
0.0485356
0.0491465
0.0495875
0.049854
0.0499432
0.049854
0.0495875
0.0491465
0.0485356
0.0477612
0.0468313
0.0457554
0.0445443
0.0432102
0.0417659
0.0402251
0.0386021
0.0369115
0.0351681
0.0333862
0.0315804
0.0297643
0.0279512
0.0261535
0.0243825
0.0226489
0.0209619
0.0193297
0.0177594
0.0162569
0.0148268
0.0134725
0.0121966
0.0110004
0.00988434
0.0088479
0.00788982
0.00700811
0.00620017
0.00546288
0.00479266
0.0041856
0.00363752
0.00314402
0.00270056
0.00230252
0.00194523
0.00162403
0.00133425
0.00107126
0.000830512
0.000607465
0.000397649
0.000196629
0
0
0.000218832
0.000442549
0.000676057
0.000924288
0.00119223
0.0014849
0.0018074
0.00216488
0.0025625
0.00300549
0.00349902
0.00404824
0.00465821
0.00533381
0.00607971
0.00690026
0.00779942
0.00878069
0.00984695
0.0110004
0.0122425
0.0135738
0.0149938
0.0165009
0.0180925
0.0197647
0.0215123
0.0233288
0.0252063
0.0271357
0.0291066
0.0311073
0.0331251
0.0351462
0.037156
0.039139
0.0410794
0.0429608
0.0447671
0.0464818
0.0480892
0.049574
0.0509218
0.0521192
0.0531541
0.0540159
0.0546958
0.0551866
0.0554832
0.0555824
0.0554832
0.0551866
0.0546958
0.0540159
0.0531541
0.0521192
0.0509218
0.049574
0.0480892
0.0464818
0.0447671
0.0429608
0.0410794
0.039139
0.037156
0.0351462
0.0331251
0.0311073
0.0291066
0.0271357
0.0252063
0.0233288
0.0215123
0.0197647
0.0180925
0.0165009
0.0149938
0.0135738
0.0122425
0.0110004
0.00984695
0.00878069
0.00779942
0.00690026
0.00607971
0.00533381
0.00465821
0.00404824
0.00349902
0.00300549
0.0025625
0.00216488
0.0018074
0.0014849
0.00119223
0.000924288
0.000676057
0.000442549
0.000218832
0
0
0.000242628
0.000490673
0.000749572
0.0010248
0.00132187
0.00164637
0.00200394
0.00240029
0.00284115
0.00333231
0.0038795
0.00448845
0.00516475
0.00591382
0.00674082
0.0076506
0.00864754
0.00973551
0.0109177
0.0121966
0.0135738
0.0150498
0.0166242
0.0182952
0.0200599
0.021914
0.0238516
0.0258656
0.0279472
0.0300864
0.0322716
0.0344899
0.0367272
0.0389681
0.0411964
0.043395
0.0455464
0.0476324
0.0496351
0.0515363
0.0533185
0.0549647
0.0564591
0.0577867
0.0589341
0.0598897
0.0606435
0.0611877
0.0615165
0.0616265
0.0615165
0.0611877
0.0606435
0.0598897
0.0589341
0.0577867
0.0564591
0.0549647
0.0533185
0.0515363
0.0496351
0.0476324
0.0455464
0.043395
0.0411964
0.0389681
0.0367272
0.0344899
0.0322716
0.0300864
0.0279472
0.0258656
0.0238516
0.021914
0.0200599
0.0182952
0.0166242
0.0150498
0.0135738
0.0121966
0.0109177
0.00973551
0.00864754
0.0076506
0.00674082
0.00591382
0.00516475
0.00448845
0.0038795
0.00333231
0.00284115
0.00240029
0.00200394
0.00164637
0.00132187
0.0010248
0.000749572
0.000490673
0.000242628
0
0
0.000268009
0.000542002
0.000827985
0.001132
0.00146015
0.0018186
0.00221358
0.00265139
0.00313837
0.0036809
0.00428534
0.004958
0.00570504
0.00653247
0.00744599
0.00845094
0.00955217
0.010754
0.0120598
0.0134725
0.0149938
0.0166242
0.0183633
0.0202091
0.0221584
0.0242064
0.0263467
0.0285714
0.0308708
0.0332338
0.0356476
0.038098
0.0405693
0.0430446
0.045506
0.0479346
0.050311
0.0526153
0.0548274
0.0569275
0.0588962
0.0607147
0.0623653
0.0638318
0.0650993
0.0661548
0.0669875
0.0675886
0.0679518
0.0680733
0.0679518
0.0675886
0.0669875
0.0661548
0.0650993
0.0638318
0.0623653
0.0607147
0.0588962
0.0569275
0.0548274
0.0526153
0.050311
0.0479346
0.045506
0.0430446
0.0405693
0.038098
0.0356476
0.0332338
0.0308708
0.0285714
0.0263467
0.0242064
0.0221584
0.0202091
0.0183633
0.0166242
0.0149938
0.0134725
0.0120598
0.010754
0.00955217
0.00845094
0.00744599
0.00653247
0.00570504
0.004958
0.00428534
0.0036809
0.00313837
0.00265139
0.00221358
0.0018186
0.00146015
0.001132
0.000827985
0.000542002
0.000268009
0
0
0.000294949
0.000596484
0.000911213
0.00124579
0.00160692
0.0020014
0.00243608
0.0029179
0.00345383
0.0040509
0.0047161
0.00545637
0.0062785
0.0071891
0.00819445
0.00930041
0.0105123
0.0118349
0.0132721
0.0148268
0.0165009
0.0182952
0.0202091
0.0222405
0.0243858
0.0266396
0.0289951
0.0314433
0.0339739
0.0365744
0.0392308
0.0419275
0.0446472
0.0473713
0.0500802
0.0527529
0.0553682
0.0579041
0.0603386
0.0626498
0.0648163
0.0668176
0.0686342
0.0702481
0.0716429
0.0728046
0.073721
0.0743825
0.0747822
0.074916
0.0747822
0.0743825
0.073721
0.0728046
0.0716429
0.0702481
0.0686342
0.0668176
0.0648163
0.0626498
0.0603386
0.0579041
0.0553682
0.0527529
0.0500802
0.0473713
0.0446472
0.0419275
0.0392308
0.0365744
0.0339739
0.0314433
0.0289951
0.0266396
0.0243858
0.0222405
0.0202091
0.0182952
0.0165009
0.0148268
0.0132721
0.0118349
0.0105123
0.00930041
0.00819445
0.0071891
0.0062785
0.00545637
0.0047161
0.0040509
0.00345383
0.0029179
0.00243608
0.0020014
0.00160692
0.00124579
0.000911213
0.000596484
0.000294949
0
0
0.000323399
0.000654019
0.000999106
0.00136595
0.00176192
0.00219445
0.00267106
0.00319935
0.00378698
0.00444164
0.005171
0.00598267
0.00688411
0.00788254
0.00898486
0.0101975
0.0115263
0.0129765
0.0145523
0.0162569
0.0180925
0.0200599
0.0221584
0.0243858
0.0267379
0.0292092
0.0317918
0.0344763
0.0372509
0.0401023
0.043015
0.0459717
0.0489538
0.0519407
0.0549108
0.0578413
0.0607089
0.0634894
0.0661587
0.0686928
0.0710683
0.0732627
0.0752545
0.077024
0.0785534
0.0798271
0.0808319
0.0815572
0.0819955
0.0821422
0.0819955
0.0815572
0.0808319
0.0798271
0.0785534
0.077024
0.0752545
0.0732627
0.0710683
0.0686928
0.0661587
0.0634894
0.0607089
0.0578413
0.0549108
0.0519407
0.0489538
0.0459717
0.043015
0.0401023
0.0372509
0.0344763
0.0317918
0.0292092
0.0267379
0.0243858
0.0221584
0.0200599
0.0180925
0.0162569
0.0145523
0.0129765
0.0115263
0.0101975
0.00898486
0.00788254
0.00688411
0.00598267
0.005171
0.00444164
0.00378698
0.00319935
0.00267106
0.00219445
0.00176192
0.00136595
0.000999106
0.000654019
0.000323399
0
0
0.000353289
0.000714467
0.00109145
0.0014922
0.00192477
0.00239727
0.00291794
0.00349505
0.00413699
0.00485216
0.00564893
0.00653562
0.00752038
0.00861109
0.00981529
0.01114
0.0125917
0.0141758
0.0158972
0.0177594
0.0197647
0.021914
0.0242064
0.0266396
0.0292092
0.0319089
0.0347302
0.0376627
0.0406938
0.0438087
0.0469906
0.0502207
0.0534783
0.0567413
0.0599859
0.0631873
0.0663199
0.0693574
0.0722734
0.0750418
0.0776368
0.080034
0.0822099
0.0841429
0.0858137
0.0872052
0.0883028
0.0890952
0.089574
0.0897342
0.089574
0.0890952
0.0883028
0.0872052
0.0858137
0.0841429
0.0822099
0.080034
0.0776368
0.0750418
0.0722734
0.0693574
0.0663199
0.0631873
0.0599859
0.0567413
0.0534783
0.0502207
0.0469906
0.0438087
0.0406938
0.0376627
0.0347302
0.0319089
0.0292092
0.0266396
0.0242064
0.021914
0.0197647
0.0177594
0.0158972
0.0141758
0.0125917
0.01114
0.00981529
0.00861109
0.00752038
0.00653562
0.00564893
0.00485216
0.00413699
0.00349505
0.00291794
0.00239727
0.00192477
0.0014922
0.00109145
0.000714467
0.000353289
0
0
0.000384527
0.000777639
0.00118795
0.00162414
0.00209496
0.00260924
0.00317594
0.00380408
0.00450278
0.00528118
0.00614841
0.0071135
0.00818532
0.00937247
0.0106831
0.012125
0.013705
0.0154293
0.0173029
0.0193297
0.0215123
0.0238516
0.0263467
0.0289951
0.0317918
0.0347302
0.037801
0.0409929
0.044292
0.0476823
0.0511455
0.0546611
0.0582068
0.0617583
0.0652898
0.0687743
0.0721839
0.0754899
0.0786638
0.0816769
0.0845014
0.0871105
0.0894788
0.0915828
0.0934013
0.0949158
0.0961104
0.0969729
0.097494
0.0976684
0.097494
0.0969729
0.0961104
0.0949158
0.0934013
0.0915828
0.0894788
0.0871105
0.0845014
0.0816769
0.0786638
0.0754899
0.0721839
0.0687743
0.0652898
0.0617583
0.0582068
0.0546611
0.0511455
0.0476823
0.044292
0.0409929
0.037801
0.0347302
0.0317918
0.0289951
0.0263467
0.0238516
0.0215123
0.0193297
0.0173029
0.0154293
0.013705
0.012125
0.0106831
0.00937247
0.00818532
0.0071135
0.00614841
0.00528118
0.00450278
0.00380408
0.00317594
0.00260924
0.00209496
0.00162414
0.00118795
0.000777639
0.000384527
0
0
0.000416995
0.000843301
0.00128826
0.00176128
0.00227185
0.00282956
0.00344411
0.00412529
0.00488299
0.00572711
0.00666756
0.00771414
0.00887647
0.0101639
0.0115852
0.0131488
0.0148622
0.0167321
0.0187639
0.0209619
0.0233288
0.0258656
0.0285714
0.0314433
0.0344763
0.0376627
0.0409929
0.0444542
0.0480319
0.0517085
0.0554641
0.0592766
0.0631217
0.066973
0.0708027
0.0745815
0.0782789
0.0818641
0.085306
0.0885735
0.0916365
0.0944659
0.0970342
0.0993158
0.101288
0.10293
0.104226
0.105161
0.105726
0.105915
0.105726
0.105161
0.104226
0.10293
0.101288
0.0993158
0.0970342
0.0944659
0.0916365
0.0885735
0.085306
0.0818641
0.0782789
0.0745815
0.0708027
0.066973
0.0631217
0.0592766
0.0554641
0.0517085
0.0480319
0.0444542
0.0409929
0.0376627
0.0344763
0.0314433
0.0285714
0.0258656
0.0233288
0.0209619
0.0187639
0.0167321
0.0148622
0.0131488
0.0115852
0.0101639
0.00887647
0.00771414
0.00666756
0.00572711
0.00488299
0.00412529
0.00344411
0.00282956
0.00227185
0.00176128
0.00128826
0.000843301
0.000416995
0
0
0.000450555
0.00091117
0.00139194
0.00190303
0.00245469
0.00305728
0.00372129
0.00445729
0.00527597
0.00618803
0.00720417
0.00833498
0.00959085
0.0109819
0.0125176
0.014207
0.0160583
0.0180787
0.020274
0.0226489
0.0252063
0.0279472
0.0308708
0.0339739
0.0372509
0.0406938
0.044292
0.0480319
0.0518975
0.05587
0.0599278
0.0640472
0.0682017
0.072363
0.0765009
0.0805838
0.0845788
0.0884526
0.0921714
0.0957019
0.0990114
0.102069
0.104843
0.107309
0.10944
0.111214
0.112614
0.113624
0.114235
0.114439
0.114235
0.113624
0.112614
0.111214
0.10944
0.107309
0.104843
0.102069
0.0990114
0.0957019
0.0921714
0.0884526
0.0845788
0.0805838
0.0765009
0.072363
0.0682017
0.0640472
0.0599278
0.05587
0.0518975
0.0480319
0.044292
0.0406938
0.0372509
0.0339739
0.0308708
0.0279472
0.0252063
0.0226489
0.020274
0.0180787
0.0160583
0.014207
0.0125176
0.0109819
0.00959085
0.00833498
0.00720417
0.00618803
0.00527597
0.00445729
0.00372129
0.00305728
0.00245469
0.00190303
0.00139194
0.00091117
0.000450555
0
0
0.000485042
0.000980915
0.00149849
0.0020487
0.00264258
0.0032913
0.00400613
0.00479848
0.00567982
0.00666169
0.00775561
0.00897298
0.010325
0.0118225
0.0134757
0.0152945
0.0172875
0.0194625
0.0218259
0.0243825
0.0271357
0.0300864
0.0332338
0.0365744
0.0401023
0.0438087
0.0476823
0.0517085
0.05587
0.0601465
0.064515
0.0689496
0.0734222
0.077902
0.0823567
0.086752
0.0910528
0.0952231
0.0992266
0.103027
0.10659
0.109881
0.112869
0.115523
0.117817
0.119727
0.121234
0.122322
0.122979
0.123199
0.122979
0.122322
0.121234
0.119727
0.117817
0.115523
0.112869
0.109881
0.10659
0.103027
0.0992266
0.0952231
0.0910528
0.086752
0.0823567
0.077902
0.0734222
0.0689496
0.064515
0.0601465
0.05587
0.0517085
0.0476823
0.0438087
0.0401023
0.0365744
0.0332338
0.0300864
0.0271357
0.0243825
0.0218259
0.0194625
0.0172875
0.0152945
0.0134757
0.0118225
0.010325
0.00897298
0.00775561
0.00666169
0.00567982
0.00479848
0.00400613
0.0032913
0.00264258
0.0020487
0.00149849
0.000980915
0.000485042
0
0
0.000520272
0.00105216
0.00160732
0.00219749
0.00283451
0.00353035
0.0042971
0.00514699
0.00609235
0.00714554
0.00831891
0.00962469
0.0110749
0.0126811
0.0144545
0.0164053
0.0185431
0.0208761
0.0234111
0.0261535
0.0291066
0.0322716
0.0356476
0.0392308
0.043015
0.0469906
0.0511455
0.0554641
0.0599278
0.064515
0.0692008
0.0739575
0.0787549
0.0835601
0.0883383
0.0930529
0.0976661
0.102139
0.106434
0.11051
0.114332
0.117862
0.121066
0.123913
0.126374
0.128423
0.130039
0.131206
0.131911
0.132147
0.131911
0.131206
0.130039
0.128423
0.126374
0.123913
0.121066
0.117862
0.114332
0.11051
0.106434
0.102139
0.0976661
0.0930529
0.0883383
0.0835601
0.0787549
0.0739575
0.0692008
0.064515
0.0599278
0.0554641
0.0511455
0.0469906
0.043015
0.0392308
0.0356476
0.0322716
0.0291066
0.0261535
0.0234111
0.0208761
0.0185431
0.0164053
0.0144545
0.0126811
0.0110749
0.00962469
0.00831891
0.00714554
0.00609235
0.00514699
0.0042971
0.00353035
0.00283451
0.00219749
0.00160732
0.00105216
0.000520272
0
0
0.000556034
0.00112448
0.00171781
0.00234855
0.00302935
0.00377302
0.00459248
0.00550079
0.00651113
0.00763671
0.00889074
0.0102863
0.0118362
0.0135528
0.0154481
0.017533
0.0198177
0.0223111
0.0250203
0.0279512
0.0311073
0.0344899
0.038098
0.0419275
0.0459717
0.0502207
0.0546611
0.0592766
0.0640472
0.0689496
0.0739575
0.0790413
0.0841684
0.0893039
0.0944105
0.0994492
0.10438
0.10916
0.11375
0.118107
0.122191
0.125964
0.129388
0.132431
0.13506
0.13725
0.138978
0.140225
0.140979
0.141231
0.140979
0.140225
0.138978
0.13725
0.13506
0.132431
0.129388
0.125964
0.122191
0.118107
0.11375
0.10916
0.10438
0.0994492
0.0944105
0.0893039
0.0841684
0.0790413
0.0739575
0.0689496
0.0640472
0.0592766
0.0546611
0.0502207
0.0459717
0.0419275
0.038098
0.0344899
0.0311073
0.0279512
0.0250203
0.0223111
0.0198177
0.017533
0.0154481
0.0135528
0.0118362
0.0102863
0.00889074
0.00763671
0.00651113
0.00550079
0.00459248
0.00377302
0.00302935
0.00234855
0.00171781
0.00112448
0.000556034
0
0
0.000592102
0.00119743
0.00182924
0.00250089
0.00322586
0.00401776
0.00489037
0.00585761
0.00693348
0.00813208
0.00946745
0.0109535
0.0126039
0.0144319
0.0164501
0.0186703
0.0211032
0.0237583
0.0266433
0.0297643
0.0331251
0.0367272
0.0405693
0.0446472
0.0489538
0.0534783
0.0582068
0.0631217
0.0682017
0.0734222
0.0787549
0.0841684
0.0896281
0.0950967
0.100535
0.1059
0.11115
0.116241
0.121128
0.125768
0.130117
0.134135
0.137781
0.141021
0.143821
0.146153
0.147993
0.149321
0.150123
0.150392
0.150123
0.149321
0.147993
0.146153
0.143821
0.141021
0.137781
0.134135
0.130117
0.125768
0.121128
0.116241
0.11115
0.1059
0.100535
0.0950967
0.0896281
0.0841684
0.0787549
0.0734222
0.0682017
0.0631217
0.0582068
0.0534783
0.0489538
0.0446472
0.0405693
0.0367272
0.0331251
0.0297643
0.0266433
0.0237583
0.0211032
0.0186703
0.0164501
0.0144319
0.0126039
0.0109535
0.00946745
0.00813208
0.00693348
0.00585761
0.00489037
0.00401776
0.00322586
0.00250089
0.00182924
0.00119743
0.000592102
0
0
0.000628229
0.00127049
0.00194085
0.00265348
0.00342268
0.0042629
0.00518876
0.00621501
0.00735653
0.00862825
0.0100451
0.0116218
0.013373
0.0153125
0.0174538
0.0198095
0.0223909
0.0252079
0.028269
0.0315804
0.0351462
0.0389681
0.0430446
0.0473713
0.0519407
0.0567413
0.0617583
0.066973
0.072363
0.077902
0.0835601
0.0893039
0.0950967
0.100899
0.106669
0.112362
0.117932
0.123333
0.128519
0.133442
0.138056
0.142319
0.146188
0.149625
0.152597
0.155071
0.157023
0.158432
0.159283
0.159568
0.159283
0.158432
0.157023
0.155071
0.152597
0.149625
0.146188
0.142319
0.138056
0.133442
0.128519
0.123333
0.117932
0.112362
0.106669
0.100899
0.0950967
0.0893039
0.0835601
0.077902
0.072363
0.066973
0.0617583
0.0567413
0.0519407
0.0473713
0.0430446
0.0389681
0.0351462
0.0315804
0.028269
0.0252079
0.0223909
0.0198095
0.0174538
0.0153125
0.013373
0.0116218
0.0100451
0.00862825
0.00735653
0.00621501
0.00518876
0.0042629
0.00342268
0.00265348
0.00194085
0.00127049
0.000628229
0
0
0.000664153
0.00134314
0.00205183
0.00280521
0.0036184
0.00450667
0.00548547
0.0065704
0.00777719
0.00912164
0.0106195
0.0122864
0.0141377
0.0161881
0.0184519
0.0209423
0.0236712
0.0266494
0.0298855
0.0333862
0.037156
0.0411964
0.045506
0.0500802
0.0549108
0.0599859
0.0652898
0.0708027
0.0765009
0.0823567
0.0883383
0.0944105
0.100535
0.106669
0.112768
0.118787
0.124676
0.130386
0.135868
0.141072
0.145951
0.150457
0.154547
0.158181
0.161322
0.163938
0.166002
0.167491
0.168391
0.168692
0.168391
0.167491
0.166002
0.163938
0.161322
0.158181
0.154547
0.150457
0.145951
0.141072
0.135868
0.130386
0.124676
0.118787
0.112768
0.106669
0.100535
0.0944105
0.0883383
0.0823567
0.0765009
0.0708027
0.0652898
0.0599859
0.0549108
0.0500802
0.045506
0.0411964
0.037156
0.0333862
0.0298855
0.0266494
0.0236712
0.0209423
0.0184519
0.0161881
0.0141377
0.0122864
0.0106195
0.00912164
0.00777719
0.0065704
0.00548547
0.00450667
0.0036184
0.00280521
0.00205183
0.00134314
0.000664153
0
0
0.000699599
0.00141482
0.00216133
0.00295493
0.00381151
0.00474719
0.00577823
0.00692106
0.00819226
0.00960846
0.0111863
0.0129421
0.0148922
0.0170521
0.0194367
0.0220599
0.0249346
0.0280716
0.0314804
0.0351681
0.039139
0.043395
0.0479346
0.0527529
0.0578413
0.0631873
0.0687743
0.0745815
0.0805838
0.086752
0.0930529
0.0994492
0.1059
0.112362
0.118787
0.125126
0.13133
0.137345
0.143119
0.148601
0.15374
0.158487
0.162796
0.166624
0.169932
0.172688
0.174861
0.17643
0.177378
0.177696
0.177378
0.17643
0.174861
0.172688
0.169932
0.166624
0.162796
0.158487
0.15374
0.148601
0.143119
0.137345
0.13133
0.125126
0.118787
0.112362
0.1059
0.0994492
0.0930529
0.086752
0.0805838
0.0745815
0.0687743
0.0631873
0.0578413
0.0527529
0.0479346
0.043395
0.039139
0.0351681
0.0314804
0.0280716
0.0249346
0.0220599
0.0194367
0.0170521
0.0148922
0.0129421
0.0111863
0.00960846
0.00819226
0.00692106
0.00577823
0.00474719
0.00381151
0.00295493
0.00216133
0.00141482
0.000699599
0
0
0.000734282
0.00148496
0.00226849
0.00310142
0.00400047
0.00498254
0.00606469
0.00726418
0.0085984
0.0100848
0.0117408
0.0135838
0.0156305
0.0178974
0.0204003
0.0231536
0.0261707
0.0294633
0.0330411
0.0369115
0.0410794
0.0455464
0.050311
0.0553682
0.0607089
0.0663199
0.0721839
0.0782789
0.0845788
0.0910528
0.0976661
0.10438
0.11115
0.117932
0.124676
0.13133
0.13784
0.144154
0.150214
0.155968
0.161362
0.166344
0.170866
0.174884
0.178357
0.181249
0.18353
0.185177
0.186172
0.186505
0.186172
0.185177
0.18353
0.181249
0.178357
0.174884
0.170866
0.166344
0.161362
0.155968
0.150214
0.144154
0.13784
0.13133
0.124676
0.117932
0.11115
0.10438
0.0976661
0.0910528
0.0845788
0.0782789
0.0721839
0.0663199
0.0607089
0.0553682
0.050311
0.0455464
0.0410794
0.0369115
0.0330411
0.0294633
0.0261707
0.0231536
0.0204003
0.0178974
0.0156305
0.0135838
0.0117408
0.0100848
0.0085984
0.00726418
0.00606469
0.00498254
0.00400047
0.00310142
0.00226849
0.00148496
0.000734282
0
0
0.000767913
0.00155297
0.00237238
0.00324347
0.0041837
0.00521074
0.00634245
0.00759688
0.00899221
0.0105467
0.0122786
0.0142059
0.0163464
0.0187172
0.0213346
0.024214
0.0273693
0.0308128
0.0345544
0.0386021
0.0429608
0.0476324
0.0526153
0.0579041
0.0634894
0.0693574
0.0754899
0.0818641
0.0884526
0.0952231
0.102139
0.10916
0.116241
0.123333
0.130386
0.137345
0.144154
0.150756
0.157094
0.163112
0.168752
0.173963
0.178692
0.182894
0.186526
0.18955
0.191936
0.193658
0.194699
0.195047
0.194699
0.193658
0.191936
0.18955
0.186526
0.182894
0.178692
0.173963
0.168752
0.163112
0.157094
0.150756
0.144154
0.137345
0.130386
0.123333
0.116241
0.10916
0.102139
0.0952231
0.0884526
0.0818641
0.0754899
0.0693574
0.0634894
0.0579041
0.0526153
0.0476324
0.0429608
0.0386021
0.0345544
0.0308128
0.0273693
0.024214
0.0213346
0.0187172
0.0163464
0.0142059
0.0122786
0.0105467
0.00899221
0.00759688
0.00634245
0.00521074
0.0041837
0.00324347
0.00237238
0.00155297
0.000767913
0
0
0.000800198
0.00161826
0.00247213
0.00337983
0.00435959
0.00542982
0.00660911
0.00791628
0.00937028
0.0109901
0.0127948
0.0148032
0.0170336
0.0195041
0.0222316
0.0252321
0.02852
0.0321082
0.0360072
0.0402251
0.0447671
0.0496351
0.0548274
0.0603386
0.0661587
0.0722734
0.0786638
0.085306
0.0921714
0.0992266
0.106434
0.11375
0.121128
0.128519
0.135868
0.143119
0.150214
0.157094
0.163699
0.169969
0.175847
0.181277
0.186205
0.190583
0.194368
0.197519
0.200005
0.2018
0.202885
0.203248
0.202885
0.2018
0.200005
0.197519
0.194368
0.190583
0.186205
0.181277
0.175847
0.169969
0.163699
0.157094
0.150214
0.143119
0.135868
0.128519
0.121128
0.11375
0.106434
0.0992266
0.0921714
0.085306
0.0786638
0.0722734
0.0661587
0.0603386
0.0548274
0.0496351
0.0447671
0.0402251
0.0360072
0.0321082
0.02852
0.0252321
0.0222316
0.0195041
0.0170336
0.0148032
0.0127948
0.0109901
0.00937028
0.00791628
0.00660911
0.00542982
0.00435959
0.00337983
0.00247213
0.00161826
0.000800198
0
0
0.000830849
0.00168025
0.00256682
0.00350929
0.00452658
0.0056378
0.00686227
0.00821951
0.00972919
0.0114111
0.0132849
0.0153702
0.0176861
0.0202512
0.0230831
0.0261986
0.0296125
0.0333381
0.0373864
0.0417659
0.0464818
0.0515363
0.0569275
0.0626498
0.0686928
0.0750418
0.0816769
0.0885735
0.0957019
0.103027
0.11051
0.118107
0.125768
0.133442
0.141072
0.148601
0.155968
0.163112
0.169969
0.17648
0.182583
0.18822
0.193337
0.197884
0.201813
0.205085
0.207666
0.20953
0.210656
0.211033
0.210656
0.20953
0.207666
0.205085
0.201813
0.197884
0.193337
0.18822
0.182583
0.17648
0.169969
0.163112
0.155968
0.148601
0.141072
0.133442
0.125768
0.118107
0.11051
0.103027
0.0957019
0.0885735
0.0816769
0.0750418
0.0686928
0.0626498
0.0569275
0.0515363
0.0464818
0.0417659
0.0373864
0.0333381
0.0296125
0.0261986
0.0230831
0.0202512
0.0176861
0.0153702
0.0132849
0.0114111
0.00972919
0.00821951
0.00686227
0.0056378
0.00452658
0.00350929
0.00256682
0.00168025
0.000830849
0
0
0.000859581
0.00173836
0.00265558
0.00363065
0.00468312
0.00583276
0.00709957
0.00850375
0.0100656
0.0118057
0.0137443
0.0159017
0.0182977
0.0209515
0.0238814
0.0271045
0.0306365
0.034491
0.0386793
0.0432102
0.0480892
0.0533185
0.0588962
0.0648163
0.0710683
0.0776368
0.0845014
0.0916365
0.0990114
0.10659
0.114332
0.122191
0.130117
0.138056
0.145951
0.15374
0.161362
0.168752
0.175847
0.182583
0.188897
0.194729
0.200023
0.204727
0.208792
0.212177
0.214848
0.216776
0.217941
0.218331
0.217941
0.216776
0.214848
0.212177
0.208792
0.204727
0.200023
0.194729
0.188897
0.182583
0.175847
0.168752
0.161362
0.15374
0.145951
0.138056
0.130117
0.122191
0.114332
0.10659
0.0990114
0.0916365
0.0845014
0.0776368
0.0710683
0.0648163
0.0588962
0.0533185
0.0480892
0.0432102
0.0386793
0.034491
0.0306365
0.0271045
0.0238814
0.0209515
0.0182977
0.0159017
0.0137443
0.0118057
0.0100656
0.00850375
0.00709957
0.00583276
0.00468312
0.00363065
0.00265558
0.00173836
0.000859581
0
0
0.000886122
0.00179203
0.00273758
0.00374275
0.00482772
0.00601286
0.00731878
0.00876631
0.0103764
0.0121702
0.0141687
0.0163927
0.0188626
0.0215984
0.0246188
0.0279414
0.0315825
0.0355559
0.0398736
0.0445443
0.049574
0.0549647
0.0607147
0.0668176
0.0732627
0.080034
0.0871105
0.0944659
0.102069
0.109881
0.117862
0.125964
0.134135
0.142319
0.150457
0.158487
0.166344
0.173963
0.181277
0.18822
0.194729
0.200742
0.206199
0.211048
0.215238
0.218728
0.221482
0.223469
0.22467
0.225072
0.22467
0.223469
0.221482
0.218728
0.215238
0.211048
0.206199
0.200742
0.194729
0.18822
0.181277
0.173963
0.166344
0.158487
0.150457
0.142319
0.134135
0.125964
0.117862
0.109881
0.102069
0.0944659
0.0871105
0.080034
0.0732627
0.0668176
0.0607147
0.0549647
0.049574
0.0445443
0.0398736
0.0355559
0.0315825
0.0279414
0.0246188
0.0215984
0.0188626
0.0163927
0.0141687
0.0121702
0.0103764
0.00876631
0.00731878
0.00601286
0.00482772
0.00374275
0.00273758
0.00179203
0.000886122
0
0
0.000910213
0.00184075
0.002812
0.0038445
0.00495897
0.00617633
0.00751776
0.00900464
0.0106585
0.0125011
0.0145539
0.0168384
0.0193755
0.0221856
0.0252881
0.0287011
0.0324411
0.0365226
0.0409576
0.0457554
0.0509218
0.0564591
0.0623653
0.0686342
0.0752545
0.0822099
0.0894788
0.0970342
0.104843
0.112869
0.121066
0.129388
0.137781
0.146188
0.154547
0.162796
0.170866
0.178692
0.186205
0.193337
0.200023
0.206199
0.211805
0.216786
0.22109
0.224675
0.227503
0.229544
0.230778
0.231191
0.230778
0.229544
0.227503
0.224675
0.22109
0.216786
0.211805
0.206199
0.200023
0.193337
0.186205
0.178692
0.170866
0.162796
0.154547
0.146188
0.137781
0.129388
0.121066
0.112869
0.104843
0.0970342
0.0894788
0.0822099
0.0752545
0.0686342
0.0623653
0.0564591
0.0509218
0.0457554
0.0409576
0.0365226
0.0324411
0.0287011
0.0252881
0.0221856
0.0193755
0.0168384
0.0145539
0.0125011
0.0106585
0.00900464
0.00751776
0.00617633
0.00495897
0.0038445
0.002812
0.00184075
0.000910213
0
0
0.000931615
0.00188403
0.00287813
0.0039349
0.00507557
0.00632156
0.00769453
0.00921638
0.0109092
0.012795
0.0148961
0.0172343
0.0198311
0.0227072
0.0258827
0.029376
0.0332039
0.0373814
0.0419207
0.0468313
0.0521192
0.0577867
0.0638318
0.0702481
0.077024
0.0841429
0.0915828
0.0993158
0.107309
0.115523
0.123913
0.132431
0.141021
0.149625
0.158181
0.166624
0.174884
0.182894
0.190583
0.197884
0.204727
0.211048
0.216786
0.221883
0.226289
0.229958
0.232852
0.234942
0.236205
0.236627
0.236205
0.234942
0.232852
0.229958
0.226289
0.221883
0.216786
0.211048
0.204727
0.197884
0.190583
0.182894
0.174884
0.166624
0.158181
0.149625
0.141021
0.132431
0.123913
0.115523
0.107309
0.0993158
0.0915828
0.0841429
0.077024
0.0702481
0.0638318
0.0577867
0.0521192
0.0468313
0.0419207
0.0373814
0.0332039
0.029376
0.0258827
0.0227072
0.0198311
0.0172343
0.0148961
0.012795
0.0109092
0.00921638
0.00769453
0.00632156
0.00507557
0.0039349
0.00287813
0.00188403
0.000931615
0
0
0.000950114
0.00192144
0.00293528
0.00401304
0.00517636
0.00644708
0.00784732
0.00939938
0.0111258
0.0130491
0.0151919
0.0175765
0.0202248
0.0231581
0.0263966
0.0299593
0.0338632
0.0381236
0.0427531
0.0477612
0.0531541
0.0589341
0.0650993
0.0716429
0.0785534
0.0858137
0.0934013
0.101288
0.10944
0.117817
0.126374
0.13506
0.143821
0.152597
0.161322
0.169932
0.178357
0.186526
0.194368
0.201813
0.208792
0.215238
0.22109
0.226289
0.230782
0.234524
0.237476
0.239607
0.240895
0.241326
0.240895
0.239607
0.237476
0.234524
0.230782
0.226289
0.22109
0.215238
0.208792
0.201813
0.194368
0.186526
0.178357
0.169932
0.161322
0.152597
0.143821
0.13506
0.126374
0.117817
0.10944
0.101288
0.0934013
0.0858137
0.0785534
0.0716429
0.0650993
0.0589341
0.0531541
0.0477612
0.0427531
0.0381236
0.0338632
0.0299593
0.0263966
0.0231581
0.0202248
0.0175765
0.0151919
0.0130491
0.0111258
0.00939938
0.00784732
0.00644708
0.00517636
0.00401304
0.00293528
0.00192144
0.000950114
0
0
0.00096552
0.0019526
0.00298287
0.00407811
0.00526029
0.00655162
0.00797456
0.00955179
0.0113062
0.0132607
0.0154382
0.0178615
0.0205528
0.0235336
0.0268246
0.030445
0.0344123
0.0387418
0.0434463
0.0485356
0.0540159
0.0598897
0.0661548
0.0728046
0.0798271
0.0872052
0.0949158
0.10293
0.111214
0.119727
0.128423
0.13725
0.146153
0.155071
0.163938
0.172688
0.181249
0.18955
0.197519
0.205085
0.212177
0.218728
0.224675
0.229958
0.234524
0.238327
0.241327
0.243492
0.244801
0.245239
0.244801
0.243492
0.241327
0.238327
0.234524
0.229958
0.224675
0.218728
0.212177
0.205085
0.197519
0.18955
0.181249
0.172688
0.163938
0.155071
0.146153
0.13725
0.128423
0.119727
0.111214
0.10293
0.0949158
0.0872052
0.0798271
0.0728046
0.0661548
0.0598897
0.0540159
0.0485356
0.0434463
0.0387418
0.0344123
0.030445
0.0268246
0.0235336
0.0205528
0.0178615
0.0154382
0.0132607
0.0113062
0.00955179
0.00797456
0.00655162
0.00526029
0.00407811
0.00298287
0.0019526
0.00096552
0
0
0.000977672
0.00197718
0.00302041
0.00412944
0.0053265
0.00663408
0.00807493
0.00967201
0.0114485
0.0134276
0.0156325
0.0180863
0.0208115
0.0238298
0.0271623
0.0308282
0.0348454
0.0392294
0.0439932
0.0491465
0.0546958
0.0606435
0.0669875
0.073721
0.0808319
0.0883028
0.0961104
0.104226
0.112614
0.121234
0.130039
0.138978
0.147993
0.157023
0.166002
0.174861
0.18353
0.191936
0.200005
0.207666
0.214848
0.221482
0.227503
0.232852
0.237476
0.241327
0.244364
0.246557
0.247882
0.248325
0.247882
0.246557
0.244364
0.241327
0.237476
0.232852
0.227503
0.221482
0.214848
0.207666
0.200005
0.191936
0.18353
0.174861
0.166002
0.157023
0.147993
0.138978
0.130039
0.121234
0.112614
0.104226
0.0961104
0.0883028
0.0808319
0.073721
0.0669875
0.0606435
0.0546958
0.0491465
0.0439932
0.0392294
0.0348454
0.0308282
0.0271623
0.0238298
0.0208115
0.0180863
0.0156325
0.0134276
0.0114485
0.00967201
0.00807493
0.00663408
0.0053265
0.00412944
0.00302041
0.00197718
0.000977672
0
0
0.000986446
0.00199492
0.00304752
0.00416649
0.0053743
0.00669361
0.00814739
0.00975881
0.0115512
0.0135481
0.0157728
0.0182486
0.0209982
0.0240437
0.027406
0.0311049
0.0351581
0.0395815
0.0443879
0.0495875
0.0551866
0.0611877
0.0675886
0.0743825
0.0815572
0.0890952
0.0969729
0.105161
0.113624
0.122322
0.131206
0.140225
0.149321
0.158432
0.167491
0.17643
0.185177
0.193658
0.2018
0.20953
0.216776
0.223469
0.229544
0.234942
0.239607
0.243492
0.246557
0.24877
0.250106
0.250554
0.250106
0.24877
0.246557
0.243492
0.239607
0.234942
0.229544
0.223469
0.216776
0.20953
0.2018
0.193658
0.185177
0.17643
0.167491
0.158432
0.149321
0.140225
0.131206
0.122322
0.113624
0.105161
0.0969729
0.0890952
0.0815572
0.0743825
0.0675886
0.0611877
0.0551866
0.0495875
0.0443879
0.0395815
0.0351581
0.0311049
0.027406
0.0240437
0.0209982
0.0182486
0.0157728
0.0135481
0.0115512
0.00975881
0.00814739
0.00669361
0.0053743
0.00416649
0.00304752
0.00199492
0.000986446
0
0
0.000991747
0.00200564
0.0030639
0.00418889
0.00540318
0.00672959
0.00819118
0.00981125
0.0116133
0.0136209
0.0158576
0.0183467
0.0211111
0.0241729
0.0275533
0.031272
0.0353471
0.0397942
0.0446265
0.049854
0.0554832
0.0615165
0.0679518
0.0747822
0.0819955
0.089574
0.097494
0.105726
0.114235
0.122979
0.131911
0.140979
0.150123
0.159283
0.168391
0.177378
0.186172
0.194699
0.202885
0.210656
0.217941
0.22467
0.230778
0.236205
0.240895
0.244801
0.247882
0.250106
0.251451
0.2519
0.251451
0.250106
0.247882
0.244801
0.240895
0.236205
0.230778
0.22467
0.217941
0.210656
0.202885
0.194699
0.186172
0.177378
0.168391
0.159283
0.150123
0.140979
0.131911
0.122979
0.114235
0.105726
0.097494
0.089574
0.0819955
0.0747822
0.0679518
0.0615165
0.0554832
0.049854
0.0446265
0.0397942
0.0353471
0.031272
0.0275533
0.0241729
0.0211111
0.0183467
0.0158576
0.0136209
0.0116133
0.00981125
0.00819118
0.00672959
0.00540318
0.00418889
0.0030639
0.00200564
0.000991747
0
0
0.00099352
0.00200922
0.00306937
0.00419638
0.00541284
0.00674162
0.00820582
0.0098288
0.0116341
0.0136453
0.0158859
0.0183795
0.0211488
0.0242161
0.0276026
0.031328
0.0354103
0.0398653
0.0447063
0.0499432
0.0555824
0.0616265
0.0680733
0.074916
0.0821422
0.0897342
0.0976684
0.105915
0.114439
0.123199
0.132147
0.141231
0.150392
0.159568
0.168692
0.177696
0.186505
0.195047
0.203248
0.211033
0.218331
0.225072
0.231191
0.236627
0.241326
0.245239
0.248325
0.250554
0.2519
0.252351
0.2519
0.250554
0.248325
0.245239
0.241326
0.236627
0.231191
0.225072
0.218331
0.211033
0.203248
0.195047
0.186505
0.177696
0.168692
0.159568
0.150392
0.141231
0.132147
0.123199
0.114439
0.105915
0.0976684
0.0897342
0.0821422
0.074916
0.0680733
0.0616265
0.0555824
0.0499432
0.0447063
0.0398653
0.0354103
0.031328
0.0276026
0.0242161
0.0211488
0.0183795
0.0158859
0.0136453
0.0116341
0.0098288
0.00820582
0.00674162
0.00541284
0.00419638
0.00306937
0.00200922
0.00099352
0
0
0.000991747
0.00200564
0.0030639
0.00418889
0.00540318
0.00672959
0.00819118
0.00981125
0.0116133
0.0136209
0.0158576
0.0183467
0.0211111
0.0241729
0.0275533
0.031272
0.0353471
0.0397942
0.0446265
0.049854
0.0554832
0.0615165
0.0679518
0.0747822
0.0819955
0.089574
0.097494
0.105726
0.114235
0.122979
0.131911
0.140979
0.150123
0.159283
0.168391
0.177378
0.186172
0.194699
0.202885
0.210656
0.217941
0.22467
0.230778
0.236205
0.240895
0.244801
0.247882
0.250106
0.251451
0.2519
0.251451
0.250106
0.247882
0.244801
0.240895
0.236205
0.230778
0.22467
0.217941
0.210656
0.202885
0.194699
0.186172
0.177378
0.168391
0.159283
0.150123
0.140979
0.131911
0.122979
0.114235
0.105726
0.097494
0.089574
0.0819955
0.0747822
0.0679518
0.0615165
0.0554832
0.049854
0.0446265
0.0397942
0.0353471
0.031272
0.0275533
0.0241729
0.0211111
0.0183467
0.0158576
0.0136209
0.0116133
0.00981125
0.00819118
0.00672959
0.00540318
0.00418889
0.0030639
0.00200564
0.000991747
0
0
0.000986446
0.00199492
0.00304752
0.00416649
0.0053743
0.00669361
0.00814739
0.00975881
0.0115512
0.0135481
0.0157728
0.0182486
0.0209982
0.0240437
0.027406
0.0311049
0.0351581
0.0395815
0.0443879
0.0495875
0.0551866
0.0611877
0.0675886
0.0743825
0.0815572
0.0890952
0.0969729
0.105161
0.113624
0.122322
0.131206
0.140225
0.149321
0.158432
0.167491
0.17643
0.185177
0.193658
0.2018
0.20953
0.216776
0.223469
0.229544
0.234942
0.239607
0.243492
0.246557
0.24877
0.250106
0.250554
0.250106
0.24877
0.246557
0.243492
0.239607
0.234942
0.229544
0.223469
0.216776
0.20953
0.2018
0.193658
0.185177
0.17643
0.167491
0.158432
0.149321
0.140225
0.131206
0.122322
0.113624
0.105161
0.0969729
0.0890952
0.0815572
0.0743825
0.0675886
0.0611877
0.0551866
0.0495875
0.0443879
0.0395815
0.0351581
0.0311049
0.027406
0.0240437
0.0209982
0.0182486
0.0157728
0.0135481
0.0115512
0.00975881
0.00814739
0.00669361
0.0053743
0.00416649
0.00304752
0.00199492
0.000986446
0
0
0.000977672
0.00197718
0.00302041
0.00412944
0.0053265
0.00663408
0.00807493
0.00967201
0.0114485
0.0134276
0.0156325
0.0180863
0.0208115
0.0238298
0.0271623
0.0308282
0.0348454
0.0392294
0.0439932
0.0491465
0.0546958
0.0606435
0.0669875
0.073721
0.0808319
0.0883028
0.0961104
0.104226
0.112614
0.121234
0.130039
0.138978
0.147993
0.157023
0.166002
0.174861
0.18353
0.191936
0.200005
0.207666
0.214848
0.221482
0.227503
0.232852
0.237476
0.241327
0.244364
0.246557
0.247882
0.248325
0.247882
0.246557
0.244364
0.241327
0.237476
0.232852
0.227503
0.221482
0.214848
0.207666
0.200005
0.191936
0.18353
0.174861
0.166002
0.157023
0.147993
0.138978
0.130039
0.121234
0.112614
0.104226
0.0961104
0.0883028
0.0808319
0.073721
0.0669875
0.0606435
0.0546958
0.0491465
0.0439932
0.0392294
0.0348454
0.0308282
0.0271623
0.0238298
0.0208115
0.0180863
0.0156325
0.0134276
0.0114485
0.00967201
0.00807493
0.00663408
0.0053265
0.00412944
0.00302041
0.00197718
0.000977672
0
0
0.00096552
0.0019526
0.00298287
0.00407811
0.00526029
0.00655162
0.00797456
0.00955179
0.0113062
0.0132607
0.0154382
0.0178615
0.0205528
0.0235336
0.0268246
0.030445
0.0344123
0.0387418
0.0434463
0.0485356
0.0540159
0.0598897
0.0661548
0.0728046
0.0798271
0.0872052
0.0949158
0.10293
0.111214
0.119727
0.128423
0.13725
0.146153
0.155071
0.163938
0.172688
0.181249
0.18955
0.197519
0.205085
0.212177
0.218728
0.224675
0.229958
0.234524
0.238327
0.241327
0.243492
0.244801
0.245239
0.244801
0.243492
0.241327
0.238327
0.234524
0.229958
0.224675
0.218728
0.212177
0.205085
0.197519
0.18955
0.181249
0.172688
0.163938
0.155071
0.146153
0.13725
0.128423
0.119727
0.111214
0.10293
0.0949158
0.0872052
0.0798271
0.0728046
0.0661548
0.0598897
0.0540159
0.0485356
0.0434463
0.0387418
0.0344123
0.030445
0.0268246
0.0235336
0.0205528
0.0178615
0.0154382
0.0132607
0.0113062
0.00955179
0.00797456
0.00655162
0.00526029
0.00407811
0.00298287
0.0019526
0.00096552
0
0
0.000950114
0.00192144
0.00293528
0.00401304
0.00517636
0.00644708
0.00784732
0.00939938
0.0111258
0.0130491
0.0151919
0.0175765
0.0202248
0.0231581
0.0263966
0.0299593
0.0338632
0.0381236
0.0427531
0.0477612
0.0531541
0.0589341
0.0650993
0.0716429
0.0785534
0.0858137
0.0934013
0.101288
0.10944
0.117817
0.126374
0.13506
0.143821
0.152597
0.161322
0.169932
0.178357
0.186526
0.194368
0.201813
0.208792
0.215238
0.22109
0.226289
0.230782
0.234524
0.237476
0.239607
0.240895
0.241326
0.240895
0.239607
0.237476
0.234524
0.230782
0.226289
0.22109
0.215238
0.208792
0.201813
0.194368
0.186526
0.178357
0.169932
0.161322
0.152597
0.143821
0.13506
0.126374
0.117817
0.10944
0.101288
0.0934013
0.0858137
0.0785534
0.0716429
0.0650993
0.0589341
0.0531541
0.0477612
0.0427531
0.0381236
0.0338632
0.0299593
0.0263966
0.0231581
0.0202248
0.0175765
0.0151919
0.0130491
0.0111258
0.00939938
0.00784732
0.00644708
0.00517636
0.00401304
0.00293528
0.00192144
0.000950114
0
0
0.000931615
0.00188403
0.00287813
0.0039349
0.00507557
0.00632156
0.00769453
0.00921638
0.0109092
0.012795
0.0148961
0.0172343
0.0198311
0.0227072
0.0258827
0.029376
0.0332039
0.0373814
0.0419207
0.0468313
0.0521192
0.0577867
0.0638318
0.0702481
0.077024
0.0841429
0.0915828
0.0993158
0.107309
0.115523
0.123913
0.132431
0.141021
0.149625
0.158181
0.166624
0.174884
0.182894
0.190583
0.197884
0.204727
0.211048
0.216786
0.221883
0.226289
0.229958
0.232852
0.234942
0.236205
0.236627
0.236205
0.234942
0.232852
0.229958
0.226289
0.221883
0.216786
0.211048
0.204727
0.197884
0.190583
0.182894
0.174884
0.166624
0.158181
0.149625
0.141021
0.132431
0.123913
0.115523
0.107309
0.0993158
0.0915828
0.0841429
0.077024
0.0702481
0.0638318
0.0577867
0.0521192
0.0468313
0.0419207
0.0373814
0.0332039
0.029376
0.0258827
0.0227072
0.0198311
0.0172343
0.0148961
0.012795
0.0109092
0.00921638
0.00769453
0.00632156
0.00507557
0.0039349
0.00287813
0.00188403
0.000931615
0
0
0.000910213
0.00184075
0.002812
0.0038445
0.00495897
0.00617633
0.00751776
0.00900464
0.0106585
0.0125011
0.0145539
0.0168384
0.0193755
0.0221856
0.0252881
0.0287011
0.0324411
0.0365226
0.0409576
0.0457554
0.0509218
0.0564591
0.0623653
0.0686342
0.0752545
0.0822099
0.0894788
0.0970342
0.104843
0.112869
0.121066
0.129388
0.137781
0.146188
0.154547
0.162796
0.170866
0.178692
0.186205
0.193337
0.200023
0.206199
0.211805
0.216786
0.22109
0.224675
0.227503
0.229544
0.230778
0.231191
0.230778
0.229544
0.227503
0.224675
0.22109
0.216786
0.211805
0.206199
0.200023
0.193337
0.186205
0.178692
0.170866
0.162796
0.154547
0.146188
0.137781
0.129388
0.121066
0.112869
0.104843
0.0970342
0.0894788
0.0822099
0.0752545
0.0686342
0.0623653
0.0564591
0.0509218
0.0457554
0.0409576
0.0365226
0.0324411
0.0287011
0.0252881
0.0221856
0.0193755
0.0168384
0.0145539
0.0125011
0.0106585
0.00900464
0.00751776
0.00617633
0.00495897
0.0038445
0.002812
0.00184075
0.000910213
0
0
0.000886122
0.00179203
0.00273758
0.00374275
0.00482772
0.00601286
0.00731878
0.00876631
0.0103764
0.0121702
0.0141687
0.0163927
0.0188626
0.0215984
0.0246188
0.0279414
0.0315825
0.0355559
0.0398736
0.0445443
0.049574
0.0549647
0.0607147
0.0668176
0.0732627
0.080034
0.0871105
0.0944659
0.102069
0.109881
0.117862
0.125964
0.134135
0.142319
0.150457
0.158487
0.166344
0.173963
0.181277
0.18822
0.194729
0.200742
0.206199
0.211048
0.215238
0.218728
0.221482
0.223469
0.22467
0.225072
0.22467
0.223469
0.221482
0.218728
0.215238
0.211048
0.206199
0.200742
0.194729
0.18822
0.181277
0.173963
0.166344
0.158487
0.150457
0.142319
0.134135
0.125964
0.117862
0.109881
0.102069
0.0944659
0.0871105
0.080034
0.0732627
0.0668176
0.0607147
0.0549647
0.049574
0.0445443
0.0398736
0.0355559
0.0315825
0.0279414
0.0246188
0.0215984
0.0188626
0.0163927
0.0141687
0.0121702
0.0103764
0.00876631
0.00731878
0.00601286
0.00482772
0.00374275
0.00273758
0.00179203
0.000886122
0
0
0.000859581
0.00173836
0.00265558
0.00363065
0.00468312
0.00583276
0.00709957
0.00850375
0.0100656
0.0118057
0.0137443
0.0159017
0.0182977
0.0209515
0.0238814
0.0271045
0.0306365
0.034491
0.0386793
0.0432102
0.0480892
0.0533185
0.0588962
0.0648163
0.0710683
0.0776368
0.0845014
0.0916365
0.0990114
0.10659
0.114332
0.122191
0.130117
0.138056
0.145951
0.15374
0.161362
0.168752
0.175847
0.182583
0.188897
0.194729
0.200023
0.204727
0.208792
0.212177
0.214848
0.216776
0.217941
0.218331
0.217941
0.216776
0.214848
0.212177
0.208792
0.204727
0.200023
0.194729
0.188897
0.182583
0.175847
0.168752
0.161362
0.15374
0.145951
0.138056
0.130117
0.122191
0.114332
0.10659
0.0990114
0.0916365
0.0845014
0.0776368
0.0710683
0.0648163
0.0588962
0.0533185
0.0480892
0.0432102
0.0386793
0.034491
0.0306365
0.0271045
0.0238814
0.0209515
0.0182977
0.0159017
0.0137443
0.0118057
0.0100656
0.00850375
0.00709957
0.00583276
0.00468312
0.00363065
0.00265558
0.00173836
0.000859581
0
0
0.000830849
0.00168025
0.00256682
0.00350929
0.00452658
0.0056378
0.00686227
0.00821951
0.00972919
0.0114111
0.0132849
0.0153702
0.0176861
0.0202512
0.0230831
0.0261986
0.0296125
0.0333381
0.0373864
0.0417659
0.0464818
0.0515363
0.0569275
0.0626498
0.0686928
0.0750418
0.0816769
0.0885735
0.0957019
0.103027
0.11051
0.118107
0.125768
0.133442
0.141072
0.148601
0.155968
0.163112
0.169969
0.17648
0.182583
0.18822
0.193337
0.197884
0.201813
0.205085
0.207666
0.20953
0.210656
0.211033
0.210656
0.20953
0.207666
0.205085
0.201813
0.197884
0.193337
0.18822
0.182583
0.17648
0.169969
0.163112
0.155968
0.148601
0.141072
0.133442
0.125768
0.118107
0.11051
0.103027
0.0957019
0.0885735
0.0816769
0.0750418
0.0686928
0.0626498
0.0569275
0.0515363
0.0464818
0.0417659
0.0373864
0.0333381
0.0296125
0.0261986
0.0230831
0.0202512
0.0176861
0.0153702
0.0132849
0.0114111
0.00972919
0.00821951
0.00686227
0.0056378
0.00452658
0.00350929
0.00256682
0.00168025
0.000830849
0
0
0.000800198
0.00161826
0.00247213
0.00337983
0.00435959
0.00542982
0.00660911
0.00791628
0.00937028
0.0109901
0.0127948
0.0148032
0.0170336
0.0195041
0.0222316
0.0252321
0.02852
0.0321082
0.0360072
0.0402251
0.0447671
0.0496351
0.0548274
0.0603386
0.0661587
0.0722734
0.0786638
0.085306
0.0921714
0.0992266
0.106434
0.11375
0.121128
0.128519
0.135868
0.143119
0.150214
0.157094
0.163699
0.169969
0.175847
0.181277
0.186205
0.190583
0.194368
0.197519
0.200005
0.2018
0.202885
0.203248
0.202885
0.2018
0.200005
0.197519
0.194368
0.190583
0.186205
0.181277
0.175847
0.169969
0.163699
0.157094
0.150214
0.143119
0.135868
0.128519
0.121128
0.11375
0.106434
0.0992266
0.0921714
0.085306
0.0786638
0.0722734
0.0661587
0.0603386
0.0548274
0.0496351
0.0447671
0.0402251
0.0360072
0.0321082
0.02852
0.0252321
0.0222316
0.0195041
0.0170336
0.0148032
0.0127948
0.0109901
0.00937028
0.00791628
0.00660911
0.00542982
0.00435959
0.00337983
0.00247213
0.00161826
0.000800198
0
0
0.000767913
0.00155297
0.00237238
0.00324347
0.0041837
0.00521074
0.00634245
0.00759688
0.00899221
0.0105467
0.0122786
0.0142059
0.0163464
0.0187172
0.0213346
0.024214
0.0273693
0.0308128
0.0345544
0.0386021
0.0429608
0.0476324
0.0526153
0.0579041
0.0634894
0.0693574
0.0754899
0.0818641
0.0884526
0.0952231
0.102139
0.10916
0.116241
0.123333
0.130386
0.137345
0.144154
0.150756
0.157094
0.163112
0.168752
0.173963
0.178692
0.182894
0.186526
0.18955
0.191936
0.193658
0.194699
0.195047
0.194699
0.193658
0.191936
0.18955
0.186526
0.182894
0.178692
0.173963
0.168752
0.163112
0.157094
0.150756
0.144154
0.137345
0.130386
0.123333
0.116241
0.10916
0.102139
0.0952231
0.0884526
0.0818641
0.0754899
0.0693574
0.0634894
0.0579041
0.0526153
0.0476324
0.0429608
0.0386021
0.0345544
0.0308128
0.0273693
0.024214
0.0213346
0.0187172
0.0163464
0.0142059
0.0122786
0.0105467
0.00899221
0.00759688
0.00634245
0.00521074
0.0041837
0.00324347
0.00237238
0.00155297
0.000767913
0
0
0.000734282
0.00148496
0.00226849
0.00310142
0.00400047
0.00498254
0.00606469
0.00726418
0.0085984
0.0100848
0.0117408
0.0135838
0.0156305
0.0178974
0.0204003
0.0231536
0.0261707
0.0294633
0.0330411
0.0369115
0.0410794
0.0455464
0.050311
0.0553682
0.0607089
0.0663199
0.0721839
0.0782789
0.0845788
0.0910528
0.0976661
0.10438
0.11115
0.117932
0.124676
0.13133
0.13784
0.144154
0.150214
0.155968
0.161362
0.166344
0.170866
0.174884
0.178357
0.181249
0.18353
0.185177
0.186172
0.186505
0.186172
0.185177
0.18353
0.181249
0.178357
0.174884
0.170866
0.166344
0.161362
0.155968
0.150214
0.144154
0.13784
0.13133
0.124676
0.117932
0.11115
0.10438
0.0976661
0.0910528
0.0845788
0.0782789
0.0721839
0.0663199
0.0607089
0.0553682
0.050311
0.0455464
0.0410794
0.0369115
0.0330411
0.0294633
0.0261707
0.0231536
0.0204003
0.0178974
0.0156305
0.0135838
0.0117408
0.0100848
0.0085984
0.00726418
0.00606469
0.00498254
0.00400047
0.00310142
0.00226849
0.00148496
0.000734282
0
0
0.000699599
0.00141482
0.00216133
0.00295493
0.00381151
0.00474719
0.00577823
0.00692106
0.00819226
0.00960846
0.0111863
0.0129421
0.0148922
0.0170521
0.0194367
0.0220599
0.0249346
0.0280716
0.0314804
0.0351681
0.039139
0.043395
0.0479346
0.0527529
0.0578413
0.0631873
0.0687743
0.0745815
0.0805838
0.086752
0.0930529
0.0994492
0.1059
0.112362
0.118787
0.125126
0.13133
0.137345
0.143119
0.148601
0.15374
0.158487
0.162796
0.166624
0.169932
0.172688
0.174861
0.17643
0.177378
0.177696
0.177378
0.17643
0.174861
0.172688
0.169932
0.166624
0.162796
0.158487
0.15374
0.148601
0.143119
0.137345
0.13133
0.125126
0.118787
0.112362
0.1059
0.0994492
0.0930529
0.086752
0.0805838
0.0745815
0.0687743
0.0631873
0.0578413
0.0527529
0.0479346
0.043395
0.039139
0.0351681
0.0314804
0.0280716
0.0249346
0.0220599
0.0194367
0.0170521
0.0148922
0.0129421
0.0111863
0.00960846
0.00819226
0.00692106
0.00577823
0.00474719
0.00381151
0.00295493
0.00216133
0.00141482
0.000699599
0
0
0.000664153
0.00134314
0.00205183
0.00280521
0.0036184
0.00450667
0.00548547
0.0065704
0.00777719
0.00912164
0.0106195
0.0122864
0.0141377
0.0161881
0.0184519
0.0209423
0.0236712
0.0266494
0.0298855
0.0333862
0.037156
0.0411964
0.045506
0.0500802
0.0549108
0.0599859
0.0652898
0.0708027
0.0765009
0.0823567
0.0883383
0.0944105
0.100535
0.106669
0.112768
0.118787
0.124676
0.130386
0.135868
0.141072
0.145951
0.150457
0.154547
0.158181
0.161322
0.163938
0.166002
0.167491
0.168391
0.168692
0.168391
0.167491
0.166002
0.163938
0.161322
0.158181
0.154547
0.150457
0.145951
0.141072
0.135868
0.130386
0.124676
0.118787
0.112768
0.106669
0.100535
0.0944105
0.0883383
0.0823567
0.0765009
0.0708027
0.0652898
0.0599859
0.0549108
0.0500802
0.045506
0.0411964
0.037156
0.0333862
0.0298855
0.0266494
0.0236712
0.0209423
0.0184519
0.0161881
0.0141377
0.0122864
0.0106195
0.00912164
0.00777719
0.0065704
0.00548547
0.00450667
0.0036184
0.00280521
0.00205183
0.00134314
0.000664153
0
0
0.000628229
0.00127049
0.00194085
0.00265348
0.00342268
0.0042629
0.00518876
0.00621501
0.00735653
0.00862825
0.0100451
0.0116218
0.013373
0.0153125
0.0174538
0.0198095
0.0223909
0.0252079
0.028269
0.0315804
0.0351462
0.0389681
0.0430446
0.0473713
0.0519407
0.0567413
0.0617583
0.066973
0.072363
0.077902
0.0835601
0.0893039
0.0950967
0.100899
0.106669
0.112362
0.117932
0.123333
0.128519
0.133442
0.138056
0.142319
0.146188
0.149625
0.152597
0.155071
0.157023
0.158432
0.159283
0.159568
0.159283
0.158432
0.157023
0.155071
0.152597
0.149625
0.146188
0.142319
0.138056
0.133442
0.128519
0.123333
0.117932
0.112362
0.106669
0.100899
0.0950967
0.0893039
0.0835601
0.077902
0.072363
0.066973
0.0617583
0.0567413
0.0519407
0.0473713
0.0430446
0.0389681
0.0351462
0.0315804
0.028269
0.0252079
0.0223909
0.0198095
0.0174538
0.0153125
0.013373
0.0116218
0.0100451
0.00862825
0.00735653
0.00621501
0.00518876
0.0042629
0.00342268
0.00265348
0.00194085
0.00127049
0.000628229
0
0
0.000592102
0.00119743
0.00182924
0.00250089
0.00322586
0.00401776
0.00489037
0.00585761
0.00693348
0.00813208
0.00946745
0.0109535
0.0126039
0.0144319
0.0164501
0.0186703
0.0211032
0.0237583
0.0266433
0.0297643
0.0331251
0.0367272
0.0405693
0.0446472
0.0489538
0.0534783
0.0582068
0.0631217
0.0682017
0.0734222
0.0787549
0.0841684
0.0896281
0.0950967
0.100535
0.1059
0.11115
0.116241
0.121128
0.125768
0.130117
0.134135
0.137781
0.141021
0.143821
0.146153
0.147993
0.149321
0.150123
0.150392
0.150123
0.149321
0.147993
0.146153
0.143821
0.141021
0.137781
0.134135
0.130117
0.125768
0.121128
0.116241
0.11115
0.1059
0.100535
0.0950967
0.0896281
0.0841684
0.0787549
0.0734222
0.0682017
0.0631217
0.0582068
0.0534783
0.0489538
0.0446472
0.0405693
0.0367272
0.0331251
0.0297643
0.0266433
0.0237583
0.0211032
0.0186703
0.0164501
0.0144319
0.0126039
0.0109535
0.00946745
0.00813208
0.00693348
0.00585761
0.00489037
0.00401776
0.00322586
0.00250089
0.00182924
0.00119743
0.000592102
0
0
0.000556034
0.00112448
0.00171781
0.00234855
0.00302935
0.00377302
0.00459248
0.00550079
0.00651113
0.00763671
0.00889074
0.0102863
0.0118362
0.0135528
0.0154481
0.017533
0.0198177
0.0223111
0.0250203
0.0279512
0.0311073
0.0344899
0.038098
0.0419275
0.0459717
0.0502207
0.0546611
0.0592766
0.0640472
0.0689496
0.0739575
0.0790413
0.0841684
0.0893039
0.0944105
0.0994492
0.10438
0.10916
0.11375
0.118107
0.122191
0.125964
0.129388
0.132431
0.13506
0.13725
0.138978
0.140225
0.140979
0.141231
0.140979
0.140225
0.138978
0.13725
0.13506
0.132431
0.129388
0.125964
0.122191
0.118107
0.11375
0.10916
0.10438
0.0994492
0.0944105
0.0893039
0.0841684
0.0790413
0.0739575
0.0689496
0.0640472
0.0592766
0.0546611
0.0502207
0.0459717
0.0419275
0.038098
0.0344899
0.0311073
0.0279512
0.0250203
0.0223111
0.0198177
0.017533
0.0154481
0.0135528
0.0118362
0.0102863
0.00889074
0.00763671
0.00651113
0.00550079
0.00459248
0.00377302
0.00302935
0.00234855
0.00171781
0.00112448
0.000556034
0
0
0.000520272
0.00105216
0.00160732
0.00219749
0.00283451
0.00353035
0.0042971
0.00514699
0.00609235
0.00714554
0.00831891
0.00962469
0.0110749
0.0126811
0.0144545
0.0164053
0.0185431
0.0208761
0.0234111
0.0261535
0.0291066
0.0322716
0.0356476
0.0392308
0.043015
0.0469906
0.0511455
0.0554641
0.0599278
0.064515
0.0692008
0.0739575
0.0787549
0.0835601
0.0883383
0.0930529
0.0976661
0.102139
0.106434
0.11051
0.114332
0.117862
0.121066
0.123913
0.126374
0.128423
0.130039
0.131206
0.131911
0.132147
0.131911
0.131206
0.130039
0.128423
0.126374
0.123913
0.121066
0.117862
0.114332
0.11051
0.106434
0.102139
0.0976661
0.0930529
0.0883383
0.0835601
0.0787549
0.0739575
0.0692008
0.064515
0.0599278
0.0554641
0.0511455
0.0469906
0.043015
0.0392308
0.0356476
0.0322716
0.0291066
0.0261535
0.0234111
0.0208761
0.0185431
0.0164053
0.0144545
0.0126811
0.0110749
0.00962469
0.00831891
0.00714554
0.00609235
0.00514699
0.0042971
0.00353035
0.00283451
0.00219749
0.00160732
0.00105216
0.000520272
0
0
0.000485042
0.000980915
0.00149849
0.0020487
0.00264258
0.0032913
0.00400613
0.00479848
0.00567982
0.00666169
0.00775561
0.00897298
0.010325
0.0118225
0.0134757
0.0152945
0.0172875
0.0194625
0.0218259
0.0243825
0.0271357
0.0300864
0.0332338
0.0365744
0.0401023
0.0438087
0.0476823
0.0517085
0.05587
0.0601465
0.064515
0.0689496
0.0734222
0.077902
0.0823567
0.086752
0.0910528
0.0952231
0.0992266
0.103027
0.10659
0.109881
0.112869
0.115523
0.117817
0.119727
0.121234
0.122322
0.122979
0.123199
0.122979
0.122322
0.121234
0.119727
0.117817
0.115523
0.112869
0.109881
0.10659
0.103027
0.0992266
0.0952231
0.0910528
0.086752
0.0823567
0.077902
0.0734222
0.0689496
0.064515
0.0601465
0.05587
0.0517085
0.0476823
0.0438087
0.0401023
0.0365744
0.0332338
0.0300864
0.0271357
0.0243825
0.0218259
0.0194625
0.0172875
0.0152945
0.0134757
0.0118225
0.010325
0.00897298
0.00775561
0.00666169
0.00567982
0.00479848
0.00400613
0.0032913
0.00264258
0.0020487
0.00149849
0.000980915
0.000485042
0
0
0.000450555
0.00091117
0.00139194
0.00190303
0.00245469
0.00305728
0.00372129
0.00445729
0.00527597
0.00618803
0.00720417
0.00833498
0.00959085
0.0109819
0.0125176
0.014207
0.0160583
0.0180787
0.020274
0.0226489
0.0252063
0.0279472
0.0308708
0.0339739
0.0372509
0.0406938
0.044292
0.0480319
0.0518975
0.05587
0.0599278
0.0640472
0.0682017
0.072363
0.0765009
0.0805838
0.0845788
0.0884526
0.0921714
0.0957019
0.0990114
0.102069
0.104843
0.107309
0.10944
0.111214
0.112614
0.113624
0.114235
0.114439
0.114235
0.113624
0.112614
0.111214
0.10944
0.107309
0.104843
0.102069
0.0990114
0.0957019
0.0921714
0.0884526
0.0845788
0.0805838
0.0765009
0.072363
0.0682017
0.0640472
0.0599278
0.05587
0.0518975
0.0480319
0.044292
0.0406938
0.0372509
0.0339739
0.0308708
0.0279472
0.0252063
0.0226489
0.020274
0.0180787
0.0160583
0.014207
0.0125176
0.0109819
0.00959085
0.00833498
0.00720417
0.00618803
0.00527597
0.00445729
0.00372129
0.00305728
0.00245469
0.00190303
0.00139194
0.00091117
0.000450555
0
0
0.000416995
0.000843301
0.00128826
0.00176128
0.00227185
0.00282956
0.00344411
0.00412529
0.00488299
0.00572711
0.00666756
0.00771414
0.00887647
0.0101639
0.0115852
0.0131488
0.0148622
0.0167321
0.0187639
0.0209619
0.0233288
0.0258656
0.0285714
0.0314433
0.0344763
0.0376627
0.0409929
0.0444542
0.0480319
0.0517085
0.0554641
0.0592766
0.0631217
0.066973
0.0708027
0.0745815
0.0782789
0.0818641
0.085306
0.0885735
0.0916365
0.0944659
0.0970342
0.0993158
0.101288
0.10293
0.104226
0.105161
0.105726
0.105915
0.105726
0.105161
0.104226
0.10293
0.101288
0.0993158
0.0970342
0.0944659
0.0916365
0.0885735
0.085306
0.0818641
0.0782789
0.0745815
0.0708027
0.066973
0.0631217
0.0592766
0.0554641
0.0517085
0.0480319
0.0444542
0.0409929
0.0376627
0.0344763
0.0314433
0.0285714
0.0258656
0.0233288
0.0209619
0.0187639
0.0167321
0.0148622
0.0131488
0.0115852
0.0101639
0.00887647
0.00771414
0.00666756
0.00572711
0.00488299
0.00412529
0.00344411
0.00282956
0.00227185
0.00176128
0.00128826
0.000843301
0.000416995
0
0
0.000384527
0.000777639
0.00118795
0.00162414
0.00209496
0.00260924
0.00317594
0.00380408
0.00450278
0.00528118
0.00614841
0.0071135
0.00818532
0.00937247
0.0106831
0.012125
0.013705
0.0154293
0.0173029
0.0193297
0.0215123
0.0238516
0.0263467
0.0289951
0.0317918
0.0347302
0.037801
0.0409929
0.044292
0.0476823
0.0511455
0.0546611
0.0582068
0.0617583
0.0652898
0.0687743
0.0721839
0.0754899
0.0786638
0.0816769
0.0845014
0.0871105
0.0894788
0.0915828
0.0934013
0.0949158
0.0961104
0.0969729
0.097494
0.0976684
0.097494
0.0969729
0.0961104
0.0949158
0.0934013
0.0915828
0.0894788
0.0871105
0.0845014
0.0816769
0.0786638
0.0754899
0.0721839
0.0687743
0.0652898
0.0617583
0.0582068
0.0546611
0.0511455
0.0476823
0.044292
0.0409929
0.037801
0.0347302
0.0317918
0.0289951
0.0263467
0.0238516
0.0215123
0.0193297
0.0173029
0.0154293
0.013705
0.012125
0.0106831
0.00937247
0.00818532
0.0071135
0.00614841
0.00528118
0.00450278
0.00380408
0.00317594
0.00260924
0.00209496
0.00162414
0.00118795
0.000777639
0.000384527
0
0
0.000353289
0.000714467
0.00109145
0.0014922
0.00192477
0.00239727
0.00291794
0.00349505
0.00413699
0.00485216
0.00564893
0.00653562
0.00752038
0.00861109
0.00981529
0.01114
0.0125917
0.0141758
0.0158972
0.0177594
0.0197647
0.021914
0.0242064
0.0266396
0.0292092
0.0319089
0.0347302
0.0376627
0.0406938
0.0438087
0.0469906
0.0502207
0.0534783
0.0567413
0.0599859
0.0631873
0.0663199
0.0693574
0.0722734
0.0750418
0.0776368
0.080034
0.0822099
0.0841429
0.0858137
0.0872052
0.0883028
0.0890952
0.089574
0.0897342
0.089574
0.0890952
0.0883028
0.0872052
0.0858137
0.0841429
0.0822099
0.080034
0.0776368
0.0750418
0.0722734
0.0693574
0.0663199
0.0631873
0.0599859
0.0567413
0.0534783
0.0502207
0.0469906
0.0438087
0.0406938
0.0376627
0.0347302
0.0319089
0.0292092
0.0266396
0.0242064
0.021914
0.0197647
0.0177594
0.0158972
0.0141758
0.0125917
0.01114
0.00981529
0.00861109
0.00752038
0.00653562
0.00564893
0.00485216
0.00413699
0.00349505
0.00291794
0.00239727
0.00192477
0.0014922
0.00109145
0.000714467
0.000353289
0
0
0.000323399
0.000654019
0.000999106
0.00136595
0.00176192
0.00219445
0.00267106
0.00319935
0.00378698
0.00444164
0.005171
0.00598267
0.00688411
0.00788254
0.00898486
0.0101975
0.0115263
0.0129765
0.0145523
0.0162569
0.0180925
0.0200599
0.0221584
0.0243858
0.0267379
0.0292092
0.0317918
0.0344763
0.0372509
0.0401023
0.043015
0.0459717
0.0489538
0.0519407
0.0549108
0.0578413
0.0607089
0.0634894
0.0661587
0.0686928
0.0710683
0.0732627
0.0752545
0.077024
0.0785534
0.0798271
0.0808319
0.0815572
0.0819955
0.0821422
0.0819955
0.0815572
0.0808319
0.0798271
0.0785534
0.077024
0.0752545
0.0732627
0.0710683
0.0686928
0.0661587
0.0634894
0.0607089
0.0578413
0.0549108
0.0519407
0.0489538
0.0459717
0.043015
0.0401023
0.0372509
0.0344763
0.0317918
0.0292092
0.0267379
0.0243858
0.0221584
0.0200599
0.0180925
0.0162569
0.0145523
0.0129765
0.0115263
0.0101975
0.00898486
0.00788254
0.00688411
0.00598267
0.005171
0.00444164
0.00378698
0.00319935
0.00267106
0.00219445
0.00176192
0.00136595
0.000999106
0.000654019
0.000323399
0
0
0.000294949
0.000596484
0.000911213
0.00124579
0.00160692
0.0020014
0.00243608
0.0029179
0.00345383
0.0040509
0.0047161
0.00545637
0.0062785
0.0071891
0.00819445
0.00930041
0.0105123
0.0118349
0.0132721
0.0148268
0.0165009
0.0182952
0.0202091
0.0222405
0.0243858
0.0266396
0.0289951
0.0314433
0.0339739
0.0365744
0.0392308
0.0419275
0.0446472
0.0473713
0.0500802
0.0527529
0.0553682
0.0579041
0.0603386
0.0626498
0.0648163
0.0668176
0.0686342
0.0702481
0.0716429
0.0728046
0.073721
0.0743825
0.0747822
0.074916
0.0747822
0.0743825
0.073721
0.0728046
0.0716429
0.0702481
0.0686342
0.0668176
0.0648163
0.0626498
0.0603386
0.0579041
0.0553682
0.0527529
0.0500802
0.0473713
0.0446472
0.0419275
0.0392308
0.0365744
0.0339739
0.0314433
0.0289951
0.0266396
0.0243858
0.0222405
0.0202091
0.0182952
0.0165009
0.0148268
0.0132721
0.0118349
0.0105123
0.00930041
0.00819445
0.0071891
0.0062785
0.00545637
0.0047161
0.0040509
0.00345383
0.0029179
0.00243608
0.0020014
0.00160692
0.00124579
0.000911213
0.000596484
0.000294949
0
0
0.000268009
0.000542002
0.000827985
0.001132
0.00146015
0.0018186
0.00221358
0.00265139
0.00313837
0.0036809
0.00428534
0.004958
0.00570504
0.00653247
0.00744599
0.00845094
0.00955217
0.010754
0.0120598
0.0134725
0.0149938
0.0166242
0.0183633
0.0202091
0.0221584
0.0242064
0.0263467
0.0285714
0.0308708
0.0332338
0.0356476
0.038098
0.0405693
0.0430446
0.045506
0.0479346
0.050311
0.0526153
0.0548274
0.0569275
0.0588962
0.0607147
0.0623653
0.0638318
0.0650993
0.0661548
0.0669875
0.0675886
0.0679518
0.0680733
0.0679518
0.0675886
0.0669875
0.0661548
0.0650993
0.0638318
0.0623653
0.0607147
0.0588962
0.0569275
0.0548274
0.0526153
0.050311
0.0479346
0.045506
0.0430446
0.0405693
0.038098
0.0356476
0.0332338
0.0308708
0.0285714
0.0263467
0.0242064
0.0221584
0.0202091
0.0183633
0.0166242
0.0149938
0.0134725
0.0120598
0.010754
0.00955217
0.00845094
0.00744599
0.00653247
0.00570504
0.004958
0.00428534
0.0036809
0.00313837
0.00265139
0.00221358
0.0018186
0.00146015
0.001132
0.000827985
0.000542002
0.000268009
0
0
0.000242628
0.000490673
0.000749572
0.0010248
0.00132187
0.00164637
0.00200394
0.00240029
0.00284115
0.00333231
0.0038795
0.00448845
0.00516475
0.00591382
0.00674082
0.0076506
0.00864754
0.00973551
0.0109177
0.0121966
0.0135738
0.0150498
0.0166242
0.0182952
0.0200599
0.021914
0.0238516
0.0258656
0.0279472
0.0300864
0.0322716
0.0344899
0.0367272
0.0389681
0.0411964
0.043395
0.0455464
0.0476324
0.0496351
0.0515363
0.0533185
0.0549647
0.0564591
0.0577867
0.0589341
0.0598897
0.0606435
0.0611877
0.0615165
0.0616265
0.0615165
0.0611877
0.0606435
0.0598897
0.0589341
0.0577867
0.0564591
0.0549647
0.0533185
0.0515363
0.0496351
0.0476324
0.0455464
0.043395
0.0411964
0.0389681
0.0367272
0.0344899
0.0322716
0.0300864
0.0279472
0.0258656
0.0238516
0.021914
0.0200599
0.0182952
0.0166242
0.0150498
0.0135738
0.0121966
0.0109177
0.00973551
0.00864754
0.0076506
0.00674082
0.00591382
0.00516475
0.00448845
0.0038795
0.00333231
0.00284115
0.00240029
0.00200394
0.00164637
0.00132187
0.0010248
0.000749572
0.000490673
0.000242628
0
0
0.000218832
0.000442549
0.000676057
0.000924288
0.00119223
0.0014849
0.0018074
0.00216488
0.0025625
0.00300549
0.00349902
0.00404824
0.00465821
0.00533381
0.00607971
0.00690026
0.00779942
0.00878069
0.00984695
0.0110004
0.0122425
0.0135738
0.0149938
0.0165009
0.0180925
0.0197647
0.0215123
0.0233288
0.0252063
0.0271357
0.0291066
0.0311073
0.0331251
0.0351462
0.037156
0.039139
0.0410794
0.0429608
0.0447671
0.0464818
0.0480892
0.049574
0.0509218
0.0521192
0.0531541
0.0540159
0.0546958
0.0551866
0.0554832
0.0555824
0.0554832
0.0551866
0.0546958
0.0540159
0.0531541
0.0521192
0.0509218
0.049574
0.0480892
0.0464818
0.0447671
0.0429608
0.0410794
0.039139
0.037156
0.0351462
0.0331251
0.0311073
0.0291066
0.0271357
0.0252063
0.0233288
0.0215123
0.0197647
0.0180925
0.0165009
0.0149938
0.0135738
0.0122425
0.0110004
0.00984695
0.00878069
0.00779942
0.00690026
0.00607971
0.00533381
0.00465821
0.00404824
0.00349902
0.00300549
0.0025625
0.00216488
0.0018074
0.0014849
0.00119223
0.000924288
0.000676057
0.000442549
0.000218832
0
0
0.000196629
0.000397649
0.000607465
0.000830512
0.00107126
0.00133425
0.00162403
0.00194523
0.00230252
0.00270056
0.00314402
0.00363752
0.0041856
0.00479266
0.00546288
0.00620017
0.00700811
0.00788982
0.0088479
0.00988434
0.0110004
0.0121966
0.0134725
0.0148268
0.0162569
0.0177594
0.0193297
0.0209619
0.0226489
0.0243825
0.0261535
0.0279512
0.0297643
0.0315804
0.0333862
0.0351681
0.0369115
0.0386021
0.0402251
0.0417659
0.0432102
0.0445443
0.0457554
0.0468313
0.0477612
0.0485356
0.0491465
0.0495875
0.049854
0.0499432
0.049854
0.0495875
0.0491465
0.0485356
0.0477612
0.0468313
0.0457554
0.0445443
0.0432102
0.0417659
0.0402251
0.0386021
0.0369115
0.0351681
0.0333862
0.0315804
0.0297643
0.0279512
0.0261535
0.0243825
0.0226489
0.0209619
0.0193297
0.0177594
0.0162569
0.0148268
0.0134725
0.0121966
0.0110004
0.00988434
0.0088479
0.00788982
0.00700811
0.00620017
0.00546288
0.00479266
0.0041856
0.00363752
0.00314402
0.00270056
0.00230252
0.00194523
0.00162403
0.00133425
0.00107126
0.000830512
0.000607465
0.000397649
0.000196629
0
0
0.000176011
0.000355953
0.000543768
0.000743427
0.000958935
0.00119434
0.00145374
0.00174126
0.00206108
0.00241738
0.00281434
0.0032561
0.00374671
0.00429011
0.00489006
0.00555004
0.00627326
0.00706252
0.00792014
0.0088479
0.00984695
0.0109177
0.0120598
0.0132721
0.0145523
0.0158972
0.0173029
0.0187639
0.020274
0.0218259
0.0234111
0.0250203
0.0266433
0.028269
0.0298855
0.0314804
0.0330411
0.0345544
0.0360072
0.0373864
0.0386793
0.0398736
0.0409576
0.0419207
0.0427531
0.0434463
0.0439932
0.0443879
0.0446265
0.0447063
0.0446265
0.0443879
0.0439932
0.0434463
0.0427531
0.0419207
0.0409576
0.0398736
0.0386793
0.0373864
0.0360072
0.0345544
0.0330411
0.0314804
0.0298855
0.028269
0.0266433
0.0250203
0.0234111
0.0218259
0.020274
0.0187639
0.0173029
0.0158972
0.0145523
0.0132721
0.0120598
0.0109177
0.00984695
0.0088479
0.00792014
0.00706252
0.00627326
0.00555004
0.00489006
0.00429011
0.00374671
0.0032561
0.00281434
0.00241738
0.00206108
0.00174126
0.00145374
0.00119434
0.000958935
0.000743427
0.000543768
0.000355953
0.000176011
0
0
0.000156952
0.000317409
0.000484887
0.000662926
0.000855099
0.00106501
0.00129632
0.00155271
0.0018379
0.00215562
0.0025096
0.00290352
0.00334101
0.00382557
0.00436054
0.00494906
0.00559397
0.00629776
0.00706252
0.00788982
0.00878069
0.00973551
0.010754
0.0118349
0.0129765
0.0141758
0.0154293
0.0167321
0.0180787
0.0194625
0.0208761
0.0223111
0.0237583
0.0252079
0.0266494
0.0280716
0.0294633
0.0308128
0.0321082
0.0333381
0.034491
0.0355559
0.0365226
0.0373814
0.0381236
0.0387418
0.0392294
0.0395815
0.0397942
0.0398653
0.0397942
0.0395815
0.0392294
0.0387418
0.0381236
0.0373814
0.0365226
0.0355559
0.034491
0.0333381
0.0321082
0.0308128
0.0294633
0.0280716
0.0266494
0.0252079
0.0237583
0.0223111
0.0208761
0.0194625
0.0180787
0.0167321
0.0154293
0.0141758
0.0129765
0.0118349
0.010754
0.00973551
0.00878069
0.00788982
0.00706252
0.00629776
0.00559397
0.00494906
0.00436054
0.00382557
0.00334101
0.00290352
0.0025096
0.00215562
0.0018379
0.00155271
0.00129632
0.00106501
0.000855099
0.000662926
0.000484887
0.000317409
0.000156952
0
0
0.000139412
0.000281938
0.0004307
0.000588843
0.000759539
0.000945996
0.00115146
0.00137919
0.00163251
0.00191473
0.00222914
0.00257904
0.00296764
0.00339805
0.00387324
0.00439599
0.00496883
0.00559397
0.00627326
0.00700811
0.00779942
0.00864754
0.00955217
0.0105123
0.0115263
0.0125917
0.013705
0.0148622
0.0160583
0.0172875
0.0185431
0.0198177
0.0211032
0.0223909
0.0236712
0.0249346
0.0261707
0.0273693
0.02852
0.0296125
0.0306365
0.0315825
0.0324411
0.0332039
0.0338632
0.0344123
0.0348454
0.0351581
0.0353471
0.0354103
0.0353471
0.0351581
0.0348454
0.0344123
0.0338632
0.0332039
0.0324411
0.0315825
0.0306365
0.0296125
0.02852
0.0273693
0.0261707
0.0249346
0.0236712
0.0223909
0.0211032
0.0198177
0.0185431
0.0172875
0.0160583
0.0148622
0.013705
0.0125917
0.0115263
0.0105123
0.00955217
0.00864754
0.00779942
0.00700811
0.00627326
0.00559397
0.00496883
0.00439599
0.00387324
0.00339805
0.00296764
0.00257904
0.00222914
0.00191473
0.00163251
0.00137919
0.00115146
0.000945996
0.000759539
0.000588843
0.0004307
0.000281938
0.000139412
0
0
0.00012334
0.000249434
0.000381046
0.000520957
0.000671975
0.000836936
0.00101871
0.00122019
0.00144431
0.00169398
0.00197215
0.00228171
0.00262551
0.0030063
0.00342671
0.0038892
0.00439599
0.00494906
0.00555004
0.00620017
0.00690026
0.0076506
0.00845094
0.00930041
0.0101975
0.01114
0.012125
0.0131488
0.014207
0.0152945
0.0164053
0.017533
0.0186703
0.0198095
0.0209423
0.0220599
0.0231536
0.024214
0.0252321
0.0261986
0.0271045
0.0279414
0.0287011
0.029376
0.0299593
0.030445
0.0308282
0.0311049
0.031272
0.031328
0.031272
0.0311049
0.0308282
0.030445
0.0299593
0.029376
0.0287011
0.0279414
0.0271045
0.0261986
0.0252321
0.024214
0.0231536
0.0220599
0.0209423
0.0198095
0.0186703
0.017533
0.0164053
0.0152945
0.014207
0.0131488
0.012125
0.01114
0.0101975
0.00930041
0.00845094
0.0076506
0.00690026
0.00620017
0.00555004
0.00494906
0.00439599
0.0038892
0.00342671
0.0030063
0.00262551
0.00228171
0.00197215
0.00169398
0.00144431
0.00122019
0.00101871
0.000836936
0.000671975
0.000520957
0.000381046
0.000249434
0.00012334
0
0
0.000108673
0.000219773
0.000335734
0.000459007
0.000592066
0.000737411
0.000897568
0.00107509
0.00127256
0.00149254
0.00173763
0.00201038
0.0023133
0.0026488
0.00301922
0.00342671
0.00387324
0.00436054
0.00489006
0.00546288
0.00607971
0.00674082
0.00744599
0.00819445
0.00898486
0.00981529
0.0106831
0.0115852
0.0125176
0.0134757
0.0144545
0.0154481
0.0164501
0.0174538
0.0184519
0.0194367
0.0204003
0.0213346
0.0222316
0.0230831
0.0238814
0.0246188
0.0252881
0.0258827
0.0263966
0.0268246
0.0271623
0.027406
0.0275533
0.0276026
0.0275533
0.027406
0.0271623
0.0268246
0.0263966
0.0258827
0.0252881
0.0246188
0.0238814
0.0230831
0.0222316
0.0213346
0.0204003
0.0194367
0.0184519
0.0174538
0.0164501
0.0154481
0.0144545
0.0134757
0.0125176
0.0115852
0.0106831
0.00981529
0.00898486
0.00819445
0.00744599
0.00674082
0.00607971
0.00546288
0.00489006
0.00436054
0.00387324
0.00342671
0.00301922
0.0026488
0.0023133
0.00201038
0.00173763
0.00149254
0.00127256
0.00107509
0.000897568
0.000737411
0.000592066
0.000459007
0.000335734
0.000219773
0.000108673
0
0
9.53404e-05
0.00019281
0.000294544
0.000402693
0.000519428
0.000646941
0.000787449
0.000943193
0.00111643
0.00130943
0.00152445
0.00176374
0.00202949
0.00232383
0.0026488
0.0030063
0.00339805
0.00382557
0.00429011
0.00479266
0.00533381
0.00591382
0.00653247
0.0071891
0.00788254
0.00861109
0.00937247
0.0101639
0.0109819
0.0118225
0.0126811
0.0135528
0.0144319
0.0153125
0.0161881
0.0170521
0.0178974
0.0187172
0.0195041
0.0202512
0.0209515
0.0215984
0.0221856
0.0227072
0.0231581
0.0235336
0.0238298
0.0240437
0.0241729
0.0242161
0.0241729
0.0240437
0.0238298
0.0235336
0.0231581
0.0227072
0.0221856
0.0215984
0.0209515
0.0202512
0.0195041
0.0187172
0.0178974
0.0170521
0.0161881
0.0153125
0.0144319
0.0135528
0.0126811
0.0118225
0.0109819
0.0101639
0.00937247
0.00861109
0.00788254
0.0071891
0.00653247
0.00591382
0.00533381
0.00479266
0.00429011
0.00382557
0.00339805
0.0030063
0.0026488
0.00232383
0.00202949
0.00176374
0.00152445
0.00130943
0.00111643
0.000943193
0.000787449
0.000646941
0.000519428
0.000402693
0.000294544
0.00019281
9.53404e-05
0
0
8.32642e-05
0.000168388
0.000257236
0.000351687
0.000453635
0.000564997
0.000687708
0.000823725
0.000975019
0.00114357
0.00133136
0.00154034
0.00177243
0.00202949
0.0023133
0.00262551
0.00296764
0.00334101
0.00374671
0.0041856
0.00465821
0.00516475
0.00570504
0.0062785
0.00688411
0.00752038
0.00818532
0.00887647
0.00959085
0.010325
0.0110749
0.0118362
0.0126039
0.013373
0.0141377
0.0148922
0.0156305
0.0163464
0.0170336
0.0176861
0.0182977
0.0188626
0.0193755
0.0198311
0.0202248
0.0205528
0.0208115
0.0209982
0.0211111
0.0211488
0.0211111
0.0209982
0.0208115
0.0205528
0.0202248
0.0198311
0.0193755
0.0188626
0.0182977
0.0176861
0.0170336
0.0163464
0.0156305
0.0148922
0.0141377
0.013373
0.0126039
0.0118362
0.0110749
0.010325
0.00959085
0.00887647
0.00818532
0.00752038
0.00688411
0.0062785
0.00570504
0.00516475
0.00465821
0.0041856
0.00374671
0.00334101
0.00296764
0.00262551
0.0023133
0.00202949
0.00177243
0.00154034
0.00133136
0.00114357
0.000975019
0.000823725
0.000687708
0.000564997
0.000453635
0.000351687
0.000257236
0.000168388
8.32642e-05
0
0
7.23612e-05
0.000146338
0.000223552
0.000305635
0.000394234
0.000491014
0.000597656
0.000715862
0.000847346
0.000993827
0.00115702
0.00133864
0.00154034
0.00176374
0.00201038
0.00228171
0.00257904
0.00290352
0.0032561
0.00363752
0.00404824
0.00448845
0.004958
0.00545637
0.00598267
0.00653562
0.0071135
0.00771414
0.00833498
0.00897298
0.00962469
0.0102863
0.0109535
0.0116218
0.0122864
0.0129421
0.0135838
0.0142059
0.0148032
0.0153702
0.0159017
0.0163927
0.0168384
0.0172343
0.0175765
0.0178615
0.0180863
0.0182486
0.0183467
0.0183795
0.0183467
0.0182486
0.0180863
0.0178615
0.0175765
0.0172343
0.0168384
0.0163927
0.0159017
0.0153702
0.0148032
0.0142059
0.0135838
0.0129421
0.0122864
0.0116218
0.0109535
0.0102863
0.00962469
0.00897298
0.00833498
0.00771414
0.0071135
0.00653562
0.00598267
0.00545637
0.004958
0.00448845
0.00404824
0.00363752
0.0032561
0.00290352
0.00257904
0.00228171
0.00201038
0.00176374
0.00154034
0.00133864
0.00115702
0.000993827
0.000847346
0.000715862
0.000597656
0.000491014
0.000394234
0.000305635
0.000223552
0.000146338
7.23612e-05
0
0
6.2544e-05
0.000126484
0.000193223
0.00026417
0.000340748
0.000424398
0.000516572
0.000618741
0.000732386
0.000858994
0.00100005
0.00115702
0.00133136
0.00152445
0.00173763
0.00197215
0.00222914
0.0025096
0.00281434
0.00314402
0.00349902
0.0038795
0.00428534
0.0047161
0.005171
0.00564893
0.00614841
0.00666756
0.00720417
0.00775561
0.00831891
0.00889074
0.00946745
0.0100451
0.0106195
0.0111863
0.0117408
0.0122786
0.0127948
0.0132849
0.0137443
0.0141687
0.0145539
0.0148961
0.0151919
0.0154382
0.0156325
0.0157728
0.0158576
0.0158859
0.0158576
0.0157728
0.0156325
0.0154382
0.0151919
0.0148961
0.0145539
0.0141687
0.0137443
0.0132849
0.0127948
0.0122786
0.0117408
0.0111863
0.0106195
0.0100451
0.00946745
0.00889074
0.00831891
0.00775561
0.00720417
0.00666756
0.00614841
0.00564893
0.005171
0.0047161
0.00428534
0.0038795
0.00349902
0.00314402
0.00281434
0.0025096
0.00222914
0.00197215
0.00173763
0.00152445
0.00133136
0.00115702
0.00100005
0.000858994
0.000732386
0.000618741
0.000516572
0.000424398
0.000340748
0.00026417
0.000193223
0.000126484
6.2544e-05
0
0
5.37222e-05
0.000108644
0.000165969
0.000226909
0.000292686
0.000364537
0.00044371
0.000531469
0.000629084
0.000737834
0.000858994
0.000993827
0.00114357
0.00130943
0.00149254
0.00169398
0.00191473
0.00215562
0.00241738
0.00270056
0.00300549
0.00333231
0.0036809
0.0040509
0.00444164
0.00485216
0.00528118
0.00572711
0.00618803
0.00666169
0.00714554
0.00763671
0.00813208
0.00862825
0.00912164
0.00960846
0.0100848
0.0105467
0.0109901
0.0114111
0.0118057
0.0121702
0.0125011
0.012795
0.0130491
0.0132607
0.0134276
0.0135481
0.0136209
0.0136453
0.0136209
0.0135481
0.0134276
0.0132607
0.0130491
0.012795
0.0125011
0.0121702
0.0118057
0.0114111
0.0109901
0.0105467
0.0100848
0.00960846
0.00912164
0.00862825
0.00813208
0.00763671
0.00714554
0.00666169
0.00618803
0.00572711
0.00528118
0.00485216
0.00444164
0.0040509
0.0036809
0.00333231
0.00300549
0.00270056
0.00241738
0.00215562
0.00191473
0.00169398
0.00149254
0.00130943
0.00114357
0.000993827
0.000858994
0.000737834
0.000629084
0.000531469
0.00044371
0.000364537
0.000292686
0.000226909
0.000165969
0.000108644
5.37222e-05
0
0
4.58041e-05
9.26308e-05
0.000141507
0.000193465
0.000249547
0.000310807
0.000378311
0.000453135
0.000536363
0.000629084
0.000732386
0.000847346
0.000975019
0.00111643
0.00127256
0.00144431
0.00163251
0.0018379
0.00206108
0.00230252
0.0025625
0.00284115
0.00313837
0.00345383
0.00378698
0.00413699
0.00450278
0.00488299
0.00527597
0.00567982
0.00609235
0.00651113
0.00693348
0.00735653
0.00777719
0.00819226
0.0085984
0.00899221
0.00937028
0.00972919
0.0100656
0.0103764
0.0106585
0.0109092
0.0111258
0.0113062
0.0114485
0.0115512
0.0116133
0.0116341
0.0116133
0.0115512
0.0114485
0.0113062
0.0111258
0.0109092
0.0106585
0.0103764
0.0100656
0.00972919
0.00937028
0.00899221
0.0085984
0.00819226
0.00777719
0.00735653
0.00693348
0.00651113
0.00609235
0.00567982
0.00527597
0.00488299
0.00450278
0.00413699
0.00378698
0.00345383
0.00313837
0.00284115
0.0025625
0.00230252
0.00206108
0.0018379
0.00163251
0.00144431
0.00127256
0.00111643
0.000975019
0.000847346
0.000732386
0.000629084
0.000536363
0.000453135
0.000378311
0.000310807
0.000249547
0.000193465
0.000141507
9.26308e-05
4.58041e-05
0
0
3.86966e-05
7.82572e-05
0.000119549
0.000163444
0.000210825
0.000262579
0.000319608
0.000382821
0.000453135
0.000531469
0.000618741
0.000715862
0.000823725
0.000943193
0.00107509
0.00122019
0.00137919
0.00155271
0.00174126
0.00194523
0.00216488
0.00240029
0.00265139
0.0029179
0.00319935
0.00349505
0.00380408
0.00412529
0.00445729
0.00479848
0.00514699
0.00550079
0.00585761
0.00621501
0.0065704
0.00692106
0.00726418
0.00759688
0.00791628
0.00821951
0.00850375
0.00876631
0.00900464
0.00921638
0.00939938
0.00955179
0.00967201
0.00975881
0.00981125
0.0098288
0.00981125
0.00975881
0.00967201
0.00955179
0.00939938
0.00921638
0.00900464
0.00876631
0.00850375
0.00821951
0.00791628
0.00759688
0.00726418
0.00692106
0.0065704
0.00621501
0.00585761
0.00550079
0.00514699
0.00479848
0.00445729
0.00412529
0.00380408
0.00349505
0.00319935
0.0029179
0.00265139
0.00240029
0.00216488
0.00194523
0.00174126
0.00155271
0.00137919
0.00122019
0.00107509
0.000943193
0.000823725
0.000715862
0.000618741
0.000531469
0.000453135
0.000382821
0.000319608
0.000262579
0.000210825
0.000163444
0.000119549
7.82572e-05
3.86966e-05
0
0
3.23068e-05
6.53351e-05
9.98085e-05
0.000136456
0.000176012
0.000219221
0.000266833
0.000319608
0.000378311
0.00044371
0.000516572
0.000597656
0.000687708
0.000787449
0.000897568
0.00101871
0.00115146
0.00129632
0.00145374
0.00162403
0.0018074
0.00200394
0.00221358
0.00243608
0.00267106
0.00291794
0.00317594
0.00344411
0.00372129
0.00400613
0.0042971
0.00459248
0.00489037
0.00518876
0.00548547
0.00577823
0.00606469
0.00634245
0.00660911
0.00686227
0.00709957
0.00731878
0.00751776
0.00769453
0.00784732
0.00797456
0.00807493
0.00814739
0.00819118
0.00820582
0.00819118
0.00814739
0.00807493
0.00797456
0.00784732
0.00769453
0.00751776
0.00731878
0.00709957
0.00686227
0.00660911
0.00634245
0.00606469
0.00577823
0.00548547
0.00518876
0.00489037
0.00459248
0.0042971
0.00400613
0.00372129
0.00344411
0.00317594
0.00291794
0.00267106
0.00243608
0.00221358
0.00200394
0.0018074
0.00162403
0.00145374
0.00129632
0.00115146
0.00101871
0.000897568
0.000787449
0.000687708
0.000597656
0.000516572
0.00044371
0.000378311
0.000319608
0.000266833
0.000219221
0.000176012
0.000136456
9.98085e-05
6.53351e-05
3.23068e-05
0
0
2.65422e-05
5.3677e-05
8.19992e-05
0.000112107
0.000144606
0.000180104
0.000219221
0.000262579
0.000310807
0.000364537
0.000424398
0.000491014
0.000564997
0.000646941
0.000737411
0.000836936
0.000945996
0.00106501
0.00119434
0.00133425
0.0014849
0.00164637
0.0018186
0.0020014
0.00219445
0.00239727
0.00260924
0.00282956
0.00305728
0.0032913
0.00353035
0.00377302
0.00401776
0.0042629
0.00450667
0.00474719
0.00498254
0.00521074
0.00542982
0.0056378
0.00583276
0.00601286
0.00617633
0.00632156
0.00644708
0.00655162
0.00663408
0.00669361
0.00672959
0.00674162
0.00672959
0.00669361
0.00663408
0.00655162
0.00644708
0.00632156
0.00617633
0.00601286
0.00583276
0.0056378
0.00542982
0.00521074
0.00498254
0.00474719
0.00450667
0.0042629
0.00401776
0.00377302
0.00353035
0.0032913
0.00305728
0.00282956
0.00260924
0.00239727
0.00219445
0.0020014
0.0018186
0.00164637
0.0014849
0.00133425
0.00119434
0.00106501
0.000945996
0.000836936
0.000737411
0.000646941
0.000564997
0.000491014
0.000424398
0.000364537
0.000310807
0.000262579
0.000219221
0.000180104
0.000144606
0.000112107
8.19992e-05
5.3677e-05
2.65422e-05
0
0
2.13107e-05
4.30972e-05
6.58371e-05
9.00109e-05
0.000116104
0.000144606
0.000176012
0.000210825
0.000249547
0.000292686
0.000340748
0.000394234
0.000453635
0.000519428
0.000592066
0.000671975
0.000759539
0.000855099
0.000958935
0.00107126
0.00119223
0.00132187
0.00146015
0.00160692
0.00176192
0.00192477
0.00209496
0.00227185
0.00245469
0.00264258
0.00283451
0.00302935
0.00322586
0.00342268
0.0036184
0.00381151
0.00400047
0.0041837
0.00435959
0.00452658
0.00468312
0.00482772
0.00495897
0.00507557
0.00517636
0.00526029
0.0053265
0.0053743
0.00540318
0.00541284
0.00540318
0.0053743
0.0053265
0.00526029
0.00517636
0.00507557
0.00495897
0.00482772
0.00468312
0.00452658
0.00435959
0.0041837
0.00400047
0.00381151
0.0036184
0.00342268
0.00322586
0.00302935
0.00283451
0.00264258
0.00245469
0.00227185
0.00209496
0.00192477
0.00176192
0.00160692
0.00146015
0.00132187
0.00119223
0.00107126
0.000958935
0.000855099
0.000759539
0.000671975
0.000592066
0.000519428
0.000453635
0.000394234
0.000340748
0.000292686
0.000249547
0.000210825
0.000176012
0.000144606
0.000116104
9.00109e-05
6.58371e-05
4.30972e-05
2.13107e-05
0
0
1.65214e-05
3.34117e-05
5.10411e-05
6.97821e-05
9.00109e-05
0.000112107
0.000136456
0.000163444
0.000193465
0.000226909
0.00026417
0.000305635
0.000351687
0.000402693
0.000459007
0.000520957
0.000588843
0.000662926
0.000743427
0.000830512
0.000924288
0.0010248
0.001132
0.00124579
0.00136595
0.0014922
0.00162414
0.00176128
0.00190303
0.0020487
0.00219749
0.00234855
0.00250089
0.00265348
0.00280521
0.00295493
0.00310142
0.00324347
0.00337983
0.00350929
0.00363065
0.00374275
0.0038445
0.0039349
0.00401304
0.00407811
0.00412944
0.00416649
0.00418889
0.00419638
0.00418889
0.00416649
0.00412944
0.00407811
0.00401304
0.0039349
0.0038445
0.00374275
0.00363065
0.00350929
0.00337983
0.00324347
0.00310142
0.00295493
0.00280521
0.00265348
0.00250089
0.00234855
0.00219749
0.0020487
0.00190303
0.00176128
0.00162414
0.0014922
0.00136595
0.00124579
0.001132
0.0010248
0.000924288
0.000830512
0.000743427
0.000662926
0.000588843
0.000520957
0.000459007
0.000402693
0.000351687
0.000305635
0.00026417
0.000226909
0.000193465
0.000163444
0.000136456
0.000112107
9.00109e-05
6.97821e-05
5.10411e-05
3.34117e-05
1.65214e-05
0
0
1.20843e-05
2.44385e-05
3.73332e-05
5.10411e-05
6.58371e-05
8.19992e-05
9.98085e-05
0.000119549
0.000141507
0.000165969
0.000193223
0.000223552
0.000257236
0.000294544
0.000335734
0.000381046
0.0004307
0.000484887
0.000543768
0.000607465
0.000676057
0.000749572
0.000827985
0.000911213
0.000999106
0.00109145
0.00118795
0.00128826
0.00139194
0.00149849
0.00160732
0.00171781
0.00182924
0.00194085
0.00205183
0.00216133
0.00226849
0.00237238
0.00247213
0.00256682
0.00265558
0.00273758
0.002812
0.00287813
0.00293528
0.00298287
0.00302041
0.00304752
0.0030639
0.00306937
0.0030639
0.00304752
0.00302041
0.00298287
0.00293528
0.00287813
0.002812
0.00273758
0.00265558
0.00256682
0.00247213
0.00237238
0.00226849
0.00216133
0.00205183
0.00194085
0.00182924
0.00171781
0.00160732
0.00149849
0.00139194
0.00128826
0.00118795
0.00109145
0.000999106
0.000911213
0.000827985
0.000749572
0.000676057
0.000607465
0.000543768
0.000484887
0.0004307
0.000381046
0.000335734
0.000294544
0.000257236
0.000223552
0.000193223
0.000165969
0.000141507
0.000119549
9.98085e-05
8.19992e-05
6.58371e-05
5.10411e-05
3.73332e-05
2.44385e-05
1.20843e-05
0
0
7.91045e-06
1.59975e-05
2.44385e-05
3.34117e-05
4.30972e-05
5.3677e-05
6.53351e-05
7.82572e-05
9.26308e-05
0.000108644
0.000126484
0.000146338
0.000168388
0.00019281
0.000219773
0.000249434
0.000281938
0.000317409
0.000355953
0.000397649
0.000442549
0.000490673
0.000542002
0.000596484
0.000654019
0.000714467
0.000777639
0.000843301
0.00091117
0.000980915
0.00105216
0.00112448
0.00119743
0.00127049
0.00134314
0.00141482
0.00148496
0.00155297
0.00161826
0.00168025
0.00173836
0.00179203
0.00184075
0.00188403
0.00192144
0.0019526
0.00197718
0.00199492
0.00200564
0.00200922
0.00200564
0.00199492
0.00197718
0.0019526
0.00192144
0.00188403
0.00184075
0.00179203
0.00173836
0.00168025
0.00161826
0.00155297
0.00148496
0.00141482
0.00134314
0.00127049
0.00119743
0.00112448
0.00105216
0.000980915
0.00091117
0.000843301
0.000777639
0.000714467
0.000654019
0.000596484
0.000542002
0.000490673
0.000442549
0.000397649
0.000355953
0.000317409
0.000281938
0.000249434
0.000219773
0.00019281
0.000168388
0.000146338
0.000126484
0.000108644
9.26308e-05
7.82572e-05
6.53351e-05
5.3677e-05
4.30972e-05
3.34117e-05
2.44385e-05
1.59975e-05
7.91045e-06
0
0
3.91155e-06
7.91045e-06
1.20843e-05
1.65214e-05
2.13107e-05
2.65422e-05
3.23068e-05
3.86966e-05
4.58041e-05
5.37222e-05
6.2544e-05
7.23612e-05
8.32642e-05
9.53404e-05
0.000108673
0.00012334
0.000139412
0.000156952
0.000176011
0.000196629
0.000218832
0.000242628
0.000268009
0.000294949
0.000323399
0.000353289
0.000384527
0.000416995
0.000450555
0.000485042
0.000520272
0.000556034
0.000592102
0.000628229
0.000664153
0.000699599
0.000734282
0.000767913
0.000800198
0.000830849
0.000859581
0.000886122
0.000910213
0.000931615
0.000950114
0.00096552
0.000977672
0.000986446
0.000991747
0.00099352
0.000991747
0.000986446
0.000977672
0.00096552
0.000950114
0.000931615
0.000910213
0.000886122
0.000859581
0.000830849
0.000800198
0.000767913
0.000734282
0.000699599
0.000664153
0.000628229
0.000592102
0.000556034
0.000520272
0.000485042
0.000450555
0.000416995
0.000384527
0.000353289
0.000323399
0.000294949
0.000268009
0.000242628
0.000218832
0.000196629
0.000176011
0.000156952
0.000139412
0.00012334
0.000108673
9.53404e-05
8.32642e-05
7.23612e-05
6.2544e-05
5.37222e-05
4.58041e-05
3.86966e-05
3.23068e-05
2.65422e-05
2.13107e-05
1.65214e-05
1.20843e-05
7.91045e-06
3.91155e-06
0
0
0
0
0
0
0
0
0
0
0
0
0
0
0
0
0
0
0
0
0
0
0
0
0
0
0
0
0
0
0
0
0
0
0
0
0
0
0
0
0
0
0
0
0
0
0
0
0
0
0
0
0
0
0
0
0
0
0
0
0
0
0
0
0
0
0
0
0
0
0
0
0
0
0
0
0
0
0
0
0
0
0
0
0
0
0
0
0
0
0
0
0
0
0
0
0
0
0
0
0
0
