# vtk DataFile Version 3.0
Heat2D data at time 0.13
ASCII
DATASET STRUCTURED_POINTS
DIMENSIONS 101 101 1
ORIGIN 0 0 0
SPACING 0.01 0.01 1
POINT_DATA 10201
SCALARS temperature double
LOOKUP_TABLE default
0
0
0
0
0
0
0
0
0
0
0
0
0
0
0
0
0
0
0
0
0
0
0
0
0
0
0
0
0
0
0
0
0
0
0
0
0
0
0
0
0
0
0
0
0
0
0
0
0
0
0
0
0
0
0
0
0
0
0
0
0
0
0
0
0
0
0
0
0
0
0
0
0
0
0
0
0
0
0
0
0
0
0
0
0
0
0
0
0
0
0
0
0
0
0
0
0
0
0
0
0
0
5.88023e-06
1.18698e-05
1.8078e-05
2.46144e-05
3.15887e-05
3.91106e-05
4.72897e-05
5.62355e-05
6.60562e-05
7.6859e-05
8.8749e-05
0.000101828
0.000116194
0.00013194
0.000149152
0.000167908
0.000188276
0.000210313
0.000234061
0.000259551
0.000286793
0.00031578
0.000346486
0.000378863
0.000412839
0.000448321
0.000485188
0.000523299
0.000562485
0.000602555
0.000643293
0.000684464
0.000725813
0.000767064
0.000807932
0.000848116
0.000887308
0.000925197
0.00096147
0.000995819
0.00102795
0.00105756
0.00108439
0.00110819
0.00112873
0.00114582
0.00115929
0.001169
0.00117487
0.00117684
0.00117487
0.001169
0.00115929
0.00114582
0.00112873
0.00110819
0.00108439
0.00105756
0.00102795
0.000995819
0.00096147
0.000925197
0.000887308
0.000848116
0.000807932
0.000767064
0.000725813
0.000684464
0.000643293
0.000602555
0.000562485
0.000523299
0.000485188
0.000448321
0.000412839
0.000378863
0.000346486
0.00031578
0.000286793
0.000259551
0.000234061
0.000210313
0.000188276
0.000167908
0.000149152
0.00013194
0.000116194
0.000101828
8.8749e-05
7.6859e-05
6.60562e-05
5.62355e-05
4.72897e-05
3.91106e-05
3.15887e-05
2.46144e-05
1.8078e-05
1.18698e-05
5.88023e-06
0
0
1.18698e-05
2.39601e-05
3.6492e-05
4.96863e-05
6.37645e-05
7.89481e-05
9.54585e-05
0.000113516
0.00013334
0.000155147
0.000179148
0.000205549
0.000234548
0.000266333
0.000301077
0.000338937
0.000380052
0.000424534
0.000472473
0.000523926
0.000578916
0.00063743
0.000699413
0.000764768
0.000833353
0.000904975
0.000979396
0.00105633
0.00113543
0.00121631
0.00129854
0.00138165
0.00146512
0.00154839
0.00163088
0.001712
0.00179111
0.00186759
0.00194081
0.00201015
0.002075
0.00213478
0.00218894
0.00223698
0.00227845
0.00231294
0.00234013
0.00235974
0.00237158
0.00237555
0.00237158
0.00235974
0.00234013
0.00231294
0.00227845
0.00223698
0.00218894
0.00213478
0.002075
0.00201015
0.00194081
0.00186759
0.00179111
0.001712
0.00163088
0.00154839
0.00146512
0.00138165
0.00129854
0.00121631
0.00113543
0.00105633
0.000979396
0.000904975
0.000833353
0.000764768
0.000699413
0.00063743
0.000578916
0.000523926
0.000472473
0.000424534
0.000380052
0.000338937
0.000301077
0.000266333
0.000234548
0.000205549
0.000179148
0.000155147
0.00013334
0.000113516
9.54585e-05
7.89481e-05
6.37645e-05
4.96863e-05
3.6492e-05
2.39601e-05
1.18698e-05
0
0
1.8078e-05
3.6492e-05
5.55783e-05
7.56736e-05
9.71151e-05
0.00012024
0.000145386
0.000172888
0.000203081
0.000236293
0.000272847
0.000313057
0.000357224
0.000405633
0.000458549
0.000516211
0.000578829
0.000646578
0.00071959
0.000797954
0.000881705
0.000970823
0.00106523
0.00116476
0.00126922
0.0013783
0.00149165
0.00160881
0.00172928
0.00185247
0.00197772
0.00210429
0.00223141
0.00235824
0.00248388
0.00260742
0.00272791
0.00284439
0.00295591
0.00306151
0.00316028
0.00325132
0.00333381
0.00340698
0.00347014
0.00352267
0.00356408
0.00359395
0.00361199
0.00361802
0.00361199
0.00359395
0.00356408
0.00352267
0.00347014
0.00340698
0.00333381
0.00325132
0.00316028
0.00306151
0.00295591
0.00284439
0.00272791
0.00260742
0.00248388
0.00235824
0.00223141
0.00210429
0.00197772
0.00185247
0.00172928
0.00160881
0.00149165
0.0013783
0.00126922
0.00116476
0.00106523
0.000970823
0.000881705
0.000797954
0.00071959
0.000646578
0.000578829
0.000516211
0.000458549
0.000405633
0.000357224
0.000313057
0.000272847
0.000236293
0.000203081
0.000172888
0.000145386
0.00012024
9.71151e-05
7.56736e-05
5.55783e-05
3.6492e-05
1.8078e-05
0
0
2.46144e-05
4.96863e-05
7.56736e-05
0.000103035
0.000132229
0.000163715
0.000197953
0.000235399
0.000276508
0.000321729
0.000371499
0.000426248
0.000486384
0.000552297
0.000624345
0.000702856
0.000788115
0.000880359
0.000979771
0.00108647
0.0012005
0.00132184
0.00145038
0.0015859
0.00172813
0.00187665
0.00203098
0.00219051
0.00235454
0.00252227
0.0026928
0.00286514
0.00303822
0.0032109
0.00338197
0.00355018
0.00371423
0.00387284
0.00402467
0.00416846
0.00430294
0.0044269
0.00453922
0.00463884
0.00472483
0.00479636
0.00485274
0.00489341
0.00491797
0.00492619
0.00491797
0.00489341
0.00485274
0.00479636
0.00472483
0.00463884
0.00453922
0.0044269
0.00430294
0.00416846
0.00402467
0.00387284
0.00371423
0.00355018
0.00338197
0.0032109
0.00303822
0.00286514
0.0026928
0.00252227
0.00235454
0.00219051
0.00203098
0.00187665
0.00172813
0.0015859
0.00145038
0.00132184
0.0012005
0.00108647
0.000979771
0.000880359
0.000788115
0.000702856
0.000624345
0.000552297
0.000486384
0.000426248
0.000371499
0.000321729
0.000276508
0.000235399
0.000197953
0.000163715
0.000132229
0.000103035
7.56736e-05
4.96863e-05
2.46144e-05
0
0
3.15887e-05
6.37645e-05
9.71151e-05
0.000132229
0.000169695
0.000210103
0.000254041
0.000302098
0.000354855
0.000412888
0.000476761
0.000547022
0.000624198
0.000708786
0.000801249
0.000902005
0.00101142
0.0011298
0.00125738
0.00139431
0.00154065
0.00169638
0.00186133
0.00203526
0.00221778
0.00240839
0.00260644
0.00281117
0.00302168
0.00323693
0.00345578
0.00367695
0.00389908
0.00412068
0.00434022
0.00455609
0.00476663
0.00497017
0.00516503
0.00534956
0.00552214
0.00568123
0.00582537
0.00595322
0.00606357
0.00615537
0.00622772
0.00627991
0.00631144
0.00632198
0.00631144
0.00627991
0.00622772
0.00615537
0.00606357
0.00595322
0.00582537
0.00568123
0.00552214
0.00534956
0.00516503
0.00497017
0.00476663
0.00455609
0.00434022
0.00412068
0.00389908
0.00367695
0.00345578
0.00323693
0.00302168
0.00281117
0.00260644
0.00240839
0.00221778
0.00203526
0.00186133
0.00169638
0.00154065
0.00139431
0.00125738
0.0011298
0.00101142
0.000902005
0.000801249
0.000708786
0.000624198
0.000547022
0.000476761
0.000412888
0.000354855
0.000302098
0.000254041
0.000210103
0.000169695
0.000132229
9.71151e-05
6.37645e-05
3.15887e-05
0
0
3.91106e-05
7.89481e-05
0.00012024
0.000163715
0.000210103
0.000260132
0.000314534
0.000374033
0.000439353
0.000511205
0.000590287
0.000677279
0.000772832
0.000877562
0.000992042
0.00111679
0.00125226
0.00139883
0.00155679
0.00172632
0.00190752
0.00210032
0.00230455
0.0025199
0.00274588
0.00298187
0.00322709
0.00348057
0.0037412
0.00400771
0.00427867
0.00455251
0.00482753
0.0051019
0.00537372
0.00564099
0.00590167
0.00615367
0.00639493
0.0066234
0.00683707
0.00703404
0.00721251
0.0073708
0.00750743
0.00762109
0.00771067
0.00777529
0.00781432
0.00782737
0.00781432
0.00777529
0.00771067
0.00762109
0.00750743
0.0073708
0.00721251
0.00703404
0.00683707
0.0066234
0.00639493
0.00615367
0.00590167
0.00564099
0.00537372
0.0051019
0.00482753
0.00455251
0.00427867
0.00400771
0.0037412
0.00348057
0.00322709
0.00298187
0.00274588
0.0025199
0.00230455
0.00210032
0.00190752
0.00172632
0.00155679
0.00139883
0.00125226
0.00111679
0.000992042
0.000877562
0.000772832
0.000677279
0.000590287
0.000511205
0.000439353
0.000374033
0.000314534
0.000260132
0.000210103
0.000163715
0.00012024
7.89481e-05
3.91106e-05
0
0
4.72897e-05
9.54585e-05
0.000145386
0.000197953
0.000254041
0.000314534
0.000380312
0.000452255
0.000531235
0.000618113
0.000713734
0.000818918
0.000934454
0.00106109
0.00119951
0.00135034
0.00151415
0.00169137
0.00188236
0.00208735
0.00230643
0.00253956
0.0027865
0.00304688
0.00332012
0.00360547
0.00390197
0.00420846
0.0045236
0.00484584
0.00517347
0.00550458
0.00583711
0.00616886
0.00649752
0.00682069
0.00713588
0.00744059
0.0077323
0.00800855
0.0082669
0.00850507
0.00872085
0.00891225
0.00907746
0.00921488
0.0093232
0.00940133
0.00944853
0.00946431
0.00944853
0.00940133
0.0093232
0.00921488
0.00907746
0.00891225
0.00872085
0.00850507
0.0082669
0.00800855
0.0077323
0.00744059
0.00713588
0.00682069
0.00649752
0.00616886
0.00583711
0.00550458
0.00517347
0.00484584
0.0045236
0.00420846
0.00390197
0.00360547
0.00332012
0.00304688
0.0027865
0.00253956
0.00230643
0.00208735
0.00188236
0.00169137
0.00151415
0.00135034
0.00119951
0.00106109
0.000934454
0.000818918
0.000713734
0.000618113
0.000531235
0.000452255
0.000380312
0.000314534
0.000254041
0.000197953
0.000145386
9.54585e-05
4.72897e-05
0
0
5.62355e-05
0.000113516
0.000172888
0.000235399
0.000302098
0.000374033
0.000452255
0.000537807
0.000631727
0.00073504
0.000848749
0.000973831
0.00111122
0.00126181
0.00142642
0.00160579
0.00180057
0.00201132
0.00223844
0.00248221
0.00274274
0.00301996
0.00331362
0.00362325
0.00394818
0.00428751
0.00464009
0.00500456
0.00537932
0.00576252
0.00615212
0.00654587
0.0069413
0.00733581
0.00772665
0.00811094
0.00848576
0.00884811
0.00919501
0.00952351
0.00983074
0.010114
0.0103706
0.0105982
0.0107946
0.010958
0.0110868
0.0111798
0.0112359
0.0112547
0.0112359
0.0111798
0.0110868
0.010958
0.0107946
0.0105982
0.0103706
0.010114
0.00983074
0.00952351
0.00919501
0.00884811
0.00848576
0.00811094
0.00772665
0.00733581
0.0069413
0.00654587
0.00615212
0.00576252
0.00537932
0.00500456
0.00464009
0.00428751
0.00394818
0.00362325
0.00331362
0.00301996
0.00274274
0.00248221
0.00223844
0.00201132
0.00180057
0.00160579
0.00142642
0.00126181
0.00111122
0.000973831
0.000848749
0.00073504
0.000631727
0.000537807
0.000452255
0.000374033
0.000302098
0.000235399
0.000172888
0.000113516
5.62355e-05
0
0
6.60562e-05
0.00013334
0.000203081
0.000276508
0.000354855
0.000439353
0.000531235
0.000631727
0.000742049
0.000863404
0.000996971
0.0011439
0.00130528
0.00148217
0.00167552
0.00188621
0.00211502
0.00236257
0.00262935
0.00291569
0.00322172
0.00354735
0.00389229
0.004256
0.00463768
0.00503626
0.00545042
0.00587854
0.00631874
0.00676886
0.0072265
0.00768901
0.0081535
0.00861691
0.009076
0.0095274
0.00996767
0.0103933
0.0108008
0.0111867
0.0115475
0.0118802
0.0121816
0.012449
0.0126798
0.0128717
0.013023
0.0131321
0.0131981
0.0132201
0.0131981
0.0131321
0.013023
0.0128717
0.0126798
0.012449
0.0121816
0.0118802
0.0115475
0.0111867
0.0108008
0.0103933
0.00996767
0.0095274
0.009076
0.00861691
0.0081535
0.00768901
0.0072265
0.00676886
0.00631874
0.00587854
0.00545042
0.00503626
0.00463768
0.004256
0.00389229
0.00354735
0.00322172
0.00291569
0.00262935
0.00236257
0.00211502
0.00188621
0.00167552
0.00148217
0.00130528
0.0011439
0.000996971
0.000863404
0.000742049
0.000631727
0.000531235
0.000439353
0.000354855
0.000276508
0.000203081
0.00013334
6.60562e-05
0
0
7.6859e-05
0.000155147
0.000236293
0.000321729
0.000412888
0.000511205
0.000618113
0.00073504
0.000863404
0.00100461
0.00116002
0.00133097
0.00151875
0.00172456
0.00194953
0.00219469
0.00246091
0.00274894
0.00305936
0.00339253
0.0037486
0.00412748
0.00452884
0.00495203
0.00539612
0.00585989
0.00634178
0.00683992
0.00735211
0.00787584
0.00840833
0.00894647
0.00948692
0.0100261
0.0105603
0.0110855
0.0115978
0.012093
0.0125671
0.0130161
0.013436
0.0138231
0.0141738
0.0144849
0.0147534
0.0149768
0.0151528
0.0152798
0.0153565
0.0153821
0.0153565
0.0152798
0.0151528
0.0149768
0.0147534
0.0144849
0.0141738
0.0138231
0.013436
0.0130161
0.0125671
0.012093
0.0115978
0.0110855
0.0105603
0.0100261
0.00948692
0.00894647
0.00840833
0.00787584
0.00735211
0.00683992
0.00634178
0.00585989
0.00539612
0.00495203
0.00452884
0.00412748
0.0037486
0.00339253
0.00305936
0.00274894
0.00246091
0.00219469
0.00194953
0.00172456
0.00151875
0.00133097
0.00116002
0.00100461
0.000863404
0.00073504
0.000618113
0.000511205
0.000412888
0.000321729
0.000236293
0.000155147
7.6859e-05
0
0
8.8749e-05
0.000179148
0.000272847
0.000371499
0.000476761
0.000590287
0.000713734
0.000848749
0.000996971
0.00116002
0.00133947
0.00153687
0.0017537
0.00199135
0.00225112
0.0025342
0.00284161
0.0031742
0.00353264
0.00391734
0.0043285
0.004766
0.00522944
0.0057181
0.00623089
0.00676641
0.00732284
0.00789804
0.00848946
0.00909422
0.00970908
0.0103305
0.0109545
0.0115771
0.0121939
0.0128004
0.0133919
0.0139638
0.0145113
0.0150297
0.0155146
0.0159615
0.0163665
0.0167257
0.0170357
0.0172936
0.0174969
0.0176435
0.0177321
0.0177617
0.0177321
0.0176435
0.0174969
0.0172936
0.0170357
0.0167257
0.0163665
0.0159615
0.0155146
0.0150297
0.0145113
0.0139638
0.0133919
0.0128004
0.0121939
0.0115771
0.0109545
0.0103305
0.00970908
0.00909422
0.00848946
0.00789804
0.00732284
0.00676641
0.00623089
0.0057181
0.00522944
0.004766
0.0043285
0.00391734
0.00353264
0.0031742
0.00284161
0.0025342
0.00225112
0.00199135
0.0017537
0.00153687
0.00133947
0.00116002
0.000996971
0.000848749
0.000713734
0.000590287
0.000476761
0.000371499
0.000272847
0.000179148
8.8749e-05
0
0
0.000101828
0.000205549
0.000313057
0.000426248
0.000547022
0.000677279
0.000818918
0.000973831
0.0011439
0.00133097
0.00153687
0.00176336
0.00201214
0.00228482
0.00258288
0.00290767
0.00326038
0.00364199
0.00405325
0.00449465
0.0049664
0.00546837
0.00600011
0.00656078
0.00714915
0.00776359
0.00840203
0.00906199
0.00974057
0.0104345
0.0111399
0.0118529
0.0125689
0.0132833
0.013991
0.0146868
0.0153655
0.0160217
0.0166498
0.0172446
0.017801
0.0183138
0.0187784
0.0191906
0.0195463
0.0198422
0.0200754
0.0202437
0.0203453
0.0203793
0.0203453
0.0202437
0.0200754
0.0198422
0.0195463
0.0191906
0.0187784
0.0183138
0.017801
0.0172446
0.0166498
0.0160217
0.0153655
0.0146868
0.013991
0.0132833
0.0125689
0.0118529
0.0111399
0.0104345
0.00974057
0.00906199
0.00840203
0.00776359
0.00714915
0.00656078
0.00600011
0.00546837
0.0049664
0.00449465
0.00405325
0.00364199
0.00326038
0.00290767
0.00258288
0.00228482
0.00201214
0.00176336
0.00153687
0.00133097
0.0011439
0.000973831
0.000818918
0.000677279
0.000547022
0.000426248
0.000313057
0.000205549
0.000101828
0
0
0.000116194
0.000234548
0.000357224
0.000486384
0.000624198
0.000772832
0.000934454
0.00111122
0.00130528
0.00151875
0.0017537
0.00201214
0.00229602
0.00260716
0.00294728
0.00331789
0.00372037
0.00415581
0.00462509
0.00512877
0.00566707
0.00623987
0.00684663
0.0074864
0.00815778
0.0088589
0.00958741
0.0103405
0.0111148
0.0119066
0.0127116
0.0135251
0.0143422
0.0151573
0.0159649
0.0167589
0.0175334
0.0182821
0.0189988
0.0196776
0.0203124
0.0208976
0.0214278
0.021898
0.022304
0.0226416
0.0229078
0.0230997
0.0232157
0.0232545
0.0232157
0.0230997
0.0229078
0.0226416
0.022304
0.021898
0.0214278
0.0208976
0.0203124
0.0196776
0.0189988
0.0182821
0.0175334
0.0167589
0.0159649
0.0151573
0.0143422
0.0135251
0.0127116
0.0119066
0.0111148
0.0103405
0.00958741
0.0088589
0.00815778
0.0074864
0.00684663
0.00623987
0.00566707
0.00512877
0.00462509
0.00415581
0.00372037
0.00331789
0.00294728
0.00260716
0.00229602
0.00201214
0.0017537
0.00151875
0.00130528
0.00111122
0.000934454
0.000772832
0.000624198
0.000486384
0.000357224
0.000234548
0.000116194
0
0
0.00013194
0.000266333
0.000405633
0.000552297
0.000708786
0.000877562
0.00106109
0.00126181
0.00148217
0.00172456
0.00199135
0.00228482
0.00260716
0.00296047
0.00334668
0.00376752
0.00422453
0.00471899
0.00525186
0.00582379
0.00643504
0.00708546
0.00777445
0.00850092
0.00926328
0.0100594
0.0108866
0.0117418
0.012621
0.0135201
0.0144342
0.015358
0.0162858
0.0172114
0.0181284
0.01903
0.0199094
0.0207595
0.0215734
0.0223442
0.023065
0.0237295
0.0243315
0.0248656
0.0253265
0.0257099
0.0260121
0.0262301
0.0263618
0.0264058
0.0263618
0.0262301
0.0260121
0.0257099
0.0253265
0.0248656
0.0243315
0.0237295
0.023065
0.0223442
0.0215734
0.0207595
0.0199094
0.01903
0.0181284
0.0172114
0.0162858
0.015358
0.0144342
0.0135201
0.012621
0.0117418
0.0108866
0.0100594
0.00926328
0.00850092
0.00777445
0.00708546
0.00643504
0.00582379
0.00525186
0.00471899
0.00422453
0.00376752
0.00334668
0.00296047
0.00260716
0.00228482
0.00199135
0.00172456
0.00148217
0.00126181
0.00106109
0.000877562
0.000708786
0.000552297
0.000405633
0.000266333
0.00013194
0
0
0.000149152
0.000301077
0.000458549
0.000624345
0.000801249
0.000992042
0.00119951
0.00142642
0.00167552
0.00194953
0.00225112
0.00258288
0.00294728
0.00334668
0.00378326
0.004259
0.00477563
0.00533459
0.00593698
0.00658352
0.00727451
0.00800978
0.00878865
0.00960989
0.0104717
0.0113717
0.0123068
0.0132735
0.0142675
0.0152838
0.0163172
0.0173615
0.0184103
0.0194566
0.0204933
0.0215125
0.0225066
0.0234677
0.0243878
0.025259
0.0260739
0.0268251
0.0275057
0.0281093
0.0286304
0.0290638
0.0294054
0.0296519
0.0298007
0.0298505
0.0298007
0.0296519
0.0294054
0.0290638
0.0286304
0.0281093
0.0275057
0.0268251
0.0260739
0.025259
0.0243878
0.0234677
0.0225066
0.0215125
0.0204933
0.0194566
0.0184103
0.0173615
0.0163172
0.0152838
0.0142675
0.0132735
0.0123068
0.0113717
0.0104717
0.00960989
0.00878865
0.00800978
0.00727451
0.00658352
0.00593698
0.00533459
0.00477563
0.004259
0.00378326
0.00334668
0.00294728
0.00258288
0.00225112
0.00194953
0.00167552
0.00142642
0.00119951
0.000992042
0.000801249
0.000624345
0.000458549
0.000301077
0.000149152
0
0
0.000167908
0.000338937
0.000516211
0.000702856
0.000902005
0.00111679
0.00135034
0.00160579
0.00188621
0.00219469
0.0025342
0.00290767
0.00331789
0.00376752
0.004259
0.00479457
0.00537616
0.00600541
0.00668355
0.0074114
0.00818928
0.00901701
0.00989381
0.0108183
0.0117885
0.0128017
0.0138544
0.0149427
0.0160616
0.0172058
0.018369
0.0195447
0.0207254
0.0219033
0.0230703
0.0242177
0.0253368
0.0264187
0.0274545
0.0284353
0.0293527
0.0301983
0.0309645
0.0316441
0.0322306
0.0327186
0.0331032
0.0333806
0.0335482
0.0336042
0.0335482
0.0333806
0.0331032
0.0327186
0.0322306
0.0316441
0.0309645
0.0301983
0.0293527
0.0284353
0.0274545
0.0264187
0.0253368
0.0242177
0.0230703
0.0219033
0.0207254
0.0195447
0.018369
0.0172058
0.0160616
0.0149427
0.0138544
0.0128017
0.0117885
0.0108183
0.00989381
0.00901701
0.00818928
0.0074114
0.00668355
0.00600541
0.00537616
0.00479457
0.004259
0.00376752
0.00331789
0.00290767
0.0025342
0.00219469
0.00188621
0.00160579
0.00135034
0.00111679
0.000902005
0.000702856
0.000516211
0.000338937
0.000167908
0
0
0.000188276
0.000380052
0.000578829
0.000788115
0.00101142
0.00125226
0.00151415
0.00180057
0.00211502
0.00246091
0.00284161
0.00326038
0.00372037
0.00422453
0.00477563
0.00537616
0.00602831
0.00673389
0.00749429
0.00831042
0.00918267
0.0101108
0.011094
0.0121306
0.0132185
0.0143546
0.015535
0.0167552
0.0180099
0.0192929
0.0205973
0.0219155
0.0232394
0.0245602
0.0258688
0.0271554
0.0284103
0.0296234
0.0307848
0.0318846
0.0329133
0.0338614
0.0347206
0.0354826
0.0361403
0.0366875
0.0371187
0.0374298
0.0376177
0.0376805
0.0376177
0.0374298
0.0371187
0.0366875
0.0361403
0.0354826
0.0347206
0.0338614
0.0329133
0.0318846
0.0307848
0.0296234
0.0284103
0.0271554
0.0258688
0.0245602
0.0232394
0.0219155
0.0205973
0.0192929
0.0180099
0.0167552
0.015535
0.0143546
0.0132185
0.0121306
0.011094
0.0101108
0.00918267
0.00831042
0.00749429
0.00673389
0.00602831
0.00537616
0.00477563
0.00422453
0.00372037
0.00326038
0.00284161
0.00246091
0.00211502
0.00180057
0.00151415
0.00125226
0.00101142
0.000788115
0.000578829
0.000380052
0.000188276
0
0
0.000210313
0.000424534
0.000646578
0.000880359
0.0011298
0.00139883
0.00169137
0.00201132
0.00236257
0.00274894
0.0031742
0.00364199
0.00415581
0.00471899
0.00533459
0.00600541
0.00673389
0.00752205
0.00837145
0.00928311
0.0102574
0.0112942
0.0123924
0.0135504
0.0147656
0.0160347
0.0173533
0.0187164
0.0201179
0.021551
0.0230081
0.0244806
0.0259595
0.0274349
0.0288966
0.0303338
0.0317355
0.0330906
0.034388
0.0356165
0.0367655
0.0378247
0.0387844
0.0396356
0.0403703
0.0409815
0.0414632
0.0418107
0.0420206
0.0420908
0.0420206
0.0418107
0.0414632
0.0409815
0.0403703
0.0396356
0.0387844
0.0378247
0.0367655
0.0356165
0.034388
0.0330906
0.0317355
0.0303338
0.0288966
0.0274349
0.0259595
0.0244806
0.0230081
0.021551
0.0201179
0.0187164
0.0173533
0.0160347
0.0147656
0.0135504
0.0123924
0.0112942
0.0102574
0.00928311
0.00837145
0.00752205
0.00673389
0.00600541
0.00533459
0.00471899
0.00415581
0.00364199
0.0031742
0.00274894
0.00236257
0.00201132
0.00169137
0.00139883
0.0011298
0.000880359
0.000646578
0.000424534
0.000210313
0
0
0.000234061
0.000472473
0.00071959
0.000979771
0.00125738
0.00155679
0.00188236
0.00223844
0.00262935
0.00305936
0.00353264
0.00405325
0.00462509
0.00525186
0.00593698
0.00668355
0.00749429
0.00837145
0.00931677
0.0103314
0.0114157
0.0125696
0.0137918
0.0150806
0.016433
0.0178453
0.0193128
0.0208298
0.0223896
0.0239846
0.0256062
0.027245
0.0288908
0.0305329
0.0321596
0.0337591
0.0353191
0.0368273
0.0382711
0.0396384
0.0409172
0.0420959
0.043164
0.0441113
0.044929
0.0456092
0.0461453
0.046532
0.0467656
0.0468437
0.0467656
0.046532
0.0461453
0.0456092
0.044929
0.0441113
0.043164
0.0420959
0.0409172
0.0396384
0.0382711
0.0368273
0.0353191
0.0337591
0.0321596
0.0305329
0.0288908
0.027245
0.0256062
0.0239846
0.0223896
0.0208298
0.0193128
0.0178453
0.016433
0.0150806
0.0137918
0.0125696
0.0114157
0.0103314
0.00931677
0.00837145
0.00749429
0.00668355
0.00593698
0.00525186
0.00462509
0.00405325
0.00353264
0.00305936
0.00262935
0.00223844
0.00188236
0.00155679
0.00125738
0.000979771
0.00071959
0.000472473
0.000234061
0
0
0.000259551
0.000523926
0.000797954
0.00108647
0.00139431
0.00172632
0.00208735
0.00248221
0.00291569
0.00339253
0.00391734
0.00449465
0.00512877
0.00582379
0.00658352
0.0074114
0.00831042
0.00928311
0.0103314
0.0114565
0.0126589
0.0139384
0.0152938
0.0167229
0.0182226
0.0197887
0.021416
0.0230982
0.0248279
0.0265965
0.0283947
0.030212
0.0320371
0.0338579
0.0356618
0.0374355
0.0391654
0.0408378
0.0424389
0.0439551
0.0453731
0.0466802
0.0478646
0.0489151
0.0498218
0.0505761
0.0511705
0.0515994
0.0518584
0.0519451
0.0518584
0.0515994
0.0511705
0.0505761
0.0498218
0.0489151
0.0478646
0.0466802
0.0453731
0.0439551
0.0424389
0.0408378
0.0391654
0.0374355
0.0356618
0.0338579
0.0320371
0.030212
0.0283947
0.0265965
0.0248279
0.0230982
0.021416
0.0197887
0.0182226
0.0167229
0.0152938
0.0139384
0.0126589
0.0114565
0.0103314
0.00928311
0.00831042
0.0074114
0.00658352
0.00582379
0.00512877
0.00449465
0.00391734
0.00339253
0.00291569
0.00248221
0.00208735
0.00172632
0.00139431
0.00108647
0.000797954
0.000523926
0.000259551
0
0
0.000286793
0.000578916
0.000881705
0.0012005
0.00154065
0.00190752
0.00230643
0.00274274
0.00322172
0.0037486
0.0043285
0.0049664
0.00566707
0.00643504
0.00727451
0.00818928
0.00918267
0.0102574
0.0114157
0.0126589
0.0139876
0.0154013
0.016899
0.0184781
0.0201352
0.0218657
0.0236638
0.0255225
0.0274337
0.029388
0.0313749
0.033383
0.0353996
0.0374116
0.0394048
0.0413646
0.0432761
0.0451241
0.0468932
0.0485685
0.0501353
0.0515797
0.0528883
0.0540491
0.055051
0.0558844
0.0565413
0.0570152
0.0573014
0.0573971
0.0573014
0.0570152
0.0565413
0.0558844
0.055051
0.0540491
0.0528883
0.0515797
0.0501353
0.0485685
0.0468932
0.0451241
0.0432761
0.0413646
0.0394048
0.0374116
0.0353996
0.033383
0.0313749
0.029388
0.0274337
0.0255225
0.0236638
0.0218657
0.0201352
0.0184781
0.016899
0.0154013
0.0139876
0.0126589
0.0114157
0.0102574
0.00918267
0.00818928
0.00727451
0.00643504
0.00566707
0.0049664
0.0043285
0.0037486
0.00322172
0.00274274
0.00230643
0.00190752
0.00154065
0.0012005
0.000881705
0.000578916
0.000286793
0
0
0.00031578
0.00063743
0.000970823
0.00132184
0.00169638
0.00210032
0.00253956
0.00301996
0.00354735
0.00412748
0.004766
0.00546837
0.00623987
0.00708546
0.00800978
0.00901701
0.0101108
0.0112942
0.0125696
0.0139384
0.0154013
0.016958
0.018607
0.0203457
0.0221703
0.0240757
0.0260556
0.0281022
0.0302066
0.0323584
0.0345461
0.0367571
0.0389776
0.0411929
0.0433876
0.0455455
0.0476502
0.0496849
0.0516329
0.0534775
0.0552027
0.0567931
0.058234
0.0595121
0.0606153
0.0615329
0.0622562
0.0627779
0.0630931
0.0631985
0.0630931
0.0627779
0.0622562
0.0615329
0.0606153
0.0595121
0.058234
0.0567931
0.0552027
0.0534775
0.0516329
0.0496849
0.0476502
0.0455455
0.0433876
0.0411929
0.0389776
0.0367571
0.0345461
0.0323584
0.0302066
0.0281022
0.0260556
0.0240757
0.0221703
0.0203457
0.018607
0.016958
0.0154013
0.0139384
0.0125696
0.0112942
0.0101108
0.00901701
0.00800978
0.00708546
0.00623987
0.00546837
0.004766
0.00412748
0.00354735
0.00301996
0.00253956
0.00210032
0.00169638
0.00132184
0.000970823
0.00063743
0.00031578
0
0
0.000346486
0.000699413
0.00106523
0.00145038
0.00186133
0.00230455
0.0027865
0.00331362
0.00389229
0.00452884
0.00522944
0.00600011
0.00684663
0.00777445
0.00878865
0.00989381
0.011094
0.0123924
0.0137918
0.0152938
0.016899
0.018607
0.0204163
0.0223241
0.0243261
0.0264168
0.0285892
0.0308349
0.0331439
0.0355049
0.0379054
0.0403314
0.0427678
0.0451985
0.0476066
0.0499744
0.0522837
0.0545163
0.0566536
0.0586776
0.0605706
0.0623156
0.0638966
0.065299
0.0665095
0.0675163
0.0683099
0.0688824
0.0692282
0.0693438
0.0692282
0.0688824
0.0683099
0.0675163
0.0665095
0.065299
0.0638966
0.0623156
0.0605706
0.0586776
0.0566536
0.0545163
0.0522837
0.0499744
0.0476066
0.0451985
0.0427678
0.0403314
0.0379054
0.0355049
0.0331439
0.0308349
0.0285892
0.0264168
0.0243261
0.0223241
0.0204163
0.018607
0.016899
0.0152938
0.0137918
0.0123924
0.011094
0.00989381
0.00878865
0.00777445
0.00684663
0.00600011
0.00522944
0.00452884
0.00389229
0.00331362
0.0027865
0.00230455
0.00186133
0.00145038
0.00106523
0.000699413
0.000346486
0
0
0.000378863
0.000764768
0.00116476
0.0015859
0.00203526
0.0025199
0.00304688
0.00362325
0.004256
0.00495203
0.0057181
0.00656078
0.0074864
0.00850092
0.00960989
0.0108183
0.0121306
0.0135504
0.0150806
0.0167229
0.0184781
0.0203457
0.0223241
0.0244102
0.0265992
0.0288853
0.0312607
0.0337162
0.0362409
0.0388226
0.0414474
0.0441001
0.0467641
0.049422
0.0520551
0.0546441
0.0571693
0.0596104
0.0619475
0.0641607
0.0662305
0.0681386
0.0698673
0.0714008
0.0727243
0.0738253
0.074693
0.075319
0.0756971
0.0758236
0.0756971
0.075319
0.074693
0.0738253
0.0727243
0.0714008
0.0698673
0.0681386
0.0662305
0.0641607
0.0619475
0.0596104
0.0571693
0.0546441
0.0520551
0.049422
0.0467641
0.0441001
0.0414474
0.0388226
0.0362409
0.0337162
0.0312607
0.0288853
0.0265992
0.0244102
0.0223241
0.0203457
0.0184781
0.0167229
0.0150806
0.0135504
0.0121306
0.0108183
0.00960989
0.00850092
0.0074864
0.00656078
0.0057181
0.00495203
0.004256
0.00362325
0.00304688
0.0025199
0.00203526
0.0015859
0.00116476
0.000764768
0.000378863
0
0
0.000412839
0.000833353
0.00126922
0.00172813
0.00221778
0.00274588
0.00332012
0.00394818
0.00463768
0.00539612
0.00623089
0.00714915
0.00815778
0.00926328
0.0104717
0.0117885
0.0132185
0.0147656
0.016433
0.0182226
0.0201352
0.0221703
0.0243261
0.0265992
0.0289847
0.0314757
0.0340642
0.0367398
0.039491
0.0423042
0.0451644
0.0480549
0.0509579
0.0538541
0.0567234
0.0595446
0.0622962
0.0649563
0.067503
0.0699146
0.0721701
0.0742492
0.076133
0.077804
0.0792462
0.0804459
0.0813915
0.0820736
0.0824856
0.0826234
0.0824856
0.0820736
0.0813915
0.0804459
0.0792462
0.077804
0.076133
0.0742492
0.0721701
0.0699146
0.067503
0.0649563
0.0622962
0.0595446
0.0567234
0.0538541
0.0509579
0.0480549
0.0451644
0.0423042
0.039491
0.0367398
0.0340642
0.0314757
0.0289847
0.0265992
0.0243261
0.0221703
0.0201352
0.0182226
0.016433
0.0147656
0.0132185
0.0117885
0.0104717
0.00926328
0.00815778
0.00714915
0.00623089
0.00539612
0.00463768
0.00394818
0.00332012
0.00274588
0.00221778
0.00172813
0.00126922
0.000833353
0.000412839
0
0
0.000448321
0.000904975
0.0013783
0.00187665
0.00240839
0.00298187
0.00360547
0.00428751
0.00503626
0.00585989
0.00676641
0.00776359
0.0088589
0.0100594
0.0113717
0.0128017
0.0143546
0.0160347
0.0178453
0.0197887
0.0218657
0.0240757
0.0264168
0.0288853
0.0314757
0.0341809
0.0369918
0.0398974
0.042885
0.04594
0.049046
0.052185
0.0553375
0.0584826
0.0615984
0.0646621
0.0676502
0.070539
0.0733045
0.0759234
0.0783727
0.0806305
0.0826763
0.0844908
0.086057
0.0873598
0.0883866
0.0891274
0.0895748
0.0897244
0.0895748
0.0891274
0.0883866
0.0873598
0.086057
0.0844908
0.0826763
0.0806305
0.0783727
0.0759234
0.0733045
0.070539
0.0676502
0.0646621
0.0615984
0.0584826
0.0553375
0.052185
0.049046
0.04594
0.042885
0.0398974
0.0369918
0.0341809
0.0314757
0.0288853
0.0264168
0.0240757
0.0218657
0.0197887
0.0178453
0.0160347
0.0143546
0.0128017
0.0113717
0.0100594
0.0088589
0.00776359
0.00676641
0.00585989
0.00503626
0.00428751
0.00360547
0.00298187
0.00240839
0.00187665
0.0013783
0.000904975
0.000448321
0
0
0.000485188
0.000979396
0.00149165
0.00203098
0.00260644
0.00322709
0.00390197
0.00464009
0.00545042
0.00634178
0.00732284
0.00840203
0.00958741
0.0108866
0.0123068
0.0138544
0.015535
0.0173533
0.0193128
0.021416
0.0236638
0.0260556
0.0285892
0.0312607
0.0340642
0.0369918
0.0400338
0.0431784
0.0464117
0.0497179
0.0530793
0.0564764
0.0598882
0.0632919
0.066664
0.0699796
0.0732135
0.0763397
0.0793327
0.0821669
0.0848177
0.0872612
0.0894751
0.0914389
0.0931339
0.0945439
0.0956551
0.0964568
0.096941
0.0971029
0.096941
0.0964568
0.0956551
0.0945439
0.0931339
0.0914389
0.0894751
0.0872612
0.0848177
0.0821669
0.0793327
0.0763397
0.0732135
0.0699796
0.066664
0.0632919
0.0598882
0.0564764
0.0530793
0.0497179
0.0464117
0.0431784
0.0400338
0.0369918
0.0340642
0.0312607
0.0285892
0.0260556
0.0236638
0.021416
0.0193128
0.0173533
0.015535
0.0138544
0.0123068
0.0108866
0.00958741
0.00840203
0.00732284
0.00634178
0.00545042
0.00464009
0.00390197
0.00322709
0.00260644
0.00203098
0.00149165
0.000979396
0.000485188
0
0
0.000523299
0.00105633
0.00160881
0.00219051
0.00281117
0.00348057
0.00420846
0.00500456
0.00587854
0.00683992
0.00789804
0.00906199
0.0103405
0.0117418
0.0132735
0.0149427
0.0167552
0.0187164
0.0208298
0.0230982
0.0255225
0.0281022
0.0308349
0.0337162
0.0367398
0.0398974
0.0431784
0.04657
0.0500573
0.0536232
0.0572486
0.0609126
0.0645923
0.0682634
0.0719003
0.0754764
0.0789642
0.0823361
0.0855641
0.088621
0.09148
0.0941154
0.0965033
0.0986213
0.100449
0.10197
0.103169
0.104033
0.104556
0.10473
0.104556
0.104033
0.103169
0.10197
0.100449
0.0986213
0.0965033
0.0941154
0.09148
0.088621
0.0855641
0.0823361
0.0789642
0.0754764
0.0719003
0.0682634
0.0645923
0.0609126
0.0572486
0.0536232
0.0500573
0.04657
0.0431784
0.0398974
0.0367398
0.0337162
0.0308349
0.0281022
0.0255225
0.0230982
0.0208298
0.0187164
0.0167552
0.0149427
0.0132735
0.0117418
0.0103405
0.00906199
0.00789804
0.00683992
0.00587854
0.00500456
0.00420846
0.00348057
0.00281117
0.00219051
0.00160881
0.00105633
0.000523299
0
0
0.000562485
0.00113543
0.00172928
0.00235454
0.00302168
0.0037412
0.0045236
0.00537932
0.00631874
0.00735211
0.00848946
0.00974057
0.0111148
0.012621
0.0142675
0.0160616
0.0180099
0.0201179
0.0223896
0.0248279
0.0274337
0.0302066
0.0331439
0.0362409
0.039491
0.042885
0.0464117
0.0500573
0.0538057
0.0576386
0.0615355
0.0654738
0.0694291
0.0733751
0.0772844
0.0811283
0.0848773
0.0885016
0.0919714
0.0952572
0.0983302
0.101163
0.10373
0.106006
0.107971
0.109606
0.110894
0.111824
0.112385
0.112573
0.112385
0.111824
0.110894
0.109606
0.107971
0.106006
0.10373
0.101163
0.0983302
0.0952572
0.0919714
0.0885016
0.0848773
0.0811283
0.0772844
0.0733751
0.0694291
0.0654738
0.0615355
0.0576386
0.0538057
0.0500573
0.0464117
0.042885
0.039491
0.0362409
0.0331439
0.0302066
0.0274337
0.0248279
0.0223896
0.0201179
0.0180099
0.0160616
0.0142675
0.012621
0.0111148
0.00974057
0.00848946
0.00735211
0.00631874
0.00537932
0.0045236
0.0037412
0.00302168
0.00235454
0.00172928
0.00113543
0.000562485
0
0
0.000602555
0.00121631
0.00185247
0.00252227
0.00323693
0.00400771
0.00484584
0.00576252
0.00676886
0.00787584
0.00909422
0.0104345
0.0119066
0.0135201
0.0152838
0.0172058
0.0192929
0.021551
0.0239846
0.0265965
0.029388
0.0323584
0.0355049
0.0388226
0.0423042
0.04594
0.0497179
0.0536232
0.0576386
0.0617446
0.0659191
0.070138
0.074375
0.0786021
0.0827899
0.0869076
0.0909236
0.0948062
0.0985231
0.102043
0.105335
0.10837
0.111119
0.113558
0.115663
0.117414
0.118794
0.11979
0.120391
0.120592
0.120391
0.11979
0.118794
0.117414
0.115663
0.113558
0.111119
0.10837
0.105335
0.102043
0.0985231
0.0948062
0.0909236
0.0869076
0.0827899
0.0786021
0.074375
0.070138
0.0659191
0.0617446
0.0576386
0.0536232
0.0497179
0.04594
0.0423042
0.0388226
0.0355049
0.0323584
0.029388
0.0265965
0.0239846
0.021551
0.0192929
0.0172058
0.0152838
0.0135201
0.0119066
0.0104345
0.00909422
0.00787584
0.00676886
0.00576252
0.00484584
0.00400771
0.00323693
0.00252227
0.00185247
0.00121631
0.000602555
0
0
0.000643293
0.00129854
0.00197772
0.0026928
0.00345578
0.00427867
0.00517347
0.00615212
0.0072265
0.00840833
0.00970908
0.0111399
0.0127116
0.0144342
0.0163172
0.018369
0.0205973
0.0230081
0.0256062
0.0283947
0.0313749
0.0345461
0.0379054
0.0414474
0.0451644
0.049046
0.0530793
0.0572486
0.0615355
0.0659191
0.0703759
0.07488
0.0794035
0.0839164
0.0883873
0.0927833
0.097071
0.101216
0.105184
0.108942
0.112457
0.115696
0.118632
0.121235
0.123483
0.125352
0.126826
0.127888
0.12853
0.128745
0.12853
0.127888
0.126826
0.125352
0.123483
0.121235
0.118632
0.115696
0.112457
0.108942
0.105184
0.101216
0.097071
0.0927833
0.0883873
0.0839164
0.0794035
0.07488
0.0703759
0.0659191
0.0615355
0.0572486
0.0530793
0.049046
0.0451644
0.0414474
0.0379054
0.0345461
0.0313749
0.0283947
0.0256062
0.0230081
0.0205973
0.018369
0.0163172
0.0144342
0.0127116
0.0111399
0.00970908
0.00840833
0.0072265
0.00615212
0.00517347
0.00427867
0.00345578
0.0026928
0.00197772
0.00129854
0.000643293
0
0
0.000684464
0.00138165
0.00210429
0.00286514
0.00367695
0.00455251
0.00550458
0.00654587
0.00768901
0.00894647
0.0103305
0.0118529
0.0135251
0.015358
0.0173615
0.0195447
0.0219155
0.0244806
0.027245
0.030212
0.033383
0.0367571
0.0403314
0.0441001
0.0480549
0.052185
0.0564764
0.0609126
0.0654738
0.070138
0.07488
0.0796724
0.0844853
0.0892871
0.0940441
0.0987216
0.103284
0.107694
0.111916
0.115914
0.119654
0.123101
0.126224
0.128995
0.131386
0.133375
0.134942
0.136073
0.136756
0.136985
0.136756
0.136073
0.134942
0.133375
0.131386
0.128995
0.126224
0.123101
0.119654
0.115914
0.111916
0.107694
0.103284
0.0987216
0.0940441
0.0892871
0.0844853
0.0796724
0.07488
0.070138
0.0654738
0.0609126
0.0564764
0.052185
0.0480549
0.0441001
0.0403314
0.0367571
0.033383
0.030212
0.027245
0.0244806
0.0219155
0.0195447
0.0173615
0.015358
0.0135251
0.0118529
0.0103305
0.00894647
0.00768901
0.00654587
0.00550458
0.00455251
0.00367695
0.00286514
0.00210429
0.00138165
0.000684464
0
0
0.000725813
0.00146512
0.00223141
0.00303822
0.00389908
0.00482753
0.00583711
0.0069413
0.0081535
0.00948692
0.0109545
0.0125689
0.0143422
0.0162858
0.0184103
0.0207254
0.0232394
0.0259595
0.0288908
0.0320371
0.0353996
0.0389776
0.0427678
0.0467641
0.0509579
0.0553375
0.0598882
0.0645923
0.0694291
0.074375
0.0794035
0.0844853
0.0895891
0.0946809
0.0997253
0.104685
0.109523
0.1142
0.118677
0.122917
0.126882
0.130537
0.133849
0.136787
0.139323
0.141432
0.143094
0.144294
0.145018
0.14526
0.145018
0.144294
0.143094
0.141432
0.139323
0.136787
0.133849
0.130537
0.126882
0.122917
0.118677
0.1142
0.109523
0.104685
0.0997253
0.0946809
0.0895891
0.0844853
0.0794035
0.074375
0.0694291
0.0645923
0.0598882
0.0553375
0.0509579
0.0467641
0.0427678
0.0389776
0.0353996
0.0320371
0.0288908
0.0259595
0.0232394
0.0207254
0.0184103
0.0162858
0.0143422
0.0125689
0.0109545
0.00948692
0.0081535
0.0069413
0.00583711
0.00482753
0.00389908
0.00303822
0.00223141
0.00146512
0.000725813
0
0
0.000767064
0.00154839
0.00235824
0.0032109
0.00412068
0.0051019
0.00616886
0.00733581
0.00861691
0.0100261
0.0115771
0.0132833
0.0151573
0.0172114
0.0194566
0.0219033
0.0245602
0.0274349
0.0305329
0.0338579
0.0374116
0.0411929
0.0451985
0.049422
0.0538541
0.0584826
0.0632919
0.0682634
0.0733751
0.0786021
0.0839164
0.0892871
0.0946809
0.100062
0.105393
0.110635
0.115748
0.12069
0.125422
0.129903
0.134094
0.137957
0.141457
0.144561
0.147241
0.14947
0.151227
0.152495
0.15326
0.153516
0.15326
0.152495
0.151227
0.14947
0.147241
0.144561
0.141457
0.137957
0.134094
0.129903
0.125422
0.12069
0.115748
0.110635
0.105393
0.100062
0.0946809
0.0892871
0.0839164
0.0786021
0.0733751
0.0682634
0.0632919
0.0584826
0.0538541
0.049422
0.0451985
0.0411929
0.0374116
0.0338579
0.0305329
0.0274349
0.0245602
0.0219033
0.0194566
0.0172114
0.0151573
0.0132833
0.0115771
0.0100261
0.00861691
0.00733581
0.00616886
0.0051019
0.00412068
0.0032109
0.00235824
0.00154839
0.000767064
0
0
0.000807932
0.00163088
0.00248388
0.00338197
0.00434022
0.00537372
0.00649752
0.00772665
0.009076
0.0105603
0.0121939
0.013991
0.0159649
0.0181284
0.0204933
0.0230703
0.0258688
0.0288966
0.0321596
0.0356618
0.0394048
0.0433876
0.0476066
0.0520551
0.0567234
0.0615984
0.066664
0.0719003
0.0772844
0.0827899
0.0883873
0.0940441
0.0997253
0.105393
0.111008
0.11653
0.121914
0.12712
0.132104
0.136824
0.141238
0.145307
0.148993
0.152263
0.155086
0.157434
0.159284
0.160619
0.161425
0.161695
0.161425
0.160619
0.159284
0.157434
0.155086
0.152263
0.148993
0.145307
0.141238
0.136824
0.132104
0.12712
0.121914
0.11653
0.111008
0.105393
0.0997253
0.0940441
0.0883873
0.0827899
0.0772844
0.0719003
0.066664
0.0615984
0.0567234
0.0520551
0.0476066
0.0433876
0.0394048
0.0356618
0.0321596
0.0288966
0.0258688
0.0230703
0.0204933
0.0181284
0.0159649
0.013991
0.0121939
0.0105603
0.009076
0.00772665
0.00649752
0.00537372
0.00434022
0.00338197
0.00248388
0.00163088
0.000807932
0
0
0.000848116
0.001712
0.00260742
0.00355018
0.00455609
0.00564099
0.00682069
0.00811094
0.0095274
0.0110855
0.0128004
0.0146868
0.0167589
0.01903
0.0215125
0.0242177
0.0271554
0.0303338
0.0337591
0.0374355
0.0413646
0.0455455
0.0499744
0.0546441
0.0595446
0.0646621
0.0699796
0.0754764
0.0811283
0.0869076
0.0927833
0.0987216
0.104685
0.110635
0.11653
0.122325
0.127978
0.133443
0.138675
0.143629
0.148262
0.152534
0.156404
0.159836
0.162799
0.165264
0.167206
0.168608
0.169454
0.169737
0.169454
0.168608
0.167206
0.165264
0.162799
0.159836
0.156404
0.152534
0.148262
0.143629
0.138675
0.133443
0.127978
0.122325
0.11653
0.110635
0.104685
0.0987216
0.0927833
0.0869076
0.0811283
0.0754764
0.0699796
0.0646621
0.0595446
0.0546441
0.0499744
0.0455455
0.0413646
0.0374355
0.0337591
0.0303338
0.0271554
0.0242177
0.0215125
0.01903
0.0167589
0.0146868
0.0128004
0.0110855
0.0095274
0.00811094
0.00682069
0.00564099
0.00455609
0.00355018
0.00260742
0.001712
0.000848116
0
0
0.000887308
0.00179111
0.00272791
0.00371423
0.00476663
0.00590167
0.00713588
0.00848576
0.00996767
0.0115978
0.0133919
0.0153655
0.0175334
0.0199094
0.0225066
0.0253368
0.0284103
0.0317355
0.0353191
0.0391654
0.0432761
0.0476502
0.0522837
0.0571693
0.0622962
0.0676502
0.0732135
0.0789642
0.0848773
0.0909236
0.097071
0.103284
0.109523
0.115748
0.121914
0.127978
0.133892
0.139609
0.145083
0.150266
0.155114
0.159582
0.163631
0.167223
0.170322
0.172901
0.174933
0.176399
0.177285
0.177581
0.177285
0.176399
0.174933
0.172901
0.170322
0.167223
0.163631
0.159582
0.155114
0.150266
0.145083
0.139609
0.133892
0.127978
0.121914
0.115748
0.109523
0.103284
0.097071
0.0909236
0.0848773
0.0789642
0.0732135
0.0676502
0.0622962
0.0571693
0.0522837
0.0476502
0.0432761
0.0391654
0.0353191
0.0317355
0.0284103
0.0253368
0.0225066
0.0199094
0.0175334
0.0153655
0.0133919
0.0115978
0.00996767
0.00848576
0.00713588
0.00590167
0.00476663
0.00371423
0.00272791
0.00179111
0.000887308
0
0
0.000925197
0.00186759
0.00284439
0.00387284
0.00497017
0.00615367
0.00744059
0.00884811
0.0103933
0.012093
0.0139638
0.0160217
0.0182821
0.0207595
0.0234677
0.0264187
0.0296234
0.0330906
0.0368273
0.0408378
0.0451241
0.0496849
0.0545163
0.0596104
0.0649563
0.070539
0.0763397
0.0823361
0.0885016
0.0948062
0.101216
0.107694
0.1142
0.12069
0.12712
0.133443
0.139609
0.145571
0.151278
0.156683
0.161737
0.166397
0.170618
0.174363
0.177595
0.180284
0.182403
0.183932
0.184855
0.185164
0.184855
0.183932
0.182403
0.180284
0.177595
0.174363
0.170618
0.166397
0.161737
0.156683
0.151278
0.145571
0.139609
0.133443
0.12712
0.12069
0.1142
0.107694
0.101216
0.0948062
0.0885016
0.0823361
0.0763397
0.070539
0.0649563
0.0596104
0.0545163
0.0496849
0.0451241
0.0408378
0.0368273
0.0330906
0.0296234
0.0264187
0.0234677
0.0207595
0.0182821
0.0160217
0.0139638
0.012093
0.0103933
0.00884811
0.00744059
0.00615367
0.00497017
0.00387284
0.00284439
0.00186759
0.000925197
0
0
0.00096147
0.00194081
0.00295591
0.00402467
0.00516503
0.00639493
0.0077323
0.00919501
0.0108008
0.0125671
0.0145113
0.0166498
0.0189988
0.0215734
0.0243878
0.0274545
0.0307848
0.034388
0.0382711
0.0424389
0.0468932
0.0516329
0.0566536
0.0619475
0.067503
0.0733045
0.0793327
0.0855641
0.0919714
0.0985231
0.105184
0.111916
0.118677
0.125422
0.132104
0.138675
0.145083
0.151278
0.157209
0.162826
0.168078
0.17292
0.177308
0.181199
0.184558
0.187352
0.189554
0.191143
0.192102
0.192423
0.192102
0.191143
0.189554
0.187352
0.184558
0.181199
0.177308
0.17292
0.168078
0.162826
0.157209
0.151278
0.145083
0.138675
0.132104
0.125422
0.118677
0.111916
0.105184
0.0985231
0.0919714
0.0855641
0.0793327
0.0733045
0.067503
0.0619475
0.0566536
0.0516329
0.0468932
0.0424389
0.0382711
0.034388
0.0307848
0.0274545
0.0243878
0.0215734
0.0189988
0.0166498
0.0145113
0.0125671
0.0108008
0.00919501
0.0077323
0.00639493
0.00516503
0.00402467
0.00295591
0.00194081
0.00096147
0
0
0.000995819
0.00201015
0.00306151
0.00416846
0.00534956
0.0066234
0.00800855
0.00952351
0.0111867
0.0130161
0.0150297
0.0172446
0.0196776
0.0223442
0.025259
0.0284353
0.0318846
0.0356165
0.0396384
0.0439551
0.0485685
0.0534775
0.0586776
0.0641607
0.0699146
0.0759234
0.0821669
0.088621
0.0952572
0.102043
0.108942
0.115914
0.122917
0.129903
0.136824
0.143629
0.150266
0.156683
0.162826
0.168643
0.174083
0.179098
0.183642
0.187673
0.191152
0.194045
0.196326
0.197972
0.198965
0.199298
0.198965
0.197972
0.196326
0.194045
0.191152
0.187673
0.183642
0.179098
0.174083
0.168643
0.162826
0.156683
0.150266
0.143629
0.136824
0.129903
0.122917
0.115914
0.108942
0.102043
0.0952572
0.088621
0.0821669
0.0759234
0.0699146
0.0641607
0.0586776
0.0534775
0.0485685
0.0439551
0.0396384
0.0356165
0.0318846
0.0284353
0.025259
0.0223442
0.0196776
0.0172446
0.0150297
0.0130161
0.0111867
0.00952351
0.00800855
0.0066234
0.00534956
0.00416846
0.00306151
0.00201015
0.000995819
0
0
0.00102795
0.002075
0.00316028
0.00430294
0.00552214
0.00683707
0.0082669
0.00983074
0.0115475
0.013436
0.0155146
0.017801
0.0203124
0.023065
0.0260739
0.0293527
0.0329133
0.0367655
0.0409172
0.0453731
0.0501353
0.0552027
0.0605706
0.0662305
0.0721701
0.0783727
0.0848177
0.09148
0.0983302
0.105335
0.112457
0.119654
0.126882
0.134094
0.141238
0.148262
0.155114
0.161737
0.168078
0.174083
0.179699
0.184876
0.189567
0.193727
0.197318
0.200305
0.20266
0.204358
0.205384
0.205727
0.205384
0.204358
0.20266
0.200305
0.197318
0.193727
0.189567
0.184876
0.179699
0.174083
0.168078
0.161737
0.155114
0.148262
0.141238
0.134094
0.126882
0.119654
0.112457
0.105335
0.0983302
0.09148
0.0848177
0.0783727
0.0721701
0.0662305
0.0605706
0.0552027
0.0501353
0.0453731
0.0409172
0.0367655
0.0329133
0.0293527
0.0260739
0.023065
0.0203124
0.017801
0.0155146
0.013436
0.0115475
0.00983074
0.0082669
0.00683707
0.00552214
0.00430294
0.00316028
0.002075
0.00102795
0
0
0.00105756
0.00213478
0.00325132
0.0044269
0.00568123
0.00703404
0.00850507
0.010114
0.0118802
0.0138231
0.0159615
0.0183138
0.0208976
0.0237295
0.0268251
0.0301983
0.0338614
0.0378247
0.0420959
0.0466802
0.0515797
0.0567931
0.0623156
0.0681386
0.0742492
0.0806305
0.0872612
0.0941154
0.101163
0.10837
0.115696
0.123101
0.130537
0.137957
0.145307
0.152534
0.159582
0.166397
0.17292
0.179098
0.184876
0.190202
0.195028
0.199308
0.203003
0.206076
0.208498
0.210246
0.211301
0.211654
0.211301
0.210246
0.208498
0.206076
0.203003
0.199308
0.195028
0.190202
0.184876
0.179098
0.17292
0.166397
0.159582
0.152534
0.145307
0.137957
0.130537
0.123101
0.115696
0.10837
0.101163
0.0941154
0.0872612
0.0806305
0.0742492
0.0681386
0.0623156
0.0567931
0.0515797
0.0466802
0.0420959
0.0378247
0.0338614
0.0301983
0.0268251
0.0237295
0.0208976
0.0183138
0.0159615
0.0138231
0.0118802
0.010114
0.00850507
0.00703404
0.00568123
0.0044269
0.00325132
0.00213478
0.00105756
0
0
0.00108439
0.00218894
0.00333381
0.00453922
0.00582537
0.00721251
0.00872085
0.0103706
0.0121816
0.0141738
0.0163665
0.0187784
0.0214278
0.0243315
0.0275057
0.0309645
0.0347206
0.0387844
0.043164
0.0478646
0.0528883
0.058234
0.0638966
0.0698673
0.076133
0.0826763
0.0894751
0.0965033
0.10373
0.111119
0.118632
0.126224
0.133849
0.141457
0.148993
0.156404
0.163631
0.170618
0.177308
0.183642
0.189567
0.195028
0.199976
0.204365
0.208153
0.211305
0.213788
0.21558
0.216662
0.217024
0.216662
0.21558
0.213788
0.211305
0.208153
0.204365
0.199976
0.195028
0.189567
0.183642
0.177308
0.170618
0.163631
0.156404
0.148993
0.141457
0.133849
0.126224
0.118632
0.111119
0.10373
0.0965033
0.0894751
0.0826763
0.076133
0.0698673
0.0638966
0.058234
0.0528883
0.0478646
0.043164
0.0387844
0.0347206
0.0309645
0.0275057
0.0243315
0.0214278
0.0187784
0.0163665
0.0141738
0.0121816
0.0103706
0.00872085
0.00721251
0.00582537
0.00453922
0.00333381
0.00218894
0.00108439
0
0
0.00110819
0.00223698
0.00340698
0.00463884
0.00595322
0.0073708
0.00891225
0.0105982
0.012449
0.0144849
0.0167257
0.0191906
0.021898
0.0248656
0.0281093
0.0316441
0.0354826
0.0396356
0.0441113
0.0489151
0.0540491
0.0595121
0.065299
0.0714008
0.077804
0.0844908
0.0914389
0.0986213
0.106006
0.113558
0.121235
0.128995
0.136787
0.144561
0.152263
0.159836
0.167223
0.174363
0.181199
0.187673
0.193727
0.199308
0.204365
0.20885
0.212722
0.215942
0.21848
0.220311
0.221417
0.221787
0.221417
0.220311
0.21848
0.215942
0.212722
0.20885
0.204365
0.199308
0.193727
0.187673
0.181199
0.174363
0.167223
0.159836
0.152263
0.144561
0.136787
0.128995
0.121235
0.113558
0.106006
0.0986213
0.0914389
0.0844908
0.077804
0.0714008
0.065299
0.0595121
0.0540491
0.0489151
0.0441113
0.0396356
0.0354826
0.0316441
0.0281093
0.0248656
0.021898
0.0191906
0.0167257
0.0144849
0.012449
0.0105982
0.00891225
0.0073708
0.00595322
0.00463884
0.00340698
0.00223698
0.00110819
0
0
0.00112873
0.00227845
0.00347014
0.00472483
0.00606357
0.00750743
0.00907746
0.0107946
0.0126798
0.0147534
0.0170357
0.0195463
0.022304
0.0253265
0.0286304
0.0322306
0.0361403
0.0403703
0.044929
0.0498218
0.055051
0.0606153
0.0665095
0.0727243
0.0792462
0.086057
0.0931339
0.100449
0.107971
0.115663
0.123483
0.131386
0.139323
0.147241
0.155086
0.162799
0.170322
0.177595
0.184558
0.191152
0.197318
0.203003
0.208153
0.212722
0.216665
0.219945
0.22253
0.224395
0.225522
0.225898
0.225522
0.224395
0.22253
0.219945
0.216665
0.212722
0.208153
0.203003
0.197318
0.191152
0.184558
0.177595
0.170322
0.162799
0.155086
0.147241
0.139323
0.131386
0.123483
0.115663
0.107971
0.100449
0.0931339
0.086057
0.0792462
0.0727243
0.0665095
0.0606153
0.055051
0.0498218
0.044929
0.0403703
0.0361403
0.0322306
0.0286304
0.0253265
0.022304
0.0195463
0.0170357
0.0147534
0.0126798
0.0107946
0.00907746
0.00750743
0.00606357
0.00472483
0.00347014
0.00227845
0.00112873
0
0
0.00114582
0.00231294
0.00352267
0.00479636
0.00615537
0.00762109
0.00921488
0.010958
0.0128717
0.0149768
0.0172936
0.0198422
0.0226416
0.0257099
0.0290638
0.0327186
0.0366875
0.0409815
0.0456092
0.0505761
0.0558844
0.0615329
0.0675163
0.0738253
0.0804459
0.0873598
0.0945439
0.10197
0.109606
0.117414
0.125352
0.133375
0.141432
0.14947
0.157434
0.165264
0.172901
0.180284
0.187352
0.194045
0.200305
0.206076
0.211305
0.215942
0.219945
0.223275
0.225899
0.227792
0.228936
0.229318
0.228936
0.227792
0.225899
0.223275
0.219945
0.215942
0.211305
0.206076
0.200305
0.194045
0.187352
0.180284
0.172901
0.165264
0.157434
0.14947
0.141432
0.133375
0.125352
0.117414
0.109606
0.10197
0.0945439
0.0873598
0.0804459
0.0738253
0.0675163
0.0615329
0.0558844
0.0505761
0.0456092
0.0409815
0.0366875
0.0327186
0.0290638
0.0257099
0.0226416
0.0198422
0.0172936
0.0149768
0.0128717
0.010958
0.00921488
0.00762109
0.00615537
0.00479636
0.00352267
0.00231294
0.00114582
0
0
0.00115929
0.00234013
0.00356408
0.00485274
0.00622772
0.00771067
0.0093232
0.0110868
0.013023
0.0151528
0.0174969
0.0200754
0.0229078
0.0260121
0.0294054
0.0331032
0.0371187
0.0414632
0.0461453
0.0511705
0.0565413
0.0622562
0.0683099
0.074693
0.0813915
0.0883866
0.0956551
0.103169
0.110894
0.118794
0.126826
0.134942
0.143094
0.151227
0.159284
0.167206
0.174933
0.182403
0.189554
0.196326
0.20266
0.208498
0.213788
0.21848
0.22253
0.225899
0.228554
0.23047
0.231627
0.232014
0.231627
0.23047
0.228554
0.225899
0.22253
0.21848
0.213788
0.208498
0.20266
0.196326
0.189554
0.182403
0.174933
0.167206
0.159284
0.151227
0.143094
0.134942
0.126826
0.118794
0.110894
0.103169
0.0956551
0.0883866
0.0813915
0.074693
0.0683099
0.0622562
0.0565413
0.0511705
0.0461453
0.0414632
0.0371187
0.0331032
0.0294054
0.0260121
0.0229078
0.0200754
0.0174969
0.0151528
0.013023
0.0110868
0.0093232
0.00771067
0.00622772
0.00485274
0.00356408
0.00234013
0.00115929
0
0
0.001169
0.00235974
0.00359395
0.00489341
0.00627991
0.00777529
0.00940133
0.0111798
0.0131321
0.0152798
0.0176435
0.0202437
0.0230997
0.0262301
0.0296519
0.0333806
0.0374298
0.0418107
0.046532
0.0515994
0.0570152
0.0627779
0.0688824
0.075319
0.0820736
0.0891274
0.0964568
0.104033
0.111824
0.11979
0.127888
0.136073
0.144294
0.152495
0.160619
0.168608
0.176399
0.183932
0.191143
0.197972
0.204358
0.210246
0.21558
0.220311
0.224395
0.227792
0.23047
0.232401
0.233568
0.233958
0.233568
0.232401
0.23047
0.227792
0.224395
0.220311
0.21558
0.210246
0.204358
0.197972
0.191143
0.183932
0.176399
0.168608
0.160619
0.152495
0.144294
0.136073
0.127888
0.11979
0.111824
0.104033
0.0964568
0.0891274
0.0820736
0.075319
0.0688824
0.0627779
0.0570152
0.0515994
0.046532
0.0418107
0.0374298
0.0333806
0.0296519
0.0262301
0.0230997
0.0202437
0.0176435
0.0152798
0.0131321
0.0111798
0.00940133
0.00777529
0.00627991
0.00489341
0.00359395
0.00235974
0.001169
0
0
0.00117487
0.00237158
0.00361199
0.00491797
0.00631144
0.00781432
0.00944853
0.0112359
0.0131981
0.0153565
0.0177321
0.0203453
0.0232157
0.0263618
0.0298007
0.0335482
0.0376177
0.0420206
0.0467656
0.0518584
0.0573014
0.0630931
0.0692282
0.0756971
0.0824856
0.0895748
0.096941
0.104556
0.112385
0.120391
0.12853
0.136756
0.145018
0.15326
0.161425
0.169454
0.177285
0.184855
0.192102
0.198965
0.205384
0.211301
0.216662
0.221417
0.225522
0.228936
0.231627
0.233568
0.234741
0.235133
0.234741
0.233568
0.231627
0.228936
0.225522
0.221417
0.216662
0.211301
0.205384
0.198965
0.192102
0.184855
0.177285
0.169454
0.161425
0.15326
0.145018
0.136756
0.12853
0.120391
0.112385
0.104556
0.096941
0.0895748
0.0824856
0.0756971
0.0692282
0.0630931
0.0573014
0.0518584
0.0467656
0.0420206
0.0376177
0.0335482
0.0298007
0.0263618
0.0232157
0.0203453
0.0177321
0.0153565
0.0131981
0.0112359
0.00944853
0.00781432
0.00631144
0.00491797
0.00361199
0.00237158
0.00117487
0
0
0.00117684
0.00237555
0.00361802
0.00492619
0.00632198
0.00782737
0.00946431
0.0112547
0.0132201
0.0153821
0.0177617
0.0203793
0.0232545
0.0264058
0.0298505
0.0336042
0.0376805
0.0420908
0.0468437
0.0519451
0.0573971
0.0631985
0.0693438
0.0758236
0.0826234
0.0897244
0.0971029
0.10473
0.112573
0.120592
0.128745
0.136985
0.14526
0.153516
0.161695
0.169737
0.177581
0.185164
0.192423
0.199298
0.205727
0.211654
0.217024
0.221787
0.225898
0.229318
0.232014
0.233958
0.235133
0.235525
0.235133
0.233958
0.232014
0.229318
0.225898
0.221787
0.217024
0.211654
0.205727
0.199298
0.192423
0.185164
0.177581
0.169737
0.161695
0.153516
0.14526
0.136985
0.128745
0.120592
0.112573
0.10473
0.0971029
0.0897244
0.0826234
0.0758236
0.0693438
0.0631985
0.0573971
0.0519451
0.0468437
0.0420908
0.0376805
0.0336042
0.0298505
0.0264058
0.0232545
0.0203793
0.0177617
0.0153821
0.0132201
0.0112547
0.00946431
0.00782737
0.00632198
0.00492619
0.00361802
0.00237555
0.00117684
0
0
0.00117487
0.00237158
0.00361199
0.00491797
0.00631144
0.00781432
0.00944853
0.0112359
0.0131981
0.0153565
0.0177321
0.0203453
0.0232157
0.0263618
0.0298007
0.0335482
0.0376177
0.0420206
0.0467656
0.0518584
0.0573014
0.0630931
0.0692282
0.0756971
0.0824856
0.0895748
0.096941
0.104556
0.112385
0.120391
0.12853
0.136756
0.145018
0.15326
0.161425
0.169454
0.177285
0.184855
0.192102
0.198965
0.205384
0.211301
0.216662
0.221417
0.225522
0.228936
0.231627
0.233568
0.234741
0.235133
0.234741
0.233568
0.231627
0.228936
0.225522
0.221417
0.216662
0.211301
0.205384
0.198965
0.192102
0.184855
0.177285
0.169454
0.161425
0.15326
0.145018
0.136756
0.12853
0.120391
0.112385
0.104556
0.096941
0.0895748
0.0824856
0.0756971
0.0692282
0.0630931
0.0573014
0.0518584
0.0467656
0.0420206
0.0376177
0.0335482
0.0298007
0.0263618
0.0232157
0.0203453
0.0177321
0.0153565
0.0131981
0.0112359
0.00944853
0.00781432
0.00631144
0.00491797
0.00361199
0.00237158
0.00117487
0
0
0.001169
0.00235974
0.00359395
0.00489341
0.00627991
0.00777529
0.00940133
0.0111798
0.0131321
0.0152798
0.0176435
0.0202437
0.0230997
0.0262301
0.0296519
0.0333806
0.0374298
0.0418107
0.046532
0.0515994
0.0570152
0.0627779
0.0688824
0.075319
0.0820736
0.0891274
0.0964568
0.104033
0.111824
0.11979
0.127888
0.136073
0.144294
0.152495
0.160619
0.168608
0.176399
0.183932
0.191143
0.197972
0.204358
0.210246
0.21558
0.220311
0.224395
0.227792
0.23047
0.232401
0.233568
0.233958
0.233568
0.232401
0.23047
0.227792
0.224395
0.220311
0.21558
0.210246
0.204358
0.197972
0.191143
0.183932
0.176399
0.168608
0.160619
0.152495
0.144294
0.136073
0.127888
0.11979
0.111824
0.104033
0.0964568
0.0891274
0.0820736
0.075319
0.0688824
0.0627779
0.0570152
0.0515994
0.046532
0.0418107
0.0374298
0.0333806
0.0296519
0.0262301
0.0230997
0.0202437
0.0176435
0.0152798
0.0131321
0.0111798
0.00940133
0.00777529
0.00627991
0.00489341
0.00359395
0.00235974
0.001169
0
0
0.00115929
0.00234013
0.00356408
0.00485274
0.00622772
0.00771067
0.0093232
0.0110868
0.013023
0.0151528
0.0174969
0.0200754
0.0229078
0.0260121
0.0294054
0.0331032
0.0371187
0.0414632
0.0461453
0.0511705
0.0565413
0.0622562
0.0683099
0.074693
0.0813915
0.0883866
0.0956551
0.103169
0.110894
0.118794
0.126826
0.134942
0.143094
0.151227
0.159284
0.167206
0.174933
0.182403
0.189554
0.196326
0.20266
0.208498
0.213788
0.21848
0.22253
0.225899
0.228554
0.23047
0.231627
0.232014
0.231627
0.23047
0.228554
0.225899
0.22253
0.21848
0.213788
0.208498
0.20266
0.196326
0.189554
0.182403
0.174933
0.167206
0.159284
0.151227
0.143094
0.134942
0.126826
0.118794
0.110894
0.103169
0.0956551
0.0883866
0.0813915
0.074693
0.0683099
0.0622562
0.0565413
0.0511705
0.0461453
0.0414632
0.0371187
0.0331032
0.0294054
0.0260121
0.0229078
0.0200754
0.0174969
0.0151528
0.013023
0.0110868
0.0093232
0.00771067
0.00622772
0.00485274
0.00356408
0.00234013
0.00115929
0
0
0.00114582
0.00231294
0.00352267
0.00479636
0.00615537
0.00762109
0.00921488
0.010958
0.0128717
0.0149768
0.0172936
0.0198422
0.0226416
0.0257099
0.0290638
0.0327186
0.0366875
0.0409815
0.0456092
0.0505761
0.0558844
0.0615329
0.0675163
0.0738253
0.0804459
0.0873598
0.0945439
0.10197
0.109606
0.117414
0.125352
0.133375
0.141432
0.14947
0.157434
0.165264
0.172901
0.180284
0.187352
0.194045
0.200305
0.206076
0.211305
0.215942
0.219945
0.223275
0.225899
0.227792
0.228936
0.229318
0.228936
0.227792
0.225899
0.223275
0.219945
0.215942
0.211305
0.206076
0.200305
0.194045
0.187352
0.180284
0.172901
0.165264
0.157434
0.14947
0.141432
0.133375
0.125352
0.117414
0.109606
0.10197
0.0945439
0.0873598
0.0804459
0.0738253
0.0675163
0.0615329
0.0558844
0.0505761
0.0456092
0.0409815
0.0366875
0.0327186
0.0290638
0.0257099
0.0226416
0.0198422
0.0172936
0.0149768
0.0128717
0.010958
0.00921488
0.00762109
0.00615537
0.00479636
0.00352267
0.00231294
0.00114582
0
0
0.00112873
0.00227845
0.00347014
0.00472483
0.00606357
0.00750743
0.00907746
0.0107946
0.0126798
0.0147534
0.0170357
0.0195463
0.022304
0.0253265
0.0286304
0.0322306
0.0361403
0.0403703
0.044929
0.0498218
0.055051
0.0606153
0.0665095
0.0727243
0.0792462
0.086057
0.0931339
0.100449
0.107971
0.115663
0.123483
0.131386
0.139323
0.147241
0.155086
0.162799
0.170322
0.177595
0.184558
0.191152
0.197318
0.203003
0.208153
0.212722
0.216665
0.219945
0.22253
0.224395
0.225522
0.225898
0.225522
0.224395
0.22253
0.219945
0.216665
0.212722
0.208153
0.203003
0.197318
0.191152
0.184558
0.177595
0.170322
0.162799
0.155086
0.147241
0.139323
0.131386
0.123483
0.115663
0.107971
0.100449
0.0931339
0.086057
0.0792462
0.0727243
0.0665095
0.0606153
0.055051
0.0498218
0.044929
0.0403703
0.0361403
0.0322306
0.0286304
0.0253265
0.022304
0.0195463
0.0170357
0.0147534
0.0126798
0.0107946
0.00907746
0.00750743
0.00606357
0.00472483
0.00347014
0.00227845
0.00112873
0
0
0.00110819
0.00223698
0.00340698
0.00463884
0.00595322
0.0073708
0.00891225
0.0105982
0.012449
0.0144849
0.0167257
0.0191906
0.021898
0.0248656
0.0281093
0.0316441
0.0354826
0.0396356
0.0441113
0.0489151
0.0540491
0.0595121
0.065299
0.0714008
0.077804
0.0844908
0.0914389
0.0986213
0.106006
0.113558
0.121235
0.128995
0.136787
0.144561
0.152263
0.159836
0.167223
0.174363
0.181199
0.187673
0.193727
0.199308
0.204365
0.20885
0.212722
0.215942
0.21848
0.220311
0.221417
0.221787
0.221417
0.220311
0.21848
0.215942
0.212722
0.20885
0.204365
0.199308
0.193727
0.187673
0.181199
0.174363
0.167223
0.159836
0.152263
0.144561
0.136787
0.128995
0.121235
0.113558
0.106006
0.0986213
0.0914389
0.0844908
0.077804
0.0714008
0.065299
0.0595121
0.0540491
0.0489151
0.0441113
0.0396356
0.0354826
0.0316441
0.0281093
0.0248656
0.021898
0.0191906
0.0167257
0.0144849
0.012449
0.0105982
0.00891225
0.0073708
0.00595322
0.00463884
0.00340698
0.00223698
0.00110819
0
0
0.00108439
0.00218894
0.00333381
0.00453922
0.00582537
0.00721251
0.00872085
0.0103706
0.0121816
0.0141738
0.0163665
0.0187784
0.0214278
0.0243315
0.0275057
0.0309645
0.0347206
0.0387844
0.043164
0.0478646
0.0528883
0.058234
0.0638966
0.0698673
0.076133
0.0826763
0.0894751
0.0965033
0.10373
0.111119
0.118632
0.126224
0.133849
0.141457
0.148993
0.156404
0.163631
0.170618
0.177308
0.183642
0.189567
0.195028
0.199976
0.204365
0.208153
0.211305
0.213788
0.21558
0.216662
0.217024
0.216662
0.21558
0.213788
0.211305
0.208153
0.204365
0.199976
0.195028
0.189567
0.183642
0.177308
0.170618
0.163631
0.156404
0.148993
0.141457
0.133849
0.126224
0.118632
0.111119
0.10373
0.0965033
0.0894751
0.0826763
0.076133
0.0698673
0.0638966
0.058234
0.0528883
0.0478646
0.043164
0.0387844
0.0347206
0.0309645
0.0275057
0.0243315
0.0214278
0.0187784
0.0163665
0.0141738
0.0121816
0.0103706
0.00872085
0.00721251
0.00582537
0.00453922
0.00333381
0.00218894
0.00108439
0
0
0.00105756
0.00213478
0.00325132
0.0044269
0.00568123
0.00703404
0.00850507
0.010114
0.0118802
0.0138231
0.0159615
0.0183138
0.0208976
0.0237295
0.0268251
0.0301983
0.0338614
0.0378247
0.0420959
0.0466802
0.0515797
0.0567931
0.0623156
0.0681386
0.0742492
0.0806305
0.0872612
0.0941154
0.101163
0.10837
0.115696
0.123101
0.130537
0.137957
0.145307
0.152534
0.159582
0.166397
0.17292
0.179098
0.184876
0.190202
0.195028
0.199308
0.203003
0.206076
0.208498
0.210246
0.211301
0.211654
0.211301
0.210246
0.208498
0.206076
0.203003
0.199308
0.195028
0.190202
0.184876
0.179098
0.17292
0.166397
0.159582
0.152534
0.145307
0.137957
0.130537
0.123101
0.115696
0.10837
0.101163
0.0941154
0.0872612
0.0806305
0.0742492
0.0681386
0.0623156
0.0567931
0.0515797
0.0466802
0.0420959
0.0378247
0.0338614
0.0301983
0.0268251
0.0237295
0.0208976
0.0183138
0.0159615
0.0138231
0.0118802
0.010114
0.00850507
0.00703404
0.00568123
0.0044269
0.00325132
0.00213478
0.00105756
0
0
0.00102795
0.002075
0.00316028
0.00430294
0.00552214
0.00683707
0.0082669
0.00983074
0.0115475
0.013436
0.0155146
0.017801
0.0203124
0.023065
0.0260739
0.0293527
0.0329133
0.0367655
0.0409172
0.0453731
0.0501353
0.0552027
0.0605706
0.0662305
0.0721701
0.0783727
0.0848177
0.09148
0.0983302
0.105335
0.112457
0.119654
0.126882
0.134094
0.141238
0.148262
0.155114
0.161737
0.168078
0.174083
0.179699
0.184876
0.189567
0.193727
0.197318
0.200305
0.20266
0.204358
0.205384
0.205727
0.205384
0.204358
0.20266
0.200305
0.197318
0.193727
0.189567
0.184876
0.179699
0.174083
0.168078
0.161737
0.155114
0.148262
0.141238
0.134094
0.126882
0.119654
0.112457
0.105335
0.0983302
0.09148
0.0848177
0.0783727
0.0721701
0.0662305
0.0605706
0.0552027
0.0501353
0.0453731
0.0409172
0.0367655
0.0329133
0.0293527
0.0260739
0.023065
0.0203124
0.017801
0.0155146
0.013436
0.0115475
0.00983074
0.0082669
0.00683707
0.00552214
0.00430294
0.00316028
0.002075
0.00102795
0
0
0.000995819
0.00201015
0.00306151
0.00416846
0.00534956
0.0066234
0.00800855
0.00952351
0.0111867
0.0130161
0.0150297
0.0172446
0.0196776
0.0223442
0.025259
0.0284353
0.0318846
0.0356165
0.0396384
0.0439551
0.0485685
0.0534775
0.0586776
0.0641607
0.0699146
0.0759234
0.0821669
0.088621
0.0952572
0.102043
0.108942
0.115914
0.122917
0.129903
0.136824
0.143629
0.150266
0.156683
0.162826
0.168643
0.174083
0.179098
0.183642
0.187673
0.191152
0.194045
0.196326
0.197972
0.198965
0.199298
0.198965
0.197972
0.196326
0.194045
0.191152
0.187673
0.183642
0.179098
0.174083
0.168643
0.162826
0.156683
0.150266
0.143629
0.136824
0.129903
0.122917
0.115914
0.108942
0.102043
0.0952572
0.088621
0.0821669
0.0759234
0.0699146
0.0641607
0.0586776
0.0534775
0.0485685
0.0439551
0.0396384
0.0356165
0.0318846
0.0284353
0.025259
0.0223442
0.0196776
0.0172446
0.0150297
0.0130161
0.0111867
0.00952351
0.00800855
0.0066234
0.00534956
0.00416846
0.00306151
0.00201015
0.000995819
0
0
0.00096147
0.00194081
0.00295591
0.00402467
0.00516503
0.00639493
0.0077323
0.00919501
0.0108008
0.0125671
0.0145113
0.0166498
0.0189988
0.0215734
0.0243878
0.0274545
0.0307848
0.034388
0.0382711
0.0424389
0.0468932
0.0516329
0.0566536
0.0619475
0.067503
0.0733045
0.0793327
0.0855641
0.0919714
0.0985231
0.105184
0.111916
0.118677
0.125422
0.132104
0.138675
0.145083
0.151278
0.157209
0.162826
0.168078
0.17292
0.177308
0.181199
0.184558
0.187352
0.189554
0.191143
0.192102
0.192423
0.192102
0.191143
0.189554
0.187352
0.184558
0.181199
0.177308
0.17292
0.168078
0.162826
0.157209
0.151278
0.145083
0.138675
0.132104
0.125422
0.118677
0.111916
0.105184
0.0985231
0.0919714
0.0855641
0.0793327
0.0733045
0.067503
0.0619475
0.0566536
0.0516329
0.0468932
0.0424389
0.0382711
0.034388
0.0307848
0.0274545
0.0243878
0.0215734
0.0189988
0.0166498
0.0145113
0.0125671
0.0108008
0.00919501
0.0077323
0.00639493
0.00516503
0.00402467
0.00295591
0.00194081
0.00096147
0
0
0.000925197
0.00186759
0.00284439
0.00387284
0.00497017
0.00615367
0.00744059
0.00884811
0.0103933
0.012093
0.0139638
0.0160217
0.0182821
0.0207595
0.0234677
0.0264187
0.0296234
0.0330906
0.0368273
0.0408378
0.0451241
0.0496849
0.0545163
0.0596104
0.0649563
0.070539
0.0763397
0.0823361
0.0885016
0.0948062
0.101216
0.107694
0.1142
0.12069
0.12712
0.133443
0.139609
0.145571
0.151278
0.156683
0.161737
0.166397
0.170618
0.174363
0.177595
0.180284
0.182403
0.183932
0.184855
0.185164
0.184855
0.183932
0.182403
0.180284
0.177595
0.174363
0.170618
0.166397
0.161737
0.156683
0.151278
0.145571
0.139609
0.133443
0.12712
0.12069
0.1142
0.107694
0.101216
0.0948062
0.0885016
0.0823361
0.0763397
0.070539
0.0649563
0.0596104
0.0545163
0.0496849
0.0451241
0.0408378
0.0368273
0.0330906
0.0296234
0.0264187
0.0234677
0.0207595
0.0182821
0.0160217
0.0139638
0.012093
0.0103933
0.00884811
0.00744059
0.00615367
0.00497017
0.00387284
0.00284439
0.00186759
0.000925197
0
0
0.000887308
0.00179111
0.00272791
0.00371423
0.00476663
0.00590167
0.00713588
0.00848576
0.00996767
0.0115978
0.0133919
0.0153655
0.0175334
0.0199094
0.0225066
0.0253368
0.0284103
0.0317355
0.0353191
0.0391654
0.0432761
0.0476502
0.0522837
0.0571693
0.0622962
0.0676502
0.0732135
0.0789642
0.0848773
0.0909236
0.097071
0.103284
0.109523
0.115748
0.121914
0.127978
0.133892
0.139609
0.145083
0.150266
0.155114
0.159582
0.163631
0.167223
0.170322
0.172901
0.174933
0.176399
0.177285
0.177581
0.177285
0.176399
0.174933
0.172901
0.170322
0.167223
0.163631
0.159582
0.155114
0.150266
0.145083
0.139609
0.133892
0.127978
0.121914
0.115748
0.109523
0.103284
0.097071
0.0909236
0.0848773
0.0789642
0.0732135
0.0676502
0.0622962
0.0571693
0.0522837
0.0476502
0.0432761
0.0391654
0.0353191
0.0317355
0.0284103
0.0253368
0.0225066
0.0199094
0.0175334
0.0153655
0.0133919
0.0115978
0.00996767
0.00848576
0.00713588
0.00590167
0.00476663
0.00371423
0.00272791
0.00179111
0.000887308
0
0
0.000848116
0.001712
0.00260742
0.00355018
0.00455609
0.00564099
0.00682069
0.00811094
0.0095274
0.0110855
0.0128004
0.0146868
0.0167589
0.01903
0.0215125
0.0242177
0.0271554
0.0303338
0.0337591
0.0374355
0.0413646
0.0455455
0.0499744
0.0546441
0.0595446
0.0646621
0.0699796
0.0754764
0.0811283
0.0869076
0.0927833
0.0987216
0.104685
0.110635
0.11653
0.122325
0.127978
0.133443
0.138675
0.143629
0.148262
0.152534
0.156404
0.159836
0.162799
0.165264
0.167206
0.168608
0.169454
0.169737
0.169454
0.168608
0.167206
0.165264
0.162799
0.159836
0.156404
0.152534
0.148262
0.143629
0.138675
0.133443
0.127978
0.122325
0.11653
0.110635
0.104685
0.0987216
0.0927833
0.0869076
0.0811283
0.0754764
0.0699796
0.0646621
0.0595446
0.0546441
0.0499744
0.0455455
0.0413646
0.0374355
0.0337591
0.0303338
0.0271554
0.0242177
0.0215125
0.01903
0.0167589
0.0146868
0.0128004
0.0110855
0.0095274
0.00811094
0.00682069
0.00564099
0.00455609
0.00355018
0.00260742
0.001712
0.000848116
0
0
0.000807932
0.00163088
0.00248388
0.00338197
0.00434022
0.00537372
0.00649752
0.00772665
0.009076
0.0105603
0.0121939
0.013991
0.0159649
0.0181284
0.0204933
0.0230703
0.0258688
0.0288966
0.0321596
0.0356618
0.0394048
0.0433876
0.0476066
0.0520551
0.0567234
0.0615984
0.066664
0.0719003
0.0772844
0.0827899
0.0883873
0.0940441
0.0997253
0.105393
0.111008
0.11653
0.121914
0.12712
0.132104
0.136824
0.141238
0.145307
0.148993
0.152263
0.155086
0.157434
0.159284
0.160619
0.161425
0.161695
0.161425
0.160619
0.159284
0.157434
0.155086
0.152263
0.148993
0.145307
0.141238
0.136824
0.132104
0.12712
0.121914
0.11653
0.111008
0.105393
0.0997253
0.0940441
0.0883873
0.0827899
0.0772844
0.0719003
0.066664
0.0615984
0.0567234
0.0520551
0.0476066
0.0433876
0.0394048
0.0356618
0.0321596
0.0288966
0.0258688
0.0230703
0.0204933
0.0181284
0.0159649
0.013991
0.0121939
0.0105603
0.009076
0.00772665
0.00649752
0.00537372
0.00434022
0.00338197
0.00248388
0.00163088
0.000807932
0
0
0.000767064
0.00154839
0.00235824
0.0032109
0.00412068
0.0051019
0.00616886
0.00733581
0.00861691
0.0100261
0.0115771
0.0132833
0.0151573
0.0172114
0.0194566
0.0219033
0.0245602
0.0274349
0.0305329
0.0338579
0.0374116
0.0411929
0.0451985
0.049422
0.0538541
0.0584826
0.0632919
0.0682634
0.0733751
0.0786021
0.0839164
0.0892871
0.0946809
0.100062
0.105393
0.110635
0.115748
0.12069
0.125422
0.129903
0.134094
0.137957
0.141457
0.144561
0.147241
0.14947
0.151227
0.152495
0.15326
0.153516
0.15326
0.152495
0.151227
0.14947
0.147241
0.144561
0.141457
0.137957
0.134094
0.129903
0.125422
0.12069
0.115748
0.110635
0.105393
0.100062
0.0946809
0.0892871
0.0839164
0.0786021
0.0733751
0.0682634
0.0632919
0.0584826
0.0538541
0.049422
0.0451985
0.0411929
0.0374116
0.0338579
0.0305329
0.0274349
0.0245602
0.0219033
0.0194566
0.0172114
0.0151573
0.0132833
0.0115771
0.0100261
0.00861691
0.00733581
0.00616886
0.0051019
0.00412068
0.0032109
0.00235824
0.00154839
0.000767064
0
0
0.000725813
0.00146512
0.00223141
0.00303822
0.00389908
0.00482753
0.00583711
0.0069413
0.0081535
0.00948692
0.0109545
0.0125689
0.0143422
0.0162858
0.0184103
0.0207254
0.0232394
0.0259595
0.0288908
0.0320371
0.0353996
0.0389776
0.0427678
0.0467641
0.0509579
0.0553375
0.0598882
0.0645923
0.0694291
0.074375
0.0794035
0.0844853
0.0895891
0.0946809
0.0997253
0.104685
0.109523
0.1142
0.118677
0.122917
0.126882
0.130537
0.133849
0.136787
0.139323
0.141432
0.143094
0.144294
0.145018
0.14526
0.145018
0.144294
0.143094
0.141432
0.139323
0.136787
0.133849
0.130537
0.126882
0.122917
0.118677
0.1142
0.109523
0.104685
0.0997253
0.0946809
0.0895891
0.0844853
0.0794035
0.074375
0.0694291
0.0645923
0.0598882
0.0553375
0.0509579
0.0467641
0.0427678
0.0389776
0.0353996
0.0320371
0.0288908
0.0259595
0.0232394
0.0207254
0.0184103
0.0162858
0.0143422
0.0125689
0.0109545
0.00948692
0.0081535
0.0069413
0.00583711
0.00482753
0.00389908
0.00303822
0.00223141
0.00146512
0.000725813
0
0
0.000684464
0.00138165
0.00210429
0.00286514
0.00367695
0.00455251
0.00550458
0.00654587
0.00768901
0.00894647
0.0103305
0.0118529
0.0135251
0.015358
0.0173615
0.0195447
0.0219155
0.0244806
0.027245
0.030212
0.033383
0.0367571
0.0403314
0.0441001
0.0480549
0.052185
0.0564764
0.0609126
0.0654738
0.070138
0.07488
0.0796724
0.0844853
0.0892871
0.0940441
0.0987216
0.103284
0.107694
0.111916
0.115914
0.119654
0.123101
0.126224
0.128995
0.131386
0.133375
0.134942
0.136073
0.136756
0.136985
0.136756
0.136073
0.134942
0.133375
0.131386
0.128995
0.126224
0.123101
0.119654
0.115914
0.111916
0.107694
0.103284
0.0987216
0.0940441
0.0892871
0.0844853
0.0796724
0.07488
0.070138
0.0654738
0.0609126
0.0564764
0.052185
0.0480549
0.0441001
0.0403314
0.0367571
0.033383
0.030212
0.027245
0.0244806
0.0219155
0.0195447
0.0173615
0.015358
0.0135251
0.0118529
0.0103305
0.00894647
0.00768901
0.00654587
0.00550458
0.00455251
0.00367695
0.00286514
0.00210429
0.00138165
0.000684464
0
0
0.000643293
0.00129854
0.00197772
0.0026928
0.00345578
0.00427867
0.00517347
0.00615212
0.0072265
0.00840833
0.00970908
0.0111399
0.0127116
0.0144342
0.0163172
0.018369
0.0205973
0.0230081
0.0256062
0.0283947
0.0313749
0.0345461
0.0379054
0.0414474
0.0451644
0.049046
0.0530793
0.0572486
0.0615355
0.0659191
0.0703759
0.07488
0.0794035
0.0839164
0.0883873
0.0927833
0.097071
0.101216
0.105184
0.108942
0.112457
0.115696
0.118632
0.121235
0.123483
0.125352
0.126826
0.127888
0.12853
0.128745
0.12853
0.127888
0.126826
0.125352
0.123483
0.121235
0.118632
0.115696
0.112457
0.108942
0.105184
0.101216
0.097071
0.0927833
0.0883873
0.0839164
0.0794035
0.07488
0.0703759
0.0659191
0.0615355
0.0572486
0.0530793
0.049046
0.0451644
0.0414474
0.0379054
0.0345461
0.0313749
0.0283947
0.0256062
0.0230081
0.0205973
0.018369
0.0163172
0.0144342
0.0127116
0.0111399
0.00970908
0.00840833
0.0072265
0.00615212
0.00517347
0.00427867
0.00345578
0.0026928
0.00197772
0.00129854
0.000643293
0
0
0.000602555
0.00121631
0.00185247
0.00252227
0.00323693
0.00400771
0.00484584
0.00576252
0.00676886
0.00787584
0.00909422
0.0104345
0.0119066
0.0135201
0.0152838
0.0172058
0.0192929
0.021551
0.0239846
0.0265965
0.029388
0.0323584
0.0355049
0.0388226
0.0423042
0.04594
0.0497179
0.0536232
0.0576386
0.0617446
0.0659191
0.070138
0.074375
0.0786021
0.0827899
0.0869076
0.0909236
0.0948062
0.0985231
0.102043
0.105335
0.10837
0.111119
0.113558
0.115663
0.117414
0.118794
0.11979
0.120391
0.120592
0.120391
0.11979
0.118794
0.117414
0.115663
0.113558
0.111119
0.10837
0.105335
0.102043
0.0985231
0.0948062
0.0909236
0.0869076
0.0827899
0.0786021
0.074375
0.070138
0.0659191
0.0617446
0.0576386
0.0536232
0.0497179
0.04594
0.0423042
0.0388226
0.0355049
0.0323584
0.029388
0.0265965
0.0239846
0.021551
0.0192929
0.0172058
0.0152838
0.0135201
0.0119066
0.0104345
0.00909422
0.00787584
0.00676886
0.00576252
0.00484584
0.00400771
0.00323693
0.00252227
0.00185247
0.00121631
0.000602555
0
0
0.000562485
0.00113543
0.00172928
0.00235454
0.00302168
0.0037412
0.0045236
0.00537932
0.00631874
0.00735211
0.00848946
0.00974057
0.0111148
0.012621
0.0142675
0.0160616
0.0180099
0.0201179
0.0223896
0.0248279
0.0274337
0.0302066
0.0331439
0.0362409
0.039491
0.042885
0.0464117
0.0500573
0.0538057
0.0576386
0.0615355
0.0654738
0.0694291
0.0733751
0.0772844
0.0811283
0.0848773
0.0885016
0.0919714
0.0952572
0.0983302
0.101163
0.10373
0.106006
0.107971
0.109606
0.110894
0.111824
0.112385
0.112573
0.112385
0.111824
0.110894
0.109606
0.107971
0.106006
0.10373
0.101163
0.0983302
0.0952572
0.0919714
0.0885016
0.0848773
0.0811283
0.0772844
0.0733751
0.0694291
0.0654738
0.0615355
0.0576386
0.0538057
0.0500573
0.0464117
0.042885
0.039491
0.0362409
0.0331439
0.0302066
0.0274337
0.0248279
0.0223896
0.0201179
0.0180099
0.0160616
0.0142675
0.012621
0.0111148
0.00974057
0.00848946
0.00735211
0.00631874
0.00537932
0.0045236
0.0037412
0.00302168
0.00235454
0.00172928
0.00113543
0.000562485
0
0
0.000523299
0.00105633
0.00160881
0.00219051
0.00281117
0.00348057
0.00420846
0.00500456
0.00587854
0.00683992
0.00789804
0.00906199
0.0103405
0.0117418
0.0132735
0.0149427
0.0167552
0.0187164
0.0208298
0.0230982
0.0255225
0.0281022
0.0308349
0.0337162
0.0367398
0.0398974
0.0431784
0.04657
0.0500573
0.0536232
0.0572486
0.0609126
0.0645923
0.0682634
0.0719003
0.0754764
0.0789642
0.0823361
0.0855641
0.088621
0.09148
0.0941154
0.0965033
0.0986213
0.100449
0.10197
0.103169
0.104033
0.104556
0.10473
0.104556
0.104033
0.103169
0.10197
0.100449
0.0986213
0.0965033
0.0941154
0.09148
0.088621
0.0855641
0.0823361
0.0789642
0.0754764
0.0719003
0.0682634
0.0645923
0.0609126
0.0572486
0.0536232
0.0500573
0.04657
0.0431784
0.0398974
0.0367398
0.0337162
0.0308349
0.0281022
0.0255225
0.0230982
0.0208298
0.0187164
0.0167552
0.0149427
0.0132735
0.0117418
0.0103405
0.00906199
0.00789804
0.00683992
0.00587854
0.00500456
0.00420846
0.00348057
0.00281117
0.00219051
0.00160881
0.00105633
0.000523299
0
0
0.000485188
0.000979396
0.00149165
0.00203098
0.00260644
0.00322709
0.00390197
0.00464009
0.00545042
0.00634178
0.00732284
0.00840203
0.00958741
0.0108866
0.0123068
0.0138544
0.015535
0.0173533
0.0193128
0.021416
0.0236638
0.0260556
0.0285892
0.0312607
0.0340642
0.0369918
0.0400338
0.0431784
0.0464117
0.0497179
0.0530793
0.0564764
0.0598882
0.0632919
0.066664
0.0699796
0.0732135
0.0763397
0.0793327
0.0821669
0.0848177
0.0872612
0.0894751
0.0914389
0.0931339
0.0945439
0.0956551
0.0964568
0.096941
0.0971029
0.096941
0.0964568
0.0956551
0.0945439
0.0931339
0.0914389
0.0894751
0.0872612
0.0848177
0.0821669
0.0793327
0.0763397
0.0732135
0.0699796
0.066664
0.0632919
0.0598882
0.0564764
0.0530793
0.0497179
0.0464117
0.0431784
0.0400338
0.0369918
0.0340642
0.0312607
0.0285892
0.0260556
0.0236638
0.021416
0.0193128
0.0173533
0.015535
0.0138544
0.0123068
0.0108866
0.00958741
0.00840203
0.00732284
0.00634178
0.00545042
0.00464009
0.00390197
0.00322709
0.00260644
0.00203098
0.00149165
0.000979396
0.000485188
0
0
0.000448321
0.000904975
0.0013783
0.00187665
0.00240839
0.00298187
0.00360547
0.00428751
0.00503626
0.00585989
0.00676641
0.00776359
0.0088589
0.0100594
0.0113717
0.0128017
0.0143546
0.0160347
0.0178453
0.0197887
0.0218657
0.0240757
0.0264168
0.0288853
0.0314757
0.0341809
0.0369918
0.0398974
0.042885
0.04594
0.049046
0.052185
0.0553375
0.0584826
0.0615984
0.0646621
0.0676502
0.070539
0.0733045
0.0759234
0.0783727
0.0806305
0.0826763
0.0844908
0.086057
0.0873598
0.0883866
0.0891274
0.0895748
0.0897244
0.0895748
0.0891274
0.0883866
0.0873598
0.086057
0.0844908
0.0826763
0.0806305
0.0783727
0.0759234
0.0733045
0.070539
0.0676502
0.0646621
0.0615984
0.0584826
0.0553375
0.052185
0.049046
0.04594
0.042885
0.0398974
0.0369918
0.0341809
0.0314757
0.0288853
0.0264168
0.0240757
0.0218657
0.0197887
0.0178453
0.0160347
0.0143546
0.0128017
0.0113717
0.0100594
0.0088589
0.00776359
0.00676641
0.00585989
0.00503626
0.00428751
0.00360547
0.00298187
0.00240839
0.00187665
0.0013783
0.000904975
0.000448321
0
0
0.000412839
0.000833353
0.00126922
0.00172813
0.00221778
0.00274588
0.00332012
0.00394818
0.00463768
0.00539612
0.00623089
0.00714915
0.00815778
0.00926328
0.0104717
0.0117885
0.0132185
0.0147656
0.016433
0.0182226
0.0201352
0.0221703
0.0243261
0.0265992
0.0289847
0.0314757
0.0340642
0.0367398
0.039491
0.0423042
0.0451644
0.0480549
0.0509579
0.0538541
0.0567234
0.0595446
0.0622962
0.0649563
0.067503
0.0699146
0.0721701
0.0742492
0.076133
0.077804
0.0792462
0.0804459
0.0813915
0.0820736
0.0824856
0.0826234
0.0824856
0.0820736
0.0813915
0.0804459
0.0792462
0.077804
0.076133
0.0742492
0.0721701
0.0699146
0.067503
0.0649563
0.0622962
0.0595446
0.0567234
0.0538541
0.0509579
0.0480549
0.0451644
0.0423042
0.039491
0.0367398
0.0340642
0.0314757
0.0289847
0.0265992
0.0243261
0.0221703
0.0201352
0.0182226
0.016433
0.0147656
0.0132185
0.0117885
0.0104717
0.00926328
0.00815778
0.00714915
0.00623089
0.00539612
0.00463768
0.00394818
0.00332012
0.00274588
0.00221778
0.00172813
0.00126922
0.000833353
0.000412839
0
0
0.000378863
0.000764768
0.00116476
0.0015859
0.00203526
0.0025199
0.00304688
0.00362325
0.004256
0.00495203
0.0057181
0.00656078
0.0074864
0.00850092
0.00960989
0.0108183
0.0121306
0.0135504
0.0150806
0.0167229
0.0184781
0.0203457
0.0223241
0.0244102
0.0265992
0.0288853
0.0312607
0.0337162
0.0362409
0.0388226
0.0414474
0.0441001
0.0467641
0.049422
0.0520551
0.0546441
0.0571693
0.0596104
0.0619475
0.0641607
0.0662305
0.0681386
0.0698673
0.0714008
0.0727243
0.0738253
0.074693
0.075319
0.0756971
0.0758236
0.0756971
0.075319
0.074693
0.0738253
0.0727243
0.0714008
0.0698673
0.0681386
0.0662305
0.0641607
0.0619475
0.0596104
0.0571693
0.0546441
0.0520551
0.049422
0.0467641
0.0441001
0.0414474
0.0388226
0.0362409
0.0337162
0.0312607
0.0288853
0.0265992
0.0244102
0.0223241
0.0203457
0.0184781
0.0167229
0.0150806
0.0135504
0.0121306
0.0108183
0.00960989
0.00850092
0.0074864
0.00656078
0.0057181
0.00495203
0.004256
0.00362325
0.00304688
0.0025199
0.00203526
0.0015859
0.00116476
0.000764768
0.000378863
0
0
0.000346486
0.000699413
0.00106523
0.00145038
0.00186133
0.00230455
0.0027865
0.00331362
0.00389229
0.00452884
0.00522944
0.00600011
0.00684663
0.00777445
0.00878865
0.00989381
0.011094
0.0123924
0.0137918
0.0152938
0.016899
0.018607
0.0204163
0.0223241
0.0243261
0.0264168
0.0285892
0.0308349
0.0331439
0.0355049
0.0379054
0.0403314
0.0427678
0.0451985
0.0476066
0.0499744
0.0522837
0.0545163
0.0566536
0.0586776
0.0605706
0.0623156
0.0638966
0.065299
0.0665095
0.0675163
0.0683099
0.0688824
0.0692282
0.0693438
0.0692282
0.0688824
0.0683099
0.0675163
0.0665095
0.065299
0.0638966
0.0623156
0.0605706
0.0586776
0.0566536
0.0545163
0.0522837
0.0499744
0.0476066
0.0451985
0.0427678
0.0403314
0.0379054
0.0355049
0.0331439
0.0308349
0.0285892
0.0264168
0.0243261
0.0223241
0.0204163
0.018607
0.016899
0.0152938
0.0137918
0.0123924
0.011094
0.00989381
0.00878865
0.00777445
0.00684663
0.00600011
0.00522944
0.00452884
0.00389229
0.00331362
0.0027865
0.00230455
0.00186133
0.00145038
0.00106523
0.000699413
0.000346486
0
0
0.00031578
0.00063743
0.000970823
0.00132184
0.00169638
0.00210032
0.00253956
0.00301996
0.00354735
0.00412748
0.004766
0.00546837
0.00623987
0.00708546
0.00800978
0.00901701
0.0101108
0.0112942
0.0125696
0.0139384
0.0154013
0.016958
0.018607
0.0203457
0.0221703
0.0240757
0.0260556
0.0281022
0.0302066
0.0323584
0.0345461
0.0367571
0.0389776
0.0411929
0.0433876
0.0455455
0.0476502
0.0496849
0.0516329
0.0534775
0.0552027
0.0567931
0.058234
0.0595121
0.0606153
0.0615329
0.0622562
0.0627779
0.0630931
0.0631985
0.0630931
0.0627779
0.0622562
0.0615329
0.0606153
0.0595121
0.058234
0.0567931
0.0552027
0.0534775
0.0516329
0.0496849
0.0476502
0.0455455
0.0433876
0.0411929
0.0389776
0.0367571
0.0345461
0.0323584
0.0302066
0.0281022
0.0260556
0.0240757
0.0221703
0.0203457
0.018607
0.016958
0.0154013
0.0139384
0.0125696
0.0112942
0.0101108
0.00901701
0.00800978
0.00708546
0.00623987
0.00546837
0.004766
0.00412748
0.00354735
0.00301996
0.00253956
0.00210032
0.00169638
0.00132184
0.000970823
0.00063743
0.00031578
0
0
0.000286793
0.000578916
0.000881705
0.0012005
0.00154065
0.00190752
0.00230643
0.00274274
0.00322172
0.0037486
0.0043285
0.0049664
0.00566707
0.00643504
0.00727451
0.00818928
0.00918267
0.0102574
0.0114157
0.0126589
0.0139876
0.0154013
0.016899
0.0184781
0.0201352
0.0218657
0.0236638
0.0255225
0.0274337
0.029388
0.0313749
0.033383
0.0353996
0.0374116
0.0394048
0.0413646
0.0432761
0.0451241
0.0468932
0.0485685
0.0501353
0.0515797
0.0528883
0.0540491
0.055051
0.0558844
0.0565413
0.0570152
0.0573014
0.0573971
0.0573014
0.0570152
0.0565413
0.0558844
0.055051
0.0540491
0.0528883
0.0515797
0.0501353
0.0485685
0.0468932
0.0451241
0.0432761
0.0413646
0.0394048
0.0374116
0.0353996
0.033383
0.0313749
0.029388
0.0274337
0.0255225
0.0236638
0.0218657
0.0201352
0.0184781
0.016899
0.0154013
0.0139876
0.0126589
0.0114157
0.0102574
0.00918267
0.00818928
0.00727451
0.00643504
0.00566707
0.0049664
0.0043285
0.0037486
0.00322172
0.00274274
0.00230643
0.00190752
0.00154065
0.0012005
0.000881705
0.000578916
0.000286793
0
0
0.000259551
0.000523926
0.000797954
0.00108647
0.00139431
0.00172632
0.00208735
0.00248221
0.00291569
0.00339253
0.00391734
0.00449465
0.00512877
0.00582379
0.00658352
0.0074114
0.00831042
0.00928311
0.0103314
0.0114565
0.0126589
0.0139384
0.0152938
0.0167229
0.0182226
0.0197887
0.021416
0.0230982
0.0248279
0.0265965
0.0283947
0.030212
0.0320371
0.0338579
0.0356618
0.0374355
0.0391654
0.0408378
0.0424389
0.0439551
0.0453731
0.0466802
0.0478646
0.0489151
0.0498218
0.0505761
0.0511705
0.0515994
0.0518584
0.0519451
0.0518584
0.0515994
0.0511705
0.0505761
0.0498218
0.0489151
0.0478646
0.0466802
0.0453731
0.0439551
0.0424389
0.0408378
0.0391654
0.0374355
0.0356618
0.0338579
0.0320371
0.030212
0.0283947
0.0265965
0.0248279
0.0230982
0.021416
0.0197887
0.0182226
0.0167229
0.0152938
0.0139384
0.0126589
0.0114565
0.0103314
0.00928311
0.00831042
0.0074114
0.00658352
0.00582379
0.00512877
0.00449465
0.00391734
0.00339253
0.00291569
0.00248221
0.00208735
0.00172632
0.00139431
0.00108647
0.000797954
0.000523926
0.000259551
0
0
0.000234061
0.000472473
0.00071959
0.000979771
0.00125738
0.00155679
0.00188236
0.00223844
0.00262935
0.00305936
0.00353264
0.00405325
0.00462509
0.00525186
0.00593698
0.00668355
0.00749429
0.00837145
0.00931677
0.0103314
0.0114157
0.0125696
0.0137918
0.0150806
0.016433
0.0178453
0.0193128
0.0208298
0.0223896
0.0239846
0.0256062
0.027245
0.0288908
0.0305329
0.0321596
0.0337591
0.0353191
0.0368273
0.0382711
0.0396384
0.0409172
0.0420959
0.043164
0.0441113
0.044929
0.0456092
0.0461453
0.046532
0.0467656
0.0468437
0.0467656
0.046532
0.0461453
0.0456092
0.044929
0.0441113
0.043164
0.0420959
0.0409172
0.0396384
0.0382711
0.0368273
0.0353191
0.0337591
0.0321596
0.0305329
0.0288908
0.027245
0.0256062
0.0239846
0.0223896
0.0208298
0.0193128
0.0178453
0.016433
0.0150806
0.0137918
0.0125696
0.0114157
0.0103314
0.00931677
0.00837145
0.00749429
0.00668355
0.00593698
0.00525186
0.00462509
0.00405325
0.00353264
0.00305936
0.00262935
0.00223844
0.00188236
0.00155679
0.00125738
0.000979771
0.00071959
0.000472473
0.000234061
0
0
0.000210313
0.000424534
0.000646578
0.000880359
0.0011298
0.00139883
0.00169137
0.00201132
0.00236257
0.00274894
0.0031742
0.00364199
0.00415581
0.00471899
0.00533459
0.00600541
0.00673389
0.00752205
0.00837145
0.00928311
0.0102574
0.0112942
0.0123924
0.0135504
0.0147656
0.0160347
0.0173533
0.0187164
0.0201179
0.021551
0.0230081
0.0244806
0.0259595
0.0274349
0.0288966
0.0303338
0.0317355
0.0330906
0.034388
0.0356165
0.0367655
0.0378247
0.0387844
0.0396356
0.0403703
0.0409815
0.0414632
0.0418107
0.0420206
0.0420908
0.0420206
0.0418107
0.0414632
0.0409815
0.0403703
0.0396356
0.0387844
0.0378247
0.0367655
0.0356165
0.034388
0.0330906
0.0317355
0.0303338
0.0288966
0.0274349
0.0259595
0.0244806
0.0230081
0.021551
0.0201179
0.0187164
0.0173533
0.0160347
0.0147656
0.0135504
0.0123924
0.0112942
0.0102574
0.00928311
0.00837145
0.00752205
0.00673389
0.00600541
0.00533459
0.00471899
0.00415581
0.00364199
0.0031742
0.00274894
0.00236257
0.00201132
0.00169137
0.00139883
0.0011298
0.000880359
0.000646578
0.000424534
0.000210313
0
0
0.000188276
0.000380052
0.000578829
0.000788115
0.00101142
0.00125226
0.00151415
0.00180057
0.00211502
0.00246091
0.00284161
0.00326038
0.00372037
0.00422453
0.00477563
0.00537616
0.00602831
0.00673389
0.00749429
0.00831042
0.00918267
0.0101108
0.011094
0.0121306
0.0132185
0.0143546
0.015535
0.0167552
0.0180099
0.0192929
0.0205973
0.0219155
0.0232394
0.0245602
0.0258688
0.0271554
0.0284103
0.0296234
0.0307848
0.0318846
0.0329133
0.0338614
0.0347206
0.0354826
0.0361403
0.0366875
0.0371187
0.0374298
0.0376177
0.0376805
0.0376177
0.0374298
0.0371187
0.0366875
0.0361403
0.0354826
0.0347206
0.0338614
0.0329133
0.0318846
0.0307848
0.0296234
0.0284103
0.0271554
0.0258688
0.0245602
0.0232394
0.0219155
0.0205973
0.0192929
0.0180099
0.0167552
0.015535
0.0143546
0.0132185
0.0121306
0.011094
0.0101108
0.00918267
0.00831042
0.00749429
0.00673389
0.00602831
0.00537616
0.00477563
0.00422453
0.00372037
0.00326038
0.00284161
0.00246091
0.00211502
0.00180057
0.00151415
0.00125226
0.00101142
0.000788115
0.000578829
0.000380052
0.000188276
0
0
0.000167908
0.000338937
0.000516211
0.000702856
0.000902005
0.00111679
0.00135034
0.00160579
0.00188621
0.00219469
0.0025342
0.00290767
0.00331789
0.00376752
0.004259
0.00479457
0.00537616
0.00600541
0.00668355
0.0074114
0.00818928
0.00901701
0.00989381
0.0108183
0.0117885
0.0128017
0.0138544
0.0149427
0.0160616
0.0172058
0.018369
0.0195447
0.0207254
0.0219033
0.0230703
0.0242177
0.0253368
0.0264187
0.0274545
0.0284353
0.0293527
0.0301983
0.0309645
0.0316441
0.0322306
0.0327186
0.0331032
0.0333806
0.0335482
0.0336042
0.0335482
0.0333806
0.0331032
0.0327186
0.0322306
0.0316441
0.0309645
0.0301983
0.0293527
0.0284353
0.0274545
0.0264187
0.0253368
0.0242177
0.0230703
0.0219033
0.0207254
0.0195447
0.018369
0.0172058
0.0160616
0.0149427
0.0138544
0.0128017
0.0117885
0.0108183
0.00989381
0.00901701
0.00818928
0.0074114
0.00668355
0.00600541
0.00537616
0.00479457
0.004259
0.00376752
0.00331789
0.00290767
0.0025342
0.00219469
0.00188621
0.00160579
0.00135034
0.00111679
0.000902005
0.000702856
0.000516211
0.000338937
0.000167908
0
0
0.000149152
0.000301077
0.000458549
0.000624345
0.000801249
0.000992042
0.00119951
0.00142642
0.00167552
0.00194953
0.00225112
0.00258288
0.00294728
0.00334668
0.00378326
0.004259
0.00477563
0.00533459
0.00593698
0.00658352
0.00727451
0.00800978
0.00878865
0.00960989
0.0104717
0.0113717
0.0123068
0.0132735
0.0142675
0.0152838
0.0163172
0.0173615
0.0184103
0.0194566
0.0204933
0.0215125
0.0225066
0.0234677
0.0243878
0.025259
0.0260739
0.0268251
0.0275057
0.0281093
0.0286304
0.0290638
0.0294054
0.0296519
0.0298007
0.0298505
0.0298007
0.0296519
0.0294054
0.0290638
0.0286304
0.0281093
0.0275057
0.0268251
0.0260739
0.025259
0.0243878
0.0234677
0.0225066
0.0215125
0.0204933
0.0194566
0.0184103
0.0173615
0.0163172
0.0152838
0.0142675
0.0132735
0.0123068
0.0113717
0.0104717
0.00960989
0.00878865
0.00800978
0.00727451
0.00658352
0.00593698
0.00533459
0.00477563
0.004259
0.00378326
0.00334668
0.00294728
0.00258288
0.00225112
0.00194953
0.00167552
0.00142642
0.00119951
0.000992042
0.000801249
0.000624345
0.000458549
0.000301077
0.000149152
0
0
0.00013194
0.000266333
0.000405633
0.000552297
0.000708786
0.000877562
0.00106109
0.00126181
0.00148217
0.00172456
0.00199135
0.00228482
0.00260716
0.00296047
0.00334668
0.00376752
0.00422453
0.00471899
0.00525186
0.00582379
0.00643504
0.00708546
0.00777445
0.00850092
0.00926328
0.0100594
0.0108866
0.0117418
0.012621
0.0135201
0.0144342
0.015358
0.0162858
0.0172114
0.0181284
0.01903
0.0199094
0.0207595
0.0215734
0.0223442
0.023065
0.0237295
0.0243315
0.0248656
0.0253265
0.0257099
0.0260121
0.0262301
0.0263618
0.0264058
0.0263618
0.0262301
0.0260121
0.0257099
0.0253265
0.0248656
0.0243315
0.0237295
0.023065
0.0223442
0.0215734
0.0207595
0.0199094
0.01903
0.0181284
0.0172114
0.0162858
0.015358
0.0144342
0.0135201
0.012621
0.0117418
0.0108866
0.0100594
0.00926328
0.00850092
0.00777445
0.00708546
0.00643504
0.00582379
0.00525186
0.00471899
0.00422453
0.00376752
0.00334668
0.00296047
0.00260716
0.00228482
0.00199135
0.00172456
0.00148217
0.00126181
0.00106109
0.000877562
0.000708786
0.000552297
0.000405633
0.000266333
0.00013194
0
0
0.000116194
0.000234548
0.000357224
0.000486384
0.000624198
0.000772832
0.000934454
0.00111122
0.00130528
0.00151875
0.0017537
0.00201214
0.00229602
0.00260716
0.00294728
0.00331789
0.00372037
0.00415581
0.00462509
0.00512877
0.00566707
0.00623987
0.00684663
0.0074864
0.00815778
0.0088589
0.00958741
0.0103405
0.0111148
0.0119066
0.0127116
0.0135251
0.0143422
0.0151573
0.0159649
0.0167589
0.0175334
0.0182821
0.0189988
0.0196776
0.0203124
0.0208976
0.0214278
0.021898
0.022304
0.0226416
0.0229078
0.0230997
0.0232157
0.0232545
0.0232157
0.0230997
0.0229078
0.0226416
0.022304
0.021898
0.0214278
0.0208976
0.0203124
0.0196776
0.0189988
0.0182821
0.0175334
0.0167589
0.0159649
0.0151573
0.0143422
0.0135251
0.0127116
0.0119066
0.0111148
0.0103405
0.00958741
0.0088589
0.00815778
0.0074864
0.00684663
0.00623987
0.00566707
0.00512877
0.00462509
0.00415581
0.00372037
0.00331789
0.00294728
0.00260716
0.00229602
0.00201214
0.0017537
0.00151875
0.00130528
0.00111122
0.000934454
0.000772832
0.000624198
0.000486384
0.000357224
0.000234548
0.000116194
0
0
0.000101828
0.000205549
0.000313057
0.000426248
0.000547022
0.000677279
0.000818918
0.000973831
0.0011439
0.00133097
0.00153687
0.00176336
0.00201214
0.00228482
0.00258288
0.00290767
0.00326038
0.00364199
0.00405325
0.00449465
0.0049664
0.00546837
0.00600011
0.00656078
0.00714915
0.00776359
0.00840203
0.00906199
0.00974057
0.0104345
0.0111399
0.0118529
0.0125689
0.0132833
0.013991
0.0146868
0.0153655
0.0160217
0.0166498
0.0172446
0.017801
0.0183138
0.0187784
0.0191906
0.0195463
0.0198422
0.0200754
0.0202437
0.0203453
0.0203793
0.0203453
0.0202437
0.0200754
0.0198422
0.0195463
0.0191906
0.0187784
0.0183138
0.017801
0.0172446
0.0166498
0.0160217
0.0153655
0.0146868
0.013991
0.0132833
0.0125689
0.0118529
0.0111399
0.0104345
0.00974057
0.00906199
0.00840203
0.00776359
0.00714915
0.00656078
0.00600011
0.00546837
0.0049664
0.00449465
0.00405325
0.00364199
0.00326038
0.00290767
0.00258288
0.00228482
0.00201214
0.00176336
0.00153687
0.00133097
0.0011439
0.000973831
0.000818918
0.000677279
0.000547022
0.000426248
0.000313057
0.000205549
0.000101828
0
0
8.8749e-05
0.000179148
0.000272847
0.000371499
0.000476761
0.000590287
0.000713734
0.000848749
0.000996971
0.00116002
0.00133947
0.00153687
0.0017537
0.00199135
0.00225112
0.0025342
0.00284161
0.0031742
0.00353264
0.00391734
0.0043285
0.004766
0.00522944
0.0057181
0.00623089
0.00676641
0.00732284
0.00789804
0.00848946
0.00909422
0.00970908
0.0103305
0.0109545
0.0115771
0.0121939
0.0128004
0.0133919
0.0139638
0.0145113
0.0150297
0.0155146
0.0159615
0.0163665
0.0167257
0.0170357
0.0172936
0.0174969
0.0176435
0.0177321
0.0177617
0.0177321
0.0176435
0.0174969
0.0172936
0.0170357
0.0167257
0.0163665
0.0159615
0.0155146
0.0150297
0.0145113
0.0139638
0.0133919
0.0128004
0.0121939
0.0115771
0.0109545
0.0103305
0.00970908
0.00909422
0.00848946
0.00789804
0.00732284
0.00676641
0.00623089
0.0057181
0.00522944
0.004766
0.0043285
0.00391734
0.00353264
0.0031742
0.00284161
0.0025342
0.00225112
0.00199135
0.0017537
0.00153687
0.00133947
0.00116002
0.000996971
0.000848749
0.000713734
0.000590287
0.000476761
0.000371499
0.000272847
0.000179148
8.8749e-05
0
0
7.6859e-05
0.000155147
0.000236293
0.000321729
0.000412888
0.000511205
0.000618113
0.00073504
0.000863404
0.00100461
0.00116002
0.00133097
0.00151875
0.00172456
0.00194953
0.00219469
0.00246091
0.00274894
0.00305936
0.00339253
0.0037486
0.00412748
0.00452884
0.00495203
0.00539612
0.00585989
0.00634178
0.00683992
0.00735211
0.00787584
0.00840833
0.00894647
0.00948692
0.0100261
0.0105603
0.0110855
0.0115978
0.012093
0.0125671
0.0130161
0.013436
0.0138231
0.0141738
0.0144849
0.0147534
0.0149768
0.0151528
0.0152798
0.0153565
0.0153821
0.0153565
0.0152798
0.0151528
0.0149768
0.0147534
0.0144849
0.0141738
0.0138231
0.013436
0.0130161
0.0125671
0.012093
0.0115978
0.0110855
0.0105603
0.0100261
0.00948692
0.00894647
0.00840833
0.00787584
0.00735211
0.00683992
0.00634178
0.00585989
0.00539612
0.00495203
0.00452884
0.00412748
0.0037486
0.00339253
0.00305936
0.00274894
0.00246091
0.00219469
0.00194953
0.00172456
0.00151875
0.00133097
0.00116002
0.00100461
0.000863404
0.00073504
0.000618113
0.000511205
0.000412888
0.000321729
0.000236293
0.000155147
7.6859e-05
0
0
6.60562e-05
0.00013334
0.000203081
0.000276508
0.000354855
0.000439353
0.000531235
0.000631727
0.000742049
0.000863404
0.000996971
0.0011439
0.00130528
0.00148217
0.00167552
0.00188621
0.00211502
0.00236257
0.00262935
0.00291569
0.00322172
0.00354735
0.00389229
0.004256
0.00463768
0.00503626
0.00545042
0.00587854
0.00631874
0.00676886
0.0072265
0.00768901
0.0081535
0.00861691
0.009076
0.0095274
0.00996767
0.0103933
0.0108008
0.0111867
0.0115475
0.0118802
0.0121816
0.012449
0.0126798
0.0128717
0.013023
0.0131321
0.0131981
0.0132201
0.0131981
0.0131321
0.013023
0.0128717
0.0126798
0.012449
0.0121816
0.0118802
0.0115475
0.0111867
0.0108008
0.0103933
0.00996767
0.0095274
0.009076
0.00861691
0.0081535
0.00768901
0.0072265
0.00676886
0.00631874
0.00587854
0.00545042
0.00503626
0.00463768
0.004256
0.00389229
0.00354735
0.00322172
0.00291569
0.00262935
0.00236257
0.00211502
0.00188621
0.00167552
0.00148217
0.00130528
0.0011439
0.000996971
0.000863404
0.000742049
0.000631727
0.000531235
0.000439353
0.000354855
0.000276508
0.000203081
0.00013334
6.60562e-05
0
0
5.62355e-05
0.000113516
0.000172888
0.000235399
0.000302098
0.000374033
0.000452255
0.000537807
0.000631727
0.00073504
0.000848749
0.000973831
0.00111122
0.00126181
0.00142642
0.00160579
0.00180057
0.00201132
0.00223844
0.00248221
0.00274274
0.00301996
0.00331362
0.00362325
0.00394818
0.00428751
0.00464009
0.00500456
0.00537932
0.00576252
0.00615212
0.00654587
0.0069413
0.00733581
0.00772665
0.00811094
0.00848576
0.00884811
0.00919501
0.00952351
0.00983074
0.010114
0.0103706
0.0105982
0.0107946
0.010958
0.0110868
0.0111798
0.0112359
0.0112547
0.0112359
0.0111798
0.0110868
0.010958
0.0107946
0.0105982
0.0103706
0.010114
0.00983074
0.00952351
0.00919501
0.00884811
0.00848576
0.00811094
0.00772665
0.00733581
0.0069413
0.00654587
0.00615212
0.00576252
0.00537932
0.00500456
0.00464009
0.00428751
0.00394818
0.00362325
0.00331362
0.00301996
0.00274274
0.00248221
0.00223844
0.00201132
0.00180057
0.00160579
0.00142642
0.00126181
0.00111122
0.000973831
0.000848749
0.00073504
0.000631727
0.000537807
0.000452255
0.000374033
0.000302098
0.000235399
0.000172888
0.000113516
5.62355e-05
0
0
4.72897e-05
9.54585e-05
0.000145386
0.000197953
0.000254041
0.000314534
0.000380312
0.000452255
0.000531235
0.000618113
0.000713734
0.000818918
0.000934454
0.00106109
0.00119951
0.00135034
0.00151415
0.00169137
0.00188236
0.00208735
0.00230643
0.00253956
0.0027865
0.00304688
0.00332012
0.00360547
0.00390197
0.00420846
0.0045236
0.00484584
0.00517347
0.00550458
0.00583711
0.00616886
0.00649752
0.00682069
0.00713588
0.00744059
0.0077323
0.00800855
0.0082669
0.00850507
0.00872085
0.00891225
0.00907746
0.00921488
0.0093232
0.00940133
0.00944853
0.00946431
0.00944853
0.00940133
0.0093232
0.00921488
0.00907746
0.00891225
0.00872085
0.00850507
0.0082669
0.00800855
0.0077323
0.00744059
0.00713588
0.00682069
0.00649752
0.00616886
0.00583711
0.00550458
0.00517347
0.00484584
0.0045236
0.00420846
0.00390197
0.00360547
0.00332012
0.00304688
0.0027865
0.00253956
0.00230643
0.00208735
0.00188236
0.00169137
0.00151415
0.00135034
0.00119951
0.00106109
0.000934454
0.000818918
0.000713734
0.000618113
0.000531235
0.000452255
0.000380312
0.000314534
0.000254041
0.000197953
0.000145386
9.54585e-05
4.72897e-05
0
0
3.91106e-05
7.89481e-05
0.00012024
0.000163715
0.000210103
0.000260132
0.000314534
0.000374033
0.000439353
0.000511205
0.000590287
0.000677279
0.000772832
0.000877562
0.000992042
0.00111679
0.00125226
0.00139883
0.00155679
0.00172632
0.00190752
0.00210032
0.00230455
0.0025199
0.00274588
0.00298187
0.00322709
0.00348057
0.0037412
0.00400771
0.00427867
0.00455251
0.00482753
0.0051019
0.00537372
0.00564099
0.00590167
0.00615367
0.00639493
0.0066234
0.00683707
0.00703404
0.00721251
0.0073708
0.00750743
0.00762109
0.00771067
0.00777529
0.00781432
0.00782737
0.00781432
0.00777529
0.00771067
0.00762109
0.00750743
0.0073708
0.00721251
0.00703404
0.00683707
0.0066234
0.00639493
0.00615367
0.00590167
0.00564099
0.00537372
0.0051019
0.00482753
0.00455251
0.00427867
0.00400771
0.0037412
0.00348057
0.00322709
0.00298187
0.00274588
0.0025199
0.00230455
0.00210032
0.00190752
0.00172632
0.00155679
0.00139883
0.00125226
0.00111679
0.000992042
0.000877562
0.000772832
0.000677279
0.000590287
0.000511205
0.000439353
0.000374033
0.000314534
0.000260132
0.000210103
0.000163715
0.00012024
7.89481e-05
3.91106e-05
0
0
3.15887e-05
6.37645e-05
9.71151e-05
0.000132229
0.000169695
0.000210103
0.000254041
0.000302098
0.000354855
0.000412888
0.000476761
0.000547022
0.000624198
0.000708786
0.000801249
0.000902005
0.00101142
0.0011298
0.00125738
0.00139431
0.00154065
0.00169638
0.00186133
0.00203526
0.00221778
0.00240839
0.00260644
0.00281117
0.00302168
0.00323693
0.00345578
0.00367695
0.00389908
0.00412068
0.00434022
0.00455609
0.00476663
0.00497017
0.00516503
0.00534956
0.00552214
0.00568123
0.00582537
0.00595322
0.00606357
0.00615537
0.00622772
0.00627991
0.00631144
0.00632198
0.00631144
0.00627991
0.00622772
0.00615537
0.00606357
0.00595322
0.00582537
0.00568123
0.00552214
0.00534956
0.00516503
0.00497017
0.00476663
0.00455609
0.00434022
0.00412068
0.00389908
0.00367695
0.00345578
0.00323693
0.00302168
0.00281117
0.00260644
0.00240839
0.00221778
0.00203526
0.00186133
0.00169638
0.00154065
0.00139431
0.00125738
0.0011298
0.00101142
0.000902005
0.000801249
0.000708786
0.000624198
0.000547022
0.000476761
0.000412888
0.000354855
0.000302098
0.000254041
0.000210103
0.000169695
0.000132229
9.71151e-05
6.37645e-05
3.15887e-05
0
0
2.46144e-05
4.96863e-05
7.56736e-05
0.000103035
0.000132229
0.000163715
0.000197953
0.000235399
0.000276508
0.000321729
0.000371499
0.000426248
0.000486384
0.000552297
0.000624345
0.000702856
0.000788115
0.000880359
0.000979771
0.00108647
0.0012005
0.00132184
0.00145038
0.0015859
0.00172813
0.00187665
0.00203098
0.00219051
0.00235454
0.00252227
0.0026928
0.00286514
0.00303822
0.0032109
0.00338197
0.00355018
0.00371423
0.00387284
0.00402467
0.00416846
0.00430294
0.0044269
0.00453922
0.00463884
0.00472483
0.00479636
0.00485274
0.00489341
0.00491797
0.00492619
0.00491797
0.00489341
0.00485274
0.00479636
0.00472483
0.00463884
0.00453922
0.0044269
0.00430294
0.00416846
0.00402467
0.00387284
0.00371423
0.00355018
0.00338197
0.0032109
0.00303822
0.00286514
0.0026928
0.00252227
0.00235454
0.00219051
0.00203098
0.00187665
0.00172813
0.0015859
0.00145038
0.00132184
0.0012005
0.00108647
0.000979771
0.000880359
0.000788115
0.000702856
0.000624345
0.000552297
0.000486384
0.000426248
0.000371499
0.000321729
0.000276508
0.000235399
0.000197953
0.000163715
0.000132229
0.000103035
7.56736e-05
4.96863e-05
2.46144e-05
0
0
1.8078e-05
3.6492e-05
5.55783e-05
7.56736e-05
9.71151e-05
0.00012024
0.000145386
0.000172888
0.000203081
0.000236293
0.000272847
0.000313057
0.000357224
0.000405633
0.000458549
0.000516211
0.000578829
0.000646578
0.00071959
0.000797954
0.000881705
0.000970823
0.00106523
0.00116476
0.00126922
0.0013783
0.00149165
0.00160881
0.00172928
0.00185247
0.00197772
0.00210429
0.00223141
0.00235824
0.00248388
0.00260742
0.00272791
0.00284439
0.00295591
0.00306151
0.00316028
0.00325132
0.00333381
0.00340698
0.00347014
0.00352267
0.00356408
0.00359395
0.00361199
0.00361802
0.00361199
0.00359395
0.00356408
0.00352267
0.00347014
0.00340698
0.00333381
0.00325132
0.00316028
0.00306151
0.00295591
0.00284439
0.00272791
0.00260742
0.00248388
0.00235824
0.00223141
0.00210429
0.00197772
0.00185247
0.00172928
0.00160881
0.00149165
0.0013783
0.00126922
0.00116476
0.00106523
0.000970823
0.000881705
0.000797954
0.00071959
0.000646578
0.000578829
0.000516211
0.000458549
0.000405633
0.000357224
0.000313057
0.000272847
0.000236293
0.000203081
0.000172888
0.000145386
0.00012024
9.71151e-05
7.56736e-05
5.55783e-05
3.6492e-05
1.8078e-05
0
0
1.18698e-05
2.39601e-05
3.6492e-05
4.96863e-05
6.37645e-05
7.89481e-05
9.54585e-05
0.000113516
0.00013334
0.000155147
0.000179148
0.000205549
0.000234548
0.000266333
0.000301077
0.000338937
0.000380052
0.000424534
0.000472473
0.000523926
0.000578916
0.00063743
0.000699413
0.000764768
0.000833353
0.000904975
0.000979396
0.00105633
0.00113543
0.00121631
0.00129854
0.00138165
0.00146512
0.00154839
0.00163088
0.001712
0.00179111
0.00186759
0.00194081
0.00201015
0.002075
0.00213478
0.00218894
0.00223698
0.00227845
0.00231294
0.00234013
0.00235974
0.00237158
0.00237555
0.00237158
0.00235974
0.00234013
0.00231294
0.00227845
0.00223698
0.00218894
0.00213478
0.002075
0.00201015
0.00194081
0.00186759
0.00179111
0.001712
0.00163088
0.00154839
0.00146512
0.00138165
0.00129854
0.00121631
0.00113543
0.00105633
0.000979396
0.000904975
0.000833353
0.000764768
0.000699413
0.00063743
0.000578916
0.000523926
0.000472473
0.000424534
0.000380052
0.000338937
0.000301077
0.000266333
0.000234548
0.000205549
0.000179148
0.000155147
0.00013334
0.000113516
9.54585e-05
7.89481e-05
6.37645e-05
4.96863e-05
3.6492e-05
2.39601e-05
1.18698e-05
0
0
5.88023e-06
1.18698e-05
1.8078e-05
2.46144e-05
3.15887e-05
3.91106e-05
4.72897e-05
5.62355e-05
6.60562e-05
7.6859e-05
8.8749e-05
0.000101828
0.000116194
0.00013194
0.000149152
0.000167908
0.000188276
0.000210313
0.000234061
0.000259551
0.000286793
0.00031578
0.000346486
0.000378863
0.000412839
0.000448321
0.000485188
0.000523299
0.000562485
0.000602555
0.000643293
0.000684464
0.000725813
0.000767064
0.000807932
0.000848116
0.000887308
0.000925197
0.00096147
0.000995819
0.00102795
0.00105756
0.00108439
0.00110819
0.00112873
0.00114582
0.00115929
0.001169
0.00117487
0.00117684
0.00117487
0.001169
0.00115929
0.00114582
0.00112873
0.00110819
0.00108439
0.00105756
0.00102795
0.000995819
0.00096147
0.000925197
0.000887308
0.000848116
0.000807932
0.000767064
0.000725813
0.000684464
0.000643293
0.000602555
0.000562485
0.000523299
0.000485188
0.000448321
0.000412839
0.000378863
0.000346486
0.00031578
0.000286793
0.000259551
0.000234061
0.000210313
0.000188276
0.000167908
0.000149152
0.00013194
0.000116194
0.000101828
8.8749e-05
7.6859e-05
6.60562e-05
5.62355e-05
4.72897e-05
3.91106e-05
3.15887e-05
2.46144e-05
1.8078e-05
1.18698e-05
5.88023e-06
0
0
0
0
0
0
0
0
0
0
0
0
0
0
0
0
0
0
0
0
0
0
0
0
0
0
0
0
0
0
0
0
0
0
0
0
0
0
0
0
0
0
0
0
0
0
0
0
0
0
0
0
0
0
0
0
0
0
0
0
0
0
0
0
0
0
0
0
0
0
0
0
0
0
0
0
0
0
0
0
0
0
0
0
0
0
0
0
0
0
0
0
0
0
0
0
0
0
0
0
0
0
