# vtk DataFile Version 3.0
Heat2D data at time 0.18
ASCII
DATASET STRUCTURED_POINTS
DIMENSIONS 101 101 1
ORIGIN 0 0 0
SPACING 0.01 0.01 1
POINT_DATA 10201
SCALARS temperature double
LOOKUP_TABLE default
0
0
0
0
0
0
0
0
0
0
0
0
0
0
0
0
0
0
0
0
0
0
0
0
0
0
0
0
0
0
0
0
0
0
0
0
0
0
0
0
0
0
0
0
0
0
0
0
0
0
0
0
0
0
0
0
0
0
0
0
0
0
0
0
0
0
0
0
0
0
0
0
0
0
0
0
0
0
0
0
0
0
0
0
0
0
0
0
0
0
0
0
0
0
0
0
0
0
0
0
0
0
2.07588e-05
4.16903e-05
6.29658e-05
8.47547e-05
0.000107223
0.000130531
0.000154836
0.000180284
0.000207018
0.000235166
0.000264849
0.000296175
0.000329237
0.000364114
0.000400869
0.000439547
0.000480174
0.000522757
0.000567281
0.000613708
0.000661981
0.000712014
0.000763703
0.000816915
0.000871497
0.000927271
0.000984036
0.00104157
0.00109962
0.00115794
0.00121624
0.00127423
0.00133159
0.00138802
0.00144318
0.00149675
0.0015484
0.00159779
0.00164462
0.00168856
0.00172932
0.00176662
0.0018002
0.00182981
0.00185524
0.00187631
0.00189287
0.00190478
0.00191196
0.00191436
0.00191196
0.00190478
0.00189287
0.00187631
0.00185524
0.00182981
0.0018002
0.00176662
0.00172932
0.00168856
0.00164462
0.00159779
0.0015484
0.00149675
0.00144318
0.00138802
0.00133159
0.00127423
0.00121624
0.00115794
0.00109962
0.00104157
0.000984036
0.000927271
0.000871497
0.000816915
0.000763703
0.000712014
0.000661981
0.000613708
0.000567281
0.000522757
0.000480174
0.000439547
0.000400869
0.000364114
0.000329237
0.000296175
0.000264849
0.000235166
0.000207018
0.000180284
0.000154836
0.000130531
0.000107223
8.47547e-05
6.29658e-05
4.16903e-05
2.07588e-05
0
0
4.16903e-05
8.37272e-05
0.000126455
0.000170214
0.000215337
0.000262148
0.000310959
0.000362068
0.000415757
0.000472288
0.000531901
0.000594813
0.000661212
0.000731256
0.000805071
0.000882749
0.000964342
0.00104986
0.00113928
0.00123252
0.00132947
0.00142995
0.00153376
0.00164062
0.00175024
0.00186225
0.00197625
0.0020918
0.00220839
0.00232551
0.0024426
0.00255905
0.00267426
0.00278758
0.00289837
0.00300595
0.00310967
0.00320887
0.00330291
0.00339116
0.00347303
0.00354794
0.00361537
0.00367484
0.00372591
0.00376823
0.00380147
0.0038254
0.00383982
0.00384464
0.00383982
0.0038254
0.00380147
0.00376823
0.00372591
0.00367484
0.00361537
0.00354794
0.00347303
0.00339116
0.00330291
0.00320887
0.00310967
0.00300595
0.00289837
0.00278758
0.00267426
0.00255905
0.0024426
0.00232551
0.00220839
0.0020918
0.00197625
0.00186225
0.00175024
0.00164062
0.00153376
0.00142995
0.00132947
0.00123252
0.00113928
0.00104986
0.000964342
0.000882749
0.000805071
0.000731256
0.000661212
0.000594813
0.000531901
0.000472288
0.000415757
0.000362068
0.000310959
0.000262148
0.000215337
0.000170214
0.000126455
8.37272e-05
4.16903e-05
0
0
6.29658e-05
0.000126455
0.000190988
0.000257079
0.000325229
0.000395929
0.000469649
0.00054684
0.000627928
0.000713308
0.000803343
0.00089836
0.000998644
0.00110443
0.00121592
0.00133324
0.00145647
0.00158563
0.00172068
0.00186151
0.00200792
0.00215969
0.00231647
0.00247787
0.00264343
0.00281261
0.00298478
0.00315929
0.00333539
0.00351228
0.00368912
0.003865
0.004039
0.00421016
0.00437747
0.00453996
0.00469661
0.00484644
0.00498847
0.00512176
0.0052454
0.00535854
0.00546038
0.00555019
0.00562734
0.00569125
0.00574146
0.00577759
0.00579938
0.00580666
0.00579938
0.00577759
0.00574146
0.00569125
0.00562734
0.00555019
0.00546038
0.00535854
0.0052454
0.00512176
0.00498847
0.00484644
0.00469661
0.00453996
0.00437747
0.00421016
0.004039
0.003865
0.00368912
0.00351228
0.00333539
0.00315929
0.00298478
0.00281261
0.00264343
0.00247787
0.00231647
0.00215969
0.00200792
0.00186151
0.00172068
0.00158563
0.00145647
0.00133324
0.00121592
0.00110443
0.000998644
0.00089836
0.000803343
0.000713308
0.000627928
0.00054684
0.000469649
0.000395929
0.000325229
0.000257079
0.000190988
0.000126455
6.29658e-05
0
0
8.47547e-05
0.000170214
0.000257079
0.000346039
0.000437772
0.000532937
0.000632168
0.000736071
0.000845218
0.000960143
0.00108133
0.00120923
0.00134422
0.00148662
0.00163668
0.0017946
0.00196047
0.00213433
0.00231611
0.00250567
0.00270275
0.00290703
0.00311807
0.00333533
0.00355817
0.00378589
0.00401765
0.00425254
0.00448958
0.00472768
0.00496571
0.00520246
0.00543667
0.00566705
0.00589227
0.00611098
0.00632184
0.00652352
0.0067147
0.00689411
0.00706053
0.00721282
0.0073499
0.0074708
0.00757464
0.00766067
0.00772825
0.00777688
0.00780621
0.00781601
0.00780621
0.00777688
0.00772825
0.00766067
0.00757464
0.0074708
0.0073499
0.00721282
0.00706053
0.00689411
0.0067147
0.00652352
0.00632184
0.00611098
0.00589227
0.00566705
0.00543667
0.00520246
0.00496571
0.00472768
0.00448958
0.00425254
0.00401765
0.00378589
0.00355817
0.00333533
0.00311807
0.00290703
0.00270275
0.00250567
0.00231611
0.00213433
0.00196047
0.0017946
0.00163668
0.00148662
0.00134422
0.00120923
0.00108133
0.000960143
0.000845218
0.000736071
0.000632168
0.000532937
0.000437772
0.000346039
0.000257079
0.000170214
8.47547e-05
0
0
0.000107223
0.000215337
0.000325229
0.000437772
0.000553824
0.000674216
0.000799752
0.000931199
0.00106928
0.00121467
0.00136799
0.00152979
0.00170056
0.00188071
0.00207056
0.00227033
0.00248018
0.00270013
0.0029301
0.00316991
0.00341924
0.00367767
0.00394465
0.0042195
0.00450143
0.00478951
0.00508271
0.00537987
0.00567975
0.00598097
0.0062821
0.00658161
0.00687791
0.00716936
0.00745428
0.00773097
0.00799774
0.00825287
0.00849473
0.00872171
0.00893225
0.00912491
0.00929833
0.00945127
0.00958264
0.00969148
0.00977697
0.0098385
0.0098756
0.009888
0.0098756
0.0098385
0.00977697
0.00969148
0.00958264
0.00945127
0.00929833
0.00912491
0.00893225
0.00872171
0.00849473
0.00825287
0.00799774
0.00773097
0.00745428
0.00716936
0.00687791
0.00658161
0.0062821
0.00598097
0.00567975
0.00537987
0.00508271
0.00478951
0.00450143
0.0042195
0.00394465
0.00367767
0.00341924
0.00316991
0.0029301
0.00270013
0.00248018
0.00227033
0.00207056
0.00188071
0.00170056
0.00152979
0.00136799
0.00121467
0.00106928
0.000931199
0.000799752
0.000674216
0.000553824
0.000437772
0.000325229
0.000215337
0.000107223
0
0
0.000130531
0.000262148
0.000395929
0.000532937
0.000674216
0.00082078
0.000973606
0.00113363
0.00130173
0.00147872
0.00166537
0.00186235
0.00207024
0.00228955
0.00252066
0.00276387
0.00301933
0.00328709
0.00356706
0.00385899
0.00416253
0.00447714
0.00480216
0.00513676
0.00547997
0.00583067
0.00618761
0.00654937
0.00691443
0.00728114
0.00764773
0.00801234
0.00837306
0.00872786
0.00907472
0.00941156
0.00973631
0.0100469
0.0103414
0.0106177
0.010874
0.0111085
0.0113196
0.0115058
0.0116658
0.0117982
0.0119023
0.0119772
0.0120224
0.0120375
0.0120224
0.0119772
0.0119023
0.0117982
0.0116658
0.0115058
0.0113196
0.0111085
0.010874
0.0106177
0.0103414
0.0100469
0.00973631
0.00941156
0.00907472
0.00872786
0.00837306
0.00801234
0.00764773
0.00728114
0.00691443
0.00654937
0.00618761
0.00583067
0.00547997
0.00513676
0.00480216
0.00447714
0.00416253
0.00385899
0.00356706
0.00328709
0.00301933
0.00276387
0.00252066
0.00228955
0.00207024
0.00186235
0.00166537
0.00147872
0.00130173
0.00113363
0.000973606
0.00082078
0.000674216
0.000532937
0.000395929
0.000262148
0.000130531
0
0
0.000154836
0.000310959
0.000469649
0.000632168
0.000799752
0.000973606
0.00115489
0.0013447
0.0015441
0.00175405
0.00197546
0.00220911
0.00245571
0.00271585
0.00299
0.00327849
0.00358152
0.00389914
0.00423123
0.00457752
0.00493757
0.00531076
0.0056963
0.0060932
0.00650032
0.00691632
0.00733972
0.00776884
0.00820187
0.00863685
0.0090717
0.00950421
0.00993209
0.010353
0.0107644
0.011164
0.0115492
0.0119176
0.0122669
0.0125946
0.0128987
0.0131769
0.0134273
0.0136482
0.0138379
0.013995
0.0141185
0.0142073
0.0142609
0.0142788
0.0142609
0.0142073
0.0141185
0.013995
0.0138379
0.0136482
0.0134273
0.0131769
0.0128987
0.0125946
0.0122669
0.0119176
0.0115492
0.011164
0.0107644
0.010353
0.00993209
0.00950421
0.0090717
0.00863685
0.00820187
0.00776884
0.00733972
0.00691632
0.00650032
0.0060932
0.0056963
0.00531076
0.00493757
0.00457752
0.00423123
0.00389914
0.00358152
0.00327849
0.00299
0.00271585
0.00245571
0.00220911
0.00197546
0.00175405
0.0015441
0.0013447
0.00115489
0.000973606
0.000799752
0.000632168
0.000469649
0.000310959
0.000154836
0
0
0.000180284
0.000362068
0.00054684
0.000736071
0.000931199
0.00113363
0.0013447
0.00156572
0.00179789
0.00204235
0.00230014
0.0025722
0.00285933
0.00316223
0.00348143
0.00381734
0.00417018
0.00454
0.00492667
0.00532988
0.00574911
0.00618364
0.00663254
0.00709468
0.00756871
0.00805309
0.00854607
0.00904572
0.00954993
0.0100564
0.0105627
0.0110663
0.0115645
0.0120546
0.0125336
0.0129989
0.0134474
0.0138764
0.014283
0.0146647
0.0150187
0.0153426
0.0156342
0.0158914
0.0161123
0.0162952
0.016439
0.0165425
0.0166048
0.0166257
0.0166048
0.0165425
0.016439
0.0162952
0.0161123
0.0158914
0.0156342
0.0153426
0.0150187
0.0146647
0.014283
0.0138764
0.0134474
0.0129989
0.0125336
0.0120546
0.0115645
0.0110663
0.0105627
0.0100564
0.00954993
0.00904572
0.00854607
0.00805309
0.00756871
0.00709468
0.00663254
0.00618364
0.00574911
0.00532988
0.00492667
0.00454
0.00417018
0.00381734
0.00348143
0.00316223
0.00285933
0.0025722
0.00230014
0.00204235
0.00179789
0.00156572
0.0013447
0.00113363
0.000931199
0.000736071
0.00054684
0.000362068
0.000180284
0
0
0.000207018
0.000415757
0.000627928
0.000845218
0.00106928
0.00130173
0.0015441
0.00179789
0.00206449
0.0023452
0.00264122
0.00295361
0.00328332
0.00363113
0.00399767
0.00438339
0.00478855
0.00521321
0.00565722
0.00612022
0.00660161
0.00710057
0.00761604
0.0081467
0.00869102
0.00924723
0.00981331
0.0103871
0.010966
0.0115476
0.012129
0.0127073
0.0132794
0.0138421
0.0143922
0.0149264
0.0154414
0.015934
0.016401
0.0168392
0.0172457
0.0176177
0.0179525
0.0182478
0.0185014
0.0187116
0.0188766
0.0189954
0.0190671
0.019091
0.0190671
0.0189954
0.0188766
0.0187116
0.0185014
0.0182478
0.0179525
0.0176177
0.0172457
0.0168392
0.016401
0.015934
0.0154414
0.0149264
0.0143922
0.0138421
0.0132794
0.0127073
0.012129
0.0115476
0.010966
0.0103871
0.00981331
0.00924723
0.00869102
0.0081467
0.00761604
0.00710057
0.00660161
0.00612022
0.00565722
0.00521321
0.00478855
0.00438339
0.00399767
0.00363113
0.00328332
0.00295361
0.00264122
0.0023452
0.00206449
0.00179789
0.0015441
0.00130173
0.00106928
0.000845218
0.000627928
0.000415757
0.000207018
0
0
0.000235166
0.000472288
0.000713308
0.000960143
0.00121467
0.00147872
0.00175405
0.00204235
0.0023452
0.00266408
0.00300034
0.00335522
0.00372976
0.00412486
0.00454124
0.0049794
0.00543965
0.00592205
0.00642644
0.00695239
0.00749924
0.00806605
0.0086516
0.00925442
0.00987275
0.0105046
0.0111476
0.0117994
0.0124571
0.0131177
0.0137782
0.0144351
0.015085
0.0157242
0.0163491
0.0169559
0.017541
0.0181006
0.0186311
0.0191289
0.0195906
0.0200132
0.0203935
0.020729
0.0210171
0.0212558
0.0214433
0.0215783
0.0216596
0.0216868
0.0216596
0.0215783
0.0214433
0.0212558
0.0210171
0.020729
0.0203935
0.0200132
0.0195906
0.0191289
0.0186311
0.0181006
0.017541
0.0169559
0.0163491
0.0157242
0.015085
0.0144351
0.0137782
0.0131177
0.0124571
0.0117994
0.0111476
0.0105046
0.00987275
0.00925442
0.0086516
0.00806605
0.00749924
0.00695239
0.00642644
0.00592205
0.00543965
0.0049794
0.00454124
0.00412486
0.00372976
0.00335522
0.00300034
0.00266408
0.0023452
0.00204235
0.00175405
0.00147872
0.00121467
0.000960143
0.000713308
0.000472288
0.000235166
0
0
0.000264849
0.000531901
0.000803343
0.00108133
0.00136799
0.00166537
0.00197546
0.00230014
0.00264122
0.00300034
0.00337906
0.00377872
0.00420054
0.00464551
0.00511445
0.00560792
0.00612626
0.00666955
0.0072376
0.00782994
0.00844581
0.00908416
0.00974362
0.0104225
0.0111189
0.0118305
0.0125547
0.0132887
0.0140295
0.0147735
0.0155173
0.0162571
0.016989
0.0177089
0.0184127
0.0190962
0.0197551
0.0203853
0.0209827
0.0215434
0.0220634
0.0225393
0.0229677
0.0233454
0.0236699
0.0239388
0.0241499
0.0243019
0.0243936
0.0244242
0.0243936
0.0243019
0.0241499
0.0239388
0.0236699
0.0233454
0.0229677
0.0225393
0.0220634
0.0215434
0.0209827
0.0203853
0.0197551
0.0190962
0.0184127
0.0177089
0.016989
0.0162571
0.0155173
0.0147735
0.0140295
0.0132887
0.0125547
0.0118305
0.0111189
0.0104225
0.00974362
0.00908416
0.00844581
0.00782994
0.0072376
0.00666955
0.00612626
0.00560792
0.00511445
0.00464551
0.00420054
0.00377872
0.00337906
0.00300034
0.00264122
0.00230014
0.00197546
0.00166537
0.00136799
0.00108133
0.000803343
0.000531901
0.000264849
0
0
0.000296175
0.000594813
0.00089836
0.00120923
0.00152979
0.00186235
0.00220911
0.0025722
0.00295361
0.00335522
0.00377872
0.00422566
0.00469736
0.00519497
0.00571937
0.00627121
0.00685085
0.0074584
0.00809364
0.00875604
0.00944476
0.0101586
0.0108961
0.0116553
0.012434
0.0132298
0.0140397
0.0148605
0.0156888
0.0165209
0.0173527
0.01818
0.0189984
0.0198035
0.0205905
0.0213548
0.0220917
0.0227964
0.0234645
0.0240914
0.024673
0.0252052
0.0256842
0.0261067
0.0264696
0.0267702
0.0270063
0.0271763
0.0272788
0.027313
0.0272788
0.0271763
0.0270063
0.0267702
0.0264696
0.0261067
0.0256842
0.0252052
0.024673
0.0240914
0.0234645
0.0227964
0.0220917
0.0213548
0.0205905
0.0198035
0.0189984
0.01818
0.0173527
0.0165209
0.0156888
0.0148605
0.0140397
0.0132298
0.012434
0.0116553
0.0108961
0.0101586
0.00944476
0.00875604
0.00809364
0.0074584
0.00685085
0.00627121
0.00571937
0.00519497
0.00469736
0.00422566
0.00377872
0.00335522
0.00295361
0.0025722
0.00220911
0.00186235
0.00152979
0.00120923
0.00089836
0.000594813
0.000296175
0
0
0.000329237
0.000661212
0.000998644
0.00134422
0.00170056
0.00207024
0.00245571
0.00285933
0.00328332
0.00372976
0.00420054
0.00469736
0.00522173
0.00577488
0.00635782
0.00697126
0.00761561
0.00829098
0.00899713
0.00973348
0.0104991
0.0112926
0.0121124
0.0129564
0.013822
0.0147066
0.0156069
0.0165194
0.0174402
0.0183651
0.0192897
0.0202094
0.0211192
0.0220141
0.022889
0.0237386
0.0245577
0.0253412
0.0260838
0.0267808
0.0274272
0.0280188
0.0285513
0.029021
0.0294243
0.0297585
0.030021
0.03021
0.0303239
0.030362
0.0303239
0.03021
0.030021
0.0297585
0.0294243
0.029021
0.0285513
0.0280188
0.0274272
0.0267808
0.0260838
0.0253412
0.0245577
0.0237386
0.022889
0.0220141
0.0211192
0.0202094
0.0192897
0.0183651
0.0174402
0.0165194
0.0156069
0.0147066
0.013822
0.0129564
0.0121124
0.0112926
0.0104991
0.00973348
0.00899713
0.00829098
0.00761561
0.00697126
0.00635782
0.00577488
0.00522173
0.00469736
0.00420054
0.00372976
0.00328332
0.00285933
0.00245571
0.00207024
0.00170056
0.00134422
0.000998644
0.000661212
0.000329237
0
0
0.000364114
0.000731256
0.00110443
0.00148662
0.00188071
0.00228955
0.00271585
0.00316223
0.00363113
0.00412486
0.00464551
0.00519497
0.00577488
0.00638664
0.00703133
0.00770975
0.00842236
0.00916927
0.00995022
0.0107646
0.0116113
0.0124889
0.0133955
0.0143289
0.0152862
0.0162645
0.0172602
0.0182693
0.0192876
0.0203106
0.0213332
0.0223502
0.0233564
0.0243462
0.0253137
0.0262533
0.0271592
0.0280256
0.028847
0.0296177
0.0303327
0.0309869
0.0315759
0.0320952
0.0325413
0.0329109
0.0332013
0.0334102
0.0335362
0.0335783
0.0335362
0.0334102
0.0332013
0.0329109
0.0325413
0.0320952
0.0315759
0.0309869
0.0303327
0.0296177
0.028847
0.0280256
0.0271592
0.0262533
0.0253137
0.0243462
0.0233564
0.0223502
0.0213332
0.0203106
0.0192876
0.0182693
0.0172602
0.0162645
0.0152862
0.0143289
0.0133955
0.0124889
0.0116113
0.0107646
0.00995022
0.00916927
0.00842236
0.00770975
0.00703133
0.00638664
0.00577488
0.00519497
0.00464551
0.00412486
0.00363113
0.00316223
0.00271585
0.00228955
0.00188071
0.00148662
0.00110443
0.000731256
0.000364114
0
0
0.000400869
0.000805071
0.00121592
0.00163668
0.00207056
0.00252066
0.00299
0.00348143
0.00399767
0.00454124
0.00511445
0.00571937
0.00635782
0.00703133
0.00774109
0.008488
0.00927254
0.0100948
0.0109546
0.0118512
0.0127834
0.0137495
0.0147477
0.0157753
0.0168293
0.0179063
0.0190025
0.0201135
0.0212346
0.0223608
0.0234866
0.0246064
0.0257141
0.0268038
0.027869
0.0289034
0.0299008
0.0308546
0.0317589
0.0326074
0.0333946
0.0341149
0.0347632
0.0353351
0.0358262
0.0362331
0.0365527
0.0367828
0.0369215
0.0369678
0.0369215
0.0367828
0.0365527
0.0362331
0.0358262
0.0353351
0.0347632
0.0341149
0.0333946
0.0326074
0.0317589
0.0308546
0.0299008
0.0289034
0.027869
0.0268038
0.0257141
0.0246064
0.0234866
0.0223608
0.0212346
0.0201135
0.0190025
0.0179063
0.0168293
0.0157753
0.0147477
0.0137495
0.0127834
0.0118512
0.0109546
0.0100948
0.00927254
0.008488
0.00774109
0.00703133
0.00635782
0.00571937
0.00511445
0.00454124
0.00399767
0.00348143
0.00299
0.00252066
0.00207056
0.00163668
0.00121592
0.000805071
0.000400869
0
0
0.000439547
0.000882749
0.00133324
0.0017946
0.00227033
0.00276387
0.00327849
0.00381734
0.00438339
0.0049794
0.00560792
0.00627121
0.00697126
0.00770975
0.008488
0.00930696
0.0101672
0.0110689
0.0120116
0.0129947
0.0140168
0.0150762
0.0161706
0.0172974
0.0184531
0.019634
0.020836
0.0220541
0.0232834
0.0245183
0.0257527
0.0269805
0.0281952
0.0293899
0.0305579
0.0316922
0.0327858
0.0338317
0.0348231
0.0357536
0.0366167
0.0374065
0.0381174
0.0387444
0.0392829
0.039729
0.0400795
0.0403318
0.0404838
0.0405347
0.0404838
0.0403318
0.0400795
0.039729
0.0392829
0.0387444
0.0381174
0.0374065
0.0366167
0.0357536
0.0348231
0.0338317
0.0327858
0.0316922
0.0305579
0.0293899
0.0281952
0.0269805
0.0257527
0.0245183
0.0232834
0.0220541
0.020836
0.019634
0.0184531
0.0172974
0.0161706
0.0150762
0.0140168
0.0129947
0.0120116
0.0110689
0.0101672
0.00930696
0.008488
0.00770975
0.00697126
0.00627121
0.00560792
0.0049794
0.00438339
0.00381734
0.00327849
0.00276387
0.00227033
0.0017946
0.00133324
0.000882749
0.000439547
0
0
0.000480174
0.000964342
0.00145647
0.00196047
0.00248018
0.00301933
0.00358152
0.00417018
0.00478855
0.00543965
0.00612626
0.00685085
0.00761561
0.00842236
0.00927254
0.0101672
0.011107
0.0120919
0.0131218
0.0141957
0.0153123
0.0164697
0.0176653
0.0188961
0.0201587
0.0214488
0.0227618
0.0240926
0.0254355
0.0267845
0.028133
0.0294743
0.0308012
0.0321064
0.0333824
0.0346215
0.0358161
0.0369587
0.0380418
0.0390583
0.0400012
0.0408639
0.0416406
0.0423255
0.0429138
0.0434012
0.0437841
0.0440596
0.0442258
0.0442813
0.0442258
0.0440596
0.0437841
0.0434012
0.0429138
0.0423255
0.0416406
0.0408639
0.0400012
0.0390583
0.0380418
0.0369587
0.0358161
0.0346215
0.0333824
0.0321064
0.0308012
0.0294743
0.028133
0.0267845
0.0254355
0.0240926
0.0227618
0.0214488
0.0201587
0.0188961
0.0176653
0.0164697
0.0153123
0.0141957
0.0131218
0.0120919
0.011107
0.0101672
0.00927254
0.00842236
0.00761561
0.00685085
0.00612626
0.00543965
0.00478855
0.00417018
0.00358152
0.00301933
0.00248018
0.00196047
0.00145647
0.000964342
0.000480174
0
0
0.000522757
0.00104986
0.00158563
0.00213433
0.00270013
0.00328709
0.00389914
0.00454
0.00521321
0.00592205
0.00666955
0.0074584
0.00829098
0.00916927
0.0100948
0.0110689
0.0120919
0.0131643
0.0142855
0.0154547
0.0166703
0.0179302
0.0192319
0.0205719
0.0219464
0.0233509
0.0247804
0.0262292
0.0276912
0.0291598
0.0306279
0.0320882
0.0335328
0.0349537
0.0363428
0.0376918
0.0389924
0.0402363
0.0414155
0.0425221
0.0435485
0.0444878
0.0453333
0.046079
0.0467195
0.0472501
0.0476669
0.0479669
0.0481478
0.0482082
0.0481478
0.0479669
0.0476669
0.0472501
0.0467195
0.046079
0.0453333
0.0444878
0.0435485
0.0425221
0.0414155
0.0402363
0.0389924
0.0376918
0.0363428
0.0349537
0.0335328
0.0320882
0.0306279
0.0291598
0.0276912
0.0262292
0.0247804
0.0233509
0.0219464
0.0205719
0.0192319
0.0179302
0.0166703
0.0154547
0.0142855
0.0131643
0.0120919
0.0110689
0.0100948
0.00916927
0.00829098
0.0074584
0.00666955
0.00592205
0.00521321
0.00454
0.00389914
0.00328709
0.00270013
0.00213433
0.00158563
0.00104986
0.000522757
0
0
0.000567281
0.00113928
0.00172068
0.00231611
0.0029301
0.00356706
0.00423123
0.00492667
0.00565722
0.00642644
0.0072376
0.00809364
0.00899713
0.00995022
0.0109546
0.0120116
0.0131218
0.0142855
0.0155022
0.0167709
0.0180901
0.0194574
0.0208699
0.022324
0.0238156
0.0253397
0.026891
0.0284632
0.0300497
0.0316434
0.0332365
0.0348211
0.0363888
0.0379307
0.0394382
0.0409021
0.0423134
0.0436633
0.0449429
0.0461437
0.0472576
0.0482769
0.0491944
0.0500036
0.0506986
0.0512744
0.0517268
0.0520523
0.0522486
0.0523142
0.0522486
0.0520523
0.0517268
0.0512744
0.0506986
0.0500036
0.0491944
0.0482769
0.0472576
0.0461437
0.0449429
0.0436633
0.0423134
0.0409021
0.0394382
0.0379307
0.0363888
0.0348211
0.0332365
0.0316434
0.0300497
0.0284632
0.026891
0.0253397
0.0238156
0.022324
0.0208699
0.0194574
0.0180901
0.0167709
0.0155022
0.0142855
0.0131218
0.0120116
0.0109546
0.00995022
0.00899713
0.00809364
0.0072376
0.00642644
0.00565722
0.00492667
0.00423123
0.00356706
0.0029301
0.00231611
0.00172068
0.00113928
0.000567281
0
0
0.000613708
0.00123252
0.00186151
0.00250567
0.00316991
0.00385899
0.00457752
0.00532988
0.00612022
0.00695239
0.00782994
0.00875604
0.00973348
0.0107646
0.0118512
0.0129947
0.0141957
0.0154547
0.0167709
0.0181435
0.0195706
0.0210498
0.0225779
0.0241511
0.0257647
0.0274136
0.0290918
0.0307926
0.032509
0.0342331
0.0359567
0.037671
0.0393669
0.0410351
0.0426659
0.0442496
0.0457764
0.0472368
0.0486211
0.0499202
0.0511253
0.052228
0.0532206
0.054096
0.0548479
0.0554709
0.0559602
0.0563124
0.0565247
0.0565957
0.0565247
0.0563124
0.0559602
0.0554709
0.0548479
0.054096
0.0532206
0.052228
0.0511253
0.0499202
0.0486211
0.0472368
0.0457764
0.0442496
0.0426659
0.0410351
0.0393669
0.037671
0.0359567
0.0342331
0.032509
0.0307926
0.0290918
0.0274136
0.0257647
0.0241511
0.0225779
0.0210498
0.0195706
0.0181435
0.0167709
0.0154547
0.0141957
0.0129947
0.0118512
0.0107646
0.00973348
0.00875604
0.00782994
0.00695239
0.00612022
0.00532988
0.00457752
0.00385899
0.00316991
0.00250567
0.00186151
0.00123252
0.000613708
0
0
0.000661981
0.00132947
0.00200792
0.00270275
0.00341924
0.00416253
0.00493757
0.00574911
0.00660161
0.00749924
0.00844581
0.00944476
0.0104991
0.0116113
0.0127834
0.0140168
0.0153123
0.0166703
0.0180901
0.0195706
0.02111
0.0227055
0.0243538
0.0260507
0.0277913
0.0295699
0.03138
0.0332147
0.0350661
0.0369258
0.0387849
0.040634
0.0424634
0.0442628
0.0460218
0.0477301
0.049377
0.0509522
0.0524455
0.0538467
0.0551466
0.0563361
0.0574067
0.058351
0.0591621
0.059834
0.0603618
0.0607417
0.0609708
0.0610473
0.0609708
0.0607417
0.0603618
0.059834
0.0591621
0.058351
0.0574067
0.0563361
0.0551466
0.0538467
0.0524455
0.0509522
0.049377
0.0477301
0.0460218
0.0442628
0.0424634
0.040634
0.0387849
0.0369258
0.0350661
0.0332147
0.03138
0.0295699
0.0277913
0.0260507
0.0243538
0.0227055
0.02111
0.0195706
0.0180901
0.0166703
0.0153123
0.0140168
0.0127834
0.0116113
0.0104991
0.00944476
0.00844581
0.00749924
0.00660161
0.00574911
0.00493757
0.00416253
0.00341924
0.00270275
0.00200792
0.00132947
0.000661981
0
0
0.000712014
0.00142995
0.00215969
0.00290703
0.00367767
0.00447714
0.00531076
0.00618364
0.00710057
0.00806605
0.00908416
0.0101586
0.0112926
0.0124889
0.0137495
0.0150762
0.0164697
0.0179302
0.0194574
0.0210498
0.0227055
0.0244216
0.0261945
0.0280197
0.0298918
0.0318048
0.0337518
0.0357251
0.0377164
0.0397167
0.0417163
0.0437052
0.0456728
0.0476082
0.0495002
0.0513376
0.053109
0.0548033
0.0564094
0.0579166
0.0593147
0.060594
0.0617456
0.0627613
0.0636336
0.0643563
0.0649241
0.0653327
0.065579
0.0656614
0.065579
0.0653327
0.0649241
0.0643563
0.0636336
0.0627613
0.0617456
0.060594
0.0593147
0.0579166
0.0564094
0.0548033
0.053109
0.0513376
0.0495002
0.0476082
0.0456728
0.0437052
0.0417163
0.0397167
0.0377164
0.0357251
0.0337518
0.0318048
0.0298918
0.0280197
0.0261945
0.0244216
0.0227055
0.0210498
0.0194574
0.0179302
0.0164697
0.0150762
0.0137495
0.0124889
0.0112926
0.0101586
0.00908416
0.00806605
0.00710057
0.00618364
0.00531076
0.00447714
0.00367767
0.00290703
0.00215969
0.00142995
0.000712014
0
0
0.000763703
0.00153376
0.00231647
0.00311807
0.00394465
0.00480216
0.0056963
0.00663254
0.00761604
0.0086516
0.00974362
0.0108961
0.0121124
0.0133955
0.0147477
0.0161706
0.0176653
0.0192319
0.0208699
0.0225779
0.0243538
0.0261945
0.0280961
0.0300537
0.0320618
0.0341137
0.036202
0.0383186
0.0404544
0.0425999
0.0447447
0.046878
0.0489884
0.0510643
0.0530937
0.0550645
0.0569645
0.0587817
0.0605044
0.062121
0.0636206
0.0649928
0.0662281
0.0673174
0.0682531
0.0690283
0.0696372
0.0700755
0.0703397
0.070428
0.0703397
0.0700755
0.0696372
0.0690283
0.0682531
0.0673174
0.0662281
0.0649928
0.0636206
0.062121
0.0605044
0.0587817
0.0569645
0.0550645
0.0530937
0.0510643
0.0489884
0.046878
0.0447447
0.0425999
0.0404544
0.0383186
0.036202
0.0341137
0.0320618
0.0300537
0.0280961
0.0261945
0.0243538
0.0225779
0.0208699
0.0192319
0.0176653
0.0161706
0.0147477
0.0133955
0.0121124
0.0108961
0.00974362
0.0086516
0.00761604
0.00663254
0.0056963
0.00480216
0.00394465
0.00311807
0.00231647
0.00153376
0.000763703
0
0
0.000816915
0.00164062
0.00247787
0.00333533
0.0042195
0.00513676
0.0060932
0.00709468
0.0081467
0.00925442
0.0104225
0.0116553
0.0129564
0.0143289
0.0157753
0.0172974
0.0188961
0.0205719
0.022324
0.0241511
0.0260507
0.0280197
0.0300537
0.0321478
0.0342958
0.0364906
0.0387244
0.0409885
0.0432732
0.0455681
0.0478624
0.0501443
0.0524018
0.0546223
0.0567931
0.0589012
0.0609336
0.0628775
0.0647202
0.0664494
0.0680535
0.0695214
0.0708426
0.0720079
0.0730088
0.073838
0.0744894
0.0749581
0.0752408
0.0753353
0.0752408
0.0749581
0.0744894
0.073838
0.0730088
0.0720079
0.0708426
0.0695214
0.0680535
0.0664494
0.0647202
0.0628775
0.0609336
0.0589012
0.0567931
0.0546223
0.0524018
0.0501443
0.0478624
0.0455681
0.0432732
0.0409885
0.0387244
0.0364906
0.0342958
0.0321478
0.0300537
0.0280197
0.0260507
0.0241511
0.022324
0.0205719
0.0188961
0.0172974
0.0157753
0.0143289
0.0129564
0.0116553
0.0104225
0.00925442
0.0081467
0.00709468
0.0060932
0.00513676
0.0042195
0.00333533
0.00247787
0.00164062
0.000816915
0
0
0.000871497
0.00175024
0.00264343
0.00355817
0.00450143
0.00547997
0.00650032
0.00756871
0.00869102
0.00987275
0.0111189
0.012434
0.013822
0.0152862
0.0168293
0.0184531
0.0201587
0.0219464
0.0238156
0.0257647
0.0277913
0.0298918
0.0320618
0.0342958
0.0365872
0.0389287
0.0413118
0.0437271
0.0461645
0.0486128
0.0510603
0.0534947
0.055903
0.0582719
0.0605877
0.0628367
0.0650049
0.0670786
0.0690444
0.0708892
0.0726005
0.0741664
0.075576
0.0768191
0.0778869
0.0787714
0.0794664
0.0799665
0.080268
0.0803688
0.080268
0.0799665
0.0794664
0.0787714
0.0778869
0.0768191
0.075576
0.0741664
0.0726005
0.0708892
0.0690444
0.0670786
0.0650049
0.0628367
0.0605877
0.0582719
0.055903
0.0534947
0.0510603
0.0486128
0.0461645
0.0437271
0.0413118
0.0389287
0.0365872
0.0342958
0.0320618
0.0298918
0.0277913
0.0257647
0.0238156
0.0219464
0.0201587
0.0184531
0.0168293
0.0152862
0.013822
0.012434
0.0111189
0.00987275
0.00869102
0.00756871
0.00650032
0.00547997
0.00450143
0.00355817
0.00264343
0.00175024
0.000871497
0
0
0.000927271
0.00186225
0.00281261
0.00378589
0.00478951
0.00583067
0.00691632
0.00805309
0.00924723
0.0105046
0.0118305
0.0132298
0.0147066
0.0162645
0.0179063
0.019634
0.0214488
0.0233509
0.0253397
0.0274136
0.0295699
0.0318048
0.0341137
0.0364906
0.0389287
0.0414201
0.0439557
0.0465256
0.0491189
0.0517239
0.0543281
0.0569183
0.0594807
0.0620012
0.0644652
0.0668581
0.069165
0.0713715
0.0734631
0.075426
0.0772468
0.0789129
0.0804127
0.0817354
0.0828714
0.0838126
0.084552
0.0850841
0.085405
0.0855122
0.085405
0.0850841
0.084552
0.0838126
0.0828714
0.0817354
0.0804127
0.0789129
0.0772468
0.075426
0.0734631
0.0713715
0.069165
0.0668581
0.0644652
0.0620012
0.0594807
0.0569183
0.0543281
0.0517239
0.0491189
0.0465256
0.0439557
0.0414201
0.0389287
0.0364906
0.0341137
0.0318048
0.0295699
0.0274136
0.0253397
0.0233509
0.0214488
0.019634
0.0179063
0.0162645
0.0147066
0.0132298
0.0118305
0.0105046
0.00924723
0.00805309
0.00691632
0.00583067
0.00478951
0.00378589
0.00281261
0.00186225
0.000927271
0
0
0.000984036
0.00197625
0.00298478
0.00401765
0.00508271
0.00618761
0.00733972
0.00854607
0.00981331
0.0111476
0.0125547
0.0140397
0.0156069
0.0172602
0.0190025
0.020836
0.0227618
0.0247804
0.026891
0.0290918
0.03138
0.0337518
0.036202
0.0387244
0.0413118
0.0439557
0.0466465
0.0493737
0.0521258
0.0548903
0.0576539
0.0604026
0.0631219
0.0657967
0.0684116
0.0709509
0.0733991
0.0757406
0.0779603
0.0800433
0.0819756
0.0837437
0.0853353
0.0867389
0.0879446
0.0889434
0.089728
0.0902927
0.0906332
0.090747
0.0906332
0.0902927
0.089728
0.0889434
0.0879446
0.0867389
0.0853353
0.0837437
0.0819756
0.0800433
0.0779603
0.0757406
0.0733991
0.0709509
0.0684116
0.0657967
0.0631219
0.0604026
0.0576539
0.0548903
0.0521258
0.0493737
0.0466465
0.0439557
0.0413118
0.0387244
0.036202
0.0337518
0.03138
0.0290918
0.026891
0.0247804
0.0227618
0.020836
0.0190025
0.0172602
0.0156069
0.0140397
0.0125547
0.0111476
0.00981331
0.00854607
0.00733972
0.00618761
0.00508271
0.00401765
0.00298478
0.00197625
0.000984036
0
0
0.00104157
0.0020918
0.00315929
0.00425254
0.00537987
0.00654937
0.00776884
0.00904572
0.0103871
0.0117994
0.0132887
0.0148605
0.0165194
0.0182693
0.0201135
0.0220541
0.0240926
0.0262292
0.0284632
0.0307926
0.0332147
0.0357251
0.0383186
0.0409885
0.0437271
0.0465256
0.0493737
0.0522604
0.0551733
0.0580995
0.0610246
0.0639341
0.0668124
0.0696435
0.0724113
0.0750991
0.0776904
0.0801689
0.0825183
0.0847231
0.0867683
0.0886398
0.0903244
0.0918102
0.0930863
0.0941435
0.094974
0.0955717
0.0959321
0.0960526
0.0959321
0.0955717
0.094974
0.0941435
0.0930863
0.0918102
0.0903244
0.0886398
0.0867683
0.0847231
0.0825183
0.0801689
0.0776904
0.0750991
0.0724113
0.0696435
0.0668124
0.0639341
0.0610246
0.0580995
0.0551733
0.0522604
0.0493737
0.0465256
0.0437271
0.0409885
0.0383186
0.0357251
0.0332147
0.0307926
0.0284632
0.0262292
0.0240926
0.0220541
0.0201135
0.0182693
0.0165194
0.0148605
0.0132887
0.0117994
0.0103871
0.00904572
0.00776884
0.00654937
0.00537987
0.00425254
0.00315929
0.0020918
0.00104157
0
0
0.00109962
0.00220839
0.00333539
0.00448958
0.00567975
0.00691443
0.00820187
0.00954993
0.010966
0.0124571
0.0140295
0.0156888
0.0174402
0.0192876
0.0212346
0.0232834
0.0254355
0.0276912
0.0300497
0.032509
0.0350661
0.0377164
0.0404544
0.0432732
0.0461645
0.0491189
0.0521258
0.0551733
0.0582487
0.0613379
0.0644261
0.0674978
0.0705365
0.0735255
0.0764475
0.0792851
0.0820209
0.0846374
0.0871178
0.0894455
0.0916048
0.0935806
0.0953591
0.0969276
0.0982749
0.099391
0.100268
0.100899
0.101279
0.101406
0.101279
0.100899
0.100268
0.099391
0.0982749
0.0969276
0.0953591
0.0935806
0.0916048
0.0894455
0.0871178
0.0846374
0.0820209
0.0792851
0.0764475
0.0735255
0.0705365
0.0674978
0.0644261
0.0613379
0.0582487
0.0551733
0.0521258
0.0491189
0.0461645
0.0432732
0.0404544
0.0377164
0.0350661
0.032509
0.0300497
0.0276912
0.0254355
0.0232834
0.0212346
0.0192876
0.0174402
0.0156888
0.0140295
0.0124571
0.010966
0.00954993
0.00820187
0.00691443
0.00567975
0.00448958
0.00333539
0.00220839
0.00109962
0
0
0.00115794
0.00232551
0.00351228
0.00472768
0.00598097
0.00728114
0.00863685
0.0100564
0.0115476
0.0131177
0.0147735
0.0165209
0.0183651
0.0203106
0.0223608
0.0245183
0.0267845
0.0291598
0.0316434
0.0342331
0.0369258
0.0397167
0.0425999
0.0455681
0.0486128
0.0517239
0.0548903
0.0580995
0.0613379
0.0645909
0.0678429
0.0710775
0.0742774
0.0774249
0.0805018
0.0834899
0.0863708
0.0891262
0.0917381
0.0941893
0.096463
0.0985436
0.100416
0.102068
0.103487
0.104662
0.105586
0.10625
0.106651
0.106785
0.106651
0.10625
0.105586
0.104662
0.103487
0.102068
0.100416
0.0985436
0.096463
0.0941893
0.0917381
0.0891262
0.0863708
0.0834899
0.0805018
0.0774249
0.0742774
0.0710775
0.0678429
0.0645909
0.0613379
0.0580995
0.0548903
0.0517239
0.0486128
0.0455681
0.0425999
0.0397167
0.0369258
0.0342331
0.0316434
0.0291598
0.0267845
0.0245183
0.0223608
0.0203106
0.0183651
0.0165209
0.0147735
0.0131177
0.0115476
0.0100564
0.00863685
0.00728114
0.00598097
0.00472768
0.00351228
0.00232551
0.00115794
0
0
0.00121624
0.0024426
0.00368912
0.00496571
0.0062821
0.00764773
0.0090717
0.0105627
0.012129
0.0137782
0.0155173
0.0173527
0.0192897
0.0213332
0.0234866
0.0257527
0.028133
0.0306279
0.0332365
0.0359567
0.0387849
0.0417163
0.0447447
0.0478624
0.0510603
0.0543281
0.0576539
0.0610246
0.0644261
0.0678429
0.0712587
0.0746561
0.0780171
0.081323
0.0845549
0.0876935
0.0907194
0.0936135
0.0963569
0.0989315
0.10132
0.103505
0.105472
0.107207
0.108697
0.109932
0.110902
0.111599
0.11202
0.112161
0.11202
0.111599
0.110902
0.109932
0.108697
0.107207
0.105472
0.103505
0.10132
0.0989315
0.0963569
0.0936135
0.0907194
0.0876935
0.0845549
0.081323
0.0780171
0.0746561
0.0712587
0.0678429
0.0644261
0.0610246
0.0576539
0.0543281
0.0510603
0.0478624
0.0447447
0.0417163
0.0387849
0.0359567
0.0332365
0.0306279
0.028133
0.0257527
0.0234866
0.0213332
0.0192897
0.0173527
0.0155173
0.0137782
0.012129
0.0105627
0.0090717
0.00764773
0.0062821
0.00496571
0.00368912
0.0024426
0.00121624
0
0
0.00127423
0.00255905
0.003865
0.00520246
0.00658161
0.00801234
0.00950421
0.0110663
0.0127073
0.0144351
0.0162571
0.01818
0.0202094
0.0223502
0.0246064
0.0269805
0.0294743
0.0320882
0.0348211
0.037671
0.040634
0.0437052
0.046878
0.0501443
0.0534947
0.0569183
0.0604026
0.0639341
0.0674978
0.0710775
0.0746561
0.0782154
0.0817367
0.0852002
0.0885862
0.0918744
0.0950446
0.0980767
0.100951
0.103648
0.10615
0.10844
0.110501
0.112318
0.11388
0.115173
0.116189
0.11692
0.117361
0.117508
0.117361
0.11692
0.116189
0.115173
0.11388
0.112318
0.110501
0.10844
0.10615
0.103648
0.100951
0.0980767
0.0950446
0.0918744
0.0885862
0.0852002
0.0817367
0.0782154
0.0746561
0.0710775
0.0674978
0.0639341
0.0604026
0.0569183
0.0534947
0.0501443
0.046878
0.0437052
0.040634
0.037671
0.0348211
0.0320882
0.0294743
0.0269805
0.0246064
0.0223502
0.0202094
0.01818
0.0162571
0.0144351
0.0127073
0.0110663
0.00950421
0.00801234
0.00658161
0.00520246
0.003865
0.00255905
0.00127423
0
0
0.00133159
0.00267426
0.004039
0.00543667
0.00687791
0.00837306
0.00993209
0.0115645
0.0132794
0.015085
0.016989
0.0189984
0.0211192
0.0233564
0.0257141
0.0281952
0.0308012
0.0335328
0.0363888
0.0393669
0.0424634
0.0456728
0.0489884
0.0524018
0.055903
0.0594807
0.0631219
0.0668124
0.0705365
0.0742774
0.0780171
0.0817367
0.0854164
0.0890359
0.0925744
0.0960106
0.0993235
0.102492
0.105496
0.108314
0.110929
0.113322
0.115475
0.117375
0.119006
0.120358
0.12142
0.122184
0.122645
0.122799
0.122645
0.122184
0.12142
0.120358
0.119006
0.117375
0.115475
0.113322
0.110929
0.108314
0.105496
0.102492
0.0993235
0.0960106
0.0925744
0.0890359
0.0854164
0.0817367
0.0780171
0.0742774
0.0705365
0.0668124
0.0631219
0.0594807
0.055903
0.0524018
0.0489884
0.0456728
0.0424634
0.0393669
0.0363888
0.0335328
0.0308012
0.0281952
0.0257141
0.0233564
0.0211192
0.0189984
0.016989
0.015085
0.0132794
0.0115645
0.00993209
0.00837306
0.00687791
0.00543667
0.004039
0.00267426
0.00133159
0
0
0.00138802
0.00278758
0.00421016
0.00566705
0.00716936
0.00872786
0.010353
0.0120546
0.0138421
0.0157242
0.0177089
0.0198035
0.0220141
0.0243462
0.0268038
0.0293899
0.0321064
0.0349537
0.0379307
0.0410351
0.0442628
0.0476082
0.0510643
0.0546223
0.0582719
0.0620012
0.0657967
0.0696435
0.0735255
0.0774249
0.081323
0.0852002
0.0890359
0.0928088
0.0964972
0.100079
0.103532
0.106835
0.109966
0.112904
0.11563
0.118124
0.120369
0.122349
0.124049
0.125458
0.126565
0.127361
0.127842
0.128002
0.127842
0.127361
0.126565
0.125458
0.124049
0.122349
0.120369
0.118124
0.11563
0.112904
0.109966
0.106835
0.103532
0.100079
0.0964972
0.0928088
0.0890359
0.0852002
0.081323
0.0774249
0.0735255
0.0696435
0.0657967
0.0620012
0.0582719
0.0546223
0.0510643
0.0476082
0.0442628
0.0410351
0.0379307
0.0349537
0.0321064
0.0293899
0.0268038
0.0243462
0.0220141
0.0198035
0.0177089
0.0157242
0.0138421
0.0120546
0.010353
0.00872786
0.00716936
0.00566705
0.00421016
0.00278758
0.00138802
0
0
0.00144318
0.00289837
0.00437747
0.00589227
0.00745428
0.00907472
0.0107644
0.0125336
0.0143922
0.0163491
0.0184127
0.0205905
0.022889
0.0253137
0.027869
0.0305579
0.0333824
0.0363428
0.0394382
0.0426659
0.0460218
0.0495002
0.0530937
0.0567931
0.0605877
0.0644652
0.0684116
0.0724113
0.0764475
0.0805018
0.0845549
0.0885862
0.0925744
0.0964972
0.100332
0.104056
0.107647
0.111081
0.114336
0.117391
0.120225
0.122818
0.125152
0.127211
0.128979
0.130444
0.131595
0.132423
0.132922
0.133089
0.132922
0.132423
0.131595
0.130444
0.128979
0.127211
0.125152
0.122818
0.120225
0.117391
0.114336
0.111081
0.107647
0.104056
0.100332
0.0964972
0.0925744
0.0885862
0.0845549
0.0805018
0.0764475
0.0724113
0.0684116
0.0644652
0.0605877
0.0567931
0.0530937
0.0495002
0.0460218
0.0426659
0.0394382
0.0363428
0.0333824
0.0305579
0.027869
0.0253137
0.022889
0.0205905
0.0184127
0.0163491
0.0143922
0.0125336
0.0107644
0.00907472
0.00745428
0.00589227
0.00437747
0.00289837
0.00144318
0
0
0.00149675
0.00300595
0.00453996
0.00611098
0.00773097
0.00941156
0.011164
0.0129989
0.0149264
0.0169559
0.0190962
0.0213548
0.0237386
0.0262533
0.0289034
0.0316922
0.0346215
0.0376918
0.0409021
0.0442496
0.0477301
0.0513376
0.0550645
0.0589012
0.0628367
0.0668581
0.0709509
0.0750991
0.0792851
0.0834899
0.0876935
0.0918744
0.0960106
0.100079
0.104056
0.107919
0.111643
0.115204
0.11858
0.121749
0.124688
0.127377
0.129798
0.131933
0.133767
0.135286
0.136479
0.137338
0.137856
0.138029
0.137856
0.137338
0.136479
0.135286
0.133767
0.131933
0.129798
0.127377
0.124688
0.121749
0.11858
0.115204
0.111643
0.107919
0.104056
0.100079
0.0960106
0.0918744
0.0876935
0.0834899
0.0792851
0.0750991
0.0709509
0.0668581
0.0628367
0.0589012
0.0550645
0.0513376
0.0477301
0.0442496
0.0409021
0.0376918
0.0346215
0.0316922
0.0289034
0.0262533
0.0237386
0.0213548
0.0190962
0.0169559
0.0149264
0.0129989
0.011164
0.00941156
0.00773097
0.00611098
0.00453996
0.00300595
0.00149675
0
0
0.0015484
0.00310967
0.00469661
0.00632184
0.00799774
0.00973631
0.0115492
0.0134474
0.0154414
0.017541
0.0197551
0.0220917
0.0245577
0.0271592
0.0299008
0.0327858
0.0358161
0.0389924
0.0423134
0.0457764
0.049377
0.053109
0.0569645
0.0609336
0.0650049
0.069165
0.0733991
0.0776904
0.0820209
0.0863708
0.0907194
0.0950446
0.0993235
0.103532
0.107647
0.111643
0.115495
0.119179
0.122672
0.12595
0.12899
0.131772
0.134277
0.136485
0.138382
0.139954
0.141189
0.142077
0.142613
0.142792
0.142613
0.142077
0.141189
0.139954
0.138382
0.136485
0.134277
0.131772
0.12899
0.12595
0.122672
0.119179
0.115495
0.111643
0.107647
0.103532
0.0993235
0.0950446
0.0907194
0.0863708
0.0820209
0.0776904
0.0733991
0.069165
0.0650049
0.0609336
0.0569645
0.053109
0.049377
0.0457764
0.0423134
0.0389924
0.0358161
0.0327858
0.0299008
0.0271592
0.0245577
0.0220917
0.0197551
0.017541
0.0154414
0.0134474
0.0115492
0.00973631
0.00799774
0.00632184
0.00469661
0.00310967
0.0015484
0
0
0.00159779
0.00320887
0.00484644
0.00652352
0.00825287
0.0100469
0.0119176
0.0138764
0.015934
0.0181006
0.0203853
0.0227964
0.0253412
0.0280256
0.0308546
0.0338317
0.0369587
0.0402363
0.0436633
0.0472368
0.0509522
0.0548033
0.0587817
0.0628775
0.0670786
0.0713715
0.0757406
0.0801689
0.0846374
0.0891262
0.0936135
0.0980767
0.102492
0.106835
0.111081
0.115204
0.119179
0.122981
0.126585
0.129968
0.133105
0.135976
0.13856
0.140839
0.142797
0.144419
0.145693
0.14661
0.147163
0.147347
0.147163
0.14661
0.145693
0.144419
0.142797
0.140839
0.13856
0.135976
0.133105
0.129968
0.126585
0.122981
0.119179
0.115204
0.111081
0.106835
0.102492
0.0980767
0.0936135
0.0891262
0.0846374
0.0801689
0.0757406
0.0713715
0.0670786
0.0628775
0.0587817
0.0548033
0.0509522
0.0472368
0.0436633
0.0402363
0.0369587
0.0338317
0.0308546
0.0280256
0.0253412
0.0227964
0.0203853
0.0181006
0.015934
0.0138764
0.0119176
0.0100469
0.00825287
0.00652352
0.00484644
0.00320887
0.00159779
0
0
0.00164462
0.00330291
0.00498847
0.0067147
0.00849473
0.0103414
0.0122669
0.014283
0.016401
0.0186311
0.0209827
0.0234645
0.0260838
0.028847
0.0317589
0.0348231
0.0380418
0.0414155
0.0449429
0.0486211
0.0524455
0.0564094
0.0605044
0.0647202
0.0690444
0.0734631
0.0779603
0.0825183
0.0871178
0.0917381
0.0963569
0.100951
0.105496
0.109966
0.114336
0.11858
0.122672
0.126585
0.130295
0.133776
0.137006
0.139961
0.142621
0.144967
0.146982
0.148651
0.149962
0.150906
0.151475
0.151665
0.151475
0.150906
0.149962
0.148651
0.146982
0.144967
0.142621
0.139961
0.137006
0.133776
0.130295
0.126585
0.122672
0.11858
0.114336
0.109966
0.105496
0.100951
0.0963569
0.0917381
0.0871178
0.0825183
0.0779603
0.0734631
0.0690444
0.0647202
0.0605044
0.0564094
0.0524455
0.0486211
0.0449429
0.0414155
0.0380418
0.0348231
0.0317589
0.028847
0.0260838
0.0234645
0.0209827
0.0186311
0.016401
0.014283
0.0122669
0.0103414
0.00849473
0.0067147
0.00498847
0.00330291
0.00164462
0
0
0.00168856
0.00339116
0.00512176
0.00689411
0.00872171
0.0106177
0.0125946
0.0146647
0.0168392
0.0191289
0.0215434
0.0240914
0.0267808
0.0296177
0.0326074
0.0357536
0.0390583
0.0425221
0.0461437
0.0499202
0.0538467
0.0579166
0.062121
0.0664494
0.0708892
0.075426
0.0800433
0.0847231
0.0894455
0.0941893
0.0989315
0.103648
0.108314
0.112904
0.117391
0.121749
0.12595
0.129968
0.133776
0.137351
0.140666
0.143701
0.146432
0.14884
0.150909
0.152623
0.153969
0.154938
0.155523
0.155718
0.155523
0.154938
0.153969
0.152623
0.150909
0.14884
0.146432
0.143701
0.140666
0.137351
0.133776
0.129968
0.12595
0.121749
0.117391
0.112904
0.108314
0.103648
0.0989315
0.0941893
0.0894455
0.0847231
0.0800433
0.075426
0.0708892
0.0664494
0.062121
0.0579166
0.0538467
0.0499202
0.0461437
0.0425221
0.0390583
0.0357536
0.0326074
0.0296177
0.0267808
0.0240914
0.0215434
0.0191289
0.0168392
0.0146647
0.0125946
0.0106177
0.00872171
0.00689411
0.00512176
0.00339116
0.00168856
0
0
0.00172932
0.00347303
0.0052454
0.00706053
0.00893225
0.010874
0.0128987
0.0150187
0.0172457
0.0195906
0.0220634
0.024673
0.0274272
0.0303327
0.0333946
0.0366167
0.0400012
0.0435485
0.0472576
0.0511253
0.0551466
0.0593147
0.0636206
0.0680535
0.0726005
0.0772468
0.0819756
0.0867683
0.0916048
0.096463
0.10132
0.10615
0.110929
0.11563
0.120225
0.124688
0.12899
0.133105
0.137006
0.140666
0.144062
0.147169
0.149966
0.152433
0.154552
0.156307
0.157686
0.158679
0.159277
0.159477
0.159277
0.158679
0.157686
0.156307
0.154552
0.152433
0.149966
0.147169
0.144062
0.140666
0.137006
0.133105
0.12899
0.124688
0.120225
0.11563
0.110929
0.10615
0.10132
0.096463
0.0916048
0.0867683
0.0819756
0.0772468
0.0726005
0.0680535
0.0636206
0.0593147
0.0551466
0.0511253
0.0472576
0.0435485
0.0400012
0.0366167
0.0333946
0.0303327
0.0274272
0.024673
0.0220634
0.0195906
0.0172457
0.0150187
0.0128987
0.010874
0.00893225
0.00706053
0.0052454
0.00347303
0.00172932
0
0
0.00176662
0.00354794
0.00535854
0.00721282
0.00912491
0.0111085
0.0131769
0.0153426
0.0176177
0.0200132
0.0225393
0.0252052
0.0280188
0.0309869
0.0341149
0.0374065
0.0408639
0.0444878
0.0482769
0.052228
0.0563361
0.060594
0.0649928
0.0695214
0.0741664
0.0789129
0.0837437
0.0886398
0.0935806
0.0985436
0.103505
0.10844
0.113322
0.118124
0.122818
0.127377
0.131772
0.135976
0.139961
0.143701
0.147169
0.150344
0.153201
0.155721
0.157885
0.159679
0.161087
0.162101
0.162712
0.162917
0.162712
0.162101
0.161087
0.159679
0.157885
0.155721
0.153201
0.150344
0.147169
0.143701
0.139961
0.135976
0.131772
0.127377
0.122818
0.118124
0.113322
0.10844
0.103505
0.0985436
0.0935806
0.0886398
0.0837437
0.0789129
0.0741664
0.0695214
0.0649928
0.060594
0.0563361
0.052228
0.0482769
0.0444878
0.0408639
0.0374065
0.0341149
0.0309869
0.0280188
0.0252052
0.0225393
0.0200132
0.0176177
0.0153426
0.0131769
0.0111085
0.00912491
0.00721282
0.00535854
0.00354794
0.00176662
0
0
0.0018002
0.00361537
0.00546038
0.0073499
0.00929833
0.0113196
0.0134273
0.0156342
0.0179525
0.0203935
0.0229677
0.0256842
0.0285513
0.0315759
0.0347632
0.0381174
0.0416406
0.0453333
0.0491944
0.0532206
0.0574067
0.0617456
0.0662281
0.0708426
0.075576
0.0804127
0.0853353
0.0903244
0.0953591
0.100416
0.105472
0.110501
0.115475
0.120369
0.125152
0.129798
0.134277
0.13856
0.142621
0.146432
0.149966
0.153201
0.156113
0.158681
0.160886
0.162713
0.164149
0.165182
0.165805
0.166013
0.165805
0.165182
0.164149
0.162713
0.160886
0.158681
0.156113
0.153201
0.149966
0.146432
0.142621
0.13856
0.134277
0.129798
0.125152
0.120369
0.115475
0.110501
0.105472
0.100416
0.0953591
0.0903244
0.0853353
0.0804127
0.075576
0.0708426
0.0662281
0.0617456
0.0574067
0.0532206
0.0491944
0.0453333
0.0416406
0.0381174
0.0347632
0.0315759
0.0285513
0.0256842
0.0229677
0.0203935
0.0179525
0.0156342
0.0134273
0.0113196
0.00929833
0.0073499
0.00546038
0.00361537
0.0018002
0
0
0.00182981
0.00367484
0.00555019
0.0074708
0.00945127
0.0115058
0.0136482
0.0158914
0.0182478
0.020729
0.0233454
0.0261067
0.029021
0.0320952
0.0353351
0.0387444
0.0423255
0.046079
0.0500036
0.054096
0.058351
0.0627613
0.0673174
0.0720079
0.0768191
0.0817354
0.0867389
0.0918102
0.0969276
0.102068
0.107207
0.112318
0.117375
0.122349
0.127211
0.131933
0.136485
0.140839
0.144967
0.14884
0.152433
0.155721
0.158681
0.161291
0.163532
0.16539
0.166849
0.167899
0.168532
0.168744
0.168532
0.167899
0.166849
0.16539
0.163532
0.161291
0.158681
0.155721
0.152433
0.14884
0.144967
0.140839
0.136485
0.131933
0.127211
0.122349
0.117375
0.112318
0.107207
0.102068
0.0969276
0.0918102
0.0867389
0.0817354
0.0768191
0.0720079
0.0673174
0.0627613
0.058351
0.054096
0.0500036
0.046079
0.0423255
0.0387444
0.0353351
0.0320952
0.029021
0.0261067
0.0233454
0.020729
0.0182478
0.0158914
0.0136482
0.0115058
0.00945127
0.0074708
0.00555019
0.00367484
0.00182981
0
0
0.00185524
0.00372591
0.00562734
0.00757464
0.00958264
0.0116658
0.0138379
0.0161123
0.0185014
0.0210171
0.0236699
0.0264696
0.0294243
0.0325413
0.0358262
0.0392829
0.0429138
0.0467195
0.0506986
0.0548479
0.0591621
0.0636336
0.0682531
0.0730088
0.0778869
0.0828714
0.0879446
0.0930863
0.0982749
0.103487
0.108697
0.11388
0.119006
0.124049
0.128979
0.133767
0.138382
0.142797
0.146982
0.150909
0.154552
0.157885
0.160886
0.163532
0.165806
0.167689
0.169168
0.170233
0.170875
0.171089
0.170875
0.170233
0.169168
0.167689
0.165806
0.163532
0.160886
0.157885
0.154552
0.150909
0.146982
0.142797
0.138382
0.133767
0.128979
0.124049
0.119006
0.11388
0.108697
0.103487
0.0982749
0.0930863
0.0879446
0.0828714
0.0778869
0.0730088
0.0682531
0.0636336
0.0591621
0.0548479
0.0506986
0.0467195
0.0429138
0.0392829
0.0358262
0.0325413
0.0294243
0.0264696
0.0236699
0.0210171
0.0185014
0.0161123
0.0138379
0.0116658
0.00958264
0.00757464
0.00562734
0.00372591
0.00185524
0
0
0.00187631
0.00376823
0.00569125
0.00766067
0.00969148
0.0117982
0.013995
0.0162952
0.0187116
0.0212558
0.0239388
0.0267702
0.0297585
0.0329109
0.0362331
0.039729
0.0434012
0.0472501
0.0512744
0.0554709
0.059834
0.0643563
0.0690283
0.073838
0.0787714
0.0838126
0.0889434
0.0941435
0.099391
0.104662
0.109932
0.115173
0.120358
0.125458
0.130444
0.135286
0.139954
0.144419
0.148651
0.152623
0.156307
0.159679
0.162713
0.16539
0.167689
0.169593
0.171089
0.172166
0.172815
0.173032
0.172815
0.172166
0.171089
0.169593
0.167689
0.16539
0.162713
0.159679
0.156307
0.152623
0.148651
0.144419
0.139954
0.135286
0.130444
0.125458
0.120358
0.115173
0.109932
0.104662
0.099391
0.0941435
0.0889434
0.0838126
0.0787714
0.073838
0.0690283
0.0643563
0.059834
0.0554709
0.0512744
0.0472501
0.0434012
0.039729
0.0362331
0.0329109
0.0297585
0.0267702
0.0239388
0.0212558
0.0187116
0.0162952
0.013995
0.0117982
0.00969148
0.00766067
0.00569125
0.00376823
0.00187631
0
0
0.00189287
0.00380147
0.00574146
0.00772825
0.00977697
0.0119023
0.0141185
0.016439
0.0188766
0.0214433
0.0241499
0.0270063
0.030021
0.0332013
0.0365527
0.0400795
0.0437841
0.0476669
0.0517268
0.0559602
0.0603618
0.0649241
0.0696372
0.0744894
0.0794664
0.084552
0.089728
0.094974
0.100268
0.105586
0.110902
0.116189
0.12142
0.126565
0.131595
0.136479
0.141189
0.145693
0.149962
0.153969
0.157686
0.161087
0.164149
0.166849
0.169168
0.171089
0.172599
0.173685
0.17434
0.174559
0.17434
0.173685
0.172599
0.171089
0.169168
0.166849
0.164149
0.161087
0.157686
0.153969
0.149962
0.145693
0.141189
0.136479
0.131595
0.126565
0.12142
0.116189
0.110902
0.105586
0.100268
0.094974
0.089728
0.084552
0.0794664
0.0744894
0.0696372
0.0649241
0.0603618
0.0559602
0.0517268
0.0476669
0.0437841
0.0400795
0.0365527
0.0332013
0.030021
0.0270063
0.0241499
0.0214433
0.0188766
0.016439
0.0141185
0.0119023
0.00977697
0.00772825
0.00574146
0.00380147
0.00189287
0
0
0.00190478
0.0038254
0.00577759
0.00777688
0.0098385
0.0119772
0.0142073
0.0165425
0.0189954
0.0215783
0.0243019
0.0271763
0.03021
0.0334102
0.0367828
0.0403318
0.0440596
0.0479669
0.0520523
0.0563124
0.0607417
0.0653327
0.0700755
0.0749581
0.0799665
0.0850841
0.0902927
0.0955717
0.100899
0.10625
0.111599
0.11692
0.122184
0.127361
0.132423
0.137338
0.142077
0.14661
0.150906
0.154938
0.158679
0.162101
0.165182
0.167899
0.170233
0.172166
0.173685
0.174778
0.175437
0.175657
0.175437
0.174778
0.173685
0.172166
0.170233
0.167899
0.165182
0.162101
0.158679
0.154938
0.150906
0.14661
0.142077
0.137338
0.132423
0.127361
0.122184
0.11692
0.111599
0.10625
0.100899
0.0955717
0.0902927
0.0850841
0.0799665
0.0749581
0.0700755
0.0653327
0.0607417
0.0563124
0.0520523
0.0479669
0.0440596
0.0403318
0.0367828
0.0334102
0.03021
0.0271763
0.0243019
0.0215783
0.0189954
0.0165425
0.0142073
0.0119772
0.0098385
0.00777688
0.00577759
0.0038254
0.00190478
0
0
0.00191196
0.00383982
0.00579938
0.00780621
0.0098756
0.0120224
0.0142609
0.0166048
0.0190671
0.0216596
0.0243936
0.0272788
0.0303239
0.0335362
0.0369215
0.0404838
0.0442258
0.0481478
0.0522486
0.0565247
0.0609708
0.065579
0.0703397
0.0752408
0.080268
0.085405
0.0906332
0.0959321
0.101279
0.106651
0.11202
0.117361
0.122645
0.127842
0.132922
0.137856
0.142613
0.147163
0.151475
0.155523
0.159277
0.162712
0.165805
0.168532
0.170875
0.172815
0.17434
0.175437
0.176098
0.17632
0.176098
0.175437
0.17434
0.172815
0.170875
0.168532
0.165805
0.162712
0.159277
0.155523
0.151475
0.147163
0.142613
0.137856
0.132922
0.127842
0.122645
0.117361
0.11202
0.106651
0.101279
0.0959321
0.0906332
0.085405
0.080268
0.0752408
0.0703397
0.065579
0.0609708
0.0565247
0.0522486
0.0481478
0.0442258
0.0404838
0.0369215
0.0335362
0.0303239
0.0272788
0.0243936
0.0216596
0.0190671
0.0166048
0.0142609
0.0120224
0.0098756
0.00780621
0.00579938
0.00383982
0.00191196
0
0
0.00191436
0.00384464
0.00580666
0.00781601
0.009888
0.0120375
0.0142788
0.0166257
0.019091
0.0216868
0.0244242
0.027313
0.030362
0.0335783
0.0369678
0.0405347
0.0442813
0.0482082
0.0523142
0.0565957
0.0610473
0.0656614
0.070428
0.0753353
0.0803688
0.0855122
0.090747
0.0960526
0.101406
0.106785
0.112161
0.117508
0.122799
0.128002
0.133089
0.138029
0.142792
0.147347
0.151665
0.155718
0.159477
0.162917
0.166013
0.168744
0.171089
0.173032
0.174559
0.175657
0.17632
0.176541
0.17632
0.175657
0.174559
0.173032
0.171089
0.168744
0.166013
0.162917
0.159477
0.155718
0.151665
0.147347
0.142792
0.138029
0.133089
0.128002
0.122799
0.117508
0.112161
0.106785
0.101406
0.0960526
0.090747
0.0855122
0.0803688
0.0753353
0.070428
0.0656614
0.0610473
0.0565957
0.0523142
0.0482082
0.0442813
0.0405347
0.0369678
0.0335783
0.030362
0.027313
0.0244242
0.0216868
0.019091
0.0166257
0.0142788
0.0120375
0.009888
0.00781601
0.00580666
0.00384464
0.00191436
0
0
0.00191196
0.00383982
0.00579938
0.00780621
0.0098756
0.0120224
0.0142609
0.0166048
0.0190671
0.0216596
0.0243936
0.0272788
0.0303239
0.0335362
0.0369215
0.0404838
0.0442258
0.0481478
0.0522486
0.0565247
0.0609708
0.065579
0.0703397
0.0752408
0.080268
0.085405
0.0906332
0.0959321
0.101279
0.106651
0.11202
0.117361
0.122645
0.127842
0.132922
0.137856
0.142613
0.147163
0.151475
0.155523
0.159277
0.162712
0.165805
0.168532
0.170875
0.172815
0.17434
0.175437
0.176098
0.17632
0.176098
0.175437
0.17434
0.172815
0.170875
0.168532
0.165805
0.162712
0.159277
0.155523
0.151475
0.147163
0.142613
0.137856
0.132922
0.127842
0.122645
0.117361
0.11202
0.106651
0.101279
0.0959321
0.0906332
0.085405
0.080268
0.0752408
0.0703397
0.065579
0.0609708
0.0565247
0.0522486
0.0481478
0.0442258
0.0404838
0.0369215
0.0335362
0.0303239
0.0272788
0.0243936
0.0216596
0.0190671
0.0166048
0.0142609
0.0120224
0.0098756
0.00780621
0.00579938
0.00383982
0.00191196
0
0
0.00190478
0.0038254
0.00577759
0.00777688
0.0098385
0.0119772
0.0142073
0.0165425
0.0189954
0.0215783
0.0243019
0.0271763
0.03021
0.0334102
0.0367828
0.0403318
0.0440596
0.0479669
0.0520523
0.0563124
0.0607417
0.0653327
0.0700755
0.0749581
0.0799665
0.0850841
0.0902927
0.0955717
0.100899
0.10625
0.111599
0.11692
0.122184
0.127361
0.132423
0.137338
0.142077
0.14661
0.150906
0.154938
0.158679
0.162101
0.165182
0.167899
0.170233
0.172166
0.173685
0.174778
0.175437
0.175657
0.175437
0.174778
0.173685
0.172166
0.170233
0.167899
0.165182
0.162101
0.158679
0.154938
0.150906
0.14661
0.142077
0.137338
0.132423
0.127361
0.122184
0.11692
0.111599
0.10625
0.100899
0.0955717
0.0902927
0.0850841
0.0799665
0.0749581
0.0700755
0.0653327
0.0607417
0.0563124
0.0520523
0.0479669
0.0440596
0.0403318
0.0367828
0.0334102
0.03021
0.0271763
0.0243019
0.0215783
0.0189954
0.0165425
0.0142073
0.0119772
0.0098385
0.00777688
0.00577759
0.0038254
0.00190478
0
0
0.00189287
0.00380147
0.00574146
0.00772825
0.00977697
0.0119023
0.0141185
0.016439
0.0188766
0.0214433
0.0241499
0.0270063
0.030021
0.0332013
0.0365527
0.0400795
0.0437841
0.0476669
0.0517268
0.0559602
0.0603618
0.0649241
0.0696372
0.0744894
0.0794664
0.084552
0.089728
0.094974
0.100268
0.105586
0.110902
0.116189
0.12142
0.126565
0.131595
0.136479
0.141189
0.145693
0.149962
0.153969
0.157686
0.161087
0.164149
0.166849
0.169168
0.171089
0.172599
0.173685
0.17434
0.174559
0.17434
0.173685
0.172599
0.171089
0.169168
0.166849
0.164149
0.161087
0.157686
0.153969
0.149962
0.145693
0.141189
0.136479
0.131595
0.126565
0.12142
0.116189
0.110902
0.105586
0.100268
0.094974
0.089728
0.084552
0.0794664
0.0744894
0.0696372
0.0649241
0.0603618
0.0559602
0.0517268
0.0476669
0.0437841
0.0400795
0.0365527
0.0332013
0.030021
0.0270063
0.0241499
0.0214433
0.0188766
0.016439
0.0141185
0.0119023
0.00977697
0.00772825
0.00574146
0.00380147
0.00189287
0
0
0.00187631
0.00376823
0.00569125
0.00766067
0.00969148
0.0117982
0.013995
0.0162952
0.0187116
0.0212558
0.0239388
0.0267702
0.0297585
0.0329109
0.0362331
0.039729
0.0434012
0.0472501
0.0512744
0.0554709
0.059834
0.0643563
0.0690283
0.073838
0.0787714
0.0838126
0.0889434
0.0941435
0.099391
0.104662
0.109932
0.115173
0.120358
0.125458
0.130444
0.135286
0.139954
0.144419
0.148651
0.152623
0.156307
0.159679
0.162713
0.16539
0.167689
0.169593
0.171089
0.172166
0.172815
0.173032
0.172815
0.172166
0.171089
0.169593
0.167689
0.16539
0.162713
0.159679
0.156307
0.152623
0.148651
0.144419
0.139954
0.135286
0.130444
0.125458
0.120358
0.115173
0.109932
0.104662
0.099391
0.0941435
0.0889434
0.0838126
0.0787714
0.073838
0.0690283
0.0643563
0.059834
0.0554709
0.0512744
0.0472501
0.0434012
0.039729
0.0362331
0.0329109
0.0297585
0.0267702
0.0239388
0.0212558
0.0187116
0.0162952
0.013995
0.0117982
0.00969148
0.00766067
0.00569125
0.00376823
0.00187631
0
0
0.00185524
0.00372591
0.00562734
0.00757464
0.00958264
0.0116658
0.0138379
0.0161123
0.0185014
0.0210171
0.0236699
0.0264696
0.0294243
0.0325413
0.0358262
0.0392829
0.0429138
0.0467195
0.0506986
0.0548479
0.0591621
0.0636336
0.0682531
0.0730088
0.0778869
0.0828714
0.0879446
0.0930863
0.0982749
0.103487
0.108697
0.11388
0.119006
0.124049
0.128979
0.133767
0.138382
0.142797
0.146982
0.150909
0.154552
0.157885
0.160886
0.163532
0.165806
0.167689
0.169168
0.170233
0.170875
0.171089
0.170875
0.170233
0.169168
0.167689
0.165806
0.163532
0.160886
0.157885
0.154552
0.150909
0.146982
0.142797
0.138382
0.133767
0.128979
0.124049
0.119006
0.11388
0.108697
0.103487
0.0982749
0.0930863
0.0879446
0.0828714
0.0778869
0.0730088
0.0682531
0.0636336
0.0591621
0.0548479
0.0506986
0.0467195
0.0429138
0.0392829
0.0358262
0.0325413
0.0294243
0.0264696
0.0236699
0.0210171
0.0185014
0.0161123
0.0138379
0.0116658
0.00958264
0.00757464
0.00562734
0.00372591
0.00185524
0
0
0.00182981
0.00367484
0.00555019
0.0074708
0.00945127
0.0115058
0.0136482
0.0158914
0.0182478
0.020729
0.0233454
0.0261067
0.029021
0.0320952
0.0353351
0.0387444
0.0423255
0.046079
0.0500036
0.054096
0.058351
0.0627613
0.0673174
0.0720079
0.0768191
0.0817354
0.0867389
0.0918102
0.0969276
0.102068
0.107207
0.112318
0.117375
0.122349
0.127211
0.131933
0.136485
0.140839
0.144967
0.14884
0.152433
0.155721
0.158681
0.161291
0.163532
0.16539
0.166849
0.167899
0.168532
0.168744
0.168532
0.167899
0.166849
0.16539
0.163532
0.161291
0.158681
0.155721
0.152433
0.14884
0.144967
0.140839
0.136485
0.131933
0.127211
0.122349
0.117375
0.112318
0.107207
0.102068
0.0969276
0.0918102
0.0867389
0.0817354
0.0768191
0.0720079
0.0673174
0.0627613
0.058351
0.054096
0.0500036
0.046079
0.0423255
0.0387444
0.0353351
0.0320952
0.029021
0.0261067
0.0233454
0.020729
0.0182478
0.0158914
0.0136482
0.0115058
0.00945127
0.0074708
0.00555019
0.00367484
0.00182981
0
0
0.0018002
0.00361537
0.00546038
0.0073499
0.00929833
0.0113196
0.0134273
0.0156342
0.0179525
0.0203935
0.0229677
0.0256842
0.0285513
0.0315759
0.0347632
0.0381174
0.0416406
0.0453333
0.0491944
0.0532206
0.0574067
0.0617456
0.0662281
0.0708426
0.075576
0.0804127
0.0853353
0.0903244
0.0953591
0.100416
0.105472
0.110501
0.115475
0.120369
0.125152
0.129798
0.134277
0.13856
0.142621
0.146432
0.149966
0.153201
0.156113
0.158681
0.160886
0.162713
0.164149
0.165182
0.165805
0.166013
0.165805
0.165182
0.164149
0.162713
0.160886
0.158681
0.156113
0.153201
0.149966
0.146432
0.142621
0.13856
0.134277
0.129798
0.125152
0.120369
0.115475
0.110501
0.105472
0.100416
0.0953591
0.0903244
0.0853353
0.0804127
0.075576
0.0708426
0.0662281
0.0617456
0.0574067
0.0532206
0.0491944
0.0453333
0.0416406
0.0381174
0.0347632
0.0315759
0.0285513
0.0256842
0.0229677
0.0203935
0.0179525
0.0156342
0.0134273
0.0113196
0.00929833
0.0073499
0.00546038
0.00361537
0.0018002
0
0
0.00176662
0.00354794
0.00535854
0.00721282
0.00912491
0.0111085
0.0131769
0.0153426
0.0176177
0.0200132
0.0225393
0.0252052
0.0280188
0.0309869
0.0341149
0.0374065
0.0408639
0.0444878
0.0482769
0.052228
0.0563361
0.060594
0.0649928
0.0695214
0.0741664
0.0789129
0.0837437
0.0886398
0.0935806
0.0985436
0.103505
0.10844
0.113322
0.118124
0.122818
0.127377
0.131772
0.135976
0.139961
0.143701
0.147169
0.150344
0.153201
0.155721
0.157885
0.159679
0.161087
0.162101
0.162712
0.162917
0.162712
0.162101
0.161087
0.159679
0.157885
0.155721
0.153201
0.150344
0.147169
0.143701
0.139961
0.135976
0.131772
0.127377
0.122818
0.118124
0.113322
0.10844
0.103505
0.0985436
0.0935806
0.0886398
0.0837437
0.0789129
0.0741664
0.0695214
0.0649928
0.060594
0.0563361
0.052228
0.0482769
0.0444878
0.0408639
0.0374065
0.0341149
0.0309869
0.0280188
0.0252052
0.0225393
0.0200132
0.0176177
0.0153426
0.0131769
0.0111085
0.00912491
0.00721282
0.00535854
0.00354794
0.00176662
0
0
0.00172932
0.00347303
0.0052454
0.00706053
0.00893225
0.010874
0.0128987
0.0150187
0.0172457
0.0195906
0.0220634
0.024673
0.0274272
0.0303327
0.0333946
0.0366167
0.0400012
0.0435485
0.0472576
0.0511253
0.0551466
0.0593147
0.0636206
0.0680535
0.0726005
0.0772468
0.0819756
0.0867683
0.0916048
0.096463
0.10132
0.10615
0.110929
0.11563
0.120225
0.124688
0.12899
0.133105
0.137006
0.140666
0.144062
0.147169
0.149966
0.152433
0.154552
0.156307
0.157686
0.158679
0.159277
0.159477
0.159277
0.158679
0.157686
0.156307
0.154552
0.152433
0.149966
0.147169
0.144062
0.140666
0.137006
0.133105
0.12899
0.124688
0.120225
0.11563
0.110929
0.10615
0.10132
0.096463
0.0916048
0.0867683
0.0819756
0.0772468
0.0726005
0.0680535
0.0636206
0.0593147
0.0551466
0.0511253
0.0472576
0.0435485
0.0400012
0.0366167
0.0333946
0.0303327
0.0274272
0.024673
0.0220634
0.0195906
0.0172457
0.0150187
0.0128987
0.010874
0.00893225
0.00706053
0.0052454
0.00347303
0.00172932
0
0
0.00168856
0.00339116
0.00512176
0.00689411
0.00872171
0.0106177
0.0125946
0.0146647
0.0168392
0.0191289
0.0215434
0.0240914
0.0267808
0.0296177
0.0326074
0.0357536
0.0390583
0.0425221
0.0461437
0.0499202
0.0538467
0.0579166
0.062121
0.0664494
0.0708892
0.075426
0.0800433
0.0847231
0.0894455
0.0941893
0.0989315
0.103648
0.108314
0.112904
0.117391
0.121749
0.12595
0.129968
0.133776
0.137351
0.140666
0.143701
0.146432
0.14884
0.150909
0.152623
0.153969
0.154938
0.155523
0.155718
0.155523
0.154938
0.153969
0.152623
0.150909
0.14884
0.146432
0.143701
0.140666
0.137351
0.133776
0.129968
0.12595
0.121749
0.117391
0.112904
0.108314
0.103648
0.0989315
0.0941893
0.0894455
0.0847231
0.0800433
0.075426
0.0708892
0.0664494
0.062121
0.0579166
0.0538467
0.0499202
0.0461437
0.0425221
0.0390583
0.0357536
0.0326074
0.0296177
0.0267808
0.0240914
0.0215434
0.0191289
0.0168392
0.0146647
0.0125946
0.0106177
0.00872171
0.00689411
0.00512176
0.00339116
0.00168856
0
0
0.00164462
0.00330291
0.00498847
0.0067147
0.00849473
0.0103414
0.0122669
0.014283
0.016401
0.0186311
0.0209827
0.0234645
0.0260838
0.028847
0.0317589
0.0348231
0.0380418
0.0414155
0.0449429
0.0486211
0.0524455
0.0564094
0.0605044
0.0647202
0.0690444
0.0734631
0.0779603
0.0825183
0.0871178
0.0917381
0.0963569
0.100951
0.105496
0.109966
0.114336
0.11858
0.122672
0.126585
0.130295
0.133776
0.137006
0.139961
0.142621
0.144967
0.146982
0.148651
0.149962
0.150906
0.151475
0.151665
0.151475
0.150906
0.149962
0.148651
0.146982
0.144967
0.142621
0.139961
0.137006
0.133776
0.130295
0.126585
0.122672
0.11858
0.114336
0.109966
0.105496
0.100951
0.0963569
0.0917381
0.0871178
0.0825183
0.0779603
0.0734631
0.0690444
0.0647202
0.0605044
0.0564094
0.0524455
0.0486211
0.0449429
0.0414155
0.0380418
0.0348231
0.0317589
0.028847
0.0260838
0.0234645
0.0209827
0.0186311
0.016401
0.014283
0.0122669
0.0103414
0.00849473
0.0067147
0.00498847
0.00330291
0.00164462
0
0
0.00159779
0.00320887
0.00484644
0.00652352
0.00825287
0.0100469
0.0119176
0.0138764
0.015934
0.0181006
0.0203853
0.0227964
0.0253412
0.0280256
0.0308546
0.0338317
0.0369587
0.0402363
0.0436633
0.0472368
0.0509522
0.0548033
0.0587817
0.0628775
0.0670786
0.0713715
0.0757406
0.0801689
0.0846374
0.0891262
0.0936135
0.0980767
0.102492
0.106835
0.111081
0.115204
0.119179
0.122981
0.126585
0.129968
0.133105
0.135976
0.13856
0.140839
0.142797
0.144419
0.145693
0.14661
0.147163
0.147347
0.147163
0.14661
0.145693
0.144419
0.142797
0.140839
0.13856
0.135976
0.133105
0.129968
0.126585
0.122981
0.119179
0.115204
0.111081
0.106835
0.102492
0.0980767
0.0936135
0.0891262
0.0846374
0.0801689
0.0757406
0.0713715
0.0670786
0.0628775
0.0587817
0.0548033
0.0509522
0.0472368
0.0436633
0.0402363
0.0369587
0.0338317
0.0308546
0.0280256
0.0253412
0.0227964
0.0203853
0.0181006
0.015934
0.0138764
0.0119176
0.0100469
0.00825287
0.00652352
0.00484644
0.00320887
0.00159779
0
0
0.0015484
0.00310967
0.00469661
0.00632184
0.00799774
0.00973631
0.0115492
0.0134474
0.0154414
0.017541
0.0197551
0.0220917
0.0245577
0.0271592
0.0299008
0.0327858
0.0358161
0.0389924
0.0423134
0.0457764
0.049377
0.053109
0.0569645
0.0609336
0.0650049
0.069165
0.0733991
0.0776904
0.0820209
0.0863708
0.0907194
0.0950446
0.0993235
0.103532
0.107647
0.111643
0.115495
0.119179
0.122672
0.12595
0.12899
0.131772
0.134277
0.136485
0.138382
0.139954
0.141189
0.142077
0.142613
0.142792
0.142613
0.142077
0.141189
0.139954
0.138382
0.136485
0.134277
0.131772
0.12899
0.12595
0.122672
0.119179
0.115495
0.111643
0.107647
0.103532
0.0993235
0.0950446
0.0907194
0.0863708
0.0820209
0.0776904
0.0733991
0.069165
0.0650049
0.0609336
0.0569645
0.053109
0.049377
0.0457764
0.0423134
0.0389924
0.0358161
0.0327858
0.0299008
0.0271592
0.0245577
0.0220917
0.0197551
0.017541
0.0154414
0.0134474
0.0115492
0.00973631
0.00799774
0.00632184
0.00469661
0.00310967
0.0015484
0
0
0.00149675
0.00300595
0.00453996
0.00611098
0.00773097
0.00941156
0.011164
0.0129989
0.0149264
0.0169559
0.0190962
0.0213548
0.0237386
0.0262533
0.0289034
0.0316922
0.0346215
0.0376918
0.0409021
0.0442496
0.0477301
0.0513376
0.0550645
0.0589012
0.0628367
0.0668581
0.0709509
0.0750991
0.0792851
0.0834899
0.0876935
0.0918744
0.0960106
0.100079
0.104056
0.107919
0.111643
0.115204
0.11858
0.121749
0.124688
0.127377
0.129798
0.131933
0.133767
0.135286
0.136479
0.137338
0.137856
0.138029
0.137856
0.137338
0.136479
0.135286
0.133767
0.131933
0.129798
0.127377
0.124688
0.121749
0.11858
0.115204
0.111643
0.107919
0.104056
0.100079
0.0960106
0.0918744
0.0876935
0.0834899
0.0792851
0.0750991
0.0709509
0.0668581
0.0628367
0.0589012
0.0550645
0.0513376
0.0477301
0.0442496
0.0409021
0.0376918
0.0346215
0.0316922
0.0289034
0.0262533
0.0237386
0.0213548
0.0190962
0.0169559
0.0149264
0.0129989
0.011164
0.00941156
0.00773097
0.00611098
0.00453996
0.00300595
0.00149675
0
0
0.00144318
0.00289837
0.00437747
0.00589227
0.00745428
0.00907472
0.0107644
0.0125336
0.0143922
0.0163491
0.0184127
0.0205905
0.022889
0.0253137
0.027869
0.0305579
0.0333824
0.0363428
0.0394382
0.0426659
0.0460218
0.0495002
0.0530937
0.0567931
0.0605877
0.0644652
0.0684116
0.0724113
0.0764475
0.0805018
0.0845549
0.0885862
0.0925744
0.0964972
0.100332
0.104056
0.107647
0.111081
0.114336
0.117391
0.120225
0.122818
0.125152
0.127211
0.128979
0.130444
0.131595
0.132423
0.132922
0.133089
0.132922
0.132423
0.131595
0.130444
0.128979
0.127211
0.125152
0.122818
0.120225
0.117391
0.114336
0.111081
0.107647
0.104056
0.100332
0.0964972
0.0925744
0.0885862
0.0845549
0.0805018
0.0764475
0.0724113
0.0684116
0.0644652
0.0605877
0.0567931
0.0530937
0.0495002
0.0460218
0.0426659
0.0394382
0.0363428
0.0333824
0.0305579
0.027869
0.0253137
0.022889
0.0205905
0.0184127
0.0163491
0.0143922
0.0125336
0.0107644
0.00907472
0.00745428
0.00589227
0.00437747
0.00289837
0.00144318
0
0
0.00138802
0.00278758
0.00421016
0.00566705
0.00716936
0.00872786
0.010353
0.0120546
0.0138421
0.0157242
0.0177089
0.0198035
0.0220141
0.0243462
0.0268038
0.0293899
0.0321064
0.0349537
0.0379307
0.0410351
0.0442628
0.0476082
0.0510643
0.0546223
0.0582719
0.0620012
0.0657967
0.0696435
0.0735255
0.0774249
0.081323
0.0852002
0.0890359
0.0928088
0.0964972
0.100079
0.103532
0.106835
0.109966
0.112904
0.11563
0.118124
0.120369
0.122349
0.124049
0.125458
0.126565
0.127361
0.127842
0.128002
0.127842
0.127361
0.126565
0.125458
0.124049
0.122349
0.120369
0.118124
0.11563
0.112904
0.109966
0.106835
0.103532
0.100079
0.0964972
0.0928088
0.0890359
0.0852002
0.081323
0.0774249
0.0735255
0.0696435
0.0657967
0.0620012
0.0582719
0.0546223
0.0510643
0.0476082
0.0442628
0.0410351
0.0379307
0.0349537
0.0321064
0.0293899
0.0268038
0.0243462
0.0220141
0.0198035
0.0177089
0.0157242
0.0138421
0.0120546
0.010353
0.00872786
0.00716936
0.00566705
0.00421016
0.00278758
0.00138802
0
0
0.00133159
0.00267426
0.004039
0.00543667
0.00687791
0.00837306
0.00993209
0.0115645
0.0132794
0.015085
0.016989
0.0189984
0.0211192
0.0233564
0.0257141
0.0281952
0.0308012
0.0335328
0.0363888
0.0393669
0.0424634
0.0456728
0.0489884
0.0524018
0.055903
0.0594807
0.0631219
0.0668124
0.0705365
0.0742774
0.0780171
0.0817367
0.0854164
0.0890359
0.0925744
0.0960106
0.0993235
0.102492
0.105496
0.108314
0.110929
0.113322
0.115475
0.117375
0.119006
0.120358
0.12142
0.122184
0.122645
0.122799
0.122645
0.122184
0.12142
0.120358
0.119006
0.117375
0.115475
0.113322
0.110929
0.108314
0.105496
0.102492
0.0993235
0.0960106
0.0925744
0.0890359
0.0854164
0.0817367
0.0780171
0.0742774
0.0705365
0.0668124
0.0631219
0.0594807
0.055903
0.0524018
0.0489884
0.0456728
0.0424634
0.0393669
0.0363888
0.0335328
0.0308012
0.0281952
0.0257141
0.0233564
0.0211192
0.0189984
0.016989
0.015085
0.0132794
0.0115645
0.00993209
0.00837306
0.00687791
0.00543667
0.004039
0.00267426
0.00133159
0
0
0.00127423
0.00255905
0.003865
0.00520246
0.00658161
0.00801234
0.00950421
0.0110663
0.0127073
0.0144351
0.0162571
0.01818
0.0202094
0.0223502
0.0246064
0.0269805
0.0294743
0.0320882
0.0348211
0.037671
0.040634
0.0437052
0.046878
0.0501443
0.0534947
0.0569183
0.0604026
0.0639341
0.0674978
0.0710775
0.0746561
0.0782154
0.0817367
0.0852002
0.0885862
0.0918744
0.0950446
0.0980767
0.100951
0.103648
0.10615
0.10844
0.110501
0.112318
0.11388
0.115173
0.116189
0.11692
0.117361
0.117508
0.117361
0.11692
0.116189
0.115173
0.11388
0.112318
0.110501
0.10844
0.10615
0.103648
0.100951
0.0980767
0.0950446
0.0918744
0.0885862
0.0852002
0.0817367
0.0782154
0.0746561
0.0710775
0.0674978
0.0639341
0.0604026
0.0569183
0.0534947
0.0501443
0.046878
0.0437052
0.040634
0.037671
0.0348211
0.0320882
0.0294743
0.0269805
0.0246064
0.0223502
0.0202094
0.01818
0.0162571
0.0144351
0.0127073
0.0110663
0.00950421
0.00801234
0.00658161
0.00520246
0.003865
0.00255905
0.00127423
0
0
0.00121624
0.0024426
0.00368912
0.00496571
0.0062821
0.00764773
0.0090717
0.0105627
0.012129
0.0137782
0.0155173
0.0173527
0.0192897
0.0213332
0.0234866
0.0257527
0.028133
0.0306279
0.0332365
0.0359567
0.0387849
0.0417163
0.0447447
0.0478624
0.0510603
0.0543281
0.0576539
0.0610246
0.0644261
0.0678429
0.0712587
0.0746561
0.0780171
0.081323
0.0845549
0.0876935
0.0907194
0.0936135
0.0963569
0.0989315
0.10132
0.103505
0.105472
0.107207
0.108697
0.109932
0.110902
0.111599
0.11202
0.112161
0.11202
0.111599
0.110902
0.109932
0.108697
0.107207
0.105472
0.103505
0.10132
0.0989315
0.0963569
0.0936135
0.0907194
0.0876935
0.0845549
0.081323
0.0780171
0.0746561
0.0712587
0.0678429
0.0644261
0.0610246
0.0576539
0.0543281
0.0510603
0.0478624
0.0447447
0.0417163
0.0387849
0.0359567
0.0332365
0.0306279
0.028133
0.0257527
0.0234866
0.0213332
0.0192897
0.0173527
0.0155173
0.0137782
0.012129
0.0105627
0.0090717
0.00764773
0.0062821
0.00496571
0.00368912
0.0024426
0.00121624
0
0
0.00115794
0.00232551
0.00351228
0.00472768
0.00598097
0.00728114
0.00863685
0.0100564
0.0115476
0.0131177
0.0147735
0.0165209
0.0183651
0.0203106
0.0223608
0.0245183
0.0267845
0.0291598
0.0316434
0.0342331
0.0369258
0.0397167
0.0425999
0.0455681
0.0486128
0.0517239
0.0548903
0.0580995
0.0613379
0.0645909
0.0678429
0.0710775
0.0742774
0.0774249
0.0805018
0.0834899
0.0863708
0.0891262
0.0917381
0.0941893
0.096463
0.0985436
0.100416
0.102068
0.103487
0.104662
0.105586
0.10625
0.106651
0.106785
0.106651
0.10625
0.105586
0.104662
0.103487
0.102068
0.100416
0.0985436
0.096463
0.0941893
0.0917381
0.0891262
0.0863708
0.0834899
0.0805018
0.0774249
0.0742774
0.0710775
0.0678429
0.0645909
0.0613379
0.0580995
0.0548903
0.0517239
0.0486128
0.0455681
0.0425999
0.0397167
0.0369258
0.0342331
0.0316434
0.0291598
0.0267845
0.0245183
0.0223608
0.0203106
0.0183651
0.0165209
0.0147735
0.0131177
0.0115476
0.0100564
0.00863685
0.00728114
0.00598097
0.00472768
0.00351228
0.00232551
0.00115794
0
0
0.00109962
0.00220839
0.00333539
0.00448958
0.00567975
0.00691443
0.00820187
0.00954993
0.010966
0.0124571
0.0140295
0.0156888
0.0174402
0.0192876
0.0212346
0.0232834
0.0254355
0.0276912
0.0300497
0.032509
0.0350661
0.0377164
0.0404544
0.0432732
0.0461645
0.0491189
0.0521258
0.0551733
0.0582487
0.0613379
0.0644261
0.0674978
0.0705365
0.0735255
0.0764475
0.0792851
0.0820209
0.0846374
0.0871178
0.0894455
0.0916048
0.0935806
0.0953591
0.0969276
0.0982749
0.099391
0.100268
0.100899
0.101279
0.101406
0.101279
0.100899
0.100268
0.099391
0.0982749
0.0969276
0.0953591
0.0935806
0.0916048
0.0894455
0.0871178
0.0846374
0.0820209
0.0792851
0.0764475
0.0735255
0.0705365
0.0674978
0.0644261
0.0613379
0.0582487
0.0551733
0.0521258
0.0491189
0.0461645
0.0432732
0.0404544
0.0377164
0.0350661
0.032509
0.0300497
0.0276912
0.0254355
0.0232834
0.0212346
0.0192876
0.0174402
0.0156888
0.0140295
0.0124571
0.010966
0.00954993
0.00820187
0.00691443
0.00567975
0.00448958
0.00333539
0.00220839
0.00109962
0
0
0.00104157
0.0020918
0.00315929
0.00425254
0.00537987
0.00654937
0.00776884
0.00904572
0.0103871
0.0117994
0.0132887
0.0148605
0.0165194
0.0182693
0.0201135
0.0220541
0.0240926
0.0262292
0.0284632
0.0307926
0.0332147
0.0357251
0.0383186
0.0409885
0.0437271
0.0465256
0.0493737
0.0522604
0.0551733
0.0580995
0.0610246
0.0639341
0.0668124
0.0696435
0.0724113
0.0750991
0.0776904
0.0801689
0.0825183
0.0847231
0.0867683
0.0886398
0.0903244
0.0918102
0.0930863
0.0941435
0.094974
0.0955717
0.0959321
0.0960526
0.0959321
0.0955717
0.094974
0.0941435
0.0930863
0.0918102
0.0903244
0.0886398
0.0867683
0.0847231
0.0825183
0.0801689
0.0776904
0.0750991
0.0724113
0.0696435
0.0668124
0.0639341
0.0610246
0.0580995
0.0551733
0.0522604
0.0493737
0.0465256
0.0437271
0.0409885
0.0383186
0.0357251
0.0332147
0.0307926
0.0284632
0.0262292
0.0240926
0.0220541
0.0201135
0.0182693
0.0165194
0.0148605
0.0132887
0.0117994
0.0103871
0.00904572
0.00776884
0.00654937
0.00537987
0.00425254
0.00315929
0.0020918
0.00104157
0
0
0.000984036
0.00197625
0.00298478
0.00401765
0.00508271
0.00618761
0.00733972
0.00854607
0.00981331
0.0111476
0.0125547
0.0140397
0.0156069
0.0172602
0.0190025
0.020836
0.0227618
0.0247804
0.026891
0.0290918
0.03138
0.0337518
0.036202
0.0387244
0.0413118
0.0439557
0.0466465
0.0493737
0.0521258
0.0548903
0.0576539
0.0604026
0.0631219
0.0657967
0.0684116
0.0709509
0.0733991
0.0757406
0.0779603
0.0800433
0.0819756
0.0837437
0.0853353
0.0867389
0.0879446
0.0889434
0.089728
0.0902927
0.0906332
0.090747
0.0906332
0.0902927
0.089728
0.0889434
0.0879446
0.0867389
0.0853353
0.0837437
0.0819756
0.0800433
0.0779603
0.0757406
0.0733991
0.0709509
0.0684116
0.0657967
0.0631219
0.0604026
0.0576539
0.0548903
0.0521258
0.0493737
0.0466465
0.0439557
0.0413118
0.0387244
0.036202
0.0337518
0.03138
0.0290918
0.026891
0.0247804
0.0227618
0.020836
0.0190025
0.0172602
0.0156069
0.0140397
0.0125547
0.0111476
0.00981331
0.00854607
0.00733972
0.00618761
0.00508271
0.00401765
0.00298478
0.00197625
0.000984036
0
0
0.000927271
0.00186225
0.00281261
0.00378589
0.00478951
0.00583067
0.00691632
0.00805309
0.00924723
0.0105046
0.0118305
0.0132298
0.0147066
0.0162645
0.0179063
0.019634
0.0214488
0.0233509
0.0253397
0.0274136
0.0295699
0.0318048
0.0341137
0.0364906
0.0389287
0.0414201
0.0439557
0.0465256
0.0491189
0.0517239
0.0543281
0.0569183
0.0594807
0.0620012
0.0644652
0.0668581
0.069165
0.0713715
0.0734631
0.075426
0.0772468
0.0789129
0.0804127
0.0817354
0.0828714
0.0838126
0.084552
0.0850841
0.085405
0.0855122
0.085405
0.0850841
0.084552
0.0838126
0.0828714
0.0817354
0.0804127
0.0789129
0.0772468
0.075426
0.0734631
0.0713715
0.069165
0.0668581
0.0644652
0.0620012
0.0594807
0.0569183
0.0543281
0.0517239
0.0491189
0.0465256
0.0439557
0.0414201
0.0389287
0.0364906
0.0341137
0.0318048
0.0295699
0.0274136
0.0253397
0.0233509
0.0214488
0.019634
0.0179063
0.0162645
0.0147066
0.0132298
0.0118305
0.0105046
0.00924723
0.00805309
0.00691632
0.00583067
0.00478951
0.00378589
0.00281261
0.00186225
0.000927271
0
0
0.000871497
0.00175024
0.00264343
0.00355817
0.00450143
0.00547997
0.00650032
0.00756871
0.00869102
0.00987275
0.0111189
0.012434
0.013822
0.0152862
0.0168293
0.0184531
0.0201587
0.0219464
0.0238156
0.0257647
0.0277913
0.0298918
0.0320618
0.0342958
0.0365872
0.0389287
0.0413118
0.0437271
0.0461645
0.0486128
0.0510603
0.0534947
0.055903
0.0582719
0.0605877
0.0628367
0.0650049
0.0670786
0.0690444
0.0708892
0.0726005
0.0741664
0.075576
0.0768191
0.0778869
0.0787714
0.0794664
0.0799665
0.080268
0.0803688
0.080268
0.0799665
0.0794664
0.0787714
0.0778869
0.0768191
0.075576
0.0741664
0.0726005
0.0708892
0.0690444
0.0670786
0.0650049
0.0628367
0.0605877
0.0582719
0.055903
0.0534947
0.0510603
0.0486128
0.0461645
0.0437271
0.0413118
0.0389287
0.0365872
0.0342958
0.0320618
0.0298918
0.0277913
0.0257647
0.0238156
0.0219464
0.0201587
0.0184531
0.0168293
0.0152862
0.013822
0.012434
0.0111189
0.00987275
0.00869102
0.00756871
0.00650032
0.00547997
0.00450143
0.00355817
0.00264343
0.00175024
0.000871497
0
0
0.000816915
0.00164062
0.00247787
0.00333533
0.0042195
0.00513676
0.0060932
0.00709468
0.0081467
0.00925442
0.0104225
0.0116553
0.0129564
0.0143289
0.0157753
0.0172974
0.0188961
0.0205719
0.022324
0.0241511
0.0260507
0.0280197
0.0300537
0.0321478
0.0342958
0.0364906
0.0387244
0.0409885
0.0432732
0.0455681
0.0478624
0.0501443
0.0524018
0.0546223
0.0567931
0.0589012
0.0609336
0.0628775
0.0647202
0.0664494
0.0680535
0.0695214
0.0708426
0.0720079
0.0730088
0.073838
0.0744894
0.0749581
0.0752408
0.0753353
0.0752408
0.0749581
0.0744894
0.073838
0.0730088
0.0720079
0.0708426
0.0695214
0.0680535
0.0664494
0.0647202
0.0628775
0.0609336
0.0589012
0.0567931
0.0546223
0.0524018
0.0501443
0.0478624
0.0455681
0.0432732
0.0409885
0.0387244
0.0364906
0.0342958
0.0321478
0.0300537
0.0280197
0.0260507
0.0241511
0.022324
0.0205719
0.0188961
0.0172974
0.0157753
0.0143289
0.0129564
0.0116553
0.0104225
0.00925442
0.0081467
0.00709468
0.0060932
0.00513676
0.0042195
0.00333533
0.00247787
0.00164062
0.000816915
0
0
0.000763703
0.00153376
0.00231647
0.00311807
0.00394465
0.00480216
0.0056963
0.00663254
0.00761604
0.0086516
0.00974362
0.0108961
0.0121124
0.0133955
0.0147477
0.0161706
0.0176653
0.0192319
0.0208699
0.0225779
0.0243538
0.0261945
0.0280961
0.0300537
0.0320618
0.0341137
0.036202
0.0383186
0.0404544
0.0425999
0.0447447
0.046878
0.0489884
0.0510643
0.0530937
0.0550645
0.0569645
0.0587817
0.0605044
0.062121
0.0636206
0.0649928
0.0662281
0.0673174
0.0682531
0.0690283
0.0696372
0.0700755
0.0703397
0.070428
0.0703397
0.0700755
0.0696372
0.0690283
0.0682531
0.0673174
0.0662281
0.0649928
0.0636206
0.062121
0.0605044
0.0587817
0.0569645
0.0550645
0.0530937
0.0510643
0.0489884
0.046878
0.0447447
0.0425999
0.0404544
0.0383186
0.036202
0.0341137
0.0320618
0.0300537
0.0280961
0.0261945
0.0243538
0.0225779
0.0208699
0.0192319
0.0176653
0.0161706
0.0147477
0.0133955
0.0121124
0.0108961
0.00974362
0.0086516
0.00761604
0.00663254
0.0056963
0.00480216
0.00394465
0.00311807
0.00231647
0.00153376
0.000763703
0
0
0.000712014
0.00142995
0.00215969
0.00290703
0.00367767
0.00447714
0.00531076
0.00618364
0.00710057
0.00806605
0.00908416
0.0101586
0.0112926
0.0124889
0.0137495
0.0150762
0.0164697
0.0179302
0.0194574
0.0210498
0.0227055
0.0244216
0.0261945
0.0280197
0.0298918
0.0318048
0.0337518
0.0357251
0.0377164
0.0397167
0.0417163
0.0437052
0.0456728
0.0476082
0.0495002
0.0513376
0.053109
0.0548033
0.0564094
0.0579166
0.0593147
0.060594
0.0617456
0.0627613
0.0636336
0.0643563
0.0649241
0.0653327
0.065579
0.0656614
0.065579
0.0653327
0.0649241
0.0643563
0.0636336
0.0627613
0.0617456
0.060594
0.0593147
0.0579166
0.0564094
0.0548033
0.053109
0.0513376
0.0495002
0.0476082
0.0456728
0.0437052
0.0417163
0.0397167
0.0377164
0.0357251
0.0337518
0.0318048
0.0298918
0.0280197
0.0261945
0.0244216
0.0227055
0.0210498
0.0194574
0.0179302
0.0164697
0.0150762
0.0137495
0.0124889
0.0112926
0.0101586
0.00908416
0.00806605
0.00710057
0.00618364
0.00531076
0.00447714
0.00367767
0.00290703
0.00215969
0.00142995
0.000712014
0
0
0.000661981
0.00132947
0.00200792
0.00270275
0.00341924
0.00416253
0.00493757
0.00574911
0.00660161
0.00749924
0.00844581
0.00944476
0.0104991
0.0116113
0.0127834
0.0140168
0.0153123
0.0166703
0.0180901
0.0195706
0.02111
0.0227055
0.0243538
0.0260507
0.0277913
0.0295699
0.03138
0.0332147
0.0350661
0.0369258
0.0387849
0.040634
0.0424634
0.0442628
0.0460218
0.0477301
0.049377
0.0509522
0.0524455
0.0538467
0.0551466
0.0563361
0.0574067
0.058351
0.0591621
0.059834
0.0603618
0.0607417
0.0609708
0.0610473
0.0609708
0.0607417
0.0603618
0.059834
0.0591621
0.058351
0.0574067
0.0563361
0.0551466
0.0538467
0.0524455
0.0509522
0.049377
0.0477301
0.0460218
0.0442628
0.0424634
0.040634
0.0387849
0.0369258
0.0350661
0.0332147
0.03138
0.0295699
0.0277913
0.0260507
0.0243538
0.0227055
0.02111
0.0195706
0.0180901
0.0166703
0.0153123
0.0140168
0.0127834
0.0116113
0.0104991
0.00944476
0.00844581
0.00749924
0.00660161
0.00574911
0.00493757
0.00416253
0.00341924
0.00270275
0.00200792
0.00132947
0.000661981
0
0
0.000613708
0.00123252
0.00186151
0.00250567
0.00316991
0.00385899
0.00457752
0.00532988
0.00612022
0.00695239
0.00782994
0.00875604
0.00973348
0.0107646
0.0118512
0.0129947
0.0141957
0.0154547
0.0167709
0.0181435
0.0195706
0.0210498
0.0225779
0.0241511
0.0257647
0.0274136
0.0290918
0.0307926
0.032509
0.0342331
0.0359567
0.037671
0.0393669
0.0410351
0.0426659
0.0442496
0.0457764
0.0472368
0.0486211
0.0499202
0.0511253
0.052228
0.0532206
0.054096
0.0548479
0.0554709
0.0559602
0.0563124
0.0565247
0.0565957
0.0565247
0.0563124
0.0559602
0.0554709
0.0548479
0.054096
0.0532206
0.052228
0.0511253
0.0499202
0.0486211
0.0472368
0.0457764
0.0442496
0.0426659
0.0410351
0.0393669
0.037671
0.0359567
0.0342331
0.032509
0.0307926
0.0290918
0.0274136
0.0257647
0.0241511
0.0225779
0.0210498
0.0195706
0.0181435
0.0167709
0.0154547
0.0141957
0.0129947
0.0118512
0.0107646
0.00973348
0.00875604
0.00782994
0.00695239
0.00612022
0.00532988
0.00457752
0.00385899
0.00316991
0.00250567
0.00186151
0.00123252
0.000613708
0
0
0.000567281
0.00113928
0.00172068
0.00231611
0.0029301
0.00356706
0.00423123
0.00492667
0.00565722
0.00642644
0.0072376
0.00809364
0.00899713
0.00995022
0.0109546
0.0120116
0.0131218
0.0142855
0.0155022
0.0167709
0.0180901
0.0194574
0.0208699
0.022324
0.0238156
0.0253397
0.026891
0.0284632
0.0300497
0.0316434
0.0332365
0.0348211
0.0363888
0.0379307
0.0394382
0.0409021
0.0423134
0.0436633
0.0449429
0.0461437
0.0472576
0.0482769
0.0491944
0.0500036
0.0506986
0.0512744
0.0517268
0.0520523
0.0522486
0.0523142
0.0522486
0.0520523
0.0517268
0.0512744
0.0506986
0.0500036
0.0491944
0.0482769
0.0472576
0.0461437
0.0449429
0.0436633
0.0423134
0.0409021
0.0394382
0.0379307
0.0363888
0.0348211
0.0332365
0.0316434
0.0300497
0.0284632
0.026891
0.0253397
0.0238156
0.022324
0.0208699
0.0194574
0.0180901
0.0167709
0.0155022
0.0142855
0.0131218
0.0120116
0.0109546
0.00995022
0.00899713
0.00809364
0.0072376
0.00642644
0.00565722
0.00492667
0.00423123
0.00356706
0.0029301
0.00231611
0.00172068
0.00113928
0.000567281
0
0
0.000522757
0.00104986
0.00158563
0.00213433
0.00270013
0.00328709
0.00389914
0.00454
0.00521321
0.00592205
0.00666955
0.0074584
0.00829098
0.00916927
0.0100948
0.0110689
0.0120919
0.0131643
0.0142855
0.0154547
0.0166703
0.0179302
0.0192319
0.0205719
0.0219464
0.0233509
0.0247804
0.0262292
0.0276912
0.0291598
0.0306279
0.0320882
0.0335328
0.0349537
0.0363428
0.0376918
0.0389924
0.0402363
0.0414155
0.0425221
0.0435485
0.0444878
0.0453333
0.046079
0.0467195
0.0472501
0.0476669
0.0479669
0.0481478
0.0482082
0.0481478
0.0479669
0.0476669
0.0472501
0.0467195
0.046079
0.0453333
0.0444878
0.0435485
0.0425221
0.0414155
0.0402363
0.0389924
0.0376918
0.0363428
0.0349537
0.0335328
0.0320882
0.0306279
0.0291598
0.0276912
0.0262292
0.0247804
0.0233509
0.0219464
0.0205719
0.0192319
0.0179302
0.0166703
0.0154547
0.0142855
0.0131643
0.0120919
0.0110689
0.0100948
0.00916927
0.00829098
0.0074584
0.00666955
0.00592205
0.00521321
0.00454
0.00389914
0.00328709
0.00270013
0.00213433
0.00158563
0.00104986
0.000522757
0
0
0.000480174
0.000964342
0.00145647
0.00196047
0.00248018
0.00301933
0.00358152
0.00417018
0.00478855
0.00543965
0.00612626
0.00685085
0.00761561
0.00842236
0.00927254
0.0101672
0.011107
0.0120919
0.0131218
0.0141957
0.0153123
0.0164697
0.0176653
0.0188961
0.0201587
0.0214488
0.0227618
0.0240926
0.0254355
0.0267845
0.028133
0.0294743
0.0308012
0.0321064
0.0333824
0.0346215
0.0358161
0.0369587
0.0380418
0.0390583
0.0400012
0.0408639
0.0416406
0.0423255
0.0429138
0.0434012
0.0437841
0.0440596
0.0442258
0.0442813
0.0442258
0.0440596
0.0437841
0.0434012
0.0429138
0.0423255
0.0416406
0.0408639
0.0400012
0.0390583
0.0380418
0.0369587
0.0358161
0.0346215
0.0333824
0.0321064
0.0308012
0.0294743
0.028133
0.0267845
0.0254355
0.0240926
0.0227618
0.0214488
0.0201587
0.0188961
0.0176653
0.0164697
0.0153123
0.0141957
0.0131218
0.0120919
0.011107
0.0101672
0.00927254
0.00842236
0.00761561
0.00685085
0.00612626
0.00543965
0.00478855
0.00417018
0.00358152
0.00301933
0.00248018
0.00196047
0.00145647
0.000964342
0.000480174
0
0
0.000439547
0.000882749
0.00133324
0.0017946
0.00227033
0.00276387
0.00327849
0.00381734
0.00438339
0.0049794
0.00560792
0.00627121
0.00697126
0.00770975
0.008488
0.00930696
0.0101672
0.0110689
0.0120116
0.0129947
0.0140168
0.0150762
0.0161706
0.0172974
0.0184531
0.019634
0.020836
0.0220541
0.0232834
0.0245183
0.0257527
0.0269805
0.0281952
0.0293899
0.0305579
0.0316922
0.0327858
0.0338317
0.0348231
0.0357536
0.0366167
0.0374065
0.0381174
0.0387444
0.0392829
0.039729
0.0400795
0.0403318
0.0404838
0.0405347
0.0404838
0.0403318
0.0400795
0.039729
0.0392829
0.0387444
0.0381174
0.0374065
0.0366167
0.0357536
0.0348231
0.0338317
0.0327858
0.0316922
0.0305579
0.0293899
0.0281952
0.0269805
0.0257527
0.0245183
0.0232834
0.0220541
0.020836
0.019634
0.0184531
0.0172974
0.0161706
0.0150762
0.0140168
0.0129947
0.0120116
0.0110689
0.0101672
0.00930696
0.008488
0.00770975
0.00697126
0.00627121
0.00560792
0.0049794
0.00438339
0.00381734
0.00327849
0.00276387
0.00227033
0.0017946
0.00133324
0.000882749
0.000439547
0
0
0.000400869
0.000805071
0.00121592
0.00163668
0.00207056
0.00252066
0.00299
0.00348143
0.00399767
0.00454124
0.00511445
0.00571937
0.00635782
0.00703133
0.00774109
0.008488
0.00927254
0.0100948
0.0109546
0.0118512
0.0127834
0.0137495
0.0147477
0.0157753
0.0168293
0.0179063
0.0190025
0.0201135
0.0212346
0.0223608
0.0234866
0.0246064
0.0257141
0.0268038
0.027869
0.0289034
0.0299008
0.0308546
0.0317589
0.0326074
0.0333946
0.0341149
0.0347632
0.0353351
0.0358262
0.0362331
0.0365527
0.0367828
0.0369215
0.0369678
0.0369215
0.0367828
0.0365527
0.0362331
0.0358262
0.0353351
0.0347632
0.0341149
0.0333946
0.0326074
0.0317589
0.0308546
0.0299008
0.0289034
0.027869
0.0268038
0.0257141
0.0246064
0.0234866
0.0223608
0.0212346
0.0201135
0.0190025
0.0179063
0.0168293
0.0157753
0.0147477
0.0137495
0.0127834
0.0118512
0.0109546
0.0100948
0.00927254
0.008488
0.00774109
0.00703133
0.00635782
0.00571937
0.00511445
0.00454124
0.00399767
0.00348143
0.00299
0.00252066
0.00207056
0.00163668
0.00121592
0.000805071
0.000400869
0
0
0.000364114
0.000731256
0.00110443
0.00148662
0.00188071
0.00228955
0.00271585
0.00316223
0.00363113
0.00412486
0.00464551
0.00519497
0.00577488
0.00638664
0.00703133
0.00770975
0.00842236
0.00916927
0.00995022
0.0107646
0.0116113
0.0124889
0.0133955
0.0143289
0.0152862
0.0162645
0.0172602
0.0182693
0.0192876
0.0203106
0.0213332
0.0223502
0.0233564
0.0243462
0.0253137
0.0262533
0.0271592
0.0280256
0.028847
0.0296177
0.0303327
0.0309869
0.0315759
0.0320952
0.0325413
0.0329109
0.0332013
0.0334102
0.0335362
0.0335783
0.0335362
0.0334102
0.0332013
0.0329109
0.0325413
0.0320952
0.0315759
0.0309869
0.0303327
0.0296177
0.028847
0.0280256
0.0271592
0.0262533
0.0253137
0.0243462
0.0233564
0.0223502
0.0213332
0.0203106
0.0192876
0.0182693
0.0172602
0.0162645
0.0152862
0.0143289
0.0133955
0.0124889
0.0116113
0.0107646
0.00995022
0.00916927
0.00842236
0.00770975
0.00703133
0.00638664
0.00577488
0.00519497
0.00464551
0.00412486
0.00363113
0.00316223
0.00271585
0.00228955
0.00188071
0.00148662
0.00110443
0.000731256
0.000364114
0
0
0.000329237
0.000661212
0.000998644
0.00134422
0.00170056
0.00207024
0.00245571
0.00285933
0.00328332
0.00372976
0.00420054
0.00469736
0.00522173
0.00577488
0.00635782
0.00697126
0.00761561
0.00829098
0.00899713
0.00973348
0.0104991
0.0112926
0.0121124
0.0129564
0.013822
0.0147066
0.0156069
0.0165194
0.0174402
0.0183651
0.0192897
0.0202094
0.0211192
0.0220141
0.022889
0.0237386
0.0245577
0.0253412
0.0260838
0.0267808
0.0274272
0.0280188
0.0285513
0.029021
0.0294243
0.0297585
0.030021
0.03021
0.0303239
0.030362
0.0303239
0.03021
0.030021
0.0297585
0.0294243
0.029021
0.0285513
0.0280188
0.0274272
0.0267808
0.0260838
0.0253412
0.0245577
0.0237386
0.022889
0.0220141
0.0211192
0.0202094
0.0192897
0.0183651
0.0174402
0.0165194
0.0156069
0.0147066
0.013822
0.0129564
0.0121124
0.0112926
0.0104991
0.00973348
0.00899713
0.00829098
0.00761561
0.00697126
0.00635782
0.00577488
0.00522173
0.00469736
0.00420054
0.00372976
0.00328332
0.00285933
0.00245571
0.00207024
0.00170056
0.00134422
0.000998644
0.000661212
0.000329237
0
0
0.000296175
0.000594813
0.00089836
0.00120923
0.00152979
0.00186235
0.00220911
0.0025722
0.00295361
0.00335522
0.00377872
0.00422566
0.00469736
0.00519497
0.00571937
0.00627121
0.00685085
0.0074584
0.00809364
0.00875604
0.00944476
0.0101586
0.0108961
0.0116553
0.012434
0.0132298
0.0140397
0.0148605
0.0156888
0.0165209
0.0173527
0.01818
0.0189984
0.0198035
0.0205905
0.0213548
0.0220917
0.0227964
0.0234645
0.0240914
0.024673
0.0252052
0.0256842
0.0261067
0.0264696
0.0267702
0.0270063
0.0271763
0.0272788
0.027313
0.0272788
0.0271763
0.0270063
0.0267702
0.0264696
0.0261067
0.0256842
0.0252052
0.024673
0.0240914
0.0234645
0.0227964
0.0220917
0.0213548
0.0205905
0.0198035
0.0189984
0.01818
0.0173527
0.0165209
0.0156888
0.0148605
0.0140397
0.0132298
0.012434
0.0116553
0.0108961
0.0101586
0.00944476
0.00875604
0.00809364
0.0074584
0.00685085
0.00627121
0.00571937
0.00519497
0.00469736
0.00422566
0.00377872
0.00335522
0.00295361
0.0025722
0.00220911
0.00186235
0.00152979
0.00120923
0.00089836
0.000594813
0.000296175
0
0
0.000264849
0.000531901
0.000803343
0.00108133
0.00136799
0.00166537
0.00197546
0.00230014
0.00264122
0.00300034
0.00337906
0.00377872
0.00420054
0.00464551
0.00511445
0.00560792
0.00612626
0.00666955
0.0072376
0.00782994
0.00844581
0.00908416
0.00974362
0.0104225
0.0111189
0.0118305
0.0125547
0.0132887
0.0140295
0.0147735
0.0155173
0.0162571
0.016989
0.0177089
0.0184127
0.0190962
0.0197551
0.0203853
0.0209827
0.0215434
0.0220634
0.0225393
0.0229677
0.0233454
0.0236699
0.0239388
0.0241499
0.0243019
0.0243936
0.0244242
0.0243936
0.0243019
0.0241499
0.0239388
0.0236699
0.0233454
0.0229677
0.0225393
0.0220634
0.0215434
0.0209827
0.0203853
0.0197551
0.0190962
0.0184127
0.0177089
0.016989
0.0162571
0.0155173
0.0147735
0.0140295
0.0132887
0.0125547
0.0118305
0.0111189
0.0104225
0.00974362
0.00908416
0.00844581
0.00782994
0.0072376
0.00666955
0.00612626
0.00560792
0.00511445
0.00464551
0.00420054
0.00377872
0.00337906
0.00300034
0.00264122
0.00230014
0.00197546
0.00166537
0.00136799
0.00108133
0.000803343
0.000531901
0.000264849
0
0
0.000235166
0.000472288
0.000713308
0.000960143
0.00121467
0.00147872
0.00175405
0.00204235
0.0023452
0.00266408
0.00300034
0.00335522
0.00372976
0.00412486
0.00454124
0.0049794
0.00543965
0.00592205
0.00642644
0.00695239
0.00749924
0.00806605
0.0086516
0.00925442
0.00987275
0.0105046
0.0111476
0.0117994
0.0124571
0.0131177
0.0137782
0.0144351
0.015085
0.0157242
0.0163491
0.0169559
0.017541
0.0181006
0.0186311
0.0191289
0.0195906
0.0200132
0.0203935
0.020729
0.0210171
0.0212558
0.0214433
0.0215783
0.0216596
0.0216868
0.0216596
0.0215783
0.0214433
0.0212558
0.0210171
0.020729
0.0203935
0.0200132
0.0195906
0.0191289
0.0186311
0.0181006
0.017541
0.0169559
0.0163491
0.0157242
0.015085
0.0144351
0.0137782
0.0131177
0.0124571
0.0117994
0.0111476
0.0105046
0.00987275
0.00925442
0.0086516
0.00806605
0.00749924
0.00695239
0.00642644
0.00592205
0.00543965
0.0049794
0.00454124
0.00412486
0.00372976
0.00335522
0.00300034
0.00266408
0.0023452
0.00204235
0.00175405
0.00147872
0.00121467
0.000960143
0.000713308
0.000472288
0.000235166
0
0
0.000207018
0.000415757
0.000627928
0.000845218
0.00106928
0.00130173
0.0015441
0.00179789
0.00206449
0.0023452
0.00264122
0.00295361
0.00328332
0.00363113
0.00399767
0.00438339
0.00478855
0.00521321
0.00565722
0.00612022
0.00660161
0.00710057
0.00761604
0.0081467
0.00869102
0.00924723
0.00981331
0.0103871
0.010966
0.0115476
0.012129
0.0127073
0.0132794
0.0138421
0.0143922
0.0149264
0.0154414
0.015934
0.016401
0.0168392
0.0172457
0.0176177
0.0179525
0.0182478
0.0185014
0.0187116
0.0188766
0.0189954
0.0190671
0.019091
0.0190671
0.0189954
0.0188766
0.0187116
0.0185014
0.0182478
0.0179525
0.0176177
0.0172457
0.0168392
0.016401
0.015934
0.0154414
0.0149264
0.0143922
0.0138421
0.0132794
0.0127073
0.012129
0.0115476
0.010966
0.0103871
0.00981331
0.00924723
0.00869102
0.0081467
0.00761604
0.00710057
0.00660161
0.00612022
0.00565722
0.00521321
0.00478855
0.00438339
0.00399767
0.00363113
0.00328332
0.00295361
0.00264122
0.0023452
0.00206449
0.00179789
0.0015441
0.00130173
0.00106928
0.000845218
0.000627928
0.000415757
0.000207018
0
0
0.000180284
0.000362068
0.00054684
0.000736071
0.000931199
0.00113363
0.0013447
0.00156572
0.00179789
0.00204235
0.00230014
0.0025722
0.00285933
0.00316223
0.00348143
0.00381734
0.00417018
0.00454
0.00492667
0.00532988
0.00574911
0.00618364
0.00663254
0.00709468
0.00756871
0.00805309
0.00854607
0.00904572
0.00954993
0.0100564
0.0105627
0.0110663
0.0115645
0.0120546
0.0125336
0.0129989
0.0134474
0.0138764
0.014283
0.0146647
0.0150187
0.0153426
0.0156342
0.0158914
0.0161123
0.0162952
0.016439
0.0165425
0.0166048
0.0166257
0.0166048
0.0165425
0.016439
0.0162952
0.0161123
0.0158914
0.0156342
0.0153426
0.0150187
0.0146647
0.014283
0.0138764
0.0134474
0.0129989
0.0125336
0.0120546
0.0115645
0.0110663
0.0105627
0.0100564
0.00954993
0.00904572
0.00854607
0.00805309
0.00756871
0.00709468
0.00663254
0.00618364
0.00574911
0.00532988
0.00492667
0.00454
0.00417018
0.00381734
0.00348143
0.00316223
0.00285933
0.0025722
0.00230014
0.00204235
0.00179789
0.00156572
0.0013447
0.00113363
0.000931199
0.000736071
0.00054684
0.000362068
0.000180284
0
0
0.000154836
0.000310959
0.000469649
0.000632168
0.000799752
0.000973606
0.00115489
0.0013447
0.0015441
0.00175405
0.00197546
0.00220911
0.00245571
0.00271585
0.00299
0.00327849
0.00358152
0.00389914
0.00423123
0.00457752
0.00493757
0.00531076
0.0056963
0.0060932
0.00650032
0.00691632
0.00733972
0.00776884
0.00820187
0.00863685
0.0090717
0.00950421
0.00993209
0.010353
0.0107644
0.011164
0.0115492
0.0119176
0.0122669
0.0125946
0.0128987
0.0131769
0.0134273
0.0136482
0.0138379
0.013995
0.0141185
0.0142073
0.0142609
0.0142788
0.0142609
0.0142073
0.0141185
0.013995
0.0138379
0.0136482
0.0134273
0.0131769
0.0128987
0.0125946
0.0122669
0.0119176
0.0115492
0.011164
0.0107644
0.010353
0.00993209
0.00950421
0.0090717
0.00863685
0.00820187
0.00776884
0.00733972
0.00691632
0.00650032
0.0060932
0.0056963
0.00531076
0.00493757
0.00457752
0.00423123
0.00389914
0.00358152
0.00327849
0.00299
0.00271585
0.00245571
0.00220911
0.00197546
0.00175405
0.0015441
0.0013447
0.00115489
0.000973606
0.000799752
0.000632168
0.000469649
0.000310959
0.000154836
0
0
0.000130531
0.000262148
0.000395929
0.000532937
0.000674216
0.00082078
0.000973606
0.00113363
0.00130173
0.00147872
0.00166537
0.00186235
0.00207024
0.00228955
0.00252066
0.00276387
0.00301933
0.00328709
0.00356706
0.00385899
0.00416253
0.00447714
0.00480216
0.00513676
0.00547997
0.00583067
0.00618761
0.00654937
0.00691443
0.00728114
0.00764773
0.00801234
0.00837306
0.00872786
0.00907472
0.00941156
0.00973631
0.0100469
0.0103414
0.0106177
0.010874
0.0111085
0.0113196
0.0115058
0.0116658
0.0117982
0.0119023
0.0119772
0.0120224
0.0120375
0.0120224
0.0119772
0.0119023
0.0117982
0.0116658
0.0115058
0.0113196
0.0111085
0.010874
0.0106177
0.0103414
0.0100469
0.00973631
0.00941156
0.00907472
0.00872786
0.00837306
0.00801234
0.00764773
0.00728114
0.00691443
0.00654937
0.00618761
0.00583067
0.00547997
0.00513676
0.00480216
0.00447714
0.00416253
0.00385899
0.00356706
0.00328709
0.00301933
0.00276387
0.00252066
0.00228955
0.00207024
0.00186235
0.00166537
0.00147872
0.00130173
0.00113363
0.000973606
0.00082078
0.000674216
0.000532937
0.000395929
0.000262148
0.000130531
0
0
0.000107223
0.000215337
0.000325229
0.000437772
0.000553824
0.000674216
0.000799752
0.000931199
0.00106928
0.00121467
0.00136799
0.00152979
0.00170056
0.00188071
0.00207056
0.00227033
0.00248018
0.00270013
0.0029301
0.00316991
0.00341924
0.00367767
0.00394465
0.0042195
0.00450143
0.00478951
0.00508271
0.00537987
0.00567975
0.00598097
0.0062821
0.00658161
0.00687791
0.00716936
0.00745428
0.00773097
0.00799774
0.00825287
0.00849473
0.00872171
0.00893225
0.00912491
0.00929833
0.00945127
0.00958264
0.00969148
0.00977697
0.0098385
0.0098756
0.009888
0.0098756
0.0098385
0.00977697
0.00969148
0.00958264
0.00945127
0.00929833
0.00912491
0.00893225
0.00872171
0.00849473
0.00825287
0.00799774
0.00773097
0.00745428
0.00716936
0.00687791
0.00658161
0.0062821
0.00598097
0.00567975
0.00537987
0.00508271
0.00478951
0.00450143
0.0042195
0.00394465
0.00367767
0.00341924
0.00316991
0.0029301
0.00270013
0.00248018
0.00227033
0.00207056
0.00188071
0.00170056
0.00152979
0.00136799
0.00121467
0.00106928
0.000931199
0.000799752
0.000674216
0.000553824
0.000437772
0.000325229
0.000215337
0.000107223
0
0
8.47547e-05
0.000170214
0.000257079
0.000346039
0.000437772
0.000532937
0.000632168
0.000736071
0.000845218
0.000960143
0.00108133
0.00120923
0.00134422
0.00148662
0.00163668
0.0017946
0.00196047
0.00213433
0.00231611
0.00250567
0.00270275
0.00290703
0.00311807
0.00333533
0.00355817
0.00378589
0.00401765
0.00425254
0.00448958
0.00472768
0.00496571
0.00520246
0.00543667
0.00566705
0.00589227
0.00611098
0.00632184
0.00652352
0.0067147
0.00689411
0.00706053
0.00721282
0.0073499
0.0074708
0.00757464
0.00766067
0.00772825
0.00777688
0.00780621
0.00781601
0.00780621
0.00777688
0.00772825
0.00766067
0.00757464
0.0074708
0.0073499
0.00721282
0.00706053
0.00689411
0.0067147
0.00652352
0.00632184
0.00611098
0.00589227
0.00566705
0.00543667
0.00520246
0.00496571
0.00472768
0.00448958
0.00425254
0.00401765
0.00378589
0.00355817
0.00333533
0.00311807
0.00290703
0.00270275
0.00250567
0.00231611
0.00213433
0.00196047
0.0017946
0.00163668
0.00148662
0.00134422
0.00120923
0.00108133
0.000960143
0.000845218
0.000736071
0.000632168
0.000532937
0.000437772
0.000346039
0.000257079
0.000170214
8.47547e-05
0
0
6.29658e-05
0.000126455
0.000190988
0.000257079
0.000325229
0.000395929
0.000469649
0.00054684
0.000627928
0.000713308
0.000803343
0.00089836
0.000998644
0.00110443
0.00121592
0.00133324
0.00145647
0.00158563
0.00172068
0.00186151
0.00200792
0.00215969
0.00231647
0.00247787
0.00264343
0.00281261
0.00298478
0.00315929
0.00333539
0.00351228
0.00368912
0.003865
0.004039
0.00421016
0.00437747
0.00453996
0.00469661
0.00484644
0.00498847
0.00512176
0.0052454
0.00535854
0.00546038
0.00555019
0.00562734
0.00569125
0.00574146
0.00577759
0.00579938
0.00580666
0.00579938
0.00577759
0.00574146
0.00569125
0.00562734
0.00555019
0.00546038
0.00535854
0.0052454
0.00512176
0.00498847
0.00484644
0.00469661
0.00453996
0.00437747
0.00421016
0.004039
0.003865
0.00368912
0.00351228
0.00333539
0.00315929
0.00298478
0.00281261
0.00264343
0.00247787
0.00231647
0.00215969
0.00200792
0.00186151
0.00172068
0.00158563
0.00145647
0.00133324
0.00121592
0.00110443
0.000998644
0.00089836
0.000803343
0.000713308
0.000627928
0.00054684
0.000469649
0.000395929
0.000325229
0.000257079
0.000190988
0.000126455
6.29658e-05
0
0
4.16903e-05
8.37272e-05
0.000126455
0.000170214
0.000215337
0.000262148
0.000310959
0.000362068
0.000415757
0.000472288
0.000531901
0.000594813
0.000661212
0.000731256
0.000805071
0.000882749
0.000964342
0.00104986
0.00113928
0.00123252
0.00132947
0.00142995
0.00153376
0.00164062
0.00175024
0.00186225
0.00197625
0.0020918
0.00220839
0.00232551
0.0024426
0.00255905
0.00267426
0.00278758
0.00289837
0.00300595
0.00310967
0.00320887
0.00330291
0.00339116
0.00347303
0.00354794
0.00361537
0.00367484
0.00372591
0.00376823
0.00380147
0.0038254
0.00383982
0.00384464
0.00383982
0.0038254
0.00380147
0.00376823
0.00372591
0.00367484
0.00361537
0.00354794
0.00347303
0.00339116
0.00330291
0.00320887
0.00310967
0.00300595
0.00289837
0.00278758
0.00267426
0.00255905
0.0024426
0.00232551
0.00220839
0.0020918
0.00197625
0.00186225
0.00175024
0.00164062
0.00153376
0.00142995
0.00132947
0.00123252
0.00113928
0.00104986
0.000964342
0.000882749
0.000805071
0.000731256
0.000661212
0.000594813
0.000531901
0.000472288
0.000415757
0.000362068
0.000310959
0.000262148
0.000215337
0.000170214
0.000126455
8.37272e-05
4.16903e-05
0
0
2.07588e-05
4.16903e-05
6.29658e-05
8.47547e-05
0.000107223
0.000130531
0.000154836
0.000180284
0.000207018
0.000235166
0.000264849
0.000296175
0.000329237
0.000364114
0.000400869
0.000439547
0.000480174
0.000522757
0.000567281
0.000613708
0.000661981
0.000712014
0.000763703
0.000816915
0.000871497
0.000927271
0.000984036
0.00104157
0.00109962
0.00115794
0.00121624
0.00127423
0.00133159
0.00138802
0.00144318
0.00149675
0.0015484
0.00159779
0.00164462
0.00168856
0.00172932
0.00176662
0.0018002
0.00182981
0.00185524
0.00187631
0.00189287
0.00190478
0.00191196
0.00191436
0.00191196
0.00190478
0.00189287
0.00187631
0.00185524
0.00182981
0.0018002
0.00176662
0.00172932
0.00168856
0.00164462
0.00159779
0.0015484
0.00149675
0.00144318
0.00138802
0.00133159
0.00127423
0.00121624
0.00115794
0.00109962
0.00104157
0.000984036
0.000927271
0.000871497
0.000816915
0.000763703
0.000712014
0.000661981
0.000613708
0.000567281
0.000522757
0.000480174
0.000439547
0.000400869
0.000364114
0.000329237
0.000296175
0.000264849
0.000235166
0.000207018
0.000180284
0.000154836
0.000130531
0.000107223
8.47547e-05
6.29658e-05
4.16903e-05
2.07588e-05
0
0
0
0
0
0
0
0
0
0
0
0
0
0
0
0
0
0
0
0
0
0
0
0
0
0
0
0
0
0
0
0
0
0
0
0
0
0
0
0
0
0
0
0
0
0
0
0
0
0
0
0
0
0
0
0
0
0
0
0
0
0
0
0
0
0
0
0
0
0
0
0
0
0
0
0
0
0
0
0
0
0
0
0
0
0
0
0
0
0
0
0
0
0
0
0
0
0
0
0
0
0
