# vtk DataFile Version 3.0
Heat2D data at time 0.16
ASCII
DATASET STRUCTURED_POINTS
DIMENSIONS 101 101 1
ORIGIN 0 0 0
SPACING 0.01 0.01 1
POINT_DATA 10201
SCALARS temperature double
LOOKUP_TABLE default
0
0
0
0
0
0
0
0
0
0
0
0
0
0
0
0
0
0
0
0
0
0
0
0
0
0
0
0
0
0
0
0
0
0
0
0
0
0
0
0
0
0
0
0
0
0
0
0
0
0
0
0
0
0
0
0
0
0
0
0
0
0
0
0
0
0
0
0
0
0
0
0
0
0
0
0
0
0
0
0
0
0
0
0
0
0
0
0
0
0
0
0
0
0
0
0
0
0
0
0
0
0
1.40789e-05
2.83166e-05
4.28711e-05
5.78991e-05
7.35551e-05
8.99905e-05
0.000107353
0.000125786
0.000145426
0.000166404
0.000188841
0.000212851
0.000238537
0.000265988
0.000295282
0.000326479
0.000359627
0.000394752
0.000431863
0.000470947
0.000511971
0.000554878
0.000599586
0.000645991
0.000693963
0.000743347
0.000793965
0.000845614
0.000898066
0.000951074
0.00100437
0.00105767
0.00111066
0.00116304
0.00121448
0.00126464
0.00131319
0.00135979
0.00140412
0.00144584
0.00148465
0.00152025
0.00155237
0.00158075
0.00160517
0.00162543
0.00164136
0.00165283
0.00165976
0.00166207
0.00165976
0.00165283
0.00164136
0.00162543
0.00160517
0.00158075
0.00155237
0.00152025
0.00148465
0.00144584
0.00140412
0.00135979
0.00131319
0.00126464
0.00121448
0.00116304
0.00111066
0.00105767
0.00100437
0.000951074
0.000898066
0.000845614
0.000793965
0.000743347
0.000693963
0.000645991
0.000599586
0.000554878
0.000511971
0.000470947
0.000431863
0.000394752
0.000359627
0.000326479
0.000295282
0.000265988
0.000238537
0.000212851
0.000188841
0.000166404
0.000145426
0.000125786
0.000107353
8.99905e-05
7.35551e-05
5.78991e-05
4.28711e-05
2.83166e-05
1.40789e-05
0
0
2.83166e-05
5.69525e-05
8.62257e-05
0.000116451
0.00014794
0.000180996
0.000215917
0.00025299
0.000292492
0.000334684
0.000379812
0.000428103
0.000479764
0.000534976
0.000593893
0.000656641
0.00072331
0.000793956
0.000868596
0.000947206
0.00102972
0.00111601
0.00120593
0.00129927
0.00139575
0.00149508
0.00159688
0.00170076
0.00180626
0.00191287
0.00202007
0.00212726
0.00223385
0.0023392
0.00244265
0.00254354
0.00264118
0.00273491
0.00282406
0.00290798
0.00298604
0.00305765
0.00312225
0.00317933
0.00322844
0.00326919
0.00330123
0.0033243
0.00333823
0.00334288
0.00333823
0.0033243
0.00330123
0.00326919
0.00322844
0.00317933
0.00312225
0.00305765
0.00298604
0.00290798
0.00282406
0.00273491
0.00264118
0.00254354
0.00244265
0.0023392
0.00223385
0.00212726
0.00202007
0.00191287
0.00180626
0.00170076
0.00159688
0.00149508
0.00139575
0.00129927
0.00120593
0.00111601
0.00102972
0.000947206
0.000868596
0.000793956
0.00072331
0.000656641
0.000593893
0.000534976
0.000479764
0.000428103
0.000379812
0.000334684
0.000292492
0.00025299
0.000215917
0.000180996
0.00014794
0.000116451
8.62257e-05
5.69525e-05
2.83166e-05
0
0
4.28711e-05
8.62257e-05
0.000130545
0.000176306
0.00022398
0.000274026
0.000326897
0.000383025
0.00044283
0.000506708
0.000575032
0.000648145
0.000726359
0.000809949
0.00089915
0.000994149
0.00109509
0.00120204
0.00131505
0.00143406
0.00155898
0.00168963
0.00182577
0.00196708
0.00211316
0.00226354
0.00241767
0.00257494
0.00273466
0.00289608
0.00305837
0.00322066
0.00338203
0.00354153
0.00369815
0.00385089
0.00399873
0.00414064
0.00427561
0.00440267
0.00452085
0.00462926
0.00472706
0.00481349
0.00488784
0.00494952
0.00499803
0.00503297
0.00505405
0.0050611
0.00505405
0.00503297
0.00499803
0.00494952
0.00488784
0.00481349
0.00472706
0.00462926
0.00452085
0.00440267
0.00427561
0.00414064
0.00399873
0.00385089
0.00369815
0.00354153
0.00338203
0.00322066
0.00305837
0.00289608
0.00273466
0.00257494
0.00241767
0.00226354
0.00211316
0.00196708
0.00182577
0.00168963
0.00155898
0.00143406
0.00131505
0.00120204
0.00109509
0.000994149
0.00089915
0.000809949
0.000726359
0.000648145
0.000575032
0.000506708
0.00044283
0.000383025
0.000326897
0.000274026
0.00022398
0.000176306
0.000130545
8.62257e-05
4.28711e-05
0
0
5.78991e-05
0.000116451
0.000176306
0.000238108
0.000302493
0.000370083
0.000441487
0.000517291
0.00059806
0.00068433
0.000776603
0.000875345
0.000980976
0.00109387
0.00121434
0.00134264
0.00147896
0.00162341
0.00177602
0.00193676
0.00210547
0.00228192
0.00246578
0.00265662
0.0028539
0.00305699
0.00326516
0.00347756
0.00369327
0.00391127
0.00413044
0.00434962
0.00456757
0.00478297
0.0049945
0.00520078
0.00540044
0.0055921
0.00577438
0.00594597
0.00610558
0.006252
0.00638408
0.0065008
0.00660122
0.00668452
0.00675004
0.00679723
0.0068257
0.00683521
0.0068257
0.00679723
0.00675004
0.00668452
0.00660122
0.0065008
0.00638408
0.006252
0.00610558
0.00594597
0.00577438
0.0055921
0.00540044
0.00520078
0.0049945
0.00478297
0.00456757
0.00434962
0.00413044
0.00391127
0.00369327
0.00347756
0.00326516
0.00305699
0.0028539
0.00265662
0.00246578
0.00228192
0.00210547
0.00193676
0.00177602
0.00162341
0.00147896
0.00134264
0.00121434
0.00109387
0.000980976
0.000875345
0.000776603
0.00068433
0.00059806
0.000517291
0.000441487
0.000370083
0.000302493
0.000238108
0.000176306
0.000116451
5.78991e-05
0
0
7.35551e-05
0.00014794
0.00022398
0.000302493
0.000384288
0.000470154
0.000560865
0.000657167
0.000759776
0.000869373
0.000986597
0.00111204
0.00124623
0.00138965
0.00154269
0.00170569
0.00187887
0.00206238
0.00225626
0.00246046
0.00267479
0.00289895
0.00313253
0.00337497
0.0036256
0.00388361
0.00414806
0.0044179
0.00469193
0.00496888
0.00524732
0.00552577
0.00580264
0.00607629
0.00634502
0.00660708
0.00686073
0.00710421
0.00733578
0.00755377
0.00775654
0.00794254
0.00811035
0.00825862
0.00838619
0.00849203
0.00857526
0.0086352
0.00867137
0.00868346
0.00867137
0.0086352
0.00857526
0.00849203
0.00838619
0.00825862
0.00811035
0.00794254
0.00775654
0.00755377
0.00733578
0.00710421
0.00686073
0.00660708
0.00634502
0.00607629
0.00580264
0.00552577
0.00524732
0.00496888
0.00469193
0.0044179
0.00414806
0.00388361
0.0036256
0.00337497
0.00313253
0.00289895
0.00267479
0.00246046
0.00225626
0.00206238
0.00187887
0.00170569
0.00154269
0.00138965
0.00124623
0.00111204
0.000986597
0.000869373
0.000759776
0.000657167
0.000560865
0.000470154
0.000384288
0.000302493
0.00022398
0.00014794
7.35551e-05
0
0
8.99905e-05
0.000180996
0.000274026
0.000370083
0.000470154
0.000575208
0.000686187
0.000804007
0.000929543
0.00106363
0.00120705
0.00136052
0.0015247
0.00170016
0.0018874
0.00208681
0.00229869
0.0025232
0.00276041
0.00301023
0.00327245
0.0035467
0.00383247
0.00412909
0.00443572
0.00475138
0.00507492
0.00540505
0.00574032
0.00607914
0.0064198
0.00676047
0.00709921
0.007434
0.00776277
0.00808339
0.00839372
0.0086916
0.00897492
0.00924161
0.00948969
0.00971726
0.00992256
0.010104
0.01026
0.0103895
0.0104913
0.0105647
0.0106089
0.0106237
0.0106089
0.0105647
0.0104913
0.0103895
0.01026
0.010104
0.00992256
0.00971726
0.00948969
0.00924161
0.00897492
0.0086916
0.00839372
0.00808339
0.00776277
0.007434
0.00709921
0.00676047
0.0064198
0.00607914
0.00574032
0.00540505
0.00507492
0.00475138
0.00443572
0.00412909
0.00383247
0.0035467
0.00327245
0.00301023
0.00276041
0.0025232
0.00229869
0.00208681
0.0018874
0.00170016
0.0015247
0.00136052
0.00120705
0.00106363
0.000929543
0.000804007
0.000686187
0.000575208
0.000470154
0.000370083
0.000274026
0.000180996
8.99905e-05
0
0
0.000107353
0.000215917
0.000326897
0.000441487
0.000560865
0.000686187
0.000818579
0.000959131
0.00110889
0.00126884
0.00143993
0.00162301
0.00181887
0.00202819
0.00225155
0.00248944
0.00274219
0.00301003
0.003293
0.00359102
0.00390383
0.004231
0.0045719
0.00492575
0.00529154
0.0056681
0.00605407
0.00644789
0.00684785
0.00725204
0.00765843
0.00806482
0.00846891
0.00886831
0.00926051
0.00964299
0.0100132
0.0103685
0.0107065
0.0110247
0.0113206
0.0115921
0.011837
0.0120534
0.0122396
0.0123941
0.0125155
0.012603
0.0126558
0.0126735
0.0126558
0.012603
0.0125155
0.0123941
0.0122396
0.0120534
0.011837
0.0115921
0.0113206
0.0110247
0.0107065
0.0103685
0.0100132
0.00964299
0.00926051
0.00886831
0.00846891
0.00806482
0.00765843
0.00725204
0.00684785
0.00644789
0.00605407
0.0056681
0.00529154
0.00492575
0.0045719
0.004231
0.00390383
0.00359102
0.003293
0.00301003
0.00274219
0.00248944
0.00225155
0.00202819
0.00181887
0.00162301
0.00143993
0.00126884
0.00110889
0.000959131
0.000818579
0.000686187
0.000560865
0.000441487
0.000326897
0.000215917
0.000107353
0
0
0.000125786
0.00025299
0.000383025
0.000517291
0.000657167
0.000804007
0.000959131
0.00112382
0.00129929
0.00148671
0.00168717
0.00190169
0.00213117
0.00237643
0.00263815
0.00291688
0.00321303
0.00352685
0.00385842
0.00420761
0.00457413
0.00495747
0.00535691
0.00577151
0.0062001
0.00664132
0.00709356
0.00755501
0.00802364
0.00849723
0.00897339
0.00944956
0.00992304
0.010391
0.0108506
0.0112987
0.0117325
0.0121488
0.0125449
0.0129176
0.0132644
0.0135825
0.0138694
0.014123
0.0143412
0.0145221
0.0146645
0.014767
0.0148288
0.0148495
0.0148288
0.014767
0.0146645
0.0145221
0.0143412
0.014123
0.0138694
0.0135825
0.0132644
0.0129176
0.0125449
0.0121488
0.0117325
0.0112987
0.0108506
0.010391
0.00992304
0.00944956
0.00897339
0.00849723
0.00802364
0.00755501
0.00709356
0.00664132
0.0062001
0.00577151
0.00535691
0.00495747
0.00457413
0.00420761
0.00385842
0.00352685
0.00321303
0.00291688
0.00263815
0.00237643
0.00213117
0.00190169
0.00168717
0.00148671
0.00129929
0.00112382
0.000959131
0.000804007
0.000657167
0.000517291
0.000383025
0.00025299
0.000125786
0
0
0.000145426
0.000292492
0.00044283
0.00059806
0.000759776
0.000929543
0.00110889
0.00129929
0.00150215
0.00171884
0.0019506
0.00219861
0.00246393
0.00274748
0.00305006
0.00337232
0.00371471
0.00407753
0.00446086
0.00486458
0.00528833
0.00573152
0.00619333
0.00667266
0.00716818
0.00767829
0.00820114
0.00873464
0.00927643
0.00982397
0.0103745
0.010925
0.0114724
0.0120134
0.0125447
0.0130629
0.0135644
0.0140457
0.0145036
0.0149346
0.0153355
0.0157032
0.016035
0.0163281
0.0165804
0.0167896
0.0169542
0.0170727
0.0171442
0.0171681
0.0171442
0.0170727
0.0169542
0.0167896
0.0165804
0.0163281
0.016035
0.0157032
0.0153355
0.0149346
0.0145036
0.0140457
0.0135644
0.0130629
0.0125447
0.0120134
0.0114724
0.010925
0.0103745
0.00982397
0.00927643
0.00873464
0.00820114
0.00767829
0.00716818
0.00667266
0.00619333
0.00573152
0.00528833
0.00486458
0.00446086
0.00407753
0.00371471
0.00337232
0.00305006
0.00274748
0.00246393
0.00219861
0.0019506
0.00171884
0.00150215
0.00129929
0.00110889
0.000929543
0.000759776
0.00059806
0.00044283
0.000292492
0.000145426
0
0
0.000166404
0.000334684
0.000506708
0.00068433
0.000869373
0.00106363
0.00126884
0.00148671
0.00171884
0.00196678
0.00223198
0.00251576
0.00281935
0.0031438
0.00349003
0.00385877
0.00425056
0.00466571
0.00510434
0.00556629
0.00605117
0.00655829
0.00708671
0.00763519
0.00820218
0.00878588
0.00938415
0.0099946
0.0106146
0.0112411
0.011871
0.0125009
0.0131273
0.0137464
0.0143543
0.0149472
0.015521
0.0160718
0.0165957
0.0170889
0.0175476
0.0179684
0.018348
0.0186835
0.0189721
0.0192115
0.0193998
0.0195354
0.0196172
0.0196446
0.0196172
0.0195354
0.0193998
0.0192115
0.0189721
0.0186835
0.018348
0.0179684
0.0175476
0.0170889
0.0165957
0.0160718
0.015521
0.0149472
0.0143543
0.0137464
0.0131273
0.0125009
0.011871
0.0112411
0.0106146
0.0099946
0.00938415
0.00878588
0.00820218
0.00763519
0.00708671
0.00655829
0.00605117
0.00556629
0.00510434
0.00466571
0.00425056
0.00385877
0.00349003
0.0031438
0.00281935
0.00251576
0.00223198
0.00196678
0.00171884
0.00148671
0.00126884
0.00106363
0.000869373
0.00068433
0.000506708
0.000334684
0.000166404
0
0
0.000188841
0.000379812
0.000575032
0.000776603
0.000986597
0.00120705
0.00143993
0.00168717
0.0019506
0.00223198
0.00253293
0.00285498
0.00319951
0.00356771
0.00396062
0.00437908
0.00482369
0.00529483
0.0057926
0.00631684
0.00686709
0.00744259
0.00804227
0.0086647
0.00930815
0.00997055
0.0106495
0.0113423
0.0120458
0.0127568
0.0134717
0.0141865
0.0148974
0.0155999
0.0162898
0.0169626
0.0176138
0.0182389
0.0188335
0.0193931
0.0199137
0.0203912
0.020822
0.0212027
0.0215302
0.0218019
0.0220156
0.0221695
0.0222624
0.0222934
0.0222624
0.0221695
0.0220156
0.0218019
0.0215302
0.0212027
0.020822
0.0203912
0.0199137
0.0193931
0.0188335
0.0182389
0.0176138
0.0169626
0.0162898
0.0155999
0.0148974
0.0141865
0.0134717
0.0127568
0.0120458
0.0113423
0.0106495
0.00997055
0.00930815
0.0086647
0.00804227
0.00744259
0.00686709
0.00631684
0.0057926
0.00529483
0.00482369
0.00437908
0.00396062
0.00356771
0.00319951
0.00285498
0.00253293
0.00223198
0.0019506
0.00168717
0.00143993
0.00120705
0.000986597
0.000776603
0.000575032
0.000379812
0.000188841
0
0
0.000212851
0.000428103
0.000648145
0.000875345
0.00111204
0.00136052
0.00162301
0.00190169
0.00219861
0.00251576
0.00285498
0.00321798
0.00360631
0.00402133
0.0044642
0.00493586
0.005437
0.00596804
0.0065291
0.00712
0.00774021
0.00838889
0.00906481
0.00976638
0.0104916
0.0112383
0.0120035
0.0127844
0.0135774
0.0143788
0.0151845
0.0159903
0.0167915
0.0175834
0.018361
0.0191194
0.0198534
0.0205579
0.0212281
0.0218589
0.0224456
0.0229839
0.0234695
0.0238985
0.0242677
0.024574
0.0248148
0.0249883
0.0250929
0.0251279
0.0250929
0.0249883
0.0248148
0.024574
0.0242677
0.0238985
0.0234695
0.0229839
0.0224456
0.0218589
0.0212281
0.0205579
0.0198534
0.0191194
0.018361
0.0175834
0.0167915
0.0159903
0.0151845
0.0143788
0.0135774
0.0127844
0.0120035
0.0112383
0.0104916
0.00976638
0.00906481
0.00838889
0.00774021
0.00712
0.0065291
0.00596804
0.005437
0.00493586
0.0044642
0.00402133
0.00360631
0.00321798
0.00285498
0.00251576
0.00219861
0.00190169
0.00162301
0.00136052
0.00111204
0.000875345
0.000648145
0.000428103
0.000212851
0
0
0.000238537
0.000479764
0.000726359
0.000980976
0.00124623
0.0015247
0.00181887
0.00213117
0.00246393
0.00281935
0.00319951
0.00360631
0.0040415
0.0045066
0.00500291
0.00553149
0.00609311
0.00668823
0.00731699
0.00797919
0.00867425
0.00940121
0.0101587
0.0109449
0.0117577
0.0125944
0.013452
0.0143271
0.0152158
0.0161139
0.0170169
0.0179199
0.0188178
0.0197052
0.0205767
0.0214266
0.0222491
0.0230387
0.0237897
0.0244966
0.0251542
0.0257574
0.0263016
0.0267825
0.0271962
0.0275394
0.0278093
0.0280037
0.028121
0.0281602
0.028121
0.0280037
0.0278093
0.0275394
0.0271962
0.0267825
0.0263016
0.0257574
0.0251542
0.0244966
0.0237897
0.0230387
0.0222491
0.0214266
0.0205767
0.0197052
0.0188178
0.0179199
0.0170169
0.0161139
0.0152158
0.0143271
0.013452
0.0125944
0.0117577
0.0109449
0.0101587
0.00940121
0.00867425
0.00797919
0.00731699
0.00668823
0.00609311
0.00553149
0.00500291
0.0045066
0.0040415
0.00360631
0.00319951
0.00281935
0.00246393
0.00213117
0.00181887
0.0015247
0.00124623
0.000980976
0.000726359
0.000479764
0.000238537
0
0
0.000265988
0.000534976
0.000809949
0.00109387
0.00138965
0.00170016
0.00202819
0.00237643
0.00274748
0.0031438
0.00356771
0.00402133
0.0045066
0.00502522
0.00557865
0.00616806
0.00679431
0.00745792
0.00815904
0.00889745
0.0096725
0.0104831
0.0113278
0.0122045
0.0131108
0.0140438
0.0150001
0.0159759
0.0169669
0.0179683
0.0189752
0.0199821
0.0209834
0.0219729
0.0229447
0.0238924
0.0248096
0.02569
0.0265275
0.0273157
0.028049
0.0287216
0.0293284
0.0298646
0.0303259
0.0307086
0.0310096
0.0312264
0.0313572
0.0314009
0.0313572
0.0312264
0.0310096
0.0307086
0.0303259
0.0298646
0.0293284
0.0287216
0.028049
0.0273157
0.0265275
0.02569
0.0248096
0.0238924
0.0229447
0.0219729
0.0209834
0.0199821
0.0189752
0.0179683
0.0169669
0.0159759
0.0150001
0.0140438
0.0131108
0.0122045
0.0113278
0.0104831
0.0096725
0.00889745
0.00815904
0.00745792
0.00679431
0.00616806
0.00557865
0.00502522
0.0045066
0.00402133
0.00356771
0.0031438
0.00274748
0.00237643
0.00202819
0.00170016
0.00138965
0.00109387
0.000809949
0.000534976
0.000265988
0
0
0.000295282
0.000593893
0.00089915
0.00121434
0.00154269
0.0018874
0.00225155
0.00263815
0.00305006
0.00349003
0.00396062
0.0044642
0.00500291
0.00557865
0.00619303
0.00684736
0.00754257
0.00827926
0.0090576
0.00987733
0.0107377
0.0116376
0.0125753
0.0135486
0.0145547
0.0155905
0.0166521
0.0177353
0.0188354
0.0199472
0.021065
0.0221828
0.0232943
0.0243928
0.0254716
0.0265236
0.0275419
0.0285193
0.029449
0.0303241
0.0311381
0.0318848
0.0325584
0.0331536
0.0336658
0.0340906
0.0344247
0.0346654
0.0348106
0.0348591
0.0348106
0.0346654
0.0344247
0.0340906
0.0336658
0.0331536
0.0325584
0.0318848
0.0311381
0.0303241
0.029449
0.0285193
0.0275419
0.0265236
0.0254716
0.0243928
0.0232943
0.0221828
0.021065
0.0199472
0.0188354
0.0177353
0.0166521
0.0155905
0.0145547
0.0135486
0.0125753
0.0116376
0.0107377
0.00987733
0.0090576
0.00827926
0.00754257
0.00684736
0.00619303
0.00557865
0.00500291
0.0044642
0.00396062
0.00349003
0.00305006
0.00263815
0.00225155
0.0018874
0.00154269
0.00121434
0.00089915
0.000593893
0.000295282
0
0
0.000326479
0.000656641
0.000994149
0.00134264
0.00170569
0.00208681
0.00248944
0.00291688
0.00337232
0.00385877
0.00437908
0.00493586
0.00553149
0.00616806
0.00684736
0.00757081
0.00833948
0.00915401
0.0100146
0.0109209
0.0118722
0.0128672
0.0139039
0.01498
0.0160925
0.0172377
0.0184115
0.0196091
0.0208255
0.0220547
0.0232906
0.0245265
0.0257554
0.02697
0.0281628
0.029326
0.0304518
0.0315325
0.0325604
0.0335279
0.0344279
0.0352535
0.0359983
0.0366565
0.0372227
0.0376925
0.0380619
0.038328
0.0384885
0.0385421
0.0384885
0.038328
0.0380619
0.0376925
0.0372227
0.0366565
0.0359983
0.0352535
0.0344279
0.0335279
0.0325604
0.0315325
0.0304518
0.029326
0.0281628
0.02697
0.0257554
0.0245265
0.0232906
0.0220547
0.0208255
0.0196091
0.0184115
0.0172377
0.0160925
0.01498
0.0139039
0.0128672
0.0118722
0.0109209
0.0100146
0.00915401
0.00833948
0.00757081
0.00684736
0.00616806
0.00553149
0.00493586
0.00437908
0.00385877
0.00337232
0.00291688
0.00248944
0.00208681
0.00170569
0.00134264
0.000994149
0.000656641
0.000326479
0
0
0.000359627
0.00072331
0.00109509
0.00147896
0.00187887
0.00229869
0.00274219
0.00321303
0.00371471
0.00425056
0.00482369
0.005437
0.00609311
0.00679431
0.00754257
0.00833948
0.0091862
0.0100834
0.0110314
0.0120297
0.0130776
0.0141736
0.0153156
0.016501
0.0177264
0.0189878
0.0202808
0.0216001
0.0229399
0.0242939
0.0256553
0.0270167
0.0283704
0.0297083
0.0310222
0.0323035
0.0335436
0.034734
0.0358663
0.036932
0.0379234
0.0388329
0.0396533
0.0403782
0.041002
0.0415194
0.0419263
0.0422194
0.0423962
0.0424554
0.0423962
0.0422194
0.0419263
0.0415194
0.041002
0.0403782
0.0396533
0.0388329
0.0379234
0.036932
0.0358663
0.034734
0.0335436
0.0323035
0.0310222
0.0297083
0.0283704
0.0270167
0.0256553
0.0242939
0.0229399
0.0216001
0.0202808
0.0189878
0.0177264
0.016501
0.0153156
0.0141736
0.0130776
0.0120297
0.0110314
0.0100834
0.0091862
0.00833948
0.00754257
0.00679431
0.00609311
0.005437
0.00482369
0.00425056
0.00371471
0.00321303
0.00274219
0.00229869
0.00187887
0.00147896
0.00109509
0.00072331
0.000359627
0
0
0.000394752
0.000793956
0.00120204
0.00162341
0.00206238
0.0025232
0.00301003
0.00352685
0.00407753
0.00466571
0.00529483
0.00596804
0.00668823
0.00745792
0.00827926
0.00915401
0.0100834
0.0110683
0.0121088
0.0132047
0.0143549
0.015558
0.0168115
0.0181126
0.0194577
0.0208424
0.0222616
0.0237098
0.0251805
0.0266667
0.0281611
0.0296554
0.0311414
0.03261
0.0340522
0.0354586
0.0368199
0.0381265
0.0393694
0.0405392
0.0416274
0.0426257
0.0435263
0.044322
0.0450067
0.0455746
0.0460213
0.046343
0.0465371
0.046602
0.0465371
0.046343
0.0460213
0.0455746
0.0450067
0.044322
0.0435263
0.0426257
0.0416274
0.0405392
0.0393694
0.0381265
0.0368199
0.0354586
0.0340522
0.03261
0.0311414
0.0296554
0.0281611
0.0266667
0.0251805
0.0237098
0.0222616
0.0208424
0.0194577
0.0181126
0.0168115
0.015558
0.0143549
0.0132047
0.0121088
0.0110683
0.0100834
0.00915401
0.00827926
0.00745792
0.00668823
0.00596804
0.00529483
0.00466571
0.00407753
0.00352685
0.00301003
0.0025232
0.00206238
0.00162341
0.00120204
0.000793956
0.000394752
0
0
0.000431863
0.000868596
0.00131505
0.00177602
0.00225626
0.00276041
0.003293
0.00385842
0.00446086
0.00510434
0.0057926
0.0065291
0.00731699
0.00815904
0.0090576
0.0100146
0.0110314
0.0121088
0.0132472
0.0144461
0.0157044
0.0170206
0.018392
0.0198154
0.0212869
0.0228018
0.0243545
0.0259387
0.0275477
0.0291737
0.0308085
0.0324434
0.034069
0.0356756
0.0372534
0.0387921
0.0402813
0.0417108
0.0430705
0.0443503
0.0455409
0.046633
0.0476182
0.0484888
0.0492378
0.0498591
0.0503478
0.0506998
0.0509121
0.0509831
0.0509121
0.0506998
0.0503478
0.0498591
0.0492378
0.0484888
0.0476182
0.046633
0.0455409
0.0443503
0.0430705
0.0417108
0.0402813
0.0387921
0.0372534
0.0356756
0.034069
0.0324434
0.0308085
0.0291737
0.0275477
0.0259387
0.0243545
0.0228018
0.0212869
0.0198154
0.018392
0.0170206
0.0157044
0.0144461
0.0132472
0.0121088
0.0110314
0.0100146
0.0090576
0.00815904
0.00731699
0.0065291
0.0057926
0.00510434
0.00446086
0.00385842
0.003293
0.00276041
0.00225626
0.00177602
0.00131505
0.000868596
0.000431863
0
0
0.000470947
0.000947206
0.00143406
0.00193676
0.00246046
0.00301023
0.00359102
0.00420761
0.00486458
0.00556629
0.00631684
0.00712
0.00797919
0.00889745
0.00987733
0.0109209
0.0120297
0.0132047
0.0144461
0.0157535
0.0171257
0.018561
0.0200565
0.0216087
0.0232134
0.0248654
0.0265586
0.0282863
0.0300408
0.031814
0.0335967
0.0353795
0.0371523
0.0389044
0.0406249
0.0423028
0.0439268
0.0454857
0.0469684
0.0483641
0.0496624
0.0508533
0.0519277
0.0528771
0.0536939
0.0543715
0.0549044
0.0552882
0.0555197
0.0555972
0.0555197
0.0552882
0.0549044
0.0543715
0.0536939
0.0528771
0.0519277
0.0508533
0.0496624
0.0483641
0.0469684
0.0454857
0.0439268
0.0423028
0.0406249
0.0389044
0.0371523
0.0353795
0.0335967
0.031814
0.0300408
0.0282863
0.0265586
0.0248654
0.0232134
0.0216087
0.0200565
0.018561
0.0171257
0.0157535
0.0144461
0.0132047
0.0120297
0.0109209
0.00987733
0.00889745
0.00797919
0.00712
0.00631684
0.00556629
0.00486458
0.00420761
0.00359102
0.00301023
0.00246046
0.00193676
0.00143406
0.000947206
0.000470947
0
0
0.000511971
0.00102972
0.00155898
0.00210547
0.00267479
0.00327245
0.00390383
0.00457413
0.00528833
0.00605117
0.00686709
0.00774021
0.00867425
0.0096725
0.0107377
0.0118722
0.0130776
0.0143549
0.0157044
0.0171257
0.0186175
0.0201778
0.0218036
0.0234911
0.0252355
0.0270314
0.0288721
0.0307502
0.0326576
0.0345853
0.0365233
0.0384614
0.0403886
0.0422933
0.0441637
0.0459878
0.0477533
0.049448
0.0510598
0.0525771
0.0539884
0.0552831
0.0564511
0.0574832
0.0583711
0.0591077
0.059687
0.0601043
0.060356
0.0604402
0.060356
0.0601043
0.059687
0.0591077
0.0583711
0.0574832
0.0564511
0.0552831
0.0539884
0.0525771
0.0510598
0.049448
0.0477533
0.0459878
0.0441637
0.0422933
0.0403886
0.0384614
0.0365233
0.0345853
0.0326576
0.0307502
0.0288721
0.0270314
0.0252355
0.0234911
0.0218036
0.0201778
0.0186175
0.0171257
0.0157044
0.0143549
0.0130776
0.0118722
0.0107377
0.0096725
0.00867425
0.00774021
0.00686709
0.00605117
0.00528833
0.00457413
0.00390383
0.00327245
0.00267479
0.00210547
0.00155898
0.00102972
0.000511971
0
0
0.000554878
0.00111601
0.00168963
0.00228192
0.00289895
0.0035467
0.004231
0.00495747
0.00573152
0.00655829
0.00744259
0.00838889
0.00940121
0.0104831
0.0116376
0.0128672
0.0141736
0.015558
0.0170206
0.018561
0.0201778
0.0218688
0.0236308
0.0254598
0.0273504
0.0292968
0.0312917
0.0333273
0.0353945
0.0374837
0.0395842
0.0416847
0.0437734
0.0458377
0.0478649
0.0498418
0.0517553
0.053592
0.0553389
0.0569834
0.058513
0.0599162
0.061182
0.0623006
0.0632629
0.0640613
0.0646892
0.0651414
0.0654142
0.0655054
0.0654142
0.0651414
0.0646892
0.0640613
0.0632629
0.0623006
0.061182
0.0599162
0.058513
0.0569834
0.0553389
0.053592
0.0517553
0.0498418
0.0478649
0.0458377
0.0437734
0.0416847
0.0395842
0.0374837
0.0353945
0.0333273
0.0312917
0.0292968
0.0273504
0.0254598
0.0236308
0.0218688
0.0201778
0.018561
0.0170206
0.015558
0.0141736
0.0128672
0.0116376
0.0104831
0.00940121
0.00838889
0.00744259
0.00655829
0.00573152
0.00495747
0.004231
0.0035467
0.00289895
0.00228192
0.00168963
0.00111601
0.000554878
0
0
0.000599586
0.00120593
0.00182577
0.00246578
0.00313253
0.00383247
0.0045719
0.00535691
0.00619333
0.00708671
0.00804227
0.00906481
0.0101587
0.0113278
0.0125753
0.0139039
0.0153156
0.0168115
0.018392
0.0200565
0.0218036
0.0236308
0.0255349
0.0275111
0.0295541
0.0316573
0.033813
0.0360126
0.0382464
0.0405039
0.0427736
0.0450434
0.0473003
0.049531
0.0517215
0.0538577
0.0559253
0.0579101
0.0597978
0.0615747
0.0632276
0.0647438
0.0661116
0.0673203
0.0683602
0.0692229
0.0699014
0.07039
0.0706848
0.0707834
0.0706848
0.07039
0.0699014
0.0692229
0.0683602
0.0673203
0.0661116
0.0647438
0.0632276
0.0615747
0.0597978
0.0579101
0.0559253
0.0538577
0.0517215
0.049531
0.0473003
0.0450434
0.0427736
0.0405039
0.0382464
0.0360126
0.033813
0.0316573
0.0295541
0.0275111
0.0255349
0.0236308
0.0218036
0.0200565
0.018392
0.0168115
0.0153156
0.0139039
0.0125753
0.0113278
0.0101587
0.00906481
0.00804227
0.00708671
0.00619333
0.00535691
0.0045719
0.00383247
0.00313253
0.00246578
0.00182577
0.00120593
0.000599586
0
0
0.000645991
0.00129927
0.00196708
0.00265662
0.00337497
0.00412909
0.00492575
0.00577151
0.00667266
0.00763519
0.0086647
0.00976638
0.0109449
0.0122045
0.0135486
0.01498
0.016501
0.0181126
0.0198154
0.0216087
0.0234911
0.0254598
0.0275111
0.0296403
0.0318415
0.0341074
0.03643
0.0387998
0.0412065
0.0436387
0.0460841
0.0485295
0.0509611
0.0533644
0.0557245
0.0580261
0.0602537
0.062392
0.0644258
0.0663403
0.068121
0.0697546
0.0712284
0.0725306
0.073651
0.0745804
0.0753114
0.0758378
0.0761555
0.0762617
0.0761555
0.0758378
0.0753114
0.0745804
0.073651
0.0725306
0.0712284
0.0697546
0.068121
0.0663403
0.0644258
0.062392
0.0602537
0.0580261
0.0557245
0.0533644
0.0509611
0.0485295
0.0460841
0.0436387
0.0412065
0.0387998
0.03643
0.0341074
0.0318415
0.0296403
0.0275111
0.0254598
0.0234911
0.0216087
0.0198154
0.0181126
0.016501
0.01498
0.0135486
0.0122045
0.0109449
0.00976638
0.0086647
0.00763519
0.00667266
0.00577151
0.00492575
0.00412909
0.00337497
0.00265662
0.00196708
0.00129927
0.000645991
0
0
0.000693963
0.00139575
0.00211316
0.0028539
0.0036256
0.00443572
0.00529154
0.0062001
0.00716818
0.00820218
0.00930815
0.0104916
0.0117577
0.0131108
0.0145547
0.0160925
0.0177264
0.0194577
0.0212869
0.0232134
0.0252355
0.0273504
0.0295541
0.0318415
0.0342061
0.0366403
0.0391353
0.0416811
0.0442665
0.0468793
0.0495063
0.0521334
0.0547456
0.0573274
0.0598627
0.0623351
0.0647282
0.0670253
0.0692102
0.0712668
0.0731798
0.0749347
0.0765179
0.0779168
0.0791204
0.0801188
0.0809041
0.0814697
0.0818109
0.0819249
0.0818109
0.0814697
0.0809041
0.0801188
0.0791204
0.0779168
0.0765179
0.0749347
0.0731798
0.0712668
0.0692102
0.0670253
0.0647282
0.0623351
0.0598627
0.0573274
0.0547456
0.0521334
0.0495063
0.0468793
0.0442665
0.0416811
0.0391353
0.0366403
0.0342061
0.0318415
0.0295541
0.0273504
0.0252355
0.0232134
0.0212869
0.0194577
0.0177264
0.0160925
0.0145547
0.0131108
0.0117577
0.0104916
0.00930815
0.00820218
0.00716818
0.0062001
0.00529154
0.00443572
0.0036256
0.0028539
0.00211316
0.00139575
0.000693963
0
0
0.000743347
0.00149508
0.00226354
0.00305699
0.00388361
0.00475138
0.0056681
0.00664132
0.00767829
0.00878588
0.00997055
0.0112383
0.0125944
0.0140438
0.0155905
0.0172377
0.0189878
0.0208424
0.0228018
0.0248654
0.0270314
0.0292968
0.0316573
0.0341074
0.0366403
0.0392477
0.0419203
0.0446472
0.0474167
0.0502154
0.0530294
0.0558434
0.0586414
0.061407
0.0641227
0.0667711
0.0693345
0.0717951
0.0741354
0.0763383
0.0783875
0.0802673
0.0819631
0.0834616
0.0847508
0.0858204
0.0866615
0.0872673
0.0876328
0.087755
0.0876328
0.0872673
0.0866615
0.0858204
0.0847508
0.0834616
0.0819631
0.0802673
0.0783875
0.0763383
0.0741354
0.0717951
0.0693345
0.0667711
0.0641227
0.061407
0.0586414
0.0558434
0.0530294
0.0502154
0.0474167
0.0446472
0.0419203
0.0392477
0.0366403
0.0341074
0.0316573
0.0292968
0.0270314
0.0248654
0.0228018
0.0208424
0.0189878
0.0172377
0.0155905
0.0140438
0.0125944
0.0112383
0.00997055
0.00878588
0.00767829
0.00664132
0.0056681
0.00475138
0.00388361
0.00305699
0.00226354
0.00149508
0.000743347
0
0
0.000793965
0.00159688
0.00241767
0.00326516
0.00414806
0.00507492
0.00605407
0.00709356
0.00820114
0.00938415
0.0106495
0.0120035
0.013452
0.0150001
0.0166521
0.0184115
0.0202808
0.0222616
0.0243545
0.0265586
0.0288721
0.0312917
0.033813
0.03643
0.0391353
0.0419203
0.0447748
0.0476875
0.0506455
0.0536348
0.0566404
0.059646
0.0626346
0.0655884
0.0684891
0.0713179
0.0740558
0.0766839
0.0791836
0.0815366
0.0837253
0.0857331
0.0875444
0.0891449
0.0905219
0.0916643
0.0925627
0.0932098
0.0936002
0.0937307
0.0936002
0.0932098
0.0925627
0.0916643
0.0905219
0.0891449
0.0875444
0.0857331
0.0837253
0.0815366
0.0791836
0.0766839
0.0740558
0.0713179
0.0684891
0.0655884
0.0626346
0.059646
0.0566404
0.0536348
0.0506455
0.0476875
0.0447748
0.0419203
0.0391353
0.03643
0.033813
0.0312917
0.0288721
0.0265586
0.0243545
0.0222616
0.0202808
0.0184115
0.0166521
0.0150001
0.013452
0.0120035
0.0106495
0.00938415
0.00820114
0.00709356
0.00605407
0.00507492
0.00414806
0.00326516
0.00241767
0.00159688
0.000793965
0
0
0.000845614
0.00170076
0.00257494
0.00347756
0.0044179
0.00540505
0.00644789
0.00755501
0.00873464
0.0099946
0.0113423
0.0127844
0.0143271
0.0159759
0.0177353
0.0196091
0.0216001
0.0237098
0.0259387
0.0282863
0.0307502
0.0333273
0.0360126
0.0387998
0.0416811
0.0446472
0.0476875
0.0507896
0.05394
0.0571238
0.0603249
0.063526
0.0667091
0.069855
0.0729444
0.0759572
0.0788732
0.0816723
0.0843346
0.0868406
0.0891717
0.0913101
0.0932392
0.0949439
0.0964105
0.0976271
0.098584
0.0992732
0.099689
0.0998279
0.099689
0.0992732
0.098584
0.0976271
0.0964105
0.0949439
0.0932392
0.0913101
0.0891717
0.0868406
0.0843346
0.0816723
0.0788732
0.0759572
0.0729444
0.069855
0.0667091
0.063526
0.0603249
0.0571238
0.05394
0.0507896
0.0476875
0.0446472
0.0416811
0.0387998
0.0360126
0.0333273
0.0307502
0.0282863
0.0259387
0.0237098
0.0216001
0.0196091
0.0177353
0.0159759
0.0143271
0.0127844
0.0113423
0.0099946
0.00873464
0.00755501
0.00644789
0.00540505
0.0044179
0.00347756
0.00257494
0.00170076
0.000845614
0
0
0.000898066
0.00180626
0.00273466
0.00369327
0.00469193
0.00574032
0.00684785
0.00802364
0.00927643
0.0106146
0.0120458
0.0135774
0.0152158
0.0169669
0.0188354
0.0208255
0.0229399
0.0251805
0.0275477
0.0300408
0.0326576
0.0353945
0.0382464
0.0412065
0.0442665
0.0474167
0.0506455
0.05394
0.0572859
0.0606672
0.0640668
0.0674665
0.070847
0.0741881
0.0774691
0.0806687
0.0837656
0.0867383
0.0895658
0.0922272
0.0947029
0.096974
0.0990228
0.100833
0.102391
0.103683
0.104699
0.105431
0.105873
0.10602
0.105873
0.105431
0.104699
0.103683
0.102391
0.100833
0.0990228
0.096974
0.0947029
0.0922272
0.0895658
0.0867383
0.0837656
0.0806687
0.0774691
0.0741881
0.070847
0.0674665
0.0640668
0.0606672
0.0572859
0.05394
0.0506455
0.0474167
0.0442665
0.0412065
0.0382464
0.0353945
0.0326576
0.0300408
0.0275477
0.0251805
0.0229399
0.0208255
0.0188354
0.0169669
0.0152158
0.0135774
0.0120458
0.0106146
0.00927643
0.00802364
0.00684785
0.00574032
0.00469193
0.00369327
0.00273466
0.00180626
0.000898066
0
0
0.000951074
0.00191287
0.00289608
0.00391127
0.00496888
0.00607914
0.00725204
0.00849723
0.00982397
0.0112411
0.0127568
0.0143788
0.0161139
0.0179683
0.0199472
0.0220547
0.0242939
0.0266667
0.0291737
0.031814
0.0345853
0.0374837
0.0405039
0.0436387
0.0468793
0.0502154
0.0536348
0.0571238
0.0606672
0.064248
0.0678483
0.0714487
0.0750287
0.078567
0.0820417
0.0854302
0.0887099
0.0918581
0.0948524
0.0976709
0.100293
0.102698
0.104868
0.106785
0.108434
0.109803
0.110879
0.111654
0.112122
0.112278
0.112122
0.111654
0.110879
0.109803
0.108434
0.106785
0.104868
0.102698
0.100293
0.0976709
0.0948524
0.0918581
0.0887099
0.0854302
0.0820417
0.078567
0.0750287
0.0714487
0.0678483
0.064248
0.0606672
0.0571238
0.0536348
0.0502154
0.0468793
0.0436387
0.0405039
0.0374837
0.0345853
0.031814
0.0291737
0.0266667
0.0242939
0.0220547
0.0199472
0.0179683
0.0161139
0.0143788
0.0127568
0.0112411
0.00982397
0.00849723
0.00725204
0.00607914
0.00496888
0.00391127
0.00289608
0.00191287
0.000951074
0
0
0.00100437
0.00202007
0.00305837
0.00413044
0.00524732
0.0064198
0.00765843
0.00897339
0.0103745
0.011871
0.0134717
0.0151845
0.0170169
0.0189752
0.021065
0.0232906
0.0256553
0.0281611
0.0308085
0.0335967
0.0365233
0.0395842
0.0427736
0.0460841
0.0495063
0.0530294
0.0566404
0.0603249
0.0640668
0.0678483
0.0716504
0.0754525
0.0792331
0.0829697
0.0866391
0.0902175
0.0936809
0.0970055
0.100168
0.103144
0.105913
0.108453
0.110744
0.112769
0.114511
0.115956
0.117092
0.117911
0.118405
0.11857
0.118405
0.117911
0.117092
0.115956
0.114511
0.112769
0.110744
0.108453
0.105913
0.103144
0.100168
0.0970055
0.0936809
0.0902175
0.0866391
0.0829697
0.0792331
0.0754525
0.0716504
0.0678483
0.0640668
0.0603249
0.0566404
0.0530294
0.0495063
0.0460841
0.0427736
0.0395842
0.0365233
0.0335967
0.0308085
0.0281611
0.0256553
0.0232906
0.021065
0.0189752
0.0170169
0.0151845
0.0134717
0.011871
0.0103745
0.00897339
0.00765843
0.0064198
0.00524732
0.00413044
0.00305837
0.00202007
0.00100437
0
0
0.00105767
0.00212726
0.00322066
0.00434962
0.00552577
0.00676047
0.00806482
0.00944956
0.010925
0.0125009
0.0141865
0.0159903
0.0179199
0.0199821
0.0221828
0.0245265
0.0270167
0.0296554
0.0324434
0.0353795
0.0384614
0.0416847
0.0450434
0.0485295
0.0521334
0.0558434
0.059646
0.063526
0.0674665
0.0714487
0.0754525
0.0794564
0.0834376
0.0873725
0.0912366
0.0950048
0.0986521
0.102153
0.105483
0.108618
0.111533
0.114208
0.116621
0.118753
0.120587
0.122109
0.123306
0.124168
0.124688
0.124862
0.124688
0.124168
0.123306
0.122109
0.120587
0.118753
0.116621
0.114208
0.111533
0.108618
0.105483
0.102153
0.0986521
0.0950048
0.0912366
0.0873725
0.0834376
0.0794564
0.0754525
0.0714487
0.0674665
0.063526
0.059646
0.0558434
0.0521334
0.0485295
0.0450434
0.0416847
0.0384614
0.0353795
0.0324434
0.0296554
0.0270167
0.0245265
0.0221828
0.0199821
0.0179199
0.0159903
0.0141865
0.0125009
0.010925
0.00944956
0.00806482
0.00676047
0.00552577
0.00434962
0.00322066
0.00212726
0.00105767
0
0
0.00111066
0.00223385
0.00338203
0.00456757
0.00580264
0.00709921
0.00846891
0.00992304
0.0114724
0.0131273
0.0148974
0.0167915
0.0188178
0.0209834
0.0232943
0.0257554
0.0283704
0.0311414
0.034069
0.0371523
0.0403886
0.0437734
0.0473003
0.0509611
0.0547456
0.0586414
0.0626346
0.0667091
0.070847
0.0750287
0.0792331
0.0834376
0.0876183
0.0917504
0.095808
0.0997651
0.103595
0.107272
0.110768
0.11406
0.117122
0.11993
0.122464
0.124703
0.126629
0.128227
0.129484
0.130389
0.130935
0.131118
0.130935
0.130389
0.129484
0.128227
0.126629
0.124703
0.122464
0.11993
0.117122
0.11406
0.110768
0.107272
0.103595
0.0997651
0.095808
0.0917504
0.0876183
0.0834376
0.0792331
0.0750287
0.070847
0.0667091
0.0626346
0.0586414
0.0547456
0.0509611
0.0473003
0.0437734
0.0403886
0.0371523
0.034069
0.0311414
0.0283704
0.0257554
0.0232943
0.0209834
0.0188178
0.0167915
0.0148974
0.0131273
0.0114724
0.00992304
0.00846891
0.00709921
0.00580264
0.00456757
0.00338203
0.00223385
0.00111066
0
0
0.00116304
0.0023392
0.00354153
0.00478297
0.00607629
0.007434
0.00886831
0.010391
0.0120134
0.0137464
0.0155999
0.0175834
0.0197052
0.0219729
0.0243928
0.02697
0.0297083
0.03261
0.0356756
0.0389044
0.0422933
0.0458377
0.049531
0.0533644
0.0573274
0.061407
0.0655884
0.069855
0.0741881
0.078567
0.0829697
0.0873725
0.0917504
0.0960773
0.100326
0.10447
0.108481
0.11233
0.115992
0.119439
0.122645
0.125586
0.128239
0.130584
0.132601
0.134274
0.13559
0.136538
0.13711
0.137301
0.13711
0.136538
0.13559
0.134274
0.132601
0.130584
0.128239
0.125586
0.122645
0.119439
0.115992
0.11233
0.108481
0.10447
0.100326
0.0960773
0.0917504
0.0873725
0.0829697
0.078567
0.0741881
0.069855
0.0655884
0.061407
0.0573274
0.0533644
0.049531
0.0458377
0.0422933
0.0389044
0.0356756
0.03261
0.0297083
0.02697
0.0243928
0.0219729
0.0197052
0.0175834
0.0155999
0.0137464
0.0120134
0.010391
0.00886831
0.007434
0.00607629
0.00478297
0.00354153
0.0023392
0.00116304
0
0
0.00121448
0.00244265
0.00369815
0.0049945
0.00634502
0.00776277
0.00926051
0.0108506
0.0125447
0.0143543
0.0162898
0.018361
0.0205767
0.0229447
0.0254716
0.0281628
0.0310222
0.0340522
0.0372534
0.0406249
0.0441637
0.0478649
0.0517215
0.0557245
0.0598627
0.0641227
0.0684891
0.0729444
0.0774691
0.0820417
0.0866391
0.0912366
0.095808
0.100326
0.104763
0.10909
0.113278
0.117298
0.121122
0.124721
0.128069
0.13114
0.133911
0.136359
0.138465
0.140213
0.141587
0.142577
0.143174
0.143374
0.143174
0.142577
0.141587
0.140213
0.138465
0.136359
0.133911
0.13114
0.128069
0.124721
0.121122
0.117298
0.113278
0.10909
0.104763
0.100326
0.095808
0.0912366
0.0866391
0.0820417
0.0774691
0.0729444
0.0684891
0.0641227
0.0598627
0.0557245
0.0517215
0.0478649
0.0441637
0.0406249
0.0372534
0.0340522
0.0310222
0.0281628
0.0254716
0.0229447
0.0205767
0.018361
0.0162898
0.0143543
0.0125447
0.0108506
0.00926051
0.00776277
0.00634502
0.0049945
0.00369815
0.00244265
0.00121448
0
0
0.00126464
0.00254354
0.00385089
0.00520078
0.00660708
0.00808339
0.00964299
0.0112987
0.0130629
0.0149472
0.0169626
0.0191194
0.0214266
0.0238924
0.0265236
0.029326
0.0323035
0.0354586
0.0387921
0.0423028
0.0459878
0.0498418
0.0538577
0.0580261
0.0623351
0.0667711
0.0713179
0.0759572
0.0806687
0.0854302
0.0902175
0.0950048
0.0997651
0.10447
0.10909
0.113596
0.117957
0.122143
0.126125
0.129872
0.133359
0.136557
0.139442
0.141991
0.144184
0.146004
0.147435
0.148466
0.149087
0.149295
0.149087
0.148466
0.147435
0.146004
0.144184
0.141991
0.139442
0.136557
0.133359
0.129872
0.126125
0.122143
0.117957
0.113596
0.10909
0.10447
0.0997651
0.0950048
0.0902175
0.0854302
0.0806687
0.0759572
0.0713179
0.0667711
0.0623351
0.0580261
0.0538577
0.0498418
0.0459878
0.0423028
0.0387921
0.0354586
0.0323035
0.029326
0.0265236
0.0238924
0.0214266
0.0191194
0.0169626
0.0149472
0.0130629
0.0112987
0.00964299
0.00808339
0.00660708
0.00520078
0.00385089
0.00254354
0.00126464
0
0
0.00131319
0.00264118
0.00399873
0.00540044
0.00686073
0.00839372
0.0100132
0.0117325
0.0135644
0.015521
0.0176138
0.0198534
0.0222491
0.0248096
0.0275419
0.0304518
0.0335436
0.0368199
0.0402813
0.0439268
0.0477533
0.0517553
0.0559253
0.0602537
0.0647282
0.0693345
0.0740558
0.0788732
0.0837656
0.0887099
0.0936809
0.0986521
0.103595
0.108481
0.113278
0.117957
0.122485
0.126832
0.130967
0.134858
0.138478
0.141799
0.144795
0.147442
0.14972
0.151609
0.153095
0.154165
0.154811
0.155027
0.154811
0.154165
0.153095
0.151609
0.14972
0.147442
0.144795
0.141799
0.138478
0.134858
0.130967
0.126832
0.122485
0.117957
0.113278
0.108481
0.103595
0.0986521
0.0936809
0.0887099
0.0837656
0.0788732
0.0740558
0.0693345
0.0647282
0.0602537
0.0559253
0.0517553
0.0477533
0.0439268
0.0402813
0.0368199
0.0335436
0.0304518
0.0275419
0.0248096
0.0222491
0.0198534
0.0176138
0.015521
0.0135644
0.0117325
0.0100132
0.00839372
0.00686073
0.00540044
0.00399873
0.00264118
0.00131319
0
0
0.00135979
0.00273491
0.00414064
0.0055921
0.00710421
0.0086916
0.0103685
0.0121488
0.0140457
0.0160718
0.0182389
0.0205579
0.0230387
0.02569
0.0285193
0.0315325
0.034734
0.0381265
0.0417108
0.0454857
0.049448
0.053592
0.0579101
0.062392
0.0670253
0.0717951
0.0766839
0.0816723
0.0867383
0.0918581
0.0970055
0.102153
0.107272
0.11233
0.117298
0.122143
0.126832
0.131333
0.135614
0.139644
0.143393
0.146831
0.149933
0.152675
0.155033
0.156989
0.158528
0.159636
0.160305
0.160528
0.160305
0.159636
0.158528
0.156989
0.155033
0.152675
0.149933
0.146831
0.143393
0.139644
0.135614
0.131333
0.126832
0.122143
0.117298
0.11233
0.107272
0.102153
0.0970055
0.0918581
0.0867383
0.0816723
0.0766839
0.0717951
0.0670253
0.062392
0.0579101
0.053592
0.049448
0.0454857
0.0417108
0.0381265
0.034734
0.0315325
0.0285193
0.02569
0.0230387
0.0205579
0.0182389
0.0160718
0.0140457
0.0121488
0.0103685
0.0086916
0.00710421
0.0055921
0.00414064
0.00273491
0.00135979
0
0
0.00140412
0.00282406
0.00427561
0.00577438
0.00733578
0.00897492
0.0107065
0.0125449
0.0145036
0.0165957
0.0188335
0.0212281
0.0237897
0.0265275
0.029449
0.0325604
0.0358663
0.0393694
0.0430705
0.0469684
0.0510598
0.0553389
0.0597978
0.0644258
0.0692102
0.0741354
0.0791836
0.0843346
0.0895658
0.0948524
0.100168
0.105483
0.110768
0.115992
0.121122
0.126125
0.130967
0.135614
0.140035
0.144196
0.148067
0.151618
0.154821
0.157651
0.160087
0.162107
0.163696
0.16484
0.16553
0.165761
0.16553
0.16484
0.163696
0.162107
0.160087
0.157651
0.154821
0.151618
0.148067
0.144196
0.140035
0.135614
0.130967
0.126125
0.121122
0.115992
0.110768
0.105483
0.100168
0.0948524
0.0895658
0.0843346
0.0791836
0.0741354
0.0692102
0.0644258
0.0597978
0.0553389
0.0510598
0.0469684
0.0430705
0.0393694
0.0358663
0.0325604
0.029449
0.0265275
0.0237897
0.0212281
0.0188335
0.0165957
0.0145036
0.0125449
0.0107065
0.00897492
0.00733578
0.00577438
0.00427561
0.00282406
0.00140412
0
0
0.00144584
0.00290798
0.00440267
0.00594597
0.00755377
0.00924161
0.0110247
0.0129176
0.0149346
0.0170889
0.0193931
0.0218589
0.0244966
0.0273157
0.0303241
0.0335279
0.036932
0.0405392
0.0443503
0.0483641
0.0525771
0.0569834
0.0615747
0.0663403
0.0712668
0.0763383
0.0815366
0.0868406
0.0922272
0.0976709
0.103144
0.108618
0.11406
0.119439
0.124721
0.129872
0.134858
0.139644
0.144196
0.148481
0.152467
0.156123
0.159421
0.162336
0.164844
0.166924
0.16856
0.169738
0.170449
0.170687
0.170449
0.169738
0.16856
0.166924
0.164844
0.162336
0.159421
0.156123
0.152467
0.148481
0.144196
0.139644
0.134858
0.129872
0.124721
0.119439
0.11406
0.108618
0.103144
0.0976709
0.0922272
0.0868406
0.0815366
0.0763383
0.0712668
0.0663403
0.0615747
0.0569834
0.0525771
0.0483641
0.0443503
0.0405392
0.036932
0.0335279
0.0303241
0.0273157
0.0244966
0.0218589
0.0193931
0.0170889
0.0149346
0.0129176
0.0110247
0.00924161
0.00755377
0.00594597
0.00440267
0.00290798
0.00144584
0
0
0.00148465
0.00298604
0.00452085
0.00610558
0.00775654
0.00948969
0.0113206
0.0132644
0.0153355
0.0175476
0.0199137
0.0224456
0.0251542
0.028049
0.0311381
0.0344279
0.0379234
0.0416274
0.0455409
0.0496624
0.0539884
0.058513
0.0632276
0.068121
0.0731798
0.0783875
0.0837253
0.0891717
0.0947029
0.100293
0.105913
0.111533
0.117122
0.122645
0.128069
0.133359
0.138478
0.143393
0.148067
0.152467
0.156559
0.160314
0.163701
0.166694
0.169269
0.171405
0.173085
0.174295
0.175025
0.175269
0.175025
0.174295
0.173085
0.171405
0.169269
0.166694
0.163701
0.160314
0.156559
0.152467
0.148067
0.143393
0.138478
0.133359
0.128069
0.122645
0.117122
0.111533
0.105913
0.100293
0.0947029
0.0891717
0.0837253
0.0783875
0.0731798
0.068121
0.0632276
0.058513
0.0539884
0.0496624
0.0455409
0.0416274
0.0379234
0.0344279
0.0311381
0.028049
0.0251542
0.0224456
0.0199137
0.0175476
0.0153355
0.0132644
0.0113206
0.00948969
0.00775654
0.00610558
0.00452085
0.00298604
0.00148465
0
0
0.00152025
0.00305765
0.00462926
0.006252
0.00794254
0.00971726
0.0115921
0.0135825
0.0157032
0.0179684
0.0203912
0.0229839
0.0257574
0.0287216
0.0318848
0.0352535
0.0388329
0.0426257
0.046633
0.0508533
0.0552831
0.0599162
0.0647438
0.0697546
0.0749347
0.0802673
0.0857331
0.0913101
0.096974
0.102698
0.108453
0.114208
0.11993
0.125586
0.13114
0.136557
0.141799
0.146831
0.151618
0.156123
0.160314
0.164158
0.167627
0.170691
0.173328
0.175515
0.177235
0.178474
0.179222
0.179472
0.179222
0.178474
0.177235
0.175515
0.173328
0.170691
0.167627
0.164158
0.160314
0.156123
0.151618
0.146831
0.141799
0.136557
0.13114
0.125586
0.11993
0.114208
0.108453
0.102698
0.096974
0.0913101
0.0857331
0.0802673
0.0749347
0.0697546
0.0647438
0.0599162
0.0552831
0.0508533
0.046633
0.0426257
0.0388329
0.0352535
0.0318848
0.0287216
0.0257574
0.0229839
0.0203912
0.0179684
0.0157032
0.0135825
0.0115921
0.00971726
0.00794254
0.006252
0.00462926
0.00305765
0.00152025
0
0
0.00155237
0.00312225
0.00472706
0.00638408
0.00811035
0.00992256
0.011837
0.0138694
0.016035
0.018348
0.020822
0.0234695
0.0263016
0.0293284
0.0325584
0.0359983
0.0396533
0.0435263
0.0476182
0.0519277
0.0564511
0.061182
0.0661116
0.0712284
0.0765179
0.0819631
0.0875444
0.0932392
0.0990228
0.104868
0.110744
0.116621
0.122464
0.128239
0.133911
0.139442
0.144795
0.149933
0.154821
0.159421
0.163701
0.167627
0.171168
0.174297
0.17699
0.179223
0.18098
0.182245
0.183008
0.183263
0.183008
0.182245
0.18098
0.179223
0.17699
0.174297
0.171168
0.167627
0.163701
0.159421
0.154821
0.149933
0.144795
0.139442
0.133911
0.128239
0.122464
0.116621
0.110744
0.104868
0.0990228
0.0932392
0.0875444
0.0819631
0.0765179
0.0712284
0.0661116
0.061182
0.0564511
0.0519277
0.0476182
0.0435263
0.0396533
0.0359983
0.0325584
0.0293284
0.0263016
0.0234695
0.020822
0.018348
0.016035
0.0138694
0.011837
0.00992256
0.00811035
0.00638408
0.00472706
0.00312225
0.00155237
0
0
0.00158075
0.00317933
0.00481349
0.0065008
0.00825862
0.010104
0.0120534
0.014123
0.0163281
0.0186835
0.0212027
0.0238985
0.0267825
0.0298646
0.0331536
0.0366565
0.0403782
0.044322
0.0484888
0.0528771
0.0574832
0.0623006
0.0673203
0.0725306
0.0779168
0.0834616
0.0891449
0.0949439
0.100833
0.106785
0.112769
0.118753
0.124703
0.130584
0.136359
0.141991
0.147442
0.152675
0.157651
0.162336
0.166694
0.170691
0.174297
0.177484
0.180226
0.1825
0.184289
0.185577
0.186354
0.186614
0.186354
0.185577
0.184289
0.1825
0.180226
0.177484
0.174297
0.170691
0.166694
0.162336
0.157651
0.152675
0.147442
0.141991
0.136359
0.130584
0.124703
0.118753
0.112769
0.106785
0.100833
0.0949439
0.0891449
0.0834616
0.0779168
0.0725306
0.0673203
0.0623006
0.0574832
0.0528771
0.0484888
0.044322
0.0403782
0.0366565
0.0331536
0.0298646
0.0267825
0.0238985
0.0212027
0.0186835
0.0163281
0.014123
0.0120534
0.010104
0.00825862
0.0065008
0.00481349
0.00317933
0.00158075
0
0
0.00160517
0.00322844
0.00488784
0.00660122
0.00838619
0.01026
0.0122396
0.0143412
0.0165804
0.0189721
0.0215302
0.0242677
0.0271962
0.0303259
0.0336658
0.0372227
0.041002
0.0450067
0.0492378
0.0536939
0.0583711
0.0632629
0.0683602
0.073651
0.0791204
0.0847508
0.0905219
0.0964105
0.102391
0.108434
0.114511
0.120587
0.126629
0.132601
0.138465
0.144184
0.14972
0.155033
0.160087
0.164844
0.169269
0.173328
0.17699
0.180226
0.183009
0.185319
0.187135
0.188443
0.189233
0.189497
0.189233
0.188443
0.187135
0.185319
0.183009
0.180226
0.17699
0.173328
0.169269
0.164844
0.160087
0.155033
0.14972
0.144184
0.138465
0.132601
0.126629
0.120587
0.114511
0.108434
0.102391
0.0964105
0.0905219
0.0847508
0.0791204
0.073651
0.0683602
0.0632629
0.0583711
0.0536939
0.0492378
0.0450067
0.041002
0.0372227
0.0336658
0.0303259
0.0271962
0.0242677
0.0215302
0.0189721
0.0165804
0.0143412
0.0122396
0.01026
0.00838619
0.00660122
0.00488784
0.00322844
0.00160517
0
0
0.00162543
0.00326919
0.00494952
0.00668452
0.00849203
0.0103895
0.0123941
0.0145221
0.0167896
0.0192115
0.0218019
0.024574
0.0275394
0.0307086
0.0340906
0.0376925
0.0415194
0.0455746
0.0498591
0.0543715
0.0591077
0.0640613
0.0692229
0.0745804
0.0801188
0.0858204
0.0916643
0.0976271
0.103683
0.109803
0.115956
0.122109
0.128227
0.134274
0.140213
0.146004
0.151609
0.156989
0.162107
0.166924
0.171405
0.175515
0.179223
0.1825
0.185319
0.187658
0.189497
0.190822
0.191621
0.191888
0.191621
0.190822
0.189497
0.187658
0.185319
0.1825
0.179223
0.175515
0.171405
0.166924
0.162107
0.156989
0.151609
0.146004
0.140213
0.134274
0.128227
0.122109
0.115956
0.109803
0.103683
0.0976271
0.0916643
0.0858204
0.0801188
0.0745804
0.0692229
0.0640613
0.0591077
0.0543715
0.0498591
0.0455746
0.0415194
0.0376925
0.0340906
0.0307086
0.0275394
0.024574
0.0218019
0.0192115
0.0167896
0.0145221
0.0123941
0.0103895
0.00849203
0.00668452
0.00494952
0.00326919
0.00162543
0
0
0.00164136
0.00330123
0.00499803
0.00675004
0.00857526
0.0104913
0.0125155
0.0146645
0.0169542
0.0193998
0.0220156
0.0248148
0.0278093
0.0310096
0.0344247
0.0380619
0.0419263
0.0460213
0.0503478
0.0549044
0.059687
0.0646892
0.0699014
0.0753114
0.0809041
0.0866615
0.0925627
0.098584
0.104699
0.110879
0.117092
0.123306
0.129484
0.13559
0.141587
0.147435
0.153095
0.158528
0.163696
0.16856
0.173085
0.177235
0.18098
0.184289
0.187135
0.189497
0.191354
0.192692
0.193499
0.193769
0.193499
0.192692
0.191354
0.189497
0.187135
0.184289
0.18098
0.177235
0.173085
0.16856
0.163696
0.158528
0.153095
0.147435
0.141587
0.13559
0.129484
0.123306
0.117092
0.110879
0.104699
0.098584
0.0925627
0.0866615
0.0809041
0.0753114
0.0699014
0.0646892
0.059687
0.0549044
0.0503478
0.0460213
0.0419263
0.0380619
0.0344247
0.0310096
0.0278093
0.0248148
0.0220156
0.0193998
0.0169542
0.0146645
0.0125155
0.0104913
0.00857526
0.00675004
0.00499803
0.00330123
0.00164136
0
0
0.00165283
0.0033243
0.00503297
0.00679723
0.0086352
0.0105647
0.012603
0.014767
0.0170727
0.0195354
0.0221695
0.0249883
0.0280037
0.0312264
0.0346654
0.038328
0.0422194
0.046343
0.0506998
0.0552882
0.0601043
0.0651414
0.07039
0.0758378
0.0814697
0.0872673
0.0932098
0.0992732
0.105431
0.111654
0.117911
0.124168
0.130389
0.136538
0.142577
0.148466
0.154165
0.159636
0.16484
0.169738
0.174295
0.178474
0.182245
0.185577
0.188443
0.190822
0.192692
0.194039
0.194852
0.195123
0.194852
0.194039
0.192692
0.190822
0.188443
0.185577
0.182245
0.178474
0.174295
0.169738
0.16484
0.159636
0.154165
0.148466
0.142577
0.136538
0.130389
0.124168
0.117911
0.111654
0.105431
0.0992732
0.0932098
0.0872673
0.0814697
0.0758378
0.07039
0.0651414
0.0601043
0.0552882
0.0506998
0.046343
0.0422194
0.038328
0.0346654
0.0312264
0.0280037
0.0249883
0.0221695
0.0195354
0.0170727
0.014767
0.012603
0.0105647
0.0086352
0.00679723
0.00503297
0.0033243
0.00165283
0
0
0.00165976
0.00333823
0.00505405
0.0068257
0.00867137
0.0106089
0.0126558
0.0148288
0.0171442
0.0196172
0.0222624
0.0250929
0.028121
0.0313572
0.0348106
0.0384885
0.0423962
0.0465371
0.0509121
0.0555197
0.060356
0.0654142
0.0706848
0.0761555
0.0818109
0.0876328
0.0936002
0.099689
0.105873
0.112122
0.118405
0.124688
0.130935
0.13711
0.143174
0.149087
0.154811
0.160305
0.16553
0.170449
0.175025
0.179222
0.183008
0.186354
0.189233
0.191621
0.193499
0.194852
0.195668
0.19594
0.195668
0.194852
0.193499
0.191621
0.189233
0.186354
0.183008
0.179222
0.175025
0.170449
0.16553
0.160305
0.154811
0.149087
0.143174
0.13711
0.130935
0.124688
0.118405
0.112122
0.105873
0.099689
0.0936002
0.0876328
0.0818109
0.0761555
0.0706848
0.0654142
0.060356
0.0555197
0.0509121
0.0465371
0.0423962
0.0384885
0.0348106
0.0313572
0.028121
0.0250929
0.0222624
0.0196172
0.0171442
0.0148288
0.0126558
0.0106089
0.00867137
0.0068257
0.00505405
0.00333823
0.00165976
0
0
0.00166207
0.00334288
0.0050611
0.00683521
0.00868346
0.0106237
0.0126735
0.0148495
0.0171681
0.0196446
0.0222934
0.0251279
0.0281602
0.0314009
0.0348591
0.0385421
0.0424554
0.046602
0.0509831
0.0555972
0.0604402
0.0655054
0.0707834
0.0762617
0.0819249
0.087755
0.0937307
0.0998279
0.10602
0.112278
0.11857
0.124862
0.131118
0.137301
0.143374
0.149295
0.155027
0.160528
0.165761
0.170687
0.175269
0.179472
0.183263
0.186614
0.189497
0.191888
0.193769
0.195123
0.19594
0.196214
0.19594
0.195123
0.193769
0.191888
0.189497
0.186614
0.183263
0.179472
0.175269
0.170687
0.165761
0.160528
0.155027
0.149295
0.143374
0.137301
0.131118
0.124862
0.11857
0.112278
0.10602
0.0998279
0.0937307
0.087755
0.0819249
0.0762617
0.0707834
0.0655054
0.0604402
0.0555972
0.0509831
0.046602
0.0424554
0.0385421
0.0348591
0.0314009
0.0281602
0.0251279
0.0222934
0.0196446
0.0171681
0.0148495
0.0126735
0.0106237
0.00868346
0.00683521
0.0050611
0.00334288
0.00166207
0
0
0.00165976
0.00333823
0.00505405
0.0068257
0.00867137
0.0106089
0.0126558
0.0148288
0.0171442
0.0196172
0.0222624
0.0250929
0.028121
0.0313572
0.0348106
0.0384885
0.0423962
0.0465371
0.0509121
0.0555197
0.060356
0.0654142
0.0706848
0.0761555
0.0818109
0.0876328
0.0936002
0.099689
0.105873
0.112122
0.118405
0.124688
0.130935
0.13711
0.143174
0.149087
0.154811
0.160305
0.16553
0.170449
0.175025
0.179222
0.183008
0.186354
0.189233
0.191621
0.193499
0.194852
0.195668
0.19594
0.195668
0.194852
0.193499
0.191621
0.189233
0.186354
0.183008
0.179222
0.175025
0.170449
0.16553
0.160305
0.154811
0.149087
0.143174
0.13711
0.130935
0.124688
0.118405
0.112122
0.105873
0.099689
0.0936002
0.0876328
0.0818109
0.0761555
0.0706848
0.0654142
0.060356
0.0555197
0.0509121
0.0465371
0.0423962
0.0384885
0.0348106
0.0313572
0.028121
0.0250929
0.0222624
0.0196172
0.0171442
0.0148288
0.0126558
0.0106089
0.00867137
0.0068257
0.00505405
0.00333823
0.00165976
0
0
0.00165283
0.0033243
0.00503297
0.00679723
0.0086352
0.0105647
0.012603
0.014767
0.0170727
0.0195354
0.0221695
0.0249883
0.0280037
0.0312264
0.0346654
0.038328
0.0422194
0.046343
0.0506998
0.0552882
0.0601043
0.0651414
0.07039
0.0758378
0.0814697
0.0872673
0.0932098
0.0992732
0.105431
0.111654
0.117911
0.124168
0.130389
0.136538
0.142577
0.148466
0.154165
0.159636
0.16484
0.169738
0.174295
0.178474
0.182245
0.185577
0.188443
0.190822
0.192692
0.194039
0.194852
0.195123
0.194852
0.194039
0.192692
0.190822
0.188443
0.185577
0.182245
0.178474
0.174295
0.169738
0.16484
0.159636
0.154165
0.148466
0.142577
0.136538
0.130389
0.124168
0.117911
0.111654
0.105431
0.0992732
0.0932098
0.0872673
0.0814697
0.0758378
0.07039
0.0651414
0.0601043
0.0552882
0.0506998
0.046343
0.0422194
0.038328
0.0346654
0.0312264
0.0280037
0.0249883
0.0221695
0.0195354
0.0170727
0.014767
0.012603
0.0105647
0.0086352
0.00679723
0.00503297
0.0033243
0.00165283
0
0
0.00164136
0.00330123
0.00499803
0.00675004
0.00857526
0.0104913
0.0125155
0.0146645
0.0169542
0.0193998
0.0220156
0.0248148
0.0278093
0.0310096
0.0344247
0.0380619
0.0419263
0.0460213
0.0503478
0.0549044
0.059687
0.0646892
0.0699014
0.0753114
0.0809041
0.0866615
0.0925627
0.098584
0.104699
0.110879
0.117092
0.123306
0.129484
0.13559
0.141587
0.147435
0.153095
0.158528
0.163696
0.16856
0.173085
0.177235
0.18098
0.184289
0.187135
0.189497
0.191354
0.192692
0.193499
0.193769
0.193499
0.192692
0.191354
0.189497
0.187135
0.184289
0.18098
0.177235
0.173085
0.16856
0.163696
0.158528
0.153095
0.147435
0.141587
0.13559
0.129484
0.123306
0.117092
0.110879
0.104699
0.098584
0.0925627
0.0866615
0.0809041
0.0753114
0.0699014
0.0646892
0.059687
0.0549044
0.0503478
0.0460213
0.0419263
0.0380619
0.0344247
0.0310096
0.0278093
0.0248148
0.0220156
0.0193998
0.0169542
0.0146645
0.0125155
0.0104913
0.00857526
0.00675004
0.00499803
0.00330123
0.00164136
0
0
0.00162543
0.00326919
0.00494952
0.00668452
0.00849203
0.0103895
0.0123941
0.0145221
0.0167896
0.0192115
0.0218019
0.024574
0.0275394
0.0307086
0.0340906
0.0376925
0.0415194
0.0455746
0.0498591
0.0543715
0.0591077
0.0640613
0.0692229
0.0745804
0.0801188
0.0858204
0.0916643
0.0976271
0.103683
0.109803
0.115956
0.122109
0.128227
0.134274
0.140213
0.146004
0.151609
0.156989
0.162107
0.166924
0.171405
0.175515
0.179223
0.1825
0.185319
0.187658
0.189497
0.190822
0.191621
0.191888
0.191621
0.190822
0.189497
0.187658
0.185319
0.1825
0.179223
0.175515
0.171405
0.166924
0.162107
0.156989
0.151609
0.146004
0.140213
0.134274
0.128227
0.122109
0.115956
0.109803
0.103683
0.0976271
0.0916643
0.0858204
0.0801188
0.0745804
0.0692229
0.0640613
0.0591077
0.0543715
0.0498591
0.0455746
0.0415194
0.0376925
0.0340906
0.0307086
0.0275394
0.024574
0.0218019
0.0192115
0.0167896
0.0145221
0.0123941
0.0103895
0.00849203
0.00668452
0.00494952
0.00326919
0.00162543
0
0
0.00160517
0.00322844
0.00488784
0.00660122
0.00838619
0.01026
0.0122396
0.0143412
0.0165804
0.0189721
0.0215302
0.0242677
0.0271962
0.0303259
0.0336658
0.0372227
0.041002
0.0450067
0.0492378
0.0536939
0.0583711
0.0632629
0.0683602
0.073651
0.0791204
0.0847508
0.0905219
0.0964105
0.102391
0.108434
0.114511
0.120587
0.126629
0.132601
0.138465
0.144184
0.14972
0.155033
0.160087
0.164844
0.169269
0.173328
0.17699
0.180226
0.183009
0.185319
0.187135
0.188443
0.189233
0.189497
0.189233
0.188443
0.187135
0.185319
0.183009
0.180226
0.17699
0.173328
0.169269
0.164844
0.160087
0.155033
0.14972
0.144184
0.138465
0.132601
0.126629
0.120587
0.114511
0.108434
0.102391
0.0964105
0.0905219
0.0847508
0.0791204
0.073651
0.0683602
0.0632629
0.0583711
0.0536939
0.0492378
0.0450067
0.041002
0.0372227
0.0336658
0.0303259
0.0271962
0.0242677
0.0215302
0.0189721
0.0165804
0.0143412
0.0122396
0.01026
0.00838619
0.00660122
0.00488784
0.00322844
0.00160517
0
0
0.00158075
0.00317933
0.00481349
0.0065008
0.00825862
0.010104
0.0120534
0.014123
0.0163281
0.0186835
0.0212027
0.0238985
0.0267825
0.0298646
0.0331536
0.0366565
0.0403782
0.044322
0.0484888
0.0528771
0.0574832
0.0623006
0.0673203
0.0725306
0.0779168
0.0834616
0.0891449
0.0949439
0.100833
0.106785
0.112769
0.118753
0.124703
0.130584
0.136359
0.141991
0.147442
0.152675
0.157651
0.162336
0.166694
0.170691
0.174297
0.177484
0.180226
0.1825
0.184289
0.185577
0.186354
0.186614
0.186354
0.185577
0.184289
0.1825
0.180226
0.177484
0.174297
0.170691
0.166694
0.162336
0.157651
0.152675
0.147442
0.141991
0.136359
0.130584
0.124703
0.118753
0.112769
0.106785
0.100833
0.0949439
0.0891449
0.0834616
0.0779168
0.0725306
0.0673203
0.0623006
0.0574832
0.0528771
0.0484888
0.044322
0.0403782
0.0366565
0.0331536
0.0298646
0.0267825
0.0238985
0.0212027
0.0186835
0.0163281
0.014123
0.0120534
0.010104
0.00825862
0.0065008
0.00481349
0.00317933
0.00158075
0
0
0.00155237
0.00312225
0.00472706
0.00638408
0.00811035
0.00992256
0.011837
0.0138694
0.016035
0.018348
0.020822
0.0234695
0.0263016
0.0293284
0.0325584
0.0359983
0.0396533
0.0435263
0.0476182
0.0519277
0.0564511
0.061182
0.0661116
0.0712284
0.0765179
0.0819631
0.0875444
0.0932392
0.0990228
0.104868
0.110744
0.116621
0.122464
0.128239
0.133911
0.139442
0.144795
0.149933
0.154821
0.159421
0.163701
0.167627
0.171168
0.174297
0.17699
0.179223
0.18098
0.182245
0.183008
0.183263
0.183008
0.182245
0.18098
0.179223
0.17699
0.174297
0.171168
0.167627
0.163701
0.159421
0.154821
0.149933
0.144795
0.139442
0.133911
0.128239
0.122464
0.116621
0.110744
0.104868
0.0990228
0.0932392
0.0875444
0.0819631
0.0765179
0.0712284
0.0661116
0.061182
0.0564511
0.0519277
0.0476182
0.0435263
0.0396533
0.0359983
0.0325584
0.0293284
0.0263016
0.0234695
0.020822
0.018348
0.016035
0.0138694
0.011837
0.00992256
0.00811035
0.00638408
0.00472706
0.00312225
0.00155237
0
0
0.00152025
0.00305765
0.00462926
0.006252
0.00794254
0.00971726
0.0115921
0.0135825
0.0157032
0.0179684
0.0203912
0.0229839
0.0257574
0.0287216
0.0318848
0.0352535
0.0388329
0.0426257
0.046633
0.0508533
0.0552831
0.0599162
0.0647438
0.0697546
0.0749347
0.0802673
0.0857331
0.0913101
0.096974
0.102698
0.108453
0.114208
0.11993
0.125586
0.13114
0.136557
0.141799
0.146831
0.151618
0.156123
0.160314
0.164158
0.167627
0.170691
0.173328
0.175515
0.177235
0.178474
0.179222
0.179472
0.179222
0.178474
0.177235
0.175515
0.173328
0.170691
0.167627
0.164158
0.160314
0.156123
0.151618
0.146831
0.141799
0.136557
0.13114
0.125586
0.11993
0.114208
0.108453
0.102698
0.096974
0.0913101
0.0857331
0.0802673
0.0749347
0.0697546
0.0647438
0.0599162
0.0552831
0.0508533
0.046633
0.0426257
0.0388329
0.0352535
0.0318848
0.0287216
0.0257574
0.0229839
0.0203912
0.0179684
0.0157032
0.0135825
0.0115921
0.00971726
0.00794254
0.006252
0.00462926
0.00305765
0.00152025
0
0
0.00148465
0.00298604
0.00452085
0.00610558
0.00775654
0.00948969
0.0113206
0.0132644
0.0153355
0.0175476
0.0199137
0.0224456
0.0251542
0.028049
0.0311381
0.0344279
0.0379234
0.0416274
0.0455409
0.0496624
0.0539884
0.058513
0.0632276
0.068121
0.0731798
0.0783875
0.0837253
0.0891717
0.0947029
0.100293
0.105913
0.111533
0.117122
0.122645
0.128069
0.133359
0.138478
0.143393
0.148067
0.152467
0.156559
0.160314
0.163701
0.166694
0.169269
0.171405
0.173085
0.174295
0.175025
0.175269
0.175025
0.174295
0.173085
0.171405
0.169269
0.166694
0.163701
0.160314
0.156559
0.152467
0.148067
0.143393
0.138478
0.133359
0.128069
0.122645
0.117122
0.111533
0.105913
0.100293
0.0947029
0.0891717
0.0837253
0.0783875
0.0731798
0.068121
0.0632276
0.058513
0.0539884
0.0496624
0.0455409
0.0416274
0.0379234
0.0344279
0.0311381
0.028049
0.0251542
0.0224456
0.0199137
0.0175476
0.0153355
0.0132644
0.0113206
0.00948969
0.00775654
0.00610558
0.00452085
0.00298604
0.00148465
0
0
0.00144584
0.00290798
0.00440267
0.00594597
0.00755377
0.00924161
0.0110247
0.0129176
0.0149346
0.0170889
0.0193931
0.0218589
0.0244966
0.0273157
0.0303241
0.0335279
0.036932
0.0405392
0.0443503
0.0483641
0.0525771
0.0569834
0.0615747
0.0663403
0.0712668
0.0763383
0.0815366
0.0868406
0.0922272
0.0976709
0.103144
0.108618
0.11406
0.119439
0.124721
0.129872
0.134858
0.139644
0.144196
0.148481
0.152467
0.156123
0.159421
0.162336
0.164844
0.166924
0.16856
0.169738
0.170449
0.170687
0.170449
0.169738
0.16856
0.166924
0.164844
0.162336
0.159421
0.156123
0.152467
0.148481
0.144196
0.139644
0.134858
0.129872
0.124721
0.119439
0.11406
0.108618
0.103144
0.0976709
0.0922272
0.0868406
0.0815366
0.0763383
0.0712668
0.0663403
0.0615747
0.0569834
0.0525771
0.0483641
0.0443503
0.0405392
0.036932
0.0335279
0.0303241
0.0273157
0.0244966
0.0218589
0.0193931
0.0170889
0.0149346
0.0129176
0.0110247
0.00924161
0.00755377
0.00594597
0.00440267
0.00290798
0.00144584
0
0
0.00140412
0.00282406
0.00427561
0.00577438
0.00733578
0.00897492
0.0107065
0.0125449
0.0145036
0.0165957
0.0188335
0.0212281
0.0237897
0.0265275
0.029449
0.0325604
0.0358663
0.0393694
0.0430705
0.0469684
0.0510598
0.0553389
0.0597978
0.0644258
0.0692102
0.0741354
0.0791836
0.0843346
0.0895658
0.0948524
0.100168
0.105483
0.110768
0.115992
0.121122
0.126125
0.130967
0.135614
0.140035
0.144196
0.148067
0.151618
0.154821
0.157651
0.160087
0.162107
0.163696
0.16484
0.16553
0.165761
0.16553
0.16484
0.163696
0.162107
0.160087
0.157651
0.154821
0.151618
0.148067
0.144196
0.140035
0.135614
0.130967
0.126125
0.121122
0.115992
0.110768
0.105483
0.100168
0.0948524
0.0895658
0.0843346
0.0791836
0.0741354
0.0692102
0.0644258
0.0597978
0.0553389
0.0510598
0.0469684
0.0430705
0.0393694
0.0358663
0.0325604
0.029449
0.0265275
0.0237897
0.0212281
0.0188335
0.0165957
0.0145036
0.0125449
0.0107065
0.00897492
0.00733578
0.00577438
0.00427561
0.00282406
0.00140412
0
0
0.00135979
0.00273491
0.00414064
0.0055921
0.00710421
0.0086916
0.0103685
0.0121488
0.0140457
0.0160718
0.0182389
0.0205579
0.0230387
0.02569
0.0285193
0.0315325
0.034734
0.0381265
0.0417108
0.0454857
0.049448
0.053592
0.0579101
0.062392
0.0670253
0.0717951
0.0766839
0.0816723
0.0867383
0.0918581
0.0970055
0.102153
0.107272
0.11233
0.117298
0.122143
0.126832
0.131333
0.135614
0.139644
0.143393
0.146831
0.149933
0.152675
0.155033
0.156989
0.158528
0.159636
0.160305
0.160528
0.160305
0.159636
0.158528
0.156989
0.155033
0.152675
0.149933
0.146831
0.143393
0.139644
0.135614
0.131333
0.126832
0.122143
0.117298
0.11233
0.107272
0.102153
0.0970055
0.0918581
0.0867383
0.0816723
0.0766839
0.0717951
0.0670253
0.062392
0.0579101
0.053592
0.049448
0.0454857
0.0417108
0.0381265
0.034734
0.0315325
0.0285193
0.02569
0.0230387
0.0205579
0.0182389
0.0160718
0.0140457
0.0121488
0.0103685
0.0086916
0.00710421
0.0055921
0.00414064
0.00273491
0.00135979
0
0
0.00131319
0.00264118
0.00399873
0.00540044
0.00686073
0.00839372
0.0100132
0.0117325
0.0135644
0.015521
0.0176138
0.0198534
0.0222491
0.0248096
0.0275419
0.0304518
0.0335436
0.0368199
0.0402813
0.0439268
0.0477533
0.0517553
0.0559253
0.0602537
0.0647282
0.0693345
0.0740558
0.0788732
0.0837656
0.0887099
0.0936809
0.0986521
0.103595
0.108481
0.113278
0.117957
0.122485
0.126832
0.130967
0.134858
0.138478
0.141799
0.144795
0.147442
0.14972
0.151609
0.153095
0.154165
0.154811
0.155027
0.154811
0.154165
0.153095
0.151609
0.14972
0.147442
0.144795
0.141799
0.138478
0.134858
0.130967
0.126832
0.122485
0.117957
0.113278
0.108481
0.103595
0.0986521
0.0936809
0.0887099
0.0837656
0.0788732
0.0740558
0.0693345
0.0647282
0.0602537
0.0559253
0.0517553
0.0477533
0.0439268
0.0402813
0.0368199
0.0335436
0.0304518
0.0275419
0.0248096
0.0222491
0.0198534
0.0176138
0.015521
0.0135644
0.0117325
0.0100132
0.00839372
0.00686073
0.00540044
0.00399873
0.00264118
0.00131319
0
0
0.00126464
0.00254354
0.00385089
0.00520078
0.00660708
0.00808339
0.00964299
0.0112987
0.0130629
0.0149472
0.0169626
0.0191194
0.0214266
0.0238924
0.0265236
0.029326
0.0323035
0.0354586
0.0387921
0.0423028
0.0459878
0.0498418
0.0538577
0.0580261
0.0623351
0.0667711
0.0713179
0.0759572
0.0806687
0.0854302
0.0902175
0.0950048
0.0997651
0.10447
0.10909
0.113596
0.117957
0.122143
0.126125
0.129872
0.133359
0.136557
0.139442
0.141991
0.144184
0.146004
0.147435
0.148466
0.149087
0.149295
0.149087
0.148466
0.147435
0.146004
0.144184
0.141991
0.139442
0.136557
0.133359
0.129872
0.126125
0.122143
0.117957
0.113596
0.10909
0.10447
0.0997651
0.0950048
0.0902175
0.0854302
0.0806687
0.0759572
0.0713179
0.0667711
0.0623351
0.0580261
0.0538577
0.0498418
0.0459878
0.0423028
0.0387921
0.0354586
0.0323035
0.029326
0.0265236
0.0238924
0.0214266
0.0191194
0.0169626
0.0149472
0.0130629
0.0112987
0.00964299
0.00808339
0.00660708
0.00520078
0.00385089
0.00254354
0.00126464
0
0
0.00121448
0.00244265
0.00369815
0.0049945
0.00634502
0.00776277
0.00926051
0.0108506
0.0125447
0.0143543
0.0162898
0.018361
0.0205767
0.0229447
0.0254716
0.0281628
0.0310222
0.0340522
0.0372534
0.0406249
0.0441637
0.0478649
0.0517215
0.0557245
0.0598627
0.0641227
0.0684891
0.0729444
0.0774691
0.0820417
0.0866391
0.0912366
0.095808
0.100326
0.104763
0.10909
0.113278
0.117298
0.121122
0.124721
0.128069
0.13114
0.133911
0.136359
0.138465
0.140213
0.141587
0.142577
0.143174
0.143374
0.143174
0.142577
0.141587
0.140213
0.138465
0.136359
0.133911
0.13114
0.128069
0.124721
0.121122
0.117298
0.113278
0.10909
0.104763
0.100326
0.095808
0.0912366
0.0866391
0.0820417
0.0774691
0.0729444
0.0684891
0.0641227
0.0598627
0.0557245
0.0517215
0.0478649
0.0441637
0.0406249
0.0372534
0.0340522
0.0310222
0.0281628
0.0254716
0.0229447
0.0205767
0.018361
0.0162898
0.0143543
0.0125447
0.0108506
0.00926051
0.00776277
0.00634502
0.0049945
0.00369815
0.00244265
0.00121448
0
0
0.00116304
0.0023392
0.00354153
0.00478297
0.00607629
0.007434
0.00886831
0.010391
0.0120134
0.0137464
0.0155999
0.0175834
0.0197052
0.0219729
0.0243928
0.02697
0.0297083
0.03261
0.0356756
0.0389044
0.0422933
0.0458377
0.049531
0.0533644
0.0573274
0.061407
0.0655884
0.069855
0.0741881
0.078567
0.0829697
0.0873725
0.0917504
0.0960773
0.100326
0.10447
0.108481
0.11233
0.115992
0.119439
0.122645
0.125586
0.128239
0.130584
0.132601
0.134274
0.13559
0.136538
0.13711
0.137301
0.13711
0.136538
0.13559
0.134274
0.132601
0.130584
0.128239
0.125586
0.122645
0.119439
0.115992
0.11233
0.108481
0.10447
0.100326
0.0960773
0.0917504
0.0873725
0.0829697
0.078567
0.0741881
0.069855
0.0655884
0.061407
0.0573274
0.0533644
0.049531
0.0458377
0.0422933
0.0389044
0.0356756
0.03261
0.0297083
0.02697
0.0243928
0.0219729
0.0197052
0.0175834
0.0155999
0.0137464
0.0120134
0.010391
0.00886831
0.007434
0.00607629
0.00478297
0.00354153
0.0023392
0.00116304
0
0
0.00111066
0.00223385
0.00338203
0.00456757
0.00580264
0.00709921
0.00846891
0.00992304
0.0114724
0.0131273
0.0148974
0.0167915
0.0188178
0.0209834
0.0232943
0.0257554
0.0283704
0.0311414
0.034069
0.0371523
0.0403886
0.0437734
0.0473003
0.0509611
0.0547456
0.0586414
0.0626346
0.0667091
0.070847
0.0750287
0.0792331
0.0834376
0.0876183
0.0917504
0.095808
0.0997651
0.103595
0.107272
0.110768
0.11406
0.117122
0.11993
0.122464
0.124703
0.126629
0.128227
0.129484
0.130389
0.130935
0.131118
0.130935
0.130389
0.129484
0.128227
0.126629
0.124703
0.122464
0.11993
0.117122
0.11406
0.110768
0.107272
0.103595
0.0997651
0.095808
0.0917504
0.0876183
0.0834376
0.0792331
0.0750287
0.070847
0.0667091
0.0626346
0.0586414
0.0547456
0.0509611
0.0473003
0.0437734
0.0403886
0.0371523
0.034069
0.0311414
0.0283704
0.0257554
0.0232943
0.0209834
0.0188178
0.0167915
0.0148974
0.0131273
0.0114724
0.00992304
0.00846891
0.00709921
0.00580264
0.00456757
0.00338203
0.00223385
0.00111066
0
0
0.00105767
0.00212726
0.00322066
0.00434962
0.00552577
0.00676047
0.00806482
0.00944956
0.010925
0.0125009
0.0141865
0.0159903
0.0179199
0.0199821
0.0221828
0.0245265
0.0270167
0.0296554
0.0324434
0.0353795
0.0384614
0.0416847
0.0450434
0.0485295
0.0521334
0.0558434
0.059646
0.063526
0.0674665
0.0714487
0.0754525
0.0794564
0.0834376
0.0873725
0.0912366
0.0950048
0.0986521
0.102153
0.105483
0.108618
0.111533
0.114208
0.116621
0.118753
0.120587
0.122109
0.123306
0.124168
0.124688
0.124862
0.124688
0.124168
0.123306
0.122109
0.120587
0.118753
0.116621
0.114208
0.111533
0.108618
0.105483
0.102153
0.0986521
0.0950048
0.0912366
0.0873725
0.0834376
0.0794564
0.0754525
0.0714487
0.0674665
0.063526
0.059646
0.0558434
0.0521334
0.0485295
0.0450434
0.0416847
0.0384614
0.0353795
0.0324434
0.0296554
0.0270167
0.0245265
0.0221828
0.0199821
0.0179199
0.0159903
0.0141865
0.0125009
0.010925
0.00944956
0.00806482
0.00676047
0.00552577
0.00434962
0.00322066
0.00212726
0.00105767
0
0
0.00100437
0.00202007
0.00305837
0.00413044
0.00524732
0.0064198
0.00765843
0.00897339
0.0103745
0.011871
0.0134717
0.0151845
0.0170169
0.0189752
0.021065
0.0232906
0.0256553
0.0281611
0.0308085
0.0335967
0.0365233
0.0395842
0.0427736
0.0460841
0.0495063
0.0530294
0.0566404
0.0603249
0.0640668
0.0678483
0.0716504
0.0754525
0.0792331
0.0829697
0.0866391
0.0902175
0.0936809
0.0970055
0.100168
0.103144
0.105913
0.108453
0.110744
0.112769
0.114511
0.115956
0.117092
0.117911
0.118405
0.11857
0.118405
0.117911
0.117092
0.115956
0.114511
0.112769
0.110744
0.108453
0.105913
0.103144
0.100168
0.0970055
0.0936809
0.0902175
0.0866391
0.0829697
0.0792331
0.0754525
0.0716504
0.0678483
0.0640668
0.0603249
0.0566404
0.0530294
0.0495063
0.0460841
0.0427736
0.0395842
0.0365233
0.0335967
0.0308085
0.0281611
0.0256553
0.0232906
0.021065
0.0189752
0.0170169
0.0151845
0.0134717
0.011871
0.0103745
0.00897339
0.00765843
0.0064198
0.00524732
0.00413044
0.00305837
0.00202007
0.00100437
0
0
0.000951074
0.00191287
0.00289608
0.00391127
0.00496888
0.00607914
0.00725204
0.00849723
0.00982397
0.0112411
0.0127568
0.0143788
0.0161139
0.0179683
0.0199472
0.0220547
0.0242939
0.0266667
0.0291737
0.031814
0.0345853
0.0374837
0.0405039
0.0436387
0.0468793
0.0502154
0.0536348
0.0571238
0.0606672
0.064248
0.0678483
0.0714487
0.0750287
0.078567
0.0820417
0.0854302
0.0887099
0.0918581
0.0948524
0.0976709
0.100293
0.102698
0.104868
0.106785
0.108434
0.109803
0.110879
0.111654
0.112122
0.112278
0.112122
0.111654
0.110879
0.109803
0.108434
0.106785
0.104868
0.102698
0.100293
0.0976709
0.0948524
0.0918581
0.0887099
0.0854302
0.0820417
0.078567
0.0750287
0.0714487
0.0678483
0.064248
0.0606672
0.0571238
0.0536348
0.0502154
0.0468793
0.0436387
0.0405039
0.0374837
0.0345853
0.031814
0.0291737
0.0266667
0.0242939
0.0220547
0.0199472
0.0179683
0.0161139
0.0143788
0.0127568
0.0112411
0.00982397
0.00849723
0.00725204
0.00607914
0.00496888
0.00391127
0.00289608
0.00191287
0.000951074
0
0
0.000898066
0.00180626
0.00273466
0.00369327
0.00469193
0.00574032
0.00684785
0.00802364
0.00927643
0.0106146
0.0120458
0.0135774
0.0152158
0.0169669
0.0188354
0.0208255
0.0229399
0.0251805
0.0275477
0.0300408
0.0326576
0.0353945
0.0382464
0.0412065
0.0442665
0.0474167
0.0506455
0.05394
0.0572859
0.0606672
0.0640668
0.0674665
0.070847
0.0741881
0.0774691
0.0806687
0.0837656
0.0867383
0.0895658
0.0922272
0.0947029
0.096974
0.0990228
0.100833
0.102391
0.103683
0.104699
0.105431
0.105873
0.10602
0.105873
0.105431
0.104699
0.103683
0.102391
0.100833
0.0990228
0.096974
0.0947029
0.0922272
0.0895658
0.0867383
0.0837656
0.0806687
0.0774691
0.0741881
0.070847
0.0674665
0.0640668
0.0606672
0.0572859
0.05394
0.0506455
0.0474167
0.0442665
0.0412065
0.0382464
0.0353945
0.0326576
0.0300408
0.0275477
0.0251805
0.0229399
0.0208255
0.0188354
0.0169669
0.0152158
0.0135774
0.0120458
0.0106146
0.00927643
0.00802364
0.00684785
0.00574032
0.00469193
0.00369327
0.00273466
0.00180626
0.000898066
0
0
0.000845614
0.00170076
0.00257494
0.00347756
0.0044179
0.00540505
0.00644789
0.00755501
0.00873464
0.0099946
0.0113423
0.0127844
0.0143271
0.0159759
0.0177353
0.0196091
0.0216001
0.0237098
0.0259387
0.0282863
0.0307502
0.0333273
0.0360126
0.0387998
0.0416811
0.0446472
0.0476875
0.0507896
0.05394
0.0571238
0.0603249
0.063526
0.0667091
0.069855
0.0729444
0.0759572
0.0788732
0.0816723
0.0843346
0.0868406
0.0891717
0.0913101
0.0932392
0.0949439
0.0964105
0.0976271
0.098584
0.0992732
0.099689
0.0998279
0.099689
0.0992732
0.098584
0.0976271
0.0964105
0.0949439
0.0932392
0.0913101
0.0891717
0.0868406
0.0843346
0.0816723
0.0788732
0.0759572
0.0729444
0.069855
0.0667091
0.063526
0.0603249
0.0571238
0.05394
0.0507896
0.0476875
0.0446472
0.0416811
0.0387998
0.0360126
0.0333273
0.0307502
0.0282863
0.0259387
0.0237098
0.0216001
0.0196091
0.0177353
0.0159759
0.0143271
0.0127844
0.0113423
0.0099946
0.00873464
0.00755501
0.00644789
0.00540505
0.0044179
0.00347756
0.00257494
0.00170076
0.000845614
0
0
0.000793965
0.00159688
0.00241767
0.00326516
0.00414806
0.00507492
0.00605407
0.00709356
0.00820114
0.00938415
0.0106495
0.0120035
0.013452
0.0150001
0.0166521
0.0184115
0.0202808
0.0222616
0.0243545
0.0265586
0.0288721
0.0312917
0.033813
0.03643
0.0391353
0.0419203
0.0447748
0.0476875
0.0506455
0.0536348
0.0566404
0.059646
0.0626346
0.0655884
0.0684891
0.0713179
0.0740558
0.0766839
0.0791836
0.0815366
0.0837253
0.0857331
0.0875444
0.0891449
0.0905219
0.0916643
0.0925627
0.0932098
0.0936002
0.0937307
0.0936002
0.0932098
0.0925627
0.0916643
0.0905219
0.0891449
0.0875444
0.0857331
0.0837253
0.0815366
0.0791836
0.0766839
0.0740558
0.0713179
0.0684891
0.0655884
0.0626346
0.059646
0.0566404
0.0536348
0.0506455
0.0476875
0.0447748
0.0419203
0.0391353
0.03643
0.033813
0.0312917
0.0288721
0.0265586
0.0243545
0.0222616
0.0202808
0.0184115
0.0166521
0.0150001
0.013452
0.0120035
0.0106495
0.00938415
0.00820114
0.00709356
0.00605407
0.00507492
0.00414806
0.00326516
0.00241767
0.00159688
0.000793965
0
0
0.000743347
0.00149508
0.00226354
0.00305699
0.00388361
0.00475138
0.0056681
0.00664132
0.00767829
0.00878588
0.00997055
0.0112383
0.0125944
0.0140438
0.0155905
0.0172377
0.0189878
0.0208424
0.0228018
0.0248654
0.0270314
0.0292968
0.0316573
0.0341074
0.0366403
0.0392477
0.0419203
0.0446472
0.0474167
0.0502154
0.0530294
0.0558434
0.0586414
0.061407
0.0641227
0.0667711
0.0693345
0.0717951
0.0741354
0.0763383
0.0783875
0.0802673
0.0819631
0.0834616
0.0847508
0.0858204
0.0866615
0.0872673
0.0876328
0.087755
0.0876328
0.0872673
0.0866615
0.0858204
0.0847508
0.0834616
0.0819631
0.0802673
0.0783875
0.0763383
0.0741354
0.0717951
0.0693345
0.0667711
0.0641227
0.061407
0.0586414
0.0558434
0.0530294
0.0502154
0.0474167
0.0446472
0.0419203
0.0392477
0.0366403
0.0341074
0.0316573
0.0292968
0.0270314
0.0248654
0.0228018
0.0208424
0.0189878
0.0172377
0.0155905
0.0140438
0.0125944
0.0112383
0.00997055
0.00878588
0.00767829
0.00664132
0.0056681
0.00475138
0.00388361
0.00305699
0.00226354
0.00149508
0.000743347
0
0
0.000693963
0.00139575
0.00211316
0.0028539
0.0036256
0.00443572
0.00529154
0.0062001
0.00716818
0.00820218
0.00930815
0.0104916
0.0117577
0.0131108
0.0145547
0.0160925
0.0177264
0.0194577
0.0212869
0.0232134
0.0252355
0.0273504
0.0295541
0.0318415
0.0342061
0.0366403
0.0391353
0.0416811
0.0442665
0.0468793
0.0495063
0.0521334
0.0547456
0.0573274
0.0598627
0.0623351
0.0647282
0.0670253
0.0692102
0.0712668
0.0731798
0.0749347
0.0765179
0.0779168
0.0791204
0.0801188
0.0809041
0.0814697
0.0818109
0.0819249
0.0818109
0.0814697
0.0809041
0.0801188
0.0791204
0.0779168
0.0765179
0.0749347
0.0731798
0.0712668
0.0692102
0.0670253
0.0647282
0.0623351
0.0598627
0.0573274
0.0547456
0.0521334
0.0495063
0.0468793
0.0442665
0.0416811
0.0391353
0.0366403
0.0342061
0.0318415
0.0295541
0.0273504
0.0252355
0.0232134
0.0212869
0.0194577
0.0177264
0.0160925
0.0145547
0.0131108
0.0117577
0.0104916
0.00930815
0.00820218
0.00716818
0.0062001
0.00529154
0.00443572
0.0036256
0.0028539
0.00211316
0.00139575
0.000693963
0
0
0.000645991
0.00129927
0.00196708
0.00265662
0.00337497
0.00412909
0.00492575
0.00577151
0.00667266
0.00763519
0.0086647
0.00976638
0.0109449
0.0122045
0.0135486
0.01498
0.016501
0.0181126
0.0198154
0.0216087
0.0234911
0.0254598
0.0275111
0.0296403
0.0318415
0.0341074
0.03643
0.0387998
0.0412065
0.0436387
0.0460841
0.0485295
0.0509611
0.0533644
0.0557245
0.0580261
0.0602537
0.062392
0.0644258
0.0663403
0.068121
0.0697546
0.0712284
0.0725306
0.073651
0.0745804
0.0753114
0.0758378
0.0761555
0.0762617
0.0761555
0.0758378
0.0753114
0.0745804
0.073651
0.0725306
0.0712284
0.0697546
0.068121
0.0663403
0.0644258
0.062392
0.0602537
0.0580261
0.0557245
0.0533644
0.0509611
0.0485295
0.0460841
0.0436387
0.0412065
0.0387998
0.03643
0.0341074
0.0318415
0.0296403
0.0275111
0.0254598
0.0234911
0.0216087
0.0198154
0.0181126
0.016501
0.01498
0.0135486
0.0122045
0.0109449
0.00976638
0.0086647
0.00763519
0.00667266
0.00577151
0.00492575
0.00412909
0.00337497
0.00265662
0.00196708
0.00129927
0.000645991
0
0
0.000599586
0.00120593
0.00182577
0.00246578
0.00313253
0.00383247
0.0045719
0.00535691
0.00619333
0.00708671
0.00804227
0.00906481
0.0101587
0.0113278
0.0125753
0.0139039
0.0153156
0.0168115
0.018392
0.0200565
0.0218036
0.0236308
0.0255349
0.0275111
0.0295541
0.0316573
0.033813
0.0360126
0.0382464
0.0405039
0.0427736
0.0450434
0.0473003
0.049531
0.0517215
0.0538577
0.0559253
0.0579101
0.0597978
0.0615747
0.0632276
0.0647438
0.0661116
0.0673203
0.0683602
0.0692229
0.0699014
0.07039
0.0706848
0.0707834
0.0706848
0.07039
0.0699014
0.0692229
0.0683602
0.0673203
0.0661116
0.0647438
0.0632276
0.0615747
0.0597978
0.0579101
0.0559253
0.0538577
0.0517215
0.049531
0.0473003
0.0450434
0.0427736
0.0405039
0.0382464
0.0360126
0.033813
0.0316573
0.0295541
0.0275111
0.0255349
0.0236308
0.0218036
0.0200565
0.018392
0.0168115
0.0153156
0.0139039
0.0125753
0.0113278
0.0101587
0.00906481
0.00804227
0.00708671
0.00619333
0.00535691
0.0045719
0.00383247
0.00313253
0.00246578
0.00182577
0.00120593
0.000599586
0
0
0.000554878
0.00111601
0.00168963
0.00228192
0.00289895
0.0035467
0.004231
0.00495747
0.00573152
0.00655829
0.00744259
0.00838889
0.00940121
0.0104831
0.0116376
0.0128672
0.0141736
0.015558
0.0170206
0.018561
0.0201778
0.0218688
0.0236308
0.0254598
0.0273504
0.0292968
0.0312917
0.0333273
0.0353945
0.0374837
0.0395842
0.0416847
0.0437734
0.0458377
0.0478649
0.0498418
0.0517553
0.053592
0.0553389
0.0569834
0.058513
0.0599162
0.061182
0.0623006
0.0632629
0.0640613
0.0646892
0.0651414
0.0654142
0.0655054
0.0654142
0.0651414
0.0646892
0.0640613
0.0632629
0.0623006
0.061182
0.0599162
0.058513
0.0569834
0.0553389
0.053592
0.0517553
0.0498418
0.0478649
0.0458377
0.0437734
0.0416847
0.0395842
0.0374837
0.0353945
0.0333273
0.0312917
0.0292968
0.0273504
0.0254598
0.0236308
0.0218688
0.0201778
0.018561
0.0170206
0.015558
0.0141736
0.0128672
0.0116376
0.0104831
0.00940121
0.00838889
0.00744259
0.00655829
0.00573152
0.00495747
0.004231
0.0035467
0.00289895
0.00228192
0.00168963
0.00111601
0.000554878
0
0
0.000511971
0.00102972
0.00155898
0.00210547
0.00267479
0.00327245
0.00390383
0.00457413
0.00528833
0.00605117
0.00686709
0.00774021
0.00867425
0.0096725
0.0107377
0.0118722
0.0130776
0.0143549
0.0157044
0.0171257
0.0186175
0.0201778
0.0218036
0.0234911
0.0252355
0.0270314
0.0288721
0.0307502
0.0326576
0.0345853
0.0365233
0.0384614
0.0403886
0.0422933
0.0441637
0.0459878
0.0477533
0.049448
0.0510598
0.0525771
0.0539884
0.0552831
0.0564511
0.0574832
0.0583711
0.0591077
0.059687
0.0601043
0.060356
0.0604402
0.060356
0.0601043
0.059687
0.0591077
0.0583711
0.0574832
0.0564511
0.0552831
0.0539884
0.0525771
0.0510598
0.049448
0.0477533
0.0459878
0.0441637
0.0422933
0.0403886
0.0384614
0.0365233
0.0345853
0.0326576
0.0307502
0.0288721
0.0270314
0.0252355
0.0234911
0.0218036
0.0201778
0.0186175
0.0171257
0.0157044
0.0143549
0.0130776
0.0118722
0.0107377
0.0096725
0.00867425
0.00774021
0.00686709
0.00605117
0.00528833
0.00457413
0.00390383
0.00327245
0.00267479
0.00210547
0.00155898
0.00102972
0.000511971
0
0
0.000470947
0.000947206
0.00143406
0.00193676
0.00246046
0.00301023
0.00359102
0.00420761
0.00486458
0.00556629
0.00631684
0.00712
0.00797919
0.00889745
0.00987733
0.0109209
0.0120297
0.0132047
0.0144461
0.0157535
0.0171257
0.018561
0.0200565
0.0216087
0.0232134
0.0248654
0.0265586
0.0282863
0.0300408
0.031814
0.0335967
0.0353795
0.0371523
0.0389044
0.0406249
0.0423028
0.0439268
0.0454857
0.0469684
0.0483641
0.0496624
0.0508533
0.0519277
0.0528771
0.0536939
0.0543715
0.0549044
0.0552882
0.0555197
0.0555972
0.0555197
0.0552882
0.0549044
0.0543715
0.0536939
0.0528771
0.0519277
0.0508533
0.0496624
0.0483641
0.0469684
0.0454857
0.0439268
0.0423028
0.0406249
0.0389044
0.0371523
0.0353795
0.0335967
0.031814
0.0300408
0.0282863
0.0265586
0.0248654
0.0232134
0.0216087
0.0200565
0.018561
0.0171257
0.0157535
0.0144461
0.0132047
0.0120297
0.0109209
0.00987733
0.00889745
0.00797919
0.00712
0.00631684
0.00556629
0.00486458
0.00420761
0.00359102
0.00301023
0.00246046
0.00193676
0.00143406
0.000947206
0.000470947
0
0
0.000431863
0.000868596
0.00131505
0.00177602
0.00225626
0.00276041
0.003293
0.00385842
0.00446086
0.00510434
0.0057926
0.0065291
0.00731699
0.00815904
0.0090576
0.0100146
0.0110314
0.0121088
0.0132472
0.0144461
0.0157044
0.0170206
0.018392
0.0198154
0.0212869
0.0228018
0.0243545
0.0259387
0.0275477
0.0291737
0.0308085
0.0324434
0.034069
0.0356756
0.0372534
0.0387921
0.0402813
0.0417108
0.0430705
0.0443503
0.0455409
0.046633
0.0476182
0.0484888
0.0492378
0.0498591
0.0503478
0.0506998
0.0509121
0.0509831
0.0509121
0.0506998
0.0503478
0.0498591
0.0492378
0.0484888
0.0476182
0.046633
0.0455409
0.0443503
0.0430705
0.0417108
0.0402813
0.0387921
0.0372534
0.0356756
0.034069
0.0324434
0.0308085
0.0291737
0.0275477
0.0259387
0.0243545
0.0228018
0.0212869
0.0198154
0.018392
0.0170206
0.0157044
0.0144461
0.0132472
0.0121088
0.0110314
0.0100146
0.0090576
0.00815904
0.00731699
0.0065291
0.0057926
0.00510434
0.00446086
0.00385842
0.003293
0.00276041
0.00225626
0.00177602
0.00131505
0.000868596
0.000431863
0
0
0.000394752
0.000793956
0.00120204
0.00162341
0.00206238
0.0025232
0.00301003
0.00352685
0.00407753
0.00466571
0.00529483
0.00596804
0.00668823
0.00745792
0.00827926
0.00915401
0.0100834
0.0110683
0.0121088
0.0132047
0.0143549
0.015558
0.0168115
0.0181126
0.0194577
0.0208424
0.0222616
0.0237098
0.0251805
0.0266667
0.0281611
0.0296554
0.0311414
0.03261
0.0340522
0.0354586
0.0368199
0.0381265
0.0393694
0.0405392
0.0416274
0.0426257
0.0435263
0.044322
0.0450067
0.0455746
0.0460213
0.046343
0.0465371
0.046602
0.0465371
0.046343
0.0460213
0.0455746
0.0450067
0.044322
0.0435263
0.0426257
0.0416274
0.0405392
0.0393694
0.0381265
0.0368199
0.0354586
0.0340522
0.03261
0.0311414
0.0296554
0.0281611
0.0266667
0.0251805
0.0237098
0.0222616
0.0208424
0.0194577
0.0181126
0.0168115
0.015558
0.0143549
0.0132047
0.0121088
0.0110683
0.0100834
0.00915401
0.00827926
0.00745792
0.00668823
0.00596804
0.00529483
0.00466571
0.00407753
0.00352685
0.00301003
0.0025232
0.00206238
0.00162341
0.00120204
0.000793956
0.000394752
0
0
0.000359627
0.00072331
0.00109509
0.00147896
0.00187887
0.00229869
0.00274219
0.00321303
0.00371471
0.00425056
0.00482369
0.005437
0.00609311
0.00679431
0.00754257
0.00833948
0.0091862
0.0100834
0.0110314
0.0120297
0.0130776
0.0141736
0.0153156
0.016501
0.0177264
0.0189878
0.0202808
0.0216001
0.0229399
0.0242939
0.0256553
0.0270167
0.0283704
0.0297083
0.0310222
0.0323035
0.0335436
0.034734
0.0358663
0.036932
0.0379234
0.0388329
0.0396533
0.0403782
0.041002
0.0415194
0.0419263
0.0422194
0.0423962
0.0424554
0.0423962
0.0422194
0.0419263
0.0415194
0.041002
0.0403782
0.0396533
0.0388329
0.0379234
0.036932
0.0358663
0.034734
0.0335436
0.0323035
0.0310222
0.0297083
0.0283704
0.0270167
0.0256553
0.0242939
0.0229399
0.0216001
0.0202808
0.0189878
0.0177264
0.016501
0.0153156
0.0141736
0.0130776
0.0120297
0.0110314
0.0100834
0.0091862
0.00833948
0.00754257
0.00679431
0.00609311
0.005437
0.00482369
0.00425056
0.00371471
0.00321303
0.00274219
0.00229869
0.00187887
0.00147896
0.00109509
0.00072331
0.000359627
0
0
0.000326479
0.000656641
0.000994149
0.00134264
0.00170569
0.00208681
0.00248944
0.00291688
0.00337232
0.00385877
0.00437908
0.00493586
0.00553149
0.00616806
0.00684736
0.00757081
0.00833948
0.00915401
0.0100146
0.0109209
0.0118722
0.0128672
0.0139039
0.01498
0.0160925
0.0172377
0.0184115
0.0196091
0.0208255
0.0220547
0.0232906
0.0245265
0.0257554
0.02697
0.0281628
0.029326
0.0304518
0.0315325
0.0325604
0.0335279
0.0344279
0.0352535
0.0359983
0.0366565
0.0372227
0.0376925
0.0380619
0.038328
0.0384885
0.0385421
0.0384885
0.038328
0.0380619
0.0376925
0.0372227
0.0366565
0.0359983
0.0352535
0.0344279
0.0335279
0.0325604
0.0315325
0.0304518
0.029326
0.0281628
0.02697
0.0257554
0.0245265
0.0232906
0.0220547
0.0208255
0.0196091
0.0184115
0.0172377
0.0160925
0.01498
0.0139039
0.0128672
0.0118722
0.0109209
0.0100146
0.00915401
0.00833948
0.00757081
0.00684736
0.00616806
0.00553149
0.00493586
0.00437908
0.00385877
0.00337232
0.00291688
0.00248944
0.00208681
0.00170569
0.00134264
0.000994149
0.000656641
0.000326479
0
0
0.000295282
0.000593893
0.00089915
0.00121434
0.00154269
0.0018874
0.00225155
0.00263815
0.00305006
0.00349003
0.00396062
0.0044642
0.00500291
0.00557865
0.00619303
0.00684736
0.00754257
0.00827926
0.0090576
0.00987733
0.0107377
0.0116376
0.0125753
0.0135486
0.0145547
0.0155905
0.0166521
0.0177353
0.0188354
0.0199472
0.021065
0.0221828
0.0232943
0.0243928
0.0254716
0.0265236
0.0275419
0.0285193
0.029449
0.0303241
0.0311381
0.0318848
0.0325584
0.0331536
0.0336658
0.0340906
0.0344247
0.0346654
0.0348106
0.0348591
0.0348106
0.0346654
0.0344247
0.0340906
0.0336658
0.0331536
0.0325584
0.0318848
0.0311381
0.0303241
0.029449
0.0285193
0.0275419
0.0265236
0.0254716
0.0243928
0.0232943
0.0221828
0.021065
0.0199472
0.0188354
0.0177353
0.0166521
0.0155905
0.0145547
0.0135486
0.0125753
0.0116376
0.0107377
0.00987733
0.0090576
0.00827926
0.00754257
0.00684736
0.00619303
0.00557865
0.00500291
0.0044642
0.00396062
0.00349003
0.00305006
0.00263815
0.00225155
0.0018874
0.00154269
0.00121434
0.00089915
0.000593893
0.000295282
0
0
0.000265988
0.000534976
0.000809949
0.00109387
0.00138965
0.00170016
0.00202819
0.00237643
0.00274748
0.0031438
0.00356771
0.00402133
0.0045066
0.00502522
0.00557865
0.00616806
0.00679431
0.00745792
0.00815904
0.00889745
0.0096725
0.0104831
0.0113278
0.0122045
0.0131108
0.0140438
0.0150001
0.0159759
0.0169669
0.0179683
0.0189752
0.0199821
0.0209834
0.0219729
0.0229447
0.0238924
0.0248096
0.02569
0.0265275
0.0273157
0.028049
0.0287216
0.0293284
0.0298646
0.0303259
0.0307086
0.0310096
0.0312264
0.0313572
0.0314009
0.0313572
0.0312264
0.0310096
0.0307086
0.0303259
0.0298646
0.0293284
0.0287216
0.028049
0.0273157
0.0265275
0.02569
0.0248096
0.0238924
0.0229447
0.0219729
0.0209834
0.0199821
0.0189752
0.0179683
0.0169669
0.0159759
0.0150001
0.0140438
0.0131108
0.0122045
0.0113278
0.0104831
0.0096725
0.00889745
0.00815904
0.00745792
0.00679431
0.00616806
0.00557865
0.00502522
0.0045066
0.00402133
0.00356771
0.0031438
0.00274748
0.00237643
0.00202819
0.00170016
0.00138965
0.00109387
0.000809949
0.000534976
0.000265988
0
0
0.000238537
0.000479764
0.000726359
0.000980976
0.00124623
0.0015247
0.00181887
0.00213117
0.00246393
0.00281935
0.00319951
0.00360631
0.0040415
0.0045066
0.00500291
0.00553149
0.00609311
0.00668823
0.00731699
0.00797919
0.00867425
0.00940121
0.0101587
0.0109449
0.0117577
0.0125944
0.013452
0.0143271
0.0152158
0.0161139
0.0170169
0.0179199
0.0188178
0.0197052
0.0205767
0.0214266
0.0222491
0.0230387
0.0237897
0.0244966
0.0251542
0.0257574
0.0263016
0.0267825
0.0271962
0.0275394
0.0278093
0.0280037
0.028121
0.0281602
0.028121
0.0280037
0.0278093
0.0275394
0.0271962
0.0267825
0.0263016
0.0257574
0.0251542
0.0244966
0.0237897
0.0230387
0.0222491
0.0214266
0.0205767
0.0197052
0.0188178
0.0179199
0.0170169
0.0161139
0.0152158
0.0143271
0.013452
0.0125944
0.0117577
0.0109449
0.0101587
0.00940121
0.00867425
0.00797919
0.00731699
0.00668823
0.00609311
0.00553149
0.00500291
0.0045066
0.0040415
0.00360631
0.00319951
0.00281935
0.00246393
0.00213117
0.00181887
0.0015247
0.00124623
0.000980976
0.000726359
0.000479764
0.000238537
0
0
0.000212851
0.000428103
0.000648145
0.000875345
0.00111204
0.00136052
0.00162301
0.00190169
0.00219861
0.00251576
0.00285498
0.00321798
0.00360631
0.00402133
0.0044642
0.00493586
0.005437
0.00596804
0.0065291
0.00712
0.00774021
0.00838889
0.00906481
0.00976638
0.0104916
0.0112383
0.0120035
0.0127844
0.0135774
0.0143788
0.0151845
0.0159903
0.0167915
0.0175834
0.018361
0.0191194
0.0198534
0.0205579
0.0212281
0.0218589
0.0224456
0.0229839
0.0234695
0.0238985
0.0242677
0.024574
0.0248148
0.0249883
0.0250929
0.0251279
0.0250929
0.0249883
0.0248148
0.024574
0.0242677
0.0238985
0.0234695
0.0229839
0.0224456
0.0218589
0.0212281
0.0205579
0.0198534
0.0191194
0.018361
0.0175834
0.0167915
0.0159903
0.0151845
0.0143788
0.0135774
0.0127844
0.0120035
0.0112383
0.0104916
0.00976638
0.00906481
0.00838889
0.00774021
0.00712
0.0065291
0.00596804
0.005437
0.00493586
0.0044642
0.00402133
0.00360631
0.00321798
0.00285498
0.00251576
0.00219861
0.00190169
0.00162301
0.00136052
0.00111204
0.000875345
0.000648145
0.000428103
0.000212851
0
0
0.000188841
0.000379812
0.000575032
0.000776603
0.000986597
0.00120705
0.00143993
0.00168717
0.0019506
0.00223198
0.00253293
0.00285498
0.00319951
0.00356771
0.00396062
0.00437908
0.00482369
0.00529483
0.0057926
0.00631684
0.00686709
0.00744259
0.00804227
0.0086647
0.00930815
0.00997055
0.0106495
0.0113423
0.0120458
0.0127568
0.0134717
0.0141865
0.0148974
0.0155999
0.0162898
0.0169626
0.0176138
0.0182389
0.0188335
0.0193931
0.0199137
0.0203912
0.020822
0.0212027
0.0215302
0.0218019
0.0220156
0.0221695
0.0222624
0.0222934
0.0222624
0.0221695
0.0220156
0.0218019
0.0215302
0.0212027
0.020822
0.0203912
0.0199137
0.0193931
0.0188335
0.0182389
0.0176138
0.0169626
0.0162898
0.0155999
0.0148974
0.0141865
0.0134717
0.0127568
0.0120458
0.0113423
0.0106495
0.00997055
0.00930815
0.0086647
0.00804227
0.00744259
0.00686709
0.00631684
0.0057926
0.00529483
0.00482369
0.00437908
0.00396062
0.00356771
0.00319951
0.00285498
0.00253293
0.00223198
0.0019506
0.00168717
0.00143993
0.00120705
0.000986597
0.000776603
0.000575032
0.000379812
0.000188841
0
0
0.000166404
0.000334684
0.000506708
0.00068433
0.000869373
0.00106363
0.00126884
0.00148671
0.00171884
0.00196678
0.00223198
0.00251576
0.00281935
0.0031438
0.00349003
0.00385877
0.00425056
0.00466571
0.00510434
0.00556629
0.00605117
0.00655829
0.00708671
0.00763519
0.00820218
0.00878588
0.00938415
0.0099946
0.0106146
0.0112411
0.011871
0.0125009
0.0131273
0.0137464
0.0143543
0.0149472
0.015521
0.0160718
0.0165957
0.0170889
0.0175476
0.0179684
0.018348
0.0186835
0.0189721
0.0192115
0.0193998
0.0195354
0.0196172
0.0196446
0.0196172
0.0195354
0.0193998
0.0192115
0.0189721
0.0186835
0.018348
0.0179684
0.0175476
0.0170889
0.0165957
0.0160718
0.015521
0.0149472
0.0143543
0.0137464
0.0131273
0.0125009
0.011871
0.0112411
0.0106146
0.0099946
0.00938415
0.00878588
0.00820218
0.00763519
0.00708671
0.00655829
0.00605117
0.00556629
0.00510434
0.00466571
0.00425056
0.00385877
0.00349003
0.0031438
0.00281935
0.00251576
0.00223198
0.00196678
0.00171884
0.00148671
0.00126884
0.00106363
0.000869373
0.00068433
0.000506708
0.000334684
0.000166404
0
0
0.000145426
0.000292492
0.00044283
0.00059806
0.000759776
0.000929543
0.00110889
0.00129929
0.00150215
0.00171884
0.0019506
0.00219861
0.00246393
0.00274748
0.00305006
0.00337232
0.00371471
0.00407753
0.00446086
0.00486458
0.00528833
0.00573152
0.00619333
0.00667266
0.00716818
0.00767829
0.00820114
0.00873464
0.00927643
0.00982397
0.0103745
0.010925
0.0114724
0.0120134
0.0125447
0.0130629
0.0135644
0.0140457
0.0145036
0.0149346
0.0153355
0.0157032
0.016035
0.0163281
0.0165804
0.0167896
0.0169542
0.0170727
0.0171442
0.0171681
0.0171442
0.0170727
0.0169542
0.0167896
0.0165804
0.0163281
0.016035
0.0157032
0.0153355
0.0149346
0.0145036
0.0140457
0.0135644
0.0130629
0.0125447
0.0120134
0.0114724
0.010925
0.0103745
0.00982397
0.00927643
0.00873464
0.00820114
0.00767829
0.00716818
0.00667266
0.00619333
0.00573152
0.00528833
0.00486458
0.00446086
0.00407753
0.00371471
0.00337232
0.00305006
0.00274748
0.00246393
0.00219861
0.0019506
0.00171884
0.00150215
0.00129929
0.00110889
0.000929543
0.000759776
0.00059806
0.00044283
0.000292492
0.000145426
0
0
0.000125786
0.00025299
0.000383025
0.000517291
0.000657167
0.000804007
0.000959131
0.00112382
0.00129929
0.00148671
0.00168717
0.00190169
0.00213117
0.00237643
0.00263815
0.00291688
0.00321303
0.00352685
0.00385842
0.00420761
0.00457413
0.00495747
0.00535691
0.00577151
0.0062001
0.00664132
0.00709356
0.00755501
0.00802364
0.00849723
0.00897339
0.00944956
0.00992304
0.010391
0.0108506
0.0112987
0.0117325
0.0121488
0.0125449
0.0129176
0.0132644
0.0135825
0.0138694
0.014123
0.0143412
0.0145221
0.0146645
0.014767
0.0148288
0.0148495
0.0148288
0.014767
0.0146645
0.0145221
0.0143412
0.014123
0.0138694
0.0135825
0.0132644
0.0129176
0.0125449
0.0121488
0.0117325
0.0112987
0.0108506
0.010391
0.00992304
0.00944956
0.00897339
0.00849723
0.00802364
0.00755501
0.00709356
0.00664132
0.0062001
0.00577151
0.00535691
0.00495747
0.00457413
0.00420761
0.00385842
0.00352685
0.00321303
0.00291688
0.00263815
0.00237643
0.00213117
0.00190169
0.00168717
0.00148671
0.00129929
0.00112382
0.000959131
0.000804007
0.000657167
0.000517291
0.000383025
0.00025299
0.000125786
0
0
0.000107353
0.000215917
0.000326897
0.000441487
0.000560865
0.000686187
0.000818579
0.000959131
0.00110889
0.00126884
0.00143993
0.00162301
0.00181887
0.00202819
0.00225155
0.00248944
0.00274219
0.00301003
0.003293
0.00359102
0.00390383
0.004231
0.0045719
0.00492575
0.00529154
0.0056681
0.00605407
0.00644789
0.00684785
0.00725204
0.00765843
0.00806482
0.00846891
0.00886831
0.00926051
0.00964299
0.0100132
0.0103685
0.0107065
0.0110247
0.0113206
0.0115921
0.011837
0.0120534
0.0122396
0.0123941
0.0125155
0.012603
0.0126558
0.0126735
0.0126558
0.012603
0.0125155
0.0123941
0.0122396
0.0120534
0.011837
0.0115921
0.0113206
0.0110247
0.0107065
0.0103685
0.0100132
0.00964299
0.00926051
0.00886831
0.00846891
0.00806482
0.00765843
0.00725204
0.00684785
0.00644789
0.00605407
0.0056681
0.00529154
0.00492575
0.0045719
0.004231
0.00390383
0.00359102
0.003293
0.00301003
0.00274219
0.00248944
0.00225155
0.00202819
0.00181887
0.00162301
0.00143993
0.00126884
0.00110889
0.000959131
0.000818579
0.000686187
0.000560865
0.000441487
0.000326897
0.000215917
0.000107353
0
0
8.99905e-05
0.000180996
0.000274026
0.000370083
0.000470154
0.000575208
0.000686187
0.000804007
0.000929543
0.00106363
0.00120705
0.00136052
0.0015247
0.00170016
0.0018874
0.00208681
0.00229869
0.0025232
0.00276041
0.00301023
0.00327245
0.0035467
0.00383247
0.00412909
0.00443572
0.00475138
0.00507492
0.00540505
0.00574032
0.00607914
0.0064198
0.00676047
0.00709921
0.007434
0.00776277
0.00808339
0.00839372
0.0086916
0.00897492
0.00924161
0.00948969
0.00971726
0.00992256
0.010104
0.01026
0.0103895
0.0104913
0.0105647
0.0106089
0.0106237
0.0106089
0.0105647
0.0104913
0.0103895
0.01026
0.010104
0.00992256
0.00971726
0.00948969
0.00924161
0.00897492
0.0086916
0.00839372
0.00808339
0.00776277
0.007434
0.00709921
0.00676047
0.0064198
0.00607914
0.00574032
0.00540505
0.00507492
0.00475138
0.00443572
0.00412909
0.00383247
0.0035467
0.00327245
0.00301023
0.00276041
0.0025232
0.00229869
0.00208681
0.0018874
0.00170016
0.0015247
0.00136052
0.00120705
0.00106363
0.000929543
0.000804007
0.000686187
0.000575208
0.000470154
0.000370083
0.000274026
0.000180996
8.99905e-05
0
0
7.35551e-05
0.00014794
0.00022398
0.000302493
0.000384288
0.000470154
0.000560865
0.000657167
0.000759776
0.000869373
0.000986597
0.00111204
0.00124623
0.00138965
0.00154269
0.00170569
0.00187887
0.00206238
0.00225626
0.00246046
0.00267479
0.00289895
0.00313253
0.00337497
0.0036256
0.00388361
0.00414806
0.0044179
0.00469193
0.00496888
0.00524732
0.00552577
0.00580264
0.00607629
0.00634502
0.00660708
0.00686073
0.00710421
0.00733578
0.00755377
0.00775654
0.00794254
0.00811035
0.00825862
0.00838619
0.00849203
0.00857526
0.0086352
0.00867137
0.00868346
0.00867137
0.0086352
0.00857526
0.00849203
0.00838619
0.00825862
0.00811035
0.00794254
0.00775654
0.00755377
0.00733578
0.00710421
0.00686073
0.00660708
0.00634502
0.00607629
0.00580264
0.00552577
0.00524732
0.00496888
0.00469193
0.0044179
0.00414806
0.00388361
0.0036256
0.00337497
0.00313253
0.00289895
0.00267479
0.00246046
0.00225626
0.00206238
0.00187887
0.00170569
0.00154269
0.00138965
0.00124623
0.00111204
0.000986597
0.000869373
0.000759776
0.000657167
0.000560865
0.000470154
0.000384288
0.000302493
0.00022398
0.00014794
7.35551e-05
0
0
5.78991e-05
0.000116451
0.000176306
0.000238108
0.000302493
0.000370083
0.000441487
0.000517291
0.00059806
0.00068433
0.000776603
0.000875345
0.000980976
0.00109387
0.00121434
0.00134264
0.00147896
0.00162341
0.00177602
0.00193676
0.00210547
0.00228192
0.00246578
0.00265662
0.0028539
0.00305699
0.00326516
0.00347756
0.00369327
0.00391127
0.00413044
0.00434962
0.00456757
0.00478297
0.0049945
0.00520078
0.00540044
0.0055921
0.00577438
0.00594597
0.00610558
0.006252
0.00638408
0.0065008
0.00660122
0.00668452
0.00675004
0.00679723
0.0068257
0.00683521
0.0068257
0.00679723
0.00675004
0.00668452
0.00660122
0.0065008
0.00638408
0.006252
0.00610558
0.00594597
0.00577438
0.0055921
0.00540044
0.00520078
0.0049945
0.00478297
0.00456757
0.00434962
0.00413044
0.00391127
0.00369327
0.00347756
0.00326516
0.00305699
0.0028539
0.00265662
0.00246578
0.00228192
0.00210547
0.00193676
0.00177602
0.00162341
0.00147896
0.00134264
0.00121434
0.00109387
0.000980976
0.000875345
0.000776603
0.00068433
0.00059806
0.000517291
0.000441487
0.000370083
0.000302493
0.000238108
0.000176306
0.000116451
5.78991e-05
0
0
4.28711e-05
8.62257e-05
0.000130545
0.000176306
0.00022398
0.000274026
0.000326897
0.000383025
0.00044283
0.000506708
0.000575032
0.000648145
0.000726359
0.000809949
0.00089915
0.000994149
0.00109509
0.00120204
0.00131505
0.00143406
0.00155898
0.00168963
0.00182577
0.00196708
0.00211316
0.00226354
0.00241767
0.00257494
0.00273466
0.00289608
0.00305837
0.00322066
0.00338203
0.00354153
0.00369815
0.00385089
0.00399873
0.00414064
0.00427561
0.00440267
0.00452085
0.00462926
0.00472706
0.00481349
0.00488784
0.00494952
0.00499803
0.00503297
0.00505405
0.0050611
0.00505405
0.00503297
0.00499803
0.00494952
0.00488784
0.00481349
0.00472706
0.00462926
0.00452085
0.00440267
0.00427561
0.00414064
0.00399873
0.00385089
0.00369815
0.00354153
0.00338203
0.00322066
0.00305837
0.00289608
0.00273466
0.00257494
0.00241767
0.00226354
0.00211316
0.00196708
0.00182577
0.00168963
0.00155898
0.00143406
0.00131505
0.00120204
0.00109509
0.000994149
0.00089915
0.000809949
0.000726359
0.000648145
0.000575032
0.000506708
0.00044283
0.000383025
0.000326897
0.000274026
0.00022398
0.000176306
0.000130545
8.62257e-05
4.28711e-05
0
0
2.83166e-05
5.69525e-05
8.62257e-05
0.000116451
0.00014794
0.000180996
0.000215917
0.00025299
0.000292492
0.000334684
0.000379812
0.000428103
0.000479764
0.000534976
0.000593893
0.000656641
0.00072331
0.000793956
0.000868596
0.000947206
0.00102972
0.00111601
0.00120593
0.00129927
0.00139575
0.00149508
0.00159688
0.00170076
0.00180626
0.00191287
0.00202007
0.00212726
0.00223385
0.0023392
0.00244265
0.00254354
0.00264118
0.00273491
0.00282406
0.00290798
0.00298604
0.00305765
0.00312225
0.00317933
0.00322844
0.00326919
0.00330123
0.0033243
0.00333823
0.00334288
0.00333823
0.0033243
0.00330123
0.00326919
0.00322844
0.00317933
0.00312225
0.00305765
0.00298604
0.00290798
0.00282406
0.00273491
0.00264118
0.00254354
0.00244265
0.0023392
0.00223385
0.00212726
0.00202007
0.00191287
0.00180626
0.00170076
0.00159688
0.00149508
0.00139575
0.00129927
0.00120593
0.00111601
0.00102972
0.000947206
0.000868596
0.000793956
0.00072331
0.000656641
0.000593893
0.000534976
0.000479764
0.000428103
0.000379812
0.000334684
0.000292492
0.00025299
0.000215917
0.000180996
0.00014794
0.000116451
8.62257e-05
5.69525e-05
2.83166e-05
0
0
1.40789e-05
2.83166e-05
4.28711e-05
5.78991e-05
7.35551e-05
8.99905e-05
0.000107353
0.000125786
0.000145426
0.000166404
0.000188841
0.000212851
0.000238537
0.000265988
0.000295282
0.000326479
0.000359627
0.000394752
0.000431863
0.000470947
0.000511971
0.000554878
0.000599586
0.000645991
0.000693963
0.000743347
0.000793965
0.000845614
0.000898066
0.000951074
0.00100437
0.00105767
0.00111066
0.00116304
0.00121448
0.00126464
0.00131319
0.00135979
0.00140412
0.00144584
0.00148465
0.00152025
0.00155237
0.00158075
0.00160517
0.00162543
0.00164136
0.00165283
0.00165976
0.00166207
0.00165976
0.00165283
0.00164136
0.00162543
0.00160517
0.00158075
0.00155237
0.00152025
0.00148465
0.00144584
0.00140412
0.00135979
0.00131319
0.00126464
0.00121448
0.00116304
0.00111066
0.00105767
0.00100437
0.000951074
0.000898066
0.000845614
0.000793965
0.000743347
0.000693963
0.000645991
0.000599586
0.000554878
0.000511971
0.000470947
0.000431863
0.000394752
0.000359627
0.000326479
0.000295282
0.000265988
0.000238537
0.000212851
0.000188841
0.000166404
0.000145426
0.000125786
0.000107353
8.99905e-05
7.35551e-05
5.78991e-05
4.28711e-05
2.83166e-05
1.40789e-05
0
0
0
0
0
0
0
0
0
0
0
0
0
0
0
0
0
0
0
0
0
0
0
0
0
0
0
0
0
0
0
0
0
0
0
0
0
0
0
0
0
0
0
0
0
0
0
0
0
0
0
0
0
0
0
0
0
0
0
0
0
0
0
0
0
0
0
0
0
0
0
0
0
0
0
0
0
0
0
0
0
0
0
0
0
0
0
0
0
0
0
0
0
0
0
0
0
0
0
0
0
0
