# vtk DataFile Version 3.0
Heat2D data at time 0.02
ASCII
DATASET STRUCTURED_POINTS
DIMENSIONS 101 101 1
ORIGIN 0 0 0
SPACING 0.01 0.01 1
POINT_DATA 10201
SCALARS temperature double
LOOKUP_TABLE default
0
0
0
0
0
0
0
0
0
0
0
0
0
0
0
0
0
0
0
0
0
0
0
0
0
0
0
0
0
0
0
0
0
0
0
0
0
0
0
0
0
0
0
0
0
0
0
0
0
0
0
0
0
0
0
0
0
0
0
0
0
0
0
0
0
0
0
0
0
0
0
0
0
0
0
0
0
0
0
0
0
0
0
0
0
0
0
0
0
0
0
0
0
0
0
0
0
0
0
0
0
0
4.97056e-18
1.32961e-17
3.04012e-17
6.69885e-17
1.45067e-16
3.09761e-16
6.52352e-16
1.35453e-15
2.77169e-15
5.58651e-15
1.10857e-14
2.16468e-14
4.15741e-14
7.84945e-14
1.45626e-13
2.6535e-13
4.74669e-13
8.33248e-13
1.43482e-12
2.42275e-12
4.01015e-12
6.50477e-12
1.03375e-11
1.60923e-11
2.45344e-11
3.663e-11
5.35518e-11
7.66622e-11
1.07467e-10
1.47536e-10
1.98385e-10
2.61337e-10
3.37357e-10
4.26888e-10
5.29718e-10
6.44882e-10
7.70635e-10
9.04501e-10
1.04339e-09
1.18381e-09
1.32208e-09
1.45456e-09
1.57794e-09
1.68934e-09
1.78645e-09
1.86756e-09
1.9315e-09
1.97753e-09
2.00527e-09
2.01454e-09
2.00527e-09
1.97753e-09
1.9315e-09
1.86756e-09
1.78645e-09
1.68934e-09
1.57794e-09
1.45456e-09
1.32208e-09
1.18381e-09
1.04339e-09
9.04501e-10
7.70635e-10
6.44882e-10
5.29718e-10
4.26888e-10
3.37357e-10
2.61337e-10
1.98385e-10
1.47536e-10
1.07467e-10
7.66622e-11
5.35518e-11
3.663e-11
2.45344e-11
1.60923e-11
1.03375e-11
6.50477e-12
4.01015e-12
2.42275e-12
1.43482e-12
8.33248e-13
4.74669e-13
2.6535e-13
1.45626e-13
7.84945e-14
4.15741e-14
2.16468e-14
1.10857e-14
5.58651e-15
2.77169e-15
1.35453e-15
6.52352e-16
3.09761e-16
1.45067e-16
6.69885e-17
3.04012e-17
1.32961e-17
4.97056e-18
0
0
1.32961e-17
3.55669e-17
8.13225e-17
1.79193e-16
3.88051e-16
8.28603e-16
1.74503e-15
3.62333e-15
7.41421e-15
1.49438e-14
2.96539e-14
5.79047e-14
1.1121e-13
2.09971e-13
3.89545e-13
7.09805e-13
1.26973e-12
2.22892e-12
3.83812e-12
6.48079e-12
1.07271e-11
1.74001e-11
2.76525e-11
4.30466e-11
6.56291e-11
9.79845e-11
1.4325e-10
2.0507e-10
2.87472e-10
3.94654e-10
5.30676e-10
6.99072e-10
9.02422e-10
1.14192e-09
1.41698e-09
1.72504e-09
2.06143e-09
2.41952e-09
2.79106e-09
3.16667e-09
3.53653e-09
3.89093e-09
4.22096e-09
4.51895e-09
4.77872e-09
4.99569e-09
5.16671e-09
5.28986e-09
5.36406e-09
5.38885e-09
5.36406e-09
5.28986e-09
5.16671e-09
4.99569e-09
4.77872e-09
4.51895e-09
4.22096e-09
3.89093e-09
3.53653e-09
3.16667e-09
2.79106e-09
2.41952e-09
2.06143e-09
1.72504e-09
1.41698e-09
1.14192e-09
9.02422e-10
6.99072e-10
5.30676e-10
3.94654e-10
2.87472e-10
2.0507e-10
1.4325e-10
9.79845e-11
6.56291e-11
4.30466e-11
2.76525e-11
1.74001e-11
1.07271e-11
6.48079e-12
3.83812e-12
2.22892e-12
1.26973e-12
7.09805e-13
3.89545e-13
2.09971e-13
1.1121e-13
5.79047e-14
2.96539e-14
1.49438e-14
7.41421e-15
3.62333e-15
1.74503e-15
8.28603e-16
3.88051e-16
1.79193e-16
8.13225e-17
3.55669e-17
1.32961e-17
0
0
3.04012e-17
8.13225e-17
1.85941e-16
4.09718e-16
8.87265e-16
1.89457e-15
3.98995e-15
8.28463e-15
1.69523e-14
3.41685e-14
6.78027e-14
1.32397e-13
2.54277e-13
4.80092e-13
8.90682e-13
1.62294e-12
2.9032e-12
5.09635e-12
8.77574e-12
1.48181e-11
2.45271e-11
3.97848e-11
6.32265e-11
9.84246e-11
1.50059e-10
2.24038e-10
3.27536e-10
4.68885e-10
6.57295e-10
9.02364e-10
1.21337e-09
1.5984e-09
2.06336e-09
2.61095e-09
3.23988e-09
3.94426e-09
4.7134e-09
5.53215e-09
6.38165e-09
7.24049e-09
8.08615e-09
8.89647e-09
9.65109e-09
1.03324e-08
1.09264e-08
1.14225e-08
1.18135e-08
1.20951e-08
1.22648e-08
1.23214e-08
1.22648e-08
1.20951e-08
1.18135e-08
1.14225e-08
1.09264e-08
1.03324e-08
9.65109e-09
8.89647e-09
8.08615e-09
7.24049e-09
6.38165e-09
5.53215e-09
4.7134e-09
3.94426e-09
3.23988e-09
2.61095e-09
2.06336e-09
1.5984e-09
1.21337e-09
9.02364e-10
6.57295e-10
4.68885e-10
3.27536e-10
2.24038e-10
1.50059e-10
9.84246e-11
6.32265e-11
3.97848e-11
2.45271e-11
1.48181e-11
8.77574e-12
5.09635e-12
2.9032e-12
1.62294e-12
8.90682e-13
4.80092e-13
2.54277e-13
1.32397e-13
6.78027e-14
3.41685e-14
1.69523e-14
8.28463e-15
3.98995e-15
1.89457e-15
8.87265e-16
4.09718e-16
1.85941e-16
8.13225e-17
3.04012e-17
0
0
6.69885e-17
1.79193e-16
4.09718e-16
9.02807e-16
1.95507e-15
4.17466e-15
8.79178e-15
1.8255e-14
3.73542e-14
7.52897e-14
1.49402e-13
2.91735e-13
5.60296e-13
1.05787e-12
1.9626e-12
3.57613e-12
6.39714e-12
1.12297e-11
1.93372e-11
3.26515e-11
5.4045e-11
8.76651e-11
1.39319e-10
2.16877e-10
3.30652e-10
4.93664e-10
7.2172e-10
1.03318e-09
1.44834e-09
1.98834e-09
2.67365e-09
3.52206e-09
4.54657e-09
5.75319e-09
7.13903e-09
8.6911e-09
1.03859e-08
1.219e-08
1.40619e-08
1.59543e-08
1.78177e-08
1.96032e-08
2.1266e-08
2.27673e-08
2.40761e-08
2.51692e-08
2.60309e-08
2.66513e-08
2.70252e-08
2.715e-08
2.70252e-08
2.66513e-08
2.60309e-08
2.51692e-08
2.40761e-08
2.27673e-08
2.1266e-08
1.96032e-08
1.78177e-08
1.59543e-08
1.40619e-08
1.219e-08
1.03859e-08
8.6911e-09
7.13903e-09
5.75319e-09
4.54657e-09
3.52206e-09
2.67365e-09
1.98834e-09
1.44834e-09
1.03318e-09
7.2172e-10
4.93664e-10
3.30652e-10
2.16877e-10
1.39319e-10
8.76651e-11
5.4045e-11
3.26515e-11
1.93372e-11
1.12297e-11
6.39714e-12
3.57613e-12
1.9626e-12
1.05787e-12
5.60296e-13
2.91735e-13
1.49402e-13
7.52897e-14
3.73542e-14
1.8255e-14
8.79178e-15
4.17466e-15
1.95507e-15
9.02807e-16
4.09718e-16
1.79193e-16
6.69885e-17
0
0
1.45067e-16
3.88051e-16
8.87265e-16
1.95507e-15
4.23381e-15
9.04043e-15
1.9039e-14
3.95322e-14
8.08924e-14
1.63044e-13
3.23538e-13
6.31766e-13
1.21335e-12
2.29088e-12
4.25011e-12
7.74429e-12
1.38533e-11
2.43185e-11
4.18757e-11
7.07084e-11
1.17037e-10
1.89843e-10
3.01701e-10
4.69658e-10
7.16043e-10
1.06905e-09
1.56292e-09
2.2374e-09
3.13645e-09
4.30586e-09
5.78991e-09
7.62719e-09
9.84583e-09
1.24588e-08
1.54599e-08
1.8821e-08
2.24912e-08
2.63981e-08
3.04517e-08
3.45499e-08
3.85851e-08
4.24518e-08
4.60526e-08
4.93038e-08
5.2138e-08
5.45052e-08
5.63712e-08
5.77147e-08
5.85244e-08
5.87947e-08
5.85244e-08
5.77147e-08
5.63712e-08
5.45052e-08
5.2138e-08
4.93038e-08
4.60526e-08
4.24518e-08
3.85851e-08
3.45499e-08
3.04517e-08
2.63981e-08
2.24912e-08
1.8821e-08
1.54599e-08
1.24588e-08
9.84583e-09
7.62719e-09
5.78991e-09
4.30586e-09
3.13645e-09
2.2374e-09
1.56292e-09
1.06905e-09
7.16043e-10
4.69658e-10
3.01701e-10
1.89843e-10
1.17037e-10
7.07084e-11
4.18757e-11
2.43185e-11
1.38533e-11
7.74429e-12
4.25011e-12
2.29088e-12
1.21335e-12
6.31766e-13
3.23538e-13
1.63044e-13
8.08924e-14
3.95322e-14
1.9039e-14
9.04043e-15
4.23381e-15
1.95507e-15
8.87265e-16
3.88051e-16
1.45067e-16
0
0
3.09761e-16
8.28603e-16
1.89457e-15
4.17466e-15
9.04043e-15
1.9304e-14
4.0654e-14
8.44129e-14
1.72729e-13
3.48146e-13
6.90848e-13
1.34901e-12
2.59086e-12
4.8917e-12
9.07525e-12
1.65363e-11
2.9581e-11
5.19273e-11
8.94169e-11
1.50983e-10
2.49909e-10
4.05371e-10
6.44222e-10
1.00286e-09
1.52896e-09
2.28275e-09
3.3373e-09
4.77752e-09
6.69725e-09
9.19428e-09
1.23632e-08
1.62863e-08
2.10238e-08
2.66032e-08
3.30115e-08
4.01884e-08
4.80253e-08
5.63676e-08
6.50233e-08
7.37741e-08
8.23906e-08
9.06471e-08
9.83359e-08
1.05278e-07
1.1133e-07
1.16385e-07
1.20369e-07
1.23238e-07
1.24967e-07
1.25544e-07
1.24967e-07
1.23238e-07
1.20369e-07
1.16385e-07
1.1133e-07
1.05278e-07
9.83359e-08
9.06471e-08
8.23906e-08
7.37741e-08
6.50233e-08
5.63676e-08
4.80253e-08
4.01884e-08
3.30115e-08
2.66032e-08
2.10238e-08
1.62863e-08
1.23632e-08
9.19428e-09
6.69725e-09
4.77752e-09
3.3373e-09
2.28275e-09
1.52896e-09
1.00286e-09
6.44222e-10
4.05371e-10
2.49909e-10
1.50983e-10
8.94169e-11
5.19273e-11
2.9581e-11
1.65363e-11
9.07525e-12
4.8917e-12
2.59086e-12
1.34901e-12
6.90848e-13
3.48146e-13
1.72729e-13
8.44129e-14
4.0654e-14
1.9304e-14
9.04043e-15
4.17466e-15
1.89457e-15
8.28603e-16
3.09761e-16
0
0
6.52352e-16
1.74503e-15
3.98995e-15
8.79178e-15
1.9039e-14
4.0654e-14
8.56168e-14
1.77773e-13
3.63765e-13
7.33191e-13
1.45492e-12
2.84099e-12
5.45632e-12
1.03019e-11
1.91124e-11
3.48253e-11
6.22971e-11
1.09358e-10
1.88311e-10
3.17969e-10
5.26305e-10
8.53707e-10
1.35672e-09
2.11201e-09
3.21998e-09
4.80744e-09
7.02831e-09
1.00614e-08
1.41043e-08
1.9363e-08
2.60367e-08
3.42988e-08
4.42758e-08
5.60261e-08
6.95218e-08
8.46363e-08
1.01141e-07
1.1871e-07
1.36938e-07
1.55367e-07
1.73514e-07
1.90902e-07
2.07094e-07
2.21715e-07
2.3446e-07
2.45105e-07
2.53496e-07
2.59538e-07
2.63179e-07
2.64394e-07
2.63179e-07
2.59538e-07
2.53496e-07
2.45105e-07
2.3446e-07
2.21715e-07
2.07094e-07
1.90902e-07
1.73514e-07
1.55367e-07
1.36938e-07
1.1871e-07
1.01141e-07
8.46363e-08
6.95218e-08
5.60261e-08
4.42758e-08
3.42988e-08
2.60367e-08
1.9363e-08
1.41043e-08
1.00614e-08
7.02831e-09
4.80744e-09
3.21998e-09
2.11201e-09
1.35672e-09
8.53707e-10
5.26305e-10
3.17969e-10
1.88311e-10
1.09358e-10
6.22971e-11
3.48253e-11
1.91124e-11
1.03019e-11
5.45632e-12
2.84099e-12
1.45492e-12
7.33191e-13
3.63765e-13
1.77773e-13
8.56168e-14
4.0654e-14
1.9039e-14
8.79178e-15
3.98995e-15
1.74503e-15
6.52352e-16
0
0
1.35453e-15
3.62333e-15
8.28463e-15
1.8255e-14
3.95322e-14
8.44129e-14
1.77773e-13
3.69123e-13
7.55314e-13
1.52238e-12
3.02096e-12
5.89897e-12
1.13294e-11
2.13906e-11
3.96845e-11
7.23105e-11
1.29352e-10
2.27069e-10
3.91004e-10
6.60223e-10
1.09281e-09
1.77262e-09
2.81707e-09
4.38532e-09
6.68588e-09
9.98205e-09
1.45934e-08
2.08912e-08
2.92859e-08
4.0205e-08
5.4062e-08
7.12171e-08
9.19331e-08
1.16331e-07
1.44353e-07
1.75737e-07
2.10006e-07
2.46486e-07
2.84335e-07
3.22601e-07
3.60279e-07
3.96384e-07
4.30006e-07
4.60363e-07
4.86827e-07
5.0893e-07
5.26352e-07
5.38898e-07
5.46458e-07
5.48982e-07
5.46458e-07
5.38898e-07
5.26352e-07
5.0893e-07
4.86827e-07
4.60363e-07
4.30006e-07
3.96384e-07
3.60279e-07
3.22601e-07
2.84335e-07
2.46486e-07
2.10006e-07
1.75737e-07
1.44353e-07
1.16331e-07
9.19331e-08
7.12171e-08
5.4062e-08
4.0205e-08
2.92859e-08
2.08912e-08
1.45934e-08
9.98205e-09
6.68588e-09
4.38532e-09
2.81707e-09
1.77262e-09
1.09281e-09
6.60223e-10
3.91004e-10
2.27069e-10
1.29352e-10
7.23105e-11
3.96845e-11
2.13906e-11
1.13294e-11
5.89897e-12
3.02096e-12
1.52238e-12
7.55314e-13
3.69123e-13
1.77773e-13
8.44129e-14
3.95322e-14
1.8255e-14
8.28463e-15
3.62333e-15
1.35453e-15
0
0
2.77169e-15
7.41421e-15
1.69523e-14
3.73542e-14
8.08924e-14
1.72729e-13
3.63765e-13
7.55314e-13
1.54555e-12
3.11516e-12
6.1816e-12
1.20707e-11
2.31826e-11
4.37702e-11
8.12039e-11
1.47965e-10
2.64686e-10
4.64637e-10
8.00089e-10
1.35097e-09
2.23615e-09
3.6272e-09
5.7644e-09
8.97342e-09
1.36809e-08
2.04257e-08
2.98616e-08
4.27485e-08
5.99259e-08
8.2269e-08
1.10624e-07
1.45727e-07
1.88117e-07
2.38042e-07
2.95382e-07
3.596e-07
4.29723e-07
5.04369e-07
5.81819e-07
6.6012e-07
7.37218e-07
8.11096e-07
8.79895e-07
9.42013e-07
9.96165e-07
1.04139e-06
1.07704e-06
1.10271e-06
1.11818e-06
1.12335e-06
1.11818e-06
1.10271e-06
1.07704e-06
1.04139e-06
9.96165e-07
9.42013e-07
8.79895e-07
8.11096e-07
7.37218e-07
6.6012e-07
5.81819e-07
5.04369e-07
4.29723e-07
3.596e-07
2.95382e-07
2.38042e-07
1.88117e-07
1.45727e-07
1.10624e-07
8.2269e-08
5.99259e-08
4.27485e-08
2.98616e-08
2.04257e-08
1.36809e-08
8.97342e-09
5.7644e-09
3.6272e-09
2.23615e-09
1.35097e-09
8.00089e-10
4.64637e-10
2.64686e-10
1.47965e-10
8.12039e-11
4.37702e-11
2.31826e-11
1.20707e-11
6.1816e-12
3.11516e-12
1.54555e-12
7.55314e-13
3.63765e-13
1.72729e-13
8.08924e-14
3.73542e-14
1.69523e-14
7.41421e-15
2.77169e-15
0
0
5.58651e-15
1.49438e-14
3.41685e-14
7.52897e-14
1.63044e-13
3.48146e-13
7.33191e-13
1.52238e-12
3.11516e-12
6.27879e-12
1.24594e-11
2.43293e-11
4.67259e-11
8.82215e-11
1.63671e-10
2.98232e-10
5.3349e-10
9.36504e-10
1.61263e-09
2.72297e-09
4.50709e-09
7.31084e-09
1.16185e-08
1.80865e-08
2.75747e-08
4.11692e-08
6.01879e-08
8.61622e-08
1.20784e-07
1.65818e-07
2.22969e-07
2.93722e-07
3.79162e-07
4.79788e-07
5.9536e-07
7.24795e-07
8.66132e-07
1.01659e-06
1.17269e-06
1.33051e-06
1.48591e-06
1.63481e-06
1.77348e-06
1.89868e-06
2.00783e-06
2.09899e-06
2.17085e-06
2.22259e-06
2.25377e-06
2.26418e-06
2.25377e-06
2.22259e-06
2.17085e-06
2.09899e-06
2.00783e-06
1.89868e-06
1.77348e-06
1.63481e-06
1.48591e-06
1.33051e-06
1.17269e-06
1.01659e-06
8.66132e-07
7.24795e-07
5.9536e-07
4.79788e-07
3.79162e-07
2.93722e-07
2.22969e-07
1.65818e-07
1.20784e-07
8.61622e-08
6.01879e-08
4.11692e-08
2.75747e-08
1.80865e-08
1.16185e-08
7.31084e-09
4.50709e-09
2.72297e-09
1.61263e-09
9.36504e-10
5.3349e-10
2.98232e-10
1.63671e-10
8.82215e-11
4.67259e-11
2.43293e-11
1.24594e-11
6.27879e-12
3.11516e-12
1.52238e-12
7.33191e-13
3.48146e-13
1.63044e-13
7.52897e-14
3.41685e-14
1.49438e-14
5.58651e-15
0
0
1.10857e-14
2.96539e-14
6.78027e-14
1.49402e-13
3.23538e-13
6.90848e-13
1.45492e-12
3.02096e-12
6.1816e-12
1.24594e-11
2.4724e-11
4.82781e-11
9.27212e-11
1.75064e-10
3.24784e-10
5.918e-10
1.05864e-09
1.85836e-09
3.20004e-09
5.40337e-09
8.9437e-09
1.45074e-08
2.30553e-08
3.58902e-08
5.47183e-08
8.16946e-08
1.19435e-07
1.70977e-07
2.3968e-07
3.29043e-07
4.42451e-07
5.82852e-07
7.52395e-07
9.52073e-07
1.18141e-06
1.43826e-06
1.71872e-06
2.01728e-06
2.32704e-06
2.64022e-06
2.94858e-06
3.24406e-06
3.51923e-06
3.76768e-06
3.98426e-06
4.16516e-06
4.30775e-06
4.41042e-06
4.47229e-06
4.49295e-06
4.47229e-06
4.41042e-06
4.30775e-06
4.16516e-06
3.98426e-06
3.76768e-06
3.51923e-06
3.24406e-06
2.94858e-06
2.64022e-06
2.32704e-06
2.01728e-06
1.71872e-06
1.43826e-06
1.18141e-06
9.52073e-07
7.52395e-07
5.82852e-07
4.42451e-07
3.29043e-07
2.3968e-07
1.70977e-07
1.19435e-07
8.16946e-08
5.47183e-08
3.58902e-08
2.30553e-08
1.45074e-08
8.9437e-09
5.40337e-09
3.20004e-09
1.85836e-09
1.05864e-09
5.918e-10
3.24784e-10
1.75064e-10
9.27212e-11
4.82781e-11
2.4724e-11
1.24594e-11
6.1816e-12
3.02096e-12
1.45492e-12
6.90848e-13
3.23538e-13
1.49402e-13
6.78027e-14
2.96539e-14
1.10857e-14
0
0
2.16468e-14
5.79047e-14
1.32397e-13
2.91735e-13
6.31766e-13
1.34901e-12
2.84099e-12
5.89897e-12
1.20707e-11
2.43293e-11
4.82781e-11
9.42718e-11
1.81055e-10
3.41844e-10
6.34199e-10
1.1556e-09
2.06719e-09
3.6288e-09
6.24866e-09
1.05511e-08
1.74642e-08
2.83283e-08
4.50197e-08
7.00821e-08
1.06847e-07
1.59524e-07
2.33218e-07
3.33864e-07
4.68019e-07
6.42518e-07
8.63967e-07
1.13812e-06
1.46919e-06
1.8591e-06
2.30692e-06
2.80846e-06
3.35612e-06
3.9391e-06
4.54398e-06
5.15551e-06
5.75765e-06
6.33463e-06
6.87194e-06
7.35708e-06
7.78001e-06
8.13324e-06
8.41167e-06
8.61215e-06
8.73297e-06
8.77332e-06
8.73297e-06
8.61215e-06
8.41167e-06
8.13324e-06
7.78001e-06
7.35708e-06
6.87194e-06
6.33463e-06
5.75765e-06
5.15551e-06
4.54398e-06
3.9391e-06
3.35612e-06
2.80846e-06
2.30692e-06
1.8591e-06
1.46919e-06
1.13812e-06
8.63967e-07
6.42518e-07
4.68019e-07
3.33864e-07
2.33218e-07
1.59524e-07
1.06847e-07
7.00821e-08
4.50197e-08
2.83283e-08
1.74642e-08
1.05511e-08
6.24866e-09
3.6288e-09
2.06719e-09
1.1556e-09
6.34199e-10
3.41844e-10
1.81055e-10
9.42718e-11
4.82781e-11
2.43293e-11
1.20707e-11
5.89897e-12
2.84099e-12
1.34901e-12
6.31766e-13
2.91735e-13
1.32397e-13
5.79047e-14
2.16468e-14
0
0
4.15741e-14
1.1121e-13
2.54277e-13
5.60296e-13
1.21335e-12
2.59086e-12
5.45632e-12
1.13294e-11
2.31826e-11
4.67259e-11
9.27212e-11
1.81055e-10
3.47728e-10
6.56533e-10
1.21802e-09
2.2194e-09
3.97017e-09
6.96934e-09
1.2001e-08
2.0264e-08
3.35412e-08
5.44063e-08
8.64633e-08
1.34597e-07
2.05208e-07
3.06376e-07
4.47911e-07
6.41208e-07
8.98862e-07
1.234e-06
1.65931e-06
2.18584e-06
2.82167e-06
3.57052e-06
4.43059e-06
5.39383e-06
6.44564e-06
7.5653e-06
8.72701e-06
9.90149e-06
1.10579e-05
1.21661e-05
1.3198e-05
1.41298e-05
1.4942e-05
1.56204e-05
1.61552e-05
1.65402e-05
1.67722e-05
1.68497e-05
1.67722e-05
1.65402e-05
1.61552e-05
1.56204e-05
1.4942e-05
1.41298e-05
1.3198e-05
1.21661e-05
1.10579e-05
9.90149e-06
8.72701e-06
7.5653e-06
6.44564e-06
5.39383e-06
4.43059e-06
3.57052e-06
2.82167e-06
2.18584e-06
1.65931e-06
1.234e-06
8.98862e-07
6.41208e-07
4.47911e-07
3.06376e-07
2.05208e-07
1.34597e-07
8.64633e-08
5.44063e-08
3.35412e-08
2.0264e-08
1.2001e-08
6.96934e-09
3.97017e-09
2.2194e-09
1.21802e-09
6.56533e-10
3.47728e-10
1.81055e-10
9.27212e-11
4.67259e-11
2.31826e-11
1.13294e-11
5.45632e-12
2.59086e-12
1.21335e-12
5.60296e-13
2.54277e-13
1.1121e-13
4.15741e-14
0
0
7.84945e-14
2.09971e-13
4.80092e-13
1.05787e-12
2.29088e-12
4.8917e-12
1.03019e-11
2.13906e-11
4.37702e-11
8.82215e-11
1.75064e-10
3.41844e-10
6.56533e-10
1.23958e-09
2.2997e-09
4.19037e-09
7.49593e-09
1.31586e-08
2.26586e-08
3.82597e-08
6.33278e-08
1.02723e-07
1.63248e-07
2.54128e-07
3.87445e-07
5.78457e-07
8.45684e-07
1.21064e-06
1.69711e-06
2.32987e-06
3.13288e-06
4.12701e-06
5.3275e-06
6.74136e-06
8.36524e-06
1.01839e-05
1.21698e-05
1.42838e-05
1.64772e-05
1.86946e-05
2.08781e-05
2.29703e-05
2.49187e-05
2.66779e-05
2.82115e-05
2.94923e-05
3.0502e-05
3.1229e-05
3.16671e-05
3.18134e-05
3.16671e-05
3.1229e-05
3.0502e-05
2.94923e-05
2.82115e-05
2.66779e-05
2.49187e-05
2.29703e-05
2.08781e-05
1.86946e-05
1.64772e-05
1.42838e-05
1.21698e-05
1.01839e-05
8.36524e-06
6.74136e-06
5.3275e-06
4.12701e-06
3.13288e-06
2.32987e-06
1.69711e-06
1.21064e-06
8.45684e-07
5.78457e-07
3.87445e-07
2.54128e-07
1.63248e-07
1.02723e-07
6.33278e-08
3.82597e-08
2.26586e-08
1.31586e-08
7.49593e-09
4.19037e-09
2.2997e-09
1.23958e-09
6.56533e-10
3.41844e-10
1.75064e-10
8.82215e-11
4.37702e-11
2.13906e-11
1.03019e-11
4.8917e-12
2.29088e-12
1.05787e-12
4.80092e-13
2.09971e-13
7.84945e-14
0
0
1.45626e-13
3.89545e-13
8.90682e-13
1.9626e-12
4.25011e-12
9.07525e-12
1.91124e-11
3.96845e-11
8.12039e-11
1.63671e-10
3.24784e-10
6.34199e-10
1.21802e-09
2.2997e-09
4.26648e-09
7.77412e-09
1.39067e-08
2.44122e-08
4.20369e-08
7.09807e-08
1.17488e-07
1.90574e-07
3.02863e-07
4.71467e-07
7.188e-07
1.07317e-06
1.56894e-06
2.24602e-06
3.14853e-06
4.32244e-06
5.81221e-06
7.65657e-06
9.88375e-06
1.25068e-05
1.55195e-05
1.88935e-05
2.25778e-05
2.64997e-05
3.0569e-05
3.46829e-05
3.87337e-05
4.26153e-05
4.623e-05
4.94937e-05
5.23388e-05
5.47151e-05
5.65883e-05
5.7937e-05
5.87498e-05
5.90212e-05
5.87498e-05
5.7937e-05
5.65883e-05
5.47151e-05
5.23388e-05
4.94937e-05
4.623e-05
4.26153e-05
3.87337e-05
3.46829e-05
3.0569e-05
2.64997e-05
2.25778e-05
1.88935e-05
1.55195e-05
1.25068e-05
9.88375e-06
7.65657e-06
5.81221e-06
4.32244e-06
3.14853e-06
2.24602e-06
1.56894e-06
1.07317e-06
7.188e-07
4.71467e-07
3.02863e-07
1.90574e-07
1.17488e-07
7.09807e-08
4.20369e-08
2.44122e-08
1.39067e-08
7.77412e-09
4.26648e-09
2.2997e-09
1.21802e-09
6.34199e-10
3.24784e-10
1.63671e-10
8.12039e-11
3.96845e-11
1.91124e-11
9.07525e-12
4.25011e-12
1.9626e-12
8.90682e-13
3.89545e-13
1.45626e-13
0
0
2.6535e-13
7.09805e-13
1.62294e-12
3.57613e-12
7.74429e-12
1.65363e-11
3.48253e-11
7.23105e-11
1.47965e-10
2.98232e-10
5.918e-10
1.1556e-09
2.2194e-09
4.19037e-09
7.77412e-09
1.41655e-08
2.53399e-08
4.44824e-08
7.65971e-08
1.29337e-07
2.14079e-07
3.47253e-07
5.51859e-07
8.59077e-07
1.30975e-06
1.95547e-06
2.85882e-06
4.09256e-06
5.73705e-06
7.87608e-06
1.05906e-05
1.39513e-05
1.80095e-05
2.27891e-05
2.82786e-05
3.44265e-05
4.11398e-05
4.82861e-05
5.57008e-05
6.3197e-05
7.05781e-05
7.76509e-05
8.42373e-05
9.01843e-05
9.53685e-05
9.96985e-05
0.000103112
0.000105569
0.00010705
0.000107545
0.00010705
0.000105569
0.000103112
9.96985e-05
9.53685e-05
9.01843e-05
8.42373e-05
7.76509e-05
7.05781e-05
6.3197e-05
5.57008e-05
4.82861e-05
4.11398e-05
3.44265e-05
2.82786e-05
2.27891e-05
1.80095e-05
1.39513e-05
1.05906e-05
7.87608e-06
5.73705e-06
4.09256e-06
2.85882e-06
1.95547e-06
1.30975e-06
8.59077e-07
5.51859e-07
3.47253e-07
2.14079e-07
1.29337e-07
7.65971e-08
4.44824e-08
2.53399e-08
1.41655e-08
7.77412e-09
4.19037e-09
2.2194e-09
1.1556e-09
5.918e-10
2.98232e-10
1.47965e-10
7.23105e-11
3.48253e-11
1.65363e-11
7.74429e-12
3.57613e-12
1.62294e-12
7.09805e-13
2.6535e-13
0
0
4.74669e-13
1.26973e-12
2.9032e-12
6.39714e-12
1.38533e-11
2.9581e-11
6.22971e-11
1.29352e-10
2.64686e-10
5.3349e-10
1.05864e-09
2.06719e-09
3.97017e-09
7.49593e-09
1.39067e-08
2.53399e-08
4.53291e-08
7.9572e-08
1.3702e-07
2.31363e-07
3.82954e-07
6.21181e-07
9.87189e-07
1.53676e-06
2.34294e-06
3.49803e-06
5.11399e-06
7.32095e-06
1.02627e-05
1.40891e-05
1.8945e-05
2.49567e-05
3.22163e-05
4.07661e-05
5.0586e-05
6.15837e-05
7.35927e-05
8.63764e-05
9.96401e-05
0.00011305
0.000126253
0.000138905
0.000150688
0.000161326
0.000170599
0.000178345
0.000184451
0.000188847
0.000191496
0.000192381
0.000191496
0.000188847
0.000184451
0.000178345
0.000170599
0.000161326
0.000150688
0.000138905
0.000126253
0.00011305
9.96401e-05
8.63764e-05
7.35927e-05
6.15837e-05
5.0586e-05
4.07661e-05
3.22163e-05
2.49567e-05
1.8945e-05
1.40891e-05
1.02627e-05
7.32095e-06
5.11399e-06
3.49803e-06
2.34294e-06
1.53676e-06
9.87189e-07
6.21181e-07
3.82954e-07
2.31363e-07
1.3702e-07
7.9572e-08
4.53291e-08
2.53399e-08
1.39067e-08
7.49593e-09
3.97017e-09
2.06719e-09
1.05864e-09
5.3349e-10
2.64686e-10
1.29352e-10
6.22971e-11
2.9581e-11
1.38533e-11
6.39714e-12
2.9032e-12
1.26973e-12
4.74669e-13
0
0
8.33248e-13
2.22892e-12
5.09635e-12
1.12297e-11
2.43185e-11
5.19273e-11
1.09358e-10
2.27069e-10
4.64637e-10
9.36504e-10
1.85836e-09
3.6288e-09
6.96934e-09
1.31586e-08
2.44122e-08
4.44824e-08
7.9572e-08
1.39683e-07
2.40529e-07
4.06141e-07
6.72249e-07
1.09044e-06
1.73294e-06
2.69766e-06
4.11287e-06
6.14053e-06
8.97725e-06
1.28514e-05
1.80154e-05
2.47324e-05
3.32566e-05
4.38098e-05
5.65534e-05
7.15621e-05
8.88001e-05
0.000108106
0.000129187
0.000151628
0.000174911
0.000198451
0.000221629
0.000243838
0.000264521
0.000283196
0.000299475
0.000313072
0.00032379
0.000331507
0.000336158
0.000337711
0.000336158
0.000331507
0.00032379
0.000313072
0.000299475
0.000283196
0.000264521
0.000243838
0.000221629
0.000198451
0.000174911
0.000151628
0.000129187
0.000108106
8.88001e-05
7.15621e-05
5.65534e-05
4.38098e-05
3.32566e-05
2.47324e-05
1.80154e-05
1.28514e-05
8.97725e-06
6.14053e-06
4.11287e-06
2.69766e-06
1.73294e-06
1.09044e-06
6.72249e-07
4.06141e-07
2.40529e-07
1.39683e-07
7.9572e-08
4.44824e-08
2.44122e-08
1.31586e-08
6.96934e-09
3.6288e-09
1.85836e-09
9.36504e-10
4.64637e-10
2.27069e-10
1.09358e-10
5.19273e-11
2.43185e-11
1.12297e-11
5.09635e-12
2.22892e-12
8.33248e-13
0
0
1.43482e-12
3.83812e-12
8.77574e-12
1.93372e-11
4.18757e-11
8.94169e-11
1.88311e-10
3.91004e-10
8.00089e-10
1.61263e-09
3.20004e-09
6.24866e-09
1.2001e-08
2.26586e-08
4.20369e-08
7.65971e-08
1.3702e-07
2.40529e-07
4.14183e-07
6.99361e-07
1.15759e-06
1.8777e-06
2.98406e-06
4.64528e-06
7.08222e-06
1.05738e-05
1.54585e-05
2.21297e-05
3.10219e-05
4.25883e-05
5.72668e-05
7.54389e-05
9.73829e-05
0.000123227
0.000152911
0.000186155
0.000222455
0.000261097
0.000301191
0.000341725
0.000381637
0.000419881
0.000455496
0.000487653
0.000515686
0.000539099
0.000557555
0.000570843
0.000578851
0.000581526
0.000578851
0.000570843
0.000557555
0.000539099
0.000515686
0.000487653
0.000455496
0.000419881
0.000381637
0.000341725
0.000301191
0.000261097
0.000222455
0.000186155
0.000152911
0.000123227
9.73829e-05
7.54389e-05
5.72668e-05
4.25883e-05
3.10219e-05
2.21297e-05
1.54585e-05
1.05738e-05
7.08222e-06
4.64528e-06
2.98406e-06
1.8777e-06
1.15759e-06
6.99361e-07
4.14183e-07
2.40529e-07
1.3702e-07
7.65971e-08
4.20369e-08
2.26586e-08
1.2001e-08
6.24866e-09
3.20004e-09
1.61263e-09
8.00089e-10
3.91004e-10
1.88311e-10
8.94169e-11
4.18757e-11
1.93372e-11
8.77574e-12
3.83812e-12
1.43482e-12
0
0
2.42275e-12
6.48079e-12
1.48181e-11
3.26515e-11
7.07084e-11
1.50983e-10
3.17969e-10
6.60223e-10
1.35097e-09
2.72297e-09
5.40337e-09
1.05511e-08
2.0264e-08
3.82597e-08
7.09807e-08
1.29337e-07
2.31363e-07
4.06141e-07
6.99361e-07
1.18089e-06
1.95462e-06
3.17055e-06
5.03868e-06
7.84371e-06
1.19586e-05
1.78542e-05
2.61022e-05
3.73666e-05
5.23815e-05
7.19117e-05
9.66967e-05
0.000127381
0.000164434
0.000208073
0.000258195
0.000314328
0.000375622
0.000440871
0.00050857
0.000577013
0.000644406
0.000708983
0.00076912
0.000823417
0.000870752
0.000910286
0.000941448
0.000963887
0.000977409
0.000981925
0.000977409
0.000963887
0.000941448
0.000910286
0.000870752
0.000823417
0.00076912
0.000708983
0.000644406
0.000577013
0.00050857
0.000440871
0.000375622
0.000314328
0.000258195
0.000208073
0.000164434
0.000127381
9.66967e-05
7.19117e-05
5.23815e-05
3.73666e-05
2.61022e-05
1.78542e-05
1.19586e-05
7.84371e-06
5.03868e-06
3.17055e-06
1.95462e-06
1.18089e-06
6.99361e-07
4.06141e-07
2.31363e-07
1.29337e-07
7.09807e-08
3.82597e-08
2.0264e-08
1.05511e-08
5.40337e-09
2.72297e-09
1.35097e-09
6.60223e-10
3.17969e-10
1.50983e-10
7.07084e-11
3.26515e-11
1.48181e-11
6.48079e-12
2.42275e-12
0
0
4.01015e-12
1.07271e-11
2.45271e-11
5.4045e-11
1.17037e-10
2.49909e-10
5.26305e-10
1.09281e-09
2.23615e-09
4.50709e-09
8.9437e-09
1.74642e-08
3.35412e-08
6.33278e-08
1.17488e-07
2.14079e-07
3.82954e-07
6.72249e-07
1.15759e-06
1.95462e-06
3.23531e-06
5.24792e-06
8.34007e-06
1.2983e-05
1.97939e-05
2.95524e-05
4.32045e-05
6.18496e-05
8.67024e-05
0.000119029
0.000160053
0.000210842
0.000272173
0.000344405
0.000427366
0.000520278
0.000621734
0.000729734
0.00084179
0.000955078
0.00106663
0.00117351
0.00127305
0.00136293
0.00144128
0.00150671
0.00155829
0.00159543
0.00161782
0.00162529
0.00161782
0.00159543
0.00155829
0.00150671
0.00144128
0.00136293
0.00127305
0.00117351
0.00106663
0.000955078
0.00084179
0.000729734
0.000621734
0.000520278
0.000427366
0.000344405
0.000272173
0.000210842
0.000160053
0.000119029
8.67024e-05
6.18496e-05
4.32045e-05
2.95524e-05
1.97939e-05
1.2983e-05
8.34007e-06
5.24792e-06
3.23531e-06
1.95462e-06
1.15759e-06
6.72249e-07
3.82954e-07
2.14079e-07
1.17488e-07
6.33278e-08
3.35412e-08
1.74642e-08
8.9437e-09
4.50709e-09
2.23615e-09
1.09281e-09
5.26305e-10
2.49909e-10
1.17037e-10
5.4045e-11
2.45271e-11
1.07271e-11
4.01015e-12
0
0
6.50477e-12
1.74001e-11
3.97848e-11
8.76651e-11
1.89843e-10
4.05371e-10
8.53707e-10
1.77262e-09
3.6272e-09
7.31084e-09
1.45074e-08
2.83283e-08
5.44063e-08
1.02723e-07
1.90574e-07
3.47253e-07
6.21181e-07
1.09044e-06
1.8777e-06
3.17055e-06
5.24792e-06
8.51253e-06
1.35282e-05
2.10594e-05
3.21072e-05
4.79362e-05
7.00811e-05
0.000100325
0.000140638
0.000193074
0.000259619
0.000342002
0.000441485
0.000558651
0.00069322
0.000843931
0.0010085
0.00118368
0.00136545
0.00154921
0.00173015
0.00190353
0.00206499
0.00221077
0.00233786
0.002444
0.00252767
0.00258792
0.00262422
0.00263635
0.00262422
0.00258792
0.00252767
0.002444
0.00233786
0.00221077
0.00206499
0.00190353
0.00173015
0.00154921
0.00136545
0.00118368
0.0010085
0.000843931
0.00069322
0.000558651
0.000441485
0.000342002
0.000259619
0.000193074
0.000140638
0.000100325
7.00811e-05
4.79362e-05
3.21072e-05
2.10594e-05
1.35282e-05
8.51253e-06
5.24792e-06
3.17055e-06
1.8777e-06
1.09044e-06
6.21181e-07
3.47253e-07
1.90574e-07
1.02723e-07
5.44063e-08
2.83283e-08
1.45074e-08
7.31084e-09
3.6272e-09
1.77262e-09
8.53707e-10
4.05371e-10
1.89843e-10
8.76651e-11
3.97848e-11
1.74001e-11
6.50477e-12
0
0
1.03375e-11
2.76525e-11
6.32265e-11
1.39319e-10
3.01701e-10
6.44222e-10
1.35672e-09
2.81707e-09
5.7644e-09
1.16185e-08
2.30553e-08
4.50197e-08
8.64633e-08
1.63248e-07
3.02863e-07
5.51859e-07
9.87189e-07
1.73294e-06
2.98406e-06
5.03868e-06
8.34007e-06
1.35282e-05
2.14993e-05
3.34679e-05
5.10252e-05
7.61809e-05
0.000111374
0.000159437
0.000223504
0.000306836
0.00041259
0.000543514
0.000701614
0.000887816
0.00110168
0.00134119
0.00160272
0.00188113
0.00216999
0.00246202
0.00274958
0.00302512
0.00328171
0.00351339
0.00371536
0.00388404
0.00401701
0.00411275
0.00417045
0.00418972
0.00417045
0.00411275
0.00401701
0.00388404
0.00371536
0.00351339
0.00328171
0.00302512
0.00274958
0.00246202
0.00216999
0.00188113
0.00160272
0.00134119
0.00110168
0.000887816
0.000701614
0.000543514
0.00041259
0.000306836
0.000223504
0.000159437
0.000111374
7.61809e-05
5.10252e-05
3.34679e-05
2.14993e-05
1.35282e-05
8.34007e-06
5.03868e-06
2.98406e-06
1.73294e-06
9.87189e-07
5.51859e-07
3.02863e-07
1.63248e-07
8.64633e-08
4.50197e-08
2.30553e-08
1.16185e-08
5.7644e-09
2.81707e-09
1.35672e-09
6.44222e-10
3.01701e-10
1.39319e-10
6.32265e-11
2.76525e-11
1.03375e-11
0
0
1.60923e-11
4.30466e-11
9.84246e-11
2.16877e-10
4.69658e-10
1.00286e-09
2.11201e-09
4.38532e-09
8.97342e-09
1.80865e-08
3.58902e-08
7.00821e-08
1.34597e-07
2.54128e-07
4.71467e-07
8.59077e-07
1.53676e-06
2.69766e-06
4.64528e-06
7.84371e-06
1.2983e-05
2.10594e-05
3.34679e-05
5.20994e-05
7.94309e-05
0.000118591
0.000173375
0.000248196
0.000347928
0.000477651
0.000642278
0.000846087
0.0010922
0.00138206
0.00171498
0.00208782
0.00249495
0.00292835
0.00337802
0.00383263
0.00428026
0.00470919
0.00510863
0.00546929
0.00578369
0.00604629
0.00625327
0.00640232
0.00649213
0.00652212
0.00649213
0.00640232
0.00625327
0.00604629
0.00578369
0.00546929
0.00510863
0.00470919
0.00428026
0.00383263
0.00337802
0.00292835
0.00249495
0.00208782
0.00171498
0.00138206
0.0010922
0.000846087
0.000642278
0.000477651
0.000347928
0.000248196
0.000173375
0.000118591
7.94309e-05
5.20994e-05
3.34679e-05
2.10594e-05
1.2983e-05
7.84371e-06
4.64528e-06
2.69766e-06
1.53676e-06
8.59077e-07
4.71467e-07
2.54128e-07
1.34597e-07
7.00821e-08
3.58902e-08
1.80865e-08
8.97342e-09
4.38532e-09
2.11201e-09
1.00286e-09
4.69658e-10
2.16877e-10
9.84246e-11
4.30466e-11
1.60923e-11
0
0
2.45344e-11
6.56291e-11
1.50059e-10
3.30652e-10
7.16043e-10
1.52896e-09
3.21998e-09
6.68588e-09
1.36809e-08
2.75747e-08
5.47183e-08
1.06847e-07
2.05208e-07
3.87445e-07
7.188e-07
1.30975e-06
2.34294e-06
4.11287e-06
7.08222e-06
1.19586e-05
1.97939e-05
3.21072e-05
5.10252e-05
7.94309e-05
0.000121101
0.000180804
0.000264329
0.000378401
0.000530452
0.000728228
0.000979219
0.00128995
0.00166518
0.0021071
0.00261466
0.0031831
0.00380382
0.00446457
0.00515014
0.00584324
0.00652571
0.00717966
0.00778865
0.00833851
0.00881784
0.00921819
0.00953377
0.009761
0.00989793
0.00994366
0.00989793
0.009761
0.00953377
0.00921819
0.00881784
0.00833851
0.00778865
0.00717966
0.00652571
0.00584324
0.00515014
0.00446457
0.00380382
0.0031831
0.00261466
0.0021071
0.00166518
0.00128995
0.000979219
0.000728228
0.000530452
0.000378401
0.000264329
0.000180804
0.000121101
7.94309e-05
5.10252e-05
3.21072e-05
1.97939e-05
1.19586e-05
7.08222e-06
4.11287e-06
2.34294e-06
1.30975e-06
7.188e-07
3.87445e-07
2.05208e-07
1.06847e-07
5.47183e-08
2.75747e-08
1.36809e-08
6.68588e-09
3.21998e-09
1.52896e-09
7.16043e-10
3.30652e-10
1.50059e-10
6.56291e-11
2.45344e-11
0
0
3.663e-11
9.79845e-11
2.24038e-10
4.93664e-10
1.06905e-09
2.28275e-09
4.80744e-09
9.98205e-09
2.04257e-08
4.11692e-08
8.16946e-08
1.59524e-07
3.06376e-07
5.78457e-07
1.07317e-06
1.95547e-06
3.49803e-06
6.14053e-06
1.05738e-05
1.78542e-05
2.95524e-05
4.79362e-05
7.61809e-05
0.000118591
0.000180804
0.000269941
0.000394644
0.000564954
0.000791967
0.00108725
0.00146198
0.0019259
0.00248611
0.0031459
0.0039037
0.00475239
0.00567911
0.00666562
0.00768918
0.00872399
0.0097429
0.0107193
0.0116285
0.0124494
0.0131651
0.0137628
0.014234
0.0145732
0.0147777
0.0148459
0.0147777
0.0145732
0.014234
0.0137628
0.0131651
0.0124494
0.0116285
0.0107193
0.0097429
0.00872399
0.00768918
0.00666562
0.00567911
0.00475239
0.0039037
0.0031459
0.00248611
0.0019259
0.00146198
0.00108725
0.000791967
0.000564954
0.000394644
0.000269941
0.000180804
0.000118591
7.61809e-05
4.79362e-05
2.95524e-05
1.78542e-05
1.05738e-05
6.14053e-06
3.49803e-06
1.95547e-06
1.07317e-06
5.78457e-07
3.06376e-07
1.59524e-07
8.16946e-08
4.11692e-08
2.04257e-08
9.98205e-09
4.80744e-09
2.28275e-09
1.06905e-09
4.93664e-10
2.24038e-10
9.79845e-11
3.663e-11
0
0
5.35518e-11
1.4325e-10
3.27536e-10
7.2172e-10
1.56292e-09
3.3373e-09
7.02831e-09
1.45934e-08
2.98616e-08
6.01879e-08
1.19435e-07
2.33218e-07
4.47911e-07
8.45684e-07
1.56894e-06
2.85882e-06
5.11399e-06
8.97725e-06
1.54585e-05
2.61022e-05
4.32045e-05
7.00811e-05
0.000111374
0.000173375
0.000264329
0.000394644
0.000576956
0.000825943
0.00115783
0.00158952
0.00213736
0.0028156
0.00363461
0.0045992
0.00570707
0.00694782
0.00830267
0.00974491
0.0112413
0.0127542
0.0142438
0.0156712
0.0170004
0.0182006
0.0192469
0.0201207
0.0208095
0.0213055
0.0216044
0.0217042
0.0216044
0.0213055
0.0208095
0.0201207
0.0192469
0.0182006
0.0170004
0.0156712
0.0142438
0.0127542
0.0112413
0.00974491
0.00830267
0.00694782
0.00570707
0.0045992
0.00363461
0.0028156
0.00213736
0.00158952
0.00115783
0.000825943
0.000576956
0.000394644
0.000264329
0.000173375
0.000111374
7.00811e-05
4.32045e-05
2.61022e-05
1.54585e-05
8.97725e-06
5.11399e-06
2.85882e-06
1.56894e-06
8.45684e-07
4.47911e-07
2.33218e-07
1.19435e-07
6.01879e-08
2.98616e-08
1.45934e-08
7.02831e-09
3.3373e-09
1.56292e-09
7.2172e-10
3.27536e-10
1.4325e-10
5.35518e-11
0
0
7.66622e-11
2.0507e-10
4.68885e-10
1.03318e-09
2.2374e-09
4.77752e-09
1.00614e-08
2.08912e-08
4.27485e-08
8.61622e-08
1.70977e-07
3.33864e-07
6.41208e-07
1.21064e-06
2.24602e-06
4.09256e-06
7.32095e-06
1.28514e-05
2.21297e-05
3.73666e-05
6.18496e-05
0.000100325
0.000159437
0.000248196
0.000378401
0.000564954
0.000825943
0.00118238
0.00165749
0.00227548
0.00305974
0.00403067
0.00520314
0.006584
0.00816997
0.00994618
0.0118857
0.0139503
0.0160925
0.0182583
0.0203907
0.0224341
0.024337
0.0260551
0.0275529
0.0288039
0.02979
0.0305
0.0309278
0.0310707
0.0309278
0.0305
0.02979
0.0288039
0.0275529
0.0260551
0.024337
0.0224341
0.0203907
0.0182583
0.0160925
0.0139503
0.0118857
0.00994618
0.00816997
0.006584
0.00520314
0.00403067
0.00305974
0.00227548
0.00165749
0.00118238
0.000825943
0.000564954
0.000378401
0.000248196
0.000159437
0.000100325
6.18496e-05
3.73666e-05
2.21297e-05
1.28514e-05
7.32095e-06
4.09256e-06
2.24602e-06
1.21064e-06
6.41208e-07
3.33864e-07
1.70977e-07
8.61622e-08
4.27485e-08
2.08912e-08
1.00614e-08
4.77752e-09
2.2374e-09
1.03318e-09
4.68885e-10
2.0507e-10
7.66622e-11
0
0
1.07467e-10
2.87472e-10
6.57295e-10
1.44834e-09
3.13645e-09
6.69725e-09
1.41043e-08
2.92859e-08
5.99259e-08
1.20784e-07
2.3968e-07
4.68019e-07
8.98862e-07
1.69711e-06
3.14853e-06
5.73705e-06
1.02627e-05
1.80154e-05
3.10219e-05
5.23815e-05
8.67024e-05
0.000140638
0.000223504
0.000347928
0.000530452
0.000791967
0.00115783
0.00165749
0.00232352
0.00318983
0.00428923
0.00565031
0.0072939
0.00922962
0.0114529
0.0139428
0.0166617
0.019556
0.0225589
0.0255949
0.0285843
0.0314487
0.0341163
0.0365248
0.0386244
0.0403781
0.0417604
0.0427557
0.0433555
0.0435558
0.0433555
0.0427557
0.0417604
0.0403781
0.0386244
0.0365248
0.0341163
0.0314487
0.0285843
0.0255949
0.0225589
0.019556
0.0166617
0.0139428
0.0114529
0.00922962
0.0072939
0.00565031
0.00428923
0.00318983
0.00232352
0.00165749
0.00115783
0.000791967
0.000530452
0.000347928
0.000223504
0.000140638
8.67024e-05
5.23815e-05
3.10219e-05
1.80154e-05
1.02627e-05
5.73705e-06
3.14853e-06
1.69711e-06
8.98862e-07
4.68019e-07
2.3968e-07
1.20784e-07
5.99259e-08
2.92859e-08
1.41043e-08
6.69725e-09
3.13645e-09
1.44834e-09
6.57295e-10
2.87472e-10
1.07467e-10
0
0
1.47536e-10
3.94654e-10
9.02364e-10
1.98834e-09
4.30586e-09
9.19428e-09
1.9363e-08
4.0205e-08
8.2269e-08
1.65818e-07
3.29043e-07
6.42518e-07
1.234e-06
2.32987e-06
4.32244e-06
7.87608e-06
1.40891e-05
2.47324e-05
4.25883e-05
7.19117e-05
0.000119029
0.000193074
0.000306836
0.000477651
0.000728228
0.00108725
0.00158952
0.00227548
0.00318983
0.00437913
0.00588845
0.00775699
0.0100134
0.0126708
0.015723
0.0191413
0.0228739
0.0268473
0.0309699
0.0351378
0.0392417
0.0431742
0.0468363
0.0501428
0.0530253
0.0554328
0.0573305
0.0586969
0.0595203
0.0597953
0.0595203
0.0586969
0.0573305
0.0554328
0.0530253
0.0501428
0.0468363
0.0431742
0.0392417
0.0351378
0.0309699
0.0268473
0.0228739
0.0191413
0.015723
0.0126708
0.0100134
0.00775699
0.00588845
0.00437913
0.00318983
0.00227548
0.00158952
0.00108725
0.000728228
0.000477651
0.000306836
0.000193074
0.000119029
7.19117e-05
4.25883e-05
2.47324e-05
1.40891e-05
7.87608e-06
4.32244e-06
2.32987e-06
1.234e-06
6.42518e-07
3.29043e-07
1.65818e-07
8.2269e-08
4.0205e-08
1.9363e-08
9.19428e-09
4.30586e-09
1.98834e-09
9.02364e-10
3.94654e-10
1.47536e-10
0
0
1.98385e-10
5.30676e-10
1.21337e-09
2.67365e-09
5.78991e-09
1.23632e-08
2.60367e-08
5.4062e-08
1.10624e-07
2.22969e-07
4.42451e-07
8.63967e-07
1.65931e-06
3.13288e-06
5.81221e-06
1.05906e-05
1.8945e-05
3.32566e-05
5.72668e-05
9.66967e-05
0.000160053
0.000259619
0.00041259
0.000642278
0.000979219
0.00146198
0.00213736
0.00305974
0.00428923
0.00588845
0.00791796
0.0104305
0.0134646
0.017038
0.0211421
0.0257385
0.0307576
0.0361005
0.041644
0.0472484
0.0527668
0.0580546
0.0629789
0.0674251
0.071301
0.0745382
0.07709
0.0789273
0.0800346
0.0804043
0.0800346
0.0789273
0.07709
0.0745382
0.071301
0.0674251
0.0629789
0.0580546
0.0527668
0.0472484
0.041644
0.0361005
0.0307576
0.0257385
0.0211421
0.017038
0.0134646
0.0104305
0.00791796
0.00588845
0.00428923
0.00305974
0.00213736
0.00146198
0.000979219
0.000642278
0.00041259
0.000259619
0.000160053
9.66967e-05
5.72668e-05
3.32566e-05
1.8945e-05
1.05906e-05
5.81221e-06
3.13288e-06
1.65931e-06
8.63967e-07
4.42451e-07
2.22969e-07
1.10624e-07
5.4062e-08
2.60367e-08
1.23632e-08
5.78991e-09
2.67365e-09
1.21337e-09
5.30676e-10
1.98385e-10
0
0
2.61337e-10
6.99072e-10
1.5984e-09
3.52206e-09
7.62719e-09
1.62863e-08
3.42988e-08
7.12171e-08
1.45727e-07
2.93722e-07
5.82852e-07
1.13812e-06
2.18584e-06
4.12701e-06
7.65657e-06
1.39513e-05
2.49567e-05
4.38098e-05
7.54389e-05
0.000127381
0.000210842
0.000342002
0.000543514
0.000846087
0.00128995
0.0019259
0.0028156
0.00403067
0.00565031
0.00775699
0.0104305
0.0137404
0.0177372
0.0224445
0.027851
0.033906
0.0405178
0.047556
0.0548586
0.0622414
0.0695109
0.0764767
0.0829636
0.0888206
0.0939265
0.098191
0.101552
0.103973
0.105431
0.105919
0.105431
0.103973
0.101552
0.098191
0.0939265
0.0888206
0.0829636
0.0764767
0.0695109
0.0622414
0.0548586
0.047556
0.0405178
0.033906
0.027851
0.0224445
0.0177372
0.0137404
0.0104305
0.00775699
0.00565031
0.00403067
0.0028156
0.0019259
0.00128995
0.000846087
0.000543514
0.000342002
0.000210842
0.000127381
7.54389e-05
4.38098e-05
2.49567e-05
1.39513e-05
7.65657e-06
4.12701e-06
2.18584e-06
1.13812e-06
5.82852e-07
2.93722e-07
1.45727e-07
7.12171e-08
3.42988e-08
1.62863e-08
7.62719e-09
3.52206e-09
1.5984e-09
6.99072e-10
2.61337e-10
0
0
3.37357e-10
9.02422e-10
2.06336e-09
4.54657e-09
9.84583e-09
2.10238e-08
4.42758e-08
9.19331e-08
1.88117e-07
3.79162e-07
7.52395e-07
1.46919e-06
2.82167e-06
5.3275e-06
9.88375e-06
1.80095e-05
3.22163e-05
5.65534e-05
9.73829e-05
0.000164434
0.000272173
0.000441485
0.000701614
0.0010922
0.00166518
0.00248611
0.00363461
0.00520314
0.0072939
0.0100134
0.0134646
0.0177372
0.0228967
0.0289733
0.0359524
0.0437687
0.0523038
0.0613893
0.0708161
0.0803466
0.0897306
0.0987227
0.107097
0.114657
0.121248
0.126753
0.131093
0.134217
0.1361
0.136729
0.1361
0.134217
0.131093
0.126753
0.121248
0.114657
0.107097
0.0987227
0.0897306
0.0803466
0.0708161
0.0613893
0.0523038
0.0437687
0.0359524
0.0289733
0.0228967
0.0177372
0.0134646
0.0100134
0.0072939
0.00520314
0.00363461
0.00248611
0.00166518
0.0010922
0.000701614
0.000441485
0.000272173
0.000164434
9.73829e-05
5.65534e-05
3.22163e-05
1.80095e-05
9.88375e-06
5.3275e-06
2.82167e-06
1.46919e-06
7.52395e-07
3.79162e-07
1.88117e-07
9.19331e-08
4.42758e-08
2.10238e-08
9.84583e-09
4.54657e-09
2.06336e-09
9.02422e-10
3.37357e-10
0
0
4.26888e-10
1.14192e-09
2.61095e-09
5.75319e-09
1.24588e-08
2.66032e-08
5.60261e-08
1.16331e-07
2.38042e-07
4.79788e-07
9.52073e-07
1.8591e-06
3.57052e-06
6.74136e-06
1.25068e-05
2.27891e-05
4.07661e-05
7.15621e-05
0.000123227
0.000208073
0.000344405
0.000558651
0.000887816
0.00138206
0.0021071
0.0031459
0.0045992
0.006584
0.00922962
0.0126708
0.017038
0.0224445
0.0289733
0.0366625
0.0454939
0.0553845
0.0661846
0.0776814
0.08961
0.10167
0.113544
0.124923
0.135519
0.145086
0.153426
0.160392
0.165883
0.169837
0.172219
0.173015
0.172219
0.169837
0.165883
0.160392
0.153426
0.145086
0.135519
0.124923
0.113544
0.10167
0.08961
0.0776814
0.0661846
0.0553845
0.0454939
0.0366625
0.0289733
0.0224445
0.017038
0.0126708
0.00922962
0.006584
0.0045992
0.0031459
0.0021071
0.00138206
0.000887816
0.000558651
0.000344405
0.000208073
0.000123227
7.15621e-05
4.07661e-05
2.27891e-05
1.25068e-05
6.74136e-06
3.57052e-06
1.8591e-06
9.52073e-07
4.79788e-07
2.38042e-07
1.16331e-07
5.60261e-08
2.66032e-08
1.24588e-08
5.75319e-09
2.61095e-09
1.14192e-09
4.26888e-10
0
0
5.29718e-10
1.41698e-09
3.23988e-09
7.13903e-09
1.54599e-08
3.30115e-08
6.95218e-08
1.44353e-07
2.95382e-07
5.9536e-07
1.18141e-06
2.30692e-06
4.43059e-06
8.36524e-06
1.55195e-05
2.82786e-05
5.0586e-05
8.88001e-05
0.000152911
0.000258195
0.000427366
0.00069322
0.00110168
0.00171498
0.00261466
0.0039037
0.00570707
0.00816997
0.0114529
0.015723
0.0211421
0.027851
0.0359524
0.0454939
0.0564526
0.0687257
0.0821274
0.0963936
0.111196
0.12616
0.140895
0.155014
0.168163
0.180035
0.190384
0.199028
0.205842
0.210748
0.213704
0.214691
0.213704
0.210748
0.205842
0.199028
0.190384
0.180035
0.168163
0.155014
0.140895
0.12616
0.111196
0.0963936
0.0821274
0.0687257
0.0564526
0.0454939
0.0359524
0.027851
0.0211421
0.015723
0.0114529
0.00816997
0.00570707
0.0039037
0.00261466
0.00171498
0.00110168
0.00069322
0.000427366
0.000258195
0.000152911
8.88001e-05
5.0586e-05
2.82786e-05
1.55195e-05
8.36524e-06
4.43059e-06
2.30692e-06
1.18141e-06
5.9536e-07
2.95382e-07
1.44353e-07
6.95218e-08
3.30115e-08
1.54599e-08
7.13903e-09
3.23988e-09
1.41698e-09
5.29718e-10
0
0
6.44882e-10
1.72504e-09
3.94426e-09
8.6911e-09
1.8821e-08
4.01884e-08
8.46363e-08
1.75737e-07
3.596e-07
7.24795e-07
1.43826e-06
2.80846e-06
5.39383e-06
1.01839e-05
1.88935e-05
3.44265e-05
6.15837e-05
0.000108106
0.000186155
0.000314328
0.000520278
0.000843931
0.00134119
0.00208782
0.0031831
0.00475239
0.00694782
0.00994618
0.0139428
0.0191413
0.0257385
0.033906
0.0437687
0.0553845
0.0687257
0.0836672
0.0999824
0.11735
0.13537
0.153588
0.171527
0.188716
0.204723
0.219176
0.231775
0.242298
0.250593
0.256566
0.260165
0.261367
0.260165
0.256566
0.250593
0.242298
0.231775
0.219176
0.204723
0.188716
0.171527
0.153588
0.13537
0.11735
0.0999824
0.0836672
0.0687257
0.0553845
0.0437687
0.033906
0.0257385
0.0191413
0.0139428
0.00994618
0.00694782
0.00475239
0.0031831
0.00208782
0.00134119
0.000843931
0.000520278
0.000314328
0.000186155
0.000108106
6.15837e-05
3.44265e-05
1.88935e-05
1.01839e-05
5.39383e-06
2.80846e-06
1.43826e-06
7.24795e-07
3.596e-07
1.75737e-07
8.46363e-08
4.01884e-08
1.8821e-08
8.6911e-09
3.94426e-09
1.72504e-09
6.44882e-10
0
0
7.70635e-10
2.06143e-09
4.7134e-09
1.03859e-08
2.24912e-08
4.80253e-08
1.01141e-07
2.10006e-07
4.29723e-07
8.66132e-07
1.71872e-06
3.35612e-06
6.44564e-06
1.21698e-05
2.25778e-05
4.11398e-05
7.35927e-05
0.000129187
0.000222455
0.000375622
0.000621734
0.0010085
0.00160272
0.00249495
0.00380382
0.00567911
0.00830267
0.0118857
0.0166617
0.0228739
0.0307576
0.0405178
0.0523038
0.0661846
0.0821274
0.0999824
0.119479
0.140234
0.161768
0.183538
0.204975
0.225516
0.244644
0.261915
0.276972
0.289547
0.299459
0.306597
0.310898
0.312334
0.310898
0.306597
0.299459
0.289547
0.276972
0.261915
0.244644
0.225516
0.204975
0.183538
0.161768
0.140234
0.119479
0.0999824
0.0821274
0.0661846
0.0523038
0.0405178
0.0307576
0.0228739
0.0166617
0.0118857
0.00830267
0.00567911
0.00380382
0.00249495
0.00160272
0.0010085
0.000621734
0.000375622
0.000222455
0.000129187
7.35927e-05
4.11398e-05
2.25778e-05
1.21698e-05
6.44564e-06
3.35612e-06
1.71872e-06
8.66132e-07
4.29723e-07
2.10006e-07
1.01141e-07
4.80253e-08
2.24912e-08
1.03859e-08
4.7134e-09
2.06143e-09
7.70635e-10
0
0
9.04501e-10
2.41952e-09
5.53215e-09
1.219e-08
2.63981e-08
5.63676e-08
1.1871e-07
2.46486e-07
5.04369e-07
1.01659e-06
2.01728e-06
3.9391e-06
7.5653e-06
1.42838e-05
2.64997e-05
4.82861e-05
8.63764e-05
0.000151628
0.000261097
0.000440871
0.000729734
0.00118368
0.00188113
0.00292835
0.00446457
0.00666562
0.00974491
0.0139503
0.019556
0.0268473
0.0361005
0.047556
0.0613893
0.0776814
0.0963936
0.11735
0.140234
0.164593
0.189868
0.21542
0.24058
0.264689
0.287141
0.307412
0.325084
0.339843
0.351478
0.359855
0.364903
0.366589
0.364903
0.359855
0.351478
0.339843
0.325084
0.307412
0.287141
0.264689
0.24058
0.21542
0.189868
0.164593
0.140234
0.11735
0.0963936
0.0776814
0.0613893
0.047556
0.0361005
0.0268473
0.019556
0.0139503
0.00974491
0.00666562
0.00446457
0.00292835
0.00188113
0.00118368
0.000729734
0.000440871
0.000261097
0.000151628
8.63764e-05
4.82861e-05
2.64997e-05
1.42838e-05
7.5653e-06
3.9391e-06
2.01728e-06
1.01659e-06
5.04369e-07
2.46486e-07
1.1871e-07
5.63676e-08
2.63981e-08
1.219e-08
5.53215e-09
2.41952e-09
9.04501e-10
0
0
1.04339e-09
2.79106e-09
6.38165e-09
1.40619e-08
3.04517e-08
6.50233e-08
1.36938e-07
2.84335e-07
5.81819e-07
1.17269e-06
2.32704e-06
4.54398e-06
8.72701e-06
1.64772e-05
3.0569e-05
5.57008e-05
9.96401e-05
0.000174911
0.000301191
0.00050857
0.00084179
0.00136545
0.00216999
0.00337802
0.00515014
0.00768918
0.0112413
0.0160925
0.0225589
0.0309699
0.041644
0.0548586
0.0708161
0.08961
0.111196
0.13537
0.161768
0.189868
0.219024
0.2485
0.277523
0.305334
0.331233
0.354618
0.375003
0.392029
0.40545
0.415113
0.420937
0.422881
0.420937
0.415113
0.40545
0.392029
0.375003
0.354618
0.331233
0.305334
0.277523
0.2485
0.219024
0.189868
0.161768
0.13537
0.111196
0.08961
0.0708161
0.0548586
0.041644
0.0309699
0.0225589
0.0160925
0.0112413
0.00768918
0.00515014
0.00337802
0.00216999
0.00136545
0.00084179
0.00050857
0.000301191
0.000174911
9.96401e-05
5.57008e-05
3.0569e-05
1.64772e-05
8.72701e-06
4.54398e-06
2.32704e-06
1.17269e-06
5.81819e-07
2.84335e-07
1.36938e-07
6.50233e-08
3.04517e-08
1.40619e-08
6.38165e-09
2.79106e-09
1.04339e-09
0
0
1.18381e-09
3.16667e-09
7.24049e-09
1.59543e-08
3.45499e-08
7.37741e-08
1.55367e-07
3.22601e-07
6.6012e-07
1.33051e-06
2.64022e-06
5.15551e-06
9.90149e-06
1.86946e-05
3.46829e-05
6.3197e-05
0.00011305
0.000198451
0.000341725
0.000577013
0.000955078
0.00154921
0.00246202
0.00383263
0.00584324
0.00872399
0.0127542
0.0182583
0.0255949
0.0351378
0.0472484
0.0622414
0.0803466
0.10167
0.12616
0.153588
0.183538
0.21542
0.2485
0.281943
0.314872
0.346426
0.375811
0.402342
0.425471
0.444788
0.460015
0.470979
0.477586
0.479793
0.477586
0.470979
0.460015
0.444788
0.425471
0.402342
0.375811
0.346426
0.314872
0.281943
0.2485
0.21542
0.183538
0.153588
0.12616
0.10167
0.0803466
0.0622414
0.0472484
0.0351378
0.0255949
0.0182583
0.0127542
0.00872399
0.00584324
0.00383263
0.00246202
0.00154921
0.000955078
0.000577013
0.000341725
0.000198451
0.00011305
6.3197e-05
3.46829e-05
1.86946e-05
9.90149e-06
5.15551e-06
2.64022e-06
1.33051e-06
6.6012e-07
3.22601e-07
1.55367e-07
7.37741e-08
3.45499e-08
1.59543e-08
7.24049e-09
3.16667e-09
1.18381e-09
0
0
1.32208e-09
3.53653e-09
8.08615e-09
1.78177e-08
3.85851e-08
8.23906e-08
1.73514e-07
3.60279e-07
7.37218e-07
1.48591e-06
2.94858e-06
5.75765e-06
1.10579e-05
2.08781e-05
3.87337e-05
7.05781e-05
0.000126253
0.000221629
0.000381637
0.000644406
0.00106663
0.00173015
0.00274958
0.00428026
0.00652571
0.0097429
0.0142438
0.0203907
0.0285843
0.0392417
0.0527668
0.0695109
0.0897306
0.113544
0.140895
0.171527
0.204975
0.24058
0.277523
0.314872
0.351648
0.386887
0.419704
0.449334
0.475164
0.496737
0.513742
0.525987
0.533366
0.53583
0.533366
0.525987
0.513742
0.496737
0.475164
0.449334
0.419704
0.386887
0.351648
0.314872
0.277523
0.24058
0.204975
0.171527
0.140895
0.113544
0.0897306
0.0695109
0.0527668
0.0392417
0.0285843
0.0203907
0.0142438
0.0097429
0.00652571
0.00428026
0.00274958
0.00173015
0.00106663
0.000644406
0.000381637
0.000221629
0.000126253
7.05781e-05
3.87337e-05
2.08781e-05
1.10579e-05
5.75765e-06
2.94858e-06
1.48591e-06
7.37218e-07
3.60279e-07
1.73514e-07
8.23906e-08
3.85851e-08
1.78177e-08
8.08615e-09
3.53653e-09
1.32208e-09
0
0
1.45456e-09
3.89093e-09
8.89647e-09
1.96032e-08
4.24518e-08
9.06471e-08
1.90902e-07
3.96384e-07
8.11096e-07
1.63481e-06
3.24406e-06
6.33463e-06
1.21661e-05
2.29703e-05
4.26153e-05
7.76509e-05
0.000138905
0.000243838
0.000419881
0.000708983
0.00117351
0.00190353
0.00302512
0.00470919
0.00717966
0.0107193
0.0156712
0.0224341
0.0314487
0.0431742
0.0580546
0.0764767
0.0987227
0.124923
0.155014
0.188716
0.225516
0.264689
0.305334
0.346426
0.386887
0.425658
0.461763
0.494362
0.522781
0.546516
0.565225
0.578697
0.586815
0.589526
0.586815
0.578697
0.565225
0.546516
0.522781
0.494362
0.461763
0.425658
0.386887
0.346426
0.305334
0.264689
0.225516
0.188716
0.155014
0.124923
0.0987227
0.0764767
0.0580546
0.0431742
0.0314487
0.0224341
0.0156712
0.0107193
0.00717966
0.00470919
0.00302512
0.00190353
0.00117351
0.000708983
0.000419881
0.000243838
0.000138905
7.76509e-05
4.26153e-05
2.29703e-05
1.21661e-05
6.33463e-06
3.24406e-06
1.63481e-06
8.11096e-07
3.96384e-07
1.90902e-07
9.06471e-08
4.24518e-08
1.96032e-08
8.89647e-09
3.89093e-09
1.45456e-09
0
0
1.57794e-09
4.22096e-09
9.65109e-09
2.1266e-08
4.60526e-08
9.83359e-08
2.07094e-07
4.30006e-07
8.79895e-07
1.77348e-06
3.51923e-06
6.87194e-06
1.3198e-05
2.49187e-05
4.623e-05
8.42373e-05
0.000150688
0.000264521
0.000455496
0.00076912
0.00127305
0.00206499
0.00328171
0.00510863
0.00778865
0.0116285
0.0170004
0.024337
0.0341163
0.0468363
0.0629789
0.0829636
0.107097
0.135519
0.168163
0.204723
0.244644
0.287141
0.331233
0.375811
0.419704
0.461763
0.50093
0.536295
0.567124
0.592872
0.613169
0.627783
0.63659
0.639531
0.63659
0.627783
0.613169
0.592872
0.567124
0.536295
0.50093
0.461763
0.419704
0.375811
0.331233
0.287141
0.244644
0.204723
0.168163
0.135519
0.107097
0.0829636
0.0629789
0.0468363
0.0341163
0.024337
0.0170004
0.0116285
0.00778865
0.00510863
0.00328171
0.00206499
0.00127305
0.00076912
0.000455496
0.000264521
0.000150688
8.42373e-05
4.623e-05
2.49187e-05
1.3198e-05
6.87194e-06
3.51923e-06
1.77348e-06
8.79895e-07
4.30006e-07
2.07094e-07
9.83359e-08
4.60526e-08
2.1266e-08
9.65109e-09
4.22096e-09
1.57794e-09
0
0
1.68934e-09
4.51895e-09
1.03324e-08
2.27673e-08
4.93038e-08
1.05278e-07
2.21715e-07
4.60363e-07
9.42013e-07
1.89868e-06
3.76768e-06
7.35708e-06
1.41298e-05
2.66779e-05
4.94937e-05
9.01843e-05
0.000161326
0.000283196
0.000487653
0.000823417
0.00136293
0.00221077
0.00351339
0.00546929
0.00833851
0.0124494
0.0182006
0.0260551
0.0365248
0.0501428
0.0674251
0.0888206
0.114657
0.145086
0.180035
0.219176
0.261915
0.307412
0.354618
0.402342
0.449334
0.494362
0.536295
0.574156
0.607161
0.634727
0.656457
0.672103
0.681531
0.68468
0.681531
0.672103
0.656457
0.634727
0.607161
0.574156
0.536295
0.494362
0.449334
0.402342
0.354618
0.307412
0.261915
0.219176
0.180035
0.145086
0.114657
0.0888206
0.0674251
0.0501428
0.0365248
0.0260551
0.0182006
0.0124494
0.00833851
0.00546929
0.00351339
0.00221077
0.00136293
0.000823417
0.000487653
0.000283196
0.000161326
9.01843e-05
4.94937e-05
2.66779e-05
1.41298e-05
7.35708e-06
3.76768e-06
1.89868e-06
9.42013e-07
4.60363e-07
2.21715e-07
1.05278e-07
4.93038e-08
2.27673e-08
1.03324e-08
4.51895e-09
1.68934e-09
0
0
1.78645e-09
4.77872e-09
1.09264e-08
2.40761e-08
5.2138e-08
1.1133e-07
2.3446e-07
4.86827e-07
9.96165e-07
2.00783e-06
3.98426e-06
7.78001e-06
1.4942e-05
2.82115e-05
5.23388e-05
9.53685e-05
0.000170599
0.000299475
0.000515686
0.000870752
0.00144128
0.00233786
0.00371536
0.00578369
0.00881784
0.0131651
0.0192469
0.0275529
0.0386244
0.0530253
0.071301
0.0939265
0.121248
0.153426
0.190384
0.231775
0.276972
0.325084
0.375003
0.425471
0.475164
0.522781
0.567124
0.607161
0.642064
0.671215
0.694193
0.710739
0.720709
0.724039
0.720709
0.710739
0.694193
0.671215
0.642064
0.607161
0.567124
0.522781
0.475164
0.425471
0.375003
0.325084
0.276972
0.231775
0.190384
0.153426
0.121248
0.0939265
0.071301
0.0530253
0.0386244
0.0275529
0.0192469
0.0131651
0.00881784
0.00578369
0.00371536
0.00233786
0.00144128
0.000870752
0.000515686
0.000299475
0.000170599
9.53685e-05
5.23388e-05
2.82115e-05
1.4942e-05
7.78001e-06
3.98426e-06
2.00783e-06
9.96165e-07
4.86827e-07
2.3446e-07
1.1133e-07
5.2138e-08
2.40761e-08
1.09264e-08
4.77872e-09
1.78645e-09
0
0
1.86756e-09
4.99569e-09
1.14225e-08
2.51692e-08
5.45052e-08
1.16385e-07
2.45105e-07
5.0893e-07
1.04139e-06
2.09899e-06
4.16516e-06
8.13324e-06
1.56204e-05
2.94923e-05
5.47151e-05
9.96985e-05
0.000178345
0.000313072
0.000539099
0.000910286
0.00150671
0.002444
0.00388404
0.00604629
0.00921819
0.0137628
0.0201207
0.0288039
0.0403781
0.0554328
0.0745382
0.098191
0.126753
0.160392
0.199028
0.242298
0.289547
0.339843
0.392029
0.444788
0.496737
0.546516
0.592872
0.634727
0.671215
0.701689
0.725711
0.743008
0.753431
0.756912
0.753431
0.743008
0.725711
0.701689
0.671215
0.634727
0.592872
0.546516
0.496737
0.444788
0.392029
0.339843
0.289547
0.242298
0.199028
0.160392
0.126753
0.098191
0.0745382
0.0554328
0.0403781
0.0288039
0.0201207
0.0137628
0.00921819
0.00604629
0.00388404
0.002444
0.00150671
0.000910286
0.000539099
0.000313072
0.000178345
9.96985e-05
5.47151e-05
2.94923e-05
1.56204e-05
8.13324e-06
4.16516e-06
2.09899e-06
1.04139e-06
5.0893e-07
2.45105e-07
1.16385e-07
5.45052e-08
2.51692e-08
1.14225e-08
4.99569e-09
1.86756e-09
0
0
1.9315e-09
5.16671e-09
1.18135e-08
2.60309e-08
5.63712e-08
1.20369e-07
2.53496e-07
5.26352e-07
1.07704e-06
2.17085e-06
4.30775e-06
8.41167e-06
1.61552e-05
3.0502e-05
5.65883e-05
0.000103112
0.000184451
0.00032379
0.000557555
0.000941448
0.00155829
0.00252767
0.00401701
0.00625327
0.00953377
0.014234
0.0208095
0.02979
0.0417604
0.0573305
0.07709
0.101552
0.131093
0.165883
0.205842
0.250593
0.299459
0.351478
0.40545
0.460015
0.513742
0.565225
0.613169
0.656457
0.694193
0.725711
0.750555
0.768444
0.779224
0.782824
0.779224
0.768444
0.750555
0.725711
0.694193
0.656457
0.613169
0.565225
0.513742
0.460015
0.40545
0.351478
0.299459
0.250593
0.205842
0.165883
0.131093
0.101552
0.07709
0.0573305
0.0417604
0.02979
0.0208095
0.014234
0.00953377
0.00625327
0.00401701
0.00252767
0.00155829
0.000941448
0.000557555
0.00032379
0.000184451
0.000103112
5.65883e-05
3.0502e-05
1.61552e-05
8.41167e-06
4.30775e-06
2.17085e-06
1.07704e-06
5.26352e-07
2.53496e-07
1.20369e-07
5.63712e-08
2.60309e-08
1.18135e-08
5.16671e-09
1.9315e-09
0
0
1.97753e-09
5.28986e-09
1.20951e-08
2.66513e-08
5.77147e-08
1.23238e-07
2.59538e-07
5.38898e-07
1.10271e-06
2.22259e-06
4.41042e-06
8.61215e-06
1.65402e-05
3.1229e-05
5.7937e-05
0.000105569
0.000188847
0.000331507
0.000570843
0.000963887
0.00159543
0.00258792
0.00411275
0.00640232
0.009761
0.0145732
0.0213055
0.0305
0.0427557
0.0586969
0.0789273
0.103973
0.134217
0.169837
0.210748
0.256566
0.306597
0.359855
0.415113
0.470979
0.525987
0.578697
0.627783
0.672103
0.710739
0.743008
0.768444
0.786759
0.797796
0.801482
0.797796
0.786759
0.768444
0.743008
0.710739
0.672103
0.627783
0.578697
0.525987
0.470979
0.415113
0.359855
0.306597
0.256566
0.210748
0.169837
0.134217
0.103973
0.0789273
0.0586969
0.0427557
0.0305
0.0213055
0.0145732
0.009761
0.00640232
0.00411275
0.00258792
0.00159543
0.000963887
0.000570843
0.000331507
0.000188847
0.000105569
5.7937e-05
3.1229e-05
1.65402e-05
8.61215e-06
4.41042e-06
2.22259e-06
1.10271e-06
5.38898e-07
2.59538e-07
1.23238e-07
5.77147e-08
2.66513e-08
1.20951e-08
5.28986e-09
1.97753e-09
0
0
2.00527e-09
5.36406e-09
1.22648e-08
2.70252e-08
5.85244e-08
1.24967e-07
2.63179e-07
5.46458e-07
1.11818e-06
2.25377e-06
4.47229e-06
8.73297e-06
1.67722e-05
3.16671e-05
5.87498e-05
0.00010705
0.000191496
0.000336158
0.000578851
0.000977409
0.00161782
0.00262422
0.00417045
0.00649213
0.00989793
0.0147777
0.0216044
0.0309278
0.0433555
0.0595203
0.0800346
0.105431
0.1361
0.172219
0.213704
0.260165
0.310898
0.364903
0.420937
0.477586
0.533366
0.586815
0.63659
0.681531
0.720709
0.753431
0.779224
0.797796
0.808988
0.812726
0.808988
0.797796
0.779224
0.753431
0.720709
0.681531
0.63659
0.586815
0.533366
0.477586
0.420937
0.364903
0.310898
0.260165
0.213704
0.172219
0.1361
0.105431
0.0800346
0.0595203
0.0433555
0.0309278
0.0216044
0.0147777
0.00989793
0.00649213
0.00417045
0.00262422
0.00161782
0.000977409
0.000578851
0.000336158
0.000191496
0.00010705
5.87498e-05
3.16671e-05
1.67722e-05
8.73297e-06
4.47229e-06
2.25377e-06
1.11818e-06
5.46458e-07
2.63179e-07
1.24967e-07
5.85244e-08
2.70252e-08
1.22648e-08
5.36406e-09
2.00527e-09
0
0
2.01454e-09
5.38885e-09
1.23214e-08
2.715e-08
5.87947e-08
1.25544e-07
2.64394e-07
5.48982e-07
1.12335e-06
2.26418e-06
4.49295e-06
8.77332e-06
1.68497e-05
3.18134e-05
5.90212e-05
0.000107545
0.000192381
0.000337711
0.000581526
0.000981925
0.00162529
0.00263635
0.00418972
0.00652212
0.00994366
0.0148459
0.0217042
0.0310707
0.0435558
0.0597953
0.0804043
0.105919
0.136729
0.173015
0.214691
0.261367
0.312334
0.366589
0.422881
0.479793
0.53583
0.589526
0.639531
0.68468
0.724039
0.756912
0.782824
0.801482
0.812726
0.81648
0.812726
0.801482
0.782824
0.756912
0.724039
0.68468
0.639531
0.589526
0.53583
0.479793
0.422881
0.366589
0.312334
0.261367
0.214691
0.173015
0.136729
0.105919
0.0804043
0.0597953
0.0435558
0.0310707
0.0217042
0.0148459
0.00994366
0.00652212
0.00418972
0.00263635
0.00162529
0.000981925
0.000581526
0.000337711
0.000192381
0.000107545
5.90212e-05
3.18134e-05
1.68497e-05
8.77332e-06
4.49295e-06
2.26418e-06
1.12335e-06
5.48982e-07
2.64394e-07
1.25544e-07
5.87947e-08
2.715e-08
1.23214e-08
5.38885e-09
2.01454e-09
0
0
2.00527e-09
5.36406e-09
1.22648e-08
2.70252e-08
5.85244e-08
1.24967e-07
2.63179e-07
5.46458e-07
1.11818e-06
2.25377e-06
4.47229e-06
8.73297e-06
1.67722e-05
3.16671e-05
5.87498e-05
0.00010705
0.000191496
0.000336158
0.000578851
0.000977409
0.00161782
0.00262422
0.00417045
0.00649213
0.00989793
0.0147777
0.0216044
0.0309278
0.0433555
0.0595203
0.0800346
0.105431
0.1361
0.172219
0.213704
0.260165
0.310898
0.364903
0.420937
0.477586
0.533366
0.586815
0.63659
0.681531
0.720709
0.753431
0.779224
0.797796
0.808988
0.812726
0.808988
0.797796
0.779224
0.753431
0.720709
0.681531
0.63659
0.586815
0.533366
0.477586
0.420937
0.364903
0.310898
0.260165
0.213704
0.172219
0.1361
0.105431
0.0800346
0.0595203
0.0433555
0.0309278
0.0216044
0.0147777
0.00989793
0.00649213
0.00417045
0.00262422
0.00161782
0.000977409
0.000578851
0.000336158
0.000191496
0.00010705
5.87498e-05
3.16671e-05
1.67722e-05
8.73297e-06
4.47229e-06
2.25377e-06
1.11818e-06
5.46458e-07
2.63179e-07
1.24967e-07
5.85244e-08
2.70252e-08
1.22648e-08
5.36406e-09
2.00527e-09
0
0
1.97753e-09
5.28986e-09
1.20951e-08
2.66513e-08
5.77147e-08
1.23238e-07
2.59538e-07
5.38898e-07
1.10271e-06
2.22259e-06
4.41042e-06
8.61215e-06
1.65402e-05
3.1229e-05
5.7937e-05
0.000105569
0.000188847
0.000331507
0.000570843
0.000963887
0.00159543
0.00258792
0.00411275
0.00640232
0.009761
0.0145732
0.0213055
0.0305
0.0427557
0.0586969
0.0789273
0.103973
0.134217
0.169837
0.210748
0.256566
0.306597
0.359855
0.415113
0.470979
0.525987
0.578697
0.627783
0.672103
0.710739
0.743008
0.768444
0.786759
0.797796
0.801482
0.797796
0.786759
0.768444
0.743008
0.710739
0.672103
0.627783
0.578697
0.525987
0.470979
0.415113
0.359855
0.306597
0.256566
0.210748
0.169837
0.134217
0.103973
0.0789273
0.0586969
0.0427557
0.0305
0.0213055
0.0145732
0.009761
0.00640232
0.00411275
0.00258792
0.00159543
0.000963887
0.000570843
0.000331507
0.000188847
0.000105569
5.7937e-05
3.1229e-05
1.65402e-05
8.61215e-06
4.41042e-06
2.22259e-06
1.10271e-06
5.38898e-07
2.59538e-07
1.23238e-07
5.77147e-08
2.66513e-08
1.20951e-08
5.28986e-09
1.97753e-09
0
0
1.9315e-09
5.16671e-09
1.18135e-08
2.60309e-08
5.63712e-08
1.20369e-07
2.53496e-07
5.26352e-07
1.07704e-06
2.17085e-06
4.30775e-06
8.41167e-06
1.61552e-05
3.0502e-05
5.65883e-05
0.000103112
0.000184451
0.00032379
0.000557555
0.000941448
0.00155829
0.00252767
0.00401701
0.00625327
0.00953377
0.014234
0.0208095
0.02979
0.0417604
0.0573305
0.07709
0.101552
0.131093
0.165883
0.205842
0.250593
0.299459
0.351478
0.40545
0.460015
0.513742
0.565225
0.613169
0.656457
0.694193
0.725711
0.750555
0.768444
0.779224
0.782824
0.779224
0.768444
0.750555
0.725711
0.694193
0.656457
0.613169
0.565225
0.513742
0.460015
0.40545
0.351478
0.299459
0.250593
0.205842
0.165883
0.131093
0.101552
0.07709
0.0573305
0.0417604
0.02979
0.0208095
0.014234
0.00953377
0.00625327
0.00401701
0.00252767
0.00155829
0.000941448
0.000557555
0.00032379
0.000184451
0.000103112
5.65883e-05
3.0502e-05
1.61552e-05
8.41167e-06
4.30775e-06
2.17085e-06
1.07704e-06
5.26352e-07
2.53496e-07
1.20369e-07
5.63712e-08
2.60309e-08
1.18135e-08
5.16671e-09
1.9315e-09
0
0
1.86756e-09
4.99569e-09
1.14225e-08
2.51692e-08
5.45052e-08
1.16385e-07
2.45105e-07
5.0893e-07
1.04139e-06
2.09899e-06
4.16516e-06
8.13324e-06
1.56204e-05
2.94923e-05
5.47151e-05
9.96985e-05
0.000178345
0.000313072
0.000539099
0.000910286
0.00150671
0.002444
0.00388404
0.00604629
0.00921819
0.0137628
0.0201207
0.0288039
0.0403781
0.0554328
0.0745382
0.098191
0.126753
0.160392
0.199028
0.242298
0.289547
0.339843
0.392029
0.444788
0.496737
0.546516
0.592872
0.634727
0.671215
0.701689
0.725711
0.743008
0.753431
0.756912
0.753431
0.743008
0.725711
0.701689
0.671215
0.634727
0.592872
0.546516
0.496737
0.444788
0.392029
0.339843
0.289547
0.242298
0.199028
0.160392
0.126753
0.098191
0.0745382
0.0554328
0.0403781
0.0288039
0.0201207
0.0137628
0.00921819
0.00604629
0.00388404
0.002444
0.00150671
0.000910286
0.000539099
0.000313072
0.000178345
9.96985e-05
5.47151e-05
2.94923e-05
1.56204e-05
8.13324e-06
4.16516e-06
2.09899e-06
1.04139e-06
5.0893e-07
2.45105e-07
1.16385e-07
5.45052e-08
2.51692e-08
1.14225e-08
4.99569e-09
1.86756e-09
0
0
1.78645e-09
4.77872e-09
1.09264e-08
2.40761e-08
5.2138e-08
1.1133e-07
2.3446e-07
4.86827e-07
9.96165e-07
2.00783e-06
3.98426e-06
7.78001e-06
1.4942e-05
2.82115e-05
5.23388e-05
9.53685e-05
0.000170599
0.000299475
0.000515686
0.000870752
0.00144128
0.00233786
0.00371536
0.00578369
0.00881784
0.0131651
0.0192469
0.0275529
0.0386244
0.0530253
0.071301
0.0939265
0.121248
0.153426
0.190384
0.231775
0.276972
0.325084
0.375003
0.425471
0.475164
0.522781
0.567124
0.607161
0.642064
0.671215
0.694193
0.710739
0.720709
0.724039
0.720709
0.710739
0.694193
0.671215
0.642064
0.607161
0.567124
0.522781
0.475164
0.425471
0.375003
0.325084
0.276972
0.231775
0.190384
0.153426
0.121248
0.0939265
0.071301
0.0530253
0.0386244
0.0275529
0.0192469
0.0131651
0.00881784
0.00578369
0.00371536
0.00233786
0.00144128
0.000870752
0.000515686
0.000299475
0.000170599
9.53685e-05
5.23388e-05
2.82115e-05
1.4942e-05
7.78001e-06
3.98426e-06
2.00783e-06
9.96165e-07
4.86827e-07
2.3446e-07
1.1133e-07
5.2138e-08
2.40761e-08
1.09264e-08
4.77872e-09
1.78645e-09
0
0
1.68934e-09
4.51895e-09
1.03324e-08
2.27673e-08
4.93038e-08
1.05278e-07
2.21715e-07
4.60363e-07
9.42013e-07
1.89868e-06
3.76768e-06
7.35708e-06
1.41298e-05
2.66779e-05
4.94937e-05
9.01843e-05
0.000161326
0.000283196
0.000487653
0.000823417
0.00136293
0.00221077
0.00351339
0.00546929
0.00833851
0.0124494
0.0182006
0.0260551
0.0365248
0.0501428
0.0674251
0.0888206
0.114657
0.145086
0.180035
0.219176
0.261915
0.307412
0.354618
0.402342
0.449334
0.494362
0.536295
0.574156
0.607161
0.634727
0.656457
0.672103
0.681531
0.68468
0.681531
0.672103
0.656457
0.634727
0.607161
0.574156
0.536295
0.494362
0.449334
0.402342
0.354618
0.307412
0.261915
0.219176
0.180035
0.145086
0.114657
0.0888206
0.0674251
0.0501428
0.0365248
0.0260551
0.0182006
0.0124494
0.00833851
0.00546929
0.00351339
0.00221077
0.00136293
0.000823417
0.000487653
0.000283196
0.000161326
9.01843e-05
4.94937e-05
2.66779e-05
1.41298e-05
7.35708e-06
3.76768e-06
1.89868e-06
9.42013e-07
4.60363e-07
2.21715e-07
1.05278e-07
4.93038e-08
2.27673e-08
1.03324e-08
4.51895e-09
1.68934e-09
0
0
1.57794e-09
4.22096e-09
9.65109e-09
2.1266e-08
4.60526e-08
9.83359e-08
2.07094e-07
4.30006e-07
8.79895e-07
1.77348e-06
3.51923e-06
6.87194e-06
1.3198e-05
2.49187e-05
4.623e-05
8.42373e-05
0.000150688
0.000264521
0.000455496
0.00076912
0.00127305
0.00206499
0.00328171
0.00510863
0.00778865
0.0116285
0.0170004
0.024337
0.0341163
0.0468363
0.0629789
0.0829636
0.107097
0.135519
0.168163
0.204723
0.244644
0.287141
0.331233
0.375811
0.419704
0.461763
0.50093
0.536295
0.567124
0.592872
0.613169
0.627783
0.63659
0.639531
0.63659
0.627783
0.613169
0.592872
0.567124
0.536295
0.50093
0.461763
0.419704
0.375811
0.331233
0.287141
0.244644
0.204723
0.168163
0.135519
0.107097
0.0829636
0.0629789
0.0468363
0.0341163
0.024337
0.0170004
0.0116285
0.00778865
0.00510863
0.00328171
0.00206499
0.00127305
0.00076912
0.000455496
0.000264521
0.000150688
8.42373e-05
4.623e-05
2.49187e-05
1.3198e-05
6.87194e-06
3.51923e-06
1.77348e-06
8.79895e-07
4.30006e-07
2.07094e-07
9.83359e-08
4.60526e-08
2.1266e-08
9.65109e-09
4.22096e-09
1.57794e-09
0
0
1.45456e-09
3.89093e-09
8.89647e-09
1.96032e-08
4.24518e-08
9.06471e-08
1.90902e-07
3.96384e-07
8.11096e-07
1.63481e-06
3.24406e-06
6.33463e-06
1.21661e-05
2.29703e-05
4.26153e-05
7.76509e-05
0.000138905
0.000243838
0.000419881
0.000708983
0.00117351
0.00190353
0.00302512
0.00470919
0.00717966
0.0107193
0.0156712
0.0224341
0.0314487
0.0431742
0.0580546
0.0764767
0.0987227
0.124923
0.155014
0.188716
0.225516
0.264689
0.305334
0.346426
0.386887
0.425658
0.461763
0.494362
0.522781
0.546516
0.565225
0.578697
0.586815
0.589526
0.586815
0.578697
0.565225
0.546516
0.522781
0.494362
0.461763
0.425658
0.386887
0.346426
0.305334
0.264689
0.225516
0.188716
0.155014
0.124923
0.0987227
0.0764767
0.0580546
0.0431742
0.0314487
0.0224341
0.0156712
0.0107193
0.00717966
0.00470919
0.00302512
0.00190353
0.00117351
0.000708983
0.000419881
0.000243838
0.000138905
7.76509e-05
4.26153e-05
2.29703e-05
1.21661e-05
6.33463e-06
3.24406e-06
1.63481e-06
8.11096e-07
3.96384e-07
1.90902e-07
9.06471e-08
4.24518e-08
1.96032e-08
8.89647e-09
3.89093e-09
1.45456e-09
0
0
1.32208e-09
3.53653e-09
8.08615e-09
1.78177e-08
3.85851e-08
8.23906e-08
1.73514e-07
3.60279e-07
7.37218e-07
1.48591e-06
2.94858e-06
5.75765e-06
1.10579e-05
2.08781e-05
3.87337e-05
7.05781e-05
0.000126253
0.000221629
0.000381637
0.000644406
0.00106663
0.00173015
0.00274958
0.00428026
0.00652571
0.0097429
0.0142438
0.0203907
0.0285843
0.0392417
0.0527668
0.0695109
0.0897306
0.113544
0.140895
0.171527
0.204975
0.24058
0.277523
0.314872
0.351648
0.386887
0.419704
0.449334
0.475164
0.496737
0.513742
0.525987
0.533366
0.53583
0.533366
0.525987
0.513742
0.496737
0.475164
0.449334
0.419704
0.386887
0.351648
0.314872
0.277523
0.24058
0.204975
0.171527
0.140895
0.113544
0.0897306
0.0695109
0.0527668
0.0392417
0.0285843
0.0203907
0.0142438
0.0097429
0.00652571
0.00428026
0.00274958
0.00173015
0.00106663
0.000644406
0.000381637
0.000221629
0.000126253
7.05781e-05
3.87337e-05
2.08781e-05
1.10579e-05
5.75765e-06
2.94858e-06
1.48591e-06
7.37218e-07
3.60279e-07
1.73514e-07
8.23906e-08
3.85851e-08
1.78177e-08
8.08615e-09
3.53653e-09
1.32208e-09
0
0
1.18381e-09
3.16667e-09
7.24049e-09
1.59543e-08
3.45499e-08
7.37741e-08
1.55367e-07
3.22601e-07
6.6012e-07
1.33051e-06
2.64022e-06
5.15551e-06
9.90149e-06
1.86946e-05
3.46829e-05
6.3197e-05
0.00011305
0.000198451
0.000341725
0.000577013
0.000955078
0.00154921
0.00246202
0.00383263
0.00584324
0.00872399
0.0127542
0.0182583
0.0255949
0.0351378
0.0472484
0.0622414
0.0803466
0.10167
0.12616
0.153588
0.183538
0.21542
0.2485
0.281943
0.314872
0.346426
0.375811
0.402342
0.425471
0.444788
0.460015
0.470979
0.477586
0.479793
0.477586
0.470979
0.460015
0.444788
0.425471
0.402342
0.375811
0.346426
0.314872
0.281943
0.2485
0.21542
0.183538
0.153588
0.12616
0.10167
0.0803466
0.0622414
0.0472484
0.0351378
0.0255949
0.0182583
0.0127542
0.00872399
0.00584324
0.00383263
0.00246202
0.00154921
0.000955078
0.000577013
0.000341725
0.000198451
0.00011305
6.3197e-05
3.46829e-05
1.86946e-05
9.90149e-06
5.15551e-06
2.64022e-06
1.33051e-06
6.6012e-07
3.22601e-07
1.55367e-07
7.37741e-08
3.45499e-08
1.59543e-08
7.24049e-09
3.16667e-09
1.18381e-09
0
0
1.04339e-09
2.79106e-09
6.38165e-09
1.40619e-08
3.04517e-08
6.50233e-08
1.36938e-07
2.84335e-07
5.81819e-07
1.17269e-06
2.32704e-06
4.54398e-06
8.72701e-06
1.64772e-05
3.0569e-05
5.57008e-05
9.96401e-05
0.000174911
0.000301191
0.00050857
0.00084179
0.00136545
0.00216999
0.00337802
0.00515014
0.00768918
0.0112413
0.0160925
0.0225589
0.0309699
0.041644
0.0548586
0.0708161
0.08961
0.111196
0.13537
0.161768
0.189868
0.219024
0.2485
0.277523
0.305334
0.331233
0.354618
0.375003
0.392029
0.40545
0.415113
0.420937
0.422881
0.420937
0.415113
0.40545
0.392029
0.375003
0.354618
0.331233
0.305334
0.277523
0.2485
0.219024
0.189868
0.161768
0.13537
0.111196
0.08961
0.0708161
0.0548586
0.041644
0.0309699
0.0225589
0.0160925
0.0112413
0.00768918
0.00515014
0.00337802
0.00216999
0.00136545
0.00084179
0.00050857
0.000301191
0.000174911
9.96401e-05
5.57008e-05
3.0569e-05
1.64772e-05
8.72701e-06
4.54398e-06
2.32704e-06
1.17269e-06
5.81819e-07
2.84335e-07
1.36938e-07
6.50233e-08
3.04517e-08
1.40619e-08
6.38165e-09
2.79106e-09
1.04339e-09
0
0
9.04501e-10
2.41952e-09
5.53215e-09
1.219e-08
2.63981e-08
5.63676e-08
1.1871e-07
2.46486e-07
5.04369e-07
1.01659e-06
2.01728e-06
3.9391e-06
7.5653e-06
1.42838e-05
2.64997e-05
4.82861e-05
8.63764e-05
0.000151628
0.000261097
0.000440871
0.000729734
0.00118368
0.00188113
0.00292835
0.00446457
0.00666562
0.00974491
0.0139503
0.019556
0.0268473
0.0361005
0.047556
0.0613893
0.0776814
0.0963936
0.11735
0.140234
0.164593
0.189868
0.21542
0.24058
0.264689
0.287141
0.307412
0.325084
0.339843
0.351478
0.359855
0.364903
0.366589
0.364903
0.359855
0.351478
0.339843
0.325084
0.307412
0.287141
0.264689
0.24058
0.21542
0.189868
0.164593
0.140234
0.11735
0.0963936
0.0776814
0.0613893
0.047556
0.0361005
0.0268473
0.019556
0.0139503
0.00974491
0.00666562
0.00446457
0.00292835
0.00188113
0.00118368
0.000729734
0.000440871
0.000261097
0.000151628
8.63764e-05
4.82861e-05
2.64997e-05
1.42838e-05
7.5653e-06
3.9391e-06
2.01728e-06
1.01659e-06
5.04369e-07
2.46486e-07
1.1871e-07
5.63676e-08
2.63981e-08
1.219e-08
5.53215e-09
2.41952e-09
9.04501e-10
0
0
7.70635e-10
2.06143e-09
4.7134e-09
1.03859e-08
2.24912e-08
4.80253e-08
1.01141e-07
2.10006e-07
4.29723e-07
8.66132e-07
1.71872e-06
3.35612e-06
6.44564e-06
1.21698e-05
2.25778e-05
4.11398e-05
7.35927e-05
0.000129187
0.000222455
0.000375622
0.000621734
0.0010085
0.00160272
0.00249495
0.00380382
0.00567911
0.00830267
0.0118857
0.0166617
0.0228739
0.0307576
0.0405178
0.0523038
0.0661846
0.0821274
0.0999824
0.119479
0.140234
0.161768
0.183538
0.204975
0.225516
0.244644
0.261915
0.276972
0.289547
0.299459
0.306597
0.310898
0.312334
0.310898
0.306597
0.299459
0.289547
0.276972
0.261915
0.244644
0.225516
0.204975
0.183538
0.161768
0.140234
0.119479
0.0999824
0.0821274
0.0661846
0.0523038
0.0405178
0.0307576
0.0228739
0.0166617
0.0118857
0.00830267
0.00567911
0.00380382
0.00249495
0.00160272
0.0010085
0.000621734
0.000375622
0.000222455
0.000129187
7.35927e-05
4.11398e-05
2.25778e-05
1.21698e-05
6.44564e-06
3.35612e-06
1.71872e-06
8.66132e-07
4.29723e-07
2.10006e-07
1.01141e-07
4.80253e-08
2.24912e-08
1.03859e-08
4.7134e-09
2.06143e-09
7.70635e-10
0
0
6.44882e-10
1.72504e-09
3.94426e-09
8.6911e-09
1.8821e-08
4.01884e-08
8.46363e-08
1.75737e-07
3.596e-07
7.24795e-07
1.43826e-06
2.80846e-06
5.39383e-06
1.01839e-05
1.88935e-05
3.44265e-05
6.15837e-05
0.000108106
0.000186155
0.000314328
0.000520278
0.000843931
0.00134119
0.00208782
0.0031831
0.00475239
0.00694782
0.00994618
0.0139428
0.0191413
0.0257385
0.033906
0.0437687
0.0553845
0.0687257
0.0836672
0.0999824
0.11735
0.13537
0.153588
0.171527
0.188716
0.204723
0.219176
0.231775
0.242298
0.250593
0.256566
0.260165
0.261367
0.260165
0.256566
0.250593
0.242298
0.231775
0.219176
0.204723
0.188716
0.171527
0.153588
0.13537
0.11735
0.0999824
0.0836672
0.0687257
0.0553845
0.0437687
0.033906
0.0257385
0.0191413
0.0139428
0.00994618
0.00694782
0.00475239
0.0031831
0.00208782
0.00134119
0.000843931
0.000520278
0.000314328
0.000186155
0.000108106
6.15837e-05
3.44265e-05
1.88935e-05
1.01839e-05
5.39383e-06
2.80846e-06
1.43826e-06
7.24795e-07
3.596e-07
1.75737e-07
8.46363e-08
4.01884e-08
1.8821e-08
8.6911e-09
3.94426e-09
1.72504e-09
6.44882e-10
0
0
5.29718e-10
1.41698e-09
3.23988e-09
7.13903e-09
1.54599e-08
3.30115e-08
6.95218e-08
1.44353e-07
2.95382e-07
5.9536e-07
1.18141e-06
2.30692e-06
4.43059e-06
8.36524e-06
1.55195e-05
2.82786e-05
5.0586e-05
8.88001e-05
0.000152911
0.000258195
0.000427366
0.00069322
0.00110168
0.00171498
0.00261466
0.0039037
0.00570707
0.00816997
0.0114529
0.015723
0.0211421
0.027851
0.0359524
0.0454939
0.0564526
0.0687257
0.0821274
0.0963936
0.111196
0.12616
0.140895
0.155014
0.168163
0.180035
0.190384
0.199028
0.205842
0.210748
0.213704
0.214691
0.213704
0.210748
0.205842
0.199028
0.190384
0.180035
0.168163
0.155014
0.140895
0.12616
0.111196
0.0963936
0.0821274
0.0687257
0.0564526
0.0454939
0.0359524
0.027851
0.0211421
0.015723
0.0114529
0.00816997
0.00570707
0.0039037
0.00261466
0.00171498
0.00110168
0.00069322
0.000427366
0.000258195
0.000152911
8.88001e-05
5.0586e-05
2.82786e-05
1.55195e-05
8.36524e-06
4.43059e-06
2.30692e-06
1.18141e-06
5.9536e-07
2.95382e-07
1.44353e-07
6.95218e-08
3.30115e-08
1.54599e-08
7.13903e-09
3.23988e-09
1.41698e-09
5.29718e-10
0
0
4.26888e-10
1.14192e-09
2.61095e-09
5.75319e-09
1.24588e-08
2.66032e-08
5.60261e-08
1.16331e-07
2.38042e-07
4.79788e-07
9.52073e-07
1.8591e-06
3.57052e-06
6.74136e-06
1.25068e-05
2.27891e-05
4.07661e-05
7.15621e-05
0.000123227
0.000208073
0.000344405
0.000558651
0.000887816
0.00138206
0.0021071
0.0031459
0.0045992
0.006584
0.00922962
0.0126708
0.017038
0.0224445
0.0289733
0.0366625
0.0454939
0.0553845
0.0661846
0.0776814
0.08961
0.10167
0.113544
0.124923
0.135519
0.145086
0.153426
0.160392
0.165883
0.169837
0.172219
0.173015
0.172219
0.169837
0.165883
0.160392
0.153426
0.145086
0.135519
0.124923
0.113544
0.10167
0.08961
0.0776814
0.0661846
0.0553845
0.0454939
0.0366625
0.0289733
0.0224445
0.017038
0.0126708
0.00922962
0.006584
0.0045992
0.0031459
0.0021071
0.00138206
0.000887816
0.000558651
0.000344405
0.000208073
0.000123227
7.15621e-05
4.07661e-05
2.27891e-05
1.25068e-05
6.74136e-06
3.57052e-06
1.8591e-06
9.52073e-07
4.79788e-07
2.38042e-07
1.16331e-07
5.60261e-08
2.66032e-08
1.24588e-08
5.75319e-09
2.61095e-09
1.14192e-09
4.26888e-10
0
0
3.37357e-10
9.02422e-10
2.06336e-09
4.54657e-09
9.84583e-09
2.10238e-08
4.42758e-08
9.19331e-08
1.88117e-07
3.79162e-07
7.52395e-07
1.46919e-06
2.82167e-06
5.3275e-06
9.88375e-06
1.80095e-05
3.22163e-05
5.65534e-05
9.73829e-05
0.000164434
0.000272173
0.000441485
0.000701614
0.0010922
0.00166518
0.00248611
0.00363461
0.00520314
0.0072939
0.0100134
0.0134646
0.0177372
0.0228967
0.0289733
0.0359524
0.0437687
0.0523038
0.0613893
0.0708161
0.0803466
0.0897306
0.0987227
0.107097
0.114657
0.121248
0.126753
0.131093
0.134217
0.1361
0.136729
0.1361
0.134217
0.131093
0.126753
0.121248
0.114657
0.107097
0.0987227
0.0897306
0.0803466
0.0708161
0.0613893
0.0523038
0.0437687
0.0359524
0.0289733
0.0228967
0.0177372
0.0134646
0.0100134
0.0072939
0.00520314
0.00363461
0.00248611
0.00166518
0.0010922
0.000701614
0.000441485
0.000272173
0.000164434
9.73829e-05
5.65534e-05
3.22163e-05
1.80095e-05
9.88375e-06
5.3275e-06
2.82167e-06
1.46919e-06
7.52395e-07
3.79162e-07
1.88117e-07
9.19331e-08
4.42758e-08
2.10238e-08
9.84583e-09
4.54657e-09
2.06336e-09
9.02422e-10
3.37357e-10
0
0
2.61337e-10
6.99072e-10
1.5984e-09
3.52206e-09
7.62719e-09
1.62863e-08
3.42988e-08
7.12171e-08
1.45727e-07
2.93722e-07
5.82852e-07
1.13812e-06
2.18584e-06
4.12701e-06
7.65657e-06
1.39513e-05
2.49567e-05
4.38098e-05
7.54389e-05
0.000127381
0.000210842
0.000342002
0.000543514
0.000846087
0.00128995
0.0019259
0.0028156
0.00403067
0.00565031
0.00775699
0.0104305
0.0137404
0.0177372
0.0224445
0.027851
0.033906
0.0405178
0.047556
0.0548586
0.0622414
0.0695109
0.0764767
0.0829636
0.0888206
0.0939265
0.098191
0.101552
0.103973
0.105431
0.105919
0.105431
0.103973
0.101552
0.098191
0.0939265
0.0888206
0.0829636
0.0764767
0.0695109
0.0622414
0.0548586
0.047556
0.0405178
0.033906
0.027851
0.0224445
0.0177372
0.0137404
0.0104305
0.00775699
0.00565031
0.00403067
0.0028156
0.0019259
0.00128995
0.000846087
0.000543514
0.000342002
0.000210842
0.000127381
7.54389e-05
4.38098e-05
2.49567e-05
1.39513e-05
7.65657e-06
4.12701e-06
2.18584e-06
1.13812e-06
5.82852e-07
2.93722e-07
1.45727e-07
7.12171e-08
3.42988e-08
1.62863e-08
7.62719e-09
3.52206e-09
1.5984e-09
6.99072e-10
2.61337e-10
0
0
1.98385e-10
5.30676e-10
1.21337e-09
2.67365e-09
5.78991e-09
1.23632e-08
2.60367e-08
5.4062e-08
1.10624e-07
2.22969e-07
4.42451e-07
8.63967e-07
1.65931e-06
3.13288e-06
5.81221e-06
1.05906e-05
1.8945e-05
3.32566e-05
5.72668e-05
9.66967e-05
0.000160053
0.000259619
0.00041259
0.000642278
0.000979219
0.00146198
0.00213736
0.00305974
0.00428923
0.00588845
0.00791796
0.0104305
0.0134646
0.017038
0.0211421
0.0257385
0.0307576
0.0361005
0.041644
0.0472484
0.0527668
0.0580546
0.0629789
0.0674251
0.071301
0.0745382
0.07709
0.0789273
0.0800346
0.0804043
0.0800346
0.0789273
0.07709
0.0745382
0.071301
0.0674251
0.0629789
0.0580546
0.0527668
0.0472484
0.041644
0.0361005
0.0307576
0.0257385
0.0211421
0.017038
0.0134646
0.0104305
0.00791796
0.00588845
0.00428923
0.00305974
0.00213736
0.00146198
0.000979219
0.000642278
0.00041259
0.000259619
0.000160053
9.66967e-05
5.72668e-05
3.32566e-05
1.8945e-05
1.05906e-05
5.81221e-06
3.13288e-06
1.65931e-06
8.63967e-07
4.42451e-07
2.22969e-07
1.10624e-07
5.4062e-08
2.60367e-08
1.23632e-08
5.78991e-09
2.67365e-09
1.21337e-09
5.30676e-10
1.98385e-10
0
0
1.47536e-10
3.94654e-10
9.02364e-10
1.98834e-09
4.30586e-09
9.19428e-09
1.9363e-08
4.0205e-08
8.2269e-08
1.65818e-07
3.29043e-07
6.42518e-07
1.234e-06
2.32987e-06
4.32244e-06
7.87608e-06
1.40891e-05
2.47324e-05
4.25883e-05
7.19117e-05
0.000119029
0.000193074
0.000306836
0.000477651
0.000728228
0.00108725
0.00158952
0.00227548
0.00318983
0.00437913
0.00588845
0.00775699
0.0100134
0.0126708
0.015723
0.0191413
0.0228739
0.0268473
0.0309699
0.0351378
0.0392417
0.0431742
0.0468363
0.0501428
0.0530253
0.0554328
0.0573305
0.0586969
0.0595203
0.0597953
0.0595203
0.0586969
0.0573305
0.0554328
0.0530253
0.0501428
0.0468363
0.0431742
0.0392417
0.0351378
0.0309699
0.0268473
0.0228739
0.0191413
0.015723
0.0126708
0.0100134
0.00775699
0.00588845
0.00437913
0.00318983
0.00227548
0.00158952
0.00108725
0.000728228
0.000477651
0.000306836
0.000193074
0.000119029
7.19117e-05
4.25883e-05
2.47324e-05
1.40891e-05
7.87608e-06
4.32244e-06
2.32987e-06
1.234e-06
6.42518e-07
3.29043e-07
1.65818e-07
8.2269e-08
4.0205e-08
1.9363e-08
9.19428e-09
4.30586e-09
1.98834e-09
9.02364e-10
3.94654e-10
1.47536e-10
0
0
1.07467e-10
2.87472e-10
6.57295e-10
1.44834e-09
3.13645e-09
6.69725e-09
1.41043e-08
2.92859e-08
5.99259e-08
1.20784e-07
2.3968e-07
4.68019e-07
8.98862e-07
1.69711e-06
3.14853e-06
5.73705e-06
1.02627e-05
1.80154e-05
3.10219e-05
5.23815e-05
8.67024e-05
0.000140638
0.000223504
0.000347928
0.000530452
0.000791967
0.00115783
0.00165749
0.00232352
0.00318983
0.00428923
0.00565031
0.0072939
0.00922962
0.0114529
0.0139428
0.0166617
0.019556
0.0225589
0.0255949
0.0285843
0.0314487
0.0341163
0.0365248
0.0386244
0.0403781
0.0417604
0.0427557
0.0433555
0.0435558
0.0433555
0.0427557
0.0417604
0.0403781
0.0386244
0.0365248
0.0341163
0.0314487
0.0285843
0.0255949
0.0225589
0.019556
0.0166617
0.0139428
0.0114529
0.00922962
0.0072939
0.00565031
0.00428923
0.00318983
0.00232352
0.00165749
0.00115783
0.000791967
0.000530452
0.000347928
0.000223504
0.000140638
8.67024e-05
5.23815e-05
3.10219e-05
1.80154e-05
1.02627e-05
5.73705e-06
3.14853e-06
1.69711e-06
8.98862e-07
4.68019e-07
2.3968e-07
1.20784e-07
5.99259e-08
2.92859e-08
1.41043e-08
6.69725e-09
3.13645e-09
1.44834e-09
6.57295e-10
2.87472e-10
1.07467e-10
0
0
7.66622e-11
2.0507e-10
4.68885e-10
1.03318e-09
2.2374e-09
4.77752e-09
1.00614e-08
2.08912e-08
4.27485e-08
8.61622e-08
1.70977e-07
3.33864e-07
6.41208e-07
1.21064e-06
2.24602e-06
4.09256e-06
7.32095e-06
1.28514e-05
2.21297e-05
3.73666e-05
6.18496e-05
0.000100325
0.000159437
0.000248196
0.000378401
0.000564954
0.000825943
0.00118238
0.00165749
0.00227548
0.00305974
0.00403067
0.00520314
0.006584
0.00816997
0.00994618
0.0118857
0.0139503
0.0160925
0.0182583
0.0203907
0.0224341
0.024337
0.0260551
0.0275529
0.0288039
0.02979
0.0305
0.0309278
0.0310707
0.0309278
0.0305
0.02979
0.0288039
0.0275529
0.0260551
0.024337
0.0224341
0.0203907
0.0182583
0.0160925
0.0139503
0.0118857
0.00994618
0.00816997
0.006584
0.00520314
0.00403067
0.00305974
0.00227548
0.00165749
0.00118238
0.000825943
0.000564954
0.000378401
0.000248196
0.000159437
0.000100325
6.18496e-05
3.73666e-05
2.21297e-05
1.28514e-05
7.32095e-06
4.09256e-06
2.24602e-06
1.21064e-06
6.41208e-07
3.33864e-07
1.70977e-07
8.61622e-08
4.27485e-08
2.08912e-08
1.00614e-08
4.77752e-09
2.2374e-09
1.03318e-09
4.68885e-10
2.0507e-10
7.66622e-11
0
0
5.35518e-11
1.4325e-10
3.27536e-10
7.2172e-10
1.56292e-09
3.3373e-09
7.02831e-09
1.45934e-08
2.98616e-08
6.01879e-08
1.19435e-07
2.33218e-07
4.47911e-07
8.45684e-07
1.56894e-06
2.85882e-06
5.11399e-06
8.97725e-06
1.54585e-05
2.61022e-05
4.32045e-05
7.00811e-05
0.000111374
0.000173375
0.000264329
0.000394644
0.000576956
0.000825943
0.00115783
0.00158952
0.00213736
0.0028156
0.00363461
0.0045992
0.00570707
0.00694782
0.00830267
0.00974491
0.0112413
0.0127542
0.0142438
0.0156712
0.0170004
0.0182006
0.0192469
0.0201207
0.0208095
0.0213055
0.0216044
0.0217042
0.0216044
0.0213055
0.0208095
0.0201207
0.0192469
0.0182006
0.0170004
0.0156712
0.0142438
0.0127542
0.0112413
0.00974491
0.00830267
0.00694782
0.00570707
0.0045992
0.00363461
0.0028156
0.00213736
0.00158952
0.00115783
0.000825943
0.000576956
0.000394644
0.000264329
0.000173375
0.000111374
7.00811e-05
4.32045e-05
2.61022e-05
1.54585e-05
8.97725e-06
5.11399e-06
2.85882e-06
1.56894e-06
8.45684e-07
4.47911e-07
2.33218e-07
1.19435e-07
6.01879e-08
2.98616e-08
1.45934e-08
7.02831e-09
3.3373e-09
1.56292e-09
7.2172e-10
3.27536e-10
1.4325e-10
5.35518e-11
0
0
3.663e-11
9.79845e-11
2.24038e-10
4.93664e-10
1.06905e-09
2.28275e-09
4.80744e-09
9.98205e-09
2.04257e-08
4.11692e-08
8.16946e-08
1.59524e-07
3.06376e-07
5.78457e-07
1.07317e-06
1.95547e-06
3.49803e-06
6.14053e-06
1.05738e-05
1.78542e-05
2.95524e-05
4.79362e-05
7.61809e-05
0.000118591
0.000180804
0.000269941
0.000394644
0.000564954
0.000791967
0.00108725
0.00146198
0.0019259
0.00248611
0.0031459
0.0039037
0.00475239
0.00567911
0.00666562
0.00768918
0.00872399
0.0097429
0.0107193
0.0116285
0.0124494
0.0131651
0.0137628
0.014234
0.0145732
0.0147777
0.0148459
0.0147777
0.0145732
0.014234
0.0137628
0.0131651
0.0124494
0.0116285
0.0107193
0.0097429
0.00872399
0.00768918
0.00666562
0.00567911
0.00475239
0.0039037
0.0031459
0.00248611
0.0019259
0.00146198
0.00108725
0.000791967
0.000564954
0.000394644
0.000269941
0.000180804
0.000118591
7.61809e-05
4.79362e-05
2.95524e-05
1.78542e-05
1.05738e-05
6.14053e-06
3.49803e-06
1.95547e-06
1.07317e-06
5.78457e-07
3.06376e-07
1.59524e-07
8.16946e-08
4.11692e-08
2.04257e-08
9.98205e-09
4.80744e-09
2.28275e-09
1.06905e-09
4.93664e-10
2.24038e-10
9.79845e-11
3.663e-11
0
0
2.45344e-11
6.56291e-11
1.50059e-10
3.30652e-10
7.16043e-10
1.52896e-09
3.21998e-09
6.68588e-09
1.36809e-08
2.75747e-08
5.47183e-08
1.06847e-07
2.05208e-07
3.87445e-07
7.188e-07
1.30975e-06
2.34294e-06
4.11287e-06
7.08222e-06
1.19586e-05
1.97939e-05
3.21072e-05
5.10252e-05
7.94309e-05
0.000121101
0.000180804
0.000264329
0.000378401
0.000530452
0.000728228
0.000979219
0.00128995
0.00166518
0.0021071
0.00261466
0.0031831
0.00380382
0.00446457
0.00515014
0.00584324
0.00652571
0.00717966
0.00778865
0.00833851
0.00881784
0.00921819
0.00953377
0.009761
0.00989793
0.00994366
0.00989793
0.009761
0.00953377
0.00921819
0.00881784
0.00833851
0.00778865
0.00717966
0.00652571
0.00584324
0.00515014
0.00446457
0.00380382
0.0031831
0.00261466
0.0021071
0.00166518
0.00128995
0.000979219
0.000728228
0.000530452
0.000378401
0.000264329
0.000180804
0.000121101
7.94309e-05
5.10252e-05
3.21072e-05
1.97939e-05
1.19586e-05
7.08222e-06
4.11287e-06
2.34294e-06
1.30975e-06
7.188e-07
3.87445e-07
2.05208e-07
1.06847e-07
5.47183e-08
2.75747e-08
1.36809e-08
6.68588e-09
3.21998e-09
1.52896e-09
7.16043e-10
3.30652e-10
1.50059e-10
6.56291e-11
2.45344e-11
0
0
1.60923e-11
4.30466e-11
9.84246e-11
2.16877e-10
4.69658e-10
1.00286e-09
2.11201e-09
4.38532e-09
8.97342e-09
1.80865e-08
3.58902e-08
7.00821e-08
1.34597e-07
2.54128e-07
4.71467e-07
8.59077e-07
1.53676e-06
2.69766e-06
4.64528e-06
7.84371e-06
1.2983e-05
2.10594e-05
3.34679e-05
5.20994e-05
7.94309e-05
0.000118591
0.000173375
0.000248196
0.000347928
0.000477651
0.000642278
0.000846087
0.0010922
0.00138206
0.00171498
0.00208782
0.00249495
0.00292835
0.00337802
0.00383263
0.00428026
0.00470919
0.00510863
0.00546929
0.00578369
0.00604629
0.00625327
0.00640232
0.00649213
0.00652212
0.00649213
0.00640232
0.00625327
0.00604629
0.00578369
0.00546929
0.00510863
0.00470919
0.00428026
0.00383263
0.00337802
0.00292835
0.00249495
0.00208782
0.00171498
0.00138206
0.0010922
0.000846087
0.000642278
0.000477651
0.000347928
0.000248196
0.000173375
0.000118591
7.94309e-05
5.20994e-05
3.34679e-05
2.10594e-05
1.2983e-05
7.84371e-06
4.64528e-06
2.69766e-06
1.53676e-06
8.59077e-07
4.71467e-07
2.54128e-07
1.34597e-07
7.00821e-08
3.58902e-08
1.80865e-08
8.97342e-09
4.38532e-09
2.11201e-09
1.00286e-09
4.69658e-10
2.16877e-10
9.84246e-11
4.30466e-11
1.60923e-11
0
0
1.03375e-11
2.76525e-11
6.32265e-11
1.39319e-10
3.01701e-10
6.44222e-10
1.35672e-09
2.81707e-09
5.7644e-09
1.16185e-08
2.30553e-08
4.50197e-08
8.64633e-08
1.63248e-07
3.02863e-07
5.51859e-07
9.87189e-07
1.73294e-06
2.98406e-06
5.03868e-06
8.34007e-06
1.35282e-05
2.14993e-05
3.34679e-05
5.10252e-05
7.61809e-05
0.000111374
0.000159437
0.000223504
0.000306836
0.00041259
0.000543514
0.000701614
0.000887816
0.00110168
0.00134119
0.00160272
0.00188113
0.00216999
0.00246202
0.00274958
0.00302512
0.00328171
0.00351339
0.00371536
0.00388404
0.00401701
0.00411275
0.00417045
0.00418972
0.00417045
0.00411275
0.00401701
0.00388404
0.00371536
0.00351339
0.00328171
0.00302512
0.00274958
0.00246202
0.00216999
0.00188113
0.00160272
0.00134119
0.00110168
0.000887816
0.000701614
0.000543514
0.00041259
0.000306836
0.000223504
0.000159437
0.000111374
7.61809e-05
5.10252e-05
3.34679e-05
2.14993e-05
1.35282e-05
8.34007e-06
5.03868e-06
2.98406e-06
1.73294e-06
9.87189e-07
5.51859e-07
3.02863e-07
1.63248e-07
8.64633e-08
4.50197e-08
2.30553e-08
1.16185e-08
5.7644e-09
2.81707e-09
1.35672e-09
6.44222e-10
3.01701e-10
1.39319e-10
6.32265e-11
2.76525e-11
1.03375e-11
0
0
6.50477e-12
1.74001e-11
3.97848e-11
8.76651e-11
1.89843e-10
4.05371e-10
8.53707e-10
1.77262e-09
3.6272e-09
7.31084e-09
1.45074e-08
2.83283e-08
5.44063e-08
1.02723e-07
1.90574e-07
3.47253e-07
6.21181e-07
1.09044e-06
1.8777e-06
3.17055e-06
5.24792e-06
8.51253e-06
1.35282e-05
2.10594e-05
3.21072e-05
4.79362e-05
7.00811e-05
0.000100325
0.000140638
0.000193074
0.000259619
0.000342002
0.000441485
0.000558651
0.00069322
0.000843931
0.0010085
0.00118368
0.00136545
0.00154921
0.00173015
0.00190353
0.00206499
0.00221077
0.00233786
0.002444
0.00252767
0.00258792
0.00262422
0.00263635
0.00262422
0.00258792
0.00252767
0.002444
0.00233786
0.00221077
0.00206499
0.00190353
0.00173015
0.00154921
0.00136545
0.00118368
0.0010085
0.000843931
0.00069322
0.000558651
0.000441485
0.000342002
0.000259619
0.000193074
0.000140638
0.000100325
7.00811e-05
4.79362e-05
3.21072e-05
2.10594e-05
1.35282e-05
8.51253e-06
5.24792e-06
3.17055e-06
1.8777e-06
1.09044e-06
6.21181e-07
3.47253e-07
1.90574e-07
1.02723e-07
5.44063e-08
2.83283e-08
1.45074e-08
7.31084e-09
3.6272e-09
1.77262e-09
8.53707e-10
4.05371e-10
1.89843e-10
8.76651e-11
3.97848e-11
1.74001e-11
6.50477e-12
0
0
4.01015e-12
1.07271e-11
2.45271e-11
5.4045e-11
1.17037e-10
2.49909e-10
5.26305e-10
1.09281e-09
2.23615e-09
4.50709e-09
8.9437e-09
1.74642e-08
3.35412e-08
6.33278e-08
1.17488e-07
2.14079e-07
3.82954e-07
6.72249e-07
1.15759e-06
1.95462e-06
3.23531e-06
5.24792e-06
8.34007e-06
1.2983e-05
1.97939e-05
2.95524e-05
4.32045e-05
6.18496e-05
8.67024e-05
0.000119029
0.000160053
0.000210842
0.000272173
0.000344405
0.000427366
0.000520278
0.000621734
0.000729734
0.00084179
0.000955078
0.00106663
0.00117351
0.00127305
0.00136293
0.00144128
0.00150671
0.00155829
0.00159543
0.00161782
0.00162529
0.00161782
0.00159543
0.00155829
0.00150671
0.00144128
0.00136293
0.00127305
0.00117351
0.00106663
0.000955078
0.00084179
0.000729734
0.000621734
0.000520278
0.000427366
0.000344405
0.000272173
0.000210842
0.000160053
0.000119029
8.67024e-05
6.18496e-05
4.32045e-05
2.95524e-05
1.97939e-05
1.2983e-05
8.34007e-06
5.24792e-06
3.23531e-06
1.95462e-06
1.15759e-06
6.72249e-07
3.82954e-07
2.14079e-07
1.17488e-07
6.33278e-08
3.35412e-08
1.74642e-08
8.9437e-09
4.50709e-09
2.23615e-09
1.09281e-09
5.26305e-10
2.49909e-10
1.17037e-10
5.4045e-11
2.45271e-11
1.07271e-11
4.01015e-12
0
0
2.42275e-12
6.48079e-12
1.48181e-11
3.26515e-11
7.07084e-11
1.50983e-10
3.17969e-10
6.60223e-10
1.35097e-09
2.72297e-09
5.40337e-09
1.05511e-08
2.0264e-08
3.82597e-08
7.09807e-08
1.29337e-07
2.31363e-07
4.06141e-07
6.99361e-07
1.18089e-06
1.95462e-06
3.17055e-06
5.03868e-06
7.84371e-06
1.19586e-05
1.78542e-05
2.61022e-05
3.73666e-05
5.23815e-05
7.19117e-05
9.66967e-05
0.000127381
0.000164434
0.000208073
0.000258195
0.000314328
0.000375622
0.000440871
0.00050857
0.000577013
0.000644406
0.000708983
0.00076912
0.000823417
0.000870752
0.000910286
0.000941448
0.000963887
0.000977409
0.000981925
0.000977409
0.000963887
0.000941448
0.000910286
0.000870752
0.000823417
0.00076912
0.000708983
0.000644406
0.000577013
0.00050857
0.000440871
0.000375622
0.000314328
0.000258195
0.000208073
0.000164434
0.000127381
9.66967e-05
7.19117e-05
5.23815e-05
3.73666e-05
2.61022e-05
1.78542e-05
1.19586e-05
7.84371e-06
5.03868e-06
3.17055e-06
1.95462e-06
1.18089e-06
6.99361e-07
4.06141e-07
2.31363e-07
1.29337e-07
7.09807e-08
3.82597e-08
2.0264e-08
1.05511e-08
5.40337e-09
2.72297e-09
1.35097e-09
6.60223e-10
3.17969e-10
1.50983e-10
7.07084e-11
3.26515e-11
1.48181e-11
6.48079e-12
2.42275e-12
0
0
1.43482e-12
3.83812e-12
8.77574e-12
1.93372e-11
4.18757e-11
8.94169e-11
1.88311e-10
3.91004e-10
8.00089e-10
1.61263e-09
3.20004e-09
6.24866e-09
1.2001e-08
2.26586e-08
4.20369e-08
7.65971e-08
1.3702e-07
2.40529e-07
4.14183e-07
6.99361e-07
1.15759e-06
1.8777e-06
2.98406e-06
4.64528e-06
7.08222e-06
1.05738e-05
1.54585e-05
2.21297e-05
3.10219e-05
4.25883e-05
5.72668e-05
7.54389e-05
9.73829e-05
0.000123227
0.000152911
0.000186155
0.000222455
0.000261097
0.000301191
0.000341725
0.000381637
0.000419881
0.000455496
0.000487653
0.000515686
0.000539099
0.000557555
0.000570843
0.000578851
0.000581526
0.000578851
0.000570843
0.000557555
0.000539099
0.000515686
0.000487653
0.000455496
0.000419881
0.000381637
0.000341725
0.000301191
0.000261097
0.000222455
0.000186155
0.000152911
0.000123227
9.73829e-05
7.54389e-05
5.72668e-05
4.25883e-05
3.10219e-05
2.21297e-05
1.54585e-05
1.05738e-05
7.08222e-06
4.64528e-06
2.98406e-06
1.8777e-06
1.15759e-06
6.99361e-07
4.14183e-07
2.40529e-07
1.3702e-07
7.65971e-08
4.20369e-08
2.26586e-08
1.2001e-08
6.24866e-09
3.20004e-09
1.61263e-09
8.00089e-10
3.91004e-10
1.88311e-10
8.94169e-11
4.18757e-11
1.93372e-11
8.77574e-12
3.83812e-12
1.43482e-12
0
0
8.33248e-13
2.22892e-12
5.09635e-12
1.12297e-11
2.43185e-11
5.19273e-11
1.09358e-10
2.27069e-10
4.64637e-10
9.36504e-10
1.85836e-09
3.6288e-09
6.96934e-09
1.31586e-08
2.44122e-08
4.44824e-08
7.9572e-08
1.39683e-07
2.40529e-07
4.06141e-07
6.72249e-07
1.09044e-06
1.73294e-06
2.69766e-06
4.11287e-06
6.14053e-06
8.97725e-06
1.28514e-05
1.80154e-05
2.47324e-05
3.32566e-05
4.38098e-05
5.65534e-05
7.15621e-05
8.88001e-05
0.000108106
0.000129187
0.000151628
0.000174911
0.000198451
0.000221629
0.000243838
0.000264521
0.000283196
0.000299475
0.000313072
0.00032379
0.000331507
0.000336158
0.000337711
0.000336158
0.000331507
0.00032379
0.000313072
0.000299475
0.000283196
0.000264521
0.000243838
0.000221629
0.000198451
0.000174911
0.000151628
0.000129187
0.000108106
8.88001e-05
7.15621e-05
5.65534e-05
4.38098e-05
3.32566e-05
2.47324e-05
1.80154e-05
1.28514e-05
8.97725e-06
6.14053e-06
4.11287e-06
2.69766e-06
1.73294e-06
1.09044e-06
6.72249e-07
4.06141e-07
2.40529e-07
1.39683e-07
7.9572e-08
4.44824e-08
2.44122e-08
1.31586e-08
6.96934e-09
3.6288e-09
1.85836e-09
9.36504e-10
4.64637e-10
2.27069e-10
1.09358e-10
5.19273e-11
2.43185e-11
1.12297e-11
5.09635e-12
2.22892e-12
8.33248e-13
0
0
4.74669e-13
1.26973e-12
2.9032e-12
6.39714e-12
1.38533e-11
2.9581e-11
6.22971e-11
1.29352e-10
2.64686e-10
5.3349e-10
1.05864e-09
2.06719e-09
3.97017e-09
7.49593e-09
1.39067e-08
2.53399e-08
4.53291e-08
7.9572e-08
1.3702e-07
2.31363e-07
3.82954e-07
6.21181e-07
9.87189e-07
1.53676e-06
2.34294e-06
3.49803e-06
5.11399e-06
7.32095e-06
1.02627e-05
1.40891e-05
1.8945e-05
2.49567e-05
3.22163e-05
4.07661e-05
5.0586e-05
6.15837e-05
7.35927e-05
8.63764e-05
9.96401e-05
0.00011305
0.000126253
0.000138905
0.000150688
0.000161326
0.000170599
0.000178345
0.000184451
0.000188847
0.000191496
0.000192381
0.000191496
0.000188847
0.000184451
0.000178345
0.000170599
0.000161326
0.000150688
0.000138905
0.000126253
0.00011305
9.96401e-05
8.63764e-05
7.35927e-05
6.15837e-05
5.0586e-05
4.07661e-05
3.22163e-05
2.49567e-05
1.8945e-05
1.40891e-05
1.02627e-05
7.32095e-06
5.11399e-06
3.49803e-06
2.34294e-06
1.53676e-06
9.87189e-07
6.21181e-07
3.82954e-07
2.31363e-07
1.3702e-07
7.9572e-08
4.53291e-08
2.53399e-08
1.39067e-08
7.49593e-09
3.97017e-09
2.06719e-09
1.05864e-09
5.3349e-10
2.64686e-10
1.29352e-10
6.22971e-11
2.9581e-11
1.38533e-11
6.39714e-12
2.9032e-12
1.26973e-12
4.74669e-13
0
0
2.6535e-13
7.09805e-13
1.62294e-12
3.57613e-12
7.74429e-12
1.65363e-11
3.48253e-11
7.23105e-11
1.47965e-10
2.98232e-10
5.918e-10
1.1556e-09
2.2194e-09
4.19037e-09
7.77412e-09
1.41655e-08
2.53399e-08
4.44824e-08
7.65971e-08
1.29337e-07
2.14079e-07
3.47253e-07
5.51859e-07
8.59077e-07
1.30975e-06
1.95547e-06
2.85882e-06
4.09256e-06
5.73705e-06
7.87608e-06
1.05906e-05
1.39513e-05
1.80095e-05
2.27891e-05
2.82786e-05
3.44265e-05
4.11398e-05
4.82861e-05
5.57008e-05
6.3197e-05
7.05781e-05
7.76509e-05
8.42373e-05
9.01843e-05
9.53685e-05
9.96985e-05
0.000103112
0.000105569
0.00010705
0.000107545
0.00010705
0.000105569
0.000103112
9.96985e-05
9.53685e-05
9.01843e-05
8.42373e-05
7.76509e-05
7.05781e-05
6.3197e-05
5.57008e-05
4.82861e-05
4.11398e-05
3.44265e-05
2.82786e-05
2.27891e-05
1.80095e-05
1.39513e-05
1.05906e-05
7.87608e-06
5.73705e-06
4.09256e-06
2.85882e-06
1.95547e-06
1.30975e-06
8.59077e-07
5.51859e-07
3.47253e-07
2.14079e-07
1.29337e-07
7.65971e-08
4.44824e-08
2.53399e-08
1.41655e-08
7.77412e-09
4.19037e-09
2.2194e-09
1.1556e-09
5.918e-10
2.98232e-10
1.47965e-10
7.23105e-11
3.48253e-11
1.65363e-11
7.74429e-12
3.57613e-12
1.62294e-12
7.09805e-13
2.6535e-13
0
0
1.45626e-13
3.89545e-13
8.90682e-13
1.9626e-12
4.25011e-12
9.07525e-12
1.91124e-11
3.96845e-11
8.12039e-11
1.63671e-10
3.24784e-10
6.34199e-10
1.21802e-09
2.2997e-09
4.26648e-09
7.77412e-09
1.39067e-08
2.44122e-08
4.20369e-08
7.09807e-08
1.17488e-07
1.90574e-07
3.02863e-07
4.71467e-07
7.188e-07
1.07317e-06
1.56894e-06
2.24602e-06
3.14853e-06
4.32244e-06
5.81221e-06
7.65657e-06
9.88375e-06
1.25068e-05
1.55195e-05
1.88935e-05
2.25778e-05
2.64997e-05
3.0569e-05
3.46829e-05
3.87337e-05
4.26153e-05
4.623e-05
4.94937e-05
5.23388e-05
5.47151e-05
5.65883e-05
5.7937e-05
5.87498e-05
5.90212e-05
5.87498e-05
5.7937e-05
5.65883e-05
5.47151e-05
5.23388e-05
4.94937e-05
4.623e-05
4.26153e-05
3.87337e-05
3.46829e-05
3.0569e-05
2.64997e-05
2.25778e-05
1.88935e-05
1.55195e-05
1.25068e-05
9.88375e-06
7.65657e-06
5.81221e-06
4.32244e-06
3.14853e-06
2.24602e-06
1.56894e-06
1.07317e-06
7.188e-07
4.71467e-07
3.02863e-07
1.90574e-07
1.17488e-07
7.09807e-08
4.20369e-08
2.44122e-08
1.39067e-08
7.77412e-09
4.26648e-09
2.2997e-09
1.21802e-09
6.34199e-10
3.24784e-10
1.63671e-10
8.12039e-11
3.96845e-11
1.91124e-11
9.07525e-12
4.25011e-12
1.9626e-12
8.90682e-13
3.89545e-13
1.45626e-13
0
0
7.84945e-14
2.09971e-13
4.80092e-13
1.05787e-12
2.29088e-12
4.8917e-12
1.03019e-11
2.13906e-11
4.37702e-11
8.82215e-11
1.75064e-10
3.41844e-10
6.56533e-10
1.23958e-09
2.2997e-09
4.19037e-09
7.49593e-09
1.31586e-08
2.26586e-08
3.82597e-08
6.33278e-08
1.02723e-07
1.63248e-07
2.54128e-07
3.87445e-07
5.78457e-07
8.45684e-07
1.21064e-06
1.69711e-06
2.32987e-06
3.13288e-06
4.12701e-06
5.3275e-06
6.74136e-06
8.36524e-06
1.01839e-05
1.21698e-05
1.42838e-05
1.64772e-05
1.86946e-05
2.08781e-05
2.29703e-05
2.49187e-05
2.66779e-05
2.82115e-05
2.94923e-05
3.0502e-05
3.1229e-05
3.16671e-05
3.18134e-05
3.16671e-05
3.1229e-05
3.0502e-05
2.94923e-05
2.82115e-05
2.66779e-05
2.49187e-05
2.29703e-05
2.08781e-05
1.86946e-05
1.64772e-05
1.42838e-05
1.21698e-05
1.01839e-05
8.36524e-06
6.74136e-06
5.3275e-06
4.12701e-06
3.13288e-06
2.32987e-06
1.69711e-06
1.21064e-06
8.45684e-07
5.78457e-07
3.87445e-07
2.54128e-07
1.63248e-07
1.02723e-07
6.33278e-08
3.82597e-08
2.26586e-08
1.31586e-08
7.49593e-09
4.19037e-09
2.2997e-09
1.23958e-09
6.56533e-10
3.41844e-10
1.75064e-10
8.82215e-11
4.37702e-11
2.13906e-11
1.03019e-11
4.8917e-12
2.29088e-12
1.05787e-12
4.80092e-13
2.09971e-13
7.84945e-14
0
0
4.15741e-14
1.1121e-13
2.54277e-13
5.60296e-13
1.21335e-12
2.59086e-12
5.45632e-12
1.13294e-11
2.31826e-11
4.67259e-11
9.27212e-11
1.81055e-10
3.47728e-10
6.56533e-10
1.21802e-09
2.2194e-09
3.97017e-09
6.96934e-09
1.2001e-08
2.0264e-08
3.35412e-08
5.44063e-08
8.64633e-08
1.34597e-07
2.05208e-07
3.06376e-07
4.47911e-07
6.41208e-07
8.98862e-07
1.234e-06
1.65931e-06
2.18584e-06
2.82167e-06
3.57052e-06
4.43059e-06
5.39383e-06
6.44564e-06
7.5653e-06
8.72701e-06
9.90149e-06
1.10579e-05
1.21661e-05
1.3198e-05
1.41298e-05
1.4942e-05
1.56204e-05
1.61552e-05
1.65402e-05
1.67722e-05
1.68497e-05
1.67722e-05
1.65402e-05
1.61552e-05
1.56204e-05
1.4942e-05
1.41298e-05
1.3198e-05
1.21661e-05
1.10579e-05
9.90149e-06
8.72701e-06
7.5653e-06
6.44564e-06
5.39383e-06
4.43059e-06
3.57052e-06
2.82167e-06
2.18584e-06
1.65931e-06
1.234e-06
8.98862e-07
6.41208e-07
4.47911e-07
3.06376e-07
2.05208e-07
1.34597e-07
8.64633e-08
5.44063e-08
3.35412e-08
2.0264e-08
1.2001e-08
6.96934e-09
3.97017e-09
2.2194e-09
1.21802e-09
6.56533e-10
3.47728e-10
1.81055e-10
9.27212e-11
4.67259e-11
2.31826e-11
1.13294e-11
5.45632e-12
2.59086e-12
1.21335e-12
5.60296e-13
2.54277e-13
1.1121e-13
4.15741e-14
0
0
2.16468e-14
5.79047e-14
1.32397e-13
2.91735e-13
6.31766e-13
1.34901e-12
2.84099e-12
5.89897e-12
1.20707e-11
2.43293e-11
4.82781e-11
9.42718e-11
1.81055e-10
3.41844e-10
6.34199e-10
1.1556e-09
2.06719e-09
3.6288e-09
6.24866e-09
1.05511e-08
1.74642e-08
2.83283e-08
4.50197e-08
7.00821e-08
1.06847e-07
1.59524e-07
2.33218e-07
3.33864e-07
4.68019e-07
6.42518e-07
8.63967e-07
1.13812e-06
1.46919e-06
1.8591e-06
2.30692e-06
2.80846e-06
3.35612e-06
3.9391e-06
4.54398e-06
5.15551e-06
5.75765e-06
6.33463e-06
6.87194e-06
7.35708e-06
7.78001e-06
8.13324e-06
8.41167e-06
8.61215e-06
8.73297e-06
8.77332e-06
8.73297e-06
8.61215e-06
8.41167e-06
8.13324e-06
7.78001e-06
7.35708e-06
6.87194e-06
6.33463e-06
5.75765e-06
5.15551e-06
4.54398e-06
3.9391e-06
3.35612e-06
2.80846e-06
2.30692e-06
1.8591e-06
1.46919e-06
1.13812e-06
8.63967e-07
6.42518e-07
4.68019e-07
3.33864e-07
2.33218e-07
1.59524e-07
1.06847e-07
7.00821e-08
4.50197e-08
2.83283e-08
1.74642e-08
1.05511e-08
6.24866e-09
3.6288e-09
2.06719e-09
1.1556e-09
6.34199e-10
3.41844e-10
1.81055e-10
9.42718e-11
4.82781e-11
2.43293e-11
1.20707e-11
5.89897e-12
2.84099e-12
1.34901e-12
6.31766e-13
2.91735e-13
1.32397e-13
5.79047e-14
2.16468e-14
0
0
1.10857e-14
2.96539e-14
6.78027e-14
1.49402e-13
3.23538e-13
6.90848e-13
1.45492e-12
3.02096e-12
6.1816e-12
1.24594e-11
2.4724e-11
4.82781e-11
9.27212e-11
1.75064e-10
3.24784e-10
5.918e-10
1.05864e-09
1.85836e-09
3.20004e-09
5.40337e-09
8.9437e-09
1.45074e-08
2.30553e-08
3.58902e-08
5.47183e-08
8.16946e-08
1.19435e-07
1.70977e-07
2.3968e-07
3.29043e-07
4.42451e-07
5.82852e-07
7.52395e-07
9.52073e-07
1.18141e-06
1.43826e-06
1.71872e-06
2.01728e-06
2.32704e-06
2.64022e-06
2.94858e-06
3.24406e-06
3.51923e-06
3.76768e-06
3.98426e-06
4.16516e-06
4.30775e-06
4.41042e-06
4.47229e-06
4.49295e-06
4.47229e-06
4.41042e-06
4.30775e-06
4.16516e-06
3.98426e-06
3.76768e-06
3.51923e-06
3.24406e-06
2.94858e-06
2.64022e-06
2.32704e-06
2.01728e-06
1.71872e-06
1.43826e-06
1.18141e-06
9.52073e-07
7.52395e-07
5.82852e-07
4.42451e-07
3.29043e-07
2.3968e-07
1.70977e-07
1.19435e-07
8.16946e-08
5.47183e-08
3.58902e-08
2.30553e-08
1.45074e-08
8.9437e-09
5.40337e-09
3.20004e-09
1.85836e-09
1.05864e-09
5.918e-10
3.24784e-10
1.75064e-10
9.27212e-11
4.82781e-11
2.4724e-11
1.24594e-11
6.1816e-12
3.02096e-12
1.45492e-12
6.90848e-13
3.23538e-13
1.49402e-13
6.78027e-14
2.96539e-14
1.10857e-14
0
0
5.58651e-15
1.49438e-14
3.41685e-14
7.52897e-14
1.63044e-13
3.48146e-13
7.33191e-13
1.52238e-12
3.11516e-12
6.27879e-12
1.24594e-11
2.43293e-11
4.67259e-11
8.82215e-11
1.63671e-10
2.98232e-10
5.3349e-10
9.36504e-10
1.61263e-09
2.72297e-09
4.50709e-09
7.31084e-09
1.16185e-08
1.80865e-08
2.75747e-08
4.11692e-08
6.01879e-08
8.61622e-08
1.20784e-07
1.65818e-07
2.22969e-07
2.93722e-07
3.79162e-07
4.79788e-07
5.9536e-07
7.24795e-07
8.66132e-07
1.01659e-06
1.17269e-06
1.33051e-06
1.48591e-06
1.63481e-06
1.77348e-06
1.89868e-06
2.00783e-06
2.09899e-06
2.17085e-06
2.22259e-06
2.25377e-06
2.26418e-06
2.25377e-06
2.22259e-06
2.17085e-06
2.09899e-06
2.00783e-06
1.89868e-06
1.77348e-06
1.63481e-06
1.48591e-06
1.33051e-06
1.17269e-06
1.01659e-06
8.66132e-07
7.24795e-07
5.9536e-07
4.79788e-07
3.79162e-07
2.93722e-07
2.22969e-07
1.65818e-07
1.20784e-07
8.61622e-08
6.01879e-08
4.11692e-08
2.75747e-08
1.80865e-08
1.16185e-08
7.31084e-09
4.50709e-09
2.72297e-09
1.61263e-09
9.36504e-10
5.3349e-10
2.98232e-10
1.63671e-10
8.82215e-11
4.67259e-11
2.43293e-11
1.24594e-11
6.27879e-12
3.11516e-12
1.52238e-12
7.33191e-13
3.48146e-13
1.63044e-13
7.52897e-14
3.41685e-14
1.49438e-14
5.58651e-15
0
0
2.77169e-15
7.41421e-15
1.69523e-14
3.73542e-14
8.08924e-14
1.72729e-13
3.63765e-13
7.55314e-13
1.54555e-12
3.11516e-12
6.1816e-12
1.20707e-11
2.31826e-11
4.37702e-11
8.12039e-11
1.47965e-10
2.64686e-10
4.64637e-10
8.00089e-10
1.35097e-09
2.23615e-09
3.6272e-09
5.7644e-09
8.97342e-09
1.36809e-08
2.04257e-08
2.98616e-08
4.27485e-08
5.99259e-08
8.2269e-08
1.10624e-07
1.45727e-07
1.88117e-07
2.38042e-07
2.95382e-07
3.596e-07
4.29723e-07
5.04369e-07
5.81819e-07
6.6012e-07
7.37218e-07
8.11096e-07
8.79895e-07
9.42013e-07
9.96165e-07
1.04139e-06
1.07704e-06
1.10271e-06
1.11818e-06
1.12335e-06
1.11818e-06
1.10271e-06
1.07704e-06
1.04139e-06
9.96165e-07
9.42013e-07
8.79895e-07
8.11096e-07
7.37218e-07
6.6012e-07
5.81819e-07
5.04369e-07
4.29723e-07
3.596e-07
2.95382e-07
2.38042e-07
1.88117e-07
1.45727e-07
1.10624e-07
8.2269e-08
5.99259e-08
4.27485e-08
2.98616e-08
2.04257e-08
1.36809e-08
8.97342e-09
5.7644e-09
3.6272e-09
2.23615e-09
1.35097e-09
8.00089e-10
4.64637e-10
2.64686e-10
1.47965e-10
8.12039e-11
4.37702e-11
2.31826e-11
1.20707e-11
6.1816e-12
3.11516e-12
1.54555e-12
7.55314e-13
3.63765e-13
1.72729e-13
8.08924e-14
3.73542e-14
1.69523e-14
7.41421e-15
2.77169e-15
0
0
1.35453e-15
3.62333e-15
8.28463e-15
1.8255e-14
3.95322e-14
8.44129e-14
1.77773e-13
3.69123e-13
7.55314e-13
1.52238e-12
3.02096e-12
5.89897e-12
1.13294e-11
2.13906e-11
3.96845e-11
7.23105e-11
1.29352e-10
2.27069e-10
3.91004e-10
6.60223e-10
1.09281e-09
1.77262e-09
2.81707e-09
4.38532e-09
6.68588e-09
9.98205e-09
1.45934e-08
2.08912e-08
2.92859e-08
4.0205e-08
5.4062e-08
7.12171e-08
9.19331e-08
1.16331e-07
1.44353e-07
1.75737e-07
2.10006e-07
2.46486e-07
2.84335e-07
3.22601e-07
3.60279e-07
3.96384e-07
4.30006e-07
4.60363e-07
4.86827e-07
5.0893e-07
5.26352e-07
5.38898e-07
5.46458e-07
5.48982e-07
5.46458e-07
5.38898e-07
5.26352e-07
5.0893e-07
4.86827e-07
4.60363e-07
4.30006e-07
3.96384e-07
3.60279e-07
3.22601e-07
2.84335e-07
2.46486e-07
2.10006e-07
1.75737e-07
1.44353e-07
1.16331e-07
9.19331e-08
7.12171e-08
5.4062e-08
4.0205e-08
2.92859e-08
2.08912e-08
1.45934e-08
9.98205e-09
6.68588e-09
4.38532e-09
2.81707e-09
1.77262e-09
1.09281e-09
6.60223e-10
3.91004e-10
2.27069e-10
1.29352e-10
7.23105e-11
3.96845e-11
2.13906e-11
1.13294e-11
5.89897e-12
3.02096e-12
1.52238e-12
7.55314e-13
3.69123e-13
1.77773e-13
8.44129e-14
3.95322e-14
1.8255e-14
8.28463e-15
3.62333e-15
1.35453e-15
0
0
6.52352e-16
1.74503e-15
3.98995e-15
8.79178e-15
1.9039e-14
4.0654e-14
8.56168e-14
1.77773e-13
3.63765e-13
7.33191e-13
1.45492e-12
2.84099e-12
5.45632e-12
1.03019e-11
1.91124e-11
3.48253e-11
6.22971e-11
1.09358e-10
1.88311e-10
3.17969e-10
5.26305e-10
8.53707e-10
1.35672e-09
2.11201e-09
3.21998e-09
4.80744e-09
7.02831e-09
1.00614e-08
1.41043e-08
1.9363e-08
2.60367e-08
3.42988e-08
4.42758e-08
5.60261e-08
6.95218e-08
8.46363e-08
1.01141e-07
1.1871e-07
1.36938e-07
1.55367e-07
1.73514e-07
1.90902e-07
2.07094e-07
2.21715e-07
2.3446e-07
2.45105e-07
2.53496e-07
2.59538e-07
2.63179e-07
2.64394e-07
2.63179e-07
2.59538e-07
2.53496e-07
2.45105e-07
2.3446e-07
2.21715e-07
2.07094e-07
1.90902e-07
1.73514e-07
1.55367e-07
1.36938e-07
1.1871e-07
1.01141e-07
8.46363e-08
6.95218e-08
5.60261e-08
4.42758e-08
3.42988e-08
2.60367e-08
1.9363e-08
1.41043e-08
1.00614e-08
7.02831e-09
4.80744e-09
3.21998e-09
2.11201e-09
1.35672e-09
8.53707e-10
5.26305e-10
3.17969e-10
1.88311e-10
1.09358e-10
6.22971e-11
3.48253e-11
1.91124e-11
1.03019e-11
5.45632e-12
2.84099e-12
1.45492e-12
7.33191e-13
3.63765e-13
1.77773e-13
8.56168e-14
4.0654e-14
1.9039e-14
8.79178e-15
3.98995e-15
1.74503e-15
6.52352e-16
0
0
3.09761e-16
8.28603e-16
1.89457e-15
4.17466e-15
9.04043e-15
1.9304e-14
4.0654e-14
8.44129e-14
1.72729e-13
3.48146e-13
6.90848e-13
1.34901e-12
2.59086e-12
4.8917e-12
9.07525e-12
1.65363e-11
2.9581e-11
5.19273e-11
8.94169e-11
1.50983e-10
2.49909e-10
4.05371e-10
6.44222e-10
1.00286e-09
1.52896e-09
2.28275e-09
3.3373e-09
4.77752e-09
6.69725e-09
9.19428e-09
1.23632e-08
1.62863e-08
2.10238e-08
2.66032e-08
3.30115e-08
4.01884e-08
4.80253e-08
5.63676e-08
6.50233e-08
7.37741e-08
8.23906e-08
9.06471e-08
9.83359e-08
1.05278e-07
1.1133e-07
1.16385e-07
1.20369e-07
1.23238e-07
1.24967e-07
1.25544e-07
1.24967e-07
1.23238e-07
1.20369e-07
1.16385e-07
1.1133e-07
1.05278e-07
9.83359e-08
9.06471e-08
8.23906e-08
7.37741e-08
6.50233e-08
5.63676e-08
4.80253e-08
4.01884e-08
3.30115e-08
2.66032e-08
2.10238e-08
1.62863e-08
1.23632e-08
9.19428e-09
6.69725e-09
4.77752e-09
3.3373e-09
2.28275e-09
1.52896e-09
1.00286e-09
6.44222e-10
4.05371e-10
2.49909e-10
1.50983e-10
8.94169e-11
5.19273e-11
2.9581e-11
1.65363e-11
9.07525e-12
4.8917e-12
2.59086e-12
1.34901e-12
6.90848e-13
3.48146e-13
1.72729e-13
8.44129e-14
4.0654e-14
1.9304e-14
9.04043e-15
4.17466e-15
1.89457e-15
8.28603e-16
3.09761e-16
0
0
1.45067e-16
3.88051e-16
8.87265e-16
1.95507e-15
4.23381e-15
9.04043e-15
1.9039e-14
3.95322e-14
8.08924e-14
1.63044e-13
3.23538e-13
6.31766e-13
1.21335e-12
2.29088e-12
4.25011e-12
7.74429e-12
1.38533e-11
2.43185e-11
4.18757e-11
7.07084e-11
1.17037e-10
1.89843e-10
3.01701e-10
4.69658e-10
7.16043e-10
1.06905e-09
1.56292e-09
2.2374e-09
3.13645e-09
4.30586e-09
5.78991e-09
7.62719e-09
9.84583e-09
1.24588e-08
1.54599e-08
1.8821e-08
2.24912e-08
2.63981e-08
3.04517e-08
3.45499e-08
3.85851e-08
4.24518e-08
4.60526e-08
4.93038e-08
5.2138e-08
5.45052e-08
5.63712e-08
5.77147e-08
5.85244e-08
5.87947e-08
5.85244e-08
5.77147e-08
5.63712e-08
5.45052e-08
5.2138e-08
4.93038e-08
4.60526e-08
4.24518e-08
3.85851e-08
3.45499e-08
3.04517e-08
2.63981e-08
2.24912e-08
1.8821e-08
1.54599e-08
1.24588e-08
9.84583e-09
7.62719e-09
5.78991e-09
4.30586e-09
3.13645e-09
2.2374e-09
1.56292e-09
1.06905e-09
7.16043e-10
4.69658e-10
3.01701e-10
1.89843e-10
1.17037e-10
7.07084e-11
4.18757e-11
2.43185e-11
1.38533e-11
7.74429e-12
4.25011e-12
2.29088e-12
1.21335e-12
6.31766e-13
3.23538e-13
1.63044e-13
8.08924e-14
3.95322e-14
1.9039e-14
9.04043e-15
4.23381e-15
1.95507e-15
8.87265e-16
3.88051e-16
1.45067e-16
0
0
6.69885e-17
1.79193e-16
4.09718e-16
9.02807e-16
1.95507e-15
4.17466e-15
8.79178e-15
1.8255e-14
3.73542e-14
7.52897e-14
1.49402e-13
2.91735e-13
5.60296e-13
1.05787e-12
1.9626e-12
3.57613e-12
6.39714e-12
1.12297e-11
1.93372e-11
3.26515e-11
5.4045e-11
8.76651e-11
1.39319e-10
2.16877e-10
3.30652e-10
4.93664e-10
7.2172e-10
1.03318e-09
1.44834e-09
1.98834e-09
2.67365e-09
3.52206e-09
4.54657e-09
5.75319e-09
7.13903e-09
8.6911e-09
1.03859e-08
1.219e-08
1.40619e-08
1.59543e-08
1.78177e-08
1.96032e-08
2.1266e-08
2.27673e-08
2.40761e-08
2.51692e-08
2.60309e-08
2.66513e-08
2.70252e-08
2.715e-08
2.70252e-08
2.66513e-08
2.60309e-08
2.51692e-08
2.40761e-08
2.27673e-08
2.1266e-08
1.96032e-08
1.78177e-08
1.59543e-08
1.40619e-08
1.219e-08
1.03859e-08
8.6911e-09
7.13903e-09
5.75319e-09
4.54657e-09
3.52206e-09
2.67365e-09
1.98834e-09
1.44834e-09
1.03318e-09
7.2172e-10
4.93664e-10
3.30652e-10
2.16877e-10
1.39319e-10
8.76651e-11
5.4045e-11
3.26515e-11
1.93372e-11
1.12297e-11
6.39714e-12
3.57613e-12
1.9626e-12
1.05787e-12
5.60296e-13
2.91735e-13
1.49402e-13
7.52897e-14
3.73542e-14
1.8255e-14
8.79178e-15
4.17466e-15
1.95507e-15
9.02807e-16
4.09718e-16
1.79193e-16
6.69885e-17
0
0
3.04012e-17
8.13225e-17
1.85941e-16
4.09718e-16
8.87265e-16
1.89457e-15
3.98995e-15
8.28463e-15
1.69523e-14
3.41685e-14
6.78027e-14
1.32397e-13
2.54277e-13
4.80092e-13
8.90682e-13
1.62294e-12
2.9032e-12
5.09635e-12
8.77574e-12
1.48181e-11
2.45271e-11
3.97848e-11
6.32265e-11
9.84246e-11
1.50059e-10
2.24038e-10
3.27536e-10
4.68885e-10
6.57295e-10
9.02364e-10
1.21337e-09
1.5984e-09
2.06336e-09
2.61095e-09
3.23988e-09
3.94426e-09
4.7134e-09
5.53215e-09
6.38165e-09
7.24049e-09
8.08615e-09
8.89647e-09
9.65109e-09
1.03324e-08
1.09264e-08
1.14225e-08
1.18135e-08
1.20951e-08
1.22648e-08
1.23214e-08
1.22648e-08
1.20951e-08
1.18135e-08
1.14225e-08
1.09264e-08
1.03324e-08
9.65109e-09
8.89647e-09
8.08615e-09
7.24049e-09
6.38165e-09
5.53215e-09
4.7134e-09
3.94426e-09
3.23988e-09
2.61095e-09
2.06336e-09
1.5984e-09
1.21337e-09
9.02364e-10
6.57295e-10
4.68885e-10
3.27536e-10
2.24038e-10
1.50059e-10
9.84246e-11
6.32265e-11
3.97848e-11
2.45271e-11
1.48181e-11
8.77574e-12
5.09635e-12
2.9032e-12
1.62294e-12
8.90682e-13
4.80092e-13
2.54277e-13
1.32397e-13
6.78027e-14
3.41685e-14
1.69523e-14
8.28463e-15
3.98995e-15
1.89457e-15
8.87265e-16
4.09718e-16
1.85941e-16
8.13225e-17
3.04012e-17
0
0
1.32961e-17
3.55669e-17
8.13225e-17
1.79193e-16
3.88051e-16
8.28603e-16
1.74503e-15
3.62333e-15
7.41421e-15
1.49438e-14
2.96539e-14
5.79047e-14
1.1121e-13
2.09971e-13
3.89545e-13
7.09805e-13
1.26973e-12
2.22892e-12
3.83812e-12
6.48079e-12
1.07271e-11
1.74001e-11
2.76525e-11
4.30466e-11
6.56291e-11
9.79845e-11
1.4325e-10
2.0507e-10
2.87472e-10
3.94654e-10
5.30676e-10
6.99072e-10
9.02422e-10
1.14192e-09
1.41698e-09
1.72504e-09
2.06143e-09
2.41952e-09
2.79106e-09
3.16667e-09
3.53653e-09
3.89093e-09
4.22096e-09
4.51895e-09
4.77872e-09
4.99569e-09
5.16671e-09
5.28986e-09
5.36406e-09
5.38885e-09
5.36406e-09
5.28986e-09
5.16671e-09
4.99569e-09
4.77872e-09
4.51895e-09
4.22096e-09
3.89093e-09
3.53653e-09
3.16667e-09
2.79106e-09
2.41952e-09
2.06143e-09
1.72504e-09
1.41698e-09
1.14192e-09
9.02422e-10
6.99072e-10
5.30676e-10
3.94654e-10
2.87472e-10
2.0507e-10
1.4325e-10
9.79845e-11
6.56291e-11
4.30466e-11
2.76525e-11
1.74001e-11
1.07271e-11
6.48079e-12
3.83812e-12
2.22892e-12
1.26973e-12
7.09805e-13
3.89545e-13
2.09971e-13
1.1121e-13
5.79047e-14
2.96539e-14
1.49438e-14
7.41421e-15
3.62333e-15
1.74503e-15
8.28603e-16
3.88051e-16
1.79193e-16
8.13225e-17
3.55669e-17
1.32961e-17
0
0
4.97056e-18
1.32961e-17
3.04012e-17
6.69885e-17
1.45067e-16
3.09761e-16
6.52352e-16
1.35453e-15
2.77169e-15
5.58651e-15
1.10857e-14
2.16468e-14
4.15741e-14
7.84945e-14
1.45626e-13
2.6535e-13
4.74669e-13
8.33248e-13
1.43482e-12
2.42275e-12
4.01015e-12
6.50477e-12
1.03375e-11
1.60923e-11
2.45344e-11
3.663e-11
5.35518e-11
7.66622e-11
1.07467e-10
1.47536e-10
1.98385e-10
2.61337e-10
3.37357e-10
4.26888e-10
5.29718e-10
6.44882e-10
7.70635e-10
9.04501e-10
1.04339e-09
1.18381e-09
1.32208e-09
1.45456e-09
1.57794e-09
1.68934e-09
1.78645e-09
1.86756e-09
1.9315e-09
1.97753e-09
2.00527e-09
2.01454e-09
2.00527e-09
1.97753e-09
1.9315e-09
1.86756e-09
1.78645e-09
1.68934e-09
1.57794e-09
1.45456e-09
1.32208e-09
1.18381e-09
1.04339e-09
9.04501e-10
7.70635e-10
6.44882e-10
5.29718e-10
4.26888e-10
3.37357e-10
2.61337e-10
1.98385e-10
1.47536e-10
1.07467e-10
7.66622e-11
5.35518e-11
3.663e-11
2.45344e-11
1.60923e-11
1.03375e-11
6.50477e-12
4.01015e-12
2.42275e-12
1.43482e-12
8.33248e-13
4.74669e-13
2.6535e-13
1.45626e-13
7.84945e-14
4.15741e-14
2.16468e-14
1.10857e-14
5.58651e-15
2.77169e-15
1.35453e-15
6.52352e-16
3.09761e-16
1.45067e-16
6.69885e-17
3.04012e-17
1.32961e-17
4.97056e-18
0
0
0
0
0
0
0
0
0
0
0
0
0
0
0
0
0
0
0
0
0
0
0
0
0
0
0
0
0
0
0
0
0
0
0
0
0
0
0
0
0
0
0
0
0
0
0
0
0
0
0
0
0
0
0
0
0
0
0
0
0
0
0
0
0
0
0
0
0
0
0
0
0
0
0
0
0
0
0
0
0
0
0
0
0
0
0
0
0
0
0
0
0
0
0
0
0
0
0
0
0
0
