# vtk DataFile Version 3.0
Heat2D data at time 0.04
ASCII
DATASET STRUCTURED_POINTS
DIMENSIONS 101 101 1
ORIGIN 0 0 0
SPACING 0.01 0.01 1
POINT_DATA 10201
SCALARS temperature double
LOOKUP_TABLE default
0
0
0
0
0
0
0
0
0
0
0
0
0
0
0
0
0
0
0
0
0
0
0
0
0
0
0
0
0
0
0
0
0
0
0
0
0
0
0
0
0
0
0
0
0
0
0
0
0
0
0
0
0
0
0
0
0
0
0
0
0
0
0
0
0
0
0
0
0
0
0
0
0
0
0
0
0
0
0
0
0
0
0
0
0
0
0
0
0
0
0
0
0
0
0
0
0
0
0
0
0
0
3.80552e-11
8.4355e-11
1.48542e-10
2.43212e-10
3.85799e-10
6.00957e-10
9.23638e-10
1.40306e-09
2.10781e-09
3.13218e-09
4.60412e-09
6.69467e-09
9.62914e-09
1.36998e-08
1.92798e-08
2.68379e-08
3.6953e-08
5.03279e-08
6.78001e-08
9.03485e-08
1.19095e-07
1.55295e-07
2.00325e-07
2.55649e-07
3.22784e-07
4.03242e-07
4.98467e-07
6.09763e-07
7.38209e-07
8.84574e-07
1.04924e-06
1.2321e-06
1.43256e-06
1.6494e-06
1.88082e-06
2.12444e-06
2.37728e-06
2.63588e-06
2.89633e-06
3.15441e-06
3.40568e-06
3.64564e-06
3.86982e-06
4.07395e-06
4.25406e-06
4.40661e-06
4.52855e-06
4.61745e-06
4.67152e-06
4.68967e-06
4.67152e-06
4.61745e-06
4.52855e-06
4.40661e-06
4.25406e-06
4.07395e-06
3.86982e-06
3.64564e-06
3.40568e-06
3.15441e-06
2.89633e-06
2.63588e-06
2.37728e-06
2.12444e-06
1.88082e-06
1.6494e-06
1.43256e-06
1.2321e-06
1.04924e-06
8.84574e-07
7.38209e-07
6.09763e-07
4.98467e-07
4.03242e-07
3.22784e-07
2.55649e-07
2.00325e-07
1.55295e-07
1.19095e-07
9.03485e-08
6.78001e-08
5.03279e-08
3.6953e-08
2.68379e-08
1.92798e-08
1.36998e-08
9.62914e-09
6.69467e-09
4.60412e-09
3.13218e-09
2.10781e-09
1.40306e-09
9.23638e-10
6.00957e-10
3.85799e-10
2.43212e-10
1.48542e-10
8.4355e-11
3.80552e-11
0
0
8.4355e-11
1.86985e-10
3.29264e-10
5.39115e-10
8.5518e-10
1.33211e-09
2.04738e-09
3.1101e-09
4.67227e-09
6.94294e-09
1.02057e-08
1.48397e-08
2.13444e-08
3.03676e-08
4.27365e-08
5.94901e-08
8.19118e-08
1.11559e-07
1.50289e-07
2.00271e-07
2.63991e-07
3.44234e-07
4.44049e-07
5.66684e-07
7.15499e-07
8.93845e-07
1.10493e-06
1.35163e-06
1.63635e-06
1.96079e-06
2.32579e-06
2.73114e-06
3.17548e-06
3.65613e-06
4.16912e-06
4.70913e-06
5.26959e-06
5.84281e-06
6.42015e-06
6.99222e-06
7.5492e-06
8.0811e-06
8.57803e-06
9.03051e-06
9.42975e-06
9.7679e-06
1.00382e-05
1.02353e-05
1.03551e-05
1.03953e-05
1.03551e-05
1.02353e-05
1.00382e-05
9.7679e-06
9.42975e-06
9.03051e-06
8.57803e-06
8.0811e-06
7.5492e-06
6.99222e-06
6.42015e-06
5.84281e-06
5.26959e-06
4.70913e-06
4.16912e-06
3.65613e-06
3.17548e-06
2.73114e-06
2.32579e-06
1.96079e-06
1.63635e-06
1.35163e-06
1.10493e-06
8.93845e-07
7.15499e-07
5.66684e-07
4.44049e-07
3.44234e-07
2.63991e-07
2.00271e-07
1.50289e-07
1.11559e-07
8.19118e-08
5.94901e-08
4.27365e-08
3.03676e-08
2.13444e-08
1.48397e-08
1.02057e-08
6.94294e-09
4.67227e-09
3.1101e-09
2.04738e-09
1.33211e-09
8.5518e-10
5.39115e-10
3.29264e-10
1.86985e-10
8.4355e-11
0
0
1.48542e-10
3.29264e-10
5.79805e-10
9.49332e-10
1.50589e-09
2.34573e-09
3.60525e-09
5.47661e-09
8.22744e-09
1.22259e-08
1.79713e-08
2.61314e-08
3.75856e-08
5.34747e-08
7.52552e-08
1.04757e-07
1.44239e-07
1.96446e-07
2.64645e-07
3.52659e-07
4.64864e-07
6.06165e-07
7.8193e-07
9.9788e-07
1.25993e-06
1.57398e-06
1.94568e-06
2.3801e-06
2.88146e-06
3.45277e-06
4.0955e-06
4.8093e-06
5.59173e-06
6.43812e-06
7.34144e-06
8.29235e-06
9.27928e-06
1.02887e-05
1.13053e-05
1.23127e-05
1.32935e-05
1.42301e-05
1.51051e-05
1.59019e-05
1.66049e-05
1.72004e-05
1.76764e-05
1.80234e-05
1.82344e-05
1.83053e-05
1.82344e-05
1.80234e-05
1.76764e-05
1.72004e-05
1.66049e-05
1.59019e-05
1.51051e-05
1.42301e-05
1.32935e-05
1.23127e-05
1.13053e-05
1.02887e-05
9.27928e-06
8.29235e-06
7.34144e-06
6.43812e-06
5.59173e-06
4.8093e-06
4.0955e-06
3.45277e-06
2.88146e-06
2.3801e-06
1.94568e-06
1.57398e-06
1.25993e-06
9.9788e-07
7.8193e-07
6.06165e-07
4.64864e-07
3.52659e-07
2.64645e-07
1.96446e-07
1.44239e-07
1.04757e-07
7.52552e-08
5.34747e-08
3.75856e-08
2.61314e-08
1.79713e-08
1.22259e-08
8.22744e-09
5.47661e-09
3.60525e-09
2.34573e-09
1.50589e-09
9.49332e-10
5.79805e-10
3.29264e-10
1.48542e-10
0
0
2.43212e-10
5.39115e-10
9.49332e-10
1.55437e-09
2.46565e-09
3.84073e-09
5.90299e-09
8.96701e-09
1.3471e-08
2.00178e-08
2.9425e-08
4.27858e-08
6.154e-08
8.75557e-08
1.23218e-07
1.71521e-07
2.36167e-07
3.21647e-07
4.33312e-07
5.77419e-07
7.61135e-07
9.92492e-07
1.28028e-06
1.63386e-06
2.06292e-06
2.57713e-06
3.18571e-06
3.89701e-06
4.71791e-06
5.65333e-06
6.70569e-06
7.87441e-06
9.1555e-06
1.05413e-05
1.20204e-05
1.35773e-05
1.51932e-05
1.68459e-05
1.85105e-05
2.01599e-05
2.17658e-05
2.32994e-05
2.47321e-05
2.60367e-05
2.71878e-05
2.81627e-05
2.89421e-05
2.95102e-05
2.98558e-05
2.99717e-05
2.98558e-05
2.95102e-05
2.89421e-05
2.81627e-05
2.71878e-05
2.60367e-05
2.47321e-05
2.32994e-05
2.17658e-05
2.01599e-05
1.85105e-05
1.68459e-05
1.51932e-05
1.35773e-05
1.20204e-05
1.05413e-05
9.1555e-06
7.87441e-06
6.70569e-06
5.65333e-06
4.71791e-06
3.89701e-06
3.18571e-06
2.57713e-06
2.06292e-06
1.63386e-06
1.28028e-06
9.92492e-07
7.61135e-07
5.77419e-07
4.33312e-07
3.21647e-07
2.36167e-07
1.71521e-07
1.23218e-07
8.75557e-08
6.154e-08
4.27858e-08
2.9425e-08
2.00178e-08
1.3471e-08
8.96701e-09
5.90299e-09
3.84073e-09
2.46565e-09
1.55437e-09
9.49332e-10
5.39115e-10
2.43212e-10
0
0
3.85799e-10
8.5518e-10
1.50589e-09
2.46565e-09
3.91117e-09
6.09242e-09
9.36372e-09
1.42241e-08
2.13687e-08
3.17536e-08
4.66759e-08
6.78696e-08
9.76189e-08
1.38887e-07
1.95456e-07
2.72079e-07
3.74625e-07
5.10218e-07
6.87348e-07
9.15941e-07
1.20736e-06
1.57436e-06
2.03086e-06
2.59174e-06
3.27234e-06
4.08801e-06
5.05339e-06
6.1817e-06
7.48386e-06
8.96769e-06
1.0637e-05
1.24909e-05
1.45231e-05
1.67214e-05
1.90675e-05
2.15372e-05
2.41005e-05
2.67222e-05
2.93626e-05
3.1979e-05
3.45264e-05
3.6959e-05
3.92317e-05
4.13011e-05
4.31271e-05
4.46736e-05
4.59098e-05
4.68111e-05
4.73592e-05
4.75432e-05
4.73592e-05
4.68111e-05
4.59098e-05
4.46736e-05
4.31271e-05
4.13011e-05
3.92317e-05
3.6959e-05
3.45264e-05
3.1979e-05
2.93626e-05
2.67222e-05
2.41005e-05
2.15372e-05
1.90675e-05
1.67214e-05
1.45231e-05
1.24909e-05
1.0637e-05
8.96769e-06
7.48386e-06
6.1817e-06
5.05339e-06
4.08801e-06
3.27234e-06
2.59174e-06
2.03086e-06
1.57436e-06
1.20736e-06
9.15941e-07
6.87348e-07
5.10218e-07
3.74625e-07
2.72079e-07
1.95456e-07
1.38887e-07
9.76189e-08
6.78696e-08
4.66759e-08
3.17536e-08
2.13687e-08
1.42241e-08
9.36372e-09
6.09242e-09
3.91117e-09
2.46565e-09
1.50589e-09
8.5518e-10
3.85799e-10
0
0
6.00957e-10
1.33211e-09
2.34573e-09
3.84073e-09
6.09242e-09
9.49014e-09
1.45858e-08
2.21568e-08
3.32859e-08
4.94625e-08
7.27069e-08
1.0572e-07
1.52061e-07
2.16343e-07
3.04461e-07
4.23816e-07
5.83551e-07
7.94764e-07
1.07068e-06
1.42676e-06
1.88071e-06
2.45237e-06
3.16347e-06
4.03714e-06
5.09731e-06
6.36788e-06
7.87165e-06
9.62921e-06
1.16576e-05
1.39689e-05
1.65692e-05
1.9457e-05
2.26225e-05
2.60468e-05
2.97014e-05
3.35485e-05
3.75413e-05
4.1625e-05
4.5738e-05
4.98135e-05
5.37816e-05
5.75709e-05
6.1111e-05
6.43346e-05
6.71789e-05
6.95878e-05
7.15136e-05
7.29175e-05
7.37713e-05
7.40578e-05
7.37713e-05
7.29175e-05
7.15136e-05
6.95878e-05
6.71789e-05
6.43346e-05
6.1111e-05
5.75709e-05
5.37816e-05
4.98135e-05
4.5738e-05
4.1625e-05
3.75413e-05
3.35485e-05
2.97014e-05
2.60468e-05
2.26225e-05
1.9457e-05
1.65692e-05
1.39689e-05
1.16576e-05
9.62921e-06
7.87165e-06
6.36788e-06
5.09731e-06
4.03714e-06
3.16347e-06
2.45237e-06
1.88071e-06
1.42676e-06
1.07068e-06
7.94764e-07
5.83551e-07
4.23816e-07
3.04461e-07
2.16343e-07
1.52061e-07
1.0572e-07
7.27069e-08
4.94625e-08
3.32859e-08
2.21568e-08
1.45858e-08
9.49014e-09
6.09242e-09
3.84073e-09
2.34573e-09
1.33211e-09
6.00957e-10
0
0
9.23638e-10
2.04738e-09
3.60525e-09
5.90299e-09
9.36372e-09
1.45858e-08
2.24176e-08
3.40538e-08
5.11586e-08
7.60212e-08
1.11747e-07
1.62486e-07
2.33709e-07
3.32508e-07
4.6794e-07
6.51382e-07
8.96887e-07
1.22151e-06
1.64558e-06
2.19285e-06
2.89054e-06
3.76916e-06
4.86208e-06
6.20486e-06
7.83429e-06
9.78708e-06
1.20983e-05
1.47996e-05
1.79171e-05
2.14695e-05
2.5466e-05
2.99044e-05
3.47696e-05
4.00325e-05
4.56494e-05
5.15622e-05
5.7699e-05
6.39754e-05
7.02969e-05
7.65607e-05
8.26594e-05
8.84833e-05
9.39244e-05
9.88788e-05
0.00010325
0.000106953
0.000109912
0.00011207
0.000113382
0.000113823
0.000113382
0.00011207
0.000109912
0.000106953
0.00010325
9.88788e-05
9.39244e-05
8.84833e-05
8.26594e-05
7.65607e-05
7.02969e-05
6.39754e-05
5.7699e-05
5.15622e-05
4.56494e-05
4.00325e-05
3.47696e-05
2.99044e-05
2.5466e-05
2.14695e-05
1.79171e-05
1.47996e-05
1.20983e-05
9.78708e-06
7.83429e-06
6.20486e-06
4.86208e-06
3.76916e-06
2.89054e-06
2.19285e-06
1.64558e-06
1.22151e-06
8.96887e-07
6.51382e-07
4.6794e-07
3.32508e-07
2.33709e-07
1.62486e-07
1.11747e-07
7.60212e-08
5.11586e-08
3.40538e-08
2.24176e-08
1.45858e-08
9.36372e-09
5.90299e-09
3.60525e-09
2.04738e-09
9.23638e-10
0
0
1.40306e-09
3.1101e-09
5.47661e-09
8.96701e-09
1.42241e-08
2.21568e-08
3.40538e-08
5.17298e-08
7.77132e-08
1.15481e-07
1.6975e-07
2.46827e-07
3.55019e-07
5.051e-07
7.1083e-07
9.8949e-07
1.36243e-06
1.85555e-06
2.49973e-06
3.33107e-06
4.39092e-06
5.72559e-06
7.3858e-06
9.42558e-06
1.19008e-05
1.48672e-05
1.83781e-05
2.24815e-05
2.72172e-05
3.26135e-05
3.86845e-05
4.54267e-05
5.28172e-05
6.08119e-05
6.93443e-05
7.83262e-05
8.76484e-05
9.71827e-05
0.000106785
0.000116301
0.000125565
0.000134412
0.000142677
0.000150203
0.000156844
0.000162468
0.000166964
0.000170242
0.000172235
0.000172904
0.000172235
0.000170242
0.000166964
0.000162468
0.000156844
0.000150203
0.000142677
0.000134412
0.000125565
0.000116301
0.000106785
9.71827e-05
8.76484e-05
7.83262e-05
6.93443e-05
6.08119e-05
5.28172e-05
4.54267e-05
3.86845e-05
3.26135e-05
2.72172e-05
2.24815e-05
1.83781e-05
1.48672e-05
1.19008e-05
9.42558e-06
7.3858e-06
5.72559e-06
4.39092e-06
3.33107e-06
2.49973e-06
1.85555e-06
1.36243e-06
9.8949e-07
7.1083e-07
5.051e-07
3.55019e-07
2.46827e-07
1.6975e-07
1.15481e-07
7.77132e-08
5.17298e-08
3.40538e-08
2.21568e-08
1.42241e-08
8.96701e-09
5.47661e-09
3.1101e-09
1.40306e-09
0
0
2.10781e-09
4.67227e-09
8.22744e-09
1.3471e-08
2.13687e-08
3.32859e-08
5.11586e-08
7.77132e-08
1.16748e-07
1.73486e-07
2.55014e-07
3.70805e-07
5.3334e-07
7.58807e-07
1.06787e-06
1.4865e-06
2.04676e-06
2.78757e-06
3.75532e-06
5.00423e-06
6.59642e-06
8.6015e-06
1.10956e-05
1.41599e-05
1.78784e-05
2.23348e-05
2.76092e-05
3.37737e-05
4.0888e-05
4.89949e-05
5.81153e-05
6.8244e-05
7.93467e-05
9.1357e-05
0.000104175
0.000117669
0.000131673
0.000145996
0.000160422
0.000174717
0.000188635
0.000201925
0.000214342
0.000225648
0.000235625
0.000244074
0.000250828
0.000255752
0.000258747
0.000259752
0.000258747
0.000255752
0.000250828
0.000244074
0.000235625
0.000225648
0.000214342
0.000201925
0.000188635
0.000174717
0.000160422
0.000145996
0.000131673
0.000117669
0.000104175
9.1357e-05
7.93467e-05
6.8244e-05
5.81153e-05
4.89949e-05
4.0888e-05
3.37737e-05
2.76092e-05
2.23348e-05
1.78784e-05
1.41599e-05
1.10956e-05
8.6015e-06
6.59642e-06
5.00423e-06
3.75532e-06
2.78757e-06
2.04676e-06
1.4865e-06
1.06787e-06
7.58807e-07
5.3334e-07
3.70805e-07
2.55014e-07
1.73486e-07
1.16748e-07
7.77132e-08
5.11586e-08
3.32859e-08
2.13687e-08
1.3471e-08
8.22744e-09
4.67227e-09
2.10781e-09
0
0
3.13218e-09
6.94294e-09
1.22259e-08
2.00178e-08
3.17536e-08
4.94625e-08
7.60212e-08
1.15481e-07
1.73486e-07
2.57798e-07
3.78948e-07
5.51013e-07
7.92538e-07
1.12758e-06
1.58685e-06
2.20892e-06
3.04146e-06
4.1423e-06
5.58037e-06
7.43624e-06
9.80222e-06
1.27817e-05
1.6488e-05
2.10415e-05
2.65671e-05
3.31893e-05
4.1027e-05
5.01873e-05
6.07592e-05
7.2806e-05
8.63587e-05
0.00010141
0.000117908
0.000135756
0.000154803
0.000174854
0.000195665
0.000216949
0.000238386
0.000259628
0.000280309
0.000300059
0.00031851
0.000335311
0.000350136
0.000362691
0.000372728
0.000380045
0.000384495
0.000385989
0.000384495
0.000380045
0.000372728
0.000362691
0.000350136
0.000335311
0.00031851
0.000300059
0.000280309
0.000259628
0.000238386
0.000216949
0.000195665
0.000174854
0.000154803
0.000135756
0.000117908
0.00010141
8.63587e-05
7.2806e-05
6.07592e-05
5.01873e-05
4.1027e-05
3.31893e-05
2.65671e-05
2.10415e-05
1.6488e-05
1.27817e-05
9.80222e-06
7.43624e-06
5.58037e-06
4.1423e-06
3.04146e-06
2.20892e-06
1.58685e-06
1.12758e-06
7.92538e-07
5.51013e-07
3.78948e-07
2.57798e-07
1.73486e-07
1.15481e-07
7.60212e-08
4.94625e-08
3.17536e-08
2.00178e-08
1.22259e-08
6.94294e-09
3.13218e-09
0
0
4.60412e-09
1.02057e-08
1.79713e-08
2.9425e-08
4.66759e-08
7.27069e-08
1.11747e-07
1.6975e-07
2.55014e-07
3.78948e-07
5.5703e-07
8.09956e-07
1.16498e-06
1.65747e-06
2.33257e-06
3.24699e-06
4.47077e-06
6.08893e-06
8.2028e-06
1.09308e-05
1.44087e-05
1.87884e-05
2.42363e-05
3.09298e-05
3.90521e-05
4.87863e-05
6.03072e-05
7.37723e-05
8.93124e-05
0.00010702
0.000126942
0.000149066
0.000173318
0.000199552
0.000227551
0.000257025
0.000287616
0.000318902
0.000350413
0.000381637
0.000412037
0.000441068
0.000468191
0.000492887
0.000514678
0.000533134
0.000547888
0.000558643
0.000565185
0.00056738
0.000565185
0.000558643
0.000547888
0.000533134
0.000514678
0.000492887
0.000468191
0.000441068
0.000412037
0.000381637
0.000350413
0.000318902
0.000287616
0.000257025
0.000227551
0.000199552
0.000173318
0.000149066
0.000126942
0.00010702
8.93124e-05
7.37723e-05
6.03072e-05
4.87863e-05
3.90521e-05
3.09298e-05
2.42363e-05
1.87884e-05
1.44087e-05
1.09308e-05
8.2028e-06
6.08893e-06
4.47077e-06
3.24699e-06
2.33257e-06
1.65747e-06
1.16498e-06
8.09956e-07
5.5703e-07
3.78948e-07
2.55014e-07
1.6975e-07
1.11747e-07
7.27069e-08
4.66759e-08
2.9425e-08
1.79713e-08
1.02057e-08
4.60412e-09
0
0
6.69467e-09
1.48397e-08
2.61314e-08
4.27858e-08
6.78696e-08
1.0572e-07
1.62486e-07
2.46827e-07
3.70805e-07
5.51013e-07
8.09956e-07
1.17772e-06
1.69396e-06
2.41007e-06
3.3917e-06
4.72131e-06
6.50077e-06
8.85368e-06
1.19274e-05
1.58941e-05
2.09511e-05
2.73194e-05
3.52411e-05
4.49738e-05
5.67841e-05
7.09382e-05
8.76903e-05
0.000107269
0.000129866
0.000155614
0.000184581
0.000216752
0.000252015
0.000290161
0.000330874
0.00037373
0.000418211
0.000463703
0.000509522
0.000554923
0.000599127
0.00064134
0.000680778
0.000716688
0.000748374
0.00077521
0.000796662
0.000812302
0.000821813
0.000825005
0.000821813
0.000812302
0.000796662
0.00077521
0.000748374
0.000716688
0.000680778
0.00064134
0.000599127
0.000554923
0.000509522
0.000463703
0.000418211
0.00037373
0.000330874
0.000290161
0.000252015
0.000216752
0.000184581
0.000155614
0.000129866
0.000107269
8.76903e-05
7.09382e-05
5.67841e-05
4.49738e-05
3.52411e-05
2.73194e-05
2.09511e-05
1.58941e-05
1.19274e-05
8.85368e-06
6.50077e-06
4.72131e-06
3.3917e-06
2.41007e-06
1.69396e-06
1.17772e-06
8.09956e-07
5.51013e-07
3.70805e-07
2.46827e-07
1.62486e-07
1.0572e-07
6.78696e-08
4.27858e-08
2.61314e-08
1.48397e-08
6.69467e-09
0
0
9.62914e-09
2.13444e-08
3.75856e-08
6.154e-08
9.76189e-08
1.52061e-07
2.33709e-07
3.55019e-07
5.3334e-07
7.92538e-07
1.16498e-06
1.69396e-06
2.43647e-06
3.46647e-06
4.87838e-06
6.79081e-06
9.35025e-06
1.27345e-05
1.71555e-05
2.28609e-05
3.01346e-05
3.92944e-05
5.06883e-05
6.46871e-05
8.16743e-05
0.000102033
0.000126128
0.000154289
0.00018679
0.000223825
0.000265489
0.00031176
0.000362481
0.000417348
0.000475906
0.000537548
0.000601525
0.000666958
0.000732861
0.000798163
0.000861743
0.000922459
0.000979183
0.00103083
0.00107641
0.00111501
0.00114586
0.00116836
0.00118204
0.00118663
0.00118204
0.00116836
0.00114586
0.00111501
0.00107641
0.00103083
0.000979183
0.000922459
0.000861743
0.000798163
0.000732861
0.000666958
0.000601525
0.000537548
0.000475906
0.000417348
0.000362481
0.00031176
0.000265489
0.000223825
0.00018679
0.000154289
0.000126128
0.000102033
8.16743e-05
6.46871e-05
5.06883e-05
3.92944e-05
3.01346e-05
2.28609e-05
1.71555e-05
1.27345e-05
9.35025e-06
6.79081e-06
4.87838e-06
3.46647e-06
2.43647e-06
1.69396e-06
1.16498e-06
7.92538e-07
5.3334e-07
3.55019e-07
2.33709e-07
1.52061e-07
9.76189e-08
6.154e-08
3.75856e-08
2.13444e-08
9.62914e-09
0
0
1.36998e-08
3.03676e-08
5.34747e-08
8.75557e-08
1.38887e-07
2.16343e-07
3.32508e-07
5.051e-07
7.58807e-07
1.12758e-06
1.65747e-06
2.41007e-06
3.46647e-06
4.9319e-06
6.94069e-06
9.66158e-06
1.3303e-05
1.81179e-05
2.44079e-05
3.25253e-05
4.28738e-05
5.59058e-05
7.21165e-05
9.20332e-05
0.000116202
0.000145166
0.000179447
0.000219514
0.000265754
0.000318445
0.000377723
0.000443555
0.000515718
0.000593779
0.000677092
0.000764793
0.000855816
0.000948911
0.00104267
0.00113558
0.00122604
0.00131242
0.00139313
0.00146661
0.00153145
0.00158637
0.00163027
0.00166227
0.00168174
0.00168827
0.00168174
0.00166227
0.00163027
0.00158637
0.00153145
0.00146661
0.00139313
0.00131242
0.00122604
0.00113558
0.00104267
0.000948911
0.000855816
0.000764793
0.000677092
0.000593779
0.000515718
0.000443555
0.000377723
0.000318445
0.000265754
0.000219514
0.000179447
0.000145166
0.000116202
9.20332e-05
7.21165e-05
5.59058e-05
4.28738e-05
3.25253e-05
2.44079e-05
1.81179e-05
1.3303e-05
9.66158e-06
6.94069e-06
4.9319e-06
3.46647e-06
2.41007e-06
1.65747e-06
1.12758e-06
7.58807e-07
5.051e-07
3.32508e-07
2.16343e-07
1.38887e-07
8.75557e-08
5.34747e-08
3.03676e-08
1.36998e-08
0
0
1.92798e-08
4.27365e-08
7.52552e-08
1.23218e-07
1.95456e-07
3.04461e-07
4.6794e-07
7.1083e-07
1.06787e-06
1.58685e-06
2.33257e-06
3.3917e-06
4.87838e-06
6.94069e-06
9.76766e-06
1.35968e-05
1.87214e-05
2.54975e-05
3.43493e-05
4.5773e-05
6.03365e-05
7.86766e-05
0.00010149
0.000129519
0.000163531
0.000204293
0.000252537
0.000308923
0.000373997
0.000448149
0.000531571
0.000624217
0.000725772
0.000835628
0.000952874
0.0010763
0.00120439
0.00133541
0.00146736
0.00159811
0.00172541
0.00184698
0.00196055
0.00206397
0.00215522
0.00223251
0.00229429
0.00233933
0.00236672
0.00237591
0.00236672
0.00233933
0.00229429
0.00223251
0.00215522
0.00206397
0.00196055
0.00184698
0.00172541
0.00159811
0.00146736
0.00133541
0.00120439
0.0010763
0.000952874
0.000835628
0.000725772
0.000624217
0.000531571
0.000448149
0.000373997
0.000308923
0.000252537
0.000204293
0.000163531
0.000129519
0.00010149
7.86766e-05
6.03365e-05
4.5773e-05
3.43493e-05
2.54975e-05
1.87214e-05
1.35968e-05
9.76766e-06
6.94069e-06
4.87838e-06
3.3917e-06
2.33257e-06
1.58685e-06
1.06787e-06
7.1083e-07
4.6794e-07
3.04461e-07
1.95456e-07
1.23218e-07
7.52552e-08
4.27365e-08
1.92798e-08
0
0
2.68379e-08
5.94901e-08
1.04757e-07
1.71521e-07
2.72079e-07
4.23816e-07
6.51382e-07
9.8949e-07
1.4865e-06
2.20892e-06
3.24699e-06
4.72131e-06
6.79081e-06
9.66158e-06
1.35968e-05
1.8927e-05
2.60606e-05
3.5493e-05
4.7815e-05
6.37169e-05
8.39896e-05
0.000109519
0.000141276
0.000180293
0.000227639
0.00028438
0.000351537
0.000430027
0.000520611
0.000623833
0.000739958
0.000868924
0.00101029
0.00116321
0.00132642
0.00149823
0.00167654
0.00185891
0.00204259
0.0022246
0.00240181
0.00257103
0.00272913
0.00287309
0.00300011
0.00310769
0.00319369
0.00325639
0.00329452
0.00330732
0.00329452
0.00325639
0.00319369
0.00310769
0.00300011
0.00287309
0.00272913
0.00257103
0.00240181
0.0022246
0.00204259
0.00185891
0.00167654
0.00149823
0.00132642
0.00116321
0.00101029
0.000868924
0.000739958
0.000623833
0.000520611
0.000430027
0.000351537
0.00028438
0.000227639
0.000180293
0.000141276
0.000109519
8.39896e-05
6.37169e-05
4.7815e-05
3.5493e-05
2.60606e-05
1.8927e-05
1.35968e-05
9.66158e-06
6.79081e-06
4.72131e-06
3.24699e-06
2.20892e-06
1.4865e-06
9.8949e-07
6.51382e-07
4.23816e-07
2.72079e-07
1.71521e-07
1.04757e-07
5.94901e-08
2.68379e-08
0
0
3.6953e-08
8.19118e-08
1.44239e-07
2.36167e-07
3.74625e-07
5.83551e-07
8.96887e-07
1.36243e-06
2.04676e-06
3.04146e-06
4.47077e-06
6.50077e-06
9.35025e-06
1.3303e-05
1.87214e-05
2.60606e-05
3.58827e-05
4.88703e-05
6.58364e-05
8.77317e-05
0.000115645
0.000150797
0.000194523
0.000248245
0.000313435
0.000391563
0.00048403
0.000592103
0.000716828
0.000858954
0.00101885
0.00119642
0.00139107
0.00160162
0.00182635
0.00206291
0.00230843
0.00255953
0.00281244
0.00306305
0.00330704
0.00354005
0.00375774
0.00395595
0.00413085
0.00427898
0.00439739
0.00448372
0.00453622
0.00455384
0.00453622
0.00448372
0.00439739
0.00427898
0.00413085
0.00395595
0.00375774
0.00354005
0.00330704
0.00306305
0.00281244
0.00255953
0.00230843
0.00206291
0.00182635
0.00160162
0.00139107
0.00119642
0.00101885
0.000858954
0.000716828
0.000592103
0.00048403
0.000391563
0.000313435
0.000248245
0.000194523
0.000150797
0.000115645
8.77317e-05
6.58364e-05
4.88703e-05
3.58827e-05
2.60606e-05
1.87214e-05
1.3303e-05
9.35025e-06
6.50077e-06
4.47077e-06
3.04146e-06
2.04676e-06
1.36243e-06
8.96887e-07
5.83551e-07
3.74625e-07
2.36167e-07
1.44239e-07
8.19118e-08
3.6953e-08
0
0
5.03279e-08
1.11559e-07
1.96446e-07
3.21647e-07
5.10218e-07
7.94764e-07
1.22151e-06
1.85555e-06
2.78757e-06
4.1423e-06
6.08893e-06
8.85368e-06
1.27345e-05
1.81179e-05
2.54975e-05
3.5493e-05
4.88703e-05
6.65585e-05
8.96654e-05
0.000119486
0.000157502
0.000205377
0.000264929
0.000338095
0.000426881
0.000533286
0.000659222
0.000806411
0.00097628
0.00116985
0.00138761
0.00162946
0.00189455
0.00218132
0.00248738
0.00280956
0.00314395
0.00348594
0.00383039
0.0041717
0.00450401
0.00482135
0.00511782
0.00538778
0.00562598
0.00582773
0.005989
0.00610657
0.00617807
0.00620207
0.00617807
0.00610657
0.005989
0.00582773
0.00562598
0.00538778
0.00511782
0.00482135
0.00450401
0.0041717
0.00383039
0.00348594
0.00314395
0.00280956
0.00248738
0.00218132
0.00189455
0.00162946
0.00138761
0.00116985
0.00097628
0.000806411
0.000659222
0.000533286
0.000426881
0.000338095
0.000264929
0.000205377
0.000157502
0.000119486
8.96654e-05
6.65585e-05
4.88703e-05
3.5493e-05
2.54975e-05
1.81179e-05
1.27345e-05
8.85368e-06
6.08893e-06
4.1423e-06
2.78757e-06
1.85555e-06
1.22151e-06
7.94764e-07
5.10218e-07
3.21647e-07
1.96446e-07
1.11559e-07
5.03279e-08
0
0
6.78001e-08
1.50289e-07
2.64645e-07
4.33312e-07
6.87348e-07
1.07068e-06
1.64558e-06
2.49973e-06
3.75532e-06
5.58037e-06
8.2028e-06
1.19274e-05
1.71555e-05
2.44079e-05
3.43493e-05
4.7815e-05
6.58364e-05
8.96654e-05
0.000120794
0.000160967
0.000212182
0.000276677
0.000356903
0.000455471
0.00057508
0.000718425
0.000888081
0.00108637
0.00131521
0.00157598
0.00186934
0.00219515
0.00255228
0.0029386
0.00335091
0.00378495
0.00423542
0.00469614
0.00516017
0.00561997
0.00606765
0.00649516
0.00689456
0.00725824
0.00757913
0.00785091
0.00806817
0.00822656
0.00832289
0.00835522
0.00832289
0.00822656
0.00806817
0.00785091
0.00757913
0.00725824
0.00689456
0.00649516
0.00606765
0.00561997
0.00516017
0.00469614
0.00423542
0.00378495
0.00335091
0.0029386
0.00255228
0.00219515
0.00186934
0.00157598
0.00131521
0.00108637
0.000888081
0.000718425
0.00057508
0.000455471
0.000356903
0.000276677
0.000212182
0.000160967
0.000120794
8.96654e-05
6.58364e-05
4.7815e-05
3.43493e-05
2.44079e-05
1.71555e-05
1.19274e-05
8.2028e-06
5.58037e-06
3.75532e-06
2.49973e-06
1.64558e-06
1.07068e-06
6.87348e-07
4.33312e-07
2.64645e-07
1.50289e-07
6.78001e-08
0
0
9.03485e-08
2.00271e-07
3.52659e-07
5.77419e-07
9.15941e-07
1.42676e-06
2.19285e-06
3.33107e-06
5.00423e-06
7.43624e-06
1.09308e-05
1.58941e-05
2.28609e-05
3.25253e-05
4.5773e-05
6.37169e-05
8.77317e-05
0.000119486
0.000160967
0.0002145
0.000282747
0.000368692
0.000475599
0.000606947
0.000766335
0.000957353
0.00118343
0.00144766
0.00175261
0.0021001
0.00249104
0.00292519
0.00340109
0.0039159
0.00446533
0.00504371
0.005644
0.00625795
0.0068763
0.00748902
0.00808558
0.00865526
0.0091875
0.00967213
0.0100997
0.0104619
0.0107514
0.0109625
0.0110909
0.0111339
0.0110909
0.0109625
0.0107514
0.0104619
0.0100997
0.00967213
0.0091875
0.00865526
0.00808558
0.00748902
0.0068763
0.00625795
0.005644
0.00504371
0.00446533
0.0039159
0.00340109
0.00292519
0.00249104
0.0021001
0.00175261
0.00144766
0.00118343
0.000957353
0.000766335
0.000606947
0.000475599
0.000368692
0.000282747
0.0002145
0.000160967
0.000119486
8.77317e-05
6.37169e-05
4.5773e-05
3.25253e-05
2.28609e-05
1.58941e-05
1.09308e-05
7.43624e-06
5.00423e-06
3.33107e-06
2.19285e-06
1.42676e-06
9.15941e-07
5.77419e-07
3.52659e-07
2.00271e-07
9.03485e-08
0
0
1.19095e-07
2.63991e-07
4.64864e-07
7.61135e-07
1.20736e-06
1.88071e-06
2.89054e-06
4.39092e-06
6.59642e-06
9.80222e-06
1.44087e-05
2.09511e-05
3.01346e-05
4.28738e-05
6.03365e-05
8.39896e-05
0.000115645
0.000157502
0.000212182
0.000282747
0.000372708
0.000485998
0.00062692
0.000800059
0.00101016
0.00126195
0.00155996
0.00190827
0.00231024
0.00276829
0.0032836
0.00385589
0.00448322
0.00516182
0.00588606
0.00664846
0.00743974
0.00824903
0.00906412
0.00987179
0.0106582
0.0114091
0.0121107
0.0127495
0.0133132
0.0137906
0.0141722
0.0144504
0.0146196
0.0146764
0.0146196
0.0144504
0.0141722
0.0137906
0.0133132
0.0127495
0.0121107
0.0114091
0.0106582
0.00987179
0.00906412
0.00824903
0.00743974
0.00664846
0.00588606
0.00516182
0.00448322
0.00385589
0.0032836
0.00276829
0.00231024
0.00190827
0.00155996
0.00126195
0.00101016
0.000800059
0.00062692
0.000485998
0.000372708
0.000282747
0.000212182
0.000157502
0.000115645
8.39896e-05
6.03365e-05
4.28738e-05
3.01346e-05
2.09511e-05
1.44087e-05
9.80222e-06
6.59642e-06
4.39092e-06
2.89054e-06
1.88071e-06
1.20736e-06
7.61135e-07
4.64864e-07
2.63991e-07
1.19095e-07
0
0
1.55295e-07
3.44234e-07
6.06165e-07
9.92492e-07
1.57436e-06
2.45237e-06
3.76916e-06
5.72559e-06
8.6015e-06
1.27817e-05
1.87884e-05
2.73194e-05
3.92944e-05
5.59058e-05
7.86766e-05
0.000109519
0.000150797
0.000205377
0.000276677
0.000368692
0.000485998
0.000633724
0.00081748
0.00104325
0.00131721
0.00164554
0.00203413
0.00248831
0.00301247
0.00360975
0.0042817
0.00502795
0.00584595
0.00673082
0.00767521
0.00866935
0.00970115
0.0107564
0.0118193
0.0128724
0.0138978
0.014877
0.0157919
0.0166249
0.0173599
0.0179824
0.01848
0.0188428
0.0190634
0.0191375
0.0190634
0.0188428
0.01848
0.0179824
0.0173599
0.0166249
0.0157919
0.014877
0.0138978
0.0128724
0.0118193
0.0107564
0.00970115
0.00866935
0.00767521
0.00673082
0.00584595
0.00502795
0.0042817
0.00360975
0.00301247
0.00248831
0.00203413
0.00164554
0.00131721
0.00104325
0.00081748
0.000633724
0.000485998
0.000368692
0.000276677
0.000205377
0.000150797
0.000109519
7.86766e-05
5.59058e-05
3.92944e-05
2.73194e-05
1.87884e-05
1.27817e-05
8.6015e-06
5.72559e-06
3.76916e-06
2.45237e-06
1.57436e-06
9.92492e-07
6.06165e-07
3.44234e-07
1.55295e-07
0
0
2.00325e-07
4.44049e-07
7.8193e-07
1.28028e-06
2.03086e-06
3.16347e-06
4.86208e-06
7.3858e-06
1.10956e-05
1.6488e-05
2.42363e-05
3.52411e-05
5.06883e-05
7.21165e-05
0.00010149
0.000141276
0.000194523
0.000264929
0.000356903
0.000475599
0.00062692
0.00081748
0.00105452
0.00134575
0.00169915
0.00212269
0.00262396
0.00320983
0.00388597
0.00465644
0.00552323
0.00648586
0.00754106
0.00868251
0.00990074
0.0111831
0.0125141
0.0138754
0.0152464
0.016605
0.0179277
0.0191908
0.0203709
0.0214455
0.0223936
0.0231966
0.0238385
0.0243065
0.0245911
0.0246866
0.0245911
0.0243065
0.0238385
0.0231966
0.0223936
0.0214455
0.0203709
0.0191908
0.0179277
0.016605
0.0152464
0.0138754
0.0125141
0.0111831
0.00990074
0.00868251
0.00754106
0.00648586
0.00552323
0.00465644
0.00388597
0.00320983
0.00262396
0.00212269
0.00169915
0.00134575
0.00105452
0.00081748
0.00062692
0.000475599
0.000356903
0.000264929
0.000194523
0.000141276
0.00010149
7.21165e-05
5.06883e-05
3.52411e-05
2.42363e-05
1.6488e-05
1.10956e-05
7.3858e-06
4.86208e-06
3.16347e-06
2.03086e-06
1.28028e-06
7.8193e-07
4.44049e-07
2.00325e-07
0
0
2.55649e-07
5.66684e-07
9.9788e-07
1.63386e-06
2.59174e-06
4.03714e-06
6.20486e-06
9.42558e-06
1.41599e-05
2.10415e-05
3.09298e-05
4.49738e-05
6.46871e-05
9.20332e-05
0.000129519
0.000180293
0.000248245
0.000338095
0.000455471
0.000606947
0.000800059
0.00104325
0.00134575
0.00171741
0.00216841
0.00270892
0.00334863
0.0040963
0.00495918
0.00594244
0.00704861
0.00827709
0.00962371
0.0110804
0.0126351
0.0142716
0.0159702
0.0177074
0.0194571
0.0211909
0.0228789
0.0244909
0.0259969
0.0273682
0.0285781
0.0296029
0.0304221
0.0310194
0.0313826
0.0315045
0.0313826
0.0310194
0.0304221
0.0296029
0.0285781
0.0273682
0.0259969
0.0244909
0.0228789
0.0211909
0.0194571
0.0177074
0.0159702
0.0142716
0.0126351
0.0110804
0.00962371
0.00827709
0.00704861
0.00594244
0.00495918
0.0040963
0.00334863
0.00270892
0.00216841
0.00171741
0.00134575
0.00104325
0.000800059
0.000606947
0.000455471
0.000338095
0.000248245
0.000180293
0.000129519
9.20332e-05
6.46871e-05
4.49738e-05
3.09298e-05
2.10415e-05
1.41599e-05
9.42558e-06
6.20486e-06
4.03714e-06
2.59174e-06
1.63386e-06
9.9788e-07
5.66684e-07
2.55649e-07
0
0
3.22784e-07
7.15499e-07
1.25993e-06
2.06292e-06
3.27234e-06
5.09731e-06
7.83429e-06
1.19008e-05
1.78784e-05
2.65671e-05
3.90521e-05
5.67841e-05
8.16743e-05
0.000116202
0.000163531
0.000227639
0.000313435
0.000426881
0.00057508
0.000766335
0.00101016
0.00131721
0.00169915
0.00216841
0.00273785
0.00342029
0.004228
0.00517201
0.00626148
0.00750295
0.00889961
0.0104507
0.0121509
0.0139902
0.0159531
0.0180195
0.0201641
0.0223575
0.0245667
0.0267557
0.028887
0.0309223
0.0328238
0.0345552
0.0360829
0.0373768
0.0384111
0.0391652
0.0396238
0.0397777
0.0396238
0.0391652
0.0384111
0.0373768
0.0360829
0.0345552
0.0328238
0.0309223
0.028887
0.0267557
0.0245667
0.0223575
0.0201641
0.0180195
0.0159531
0.0139902
0.0121509
0.0104507
0.00889961
0.00750295
0.00626148
0.00517201
0.004228
0.00342029
0.00273785
0.00216841
0.00169915
0.00131721
0.00101016
0.000766335
0.00057508
0.000426881
0.000313435
0.000227639
0.000163531
0.000116202
8.16743e-05
5.67841e-05
3.90521e-05
2.65671e-05
1.78784e-05
1.19008e-05
7.83429e-06
5.09731e-06
3.27234e-06
2.06292e-06
1.25993e-06
7.15499e-07
3.22784e-07
0
0
4.03242e-07
8.93845e-07
1.57398e-06
2.57713e-06
4.08801e-06
6.36788e-06
9.78708e-06
1.48672e-05
2.23348e-05
3.31893e-05
4.87863e-05
7.09382e-05
0.000102033
0.000145166
0.000204293
0.00028438
0.000391563
0.000533286
0.000718425
0.000957353
0.00126195
0.00164554
0.00212269
0.00270892
0.00342029
0.00427284
0.00528187
0.00646119
0.00782223
0.00937315
0.0111179
0.0130557
0.0151797
0.0174774
0.0199296
0.022511
0.0251902
0.0279304
0.0306902
0.0334249
0.0360874
0.03863
0.0410055
0.0431685
0.045077
0.0466934
0.0479856
0.0489276
0.0495005
0.0496928
0.0495005
0.0489276
0.0479856
0.0466934
0.045077
0.0431685
0.0410055
0.03863
0.0360874
0.0334249
0.0306902
0.0279304
0.0251902
0.022511
0.0199296
0.0174774
0.0151797
0.0130557
0.0111179
0.00937315
0.00782223
0.00646119
0.00528187
0.00427284
0.00342029
0.00270892
0.00212269
0.00164554
0.00126195
0.000957353
0.000718425
0.000533286
0.000391563
0.00028438
0.000204293
0.000145166
0.000102033
7.09382e-05
4.87863e-05
3.31893e-05
2.23348e-05
1.48672e-05
9.78708e-06
6.36788e-06
4.08801e-06
2.57713e-06
1.57398e-06
8.93845e-07
4.03242e-07
0
0
4.98467e-07
1.10493e-06
1.94568e-06
3.18571e-06
5.05339e-06
7.87165e-06
1.20983e-05
1.83781e-05
2.76092e-05
4.1027e-05
6.03072e-05
8.76903e-05
0.000126128
0.000179447
0.000252537
0.000351537
0.00048403
0.000659222
0.000888081
0.00118343
0.00155996
0.00203413
0.00262396
0.00334863
0.004228
0.00528187
0.00652919
0.007987
0.00966945
0.0115866
0.0137434
0.0161388
0.0187644
0.0216047
0.024636
0.027827
0.0311389
0.0345261
0.0379377
0.0413181
0.0446094
0.0477525
0.0506889
0.0533627
0.0557219
0.05772
0.0593174
0.0604818
0.06119
0.0614277
0.06119
0.0604818
0.0593174
0.05772
0.0557219
0.0533627
0.0506889
0.0477525
0.0446094
0.0413181
0.0379377
0.0345261
0.0311389
0.027827
0.024636
0.0216047
0.0187644
0.0161388
0.0137434
0.0115866
0.00966945
0.007987
0.00652919
0.00528187
0.004228
0.00334863
0.00262396
0.00203413
0.00155996
0.00118343
0.000888081
0.000659222
0.00048403
0.000351537
0.000252537
0.000179447
0.000126128
8.76903e-05
6.03072e-05
4.1027e-05
2.76092e-05
1.83781e-05
1.20983e-05
7.87165e-06
5.05339e-06
3.18571e-06
1.94568e-06
1.10493e-06
4.98467e-07
0
0
6.09763e-07
1.35163e-06
2.3801e-06
3.89701e-06
6.1817e-06
9.62921e-06
1.47996e-05
2.24815e-05
3.37737e-05
5.01873e-05
7.37723e-05
0.000107269
0.000154289
0.000219514
0.000308923
0.000430027
0.000592103
0.000806411
0.00108637
0.00144766
0.00190827
0.00248831
0.00320983
0.0040963
0.00517201
0.00646119
0.007987
0.00977032
0.0118284
0.0141736
0.016812
0.0197422
0.0229541
0.0264285
0.0301366
0.0340401
0.0380914
0.042235
0.0464083
0.0505435
0.0545697
0.0584145
0.0620066
0.0652774
0.0681633
0.0706076
0.0725615
0.073986
0.0748524
0.0751431
0.0748524
0.073986
0.0725615
0.0706076
0.0681633
0.0652774
0.0620066
0.0584145
0.0545697
0.0505435
0.0464083
0.042235
0.0380914
0.0340401
0.0301366
0.0264285
0.0229541
0.0197422
0.016812
0.0141736
0.0118284
0.00977032
0.007987
0.00646119
0.00517201
0.0040963
0.00320983
0.00248831
0.00190827
0.00144766
0.00108637
0.000806411
0.000592103
0.000430027
0.000308923
0.000219514
0.000154289
0.000107269
7.37723e-05
5.01873e-05
3.37737e-05
2.24815e-05
1.47996e-05
9.62921e-06
6.1817e-06
3.89701e-06
2.3801e-06
1.35163e-06
6.09763e-07
0
0
7.38209e-07
1.63635e-06
2.88146e-06
4.71791e-06
7.48386e-06
1.16576e-05
1.79171e-05
2.72172e-05
4.0888e-05
6.07592e-05
8.93124e-05
0.000129866
0.00018679
0.000265754
0.000373997
0.000520611
0.000716828
0.00097628
0.00131521
0.00175261
0.00231024
0.00301247
0.00388597
0.00495918
0.00626148
0.00782223
0.00966945
0.0118284
0.0143201
0.0171593
0.0203535
0.0239008
0.0277893
0.0319956
0.0364849
0.0412106
0.0461153
0.0511317
0.0561841
0.0611904
0.0660647
0.0707195
0.0750682
0.0790279
0.0825218
0.085481
0.0878465
0.089571
0.0906199
0.0909719
0.0906199
0.089571
0.0878465
0.085481
0.0825218
0.0790279
0.0750682
0.0707195
0.0660647
0.0611904
0.0561841
0.0511317
0.0461153
0.0412106
0.0364849
0.0319956
0.0277893
0.0239008
0.0203535
0.0171593
0.0143201
0.0118284
0.00966945
0.00782223
0.00626148
0.00495918
0.00388597
0.00301247
0.00231024
0.00175261
0.00131521
0.00097628
0.000716828
0.000520611
0.000373997
0.000265754
0.00018679
0.000129866
8.93124e-05
6.07592e-05
4.0888e-05
2.72172e-05
1.79171e-05
1.16576e-05
7.48386e-06
4.71791e-06
2.88146e-06
1.63635e-06
7.38209e-07
0
0
8.84574e-07
1.96079e-06
3.45277e-06
5.65333e-06
8.96769e-06
1.39689e-05
2.14695e-05
3.26135e-05
4.89949e-05
7.2806e-05
0.00010702
0.000155614
0.000223825
0.000318445
0.000448149
0.000623833
0.000858954
0.00116985
0.00157598
0.0021001
0.00276829
0.00360975
0.00465644
0.00594244
0.00750295
0.00937315
0.0115866
0.0141736
0.0171593
0.0205615
0.024389
0.0286397
0.0332991
0.0383394
0.0437187
0.0493814
0.0552587
0.0612696
0.0673237
0.0733227
0.0791634
0.084741
0.089952
0.0946968
0.0988835
0.102429
0.105264
0.10733
0.108587
0.109009
0.108587
0.10733
0.105264
0.102429
0.0988835
0.0946968
0.089952
0.084741
0.0791634
0.0733227
0.0673237
0.0612696
0.0552587
0.0493814
0.0437187
0.0383394
0.0332991
0.0286397
0.024389
0.0205615
0.0171593
0.0141736
0.0115866
0.00937315
0.00750295
0.00594244
0.00465644
0.00360975
0.00276829
0.0021001
0.00157598
0.00116985
0.000858954
0.000623833
0.000448149
0.000318445
0.000223825
0.000155614
0.00010702
7.2806e-05
4.89949e-05
3.26135e-05
2.14695e-05
1.39689e-05
8.96769e-06
5.65333e-06
3.45277e-06
1.96079e-06
8.84574e-07
0
0
1.04924e-06
2.32579e-06
4.0955e-06
6.70569e-06
1.0637e-05
1.65692e-05
2.5466e-05
3.86845e-05
5.81153e-05
8.63587e-05
0.000126942
0.000184581
0.000265489
0.000377723
0.000531571
0.000739958
0.00101885
0.00138761
0.00186934
0.00249104
0.0032836
0.0042817
0.00552323
0.00704861
0.00889961
0.0111179
0.0137434
0.016812
0.0203535
0.024389
0.0289289
0.0339709
0.0394976
0.0454762
0.0518569
0.0585737
0.065545
0.0726749
0.0798559
0.0869716
0.0938995
0.100515
0.106696
0.112324
0.11729
0.121496
0.124859
0.12731
0.1288
0.129301
0.1288
0.12731
0.124859
0.121496
0.11729
0.112324
0.106696
0.100515
0.0938995
0.0869716
0.0798559
0.0726749
0.065545
0.0585737
0.0518569
0.0454762
0.0394976
0.0339709
0.0289289
0.024389
0.0203535
0.016812
0.0137434
0.0111179
0.00889961
0.00704861
0.00552323
0.0042817
0.0032836
0.00249104
0.00186934
0.00138761
0.00101885
0.000739958
0.000531571
0.000377723
0.000265489
0.000184581
0.000126942
8.63587e-05
5.81153e-05
3.86845e-05
2.5466e-05
1.65692e-05
1.0637e-05
6.70569e-06
4.0955e-06
2.32579e-06
1.04924e-06
0
0
1.2321e-06
2.73114e-06
4.8093e-06
7.87441e-06
1.24909e-05
1.9457e-05
2.99044e-05
4.54267e-05
6.8244e-05
0.00010141
0.000149066
0.000216752
0.00031176
0.000443555
0.000624217
0.000868924
0.00119642
0.00162946
0.00219515
0.00292519
0.00385589
0.00502795
0.00648586
0.00827709
0.0104507
0.0130557
0.0161388
0.0197422
0.0239008
0.0286397
0.0339709
0.0398916
0.0463816
0.0534021
0.0608949
0.0687824
0.0769686
0.0853412
0.0937738
0.10213
0.110265
0.118034
0.125292
0.131901
0.137733
0.142672
0.14662
0.149498
0.151249
0.151836
0.151249
0.149498
0.14662
0.142672
0.137733
0.131901
0.125292
0.118034
0.110265
0.10213
0.0937738
0.0853412
0.0769686
0.0687824
0.0608949
0.0534021
0.0463816
0.0398916
0.0339709
0.0286397
0.0239008
0.0197422
0.0161388
0.0130557
0.0104507
0.00827709
0.00648586
0.00502795
0.00385589
0.00292519
0.00219515
0.00162946
0.00119642
0.000868924
0.000624217
0.000443555
0.00031176
0.000216752
0.000149066
0.00010141
6.8244e-05
4.54267e-05
2.99044e-05
1.9457e-05
1.24909e-05
7.87441e-06
4.8093e-06
2.73114e-06
1.2321e-06
0
0
1.43256e-06
3.17548e-06
5.59173e-06
9.1555e-06
1.45231e-05
2.26225e-05
3.47696e-05
5.28172e-05
7.93467e-05
0.000117908
0.000173318
0.000252015
0.000362481
0.000515718
0.000725772
0.00101029
0.00139107
0.00189455
0.00255228
0.00340109
0.00448322
0.00584595
0.00754106
0.00962371
0.0121509
0.0151797
0.0187644
0.0229541
0.0277893
0.0332991
0.0394976
0.0463816
0.0539275
0.0620902
0.070802
0.0799727
0.0894908
0.0992255
0.10903
0.118745
0.128204
0.137237
0.145676
0.15336
0.160141
0.165883
0.170474
0.17382
0.175856
0.176539
0.175856
0.17382
0.170474
0.165883
0.160141
0.15336
0.145676
0.137237
0.128204
0.118745
0.10903
0.0992255
0.0894908
0.0799727
0.070802
0.0620902
0.0539275
0.0463816
0.0394976
0.0332991
0.0277893
0.0229541
0.0187644
0.0151797
0.0121509
0.00962371
0.00754106
0.00584595
0.00448322
0.00340109
0.00255228
0.00189455
0.00139107
0.00101029
0.000725772
0.000515718
0.000362481
0.000252015
0.000173318
0.000117908
7.93467e-05
5.28172e-05
3.47696e-05
2.26225e-05
1.45231e-05
9.1555e-06
5.59173e-06
3.17548e-06
1.43256e-06
0
0
1.6494e-06
3.65613e-06
6.43812e-06
1.05413e-05
1.67214e-05
2.60468e-05
4.00325e-05
6.08119e-05
9.1357e-05
0.000135756
0.000199552
0.000290161
0.000417348
0.000593779
0.000835628
0.00116321
0.00160162
0.00218132
0.0029386
0.0039159
0.00516182
0.00673082
0.00868251
0.0110804
0.0139902
0.0174774
0.0216047
0.0264285
0.0319956
0.0383394
0.0454762
0.0534021
0.0620902
0.0714884
0.0815189
0.0920777
0.103036
0.114245
0.125533
0.136719
0.14761
0.15801
0.167726
0.176574
0.18438
0.190992
0.196277
0.20013
0.202474
0.20326
0.202474
0.20013
0.196277
0.190992
0.18438
0.176574
0.167726
0.15801
0.14761
0.136719
0.125533
0.114245
0.103036
0.0920777
0.0815189
0.0714884
0.0620902
0.0534021
0.0454762
0.0383394
0.0319956
0.0264285
0.0216047
0.0174774
0.0139902
0.0110804
0.00868251
0.00673082
0.00516182
0.0039159
0.0029386
0.00218132
0.00160162
0.00116321
0.000835628
0.000593779
0.000417348
0.000290161
0.000199552
0.000135756
9.1357e-05
6.08119e-05
4.00325e-05
2.60468e-05
1.67214e-05
1.05413e-05
6.43812e-06
3.65613e-06
1.6494e-06
0
0
1.88082e-06
4.16912e-06
7.34144e-06
1.20204e-05
1.90675e-05
2.97014e-05
4.56494e-05
6.93443e-05
0.000104175
0.000154803
0.000227551
0.000330874
0.000475906
0.000677092
0.000952874
0.00132642
0.00182635
0.00248738
0.00335091
0.00446533
0.00588606
0.00767521
0.00990074
0.0126351
0.0159531
0.0199296
0.024636
0.0301366
0.0364849
0.0437187
0.0518569
0.0608949
0.070802
0.0815189
0.0929567
0.104997
0.117493
0.130274
0.143147
0.155902
0.168321
0.18018
0.19126
0.201349
0.21025
0.21779
0.223817
0.228211
0.230883
0.23178
0.230883
0.228211
0.223817
0.21779
0.21025
0.201349
0.19126
0.18018
0.168321
0.155902
0.143147
0.130274
0.117493
0.104997
0.0929567
0.0815189
0.070802
0.0608949
0.0518569
0.0437187
0.0364849
0.0301366
0.024636
0.0199296
0.0159531
0.0126351
0.00990074
0.00767521
0.00588606
0.00446533
0.00335091
0.00248738
0.00182635
0.00132642
0.000952874
0.000677092
0.000475906
0.000330874
0.000227551
0.000154803
0.000104175
6.93443e-05
4.56494e-05
2.97014e-05
1.90675e-05
1.20204e-05
7.34144e-06
4.16912e-06
1.88082e-06
0
0
2.12444e-06
4.70913e-06
8.29235e-06
1.35773e-05
2.15372e-05
3.35485e-05
5.15622e-05
7.83262e-05
0.000117669
0.000174854
0.000257025
0.00037373
0.000537548
0.000764793
0.0010763
0.00149823
0.00206291
0.00280956
0.00378495
0.00504371
0.00664846
0.00866935
0.0111831
0.0142716
0.0180195
0.022511
0.027827
0.0340401
0.0412106
0.0493814
0.0585737
0.0687824
0.0799727
0.0920777
0.104997
0.118597
0.132712
0.147148
0.161688
0.176095
0.190123
0.203518
0.216033
0.227428
0.237483
0.245999
0.252807
0.25777
0.260788
0.261801
0.260788
0.25777
0.252807
0.245999
0.237483
0.227428
0.216033
0.203518
0.190123
0.176095
0.161688
0.147148
0.132712
0.118597
0.104997
0.0920777
0.0799727
0.0687824
0.0585737
0.0493814
0.0412106
0.0340401
0.027827
0.022511
0.0180195
0.0142716
0.0111831
0.00866935
0.00664846
0.00504371
0.00378495
0.00280956
0.00206291
0.00149823
0.0010763
0.000764793
0.000537548
0.00037373
0.000257025
0.000174854
0.000117669
7.83262e-05
5.15622e-05
3.35485e-05
2.15372e-05
1.35773e-05
8.29235e-06
4.70913e-06
2.12444e-06
0
0
2.37728e-06
5.26959e-06
9.27928e-06
1.51932e-05
2.41005e-05
3.75413e-05
5.7699e-05
8.76484e-05
0.000131673
0.000195665
0.000287616
0.000418211
0.000601525
0.000855816
0.00120439
0.00167654
0.00230843
0.00314395
0.00423542
0.005644
0.00743974
0.00970115
0.0125141
0.0159702
0.0201641
0.0251902
0.0311389
0.0380914
0.0461153
0.0552587
0.065545
0.0769686
0.0894908
0.103036
0.117493
0.132712
0.148507
0.164661
0.180932
0.197054
0.21275
0.22774
0.241745
0.254496
0.265748
0.275277
0.282895
0.288449
0.291826
0.29296
0.291826
0.288449
0.282895
0.275277
0.265748
0.254496
0.241745
0.22774
0.21275
0.197054
0.180932
0.164661
0.148507
0.132712
0.117493
0.103036
0.0894908
0.0769686
0.065545
0.0552587
0.0461153
0.0380914
0.0311389
0.0251902
0.0201641
0.0159702
0.0125141
0.00970115
0.00743974
0.005644
0.00423542
0.00314395
0.00230843
0.00167654
0.00120439
0.000855816
0.000601525
0.000418211
0.000287616
0.000195665
0.000131673
8.76484e-05
5.7699e-05
3.75413e-05
2.41005e-05
1.51932e-05
9.27928e-06
5.26959e-06
2.37728e-06
0
0
2.63588e-06
5.84281e-06
1.02887e-05
1.68459e-05
2.67222e-05
4.1625e-05
6.39754e-05
9.71827e-05
0.000145996
0.000216949
0.000318902
0.000463703
0.000666958
0.000948911
0.00133541
0.00185891
0.00255953
0.00348594
0.00469614
0.00625795
0.00824903
0.0107564
0.0138754
0.0177074
0.0223575
0.0279304
0.0345261
0.042235
0.0511317
0.0612696
0.0726749
0.0853412
0.0992255
0.114245
0.130274
0.147148
0.164661
0.182573
0.200613
0.218489
0.235893
0.252514
0.268041
0.28218
0.294656
0.305222
0.313668
0.319826
0.323571
0.324828
0.323571
0.319826
0.313668
0.305222
0.294656
0.28218
0.268041
0.252514
0.235893
0.218489
0.200613
0.182573
0.164661
0.147148
0.130274
0.114245
0.0992255
0.0853412
0.0726749
0.0612696
0.0511317
0.042235
0.0345261
0.0279304
0.0223575
0.0177074
0.0138754
0.0107564
0.00824903
0.00625795
0.00469614
0.00348594
0.00255953
0.00185891
0.00133541
0.000948911
0.000666958
0.000463703
0.000318902
0.000216949
0.000145996
9.71827e-05
6.39754e-05
4.1625e-05
2.67222e-05
1.68459e-05
1.02887e-05
5.84281e-06
2.63588e-06
0
0
2.89633e-06
6.42015e-06
1.13053e-05
1.85105e-05
2.93626e-05
4.5738e-05
7.02969e-05
0.000106785
0.000160422
0.000238386
0.000350413
0.000509522
0.000732861
0.00104267
0.00146736
0.00204259
0.00281244
0.00383039
0.00516017
0.0068763
0.00906412
0.0118193
0.0152464
0.0194571
0.0245667
0.0306902
0.0379377
0.0464083
0.0561841
0.0673237
0.0798559
0.0937738
0.10903
0.125533
0.143147
0.161688
0.180932
0.200613
0.220436
0.240078
0.259202
0.277465
0.294527
0.310063
0.323771
0.335381
0.344662
0.351428
0.355543
0.356924
0.355543
0.351428
0.344662
0.335381
0.323771
0.310063
0.294527
0.277465
0.259202
0.240078
0.220436
0.200613
0.180932
0.161688
0.143147
0.125533
0.10903
0.0937738
0.0798559
0.0673237
0.0561841
0.0464083
0.0379377
0.0306902
0.0245667
0.0194571
0.0152464
0.0118193
0.00906412
0.0068763
0.00516017
0.00383039
0.00281244
0.00204259
0.00146736
0.00104267
0.000732861
0.000509522
0.000350413
0.000238386
0.000160422
0.000106785
7.02969e-05
4.5738e-05
2.93626e-05
1.85105e-05
1.13053e-05
6.42015e-06
2.89633e-06
0
0
3.15441e-06
6.99222e-06
1.23127e-05
2.01599e-05
3.1979e-05
4.98135e-05
7.65607e-05
0.000116301
0.000174717
0.000259628
0.000381637
0.000554923
0.000798163
0.00113558
0.00159811
0.0022246
0.00306305
0.0041717
0.00561997
0.00748902
0.00987179
0.0128724
0.016605
0.0211909
0.0267557
0.0334249
0.0413181
0.0505435
0.0611904
0.0733227
0.0869716
0.10213
0.118745
0.136719
0.155902
0.176095
0.197054
0.218489
0.240078
0.26147
0.282298
0.302188
0.320771
0.337691
0.352621
0.365265
0.375373
0.382742
0.387224
0.388728
0.387224
0.382742
0.375373
0.365265
0.352621
0.337691
0.320771
0.302188
0.282298
0.26147
0.240078
0.218489
0.197054
0.176095
0.155902
0.136719
0.118745
0.10213
0.0869716
0.0733227
0.0611904
0.0505435
0.0413181
0.0334249
0.0267557
0.0211909
0.016605
0.0128724
0.00987179
0.00748902
0.00561997
0.0041717
0.00306305
0.0022246
0.00159811
0.00113558
0.000798163
0.000554923
0.000381637
0.000259628
0.000174717
0.000116301
7.65607e-05
4.98135e-05
3.1979e-05
2.01599e-05
1.23127e-05
6.99222e-06
3.15441e-06
0
0
3.40568e-06
7.5492e-06
1.32935e-05
2.17658e-05
3.45264e-05
5.37816e-05
8.26594e-05
0.000125565
0.000188635
0.000280309
0.000412037
0.000599127
0.000861743
0.00122604
0.00172541
0.00240181
0.00330704
0.00450401
0.00606765
0.00808558
0.0106582
0.0138978
0.0179277
0.0228789
0.028887
0.0360874
0.0446094
0.0545697
0.0660647
0.0791634
0.0938995
0.110265
0.128204
0.14761
0.168321
0.190123
0.21275
0.235893
0.259202
0.282298
0.304786
0.32626
0.346323
0.364591
0.38071
0.394361
0.405275
0.413231
0.418069
0.419693
0.418069
0.413231
0.405275
0.394361
0.38071
0.364591
0.346323
0.32626
0.304786
0.282298
0.259202
0.235893
0.21275
0.190123
0.168321
0.14761
0.128204
0.110265
0.0938995
0.0791634
0.0660647
0.0545697
0.0446094
0.0360874
0.028887
0.0228789
0.0179277
0.0138978
0.0106582
0.00808558
0.00606765
0.00450401
0.00330704
0.00240181
0.00172541
0.00122604
0.000861743
0.000599127
0.000412037
0.000280309
0.000188635
0.000125565
8.26594e-05
5.37816e-05
3.45264e-05
2.17658e-05
1.32935e-05
7.5492e-06
3.40568e-06
0
0
3.64564e-06
8.0811e-06
1.42301e-05
2.32994e-05
3.6959e-05
5.75709e-05
8.84833e-05
0.000134412
0.000201925
0.000300059
0.000441068
0.00064134
0.000922459
0.00131242
0.00184698
0.00257103
0.00354005
0.00482135
0.00649516
0.00865526
0.0114091
0.014877
0.0191908
0.0244909
0.0309223
0.03863
0.0477525
0.0584145
0.0707195
0.084741
0.100515
0.118034
0.137237
0.15801
0.18018
0.203518
0.22774
0.252514
0.277465
0.302188
0.32626
0.349247
0.370723
0.390279
0.407533
0.422147
0.433829
0.442346
0.447525
0.449264
0.447525
0.442346
0.433829
0.422147
0.407533
0.390279
0.370723
0.349247
0.32626
0.302188
0.277465
0.252514
0.22774
0.203518
0.18018
0.15801
0.137237
0.118034
0.100515
0.084741
0.0707195
0.0584145
0.0477525
0.03863
0.0309223
0.0244909
0.0191908
0.014877
0.0114091
0.00865526
0.00649516
0.00482135
0.00354005
0.00257103
0.00184698
0.00131242
0.000922459
0.00064134
0.000441068
0.000300059
0.000201925
0.000134412
8.84833e-05
5.75709e-05
3.6959e-05
2.32994e-05
1.42301e-05
8.0811e-06
3.64564e-06
0
0
3.86982e-06
8.57803e-06
1.51051e-05
2.47321e-05
3.92317e-05
6.1111e-05
9.39244e-05
0.000142677
0.000214342
0.00031851
0.000468191
0.000680778
0.000979183
0.00139313
0.00196055
0.00272913
0.00375774
0.00511782
0.00689456
0.0091875
0.0121107
0.0157919
0.0203709
0.0259969
0.0328238
0.0410055
0.0506889
0.0620066
0.0750682
0.089952
0.106696
0.125292
0.145676
0.167726
0.19126
0.216033
0.241745
0.268041
0.294527
0.320771
0.346323
0.370723
0.39352
0.414278
0.432593
0.448106
0.460506
0.469547
0.475045
0.47689
0.475045
0.469547
0.460506
0.448106
0.432593
0.414278
0.39352
0.370723
0.346323
0.320771
0.294527
0.268041
0.241745
0.216033
0.19126
0.167726
0.145676
0.125292
0.106696
0.089952
0.0750682
0.0620066
0.0506889
0.0410055
0.0328238
0.0259969
0.0203709
0.0157919
0.0121107
0.0091875
0.00689456
0.00511782
0.00375774
0.00272913
0.00196055
0.00139313
0.000979183
0.000680778
0.000468191
0.00031851
0.000214342
0.000142677
9.39244e-05
6.1111e-05
3.92317e-05
2.47321e-05
1.51051e-05
8.57803e-06
3.86982e-06
0
0
4.07395e-06
9.03051e-06
1.59019e-05
2.60367e-05
4.13011e-05
6.43346e-05
9.88788e-05
0.000150203
0.000225648
0.000335311
0.000492887
0.000716688
0.00103083
0.00146661
0.00206397
0.00287309
0.00395595
0.00538778
0.00725824
0.00967213
0.0127495
0.0166249
0.0214455
0.0273682
0.0345552
0.0431685
0.0533627
0.0652774
0.0790279
0.0946968
0.112324
0.131901
0.15336
0.176574
0.201349
0.227428
0.254496
0.28218
0.310063
0.337691
0.364591
0.390279
0.414278
0.436131
0.455412
0.471743
0.484798
0.494315
0.500103
0.502045
0.500103
0.494315
0.484798
0.471743
0.455412
0.436131
0.414278
0.390279
0.364591
0.337691
0.310063
0.28218
0.254496
0.227428
0.201349
0.176574
0.15336
0.131901
0.112324
0.0946968
0.0790279
0.0652774
0.0533627
0.0431685
0.0345552
0.0273682
0.0214455
0.0166249
0.0127495
0.00967213
0.00725824
0.00538778
0.00395595
0.00287309
0.00206397
0.00146661
0.00103083
0.000716688
0.000492887
0.000335311
0.000225648
0.000150203
9.88788e-05
6.43346e-05
4.13011e-05
2.60367e-05
1.59019e-05
9.03051e-06
4.07395e-06
0
0
4.25406e-06
9.42975e-06
1.66049e-05
2.71878e-05
4.31271e-05
6.71789e-05
0.00010325
0.000156844
0.000235625
0.000350136
0.000514678
0.000748374
0.00107641
0.00153145
0.00215522
0.00300011
0.00413085
0.00562598
0.00757913
0.0100997
0.0133132
0.0173599
0.0223936
0.0285781
0.0360829
0.045077
0.0557219
0.0681633
0.0825218
0.0988835
0.11729
0.137733
0.160141
0.18438
0.21025
0.237483
0.265748
0.294656
0.323771
0.352621
0.38071
0.407533
0.432593
0.455412
0.475546
0.492599
0.506231
0.516169
0.522213
0.524241
0.522213
0.516169
0.506231
0.492599
0.475546
0.455412
0.432593
0.407533
0.38071
0.352621
0.323771
0.294656
0.265748
0.237483
0.21025
0.18438
0.160141
0.137733
0.11729
0.0988835
0.0825218
0.0681633
0.0557219
0.045077
0.0360829
0.0285781
0.0223936
0.0173599
0.0133132
0.0100997
0.00757913
0.00562598
0.00413085
0.00300011
0.00215522
0.00153145
0.00107641
0.000748374
0.000514678
0.000350136
0.000235625
0.000156844
0.00010325
6.71789e-05
4.31271e-05
2.71878e-05
1.66049e-05
9.42975e-06
4.25406e-06
0
0
4.40661e-06
9.7679e-06
1.72004e-05
2.81627e-05
4.46736e-05
6.95878e-05
0.000106953
0.000162468
0.000244074
0.000362691
0.000533134
0.00077521
0.00111501
0.00158637
0.00223251
0.00310769
0.00427898
0.00582773
0.00785091
0.0104619
0.0137906
0.0179824
0.0231966
0.0296029
0.0373768
0.0466934
0.05772
0.0706076
0.085481
0.102429
0.121496
0.142672
0.165883
0.190992
0.21779
0.245999
0.275277
0.305222
0.335381
0.365265
0.394361
0.422147
0.448106
0.471743
0.492599
0.510263
0.524384
0.534678
0.540939
0.54304
0.540939
0.534678
0.524384
0.510263
0.492599
0.471743
0.448106
0.422147
0.394361
0.365265
0.335381
0.305222
0.275277
0.245999
0.21779
0.190992
0.165883
0.142672
0.121496
0.102429
0.085481
0.0706076
0.05772
0.0466934
0.0373768
0.0296029
0.0231966
0.0179824
0.0137906
0.0104619
0.00785091
0.00582773
0.00427898
0.00310769
0.00223251
0.00158637
0.00111501
0.00077521
0.000533134
0.000362691
0.000244074
0.000162468
0.000106953
6.95878e-05
4.46736e-05
2.81627e-05
1.72004e-05
9.7679e-06
4.40661e-06
0
0
4.52855e-06
1.00382e-05
1.76764e-05
2.89421e-05
4.59098e-05
7.15136e-05
0.000109912
0.000166964
0.000250828
0.000372728
0.000547888
0.000796662
0.00114586
0.00163027
0.00229429
0.00319369
0.00439739
0.005989
0.00806817
0.0107514
0.0141722
0.01848
0.0238385
0.0304221
0.0384111
0.0479856
0.0593174
0.0725615
0.0878465
0.105264
0.124859
0.14662
0.170474
0.196277
0.223817
0.252807
0.282895
0.313668
0.344662
0.375373
0.405275
0.433829
0.460506
0.484798
0.506231
0.524384
0.538895
0.549475
0.555909
0.558068
0.555909
0.549475
0.538895
0.524384
0.506231
0.484798
0.460506
0.433829
0.405275
0.375373
0.344662
0.313668
0.282895
0.252807
0.223817
0.196277
0.170474
0.14662
0.124859
0.105264
0.0878465
0.0725615
0.0593174
0.0479856
0.0384111
0.0304221
0.0238385
0.01848
0.0141722
0.0107514
0.00806817
0.005989
0.00439739
0.00319369
0.00229429
0.00163027
0.00114586
0.000796662
0.000547888
0.000372728
0.000250828
0.000166964
0.000109912
7.15136e-05
4.59098e-05
2.89421e-05
1.76764e-05
1.00382e-05
4.52855e-06
0
0
4.61745e-06
1.02353e-05
1.80234e-05
2.95102e-05
4.68111e-05
7.29175e-05
0.00011207
0.000170242
0.000255752
0.000380045
0.000558643
0.000812302
0.00116836
0.00166227
0.00233933
0.00325639
0.00448372
0.00610657
0.00822656
0.0109625
0.0144504
0.0188428
0.0243065
0.0310194
0.0391652
0.0489276
0.0604818
0.073986
0.089571
0.10733
0.12731
0.149498
0.17382
0.20013
0.228211
0.25777
0.288449
0.319826
0.351428
0.382742
0.413231
0.442346
0.469547
0.494315
0.516169
0.534678
0.549475
0.560261
0.566822
0.569023
0.566822
0.560261
0.549475
0.534678
0.516169
0.494315
0.469547
0.442346
0.413231
0.382742
0.351428
0.319826
0.288449
0.25777
0.228211
0.20013
0.17382
0.149498
0.12731
0.10733
0.089571
0.073986
0.0604818
0.0489276
0.0391652
0.0310194
0.0243065
0.0188428
0.0144504
0.0109625
0.00822656
0.00610657
0.00448372
0.00325639
0.00233933
0.00166227
0.00116836
0.000812302
0.000558643
0.000380045
0.000255752
0.000170242
0.00011207
7.29175e-05
4.68111e-05
2.95102e-05
1.80234e-05
1.02353e-05
4.61745e-06
0
0
4.67152e-06
1.03551e-05
1.82344e-05
2.98558e-05
4.73592e-05
7.37713e-05
0.000113382
0.000172235
0.000258747
0.000384495
0.000565185
0.000821813
0.00118204
0.00168174
0.00236672
0.00329452
0.00453622
0.00617807
0.00832289
0.0110909
0.0146196
0.0190634
0.0245911
0.0313826
0.0396238
0.0495005
0.06119
0.0748524
0.0906199
0.108587
0.1288
0.151249
0.175856
0.202474
0.230883
0.260788
0.291826
0.323571
0.355543
0.387224
0.418069
0.447525
0.475045
0.500103
0.522213
0.540939
0.555909
0.566822
0.573459
0.575686
0.573459
0.566822
0.555909
0.540939
0.522213
0.500103
0.475045
0.447525
0.418069
0.387224
0.355543
0.323571
0.291826
0.260788
0.230883
0.202474
0.175856
0.151249
0.1288
0.108587
0.0906199
0.0748524
0.06119
0.0495005
0.0396238
0.0313826
0.0245911
0.0190634
0.0146196
0.0110909
0.00832289
0.00617807
0.00453622
0.00329452
0.00236672
0.00168174
0.00118204
0.000821813
0.000565185
0.000384495
0.000258747
0.000172235
0.000113382
7.37713e-05
4.73592e-05
2.98558e-05
1.82344e-05
1.03551e-05
4.67152e-06
0
0
4.68967e-06
1.03953e-05
1.83053e-05
2.99717e-05
4.75432e-05
7.40578e-05
0.000113823
0.000172904
0.000259752
0.000385989
0.00056738
0.000825005
0.00118663
0.00168827
0.00237591
0.00330732
0.00455384
0.00620207
0.00835522
0.0111339
0.0146764
0.0191375
0.0246866
0.0315045
0.0397777
0.0496928
0.0614277
0.0751431
0.0909719
0.109009
0.129301
0.151836
0.176539
0.20326
0.23178
0.261801
0.29296
0.324828
0.356924
0.388728
0.419693
0.449264
0.47689
0.502045
0.524241
0.54304
0.558068
0.569023
0.575686
0.577922
0.575686
0.569023
0.558068
0.54304
0.524241
0.502045
0.47689
0.449264
0.419693
0.388728
0.356924
0.324828
0.29296
0.261801
0.23178
0.20326
0.176539
0.151836
0.129301
0.109009
0.0909719
0.0751431
0.0614277
0.0496928
0.0397777
0.0315045
0.0246866
0.0191375
0.0146764
0.0111339
0.00835522
0.00620207
0.00455384
0.00330732
0.00237591
0.00168827
0.00118663
0.000825005
0.00056738
0.000385989
0.000259752
0.000172904
0.000113823
7.40578e-05
4.75432e-05
2.99717e-05
1.83053e-05
1.03953e-05
4.68967e-06
0
0
4.67152e-06
1.03551e-05
1.82344e-05
2.98558e-05
4.73592e-05
7.37713e-05
0.000113382
0.000172235
0.000258747
0.000384495
0.000565185
0.000821813
0.00118204
0.00168174
0.00236672
0.00329452
0.00453622
0.00617807
0.00832289
0.0110909
0.0146196
0.0190634
0.0245911
0.0313826
0.0396238
0.0495005
0.06119
0.0748524
0.0906199
0.108587
0.1288
0.151249
0.175856
0.202474
0.230883
0.260788
0.291826
0.323571
0.355543
0.387224
0.418069
0.447525
0.475045
0.500103
0.522213
0.540939
0.555909
0.566822
0.573459
0.575686
0.573459
0.566822
0.555909
0.540939
0.522213
0.500103
0.475045
0.447525
0.418069
0.387224
0.355543
0.323571
0.291826
0.260788
0.230883
0.202474
0.175856
0.151249
0.1288
0.108587
0.0906199
0.0748524
0.06119
0.0495005
0.0396238
0.0313826
0.0245911
0.0190634
0.0146196
0.0110909
0.00832289
0.00617807
0.00453622
0.00329452
0.00236672
0.00168174
0.00118204
0.000821813
0.000565185
0.000384495
0.000258747
0.000172235
0.000113382
7.37713e-05
4.73592e-05
2.98558e-05
1.82344e-05
1.03551e-05
4.67152e-06
0
0
4.61745e-06
1.02353e-05
1.80234e-05
2.95102e-05
4.68111e-05
7.29175e-05
0.00011207
0.000170242
0.000255752
0.000380045
0.000558643
0.000812302
0.00116836
0.00166227
0.00233933
0.00325639
0.00448372
0.00610657
0.00822656
0.0109625
0.0144504
0.0188428
0.0243065
0.0310194
0.0391652
0.0489276
0.0604818
0.073986
0.089571
0.10733
0.12731
0.149498
0.17382
0.20013
0.228211
0.25777
0.288449
0.319826
0.351428
0.382742
0.413231
0.442346
0.469547
0.494315
0.516169
0.534678
0.549475
0.560261
0.566822
0.569023
0.566822
0.560261
0.549475
0.534678
0.516169
0.494315
0.469547
0.442346
0.413231
0.382742
0.351428
0.319826
0.288449
0.25777
0.228211
0.20013
0.17382
0.149498
0.12731
0.10733
0.089571
0.073986
0.0604818
0.0489276
0.0391652
0.0310194
0.0243065
0.0188428
0.0144504
0.0109625
0.00822656
0.00610657
0.00448372
0.00325639
0.00233933
0.00166227
0.00116836
0.000812302
0.000558643
0.000380045
0.000255752
0.000170242
0.00011207
7.29175e-05
4.68111e-05
2.95102e-05
1.80234e-05
1.02353e-05
4.61745e-06
0
0
4.52855e-06
1.00382e-05
1.76764e-05
2.89421e-05
4.59098e-05
7.15136e-05
0.000109912
0.000166964
0.000250828
0.000372728
0.000547888
0.000796662
0.00114586
0.00163027
0.00229429
0.00319369
0.00439739
0.005989
0.00806817
0.0107514
0.0141722
0.01848
0.0238385
0.0304221
0.0384111
0.0479856
0.0593174
0.0725615
0.0878465
0.105264
0.124859
0.14662
0.170474
0.196277
0.223817
0.252807
0.282895
0.313668
0.344662
0.375373
0.405275
0.433829
0.460506
0.484798
0.506231
0.524384
0.538895
0.549475
0.555909
0.558068
0.555909
0.549475
0.538895
0.524384
0.506231
0.484798
0.460506
0.433829
0.405275
0.375373
0.344662
0.313668
0.282895
0.252807
0.223817
0.196277
0.170474
0.14662
0.124859
0.105264
0.0878465
0.0725615
0.0593174
0.0479856
0.0384111
0.0304221
0.0238385
0.01848
0.0141722
0.0107514
0.00806817
0.005989
0.00439739
0.00319369
0.00229429
0.00163027
0.00114586
0.000796662
0.000547888
0.000372728
0.000250828
0.000166964
0.000109912
7.15136e-05
4.59098e-05
2.89421e-05
1.76764e-05
1.00382e-05
4.52855e-06
0
0
4.40661e-06
9.7679e-06
1.72004e-05
2.81627e-05
4.46736e-05
6.95878e-05
0.000106953
0.000162468
0.000244074
0.000362691
0.000533134
0.00077521
0.00111501
0.00158637
0.00223251
0.00310769
0.00427898
0.00582773
0.00785091
0.0104619
0.0137906
0.0179824
0.0231966
0.0296029
0.0373768
0.0466934
0.05772
0.0706076
0.085481
0.102429
0.121496
0.142672
0.165883
0.190992
0.21779
0.245999
0.275277
0.305222
0.335381
0.365265
0.394361
0.422147
0.448106
0.471743
0.492599
0.510263
0.524384
0.534678
0.540939
0.54304
0.540939
0.534678
0.524384
0.510263
0.492599
0.471743
0.448106
0.422147
0.394361
0.365265
0.335381
0.305222
0.275277
0.245999
0.21779
0.190992
0.165883
0.142672
0.121496
0.102429
0.085481
0.0706076
0.05772
0.0466934
0.0373768
0.0296029
0.0231966
0.0179824
0.0137906
0.0104619
0.00785091
0.00582773
0.00427898
0.00310769
0.00223251
0.00158637
0.00111501
0.00077521
0.000533134
0.000362691
0.000244074
0.000162468
0.000106953
6.95878e-05
4.46736e-05
2.81627e-05
1.72004e-05
9.7679e-06
4.40661e-06
0
0
4.25406e-06
9.42975e-06
1.66049e-05
2.71878e-05
4.31271e-05
6.71789e-05
0.00010325
0.000156844
0.000235625
0.000350136
0.000514678
0.000748374
0.00107641
0.00153145
0.00215522
0.00300011
0.00413085
0.00562598
0.00757913
0.0100997
0.0133132
0.0173599
0.0223936
0.0285781
0.0360829
0.045077
0.0557219
0.0681633
0.0825218
0.0988835
0.11729
0.137733
0.160141
0.18438
0.21025
0.237483
0.265748
0.294656
0.323771
0.352621
0.38071
0.407533
0.432593
0.455412
0.475546
0.492599
0.506231
0.516169
0.522213
0.524241
0.522213
0.516169
0.506231
0.492599
0.475546
0.455412
0.432593
0.407533
0.38071
0.352621
0.323771
0.294656
0.265748
0.237483
0.21025
0.18438
0.160141
0.137733
0.11729
0.0988835
0.0825218
0.0681633
0.0557219
0.045077
0.0360829
0.0285781
0.0223936
0.0173599
0.0133132
0.0100997
0.00757913
0.00562598
0.00413085
0.00300011
0.00215522
0.00153145
0.00107641
0.000748374
0.000514678
0.000350136
0.000235625
0.000156844
0.00010325
6.71789e-05
4.31271e-05
2.71878e-05
1.66049e-05
9.42975e-06
4.25406e-06
0
0
4.07395e-06
9.03051e-06
1.59019e-05
2.60367e-05
4.13011e-05
6.43346e-05
9.88788e-05
0.000150203
0.000225648
0.000335311
0.000492887
0.000716688
0.00103083
0.00146661
0.00206397
0.00287309
0.00395595
0.00538778
0.00725824
0.00967213
0.0127495
0.0166249
0.0214455
0.0273682
0.0345552
0.0431685
0.0533627
0.0652774
0.0790279
0.0946968
0.112324
0.131901
0.15336
0.176574
0.201349
0.227428
0.254496
0.28218
0.310063
0.337691
0.364591
0.390279
0.414278
0.436131
0.455412
0.471743
0.484798
0.494315
0.500103
0.502045
0.500103
0.494315
0.484798
0.471743
0.455412
0.436131
0.414278
0.390279
0.364591
0.337691
0.310063
0.28218
0.254496
0.227428
0.201349
0.176574
0.15336
0.131901
0.112324
0.0946968
0.0790279
0.0652774
0.0533627
0.0431685
0.0345552
0.0273682
0.0214455
0.0166249
0.0127495
0.00967213
0.00725824
0.00538778
0.00395595
0.00287309
0.00206397
0.00146661
0.00103083
0.000716688
0.000492887
0.000335311
0.000225648
0.000150203
9.88788e-05
6.43346e-05
4.13011e-05
2.60367e-05
1.59019e-05
9.03051e-06
4.07395e-06
0
0
3.86982e-06
8.57803e-06
1.51051e-05
2.47321e-05
3.92317e-05
6.1111e-05
9.39244e-05
0.000142677
0.000214342
0.00031851
0.000468191
0.000680778
0.000979183
0.00139313
0.00196055
0.00272913
0.00375774
0.00511782
0.00689456
0.0091875
0.0121107
0.0157919
0.0203709
0.0259969
0.0328238
0.0410055
0.0506889
0.0620066
0.0750682
0.089952
0.106696
0.125292
0.145676
0.167726
0.19126
0.216033
0.241745
0.268041
0.294527
0.320771
0.346323
0.370723
0.39352
0.414278
0.432593
0.448106
0.460506
0.469547
0.475045
0.47689
0.475045
0.469547
0.460506
0.448106
0.432593
0.414278
0.39352
0.370723
0.346323
0.320771
0.294527
0.268041
0.241745
0.216033
0.19126
0.167726
0.145676
0.125292
0.106696
0.089952
0.0750682
0.0620066
0.0506889
0.0410055
0.0328238
0.0259969
0.0203709
0.0157919
0.0121107
0.0091875
0.00689456
0.00511782
0.00375774
0.00272913
0.00196055
0.00139313
0.000979183
0.000680778
0.000468191
0.00031851
0.000214342
0.000142677
9.39244e-05
6.1111e-05
3.92317e-05
2.47321e-05
1.51051e-05
8.57803e-06
3.86982e-06
0
0
3.64564e-06
8.0811e-06
1.42301e-05
2.32994e-05
3.6959e-05
5.75709e-05
8.84833e-05
0.000134412
0.000201925
0.000300059
0.000441068
0.00064134
0.000922459
0.00131242
0.00184698
0.00257103
0.00354005
0.00482135
0.00649516
0.00865526
0.0114091
0.014877
0.0191908
0.0244909
0.0309223
0.03863
0.0477525
0.0584145
0.0707195
0.084741
0.100515
0.118034
0.137237
0.15801
0.18018
0.203518
0.22774
0.252514
0.277465
0.302188
0.32626
0.349247
0.370723
0.390279
0.407533
0.422147
0.433829
0.442346
0.447525
0.449264
0.447525
0.442346
0.433829
0.422147
0.407533
0.390279
0.370723
0.349247
0.32626
0.302188
0.277465
0.252514
0.22774
0.203518
0.18018
0.15801
0.137237
0.118034
0.100515
0.084741
0.0707195
0.0584145
0.0477525
0.03863
0.0309223
0.0244909
0.0191908
0.014877
0.0114091
0.00865526
0.00649516
0.00482135
0.00354005
0.00257103
0.00184698
0.00131242
0.000922459
0.00064134
0.000441068
0.000300059
0.000201925
0.000134412
8.84833e-05
5.75709e-05
3.6959e-05
2.32994e-05
1.42301e-05
8.0811e-06
3.64564e-06
0
0
3.40568e-06
7.5492e-06
1.32935e-05
2.17658e-05
3.45264e-05
5.37816e-05
8.26594e-05
0.000125565
0.000188635
0.000280309
0.000412037
0.000599127
0.000861743
0.00122604
0.00172541
0.00240181
0.00330704
0.00450401
0.00606765
0.00808558
0.0106582
0.0138978
0.0179277
0.0228789
0.028887
0.0360874
0.0446094
0.0545697
0.0660647
0.0791634
0.0938995
0.110265
0.128204
0.14761
0.168321
0.190123
0.21275
0.235893
0.259202
0.282298
0.304786
0.32626
0.346323
0.364591
0.38071
0.394361
0.405275
0.413231
0.418069
0.419693
0.418069
0.413231
0.405275
0.394361
0.38071
0.364591
0.346323
0.32626
0.304786
0.282298
0.259202
0.235893
0.21275
0.190123
0.168321
0.14761
0.128204
0.110265
0.0938995
0.0791634
0.0660647
0.0545697
0.0446094
0.0360874
0.028887
0.0228789
0.0179277
0.0138978
0.0106582
0.00808558
0.00606765
0.00450401
0.00330704
0.00240181
0.00172541
0.00122604
0.000861743
0.000599127
0.000412037
0.000280309
0.000188635
0.000125565
8.26594e-05
5.37816e-05
3.45264e-05
2.17658e-05
1.32935e-05
7.5492e-06
3.40568e-06
0
0
3.15441e-06
6.99222e-06
1.23127e-05
2.01599e-05
3.1979e-05
4.98135e-05
7.65607e-05
0.000116301
0.000174717
0.000259628
0.000381637
0.000554923
0.000798163
0.00113558
0.00159811
0.0022246
0.00306305
0.0041717
0.00561997
0.00748902
0.00987179
0.0128724
0.016605
0.0211909
0.0267557
0.0334249
0.0413181
0.0505435
0.0611904
0.0733227
0.0869716
0.10213
0.118745
0.136719
0.155902
0.176095
0.197054
0.218489
0.240078
0.26147
0.282298
0.302188
0.320771
0.337691
0.352621
0.365265
0.375373
0.382742
0.387224
0.388728
0.387224
0.382742
0.375373
0.365265
0.352621
0.337691
0.320771
0.302188
0.282298
0.26147
0.240078
0.218489
0.197054
0.176095
0.155902
0.136719
0.118745
0.10213
0.0869716
0.0733227
0.0611904
0.0505435
0.0413181
0.0334249
0.0267557
0.0211909
0.016605
0.0128724
0.00987179
0.00748902
0.00561997
0.0041717
0.00306305
0.0022246
0.00159811
0.00113558
0.000798163
0.000554923
0.000381637
0.000259628
0.000174717
0.000116301
7.65607e-05
4.98135e-05
3.1979e-05
2.01599e-05
1.23127e-05
6.99222e-06
3.15441e-06
0
0
2.89633e-06
6.42015e-06
1.13053e-05
1.85105e-05
2.93626e-05
4.5738e-05
7.02969e-05
0.000106785
0.000160422
0.000238386
0.000350413
0.000509522
0.000732861
0.00104267
0.00146736
0.00204259
0.00281244
0.00383039
0.00516017
0.0068763
0.00906412
0.0118193
0.0152464
0.0194571
0.0245667
0.0306902
0.0379377
0.0464083
0.0561841
0.0673237
0.0798559
0.0937738
0.10903
0.125533
0.143147
0.161688
0.180932
0.200613
0.220436
0.240078
0.259202
0.277465
0.294527
0.310063
0.323771
0.335381
0.344662
0.351428
0.355543
0.356924
0.355543
0.351428
0.344662
0.335381
0.323771
0.310063
0.294527
0.277465
0.259202
0.240078
0.220436
0.200613
0.180932
0.161688
0.143147
0.125533
0.10903
0.0937738
0.0798559
0.0673237
0.0561841
0.0464083
0.0379377
0.0306902
0.0245667
0.0194571
0.0152464
0.0118193
0.00906412
0.0068763
0.00516017
0.00383039
0.00281244
0.00204259
0.00146736
0.00104267
0.000732861
0.000509522
0.000350413
0.000238386
0.000160422
0.000106785
7.02969e-05
4.5738e-05
2.93626e-05
1.85105e-05
1.13053e-05
6.42015e-06
2.89633e-06
0
0
2.63588e-06
5.84281e-06
1.02887e-05
1.68459e-05
2.67222e-05
4.1625e-05
6.39754e-05
9.71827e-05
0.000145996
0.000216949
0.000318902
0.000463703
0.000666958
0.000948911
0.00133541
0.00185891
0.00255953
0.00348594
0.00469614
0.00625795
0.00824903
0.0107564
0.0138754
0.0177074
0.0223575
0.0279304
0.0345261
0.042235
0.0511317
0.0612696
0.0726749
0.0853412
0.0992255
0.114245
0.130274
0.147148
0.164661
0.182573
0.200613
0.218489
0.235893
0.252514
0.268041
0.28218
0.294656
0.305222
0.313668
0.319826
0.323571
0.324828
0.323571
0.319826
0.313668
0.305222
0.294656
0.28218
0.268041
0.252514
0.235893
0.218489
0.200613
0.182573
0.164661
0.147148
0.130274
0.114245
0.0992255
0.0853412
0.0726749
0.0612696
0.0511317
0.042235
0.0345261
0.0279304
0.0223575
0.0177074
0.0138754
0.0107564
0.00824903
0.00625795
0.00469614
0.00348594
0.00255953
0.00185891
0.00133541
0.000948911
0.000666958
0.000463703
0.000318902
0.000216949
0.000145996
9.71827e-05
6.39754e-05
4.1625e-05
2.67222e-05
1.68459e-05
1.02887e-05
5.84281e-06
2.63588e-06
0
0
2.37728e-06
5.26959e-06
9.27928e-06
1.51932e-05
2.41005e-05
3.75413e-05
5.7699e-05
8.76484e-05
0.000131673
0.000195665
0.000287616
0.000418211
0.000601525
0.000855816
0.00120439
0.00167654
0.00230843
0.00314395
0.00423542
0.005644
0.00743974
0.00970115
0.0125141
0.0159702
0.0201641
0.0251902
0.0311389
0.0380914
0.0461153
0.0552587
0.065545
0.0769686
0.0894908
0.103036
0.117493
0.132712
0.148507
0.164661
0.180932
0.197054
0.21275
0.22774
0.241745
0.254496
0.265748
0.275277
0.282895
0.288449
0.291826
0.29296
0.291826
0.288449
0.282895
0.275277
0.265748
0.254496
0.241745
0.22774
0.21275
0.197054
0.180932
0.164661
0.148507
0.132712
0.117493
0.103036
0.0894908
0.0769686
0.065545
0.0552587
0.0461153
0.0380914
0.0311389
0.0251902
0.0201641
0.0159702
0.0125141
0.00970115
0.00743974
0.005644
0.00423542
0.00314395
0.00230843
0.00167654
0.00120439
0.000855816
0.000601525
0.000418211
0.000287616
0.000195665
0.000131673
8.76484e-05
5.7699e-05
3.75413e-05
2.41005e-05
1.51932e-05
9.27928e-06
5.26959e-06
2.37728e-06
0
0
2.12444e-06
4.70913e-06
8.29235e-06
1.35773e-05
2.15372e-05
3.35485e-05
5.15622e-05
7.83262e-05
0.000117669
0.000174854
0.000257025
0.00037373
0.000537548
0.000764793
0.0010763
0.00149823
0.00206291
0.00280956
0.00378495
0.00504371
0.00664846
0.00866935
0.0111831
0.0142716
0.0180195
0.022511
0.027827
0.0340401
0.0412106
0.0493814
0.0585737
0.0687824
0.0799727
0.0920777
0.104997
0.118597
0.132712
0.147148
0.161688
0.176095
0.190123
0.203518
0.216033
0.227428
0.237483
0.245999
0.252807
0.25777
0.260788
0.261801
0.260788
0.25777
0.252807
0.245999
0.237483
0.227428
0.216033
0.203518
0.190123
0.176095
0.161688
0.147148
0.132712
0.118597
0.104997
0.0920777
0.0799727
0.0687824
0.0585737
0.0493814
0.0412106
0.0340401
0.027827
0.022511
0.0180195
0.0142716
0.0111831
0.00866935
0.00664846
0.00504371
0.00378495
0.00280956
0.00206291
0.00149823
0.0010763
0.000764793
0.000537548
0.00037373
0.000257025
0.000174854
0.000117669
7.83262e-05
5.15622e-05
3.35485e-05
2.15372e-05
1.35773e-05
8.29235e-06
4.70913e-06
2.12444e-06
0
0
1.88082e-06
4.16912e-06
7.34144e-06
1.20204e-05
1.90675e-05
2.97014e-05
4.56494e-05
6.93443e-05
0.000104175
0.000154803
0.000227551
0.000330874
0.000475906
0.000677092
0.000952874
0.00132642
0.00182635
0.00248738
0.00335091
0.00446533
0.00588606
0.00767521
0.00990074
0.0126351
0.0159531
0.0199296
0.024636
0.0301366
0.0364849
0.0437187
0.0518569
0.0608949
0.070802
0.0815189
0.0929567
0.104997
0.117493
0.130274
0.143147
0.155902
0.168321
0.18018
0.19126
0.201349
0.21025
0.21779
0.223817
0.228211
0.230883
0.23178
0.230883
0.228211
0.223817
0.21779
0.21025
0.201349
0.19126
0.18018
0.168321
0.155902
0.143147
0.130274
0.117493
0.104997
0.0929567
0.0815189
0.070802
0.0608949
0.0518569
0.0437187
0.0364849
0.0301366
0.024636
0.0199296
0.0159531
0.0126351
0.00990074
0.00767521
0.00588606
0.00446533
0.00335091
0.00248738
0.00182635
0.00132642
0.000952874
0.000677092
0.000475906
0.000330874
0.000227551
0.000154803
0.000104175
6.93443e-05
4.56494e-05
2.97014e-05
1.90675e-05
1.20204e-05
7.34144e-06
4.16912e-06
1.88082e-06
0
0
1.6494e-06
3.65613e-06
6.43812e-06
1.05413e-05
1.67214e-05
2.60468e-05
4.00325e-05
6.08119e-05
9.1357e-05
0.000135756
0.000199552
0.000290161
0.000417348
0.000593779
0.000835628
0.00116321
0.00160162
0.00218132
0.0029386
0.0039159
0.00516182
0.00673082
0.00868251
0.0110804
0.0139902
0.0174774
0.0216047
0.0264285
0.0319956
0.0383394
0.0454762
0.0534021
0.0620902
0.0714884
0.0815189
0.0920777
0.103036
0.114245
0.125533
0.136719
0.14761
0.15801
0.167726
0.176574
0.18438
0.190992
0.196277
0.20013
0.202474
0.20326
0.202474
0.20013
0.196277
0.190992
0.18438
0.176574
0.167726
0.15801
0.14761
0.136719
0.125533
0.114245
0.103036
0.0920777
0.0815189
0.0714884
0.0620902
0.0534021
0.0454762
0.0383394
0.0319956
0.0264285
0.0216047
0.0174774
0.0139902
0.0110804
0.00868251
0.00673082
0.00516182
0.0039159
0.0029386
0.00218132
0.00160162
0.00116321
0.000835628
0.000593779
0.000417348
0.000290161
0.000199552
0.000135756
9.1357e-05
6.08119e-05
4.00325e-05
2.60468e-05
1.67214e-05
1.05413e-05
6.43812e-06
3.65613e-06
1.6494e-06
0
0
1.43256e-06
3.17548e-06
5.59173e-06
9.1555e-06
1.45231e-05
2.26225e-05
3.47696e-05
5.28172e-05
7.93467e-05
0.000117908
0.000173318
0.000252015
0.000362481
0.000515718
0.000725772
0.00101029
0.00139107
0.00189455
0.00255228
0.00340109
0.00448322
0.00584595
0.00754106
0.00962371
0.0121509
0.0151797
0.0187644
0.0229541
0.0277893
0.0332991
0.0394976
0.0463816
0.0539275
0.0620902
0.070802
0.0799727
0.0894908
0.0992255
0.10903
0.118745
0.128204
0.137237
0.145676
0.15336
0.160141
0.165883
0.170474
0.17382
0.175856
0.176539
0.175856
0.17382
0.170474
0.165883
0.160141
0.15336
0.145676
0.137237
0.128204
0.118745
0.10903
0.0992255
0.0894908
0.0799727
0.070802
0.0620902
0.0539275
0.0463816
0.0394976
0.0332991
0.0277893
0.0229541
0.0187644
0.0151797
0.0121509
0.00962371
0.00754106
0.00584595
0.00448322
0.00340109
0.00255228
0.00189455
0.00139107
0.00101029
0.000725772
0.000515718
0.000362481
0.000252015
0.000173318
0.000117908
7.93467e-05
5.28172e-05
3.47696e-05
2.26225e-05
1.45231e-05
9.1555e-06
5.59173e-06
3.17548e-06
1.43256e-06
0
0
1.2321e-06
2.73114e-06
4.8093e-06
7.87441e-06
1.24909e-05
1.9457e-05
2.99044e-05
4.54267e-05
6.8244e-05
0.00010141
0.000149066
0.000216752
0.00031176
0.000443555
0.000624217
0.000868924
0.00119642
0.00162946
0.00219515
0.00292519
0.00385589
0.00502795
0.00648586
0.00827709
0.0104507
0.0130557
0.0161388
0.0197422
0.0239008
0.0286397
0.0339709
0.0398916
0.0463816
0.0534021
0.0608949
0.0687824
0.0769686
0.0853412
0.0937738
0.10213
0.110265
0.118034
0.125292
0.131901
0.137733
0.142672
0.14662
0.149498
0.151249
0.151836
0.151249
0.149498
0.14662
0.142672
0.137733
0.131901
0.125292
0.118034
0.110265
0.10213
0.0937738
0.0853412
0.0769686
0.0687824
0.0608949
0.0534021
0.0463816
0.0398916
0.0339709
0.0286397
0.0239008
0.0197422
0.0161388
0.0130557
0.0104507
0.00827709
0.00648586
0.00502795
0.00385589
0.00292519
0.00219515
0.00162946
0.00119642
0.000868924
0.000624217
0.000443555
0.00031176
0.000216752
0.000149066
0.00010141
6.8244e-05
4.54267e-05
2.99044e-05
1.9457e-05
1.24909e-05
7.87441e-06
4.8093e-06
2.73114e-06
1.2321e-06
0
0
1.04924e-06
2.32579e-06
4.0955e-06
6.70569e-06
1.0637e-05
1.65692e-05
2.5466e-05
3.86845e-05
5.81153e-05
8.63587e-05
0.000126942
0.000184581
0.000265489
0.000377723
0.000531571
0.000739958
0.00101885
0.00138761
0.00186934
0.00249104
0.0032836
0.0042817
0.00552323
0.00704861
0.00889961
0.0111179
0.0137434
0.016812
0.0203535
0.024389
0.0289289
0.0339709
0.0394976
0.0454762
0.0518569
0.0585737
0.065545
0.0726749
0.0798559
0.0869716
0.0938995
0.100515
0.106696
0.112324
0.11729
0.121496
0.124859
0.12731
0.1288
0.129301
0.1288
0.12731
0.124859
0.121496
0.11729
0.112324
0.106696
0.100515
0.0938995
0.0869716
0.0798559
0.0726749
0.065545
0.0585737
0.0518569
0.0454762
0.0394976
0.0339709
0.0289289
0.024389
0.0203535
0.016812
0.0137434
0.0111179
0.00889961
0.00704861
0.00552323
0.0042817
0.0032836
0.00249104
0.00186934
0.00138761
0.00101885
0.000739958
0.000531571
0.000377723
0.000265489
0.000184581
0.000126942
8.63587e-05
5.81153e-05
3.86845e-05
2.5466e-05
1.65692e-05
1.0637e-05
6.70569e-06
4.0955e-06
2.32579e-06
1.04924e-06
0
0
8.84574e-07
1.96079e-06
3.45277e-06
5.65333e-06
8.96769e-06
1.39689e-05
2.14695e-05
3.26135e-05
4.89949e-05
7.2806e-05
0.00010702
0.000155614
0.000223825
0.000318445
0.000448149
0.000623833
0.000858954
0.00116985
0.00157598
0.0021001
0.00276829
0.00360975
0.00465644
0.00594244
0.00750295
0.00937315
0.0115866
0.0141736
0.0171593
0.0205615
0.024389
0.0286397
0.0332991
0.0383394
0.0437187
0.0493814
0.0552587
0.0612696
0.0673237
0.0733227
0.0791634
0.084741
0.089952
0.0946968
0.0988835
0.102429
0.105264
0.10733
0.108587
0.109009
0.108587
0.10733
0.105264
0.102429
0.0988835
0.0946968
0.089952
0.084741
0.0791634
0.0733227
0.0673237
0.0612696
0.0552587
0.0493814
0.0437187
0.0383394
0.0332991
0.0286397
0.024389
0.0205615
0.0171593
0.0141736
0.0115866
0.00937315
0.00750295
0.00594244
0.00465644
0.00360975
0.00276829
0.0021001
0.00157598
0.00116985
0.000858954
0.000623833
0.000448149
0.000318445
0.000223825
0.000155614
0.00010702
7.2806e-05
4.89949e-05
3.26135e-05
2.14695e-05
1.39689e-05
8.96769e-06
5.65333e-06
3.45277e-06
1.96079e-06
8.84574e-07
0
0
7.38209e-07
1.63635e-06
2.88146e-06
4.71791e-06
7.48386e-06
1.16576e-05
1.79171e-05
2.72172e-05
4.0888e-05
6.07592e-05
8.93124e-05
0.000129866
0.00018679
0.000265754
0.000373997
0.000520611
0.000716828
0.00097628
0.00131521
0.00175261
0.00231024
0.00301247
0.00388597
0.00495918
0.00626148
0.00782223
0.00966945
0.0118284
0.0143201
0.0171593
0.0203535
0.0239008
0.0277893
0.0319956
0.0364849
0.0412106
0.0461153
0.0511317
0.0561841
0.0611904
0.0660647
0.0707195
0.0750682
0.0790279
0.0825218
0.085481
0.0878465
0.089571
0.0906199
0.0909719
0.0906199
0.089571
0.0878465
0.085481
0.0825218
0.0790279
0.0750682
0.0707195
0.0660647
0.0611904
0.0561841
0.0511317
0.0461153
0.0412106
0.0364849
0.0319956
0.0277893
0.0239008
0.0203535
0.0171593
0.0143201
0.0118284
0.00966945
0.00782223
0.00626148
0.00495918
0.00388597
0.00301247
0.00231024
0.00175261
0.00131521
0.00097628
0.000716828
0.000520611
0.000373997
0.000265754
0.00018679
0.000129866
8.93124e-05
6.07592e-05
4.0888e-05
2.72172e-05
1.79171e-05
1.16576e-05
7.48386e-06
4.71791e-06
2.88146e-06
1.63635e-06
7.38209e-07
0
0
6.09763e-07
1.35163e-06
2.3801e-06
3.89701e-06
6.1817e-06
9.62921e-06
1.47996e-05
2.24815e-05
3.37737e-05
5.01873e-05
7.37723e-05
0.000107269
0.000154289
0.000219514
0.000308923
0.000430027
0.000592103
0.000806411
0.00108637
0.00144766
0.00190827
0.00248831
0.00320983
0.0040963
0.00517201
0.00646119
0.007987
0.00977032
0.0118284
0.0141736
0.016812
0.0197422
0.0229541
0.0264285
0.0301366
0.0340401
0.0380914
0.042235
0.0464083
0.0505435
0.0545697
0.0584145
0.0620066
0.0652774
0.0681633
0.0706076
0.0725615
0.073986
0.0748524
0.0751431
0.0748524
0.073986
0.0725615
0.0706076
0.0681633
0.0652774
0.0620066
0.0584145
0.0545697
0.0505435
0.0464083
0.042235
0.0380914
0.0340401
0.0301366
0.0264285
0.0229541
0.0197422
0.016812
0.0141736
0.0118284
0.00977032
0.007987
0.00646119
0.00517201
0.0040963
0.00320983
0.00248831
0.00190827
0.00144766
0.00108637
0.000806411
0.000592103
0.000430027
0.000308923
0.000219514
0.000154289
0.000107269
7.37723e-05
5.01873e-05
3.37737e-05
2.24815e-05
1.47996e-05
9.62921e-06
6.1817e-06
3.89701e-06
2.3801e-06
1.35163e-06
6.09763e-07
0
0
4.98467e-07
1.10493e-06
1.94568e-06
3.18571e-06
5.05339e-06
7.87165e-06
1.20983e-05
1.83781e-05
2.76092e-05
4.1027e-05
6.03072e-05
8.76903e-05
0.000126128
0.000179447
0.000252537
0.000351537
0.00048403
0.000659222
0.000888081
0.00118343
0.00155996
0.00203413
0.00262396
0.00334863
0.004228
0.00528187
0.00652919
0.007987
0.00966945
0.0115866
0.0137434
0.0161388
0.0187644
0.0216047
0.024636
0.027827
0.0311389
0.0345261
0.0379377
0.0413181
0.0446094
0.0477525
0.0506889
0.0533627
0.0557219
0.05772
0.0593174
0.0604818
0.06119
0.0614277
0.06119
0.0604818
0.0593174
0.05772
0.0557219
0.0533627
0.0506889
0.0477525
0.0446094
0.0413181
0.0379377
0.0345261
0.0311389
0.027827
0.024636
0.0216047
0.0187644
0.0161388
0.0137434
0.0115866
0.00966945
0.007987
0.00652919
0.00528187
0.004228
0.00334863
0.00262396
0.00203413
0.00155996
0.00118343
0.000888081
0.000659222
0.00048403
0.000351537
0.000252537
0.000179447
0.000126128
8.76903e-05
6.03072e-05
4.1027e-05
2.76092e-05
1.83781e-05
1.20983e-05
7.87165e-06
5.05339e-06
3.18571e-06
1.94568e-06
1.10493e-06
4.98467e-07
0
0
4.03242e-07
8.93845e-07
1.57398e-06
2.57713e-06
4.08801e-06
6.36788e-06
9.78708e-06
1.48672e-05
2.23348e-05
3.31893e-05
4.87863e-05
7.09382e-05
0.000102033
0.000145166
0.000204293
0.00028438
0.000391563
0.000533286
0.000718425
0.000957353
0.00126195
0.00164554
0.00212269
0.00270892
0.00342029
0.00427284
0.00528187
0.00646119
0.00782223
0.00937315
0.0111179
0.0130557
0.0151797
0.0174774
0.0199296
0.022511
0.0251902
0.0279304
0.0306902
0.0334249
0.0360874
0.03863
0.0410055
0.0431685
0.045077
0.0466934
0.0479856
0.0489276
0.0495005
0.0496928
0.0495005
0.0489276
0.0479856
0.0466934
0.045077
0.0431685
0.0410055
0.03863
0.0360874
0.0334249
0.0306902
0.0279304
0.0251902
0.022511
0.0199296
0.0174774
0.0151797
0.0130557
0.0111179
0.00937315
0.00782223
0.00646119
0.00528187
0.00427284
0.00342029
0.00270892
0.00212269
0.00164554
0.00126195
0.000957353
0.000718425
0.000533286
0.000391563
0.00028438
0.000204293
0.000145166
0.000102033
7.09382e-05
4.87863e-05
3.31893e-05
2.23348e-05
1.48672e-05
9.78708e-06
6.36788e-06
4.08801e-06
2.57713e-06
1.57398e-06
8.93845e-07
4.03242e-07
0
0
3.22784e-07
7.15499e-07
1.25993e-06
2.06292e-06
3.27234e-06
5.09731e-06
7.83429e-06
1.19008e-05
1.78784e-05
2.65671e-05
3.90521e-05
5.67841e-05
8.16743e-05
0.000116202
0.000163531
0.000227639
0.000313435
0.000426881
0.00057508
0.000766335
0.00101016
0.00131721
0.00169915
0.00216841
0.00273785
0.00342029
0.004228
0.00517201
0.00626148
0.00750295
0.00889961
0.0104507
0.0121509
0.0139902
0.0159531
0.0180195
0.0201641
0.0223575
0.0245667
0.0267557
0.028887
0.0309223
0.0328238
0.0345552
0.0360829
0.0373768
0.0384111
0.0391652
0.0396238
0.0397777
0.0396238
0.0391652
0.0384111
0.0373768
0.0360829
0.0345552
0.0328238
0.0309223
0.028887
0.0267557
0.0245667
0.0223575
0.0201641
0.0180195
0.0159531
0.0139902
0.0121509
0.0104507
0.00889961
0.00750295
0.00626148
0.00517201
0.004228
0.00342029
0.00273785
0.00216841
0.00169915
0.00131721
0.00101016
0.000766335
0.00057508
0.000426881
0.000313435
0.000227639
0.000163531
0.000116202
8.16743e-05
5.67841e-05
3.90521e-05
2.65671e-05
1.78784e-05
1.19008e-05
7.83429e-06
5.09731e-06
3.27234e-06
2.06292e-06
1.25993e-06
7.15499e-07
3.22784e-07
0
0
2.55649e-07
5.66684e-07
9.9788e-07
1.63386e-06
2.59174e-06
4.03714e-06
6.20486e-06
9.42558e-06
1.41599e-05
2.10415e-05
3.09298e-05
4.49738e-05
6.46871e-05
9.20332e-05
0.000129519
0.000180293
0.000248245
0.000338095
0.000455471
0.000606947
0.000800059
0.00104325
0.00134575
0.00171741
0.00216841
0.00270892
0.00334863
0.0040963
0.00495918
0.00594244
0.00704861
0.00827709
0.00962371
0.0110804
0.0126351
0.0142716
0.0159702
0.0177074
0.0194571
0.0211909
0.0228789
0.0244909
0.0259969
0.0273682
0.0285781
0.0296029
0.0304221
0.0310194
0.0313826
0.0315045
0.0313826
0.0310194
0.0304221
0.0296029
0.0285781
0.0273682
0.0259969
0.0244909
0.0228789
0.0211909
0.0194571
0.0177074
0.0159702
0.0142716
0.0126351
0.0110804
0.00962371
0.00827709
0.00704861
0.00594244
0.00495918
0.0040963
0.00334863
0.00270892
0.00216841
0.00171741
0.00134575
0.00104325
0.000800059
0.000606947
0.000455471
0.000338095
0.000248245
0.000180293
0.000129519
9.20332e-05
6.46871e-05
4.49738e-05
3.09298e-05
2.10415e-05
1.41599e-05
9.42558e-06
6.20486e-06
4.03714e-06
2.59174e-06
1.63386e-06
9.9788e-07
5.66684e-07
2.55649e-07
0
0
2.00325e-07
4.44049e-07
7.8193e-07
1.28028e-06
2.03086e-06
3.16347e-06
4.86208e-06
7.3858e-06
1.10956e-05
1.6488e-05
2.42363e-05
3.52411e-05
5.06883e-05
7.21165e-05
0.00010149
0.000141276
0.000194523
0.000264929
0.000356903
0.000475599
0.00062692
0.00081748
0.00105452
0.00134575
0.00169915
0.00212269
0.00262396
0.00320983
0.00388597
0.00465644
0.00552323
0.00648586
0.00754106
0.00868251
0.00990074
0.0111831
0.0125141
0.0138754
0.0152464
0.016605
0.0179277
0.0191908
0.0203709
0.0214455
0.0223936
0.0231966
0.0238385
0.0243065
0.0245911
0.0246866
0.0245911
0.0243065
0.0238385
0.0231966
0.0223936
0.0214455
0.0203709
0.0191908
0.0179277
0.016605
0.0152464
0.0138754
0.0125141
0.0111831
0.00990074
0.00868251
0.00754106
0.00648586
0.00552323
0.00465644
0.00388597
0.00320983
0.00262396
0.00212269
0.00169915
0.00134575
0.00105452
0.00081748
0.00062692
0.000475599
0.000356903
0.000264929
0.000194523
0.000141276
0.00010149
7.21165e-05
5.06883e-05
3.52411e-05
2.42363e-05
1.6488e-05
1.10956e-05
7.3858e-06
4.86208e-06
3.16347e-06
2.03086e-06
1.28028e-06
7.8193e-07
4.44049e-07
2.00325e-07
0
0
1.55295e-07
3.44234e-07
6.06165e-07
9.92492e-07
1.57436e-06
2.45237e-06
3.76916e-06
5.72559e-06
8.6015e-06
1.27817e-05
1.87884e-05
2.73194e-05
3.92944e-05
5.59058e-05
7.86766e-05
0.000109519
0.000150797
0.000205377
0.000276677
0.000368692
0.000485998
0.000633724
0.00081748
0.00104325
0.00131721
0.00164554
0.00203413
0.00248831
0.00301247
0.00360975
0.0042817
0.00502795
0.00584595
0.00673082
0.00767521
0.00866935
0.00970115
0.0107564
0.0118193
0.0128724
0.0138978
0.014877
0.0157919
0.0166249
0.0173599
0.0179824
0.01848
0.0188428
0.0190634
0.0191375
0.0190634
0.0188428
0.01848
0.0179824
0.0173599
0.0166249
0.0157919
0.014877
0.0138978
0.0128724
0.0118193
0.0107564
0.00970115
0.00866935
0.00767521
0.00673082
0.00584595
0.00502795
0.0042817
0.00360975
0.00301247
0.00248831
0.00203413
0.00164554
0.00131721
0.00104325
0.00081748
0.000633724
0.000485998
0.000368692
0.000276677
0.000205377
0.000150797
0.000109519
7.86766e-05
5.59058e-05
3.92944e-05
2.73194e-05
1.87884e-05
1.27817e-05
8.6015e-06
5.72559e-06
3.76916e-06
2.45237e-06
1.57436e-06
9.92492e-07
6.06165e-07
3.44234e-07
1.55295e-07
0
0
1.19095e-07
2.63991e-07
4.64864e-07
7.61135e-07
1.20736e-06
1.88071e-06
2.89054e-06
4.39092e-06
6.59642e-06
9.80222e-06
1.44087e-05
2.09511e-05
3.01346e-05
4.28738e-05
6.03365e-05
8.39896e-05
0.000115645
0.000157502
0.000212182
0.000282747
0.000372708
0.000485998
0.00062692
0.000800059
0.00101016
0.00126195
0.00155996
0.00190827
0.00231024
0.00276829
0.0032836
0.00385589
0.00448322
0.00516182
0.00588606
0.00664846
0.00743974
0.00824903
0.00906412
0.00987179
0.0106582
0.0114091
0.0121107
0.0127495
0.0133132
0.0137906
0.0141722
0.0144504
0.0146196
0.0146764
0.0146196
0.0144504
0.0141722
0.0137906
0.0133132
0.0127495
0.0121107
0.0114091
0.0106582
0.00987179
0.00906412
0.00824903
0.00743974
0.00664846
0.00588606
0.00516182
0.00448322
0.00385589
0.0032836
0.00276829
0.00231024
0.00190827
0.00155996
0.00126195
0.00101016
0.000800059
0.00062692
0.000485998
0.000372708
0.000282747
0.000212182
0.000157502
0.000115645
8.39896e-05
6.03365e-05
4.28738e-05
3.01346e-05
2.09511e-05
1.44087e-05
9.80222e-06
6.59642e-06
4.39092e-06
2.89054e-06
1.88071e-06
1.20736e-06
7.61135e-07
4.64864e-07
2.63991e-07
1.19095e-07
0
0
9.03485e-08
2.00271e-07
3.52659e-07
5.77419e-07
9.15941e-07
1.42676e-06
2.19285e-06
3.33107e-06
5.00423e-06
7.43624e-06
1.09308e-05
1.58941e-05
2.28609e-05
3.25253e-05
4.5773e-05
6.37169e-05
8.77317e-05
0.000119486
0.000160967
0.0002145
0.000282747
0.000368692
0.000475599
0.000606947
0.000766335
0.000957353
0.00118343
0.00144766
0.00175261
0.0021001
0.00249104
0.00292519
0.00340109
0.0039159
0.00446533
0.00504371
0.005644
0.00625795
0.0068763
0.00748902
0.00808558
0.00865526
0.0091875
0.00967213
0.0100997
0.0104619
0.0107514
0.0109625
0.0110909
0.0111339
0.0110909
0.0109625
0.0107514
0.0104619
0.0100997
0.00967213
0.0091875
0.00865526
0.00808558
0.00748902
0.0068763
0.00625795
0.005644
0.00504371
0.00446533
0.0039159
0.00340109
0.00292519
0.00249104
0.0021001
0.00175261
0.00144766
0.00118343
0.000957353
0.000766335
0.000606947
0.000475599
0.000368692
0.000282747
0.0002145
0.000160967
0.000119486
8.77317e-05
6.37169e-05
4.5773e-05
3.25253e-05
2.28609e-05
1.58941e-05
1.09308e-05
7.43624e-06
5.00423e-06
3.33107e-06
2.19285e-06
1.42676e-06
9.15941e-07
5.77419e-07
3.52659e-07
2.00271e-07
9.03485e-08
0
0
6.78001e-08
1.50289e-07
2.64645e-07
4.33312e-07
6.87348e-07
1.07068e-06
1.64558e-06
2.49973e-06
3.75532e-06
5.58037e-06
8.2028e-06
1.19274e-05
1.71555e-05
2.44079e-05
3.43493e-05
4.7815e-05
6.58364e-05
8.96654e-05
0.000120794
0.000160967
0.000212182
0.000276677
0.000356903
0.000455471
0.00057508
0.000718425
0.000888081
0.00108637
0.00131521
0.00157598
0.00186934
0.00219515
0.00255228
0.0029386
0.00335091
0.00378495
0.00423542
0.00469614
0.00516017
0.00561997
0.00606765
0.00649516
0.00689456
0.00725824
0.00757913
0.00785091
0.00806817
0.00822656
0.00832289
0.00835522
0.00832289
0.00822656
0.00806817
0.00785091
0.00757913
0.00725824
0.00689456
0.00649516
0.00606765
0.00561997
0.00516017
0.00469614
0.00423542
0.00378495
0.00335091
0.0029386
0.00255228
0.00219515
0.00186934
0.00157598
0.00131521
0.00108637
0.000888081
0.000718425
0.00057508
0.000455471
0.000356903
0.000276677
0.000212182
0.000160967
0.000120794
8.96654e-05
6.58364e-05
4.7815e-05
3.43493e-05
2.44079e-05
1.71555e-05
1.19274e-05
8.2028e-06
5.58037e-06
3.75532e-06
2.49973e-06
1.64558e-06
1.07068e-06
6.87348e-07
4.33312e-07
2.64645e-07
1.50289e-07
6.78001e-08
0
0
5.03279e-08
1.11559e-07
1.96446e-07
3.21647e-07
5.10218e-07
7.94764e-07
1.22151e-06
1.85555e-06
2.78757e-06
4.1423e-06
6.08893e-06
8.85368e-06
1.27345e-05
1.81179e-05
2.54975e-05
3.5493e-05
4.88703e-05
6.65585e-05
8.96654e-05
0.000119486
0.000157502
0.000205377
0.000264929
0.000338095
0.000426881
0.000533286
0.000659222
0.000806411
0.00097628
0.00116985
0.00138761
0.00162946
0.00189455
0.00218132
0.00248738
0.00280956
0.00314395
0.00348594
0.00383039
0.0041717
0.00450401
0.00482135
0.00511782
0.00538778
0.00562598
0.00582773
0.005989
0.00610657
0.00617807
0.00620207
0.00617807
0.00610657
0.005989
0.00582773
0.00562598
0.00538778
0.00511782
0.00482135
0.00450401
0.0041717
0.00383039
0.00348594
0.00314395
0.00280956
0.00248738
0.00218132
0.00189455
0.00162946
0.00138761
0.00116985
0.00097628
0.000806411
0.000659222
0.000533286
0.000426881
0.000338095
0.000264929
0.000205377
0.000157502
0.000119486
8.96654e-05
6.65585e-05
4.88703e-05
3.5493e-05
2.54975e-05
1.81179e-05
1.27345e-05
8.85368e-06
6.08893e-06
4.1423e-06
2.78757e-06
1.85555e-06
1.22151e-06
7.94764e-07
5.10218e-07
3.21647e-07
1.96446e-07
1.11559e-07
5.03279e-08
0
0
3.6953e-08
8.19118e-08
1.44239e-07
2.36167e-07
3.74625e-07
5.83551e-07
8.96887e-07
1.36243e-06
2.04676e-06
3.04146e-06
4.47077e-06
6.50077e-06
9.35025e-06
1.3303e-05
1.87214e-05
2.60606e-05
3.58827e-05
4.88703e-05
6.58364e-05
8.77317e-05
0.000115645
0.000150797
0.000194523
0.000248245
0.000313435
0.000391563
0.00048403
0.000592103
0.000716828
0.000858954
0.00101885
0.00119642
0.00139107
0.00160162
0.00182635
0.00206291
0.00230843
0.00255953
0.00281244
0.00306305
0.00330704
0.00354005
0.00375774
0.00395595
0.00413085
0.00427898
0.00439739
0.00448372
0.00453622
0.00455384
0.00453622
0.00448372
0.00439739
0.00427898
0.00413085
0.00395595
0.00375774
0.00354005
0.00330704
0.00306305
0.00281244
0.00255953
0.00230843
0.00206291
0.00182635
0.00160162
0.00139107
0.00119642
0.00101885
0.000858954
0.000716828
0.000592103
0.00048403
0.000391563
0.000313435
0.000248245
0.000194523
0.000150797
0.000115645
8.77317e-05
6.58364e-05
4.88703e-05
3.58827e-05
2.60606e-05
1.87214e-05
1.3303e-05
9.35025e-06
6.50077e-06
4.47077e-06
3.04146e-06
2.04676e-06
1.36243e-06
8.96887e-07
5.83551e-07
3.74625e-07
2.36167e-07
1.44239e-07
8.19118e-08
3.6953e-08
0
0
2.68379e-08
5.94901e-08
1.04757e-07
1.71521e-07
2.72079e-07
4.23816e-07
6.51382e-07
9.8949e-07
1.4865e-06
2.20892e-06
3.24699e-06
4.72131e-06
6.79081e-06
9.66158e-06
1.35968e-05
1.8927e-05
2.60606e-05
3.5493e-05
4.7815e-05
6.37169e-05
8.39896e-05
0.000109519
0.000141276
0.000180293
0.000227639
0.00028438
0.000351537
0.000430027
0.000520611
0.000623833
0.000739958
0.000868924
0.00101029
0.00116321
0.00132642
0.00149823
0.00167654
0.00185891
0.00204259
0.0022246
0.00240181
0.00257103
0.00272913
0.00287309
0.00300011
0.00310769
0.00319369
0.00325639
0.00329452
0.00330732
0.00329452
0.00325639
0.00319369
0.00310769
0.00300011
0.00287309
0.00272913
0.00257103
0.00240181
0.0022246
0.00204259
0.00185891
0.00167654
0.00149823
0.00132642
0.00116321
0.00101029
0.000868924
0.000739958
0.000623833
0.000520611
0.000430027
0.000351537
0.00028438
0.000227639
0.000180293
0.000141276
0.000109519
8.39896e-05
6.37169e-05
4.7815e-05
3.5493e-05
2.60606e-05
1.8927e-05
1.35968e-05
9.66158e-06
6.79081e-06
4.72131e-06
3.24699e-06
2.20892e-06
1.4865e-06
9.8949e-07
6.51382e-07
4.23816e-07
2.72079e-07
1.71521e-07
1.04757e-07
5.94901e-08
2.68379e-08
0
0
1.92798e-08
4.27365e-08
7.52552e-08
1.23218e-07
1.95456e-07
3.04461e-07
4.6794e-07
7.1083e-07
1.06787e-06
1.58685e-06
2.33257e-06
3.3917e-06
4.87838e-06
6.94069e-06
9.76766e-06
1.35968e-05
1.87214e-05
2.54975e-05
3.43493e-05
4.5773e-05
6.03365e-05
7.86766e-05
0.00010149
0.000129519
0.000163531
0.000204293
0.000252537
0.000308923
0.000373997
0.000448149
0.000531571
0.000624217
0.000725772
0.000835628
0.000952874
0.0010763
0.00120439
0.00133541
0.00146736
0.00159811
0.00172541
0.00184698
0.00196055
0.00206397
0.00215522
0.00223251
0.00229429
0.00233933
0.00236672
0.00237591
0.00236672
0.00233933
0.00229429
0.00223251
0.00215522
0.00206397
0.00196055
0.00184698
0.00172541
0.00159811
0.00146736
0.00133541
0.00120439
0.0010763
0.000952874
0.000835628
0.000725772
0.000624217
0.000531571
0.000448149
0.000373997
0.000308923
0.000252537
0.000204293
0.000163531
0.000129519
0.00010149
7.86766e-05
6.03365e-05
4.5773e-05
3.43493e-05
2.54975e-05
1.87214e-05
1.35968e-05
9.76766e-06
6.94069e-06
4.87838e-06
3.3917e-06
2.33257e-06
1.58685e-06
1.06787e-06
7.1083e-07
4.6794e-07
3.04461e-07
1.95456e-07
1.23218e-07
7.52552e-08
4.27365e-08
1.92798e-08
0
0
1.36998e-08
3.03676e-08
5.34747e-08
8.75557e-08
1.38887e-07
2.16343e-07
3.32508e-07
5.051e-07
7.58807e-07
1.12758e-06
1.65747e-06
2.41007e-06
3.46647e-06
4.9319e-06
6.94069e-06
9.66158e-06
1.3303e-05
1.81179e-05
2.44079e-05
3.25253e-05
4.28738e-05
5.59058e-05
7.21165e-05
9.20332e-05
0.000116202
0.000145166
0.000179447
0.000219514
0.000265754
0.000318445
0.000377723
0.000443555
0.000515718
0.000593779
0.000677092
0.000764793
0.000855816
0.000948911
0.00104267
0.00113558
0.00122604
0.00131242
0.00139313
0.00146661
0.00153145
0.00158637
0.00163027
0.00166227
0.00168174
0.00168827
0.00168174
0.00166227
0.00163027
0.00158637
0.00153145
0.00146661
0.00139313
0.00131242
0.00122604
0.00113558
0.00104267
0.000948911
0.000855816
0.000764793
0.000677092
0.000593779
0.000515718
0.000443555
0.000377723
0.000318445
0.000265754
0.000219514
0.000179447
0.000145166
0.000116202
9.20332e-05
7.21165e-05
5.59058e-05
4.28738e-05
3.25253e-05
2.44079e-05
1.81179e-05
1.3303e-05
9.66158e-06
6.94069e-06
4.9319e-06
3.46647e-06
2.41007e-06
1.65747e-06
1.12758e-06
7.58807e-07
5.051e-07
3.32508e-07
2.16343e-07
1.38887e-07
8.75557e-08
5.34747e-08
3.03676e-08
1.36998e-08
0
0
9.62914e-09
2.13444e-08
3.75856e-08
6.154e-08
9.76189e-08
1.52061e-07
2.33709e-07
3.55019e-07
5.3334e-07
7.92538e-07
1.16498e-06
1.69396e-06
2.43647e-06
3.46647e-06
4.87838e-06
6.79081e-06
9.35025e-06
1.27345e-05
1.71555e-05
2.28609e-05
3.01346e-05
3.92944e-05
5.06883e-05
6.46871e-05
8.16743e-05
0.000102033
0.000126128
0.000154289
0.00018679
0.000223825
0.000265489
0.00031176
0.000362481
0.000417348
0.000475906
0.000537548
0.000601525
0.000666958
0.000732861
0.000798163
0.000861743
0.000922459
0.000979183
0.00103083
0.00107641
0.00111501
0.00114586
0.00116836
0.00118204
0.00118663
0.00118204
0.00116836
0.00114586
0.00111501
0.00107641
0.00103083
0.000979183
0.000922459
0.000861743
0.000798163
0.000732861
0.000666958
0.000601525
0.000537548
0.000475906
0.000417348
0.000362481
0.00031176
0.000265489
0.000223825
0.00018679
0.000154289
0.000126128
0.000102033
8.16743e-05
6.46871e-05
5.06883e-05
3.92944e-05
3.01346e-05
2.28609e-05
1.71555e-05
1.27345e-05
9.35025e-06
6.79081e-06
4.87838e-06
3.46647e-06
2.43647e-06
1.69396e-06
1.16498e-06
7.92538e-07
5.3334e-07
3.55019e-07
2.33709e-07
1.52061e-07
9.76189e-08
6.154e-08
3.75856e-08
2.13444e-08
9.62914e-09
0
0
6.69467e-09
1.48397e-08
2.61314e-08
4.27858e-08
6.78696e-08
1.0572e-07
1.62486e-07
2.46827e-07
3.70805e-07
5.51013e-07
8.09956e-07
1.17772e-06
1.69396e-06
2.41007e-06
3.3917e-06
4.72131e-06
6.50077e-06
8.85368e-06
1.19274e-05
1.58941e-05
2.09511e-05
2.73194e-05
3.52411e-05
4.49738e-05
5.67841e-05
7.09382e-05
8.76903e-05
0.000107269
0.000129866
0.000155614
0.000184581
0.000216752
0.000252015
0.000290161
0.000330874
0.00037373
0.000418211
0.000463703
0.000509522
0.000554923
0.000599127
0.00064134
0.000680778
0.000716688
0.000748374
0.00077521
0.000796662
0.000812302
0.000821813
0.000825005
0.000821813
0.000812302
0.000796662
0.00077521
0.000748374
0.000716688
0.000680778
0.00064134
0.000599127
0.000554923
0.000509522
0.000463703
0.000418211
0.00037373
0.000330874
0.000290161
0.000252015
0.000216752
0.000184581
0.000155614
0.000129866
0.000107269
8.76903e-05
7.09382e-05
5.67841e-05
4.49738e-05
3.52411e-05
2.73194e-05
2.09511e-05
1.58941e-05
1.19274e-05
8.85368e-06
6.50077e-06
4.72131e-06
3.3917e-06
2.41007e-06
1.69396e-06
1.17772e-06
8.09956e-07
5.51013e-07
3.70805e-07
2.46827e-07
1.62486e-07
1.0572e-07
6.78696e-08
4.27858e-08
2.61314e-08
1.48397e-08
6.69467e-09
0
0
4.60412e-09
1.02057e-08
1.79713e-08
2.9425e-08
4.66759e-08
7.27069e-08
1.11747e-07
1.6975e-07
2.55014e-07
3.78948e-07
5.5703e-07
8.09956e-07
1.16498e-06
1.65747e-06
2.33257e-06
3.24699e-06
4.47077e-06
6.08893e-06
8.2028e-06
1.09308e-05
1.44087e-05
1.87884e-05
2.42363e-05
3.09298e-05
3.90521e-05
4.87863e-05
6.03072e-05
7.37723e-05
8.93124e-05
0.00010702
0.000126942
0.000149066
0.000173318
0.000199552
0.000227551
0.000257025
0.000287616
0.000318902
0.000350413
0.000381637
0.000412037
0.000441068
0.000468191
0.000492887
0.000514678
0.000533134
0.000547888
0.000558643
0.000565185
0.00056738
0.000565185
0.000558643
0.000547888
0.000533134
0.000514678
0.000492887
0.000468191
0.000441068
0.000412037
0.000381637
0.000350413
0.000318902
0.000287616
0.000257025
0.000227551
0.000199552
0.000173318
0.000149066
0.000126942
0.00010702
8.93124e-05
7.37723e-05
6.03072e-05
4.87863e-05
3.90521e-05
3.09298e-05
2.42363e-05
1.87884e-05
1.44087e-05
1.09308e-05
8.2028e-06
6.08893e-06
4.47077e-06
3.24699e-06
2.33257e-06
1.65747e-06
1.16498e-06
8.09956e-07
5.5703e-07
3.78948e-07
2.55014e-07
1.6975e-07
1.11747e-07
7.27069e-08
4.66759e-08
2.9425e-08
1.79713e-08
1.02057e-08
4.60412e-09
0
0
3.13218e-09
6.94294e-09
1.22259e-08
2.00178e-08
3.17536e-08
4.94625e-08
7.60212e-08
1.15481e-07
1.73486e-07
2.57798e-07
3.78948e-07
5.51013e-07
7.92538e-07
1.12758e-06
1.58685e-06
2.20892e-06
3.04146e-06
4.1423e-06
5.58037e-06
7.43624e-06
9.80222e-06
1.27817e-05
1.6488e-05
2.10415e-05
2.65671e-05
3.31893e-05
4.1027e-05
5.01873e-05
6.07592e-05
7.2806e-05
8.63587e-05
0.00010141
0.000117908
0.000135756
0.000154803
0.000174854
0.000195665
0.000216949
0.000238386
0.000259628
0.000280309
0.000300059
0.00031851
0.000335311
0.000350136
0.000362691
0.000372728
0.000380045
0.000384495
0.000385989
0.000384495
0.000380045
0.000372728
0.000362691
0.000350136
0.000335311
0.00031851
0.000300059
0.000280309
0.000259628
0.000238386
0.000216949
0.000195665
0.000174854
0.000154803
0.000135756
0.000117908
0.00010141
8.63587e-05
7.2806e-05
6.07592e-05
5.01873e-05
4.1027e-05
3.31893e-05
2.65671e-05
2.10415e-05
1.6488e-05
1.27817e-05
9.80222e-06
7.43624e-06
5.58037e-06
4.1423e-06
3.04146e-06
2.20892e-06
1.58685e-06
1.12758e-06
7.92538e-07
5.51013e-07
3.78948e-07
2.57798e-07
1.73486e-07
1.15481e-07
7.60212e-08
4.94625e-08
3.17536e-08
2.00178e-08
1.22259e-08
6.94294e-09
3.13218e-09
0
0
2.10781e-09
4.67227e-09
8.22744e-09
1.3471e-08
2.13687e-08
3.32859e-08
5.11586e-08
7.77132e-08
1.16748e-07
1.73486e-07
2.55014e-07
3.70805e-07
5.3334e-07
7.58807e-07
1.06787e-06
1.4865e-06
2.04676e-06
2.78757e-06
3.75532e-06
5.00423e-06
6.59642e-06
8.6015e-06
1.10956e-05
1.41599e-05
1.78784e-05
2.23348e-05
2.76092e-05
3.37737e-05
4.0888e-05
4.89949e-05
5.81153e-05
6.8244e-05
7.93467e-05
9.1357e-05
0.000104175
0.000117669
0.000131673
0.000145996
0.000160422
0.000174717
0.000188635
0.000201925
0.000214342
0.000225648
0.000235625
0.000244074
0.000250828
0.000255752
0.000258747
0.000259752
0.000258747
0.000255752
0.000250828
0.000244074
0.000235625
0.000225648
0.000214342
0.000201925
0.000188635
0.000174717
0.000160422
0.000145996
0.000131673
0.000117669
0.000104175
9.1357e-05
7.93467e-05
6.8244e-05
5.81153e-05
4.89949e-05
4.0888e-05
3.37737e-05
2.76092e-05
2.23348e-05
1.78784e-05
1.41599e-05
1.10956e-05
8.6015e-06
6.59642e-06
5.00423e-06
3.75532e-06
2.78757e-06
2.04676e-06
1.4865e-06
1.06787e-06
7.58807e-07
5.3334e-07
3.70805e-07
2.55014e-07
1.73486e-07
1.16748e-07
7.77132e-08
5.11586e-08
3.32859e-08
2.13687e-08
1.3471e-08
8.22744e-09
4.67227e-09
2.10781e-09
0
0
1.40306e-09
3.1101e-09
5.47661e-09
8.96701e-09
1.42241e-08
2.21568e-08
3.40538e-08
5.17298e-08
7.77132e-08
1.15481e-07
1.6975e-07
2.46827e-07
3.55019e-07
5.051e-07
7.1083e-07
9.8949e-07
1.36243e-06
1.85555e-06
2.49973e-06
3.33107e-06
4.39092e-06
5.72559e-06
7.3858e-06
9.42558e-06
1.19008e-05
1.48672e-05
1.83781e-05
2.24815e-05
2.72172e-05
3.26135e-05
3.86845e-05
4.54267e-05
5.28172e-05
6.08119e-05
6.93443e-05
7.83262e-05
8.76484e-05
9.71827e-05
0.000106785
0.000116301
0.000125565
0.000134412
0.000142677
0.000150203
0.000156844
0.000162468
0.000166964
0.000170242
0.000172235
0.000172904
0.000172235
0.000170242
0.000166964
0.000162468
0.000156844
0.000150203
0.000142677
0.000134412
0.000125565
0.000116301
0.000106785
9.71827e-05
8.76484e-05
7.83262e-05
6.93443e-05
6.08119e-05
5.28172e-05
4.54267e-05
3.86845e-05
3.26135e-05
2.72172e-05
2.24815e-05
1.83781e-05
1.48672e-05
1.19008e-05
9.42558e-06
7.3858e-06
5.72559e-06
4.39092e-06
3.33107e-06
2.49973e-06
1.85555e-06
1.36243e-06
9.8949e-07
7.1083e-07
5.051e-07
3.55019e-07
2.46827e-07
1.6975e-07
1.15481e-07
7.77132e-08
5.17298e-08
3.40538e-08
2.21568e-08
1.42241e-08
8.96701e-09
5.47661e-09
3.1101e-09
1.40306e-09
0
0
9.23638e-10
2.04738e-09
3.60525e-09
5.90299e-09
9.36372e-09
1.45858e-08
2.24176e-08
3.40538e-08
5.11586e-08
7.60212e-08
1.11747e-07
1.62486e-07
2.33709e-07
3.32508e-07
4.6794e-07
6.51382e-07
8.96887e-07
1.22151e-06
1.64558e-06
2.19285e-06
2.89054e-06
3.76916e-06
4.86208e-06
6.20486e-06
7.83429e-06
9.78708e-06
1.20983e-05
1.47996e-05
1.79171e-05
2.14695e-05
2.5466e-05
2.99044e-05
3.47696e-05
4.00325e-05
4.56494e-05
5.15622e-05
5.7699e-05
6.39754e-05
7.02969e-05
7.65607e-05
8.26594e-05
8.84833e-05
9.39244e-05
9.88788e-05
0.00010325
0.000106953
0.000109912
0.00011207
0.000113382
0.000113823
0.000113382
0.00011207
0.000109912
0.000106953
0.00010325
9.88788e-05
9.39244e-05
8.84833e-05
8.26594e-05
7.65607e-05
7.02969e-05
6.39754e-05
5.7699e-05
5.15622e-05
4.56494e-05
4.00325e-05
3.47696e-05
2.99044e-05
2.5466e-05
2.14695e-05
1.79171e-05
1.47996e-05
1.20983e-05
9.78708e-06
7.83429e-06
6.20486e-06
4.86208e-06
3.76916e-06
2.89054e-06
2.19285e-06
1.64558e-06
1.22151e-06
8.96887e-07
6.51382e-07
4.6794e-07
3.32508e-07
2.33709e-07
1.62486e-07
1.11747e-07
7.60212e-08
5.11586e-08
3.40538e-08
2.24176e-08
1.45858e-08
9.36372e-09
5.90299e-09
3.60525e-09
2.04738e-09
9.23638e-10
0
0
6.00957e-10
1.33211e-09
2.34573e-09
3.84073e-09
6.09242e-09
9.49014e-09
1.45858e-08
2.21568e-08
3.32859e-08
4.94625e-08
7.27069e-08
1.0572e-07
1.52061e-07
2.16343e-07
3.04461e-07
4.23816e-07
5.83551e-07
7.94764e-07
1.07068e-06
1.42676e-06
1.88071e-06
2.45237e-06
3.16347e-06
4.03714e-06
5.09731e-06
6.36788e-06
7.87165e-06
9.62921e-06
1.16576e-05
1.39689e-05
1.65692e-05
1.9457e-05
2.26225e-05
2.60468e-05
2.97014e-05
3.35485e-05
3.75413e-05
4.1625e-05
4.5738e-05
4.98135e-05
5.37816e-05
5.75709e-05
6.1111e-05
6.43346e-05
6.71789e-05
6.95878e-05
7.15136e-05
7.29175e-05
7.37713e-05
7.40578e-05
7.37713e-05
7.29175e-05
7.15136e-05
6.95878e-05
6.71789e-05
6.43346e-05
6.1111e-05
5.75709e-05
5.37816e-05
4.98135e-05
4.5738e-05
4.1625e-05
3.75413e-05
3.35485e-05
2.97014e-05
2.60468e-05
2.26225e-05
1.9457e-05
1.65692e-05
1.39689e-05
1.16576e-05
9.62921e-06
7.87165e-06
6.36788e-06
5.09731e-06
4.03714e-06
3.16347e-06
2.45237e-06
1.88071e-06
1.42676e-06
1.07068e-06
7.94764e-07
5.83551e-07
4.23816e-07
3.04461e-07
2.16343e-07
1.52061e-07
1.0572e-07
7.27069e-08
4.94625e-08
3.32859e-08
2.21568e-08
1.45858e-08
9.49014e-09
6.09242e-09
3.84073e-09
2.34573e-09
1.33211e-09
6.00957e-10
0
0
3.85799e-10
8.5518e-10
1.50589e-09
2.46565e-09
3.91117e-09
6.09242e-09
9.36372e-09
1.42241e-08
2.13687e-08
3.17536e-08
4.66759e-08
6.78696e-08
9.76189e-08
1.38887e-07
1.95456e-07
2.72079e-07
3.74625e-07
5.10218e-07
6.87348e-07
9.15941e-07
1.20736e-06
1.57436e-06
2.03086e-06
2.59174e-06
3.27234e-06
4.08801e-06
5.05339e-06
6.1817e-06
7.48386e-06
8.96769e-06
1.0637e-05
1.24909e-05
1.45231e-05
1.67214e-05
1.90675e-05
2.15372e-05
2.41005e-05
2.67222e-05
2.93626e-05
3.1979e-05
3.45264e-05
3.6959e-05
3.92317e-05
4.13011e-05
4.31271e-05
4.46736e-05
4.59098e-05
4.68111e-05
4.73592e-05
4.75432e-05
4.73592e-05
4.68111e-05
4.59098e-05
4.46736e-05
4.31271e-05
4.13011e-05
3.92317e-05
3.6959e-05
3.45264e-05
3.1979e-05
2.93626e-05
2.67222e-05
2.41005e-05
2.15372e-05
1.90675e-05
1.67214e-05
1.45231e-05
1.24909e-05
1.0637e-05
8.96769e-06
7.48386e-06
6.1817e-06
5.05339e-06
4.08801e-06
3.27234e-06
2.59174e-06
2.03086e-06
1.57436e-06
1.20736e-06
9.15941e-07
6.87348e-07
5.10218e-07
3.74625e-07
2.72079e-07
1.95456e-07
1.38887e-07
9.76189e-08
6.78696e-08
4.66759e-08
3.17536e-08
2.13687e-08
1.42241e-08
9.36372e-09
6.09242e-09
3.91117e-09
2.46565e-09
1.50589e-09
8.5518e-10
3.85799e-10
0
0
2.43212e-10
5.39115e-10
9.49332e-10
1.55437e-09
2.46565e-09
3.84073e-09
5.90299e-09
8.96701e-09
1.3471e-08
2.00178e-08
2.9425e-08
4.27858e-08
6.154e-08
8.75557e-08
1.23218e-07
1.71521e-07
2.36167e-07
3.21647e-07
4.33312e-07
5.77419e-07
7.61135e-07
9.92492e-07
1.28028e-06
1.63386e-06
2.06292e-06
2.57713e-06
3.18571e-06
3.89701e-06
4.71791e-06
5.65333e-06
6.70569e-06
7.87441e-06
9.1555e-06
1.05413e-05
1.20204e-05
1.35773e-05
1.51932e-05
1.68459e-05
1.85105e-05
2.01599e-05
2.17658e-05
2.32994e-05
2.47321e-05
2.60367e-05
2.71878e-05
2.81627e-05
2.89421e-05
2.95102e-05
2.98558e-05
2.99717e-05
2.98558e-05
2.95102e-05
2.89421e-05
2.81627e-05
2.71878e-05
2.60367e-05
2.47321e-05
2.32994e-05
2.17658e-05
2.01599e-05
1.85105e-05
1.68459e-05
1.51932e-05
1.35773e-05
1.20204e-05
1.05413e-05
9.1555e-06
7.87441e-06
6.70569e-06
5.65333e-06
4.71791e-06
3.89701e-06
3.18571e-06
2.57713e-06
2.06292e-06
1.63386e-06
1.28028e-06
9.92492e-07
7.61135e-07
5.77419e-07
4.33312e-07
3.21647e-07
2.36167e-07
1.71521e-07
1.23218e-07
8.75557e-08
6.154e-08
4.27858e-08
2.9425e-08
2.00178e-08
1.3471e-08
8.96701e-09
5.90299e-09
3.84073e-09
2.46565e-09
1.55437e-09
9.49332e-10
5.39115e-10
2.43212e-10
0
0
1.48542e-10
3.29264e-10
5.79805e-10
9.49332e-10
1.50589e-09
2.34573e-09
3.60525e-09
5.47661e-09
8.22744e-09
1.22259e-08
1.79713e-08
2.61314e-08
3.75856e-08
5.34747e-08
7.52552e-08
1.04757e-07
1.44239e-07
1.96446e-07
2.64645e-07
3.52659e-07
4.64864e-07
6.06165e-07
7.8193e-07
9.9788e-07
1.25993e-06
1.57398e-06
1.94568e-06
2.3801e-06
2.88146e-06
3.45277e-06
4.0955e-06
4.8093e-06
5.59173e-06
6.43812e-06
7.34144e-06
8.29235e-06
9.27928e-06
1.02887e-05
1.13053e-05
1.23127e-05
1.32935e-05
1.42301e-05
1.51051e-05
1.59019e-05
1.66049e-05
1.72004e-05
1.76764e-05
1.80234e-05
1.82344e-05
1.83053e-05
1.82344e-05
1.80234e-05
1.76764e-05
1.72004e-05
1.66049e-05
1.59019e-05
1.51051e-05
1.42301e-05
1.32935e-05
1.23127e-05
1.13053e-05
1.02887e-05
9.27928e-06
8.29235e-06
7.34144e-06
6.43812e-06
5.59173e-06
4.8093e-06
4.0955e-06
3.45277e-06
2.88146e-06
2.3801e-06
1.94568e-06
1.57398e-06
1.25993e-06
9.9788e-07
7.8193e-07
6.06165e-07
4.64864e-07
3.52659e-07
2.64645e-07
1.96446e-07
1.44239e-07
1.04757e-07
7.52552e-08
5.34747e-08
3.75856e-08
2.61314e-08
1.79713e-08
1.22259e-08
8.22744e-09
5.47661e-09
3.60525e-09
2.34573e-09
1.50589e-09
9.49332e-10
5.79805e-10
3.29264e-10
1.48542e-10
0
0
8.4355e-11
1.86985e-10
3.29264e-10
5.39115e-10
8.5518e-10
1.33211e-09
2.04738e-09
3.1101e-09
4.67227e-09
6.94294e-09
1.02057e-08
1.48397e-08
2.13444e-08
3.03676e-08
4.27365e-08
5.94901e-08
8.19118e-08
1.11559e-07
1.50289e-07
2.00271e-07
2.63991e-07
3.44234e-07
4.44049e-07
5.66684e-07
7.15499e-07
8.93845e-07
1.10493e-06
1.35163e-06
1.63635e-06
1.96079e-06
2.32579e-06
2.73114e-06
3.17548e-06
3.65613e-06
4.16912e-06
4.70913e-06
5.26959e-06
5.84281e-06
6.42015e-06
6.99222e-06
7.5492e-06
8.0811e-06
8.57803e-06
9.03051e-06
9.42975e-06
9.7679e-06
1.00382e-05
1.02353e-05
1.03551e-05
1.03953e-05
1.03551e-05
1.02353e-05
1.00382e-05
9.7679e-06
9.42975e-06
9.03051e-06
8.57803e-06
8.0811e-06
7.5492e-06
6.99222e-06
6.42015e-06
5.84281e-06
5.26959e-06
4.70913e-06
4.16912e-06
3.65613e-06
3.17548e-06
2.73114e-06
2.32579e-06
1.96079e-06
1.63635e-06
1.35163e-06
1.10493e-06
8.93845e-07
7.15499e-07
5.66684e-07
4.44049e-07
3.44234e-07
2.63991e-07
2.00271e-07
1.50289e-07
1.11559e-07
8.19118e-08
5.94901e-08
4.27365e-08
3.03676e-08
2.13444e-08
1.48397e-08
1.02057e-08
6.94294e-09
4.67227e-09
3.1101e-09
2.04738e-09
1.33211e-09
8.5518e-10
5.39115e-10
3.29264e-10
1.86985e-10
8.4355e-11
0
0
3.80552e-11
8.4355e-11
1.48542e-10
2.43212e-10
3.85799e-10
6.00957e-10
9.23638e-10
1.40306e-09
2.10781e-09
3.13218e-09
4.60412e-09
6.69467e-09
9.62914e-09
1.36998e-08
1.92798e-08
2.68379e-08
3.6953e-08
5.03279e-08
6.78001e-08
9.03485e-08
1.19095e-07
1.55295e-07
2.00325e-07
2.55649e-07
3.22784e-07
4.03242e-07
4.98467e-07
6.09763e-07
7.38209e-07
8.84574e-07
1.04924e-06
1.2321e-06
1.43256e-06
1.6494e-06
1.88082e-06
2.12444e-06
2.37728e-06
2.63588e-06
2.89633e-06
3.15441e-06
3.40568e-06
3.64564e-06
3.86982e-06
4.07395e-06
4.25406e-06
4.40661e-06
4.52855e-06
4.61745e-06
4.67152e-06
4.68967e-06
4.67152e-06
4.61745e-06
4.52855e-06
4.40661e-06
4.25406e-06
4.07395e-06
3.86982e-06
3.64564e-06
3.40568e-06
3.15441e-06
2.89633e-06
2.63588e-06
2.37728e-06
2.12444e-06
1.88082e-06
1.6494e-06
1.43256e-06
1.2321e-06
1.04924e-06
8.84574e-07
7.38209e-07
6.09763e-07
4.98467e-07
4.03242e-07
3.22784e-07
2.55649e-07
2.00325e-07
1.55295e-07
1.19095e-07
9.03485e-08
6.78001e-08
5.03279e-08
3.6953e-08
2.68379e-08
1.92798e-08
1.36998e-08
9.62914e-09
6.69467e-09
4.60412e-09
3.13218e-09
2.10781e-09
1.40306e-09
9.23638e-10
6.00957e-10
3.85799e-10
2.43212e-10
1.48542e-10
8.4355e-11
3.80552e-11
0
0
0
0
0
0
0
0
0
0
0
0
0
0
0
0
0
0
0
0
0
0
0
0
0
0
0
0
0
0
0
0
0
0
0
0
0
0
0
0
0
0
0
0
0
0
0
0
0
0
0
0
0
0
0
0
0
0
0
0
0
0
0
0
0
0
0
0
0
0
0
0
0
0
0
0
0
0
0
0
0
0
0
0
0
0
0
0
0
0
0
0
0
0
0
0
0
0
0
0
0
0
