# vtk DataFile Version 3.0
Heat2D data at time 0.08
ASCII
DATASET STRUCTURED_POINTS
DIMENSIONS 101 101 1
ORIGIN 0 0 0
SPACING 0.01 0.01 1
POINT_DATA 10201
SCALARS temperature double
LOOKUP_TABLE default
0
0
0
0
0
0
0
0
0
0
0
0
0
0
0
0
0
0
0
0
0
0
0
0
0
0
0
0
0
0
0
0
0
0
0
0
0
0
0
0
0
0
0
0
0
0
0
0
0
0
0
0
0
0
0
0
0
0
0
0
0
0
0
0
0
0
0
0
0
0
0
0
0
0
0
0
0
0
0
0
0
0
0
0
0
0
0
0
0
0
0
0
0
0
0
0
0
0
0
0
0
0
2.38764e-07
4.90385e-07
7.68076e-07
1.08575e-06
1.45838e-06
1.90229e-06
2.43549e-06
3.07794e-06
3.85176e-06
4.78146e-06
5.89401e-06
7.21894e-06
8.78827e-06
1.06364e-05
1.27997e-05
1.53166e-05
1.82264e-05
2.15693e-05
2.53851e-05
2.97126e-05
3.45886e-05
4.00464e-05
4.61151e-05
5.28177e-05
6.01703e-05
6.81806e-05
7.68466e-05
8.61556e-05
9.60829e-05
0.000106592
0.000117631
0.000129139
0.000141037
0.000153237
0.000165636
0.000178122
0.000190572
0.000202856
0.00021484
0.000226385
0.00023735
0.0002476
0.000257002
0.000265432
0.000272775
0.00027893
0.00028381
0.000287347
0.00028949
0.000290208
0.00028949
0.000287347
0.00028381
0.00027893
0.000272775
0.000265432
0.000257002
0.0002476
0.00023735
0.000226385
0.00021484
0.000202856
0.000190572
0.000178122
0.000165636
0.000153237
0.000141037
0.000129139
0.000117631
0.000106592
9.60829e-05
8.61556e-05
7.68466e-05
6.81806e-05
6.01703e-05
5.28177e-05
4.61151e-05
4.00464e-05
3.45886e-05
2.97126e-05
2.53851e-05
2.15693e-05
1.82264e-05
1.53166e-05
1.27997e-05
1.06364e-05
8.78827e-06
7.21894e-06
5.89401e-06
4.78146e-06
3.85176e-06
3.07794e-06
2.43549e-06
1.90229e-06
1.45838e-06
1.08575e-06
7.68076e-07
4.90385e-07
2.38764e-07
0
0
4.90385e-07
1.00718e-06
1.57751e-06
2.22997e-06
2.99529e-06
3.90702e-06
5.00213e-06
6.32162e-06
7.91093e-06
9.82039e-06
1.21054e-05
1.48266e-05
1.80498e-05
2.18455e-05
2.62887e-05
3.1458e-05
3.74343e-05
4.43e-05
5.21371e-05
6.10252e-05
7.10397e-05
8.22493e-05
9.47134e-05
0.00010848
0.000123581
0.000140033
0.000157831
0.00017695
0.00019734
0.000218923
0.000241597
0.000265232
0.000289669
0.000314725
0.000340191
0.000365835
0.000391406
0.000416636
0.000441249
0.00046496
0.000487482
0.000508533
0.000527844
0.000545157
0.000560238
0.000572879
0.000582903
0.000590168
0.000594569
0.000596043
0.000594569
0.000590168
0.000582903
0.000572879
0.000560238
0.000545157
0.000527844
0.000508533
0.000487482
0.00046496
0.000441249
0.000416636
0.000391406
0.000365835
0.000340191
0.000314725
0.000289669
0.000265232
0.000241597
0.000218923
0.00019734
0.00017695
0.000157831
0.000140033
0.000123581
0.00010848
9.47134e-05
8.22493e-05
7.10397e-05
6.10252e-05
5.21371e-05
4.43e-05
3.74343e-05
3.1458e-05
2.62887e-05
2.18455e-05
1.80498e-05
1.48266e-05
1.21054e-05
9.82039e-06
7.91093e-06
6.32162e-06
5.00213e-06
3.90702e-06
2.99529e-06
2.22997e-06
1.57751e-06
1.00718e-06
4.90385e-07
0
0
7.68076e-07
1.57751e-06
2.47081e-06
3.49274e-06
4.69144e-06
6.11944e-06
7.83469e-06
9.90136e-06
1.23907e-05
1.53814e-05
1.89603e-05
2.32225e-05
2.82708e-05
3.42159e-05
4.11752e-05
4.92717e-05
5.86322e-05
6.93858e-05
8.16608e-05
9.5582e-05
0.000111267
0.000128825
0.000148347
0.000169908
0.000193561
0.000219329
0.000247207
0.000277152
0.000309087
0.000342893
0.000378406
0.000415425
0.0004537
0.000492945
0.000532831
0.000572996
0.000613047
0.000652565
0.000691116
0.000728253
0.000763528
0.000796501
0.000826746
0.000853863
0.000877484
0.000897284
0.000912984
0.000924362
0.000931255
0.000933564
0.000931255
0.000924362
0.000912984
0.000897284
0.000877484
0.000853863
0.000826746
0.000796501
0.000763528
0.000728253
0.000691116
0.000652565
0.000613047
0.000572996
0.000532831
0.000492945
0.0004537
0.000415425
0.000378406
0.000342893
0.000309087
0.000277152
0.000247207
0.000219329
0.000193561
0.000169908
0.000148347
0.000128825
0.000111267
9.5582e-05
8.16608e-05
6.93858e-05
5.86322e-05
4.92717e-05
4.11752e-05
3.42159e-05
2.82708e-05
2.32225e-05
1.89603e-05
1.53814e-05
1.23907e-05
9.90136e-06
7.83469e-06
6.11944e-06
4.69144e-06
3.49274e-06
2.47081e-06
1.57751e-06
7.68076e-07
0
0
1.08575e-06
2.22997e-06
3.49274e-06
4.93734e-06
6.63182e-06
8.65045e-06
1.10751e-05
1.39966e-05
1.75155e-05
2.17431e-05
2.68024e-05
3.28273e-05
3.99637e-05
4.83677e-05
5.82054e-05
6.96505e-05
8.28826e-05
9.80839e-05
0.000115436
0.000135115
0.000157288
0.000182107
0.000209703
0.000240183
0.000273618
0.000310044
0.000349451
0.000391783
0.000436926
0.000484713
0.000534916
0.000587245
0.000641352
0.000696828
0.000753211
0.000809988
0.000866604
0.000922467
0.000976962
0.00102946
0.00107932
0.00112593
0.00116869
0.00120702
0.00124041
0.0012684
0.0012906
0.00130668
0.00131642
0.00131969
0.00131642
0.00130668
0.0012906
0.0012684
0.00124041
0.00120702
0.00116869
0.00112593
0.00107932
0.00102946
0.000976962
0.000922467
0.000866604
0.000809988
0.000753211
0.000696828
0.000641352
0.000587245
0.000534916
0.000484713
0.000436926
0.000391783
0.000349451
0.000310044
0.000273618
0.000240183
0.000209703
0.000182107
0.000157288
0.000135115
0.000115436
9.80839e-05
8.28826e-05
6.96505e-05
5.82054e-05
4.83677e-05
3.99637e-05
3.28273e-05
2.68024e-05
2.17431e-05
1.75155e-05
1.39966e-05
1.10751e-05
8.65045e-06
6.63182e-06
4.93734e-06
3.49274e-06
2.22997e-06
1.08575e-06
0
0
1.45838e-06
2.99529e-06
4.69144e-06
6.63182e-06
8.90784e-06
1.16193e-05
1.48761e-05
1.88002e-05
2.35267e-05
2.92053e-05
3.60009e-05
4.40936e-05
5.36791e-05
6.49673e-05
7.81812e-05
9.35543e-05
0.000111328
0.000131746
0.000155053
0.000181486
0.000211268
0.000244605
0.000281673
0.000322613
0.000367523
0.00041645
0.000469382
0.000526241
0.000586878
0.000651065
0.000718497
0.000788786
0.000861461
0.000935977
0.00101171
0.00108797
0.00116402
0.00123906
0.00131225
0.00138277
0.00144974
0.00151235
0.00156978
0.00162127
0.00166612
0.00170371
0.00173352
0.00175513
0.00176822
0.0017726
0.00176822
0.00175513
0.00173352
0.00170371
0.00166612
0.00162127
0.00156978
0.00151235
0.00144974
0.00138277
0.00131225
0.00123906
0.00116402
0.00108797
0.00101171
0.000935977
0.000861461
0.000788786
0.000718497
0.000651065
0.000586878
0.000526241
0.000469382
0.00041645
0.000367523
0.000322613
0.000281673
0.000244605
0.000211268
0.000181486
0.000155053
0.000131746
0.000111328
9.35543e-05
7.81812e-05
6.49673e-05
5.36791e-05
4.40936e-05
3.60009e-05
2.92053e-05
2.35267e-05
1.88002e-05
1.48761e-05
1.16193e-05
8.90784e-06
6.63182e-06
4.69144e-06
2.99529e-06
1.45838e-06
0
0
1.90229e-06
3.90702e-06
6.11944e-06
8.65045e-06
1.16193e-05
1.5156e-05
1.94041e-05
2.45227e-05
3.06879e-05
3.8095e-05
4.6959e-05
5.75151e-05
7.00183e-05
8.47425e-05
0.000101979
0.000122031
0.000145214
0.000171848
0.000202249
0.000236728
0.000275576
0.00031906
0.00036741
0.000420811
0.000479391
0.000543211
0.000612255
0.000686422
0.000765516
0.000849241
0.000937198
0.00102888
0.00112368
0.00122088
0.00131966
0.00141914
0.00151833
0.00161621
0.00171168
0.00180366
0.00189103
0.00197269
0.0020476
0.00211476
0.00217326
0.0022223
0.00226118
0.00228936
0.00230644
0.00231215
0.00230644
0.00228936
0.00226118
0.0022223
0.00217326
0.00211476
0.0020476
0.00197269
0.00189103
0.00180366
0.00171168
0.00161621
0.00151833
0.00141914
0.00131966
0.00122088
0.00112368
0.00102888
0.000937198
0.000849241
0.000765516
0.000686422
0.000612255
0.000543211
0.000479391
0.000420811
0.00036741
0.00031906
0.000275576
0.000236728
0.000202249
0.000171848
0.000145214
0.000122031
0.000101979
8.47425e-05
7.00183e-05
5.75151e-05
4.6959e-05
3.8095e-05
3.06879e-05
2.45227e-05
1.94041e-05
1.5156e-05
1.16193e-05
8.65045e-06
6.11944e-06
3.90702e-06
1.90229e-06
0
0
2.43549e-06
5.00213e-06
7.83469e-06
1.10751e-05
1.48761e-05
1.94041e-05
2.4843e-05
3.13962e-05
3.92895e-05
4.87728e-05
6.01214e-05
7.36362e-05
8.9644e-05
0.000108495
0.000130563
0.000156236
0.000185917
0.000220016
0.000258938
0.000303081
0.000352818
0.00040849
0.000470393
0.000538762
0.000613762
0.000695471
0.000783867
0.000878822
0.000980085
0.00108728
0.00119989
0.00131727
0.00143864
0.00156308
0.00168955
0.00181691
0.00194391
0.00206922
0.00219146
0.00230922
0.00242107
0.00252562
0.00262153
0.00270751
0.00278242
0.0028452
0.00289498
0.00293106
0.00295292
0.00296024
0.00295292
0.00293106
0.00289498
0.0028452
0.00278242
0.00270751
0.00262153
0.00252562
0.00242107
0.00230922
0.00219146
0.00206922
0.00194391
0.00181691
0.00168955
0.00156308
0.00143864
0.00131727
0.00119989
0.00108728
0.000980085
0.000878822
0.000783867
0.000695471
0.000613762
0.000538762
0.000470393
0.00040849
0.000352818
0.000303081
0.000258938
0.000220016
0.000185917
0.000156236
0.000130563
0.000108495
8.9644e-05
7.36362e-05
6.01214e-05
4.87728e-05
3.92895e-05
3.13962e-05
2.4843e-05
1.94041e-05
1.48761e-05
1.10751e-05
7.83469e-06
5.00213e-06
2.43549e-06
0
0
3.07794e-06
6.32162e-06
9.90136e-06
1.39966e-05
1.88002e-05
2.45227e-05
3.13962e-05
3.96781e-05
4.96535e-05
6.16384e-05
7.59804e-05
9.30603e-05
0.000113291
0.000137115
0.000165003
0.000197448
0.000234959
0.000278052
0.000327242
0.000383029
0.000445886
0.000516244
0.000594475
0.00068088
0.000775663
0.000878925
0.000990639
0.00111064
0.00123862
0.00137409
0.0015164
0.00166475
0.00181813
0.0019754
0.00213523
0.00229619
0.00245668
0.00261505
0.00276953
0.00291835
0.00305971
0.00319185
0.00331305
0.00342172
0.00351637
0.00359572
0.00365863
0.00370423
0.00373185
0.0037411
0.00373185
0.00370423
0.00365863
0.00359572
0.00351637
0.00342172
0.00331305
0.00319185
0.00305971
0.00291835
0.00276953
0.00261505
0.00245668
0.00229619
0.00213523
0.0019754
0.00181813
0.00166475
0.0015164
0.00137409
0.00123862
0.00111064
0.000990639
0.000878925
0.000775663
0.00068088
0.000594475
0.000516244
0.000445886
0.000383029
0.000327242
0.000278052
0.000234959
0.000197448
0.000165003
0.000137115
0.000113291
9.30603e-05
7.59804e-05
6.16384e-05
4.96535e-05
3.96781e-05
3.13962e-05
2.45227e-05
1.88002e-05
1.39966e-05
9.90136e-06
6.32162e-06
3.07794e-06
0
0
3.85176e-06
7.91093e-06
1.23907e-05
1.75155e-05
2.35267e-05
3.06879e-05
3.92895e-05
4.96535e-05
6.21369e-05
7.71348e-05
9.50827e-05
0.000116457
0.000141773
0.000171587
0.000206486
0.000247088
0.00029403
0.000347957
0.000409514
0.000479326
0.000557986
0.000646032
0.000743932
0.000852059
0.000970672
0.0010999
0.0012397
0.00138987
0.00155002
0.00171954
0.00189764
0.00208328
0.00227523
0.00247203
0.00267205
0.00287347
0.00307432
0.0032725
0.00346582
0.00365205
0.00382895
0.00399431
0.00414598
0.00428197
0.00440042
0.00449971
0.00457845
0.00463551
0.00467008
0.00468165
0.00467008
0.00463551
0.00457845
0.00449971
0.00440042
0.00428197
0.00414598
0.00399431
0.00382895
0.00365205
0.00346582
0.0032725
0.00307432
0.00287347
0.00267205
0.00247203
0.00227523
0.00208328
0.00189764
0.00171954
0.00155002
0.00138987
0.0012397
0.0010999
0.000970672
0.000852059
0.000743932
0.000646032
0.000557986
0.000479326
0.000409514
0.000347957
0.00029403
0.000247088
0.000206486
0.000171587
0.000141773
0.000116457
9.50827e-05
7.71348e-05
6.21369e-05
4.96535e-05
3.92895e-05
3.06879e-05
2.35267e-05
1.75155e-05
1.23907e-05
7.91093e-06
3.85176e-06
0
0
4.78146e-06
9.82039e-06
1.53814e-05
2.17431e-05
2.92053e-05
3.8095e-05
4.87728e-05
6.16384e-05
7.71348e-05
9.57528e-05
0.000118033
0.000144566
0.000175993
0.000213003
0.000256326
0.000306728
0.000365
0.000431943
0.000508358
0.000595021
0.000692667
0.000801965
0.000923495
0.00105772
0.00120496
0.00136538
0.00153892
0.00172534
0.00192414
0.00213459
0.00235567
0.00258612
0.00282439
0.0030687
0.003317
0.00356704
0.00381636
0.00406238
0.00430236
0.00453355
0.00475315
0.00495841
0.00514669
0.0053155
0.00546255
0.00558581
0.00568355
0.00575438
0.00579729
0.00581166
0.00579729
0.00575438
0.00568355
0.00558581
0.00546255
0.0053155
0.00514669
0.00495841
0.00475315
0.00453355
0.00430236
0.00406238
0.00381636
0.00356704
0.003317
0.0030687
0.00282439
0.00258612
0.00235567
0.00213459
0.00192414
0.00172534
0.00153892
0.00136538
0.00120496
0.00105772
0.000923495
0.000801965
0.000692667
0.000595021
0.000508358
0.000431943
0.000365
0.000306728
0.000256326
0.000213003
0.000175993
0.000144566
0.000118033
9.57528e-05
7.71348e-05
6.16384e-05
4.87728e-05
3.8095e-05
2.92053e-05
2.17431e-05
1.53814e-05
9.82039e-06
4.78146e-06
0
0
5.89401e-06
1.21054e-05
1.89603e-05
2.68024e-05
3.60009e-05
4.6959e-05
6.01214e-05
7.59804e-05
9.50827e-05
0.000118033
0.000145497
0.000178203
0.000216943
0.000262564
0.000315968
0.000378098
0.000449928
0.000532449
0.000626643
0.000733471
0.000853837
0.000988567
0.00113837
0.00130383
0.00148534
0.00168307
0.001897
0.00212679
0.00237186
0.00263127
0.00290379
0.00318786
0.00348158
0.00378273
0.00408881
0.00439702
0.00470436
0.00500762
0.00530344
0.00558842
0.00585911
0.00611214
0.00634423
0.00655232
0.00673358
0.00688552
0.007006
0.00709331
0.00714621
0.00716393
0.00714621
0.00709331
0.007006
0.00688552
0.00673358
0.00655232
0.00634423
0.00611214
0.00585911
0.00558842
0.00530344
0.00500762
0.00470436
0.00439702
0.00408881
0.00378273
0.00348158
0.00318786
0.00290379
0.00263127
0.00237186
0.00212679
0.001897
0.00168307
0.00148534
0.00130383
0.00113837
0.000988567
0.000853837
0.000733471
0.000626643
0.000532449
0.000449928
0.000378098
0.000315968
0.000262564
0.000216943
0.000178203
0.000145497
0.000118033
9.50827e-05
7.59804e-05
6.01214e-05
4.6959e-05
3.60009e-05
2.68024e-05
1.89603e-05
1.21054e-05
5.89401e-06
0
0
7.21894e-06
1.48266e-05
2.32225e-05
3.28273e-05
4.40936e-05
5.75151e-05
7.36362e-05
9.30603e-05
0.000116457
0.000144566
0.000178203
0.000218262
0.00026571
0.000321587
0.000386995
0.000463091
0.000551069
0.000652139
0.000767508
0.00089835
0.00104577
0.00121079
0.00139427
0.00159692
0.00181923
0.00206142
0.00232343
0.00260488
0.00290503
0.00322276
0.00355654
0.00390447
0.00426421
0.00463306
0.00500794
0.00538544
0.00576187
0.00613329
0.00649562
0.00684466
0.0071762
0.0074861
0.00777037
0.00802524
0.00824725
0.00843334
0.0085809
0.00868784
0.00875263
0.00877433
0.00875263
0.00868784
0.0085809
0.00843334
0.00824725
0.00802524
0.00777037
0.0074861
0.0071762
0.00684466
0.00649562
0.00613329
0.00576187
0.00538544
0.00500794
0.00463306
0.00426421
0.00390447
0.00355654
0.00322276
0.00290503
0.00260488
0.00232343
0.00206142
0.00181923
0.00159692
0.00139427
0.00121079
0.00104577
0.00089835
0.000767508
0.000652139
0.000551069
0.000463091
0.000386995
0.000321587
0.00026571
0.000218262
0.000178203
0.000144566
0.000116457
9.30603e-05
7.36362e-05
5.75151e-05
4.40936e-05
3.28273e-05
2.32225e-05
1.48266e-05
7.21894e-06
0
0
8.78827e-06
1.80498e-05
2.82708e-05
3.99637e-05
5.36791e-05
7.00183e-05
8.9644e-05
0.000113291
0.000141773
0.000175993
0.000216943
0.00026571
0.000323473
0.000391496
0.000471124
0.000563763
0.000670866
0.000793908
0.000934357
0.00109364
0.00127311
0.001474
0.00169737
0.00194408
0.00221471
0.00250955
0.00282852
0.00317116
0.00353656
0.00392335
0.0043297
0.00475326
0.00519121
0.00564024
0.00609662
0.00655618
0.00701444
0.00746661
0.0079077
0.00833262
0.00873623
0.00911351
0.00945957
0.00976984
0.0100401
0.0102667
0.0104463
0.0105765
0.0106554
0.0106818
0.0106554
0.0105765
0.0104463
0.0102667
0.0100401
0.00976984
0.00945957
0.00911351
0.00873623
0.00833262
0.0079077
0.00746661
0.00701444
0.00655618
0.00609662
0.00564024
0.00519121
0.00475326
0.0043297
0.00392335
0.00353656
0.00317116
0.00282852
0.00250955
0.00221471
0.00194408
0.00169737
0.001474
0.00127311
0.00109364
0.000934357
0.000793908
0.000670866
0.000563763
0.000471124
0.000391496
0.000323473
0.00026571
0.000216943
0.000175993
0.000141773
0.000113291
8.9644e-05
7.00183e-05
5.36791e-05
3.99637e-05
2.82708e-05
1.80498e-05
8.78827e-06
0
0
1.06364e-05
2.18455e-05
3.42159e-05
4.83677e-05
6.49673e-05
8.47425e-05
0.000108495
0.000137115
0.000171587
0.000213003
0.000262564
0.000321587
0.000391496
0.000473825
0.000570197
0.000682317
0.000811943
0.00096086
0.00113084
0.00132363
0.00154084
0.00178397
0.00205432
0.0023529
0.00268044
0.00303728
0.00342333
0.00383802
0.00428026
0.0047484
0.0052402
0.00575283
0.00628288
0.00682634
0.00737868
0.00793489
0.00848952
0.00903677
0.00957062
0.0100849
0.0105734
0.01103
0.0114488
0.0118244
0.0121515
0.0124257
0.0126431
0.0128006
0.0128961
0.0129281
0.0128961
0.0128006
0.0126431
0.0124257
0.0121515
0.0118244
0.0114488
0.01103
0.0105734
0.0100849
0.00957062
0.00903677
0.00848952
0.00793489
0.00737868
0.00682634
0.00628288
0.00575283
0.0052402
0.0047484
0.00428026
0.00383802
0.00342333
0.00303728
0.00268044
0.0023529
0.00205432
0.00178397
0.00154084
0.00132363
0.00113084
0.00096086
0.000811943
0.000682317
0.000570197
0.000473825
0.000391496
0.000321587
0.000262564
0.000213003
0.000171587
0.000137115
0.000108495
8.47425e-05
6.49673e-05
4.83677e-05
3.42159e-05
2.18455e-05
1.06364e-05
0
0
1.27997e-05
2.62887e-05
4.11752e-05
5.82054e-05
7.81812e-05
0.000101979
0.000130563
0.000165003
0.000206486
0.000256326
0.000315968
0.000386995
0.000471124
0.000570197
0.000686172
0.000821096
0.000977087
0.00115629
0.00136085
0.00159284
0.00185424
0.00214682
0.00247215
0.00283147
0.00322563
0.00365505
0.00411962
0.00461865
0.00515084
0.00571419
0.00630602
0.00692292
0.00756077
0.00821477
0.00887946
0.00954879
0.0102162
0.0108748
0.0115172
0.0121361
0.0127239
0.0132734
0.0137775
0.0142293
0.014623
0.0149529
0.0152146
0.0154042
0.0155191
0.0155575
0.0155191
0.0154042
0.0152146
0.0149529
0.014623
0.0142293
0.0137775
0.0132734
0.0127239
0.0121361
0.0115172
0.0108748
0.0102162
0.00954879
0.00887946
0.00821477
0.00756077
0.00692292
0.00630602
0.00571419
0.00515084
0.00461865
0.00411962
0.00365505
0.00322563
0.00283147
0.00247215
0.00214682
0.00185424
0.00159284
0.00136085
0.00115629
0.000977087
0.000821096
0.000686172
0.000570197
0.000471124
0.000386995
0.000315968
0.000256326
0.000206486
0.000165003
0.000130563
0.000101979
7.81812e-05
5.82054e-05
4.11752e-05
2.62887e-05
1.27997e-05
0
0
1.53166e-05
3.1458e-05
4.92717e-05
6.96505e-05
9.35543e-05
0.000122031
0.000156236
0.000197448
0.000247088
0.000306728
0.000378098
0.000463091
0.000563763
0.000682317
0.000821096
0.000982551
0.00116921
0.00138366
0.00162844
0.00190605
0.00221884
0.00256896
0.00295826
0.00338823
0.00385989
0.00437375
0.00492967
0.00552683
0.00616367
0.00683779
0.00754599
0.0082842
0.00904747
0.00983007
0.0106255
0.0114264
0.0122251
0.0130131
0.0137819
0.0145225
0.0152259
0.0158834
0.0164866
0.0170273
0.0174984
0.0178932
0.0182063
0.0184332
0.0185706
0.0186167
0.0185706
0.0184332
0.0182063
0.0178932
0.0174984
0.0170273
0.0164866
0.0158834
0.0152259
0.0145225
0.0137819
0.0130131
0.0122251
0.0114264
0.0106255
0.00983007
0.00904747
0.0082842
0.00754599
0.00683779
0.00616367
0.00552683
0.00492967
0.00437375
0.00385989
0.00338823
0.00295826
0.00256896
0.00221884
0.00190605
0.00162844
0.00138366
0.00116921
0.000982551
0.000821096
0.000682317
0.000563763
0.000463091
0.000378098
0.000306728
0.000247088
0.000197448
0.000156236
0.000122031
9.35543e-05
6.96505e-05
4.92717e-05
3.1458e-05
1.53166e-05
0
0
1.82264e-05
3.74343e-05
5.86322e-05
8.28826e-05
0.000111328
0.000145214
0.000185917
0.000234959
0.00029403
0.000365
0.000449928
0.000551069
0.000670866
0.000811943
0.000977087
0.00116921
0.00139134
0.00164652
0.00193781
0.00226816
0.00264037
0.00305701
0.00352027
0.00403192
0.00459319
0.00520467
0.0058662
0.00657681
0.00733463
0.00813683
0.00897957
0.00985802
0.0107663
0.0116976
0.0126441
0.0135972
0.0145476
0.0154854
0.0164002
0.0172814
0.0181185
0.0189009
0.0196187
0.0202621
0.0208227
0.0212925
0.0216651
0.0219351
0.0220987
0.0221534
0.0220987
0.0219351
0.0216651
0.0212925
0.0208227
0.0202621
0.0196187
0.0189009
0.0181185
0.0172814
0.0164002
0.0154854
0.0145476
0.0135972
0.0126441
0.0116976
0.0107663
0.00985802
0.00897957
0.00813683
0.00733463
0.00657681
0.0058662
0.00520467
0.00459319
0.00403192
0.00352027
0.00305701
0.00264037
0.00226816
0.00193781
0.00164652
0.00139134
0.00116921
0.000977087
0.000811943
0.000670866
0.000551069
0.000449928
0.000365
0.00029403
0.000234959
0.000185917
0.000145214
0.000111328
8.28826e-05
5.86322e-05
3.74343e-05
1.82264e-05
0
0
2.15693e-05
4.43e-05
6.93858e-05
9.80839e-05
0.000131746
0.000171848
0.000220016
0.000278052
0.000347957
0.000431943
0.000532449
0.000652139
0.000793908
0.00096086
0.00115629
0.00138366
0.00164652
0.00194851
0.00229322
0.00268415
0.00312464
0.00361768
0.00416591
0.0047714
0.00543562
0.00615925
0.00694211
0.00778305
0.00867986
0.00962919
0.0106265
0.0116661
0.0127409
0.013843
0.0149631
0.016091
0.0172157
0.0183255
0.0194081
0.020451
0.0214416
0.0223675
0.0232169
0.0239784
0.0246417
0.0251977
0.0256386
0.0259581
0.0261517
0.0262166
0.0261517
0.0259581
0.0256386
0.0251977
0.0246417
0.0239784
0.0232169
0.0223675
0.0214416
0.020451
0.0194081
0.0183255
0.0172157
0.016091
0.0149631
0.013843
0.0127409
0.0116661
0.0106265
0.00962919
0.00867986
0.00778305
0.00694211
0.00615925
0.00543562
0.0047714
0.00416591
0.00361768
0.00312464
0.00268415
0.00229322
0.00194851
0.00164652
0.00138366
0.00115629
0.00096086
0.000793908
0.000652139
0.000532449
0.000431943
0.000347957
0.000278052
0.000220016
0.000171848
0.000131746
9.80839e-05
6.93858e-05
4.43e-05
2.15693e-05
0
0
2.53851e-05
5.21371e-05
8.16608e-05
0.000115436
0.000155053
0.000202249
0.000258938
0.000327242
0.000409514
0.000508358
0.000626643
0.000767508
0.000934357
0.00113084
0.00136085
0.00162844
0.00193781
0.00229322
0.00269891
0.00315901
0.00367741
0.00425768
0.0049029
0.00561551
0.00639723
0.00724887
0.00817023
0.00915994
0.0102154
0.0113327
0.0125064
0.0137299
0.0149949
0.0162919
0.0176102
0.0189377
0.0202613
0.0215674
0.0228415
0.0240689
0.0252348
0.0263245
0.0273241
0.0282204
0.029001
0.0296554
0.0301743
0.0305504
0.0307782
0.0308545
0.0307782
0.0305504
0.0301743
0.0296554
0.029001
0.0282204
0.0273241
0.0263245
0.0252348
0.0240689
0.0228415
0.0215674
0.0202613
0.0189377
0.0176102
0.0162919
0.0149949
0.0137299
0.0125064
0.0113327
0.0102154
0.00915994
0.00817023
0.00724887
0.00639723
0.00561551
0.0049029
0.00425768
0.00367741
0.00315901
0.00269891
0.00229322
0.00193781
0.00162844
0.00136085
0.00113084
0.000934357
0.000767508
0.000626643
0.000508358
0.000409514
0.000327242
0.000258938
0.000202249
0.000155053
0.000115436
8.16608e-05
5.21371e-05
2.53851e-05
0
0
2.97126e-05
6.10252e-05
9.5582e-05
0.000135115
0.000181486
0.000236728
0.000303081
0.000383029
0.000479326
0.000595021
0.000733471
0.00089835
0.00109364
0.00132363
0.00159284
0.00190605
0.00226816
0.00268415
0.00315901
0.00369754
0.00430432
0.00498352
0.00573872
0.00657282
0.0074878
0.00848463
0.00956306
0.0107215
0.0119569
0.0132646
0.0146385
0.0160705
0.0175512
0.0190693
0.0206123
0.0221661
0.0237154
0.0252442
0.0267355
0.0281721
0.0295367
0.0308122
0.0319822
0.0330312
0.033945
0.034711
0.0353183
0.0357585
0.0360251
0.0361145
0.0360251
0.0357585
0.0353183
0.034711
0.033945
0.0330312
0.0319822
0.0308122
0.0295367
0.0281721
0.0267355
0.0252442
0.0237154
0.0221661
0.0206123
0.0190693
0.0175512
0.0160705
0.0146385
0.0132646
0.0119569
0.0107215
0.00956306
0.00848463
0.0074878
0.00657282
0.00573872
0.00498352
0.00430432
0.00369754
0.00315901
0.00268415
0.00226816
0.00190605
0.00159284
0.00132363
0.00109364
0.00089835
0.000733471
0.000595021
0.000479326
0.000383029
0.000303081
0.000236728
0.000181486
0.000135115
9.5582e-05
6.10252e-05
2.97126e-05
0
0
3.45886e-05
7.10397e-05
0.000111267
0.000157288
0.000211268
0.000275576
0.000352818
0.000445886
0.000557986
0.000692667
0.000853837
0.00104577
0.00127311
0.00154084
0.00185424
0.00221884
0.00264037
0.00312464
0.00367741
0.00430432
0.00501068
0.00580134
0.00668047
0.00765145
0.00871659
0.009877
0.0111324
0.0124809
0.0139191
0.0154414
0.0170407
0.0187077
0.0204314
0.0221987
0.0239949
0.0258036
0.0276072
0.0293868
0.0311229
0.0327953
0.0343838
0.0358687
0.0372307
0.0384518
0.0395156
0.0404072
0.0411142
0.0416266
0.041937
0.042041
0.041937
0.0416266
0.0411142
0.0404072
0.0395156
0.0384518
0.0372307
0.0358687
0.0343838
0.0327953
0.0311229
0.0293868
0.0276072
0.0258036
0.0239949
0.0221987
0.0204314
0.0187077
0.0170407
0.0154414
0.0139191
0.0124809
0.0111324
0.009877
0.00871659
0.00765145
0.00668047
0.00580134
0.00501068
0.00430432
0.00367741
0.00312464
0.00264037
0.00221884
0.00185424
0.00154084
0.00127311
0.00104577
0.000853837
0.000692667
0.000557986
0.000445886
0.000352818
0.000275576
0.000211268
0.000157288
0.000111267
7.10397e-05
3.45886e-05
0
0
4.00464e-05
8.22493e-05
0.000128825
0.000182107
0.000244605
0.00031906
0.00040849
0.000516244
0.000646032
0.000801965
0.000988567
0.00121079
0.001474
0.00178397
0.00214682
0.00256896
0.00305701
0.00361768
0.00425768
0.00498352
0.00580134
0.00671675
0.0077346
0.00885879
0.010092
0.0114355
0.012889
0.0144503
0.0161154
0.017878
0.0197296
0.0216597
0.0236553
0.0257015
0.0277811
0.0298753
0.0319634
0.0340239
0.0360339
0.0379701
0.0398093
0.0415285
0.0431054
0.0445193
0.0457509
0.0467832
0.0476018
0.048195
0.0485544
0.0486748
0.0485544
0.048195
0.0476018
0.0467832
0.0457509
0.0445193
0.0431054
0.0415285
0.0398093
0.0379701
0.0360339
0.0340239
0.0319634
0.0298753
0.0277811
0.0257015
0.0236553
0.0216597
0.0197296
0.017878
0.0161154
0.0144503
0.012889
0.0114355
0.010092
0.00885879
0.0077346
0.00671675
0.00580134
0.00498352
0.00425768
0.00361768
0.00305701
0.00256896
0.00214682
0.00178397
0.001474
0.00121079
0.000988567
0.000801965
0.000646032
0.000516244
0.00040849
0.00031906
0.000244605
0.000182107
0.000128825
8.22493e-05
4.00464e-05
0
0
4.61151e-05
9.47134e-05
0.000148347
0.000209703
0.000281673
0.00036741
0.000470393
0.000594475
0.000743932
0.000923495
0.00113837
0.00139427
0.00169737
0.00205432
0.00247215
0.00295826
0.00352027
0.00416591
0.0049029
0.00573872
0.00668047
0.0077346
0.00890671
0.0102013
0.0116213
0.0131685
0.0148422
0.0166402
0.0185575
0.0205872
0.0227194
0.024942
0.0272401
0.0295963
0.0319911
0.0344026
0.0368072
0.0391799
0.0414944
0.0437241
0.045842
0.0478217
0.0496376
0.0512657
0.052684
0.0538727
0.0548154
0.0554985
0.0559124
0.056051
0.0559124
0.0554985
0.0548154
0.0538727
0.052684
0.0512657
0.0496376
0.0478217
0.045842
0.0437241
0.0414944
0.0391799
0.0368072
0.0344026
0.0319911
0.0295963
0.0272401
0.024942
0.0227194
0.0205872
0.0185575
0.0166402
0.0148422
0.0131685
0.0116213
0.0102013
0.00890671
0.0077346
0.00668047
0.00573872
0.0049029
0.00416591
0.00352027
0.00295826
0.00247215
0.00205432
0.00169737
0.00139427
0.00113837
0.000923495
0.000743932
0.000594475
0.000470393
0.00036741
0.000281673
0.000209703
0.000148347
9.47134e-05
4.61151e-05
0
0
5.28177e-05
0.00010848
0.000169908
0.000240183
0.000322613
0.000420811
0.000538762
0.00068088
0.000852059
0.00105772
0.00130383
0.00159692
0.00194408
0.0023529
0.00283147
0.00338823
0.00403192
0.0047714
0.00561551
0.00657282
0.00765145
0.00885879
0.0102013
0.011684
0.0133105
0.0150824
0.0169995
0.0190587
0.0212548
0.0235794
0.0260216
0.0285672
0.0311993
0.033898
0.0366408
0.0394028
0.0421569
0.0448745
0.0475255
0.0500792
0.052505
0.0547724
0.0568522
0.058717
0.0603413
0.0617029
0.0627825
0.0635649
0.064039
0.0641977
0.064039
0.0635649
0.0627825
0.0617029
0.0603413
0.058717
0.0568522
0.0547724
0.052505
0.0500792
0.0475255
0.0448745
0.0421569
0.0394028
0.0366408
0.033898
0.0311993
0.0285672
0.0260216
0.0235794
0.0212548
0.0190587
0.0169995
0.0150824
0.0133105
0.011684
0.0102013
0.00885879
0.00765145
0.00657282
0.00561551
0.0047714
0.00403192
0.00338823
0.00283147
0.0023529
0.00194408
0.00159692
0.00130383
0.00105772
0.000852059
0.00068088
0.000538762
0.000420811
0.000322613
0.000240183
0.000169908
0.00010848
5.28177e-05
0
0
6.01703e-05
0.000123581
0.000193561
0.000273618
0.000367523
0.000479391
0.000613762
0.000775663
0.000970672
0.00120496
0.00148534
0.00181923
0.00221471
0.00268044
0.00322563
0.00385989
0.00459319
0.00543562
0.00639723
0.0074878
0.00871659
0.010092
0.0116213
0.0133105
0.0151634
0.017182
0.0193659
0.0217118
0.0242136
0.0268619
0.029644
0.032544
0.0355425
0.0386168
0.0417415
0.044888
0.0480255
0.0511213
0.0541414
0.0570506
0.0598141
0.0623971
0.0647665
0.0668908
0.0687413
0.0702924
0.0715223
0.0724137
0.0729537
0.0731345
0.0729537
0.0724137
0.0715223
0.0702924
0.0687413
0.0668908
0.0647665
0.0623971
0.0598141
0.0570506
0.0541414
0.0511213
0.0480255
0.044888
0.0417415
0.0386168
0.0355425
0.032544
0.029644
0.0268619
0.0242136
0.0217118
0.0193659
0.017182
0.0151634
0.0133105
0.0116213
0.010092
0.00871659
0.0074878
0.00639723
0.00543562
0.00459319
0.00385989
0.00322563
0.00268044
0.00221471
0.00181923
0.00148534
0.00120496
0.000970672
0.000775663
0.000613762
0.000479391
0.000367523
0.000273618
0.000193561
0.000123581
6.01703e-05
0
0
6.81806e-05
0.000140033
0.000219329
0.000310044
0.00041645
0.000543211
0.000695471
0.000878925
0.0010999
0.00136538
0.00168307
0.00206142
0.00250955
0.00303728
0.00365505
0.00437375
0.00520467
0.00615925
0.00724887
0.00848463
0.009877
0.0114355
0.0131685
0.0150824
0.017182
0.0194694
0.0219441
0.0246023
0.0274371
0.0304379
0.0335904
0.0368765
0.0402741
0.0437578
0.0472984
0.0508638
0.054419
0.057927
0.061349
0.0646456
0.0677769
0.0707039
0.0733887
0.0757958
0.0778926
0.0796502
0.0810439
0.0820539
0.0826658
0.0828707
0.0826658
0.0820539
0.0810439
0.0796502
0.0778926
0.0757958
0.0733887
0.0707039
0.0677769
0.0646456
0.061349
0.057927
0.054419
0.0508638
0.0472984
0.0437578
0.0402741
0.0368765
0.0335904
0.0304379
0.0274371
0.0246023
0.0219441
0.0194694
0.017182
0.0150824
0.0131685
0.0114355
0.009877
0.00848463
0.00724887
0.00615925
0.00520467
0.00437375
0.00365505
0.00303728
0.00250955
0.00206142
0.00168307
0.00136538
0.0010999
0.000878925
0.000695471
0.000543211
0.00041645
0.000310044
0.000219329
0.000140033
6.81806e-05
0
0
7.68466e-05
0.000157831
0.000247207
0.000349451
0.000469382
0.000612255
0.000783867
0.000990639
0.0012397
0.00153892
0.001897
0.00232343
0.00282852
0.00342333
0.00411962
0.00492967
0.0058662
0.00694211
0.00817023
0.00956306
0.0111324
0.012889
0.0148422
0.0169995
0.0193659
0.0219441
0.0247332
0.0277293
0.0309245
0.0343067
0.0378599
0.0415636
0.0453931
0.0493196
0.0533102
0.0573288
0.0613359
0.0652897
0.0691467
0.0728623
0.0763916
0.0796906
0.0827166
0.0854297
0.087793
0.089774
0.0913448
0.0924832
0.0931729
0.0934039
0.0931729
0.0924832
0.0913448
0.089774
0.087793
0.0854297
0.0827166
0.0796906
0.0763916
0.0728623
0.0691467
0.0652897
0.0613359
0.0573288
0.0533102
0.0493196
0.0453931
0.0415636
0.0378599
0.0343067
0.0309245
0.0277293
0.0247332
0.0219441
0.0193659
0.0169995
0.0148422
0.012889
0.0111324
0.00956306
0.00817023
0.00694211
0.0058662
0.00492967
0.00411962
0.00342333
0.00282852
0.00232343
0.001897
0.00153892
0.0012397
0.000990639
0.000783867
0.000612255
0.000469382
0.000349451
0.000247207
0.000157831
7.68466e-05
0
0
8.61556e-05
0.00017695
0.000277152
0.000391783
0.000526241
0.000686422
0.000878822
0.00111064
0.00138987
0.00172534
0.00212679
0.00260488
0.00317116
0.00383802
0.00461865
0.00552683
0.00657681
0.00778305
0.00915994
0.0107215
0.0124809
0.0144503
0.0166402
0.0190587
0.0217118
0.0246023
0.0277293
0.0310884
0.0346705
0.0384625
0.0424461
0.0465985
0.0508919
0.055294
0.059768
0.0642734
0.0687659
0.0731987
0.0775229
0.0816886
0.0856454
0.089344
0.0927366
0.0957784
0.098428
0.100649
0.10241
0.103686
0.10446
0.104719
0.10446
0.103686
0.10241
0.100649
0.098428
0.0957784
0.0927366
0.089344
0.0856454
0.0816886
0.0775229
0.0731987
0.0687659
0.0642734
0.059768
0.055294
0.0508919
0.0465985
0.0424461
0.0384625
0.0346705
0.0310884
0.0277293
0.0246023
0.0217118
0.0190587
0.0166402
0.0144503
0.0124809
0.0107215
0.00915994
0.00778305
0.00657681
0.00552683
0.00461865
0.00383802
0.00317116
0.00260488
0.00212679
0.00172534
0.00138987
0.00111064
0.000878822
0.000686422
0.000526241
0.000391783
0.000277152
0.00017695
8.61556e-05
0
0
9.60829e-05
0.00019734
0.000309087
0.000436926
0.000586878
0.000765516
0.000980085
0.00123862
0.00155002
0.00192414
0.00237186
0.00290503
0.00353656
0.00428026
0.00515084
0.00616367
0.00733463
0.00867986
0.0102154
0.0119569
0.0139191
0.0161154
0.0185575
0.0212548
0.0242136
0.0274371
0.0309245
0.0346705
0.0386655
0.0428944
0.047337
0.0519678
0.0567559
0.0616653
0.0666548
0.0716793
0.0766895
0.0816331
0.0864556
0.0911012
0.095514
0.0996388
0.103422
0.106815
0.109769
0.112246
0.11421
0.115634
0.116496
0.116785
0.116496
0.115634
0.11421
0.112246
0.109769
0.106815
0.103422
0.0996388
0.095514
0.0911012
0.0864556
0.0816331
0.0766895
0.0716793
0.0666548
0.0616653
0.0567559
0.0519678
0.047337
0.0428944
0.0386655
0.0346705
0.0309245
0.0274371
0.0242136
0.0212548
0.0185575
0.0161154
0.0139191
0.0119569
0.0102154
0.00867986
0.00733463
0.00616367
0.00515084
0.00428026
0.00353656
0.00290503
0.00237186
0.00192414
0.00155002
0.00123862
0.000980085
0.000765516
0.000586878
0.000436926
0.000309087
0.00019734
9.60829e-05
0
0
0.000106592
0.000218923
0.000342893
0.000484713
0.000651065
0.000849241
0.00108728
0.00137409
0.00171954
0.00213459
0.00263127
0.00322276
0.00392335
0.0047484
0.00571419
0.00683779
0.00813683
0.00962919
0.0113327
0.0132646
0.0154414
0.017878
0.0205872
0.0235794
0.0268619
0.0304379
0.0343067
0.0384625
0.0428944
0.0475857
0.0525143
0.0576516
0.0629634
0.0684096
0.0739449
0.0795189
0.0850771
0.0905613
0.0959113
0.101065
0.10596
0.110536
0.114734
0.118497
0.121775
0.124523
0.126702
0.128281
0.129237
0.129558
0.129237
0.128281
0.126702
0.124523
0.121775
0.118497
0.114734
0.110536
0.10596
0.101065
0.0959113
0.0905613
0.0850771
0.0795189
0.0739449
0.0684096
0.0629634
0.0576516
0.0525143
0.0475857
0.0428944
0.0384625
0.0343067
0.0304379
0.0268619
0.0235794
0.0205872
0.017878
0.0154414
0.0132646
0.0113327
0.00962919
0.00813683
0.00683779
0.00571419
0.0047484
0.00392335
0.00322276
0.00263127
0.00213459
0.00171954
0.00137409
0.00108728
0.000849241
0.000651065
0.000484713
0.000342893
0.000218923
0.000106592
0
0
0.000117631
0.000241597
0.000378406
0.000534916
0.000718497
0.000937198
0.00119989
0.0015164
0.00189764
0.00235567
0.00290379
0.00355654
0.0043297
0.0052402
0.00630602
0.00754599
0.00897957
0.0106265
0.0125064
0.0146385
0.0170407
0.0197296
0.0227194
0.0260216
0.029644
0.0335904
0.0378599
0.0424461
0.047337
0.0525143
0.0579533
0.0636226
0.0694846
0.0754949
0.0816035
0.0877548
0.0938886
0.0999409
0.105845
0.111533
0.116935
0.121985
0.126617
0.13077
0.134387
0.13742
0.139824
0.141567
0.142623
0.142976
0.142623
0.141567
0.139824
0.13742
0.134387
0.13077
0.126617
0.121985
0.116935
0.111533
0.105845
0.0999409
0.0938886
0.0877548
0.0816035
0.0754949
0.0694846
0.0636226
0.0579533
0.0525143
0.047337
0.0424461
0.0378599
0.0335904
0.029644
0.0260216
0.0227194
0.0197296
0.0170407
0.0146385
0.0125064
0.0106265
0.00897957
0.00754599
0.00630602
0.0052402
0.0043297
0.00355654
0.00290379
0.00235567
0.00189764
0.0015164
0.00119989
0.000937198
0.000718497
0.000534916
0.000378406
0.000241597
0.000117631
0
0
0.000129139
0.000265232
0.000415425
0.000587245
0.000788786
0.00102888
0.00131727
0.00166475
0.00208328
0.00258612
0.00318786
0.00390447
0.00475326
0.00575283
0.00692292
0.0082842
0.00985802
0.0116661
0.0137299
0.0160705
0.0187077
0.0216597
0.024942
0.0285672
0.032544
0.0368765
0.0415636
0.0465985
0.0519678
0.0576516
0.0636226
0.0698466
0.0762821
0.0828804
0.0895866
0.0963396
0.103073
0.109718
0.116199
0.122443
0.128374
0.133918
0.139003
0.143563
0.147534
0.150863
0.153503
0.155416
0.156575
0.156963
0.156575
0.155416
0.153503
0.150863
0.147534
0.143563
0.139003
0.133918
0.128374
0.122443
0.116199
0.109718
0.103073
0.0963396
0.0895866
0.0828804
0.0762821
0.0698466
0.0636226
0.0576516
0.0519678
0.0465985
0.0415636
0.0368765
0.032544
0.0285672
0.024942
0.0216597
0.0187077
0.0160705
0.0137299
0.0116661
0.00985802
0.0082842
0.00692292
0.00575283
0.00475326
0.00390447
0.00318786
0.00258612
0.00208328
0.00166475
0.00131727
0.00102888
0.000788786
0.000587245
0.000415425
0.000265232
0.000129139
0
0
0.000141037
0.000289669
0.0004537
0.000641352
0.000861461
0.00112368
0.00143864
0.00181813
0.00227523
0.00282439
0.00348158
0.00426421
0.00519121
0.00628288
0.00756077
0.00904747
0.0107663
0.0127409
0.0149949
0.0175512
0.0204314
0.0236553
0.0272401
0.0311993
0.0355425
0.0402741
0.0453931
0.0508919
0.0567559
0.0629634
0.0694846
0.0762821
0.0833104
0.0905167
0.0978407
0.105216
0.11257
0.119827
0.126906
0.133725
0.140202
0.146257
0.151811
0.15679
0.161127
0.164763
0.167646
0.169735
0.171001
0.171425
0.171001
0.169735
0.167646
0.164763
0.161127
0.15679
0.151811
0.146257
0.140202
0.133725
0.126906
0.119827
0.11257
0.105216
0.0978407
0.0905167
0.0833104
0.0762821
0.0694846
0.0629634
0.0567559
0.0508919
0.0453931
0.0402741
0.0355425
0.0311993
0.0272401
0.0236553
0.0204314
0.0175512
0.0149949
0.0127409
0.0107663
0.00904747
0.00756077
0.00628288
0.00519121
0.00426421
0.00348158
0.00282439
0.00227523
0.00181813
0.00143864
0.00112368
0.000861461
0.000641352
0.0004537
0.000289669
0.000141037
0
0
0.000153237
0.000314725
0.000492945
0.000696828
0.000935977
0.00122088
0.00156308
0.0019754
0.00247203
0.0030687
0.00378273
0.00463306
0.00564024
0.00682634
0.00821477
0.00983007
0.0116976
0.013843
0.0162919
0.0190693
0.0221987
0.0257015
0.0295963
0.033898
0.0386168
0.0437578
0.0493196
0.055294
0.0616653
0.0684096
0.0754949
0.0828804
0.0905167
0.0983463
0.106304
0.114317
0.122307
0.130192
0.137883
0.145292
0.15233
0.158908
0.164942
0.170352
0.175065
0.179015
0.182147
0.184417
0.185792
0.186253
0.185792
0.184417
0.182147
0.179015
0.175065
0.170352
0.164942
0.158908
0.15233
0.145292
0.137883
0.130192
0.122307
0.114317
0.106304
0.0983463
0.0905167
0.0828804
0.0754949
0.0684096
0.0616653
0.055294
0.0493196
0.0437578
0.0386168
0.033898
0.0295963
0.0257015
0.0221987
0.0190693
0.0162919
0.013843
0.0116976
0.00983007
0.00821477
0.00682634
0.00564024
0.00463306
0.00378273
0.0030687
0.00247203
0.0019754
0.00156308
0.00122088
0.000935977
0.000696828
0.000492945
0.000314725
0.000153237
0
0
0.000165636
0.000340191
0.000532831
0.000753211
0.00101171
0.00131966
0.00168955
0.00213523
0.00267205
0.003317
0.00408881
0.00500794
0.00609662
0.00737868
0.00887946
0.0106255
0.0126441
0.0149631
0.0176102
0.0206123
0.0239949
0.0277811
0.0319911
0.0366408
0.0417415
0.0472984
0.0533102
0.059768
0.0666548
0.0739449
0.0816035
0.0895866
0.0978407
0.106304
0.114905
0.123567
0.132204
0.140726
0.149039
0.157048
0.164655
0.171766
0.178288
0.184136
0.18923
0.1935
0.196885
0.199339
0.200826
0.201324
0.200826
0.199339
0.196885
0.1935
0.18923
0.184136
0.178288
0.171766
0.164655
0.157048
0.149039
0.140726
0.132204
0.123567
0.114905
0.106304
0.0978407
0.0895866
0.0816035
0.0739449
0.0666548
0.059768
0.0533102
0.0472984
0.0417415
0.0366408
0.0319911
0.0277811
0.0239949
0.0206123
0.0176102
0.0149631
0.0126441
0.0106255
0.00887946
0.00737868
0.00609662
0.00500794
0.00408881
0.003317
0.00267205
0.00213523
0.00168955
0.00131966
0.00101171
0.000753211
0.000532831
0.000340191
0.000165636
0
0
0.000178122
0.000365835
0.000572996
0.000809988
0.00108797
0.00141914
0.00181691
0.00229619
0.00287347
0.00356704
0.00439702
0.00538544
0.00655618
0.00793489
0.00954879
0.0114264
0.0135972
0.016091
0.0189377
0.0221661
0.0258036
0.0298753
0.0344026
0.0394028
0.044888
0.0508638
0.0573288
0.0642734
0.0716793
0.0795189
0.0877548
0.0963396
0.105216
0.114317
0.123567
0.132881
0.142169
0.151334
0.160274
0.168886
0.177067
0.184714
0.191728
0.198016
0.203494
0.208086
0.211727
0.214365
0.215964
0.216499
0.215964
0.214365
0.211727
0.208086
0.203494
0.198016
0.191728
0.184714
0.177067
0.168886
0.160274
0.151334
0.142169
0.132881
0.123567
0.114317
0.105216
0.0963396
0.0877548
0.0795189
0.0716793
0.0642734
0.0573288
0.0508638
0.044888
0.0394028
0.0344026
0.0298753
0.0258036
0.0221661
0.0189377
0.016091
0.0135972
0.0114264
0.00954879
0.00793489
0.00655618
0.00538544
0.00439702
0.00356704
0.00287347
0.00229619
0.00181691
0.00141914
0.00108797
0.000809988
0.000572996
0.000365835
0.000178122
0
0
0.000190572
0.000391406
0.000613047
0.000866604
0.00116402
0.00151833
0.00194391
0.00245668
0.00307432
0.00381636
0.00470436
0.00576187
0.00701444
0.00848952
0.0102162
0.0122251
0.0145476
0.0172157
0.0202613
0.0237154
0.0276072
0.0319634
0.0368072
0.0421569
0.0480255
0.054419
0.0613359
0.0687659
0.0766895
0.0850771
0.0938886
0.103073
0.11257
0.122307
0.132204
0.142169
0.152107
0.161912
0.171477
0.180691
0.189443
0.197624
0.205129
0.211857
0.217718
0.22263
0.226526
0.229349
0.231059
0.231632
0.231059
0.229349
0.226526
0.22263
0.217718
0.211857
0.205129
0.197624
0.189443
0.180691
0.171477
0.161912
0.152107
0.142169
0.132204
0.122307
0.11257
0.103073
0.0938886
0.0850771
0.0766895
0.0687659
0.0613359
0.054419
0.0480255
0.0421569
0.0368072
0.0319634
0.0276072
0.0237154
0.0202613
0.0172157
0.0145476
0.0122251
0.0102162
0.00848952
0.00701444
0.00576187
0.00470436
0.00381636
0.00307432
0.00245668
0.00194391
0.00151833
0.00116402
0.000866604
0.000613047
0.000391406
0.000190572
0
0
0.000202856
0.000416636
0.000652565
0.000922467
0.00123906
0.00161621
0.00206922
0.00261505
0.0032725
0.00406238
0.00500762
0.00613329
0.00746661
0.00903677
0.0108748
0.0130131
0.0154854
0.0183255
0.0215674
0.0252442
0.0293868
0.0340239
0.0391799
0.0448745
0.0511213
0.057927
0.0652897
0.0731987
0.0816331
0.0905613
0.0999409
0.109718
0.119827
0.130192
0.140726
0.151334
0.161912
0.172349
0.182531
0.192339
0.201655
0.210364
0.218352
0.225514
0.231752
0.236982
0.241128
0.244133
0.245954
0.246564
0.245954
0.244133
0.241128
0.236982
0.231752
0.225514
0.218352
0.210364
0.201655
0.192339
0.182531
0.172349
0.161912
0.151334
0.140726
0.130192
0.119827
0.109718
0.0999409
0.0905613
0.0816331
0.0731987
0.0652897
0.057927
0.0511213
0.0448745
0.0391799
0.0340239
0.0293868
0.0252442
0.0215674
0.0183255
0.0154854
0.0130131
0.0108748
0.00903677
0.00746661
0.00613329
0.00500762
0.00406238
0.0032725
0.00261505
0.00206922
0.00161621
0.00123906
0.000922467
0.000652565
0.000416636
0.000202856
0
0
0.00021484
0.000441249
0.000691116
0.000976962
0.00131225
0.00171168
0.00219146
0.00276953
0.00346582
0.00430236
0.00530344
0.00649562
0.0079077
0.00957062
0.0115172
0.0137819
0.0164002
0.0194081
0.0228415
0.0267355
0.0311229
0.0360339
0.0414944
0.0475255
0.0541414
0.061349
0.0691467
0.0775229
0.0864556
0.0959113
0.105845
0.116199
0.126906
0.137883
0.149039
0.160274
0.171477
0.182531
0.193314
0.203701
0.213568
0.222791
0.231251
0.238836
0.245443
0.250981
0.255373
0.258556
0.260484
0.261129
0.260484
0.258556
0.255373
0.250981
0.245443
0.238836
0.231251
0.222791
0.213568
0.203701
0.193314
0.182531
0.171477
0.160274
0.149039
0.137883
0.126906
0.116199
0.105845
0.0959113
0.0864556
0.0775229
0.0691467
0.061349
0.0541414
0.0475255
0.0414944
0.0360339
0.0311229
0.0267355
0.0228415
0.0194081
0.0164002
0.0137819
0.0115172
0.00957062
0.0079077
0.00649562
0.00530344
0.00430236
0.00346582
0.00276953
0.00219146
0.00171168
0.00131225
0.000976962
0.000691116
0.000441249
0.00021484
0
0
0.000226385
0.00046496
0.000728253
0.00102946
0.00138277
0.00180366
0.00230922
0.00291835
0.00365205
0.00453355
0.00558842
0.00684466
0.00833262
0.0100849
0.0121361
0.0145225
0.0172814
0.020451
0.0240689
0.0281721
0.0327953
0.0379701
0.0437241
0.0500792
0.0570506
0.0646456
0.0728623
0.0816886
0.0911012
0.101065
0.111533
0.122443
0.133725
0.145292
0.157048
0.168886
0.180691
0.192339
0.203701
0.214647
0.225044
0.234763
0.243677
0.25167
0.258632
0.264468
0.269095
0.272449
0.274481
0.275161
0.274481
0.272449
0.269095
0.264468
0.258632
0.25167
0.243677
0.234763
0.225044
0.214647
0.203701
0.192339
0.180691
0.168886
0.157048
0.145292
0.133725
0.122443
0.111533
0.101065
0.0911012
0.0816886
0.0728623
0.0646456
0.0570506
0.0500792
0.0437241
0.0379701
0.0327953
0.0281721
0.0240689
0.020451
0.0172814
0.0145225
0.0121361
0.0100849
0.00833262
0.00684466
0.00558842
0.00453355
0.00365205
0.00291835
0.00230922
0.00180366
0.00138277
0.00102946
0.000728253
0.00046496
0.000226385
0
0
0.00023735
0.000487482
0.000763528
0.00107932
0.00144974
0.00189103
0.00242107
0.00305971
0.00382895
0.00475315
0.00585911
0.0071762
0.00873623
0.0105734
0.0127239
0.0152259
0.0181185
0.0214416
0.0252348
0.0295367
0.0343838
0.0398093
0.045842
0.052505
0.0598141
0.0677769
0.0763916
0.0856454
0.095514
0.10596
0.116935
0.128374
0.140202
0.15233
0.164655
0.177067
0.189443
0.201655
0.213568
0.225044
0.235945
0.246134
0.255481
0.26386
0.27116
0.277278
0.28213
0.285646
0.287776
0.288489
0.287776
0.285646
0.28213
0.277278
0.27116
0.26386
0.255481
0.246134
0.235945
0.225044
0.213568
0.201655
0.189443
0.177067
0.164655
0.15233
0.140202
0.128374
0.116935
0.10596
0.095514
0.0856454
0.0763916
0.0677769
0.0598141
0.052505
0.045842
0.0398093
0.0343838
0.0295367
0.0252348
0.0214416
0.0181185
0.0152259
0.0127239
0.0105734
0.00873623
0.0071762
0.00585911
0.00475315
0.00382895
0.00305971
0.00242107
0.00189103
0.00144974
0.00107932
0.000763528
0.000487482
0.00023735
0
0
0.0002476
0.000508533
0.000796501
0.00112593
0.00151235
0.00197269
0.00252562
0.00319185
0.00399431
0.00495841
0.00611214
0.0074861
0.00911351
0.01103
0.0132734
0.0158834
0.0189009
0.0223675
0.0263245
0.0308122
0.0358687
0.0415285
0.0478217
0.0547724
0.0623971
0.0707039
0.0796906
0.089344
0.0996388
0.110536
0.121985
0.133918
0.146257
0.158908
0.171766
0.184714
0.197624
0.210364
0.222791
0.234763
0.246134
0.256763
0.266513
0.275255
0.28287
0.289252
0.294314
0.297981
0.300204
0.300948
0.300204
0.297981
0.294314
0.289252
0.28287
0.275255
0.266513
0.256763
0.246134
0.234763
0.222791
0.210364
0.197624
0.184714
0.171766
0.158908
0.146257
0.133918
0.121985
0.110536
0.0996388
0.089344
0.0796906
0.0707039
0.0623971
0.0547724
0.0478217
0.0415285
0.0358687
0.0308122
0.0263245
0.0223675
0.0189009
0.0158834
0.0132734
0.01103
0.00911351
0.0074861
0.00611214
0.00495841
0.00399431
0.00319185
0.00252562
0.00197269
0.00151235
0.00112593
0.000796501
0.000508533
0.0002476
0
0
0.000257002
0.000527844
0.000826746
0.00116869
0.00156978
0.0020476
0.00262153
0.00331305
0.00414598
0.00514669
0.00634423
0.00777037
0.00945957
0.0114488
0.0137775
0.0164866
0.0196187
0.0232169
0.0273241
0.0319822
0.0372307
0.0431054
0.0496376
0.0568522
0.0647665
0.0733887
0.0827166
0.0927366
0.103422
0.114734
0.126617
0.139003
0.151811
0.164942
0.178288
0.191728
0.205129
0.218352
0.231251
0.243677
0.255481
0.266513
0.276634
0.285707
0.293611
0.300236
0.305489
0.309297
0.311603
0.312376
0.311603
0.309297
0.305489
0.300236
0.293611
0.285707
0.276634
0.266513
0.255481
0.243677
0.231251
0.218352
0.205129
0.191728
0.178288
0.164942
0.151811
0.139003
0.126617
0.114734
0.103422
0.0927366
0.0827166
0.0733887
0.0647665
0.0568522
0.0496376
0.0431054
0.0372307
0.0319822
0.0273241
0.0232169
0.0196187
0.0164866
0.0137775
0.0114488
0.00945957
0.00777037
0.00634423
0.00514669
0.00414598
0.00331305
0.00262153
0.0020476
0.00156978
0.00116869
0.000826746
0.000527844
0.000257002
0
0
0.000265432
0.000545157
0.000853863
0.00120702
0.00162127
0.00211476
0.00270751
0.00342172
0.00428197
0.0053155
0.00655232
0.00802524
0.00976984
0.0118244
0.0142293
0.0170273
0.0202621
0.0239784
0.0282204
0.0330312
0.0384518
0.0445193
0.0512657
0.058717
0.0668908
0.0757958
0.0854297
0.0957784
0.106815
0.118497
0.13077
0.143563
0.15679
0.170352
0.184136
0.198016
0.211857
0.225514
0.238836
0.25167
0.26386
0.275255
0.285707
0.295078
0.303241
0.310084
0.315509
0.319441
0.321824
0.322621
0.321824
0.319441
0.315509
0.310084
0.303241
0.295078
0.285707
0.275255
0.26386
0.25167
0.238836
0.225514
0.211857
0.198016
0.184136
0.170352
0.15679
0.143563
0.13077
0.118497
0.106815
0.0957784
0.0854297
0.0757958
0.0668908
0.058717
0.0512657
0.0445193
0.0384518
0.0330312
0.0282204
0.0239784
0.0202621
0.0170273
0.0142293
0.0118244
0.00976984
0.00802524
0.00655232
0.0053155
0.00428197
0.00342172
0.00270751
0.00211476
0.00162127
0.00120702
0.000853863
0.000545157
0.000265432
0
0
0.000272775
0.000560238
0.000877484
0.00124041
0.00166612
0.00217326
0.00278242
0.00351637
0.00440042
0.00546255
0.00673358
0.00824725
0.0100401
0.0121515
0.014623
0.0174984
0.0208227
0.0246417
0.029001
0.033945
0.0395156
0.0457509
0.052684
0.0603413
0.0687413
0.0778926
0.087793
0.098428
0.109769
0.121775
0.134387
0.147534
0.161127
0.175065
0.18923
0.203494
0.217718
0.231752
0.245443
0.258632
0.27116
0.28287
0.293611
0.303241
0.31163
0.318662
0.324238
0.328278
0.330726
0.331546
0.330726
0.328278
0.324238
0.318662
0.31163
0.303241
0.293611
0.28287
0.27116
0.258632
0.245443
0.231752
0.217718
0.203494
0.18923
0.175065
0.161127
0.147534
0.134387
0.121775
0.109769
0.098428
0.087793
0.0778926
0.0687413
0.0603413
0.052684
0.0457509
0.0395156
0.033945
0.029001
0.0246417
0.0208227
0.0174984
0.014623
0.0121515
0.0100401
0.00824725
0.00673358
0.00546255
0.00440042
0.00351637
0.00278242
0.00217326
0.00166612
0.00124041
0.000877484
0.000560238
0.000272775
0
0
0.00027893
0.000572879
0.000897284
0.0012684
0.00170371
0.0022223
0.0028452
0.00359572
0.00449971
0.00558581
0.00688552
0.00843334
0.0102667
0.0124257
0.0149529
0.0178932
0.0212925
0.0251977
0.0296554
0.034711
0.0404072
0.0467832
0.0538727
0.0617029
0.0702924
0.0796502
0.089774
0.100649
0.112246
0.124523
0.13742
0.150863
0.164763
0.179015
0.1935
0.208086
0.22263
0.236982
0.250981
0.264468
0.277278
0.289252
0.300236
0.310084
0.318662
0.325852
0.331554
0.335686
0.338189
0.339027
0.338189
0.335686
0.331554
0.325852
0.318662
0.310084
0.300236
0.289252
0.277278
0.264468
0.250981
0.236982
0.22263
0.208086
0.1935
0.179015
0.164763
0.150863
0.13742
0.124523
0.112246
0.100649
0.089774
0.0796502
0.0702924
0.0617029
0.0538727
0.0467832
0.0404072
0.034711
0.0296554
0.0251977
0.0212925
0.0178932
0.0149529
0.0124257
0.0102667
0.00843334
0.00688552
0.00558581
0.00449971
0.00359572
0.0028452
0.0022223
0.00170371
0.0012684
0.000897284
0.000572879
0.00027893
0
0
0.00028381
0.000582903
0.000912984
0.0012906
0.00173352
0.00226118
0.00289498
0.00365863
0.00457845
0.00568355
0.007006
0.0085809
0.0104463
0.0126431
0.0152146
0.0182063
0.0216651
0.0256386
0.0301743
0.0353183
0.0411142
0.0476018
0.0548154
0.0627825
0.0715223
0.0810439
0.0913448
0.10241
0.11421
0.126702
0.139824
0.153503
0.167646
0.182147
0.196885
0.211727
0.226526
0.241128
0.255373
0.269095
0.28213
0.294314
0.305489
0.315509
0.324238
0.331554
0.337355
0.341559
0.344106
0.34496
0.344106
0.341559
0.337355
0.331554
0.324238
0.315509
0.305489
0.294314
0.28213
0.269095
0.255373
0.241128
0.226526
0.211727
0.196885
0.182147
0.167646
0.153503
0.139824
0.126702
0.11421
0.10241
0.0913448
0.0810439
0.0715223
0.0627825
0.0548154
0.0476018
0.0411142
0.0353183
0.0301743
0.0256386
0.0216651
0.0182063
0.0152146
0.0126431
0.0104463
0.0085809
0.007006
0.00568355
0.00457845
0.00365863
0.00289498
0.00226118
0.00173352
0.0012906
0.000912984
0.000582903
0.00028381
0
0
0.000287347
0.000590168
0.000924362
0.00130668
0.00175513
0.00228936
0.00293106
0.00370423
0.00463551
0.00575438
0.00709331
0.00868784
0.0105765
0.0128006
0.0154042
0.0184332
0.0219351
0.0259581
0.0305504
0.0357585
0.0416266
0.048195
0.0554985
0.0635649
0.0724137
0.0820539
0.0924832
0.103686
0.115634
0.128281
0.141567
0.155416
0.169735
0.184417
0.199339
0.214365
0.229349
0.244133
0.258556
0.272449
0.285646
0.297981
0.309297
0.319441
0.328278
0.335686
0.341559
0.345816
0.348395
0.349259
0.348395
0.345816
0.341559
0.335686
0.328278
0.319441
0.309297
0.297981
0.285646
0.272449
0.258556
0.244133
0.229349
0.214365
0.199339
0.184417
0.169735
0.155416
0.141567
0.128281
0.115634
0.103686
0.0924832
0.0820539
0.0724137
0.0635649
0.0554985
0.048195
0.0416266
0.0357585
0.0305504
0.0259581
0.0219351
0.0184332
0.0154042
0.0128006
0.0105765
0.00868784
0.00709331
0.00575438
0.00463551
0.00370423
0.00293106
0.00228936
0.00175513
0.00130668
0.000924362
0.000590168
0.000287347
0
0
0.00028949
0.000594569
0.000931255
0.00131642
0.00176822
0.00230644
0.00295292
0.00373185
0.00467008
0.00579729
0.00714621
0.00875263
0.0106554
0.0128961
0.0155191
0.0185706
0.0220987
0.0261517
0.0307782
0.0360251
0.041937
0.0485544
0.0559124
0.064039
0.0729537
0.0826658
0.0931729
0.10446
0.116496
0.129237
0.142623
0.156575
0.171001
0.185792
0.200826
0.215964
0.231059
0.245954
0.260484
0.274481
0.287776
0.300204
0.311603
0.321824
0.330726
0.338189
0.344106
0.348395
0.350993
0.351863
0.350993
0.348395
0.344106
0.338189
0.330726
0.321824
0.311603
0.300204
0.287776
0.274481
0.260484
0.245954
0.231059
0.215964
0.200826
0.185792
0.171001
0.156575
0.142623
0.129237
0.116496
0.10446
0.0931729
0.0826658
0.0729537
0.064039
0.0559124
0.0485544
0.041937
0.0360251
0.0307782
0.0261517
0.0220987
0.0185706
0.0155191
0.0128961
0.0106554
0.00875263
0.00714621
0.00579729
0.00467008
0.00373185
0.00295292
0.00230644
0.00176822
0.00131642
0.000931255
0.000594569
0.00028949
0
0
0.000290208
0.000596043
0.000933564
0.00131969
0.0017726
0.00231215
0.00296024
0.0037411
0.00468165
0.00581166
0.00716393
0.00877433
0.0106818
0.0129281
0.0155575
0.0186167
0.0221534
0.0262166
0.0308545
0.0361145
0.042041
0.0486748
0.056051
0.0641977
0.0731345
0.0828707
0.0934039
0.104719
0.116785
0.129558
0.142976
0.156963
0.171425
0.186253
0.201324
0.216499
0.231632
0.246564
0.261129
0.275161
0.288489
0.300948
0.312376
0.322621
0.331546
0.339027
0.34496
0.349259
0.351863
0.352736
0.351863
0.349259
0.34496
0.339027
0.331546
0.322621
0.312376
0.300948
0.288489
0.275161
0.261129
0.246564
0.231632
0.216499
0.201324
0.186253
0.171425
0.156963
0.142976
0.129558
0.116785
0.104719
0.0934039
0.0828707
0.0731345
0.0641977
0.056051
0.0486748
0.042041
0.0361145
0.0308545
0.0262166
0.0221534
0.0186167
0.0155575
0.0129281
0.0106818
0.00877433
0.00716393
0.00581166
0.00468165
0.0037411
0.00296024
0.00231215
0.0017726
0.00131969
0.000933564
0.000596043
0.000290208
0
0
0.00028949
0.000594569
0.000931255
0.00131642
0.00176822
0.00230644
0.00295292
0.00373185
0.00467008
0.00579729
0.00714621
0.00875263
0.0106554
0.0128961
0.0155191
0.0185706
0.0220987
0.0261517
0.0307782
0.0360251
0.041937
0.0485544
0.0559124
0.064039
0.0729537
0.0826658
0.0931729
0.10446
0.116496
0.129237
0.142623
0.156575
0.171001
0.185792
0.200826
0.215964
0.231059
0.245954
0.260484
0.274481
0.287776
0.300204
0.311603
0.321824
0.330726
0.338189
0.344106
0.348395
0.350993
0.351863
0.350993
0.348395
0.344106
0.338189
0.330726
0.321824
0.311603
0.300204
0.287776
0.274481
0.260484
0.245954
0.231059
0.215964
0.200826
0.185792
0.171001
0.156575
0.142623
0.129237
0.116496
0.10446
0.0931729
0.0826658
0.0729537
0.064039
0.0559124
0.0485544
0.041937
0.0360251
0.0307782
0.0261517
0.0220987
0.0185706
0.0155191
0.0128961
0.0106554
0.00875263
0.00714621
0.00579729
0.00467008
0.00373185
0.00295292
0.00230644
0.00176822
0.00131642
0.000931255
0.000594569
0.00028949
0
0
0.000287347
0.000590168
0.000924362
0.00130668
0.00175513
0.00228936
0.00293106
0.00370423
0.00463551
0.00575438
0.00709331
0.00868784
0.0105765
0.0128006
0.0154042
0.0184332
0.0219351
0.0259581
0.0305504
0.0357585
0.0416266
0.048195
0.0554985
0.0635649
0.0724137
0.0820539
0.0924832
0.103686
0.115634
0.128281
0.141567
0.155416
0.169735
0.184417
0.199339
0.214365
0.229349
0.244133
0.258556
0.272449
0.285646
0.297981
0.309297
0.319441
0.328278
0.335686
0.341559
0.345816
0.348395
0.349259
0.348395
0.345816
0.341559
0.335686
0.328278
0.319441
0.309297
0.297981
0.285646
0.272449
0.258556
0.244133
0.229349
0.214365
0.199339
0.184417
0.169735
0.155416
0.141567
0.128281
0.115634
0.103686
0.0924832
0.0820539
0.0724137
0.0635649
0.0554985
0.048195
0.0416266
0.0357585
0.0305504
0.0259581
0.0219351
0.0184332
0.0154042
0.0128006
0.0105765
0.00868784
0.00709331
0.00575438
0.00463551
0.00370423
0.00293106
0.00228936
0.00175513
0.00130668
0.000924362
0.000590168
0.000287347
0
0
0.00028381
0.000582903
0.000912984
0.0012906
0.00173352
0.00226118
0.00289498
0.00365863
0.00457845
0.00568355
0.007006
0.0085809
0.0104463
0.0126431
0.0152146
0.0182063
0.0216651
0.0256386
0.0301743
0.0353183
0.0411142
0.0476018
0.0548154
0.0627825
0.0715223
0.0810439
0.0913448
0.10241
0.11421
0.126702
0.139824
0.153503
0.167646
0.182147
0.196885
0.211727
0.226526
0.241128
0.255373
0.269095
0.28213
0.294314
0.305489
0.315509
0.324238
0.331554
0.337355
0.341559
0.344106
0.34496
0.344106
0.341559
0.337355
0.331554
0.324238
0.315509
0.305489
0.294314
0.28213
0.269095
0.255373
0.241128
0.226526
0.211727
0.196885
0.182147
0.167646
0.153503
0.139824
0.126702
0.11421
0.10241
0.0913448
0.0810439
0.0715223
0.0627825
0.0548154
0.0476018
0.0411142
0.0353183
0.0301743
0.0256386
0.0216651
0.0182063
0.0152146
0.0126431
0.0104463
0.0085809
0.007006
0.00568355
0.00457845
0.00365863
0.00289498
0.00226118
0.00173352
0.0012906
0.000912984
0.000582903
0.00028381
0
0
0.00027893
0.000572879
0.000897284
0.0012684
0.00170371
0.0022223
0.0028452
0.00359572
0.00449971
0.00558581
0.00688552
0.00843334
0.0102667
0.0124257
0.0149529
0.0178932
0.0212925
0.0251977
0.0296554
0.034711
0.0404072
0.0467832
0.0538727
0.0617029
0.0702924
0.0796502
0.089774
0.100649
0.112246
0.124523
0.13742
0.150863
0.164763
0.179015
0.1935
0.208086
0.22263
0.236982
0.250981
0.264468
0.277278
0.289252
0.300236
0.310084
0.318662
0.325852
0.331554
0.335686
0.338189
0.339027
0.338189
0.335686
0.331554
0.325852
0.318662
0.310084
0.300236
0.289252
0.277278
0.264468
0.250981
0.236982
0.22263
0.208086
0.1935
0.179015
0.164763
0.150863
0.13742
0.124523
0.112246
0.100649
0.089774
0.0796502
0.0702924
0.0617029
0.0538727
0.0467832
0.0404072
0.034711
0.0296554
0.0251977
0.0212925
0.0178932
0.0149529
0.0124257
0.0102667
0.00843334
0.00688552
0.00558581
0.00449971
0.00359572
0.0028452
0.0022223
0.00170371
0.0012684
0.000897284
0.000572879
0.00027893
0
0
0.000272775
0.000560238
0.000877484
0.00124041
0.00166612
0.00217326
0.00278242
0.00351637
0.00440042
0.00546255
0.00673358
0.00824725
0.0100401
0.0121515
0.014623
0.0174984
0.0208227
0.0246417
0.029001
0.033945
0.0395156
0.0457509
0.052684
0.0603413
0.0687413
0.0778926
0.087793
0.098428
0.109769
0.121775
0.134387
0.147534
0.161127
0.175065
0.18923
0.203494
0.217718
0.231752
0.245443
0.258632
0.27116
0.28287
0.293611
0.303241
0.31163
0.318662
0.324238
0.328278
0.330726
0.331546
0.330726
0.328278
0.324238
0.318662
0.31163
0.303241
0.293611
0.28287
0.27116
0.258632
0.245443
0.231752
0.217718
0.203494
0.18923
0.175065
0.161127
0.147534
0.134387
0.121775
0.109769
0.098428
0.087793
0.0778926
0.0687413
0.0603413
0.052684
0.0457509
0.0395156
0.033945
0.029001
0.0246417
0.0208227
0.0174984
0.014623
0.0121515
0.0100401
0.00824725
0.00673358
0.00546255
0.00440042
0.00351637
0.00278242
0.00217326
0.00166612
0.00124041
0.000877484
0.000560238
0.000272775
0
0
0.000265432
0.000545157
0.000853863
0.00120702
0.00162127
0.00211476
0.00270751
0.00342172
0.00428197
0.0053155
0.00655232
0.00802524
0.00976984
0.0118244
0.0142293
0.0170273
0.0202621
0.0239784
0.0282204
0.0330312
0.0384518
0.0445193
0.0512657
0.058717
0.0668908
0.0757958
0.0854297
0.0957784
0.106815
0.118497
0.13077
0.143563
0.15679
0.170352
0.184136
0.198016
0.211857
0.225514
0.238836
0.25167
0.26386
0.275255
0.285707
0.295078
0.303241
0.310084
0.315509
0.319441
0.321824
0.322621
0.321824
0.319441
0.315509
0.310084
0.303241
0.295078
0.285707
0.275255
0.26386
0.25167
0.238836
0.225514
0.211857
0.198016
0.184136
0.170352
0.15679
0.143563
0.13077
0.118497
0.106815
0.0957784
0.0854297
0.0757958
0.0668908
0.058717
0.0512657
0.0445193
0.0384518
0.0330312
0.0282204
0.0239784
0.0202621
0.0170273
0.0142293
0.0118244
0.00976984
0.00802524
0.00655232
0.0053155
0.00428197
0.00342172
0.00270751
0.00211476
0.00162127
0.00120702
0.000853863
0.000545157
0.000265432
0
0
0.000257002
0.000527844
0.000826746
0.00116869
0.00156978
0.0020476
0.00262153
0.00331305
0.00414598
0.00514669
0.00634423
0.00777037
0.00945957
0.0114488
0.0137775
0.0164866
0.0196187
0.0232169
0.0273241
0.0319822
0.0372307
0.0431054
0.0496376
0.0568522
0.0647665
0.0733887
0.0827166
0.0927366
0.103422
0.114734
0.126617
0.139003
0.151811
0.164942
0.178288
0.191728
0.205129
0.218352
0.231251
0.243677
0.255481
0.266513
0.276634
0.285707
0.293611
0.300236
0.305489
0.309297
0.311603
0.312376
0.311603
0.309297
0.305489
0.300236
0.293611
0.285707
0.276634
0.266513
0.255481
0.243677
0.231251
0.218352
0.205129
0.191728
0.178288
0.164942
0.151811
0.139003
0.126617
0.114734
0.103422
0.0927366
0.0827166
0.0733887
0.0647665
0.0568522
0.0496376
0.0431054
0.0372307
0.0319822
0.0273241
0.0232169
0.0196187
0.0164866
0.0137775
0.0114488
0.00945957
0.00777037
0.00634423
0.00514669
0.00414598
0.00331305
0.00262153
0.0020476
0.00156978
0.00116869
0.000826746
0.000527844
0.000257002
0
0
0.0002476
0.000508533
0.000796501
0.00112593
0.00151235
0.00197269
0.00252562
0.00319185
0.00399431
0.00495841
0.00611214
0.0074861
0.00911351
0.01103
0.0132734
0.0158834
0.0189009
0.0223675
0.0263245
0.0308122
0.0358687
0.0415285
0.0478217
0.0547724
0.0623971
0.0707039
0.0796906
0.089344
0.0996388
0.110536
0.121985
0.133918
0.146257
0.158908
0.171766
0.184714
0.197624
0.210364
0.222791
0.234763
0.246134
0.256763
0.266513
0.275255
0.28287
0.289252
0.294314
0.297981
0.300204
0.300948
0.300204
0.297981
0.294314
0.289252
0.28287
0.275255
0.266513
0.256763
0.246134
0.234763
0.222791
0.210364
0.197624
0.184714
0.171766
0.158908
0.146257
0.133918
0.121985
0.110536
0.0996388
0.089344
0.0796906
0.0707039
0.0623971
0.0547724
0.0478217
0.0415285
0.0358687
0.0308122
0.0263245
0.0223675
0.0189009
0.0158834
0.0132734
0.01103
0.00911351
0.0074861
0.00611214
0.00495841
0.00399431
0.00319185
0.00252562
0.00197269
0.00151235
0.00112593
0.000796501
0.000508533
0.0002476
0
0
0.00023735
0.000487482
0.000763528
0.00107932
0.00144974
0.00189103
0.00242107
0.00305971
0.00382895
0.00475315
0.00585911
0.0071762
0.00873623
0.0105734
0.0127239
0.0152259
0.0181185
0.0214416
0.0252348
0.0295367
0.0343838
0.0398093
0.045842
0.052505
0.0598141
0.0677769
0.0763916
0.0856454
0.095514
0.10596
0.116935
0.128374
0.140202
0.15233
0.164655
0.177067
0.189443
0.201655
0.213568
0.225044
0.235945
0.246134
0.255481
0.26386
0.27116
0.277278
0.28213
0.285646
0.287776
0.288489
0.287776
0.285646
0.28213
0.277278
0.27116
0.26386
0.255481
0.246134
0.235945
0.225044
0.213568
0.201655
0.189443
0.177067
0.164655
0.15233
0.140202
0.128374
0.116935
0.10596
0.095514
0.0856454
0.0763916
0.0677769
0.0598141
0.052505
0.045842
0.0398093
0.0343838
0.0295367
0.0252348
0.0214416
0.0181185
0.0152259
0.0127239
0.0105734
0.00873623
0.0071762
0.00585911
0.00475315
0.00382895
0.00305971
0.00242107
0.00189103
0.00144974
0.00107932
0.000763528
0.000487482
0.00023735
0
0
0.000226385
0.00046496
0.000728253
0.00102946
0.00138277
0.00180366
0.00230922
0.00291835
0.00365205
0.00453355
0.00558842
0.00684466
0.00833262
0.0100849
0.0121361
0.0145225
0.0172814
0.020451
0.0240689
0.0281721
0.0327953
0.0379701
0.0437241
0.0500792
0.0570506
0.0646456
0.0728623
0.0816886
0.0911012
0.101065
0.111533
0.122443
0.133725
0.145292
0.157048
0.168886
0.180691
0.192339
0.203701
0.214647
0.225044
0.234763
0.243677
0.25167
0.258632
0.264468
0.269095
0.272449
0.274481
0.275161
0.274481
0.272449
0.269095
0.264468
0.258632
0.25167
0.243677
0.234763
0.225044
0.214647
0.203701
0.192339
0.180691
0.168886
0.157048
0.145292
0.133725
0.122443
0.111533
0.101065
0.0911012
0.0816886
0.0728623
0.0646456
0.0570506
0.0500792
0.0437241
0.0379701
0.0327953
0.0281721
0.0240689
0.020451
0.0172814
0.0145225
0.0121361
0.0100849
0.00833262
0.00684466
0.00558842
0.00453355
0.00365205
0.00291835
0.00230922
0.00180366
0.00138277
0.00102946
0.000728253
0.00046496
0.000226385
0
0
0.00021484
0.000441249
0.000691116
0.000976962
0.00131225
0.00171168
0.00219146
0.00276953
0.00346582
0.00430236
0.00530344
0.00649562
0.0079077
0.00957062
0.0115172
0.0137819
0.0164002
0.0194081
0.0228415
0.0267355
0.0311229
0.0360339
0.0414944
0.0475255
0.0541414
0.061349
0.0691467
0.0775229
0.0864556
0.0959113
0.105845
0.116199
0.126906
0.137883
0.149039
0.160274
0.171477
0.182531
0.193314
0.203701
0.213568
0.222791
0.231251
0.238836
0.245443
0.250981
0.255373
0.258556
0.260484
0.261129
0.260484
0.258556
0.255373
0.250981
0.245443
0.238836
0.231251
0.222791
0.213568
0.203701
0.193314
0.182531
0.171477
0.160274
0.149039
0.137883
0.126906
0.116199
0.105845
0.0959113
0.0864556
0.0775229
0.0691467
0.061349
0.0541414
0.0475255
0.0414944
0.0360339
0.0311229
0.0267355
0.0228415
0.0194081
0.0164002
0.0137819
0.0115172
0.00957062
0.0079077
0.00649562
0.00530344
0.00430236
0.00346582
0.00276953
0.00219146
0.00171168
0.00131225
0.000976962
0.000691116
0.000441249
0.00021484
0
0
0.000202856
0.000416636
0.000652565
0.000922467
0.00123906
0.00161621
0.00206922
0.00261505
0.0032725
0.00406238
0.00500762
0.00613329
0.00746661
0.00903677
0.0108748
0.0130131
0.0154854
0.0183255
0.0215674
0.0252442
0.0293868
0.0340239
0.0391799
0.0448745
0.0511213
0.057927
0.0652897
0.0731987
0.0816331
0.0905613
0.0999409
0.109718
0.119827
0.130192
0.140726
0.151334
0.161912
0.172349
0.182531
0.192339
0.201655
0.210364
0.218352
0.225514
0.231752
0.236982
0.241128
0.244133
0.245954
0.246564
0.245954
0.244133
0.241128
0.236982
0.231752
0.225514
0.218352
0.210364
0.201655
0.192339
0.182531
0.172349
0.161912
0.151334
0.140726
0.130192
0.119827
0.109718
0.0999409
0.0905613
0.0816331
0.0731987
0.0652897
0.057927
0.0511213
0.0448745
0.0391799
0.0340239
0.0293868
0.0252442
0.0215674
0.0183255
0.0154854
0.0130131
0.0108748
0.00903677
0.00746661
0.00613329
0.00500762
0.00406238
0.0032725
0.00261505
0.00206922
0.00161621
0.00123906
0.000922467
0.000652565
0.000416636
0.000202856
0
0
0.000190572
0.000391406
0.000613047
0.000866604
0.00116402
0.00151833
0.00194391
0.00245668
0.00307432
0.00381636
0.00470436
0.00576187
0.00701444
0.00848952
0.0102162
0.0122251
0.0145476
0.0172157
0.0202613
0.0237154
0.0276072
0.0319634
0.0368072
0.0421569
0.0480255
0.054419
0.0613359
0.0687659
0.0766895
0.0850771
0.0938886
0.103073
0.11257
0.122307
0.132204
0.142169
0.152107
0.161912
0.171477
0.180691
0.189443
0.197624
0.205129
0.211857
0.217718
0.22263
0.226526
0.229349
0.231059
0.231632
0.231059
0.229349
0.226526
0.22263
0.217718
0.211857
0.205129
0.197624
0.189443
0.180691
0.171477
0.161912
0.152107
0.142169
0.132204
0.122307
0.11257
0.103073
0.0938886
0.0850771
0.0766895
0.0687659
0.0613359
0.054419
0.0480255
0.0421569
0.0368072
0.0319634
0.0276072
0.0237154
0.0202613
0.0172157
0.0145476
0.0122251
0.0102162
0.00848952
0.00701444
0.00576187
0.00470436
0.00381636
0.00307432
0.00245668
0.00194391
0.00151833
0.00116402
0.000866604
0.000613047
0.000391406
0.000190572
0
0
0.000178122
0.000365835
0.000572996
0.000809988
0.00108797
0.00141914
0.00181691
0.00229619
0.00287347
0.00356704
0.00439702
0.00538544
0.00655618
0.00793489
0.00954879
0.0114264
0.0135972
0.016091
0.0189377
0.0221661
0.0258036
0.0298753
0.0344026
0.0394028
0.044888
0.0508638
0.0573288
0.0642734
0.0716793
0.0795189
0.0877548
0.0963396
0.105216
0.114317
0.123567
0.132881
0.142169
0.151334
0.160274
0.168886
0.177067
0.184714
0.191728
0.198016
0.203494
0.208086
0.211727
0.214365
0.215964
0.216499
0.215964
0.214365
0.211727
0.208086
0.203494
0.198016
0.191728
0.184714
0.177067
0.168886
0.160274
0.151334
0.142169
0.132881
0.123567
0.114317
0.105216
0.0963396
0.0877548
0.0795189
0.0716793
0.0642734
0.0573288
0.0508638
0.044888
0.0394028
0.0344026
0.0298753
0.0258036
0.0221661
0.0189377
0.016091
0.0135972
0.0114264
0.00954879
0.00793489
0.00655618
0.00538544
0.00439702
0.00356704
0.00287347
0.00229619
0.00181691
0.00141914
0.00108797
0.000809988
0.000572996
0.000365835
0.000178122
0
0
0.000165636
0.000340191
0.000532831
0.000753211
0.00101171
0.00131966
0.00168955
0.00213523
0.00267205
0.003317
0.00408881
0.00500794
0.00609662
0.00737868
0.00887946
0.0106255
0.0126441
0.0149631
0.0176102
0.0206123
0.0239949
0.0277811
0.0319911
0.0366408
0.0417415
0.0472984
0.0533102
0.059768
0.0666548
0.0739449
0.0816035
0.0895866
0.0978407
0.106304
0.114905
0.123567
0.132204
0.140726
0.149039
0.157048
0.164655
0.171766
0.178288
0.184136
0.18923
0.1935
0.196885
0.199339
0.200826
0.201324
0.200826
0.199339
0.196885
0.1935
0.18923
0.184136
0.178288
0.171766
0.164655
0.157048
0.149039
0.140726
0.132204
0.123567
0.114905
0.106304
0.0978407
0.0895866
0.0816035
0.0739449
0.0666548
0.059768
0.0533102
0.0472984
0.0417415
0.0366408
0.0319911
0.0277811
0.0239949
0.0206123
0.0176102
0.0149631
0.0126441
0.0106255
0.00887946
0.00737868
0.00609662
0.00500794
0.00408881
0.003317
0.00267205
0.00213523
0.00168955
0.00131966
0.00101171
0.000753211
0.000532831
0.000340191
0.000165636
0
0
0.000153237
0.000314725
0.000492945
0.000696828
0.000935977
0.00122088
0.00156308
0.0019754
0.00247203
0.0030687
0.00378273
0.00463306
0.00564024
0.00682634
0.00821477
0.00983007
0.0116976
0.013843
0.0162919
0.0190693
0.0221987
0.0257015
0.0295963
0.033898
0.0386168
0.0437578
0.0493196
0.055294
0.0616653
0.0684096
0.0754949
0.0828804
0.0905167
0.0983463
0.106304
0.114317
0.122307
0.130192
0.137883
0.145292
0.15233
0.158908
0.164942
0.170352
0.175065
0.179015
0.182147
0.184417
0.185792
0.186253
0.185792
0.184417
0.182147
0.179015
0.175065
0.170352
0.164942
0.158908
0.15233
0.145292
0.137883
0.130192
0.122307
0.114317
0.106304
0.0983463
0.0905167
0.0828804
0.0754949
0.0684096
0.0616653
0.055294
0.0493196
0.0437578
0.0386168
0.033898
0.0295963
0.0257015
0.0221987
0.0190693
0.0162919
0.013843
0.0116976
0.00983007
0.00821477
0.00682634
0.00564024
0.00463306
0.00378273
0.0030687
0.00247203
0.0019754
0.00156308
0.00122088
0.000935977
0.000696828
0.000492945
0.000314725
0.000153237
0
0
0.000141037
0.000289669
0.0004537
0.000641352
0.000861461
0.00112368
0.00143864
0.00181813
0.00227523
0.00282439
0.00348158
0.00426421
0.00519121
0.00628288
0.00756077
0.00904747
0.0107663
0.0127409
0.0149949
0.0175512
0.0204314
0.0236553
0.0272401
0.0311993
0.0355425
0.0402741
0.0453931
0.0508919
0.0567559
0.0629634
0.0694846
0.0762821
0.0833104
0.0905167
0.0978407
0.105216
0.11257
0.119827
0.126906
0.133725
0.140202
0.146257
0.151811
0.15679
0.161127
0.164763
0.167646
0.169735
0.171001
0.171425
0.171001
0.169735
0.167646
0.164763
0.161127
0.15679
0.151811
0.146257
0.140202
0.133725
0.126906
0.119827
0.11257
0.105216
0.0978407
0.0905167
0.0833104
0.0762821
0.0694846
0.0629634
0.0567559
0.0508919
0.0453931
0.0402741
0.0355425
0.0311993
0.0272401
0.0236553
0.0204314
0.0175512
0.0149949
0.0127409
0.0107663
0.00904747
0.00756077
0.00628288
0.00519121
0.00426421
0.00348158
0.00282439
0.00227523
0.00181813
0.00143864
0.00112368
0.000861461
0.000641352
0.0004537
0.000289669
0.000141037
0
0
0.000129139
0.000265232
0.000415425
0.000587245
0.000788786
0.00102888
0.00131727
0.00166475
0.00208328
0.00258612
0.00318786
0.00390447
0.00475326
0.00575283
0.00692292
0.0082842
0.00985802
0.0116661
0.0137299
0.0160705
0.0187077
0.0216597
0.024942
0.0285672
0.032544
0.0368765
0.0415636
0.0465985
0.0519678
0.0576516
0.0636226
0.0698466
0.0762821
0.0828804
0.0895866
0.0963396
0.103073
0.109718
0.116199
0.122443
0.128374
0.133918
0.139003
0.143563
0.147534
0.150863
0.153503
0.155416
0.156575
0.156963
0.156575
0.155416
0.153503
0.150863
0.147534
0.143563
0.139003
0.133918
0.128374
0.122443
0.116199
0.109718
0.103073
0.0963396
0.0895866
0.0828804
0.0762821
0.0698466
0.0636226
0.0576516
0.0519678
0.0465985
0.0415636
0.0368765
0.032544
0.0285672
0.024942
0.0216597
0.0187077
0.0160705
0.0137299
0.0116661
0.00985802
0.0082842
0.00692292
0.00575283
0.00475326
0.00390447
0.00318786
0.00258612
0.00208328
0.00166475
0.00131727
0.00102888
0.000788786
0.000587245
0.000415425
0.000265232
0.000129139
0
0
0.000117631
0.000241597
0.000378406
0.000534916
0.000718497
0.000937198
0.00119989
0.0015164
0.00189764
0.00235567
0.00290379
0.00355654
0.0043297
0.0052402
0.00630602
0.00754599
0.00897957
0.0106265
0.0125064
0.0146385
0.0170407
0.0197296
0.0227194
0.0260216
0.029644
0.0335904
0.0378599
0.0424461
0.047337
0.0525143
0.0579533
0.0636226
0.0694846
0.0754949
0.0816035
0.0877548
0.0938886
0.0999409
0.105845
0.111533
0.116935
0.121985
0.126617
0.13077
0.134387
0.13742
0.139824
0.141567
0.142623
0.142976
0.142623
0.141567
0.139824
0.13742
0.134387
0.13077
0.126617
0.121985
0.116935
0.111533
0.105845
0.0999409
0.0938886
0.0877548
0.0816035
0.0754949
0.0694846
0.0636226
0.0579533
0.0525143
0.047337
0.0424461
0.0378599
0.0335904
0.029644
0.0260216
0.0227194
0.0197296
0.0170407
0.0146385
0.0125064
0.0106265
0.00897957
0.00754599
0.00630602
0.0052402
0.0043297
0.00355654
0.00290379
0.00235567
0.00189764
0.0015164
0.00119989
0.000937198
0.000718497
0.000534916
0.000378406
0.000241597
0.000117631
0
0
0.000106592
0.000218923
0.000342893
0.000484713
0.000651065
0.000849241
0.00108728
0.00137409
0.00171954
0.00213459
0.00263127
0.00322276
0.00392335
0.0047484
0.00571419
0.00683779
0.00813683
0.00962919
0.0113327
0.0132646
0.0154414
0.017878
0.0205872
0.0235794
0.0268619
0.0304379
0.0343067
0.0384625
0.0428944
0.0475857
0.0525143
0.0576516
0.0629634
0.0684096
0.0739449
0.0795189
0.0850771
0.0905613
0.0959113
0.101065
0.10596
0.110536
0.114734
0.118497
0.121775
0.124523
0.126702
0.128281
0.129237
0.129558
0.129237
0.128281
0.126702
0.124523
0.121775
0.118497
0.114734
0.110536
0.10596
0.101065
0.0959113
0.0905613
0.0850771
0.0795189
0.0739449
0.0684096
0.0629634
0.0576516
0.0525143
0.0475857
0.0428944
0.0384625
0.0343067
0.0304379
0.0268619
0.0235794
0.0205872
0.017878
0.0154414
0.0132646
0.0113327
0.00962919
0.00813683
0.00683779
0.00571419
0.0047484
0.00392335
0.00322276
0.00263127
0.00213459
0.00171954
0.00137409
0.00108728
0.000849241
0.000651065
0.000484713
0.000342893
0.000218923
0.000106592
0
0
9.60829e-05
0.00019734
0.000309087
0.000436926
0.000586878
0.000765516
0.000980085
0.00123862
0.00155002
0.00192414
0.00237186
0.00290503
0.00353656
0.00428026
0.00515084
0.00616367
0.00733463
0.00867986
0.0102154
0.0119569
0.0139191
0.0161154
0.0185575
0.0212548
0.0242136
0.0274371
0.0309245
0.0346705
0.0386655
0.0428944
0.047337
0.0519678
0.0567559
0.0616653
0.0666548
0.0716793
0.0766895
0.0816331
0.0864556
0.0911012
0.095514
0.0996388
0.103422
0.106815
0.109769
0.112246
0.11421
0.115634
0.116496
0.116785
0.116496
0.115634
0.11421
0.112246
0.109769
0.106815
0.103422
0.0996388
0.095514
0.0911012
0.0864556
0.0816331
0.0766895
0.0716793
0.0666548
0.0616653
0.0567559
0.0519678
0.047337
0.0428944
0.0386655
0.0346705
0.0309245
0.0274371
0.0242136
0.0212548
0.0185575
0.0161154
0.0139191
0.0119569
0.0102154
0.00867986
0.00733463
0.00616367
0.00515084
0.00428026
0.00353656
0.00290503
0.00237186
0.00192414
0.00155002
0.00123862
0.000980085
0.000765516
0.000586878
0.000436926
0.000309087
0.00019734
9.60829e-05
0
0
8.61556e-05
0.00017695
0.000277152
0.000391783
0.000526241
0.000686422
0.000878822
0.00111064
0.00138987
0.00172534
0.00212679
0.00260488
0.00317116
0.00383802
0.00461865
0.00552683
0.00657681
0.00778305
0.00915994
0.0107215
0.0124809
0.0144503
0.0166402
0.0190587
0.0217118
0.0246023
0.0277293
0.0310884
0.0346705
0.0384625
0.0424461
0.0465985
0.0508919
0.055294
0.059768
0.0642734
0.0687659
0.0731987
0.0775229
0.0816886
0.0856454
0.089344
0.0927366
0.0957784
0.098428
0.100649
0.10241
0.103686
0.10446
0.104719
0.10446
0.103686
0.10241
0.100649
0.098428
0.0957784
0.0927366
0.089344
0.0856454
0.0816886
0.0775229
0.0731987
0.0687659
0.0642734
0.059768
0.055294
0.0508919
0.0465985
0.0424461
0.0384625
0.0346705
0.0310884
0.0277293
0.0246023
0.0217118
0.0190587
0.0166402
0.0144503
0.0124809
0.0107215
0.00915994
0.00778305
0.00657681
0.00552683
0.00461865
0.00383802
0.00317116
0.00260488
0.00212679
0.00172534
0.00138987
0.00111064
0.000878822
0.000686422
0.000526241
0.000391783
0.000277152
0.00017695
8.61556e-05
0
0
7.68466e-05
0.000157831
0.000247207
0.000349451
0.000469382
0.000612255
0.000783867
0.000990639
0.0012397
0.00153892
0.001897
0.00232343
0.00282852
0.00342333
0.00411962
0.00492967
0.0058662
0.00694211
0.00817023
0.00956306
0.0111324
0.012889
0.0148422
0.0169995
0.0193659
0.0219441
0.0247332
0.0277293
0.0309245
0.0343067
0.0378599
0.0415636
0.0453931
0.0493196
0.0533102
0.0573288
0.0613359
0.0652897
0.0691467
0.0728623
0.0763916
0.0796906
0.0827166
0.0854297
0.087793
0.089774
0.0913448
0.0924832
0.0931729
0.0934039
0.0931729
0.0924832
0.0913448
0.089774
0.087793
0.0854297
0.0827166
0.0796906
0.0763916
0.0728623
0.0691467
0.0652897
0.0613359
0.0573288
0.0533102
0.0493196
0.0453931
0.0415636
0.0378599
0.0343067
0.0309245
0.0277293
0.0247332
0.0219441
0.0193659
0.0169995
0.0148422
0.012889
0.0111324
0.00956306
0.00817023
0.00694211
0.0058662
0.00492967
0.00411962
0.00342333
0.00282852
0.00232343
0.001897
0.00153892
0.0012397
0.000990639
0.000783867
0.000612255
0.000469382
0.000349451
0.000247207
0.000157831
7.68466e-05
0
0
6.81806e-05
0.000140033
0.000219329
0.000310044
0.00041645
0.000543211
0.000695471
0.000878925
0.0010999
0.00136538
0.00168307
0.00206142
0.00250955
0.00303728
0.00365505
0.00437375
0.00520467
0.00615925
0.00724887
0.00848463
0.009877
0.0114355
0.0131685
0.0150824
0.017182
0.0194694
0.0219441
0.0246023
0.0274371
0.0304379
0.0335904
0.0368765
0.0402741
0.0437578
0.0472984
0.0508638
0.054419
0.057927
0.061349
0.0646456
0.0677769
0.0707039
0.0733887
0.0757958
0.0778926
0.0796502
0.0810439
0.0820539
0.0826658
0.0828707
0.0826658
0.0820539
0.0810439
0.0796502
0.0778926
0.0757958
0.0733887
0.0707039
0.0677769
0.0646456
0.061349
0.057927
0.054419
0.0508638
0.0472984
0.0437578
0.0402741
0.0368765
0.0335904
0.0304379
0.0274371
0.0246023
0.0219441
0.0194694
0.017182
0.0150824
0.0131685
0.0114355
0.009877
0.00848463
0.00724887
0.00615925
0.00520467
0.00437375
0.00365505
0.00303728
0.00250955
0.00206142
0.00168307
0.00136538
0.0010999
0.000878925
0.000695471
0.000543211
0.00041645
0.000310044
0.000219329
0.000140033
6.81806e-05
0
0
6.01703e-05
0.000123581
0.000193561
0.000273618
0.000367523
0.000479391
0.000613762
0.000775663
0.000970672
0.00120496
0.00148534
0.00181923
0.00221471
0.00268044
0.00322563
0.00385989
0.00459319
0.00543562
0.00639723
0.0074878
0.00871659
0.010092
0.0116213
0.0133105
0.0151634
0.017182
0.0193659
0.0217118
0.0242136
0.0268619
0.029644
0.032544
0.0355425
0.0386168
0.0417415
0.044888
0.0480255
0.0511213
0.0541414
0.0570506
0.0598141
0.0623971
0.0647665
0.0668908
0.0687413
0.0702924
0.0715223
0.0724137
0.0729537
0.0731345
0.0729537
0.0724137
0.0715223
0.0702924
0.0687413
0.0668908
0.0647665
0.0623971
0.0598141
0.0570506
0.0541414
0.0511213
0.0480255
0.044888
0.0417415
0.0386168
0.0355425
0.032544
0.029644
0.0268619
0.0242136
0.0217118
0.0193659
0.017182
0.0151634
0.0133105
0.0116213
0.010092
0.00871659
0.0074878
0.00639723
0.00543562
0.00459319
0.00385989
0.00322563
0.00268044
0.00221471
0.00181923
0.00148534
0.00120496
0.000970672
0.000775663
0.000613762
0.000479391
0.000367523
0.000273618
0.000193561
0.000123581
6.01703e-05
0
0
5.28177e-05
0.00010848
0.000169908
0.000240183
0.000322613
0.000420811
0.000538762
0.00068088
0.000852059
0.00105772
0.00130383
0.00159692
0.00194408
0.0023529
0.00283147
0.00338823
0.00403192
0.0047714
0.00561551
0.00657282
0.00765145
0.00885879
0.0102013
0.011684
0.0133105
0.0150824
0.0169995
0.0190587
0.0212548
0.0235794
0.0260216
0.0285672
0.0311993
0.033898
0.0366408
0.0394028
0.0421569
0.0448745
0.0475255
0.0500792
0.052505
0.0547724
0.0568522
0.058717
0.0603413
0.0617029
0.0627825
0.0635649
0.064039
0.0641977
0.064039
0.0635649
0.0627825
0.0617029
0.0603413
0.058717
0.0568522
0.0547724
0.052505
0.0500792
0.0475255
0.0448745
0.0421569
0.0394028
0.0366408
0.033898
0.0311993
0.0285672
0.0260216
0.0235794
0.0212548
0.0190587
0.0169995
0.0150824
0.0133105
0.011684
0.0102013
0.00885879
0.00765145
0.00657282
0.00561551
0.0047714
0.00403192
0.00338823
0.00283147
0.0023529
0.00194408
0.00159692
0.00130383
0.00105772
0.000852059
0.00068088
0.000538762
0.000420811
0.000322613
0.000240183
0.000169908
0.00010848
5.28177e-05
0
0
4.61151e-05
9.47134e-05
0.000148347
0.000209703
0.000281673
0.00036741
0.000470393
0.000594475
0.000743932
0.000923495
0.00113837
0.00139427
0.00169737
0.00205432
0.00247215
0.00295826
0.00352027
0.00416591
0.0049029
0.00573872
0.00668047
0.0077346
0.00890671
0.0102013
0.0116213
0.0131685
0.0148422
0.0166402
0.0185575
0.0205872
0.0227194
0.024942
0.0272401
0.0295963
0.0319911
0.0344026
0.0368072
0.0391799
0.0414944
0.0437241
0.045842
0.0478217
0.0496376
0.0512657
0.052684
0.0538727
0.0548154
0.0554985
0.0559124
0.056051
0.0559124
0.0554985
0.0548154
0.0538727
0.052684
0.0512657
0.0496376
0.0478217
0.045842
0.0437241
0.0414944
0.0391799
0.0368072
0.0344026
0.0319911
0.0295963
0.0272401
0.024942
0.0227194
0.0205872
0.0185575
0.0166402
0.0148422
0.0131685
0.0116213
0.0102013
0.00890671
0.0077346
0.00668047
0.00573872
0.0049029
0.00416591
0.00352027
0.00295826
0.00247215
0.00205432
0.00169737
0.00139427
0.00113837
0.000923495
0.000743932
0.000594475
0.000470393
0.00036741
0.000281673
0.000209703
0.000148347
9.47134e-05
4.61151e-05
0
0
4.00464e-05
8.22493e-05
0.000128825
0.000182107
0.000244605
0.00031906
0.00040849
0.000516244
0.000646032
0.000801965
0.000988567
0.00121079
0.001474
0.00178397
0.00214682
0.00256896
0.00305701
0.00361768
0.00425768
0.00498352
0.00580134
0.00671675
0.0077346
0.00885879
0.010092
0.0114355
0.012889
0.0144503
0.0161154
0.017878
0.0197296
0.0216597
0.0236553
0.0257015
0.0277811
0.0298753
0.0319634
0.0340239
0.0360339
0.0379701
0.0398093
0.0415285
0.0431054
0.0445193
0.0457509
0.0467832
0.0476018
0.048195
0.0485544
0.0486748
0.0485544
0.048195
0.0476018
0.0467832
0.0457509
0.0445193
0.0431054
0.0415285
0.0398093
0.0379701
0.0360339
0.0340239
0.0319634
0.0298753
0.0277811
0.0257015
0.0236553
0.0216597
0.0197296
0.017878
0.0161154
0.0144503
0.012889
0.0114355
0.010092
0.00885879
0.0077346
0.00671675
0.00580134
0.00498352
0.00425768
0.00361768
0.00305701
0.00256896
0.00214682
0.00178397
0.001474
0.00121079
0.000988567
0.000801965
0.000646032
0.000516244
0.00040849
0.00031906
0.000244605
0.000182107
0.000128825
8.22493e-05
4.00464e-05
0
0
3.45886e-05
7.10397e-05
0.000111267
0.000157288
0.000211268
0.000275576
0.000352818
0.000445886
0.000557986
0.000692667
0.000853837
0.00104577
0.00127311
0.00154084
0.00185424
0.00221884
0.00264037
0.00312464
0.00367741
0.00430432
0.00501068
0.00580134
0.00668047
0.00765145
0.00871659
0.009877
0.0111324
0.0124809
0.0139191
0.0154414
0.0170407
0.0187077
0.0204314
0.0221987
0.0239949
0.0258036
0.0276072
0.0293868
0.0311229
0.0327953
0.0343838
0.0358687
0.0372307
0.0384518
0.0395156
0.0404072
0.0411142
0.0416266
0.041937
0.042041
0.041937
0.0416266
0.0411142
0.0404072
0.0395156
0.0384518
0.0372307
0.0358687
0.0343838
0.0327953
0.0311229
0.0293868
0.0276072
0.0258036
0.0239949
0.0221987
0.0204314
0.0187077
0.0170407
0.0154414
0.0139191
0.0124809
0.0111324
0.009877
0.00871659
0.00765145
0.00668047
0.00580134
0.00501068
0.00430432
0.00367741
0.00312464
0.00264037
0.00221884
0.00185424
0.00154084
0.00127311
0.00104577
0.000853837
0.000692667
0.000557986
0.000445886
0.000352818
0.000275576
0.000211268
0.000157288
0.000111267
7.10397e-05
3.45886e-05
0
0
2.97126e-05
6.10252e-05
9.5582e-05
0.000135115
0.000181486
0.000236728
0.000303081
0.000383029
0.000479326
0.000595021
0.000733471
0.00089835
0.00109364
0.00132363
0.00159284
0.00190605
0.00226816
0.00268415
0.00315901
0.00369754
0.00430432
0.00498352
0.00573872
0.00657282
0.0074878
0.00848463
0.00956306
0.0107215
0.0119569
0.0132646
0.0146385
0.0160705
0.0175512
0.0190693
0.0206123
0.0221661
0.0237154
0.0252442
0.0267355
0.0281721
0.0295367
0.0308122
0.0319822
0.0330312
0.033945
0.034711
0.0353183
0.0357585
0.0360251
0.0361145
0.0360251
0.0357585
0.0353183
0.034711
0.033945
0.0330312
0.0319822
0.0308122
0.0295367
0.0281721
0.0267355
0.0252442
0.0237154
0.0221661
0.0206123
0.0190693
0.0175512
0.0160705
0.0146385
0.0132646
0.0119569
0.0107215
0.00956306
0.00848463
0.0074878
0.00657282
0.00573872
0.00498352
0.00430432
0.00369754
0.00315901
0.00268415
0.00226816
0.00190605
0.00159284
0.00132363
0.00109364
0.00089835
0.000733471
0.000595021
0.000479326
0.000383029
0.000303081
0.000236728
0.000181486
0.000135115
9.5582e-05
6.10252e-05
2.97126e-05
0
0
2.53851e-05
5.21371e-05
8.16608e-05
0.000115436
0.000155053
0.000202249
0.000258938
0.000327242
0.000409514
0.000508358
0.000626643
0.000767508
0.000934357
0.00113084
0.00136085
0.00162844
0.00193781
0.00229322
0.00269891
0.00315901
0.00367741
0.00425768
0.0049029
0.00561551
0.00639723
0.00724887
0.00817023
0.00915994
0.0102154
0.0113327
0.0125064
0.0137299
0.0149949
0.0162919
0.0176102
0.0189377
0.0202613
0.0215674
0.0228415
0.0240689
0.0252348
0.0263245
0.0273241
0.0282204
0.029001
0.0296554
0.0301743
0.0305504
0.0307782
0.0308545
0.0307782
0.0305504
0.0301743
0.0296554
0.029001
0.0282204
0.0273241
0.0263245
0.0252348
0.0240689
0.0228415
0.0215674
0.0202613
0.0189377
0.0176102
0.0162919
0.0149949
0.0137299
0.0125064
0.0113327
0.0102154
0.00915994
0.00817023
0.00724887
0.00639723
0.00561551
0.0049029
0.00425768
0.00367741
0.00315901
0.00269891
0.00229322
0.00193781
0.00162844
0.00136085
0.00113084
0.000934357
0.000767508
0.000626643
0.000508358
0.000409514
0.000327242
0.000258938
0.000202249
0.000155053
0.000115436
8.16608e-05
5.21371e-05
2.53851e-05
0
0
2.15693e-05
4.43e-05
6.93858e-05
9.80839e-05
0.000131746
0.000171848
0.000220016
0.000278052
0.000347957
0.000431943
0.000532449
0.000652139
0.000793908
0.00096086
0.00115629
0.00138366
0.00164652
0.00194851
0.00229322
0.00268415
0.00312464
0.00361768
0.00416591
0.0047714
0.00543562
0.00615925
0.00694211
0.00778305
0.00867986
0.00962919
0.0106265
0.0116661
0.0127409
0.013843
0.0149631
0.016091
0.0172157
0.0183255
0.0194081
0.020451
0.0214416
0.0223675
0.0232169
0.0239784
0.0246417
0.0251977
0.0256386
0.0259581
0.0261517
0.0262166
0.0261517
0.0259581
0.0256386
0.0251977
0.0246417
0.0239784
0.0232169
0.0223675
0.0214416
0.020451
0.0194081
0.0183255
0.0172157
0.016091
0.0149631
0.013843
0.0127409
0.0116661
0.0106265
0.00962919
0.00867986
0.00778305
0.00694211
0.00615925
0.00543562
0.0047714
0.00416591
0.00361768
0.00312464
0.00268415
0.00229322
0.00194851
0.00164652
0.00138366
0.00115629
0.00096086
0.000793908
0.000652139
0.000532449
0.000431943
0.000347957
0.000278052
0.000220016
0.000171848
0.000131746
9.80839e-05
6.93858e-05
4.43e-05
2.15693e-05
0
0
1.82264e-05
3.74343e-05
5.86322e-05
8.28826e-05
0.000111328
0.000145214
0.000185917
0.000234959
0.00029403
0.000365
0.000449928
0.000551069
0.000670866
0.000811943
0.000977087
0.00116921
0.00139134
0.00164652
0.00193781
0.00226816
0.00264037
0.00305701
0.00352027
0.00403192
0.00459319
0.00520467
0.0058662
0.00657681
0.00733463
0.00813683
0.00897957
0.00985802
0.0107663
0.0116976
0.0126441
0.0135972
0.0145476
0.0154854
0.0164002
0.0172814
0.0181185
0.0189009
0.0196187
0.0202621
0.0208227
0.0212925
0.0216651
0.0219351
0.0220987
0.0221534
0.0220987
0.0219351
0.0216651
0.0212925
0.0208227
0.0202621
0.0196187
0.0189009
0.0181185
0.0172814
0.0164002
0.0154854
0.0145476
0.0135972
0.0126441
0.0116976
0.0107663
0.00985802
0.00897957
0.00813683
0.00733463
0.00657681
0.0058662
0.00520467
0.00459319
0.00403192
0.00352027
0.00305701
0.00264037
0.00226816
0.00193781
0.00164652
0.00139134
0.00116921
0.000977087
0.000811943
0.000670866
0.000551069
0.000449928
0.000365
0.00029403
0.000234959
0.000185917
0.000145214
0.000111328
8.28826e-05
5.86322e-05
3.74343e-05
1.82264e-05
0
0
1.53166e-05
3.1458e-05
4.92717e-05
6.96505e-05
9.35543e-05
0.000122031
0.000156236
0.000197448
0.000247088
0.000306728
0.000378098
0.000463091
0.000563763
0.000682317
0.000821096
0.000982551
0.00116921
0.00138366
0.00162844
0.00190605
0.00221884
0.00256896
0.00295826
0.00338823
0.00385989
0.00437375
0.00492967
0.00552683
0.00616367
0.00683779
0.00754599
0.0082842
0.00904747
0.00983007
0.0106255
0.0114264
0.0122251
0.0130131
0.0137819
0.0145225
0.0152259
0.0158834
0.0164866
0.0170273
0.0174984
0.0178932
0.0182063
0.0184332
0.0185706
0.0186167
0.0185706
0.0184332
0.0182063
0.0178932
0.0174984
0.0170273
0.0164866
0.0158834
0.0152259
0.0145225
0.0137819
0.0130131
0.0122251
0.0114264
0.0106255
0.00983007
0.00904747
0.0082842
0.00754599
0.00683779
0.00616367
0.00552683
0.00492967
0.00437375
0.00385989
0.00338823
0.00295826
0.00256896
0.00221884
0.00190605
0.00162844
0.00138366
0.00116921
0.000982551
0.000821096
0.000682317
0.000563763
0.000463091
0.000378098
0.000306728
0.000247088
0.000197448
0.000156236
0.000122031
9.35543e-05
6.96505e-05
4.92717e-05
3.1458e-05
1.53166e-05
0
0
1.27997e-05
2.62887e-05
4.11752e-05
5.82054e-05
7.81812e-05
0.000101979
0.000130563
0.000165003
0.000206486
0.000256326
0.000315968
0.000386995
0.000471124
0.000570197
0.000686172
0.000821096
0.000977087
0.00115629
0.00136085
0.00159284
0.00185424
0.00214682
0.00247215
0.00283147
0.00322563
0.00365505
0.00411962
0.00461865
0.00515084
0.00571419
0.00630602
0.00692292
0.00756077
0.00821477
0.00887946
0.00954879
0.0102162
0.0108748
0.0115172
0.0121361
0.0127239
0.0132734
0.0137775
0.0142293
0.014623
0.0149529
0.0152146
0.0154042
0.0155191
0.0155575
0.0155191
0.0154042
0.0152146
0.0149529
0.014623
0.0142293
0.0137775
0.0132734
0.0127239
0.0121361
0.0115172
0.0108748
0.0102162
0.00954879
0.00887946
0.00821477
0.00756077
0.00692292
0.00630602
0.00571419
0.00515084
0.00461865
0.00411962
0.00365505
0.00322563
0.00283147
0.00247215
0.00214682
0.00185424
0.00159284
0.00136085
0.00115629
0.000977087
0.000821096
0.000686172
0.000570197
0.000471124
0.000386995
0.000315968
0.000256326
0.000206486
0.000165003
0.000130563
0.000101979
7.81812e-05
5.82054e-05
4.11752e-05
2.62887e-05
1.27997e-05
0
0
1.06364e-05
2.18455e-05
3.42159e-05
4.83677e-05
6.49673e-05
8.47425e-05
0.000108495
0.000137115
0.000171587
0.000213003
0.000262564
0.000321587
0.000391496
0.000473825
0.000570197
0.000682317
0.000811943
0.00096086
0.00113084
0.00132363
0.00154084
0.00178397
0.00205432
0.0023529
0.00268044
0.00303728
0.00342333
0.00383802
0.00428026
0.0047484
0.0052402
0.00575283
0.00628288
0.00682634
0.00737868
0.00793489
0.00848952
0.00903677
0.00957062
0.0100849
0.0105734
0.01103
0.0114488
0.0118244
0.0121515
0.0124257
0.0126431
0.0128006
0.0128961
0.0129281
0.0128961
0.0128006
0.0126431
0.0124257
0.0121515
0.0118244
0.0114488
0.01103
0.0105734
0.0100849
0.00957062
0.00903677
0.00848952
0.00793489
0.00737868
0.00682634
0.00628288
0.00575283
0.0052402
0.0047484
0.00428026
0.00383802
0.00342333
0.00303728
0.00268044
0.0023529
0.00205432
0.00178397
0.00154084
0.00132363
0.00113084
0.00096086
0.000811943
0.000682317
0.000570197
0.000473825
0.000391496
0.000321587
0.000262564
0.000213003
0.000171587
0.000137115
0.000108495
8.47425e-05
6.49673e-05
4.83677e-05
3.42159e-05
2.18455e-05
1.06364e-05
0
0
8.78827e-06
1.80498e-05
2.82708e-05
3.99637e-05
5.36791e-05
7.00183e-05
8.9644e-05
0.000113291
0.000141773
0.000175993
0.000216943
0.00026571
0.000323473
0.000391496
0.000471124
0.000563763
0.000670866
0.000793908
0.000934357
0.00109364
0.00127311
0.001474
0.00169737
0.00194408
0.00221471
0.00250955
0.00282852
0.00317116
0.00353656
0.00392335
0.0043297
0.00475326
0.00519121
0.00564024
0.00609662
0.00655618
0.00701444
0.00746661
0.0079077
0.00833262
0.00873623
0.00911351
0.00945957
0.00976984
0.0100401
0.0102667
0.0104463
0.0105765
0.0106554
0.0106818
0.0106554
0.0105765
0.0104463
0.0102667
0.0100401
0.00976984
0.00945957
0.00911351
0.00873623
0.00833262
0.0079077
0.00746661
0.00701444
0.00655618
0.00609662
0.00564024
0.00519121
0.00475326
0.0043297
0.00392335
0.00353656
0.00317116
0.00282852
0.00250955
0.00221471
0.00194408
0.00169737
0.001474
0.00127311
0.00109364
0.000934357
0.000793908
0.000670866
0.000563763
0.000471124
0.000391496
0.000323473
0.00026571
0.000216943
0.000175993
0.000141773
0.000113291
8.9644e-05
7.00183e-05
5.36791e-05
3.99637e-05
2.82708e-05
1.80498e-05
8.78827e-06
0
0
7.21894e-06
1.48266e-05
2.32225e-05
3.28273e-05
4.40936e-05
5.75151e-05
7.36362e-05
9.30603e-05
0.000116457
0.000144566
0.000178203
0.000218262
0.00026571
0.000321587
0.000386995
0.000463091
0.000551069
0.000652139
0.000767508
0.00089835
0.00104577
0.00121079
0.00139427
0.00159692
0.00181923
0.00206142
0.00232343
0.00260488
0.00290503
0.00322276
0.00355654
0.00390447
0.00426421
0.00463306
0.00500794
0.00538544
0.00576187
0.00613329
0.00649562
0.00684466
0.0071762
0.0074861
0.00777037
0.00802524
0.00824725
0.00843334
0.0085809
0.00868784
0.00875263
0.00877433
0.00875263
0.00868784
0.0085809
0.00843334
0.00824725
0.00802524
0.00777037
0.0074861
0.0071762
0.00684466
0.00649562
0.00613329
0.00576187
0.00538544
0.00500794
0.00463306
0.00426421
0.00390447
0.00355654
0.00322276
0.00290503
0.00260488
0.00232343
0.00206142
0.00181923
0.00159692
0.00139427
0.00121079
0.00104577
0.00089835
0.000767508
0.000652139
0.000551069
0.000463091
0.000386995
0.000321587
0.00026571
0.000218262
0.000178203
0.000144566
0.000116457
9.30603e-05
7.36362e-05
5.75151e-05
4.40936e-05
3.28273e-05
2.32225e-05
1.48266e-05
7.21894e-06
0
0
5.89401e-06
1.21054e-05
1.89603e-05
2.68024e-05
3.60009e-05
4.6959e-05
6.01214e-05
7.59804e-05
9.50827e-05
0.000118033
0.000145497
0.000178203
0.000216943
0.000262564
0.000315968
0.000378098
0.000449928
0.000532449
0.000626643
0.000733471
0.000853837
0.000988567
0.00113837
0.00130383
0.00148534
0.00168307
0.001897
0.00212679
0.00237186
0.00263127
0.00290379
0.00318786
0.00348158
0.00378273
0.00408881
0.00439702
0.00470436
0.00500762
0.00530344
0.00558842
0.00585911
0.00611214
0.00634423
0.00655232
0.00673358
0.00688552
0.007006
0.00709331
0.00714621
0.00716393
0.00714621
0.00709331
0.007006
0.00688552
0.00673358
0.00655232
0.00634423
0.00611214
0.00585911
0.00558842
0.00530344
0.00500762
0.00470436
0.00439702
0.00408881
0.00378273
0.00348158
0.00318786
0.00290379
0.00263127
0.00237186
0.00212679
0.001897
0.00168307
0.00148534
0.00130383
0.00113837
0.000988567
0.000853837
0.000733471
0.000626643
0.000532449
0.000449928
0.000378098
0.000315968
0.000262564
0.000216943
0.000178203
0.000145497
0.000118033
9.50827e-05
7.59804e-05
6.01214e-05
4.6959e-05
3.60009e-05
2.68024e-05
1.89603e-05
1.21054e-05
5.89401e-06
0
0
4.78146e-06
9.82039e-06
1.53814e-05
2.17431e-05
2.92053e-05
3.8095e-05
4.87728e-05
6.16384e-05
7.71348e-05
9.57528e-05
0.000118033
0.000144566
0.000175993
0.000213003
0.000256326
0.000306728
0.000365
0.000431943
0.000508358
0.000595021
0.000692667
0.000801965
0.000923495
0.00105772
0.00120496
0.00136538
0.00153892
0.00172534
0.00192414
0.00213459
0.00235567
0.00258612
0.00282439
0.0030687
0.003317
0.00356704
0.00381636
0.00406238
0.00430236
0.00453355
0.00475315
0.00495841
0.00514669
0.0053155
0.00546255
0.00558581
0.00568355
0.00575438
0.00579729
0.00581166
0.00579729
0.00575438
0.00568355
0.00558581
0.00546255
0.0053155
0.00514669
0.00495841
0.00475315
0.00453355
0.00430236
0.00406238
0.00381636
0.00356704
0.003317
0.0030687
0.00282439
0.00258612
0.00235567
0.00213459
0.00192414
0.00172534
0.00153892
0.00136538
0.00120496
0.00105772
0.000923495
0.000801965
0.000692667
0.000595021
0.000508358
0.000431943
0.000365
0.000306728
0.000256326
0.000213003
0.000175993
0.000144566
0.000118033
9.57528e-05
7.71348e-05
6.16384e-05
4.87728e-05
3.8095e-05
2.92053e-05
2.17431e-05
1.53814e-05
9.82039e-06
4.78146e-06
0
0
3.85176e-06
7.91093e-06
1.23907e-05
1.75155e-05
2.35267e-05
3.06879e-05
3.92895e-05
4.96535e-05
6.21369e-05
7.71348e-05
9.50827e-05
0.000116457
0.000141773
0.000171587
0.000206486
0.000247088
0.00029403
0.000347957
0.000409514
0.000479326
0.000557986
0.000646032
0.000743932
0.000852059
0.000970672
0.0010999
0.0012397
0.00138987
0.00155002
0.00171954
0.00189764
0.00208328
0.00227523
0.00247203
0.00267205
0.00287347
0.00307432
0.0032725
0.00346582
0.00365205
0.00382895
0.00399431
0.00414598
0.00428197
0.00440042
0.00449971
0.00457845
0.00463551
0.00467008
0.00468165
0.00467008
0.00463551
0.00457845
0.00449971
0.00440042
0.00428197
0.00414598
0.00399431
0.00382895
0.00365205
0.00346582
0.0032725
0.00307432
0.00287347
0.00267205
0.00247203
0.00227523
0.00208328
0.00189764
0.00171954
0.00155002
0.00138987
0.0012397
0.0010999
0.000970672
0.000852059
0.000743932
0.000646032
0.000557986
0.000479326
0.000409514
0.000347957
0.00029403
0.000247088
0.000206486
0.000171587
0.000141773
0.000116457
9.50827e-05
7.71348e-05
6.21369e-05
4.96535e-05
3.92895e-05
3.06879e-05
2.35267e-05
1.75155e-05
1.23907e-05
7.91093e-06
3.85176e-06
0
0
3.07794e-06
6.32162e-06
9.90136e-06
1.39966e-05
1.88002e-05
2.45227e-05
3.13962e-05
3.96781e-05
4.96535e-05
6.16384e-05
7.59804e-05
9.30603e-05
0.000113291
0.000137115
0.000165003
0.000197448
0.000234959
0.000278052
0.000327242
0.000383029
0.000445886
0.000516244
0.000594475
0.00068088
0.000775663
0.000878925
0.000990639
0.00111064
0.00123862
0.00137409
0.0015164
0.00166475
0.00181813
0.0019754
0.00213523
0.00229619
0.00245668
0.00261505
0.00276953
0.00291835
0.00305971
0.00319185
0.00331305
0.00342172
0.00351637
0.00359572
0.00365863
0.00370423
0.00373185
0.0037411
0.00373185
0.00370423
0.00365863
0.00359572
0.00351637
0.00342172
0.00331305
0.00319185
0.00305971
0.00291835
0.00276953
0.00261505
0.00245668
0.00229619
0.00213523
0.0019754
0.00181813
0.00166475
0.0015164
0.00137409
0.00123862
0.00111064
0.000990639
0.000878925
0.000775663
0.00068088
0.000594475
0.000516244
0.000445886
0.000383029
0.000327242
0.000278052
0.000234959
0.000197448
0.000165003
0.000137115
0.000113291
9.30603e-05
7.59804e-05
6.16384e-05
4.96535e-05
3.96781e-05
3.13962e-05
2.45227e-05
1.88002e-05
1.39966e-05
9.90136e-06
6.32162e-06
3.07794e-06
0
0
2.43549e-06
5.00213e-06
7.83469e-06
1.10751e-05
1.48761e-05
1.94041e-05
2.4843e-05
3.13962e-05
3.92895e-05
4.87728e-05
6.01214e-05
7.36362e-05
8.9644e-05
0.000108495
0.000130563
0.000156236
0.000185917
0.000220016
0.000258938
0.000303081
0.000352818
0.00040849
0.000470393
0.000538762
0.000613762
0.000695471
0.000783867
0.000878822
0.000980085
0.00108728
0.00119989
0.00131727
0.00143864
0.00156308
0.00168955
0.00181691
0.00194391
0.00206922
0.00219146
0.00230922
0.00242107
0.00252562
0.00262153
0.00270751
0.00278242
0.0028452
0.00289498
0.00293106
0.00295292
0.00296024
0.00295292
0.00293106
0.00289498
0.0028452
0.00278242
0.00270751
0.00262153
0.00252562
0.00242107
0.00230922
0.00219146
0.00206922
0.00194391
0.00181691
0.00168955
0.00156308
0.00143864
0.00131727
0.00119989
0.00108728
0.000980085
0.000878822
0.000783867
0.000695471
0.000613762
0.000538762
0.000470393
0.00040849
0.000352818
0.000303081
0.000258938
0.000220016
0.000185917
0.000156236
0.000130563
0.000108495
8.9644e-05
7.36362e-05
6.01214e-05
4.87728e-05
3.92895e-05
3.13962e-05
2.4843e-05
1.94041e-05
1.48761e-05
1.10751e-05
7.83469e-06
5.00213e-06
2.43549e-06
0
0
1.90229e-06
3.90702e-06
6.11944e-06
8.65045e-06
1.16193e-05
1.5156e-05
1.94041e-05
2.45227e-05
3.06879e-05
3.8095e-05
4.6959e-05
5.75151e-05
7.00183e-05
8.47425e-05
0.000101979
0.000122031
0.000145214
0.000171848
0.000202249
0.000236728
0.000275576
0.00031906
0.00036741
0.000420811
0.000479391
0.000543211
0.000612255
0.000686422
0.000765516
0.000849241
0.000937198
0.00102888
0.00112368
0.00122088
0.00131966
0.00141914
0.00151833
0.00161621
0.00171168
0.00180366
0.00189103
0.00197269
0.0020476
0.00211476
0.00217326
0.0022223
0.00226118
0.00228936
0.00230644
0.00231215
0.00230644
0.00228936
0.00226118
0.0022223
0.00217326
0.00211476
0.0020476
0.00197269
0.00189103
0.00180366
0.00171168
0.00161621
0.00151833
0.00141914
0.00131966
0.00122088
0.00112368
0.00102888
0.000937198
0.000849241
0.000765516
0.000686422
0.000612255
0.000543211
0.000479391
0.000420811
0.00036741
0.00031906
0.000275576
0.000236728
0.000202249
0.000171848
0.000145214
0.000122031
0.000101979
8.47425e-05
7.00183e-05
5.75151e-05
4.6959e-05
3.8095e-05
3.06879e-05
2.45227e-05
1.94041e-05
1.5156e-05
1.16193e-05
8.65045e-06
6.11944e-06
3.90702e-06
1.90229e-06
0
0
1.45838e-06
2.99529e-06
4.69144e-06
6.63182e-06
8.90784e-06
1.16193e-05
1.48761e-05
1.88002e-05
2.35267e-05
2.92053e-05
3.60009e-05
4.40936e-05
5.36791e-05
6.49673e-05
7.81812e-05
9.35543e-05
0.000111328
0.000131746
0.000155053
0.000181486
0.000211268
0.000244605
0.000281673
0.000322613
0.000367523
0.00041645
0.000469382
0.000526241
0.000586878
0.000651065
0.000718497
0.000788786
0.000861461
0.000935977
0.00101171
0.00108797
0.00116402
0.00123906
0.00131225
0.00138277
0.00144974
0.00151235
0.00156978
0.00162127
0.00166612
0.00170371
0.00173352
0.00175513
0.00176822
0.0017726
0.00176822
0.00175513
0.00173352
0.00170371
0.00166612
0.00162127
0.00156978
0.00151235
0.00144974
0.00138277
0.00131225
0.00123906
0.00116402
0.00108797
0.00101171
0.000935977
0.000861461
0.000788786
0.000718497
0.000651065
0.000586878
0.000526241
0.000469382
0.00041645
0.000367523
0.000322613
0.000281673
0.000244605
0.000211268
0.000181486
0.000155053
0.000131746
0.000111328
9.35543e-05
7.81812e-05
6.49673e-05
5.36791e-05
4.40936e-05
3.60009e-05
2.92053e-05
2.35267e-05
1.88002e-05
1.48761e-05
1.16193e-05
8.90784e-06
6.63182e-06
4.69144e-06
2.99529e-06
1.45838e-06
0
0
1.08575e-06
2.22997e-06
3.49274e-06
4.93734e-06
6.63182e-06
8.65045e-06
1.10751e-05
1.39966e-05
1.75155e-05
2.17431e-05
2.68024e-05
3.28273e-05
3.99637e-05
4.83677e-05
5.82054e-05
6.96505e-05
8.28826e-05
9.80839e-05
0.000115436
0.000135115
0.000157288
0.000182107
0.000209703
0.000240183
0.000273618
0.000310044
0.000349451
0.000391783
0.000436926
0.000484713
0.000534916
0.000587245
0.000641352
0.000696828
0.000753211
0.000809988
0.000866604
0.000922467
0.000976962
0.00102946
0.00107932
0.00112593
0.00116869
0.00120702
0.00124041
0.0012684
0.0012906
0.00130668
0.00131642
0.00131969
0.00131642
0.00130668
0.0012906
0.0012684
0.00124041
0.00120702
0.00116869
0.00112593
0.00107932
0.00102946
0.000976962
0.000922467
0.000866604
0.000809988
0.000753211
0.000696828
0.000641352
0.000587245
0.000534916
0.000484713
0.000436926
0.000391783
0.000349451
0.000310044
0.000273618
0.000240183
0.000209703
0.000182107
0.000157288
0.000135115
0.000115436
9.80839e-05
8.28826e-05
6.96505e-05
5.82054e-05
4.83677e-05
3.99637e-05
3.28273e-05
2.68024e-05
2.17431e-05
1.75155e-05
1.39966e-05
1.10751e-05
8.65045e-06
6.63182e-06
4.93734e-06
3.49274e-06
2.22997e-06
1.08575e-06
0
0
7.68076e-07
1.57751e-06
2.47081e-06
3.49274e-06
4.69144e-06
6.11944e-06
7.83469e-06
9.90136e-06
1.23907e-05
1.53814e-05
1.89603e-05
2.32225e-05
2.82708e-05
3.42159e-05
4.11752e-05
4.92717e-05
5.86322e-05
6.93858e-05
8.16608e-05
9.5582e-05
0.000111267
0.000128825
0.000148347
0.000169908
0.000193561
0.000219329
0.000247207
0.000277152
0.000309087
0.000342893
0.000378406
0.000415425
0.0004537
0.000492945
0.000532831
0.000572996
0.000613047
0.000652565
0.000691116
0.000728253
0.000763528
0.000796501
0.000826746
0.000853863
0.000877484
0.000897284
0.000912984
0.000924362
0.000931255
0.000933564
0.000931255
0.000924362
0.000912984
0.000897284
0.000877484
0.000853863
0.000826746
0.000796501
0.000763528
0.000728253
0.000691116
0.000652565
0.000613047
0.000572996
0.000532831
0.000492945
0.0004537
0.000415425
0.000378406
0.000342893
0.000309087
0.000277152
0.000247207
0.000219329
0.000193561
0.000169908
0.000148347
0.000128825
0.000111267
9.5582e-05
8.16608e-05
6.93858e-05
5.86322e-05
4.92717e-05
4.11752e-05
3.42159e-05
2.82708e-05
2.32225e-05
1.89603e-05
1.53814e-05
1.23907e-05
9.90136e-06
7.83469e-06
6.11944e-06
4.69144e-06
3.49274e-06
2.47081e-06
1.57751e-06
7.68076e-07
0
0
4.90385e-07
1.00718e-06
1.57751e-06
2.22997e-06
2.99529e-06
3.90702e-06
5.00213e-06
6.32162e-06
7.91093e-06
9.82039e-06
1.21054e-05
1.48266e-05
1.80498e-05
2.18455e-05
2.62887e-05
3.1458e-05
3.74343e-05
4.43e-05
5.21371e-05
6.10252e-05
7.10397e-05
8.22493e-05
9.47134e-05
0.00010848
0.000123581
0.000140033
0.000157831
0.00017695
0.00019734
0.000218923
0.000241597
0.000265232
0.000289669
0.000314725
0.000340191
0.000365835
0.000391406
0.000416636
0.000441249
0.00046496
0.000487482
0.000508533
0.000527844
0.000545157
0.000560238
0.000572879
0.000582903
0.000590168
0.000594569
0.000596043
0.000594569
0.000590168
0.000582903
0.000572879
0.000560238
0.000545157
0.000527844
0.000508533
0.000487482
0.00046496
0.000441249
0.000416636
0.000391406
0.000365835
0.000340191
0.000314725
0.000289669
0.000265232
0.000241597
0.000218923
0.00019734
0.00017695
0.000157831
0.000140033
0.000123581
0.00010848
9.47134e-05
8.22493e-05
7.10397e-05
6.10252e-05
5.21371e-05
4.43e-05
3.74343e-05
3.1458e-05
2.62887e-05
2.18455e-05
1.80498e-05
1.48266e-05
1.21054e-05
9.82039e-06
7.91093e-06
6.32162e-06
5.00213e-06
3.90702e-06
2.99529e-06
2.22997e-06
1.57751e-06
1.00718e-06
4.90385e-07
0
0
2.38764e-07
4.90385e-07
7.68076e-07
1.08575e-06
1.45838e-06
1.90229e-06
2.43549e-06
3.07794e-06
3.85176e-06
4.78146e-06
5.89401e-06
7.21894e-06
8.78827e-06
1.06364e-05
1.27997e-05
1.53166e-05
1.82264e-05
2.15693e-05
2.53851e-05
2.97126e-05
3.45886e-05
4.00464e-05
4.61151e-05
5.28177e-05
6.01703e-05
6.81806e-05
7.68466e-05
8.61556e-05
9.60829e-05
0.000106592
0.000117631
0.000129139
0.000141037
0.000153237
0.000165636
0.000178122
0.000190572
0.000202856
0.00021484
0.000226385
0.00023735
0.0002476
0.000257002
0.000265432
0.000272775
0.00027893
0.00028381
0.000287347
0.00028949
0.000290208
0.00028949
0.000287347
0.00028381
0.00027893
0.000272775
0.000265432
0.000257002
0.0002476
0.00023735
0.000226385
0.00021484
0.000202856
0.000190572
0.000178122
0.000165636
0.000153237
0.000141037
0.000129139
0.000117631
0.000106592
9.60829e-05
8.61556e-05
7.68466e-05
6.81806e-05
6.01703e-05
5.28177e-05
4.61151e-05
4.00464e-05
3.45886e-05
2.97126e-05
2.53851e-05
2.15693e-05
1.82264e-05
1.53166e-05
1.27997e-05
1.06364e-05
8.78827e-06
7.21894e-06
5.89401e-06
4.78146e-06
3.85176e-06
3.07794e-06
2.43549e-06
1.90229e-06
1.45838e-06
1.08575e-06
7.68076e-07
4.90385e-07
2.38764e-07
0
0
0
0
0
0
0
0
0
0
0
0
0
0
0
0
0
0
0
0
0
0
0
0
0
0
0
0
0
0
0
0
0
0
0
0
0
0
0
0
0
0
0
0
0
0
0
0
0
0
0
0
0
0
0
0
0
0
0
0
0
0
0
0
0
0
0
0
0
0
0
0
0
0
0
0
0
0
0
0
0
0
0
0
0
0
0
0
0
0
0
0
0
0
0
0
0
0
0
0
0
0
