# vtk DataFile Version 3.0
Heat2D data at time 0.01
ASCII
DATASET STRUCTURED_POINTS
DIMENSIONS 101 101 1
ORIGIN 0 0 0
SPACING 0.01 0.01 1
POINT_DATA 10201
SCALARS temperature double
LOOKUP_TABLE default
0
0
0
0
0
0
0
0
0
0
0
0
0
0
0
0
0
0
0
0
0
0
0
0
0
0
0
0
0
0
0
0
0
0
0
0
0
0
0
0
0
0
0
0
0
0
0
0
0
0
0
0
0
0
0
0
0
0
0
0
0
0
0
0
0
0
0
0
0
0
0
0
0
0
0
0
0
0
0
0
0
0
0
0
0
0
0
0
0
0
0
0
0
0
0
0
0
0
0
0
0
0
7.55658e-27
2.46172e-26
7.22971e-26
2.08651e-25
5.97014e-25
1.69469e-24
4.77081e-24
1.33132e-23
3.68069e-23
1.00758e-22
2.72933e-22
7.3107e-22
1.93491e-21
5.05591e-21
1.30311e-20
3.30962e-20
8.27398e-20
2.03364e-19
4.90784e-19
1.1613e-18
2.69011e-18
6.09024e-18
1.34512e-17
2.89283e-17
6.04579e-17
1.22537e-16
2.40372e-16
4.55467e-16
8.32167e-16
1.46379e-15
2.47591e-15
4.0235e-15
6.27885e-15
9.40868e-15
1.35417e-14
1.8733e-14
2.49327e-14
3.19719e-14
3.9568e-14
4.73599e-14
5.49555e-14
6.19932e-14
6.81895e-14
7.33735e-14
7.7491e-14
8.05893e-14
8.27826e-14
8.42123e-14
8.50094e-14
8.52643e-14
8.50094e-14
8.42123e-14
8.27826e-14
8.05893e-14
7.7491e-14
7.33735e-14
6.81895e-14
6.19932e-14
5.49555e-14
4.73599e-14
3.9568e-14
3.19719e-14
2.49327e-14
1.8733e-14
1.35417e-14
9.40868e-15
6.27885e-15
4.0235e-15
2.47591e-15
1.46379e-15
8.32167e-16
4.55467e-16
2.40372e-16
1.22537e-16
6.04579e-17
2.89283e-17
1.34512e-17
6.09024e-18
2.69011e-18
1.1613e-18
4.90784e-19
2.03364e-19
8.27398e-20
3.30962e-20
1.30311e-20
5.05591e-21
1.93491e-21
7.3107e-22
2.72933e-22
1.00758e-22
3.68069e-23
1.33132e-23
4.77081e-24
1.69469e-24
5.97014e-25
2.08651e-25
7.22971e-26
2.46172e-26
7.55658e-27
0
0
2.46172e-26
8.0196e-26
2.35524e-25
6.79726e-25
1.9449e-24
5.52082e-24
1.5542e-23
4.33707e-23
1.19906e-22
3.28241e-22
8.89138e-22
2.38162e-21
6.30338e-21
1.64707e-20
4.24517e-20
1.07818e-19
2.69543e-19
6.62502e-19
1.59883e-18
3.7832e-18
8.76361e-18
1.98403e-17
4.38202e-17
9.42401e-17
1.96955e-16
3.99191e-16
7.83065e-16
1.48378e-15
2.71096e-15
4.76862e-15
8.06581e-15
1.31074e-14
2.04547e-14
3.06508e-14
4.4115e-14
6.10269e-14
8.12238e-14
1.04155e-13
1.28901e-13
1.54285e-13
1.79029e-13
2.01956e-13
2.22142e-13
2.3903e-13
2.52444e-13
2.62537e-13
2.69682e-13
2.7434e-13
2.76937e-13
2.77767e-13
2.76937e-13
2.7434e-13
2.69682e-13
2.62537e-13
2.52444e-13
2.3903e-13
2.22142e-13
2.01956e-13
1.79029e-13
1.54285e-13
1.28901e-13
1.04155e-13
8.12238e-14
6.10269e-14
4.4115e-14
3.06508e-14
2.04547e-14
1.31074e-14
8.06581e-15
4.76862e-15
2.71096e-15
1.48378e-15
7.83065e-16
3.99191e-16
1.96955e-16
9.42401e-17
4.38202e-17
1.98403e-17
8.76361e-18
3.7832e-18
1.59883e-18
6.62502e-19
2.69543e-19
1.07818e-19
4.24517e-20
1.64707e-20
6.30338e-21
2.38162e-21
8.89138e-22
3.28241e-22
1.19906e-22
4.33707e-23
1.5542e-23
5.52082e-24
1.9449e-24
6.79726e-25
2.35524e-25
8.0196e-26
2.46172e-26
0
0
7.22971e-26
2.35524e-25
6.91698e-25
1.99625e-24
5.7119e-24
1.62138e-23
4.56444e-23
1.27373e-22
3.52147e-22
9.63994e-22
2.61127e-21
6.99447e-21
1.85121e-20
4.83721e-20
1.24674e-19
3.16646e-19
7.91607e-19
1.94567e-18
4.69554e-18
1.11107e-17
2.57374e-17
5.8268e-17
1.28694e-16
2.76769e-16
5.78427e-16
1.17237e-15
2.29974e-15
4.35765e-15
7.9617e-15
1.40047e-14
2.36881e-14
3.84945e-14
6.00725e-14
9.00169e-14
1.29559e-13
1.79227e-13
2.38542e-13
3.05889e-13
3.78565e-13
4.53113e-13
5.25783e-13
5.93115e-13
6.52399e-13
7.01996e-13
7.4139e-13
7.71033e-13
7.92017e-13
8.05696e-13
8.13322e-13
8.15761e-13
8.13322e-13
8.05696e-13
7.92017e-13
7.71033e-13
7.4139e-13
7.01996e-13
6.52399e-13
5.93115e-13
5.25783e-13
4.53113e-13
3.78565e-13
3.05889e-13
2.38542e-13
1.79227e-13
1.29559e-13
9.00169e-14
6.00725e-14
3.84945e-14
2.36881e-14
1.40047e-14
7.9617e-15
4.35765e-15
2.29974e-15
1.17237e-15
5.78427e-16
2.76769e-16
1.28694e-16
5.8268e-17
2.57374e-17
1.11107e-17
4.69554e-18
1.94567e-18
7.91607e-19
3.16646e-19
1.24674e-19
4.83721e-20
1.85121e-20
6.99447e-21
2.61127e-21
9.63994e-22
3.52147e-22
1.27373e-22
4.56444e-23
1.62138e-23
5.7119e-24
1.99625e-24
6.91698e-25
2.35524e-25
7.22971e-26
0
0
2.08651e-25
6.79726e-25
1.99625e-24
5.76123e-24
1.64847e-23
4.67935e-23
1.31731e-22
3.67602e-22
1.0163e-21
2.78211e-21
7.53617e-21
2.01862e-20
5.34263e-20
1.39603e-19
3.59813e-19
9.13846e-19
2.2846e-18
5.61524e-18
1.35514e-17
3.20657e-17
7.42787e-17
1.68163e-16
3.71412e-16
7.98762e-16
1.66935e-15
3.38347e-15
6.63711e-15
1.25763e-14
2.29776e-14
4.04179e-14
6.83643e-14
1.11096e-13
1.73371e-13
2.59791e-13
3.73911e-13
5.17252e-13
6.88438e-13
8.82802e-13
1.09254e-12
1.30769e-12
1.51742e-12
1.71174e-12
1.88284e-12
2.02597e-12
2.13967e-12
2.22522e-12
2.28578e-12
2.32526e-12
2.34726e-12
2.3543e-12
2.34726e-12
2.32526e-12
2.28578e-12
2.22522e-12
2.13967e-12
2.02597e-12
1.88284e-12
1.71174e-12
1.51742e-12
1.30769e-12
1.09254e-12
8.82802e-13
6.88438e-13
5.17252e-13
3.73911e-13
2.59791e-13
1.73371e-13
1.11096e-13
6.83643e-14
4.04179e-14
2.29776e-14
1.25763e-14
6.63711e-15
3.38347e-15
1.66935e-15
7.98762e-16
3.71412e-16
1.68163e-16
7.42787e-17
3.20657e-17
1.35514e-17
5.61524e-18
2.2846e-18
9.13846e-19
3.59813e-19
1.39603e-19
5.34263e-20
2.01862e-20
7.53617e-21
2.78211e-21
1.0163e-21
3.67602e-22
1.31731e-22
4.67935e-23
1.64847e-23
5.76123e-24
1.99625e-24
6.79726e-25
2.08651e-25
0
0
5.97014e-25
1.9449e-24
5.7119e-24
1.64847e-23
4.71676e-23
1.3389e-22
3.76922e-22
1.05182e-21
2.90796e-21
7.96046e-21
2.15633e-20
5.77588e-20
1.52869e-19
3.99446e-19
1.02954e-18
2.61479e-18
6.53693e-18
1.60669e-17
3.87748e-17
9.17498e-17
2.12534e-16
4.81165e-16
1.06272e-15
2.2855e-15
4.77653e-15
9.68115e-15
1.89908e-14
3.59845e-14
6.5746e-14
1.15648e-13
1.95611e-13
3.1788e-13
4.96066e-13
7.43341e-13
1.06987e-12
1.48002e-12
1.96983e-12
2.52597e-12
3.12611e-12
3.74171e-12
4.3418e-12
4.89782e-12
5.38737e-12
5.79693e-12
6.12224e-12
6.36703e-12
6.54031e-12
6.65327e-12
6.71624e-12
6.73638e-12
6.71624e-12
6.65327e-12
6.54031e-12
6.36703e-12
6.12224e-12
5.79693e-12
5.38737e-12
4.89782e-12
4.3418e-12
3.74171e-12
3.12611e-12
2.52597e-12
1.96983e-12
1.48002e-12
1.06987e-12
7.43341e-13
4.96066e-13
3.1788e-13
1.95611e-13
1.15648e-13
6.5746e-14
3.59845e-14
1.89908e-14
9.68115e-15
4.77653e-15
2.2855e-15
1.06272e-15
4.81165e-16
2.12534e-16
9.17498e-17
3.87748e-17
1.60669e-17
6.53693e-18
2.61479e-18
1.02954e-18
3.99446e-19
1.52869e-19
5.77588e-20
2.15633e-20
7.96046e-21
2.90796e-21
1.05182e-21
3.76922e-22
1.3389e-22
4.71676e-23
1.64847e-23
5.7119e-24
1.9449e-24
5.97014e-25
0
0
1.69469e-24
5.52082e-24
1.62138e-23
4.67935e-23
1.3389e-22
3.80063e-22
1.06993e-21
2.98571e-21
8.25456e-21
2.25966e-20
6.12097e-20
1.63955e-19
4.33935e-19
1.13387e-18
2.92245e-18
7.42237e-18
1.85558e-17
4.56077e-17
1.10066e-16
2.60442e-16
6.03301e-16
1.36584e-15
3.01666e-15
6.48765e-15
1.35587e-14
2.7481e-14
5.39075e-14
1.02146e-13
1.86627e-13
3.2828e-13
5.55264e-13
9.02336e-13
1.40814e-12
2.11005e-12
3.03695e-12
4.20119e-12
5.59158e-12
7.17023e-12
8.87379e-12
1.06212e-11
1.23247e-11
1.3903e-11
1.52926e-11
1.64552e-11
1.73787e-11
1.80735e-11
1.85654e-11
1.8886e-11
1.90648e-11
1.91219e-11
1.90648e-11
1.8886e-11
1.85654e-11
1.80735e-11
1.73787e-11
1.64552e-11
1.52926e-11
1.3903e-11
1.23247e-11
1.06212e-11
8.87379e-12
7.17023e-12
5.59158e-12
4.20119e-12
3.03695e-12
2.11005e-12
1.40814e-12
9.02336e-13
5.55264e-13
3.2828e-13
1.86627e-13
1.02146e-13
5.39075e-14
2.7481e-14
1.35587e-14
6.48765e-15
3.01666e-15
1.36584e-15
6.03301e-16
2.60442e-16
1.10066e-16
4.56077e-17
1.85558e-17
7.42237e-18
2.92245e-18
1.13387e-18
4.33935e-19
1.63955e-19
6.12097e-20
2.25966e-20
8.25456e-21
2.98571e-21
1.06993e-21
3.80063e-22
1.3389e-22
4.67935e-23
1.62138e-23
5.52082e-24
1.69469e-24
0
0
4.77081e-24
1.5542e-23
4.56444e-23
1.31731e-22
3.76922e-22
1.06993e-21
3.01203e-21
8.40522e-21
2.32378e-20
6.36129e-20
1.72315e-19
4.61558e-19
1.22159e-18
3.19202e-18
8.22714e-18
2.08951e-17
5.22373e-17
1.28393e-16
3.09854e-16
7.33183e-16
1.69839e-15
3.84504e-15
8.49235e-15
1.82637e-14
3.81698e-14
7.73632e-14
1.51758e-13
2.87557e-13
5.25384e-13
9.24158e-13
1.56315e-12
2.54021e-12
3.96412e-12
5.94012e-12
8.54948e-12
1.1827e-11
1.57412e-11
2.01853e-11
2.49811e-11
2.99004e-11
3.46959e-11
3.91391e-11
4.30511e-11
4.6324e-11
4.89236e-11
5.08797e-11
5.22644e-11
5.3167e-11
5.36702e-11
5.38312e-11
5.36702e-11
5.3167e-11
5.22644e-11
5.08797e-11
4.89236e-11
4.6324e-11
4.30511e-11
3.91391e-11
3.46959e-11
2.99004e-11
2.49811e-11
2.01853e-11
1.57412e-11
1.1827e-11
8.54948e-12
5.94012e-12
3.96412e-12
2.54021e-12
1.56315e-12
9.24158e-13
5.25384e-13
2.87557e-13
1.51758e-13
7.73632e-14
3.81698e-14
1.82637e-14
8.49235e-15
3.84504e-15
1.69839e-15
7.33183e-16
3.09854e-16
1.28393e-16
5.22373e-17
2.08951e-17
8.22714e-18
3.19202e-18
1.22159e-18
4.61558e-19
1.72315e-19
6.36129e-20
2.32378e-20
8.40522e-21
3.01203e-21
1.06993e-21
3.76922e-22
1.31731e-22
4.56444e-23
1.5542e-23
4.77081e-24
0
0
1.33132e-23
4.33707e-23
1.27373e-22
3.67602e-22
1.05182e-21
2.98571e-21
8.40522e-21
2.34552e-20
6.48464e-20
1.77515e-19
4.80853e-19
1.288e-18
3.40892e-18
8.9075e-18
2.29583e-17
5.83089e-17
1.45771e-16
3.58287e-16
8.64663e-16
2.04599e-15
4.73943e-15
1.07298e-14
2.36984e-14
5.09659e-14
1.06515e-13
2.15886e-13
4.23488e-13
8.02442e-13
1.46611e-12
2.57891e-12
4.36206e-12
7.0886e-12
1.10621e-11
1.65762e-11
2.38578e-11
3.30038e-11
4.39265e-11
5.63281e-11
6.9711e-11
8.34387e-11
9.68206e-11
1.0922e-10
1.20136e-10
1.29269e-10
1.36524e-10
1.41982e-10
1.45846e-10
1.48365e-10
1.4977e-10
1.50219e-10
1.4977e-10
1.48365e-10
1.45846e-10
1.41982e-10
1.36524e-10
1.29269e-10
1.20136e-10
1.0922e-10
9.68206e-11
8.34387e-11
6.9711e-11
5.63281e-11
4.39265e-11
3.30038e-11
2.38578e-11
1.65762e-11
1.10621e-11
7.0886e-12
4.36206e-12
2.57891e-12
1.46611e-12
8.02442e-13
4.23488e-13
2.15886e-13
1.06515e-13
5.09659e-14
2.36984e-14
1.07298e-14
4.73943e-15
2.04599e-15
8.64663e-16
3.58287e-16
1.45771e-16
5.83089e-17
2.29583e-17
8.9075e-18
3.40892e-18
1.288e-18
4.80853e-19
1.77515e-19
6.48464e-20
2.34552e-20
8.40522e-21
2.98571e-21
1.05182e-21
3.67602e-22
1.27373e-22
4.33707e-23
1.33132e-23
0
0
3.68069e-23
1.19906e-22
3.52147e-22
1.0163e-21
2.90796e-21
8.25456e-21
2.32378e-20
6.48464e-20
1.7928e-19
4.90775e-19
1.32941e-18
3.56092e-18
9.42461e-18
2.46265e-17
6.34725e-17
1.61206e-16
4.03012e-16
9.90552e-16
2.39053e-15
5.65652e-15
1.31031e-14
2.96646e-14
6.55186e-14
1.40905e-13
2.9448e-13
5.96858e-13
1.17081e-12
2.2185e-12
4.05335e-12
7.12989e-12
1.20597e-11
1.95978e-11
3.05833e-11
4.58281e-11
6.59593e-11
9.12454e-11
1.21443e-10
1.5573e-10
1.92729e-10
2.30682e-10
2.67679e-10
3.01958e-10
3.3214e-10
3.5739e-10
3.77446e-10
3.92537e-10
4.0322e-10
4.10184e-10
4.14067e-10
4.15308e-10
4.14067e-10
4.10184e-10
4.0322e-10
3.92537e-10
3.77446e-10
3.5739e-10
3.3214e-10
3.01958e-10
2.67679e-10
2.30682e-10
1.92729e-10
1.5573e-10
1.21443e-10
9.12454e-11
6.59593e-11
4.58281e-11
3.05833e-11
1.95978e-11
1.20597e-11
7.12989e-12
4.05335e-12
2.2185e-12
1.17081e-12
5.96858e-13
2.9448e-13
1.40905e-13
6.55186e-14
2.96646e-14
1.31031e-14
5.65652e-15
2.39053e-15
9.90552e-16
4.03012e-16
1.61206e-16
6.34725e-17
2.46265e-17
9.42461e-18
3.56092e-18
1.32941e-18
4.90775e-19
1.7928e-19
6.48464e-20
2.32378e-20
8.25456e-21
2.90796e-21
1.0163e-21
3.52147e-22
1.19906e-22
3.68069e-23
0
0
1.00758e-22
3.28241e-22
9.63994e-22
2.78211e-21
7.96046e-21
2.25966e-20
6.36129e-20
1.77515e-19
4.90775e-19
1.34348e-18
3.63922e-18
9.74793e-18
2.57996e-17
6.74143e-17
1.73754e-16
4.41297e-16
1.10323e-15
2.71161e-15
6.544e-15
1.54846e-14
3.58693e-14
8.12059e-14
1.79355e-13
3.85723e-13
8.06132e-13
1.63388e-12
3.20507e-12
6.07309e-12
1.10959e-11
1.95179e-11
3.30132e-11
5.36484e-11
8.37208e-11
1.25453e-10
1.80562e-10
2.49782e-10
3.32448e-10
4.26306e-10
5.27591e-10
6.31486e-10
7.32764e-10
8.26603e-10
9.09223e-10
9.78345e-10
1.03325e-09
1.07456e-09
1.1038e-09
1.12287e-09
1.1335e-09
1.13689e-09
1.1335e-09
1.12287e-09
1.1038e-09
1.07456e-09
1.03325e-09
9.78345e-10
9.09223e-10
8.26603e-10
7.32764e-10
6.31486e-10
5.27591e-10
4.26306e-10
3.32448e-10
2.49782e-10
1.80562e-10
1.25453e-10
8.37208e-11
5.36484e-11
3.30132e-11
1.95179e-11
1.10959e-11
6.07309e-12
3.20507e-12
1.63388e-12
8.06132e-13
3.85723e-13
1.79355e-13
8.12059e-14
3.58693e-14
1.54846e-14
6.544e-15
2.71161e-15
1.10323e-15
4.41297e-16
1.73754e-16
6.74143e-17
2.57996e-17
9.74793e-18
3.63922e-18
1.34348e-18
4.90775e-19
1.77515e-19
6.36129e-20
2.25966e-20
7.96046e-21
2.78211e-21
9.63994e-22
3.28241e-22
1.00758e-22
0
0
2.72933e-22
8.89138e-22
2.61127e-21
7.53617e-21
2.15633e-20
6.12097e-20
1.72315e-19
4.80853e-19
1.32941e-18
3.63922e-18
9.85793e-18
2.64052e-17
6.9886e-17
1.82612e-16
4.70665e-16
1.19539e-15
2.98844e-15
7.3452e-15
1.77264e-14
4.19446e-14
9.71627e-14
2.19971e-13
4.85838e-13
1.04485e-12
2.18365e-12
4.42586e-12
8.68189e-12
1.64508e-11
3.00566e-11
5.287e-11
8.94262e-11
1.45323e-10
2.26783e-10
3.39828e-10
4.89106e-10
6.76609e-10
9.00534e-10
1.15478e-09
1.42914e-09
1.71057e-09
1.98491e-09
2.2391e-09
2.46291e-09
2.65014e-09
2.79886e-09
2.91077e-09
2.98999e-09
3.04163e-09
3.07041e-09
3.07962e-09
3.07041e-09
3.04163e-09
2.98999e-09
2.91077e-09
2.79886e-09
2.65014e-09
2.46291e-09
2.2391e-09
1.98491e-09
1.71057e-09
1.42914e-09
1.15478e-09
9.00534e-10
6.76609e-10
4.89106e-10
3.39828e-10
2.26783e-10
1.45323e-10
8.94262e-11
5.287e-11
3.00566e-11
1.64508e-11
8.68189e-12
4.42586e-12
2.18365e-12
1.04485e-12
4.85838e-13
2.19971e-13
9.71627e-14
4.19446e-14
1.77264e-14
7.3452e-15
2.98844e-15
1.19539e-15
4.70665e-16
1.82612e-16
6.9886e-17
2.64052e-17
9.85793e-18
3.63922e-18
1.32941e-18
4.80853e-19
1.72315e-19
6.12097e-20
2.15633e-20
7.53617e-21
2.61127e-21
8.89138e-22
2.72933e-22
0
0
7.3107e-22
2.38162e-21
6.99447e-21
2.01862e-20
5.77588e-20
1.63955e-19
4.61558e-19
1.288e-18
3.56092e-18
9.74793e-18
2.64052e-17
7.07282e-17
1.87195e-16
4.89139e-16
1.26071e-15
3.20193e-15
8.00475e-15
1.96747e-14
4.74814e-14
1.12352e-13
2.60257e-13
5.89207e-13
1.30135e-12
2.7987e-12
5.84907e-12
1.1855e-11
2.32551e-11
4.40646e-11
8.05089e-11
1.41616e-10
2.39535e-10
3.89258e-10
6.07455e-10
9.10253e-10
1.31011e-09
1.81235e-09
2.41215e-09
3.09316e-09
3.82805e-09
4.58189e-09
5.31673e-09
5.9976e-09
6.59707e-09
7.0986e-09
7.49696e-09
7.7967e-09
8.00889e-09
8.14722e-09
8.22433e-09
8.24899e-09
8.22433e-09
8.14722e-09
8.00889e-09
7.7967e-09
7.49696e-09
7.0986e-09
6.59707e-09
5.9976e-09
5.31673e-09
4.58189e-09
3.82805e-09
3.09316e-09
2.41215e-09
1.81235e-09
1.31011e-09
9.10253e-10
6.07455e-10
3.89258e-10
2.39535e-10
1.41616e-10
8.05089e-11
4.40646e-11
2.32551e-11
1.1855e-11
5.84907e-12
2.7987e-12
1.30135e-12
5.89207e-13
2.60257e-13
1.12352e-13
4.74814e-14
1.96747e-14
8.00475e-15
3.20193e-15
1.26071e-15
4.89139e-16
1.87195e-16
7.07282e-17
2.64052e-17
9.74793e-18
3.56092e-18
1.288e-18
4.61558e-19
1.63955e-19
5.77588e-20
2.01862e-20
6.99447e-21
2.38162e-21
7.3107e-22
0
0
1.93491e-21
6.30338e-21
1.85121e-20
5.34263e-20
1.52869e-19
4.33935e-19
1.22159e-18
3.40892e-18
9.42461e-18
2.57996e-17
6.9886e-17
1.87195e-16
4.95444e-16
1.29459e-15
3.3367e-15
8.47447e-15
2.1186e-14
5.20725e-14
1.25668e-13
2.97359e-13
6.88817e-13
1.55944e-12
3.44426e-12
7.40725e-12
1.54806e-11
3.13763e-11
6.15487e-11
1.16625e-10
2.13081e-10
3.74812e-10
6.33971e-10
1.03024e-09
1.60774e-09
2.40915e-09
3.46743e-09
4.7967e-09
6.38417e-09
8.18659e-09
1.01316e-08
1.21268e-08
1.40717e-08
1.58737e-08
1.74603e-08
1.87877e-08
1.9842e-08
2.06354e-08
2.1197e-08
2.15631e-08
2.17671e-08
2.18324e-08
2.17671e-08
2.15631e-08
2.1197e-08
2.06354e-08
1.9842e-08
1.87877e-08
1.74603e-08
1.58737e-08
1.40717e-08
1.21268e-08
1.01316e-08
8.18659e-09
6.38417e-09
4.7967e-09
3.46743e-09
2.40915e-09
1.60774e-09
1.03024e-09
6.33971e-10
3.74812e-10
2.13081e-10
1.16625e-10
6.15487e-11
3.13763e-11
1.54806e-11
7.40725e-12
3.44426e-12
1.55944e-12
6.88817e-13
2.97359e-13
1.25668e-13
5.20725e-14
2.1186e-14
8.47447e-15
3.3367e-15
1.29459e-15
4.95444e-16
1.87195e-16
6.9886e-17
2.57996e-17
9.42461e-18
3.40892e-18
1.22159e-18
4.33935e-19
1.52869e-19
5.34263e-20
1.85121e-20
6.30338e-21
1.93491e-21
0
0
5.05591e-21
1.64707e-20
4.83721e-20
1.39603e-19
3.99446e-19
1.13387e-18
3.19202e-18
8.9075e-18
2.46265e-17
6.74143e-17
1.82612e-16
4.89139e-16
1.29459e-15
3.38277e-15
8.71878e-15
2.21438e-14
5.53589e-14
1.36065e-13
3.2837e-13
7.76997e-13
1.79988e-12
4.07482e-12
8.99984e-12
1.93551e-11
4.04507e-11
8.19862e-11
1.60827e-10
3.0474e-10
5.5678e-10
9.79383e-10
1.65656e-09
2.69201e-09
4.20101e-09
6.29509e-09
9.06038e-09
1.25338e-08
1.66818e-08
2.13915e-08
2.64739e-08
3.16872e-08
3.67692e-08
4.14779e-08
4.56238e-08
4.90922e-08
5.18471e-08
5.39201e-08
5.53876e-08
5.63442e-08
5.68775e-08
5.7048e-08
5.68775e-08
5.63442e-08
5.53876e-08
5.39201e-08
5.18471e-08
4.90922e-08
4.56238e-08
4.14779e-08
3.67692e-08
3.16872e-08
2.64739e-08
2.13915e-08
1.66818e-08
1.25338e-08
9.06038e-09
6.29509e-09
4.20101e-09
2.69201e-09
1.65656e-09
9.79383e-10
5.5678e-10
3.0474e-10
1.60827e-10
8.19862e-11
4.04507e-11
1.93551e-11
8.99984e-12
4.07482e-12
1.79988e-12
7.76997e-13
3.2837e-13
1.36065e-13
5.53589e-14
2.21438e-14
8.71878e-15
3.38277e-15
1.29459e-15
4.89139e-16
1.82612e-16
6.74143e-17
2.46265e-17
8.9075e-18
3.19202e-18
1.13387e-18
3.99446e-19
1.39603e-19
4.83721e-20
1.64707e-20
5.05591e-21
0
0
1.30311e-20
4.24517e-20
1.24674e-19
3.59813e-19
1.02954e-18
2.92245e-18
8.22714e-18
2.29583e-17
6.34725e-17
1.73754e-16
4.70665e-16
1.26071e-15
3.3367e-15
8.71878e-15
2.24718e-14
5.70735e-14
1.42683e-13
3.50696e-13
8.46343e-13
2.00264e-12
4.63902e-12
1.05025e-11
2.31963e-11
4.9886e-11
1.04258e-10
2.11312e-10
4.14515e-10
7.8544e-10
1.43505e-09
2.52427e-09
4.26964e-09
6.93841e-09
1.08277e-08
1.6225e-08
2.33523e-08
3.23046e-08
4.29959e-08
5.51347e-08
6.8234e-08
8.16709e-08
9.47693e-08
1.06906e-07
1.17591e-07
1.26531e-07
1.33631e-07
1.38974e-07
1.42756e-07
1.45222e-07
1.46596e-07
1.47036e-07
1.46596e-07
1.45222e-07
1.42756e-07
1.38974e-07
1.33631e-07
1.26531e-07
1.17591e-07
1.06906e-07
9.47693e-08
8.16709e-08
6.8234e-08
5.51347e-08
4.29959e-08
3.23046e-08
2.33523e-08
1.6225e-08
1.08277e-08
6.93841e-09
4.26964e-09
2.52427e-09
1.43505e-09
7.8544e-10
4.14515e-10
2.11312e-10
1.04258e-10
4.9886e-11
2.31963e-11
1.05025e-11
4.63902e-12
2.00264e-12
8.46343e-13
3.50696e-13
1.42683e-13
5.70735e-14
2.24718e-14
8.71878e-15
3.3367e-15
1.26071e-15
4.70665e-16
1.73754e-16
6.34725e-17
2.29583e-17
8.22714e-18
2.92245e-18
1.02954e-18
3.59813e-19
1.24674e-19
4.24517e-20
1.30311e-20
0
0
3.30962e-20
1.07818e-19
3.16646e-19
9.13846e-19
2.61479e-18
7.42237e-18
2.08951e-17
5.83089e-17
1.61206e-16
4.41297e-16
1.19539e-15
3.20193e-15
8.47447e-15
2.21438e-14
5.70735e-14
1.44954e-13
3.62382e-13
8.90689e-13
2.14953e-12
5.08626e-12
1.17821e-11
2.66739e-11
5.89134e-11
1.26699e-10
2.64792e-10
5.36686e-10
1.05278e-09
1.99484e-09
3.64471e-09
6.41109e-09
1.08439e-08
1.7622e-08
2.75e-08
4.1208e-08
5.93096e-08
8.20465e-08
1.092e-07
1.4003e-07
1.73299e-07
2.07426e-07
2.40693e-07
2.71516e-07
2.98655e-07
3.2136e-07
3.39394e-07
3.52964e-07
3.6257e-07
3.68832e-07
3.72322e-07
3.73439e-07
3.72322e-07
3.68832e-07
3.6257e-07
3.52964e-07
3.39394e-07
3.2136e-07
2.98655e-07
2.71516e-07
2.40693e-07
2.07426e-07
1.73299e-07
1.4003e-07
1.092e-07
8.20465e-08
5.93096e-08
4.1208e-08
2.75e-08
1.7622e-08
1.08439e-08
6.41109e-09
3.64471e-09
1.99484e-09
1.05278e-09
5.36686e-10
2.64792e-10
1.26699e-10
5.89134e-11
2.66739e-11
1.17821e-11
5.08626e-12
2.14953e-12
8.90689e-13
3.62382e-13
1.44954e-13
5.70735e-14
2.21438e-14
8.47447e-15
3.20193e-15
1.19539e-15
4.41297e-16
1.61206e-16
5.83089e-17
2.08951e-17
7.42237e-18
2.61479e-18
9.13846e-19
3.16646e-19
1.07818e-19
3.30962e-20
0
0
8.27398e-20
2.69543e-19
7.91607e-19
2.2846e-18
6.53693e-18
1.85558e-17
5.22373e-17
1.45771e-16
4.03012e-16
1.10323e-15
2.98844e-15
8.00475e-15
2.1186e-14
5.53589e-14
1.42683e-13
3.62382e-13
9.05948e-13
2.2267e-12
5.37377e-12
1.27155e-11
2.9455e-11
6.66843e-11
1.47282e-10
3.16746e-10
6.61975e-10
1.3417e-09
2.63192e-09
4.98707e-09
9.11169e-09
1.60276e-08
2.71096e-08
4.40547e-08
6.87494e-08
1.03019e-07
1.48273e-07
2.05115e-07
2.72998e-07
3.50072e-07
4.33245e-07
5.18561e-07
6.01727e-07
6.78785e-07
7.46632e-07
8.03393e-07
8.48477e-07
8.82401e-07
9.06416e-07
9.22071e-07
9.30798e-07
9.3359e-07
9.30798e-07
9.22071e-07
9.06416e-07
8.82401e-07
8.48477e-07
8.03393e-07
7.46632e-07
6.78785e-07
6.01727e-07
5.18561e-07
4.33245e-07
3.50072e-07
2.72998e-07
2.05115e-07
1.48273e-07
1.03019e-07
6.87494e-08
4.40547e-08
2.71096e-08
1.60276e-08
9.11169e-09
4.98707e-09
2.63192e-09
1.3417e-09
6.61975e-10
3.16746e-10
1.47282e-10
6.66843e-11
2.9455e-11
1.27155e-11
5.37377e-12
2.2267e-12
9.05948e-13
3.62382e-13
1.42683e-13
5.53589e-14
2.1186e-14
8.00475e-15
2.98844e-15
1.10323e-15
4.03012e-16
1.45771e-16
5.22373e-17
1.85558e-17
6.53693e-18
2.2846e-18
7.91607e-19
2.69543e-19
8.27398e-20
0
0
2.03364e-19
6.62502e-19
1.94567e-18
5.61524e-18
1.60669e-17
4.56077e-17
1.28393e-16
3.58287e-16
9.90552e-16
2.71161e-15
7.3452e-15
1.96747e-14
5.20725e-14
1.36065e-13
3.50696e-13
8.90689e-13
2.2267e-12
5.47295e-12
1.3208e-11
3.12532e-11
7.23965e-11
1.63901e-10
3.62001e-10
7.78521e-10
1.62705e-09
3.29773e-09
6.46893e-09
1.22576e-08
2.23954e-08
3.93938e-08
6.6632e-08
1.08281e-07
1.68977e-07
2.53208e-07
3.64436e-07
5.04145e-07
6.70993e-07
8.60432e-07
1.06486e-06
1.27456e-06
1.47897e-06
1.66837e-06
1.83513e-06
1.97464e-06
2.08545e-06
2.16883e-06
2.22786e-06
2.26633e-06
2.28778e-06
2.29464e-06
2.28778e-06
2.26633e-06
2.22786e-06
2.16883e-06
2.08545e-06
1.97464e-06
1.83513e-06
1.66837e-06
1.47897e-06
1.27456e-06
1.06486e-06
8.60432e-07
6.70993e-07
5.04145e-07
3.64436e-07
2.53208e-07
1.68977e-07
1.08281e-07
6.6632e-08
3.93938e-08
2.23954e-08
1.22576e-08
6.46893e-09
3.29773e-09
1.62705e-09
7.78521e-10
3.62001e-10
1.63901e-10
7.23965e-11
3.12532e-11
1.3208e-11
5.47295e-12
2.2267e-12
8.90689e-13
3.50696e-13
1.36065e-13
5.20725e-14
1.96747e-14
7.3452e-15
2.71161e-15
9.90552e-16
3.58287e-16
1.28393e-16
4.56077e-17
1.60669e-17
5.61524e-18
1.94567e-18
6.62502e-19
2.03364e-19
0
0
4.90784e-19
1.59883e-18
4.69554e-18
1.35514e-17
3.87748e-17
1.10066e-16
3.09854e-16
8.64663e-16
2.39053e-15
6.544e-15
1.77264e-14
4.74814e-14
1.25668e-13
3.2837e-13
8.46343e-13
2.14953e-12
5.37377e-12
1.3208e-11
3.18753e-11
7.54242e-11
1.74717e-10
3.95548e-10
8.73627e-10
1.87883e-09
3.92661e-09
7.95852e-09
1.56116e-08
2.95816e-08
5.40474e-08
9.50701e-08
1.60805e-07
2.61317e-07
4.07798e-07
6.11073e-07
8.79503e-07
1.21667e-06
1.61933e-06
2.07651e-06
2.56986e-06
3.07592e-06
3.56924e-06
4.02632e-06
4.42876e-06
4.76545e-06
5.03287e-06
5.2341e-06
5.37655e-06
5.46941e-06
5.52117e-06
5.53773e-06
5.52117e-06
5.46941e-06
5.37655e-06
5.2341e-06
5.03287e-06
4.76545e-06
4.42876e-06
4.02632e-06
3.56924e-06
3.07592e-06
2.56986e-06
2.07651e-06
1.61933e-06
1.21667e-06
8.79503e-07
6.11073e-07
4.07798e-07
2.61317e-07
1.60805e-07
9.50701e-08
5.40474e-08
2.95816e-08
1.56116e-08
7.95852e-09
3.92661e-09
1.87883e-09
8.73627e-10
3.95548e-10
1.74717e-10
7.54242e-11
3.18753e-11
1.3208e-11
5.37377e-12
2.14953e-12
8.46343e-13
3.2837e-13
1.25668e-13
4.74814e-14
1.77264e-14
6.544e-15
2.39053e-15
8.64663e-16
3.09854e-16
1.10066e-16
3.87748e-17
1.35514e-17
4.69554e-18
1.59883e-18
4.90784e-19
0
0
1.1613e-18
3.7832e-18
1.11107e-17
3.20657e-17
9.17498e-17
2.60442e-16
7.33183e-16
2.04599e-15
5.65652e-15
1.54846e-14
4.19446e-14
1.12352e-13
2.97359e-13
7.76997e-13
2.00264e-12
5.08626e-12
1.27155e-11
3.12532e-11
7.54242e-11
1.7847e-10
4.13419e-10
9.35955e-10
2.0672e-09
4.44573e-09
9.29123e-09
1.88316e-08
3.69406e-08
6.99966e-08
1.27888e-07
2.24957e-07
3.805e-07
6.18335e-07
9.64941e-07
1.44594e-06
2.0811e-06
2.87891e-06
3.83169e-06
4.91348e-06
6.08086e-06
7.27832e-06
8.44562e-06
9.52717e-06
1.04794e-05
1.12761e-05
1.19089e-05
1.23851e-05
1.27221e-05
1.29418e-05
1.30643e-05
1.31035e-05
1.30643e-05
1.29418e-05
1.27221e-05
1.23851e-05
1.19089e-05
1.12761e-05
1.04794e-05
9.52717e-06
8.44562e-06
7.27832e-06
6.08086e-06
4.91348e-06
3.83169e-06
2.87891e-06
2.0811e-06
1.44594e-06
9.64941e-07
6.18335e-07
3.805e-07
2.24957e-07
1.27888e-07
6.99966e-08
3.69406e-08
1.88316e-08
9.29123e-09
4.44573e-09
2.0672e-09
9.35955e-10
4.13419e-10
1.7847e-10
7.54242e-11
3.12532e-11
1.27155e-11
5.08626e-12
2.00264e-12
7.76997e-13
2.97359e-13
1.12352e-13
4.19446e-14
1.54846e-14
5.65652e-15
2.04599e-15
7.33183e-16
2.60442e-16
9.17498e-17
3.20657e-17
1.11107e-17
3.7832e-18
1.1613e-18
0
0
2.69011e-18
8.76361e-18
2.57374e-17
7.42787e-17
2.12534e-16
6.03301e-16
1.69839e-15
4.73943e-15
1.31031e-14
3.58693e-14
9.71627e-14
2.60257e-13
6.88817e-13
1.79988e-12
4.63902e-12
1.17821e-11
2.9455e-11
7.23965e-11
1.74717e-10
4.13419e-10
9.57665e-10
2.1681e-09
4.78856e-09
1.02983e-08
2.15227e-08
4.36226e-08
8.55713e-08
1.62144e-07
2.96247e-07
5.21103e-07
8.81411e-07
1.43235e-06
2.23524e-06
3.34944e-06
4.82078e-06
6.66886e-06
8.87593e-06
1.13818e-05
1.4086e-05
1.68599e-05
1.95639e-05
2.20693e-05
2.42751e-05
2.61206e-05
2.75864e-05
2.86894e-05
2.94702e-05
2.99792e-05
3.02629e-05
3.03537e-05
3.02629e-05
2.99792e-05
2.94702e-05
2.86894e-05
2.75864e-05
2.61206e-05
2.42751e-05
2.20693e-05
1.95639e-05
1.68599e-05
1.4086e-05
1.13818e-05
8.87593e-06
6.66886e-06
4.82078e-06
3.34944e-06
2.23524e-06
1.43235e-06
8.81411e-07
5.21103e-07
2.96247e-07
1.62144e-07
8.55713e-08
4.36226e-08
2.15227e-08
1.02983e-08
4.78856e-09
2.1681e-09
9.57665e-10
4.13419e-10
1.74717e-10
7.23965e-11
2.9455e-11
1.17821e-11
4.63902e-12
1.79988e-12
6.88817e-13
2.60257e-13
9.71627e-14
3.58693e-14
1.31031e-14
4.73943e-15
1.69839e-15
6.03301e-16
2.12534e-16
7.42787e-17
2.57374e-17
8.76361e-18
2.69011e-18
0
0
6.09024e-18
1.98403e-17
5.8268e-17
1.68163e-16
4.81165e-16
1.36584e-15
3.84504e-15
1.07298e-14
2.96646e-14
8.12059e-14
2.19971e-13
5.89207e-13
1.55944e-12
4.07482e-12
1.05025e-11
2.66739e-11
6.66843e-11
1.63901e-10
3.95548e-10
9.35955e-10
2.1681e-09
4.90844e-09
1.0841e-08
2.33148e-08
4.87261e-08
9.8759e-08
1.93728e-07
3.67084e-07
6.70686e-07
1.17975e-06
1.99546e-06
3.24274e-06
5.06045e-06
7.58294e-06
1.09139e-05
1.50979e-05
2.00946e-05
2.57678e-05
3.18899e-05
3.81698e-05
4.42915e-05
4.99635e-05
5.49574e-05
5.91355e-05
6.2454e-05
6.49511e-05
6.67188e-05
6.78711e-05
6.85134e-05
6.87189e-05
6.85134e-05
6.78711e-05
6.67188e-05
6.49511e-05
6.2454e-05
5.91355e-05
5.49574e-05
4.99635e-05
4.42915e-05
3.81698e-05
3.18899e-05
2.57678e-05
2.00946e-05
1.50979e-05
1.09139e-05
7.58294e-06
5.06045e-06
3.24274e-06
1.99546e-06
1.17975e-06
6.70686e-07
3.67084e-07
1.93728e-07
9.8759e-08
4.87261e-08
2.33148e-08
1.0841e-08
4.90844e-09
2.1681e-09
9.35955e-10
3.95548e-10
1.63901e-10
6.66843e-11
2.66739e-11
1.05025e-11
4.07482e-12
1.55944e-12
5.89207e-13
2.19971e-13
8.12059e-14
2.96646e-14
1.07298e-14
3.84504e-15
1.36584e-15
4.81165e-16
1.68163e-16
5.8268e-17
1.98403e-17
6.09024e-18
0
0
1.34512e-17
4.38202e-17
1.28694e-16
3.71412e-16
1.06272e-15
3.01666e-15
8.49235e-15
2.36984e-14
6.55186e-14
1.79355e-13
4.85838e-13
1.30135e-12
3.44426e-12
8.99984e-12
2.31963e-11
5.89134e-11
1.47282e-10
3.62001e-10
8.73627e-10
2.0672e-09
4.78856e-09
1.0841e-08
2.3944e-08
5.14942e-08
1.07619e-07
2.18124e-07
4.27878e-07
8.1076e-07
1.48131e-06
2.60564e-06
4.40728e-06
7.16208e-06
1.11768e-05
1.67481e-05
2.41051e-05
3.3346e-05
4.43819e-05
5.6912e-05
7.04336e-05
8.43037e-05
9.78243e-05
0.000110352
0.000121382
0.00013061
0.000137939
0.000143454
0.000147358
0.000149903
0.000151322
0.000151776
0.000151322
0.000149903
0.000147358
0.000143454
0.000137939
0.00013061
0.000121382
0.000110352
9.78243e-05
8.43037e-05
7.04336e-05
5.6912e-05
4.43819e-05
3.3346e-05
2.41051e-05
1.67481e-05
1.11768e-05
7.16208e-06
4.40728e-06
2.60564e-06
1.48131e-06
8.1076e-07
4.27878e-07
2.18124e-07
1.07619e-07
5.14942e-08
2.3944e-08
1.0841e-08
4.78856e-09
2.0672e-09
8.73627e-10
3.62001e-10
1.47282e-10
5.89134e-11
2.31963e-11
8.99984e-12
3.44426e-12
1.30135e-12
4.85838e-13
1.79355e-13
6.55186e-14
2.36984e-14
8.49235e-15
3.01666e-15
1.06272e-15
3.71412e-16
1.28694e-16
4.38202e-17
1.34512e-17
0
0
2.89283e-17
9.42401e-17
2.76769e-16
7.98762e-16
2.2855e-15
6.48765e-15
1.82637e-14
5.09659e-14
1.40905e-13
3.85723e-13
1.04485e-12
2.7987e-12
7.40725e-12
1.93551e-11
4.9886e-11
1.26699e-10
3.16746e-10
7.78521e-10
1.87883e-09
4.44573e-09
1.02983e-08
2.33148e-08
5.14942e-08
1.10744e-07
2.31446e-07
4.69099e-07
9.20197e-07
1.74363e-06
3.18572e-06
5.60372e-06
9.47832e-06
1.54028e-05
2.40368e-05
3.60185e-05
5.18406e-05
7.17141e-05
9.5448e-05
0.000122395
0.000151475
0.000181304
0.000210382
0.000237323
0.000261044
0.00028089
0.000296653
0.000308514
0.00031691
0.000322383
0.000325435
0.00032641
0.000325435
0.000322383
0.00031691
0.000308514
0.000296653
0.00028089
0.000261044
0.000237323
0.000210382
0.000181304
0.000151475
0.000122395
9.5448e-05
7.17141e-05
5.18406e-05
3.60185e-05
2.40368e-05
1.54028e-05
9.47832e-06
5.60372e-06
3.18572e-06
1.74363e-06
9.20197e-07
4.69099e-07
2.31446e-07
1.10744e-07
5.14942e-08
2.33148e-08
1.02983e-08
4.44573e-09
1.87883e-09
7.78521e-10
3.16746e-10
1.26699e-10
4.9886e-11
1.93551e-11
7.40725e-12
2.7987e-12
1.04485e-12
3.85723e-13
1.40905e-13
5.09659e-14
1.82637e-14
6.48765e-15
2.2855e-15
7.98762e-16
2.76769e-16
9.42401e-17
2.89283e-17
0
0
6.04579e-17
1.96955e-16
5.78427e-16
1.66935e-15
4.77653e-15
1.35587e-14
3.81698e-14
1.06515e-13
2.9448e-13
8.06132e-13
2.18365e-12
5.84907e-12
1.54806e-11
4.04507e-11
1.04258e-10
2.64792e-10
6.61975e-10
1.62705e-09
3.92661e-09
9.29123e-09
2.15227e-08
4.87261e-08
1.07619e-07
2.31446e-07
4.83705e-07
9.80381e-07
1.92314e-06
3.64405e-06
6.65791e-06
1.17113e-05
1.9809e-05
3.21907e-05
5.02352e-05
7.52759e-05
0.000108343
0.000149877
0.000199479
0.000255797
0.000316572
0.000378912
0.000439682
0.000495988
0.000545563
0.000587038
0.000619982
0.00064477
0.000662318
0.000673757
0.000680134
0.000682173
0.000680134
0.000673757
0.000662318
0.00064477
0.000619982
0.000587038
0.000545563
0.000495988
0.000439682
0.000378912
0.000316572
0.000255797
0.000199479
0.000149877
0.000108343
7.52759e-05
5.02352e-05
3.21907e-05
1.9809e-05
1.17113e-05
6.65791e-06
3.64405e-06
1.92314e-06
9.80381e-07
4.83705e-07
2.31446e-07
1.07619e-07
4.87261e-08
2.15227e-08
9.29123e-09
3.92661e-09
1.62705e-09
6.61975e-10
2.64792e-10
1.04258e-10
4.04507e-11
1.54806e-11
5.84907e-12
2.18365e-12
8.06132e-13
2.9448e-13
1.06515e-13
3.81698e-14
1.35587e-14
4.77653e-15
1.66935e-15
5.78427e-16
1.96955e-16
6.04579e-17
0
0
1.22537e-16
3.99191e-16
1.17237e-15
3.38347e-15
9.68115e-15
2.7481e-14
7.73632e-14
2.15886e-13
5.96858e-13
1.63388e-12
4.42586e-12
1.1855e-11
3.13763e-11
8.19862e-11
2.11312e-10
5.36686e-10
1.3417e-09
3.29773e-09
7.95852e-09
1.88316e-08
4.36226e-08
9.8759e-08
2.18124e-07
4.69099e-07
9.80381e-07
1.98705e-06
3.89786e-06
7.38582e-06
1.34944e-05
2.37368e-05
4.01492e-05
6.52448e-05
0.000101817
0.00015257
0.000219591
0.000303773
0.000404308
0.000518454
0.000641632
0.000767985
0.000891154
0.00100528
0.00110576
0.00118982
0.00125659
0.00130683
0.0013424
0.00136558
0.00137851
0.00138264
0.00137851
0.00136558
0.0013424
0.00130683
0.00125659
0.00118982
0.00110576
0.00100528
0.000891154
0.000767985
0.000641632
0.000518454
0.000404308
0.000303773
0.000219591
0.00015257
0.000101817
6.52448e-05
4.01492e-05
2.37368e-05
1.34944e-05
7.38582e-06
3.89786e-06
1.98705e-06
9.80381e-07
4.69099e-07
2.18124e-07
9.8759e-08
4.36226e-08
1.88316e-08
7.95852e-09
3.29773e-09
1.3417e-09
5.36686e-10
2.11312e-10
8.19862e-11
3.13763e-11
1.1855e-11
4.42586e-12
1.63388e-12
5.96858e-13
2.15886e-13
7.73632e-14
2.7481e-14
9.68115e-15
3.38347e-15
1.17237e-15
3.99191e-16
1.22537e-16
0
0
2.40372e-16
7.83065e-16
2.29974e-15
6.63711e-15
1.89908e-14
5.39075e-14
1.51758e-13
4.23488e-13
1.17081e-12
3.20507e-12
8.68189e-12
2.32551e-11
6.15487e-11
1.60827e-10
4.14515e-10
1.05278e-09
2.63192e-09
6.46893e-09
1.56116e-08
3.69406e-08
8.55713e-08
1.93728e-07
4.27878e-07
9.20197e-07
1.92314e-06
3.89786e-06
7.64615e-06
1.44882e-05
2.64709e-05
4.65627e-05
7.87577e-05
0.000127986
0.000199728
0.000299287
0.000430756
0.00059589
0.000793101
0.00101701
0.00125864
0.0015065
0.00174811
0.00197198
0.00216908
0.00233398
0.00246496
0.00256352
0.00263328
0.00267876
0.00270412
0.00271223
0.00270412
0.00267876
0.00263328
0.00256352
0.00246496
0.00233398
0.00216908
0.00197198
0.00174811
0.0015065
0.00125864
0.00101701
0.000793101
0.00059589
0.000430756
0.000299287
0.000199728
0.000127986
7.87577e-05
4.65627e-05
2.64709e-05
1.44882e-05
7.64615e-06
3.89786e-06
1.92314e-06
9.20197e-07
4.27878e-07
1.93728e-07
8.55713e-08
3.69406e-08
1.56116e-08
6.46893e-09
2.63192e-09
1.05278e-09
4.14515e-10
1.60827e-10
6.15487e-11
2.32551e-11
8.68189e-12
3.20507e-12
1.17081e-12
4.23488e-13
1.51758e-13
5.39075e-14
1.89908e-14
6.63711e-15
2.29974e-15
7.83065e-16
2.40372e-16
0
0
4.55467e-16
1.48378e-15
4.35765e-15
1.25763e-14
3.59845e-14
1.02146e-13
2.87557e-13
8.02442e-13
2.2185e-12
6.07309e-12
1.64508e-11
4.40646e-11
1.16625e-10
3.0474e-10
7.8544e-10
1.99484e-09
4.98707e-09
1.22576e-08
2.95816e-08
6.99966e-08
1.62144e-07
3.67084e-07
8.1076e-07
1.74363e-06
3.64405e-06
7.38582e-06
1.44882e-05
2.74529e-05
5.01581e-05
8.82288e-05
0.000149233
0.000242513
0.000378452
0.0005671
0.000816214
0.00112912
0.0015028
0.00192708
0.00238493
0.00285458
0.00331239
0.00373658
0.00411006
0.00442252
0.0046707
0.00485745
0.00498965
0.00507583
0.00512387
0.00513923
0.00512387
0.00507583
0.00498965
0.00485745
0.0046707
0.00442252
0.00411006
0.00373658
0.00331239
0.00285458
0.00238493
0.00192708
0.0015028
0.00112912
0.000816214
0.0005671
0.000378452
0.000242513
0.000149233
8.82288e-05
5.01581e-05
2.74529e-05
1.44882e-05
7.38582e-06
3.64405e-06
1.74363e-06
8.1076e-07
3.67084e-07
1.62144e-07
6.99966e-08
2.95816e-08
1.22576e-08
4.98707e-09
1.99484e-09
7.8544e-10
3.0474e-10
1.16625e-10
4.40646e-11
1.64508e-11
6.07309e-12
2.2185e-12
8.02442e-13
2.87557e-13
1.02146e-13
3.59845e-14
1.25763e-14
4.35765e-15
1.48378e-15
4.55467e-16
0
0
8.32167e-16
2.71096e-15
7.9617e-15
2.29776e-14
6.5746e-14
1.86627e-13
5.25384e-13
1.46611e-12
4.05335e-12
1.10959e-11
3.00566e-11
8.05089e-11
2.13081e-10
5.5678e-10
1.43505e-09
3.64471e-09
9.11169e-09
2.23954e-08
5.40474e-08
1.27888e-07
2.96247e-07
6.70686e-07
1.48131e-06
3.18572e-06
6.65791e-06
1.34944e-05
2.64709e-05
5.01581e-05
9.16421e-05
0.0001612
0.000272659
0.000443086
0.000691457
0.00103613
0.00149127
0.00206297
0.00274571
0.0035209
0.00435742
0.0052155
0.00605196
0.00682698
0.00750935
0.00808023
0.00853367
0.00887487
0.00911641
0.00927386
0.00936163
0.0093897
0.00936163
0.00927386
0.00911641
0.00887487
0.00853367
0.00808023
0.00750935
0.00682698
0.00605196
0.0052155
0.00435742
0.0035209
0.00274571
0.00206297
0.00149127
0.00103613
0.000691457
0.000443086
0.000272659
0.0001612
9.16421e-05
5.01581e-05
2.64709e-05
1.34944e-05
6.65791e-06
3.18572e-06
1.48131e-06
6.70686e-07
2.96247e-07
1.27888e-07
5.40474e-08
2.23954e-08
9.11169e-09
3.64471e-09
1.43505e-09
5.5678e-10
2.13081e-10
8.05089e-11
3.00566e-11
1.10959e-11
4.05335e-12
1.46611e-12
5.25384e-13
1.86627e-13
6.5746e-14
2.29776e-14
7.9617e-15
2.71096e-15
8.32167e-16
0
0
1.46379e-15
4.76862e-15
1.40047e-14
4.04179e-14
1.15648e-13
3.2828e-13
9.24158e-13
2.57891e-12
7.12989e-12
1.95179e-11
5.287e-11
1.41616e-10
3.74812e-10
9.79383e-10
2.52427e-09
6.41109e-09
1.60276e-08
3.93938e-08
9.50701e-08
2.24957e-07
5.21103e-07
1.17975e-06
2.60564e-06
5.60372e-06
1.17113e-05
2.37368e-05
4.65627e-05
8.82288e-05
0.0001612
0.000283552
0.00047961
0.000779395
0.00121628
0.00182256
0.00262317
0.00362879
0.00482974
0.0061933
0.00766475
0.00917412
0.0106455
0.0120087
0.013209
0.0142132
0.0150108
0.015611
0.0160359
0.0163128
0.0164672
0.0165166
0.0164672
0.0163128
0.0160359
0.015611
0.0150108
0.0142132
0.013209
0.0120087
0.0106455
0.00917412
0.00766475
0.0061933
0.00482974
0.00362879
0.00262317
0.00182256
0.00121628
0.000779395
0.00047961
0.000283552
0.0001612
8.82288e-05
4.65627e-05
2.37368e-05
1.17113e-05
5.60372e-06
2.60564e-06
1.17975e-06
5.21103e-07
2.24957e-07
9.50701e-08
3.93938e-08
1.60276e-08
6.41109e-09
2.52427e-09
9.79383e-10
3.74812e-10
1.41616e-10
5.287e-11
1.95179e-11
7.12989e-12
2.57891e-12
9.24158e-13
3.2828e-13
1.15648e-13
4.04179e-14
1.40047e-14
4.76862e-15
1.46379e-15
0
0
2.47591e-15
8.06581e-15
2.36881e-14
6.83643e-14
1.95611e-13
5.55264e-13
1.56315e-12
4.36206e-12
1.20597e-11
3.30132e-11
8.94262e-11
2.39535e-10
6.33971e-10
1.65656e-09
4.26964e-09
1.08439e-08
2.71096e-08
6.6632e-08
1.60805e-07
3.805e-07
8.81411e-07
1.99546e-06
4.40728e-06
9.47832e-06
1.9809e-05
4.01492e-05
7.87577e-05
0.000149233
0.000272659
0.00047961
0.000811229
0.0013183
0.00205726
0.00308275
0.00443692
0.00613786
0.00816919
0.0104756
0.0129644
0.0155174
0.0180061
0.020312
0.0223422
0.0240408
0.0253899
0.026405
0.0271236
0.0275921
0.0278532
0.0279368
0.0278532
0.0275921
0.0271236
0.026405
0.0253899
0.0240408
0.0223422
0.020312
0.0180061
0.0155174
0.0129644
0.0104756
0.00816919
0.00613786
0.00443692
0.00308275
0.00205726
0.0013183
0.000811229
0.00047961
0.000272659
0.000149233
7.87577e-05
4.01492e-05
1.9809e-05
9.47832e-06
4.40728e-06
1.99546e-06
8.81411e-07
3.805e-07
1.60805e-07
6.6632e-08
2.71096e-08
1.08439e-08
4.26964e-09
1.65656e-09
6.33971e-10
2.39535e-10
8.94262e-11
3.30132e-11
1.20597e-11
4.36206e-12
1.56315e-12
5.55264e-13
1.95611e-13
6.83643e-14
2.36881e-14
8.06581e-15
2.47591e-15
0
0
4.0235e-15
1.31074e-14
3.84945e-14
1.11096e-13
3.1788e-13
9.02336e-13
2.54021e-12
7.0886e-12
1.95978e-11
5.36484e-11
1.45323e-10
3.89258e-10
1.03024e-09
2.69201e-09
6.93841e-09
1.7622e-08
4.40547e-08
1.08281e-07
2.61317e-07
6.18335e-07
1.43235e-06
3.24274e-06
7.16208e-06
1.54028e-05
3.21907e-05
6.52448e-05
0.000127986
0.000242513
0.000443086
0.000779395
0.0013183
0.00214231
0.00334317
0.00500964
0.00721026
0.00997438
0.0132754
0.0170234
0.021068
0.0252167
0.029261
0.0330082
0.0363074
0.0390676
0.04126
0.0429097
0.0440775
0.0448388
0.0452632
0.0453989
0.0452632
0.0448388
0.0440775
0.0429097
0.04126
0.0390676
0.0363074
0.0330082
0.029261
0.0252167
0.021068
0.0170234
0.0132754
0.00997438
0.00721026
0.00500964
0.00334317
0.00214231
0.0013183
0.000779395
0.000443086
0.000242513
0.000127986
6.52448e-05
3.21907e-05
1.54028e-05
7.16208e-06
3.24274e-06
1.43235e-06
6.18335e-07
2.61317e-07
1.08281e-07
4.40547e-08
1.7622e-08
6.93841e-09
2.69201e-09
1.03024e-09
3.89258e-10
1.45323e-10
5.36484e-11
1.95978e-11
7.0886e-12
2.54021e-12
9.02336e-13
3.1788e-13
1.11096e-13
3.84945e-14
1.31074e-14
4.0235e-15
0
0
6.27885e-15
2.04547e-14
6.00725e-14
1.73371e-13
4.96066e-13
1.40814e-12
3.96412e-12
1.10621e-11
3.05833e-11
8.37208e-11
2.26783e-10
6.07455e-10
1.60774e-09
4.20101e-09
1.08277e-08
2.75e-08
6.87494e-08
1.68977e-07
4.07798e-07
9.64941e-07
2.23524e-06
5.06045e-06
1.11768e-05
2.40368e-05
5.02352e-05
0.000101817
0.000199728
0.000378452
0.000691457
0.00121628
0.00205726
0.00334317
0.00521717
0.00781778
0.0112519
0.0155655
0.0207169
0.0265658
0.0328775
0.0393519
0.0456631
0.0515108
0.0566594
0.0609669
0.0643882
0.0669626
0.068785
0.069973
0.0706353
0.0708471
0.0706353
0.069973
0.068785
0.0669626
0.0643882
0.0609669
0.0566594
0.0515108
0.0456631
0.0393519
0.0328775
0.0265658
0.0207169
0.0155655
0.0112519
0.00781778
0.00521717
0.00334317
0.00205726
0.00121628
0.000691457
0.000378452
0.000199728
0.000101817
5.02352e-05
2.40368e-05
1.11768e-05
5.06045e-06
2.23524e-06
9.64941e-07
4.07798e-07
1.68977e-07
6.87494e-08
2.75e-08
1.08277e-08
4.20101e-09
1.60774e-09
6.07455e-10
2.26783e-10
8.37208e-11
3.05833e-11
1.10621e-11
3.96412e-12
1.40814e-12
4.96066e-13
1.73371e-13
6.00725e-14
2.04547e-14
6.27885e-15
0
0
9.40868e-15
3.06508e-14
9.00169e-14
2.59791e-13
7.43341e-13
2.11005e-12
5.94012e-12
1.65762e-11
4.58281e-11
1.25453e-10
3.39828e-10
9.10253e-10
2.40915e-09
6.29509e-09
1.6225e-08
4.1208e-08
1.03019e-07
2.53208e-07
6.11073e-07
1.44594e-06
3.34944e-06
7.58294e-06
1.67481e-05
3.60185e-05
7.52759e-05
0.00015257
0.000299287
0.0005671
0.00103613
0.00182256
0.00308275
0.00500964
0.00781778
0.0117147
0.0168607
0.0233244
0.0310437
0.0398081
0.049266
0.0589676
0.0684249
0.0771875
0.0849025
0.0913571
0.0964838
0.100341
0.103072
0.104852
0.105845
0.106162
0.105845
0.104852
0.103072
0.100341
0.0964838
0.0913571
0.0849025
0.0771875
0.0684249
0.0589676
0.049266
0.0398081
0.0310437
0.0233244
0.0168607
0.0117147
0.00781778
0.00500964
0.00308275
0.00182256
0.00103613
0.0005671
0.000299287
0.00015257
7.52759e-05
3.60185e-05
1.67481e-05
7.58294e-06
3.34944e-06
1.44594e-06
6.11073e-07
2.53208e-07
1.03019e-07
4.1208e-08
1.6225e-08
6.29509e-09
2.40915e-09
9.10253e-10
3.39828e-10
1.25453e-10
4.58281e-11
1.65762e-11
5.94012e-12
2.11005e-12
7.43341e-13
2.59791e-13
9.00169e-14
3.06508e-14
9.40868e-15
0
0
1.35417e-14
4.4115e-14
1.29559e-13
3.73911e-13
1.06987e-12
3.03695e-12
8.54948e-12
2.38578e-11
6.59593e-11
1.80562e-10
4.89106e-10
1.31011e-09
3.46743e-09
9.06038e-09
2.33523e-08
5.93096e-08
1.48273e-07
3.64436e-07
8.79503e-07
2.0811e-06
4.82078e-06
1.09139e-05
2.41051e-05
5.18406e-05
0.000108343
0.000219591
0.000430756
0.000816214
0.00149127
0.00262317
0.00443692
0.00721026
0.0112519
0.0168607
0.0242672
0.0335703
0.0446804
0.0572949
0.0709074
0.0848708
0.0984823
0.111094
0.122198
0.131488
0.138867
0.144419
0.14835
0.150912
0.15234
0.152797
0.15234
0.150912
0.14835
0.144419
0.138867
0.131488
0.122198
0.111094
0.0984823
0.0848708
0.0709074
0.0572949
0.0446804
0.0335703
0.0242672
0.0168607
0.0112519
0.00721026
0.00443692
0.00262317
0.00149127
0.000816214
0.000430756
0.000219591
0.000108343
5.18406e-05
2.41051e-05
1.09139e-05
4.82078e-06
2.0811e-06
8.79503e-07
3.64436e-07
1.48273e-07
5.93096e-08
2.33523e-08
9.06038e-09
3.46743e-09
1.31011e-09
4.89106e-10
1.80562e-10
6.59593e-11
2.38578e-11
8.54948e-12
3.03695e-12
1.06987e-12
3.73911e-13
1.29559e-13
4.4115e-14
1.35417e-14
0
0
1.8733e-14
6.10269e-14
1.79227e-13
5.17252e-13
1.48002e-12
4.20119e-12
1.1827e-11
3.30038e-11
9.12454e-11
2.49782e-10
6.76609e-10
1.81235e-09
4.7967e-09
1.25338e-08
3.23046e-08
8.20465e-08
2.05115e-07
5.04145e-07
1.21667e-06
2.87891e-06
6.66886e-06
1.50979e-05
3.3346e-05
7.17141e-05
0.000149877
0.000303773
0.00059589
0.00112912
0.00206297
0.00362879
0.00613786
0.00997438
0.0155655
0.0233244
0.0335703
0.0464397
0.0618091
0.0792594
0.0980904
0.117407
0.136236
0.153683
0.169044
0.181895
0.192103
0.199783
0.205221
0.208765
0.210741
0.211373
0.210741
0.208765
0.205221
0.199783
0.192103
0.181895
0.169044
0.153683
0.136236
0.117407
0.0980904
0.0792594
0.0618091
0.0464397
0.0335703
0.0233244
0.0155655
0.00997438
0.00613786
0.00362879
0.00206297
0.00112912
0.00059589
0.000303773
0.000149877
7.17141e-05
3.3346e-05
1.50979e-05
6.66886e-06
2.87891e-06
1.21667e-06
5.04145e-07
2.05115e-07
8.20465e-08
3.23046e-08
1.25338e-08
4.7967e-09
1.81235e-09
6.76609e-10
2.49782e-10
9.12454e-11
3.30038e-11
1.1827e-11
4.20119e-12
1.48002e-12
5.17252e-13
1.79227e-13
6.10269e-14
1.8733e-14
0
0
2.49327e-14
8.12238e-14
2.38542e-13
6.88438e-13
1.96983e-12
5.59158e-12
1.57412e-11
4.39265e-11
1.21443e-10
3.32448e-10
9.00534e-10
2.41215e-09
6.38417e-09
1.66818e-08
4.29959e-08
1.092e-07
2.72998e-07
6.70993e-07
1.61933e-06
3.83169e-06
8.87593e-06
2.00946e-05
4.43819e-05
9.5448e-05
0.000199479
0.000404308
0.000793101
0.0015028
0.00274571
0.00482974
0.00816919
0.0132754
0.0207169
0.0310437
0.0446804
0.0618091
0.0822649
0.10549
0.130554
0.156263
0.181324
0.204545
0.224989
0.242094
0.255679
0.265902
0.273139
0.277856
0.280486
0.281327
0.280486
0.277856
0.273139
0.265902
0.255679
0.242094
0.224989
0.204545
0.181324
0.156263
0.130554
0.10549
0.0822649
0.0618091
0.0446804
0.0310437
0.0207169
0.0132754
0.00816919
0.00482974
0.00274571
0.0015028
0.000793101
0.000404308
0.000199479
9.5448e-05
4.43819e-05
2.00946e-05
8.87593e-06
3.83169e-06
1.61933e-06
6.70993e-07
2.72998e-07
1.092e-07
4.29959e-08
1.66818e-08
6.38417e-09
2.41215e-09
9.00534e-10
3.32448e-10
1.21443e-10
4.39265e-11
1.57412e-11
5.59158e-12
1.96983e-12
6.88438e-13
2.38542e-13
8.12238e-14
2.49327e-14
0
0
3.19719e-14
1.04155e-13
3.05889e-13
8.82802e-13
2.52597e-12
7.17023e-12
2.01853e-11
5.63281e-11
1.5573e-10
4.26306e-10
1.15478e-09
3.09316e-09
8.18659e-09
2.13915e-08
5.51347e-08
1.4003e-07
3.50072e-07
8.60432e-07
2.07651e-06
4.91348e-06
1.13818e-05
2.57678e-05
5.6912e-05
0.000122395
0.000255797
0.000518454
0.00101701
0.00192708
0.0035209
0.0061933
0.0104756
0.0170234
0.0265658
0.0398081
0.0572949
0.0792594
0.10549
0.135273
0.167412
0.20038
0.232517
0.262293
0.28851
0.310443
0.327864
0.340973
0.350253
0.356302
0.359674
0.360753
0.359674
0.356302
0.350253
0.340973
0.327864
0.310443
0.28851
0.262293
0.232517
0.20038
0.167412
0.135273
0.10549
0.0792594
0.0572949
0.0398081
0.0265658
0.0170234
0.0104756
0.0061933
0.0035209
0.00192708
0.00101701
0.000518454
0.000255797
0.000122395
5.6912e-05
2.57678e-05
1.13818e-05
4.91348e-06
2.07651e-06
8.60432e-07
3.50072e-07
1.4003e-07
5.51347e-08
2.13915e-08
8.18659e-09
3.09316e-09
1.15478e-09
4.26306e-10
1.5573e-10
5.63281e-11
2.01853e-11
7.17023e-12
2.52597e-12
8.82802e-13
3.05889e-13
1.04155e-13
3.19719e-14
0
0
3.9568e-14
1.28901e-13
3.78565e-13
1.09254e-12
3.12611e-12
8.87379e-12
2.49811e-11
6.9711e-11
1.92729e-10
5.27591e-10
1.42914e-09
3.82805e-09
1.01316e-08
2.64739e-08
6.8234e-08
1.73299e-07
4.33245e-07
1.06486e-06
2.56986e-06
6.08086e-06
1.4086e-05
3.18899e-05
7.04336e-05
0.000151475
0.000316572
0.000641632
0.00125864
0.00238493
0.00435742
0.00766475
0.0129644
0.021068
0.0328775
0.049266
0.0709074
0.0980904
0.130554
0.167412
0.207187
0.247987
0.28776
0.32461
0.357056
0.3842
0.405761
0.421984
0.433469
0.440955
0.445129
0.446464
0.445129
0.440955
0.433469
0.421984
0.405761
0.3842
0.357056
0.32461
0.28776
0.247987
0.207187
0.167412
0.130554
0.0980904
0.0709074
0.049266
0.0328775
0.021068
0.0129644
0.00766475
0.00435742
0.00238493
0.00125864
0.000641632
0.000316572
0.000151475
7.04336e-05
3.18899e-05
1.4086e-05
6.08086e-06
2.56986e-06
1.06486e-06
4.33245e-07
1.73299e-07
6.8234e-08
2.64739e-08
1.01316e-08
3.82805e-09
1.42914e-09
5.27591e-10
1.92729e-10
6.9711e-11
2.49811e-11
8.87379e-12
3.12611e-12
1.09254e-12
3.78565e-13
1.28901e-13
3.9568e-14
0
0
4.73599e-14
1.54285e-13
4.53113e-13
1.30769e-12
3.74171e-12
1.06212e-11
2.99004e-11
8.34387e-11
2.30682e-10
6.31486e-10
1.71057e-09
4.58189e-09
1.21268e-08
3.16872e-08
8.16709e-08
2.07426e-07
5.18561e-07
1.27456e-06
3.07592e-06
7.27832e-06
1.68599e-05
3.81698e-05
8.43037e-05
0.000181304
0.000378912
0.000767985
0.0015065
0.00285458
0.0052155
0.00917412
0.0155174
0.0252167
0.0393519
0.0589676
0.0848708
0.117407
0.156263
0.20038
0.247987
0.296822
0.344426
0.388534
0.427369
0.459859
0.485665
0.505083
0.518829
0.52779
0.532785
0.534383
0.532785
0.52779
0.518829
0.505083
0.485665
0.459859
0.427369
0.388534
0.344426
0.296822
0.247987
0.20038
0.156263
0.117407
0.0848708
0.0589676
0.0393519
0.0252167
0.0155174
0.00917412
0.0052155
0.00285458
0.0015065
0.000767985
0.000378912
0.000181304
8.43037e-05
3.81698e-05
1.68599e-05
7.27832e-06
3.07592e-06
1.27456e-06
5.18561e-07
2.07426e-07
8.16709e-08
3.16872e-08
1.21268e-08
4.58189e-09
1.71057e-09
6.31486e-10
2.30682e-10
8.34387e-11
2.99004e-11
1.06212e-11
3.74171e-12
1.30769e-12
4.53113e-13
1.54285e-13
4.73599e-14
0
0
5.49555e-14
1.79029e-13
5.25783e-13
1.51742e-12
4.3418e-12
1.23247e-11
3.46959e-11
9.68206e-11
2.67679e-10
7.32764e-10
1.98491e-09
5.31673e-09
1.40717e-08
3.67692e-08
9.47693e-08
2.40693e-07
6.01727e-07
1.47897e-06
3.56924e-06
8.44562e-06
1.95639e-05
4.42915e-05
9.78243e-05
0.000210382
0.000439682
0.000891154
0.00174811
0.00331239
0.00605196
0.0106455
0.0180061
0.029261
0.0456631
0.0684249
0.0984823
0.136236
0.181324
0.232517
0.28776
0.344426
0.399665
0.450847
0.49591
0.533611
0.563556
0.586088
0.602039
0.612437
0.618233
0.620087
0.618233
0.612437
0.602039
0.586088
0.563556
0.533611
0.49591
0.450847
0.399665
0.344426
0.28776
0.232517
0.181324
0.136236
0.0984823
0.0684249
0.0456631
0.029261
0.0180061
0.0106455
0.00605196
0.00331239
0.00174811
0.000891154
0.000439682
0.000210382
9.78243e-05
4.42915e-05
1.95639e-05
8.44562e-06
3.56924e-06
1.47897e-06
6.01727e-07
2.40693e-07
9.47693e-08
3.67692e-08
1.40717e-08
5.31673e-09
1.98491e-09
7.32764e-10
2.67679e-10
9.68206e-11
3.46959e-11
1.23247e-11
4.3418e-12
1.51742e-12
5.25783e-13
1.79029e-13
5.49555e-14
0
0
6.19932e-14
2.01956e-13
5.93115e-13
1.71174e-12
4.89782e-12
1.3903e-11
3.91391e-11
1.0922e-10
3.01958e-10
8.26603e-10
2.2391e-09
5.9976e-09
1.58737e-08
4.14779e-08
1.06906e-07
2.71516e-07
6.78785e-07
1.66837e-06
4.02632e-06
9.52717e-06
2.20693e-05
4.99635e-05
0.000110352
0.000237323
0.000495988
0.00100528
0.00197198
0.00373658
0.00682698
0.0120087
0.020312
0.0330082
0.0515108
0.0771875
0.111094
0.153683
0.204545
0.262293
0.32461
0.388534
0.450847
0.508583
0.559417
0.601946
0.635725
0.661143
0.679137
0.690866
0.697405
0.699496
0.697405
0.690866
0.679137
0.661143
0.635725
0.601946
0.559417
0.508583
0.450847
0.388534
0.32461
0.262293
0.204545
0.153683
0.111094
0.0771875
0.0515108
0.0330082
0.020312
0.0120087
0.00682698
0.00373658
0.00197198
0.00100528
0.000495988
0.000237323
0.000110352
4.99635e-05
2.20693e-05
9.52717e-06
4.02632e-06
1.66837e-06
6.78785e-07
2.71516e-07
1.06906e-07
4.14779e-08
1.58737e-08
5.9976e-09
2.2391e-09
8.26603e-10
3.01958e-10
1.0922e-10
3.91391e-11
1.3903e-11
4.89782e-12
1.71174e-12
5.93115e-13
2.01956e-13
6.19932e-14
0
0
6.81895e-14
2.22142e-13
6.52399e-13
1.88284e-12
5.38737e-12
1.52926e-11
4.30511e-11
1.20136e-10
3.3214e-10
9.09223e-10
2.46291e-09
6.59707e-09
1.74603e-08
4.56238e-08
1.17591e-07
2.98655e-07
7.46632e-07
1.83513e-06
4.42876e-06
1.04794e-05
2.42751e-05
5.49574e-05
0.000121382
0.000261044
0.000545563
0.00110576
0.00216908
0.00411006
0.00750935
0.013209
0.0223422
0.0363074
0.0566594
0.0849025
0.122198
0.169044
0.224989
0.28851
0.357056
0.427369
0.49591
0.559417
0.615332
0.662111
0.699267
0.727226
0.747018
0.75992
0.767112
0.769412
0.767112
0.75992
0.747018
0.727226
0.699267
0.662111
0.615332
0.559417
0.49591
0.427369
0.357056
0.28851
0.224989
0.169044
0.122198
0.0849025
0.0566594
0.0363074
0.0223422
0.013209
0.00750935
0.00411006
0.00216908
0.00110576
0.000545563
0.000261044
0.000121382
5.49574e-05
2.42751e-05
1.04794e-05
4.42876e-06
1.83513e-06
7.46632e-07
2.98655e-07
1.17591e-07
4.56238e-08
1.74603e-08
6.59707e-09
2.46291e-09
9.09223e-10
3.3214e-10
1.20136e-10
4.30511e-11
1.52926e-11
5.38737e-12
1.88284e-12
6.52399e-13
2.22142e-13
6.81895e-14
0
0
7.33735e-14
2.3903e-13
7.01996e-13
2.02597e-12
5.79693e-12
1.64552e-11
4.6324e-11
1.29269e-10
3.5739e-10
9.78345e-10
2.65014e-09
7.0986e-09
1.87877e-08
4.90922e-08
1.26531e-07
3.2136e-07
8.03393e-07
1.97464e-06
4.76545e-06
1.12761e-05
2.61206e-05
5.91355e-05
0.00013061
0.00028089
0.000587038
0.00118982
0.00233398
0.00442252
0.00808023
0.0142132
0.0240408
0.0390676
0.0609669
0.0913571
0.131488
0.181895
0.242094
0.310443
0.3842
0.459859
0.533611
0.601946
0.662111
0.712447
0.752428
0.782512
0.803808
0.817691
0.82543
0.827905
0.82543
0.817691
0.803808
0.782512
0.752428
0.712447
0.662111
0.601946
0.533611
0.459859
0.3842
0.310443
0.242094
0.181895
0.131488
0.0913571
0.0609669
0.0390676
0.0240408
0.0142132
0.00808023
0.00442252
0.00233398
0.00118982
0.000587038
0.00028089
0.00013061
5.91355e-05
2.61206e-05
1.12761e-05
4.76545e-06
1.97464e-06
8.03393e-07
3.2136e-07
1.26531e-07
4.90922e-08
1.87877e-08
7.0986e-09
2.65014e-09
9.78345e-10
3.5739e-10
1.29269e-10
4.6324e-11
1.64552e-11
5.79693e-12
2.02597e-12
7.01996e-13
2.3903e-13
7.33735e-14
0
0
7.7491e-14
2.52444e-13
7.4139e-13
2.13967e-12
6.12224e-12
1.73787e-11
4.89236e-11
1.36524e-10
3.77446e-10
1.03325e-09
2.79886e-09
7.49696e-09
1.9842e-08
5.18471e-08
1.33631e-07
3.39394e-07
8.48477e-07
2.08545e-06
5.03287e-06
1.19089e-05
2.75864e-05
6.2454e-05
0.000137939
0.000296653
0.000619982
0.00125659
0.00246496
0.0046707
0.00853367
0.0150108
0.0253899
0.04126
0.0643882
0.0964838
0.138867
0.192103
0.255679
0.327864
0.405761
0.485665
0.563556
0.635725
0.699267
0.752428
0.794652
0.826425
0.848916
0.863578
0.871751
0.874365
0.871751
0.863578
0.848916
0.826425
0.794652
0.752428
0.699267
0.635725
0.563556
0.485665
0.405761
0.327864
0.255679
0.192103
0.138867
0.0964838
0.0643882
0.04126
0.0253899
0.0150108
0.00853367
0.0046707
0.00246496
0.00125659
0.000619982
0.000296653
0.000137939
6.2454e-05
2.75864e-05
1.19089e-05
5.03287e-06
2.08545e-06
8.48477e-07
3.39394e-07
1.33631e-07
5.18471e-08
1.9842e-08
7.49696e-09
2.79886e-09
1.03325e-09
3.77446e-10
1.36524e-10
4.89236e-11
1.73787e-11
6.12224e-12
2.13967e-12
7.4139e-13
2.52444e-13
7.7491e-14
0
0
8.05893e-14
2.62537e-13
7.71033e-13
2.22522e-12
6.36703e-12
1.80735e-11
5.08797e-11
1.41982e-10
3.92537e-10
1.07456e-09
2.91077e-09
7.7967e-09
2.06354e-08
5.39201e-08
1.38974e-07
3.52964e-07
8.82401e-07
2.16883e-06
5.2341e-06
1.23851e-05
2.86894e-05
6.49511e-05
0.000143454
0.000308514
0.00064477
0.00130683
0.00256352
0.00485745
0.00887487
0.015611
0.026405
0.0429097
0.0669626
0.100341
0.144419
0.199783
0.265902
0.340973
0.421984
0.505083
0.586088
0.661143
0.727226
0.782512
0.826425
0.859467
0.882858
0.898106
0.906606
0.909325
0.906606
0.898106
0.882858
0.859467
0.826425
0.782512
0.727226
0.661143
0.586088
0.505083
0.421984
0.340973
0.265902
0.199783
0.144419
0.100341
0.0669626
0.0429097
0.026405
0.015611
0.00887487
0.00485745
0.00256352
0.00130683
0.00064477
0.000308514
0.000143454
6.49511e-05
2.86894e-05
1.23851e-05
5.2341e-06
2.16883e-06
8.82401e-07
3.52964e-07
1.38974e-07
5.39201e-08
2.06354e-08
7.7967e-09
2.91077e-09
1.07456e-09
3.92537e-10
1.41982e-10
5.08797e-11
1.80735e-11
6.36703e-12
2.22522e-12
7.71033e-13
2.62537e-13
8.05893e-14
0
0
8.27826e-14
2.69682e-13
7.92017e-13
2.28578e-12
6.54031e-12
1.85654e-11
5.22644e-11
1.45846e-10
4.0322e-10
1.1038e-09
2.98999e-09
8.00889e-09
2.1197e-08
5.53876e-08
1.42756e-07
3.6257e-07
9.06416e-07
2.22786e-06
5.37655e-06
1.27221e-05
2.94702e-05
6.67188e-05
0.000147358
0.00031691
0.000662318
0.0013424
0.00263328
0.00498965
0.00911641
0.0160359
0.0271236
0.0440775
0.068785
0.103072
0.14835
0.205221
0.273139
0.350253
0.433469
0.518829
0.602039
0.679137
0.747018
0.803808
0.848916
0.882858
0.906885
0.922548
0.93128
0.934072
0.93128
0.922548
0.906885
0.882858
0.848916
0.803808
0.747018
0.679137
0.602039
0.518829
0.433469
0.350253
0.273139
0.205221
0.14835
0.103072
0.068785
0.0440775
0.0271236
0.0160359
0.00911641
0.00498965
0.00263328
0.0013424
0.000662318
0.00031691
0.000147358
6.67188e-05
2.94702e-05
1.27221e-05
5.37655e-06
2.22786e-06
9.06416e-07
3.6257e-07
1.42756e-07
5.53876e-08
2.1197e-08
8.00889e-09
2.98999e-09
1.1038e-09
4.0322e-10
1.45846e-10
5.22644e-11
1.85654e-11
6.54031e-12
2.28578e-12
7.92017e-13
2.69682e-13
8.27826e-14
0
0
8.42123e-14
2.7434e-13
8.05696e-13
2.32526e-12
6.65327e-12
1.8886e-11
5.3167e-11
1.48365e-10
4.10184e-10
1.12287e-09
3.04163e-09
8.14722e-09
2.15631e-08
5.63442e-08
1.45222e-07
3.68832e-07
9.22071e-07
2.26633e-06
5.46941e-06
1.29418e-05
2.99792e-05
6.78711e-05
0.000149903
0.000322383
0.000673757
0.00136558
0.00267876
0.00507583
0.00927386
0.0163128
0.0275921
0.0448388
0.069973
0.104852
0.150912
0.208765
0.277856
0.356302
0.440955
0.52779
0.612437
0.690866
0.75992
0.817691
0.863578
0.898106
0.922548
0.938482
0.947364
0.950205
0.947364
0.938482
0.922548
0.898106
0.863578
0.817691
0.75992
0.690866
0.612437
0.52779
0.440955
0.356302
0.277856
0.208765
0.150912
0.104852
0.069973
0.0448388
0.0275921
0.0163128
0.00927386
0.00507583
0.00267876
0.00136558
0.000673757
0.000322383
0.000149903
6.78711e-05
2.99792e-05
1.29418e-05
5.46941e-06
2.26633e-06
9.22071e-07
3.68832e-07
1.45222e-07
5.63442e-08
2.15631e-08
8.14722e-09
3.04163e-09
1.12287e-09
4.10184e-10
1.48365e-10
5.3167e-11
1.8886e-11
6.65327e-12
2.32526e-12
8.05696e-13
2.7434e-13
8.42123e-14
0
0
8.50094e-14
2.76937e-13
8.13322e-13
2.34726e-12
6.71624e-12
1.90648e-11
5.36702e-11
1.4977e-10
4.14067e-10
1.1335e-09
3.07041e-09
8.22433e-09
2.17671e-08
5.68775e-08
1.46596e-07
3.72322e-07
9.30798e-07
2.28778e-06
5.52117e-06
1.30643e-05
3.02629e-05
6.85134e-05
0.000151322
0.000325435
0.000680134
0.00137851
0.00270412
0.00512387
0.00936163
0.0164672
0.0278532
0.0452632
0.0706353
0.105845
0.15234
0.210741
0.280486
0.359674
0.445129
0.532785
0.618233
0.697405
0.767112
0.82543
0.871751
0.906606
0.93128
0.947364
0.95633
0.959198
0.95633
0.947364
0.93128
0.906606
0.871751
0.82543
0.767112
0.697405
0.618233
0.532785
0.445129
0.359674
0.280486
0.210741
0.15234
0.105845
0.0706353
0.0452632
0.0278532
0.0164672
0.00936163
0.00512387
0.00270412
0.00137851
0.000680134
0.000325435
0.000151322
6.85134e-05
3.02629e-05
1.30643e-05
5.52117e-06
2.28778e-06
9.30798e-07
3.72322e-07
1.46596e-07
5.68775e-08
2.17671e-08
8.22433e-09
3.07041e-09
1.1335e-09
4.14067e-10
1.4977e-10
5.36702e-11
1.90648e-11
6.71624e-12
2.34726e-12
8.13322e-13
2.76937e-13
8.50094e-14
0
0
8.52643e-14
2.77767e-13
8.15761e-13
2.3543e-12
6.73638e-12
1.91219e-11
5.38312e-11
1.50219e-10
4.15308e-10
1.13689e-09
3.07962e-09
8.24899e-09
2.18324e-08
5.7048e-08
1.47036e-07
3.73439e-07
9.3359e-07
2.29464e-06
5.53773e-06
1.31035e-05
3.03537e-05
6.87189e-05
0.000151776
0.00032641
0.000682173
0.00138264
0.00271223
0.00513923
0.0093897
0.0165166
0.0279368
0.0453989
0.0708471
0.106162
0.152797
0.211373
0.281327
0.360753
0.446464
0.534383
0.620087
0.699496
0.769412
0.827905
0.874365
0.909325
0.934072
0.950205
0.959198
0.962075
0.959198
0.950205
0.934072
0.909325
0.874365
0.827905
0.769412
0.699496
0.620087
0.534383
0.446464
0.360753
0.281327
0.211373
0.152797
0.106162
0.0708471
0.0453989
0.0279368
0.0165166
0.0093897
0.00513923
0.00271223
0.00138264
0.000682173
0.00032641
0.000151776
6.87189e-05
3.03537e-05
1.31035e-05
5.53773e-06
2.29464e-06
9.3359e-07
3.73439e-07
1.47036e-07
5.7048e-08
2.18324e-08
8.24899e-09
3.07962e-09
1.13689e-09
4.15308e-10
1.50219e-10
5.38312e-11
1.91219e-11
6.73638e-12
2.3543e-12
8.15761e-13
2.77767e-13
8.52643e-14
0
0
8.50094e-14
2.76937e-13
8.13322e-13
2.34726e-12
6.71624e-12
1.90648e-11
5.36702e-11
1.4977e-10
4.14067e-10
1.1335e-09
3.07041e-09
8.22433e-09
2.17671e-08
5.68775e-08
1.46596e-07
3.72322e-07
9.30798e-07
2.28778e-06
5.52117e-06
1.30643e-05
3.02629e-05
6.85134e-05
0.000151322
0.000325435
0.000680134
0.00137851
0.00270412
0.00512387
0.00936163
0.0164672
0.0278532
0.0452632
0.0706353
0.105845
0.15234
0.210741
0.280486
0.359674
0.445129
0.532785
0.618233
0.697405
0.767112
0.82543
0.871751
0.906606
0.93128
0.947364
0.95633
0.959198
0.95633
0.947364
0.93128
0.906606
0.871751
0.82543
0.767112
0.697405
0.618233
0.532785
0.445129
0.359674
0.280486
0.210741
0.15234
0.105845
0.0706353
0.0452632
0.0278532
0.0164672
0.00936163
0.00512387
0.00270412
0.00137851
0.000680134
0.000325435
0.000151322
6.85134e-05
3.02629e-05
1.30643e-05
5.52117e-06
2.28778e-06
9.30798e-07
3.72322e-07
1.46596e-07
5.68775e-08
2.17671e-08
8.22433e-09
3.07041e-09
1.1335e-09
4.14067e-10
1.4977e-10
5.36702e-11
1.90648e-11
6.71624e-12
2.34726e-12
8.13322e-13
2.76937e-13
8.50094e-14
0
0
8.42123e-14
2.7434e-13
8.05696e-13
2.32526e-12
6.65327e-12
1.8886e-11
5.3167e-11
1.48365e-10
4.10184e-10
1.12287e-09
3.04163e-09
8.14722e-09
2.15631e-08
5.63442e-08
1.45222e-07
3.68832e-07
9.22071e-07
2.26633e-06
5.46941e-06
1.29418e-05
2.99792e-05
6.78711e-05
0.000149903
0.000322383
0.000673757
0.00136558
0.00267876
0.00507583
0.00927386
0.0163128
0.0275921
0.0448388
0.069973
0.104852
0.150912
0.208765
0.277856
0.356302
0.440955
0.52779
0.612437
0.690866
0.75992
0.817691
0.863578
0.898106
0.922548
0.938482
0.947364
0.950205
0.947364
0.938482
0.922548
0.898106
0.863578
0.817691
0.75992
0.690866
0.612437
0.52779
0.440955
0.356302
0.277856
0.208765
0.150912
0.104852
0.069973
0.0448388
0.0275921
0.0163128
0.00927386
0.00507583
0.00267876
0.00136558
0.000673757
0.000322383
0.000149903
6.78711e-05
2.99792e-05
1.29418e-05
5.46941e-06
2.26633e-06
9.22071e-07
3.68832e-07
1.45222e-07
5.63442e-08
2.15631e-08
8.14722e-09
3.04163e-09
1.12287e-09
4.10184e-10
1.48365e-10
5.3167e-11
1.8886e-11
6.65327e-12
2.32526e-12
8.05696e-13
2.7434e-13
8.42123e-14
0
0
8.27826e-14
2.69682e-13
7.92017e-13
2.28578e-12
6.54031e-12
1.85654e-11
5.22644e-11
1.45846e-10
4.0322e-10
1.1038e-09
2.98999e-09
8.00889e-09
2.1197e-08
5.53876e-08
1.42756e-07
3.6257e-07
9.06416e-07
2.22786e-06
5.37655e-06
1.27221e-05
2.94702e-05
6.67188e-05
0.000147358
0.00031691
0.000662318
0.0013424
0.00263328
0.00498965
0.00911641
0.0160359
0.0271236
0.0440775
0.068785
0.103072
0.14835
0.205221
0.273139
0.350253
0.433469
0.518829
0.602039
0.679137
0.747018
0.803808
0.848916
0.882858
0.906885
0.922548
0.93128
0.934072
0.93128
0.922548
0.906885
0.882858
0.848916
0.803808
0.747018
0.679137
0.602039
0.518829
0.433469
0.350253
0.273139
0.205221
0.14835
0.103072
0.068785
0.0440775
0.0271236
0.0160359
0.00911641
0.00498965
0.00263328
0.0013424
0.000662318
0.00031691
0.000147358
6.67188e-05
2.94702e-05
1.27221e-05
5.37655e-06
2.22786e-06
9.06416e-07
3.6257e-07
1.42756e-07
5.53876e-08
2.1197e-08
8.00889e-09
2.98999e-09
1.1038e-09
4.0322e-10
1.45846e-10
5.22644e-11
1.85654e-11
6.54031e-12
2.28578e-12
7.92017e-13
2.69682e-13
8.27826e-14
0
0
8.05893e-14
2.62537e-13
7.71033e-13
2.22522e-12
6.36703e-12
1.80735e-11
5.08797e-11
1.41982e-10
3.92537e-10
1.07456e-09
2.91077e-09
7.7967e-09
2.06354e-08
5.39201e-08
1.38974e-07
3.52964e-07
8.82401e-07
2.16883e-06
5.2341e-06
1.23851e-05
2.86894e-05
6.49511e-05
0.000143454
0.000308514
0.00064477
0.00130683
0.00256352
0.00485745
0.00887487
0.015611
0.026405
0.0429097
0.0669626
0.100341
0.144419
0.199783
0.265902
0.340973
0.421984
0.505083
0.586088
0.661143
0.727226
0.782512
0.826425
0.859467
0.882858
0.898106
0.906606
0.909325
0.906606
0.898106
0.882858
0.859467
0.826425
0.782512
0.727226
0.661143
0.586088
0.505083
0.421984
0.340973
0.265902
0.199783
0.144419
0.100341
0.0669626
0.0429097
0.026405
0.015611
0.00887487
0.00485745
0.00256352
0.00130683
0.00064477
0.000308514
0.000143454
6.49511e-05
2.86894e-05
1.23851e-05
5.2341e-06
2.16883e-06
8.82401e-07
3.52964e-07
1.38974e-07
5.39201e-08
2.06354e-08
7.7967e-09
2.91077e-09
1.07456e-09
3.92537e-10
1.41982e-10
5.08797e-11
1.80735e-11
6.36703e-12
2.22522e-12
7.71033e-13
2.62537e-13
8.05893e-14
0
0
7.7491e-14
2.52444e-13
7.4139e-13
2.13967e-12
6.12224e-12
1.73787e-11
4.89236e-11
1.36524e-10
3.77446e-10
1.03325e-09
2.79886e-09
7.49696e-09
1.9842e-08
5.18471e-08
1.33631e-07
3.39394e-07
8.48477e-07
2.08545e-06
5.03287e-06
1.19089e-05
2.75864e-05
6.2454e-05
0.000137939
0.000296653
0.000619982
0.00125659
0.00246496
0.0046707
0.00853367
0.0150108
0.0253899
0.04126
0.0643882
0.0964838
0.138867
0.192103
0.255679
0.327864
0.405761
0.485665
0.563556
0.635725
0.699267
0.752428
0.794652
0.826425
0.848916
0.863578
0.871751
0.874365
0.871751
0.863578
0.848916
0.826425
0.794652
0.752428
0.699267
0.635725
0.563556
0.485665
0.405761
0.327864
0.255679
0.192103
0.138867
0.0964838
0.0643882
0.04126
0.0253899
0.0150108
0.00853367
0.0046707
0.00246496
0.00125659
0.000619982
0.000296653
0.000137939
6.2454e-05
2.75864e-05
1.19089e-05
5.03287e-06
2.08545e-06
8.48477e-07
3.39394e-07
1.33631e-07
5.18471e-08
1.9842e-08
7.49696e-09
2.79886e-09
1.03325e-09
3.77446e-10
1.36524e-10
4.89236e-11
1.73787e-11
6.12224e-12
2.13967e-12
7.4139e-13
2.52444e-13
7.7491e-14
0
0
7.33735e-14
2.3903e-13
7.01996e-13
2.02597e-12
5.79693e-12
1.64552e-11
4.6324e-11
1.29269e-10
3.5739e-10
9.78345e-10
2.65014e-09
7.0986e-09
1.87877e-08
4.90922e-08
1.26531e-07
3.2136e-07
8.03393e-07
1.97464e-06
4.76545e-06
1.12761e-05
2.61206e-05
5.91355e-05
0.00013061
0.00028089
0.000587038
0.00118982
0.00233398
0.00442252
0.00808023
0.0142132
0.0240408
0.0390676
0.0609669
0.0913571
0.131488
0.181895
0.242094
0.310443
0.3842
0.459859
0.533611
0.601946
0.662111
0.712447
0.752428
0.782512
0.803808
0.817691
0.82543
0.827905
0.82543
0.817691
0.803808
0.782512
0.752428
0.712447
0.662111
0.601946
0.533611
0.459859
0.3842
0.310443
0.242094
0.181895
0.131488
0.0913571
0.0609669
0.0390676
0.0240408
0.0142132
0.00808023
0.00442252
0.00233398
0.00118982
0.000587038
0.00028089
0.00013061
5.91355e-05
2.61206e-05
1.12761e-05
4.76545e-06
1.97464e-06
8.03393e-07
3.2136e-07
1.26531e-07
4.90922e-08
1.87877e-08
7.0986e-09
2.65014e-09
9.78345e-10
3.5739e-10
1.29269e-10
4.6324e-11
1.64552e-11
5.79693e-12
2.02597e-12
7.01996e-13
2.3903e-13
7.33735e-14
0
0
6.81895e-14
2.22142e-13
6.52399e-13
1.88284e-12
5.38737e-12
1.52926e-11
4.30511e-11
1.20136e-10
3.3214e-10
9.09223e-10
2.46291e-09
6.59707e-09
1.74603e-08
4.56238e-08
1.17591e-07
2.98655e-07
7.46632e-07
1.83513e-06
4.42876e-06
1.04794e-05
2.42751e-05
5.49574e-05
0.000121382
0.000261044
0.000545563
0.00110576
0.00216908
0.00411006
0.00750935
0.013209
0.0223422
0.0363074
0.0566594
0.0849025
0.122198
0.169044
0.224989
0.28851
0.357056
0.427369
0.49591
0.559417
0.615332
0.662111
0.699267
0.727226
0.747018
0.75992
0.767112
0.769412
0.767112
0.75992
0.747018
0.727226
0.699267
0.662111
0.615332
0.559417
0.49591
0.427369
0.357056
0.28851
0.224989
0.169044
0.122198
0.0849025
0.0566594
0.0363074
0.0223422
0.013209
0.00750935
0.00411006
0.00216908
0.00110576
0.000545563
0.000261044
0.000121382
5.49574e-05
2.42751e-05
1.04794e-05
4.42876e-06
1.83513e-06
7.46632e-07
2.98655e-07
1.17591e-07
4.56238e-08
1.74603e-08
6.59707e-09
2.46291e-09
9.09223e-10
3.3214e-10
1.20136e-10
4.30511e-11
1.52926e-11
5.38737e-12
1.88284e-12
6.52399e-13
2.22142e-13
6.81895e-14
0
0
6.19932e-14
2.01956e-13
5.93115e-13
1.71174e-12
4.89782e-12
1.3903e-11
3.91391e-11
1.0922e-10
3.01958e-10
8.26603e-10
2.2391e-09
5.9976e-09
1.58737e-08
4.14779e-08
1.06906e-07
2.71516e-07
6.78785e-07
1.66837e-06
4.02632e-06
9.52717e-06
2.20693e-05
4.99635e-05
0.000110352
0.000237323
0.000495988
0.00100528
0.00197198
0.00373658
0.00682698
0.0120087
0.020312
0.0330082
0.0515108
0.0771875
0.111094
0.153683
0.204545
0.262293
0.32461
0.388534
0.450847
0.508583
0.559417
0.601946
0.635725
0.661143
0.679137
0.690866
0.697405
0.699496
0.697405
0.690866
0.679137
0.661143
0.635725
0.601946
0.559417
0.508583
0.450847
0.388534
0.32461
0.262293
0.204545
0.153683
0.111094
0.0771875
0.0515108
0.0330082
0.020312
0.0120087
0.00682698
0.00373658
0.00197198
0.00100528
0.000495988
0.000237323
0.000110352
4.99635e-05
2.20693e-05
9.52717e-06
4.02632e-06
1.66837e-06
6.78785e-07
2.71516e-07
1.06906e-07
4.14779e-08
1.58737e-08
5.9976e-09
2.2391e-09
8.26603e-10
3.01958e-10
1.0922e-10
3.91391e-11
1.3903e-11
4.89782e-12
1.71174e-12
5.93115e-13
2.01956e-13
6.19932e-14
0
0
5.49555e-14
1.79029e-13
5.25783e-13
1.51742e-12
4.3418e-12
1.23247e-11
3.46959e-11
9.68206e-11
2.67679e-10
7.32764e-10
1.98491e-09
5.31673e-09
1.40717e-08
3.67692e-08
9.47693e-08
2.40693e-07
6.01727e-07
1.47897e-06
3.56924e-06
8.44562e-06
1.95639e-05
4.42915e-05
9.78243e-05
0.000210382
0.000439682
0.000891154
0.00174811
0.00331239
0.00605196
0.0106455
0.0180061
0.029261
0.0456631
0.0684249
0.0984823
0.136236
0.181324
0.232517
0.28776
0.344426
0.399665
0.450847
0.49591
0.533611
0.563556
0.586088
0.602039
0.612437
0.618233
0.620087
0.618233
0.612437
0.602039
0.586088
0.563556
0.533611
0.49591
0.450847
0.399665
0.344426
0.28776
0.232517
0.181324
0.136236
0.0984823
0.0684249
0.0456631
0.029261
0.0180061
0.0106455
0.00605196
0.00331239
0.00174811
0.000891154
0.000439682
0.000210382
9.78243e-05
4.42915e-05
1.95639e-05
8.44562e-06
3.56924e-06
1.47897e-06
6.01727e-07
2.40693e-07
9.47693e-08
3.67692e-08
1.40717e-08
5.31673e-09
1.98491e-09
7.32764e-10
2.67679e-10
9.68206e-11
3.46959e-11
1.23247e-11
4.3418e-12
1.51742e-12
5.25783e-13
1.79029e-13
5.49555e-14
0
0
4.73599e-14
1.54285e-13
4.53113e-13
1.30769e-12
3.74171e-12
1.06212e-11
2.99004e-11
8.34387e-11
2.30682e-10
6.31486e-10
1.71057e-09
4.58189e-09
1.21268e-08
3.16872e-08
8.16709e-08
2.07426e-07
5.18561e-07
1.27456e-06
3.07592e-06
7.27832e-06
1.68599e-05
3.81698e-05
8.43037e-05
0.000181304
0.000378912
0.000767985
0.0015065
0.00285458
0.0052155
0.00917412
0.0155174
0.0252167
0.0393519
0.0589676
0.0848708
0.117407
0.156263
0.20038
0.247987
0.296822
0.344426
0.388534
0.427369
0.459859
0.485665
0.505083
0.518829
0.52779
0.532785
0.534383
0.532785
0.52779
0.518829
0.505083
0.485665
0.459859
0.427369
0.388534
0.344426
0.296822
0.247987
0.20038
0.156263
0.117407
0.0848708
0.0589676
0.0393519
0.0252167
0.0155174
0.00917412
0.0052155
0.00285458
0.0015065
0.000767985
0.000378912
0.000181304
8.43037e-05
3.81698e-05
1.68599e-05
7.27832e-06
3.07592e-06
1.27456e-06
5.18561e-07
2.07426e-07
8.16709e-08
3.16872e-08
1.21268e-08
4.58189e-09
1.71057e-09
6.31486e-10
2.30682e-10
8.34387e-11
2.99004e-11
1.06212e-11
3.74171e-12
1.30769e-12
4.53113e-13
1.54285e-13
4.73599e-14
0
0
3.9568e-14
1.28901e-13
3.78565e-13
1.09254e-12
3.12611e-12
8.87379e-12
2.49811e-11
6.9711e-11
1.92729e-10
5.27591e-10
1.42914e-09
3.82805e-09
1.01316e-08
2.64739e-08
6.8234e-08
1.73299e-07
4.33245e-07
1.06486e-06
2.56986e-06
6.08086e-06
1.4086e-05
3.18899e-05
7.04336e-05
0.000151475
0.000316572
0.000641632
0.00125864
0.00238493
0.00435742
0.00766475
0.0129644
0.021068
0.0328775
0.049266
0.0709074
0.0980904
0.130554
0.167412
0.207187
0.247987
0.28776
0.32461
0.357056
0.3842
0.405761
0.421984
0.433469
0.440955
0.445129
0.446464
0.445129
0.440955
0.433469
0.421984
0.405761
0.3842
0.357056
0.32461
0.28776
0.247987
0.207187
0.167412
0.130554
0.0980904
0.0709074
0.049266
0.0328775
0.021068
0.0129644
0.00766475
0.00435742
0.00238493
0.00125864
0.000641632
0.000316572
0.000151475
7.04336e-05
3.18899e-05
1.4086e-05
6.08086e-06
2.56986e-06
1.06486e-06
4.33245e-07
1.73299e-07
6.8234e-08
2.64739e-08
1.01316e-08
3.82805e-09
1.42914e-09
5.27591e-10
1.92729e-10
6.9711e-11
2.49811e-11
8.87379e-12
3.12611e-12
1.09254e-12
3.78565e-13
1.28901e-13
3.9568e-14
0
0
3.19719e-14
1.04155e-13
3.05889e-13
8.82802e-13
2.52597e-12
7.17023e-12
2.01853e-11
5.63281e-11
1.5573e-10
4.26306e-10
1.15478e-09
3.09316e-09
8.18659e-09
2.13915e-08
5.51347e-08
1.4003e-07
3.50072e-07
8.60432e-07
2.07651e-06
4.91348e-06
1.13818e-05
2.57678e-05
5.6912e-05
0.000122395
0.000255797
0.000518454
0.00101701
0.00192708
0.0035209
0.0061933
0.0104756
0.0170234
0.0265658
0.0398081
0.0572949
0.0792594
0.10549
0.135273
0.167412
0.20038
0.232517
0.262293
0.28851
0.310443
0.327864
0.340973
0.350253
0.356302
0.359674
0.360753
0.359674
0.356302
0.350253
0.340973
0.327864
0.310443
0.28851
0.262293
0.232517
0.20038
0.167412
0.135273
0.10549
0.0792594
0.0572949
0.0398081
0.0265658
0.0170234
0.0104756
0.0061933
0.0035209
0.00192708
0.00101701
0.000518454
0.000255797
0.000122395
5.6912e-05
2.57678e-05
1.13818e-05
4.91348e-06
2.07651e-06
8.60432e-07
3.50072e-07
1.4003e-07
5.51347e-08
2.13915e-08
8.18659e-09
3.09316e-09
1.15478e-09
4.26306e-10
1.5573e-10
5.63281e-11
2.01853e-11
7.17023e-12
2.52597e-12
8.82802e-13
3.05889e-13
1.04155e-13
3.19719e-14
0
0
2.49327e-14
8.12238e-14
2.38542e-13
6.88438e-13
1.96983e-12
5.59158e-12
1.57412e-11
4.39265e-11
1.21443e-10
3.32448e-10
9.00534e-10
2.41215e-09
6.38417e-09
1.66818e-08
4.29959e-08
1.092e-07
2.72998e-07
6.70993e-07
1.61933e-06
3.83169e-06
8.87593e-06
2.00946e-05
4.43819e-05
9.5448e-05
0.000199479
0.000404308
0.000793101
0.0015028
0.00274571
0.00482974
0.00816919
0.0132754
0.0207169
0.0310437
0.0446804
0.0618091
0.0822649
0.10549
0.130554
0.156263
0.181324
0.204545
0.224989
0.242094
0.255679
0.265902
0.273139
0.277856
0.280486
0.281327
0.280486
0.277856
0.273139
0.265902
0.255679
0.242094
0.224989
0.204545
0.181324
0.156263
0.130554
0.10549
0.0822649
0.0618091
0.0446804
0.0310437
0.0207169
0.0132754
0.00816919
0.00482974
0.00274571
0.0015028
0.000793101
0.000404308
0.000199479
9.5448e-05
4.43819e-05
2.00946e-05
8.87593e-06
3.83169e-06
1.61933e-06
6.70993e-07
2.72998e-07
1.092e-07
4.29959e-08
1.66818e-08
6.38417e-09
2.41215e-09
9.00534e-10
3.32448e-10
1.21443e-10
4.39265e-11
1.57412e-11
5.59158e-12
1.96983e-12
6.88438e-13
2.38542e-13
8.12238e-14
2.49327e-14
0
0
1.8733e-14
6.10269e-14
1.79227e-13
5.17252e-13
1.48002e-12
4.20119e-12
1.1827e-11
3.30038e-11
9.12454e-11
2.49782e-10
6.76609e-10
1.81235e-09
4.7967e-09
1.25338e-08
3.23046e-08
8.20465e-08
2.05115e-07
5.04145e-07
1.21667e-06
2.87891e-06
6.66886e-06
1.50979e-05
3.3346e-05
7.17141e-05
0.000149877
0.000303773
0.00059589
0.00112912
0.00206297
0.00362879
0.00613786
0.00997438
0.0155655
0.0233244
0.0335703
0.0464397
0.0618091
0.0792594
0.0980904
0.117407
0.136236
0.153683
0.169044
0.181895
0.192103
0.199783
0.205221
0.208765
0.210741
0.211373
0.210741
0.208765
0.205221
0.199783
0.192103
0.181895
0.169044
0.153683
0.136236
0.117407
0.0980904
0.0792594
0.0618091
0.0464397
0.0335703
0.0233244
0.0155655
0.00997438
0.00613786
0.00362879
0.00206297
0.00112912
0.00059589
0.000303773
0.000149877
7.17141e-05
3.3346e-05
1.50979e-05
6.66886e-06
2.87891e-06
1.21667e-06
5.04145e-07
2.05115e-07
8.20465e-08
3.23046e-08
1.25338e-08
4.7967e-09
1.81235e-09
6.76609e-10
2.49782e-10
9.12454e-11
3.30038e-11
1.1827e-11
4.20119e-12
1.48002e-12
5.17252e-13
1.79227e-13
6.10269e-14
1.8733e-14
0
0
1.35417e-14
4.4115e-14
1.29559e-13
3.73911e-13
1.06987e-12
3.03695e-12
8.54948e-12
2.38578e-11
6.59593e-11
1.80562e-10
4.89106e-10
1.31011e-09
3.46743e-09
9.06038e-09
2.33523e-08
5.93096e-08
1.48273e-07
3.64436e-07
8.79503e-07
2.0811e-06
4.82078e-06
1.09139e-05
2.41051e-05
5.18406e-05
0.000108343
0.000219591
0.000430756
0.000816214
0.00149127
0.00262317
0.00443692
0.00721026
0.0112519
0.0168607
0.0242672
0.0335703
0.0446804
0.0572949
0.0709074
0.0848708
0.0984823
0.111094
0.122198
0.131488
0.138867
0.144419
0.14835
0.150912
0.15234
0.152797
0.15234
0.150912
0.14835
0.144419
0.138867
0.131488
0.122198
0.111094
0.0984823
0.0848708
0.0709074
0.0572949
0.0446804
0.0335703
0.0242672
0.0168607
0.0112519
0.00721026
0.00443692
0.00262317
0.00149127
0.000816214
0.000430756
0.000219591
0.000108343
5.18406e-05
2.41051e-05
1.09139e-05
4.82078e-06
2.0811e-06
8.79503e-07
3.64436e-07
1.48273e-07
5.93096e-08
2.33523e-08
9.06038e-09
3.46743e-09
1.31011e-09
4.89106e-10
1.80562e-10
6.59593e-11
2.38578e-11
8.54948e-12
3.03695e-12
1.06987e-12
3.73911e-13
1.29559e-13
4.4115e-14
1.35417e-14
0
0
9.40868e-15
3.06508e-14
9.00169e-14
2.59791e-13
7.43341e-13
2.11005e-12
5.94012e-12
1.65762e-11
4.58281e-11
1.25453e-10
3.39828e-10
9.10253e-10
2.40915e-09
6.29509e-09
1.6225e-08
4.1208e-08
1.03019e-07
2.53208e-07
6.11073e-07
1.44594e-06
3.34944e-06
7.58294e-06
1.67481e-05
3.60185e-05
7.52759e-05
0.00015257
0.000299287
0.0005671
0.00103613
0.00182256
0.00308275
0.00500964
0.00781778
0.0117147
0.0168607
0.0233244
0.0310437
0.0398081
0.049266
0.0589676
0.0684249
0.0771875
0.0849025
0.0913571
0.0964838
0.100341
0.103072
0.104852
0.105845
0.106162
0.105845
0.104852
0.103072
0.100341
0.0964838
0.0913571
0.0849025
0.0771875
0.0684249
0.0589676
0.049266
0.0398081
0.0310437
0.0233244
0.0168607
0.0117147
0.00781778
0.00500964
0.00308275
0.00182256
0.00103613
0.0005671
0.000299287
0.00015257
7.52759e-05
3.60185e-05
1.67481e-05
7.58294e-06
3.34944e-06
1.44594e-06
6.11073e-07
2.53208e-07
1.03019e-07
4.1208e-08
1.6225e-08
6.29509e-09
2.40915e-09
9.10253e-10
3.39828e-10
1.25453e-10
4.58281e-11
1.65762e-11
5.94012e-12
2.11005e-12
7.43341e-13
2.59791e-13
9.00169e-14
3.06508e-14
9.40868e-15
0
0
6.27885e-15
2.04547e-14
6.00725e-14
1.73371e-13
4.96066e-13
1.40814e-12
3.96412e-12
1.10621e-11
3.05833e-11
8.37208e-11
2.26783e-10
6.07455e-10
1.60774e-09
4.20101e-09
1.08277e-08
2.75e-08
6.87494e-08
1.68977e-07
4.07798e-07
9.64941e-07
2.23524e-06
5.06045e-06
1.11768e-05
2.40368e-05
5.02352e-05
0.000101817
0.000199728
0.000378452
0.000691457
0.00121628
0.00205726
0.00334317
0.00521717
0.00781778
0.0112519
0.0155655
0.0207169
0.0265658
0.0328775
0.0393519
0.0456631
0.0515108
0.0566594
0.0609669
0.0643882
0.0669626
0.068785
0.069973
0.0706353
0.0708471
0.0706353
0.069973
0.068785
0.0669626
0.0643882
0.0609669
0.0566594
0.0515108
0.0456631
0.0393519
0.0328775
0.0265658
0.0207169
0.0155655
0.0112519
0.00781778
0.00521717
0.00334317
0.00205726
0.00121628
0.000691457
0.000378452
0.000199728
0.000101817
5.02352e-05
2.40368e-05
1.11768e-05
5.06045e-06
2.23524e-06
9.64941e-07
4.07798e-07
1.68977e-07
6.87494e-08
2.75e-08
1.08277e-08
4.20101e-09
1.60774e-09
6.07455e-10
2.26783e-10
8.37208e-11
3.05833e-11
1.10621e-11
3.96412e-12
1.40814e-12
4.96066e-13
1.73371e-13
6.00725e-14
2.04547e-14
6.27885e-15
0
0
4.0235e-15
1.31074e-14
3.84945e-14
1.11096e-13
3.1788e-13
9.02336e-13
2.54021e-12
7.0886e-12
1.95978e-11
5.36484e-11
1.45323e-10
3.89258e-10
1.03024e-09
2.69201e-09
6.93841e-09
1.7622e-08
4.40547e-08
1.08281e-07
2.61317e-07
6.18335e-07
1.43235e-06
3.24274e-06
7.16208e-06
1.54028e-05
3.21907e-05
6.52448e-05
0.000127986
0.000242513
0.000443086
0.000779395
0.0013183
0.00214231
0.00334317
0.00500964
0.00721026
0.00997438
0.0132754
0.0170234
0.021068
0.0252167
0.029261
0.0330082
0.0363074
0.0390676
0.04126
0.0429097
0.0440775
0.0448388
0.0452632
0.0453989
0.0452632
0.0448388
0.0440775
0.0429097
0.04126
0.0390676
0.0363074
0.0330082
0.029261
0.0252167
0.021068
0.0170234
0.0132754
0.00997438
0.00721026
0.00500964
0.00334317
0.00214231
0.0013183
0.000779395
0.000443086
0.000242513
0.000127986
6.52448e-05
3.21907e-05
1.54028e-05
7.16208e-06
3.24274e-06
1.43235e-06
6.18335e-07
2.61317e-07
1.08281e-07
4.40547e-08
1.7622e-08
6.93841e-09
2.69201e-09
1.03024e-09
3.89258e-10
1.45323e-10
5.36484e-11
1.95978e-11
7.0886e-12
2.54021e-12
9.02336e-13
3.1788e-13
1.11096e-13
3.84945e-14
1.31074e-14
4.0235e-15
0
0
2.47591e-15
8.06581e-15
2.36881e-14
6.83643e-14
1.95611e-13
5.55264e-13
1.56315e-12
4.36206e-12
1.20597e-11
3.30132e-11
8.94262e-11
2.39535e-10
6.33971e-10
1.65656e-09
4.26964e-09
1.08439e-08
2.71096e-08
6.6632e-08
1.60805e-07
3.805e-07
8.81411e-07
1.99546e-06
4.40728e-06
9.47832e-06
1.9809e-05
4.01492e-05
7.87577e-05
0.000149233
0.000272659
0.00047961
0.000811229
0.0013183
0.00205726
0.00308275
0.00443692
0.00613786
0.00816919
0.0104756
0.0129644
0.0155174
0.0180061
0.020312
0.0223422
0.0240408
0.0253899
0.026405
0.0271236
0.0275921
0.0278532
0.0279368
0.0278532
0.0275921
0.0271236
0.026405
0.0253899
0.0240408
0.0223422
0.020312
0.0180061
0.0155174
0.0129644
0.0104756
0.00816919
0.00613786
0.00443692
0.00308275
0.00205726
0.0013183
0.000811229
0.00047961
0.000272659
0.000149233
7.87577e-05
4.01492e-05
1.9809e-05
9.47832e-06
4.40728e-06
1.99546e-06
8.81411e-07
3.805e-07
1.60805e-07
6.6632e-08
2.71096e-08
1.08439e-08
4.26964e-09
1.65656e-09
6.33971e-10
2.39535e-10
8.94262e-11
3.30132e-11
1.20597e-11
4.36206e-12
1.56315e-12
5.55264e-13
1.95611e-13
6.83643e-14
2.36881e-14
8.06581e-15
2.47591e-15
0
0
1.46379e-15
4.76862e-15
1.40047e-14
4.04179e-14
1.15648e-13
3.2828e-13
9.24158e-13
2.57891e-12
7.12989e-12
1.95179e-11
5.287e-11
1.41616e-10
3.74812e-10
9.79383e-10
2.52427e-09
6.41109e-09
1.60276e-08
3.93938e-08
9.50701e-08
2.24957e-07
5.21103e-07
1.17975e-06
2.60564e-06
5.60372e-06
1.17113e-05
2.37368e-05
4.65627e-05
8.82288e-05
0.0001612
0.000283552
0.00047961
0.000779395
0.00121628
0.00182256
0.00262317
0.00362879
0.00482974
0.0061933
0.00766475
0.00917412
0.0106455
0.0120087
0.013209
0.0142132
0.0150108
0.015611
0.0160359
0.0163128
0.0164672
0.0165166
0.0164672
0.0163128
0.0160359
0.015611
0.0150108
0.0142132
0.013209
0.0120087
0.0106455
0.00917412
0.00766475
0.0061933
0.00482974
0.00362879
0.00262317
0.00182256
0.00121628
0.000779395
0.00047961
0.000283552
0.0001612
8.82288e-05
4.65627e-05
2.37368e-05
1.17113e-05
5.60372e-06
2.60564e-06
1.17975e-06
5.21103e-07
2.24957e-07
9.50701e-08
3.93938e-08
1.60276e-08
6.41109e-09
2.52427e-09
9.79383e-10
3.74812e-10
1.41616e-10
5.287e-11
1.95179e-11
7.12989e-12
2.57891e-12
9.24158e-13
3.2828e-13
1.15648e-13
4.04179e-14
1.40047e-14
4.76862e-15
1.46379e-15
0
0
8.32167e-16
2.71096e-15
7.9617e-15
2.29776e-14
6.5746e-14
1.86627e-13
5.25384e-13
1.46611e-12
4.05335e-12
1.10959e-11
3.00566e-11
8.05089e-11
2.13081e-10
5.5678e-10
1.43505e-09
3.64471e-09
9.11169e-09
2.23954e-08
5.40474e-08
1.27888e-07
2.96247e-07
6.70686e-07
1.48131e-06
3.18572e-06
6.65791e-06
1.34944e-05
2.64709e-05
5.01581e-05
9.16421e-05
0.0001612
0.000272659
0.000443086
0.000691457
0.00103613
0.00149127
0.00206297
0.00274571
0.0035209
0.00435742
0.0052155
0.00605196
0.00682698
0.00750935
0.00808023
0.00853367
0.00887487
0.00911641
0.00927386
0.00936163
0.0093897
0.00936163
0.00927386
0.00911641
0.00887487
0.00853367
0.00808023
0.00750935
0.00682698
0.00605196
0.0052155
0.00435742
0.0035209
0.00274571
0.00206297
0.00149127
0.00103613
0.000691457
0.000443086
0.000272659
0.0001612
9.16421e-05
5.01581e-05
2.64709e-05
1.34944e-05
6.65791e-06
3.18572e-06
1.48131e-06
6.70686e-07
2.96247e-07
1.27888e-07
5.40474e-08
2.23954e-08
9.11169e-09
3.64471e-09
1.43505e-09
5.5678e-10
2.13081e-10
8.05089e-11
3.00566e-11
1.10959e-11
4.05335e-12
1.46611e-12
5.25384e-13
1.86627e-13
6.5746e-14
2.29776e-14
7.9617e-15
2.71096e-15
8.32167e-16
0
0
4.55467e-16
1.48378e-15
4.35765e-15
1.25763e-14
3.59845e-14
1.02146e-13
2.87557e-13
8.02442e-13
2.2185e-12
6.07309e-12
1.64508e-11
4.40646e-11
1.16625e-10
3.0474e-10
7.8544e-10
1.99484e-09
4.98707e-09
1.22576e-08
2.95816e-08
6.99966e-08
1.62144e-07
3.67084e-07
8.1076e-07
1.74363e-06
3.64405e-06
7.38582e-06
1.44882e-05
2.74529e-05
5.01581e-05
8.82288e-05
0.000149233
0.000242513
0.000378452
0.0005671
0.000816214
0.00112912
0.0015028
0.00192708
0.00238493
0.00285458
0.00331239
0.00373658
0.00411006
0.00442252
0.0046707
0.00485745
0.00498965
0.00507583
0.00512387
0.00513923
0.00512387
0.00507583
0.00498965
0.00485745
0.0046707
0.00442252
0.00411006
0.00373658
0.00331239
0.00285458
0.00238493
0.00192708
0.0015028
0.00112912
0.000816214
0.0005671
0.000378452
0.000242513
0.000149233
8.82288e-05
5.01581e-05
2.74529e-05
1.44882e-05
7.38582e-06
3.64405e-06
1.74363e-06
8.1076e-07
3.67084e-07
1.62144e-07
6.99966e-08
2.95816e-08
1.22576e-08
4.98707e-09
1.99484e-09
7.8544e-10
3.0474e-10
1.16625e-10
4.40646e-11
1.64508e-11
6.07309e-12
2.2185e-12
8.02442e-13
2.87557e-13
1.02146e-13
3.59845e-14
1.25763e-14
4.35765e-15
1.48378e-15
4.55467e-16
0
0
2.40372e-16
7.83065e-16
2.29974e-15
6.63711e-15
1.89908e-14
5.39075e-14
1.51758e-13
4.23488e-13
1.17081e-12
3.20507e-12
8.68189e-12
2.32551e-11
6.15487e-11
1.60827e-10
4.14515e-10
1.05278e-09
2.63192e-09
6.46893e-09
1.56116e-08
3.69406e-08
8.55713e-08
1.93728e-07
4.27878e-07
9.20197e-07
1.92314e-06
3.89786e-06
7.64615e-06
1.44882e-05
2.64709e-05
4.65627e-05
7.87577e-05
0.000127986
0.000199728
0.000299287
0.000430756
0.00059589
0.000793101
0.00101701
0.00125864
0.0015065
0.00174811
0.00197198
0.00216908
0.00233398
0.00246496
0.00256352
0.00263328
0.00267876
0.00270412
0.00271223
0.00270412
0.00267876
0.00263328
0.00256352
0.00246496
0.00233398
0.00216908
0.00197198
0.00174811
0.0015065
0.00125864
0.00101701
0.000793101
0.00059589
0.000430756
0.000299287
0.000199728
0.000127986
7.87577e-05
4.65627e-05
2.64709e-05
1.44882e-05
7.64615e-06
3.89786e-06
1.92314e-06
9.20197e-07
4.27878e-07
1.93728e-07
8.55713e-08
3.69406e-08
1.56116e-08
6.46893e-09
2.63192e-09
1.05278e-09
4.14515e-10
1.60827e-10
6.15487e-11
2.32551e-11
8.68189e-12
3.20507e-12
1.17081e-12
4.23488e-13
1.51758e-13
5.39075e-14
1.89908e-14
6.63711e-15
2.29974e-15
7.83065e-16
2.40372e-16
0
0
1.22537e-16
3.99191e-16
1.17237e-15
3.38347e-15
9.68115e-15
2.7481e-14
7.73632e-14
2.15886e-13
5.96858e-13
1.63388e-12
4.42586e-12
1.1855e-11
3.13763e-11
8.19862e-11
2.11312e-10
5.36686e-10
1.3417e-09
3.29773e-09
7.95852e-09
1.88316e-08
4.36226e-08
9.8759e-08
2.18124e-07
4.69099e-07
9.80381e-07
1.98705e-06
3.89786e-06
7.38582e-06
1.34944e-05
2.37368e-05
4.01492e-05
6.52448e-05
0.000101817
0.00015257
0.000219591
0.000303773
0.000404308
0.000518454
0.000641632
0.000767985
0.000891154
0.00100528
0.00110576
0.00118982
0.00125659
0.00130683
0.0013424
0.00136558
0.00137851
0.00138264
0.00137851
0.00136558
0.0013424
0.00130683
0.00125659
0.00118982
0.00110576
0.00100528
0.000891154
0.000767985
0.000641632
0.000518454
0.000404308
0.000303773
0.000219591
0.00015257
0.000101817
6.52448e-05
4.01492e-05
2.37368e-05
1.34944e-05
7.38582e-06
3.89786e-06
1.98705e-06
9.80381e-07
4.69099e-07
2.18124e-07
9.8759e-08
4.36226e-08
1.88316e-08
7.95852e-09
3.29773e-09
1.3417e-09
5.36686e-10
2.11312e-10
8.19862e-11
3.13763e-11
1.1855e-11
4.42586e-12
1.63388e-12
5.96858e-13
2.15886e-13
7.73632e-14
2.7481e-14
9.68115e-15
3.38347e-15
1.17237e-15
3.99191e-16
1.22537e-16
0
0
6.04579e-17
1.96955e-16
5.78427e-16
1.66935e-15
4.77653e-15
1.35587e-14
3.81698e-14
1.06515e-13
2.9448e-13
8.06132e-13
2.18365e-12
5.84907e-12
1.54806e-11
4.04507e-11
1.04258e-10
2.64792e-10
6.61975e-10
1.62705e-09
3.92661e-09
9.29123e-09
2.15227e-08
4.87261e-08
1.07619e-07
2.31446e-07
4.83705e-07
9.80381e-07
1.92314e-06
3.64405e-06
6.65791e-06
1.17113e-05
1.9809e-05
3.21907e-05
5.02352e-05
7.52759e-05
0.000108343
0.000149877
0.000199479
0.000255797
0.000316572
0.000378912
0.000439682
0.000495988
0.000545563
0.000587038
0.000619982
0.00064477
0.000662318
0.000673757
0.000680134
0.000682173
0.000680134
0.000673757
0.000662318
0.00064477
0.000619982
0.000587038
0.000545563
0.000495988
0.000439682
0.000378912
0.000316572
0.000255797
0.000199479
0.000149877
0.000108343
7.52759e-05
5.02352e-05
3.21907e-05
1.9809e-05
1.17113e-05
6.65791e-06
3.64405e-06
1.92314e-06
9.80381e-07
4.83705e-07
2.31446e-07
1.07619e-07
4.87261e-08
2.15227e-08
9.29123e-09
3.92661e-09
1.62705e-09
6.61975e-10
2.64792e-10
1.04258e-10
4.04507e-11
1.54806e-11
5.84907e-12
2.18365e-12
8.06132e-13
2.9448e-13
1.06515e-13
3.81698e-14
1.35587e-14
4.77653e-15
1.66935e-15
5.78427e-16
1.96955e-16
6.04579e-17
0
0
2.89283e-17
9.42401e-17
2.76769e-16
7.98762e-16
2.2855e-15
6.48765e-15
1.82637e-14
5.09659e-14
1.40905e-13
3.85723e-13
1.04485e-12
2.7987e-12
7.40725e-12
1.93551e-11
4.9886e-11
1.26699e-10
3.16746e-10
7.78521e-10
1.87883e-09
4.44573e-09
1.02983e-08
2.33148e-08
5.14942e-08
1.10744e-07
2.31446e-07
4.69099e-07
9.20197e-07
1.74363e-06
3.18572e-06
5.60372e-06
9.47832e-06
1.54028e-05
2.40368e-05
3.60185e-05
5.18406e-05
7.17141e-05
9.5448e-05
0.000122395
0.000151475
0.000181304
0.000210382
0.000237323
0.000261044
0.00028089
0.000296653
0.000308514
0.00031691
0.000322383
0.000325435
0.00032641
0.000325435
0.000322383
0.00031691
0.000308514
0.000296653
0.00028089
0.000261044
0.000237323
0.000210382
0.000181304
0.000151475
0.000122395
9.5448e-05
7.17141e-05
5.18406e-05
3.60185e-05
2.40368e-05
1.54028e-05
9.47832e-06
5.60372e-06
3.18572e-06
1.74363e-06
9.20197e-07
4.69099e-07
2.31446e-07
1.10744e-07
5.14942e-08
2.33148e-08
1.02983e-08
4.44573e-09
1.87883e-09
7.78521e-10
3.16746e-10
1.26699e-10
4.9886e-11
1.93551e-11
7.40725e-12
2.7987e-12
1.04485e-12
3.85723e-13
1.40905e-13
5.09659e-14
1.82637e-14
6.48765e-15
2.2855e-15
7.98762e-16
2.76769e-16
9.42401e-17
2.89283e-17
0
0
1.34512e-17
4.38202e-17
1.28694e-16
3.71412e-16
1.06272e-15
3.01666e-15
8.49235e-15
2.36984e-14
6.55186e-14
1.79355e-13
4.85838e-13
1.30135e-12
3.44426e-12
8.99984e-12
2.31963e-11
5.89134e-11
1.47282e-10
3.62001e-10
8.73627e-10
2.0672e-09
4.78856e-09
1.0841e-08
2.3944e-08
5.14942e-08
1.07619e-07
2.18124e-07
4.27878e-07
8.1076e-07
1.48131e-06
2.60564e-06
4.40728e-06
7.16208e-06
1.11768e-05
1.67481e-05
2.41051e-05
3.3346e-05
4.43819e-05
5.6912e-05
7.04336e-05
8.43037e-05
9.78243e-05
0.000110352
0.000121382
0.00013061
0.000137939
0.000143454
0.000147358
0.000149903
0.000151322
0.000151776
0.000151322
0.000149903
0.000147358
0.000143454
0.000137939
0.00013061
0.000121382
0.000110352
9.78243e-05
8.43037e-05
7.04336e-05
5.6912e-05
4.43819e-05
3.3346e-05
2.41051e-05
1.67481e-05
1.11768e-05
7.16208e-06
4.40728e-06
2.60564e-06
1.48131e-06
8.1076e-07
4.27878e-07
2.18124e-07
1.07619e-07
5.14942e-08
2.3944e-08
1.0841e-08
4.78856e-09
2.0672e-09
8.73627e-10
3.62001e-10
1.47282e-10
5.89134e-11
2.31963e-11
8.99984e-12
3.44426e-12
1.30135e-12
4.85838e-13
1.79355e-13
6.55186e-14
2.36984e-14
8.49235e-15
3.01666e-15
1.06272e-15
3.71412e-16
1.28694e-16
4.38202e-17
1.34512e-17
0
0
6.09024e-18
1.98403e-17
5.8268e-17
1.68163e-16
4.81165e-16
1.36584e-15
3.84504e-15
1.07298e-14
2.96646e-14
8.12059e-14
2.19971e-13
5.89207e-13
1.55944e-12
4.07482e-12
1.05025e-11
2.66739e-11
6.66843e-11
1.63901e-10
3.95548e-10
9.35955e-10
2.1681e-09
4.90844e-09
1.0841e-08
2.33148e-08
4.87261e-08
9.8759e-08
1.93728e-07
3.67084e-07
6.70686e-07
1.17975e-06
1.99546e-06
3.24274e-06
5.06045e-06
7.58294e-06
1.09139e-05
1.50979e-05
2.00946e-05
2.57678e-05
3.18899e-05
3.81698e-05
4.42915e-05
4.99635e-05
5.49574e-05
5.91355e-05
6.2454e-05
6.49511e-05
6.67188e-05
6.78711e-05
6.85134e-05
6.87189e-05
6.85134e-05
6.78711e-05
6.67188e-05
6.49511e-05
6.2454e-05
5.91355e-05
5.49574e-05
4.99635e-05
4.42915e-05
3.81698e-05
3.18899e-05
2.57678e-05
2.00946e-05
1.50979e-05
1.09139e-05
7.58294e-06
5.06045e-06
3.24274e-06
1.99546e-06
1.17975e-06
6.70686e-07
3.67084e-07
1.93728e-07
9.8759e-08
4.87261e-08
2.33148e-08
1.0841e-08
4.90844e-09
2.1681e-09
9.35955e-10
3.95548e-10
1.63901e-10
6.66843e-11
2.66739e-11
1.05025e-11
4.07482e-12
1.55944e-12
5.89207e-13
2.19971e-13
8.12059e-14
2.96646e-14
1.07298e-14
3.84504e-15
1.36584e-15
4.81165e-16
1.68163e-16
5.8268e-17
1.98403e-17
6.09024e-18
0
0
2.69011e-18
8.76361e-18
2.57374e-17
7.42787e-17
2.12534e-16
6.03301e-16
1.69839e-15
4.73943e-15
1.31031e-14
3.58693e-14
9.71627e-14
2.60257e-13
6.88817e-13
1.79988e-12
4.63902e-12
1.17821e-11
2.9455e-11
7.23965e-11
1.74717e-10
4.13419e-10
9.57665e-10
2.1681e-09
4.78856e-09
1.02983e-08
2.15227e-08
4.36226e-08
8.55713e-08
1.62144e-07
2.96247e-07
5.21103e-07
8.81411e-07
1.43235e-06
2.23524e-06
3.34944e-06
4.82078e-06
6.66886e-06
8.87593e-06
1.13818e-05
1.4086e-05
1.68599e-05
1.95639e-05
2.20693e-05
2.42751e-05
2.61206e-05
2.75864e-05
2.86894e-05
2.94702e-05
2.99792e-05
3.02629e-05
3.03537e-05
3.02629e-05
2.99792e-05
2.94702e-05
2.86894e-05
2.75864e-05
2.61206e-05
2.42751e-05
2.20693e-05
1.95639e-05
1.68599e-05
1.4086e-05
1.13818e-05
8.87593e-06
6.66886e-06
4.82078e-06
3.34944e-06
2.23524e-06
1.43235e-06
8.81411e-07
5.21103e-07
2.96247e-07
1.62144e-07
8.55713e-08
4.36226e-08
2.15227e-08
1.02983e-08
4.78856e-09
2.1681e-09
9.57665e-10
4.13419e-10
1.74717e-10
7.23965e-11
2.9455e-11
1.17821e-11
4.63902e-12
1.79988e-12
6.88817e-13
2.60257e-13
9.71627e-14
3.58693e-14
1.31031e-14
4.73943e-15
1.69839e-15
6.03301e-16
2.12534e-16
7.42787e-17
2.57374e-17
8.76361e-18
2.69011e-18
0
0
1.1613e-18
3.7832e-18
1.11107e-17
3.20657e-17
9.17498e-17
2.60442e-16
7.33183e-16
2.04599e-15
5.65652e-15
1.54846e-14
4.19446e-14
1.12352e-13
2.97359e-13
7.76997e-13
2.00264e-12
5.08626e-12
1.27155e-11
3.12532e-11
7.54242e-11
1.7847e-10
4.13419e-10
9.35955e-10
2.0672e-09
4.44573e-09
9.29123e-09
1.88316e-08
3.69406e-08
6.99966e-08
1.27888e-07
2.24957e-07
3.805e-07
6.18335e-07
9.64941e-07
1.44594e-06
2.0811e-06
2.87891e-06
3.83169e-06
4.91348e-06
6.08086e-06
7.27832e-06
8.44562e-06
9.52717e-06
1.04794e-05
1.12761e-05
1.19089e-05
1.23851e-05
1.27221e-05
1.29418e-05
1.30643e-05
1.31035e-05
1.30643e-05
1.29418e-05
1.27221e-05
1.23851e-05
1.19089e-05
1.12761e-05
1.04794e-05
9.52717e-06
8.44562e-06
7.27832e-06
6.08086e-06
4.91348e-06
3.83169e-06
2.87891e-06
2.0811e-06
1.44594e-06
9.64941e-07
6.18335e-07
3.805e-07
2.24957e-07
1.27888e-07
6.99966e-08
3.69406e-08
1.88316e-08
9.29123e-09
4.44573e-09
2.0672e-09
9.35955e-10
4.13419e-10
1.7847e-10
7.54242e-11
3.12532e-11
1.27155e-11
5.08626e-12
2.00264e-12
7.76997e-13
2.97359e-13
1.12352e-13
4.19446e-14
1.54846e-14
5.65652e-15
2.04599e-15
7.33183e-16
2.60442e-16
9.17498e-17
3.20657e-17
1.11107e-17
3.7832e-18
1.1613e-18
0
0
4.90784e-19
1.59883e-18
4.69554e-18
1.35514e-17
3.87748e-17
1.10066e-16
3.09854e-16
8.64663e-16
2.39053e-15
6.544e-15
1.77264e-14
4.74814e-14
1.25668e-13
3.2837e-13
8.46343e-13
2.14953e-12
5.37377e-12
1.3208e-11
3.18753e-11
7.54242e-11
1.74717e-10
3.95548e-10
8.73627e-10
1.87883e-09
3.92661e-09
7.95852e-09
1.56116e-08
2.95816e-08
5.40474e-08
9.50701e-08
1.60805e-07
2.61317e-07
4.07798e-07
6.11073e-07
8.79503e-07
1.21667e-06
1.61933e-06
2.07651e-06
2.56986e-06
3.07592e-06
3.56924e-06
4.02632e-06
4.42876e-06
4.76545e-06
5.03287e-06
5.2341e-06
5.37655e-06
5.46941e-06
5.52117e-06
5.53773e-06
5.52117e-06
5.46941e-06
5.37655e-06
5.2341e-06
5.03287e-06
4.76545e-06
4.42876e-06
4.02632e-06
3.56924e-06
3.07592e-06
2.56986e-06
2.07651e-06
1.61933e-06
1.21667e-06
8.79503e-07
6.11073e-07
4.07798e-07
2.61317e-07
1.60805e-07
9.50701e-08
5.40474e-08
2.95816e-08
1.56116e-08
7.95852e-09
3.92661e-09
1.87883e-09
8.73627e-10
3.95548e-10
1.74717e-10
7.54242e-11
3.18753e-11
1.3208e-11
5.37377e-12
2.14953e-12
8.46343e-13
3.2837e-13
1.25668e-13
4.74814e-14
1.77264e-14
6.544e-15
2.39053e-15
8.64663e-16
3.09854e-16
1.10066e-16
3.87748e-17
1.35514e-17
4.69554e-18
1.59883e-18
4.90784e-19
0
0
2.03364e-19
6.62502e-19
1.94567e-18
5.61524e-18
1.60669e-17
4.56077e-17
1.28393e-16
3.58287e-16
9.90552e-16
2.71161e-15
7.3452e-15
1.96747e-14
5.20725e-14
1.36065e-13
3.50696e-13
8.90689e-13
2.2267e-12
5.47295e-12
1.3208e-11
3.12532e-11
7.23965e-11
1.63901e-10
3.62001e-10
7.78521e-10
1.62705e-09
3.29773e-09
6.46893e-09
1.22576e-08
2.23954e-08
3.93938e-08
6.6632e-08
1.08281e-07
1.68977e-07
2.53208e-07
3.64436e-07
5.04145e-07
6.70993e-07
8.60432e-07
1.06486e-06
1.27456e-06
1.47897e-06
1.66837e-06
1.83513e-06
1.97464e-06
2.08545e-06
2.16883e-06
2.22786e-06
2.26633e-06
2.28778e-06
2.29464e-06
2.28778e-06
2.26633e-06
2.22786e-06
2.16883e-06
2.08545e-06
1.97464e-06
1.83513e-06
1.66837e-06
1.47897e-06
1.27456e-06
1.06486e-06
8.60432e-07
6.70993e-07
5.04145e-07
3.64436e-07
2.53208e-07
1.68977e-07
1.08281e-07
6.6632e-08
3.93938e-08
2.23954e-08
1.22576e-08
6.46893e-09
3.29773e-09
1.62705e-09
7.78521e-10
3.62001e-10
1.63901e-10
7.23965e-11
3.12532e-11
1.3208e-11
5.47295e-12
2.2267e-12
8.90689e-13
3.50696e-13
1.36065e-13
5.20725e-14
1.96747e-14
7.3452e-15
2.71161e-15
9.90552e-16
3.58287e-16
1.28393e-16
4.56077e-17
1.60669e-17
5.61524e-18
1.94567e-18
6.62502e-19
2.03364e-19
0
0
8.27398e-20
2.69543e-19
7.91607e-19
2.2846e-18
6.53693e-18
1.85558e-17
5.22373e-17
1.45771e-16
4.03012e-16
1.10323e-15
2.98844e-15
8.00475e-15
2.1186e-14
5.53589e-14
1.42683e-13
3.62382e-13
9.05948e-13
2.2267e-12
5.37377e-12
1.27155e-11
2.9455e-11
6.66843e-11
1.47282e-10
3.16746e-10
6.61975e-10
1.3417e-09
2.63192e-09
4.98707e-09
9.11169e-09
1.60276e-08
2.71096e-08
4.40547e-08
6.87494e-08
1.03019e-07
1.48273e-07
2.05115e-07
2.72998e-07
3.50072e-07
4.33245e-07
5.18561e-07
6.01727e-07
6.78785e-07
7.46632e-07
8.03393e-07
8.48477e-07
8.82401e-07
9.06416e-07
9.22071e-07
9.30798e-07
9.3359e-07
9.30798e-07
9.22071e-07
9.06416e-07
8.82401e-07
8.48477e-07
8.03393e-07
7.46632e-07
6.78785e-07
6.01727e-07
5.18561e-07
4.33245e-07
3.50072e-07
2.72998e-07
2.05115e-07
1.48273e-07
1.03019e-07
6.87494e-08
4.40547e-08
2.71096e-08
1.60276e-08
9.11169e-09
4.98707e-09
2.63192e-09
1.3417e-09
6.61975e-10
3.16746e-10
1.47282e-10
6.66843e-11
2.9455e-11
1.27155e-11
5.37377e-12
2.2267e-12
9.05948e-13
3.62382e-13
1.42683e-13
5.53589e-14
2.1186e-14
8.00475e-15
2.98844e-15
1.10323e-15
4.03012e-16
1.45771e-16
5.22373e-17
1.85558e-17
6.53693e-18
2.2846e-18
7.91607e-19
2.69543e-19
8.27398e-20
0
0
3.30962e-20
1.07818e-19
3.16646e-19
9.13846e-19
2.61479e-18
7.42237e-18
2.08951e-17
5.83089e-17
1.61206e-16
4.41297e-16
1.19539e-15
3.20193e-15
8.47447e-15
2.21438e-14
5.70735e-14
1.44954e-13
3.62382e-13
8.90689e-13
2.14953e-12
5.08626e-12
1.17821e-11
2.66739e-11
5.89134e-11
1.26699e-10
2.64792e-10
5.36686e-10
1.05278e-09
1.99484e-09
3.64471e-09
6.41109e-09
1.08439e-08
1.7622e-08
2.75e-08
4.1208e-08
5.93096e-08
8.20465e-08
1.092e-07
1.4003e-07
1.73299e-07
2.07426e-07
2.40693e-07
2.71516e-07
2.98655e-07
3.2136e-07
3.39394e-07
3.52964e-07
3.6257e-07
3.68832e-07
3.72322e-07
3.73439e-07
3.72322e-07
3.68832e-07
3.6257e-07
3.52964e-07
3.39394e-07
3.2136e-07
2.98655e-07
2.71516e-07
2.40693e-07
2.07426e-07
1.73299e-07
1.4003e-07
1.092e-07
8.20465e-08
5.93096e-08
4.1208e-08
2.75e-08
1.7622e-08
1.08439e-08
6.41109e-09
3.64471e-09
1.99484e-09
1.05278e-09
5.36686e-10
2.64792e-10
1.26699e-10
5.89134e-11
2.66739e-11
1.17821e-11
5.08626e-12
2.14953e-12
8.90689e-13
3.62382e-13
1.44954e-13
5.70735e-14
2.21438e-14
8.47447e-15
3.20193e-15
1.19539e-15
4.41297e-16
1.61206e-16
5.83089e-17
2.08951e-17
7.42237e-18
2.61479e-18
9.13846e-19
3.16646e-19
1.07818e-19
3.30962e-20
0
0
1.30311e-20
4.24517e-20
1.24674e-19
3.59813e-19
1.02954e-18
2.92245e-18
8.22714e-18
2.29583e-17
6.34725e-17
1.73754e-16
4.70665e-16
1.26071e-15
3.3367e-15
8.71878e-15
2.24718e-14
5.70735e-14
1.42683e-13
3.50696e-13
8.46343e-13
2.00264e-12
4.63902e-12
1.05025e-11
2.31963e-11
4.9886e-11
1.04258e-10
2.11312e-10
4.14515e-10
7.8544e-10
1.43505e-09
2.52427e-09
4.26964e-09
6.93841e-09
1.08277e-08
1.6225e-08
2.33523e-08
3.23046e-08
4.29959e-08
5.51347e-08
6.8234e-08
8.16709e-08
9.47693e-08
1.06906e-07
1.17591e-07
1.26531e-07
1.33631e-07
1.38974e-07
1.42756e-07
1.45222e-07
1.46596e-07
1.47036e-07
1.46596e-07
1.45222e-07
1.42756e-07
1.38974e-07
1.33631e-07
1.26531e-07
1.17591e-07
1.06906e-07
9.47693e-08
8.16709e-08
6.8234e-08
5.51347e-08
4.29959e-08
3.23046e-08
2.33523e-08
1.6225e-08
1.08277e-08
6.93841e-09
4.26964e-09
2.52427e-09
1.43505e-09
7.8544e-10
4.14515e-10
2.11312e-10
1.04258e-10
4.9886e-11
2.31963e-11
1.05025e-11
4.63902e-12
2.00264e-12
8.46343e-13
3.50696e-13
1.42683e-13
5.70735e-14
2.24718e-14
8.71878e-15
3.3367e-15
1.26071e-15
4.70665e-16
1.73754e-16
6.34725e-17
2.29583e-17
8.22714e-18
2.92245e-18
1.02954e-18
3.59813e-19
1.24674e-19
4.24517e-20
1.30311e-20
0
0
5.05591e-21
1.64707e-20
4.83721e-20
1.39603e-19
3.99446e-19
1.13387e-18
3.19202e-18
8.9075e-18
2.46265e-17
6.74143e-17
1.82612e-16
4.89139e-16
1.29459e-15
3.38277e-15
8.71878e-15
2.21438e-14
5.53589e-14
1.36065e-13
3.2837e-13
7.76997e-13
1.79988e-12
4.07482e-12
8.99984e-12
1.93551e-11
4.04507e-11
8.19862e-11
1.60827e-10
3.0474e-10
5.5678e-10
9.79383e-10
1.65656e-09
2.69201e-09
4.20101e-09
6.29509e-09
9.06038e-09
1.25338e-08
1.66818e-08
2.13915e-08
2.64739e-08
3.16872e-08
3.67692e-08
4.14779e-08
4.56238e-08
4.90922e-08
5.18471e-08
5.39201e-08
5.53876e-08
5.63442e-08
5.68775e-08
5.7048e-08
5.68775e-08
5.63442e-08
5.53876e-08
5.39201e-08
5.18471e-08
4.90922e-08
4.56238e-08
4.14779e-08
3.67692e-08
3.16872e-08
2.64739e-08
2.13915e-08
1.66818e-08
1.25338e-08
9.06038e-09
6.29509e-09
4.20101e-09
2.69201e-09
1.65656e-09
9.79383e-10
5.5678e-10
3.0474e-10
1.60827e-10
8.19862e-11
4.04507e-11
1.93551e-11
8.99984e-12
4.07482e-12
1.79988e-12
7.76997e-13
3.2837e-13
1.36065e-13
5.53589e-14
2.21438e-14
8.71878e-15
3.38277e-15
1.29459e-15
4.89139e-16
1.82612e-16
6.74143e-17
2.46265e-17
8.9075e-18
3.19202e-18
1.13387e-18
3.99446e-19
1.39603e-19
4.83721e-20
1.64707e-20
5.05591e-21
0
0
1.93491e-21
6.30338e-21
1.85121e-20
5.34263e-20
1.52869e-19
4.33935e-19
1.22159e-18
3.40892e-18
9.42461e-18
2.57996e-17
6.9886e-17
1.87195e-16
4.95444e-16
1.29459e-15
3.3367e-15
8.47447e-15
2.1186e-14
5.20725e-14
1.25668e-13
2.97359e-13
6.88817e-13
1.55944e-12
3.44426e-12
7.40725e-12
1.54806e-11
3.13763e-11
6.15487e-11
1.16625e-10
2.13081e-10
3.74812e-10
6.33971e-10
1.03024e-09
1.60774e-09
2.40915e-09
3.46743e-09
4.7967e-09
6.38417e-09
8.18659e-09
1.01316e-08
1.21268e-08
1.40717e-08
1.58737e-08
1.74603e-08
1.87877e-08
1.9842e-08
2.06354e-08
2.1197e-08
2.15631e-08
2.17671e-08
2.18324e-08
2.17671e-08
2.15631e-08
2.1197e-08
2.06354e-08
1.9842e-08
1.87877e-08
1.74603e-08
1.58737e-08
1.40717e-08
1.21268e-08
1.01316e-08
8.18659e-09
6.38417e-09
4.7967e-09
3.46743e-09
2.40915e-09
1.60774e-09
1.03024e-09
6.33971e-10
3.74812e-10
2.13081e-10
1.16625e-10
6.15487e-11
3.13763e-11
1.54806e-11
7.40725e-12
3.44426e-12
1.55944e-12
6.88817e-13
2.97359e-13
1.25668e-13
5.20725e-14
2.1186e-14
8.47447e-15
3.3367e-15
1.29459e-15
4.95444e-16
1.87195e-16
6.9886e-17
2.57996e-17
9.42461e-18
3.40892e-18
1.22159e-18
4.33935e-19
1.52869e-19
5.34263e-20
1.85121e-20
6.30338e-21
1.93491e-21
0
0
7.3107e-22
2.38162e-21
6.99447e-21
2.01862e-20
5.77588e-20
1.63955e-19
4.61558e-19
1.288e-18
3.56092e-18
9.74793e-18
2.64052e-17
7.07282e-17
1.87195e-16
4.89139e-16
1.26071e-15
3.20193e-15
8.00475e-15
1.96747e-14
4.74814e-14
1.12352e-13
2.60257e-13
5.89207e-13
1.30135e-12
2.7987e-12
5.84907e-12
1.1855e-11
2.32551e-11
4.40646e-11
8.05089e-11
1.41616e-10
2.39535e-10
3.89258e-10
6.07455e-10
9.10253e-10
1.31011e-09
1.81235e-09
2.41215e-09
3.09316e-09
3.82805e-09
4.58189e-09
5.31673e-09
5.9976e-09
6.59707e-09
7.0986e-09
7.49696e-09
7.7967e-09
8.00889e-09
8.14722e-09
8.22433e-09
8.24899e-09
8.22433e-09
8.14722e-09
8.00889e-09
7.7967e-09
7.49696e-09
7.0986e-09
6.59707e-09
5.9976e-09
5.31673e-09
4.58189e-09
3.82805e-09
3.09316e-09
2.41215e-09
1.81235e-09
1.31011e-09
9.10253e-10
6.07455e-10
3.89258e-10
2.39535e-10
1.41616e-10
8.05089e-11
4.40646e-11
2.32551e-11
1.1855e-11
5.84907e-12
2.7987e-12
1.30135e-12
5.89207e-13
2.60257e-13
1.12352e-13
4.74814e-14
1.96747e-14
8.00475e-15
3.20193e-15
1.26071e-15
4.89139e-16
1.87195e-16
7.07282e-17
2.64052e-17
9.74793e-18
3.56092e-18
1.288e-18
4.61558e-19
1.63955e-19
5.77588e-20
2.01862e-20
6.99447e-21
2.38162e-21
7.3107e-22
0
0
2.72933e-22
8.89138e-22
2.61127e-21
7.53617e-21
2.15633e-20
6.12097e-20
1.72315e-19
4.80853e-19
1.32941e-18
3.63922e-18
9.85793e-18
2.64052e-17
6.9886e-17
1.82612e-16
4.70665e-16
1.19539e-15
2.98844e-15
7.3452e-15
1.77264e-14
4.19446e-14
9.71627e-14
2.19971e-13
4.85838e-13
1.04485e-12
2.18365e-12
4.42586e-12
8.68189e-12
1.64508e-11
3.00566e-11
5.287e-11
8.94262e-11
1.45323e-10
2.26783e-10
3.39828e-10
4.89106e-10
6.76609e-10
9.00534e-10
1.15478e-09
1.42914e-09
1.71057e-09
1.98491e-09
2.2391e-09
2.46291e-09
2.65014e-09
2.79886e-09
2.91077e-09
2.98999e-09
3.04163e-09
3.07041e-09
3.07962e-09
3.07041e-09
3.04163e-09
2.98999e-09
2.91077e-09
2.79886e-09
2.65014e-09
2.46291e-09
2.2391e-09
1.98491e-09
1.71057e-09
1.42914e-09
1.15478e-09
9.00534e-10
6.76609e-10
4.89106e-10
3.39828e-10
2.26783e-10
1.45323e-10
8.94262e-11
5.287e-11
3.00566e-11
1.64508e-11
8.68189e-12
4.42586e-12
2.18365e-12
1.04485e-12
4.85838e-13
2.19971e-13
9.71627e-14
4.19446e-14
1.77264e-14
7.3452e-15
2.98844e-15
1.19539e-15
4.70665e-16
1.82612e-16
6.9886e-17
2.64052e-17
9.85793e-18
3.63922e-18
1.32941e-18
4.80853e-19
1.72315e-19
6.12097e-20
2.15633e-20
7.53617e-21
2.61127e-21
8.89138e-22
2.72933e-22
0
0
1.00758e-22
3.28241e-22
9.63994e-22
2.78211e-21
7.96046e-21
2.25966e-20
6.36129e-20
1.77515e-19
4.90775e-19
1.34348e-18
3.63922e-18
9.74793e-18
2.57996e-17
6.74143e-17
1.73754e-16
4.41297e-16
1.10323e-15
2.71161e-15
6.544e-15
1.54846e-14
3.58693e-14
8.12059e-14
1.79355e-13
3.85723e-13
8.06132e-13
1.63388e-12
3.20507e-12
6.07309e-12
1.10959e-11
1.95179e-11
3.30132e-11
5.36484e-11
8.37208e-11
1.25453e-10
1.80562e-10
2.49782e-10
3.32448e-10
4.26306e-10
5.27591e-10
6.31486e-10
7.32764e-10
8.26603e-10
9.09223e-10
9.78345e-10
1.03325e-09
1.07456e-09
1.1038e-09
1.12287e-09
1.1335e-09
1.13689e-09
1.1335e-09
1.12287e-09
1.1038e-09
1.07456e-09
1.03325e-09
9.78345e-10
9.09223e-10
8.26603e-10
7.32764e-10
6.31486e-10
5.27591e-10
4.26306e-10
3.32448e-10
2.49782e-10
1.80562e-10
1.25453e-10
8.37208e-11
5.36484e-11
3.30132e-11
1.95179e-11
1.10959e-11
6.07309e-12
3.20507e-12
1.63388e-12
8.06132e-13
3.85723e-13
1.79355e-13
8.12059e-14
3.58693e-14
1.54846e-14
6.544e-15
2.71161e-15
1.10323e-15
4.41297e-16
1.73754e-16
6.74143e-17
2.57996e-17
9.74793e-18
3.63922e-18
1.34348e-18
4.90775e-19
1.77515e-19
6.36129e-20
2.25966e-20
7.96046e-21
2.78211e-21
9.63994e-22
3.28241e-22
1.00758e-22
0
0
3.68069e-23
1.19906e-22
3.52147e-22
1.0163e-21
2.90796e-21
8.25456e-21
2.32378e-20
6.48464e-20
1.7928e-19
4.90775e-19
1.32941e-18
3.56092e-18
9.42461e-18
2.46265e-17
6.34725e-17
1.61206e-16
4.03012e-16
9.90552e-16
2.39053e-15
5.65652e-15
1.31031e-14
2.96646e-14
6.55186e-14
1.40905e-13
2.9448e-13
5.96858e-13
1.17081e-12
2.2185e-12
4.05335e-12
7.12989e-12
1.20597e-11
1.95978e-11
3.05833e-11
4.58281e-11
6.59593e-11
9.12454e-11
1.21443e-10
1.5573e-10
1.92729e-10
2.30682e-10
2.67679e-10
3.01958e-10
3.3214e-10
3.5739e-10
3.77446e-10
3.92537e-10
4.0322e-10
4.10184e-10
4.14067e-10
4.15308e-10
4.14067e-10
4.10184e-10
4.0322e-10
3.92537e-10
3.77446e-10
3.5739e-10
3.3214e-10
3.01958e-10
2.67679e-10
2.30682e-10
1.92729e-10
1.5573e-10
1.21443e-10
9.12454e-11
6.59593e-11
4.58281e-11
3.05833e-11
1.95978e-11
1.20597e-11
7.12989e-12
4.05335e-12
2.2185e-12
1.17081e-12
5.96858e-13
2.9448e-13
1.40905e-13
6.55186e-14
2.96646e-14
1.31031e-14
5.65652e-15
2.39053e-15
9.90552e-16
4.03012e-16
1.61206e-16
6.34725e-17
2.46265e-17
9.42461e-18
3.56092e-18
1.32941e-18
4.90775e-19
1.7928e-19
6.48464e-20
2.32378e-20
8.25456e-21
2.90796e-21
1.0163e-21
3.52147e-22
1.19906e-22
3.68069e-23
0
0
1.33132e-23
4.33707e-23
1.27373e-22
3.67602e-22
1.05182e-21
2.98571e-21
8.40522e-21
2.34552e-20
6.48464e-20
1.77515e-19
4.80853e-19
1.288e-18
3.40892e-18
8.9075e-18
2.29583e-17
5.83089e-17
1.45771e-16
3.58287e-16
8.64663e-16
2.04599e-15
4.73943e-15
1.07298e-14
2.36984e-14
5.09659e-14
1.06515e-13
2.15886e-13
4.23488e-13
8.02442e-13
1.46611e-12
2.57891e-12
4.36206e-12
7.0886e-12
1.10621e-11
1.65762e-11
2.38578e-11
3.30038e-11
4.39265e-11
5.63281e-11
6.9711e-11
8.34387e-11
9.68206e-11
1.0922e-10
1.20136e-10
1.29269e-10
1.36524e-10
1.41982e-10
1.45846e-10
1.48365e-10
1.4977e-10
1.50219e-10
1.4977e-10
1.48365e-10
1.45846e-10
1.41982e-10
1.36524e-10
1.29269e-10
1.20136e-10
1.0922e-10
9.68206e-11
8.34387e-11
6.9711e-11
5.63281e-11
4.39265e-11
3.30038e-11
2.38578e-11
1.65762e-11
1.10621e-11
7.0886e-12
4.36206e-12
2.57891e-12
1.46611e-12
8.02442e-13
4.23488e-13
2.15886e-13
1.06515e-13
5.09659e-14
2.36984e-14
1.07298e-14
4.73943e-15
2.04599e-15
8.64663e-16
3.58287e-16
1.45771e-16
5.83089e-17
2.29583e-17
8.9075e-18
3.40892e-18
1.288e-18
4.80853e-19
1.77515e-19
6.48464e-20
2.34552e-20
8.40522e-21
2.98571e-21
1.05182e-21
3.67602e-22
1.27373e-22
4.33707e-23
1.33132e-23
0
0
4.77081e-24
1.5542e-23
4.56444e-23
1.31731e-22
3.76922e-22
1.06993e-21
3.01203e-21
8.40522e-21
2.32378e-20
6.36129e-20
1.72315e-19
4.61558e-19
1.22159e-18
3.19202e-18
8.22714e-18
2.08951e-17
5.22373e-17
1.28393e-16
3.09854e-16
7.33183e-16
1.69839e-15
3.84504e-15
8.49235e-15
1.82637e-14
3.81698e-14
7.73632e-14
1.51758e-13
2.87557e-13
5.25384e-13
9.24158e-13
1.56315e-12
2.54021e-12
3.96412e-12
5.94012e-12
8.54948e-12
1.1827e-11
1.57412e-11
2.01853e-11
2.49811e-11
2.99004e-11
3.46959e-11
3.91391e-11
4.30511e-11
4.6324e-11
4.89236e-11
5.08797e-11
5.22644e-11
5.3167e-11
5.36702e-11
5.38312e-11
5.36702e-11
5.3167e-11
5.22644e-11
5.08797e-11
4.89236e-11
4.6324e-11
4.30511e-11
3.91391e-11
3.46959e-11
2.99004e-11
2.49811e-11
2.01853e-11
1.57412e-11
1.1827e-11
8.54948e-12
5.94012e-12
3.96412e-12
2.54021e-12
1.56315e-12
9.24158e-13
5.25384e-13
2.87557e-13
1.51758e-13
7.73632e-14
3.81698e-14
1.82637e-14
8.49235e-15
3.84504e-15
1.69839e-15
7.33183e-16
3.09854e-16
1.28393e-16
5.22373e-17
2.08951e-17
8.22714e-18
3.19202e-18
1.22159e-18
4.61558e-19
1.72315e-19
6.36129e-20
2.32378e-20
8.40522e-21
3.01203e-21
1.06993e-21
3.76922e-22
1.31731e-22
4.56444e-23
1.5542e-23
4.77081e-24
0
0
1.69469e-24
5.52082e-24
1.62138e-23
4.67935e-23
1.3389e-22
3.80063e-22
1.06993e-21
2.98571e-21
8.25456e-21
2.25966e-20
6.12097e-20
1.63955e-19
4.33935e-19
1.13387e-18
2.92245e-18
7.42237e-18
1.85558e-17
4.56077e-17
1.10066e-16
2.60442e-16
6.03301e-16
1.36584e-15
3.01666e-15
6.48765e-15
1.35587e-14
2.7481e-14
5.39075e-14
1.02146e-13
1.86627e-13
3.2828e-13
5.55264e-13
9.02336e-13
1.40814e-12
2.11005e-12
3.03695e-12
4.20119e-12
5.59158e-12
7.17023e-12
8.87379e-12
1.06212e-11
1.23247e-11
1.3903e-11
1.52926e-11
1.64552e-11
1.73787e-11
1.80735e-11
1.85654e-11
1.8886e-11
1.90648e-11
1.91219e-11
1.90648e-11
1.8886e-11
1.85654e-11
1.80735e-11
1.73787e-11
1.64552e-11
1.52926e-11
1.3903e-11
1.23247e-11
1.06212e-11
8.87379e-12
7.17023e-12
5.59158e-12
4.20119e-12
3.03695e-12
2.11005e-12
1.40814e-12
9.02336e-13
5.55264e-13
3.2828e-13
1.86627e-13
1.02146e-13
5.39075e-14
2.7481e-14
1.35587e-14
6.48765e-15
3.01666e-15
1.36584e-15
6.03301e-16
2.60442e-16
1.10066e-16
4.56077e-17
1.85558e-17
7.42237e-18
2.92245e-18
1.13387e-18
4.33935e-19
1.63955e-19
6.12097e-20
2.25966e-20
8.25456e-21
2.98571e-21
1.06993e-21
3.80063e-22
1.3389e-22
4.67935e-23
1.62138e-23
5.52082e-24
1.69469e-24
0
0
5.97014e-25
1.9449e-24
5.7119e-24
1.64847e-23
4.71676e-23
1.3389e-22
3.76922e-22
1.05182e-21
2.90796e-21
7.96046e-21
2.15633e-20
5.77588e-20
1.52869e-19
3.99446e-19
1.02954e-18
2.61479e-18
6.53693e-18
1.60669e-17
3.87748e-17
9.17498e-17
2.12534e-16
4.81165e-16
1.06272e-15
2.2855e-15
4.77653e-15
9.68115e-15
1.89908e-14
3.59845e-14
6.5746e-14
1.15648e-13
1.95611e-13
3.1788e-13
4.96066e-13
7.43341e-13
1.06987e-12
1.48002e-12
1.96983e-12
2.52597e-12
3.12611e-12
3.74171e-12
4.3418e-12
4.89782e-12
5.38737e-12
5.79693e-12
6.12224e-12
6.36703e-12
6.54031e-12
6.65327e-12
6.71624e-12
6.73638e-12
6.71624e-12
6.65327e-12
6.54031e-12
6.36703e-12
6.12224e-12
5.79693e-12
5.38737e-12
4.89782e-12
4.3418e-12
3.74171e-12
3.12611e-12
2.52597e-12
1.96983e-12
1.48002e-12
1.06987e-12
7.43341e-13
4.96066e-13
3.1788e-13
1.95611e-13
1.15648e-13
6.5746e-14
3.59845e-14
1.89908e-14
9.68115e-15
4.77653e-15
2.2855e-15
1.06272e-15
4.81165e-16
2.12534e-16
9.17498e-17
3.87748e-17
1.60669e-17
6.53693e-18
2.61479e-18
1.02954e-18
3.99446e-19
1.52869e-19
5.77588e-20
2.15633e-20
7.96046e-21
2.90796e-21
1.05182e-21
3.76922e-22
1.3389e-22
4.71676e-23
1.64847e-23
5.7119e-24
1.9449e-24
5.97014e-25
0
0
2.08651e-25
6.79726e-25
1.99625e-24
5.76123e-24
1.64847e-23
4.67935e-23
1.31731e-22
3.67602e-22
1.0163e-21
2.78211e-21
7.53617e-21
2.01862e-20
5.34263e-20
1.39603e-19
3.59813e-19
9.13846e-19
2.2846e-18
5.61524e-18
1.35514e-17
3.20657e-17
7.42787e-17
1.68163e-16
3.71412e-16
7.98762e-16
1.66935e-15
3.38347e-15
6.63711e-15
1.25763e-14
2.29776e-14
4.04179e-14
6.83643e-14
1.11096e-13
1.73371e-13
2.59791e-13
3.73911e-13
5.17252e-13
6.88438e-13
8.82802e-13
1.09254e-12
1.30769e-12
1.51742e-12
1.71174e-12
1.88284e-12
2.02597e-12
2.13967e-12
2.22522e-12
2.28578e-12
2.32526e-12
2.34726e-12
2.3543e-12
2.34726e-12
2.32526e-12
2.28578e-12
2.22522e-12
2.13967e-12
2.02597e-12
1.88284e-12
1.71174e-12
1.51742e-12
1.30769e-12
1.09254e-12
8.82802e-13
6.88438e-13
5.17252e-13
3.73911e-13
2.59791e-13
1.73371e-13
1.11096e-13
6.83643e-14
4.04179e-14
2.29776e-14
1.25763e-14
6.63711e-15
3.38347e-15
1.66935e-15
7.98762e-16
3.71412e-16
1.68163e-16
7.42787e-17
3.20657e-17
1.35514e-17
5.61524e-18
2.2846e-18
9.13846e-19
3.59813e-19
1.39603e-19
5.34263e-20
2.01862e-20
7.53617e-21
2.78211e-21
1.0163e-21
3.67602e-22
1.31731e-22
4.67935e-23
1.64847e-23
5.76123e-24
1.99625e-24
6.79726e-25
2.08651e-25
0
0
7.22971e-26
2.35524e-25
6.91698e-25
1.99625e-24
5.7119e-24
1.62138e-23
4.56444e-23
1.27373e-22
3.52147e-22
9.63994e-22
2.61127e-21
6.99447e-21
1.85121e-20
4.83721e-20
1.24674e-19
3.16646e-19
7.91607e-19
1.94567e-18
4.69554e-18
1.11107e-17
2.57374e-17
5.8268e-17
1.28694e-16
2.76769e-16
5.78427e-16
1.17237e-15
2.29974e-15
4.35765e-15
7.9617e-15
1.40047e-14
2.36881e-14
3.84945e-14
6.00725e-14
9.00169e-14
1.29559e-13
1.79227e-13
2.38542e-13
3.05889e-13
3.78565e-13
4.53113e-13
5.25783e-13
5.93115e-13
6.52399e-13
7.01996e-13
7.4139e-13
7.71033e-13
7.92017e-13
8.05696e-13
8.13322e-13
8.15761e-13
8.13322e-13
8.05696e-13
7.92017e-13
7.71033e-13
7.4139e-13
7.01996e-13
6.52399e-13
5.93115e-13
5.25783e-13
4.53113e-13
3.78565e-13
3.05889e-13
2.38542e-13
1.79227e-13
1.29559e-13
9.00169e-14
6.00725e-14
3.84945e-14
2.36881e-14
1.40047e-14
7.9617e-15
4.35765e-15
2.29974e-15
1.17237e-15
5.78427e-16
2.76769e-16
1.28694e-16
5.8268e-17
2.57374e-17
1.11107e-17
4.69554e-18
1.94567e-18
7.91607e-19
3.16646e-19
1.24674e-19
4.83721e-20
1.85121e-20
6.99447e-21
2.61127e-21
9.63994e-22
3.52147e-22
1.27373e-22
4.56444e-23
1.62138e-23
5.7119e-24
1.99625e-24
6.91698e-25
2.35524e-25
7.22971e-26
0
0
2.46172e-26
8.0196e-26
2.35524e-25
6.79726e-25
1.9449e-24
5.52082e-24
1.5542e-23
4.33707e-23
1.19906e-22
3.28241e-22
8.89138e-22
2.38162e-21
6.30338e-21
1.64707e-20
4.24517e-20
1.07818e-19
2.69543e-19
6.62502e-19
1.59883e-18
3.7832e-18
8.76361e-18
1.98403e-17
4.38202e-17
9.42401e-17
1.96955e-16
3.99191e-16
7.83065e-16
1.48378e-15
2.71096e-15
4.76862e-15
8.06581e-15
1.31074e-14
2.04547e-14
3.06508e-14
4.4115e-14
6.10269e-14
8.12238e-14
1.04155e-13
1.28901e-13
1.54285e-13
1.79029e-13
2.01956e-13
2.22142e-13
2.3903e-13
2.52444e-13
2.62537e-13
2.69682e-13
2.7434e-13
2.76937e-13
2.77767e-13
2.76937e-13
2.7434e-13
2.69682e-13
2.62537e-13
2.52444e-13
2.3903e-13
2.22142e-13
2.01956e-13
1.79029e-13
1.54285e-13
1.28901e-13
1.04155e-13
8.12238e-14
6.10269e-14
4.4115e-14
3.06508e-14
2.04547e-14
1.31074e-14
8.06581e-15
4.76862e-15
2.71096e-15
1.48378e-15
7.83065e-16
3.99191e-16
1.96955e-16
9.42401e-17
4.38202e-17
1.98403e-17
8.76361e-18
3.7832e-18
1.59883e-18
6.62502e-19
2.69543e-19
1.07818e-19
4.24517e-20
1.64707e-20
6.30338e-21
2.38162e-21
8.89138e-22
3.28241e-22
1.19906e-22
4.33707e-23
1.5542e-23
5.52082e-24
1.9449e-24
6.79726e-25
2.35524e-25
8.0196e-26
2.46172e-26
0
0
7.55658e-27
2.46172e-26
7.22971e-26
2.08651e-25
5.97014e-25
1.69469e-24
4.77081e-24
1.33132e-23
3.68069e-23
1.00758e-22
2.72933e-22
7.3107e-22
1.93491e-21
5.05591e-21
1.30311e-20
3.30962e-20
8.27398e-20
2.03364e-19
4.90784e-19
1.1613e-18
2.69011e-18
6.09024e-18
1.34512e-17
2.89283e-17
6.04579e-17
1.22537e-16
2.40372e-16
4.55467e-16
8.32167e-16
1.46379e-15
2.47591e-15
4.0235e-15
6.27885e-15
9.40868e-15
1.35417e-14
1.8733e-14
2.49327e-14
3.19719e-14
3.9568e-14
4.73599e-14
5.49555e-14
6.19932e-14
6.81895e-14
7.33735e-14
7.7491e-14
8.05893e-14
8.27826e-14
8.42123e-14
8.50094e-14
8.52643e-14
8.50094e-14
8.42123e-14
8.27826e-14
8.05893e-14
7.7491e-14
7.33735e-14
6.81895e-14
6.19932e-14
5.49555e-14
4.73599e-14
3.9568e-14
3.19719e-14
2.49327e-14
1.8733e-14
1.35417e-14
9.40868e-15
6.27885e-15
4.0235e-15
2.47591e-15
1.46379e-15
8.32167e-16
4.55467e-16
2.40372e-16
1.22537e-16
6.04579e-17
2.89283e-17
1.34512e-17
6.09024e-18
2.69011e-18
1.1613e-18
4.90784e-19
2.03364e-19
8.27398e-20
3.30962e-20
1.30311e-20
5.05591e-21
1.93491e-21
7.3107e-22
2.72933e-22
1.00758e-22
3.68069e-23
1.33132e-23
4.77081e-24
1.69469e-24
5.97014e-25
2.08651e-25
7.22971e-26
2.46172e-26
7.55658e-27
0
0
0
0
0
0
0
0
0
0
0
0
0
0
0
0
0
0
0
0
0
0
0
0
0
0
0
0
0
0
0
0
0
0
0
0
0
0
0
0
0
0
0
0
0
0
0
0
0
0
0
0
0
0
0
0
0
0
0
0
0
0
0
0
0
0
0
0
0
0
0
0
0
0
0
0
0
0
0
0
0
0
0
0
0
0
0
0
0
0
0
0
0
0
0
0
0
0
0
0
0
0
