# vtk DataFile Version 3.0
Heat2D data at time 0.15
ASCII
DATASET STRUCTURED_POINTS
DIMENSIONS 101 101 1
ORIGIN 0 0 0
SPACING 0.01 0.01 1
POINT_DATA 10201
SCALARS temperature double
LOOKUP_TABLE default
0
0
0
0
0
0
0
0
0
0
0
0
0
0
0
0
0
0
0
0
0
0
0
0
0
0
0
0
0
0
0
0
0
0
0
0
0
0
0
0
0
0
0
0
0
0
0
0
0
0
0
0
0
0
0
0
0
0
0
0
0
0
0
0
0
0
0
0
0
0
0
0
0
0
0
0
0
0
0
0
0
0
0
0
0
0
0
0
0
0
0
0
0
0
0
0
0
0
0
0
0
0
1.10259e-05
2.21977e-05
3.36608e-05
4.55597e-05
5.80375e-05
7.12354e-05
8.52918e-05
0.000100342
0.000116517
0.000133942
0.000152738
0.000173016
0.00019488
0.000218424
0.00024373
0.000270868
0.00029989
0.000330837
0.000363728
0.000398566
0.000435331
0.000473981
0.000514454
0.00055666
0.000600487
0.000645797
0.000692429
0.000740193
0.00078888
0.000838255
0.000888063
0.000938027
0.000987856
0.00103724
0.00108587
0.0011334
0.00117951
0.00122387
0.00126614
0.001306
0.00134314
0.00137725
0.00140807
0.00143533
0.00145881
0.0014783
0.00149364
0.0015047
0.00151137
0.0015136
0.00151137
0.0015047
0.00149364
0.0014783
0.00145881
0.00143533
0.00140807
0.00137725
0.00134314
0.001306
0.00126614
0.00122387
0.00117951
0.0011334
0.00108587
0.00103724
0.000987856
0.000938027
0.000888063
0.000838255
0.00078888
0.000740193
0.000692429
0.000645797
0.000600487
0.00055666
0.000514454
0.000473981
0.000435331
0.000398566
0.000363728
0.000330837
0.00029989
0.000270868
0.00024373
0.000218424
0.00019488
0.000173016
0.000152738
0.000133942
0.000116517
0.000100342
8.52918e-05
7.12354e-05
5.80375e-05
4.55597e-05
3.36608e-05
2.21977e-05
1.10259e-05
0
0
2.21977e-05
4.4689e-05
6.77668e-05
9.17221e-05
0.000116843
0.000143413
0.000171712
0.000202012
0.000234575
0.000269657
0.000307497
0.000348321
0.000392339
0.000439739
0.000490685
0.000545319
0.000603748
0.000666051
0.000732269
0.000802405
0.000876421
0.000954234
0.00103571
0.00112068
0.00120892
0.00130014
0.00139402
0.00149018
0.0015882
0.0016876
0.00178787
0.00188846
0.00198878
0.00208821
0.0021861
0.0022818
0.00237463
0.00246393
0.00254903
0.00262928
0.00270405
0.00277273
0.00283477
0.00288966
0.00293692
0.00297617
0.00300705
0.0030293
0.00304273
0.00304722
0.00304273
0.0030293
0.00300705
0.00297617
0.00293692
0.00288966
0.00283477
0.00277273
0.00270405
0.00262928
0.00254903
0.00246393
0.00237463
0.0022818
0.0021861
0.00208821
0.00198878
0.00188846
0.00178787
0.0016876
0.0015882
0.00149018
0.00139402
0.00130014
0.00120892
0.00112068
0.00103571
0.000954234
0.000876421
0.000802405
0.000732269
0.000666051
0.000603748
0.000545319
0.000490685
0.000439739
0.000392339
0.000348321
0.000307497
0.000269657
0.000234575
0.000202012
0.000171712
0.000143413
0.000116843
9.17221e-05
6.77668e-05
4.4689e-05
2.21977e-05
0
0
3.36608e-05
6.77668e-05
0.000102762
0.000139088
0.000177181
0.000217473
0.000260386
0.000306332
0.000355712
0.00040891
0.000466291
0.000528197
0.000594946
0.000666824
0.00074408
0.000826926
0.000915529
0.00101001
0.00111042
0.00121677
0.00132901
0.00144701
0.00157057
0.00169942
0.00183321
0.00197154
0.0021139
0.00225972
0.00240836
0.00255909
0.00271115
0.00286368
0.00301581
0.00316658
0.00331502
0.00346014
0.00360091
0.00373633
0.00386537
0.00398706
0.00410044
0.00420459
0.00429868
0.0043819
0.00445358
0.00451309
0.00455992
0.00459366
0.00461403
0.00462084
0.00461403
0.00459366
0.00455992
0.00451309
0.00445358
0.0043819
0.00429868
0.00420459
0.00410044
0.00398706
0.00386537
0.00373633
0.00360091
0.00346014
0.00331502
0.00316658
0.00301581
0.00286368
0.00271115
0.00255909
0.00240836
0.00225972
0.0021139
0.00197154
0.00183321
0.00169942
0.00157057
0.00144701
0.00132901
0.00121677
0.00111042
0.00101001
0.000915529
0.000826926
0.00074408
0.000666824
0.000594946
0.000528197
0.000466291
0.00040891
0.000355712
0.000306332
0.000260386
0.000217473
0.000177181
0.000139088
0.000102762
6.77668e-05
3.36608e-05
0
0
4.55597e-05
9.17221e-05
0.000139088
0.000188255
0.000239814
0.000294349
0.000352431
0.000414619
0.000481455
0.000553457
0.000631122
0.000714912
0.000805257
0.000902542
0.00100711
0.00111924
0.00123916
0.00136704
0.00150295
0.0016469
0.00179881
0.00195852
0.00212575
0.00230015
0.00248125
0.00266847
0.00286115
0.00305852
0.0032597
0.00346372
0.00366953
0.00387598
0.00408188
0.00428594
0.00448686
0.00468328
0.00487381
0.0050571
0.00523176
0.00539647
0.00554992
0.00569089
0.00581823
0.00593088
0.00602789
0.00610844
0.00617182
0.0062175
0.00624506
0.00625428
0.00624506
0.0062175
0.00617182
0.00610844
0.00602789
0.00593088
0.00581823
0.00569089
0.00554992
0.00539647
0.00523176
0.0050571
0.00487381
0.00468328
0.00448686
0.00428594
0.00408188
0.00387598
0.00366953
0.00346372
0.0032597
0.00305852
0.00286115
0.00266847
0.00248125
0.00230015
0.00212575
0.00195852
0.00179881
0.0016469
0.00150295
0.00136704
0.00123916
0.00111924
0.00100711
0.000902542
0.000805257
0.000714912
0.000631122
0.000553457
0.000481455
0.000414619
0.000352431
0.000294349
0.000239814
0.000188255
0.000139088
9.17221e-05
4.55597e-05
0
0
5.80375e-05
0.000116843
0.000177181
0.000239814
0.000305494
0.000374965
0.000448954
0.000528174
0.000613315
0.000705038
0.000803973
0.000910712
0.0010258
0.00114973
0.00128293
0.00142578
0.00157854
0.00174144
0.00191457
0.00209795
0.00229147
0.00249491
0.00270795
0.00293011
0.00316081
0.00339931
0.00364476
0.00389619
0.00415246
0.00441236
0.00467453
0.00493753
0.00519982
0.00545977
0.00571572
0.00596593
0.00620865
0.00644213
0.00666463
0.00687445
0.00706993
0.00724951
0.00741173
0.00755523
0.00767881
0.00778141
0.00786215
0.00792034
0.00795545
0.00796719
0.00795545
0.00792034
0.00786215
0.00778141
0.00767881
0.00755523
0.00741173
0.00724951
0.00706993
0.00687445
0.00666463
0.00644213
0.00620865
0.00596593
0.00571572
0.00545977
0.00519982
0.00493753
0.00467453
0.00441236
0.00415246
0.00389619
0.00364476
0.00339931
0.00316081
0.00293011
0.00270795
0.00249491
0.00229147
0.00209795
0.00191457
0.00174144
0.00157854
0.00142578
0.00128293
0.00114973
0.0010258
0.000910712
0.000803973
0.000705038
0.000613315
0.000528174
0.000448954
0.000374965
0.000305494
0.000239814
0.000177181
0.000116843
5.80375e-05
0
0
7.12354e-05
0.000143413
0.000217473
0.000294349
0.000374965
0.000460233
0.000551048
0.000648283
0.000752784
0.000865365
0.000986799
0.00111781
0.00125907
0.00141118
0.00157468
0.00175
0.00193751
0.00213745
0.00234995
0.00257503
0.00281255
0.00306227
0.00332375
0.00359643
0.00387958
0.00417232
0.00447359
0.00478219
0.00509674
0.00541574
0.00573753
0.00606034
0.00638227
0.00670134
0.00701549
0.00732259
0.00762051
0.00790709
0.00818019
0.00843772
0.00867765
0.00889807
0.00909717
0.00927331
0.00942499
0.00955092
0.00965003
0.00972144
0.00976454
0.00977895
0.00976454
0.00972144
0.00965003
0.00955092
0.00942499
0.00927331
0.00909717
0.00889807
0.00867765
0.00843772
0.00818019
0.00790709
0.00762051
0.00732259
0.00701549
0.00670134
0.00638227
0.00606034
0.00573753
0.00541574
0.00509674
0.00478219
0.00447359
0.00417232
0.00387958
0.00359643
0.00332375
0.00306227
0.00281255
0.00257503
0.00234995
0.00213745
0.00193751
0.00175
0.00157468
0.00141118
0.00125907
0.00111781
0.000986799
0.000865365
0.000752784
0.000648283
0.000551048
0.000460233
0.000374965
0.000294349
0.000217473
0.000143413
7.12354e-05
0
0
8.52918e-05
0.000171712
0.000260386
0.000352431
0.000448954
0.000551048
0.000659782
0.000776205
0.000901327
0.00103612
0.00118152
0.00133838
0.00150751
0.00168964
0.0018854
0.00209532
0.00231983
0.00255922
0.00281365
0.00308314
0.00336754
0.00366652
0.0039796
0.00430609
0.00464512
0.00499562
0.00535634
0.00572583
0.00610245
0.0064844
0.00686969
0.00725619
0.00764165
0.00802368
0.00839981
0.00876752
0.00912423
0.00946735
0.00979434
0.0101027
0.01039
0.0106539
0.0108923
0.0111032
0.0112848
0.0114356
0.0115542
0.0116397
0.0116913
0.0117086
0.0116913
0.0116397
0.0115542
0.0114356
0.0112848
0.0111032
0.0108923
0.0106539
0.01039
0.0101027
0.00979434
0.00946735
0.00912423
0.00876752
0.00839981
0.00802368
0.00764165
0.00725619
0.00686969
0.0064844
0.00610245
0.00572583
0.00535634
0.00499562
0.00464512
0.00430609
0.0039796
0.00366652
0.00336754
0.00308314
0.00281365
0.00255922
0.00231983
0.00209532
0.0018854
0.00168964
0.00150751
0.00133838
0.00118152
0.00103612
0.000901327
0.000776205
0.000659782
0.000551048
0.000448954
0.000352431
0.000260386
0.000171712
8.52918e-05
0
0
0.000100342
0.000202012
0.000306332
0.000414619
0.000528174
0.000648283
0.000776205
0.00091317
0.00106037
0.00121895
0.00139
0.00157455
0.00177352
0.00198779
0.00221809
0.00246505
0.00272917
0.00301081
0.00331014
0.00362718
0.00396176
0.0043135
0.00468182
0.00506592
0.00546477
0.00587712
0.0063015
0.00673618
0.00717926
0.0076286
0.00808188
0.00853659
0.00899006
0.0094395
0.009882
0.0103146
0.0107342
0.0111379
0.0115226
0.0118854
0.0122233
0.0125338
0.0128143
0.0130624
0.013276
0.0134534
0.013593
0.0136936
0.0137543
0.0137746
0.0137543
0.0136936
0.013593
0.0134534
0.013276
0.0130624
0.0128143
0.0125338
0.0122233
0.0118854
0.0115226
0.0111379
0.0107342
0.0103146
0.009882
0.0094395
0.00899006
0.00853659
0.00808188
0.0076286
0.00717926
0.00673618
0.0063015
0.00587712
0.00546477
0.00506592
0.00468182
0.0043135
0.00396176
0.00362718
0.00331014
0.00301081
0.00272917
0.00246505
0.00221809
0.00198779
0.00177352
0.00157455
0.00139
0.00121895
0.00106037
0.00091317
0.000776205
0.000648283
0.000528174
0.000414619
0.000306332
0.000202012
0.000100342
0
0
0.000116517
0.000234575
0.000355712
0.000481455
0.000613315
0.000752784
0.000901327
0.00106037
0.0012313
0.00141544
0.00161407
0.00182836
0.00205941
0.00230821
0.00257564
0.00286241
0.00316911
0.00349614
0.00384372
0.00421187
0.00460039
0.00500883
0.00543652
0.00588254
0.00634568
0.0068245
0.00731728
0.00782204
0.00833654
0.00885832
0.00938466
0.00991266
0.0104392
0.0109611
0.011475
0.0119773
0.0124646
0.0129333
0.01338
0.0138012
0.0141937
0.0145542
0.0148799
0.015168
0.0154161
0.0156221
0.0157842
0.015901
0.0159715
0.015995
0.0159715
0.015901
0.0157842
0.0156221
0.0154161
0.015168
0.0148799
0.0145542
0.0141937
0.0138012
0.01338
0.0129333
0.0124646
0.0119773
0.011475
0.0109611
0.0104392
0.00991266
0.00938466
0.00885832
0.00833654
0.00782204
0.00731728
0.0068245
0.00634568
0.00588254
0.00543652
0.00500883
0.00460039
0.00421187
0.00384372
0.00349614
0.00316911
0.00286241
0.00257564
0.00230821
0.00205941
0.00182836
0.00161407
0.00141544
0.0012313
0.00106037
0.000901327
0.000752784
0.000613315
0.000481455
0.000355712
0.000234575
0.000116517
0
0
0.000133942
0.000269657
0.00040891
0.000553457
0.000705038
0.000865365
0.00103612
0.00121895
0.00141544
0.00162713
0.00185546
0.00210179
0.0023674
0.00265341
0.00296083
0.00329049
0.00364306
0.004019
0.00441856
0.00484177
0.00528839
0.00575791
0.00624957
0.00676229
0.0072947
0.00784513
0.0084116
0.00899185
0.0095833
0.0101831
0.0107882
0.0113951
0.0120005
0.0126004
0.0131911
0.0137685
0.0143287
0.0148675
0.015381
0.0158653
0.0163164
0.0167309
0.0171052
0.0174364
0.0177216
0.0179584
0.0181447
0.018279
0.0183601
0.0183872
0.0183601
0.018279
0.0181447
0.0179584
0.0177216
0.0174364
0.0171052
0.0167309
0.0163164
0.0158653
0.015381
0.0148675
0.0143287
0.0137685
0.0131911
0.0126004
0.0120005
0.0113951
0.0107882
0.0101831
0.0095833
0.00899185
0.0084116
0.00784513
0.0072947
0.00676229
0.00624957
0.00575791
0.00528839
0.00484177
0.00441856
0.004019
0.00364306
0.00329049
0.00296083
0.00265341
0.0023674
0.00210179
0.00185546
0.00162713
0.00141544
0.00121895
0.00103612
0.000865365
0.000705038
0.000553457
0.00040891
0.000269657
0.000133942
0
0
0.000152738
0.000307497
0.000466291
0.000631122
0.000803973
0.000986799
0.00118152
0.00139
0.00161407
0.00185546
0.00211583
0.00239673
0.00269961
0.00302576
0.00337631
0.00375223
0.00415427
0.00458297
0.0050386
0.0055212
0.00603049
0.0065659
0.00712655
0.00771121
0.00831833
0.008946
0.00959197
0.0102536
0.0109281
0.0116121
0.012302
0.0129942
0.0136844
0.0143686
0.0150421
0.0157006
0.0163394
0.0169538
0.0175394
0.0180916
0.018606
0.0190786
0.0195055
0.0198832
0.0202084
0.0204784
0.0206909
0.020844
0.0209365
0.0209674
0.0209365
0.020844
0.0206909
0.0204784
0.0202084
0.0198832
0.0195055
0.0190786
0.018606
0.0180916
0.0175394
0.0169538
0.0163394
0.0157006
0.0150421
0.0143686
0.0136844
0.0129942
0.012302
0.0116121
0.0109281
0.0102536
0.00959197
0.008946
0.00831833
0.00771121
0.00712655
0.0065659
0.00603049
0.0055212
0.0050386
0.00458297
0.00415427
0.00375223
0.00337631
0.00302576
0.00269961
0.00239673
0.00211583
0.00185546
0.00161407
0.00139
0.00118152
0.000986799
0.000803973
0.000631122
0.000466291
0.000307497
0.000152738
0
0
0.000173016
0.000348321
0.000528197
0.000714912
0.000910712
0.00111781
0.00133838
0.00157455
0.00182836
0.00210179
0.00239673
0.00271493
0.00305802
0.00342747
0.00382457
0.00425039
0.00470581
0.00519142
0.00570755
0.00625421
0.00683112
0.00743761
0.0080727
0.00873499
0.00942271
0.0101337
0.0108654
0.011615
0.0123789
0.0131537
0.0139353
0.0147193
0.0155012
0.0162762
0.0170392
0.0177851
0.0185087
0.0192047
0.019868
0.0204935
0.0210762
0.0216116
0.0220952
0.022523
0.0228914
0.0231972
0.0234379
0.0236114
0.0237161
0.0237511
0.0237161
0.0236114
0.0234379
0.0231972
0.0228914
0.022523
0.0220952
0.0216116
0.0210762
0.0204935
0.019868
0.0192047
0.0185087
0.0177851
0.0170392
0.0162762
0.0155012
0.0147193
0.0139353
0.0131537
0.0123789
0.011615
0.0108654
0.0101337
0.00942271
0.00873499
0.0080727
0.00743761
0.00683112
0.00625421
0.00570755
0.00519142
0.00470581
0.00425039
0.00382457
0.00342747
0.00305802
0.00271493
0.00239673
0.00210179
0.00182836
0.00157455
0.00133838
0.00111781
0.000910712
0.000714912
0.000528197
0.000348321
0.000173016
0
0
0.00019488
0.000392339
0.000594946
0.000805257
0.0010258
0.00125907
0.00150751
0.00177352
0.00205941
0.0023674
0.00269961
0.00305802
0.00344447
0.0038606
0.00430788
0.00478752
0.00530049
0.00584747
0.00642882
0.00704457
0.00769438
0.00837752
0.00909286
0.00983884
0.0106135
0.0114143
0.0122385
0.0130828
0.0139433
0.014816
0.0156963
0.0165794
0.0174601
0.018333
0.0191924
0.0200326
0.0208476
0.0216316
0.0223787
0.0230833
0.0237397
0.0243427
0.0248874
0.0253692
0.0257842
0.0261287
0.0263998
0.0265952
0.0267131
0.0267525
0.0267131
0.0265952
0.0263998
0.0261287
0.0257842
0.0253692
0.0248874
0.0243427
0.0237397
0.0230833
0.0223787
0.0216316
0.0208476
0.0200326
0.0191924
0.018333
0.0174601
0.0165794
0.0156963
0.014816
0.0139433
0.0130828
0.0122385
0.0114143
0.0106135
0.00983884
0.00909286
0.00837752
0.00769438
0.00704457
0.00642882
0.00584747
0.00530049
0.00478752
0.00430788
0.0038606
0.00344447
0.00305802
0.00269961
0.0023674
0.00205941
0.00177352
0.00150751
0.00125907
0.0010258
0.000805257
0.000594946
0.000392339
0.00019488
0
0
0.000218424
0.000439739
0.000666824
0.000902542
0.00114973
0.00141118
0.00168964
0.00198779
0.00230821
0.00265341
0.00302576
0.00342747
0.0038606
0.00432701
0.00482833
0.00536592
0.00594086
0.00655392
0.0072055
0.00789564
0.00862395
0.00938963
0.0101914
0.0110275
0.0118957
0.0127933
0.0137171
0.0146633
0.0156278
0.0166059
0.0175926
0.0185824
0.0195696
0.0205479
0.0215111
0.0224528
0.0233663
0.024245
0.0250824
0.025872
0.0266077
0.0272836
0.0278941
0.0284341
0.0288992
0.0292854
0.0295893
0.0298082
0.0299404
0.0299846
0.0299404
0.0298082
0.0295893
0.0292854
0.0288992
0.0284341
0.0278941
0.0272836
0.0266077
0.025872
0.0250824
0.024245
0.0233663
0.0224528
0.0215111
0.0205479
0.0195696
0.0185824
0.0175926
0.0166059
0.0156278
0.0146633
0.0137171
0.0127933
0.0118957
0.0110275
0.0101914
0.00938963
0.00862395
0.00789564
0.0072055
0.00655392
0.00594086
0.00536592
0.00482833
0.00432701
0.0038606
0.00342747
0.00302576
0.00265341
0.00230821
0.00198779
0.00168964
0.00141118
0.00114973
0.000902542
0.000666824
0.000439739
0.000218424
0
0
0.00024373
0.000490685
0.00074408
0.00100711
0.00128293
0.00157468
0.0018854
0.00221809
0.00257564
0.00296083
0.00337631
0.00382457
0.00430788
0.00482833
0.00538772
0.0059876
0.00662915
0.00731324
0.00804031
0.00881041
0.0096231
0.0104775
0.0113721
0.0123051
0.0132739
0.0142755
0.0153063
0.0163622
0.0174384
0.0185299
0.0196309
0.0207353
0.0218368
0.0229285
0.0240034
0.0250541
0.0260734
0.027054
0.0279884
0.0288695
0.0296904
0.0304446
0.0311258
0.0317284
0.0322474
0.0326783
0.0330174
0.0332617
0.0334092
0.0334585
0.0334092
0.0332617
0.0330174
0.0326783
0.0322474
0.0317284
0.0311258
0.0304446
0.0296904
0.0288695
0.0279884
0.027054
0.0260734
0.0250541
0.0240034
0.0229285
0.0218368
0.0207353
0.0196309
0.0185299
0.0174384
0.0163622
0.0153063
0.0142755
0.0132739
0.0123051
0.0113721
0.0104775
0.0096231
0.00881041
0.00804031
0.00731324
0.00662915
0.0059876
0.00538772
0.00482833
0.00430788
0.00382457
0.00337631
0.00296083
0.00257564
0.00221809
0.0018854
0.00157468
0.00128293
0.00100711
0.00074408
0.000490685
0.00024373
0
0
0.000270868
0.000545319
0.000826926
0.00111924
0.00142578
0.00175
0.00209532
0.00246505
0.00286241
0.00329049
0.00375223
0.00425039
0.00478752
0.00536592
0.0059876
0.00665426
0.00736724
0.0081275
0.00893552
0.00979136
0.0106945
0.011644
0.0126383
0.0136752
0.0147518
0.015865
0.0170105
0.0181839
0.01938
0.020593
0.0218166
0.023044
0.0242681
0.0254814
0.0266759
0.0278436
0.0289765
0.0300662
0.0311046
0.0320838
0.0329962
0.0338343
0.0345914
0.0352611
0.0358379
0.0363167
0.0366936
0.0369651
0.037129
0.0371838
0.037129
0.0369651
0.0366936
0.0363167
0.0358379
0.0352611
0.0345914
0.0338343
0.0329962
0.0320838
0.0311046
0.0300662
0.0289765
0.0278436
0.0266759
0.0254814
0.0242681
0.023044
0.0218166
0.020593
0.01938
0.0181839
0.0170105
0.015865
0.0147518
0.0136752
0.0126383
0.011644
0.0106945
0.00979136
0.00893552
0.0081275
0.00736724
0.00665426
0.0059876
0.00536592
0.00478752
0.00425039
0.00375223
0.00329049
0.00286241
0.00246505
0.00209532
0.00175
0.00142578
0.00111924
0.000826926
0.000545319
0.000270868
0
0
0.00029989
0.000603748
0.000915529
0.00123916
0.00157854
0.00193751
0.00231983
0.00272917
0.00316911
0.00364306
0.00415427
0.00470581
0.00530049
0.00594086
0.00662915
0.00736724
0.00815662
0.00899833
0.00989294
0.0108405
0.0118404
0.0128917
0.0139925
0.0151404
0.0163325
0.0175648
0.0188332
0.0201323
0.0214565
0.0227995
0.0241542
0.0255131
0.0268684
0.0282116
0.0295341
0.030827
0.0320812
0.0332877
0.0344374
0.0355215
0.0365316
0.0374595
0.0382977
0.0390392
0.0396778
0.040208
0.0406252
0.0409258
0.0411073
0.0411679
0.0411073
0.0409258
0.0406252
0.040208
0.0396778
0.0390392
0.0382977
0.0374595
0.0365316
0.0355215
0.0344374
0.0332877
0.0320812
0.030827
0.0295341
0.0282116
0.0268684
0.0255131
0.0241542
0.0227995
0.0214565
0.0201323
0.0188332
0.0175648
0.0163325
0.0151404
0.0139925
0.0128917
0.0118404
0.0108405
0.00989294
0.00899833
0.00815662
0.00736724
0.00662915
0.00594086
0.00530049
0.00470581
0.00415427
0.00364306
0.00316911
0.00272917
0.00231983
0.00193751
0.00157854
0.00123916
0.000915529
0.000603748
0.00029989
0
0
0.000330837
0.000666051
0.00101001
0.00136704
0.00174144
0.00213745
0.00255922
0.00301081
0.00349614
0.004019
0.00458297
0.00519142
0.00584747
0.00655392
0.00731324
0.0081275
0.00899833
0.0099269
0.0109138
0.0119591
0.0130623
0.014222
0.0154364
0.0167028
0.0180179
0.0193774
0.0207766
0.0222098
0.0236707
0.0251522
0.0266467
0.0281459
0.0296411
0.0311229
0.0325819
0.0340082
0.0353918
0.0367227
0.0379911
0.0391871
0.0403014
0.0413251
0.0422498
0.0430678
0.0437723
0.0443572
0.0448174
0.0451491
0.0453493
0.0454162
0.0453493
0.0451491
0.0448174
0.0443572
0.0437723
0.0430678
0.0422498
0.0413251
0.0403014
0.0391871
0.0379911
0.0367227
0.0353918
0.0340082
0.0325819
0.0311229
0.0296411
0.0281459
0.0266467
0.0251522
0.0236707
0.0222098
0.0207766
0.0193774
0.0180179
0.0167028
0.0154364
0.014222
0.0130623
0.0119591
0.0109138
0.0099269
0.00899833
0.0081275
0.00731324
0.00655392
0.00584747
0.00519142
0.00458297
0.004019
0.00349614
0.00301081
0.00255922
0.00213745
0.00174144
0.00136704
0.00101001
0.000666051
0.000330837
0
0
0.000363728
0.000732269
0.00111042
0.00150295
0.00191457
0.00234995
0.00281365
0.00331014
0.00384372
0.00441856
0.0050386
0.00570755
0.00642882
0.0072055
0.00804031
0.00893552
0.00989294
0.0109138
0.0119989
0.0131481
0.0143609
0.015636
0.0169711
0.0183634
0.0198092
0.0213039
0.0228422
0.0244179
0.026024
0.0276528
0.0292959
0.0309442
0.0325879
0.0342171
0.0358211
0.0373892
0.0389104
0.0403737
0.0417681
0.043083
0.0443082
0.0454336
0.0464502
0.0473496
0.0481241
0.0487671
0.0492731
0.0496378
0.0498578
0.0499314
0.0498578
0.0496378
0.0492731
0.0487671
0.0481241
0.0473496
0.0464502
0.0454336
0.0443082
0.043083
0.0417681
0.0403737
0.0389104
0.0373892
0.0358211
0.0342171
0.0325879
0.0309442
0.0292959
0.0276528
0.026024
0.0244179
0.0228422
0.0213039
0.0198092
0.0183634
0.0169711
0.015636
0.0143609
0.0131481
0.0119989
0.0109138
0.00989294
0.00893552
0.00804031
0.0072055
0.00642882
0.00570755
0.0050386
0.00441856
0.00384372
0.00331014
0.00281365
0.00234995
0.00191457
0.00150295
0.00111042
0.000732269
0.000363728
0
0
0.000398566
0.000802405
0.00121677
0.0016469
0.00209795
0.00257503
0.00308314
0.00362718
0.00421187
0.00484177
0.0055212
0.00625421
0.00704457
0.00789564
0.00881041
0.00979136
0.0108405
0.0119591
0.0131481
0.0144074
0.0157364
0.0171336
0.0185966
0.0201222
0.0217065
0.0233444
0.02503
0.0267566
0.0285166
0.0303014
0.0321018
0.033908
0.0357092
0.0374944
0.0392521
0.0409703
0.0426372
0.0442406
0.0457686
0.0472095
0.048552
0.0497852
0.0508992
0.0518847
0.0527334
0.053438
0.0539925
0.054392
0.0546332
0.0547138
0.0546332
0.054392
0.0539925
0.053438
0.0527334
0.0518847
0.0508992
0.0497852
0.048552
0.0472095
0.0457686
0.0442406
0.0426372
0.0409703
0.0392521
0.0374944
0.0357092
0.033908
0.0321018
0.0303014
0.0285166
0.0267566
0.02503
0.0233444
0.0217065
0.0201222
0.0185966
0.0171336
0.0157364
0.0144074
0.0131481
0.0119591
0.0108405
0.00979136
0.00881041
0.00789564
0.00704457
0.00625421
0.0055212
0.00484177
0.00421187
0.00362718
0.00308314
0.00257503
0.00209795
0.0016469
0.00121677
0.000802405
0.000398566
0
0
0.000435331
0.000876421
0.00132901
0.00179881
0.00229147
0.00281255
0.00336754
0.00396176
0.00460039
0.00528839
0.00603049
0.00683112
0.00769438
0.00862395
0.0096231
0.0106945
0.0118404
0.0130623
0.0143609
0.0157364
0.017188
0.018714
0.0203119
0.0219783
0.0237088
0.0254977
0.0273388
0.0292247
0.031147
0.0330965
0.035063
0.0370357
0.0390031
0.040953
0.0428728
0.0447495
0.0465702
0.0483215
0.0499904
0.0515642
0.0530305
0.0543775
0.0555943
0.0566707
0.0575976
0.0583672
0.0589729
0.0594093
0.0596727
0.0597607
0.0596727
0.0594093
0.0589729
0.0583672
0.0575976
0.0566707
0.0555943
0.0543775
0.0530305
0.0515642
0.0499904
0.0483215
0.0465702
0.0447495
0.0428728
0.040953
0.0390031
0.0370357
0.035063
0.0330965
0.031147
0.0292247
0.0273388
0.0254977
0.0237088
0.0219783
0.0203119
0.018714
0.017188
0.0157364
0.0143609
0.0130623
0.0118404
0.0106945
0.0096231
0.00862395
0.00769438
0.00683112
0.00603049
0.00528839
0.00460039
0.00396176
0.00336754
0.00281255
0.00229147
0.00179881
0.00132901
0.000876421
0.000435331
0
0
0.000473981
0.000954234
0.00144701
0.00195852
0.00249491
0.00306227
0.00366652
0.0043135
0.00500883
0.00575791
0.0065659
0.00743761
0.00837752
0.00938963
0.0104775
0.011644
0.0128917
0.014222
0.015636
0.0171336
0.018714
0.0203755
0.0221153
0.0239297
0.0258137
0.0277615
0.0297661
0.0318194
0.0339124
0.0360349
0.038176
0.0403239
0.042466
0.044589
0.0466792
0.0487226
0.0507049
0.0526117
0.0544288
0.0561423
0.0577388
0.0592054
0.0605302
0.0617021
0.0627114
0.0635493
0.0642087
0.0646839
0.0649707
0.0650666
0.0649707
0.0646839
0.0642087
0.0635493
0.0627114
0.0617021
0.0605302
0.0592054
0.0577388
0.0561423
0.0544288
0.0526117
0.0507049
0.0487226
0.0466792
0.044589
0.042466
0.0403239
0.038176
0.0360349
0.0339124
0.0318194
0.0297661
0.0277615
0.0258137
0.0239297
0.0221153
0.0203755
0.018714
0.0171336
0.015636
0.014222
0.0128917
0.011644
0.0104775
0.00938963
0.00837752
0.00743761
0.0065659
0.00575791
0.00500883
0.0043135
0.00366652
0.00306227
0.00249491
0.00195852
0.00144701
0.000954234
0.000473981
0
0
0.000514454
0.00103571
0.00157057
0.00212575
0.00270795
0.00332375
0.0039796
0.00468182
0.00543652
0.00624957
0.00712655
0.0080727
0.00909286
0.0101914
0.0113721
0.0126383
0.0139925
0.0154364
0.0169711
0.0185966
0.0203119
0.0221153
0.0240037
0.025973
0.0280179
0.030132
0.0323078
0.0345364
0.0368081
0.0391119
0.0414358
0.0437671
0.046092
0.0483963
0.0506651
0.0528829
0.0550345
0.0571041
0.0590764
0.0609362
0.062669
0.0642608
0.0656987
0.0669708
0.0680662
0.0689757
0.0696914
0.0702071
0.0705184
0.0706225
0.0705184
0.0702071
0.0696914
0.0689757
0.0680662
0.0669708
0.0656987
0.0642608
0.062669
0.0609362
0.0590764
0.0571041
0.0550345
0.0528829
0.0506651
0.0483963
0.046092
0.0437671
0.0414358
0.0391119
0.0368081
0.0345364
0.0323078
0.030132
0.0280179
0.025973
0.0240037
0.0221153
0.0203119
0.0185966
0.0169711
0.0154364
0.0139925
0.0126383
0.0113721
0.0101914
0.00909286
0.0080727
0.00712655
0.00624957
0.00543652
0.00468182
0.0039796
0.00332375
0.00270795
0.00212575
0.00157057
0.00103571
0.000514454
0
0
0.00055666
0.00112068
0.00169942
0.00230015
0.00293011
0.00359643
0.00430609
0.00506592
0.00588254
0.00676229
0.00771121
0.00873499
0.00983884
0.0110275
0.0123051
0.0136752
0.0151404
0.0167028
0.0183634
0.0201222
0.0219783
0.0239297
0.025973
0.0281038
0.0303165
0.0326041
0.0349583
0.0373698
0.0398278
0.0423206
0.0448352
0.0473578
0.0498735
0.0523668
0.0548216
0.0572215
0.0595495
0.0617889
0.063923
0.0659354
0.0678104
0.0695328
0.0710887
0.0724651
0.0736504
0.0746345
0.0754089
0.075967
0.0763038
0.0764164
0.0763038
0.075967
0.0754089
0.0746345
0.0736504
0.0724651
0.0710887
0.0695328
0.0678104
0.0659354
0.063923
0.0617889
0.0595495
0.0572215
0.0548216
0.0523668
0.0498735
0.0473578
0.0448352
0.0423206
0.0398278
0.0373698
0.0349583
0.0326041
0.0303165
0.0281038
0.025973
0.0239297
0.0219783
0.0201222
0.0183634
0.0167028
0.0151404
0.0136752
0.0123051
0.0110275
0.00983884
0.00873499
0.00771121
0.00676229
0.00588254
0.00506592
0.00430609
0.00359643
0.00293011
0.00230015
0.00169942
0.00112068
0.00055666
0
0
0.000600487
0.00120892
0.00183321
0.00248125
0.00316081
0.00387958
0.00464512
0.00546477
0.00634568
0.0072947
0.00831833
0.00942271
0.0106135
0.0118957
0.0132739
0.0147518
0.0163325
0.0180179
0.0198092
0.0217065
0.0237088
0.0258137
0.0280179
0.0303165
0.0327034
0.0351711
0.0377107
0.040312
0.0429636
0.0456526
0.0483652
0.0510863
0.0538001
0.0564897
0.0591379
0.0617267
0.064238
0.0666537
0.0689558
0.0711267
0.0731493
0.0750073
0.0766857
0.0781704
0.079449
0.0805106
0.081346
0.081948
0.0823113
0.0824328
0.0823113
0.081948
0.081346
0.0805106
0.079449
0.0781704
0.0766857
0.0750073
0.0731493
0.0711267
0.0689558
0.0666537
0.064238
0.0617267
0.0591379
0.0564897
0.0538001
0.0510863
0.0483652
0.0456526
0.0429636
0.040312
0.0377107
0.0351711
0.0327034
0.0303165
0.0280179
0.0258137
0.0237088
0.0217065
0.0198092
0.0180179
0.0163325
0.0147518
0.0132739
0.0118957
0.0106135
0.00942271
0.00831833
0.0072947
0.00634568
0.00546477
0.00464512
0.00387958
0.00316081
0.00248125
0.00183321
0.00120892
0.000600487
0
0
0.000645797
0.00130014
0.00197154
0.00266847
0.00339931
0.00417232
0.00499562
0.00587712
0.0068245
0.00784513
0.008946
0.0101337
0.0114143
0.0127933
0.0142755
0.015865
0.0175648
0.0193774
0.0213039
0.0233444
0.0254977
0.0277615
0.030132
0.0326041
0.0351711
0.0378249
0.0405562
0.0433538
0.0462054
0.0490974
0.0520147
0.0549411
0.0578596
0.0607522
0.0636002
0.0663843
0.0690852
0.0716832
0.074159
0.0764936
0.0786688
0.0806671
0.0824721
0.0840689
0.085444
0.0865856
0.0874841
0.0881315
0.0885222
0.0886529
0.0885222
0.0881315
0.0874841
0.0865856
0.085444
0.0840689
0.0824721
0.0806671
0.0786688
0.0764936
0.074159
0.0716832
0.0690852
0.0663843
0.0636002
0.0607522
0.0578596
0.0549411
0.0520147
0.0490974
0.0462054
0.0433538
0.0405562
0.0378249
0.0351711
0.0326041
0.030132
0.0277615
0.0254977
0.0233444
0.0213039
0.0193774
0.0175648
0.015865
0.0142755
0.0127933
0.0114143
0.0101337
0.008946
0.00784513
0.0068245
0.00587712
0.00499562
0.00417232
0.00339931
0.00266847
0.00197154
0.00130014
0.000645797
0
0
0.000692429
0.00139402
0.0021139
0.00286115
0.00364476
0.00447359
0.00535634
0.0063015
0.00731728
0.0084116
0.00959197
0.0108654
0.0122385
0.0137171
0.0153063
0.0170105
0.0188332
0.0207766
0.0228422
0.02503
0.0273388
0.0297661
0.0323078
0.0349583
0.0377107
0.0405562
0.0434846
0.0464843
0.0495418
0.0526426
0.0557705
0.0589083
0.0620375
0.065139
0.0681926
0.0711777
0.0740736
0.0768592
0.0795138
0.082017
0.0843493
0.0864918
0.0884272
0.0901392
0.0916136
0.0928378
0.0938011
0.0944952
0.0949142
0.0950543
0.0949142
0.0944952
0.0938011
0.0928378
0.0916136
0.0901392
0.0884272
0.0864918
0.0843493
0.082017
0.0795138
0.0768592
0.0740736
0.0711777
0.0681926
0.065139
0.0620375
0.0589083
0.0557705
0.0526426
0.0495418
0.0464843
0.0434846
0.0405562
0.0377107
0.0349583
0.0323078
0.0297661
0.0273388
0.02503
0.0228422
0.0207766
0.0188332
0.0170105
0.0153063
0.0137171
0.0122385
0.0108654
0.00959197
0.0084116
0.00731728
0.0063015
0.00535634
0.00447359
0.00364476
0.00286115
0.0021139
0.00139402
0.000692429
0
0
0.000740193
0.00149018
0.00225972
0.00305852
0.00389619
0.00478219
0.00572583
0.00673618
0.00782204
0.00899185
0.0102536
0.011615
0.0130828
0.0146633
0.0163622
0.0181839
0.0201323
0.0222098
0.0244179
0.0267566
0.0292247
0.0318194
0.0345364
0.0373698
0.040312
0.0433538
0.0464843
0.0496908
0.0529593
0.0562739
0.0596176
0.0629719
0.066317
0.0696324
0.0728966
0.0760877
0.0791833
0.0821611
0.0849988
0.0876747
0.0901678
0.0924582
0.094527
0.0963572
0.0979333
0.0992419
0.100272
0.101014
0.101462
0.101611
0.101462
0.101014
0.100272
0.0992419
0.0979333
0.0963572
0.094527
0.0924582
0.0901678
0.0876747
0.0849988
0.0821611
0.0791833
0.0760877
0.0728966
0.0696324
0.066317
0.0629719
0.0596176
0.0562739
0.0529593
0.0496908
0.0464843
0.0433538
0.040312
0.0373698
0.0345364
0.0318194
0.0292247
0.0267566
0.0244179
0.0222098
0.0201323
0.0181839
0.0163622
0.0146633
0.0130828
0.011615
0.0102536
0.00899185
0.00782204
0.00673618
0.00572583
0.00478219
0.00389619
0.00305852
0.00225972
0.00149018
0.000740193
0
0
0.00078888
0.0015882
0.00240836
0.0032597
0.00415246
0.00509674
0.00610245
0.00717926
0.00833654
0.0095833
0.0109281
0.0123789
0.0139433
0.0156278
0.0174384
0.01938
0.0214565
0.0236707
0.026024
0.0285166
0.031147
0.0339124
0.0368081
0.0398278
0.0429636
0.0462054
0.0495418
0.0529593
0.0564427
0.0599754
0.063539
0.0671139
0.0706791
0.0742125
0.0776915
0.0810924
0.0843917
0.0875653
0.0905897
0.0934416
0.0960987
0.0985397
0.100745
0.102695
0.104375
0.10577
0.106867
0.107658
0.108135
0.108295
0.108135
0.107658
0.106867
0.10577
0.104375
0.102695
0.100745
0.0985397
0.0960987
0.0934416
0.0905897
0.0875653
0.0843917
0.0810924
0.0776915
0.0742125
0.0706791
0.0671139
0.063539
0.0599754
0.0564427
0.0529593
0.0495418
0.0462054
0.0429636
0.0398278
0.0368081
0.0339124
0.031147
0.0285166
0.026024
0.0236707
0.0214565
0.01938
0.0174384
0.0156278
0.0139433
0.0123789
0.0109281
0.0095833
0.00833654
0.00717926
0.00610245
0.00509674
0.00415246
0.0032597
0.00240836
0.0015882
0.00078888
0
0
0.000838255
0.0016876
0.00255909
0.00346372
0.00441236
0.00541574
0.0064844
0.0076286
0.00885832
0.0101831
0.0116121
0.0131537
0.014816
0.0166059
0.0185299
0.020593
0.0227995
0.0251522
0.0276528
0.0303014
0.0330965
0.0360349
0.0391119
0.0423206
0.0456526
0.0490974
0.0526426
0.0562739
0.0599754
0.0637292
0.0675159
0.0713145
0.0751028
0.0788574
0.0825541
0.0861679
0.0896737
0.0930459
0.0962596
0.09929
0.102113
0.104707
0.10705
0.109123
0.110908
0.11239
0.113556
0.114396
0.114903
0.115073
0.114903
0.114396
0.113556
0.11239
0.110908
0.109123
0.10705
0.104707
0.102113
0.09929
0.0962596
0.0930459
0.0896737
0.0861679
0.0825541
0.0788574
0.0751028
0.0713145
0.0675159
0.0637292
0.0599754
0.0562739
0.0526426
0.0490974
0.0456526
0.0423206
0.0391119
0.0360349
0.0330965
0.0303014
0.0276528
0.0251522
0.0227995
0.020593
0.0185299
0.0166059
0.014816
0.0131537
0.0116121
0.0101831
0.00885832
0.0076286
0.0064844
0.00541574
0.00441236
0.00346372
0.00255909
0.0016876
0.000838255
0
0
0.000888063
0.00178787
0.00271115
0.00366953
0.00467453
0.00573753
0.00686969
0.00808188
0.00938466
0.0107882
0.012302
0.0139353
0.0156963
0.0175926
0.0196309
0.0218166
0.0241542
0.0266467
0.0292959
0.0321018
0.035063
0.038176
0.0414358
0.0448352
0.0483652
0.0520147
0.0557705
0.0596176
0.063539
0.0675159
0.0715275
0.0755518
0.0795652
0.0835429
0.0874593
0.0912878
0.0950019
0.0985745
0.101979
0.10519
0.108181
0.110929
0.113411
0.115607
0.117498
0.119068
0.120303
0.121193
0.121731
0.12191
0.121731
0.121193
0.120303
0.119068
0.117498
0.115607
0.113411
0.110929
0.108181
0.10519
0.101979
0.0985745
0.0950019
0.0912878
0.0874593
0.0835429
0.0795652
0.0755518
0.0715275
0.0675159
0.063539
0.0596176
0.0557705
0.0520147
0.0483652
0.0448352
0.0414358
0.038176
0.035063
0.0321018
0.0292959
0.0266467
0.0241542
0.0218166
0.0196309
0.0175926
0.0156963
0.0139353
0.012302
0.0107882
0.00938466
0.00808188
0.00686969
0.00573753
0.00467453
0.00366953
0.00271115
0.00178787
0.000888063
0
0
0.000938027
0.00188846
0.00286368
0.00387598
0.00493753
0.00606034
0.00725619
0.00853659
0.00991266
0.0113951
0.0129942
0.0147193
0.0165794
0.0185824
0.0207353
0.023044
0.0255131
0.0281459
0.0309442
0.033908
0.0370357
0.0403239
0.0437671
0.0473578
0.0510863
0.0549411
0.0589083
0.0629719
0.0671139
0.0713145
0.0755518
0.0798026
0.0840418
0.0882433
0.0923799
0.0964239
0.100347
0.104121
0.107717
0.111108
0.114267
0.11717
0.119792
0.122111
0.124108
0.125767
0.127072
0.128012
0.128579
0.128769
0.128579
0.128012
0.127072
0.125767
0.124108
0.122111
0.119792
0.11717
0.114267
0.111108
0.107717
0.104121
0.100347
0.0964239
0.0923799
0.0882433
0.0840418
0.0798026
0.0755518
0.0713145
0.0671139
0.0629719
0.0589083
0.0549411
0.0510863
0.0473578
0.0437671
0.0403239
0.0370357
0.033908
0.0309442
0.0281459
0.0255131
0.023044
0.0207353
0.0185824
0.0165794
0.0147193
0.0129942
0.0113951
0.00991266
0.00853659
0.00725619
0.00606034
0.00493753
0.00387598
0.00286368
0.00188846
0.000938027
0
0
0.000987856
0.00198878
0.00301581
0.00408188
0.00519982
0.00638227
0.00764165
0.00899006
0.0104392
0.0120005
0.0136844
0.0155012
0.0174601
0.0195696
0.0218368
0.0242681
0.0268684
0.0296411
0.0325879
0.0357092
0.0390031
0.042466
0.046092
0.0498735
0.0538001
0.0578596
0.0620375
0.066317
0.0706791
0.0751028
0.0795652
0.0840418
0.0885061
0.0929308
0.0972872
0.101546
0.105677
0.109652
0.113439
0.11701
0.120337
0.123394
0.126155
0.128598
0.130701
0.132447
0.133822
0.134812
0.13541
0.13561
0.13541
0.134812
0.133822
0.132447
0.130701
0.128598
0.126155
0.123394
0.120337
0.11701
0.113439
0.109652
0.105677
0.101546
0.0972872
0.0929308
0.0885061
0.0840418
0.0795652
0.0751028
0.0706791
0.066317
0.0620375
0.0578596
0.0538001
0.0498735
0.046092
0.042466
0.0390031
0.0357092
0.0325879
0.0296411
0.0268684
0.0242681
0.0218368
0.0195696
0.0174601
0.0155012
0.0136844
0.0120005
0.0104392
0.00899006
0.00764165
0.00638227
0.00519982
0.00408188
0.00301581
0.00198878
0.000987856
0
0
0.00103724
0.00208821
0.00316658
0.00428594
0.00545977
0.00670134
0.00802368
0.0094395
0.0109611
0.0126004
0.0143686
0.0162762
0.018333
0.0205479
0.0229285
0.0254814
0.0282116
0.0311229
0.0342171
0.0374944
0.040953
0.044589
0.0483963
0.0523668
0.0564897
0.0607522
0.065139
0.0696324
0.0742125
0.0788574
0.0835429
0.0882433
0.0929308
0.0975767
0.102151
0.106623
0.110961
0.115133
0.11911
0.12286
0.126353
0.129563
0.132462
0.135027
0.137235
0.139069
0.140512
0.141552
0.142179
0.142389
0.142179
0.141552
0.140512
0.139069
0.137235
0.135027
0.132462
0.129563
0.126353
0.12286
0.11911
0.115133
0.110961
0.106623
0.102151
0.0975767
0.0929308
0.0882433
0.0835429
0.0788574
0.0742125
0.0696324
0.065139
0.0607522
0.0564897
0.0523668
0.0483963
0.044589
0.040953
0.0374944
0.0342171
0.0311229
0.0282116
0.0254814
0.0229285
0.0205479
0.018333
0.0162762
0.0143686
0.0126004
0.0109611
0.0094395
0.00802368
0.00670134
0.00545977
0.00428594
0.00316658
0.00208821
0.00103724
0
0
0.00108587
0.0021861
0.00331502
0.00448686
0.00571572
0.00701549
0.00839981
0.009882
0.011475
0.0131911
0.0150421
0.0170392
0.0191924
0.0215111
0.0240034
0.0266759
0.0295341
0.0325819
0.0358211
0.0392521
0.0428728
0.0466792
0.0506651
0.0548216
0.0591379
0.0636002
0.0681926
0.0728966
0.0776915
0.0825541
0.0874593
0.0923799
0.0972872
0.102151
0.10694
0.111621
0.116162
0.120531
0.124694
0.128619
0.132277
0.135636
0.138671
0.141356
0.143668
0.145588
0.147099
0.148187
0.148844
0.149064
0.148844
0.148187
0.147099
0.145588
0.143668
0.141356
0.138671
0.135636
0.132277
0.128619
0.124694
0.120531
0.116162
0.111621
0.10694
0.102151
0.0972872
0.0923799
0.0874593
0.0825541
0.0776915
0.0728966
0.0681926
0.0636002
0.0591379
0.0548216
0.0506651
0.0466792
0.0428728
0.0392521
0.0358211
0.0325819
0.0295341
0.0266759
0.0240034
0.0215111
0.0191924
0.0170392
0.0150421
0.0131911
0.011475
0.009882
0.00839981
0.00701549
0.00571572
0.00448686
0.00331502
0.0021861
0.00108587
0
0
0.0011334
0.0022818
0.00346014
0.00468328
0.00596593
0.00732259
0.00876752
0.0103146
0.0119773
0.0137685
0.0157006
0.0177851
0.0200326
0.0224528
0.0250541
0.0278436
0.030827
0.0340082
0.0373892
0.0409703
0.0447495
0.0487226
0.0528829
0.0572215
0.0617267
0.0663843
0.0711777
0.0760877
0.0810924
0.0861679
0.0912878
0.0964239
0.101546
0.106623
0.111621
0.116507
0.121247
0.125807
0.130152
0.134249
0.138067
0.141574
0.144742
0.147544
0.149958
0.151961
0.153538
0.154674
0.15536
0.155589
0.15536
0.154674
0.153538
0.151961
0.149958
0.147544
0.144742
0.141574
0.138067
0.134249
0.130152
0.125807
0.121247
0.116507
0.111621
0.106623
0.101546
0.0964239
0.0912878
0.0861679
0.0810924
0.0760877
0.0711777
0.0663843
0.0617267
0.0572215
0.0528829
0.0487226
0.0447495
0.0409703
0.0373892
0.0340082
0.030827
0.0278436
0.0250541
0.0224528
0.0200326
0.0177851
0.0157006
0.0137685
0.0119773
0.0103146
0.00876752
0.00732259
0.00596593
0.00468328
0.00346014
0.0022818
0.0011334
0
0
0.00117951
0.00237463
0.00360091
0.00487381
0.00620865
0.00762051
0.00912423
0.0107342
0.0124646
0.0143287
0.0163394
0.0185087
0.0208476
0.0233663
0.0260734
0.0289765
0.0320812
0.0353918
0.0389104
0.0426372
0.0465702
0.0507049
0.0550345
0.0595495
0.064238
0.0690852
0.0740736
0.0791833
0.0843917
0.0896737
0.0950019
0.100347
0.105677
0.110961
0.116162
0.121247
0.12618
0.130925
0.135447
0.139711
0.143684
0.147334
0.150631
0.153547
0.156059
0.158144
0.159785
0.160967
0.161681
0.16192
0.161681
0.160967
0.159785
0.158144
0.156059
0.153547
0.150631
0.147334
0.143684
0.139711
0.135447
0.130925
0.12618
0.121247
0.116162
0.110961
0.105677
0.100347
0.0950019
0.0896737
0.0843917
0.0791833
0.0740736
0.0690852
0.064238
0.0595495
0.0550345
0.0507049
0.0465702
0.0426372
0.0389104
0.0353918
0.0320812
0.0289765
0.0260734
0.0233663
0.0208476
0.0185087
0.0163394
0.0143287
0.0124646
0.0107342
0.00912423
0.00762051
0.00620865
0.00487381
0.00360091
0.00237463
0.00117951
0
0
0.00122387
0.00246393
0.00373633
0.0050571
0.00644213
0.00790709
0.00946735
0.0111379
0.0129333
0.0148675
0.0169538
0.0192047
0.0216316
0.024245
0.027054
0.0300662
0.0332877
0.0367227
0.0403737
0.0442406
0.0483215
0.0526117
0.0571041
0.0617889
0.0666537
0.0716832
0.0768592
0.0821611
0.0875653
0.0930459
0.0985745
0.104121
0.109652
0.115133
0.120531
0.125807
0.130925
0.135849
0.140541
0.144965
0.149088
0.152875
0.156295
0.159321
0.161927
0.164091
0.165794
0.167021
0.167761
0.168009
0.167761
0.167021
0.165794
0.164091
0.161927
0.159321
0.156295
0.152875
0.149088
0.144965
0.140541
0.135849
0.130925
0.125807
0.120531
0.115133
0.109652
0.104121
0.0985745
0.0930459
0.0875653
0.0821611
0.0768592
0.0716832
0.0666537
0.0617889
0.0571041
0.0526117
0.0483215
0.0442406
0.0403737
0.0367227
0.0332877
0.0300662
0.027054
0.024245
0.0216316
0.0192047
0.0169538
0.0148675
0.0129333
0.0111379
0.00946735
0.00790709
0.00644213
0.0050571
0.00373633
0.00246393
0.00122387
0
0
0.00126614
0.00254903
0.00386537
0.00523176
0.00666463
0.00818019
0.00979434
0.0115226
0.01338
0.015381
0.0175394
0.019868
0.0223787
0.0250824
0.0279884
0.0311046
0.0344374
0.0379911
0.0417681
0.0457686
0.0499904
0.0544288
0.0590764
0.063923
0.0689558
0.074159
0.0795138
0.0849988
0.0905897
0.0962596
0.101979
0.107717
0.113439
0.11911
0.124694
0.130152
0.135447
0.140541
0.145395
0.149972
0.154237
0.158155
0.161693
0.164824
0.16752
0.169758
0.17152
0.172789
0.173555
0.173811
0.173555
0.172789
0.17152
0.169758
0.16752
0.164824
0.161693
0.158155
0.154237
0.149972
0.145395
0.140541
0.135447
0.130152
0.124694
0.11911
0.113439
0.107717
0.101979
0.0962596
0.0905897
0.0849988
0.0795138
0.074159
0.0689558
0.063923
0.0590764
0.0544288
0.0499904
0.0457686
0.0417681
0.0379911
0.0344374
0.0311046
0.0279884
0.0250824
0.0223787
0.019868
0.0175394
0.015381
0.01338
0.0115226
0.00979434
0.00818019
0.00666463
0.00523176
0.00386537
0.00254903
0.00126614
0
0
0.001306
0.00262928
0.00398706
0.00539647
0.00687445
0.00843772
0.0101027
0.0118854
0.0138012
0.0158653
0.0180916
0.0204935
0.0230833
0.025872
0.0288695
0.0320838
0.0355215
0.0391871
0.043083
0.0472095
0.0515642
0.0561423
0.0609362
0.0659354
0.0711267
0.0764936
0.082017
0.0876747
0.0934416
0.09929
0.10519
0.111108
0.11701
0.12286
0.128619
0.134249
0.139711
0.144965
0.149972
0.154694
0.159092
0.163134
0.166784
0.170013
0.172794
0.175103
0.17692
0.178229
0.179019
0.179283
0.179019
0.178229
0.17692
0.175103
0.172794
0.170013
0.166784
0.163134
0.159092
0.154694
0.149972
0.144965
0.139711
0.134249
0.128619
0.12286
0.11701
0.111108
0.10519
0.09929
0.0934416
0.0876747
0.082017
0.0764936
0.0711267
0.0659354
0.0609362
0.0561423
0.0515642
0.0472095
0.043083
0.0391871
0.0355215
0.0320838
0.0288695
0.025872
0.0230833
0.0204935
0.0180916
0.0158653
0.0138012
0.0118854
0.0101027
0.00843772
0.00687445
0.00539647
0.00398706
0.00262928
0.001306
0
0
0.00134314
0.00270405
0.00410044
0.00554992
0.00706993
0.00867765
0.01039
0.0122233
0.0141937
0.0163164
0.018606
0.0210762
0.0237397
0.0266077
0.0296904
0.0329962
0.0365316
0.0403014
0.0443082
0.048552
0.0530305
0.0577388
0.062669
0.0678104
0.0731493
0.0786688
0.0843493
0.0901678
0.0960987
0.102113
0.108181
0.114267
0.120337
0.126353
0.132277
0.138067
0.143684
0.149088
0.154237
0.159092
0.163616
0.167772
0.171527
0.174848
0.177707
0.180082
0.181951
0.183297
0.18411
0.184381
0.18411
0.183297
0.181951
0.180082
0.177707
0.174848
0.171527
0.167772
0.163616
0.159092
0.154237
0.149088
0.143684
0.138067
0.132277
0.126353
0.120337
0.114267
0.108181
0.102113
0.0960987
0.0901678
0.0843493
0.0786688
0.0731493
0.0678104
0.062669
0.0577388
0.0530305
0.048552
0.0443082
0.0403014
0.0365316
0.0329962
0.0296904
0.0266077
0.0237397
0.0210762
0.018606
0.0163164
0.0141937
0.0122233
0.01039
0.00867765
0.00706993
0.00554992
0.00410044
0.00270405
0.00134314
0
0
0.00137725
0.00277273
0.00420459
0.00569089
0.00724951
0.00889807
0.0106539
0.0125338
0.0145542
0.0167309
0.0190786
0.0216116
0.0243427
0.0272836
0.0304446
0.0338343
0.0374595
0.0413251
0.0454336
0.0497852
0.0543775
0.0592054
0.0642608
0.0695328
0.0750073
0.0806671
0.0864918
0.0924582
0.0985397
0.104707
0.110929
0.11717
0.123394
0.129563
0.135636
0.141574
0.147334
0.152875
0.158155
0.163134
0.167772
0.172034
0.175883
0.179289
0.182221
0.184656
0.186572
0.187953
0.188786
0.189065
0.188786
0.187953
0.186572
0.184656
0.182221
0.179289
0.175883
0.172034
0.167772
0.163134
0.158155
0.152875
0.147334
0.141574
0.135636
0.129563
0.123394
0.11717
0.110929
0.104707
0.0985397
0.0924582
0.0864918
0.0806671
0.0750073
0.0695328
0.0642608
0.0592054
0.0543775
0.0497852
0.0454336
0.0413251
0.0374595
0.0338343
0.0304446
0.0272836
0.0243427
0.0216116
0.0190786
0.0167309
0.0145542
0.0125338
0.0106539
0.00889807
0.00724951
0.00569089
0.00420459
0.00277273
0.00137725
0
0
0.00140807
0.00283477
0.00429868
0.00581823
0.00741173
0.00909717
0.0108923
0.0128143
0.0148799
0.0171052
0.0195055
0.0220952
0.0248874
0.0278941
0.0311258
0.0345914
0.0382977
0.0422498
0.0464502
0.0508992
0.0555943
0.0605302
0.0656987
0.0710887
0.0766857
0.0824721
0.0884272
0.094527
0.100745
0.10705
0.113411
0.119792
0.126155
0.132462
0.138671
0.144742
0.150631
0.156295
0.161693
0.166784
0.171527
0.175883
0.179819
0.183301
0.186299
0.188788
0.190747
0.192159
0.193011
0.193295
0.193011
0.192159
0.190747
0.188788
0.186299
0.183301
0.179819
0.175883
0.171527
0.166784
0.161693
0.156295
0.150631
0.144742
0.138671
0.132462
0.126155
0.119792
0.113411
0.10705
0.100745
0.094527
0.0884272
0.0824721
0.0766857
0.0710887
0.0656987
0.0605302
0.0555943
0.0508992
0.0464502
0.0422498
0.0382977
0.0345914
0.0311258
0.0278941
0.0248874
0.0220952
0.0195055
0.0171052
0.0148799
0.0128143
0.0108923
0.00909717
0.00741173
0.00581823
0.00429868
0.00283477
0.00140807
0
0
0.00143533
0.00288966
0.0043819
0.00593088
0.00755523
0.00927331
0.0111032
0.0130624
0.015168
0.0174364
0.0198832
0.022523
0.0253692
0.0284341
0.0317284
0.0352611
0.0390392
0.0430678
0.0473496
0.0518847
0.0566707
0.0617021
0.0669708
0.0724651
0.0781704
0.0840689
0.0901392
0.0963572
0.102695
0.109123
0.115607
0.122111
0.128598
0.135027
0.141356
0.147544
0.153547
0.159321
0.164824
0.170013
0.174848
0.179289
0.183301
0.18685
0.189906
0.192443
0.19444
0.195879
0.196748
0.197038
0.196748
0.195879
0.19444
0.192443
0.189906
0.18685
0.183301
0.179289
0.174848
0.170013
0.164824
0.159321
0.153547
0.147544
0.141356
0.135027
0.128598
0.122111
0.115607
0.109123
0.102695
0.0963572
0.0901392
0.0840689
0.0781704
0.0724651
0.0669708
0.0617021
0.0566707
0.0518847
0.0473496
0.0430678
0.0390392
0.0352611
0.0317284
0.0284341
0.0253692
0.022523
0.0198832
0.0174364
0.015168
0.0130624
0.0111032
0.00927331
0.00755523
0.00593088
0.0043819
0.00288966
0.00143533
0
0
0.00145881
0.00293692
0.00445358
0.00602789
0.00767881
0.00942499
0.0112848
0.013276
0.0154161
0.0177216
0.0202084
0.0228914
0.0257842
0.0288992
0.0322474
0.0358379
0.0396778
0.0437723
0.0481241
0.0527334
0.0575976
0.0627114
0.0680662
0.0736504
0.079449
0.085444
0.0916136
0.0979333
0.104375
0.110908
0.117498
0.124108
0.130701
0.137235
0.143668
0.149958
0.156059
0.161927
0.16752
0.172794
0.177707
0.182221
0.186299
0.189906
0.193012
0.195591
0.197621
0.199083
0.199966
0.200261
0.199966
0.199083
0.197621
0.195591
0.193012
0.189906
0.186299
0.182221
0.177707
0.172794
0.16752
0.161927
0.156059
0.149958
0.143668
0.137235
0.130701
0.124108
0.117498
0.110908
0.104375
0.0979333
0.0916136
0.085444
0.079449
0.0736504
0.0680662
0.0627114
0.0575976
0.0527334
0.0481241
0.0437723
0.0396778
0.0358379
0.0322474
0.0288992
0.0257842
0.0228914
0.0202084
0.0177216
0.0154161
0.013276
0.0112848
0.00942499
0.00767881
0.00602789
0.00445358
0.00293692
0.00145881
0
0
0.0014783
0.00297617
0.00451309
0.00610844
0.00778141
0.00955092
0.0114356
0.0134534
0.0156221
0.0179584
0.0204784
0.0231972
0.0261287
0.0292854
0.0326783
0.0363167
0.040208
0.0443572
0.0487671
0.053438
0.0583672
0.0635493
0.0689757
0.0746345
0.0805106
0.0865856
0.0928378
0.0992419
0.10577
0.11239
0.119068
0.125767
0.132447
0.139069
0.145588
0.151961
0.158144
0.164091
0.169758
0.175103
0.180082
0.184656
0.188788
0.192443
0.195591
0.198205
0.200261
0.201743
0.202638
0.202937
0.202638
0.201743
0.200261
0.198205
0.195591
0.192443
0.188788
0.184656
0.180082
0.175103
0.169758
0.164091
0.158144
0.151961
0.145588
0.139069
0.132447
0.125767
0.119068
0.11239
0.10577
0.0992419
0.0928378
0.0865856
0.0805106
0.0746345
0.0689757
0.0635493
0.0583672
0.053438
0.0487671
0.0443572
0.040208
0.0363167
0.0326783
0.0292854
0.0261287
0.0231972
0.0204784
0.0179584
0.0156221
0.0134534
0.0114356
0.00955092
0.00778141
0.00610844
0.00451309
0.00297617
0.0014783
0
0
0.00149364
0.00300705
0.00455992
0.00617182
0.00786215
0.00965003
0.0115542
0.013593
0.0157842
0.0181447
0.0206909
0.0234379
0.0263998
0.0295893
0.0330174
0.0366936
0.0406252
0.0448174
0.0492731
0.0539925
0.0589729
0.0642087
0.0696914
0.0754089
0.081346
0.0874841
0.0938011
0.100272
0.106867
0.113556
0.120303
0.127072
0.133822
0.140512
0.147099
0.153538
0.159785
0.165794
0.17152
0.17692
0.181951
0.186572
0.190747
0.19444
0.197621
0.200261
0.202339
0.203837
0.20474
0.205042
0.20474
0.203837
0.202339
0.200261
0.197621
0.19444
0.190747
0.186572
0.181951
0.17692
0.17152
0.165794
0.159785
0.153538
0.147099
0.140512
0.133822
0.127072
0.120303
0.113556
0.106867
0.100272
0.0938011
0.0874841
0.081346
0.0754089
0.0696914
0.0642087
0.0589729
0.0539925
0.0492731
0.0448174
0.0406252
0.0366936
0.0330174
0.0295893
0.0263998
0.0234379
0.0206909
0.0181447
0.0157842
0.013593
0.0115542
0.00965003
0.00786215
0.00617182
0.00455992
0.00300705
0.00149364
0
0
0.0015047
0.0030293
0.00459366
0.0062175
0.00792034
0.00972144
0.0116397
0.0136936
0.015901
0.018279
0.020844
0.0236114
0.0265952
0.0298082
0.0332617
0.0369651
0.0409258
0.0451491
0.0496378
0.054392
0.0594093
0.0646839
0.0702071
0.075967
0.081948
0.0881315
0.0944952
0.101014
0.107658
0.114396
0.121193
0.128012
0.134812
0.141552
0.148187
0.154674
0.160967
0.167021
0.172789
0.178229
0.183297
0.187953
0.192159
0.195879
0.199083
0.201743
0.203837
0.205345
0.206255
0.20656
0.206255
0.205345
0.203837
0.201743
0.199083
0.195879
0.192159
0.187953
0.183297
0.178229
0.172789
0.167021
0.160967
0.154674
0.148187
0.141552
0.134812
0.128012
0.121193
0.114396
0.107658
0.101014
0.0944952
0.0881315
0.081948
0.075967
0.0702071
0.0646839
0.0594093
0.054392
0.0496378
0.0451491
0.0409258
0.0369651
0.0332617
0.0298082
0.0265952
0.0236114
0.020844
0.018279
0.015901
0.0136936
0.0116397
0.00972144
0.00792034
0.0062175
0.00459366
0.0030293
0.0015047
0
0
0.00151137
0.00304273
0.00461403
0.00624506
0.00795545
0.00976454
0.0116913
0.0137543
0.0159715
0.0183601
0.0209365
0.0237161
0.0267131
0.0299404
0.0334092
0.037129
0.0411073
0.0453493
0.0498578
0.0546332
0.0596727
0.0649707
0.0705184
0.0763038
0.0823113
0.0885222
0.0949142
0.101462
0.108135
0.114903
0.121731
0.128579
0.13541
0.142179
0.148844
0.15536
0.161681
0.167761
0.173555
0.179019
0.18411
0.188786
0.193011
0.196748
0.199966
0.202638
0.20474
0.206255
0.20717
0.207476
0.20717
0.206255
0.20474
0.202638
0.199966
0.196748
0.193011
0.188786
0.18411
0.179019
0.173555
0.167761
0.161681
0.15536
0.148844
0.142179
0.13541
0.128579
0.121731
0.114903
0.108135
0.101462
0.0949142
0.0885222
0.0823113
0.0763038
0.0705184
0.0649707
0.0596727
0.0546332
0.0498578
0.0453493
0.0411073
0.037129
0.0334092
0.0299404
0.0267131
0.0237161
0.0209365
0.0183601
0.0159715
0.0137543
0.0116913
0.00976454
0.00795545
0.00624506
0.00461403
0.00304273
0.00151137
0
0
0.0015136
0.00304722
0.00462084
0.00625428
0.00796719
0.00977895
0.0117086
0.0137746
0.015995
0.0183872
0.0209674
0.0237511
0.0267525
0.0299846
0.0334585
0.0371838
0.0411679
0.0454162
0.0499314
0.0547138
0.0597607
0.0650666
0.0706225
0.0764164
0.0824328
0.0886529
0.0950543
0.101611
0.108295
0.115073
0.12191
0.128769
0.13561
0.142389
0.149064
0.155589
0.16192
0.168009
0.173811
0.179283
0.184381
0.189065
0.193295
0.197038
0.200261
0.202937
0.205042
0.20656
0.207476
0.207782
0.207476
0.20656
0.205042
0.202937
0.200261
0.197038
0.193295
0.189065
0.184381
0.179283
0.173811
0.168009
0.16192
0.155589
0.149064
0.142389
0.13561
0.128769
0.12191
0.115073
0.108295
0.101611
0.0950543
0.0886529
0.0824328
0.0764164
0.0706225
0.0650666
0.0597607
0.0547138
0.0499314
0.0454162
0.0411679
0.0371838
0.0334585
0.0299846
0.0267525
0.0237511
0.0209674
0.0183872
0.015995
0.0137746
0.0117086
0.00977895
0.00796719
0.00625428
0.00462084
0.00304722
0.0015136
0
0
0.00151137
0.00304273
0.00461403
0.00624506
0.00795545
0.00976454
0.0116913
0.0137543
0.0159715
0.0183601
0.0209365
0.0237161
0.0267131
0.0299404
0.0334092
0.037129
0.0411073
0.0453493
0.0498578
0.0546332
0.0596727
0.0649707
0.0705184
0.0763038
0.0823113
0.0885222
0.0949142
0.101462
0.108135
0.114903
0.121731
0.128579
0.13541
0.142179
0.148844
0.15536
0.161681
0.167761
0.173555
0.179019
0.18411
0.188786
0.193011
0.196748
0.199966
0.202638
0.20474
0.206255
0.20717
0.207476
0.20717
0.206255
0.20474
0.202638
0.199966
0.196748
0.193011
0.188786
0.18411
0.179019
0.173555
0.167761
0.161681
0.15536
0.148844
0.142179
0.13541
0.128579
0.121731
0.114903
0.108135
0.101462
0.0949142
0.0885222
0.0823113
0.0763038
0.0705184
0.0649707
0.0596727
0.0546332
0.0498578
0.0453493
0.0411073
0.037129
0.0334092
0.0299404
0.0267131
0.0237161
0.0209365
0.0183601
0.0159715
0.0137543
0.0116913
0.00976454
0.00795545
0.00624506
0.00461403
0.00304273
0.00151137
0
0
0.0015047
0.0030293
0.00459366
0.0062175
0.00792034
0.00972144
0.0116397
0.0136936
0.015901
0.018279
0.020844
0.0236114
0.0265952
0.0298082
0.0332617
0.0369651
0.0409258
0.0451491
0.0496378
0.054392
0.0594093
0.0646839
0.0702071
0.075967
0.081948
0.0881315
0.0944952
0.101014
0.107658
0.114396
0.121193
0.128012
0.134812
0.141552
0.148187
0.154674
0.160967
0.167021
0.172789
0.178229
0.183297
0.187953
0.192159
0.195879
0.199083
0.201743
0.203837
0.205345
0.206255
0.20656
0.206255
0.205345
0.203837
0.201743
0.199083
0.195879
0.192159
0.187953
0.183297
0.178229
0.172789
0.167021
0.160967
0.154674
0.148187
0.141552
0.134812
0.128012
0.121193
0.114396
0.107658
0.101014
0.0944952
0.0881315
0.081948
0.075967
0.0702071
0.0646839
0.0594093
0.054392
0.0496378
0.0451491
0.0409258
0.0369651
0.0332617
0.0298082
0.0265952
0.0236114
0.020844
0.018279
0.015901
0.0136936
0.0116397
0.00972144
0.00792034
0.0062175
0.00459366
0.0030293
0.0015047
0
0
0.00149364
0.00300705
0.00455992
0.00617182
0.00786215
0.00965003
0.0115542
0.013593
0.0157842
0.0181447
0.0206909
0.0234379
0.0263998
0.0295893
0.0330174
0.0366936
0.0406252
0.0448174
0.0492731
0.0539925
0.0589729
0.0642087
0.0696914
0.0754089
0.081346
0.0874841
0.0938011
0.100272
0.106867
0.113556
0.120303
0.127072
0.133822
0.140512
0.147099
0.153538
0.159785
0.165794
0.17152
0.17692
0.181951
0.186572
0.190747
0.19444
0.197621
0.200261
0.202339
0.203837
0.20474
0.205042
0.20474
0.203837
0.202339
0.200261
0.197621
0.19444
0.190747
0.186572
0.181951
0.17692
0.17152
0.165794
0.159785
0.153538
0.147099
0.140512
0.133822
0.127072
0.120303
0.113556
0.106867
0.100272
0.0938011
0.0874841
0.081346
0.0754089
0.0696914
0.0642087
0.0589729
0.0539925
0.0492731
0.0448174
0.0406252
0.0366936
0.0330174
0.0295893
0.0263998
0.0234379
0.0206909
0.0181447
0.0157842
0.013593
0.0115542
0.00965003
0.00786215
0.00617182
0.00455992
0.00300705
0.00149364
0
0
0.0014783
0.00297617
0.00451309
0.00610844
0.00778141
0.00955092
0.0114356
0.0134534
0.0156221
0.0179584
0.0204784
0.0231972
0.0261287
0.0292854
0.0326783
0.0363167
0.040208
0.0443572
0.0487671
0.053438
0.0583672
0.0635493
0.0689757
0.0746345
0.0805106
0.0865856
0.0928378
0.0992419
0.10577
0.11239
0.119068
0.125767
0.132447
0.139069
0.145588
0.151961
0.158144
0.164091
0.169758
0.175103
0.180082
0.184656
0.188788
0.192443
0.195591
0.198205
0.200261
0.201743
0.202638
0.202937
0.202638
0.201743
0.200261
0.198205
0.195591
0.192443
0.188788
0.184656
0.180082
0.175103
0.169758
0.164091
0.158144
0.151961
0.145588
0.139069
0.132447
0.125767
0.119068
0.11239
0.10577
0.0992419
0.0928378
0.0865856
0.0805106
0.0746345
0.0689757
0.0635493
0.0583672
0.053438
0.0487671
0.0443572
0.040208
0.0363167
0.0326783
0.0292854
0.0261287
0.0231972
0.0204784
0.0179584
0.0156221
0.0134534
0.0114356
0.00955092
0.00778141
0.00610844
0.00451309
0.00297617
0.0014783
0
0
0.00145881
0.00293692
0.00445358
0.00602789
0.00767881
0.00942499
0.0112848
0.013276
0.0154161
0.0177216
0.0202084
0.0228914
0.0257842
0.0288992
0.0322474
0.0358379
0.0396778
0.0437723
0.0481241
0.0527334
0.0575976
0.0627114
0.0680662
0.0736504
0.079449
0.085444
0.0916136
0.0979333
0.104375
0.110908
0.117498
0.124108
0.130701
0.137235
0.143668
0.149958
0.156059
0.161927
0.16752
0.172794
0.177707
0.182221
0.186299
0.189906
0.193012
0.195591
0.197621
0.199083
0.199966
0.200261
0.199966
0.199083
0.197621
0.195591
0.193012
0.189906
0.186299
0.182221
0.177707
0.172794
0.16752
0.161927
0.156059
0.149958
0.143668
0.137235
0.130701
0.124108
0.117498
0.110908
0.104375
0.0979333
0.0916136
0.085444
0.079449
0.0736504
0.0680662
0.0627114
0.0575976
0.0527334
0.0481241
0.0437723
0.0396778
0.0358379
0.0322474
0.0288992
0.0257842
0.0228914
0.0202084
0.0177216
0.0154161
0.013276
0.0112848
0.00942499
0.00767881
0.00602789
0.00445358
0.00293692
0.00145881
0
0
0.00143533
0.00288966
0.0043819
0.00593088
0.00755523
0.00927331
0.0111032
0.0130624
0.015168
0.0174364
0.0198832
0.022523
0.0253692
0.0284341
0.0317284
0.0352611
0.0390392
0.0430678
0.0473496
0.0518847
0.0566707
0.0617021
0.0669708
0.0724651
0.0781704
0.0840689
0.0901392
0.0963572
0.102695
0.109123
0.115607
0.122111
0.128598
0.135027
0.141356
0.147544
0.153547
0.159321
0.164824
0.170013
0.174848
0.179289
0.183301
0.18685
0.189906
0.192443
0.19444
0.195879
0.196748
0.197038
0.196748
0.195879
0.19444
0.192443
0.189906
0.18685
0.183301
0.179289
0.174848
0.170013
0.164824
0.159321
0.153547
0.147544
0.141356
0.135027
0.128598
0.122111
0.115607
0.109123
0.102695
0.0963572
0.0901392
0.0840689
0.0781704
0.0724651
0.0669708
0.0617021
0.0566707
0.0518847
0.0473496
0.0430678
0.0390392
0.0352611
0.0317284
0.0284341
0.0253692
0.022523
0.0198832
0.0174364
0.015168
0.0130624
0.0111032
0.00927331
0.00755523
0.00593088
0.0043819
0.00288966
0.00143533
0
0
0.00140807
0.00283477
0.00429868
0.00581823
0.00741173
0.00909717
0.0108923
0.0128143
0.0148799
0.0171052
0.0195055
0.0220952
0.0248874
0.0278941
0.0311258
0.0345914
0.0382977
0.0422498
0.0464502
0.0508992
0.0555943
0.0605302
0.0656987
0.0710887
0.0766857
0.0824721
0.0884272
0.094527
0.100745
0.10705
0.113411
0.119792
0.126155
0.132462
0.138671
0.144742
0.150631
0.156295
0.161693
0.166784
0.171527
0.175883
0.179819
0.183301
0.186299
0.188788
0.190747
0.192159
0.193011
0.193295
0.193011
0.192159
0.190747
0.188788
0.186299
0.183301
0.179819
0.175883
0.171527
0.166784
0.161693
0.156295
0.150631
0.144742
0.138671
0.132462
0.126155
0.119792
0.113411
0.10705
0.100745
0.094527
0.0884272
0.0824721
0.0766857
0.0710887
0.0656987
0.0605302
0.0555943
0.0508992
0.0464502
0.0422498
0.0382977
0.0345914
0.0311258
0.0278941
0.0248874
0.0220952
0.0195055
0.0171052
0.0148799
0.0128143
0.0108923
0.00909717
0.00741173
0.00581823
0.00429868
0.00283477
0.00140807
0
0
0.00137725
0.00277273
0.00420459
0.00569089
0.00724951
0.00889807
0.0106539
0.0125338
0.0145542
0.0167309
0.0190786
0.0216116
0.0243427
0.0272836
0.0304446
0.0338343
0.0374595
0.0413251
0.0454336
0.0497852
0.0543775
0.0592054
0.0642608
0.0695328
0.0750073
0.0806671
0.0864918
0.0924582
0.0985397
0.104707
0.110929
0.11717
0.123394
0.129563
0.135636
0.141574
0.147334
0.152875
0.158155
0.163134
0.167772
0.172034
0.175883
0.179289
0.182221
0.184656
0.186572
0.187953
0.188786
0.189065
0.188786
0.187953
0.186572
0.184656
0.182221
0.179289
0.175883
0.172034
0.167772
0.163134
0.158155
0.152875
0.147334
0.141574
0.135636
0.129563
0.123394
0.11717
0.110929
0.104707
0.0985397
0.0924582
0.0864918
0.0806671
0.0750073
0.0695328
0.0642608
0.0592054
0.0543775
0.0497852
0.0454336
0.0413251
0.0374595
0.0338343
0.0304446
0.0272836
0.0243427
0.0216116
0.0190786
0.0167309
0.0145542
0.0125338
0.0106539
0.00889807
0.00724951
0.00569089
0.00420459
0.00277273
0.00137725
0
0
0.00134314
0.00270405
0.00410044
0.00554992
0.00706993
0.00867765
0.01039
0.0122233
0.0141937
0.0163164
0.018606
0.0210762
0.0237397
0.0266077
0.0296904
0.0329962
0.0365316
0.0403014
0.0443082
0.048552
0.0530305
0.0577388
0.062669
0.0678104
0.0731493
0.0786688
0.0843493
0.0901678
0.0960987
0.102113
0.108181
0.114267
0.120337
0.126353
0.132277
0.138067
0.143684
0.149088
0.154237
0.159092
0.163616
0.167772
0.171527
0.174848
0.177707
0.180082
0.181951
0.183297
0.18411
0.184381
0.18411
0.183297
0.181951
0.180082
0.177707
0.174848
0.171527
0.167772
0.163616
0.159092
0.154237
0.149088
0.143684
0.138067
0.132277
0.126353
0.120337
0.114267
0.108181
0.102113
0.0960987
0.0901678
0.0843493
0.0786688
0.0731493
0.0678104
0.062669
0.0577388
0.0530305
0.048552
0.0443082
0.0403014
0.0365316
0.0329962
0.0296904
0.0266077
0.0237397
0.0210762
0.018606
0.0163164
0.0141937
0.0122233
0.01039
0.00867765
0.00706993
0.00554992
0.00410044
0.00270405
0.00134314
0
0
0.001306
0.00262928
0.00398706
0.00539647
0.00687445
0.00843772
0.0101027
0.0118854
0.0138012
0.0158653
0.0180916
0.0204935
0.0230833
0.025872
0.0288695
0.0320838
0.0355215
0.0391871
0.043083
0.0472095
0.0515642
0.0561423
0.0609362
0.0659354
0.0711267
0.0764936
0.082017
0.0876747
0.0934416
0.09929
0.10519
0.111108
0.11701
0.12286
0.128619
0.134249
0.139711
0.144965
0.149972
0.154694
0.159092
0.163134
0.166784
0.170013
0.172794
0.175103
0.17692
0.178229
0.179019
0.179283
0.179019
0.178229
0.17692
0.175103
0.172794
0.170013
0.166784
0.163134
0.159092
0.154694
0.149972
0.144965
0.139711
0.134249
0.128619
0.12286
0.11701
0.111108
0.10519
0.09929
0.0934416
0.0876747
0.082017
0.0764936
0.0711267
0.0659354
0.0609362
0.0561423
0.0515642
0.0472095
0.043083
0.0391871
0.0355215
0.0320838
0.0288695
0.025872
0.0230833
0.0204935
0.0180916
0.0158653
0.0138012
0.0118854
0.0101027
0.00843772
0.00687445
0.00539647
0.00398706
0.00262928
0.001306
0
0
0.00126614
0.00254903
0.00386537
0.00523176
0.00666463
0.00818019
0.00979434
0.0115226
0.01338
0.015381
0.0175394
0.019868
0.0223787
0.0250824
0.0279884
0.0311046
0.0344374
0.0379911
0.0417681
0.0457686
0.0499904
0.0544288
0.0590764
0.063923
0.0689558
0.074159
0.0795138
0.0849988
0.0905897
0.0962596
0.101979
0.107717
0.113439
0.11911
0.124694
0.130152
0.135447
0.140541
0.145395
0.149972
0.154237
0.158155
0.161693
0.164824
0.16752
0.169758
0.17152
0.172789
0.173555
0.173811
0.173555
0.172789
0.17152
0.169758
0.16752
0.164824
0.161693
0.158155
0.154237
0.149972
0.145395
0.140541
0.135447
0.130152
0.124694
0.11911
0.113439
0.107717
0.101979
0.0962596
0.0905897
0.0849988
0.0795138
0.074159
0.0689558
0.063923
0.0590764
0.0544288
0.0499904
0.0457686
0.0417681
0.0379911
0.0344374
0.0311046
0.0279884
0.0250824
0.0223787
0.019868
0.0175394
0.015381
0.01338
0.0115226
0.00979434
0.00818019
0.00666463
0.00523176
0.00386537
0.00254903
0.00126614
0
0
0.00122387
0.00246393
0.00373633
0.0050571
0.00644213
0.00790709
0.00946735
0.0111379
0.0129333
0.0148675
0.0169538
0.0192047
0.0216316
0.024245
0.027054
0.0300662
0.0332877
0.0367227
0.0403737
0.0442406
0.0483215
0.0526117
0.0571041
0.0617889
0.0666537
0.0716832
0.0768592
0.0821611
0.0875653
0.0930459
0.0985745
0.104121
0.109652
0.115133
0.120531
0.125807
0.130925
0.135849
0.140541
0.144965
0.149088
0.152875
0.156295
0.159321
0.161927
0.164091
0.165794
0.167021
0.167761
0.168009
0.167761
0.167021
0.165794
0.164091
0.161927
0.159321
0.156295
0.152875
0.149088
0.144965
0.140541
0.135849
0.130925
0.125807
0.120531
0.115133
0.109652
0.104121
0.0985745
0.0930459
0.0875653
0.0821611
0.0768592
0.0716832
0.0666537
0.0617889
0.0571041
0.0526117
0.0483215
0.0442406
0.0403737
0.0367227
0.0332877
0.0300662
0.027054
0.024245
0.0216316
0.0192047
0.0169538
0.0148675
0.0129333
0.0111379
0.00946735
0.00790709
0.00644213
0.0050571
0.00373633
0.00246393
0.00122387
0
0
0.00117951
0.00237463
0.00360091
0.00487381
0.00620865
0.00762051
0.00912423
0.0107342
0.0124646
0.0143287
0.0163394
0.0185087
0.0208476
0.0233663
0.0260734
0.0289765
0.0320812
0.0353918
0.0389104
0.0426372
0.0465702
0.0507049
0.0550345
0.0595495
0.064238
0.0690852
0.0740736
0.0791833
0.0843917
0.0896737
0.0950019
0.100347
0.105677
0.110961
0.116162
0.121247
0.12618
0.130925
0.135447
0.139711
0.143684
0.147334
0.150631
0.153547
0.156059
0.158144
0.159785
0.160967
0.161681
0.16192
0.161681
0.160967
0.159785
0.158144
0.156059
0.153547
0.150631
0.147334
0.143684
0.139711
0.135447
0.130925
0.12618
0.121247
0.116162
0.110961
0.105677
0.100347
0.0950019
0.0896737
0.0843917
0.0791833
0.0740736
0.0690852
0.064238
0.0595495
0.0550345
0.0507049
0.0465702
0.0426372
0.0389104
0.0353918
0.0320812
0.0289765
0.0260734
0.0233663
0.0208476
0.0185087
0.0163394
0.0143287
0.0124646
0.0107342
0.00912423
0.00762051
0.00620865
0.00487381
0.00360091
0.00237463
0.00117951
0
0
0.0011334
0.0022818
0.00346014
0.00468328
0.00596593
0.00732259
0.00876752
0.0103146
0.0119773
0.0137685
0.0157006
0.0177851
0.0200326
0.0224528
0.0250541
0.0278436
0.030827
0.0340082
0.0373892
0.0409703
0.0447495
0.0487226
0.0528829
0.0572215
0.0617267
0.0663843
0.0711777
0.0760877
0.0810924
0.0861679
0.0912878
0.0964239
0.101546
0.106623
0.111621
0.116507
0.121247
0.125807
0.130152
0.134249
0.138067
0.141574
0.144742
0.147544
0.149958
0.151961
0.153538
0.154674
0.15536
0.155589
0.15536
0.154674
0.153538
0.151961
0.149958
0.147544
0.144742
0.141574
0.138067
0.134249
0.130152
0.125807
0.121247
0.116507
0.111621
0.106623
0.101546
0.0964239
0.0912878
0.0861679
0.0810924
0.0760877
0.0711777
0.0663843
0.0617267
0.0572215
0.0528829
0.0487226
0.0447495
0.0409703
0.0373892
0.0340082
0.030827
0.0278436
0.0250541
0.0224528
0.0200326
0.0177851
0.0157006
0.0137685
0.0119773
0.0103146
0.00876752
0.00732259
0.00596593
0.00468328
0.00346014
0.0022818
0.0011334
0
0
0.00108587
0.0021861
0.00331502
0.00448686
0.00571572
0.00701549
0.00839981
0.009882
0.011475
0.0131911
0.0150421
0.0170392
0.0191924
0.0215111
0.0240034
0.0266759
0.0295341
0.0325819
0.0358211
0.0392521
0.0428728
0.0466792
0.0506651
0.0548216
0.0591379
0.0636002
0.0681926
0.0728966
0.0776915
0.0825541
0.0874593
0.0923799
0.0972872
0.102151
0.10694
0.111621
0.116162
0.120531
0.124694
0.128619
0.132277
0.135636
0.138671
0.141356
0.143668
0.145588
0.147099
0.148187
0.148844
0.149064
0.148844
0.148187
0.147099
0.145588
0.143668
0.141356
0.138671
0.135636
0.132277
0.128619
0.124694
0.120531
0.116162
0.111621
0.10694
0.102151
0.0972872
0.0923799
0.0874593
0.0825541
0.0776915
0.0728966
0.0681926
0.0636002
0.0591379
0.0548216
0.0506651
0.0466792
0.0428728
0.0392521
0.0358211
0.0325819
0.0295341
0.0266759
0.0240034
0.0215111
0.0191924
0.0170392
0.0150421
0.0131911
0.011475
0.009882
0.00839981
0.00701549
0.00571572
0.00448686
0.00331502
0.0021861
0.00108587
0
0
0.00103724
0.00208821
0.00316658
0.00428594
0.00545977
0.00670134
0.00802368
0.0094395
0.0109611
0.0126004
0.0143686
0.0162762
0.018333
0.0205479
0.0229285
0.0254814
0.0282116
0.0311229
0.0342171
0.0374944
0.040953
0.044589
0.0483963
0.0523668
0.0564897
0.0607522
0.065139
0.0696324
0.0742125
0.0788574
0.0835429
0.0882433
0.0929308
0.0975767
0.102151
0.106623
0.110961
0.115133
0.11911
0.12286
0.126353
0.129563
0.132462
0.135027
0.137235
0.139069
0.140512
0.141552
0.142179
0.142389
0.142179
0.141552
0.140512
0.139069
0.137235
0.135027
0.132462
0.129563
0.126353
0.12286
0.11911
0.115133
0.110961
0.106623
0.102151
0.0975767
0.0929308
0.0882433
0.0835429
0.0788574
0.0742125
0.0696324
0.065139
0.0607522
0.0564897
0.0523668
0.0483963
0.044589
0.040953
0.0374944
0.0342171
0.0311229
0.0282116
0.0254814
0.0229285
0.0205479
0.018333
0.0162762
0.0143686
0.0126004
0.0109611
0.0094395
0.00802368
0.00670134
0.00545977
0.00428594
0.00316658
0.00208821
0.00103724
0
0
0.000987856
0.00198878
0.00301581
0.00408188
0.00519982
0.00638227
0.00764165
0.00899006
0.0104392
0.0120005
0.0136844
0.0155012
0.0174601
0.0195696
0.0218368
0.0242681
0.0268684
0.0296411
0.0325879
0.0357092
0.0390031
0.042466
0.046092
0.0498735
0.0538001
0.0578596
0.0620375
0.066317
0.0706791
0.0751028
0.0795652
0.0840418
0.0885061
0.0929308
0.0972872
0.101546
0.105677
0.109652
0.113439
0.11701
0.120337
0.123394
0.126155
0.128598
0.130701
0.132447
0.133822
0.134812
0.13541
0.13561
0.13541
0.134812
0.133822
0.132447
0.130701
0.128598
0.126155
0.123394
0.120337
0.11701
0.113439
0.109652
0.105677
0.101546
0.0972872
0.0929308
0.0885061
0.0840418
0.0795652
0.0751028
0.0706791
0.066317
0.0620375
0.0578596
0.0538001
0.0498735
0.046092
0.042466
0.0390031
0.0357092
0.0325879
0.0296411
0.0268684
0.0242681
0.0218368
0.0195696
0.0174601
0.0155012
0.0136844
0.0120005
0.0104392
0.00899006
0.00764165
0.00638227
0.00519982
0.00408188
0.00301581
0.00198878
0.000987856
0
0
0.000938027
0.00188846
0.00286368
0.00387598
0.00493753
0.00606034
0.00725619
0.00853659
0.00991266
0.0113951
0.0129942
0.0147193
0.0165794
0.0185824
0.0207353
0.023044
0.0255131
0.0281459
0.0309442
0.033908
0.0370357
0.0403239
0.0437671
0.0473578
0.0510863
0.0549411
0.0589083
0.0629719
0.0671139
0.0713145
0.0755518
0.0798026
0.0840418
0.0882433
0.0923799
0.0964239
0.100347
0.104121
0.107717
0.111108
0.114267
0.11717
0.119792
0.122111
0.124108
0.125767
0.127072
0.128012
0.128579
0.128769
0.128579
0.128012
0.127072
0.125767
0.124108
0.122111
0.119792
0.11717
0.114267
0.111108
0.107717
0.104121
0.100347
0.0964239
0.0923799
0.0882433
0.0840418
0.0798026
0.0755518
0.0713145
0.0671139
0.0629719
0.0589083
0.0549411
0.0510863
0.0473578
0.0437671
0.0403239
0.0370357
0.033908
0.0309442
0.0281459
0.0255131
0.023044
0.0207353
0.0185824
0.0165794
0.0147193
0.0129942
0.0113951
0.00991266
0.00853659
0.00725619
0.00606034
0.00493753
0.00387598
0.00286368
0.00188846
0.000938027
0
0
0.000888063
0.00178787
0.00271115
0.00366953
0.00467453
0.00573753
0.00686969
0.00808188
0.00938466
0.0107882
0.012302
0.0139353
0.0156963
0.0175926
0.0196309
0.0218166
0.0241542
0.0266467
0.0292959
0.0321018
0.035063
0.038176
0.0414358
0.0448352
0.0483652
0.0520147
0.0557705
0.0596176
0.063539
0.0675159
0.0715275
0.0755518
0.0795652
0.0835429
0.0874593
0.0912878
0.0950019
0.0985745
0.101979
0.10519
0.108181
0.110929
0.113411
0.115607
0.117498
0.119068
0.120303
0.121193
0.121731
0.12191
0.121731
0.121193
0.120303
0.119068
0.117498
0.115607
0.113411
0.110929
0.108181
0.10519
0.101979
0.0985745
0.0950019
0.0912878
0.0874593
0.0835429
0.0795652
0.0755518
0.0715275
0.0675159
0.063539
0.0596176
0.0557705
0.0520147
0.0483652
0.0448352
0.0414358
0.038176
0.035063
0.0321018
0.0292959
0.0266467
0.0241542
0.0218166
0.0196309
0.0175926
0.0156963
0.0139353
0.012302
0.0107882
0.00938466
0.00808188
0.00686969
0.00573753
0.00467453
0.00366953
0.00271115
0.00178787
0.000888063
0
0
0.000838255
0.0016876
0.00255909
0.00346372
0.00441236
0.00541574
0.0064844
0.0076286
0.00885832
0.0101831
0.0116121
0.0131537
0.014816
0.0166059
0.0185299
0.020593
0.0227995
0.0251522
0.0276528
0.0303014
0.0330965
0.0360349
0.0391119
0.0423206
0.0456526
0.0490974
0.0526426
0.0562739
0.0599754
0.0637292
0.0675159
0.0713145
0.0751028
0.0788574
0.0825541
0.0861679
0.0896737
0.0930459
0.0962596
0.09929
0.102113
0.104707
0.10705
0.109123
0.110908
0.11239
0.113556
0.114396
0.114903
0.115073
0.114903
0.114396
0.113556
0.11239
0.110908
0.109123
0.10705
0.104707
0.102113
0.09929
0.0962596
0.0930459
0.0896737
0.0861679
0.0825541
0.0788574
0.0751028
0.0713145
0.0675159
0.0637292
0.0599754
0.0562739
0.0526426
0.0490974
0.0456526
0.0423206
0.0391119
0.0360349
0.0330965
0.0303014
0.0276528
0.0251522
0.0227995
0.020593
0.0185299
0.0166059
0.014816
0.0131537
0.0116121
0.0101831
0.00885832
0.0076286
0.0064844
0.00541574
0.00441236
0.00346372
0.00255909
0.0016876
0.000838255
0
0
0.00078888
0.0015882
0.00240836
0.0032597
0.00415246
0.00509674
0.00610245
0.00717926
0.00833654
0.0095833
0.0109281
0.0123789
0.0139433
0.0156278
0.0174384
0.01938
0.0214565
0.0236707
0.026024
0.0285166
0.031147
0.0339124
0.0368081
0.0398278
0.0429636
0.0462054
0.0495418
0.0529593
0.0564427
0.0599754
0.063539
0.0671139
0.0706791
0.0742125
0.0776915
0.0810924
0.0843917
0.0875653
0.0905897
0.0934416
0.0960987
0.0985397
0.100745
0.102695
0.104375
0.10577
0.106867
0.107658
0.108135
0.108295
0.108135
0.107658
0.106867
0.10577
0.104375
0.102695
0.100745
0.0985397
0.0960987
0.0934416
0.0905897
0.0875653
0.0843917
0.0810924
0.0776915
0.0742125
0.0706791
0.0671139
0.063539
0.0599754
0.0564427
0.0529593
0.0495418
0.0462054
0.0429636
0.0398278
0.0368081
0.0339124
0.031147
0.0285166
0.026024
0.0236707
0.0214565
0.01938
0.0174384
0.0156278
0.0139433
0.0123789
0.0109281
0.0095833
0.00833654
0.00717926
0.00610245
0.00509674
0.00415246
0.0032597
0.00240836
0.0015882
0.00078888
0
0
0.000740193
0.00149018
0.00225972
0.00305852
0.00389619
0.00478219
0.00572583
0.00673618
0.00782204
0.00899185
0.0102536
0.011615
0.0130828
0.0146633
0.0163622
0.0181839
0.0201323
0.0222098
0.0244179
0.0267566
0.0292247
0.0318194
0.0345364
0.0373698
0.040312
0.0433538
0.0464843
0.0496908
0.0529593
0.0562739
0.0596176
0.0629719
0.066317
0.0696324
0.0728966
0.0760877
0.0791833
0.0821611
0.0849988
0.0876747
0.0901678
0.0924582
0.094527
0.0963572
0.0979333
0.0992419
0.100272
0.101014
0.101462
0.101611
0.101462
0.101014
0.100272
0.0992419
0.0979333
0.0963572
0.094527
0.0924582
0.0901678
0.0876747
0.0849988
0.0821611
0.0791833
0.0760877
0.0728966
0.0696324
0.066317
0.0629719
0.0596176
0.0562739
0.0529593
0.0496908
0.0464843
0.0433538
0.040312
0.0373698
0.0345364
0.0318194
0.0292247
0.0267566
0.0244179
0.0222098
0.0201323
0.0181839
0.0163622
0.0146633
0.0130828
0.011615
0.0102536
0.00899185
0.00782204
0.00673618
0.00572583
0.00478219
0.00389619
0.00305852
0.00225972
0.00149018
0.000740193
0
0
0.000692429
0.00139402
0.0021139
0.00286115
0.00364476
0.00447359
0.00535634
0.0063015
0.00731728
0.0084116
0.00959197
0.0108654
0.0122385
0.0137171
0.0153063
0.0170105
0.0188332
0.0207766
0.0228422
0.02503
0.0273388
0.0297661
0.0323078
0.0349583
0.0377107
0.0405562
0.0434846
0.0464843
0.0495418
0.0526426
0.0557705
0.0589083
0.0620375
0.065139
0.0681926
0.0711777
0.0740736
0.0768592
0.0795138
0.082017
0.0843493
0.0864918
0.0884272
0.0901392
0.0916136
0.0928378
0.0938011
0.0944952
0.0949142
0.0950543
0.0949142
0.0944952
0.0938011
0.0928378
0.0916136
0.0901392
0.0884272
0.0864918
0.0843493
0.082017
0.0795138
0.0768592
0.0740736
0.0711777
0.0681926
0.065139
0.0620375
0.0589083
0.0557705
0.0526426
0.0495418
0.0464843
0.0434846
0.0405562
0.0377107
0.0349583
0.0323078
0.0297661
0.0273388
0.02503
0.0228422
0.0207766
0.0188332
0.0170105
0.0153063
0.0137171
0.0122385
0.0108654
0.00959197
0.0084116
0.00731728
0.0063015
0.00535634
0.00447359
0.00364476
0.00286115
0.0021139
0.00139402
0.000692429
0
0
0.000645797
0.00130014
0.00197154
0.00266847
0.00339931
0.00417232
0.00499562
0.00587712
0.0068245
0.00784513
0.008946
0.0101337
0.0114143
0.0127933
0.0142755
0.015865
0.0175648
0.0193774
0.0213039
0.0233444
0.0254977
0.0277615
0.030132
0.0326041
0.0351711
0.0378249
0.0405562
0.0433538
0.0462054
0.0490974
0.0520147
0.0549411
0.0578596
0.0607522
0.0636002
0.0663843
0.0690852
0.0716832
0.074159
0.0764936
0.0786688
0.0806671
0.0824721
0.0840689
0.085444
0.0865856
0.0874841
0.0881315
0.0885222
0.0886529
0.0885222
0.0881315
0.0874841
0.0865856
0.085444
0.0840689
0.0824721
0.0806671
0.0786688
0.0764936
0.074159
0.0716832
0.0690852
0.0663843
0.0636002
0.0607522
0.0578596
0.0549411
0.0520147
0.0490974
0.0462054
0.0433538
0.0405562
0.0378249
0.0351711
0.0326041
0.030132
0.0277615
0.0254977
0.0233444
0.0213039
0.0193774
0.0175648
0.015865
0.0142755
0.0127933
0.0114143
0.0101337
0.008946
0.00784513
0.0068245
0.00587712
0.00499562
0.00417232
0.00339931
0.00266847
0.00197154
0.00130014
0.000645797
0
0
0.000600487
0.00120892
0.00183321
0.00248125
0.00316081
0.00387958
0.00464512
0.00546477
0.00634568
0.0072947
0.00831833
0.00942271
0.0106135
0.0118957
0.0132739
0.0147518
0.0163325
0.0180179
0.0198092
0.0217065
0.0237088
0.0258137
0.0280179
0.0303165
0.0327034
0.0351711
0.0377107
0.040312
0.0429636
0.0456526
0.0483652
0.0510863
0.0538001
0.0564897
0.0591379
0.0617267
0.064238
0.0666537
0.0689558
0.0711267
0.0731493
0.0750073
0.0766857
0.0781704
0.079449
0.0805106
0.081346
0.081948
0.0823113
0.0824328
0.0823113
0.081948
0.081346
0.0805106
0.079449
0.0781704
0.0766857
0.0750073
0.0731493
0.0711267
0.0689558
0.0666537
0.064238
0.0617267
0.0591379
0.0564897
0.0538001
0.0510863
0.0483652
0.0456526
0.0429636
0.040312
0.0377107
0.0351711
0.0327034
0.0303165
0.0280179
0.0258137
0.0237088
0.0217065
0.0198092
0.0180179
0.0163325
0.0147518
0.0132739
0.0118957
0.0106135
0.00942271
0.00831833
0.0072947
0.00634568
0.00546477
0.00464512
0.00387958
0.00316081
0.00248125
0.00183321
0.00120892
0.000600487
0
0
0.00055666
0.00112068
0.00169942
0.00230015
0.00293011
0.00359643
0.00430609
0.00506592
0.00588254
0.00676229
0.00771121
0.00873499
0.00983884
0.0110275
0.0123051
0.0136752
0.0151404
0.0167028
0.0183634
0.0201222
0.0219783
0.0239297
0.025973
0.0281038
0.0303165
0.0326041
0.0349583
0.0373698
0.0398278
0.0423206
0.0448352
0.0473578
0.0498735
0.0523668
0.0548216
0.0572215
0.0595495
0.0617889
0.063923
0.0659354
0.0678104
0.0695328
0.0710887
0.0724651
0.0736504
0.0746345
0.0754089
0.075967
0.0763038
0.0764164
0.0763038
0.075967
0.0754089
0.0746345
0.0736504
0.0724651
0.0710887
0.0695328
0.0678104
0.0659354
0.063923
0.0617889
0.0595495
0.0572215
0.0548216
0.0523668
0.0498735
0.0473578
0.0448352
0.0423206
0.0398278
0.0373698
0.0349583
0.0326041
0.0303165
0.0281038
0.025973
0.0239297
0.0219783
0.0201222
0.0183634
0.0167028
0.0151404
0.0136752
0.0123051
0.0110275
0.00983884
0.00873499
0.00771121
0.00676229
0.00588254
0.00506592
0.00430609
0.00359643
0.00293011
0.00230015
0.00169942
0.00112068
0.00055666
0
0
0.000514454
0.00103571
0.00157057
0.00212575
0.00270795
0.00332375
0.0039796
0.00468182
0.00543652
0.00624957
0.00712655
0.0080727
0.00909286
0.0101914
0.0113721
0.0126383
0.0139925
0.0154364
0.0169711
0.0185966
0.0203119
0.0221153
0.0240037
0.025973
0.0280179
0.030132
0.0323078
0.0345364
0.0368081
0.0391119
0.0414358
0.0437671
0.046092
0.0483963
0.0506651
0.0528829
0.0550345
0.0571041
0.0590764
0.0609362
0.062669
0.0642608
0.0656987
0.0669708
0.0680662
0.0689757
0.0696914
0.0702071
0.0705184
0.0706225
0.0705184
0.0702071
0.0696914
0.0689757
0.0680662
0.0669708
0.0656987
0.0642608
0.062669
0.0609362
0.0590764
0.0571041
0.0550345
0.0528829
0.0506651
0.0483963
0.046092
0.0437671
0.0414358
0.0391119
0.0368081
0.0345364
0.0323078
0.030132
0.0280179
0.025973
0.0240037
0.0221153
0.0203119
0.0185966
0.0169711
0.0154364
0.0139925
0.0126383
0.0113721
0.0101914
0.00909286
0.0080727
0.00712655
0.00624957
0.00543652
0.00468182
0.0039796
0.00332375
0.00270795
0.00212575
0.00157057
0.00103571
0.000514454
0
0
0.000473981
0.000954234
0.00144701
0.00195852
0.00249491
0.00306227
0.00366652
0.0043135
0.00500883
0.00575791
0.0065659
0.00743761
0.00837752
0.00938963
0.0104775
0.011644
0.0128917
0.014222
0.015636
0.0171336
0.018714
0.0203755
0.0221153
0.0239297
0.0258137
0.0277615
0.0297661
0.0318194
0.0339124
0.0360349
0.038176
0.0403239
0.042466
0.044589
0.0466792
0.0487226
0.0507049
0.0526117
0.0544288
0.0561423
0.0577388
0.0592054
0.0605302
0.0617021
0.0627114
0.0635493
0.0642087
0.0646839
0.0649707
0.0650666
0.0649707
0.0646839
0.0642087
0.0635493
0.0627114
0.0617021
0.0605302
0.0592054
0.0577388
0.0561423
0.0544288
0.0526117
0.0507049
0.0487226
0.0466792
0.044589
0.042466
0.0403239
0.038176
0.0360349
0.0339124
0.0318194
0.0297661
0.0277615
0.0258137
0.0239297
0.0221153
0.0203755
0.018714
0.0171336
0.015636
0.014222
0.0128917
0.011644
0.0104775
0.00938963
0.00837752
0.00743761
0.0065659
0.00575791
0.00500883
0.0043135
0.00366652
0.00306227
0.00249491
0.00195852
0.00144701
0.000954234
0.000473981
0
0
0.000435331
0.000876421
0.00132901
0.00179881
0.00229147
0.00281255
0.00336754
0.00396176
0.00460039
0.00528839
0.00603049
0.00683112
0.00769438
0.00862395
0.0096231
0.0106945
0.0118404
0.0130623
0.0143609
0.0157364
0.017188
0.018714
0.0203119
0.0219783
0.0237088
0.0254977
0.0273388
0.0292247
0.031147
0.0330965
0.035063
0.0370357
0.0390031
0.040953
0.0428728
0.0447495
0.0465702
0.0483215
0.0499904
0.0515642
0.0530305
0.0543775
0.0555943
0.0566707
0.0575976
0.0583672
0.0589729
0.0594093
0.0596727
0.0597607
0.0596727
0.0594093
0.0589729
0.0583672
0.0575976
0.0566707
0.0555943
0.0543775
0.0530305
0.0515642
0.0499904
0.0483215
0.0465702
0.0447495
0.0428728
0.040953
0.0390031
0.0370357
0.035063
0.0330965
0.031147
0.0292247
0.0273388
0.0254977
0.0237088
0.0219783
0.0203119
0.018714
0.017188
0.0157364
0.0143609
0.0130623
0.0118404
0.0106945
0.0096231
0.00862395
0.00769438
0.00683112
0.00603049
0.00528839
0.00460039
0.00396176
0.00336754
0.00281255
0.00229147
0.00179881
0.00132901
0.000876421
0.000435331
0
0
0.000398566
0.000802405
0.00121677
0.0016469
0.00209795
0.00257503
0.00308314
0.00362718
0.00421187
0.00484177
0.0055212
0.00625421
0.00704457
0.00789564
0.00881041
0.00979136
0.0108405
0.0119591
0.0131481
0.0144074
0.0157364
0.0171336
0.0185966
0.0201222
0.0217065
0.0233444
0.02503
0.0267566
0.0285166
0.0303014
0.0321018
0.033908
0.0357092
0.0374944
0.0392521
0.0409703
0.0426372
0.0442406
0.0457686
0.0472095
0.048552
0.0497852
0.0508992
0.0518847
0.0527334
0.053438
0.0539925
0.054392
0.0546332
0.0547138
0.0546332
0.054392
0.0539925
0.053438
0.0527334
0.0518847
0.0508992
0.0497852
0.048552
0.0472095
0.0457686
0.0442406
0.0426372
0.0409703
0.0392521
0.0374944
0.0357092
0.033908
0.0321018
0.0303014
0.0285166
0.0267566
0.02503
0.0233444
0.0217065
0.0201222
0.0185966
0.0171336
0.0157364
0.0144074
0.0131481
0.0119591
0.0108405
0.00979136
0.00881041
0.00789564
0.00704457
0.00625421
0.0055212
0.00484177
0.00421187
0.00362718
0.00308314
0.00257503
0.00209795
0.0016469
0.00121677
0.000802405
0.000398566
0
0
0.000363728
0.000732269
0.00111042
0.00150295
0.00191457
0.00234995
0.00281365
0.00331014
0.00384372
0.00441856
0.0050386
0.00570755
0.00642882
0.0072055
0.00804031
0.00893552
0.00989294
0.0109138
0.0119989
0.0131481
0.0143609
0.015636
0.0169711
0.0183634
0.0198092
0.0213039
0.0228422
0.0244179
0.026024
0.0276528
0.0292959
0.0309442
0.0325879
0.0342171
0.0358211
0.0373892
0.0389104
0.0403737
0.0417681
0.043083
0.0443082
0.0454336
0.0464502
0.0473496
0.0481241
0.0487671
0.0492731
0.0496378
0.0498578
0.0499314
0.0498578
0.0496378
0.0492731
0.0487671
0.0481241
0.0473496
0.0464502
0.0454336
0.0443082
0.043083
0.0417681
0.0403737
0.0389104
0.0373892
0.0358211
0.0342171
0.0325879
0.0309442
0.0292959
0.0276528
0.026024
0.0244179
0.0228422
0.0213039
0.0198092
0.0183634
0.0169711
0.015636
0.0143609
0.0131481
0.0119989
0.0109138
0.00989294
0.00893552
0.00804031
0.0072055
0.00642882
0.00570755
0.0050386
0.00441856
0.00384372
0.00331014
0.00281365
0.00234995
0.00191457
0.00150295
0.00111042
0.000732269
0.000363728
0
0
0.000330837
0.000666051
0.00101001
0.00136704
0.00174144
0.00213745
0.00255922
0.00301081
0.00349614
0.004019
0.00458297
0.00519142
0.00584747
0.00655392
0.00731324
0.0081275
0.00899833
0.0099269
0.0109138
0.0119591
0.0130623
0.014222
0.0154364
0.0167028
0.0180179
0.0193774
0.0207766
0.0222098
0.0236707
0.0251522
0.0266467
0.0281459
0.0296411
0.0311229
0.0325819
0.0340082
0.0353918
0.0367227
0.0379911
0.0391871
0.0403014
0.0413251
0.0422498
0.0430678
0.0437723
0.0443572
0.0448174
0.0451491
0.0453493
0.0454162
0.0453493
0.0451491
0.0448174
0.0443572
0.0437723
0.0430678
0.0422498
0.0413251
0.0403014
0.0391871
0.0379911
0.0367227
0.0353918
0.0340082
0.0325819
0.0311229
0.0296411
0.0281459
0.0266467
0.0251522
0.0236707
0.0222098
0.0207766
0.0193774
0.0180179
0.0167028
0.0154364
0.014222
0.0130623
0.0119591
0.0109138
0.0099269
0.00899833
0.0081275
0.00731324
0.00655392
0.00584747
0.00519142
0.00458297
0.004019
0.00349614
0.00301081
0.00255922
0.00213745
0.00174144
0.00136704
0.00101001
0.000666051
0.000330837
0
0
0.00029989
0.000603748
0.000915529
0.00123916
0.00157854
0.00193751
0.00231983
0.00272917
0.00316911
0.00364306
0.00415427
0.00470581
0.00530049
0.00594086
0.00662915
0.00736724
0.00815662
0.00899833
0.00989294
0.0108405
0.0118404
0.0128917
0.0139925
0.0151404
0.0163325
0.0175648
0.0188332
0.0201323
0.0214565
0.0227995
0.0241542
0.0255131
0.0268684
0.0282116
0.0295341
0.030827
0.0320812
0.0332877
0.0344374
0.0355215
0.0365316
0.0374595
0.0382977
0.0390392
0.0396778
0.040208
0.0406252
0.0409258
0.0411073
0.0411679
0.0411073
0.0409258
0.0406252
0.040208
0.0396778
0.0390392
0.0382977
0.0374595
0.0365316
0.0355215
0.0344374
0.0332877
0.0320812
0.030827
0.0295341
0.0282116
0.0268684
0.0255131
0.0241542
0.0227995
0.0214565
0.0201323
0.0188332
0.0175648
0.0163325
0.0151404
0.0139925
0.0128917
0.0118404
0.0108405
0.00989294
0.00899833
0.00815662
0.00736724
0.00662915
0.00594086
0.00530049
0.00470581
0.00415427
0.00364306
0.00316911
0.00272917
0.00231983
0.00193751
0.00157854
0.00123916
0.000915529
0.000603748
0.00029989
0
0
0.000270868
0.000545319
0.000826926
0.00111924
0.00142578
0.00175
0.00209532
0.00246505
0.00286241
0.00329049
0.00375223
0.00425039
0.00478752
0.00536592
0.0059876
0.00665426
0.00736724
0.0081275
0.00893552
0.00979136
0.0106945
0.011644
0.0126383
0.0136752
0.0147518
0.015865
0.0170105
0.0181839
0.01938
0.020593
0.0218166
0.023044
0.0242681
0.0254814
0.0266759
0.0278436
0.0289765
0.0300662
0.0311046
0.0320838
0.0329962
0.0338343
0.0345914
0.0352611
0.0358379
0.0363167
0.0366936
0.0369651
0.037129
0.0371838
0.037129
0.0369651
0.0366936
0.0363167
0.0358379
0.0352611
0.0345914
0.0338343
0.0329962
0.0320838
0.0311046
0.0300662
0.0289765
0.0278436
0.0266759
0.0254814
0.0242681
0.023044
0.0218166
0.020593
0.01938
0.0181839
0.0170105
0.015865
0.0147518
0.0136752
0.0126383
0.011644
0.0106945
0.00979136
0.00893552
0.0081275
0.00736724
0.00665426
0.0059876
0.00536592
0.00478752
0.00425039
0.00375223
0.00329049
0.00286241
0.00246505
0.00209532
0.00175
0.00142578
0.00111924
0.000826926
0.000545319
0.000270868
0
0
0.00024373
0.000490685
0.00074408
0.00100711
0.00128293
0.00157468
0.0018854
0.00221809
0.00257564
0.00296083
0.00337631
0.00382457
0.00430788
0.00482833
0.00538772
0.0059876
0.00662915
0.00731324
0.00804031
0.00881041
0.0096231
0.0104775
0.0113721
0.0123051
0.0132739
0.0142755
0.0153063
0.0163622
0.0174384
0.0185299
0.0196309
0.0207353
0.0218368
0.0229285
0.0240034
0.0250541
0.0260734
0.027054
0.0279884
0.0288695
0.0296904
0.0304446
0.0311258
0.0317284
0.0322474
0.0326783
0.0330174
0.0332617
0.0334092
0.0334585
0.0334092
0.0332617
0.0330174
0.0326783
0.0322474
0.0317284
0.0311258
0.0304446
0.0296904
0.0288695
0.0279884
0.027054
0.0260734
0.0250541
0.0240034
0.0229285
0.0218368
0.0207353
0.0196309
0.0185299
0.0174384
0.0163622
0.0153063
0.0142755
0.0132739
0.0123051
0.0113721
0.0104775
0.0096231
0.00881041
0.00804031
0.00731324
0.00662915
0.0059876
0.00538772
0.00482833
0.00430788
0.00382457
0.00337631
0.00296083
0.00257564
0.00221809
0.0018854
0.00157468
0.00128293
0.00100711
0.00074408
0.000490685
0.00024373
0
0
0.000218424
0.000439739
0.000666824
0.000902542
0.00114973
0.00141118
0.00168964
0.00198779
0.00230821
0.00265341
0.00302576
0.00342747
0.0038606
0.00432701
0.00482833
0.00536592
0.00594086
0.00655392
0.0072055
0.00789564
0.00862395
0.00938963
0.0101914
0.0110275
0.0118957
0.0127933
0.0137171
0.0146633
0.0156278
0.0166059
0.0175926
0.0185824
0.0195696
0.0205479
0.0215111
0.0224528
0.0233663
0.024245
0.0250824
0.025872
0.0266077
0.0272836
0.0278941
0.0284341
0.0288992
0.0292854
0.0295893
0.0298082
0.0299404
0.0299846
0.0299404
0.0298082
0.0295893
0.0292854
0.0288992
0.0284341
0.0278941
0.0272836
0.0266077
0.025872
0.0250824
0.024245
0.0233663
0.0224528
0.0215111
0.0205479
0.0195696
0.0185824
0.0175926
0.0166059
0.0156278
0.0146633
0.0137171
0.0127933
0.0118957
0.0110275
0.0101914
0.00938963
0.00862395
0.00789564
0.0072055
0.00655392
0.00594086
0.00536592
0.00482833
0.00432701
0.0038606
0.00342747
0.00302576
0.00265341
0.00230821
0.00198779
0.00168964
0.00141118
0.00114973
0.000902542
0.000666824
0.000439739
0.000218424
0
0
0.00019488
0.000392339
0.000594946
0.000805257
0.0010258
0.00125907
0.00150751
0.00177352
0.00205941
0.0023674
0.00269961
0.00305802
0.00344447
0.0038606
0.00430788
0.00478752
0.00530049
0.00584747
0.00642882
0.00704457
0.00769438
0.00837752
0.00909286
0.00983884
0.0106135
0.0114143
0.0122385
0.0130828
0.0139433
0.014816
0.0156963
0.0165794
0.0174601
0.018333
0.0191924
0.0200326
0.0208476
0.0216316
0.0223787
0.0230833
0.0237397
0.0243427
0.0248874
0.0253692
0.0257842
0.0261287
0.0263998
0.0265952
0.0267131
0.0267525
0.0267131
0.0265952
0.0263998
0.0261287
0.0257842
0.0253692
0.0248874
0.0243427
0.0237397
0.0230833
0.0223787
0.0216316
0.0208476
0.0200326
0.0191924
0.018333
0.0174601
0.0165794
0.0156963
0.014816
0.0139433
0.0130828
0.0122385
0.0114143
0.0106135
0.00983884
0.00909286
0.00837752
0.00769438
0.00704457
0.00642882
0.00584747
0.00530049
0.00478752
0.00430788
0.0038606
0.00344447
0.00305802
0.00269961
0.0023674
0.00205941
0.00177352
0.00150751
0.00125907
0.0010258
0.000805257
0.000594946
0.000392339
0.00019488
0
0
0.000173016
0.000348321
0.000528197
0.000714912
0.000910712
0.00111781
0.00133838
0.00157455
0.00182836
0.00210179
0.00239673
0.00271493
0.00305802
0.00342747
0.00382457
0.00425039
0.00470581
0.00519142
0.00570755
0.00625421
0.00683112
0.00743761
0.0080727
0.00873499
0.00942271
0.0101337
0.0108654
0.011615
0.0123789
0.0131537
0.0139353
0.0147193
0.0155012
0.0162762
0.0170392
0.0177851
0.0185087
0.0192047
0.019868
0.0204935
0.0210762
0.0216116
0.0220952
0.022523
0.0228914
0.0231972
0.0234379
0.0236114
0.0237161
0.0237511
0.0237161
0.0236114
0.0234379
0.0231972
0.0228914
0.022523
0.0220952
0.0216116
0.0210762
0.0204935
0.019868
0.0192047
0.0185087
0.0177851
0.0170392
0.0162762
0.0155012
0.0147193
0.0139353
0.0131537
0.0123789
0.011615
0.0108654
0.0101337
0.00942271
0.00873499
0.0080727
0.00743761
0.00683112
0.00625421
0.00570755
0.00519142
0.00470581
0.00425039
0.00382457
0.00342747
0.00305802
0.00271493
0.00239673
0.00210179
0.00182836
0.00157455
0.00133838
0.00111781
0.000910712
0.000714912
0.000528197
0.000348321
0.000173016
0
0
0.000152738
0.000307497
0.000466291
0.000631122
0.000803973
0.000986799
0.00118152
0.00139
0.00161407
0.00185546
0.00211583
0.00239673
0.00269961
0.00302576
0.00337631
0.00375223
0.00415427
0.00458297
0.0050386
0.0055212
0.00603049
0.0065659
0.00712655
0.00771121
0.00831833
0.008946
0.00959197
0.0102536
0.0109281
0.0116121
0.012302
0.0129942
0.0136844
0.0143686
0.0150421
0.0157006
0.0163394
0.0169538
0.0175394
0.0180916
0.018606
0.0190786
0.0195055
0.0198832
0.0202084
0.0204784
0.0206909
0.020844
0.0209365
0.0209674
0.0209365
0.020844
0.0206909
0.0204784
0.0202084
0.0198832
0.0195055
0.0190786
0.018606
0.0180916
0.0175394
0.0169538
0.0163394
0.0157006
0.0150421
0.0143686
0.0136844
0.0129942
0.012302
0.0116121
0.0109281
0.0102536
0.00959197
0.008946
0.00831833
0.00771121
0.00712655
0.0065659
0.00603049
0.0055212
0.0050386
0.00458297
0.00415427
0.00375223
0.00337631
0.00302576
0.00269961
0.00239673
0.00211583
0.00185546
0.00161407
0.00139
0.00118152
0.000986799
0.000803973
0.000631122
0.000466291
0.000307497
0.000152738
0
0
0.000133942
0.000269657
0.00040891
0.000553457
0.000705038
0.000865365
0.00103612
0.00121895
0.00141544
0.00162713
0.00185546
0.00210179
0.0023674
0.00265341
0.00296083
0.00329049
0.00364306
0.004019
0.00441856
0.00484177
0.00528839
0.00575791
0.00624957
0.00676229
0.0072947
0.00784513
0.0084116
0.00899185
0.0095833
0.0101831
0.0107882
0.0113951
0.0120005
0.0126004
0.0131911
0.0137685
0.0143287
0.0148675
0.015381
0.0158653
0.0163164
0.0167309
0.0171052
0.0174364
0.0177216
0.0179584
0.0181447
0.018279
0.0183601
0.0183872
0.0183601
0.018279
0.0181447
0.0179584
0.0177216
0.0174364
0.0171052
0.0167309
0.0163164
0.0158653
0.015381
0.0148675
0.0143287
0.0137685
0.0131911
0.0126004
0.0120005
0.0113951
0.0107882
0.0101831
0.0095833
0.00899185
0.0084116
0.00784513
0.0072947
0.00676229
0.00624957
0.00575791
0.00528839
0.00484177
0.00441856
0.004019
0.00364306
0.00329049
0.00296083
0.00265341
0.0023674
0.00210179
0.00185546
0.00162713
0.00141544
0.00121895
0.00103612
0.000865365
0.000705038
0.000553457
0.00040891
0.000269657
0.000133942
0
0
0.000116517
0.000234575
0.000355712
0.000481455
0.000613315
0.000752784
0.000901327
0.00106037
0.0012313
0.00141544
0.00161407
0.00182836
0.00205941
0.00230821
0.00257564
0.00286241
0.00316911
0.00349614
0.00384372
0.00421187
0.00460039
0.00500883
0.00543652
0.00588254
0.00634568
0.0068245
0.00731728
0.00782204
0.00833654
0.00885832
0.00938466
0.00991266
0.0104392
0.0109611
0.011475
0.0119773
0.0124646
0.0129333
0.01338
0.0138012
0.0141937
0.0145542
0.0148799
0.015168
0.0154161
0.0156221
0.0157842
0.015901
0.0159715
0.015995
0.0159715
0.015901
0.0157842
0.0156221
0.0154161
0.015168
0.0148799
0.0145542
0.0141937
0.0138012
0.01338
0.0129333
0.0124646
0.0119773
0.011475
0.0109611
0.0104392
0.00991266
0.00938466
0.00885832
0.00833654
0.00782204
0.00731728
0.0068245
0.00634568
0.00588254
0.00543652
0.00500883
0.00460039
0.00421187
0.00384372
0.00349614
0.00316911
0.00286241
0.00257564
0.00230821
0.00205941
0.00182836
0.00161407
0.00141544
0.0012313
0.00106037
0.000901327
0.000752784
0.000613315
0.000481455
0.000355712
0.000234575
0.000116517
0
0
0.000100342
0.000202012
0.000306332
0.000414619
0.000528174
0.000648283
0.000776205
0.00091317
0.00106037
0.00121895
0.00139
0.00157455
0.00177352
0.00198779
0.00221809
0.00246505
0.00272917
0.00301081
0.00331014
0.00362718
0.00396176
0.0043135
0.00468182
0.00506592
0.00546477
0.00587712
0.0063015
0.00673618
0.00717926
0.0076286
0.00808188
0.00853659
0.00899006
0.0094395
0.009882
0.0103146
0.0107342
0.0111379
0.0115226
0.0118854
0.0122233
0.0125338
0.0128143
0.0130624
0.013276
0.0134534
0.013593
0.0136936
0.0137543
0.0137746
0.0137543
0.0136936
0.013593
0.0134534
0.013276
0.0130624
0.0128143
0.0125338
0.0122233
0.0118854
0.0115226
0.0111379
0.0107342
0.0103146
0.009882
0.0094395
0.00899006
0.00853659
0.00808188
0.0076286
0.00717926
0.00673618
0.0063015
0.00587712
0.00546477
0.00506592
0.00468182
0.0043135
0.00396176
0.00362718
0.00331014
0.00301081
0.00272917
0.00246505
0.00221809
0.00198779
0.00177352
0.00157455
0.00139
0.00121895
0.00106037
0.00091317
0.000776205
0.000648283
0.000528174
0.000414619
0.000306332
0.000202012
0.000100342
0
0
8.52918e-05
0.000171712
0.000260386
0.000352431
0.000448954
0.000551048
0.000659782
0.000776205
0.000901327
0.00103612
0.00118152
0.00133838
0.00150751
0.00168964
0.0018854
0.00209532
0.00231983
0.00255922
0.00281365
0.00308314
0.00336754
0.00366652
0.0039796
0.00430609
0.00464512
0.00499562
0.00535634
0.00572583
0.00610245
0.0064844
0.00686969
0.00725619
0.00764165
0.00802368
0.00839981
0.00876752
0.00912423
0.00946735
0.00979434
0.0101027
0.01039
0.0106539
0.0108923
0.0111032
0.0112848
0.0114356
0.0115542
0.0116397
0.0116913
0.0117086
0.0116913
0.0116397
0.0115542
0.0114356
0.0112848
0.0111032
0.0108923
0.0106539
0.01039
0.0101027
0.00979434
0.00946735
0.00912423
0.00876752
0.00839981
0.00802368
0.00764165
0.00725619
0.00686969
0.0064844
0.00610245
0.00572583
0.00535634
0.00499562
0.00464512
0.00430609
0.0039796
0.00366652
0.00336754
0.00308314
0.00281365
0.00255922
0.00231983
0.00209532
0.0018854
0.00168964
0.00150751
0.00133838
0.00118152
0.00103612
0.000901327
0.000776205
0.000659782
0.000551048
0.000448954
0.000352431
0.000260386
0.000171712
8.52918e-05
0
0
7.12354e-05
0.000143413
0.000217473
0.000294349
0.000374965
0.000460233
0.000551048
0.000648283
0.000752784
0.000865365
0.000986799
0.00111781
0.00125907
0.00141118
0.00157468
0.00175
0.00193751
0.00213745
0.00234995
0.00257503
0.00281255
0.00306227
0.00332375
0.00359643
0.00387958
0.00417232
0.00447359
0.00478219
0.00509674
0.00541574
0.00573753
0.00606034
0.00638227
0.00670134
0.00701549
0.00732259
0.00762051
0.00790709
0.00818019
0.00843772
0.00867765
0.00889807
0.00909717
0.00927331
0.00942499
0.00955092
0.00965003
0.00972144
0.00976454
0.00977895
0.00976454
0.00972144
0.00965003
0.00955092
0.00942499
0.00927331
0.00909717
0.00889807
0.00867765
0.00843772
0.00818019
0.00790709
0.00762051
0.00732259
0.00701549
0.00670134
0.00638227
0.00606034
0.00573753
0.00541574
0.00509674
0.00478219
0.00447359
0.00417232
0.00387958
0.00359643
0.00332375
0.00306227
0.00281255
0.00257503
0.00234995
0.00213745
0.00193751
0.00175
0.00157468
0.00141118
0.00125907
0.00111781
0.000986799
0.000865365
0.000752784
0.000648283
0.000551048
0.000460233
0.000374965
0.000294349
0.000217473
0.000143413
7.12354e-05
0
0
5.80375e-05
0.000116843
0.000177181
0.000239814
0.000305494
0.000374965
0.000448954
0.000528174
0.000613315
0.000705038
0.000803973
0.000910712
0.0010258
0.00114973
0.00128293
0.00142578
0.00157854
0.00174144
0.00191457
0.00209795
0.00229147
0.00249491
0.00270795
0.00293011
0.00316081
0.00339931
0.00364476
0.00389619
0.00415246
0.00441236
0.00467453
0.00493753
0.00519982
0.00545977
0.00571572
0.00596593
0.00620865
0.00644213
0.00666463
0.00687445
0.00706993
0.00724951
0.00741173
0.00755523
0.00767881
0.00778141
0.00786215
0.00792034
0.00795545
0.00796719
0.00795545
0.00792034
0.00786215
0.00778141
0.00767881
0.00755523
0.00741173
0.00724951
0.00706993
0.00687445
0.00666463
0.00644213
0.00620865
0.00596593
0.00571572
0.00545977
0.00519982
0.00493753
0.00467453
0.00441236
0.00415246
0.00389619
0.00364476
0.00339931
0.00316081
0.00293011
0.00270795
0.00249491
0.00229147
0.00209795
0.00191457
0.00174144
0.00157854
0.00142578
0.00128293
0.00114973
0.0010258
0.000910712
0.000803973
0.000705038
0.000613315
0.000528174
0.000448954
0.000374965
0.000305494
0.000239814
0.000177181
0.000116843
5.80375e-05
0
0
4.55597e-05
9.17221e-05
0.000139088
0.000188255
0.000239814
0.000294349
0.000352431
0.000414619
0.000481455
0.000553457
0.000631122
0.000714912
0.000805257
0.000902542
0.00100711
0.00111924
0.00123916
0.00136704
0.00150295
0.0016469
0.00179881
0.00195852
0.00212575
0.00230015
0.00248125
0.00266847
0.00286115
0.00305852
0.0032597
0.00346372
0.00366953
0.00387598
0.00408188
0.00428594
0.00448686
0.00468328
0.00487381
0.0050571
0.00523176
0.00539647
0.00554992
0.00569089
0.00581823
0.00593088
0.00602789
0.00610844
0.00617182
0.0062175
0.00624506
0.00625428
0.00624506
0.0062175
0.00617182
0.00610844
0.00602789
0.00593088
0.00581823
0.00569089
0.00554992
0.00539647
0.00523176
0.0050571
0.00487381
0.00468328
0.00448686
0.00428594
0.00408188
0.00387598
0.00366953
0.00346372
0.0032597
0.00305852
0.00286115
0.00266847
0.00248125
0.00230015
0.00212575
0.00195852
0.00179881
0.0016469
0.00150295
0.00136704
0.00123916
0.00111924
0.00100711
0.000902542
0.000805257
0.000714912
0.000631122
0.000553457
0.000481455
0.000414619
0.000352431
0.000294349
0.000239814
0.000188255
0.000139088
9.17221e-05
4.55597e-05
0
0
3.36608e-05
6.77668e-05
0.000102762
0.000139088
0.000177181
0.000217473
0.000260386
0.000306332
0.000355712
0.00040891
0.000466291
0.000528197
0.000594946
0.000666824
0.00074408
0.000826926
0.000915529
0.00101001
0.00111042
0.00121677
0.00132901
0.00144701
0.00157057
0.00169942
0.00183321
0.00197154
0.0021139
0.00225972
0.00240836
0.00255909
0.00271115
0.00286368
0.00301581
0.00316658
0.00331502
0.00346014
0.00360091
0.00373633
0.00386537
0.00398706
0.00410044
0.00420459
0.00429868
0.0043819
0.00445358
0.00451309
0.00455992
0.00459366
0.00461403
0.00462084
0.00461403
0.00459366
0.00455992
0.00451309
0.00445358
0.0043819
0.00429868
0.00420459
0.00410044
0.00398706
0.00386537
0.00373633
0.00360091
0.00346014
0.00331502
0.00316658
0.00301581
0.00286368
0.00271115
0.00255909
0.00240836
0.00225972
0.0021139
0.00197154
0.00183321
0.00169942
0.00157057
0.00144701
0.00132901
0.00121677
0.00111042
0.00101001
0.000915529
0.000826926
0.00074408
0.000666824
0.000594946
0.000528197
0.000466291
0.00040891
0.000355712
0.000306332
0.000260386
0.000217473
0.000177181
0.000139088
0.000102762
6.77668e-05
3.36608e-05
0
0
2.21977e-05
4.4689e-05
6.77668e-05
9.17221e-05
0.000116843
0.000143413
0.000171712
0.000202012
0.000234575
0.000269657
0.000307497
0.000348321
0.000392339
0.000439739
0.000490685
0.000545319
0.000603748
0.000666051
0.000732269
0.000802405
0.000876421
0.000954234
0.00103571
0.00112068
0.00120892
0.00130014
0.00139402
0.00149018
0.0015882
0.0016876
0.00178787
0.00188846
0.00198878
0.00208821
0.0021861
0.0022818
0.00237463
0.00246393
0.00254903
0.00262928
0.00270405
0.00277273
0.00283477
0.00288966
0.00293692
0.00297617
0.00300705
0.0030293
0.00304273
0.00304722
0.00304273
0.0030293
0.00300705
0.00297617
0.00293692
0.00288966
0.00283477
0.00277273
0.00270405
0.00262928
0.00254903
0.00246393
0.00237463
0.0022818
0.0021861
0.00208821
0.00198878
0.00188846
0.00178787
0.0016876
0.0015882
0.00149018
0.00139402
0.00130014
0.00120892
0.00112068
0.00103571
0.000954234
0.000876421
0.000802405
0.000732269
0.000666051
0.000603748
0.000545319
0.000490685
0.000439739
0.000392339
0.000348321
0.000307497
0.000269657
0.000234575
0.000202012
0.000171712
0.000143413
0.000116843
9.17221e-05
6.77668e-05
4.4689e-05
2.21977e-05
0
0
1.10259e-05
2.21977e-05
3.36608e-05
4.55597e-05
5.80375e-05
7.12354e-05
8.52918e-05
0.000100342
0.000116517
0.000133942
0.000152738
0.000173016
0.00019488
0.000218424
0.00024373
0.000270868
0.00029989
0.000330837
0.000363728
0.000398566
0.000435331
0.000473981
0.000514454
0.00055666
0.000600487
0.000645797
0.000692429
0.000740193
0.00078888
0.000838255
0.000888063
0.000938027
0.000987856
0.00103724
0.00108587
0.0011334
0.00117951
0.00122387
0.00126614
0.001306
0.00134314
0.00137725
0.00140807
0.00143533
0.00145881
0.0014783
0.00149364
0.0015047
0.00151137
0.0015136
0.00151137
0.0015047
0.00149364
0.0014783
0.00145881
0.00143533
0.00140807
0.00137725
0.00134314
0.001306
0.00126614
0.00122387
0.00117951
0.0011334
0.00108587
0.00103724
0.000987856
0.000938027
0.000888063
0.000838255
0.00078888
0.000740193
0.000692429
0.000645797
0.000600487
0.00055666
0.000514454
0.000473981
0.000435331
0.000398566
0.000363728
0.000330837
0.00029989
0.000270868
0.00024373
0.000218424
0.00019488
0.000173016
0.000152738
0.000133942
0.000116517
0.000100342
8.52918e-05
7.12354e-05
5.80375e-05
4.55597e-05
3.36608e-05
2.21977e-05
1.10259e-05
0
0
0
0
0
0
0
0
0
0
0
0
0
0
0
0
0
0
0
0
0
0
0
0
0
0
0
0
0
0
0
0
0
0
0
0
0
0
0
0
0
0
0
0
0
0
0
0
0
0
0
0
0
0
0
0
0
0
0
0
0
0
0
0
0
0
0
0
0
0
0
0
0
0
0
0
0
0
0
0
0
0
0
0
0
0
0
0
0
0
0
0
0
0
0
0
0
0
0
0
0
0
