# vtk DataFile Version 3.0
Heat2D data at time 0.05
ASCII
DATASET STRUCTURED_POINTS
DIMENSIONS 101 101 1
ORIGIN 0 0 0
SPACING 0.01 0.01 1
POINT_DATA 10201
SCALARS temperature double
LOOKUP_TABLE default
0
0
0
0
0
0
0
0
0
0
0
0
0
0
0
0
0
0
0
0
0
0
0
0
0
0
0
0
0
0
0
0
0
0
0
0
0
0
0
0
0
0
0
0
0
0
0
0
0
0
0
0
0
0
0
0
0
0
0
0
0
0
0
0
0
0
0
0
0
0
0
0
0
0
0
0
0
0
0
0
0
0
0
0
0
0
0
0
0
0
0
0
0
0
0
0
0
0
0
0
0
0
1.25649e-09
2.6895e-09
4.49339e-09
6.89908e-09
1.01947e-08
1.47488e-08
2.10373e-08
2.96738e-08
4.1445e-08
5.73504e-08
7.86454e-08
1.06888e-07
1.4399e-07
1.92259e-07
2.54451e-07
3.33804e-07
4.34067e-07
5.59511e-07
7.1492e-07
9.05555e-07
1.13709e-06
1.41552e-06
1.74699e-06
2.13767e-06
2.59352e-06
3.12002e-06
3.72195e-06
4.40307e-06
5.16583e-06
6.01112e-06
6.93798e-06
7.9434e-06
9.02215e-06
1.01667e-05
1.13671e-05
1.26114e-05
1.38852e-05
1.51725e-05
1.64557e-05
1.77158e-05
1.89336e-05
2.00892e-05
2.11633e-05
2.21372e-05
2.29937e-05
2.37172e-05
2.42945e-05
2.47148e-05
2.49702e-05
2.50559e-05
2.49702e-05
2.47148e-05
2.42945e-05
2.37172e-05
2.29937e-05
2.21372e-05
2.11633e-05
2.00892e-05
1.89336e-05
1.77158e-05
1.64557e-05
1.51725e-05
1.38852e-05
1.26114e-05
1.13671e-05
1.01667e-05
9.02215e-06
7.9434e-06
6.93798e-06
6.01112e-06
5.16583e-06
4.40307e-06
3.72195e-06
3.12002e-06
2.59352e-06
2.13767e-06
1.74699e-06
1.41552e-06
1.13709e-06
9.05555e-07
7.1492e-07
5.59511e-07
4.34067e-07
3.33804e-07
2.54451e-07
1.92259e-07
1.4399e-07
1.06888e-07
7.86454e-08
5.73504e-08
4.1445e-08
2.96738e-08
2.10373e-08
1.47488e-08
1.01947e-08
6.89908e-09
4.49339e-09
2.6895e-09
1.25649e-09
0
0
2.6895e-09
5.75685e-09
9.61805e-09
1.47674e-08
2.18216e-08
3.15697e-08
4.50301e-08
6.35164e-08
8.87127e-08
1.22758e-07
1.6834e-07
2.28794e-07
3.08208e-07
4.11528e-07
5.4465e-07
7.14505e-07
9.29117e-07
1.19763e-06
1.53028e-06
1.93833e-06
2.43393e-06
3.0299e-06
3.73941e-06
4.57567e-06
5.5514e-06
6.67838e-06
7.9668e-06
9.42472e-06
1.10574e-05
1.28667e-05
1.48507e-05
1.70028e-05
1.93118e-05
2.17617e-05
2.43313e-05
2.69946e-05
2.97212e-05
3.24766e-05
3.52232e-05
3.79206e-05
4.05271e-05
4.30007e-05
4.52997e-05
4.73844e-05
4.92177e-05
5.07665e-05
5.20022e-05
5.29018e-05
5.34485e-05
5.36319e-05
5.34485e-05
5.29018e-05
5.20022e-05
5.07665e-05
4.92177e-05
4.73844e-05
4.52997e-05
4.30007e-05
4.05271e-05
3.79206e-05
3.52232e-05
3.24766e-05
2.97212e-05
2.69946e-05
2.43313e-05
2.17617e-05
1.93118e-05
1.70028e-05
1.48507e-05
1.28667e-05
1.10574e-05
9.42472e-06
7.9668e-06
6.67838e-06
5.5514e-06
4.57567e-06
3.73941e-06
3.0299e-06
2.43393e-06
1.93833e-06
1.53028e-06
1.19763e-06
9.29117e-07
7.14505e-07
5.4465e-07
4.11528e-07
3.08208e-07
2.28794e-07
1.6834e-07
1.22758e-07
8.87127e-08
6.35164e-08
4.50301e-08
3.15697e-08
2.18216e-08
1.47674e-08
9.61805e-09
5.75685e-09
2.6895e-09
0
0
4.49339e-09
9.61805e-09
1.6069e-08
2.46721e-08
3.64577e-08
5.2744e-08
7.52324e-08
1.06118e-07
1.48213e-07
2.05093e-07
2.81247e-07
3.82249e-07
5.14928e-07
6.87546e-07
9.09954e-07
1.19373e-06
1.55229e-06
2.00089e-06
2.55666e-06
3.2384e-06
4.0664e-06
5.06209e-06
6.24749e-06
7.64463e-06
9.27481e-06
1.11577e-05
1.33102e-05
1.5746e-05
1.84738e-05
2.14966e-05
2.48112e-05
2.84068e-05
3.22645e-05
3.63576e-05
4.06506e-05
4.51002e-05
4.96556e-05
5.42591e-05
5.88478e-05
6.33544e-05
6.77092e-05
7.18419e-05
7.56829e-05
7.91658e-05
8.22287e-05
8.48163e-05
8.68808e-05
8.83838e-05
8.92971e-05
8.96035e-05
8.92971e-05
8.83838e-05
8.68808e-05
8.48163e-05
8.22287e-05
7.91658e-05
7.56829e-05
7.18419e-05
6.77092e-05
6.33544e-05
5.88478e-05
5.42591e-05
4.96556e-05
4.51002e-05
4.06506e-05
3.63576e-05
3.22645e-05
2.84068e-05
2.48112e-05
2.14966e-05
1.84738e-05
1.5746e-05
1.33102e-05
1.11577e-05
9.27481e-06
7.64463e-06
6.24749e-06
5.06209e-06
4.0664e-06
3.2384e-06
2.55666e-06
2.00089e-06
1.55229e-06
1.19373e-06
9.09954e-07
6.87546e-07
5.14928e-07
3.82249e-07
2.81247e-07
2.05093e-07
1.48213e-07
1.06118e-07
7.52324e-08
5.2744e-08
3.64577e-08
2.46721e-08
1.6069e-08
9.61805e-09
4.49339e-09
0
0
6.89908e-09
1.47674e-08
2.46721e-08
3.78812e-08
5.59766e-08
8.09823e-08
1.15511e-07
1.62931e-07
2.27565e-07
3.14897e-07
4.31823e-07
5.86899e-07
7.90612e-07
1.05565e-06
1.39713e-06
1.83284e-06
2.38336e-06
3.07214e-06
3.92545e-06
4.97218e-06
6.2435e-06
7.77226e-06
9.5923e-06
1.17375e-05
1.42404e-05
1.71313e-05
2.04363e-05
2.41762e-05
2.83643e-05
3.30056e-05
3.80948e-05
4.36153e-05
4.95384e-05
5.58228e-05
6.24143e-05
6.92462e-05
7.62404e-05
8.33086e-05
9.0354e-05
9.72734e-05
0.00010396
0.000110305
0.000116202
0.00012155
0.000126253
0.000130226
0.000133395
0.000135703
0.000137105
0.000137576
0.000137105
0.000135703
0.000133395
0.000130226
0.000126253
0.00012155
0.000116202
0.000110305
0.00010396
9.72734e-05
9.0354e-05
8.33086e-05
7.62404e-05
6.92462e-05
6.24143e-05
5.58228e-05
4.95384e-05
4.36153e-05
3.80948e-05
3.30056e-05
2.83643e-05
2.41762e-05
2.04363e-05
1.71313e-05
1.42404e-05
1.17375e-05
9.5923e-06
7.77226e-06
6.2435e-06
4.97218e-06
3.92545e-06
3.07214e-06
2.38336e-06
1.83284e-06
1.39713e-06
1.05565e-06
7.90612e-07
5.86899e-07
4.31823e-07
3.14897e-07
2.27565e-07
1.62931e-07
1.15511e-07
8.09823e-08
5.59766e-08
3.78812e-08
2.46721e-08
1.47674e-08
6.89908e-09
0
0
1.01947e-08
2.18216e-08
3.64577e-08
5.59766e-08
8.2716e-08
1.19667e-07
1.70689e-07
2.40762e-07
3.3627e-07
4.6532e-07
6.381e-07
8.67254e-07
1.16828e-06
1.55992e-06
2.06452e-06
2.70837e-06
3.52186e-06
4.53967e-06
5.8006e-06
7.34734e-06
9.22595e-06
1.1485e-05
1.41744e-05
1.73443e-05
2.10429e-05
2.53147e-05
3.01986e-05
3.57249e-05
4.19137e-05
4.87721e-05
5.62923e-05
6.44499e-05
7.32024e-05
8.24888e-05
9.22289e-05
0.000102324
0.00011266
0.000123104
0.000133515
0.00014374
0.00015362
0.000162996
0.000171711
0.000179613
0.000186562
0.000192433
0.000197117
0.000200527
0.000202599
0.000203294
0.000202599
0.000200527
0.000197117
0.000192433
0.000186562
0.000179613
0.000171711
0.000162996
0.00015362
0.00014374
0.000133515
0.000123104
0.00011266
0.000102324
9.22289e-05
8.24888e-05
7.32024e-05
6.44499e-05
5.62923e-05
4.87721e-05
4.19137e-05
3.57249e-05
3.01986e-05
2.53147e-05
2.10429e-05
1.73443e-05
1.41744e-05
1.1485e-05
9.22595e-06
7.34734e-06
5.8006e-06
4.53967e-06
3.52186e-06
2.70837e-06
2.06452e-06
1.55992e-06
1.16828e-06
8.67254e-07
6.381e-07
4.6532e-07
3.3627e-07
2.40762e-07
1.70689e-07
1.19667e-07
8.2716e-08
5.59766e-08
3.64577e-08
2.18216e-08
1.01947e-08
0
0
1.47488e-08
3.15697e-08
5.2744e-08
8.09823e-08
1.19667e-07
1.73124e-07
2.46938e-07
3.48314e-07
4.86487e-07
6.73187e-07
9.2315e-07
1.25467e-06
1.69017e-06
2.25676e-06
2.98678e-06
3.91824e-06
5.09514e-06
6.56761e-06
8.39182e-06
1.06295e-05
1.33473e-05
1.66155e-05
2.05064e-05
2.50923e-05
3.04431e-05
3.66232e-05
4.36887e-05
5.16838e-05
6.06372e-05
7.05593e-05
8.14389e-05
9.32407e-05
0.000105903
0.000119338
0.000133429
0.000148034
0.000162987
0.000178097
0.000193159
0.000207951
0.000222245
0.000235809
0.000248417
0.000259849
0.000269903
0.000278396
0.000285172
0.000290106
0.000293104
0.000294109
0.000293104
0.000290106
0.000285172
0.000278396
0.000269903
0.000259849
0.000248417
0.000235809
0.000222245
0.000207951
0.000193159
0.000178097
0.000162987
0.000148034
0.000133429
0.000119338
0.000105903
9.32407e-05
8.14389e-05
7.05593e-05
6.06372e-05
5.16838e-05
4.36887e-05
3.66232e-05
3.04431e-05
2.50923e-05
2.05064e-05
1.66155e-05
1.33473e-05
1.06295e-05
8.39182e-06
6.56761e-06
5.09514e-06
3.91824e-06
2.98678e-06
2.25676e-06
1.69017e-06
1.25467e-06
9.2315e-07
6.73187e-07
4.86487e-07
3.48314e-07
2.46938e-07
1.73124e-07
1.19667e-07
8.09823e-08
5.2744e-08
3.15697e-08
1.47488e-08
0
0
2.10373e-08
4.50301e-08
7.52324e-08
1.15511e-07
1.70689e-07
2.46938e-07
3.52225e-07
4.96825e-07
6.9391e-07
9.60213e-07
1.31675e-06
1.78962e-06
2.41081e-06
3.21897e-06
4.26025e-06
5.58885e-06
7.26755e-06
9.36784e-06
1.19698e-05
1.51616e-05
1.90382e-05
2.36999e-05
2.92497e-05
3.57909e-05
4.34231e-05
5.22382e-05
6.23163e-05
7.37201e-05
8.6491e-05
0.000100644
0.000116162
0.000132996
0.000151057
0.00017022
0.000190319
0.000211152
0.000232479
0.000254032
0.000275515
0.000296615
0.000317003
0.000336351
0.000354334
0.000370641
0.000384981
0.000397095
0.000406761
0.000413798
0.000418074
0.000419508
0.000418074
0.000413798
0.000406761
0.000397095
0.000384981
0.000370641
0.000354334
0.000336351
0.000317003
0.000296615
0.000275515
0.000254032
0.000232479
0.000211152
0.000190319
0.00017022
0.000151057
0.000132996
0.000116162
0.000100644
8.6491e-05
7.37201e-05
6.23163e-05
5.22382e-05
4.34231e-05
3.57909e-05
2.92497e-05
2.36999e-05
1.90382e-05
1.51616e-05
1.19698e-05
9.36784e-06
7.26755e-06
5.58885e-06
4.26025e-06
3.21897e-06
2.41081e-06
1.78962e-06
1.31675e-06
9.60213e-07
6.9391e-07
4.96825e-07
3.52225e-07
2.46938e-07
1.70689e-07
1.15511e-07
7.52324e-08
4.50301e-08
2.10373e-08
0
0
2.96738e-08
6.35164e-08
1.06118e-07
1.62931e-07
2.40762e-07
3.48314e-07
4.96825e-07
7.00788e-07
9.78783e-07
1.35441e-06
1.85732e-06
2.52432e-06
3.40052e-06
4.54046e-06
6.00922e-06
7.88326e-06
1.02511e-05
1.32136e-05
1.68838e-05
2.1386e-05
2.6854e-05
3.34294e-05
4.12576e-05
5.04842e-05
6.12496e-05
7.36837e-05
8.78991e-05
0.000103985
0.000121998
0.000141961
0.00016385
0.000187595
0.000213071
0.000240101
0.000268451
0.000297836
0.000327919
0.00035832
0.000388623
0.000418384
0.000447143
0.000474434
0.0004998
0.000522801
0.000543028
0.000560116
0.000573749
0.000583675
0.000589707
0.00059173
0.000589707
0.000583675
0.000573749
0.000560116
0.000543028
0.000522801
0.0004998
0.000474434
0.000447143
0.000418384
0.000388623
0.00035832
0.000327919
0.000297836
0.000268451
0.000240101
0.000213071
0.000187595
0.00016385
0.000141961
0.000121998
0.000103985
8.78991e-05
7.36837e-05
6.12496e-05
5.04842e-05
4.12576e-05
3.34294e-05
2.6854e-05
2.1386e-05
1.68838e-05
1.32136e-05
1.02511e-05
7.88326e-06
6.00922e-06
4.54046e-06
3.40052e-06
2.52432e-06
1.85732e-06
1.35441e-06
9.78783e-07
7.00788e-07
4.96825e-07
3.48314e-07
2.40762e-07
1.62931e-07
1.06118e-07
6.35164e-08
2.96738e-08
0
0
4.1445e-08
8.87127e-08
1.48213e-07
2.27565e-07
3.3627e-07
4.86487e-07
6.9391e-07
9.78783e-07
1.36706e-06
1.89169e-06
2.5941e-06
3.52569e-06
4.74947e-06
6.34162e-06
8.39301e-06
1.10105e-05
1.43176e-05
1.84553e-05
2.35815e-05
2.98695e-05
3.75067e-05
4.66905e-05
5.76241e-05
7.05107e-05
8.55467e-05
0.000102913
0.000122768
0.000145234
0.000170394
0.000198276
0.000228848
0.000262011
0.000297594
0.000335346
0.000374943
0.000415985
0.000458001
0.000500462
0.000542786
0.000584353
0.00062452
0.000662638
0.000698066
0.00073019
0.000758442
0.000782308
0.00080135
0.000815213
0.000823637
0.000826463
0.000823637
0.000815213
0.00080135
0.000782308
0.000758442
0.00073019
0.000698066
0.000662638
0.00062452
0.000584353
0.000542786
0.000500462
0.000458001
0.000415985
0.000374943
0.000335346
0.000297594
0.000262011
0.000228848
0.000198276
0.000170394
0.000145234
0.000122768
0.000102913
8.55467e-05
7.05107e-05
5.76241e-05
4.66905e-05
3.75067e-05
2.98695e-05
2.35815e-05
1.84553e-05
1.43176e-05
1.10105e-05
8.39301e-06
6.34162e-06
4.74947e-06
3.52569e-06
2.5941e-06
1.89169e-06
1.36706e-06
9.78783e-07
6.9391e-07
4.86487e-07
3.3627e-07
2.27565e-07
1.48213e-07
8.87127e-08
4.1445e-08
0
0
5.73504e-08
1.22758e-07
2.05093e-07
3.14897e-07
4.6532e-07
6.73187e-07
9.60213e-07
1.35441e-06
1.89169e-06
2.61767e-06
3.58964e-06
4.87875e-06
6.57217e-06
8.77535e-06
1.1614e-05
1.5236e-05
1.98123e-05
2.5538e-05
3.26313e-05
4.13326e-05
5.19007e-05
6.46089e-05
7.97385e-05
9.75707e-05
0.000118377
0.000142408
0.000169882
0.000200971
0.000235786
0.000274368
0.000316673
0.000362564
0.000411801
0.000464042
0.000518835
0.000575627
0.000633769
0.000692525
0.000751091
0.00080861
0.000864192
0.000916938
0.000965962
0.00101042
0.00104951
0.00108253
0.00110888
0.00112807
0.00113972
0.00114364
0.00113972
0.00112807
0.00110888
0.00108253
0.00104951
0.00101042
0.000965962
0.000916938
0.000864192
0.00080861
0.000751091
0.000692525
0.000633769
0.000575627
0.000518835
0.000464042
0.000411801
0.000362564
0.000316673
0.000274368
0.000235786
0.000200971
0.000169882
0.000142408
0.000118377
9.75707e-05
7.97385e-05
6.46089e-05
5.19007e-05
4.13326e-05
3.26313e-05
2.5538e-05
1.98123e-05
1.5236e-05
1.1614e-05
8.77535e-06
6.57217e-06
4.87875e-06
3.58964e-06
2.61767e-06
1.89169e-06
1.35441e-06
9.60213e-07
6.73187e-07
4.6532e-07
3.14897e-07
2.05093e-07
1.22758e-07
5.73504e-08
0
0
7.86454e-08
1.6834e-07
2.81247e-07
4.31823e-07
6.381e-07
9.2315e-07
1.31675e-06
1.85732e-06
2.5941e-06
3.58964e-06
4.92252e-06
6.69029e-06
9.01251e-06
1.20337e-05
1.59264e-05
2.08933e-05
2.71689e-05
3.50206e-05
4.47478e-05
5.66799e-05
7.11721e-05
8.85991e-05
0.000109346
0.0001338
0.000162332
0.000195286
0.000232962
0.000275594
0.000323336
0.000376244
0.000434258
0.000497188
0.000564709
0.000636347
0.000711485
0.000789365
0.000869095
0.000949669
0.00102998
0.00110886
0.00118508
0.00125741
0.00132464
0.0013856
0.00143921
0.00148449
0.00152063
0.00154693
0.00156292
0.00156828
0.00156292
0.00154693
0.00152063
0.00148449
0.00143921
0.0013856
0.00132464
0.00125741
0.00118508
0.00110886
0.00102998
0.000949669
0.000869095
0.000789365
0.000711485
0.000636347
0.000564709
0.000497188
0.000434258
0.000376244
0.000323336
0.000275594
0.000232962
0.000195286
0.000162332
0.0001338
0.000109346
8.85991e-05
7.11721e-05
5.66799e-05
4.47478e-05
3.50206e-05
2.71689e-05
2.08933e-05
1.59264e-05
1.20337e-05
9.01251e-06
6.69029e-06
4.92252e-06
3.58964e-06
2.5941e-06
1.85732e-06
1.31675e-06
9.2315e-07
6.381e-07
4.31823e-07
2.81247e-07
1.6834e-07
7.86454e-08
0
0
1.06888e-07
2.28794e-07
3.82249e-07
5.86899e-07
8.67254e-07
1.25467e-06
1.78962e-06
2.52432e-06
3.52569e-06
4.87875e-06
6.69029e-06
9.09291e-06
1.22491e-05
1.63553e-05
2.16459e-05
2.83964e-05
3.69257e-05
4.75971e-05
6.08176e-05
7.70348e-05
9.67314e-05
0.000120417
0.000148615
0.00018185
0.000220628
0.000265418
0.000316623
0.000374565
0.000439453
0.000511361
0.000590208
0.000675738
0.000767506
0.000864871
0.000966993
0.00107284
0.0011812
0.00129071
0.00139987
0.00150707
0.00161066
0.00170897
0.00180034
0.00188319
0.00195605
0.0020176
0.00206671
0.00210247
0.00212419
0.00213148
0.00212419
0.00210247
0.00206671
0.0020176
0.00195605
0.00188319
0.00180034
0.00170897
0.00161066
0.00150707
0.00139987
0.00129071
0.0011812
0.00107284
0.000966993
0.000864871
0.000767506
0.000675738
0.000590208
0.000511361
0.000439453
0.000374565
0.000316623
0.000265418
0.000220628
0.00018185
0.000148615
0.000120417
9.67314e-05
7.70348e-05
6.08176e-05
4.75971e-05
3.69257e-05
2.83964e-05
2.16459e-05
1.63553e-05
1.22491e-05
9.09291e-06
6.69029e-06
4.87875e-06
3.52569e-06
2.52432e-06
1.78962e-06
1.25467e-06
8.67254e-07
5.86899e-07
3.82249e-07
2.28794e-07
1.06888e-07
0
0
1.4399e-07
3.08208e-07
5.14928e-07
7.90612e-07
1.16828e-06
1.69017e-06
2.41081e-06
3.40052e-06
4.74947e-06
6.57217e-06
9.01251e-06
1.22491e-05
1.65007e-05
2.20323e-05
2.91593e-05
3.82529e-05
4.97427e-05
6.41182e-05
8.19275e-05
0.000103774
0.000130307
0.000162214
0.000200199
0.000244971
0.000297209
0.000357545
0.000426524
0.000504577
0.000591988
0.000688855
0.000795071
0.000910288
0.00103391
0.00116507
0.00130264
0.00144523
0.0015912
0.00173872
0.00188576
0.00203018
0.00216973
0.00230216
0.00242524
0.00253685
0.002635
0.00271792
0.00278407
0.00283224
0.00286151
0.00287132
0.00286151
0.00283224
0.00278407
0.00271792
0.002635
0.00253685
0.00242524
0.00230216
0.00216973
0.00203018
0.00188576
0.00173872
0.0015912
0.00144523
0.00130264
0.00116507
0.00103391
0.000910288
0.000795071
0.000688855
0.000591988
0.000504577
0.000426524
0.000357545
0.000297209
0.000244971
0.000200199
0.000162214
0.000130307
0.000103774
8.19275e-05
6.41182e-05
4.97427e-05
3.82529e-05
2.91593e-05
2.20323e-05
1.65007e-05
1.22491e-05
9.01251e-06
6.57217e-06
4.74947e-06
3.40052e-06
2.41081e-06
1.69017e-06
1.16828e-06
7.90612e-07
5.14928e-07
3.08208e-07
1.4399e-07
0
0
1.92259e-07
4.11528e-07
6.87546e-07
1.05565e-06
1.55992e-06
2.25676e-06
3.21897e-06
4.54046e-06
6.34162e-06
8.77535e-06
1.20337e-05
1.63553e-05
2.20323e-05
2.94181e-05
3.89343e-05
5.10763e-05
6.64178e-05
8.56123e-05
0.000109392
0.000138561
0.00017399
0.000216592
0.000267312
0.000327091
0.000396842
0.000477403
0.000569506
0.000673725
0.000790438
0.000919778
0.0010616
0.00121544
0.0013805
0.00155563
0.00173932
0.00192971
0.00212462
0.00232159
0.00251792
0.00271075
0.00289708
0.0030739
0.00323825
0.00338727
0.00351833
0.00362904
0.00371737
0.00378168
0.00382076
0.00383387
0.00382076
0.00378168
0.00371737
0.00362904
0.00351833
0.00338727
0.00323825
0.0030739
0.00289708
0.00271075
0.00251792
0.00232159
0.00212462
0.00192971
0.00173932
0.00155563
0.0013805
0.00121544
0.0010616
0.000919778
0.000790438
0.000673725
0.000569506
0.000477403
0.000396842
0.000327091
0.000267312
0.000216592
0.00017399
0.000138561
0.000109392
8.56123e-05
6.64178e-05
5.10763e-05
3.89343e-05
2.94181e-05
2.20323e-05
1.63553e-05
1.20337e-05
8.77535e-06
6.34162e-06
4.54046e-06
3.21897e-06
2.25676e-06
1.55992e-06
1.05565e-06
6.87546e-07
4.11528e-07
1.92259e-07
0
0
2.54451e-07
5.4465e-07
9.09954e-07
1.39713e-06
2.06452e-06
2.98678e-06
4.26025e-06
6.00922e-06
8.39301e-06
1.1614e-05
1.59264e-05
2.16459e-05
2.91593e-05
3.89343e-05
5.15288e-05
6.75985e-05
8.79027e-05
0.000113306
0.000144778
0.000183383
0.000230272
0.000286655
0.000353782
0.000432899
0.000525213
0.000631834
0.000753731
0.000891663
0.00104613
0.00121731
0.00140501
0.00160861
0.00182707
0.00205885
0.00230196
0.00255393
0.00281189
0.00307258
0.00333243
0.00358762
0.00383423
0.00406825
0.00428576
0.00448299
0.00465644
0.00480296
0.00491987
0.00500499
0.00505671
0.00507406
0.00505671
0.00500499
0.00491987
0.00480296
0.00465644
0.00448299
0.00428576
0.00406825
0.00383423
0.00358762
0.00333243
0.00307258
0.00281189
0.00255393
0.00230196
0.00205885
0.00182707
0.00160861
0.00140501
0.00121731
0.00104613
0.000891663
0.000753731
0.000631834
0.000525213
0.000432899
0.000353782
0.000286655
0.000230272
0.000183383
0.000144778
0.000113306
8.79027e-05
6.75985e-05
5.15288e-05
3.89343e-05
2.91593e-05
2.16459e-05
1.59264e-05
1.1614e-05
8.39301e-06
6.00922e-06
4.26025e-06
2.98678e-06
2.06452e-06
1.39713e-06
9.09954e-07
5.4465e-07
2.54451e-07
0
0
3.33804e-07
7.14505e-07
1.19373e-06
1.83284e-06
2.70837e-06
3.91824e-06
5.58885e-06
7.88326e-06
1.10105e-05
1.5236e-05
2.08933e-05
2.83964e-05
3.82529e-05
5.10763e-05
6.75985e-05
8.86798e-05
0.000115316
0.000148642
0.000189929
0.000240574
0.000302085
0.000376052
0.000464113
0.000567904
0.000689006
0.000828878
0.000988789
0.00116974
0.00137238
0.00159694
0.00184317
0.00211028
0.00239686
0.00270092
0.00301984
0.0033504
0.00368881
0.0040308
0.00437168
0.00470646
0.00502997
0.00533698
0.00562232
0.00588106
0.0061086
0.00630082
0.00645419
0.00656584
0.00663369
0.00665645
0.00663369
0.00656584
0.00645419
0.00630082
0.0061086
0.00588106
0.00562232
0.00533698
0.00502997
0.00470646
0.00437168
0.0040308
0.00368881
0.0033504
0.00301984
0.00270092
0.00239686
0.00211028
0.00184317
0.00159694
0.00137238
0.00116974
0.000988789
0.000828878
0.000689006
0.000567904
0.000464113
0.000376052
0.000302085
0.000240574
0.000189929
0.000148642
0.000115316
8.86798e-05
6.75985e-05
5.10763e-05
3.82529e-05
2.83964e-05
2.08933e-05
1.5236e-05
1.10105e-05
7.88326e-06
5.58885e-06
3.91824e-06
2.70837e-06
1.83284e-06
1.19373e-06
7.14505e-07
3.33804e-07
0
0
4.34067e-07
9.29117e-07
1.55229e-06
2.38336e-06
3.52186e-06
5.09514e-06
7.26755e-06
1.02511e-05
1.43176e-05
1.98123e-05
2.71689e-05
3.69257e-05
4.97427e-05
6.64178e-05
8.79027e-05
0.000115316
0.000149953
0.000193289
0.000246976
0.000312833
0.00039282
0.000489005
0.000603516
0.000738482
0.000895958
0.00107784
0.00128579
0.00152108
0.00178459
0.0020766
0.0023968
0.00274413
0.00311679
0.00351219
0.0039269
0.00435674
0.00479679
0.0052415
0.00568477
0.00612012
0.0065408
0.00694002
0.00731106
0.00764752
0.0079434
0.00819336
0.00839279
0.00853799
0.00862622
0.00865581
0.00862622
0.00853799
0.00839279
0.00819336
0.0079434
0.00764752
0.00731106
0.00694002
0.0065408
0.00612012
0.00568477
0.0052415
0.00479679
0.00435674
0.0039269
0.00351219
0.00311679
0.00274413
0.0023968
0.0020766
0.00178459
0.00152108
0.00128579
0.00107784
0.000895958
0.000738482
0.000603516
0.000489005
0.00039282
0.000312833
0.000246976
0.000193289
0.000149953
0.000115316
8.79027e-05
6.64178e-05
4.97427e-05
3.69257e-05
2.71689e-05
1.98123e-05
1.43176e-05
1.02511e-05
7.26755e-06
5.09514e-06
3.52186e-06
2.38336e-06
1.55229e-06
9.29117e-07
4.34067e-07
0
0
5.59511e-07
1.19763e-06
2.00089e-06
3.07214e-06
4.53967e-06
6.56761e-06
9.36784e-06
1.32136e-05
1.84553e-05
2.5538e-05
3.50206e-05
4.75971e-05
6.41182e-05
8.56123e-05
0.000113306
0.000148642
0.000193289
0.000249149
0.000318351
0.000403241
0.000506343
0.000630325
0.000777929
0.0009519
0.00115489
0.00138934
0.00165737
0.00196067
0.00230033
0.00267673
0.00308946
0.00353717
0.00401754
0.0045272
0.00506176
0.00561582
0.00618305
0.00675628
0.00732765
0.00788881
0.00843107
0.00894566
0.00942393
0.00985762
0.010239
0.0105612
0.0108183
0.0110054
0.0111192
0.0111573
0.0111192
0.0110054
0.0108183
0.0105612
0.010239
0.00985762
0.00942393
0.00894566
0.00843107
0.00788881
0.00732765
0.00675628
0.00618305
0.00561582
0.00506176
0.0045272
0.00401754
0.00353717
0.00308946
0.00267673
0.00230033
0.00196067
0.00165737
0.00138934
0.00115489
0.0009519
0.000777929
0.000630325
0.000506343
0.000403241
0.000318351
0.000249149
0.000193289
0.000148642
0.000113306
8.56123e-05
6.41182e-05
4.75971e-05
3.50206e-05
2.5538e-05
1.84553e-05
1.32136e-05
9.36784e-06
6.56761e-06
4.53967e-06
3.07214e-06
2.00089e-06
1.19763e-06
5.59511e-07
0
0
7.1492e-07
1.53028e-06
2.55666e-06
3.92545e-06
5.8006e-06
8.39182e-06
1.19698e-05
1.68838e-05
2.35815e-05
3.26313e-05
4.47478e-05
6.08176e-05
8.19275e-05
0.000109392
0.000144778
0.000189929
0.000246976
0.000318351
0.000406776
0.000515244
0.000646984
0.000805403
0.000994005
0.0012163
0.00147567
0.00177524
0.00211772
0.00250526
0.00293926
0.00342022
0.00394759
0.00451965
0.00513344
0.00578466
0.0064677
0.00717566
0.00790044
0.00863289
0.00936296
0.01008
0.0107729
0.0114304
0.0120415
0.0125957
0.013083
0.0134947
0.0138231
0.0140623
0.0142076
0.0142563
0.0142076
0.0140623
0.0138231
0.0134947
0.013083
0.0125957
0.0120415
0.0114304
0.0107729
0.01008
0.00936296
0.00863289
0.00790044
0.00717566
0.0064677
0.00578466
0.00513344
0.00451965
0.00394759
0.00342022
0.00293926
0.00250526
0.00211772
0.00177524
0.00147567
0.0012163
0.000994005
0.000805403
0.000646984
0.000515244
0.000406776
0.000318351
0.000246976
0.000189929
0.000144778
0.000109392
8.19275e-05
6.08176e-05
4.47478e-05
3.26313e-05
2.35815e-05
1.68838e-05
1.19698e-05
8.39182e-06
5.8006e-06
3.92545e-06
2.55666e-06
1.53028e-06
7.1492e-07
0
0
9.05555e-07
1.93833e-06
3.2384e-06
4.97218e-06
7.34734e-06
1.06295e-05
1.51616e-05
2.1386e-05
2.98695e-05
4.13326e-05
5.66799e-05
7.70348e-05
0.000103774
0.000138561
0.000183383
0.000240574
0.000312833
0.000403241
0.000515244
0.000652636
0.000819505
0.00102017
0.00125906
0.00154063
0.00186916
0.00224861
0.00268242
0.0031733
0.00372303
0.00433223
0.00500022
0.00572483
0.00650228
0.00732716
0.00819233
0.00908907
0.0100071
0.0109349
0.0118596
0.0127678
0.0136455
0.0144783
0.0152524
0.0159543
0.0165716
0.0170931
0.0175091
0.017812
0.0179961
0.0180578
0.0179961
0.017812
0.0175091
0.0170931
0.0165716
0.0159543
0.0152524
0.0144783
0.0136455
0.0127678
0.0118596
0.0109349
0.0100071
0.00908907
0.00819233
0.00732716
0.00650228
0.00572483
0.00500022
0.00433223
0.00372303
0.0031733
0.00268242
0.00224861
0.00186916
0.00154063
0.00125906
0.00102017
0.000819505
0.000652636
0.000515244
0.000403241
0.000312833
0.000240574
0.000183383
0.000138561
0.000103774
7.70348e-05
5.66799e-05
4.13326e-05
2.98695e-05
2.1386e-05
1.51616e-05
1.06295e-05
7.34734e-06
4.97218e-06
3.2384e-06
1.93833e-06
9.05555e-07
0
0
1.13709e-06
2.43393e-06
4.0664e-06
6.2435e-06
9.22595e-06
1.33473e-05
1.90382e-05
2.6854e-05
3.75067e-05
5.19007e-05
7.11721e-05
9.67314e-05
0.000130307
0.00017399
0.000230272
0.000302085
0.00039282
0.000506343
0.000646984
0.000819505
0.00102904
0.00128101
0.00158098
0.00193454
0.00234707
0.00282354
0.00336827
0.00398467
0.00467495
0.00543992
0.0062787
0.00718858
0.00816482
0.0092006
0.010287
0.011413
0.0125658
0.0137308
0.014892
0.0160324
0.0171344
0.0181802
0.0191522
0.0200336
0.0208087
0.0214635
0.0219859
0.0223663
0.0225974
0.022675
0.0225974
0.0223663
0.0219859
0.0214635
0.0208087
0.0200336
0.0191522
0.0181802
0.0171344
0.0160324
0.014892
0.0137308
0.0125658
0.011413
0.010287
0.0092006
0.00816482
0.00718858
0.0062787
0.00543992
0.00467495
0.00398467
0.00336827
0.00282354
0.00234707
0.00193454
0.00158098
0.00128101
0.00102904
0.000819505
0.000646984
0.000506343
0.00039282
0.000302085
0.000230272
0.00017399
0.000130307
9.67314e-05
7.11721e-05
5.19007e-05
3.75067e-05
2.6854e-05
1.90382e-05
1.33473e-05
9.22595e-06
6.2435e-06
4.0664e-06
2.43393e-06
1.13709e-06
0
0
1.41552e-06
3.0299e-06
5.06209e-06
7.77226e-06
1.1485e-05
1.66155e-05
2.36999e-05
3.34294e-05
4.66905e-05
6.46089e-05
8.85991e-05
0.000120417
0.000162214
0.000216592
0.000286655
0.000376052
0.000489005
0.000630325
0.000805403
0.00102017
0.00128101
0.00159467
0.0019681
0.00240823
0.00292177
0.00351491
0.00419302
0.00496034
0.00581964
0.00677192
0.00781608
0.00894875
0.010164
0.0114534
0.0128058
0.0142076
0.0156426
0.0170928
0.0185383
0.019958
0.0213299
0.0226318
0.0238418
0.024939
0.0259039
0.026719
0.0273693
0.0278428
0.0281306
0.0282271
0.0281306
0.0278428
0.0273693
0.026719
0.0259039
0.024939
0.0238418
0.0226318
0.0213299
0.019958
0.0185383
0.0170928
0.0156426
0.0142076
0.0128058
0.0114534
0.010164
0.00894875
0.00781608
0.00677192
0.00581964
0.00496034
0.00419302
0.00351491
0.00292177
0.00240823
0.0019681
0.00159467
0.00128101
0.00102017
0.000805403
0.000630325
0.000489005
0.000376052
0.000286655
0.000216592
0.000162214
0.000120417
8.85991e-05
6.46089e-05
4.66905e-05
3.34294e-05
2.36999e-05
1.66155e-05
1.1485e-05
7.77226e-06
5.06209e-06
3.0299e-06
1.41552e-06
0
0
1.74699e-06
3.73941e-06
6.24749e-06
9.5923e-06
1.41744e-05
2.05064e-05
2.92497e-05
4.12576e-05
5.76241e-05
7.97385e-05
0.000109346
0.000148615
0.000200199
0.000267312
0.000353782
0.000464113
0.000603516
0.000777929
0.000994005
0.00125906
0.00158098
0.0019681
0.00242897
0.00297217
0.00360596
0.004338
0.0051749
0.00612191
0.00718244
0.00835771
0.00964639
0.0110443
0.0125442
0.0141355
0.0158046
0.0175346
0.0193057
0.0210955
0.0228795
0.0246316
0.0263248
0.0279315
0.0294248
0.030779
0.0319698
0.0329758
0.0337785
0.0343628
0.0347179
0.0348371
0.0347179
0.0343628
0.0337785
0.0329758
0.0319698
0.030779
0.0294248
0.0279315
0.0263248
0.0246316
0.0228795
0.0210955
0.0193057
0.0175346
0.0158046
0.0141355
0.0125442
0.0110443
0.00964639
0.00835771
0.00718244
0.00612191
0.0051749
0.004338
0.00360596
0.00297217
0.00242897
0.0019681
0.00158098
0.00125906
0.000994005
0.000777929
0.000603516
0.000464113
0.000353782
0.000267312
0.000200199
0.000148615
0.000109346
7.97385e-05
5.76241e-05
4.12576e-05
2.92497e-05
2.05064e-05
1.41744e-05
9.5923e-06
6.24749e-06
3.73941e-06
1.74699e-06
0
0
2.13767e-06
4.57567e-06
7.64463e-06
1.17375e-05
1.73443e-05
2.50923e-05
3.57909e-05
5.04842e-05
7.05107e-05
9.75707e-05
0.0001338
0.00018185
0.000244971
0.000327091
0.000432899
0.000567904
0.000738482
0.0009519
0.0012163
0.00154063
0.00193454
0.00240823
0.00297217
0.00363684
0.00441237
0.00530812
0.00633218
0.00749097
0.00878867
0.0102268
0.0118036
0.0135142
0.0153494
0.0172967
0.019339
0.0214559
0.023623
0.0258131
0.0279961
0.0301401
0.0322118
0.0341779
0.0360052
0.0376621
0.0391193
0.0403503
0.0413325
0.0420475
0.042482
0.0426278
0.042482
0.0420475
0.0413325
0.0403503
0.0391193
0.0376621
0.0360052
0.0341779
0.0322118
0.0301401
0.0279961
0.0258131
0.023623
0.0214559
0.019339
0.0172967
0.0153494
0.0135142
0.0118036
0.0102268
0.00878867
0.00749097
0.00633218
0.00530812
0.00441237
0.00363684
0.00297217
0.00240823
0.00193454
0.00154063
0.0012163
0.0009519
0.000738482
0.000567904
0.000432899
0.000327091
0.000244971
0.00018185
0.0001338
9.75707e-05
7.05107e-05
5.04842e-05
3.57909e-05
2.50923e-05
1.73443e-05
1.17375e-05
7.64463e-06
4.57567e-06
2.13767e-06
0
0
2.59352e-06
5.5514e-06
9.27481e-06
1.42404e-05
2.10429e-05
3.04431e-05
4.34231e-05
6.12496e-05
8.55467e-05
0.000118377
0.000162332
0.000220628
0.000297209
0.000396842
0.000525213
0.000689006
0.000895958
0.00115489
0.00147567
0.00186916
0.00234707
0.00292177
0.00360596
0.00441237
0.00535329
0.00644004
0.00768248
0.00908837
0.0106628
0.0124076
0.0143207
0.016396
0.0186226
0.0209851
0.0234629
0.0260312
0.0286605
0.0313176
0.0339661
0.0365673
0.0390808
0.0414661
0.0436831
0.0456934
0.0474613
0.0489547
0.0501463
0.0510139
0.051541
0.0517179
0.051541
0.0510139
0.0501463
0.0489547
0.0474613
0.0456934
0.0436831
0.0414661
0.0390808
0.0365673
0.0339661
0.0313176
0.0286605
0.0260312
0.0234629
0.0209851
0.0186226
0.016396
0.0143207
0.0124076
0.0106628
0.00908837
0.00768248
0.00644004
0.00535329
0.00441237
0.00360596
0.00292177
0.00234707
0.00186916
0.00147567
0.00115489
0.000895958
0.000689006
0.000525213
0.000396842
0.000297209
0.000220628
0.000162332
0.000118377
8.55467e-05
6.12496e-05
4.34231e-05
3.04431e-05
2.10429e-05
1.42404e-05
9.27481e-06
5.5514e-06
2.59352e-06
0
0
3.12002e-06
6.67838e-06
1.11577e-05
1.71313e-05
2.53147e-05
3.66232e-05
5.22382e-05
7.36837e-05
0.000102913
0.000142408
0.000195286
0.000265418
0.000357545
0.000477403
0.000631834
0.000828878
0.00107784
0.00138934
0.00177524
0.00224861
0.00282354
0.00351491
0.004338
0.00530812
0.00644004
0.00774741
0.00924208
0.0109334
0.0128274
0.0149264
0.0172279
0.0197245
0.0224031
0.0252452
0.0282261
0.0313157
0.0344788
0.0376753
0.0408615
0.0439907
0.0470145
0.049884
0.052551
0.0549694
0.0570962
0.0588929
0.0603264
0.06137
0.0620042
0.0622169
0.0620042
0.06137
0.0603264
0.0588929
0.0570962
0.0549694
0.052551
0.049884
0.0470145
0.0439907
0.0408615
0.0376753
0.0344788
0.0313157
0.0282261
0.0252452
0.0224031
0.0197245
0.0172279
0.0149264
0.0128274
0.0109334
0.00924208
0.00774741
0.00644004
0.00530812
0.004338
0.00351491
0.00282354
0.00224861
0.00177524
0.00138934
0.00107784
0.000828878
0.000631834
0.000477403
0.000357545
0.000265418
0.000195286
0.000142408
0.000102913
7.36837e-05
5.22382e-05
3.66232e-05
2.53147e-05
1.71313e-05
1.11577e-05
6.67838e-06
3.12002e-06
0
0
3.72195e-06
7.9668e-06
1.33102e-05
2.04363e-05
3.01986e-05
4.36887e-05
6.23163e-05
8.78991e-05
0.000122768
0.000169882
0.000232962
0.000316623
0.000426524
0.000569506
0.000753731
0.000988789
0.00128579
0.00165737
0.00211772
0.00268242
0.00336827
0.00419302
0.0051749
0.00633218
0.00768248
0.00924208
0.0110251
0.0130427
0.0153021
0.017806
0.0205516
0.0235298
0.0267253
0.0301156
0.0336716
0.0373573
0.0411306
0.0449438
0.0487446
0.0524775
0.0560847
0.0595078
0.0626894
0.0655744
0.0681115
0.0702548
0.0719648
0.0732098
0.0739663
0.0742201
0.0739663
0.0732098
0.0719648
0.0702548
0.0681115
0.0655744
0.0626894
0.0595078
0.0560847
0.0524775
0.0487446
0.0449438
0.0411306
0.0373573
0.0336716
0.0301156
0.0267253
0.0235298
0.0205516
0.017806
0.0153021
0.0130427
0.0110251
0.00924208
0.00768248
0.00633218
0.0051749
0.00419302
0.00336827
0.00268242
0.00211772
0.00165737
0.00128579
0.000988789
0.000753731
0.000569506
0.000426524
0.000316623
0.000232962
0.000169882
0.000122768
8.78991e-05
6.23163e-05
4.36887e-05
3.01986e-05
2.04363e-05
1.33102e-05
7.9668e-06
3.72195e-06
0
0
4.40307e-06
9.42472e-06
1.5746e-05
2.41762e-05
3.57249e-05
5.16838e-05
7.37201e-05
0.000103985
0.000145234
0.000200971
0.000275594
0.000374565
0.000504577
0.000673725
0.000891663
0.00116974
0.00152108
0.00196067
0.00250526
0.0031733
0.00398467
0.00496034
0.00612191
0.00749097
0.00908837
0.0109334
0.0130427
0.0154295
0.0181024
0.0210645
0.0243125
0.0278358
0.031616
0.0356267
0.0398335
0.0441937
0.0486575
0.0531685
0.0576649
0.0620809
0.0663482
0.0703978
0.0741616
0.0775745
0.0805758
0.0831114
0.0851344
0.0866072
0.0875022
0.0878024
0.0875022
0.0866072
0.0851344
0.0831114
0.0805758
0.0775745
0.0741616
0.0703978
0.0663482
0.0620809
0.0576649
0.0531685
0.0486575
0.0441937
0.0398335
0.0356267
0.031616
0.0278358
0.0243125
0.0210645
0.0181024
0.0154295
0.0130427
0.0109334
0.00908837
0.00749097
0.00612191
0.00496034
0.00398467
0.0031733
0.00250526
0.00196067
0.00152108
0.00116974
0.000891663
0.000673725
0.000504577
0.000374565
0.000275594
0.000200971
0.000145234
0.000103985
7.37201e-05
5.16838e-05
3.57249e-05
2.41762e-05
1.5746e-05
9.42472e-06
4.40307e-06
0
0
5.16583e-06
1.10574e-05
1.84738e-05
2.83643e-05
4.19137e-05
6.06372e-05
8.6491e-05
0.000121998
0.000170394
0.000235786
0.000323336
0.000439453
0.000591988
0.000790438
0.00104613
0.00137238
0.00178459
0.00230033
0.00293926
0.00372303
0.00467495
0.00581964
0.00718244
0.00878867
0.0106628
0.0128274
0.0153021
0.0181024
0.0212384
0.0247137
0.0285243
0.0326579
0.037093
0.0417985
0.046734
0.0518495
0.0570866
0.0623791
0.0676545
0.0728355
0.077842
0.0825931
0.0870089
0.0910131
0.0945344
0.0975091
0.0998826
0.101611
0.102661
0.103013
0.102661
0.101611
0.0998826
0.0975091
0.0945344
0.0910131
0.0870089
0.0825931
0.077842
0.0728355
0.0676545
0.0623791
0.0570866
0.0518495
0.046734
0.0417985
0.037093
0.0326579
0.0285243
0.0247137
0.0212384
0.0181024
0.0153021
0.0128274
0.0106628
0.00878867
0.00718244
0.00581964
0.00467495
0.00372303
0.00293926
0.00230033
0.00178459
0.00137238
0.00104613
0.000790438
0.000591988
0.000439453
0.000323336
0.000235786
0.000170394
0.000121998
8.6491e-05
6.06372e-05
4.19137e-05
2.83643e-05
1.84738e-05
1.10574e-05
5.16583e-06
0
0
6.01112e-06
1.28667e-05
2.14966e-05
3.30056e-05
4.87721e-05
7.05593e-05
0.000100644
0.000141961
0.000198276
0.000274368
0.000376244
0.000511361
0.000688855
0.000919778
0.00121731
0.00159694
0.0020766
0.00267673
0.00342022
0.00433223
0.00543992
0.00677192
0.00835771
0.0102268
0.0124076
0.0149264
0.017806
0.0210645
0.0247137
0.0287576
0.0331917
0.0380017
0.0431625
0.0486381
0.0543811
0.0603337
0.0664278
0.0725863
0.0787248
0.0847536
0.0905794
0.0961079
0.101246
0.105906
0.110003
0.113465
0.116227
0.118237
0.119459
0.119869
0.119459
0.118237
0.116227
0.113465
0.110003
0.105906
0.101246
0.0961079
0.0905794
0.0847536
0.0787248
0.0725863
0.0664278
0.0603337
0.0543811
0.0486381
0.0431625
0.0380017
0.0331917
0.0287576
0.0247137
0.0210645
0.017806
0.0149264
0.0124076
0.0102268
0.00835771
0.00677192
0.00543992
0.00433223
0.00342022
0.00267673
0.0020766
0.00159694
0.00121731
0.000919778
0.000688855
0.000511361
0.000376244
0.000274368
0.000198276
0.000141961
0.000100644
7.05593e-05
4.87721e-05
3.30056e-05
2.14966e-05
1.28667e-05
6.01112e-06
0
0
6.93798e-06
1.48507e-05
2.48112e-05
3.80948e-05
5.62923e-05
8.14389e-05
0.000116162
0.00016385
0.000228848
0.000316673
0.000434258
0.000590208
0.000795071
0.0010616
0.00140501
0.00184317
0.0023968
0.00308946
0.00394759
0.00500022
0.0062787
0.00781608
0.00964639
0.0118036
0.0143207
0.0172279
0.0205516
0.0243125
0.0285243
0.0331917
0.0383096
0.0438613
0.0498178
0.0561376
0.0627662
0.0696367
0.0766703
0.0837784
0.0908635
0.0978219
0.104546
0.110927
0.116858
0.122235
0.126965
0.13096
0.134148
0.136468
0.137879
0.138352
0.137879
0.136468
0.134148
0.13096
0.126965
0.122235
0.116858
0.110927
0.104546
0.0978219
0.0908635
0.0837784
0.0766703
0.0696367
0.0627662
0.0561376
0.0498178
0.0438613
0.0383096
0.0331917
0.0285243
0.0243125
0.0205516
0.0172279
0.0143207
0.0118036
0.00964639
0.00781608
0.0062787
0.00500022
0.00394759
0.00308946
0.0023968
0.00184317
0.00140501
0.0010616
0.000795071
0.000590208
0.000434258
0.000316673
0.000228848
0.00016385
0.000116162
8.14389e-05
5.62923e-05
3.80948e-05
2.48112e-05
1.48507e-05
6.93798e-06
0
0
7.9434e-06
1.70028e-05
2.84068e-05
4.36153e-05
6.44499e-05
9.32407e-05
0.000132996
0.000187595
0.000262011
0.000362564
0.000497188
0.000675738
0.000910288
0.00121544
0.00160861
0.00211028
0.00274413
0.00353717
0.00451965
0.00572483
0.00718858
0.00894875
0.0110443
0.0135142
0.016396
0.0197245
0.0235298
0.0278358
0.0326579
0.0380017
0.0438613
0.0502174
0.0570371
0.0642728
0.071862
0.0797281
0.087781
0.0959192
0.104031
0.111998
0.119696
0.127002
0.133792
0.139949
0.145364
0.149938
0.153588
0.156245
0.157859
0.158401
0.157859
0.156245
0.153588
0.149938
0.145364
0.139949
0.133792
0.127002
0.119696
0.111998
0.104031
0.0959192
0.087781
0.0797281
0.071862
0.0642728
0.0570371
0.0502174
0.0438613
0.0380017
0.0326579
0.0278358
0.0235298
0.0197245
0.016396
0.0135142
0.0110443
0.00894875
0.00718858
0.00572483
0.00451965
0.00353717
0.00274413
0.00211028
0.00160861
0.00121544
0.000910288
0.000675738
0.000497188
0.000362564
0.000262011
0.000187595
0.000132996
9.32407e-05
6.44499e-05
4.36153e-05
2.84068e-05
1.70028e-05
7.9434e-06
0
0
9.02215e-06
1.93118e-05
3.22645e-05
4.95384e-05
7.32024e-05
0.000105903
0.000151057
0.000213071
0.000297594
0.000411801
0.000564709
0.000767506
0.00103391
0.0013805
0.00182707
0.00239686
0.00311679
0.00401754
0.00513344
0.00650228
0.00816482
0.010164
0.0125442
0.0153494
0.0186226
0.0224031
0.0267253
0.031616
0.037093
0.0431625
0.0498178
0.0570371
0.064783
0.0730013
0.0816212
0.0905555
0.0997021
0.108945
0.118159
0.127208
0.135951
0.144249
0.151962
0.158955
0.165105
0.1703
0.174445
0.177463
0.179297
0.179912
0.179297
0.177463
0.174445
0.1703
0.165105
0.158955
0.151962
0.144249
0.135951
0.127208
0.118159
0.108945
0.0997021
0.0905555
0.0816212
0.0730013
0.064783
0.0570371
0.0498178
0.0431625
0.037093
0.031616
0.0267253
0.0224031
0.0186226
0.0153494
0.0125442
0.010164
0.00816482
0.00650228
0.00513344
0.00401754
0.00311679
0.00239686
0.00182707
0.0013805
0.00103391
0.000767506
0.000564709
0.000411801
0.000297594
0.000213071
0.000151057
0.000105903
7.32024e-05
4.95384e-05
3.22645e-05
1.93118e-05
9.02215e-06
0
0
1.01667e-05
2.17617e-05
3.63576e-05
5.58228e-05
8.24888e-05
0.000119338
0.00017022
0.000240101
0.000335346
0.000464042
0.000636347
0.000864871
0.00116507
0.00155563
0.00205885
0.00270092
0.00351219
0.0045272
0.00578466
0.00732716
0.0092006
0.0114534
0.0141355
0.0172967
0.0209851
0.0252452
0.0301156
0.0356267
0.0417985
0.0486381
0.0561376
0.0642728
0.0730013
0.0822622
0.0919755
0.102043
0.11235
0.122766
0.133148
0.143345
0.153198
0.162549
0.171239
0.17912
0.18605
0.191904
0.196575
0.199976
0.202043
0.202736
0.202043
0.199976
0.196575
0.191904
0.18605
0.17912
0.171239
0.162549
0.153198
0.143345
0.133148
0.122766
0.11235
0.102043
0.0919755
0.0822622
0.0730013
0.0642728
0.0561376
0.0486381
0.0417985
0.0356267
0.0301156
0.0252452
0.0209851
0.0172967
0.0141355
0.0114534
0.0092006
0.00732716
0.00578466
0.0045272
0.00351219
0.00270092
0.00205885
0.00155563
0.00116507
0.000864871
0.000636347
0.000464042
0.000335346
0.000240101
0.00017022
0.000119338
8.24888e-05
5.58228e-05
3.63576e-05
2.17617e-05
1.01667e-05
0
0
1.13671e-05
2.43313e-05
4.06506e-05
6.24143e-05
9.22289e-05
0.000133429
0.000190319
0.000268451
0.000374943
0.000518835
0.000711485
0.000966993
0.00130264
0.00173932
0.00230196
0.00301984
0.0039269
0.00506176
0.0064677
0.00819233
0.010287
0.0128058
0.0158046
0.019339
0.0234629
0.0282261
0.0336716
0.0398335
0.046734
0.0543811
0.0627662
0.071862
0.0816212
0.0919755
0.102836
0.114092
0.125616
0.137262
0.14887
0.160271
0.171287
0.181742
0.191459
0.20027
0.208018
0.214564
0.219787
0.223589
0.225899
0.226674
0.225899
0.223589
0.219787
0.214564
0.208018
0.20027
0.191459
0.181742
0.171287
0.160271
0.14887
0.137262
0.125616
0.114092
0.102836
0.0919755
0.0816212
0.071862
0.0627662
0.0543811
0.046734
0.0398335
0.0336716
0.0282261
0.0234629
0.019339
0.0158046
0.0128058
0.010287
0.00819233
0.0064677
0.00506176
0.0039269
0.00301984
0.00230196
0.00173932
0.00130264
0.000966993
0.000711485
0.000518835
0.000374943
0.000268451
0.000190319
0.000133429
9.22289e-05
6.24143e-05
4.06506e-05
2.43313e-05
1.13671e-05
0
0
1.26114e-05
2.69946e-05
4.51002e-05
6.92462e-05
0.000102324
0.000148034
0.000211152
0.000297836
0.000415985
0.000575627
0.000789365
0.00107284
0.00144523
0.00192971
0.00255393
0.0033504
0.00435674
0.00561582
0.00717566
0.00908907
0.011413
0.0142076
0.0175346
0.0214559
0.0260312
0.0313157
0.0373573
0.0441937
0.0518495
0.0603337
0.0696367
0.0797281
0.0905555
0.102043
0.114092
0.126581
0.139366
0.152287
0.165166
0.177814
0.190037
0.201636
0.212416
0.222191
0.230788
0.23805
0.243845
0.248063
0.250626
0.251486
0.250626
0.248063
0.243845
0.23805
0.230788
0.222191
0.212416
0.201636
0.190037
0.177814
0.165166
0.152287
0.139366
0.126581
0.114092
0.102043
0.0905555
0.0797281
0.0696367
0.0603337
0.0518495
0.0441937
0.0373573
0.0313157
0.0260312
0.0214559
0.0175346
0.0142076
0.011413
0.00908907
0.00717566
0.00561582
0.00435674
0.0033504
0.00255393
0.00192971
0.00144523
0.00107284
0.000789365
0.000575627
0.000415985
0.000297836
0.000211152
0.000148034
0.000102324
6.92462e-05
4.51002e-05
2.69946e-05
1.26114e-05
0
0
1.38852e-05
2.97212e-05
4.96556e-05
7.62404e-05
0.00011266
0.000162987
0.000232479
0.000327919
0.000458001
0.000633769
0.000869095
0.0011812
0.0015912
0.00212462
0.00281189
0.00368881
0.00479679
0.00618305
0.00790044
0.0100071
0.0125658
0.0156426
0.0193057
0.023623
0.0286605
0.0344788
0.0411306
0.0486575
0.0570866
0.0664278
0.0766703
0.087781
0.0997021
0.11235
0.125616
0.139366
0.153443
0.167669
0.181848
0.195774
0.209231
0.222002
0.233871
0.244634
0.254099
0.262095
0.268474
0.273119
0.275941
0.276888
0.275941
0.273119
0.268474
0.262095
0.254099
0.244634
0.233871
0.222002
0.209231
0.195774
0.181848
0.167669
0.153443
0.139366
0.125616
0.11235
0.0997021
0.087781
0.0766703
0.0664278
0.0570866
0.0486575
0.0411306
0.0344788
0.0286605
0.023623
0.0193057
0.0156426
0.0125658
0.0100071
0.00790044
0.00618305
0.00479679
0.00368881
0.00281189
0.00212462
0.0015912
0.0011812
0.000869095
0.000633769
0.000458001
0.000327919
0.000232479
0.000162987
0.00011266
7.62404e-05
4.96556e-05
2.97212e-05
1.38852e-05
0
0
1.51725e-05
3.24766e-05
5.42591e-05
8.33086e-05
0.000123104
0.000178097
0.000254032
0.00035832
0.000500462
0.000692525
0.000949669
0.00129071
0.00173872
0.00232159
0.00307258
0.0040308
0.0052415
0.00675628
0.00863289
0.0109349
0.0137308
0.0170928
0.0210955
0.0258131
0.0313176
0.0376753
0.0449438
0.0531685
0.0623791
0.0725863
0.0837784
0.0959192
0.108945
0.122766
0.137262
0.152287
0.167669
0.183213
0.198707
0.213924
0.228629
0.242584
0.255553
0.267314
0.277656
0.286393
0.293364
0.29844
0.301524
0.302558
0.301524
0.29844
0.293364
0.286393
0.277656
0.267314
0.255553
0.242584
0.228629
0.213924
0.198707
0.183213
0.167669
0.152287
0.137262
0.122766
0.108945
0.0959192
0.0837784
0.0725863
0.0623791
0.0531685
0.0449438
0.0376753
0.0313176
0.0258131
0.0210955
0.0170928
0.0137308
0.0109349
0.00863289
0.00675628
0.0052415
0.0040308
0.00307258
0.00232159
0.00173872
0.00129071
0.000949669
0.000692525
0.000500462
0.00035832
0.000254032
0.000178097
0.000123104
8.33086e-05
5.42591e-05
3.24766e-05
1.51725e-05
0
0
1.64557e-05
3.52232e-05
5.88478e-05
9.0354e-05
0.000133515
0.000193159
0.000275515
0.000388623
0.000542786
0.000751091
0.00102998
0.00139987
0.00188576
0.00251792
0.00333243
0.00437168
0.00568477
0.00732765
0.00936296
0.0118596
0.014892
0.0185383
0.0228795
0.0279961
0.0339661
0.0408615
0.0487446
0.0576649
0.0676545
0.0787248
0.0908635
0.104031
0.118159
0.133148
0.14887
0.165166
0.181848
0.198707
0.215512
0.232016
0.247964
0.263099
0.277165
0.28992
0.301137
0.310613
0.318174
0.323678
0.327023
0.328145
0.327023
0.323678
0.318174
0.310613
0.301137
0.28992
0.277165
0.263099
0.247964
0.232016
0.215512
0.198707
0.181848
0.165166
0.14887
0.133148
0.118159
0.104031
0.0908635
0.0787248
0.0676545
0.0576649
0.0487446
0.0408615
0.0339661
0.0279961
0.0228795
0.0185383
0.014892
0.0118596
0.00936296
0.00732765
0.00568477
0.00437168
0.00333243
0.00251792
0.00188576
0.00139987
0.00102998
0.000751091
0.000542786
0.000388623
0.000275515
0.000193159
0.000133515
9.0354e-05
5.88478e-05
3.52232e-05
1.64557e-05
0
0
1.77158e-05
3.79206e-05
6.33544e-05
9.72734e-05
0.00014374
0.000207951
0.000296615
0.000418384
0.000584353
0.00080861
0.00110886
0.00150707
0.00203018
0.00271075
0.00358762
0.00470646
0.00612012
0.00788881
0.01008
0.0127678
0.0160324
0.019958
0.0246316
0.0301401
0.0365673
0.0439907
0.0524775
0.0620809
0.0728355
0.0847536
0.0978219
0.111998
0.127208
0.143345
0.160271
0.177814
0.195774
0.213924
0.232016
0.249784
0.266953
0.283247
0.298391
0.312122
0.324199
0.3344
0.34254
0.348466
0.352067
0.353275
0.352067
0.348466
0.34254
0.3344
0.324199
0.312122
0.298391
0.283247
0.266953
0.249784
0.232016
0.213924
0.195774
0.177814
0.160271
0.143345
0.127208
0.111998
0.0978219
0.0847536
0.0728355
0.0620809
0.0524775
0.0439907
0.0365673
0.0301401
0.0246316
0.019958
0.0160324
0.0127678
0.01008
0.00788881
0.00612012
0.00470646
0.00358762
0.00271075
0.00203018
0.00150707
0.00110886
0.00080861
0.000584353
0.000418384
0.000296615
0.000207951
0.00014374
9.72734e-05
6.33544e-05
3.79206e-05
1.77158e-05
0
0
1.89336e-05
4.05271e-05
6.77092e-05
0.00010396
0.00015362
0.000222245
0.000317003
0.000447143
0.00062452
0.000864192
0.00118508
0.00161066
0.00216973
0.00289708
0.00383423
0.00502997
0.0065408
0.00843107
0.0107729
0.0136455
0.0171344
0.0213299
0.0263248
0.0322118
0.0390808
0.0470145
0.0560847
0.0663482
0.077842
0.0905794
0.104546
0.119696
0.135951
0.153198
0.171287
0.190037
0.209231
0.228629
0.247964
0.266953
0.285303
0.302717
0.318901
0.333577
0.346483
0.357386
0.366085
0.372419
0.376267
0.377558
0.376267
0.372419
0.366085
0.357386
0.346483
0.333577
0.318901
0.302717
0.285303
0.266953
0.247964
0.228629
0.209231
0.190037
0.171287
0.153198
0.135951
0.119696
0.104546
0.0905794
0.077842
0.0663482
0.0560847
0.0470145
0.0390808
0.0322118
0.0263248
0.0213299
0.0171344
0.0136455
0.0107729
0.00843107
0.0065408
0.00502997
0.00383423
0.00289708
0.00216973
0.00161066
0.00118508
0.000864192
0.00062452
0.000447143
0.000317003
0.000222245
0.00015362
0.00010396
6.77092e-05
4.05271e-05
1.89336e-05
0
0
2.00892e-05
4.30007e-05
7.18419e-05
0.000110305
0.000162996
0.000235809
0.000336351
0.000474434
0.000662638
0.000916938
0.00125741
0.00170897
0.00230216
0.0030739
0.00406825
0.00533698
0.00694002
0.00894566
0.0114304
0.0144783
0.0181802
0.0226318
0.0279315
0.0341779
0.0414661
0.049884
0.0595078
0.0703978
0.0825931
0.0961079
0.110927
0.127002
0.144249
0.162549
0.181742
0.201636
0.222002
0.242584
0.263099
0.283247
0.302717
0.321193
0.338365
0.353937
0.367631
0.379199
0.388429
0.395149
0.399232
0.400602
0.399232
0.395149
0.388429
0.379199
0.367631
0.353937
0.338365
0.321193
0.302717
0.283247
0.263099
0.242584
0.222002
0.201636
0.181742
0.162549
0.144249
0.127002
0.110927
0.0961079
0.0825931
0.0703978
0.0595078
0.049884
0.0414661
0.0341779
0.0279315
0.0226318
0.0181802
0.0144783
0.0114304
0.00894566
0.00694002
0.00533698
0.00406825
0.0030739
0.00230216
0.00170897
0.00125741
0.000916938
0.000662638
0.000474434
0.000336351
0.000235809
0.000162996
0.000110305
7.18419e-05
4.30007e-05
2.00892e-05
0
0
2.11633e-05
4.52997e-05
7.56829e-05
0.000116202
0.000171711
0.000248417
0.000354334
0.0004998
0.000698066
0.000965962
0.00132464
0.00180034
0.00242524
0.00323825
0.00428576
0.00562232
0.00731106
0.00942393
0.0120415
0.0152524
0.0191522
0.0238418
0.0294248
0.0360052
0.0436831
0.052551
0.0626894
0.0741616
0.0870089
0.101246
0.116858
0.133792
0.151962
0.171239
0.191459
0.212416
0.233871
0.255553
0.277165
0.298391
0.318901
0.338365
0.356456
0.37286
0.387286
0.399473
0.409197
0.416276
0.420577
0.42202
0.420577
0.416276
0.409197
0.399473
0.387286
0.37286
0.356456
0.338365
0.318901
0.298391
0.277165
0.255553
0.233871
0.212416
0.191459
0.171239
0.151962
0.133792
0.116858
0.101246
0.0870089
0.0741616
0.0626894
0.052551
0.0436831
0.0360052
0.0294248
0.0238418
0.0191522
0.0152524
0.0120415
0.00942393
0.00731106
0.00562232
0.00428576
0.00323825
0.00242524
0.00180034
0.00132464
0.000965962
0.000698066
0.0004998
0.000354334
0.000248417
0.000171711
0.000116202
7.56829e-05
4.52997e-05
2.11633e-05
0
0
2.21372e-05
4.73844e-05
7.91658e-05
0.00012155
0.000179613
0.000259849
0.000370641
0.000522801
0.00073019
0.00101042
0.0013856
0.00188319
0.00253685
0.00338727
0.00448299
0.00588106
0.00764752
0.00985762
0.0125957
0.0159543
0.0200336
0.024939
0.030779
0.0376621
0.0456934
0.0549694
0.0655744
0.0775745
0.0910131
0.105906
0.122235
0.139949
0.158955
0.17912
0.20027
0.222191
0.244634
0.267314
0.28992
0.312122
0.333577
0.353937
0.37286
0.390019
0.405109
0.417857
0.428028
0.435433
0.439932
0.441442
0.439932
0.435433
0.428028
0.417857
0.405109
0.390019
0.37286
0.353937
0.333577
0.312122
0.28992
0.267314
0.244634
0.222191
0.20027
0.17912
0.158955
0.139949
0.122235
0.105906
0.0910131
0.0775745
0.0655744
0.0549694
0.0456934
0.0376621
0.030779
0.024939
0.0200336
0.0159543
0.0125957
0.00985762
0.00764752
0.00588106
0.00448299
0.00338727
0.00253685
0.00188319
0.0013856
0.00101042
0.00073019
0.000522801
0.000370641
0.000259849
0.000179613
0.00012155
7.91658e-05
4.73844e-05
2.21372e-05
0
0
2.29937e-05
4.92177e-05
8.22287e-05
0.000126253
0.000186562
0.000269903
0.000384981
0.000543028
0.000758442
0.00104951
0.00143921
0.00195605
0.002635
0.00351833
0.00465644
0.0061086
0.0079434
0.010239
0.013083
0.0165716
0.0208087
0.0259039
0.0319698
0.0391193
0.0474613
0.0570962
0.0681115
0.0805758
0.0945344
0.110003
0.126965
0.145364
0.165105
0.18605
0.208018
0.230788
0.254099
0.277656
0.301137
0.324199
0.346483
0.367631
0.387286
0.405109
0.420783
0.434024
0.444588
0.45228
0.456953
0.458521
0.456953
0.45228
0.444588
0.434024
0.420783
0.405109
0.387286
0.367631
0.346483
0.324199
0.301137
0.277656
0.254099
0.230788
0.208018
0.18605
0.165105
0.145364
0.126965
0.110003
0.0945344
0.0805758
0.0681115
0.0570962
0.0474613
0.0391193
0.0319698
0.0259039
0.0208087
0.0165716
0.013083
0.010239
0.0079434
0.0061086
0.00465644
0.00351833
0.002635
0.00195605
0.00143921
0.00104951
0.000758442
0.000543028
0.000384981
0.000269903
0.000186562
0.000126253
8.22287e-05
4.92177e-05
2.29937e-05
0
0
2.37172e-05
5.07665e-05
8.48163e-05
0.000130226
0.000192433
0.000278396
0.000397095
0.000560116
0.000782308
0.00108253
0.00148449
0.0020176
0.00271792
0.00362904
0.00480296
0.00630082
0.00819336
0.0105612
0.0134947
0.0170931
0.0214635
0.026719
0.0329758
0.0403503
0.0489547
0.0588929
0.0702548
0.0831114
0.0975091
0.113465
0.13096
0.149938
0.1703
0.191904
0.214564
0.23805
0.262095
0.286393
0.310613
0.3344
0.357386
0.379199
0.399473
0.417857
0.434024
0.447681
0.458578
0.466512
0.471332
0.47295
0.471332
0.466512
0.458578
0.447681
0.434024
0.417857
0.399473
0.379199
0.357386
0.3344
0.310613
0.286393
0.262095
0.23805
0.214564
0.191904
0.1703
0.149938
0.13096
0.113465
0.0975091
0.0831114
0.0702548
0.0588929
0.0489547
0.0403503
0.0329758
0.026719
0.0214635
0.0170931
0.0134947
0.0105612
0.00819336
0.00630082
0.00480296
0.00362904
0.00271792
0.0020176
0.00148449
0.00108253
0.000782308
0.000560116
0.000397095
0.000278396
0.000192433
0.000130226
8.48163e-05
5.07665e-05
2.37172e-05
0
0
2.42945e-05
5.20022e-05
8.68808e-05
0.000133395
0.000197117
0.000285172
0.000406761
0.000573749
0.00080135
0.00110888
0.00152063
0.00206671
0.00278407
0.00371737
0.00491987
0.00645419
0.00839279
0.0108183
0.0138231
0.0175091
0.0219859
0.0273693
0.0337785
0.0413325
0.0501463
0.0603264
0.0719648
0.0851344
0.0998826
0.116227
0.134148
0.153588
0.174445
0.196575
0.219787
0.243845
0.268474
0.293364
0.318174
0.34254
0.366085
0.388429
0.409197
0.428028
0.444588
0.458578
0.469741
0.477867
0.482805
0.484462
0.482805
0.477867
0.469741
0.458578
0.444588
0.428028
0.409197
0.388429
0.366085
0.34254
0.318174
0.293364
0.268474
0.243845
0.219787
0.196575
0.174445
0.153588
0.134148
0.116227
0.0998826
0.0851344
0.0719648
0.0603264
0.0501463
0.0413325
0.0337785
0.0273693
0.0219859
0.0175091
0.0138231
0.0108183
0.00839279
0.00645419
0.00491987
0.00371737
0.00278407
0.00206671
0.00152063
0.00110888
0.00080135
0.000573749
0.000406761
0.000285172
0.000197117
0.000133395
8.68808e-05
5.20022e-05
2.42945e-05
0
0
2.47148e-05
5.29018e-05
8.83838e-05
0.000135703
0.000200527
0.000290106
0.000413798
0.000583675
0.000815213
0.00112807
0.00154693
0.00210247
0.00283224
0.00378168
0.00500499
0.00656584
0.00853799
0.0110054
0.0140623
0.017812
0.0223663
0.0278428
0.0343628
0.0420475
0.0510139
0.06137
0.0732098
0.0866072
0.101611
0.118237
0.136468
0.156245
0.177463
0.199976
0.223589
0.248063
0.273119
0.29844
0.323678
0.348466
0.372419
0.395149
0.416276
0.435433
0.45228
0.466512
0.477867
0.486134
0.491158
0.492843
0.491158
0.486134
0.477867
0.466512
0.45228
0.435433
0.416276
0.395149
0.372419
0.348466
0.323678
0.29844
0.273119
0.248063
0.223589
0.199976
0.177463
0.156245
0.136468
0.118237
0.101611
0.0866072
0.0732098
0.06137
0.0510139
0.0420475
0.0343628
0.0278428
0.0223663
0.017812
0.0140623
0.0110054
0.00853799
0.00656584
0.00500499
0.00378168
0.00283224
0.00210247
0.00154693
0.00112807
0.000815213
0.000583675
0.000413798
0.000290106
0.000200527
0.000135703
8.83838e-05
5.29018e-05
2.47148e-05
0
0
2.49702e-05
5.34485e-05
8.92971e-05
0.000137105
0.000202599
0.000293104
0.000418074
0.000589707
0.000823637
0.00113972
0.00156292
0.00212419
0.00286151
0.00382076
0.00505671
0.00663369
0.00862622
0.0111192
0.0142076
0.0179961
0.0225974
0.0281306
0.0347179
0.042482
0.051541
0.0620042
0.0739663
0.0875022
0.102661
0.119459
0.137879
0.157859
0.179297
0.202043
0.225899
0.250626
0.275941
0.301524
0.327023
0.352067
0.376267
0.399232
0.420577
0.439932
0.456953
0.471332
0.482805
0.491158
0.496233
0.497936
0.496233
0.491158
0.482805
0.471332
0.456953
0.439932
0.420577
0.399232
0.376267
0.352067
0.327023
0.301524
0.275941
0.250626
0.225899
0.202043
0.179297
0.157859
0.137879
0.119459
0.102661
0.0875022
0.0739663
0.0620042
0.051541
0.042482
0.0347179
0.0281306
0.0225974
0.0179961
0.0142076
0.0111192
0.00862622
0.00663369
0.00505671
0.00382076
0.00286151
0.00212419
0.00156292
0.00113972
0.000823637
0.000589707
0.000418074
0.000293104
0.000202599
0.000137105
8.92971e-05
5.34485e-05
2.49702e-05
0
0
2.50559e-05
5.36319e-05
8.96035e-05
0.000137576
0.000203294
0.000294109
0.000419508
0.00059173
0.000826463
0.00114364
0.00156828
0.00213148
0.00287132
0.00383387
0.00507406
0.00665645
0.00865581
0.0111573
0.0142563
0.0180578
0.022675
0.0282271
0.0348371
0.0426278
0.0517179
0.0622169
0.0742201
0.0878024
0.103013
0.119869
0.138352
0.158401
0.179912
0.202736
0.226674
0.251486
0.276888
0.302558
0.328145
0.353275
0.377558
0.400602
0.42202
0.441442
0.458521
0.47295
0.484462
0.492843
0.497936
0.499644
0.497936
0.492843
0.484462
0.47295
0.458521
0.441442
0.42202
0.400602
0.377558
0.353275
0.328145
0.302558
0.276888
0.251486
0.226674
0.202736
0.179912
0.158401
0.138352
0.119869
0.103013
0.0878024
0.0742201
0.0622169
0.0517179
0.0426278
0.0348371
0.0282271
0.022675
0.0180578
0.0142563
0.0111573
0.00865581
0.00665645
0.00507406
0.00383387
0.00287132
0.00213148
0.00156828
0.00114364
0.000826463
0.00059173
0.000419508
0.000294109
0.000203294
0.000137576
8.96035e-05
5.36319e-05
2.50559e-05
0
0
2.49702e-05
5.34485e-05
8.92971e-05
0.000137105
0.000202599
0.000293104
0.000418074
0.000589707
0.000823637
0.00113972
0.00156292
0.00212419
0.00286151
0.00382076
0.00505671
0.00663369
0.00862622
0.0111192
0.0142076
0.0179961
0.0225974
0.0281306
0.0347179
0.042482
0.051541
0.0620042
0.0739663
0.0875022
0.102661
0.119459
0.137879
0.157859
0.179297
0.202043
0.225899
0.250626
0.275941
0.301524
0.327023
0.352067
0.376267
0.399232
0.420577
0.439932
0.456953
0.471332
0.482805
0.491158
0.496233
0.497936
0.496233
0.491158
0.482805
0.471332
0.456953
0.439932
0.420577
0.399232
0.376267
0.352067
0.327023
0.301524
0.275941
0.250626
0.225899
0.202043
0.179297
0.157859
0.137879
0.119459
0.102661
0.0875022
0.0739663
0.0620042
0.051541
0.042482
0.0347179
0.0281306
0.0225974
0.0179961
0.0142076
0.0111192
0.00862622
0.00663369
0.00505671
0.00382076
0.00286151
0.00212419
0.00156292
0.00113972
0.000823637
0.000589707
0.000418074
0.000293104
0.000202599
0.000137105
8.92971e-05
5.34485e-05
2.49702e-05
0
0
2.47148e-05
5.29018e-05
8.83838e-05
0.000135703
0.000200527
0.000290106
0.000413798
0.000583675
0.000815213
0.00112807
0.00154693
0.00210247
0.00283224
0.00378168
0.00500499
0.00656584
0.00853799
0.0110054
0.0140623
0.017812
0.0223663
0.0278428
0.0343628
0.0420475
0.0510139
0.06137
0.0732098
0.0866072
0.101611
0.118237
0.136468
0.156245
0.177463
0.199976
0.223589
0.248063
0.273119
0.29844
0.323678
0.348466
0.372419
0.395149
0.416276
0.435433
0.45228
0.466512
0.477867
0.486134
0.491158
0.492843
0.491158
0.486134
0.477867
0.466512
0.45228
0.435433
0.416276
0.395149
0.372419
0.348466
0.323678
0.29844
0.273119
0.248063
0.223589
0.199976
0.177463
0.156245
0.136468
0.118237
0.101611
0.0866072
0.0732098
0.06137
0.0510139
0.0420475
0.0343628
0.0278428
0.0223663
0.017812
0.0140623
0.0110054
0.00853799
0.00656584
0.00500499
0.00378168
0.00283224
0.00210247
0.00154693
0.00112807
0.000815213
0.000583675
0.000413798
0.000290106
0.000200527
0.000135703
8.83838e-05
5.29018e-05
2.47148e-05
0
0
2.42945e-05
5.20022e-05
8.68808e-05
0.000133395
0.000197117
0.000285172
0.000406761
0.000573749
0.00080135
0.00110888
0.00152063
0.00206671
0.00278407
0.00371737
0.00491987
0.00645419
0.00839279
0.0108183
0.0138231
0.0175091
0.0219859
0.0273693
0.0337785
0.0413325
0.0501463
0.0603264
0.0719648
0.0851344
0.0998826
0.116227
0.134148
0.153588
0.174445
0.196575
0.219787
0.243845
0.268474
0.293364
0.318174
0.34254
0.366085
0.388429
0.409197
0.428028
0.444588
0.458578
0.469741
0.477867
0.482805
0.484462
0.482805
0.477867
0.469741
0.458578
0.444588
0.428028
0.409197
0.388429
0.366085
0.34254
0.318174
0.293364
0.268474
0.243845
0.219787
0.196575
0.174445
0.153588
0.134148
0.116227
0.0998826
0.0851344
0.0719648
0.0603264
0.0501463
0.0413325
0.0337785
0.0273693
0.0219859
0.0175091
0.0138231
0.0108183
0.00839279
0.00645419
0.00491987
0.00371737
0.00278407
0.00206671
0.00152063
0.00110888
0.00080135
0.000573749
0.000406761
0.000285172
0.000197117
0.000133395
8.68808e-05
5.20022e-05
2.42945e-05
0
0
2.37172e-05
5.07665e-05
8.48163e-05
0.000130226
0.000192433
0.000278396
0.000397095
0.000560116
0.000782308
0.00108253
0.00148449
0.0020176
0.00271792
0.00362904
0.00480296
0.00630082
0.00819336
0.0105612
0.0134947
0.0170931
0.0214635
0.026719
0.0329758
0.0403503
0.0489547
0.0588929
0.0702548
0.0831114
0.0975091
0.113465
0.13096
0.149938
0.1703
0.191904
0.214564
0.23805
0.262095
0.286393
0.310613
0.3344
0.357386
0.379199
0.399473
0.417857
0.434024
0.447681
0.458578
0.466512
0.471332
0.47295
0.471332
0.466512
0.458578
0.447681
0.434024
0.417857
0.399473
0.379199
0.357386
0.3344
0.310613
0.286393
0.262095
0.23805
0.214564
0.191904
0.1703
0.149938
0.13096
0.113465
0.0975091
0.0831114
0.0702548
0.0588929
0.0489547
0.0403503
0.0329758
0.026719
0.0214635
0.0170931
0.0134947
0.0105612
0.00819336
0.00630082
0.00480296
0.00362904
0.00271792
0.0020176
0.00148449
0.00108253
0.000782308
0.000560116
0.000397095
0.000278396
0.000192433
0.000130226
8.48163e-05
5.07665e-05
2.37172e-05
0
0
2.29937e-05
4.92177e-05
8.22287e-05
0.000126253
0.000186562
0.000269903
0.000384981
0.000543028
0.000758442
0.00104951
0.00143921
0.00195605
0.002635
0.00351833
0.00465644
0.0061086
0.0079434
0.010239
0.013083
0.0165716
0.0208087
0.0259039
0.0319698
0.0391193
0.0474613
0.0570962
0.0681115
0.0805758
0.0945344
0.110003
0.126965
0.145364
0.165105
0.18605
0.208018
0.230788
0.254099
0.277656
0.301137
0.324199
0.346483
0.367631
0.387286
0.405109
0.420783
0.434024
0.444588
0.45228
0.456953
0.458521
0.456953
0.45228
0.444588
0.434024
0.420783
0.405109
0.387286
0.367631
0.346483
0.324199
0.301137
0.277656
0.254099
0.230788
0.208018
0.18605
0.165105
0.145364
0.126965
0.110003
0.0945344
0.0805758
0.0681115
0.0570962
0.0474613
0.0391193
0.0319698
0.0259039
0.0208087
0.0165716
0.013083
0.010239
0.0079434
0.0061086
0.00465644
0.00351833
0.002635
0.00195605
0.00143921
0.00104951
0.000758442
0.000543028
0.000384981
0.000269903
0.000186562
0.000126253
8.22287e-05
4.92177e-05
2.29937e-05
0
0
2.21372e-05
4.73844e-05
7.91658e-05
0.00012155
0.000179613
0.000259849
0.000370641
0.000522801
0.00073019
0.00101042
0.0013856
0.00188319
0.00253685
0.00338727
0.00448299
0.00588106
0.00764752
0.00985762
0.0125957
0.0159543
0.0200336
0.024939
0.030779
0.0376621
0.0456934
0.0549694
0.0655744
0.0775745
0.0910131
0.105906
0.122235
0.139949
0.158955
0.17912
0.20027
0.222191
0.244634
0.267314
0.28992
0.312122
0.333577
0.353937
0.37286
0.390019
0.405109
0.417857
0.428028
0.435433
0.439932
0.441442
0.439932
0.435433
0.428028
0.417857
0.405109
0.390019
0.37286
0.353937
0.333577
0.312122
0.28992
0.267314
0.244634
0.222191
0.20027
0.17912
0.158955
0.139949
0.122235
0.105906
0.0910131
0.0775745
0.0655744
0.0549694
0.0456934
0.0376621
0.030779
0.024939
0.0200336
0.0159543
0.0125957
0.00985762
0.00764752
0.00588106
0.00448299
0.00338727
0.00253685
0.00188319
0.0013856
0.00101042
0.00073019
0.000522801
0.000370641
0.000259849
0.000179613
0.00012155
7.91658e-05
4.73844e-05
2.21372e-05
0
0
2.11633e-05
4.52997e-05
7.56829e-05
0.000116202
0.000171711
0.000248417
0.000354334
0.0004998
0.000698066
0.000965962
0.00132464
0.00180034
0.00242524
0.00323825
0.00428576
0.00562232
0.00731106
0.00942393
0.0120415
0.0152524
0.0191522
0.0238418
0.0294248
0.0360052
0.0436831
0.052551
0.0626894
0.0741616
0.0870089
0.101246
0.116858
0.133792
0.151962
0.171239
0.191459
0.212416
0.233871
0.255553
0.277165
0.298391
0.318901
0.338365
0.356456
0.37286
0.387286
0.399473
0.409197
0.416276
0.420577
0.42202
0.420577
0.416276
0.409197
0.399473
0.387286
0.37286
0.356456
0.338365
0.318901
0.298391
0.277165
0.255553
0.233871
0.212416
0.191459
0.171239
0.151962
0.133792
0.116858
0.101246
0.0870089
0.0741616
0.0626894
0.052551
0.0436831
0.0360052
0.0294248
0.0238418
0.0191522
0.0152524
0.0120415
0.00942393
0.00731106
0.00562232
0.00428576
0.00323825
0.00242524
0.00180034
0.00132464
0.000965962
0.000698066
0.0004998
0.000354334
0.000248417
0.000171711
0.000116202
7.56829e-05
4.52997e-05
2.11633e-05
0
0
2.00892e-05
4.30007e-05
7.18419e-05
0.000110305
0.000162996
0.000235809
0.000336351
0.000474434
0.000662638
0.000916938
0.00125741
0.00170897
0.00230216
0.0030739
0.00406825
0.00533698
0.00694002
0.00894566
0.0114304
0.0144783
0.0181802
0.0226318
0.0279315
0.0341779
0.0414661
0.049884
0.0595078
0.0703978
0.0825931
0.0961079
0.110927
0.127002
0.144249
0.162549
0.181742
0.201636
0.222002
0.242584
0.263099
0.283247
0.302717
0.321193
0.338365
0.353937
0.367631
0.379199
0.388429
0.395149
0.399232
0.400602
0.399232
0.395149
0.388429
0.379199
0.367631
0.353937
0.338365
0.321193
0.302717
0.283247
0.263099
0.242584
0.222002
0.201636
0.181742
0.162549
0.144249
0.127002
0.110927
0.0961079
0.0825931
0.0703978
0.0595078
0.049884
0.0414661
0.0341779
0.0279315
0.0226318
0.0181802
0.0144783
0.0114304
0.00894566
0.00694002
0.00533698
0.00406825
0.0030739
0.00230216
0.00170897
0.00125741
0.000916938
0.000662638
0.000474434
0.000336351
0.000235809
0.000162996
0.000110305
7.18419e-05
4.30007e-05
2.00892e-05
0
0
1.89336e-05
4.05271e-05
6.77092e-05
0.00010396
0.00015362
0.000222245
0.000317003
0.000447143
0.00062452
0.000864192
0.00118508
0.00161066
0.00216973
0.00289708
0.00383423
0.00502997
0.0065408
0.00843107
0.0107729
0.0136455
0.0171344
0.0213299
0.0263248
0.0322118
0.0390808
0.0470145
0.0560847
0.0663482
0.077842
0.0905794
0.104546
0.119696
0.135951
0.153198
0.171287
0.190037
0.209231
0.228629
0.247964
0.266953
0.285303
0.302717
0.318901
0.333577
0.346483
0.357386
0.366085
0.372419
0.376267
0.377558
0.376267
0.372419
0.366085
0.357386
0.346483
0.333577
0.318901
0.302717
0.285303
0.266953
0.247964
0.228629
0.209231
0.190037
0.171287
0.153198
0.135951
0.119696
0.104546
0.0905794
0.077842
0.0663482
0.0560847
0.0470145
0.0390808
0.0322118
0.0263248
0.0213299
0.0171344
0.0136455
0.0107729
0.00843107
0.0065408
0.00502997
0.00383423
0.00289708
0.00216973
0.00161066
0.00118508
0.000864192
0.00062452
0.000447143
0.000317003
0.000222245
0.00015362
0.00010396
6.77092e-05
4.05271e-05
1.89336e-05
0
0
1.77158e-05
3.79206e-05
6.33544e-05
9.72734e-05
0.00014374
0.000207951
0.000296615
0.000418384
0.000584353
0.00080861
0.00110886
0.00150707
0.00203018
0.00271075
0.00358762
0.00470646
0.00612012
0.00788881
0.01008
0.0127678
0.0160324
0.019958
0.0246316
0.0301401
0.0365673
0.0439907
0.0524775
0.0620809
0.0728355
0.0847536
0.0978219
0.111998
0.127208
0.143345
0.160271
0.177814
0.195774
0.213924
0.232016
0.249784
0.266953
0.283247
0.298391
0.312122
0.324199
0.3344
0.34254
0.348466
0.352067
0.353275
0.352067
0.348466
0.34254
0.3344
0.324199
0.312122
0.298391
0.283247
0.266953
0.249784
0.232016
0.213924
0.195774
0.177814
0.160271
0.143345
0.127208
0.111998
0.0978219
0.0847536
0.0728355
0.0620809
0.0524775
0.0439907
0.0365673
0.0301401
0.0246316
0.019958
0.0160324
0.0127678
0.01008
0.00788881
0.00612012
0.00470646
0.00358762
0.00271075
0.00203018
0.00150707
0.00110886
0.00080861
0.000584353
0.000418384
0.000296615
0.000207951
0.00014374
9.72734e-05
6.33544e-05
3.79206e-05
1.77158e-05
0
0
1.64557e-05
3.52232e-05
5.88478e-05
9.0354e-05
0.000133515
0.000193159
0.000275515
0.000388623
0.000542786
0.000751091
0.00102998
0.00139987
0.00188576
0.00251792
0.00333243
0.00437168
0.00568477
0.00732765
0.00936296
0.0118596
0.014892
0.0185383
0.0228795
0.0279961
0.0339661
0.0408615
0.0487446
0.0576649
0.0676545
0.0787248
0.0908635
0.104031
0.118159
0.133148
0.14887
0.165166
0.181848
0.198707
0.215512
0.232016
0.247964
0.263099
0.277165
0.28992
0.301137
0.310613
0.318174
0.323678
0.327023
0.328145
0.327023
0.323678
0.318174
0.310613
0.301137
0.28992
0.277165
0.263099
0.247964
0.232016
0.215512
0.198707
0.181848
0.165166
0.14887
0.133148
0.118159
0.104031
0.0908635
0.0787248
0.0676545
0.0576649
0.0487446
0.0408615
0.0339661
0.0279961
0.0228795
0.0185383
0.014892
0.0118596
0.00936296
0.00732765
0.00568477
0.00437168
0.00333243
0.00251792
0.00188576
0.00139987
0.00102998
0.000751091
0.000542786
0.000388623
0.000275515
0.000193159
0.000133515
9.0354e-05
5.88478e-05
3.52232e-05
1.64557e-05
0
0
1.51725e-05
3.24766e-05
5.42591e-05
8.33086e-05
0.000123104
0.000178097
0.000254032
0.00035832
0.000500462
0.000692525
0.000949669
0.00129071
0.00173872
0.00232159
0.00307258
0.0040308
0.0052415
0.00675628
0.00863289
0.0109349
0.0137308
0.0170928
0.0210955
0.0258131
0.0313176
0.0376753
0.0449438
0.0531685
0.0623791
0.0725863
0.0837784
0.0959192
0.108945
0.122766
0.137262
0.152287
0.167669
0.183213
0.198707
0.213924
0.228629
0.242584
0.255553
0.267314
0.277656
0.286393
0.293364
0.29844
0.301524
0.302558
0.301524
0.29844
0.293364
0.286393
0.277656
0.267314
0.255553
0.242584
0.228629
0.213924
0.198707
0.183213
0.167669
0.152287
0.137262
0.122766
0.108945
0.0959192
0.0837784
0.0725863
0.0623791
0.0531685
0.0449438
0.0376753
0.0313176
0.0258131
0.0210955
0.0170928
0.0137308
0.0109349
0.00863289
0.00675628
0.0052415
0.0040308
0.00307258
0.00232159
0.00173872
0.00129071
0.000949669
0.000692525
0.000500462
0.00035832
0.000254032
0.000178097
0.000123104
8.33086e-05
5.42591e-05
3.24766e-05
1.51725e-05
0
0
1.38852e-05
2.97212e-05
4.96556e-05
7.62404e-05
0.00011266
0.000162987
0.000232479
0.000327919
0.000458001
0.000633769
0.000869095
0.0011812
0.0015912
0.00212462
0.00281189
0.00368881
0.00479679
0.00618305
0.00790044
0.0100071
0.0125658
0.0156426
0.0193057
0.023623
0.0286605
0.0344788
0.0411306
0.0486575
0.0570866
0.0664278
0.0766703
0.087781
0.0997021
0.11235
0.125616
0.139366
0.153443
0.167669
0.181848
0.195774
0.209231
0.222002
0.233871
0.244634
0.254099
0.262095
0.268474
0.273119
0.275941
0.276888
0.275941
0.273119
0.268474
0.262095
0.254099
0.244634
0.233871
0.222002
0.209231
0.195774
0.181848
0.167669
0.153443
0.139366
0.125616
0.11235
0.0997021
0.087781
0.0766703
0.0664278
0.0570866
0.0486575
0.0411306
0.0344788
0.0286605
0.023623
0.0193057
0.0156426
0.0125658
0.0100071
0.00790044
0.00618305
0.00479679
0.00368881
0.00281189
0.00212462
0.0015912
0.0011812
0.000869095
0.000633769
0.000458001
0.000327919
0.000232479
0.000162987
0.00011266
7.62404e-05
4.96556e-05
2.97212e-05
1.38852e-05
0
0
1.26114e-05
2.69946e-05
4.51002e-05
6.92462e-05
0.000102324
0.000148034
0.000211152
0.000297836
0.000415985
0.000575627
0.000789365
0.00107284
0.00144523
0.00192971
0.00255393
0.0033504
0.00435674
0.00561582
0.00717566
0.00908907
0.011413
0.0142076
0.0175346
0.0214559
0.0260312
0.0313157
0.0373573
0.0441937
0.0518495
0.0603337
0.0696367
0.0797281
0.0905555
0.102043
0.114092
0.126581
0.139366
0.152287
0.165166
0.177814
0.190037
0.201636
0.212416
0.222191
0.230788
0.23805
0.243845
0.248063
0.250626
0.251486
0.250626
0.248063
0.243845
0.23805
0.230788
0.222191
0.212416
0.201636
0.190037
0.177814
0.165166
0.152287
0.139366
0.126581
0.114092
0.102043
0.0905555
0.0797281
0.0696367
0.0603337
0.0518495
0.0441937
0.0373573
0.0313157
0.0260312
0.0214559
0.0175346
0.0142076
0.011413
0.00908907
0.00717566
0.00561582
0.00435674
0.0033504
0.00255393
0.00192971
0.00144523
0.00107284
0.000789365
0.000575627
0.000415985
0.000297836
0.000211152
0.000148034
0.000102324
6.92462e-05
4.51002e-05
2.69946e-05
1.26114e-05
0
0
1.13671e-05
2.43313e-05
4.06506e-05
6.24143e-05
9.22289e-05
0.000133429
0.000190319
0.000268451
0.000374943
0.000518835
0.000711485
0.000966993
0.00130264
0.00173932
0.00230196
0.00301984
0.0039269
0.00506176
0.0064677
0.00819233
0.010287
0.0128058
0.0158046
0.019339
0.0234629
0.0282261
0.0336716
0.0398335
0.046734
0.0543811
0.0627662
0.071862
0.0816212
0.0919755
0.102836
0.114092
0.125616
0.137262
0.14887
0.160271
0.171287
0.181742
0.191459
0.20027
0.208018
0.214564
0.219787
0.223589
0.225899
0.226674
0.225899
0.223589
0.219787
0.214564
0.208018
0.20027
0.191459
0.181742
0.171287
0.160271
0.14887
0.137262
0.125616
0.114092
0.102836
0.0919755
0.0816212
0.071862
0.0627662
0.0543811
0.046734
0.0398335
0.0336716
0.0282261
0.0234629
0.019339
0.0158046
0.0128058
0.010287
0.00819233
0.0064677
0.00506176
0.0039269
0.00301984
0.00230196
0.00173932
0.00130264
0.000966993
0.000711485
0.000518835
0.000374943
0.000268451
0.000190319
0.000133429
9.22289e-05
6.24143e-05
4.06506e-05
2.43313e-05
1.13671e-05
0
0
1.01667e-05
2.17617e-05
3.63576e-05
5.58228e-05
8.24888e-05
0.000119338
0.00017022
0.000240101
0.000335346
0.000464042
0.000636347
0.000864871
0.00116507
0.00155563
0.00205885
0.00270092
0.00351219
0.0045272
0.00578466
0.00732716
0.0092006
0.0114534
0.0141355
0.0172967
0.0209851
0.0252452
0.0301156
0.0356267
0.0417985
0.0486381
0.0561376
0.0642728
0.0730013
0.0822622
0.0919755
0.102043
0.11235
0.122766
0.133148
0.143345
0.153198
0.162549
0.171239
0.17912
0.18605
0.191904
0.196575
0.199976
0.202043
0.202736
0.202043
0.199976
0.196575
0.191904
0.18605
0.17912
0.171239
0.162549
0.153198
0.143345
0.133148
0.122766
0.11235
0.102043
0.0919755
0.0822622
0.0730013
0.0642728
0.0561376
0.0486381
0.0417985
0.0356267
0.0301156
0.0252452
0.0209851
0.0172967
0.0141355
0.0114534
0.0092006
0.00732716
0.00578466
0.0045272
0.00351219
0.00270092
0.00205885
0.00155563
0.00116507
0.000864871
0.000636347
0.000464042
0.000335346
0.000240101
0.00017022
0.000119338
8.24888e-05
5.58228e-05
3.63576e-05
2.17617e-05
1.01667e-05
0
0
9.02215e-06
1.93118e-05
3.22645e-05
4.95384e-05
7.32024e-05
0.000105903
0.000151057
0.000213071
0.000297594
0.000411801
0.000564709
0.000767506
0.00103391
0.0013805
0.00182707
0.00239686
0.00311679
0.00401754
0.00513344
0.00650228
0.00816482
0.010164
0.0125442
0.0153494
0.0186226
0.0224031
0.0267253
0.031616
0.037093
0.0431625
0.0498178
0.0570371
0.064783
0.0730013
0.0816212
0.0905555
0.0997021
0.108945
0.118159
0.127208
0.135951
0.144249
0.151962
0.158955
0.165105
0.1703
0.174445
0.177463
0.179297
0.179912
0.179297
0.177463
0.174445
0.1703
0.165105
0.158955
0.151962
0.144249
0.135951
0.127208
0.118159
0.108945
0.0997021
0.0905555
0.0816212
0.0730013
0.064783
0.0570371
0.0498178
0.0431625
0.037093
0.031616
0.0267253
0.0224031
0.0186226
0.0153494
0.0125442
0.010164
0.00816482
0.00650228
0.00513344
0.00401754
0.00311679
0.00239686
0.00182707
0.0013805
0.00103391
0.000767506
0.000564709
0.000411801
0.000297594
0.000213071
0.000151057
0.000105903
7.32024e-05
4.95384e-05
3.22645e-05
1.93118e-05
9.02215e-06
0
0
7.9434e-06
1.70028e-05
2.84068e-05
4.36153e-05
6.44499e-05
9.32407e-05
0.000132996
0.000187595
0.000262011
0.000362564
0.000497188
0.000675738
0.000910288
0.00121544
0.00160861
0.00211028
0.00274413
0.00353717
0.00451965
0.00572483
0.00718858
0.00894875
0.0110443
0.0135142
0.016396
0.0197245
0.0235298
0.0278358
0.0326579
0.0380017
0.0438613
0.0502174
0.0570371
0.0642728
0.071862
0.0797281
0.087781
0.0959192
0.104031
0.111998
0.119696
0.127002
0.133792
0.139949
0.145364
0.149938
0.153588
0.156245
0.157859
0.158401
0.157859
0.156245
0.153588
0.149938
0.145364
0.139949
0.133792
0.127002
0.119696
0.111998
0.104031
0.0959192
0.087781
0.0797281
0.071862
0.0642728
0.0570371
0.0502174
0.0438613
0.0380017
0.0326579
0.0278358
0.0235298
0.0197245
0.016396
0.0135142
0.0110443
0.00894875
0.00718858
0.00572483
0.00451965
0.00353717
0.00274413
0.00211028
0.00160861
0.00121544
0.000910288
0.000675738
0.000497188
0.000362564
0.000262011
0.000187595
0.000132996
9.32407e-05
6.44499e-05
4.36153e-05
2.84068e-05
1.70028e-05
7.9434e-06
0
0
6.93798e-06
1.48507e-05
2.48112e-05
3.80948e-05
5.62923e-05
8.14389e-05
0.000116162
0.00016385
0.000228848
0.000316673
0.000434258
0.000590208
0.000795071
0.0010616
0.00140501
0.00184317
0.0023968
0.00308946
0.00394759
0.00500022
0.0062787
0.00781608
0.00964639
0.0118036
0.0143207
0.0172279
0.0205516
0.0243125
0.0285243
0.0331917
0.0383096
0.0438613
0.0498178
0.0561376
0.0627662
0.0696367
0.0766703
0.0837784
0.0908635
0.0978219
0.104546
0.110927
0.116858
0.122235
0.126965
0.13096
0.134148
0.136468
0.137879
0.138352
0.137879
0.136468
0.134148
0.13096
0.126965
0.122235
0.116858
0.110927
0.104546
0.0978219
0.0908635
0.0837784
0.0766703
0.0696367
0.0627662
0.0561376
0.0498178
0.0438613
0.0383096
0.0331917
0.0285243
0.0243125
0.0205516
0.0172279
0.0143207
0.0118036
0.00964639
0.00781608
0.0062787
0.00500022
0.00394759
0.00308946
0.0023968
0.00184317
0.00140501
0.0010616
0.000795071
0.000590208
0.000434258
0.000316673
0.000228848
0.00016385
0.000116162
8.14389e-05
5.62923e-05
3.80948e-05
2.48112e-05
1.48507e-05
6.93798e-06
0
0
6.01112e-06
1.28667e-05
2.14966e-05
3.30056e-05
4.87721e-05
7.05593e-05
0.000100644
0.000141961
0.000198276
0.000274368
0.000376244
0.000511361
0.000688855
0.000919778
0.00121731
0.00159694
0.0020766
0.00267673
0.00342022
0.00433223
0.00543992
0.00677192
0.00835771
0.0102268
0.0124076
0.0149264
0.017806
0.0210645
0.0247137
0.0287576
0.0331917
0.0380017
0.0431625
0.0486381
0.0543811
0.0603337
0.0664278
0.0725863
0.0787248
0.0847536
0.0905794
0.0961079
0.101246
0.105906
0.110003
0.113465
0.116227
0.118237
0.119459
0.119869
0.119459
0.118237
0.116227
0.113465
0.110003
0.105906
0.101246
0.0961079
0.0905794
0.0847536
0.0787248
0.0725863
0.0664278
0.0603337
0.0543811
0.0486381
0.0431625
0.0380017
0.0331917
0.0287576
0.0247137
0.0210645
0.017806
0.0149264
0.0124076
0.0102268
0.00835771
0.00677192
0.00543992
0.00433223
0.00342022
0.00267673
0.0020766
0.00159694
0.00121731
0.000919778
0.000688855
0.000511361
0.000376244
0.000274368
0.000198276
0.000141961
0.000100644
7.05593e-05
4.87721e-05
3.30056e-05
2.14966e-05
1.28667e-05
6.01112e-06
0
0
5.16583e-06
1.10574e-05
1.84738e-05
2.83643e-05
4.19137e-05
6.06372e-05
8.6491e-05
0.000121998
0.000170394
0.000235786
0.000323336
0.000439453
0.000591988
0.000790438
0.00104613
0.00137238
0.00178459
0.00230033
0.00293926
0.00372303
0.00467495
0.00581964
0.00718244
0.00878867
0.0106628
0.0128274
0.0153021
0.0181024
0.0212384
0.0247137
0.0285243
0.0326579
0.037093
0.0417985
0.046734
0.0518495
0.0570866
0.0623791
0.0676545
0.0728355
0.077842
0.0825931
0.0870089
0.0910131
0.0945344
0.0975091
0.0998826
0.101611
0.102661
0.103013
0.102661
0.101611
0.0998826
0.0975091
0.0945344
0.0910131
0.0870089
0.0825931
0.077842
0.0728355
0.0676545
0.0623791
0.0570866
0.0518495
0.046734
0.0417985
0.037093
0.0326579
0.0285243
0.0247137
0.0212384
0.0181024
0.0153021
0.0128274
0.0106628
0.00878867
0.00718244
0.00581964
0.00467495
0.00372303
0.00293926
0.00230033
0.00178459
0.00137238
0.00104613
0.000790438
0.000591988
0.000439453
0.000323336
0.000235786
0.000170394
0.000121998
8.6491e-05
6.06372e-05
4.19137e-05
2.83643e-05
1.84738e-05
1.10574e-05
5.16583e-06
0
0
4.40307e-06
9.42472e-06
1.5746e-05
2.41762e-05
3.57249e-05
5.16838e-05
7.37201e-05
0.000103985
0.000145234
0.000200971
0.000275594
0.000374565
0.000504577
0.000673725
0.000891663
0.00116974
0.00152108
0.00196067
0.00250526
0.0031733
0.00398467
0.00496034
0.00612191
0.00749097
0.00908837
0.0109334
0.0130427
0.0154295
0.0181024
0.0210645
0.0243125
0.0278358
0.031616
0.0356267
0.0398335
0.0441937
0.0486575
0.0531685
0.0576649
0.0620809
0.0663482
0.0703978
0.0741616
0.0775745
0.0805758
0.0831114
0.0851344
0.0866072
0.0875022
0.0878024
0.0875022
0.0866072
0.0851344
0.0831114
0.0805758
0.0775745
0.0741616
0.0703978
0.0663482
0.0620809
0.0576649
0.0531685
0.0486575
0.0441937
0.0398335
0.0356267
0.031616
0.0278358
0.0243125
0.0210645
0.0181024
0.0154295
0.0130427
0.0109334
0.00908837
0.00749097
0.00612191
0.00496034
0.00398467
0.0031733
0.00250526
0.00196067
0.00152108
0.00116974
0.000891663
0.000673725
0.000504577
0.000374565
0.000275594
0.000200971
0.000145234
0.000103985
7.37201e-05
5.16838e-05
3.57249e-05
2.41762e-05
1.5746e-05
9.42472e-06
4.40307e-06
0
0
3.72195e-06
7.9668e-06
1.33102e-05
2.04363e-05
3.01986e-05
4.36887e-05
6.23163e-05
8.78991e-05
0.000122768
0.000169882
0.000232962
0.000316623
0.000426524
0.000569506
0.000753731
0.000988789
0.00128579
0.00165737
0.00211772
0.00268242
0.00336827
0.00419302
0.0051749
0.00633218
0.00768248
0.00924208
0.0110251
0.0130427
0.0153021
0.017806
0.0205516
0.0235298
0.0267253
0.0301156
0.0336716
0.0373573
0.0411306
0.0449438
0.0487446
0.0524775
0.0560847
0.0595078
0.0626894
0.0655744
0.0681115
0.0702548
0.0719648
0.0732098
0.0739663
0.0742201
0.0739663
0.0732098
0.0719648
0.0702548
0.0681115
0.0655744
0.0626894
0.0595078
0.0560847
0.0524775
0.0487446
0.0449438
0.0411306
0.0373573
0.0336716
0.0301156
0.0267253
0.0235298
0.0205516
0.017806
0.0153021
0.0130427
0.0110251
0.00924208
0.00768248
0.00633218
0.0051749
0.00419302
0.00336827
0.00268242
0.00211772
0.00165737
0.00128579
0.000988789
0.000753731
0.000569506
0.000426524
0.000316623
0.000232962
0.000169882
0.000122768
8.78991e-05
6.23163e-05
4.36887e-05
3.01986e-05
2.04363e-05
1.33102e-05
7.9668e-06
3.72195e-06
0
0
3.12002e-06
6.67838e-06
1.11577e-05
1.71313e-05
2.53147e-05
3.66232e-05
5.22382e-05
7.36837e-05
0.000102913
0.000142408
0.000195286
0.000265418
0.000357545
0.000477403
0.000631834
0.000828878
0.00107784
0.00138934
0.00177524
0.00224861
0.00282354
0.00351491
0.004338
0.00530812
0.00644004
0.00774741
0.00924208
0.0109334
0.0128274
0.0149264
0.0172279
0.0197245
0.0224031
0.0252452
0.0282261
0.0313157
0.0344788
0.0376753
0.0408615
0.0439907
0.0470145
0.049884
0.052551
0.0549694
0.0570962
0.0588929
0.0603264
0.06137
0.0620042
0.0622169
0.0620042
0.06137
0.0603264
0.0588929
0.0570962
0.0549694
0.052551
0.049884
0.0470145
0.0439907
0.0408615
0.0376753
0.0344788
0.0313157
0.0282261
0.0252452
0.0224031
0.0197245
0.0172279
0.0149264
0.0128274
0.0109334
0.00924208
0.00774741
0.00644004
0.00530812
0.004338
0.00351491
0.00282354
0.00224861
0.00177524
0.00138934
0.00107784
0.000828878
0.000631834
0.000477403
0.000357545
0.000265418
0.000195286
0.000142408
0.000102913
7.36837e-05
5.22382e-05
3.66232e-05
2.53147e-05
1.71313e-05
1.11577e-05
6.67838e-06
3.12002e-06
0
0
2.59352e-06
5.5514e-06
9.27481e-06
1.42404e-05
2.10429e-05
3.04431e-05
4.34231e-05
6.12496e-05
8.55467e-05
0.000118377
0.000162332
0.000220628
0.000297209
0.000396842
0.000525213
0.000689006
0.000895958
0.00115489
0.00147567
0.00186916
0.00234707
0.00292177
0.00360596
0.00441237
0.00535329
0.00644004
0.00768248
0.00908837
0.0106628
0.0124076
0.0143207
0.016396
0.0186226
0.0209851
0.0234629
0.0260312
0.0286605
0.0313176
0.0339661
0.0365673
0.0390808
0.0414661
0.0436831
0.0456934
0.0474613
0.0489547
0.0501463
0.0510139
0.051541
0.0517179
0.051541
0.0510139
0.0501463
0.0489547
0.0474613
0.0456934
0.0436831
0.0414661
0.0390808
0.0365673
0.0339661
0.0313176
0.0286605
0.0260312
0.0234629
0.0209851
0.0186226
0.016396
0.0143207
0.0124076
0.0106628
0.00908837
0.00768248
0.00644004
0.00535329
0.00441237
0.00360596
0.00292177
0.00234707
0.00186916
0.00147567
0.00115489
0.000895958
0.000689006
0.000525213
0.000396842
0.000297209
0.000220628
0.000162332
0.000118377
8.55467e-05
6.12496e-05
4.34231e-05
3.04431e-05
2.10429e-05
1.42404e-05
9.27481e-06
5.5514e-06
2.59352e-06
0
0
2.13767e-06
4.57567e-06
7.64463e-06
1.17375e-05
1.73443e-05
2.50923e-05
3.57909e-05
5.04842e-05
7.05107e-05
9.75707e-05
0.0001338
0.00018185
0.000244971
0.000327091
0.000432899
0.000567904
0.000738482
0.0009519
0.0012163
0.00154063
0.00193454
0.00240823
0.00297217
0.00363684
0.00441237
0.00530812
0.00633218
0.00749097
0.00878867
0.0102268
0.0118036
0.0135142
0.0153494
0.0172967
0.019339
0.0214559
0.023623
0.0258131
0.0279961
0.0301401
0.0322118
0.0341779
0.0360052
0.0376621
0.0391193
0.0403503
0.0413325
0.0420475
0.042482
0.0426278
0.042482
0.0420475
0.0413325
0.0403503
0.0391193
0.0376621
0.0360052
0.0341779
0.0322118
0.0301401
0.0279961
0.0258131
0.023623
0.0214559
0.019339
0.0172967
0.0153494
0.0135142
0.0118036
0.0102268
0.00878867
0.00749097
0.00633218
0.00530812
0.00441237
0.00363684
0.00297217
0.00240823
0.00193454
0.00154063
0.0012163
0.0009519
0.000738482
0.000567904
0.000432899
0.000327091
0.000244971
0.00018185
0.0001338
9.75707e-05
7.05107e-05
5.04842e-05
3.57909e-05
2.50923e-05
1.73443e-05
1.17375e-05
7.64463e-06
4.57567e-06
2.13767e-06
0
0
1.74699e-06
3.73941e-06
6.24749e-06
9.5923e-06
1.41744e-05
2.05064e-05
2.92497e-05
4.12576e-05
5.76241e-05
7.97385e-05
0.000109346
0.000148615
0.000200199
0.000267312
0.000353782
0.000464113
0.000603516
0.000777929
0.000994005
0.00125906
0.00158098
0.0019681
0.00242897
0.00297217
0.00360596
0.004338
0.0051749
0.00612191
0.00718244
0.00835771
0.00964639
0.0110443
0.0125442
0.0141355
0.0158046
0.0175346
0.0193057
0.0210955
0.0228795
0.0246316
0.0263248
0.0279315
0.0294248
0.030779
0.0319698
0.0329758
0.0337785
0.0343628
0.0347179
0.0348371
0.0347179
0.0343628
0.0337785
0.0329758
0.0319698
0.030779
0.0294248
0.0279315
0.0263248
0.0246316
0.0228795
0.0210955
0.0193057
0.0175346
0.0158046
0.0141355
0.0125442
0.0110443
0.00964639
0.00835771
0.00718244
0.00612191
0.0051749
0.004338
0.00360596
0.00297217
0.00242897
0.0019681
0.00158098
0.00125906
0.000994005
0.000777929
0.000603516
0.000464113
0.000353782
0.000267312
0.000200199
0.000148615
0.000109346
7.97385e-05
5.76241e-05
4.12576e-05
2.92497e-05
2.05064e-05
1.41744e-05
9.5923e-06
6.24749e-06
3.73941e-06
1.74699e-06
0
0
1.41552e-06
3.0299e-06
5.06209e-06
7.77226e-06
1.1485e-05
1.66155e-05
2.36999e-05
3.34294e-05
4.66905e-05
6.46089e-05
8.85991e-05
0.000120417
0.000162214
0.000216592
0.000286655
0.000376052
0.000489005
0.000630325
0.000805403
0.00102017
0.00128101
0.00159467
0.0019681
0.00240823
0.00292177
0.00351491
0.00419302
0.00496034
0.00581964
0.00677192
0.00781608
0.00894875
0.010164
0.0114534
0.0128058
0.0142076
0.0156426
0.0170928
0.0185383
0.019958
0.0213299
0.0226318
0.0238418
0.024939
0.0259039
0.026719
0.0273693
0.0278428
0.0281306
0.0282271
0.0281306
0.0278428
0.0273693
0.026719
0.0259039
0.024939
0.0238418
0.0226318
0.0213299
0.019958
0.0185383
0.0170928
0.0156426
0.0142076
0.0128058
0.0114534
0.010164
0.00894875
0.00781608
0.00677192
0.00581964
0.00496034
0.00419302
0.00351491
0.00292177
0.00240823
0.0019681
0.00159467
0.00128101
0.00102017
0.000805403
0.000630325
0.000489005
0.000376052
0.000286655
0.000216592
0.000162214
0.000120417
8.85991e-05
6.46089e-05
4.66905e-05
3.34294e-05
2.36999e-05
1.66155e-05
1.1485e-05
7.77226e-06
5.06209e-06
3.0299e-06
1.41552e-06
0
0
1.13709e-06
2.43393e-06
4.0664e-06
6.2435e-06
9.22595e-06
1.33473e-05
1.90382e-05
2.6854e-05
3.75067e-05
5.19007e-05
7.11721e-05
9.67314e-05
0.000130307
0.00017399
0.000230272
0.000302085
0.00039282
0.000506343
0.000646984
0.000819505
0.00102904
0.00128101
0.00158098
0.00193454
0.00234707
0.00282354
0.00336827
0.00398467
0.00467495
0.00543992
0.0062787
0.00718858
0.00816482
0.0092006
0.010287
0.011413
0.0125658
0.0137308
0.014892
0.0160324
0.0171344
0.0181802
0.0191522
0.0200336
0.0208087
0.0214635
0.0219859
0.0223663
0.0225974
0.022675
0.0225974
0.0223663
0.0219859
0.0214635
0.0208087
0.0200336
0.0191522
0.0181802
0.0171344
0.0160324
0.014892
0.0137308
0.0125658
0.011413
0.010287
0.0092006
0.00816482
0.00718858
0.0062787
0.00543992
0.00467495
0.00398467
0.00336827
0.00282354
0.00234707
0.00193454
0.00158098
0.00128101
0.00102904
0.000819505
0.000646984
0.000506343
0.00039282
0.000302085
0.000230272
0.00017399
0.000130307
9.67314e-05
7.11721e-05
5.19007e-05
3.75067e-05
2.6854e-05
1.90382e-05
1.33473e-05
9.22595e-06
6.2435e-06
4.0664e-06
2.43393e-06
1.13709e-06
0
0
9.05555e-07
1.93833e-06
3.2384e-06
4.97218e-06
7.34734e-06
1.06295e-05
1.51616e-05
2.1386e-05
2.98695e-05
4.13326e-05
5.66799e-05
7.70348e-05
0.000103774
0.000138561
0.000183383
0.000240574
0.000312833
0.000403241
0.000515244
0.000652636
0.000819505
0.00102017
0.00125906
0.00154063
0.00186916
0.00224861
0.00268242
0.0031733
0.00372303
0.00433223
0.00500022
0.00572483
0.00650228
0.00732716
0.00819233
0.00908907
0.0100071
0.0109349
0.0118596
0.0127678
0.0136455
0.0144783
0.0152524
0.0159543
0.0165716
0.0170931
0.0175091
0.017812
0.0179961
0.0180578
0.0179961
0.017812
0.0175091
0.0170931
0.0165716
0.0159543
0.0152524
0.0144783
0.0136455
0.0127678
0.0118596
0.0109349
0.0100071
0.00908907
0.00819233
0.00732716
0.00650228
0.00572483
0.00500022
0.00433223
0.00372303
0.0031733
0.00268242
0.00224861
0.00186916
0.00154063
0.00125906
0.00102017
0.000819505
0.000652636
0.000515244
0.000403241
0.000312833
0.000240574
0.000183383
0.000138561
0.000103774
7.70348e-05
5.66799e-05
4.13326e-05
2.98695e-05
2.1386e-05
1.51616e-05
1.06295e-05
7.34734e-06
4.97218e-06
3.2384e-06
1.93833e-06
9.05555e-07
0
0
7.1492e-07
1.53028e-06
2.55666e-06
3.92545e-06
5.8006e-06
8.39182e-06
1.19698e-05
1.68838e-05
2.35815e-05
3.26313e-05
4.47478e-05
6.08176e-05
8.19275e-05
0.000109392
0.000144778
0.000189929
0.000246976
0.000318351
0.000406776
0.000515244
0.000646984
0.000805403
0.000994005
0.0012163
0.00147567
0.00177524
0.00211772
0.00250526
0.00293926
0.00342022
0.00394759
0.00451965
0.00513344
0.00578466
0.0064677
0.00717566
0.00790044
0.00863289
0.00936296
0.01008
0.0107729
0.0114304
0.0120415
0.0125957
0.013083
0.0134947
0.0138231
0.0140623
0.0142076
0.0142563
0.0142076
0.0140623
0.0138231
0.0134947
0.013083
0.0125957
0.0120415
0.0114304
0.0107729
0.01008
0.00936296
0.00863289
0.00790044
0.00717566
0.0064677
0.00578466
0.00513344
0.00451965
0.00394759
0.00342022
0.00293926
0.00250526
0.00211772
0.00177524
0.00147567
0.0012163
0.000994005
0.000805403
0.000646984
0.000515244
0.000406776
0.000318351
0.000246976
0.000189929
0.000144778
0.000109392
8.19275e-05
6.08176e-05
4.47478e-05
3.26313e-05
2.35815e-05
1.68838e-05
1.19698e-05
8.39182e-06
5.8006e-06
3.92545e-06
2.55666e-06
1.53028e-06
7.1492e-07
0
0
5.59511e-07
1.19763e-06
2.00089e-06
3.07214e-06
4.53967e-06
6.56761e-06
9.36784e-06
1.32136e-05
1.84553e-05
2.5538e-05
3.50206e-05
4.75971e-05
6.41182e-05
8.56123e-05
0.000113306
0.000148642
0.000193289
0.000249149
0.000318351
0.000403241
0.000506343
0.000630325
0.000777929
0.0009519
0.00115489
0.00138934
0.00165737
0.00196067
0.00230033
0.00267673
0.00308946
0.00353717
0.00401754
0.0045272
0.00506176
0.00561582
0.00618305
0.00675628
0.00732765
0.00788881
0.00843107
0.00894566
0.00942393
0.00985762
0.010239
0.0105612
0.0108183
0.0110054
0.0111192
0.0111573
0.0111192
0.0110054
0.0108183
0.0105612
0.010239
0.00985762
0.00942393
0.00894566
0.00843107
0.00788881
0.00732765
0.00675628
0.00618305
0.00561582
0.00506176
0.0045272
0.00401754
0.00353717
0.00308946
0.00267673
0.00230033
0.00196067
0.00165737
0.00138934
0.00115489
0.0009519
0.000777929
0.000630325
0.000506343
0.000403241
0.000318351
0.000249149
0.000193289
0.000148642
0.000113306
8.56123e-05
6.41182e-05
4.75971e-05
3.50206e-05
2.5538e-05
1.84553e-05
1.32136e-05
9.36784e-06
6.56761e-06
4.53967e-06
3.07214e-06
2.00089e-06
1.19763e-06
5.59511e-07
0
0
4.34067e-07
9.29117e-07
1.55229e-06
2.38336e-06
3.52186e-06
5.09514e-06
7.26755e-06
1.02511e-05
1.43176e-05
1.98123e-05
2.71689e-05
3.69257e-05
4.97427e-05
6.64178e-05
8.79027e-05
0.000115316
0.000149953
0.000193289
0.000246976
0.000312833
0.00039282
0.000489005
0.000603516
0.000738482
0.000895958
0.00107784
0.00128579
0.00152108
0.00178459
0.0020766
0.0023968
0.00274413
0.00311679
0.00351219
0.0039269
0.00435674
0.00479679
0.0052415
0.00568477
0.00612012
0.0065408
0.00694002
0.00731106
0.00764752
0.0079434
0.00819336
0.00839279
0.00853799
0.00862622
0.00865581
0.00862622
0.00853799
0.00839279
0.00819336
0.0079434
0.00764752
0.00731106
0.00694002
0.0065408
0.00612012
0.00568477
0.0052415
0.00479679
0.00435674
0.0039269
0.00351219
0.00311679
0.00274413
0.0023968
0.0020766
0.00178459
0.00152108
0.00128579
0.00107784
0.000895958
0.000738482
0.000603516
0.000489005
0.00039282
0.000312833
0.000246976
0.000193289
0.000149953
0.000115316
8.79027e-05
6.64178e-05
4.97427e-05
3.69257e-05
2.71689e-05
1.98123e-05
1.43176e-05
1.02511e-05
7.26755e-06
5.09514e-06
3.52186e-06
2.38336e-06
1.55229e-06
9.29117e-07
4.34067e-07
0
0
3.33804e-07
7.14505e-07
1.19373e-06
1.83284e-06
2.70837e-06
3.91824e-06
5.58885e-06
7.88326e-06
1.10105e-05
1.5236e-05
2.08933e-05
2.83964e-05
3.82529e-05
5.10763e-05
6.75985e-05
8.86798e-05
0.000115316
0.000148642
0.000189929
0.000240574
0.000302085
0.000376052
0.000464113
0.000567904
0.000689006
0.000828878
0.000988789
0.00116974
0.00137238
0.00159694
0.00184317
0.00211028
0.00239686
0.00270092
0.00301984
0.0033504
0.00368881
0.0040308
0.00437168
0.00470646
0.00502997
0.00533698
0.00562232
0.00588106
0.0061086
0.00630082
0.00645419
0.00656584
0.00663369
0.00665645
0.00663369
0.00656584
0.00645419
0.00630082
0.0061086
0.00588106
0.00562232
0.00533698
0.00502997
0.00470646
0.00437168
0.0040308
0.00368881
0.0033504
0.00301984
0.00270092
0.00239686
0.00211028
0.00184317
0.00159694
0.00137238
0.00116974
0.000988789
0.000828878
0.000689006
0.000567904
0.000464113
0.000376052
0.000302085
0.000240574
0.000189929
0.000148642
0.000115316
8.86798e-05
6.75985e-05
5.10763e-05
3.82529e-05
2.83964e-05
2.08933e-05
1.5236e-05
1.10105e-05
7.88326e-06
5.58885e-06
3.91824e-06
2.70837e-06
1.83284e-06
1.19373e-06
7.14505e-07
3.33804e-07
0
0
2.54451e-07
5.4465e-07
9.09954e-07
1.39713e-06
2.06452e-06
2.98678e-06
4.26025e-06
6.00922e-06
8.39301e-06
1.1614e-05
1.59264e-05
2.16459e-05
2.91593e-05
3.89343e-05
5.15288e-05
6.75985e-05
8.79027e-05
0.000113306
0.000144778
0.000183383
0.000230272
0.000286655
0.000353782
0.000432899
0.000525213
0.000631834
0.000753731
0.000891663
0.00104613
0.00121731
0.00140501
0.00160861
0.00182707
0.00205885
0.00230196
0.00255393
0.00281189
0.00307258
0.00333243
0.00358762
0.00383423
0.00406825
0.00428576
0.00448299
0.00465644
0.00480296
0.00491987
0.00500499
0.00505671
0.00507406
0.00505671
0.00500499
0.00491987
0.00480296
0.00465644
0.00448299
0.00428576
0.00406825
0.00383423
0.00358762
0.00333243
0.00307258
0.00281189
0.00255393
0.00230196
0.00205885
0.00182707
0.00160861
0.00140501
0.00121731
0.00104613
0.000891663
0.000753731
0.000631834
0.000525213
0.000432899
0.000353782
0.000286655
0.000230272
0.000183383
0.000144778
0.000113306
8.79027e-05
6.75985e-05
5.15288e-05
3.89343e-05
2.91593e-05
2.16459e-05
1.59264e-05
1.1614e-05
8.39301e-06
6.00922e-06
4.26025e-06
2.98678e-06
2.06452e-06
1.39713e-06
9.09954e-07
5.4465e-07
2.54451e-07
0
0
1.92259e-07
4.11528e-07
6.87546e-07
1.05565e-06
1.55992e-06
2.25676e-06
3.21897e-06
4.54046e-06
6.34162e-06
8.77535e-06
1.20337e-05
1.63553e-05
2.20323e-05
2.94181e-05
3.89343e-05
5.10763e-05
6.64178e-05
8.56123e-05
0.000109392
0.000138561
0.00017399
0.000216592
0.000267312
0.000327091
0.000396842
0.000477403
0.000569506
0.000673725
0.000790438
0.000919778
0.0010616
0.00121544
0.0013805
0.00155563
0.00173932
0.00192971
0.00212462
0.00232159
0.00251792
0.00271075
0.00289708
0.0030739
0.00323825
0.00338727
0.00351833
0.00362904
0.00371737
0.00378168
0.00382076
0.00383387
0.00382076
0.00378168
0.00371737
0.00362904
0.00351833
0.00338727
0.00323825
0.0030739
0.00289708
0.00271075
0.00251792
0.00232159
0.00212462
0.00192971
0.00173932
0.00155563
0.0013805
0.00121544
0.0010616
0.000919778
0.000790438
0.000673725
0.000569506
0.000477403
0.000396842
0.000327091
0.000267312
0.000216592
0.00017399
0.000138561
0.000109392
8.56123e-05
6.64178e-05
5.10763e-05
3.89343e-05
2.94181e-05
2.20323e-05
1.63553e-05
1.20337e-05
8.77535e-06
6.34162e-06
4.54046e-06
3.21897e-06
2.25676e-06
1.55992e-06
1.05565e-06
6.87546e-07
4.11528e-07
1.92259e-07
0
0
1.4399e-07
3.08208e-07
5.14928e-07
7.90612e-07
1.16828e-06
1.69017e-06
2.41081e-06
3.40052e-06
4.74947e-06
6.57217e-06
9.01251e-06
1.22491e-05
1.65007e-05
2.20323e-05
2.91593e-05
3.82529e-05
4.97427e-05
6.41182e-05
8.19275e-05
0.000103774
0.000130307
0.000162214
0.000200199
0.000244971
0.000297209
0.000357545
0.000426524
0.000504577
0.000591988
0.000688855
0.000795071
0.000910288
0.00103391
0.00116507
0.00130264
0.00144523
0.0015912
0.00173872
0.00188576
0.00203018
0.00216973
0.00230216
0.00242524
0.00253685
0.002635
0.00271792
0.00278407
0.00283224
0.00286151
0.00287132
0.00286151
0.00283224
0.00278407
0.00271792
0.002635
0.00253685
0.00242524
0.00230216
0.00216973
0.00203018
0.00188576
0.00173872
0.0015912
0.00144523
0.00130264
0.00116507
0.00103391
0.000910288
0.000795071
0.000688855
0.000591988
0.000504577
0.000426524
0.000357545
0.000297209
0.000244971
0.000200199
0.000162214
0.000130307
0.000103774
8.19275e-05
6.41182e-05
4.97427e-05
3.82529e-05
2.91593e-05
2.20323e-05
1.65007e-05
1.22491e-05
9.01251e-06
6.57217e-06
4.74947e-06
3.40052e-06
2.41081e-06
1.69017e-06
1.16828e-06
7.90612e-07
5.14928e-07
3.08208e-07
1.4399e-07
0
0
1.06888e-07
2.28794e-07
3.82249e-07
5.86899e-07
8.67254e-07
1.25467e-06
1.78962e-06
2.52432e-06
3.52569e-06
4.87875e-06
6.69029e-06
9.09291e-06
1.22491e-05
1.63553e-05
2.16459e-05
2.83964e-05
3.69257e-05
4.75971e-05
6.08176e-05
7.70348e-05
9.67314e-05
0.000120417
0.000148615
0.00018185
0.000220628
0.000265418
0.000316623
0.000374565
0.000439453
0.000511361
0.000590208
0.000675738
0.000767506
0.000864871
0.000966993
0.00107284
0.0011812
0.00129071
0.00139987
0.00150707
0.00161066
0.00170897
0.00180034
0.00188319
0.00195605
0.0020176
0.00206671
0.00210247
0.00212419
0.00213148
0.00212419
0.00210247
0.00206671
0.0020176
0.00195605
0.00188319
0.00180034
0.00170897
0.00161066
0.00150707
0.00139987
0.00129071
0.0011812
0.00107284
0.000966993
0.000864871
0.000767506
0.000675738
0.000590208
0.000511361
0.000439453
0.000374565
0.000316623
0.000265418
0.000220628
0.00018185
0.000148615
0.000120417
9.67314e-05
7.70348e-05
6.08176e-05
4.75971e-05
3.69257e-05
2.83964e-05
2.16459e-05
1.63553e-05
1.22491e-05
9.09291e-06
6.69029e-06
4.87875e-06
3.52569e-06
2.52432e-06
1.78962e-06
1.25467e-06
8.67254e-07
5.86899e-07
3.82249e-07
2.28794e-07
1.06888e-07
0
0
7.86454e-08
1.6834e-07
2.81247e-07
4.31823e-07
6.381e-07
9.2315e-07
1.31675e-06
1.85732e-06
2.5941e-06
3.58964e-06
4.92252e-06
6.69029e-06
9.01251e-06
1.20337e-05
1.59264e-05
2.08933e-05
2.71689e-05
3.50206e-05
4.47478e-05
5.66799e-05
7.11721e-05
8.85991e-05
0.000109346
0.0001338
0.000162332
0.000195286
0.000232962
0.000275594
0.000323336
0.000376244
0.000434258
0.000497188
0.000564709
0.000636347
0.000711485
0.000789365
0.000869095
0.000949669
0.00102998
0.00110886
0.00118508
0.00125741
0.00132464
0.0013856
0.00143921
0.00148449
0.00152063
0.00154693
0.00156292
0.00156828
0.00156292
0.00154693
0.00152063
0.00148449
0.00143921
0.0013856
0.00132464
0.00125741
0.00118508
0.00110886
0.00102998
0.000949669
0.000869095
0.000789365
0.000711485
0.000636347
0.000564709
0.000497188
0.000434258
0.000376244
0.000323336
0.000275594
0.000232962
0.000195286
0.000162332
0.0001338
0.000109346
8.85991e-05
7.11721e-05
5.66799e-05
4.47478e-05
3.50206e-05
2.71689e-05
2.08933e-05
1.59264e-05
1.20337e-05
9.01251e-06
6.69029e-06
4.92252e-06
3.58964e-06
2.5941e-06
1.85732e-06
1.31675e-06
9.2315e-07
6.381e-07
4.31823e-07
2.81247e-07
1.6834e-07
7.86454e-08
0
0
5.73504e-08
1.22758e-07
2.05093e-07
3.14897e-07
4.6532e-07
6.73187e-07
9.60213e-07
1.35441e-06
1.89169e-06
2.61767e-06
3.58964e-06
4.87875e-06
6.57217e-06
8.77535e-06
1.1614e-05
1.5236e-05
1.98123e-05
2.5538e-05
3.26313e-05
4.13326e-05
5.19007e-05
6.46089e-05
7.97385e-05
9.75707e-05
0.000118377
0.000142408
0.000169882
0.000200971
0.000235786
0.000274368
0.000316673
0.000362564
0.000411801
0.000464042
0.000518835
0.000575627
0.000633769
0.000692525
0.000751091
0.00080861
0.000864192
0.000916938
0.000965962
0.00101042
0.00104951
0.00108253
0.00110888
0.00112807
0.00113972
0.00114364
0.00113972
0.00112807
0.00110888
0.00108253
0.00104951
0.00101042
0.000965962
0.000916938
0.000864192
0.00080861
0.000751091
0.000692525
0.000633769
0.000575627
0.000518835
0.000464042
0.000411801
0.000362564
0.000316673
0.000274368
0.000235786
0.000200971
0.000169882
0.000142408
0.000118377
9.75707e-05
7.97385e-05
6.46089e-05
5.19007e-05
4.13326e-05
3.26313e-05
2.5538e-05
1.98123e-05
1.5236e-05
1.1614e-05
8.77535e-06
6.57217e-06
4.87875e-06
3.58964e-06
2.61767e-06
1.89169e-06
1.35441e-06
9.60213e-07
6.73187e-07
4.6532e-07
3.14897e-07
2.05093e-07
1.22758e-07
5.73504e-08
0
0
4.1445e-08
8.87127e-08
1.48213e-07
2.27565e-07
3.3627e-07
4.86487e-07
6.9391e-07
9.78783e-07
1.36706e-06
1.89169e-06
2.5941e-06
3.52569e-06
4.74947e-06
6.34162e-06
8.39301e-06
1.10105e-05
1.43176e-05
1.84553e-05
2.35815e-05
2.98695e-05
3.75067e-05
4.66905e-05
5.76241e-05
7.05107e-05
8.55467e-05
0.000102913
0.000122768
0.000145234
0.000170394
0.000198276
0.000228848
0.000262011
0.000297594
0.000335346
0.000374943
0.000415985
0.000458001
0.000500462
0.000542786
0.000584353
0.00062452
0.000662638
0.000698066
0.00073019
0.000758442
0.000782308
0.00080135
0.000815213
0.000823637
0.000826463
0.000823637
0.000815213
0.00080135
0.000782308
0.000758442
0.00073019
0.000698066
0.000662638
0.00062452
0.000584353
0.000542786
0.000500462
0.000458001
0.000415985
0.000374943
0.000335346
0.000297594
0.000262011
0.000228848
0.000198276
0.000170394
0.000145234
0.000122768
0.000102913
8.55467e-05
7.05107e-05
5.76241e-05
4.66905e-05
3.75067e-05
2.98695e-05
2.35815e-05
1.84553e-05
1.43176e-05
1.10105e-05
8.39301e-06
6.34162e-06
4.74947e-06
3.52569e-06
2.5941e-06
1.89169e-06
1.36706e-06
9.78783e-07
6.9391e-07
4.86487e-07
3.3627e-07
2.27565e-07
1.48213e-07
8.87127e-08
4.1445e-08
0
0
2.96738e-08
6.35164e-08
1.06118e-07
1.62931e-07
2.40762e-07
3.48314e-07
4.96825e-07
7.00788e-07
9.78783e-07
1.35441e-06
1.85732e-06
2.52432e-06
3.40052e-06
4.54046e-06
6.00922e-06
7.88326e-06
1.02511e-05
1.32136e-05
1.68838e-05
2.1386e-05
2.6854e-05
3.34294e-05
4.12576e-05
5.04842e-05
6.12496e-05
7.36837e-05
8.78991e-05
0.000103985
0.000121998
0.000141961
0.00016385
0.000187595
0.000213071
0.000240101
0.000268451
0.000297836
0.000327919
0.00035832
0.000388623
0.000418384
0.000447143
0.000474434
0.0004998
0.000522801
0.000543028
0.000560116
0.000573749
0.000583675
0.000589707
0.00059173
0.000589707
0.000583675
0.000573749
0.000560116
0.000543028
0.000522801
0.0004998
0.000474434
0.000447143
0.000418384
0.000388623
0.00035832
0.000327919
0.000297836
0.000268451
0.000240101
0.000213071
0.000187595
0.00016385
0.000141961
0.000121998
0.000103985
8.78991e-05
7.36837e-05
6.12496e-05
5.04842e-05
4.12576e-05
3.34294e-05
2.6854e-05
2.1386e-05
1.68838e-05
1.32136e-05
1.02511e-05
7.88326e-06
6.00922e-06
4.54046e-06
3.40052e-06
2.52432e-06
1.85732e-06
1.35441e-06
9.78783e-07
7.00788e-07
4.96825e-07
3.48314e-07
2.40762e-07
1.62931e-07
1.06118e-07
6.35164e-08
2.96738e-08
0
0
2.10373e-08
4.50301e-08
7.52324e-08
1.15511e-07
1.70689e-07
2.46938e-07
3.52225e-07
4.96825e-07
6.9391e-07
9.60213e-07
1.31675e-06
1.78962e-06
2.41081e-06
3.21897e-06
4.26025e-06
5.58885e-06
7.26755e-06
9.36784e-06
1.19698e-05
1.51616e-05
1.90382e-05
2.36999e-05
2.92497e-05
3.57909e-05
4.34231e-05
5.22382e-05
6.23163e-05
7.37201e-05
8.6491e-05
0.000100644
0.000116162
0.000132996
0.000151057
0.00017022
0.000190319
0.000211152
0.000232479
0.000254032
0.000275515
0.000296615
0.000317003
0.000336351
0.000354334
0.000370641
0.000384981
0.000397095
0.000406761
0.000413798
0.000418074
0.000419508
0.000418074
0.000413798
0.000406761
0.000397095
0.000384981
0.000370641
0.000354334
0.000336351
0.000317003
0.000296615
0.000275515
0.000254032
0.000232479
0.000211152
0.000190319
0.00017022
0.000151057
0.000132996
0.000116162
0.000100644
8.6491e-05
7.37201e-05
6.23163e-05
5.22382e-05
4.34231e-05
3.57909e-05
2.92497e-05
2.36999e-05
1.90382e-05
1.51616e-05
1.19698e-05
9.36784e-06
7.26755e-06
5.58885e-06
4.26025e-06
3.21897e-06
2.41081e-06
1.78962e-06
1.31675e-06
9.60213e-07
6.9391e-07
4.96825e-07
3.52225e-07
2.46938e-07
1.70689e-07
1.15511e-07
7.52324e-08
4.50301e-08
2.10373e-08
0
0
1.47488e-08
3.15697e-08
5.2744e-08
8.09823e-08
1.19667e-07
1.73124e-07
2.46938e-07
3.48314e-07
4.86487e-07
6.73187e-07
9.2315e-07
1.25467e-06
1.69017e-06
2.25676e-06
2.98678e-06
3.91824e-06
5.09514e-06
6.56761e-06
8.39182e-06
1.06295e-05
1.33473e-05
1.66155e-05
2.05064e-05
2.50923e-05
3.04431e-05
3.66232e-05
4.36887e-05
5.16838e-05
6.06372e-05
7.05593e-05
8.14389e-05
9.32407e-05
0.000105903
0.000119338
0.000133429
0.000148034
0.000162987
0.000178097
0.000193159
0.000207951
0.000222245
0.000235809
0.000248417
0.000259849
0.000269903
0.000278396
0.000285172
0.000290106
0.000293104
0.000294109
0.000293104
0.000290106
0.000285172
0.000278396
0.000269903
0.000259849
0.000248417
0.000235809
0.000222245
0.000207951
0.000193159
0.000178097
0.000162987
0.000148034
0.000133429
0.000119338
0.000105903
9.32407e-05
8.14389e-05
7.05593e-05
6.06372e-05
5.16838e-05
4.36887e-05
3.66232e-05
3.04431e-05
2.50923e-05
2.05064e-05
1.66155e-05
1.33473e-05
1.06295e-05
8.39182e-06
6.56761e-06
5.09514e-06
3.91824e-06
2.98678e-06
2.25676e-06
1.69017e-06
1.25467e-06
9.2315e-07
6.73187e-07
4.86487e-07
3.48314e-07
2.46938e-07
1.73124e-07
1.19667e-07
8.09823e-08
5.2744e-08
3.15697e-08
1.47488e-08
0
0
1.01947e-08
2.18216e-08
3.64577e-08
5.59766e-08
8.2716e-08
1.19667e-07
1.70689e-07
2.40762e-07
3.3627e-07
4.6532e-07
6.381e-07
8.67254e-07
1.16828e-06
1.55992e-06
2.06452e-06
2.70837e-06
3.52186e-06
4.53967e-06
5.8006e-06
7.34734e-06
9.22595e-06
1.1485e-05
1.41744e-05
1.73443e-05
2.10429e-05
2.53147e-05
3.01986e-05
3.57249e-05
4.19137e-05
4.87721e-05
5.62923e-05
6.44499e-05
7.32024e-05
8.24888e-05
9.22289e-05
0.000102324
0.00011266
0.000123104
0.000133515
0.00014374
0.00015362
0.000162996
0.000171711
0.000179613
0.000186562
0.000192433
0.000197117
0.000200527
0.000202599
0.000203294
0.000202599
0.000200527
0.000197117
0.000192433
0.000186562
0.000179613
0.000171711
0.000162996
0.00015362
0.00014374
0.000133515
0.000123104
0.00011266
0.000102324
9.22289e-05
8.24888e-05
7.32024e-05
6.44499e-05
5.62923e-05
4.87721e-05
4.19137e-05
3.57249e-05
3.01986e-05
2.53147e-05
2.10429e-05
1.73443e-05
1.41744e-05
1.1485e-05
9.22595e-06
7.34734e-06
5.8006e-06
4.53967e-06
3.52186e-06
2.70837e-06
2.06452e-06
1.55992e-06
1.16828e-06
8.67254e-07
6.381e-07
4.6532e-07
3.3627e-07
2.40762e-07
1.70689e-07
1.19667e-07
8.2716e-08
5.59766e-08
3.64577e-08
2.18216e-08
1.01947e-08
0
0
6.89908e-09
1.47674e-08
2.46721e-08
3.78812e-08
5.59766e-08
8.09823e-08
1.15511e-07
1.62931e-07
2.27565e-07
3.14897e-07
4.31823e-07
5.86899e-07
7.90612e-07
1.05565e-06
1.39713e-06
1.83284e-06
2.38336e-06
3.07214e-06
3.92545e-06
4.97218e-06
6.2435e-06
7.77226e-06
9.5923e-06
1.17375e-05
1.42404e-05
1.71313e-05
2.04363e-05
2.41762e-05
2.83643e-05
3.30056e-05
3.80948e-05
4.36153e-05
4.95384e-05
5.58228e-05
6.24143e-05
6.92462e-05
7.62404e-05
8.33086e-05
9.0354e-05
9.72734e-05
0.00010396
0.000110305
0.000116202
0.00012155
0.000126253
0.000130226
0.000133395
0.000135703
0.000137105
0.000137576
0.000137105
0.000135703
0.000133395
0.000130226
0.000126253
0.00012155
0.000116202
0.000110305
0.00010396
9.72734e-05
9.0354e-05
8.33086e-05
7.62404e-05
6.92462e-05
6.24143e-05
5.58228e-05
4.95384e-05
4.36153e-05
3.80948e-05
3.30056e-05
2.83643e-05
2.41762e-05
2.04363e-05
1.71313e-05
1.42404e-05
1.17375e-05
9.5923e-06
7.77226e-06
6.2435e-06
4.97218e-06
3.92545e-06
3.07214e-06
2.38336e-06
1.83284e-06
1.39713e-06
1.05565e-06
7.90612e-07
5.86899e-07
4.31823e-07
3.14897e-07
2.27565e-07
1.62931e-07
1.15511e-07
8.09823e-08
5.59766e-08
3.78812e-08
2.46721e-08
1.47674e-08
6.89908e-09
0
0
4.49339e-09
9.61805e-09
1.6069e-08
2.46721e-08
3.64577e-08
5.2744e-08
7.52324e-08
1.06118e-07
1.48213e-07
2.05093e-07
2.81247e-07
3.82249e-07
5.14928e-07
6.87546e-07
9.09954e-07
1.19373e-06
1.55229e-06
2.00089e-06
2.55666e-06
3.2384e-06
4.0664e-06
5.06209e-06
6.24749e-06
7.64463e-06
9.27481e-06
1.11577e-05
1.33102e-05
1.5746e-05
1.84738e-05
2.14966e-05
2.48112e-05
2.84068e-05
3.22645e-05
3.63576e-05
4.06506e-05
4.51002e-05
4.96556e-05
5.42591e-05
5.88478e-05
6.33544e-05
6.77092e-05
7.18419e-05
7.56829e-05
7.91658e-05
8.22287e-05
8.48163e-05
8.68808e-05
8.83838e-05
8.92971e-05
8.96035e-05
8.92971e-05
8.83838e-05
8.68808e-05
8.48163e-05
8.22287e-05
7.91658e-05
7.56829e-05
7.18419e-05
6.77092e-05
6.33544e-05
5.88478e-05
5.42591e-05
4.96556e-05
4.51002e-05
4.06506e-05
3.63576e-05
3.22645e-05
2.84068e-05
2.48112e-05
2.14966e-05
1.84738e-05
1.5746e-05
1.33102e-05
1.11577e-05
9.27481e-06
7.64463e-06
6.24749e-06
5.06209e-06
4.0664e-06
3.2384e-06
2.55666e-06
2.00089e-06
1.55229e-06
1.19373e-06
9.09954e-07
6.87546e-07
5.14928e-07
3.82249e-07
2.81247e-07
2.05093e-07
1.48213e-07
1.06118e-07
7.52324e-08
5.2744e-08
3.64577e-08
2.46721e-08
1.6069e-08
9.61805e-09
4.49339e-09
0
0
2.6895e-09
5.75685e-09
9.61805e-09
1.47674e-08
2.18216e-08
3.15697e-08
4.50301e-08
6.35164e-08
8.87127e-08
1.22758e-07
1.6834e-07
2.28794e-07
3.08208e-07
4.11528e-07
5.4465e-07
7.14505e-07
9.29117e-07
1.19763e-06
1.53028e-06
1.93833e-06
2.43393e-06
3.0299e-06
3.73941e-06
4.57567e-06
5.5514e-06
6.67838e-06
7.9668e-06
9.42472e-06
1.10574e-05
1.28667e-05
1.48507e-05
1.70028e-05
1.93118e-05
2.17617e-05
2.43313e-05
2.69946e-05
2.97212e-05
3.24766e-05
3.52232e-05
3.79206e-05
4.05271e-05
4.30007e-05
4.52997e-05
4.73844e-05
4.92177e-05
5.07665e-05
5.20022e-05
5.29018e-05
5.34485e-05
5.36319e-05
5.34485e-05
5.29018e-05
5.20022e-05
5.07665e-05
4.92177e-05
4.73844e-05
4.52997e-05
4.30007e-05
4.05271e-05
3.79206e-05
3.52232e-05
3.24766e-05
2.97212e-05
2.69946e-05
2.43313e-05
2.17617e-05
1.93118e-05
1.70028e-05
1.48507e-05
1.28667e-05
1.10574e-05
9.42472e-06
7.9668e-06
6.67838e-06
5.5514e-06
4.57567e-06
3.73941e-06
3.0299e-06
2.43393e-06
1.93833e-06
1.53028e-06
1.19763e-06
9.29117e-07
7.14505e-07
5.4465e-07
4.11528e-07
3.08208e-07
2.28794e-07
1.6834e-07
1.22758e-07
8.87127e-08
6.35164e-08
4.50301e-08
3.15697e-08
2.18216e-08
1.47674e-08
9.61805e-09
5.75685e-09
2.6895e-09
0
0
1.25649e-09
2.6895e-09
4.49339e-09
6.89908e-09
1.01947e-08
1.47488e-08
2.10373e-08
2.96738e-08
4.1445e-08
5.73504e-08
7.86454e-08
1.06888e-07
1.4399e-07
1.92259e-07
2.54451e-07
3.33804e-07
4.34067e-07
5.59511e-07
7.1492e-07
9.05555e-07
1.13709e-06
1.41552e-06
1.74699e-06
2.13767e-06
2.59352e-06
3.12002e-06
3.72195e-06
4.40307e-06
5.16583e-06
6.01112e-06
6.93798e-06
7.9434e-06
9.02215e-06
1.01667e-05
1.13671e-05
1.26114e-05
1.38852e-05
1.51725e-05
1.64557e-05
1.77158e-05
1.89336e-05
2.00892e-05
2.11633e-05
2.21372e-05
2.29937e-05
2.37172e-05
2.42945e-05
2.47148e-05
2.49702e-05
2.50559e-05
2.49702e-05
2.47148e-05
2.42945e-05
2.37172e-05
2.29937e-05
2.21372e-05
2.11633e-05
2.00892e-05
1.89336e-05
1.77158e-05
1.64557e-05
1.51725e-05
1.38852e-05
1.26114e-05
1.13671e-05
1.01667e-05
9.02215e-06
7.9434e-06
6.93798e-06
6.01112e-06
5.16583e-06
4.40307e-06
3.72195e-06
3.12002e-06
2.59352e-06
2.13767e-06
1.74699e-06
1.41552e-06
1.13709e-06
9.05555e-07
7.1492e-07
5.59511e-07
4.34067e-07
3.33804e-07
2.54451e-07
1.92259e-07
1.4399e-07
1.06888e-07
7.86454e-08
5.73504e-08
4.1445e-08
2.96738e-08
2.10373e-08
1.47488e-08
1.01947e-08
6.89908e-09
4.49339e-09
2.6895e-09
1.25649e-09
0
0
0
0
0
0
0
0
0
0
0
0
0
0
0
0
0
0
0
0
0
0
0
0
0
0
0
0
0
0
0
0
0
0
0
0
0
0
0
0
0
0
0
0
0
0
0
0
0
0
0
0
0
0
0
0
0
0
0
0
0
0
0
0
0
0
0
0
0
0
0
0
0
0
0
0
0
0
0
0
0
0
0
0
0
0
0
0
0
0
0
0
0
0
0
0
0
0
0
0
0
0
