# x u(x,t)
0.000000000000000000e+00 1.210126052099066984e-10
1.220703125000000000e-04 1.161709861337636984e-10
2.441406250000000000e-04 1.115165392754496887e-10
3.662109375000000000e-04 1.070422763014416967e-10
4.882812500000000000e-04 1.027414050103897525e-10
6.103515625000000000e-04 9.860738419374681651e-11
7.324218750000000000e-04 9.463408051982313829e-11
8.544921875000000000e-04 9.081552090201006067e-11
9.765625000000000000e-04 8.714574721568890681e-11
1.098632812500000000e-03 8.361931112810250255e-11
1.220703125000000000e-03 8.023071573423634639e-11
1.342773437500000000e-03 7.697483189045284391e-11
1.464843750000000000e-03 7.384665925633249195e-11
1.586914062500000000e-03 7.084131285056693983e-11
1.708984375000000000e-03 6.795416833405010237e-11
1.831054687500000000e-03 6.518071282365922592e-11
1.953125000000000000e-03 6.251665417983387485e-11
2.075195312500000000e-03 5.995785378604123750e-11
2.197265625000000000e-03 5.750032394669091218e-11
2.319335937500000000e-03 5.514011990059852764e-11
2.441406250000000000e-03 5.287360133054974654e-11
2.563476562500000000e-03 5.069717128741713097e-11
2.685546875000000000e-03 4.860725884292538268e-11
2.807617187500000000e-03 4.660062266625963900e-11
2.929687500000000000e-03 4.467416801073875732e-11
3.051757812500000000e-03 4.282469778099651236e-11
3.173828125000000000e-03 4.104918401720558663e-11
3.295898437500000000e-03 3.934492835699909818e-11
3.417968750000000000e-03 3.770908758859992105e-11
3.540039062500000000e-03 3.613903100385673639e-11
3.662109375000000000e-03 3.463211835363910751e-11
3.784179687500000000e-03 3.318600862861620371e-11
3.906250000000000000e-03 3.179828015481556136e-11
4.028320312500000000e-03 3.046678100776523124e-11
4.150390625000000000e-03 2.918907216625798995e-11
4.272460937500000000e-03 2.796323068932071720e-11
4.394531250000000000e-03 2.678727378802037151e-11
4.516601562500000000e-03 2.565912586571794662e-11
4.638671875000000000e-03 2.457681801126820886e-11
4.760742187500000000e-03 2.353873346239154785e-11
4.882812500000000000e-03 2.254316178174065044e-11
5.004882812500000000e-03 2.158819477349194216e-11
5.126953125000000000e-03 2.067248976167501695e-11
5.249023437500000000e-03 1.979432069643127790e-11
5.371093750000000000e-03 1.895221479752962068e-11
5.493164062500000000e-03 1.814485020568135099e-11
5.615234375000000000e-03 1.737064485307637796e-11
5.737304687500000000e-03 1.662852841533002390e-11
5.859375000000000000e-03 1.591699862191209291e-11
5.981445312500000000e-03 1.523510831380470165e-11
6.103515625000000000e-03 1.458125807596299950e-11
6.225585937500000000e-03 1.395474187593226389e-11
6.347656250000000000e-03 1.335417887382561730e-11
6.469726562500000000e-03 1.277870170790507132e-11
6.591796875000000000e-03 1.222714811344172148e-11
6.713867187500000000e-03 1.169872011763661845e-11
6.835937500000000000e-03 1.119232657942337283e-11
6.958007812500000000e-03 1.070724238438902631e-11
7.080078125000000000e-03 1.024237812619066545e-11
7.202148437500000000e-03 9.797255021148920662e-12
7.324218750000000000e-03 9.370670905894940006e-12
7.446289062500000000e-03 8.962202507900585147e-12
7.568359375000000000e-03 8.570835013932409652e-12
7.690429687500000000e-03 8.196094844481471853e-12
7.812500000000000000e-03 7.837199639260106210e-12
7.934570312500000000e-03 7.493594286756000145e-12
8.056640625000000000e-03 7.164425303018973068e-12
8.178710937500000000e-03 6.849345743353829619e-12
8.300781250000000000e-03 6.547758862884833775e-12
8.422851562500000000e-03 6.258979445838974698e-12
8.544921875000000000e-03 5.982450645980463833e-12
8.666992187500000000e-03 5.717856743636673400e-12
8.789062500000000000e-03 5.464569768909299796e-12
8.911132812500000000e-03 5.222162979823252726e-12
9.033203125000000000e-03 4.990122898229643056e-12
9.155273437500000000e-03 4.768095640539371516e-12
9.277343750000000000e-03 4.555595484179164600e-12
9.399414062500000000e-03 4.352369159521529696e-12
9.521484375000000000e-03 4.157785227221211244e-12
9.643554687500000000e-03 3.971739603869650637e-12
9.765625000000000000e-03 3.793704933530150925e-12
9.887695312500000000e-03 3.623441824363027308e-12
1.000976562500000000e-02 3.460537412180997308e-12
1.013183593750000000e-02 3.304786999613895659e-12
1.025390625000000000e-02 3.155826294731767234e-12
1.037597656250000000e-02 3.013363863990647928e-12
1.049804687500000000e-02 2.876983373756303308e-12
1.062011718750000000e-02 2.746681354581781420e-12
1.074218750000000000e-02 2.622211475733493558e-12
1.086425781250000000e-02 2.503004747911319328e-12
1.098632812500000000e-02 2.389224235122000550e-12
1.110839843750000000e-02 2.280464012072158653e-12
1.123046875000000000e-02 2.176387542407454134e-12
1.135253906250000000e-02 2.076949723317511598e-12
1.147460937500000000e-02 1.981959735219973595e-12
1.159667968750000000e-02 1.891077572313548671e-12
1.171875000000000000e-02 1.804393440218987621e-12
1.184082031250000000e-02 1.721327941295314190e-12
1.196289062500000000e-02 1.642134345170020993e-12
1.208496093750000000e-02 1.566431012678393131e-12
1.220703125000000000e-02 1.494186718797863023e-12
1.232910156250000000e-02 1.425075335514947028e-12
1.245117187500000000e-02 1.359065637807077565e-12
1.257324218750000000e-02 1.295963336644945230e-12
1.269531250000000000e-02 1.235865576543204725e-12
1.281738281250000000e-02 1.178297043269438404e-12
1.293945312500000000e-02 1.123434678618195903e-12
1.306152343750000000e-02 1.071042560196744375e-12
1.318359375000000000e-02 1.020940276763582233e-12
1.330566406250000000e-02 9.731590533412770583e-13
1.342773437500000000e-02 9.275635814987026606e-13
1.354980468750000000e-02 8.840463083803484778e-13
1.367187500000000000e-02 8.425100894715598088e-13
1.379394531250000000e-02 8.027363496143635757e-13
1.391601562500000000e-02 7.648257027703664335e-13
1.403808593750000000e-02 7.287850878334722893e-13
1.416015625000000000e-02 6.943473573883807148e-13
1.428222656250000000e-02 6.613667946631096584e-13
1.440429687500000000e-02 6.300029942174489861e-13
1.452636718750000000e-02 6.000859531507529709e-13
1.464843750000000000e-02 5.715011797136071436e-13
1.477050781250000000e-02 5.441931627547802464e-13
1.489257812500000000e-02 5.182243523194074442e-13
1.501464843750000000e-02 4.934663788702664533e-13
1.513671875000000000e-02 4.698463840213662479e-13
1.525878906250000000e-02 4.473019177275716629e-13
1.538085937500000000e-02 4.257393049211799507e-13
1.550292968750000000e-02 4.052036484125665083e-13
1.562500000000000000e-02 3.856602537322117996e-13
1.574707031250000000e-02 3.670640180697404276e-13
1.586914062500000000e-02 3.492657552062183868e-13
1.599121093750000000e-02 3.323522013154445176e-13
1.611328125000000000e-02 3.162400896705719333e-13
1.623535156250000000e-02 3.008669702264654688e-13
1.635742187500000000e-02 2.862085568544614489e-13
1.647949218750000000e-02 2.721434189112414970e-13
1.660156250000000000e-02 2.589317649182021341e-13
1.672363281250000000e-02 2.461815473697726020e-13
1.684570312500000000e-02 2.341390969995416071e-13
1.696777343750000000e-02 2.227211470806622629e-13
1.708984375000000000e-02 2.117230002429693059e-13
1.721191406250000000e-02 2.012036370846459477e-13
1.733398437500000000e-02 1.913157132715781472e-13
1.745605468750000000e-02 1.817712647067537546e-13
1.757812500000000000e-02 1.727853971011938938e-13
1.770019531250000000e-02 1.642158631298684668e-13
1.782226562500000000e-02 1.560036821945942620e-13
1.794433593750000000e-02 1.482529377039298879e-13
1.806640625000000000e-02 1.408317906737011072e-13
1.818847656250000000e-02 1.337992217020911312e-13
1.831054687500000000e-02 1.270997196378687022e-13
1.843261718750000000e-02 1.206257316255232581e-13
1.855468750000000000e-02 1.145333827778927116e-13
1.867675781250000000e-02 1.087602230498418976e-13
1.879882812500000000e-02 1.032854357596590944e-13
1.892089843750000000e-02 9.799105971097787915e-14
1.904296875000000000e-02 9.307138393310765423e-14
1.916503906250000000e-02 8.833211939673901725e-14
1.928710937500000000e-02 8.376632720796806097e-14
1.940917968750000000e-02 7.953360192658465166e-14
1.953125000000000000e-02 7.540496005375985078e-14
1.965332031250000000e-02 7.152611836147571012e-14
1.977539062500000000e-02 6.776523786555799234e-14
1.989746093750000000e-02 6.433742427702782152e-14
2.001953125000000000e-02 6.107614414219142418e-14
2.014160156250000000e-02 5.782180290125893407e-14
2.026367187500000000e-02 5.481032294696319696e-14
2.038574218750000000e-02 5.197231534026514055e-14
2.050781250000000000e-02 4.928696339945304317e-14
2.062988281250000000e-02 4.664324482206438915e-14
2.075195312500000000e-02 4.421463195569685922e-14
2.087402343750000000e-02 4.186928581617621603e-14
2.099609375000000000e-02 3.972516759986888246e-14
2.111816406250000000e-02 3.755329380794591998e-14
2.124023437500000000e-02 3.549938121238938038e-14
2.136230468750000000e-02 3.359812428271879980e-14
2.148437500000000000e-02 3.176625629208729151e-14
2.160644531250000000e-02 3.003153281611048442e-14
2.172851562500000000e-02 2.841477053650010021e-14
2.185058593750000000e-02 2.681882493860143768e-14
2.197265625000000000e-02 2.543104615781999200e-14
2.209472656250000000e-02 2.409183963436589693e-14
2.221679687500000000e-02 2.272487753529617294e-14
2.233886718750000000e-02 2.134403764841863449e-14
2.246093750000000000e-02 2.026157019940910686e-14
2.258300781250000000e-02 1.902644708451362021e-14
2.270507812500000000e-02 1.798561299892753595e-14
2.282714843750000000e-02 1.700029006457270953e-14
2.294921875000000000e-02 1.604272270583351201e-14
2.307128906250000000e-02 1.509903313490212895e-14
2.319335937500000000e-02 1.416922135177856035e-14
2.331542968750000000e-02 1.337818744673313631e-14
2.343750000000000000e-02 1.265654248072678456e-14
2.355957031250000000e-02 1.185163078787354607e-14
2.368164062500000000e-02 1.115080250357891600e-14
2.380371093750000000e-02 1.042221864366865702e-14
2.392578125000000000e-02 9.894862706971707667e-15
2.404785156250000000e-02 9.235667786100520971e-15
2.416992187500000000e-02 8.715250743307478842e-15
2.429199218750000000e-02 8.097689185859735517e-15
2.441406250000000000e-02 7.632783294297951215e-15
2.453613281250000000e-02 7.126244039312723544e-15
2.465820312500000000e-02 6.564193633096238045e-15
2.478027343750000000e-02 6.279698983036041682e-15
2.490234375000000000e-02 5.911937606128958578e-15
2.502441406250000000e-02 5.488665077990617647e-15
2.514648437500000000e-02 5.072331443756183944e-15
2.526855468750000000e-02 4.753142324176451439e-15
2.539062500000000000e-02 4.343747583845924964e-15
2.551269531250000000e-02 4.031497358170099687e-15
2.563476562500000000e-02 3.629041511743480442e-15
2.575683593750000000e-02 3.420874694626263590e-15
2.587890625000000000e-02 3.157196726277788912e-15
2.600097656250000000e-02 2.969846590872293746e-15
2.612304687500000000e-02 2.720046410331633524e-15
2.624511718750000000e-02 2.484124017598787759e-15
2.636718750000000000e-02 2.275957200481570908e-15
2.648925781250000000e-02 1.998401444325281773e-15
2.661132812500000000e-02 1.797173521111972150e-15
2.673339843750000000e-02 1.700029006457270953e-15
2.685546875000000000e-02 1.561251128379126385e-15
2.697753906250000000e-02 1.366962099069723990e-15
2.709960937500000000e-02 1.179611963664228824e-15
2.722167968750000000e-02 1.075528555105620399e-15
2.734375000000000000e-02 8.951173136040324607e-16
2.746582031250000000e-02 7.979727989493312634e-16
2.758789062500000000e-02 6.314393452555577824e-16
2.770996093750000000e-02 5.759281940242999553e-16
2.783203125000000000e-02 4.996003610813204432e-16
2.795410156250000000e-02 3.053113317719180486e-16
2.807617187500000000e-02 1.665334536937734811e-16
2.819824218750000000e-02 1.665334536937734811e-16
2.832031250000000000e-02 9.714451465470119729e-17
2.844238281250000000e-02 -4.163336342344337027e-17
2.856445312500000000e-02 -1.873501354054951662e-16
2.868652343750000000e-02 -1.873501354054951662e-16
2.880859375000000000e-02 -2.706168622523819067e-16
2.893066406250000000e-02 -3.816391647148975608e-16
2.905273437500000000e-02 -3.885780586188047891e-16
2.917480468750000000e-02 -4.232725281383409310e-16
2.929687500000000000e-02 -4.926614671774132148e-16
2.941894531250000000e-02 -5.134781488891348999e-16
2.954101562500000000e-02 -6.245004513516505540e-16
2.966308593750000000e-02 -7.077671781985372945e-16
2.978515625000000000e-02 -7.355227538141662080e-16
2.990722656250000000e-02 -6.869504964868156094e-16
3.002929687500000000e-02 -8.604228440844963188e-16
3.015136718750000000e-02 -8.812395257962180040e-16
3.027343750000000000e-02 -8.951173136040324607e-16
3.039550781250000000e-02 -9.714451465470119729e-16
3.051757812500000000e-02 -1.054711873393898713e-15
3.063964843750000000e-02 -9.159339953157541458e-16
3.076171875000000000e-02 -9.020562075079396891e-16
3.088378906250000000e-02 -9.992007221626408864e-16
3.100585937500000000e-02 -1.040834085586084257e-15
3.112792968750000000e-02 -1.089406342913434855e-15
3.125000000000000000e-02 -1.026956297778269800e-15
3.137207031250000000e-02 -1.061650767297805942e-15
3.149414062500000000e-02 -1.103284130721249312e-15
3.161621093750000000e-02 -1.165734175856414367e-15
3.173828125000000000e-02 -1.179611963664228824e-15
3.186035156250000000e-02 -1.103284130721249312e-15
3.198242187500000000e-02 -1.124100812432970997e-15
3.210449218750000000e-02 -1.200428645375950509e-15
3.222656250000000000e-02 -1.207367539279857738e-15
3.234863281250000000e-02 -1.207367539279857738e-15
3.247070312500000000e-02 -1.325328735646280620e-15
3.259277343750000000e-02 -1.242062008799393880e-15
3.271484375000000000e-02 -1.186550857568136053e-15
3.283691406250000000e-02 -1.221245327087672194e-15
3.295898437500000000e-02 -1.311450947838466163e-15
3.308105468750000000e-02 -1.235123114895486651e-15
3.320312500000000000e-02 -1.311450947838466163e-15
3.332519531250000000e-02 -1.394717674685352904e-15
3.344726562500000000e-02 -1.401656568589260132e-15
3.356933593750000000e-02 -1.373900992973631219e-15
3.369140625000000000e-02 -1.360023205165816762e-15
3.381347656250000000e-02 -1.353084311261909534e-15
3.393554687500000000e-02 -1.401656568589260132e-15
3.405761718750000000e-02 -1.394717674685352904e-15
3.417968750000000000e-02 -1.387778780781445676e-15
3.430175781250000000e-02 -1.394717674685352904e-15
3.442382812500000000e-02 -1.450228825916610731e-15
3.454589843750000000e-02 -1.360023205165816762e-15
3.466796875000000000e-02 -1.387778780781445676e-15
3.479003906250000000e-02 -1.353084311261909534e-15
3.491210937500000000e-02 -1.366962099069723990e-15
3.503417968750000000e-02 -1.464106613724425188e-15
3.515625000000000000e-02 -1.429412144204889046e-15
3.527832031250000000e-02 -1.387778780781445676e-15
3.540039062500000000e-02 -1.408595462493167361e-15
3.552246093750000000e-02 -1.498801083243961330e-15
3.564453125000000000e-02 -1.325328735646280620e-15
3.576660156250000000e-02 -1.394717674685352904e-15
3.588867187500000000e-02 -1.408595462493167361e-15
3.601074218750000000e-02 -1.450228825916610731e-15
3.613281250000000000e-02 -1.408595462493167361e-15
3.625488281250000000e-02 -1.401656568589260132e-15
3.637695312500000000e-02 -1.477984401532239644e-15
3.649902343750000000e-02 -1.408595462493167361e-15
3.662109375000000000e-02 -1.387778780781445676e-15
3.674316406250000000e-02 -1.429412144204889046e-15
3.686523437500000000e-02 -1.471045507628332416e-15
3.698730468750000000e-02 -1.429412144204889046e-15
3.710937500000000000e-02 -1.450228825916610731e-15
3.723144531250000000e-02 -1.387778780781445676e-15
3.735351562500000000e-02 -1.533495552763497471e-15
3.747558593750000000e-02 -1.457167719820517959e-15
3.759765625000000000e-02 -1.436351038108796274e-15
3.771972656250000000e-02 -1.408595462493167361e-15
3.784179687500000000e-02 -1.457167719820517959e-15
3.796386718750000000e-02 -1.443289932012703503e-15
3.808593750000000000e-02 -1.360023205165816762e-15
3.820800781250000000e-02 -1.436351038108796274e-15
3.833007812500000000e-02 -1.512678871051775786e-15
3.845214843750000000e-02 -1.512678871051775786e-15
3.857421875000000000e-02 -1.471045507628332416e-15
3.869628906250000000e-02 -1.387778780781445676e-15
3.881835937500000000e-02 -1.484923295436146873e-15
3.894042968750000000e-02 -1.498801083243961330e-15
3.906250000000000000e-02 -1.471045507628332416e-15
3.918457031250000000e-02 -1.422473250300981817e-15
3.930664062500000000e-02 -1.498801083243961330e-15
3.942871093750000000e-02 -1.498801083243961330e-15
3.955078125000000000e-02 -1.443289932012703503e-15
3.967285156250000000e-02 -1.464106613724425188e-15
3.979492187500000000e-02 -1.436351038108796274e-15
3.991699218750000000e-02 -1.491862189340054101e-15
4.003906250000000000e-02 -1.533495552763497471e-15
4.016113281250000000e-02 -1.450228825916610731e-15
4.028320312500000000e-02 -1.512678871051775786e-15
4.040527343750000000e-02 -1.373900992973631219e-15
4.052734375000000000e-02 -1.526556658859590243e-15
4.064941406250000000e-02 -1.484923295436146873e-15
4.077148437500000000e-02 -1.512678871051775786e-15
4.089355468750000000e-02 -1.498801083243961330e-15
4.101562500000000000e-02 -1.540434446667404700e-15
4.113769531250000000e-02 -1.498801083243961330e-15
4.125976562500000000e-02 -1.540434446667404700e-15
4.138183593750000000e-02 -1.498801083243961330e-15
4.150390625000000000e-02 -1.568190022283033613e-15
4.162597656250000000e-02 -1.540434446667404700e-15
4.174804687500000000e-02 -1.554312234475219157e-15
4.187011718750000000e-02 -1.582067810090848070e-15
4.199218750000000000e-02 -1.582067810090848070e-15
4.211425781250000000e-02 -1.582067810090848070e-15
4.223632812500000000e-02 -1.595945597898662527e-15
4.235839843750000000e-02 -1.568190022283033613e-15
4.248046875000000000e-02 -1.526556658859590243e-15
4.260253906250000000e-02 -1.526556658859590243e-15
4.272460937500000000e-02 -1.526556658859590243e-15
4.284667968750000000e-02 -1.526556658859590243e-15
4.296875000000000000e-02 -1.498801083243961330e-15
4.309082031250000000e-02 -1.512678871051775786e-15
4.321289062500000000e-02 -1.554312234475219157e-15
4.333496093750000000e-02 -1.498801083243961330e-15
4.345703125000000000e-02 -1.484923295436146873e-15
4.357910156250000000e-02 -1.484923295436146873e-15
4.370117187500000000e-02 -1.568190022283033613e-15
4.382324218750000000e-02 -1.540434446667404700e-15
4.394531250000000000e-02 -1.512678871051775786e-15
4.406738281250000000e-02 -1.609823385706476984e-15
4.418945312500000000e-02 -1.540434446667404700e-15
4.431152343750000000e-02 -1.540434446667404700e-15
4.443359375000000000e-02 -1.540434446667404700e-15
4.455566406250000000e-02 -1.609823385706476984e-15
4.467773437500000000e-02 -1.540434446667404700e-15
4.479980468750000000e-02 -1.498801083243961330e-15
4.492187500000000000e-02 -1.526556658859590243e-15
4.504394531250000000e-02 -1.540434446667404700e-15
4.516601562500000000e-02 -1.554312234475219157e-15
4.528808593750000000e-02 -1.582067810090848070e-15
4.541015625000000000e-02 -1.526556658859590243e-15
4.553222656250000000e-02 -1.568190022283033613e-15
4.565429687500000000e-02 -1.568190022283033613e-15
4.577636718750000000e-02 -1.582067810090848070e-15
4.589843750000000000e-02 -1.540434446667404700e-15
4.602050781250000000e-02 -1.568190022283033613e-15
4.614257812500000000e-02 -1.609823385706476984e-15
4.626464843750000000e-02 -1.595945597898662527e-15
4.638671875000000000e-02 -1.540434446667404700e-15
4.650878906250000000e-02 -1.554312234475219157e-15
4.663085937500000000e-02 -1.582067810090848070e-15
4.675292968750000000e-02 -1.568190022283033613e-15
4.687500000000000000e-02 -1.582067810090848070e-15
4.699707031250000000e-02 -1.554312234475219157e-15
4.711914062500000000e-02 -1.595945597898662527e-15
4.724121093750000000e-02 -1.637578961322105897e-15
4.736328125000000000e-02 -1.526556658859590243e-15
4.748535156250000000e-02 -1.582067810090848070e-15
4.760742187500000000e-02 -1.595945597898662527e-15
4.772949218750000000e-02 -1.540434446667404700e-15
4.785156250000000000e-02 -1.526556658859590243e-15
4.797363281250000000e-02 -1.568190022283033613e-15
4.809570312500000000e-02 -1.582067810090848070e-15
4.821777343750000000e-02 -1.512678871051775786e-15
4.833984375000000000e-02 -1.582067810090848070e-15
4.846191406250000000e-02 -1.540434446667404700e-15
4.858398437500000000e-02 -1.623701173514291440e-15
4.870605468750000000e-02 -1.637578961322105897e-15
4.882812500000000000e-02 -1.651456749129920354e-15
4.895019531250000000e-02 -1.568190022283033613e-15
4.907226562500000000e-02 -1.609823385706476984e-15
4.919433593750000000e-02 -1.582067810090848070e-15
4.931640625000000000e-02 -1.582067810090848070e-15
4.943847656250000000e-02 -1.623701173514291440e-15
4.956054687500000000e-02 -1.595945597898662527e-15
4.968261718750000000e-02 -1.637578961322105897e-15
4.980468750000000000e-02 -1.595945597898662527e-15
4.992675781250000000e-02 -1.637578961322105897e-15
5.004882812500000000e-02 -1.623701173514291440e-15
5.017089843750000000e-02 -1.623701173514291440e-15
5.029296875000000000e-02 -1.637578961322105897e-15
5.041503906250000000e-02 -1.623701173514291440e-15
5.053710937500000000e-02 -1.693090112553363724e-15
5.065917968750000000e-02 -1.595945597898662527e-15
5.078125000000000000e-02 -1.595945597898662527e-15
5.090332031250000000e-02 -1.609823385706476984e-15
5.102539062500000000e-02 -1.679212324745549267e-15
5.114746093750000000e-02 -1.623701173514291440e-15
5.126953125000000000e-02 -1.554312234475219157e-15
5.139160156250000000e-02 -1.637578961322105897e-15
5.151367187500000000e-02 -1.623701173514291440e-15
5.163574218750000000e-02 -1.540434446667404700e-15
5.175781250000000000e-02 -1.595945597898662527e-15
5.187988281250000000e-02 -1.595945597898662527e-15
5.200195312500000000e-02 -1.706967900361178181e-15
5.212402343750000000e-02 -1.623701173514291440e-15
5.224609375000000000e-02 -1.623701173514291440e-15
5.236816406250000000e-02 -1.582067810090848070e-15
5.249023437500000000e-02 -1.651456749129920354e-15
5.261230468750000000e-02 -1.582067810090848070e-15
5.273437500000000000e-02 -1.623701173514291440e-15
5.285644531250000000e-02 -1.679212324745549267e-15
5.297851562500000000e-02 -1.734723475976807094e-15
5.310058593750000000e-02 -1.720845688168992638e-15
5.322265625000000000e-02 -1.706967900361178181e-15
5.334472656250000000e-02 -1.595945597898662527e-15
5.346679687500000000e-02 -1.693090112553363724e-15
5.358886718750000000e-02 -1.706967900361178181e-15
5.371093750000000000e-02 -1.706967900361178181e-15
5.383300781250000000e-02 -1.734723475976807094e-15
5.395507812500000000e-02 -1.651456749129920354e-15
5.407714843750000000e-02 -1.679212324745549267e-15
5.419921875000000000e-02 -1.637578961322105897e-15
5.432128906250000000e-02 -1.665334536937734811e-15
5.444335937500000000e-02 -1.665334536937734811e-15
5.456542968750000000e-02 -1.679212324745549267e-15
5.468750000000000000e-02 -1.665334536937734811e-15
5.480957031250000000e-02 -1.679212324745549267e-15
5.493164062500000000e-02 -1.720845688168992638e-15
5.505371093750000000e-02 -1.748601263784621551e-15
5.517578125000000000e-02 -1.568190022283033613e-15
5.529785156250000000e-02 -1.706967900361178181e-15
5.541992187500000000e-02 -1.720845688168992638e-15
5.554199218750000000e-02 -1.734723475976807094e-15
5.566406250000000000e-02 -1.679212324745549267e-15
5.578613281250000000e-02 -1.706967900361178181e-15
5.590820312500000000e-02 -1.762479051592436008e-15
5.603027343750000000e-02 -1.679212324745549267e-15
5.615234375000000000e-02 -1.651456749129920354e-15
5.627441406250000000e-02 -1.679212324745549267e-15
5.639648437500000000e-02 -1.706967900361178181e-15
5.651855468750000000e-02 -1.706967900361178181e-15
5.664062500000000000e-02 -1.665334536937734811e-15
5.676269531250000000e-02 -1.748601263784621551e-15
5.688476562500000000e-02 -1.720845688168992638e-15
5.700683593750000000e-02 -1.734723475976807094e-15
5.712890625000000000e-02 -1.804112415015879378e-15
5.725097656250000000e-02 -1.665334536937734811e-15
5.737304687500000000e-02 -1.776356839400250465e-15
5.749511718750000000e-02 -1.790234627208064921e-15
5.761718750000000000e-02 -1.734723475976807094e-15
5.773925781250000000e-02 -1.776356839400250465e-15
5.786132812500000000e-02 -1.790234627208064921e-15
5.798339843750000000e-02 -1.665334536937734811e-15
5.810546875000000000e-02 -1.776356839400250465e-15
5.822753906250000000e-02 -1.734723475976807094e-15
5.834960937500000000e-02 -1.748601263784621551e-15
5.847167968750000000e-02 -1.706967900361178181e-15
5.859375000000000000e-02 -1.762479051592436008e-15
5.871582031250000000e-02 -1.790234627208064921e-15
5.883789062500000000e-02 -1.679212324745549267e-15
5.895996093750000000e-02 -1.748601263784621551e-15
5.908203125000000000e-02 -1.748601263784621551e-15
5.920410156250000000e-02 -1.720845688168992638e-15
5.932617187500000000e-02 -1.720845688168992638e-15
5.944824218750000000e-02 -1.776356839400250465e-15
5.957031250000000000e-02 -1.762479051592436008e-15
5.969238281250000000e-02 -1.748601263784621551e-15
5.981445312500000000e-02 -1.776356839400250465e-15
5.993652343750000000e-02 -1.859623566247137205e-15
6.005859375000000000e-02 -1.693090112553363724e-15
6.018066406250000000e-02 -1.762479051592436008e-15
6.030273437500000000e-02 -1.734723475976807094e-15
6.042480468750000000e-02 -1.762479051592436008e-15
6.054687500000000000e-02 -1.776356839400250465e-15
6.066894531250000000e-02 -1.831867990631508292e-15
6.079101562500000000e-02 -1.804112415015879378e-15
6.091308593750000000e-02 -1.804112415015879378e-15
6.103515625000000000e-02 -1.762479051592436008e-15
6.115722656250000000e-02 -1.734723475976807094e-15
6.127929687500000000e-02 -1.720845688168992638e-15
6.140136718750000000e-02 -1.804112415015879378e-15
6.152343750000000000e-02 -1.845745778439322748e-15
6.164550781250000000e-02 -1.776356839400250465e-15
6.176757812500000000e-02 -1.831867990631508292e-15
6.188964843750000000e-02 -1.776356839400250465e-15
6.201171875000000000e-02 -1.804112415015879378e-15
6.213378906250000000e-02 -1.817990202823693835e-15
6.225585937500000000e-02 -1.734723475976807094e-15
6.237792968750000000e-02 -1.776356839400250465e-15
6.250000000000000000e-02 -1.776356839400250465e-15
6.262207031250000000e-02 -1.804112415015879378e-15
6.274414062500000000e-02 -1.762479051592436008e-15
6.286621093750000000e-02 -1.790234627208064921e-15
6.298828125000000000e-02 -1.776356839400250465e-15
6.311035156250000000e-02 -1.873501354054951662e-15
6.323242187500000000e-02 -1.804112415015879378e-15
6.335449218750000000e-02 -1.762479051592436008e-15
6.347656250000000000e-02 -1.845745778439322748e-15
6.359863281250000000e-02 -1.873501354054951662e-15
6.372070312500000000e-02 -1.859623566247137205e-15
6.384277343750000000e-02 -1.929012505286209489e-15
6.396484375000000000e-02 -1.817990202823693835e-15
6.408691406250000000e-02 -1.817990202823693835e-15
6.420898437500000000e-02 -1.762479051592436008e-15
6.433105468750000000e-02 -1.790234627208064921e-15
6.445312500000000000e-02 -1.845745778439322748e-15
6.457519531250000000e-02 -1.817990202823693835e-15
6.469726562500000000e-02 -1.859623566247137205e-15
6.481933593750000000e-02 -1.915134717478395032e-15
6.494140625000000000e-02 -1.873501354054951662e-15
6.506347656250000000e-02 -1.790234627208064921e-15
6.518554687500000000e-02 -1.845745778439322748e-15
6.530761718750000000e-02 -1.887379141862766119e-15
6.542968750000000000e-02 -1.817990202823693835e-15
6.555175781250000000e-02 -1.887379141862766119e-15
6.567382812500000000e-02 -1.859623566247137205e-15
6.579589843750000000e-02 -1.831867990631508292e-15
6.591796875000000000e-02 -1.804112415015879378e-15
6.604003906250000000e-02 -1.776356839400250465e-15
6.616210937500000000e-02 -1.845745778439322748e-15
6.628417968750000000e-02 -1.845745778439322748e-15
6.640625000000000000e-02 -1.804112415015879378e-15
6.652832031250000000e-02 -1.859623566247137205e-15
6.665039062500000000e-02 -1.845745778439322748e-15
6.677246093750000000e-02 -1.901256929670580575e-15
6.689453125000000000e-02 -1.831867990631508292e-15
6.701660156250000000e-02 -1.776356839400250465e-15
6.713867187500000000e-02 -1.804112415015879378e-15
6.726074218750000000e-02 -1.845745778439322748e-15
6.738281250000000000e-02 -1.831867990631508292e-15
6.750488281250000000e-02 -1.942890293094023946e-15
6.762695312500000000e-02 -1.859623566247137205e-15
6.774902343750000000e-02 -1.901256929670580575e-15
6.787109375000000000e-02 -1.845745778439322748e-15
6.799316406250000000e-02 -1.804112415015879378e-15
6.811523437500000000e-02 -1.873501354054951662e-15
6.823730468750000000e-02 -1.873501354054951662e-15
6.835937500000000000e-02 -1.831867990631508292e-15
6.848144531250000000e-02 -1.859623566247137205e-15
6.860351562500000000e-02 -1.915134717478395032e-15
6.872558593750000000e-02 -1.873501354054951662e-15
6.884765625000000000e-02 -1.915134717478395032e-15
6.896972656250000000e-02 -1.804112415015879378e-15
6.909179687500000000e-02 -1.887379141862766119e-15
6.921386718750000000e-02 -1.915134717478395032e-15
6.933593750000000000e-02 -1.915134717478395032e-15
6.945800781250000000e-02 -1.887379141862766119e-15
6.958007812500000000e-02 -1.915134717478395032e-15
6.970214843750000000e-02 -1.887379141862766119e-15
6.982421875000000000e-02 -1.873501354054951662e-15
6.994628906250000000e-02 -1.859623566247137205e-15
7.006835937500000000e-02 -1.929012505286209489e-15
7.019042968750000000e-02 -1.845745778439322748e-15
7.031250000000000000e-02 -1.859623566247137205e-15
7.043457031250000000e-02 -1.859623566247137205e-15
7.055664062500000000e-02 -1.901256929670580575e-15
7.067871093750000000e-02 -1.901256929670580575e-15
7.080078125000000000e-02 -1.887379141862766119e-15
7.092285156250000000e-02 -1.887379141862766119e-15
7.104492187500000000e-02 -1.887379141862766119e-15
7.116699218750000000e-02 -1.873501354054951662e-15
7.128906250000000000e-02 -1.929012505286209489e-15
7.141113281250000000e-02 -1.873501354054951662e-15
7.153320312500000000e-02 -1.901256929670580575e-15
7.165527343750000000e-02 -1.887379141862766119e-15
7.177734375000000000e-02 -1.984523656517467316e-15
7.189941406250000000e-02 -1.845745778439322748e-15
7.202148437500000000e-02 -1.887379141862766119e-15
7.214355468750000000e-02 -1.942890293094023946e-15
7.226562500000000000e-02 -1.929012505286209489e-15
7.238769531250000000e-02 -1.915134717478395032e-15
7.250976562500000000e-02 -1.970645868709652859e-15
7.263183593750000000e-02 -1.956768080901838402e-15
7.275390625000000000e-02 -1.831867990631508292e-15
7.287597656250000000e-02 -1.873501354054951662e-15
7.299804687500000000e-02 -1.970645868709652859e-15
7.312011718750000000e-02 -1.942890293094023946e-15
7.324218750000000000e-02 -1.915134717478395032e-15
7.336425781250000000e-02 -1.956768080901838402e-15
7.348632812500000000e-02 -1.970645868709652859e-15
7.360839843750000000e-02 -1.915134717478395032e-15
7.373046875000000000e-02 -1.915134717478395032e-15
7.385253906250000000e-02 -1.845745778439322748e-15
7.397460937500000000e-02 -1.887379141862766119e-15
7.409667968750000000e-02 -1.984523656517467316e-15
7.421875000000000000e-02 -1.873501354054951662e-15
7.434082031250000000e-02 -1.915134717478395032e-15
7.446289062500000000e-02 -1.956768080901838402e-15
7.458496093750000000e-02 -1.956768080901838402e-15
7.470703125000000000e-02 -1.859623566247137205e-15
7.482910156250000000e-02 -1.901256929670580575e-15
7.495117187500000000e-02 -1.901256929670580575e-15
7.507324218750000000e-02 -1.942890293094023946e-15
7.519531250000000000e-02 -1.956768080901838402e-15
7.531738281250000000e-02 -1.915134717478395032e-15
7.543945312500000000e-02 -1.970645868709652859e-15
7.556152343750000000e-02 -1.929012505286209489e-15
7.568359375000000000e-02 -1.984523656517467316e-15
7.580566406250000000e-02 -1.929012505286209489e-15
7.592773437500000000e-02 -1.915134717478395032e-15
7.604980468750000000e-02 -1.942890293094023946e-15
7.617187500000000000e-02 -1.956768080901838402e-15
7.629394531250000000e-02 -2.026157019940910686e-15
7.641601562500000000e-02 -2.012279232133096230e-15
7.653808593750000000e-02 -1.998401444325281773e-15
7.666015625000000000e-02 -1.929012505286209489e-15
7.678222656250000000e-02 -1.942890293094023946e-15
7.690429687500000000e-02 -1.873501354054951662e-15
7.702636718750000000e-02 -1.929012505286209489e-15
7.714843750000000000e-02 -1.956768080901838402e-15
7.727050781250000000e-02 -1.942890293094023946e-15
7.739257812500000000e-02 -2.026157019940910686e-15
7.751464843750000000e-02 -1.956768080901838402e-15
7.763671875000000000e-02 -2.012279232133096230e-15
7.775878906250000000e-02 -1.929012505286209489e-15
7.788085937500000000e-02 -2.012279232133096230e-15
7.800292968750000000e-02 -1.998401444325281773e-15
7.812500000000000000e-02 -1.956768080901838402e-15
7.824707031250000000e-02 -1.901256929670580575e-15
7.836914062500000000e-02 -2.026157019940910686e-15
7.849121093750000000e-02 -2.040034807748725143e-15
7.861328125000000000e-02 -1.915134717478395032e-15
7.873535156250000000e-02 -1.929012505286209489e-15
7.885742187500000000e-02 -1.915134717478395032e-15
7.897949218750000000e-02 -2.040034807748725143e-15
7.910156250000000000e-02 -1.956768080901838402e-15
7.922363281250000000e-02 -1.984523656517467316e-15
7.934570312500000000e-02 -2.026157019940910686e-15
7.946777343750000000e-02 -1.942890293094023946e-15
7.958984375000000000e-02 -2.026157019940910686e-15
7.971191406250000000e-02 -1.942890293094023946e-15
7.983398437500000000e-02 -1.929012505286209489e-15
7.995605468750000000e-02 -1.942890293094023946e-15
8.007812500000000000e-02 -1.984523656517467316e-15
8.020019531250000000e-02 -1.929012505286209489e-15
8.032226562500000000e-02 -2.012279232133096230e-15
8.044433593750000000e-02 -1.984523656517467316e-15
8.056640625000000000e-02 -1.956768080901838402e-15
8.068847656250000000e-02 -1.984523656517467316e-15
8.081054687500000000e-02 -1.984523656517467316e-15
8.093261718750000000e-02 -1.998401444325281773e-15
8.105468750000000000e-02 -1.998401444325281773e-15
8.117675781250000000e-02 -2.026157019940910686e-15
8.129882812500000000e-02 -2.040034807748725143e-15
8.142089843750000000e-02 -2.026157019940910686e-15
8.154296875000000000e-02 -1.929012505286209489e-15
8.166503906250000000e-02 -2.095545958979982970e-15
8.178710937500000000e-02 -2.040034807748725143e-15
8.190917968750000000e-02 -1.942890293094023946e-15
8.203125000000000000e-02 -1.984523656517467316e-15
8.215332031250000000e-02 -2.012279232133096230e-15
8.227539062500000000e-02 -2.067790383364354057e-15
8.239746093750000000e-02 -1.956768080901838402e-15
8.251953125000000000e-02 -1.901256929670580575e-15
8.264160156250000000e-02 -1.929012505286209489e-15
8.276367187500000000e-02 -1.998401444325281773e-15
8.288574218750000000e-02 -1.998401444325281773e-15
8.300781250000000000e-02 -1.915134717478395032e-15
8.312988281250000000e-02 -2.026157019940910686e-15
8.325195312500000000e-02 -2.012279232133096230e-15
8.337402343750000000e-02 -1.984523656517467316e-15
8.349609375000000000e-02 -1.929012505286209489e-15
8.361816406250000000e-02 -2.040034807748725143e-15
8.374023437500000000e-02 -1.956768080901838402e-15
8.386230468750000000e-02 -2.040034807748725143e-15
8.398437500000000000e-02 -2.026157019940910686e-15
8.410644531250000000e-02 -1.998401444325281773e-15
8.422851562500000000e-02 -2.053912595556539600e-15
8.435058593750000000e-02 -2.053912595556539600e-15
8.447265625000000000e-02 -2.012279232133096230e-15
8.459472656250000000e-02 -1.956768080901838402e-15
8.471679687500000000e-02 -2.040034807748725143e-15
8.483886718750000000e-02 -2.067790383364354057e-15
8.496093750000000000e-02 -2.012279232133096230e-15
8.508300781250000000e-02 -2.012279232133096230e-15
8.520507812500000000e-02 -2.081668171172168513e-15
8.532714843750000000e-02 -2.081668171172168513e-15
8.544921875000000000e-02 -1.998401444325281773e-15
8.557128906250000000e-02 -2.040034807748725143e-15
8.569335937500000000e-02 -2.012279232133096230e-15
8.581542968750000000e-02 -1.984523656517467316e-15
8.593750000000000000e-02 -1.998401444325281773e-15
8.605957031250000000e-02 -2.012279232133096230e-15
8.618164062500000000e-02 -2.026157019940910686e-15
8.630371093750000000e-02 -2.067790383364354057e-15
8.642578125000000000e-02 -2.026157019940910686e-15
8.654785156250000000e-02 -2.053912595556539600e-15
8.666992187500000000e-02 -1.984523656517467316e-15
8.679199218750000000e-02 -1.998401444325281773e-15
8.691406250000000000e-02 -2.026157019940910686e-15
8.703613281250000000e-02 -2.123301534595611884e-15
8.715820312500000000e-02 -2.137179322403426340e-15
8.728027343750000000e-02 -1.984523656517467316e-15
8.740234375000000000e-02 -1.998401444325281773e-15
8.752441406250000000e-02 -2.012279232133096230e-15
8.764648437500000000e-02 -2.026157019940910686e-15
8.776855468750000000e-02 -1.942890293094023946e-15
8.789062500000000000e-02 -1.942890293094023946e-15
8.801269531250000000e-02 -2.095545958979982970e-15
8.813476562500000000e-02 -2.012279232133096230e-15
8.825683593750000000e-02 -2.067790383364354057e-15
8.837890625000000000e-02 -1.984523656517467316e-15
8.850097656250000000e-02 -2.012279232133096230e-15
8.862304687500000000e-02 -2.040034807748725143e-15
8.874511718750000000e-02 -2.053912595556539600e-15
8.886718750000000000e-02 -1.998401444325281773e-15
8.898925781250000000e-02 -2.012279232133096230e-15
8.911132812500000000e-02 -2.081668171172168513e-15
8.923339843750000000e-02 -2.040034807748725143e-15
8.935546875000000000e-02 -1.984523656517467316e-15
8.947753906250000000e-02 -1.998401444325281773e-15
8.959960937500000000e-02 -2.040034807748725143e-15
8.972167968750000000e-02 -2.026157019940910686e-15
8.984375000000000000e-02 -2.040034807748725143e-15
8.996582031250000000e-02 -2.040034807748725143e-15
9.008789062500000000e-02 -1.984523656517467316e-15
9.020996093750000000e-02 -2.067790383364354057e-15
9.033203125000000000e-02 -2.026157019940910686e-15
9.045410156250000000e-02 -2.040034807748725143e-15
9.057617187500000000e-02 -1.984523656517467316e-15
9.069824218750000000e-02 -2.053912595556539600e-15
9.082031250000000000e-02 -2.067790383364354057e-15
9.094238281250000000e-02 -2.040034807748725143e-15
9.106445312500000000e-02 -2.137179322403426340e-15
9.118652343750000000e-02 -2.012279232133096230e-15
9.130859375000000000e-02 -2.040034807748725143e-15
9.143066406250000000e-02 -2.040034807748725143e-15
9.155273437500000000e-02 -1.970645868709652859e-15
9.167480468750000000e-02 -1.998401444325281773e-15
9.179687500000000000e-02 -2.067790383364354057e-15
9.191894531250000000e-02 -2.026157019940910686e-15
9.204101562500000000e-02 -2.040034807748725143e-15
9.216308593750000000e-02 -2.109423746787797427e-15
9.228515625000000000e-02 -2.081668171172168513e-15
9.240722656250000000e-02 -2.026157019940910686e-15
9.252929687500000000e-02 -2.067790383364354057e-15
9.265136718750000000e-02 -2.123301534595611884e-15
9.277343750000000000e-02 -2.040034807748725143e-15
9.289550781250000000e-02 -2.095545958979982970e-15
9.301757812500000000e-02 -2.109423746787797427e-15
9.313964843750000000e-02 -2.012279232133096230e-15
9.326171875000000000e-02 -2.026157019940910686e-15
9.338378906250000000e-02 -1.998401444325281773e-15
9.350585937500000000e-02 -2.123301534595611884e-15
9.362792968750000000e-02 -2.026157019940910686e-15
9.375000000000000000e-02 -1.998401444325281773e-15
9.387207031250000000e-02 -1.984523656517467316e-15
9.399414062500000000e-02 -2.026157019940910686e-15
9.411621093750000000e-02 -2.040034807748725143e-15
9.423828125000000000e-02 -1.998401444325281773e-15
9.436035156250000000e-02 -2.026157019940910686e-15
9.448242187500000000e-02 -1.998401444325281773e-15
9.460449218750000000e-02 -1.970645868709652859e-15
9.472656250000000000e-02 -2.053912595556539600e-15
9.484863281250000000e-02 -2.053912595556539600e-15
9.497070312500000000e-02 -2.053912595556539600e-15
9.509277343750000000e-02 -2.053912595556539600e-15
9.521484375000000000e-02 -2.012279232133096230e-15
9.533691406250000000e-02 -2.040034807748725143e-15
9.545898437500000000e-02 -2.081668171172168513e-15
9.558105468750000000e-02 -2.040034807748725143e-15
9.570312500000000000e-02 -2.081668171172168513e-15
9.582519531250000000e-02 -2.123301534595611884e-15
9.594726562500000000e-02 -2.040034807748725143e-15
9.606933593750000000e-02 -2.123301534595611884e-15
9.619140625000000000e-02 -2.109423746787797427e-15
9.631347656250000000e-02 -1.984523656517467316e-15
9.643554687500000000e-02 -2.095545958979982970e-15
9.655761718750000000e-02 -2.095545958979982970e-15
9.667968750000000000e-02 -2.012279232133096230e-15
9.680175781250000000e-02 -2.053912595556539600e-15
9.692382812500000000e-02 -2.081668171172168513e-15
9.704589843750000000e-02 -1.998401444325281773e-15
9.716796875000000000e-02 -2.123301534595611884e-15
9.729003906250000000e-02 -1.970645868709652859e-15
9.741210937500000000e-02 -1.998401444325281773e-15
9.753417968750000000e-02 -2.053912595556539600e-15
9.765625000000000000e-02 -1.970645868709652859e-15
9.777832031250000000e-02 -2.026157019940910686e-15
9.790039062500000000e-02 -2.053912595556539600e-15
9.802246093750000000e-02 -2.081668171172168513e-15
9.814453125000000000e-02 -1.984523656517467316e-15
9.826660156250000000e-02 -1.998401444325281773e-15
9.838867187500000000e-02 -2.040034807748725143e-15
9.851074218750000000e-02 -2.012279232133096230e-15
9.863281250000000000e-02 -1.998401444325281773e-15
9.875488281250000000e-02 -1.929012505286209489e-15
9.887695312500000000e-02 -2.081668171172168513e-15
9.899902343750000000e-02 -2.040034807748725143e-15
9.912109375000000000e-02 -1.956768080901838402e-15
9.924316406250000000e-02 -2.081668171172168513e-15
9.936523437500000000e-02 -2.026157019940910686e-15
9.948730468750000000e-02 -1.998401444325281773e-15
9.960937500000000000e-02 -2.012279232133096230e-15
9.973144531250000000e-02 -2.109423746787797427e-15
9.985351562500000000e-02 -2.067790383364354057e-15
9.997558593750000000e-02 -2.026157019940910686e-15
1.000976562500000000e-01 -2.026157019940910686e-15
1.002197265625000000e-01 -1.970645868709652859e-15
1.003417968750000000e-01 -2.095545958979982970e-15
1.004638671875000000e-01 -2.123301534595611884e-15
1.005859375000000000e-01 -2.012279232133096230e-15
1.007080078125000000e-01 -2.012279232133096230e-15
1.008300781250000000e-01 -2.081668171172168513e-15
1.009521484375000000e-01 -2.081668171172168513e-15
1.010742187500000000e-01 -1.984523656517467316e-15
1.011962890625000000e-01 -2.040034807748725143e-15
1.013183593750000000e-01 -2.067790383364354057e-15
1.014404296875000000e-01 -2.026157019940910686e-15
1.015625000000000000e-01 -2.053912595556539600e-15
1.016845703125000000e-01 -2.012279232133096230e-15
1.018066406250000000e-01 -2.040034807748725143e-15
1.019287109375000000e-01 -2.012279232133096230e-15
1.020507812500000000e-01 -2.026157019940910686e-15
1.021728515625000000e-01 -2.012279232133096230e-15
1.022949218750000000e-01 -1.970645868709652859e-15
1.024169921875000000e-01 -2.053912595556539600e-15
1.025390625000000000e-01 -2.067790383364354057e-15
1.026611328125000000e-01 -1.984523656517467316e-15
1.027832031250000000e-01 -2.081668171172168513e-15
1.029052734375000000e-01 -1.956768080901838402e-15
1.030273437500000000e-01 -2.081668171172168513e-15
1.031494140625000000e-01 -2.053912595556539600e-15
1.032714843750000000e-01 -1.970645868709652859e-15
1.033935546875000000e-01 -1.984523656517467316e-15
1.035156250000000000e-01 -2.012279232133096230e-15
1.036376953125000000e-01 -1.956768080901838402e-15
1.037597656250000000e-01 -2.026157019940910686e-15
1.038818359375000000e-01 -2.053912595556539600e-15
1.040039062500000000e-01 -2.026157019940910686e-15
1.041259765625000000e-01 -2.012279232133096230e-15
1.042480468750000000e-01 -2.040034807748725143e-15
1.043701171875000000e-01 -2.123301534595611884e-15
1.044921875000000000e-01 -2.012279232133096230e-15
1.046142578125000000e-01 -2.040034807748725143e-15
1.047363281250000000e-01 -2.067790383364354057e-15
1.048583984375000000e-01 -2.040034807748725143e-15
1.049804687500000000e-01 -2.040034807748725143e-15
1.051025390625000000e-01 -1.998401444325281773e-15
1.052246093750000000e-01 -2.026157019940910686e-15
1.053466796875000000e-01 -2.012279232133096230e-15
1.054687500000000000e-01 -1.998401444325281773e-15
1.055908203125000000e-01 -1.956768080901838402e-15
1.057128906250000000e-01 -1.970645868709652859e-15
1.058349609375000000e-01 -1.984523656517467316e-15
1.059570312500000000e-01 -2.040034807748725143e-15
1.060791015625000000e-01 -1.984523656517467316e-15
1.062011718750000000e-01 -1.956768080901838402e-15
1.063232421875000000e-01 -2.012279232133096230e-15
1.064453125000000000e-01 -1.942890293094023946e-15
1.065673828125000000e-01 -2.053912595556539600e-15
1.066894531250000000e-01 -2.026157019940910686e-15
1.068115234375000000e-01 -1.956768080901838402e-15
1.069335937500000000e-01 -2.026157019940910686e-15
1.070556640625000000e-01 -2.012279232133096230e-15
1.071777343750000000e-01 -1.970645868709652859e-15
1.072998046875000000e-01 -1.984523656517467316e-15
1.074218750000000000e-01 -1.998401444325281773e-15
1.075439453125000000e-01 -1.984523656517467316e-15
1.076660156250000000e-01 -2.012279232133096230e-15
1.077880859375000000e-01 -1.970645868709652859e-15
1.079101562500000000e-01 -2.012279232133096230e-15
1.080322265625000000e-01 -1.970645868709652859e-15
1.081542968750000000e-01 -2.026157019940910686e-15
1.082763671875000000e-01 -2.123301534595611884e-15
1.083984375000000000e-01 -1.970645868709652859e-15
1.085205078125000000e-01 -2.012279232133096230e-15
1.086425781250000000e-01 -2.081668171172168513e-15
1.087646484375000000e-01 -2.012279232133096230e-15
1.088867187500000000e-01 -2.012279232133096230e-15
1.090087890625000000e-01 -1.998401444325281773e-15
1.091308593750000000e-01 -2.026157019940910686e-15
1.092529296875000000e-01 -1.970645868709652859e-15
1.093750000000000000e-01 -2.026157019940910686e-15
1.094970703125000000e-01 -1.998401444325281773e-15
1.096191406250000000e-01 -2.026157019940910686e-15
1.097412109375000000e-01 -2.053912595556539600e-15
1.098632812500000000e-01 -1.984523656517467316e-15
1.099853515625000000e-01 -1.998401444325281773e-15
1.101074218750000000e-01 -2.012279232133096230e-15
1.102294921875000000e-01 -2.067790383364354057e-15
1.103515625000000000e-01 -1.998401444325281773e-15
1.104736328125000000e-01 -1.998401444325281773e-15
1.105957031250000000e-01 -2.040034807748725143e-15
1.107177734375000000e-01 -1.942890293094023946e-15
1.108398437500000000e-01 -2.040034807748725143e-15
1.109619140625000000e-01 -2.012279232133096230e-15
1.110839843750000000e-01 -1.984523656517467316e-15
1.112060546875000000e-01 -1.998401444325281773e-15
1.113281250000000000e-01 -2.053912595556539600e-15
1.114501953125000000e-01 -2.026157019940910686e-15
1.115722656250000000e-01 -2.012279232133096230e-15
1.116943359375000000e-01 -2.012279232133096230e-15
1.118164062500000000e-01 -2.005340338229189001e-15
1.119384765625000000e-01 -2.012279232133096230e-15
1.120605468750000000e-01 -1.984523656517467316e-15
1.121826171875000000e-01 -2.040034807748725143e-15
1.123046875000000000e-01 -2.012279232133096230e-15
1.124267578125000000e-01 -2.012279232133096230e-15
1.125488281250000000e-01 -1.998401444325281773e-15
1.126708984375000000e-01 -1.991462550421374544e-15
1.127929687500000000e-01 -1.998401444325281773e-15
1.129150390625000000e-01 -1.977584762613560088e-15
1.130371093750000000e-01 -2.067790383364354057e-15
1.131591796875000000e-01 -1.942890293094023946e-15
1.132812500000000000e-01 -1.970645868709652859e-15
1.134033203125000000e-01 -1.977584762613560088e-15
1.135253906250000000e-01 -1.956768080901838402e-15
1.136474609375000000e-01 -2.012279232133096230e-15
1.137695312500000000e-01 -1.887379141862766119e-15
1.138916015625000000e-01 -1.984523656517467316e-15
1.140136718750000000e-01 -1.942890293094023946e-15
1.141357421875000000e-01 -1.956768080901838402e-15
1.142578125000000000e-01 -1.956768080901838402e-15
1.143798828125000000e-01 -1.998401444325281773e-15
1.145019531250000000e-01 -2.067790383364354057e-15
1.146240234375000000e-01 -1.970645868709652859e-15
1.147460937500000000e-01 -1.970645868709652859e-15
1.148681640625000000e-01 -1.942890293094023946e-15
1.149902343750000000e-01 -1.970645868709652859e-15
1.151123046875000000e-01 -1.942890293094023946e-15
1.152343750000000000e-01 -1.977584762613560088e-15
1.153564453125000000e-01 -2.012279232133096230e-15
1.154785156250000000e-01 -1.998401444325281773e-15
1.156005859375000000e-01 -2.026157019940910686e-15
1.157226562500000000e-01 -1.991462550421374544e-15
1.158447265625000000e-01 -1.942890293094023946e-15
1.159667968750000000e-01 -2.005340338229189001e-15
1.160888671875000000e-01 -2.116362640691704655e-15
1.162109375000000000e-01 -1.970645868709652859e-15
1.163330078125000000e-01 -1.970645868709652859e-15
1.164550781250000000e-01 -2.012279232133096230e-15
1.165771484375000000e-01 -1.998401444325281773e-15
1.166992187500000000e-01 -1.970645868709652859e-15
1.168212890625000000e-01 -1.977584762613560088e-15
1.169433593750000000e-01 -1.942890293094023946e-15
1.170654296875000000e-01 -1.929012505286209489e-15
1.171875000000000000e-01 -1.915134717478395032e-15
1.173095703125000000e-01 -1.942890293094023946e-15
1.174316406250000000e-01 -1.949829186997931174e-15
1.175537109375000000e-01 -2.005340338229189001e-15
1.176757812500000000e-01 -1.887379141862766119e-15
1.177978515625000000e-01 -1.929012505286209489e-15
1.179199218750000000e-01 -1.887379141862766119e-15
1.180419921875000000e-01 -1.942890293094023946e-15
1.181640625000000000e-01 -1.956768080901838402e-15
1.182861328125000000e-01 -1.942890293094023946e-15
1.184082031250000000e-01 -2.012279232133096230e-15
1.185302734375000000e-01 -1.915134717478395032e-15
1.186523437500000000e-01 -1.901256929670580575e-15
1.187744140625000000e-01 -1.942890293094023946e-15
1.188964843750000000e-01 -1.956768080901838402e-15
1.190185546875000000e-01 -1.887379141862766119e-15
1.191406250000000000e-01 -1.901256929670580575e-15
1.192626953125000000e-01 -1.929012505286209489e-15
1.193847656250000000e-01 -1.845745778439322748e-15
1.195068359375000000e-01 -1.915134717478395032e-15
1.196289062500000000e-01 -1.873501354054951662e-15
1.197509765625000000e-01 -1.887379141862766119e-15
1.198730468750000000e-01 -1.929012505286209489e-15
1.199951171875000000e-01 -2.012279232133096230e-15
1.201171875000000000e-01 -1.859623566247137205e-15
1.202392578125000000e-01 -1.887379141862766119e-15
1.203613281250000000e-01 -1.956768080901838402e-15
1.204833984375000000e-01 -1.942890293094023946e-15
1.206054687500000000e-01 -1.915134717478395032e-15
1.207275390625000000e-01 -1.873501354054951662e-15
1.208496093750000000e-01 -1.956768080901838402e-15
1.209716796875000000e-01 -1.915134717478395032e-15
1.210937500000000000e-01 -1.942890293094023946e-15
1.212158203125000000e-01 -1.929012505286209489e-15
1.213378906250000000e-01 -1.915134717478395032e-15
1.214599609375000000e-01 -1.929012505286209489e-15
1.215820312500000000e-01 -1.887379141862766119e-15
1.217041015625000000e-01 -1.873501354054951662e-15
1.218261718750000000e-01 -1.929012505286209489e-15
1.219482421875000000e-01 -1.929012505286209489e-15
1.220703125000000000e-01 -1.915134717478395032e-15
1.221923828125000000e-01 -1.845745778439322748e-15
1.223144531250000000e-01 -1.998401444325281773e-15
1.224365234375000000e-01 -1.915134717478395032e-15
1.225585937500000000e-01 -1.859623566247137205e-15
1.226806640625000000e-01 -1.845745778439322748e-15
1.228027343750000000e-01 -1.901256929670580575e-15
1.229248046875000000e-01 -1.873501354054951662e-15
1.230468750000000000e-01 -1.942890293094023946e-15
1.231689453125000000e-01 -1.929012505286209489e-15
1.232910156250000000e-01 -1.873501354054951662e-15
1.234130859375000000e-01 -1.929012505286209489e-15
1.235351562500000000e-01 -1.887379141862766119e-15
1.236572265625000000e-01 -1.901256929670580575e-15
1.237792968750000000e-01 -1.887379141862766119e-15
1.239013671875000000e-01 -2.012279232133096230e-15
1.240234375000000000e-01 -1.942890293094023946e-15
1.241455078125000000e-01 -1.915134717478395032e-15
1.242675781250000000e-01 -1.970645868709652859e-15
1.243896484375000000e-01 -1.929012505286209489e-15
1.245117187500000000e-01 -1.929012505286209489e-15
1.246337890625000000e-01 -1.817990202823693835e-15
1.247558593750000000e-01 -1.887379141862766119e-15
1.248779296875000000e-01 -1.887379141862766119e-15
1.250000000000000000e-01 -1.859623566247137205e-15
1.251220703125000000e-01 -1.873501354054951662e-15
1.252441406250000000e-01 -1.859623566247137205e-15
1.253662109375000000e-01 -1.845745778439322748e-15
1.254882812500000000e-01 -1.845745778439322748e-15
1.256103515625000000e-01 -1.873501354054951662e-15
1.257324218750000000e-01 -1.873501354054951662e-15
1.258544921875000000e-01 -1.873501354054951662e-15
1.259765625000000000e-01 -1.887379141862766119e-15
1.260986328125000000e-01 -1.887379141862766119e-15
1.262207031250000000e-01 -1.831867990631508292e-15
1.263427734375000000e-01 -1.859623566247137205e-15
1.264648437500000000e-01 -1.831867990631508292e-15
1.265869140625000000e-01 -1.929012505286209489e-15
1.267089843750000000e-01 -1.817990202823693835e-15
1.268310546875000000e-01 -1.901256929670580575e-15
1.269531250000000000e-01 -1.929012505286209489e-15
1.270751953125000000e-01 -1.859623566247137205e-15
1.271972656250000000e-01 -1.859623566247137205e-15
1.273193359375000000e-01 -1.859623566247137205e-15
1.274414062500000000e-01 -1.915134717478395032e-15
1.275634765625000000e-01 -1.845745778439322748e-15
1.276855468750000000e-01 -1.915134717478395032e-15
1.278076171875000000e-01 -1.942890293094023946e-15
1.279296875000000000e-01 -1.845745778439322748e-15
1.280517578125000000e-01 -1.887379141862766119e-15
1.281738281250000000e-01 -1.873501354054951662e-15
1.282958984375000000e-01 -1.901256929670580575e-15
1.284179687500000000e-01 -1.942890293094023946e-15
1.285400390625000000e-01 -1.859623566247137205e-15
1.286621093750000000e-01 -1.831867990631508292e-15
1.287841796875000000e-01 -1.831867990631508292e-15
1.289062500000000000e-01 -1.873501354054951662e-15
1.290283203125000000e-01 -1.831867990631508292e-15
1.291503906250000000e-01 -1.817990202823693835e-15
1.292724609375000000e-01 -1.901256929670580575e-15
1.293945312500000000e-01 -1.859623566247137205e-15
1.295166015625000000e-01 -1.831867990631508292e-15
1.296386718750000000e-01 -1.859623566247137205e-15
1.297607421875000000e-01 -1.859623566247137205e-15
1.298828125000000000e-01 -1.831867990631508292e-15
1.300048828125000000e-01 -1.859623566247137205e-15
1.301269531250000000e-01 -1.804112415015879378e-15
1.302490234375000000e-01 -1.873501354054951662e-15
1.303710937500000000e-01 -1.859623566247137205e-15
1.304931640625000000e-01 -1.817990202823693835e-15
1.306152343750000000e-01 -1.831867990631508292e-15
1.307373046875000000e-01 -1.831867990631508292e-15
1.308593750000000000e-01 -1.817990202823693835e-15
1.309814453125000000e-01 -1.887379141862766119e-15
1.311035156250000000e-01 -1.873501354054951662e-15
1.312255859375000000e-01 -1.859623566247137205e-15
1.313476562500000000e-01 -1.887379141862766119e-15
1.314697265625000000e-01 -1.776356839400250465e-15
1.315917968750000000e-01 -1.859623566247137205e-15
1.317138671875000000e-01 -1.915134717478395032e-15
1.318359375000000000e-01 -1.831867990631508292e-15
1.319580078125000000e-01 -1.831867990631508292e-15
1.320800781250000000e-01 -1.887379141862766119e-15
1.322021484375000000e-01 -1.859623566247137205e-15
1.323242187500000000e-01 -1.859623566247137205e-15
1.324462890625000000e-01 -1.859623566247137205e-15
1.325683593750000000e-01 -1.859623566247137205e-15
1.326904296875000000e-01 -1.776356839400250465e-15
1.328125000000000000e-01 -1.748601263784621551e-15
1.329345703125000000e-01 -1.831867990631508292e-15
1.330566406250000000e-01 -1.887379141862766119e-15
1.331787109375000000e-01 -1.859623566247137205e-15
1.333007812500000000e-01 -1.804112415015879378e-15
1.334228515625000000e-01 -1.804112415015879378e-15
1.335449218750000000e-01 -1.748601263784621551e-15
1.336669921875000000e-01 -1.859623566247137205e-15
1.337890625000000000e-01 -1.804112415015879378e-15
1.339111328125000000e-01 -1.804112415015879378e-15
1.340332031250000000e-01 -1.887379141862766119e-15
1.341552734375000000e-01 -1.776356839400250465e-15
1.342773437500000000e-01 -1.887379141862766119e-15
1.343994140625000000e-01 -1.776356839400250465e-15
1.345214843750000000e-01 -1.804112415015879378e-15
1.346435546875000000e-01 -1.804112415015879378e-15
1.347656250000000000e-01 -1.859623566247137205e-15
1.348876953125000000e-01 -1.831867990631508292e-15
1.350097656250000000e-01 -1.831867990631508292e-15
1.351318359375000000e-01 -1.887379141862766119e-15
1.352539062500000000e-01 -1.859623566247137205e-15
1.353759765625000000e-01 -1.804112415015879378e-15
1.354980468750000000e-01 -1.831867990631508292e-15
1.356201171875000000e-01 -1.887379141862766119e-15
1.357421875000000000e-01 -1.776356839400250465e-15
1.358642578125000000e-01 -1.915134717478395032e-15
1.359863281250000000e-01 -1.831867990631508292e-15
1.361083984375000000e-01 -1.859623566247137205e-15
1.362304687500000000e-01 -1.831867990631508292e-15
1.363525390625000000e-01 -1.748601263784621551e-15
1.364746093750000000e-01 -1.804112415015879378e-15
1.365966796875000000e-01 -1.887379141862766119e-15
1.367187500000000000e-01 -1.776356839400250465e-15
1.368408203125000000e-01 -1.831867990631508292e-15
1.369628906250000000e-01 -1.776356839400250465e-15
1.370849609375000000e-01 -1.831867990631508292e-15
1.372070312500000000e-01 -1.804112415015879378e-15
1.373291015625000000e-01 -1.831867990631508292e-15
1.374511718750000000e-01 -1.859623566247137205e-15
1.375732421875000000e-01 -1.831867990631508292e-15
1.376953125000000000e-01 -1.831867990631508292e-15
1.378173828125000000e-01 -1.859623566247137205e-15
1.379394531250000000e-01 -1.887379141862766119e-15
1.380615234375000000e-01 -1.776356839400250465e-15
1.381835937500000000e-01 -1.804112415015879378e-15
1.383056640625000000e-01 -1.831867990631508292e-15
1.384277343750000000e-01 -1.804112415015879378e-15
1.385498046875000000e-01 -1.831867990631508292e-15
1.386718750000000000e-01 -1.776356839400250465e-15
1.387939453125000000e-01 -1.859623566247137205e-15
1.389160156250000000e-01 -1.804112415015879378e-15
1.390380859375000000e-01 -1.859623566247137205e-15
1.391601562500000000e-01 -1.859623566247137205e-15
1.392822265625000000e-01 -1.859623566247137205e-15
1.394042968750000000e-01 -1.887379141862766119e-15
1.395263671875000000e-01 -1.970645868709652859e-15
1.396484375000000000e-01 -1.859623566247137205e-15
1.397705078125000000e-01 -1.804112415015879378e-15
1.398925781250000000e-01 -1.859623566247137205e-15
1.400146484375000000e-01 -1.859623566247137205e-15
1.401367187500000000e-01 -1.887379141862766119e-15
1.402587890625000000e-01 -1.831867990631508292e-15
1.403808593750000000e-01 -1.804112415015879378e-15
1.405029296875000000e-01 -1.831867990631508292e-15
1.406250000000000000e-01 -1.859623566247137205e-15
1.407470703125000000e-01 -1.915134717478395032e-15
1.408691406250000000e-01 -1.804112415015879378e-15
1.409912109375000000e-01 -1.970645868709652859e-15
1.411132812500000000e-01 -1.859623566247137205e-15
1.412353515625000000e-01 -1.831867990631508292e-15
1.413574218750000000e-01 -1.804112415015879378e-15
1.414794921875000000e-01 -1.942890293094023946e-15
1.416015625000000000e-01 -1.887379141862766119e-15
1.417236328125000000e-01 -1.776356839400250465e-15
1.418457031250000000e-01 -1.915134717478395032e-15
1.419677734375000000e-01 -1.887379141862766119e-15
1.420898437500000000e-01 -1.831867990631508292e-15
1.422119140625000000e-01 -1.915134717478395032e-15
1.423339843750000000e-01 -1.831867990631508292e-15
1.424560546875000000e-01 -1.831867990631508292e-15
1.425781250000000000e-01 -1.915134717478395032e-15
1.427001953125000000e-01 -1.915134717478395032e-15
1.428222656250000000e-01 -1.942890293094023946e-15
1.429443359375000000e-01 -1.859623566247137205e-15
1.430664062500000000e-01 -1.831867990631508292e-15
1.431884765625000000e-01 -1.915134717478395032e-15
1.433105468750000000e-01 -1.970645868709652859e-15
1.434326171875000000e-01 -1.998401444325281773e-15
1.435546875000000000e-01 -1.831867990631508292e-15
1.436767578125000000e-01 -1.942890293094023946e-15
1.437988281250000000e-01 -1.942890293094023946e-15
1.439208984375000000e-01 -1.915134717478395032e-15
1.440429687500000000e-01 -1.859623566247137205e-15
1.441650390625000000e-01 -1.942890293094023946e-15
1.442871093750000000e-01 -1.942890293094023946e-15
1.444091796875000000e-01 -1.970645868709652859e-15
1.445312500000000000e-01 -1.915134717478395032e-15
1.446533203125000000e-01 -1.859623566247137205e-15
1.447753906250000000e-01 -1.942890293094023946e-15
1.448974609375000000e-01 -1.887379141862766119e-15
1.450195312500000000e-01 -1.970645868709652859e-15
1.451416015625000000e-01 -1.887379141862766119e-15
1.452636718750000000e-01 -1.887379141862766119e-15
1.453857421875000000e-01 -1.887379141862766119e-15
1.455078125000000000e-01 -1.942890293094023946e-15
1.456298828125000000e-01 -1.942890293094023946e-15
1.457519531250000000e-01 -1.915134717478395032e-15
1.458740234375000000e-01 -1.915134717478395032e-15
1.459960937500000000e-01 -1.915134717478395032e-15
1.461181640625000000e-01 -1.970645868709652859e-15
1.462402343750000000e-01 -1.887379141862766119e-15
1.463623046875000000e-01 -1.998401444325281773e-15
1.464843750000000000e-01 -1.942890293094023946e-15
1.466064453125000000e-01 -1.887379141862766119e-15
1.467285156250000000e-01 -1.970645868709652859e-15
1.468505859375000000e-01 -1.915134717478395032e-15
1.469726562500000000e-01 -1.942890293094023946e-15
1.470947265625000000e-01 -1.970645868709652859e-15
1.472167968750000000e-01 -1.942890293094023946e-15
1.473388671875000000e-01 -2.026157019940910686e-15
1.474609375000000000e-01 -1.970645868709652859e-15
1.475830078125000000e-01 -2.026157019940910686e-15
1.477050781250000000e-01 -1.970645868709652859e-15
1.478271484375000000e-01 -1.998401444325281773e-15
1.479492187500000000e-01 -1.970645868709652859e-15
1.480712890625000000e-01 -1.970645868709652859e-15
1.481933593750000000e-01 -1.887379141862766119e-15
1.483154296875000000e-01 -1.970645868709652859e-15
1.484375000000000000e-01 -1.915134717478395032e-15
1.485595703125000000e-01 -1.915134717478395032e-15
1.486816406250000000e-01 -1.887379141862766119e-15
1.488037109375000000e-01 -1.970645868709652859e-15
1.489257812500000000e-01 -1.915134717478395032e-15
1.490478515625000000e-01 -1.970645868709652859e-15
1.491699218750000000e-01 -1.915134717478395032e-15
1.492919921875000000e-01 -1.915134717478395032e-15
1.494140625000000000e-01 -1.915134717478395032e-15
1.495361328125000000e-01 -1.970645868709652859e-15
1.496582031250000000e-01 -1.970645868709652859e-15
1.497802734375000000e-01 -1.887379141862766119e-15
1.499023437500000000e-01 -1.942890293094023946e-15
1.500244140625000000e-01 -1.998401444325281773e-15
1.501464843750000000e-01 -1.998401444325281773e-15
1.502685546875000000e-01 -1.831867990631508292e-15
1.503906250000000000e-01 -1.942890293094023946e-15
1.505126953125000000e-01 -1.998401444325281773e-15
1.506347656250000000e-01 -1.942890293094023946e-15
1.507568359375000000e-01 -1.887379141862766119e-15
1.508789062500000000e-01 -1.887379141862766119e-15
1.510009765625000000e-01 -1.998401444325281773e-15
1.511230468750000000e-01 -1.998401444325281773e-15
1.512451171875000000e-01 -2.109423746787797427e-15
1.513671875000000000e-01 -1.942890293094023946e-15
1.514892578125000000e-01 -1.942890293094023946e-15
1.516113281250000000e-01 -2.109423746787797427e-15
1.517333984375000000e-01 -2.053912595556539600e-15
1.518554687500000000e-01 -1.942890293094023946e-15
1.519775390625000000e-01 -1.998401444325281773e-15
1.520996093750000000e-01 -1.998401444325281773e-15
1.522216796875000000e-01 -1.942890293094023946e-15
1.523437500000000000e-01 -1.998401444325281773e-15
1.524658203125000000e-01 -2.109423746787797427e-15
1.525878906250000000e-01 -1.998401444325281773e-15
1.527099609375000000e-01 -2.053912595556539600e-15
1.528320312500000000e-01 -2.053912595556539600e-15
1.529541015625000000e-01 -2.053912595556539600e-15
1.530761718750000000e-01 -1.998401444325281773e-15
1.531982421875000000e-01 -2.053912595556539600e-15
1.533203125000000000e-01 -2.053912595556539600e-15
1.534423828125000000e-01 -1.998401444325281773e-15
1.535644531250000000e-01 -2.053912595556539600e-15
1.536865234375000000e-01 -1.998401444325281773e-15
1.538085937500000000e-01 -2.109423746787797427e-15
1.539306640625000000e-01 -2.053912595556539600e-15
1.540527343750000000e-01 -1.998401444325281773e-15
1.541748046875000000e-01 -1.998401444325281773e-15
1.542968750000000000e-01 -1.998401444325281773e-15
1.544189453125000000e-01 -2.053912595556539600e-15
1.545410156250000000e-01 -2.053912595556539600e-15
1.546630859375000000e-01 -2.053912595556539600e-15
1.547851562500000000e-01 -2.164934898019055254e-15
1.549072265625000000e-01 -2.053912595556539600e-15
1.550292968750000000e-01 -1.998401444325281773e-15
1.551513671875000000e-01 -2.164934898019055254e-15
1.552734375000000000e-01 -2.109423746787797427e-15
1.553955078125000000e-01 -2.164934898019055254e-15
1.555175781250000000e-01 -2.053912595556539600e-15
1.556396484375000000e-01 -2.053912595556539600e-15
1.557617187500000000e-01 -2.053912595556539600e-15
1.558837890625000000e-01 -2.053912595556539600e-15
1.560058593750000000e-01 -2.109423746787797427e-15
1.561279296875000000e-01 -2.164934898019055254e-15
1.562500000000000000e-01 -2.053912595556539600e-15
1.563720703125000000e-01 -2.109423746787797427e-15
1.564941406250000000e-01 -2.053912595556539600e-15
1.566162109375000000e-01 -2.053912595556539600e-15
1.567382812500000000e-01 -1.998401444325281773e-15
1.568603515625000000e-01 -2.109423746787797427e-15
1.569824218750000000e-01 -2.109423746787797427e-15
1.571044921875000000e-01 -2.164934898019055254e-15
1.572265625000000000e-01 -1.998401444325281773e-15
1.573486328125000000e-01 -2.053912595556539600e-15
1.574707031250000000e-01 -1.998401444325281773e-15
1.575927734375000000e-01 -2.164934898019055254e-15
1.577148437500000000e-01 -2.164934898019055254e-15
1.578369140625000000e-01 -2.053912595556539600e-15
1.579589843750000000e-01 -2.053912595556539600e-15
1.580810546875000000e-01 -2.164934898019055254e-15
1.582031250000000000e-01 -2.164934898019055254e-15
1.583251953125000000e-01 -2.109423746787797427e-15
1.584472656250000000e-01 -2.109423746787797427e-15
1.585693359375000000e-01 -2.164934898019055254e-15
1.586914062500000000e-01 -2.164934898019055254e-15
1.588134765625000000e-01 -2.164934898019055254e-15
1.589355468750000000e-01 -2.164934898019055254e-15
1.590576171875000000e-01 -2.220446049250313081e-15
1.591796875000000000e-01 -2.109423746787797427e-15
1.593017578125000000e-01 -2.220446049250313081e-15
1.594238281250000000e-01 -2.164934898019055254e-15
1.595458984375000000e-01 -2.109423746787797427e-15
1.596679687500000000e-01 -2.164934898019055254e-15
1.597900390625000000e-01 -2.109423746787797427e-15
1.599121093750000000e-01 -2.109423746787797427e-15
1.600341796875000000e-01 -2.164934898019055254e-15
1.601562500000000000e-01 -2.164934898019055254e-15
1.602783203125000000e-01 -2.164934898019055254e-15
1.604003906250000000e-01 -2.164934898019055254e-15
1.605224609375000000e-01 -2.164934898019055254e-15
1.606445312500000000e-01 -2.164934898019055254e-15
1.607666015625000000e-01 -2.220446049250313081e-15
1.608886718750000000e-01 -2.220446049250313081e-15
1.610107421875000000e-01 -2.164934898019055254e-15
1.611328125000000000e-01 -2.164934898019055254e-15
1.612548828125000000e-01 -2.164934898019055254e-15
1.613769531250000000e-01 -2.220446049250313081e-15
1.614990234375000000e-01 -2.220446049250313081e-15
1.616210937500000000e-01 -2.220446049250313081e-15
1.617431640625000000e-01 -2.275957200481570908e-15
1.618652343750000000e-01 -2.164934898019055254e-15
1.619873046875000000e-01 -2.220446049250313081e-15
1.621093750000000000e-01 -2.109423746787797427e-15
1.622314453125000000e-01 -2.220446049250313081e-15
1.623535156250000000e-01 -2.220446049250313081e-15
1.624755859375000000e-01 -2.220446049250313081e-15
1.625976562500000000e-01 -2.220446049250313081e-15
1.627197265625000000e-01 -2.275957200481570908e-15
1.628417968750000000e-01 -2.220446049250313081e-15
1.629638671875000000e-01 -2.331468351712828735e-15
1.630859375000000000e-01 -2.164934898019055254e-15
1.632080078125000000e-01 -2.220446049250313081e-15
1.633300781250000000e-01 -2.220446049250313081e-15
1.634521484375000000e-01 -2.331468351712828735e-15
1.635742187500000000e-01 -2.220446049250313081e-15
1.636962890625000000e-01 -2.386979502944086562e-15
1.638183593750000000e-01 -2.275957200481570908e-15
1.639404296875000000e-01 -2.275957200481570908e-15
1.640625000000000000e-01 -2.275957200481570908e-15
1.641845703125000000e-01 -2.331468351712828735e-15
1.643066406250000000e-01 -2.275957200481570908e-15
1.644287109375000000e-01 -2.331468351712828735e-15
1.645507812500000000e-01 -2.275957200481570908e-15
1.646728515625000000e-01 -2.442490654175344389e-15
1.647949218750000000e-01 -2.275957200481570908e-15
1.649169921875000000e-01 -2.386979502944086562e-15
1.650390625000000000e-01 -2.331468351712828735e-15
1.651611328125000000e-01 -2.275957200481570908e-15
1.652832031250000000e-01 -2.331468351712828735e-15
1.654052734375000000e-01 -2.220446049250313081e-15
1.655273437500000000e-01 -2.386979502944086562e-15
1.656494140625000000e-01 -2.386979502944086562e-15
1.657714843750000000e-01 -2.275957200481570908e-15
1.658935546875000000e-01 -2.386979502944086562e-15
1.660156250000000000e-01 -2.275957200481570908e-15
1.661376953125000000e-01 -2.275957200481570908e-15
1.662597656250000000e-01 -2.331468351712828735e-15
1.663818359375000000e-01 -2.442490654175344389e-15
1.665039062500000000e-01 -2.331468351712828735e-15
1.666259765625000000e-01 -2.386979502944086562e-15
1.667480468750000000e-01 -2.386979502944086562e-15
1.668701171875000000e-01 -2.386979502944086562e-15
1.669921875000000000e-01 -2.331468351712828735e-15
1.671142578125000000e-01 -2.331468351712828735e-15
1.672363281250000000e-01 -2.386979502944086562e-15
1.673583984375000000e-01 -2.442490654175344389e-15
1.674804687500000000e-01 -2.331468351712828735e-15
1.676025390625000000e-01 -2.386979502944086562e-15
1.677246093750000000e-01 -2.331468351712828735e-15
1.678466796875000000e-01 -2.275957200481570908e-15
1.679687500000000000e-01 -2.331468351712828735e-15
1.680908203125000000e-01 -2.386979502944086562e-15
1.682128906250000000e-01 -2.442490654175344389e-15
1.683349609375000000e-01 -2.386979502944086562e-15
1.684570312500000000e-01 -2.442490654175344389e-15
1.685791015625000000e-01 -2.442490654175344389e-15
1.687011718750000000e-01 -2.442490654175344389e-15
1.688232421875000000e-01 -2.442490654175344389e-15
1.689453125000000000e-01 -2.498001805406602216e-15
1.690673828125000000e-01 -2.442490654175344389e-15
1.691894531250000000e-01 -2.498001805406602216e-15
1.693115234375000000e-01 -2.386979502944086562e-15
1.694335937500000000e-01 -2.498001805406602216e-15
1.695556640625000000e-01 -2.553512956637860043e-15
1.696777343750000000e-01 -2.442490654175344389e-15
1.697998046875000000e-01 -2.498001805406602216e-15
1.699218750000000000e-01 -2.498001805406602216e-15
1.700439453125000000e-01 -2.498001805406602216e-15
1.701660156250000000e-01 -2.386979502944086562e-15
1.702880859375000000e-01 -2.498001805406602216e-15
1.704101562500000000e-01 -2.498001805406602216e-15
1.705322265625000000e-01 -2.498001805406602216e-15
1.706542968750000000e-01 -2.553512956637860043e-15
1.707763671875000000e-01 -2.609024107869117870e-15
1.708984375000000000e-01 -2.498001805406602216e-15
1.710205078125000000e-01 -2.498001805406602216e-15
1.711425781250000000e-01 -2.442490654175344389e-15
1.712646484375000000e-01 -2.553512956637860043e-15
1.713867187500000000e-01 -2.498001805406602216e-15
1.715087890625000000e-01 -2.609024107869117870e-15
1.716308593750000000e-01 -2.498001805406602216e-15
1.717529296875000000e-01 -2.553512956637860043e-15
1.718750000000000000e-01 -2.498001805406602216e-15
1.719970703125000000e-01 -2.498001805406602216e-15
1.721191406250000000e-01 -2.609024107869117870e-15
1.722412109375000000e-01 -2.664535259100375697e-15
1.723632812500000000e-01 -2.609024107869117870e-15
1.724853515625000000e-01 -2.664535259100375697e-15
1.726074218750000000e-01 -2.664535259100375697e-15
1.727294921875000000e-01 -2.775557561562891351e-15
1.728515625000000000e-01 -2.720046410331633524e-15
1.729736328125000000e-01 -2.720046410331633524e-15
1.730957031250000000e-01 -2.664535259100375697e-15
1.732177734375000000e-01 -2.609024107869117870e-15
1.733398437500000000e-01 -2.720046410331633524e-15
1.734619140625000000e-01 -2.720046410331633524e-15
1.735839843750000000e-01 -2.664535259100375697e-15
1.737060546875000000e-01 -2.720046410331633524e-15
1.738281250000000000e-01 -2.609024107869117870e-15
1.739501953125000000e-01 -2.664535259100375697e-15
1.740722656250000000e-01 -2.720046410331633524e-15
1.741943359375000000e-01 -2.609024107869117870e-15
1.743164062500000000e-01 -2.720046410331633524e-15
1.744384765625000000e-01 -2.831068712794149178e-15
1.745605468750000000e-01 -2.831068712794149178e-15
1.746826171875000000e-01 -2.942091015256664832e-15
1.748046875000000000e-01 -2.720046410331633524e-15
1.749267578125000000e-01 -2.831068712794149178e-15
1.750488281250000000e-01 -2.775557561562891351e-15
1.751708984375000000e-01 -2.720046410331633524e-15
1.752929687500000000e-01 -2.664535259100375697e-15
1.754150390625000000e-01 -2.831068712794149178e-15
1.755371093750000000e-01 -2.775557561562891351e-15
1.756591796875000000e-01 -2.720046410331633524e-15
1.757812500000000000e-01 -2.775557561562891351e-15
1.759033203125000000e-01 -2.720046410331633524e-15
1.760253906250000000e-01 -2.720046410331633524e-15
1.761474609375000000e-01 -2.831068712794149178e-15
1.762695312500000000e-01 -2.609024107869117870e-15
1.763916015625000000e-01 -2.831068712794149178e-15
1.765136718750000000e-01 -2.831068712794149178e-15
1.766357421875000000e-01 -2.886579864025407005e-15
1.767578125000000000e-01 -2.886579864025407005e-15
1.768798828125000000e-01 -2.886579864025407005e-15
1.770019531250000000e-01 -2.997602166487922659e-15
1.771240234375000000e-01 -2.775557561562891351e-15
1.772460937500000000e-01 -2.831068712794149178e-15
1.773681640625000000e-01 -2.997602166487922659e-15
1.774902343750000000e-01 -2.886579864025407005e-15
1.776123046875000000e-01 -2.831068712794149178e-15
1.777343750000000000e-01 -2.886579864025407005e-15
1.778564453125000000e-01 -2.886579864025407005e-15
1.779785156250000000e-01 -2.997602166487922659e-15
1.781005859375000000e-01 -2.942091015256664832e-15
1.782226562500000000e-01 -2.831068712794149178e-15
1.783447265625000000e-01 -2.886579864025407005e-15
1.784667968750000000e-01 -2.831068712794149178e-15
1.785888671875000000e-01 -3.108624468950438313e-15
1.787109375000000000e-01 -2.886579864025407005e-15
1.788330078125000000e-01 -2.942091015256664832e-15
1.789550781250000000e-01 -2.886579864025407005e-15
1.790771484375000000e-01 -2.997602166487922659e-15
1.791992187500000000e-01 -2.942091015256664832e-15
1.793212890625000000e-01 -2.997602166487922659e-15
1.794433593750000000e-01 -2.997602166487922659e-15
1.795654296875000000e-01 -2.886579864025407005e-15
1.796875000000000000e-01 -2.831068712794149178e-15
1.798095703125000000e-01 -2.997602166487922659e-15
1.799316406250000000e-01 -3.053113317719180486e-15
1.800537109375000000e-01 -2.997602166487922659e-15
1.801757812500000000e-01 -2.997602166487922659e-15
1.802978515625000000e-01 -3.053113317719180486e-15
1.804199218750000000e-01 -2.942091015256664832e-15
1.805419921875000000e-01 -2.942091015256664832e-15
1.806640625000000000e-01 -3.053113317719180486e-15
1.807861328125000000e-01 -2.997602166487922659e-15
1.809082031250000000e-01 -3.108624468950438313e-15
1.810302734375000000e-01 -2.997602166487922659e-15
1.811523437500000000e-01 -2.942091015256664832e-15
1.812744140625000000e-01 -3.108624468950438313e-15
1.813964843750000000e-01 -3.164135620181696140e-15
1.815185546875000000e-01 -2.997602166487922659e-15
1.816406250000000000e-01 -3.053113317719180486e-15
1.817626953125000000e-01 -3.108624468950438313e-15
1.818847656250000000e-01 -2.942091015256664832e-15
1.820068359375000000e-01 -3.053113317719180486e-15
1.821289062500000000e-01 -2.997602166487922659e-15
1.822509765625000000e-01 -2.997602166487922659e-15
1.823730468750000000e-01 -3.108624468950438313e-15
1.824951171875000000e-01 -3.164135620181696140e-15
1.826171875000000000e-01 -3.108624468950438313e-15
1.827392578125000000e-01 -3.108624468950438313e-15
1.828613281250000000e-01 -3.053113317719180486e-15
1.829833984375000000e-01 -3.164135620181696140e-15
1.831054687500000000e-01 -3.164135620181696140e-15
1.832275390625000000e-01 -3.108624468950438313e-15
1.833496093750000000e-01 -3.219646771412953967e-15
1.834716796875000000e-01 -3.053113317719180486e-15
1.835937500000000000e-01 -3.108624468950438313e-15
1.837158203125000000e-01 -3.164135620181696140e-15
1.838378906250000000e-01 -3.164135620181696140e-15
1.839599609375000000e-01 -3.053113317719180486e-15
1.840820312500000000e-01 -3.053113317719180486e-15
1.842041015625000000e-01 -3.219646771412953967e-15
1.843261718750000000e-01 -3.219646771412953967e-15
1.844482421875000000e-01 -3.275157922644211794e-15
1.845703125000000000e-01 -3.219646771412953967e-15
1.846923828125000000e-01 -3.275157922644211794e-15
1.848144531250000000e-01 -3.164135620181696140e-15
1.849365234375000000e-01 -3.164135620181696140e-15
1.850585937500000000e-01 -3.219646771412953967e-15
1.851806640625000000e-01 -3.108624468950438313e-15
1.853027343750000000e-01 -3.275157922644211794e-15
1.854248046875000000e-01 -3.275157922644211794e-15
1.855468750000000000e-01 -3.219646771412953967e-15
1.856689453125000000e-01 -3.441691376337985275e-15
1.857910156250000000e-01 -3.164135620181696140e-15
1.859130859375000000e-01 -3.330669073875469621e-15
1.860351562500000000e-01 -3.386180225106727448e-15
1.861572265625000000e-01 -3.275157922644211794e-15
1.862792968750000000e-01 -3.275157922644211794e-15
1.864013671875000000e-01 -3.441691376337985275e-15
1.865234375000000000e-01 -3.330669073875469621e-15
1.866455078125000000e-01 -3.330669073875469621e-15
1.867675781250000000e-01 -3.275157922644211794e-15
1.868896484375000000e-01 -3.386180225106727448e-15
1.870117187500000000e-01 -3.275157922644211794e-15
1.871337890625000000e-01 -3.275157922644211794e-15
1.872558593750000000e-01 -3.330669073875469621e-15
1.873779296875000000e-01 -3.386180225106727448e-15
1.875000000000000000e-01 -3.330669073875469621e-15
1.876220703125000000e-01 -3.386180225106727448e-15
1.877441406250000000e-01 -3.386180225106727448e-15
1.878662109375000000e-01 -3.330669073875469621e-15
1.879882812500000000e-01 -3.386180225106727448e-15
1.881103515625000000e-01 -3.441691376337985275e-15
1.882324218750000000e-01 -3.497202527569243102e-15
1.883544921875000000e-01 -3.386180225106727448e-15
1.884765625000000000e-01 -3.386180225106727448e-15
1.885986328125000000e-01 -3.386180225106727448e-15
1.887207031250000000e-01 -3.386180225106727448e-15
1.888427734375000000e-01 -3.497202527569243102e-15
1.889648437500000000e-01 -3.386180225106727448e-15
1.890869140625000000e-01 -3.497202527569243102e-15
1.892089843750000000e-01 -3.497202527569243102e-15
1.893310546875000000e-01 -3.441691376337985275e-15
1.894531250000000000e-01 -3.552713678800500929e-15
1.895751953125000000e-01 -3.386180225106727448e-15
1.896972656250000000e-01 -3.497202527569243102e-15
1.898193359375000000e-01 -3.441691376337985275e-15
1.899414062500000000e-01 -3.552713678800500929e-15
1.900634765625000000e-01 -3.552713678800500929e-15
1.901855468750000000e-01 -3.552713678800500929e-15
1.903076171875000000e-01 -3.719247132494274410e-15
1.904296875000000000e-01 -3.441691376337985275e-15
1.905517578125000000e-01 -3.552713678800500929e-15
1.906738281250000000e-01 -3.497202527569243102e-15
1.907958984375000000e-01 -3.552713678800500929e-15
1.909179687500000000e-01 -3.608224830031758756e-15
1.910400390625000000e-01 -3.552713678800500929e-15
1.911621093750000000e-01 -3.552713678800500929e-15
1.912841796875000000e-01 -3.497202527569243102e-15
1.914062500000000000e-01 -3.497202527569243102e-15
1.915283203125000000e-01 -3.497202527569243102e-15
1.916503906250000000e-01 -3.608224830031758756e-15
1.917724609375000000e-01 -3.608224830031758756e-15
1.918945312500000000e-01 -3.608224830031758756e-15
1.920166015625000000e-01 -3.663735981263016583e-15
1.921386718750000000e-01 -3.497202527569243102e-15
1.922607421875000000e-01 -3.552713678800500929e-15
1.923828125000000000e-01 -3.663735981263016583e-15
1.925048828125000000e-01 -3.552713678800500929e-15
1.926269531250000000e-01 -3.497202527569243102e-15
1.927490234375000000e-01 -3.608224830031758756e-15
1.928710937500000000e-01 -3.552713678800500929e-15
1.929931640625000000e-01 -3.719247132494274410e-15
1.931152343750000000e-01 -3.608224830031758756e-15
1.932373046875000000e-01 -3.719247132494274410e-15
1.933593750000000000e-01 -3.719247132494274410e-15
1.934814453125000000e-01 -3.774758283725532237e-15
1.936035156250000000e-01 -3.663735981263016583e-15
1.937255859375000000e-01 -3.719247132494274410e-15
1.938476562500000000e-01 -3.774758283725532237e-15
1.939697265625000000e-01 -3.774758283725532237e-15
1.940917968750000000e-01 -3.719247132494274410e-15
1.942138671875000000e-01 -3.830269434956790064e-15
1.943359375000000000e-01 -3.663735981263016583e-15
1.944580078125000000e-01 -3.719247132494274410e-15
1.945800781250000000e-01 -3.885780586188047891e-15
1.947021484375000000e-01 -3.774758283725532237e-15
1.948242187500000000e-01 -3.719247132494274410e-15
1.949462890625000000e-01 -3.830269434956790064e-15
1.950683593750000000e-01 -3.830269434956790064e-15
1.951904296875000000e-01 -3.663735981263016583e-15
1.953125000000000000e-01 -3.719247132494274410e-15
1.954345703125000000e-01 -3.885780586188047891e-15
1.955566406250000000e-01 -3.885780586188047891e-15
1.956787109375000000e-01 -3.719247132494274410e-15
1.958007812500000000e-01 -3.774758283725532237e-15
1.959228515625000000e-01 -3.830269434956790064e-15
1.960449218750000000e-01 -3.663735981263016583e-15
1.961669921875000000e-01 -3.996802888650563546e-15
1.962890625000000000e-01 -3.885780586188047891e-15
1.964111328125000000e-01 -3.941291737419305719e-15
1.965332031250000000e-01 -3.885780586188047891e-15
1.966552734375000000e-01 -3.941291737419305719e-15
1.967773437500000000e-01 -3.830269434956790064e-15
1.968994140625000000e-01 -3.830269434956790064e-15
1.970214843750000000e-01 -3.830269434956790064e-15
1.971435546875000000e-01 -3.885780586188047891e-15
1.972656250000000000e-01 -3.885780586188047891e-15
1.973876953125000000e-01 -3.941291737419305719e-15
1.975097656250000000e-01 -3.830269434956790064e-15
1.976318359375000000e-01 -3.996802888650563546e-15
1.977539062500000000e-01 -3.941291737419305719e-15
1.978759765625000000e-01 -3.996802888650563546e-15
1.979980468750000000e-01 -3.885780586188047891e-15
1.981201171875000000e-01 -3.996802888650563546e-15
1.982421875000000000e-01 -3.941291737419305719e-15
1.983642578125000000e-01 -3.830269434956790064e-15
1.984863281250000000e-01 -3.941291737419305719e-15
1.986083984375000000e-01 -4.107825191113079200e-15
1.987304687500000000e-01 -3.941291737419305719e-15
1.988525390625000000e-01 -3.941291737419305719e-15
1.989746093750000000e-01 -3.941291737419305719e-15
1.990966796875000000e-01 -4.163336342344337027e-15
1.992187500000000000e-01 -3.885780586188047891e-15
1.993408203125000000e-01 -3.996802888650563546e-15
1.994628906250000000e-01 -3.996802888650563546e-15
1.995849609375000000e-01 -3.941291737419305719e-15
1.997070312500000000e-01 -3.941291737419305719e-15
1.998291015625000000e-01 -4.107825191113079200e-15
1.999511718750000000e-01 -4.052314039881821373e-15
2.000732421875000000e-01 -4.107825191113079200e-15
2.001953125000000000e-01 -4.052314039881821373e-15
2.003173828125000000e-01 -4.052314039881821373e-15
2.004394531250000000e-01 -3.996802888650563546e-15
2.005615234375000000e-01 -4.107825191113079200e-15
2.006835937500000000e-01 -4.052314039881821373e-15
2.008056640625000000e-01 -4.107825191113079200e-15
2.009277343750000000e-01 -4.107825191113079200e-15
2.010498046875000000e-01 -4.163336342344337027e-15
2.011718750000000000e-01 -4.052314039881821373e-15
2.012939453125000000e-01 -4.107825191113079200e-15
2.014160156250000000e-01 -4.107825191113079200e-15
2.015380859375000000e-01 -4.218847493575594854e-15
2.016601562500000000e-01 -4.163336342344337027e-15
2.017822265625000000e-01 -4.163336342344337027e-15
2.019042968750000000e-01 -4.218847493575594854e-15
2.020263671875000000e-01 -4.218847493575594854e-15
2.021484375000000000e-01 -4.163336342344337027e-15
2.022705078125000000e-01 -4.107825191113079200e-15
2.023925781250000000e-01 -4.052314039881821373e-15
2.025146484375000000e-01 -4.107825191113079200e-15
2.026367187500000000e-01 -4.163336342344337027e-15
2.027587890625000000e-01 -4.163336342344337027e-15
2.028808593750000000e-01 -4.163336342344337027e-15
2.030029296875000000e-01 -4.218847493575594854e-15
2.031250000000000000e-01 -4.163336342344337027e-15
2.032470703125000000e-01 -4.329869796038110508e-15
2.033691406250000000e-01 -4.163336342344337027e-15
2.034912109375000000e-01 -4.218847493575594854e-15
2.036132812500000000e-01 -4.274358644806852681e-15
2.037353515625000000e-01 -4.274358644806852681e-15
2.038574218750000000e-01 -4.163336342344337027e-15
2.039794921875000000e-01 -4.329869796038110508e-15
2.041015625000000000e-01 -4.329869796038110508e-15
2.042236328125000000e-01 -4.218847493575594854e-15
2.043457031250000000e-01 -4.218847493575594854e-15
2.044677734375000000e-01 -4.329869796038110508e-15
2.045898437500000000e-01 -4.385380947269368335e-15
2.047119140625000000e-01 -4.329869796038110508e-15
2.048339843750000000e-01 -4.385380947269368335e-15
2.049560546875000000e-01 -4.329869796038110508e-15
2.050781250000000000e-01 -4.329869796038110508e-15
2.052001953125000000e-01 -4.440892098500626162e-15
2.053222656250000000e-01 -4.329869796038110508e-15
2.054443359375000000e-01 -4.385380947269368335e-15
2.055664062500000000e-01 -4.329869796038110508e-15
2.056884765625000000e-01 -4.440892098500626162e-15
2.058105468750000000e-01 -4.385380947269368335e-15
2.059326171875000000e-01 -4.551914400963141816e-15
2.060546875000000000e-01 -4.385380947269368335e-15
2.061767578125000000e-01 -4.385380947269368335e-15
2.062988281250000000e-01 -4.440892098500626162e-15
2.064208984375000000e-01 -4.551914400963141816e-15
2.065429687500000000e-01 -4.385380947269368335e-15
2.066650390625000000e-01 -4.551914400963141816e-15
2.067871093750000000e-01 -4.496403249731883989e-15
2.069091796875000000e-01 -4.551914400963141816e-15
2.070312500000000000e-01 -4.385380947269368335e-15
2.071533203125000000e-01 -4.385380947269368335e-15
2.072753906250000000e-01 -4.274358644806852681e-15
2.073974609375000000e-01 -4.551914400963141816e-15
2.075195312500000000e-01 -4.440892098500626162e-15
2.076416015625000000e-01 -4.496403249731883989e-15
2.077636718750000000e-01 -4.607425552194399643e-15
2.078857421875000000e-01 -4.496403249731883989e-15
2.080078125000000000e-01 -4.496403249731883989e-15
2.081298828125000000e-01 -4.496403249731883989e-15
2.082519531250000000e-01 -4.551914400963141816e-15
2.083740234375000000e-01 -4.551914400963141816e-15
2.084960937500000000e-01 -4.496403249731883989e-15
2.086181640625000000e-01 -4.551914400963141816e-15
2.087402343750000000e-01 -4.496403249731883989e-15
2.088623046875000000e-01 -4.607425552194399643e-15
2.089843750000000000e-01 -4.496403249731883989e-15
2.091064453125000000e-01 -4.551914400963141816e-15
2.092285156250000000e-01 -4.607425552194399643e-15
2.093505859375000000e-01 -4.551914400963141816e-15
2.094726562500000000e-01 -4.496403249731883989e-15
2.095947265625000000e-01 -4.607425552194399643e-15
2.097167968750000000e-01 -4.551914400963141816e-15
2.098388671875000000e-01 -4.662936703425657470e-15
2.099609375000000000e-01 -4.607425552194399643e-15
2.100830078125000000e-01 -4.607425552194399643e-15
2.102050781250000000e-01 -4.551914400963141816e-15
2.103271484375000000e-01 -4.773959005888173124e-15
2.104492187500000000e-01 -4.718447854656915297e-15
2.105712890625000000e-01 -4.662936703425657470e-15
2.106933593750000000e-01 -4.496403249731883989e-15
2.108154296875000000e-01 -4.662936703425657470e-15
2.109375000000000000e-01 -4.662936703425657470e-15
2.110595703125000000e-01 -4.662936703425657470e-15
2.111816406250000000e-01 -4.607425552194399643e-15
2.113037109375000000e-01 -4.662936703425657470e-15
2.114257812500000000e-01 -4.718447854656915297e-15
2.115478515625000000e-01 -4.718447854656915297e-15
2.116699218750000000e-01 -4.773959005888173124e-15
2.117919921875000000e-01 -4.662936703425657470e-15
2.119140625000000000e-01 -4.662936703425657470e-15
2.120361328125000000e-01 -4.773959005888173124e-15
2.121582031250000000e-01 -4.718447854656915297e-15
2.122802734375000000e-01 -4.718447854656915297e-15
2.124023437500000000e-01 -4.718447854656915297e-15
2.125244140625000000e-01 -4.773959005888173124e-15
2.126464843750000000e-01 -4.718447854656915297e-15
2.127685546875000000e-01 -4.607425552194399643e-15
2.128906250000000000e-01 -4.607425552194399643e-15
2.130126953125000000e-01 -4.884981308350688778e-15
2.131347656250000000e-01 -4.773959005888173124e-15
2.132568359375000000e-01 -4.773959005888173124e-15
2.133789062500000000e-01 -4.662936703425657470e-15
2.135009765625000000e-01 -4.773959005888173124e-15
2.136230468750000000e-01 -4.829470157119430951e-15
2.137451171875000000e-01 -4.829470157119430951e-15
2.138671875000000000e-01 -4.829470157119430951e-15
2.139892578125000000e-01 -4.662936703425657470e-15
2.141113281250000000e-01 -4.773959005888173124e-15
2.142333984375000000e-01 -4.940492459581946605e-15
2.143554687500000000e-01 -4.829470157119430951e-15
2.144775390625000000e-01 -4.884981308350688778e-15
2.145996093750000000e-01 -4.773959005888173124e-15
2.147216796875000000e-01 -4.940492459581946605e-15
2.148437500000000000e-01 -4.829470157119430951e-15
2.149658203125000000e-01 -4.884981308350688778e-15
2.150878906250000000e-01 -4.829470157119430951e-15
2.152099609375000000e-01 -4.940492459581946605e-15
2.153320312500000000e-01 -4.829470157119430951e-15
2.154541015625000000e-01 -4.829470157119430951e-15
2.155761718750000000e-01 -4.773959005888173124e-15
2.156982421875000000e-01 -5.051514762044462259e-15
2.158203125000000000e-01 -4.996003610813204432e-15
2.159423828125000000e-01 -4.829470157119430951e-15
2.160644531250000000e-01 -4.829470157119430951e-15
2.161865234375000000e-01 -4.996003610813204432e-15
2.163085937500000000e-01 -4.940492459581946605e-15
2.164306640625000000e-01 -4.884981308350688778e-15
2.165527343750000000e-01 -4.773959005888173124e-15
2.166748046875000000e-01 -4.940492459581946605e-15
2.167968750000000000e-01 -4.884981308350688778e-15
2.169189453125000000e-01 -4.996003610813204432e-15
2.170410156250000000e-01 -4.829470157119430951e-15
2.171630859375000000e-01 -4.996003610813204432e-15
2.172851562500000000e-01 -4.940492459581946605e-15
2.174072265625000000e-01 -4.940492459581946605e-15
2.175292968750000000e-01 -4.884981308350688778e-15
2.176513671875000000e-01 -4.996003610813204432e-15
2.177734375000000000e-01 -4.940492459581946605e-15
2.178955078125000000e-01 -4.996003610813204432e-15
2.180175781250000000e-01 -4.940492459581946605e-15
2.181396484375000000e-01 -5.051514762044462259e-15
2.182617187500000000e-01 -4.940492459581946605e-15
2.183837890625000000e-01 -4.996003610813204432e-15
2.185058593750000000e-01 -5.051514762044462259e-15
2.186279296875000000e-01 -5.107025913275720086e-15
2.187500000000000000e-01 -4.940492459581946605e-15
2.188720703125000000e-01 -4.996003610813204432e-15
2.189941406250000000e-01 -4.940492459581946605e-15
2.191162109375000000e-01 -5.051514762044462259e-15
2.192382812500000000e-01 -5.051514762044462259e-15
2.193603515625000000e-01 -5.051514762044462259e-15
2.194824218750000000e-01 -4.996003610813204432e-15
2.196044921875000000e-01 -5.162537064506977913e-15
2.197265625000000000e-01 -5.107025913275720086e-15
2.198486328125000000e-01 -5.051514762044462259e-15
2.199707031250000000e-01 -4.940492459581946605e-15
2.200927734375000000e-01 -5.051514762044462259e-15
2.202148437500000000e-01 -5.051514762044462259e-15
2.203369140625000000e-01 -5.051514762044462259e-15
2.204589843750000000e-01 -4.996003610813204432e-15
2.205810546875000000e-01 -5.051514762044462259e-15
2.207031250000000000e-01 -5.051514762044462259e-15
2.208251953125000000e-01 -5.107025913275720086e-15
2.209472656250000000e-01 -4.996003610813204432e-15
2.210693359375000000e-01 -5.162537064506977913e-15
2.211914062500000000e-01 -5.162537064506977913e-15
2.213134765625000000e-01 -5.051514762044462259e-15
2.214355468750000000e-01 -5.162537064506977913e-15
2.215576171875000000e-01 -5.218048215738235740e-15
2.216796875000000000e-01 -5.162537064506977913e-15
2.218017578125000000e-01 -5.162537064506977913e-15
2.219238281250000000e-01 -5.107025913275720086e-15
2.220458984375000000e-01 -5.162537064506977913e-15
2.221679687500000000e-01 -5.162537064506977913e-15
2.222900390625000000e-01 -5.218048215738235740e-15
2.224121093750000000e-01 -5.051514762044462259e-15
2.225341796875000000e-01 -5.051514762044462259e-15
2.226562500000000000e-01 -5.107025913275720086e-15
2.227783203125000000e-01 -5.162537064506977913e-15
2.229003906250000000e-01 -5.218048215738235740e-15
2.230224609375000000e-01 -5.218048215738235740e-15
2.231445312500000000e-01 -5.162537064506977913e-15
2.232666015625000000e-01 -5.218048215738235740e-15
2.233886718750000000e-01 -5.218048215738235740e-15
2.235107421875000000e-01 -5.273559366969493567e-15
2.236328125000000000e-01 -5.162537064506977913e-15
2.237548828125000000e-01 -5.051514762044462259e-15
2.238769531250000000e-01 -5.162537064506977913e-15
2.239990234375000000e-01 -5.218048215738235740e-15
2.241210937500000000e-01 -5.162537064506977913e-15
2.242431640625000000e-01 -5.273559366969493567e-15
2.243652343750000000e-01 -5.218048215738235740e-15
2.244873046875000000e-01 -5.273559366969493567e-15
2.246093750000000000e-01 -5.107025913275720086e-15
2.247314453125000000e-01 -5.273559366969493567e-15
2.248535156250000000e-01 -5.107025913275720086e-15
2.249755859375000000e-01 -5.218048215738235740e-15
2.250976562500000000e-01 -5.273559366969493567e-15
2.252197265625000000e-01 -5.273559366969493567e-15
2.253417968750000000e-01 -5.218048215738235740e-15
2.254638671875000000e-01 -5.440092820663267048e-15
2.255859375000000000e-01 -5.273559366969493567e-15
2.257080078125000000e-01 -5.218048215738235740e-15
2.258300781250000000e-01 -5.218048215738235740e-15
2.259521484375000000e-01 -5.218048215738235740e-15
2.260742187500000000e-01 -5.218048215738235740e-15
2.261962890625000000e-01 -5.329070518200751394e-15
2.263183593750000000e-01 -5.051514762044462259e-15
2.264404296875000000e-01 -5.329070518200751394e-15
2.265625000000000000e-01 -5.329070518200751394e-15
2.266845703125000000e-01 -5.329070518200751394e-15
2.268066406250000000e-01 -5.218048215738235740e-15
2.269287109375000000e-01 -5.329070518200751394e-15
2.270507812500000000e-01 -5.218048215738235740e-15
2.271728515625000000e-01 -5.329070518200751394e-15
2.272949218750000000e-01 -5.273559366969493567e-15
2.274169921875000000e-01 -5.440092820663267048e-15
2.275390625000000000e-01 -5.273559366969493567e-15
2.276611328125000000e-01 -5.329070518200751394e-15
2.277832031250000000e-01 -5.329070518200751394e-15
2.279052734375000000e-01 -5.273559366969493567e-15
2.280273437500000000e-01 -5.384581669432009221e-15
2.281494140625000000e-01 -5.384581669432009221e-15
2.282714843750000000e-01 -5.218048215738235740e-15
2.283935546875000000e-01 -5.384581669432009221e-15
2.285156250000000000e-01 -5.329070518200751394e-15
2.286376953125000000e-01 -5.273559366969493567e-15
2.287597656250000000e-01 -5.329070518200751394e-15
2.288818359375000000e-01 -5.273559366969493567e-15
2.290039062500000000e-01 -5.329070518200751394e-15
2.291259765625000000e-01 -5.329070518200751394e-15
2.292480468750000000e-01 -5.384581669432009221e-15
2.293701171875000000e-01 -5.440092820663267048e-15
2.294921875000000000e-01 -5.329070518200751394e-15
2.296142578125000000e-01 -5.273559366969493567e-15
2.297363281250000000e-01 -5.273559366969493567e-15
2.298583984375000000e-01 -5.440092820663267048e-15
2.299804687500000000e-01 -5.440092820663267048e-15
2.301025390625000000e-01 -5.329070518200751394e-15
2.302246093750000000e-01 -5.440092820663267048e-15
2.303466796875000000e-01 -5.440092820663267048e-15
2.304687500000000000e-01 -5.273559366969493567e-15
2.305908203125000000e-01 -5.329070518200751394e-15
2.307128906250000000e-01 -5.273559366969493567e-15
2.308349609375000000e-01 -5.329070518200751394e-15
2.309570312500000000e-01 -5.440092820663267048e-15
2.310791015625000000e-01 -5.440092820663267048e-15
2.312011718750000000e-01 -5.440092820663267048e-15
2.313232421875000000e-01 -5.440092820663267048e-15
2.314453125000000000e-01 -5.440092820663267048e-15
2.315673828125000000e-01 -5.440092820663267048e-15
2.316894531250000000e-01 -5.495603971894524875e-15
2.318115234375000000e-01 -5.440092820663267048e-15
2.319335937500000000e-01 -5.440092820663267048e-15
2.320556640625000000e-01 -5.384581669432009221e-15
2.321777343750000000e-01 -5.551115123125782702e-15
2.322998046875000000e-01 -5.551115123125782702e-15
2.324218750000000000e-01 -5.384581669432009221e-15
2.325439453125000000e-01 -5.384581669432009221e-15
2.326660156250000000e-01 -5.329070518200751394e-15
2.327880859375000000e-01 -5.440092820663267048e-15
2.329101562500000000e-01 -5.440092820663267048e-15
2.330322265625000000e-01 -5.329070518200751394e-15
2.331542968750000000e-01 -5.440092820663267048e-15
2.332763671875000000e-01 -5.551115123125782702e-15
2.333984375000000000e-01 -5.495603971894524875e-15
2.335205078125000000e-01 -5.495603971894524875e-15
2.336425781250000000e-01 -5.440092820663267048e-15
2.337646484375000000e-01 -5.440092820663267048e-15
2.338867187500000000e-01 -5.495603971894524875e-15
2.340087890625000000e-01 -5.551115123125782702e-15
2.341308593750000000e-01 -5.495603971894524875e-15
2.342529296875000000e-01 -5.440092820663267048e-15
2.343750000000000000e-01 -5.440092820663267048e-15
2.344970703125000000e-01 -5.662137425588298356e-15
2.346191406250000000e-01 -5.495603971894524875e-15
2.347412109375000000e-01 -5.551115123125782702e-15
2.348632812500000000e-01 -5.551115123125782702e-15
2.349853515625000000e-01 -5.551115123125782702e-15
2.351074218750000000e-01 -5.440092820663267048e-15
2.352294921875000000e-01 -5.828670879282071837e-15
2.353515625000000000e-01 -5.606626274357040529e-15
2.354736328125000000e-01 -5.606626274357040529e-15
2.355957031250000000e-01 -5.606626274357040529e-15
2.357177734375000000e-01 -5.551115123125782702e-15
2.358398437500000000e-01 -5.606626274357040529e-15
2.359619140625000000e-01 -5.551115123125782702e-15
2.360839843750000000e-01 -5.495603971894524875e-15
2.362060546875000000e-01 -5.606626274357040529e-15
2.363281250000000000e-01 -5.440092820663267048e-15
2.364501953125000000e-01 -5.606626274357040529e-15
2.365722656250000000e-01 -5.606626274357040529e-15
2.366943359375000000e-01 -5.495603971894524875e-15
2.368164062500000000e-01 -5.662137425588298356e-15
2.369384765625000000e-01 -5.662137425588298356e-15
2.370605468750000000e-01 -5.551115123125782702e-15
2.371826171875000000e-01 -5.662137425588298356e-15
2.373046875000000000e-01 -5.662137425588298356e-15
2.374267578125000000e-01 -5.440092820663267048e-15
2.375488281250000000e-01 -5.662137425588298356e-15
2.376708984375000000e-01 -5.662137425588298356e-15
2.377929687500000000e-01 -5.606626274357040529e-15
2.379150390625000000e-01 -5.606626274357040529e-15
2.380371093750000000e-01 -5.606626274357040529e-15
2.381591796875000000e-01 -5.606626274357040529e-15
2.382812500000000000e-01 -5.606626274357040529e-15
2.384033203125000000e-01 -5.606626274357040529e-15
2.385253906250000000e-01 -5.495603971894524875e-15
2.386474609375000000e-01 -5.773159728050814010e-15
2.387695312500000000e-01 -5.606626274357040529e-15
2.388916015625000000e-01 -5.606626274357040529e-15
2.390136718750000000e-01 -5.551115123125782702e-15
2.391357421875000000e-01 -5.773159728050814010e-15
2.392578125000000000e-01 -5.606626274357040529e-15
2.393798828125000000e-01 -5.606626274357040529e-15
2.395019531250000000e-01 -5.773159728050814010e-15
2.396240234375000000e-01 -5.551115123125782702e-15
2.397460937500000000e-01 -5.606626274357040529e-15
2.398681640625000000e-01 -5.662137425588298356e-15
2.399902343750000000e-01 -5.551115123125782702e-15
2.401123046875000000e-01 -5.717648576819556183e-15
2.402343750000000000e-01 -5.662137425588298356e-15
2.403564453125000000e-01 -5.717648576819556183e-15
2.404785156250000000e-01 -5.662137425588298356e-15
2.406005859375000000e-01 -5.662137425588298356e-15
2.407226562500000000e-01 -5.551115123125782702e-15
2.408447265625000000e-01 -5.662137425588298356e-15
2.409667968750000000e-01 -5.606626274357040529e-15
2.410888671875000000e-01 -5.773159728050814010e-15
2.412109375000000000e-01 -5.662137425588298356e-15
2.413330078125000000e-01 -5.662137425588298356e-15
2.414550781250000000e-01 -5.662137425588298356e-15
2.415771484375000000e-01 -5.773159728050814010e-15
2.416992187500000000e-01 -5.662137425588298356e-15
2.418212890625000000e-01 -5.662137425588298356e-15
2.419433593750000000e-01 -5.551115123125782702e-15
2.420654296875000000e-01 -5.606626274357040529e-15
2.421875000000000000e-01 -5.606626274357040529e-15
2.423095703125000000e-01 -5.717648576819556183e-15
2.424316406250000000e-01 -5.551115123125782702e-15
2.425537109375000000e-01 -5.717648576819556183e-15
2.426757812500000000e-01 -5.717648576819556183e-15
2.427978515625000000e-01 -5.606626274357040529e-15
2.429199218750000000e-01 -5.662137425588298356e-15
2.430419921875000000e-01 -5.717648576819556183e-15
2.431640625000000000e-01 -5.717648576819556183e-15
2.432861328125000000e-01 -5.717648576819556183e-15
2.434082031250000000e-01 -5.662137425588298356e-15
2.435302734375000000e-01 -5.551115123125782702e-15
2.436523437500000000e-01 -5.662137425588298356e-15
2.437744140625000000e-01 -5.828670879282071837e-15
2.438964843750000000e-01 -5.717648576819556183e-15
2.440185546875000000e-01 -5.662137425588298356e-15
2.441406250000000000e-01 -5.606626274357040529e-15
2.442626953125000000e-01 -5.662137425588298356e-15
2.443847656250000000e-01 -5.495603971894524875e-15
2.445068359375000000e-01 -5.662137425588298356e-15
2.446289062500000000e-01 -5.551115123125782702e-15
2.447509765625000000e-01 -5.606626274357040529e-15
2.448730468750000000e-01 -5.551115123125782702e-15
2.449951171875000000e-01 -5.828670879282071837e-15
2.451171875000000000e-01 -5.662137425588298356e-15
2.452392578125000000e-01 -5.717648576819556183e-15
2.453613281250000000e-01 -5.717648576819556183e-15
2.454833984375000000e-01 -5.717648576819556183e-15
2.456054687500000000e-01 -5.717648576819556183e-15
2.457275390625000000e-01 -5.606626274357040529e-15
2.458496093750000000e-01 -5.662137425588298356e-15
2.459716796875000000e-01 -5.662137425588298356e-15
2.460937500000000000e-01 -5.606626274357040529e-15
2.462158203125000000e-01 -5.717648576819556183e-15
2.463378906250000000e-01 -5.606626274357040529e-15
2.464599609375000000e-01 -5.662137425588298356e-15
2.465820312500000000e-01 -5.495603971894524875e-15
2.467041015625000000e-01 -5.662137425588298356e-15
2.468261718750000000e-01 -5.828670879282071837e-15
2.469482421875000000e-01 -5.828670879282071837e-15
2.470703125000000000e-01 -5.606626274357040529e-15
2.471923828125000000e-01 -5.717648576819556183e-15
2.473144531250000000e-01 -5.773159728050814010e-15
2.474365234375000000e-01 -5.662137425588298356e-15
2.475585937500000000e-01 -5.717648576819556183e-15
2.476806640625000000e-01 -5.551115123125782702e-15
2.478027343750000000e-01 -5.551115123125782702e-15
2.479248046875000000e-01 -5.662137425588298356e-15
2.480468750000000000e-01 -5.551115123125782702e-15
2.481689453125000000e-01 -5.773159728050814010e-15
2.482910156250000000e-01 -5.495603971894524875e-15
2.484130859375000000e-01 -5.717648576819556183e-15
2.485351562500000000e-01 -5.606626274357040529e-15
2.486572265625000000e-01 -5.717648576819556183e-15
2.487792968750000000e-01 -5.662137425588298356e-15
2.489013671875000000e-01 -5.773159728050814010e-15
2.490234375000000000e-01 -5.606626274357040529e-15
2.491455078125000000e-01 -5.662137425588298356e-15
2.492675781250000000e-01 -5.717648576819556183e-15
2.493896484375000000e-01 -5.717648576819556183e-15
2.495117187500000000e-01 -5.606626274357040529e-15
2.496337890625000000e-01 -5.551115123125782702e-15
2.497558593750000000e-01 -5.606626274357040529e-15
2.498779296875000000e-01 -5.717648576819556183e-15
2.500000000000000000e-01 -5.606626274357040529e-15
2.501220703125000000e-01 -5.551115123125782702e-15
2.502441406250000000e-01 -5.606626274357040529e-15
2.503662109375000000e-01 -5.495603971894524875e-15
2.504882812500000000e-01 -5.606626274357040529e-15
2.506103515625000000e-01 -5.662137425588298356e-15
2.507324218750000000e-01 -5.551115123125782702e-15
2.508544921875000000e-01 -5.606626274357040529e-15
2.509765625000000000e-01 -5.662137425588298356e-15
2.510986328125000000e-01 -5.606626274357040529e-15
2.512207031250000000e-01 -5.551115123125782702e-15
2.513427734375000000e-01 -5.551115123125782702e-15
2.514648437500000000e-01 -5.606626274357040529e-15
2.515869140625000000e-01 -5.662137425588298356e-15
2.517089843750000000e-01 -5.551115123125782702e-15
2.518310546875000000e-01 -5.662137425588298356e-15
2.519531250000000000e-01 -5.662137425588298356e-15
2.520751953125000000e-01 -5.662137425588298356e-15
2.521972656250000000e-01 -5.606626274357040529e-15
2.523193359375000000e-01 -5.551115123125782702e-15
2.524414062500000000e-01 -5.606626274357040529e-15
2.525634765625000000e-01 -5.662137425588298356e-15
2.526855468750000000e-01 -5.662137425588298356e-15
2.528076171875000000e-01 -5.606626274357040529e-15
2.529296875000000000e-01 -5.662137425588298356e-15
2.530517578125000000e-01 -5.606626274357040529e-15
2.531738281250000000e-01 -5.606626274357040529e-15
2.532958984375000000e-01 -5.662137425588298356e-15
2.534179687500000000e-01 -5.662137425588298356e-15
2.535400390625000000e-01 -5.551115123125782702e-15
2.536621093750000000e-01 -5.495603971894524875e-15
2.537841796875000000e-01 -5.606626274357040529e-15
2.539062500000000000e-01 -5.606626274357040529e-15
2.540283203125000000e-01 -5.551115123125782702e-15
2.541503906250000000e-01 -5.551115123125782702e-15
2.542724609375000000e-01 -5.551115123125782702e-15
2.543945312500000000e-01 -5.662137425588298356e-15
2.545166015625000000e-01 -5.551115123125782702e-15
2.546386718750000000e-01 -5.551115123125782702e-15
2.547607421875000000e-01 -5.606626274357040529e-15
2.548828125000000000e-01 -5.551115123125782702e-15
2.550048828125000000e-01 -5.551115123125782702e-15
2.551269531250000000e-01 -5.551115123125782702e-15
2.552490234375000000e-01 -5.606626274357040529e-15
2.553710937500000000e-01 -5.606626274357040529e-15
2.554931640625000000e-01 -5.662137425588298356e-15
2.556152343750000000e-01 -5.495603971894524875e-15
2.557373046875000000e-01 -5.606626274357040529e-15
2.558593750000000000e-01 -5.495603971894524875e-15
2.559814453125000000e-01 -5.662137425588298356e-15
2.561035156250000000e-01 -5.606626274357040529e-15
2.562255859375000000e-01 -5.551115123125782702e-15
2.563476562500000000e-01 -5.606626274357040529e-15
2.564697265625000000e-01 -5.551115123125782702e-15
2.565917968750000000e-01 -5.551115123125782702e-15
2.567138671875000000e-01 -5.662137425588298356e-15
2.568359375000000000e-01 -5.495603971894524875e-15
2.569580078125000000e-01 -5.551115123125782702e-15
2.570800781250000000e-01 -5.606626274357040529e-15
2.572021484375000000e-01 -5.606626274357040529e-15
2.573242187500000000e-01 -5.551115123125782702e-15
2.574462890625000000e-01 -5.551115123125782702e-15
2.575683593750000000e-01 -5.551115123125782702e-15
2.576904296875000000e-01 -5.551115123125782702e-15
2.578125000000000000e-01 -5.440092820663267048e-15
2.579345703125000000e-01 -5.606626274357040529e-15
2.580566406250000000e-01 -5.551115123125782702e-15
2.581787109375000000e-01 -5.551115123125782702e-15
2.583007812500000000e-01 -5.495603971894524875e-15
2.584228515625000000e-01 -5.606626274357040529e-15
2.585449218750000000e-01 -5.440092820663267048e-15
2.586669921875000000e-01 -5.606626274357040529e-15
2.587890625000000000e-01 -5.440092820663267048e-15
2.589111328125000000e-01 -5.551115123125782702e-15
2.590332031250000000e-01 -5.551115123125782702e-15
2.591552734375000000e-01 -5.606626274357040529e-15
2.592773437500000000e-01 -5.495603971894524875e-15
2.593994140625000000e-01 -5.551115123125782702e-15
2.595214843750000000e-01 -5.440092820663267048e-15
2.596435546875000000e-01 -5.495603971894524875e-15
2.597656250000000000e-01 -5.495603971894524875e-15
2.598876953125000000e-01 -5.551115123125782702e-15
2.600097656250000000e-01 -5.440092820663267048e-15
2.601318359375000000e-01 -5.606626274357040529e-15
2.602539062500000000e-01 -5.495603971894524875e-15
2.603759765625000000e-01 -5.495603971894524875e-15
2.604980468750000000e-01 -5.440092820663267048e-15
2.606201171875000000e-01 -5.551115123125782702e-15
2.607421875000000000e-01 -5.440092820663267048e-15
2.608642578125000000e-01 -5.440092820663267048e-15
2.609863281250000000e-01 -5.495603971894524875e-15
2.611083984375000000e-01 -5.551115123125782702e-15
2.612304687500000000e-01 -5.440092820663267048e-15
2.613525390625000000e-01 -5.551115123125782702e-15
2.614746093750000000e-01 -5.495603971894524875e-15
2.615966796875000000e-01 -5.551115123125782702e-15
2.617187500000000000e-01 -5.440092820663267048e-15
2.618408203125000000e-01 -5.440092820663267048e-15
2.619628906250000000e-01 -5.329070518200751394e-15
2.620849609375000000e-01 -5.440092820663267048e-15
2.622070312500000000e-01 -5.440092820663267048e-15
2.623291015625000000e-01 -5.606626274357040529e-15
2.624511718750000000e-01 -5.495603971894524875e-15
2.625732421875000000e-01 -5.551115123125782702e-15
2.626953125000000000e-01 -5.440092820663267048e-15
2.628173828125000000e-01 -5.440092820663267048e-15
2.629394531250000000e-01 -5.551115123125782702e-15
2.630615234375000000e-01 -5.495603971894524875e-15
2.631835937500000000e-01 -5.440092820663267048e-15
2.633056640625000000e-01 -5.551115123125782702e-15
2.634277343750000000e-01 -5.329070518200751394e-15
2.635498046875000000e-01 -5.495603971894524875e-15
2.636718750000000000e-01 -5.384581669432009221e-15
2.637939453125000000e-01 -5.384581669432009221e-15
2.639160156250000000e-01 -5.440092820663267048e-15
2.640380859375000000e-01 -5.384581669432009221e-15
2.641601562500000000e-01 -5.551115123125782702e-15
2.642822265625000000e-01 -5.551115123125782702e-15
2.644042968750000000e-01 -5.551115123125782702e-15
2.645263671875000000e-01 -5.495603971894524875e-15
2.646484375000000000e-01 -5.495603971894524875e-15
2.647705078125000000e-01 -5.384581669432009221e-15
2.648925781250000000e-01 -5.440092820663267048e-15
2.650146484375000000e-01 -5.440092820663267048e-15
2.651367187500000000e-01 -5.384581669432009221e-15
2.652587890625000000e-01 -5.440092820663267048e-15
2.653808593750000000e-01 -5.329070518200751394e-15
2.655029296875000000e-01 -5.384581669432009221e-15
2.656250000000000000e-01 -5.329070518200751394e-15
2.657470703125000000e-01 -5.551115123125782702e-15
2.658691406250000000e-01 -5.384581669432009221e-15
2.659912109375000000e-01 -5.495603971894524875e-15
2.661132812500000000e-01 -5.440092820663267048e-15
2.662353515625000000e-01 -5.440092820663267048e-15
2.663574218750000000e-01 -5.440092820663267048e-15
2.664794921875000000e-01 -5.384581669432009221e-15
2.666015625000000000e-01 -5.440092820663267048e-15
2.667236328125000000e-01 -5.329070518200751394e-15
2.668457031250000000e-01 -5.384581669432009221e-15
2.669677734375000000e-01 -5.440092820663267048e-15
2.670898437500000000e-01 -5.384581669432009221e-15
2.672119140625000000e-01 -5.384581669432009221e-15
2.673339843750000000e-01 -5.440092820663267048e-15
2.674560546875000000e-01 -5.440092820663267048e-15
2.675781250000000000e-01 -5.329070518200751394e-15
2.677001953125000000e-01 -5.440092820663267048e-15
2.678222656250000000e-01 -5.440092820663267048e-15
2.679443359375000000e-01 -5.384581669432009221e-15
2.680664062500000000e-01 -5.329070518200751394e-15
2.681884765625000000e-01 -5.384581669432009221e-15
2.683105468750000000e-01 -5.329070518200751394e-15
2.684326171875000000e-01 -5.495603971894524875e-15
2.685546875000000000e-01 -5.329070518200751394e-15
2.686767578125000000e-01 -5.440092820663267048e-15
2.687988281250000000e-01 -5.384581669432009221e-15
2.689208984375000000e-01 -5.329070518200751394e-15
2.690429687500000000e-01 -5.329070518200751394e-15
2.691650390625000000e-01 -5.384581669432009221e-15
2.692871093750000000e-01 -5.329070518200751394e-15
2.694091796875000000e-01 -5.440092820663267048e-15
2.695312500000000000e-01 -5.329070518200751394e-15
2.696533203125000000e-01 -5.273559366969493567e-15
2.697753906250000000e-01 -5.218048215738235740e-15
2.698974609375000000e-01 -5.329070518200751394e-15
2.700195312500000000e-01 -5.384581669432009221e-15
2.701416015625000000e-01 -5.329070518200751394e-15
2.702636718750000000e-01 -5.329070518200751394e-15
2.703857421875000000e-01 -5.384581669432009221e-15
2.705078125000000000e-01 -5.384581669432009221e-15
2.706298828125000000e-01 -5.440092820663267048e-15
2.707519531250000000e-01 -5.329070518200751394e-15
2.708740234375000000e-01 -5.273559366969493567e-15
2.709960937500000000e-01 -5.329070518200751394e-15
2.711181640625000000e-01 -5.329070518200751394e-15
2.712402343750000000e-01 -5.218048215738235740e-15
2.713623046875000000e-01 -5.273559366969493567e-15
2.714843750000000000e-01 -5.273559366969493567e-15
2.716064453125000000e-01 -5.218048215738235740e-15
2.717285156250000000e-01 -5.273559366969493567e-15
2.718505859375000000e-01 -5.218048215738235740e-15
2.719726562500000000e-01 -5.218048215738235740e-15
2.720947265625000000e-01 -5.329070518200751394e-15
2.722167968750000000e-01 -5.218048215738235740e-15
2.723388671875000000e-01 -5.329070518200751394e-15
2.724609375000000000e-01 -5.273559366969493567e-15
2.725830078125000000e-01 -5.273559366969493567e-15
2.727050781250000000e-01 -5.218048215738235740e-15
2.728271484375000000e-01 -5.273559366969493567e-15
2.729492187500000000e-01 -5.329070518200751394e-15
2.730712890625000000e-01 -5.107025913275720086e-15
2.731933593750000000e-01 -5.107025913275720086e-15
2.733154296875000000e-01 -5.329070518200751394e-15
2.734375000000000000e-01 -5.273559366969493567e-15
2.735595703125000000e-01 -5.162537064506977913e-15
2.736816406250000000e-01 -5.162537064506977913e-15
2.738037109375000000e-01 -5.107025913275720086e-15
2.739257812500000000e-01 -5.162537064506977913e-15
2.740478515625000000e-01 -5.162537064506977913e-15
2.741699218750000000e-01 -5.162537064506977913e-15
2.742919921875000000e-01 -5.218048215738235740e-15
2.744140625000000000e-01 -5.107025913275720086e-15
2.745361328125000000e-01 -5.162537064506977913e-15
2.746582031250000000e-01 -5.162537064506977913e-15
2.747802734375000000e-01 -5.107025913275720086e-15
2.749023437500000000e-01 -5.218048215738235740e-15
2.750244140625000000e-01 -5.273559366969493567e-15
2.751464843750000000e-01 -5.162537064506977913e-15
2.752685546875000000e-01 -5.162537064506977913e-15
2.753906250000000000e-01 -5.107025913275720086e-15
2.755126953125000000e-01 -5.218048215738235740e-15
2.756347656250000000e-01 -4.996003610813204432e-15
2.757568359375000000e-01 -5.107025913275720086e-15
2.758789062500000000e-01 -5.107025913275720086e-15
2.760009765625000000e-01 -5.107025913275720086e-15
2.761230468750000000e-01 -5.107025913275720086e-15
2.762451171875000000e-01 -5.107025913275720086e-15
2.763671875000000000e-01 -5.107025913275720086e-15
2.764892578125000000e-01 -4.996003610813204432e-15
2.766113281250000000e-01 -5.162537064506977913e-15
2.767333984375000000e-01 -5.162537064506977913e-15
2.768554687500000000e-01 -5.107025913275720086e-15
2.769775390625000000e-01 -5.051514762044462259e-15
2.770996093750000000e-01 -4.996003610813204432e-15
2.772216796875000000e-01 -5.107025913275720086e-15
2.773437500000000000e-01 -5.051514762044462259e-15
2.774658203125000000e-01 -5.107025913275720086e-15
2.775878906250000000e-01 -5.107025913275720086e-15
2.777099609375000000e-01 -5.162537064506977913e-15
2.778320312500000000e-01 -5.107025913275720086e-15
2.779541015625000000e-01 -5.051514762044462259e-15
2.780761718750000000e-01 -4.996003610813204432e-15
2.781982421875000000e-01 -5.107025913275720086e-15
2.783203125000000000e-01 -5.051514762044462259e-15
2.784423828125000000e-01 -4.996003610813204432e-15
2.785644531250000000e-01 -4.940492459581946605e-15
2.786865234375000000e-01 -4.884981308350688778e-15
2.788085937500000000e-01 -5.107025913275720086e-15
2.789306640625000000e-01 -4.940492459581946605e-15
2.790527343750000000e-01 -4.884981308350688778e-15
2.791748046875000000e-01 -5.107025913275720086e-15
2.792968750000000000e-01 -4.996003610813204432e-15
2.794189453125000000e-01 -4.996003610813204432e-15
2.795410156250000000e-01 -4.940492459581946605e-15
2.796630859375000000e-01 -4.940492459581946605e-15
2.797851562500000000e-01 -4.996003610813204432e-15
2.799072265625000000e-01 -4.940492459581946605e-15
2.800292968750000000e-01 -4.940492459581946605e-15
2.801513671875000000e-01 -4.940492459581946605e-15
2.802734375000000000e-01 -4.996003610813204432e-15
2.803955078125000000e-01 -4.996003610813204432e-15
2.805175781250000000e-01 -4.996003610813204432e-15
2.806396484375000000e-01 -4.940492459581946605e-15
2.807617187500000000e-01 -4.940492459581946605e-15
2.808837890625000000e-01 -4.829470157119430951e-15
2.810058593750000000e-01 -4.940492459581946605e-15
2.811279296875000000e-01 -5.107025913275720086e-15
2.812500000000000000e-01 -4.829470157119430951e-15
2.813720703125000000e-01 -4.884981308350688778e-15
2.814941406250000000e-01 -4.884981308350688778e-15
2.816162109375000000e-01 -4.884981308350688778e-15
2.817382812500000000e-01 -4.884981308350688778e-15
2.818603515625000000e-01 -4.884981308350688778e-15
2.819824218750000000e-01 -4.884981308350688778e-15
2.821044921875000000e-01 -4.884981308350688778e-15
2.822265625000000000e-01 -4.773959005888173124e-15
2.823486328125000000e-01 -4.884981308350688778e-15
2.824707031250000000e-01 -4.773959005888173124e-15
2.825927734375000000e-01 -4.884981308350688778e-15
2.827148437500000000e-01 -4.829470157119430951e-15
2.828369140625000000e-01 -4.829470157119430951e-15
2.829589843750000000e-01 -4.718447854656915297e-15
2.830810546875000000e-01 -4.884981308350688778e-15
2.832031250000000000e-01 -4.773959005888173124e-15
2.833251953125000000e-01 -4.662936703425657470e-15
2.834472656250000000e-01 -4.773959005888173124e-15
2.835693359375000000e-01 -4.884981308350688778e-15
2.836914062500000000e-01 -4.829470157119430951e-15
2.838134765625000000e-01 -4.829470157119430951e-15
2.839355468750000000e-01 -4.773959005888173124e-15
2.840576171875000000e-01 -4.829470157119430951e-15
2.841796875000000000e-01 -4.829470157119430951e-15
2.843017578125000000e-01 -4.718447854656915297e-15
2.844238281250000000e-01 -4.773959005888173124e-15
2.845458984375000000e-01 -4.662936703425657470e-15
2.846679687500000000e-01 -4.718447854656915297e-15
2.847900390625000000e-01 -4.773959005888173124e-15
2.849121093750000000e-01 -4.662936703425657470e-15
2.850341796875000000e-01 -4.662936703425657470e-15
2.851562500000000000e-01 -4.662936703425657470e-15
2.852783203125000000e-01 -4.718447854656915297e-15
2.854003906250000000e-01 -4.829470157119430951e-15
2.855224609375000000e-01 -4.662936703425657470e-15
2.856445312500000000e-01 -4.662936703425657470e-15
2.857666015625000000e-01 -4.773959005888173124e-15
2.858886718750000000e-01 -4.662936703425657470e-15
2.860107421875000000e-01 -4.718447854656915297e-15
2.861328125000000000e-01 -4.773959005888173124e-15
2.862548828125000000e-01 -4.662936703425657470e-15
2.863769531250000000e-01 -4.662936703425657470e-15
2.864990234375000000e-01 -4.662936703425657470e-15
2.866210937500000000e-01 -4.718447854656915297e-15
2.867431640625000000e-01 -4.773959005888173124e-15
2.868652343750000000e-01 -4.662936703425657470e-15
2.869873046875000000e-01 -4.662936703425657470e-15
2.871093750000000000e-01 -4.496403249731883989e-15
2.872314453125000000e-01 -4.718447854656915297e-15
2.873535156250000000e-01 -4.551914400963141816e-15
2.874755859375000000e-01 -4.662936703425657470e-15
2.875976562500000000e-01 -4.551914400963141816e-15
2.877197265625000000e-01 -4.662936703425657470e-15
2.878417968750000000e-01 -4.551914400963141816e-15
2.879638671875000000e-01 -4.662936703425657470e-15
2.880859375000000000e-01 -4.662936703425657470e-15
2.882080078125000000e-01 -4.496403249731883989e-15
2.883300781250000000e-01 -4.607425552194399643e-15
2.884521484375000000e-01 -4.551914400963141816e-15
2.885742187500000000e-01 -4.551914400963141816e-15
2.886962890625000000e-01 -4.662936703425657470e-15
2.888183593750000000e-01 -4.496403249731883989e-15
2.889404296875000000e-01 -4.607425552194399643e-15
2.890625000000000000e-01 -4.496403249731883989e-15
2.891845703125000000e-01 -4.662936703425657470e-15
2.893066406250000000e-01 -4.440892098500626162e-15
2.894287109375000000e-01 -4.551914400963141816e-15
2.895507812500000000e-01 -4.496403249731883989e-15
2.896728515625000000e-01 -4.607425552194399643e-15
2.897949218750000000e-01 -4.440892098500626162e-15
2.899169921875000000e-01 -4.551914400963141816e-15
2.900390625000000000e-01 -4.551914400963141816e-15
2.901611328125000000e-01 -4.551914400963141816e-15
2.902832031250000000e-01 -4.440892098500626162e-15
2.904052734375000000e-01 -4.440892098500626162e-15
2.905273437500000000e-01 -4.440892098500626162e-15
2.906494140625000000e-01 -4.551914400963141816e-15
2.907714843750000000e-01 -4.440892098500626162e-15
2.908935546875000000e-01 -4.440892098500626162e-15
2.910156250000000000e-01 -4.440892098500626162e-15
2.911376953125000000e-01 -4.329869796038110508e-15
2.912597656250000000e-01 -4.551914400963141816e-15
2.913818359375000000e-01 -4.440892098500626162e-15
2.915039062500000000e-01 -4.274358644806852681e-15
2.916259765625000000e-01 -4.329869796038110508e-15
2.917480468750000000e-01 -4.385380947269368335e-15
2.918701171875000000e-01 -4.440892098500626162e-15
2.919921875000000000e-01 -4.440892098500626162e-15
2.921142578125000000e-01 -4.385380947269368335e-15
2.922363281250000000e-01 -4.385380947269368335e-15
2.923583984375000000e-01 -4.385380947269368335e-15
2.924804687500000000e-01 -4.329869796038110508e-15
2.926025390625000000e-01 -4.440892098500626162e-15
2.927246093750000000e-01 -4.274358644806852681e-15
2.928466796875000000e-01 -4.440892098500626162e-15
2.929687500000000000e-01 -4.274358644806852681e-15
2.930908203125000000e-01 -4.329869796038110508e-15
2.932128906250000000e-01 -4.218847493575594854e-15
2.933349609375000000e-01 -4.385380947269368335e-15
2.934570312500000000e-01 -4.329869796038110508e-15
2.935791015625000000e-01 -4.440892098500626162e-15
2.937011718750000000e-01 -4.218847493575594854e-15
2.938232421875000000e-01 -4.274358644806852681e-15
2.939453125000000000e-01 -4.329869796038110508e-15
2.940673828125000000e-01 -4.163336342344337027e-15
2.941894531250000000e-01 -4.385380947269368335e-15
2.943115234375000000e-01 -4.218847493575594854e-15
2.944335937500000000e-01 -4.218847493575594854e-15
2.945556640625000000e-01 -4.329869796038110508e-15
2.946777343750000000e-01 -4.218847493575594854e-15
2.947998046875000000e-01 -4.274358644806852681e-15
2.949218750000000000e-01 -4.163336342344337027e-15
2.950439453125000000e-01 -4.218847493575594854e-15
2.951660156250000000e-01 -4.107825191113079200e-15
2.952880859375000000e-01 -4.218847493575594854e-15
2.954101562500000000e-01 -4.163336342344337027e-15
2.955322265625000000e-01 -4.218847493575594854e-15
2.956542968750000000e-01 -4.218847493575594854e-15
2.957763671875000000e-01 -4.274358644806852681e-15
2.958984375000000000e-01 -4.107825191113079200e-15
2.960205078125000000e-01 -4.163336342344337027e-15
2.961425781250000000e-01 -4.163336342344337027e-15
2.962646484375000000e-01 -4.218847493575594854e-15
2.963867187500000000e-01 -4.163336342344337027e-15
2.965087890625000000e-01 -4.163336342344337027e-15
2.966308593750000000e-01 -4.107825191113079200e-15
2.967529296875000000e-01 -4.052314039881821373e-15
2.968750000000000000e-01 -4.052314039881821373e-15
2.969970703125000000e-01 -4.274358644806852681e-15
2.971191406250000000e-01 -4.163336342344337027e-15
2.972412109375000000e-01 -4.107825191113079200e-15
2.973632812500000000e-01 -4.107825191113079200e-15
2.974853515625000000e-01 -4.107825191113079200e-15
2.976074218750000000e-01 -4.107825191113079200e-15
2.977294921875000000e-01 -4.218847493575594854e-15
2.978515625000000000e-01 -4.107825191113079200e-15
2.979736328125000000e-01 -4.107825191113079200e-15
2.980957031250000000e-01 -4.218847493575594854e-15
2.982177734375000000e-01 -4.107825191113079200e-15
2.983398437500000000e-01 -4.163336342344337027e-15
2.984619140625000000e-01 -4.107825191113079200e-15
2.985839843750000000e-01 -4.052314039881821373e-15
2.987060546875000000e-01 -4.052314039881821373e-15
2.988281250000000000e-01 -3.996802888650563546e-15
2.989501953125000000e-01 -4.052314039881821373e-15
2.990722656250000000e-01 -4.052314039881821373e-15
2.991943359375000000e-01 -4.052314039881821373e-15
2.993164062500000000e-01 -4.052314039881821373e-15
2.994384765625000000e-01 -4.052314039881821373e-15
2.995605468750000000e-01 -4.052314039881821373e-15
2.996826171875000000e-01 -4.107825191113079200e-15
2.998046875000000000e-01 -4.052314039881821373e-15
2.999267578125000000e-01 -3.996802888650563546e-15
3.000488281250000000e-01 -3.996802888650563546e-15
3.001708984375000000e-01 -4.052314039881821373e-15
3.002929687500000000e-01 -4.052314039881821373e-15
3.004150390625000000e-01 -3.996802888650563546e-15
3.005371093750000000e-01 -3.996802888650563546e-15
3.006591796875000000e-01 -4.052314039881821373e-15
3.007812500000000000e-01 -3.996802888650563546e-15
3.009033203125000000e-01 -3.996802888650563546e-15
3.010253906250000000e-01 -3.830269434956790064e-15
3.011474609375000000e-01 -3.996802888650563546e-15
3.012695312500000000e-01 -3.885780586188047891e-15
3.013916015625000000e-01 -3.941291737419305719e-15
3.015136718750000000e-01 -3.885780586188047891e-15
3.016357421875000000e-01 -3.996802888650563546e-15
3.017578125000000000e-01 -3.996802888650563546e-15
3.018798828125000000e-01 -3.996802888650563546e-15
3.020019531250000000e-01 -3.996802888650563546e-15
3.021240234375000000e-01 -3.885780586188047891e-15
3.022460937500000000e-01 -3.830269434956790064e-15
3.023681640625000000e-01 -3.941291737419305719e-15
3.024902343750000000e-01 -3.830269434956790064e-15
3.026123046875000000e-01 -3.941291737419305719e-15
3.027343750000000000e-01 -3.941291737419305719e-15
3.028564453125000000e-01 -3.885780586188047891e-15
3.029785156250000000e-01 -3.830269434956790064e-15
3.031005859375000000e-01 -3.830269434956790064e-15
3.032226562500000000e-01 -3.719247132494274410e-15
3.033447265625000000e-01 -3.830269434956790064e-15
3.034667968750000000e-01 -3.719247132494274410e-15
3.035888671875000000e-01 -3.941291737419305719e-15
3.037109375000000000e-01 -3.941291737419305719e-15
3.038330078125000000e-01 -3.885780586188047891e-15
3.039550781250000000e-01 -3.885780586188047891e-15
3.040771484375000000e-01 -3.941291737419305719e-15
3.041992187500000000e-01 -3.885780586188047891e-15
3.043212890625000000e-01 -3.774758283725532237e-15
3.044433593750000000e-01 -3.719247132494274410e-15
3.045654296875000000e-01 -3.830269434956790064e-15
3.046875000000000000e-01 -3.719247132494274410e-15
3.048095703125000000e-01 -3.774758283725532237e-15
3.049316406250000000e-01 -3.719247132494274410e-15
3.050537109375000000e-01 -3.663735981263016583e-15
3.051757812500000000e-01 -3.830269434956790064e-15
3.052978515625000000e-01 -3.774758283725532237e-15
3.054199218750000000e-01 -3.663735981263016583e-15
3.055419921875000000e-01 -3.719247132494274410e-15
3.056640625000000000e-01 -3.719247132494274410e-15
3.057861328125000000e-01 -3.774758283725532237e-15
3.059082031250000000e-01 -3.774758283725532237e-15
3.060302734375000000e-01 -3.719247132494274410e-15
3.061523437500000000e-01 -3.774758283725532237e-15
3.062744140625000000e-01 -3.774758283725532237e-15
3.063964843750000000e-01 -3.774758283725532237e-15
3.065185546875000000e-01 -3.719247132494274410e-15
3.066406250000000000e-01 -3.663735981263016583e-15
3.067626953125000000e-01 -3.663735981263016583e-15
3.068847656250000000e-01 -3.608224830031758756e-15
3.070068359375000000e-01 -3.663735981263016583e-15
3.071289062500000000e-01 -3.663735981263016583e-15
3.072509765625000000e-01 -3.663735981263016583e-15
3.073730468750000000e-01 -3.663735981263016583e-15
3.074951171875000000e-01 -3.663735981263016583e-15
3.076171875000000000e-01 -3.663735981263016583e-15
3.077392578125000000e-01 -3.608224830031758756e-15
3.078613281250000000e-01 -3.774758283725532237e-15
3.079833984375000000e-01 -3.774758283725532237e-15
3.081054687500000000e-01 -3.663735981263016583e-15
3.082275390625000000e-01 -3.663735981263016583e-15
3.083496093750000000e-01 -3.552713678800500929e-15
3.084716796875000000e-01 -3.663735981263016583e-15
3.085937500000000000e-01 -3.552713678800500929e-15
3.087158203125000000e-01 -3.663735981263016583e-15
3.088378906250000000e-01 -3.552713678800500929e-15
3.089599609375000000e-01 -3.608224830031758756e-15
3.090820312500000000e-01 -3.608224830031758756e-15
3.092041015625000000e-01 -3.497202527569243102e-15
3.093261718750000000e-01 -3.552713678800500929e-15
3.094482421875000000e-01 -3.608224830031758756e-15
3.095703125000000000e-01 -3.608224830031758756e-15
3.096923828125000000e-01 -3.497202527569243102e-15
3.098144531250000000e-01 -3.497202527569243102e-15
3.099365234375000000e-01 -3.441691376337985275e-15
3.100585937500000000e-01 -3.552713678800500929e-15
3.101806640625000000e-01 -3.441691376337985275e-15
3.103027343750000000e-01 -3.386180225106727448e-15
3.104248046875000000e-01 -3.552713678800500929e-15
3.105468750000000000e-01 -3.441691376337985275e-15
3.106689453125000000e-01 -3.552713678800500929e-15
3.107910156250000000e-01 -3.441691376337985275e-15
3.109130859375000000e-01 -3.497202527569243102e-15
3.110351562500000000e-01 -3.441691376337985275e-15
3.111572265625000000e-01 -3.497202527569243102e-15
3.112792968750000000e-01 -3.441691376337985275e-15
3.114013671875000000e-01 -3.441691376337985275e-15
3.115234375000000000e-01 -3.441691376337985275e-15
3.116455078125000000e-01 -3.441691376337985275e-15
3.117675781250000000e-01 -3.441691376337985275e-15
3.118896484375000000e-01 -3.441691376337985275e-15
3.120117187500000000e-01 -3.441691376337985275e-15
3.121337890625000000e-01 -3.330669073875469621e-15
3.122558593750000000e-01 -3.441691376337985275e-15
3.123779296875000000e-01 -3.386180225106727448e-15
3.125000000000000000e-01 -3.386180225106727448e-15
3.126220703125000000e-01 -3.386180225106727448e-15
3.127441406250000000e-01 -3.330669073875469621e-15
3.128662109375000000e-01 -3.330669073875469621e-15
3.129882812500000000e-01 -3.441691376337985275e-15
3.131103515625000000e-01 -3.386180225106727448e-15
3.132324218750000000e-01 -3.386180225106727448e-15
3.133544921875000000e-01 -3.386180225106727448e-15
3.134765625000000000e-01 -3.330669073875469621e-15
3.135986328125000000e-01 -3.330669073875469621e-15
3.137207031250000000e-01 -3.330669073875469621e-15
3.138427734375000000e-01 -3.386180225106727448e-15
3.139648437500000000e-01 -3.219646771412953967e-15
3.140869140625000000e-01 -3.441691376337985275e-15
3.142089843750000000e-01 -3.330669073875469621e-15
3.143310546875000000e-01 -3.275157922644211794e-15
3.144531250000000000e-01 -3.330669073875469621e-15
3.145751953125000000e-01 -3.275157922644211794e-15
3.146972656250000000e-01 -3.275157922644211794e-15
3.148193359375000000e-01 -3.219646771412953967e-15
3.149414062500000000e-01 -3.386180225106727448e-15
3.150634765625000000e-01 -3.330669073875469621e-15
3.151855468750000000e-01 -3.275157922644211794e-15
3.153076171875000000e-01 -3.330669073875469621e-15
3.154296875000000000e-01 -3.330669073875469621e-15
3.155517578125000000e-01 -3.275157922644211794e-15
3.156738281250000000e-01 -3.219646771412953967e-15
3.157958984375000000e-01 -3.275157922644211794e-15
3.159179687500000000e-01 -3.219646771412953967e-15
3.160400390625000000e-01 -3.330669073875469621e-15
3.161621093750000000e-01 -3.164135620181696140e-15
3.162841796875000000e-01 -3.219646771412953967e-15
3.164062500000000000e-01 -3.164135620181696140e-15
3.165283203125000000e-01 -3.219646771412953967e-15
3.166503906250000000e-01 -3.164135620181696140e-15
3.167724609375000000e-01 -3.275157922644211794e-15
3.168945312500000000e-01 -3.219646771412953967e-15
3.170166015625000000e-01 -3.330669073875469621e-15
3.171386718750000000e-01 -3.108624468950438313e-15
3.172607421875000000e-01 -3.275157922644211794e-15
3.173828125000000000e-01 -3.219646771412953967e-15
3.175048828125000000e-01 -3.108624468950438313e-15
3.176269531250000000e-01 -3.108624468950438313e-15
3.177490234375000000e-01 -3.108624468950438313e-15
3.178710937500000000e-01 -3.108624468950438313e-15
3.179931640625000000e-01 -3.219646771412953967e-15
3.181152343750000000e-01 -3.108624468950438313e-15
3.182373046875000000e-01 -3.219646771412953967e-15
3.183593750000000000e-01 -3.108624468950438313e-15
3.184814453125000000e-01 -3.219646771412953967e-15
3.186035156250000000e-01 -3.108624468950438313e-15
3.187255859375000000e-01 -3.164135620181696140e-15
3.188476562500000000e-01 -3.164135620181696140e-15
3.189697265625000000e-01 -3.219646771412953967e-15
3.190917968750000000e-01 -3.053113317719180486e-15
3.192138671875000000e-01 -3.164135620181696140e-15
3.193359375000000000e-01 -3.108624468950438313e-15
3.194580078125000000e-01 -3.108624468950438313e-15
3.195800781250000000e-01 -3.219646771412953967e-15
3.197021484375000000e-01 -3.108624468950438313e-15
3.198242187500000000e-01 -3.108624468950438313e-15
3.199462890625000000e-01 -3.108624468950438313e-15
3.200683593750000000e-01 -3.108624468950438313e-15
3.201904296875000000e-01 -3.108624468950438313e-15
3.203125000000000000e-01 -2.942091015256664832e-15
3.204345703125000000e-01 -3.108624468950438313e-15
3.205566406250000000e-01 -3.164135620181696140e-15
3.206787109375000000e-01 -3.108624468950438313e-15
3.208007812500000000e-01 -2.942091015256664832e-15
3.209228515625000000e-01 -3.108624468950438313e-15
3.210449218750000000e-01 -2.886579864025407005e-15
3.211669921875000000e-01 -3.108624468950438313e-15
3.212890625000000000e-01 -3.053113317719180486e-15
3.214111328125000000e-01 -3.108624468950438313e-15
3.215332031250000000e-01 -3.053113317719180486e-15
3.216552734375000000e-01 -2.997602166487922659e-15
3.217773437500000000e-01 -2.997602166487922659e-15
3.218994140625000000e-01 -2.997602166487922659e-15
3.220214843750000000e-01 -2.886579864025407005e-15
3.221435546875000000e-01 -3.053113317719180486e-15
3.222656250000000000e-01 -2.997602166487922659e-15
3.223876953125000000e-01 -3.053113317719180486e-15
3.225097656250000000e-01 -2.997602166487922659e-15
3.226318359375000000e-01 -2.997602166487922659e-15
3.227539062500000000e-01 -2.997602166487922659e-15
3.228759765625000000e-01 -2.942091015256664832e-15
3.229980468750000000e-01 -2.886579864025407005e-15
3.231201171875000000e-01 -2.942091015256664832e-15
3.232421875000000000e-01 -3.053113317719180486e-15
3.233642578125000000e-01 -2.886579864025407005e-15
3.234863281250000000e-01 -2.997602166487922659e-15
3.236083984375000000e-01 -3.053113317719180486e-15
3.237304687500000000e-01 -2.997602166487922659e-15
3.238525390625000000e-01 -2.886579864025407005e-15
3.239746093750000000e-01 -2.942091015256664832e-15
3.240966796875000000e-01 -3.053113317719180486e-15
3.242187500000000000e-01 -2.831068712794149178e-15
3.243408203125000000e-01 -2.942091015256664832e-15
3.244628906250000000e-01 -2.831068712794149178e-15
3.245849609375000000e-01 -2.775557561562891351e-15
3.247070312500000000e-01 -2.831068712794149178e-15
3.248291015625000000e-01 -2.997602166487922659e-15
3.249511718750000000e-01 -2.886579864025407005e-15
3.250732421875000000e-01 -2.886579864025407005e-15
3.251953125000000000e-01 -2.886579864025407005e-15
3.253173828125000000e-01 -2.831068712794149178e-15
3.254394531250000000e-01 -2.886579864025407005e-15
3.255615234375000000e-01 -2.886579864025407005e-15
3.256835937500000000e-01 -2.886579864025407005e-15
3.258056640625000000e-01 -2.886579864025407005e-15
3.259277343750000000e-01 -2.886579864025407005e-15
3.260498046875000000e-01 -2.886579864025407005e-15
3.261718750000000000e-01 -2.775557561562891351e-15
3.262939453125000000e-01 -2.775557561562891351e-15
3.264160156250000000e-01 -2.886579864025407005e-15
3.265380859375000000e-01 -2.831068712794149178e-15
3.266601562500000000e-01 -2.831068712794149178e-15
3.267822265625000000e-01 -2.831068712794149178e-15
3.269042968750000000e-01 -2.831068712794149178e-15
3.270263671875000000e-01 -2.775557561562891351e-15
3.271484375000000000e-01 -2.831068712794149178e-15
3.272705078125000000e-01 -2.720046410331633524e-15
3.273925781250000000e-01 -2.664535259100375697e-15
3.275146484375000000e-01 -2.886579864025407005e-15
3.276367187500000000e-01 -2.831068712794149178e-15
3.277587890625000000e-01 -2.886579864025407005e-15
3.278808593750000000e-01 -2.720046410331633524e-15
3.280029296875000000e-01 -2.775557561562891351e-15
3.281250000000000000e-01 -2.664535259100375697e-15
3.282470703125000000e-01 -2.831068712794149178e-15
3.283691406250000000e-01 -2.775557561562891351e-15
3.284912109375000000e-01 -2.775557561562891351e-15
3.286132812500000000e-01 -2.775557561562891351e-15
3.287353515625000000e-01 -2.886579864025407005e-15
3.288574218750000000e-01 -2.664535259100375697e-15
3.289794921875000000e-01 -2.775557561562891351e-15
3.291015625000000000e-01 -2.775557561562891351e-15
3.292236328125000000e-01 -2.720046410331633524e-15
3.293457031250000000e-01 -2.775557561562891351e-15
3.294677734375000000e-01 -2.775557561562891351e-15
3.295898437500000000e-01 -2.775557561562891351e-15
3.297119140625000000e-01 -2.720046410331633524e-15
3.298339843750000000e-01 -2.775557561562891351e-15
3.299560546875000000e-01 -2.664535259100375697e-15
3.300781250000000000e-01 -2.720046410331633524e-15
3.302001953125000000e-01 -2.775557561562891351e-15
3.303222656250000000e-01 -2.720046410331633524e-15
3.304443359375000000e-01 -2.775557561562891351e-15
3.305664062500000000e-01 -2.664535259100375697e-15
3.306884765625000000e-01 -2.775557561562891351e-15
3.308105468750000000e-01 -2.664535259100375697e-15
3.309326171875000000e-01 -2.720046410331633524e-15
3.310546875000000000e-01 -2.775557561562891351e-15
3.311767578125000000e-01 -2.775557561562891351e-15
3.312988281250000000e-01 -2.720046410331633524e-15
3.314208984375000000e-01 -2.720046410331633524e-15
3.315429687500000000e-01 -2.664535259100375697e-15
3.316650390625000000e-01 -2.775557561562891351e-15
3.317871093750000000e-01 -2.664535259100375697e-15
3.319091796875000000e-01 -2.775557561562891351e-15
3.320312500000000000e-01 -2.664535259100375697e-15
3.321533203125000000e-01 -2.720046410331633524e-15
3.322753906250000000e-01 -2.553512956637860043e-15
3.323974609375000000e-01 -2.664535259100375697e-15
3.325195312500000000e-01 -2.720046410331633524e-15
3.326416015625000000e-01 -2.720046410331633524e-15
3.327636718750000000e-01 -2.553512956637860043e-15
3.328857421875000000e-01 -2.664535259100375697e-15
3.330078125000000000e-01 -2.664535259100375697e-15
3.331298828125000000e-01 -2.720046410331633524e-15
3.332519531250000000e-01 -2.664535259100375697e-15
3.333740234375000000e-01 -2.609024107869117870e-15
3.334960937500000000e-01 -2.664535259100375697e-15
3.336181640625000000e-01 -2.664535259100375697e-15
3.337402343750000000e-01 -2.609024107869117870e-15
3.338623046875000000e-01 -2.664535259100375697e-15
3.339843750000000000e-01 -2.664535259100375697e-15
3.341064453125000000e-01 -2.609024107869117870e-15
3.342285156250000000e-01 -2.609024107869117870e-15
3.343505859375000000e-01 -2.609024107869117870e-15
3.344726562500000000e-01 -2.553512956637860043e-15
3.345947265625000000e-01 -2.664535259100375697e-15
3.347167968750000000e-01 -2.553512956637860043e-15
3.348388671875000000e-01 -2.553512956637860043e-15
3.349609375000000000e-01 -2.720046410331633524e-15
3.350830078125000000e-01 -2.553512956637860043e-15
3.352050781250000000e-01 -2.609024107869117870e-15
3.353271484375000000e-01 -2.609024107869117870e-15
3.354492187500000000e-01 -2.720046410331633524e-15
3.355712890625000000e-01 -2.442490654175344389e-15
3.356933593750000000e-01 -2.442490654175344389e-15
3.358154296875000000e-01 -2.609024107869117870e-15
3.359375000000000000e-01 -2.609024107869117870e-15
3.360595703125000000e-01 -2.609024107869117870e-15
3.361816406250000000e-01 -2.553512956637860043e-15
3.363037109375000000e-01 -2.553512956637860043e-15
3.364257812500000000e-01 -2.609024107869117870e-15
3.365478515625000000e-01 -2.553512956637860043e-15
3.366699218750000000e-01 -2.553512956637860043e-15
3.367919921875000000e-01 -2.553512956637860043e-15
3.369140625000000000e-01 -2.498001805406602216e-15
3.370361328125000000e-01 -2.553512956637860043e-15
3.371582031250000000e-01 -2.553512956637860043e-15
3.372802734375000000e-01 -2.498001805406602216e-15
3.374023437500000000e-01 -2.553512956637860043e-15
3.375244140625000000e-01 -2.609024107869117870e-15
3.376464843750000000e-01 -2.553512956637860043e-15
3.377685546875000000e-01 -2.498001805406602216e-15
3.378906250000000000e-01 -2.498001805406602216e-15
3.380126953125000000e-01 -2.553512956637860043e-15
3.381347656250000000e-01 -2.442490654175344389e-15
3.382568359375000000e-01 -2.553512956637860043e-15
3.383789062500000000e-01 -2.498001805406602216e-15
3.385009765625000000e-01 -2.553512956637860043e-15
3.386230468750000000e-01 -2.386979502944086562e-15
3.387451171875000000e-01 -2.498001805406602216e-15
3.388671875000000000e-01 -2.553512956637860043e-15
3.389892578125000000e-01 -2.498001805406602216e-15
3.391113281250000000e-01 -2.553512956637860043e-15
3.392333984375000000e-01 -2.442490654175344389e-15
3.393554687500000000e-01 -2.498001805406602216e-15
3.394775390625000000e-01 -2.442490654175344389e-15
3.395996093750000000e-01 -2.442490654175344389e-15
3.397216796875000000e-01 -2.553512956637860043e-15
3.398437500000000000e-01 -2.498001805406602216e-15
3.399658203125000000e-01 -2.553512956637860043e-15
3.400878906250000000e-01 -2.442490654175344389e-15
3.402099609375000000e-01 -2.553512956637860043e-15
3.403320312500000000e-01 -2.442490654175344389e-15
3.404541015625000000e-01 -2.442490654175344389e-15
3.405761718750000000e-01 -2.442490654175344389e-15
3.406982421875000000e-01 -2.553512956637860043e-15
3.408203125000000000e-01 -2.442490654175344389e-15
3.409423828125000000e-01 -2.331468351712828735e-15
3.410644531250000000e-01 -2.386979502944086562e-15
3.411865234375000000e-01 -2.386979502944086562e-15
3.413085937500000000e-01 -2.442490654175344389e-15
3.414306640625000000e-01 -2.442490654175344389e-15
3.415527343750000000e-01 -2.386979502944086562e-15
3.416748046875000000e-01 -2.498001805406602216e-15
3.417968750000000000e-01 -2.442490654175344389e-15
3.419189453125000000e-01 -2.442490654175344389e-15
3.420410156250000000e-01 -2.331468351712828735e-15
3.421630859375000000e-01 -2.442490654175344389e-15
3.422851562500000000e-01 -2.442490654175344389e-15
3.424072265625000000e-01 -2.442490654175344389e-15
3.425292968750000000e-01 -2.220446049250313081e-15
3.426513671875000000e-01 -2.442490654175344389e-15
3.427734375000000000e-01 -2.442490654175344389e-15
3.428955078125000000e-01 -2.442490654175344389e-15
3.430175781250000000e-01 -2.442490654175344389e-15
3.431396484375000000e-01 -2.442490654175344389e-15
3.432617187500000000e-01 -2.442490654175344389e-15
3.433837890625000000e-01 -2.331468351712828735e-15
3.435058593750000000e-01 -2.331468351712828735e-15
3.436279296875000000e-01 -2.442490654175344389e-15
3.437500000000000000e-01 -2.331468351712828735e-15
3.438720703125000000e-01 -2.386979502944086562e-15
3.439941406250000000e-01 -2.442490654175344389e-15
3.441162109375000000e-01 -2.386979502944086562e-15
3.442382812500000000e-01 -2.442490654175344389e-15
3.443603515625000000e-01 -2.442490654175344389e-15
3.444824218750000000e-01 -2.386979502944086562e-15
3.446044921875000000e-01 -2.331468351712828735e-15
3.447265625000000000e-01 -2.331468351712828735e-15
3.448486328125000000e-01 -2.386979502944086562e-15
3.449707031250000000e-01 -2.275957200481570908e-15
3.450927734375000000e-01 -2.386979502944086562e-15
3.452148437500000000e-01 -2.331468351712828735e-15
3.453369140625000000e-01 -2.331468351712828735e-15
3.454589843750000000e-01 -2.386979502944086562e-15
3.455810546875000000e-01 -2.331468351712828735e-15
3.457031250000000000e-01 -2.331468351712828735e-15
3.458251953125000000e-01 -2.331468351712828735e-15
3.459472656250000000e-01 -2.220446049250313081e-15
3.460693359375000000e-01 -2.386979502944086562e-15
3.461914062500000000e-01 -2.331468351712828735e-15
3.463134765625000000e-01 -2.275957200481570908e-15
3.464355468750000000e-01 -2.275957200481570908e-15
3.465576171875000000e-01 -2.275957200481570908e-15
3.466796875000000000e-01 -2.442490654175344389e-15
3.468017578125000000e-01 -2.275957200481570908e-15
3.469238281250000000e-01 -2.386979502944086562e-15
3.470458984375000000e-01 -2.331468351712828735e-15
3.471679687500000000e-01 -2.331468351712828735e-15
3.472900390625000000e-01 -2.331468351712828735e-15
3.474121093750000000e-01 -2.220446049250313081e-15
3.475341796875000000e-01 -2.275957200481570908e-15
3.476562500000000000e-01 -2.220446049250313081e-15
3.477783203125000000e-01 -2.331468351712828735e-15
3.479003906250000000e-01 -2.275957200481570908e-15
3.480224609375000000e-01 -2.331468351712828735e-15
3.481445312500000000e-01 -2.275957200481570908e-15
3.482666015625000000e-01 -2.275957200481570908e-15
3.483886718750000000e-01 -2.275957200481570908e-15
3.485107421875000000e-01 -2.331468351712828735e-15
3.486328125000000000e-01 -2.331468351712828735e-15
3.487548828125000000e-01 -2.164934898019055254e-15
3.488769531250000000e-01 -2.220446049250313081e-15
3.489990234375000000e-01 -2.331468351712828735e-15
3.491210937500000000e-01 -2.275957200481570908e-15
3.492431640625000000e-01 -2.331468351712828735e-15
3.493652343750000000e-01 -2.331468351712828735e-15
3.494873046875000000e-01 -2.220446049250313081e-15
3.496093750000000000e-01 -2.164934898019055254e-15
3.497314453125000000e-01 -2.275957200481570908e-15
3.498535156250000000e-01 -2.220446049250313081e-15
3.499755859375000000e-01 -2.220446049250313081e-15
3.500976562500000000e-01 -2.220446049250313081e-15
3.502197265625000000e-01 -2.303712776097199821e-15
3.503417968750000000e-01 -2.192690473634684167e-15
3.504638671875000000e-01 -2.275957200481570908e-15
3.505859375000000000e-01 -2.331468351712828735e-15
3.507080078125000000e-01 -2.220446049250313081e-15
3.508300781250000000e-01 -2.303712776097199821e-15
3.509521484375000000e-01 -2.248201624865941994e-15
3.510742187500000000e-01 -2.220446049250313081e-15
3.511962890625000000e-01 -2.220446049250313081e-15
3.513183593750000000e-01 -2.137179322403426340e-15
3.514404296875000000e-01 -2.303712776097199821e-15
3.515625000000000000e-01 -2.248201624865941994e-15
3.516845703125000000e-01 -2.275957200481570908e-15
3.518066406250000000e-01 -2.192690473634684167e-15
3.519287109375000000e-01 -2.192690473634684167e-15
3.520507812500000000e-01 -2.164934898019055254e-15
3.521728515625000000e-01 -2.275957200481570908e-15
3.522949218750000000e-01 -2.164934898019055254e-15
3.524169921875000000e-01 -2.220446049250313081e-15
3.525390625000000000e-01 -2.275957200481570908e-15
3.526611328125000000e-01 -2.220446049250313081e-15
3.527832031250000000e-01 -2.275957200481570908e-15
3.529052734375000000e-01 -2.220446049250313081e-15
3.530273437500000000e-01 -2.275957200481570908e-15
3.531494140625000000e-01 -2.275957200481570908e-15
3.532714843750000000e-01 -2.164934898019055254e-15
3.533935546875000000e-01 -2.220446049250313081e-15
3.535156250000000000e-01 -2.220446049250313081e-15
3.536376953125000000e-01 -2.137179322403426340e-15
3.537597656250000000e-01 -2.220446049250313081e-15
3.538818359375000000e-01 -2.192690473634684167e-15
3.540039062500000000e-01 -2.164934898019055254e-15
3.541259765625000000e-01 -2.248201624865941994e-15
3.542480468750000000e-01 -2.164934898019055254e-15
3.543701171875000000e-01 -2.137179322403426340e-15
3.544921875000000000e-01 -2.192690473634684167e-15
3.546142578125000000e-01 -2.164934898019055254e-15
3.547363281250000000e-01 -2.220446049250313081e-15
3.548583984375000000e-01 -2.192690473634684167e-15
3.549804687500000000e-01 -2.220446049250313081e-15
3.551025390625000000e-01 -2.164934898019055254e-15
3.552246093750000000e-01 -2.192690473634684167e-15
3.553466796875000000e-01 -2.164934898019055254e-15
3.554687500000000000e-01 -2.109423746787797427e-15
3.555908203125000000e-01 -2.053912595556539600e-15
3.557128906250000000e-01 -2.137179322403426340e-15
3.558349609375000000e-01 -2.109423746787797427e-15
3.559570312500000000e-01 -2.137179322403426340e-15
3.560791015625000000e-01 -2.192690473634684167e-15
3.562011718750000000e-01 -2.053912595556539600e-15
3.563232421875000000e-01 -2.109423746787797427e-15
3.564453125000000000e-01 -2.137179322403426340e-15
3.565673828125000000e-01 -2.109423746787797427e-15
3.566894531250000000e-01 -2.164934898019055254e-15
3.568115234375000000e-01 -2.109423746787797427e-15
3.569335937500000000e-01 -2.192690473634684167e-15
3.570556640625000000e-01 -2.220446049250313081e-15
3.571777343750000000e-01 -2.164934898019055254e-15
3.572998046875000000e-01 -2.192690473634684167e-15
3.574218750000000000e-01 -2.109423746787797427e-15
3.575439453125000000e-01 -2.137179322403426340e-15
3.576660156250000000e-01 -2.109423746787797427e-15
3.577880859375000000e-01 -2.109423746787797427e-15
3.579101562500000000e-01 -2.164934898019055254e-15
3.580322265625000000e-01 -2.109423746787797427e-15
3.581542968750000000e-01 -2.053912595556539600e-15
3.582763671875000000e-01 -2.192690473634684167e-15
3.583984375000000000e-01 -2.109423746787797427e-15
3.585205078125000000e-01 -2.109423746787797427e-15
3.586425781250000000e-01 -2.109423746787797427e-15
3.587646484375000000e-01 -2.109423746787797427e-15
3.588867187500000000e-01 -2.164934898019055254e-15
3.590087890625000000e-01 -2.164934898019055254e-15
3.591308593750000000e-01 -2.053912595556539600e-15
3.592529296875000000e-01 -2.081668171172168513e-15
3.593750000000000000e-01 -2.109423746787797427e-15
3.594970703125000000e-01 -2.164934898019055254e-15
3.596191406250000000e-01 -2.137179322403426340e-15
3.597412109375000000e-01 -2.109423746787797427e-15
3.598632812500000000e-01 -2.053912595556539600e-15
3.599853515625000000e-01 -2.137179322403426340e-15
3.601074218750000000e-01 -2.109423746787797427e-15
3.602294921875000000e-01 -2.220446049250313081e-15
3.603515625000000000e-01 -2.081668171172168513e-15
3.604736328125000000e-01 -2.137179322403426340e-15
3.605957031250000000e-01 -2.192690473634684167e-15
3.607177734375000000e-01 -2.053912595556539600e-15
3.608398437500000000e-01 -2.192690473634684167e-15
3.609619140625000000e-01 -2.220446049250313081e-15
3.610839843750000000e-01 -2.081668171172168513e-15
3.612060546875000000e-01 -2.081668171172168513e-15
3.613281250000000000e-01 -2.109423746787797427e-15
3.614501953125000000e-01 -2.137179322403426340e-15
3.615722656250000000e-01 -1.998401444325281773e-15
3.616943359375000000e-01 -2.053912595556539600e-15
3.618164062500000000e-01 -2.081668171172168513e-15
3.619384765625000000e-01 -2.192690473634684167e-15
3.620605468750000000e-01 -2.081668171172168513e-15
3.621826171875000000e-01 -2.137179322403426340e-15
3.623046875000000000e-01 -2.192690473634684167e-15
3.624267578125000000e-01 -2.053912595556539600e-15
3.625488281250000000e-01 -2.137179322403426340e-15
3.626708984375000000e-01 -2.109423746787797427e-15
3.627929687500000000e-01 -2.081668171172168513e-15
3.629150390625000000e-01 -2.109423746787797427e-15
3.630371093750000000e-01 -2.137179322403426340e-15
3.631591796875000000e-01 -2.164934898019055254e-15
3.632812500000000000e-01 -2.109423746787797427e-15
3.634033203125000000e-01 -2.081668171172168513e-15
3.635253906250000000e-01 -2.026157019940910686e-15
3.636474609375000000e-01 -2.109423746787797427e-15
3.637695312500000000e-01 -2.081668171172168513e-15
3.638916015625000000e-01 -2.164934898019055254e-15
3.640136718750000000e-01 -2.081668171172168513e-15
3.641357421875000000e-01 -2.109423746787797427e-15
3.642578125000000000e-01 -2.109423746787797427e-15
3.643798828125000000e-01 -2.109423746787797427e-15
3.645019531250000000e-01 -2.164934898019055254e-15
3.646240234375000000e-01 -2.053912595556539600e-15
3.647460937500000000e-01 -2.109423746787797427e-15
3.648681640625000000e-01 -2.053912595556539600e-15
3.649902343750000000e-01 -2.053912595556539600e-15
3.651123046875000000e-01 -2.081668171172168513e-15
3.652343750000000000e-01 -2.137179322403426340e-15
3.653564453125000000e-01 -2.137179322403426340e-15
3.654785156250000000e-01 -2.026157019940910686e-15
3.656005859375000000e-01 -2.137179322403426340e-15
3.657226562500000000e-01 -2.053912595556539600e-15
3.658447265625000000e-01 -2.109423746787797427e-15
3.659667968750000000e-01 -2.026157019940910686e-15
3.660888671875000000e-01 -2.137179322403426340e-15
3.662109375000000000e-01 -2.164934898019055254e-15
3.663330078125000000e-01 -2.026157019940910686e-15
3.664550781250000000e-01 -2.164934898019055254e-15
3.665771484375000000e-01 -2.109423746787797427e-15
3.666992187500000000e-01 -2.137179322403426340e-15
3.668212890625000000e-01 -2.109423746787797427e-15
3.669433593750000000e-01 -1.998401444325281773e-15
3.670654296875000000e-01 -2.081668171172168513e-15
3.671875000000000000e-01 -2.026157019940910686e-15
3.673095703125000000e-01 -2.026157019940910686e-15
3.674316406250000000e-01 -2.109423746787797427e-15
3.675537109375000000e-01 -2.026157019940910686e-15
3.676757812500000000e-01 -2.081668171172168513e-15
3.677978515625000000e-01 -2.026157019940910686e-15
3.679199218750000000e-01 -2.053912595556539600e-15
3.680419921875000000e-01 -1.998401444325281773e-15
3.681640625000000000e-01 -2.026157019940910686e-15
3.682861328125000000e-01 -2.026157019940910686e-15
3.684082031250000000e-01 -2.095545958979982970e-15
3.685302734375000000e-01 -2.012279232133096230e-15
3.686523437500000000e-01 -2.081668171172168513e-15
3.687744140625000000e-01 -2.123301534595611884e-15
3.688964843750000000e-01 -2.081668171172168513e-15
3.690185546875000000e-01 -2.026157019940910686e-15
3.691406250000000000e-01 -2.040034807748725143e-15
3.692626953125000000e-01 -2.053912595556539600e-15
3.693847656250000000e-01 -1.984523656517467316e-15
3.695068359375000000e-01 -2.026157019940910686e-15
3.696289062500000000e-01 -2.012279232133096230e-15
3.697509765625000000e-01 -2.053912595556539600e-15
3.698730468750000000e-01 -1.970645868709652859e-15
3.699951171875000000e-01 -2.081668171172168513e-15
3.701171875000000000e-01 -2.053912595556539600e-15
3.702392578125000000e-01 -2.026157019940910686e-15
3.703613281250000000e-01 -2.067790383364354057e-15
3.704833984375000000e-01 -2.081668171172168513e-15
3.706054687500000000e-01 -2.053912595556539600e-15
3.707275390625000000e-01 -1.998401444325281773e-15
3.708496093750000000e-01 -2.026157019940910686e-15
3.709716796875000000e-01 -2.040034807748725143e-15
3.710937500000000000e-01 -2.053912595556539600e-15
3.712158203125000000e-01 -2.053912595556539600e-15
3.713378906250000000e-01 -1.970645868709652859e-15
3.714599609375000000e-01 -2.026157019940910686e-15
3.715820312500000000e-01 -1.984523656517467316e-15
3.717041015625000000e-01 -2.040034807748725143e-15
3.718261718750000000e-01 -2.067790383364354057e-15
3.719482421875000000e-01 -2.040034807748725143e-15
3.720703125000000000e-01 -2.026157019940910686e-15
3.721923828125000000e-01 -1.970645868709652859e-15
3.723144531250000000e-01 -2.053912595556539600e-15
3.724365234375000000e-01 -2.012279232133096230e-15
3.725585937500000000e-01 -2.040034807748725143e-15
3.726806640625000000e-01 -1.998401444325281773e-15
3.728027343750000000e-01 -1.984523656517467316e-15
3.729248046875000000e-01 -1.998401444325281773e-15
3.730468750000000000e-01 -2.026157019940910686e-15
3.731689453125000000e-01 -2.040034807748725143e-15
3.732910156250000000e-01 -2.012279232133096230e-15
3.734130859375000000e-01 -1.984523656517467316e-15
3.735351562500000000e-01 -1.956768080901838402e-15
3.736572265625000000e-01 -2.067790383364354057e-15
3.737792968750000000e-01 -1.998401444325281773e-15
3.739013671875000000e-01 -2.012279232133096230e-15
3.740234375000000000e-01 -2.067790383364354057e-15
3.741455078125000000e-01 -2.095545958979982970e-15
3.742675781250000000e-01 -2.109423746787797427e-15
3.743896484375000000e-01 -1.998401444325281773e-15
3.745117187500000000e-01 -2.067790383364354057e-15
3.746337890625000000e-01 -1.984523656517467316e-15
3.747558593750000000e-01 -1.998401444325281773e-15
3.748779296875000000e-01 -2.067790383364354057e-15
3.750000000000000000e-01 -2.012279232133096230e-15
3.751220703125000000e-01 -2.012279232133096230e-15
3.752441406250000000e-01 -1.970645868709652859e-15
3.753662109375000000e-01 -1.956768080901838402e-15
3.754882812500000000e-01 -1.984523656517467316e-15
3.756103515625000000e-01 -2.026157019940910686e-15
3.757324218750000000e-01 -1.998401444325281773e-15
3.758544921875000000e-01 -1.998401444325281773e-15
3.759765625000000000e-01 -2.053912595556539600e-15
3.760986328125000000e-01 -2.026157019940910686e-15
3.762207031250000000e-01 -1.970645868709652859e-15
3.763427734375000000e-01 -1.998401444325281773e-15
3.764648437500000000e-01 -1.970645868709652859e-15
3.765869140625000000e-01 -2.081668171172168513e-15
3.767089843750000000e-01 -1.970645868709652859e-15
3.768310546875000000e-01 -2.040034807748725143e-15
3.769531250000000000e-01 -2.026157019940910686e-15
3.770751953125000000e-01 -1.984523656517467316e-15
3.771972656250000000e-01 -1.929012505286209489e-15
3.773193359375000000e-01 -1.970645868709652859e-15
3.774414062500000000e-01 -1.998401444325281773e-15
3.775634765625000000e-01 -1.998401444325281773e-15
3.776855468750000000e-01 -1.984523656517467316e-15
3.778076171875000000e-01 -1.998401444325281773e-15
3.779296875000000000e-01 -2.012279232133096230e-15
3.780517578125000000e-01 -1.984523656517467316e-15
3.781738281250000000e-01 -2.012279232133096230e-15
3.782958984375000000e-01 -2.012279232133096230e-15
3.784179687500000000e-01 -2.095545958979982970e-15
3.785400390625000000e-01 -1.956768080901838402e-15
3.786621093750000000e-01 -1.942890293094023946e-15
3.787841796875000000e-01 -1.998401444325281773e-15
3.789062500000000000e-01 -2.026157019940910686e-15
3.790283203125000000e-01 -1.998401444325281773e-15
3.791503906250000000e-01 -1.942890293094023946e-15
3.792724609375000000e-01 -1.998401444325281773e-15
3.793945312500000000e-01 -2.012279232133096230e-15
3.795166015625000000e-01 -1.984523656517467316e-15
3.796386718750000000e-01 -1.956768080901838402e-15
3.797607421875000000e-01 -2.012279232133096230e-15
3.798828125000000000e-01 -1.998401444325281773e-15
3.800048828125000000e-01 -1.998401444325281773e-15
3.801269531250000000e-01 -1.956768080901838402e-15
3.802490234375000000e-01 -2.012279232133096230e-15
3.803710937500000000e-01 -1.998401444325281773e-15
3.804931640625000000e-01 -1.998401444325281773e-15
3.806152343750000000e-01 -1.984523656517467316e-15
3.807373046875000000e-01 -1.956768080901838402e-15
3.808593750000000000e-01 -1.984523656517467316e-15
3.809814453125000000e-01 -2.033095913844817915e-15
3.811035156250000000e-01 -2.046973701652632371e-15
3.812255859375000000e-01 -1.984523656517467316e-15
3.813476562500000000e-01 -1.977584762613560088e-15
3.814697265625000000e-01 -1.998401444325281773e-15
3.815917968750000000e-01 -1.929012505286209489e-15
3.817138671875000000e-01 -1.977584762613560088e-15
3.818359375000000000e-01 -2.026157019940910686e-15
3.819580078125000000e-01 -1.977584762613560088e-15
3.820800781250000000e-01 -2.067790383364354057e-15
3.822021484375000000e-01 -1.998401444325281773e-15
3.823242187500000000e-01 -2.026157019940910686e-15
3.824462890625000000e-01 -1.998401444325281773e-15
3.825683593750000000e-01 -1.970645868709652859e-15
3.826904296875000000e-01 -1.970645868709652859e-15
3.828125000000000000e-01 -1.922073611382302261e-15
3.829345703125000000e-01 -1.977584762613560088e-15
3.830566406250000000e-01 -2.012279232133096230e-15
3.831787109375000000e-01 -1.998401444325281773e-15
3.833007812500000000e-01 -1.956768080901838402e-15
3.834228515625000000e-01 -1.991462550421374544e-15
3.835449218750000000e-01 -1.908195823574487804e-15
3.836669921875000000e-01 -1.984523656517467316e-15
3.837890625000000000e-01 -1.998401444325281773e-15
3.839111328125000000e-01 -1.970645868709652859e-15
3.840332031250000000e-01 -2.012279232133096230e-15
3.841552734375000000e-01 -1.929012505286209489e-15
3.842773437500000000e-01 -1.998401444325281773e-15
3.843994140625000000e-01 -1.922073611382302261e-15
3.845214843750000000e-01 -1.956768080901838402e-15
3.846435546875000000e-01 -1.942890293094023946e-15
3.847656250000000000e-01 -2.019218126037003458e-15
3.848876953125000000e-01 -1.963706974805745631e-15
3.850097656250000000e-01 -1.984523656517467316e-15
3.851318359375000000e-01 -2.005340338229189001e-15
3.852539062500000000e-01 -1.991462550421374544e-15
3.853759765625000000e-01 -1.963706974805745631e-15
3.854980468750000000e-01 -1.942890293094023946e-15
3.856201171875000000e-01 -1.935951399190116717e-15
3.857421875000000000e-01 -1.991462550421374544e-15
3.858642578125000000e-01 -2.053912595556539600e-15
3.859863281250000000e-01 -1.984523656517467316e-15
3.861083984375000000e-01 -2.033095913844817915e-15
3.862304687500000000e-01 -1.991462550421374544e-15
3.863525390625000000e-01 -1.935951399190116717e-15
3.864746093750000000e-01 -1.901256929670580575e-15
3.865966796875000000e-01 -2.040034807748725143e-15
3.867187500000000000e-01 -1.956768080901838402e-15
3.868408203125000000e-01 -1.984523656517467316e-15
3.869628906250000000e-01 -1.908195823574487804e-15
3.870849609375000000e-01 -1.956768080901838402e-15
3.872070312500000000e-01 -1.963706974805745631e-15
3.873291015625000000e-01 -2.019218126037003458e-15
3.874511718750000000e-01 -1.949829186997931174e-15
3.875732421875000000e-01 -1.984523656517467316e-15
3.876953125000000000e-01 -1.963706974805745631e-15
3.878173828125000000e-01 -2.026157019940910686e-15
3.879394531250000000e-01 -1.998401444325281773e-15
3.880615234375000000e-01 -1.922073611382302261e-15
3.881835937500000000e-01 -1.970645868709652859e-15
3.883056640625000000e-01 -1.949829186997931174e-15
3.884277343750000000e-01 -1.956768080901838402e-15
3.885498046875000000e-01 -1.963706974805745631e-15
3.886718750000000000e-01 -1.956768080901838402e-15
3.887939453125000000e-01 -2.019218126037003458e-15
3.889160156250000000e-01 -1.963706974805745631e-15
3.890380859375000000e-01 -1.935951399190116717e-15
3.891601562500000000e-01 -1.984523656517467316e-15
3.892822265625000000e-01 -2.012279232133096230e-15
3.894042968750000000e-01 -2.019218126037003458e-15
3.895263671875000000e-01 -1.970645868709652859e-15
3.896484375000000000e-01 -1.963706974805745631e-15
3.897705078125000000e-01 -1.956768080901838402e-15
3.898925781250000000e-01 -1.977584762613560088e-15
3.900146484375000000e-01 -1.984523656517467316e-15
3.901367187500000000e-01 -2.005340338229189001e-15
3.902587890625000000e-01 -1.998401444325281773e-15
3.903808593750000000e-01 -1.901256929670580575e-15
3.905029296875000000e-01 -2.046973701652632371e-15
3.906250000000000000e-01 -1.956768080901838402e-15
3.907470703125000000e-01 -2.019218126037003458e-15
3.908691406250000000e-01 -2.008809785181142615e-15
3.909912109375000000e-01 -1.984523656517467316e-15
3.911132812500000000e-01 -2.033095913844817915e-15
3.912353515625000000e-01 -1.939420846142070332e-15
3.913574218750000000e-01 -1.981054209565513702e-15
3.914794921875000000e-01 -2.036565360796771529e-15
3.916015625000000000e-01 -1.977584762613560088e-15
3.917236328125000000e-01 -1.963706974805745631e-15
3.918457031250000000e-01 -2.029626466892864300e-15
3.919677734375000000e-01 -1.939420846142070332e-15
3.920898437500000000e-01 -1.974115315661606473e-15
3.922119140625000000e-01 -1.967176421757699245e-15
3.923339843750000000e-01 -1.942890293094023946e-15
3.924560546875000000e-01 -1.939420846142070332e-15
3.925781250000000000e-01 -1.932481952238163103e-15
3.927001953125000000e-01 -1.994931997373328159e-15
3.928222656250000000e-01 -1.994931997373328159e-15
3.929443359375000000e-01 -1.942890293094023946e-15
3.930664062500000000e-01 -1.859623566247137205e-15
3.931884765625000000e-01 -2.001870891277235387e-15
3.933105468750000000e-01 -1.908195823574487804e-15
3.934326171875000000e-01 -1.911665270526441418e-15
3.935546875000000000e-01 -2.036565360796771529e-15
3.936767578125000000e-01 -1.963706974805745631e-15
3.937988281250000000e-01 -1.984523656517467316e-15
3.939208984375000000e-01 -1.939420846142070332e-15
3.940429687500000000e-01 -1.911665270526441418e-15
3.941650390625000000e-01 -1.984523656517467316e-15
3.942871093750000000e-01 -2.029626466892864300e-15
3.944091796875000000e-01 -1.987993103469420930e-15
3.945312500000000000e-01 -1.925543058334255875e-15
3.946533203125000000e-01 -1.963706974805745631e-15
3.947753906250000000e-01 -1.967176421757699245e-15
3.948974609375000000e-01 -1.956768080901838402e-15
3.950195312500000000e-01 -1.918604164430348646e-15
3.951416015625000000e-01 -1.949829186997931174e-15
3.952636718750000000e-01 -1.890848588814719733e-15
3.953857421875000000e-01 -2.001870891277235387e-15
3.955078125000000000e-01 -1.960237527853792017e-15
3.956298828125000000e-01 -2.001870891277235387e-15
3.957519531250000000e-01 -1.929012505286209489e-15
3.958740234375000000e-01 -1.939420846142070332e-15
3.959960937500000000e-01 -1.956768080901838402e-15
3.961181640625000000e-01 -1.929012505286209489e-15
3.962402343750000000e-01 -1.894318035766673347e-15
3.963623046875000000e-01 -1.935951399190116717e-15
3.964843750000000000e-01 -1.942890293094023946e-15
3.966064453125000000e-01 -1.967176421757699245e-15
3.967285156250000000e-01 -1.939420846142070332e-15
3.968505859375000000e-01 -1.929012505286209489e-15
3.969726562500000000e-01 -1.870031907102998048e-15
3.970947265625000000e-01 -1.953298633949884788e-15
3.972167968750000000e-01 -1.894318035766673347e-15
3.973388671875000000e-01 -1.918604164430348646e-15
3.974609375000000000e-01 -1.960237527853792017e-15
3.975830078125000000e-01 -1.904726376622534190e-15
3.977050781250000000e-01 -1.970645868709652859e-15
3.978271484375000000e-01 -1.935951399190116717e-15
3.979492187500000000e-01 -2.026157019940910686e-15
3.980712890625000000e-01 -1.863093013199090819e-15
3.981933593750000000e-01 -1.814520755871740221e-15
3.983154296875000000e-01 -1.967176421757699245e-15
3.984375000000000000e-01 -1.918604164430348646e-15
3.985595703125000000e-01 -1.897787482718626961e-15
3.986816406250000000e-01 -1.873501354054951662e-15
3.988037109375000000e-01 -1.880440247958858890e-15
3.989257812500000000e-01 -1.828398543679554678e-15
3.990478515625000000e-01 -1.894318035766673347e-15
3.991699218750000000e-01 -1.852684672343229977e-15
3.992919921875000000e-01 -1.882174971434835697e-15
3.994140625000000000e-01 -1.878705524482882083e-15
3.995361328125000000e-01 -1.871766630578974855e-15
3.996582031250000000e-01 -1.830133267155531485e-15
3.997802734375000000e-01 -1.812786032395763414e-15
3.999023437500000000e-01 -1.838806884535415520e-15
4.000244140625000000e-01 -1.863093013199090819e-15
4.001464843750000000e-01 -1.824929096727601063e-15
4.002685546875000000e-01 -1.755540157688528780e-15
4.003906250000000000e-01 -1.790234627208064921e-15
4.005126953125000000e-01 -1.821459649775647449e-15
4.006347656250000000e-01 -1.743397093356691130e-15
4.007568359375000000e-01 -1.809316585443809799e-15
4.008789062500000000e-01 -1.790234627208064921e-15
4.010009765625000000e-01 -1.802377691539902571e-15
4.011230468750000000e-01 -1.771152668972320043e-15
4.012451171875000000e-01 -1.771152668972320043e-15
4.013671875000000000e-01 -1.779826286352204079e-15
4.014892578125000000e-01 -1.797173521111972150e-15
4.016113281250000000e-01 -1.863093013199090819e-15
4.017333984375000000e-01 -1.774622115924273658e-15
4.018554687500000000e-01 -1.706967900361178181e-15
4.019775390625000000e-01 -1.781561009828180886e-15
4.020996093750000000e-01 -1.694824836029340531e-15
4.022216796875000000e-01 -1.767683222020366429e-15
4.023437500000000000e-01 -1.732988752500830287e-15
4.024658203125000000e-01 -1.752070710736575165e-15
4.025878906250000000e-01 -1.674008154317618846e-15
4.027099609375000000e-01 -1.713906794265085409e-15
4.028320312500000000e-01 -1.694824836029340531e-15
4.029541015625000000e-01 -1.684416495173479689e-15
4.030761718750000000e-01 -1.627170620466245055e-15
4.031982421875000000e-01 -1.639313684798082704e-15
4.033203125000000000e-01 -1.639313684798082704e-15
4.034423828125000000e-01 -1.611558109182453791e-15
4.035644531250000000e-01 -1.665334536937734811e-15
4.036865234375000000e-01 -1.559516404903149578e-15
4.038085937500000000e-01 -1.618497003086361019e-15
4.039306640625000000e-01 -1.535230276239474279e-15
4.040527343750000000e-01 -1.486658018912123680e-15
4.041748046875000000e-01 -1.566455298807056806e-15
4.042968750000000000e-01 -1.599415044850616141e-15
4.044189453125000000e-01 -1.547373340571311928e-15
4.045410156250000000e-01 -1.490127465864077294e-15
4.046630859375000000e-01 -1.542169170143381507e-15
4.047851562500000000e-01 -1.483188571960170066e-15
4.049072265625000000e-01 -1.483188571960170066e-15
4.050292968750000000e-01 -1.450228825916610731e-15
4.051513671875000000e-01 -1.491862189340054101e-15
4.052734375000000000e-01 -1.516148318003729401e-15
4.053955078125000000e-01 -1.500535806719938137e-15
4.055175781250000000e-01 -1.491862189340054101e-15
4.056396484375000000e-01 -1.432881591156842660e-15
4.057617187500000000e-01 -1.342675970406048691e-15
4.058837890625000000e-01 -1.422473250300981817e-15
4.060058593750000000e-01 -1.342675970406048691e-15
4.061279296875000000e-01 -1.325328735646280620e-15
4.062500000000000000e-01 -1.275021754842953214e-15
4.063720703125000000e-01 -1.301042606982605321e-15
4.064941406250000000e-01 -1.254205073131231529e-15
4.066162109375000000e-01 -1.199561283637962106e-15
4.067382812500000000e-01 -1.165734175856414367e-15
4.068603515625000000e-01 -1.147519579358657893e-15
4.069824218750000000e-01 -1.087671619437458048e-15
4.071044921875000000e-01 -1.115427195053086962e-15
4.072265625000000000e-01 -1.079865363795562416e-15
4.073486328125000000e-01 -1.089406342913434855e-15
4.074707031250000000e-01 -1.070324384677689977e-15
4.075927734375000000e-01 -1.003537530852582904e-15
4.077148437500000000e-01 -9.861902960928148332e-16
4.078369140625000000e-01 -9.063930161978817068e-16
4.079589843750000000e-01 -9.063930161978817068e-16
4.080810546875000000e-01 -8.569533971325427046e-16
4.082031250000000000e-01 -8.283304597789253876e-16
4.083251953125000000e-01 -8.257283745649601769e-16
4.084472656250000000e-01 -7.606762442158299109e-16
4.085693359375000000e-01 -8.075137780672037024e-16
4.086914062500000000e-01 -6.782768791069315739e-16
4.088134765625000000e-01 -7.103692634125025052e-16
4.089355468750000000e-01 -6.505213034913026604e-16
4.090576171875000000e-01 -5.924080670460796227e-16
4.091796875000000000e-01 -6.340414304695229930e-16
4.093017578125000000e-01 -5.230191280070073390e-16
4.094238281250000000e-01 -4.796510411075871616e-16
4.095458984375000000e-01 -3.955169525227120175e-16
4.096679687500000000e-01 -3.833738881908743679e-16
4.097900390625000000e-01 -2.870967352741615741e-16
4.099121093750000000e-01 -2.237793284010081152e-16
4.100341796875000000e-01 -2.125036258071588691e-16
4.101562500000000000e-01 -1.439820485060749888e-16
4.102783203125000000e-01 -4.943961906533900219e-17
4.104003906250000000e-01 -2.775557561562891351e-17
4.105224609375000000e-01 -5.117434254131580929e-17
4.106445312500000000e-01 1.543903893619358314e-16
4.107666015625000000e-01 1.604619215278546562e-16
4.108886718750000000e-01 1.674008154317618846e-16
4.110107421875000000e-01 2.801578413702543457e-16
4.111328125000000000e-01 3.694961003830599111e-16
4.112548828125000000e-01 4.102621020685148778e-16
4.113769531250000000e-01 4.917941054394248113e-16
4.114990234375000000e-01 4.900593819634480042e-16
4.116210937500000000e-01 6.565928356572214852e-16
4.117431640625000000e-01 6.722053469410127491e-16
4.118652343750000000e-01 7.606762442158299109e-16
4.119873046875000000e-01 9.046582927219048997e-16
4.121093750000000000e-01 9.532305500492554984e-16
4.122314453125000000e-01 9.913944665207452545e-16
4.123535156250000000e-01 1.122366088956994190e-15
4.124755859375000000e-01 1.199561283637962106e-15
4.125976562500000000e-01 1.374768354711619622e-15
4.127197265625000000e-01 1.360890566903805166e-15
4.128417968750000000e-01 1.521352488431659822e-15
4.129638671875000000e-01 1.621966450038314633e-15
4.130859375000000000e-01 1.739927646404737516e-15
4.132080078125000000e-01 1.862225651461102416e-15
4.133300781250000000e-01 1.896486440111644356e-15
4.134521484375000000e-01 2.012279232133096230e-15
4.135742187500000000e-01 2.195292558848649378e-15
4.136962890625000000e-01 2.244732177913988380e-15
4.138183593750000000e-01 2.512313274083410874e-15
4.139404296875000000e-01 2.579967489646506351e-15
4.140625000000000000e-01 2.695760281667958225e-15
4.141845703125000000e-01 2.858824288409778092e-15
4.143066406250000000e-01 2.971147633479276351e-15
4.144287109375000000e-01 3.094746681142623856e-15
4.145507812500000000e-01 3.352786798194173912e-15
4.146728515625000000e-01 3.431716716351118635e-15
4.147949218750000000e-01 3.649424512586207925e-15
4.149169921875000000e-01 3.732691239433094665e-15
4.150390625000000000e-01 3.911801438327699998e-15
4.151611328125000000e-01 4.205403386636774599e-15
4.152832031250000000e-01 4.227087430086484687e-15
4.154052734375000000e-01 4.589644636565637370e-15
4.155273437500000000e-01 4.594848806993567791e-15
4.156494140625000000e-01 4.876307690970804742e-15
4.157714843750000000e-01 5.126541552380459166e-15
4.158935546875000000e-01 5.332539965152705008e-15
4.160156250000000000e-01 5.491700844073577059e-15
4.161376953125000000e-01 5.789639601072593678e-15
4.162597656250000000e-01 5.994336971237856915e-15
4.163818359375000000e-01 6.241101385695557724e-15
4.165039062500000000e-01 6.434089372397977513e-15
4.166259765625000000e-01 6.659603424274962435e-15
4.167480468750000000e-01 6.898561583090767613e-15
4.168701171875000000e-01 7.189561446185877003e-15
4.169921875000000000e-01 7.439361626726537224e-15
4.171142578125000000e-01 7.727325723738687202e-15
4.172363281250000000e-01 8.011386692929889364e-15
4.173583984375000000e-01 8.319733790784766825e-15
4.174804687500000000e-01 8.684025720739896315e-15
4.176025390625000000e-01 8.965918285586127467e-15
4.177246093750000000e-01 9.303755682532610649e-15
4.178466796875000000e-01 9.654169824679925682e-15
4.179687500000000000e-01 9.947771772989000283e-15
4.180908203125000000e-01 1.031986995858602540e-14
4.182128906250000000e-01 1.068849869723109691e-14
4.183349609375000000e-01 1.106927050020800607e-14
4.184570312500000000e-01 1.137501551284891832e-14
4.185791015625000000e-01 1.186247280959840111e-14
4.187011718750000000e-01 1.225105086821720590e-14
4.188232421875000000e-01 1.262488377729020783e-14
4.189453125000000000e-01 1.303124275153777489e-14
4.190673828125000000e-01 1.336170757371135664e-14
4.191894531250000000e-01 1.396864394986874203e-14
4.193115234375000000e-01 1.438649546714465544e-14
4.194335937500000000e-01 1.481085219745548187e-14
4.195556640625000000e-01 1.533538920850396892e-14
4.196777343750000000e-01 1.589505436994098631e-14
4.197998046875000000e-01 1.641872401925148495e-14
4.199218750000000000e-01 1.699053224502033999e-14
4.200439453125000000e-01 1.741510581576566352e-14
4.201660156250000000e-01 1.806432607664998358e-14
4.202880859375000000e-01 1.862984592981842269e-14
4.204101562500000000e-01 1.931723010717423250e-14
4.205322265625000000e-01 1.981379470217259353e-14
4.206542968750000000e-01 2.051028617777728158e-14
4.207763671875000000e-01 2.121371654728587686e-14
4.208984375000000000e-01 2.182086976387775934e-14
4.210205078125000000e-01 2.253752739989067777e-14
4.211425781250000000e-01 2.319693916119636157e-14
4.212646484375000000e-01 2.395154387324627265e-14
4.213867187500000000e-01 2.466690046665220848e-14
4.215087890625000000e-01 2.540871159306679061e-14
4.216308593750000000e-01 2.631011727927123900e-14
4.217529296875000000e-01 2.708358710912239786e-14
4.218750000000000000e-01 2.794379311277239708e-14
4.219970703125000000e-01 2.879163921165606155e-14
4.221191406250000000e-01 2.972557096303507507e-14
4.222412109375000000e-01 3.067142893831142914e-14
4.223632812500000000e-01 3.163116470139559766e-14
4.224853515625000000e-01 3.253538931324850836e-14
4.226074218750000000e-01 3.358121072882802594e-14
4.227294921875000000e-01 3.459038611097753346e-14
4.228515625000000000e-01 3.565485580392380172e-14
4.229736328125000000e-01 3.673276960380889022e-14
4.230957031250000000e-01 3.779593825414817587e-14
4.232177734375000000e-01 3.899419849517915537e-14
4.233398437500000000e-01 4.015169273452467991e-14
4.234619140625000000e-01 4.134539932643122029e-14
4.235839843750000000e-01 4.264861033775879662e-14
4.237060546875000000e-01 4.390411645349701075e-14
4.238281250000000000e-01 4.530317093687230567e-14
4.239501953125000000e-01 4.661895869340071386e-14
4.240722656250000000e-01 4.801345952765156966e-14
4.241943359375000000e-01 4.939711834017757042e-14
4.243164062500000000e-01 5.093234861641704470e-14
4.244384765625000000e-01 5.235005137715909029e-14
4.245605468750000000e-01 5.406244028838269600e-14
4.246826171875000000e-01 5.559767056462217028e-14
4.248046875000000000e-01 5.725086203722806744e-14
4.249267578125000000e-01 5.898265816733916367e-14
4.250488281250000000e-01 6.068593978031389113e-14
4.251708984375000000e-01 6.244928619364431555e-14
4.252929687500000000e-01 6.437721449675803953e-14
4.254150390625000000e-01 6.618685634285359498e-14
4.255371093750000000e-01 6.819794295259695716e-14
4.256591796875000000e-01 7.020154856735016935e-14
4.257812500000000000e-01 7.224451072096460535e-14
4.259033203125000000e-01 7.432401048779180286e-14
4.260253906250000000e-01 7.656939318700928254e-14
4.261474609375000000e-01 7.888188800070361495e-14
4.262695312500000000e-01 8.119362387287720750e-14
4.263916015625000000e-01 8.347467682356946028e-14
4.265136718750000000e-01 8.600249418871941387e-14
4.266357421875000000e-01 8.846233207765452633e-14
4.267578125000000000e-01 9.106452571183698552e-14
4.268798828125000000e-01 9.365121525495290200e-14
4.270019531250000000e-01 9.644097586497535346e-14
4.271240234375000000e-01 9.919669252678176008e-14
4.272460937500000000e-01 1.020486863415048795e-13
4.273681640625000000e-01 1.050808745572950897e-13
4.274902343750000000e-01 1.081157732785165138e-13
4.276123046875000000e-01 1.111915464216406413e-13
4.277343750000000000e-01 1.143330222164173904e-13
4.278564453125000000e-01 1.176893868817807665e-13
4.279785156250000000e-01 1.211587254135171321e-13
4.281005859375000000e-01 1.246203661098288507e-13
4.282226562500000000e-01 1.282228446683464362e-13
4.283447265625000000e-01 1.318922185009063774e-13
4.284667968750000000e-01 1.357013459934997002e-13
4.285888671875000000e-01 1.396045822346647647e-13
4.287109375000000000e-01 1.435530297064224747e-13
4.288330078125000000e-01 1.477458563478584175e-13
4.289550781250000000e-01 1.519696911714274457e-13
4.290771484375000000e-01 1.561862618404408209e-13
4.291992187500000000e-01 1.607844716741690938e-13
4.293212890625000000e-01 1.653710805446517718e-13
4.294433593750000000e-01 1.701874318554841281e-13
4.295654296875000000e-01 1.749278890142424991e-13
4.296875000000000000e-01 1.799100148372478891e-13
4.298095703125000000e-01 1.850711966490392602e-13
4.299316406250000000e-01 1.902957500778124089e-13
4.300537109375000000e-01 1.957069489105789373e-13
4.301757812500000000e-01 2.013960829702621247e-13
4.302978515625000000e-01 2.070288385169760659e-13
4.304199218750000000e-01 2.129488534292900415e-13
4.305419921875000000e-01 2.190132298608704620e-13
4.306640625000000000e-01 2.252207751893275933e-13
4.307861328125000000e-01 2.315297476310207436e-13
4.309082031250000000e-01 2.380570783902524745e-13
4.310302734375000000e-01 2.449230054879514284e-13
4.311523437500000000e-01 2.518299696378789587e-13
4.312744140625000000e-01 2.589324696496142497e-13
4.313964843750000000e-01 2.662418896459683992e-13
4.315185546875000000e-01 2.738053924214445267e-13
4.316406250000000000e-01 2.815338023473556994e-13
4.317626953125000000e-01 2.893921539036392598e-13
4.318847656250000000e-01 2.975849276200259741e-13
4.320068359375000000e-01 3.059507400031413749e-13
4.321289062500000000e-01 3.146115095872814571e-13
4.322509765625000000e-01 3.233993476660368405e-13
4.323730468750000000e-01 3.324979722975351937e-13
4.324951171875000000e-01 3.418204304675431793e-13
4.326171875000000000e-01 3.513978929885197555e-13
4.327392578125000000e-01 3.612705837610641346e-13
4.328613281250000000e-01 3.713617954814729671e-13
4.329833984375000000e-01 3.818818091610998167e-13
4.331054687500000000e-01 3.925076409727612514e-13
4.332275390625000000e-01 4.034738580564745103e-13
4.333496093750000000e-01 4.148032286578617889e-13
4.334716796875000000e-01 4.263771952693617973e-13
4.335937500000000000e-01 4.382338675973374009e-13
4.337158203125000000e-01 4.504825874308837630e-13
4.338378906250000000e-01 4.630827513986413013e-13
4.339599609375000000e-01 4.759709878836282382e-13
4.340820312500000000e-01 4.892411345838731940e-13
4.342041015625000000e-01 5.028740553310317996e-13
4.343261718750000000e-01 5.169185392228659026e-13
4.344482421875000000e-01 5.312668165634304440e-13
4.345703125000000000e-01 5.460581260167268747e-13
4.346923828125000000e-01 5.612480152936832889e-13
4.348144531250000000e-01 5.768071296204796417e-13
4.349365234375000000e-01 5.927496449405211809e-13
4.350585937500000000e-01 6.093247380180993877e-13
4.351806640625000000e-01 6.261461889343206133e-13
4.353027343750000000e-01 6.435779101483796172e-13
4.354248046875000000e-01 6.613582836760556471e-13
4.355468750000000000e-01 6.796366854716628936e-13
4.356689453125000000e-01 6.983858478505633460e-13
4.357910156250000000e-01 7.177332729882412998e-13
4.359130859375000000e-01 7.375730343324449212e-13
4.360351562500000000e-01 7.579344053418313187e-13
4.361572265625000000e-01 7.787854833674751065e-13
4.362792968750000000e-01 8.003901632181592563e-13
4.364013671875000000e-01 8.224212055731733306e-13
4.365234375000000000e-01 8.450182014622248383e-13
4.366455078125000000e-01 8.683673897134924768e-13
4.367675781250000000e-01 8.922751318189703351e-13
4.368896484375000000e-01 9.168887708538991932e-13
4.370117187500000000e-01 9.419875903610153145e-13
4.371337890625000000e-01 9.679355841146763950e-13
4.372558593750000000e-01 9.946610050361182065e-13
4.373779296875000000e-01 1.021909634820947210e-12
4.375000000000000000e-01 1.049997437087279994e-12
4.376220703125000000e-01 1.078695997542428175e-12
4.377441406250000000e-01 1.108411783580856569e-12
4.378662109375000000e-01 1.138772995172565583e-12
4.379882812500000000e-01 1.169849373622300348e-12
4.381103515625000000e-01 1.201844559203107954e-12
4.382324218750000000e-01 1.234808696265465855e-12
4.383544921875000000e-01 1.268589644139520023e-12
4.384765625000000000e-01 1.303247277890245970e-12
4.385986328125000000e-01 1.338745385165082680e-12
4.387207031250000000e-01 1.375395457248185238e-12
4.388427734375000000e-01 1.412885243913877820e-12
4.389648437500000000e-01 1.451480279826729280e-12
4.390869140625000000e-01 1.491019791357087176e-12
4.392089843750000000e-01 1.531695058873232262e-12
4.393310546875000000e-01 1.573394395998871376e-12
4.394531250000000000e-01 1.616226182293671598e-12
4.395751953125000000e-01 1.660195201799719023e-12
4.396972656250000000e-01 1.705434540333686244e-12
4.398193359375000000e-01 1.751673282877723448e-12
4.399414062500000000e-01 1.799312231869944212e-12
4.400634765625000000e-01 1.848140089859458268e-12
4.401855468750000000e-01 1.898362326710478776e-12
4.403076171875000000e-01 1.949837020358627382e-12
4.404296875000000000e-01 2.002673038254548787e-12
4.405517578125000000e-01 2.056912406784953962e-12
4.406738281250000000e-01 2.112661865653724103e-12
4.407958984375000000e-01 2.169802410119901770e-12
4.409179687500000000e-01 2.228563091444951683e-12
4.410400390625000000e-01 2.288806581871201395e-12
4.411621093750000000e-01 2.350651709956755320e-12
4.412841796875000000e-01 2.414190687096383348e-12
4.414062500000000000e-01 2.479370875274611308e-12
4.415283203125000000e-01 2.546217319561623615e-12
4.416503906250000000e-01 2.615050957353003136e-12
4.417724609375000000e-01 2.685407966959360571e-12
4.418945312500000000e-01 2.757799495494914210e-12
4.420166015625000000e-01 2.832119914563009655e-12
4.421386718750000000e-01 2.908374143731004557e-12
4.422607421875000000e-01 2.986537571609583497e-12
4.423828125000000000e-01 3.066881750185372624e-12
4.425048828125000000e-01 3.149272983777977319e-12
4.426269531250000000e-01 3.233981902802177122e-12
4.427490234375000000e-01 3.320788143166414352e-12
4.428710937500000000e-01 3.409967078669973173e-12
4.429931640625000000e-01 3.501424153330885691e-12
4.431152343750000000e-01 3.595259547429889568e-12
4.432373046875000000e-01 3.691570588440756112e-12
4.433593750000000000e-01 3.790489474489629196e-12
4.434814453125000000e-01 3.891998241701763450e-12
4.436035156250000000e-01 3.996113363173917077e-12
4.437255859375000000e-01 4.103067278299343812e-12
4.438476562500000000e-01 4.212687205909330934e-12
4.439697265625000000e-01 4.325230386521827786e-12
4.440917968750000000e-01 4.440866274160130273e-12
4.442138671875000000e-01 4.559326284841059423e-12
4.443359375000000000e-01 4.680872185626634707e-12
4.444580078125000000e-01 4.805740522325838149e-12
4.445800781250000000e-01 4.933838297497324804e-12
4.447021484375000000e-01 5.065316140704170800e-12
4.448242187500000000e-01 5.200094546045815058e-12
4.449462890625000000e-01 5.338462494058806435e-12
4.450683593750000000e-01 5.480484420233508458e-12
4.451904296875000000e-01 5.626306088775748226e-12
4.453125000000000000e-01 5.775735311297925528e-12
4.454345703125000000e-01 5.929105974635320853e-12
4.455566406250000000e-01 6.086506515803891126e-12
4.456787109375000000e-01 6.247995380076996896e-12
4.458007812500000000e-01 6.413717111933021214e-12
4.459228515625000000e-01 6.583669651387836358e-12
4.460449218750000000e-01 6.758111722961115259e-12
4.461669921875000000e-01 6.937065349509486528e-12
4.462890625000000000e-01 7.120575417002891067e-12
4.464111328125000000e-01 7.308973908146543935e-12
4.465332031250000000e-01 7.502277783928180954e-12
4.466552734375000000e-01 7.700540095715354555e-12
4.467773437500000000e-01 7.903844679441052179e-12
4.468994140625000000e-01 8.112562169617937996e-12
4.470214843750000000e-01 8.326620155093417130e-12
4.471435546875000000e-01 8.546190868158852483e-12
4.472656250000000000e-01 8.771492311377944787e-12
4.473876953125000000e-01 9.002611231088888250e-12
4.475097656250000000e-01 9.239716298656535515e-12
4.476318359375000000e-01 9.482893640390963400e-12
4.477539062500000000e-01 9.732405656934835919e-12
4.478759765625000000e-01 9.988213598224882084e-12
4.479980468750000000e-01 1.025077490271020068e-11
4.481201171875000000e-01 1.052001310364444539e-11
4.482421875000000000e-01 1.079618798942067089e-11
4.483642578125000000e-01 1.107941274396942108e-11
4.484863281250000000e-01 1.137006087155098544e-11
4.486083984375000000e-01 1.166810970895182722e-11
4.487304687500000000e-01 1.197388346989096929e-11
4.488525390625000000e-01 1.228750744070570590e-11
4.489746093750000000e-01 1.260920262923263466e-11
4.490966796875000000e-01 1.293897375513933766e-11
4.492187500000000000e-01 1.327733140311015622e-11
4.493408203125000000e-01 1.362432386757561099e-11
4.494628906250000000e-01 1.398025953629113832e-11
4.495849609375000000e-01 1.434522315320904511e-11
4.497070312500000000e-01 1.471963527357577489e-11
4.498291015625000000e-01 1.510351581960624710e-11
4.499511718750000000e-01 1.549728348307442133e-11
4.500732421875000000e-01 1.590105681132346349e-11
4.501953125000000000e-01 1.631516083800028938e-11
4.503173828125000000e-01 1.673983800426319390e-11
4.504394531250000000e-01 1.717537204582071653e-11
4.505615234375000000e-01 1.762199482269557506e-11
4.506835937500000000e-01 1.807997735832583656e-11
4.508056640625000000e-01 1.854967568437615455e-11
4.509277343750000000e-01 1.903131367843075190e-11
4.510498046875000000e-01 1.952515839811943665e-11
4.511718750000000000e-01 2.003163959916052540e-11
4.512939453125000000e-01 2.055079241139847260e-11
4.514160156250000000e-01 2.108341274595403395e-11
4.515380859375000000e-01 2.162950659135014653e-11
4.516601562500000000e-01 2.218937668902062031e-11
4.517822265625000000e-01 2.276340351769503244e-11
4.519042968750000000e-01 2.335210210728663142e-11
4.520263671875000000e-01 2.395569750089697556e-11
4.521484375000000000e-01 2.457452299243828228e-11
4.522705078125000000e-01 2.520896616894062209e-11
4.523925781250000000e-01 2.585951807065011137e-11
4.525146484375000000e-01 2.652653076003501278e-11
4.526367187500000000e-01 2.721038448204381004e-11
4.527587890625000000e-01 2.791147087591219333e-11
4.528808593750000000e-01 2.863040718471322223e-11
4.530029296875000000e-01 2.936724673425312408e-11
4.531250000000000000e-01 3.012279999445495200e-11
4.532470703125000000e-01 3.089743791662169243e-11
4.533691406250000000e-01 3.169153062874030709e-11
4.534912109375000000e-01 3.250559593899211147e-11
4.536132812500000000e-01 3.334016573663413623e-11
4.537353515625000000e-01 3.419574160408455927e-11
4.538574218750000000e-01 3.507279235036276331e-11
4.539794921875000000e-01 3.597186012737696795e-11
4.541015625000000000e-01 3.689356946945984272e-11
4.542236328125000000e-01 3.783847734312585469e-11
4.543457031250000000e-01 3.880695039505655235e-11
4.544677734375000000e-01 3.979969680917034430e-11
4.545898437500000000e-01 4.081736286821785378e-11
4.547119140625000000e-01 4.186061086895460481e-11
4.548339843750000000e-01 4.292982972147613152e-11
4.549560546875000000e-01 4.402583499653789541e-11
4.550781250000000000e-01 4.514923798511243569e-11
4.552001953125000000e-01 4.630074532697709810e-11
4.553222656250000000e-01 4.748101815760523599e-11
4.554443359375000000e-01 4.869060464876822508e-11
4.555664062500000000e-01 4.993062706321700281e-11
4.556884765625000000e-01 5.120126114673559728e-11
4.558105468750000000e-01 5.250385857756057796e-11
4.559326171875000000e-01 5.383879356044848170e-11
4.560546875000000000e-01 5.520682880536963068e-11
4.561767578125000000e-01 5.660897932884537869e-11
4.562988281250000000e-01 5.804605377798387634e-11
4.564208984375000000e-01 5.951879266202189829e-11
4.565429687500000000e-01 6.102827009751062709e-11
4.566650390625000000e-01 6.257500474728762202e-11
4.567871093750000000e-01 6.416025729029883017e-11
4.569091796875000000e-01 6.578481527321465312e-11
4.570312500000000000e-01 6.744955430956805142e-11
4.571533203125000000e-01 6.915556332543425742e-11
4.572753906250000000e-01 7.090394452582401757e-11
4.573974609375000000e-01 7.269549339495348216e-11
4.575195312500000000e-01 7.453139020801311312e-11
4.576416015625000000e-01 7.641257774740155533e-11
4.577636718750000000e-01 7.834037373549858872e-11
4.578857421875000000e-01 8.031556786705016911e-11
4.580078125000000000e-01 8.233973904535129640e-11
4.581298828125000000e-01 8.441368570695145855e-11
4.582519531250000000e-01 8.653885711167088051e-11
4.583740234375000000e-01 8.871632867075060470e-11
4.584960937500000000e-01 9.094746921484438249e-11
4.586181640625000000e-01 9.323350255748319763e-11
4.587402343750000000e-01 9.557587445050032401e-11
4.588623046875000000e-01 9.797557074664922498e-11
4.589843750000000000e-01 1.004344650823857106e-10
4.591064453125000000e-01 1.029536077734821784e-10
4.592285156250000000e-01 1.055347015979905161e-10
4.593505859375000000e-01 1.081789553265600807e-10
4.594726562500000000e-01 1.108882855550401845e-10
4.595947265625000000e-01 1.136638385638009843e-10
4.597167968750000000e-01 1.165074733131819297e-10
4.598388671875000000e-01 1.194206707242477809e-10
4.599609375000000000e-01 1.224050466245772911e-10
4.600830078125000000e-01 1.254624477848587658e-10
4.602050781250000000e-01 1.285946921300734917e-10
4.603271484375000000e-01 1.318033541259108581e-10
4.604492187500000000e-01 1.350902199026999271e-10
4.605712890625000000e-01 1.384574152298057861e-10
4.606933593750000000e-01 1.419067724931797139e-10
4.608154296875000000e-01 1.454400074499594489e-10
4.609375000000000000e-01 1.490594311240859724e-10
4.610595703125000000e-01 1.527669660656266997e-10
4.611816406250000000e-01 1.565647236553980432e-10
4.613037109375000000e-01 1.604546248290226204e-10
4.614257812500000000e-01 1.644394147364262209e-10
4.615478515625000000e-01 1.685206483371882498e-10
4.616699218750000000e-01 1.727013073331844673e-10
4.617919921875000000e-01 1.769830548333727423e-10
4.619140625000000000e-01 1.813687799383871513e-10
4.620361328125000000e-01 1.858608190884510492e-10
4.621582031250000000e-01 1.904616759933131160e-10
4.622802734375000000e-01 1.951739649824720858e-10
4.624023437500000000e-01 2.000002057140364860e-10
4.625244140625000000e-01 2.049431234038587253e-10
4.626464843750000000e-01 2.100055262234452094e-10
4.627685546875000000e-01 2.151902637540490694e-10
4.628906250000000000e-01 2.205002033334868680e-10
4.630126953125000000e-01 2.259380749370891445e-10
4.631347656250000000e-01 2.315072990003639420e-10
4.632568359375000000e-01 2.372105488662307047e-10
4.633789062500000000e-01 2.430513496069303071e-10
4.635009765625000000e-01 2.490326715929434994e-10
4.636230468750000000e-01 2.551579054632768226e-10
4.637451171875000000e-01 2.614304501328722289e-10
4.638671875000000000e-01 2.678537779857684167e-10
4.639892578125000000e-01 2.744314041474983607e-10
4.641113281250000000e-01 2.811669348428355461e-10
4.642333984375000000e-01 2.880640691853628274e-10
4.643554687500000000e-01 2.951266334873889899e-10
4.644775390625000000e-01 3.023584083885710286e-10
4.645996093750000000e-01 3.097634530336342701e-10
4.647216796875000000e-01 3.173456865851568702e-10
4.648437500000000000e-01 3.251093809086480347e-10
4.649658203125000000e-01 3.330587361669015557e-10
4.650878906250000000e-01 3.411980886366706842e-10
4.652099609375000000e-01 3.495318294725968956e-10
4.653320312500000000e-01 3.580645530669364249e-10
4.654541015625000000e-01 3.668007680558947072e-10
4.655761718750000000e-01 3.757454221823215948e-10
4.656982421875000000e-01 3.849031394850499930e-10
4.658203125000000000e-01 3.942790294523179553e-10
4.659423828125000000e-01 4.038781125815997888e-10
4.660644531250000000e-01 4.137055197282807952e-10
4.661865234375000000e-01 4.237666303637747567e-10
4.663085937500000000e-01 4.340668659316720577e-10
4.664306640625000000e-01 4.446117523907466861e-10
4.665527343750000000e-01 4.554069213295457128e-10
4.666748046875000000e-01 4.664581808783994490e-10
4.667968750000000000e-01 4.777714571278816600e-10
4.669189453125000000e-01 4.893528644633550115e-10
4.670410156250000000e-01 5.012085348060935176e-10
4.671630859375000000e-01 5.133447210425699062e-10
4.672851562500000000e-01 5.257681813773021392e-10
4.674072265625000000e-01 5.384852364190587806e-10
4.675292968750000000e-01 5.515028236127880024e-10
4.676513671875000000e-01 5.648277968133563019e-10
4.677734375000000000e-01 5.784674283954564477e-10
4.678955078125000000e-01 5.924285964106157457e-10
4.680175781250000000e-01 6.067190192606952585e-10
4.681396484375000000e-01 6.213461369659957082e-10
4.682617187500000000e-01 6.363175897037208079e-10
4.683837890625000000e-01 6.516413649132480028e-10
4.685058593750000000e-01 6.673258678699607230e-10
4.686279296875000000e-01 6.833788590417584719e-10
4.687500000000000000e-01 6.998089971032482132e-10
4.688720703125000000e-01 7.166249061238764273e-10
4.689941406250000000e-01 7.338355118618732098e-10
4.691162109375000000e-01 7.514496620918451195e-10
4.692382812500000000e-01 7.694767287183574936e-10
4.693603515625000000e-01 7.879260943269023150e-10
4.694824218750000000e-01 8.068074571157062851e-10
4.696044921875000000e-01 8.261306132337273070e-10
4.697265625000000000e-01 8.459056088876547799e-10
4.698486328125000000e-01 8.661428184669876376e-10
4.699707031250000000e-01 8.868527391958252426e-10
4.700927734375000000e-01 9.080461250084893419e-10
4.702148437500000000e-01 9.297341269205652401e-10
4.703369140625000000e-01 9.519276026056761083e-10
4.704589843750000000e-01 9.746384278405545307e-10
4.705810546875000000e-01 9.978781954595767867e-10
4.707031250000000000e-01 1.021658954273589387e-09
4.708251953125000000e-01 1.045992800147945478e-09
4.709472656250000000e-01 1.070892609581794497e-09
4.710693359375000000e-01 1.096370836793103926e-09
4.711914062500000000e-01 1.122440854553365366e-09
4.713134765625000000e-01 1.149115898757781302e-09
4.714355468750000000e-01 1.176409643839786593e-09
4.715576171875000000e-01 1.204336258141989273e-09
4.716796875000000000e-01 1.232909894890847400e-09
4.718017578125000000e-01 1.262145002129703757e-09
4.719238281250000000e-01 1.292056750648512889e-09
4.720458984375000000e-01 1.322660308253502845e-09
4.721679687500000000e-01 1.353971271641719941e-09
4.722900390625000000e-01 1.386005632010008798e-09
4.724121093750000000e-01 1.418779571918591543e-09
4.725341796875000000e-01 1.452309559575999240e-09
4.726562500000000000e-01 1.486612821938286677e-09
4.727783203125000000e-01 1.521706756601431003e-09
4.729003906250000000e-01 1.557609006459900963e-09
4.730224609375000000e-01 1.594337602528693777e-09
4.731445312500000000e-01 1.631911290374824653e-09
4.732666015625000000e-01 1.670348919016063154e-09
4.733886718750000000e-01 1.709669736229255851e-09
4.735107421875000000e-01 1.749893584911251159e-09
4.736328125000000000e-01 1.791040665113701368e-09
4.737548828125000000e-01 1.833131544244264231e-09
4.738769531250000000e-01 1.876187350299157204e-09
4.739990234375000000e-01 1.920229621687789309e-09
4.741210937500000000e-01 1.965280440192065503e-09
4.742431640625000000e-01 2.011361973507145561e-09
4.743652343750000000e-01 2.058497671042073488e-09
4.744873046875000000e-01 2.106710678006040795e-09
4.746093750000000000e-01 2.156024820661321523e-09
4.747314453125000000e-01 2.206464947040845912e-09
4.748535156250000000e-01 2.258055938187966637e-09
4.749755859375000000e-01 2.310823186496517908e-09
4.750976562500000000e-01 2.364793089253435140e-09
4.752197265625000000e-01 2.419992108894213506e-09
4.753417968750000000e-01 2.476447506243741754e-09
4.754638671875000000e-01 2.534187198131824012e-09
4.755859375000000000e-01 2.593239591775858408e-09
4.757080078125000000e-01 2.653633653521981184e-09
4.758300781250000000e-01 2.715399188711780204e-09
4.759521484375000000e-01 2.778566175309140424e-09
4.760742187500000000e-01 2.843166020551958462e-09
4.761962890625000000e-01 2.909230036945807296e-09
4.763183593750000000e-01 2.976790584525942414e-09
4.764404296875000000e-01 3.045880624556316888e-09
4.765625000000000000e-01 3.116533819971290886e-09
4.766845703125000000e-01 3.188784670546896401e-09
4.768066406250000000e-01 3.262668256704452850e-09
4.769287109375000000e-01 3.338220580467599592e-09
4.770507812500000000e-01 3.415478156201697831e-09
4.771728515625000000e-01 3.494478396980081064e-09
4.772949218750000000e-01 3.575259797714775270e-09
4.774169921875000000e-01 3.657860946635446079e-09
4.775390625000000000e-01 3.742322168546657216e-09
4.776611328125000000e-01 3.828684049598000258e-09
4.777832031250000000e-01 3.916988070660902027e-09
4.779052734375000000e-01 4.007276852127413068e-09
4.780273437500000000e-01 4.099593612845677971e-09
4.781494140625000000e-01 4.193982844721631167e-09
4.782714843750000000e-01 4.290489730429638411e-09
4.783935546875000000e-01 4.389160300182406831e-09
4.785156250000000000e-01 4.490041896601870205e-09
4.786376953125000000e-01 4.593182597769678348e-09
4.787597656250000000e-01 4.698631732847055569e-09
4.788818359375000000e-01 4.806439210361880967e-09
4.790039062500000000e-01 4.916656731085257210e-09
4.791259765625000000e-01 5.029336237664338625e-09
4.792480468750000000e-01 5.144531661589512922e-09
4.793701171875000000e-01 5.262297153572171862e-09
4.794921875000000000e-01 5.382688742483060874e-09
4.796142578125000000e-01 5.505763193189319511e-09
4.797363281250000000e-01 5.631578721225497640e-09
4.798583984375000000e-01 5.760194457308200177e-09
4.799804687500000000e-01 5.891671269422802318e-09
4.801025390625000000e-01 6.026070691274983138e-09
4.802246093750000000e-01 6.163456275917736815e-09
4.803466796875000000e-01 6.303892017050882468e-09
4.804687500000000000e-01 6.447443965339763197e-09
4.805908203125000000e-01 6.594179283908642395e-09
4.807128906250000000e-01 6.744166566543546101e-09
4.808349609375000000e-01 6.897475795411078191e-09
4.809570312500000000e-01 7.054178480414019599e-09
4.810791015625000000e-01 7.214347594156001306e-09
4.812011718750000000e-01 7.378057591328319998e-09
4.813232421875000000e-01 7.545384544120521033e-09
4.814453125000000000e-01 7.716406164974550558e-09
4.815673828125000000e-01 7.891201472123071061e-09
4.816894531250000000e-01 8.069851673583506885e-09
4.818115234375000000e-01 8.252439013498347842e-09
4.819335937500000000e-01 8.439047933684965771e-09
4.820556640625000000e-01 8.629764411446847445e-09
4.821777343750000000e-01 8.824676467881125124e-09
4.822998046875000000e-01 9.023873250549784338e-09
4.824218750000000000e-01 9.227446630172224068e-09
4.825439453125000000e-01 9.435489828527572107e-09
4.826660156250000000e-01 9.648098162853821380e-09
4.827880859375000000e-01 9.865368995098770735e-09
4.829101562500000000e-01 1.008740147177859948e-08
4.830322265625000000e-01 1.031429687527613655e-08
4.831542968750000000e-01 1.054615880047627068e-08
4.832763671875000000e-01 1.078309263808968801e-08
4.833984375000000000e-01 1.102520621500365078e-08
4.835205078125000000e-01 1.127260920804758617e-08
4.836425781250000000e-01 1.152541401961842151e-08
4.837646484375000000e-01 1.178373493991277286e-08
4.838867187500000000e-01 1.204768904078364533e-08
4.840087890625000000e-01 1.231739536351636763e-08
4.841308593750000000e-01 1.259297567275192570e-08
4.842529296875000000e-01 1.287455399556117802e-08
4.843750000000000000e-01 1.316225714995627267e-08
4.844970703125000000e-01 1.345621429464454189e-08
4.846191406250000000e-01 1.375655741910465597e-08
4.847412109375000000e-01 1.406342118994469671e-08
4.848632812500000000e-01 1.437694287215822253e-08
4.849853515625000000e-01 1.469726261144213317e-08
4.851074218750000000e-01 1.502452356066075671e-08
4.852294921875000000e-01 1.535887142704949172e-08
4.853515625000000000e-01 1.570045533100354282e-08
4.854736328125000000e-01 1.604942699245907489e-08
4.855957031250000000e-01 1.640594155264148071e-08
4.857177734375000000e-01 1.677015695391852018e-08
4.858398437500000000e-01 1.714223475202437578e-08
4.859619140625000000e-01 1.752233961309197158e-08
4.860839843750000000e-01 1.791063937253145762e-08
4.862060546875000000e-01 1.830730525625774569e-08
4.863281250000000000e-01 1.871251226113916592e-08
4.864501953125000000e-01 1.912643868849251599e-08
4.865722656250000000e-01 1.954926646902054665e-08
4.866943359375000000e-01 1.998118109301450791e-08
4.868164062500000000e-01 2.042237212342376673e-08
4.869384765625000000e-01 2.087303250533373318e-08
4.870605468750000000e-01 2.133335961312605797e-08
4.871826171875000000e-01 2.180355421005306486e-08
4.873046875000000000e-01 2.228382144998875006e-08
4.874267578125000000e-01 2.277437041847551070e-08
4.875488281250000000e-01 2.327541476355070470e-08
4.876708984375000000e-01 2.378717170130804385e-08
4.877929687500000000e-01 2.430986355789603053e-08
4.879150390625000000e-01 2.484371680422972160e-08
4.880371093750000000e-01 2.538896229347708808e-08
4.881591796875000000e-01 2.594583557113250511e-08
4.882812500000000000e-01 2.651457724315155790e-08
4.884033203125000000e-01 2.709543214607337367e-08
4.885253906250000000e-01 2.768865051193774826e-08
4.886474609375000000e-01 2.829448714990418342e-08
4.887695312500000000e-01 2.891320222119616951e-08
4.888916015625000000e-01 2.954506092845001566e-08
4.890136718750000000e-01 3.019033382973332960e-08
4.891357421875000000e-01 3.084929672752272835e-08
4.892578125000000000e-01 3.152223109850673569e-08
4.893798828125000000e-01 3.220942387490847061e-08
4.895019531250000000e-01 3.291116778765453441e-08
4.896240234375000000e-01 3.362776104143750857e-08
4.897460937500000000e-01 3.435950823459499281e-08
4.898681640625000000e-01 3.510671975464386522e-08
4.899902343750000000e-01 3.586971182960703780e-08
4.901123046875000000e-01 3.664880755973187934e-08
4.902343750000000000e-01 3.744433595951432872e-08
4.903564453125000000e-01 3.825663260757384608e-08
4.904785156250000000e-01 3.908603983954769651e-08
4.906005859375000000e-01 3.993290642652074807e-08
4.907226562500000000e-01 4.079758869592817897e-08
4.908447265625000000e-01 4.168044902683686336e-08
4.909667968750000000e-01 4.258185771269686477e-08
4.910888671875000000e-01 4.350219180931588636e-08
4.912109375000000000e-01 4.444183607494222189e-08
4.913330078125000000e-01 4.540118264138217118e-08
4.914550781250000000e-01 4.638063150465397310e-08
4.915771484375000000e-01 4.738059026508565858e-08
4.916992187500000000e-01 4.840147455572315942e-08
4.918212890625000000e-01 4.944370832801549617e-08
4.919433593750000000e-01 5.050772368725383925e-08
4.920654296875000000e-01 5.159396087910225566e-08
4.921875000000000000e-01 5.270286937995526332e-08
4.923095703125000000e-01 5.383490682341684990e-08
4.924316406250000000e-01 5.499054003120183982e-08
4.925537109375000000e-01 5.617024478296183102e-08
4.926757812500000000e-01 5.737450651888181272e-08
4.927978515625000000e-01 5.860381923700874400e-08
4.929199218750000000e-01 5.985868760104127468e-08
4.930419921875000000e-01 6.113962512159249919e-08
4.931640625000000000e-01 6.244715591128667929e-08
4.932861328125000000e-01 6.378181392525659041e-08
4.934082031250000000e-01 6.514414356700423221e-08
4.935302734375000000e-01 6.653469951234304522e-08
4.936523437500000000e-01 6.795404769094508995e-08
4.937744140625000000e-01 6.940276434125667741e-08
4.938964843750000000e-01 7.088143726286649248e-08
4.940185546875000000e-01 7.239066537578386940e-08
4.941406250000000000e-01 7.393105918473172266e-08
4.942626953125000000e-01 7.550324088006704187e-08
4.943847656250000000e-01 7.710784485142816935e-08
4.945068359375000000e-01 7.874551746650726432e-08
4.946289062500000000e-01 8.041691740864004859e-08
4.947509765625000000e-01 8.212271620021659469e-08
4.948730468750000000e-01 8.386359832159383286e-08
4.949951171875000000e-01 8.564026111378181509e-08
4.951171875000000000e-01 8.745341550600615918e-08
4.952392578125000000e-01 8.930378560076934543e-08
4.953613281250000000e-01 9.119210996465411143e-08
4.954833984375000000e-01 9.311914069358033572e-08
4.956054687500000000e-01 9.508564457017058112e-08
4.957275390625000000e-01 9.709240296840876760e-08
4.958496093750000000e-01 9.914021209449399083e-08
4.959716796875000000e-01 1.012298830972850291e-07
4.960937500000000000e-01 1.033622429629741028e-07
4.962158203125000000e-01 1.055381341076996683e-07
4.963378906250000000e-01 1.077584151404163321e-07
4.964599609375000000e-01 1.100239607104082735e-07
4.965820312500000000e-01 1.123356621694780568e-07
4.967041015625000000e-01 1.146944279698096268e-07
4.968261718750000000e-01 1.171011834514478479e-07
4.969482421875000000e-01 1.195568715530245009e-07
4.970703125000000000e-01 1.220624530567963916e-07
4.971923828125000000e-01 1.246189070529384136e-07
4.973144531250000000e-01 1.272272307519891460e-07
4.974365234375000000e-01 1.298884403236750717e-07
4.975585937500000000e-01 1.326035714226323231e-07
4.976806640625000000e-01 1.353736784479526611e-07
4.978027343750000000e-01 1.381998365833875838e-07
4.979248046875000000e-01 1.410831403588203602e-07
4.980468750000000000e-01 1.440247052965522265e-07
4.981689453125000000e-01 1.470256677338498295e-07
4.982910156250000000e-01 1.500871854680583318e-07
4.984130859375000000e-01 1.532104378628613763e-07
4.985351562500000000e-01 1.563966262259402028e-07
4.986572265625000000e-01 1.596469745359586268e-07
4.987792968750000000e-01 1.629627297240635341e-07
4.989013671875000000e-01 1.663451615162982657e-07
4.990234375000000000e-01 1.697955640762817760e-07
4.991455078125000000e-01 1.733152548991702161e-07
4.992675781250000000e-01 1.769055767414162567e-07
4.993896484375000000e-01 1.805678967883411866e-07
4.995117187500000000e-01 1.843036080590886888e-07
4.996337890625000000e-01 1.881141291178116993e-07
4.997558593750000000e-01 1.920009052722625672e-07
4.998779296875000000e-01 1.959654081798753269e-07
5.000000000000000000e-01 2.000091370138500427e-07
5.001220703125000000e-01 2.041336187064450233e-07
5.002441406250000000e-01 2.083404086262227034e-07
5.003662109375000000e-01 2.126310905002561785e-07
5.004882812500000000e-01 2.170072776134634313e-07
5.006103515625000000e-01 2.214706128647690037e-07
5.007324218750000000e-01 2.260227696649318163e-07
5.008544921875000000e-01 2.306654520731546421e-07
5.009765625000000000e-01 2.354003955529898606e-07
5.010986328125000000e-01 2.402293676432437630e-07
5.012207031250000000e-01 2.451541682387849141e-07
5.013427734375000000e-01 2.501766301734112408e-07
5.014648437500000000e-01 2.552986202914754588e-07
5.015869140625000000e-01 2.605220393503068776e-07
5.017089843750000000e-01 2.658488230961736365e-07
5.018310546875000000e-01 2.712809424689800741e-07
5.019531250000000000e-01 2.768204048807579309e-07
5.020751953125000000e-01 2.824692540053311274e-07
5.021972656250000000e-01 2.882295712797189324e-07
5.023193359375000000e-01 2.941034755680332902e-07
5.024414062500000000e-01 3.000931248428595488e-07
5.025634765625000000e-01 3.062007161687765877e-07
5.026855468750000000e-01 3.124284866633936231e-07
5.028076171875000000e-01 3.187787139709297168e-07
5.029296875000000000e-01 3.252537174444278256e-07
5.030517578125000000e-01 3.318558581726430146e-07
5.031738281250000000e-01 3.385875403183816190e-07
5.032958984375000000e-01 3.454512114576396842e-07
5.034179687500000000e-01 3.524493637201836505e-07
5.035400390625000000e-01 3.595845340428199810e-07
5.036621093750000000e-01 3.668593055016627913e-07
5.037841796875000000e-01 3.742763074474422802e-07
5.039062500000000000e-01 3.818382169956321959e-07
5.040283203125000000e-01 3.895477596752364158e-07
5.041503906250000000e-01 3.974077096525682751e-07
5.042724609375000000e-01 4.054208912595419489e-07
5.043945312500000000e-01 4.135901798471564028e-07
5.045166015625000000e-01 4.219185020960108945e-07
5.046386718750000000e-01 4.304088372601017065e-07
5.047607421875000000e-01 4.390642182536264038e-07
5.048828125000000000e-01 4.478877323743635230e-07
5.050048828125000000e-01 4.568825217963340402e-07
5.051269531250000000e-01 4.660517855265694509e-07
5.052490234375000000e-01 4.753987790217378828e-07
5.053710937500000000e-01 4.849268165491027460e-07
5.054931640625000000e-01 4.946392712888714183e-07
5.056152343750000000e-01 5.045395764114585235e-07
5.057373046875000000e-01 5.146312264704688832e-07
5.058593750000000000e-01 5.249177780688313311e-07
5.059814453125000000e-01 5.354028513142317092e-07
5.061035156250000000e-01 5.460901301938131391e-07
5.062255859375000000e-01 5.569833645257399324e-07
5.063476562500000000e-01 5.680863704171645878e-07
5.064697265625000000e-01 5.794030316849663187e-07
5.065917968750000000e-01 5.909373009971990998e-07
5.067138671875000000e-01 6.026932007682089809e-07
5.068359375000000000e-01 6.146748245932504018e-07
5.069580078125000000e-01 6.268863384211592615e-07
5.070800781250000000e-01 6.393319816177384096e-07
5.072021484375000000e-01 6.520160683778225552e-07
5.073242187500000000e-01 6.649429887262137129e-07
5.074462890625000000e-01 6.781172102905685950e-07
5.075683593750000000e-01 6.915432788946740406e-07
5.076904296875000000e-01 7.052258203122524494e-07
5.078125000000000000e-01 7.191695415610654951e-07
5.079345703125000000e-01 7.333792323652860157e-07
5.080566406250000000e-01 7.478597660141861336e-07
5.081787109375000000e-01 7.626161013327831251e-07
5.083007812500000000e-01 7.776532839932903673e-07
5.084228515625000000e-01 7.929764475195222317e-07
5.085449218750000000e-01 8.085908152349885469e-07
5.086669921875000000e-01 8.245017016489386563e-07
5.087890625000000000e-01 8.407145137868943241e-07
5.089111328125000000e-01 8.572347528421064844e-07
5.090332031250000000e-01 8.740680157402758166e-07
5.091552734375000000e-01 8.912199965030453974e-07
5.092773437500000000e-01 9.086964883713022356e-07
5.093994140625000000e-01 9.265033849951975764e-07
5.095214843750000000e-01 9.446466818774368335e-07
5.096435546875000000e-01 9.631324787429118572e-07
5.097656250000000000e-01 9.819669807113740045e-07
5.098876953125000000e-01 1.001156500084199319e-06
5.100097656250000000e-01 1.020707458415648361e-06
5.101318359375000000e-01 1.040626387741050429e-06
5.102539062500000000e-01 1.060919933053988684e-06
5.103759765625000000e-01 1.081594853572648285e-06
5.104980468750000000e-01 1.102658024935976311e-06
5.106201171875000000e-01 1.124116441052896986e-06
5.107421875000000000e-01 1.145977215979282482e-06
5.108642578125000000e-01 1.168247585441040126e-06
5.109863281250000000e-01 1.190934910164781479e-06
5.111083984375000000e-01 1.214046675846597312e-06
5.112304687500000000e-01 1.237590497065593764e-06
5.113525390625000000e-01 1.261574118394115374e-06
5.114746093750000000e-01 1.286005416944319135e-06
5.115966796875000000e-01 1.310892403592889277e-06
5.117187500000000000e-01 1.336243226620487112e-06
5.118408203125000000e-01 1.362066172534009967e-06
5.119628906250000000e-01 1.388369669560324260e-06
5.120849609375000000e-01 1.415162288392196599e-06
5.122070312500000000e-01 1.442452746087952153e-06
5.123291015625000000e-01 1.470249907160880998e-06
5.124511718750000000e-01 1.498562786764190413e-06
5.125732421875000000e-01 1.527400552536750666e-06
5.126953125000000000e-01 1.556772527756822289e-06
5.128173828125000000e-01 1.586688192705548728e-06
5.129394531250000000e-01 1.617157188493756337e-06
5.130615234375000000e-01 1.648189318349119192e-06
5.131835937500000000e-01 1.679794551311120099e-06
5.133056640625000000e-01 1.711983024239860374e-06
5.134277343750000000e-01 1.744765044636720219e-06
5.135498046875000000e-01 1.778151093059093801e-06
5.136718750000000000e-01 1.812151826579427860e-06
5.137939453125000000e-01 1.846778080693417534e-06
5.139160156250000000e-01 1.882040873209256393e-06
5.140380859375000000e-01 1.917951405992768255e-06
5.141601562500000000e-01 1.954521068533998651e-06
5.142822265625000000e-01 1.991761440715833498e-06
5.144042968750000000e-01 2.029684296293854384e-06
5.145263671875000000e-01 2.068301604974537300e-06
5.146484375000000000e-01 2.107625536304502667e-06
5.147705078125000000e-01 2.147668462442603454e-06
5.148925781250000000e-01 2.188442961875702863e-06
5.150146484375000000e-01 2.229961821503811947e-06
5.151367187500000000e-01 2.272238041278740184e-06
5.152587890625000000e-01 2.315284836469644336e-06
5.153808593750000000e-01 2.359115641867998159e-06
5.155029296875000000e-01 2.403744114171102453e-06
5.156250000000000000e-01 2.449184136641552323e-06
5.157470703125000000e-01 2.495449821924428102e-06
5.158691406250000000e-01 2.542555515471639493e-06
5.159912109375000000e-01 2.590515799587300716e-06
5.161132812500000000e-01 2.639345497053302569e-06
5.162353515625000000e-01 2.689059674713251136e-06
5.163574218750000000e-01 2.739673647063345374e-06
5.164794921875000000e-01 2.791202980662044197e-06
5.166015625000000000e-01 2.843663497537063378e-06
5.167236328125000000e-01 2.897071278994828303e-06
5.168457031250000000e-01 2.951442670547088643e-06
5.169677734375000000e-01 3.006794284377695137e-06
5.170898437500000000e-01 3.063143005240659411e-06
5.172119140625000000e-01 3.120505993239180986e-06
5.173339843750000000e-01 3.178900689158187243e-06
5.174560546875000000e-01 3.238344817496630057e-06
5.175781250000000000e-01 3.298856392240645530e-06
5.177001953125000000e-01 3.360453719944422879e-06
5.178222656250000000e-01 3.423155405506833615e-06
5.179443359375000000e-01 3.486980355311281032e-06
5.180664062500000000e-01 3.551947783286824034e-06
5.181884765625000000e-01 3.618077214200682290e-06
5.183105468750000000e-01 3.685388489847729598e-06
5.184326171875000000e-01 3.753901772096668310e-06
5.185546875000000000e-01 3.823637549513203560e-06
5.186767578125000000e-01 3.894616641283987768e-06
5.187988281250000000e-01 3.966860202396504942e-06
5.189208984375000000e-01 4.040389728440785255e-06
5.190429687500000000e-01 4.115227061972370759e-06
5.191650390625000000e-01 4.191394396044212378e-06
5.192871093750000000e-01 4.268914280791680227e-06
5.194091796875000000e-01 4.347809628060805842e-06
5.195312500000000000e-01 4.428103717014908458e-06
5.196533203125000000e-01 4.509820200199188278e-06
5.197753906250000000e-01 4.592983108467341147e-06
5.198974609375000000e-01 4.677616856574307036e-06
5.200195312500000000e-01 4.763746249678013633e-06
5.201416015625000000e-01 4.851396488390891104e-06
5.202636718750000000e-01 4.940593175274676785e-06
5.203857421875000000e-01 5.031362320148669021e-06
5.205078125000000000e-01 5.123730347229848991e-06
5.206298828125000000e-01 5.217724099990106446e-06
5.207519531250000000e-01 5.313370848497589449e-06
5.208740234375000000e-01 5.410698294835980526e-06
5.209960937500000000e-01 5.509734580542990923e-06
5.211181640625000000e-01 5.610508291925553337e-06
5.212402343750000000e-01 5.713048467720360790e-06
5.213623046875000000e-01 5.817384605075193171e-06
5.214843750000000000e-01 5.923546666661283489e-06
5.216064453125000000e-01 6.031565087105672518e-06
5.217285156250000000e-01 6.141470780936242324e-06
5.218505859375000000e-01 6.253295147966297929e-06
5.219726562500000000e-01 6.367070082329007175e-06
5.220947265625000000e-01 6.482827978049332529e-06
5.222167968750000000e-01 6.600601737717648465e-06
5.223388671875000000e-01 6.720424778755562656e-06
5.224609375000000000e-01 6.842331042145044506e-06
5.225830078125000000e-01 6.966354998708124135e-06
5.227050781250000000e-01 7.092531658370315739e-06
5.228271484375000000e-01 7.220896576218271967e-06
5.229492187500000000e-01 7.351485862339135480e-06
5.230712890625000000e-01 7.484336188301465853e-06
5.231933593750000000e-01 7.619484796370090685e-06
5.233154296875000000e-01 7.756969506944599857e-06
5.234375000000000000e-01 7.896828727538274251e-06
5.235595703125000000e-01 8.039101460993736126e-06
5.236816406250000000e-01 8.183827314385550000e-06
5.238037109375000000e-01 8.331046506840356081e-06
5.239257812500000000e-01 8.480799879792555451e-06
5.240478515625000000e-01 8.633128904290965355e-06
5.241699218750000000e-01 8.788075691656960231e-06
5.242919921875000000e-01 8.945683001145010582e-06
5.244140625000000000e-01 9.105994250718785210e-06
5.245361328125000000e-01 9.269053525086390355e-06
5.246582031250000000e-01 9.434905586122588339e-06
5.247802734375000000e-01 9.603595882305693276e-06
5.249023437500000000e-01 9.775170558418144751e-06
5.250244140625000000e-01 9.949676465344226006e-06
5.251464843750000000e-01 1.012716117069351052e-05
5.252685546875000000e-01 1.030767296807816313e-05
5.253906250000000000e-01 1.049126088829843706e-05
5.255126953125000000e-01 1.067797470907100310e-05
5.256347656250000000e-01 1.086786496610342434e-05
5.257568359375000000e-01 1.106098296351637478e-05
5.258789062500000000e-01 1.125738078484178617e-05
5.260009765625000000e-01 1.145711130381976695e-05
5.261230468750000000e-01 1.166022819559797696e-05
5.262451171875000000e-01 1.186678594818080246e-05
5.263671875000000000e-01 1.207683987369811973e-05
5.264892578125000000e-01 1.229044611966711997e-05
5.266113281250000000e-01 1.250766168157252389e-05
5.267333984375000000e-01 1.272854441333043374e-05
5.268554687500000000e-01 1.295315304072203189e-05
5.269775390625000000e-01 1.318154717241254437e-05
5.270996093750000000e-01 1.341378731321840601e-05
5.272216796875000000e-01 1.364993487571602993e-05
5.273437500000000000e-01 1.389005219325917251e-05
5.274658203125000000e-01 1.413420253302405394e-05
5.275878906250000000e-01 1.438245010813160585e-05
5.277099609375000000e-01 1.463486009176812042e-05
5.278320312500000000e-01 1.489149862954342041e-05
5.279541015625000000e-01 1.515243285341028034e-05
5.280761718750000000e-01 1.541773089525078078e-05
5.281982421875000000e-01 1.568746190044878475e-05
5.283203125000000000e-01 1.596169604202446468e-05
5.284423828125000000e-01 1.624050453412351214e-05
5.285644531250000000e-01 1.652395964753944346e-05
5.286865234375000000e-01 1.681213472278647592e-05
5.288085937500000000e-01 1.710510418572591673e-05
5.289306640625000000e-01 1.740294356183252900e-05
5.290527343750000000e-01 1.770572949161275389e-05
5.291748046875000000e-01 1.801353974504454891e-05
5.292968750000000000e-01 1.832645323806419979e-05
5.294189453125000000e-01 1.864455004708942543e-05
5.295410156250000000e-01 1.896791142526332852e-05
5.296630859375000000e-01 1.929661981824037920e-05
5.297851562500000000e-01 1.963075888057608243e-05
5.299072265625000000e-01 1.997041349168643398e-05
5.300292968750000000e-01 2.031566977236942684e-05
5.301513671875000000e-01 2.066661510202044694e-05
5.302734375000000000e-01 2.102333813509132954e-05
5.303955078125000000e-01 2.138592881797962697e-05
5.305175781250000000e-01 2.175447840735422744e-05
5.306396484375000000e-01 2.212907948653808354e-05
5.307617187500000000e-01 2.250982598413220348e-05
5.308837890625000000e-01 2.289681319123104686e-05
5.310058593750000000e-01 2.329013778061550521e-05
5.311279296875000000e-01 2.368989782378788655e-05
5.312500000000000000e-01 2.409619281087960196e-05
5.313720703125000000e-01 2.450912366869922865e-05
5.314941406250000000e-01 2.492879278014753508e-05
5.316162109375000000e-01 2.535530400310515020e-05
5.317382812500000000e-01 2.578876269050678349e-05
5.318603515625000000e-01 2.622927570988115020e-05
5.319824218750000000e-01 2.667695146270354645e-05
5.321044921875000000e-01 2.713189990547620889e-05
5.322265625000000000e-01 2.759423256996906826e-05
5.323486328125000000e-01 2.806406258347438065e-05
5.324707031250000000e-01 2.854150469005362067e-05
5.325927734375000000e-01 2.902667527179131346e-05
5.327148437500000000e-01 2.951969237010437785e-05
5.328369140625000000e-01 3.002067570700983623e-05
5.329589843750000000e-01 3.052974670789826428e-05
5.330810546875000000e-01 3.104702852298191207e-05
5.332031250000000000e-01 3.157264604989468149e-05
5.333251953125000000e-01 3.210672595633373705e-05
5.334472656250000000e-01 3.264939670367950075e-05
5.335693359375000000e-01 3.320078856887398455e-05
5.336914062500000000e-01 3.376103366900529146e-05
5.338134765625000000e-01 3.433026598455984901e-05
5.339355468750000000e-01 3.490862138379180468e-05
5.340576171875000000e-01 3.549623764637771517e-05
5.341796875000000000e-01 3.609325448872269249e-05
5.343017578125000000e-01 3.669981358806612137e-05
5.344238281250000000e-01 3.731605860830128352e-05
5.345458984375000000e-01 3.794213522487210888e-05
5.346679687500000000e-01 3.857819115071770000e-05
5.347900390625000000e-01 3.922437616212665068e-05
5.349121093750000000e-01 3.988084212511872062e-05
5.350341796875000000e-01 4.054774302155589316e-05
5.351562500000000000e-01 4.122523497700203432e-05
5.352783203125000000e-01 4.191347628695885064e-05
5.354003906250000000e-01 4.261262744461452590e-05
5.355224609375000000e-01 4.332285116842582440e-05
5.356445312500000000e-01 4.404431243098388959e-05
5.357666015625000000e-01 4.477717848617307483e-05
5.358886718750000000e-01 4.552161889905675940e-05
5.360107421875000000e-01 4.627780557376476311e-05
5.361328125000000000e-01 4.704591278417019629e-05
5.362548828125000000e-01 4.782611720206830785e-05
5.363769531250000000e-01 4.861859792840844685e-05
5.364990234375000000e-01 4.942353652256231689e-05
5.366210937500000000e-01 5.024111703405553797e-05
5.367431640625000000e-01 5.107152603255060708e-05
5.368652343750000000e-01 5.191495263975887120e-05
5.369873046875000000e-01 5.277158856074881665e-05
5.371093750000000000e-01 5.364162811628131466e-05
5.372314453125000000e-01 5.452526827481873894e-05
5.373535156250000000e-01 5.542270868528348382e-05
5.374755859375000000e-01 5.633415171031608271e-05
5.375976562500000000e-01 5.725980245940148761e-05
5.377197265625000000e-01 5.819986882268229911e-05
5.378417968750000000e-01 5.915456150530629120e-05
5.379638671875000000e-01 6.012409406130903022e-05
5.380859375000000000e-01 6.110868292916182831e-05
5.382080078125000000e-01 6.210854746623722944e-05
5.383300781250000000e-01 6.312390998532146913e-05
5.384521484375000000e-01 6.415499578950323301e-05
5.385742187500000000e-01 6.520203320939388369e-05
5.386962890625000000e-01 6.626525363945257041e-05
5.388183593750000000e-01 6.734489157471379439e-05
5.389404296875000000e-01 6.844118464893744758e-05
5.390625000000000000e-01 6.955437367231476209e-05
5.391845703125000000e-01 7.068470266950038772e-05
5.393066406250000000e-01 7.183241891817182534e-05
5.394287109375000000e-01 7.299777298869214448e-05
5.395507812500000000e-01 7.418101878287064466e-05
5.396728515625000000e-01 7.538241357448599578e-05
5.397949218750000000e-01 7.660221804910855026e-05
5.399169921875000000e-01 7.784069634480389466e-05
5.400390625000000000e-01 7.909811609361355744e-05
5.401611328125000000e-01 8.037474846290387775e-05
5.402832031250000000e-01 8.167086819717284119e-05
5.404052734375000000e-01 8.298675366029406586e-05
5.405273437500000000e-01 8.432268687910693394e-05
5.406494140625000000e-01 8.567895358584098897e-05
5.407714843750000000e-01 8.705584326214321766e-05
5.408935546875000000e-01 8.845364918308451507e-05
5.410156250000000000e-01 8.987266846204045034e-05
5.411376953125000000e-01 9.131320209510018771e-05
5.412597656250000000e-01 9.277555500734890881e-05
5.413818359375000000e-01 9.426003609780408965e-05
5.415039062500000000e-01 9.576695828651671238e-05
5.416259765625000000e-01 9.729663856143655476e-05
5.417480468750000000e-01 9.884939802512482387e-05
5.418701171875000000e-01 1.004255619427574242e-04
5.419921875000000000e-01 1.020254597909053818e-04
5.421142578125000000e-01 1.036494253051911674e-04
5.422363281250000000e-01 1.052977965304985331e-04
5.423583984375000000e-01 1.069709158695447693e-04
5.424804687500000000e-01 1.086691301345477090e-04
5.426025390625000000e-01 1.103927905961310518e-04
5.427246093750000000e-01 1.121422530357685243e-04
5.428466796875000000e-01 1.139178777964933165e-04
5.429687500000000000e-01 1.157200298355642865e-04
5.430908203125000000e-01 1.175490787768823653e-04
5.432128906250000000e-01 1.194053989642673841e-04
5.433349609375000000e-01 1.212893695147765349e-04
5.434570312500000000e-01 1.232013743727583543e-04
5.435791015625000000e-01 1.251418023651001965e-04
5.437011718750000000e-01 1.271110472557818172e-04
5.438232421875000000e-01 1.291095078019693920e-04
5.439453125000000000e-01 1.311375878098736125e-04
5.440673828125000000e-01 1.331956961915237159e-04
5.441894531250000000e-01 1.352842470226239824e-04
5.443115234375000000e-01 1.374036595991751097e-04
5.444335937500000000e-01 1.395543584972042117e-04
5.445556640625000000e-01 1.417367736304409043e-04
5.446777343750000000e-01 1.439513403109077272e-04
5.447998046875000000e-01 1.461984993074705308e-04
5.449218750000000000e-01 1.484786969075668761e-04
5.450439453125000000e-01 1.507923849778797232e-04
5.451660156250000000e-01 1.531400210259548089e-04
5.452880859375000000e-01 1.555220682623870143e-04
5.454101562500000000e-01 1.579389956634924541e-04
5.455322265625000000e-01 1.603912780350352785e-04
5.456542968750000000e-01 1.628793960758018189e-04
5.457763671875000000e-01 1.654038364420074014e-04
5.458984375000000000e-01 1.679650918127578718e-04
5.460205078125000000e-01 1.705636609552613203e-04
5.461425781250000000e-01 1.732000487916773857e-04
5.462646484375000000e-01 1.758747664649534803e-04
5.463867187500000000e-01 1.785883314074782069e-04
5.465087890625000000e-01 1.813412674079861731e-04
5.466308593750000000e-01 1.841341046812383642e-04
5.467529296875000000e-01 1.869673799359122812e-04
5.468750000000000000e-01 1.898416364457811145e-04
5.469970703125000000e-01 1.927574241195051385e-04
5.471191406250000000e-01 1.957152995716165966e-04
5.472412109375000000e-01 1.987158261943788862e-04
5.473632812500000000e-01 2.017595742301037109e-04
5.474853515625000000e-01 2.048471208438151780e-04
5.476074218750000000e-01 2.079790501974682071e-04
5.477294921875000000e-01 2.111559535230983498e-04
5.478515625000000000e-01 2.143784291984973667e-04
5.479736328125000000e-01 2.176470828223614484e-04
5.480957031250000000e-01 2.209625272901749593e-04
5.482177734375000000e-01 2.243253828711627706e-04
5.483398437500000000e-01 2.277362772859226059e-04
5.484619140625000000e-01 2.311958457840573855e-04
5.485839843750000000e-01 2.347047312226818727e-04
5.487060546875000000e-01 2.382635841463309756e-04
5.488281250000000000e-01 2.418730628669790717e-04
5.489501953125000000e-01 2.455338335438789210e-04
5.490722656250000000e-01 2.492465702656487814e-04
5.491943359375000000e-01 2.530119551320819671e-04
5.493164062500000000e-01 2.568306783367335644e-04
5.494384765625000000e-01 2.607034382505341030e-04
5.495605468750000000e-01 2.646309415054587388e-04
5.496826171875000000e-01 2.686139030792233928e-04
5.498046875000000000e-01 2.726530463810078464e-04
5.499267578125000000e-01 2.767491033374425147e-04
5.500488281250000000e-01 2.809028144793029869e-04
5.501708984375000000e-01 2.851149290286209004e-04
5.502929687500000000e-01 2.893862049875017828e-04
5.504150390625000000e-01 2.937174092268596270e-04
5.505371093750000000e-01 2.981093175754290225e-04
5.506591796875000000e-01 3.025627149105120095e-04
5.507812500000000000e-01 3.070783952488914670e-04
5.509033203125000000e-01 3.116571618385077791e-04
5.510253906250000000e-01 3.162998272509681685e-04
5.511474609375000000e-01 3.210072134739588856e-04
5.512695312500000000e-01 3.257801520060721323e-04
5.513916015625000000e-01 3.306194839509390970e-04
5.515136718750000000e-01 3.355260601123483122e-04
5.516357421875000000e-01 3.405007410903077014e-04
5.517578125000000000e-01 3.455443973780364386e-04
5.518798828125000000e-01 3.506579094593037516e-04
5.520019531250000000e-01 3.558421679064477372e-04
5.521240234375000000e-01 3.610980734791852109e-04
5.522460937500000000e-01 3.664265372251424013e-04
5.523681640625000000e-01 3.718284805794003223e-04
5.524902343750000000e-01 3.773048354655944570e-04
5.526123046875000000e-01 3.828565443986520211e-04
5.527343750000000000e-01 3.884845605868908480e-04
5.528564453125000000e-01 3.941898480350342071e-04
5.529785156250000000e-01 3.999733816492795357e-04
5.531005859375000000e-01 4.058361473417426701e-04
5.532226562500000000e-01 4.117791421357347437e-04
5.533447265625000000e-01 4.178033742729264644e-04
5.534667968750000000e-01 4.239098633201654476e-04
5.535888671875000000e-01 4.300996402774454053e-04
5.537109375000000000e-01 4.363737476862777909e-04
5.538330078125000000e-01 4.427332397398814345e-04
5.539550781250000000e-01 4.491791823932750338e-04
5.540771484375000000e-01 4.557126534732308665e-04
5.541992187500000000e-01 4.623347427920310171e-04
5.543212890625000000e-01 4.690465522579345681e-04
5.544433593750000000e-01 4.758491959903632385e-04
5.545654296875000000e-01 4.827438004320200315e-04
5.546875000000000000e-01 4.897315044661842975e-04
5.548095703125000000e-01 4.968134595301904044e-04
5.549316406250000000e-01 5.039908297330142339e-04
5.550537109375000000e-01 5.112647919722490553e-04
5.551757812500000000e-01 5.186365360524552992e-04
5.552978515625000000e-01 5.261072648027748100e-04
5.554199218750000000e-01 5.336781941984169997e-04
5.555419921875000000e-01 5.413505534791612783e-04
5.556640625000000000e-01 5.491255852718285313e-04
5.557861328125000000e-01 5.570045457112676734e-04
5.559082031250000000e-01 5.649887045638263272e-04
5.560302734375000000e-01 5.730793453502386336e-04
5.561523437500000000e-01 5.812777654707196318e-04
5.562744140625000000e-01 5.895852763290326815e-04
5.563964843750000000e-01 5.980032034593601997e-04
5.565185546875000000e-01 6.065328866521751960e-04
5.566406250000000000e-01 6.151756800824026428e-04
5.567626953125000000e-01 6.239329524368730784e-04
5.568847656250000000e-01 6.328060870445795238e-04
5.570068359375000000e-01 6.417964820050886532e-04
5.571289062500000000e-01 6.509055503200744663e-04
5.572509765625000000e-01 6.601347200248519620e-04
5.573730468750000000e-01 6.694854343198275437e-04
5.574951171875000000e-01 6.789591517042531388e-04
5.576171875000000000e-01 6.885573461096888837e-04
5.577392578125000000e-01 6.982815070345482766e-04
5.578613281250000000e-01 7.081331396798368205e-04
5.579833984375000000e-01 7.181137650847380094e-04
5.581054687500000000e-01 7.282249202639756724e-04
5.582275390625000000e-01 7.384681583457869403e-04
5.583496093750000000e-01 7.488450487100617448e-04
5.584716796875000000e-01 7.593571771273704973e-04
5.585937500000000000e-01 7.700061459003232356e-04
5.587158203125000000e-01 7.807935740027499572e-04
5.588378906250000000e-01 7.917210972230442900e-04
5.589599609375000000e-01 8.027903683051340611e-04
5.590820312500000000e-01 8.140030570931988674e-04
5.592041015625000000e-01 8.253608506744170015e-04
5.593261718750000000e-01 8.368654535246822235e-04
5.594482421875000000e-01 8.485185876533352101e-04
5.595703125000000000e-01 8.603219927506428055e-04
5.596923828125000000e-01 8.722774263336952050e-04
5.598144531250000000e-01 8.843866638953978843e-04
5.599365234375000000e-01 8.966514990523533069e-04
5.600585937500000000e-01 9.090737436947271544e-04
5.601806640625000000e-01 9.216552281361284349e-04
5.603027343750000000e-01 9.343978012653769705e-04
5.604248046875000000e-01 9.473033306966333056e-04
5.605468750000000000e-01 9.603737029236780742e-04
5.606689453125000000e-01 9.736108234721374544e-04
5.607910156250000000e-01 9.870166170536098793e-04
5.609130859375000000e-01 1.000593027720458883e-03
5.610351562500000000e-01 1.014342019021438612e-03
5.611572265625000000e-01 1.028265574157596896e-03
5.612792968750000000e-01 1.042365696139690989e-03
5.614013671875000000e-01 1.056644407945533937e-03
5.615234375000000000e-01 1.071103752678340126e-03
5.616455078125000000e-01 1.085745793726278219e-03
5.617675781250000000e-01 1.100572614922190606e-03
5.618896484375000000e-01 1.115586320703854106e-03
5.620117187500000000e-01 1.130789036276030890e-03
5.621337890625000000e-01 1.146182907771728376e-03
5.622558593750000000e-01 1.161770102415707329e-03
5.623779296875000000e-01 1.177552808686865848e-03
5.625000000000000000e-01 1.193533236483523829e-03
5.626220703125000000e-01 1.209713617287749843e-03
5.627441406250000000e-01 1.226096204330714978e-03
5.628662109375000000e-01 1.242683272759184665e-03
5.629882812500000000e-01 1.259477119802288048e-03
5.631103515625000000e-01 1.276480064939231052e-03
5.632324218750000000e-01 1.293694450067356394e-03
5.633544921875000000e-01 1.311122639671022383e-03
5.634765625000000000e-01 1.328767020991286629e-03
5.635986328125000000e-01 1.346630004196089359e-03
5.637207031250000000e-01 1.364714022551144490e-03
5.638427734375000000e-01 1.383021532591219294e-03
5.639648437500000000e-01 1.401555014292496515e-03
5.640869140625000000e-01 1.420316971245325077e-03
5.642089843750000000e-01 1.439309930827234463e-03
5.643310546875000000e-01 1.458536444377225849e-03
5.644531250000000000e-01 1.477999087370743259e-03
5.645751953125000000e-01 1.497700459593728772e-03
5.646972656250000000e-01 1.517643185319966781e-03
5.648193359375000000e-01 1.537829913485694311e-03
5.649414062500000000e-01 1.558263317868111009e-03
5.650634765625000000e-01 1.578946097262015624e-03
5.651855468750000000e-01 1.599880975658010684e-03
5.653076171875000000e-01 1.621070702421290033e-03
5.654296875000000000e-01 1.642518052470773315e-03
5.655517578125000000e-01 1.664225826458809454e-03
5.656738281250000000e-01 1.686196850951199311e-03
5.657958984375000000e-01 1.708433978608370207e-03
5.659179687500000000e-01 1.730940088366467178e-03
5.660400390625000000e-01 1.753718085618916067e-03
5.661621093750000000e-01 1.776770902398930319e-03
5.662841796875000000e-01 1.800101497562170416e-03
5.664062500000000000e-01 1.823712856970166607e-03
5.665283203125000000e-01 1.847607993673755500e-03
5.666503906250000000e-01 1.871789948097293821e-03
5.667724609375000000e-01 1.896261788223344014e-03
5.668945312500000000e-01 1.921026609777554128e-03
5.670166015625000000e-01 1.946087536414398134e-03
5.671386718750000000e-01 1.971447719902680307e-03
5.672607421875000000e-01 1.997110340311927801e-03
5.673828125000000000e-01 2.023078606199268936e-03
5.675048828125000000e-01 2.049355754796255979e-03
5.676269531250000000e-01 2.075945052196465079e-03
5.677490234375000000e-01 2.102849793542541090e-03
5.678710937500000000e-01 2.130073303215643254e-03
5.679931640625000000e-01 2.157618935022947992e-03
5.681152343750000000e-01 2.185490072386483962e-03
5.682373046875000000e-01 2.213690128532549983e-03
5.683593750000000000e-01 2.242222546680827655e-03
5.684814453125000000e-01 2.271090800234160101e-03
5.686035156250000000e-01 2.300298392968719297e-03
5.687255859375000000e-01 2.329848859223868085e-03
5.688476562500000000e-01 2.359745764092618936e-03
5.689697265625000000e-01 2.389992703612814351e-03
5.690917968750000000e-01 2.420593304957308067e-03
5.692138671875000000e-01 2.451551226625742208e-03
5.693359375000000000e-01 2.482870158635380742e-03
5.694580078125000000e-01 2.514553822712872755e-03
5.695800781250000000e-01 2.546605972485932456e-03
5.697021484375000000e-01 2.579030393674575095e-03
5.698242187500000000e-01 2.611830904284226373e-03
5.699462890625000000e-01 2.645011354796361625e-03
5.700683593750000000e-01 2.678575628362031558e-03
5.701904296875000000e-01 2.712527640992792866e-03
5.703125000000000000e-01 2.746871341754192342e-03
5.704345703125000000e-01 2.781610712957544029e-03
5.705566406250000000e-01 2.816749770352358628e-03
5.706787109375000000e-01 2.852292563318939433e-03
5.708007812500000000e-01 2.888243175060700718e-03
5.709228515625000000e-01 2.924605722797346541e-03
5.710449218750000000e-01 2.961384357955787472e-03
5.711669921875000000e-01 2.998583266364360234e-03
5.712890625000000000e-01 3.036206668443550138e-03
5.714111328125000000e-01 3.074258819399419695e-03
5.715332031250000000e-01 3.112744009415094326e-03
5.716552734375000000e-01 3.151666563843025237e-03
5.717773437500000000e-01 3.191030843397266170e-03
5.718994140625000000e-01 3.230841244344931362e-03
5.720214843750000000e-01 3.271102198697251051e-03
5.721435546875000000e-01 3.311818174402292314e-03
5.722656250000000000e-01 3.352993675535528850e-03
5.723876953125000000e-01 3.394633242490091574e-03
5.725097656250000000e-01 3.436741452169239652e-03
5.726318359375000000e-01 3.479322918175223323e-03
5.727539062500000000e-01 3.522382291000714094e-03
5.728759765625000000e-01 3.565924258217931242e-03
5.729980468750000000e-01 3.609953544668947911e-03
5.731201171875000000e-01 3.654474912654415153e-03
5.732421875000000000e-01 3.699493162122785561e-03
5.733642578125000000e-01 3.745013130858690364e-03
5.734863281250000000e-01 3.791039694671455296e-03
5.736083984375000000e-01 3.837577767582006638e-03
5.737304687500000000e-01 3.884632302011109539e-03
5.738525390625000000e-01 3.932208288965524656e-03
5.739746093750000000e-01 3.980310758224969714e-03
5.740966796875000000e-01 4.028944778526652448e-03
5.742187500000000000e-01 4.078115457752148898e-03
5.743408203125000000e-01 4.127827943110978781e-03
5.744628906250000000e-01 4.178087421325485384e-03
5.745849609375000000e-01 4.228899118813647662e-03
5.747070312500000000e-01 4.280268301872752756e-03
5.748291015625000000e-01 4.332200276861000732e-03
5.749511718750000000e-01 4.384700390379761559e-03
5.750732421875000000e-01 4.437774029454000235e-03
5.751953125000000000e-01 4.491426621712604761e-03
5.753173828125000000e-01 4.545663635568103489e-03
5.754394531250000000e-01 4.600490580394939188e-03
5.755615234375000000e-01 4.655913006707465551e-03
5.756835937500000000e-01 4.711936506337485731e-03
5.758056640625000000e-01 4.768566712609820235e-03
5.759277343750000000e-01 4.825809300518429934e-03
5.760498046875000000e-01 4.883669986899874527e-03
5.761718750000000000e-01 4.942154530608158791e-03
5.762939453125000000e-01 5.001268732686164897e-03
5.764160156250000000e-01 5.061018436538403109e-03
5.765380859375000000e-01 5.121409528100695496e-03
5.766601562500000000e-01 5.182447936010567413e-03
5.767822265625000000e-01 5.244139631775224242e-03
5.769042968750000000e-01 5.306490629940027737e-03
5.770263671875000000e-01 5.369506988253544555e-03
5.771484375000000000e-01 5.433194807834176854e-03
5.772705078125000000e-01 5.497560233333420587e-03
5.773925781250000000e-01 5.562609453099581769e-03
5.775146484375000000e-01 5.628348699338384109e-03
5.776367187500000000e-01 5.694784248274811778e-03
5.777587890625000000e-01 5.761922420311357818e-03
5.778808593750000000e-01 5.829769580186563993e-03
5.780029296875000000e-01 5.898332137131256925e-03
5.781250000000000000e-01 5.967616545023882169e-03
5.782470703125000000e-01 6.037629302544825216e-03
5.783691406250000000e-01 6.108376953328081838e-03
5.784912109375000000e-01 6.179866086112859036e-03
5.786132812500000000e-01 6.252103334893427400e-03
5.787353515625000000e-01 6.325095379066100754e-03
5.788574218750000000e-01 6.398848943576868065e-03
5.789794921875000000e-01 6.473370799065833459e-03
5.791015625000000000e-01 6.548667762010643156e-03
5.792236328125000000e-01 6.624746694868385855e-03
5.793457031250000000e-01 6.701614506215453071e-03
5.794677734375000000e-01 6.779278150885914567e-03
5.795898437500000000e-01 6.857744630109047224e-03
5.797119140625000000e-01 6.937020991642950385e-03
5.798339843750000000e-01 7.017114329909021619e-03
5.799560546875000000e-01 7.098031786122227516e-03
5.800781250000000000e-01 7.179780548421596520e-03
5.802001953125000000e-01 7.262367851997172941e-03
5.803222656250000000e-01 7.345800979216346449e-03
5.804443359375000000e-01 7.430087259747017447e-03
5.805664062500000000e-01 7.515234070680068545e-03
5.806884765625000000e-01 7.601248836648963336e-03
5.808105468750000000e-01 7.688139029947624326e-03
5.809326171875000000e-01 7.775912170645993271e-03
5.810546875000000000e-01 7.864575826703912309e-03
5.811767578125000000e-01 7.954137614082451568e-03
5.812988281250000000e-01 8.044605196853835127e-03
5.814208984375000000e-01 8.135986287307522824e-03
5.815429687500000000e-01 8.228288646056222677e-03
5.816650390625000000e-01 8.321520082137975893e-03
5.817871093750000000e-01 8.415688453116562662e-03
5.819091796875000000e-01 8.510801665179534847e-03
5.820312500000000000e-01 8.606867673233972726e-03
5.821533203125000000e-01 8.703894480999743721e-03
5.822753906250000000e-01 8.801890141100457421e-03
5.823974609375000000e-01 8.900862755150965033e-03
5.825195312500000000e-01 9.000820473844331482e-03
5.826416015625000000e-01 9.101771497034658043e-03
5.827636718750000000e-01 9.203724073817476370e-03
5.828857421875000000e-01 9.306686502608296774e-03
5.830078125000000000e-01 9.410667131217992365e-03
5.831298828125000000e-01 9.515674356925268862e-03
5.832519531250000000e-01 9.621716626547052731e-03
5.833740234375000000e-01 9.728802436505742945e-03
5.834960937500000000e-01 9.836940332893659433e-03
5.836181640625000000e-01 9.946138911534604943e-03
5.837402343750000000e-01 1.005640681804316483e-02
5.838623046875000000e-01 1.016775274787988514e-02
5.839843750000000000e-01 1.028018544640527110e-02
5.841064453125000000e-01 1.039371370892872015e-02
5.842285156250000000e-01 1.050834638075665017e-02
5.843505859375000000e-01 1.062409235723554835e-02
5.844726562500000000e-01 1.074096058379360452e-02
5.845947265625000000e-01 1.085896005597820901e-02
5.847167968750000000e-01 1.097809981949053604e-02
5.848388671875000000e-01 1.109838897021743487e-02
5.849609375000000000e-01 1.121983665425914378e-02
5.850830078125000000e-01 1.134245206795443661e-02
5.852050781250000000e-01 1.146624445790320190e-02
5.853271484375000000e-01 1.159122312098290197e-02
5.854492187500000000e-01 1.171739740436589239e-02
5.855712890625000000e-01 1.184477670552928907e-02
5.856933593750000000e-01 1.197337047226422480e-02
5.858154296875000000e-01 1.210318820267956841e-02
5.859375000000000000e-01 1.223423944520385387e-02
5.860595703125000000e-01 1.236653379858283774e-02
5.861816406250000000e-01 1.250008091187351789e-02
5.863037109375000000e-01 1.263489048443396101e-02
5.864257812500000000e-01 1.277097226591097923e-02
5.865478515625000000e-01 1.290833605622254687e-02
5.866699218750000000e-01 1.304699170553762222e-02
5.867919921875000000e-01 1.318694911425105643e-02
5.869140625000000000e-01 1.332821823295618491e-02
5.870361328125000000e-01 1.347080906241200637e-02
5.871582031250000000e-01 1.361473165350765568e-02
5.872802734375000000e-01 1.375999610722210276e-02
5.874023437500000000e-01 1.390661257458125633e-02
5.875244140625000000e-01 1.405459125660869779e-02
5.876464843750000000e-01 1.420394240427511057e-02
5.877685546875000000e-01 1.435467631844161707e-02
5.878906250000000000e-01 1.450680334980020136e-02
5.880126953125000000e-01 1.466033389880914972e-02
5.881347656250000000e-01 1.481527841562509107e-02
5.882568359375000000e-01 1.497164740003016636e-02
5.883789062500000000e-01 1.512945140135567301e-02
5.885009765625000000e-01 1.528870101840036633e-02
5.886230468750000000e-01 1.544940689934569400e-02
5.887451171875000000e-01 1.561157974166577089e-02
5.888671875000000000e-01 1.577523029203331539e-02
5.889892578125000000e-01 1.594036934622096446e-02
5.891113281250000000e-01 1.610700774899873067e-02
5.892333984375000000e-01 1.627515639402575542e-02
5.893554687500000000e-01 1.644482622373920344e-02
5.894775390625000000e-01 1.661602822923685663e-02
5.895996093750000000e-01 1.678877345015626632e-02
5.897216796875000000e-01 1.696307297454910379e-02
5.898437500000000000e-01 1.713893793875025107e-02
5.899658203125000000e-01 1.731637952724295049e-02
5.900878906250000000e-01 1.749540897251859739e-02
5.902099609375000000e-01 1.767603755493225848e-02
5.903320312500000000e-01 1.785827660255281946e-02
5.904541015625000000e-01 1.804213749100906650e-02
5.905761718750000000e-01 1.822763164332989738e-02
5.906982421875000000e-01 1.841477052978068851e-02
5.908203125000000000e-01 1.860356566769362507e-02
5.909423828125000000e-01 1.879402862129418705e-02
5.910644531250000000e-01 1.898617100152180659e-02
5.911865234375000000e-01 1.918000446584534890e-02
5.913085937500000000e-01 1.937554071807461031e-02
5.914306640625000000e-01 1.957279150816558511e-02
5.915527343750000000e-01 1.977176863202081969e-02
5.916748046875000000e-01 1.997248393128525645e-02
5.917968750000000000e-01 2.017494929313597141e-02
5.919189453125000000e-01 2.037917665006724888e-02
5.920410156250000000e-01 2.058517797967017449e-02
5.921630859375000000e-01 2.079296530440732926e-02
5.922851562500000000e-01 2.100255069138104447e-02
5.924072265625000000e-01 2.121394625209779838e-02
5.925292968750000000e-01 2.142716414222613219e-02
5.926513671875000000e-01 2.164221656134963923e-02
5.927734375000000000e-01 2.185911575271413942e-02
5.928955078125000000e-01 2.207787400296960800e-02
5.930175781250000000e-01 2.229850364190705259e-02
5.931396484375000000e-01 2.252101704218857636e-02
5.932617187500000000e-01 2.274542661907344443e-02
5.933837890625000000e-01 2.297174483013719737e-02
5.935058593750000000e-01 2.319998417498637944e-02
5.936279296875000000e-01 2.343015719496580052e-02
5.937500000000000000e-01 2.366227647286256452e-02
5.938720703125000000e-01 2.389635463260263160e-02
5.939941406250000000e-01 2.413240433894178749e-02
5.941162109375000000e-01 2.437043829715150600e-02
5.942382812500000000e-01 2.461046925269877450e-02
5.943603515625000000e-01 2.485250999092011859e-02
5.944824218750000000e-01 2.509657333668913193e-02
5.946044921875000000e-01 2.534267215407945417e-02
5.947265625000000000e-01 2.559081934602086550e-02
5.948486328125000000e-01 2.584102785394976065e-02
5.949707031250000000e-01 2.609331065745362777e-02
5.950927734375000000e-01 2.634768077390958751e-02
5.952148437500000000e-01 2.660415125811739501e-02
5.953369140625000000e-01 2.686273520192554443e-02
5.954589843750000000e-01 2.712344573385247481e-02
5.955810546875000000e-01 2.738629601870022634e-02
5.957031250000000000e-01 2.765129925716389159e-02
5.958251953125000000e-01 2.791846868543319815e-02
5.959472656250000000e-01 2.818781757478970584e-02
5.960693359375000000e-01 2.845935923119603805e-02
5.961914062500000000e-01 2.873310699488063058e-02
5.963134765625000000e-01 2.900907423991526402e-02
5.964355468750000000e-01 2.928727437378696175e-02
5.965576171875000000e-01 2.956772083696322662e-02
5.966796875000000000e-01 2.985042710245174036e-02
5.968017578125000000e-01 3.013540667535291595e-02
5.969238281250000000e-01 3.042267309240750950e-02
5.970458984375000000e-01 3.071223992153593318e-02
5.971679687500000000e-01 3.100412076137400164e-02
5.972900390625000000e-01 3.129832924079986589e-02
5.974121093750000000e-01 3.159487901845620117e-02
5.975341796875000000e-01 3.189378378226520594e-02
5.976562500000000000e-01 3.219505724893814702e-02
5.977783203125000000e-01 3.249871316347771599e-02
5.979003906250000000e-01 3.280476529867432101e-02
5.980224609375000000e-01 3.311322745459649441e-02
5.981445312500000000e-01 3.342411345807384804e-02
5.982666015625000000e-01 3.373743716217503241e-02
5.983886718750000000e-01 3.405321244567798000e-02
5.985107421875000000e-01 3.437145321253455565e-02
5.986328125000000000e-01 3.469217339132865674e-02
5.987548828125000000e-01 3.501538693472765196e-02
5.988769531250000000e-01 3.534110781892782494e-02
5.989990234375000000e-01 3.566935004309239321e-02
5.991210937500000000e-01 3.600012762878486428e-02
5.992431640625000000e-01 3.633345461939399557e-02
5.993652343750000000e-01 3.666934507955385558e-02
5.994873046875000000e-01 3.700781309455619672e-02
5.996093750000000000e-01 3.734887276975733250e-02
5.997314453125000000e-01 3.769253822997839509e-02
5.998535156250000000e-01 3.803882361889802943e-02
5.999755859375000000e-01 3.838774309844086852e-02
6.000976562500000000e-01 3.873931084815684933e-02
6.002197265625000000e-01 3.909354106459655975e-02
6.003417968750000000e-01 3.945044796067824489e-02
6.004638671875000000e-01 3.981004576504938719e-02
6.005859375000000000e-01 4.017234872144172242e-02
6.007080078125000000e-01 4.053737108801926114e-02
6.008300781250000000e-01 4.090512713672087020e-02
6.009521484375000000e-01 4.127563115259461068e-02
6.010742187500000000e-01 4.164889743312842618e-02
6.011962890625000000e-01 4.202494028757179645e-02
6.013183593750000000e-01 4.240377403625185393e-02
6.014404296875000000e-01 4.278541300988378260e-02
6.015625000000000000e-01 4.316987154887375056e-02
6.016845703125000000e-01 4.355716400261656907e-02
6.018066406250000000e-01 4.394730472878531635e-02
6.019287109375000000e-01 4.434030809261675643e-02
6.020507812500000000e-01 4.473618846618823697e-02
6.021728515625000000e-01 4.513496022768993809e-02
6.022949218750000000e-01 4.553663776068969660e-02
6.024169921875000000e-01 4.594123545339207082e-02
6.025390625000000000e-01 4.634876769789071649e-02
6.026611328125000000e-01 4.675924888941483670e-02
6.027832031250000000e-01 4.717269342556934530e-02
6.029052734375000000e-01 4.758911570556782766e-02
6.030273437500000000e-01 4.800853012946135201e-02
6.031494140625000000e-01 4.843095109735856552e-02
6.032714843750000000e-01 4.885639300864128010e-02
6.033935546875000000e-01 4.928487026117318870e-02
6.035156250000000000e-01 4.971639725050298886e-02
6.036376953125000000e-01 5.015098836906033142e-02
6.037597656250000000e-01 5.058865800534700918e-02
6.038818359375000000e-01 5.102942054312042952e-02
6.040039062500000000e-01 5.147329036057290974e-02
6.041259765625000000e-01 5.192028182950332582e-02
6.042480468750000000e-01 5.237040931448354308e-02
6.043701171875000000e-01 5.282368717201853248e-02
6.044921875000000000e-01 5.328012974970110227e-02
6.046142578125000000e-01 5.373975138535953822e-02
6.047363281250000000e-01 5.420256640620106647e-02
6.048583984375000000e-01 5.466858912794712866e-02
6.049804687500000000e-01 5.513783385396579806e-02
6.051025390625000000e-01 5.561031487439513366e-02
6.052246093750000000e-01 5.608604646526360593e-02
6.053466796875000000e-01 5.656504288760254295e-02
6.054687500000000000e-01 5.704731838655466292e-02
6.055908203125000000e-01 5.753288719047573718e-02
6.057128906250000000e-01 5.802176351003127119e-02
6.058349609375000000e-01 5.851396153728706528e-02
6.059570312500000000e-01 5.900949544479465458e-02
6.060791015625000000e-01 5.950837938467147537e-02
6.062011718750000000e-01 6.001062748767434230e-02
6.063232421875000000e-01 6.051625386226948400e-02
6.064453125000000000e-01 6.102527259369491808e-02
6.065673828125000000e-01 6.153769774301939832e-02
6.066894531250000000e-01 6.205354334619495038e-02
6.068115234375000000e-01 6.257282341310431428e-02
6.069335937500000000e-01 6.309555192660401546e-02
6.070556640625000000e-01 6.362174284156098258e-02
6.071777343750000000e-01 6.415141008388491883e-02
6.072998046875000000e-01 6.468456754955516363e-02
6.074218750000000000e-01 6.522122910364336335e-02
6.075439453125000000e-01 6.576140857932964712e-02
6.076660156250000000e-01 6.630511977691581904e-02
6.077880859375000000e-01 6.685237646283181956e-02
6.079101562500000000e-01 6.740319236863905050e-02
6.080322265625000000e-01 6.795758119002728859e-02
6.081542968750000000e-01 6.851555658580876784e-02
6.082763671875000000e-01 6.907713217690593377e-02
6.083984375000000000e-01 6.964232154533539498e-02
6.085205078125000000e-01 7.021113823318790581e-02
6.086425781250000000e-01 7.078359574160233980e-02
6.087646484375000000e-01 7.135970752973667952e-02
6.088867187500000000e-01 7.193948701373496790e-02
6.090087890625000000e-01 7.252294756568758438e-02
6.091308593750000000e-01 7.311010251259020265e-02
6.092529296875000000e-01 7.370096513529686422e-02
6.093750000000000000e-01 7.429554866746956865e-02
6.094970703125000000e-01 7.489386629452371436e-02
6.096191406250000000e-01 7.549593115256933440e-02
6.097412109375000000e-01 7.610175632734936246e-02
6.098632812500000000e-01 7.671135485317247260e-02
6.099853515625000000e-01 7.732473971184411488e-02
6.101074218750000000e-01 7.794192383159255499e-02
6.102294921875000000e-01 7.856292008599118082e-02
6.103515625000000000e-01 7.918774129287847741e-02
6.104736328125000000e-01 7.981640021327365830e-02
6.105957031250000000e-01 8.044890955028889679e-02
6.107177734375000000e-01 8.108528194803835132e-02
6.108398437500000000e-01 8.172552999054473466e-02
6.109619140625000000e-01 8.236966620064135880e-02
6.110839843750000000e-01 8.301770303887219538e-02
6.112060546875000000e-01 8.366965290238845276e-02
6.113281250000000000e-01 8.432552812384225271e-02
6.114501953125000000e-01 8.498534097027793388e-02
6.115722656250000000e-01 8.564910364201992754e-02
6.116943359375000000e-01 8.631682827155844062e-02
6.118164062500000000e-01 8.698852692243211338e-02
6.119384765625000000e-01 8.766421158810909497e-02
6.120605468750000000e-01 8.834389419086431661e-02
6.121826171875000000e-01 8.902758658065594577e-02
6.123046875000000000e-01 8.971530053399802418e-02
6.124267578125000000e-01 9.040704775283260608e-02
6.125488281250000000e-01 9.110283986339870466e-02
6.126708984375000000e-01 9.180268841509908739e-02
6.127929687500000000e-01 9.250660487936632204e-02
6.129150390625000000e-01 9.321460064852621352e-02
6.130371093750000000e-01 9.392668703465960334e-02
6.131591796875000000e-01 9.464287526846223986e-02
6.132812500000000000e-01 9.536317649810455155e-02
6.134033203125000000e-01 9.608760178808831154e-02
6.135253906250000000e-01 9.681616211810252504e-02
6.136474609375000000e-01 9.754886838187866449e-02
6.137695312500000000e-01 9.828573138604412840e-02
6.138916015625000000e-01 9.902676184897514500e-02
6.140136718750000000e-01 9.977197039964791347e-02
6.141357421875000000e-01 1.005213675764899811e-01
6.142578125000000000e-01 1.012749638262301771e-01
6.143798828125000000e-01 1.020327695027483939e-01
6.145019531250000000e-01 1.027947948659240912e-01
6.146240234375000000e-01 1.035610500804848566e-01
6.147460937500000000e-01 1.043315452148553257e-01
6.148681640625000000e-01 1.051062902400044519e-01
6.149902343750000000e-01 1.058852950282935523e-01
6.151123046875000000e-01 1.066685693523243827e-01
6.152343750000000000e-01 1.074561228837869475e-01
6.153564453125000000e-01 1.082479651923074077e-01
6.154785156250000000e-01 1.090441057442972650e-01
6.156005859375000000e-01 1.098445539018014228e-01
6.157226562500000000e-01 1.106493189213480222e-01
6.158447265625000000e-01 1.114584099527987926e-01
6.159667968750000000e-01 1.122718360381990410e-01
6.160888671875000000e-01 1.130896061106301254e-01
6.162109375000000000e-01 1.139117289930613175e-01
6.163330078125000000e-01 1.147382133972041085e-01
6.164550781250000000e-01 1.155690679223672496e-01
6.165771484375000000e-01 1.164043010543116818e-01
6.166992187500000000e-01 1.172439211641098378e-01
6.168212890625000000e-01 1.180879365070039710e-01
6.169433593750000000e-01 1.189363552212665820e-01
6.170654296875000000e-01 1.197891853270635493e-01
6.171875000000000000e-01 1.206464347253186631e-01
6.173095703125000000e-01 1.215081111965796712e-01
6.174316406250000000e-01 1.223742223998870726e-01
6.175537109375000000e-01 1.232447758716447572e-01
6.176757812500000000e-01 1.241197790244934485e-01
6.177978515625000000e-01 1.249992391461859781e-01
6.179199218750000000e-01 1.258831633984658915e-01
6.180419921875000000e-01 1.267715588159478712e-01
6.181640625000000000e-01 1.276644323050020180e-01
6.182861328125000000e-01 1.285617906426400614e-01
6.184082031250000000e-01 1.294636404754057057e-01
6.185302734375000000e-01 1.303699883182666552e-01
6.186523437500000000e-01 1.312808405535124123e-01
6.187744140625000000e-01 1.321962034296523258e-01
6.188964843750000000e-01 1.331160830603201894e-01
6.190185546875000000e-01 1.340404854231803111e-01
6.191406250000000000e-01 1.349694163588388562e-01
6.192626953125000000e-01 1.359028815697583825e-01
6.193847656250000000e-01 1.368408866191763718e-01
6.195068359375000000e-01 1.377834369300287298e-01
6.196289062500000000e-01 1.387305377838761733e-01
6.197509765625000000e-01 1.396821943198370275e-01
6.198730468750000000e-01 1.406384115335224116e-01
6.199951171875000000e-01 1.415991942759777245e-01
6.201171875000000000e-01 1.425645472526280988e-01
6.202392578125000000e-01 1.435344750222295462e-01
6.203613281250000000e-01 1.445089819958240707e-01
6.204833984375000000e-01 1.454880724357005550e-01
6.206054687500000000e-01 1.464717504543613935e-01
6.207275390625000000e-01 1.474600200134942307e-01
6.208496093750000000e-01 1.484528849229483916e-01
6.209716796875000000e-01 1.494503488397185276e-01
6.210937500000000000e-01 1.504524152669332038e-01
6.212158203125000000e-01 1.514590875528490366e-01
6.213378906250000000e-01 1.524703688898522425e-01
6.214599609375000000e-01 1.534862623134649606e-01
6.215820312500000000e-01 1.545067707013585978e-01
6.217041015625000000e-01 1.555318967723741119e-01
6.218261718750000000e-01 1.565616430855476526e-01
6.219482421875000000e-01 1.575960120391436403e-01
6.220703125000000000e-01 1.586350058696950616e-01
6.221923828125000000e-01 1.596786266510499819e-01
6.223144531250000000e-01 1.607268762934256356e-01
6.224365234375000000e-01 1.617797565424692052e-01
6.225585937500000000e-01 1.628372689783267879e-01
6.226806640625000000e-01 1.638994150147191631e-01
6.228027343750000000e-01 1.649661958980253029e-01
6.229248046875000000e-01 1.660376127063735163e-01
6.230468750000000000e-01 1.671136663487411689e-01
6.231689453125000000e-01 1.681943575640611477e-01
6.232910156250000000e-01 1.692796869203374022e-01
6.234130859375000000e-01 1.703696548137688116e-01
6.235351562500000000e-01 1.714642614678803245e-01
6.236572265625000000e-01 1.725635069326638127e-01
6.237792968750000000e-01 1.736673910837267798e-01
6.239013671875000000e-01 1.747759136214501741e-01
6.240234375000000000e-01 1.758890740701548050e-01
6.241455078125000000e-01 1.770068717772771694e-01
6.242675781250000000e-01 1.781293059125537148e-01
6.243896484375000000e-01 1.792563754672150123e-01
6.245117187500000000e-01 1.803880792531890043e-01
6.246337890625000000e-01 1.815244159023136072e-01
6.247558593750000000e-01 1.826653838655593054e-01
6.248779296875000000e-01 1.838109814122607932e-01
6.250000000000000000e-01 1.849612066293592760e-01
6.251220703125000000e-01 1.861160574206543461e-01
6.252441406250000000e-01 1.872755315060659342e-01
6.253662109375000000e-01 1.884396264209064475e-01
6.254882812500000000e-01 1.896083395151633155e-01
6.256103515625000000e-01 1.907816679527922776e-01
6.257324218750000000e-01 1.919596087110204685e-01
6.258544921875000000e-01 1.931421585796612161e-01
6.259765625000000000e-01 1.943293141604386376e-01
6.260986328125000000e-01 1.955210718663243918e-01
6.262207031250000000e-01 1.967174279208836196e-01
6.263427734375000000e-01 1.979183783576344002e-01
6.264648437500000000e-01 1.991239190194162290e-01
6.265869140625000000e-01 2.003340455577717338e-01
6.267089843750000000e-01 2.015487534323383567e-01
6.268310546875000000e-01 2.027680379102527741e-01
6.269531250000000000e-01 2.039918940655667812e-01
6.270751953125000000e-01 2.052203167786743887e-01
6.271972656250000000e-01 2.064533007357521044e-01
6.273193359375000000e-01 2.076908404282094556e-01
6.274414062500000000e-01 2.089329301521540005e-01
6.275634765625000000e-01 2.101795640078666927e-01
6.276855468750000000e-01 2.114307358992904007e-01
6.278076171875000000e-01 2.126864395335310021e-01
6.279296875000000000e-01 2.139466684203710223e-01
6.280517578125000000e-01 2.152114158717955972e-01
6.281738281250000000e-01 2.164806750015320636e-01
6.282958984375000000e-01 2.177544387246014290e-01
6.284179687500000000e-01 2.190326997568839695e-01
6.285400390625000000e-01 2.203154506146967895e-01
6.286621093750000000e-01 2.216026836143857870e-01
6.287841796875000000e-01 2.228943908719298317e-01
6.289062500000000000e-01 2.241905643025591810e-01
6.290283203125000000e-01 2.254911956203871082e-01
6.291503906250000000e-01 2.267962763380551583e-01
6.292724609375000000e-01 2.281057977663920600e-01
6.293945312500000000e-01 2.294197510140864038e-01
6.295166015625000000e-01 2.307381269873734486e-01
6.296386718750000000e-01 2.320609163897358329e-01
6.297607421875000000e-01 2.333881097216181089e-01
6.298828125000000000e-01 2.347196972801557369e-01
6.300048828125000000e-01 2.360556691589182632e-01
6.301269531250000000e-01 2.373960152476669583e-01
6.302490234375000000e-01 2.387407252321264162e-01
6.303710937500000000e-01 2.400897885937713083e-01
6.304931640625000000e-01 2.414431946096274872e-01
6.306152343750000000e-01 2.428009323520872731e-01
6.307373046875000000e-01 2.441629906887405332e-01
6.308593750000000000e-01 2.455293582822195564e-01
6.309814453125000000e-01 2.469000235900596363e-01
6.311035156250000000e-01 2.482749748645740606e-01
6.312255859375000000e-01 2.496542001527448928e-01
6.313476562500000000e-01 2.510376872961276873e-01
6.314697265625000000e-01 2.524254239307731074e-01
6.315917968750000000e-01 2.538173974871621441e-01
6.317138671875000000e-01 2.552135951901580713e-01
6.318359375000000000e-01 2.566140040589726112e-01
6.319580078125000000e-01 2.580186109071489486e-01
6.320800781250000000e-01 2.594274023425591214e-01
6.322021484375000000e-01 2.608403647674172321e-01
6.323242187500000000e-01 2.622574843783094245e-01
6.324462890625000000e-01 2.636787471662381810e-01
6.325683593750000000e-01 2.651041389166833850e-01
6.326904296875000000e-01 2.665336452096785380e-01
6.328125000000000000e-01 2.679672514199035183e-01
6.329345703125000000e-01 2.694049427167935495e-01
6.330566406250000000e-01 2.708467040646628243e-01
6.331787109375000000e-01 2.722925202228460018e-01
6.333007812500000000e-01 2.737423757458540274e-01
6.334228515625000000e-01 2.751962549835488270e-01
6.335449218750000000e-01 2.766541420813301011e-01
6.336669921875000000e-01 2.781160209803429373e-01
6.337890625000000000e-01 2.795818754176981891e-01
6.339111328125000000e-01 2.810516889267116181e-01
6.340332031250000000e-01 2.825254448371579130e-01
6.341552734375000000e-01 2.840031262755415287e-01
6.342773437500000000e-01 2.854847161653847332e-01
6.343994140625000000e-01 2.869701972275314761e-01
6.345214843750000000e-01 2.884595519804674657e-01
6.346435546875000000e-01 2.899527627406578434e-01
6.347656250000000000e-01 2.914498116229008451e-01
6.348876953125000000e-01 2.929506805406978387e-01
6.350097656250000000e-01 2.944553512066407364e-01
6.351318359375000000e-01 2.959638051328157271e-01
6.352539062500000000e-01 2.974760236312231632e-01
6.353759765625000000e-01 2.989919878142157650e-01
6.354980468750000000e-01 3.005116785949517588e-01
6.356201171875000000e-01 3.020350766878656668e-01
6.357421875000000000e-01 3.035621626091560277e-01
6.358642578125000000e-01 3.050929166772895496e-01
6.359863281250000000e-01 3.066273190135225257e-01
6.361083984375000000e-01 3.081653495424381273e-01
6.362304687500000000e-01 3.097069879925013480e-01
6.363525390625000000e-01 3.112522138966313801e-01
6.364746093750000000e-01 3.128010065927889771e-01
6.365966796875000000e-01 3.143533452245819149e-01
6.367187500000000000e-01 3.159092087418875483e-01
6.368408203125000000e-01 3.174685759014916342e-01
6.369628906250000000e-01 3.190314252677435292e-01
6.370849609375000000e-01 3.205977352132297065e-01
6.372070312500000000e-01 3.221674839194621498e-01
6.373291015625000000e-01 3.237406493775855654e-01
6.374511718750000000e-01 3.253172093890998040e-01
6.375732421875000000e-01 3.268971415665996583e-01
6.376953125000000000e-01 3.284804233345319235e-01
6.378173828125000000e-01 3.300670319299684463e-01
6.379394531250000000e-01 3.316569444033961034e-01
6.380615234375000000e-01 3.332501376195237119e-01
6.381835937500000000e-01 3.348465882581056485e-01
6.383056640625000000e-01 3.364462728147818993e-01
6.384277343750000000e-01 3.380491676019348191e-01
6.385498046875000000e-01 3.396552487495627104e-01
6.386718750000000000e-01 3.412644922061692787e-01
6.387939453125000000e-01 3.428768737396710176e-01
6.389160156250000000e-01 3.444923689383193599e-01
6.390380859375000000e-01 3.461109532116412035e-01
6.391601562500000000e-01 3.477326017913935363e-01
6.392822265625000000e-01 3.493572897325369908e-01
6.394042968750000000e-01 3.509849919142238317e-01
6.395263671875000000e-01 3.526156830408033738e-01
6.396484375000000000e-01 3.542493376428426100e-01
6.397705078125000000e-01 3.558859300781642698e-01
6.398925781250000000e-01 3.575254345329004213e-01
6.400146484375000000e-01 3.591678250225615043e-01
6.401367187500000000e-01 3.608130753931227397e-01
6.402587890625000000e-01 3.624611593221257477e-01
6.403808593750000000e-01 3.641120503197959879e-01
6.405029296875000000e-01 3.657657217301765740e-01
6.406250000000000000e-01 3.674221467322771328e-01
6.407470703125000000e-01 3.690812983412395942e-01
6.408691406250000000e-01 3.707431494095182467e-01
6.409912109375000000e-01 3.724076726280767247e-01
6.411132812500000000e-01 3.740748405275990951e-01
6.412353515625000000e-01 3.757446254797179308e-01
6.413574218750000000e-01 3.774169996982567055e-01
6.414794921875000000e-01 3.790919352404879539e-01
6.416015625000000000e-01 3.807694040084059761e-01
6.417236328125000000e-01 3.824493777500157510e-01
6.418457031250000000e-01 3.841318280606368374e-01
6.419677734375000000e-01 3.858167263842200434e-01
6.420898437500000000e-01 3.875040440146826914e-01
6.422119140625000000e-01 3.891937520972555964e-01
6.423339843750000000e-01 3.908858216298461419e-01
6.424560546875000000e-01 3.925802234644156230e-01
6.425781250000000000e-01 3.942769283083709109e-01
6.427001953125000000e-01 3.959759067259712717e-01
6.428222656250000000e-01 3.976771291397487862e-01
6.429443359375000000e-01 3.993805658319431462e-01
6.430664062500000000e-01 4.010861869459503848e-01
6.431884765625000000e-01 4.027939624877866498e-01
6.433105468750000000e-01 4.045038623275640788e-01
6.434326171875000000e-01 4.062158562009821061e-01
6.435546875000000000e-01 4.079299137108316486e-01
6.436767578125000000e-01 4.096460043285131691e-01
6.437988281250000000e-01 4.113640973955676183e-01
6.439208984375000000e-01 4.130841621252216989e-01
6.440429687500000000e-01 4.148061676039453971e-01
6.441650390625000000e-01 4.165300827930230043e-01
6.442871093750000000e-01 4.182558765301376824e-01
6.444091796875000000e-01 4.199835175309675206e-01
6.445312500000000000e-01 4.217129743907953587e-01
6.446533203125000000e-01 4.234442155861317669e-01
6.447753906250000000e-01 4.251772094763484611e-01
6.448974609375000000e-01 4.269119243053260404e-01
6.450195312500000000e-01 4.286483282031130493e-01
6.451416015625000000e-01 4.303863891875975289e-01
6.452636718750000000e-01 4.321260751661893940e-01
6.453857421875000000e-01 4.338673539375167421e-01
6.455078125000000000e-01 4.356101931931311566e-01
6.456298828125000000e-01 4.373545605192269980e-01
6.457519531250000000e-01 4.391004233983702987e-01
6.458740234375000000e-01 4.408477492112400364e-01
6.459960937500000000e-01 4.425965052383795673e-01
6.461181640625000000e-01 4.443466586619599923e-01
6.462402343750000000e-01 4.460981765675530730e-01
6.463623046875000000e-01 4.478510259459164145e-01
6.464843750000000000e-01 4.496051736947871968e-01
6.466064453125000000e-01 4.513605866206880646e-01
6.467285156250000000e-01 4.531172314407421187e-01
6.468505859375000000e-01 4.548750747844978459e-01
6.469726562500000000e-01 4.566340831957645396e-01
6.470947265625000000e-01 4.583942231344576568e-01
6.472167968750000000e-01 4.601554609784519467e-01
6.473388671875000000e-01 4.619177630254462930e-01
6.474609375000000000e-01 4.636810954948360486e-01
6.475830078125000000e-01 4.654454245295953640e-01
6.477050781250000000e-01 4.672107161981681189e-01
6.478271484375000000e-01 4.689769364963669585e-01
6.479492187500000000e-01 4.707440513492820999e-01
6.480712890625000000e-01 4.725120266131974667e-01
6.481933593750000000e-01 4.742808280775151486e-01
6.483154296875000000e-01 4.760504214666888556e-01
6.484375000000000000e-01 4.778207724421632552e-01
6.485595703125000000e-01 4.795918466043236350e-01
6.486816406250000000e-01 4.813636094944506172e-01
6.488037109375000000e-01 4.831360265966834211e-01
6.489257812500000000e-01 4.849090633399898431e-01
6.490478515625000000e-01 4.866826851001442300e-01
6.491699218750000000e-01 4.884568572017097265e-01
6.492919921875000000e-01 4.902315449200308484e-01
6.494140625000000000e-01 4.920067134832281086e-01
6.495361328125000000e-01 4.937823280742028587e-01
6.496582031250000000e-01 4.955583538326453485e-01
6.497802734375000000e-01 4.973347558570502813e-01
6.499023437500000000e-01 4.991114992067369749e-01
6.500244140625000000e-01 5.008885489038756855e-01
6.501464843750000000e-01 5.026658699355186499e-01
6.502685546875000000e-01 5.044434272556368448e-01
6.503906250000000000e-01 5.062211857871612430e-01
6.505126953125000000e-01 5.079991104240282329e-01
6.506347656250000000e-01 5.097771660332308663e-01
6.507568359375000000e-01 5.115553174568731043e-01
6.508789062500000000e-01 5.133335295142290589e-01
6.510009765625000000e-01 5.151117670038056762e-01
6.511230468750000000e-01 5.168899947054089727e-01
6.512451171875000000e-01 5.186681773822148234e-01
6.513671875000000000e-01 5.204462797828408593e-01
6.514892578125000000e-01 5.222242666434251390e-01
6.516113281250000000e-01 5.240021026897031531e-01
6.517333984375000000e-01 5.257797526390914911e-01
6.518554687500000000e-01 5.275571812027723961e-01
6.519775390625000000e-01 5.293343530877796521e-01
6.520996093750000000e-01 5.311112329990884673e-01
6.522216796875000000e-01 5.328877856417066905e-01
6.523437500000000000e-01 5.346639757227658052e-01
6.524658203125000000e-01 5.364397679536178076e-01
6.525878906250000000e-01 5.382151270519277553e-01
6.527099609375000000e-01 5.399900177437724214e-01
6.528320312500000000e-01 5.417644047657361739e-01
6.529541015625000000e-01 5.435382528670107405e-01
6.530761718750000000e-01 5.453115268114919756e-01
6.531982421875000000e-01 5.470841913798798473e-01
6.533203125000000000e-01 5.488562113717769808e-01
6.534423828125000000e-01 5.506275516077874244e-01
6.535644531250000000e-01 5.523981769316153034e-01
6.536865234375000000e-01 5.541680522121615882e-01
6.538085937500000000e-01 5.559371423456228589e-01
6.539306640625000000e-01 5.577054122575857420e-01
6.540527343750000000e-01 5.594728269051227887e-01
6.541748046875000000e-01 5.612393512788858008e-01
6.542968750000000000e-01 5.630049504051974907e-01
6.544189453125000000e-01 5.647695893481416984e-01
6.545410156250000000e-01 5.665332332116514991e-01
6.546630859375000000e-01 5.682958471415950896e-01
6.547851562500000000e-01 5.700573963278590117e-01
6.549072265625000000e-01 5.718178460064293755e-01
6.550292968750000000e-01 5.735771614614693092e-01
6.551513671875000000e-01 5.753353080273944098e-01
6.552734375000000000e-01 5.770922510909430869e-01
6.553955078125000000e-01 5.788479560932469070e-01
6.555175781250000000e-01 5.806023885318931654e-01
6.556396484375000000e-01 5.823555139629861266e-01
6.557617187500000000e-01 5.841072980032038231e-01
6.558837890625000000e-01 5.858577063318504141e-01
6.560058593750000000e-01 5.876067046929025484e-01
6.561279296875000000e-01 5.893542588970546170e-01
6.562500000000000000e-01 5.911003348237546806e-01
6.563720703125000000e-01 5.928448984232393970e-01
6.564941406250000000e-01 5.945879157185602892e-01
6.566162109375000000e-01 5.963293528076067940e-01
6.567382812500000000e-01 5.980691758651219825e-01
6.568603515625000000e-01 5.998073511447141737e-01
6.569824218750000000e-01 6.015438449808601096e-01
6.571044921875000000e-01 6.032786237909042448e-01
6.572265625000000000e-01 6.050116540770492657e-01
6.573486328125000000e-01 6.067429024283417238e-01
6.574707031250000000e-01 6.084723355226498986e-01
6.575927734375000000e-01 6.101999201286338881e-01
6.577148437500000000e-01 6.119256231077097041e-01
6.578369140625000000e-01 6.136494114160053748e-01
6.579589843750000000e-01 6.153712521063088303e-01
6.580810546875000000e-01 6.170911123300084622e-01
6.582031250000000000e-01 6.188089593390251331e-01
6.583251953125000000e-01 6.205247604877365264e-01
6.584472656250000000e-01 6.222384832348922812e-01
6.585693359375000000e-01 6.239500951455212441e-01
6.586914062500000000e-01 6.256595638928283964e-01
6.588134765625000000e-01 6.273668572600852311e-01
6.589355468750000000e-01 6.290719431425080277e-01
6.590576171875000000e-01 6.307747895491286894e-01
6.591796875000000000e-01 6.324753646046553657e-01
6.593017578125000000e-01 6.341736365513231943e-01
6.594238281250000000e-01 6.358695737507347179e-01
6.595458984375000000e-01 6.375631446856907525e-01
6.596679687500000000e-01 6.392543179620109317e-01
6.597900390625000000e-01 6.409430623103432589e-01
6.599121093750000000e-01 6.426293465879624467e-01
6.600341796875000000e-01 6.443131397805592631e-01
6.601562500000000000e-01 6.459944110040167775e-01
6.602783203125000000e-01 6.476731295061763927e-01
6.604003906250000000e-01 6.493492646685921077e-01
6.605224609375000000e-01 6.510227860082735685e-01
6.606445312500000000e-01 6.526936631794171273e-01
6.607666015625000000e-01 6.543618659751248012e-01
6.608886718750000000e-01 6.560273643291114620e-01
6.610107421875000000e-01 6.576901283173992585e-01
6.611328125000000000e-01 6.593501281600000485e-01
6.612548828125000000e-01 6.610073342225861737e-01
6.613769531250000000e-01 6.626617170181458016e-01
6.614990234375000000e-01 6.643132472086278328e-01
6.616210937500000000e-01 6.659618956065727069e-01
6.617431640625000000e-01 6.676076331767308858e-01
6.618652343750000000e-01 6.692504310376656829e-01
6.619873046875000000e-01 6.708902604633459887e-01
6.621093750000000000e-01 6.725270928847211227e-01
6.622314453125000000e-01 6.741608998912865802e-01
6.623535156250000000e-01 6.757916532326313508e-01
6.624755859375000000e-01 6.774193248199739115e-01
6.625976562500000000e-01 6.790438867276828994e-01
6.627197265625000000e-01 6.806653111947837953e-01
6.628417968750000000e-01 6.822835706264498423e-01
6.629638671875000000e-01 6.838986375954804187e-01
6.630859375000000000e-01 6.855104848437620912e-01
6.632080078125000000e-01 6.871190852837165686e-01
6.633300781250000000e-01 6.887244119997327774e-01
6.634521484375000000e-01 6.903264382495831741e-01
6.635742187500000000e-01 6.919251374658257348e-01
6.636962890625000000e-01 6.935204832571899569e-01
6.638183593750000000e-01 6.951124494099460982e-01
6.639404296875000000e-01 6.967010098892614245e-01
6.640625000000000000e-01 6.982861388405370295e-01
6.641845703125000000e-01 6.998678105907318869e-01
6.643066406250000000e-01 7.014459996496678063e-01
6.644287109375000000e-01 7.030206807113209555e-01
6.645507812500000000e-01 7.045918286550947318e-01
6.646728515625000000e-01 7.061594185470780882e-01
6.647949218750000000e-01 7.077234256412845426e-01
6.649169921875000000e-01 7.092838253808781968e-01
6.650390625000000000e-01 7.108405933993789949e-01
6.651611328125000000e-01 7.123937055218547698e-01
6.652832031250000000e-01 7.139431377660930833e-01
6.654052734375000000e-01 7.154888663437577456e-01
6.655273437500000000e-01 7.170308676615284593e-01
6.656494140625000000e-01 7.185691183222209233e-01
6.657714843750000000e-01 7.201035951258925039e-01
6.658935546875000000e-01 7.216342750709279219e-01
6.660156250000000000e-01 7.231611353551081756e-01
6.661376953125000000e-01 7.246841533766628096e-01
6.662597656250000000e-01 7.262033067353025340e-01
6.663818359375000000e-01 7.277185732332358548e-01
6.665039062500000000e-01 7.292299308761657217e-01
6.666259765625000000e-01 7.307373578742708542e-01
6.667480468750000000e-01 7.322408326431655290e-01
6.668701171875000000e-01 7.337403338048451573e-01
6.669921875000000000e-01 7.352358401886102124e-01
6.671142578125000000e-01 7.367273308319730596e-01
6.672363281250000000e-01 7.382147849815481333e-01
6.673583984375000000e-01 7.396981820939203534e-01
6.674804687500000000e-01 7.411775018364973322e-01
6.676025390625000000e-01 7.426527240883438186e-01
6.677246093750000000e-01 7.441238289409936035e-01
6.678466796875000000e-01 7.455907966992478819e-01
6.679687500000000000e-01 7.470536078819505210e-01
6.680908203125000000e-01 7.485122432227477862e-01
6.682128906250000000e-01 7.499666836708265283e-01
6.683349609375000000e-01 7.514169103916354953e-01
6.684570312500000000e-01 7.528629047675872155e-01
6.685791015625000000e-01 7.543046483987401185e-01
6.687011718750000000e-01 7.557421231034624487e-01
6.688232421875000000e-01 7.571753109190774156e-01
6.689453125000000000e-01 7.586041941024879165e-01
6.690673828125000000e-01 7.600287551307838285e-01
6.691894531250000000e-01 7.614489767018290944e-01
6.693115234375000000e-01 7.628648417348296018e-01
6.694335937500000000e-01 7.642763333708826323e-01
6.695556640625000000e-01 7.656834349735067713e-01
6.696777343750000000e-01 7.670861301291518330e-01
6.697998046875000000e-01 7.684844026476909118e-01
6.699218750000000000e-01 7.698782365628917823e-01
6.700439453125000000e-01 7.712676161328704261e-01
6.701660156250000000e-01 7.726525258405232410e-01
6.702880859375000000e-01 7.740329503939431532e-01
6.704101562500000000e-01 7.754088747268124138e-01
6.705322265625000000e-01 7.767802839987800745e-01
6.706542968750000000e-01 7.781471635958167044e-01
6.707763671875000000e-01 7.795094991305522303e-01
6.708984375000000000e-01 7.808672764425930168e-01
6.710205078125000000e-01 7.822204815988214044e-01
6.711425781250000000e-01 7.835691008936731539e-01
6.712646484375000000e-01 7.849131208493980161e-01
6.713867187500000000e-01 7.862525282163006501e-01
6.715087890625000000e-01 7.875873099729611138e-01
6.716308593750000000e-01 7.889174533264369238e-01
6.717529296875000000e-01 7.902429457124472423e-01
6.718750000000000000e-01 7.915637747955337478e-01
6.719970703125000000e-01 7.928799284692082949e-01
6.721191406250000000e-01 7.941913948560757053e-01
6.722412109375000000e-01 7.954981623079405706e-01
6.723632812500000000e-01 7.968002194058951826e-01
6.724853515625000000e-01 7.980975549603872565e-01
6.726074218750000000e-01 7.993901580112678928e-01
6.727294921875000000e-01 8.006780178278228854e-01
6.728515625000000000e-01 8.019611239087831578e-01
6.729736328125000000e-01 8.032394659823174354e-01
6.730957031250000000e-01 8.045130340060050456e-01
6.732177734375000000e-01 8.057818181667912860e-01
6.733398437500000000e-01 8.070458088809215891e-01
6.734619140625000000e-01 8.083049967938613634e-01
6.735839843750000000e-01 8.095593727801914108e-01
6.737060546875000000e-01 8.108089279434902430e-01
6.738281250000000000e-01 8.120536536161933050e-01
6.739501953125000000e-01 8.132935413594378771e-01
6.740722656250000000e-01 8.145285829628858831e-01
6.741943359375000000e-01 8.157587704445310450e-01
6.743164062500000000e-01 8.169840960504857197e-01
6.744384765625000000e-01 8.182045522547516381e-01
6.745605468750000000e-01 8.194201317589695499e-01
6.746826171875000000e-01 8.206308274921554347e-01
6.748046875000000000e-01 8.218366326104125097e-01
6.749267578125000000e-01 8.230375404966314701e-01
6.750488281250000000e-01 8.242335447601684129e-01
6.751708984375000000e-01 8.254246392365076623e-01
6.752929687500000000e-01 8.266108179869047223e-01
6.754150390625000000e-01 8.277920752980150176e-01
6.755371093750000000e-01 8.289684056815000979e-01
6.756591796875000000e-01 8.301398038736218510e-01
6.757812500000000000e-01 8.313062648348151784e-01
6.759033203125000000e-01 8.324677837492460153e-01
6.760253906250000000e-01 8.336243560243510320e-01
6.761474609375000000e-01 8.347759772903600162e-01
6.762695312500000000e-01 8.359226433998023786e-01
6.763916015625000000e-01 8.370643504269967838e-01
6.765136718750000000e-01 8.382010946675220175e-01
6.766357421875000000e-01 8.393328726376738658e-01
6.767578125000000000e-01 8.404596810739042301e-01
6.768798828125000000e-01 8.415815169322438116e-01
6.770019531250000000e-01 8.426983773877081418e-01
6.771240234375000000e-01 8.438102598336879590e-01
6.772460937500000000e-01 8.449171618813238194e-01
6.773681640625000000e-01 8.460190813588641667e-01
6.774902343750000000e-01 8.471160163110068586e-01
6.776123046875000000e-01 8.482079649982265934e-01
6.777343750000000000e-01 8.492949258960854619e-01
6.778564453125000000e-01 8.503768976945282887e-01
6.779785156250000000e-01 8.514538792971625414e-01
6.781005859375000000e-01 8.525258698205238073e-01
6.782226562500000000e-01 8.535928685933242832e-01
6.783447265625000000e-01 8.546548751556879431e-01
6.784667968750000000e-01 8.557118892583710501e-01
6.785888671875000000e-01 8.567639108619655719e-01
6.787109375000000000e-01 8.578109401360900499e-01
6.788330078125000000e-01 8.588529774585664800e-01
6.789550781250000000e-01 8.598900234145805399e-01
6.790771484375000000e-01 8.609220787958290488e-01
6.791992187500000000e-01 8.619491445996536605e-01
6.793212890625000000e-01 8.629712220281601232e-01
6.794433593750000000e-01 8.639883124873225517e-01
6.795654296875000000e-01 8.650004175860768196e-01
6.796875000000000000e-01 8.660075391353976304e-01
6.798095703125000000e-01 8.670096791473637099e-01
6.799316406250000000e-01 8.680068398342095648e-01
6.800537109375000000e-01 8.689990236073636964e-01
6.801757812500000000e-01 8.699862330764746021e-01
6.802978515625000000e-01 8.709684710484231207e-01
6.804199218750000000e-01 8.719457405263224548e-01
6.805419921875000000e-01 8.729180447085063133e-01
6.806640625000000000e-01 8.738853869875040647e-01
6.807861328125000000e-01 8.748477709490032339e-01
6.809082031250000000e-01 8.758052003708014510e-01
6.810302734375000000e-01 8.767576792217443016e-01
6.811523437500000000e-01 8.777052116606542942e-01
6.812744140625000000e-01 8.786478020352457285e-01
6.813964843750000000e-01 8.795854548810286833e-01
6.815185546875000000e-01 8.805181749202035668e-01
6.816406250000000000e-01 8.814459670605419017e-01
6.817626953125000000e-01 8.823688363942575608e-01
6.818847656250000000e-01 8.832867881968675672e-01
6.820068359375000000e-01 8.841998279260419036e-01
6.821289062500000000e-01 8.851079612204414415e-01
6.822509765625000000e-01 8.860111938985485436e-01
6.823730468750000000e-01 8.869095319574844538e-01
6.824951171875000000e-01 8.878029815718191387e-01
6.826171875000000000e-01 8.886915490923686933e-01
6.827392578125000000e-01 8.895752410449870862e-01
6.828613281250000000e-01 8.904540641293439140e-01
6.829833984375000000e-01 8.913280252176958296e-01
6.831054687500000000e-01 8.921971313536476433e-01
6.832275390625000000e-01 8.930613897509049881e-01
6.833496093750000000e-01 8.939208077920176576e-01
6.834716796875000000e-01 8.947753930271149514e-01
6.835937500000000000e-01 8.956251531726315829e-01
6.837158203125000000e-01 8.964700961100264820e-01
6.838378906250000000e-01 8.973102298844919389e-01
6.839599609375000000e-01 8.981455627036571965e-01
6.840820312500000000e-01 8.989761029362806077e-01
6.842041015625000000e-01 8.998018591109384623e-01
6.843261718750000000e-01 9.006228399147021557e-01
6.844482421875000000e-01 9.014390541918120281e-01
6.845703125000000000e-01 9.022505109423405445e-01
6.846923828125000000e-01 9.030572193208510345e-01
6.848144531250000000e-01 9.038591886350482163e-01
6.849365234375000000e-01 9.046564283444238352e-01
6.850585937500000000e-01 9.054489480588924222e-01
6.851806640625000000e-01 9.062367575374260520e-01
6.853027343750000000e-01 9.070198666866773340e-01
6.854248046875000000e-01 9.077982855596014033e-01
6.855468750000000000e-01 9.085720243540676977e-01
6.856689453125000000e-01 9.093410934114710686e-01
6.857910156250000000e-01 9.101055032153322344e-01
6.859130859375000000e-01 9.108652643898987877e-01
6.860351562500000000e-01 9.116203876987336585e-01
6.861572265625000000e-01 9.123708840433080169e-01
6.862792968750000000e-01 9.131167644615802992e-01
6.864013671875000000e-01 9.138580401265775643e-01
6.865234375000000000e-01 9.145947223449686359e-01
6.866455078125000000e-01 9.153268225556348003e-01
6.867675781250000000e-01 9.160543523282353995e-01
6.868896484375000000e-01 9.167773233617706463e-01
6.870117187500000000e-01 9.174957474831395565e-01
6.871337890625000000e-01 9.182096366456957703e-01
6.872558593750000000e-01 9.189190029277982674e-01
6.873779296875000000e-01 9.196238585313616376e-01
6.875000000000000000e-01 9.203242157803994683e-01
6.876220703125000000e-01 9.210200871195688421e-01
6.877441406250000000e-01 9.217114851127092834e-01
6.878662109375000000e-01 9.223984224413812605e-01
6.879882812500000000e-01 9.230809119034002475e-01
6.881103515625000000e-01 9.237589664113708965e-01
6.882324218750000000e-01 9.244325989912172137e-01
6.883544921875000000e-01 9.251018227807124017e-01
6.884765625000000000e-01 9.257666510280062599e-01
6.885986328125000000e-01 9.264270970901513635e-01
6.887207031250000000e-01 9.270831744316270218e-01
6.888427734375000000e-01 9.277348966228642357e-01
6.889648437500000000e-01 9.283822773387662153e-01
6.890869140625000000e-01 9.290253303572328925e-01
6.892089843750000000e-01 9.296640695576785518e-01
6.893310546875000000e-01 9.302985089195552337e-01
6.894531250000000000e-01 9.309286625208710308e-01
6.895751953125000000e-01 9.315545445367108268e-01
6.896972656250000000e-01 9.321761692377561470e-01
6.898193359375000000e-01 9.327935509888040100e-01
6.899414062500000000e-01 9.334067042472884435e-01
6.900634765625000000e-01 9.340156435618012232e-01
6.901855468750000000e-01 9.346203835706113905e-01
6.903076171875000000e-01 9.352209390001893219e-01
6.904296875000000000e-01 9.358173246637273568e-01
6.905517578125000000e-01 9.364095554596664206e-01
6.906738281250000000e-01 9.369976463702185399e-01
6.907958984375000000e-01 9.375816124598940204e-01
6.909179687500000000e-01 9.381614688740300689e-01
6.910400390625000000e-01 9.387372308373194141e-01
6.911621093750000000e-01 9.393089136523423699e-01
6.912841796875000000e-01 9.398765326980991208e-01
6.914062500000000000e-01 9.404401034285458927e-01
6.915283203125000000e-01 9.409996413711323449e-01
6.916503906250000000e-01 9.415551621253408499e-01
6.917724609375000000e-01 9.421066813612299917e-01
6.918945312500000000e-01 9.426542148179781755e-01
6.920166015625000000e-01 9.431977783024333428e-01
6.921386718750000000e-01 9.437373876876622436e-01
6.922607421875000000e-01 9.442730589115049256e-01
6.923828125000000000e-01 9.448048079751314443e-01
6.925048828125000000e-01 9.453326509416031254e-01
6.926269531250000000e-01 9.458566039344351584e-01
6.927490234375000000e-01 9.463766831361659637e-01
6.928710937500000000e-01 9.468929047869261151e-01
6.929931640625000000e-01 9.474052851830154776e-01
6.931152343750000000e-01 9.479138406754807900e-01
6.932373046875000000e-01 9.484185876687003525e-01
6.933593750000000000e-01 9.489195426189707128e-01
6.934814453125000000e-01 9.494167220330984591e-01
6.936035156250000000e-01 9.499101424669974536e-01
6.937255859375000000e-01 9.503998205242885078e-01
6.938476562500000000e-01 9.508857728549068300e-01
6.939697265625000000e-01 9.513680161537118041e-01
6.940917968750000000e-01 9.518465671591025412e-01
6.942138671875000000e-01 9.523214426516390940e-01
6.943359375000000000e-01 9.527926594526682225e-01
6.944580078125000000e-01 9.532602344229557101e-01
6.945800781250000000e-01 9.537241844613217889e-01
6.947021484375000000e-01 9.541845265032841139e-01
6.948242187500000000e-01 9.546412775197063993e-01
6.949462890625000000e-01 9.550944545154522736e-01
6.950683593750000000e-01 9.555440745280441295e-01
6.951904296875000000e-01 9.559901546263299688e-01
6.953125000000000000e-01 9.564327119091551310e-01
6.954345703125000000e-01 9.568717635040403513e-01
6.955566406250000000e-01 9.573073265658661457e-01
6.956787109375000000e-01 9.577394182755643026e-01
6.958007812500000000e-01 9.581680558388143698e-01
6.959228515625000000e-01 9.585932564847490234e-01
6.960449218750000000e-01 9.590150374646637665e-01
6.961669921875000000e-01 9.594334160507356213e-01
6.962890625000000000e-01 9.598484095347460388e-01
6.964111328125000000e-01 9.602600352268146899e-01
6.965332031250000000e-01 9.606683104541361429e-01
6.966552734375000000e-01 9.610732525597271980e-01
6.967773437500000000e-01 9.614748789011788865e-01
6.968994140625000000e-01 9.618732068494175724e-01
6.970214843750000000e-01 9.622682537874727160e-01
6.971435546875000000e-01 9.626600371092526309e-01
6.972656250000000000e-01 9.630485742183269027e-01
6.973876953125000000e-01 9.634338825267179107e-01
6.975097656250000000e-01 9.638159794536984570e-01
6.976318359375000000e-01 9.641948824246002747e-01
6.977539062500000000e-01 9.645706088696248681e-01
6.978759765625000000e-01 9.649431762226695630e-01
6.979980468750000000e-01 9.653126019201550001e-01
6.981201171875000000e-01 9.656789033998656180e-01
6.982421875000000000e-01 9.660420980997952434e-01
6.983642578125000000e-01 9.664022034570027841e-01
6.984863281250000000e-01 9.667592369064761382e-01
6.986083984375000000e-01 9.671132158800020973e-01
6.987304687500000000e-01 9.674641578050486856e-01
6.988525390625000000e-01 9.678120801036536047e-01
6.989746093750000000e-01 9.681570001913202272e-01
6.990966796875000000e-01 9.684989354759265812e-01
6.992187500000000000e-01 9.688379033566361098e-01
6.993408203125000000e-01 9.691739212228265288e-01
6.994628906250000000e-01 9.695070064530170173e-01
6.995849609375000000e-01 9.698371764138131734e-01
6.997070312500000000e-01 9.701644484588558548e-01
6.998291015625000000e-01 9.704888399277807887e-01
6.999511718750000000e-01 9.708103681451867306e-01
7.000732421875000000e-01 9.711290504196131712e-01
7.001953125000000000e-01 9.714449040425259252e-01
7.003173828125000000e-01 9.717579462873149332e-01
7.004394531250000000e-01 9.720681944082962822e-01
7.005615234375000000e-01 9.723756656397289921e-01
7.006835937500000000e-01 9.726803771948369093e-01
7.008056640625000000e-01 9.729823462648420351e-01
7.009277343750000000e-01 9.732815900180066260e-01
7.010498046875000000e-01 9.735781255986852845e-01
7.011718750000000000e-01 9.738719701263844897e-01
7.012939453125000000e-01 9.741631406948355609e-01
7.014160156250000000e-01 9.744516543710718404e-01
7.015380859375000000e-01 9.747375281945207526e-01
7.016601562500000000e-01 9.750207791761007492e-01
7.017822265625000000e-01 9.753014242973316872e-01
7.019042968750000000e-01 9.755794805094519795e-01
7.020263671875000000e-01 9.758549647325478471e-01
7.021484375000000000e-01 9.761278938546884554e-01
7.022705078125000000e-01 9.763982847310761493e-01
7.023925781250000000e-01 9.766661541832013516e-01
7.025146484375000000e-01 9.769315189980098957e-01
7.026367187500000000e-01 9.771943959270794622e-01
7.027587890625000000e-01 9.774548016858055632e-01
7.028808593750000000e-01 9.777127529525975191e-01
7.030029296875000000e-01 9.779682663680843158e-01
7.031250000000000000e-01 9.782213585343291218e-01
7.032470703125000000e-01 9.784720460140564624e-01
7.033691406250000000e-01 9.787203453298847222e-01
7.034912109375000000e-01 9.789662729635733029e-01
7.036132812500000000e-01 9.792098453552755544e-01
7.037353515625000000e-01 9.794510789028043618e-01
7.038574218750000000e-01 9.796899899609059492e-01
7.039794921875000000e-01 9.799265948405438964e-01
7.041015625000000000e-01 9.801609098081927041e-01
7.042236328125000000e-01 9.803929510851429052e-01
7.043457031250000000e-01 9.806227348468129490e-01
7.044677734375000000e-01 9.808502772220738519e-01
7.045898437500000000e-01 9.810755942925808437e-01
7.047119140625000000e-01 9.812987020921181136e-01
7.048339843750000000e-01 9.815196166059498850e-01
7.049560546875000000e-01 9.817383537701845908e-01
7.050781250000000000e-01 9.819549294711452658e-01
7.052001953125000000e-01 9.821693595447531511e-01
7.053222656250000000e-01 9.823816597759186253e-01
7.054443359375000000e-01 9.825918458979436831e-01
7.055664062500000000e-01 9.827999335919314072e-01
7.056884765625000000e-01 9.830059384862088745e-01
7.058105468750000000e-01 9.832098761557559463e-01
7.059326171875000000e-01 9.834117621216478256e-01
7.060546875000000000e-01 9.836116118505022765e-01
7.061767578125000000e-01 9.838094407539414998e-01
7.062988281250000000e-01 9.840052641880596696e-01
7.064208984375000000e-01 9.841990974529032377e-01
7.065429687500000000e-01 9.843909557919572340e-01
7.066650390625000000e-01 9.845808543916451105e-01
7.067871093750000000e-01 9.847688083808343595e-01
7.069091796875000000e-01 9.849548328303550093e-01
7.070312500000000000e-01 9.851389427525241160e-01
7.071533203125000000e-01 9.853211531006826895e-01
7.072753906250000000e-01 9.855014787687401689e-01
7.073974609375000000e-01 9.856799345907297782e-01
7.075195312500000000e-01 9.858565353403698772e-01
7.076416015625000000e-01 9.860312957306407444e-01
7.077636718750000000e-01 9.862042304133629145e-01
7.078857421875000000e-01 9.863753539787916136e-01
7.080078125000000000e-01 9.865446809552158580e-01
7.081298828125000000e-01 9.867122258085692099e-01
7.082519531250000000e-01 9.868780029420480826e-01
7.083740234375000000e-01 9.870420266957403710e-01
7.084960937500000000e-01 9.872043113462616315e-01
7.086181640625000000e-01 9.873648711064025862e-01
7.087402343750000000e-01 9.875237201247819563e-01
7.088623046875000000e-01 9.876808724855130617e-01
7.089843750000000000e-01 9.878363422078737521e-01
7.091064453125000000e-01 9.879901432459911037e-01
7.092285156250000000e-01 9.881422894885285579e-01
7.093505859375000000e-01 9.882927947583877160e-01
7.094726562500000000e-01 9.884416728124139073e-01
7.095947265625000000e-01 9.885889373411151926e-01
7.097167968750000000e-01 9.887346019683844744e-01
7.098388671875000000e-01 9.888786802512354868e-01
7.099609375000000000e-01 9.890211856795423362e-01
7.100830078125000000e-01 9.891621316757934768e-01
7.102050781250000000e-01 9.893015315948469057e-01
7.103271484375000000e-01 9.894393987237000143e-01
7.104492187500000000e-01 9.895757462812631022e-01
7.105712890625000000e-01 9.897105874181448826e-01
7.106933593750000000e-01 9.898439352164427607e-01
7.108154296875000000e-01 9.899758026895449925e-01
7.109375000000000000e-01 9.901062027819356182e-01
7.110595703125000000e-01 9.902351483690139400e-01
7.111816406250000000e-01 9.903626522569159984e-01
7.113037109375000000e-01 9.904887271823482608e-01
7.114257812500000000e-01 9.906133858124259728e-01
7.115478515625000000e-01 9.907366407445228340e-01
7.116699218750000000e-01 9.908585045061232277e-01
7.117919921875000000e-01 9.909789895546887717e-01
7.119140625000000000e-01 9.910981082775260909e-01
7.120361328125000000e-01 9.912158729916663580e-01
7.121582031250000000e-01 9.913322959437507187e-01
7.122802734375000000e-01 9.914473893099233770e-01
7.124023437500000000e-01 9.915611651957318973e-01
7.125244140625000000e-01 9.916736356360357219e-01
7.126464843750000000e-01 9.917848125949189075e-01
7.127685546875000000e-01 9.918947079656159627e-01
7.128906250000000000e-01 9.920033335704379063e-01
7.130126953125000000e-01 9.921107011607103177e-01
7.131347656250000000e-01 9.922168224167162709e-01
7.132568359375000000e-01 9.923217089476467079e-01
7.133789062500000000e-01 9.924253722915574727e-01
7.135009765625000000e-01 9.925278239153337845e-01
7.136230468750000000e-01 9.926290752146604834e-01
7.137451171875000000e-01 9.927291375139992713e-01
7.138671875000000000e-01 9.928280220665728351e-01
7.139892578125000000e-01 9.929257400543562984e-01
7.141113281250000000e-01 9.930223025880726695e-01
7.142333984375000000e-01 9.931177207071977264e-01
7.143554687500000000e-01 9.932120053799686765e-01
7.144775390625000000e-01 9.933051675034010319e-01
7.145996093750000000e-01 9.933972179033100369e-01
7.147216796875000000e-01 9.934881673343400887e-01
7.148437500000000000e-01 9.935780264799980444e-01
7.149658203125000000e-01 9.936668059526951868e-01
7.150878906250000000e-01 9.937545162937919674e-01
7.152099609375000000e-01 9.938411679736518511e-01
7.153320312500000000e-01 9.939267713916983826e-01
7.154541015625000000e-01 9.940113368764793567e-01
7.155761718750000000e-01 9.940948746857364293e-01
7.156982421875000000e-01 9.941773950064802801e-01
7.158203125000000000e-01 9.942589079550706588e-01
7.159423828125000000e-01 9.943394235773035383e-01
7.160644531250000000e-01 9.944189518485018198e-01
7.161865234375000000e-01 9.944975026736126988e-01
7.163085937500000000e-01 9.945750858873090294e-01
7.164306640625000000e-01 9.946517112540970151e-01
7.165527343750000000e-01 9.947273884684288969e-01
7.166748046875000000e-01 9.948021271548206368e-01
7.167968750000000000e-01 9.948759368679728210e-01
7.169189453125000000e-01 9.949488270929000011e-01
7.170410156250000000e-01 9.950208072450610342e-01
7.171630859375000000e-01 9.950918866704980825e-01
7.172851562500000000e-01 9.951620746459759470e-01
7.174072265625000000e-01 9.952313803791308366e-01
7.175292968750000000e-01 9.952998130086195827e-01
7.176513671875000000e-01 9.953673816042752920e-01
7.177734375000000000e-01 9.954340951672671078e-01
7.178955078125000000e-01 9.954999626302661886e-01
7.180175781250000000e-01 9.955649928576113528e-01
7.181396484375000000e-01 9.956291946454833841e-01
7.182617187500000000e-01 9.956925767220821122e-01
7.183837890625000000e-01 9.957551477478071567e-01
7.185058593750000000e-01 9.958169163154420023e-01
7.186279296875000000e-01 9.958778909503445131e-01
7.187500000000000000e-01 9.959380801106385572e-01
7.188720703125000000e-01 9.959974921874118481e-01
7.189941406250000000e-01 9.960561355049146748e-01
7.191162109375000000e-01 9.961140183207661813e-01
7.192382812500000000e-01 9.961711488261599801e-01
7.193603515625000000e-01 9.962275351460772033e-01
7.194824218750000000e-01 9.962831853395003323e-01
7.196044921875000000e-01 9.963381073996318005e-01
7.197265625000000000e-01 9.963923092541150384e-01
7.198486328125000000e-01 9.964457987652601823e-01
7.199707031250000000e-01 9.964985837302720029e-01
7.200927734375000000e-01 9.965506718814802767e-01
7.202148437500000000e-01 9.966020708865752642e-01
7.203369140625000000e-01 9.966527883488440764e-01
7.204589843750000000e-01 9.967028318074122595e-01
7.205810546875000000e-01 9.967522087374862672e-01
7.207031250000000000e-01 9.968009265505990424e-01
7.208251953125000000e-01 9.968489925948604835e-01
7.209472656250000000e-01 9.968964141552070224e-01
7.210693359375000000e-01 9.969431984536583080e-01
7.211914062500000000e-01 9.969893526495710034e-01
7.213134765625000000e-01 9.970348838399012426e-01
7.214355468750000000e-01 9.970797990594642002e-01
7.215576171875000000e-01 9.971241052811988803e-01
7.216796875000000000e-01 9.971678094164355688e-01
7.218017578125000000e-01 9.972109183151638412e-01
7.219238281250000000e-01 9.972534387663032351e-01
7.220458984375000000e-01 9.972953774979771424e-01
7.221679687500000000e-01 9.973367411777884772e-01
7.222900390625000000e-01 9.973775364130958998e-01
7.224121093750000000e-01 9.974177697512935925e-01
7.225341796875000000e-01 9.974574476800930345e-01
7.226562500000000000e-01 9.974965766278049983e-01
7.227783203125000000e-01 9.975351629636262096e-01
7.229003906250000000e-01 9.975732129979234530e-01
7.230224609375000000e-01 9.976107329825247838e-01
7.231445312500000000e-01 9.976477291110066314e-01
7.232666015625000000e-01 9.976842075189874537e-01
7.233886718750000000e-01 9.977201742844200583e-01
7.235107421875000000e-01 9.977556354278860340e-01
7.236328125000000000e-01 9.977905969128912922e-01
7.237548828125000000e-01 9.978250646461643836e-01
7.238769531250000000e-01 9.978590444779538160e-01
7.239990234375000000e-01 9.978925422023288139e-01
7.241210937500000000e-01 9.979255635574795225e-01
7.242431640625000000e-01 9.979581142260207649e-01
7.243652343750000000e-01 9.979901998352918024e-01
7.244873046875000000e-01 9.980218259576647544e-01
7.246093750000000000e-01 9.980529981108470228e-01
7.247314453125000000e-01 9.980837217581883802e-01
7.248535156250000000e-01 9.981140023089873914e-01
7.249755859375000000e-01 9.981438451188003880e-01
7.250976562500000000e-01 9.981732554897486676e-01
7.252197265625000000e-01 9.982022386708289119e-01
7.253417968750000000e-01 9.982307998582223840e-01
7.254638671875000000e-01 9.982589441956065679e-01
7.255859375000000000e-01 9.982866767744649206e-01
7.257080078125000000e-01 9.983140026343999551e-01
7.258300781250000000e-01 9.983409267634449913e-01
7.259521484375000000e-01 9.983674540983763501e-01
7.260742187500000000e-01 9.983935895250267700e-01
7.261962890625000000e-01 9.984193378785988227e-01
7.263183593750000000e-01 9.984447039439785510e-01
7.264404296875000000e-01 9.984696924560498843e-01
7.265625000000000000e-01 9.984943081000068332e-01
7.266845703125000000e-01 9.985185555116706801e-01
7.268066406250000000e-01 9.985424392778019520e-01
7.269287109375000000e-01 9.985659639364161677e-01
7.270507812500000000e-01 9.985891339770976982e-01
7.271728515625000000e-01 9.986119538413152918e-01
7.272949218750000000e-01 9.986344279227346021e-01
7.274169921875000000e-01 9.986565605675349344e-01
7.275390625000000000e-01 9.986783560747212185e-01
7.276611328125000000e-01 9.986998186964397561e-01
7.277832031250000000e-01 9.987209526382914149e-01
7.279052734375000000e-01 9.987417620596446000e-01
7.280273437500000000e-01 9.987622510739497805e-01
7.281494140625000000e-01 9.987824237490512402e-01
7.282714843750000000e-01 9.988022841075000491e-01
7.283935546875000000e-01 9.988218361268670353e-01
7.285156250000000000e-01 9.988410837400527598e-01
7.286376953125000000e-01 9.988600308356012647e-01
7.287597656250000000e-01 9.988786812580074947e-01
7.288818359375000000e-01 9.988970388080309348e-01
7.290039062500000000e-01 9.989151072430024758e-01
7.291259765625000000e-01 9.989328902771352769e-01
7.292480468750000000e-01 9.989503915818314095e-01
7.293701171875000000e-01 9.989676147859908317e-01
7.294921875000000000e-01 9.989845634763174775e-01
7.296142578125000000e-01 9.990012411976258999e-01
7.297363281250000000e-01 9.990176514531459162e-01
7.298583984375000000e-01 9.990337977048281415e-01
7.299804687500000000e-01 9.990496833736460802e-01
7.301025390625000000e-01 9.990653118399007715e-01
7.302246093750000000e-01 9.990806864435212153e-01
7.303466796875000000e-01 9.990958104843660204e-01
7.304687500000000000e-01 9.991106872225228308e-01
7.305908203125000000e-01 9.991253198786080869e-01
7.307128906250000000e-01 9.991397116340636764e-01
7.308349609375000000e-01 9.991538656314551403e-01
7.309570312500000000e-01 9.991677849747661044e-01
7.310791015625000000e-01 9.991814727296942644e-01
7.312011718750000000e-01 9.991949319239438188e-01
7.313232421875000000e-01 9.992081655475179014e-01
7.314453125000000000e-01 9.992211765530104595e-01
7.315673828125000000e-01 9.992339678558955773e-01
7.316894531250000000e-01 9.992465423348160236e-01
7.318115234375000000e-01 9.992589028318709099e-01
7.319335937500000000e-01 9.992710521529021284e-01
7.320556640625000000e-01 9.992829930677780137e-01
7.321777343750000000e-01 9.992947283106783374e-01
7.322998046875000000e-01 9.993062605803750831e-01
7.324218750000000000e-01 9.993175925405133331e-01
7.325439453125000000e-01 9.993287268198915996e-01
7.326660156250000000e-01 9.993396660127383813e-01
7.327880859375000000e-01 9.993504126789889419e-01
7.329101562500000000e-01 9.993609693445607567e-01
7.330322265625000000e-01 9.993713385016265160e-01
7.331542968750000000e-01 9.993815226088855752e-01
7.332763671875000000e-01 9.993915240918358478e-01
7.333984375000000000e-01 9.994013453430401484e-01
7.335205078125000000e-01 9.994109887223965316e-01
7.336425781250000000e-01 9.994204565574013044e-01
7.337646484375000000e-01 9.994297511434144798e-01
7.338867187500000000e-01 9.994388747439222342e-01
7.340087890625000000e-01 9.994478295907966992e-01
7.341308593750000000e-01 9.994566178845563087e-01
7.342529296875000000e-01 9.994652417946229273e-01
7.343750000000000000e-01 9.994737034595765346e-01
7.344970703125000000e-01 9.994820049874112433e-01
7.346191406250000000e-01 9.994901484557858762e-01
7.347412109375000000e-01 9.994981359122756537e-01
7.348632812500000000e-01 9.995059693746206619e-01
7.349853515625000000e-01 9.995136508309732104e-01
7.351074218750000000e-01 9.995211822401423030e-01
7.352294921875000000e-01 9.995285655318386642e-01
7.353515625000000000e-01 9.995358026069143254e-01
7.354736328125000000e-01 9.995428953376057635e-01
7.355957031250000000e-01 9.995498455677678251e-01
7.357177734375000000e-01 9.995566551131136457e-01
7.358398437500000000e-01 9.995633257614469080e-01
7.359619140625000000e-01 9.995698592728949894e-01
7.360839843750000000e-01 9.995762573801392215e-01
7.362060546875000000e-01 9.995825217886449288e-01
7.363281250000000000e-01 9.995886541768862488e-01
7.364501953125000000e-01 9.995946561965727284e-01
7.365722656250000000e-01 9.996005294728713686e-01
7.366943359375000000e-01 9.996062756046282249e-01
7.368164062500000000e-01 9.996118961645874545e-01
7.369384765625000000e-01 9.996173926996083647e-01
7.370605468750000000e-01 9.996227667308805742e-01
7.371826171875000000e-01 9.996280197541382861e-01
7.373046875000000000e-01 9.996331532398697872e-01
7.374267578125000000e-01 9.996381686335286121e-01
7.375488281250000000e-01 9.996430673557398228e-01
7.376708984375000000e-01 9.996478508025056220e-01
7.377929687500000000e-01 9.996525203454089681e-01
7.379150390625000000e-01 9.996570773318145253e-01
7.380371093750000000e-01 9.996615230850682821e-01
7.381591796875000000e-01 9.996658589046949484e-01
7.382812500000000000e-01 9.996700860665930222e-01
7.384033203125000000e-01 9.996742058232286343e-01
7.385253906250000000e-01 9.996782194038256186e-01
7.386474609375000000e-01 9.996821280145563593e-01
7.387695312500000000e-01 9.996859328387273091e-01
7.388916015625000000e-01 9.996896350369652851e-01
7.390136718750000000e-01 9.996932357474002107e-01
7.391357421875000000e-01 9.996967360858460827e-01
7.392578125000000000e-01 9.997001371459790509e-01
7.393798828125000000e-01 9.997034399995170517e-01
7.395019531250000000e-01 9.997066456963906722e-01
7.396240234375000000e-01 9.997097552649194530e-01
7.397460937500000000e-01 9.997127697119803091e-01
7.398681640625000000e-01 9.997156900231776167e-01
7.399902343750000000e-01 9.997185171630086353e-01
7.401123046875000000e-01 9.997212520750287101e-01
7.402343750000000000e-01 9.997238956820130307e-01
7.403564453125000000e-01 9.997264488861181686e-01
7.404785156250000000e-01 9.997289125690381750e-01
7.406005859375000000e-01 9.997312875921631203e-01
7.407226562500000000e-01 9.997335747967313058e-01
7.408447265625000000e-01 9.997357750039824742e-01
7.409667968750000000e-01 9.997378890153068021e-01
7.410888671875000000e-01 9.997399176123930031e-01
7.412109375000000000e-01 9.997418615573739897e-01
7.413330078125000000e-01 9.997437215929716459e-01
7.414550781250000000e-01 9.997454984426356051e-01
7.415771484375000000e-01 9.997471928106858030e-01
7.416992187500000000e-01 9.997488053824478138e-01
7.418212890625000000e-01 9.997503368243891853e-01
7.419433593750000000e-01 9.997517877842514444e-01
7.420654296875000000e-01 9.997531588911832134e-01
7.421875000000000000e-01 9.997544507558666638e-01
7.423095703125000000e-01 9.997556639706468573e-01
7.424316406250000000e-01 9.997567991096549811e-01
7.425537109375000000e-01 9.997578567289320262e-01
7.426757812500000000e-01 9.997588373665489136e-01
7.427978515625000000e-01 9.997597415427261769e-01
7.429199218750000000e-01 9.997605697599486474e-01
7.430419921875000000e-01 9.997613225030823614e-01
7.431640625000000000e-01 9.997620002394844718e-01
7.432861328125000000e-01 9.997626034191158251e-01
7.434082031250000000e-01 9.997631324746478754e-01
7.435302734375000000e-01 9.997635878215695993e-01
7.436523437500000000e-01 9.997639698582913015e-01
7.437744140625000000e-01 9.997642789662468665e-01
7.438964843750000000e-01 9.997645155099936787e-01
7.440185546875000000e-01 9.997646798373115429e-01
7.441406250000000000e-01 9.997647722792972758e-01
7.442626953125000000e-01 9.997647931504599628e-01
7.443847656250000000e-01 9.997647427488116634e-01
7.445068359375000000e-01 9.997646213559582273e-01
7.446289062500000000e-01 9.997644292371864472e-01
7.447509765625000000e-01 9.997641666415510997e-01
7.448730468750000000e-01 9.997638338019568804e-01
7.449951171875000000e-01 9.997634309352418924e-01
7.451171875000000000e-01 9.997629582422559169e-01
7.452392578125000000e-01 9.997624159079399053e-01
7.453613281250000000e-01 9.997618041014002532e-01
7.454833984375000000e-01 9.997611229759828522e-01
7.456054687500000000e-01 9.997603726693453652e-01
7.457275390625000000e-01 9.997595533035268378e-01
7.458496093750000000e-01 9.997586649850144225e-01
7.459716796875000000e-01 9.997577078048113242e-01
7.460937500000000000e-01 9.997566818384979737e-01
7.462158203125000000e-01 9.997555871462966426e-01
7.463378906250000000e-01 9.997544237731279537e-01
7.464599609375000000e-01 9.997531917486730535e-01
7.465820312500000000e-01 9.997518910874247933e-01
7.467041015625000000e-01 9.997505217887460160e-01
7.468261718750000000e-01 9.997490838369182953e-01
7.469482421875000000e-01 9.997475772011945594e-01
7.470703125000000000e-01 9.997460018358450551e-01
7.471923828125000000e-01 9.997443576802054199e-01
7.473144531250000000e-01 9.997426446587196480e-01
7.474365234375000000e-01 9.997408626809834997e-01
7.475585937500000000e-01 9.997390116417839145e-01
7.476806640625000000e-01 9.997370914211387571e-01
7.478027343750000000e-01 9.997351018843321224e-01
7.479248046875000000e-01 9.997330428819504178e-01
7.480468750000000000e-01 9.997309142499137824e-01
7.481689453125000000e-01 9.997287158095089499e-01
7.482910156250000000e-01 9.997264473674156715e-01
7.484130859375000000e-01 9.997241087157369144e-01
7.485351562500000000e-01 9.997216996320219540e-01
7.486572265625000000e-01 9.997192198792912432e-01
7.487792968750000000e-01 9.997166692060561743e-01
7.489013671875000000e-01 9.997140473463416166e-01
7.490234375000000000e-01 9.997113540197011261e-01
7.491455078125000000e-01 9.997085889312350426e-01
7.492675781250000000e-01 9.997057517716032571e-01
7.493896484375000000e-01 9.997028422170382012e-01
7.495117187500000000e-01 9.996998599293558385e-01
7.496337890625000000e-01 9.996968045559642135e-01
7.497558593750000000e-01 9.996936757298691134e-01
7.498779296875000000e-01 9.996904730696825059e-01
7.500000000000000000e-01 9.996871961796212069e-01
7.501220703125000000e-01 9.996838446495130981e-01
7.502441406250000000e-01 9.996804180547935736e-01
7.503662109375000000e-01 9.996769159565055407e-01
7.504882812500000000e-01 9.996733379012943121e-01
7.506103515625000000e-01 9.996696834214034988e-01
7.507324218750000000e-01 9.996659520346660166e-01
7.508544921875000000e-01 9.996621432444965372e-01
7.509765625000000000e-01 9.996582565398798303e-01
7.510986328125000000e-01 9.996542913953587739e-01
7.512207031250000000e-01 9.996502472710191434e-01
7.513427734375000000e-01 9.996461236124756233e-01
7.514648437500000000e-01 9.996419198508517123e-01
7.515869140625000000e-01 9.996376354027615152e-01
7.517089843750000000e-01 9.996332696702885379e-01
7.518310546875000000e-01 9.996288220409635938e-01
7.519531250000000000e-01 9.996242918877381589e-01
7.520751953125000000e-01 9.996196785689605013e-01
7.521972656250000000e-01 9.996149814283463719e-01
7.523193359375000000e-01 9.996101997949501383e-01
7.524414062500000000e-01 9.996053329831329215e-01
7.525634765625000000e-01 9.996003802925305104e-01
7.526855468750000000e-01 9.995953410080177237e-01
7.528076171875000000e-01 9.995902143996735489e-01
7.529296875000000000e-01 9.995849997227420625e-01
7.530517578125000000e-01 9.995796962175940159e-01
7.531738281250000000e-01 9.995743031096846476e-01
7.532958984375000000e-01 9.995688196095120492e-01
7.534179687500000000e-01 9.995632449125720909e-01
7.535400390625000000e-01 9.995575781993129016e-01
7.536621093750000000e-01 9.995518186350869083e-01
7.537841796875000000e-01 9.995459653701019853e-01
7.539062500000000000e-01 9.995400175393711617e-01
7.540283203125000000e-01 9.995339742626589974e-01
7.541503906250000000e-01 9.995278346444291806e-01
7.542724609375000000e-01 9.995215977737885726e-01
7.543945312500000000e-01 9.995152627244296983e-01
7.545166015625000000e-01 9.995088285545725704e-01
7.546386718750000000e-01 9.995022943069051813e-01
7.547607421875000000e-01 9.994956590085206649e-01
7.548828125000000000e-01 9.994889216708549018e-01
7.550048828125000000e-01 9.994820812896221263e-01
7.551269531250000000e-01 9.994751368447474249e-01
7.552490234375000000e-01 9.994680873003007893e-01
7.553710937500000000e-01 9.994609316044262837e-01
7.554931640625000000e-01 9.994536686892724342e-01
7.556152343750000000e-01 9.994462974709188430e-01
7.557373046875000000e-01 9.994388168493038016e-01
7.558593750000000000e-01 9.994312257081481299e-01
7.559814453125000000e-01 9.994235229148795696e-01
7.561035156250000000e-01 9.994157073205531816e-01
7.562255859375000000e-01 9.994077777597727419e-01
7.563476562500000000e-01 9.993997330506099175e-01
7.564697265625000000e-01 9.993915719945212217e-01
7.565917968750000000e-01 9.993832933762643034e-01
7.567138671875000000e-01 9.993748959638130147e-01
7.568359375000000000e-01 9.993663785082698148e-01
7.569580078125000000e-01 9.993577397437785059e-01
7.570800781250000000e-01 9.993489783874340837e-01
7.572021484375000000e-01 9.993400931391924757e-01
7.573242187500000000e-01 9.993310826817771719e-01
7.574462890625000000e-01 9.993219456805864098e-01
7.575683593750000000e-01 9.993126807835972514e-01
7.576904296875000000e-01 9.993032866212705478e-01
7.578125000000000000e-01 9.992937618064506866e-01
7.579345703125000000e-01 9.992841049342693349e-01
7.580566406250000000e-01 9.992743145820421891e-01
7.581787109375000000e-01 9.992643893091692764e-01
7.583007812500000000e-01 9.992543276570298172e-01
7.584228515625000000e-01 9.992441281488797511e-01
7.585449218750000000e-01 9.992337892897437124e-01
7.586669921875000000e-01 9.992233095663101139e-01
7.587890625000000000e-01 9.992126874468204578e-01
7.589111328125000000e-01 9.992019213809613110e-01
7.590332031250000000e-01 9.991910097997525053e-01
7.591552734375000000e-01 9.991799511154351165e-01
7.592773437500000000e-01 9.991687437213574441e-01
7.593994140625000000e-01 9.991573859918605471e-01
7.595214843750000000e-01 9.991458762821621153e-01
7.596435546875000000e-01 9.991342129282390072e-01
7.597656250000000000e-01 9.991223942467089003e-01
7.598876953125000000e-01 9.991104185347099431e-01
7.600097656250000000e-01 9.990982840697802958e-01
7.601318359375000000e-01 9.990859891097361167e-01
7.602539062500000000e-01 9.990735318925465513e-01
7.603759765625000000e-01 9.990609106362113856e-01
7.604980468750000000e-01 9.990481235386334813e-01
7.606201171875000000e-01 9.990351687774923217e-01
7.607421875000000000e-01 9.990220445101157809e-01
7.608642578125000000e-01 9.990087488733511156e-01
7.609863281250000000e-01 9.989952799834338482e-01
7.611083984375000000e-01 9.989816359358567599e-01
7.612304687500000000e-01 9.989678148052359985e-01
7.613525390625000000e-01 9.989538146451790723e-01
7.614746093750000000e-01 9.989396334881477379e-01
7.615966796875000000e-01 9.989252693453233301e-01
7.617187500000000000e-01 9.989107202064685387e-01
7.618408203125000000e-01 9.988959840397902967e-01
7.619628906250000000e-01 9.988810587917984485e-01
7.620849609375000000e-01 9.988659423871674159e-01
7.622070312500000000e-01 9.988506327285927577e-01
7.623291015625000000e-01 9.988351276966502823e-01
7.624511718750000000e-01 9.988194251496507192e-01
7.625732421875000000e-01 9.988035229234961676e-01
7.626953125000000000e-01 9.987874188315336577e-01
7.628173828125000000e-01 9.987711106644094894e-01
7.629394531250000000e-01 9.987545961899200186e-01
7.630615234375000000e-01 9.987378731528637754e-01
7.631835937500000000e-01 9.987209392748920278e-01
7.633056640625000000e-01 9.987037922543571256e-01
7.634277343750000000e-01 9.986864297661612877e-01
7.635498046875000000e-01 9.986688494616045020e-01
7.636718750000000000e-01 9.986510489682298708e-01
7.637939453125000000e-01 9.986330258896700673e-01
7.639160156250000000e-01 9.986147778054911273e-01
7.640380859375000000e-01 9.985963022710366843e-01
7.641601562500000000e-01 9.985775968172703188e-01
7.642822265625000000e-01 9.985586589506174615e-01
7.644042968750000000e-01 9.985394861528062993e-01
7.645263671875000000e-01 9.985200758807086796e-01
7.646484375000000000e-01 9.985004255661773520e-01
7.647705078125000000e-01 9.984805326158865402e-01
7.648925781250000000e-01 9.984603944111681839e-01
7.650146484375000000e-01 9.984400083078491805e-01
7.651367187500000000e-01 9.984193716360867388e-01
7.652587890625000000e-01 9.983984817002041767e-01
7.653808593750000000e-01 9.983773357785241664e-01
7.655029296875000000e-01 9.983559311232037548e-01
7.656250000000000000e-01 9.983342649600657204e-01
7.657470703125000000e-01 9.983123344884312633e-01
7.658691406250000000e-01 9.982901368809509179e-01
7.659912109375000000e-01 9.982676692834353549e-01
7.661132812500000000e-01 9.982449288146851840e-01
7.662353515625000000e-01 9.982219125663193138e-01
7.663574218750000000e-01 9.981986176026044211e-01
7.664794921875000000e-01 9.981750409602823115e-01
7.666015625000000000e-01 9.981511796483962806e-01
7.667236328125000000e-01 9.981270306481180299e-01
7.668457031250000000e-01 9.981025909125740281e-01
7.669677734375000000e-01 9.980778573666692077e-01
7.670898437500000000e-01 9.980528269069128822e-01
7.672119140625000000e-01 9.980274964012416650e-01
7.673339843750000000e-01 9.980018626888428335e-01
7.674560546875000000e-01 9.979759225799783584e-01
7.675781250000000000e-01 9.979496728558048257e-01
7.677001953125000000e-01 9.979231102681972443e-01
7.678222656250000000e-01 9.978962315395686344e-01
7.679443359375000000e-01 9.978690333626918374e-01
7.680664062500000000e-01 9.978415124005181047e-01
7.681884765625000000e-01 9.978136652859985745e-01
7.683105468750000000e-01 9.977854886219013064e-01
7.684326171875000000e-01 9.977569789806319811e-01
7.685546875000000000e-01 9.977281329040501578e-01
7.686767578125000000e-01 9.976989469032889746e-01
7.687988281250000000e-01 9.976694174585711838e-01
7.689208984375000000e-01 9.976395410190268542e-01
7.690429687500000000e-01 9.976093140025090733e-01
7.691650390625000000e-01 9.975787327954117600e-01
7.692871093750000000e-01 9.975477937524838135e-01
7.694091796875000000e-01 9.975164931966461479e-01
7.695312500000000000e-01 9.974848274188060637e-01
7.696533203125000000e-01 9.974527926776726172e-01
7.697753906250000000e-01 9.974203851995705472e-01
7.698974609375000000e-01 9.973876011782563111e-01
7.700195312500000000e-01 9.973544367747302353e-01
7.701416015625000000e-01 9.973208881170525508e-01
7.702636718750000000e-01 9.972869513001545450e-01
7.703857421875000000e-01 9.972526223856554850e-01
7.705078125000000000e-01 9.972178974016721043e-01
7.706298828125000000e-01 9.971827723426350820e-01
7.707519531250000000e-01 9.971472431691003058e-01
7.708740234375000000e-01 9.971113058075626867e-01
7.709960937500000000e-01 9.970749561502680880e-01
7.711181640625000000e-01 9.970381900550269183e-01
7.712402343750000000e-01 9.970010033450261711e-01
7.713623046875000000e-01 9.969633918086431290e-01
7.714843750000000000e-01 9.969253511992559602e-01
7.716064453125000000e-01 9.968868772350590879e-01
7.717285156250000000e-01 9.968479655988728982e-01
7.718505859375000000e-01 9.968086119379592214e-01
7.719726562500000000e-01 9.967688118638310391e-01
7.720947265625000000e-01 9.967285609520681877e-01
7.722167968750000000e-01 9.966878547421281764e-01
7.723388671875000000e-01 9.966466887371600025e-01
7.724609375000000000e-01 9.966050584038166349e-01
7.725830078125000000e-01 9.965629591720697178e-01
7.727050781250000000e-01 9.965203864350210550e-01
7.728271484375000000e-01 9.964773355487179796e-01
7.729492187500000000e-01 9.964338018319658374e-01
7.730712890625000000e-01 9.963897805661430240e-01
7.731933593750000000e-01 9.963452669950146889e-01
7.733154296875000000e-01 9.963002563245482168e-01
7.734375000000000000e-01 9.962547437227269320e-01
7.735595703125000000e-01 9.962087243193664676e-01
7.736816406250000000e-01 9.961621932059299134e-01
7.738037109375000000e-01 9.961151454353440737e-01
7.739257812500000000e-01 9.960675760218147268e-01
7.740478515625000000e-01 9.960194799406458799e-01
7.741699218750000000e-01 9.959708521280541405e-01
7.742919921875000000e-01 9.959216874809885267e-01
7.744140625000000000e-01 9.958719808569471699e-01
7.745361328125000000e-01 9.958217270737976801e-01
7.746582031250000000e-01 9.957709209095950698e-01
7.747802734375000000e-01 9.957195571024017866e-01
7.749023437500000000e-01 9.956676303501089675e-01
7.750244140625000000e-01 9.956151353102560275e-01
7.751464843750000000e-01 9.955620665998534680e-01
7.752685546875000000e-01 9.955084187952052410e-01
7.753906250000000000e-01 9.954541864317305588e-01
7.755126953125000000e-01 9.953993640037891444e-01
7.756347656250000000e-01 9.953439459645040399e-01
7.757568359375000000e-01 9.952879267255885232e-01
7.758789062500000000e-01 9.952313006571706921e-01
7.760009765625000000e-01 9.951740620876210475e-01
7.761230468750000000e-01 9.951162053033801858e-01
7.762451171875000000e-01 9.950577245487870481e-01
7.763671875000000000e-01 9.949986140259075018e-01
7.764892578125000000e-01 9.949388678943672515e-01
7.766113281250000000e-01 9.948784802711798658e-01
7.767333984375000000e-01 9.948174452305813542e-01
7.768554687500000000e-01 9.947557568038626341e-01
7.769775390625000000e-01 9.946934089792041078e-01
7.770996093750000000e-01 9.946303957015104613e-01
7.772216796875000000e-01 9.945667108722480165e-01
7.773437500000000000e-01 9.945023483492807514e-01
7.774658203125000000e-01 9.944373019467113162e-01
7.775878906250000000e-01 9.943715654347186073e-01
7.777099609375000000e-01 9.943051325394007822e-01
7.778320312500000000e-01 9.942379969426156094e-01
7.779541015625000000e-01 9.941701522818262582e-01
7.780761718750000000e-01 9.941015921499438690e-01
7.781982421875000000e-01 9.940323100951762303e-01
7.783203125000000000e-01 9.939622996208725692e-01
7.784423828125000000e-01 9.938915541853751145e-01
7.785644531250000000e-01 9.938200672018675519e-01
7.786865234375000000e-01 9.937478320382271413e-01
7.788085937500000000e-01 9.936748420168792784e-01
7.789306640625000000e-01 9.936010904146501677e-01
7.790527343750000000e-01 9.935265704626241590e-01
7.791748046875000000e-01 9.934512753460026380e-01
7.792968750000000000e-01 9.933751982039610295e-01
7.794189453125000000e-01 9.932983321295117962e-01
7.795410156250000000e-01 9.932206701693662154e-01
7.796630859375000000e-01 9.931422053237994874e-01
7.797851562500000000e-01 9.930629305465158430e-01
7.799072265625000000e-01 9.929828387445174265e-01
7.800292968750000000e-01 9.929019227779729562e-01
7.801513671875000000e-01 9.928201754600904927e-01
7.802734375000000000e-01 9.927375895569886532e-01
7.803955078125000000e-01 9.926541577875745981e-01
7.805175781250000000e-01 9.925698728234187973e-01
7.806396484375000000e-01 9.924847272886350158e-01
7.807617187500000000e-01 9.923987137597607422e-01
7.808837890625000000e-01 9.923118247656421698e-01
7.810058593750000000e-01 9.922240527873162907e-01
7.811279296875000000e-01 9.921353902579002071e-01
7.812500000000000000e-01 9.920458295624796641e-01
7.813720703125000000e-01 9.919553630380013587e-01
7.814941406250000000e-01 9.918639829731644708e-01
7.816162109375000000e-01 9.917716816083188558e-01
7.817382812500000000e-01 9.916784511353615716e-01
7.818603515625000000e-01 9.915842836976378472e-01
7.819824218750000000e-01 9.914891713898434933e-01
7.821044921875000000e-01 9.913931062579306452e-01
7.822265625000000000e-01 9.912960802990135045e-01
7.823486328125000000e-01 9.911980854612800762e-01
7.824707031250000000e-01 9.910991136439034621e-01
7.825927734375000000e-01 9.909991566969564847e-01
7.827148437500000000e-01 9.908982064213296415e-01
7.828369140625000000e-01 9.907962545686503919e-01
7.829589843750000000e-01 9.906932928412057748e-01
7.830810546875000000e-01 9.905893128918679125e-01
7.832031250000000000e-01 9.904843063240210688e-01
7.833251953125000000e-01 9.903782646914929266e-01
7.834472656250000000e-01 9.902711794984865312e-01
7.835693359375000000e-01 9.901630421995180065e-01
7.836914062500000000e-01 9.900538441993536054e-01
7.838134765625000000e-01 9.899435768529527557e-01
7.839355468750000000e-01 9.898322314654116605e-01
7.840576171875000000e-01 9.897197992919111176e-01
7.841796875000000000e-01 9.896062715376667818e-01
7.843017578125000000e-01 9.894916393578827574e-01
7.844238281250000000e-01 9.893758938577076334e-01
7.845458984375000000e-01 9.892590260921947376e-01
7.846679687500000000e-01 9.891410270662632787e-01
7.847900390625000000e-01 9.890218877346659276e-01
7.849121093750000000e-01 9.889015990019558444e-01
7.850341796875000000e-01 9.887801517224605874e-01
7.851562500000000000e-01 9.886575367002556902e-01
7.852783203125000000e-01 9.885337446891446778e-01
7.854003906250000000e-01 9.884087663926401923e-01
7.855224609375000000e-01 9.882825924639502269e-01
7.856445312500000000e-01 9.881552135059650244e-01
7.857666015625000000e-01 9.880266200712518598e-01
7.858886718750000000e-01 9.878968026620478238e-01
7.860107421875000000e-01 9.877657517302613766e-01
7.861328125000000000e-01 9.876334576774731255e-01
7.862548828125000000e-01 9.874999108549432636e-01
7.863769531250000000e-01 9.873651015636211170e-01
7.864990234375000000e-01 9.872290200541582461e-01
7.866210937500000000e-01 9.870916565269258758e-01
7.867431640625000000e-01 9.869530011320361007e-01
7.868652343750000000e-01 9.868130439693663103e-01
7.869873046875000000e-01 9.866717750885873883e-01
7.871093750000000000e-01 9.865291844891965756e-01
7.872314453125000000e-01 9.863852621205535520e-01
7.873535156250000000e-01 9.862399978819199609e-01
7.874755859375000000e-01 9.860933816225041504e-01
7.875976562500000000e-01 9.859454031415090247e-01
7.877197265625000000e-01 9.857960521881840021e-01
7.878417968750000000e-01 9.856453184618808594e-01
7.879638671875000000e-01 9.854931916121145719e-01
7.880859375000000000e-01 9.853396612386271514e-01
7.882080078125000000e-01 9.851847168914564801e-01
7.883300781250000000e-01 9.850283480710086970e-01
7.884521484375000000e-01 9.848705442281350253e-01
7.885742187500000000e-01 9.847112947642139291e-01
7.886962890625000000e-01 9.845505890312356012e-01
7.888183593750000000e-01 9.843884163318921132e-01
7.889404296875000000e-01 9.842247659196723397e-01
7.890625000000000000e-01 9.840596269989594358e-01
7.891845703125000000e-01 9.838929887251353090e-01
7.893066406250000000e-01 9.837248402046869789e-01
7.894287109375000000e-01 9.835551704953199303e-01
7.895507812500000000e-01 9.833839686060741325e-01
7.896728515625000000e-01 9.832112234974454967e-01
7.897949218750000000e-01 9.830369240815113319e-01
7.899169921875000000e-01 9.828610592220629050e-01
7.900390625000000000e-01 9.826836177347376688e-01
7.901611328125000000e-01 9.825045883871620367e-01
7.902832031250000000e-01 9.823239598990951560e-01
7.904052734375000000e-01 9.821417209425780115e-01
7.905273437500000000e-01 9.819578601420893005e-01
7.906494140625000000e-01 9.817723660747029735e-01
7.907714843750000000e-01 9.815852272702545456e-01
7.908935546875000000e-01 9.813964322115085182e-01
7.910156250000000000e-01 9.812059693343334610e-01
7.911376953125000000e-01 9.810138270278815353e-01
7.912597656250000000e-01 9.808199936347711256e-01
7.913818359375000000e-01 9.806244574512783529e-01
7.915039062500000000e-01 9.804272067275299207e-01
7.916259765625000000e-01 9.802282296677030660e-01
7.917480468750000000e-01 9.800275144302303953e-01
7.918701171875000000e-01 9.798250491280098284e-01
7.919921875000000000e-01 9.796208218286195368e-01
7.921142578125000000e-01 9.794148205545383234e-01
7.922363281250000000e-01 9.792070332833724411e-01
7.923583984375000000e-01 9.789974479480847425e-01
7.924804687500000000e-01 9.787860524372326010e-01
7.926025390625000000e-01 9.785728345952089402e-01
7.927246093750000000e-01 9.783577822224900356e-01
7.928466796875000000e-01 9.781408830758877571e-01
7.929687500000000000e-01 9.779221248688074741e-01
7.930908203125000000e-01 9.777014952715129548e-01
7.932128906250000000e-01 9.774789819113935962e-01
7.933349609375000000e-01 9.772545723732410927e-01
7.934570312500000000e-01 9.770282541995286563e-01
7.935791015625000000e-01 9.768000148906972324e-01
7.937011718750000000e-01 9.765698419054475998e-01
7.938232421875000000e-01 9.763377226610365778e-01
7.939453125000000000e-01 9.761036445335814493e-01
7.940673828125000000e-01 9.758675948583679371e-01
7.941894531250000000e-01 9.756295609301639526e-01
7.943115234375000000e-01 9.753895300035415605e-01
7.944335937500000000e-01 9.751474892932017191e-01
7.945556640625000000e-01 9.749034259743070141e-01
7.946777343750000000e-01 9.746573271828185003e-01
7.947998046875000000e-01 9.744091800158405370e-01
7.949218750000000000e-01 9.741589715319689535e-01
7.950439453125000000e-01 9.739066887516487636e-01
7.951660156250000000e-01 9.736523186575322120e-01
7.952880859375000000e-01 9.733958481948496999e-01
7.954101562500000000e-01 9.731372642717812660e-01
7.955322265625000000e-01 9.728765537598360602e-01
7.956542968750000000e-01 9.726137034942383686e-01
7.957763671875000000e-01 9.723487002743194108e-01
7.958984375000000000e-01 9.720815308639135788e-01
7.960205078125000000e-01 9.718121819917640014e-01
7.961425781250000000e-01 9.715406403519308842e-01
7.962646484375000000e-01 9.712668926042082873e-01
7.963867187500000000e-01 9.709909253745463431e-01
7.965087890625000000e-01 9.707127252554788033e-01
7.966308593750000000e-01 9.704322788065582461e-01
7.967529296875000000e-01 9.701495725547968352e-01
7.968750000000000000e-01 9.698645929951128508e-01
7.969970703125000000e-01 9.695773265907838834e-01
7.971191406250000000e-01 9.692877597739066875e-01
7.972412109375000000e-01 9.689958789458629207e-01
7.973632812500000000e-01 9.687016704777905440e-01
7.974853515625000000e-01 9.684051207110631054e-01
7.976074218750000000e-01 9.681062159577732418e-01
7.977294921875000000e-01 9.678049425012249518e-01
7.978515625000000000e-01 9.675012865964290887e-01
7.979736328125000000e-01 9.671952344706097326e-01
7.980957031250000000e-01 9.668867723237113410e-01
7.982177734375000000e-01 9.665758863289171110e-01
7.983398437500000000e-01 9.662625626331706741e-01
7.984619140625000000e-01 9.659467873577064490e-01
7.985839843750000000e-01 9.656285465985834371e-01
7.987060546875000000e-01 9.653078264272294540e-01
7.988281250000000000e-01 9.649846128909875809e-01
7.989501953125000000e-01 9.646588920136722756e-01
7.990722656250000000e-01 9.643306497961297019e-01
7.991943359375000000e-01 9.639998722168063860e-01
7.993164062500000000e-01 9.636665452323227576e-01
7.994384765625000000e-01 9.633306547780537965e-01
7.995605468750000000e-01 9.629921867687163406e-01
7.996826171875000000e-01 9.626511270989625002e-01
7.998046875000000000e-01 9.623074616439790674e-01
7.999267578125000000e-01 9.619611762600952520e-01
8.000488281250000000e-01 9.616122567853939707e-01
8.001708984375000000e-01 9.612606890403323501e-01
8.002929687500000000e-01 9.609064588283671160e-01
8.004150390625000000e-01 9.605495519365863100e-01
8.005371093750000000e-01 9.601899541363489998e-01
8.006591796875000000e-01 9.598276511839300973e-01
8.007812500000000000e-01 9.594626288211709486e-01
8.009033203125000000e-01 9.590948727761393622e-01
8.010253906250000000e-01 9.587243687637918566e-01
8.011474609375000000e-01 9.583511024866466776e-01
8.012695312500000000e-01 9.579750596354591474e-01
8.013916015625000000e-01 9.575962258899073376e-01
8.015136718750000000e-01 9.572145869192808521e-01
8.016357421875000000e-01 9.568301283831779358e-01
8.017578125000000000e-01 9.564428359322085793e-01
8.018798828125000000e-01 9.560526952087038399e-01
8.020019531250000000e-01 9.556596918474312696e-01
8.021240234375000000e-01 9.552638114763173371e-01
8.022460937500000000e-01 9.548650397171756232e-01
8.023681640625000000e-01 9.544633621864424544e-01
8.024902343750000000e-01 9.540587644959166447e-01
8.026123046875000000e-01 9.536512322535080077e-01
8.027343750000000000e-01 9.532407510639904213e-01
8.028564453125000000e-01 9.528273065297624411e-01
8.029785156250000000e-01 9.524108842516134654e-01
8.031005859375000000e-01 9.519914698294953403e-01
8.032226562500000000e-01 9.515690488633024025e-01
8.033447265625000000e-01 9.511436069536556293e-01
8.034667968750000000e-01 9.507151297026936732e-01
8.035888671875000000e-01 9.502836027148708897e-01
8.037109375000000000e-01 9.498490115977593629e-01
8.038330078125000000e-01 9.494113419628605888e-01
8.039550781250000000e-01 9.489705794264186034e-01
8.040771484375000000e-01 9.485267096102438789e-01
8.041992187500000000e-01 9.480797181425392184e-01
8.043212890625000000e-01 9.476295906587350881e-01
8.044433593750000000e-01 9.471763128023280576e-01
8.045654296875000000e-01 9.467198702257280107e-01
8.046875000000000000e-01 9.462602485911073558e-01
8.048095703125000000e-01 9.457974335712617808e-01
8.049316406250000000e-01 9.453314108504704549e-01
8.050537109375000000e-01 9.448621661253674420e-01
8.051757812500000000e-01 9.443896851058162234e-01
8.052978515625000000e-01 9.439139535157899941e-01
8.054199218750000000e-01 9.434349570942582863e-01
8.055419921875000000e-01 9.429526815960804775e-01
8.056640625000000000e-01 9.424671127929014069e-01
8.057861328125000000e-01 9.419782364740574288e-01
8.059082031250000000e-01 9.414860384474836863e-01
8.060302734375000000e-01 9.409905045406297130e-01
8.061523437500000000e-01 9.404916206013795854e-01
8.062744140625000000e-01 9.399893724989771826e-01
8.063964843750000000e-01 9.394837461249574417e-01
8.065185546875000000e-01 9.389747273940836081e-01
8.066406250000000000e-01 9.384623022452874830e-01
8.067626953125000000e-01 9.379464566426184424e-01
8.068847656250000000e-01 9.374271765761938990e-01
8.070068359375000000e-01 9.369044480631590899e-01
8.071289062500000000e-01 9.363782571486473083e-01
8.072509765625000000e-01 9.358485899067500169e-01
8.073730468750000000e-01 9.353154324414881815e-01
8.074951171875000000e-01 9.347787708877913770e-01
8.076171875000000000e-01 9.342385914124796686e-01
8.077392578125000000e-01 9.336948802152524873e-01
8.078613281250000000e-01 9.331476235296800592e-01
8.079833984375000000e-01 9.325968076242019400e-01
8.081054687500000000e-01 9.320424188031287693e-01
8.082275390625000000e-01 9.314844434076489099e-01
8.083496093750000000e-01 9.309228678168404159e-01
8.084716796875000000e-01 9.303576784486874418e-01
8.085937500000000000e-01 9.297888617610996498e-01
8.087158203125000000e-01 9.292164042529386103e-01
8.088378906250000000e-01 9.286402924650462021e-01
8.089599609375000000e-01 9.280605129812800058e-01
8.090820312500000000e-01 9.274770524295494756e-01
8.092041015625000000e-01 9.268898974828594373e-01
8.093261718750000000e-01 9.262990348603556967e-01
8.094482421875000000e-01 9.257044513283776421e-01
8.095703125000000000e-01 9.251061337015096253e-01
8.096923828125000000e-01 9.245040688436418908e-01
8.098144531250000000e-01 9.238982436690321709e-01
8.099365234375000000e-01 9.232886451433718333e-01
8.100585937500000000e-01 9.226752602848558027e-01
8.101806640625000000e-01 9.220580761652564794e-01
8.103027343750000000e-01 9.214370799110001009e-01
8.104248046875000000e-01 9.208122587042490981e-01
8.105468750000000000e-01 9.201835997839841186e-01
8.106689453125000000e-01 9.195510904470935998e-01
8.107910156250000000e-01 9.189147180494630085e-01
8.109130859375000000e-01 9.182744700070706312e-01
8.110351562500000000e-01 9.176303337970824758e-01
8.111572265625000000e-01 9.169822969589558337e-01
8.112792968750000000e-01 9.163303470955389551e-01
8.114013671875000000e-01 9.156744718741800515e-01
8.115234375000000000e-01 9.150146590278350756e-01
8.116455078125000000e-01 9.143508963561798319e-01
8.117675781250000000e-01 9.136831717267241970e-01
8.118896484375000000e-01 9.130114730759296693e-01
8.120117187500000000e-01 9.123357884103283633e-01
8.121337890625000000e-01 9.116561058076453339e-01
8.122558593750000000e-01 9.109724134179225663e-01
8.123779296875000000e-01 9.102846994646465184e-01
8.125000000000000000e-01 9.095929522458747751e-01
8.126220703125000000e-01 9.088971601353688090e-01
8.127441406250000000e-01 9.081973115837258526e-01
8.128662109375000000e-01 9.074933951195134352e-01
8.129882812500000000e-01 9.067853993504059185e-01
8.131103515625000000e-01 9.060733129643225858e-01
8.132324218750000000e-01 9.053571247305676195e-01
8.133544921875000000e-01 9.046368235009707437e-01
8.134765625000000000e-01 9.039123982110304212e-01
8.135986328125000000e-01 9.031838378810577161e-01
8.137207031250000000e-01 9.024511316173209341e-01
8.138427734375000000e-01 9.017142686131933704e-01
8.139648437500000000e-01 9.009732381502982834e-01
8.140869140625000000e-01 9.002280295996599735e-01
8.142089843750000000e-01 8.994786324228505325e-01
8.143310546875000000e-01 8.987250361731415893e-01
8.144531250000000000e-01 8.979672304966531682e-01
8.145751953125000000e-01 8.972052051335062117e-01
8.146972656250000000e-01 8.964389499189724386e-01
8.148193359375000000e-01 8.956684547846277544e-01
8.149414062500000000e-01 8.948937097595033308e-01
8.150634765625000000e-01 8.941147049712376838e-01
8.151855468750000000e-01 8.933314306472293076e-01
8.153076171875000000e-01 8.925438771157880868e-01
8.154296875000000000e-01 8.917520348072878189e-01
8.155517578125000000e-01 8.909558942553175154e-01
8.156738281250000000e-01 8.901554460978317040e-01
8.157958984375000000e-01 8.893506810783025074e-01
8.159179687500000000e-01 8.885415900468686123e-01
8.160400390625000000e-01 8.877281639614842401e-01
8.161621093750000000e-01 8.869103938890683381e-01
8.162841796875000000e-01 8.860882710066516621e-01
8.164062500000000000e-01 8.852617866025225268e-01
8.165283203125000000e-01 8.844309320773726668e-01
8.166503906250000000e-01 8.835956989454405441e-01
8.167724609375000000e-01 8.827560788356541011e-01
8.168945312500000000e-01 8.819120634927714031e-01
8.170166015625000000e-01 8.810636447785193948e-01
8.171386718750000000e-01 8.802108146727325444e-01
8.172607421875000000e-01 8.793535652744872699e-01
8.173828125000000000e-01 8.784918888032354767e-01
8.175048828125000000e-01 8.776257775999367627e-01
8.176269531250000000e-01 8.767552241281872938e-01
8.177490234375000000e-01 8.758802209753464574e-01
8.178710937500000000e-01 8.750007608536612969e-01
8.179931640625000000e-01 8.741168366013886137e-01
8.181152343750000000e-01 8.732284411839132954e-01
8.182373046875000000e-01 8.723355676948655324e-01
8.183593750000000000e-01 8.714382093572334842e-01
8.184814453125000000e-01 8.705363595244738351e-01
8.186035156250000000e-01 8.696300116816180203e-01
8.187255859375000000e-01 8.687191594463774535e-01
8.188476562500000000e-01 8.678037965702423140e-01
8.189697265625000000e-01 8.668839169395791133e-01
8.190917968750000000e-01 8.659595145767233770e-01
8.192138671875000000e-01 8.650305836410687732e-01
8.193359375000000000e-01 8.640971184301531327e-01
8.194580078125000000e-01 8.631591133807388072e-01
8.195800781250000000e-01 8.622165630698899186e-01
8.197021484375000000e-01 8.612694622160456115e-01
8.198242187500000000e-01 8.603178056800877549e-01
8.199462890625000000e-01 8.593615884664052018e-01
8.200683593750000000e-01 8.584008057239524980e-01
8.201904296875000000e-01 8.574354527473044829e-01
8.203125000000000000e-01 8.564655249777053392e-01
8.204345703125000000e-01 8.554910180041130907e-01
8.205566406250000000e-01 8.545119275642385492e-01
8.206787109375000000e-01 8.535282495455795981e-01
8.208007812500000000e-01 8.525399799864483708e-01
8.209228515625000000e-01 8.515471150769959863e-01
8.210449218750000000e-01 8.505496511602270715e-01
8.211669921875000000e-01 8.495475847330139496e-01
8.212890625000000000e-01 8.485409124470992825e-01
8.214111328125000000e-01 8.475296311100970481e-01
8.215332031250000000e-01 8.465137376864853014e-01
8.216552734375000000e-01 8.454932292985924969e-01
8.217773437500000000e-01 8.444681032275777044e-01
8.218994140625000000e-01 8.434383569144049408e-01
8.220214843750000000e-01 8.424039879608093973e-01
8.221435546875000000e-01 8.413649941302585589e-01
8.222656250000000000e-01 8.403213733489039994e-01
8.223876953125000000e-01 8.392731237065287342e-01
8.225097656250000000e-01 8.382202434574851369e-01
8.226318359375000000e-01 8.371627310216277484e-01
8.227539062500000000e-01 8.361005849852353178e-01
8.228759765625000000e-01 8.350338041019291779e-01
8.229980468750000000e-01 8.339623872935808535e-01
8.231201171875000000e-01 8.328863336512131177e-01
8.232421875000000000e-01 8.318056424358928336e-01
8.233642578125000000e-01 8.307203130796161350e-01
8.234863281250000000e-01 8.296303451861842815e-01
8.236083984375000000e-01 8.285357385320724077e-01
8.237304687500000000e-01 8.274364930672882812e-01
8.238525390625000000e-01 8.263326089162246202e-01
8.239746093750000000e-01 8.252240863785003100e-01
8.240966796875000000e-01 8.241109259297951795e-01
8.242187500000000000e-01 8.229931282226716771e-01
8.243408203125000000e-01 8.218706940873945488e-01
8.244628906250000000e-01 8.207436245327321966e-01
8.245849609375000000e-01 8.196119207467570389e-01
8.247070312500000000e-01 8.184755840976312147e-01
8.248291015625000000e-01 8.173346161343845173e-01
8.249511718750000000e-01 8.161890185876817805e-01
8.250732421875000000e-01 8.150387933705820487e-01
8.251953125000000000e-01 8.138839425792854243e-01
8.253173828125000000e-01 8.127244684938723651e-01
8.254394531250000000e-01 8.115603735790302142e-01
8.255615234375000000e-01 8.103916604847718475e-01
8.256835937500000000e-01 8.092183320471413310e-01
8.258056640625000000e-01 8.080403912889113638e-01
8.259277343750000000e-01 8.068578414202687288e-01
8.260498046875000000e-01 8.056706858394895310e-01
8.261718750000000000e-01 8.044789281336017783e-01
8.262939453125000000e-01 8.032825720790405244e-01
8.264160156250000000e-01 8.020816216422876899e-01
8.265380859375000000e-01 8.008760809805035574e-01
8.266601562500000000e-01 7.996659544421458321e-01
8.267822265625000000e-01 7.984512465675770443e-01
8.269042968750000000e-01 7.972319620896599623e-01
8.270263671875000000e-01 7.960081059343436793e-01
8.271484375000000000e-01 7.947796832212332685e-01
8.272705078125000000e-01 7.935466992641531103e-01
8.273925781250000000e-01 7.923091595716929003e-01
8.275146484375000000e-01 7.910670698477455520e-01
8.276367187500000000e-01 7.898204359920300011e-01
8.277587890625000000e-01 7.885692641006032400e-01
8.278808593750000000e-01 7.873135604663594744e-01
8.280029296875000000e-01 7.860533315795162901e-01
8.281250000000000000e-01 7.847885841280883845e-01
8.282470703125000000e-01 7.835193249983485320e-01
8.283691406250000000e-01 7.822455612752757803e-01
8.284912109375000000e-01 7.809673002429894373e-01
8.286132812500000000e-01 7.796845493851730646e-01
8.287353515625000000e-01 7.783973163854802646e-01
8.288574218750000000e-01 7.771056091279322509e-01
8.289794921875000000e-01 7.758094356972989880e-01
8.291015625000000000e-01 7.745088043794667865e-01
8.292236328125000000e-01 7.732037236617943510e-01
8.293457031250000000e-01 7.718942022334530639e-01
8.294677734375000000e-01 7.705802489857541682e-01
8.295898437500000000e-01 7.692618730124624049e-01
8.297119140625000000e-01 7.679390836100952189e-01
8.298339843750000000e-01 7.666118902782078637e-01
8.299560546875000000e-01 7.652803027196652952e-01
8.300781250000000000e-01 7.639443308408975231e-01
8.302001953125000000e-01 7.626039847521436377e-01
8.303222656250000000e-01 7.612592747676785176e-01
8.304443359375000000e-01 7.599102114060279911e-01
8.305664062500000000e-01 7.585568053901659002e-01
8.306884765625000000e-01 7.571990676477001747e-01
8.308105468750000000e-01 7.558370093110406973e-01
8.309326171875000000e-01 7.544706417175552904e-01
8.310546875000000000e-01 7.530999764097087157e-01
8.311767578125000000e-01 7.517250251351875745e-01
8.312988281250000000e-01 7.503457998470097756e-01
8.314208984375000000e-01 7.489623127036200145e-01
8.315429687500000000e-01 7.475745760689671560e-01
8.316650390625000000e-01 7.461826025125707362e-01
8.317871093750000000e-01 7.447864048095671485e-01
8.319091796875000000e-01 7.433859959407446150e-01
8.320312500000000000e-01 7.419813890925601729e-01
8.321533203125000000e-01 7.405725976571417846e-01
8.322753906250000000e-01 7.391596352322750141e-01
8.323974609375000000e-01 7.377425156213739399e-01
8.325195312500000000e-01 7.363212528334359686e-01
8.326416015625000000e-01 7.348958610829816607e-01
8.327636718750000000e-01 7.334663547899767932e-01
8.328857421875000000e-01 7.320327485797419875e-01
8.330078125000000000e-01 7.305950572828417977e-01
8.331298828125000000e-01 7.291532959349622534e-01
8.332519531250000000e-01 7.277074797767684178e-01
8.333740234375000000e-01 7.262576242537490678e-01
8.334960937500000000e-01 7.248037450160431661e-01
8.336181640625000000e-01 7.233458579182503456e-01
8.337402343750000000e-01 7.218839790192255190e-01
8.338623046875000000e-01 7.204181245818581658e-01
8.339843750000000000e-01 7.189483110728320803e-01
8.341064453125000000e-01 7.174745551623731288e-01
8.342285156250000000e-01 7.159968737239761349e-01
8.343505859375000000e-01 7.145152838341191082e-01
8.344726562500000000e-01 7.130298027719584875e-01
8.345947265625000000e-01 7.115404480190081760e-01
8.347167968750000000e-01 7.100472372588029213e-01
8.348388671875000000e-01 7.085501883765449316e-01
8.349609375000000000e-01 7.070493194587321728e-01
8.350830078125000000e-01 7.055446487927733434e-01
8.352050781250000000e-01 7.040361948665818659e-01
8.353271484375000000e-01 7.025239763681576655e-01
8.354492187500000000e-01 7.010080121851476331e-01
8.355712890625000000e-01 6.994883214043938757e-01
8.356933593750000000e-01 6.979649233114615381e-01
8.358154296875000000e-01 6.964378373901525254e-01
8.359375000000000000e-01 6.949070833219996857e-01
8.360595703125000000e-01 6.933726809857470030e-01
8.361816406250000000e-01 6.918346504568109179e-01
8.363037109375000000e-01 6.902930120067267694e-01
8.364257812500000000e-01 6.887477861025750325e-01
8.365478515625000000e-01 6.871989934063956751e-01
8.366699218750000000e-01 6.856466547745799778e-01
8.367919921875000000e-01 6.840907912572510297e-01
8.369140625000000000e-01 6.825314240976230185e-01
8.370361328125000000e-01 6.809685747313466431e-01
8.371582031250000000e-01 6.794022647858352082e-01
8.372802734375000000e-01 6.778325160795766191e-01
8.374023437500000000e-01 6.762593506214268357e-01
8.375244140625000000e-01 6.746827906098853411e-01
8.376464843750000000e-01 6.731028584323573982e-01
8.377685546875000000e-01 6.715195766643964337e-01
8.378906250000000000e-01 6.699329680689303235e-01
8.380126953125000000e-01 6.683430555954723573e-01
8.381347656250000000e-01 6.667498623793135515e-01
8.382568359375000000e-01 6.651534117406995295e-01
8.383789062500000000e-01 6.635537271839904161e-01
8.385009765625000000e-01 6.619508323968036345e-01
8.386230468750000000e-01 6.603447512491411597e-01
8.387451171875000000e-01 6.587355077924990088e-01
8.388671875000000000e-01 6.571231262589606326e-01
8.389892578125000000e-01 6.555076310602747647e-01
8.391113281250000000e-01 6.538890467869143963e-01
8.392333984375000000e-01 6.522673982071225396e-01
8.393554687500000000e-01 6.506427102659384509e-01
8.394775390625000000e-01 6.490150080842098657e-01
8.395996093750000000e-01 6.473843169575874690e-01
8.397216796875000000e-01 6.457506623555043790e-01
8.398437500000000000e-01 6.441140699201375330e-01
8.399658203125000000e-01 6.424745654653550853e-01
8.400878906250000000e-01 6.408321749756462626e-01
8.402099609375000000e-01 6.391869246050362330e-01
8.403320312500000000e-01 6.375388406759829873e-01
8.404541015625000000e-01 6.358879496782613439e-01
8.405761718750000000e-01 6.342342782678278557e-01
8.406982421875000000e-01 6.325778532656730624e-01
8.408203125000000000e-01 6.309187016566548678e-01
8.409423828125000000e-01 6.292568505883190388e-01
8.410644531250000000e-01 6.275923273697019411e-01
8.411865234375000000e-01 6.259251594701191745e-01
8.413085937500000000e-01 6.242553745179385549e-01
8.414306640625000000e-01 6.225830002993362200e-01
8.415527343750000000e-01 6.209080647570397460e-01
8.416748046875000000e-01 6.192305959890549438e-01
8.417968750000000000e-01 6.175506222473762241e-01
8.419189453125000000e-01 6.158681719366849716e-01
8.420410156250000000e-01 6.141832736130291570e-01
8.421630859375000000e-01 6.124959559824922906e-01
8.422851562500000000e-01 6.108062478998430578e-01
8.424072265625000000e-01 6.091141783671742971e-01
8.425292968750000000e-01 6.074197765325246579e-01
8.426513671875000000e-01 6.057230716884869359e-01
8.427734375000000000e-01 6.040240932708018651e-01
8.428955078125000000e-01 6.023228708569374756e-01
8.430175781250000000e-01 6.006194341646540202e-01
8.431396484375000000e-01 5.989138130505553548e-01
8.432617187500000000e-01 5.972060375086252204e-01
8.433837890625000000e-01 5.954961376687514241e-01
8.435058593750000000e-01 5.937841437952344759e-01
8.436279296875000000e-01 5.920700862852834589e-01
8.437500000000000000e-01 5.903539956674979106e-01
8.438720703125000000e-01 5.886359026003364914e-01
8.439941406250000000e-01 5.869158378705727763e-01
8.441162109375000000e-01 5.851938323917365015e-01
8.442382812500000000e-01 5.834699172025432645e-01
8.443603515625000000e-01 5.817441234653102367e-01
8.444824218750000000e-01 5.800164824643587735e-01
8.446044921875000000e-01 5.782870256044060353e-01
8.447265625000000000e-01 5.765557844089416184e-01
8.448486328125000000e-01 5.748227905185934183e-01
8.449707031250000000e-01 5.730880756894811690e-01
8.450927734375000000e-01 5.713516717915556598e-01
8.452148437500000000e-01 5.696136108069292936e-01
8.453369140625000000e-01 5.678739248281915453e-01
8.454589843750000000e-01 5.661326460567146501e-01
8.455810546875000000e-01 5.643898068009468583e-01
8.457031250000000000e-01 5.626454394746936982e-01
8.458251953125000000e-01 5.608995765953889157e-01
8.459472656250000000e-01 5.591522507823534216e-01
8.460693359375000000e-01 5.574034947550439156e-01
8.461914062500000000e-01 5.556533413312891856e-01
8.463134765625000000e-01 5.539018234255170814e-01
8.464355468750000000e-01 5.521489740469702756e-01
8.465576171875000000e-01 5.503948262979110329e-01
8.466796875000000000e-01 5.486394133718168753e-01
8.468017578125000000e-01 5.468827685515647019e-01
8.469238281250000000e-01 5.451249252076055818e-01
8.470458984375000000e-01 5.433659167961299996e-01
8.471679687500000000e-01 5.416057768572229980e-01
8.472900390625000000e-01 5.398445390130091059e-01
8.474121093750000000e-01 5.380822369657893844e-01
8.475341796875000000e-01 5.363189044961687024e-01
8.476562500000000000e-01 5.345545754611722433e-01
8.477783203125000000e-01 5.327892837923563496e-01
8.479003906250000000e-01 5.310230634939079319e-01
8.480224609375000000e-01 5.292559486407369951e-01
8.481445312500000000e-01 5.274879733765591716e-01
8.482666015625000000e-01 5.257191719119720386e-01
8.483886718750000000e-01 5.239495785225223301e-01
8.485107421875000000e-01 5.221792275467646016e-01
8.486328125000000000e-01 5.204081533843135654e-01
8.487548828125000000e-01 5.186363904938884328e-01
8.488769531250000000e-01 5.168639733913500400e-01
8.489990234375000000e-01 5.150909366477299800e-01
8.491210937500000000e-01 5.133173148872540725e-01
8.492431640625000000e-01 5.115431427853586177e-01
8.493652343750000000e-01 5.097684550666990999e-01
8.494873046875000000e-01 5.079932865031548950e-01
8.496093750000000000e-01 5.062176719118240964e-01
8.497314453125000000e-01 5.044416461530167872e-01
8.498535156250000000e-01 5.026652441282373207e-01
8.499755859375000000e-01 5.008885007781668230e-01
8.500976562500000000e-01 4.991114510806343718e-01
8.502197265625000000e-01 4.973341300485876193e-01
8.503417968750000000e-01 4.955565727280552002e-01
8.504638671875000000e-01 4.937788141961062527e-01
8.505859375000000000e-01 4.920008895588038333e-01
8.507080078125000000e-01 4.902228339491545572e-01
8.508300781250000000e-01 4.884446825250543522e-01
8.509521484375000000e-01 4.866664704672286623e-01
8.510742187500000000e-01 4.848882329771703747e-01
8.511962890625000000e-01 4.831100052750730844e-01
8.513183593750000000e-01 4.813318225977608611e-01
8.514404296875000000e-01 4.795537201966154628e-01
8.515625000000000000e-01 4.777757333354988312e-01
8.516845703125000000e-01 4.759978972886748649e-01
8.518066406250000000e-01 4.742202473387264750e-01
8.519287109375000000e-01 4.724428187744714736e-01
8.520507812500000000e-01 4.706656468888756328e-01
8.521728515625000000e-01 4.688887669769631894e-01
8.522949218750000000e-01 4.671122143337262389e-01
8.524169921875000000e-01 4.653360242520324652e-01
8.525390625000000000e-01 4.635602320205300386e-01
8.526611328125000000e-01 4.617848729215530135e-01
8.527832031250000000e-01 4.600099822290246165e-01
8.529052734375000000e-01 4.582355952063594806e-01
8.530273437500000000e-01 4.564617471043662111e-01
8.531494140625000000e-01 4.546884731591481210e-01
8.532714843750000000e-01 4.529158085900046316e-01
8.533935546875000000e-01 4.511437885973328399e-01
8.535156250000000000e-01 4.493724483605281983e-01
8.536376953125000000e-01 4.476018230358863592e-01
8.537597656250000000e-01 4.458319477545054088e-01
8.538818359375000000e-01 4.440628576201886002e-01
8.540039062500000000e-01 4.422945877073486964e-01
8.541259765625000000e-01 4.405271730589125356e-01
8.542480468750000000e-01 4.387606486842278164e-01
8.543701171875000000e-01 4.369950495569713267e-01
8.544921875000000000e-01 4.352304106130586714e-01
8.546142578125000000e-01 4.334667667485560538e-01
8.547363281250000000e-01 4.317041528175948883e-01
8.548583984375000000e-01 4.299426036302876897e-01
8.549804687500000000e-01 4.281821539506480701e-01
8.551025390625000000e-01 4.264228384945121797e-01
8.552246093750000000e-01 4.246646919274638110e-01
8.553466796875000000e-01 4.229077488627635550e-01
8.554687500000000000e-01 4.211520438592795124e-01
8.555908203125000000e-01 4.193976114194236104e-01
8.557128906250000000e-01 4.176444859870905857e-01
8.558349609375000000e-01 4.158927019456020169e-01
8.559570312500000000e-01 4.141422936156531343e-01
8.560791015625000000e-01 4.123932952532660678e-01
8.562011718750000000e-01 4.106457410477459269e-01
8.563232421875000000e-01 4.088996651196434851e-01
8.564453125000000000e-01 4.071551015187216960e-01
8.565673828125000000e-01 4.054120842219280929e-01
8.566894531250000000e-01 4.036706471313724065e-01
8.568115234375000000e-01 4.019308240723101777e-01
8.569335937500000000e-01 4.001926487911329211e-01
8.570556640625000000e-01 3.984561549533623959e-01
8.571777343750000000e-01 3.967213761416534257e-01
8.572998046875000000e-01 3.949883458538023806e-01
8.574218750000000000e-01 3.932570975007615433e-01
8.575439453125000000e-01 3.915276644046619126e-01
8.576660156250000000e-01 3.898000797968421693e-01
8.577880859375000000e-01 3.880743768158849694e-01
8.579101562500000000e-01 3.863505885056616740e-01
8.580322265625000000e-01 3.846287478133828541e-01
8.581542968750000000e-01 3.829088875876591191e-01
8.582763671875000000e-01 3.811910405765684962e-01
8.583984375000000000e-01 3.794752394257318029e-01
8.585205078125000000e-01 3.777615166763986787e-01
8.586425781250000000e-01 3.760499047635386671e-01
8.587646484375000000e-01 3.743404360139452880e-01
8.588867187500000000e-01 3.726331426443463823e-01
8.590087890625000000e-01 3.709280567595237277e-01
8.591308593750000000e-01 3.692252103504441441e-01
8.592529296875000000e-01 3.675246352923982052e-01
8.593750000000000000e-01 3.658263633431494410e-01
8.594970703125000000e-01 3.641304261410936438e-01
8.596191406250000000e-01 3.624368552034282764e-01
8.597412109375000000e-01 3.607456819243324286e-01
8.598632812500000000e-01 3.590569375731566537e-01
8.599853515625000000e-01 3.573706532926241852e-01
8.601074218750000000e-01 3.556868600970429228e-01
8.602294921875000000e-01 3.540055888705280207e-01
8.603515625000000000e-01 3.523268703652362444e-01
8.604736328125000000e-01 3.506507351996118738e-01
8.605957031250000000e-01 3.489772138566434867e-01
8.607177734375000000e-01 3.473063366821326770e-01
8.608398437500000000e-01 3.456381338829758176e-01
8.609619140625000000e-01 3.439726355254558721e-01
8.610839843750000000e-01 3.423098715335487485e-01
8.612060546875000000e-01 3.406498716872402577e-01
8.613281250000000000e-01 3.389926656208563926e-01
8.614501953125000000e-01 3.373382828214067652e-01
8.615722656250000000e-01 3.356867526269401436e-01
8.616943359375000000e-01 3.340381042249138122e-01
8.618164062500000000e-01 3.323923666505752550e-01
8.619384765625000000e-01 3.307495687853584387e-01
8.620605468750000000e-01 3.291097393552925299e-01
8.621826171875000000e-01 3.274729069294253225e-01
8.623046875000000000e-01 3.258390999182589898e-01
8.624267578125000000e-01 3.242083465722020441e-01
8.625488281250000000e-01 3.225806749800331774e-01
8.626708984375000000e-01 3.209561130673812546e-01
8.627929687500000000e-01 3.193346885952180747e-01
8.629150390625000000e-01 3.177164291583672306e-01
8.630371093750000000e-01 3.161013621840267351e-01
8.631591796875000000e-01 3.144895149303071347e-01
8.632812500000000000e-01 3.128809144847835011e-01
8.634033203125000000e-01 3.112755877630639656e-01
8.635253906250000000e-01 3.096735615073727965e-01
8.636474609375000000e-01 3.080748622851487983e-01
8.637695312500000000e-01 3.064795164876594757e-01
8.638916015625000000e-01 3.048875503286306299e-01
8.640136718750000000e-01 3.032989898428919417e-01
8.641357421875000000e-01 3.017138608850387094e-01
8.642578125000000000e-01 3.001321891281084620e-01
8.643798828125000000e-01 2.985540000622753931e-01
8.645019531250000000e-01 2.969793189935597821e-01
8.646240234375000000e-01 2.954081710425540686e-01
8.647460937500000000e-01 2.938405811431658021e-01
8.648681640625000000e-01 2.922765740413770241e-01
8.649902343750000000e-01 2.907161742940197469e-01
8.651123046875000000e-01 2.891594062675695298e-01
8.652343750000000000e-01 2.876062941369545989e-01
8.653564453125000000e-01 2.860568618843825073e-01
8.654785156250000000e-01 2.845111332981850039e-01
8.656005859375000000e-01 2.829691319716780562e-01
8.657226562500000000e-01 2.814308813020408584e-01
8.658447265625000000e-01 2.798964044892114922e-01
8.659667968750000000e-01 2.783657245348003517e-01
8.660888671875000000e-01 2.768388642410209988e-01
8.662109375000000000e-01 2.753158462096388925e-01
8.663330078125000000e-01 2.737966928409379941e-01
8.664550781250000000e-01 2.722814263327045237e-01
8.665771484375000000e-01 2.707700686792298139e-01
8.666992187500000000e-01 2.692626416703296499e-01
8.668212890625000000e-01 2.677591668903835931e-01
8.669433593750000000e-01 2.662596657173905701e-01
8.670654296875000000e-01 2.647641593220443346e-01
8.671875000000000000e-01 2.632726686668256377e-01
8.673095703125000000e-01 2.617852145051143831e-01
8.674316406250000000e-01 2.603018173803188784e-01
8.675537109375000000e-01 2.588224976250245168e-01
8.676757812500000000e-01 2.573472753601605545e-01
8.677978515625000000e-01 2.558761704941857618e-01
8.679199218750000000e-01 2.544092027222920049e-01
8.680419921875000000e-01 2.529463915256279782e-01
8.681640625000000000e-01 2.514877561705404219e-01
8.682861328125000000e-01 2.500333157078347135e-01
8.684082031250000000e-01 2.485830889720540560e-01
8.685302734375000000e-01 2.471370945807783714e-01
8.686523437500000000e-01 2.456953509339413755e-01
8.687744140625000000e-01 2.442578762131658587e-01
8.688964843750000000e-01 2.428246883811208401e-01
8.690185546875000000e-01 2.413958051808944016e-01
8.691406250000000000e-01 2.399712441353878400e-01
8.692626953125000000e-01 2.385510225467285528e-01
8.693847656250000000e-01 2.371351574957009101e-01
8.695068359375000000e-01 2.357236658411983876e-01
8.696289062500000000e-01 2.343165642196928800e-01
8.697509765625000000e-01 2.329138690447246640e-01
8.698730468750000000e-01 2.315155965064105981e-01
8.699951171875000000e-01 2.301217625709724712e-01
8.701171875000000000e-01 2.287323829802839770e-01
8.702392578125000000e-01 2.273474732514376984e-01
8.703613281250000000e-01 2.259670486763299957e-01
8.704833984375000000e-01 2.245911243212670716e-01
8.706054687500000000e-01 2.232197150265886887e-01
8.707275390625000000e-01 2.218528354063122876e-01
8.708496093750000000e-01 2.204904998477960343e-01
8.709716796875000000e-01 2.191327225114211852e-01
8.710937500000000000e-01 2.177795173302932152e-01
8.712158203125000000e-01 2.164308980099632351e-01
8.713378906250000000e-01 2.150868780281682546e-01
8.714599609375000000e-01 2.137474706345906805e-01
8.715820312500000000e-01 2.124126888506364663e-01
8.717041015625000000e-01 2.110825454692338288e-01
8.718261718750000000e-01 2.097570530546501444e-01
8.719482421875000000e-01 2.084362239423281915e-01
8.720703125000000000e-01 2.071200702387419879e-01
8.721923828125000000e-01 2.058086038212712521e-01
8.723144531250000000e-01 2.045018363380953219e-01
8.724365234375000000e-01 2.031997792081061682e-01
8.725585937500000000e-01 2.019024436208404216e-01
8.726806640625000000e-01 2.006098405364296899e-01
8.728027343750000000e-01 1.993219806855714982e-01
8.729248046875000000e-01 1.980388745695172148e-01
8.730468750000000000e-01 1.967605324600807393e-01
8.731689453125000000e-01 1.954869643996644535e-01
8.732910156250000000e-01 1.942181802013046577e-01
8.734130859375000000e-01 1.929541894487365461e-01
8.735351562500000000e-01 1.916950014964760585e-01
8.736572265625000000e-01 1.904406254699220202e-01
8.737792968750000000e-01 1.891910702654763521e-01
8.739013671875000000e-01 1.879463445506822095e-01
8.740234375000000000e-01 1.867064567643818562e-01
8.741455078125000000e-01 1.854714151168915248e-01
8.742675781250000000e-01 1.842412275901955943e-01
8.743896484375000000e-01 1.830159019381592811e-01
8.745117187500000000e-01 1.817954456867579838e-01
8.746337890625000000e-01 1.805798661343268607e-01
8.747558593750000000e-01 1.793691703518268121e-01
8.748779296875000000e-01 1.781633651831296405e-01
8.750000000000000000e-01 1.769624572453198375e-01
8.751220703125000000e-01 1.757664529290154931e-01
8.752441406250000000e-01 1.745753583987064428e-01
8.753662109375000000e-01 1.733891795931101210e-01
8.754882812500000000e-01 1.722079222255446518e-01
8.756103515625000000e-01 1.710315917843198419e-01
8.757324218750000000e-01 1.698601935331457424e-01
8.758544921875000000e-01 1.686937325115582809e-01
8.759765625000000000e-01 1.675322135353618513e-01
8.760986328125000000e-01 1.663756411970898352e-01
8.762207031250000000e-01 1.652240198664809978e-01
8.763427734375000000e-01 1.640773536909744812e-01
8.764648437500000000e-01 1.629356465962197020e-01
8.765869140625000000e-01 1.617989022866045679e-01
8.767089843750000000e-01 1.606671242457993476e-01
8.768310546875000000e-01 1.595403157373180281e-01
8.769531250000000000e-01 1.584184798050949083e-01
8.770751953125000000e-01 1.573016192740784303e-01
8.771972656250000000e-01 1.561897367508410794e-01
8.773193359375000000e-01 1.550828346242046907e-01
8.774414062500000000e-01 1.539809150658831838e-01
8.775634765625000000e-01 1.528839800311391772e-01
8.776855468750000000e-01 1.517920312594581711e-01
8.778076171875000000e-01 1.507050702752374960e-01
8.779296875000000000e-01 1.496230983884907495e-01
8.780517578125000000e-01 1.485461166955677204e-01
8.781738281250000000e-01 1.474741260798895781e-01
8.782958984375000000e-01 1.464071272126999945e-01
8.784179687500000000e-01 1.453451205538293656e-01
8.785400390625000000e-01 1.442881063524756313e-01
8.786621093750000000e-01 1.432360846479995842e-01
8.787841796875000000e-01 1.421890552707343047e-01
8.789062500000000000e-01 1.411470178428088362e-01
8.790283203125000000e-01 1.401099717789872634e-01
8.791503906250000000e-01 1.390779162875212249e-01
8.792724609375000000e-01 1.380508503710168311e-01
8.793945312500000000e-01 1.370287728273152927e-01
8.795166015625000000e-01 1.360116822503871781e-01
8.796386718750000000e-01 1.349995770312413246e-01
8.797607421875000000e-01 1.339924553588461298e-01
8.798828125000000000e-01 1.329903152210645811e-01
8.800048828125000000e-01 1.319931544056028860e-01
8.801269531250000000e-01 1.310009705009719250e-01
8.802490234375000000e-01 1.300137608974614722e-01
8.803710937500000000e-01 1.290315227881276283e-01
8.804931640625000000e-01 1.280542531697925202e-01
8.806152343750000000e-01 1.270819488440565470e-01
8.807373046875000000e-01 1.261146064183235604e-01
8.808593750000000000e-01 1.251522223068370909e-01
8.809814453125000000e-01 1.241947927317298694e-01
8.811035156250000000e-01 1.232423137240841460e-01
8.812255859375000000e-01 1.222947811250049699e-01
8.813476562500000000e-01 1.213521905867036843e-01
8.814697265625000000e-01 1.204145375735936052e-01
8.815917968750000000e-01 1.194818173633970665e-01
8.817138671875000000e-01 1.185540250482635116e-01
8.818359375000000000e-01 1.176311555358977162e-01
8.819580078125000000e-01 1.167132035507002230e-01
8.820800781250000000e-01 1.158001636349171026e-01
8.822021484375000000e-01 1.148920301498009694e-01
8.823242187500000000e-01 1.139887972767820029e-01
8.824462890625000000e-01 1.130904590186492115e-01
8.825683593750000000e-01 1.121970092007413267e-01
8.826904296875000000e-01 1.113084414721483839e-01
8.828125000000000000e-01 1.104247493069215325e-01
8.829345703125000000e-01 1.095459260052939754e-01
8.830566406250000000e-01 1.086719646949095841e-01
8.831787109375000000e-01 1.078028583320623790e-01
8.833007812500000000e-01 1.069385997029431018e-01
8.834228515625000000e-01 1.060791814248965848e-01
8.835449218750000000e-01 1.052245959476857118e-01
8.836669921875000000e-01 1.043748355547660239e-01
8.837890625000000000e-01 1.035298923645664726e-01
8.839111328125000000e-01 1.026897583317797902e-01
8.840332031250000000e-01 1.018544252486606044e-01
8.841552734375000000e-01 1.010238847463307138e-01
8.842773437500000000e-01 1.001981282960927311e-01
8.843994140625000000e-01 9.937714721075055491e-02
8.845214843750000000e-01 9.856093264593758507e-02
8.846435546875000000e-01 9.774947560145186287e-02
8.847656250000000000e-01 9.694276692259834460e-02
8.848876953125000000e-01 9.614079730153726744e-02
8.850097656250000000e-01 9.534355727864016194e-02
8.851318359375000000e-01 9.455103724385169328e-02
8.852539062500000000e-01 9.376322743805720616e-02
8.853759765625000000e-01 9.298011795445787486e-02
8.854980468750000000e-01 9.220169873995021081e-02
8.856201171875000000e-01 9.142795959651203730e-02
8.857421875000000000e-01 9.065889018259423726e-02
8.858642578125000000e-01 8.989448001451724735e-02
8.859863281250000000e-01 8.913471846787320019e-02
8.861083984375000000e-01 8.837959477893339577e-02
8.862304687500000000e-01 8.762909804605953368e-02
8.863525390625000000e-01 8.688321723112121808e-02
8.864746093750000000e-01 8.614194116091697384e-02
8.865966796875000000e-01 8.540525852859941203e-02
8.867187500000000000e-01 8.467315789510553026e-02
8.868408203125000000e-01 8.394562769059017715e-02
8.869628906250000000e-01 8.322265621586388828e-02
8.870849609375000000e-01 8.250423164383448305e-02
8.872070312500000000e-01 8.179034202095136763e-02
8.873291015625000000e-01 8.108097526865407079e-02
8.874511718750000000e-01 8.037611918482354123e-02
8.875732421875000000e-01 7.967576144523666470e-02
8.876953125000000000e-01 7.897988960502308475e-02
8.878173828125000000e-01 7.828849110012550683e-02
8.879394531250000000e-01 7.760155324876180649e-02
8.880615234375000000e-01 7.691906325288960788e-02
8.881835937500000000e-01 7.624100819967363774e-02
8.883056640625000000e-01 7.556737506295391205e-02
8.884277343750000000e-01 7.489815070471701752e-02
8.885498046875000000e-01 7.423332187656814241e-02
8.886718750000000000e-01 7.357287522120474488e-02
8.887939453125000000e-01 7.291679727389235866e-02
8.889160156250000000e-01 7.226507446394023204e-02
8.890380859375000000e-01 7.161769311617929845e-02
8.891601562500000000e-01 7.097463945244004979e-02
8.892822265625000000e-01 7.033589959303131189e-02
8.894042968750000000e-01 6.970145955822026895e-02
8.895263671875000000e-01 6.907130526971158591e-02
8.896484375000000000e-01 6.844542255212787696e-02
8.897705078125000000e-01 6.782379713448939695e-02
8.898925781250000000e-01 6.720641465169432949e-02
8.900146484375000000e-01 6.659326064599831174e-02
8.901367187500000000e-01 6.598432056849351524e-02
8.902587890625000000e-01 6.537957978058761555e-02
8.903808593750000000e-01 6.477902355548147140e-02
8.905029296875000000e-01 6.418263707964649845e-02
8.906250000000000000e-01 6.359040545430021119e-02
8.907470703125000000e-01 6.300231369688155669e-02
8.908691406250000000e-01 6.241834674252384751e-02
8.909912109375000000e-01 6.183848944552740312e-02
8.911132812500000000e-01 6.126272658082938111e-02
8.912353515625000000e-01 6.069104284547233163e-02
8.913574218750000000e-01 6.012342286007126002e-02
8.914794921875000000e-01 5.955985117027780273e-02
8.916015625000000000e-01 5.900031224824271031e-02
8.917236328125000000e-01 5.844479049407532573e-02
8.918457031250000000e-01 5.789327023730203581e-02
8.919677734375000000e-01 5.734573573831988624e-02
8.920898437500000000e-01 5.680217118984942637e-02
8.922119140625000000e-01 5.626256071838320327e-02
8.923339843750000000e-01 5.572688838563219504e-02
8.924560546875000000e-01 5.519513818996815702e-02
8.925781250000000000e-01 5.466729406786342838e-02
8.927001953125000000e-01 5.414333989532627012e-02
8.928222656250000000e-01 5.362325948933396869e-02
8.929443359375000000e-01 5.310703660926094360e-02
8.930664062500000000e-01 5.259465495830345505e-02
8.931884765625000000e-01 5.208609818490050891e-02
8.933105468750000000e-01 5.158134988415007810e-02
8.934326171875000000e-01 5.108039359922170175e-02
8.935546875000000000e-01 5.058321282276422026e-02
8.936767578125000000e-01 5.008979099830947884e-02
8.937988281250000000e-01 4.960011152167019544e-02
8.939208984375000000e-01 4.911415774233521270e-02
8.940429687500000000e-01 4.863191296485738779e-02
8.941650390625000000e-01 4.815336045023861644e-02
8.942871093750000000e-01 4.767848341730823725e-02
8.944091796875000000e-01 4.720726504409718249e-02
8.945312500000000000e-01 4.673968846920580067e-02
8.946533203125000000e-01 4.627573679316720340e-02
8.947753906250000000e-01 4.581539307980492248e-02
8.948974609375000000e-01 4.535864035758353785e-02
8.950195312500000000e-01 4.490546162095560012e-02
8.951416015625000000e-01 4.445583983170107306e-02
8.952636718750000000e-01 4.400975792026082245e-02
8.953857421875000000e-01 4.356719878706546978e-02
8.955078125000000000e-01 4.312814530385598866e-02
8.956298828125000000e-01 4.269258031499945094e-02
8.957519531250000000e-01 4.226048663879743150e-02
8.958740234375000000e-01 4.183184706878886883e-02
8.959960937500000000e-01 4.140664437504530671e-02
8.961181640625000000e-01 4.098486130545929418e-02
8.962402343750000000e-01 4.056648058702778253e-02
8.963623046875000000e-01 4.015148492712613398e-02
8.964843750000000000e-01 3.973985701477653065e-02
8.966064453125000000e-01 3.933157952190938222e-02
8.967285156250000000e-01 3.892663510461677467e-02
8.968505859375000000e-01 3.852500640439922297e-02
8.969726562500000000e-01 3.812667604940524202e-02
8.970947265625000000e-01 3.773162665566186236e-02
8.972167968750000000e-01 3.733984082830050372e-02
8.973388671875000000e-01 3.695130116277237087e-02
8.974609375000000000e-01 3.656599024605781956e-02
8.975830078125000000e-01 3.618389065786727088e-02
8.977050781250000000e-01 3.580498497183468021e-02
8.978271484375000000e-01 3.542925575670279742e-02
8.979492187500000000e-01 3.505668557750027392e-02
8.980712890625000000e-01 3.468725699671088014e-02
8.981933593750000000e-01 3.432095257543536782e-02
8.983154296875000000e-01 3.395775487454325003e-02
8.984375000000000000e-01 3.359764645581789222e-02
8.985595703125000000e-01 3.324060988309225639e-02
8.986816406250000000e-01 3.288662772337795637e-02
8.988037109375000000e-01 3.253568254798285680e-02
8.989257812500000000e-01 3.218775693362296852e-02
8.990478515625000000e-01 3.184283346352424077e-02
8.991699218750000000e-01 3.150089472851565903e-02
8.992919921875000000e-01 3.116192332811473092e-02
8.994140625000000000e-01 3.082590187160288292e-02
8.995361328125000000e-01 3.049281297909227362e-02
8.996582031250000000e-01 3.016263928258489102e-02
8.997802734375000000e-01 2.983536342702095695e-02
8.999023437500000000e-01 2.951096807132009420e-02
9.000244140625000000e-01 2.918943588941122838e-02
9.001464843750000000e-01 2.887074957125611990e-02
9.002685546875000000e-01 2.855489182386126285e-02
9.003906250000000000e-01 2.824184537228253966e-02
9.005126953125000000e-01 2.793159296061927324e-02
9.006347656250000000e-01 2.762411735299937637e-02
9.007568359375000000e-01 2.731940133455610514e-02
9.008789062500000000e-01 2.701742771239430685e-02
9.010009765625000000e-01 2.671817931654721368e-02
9.011230468750000000e-01 2.642163900092522194e-02
9.012451171875000000e-01 2.612778964425373912e-02
9.013671875000000000e-01 2.583661415100224970e-02
9.014892578125000000e-01 2.554809545230393025e-02
9.016113281250000000e-01 2.526221650686502965e-02
9.017333984375000000e-01 2.497896030186597116e-02
9.018554687500000000e-01 2.469830985385133848e-02
9.019775390625000000e-01 2.442024820961136850e-02
9.020996093750000000e-01 2.414475844705335494e-02
9.022216796875000000e-01 2.387182367606349026e-02
9.023437500000000000e-01 2.360142703935853847e-02
9.024658203125000000e-01 2.333355171332904612e-02
9.025878906250000000e-01 2.306818090887120115e-02
9.027099609375000000e-01 2.280529787221024368e-02
9.028320312500000000e-01 2.254488588571376684e-02
9.029541015625000000e-01 2.228692826869434901e-02
9.030761718750000000e-01 2.203140837820423761e-02
9.031982421875000000e-01 2.177830960981860797e-02
9.033203125000000000e-01 2.152761539840927774e-02
9.034423828125000000e-01 2.127930921890969218e-02
9.035644531250000000e-01 2.103337458706894258e-02
9.036865234375000000e-01 2.078979506019618811e-02
9.038085937500000000e-01 2.054855423789603980e-02
9.039306640625000000e-01 2.030963576279252308e-02
9.040527343750000000e-01 2.007302332124509536e-02
9.041748046875000000e-01 1.983870064405347799e-02
9.042968750000000000e-01 1.960665150715328389e-02
9.044189453125000000e-01 1.937685973230145881e-02
9.045410156250000000e-01 1.914930918775219898e-02
9.046630859375000000e-01 1.892398378892294619e-02
9.047851562500000000e-01 1.870086749905051915e-02
9.049072265625000000e-01 1.847994432983755819e-02
9.050292968750000000e-01 1.826119834208895371e-02
9.051513671875000000e-01 1.804461364633874049e-02
9.052734375000000000e-01 1.783017440346719787e-02
9.053955078125000000e-01 1.761786482530802722e-02
9.055175781250000000e-01 1.740766917524549234e-02
9.056396484375000000e-01 1.719957176880309094e-02
9.057617187500000000e-01 1.699355697422073527e-02
9.058837890625000000e-01 1.678960921302328352e-02
9.060058593750000000e-01 1.658771296057993602e-02
9.061279296875000000e-01 1.638785274665232466e-02
9.062500000000000000e-01 1.619001315593432411e-02
9.063720703125000000e-01 1.599417882858158654e-02
9.064941406250000000e-01 1.580033446073218079e-02
9.066162109375000000e-01 1.560846480501685424e-02
9.067382812500000000e-01 1.541855467105973654e-02
9.068603515625000000e-01 1.523058892597066102e-02
9.069824218750000000e-01 1.504455249482625732e-02
9.071044921875000000e-01 1.486043036114332271e-02
9.072265625000000000e-01 1.467820756734158558e-02
9.073486328125000000e-01 1.449786921519716915e-02
9.074707031250000000e-01 1.431940046628739534e-02
9.075927734375000000e-01 1.414278654242545966e-02
9.077148437500000000e-01 1.396801272608631794e-02
9.078369140625000000e-01 1.379506436082257939e-02
9.079589843750000000e-01 1.362392685167259157e-02
9.080810546875000000e-01 1.345458566555754118e-02
9.082031250000000000e-01 1.328702633167050048e-02
9.083251953125000000e-01 1.312123444185608195e-02
9.084472656250000000e-01 1.295719565098122847e-02
9.085693359375000000e-01 1.279489567729633417e-02
9.086914062500000000e-01 1.263432030278789468e-02
9.088134765625000000e-01 1.247545537352194936e-02
9.089355468750000000e-01 1.231828679997885694e-02
9.090576171875000000e-01 1.216280055737882157e-02
9.091796875000000000e-01 1.200898268599878346e-02
9.093017578125000000e-01 1.185681929148049360e-02
9.094238281250000000e-01 1.170629654512953671e-02
9.095458984375000000e-01 1.155740068420647165e-02
9.096679687500000000e-01 1.141011801220853140e-02
9.097900390625000000e-01 1.126443489914231641e-02
9.099121093750000000e-01 1.112033778178955941e-02
9.100341796875000000e-01 1.097781316396294685e-02
9.101562500000000000e-01 1.083684761675371942e-02
9.102783203125000000e-01 1.069742777877085577e-02
9.104003906250000000e-01 1.055954035637260424e-02
9.105224609375000000e-01 1.042317212388893174e-02
9.106445312500000000e-01 1.028830992383579328e-02
9.107666015625000000e-01 1.015494066712147730e-02
9.108886718750000000e-01 1.002305133324465913e-02
9.110107421875000000e-01 9.892628970484314971e-03
9.111328125000000000e-01 9.763660696081552168e-03
9.112548828125000000e-01 9.636133696413619332e-03
9.113769531250000000e-01 9.510035227160269777e-03
9.114990234375000000e-01 9.385352613460917065e-03
9.116210937500000000e-01 9.262073250065960134e-03
9.117431640625000000e-01 9.140184601478688886e-03
9.118652343750000000e-01 9.019674202090172815e-03
9.119873046875000000e-01 8.900529656306870735e-03
9.121093750000000000e-01 8.782738638669674441e-03
9.122314453125000000e-01 8.666288893966374307e-03
9.123535156250000000e-01 8.551168237336025449e-03
9.124755859375000000e-01 8.437364554366187652e-03
9.125976562500000000e-01 8.324865801183148339e-03
9.127197265625000000e-01 8.213660004533801517e-03
9.128417968750000000e-01 8.103735261861677239e-03
9.129638671875000000e-01 7.995079741374798779e-03
9.130859375000000000e-01 7.887681682106720618e-03
9.132080078125000000e-01 7.781529393970945847e-03
9.133300781250000000e-01 7.676611257807488750e-03
9.134521484375000000e-01 7.572915725423665090e-03
9.135742187500000000e-01 7.470431319627016294e-03
9.136962890625000000e-01 7.369146634252008582e-03
9.138183593750000000e-01 7.269050334179780193e-03
9.139404296875000000e-01 7.170131155351784982e-03
9.140625000000000000e-01 7.072377904775963703e-03
9.141845703125000000e-01 6.975779460526770892e-03
9.143066406250000000e-01 6.880324771739080789e-03
9.144287109375000000e-01 6.786002858595832632e-03
9.145507812500000000e-01 6.692802812308140323e-03
9.146728515625000000e-01 6.600713795090484143e-03
9.147949218750000000e-01 6.509725040129213380e-03
9.149169921875000000e-01 6.419825851544866402e-03
9.150390625000000000e-01 6.331005604348490315e-03
9.151611328125000000e-01 6.243253744391843996e-03
9.152832031250000000e-01 6.156559788312190515e-03
9.154052734375000000e-01 6.070913323470334549e-03
9.155273437500000000e-01 5.986304007884147779e-03
9.156494140625000000e-01 5.902721570154709566e-03
9.157714843750000000e-01 5.820155809388419602e-03
9.158935546875000000e-01 5.738596595112773618e-03
9.160156250000000000e-01 5.658033867186277460e-03
9.161376953125000000e-01 5.578457635703787561e-03
9.162597656250000000e-01 5.499857980895418198e-03
9.163818359375000000e-01 5.422225053021621083e-03
9.165039062500000000e-01 5.345549072261151710e-03
9.166259765625000000e-01 5.269820328595411010e-03
9.167480468750000000e-01 5.195029181686945316e-03
9.168701171875000000e-01 5.121166060753106451e-03
9.169921875000000000e-01 5.048221464434786941e-03
9.171142578125000000e-01 4.976185960659784517e-03
9.172363281250000000e-01 4.905050186502096093e-03
9.173583984375000000e-01 4.834804848035896552e-03
9.174804687500000000e-01 4.765440720185174645e-03
9.176025390625000000e-01 4.696948646568082329e-03
9.177246093750000000e-01 4.629319539337895320e-03
9.178466796875000000e-01 4.562544379017935067e-03
9.179687500000000000e-01 4.496614214333605024e-03
9.180908203125000000e-01 4.431520162038576557e-03
9.182128906250000000e-01 4.367253406738516759e-03
9.183349609375000000e-01 4.303805200708643239e-03
9.184570312500000000e-01 4.241166863708295195e-03
9.185791015625000000e-01 4.179329782791080944e-03
9.187011718750000000e-01 4.118285412110917615e-03
9.188232421875000000e-01 4.058025272725061111e-03
9.189453125000000000e-01 3.998540952391008152e-03
9.190673828125000000e-01 3.939824105361827526e-03
9.191894531250000000e-01 3.881866452176938563e-03
9.193115234375000000e-01 3.824659779448948745e-03
9.194335937500000000e-01 3.768195939647122489e-03
9.195556640625000000e-01 3.712466850876768986e-03
9.196777343750000000e-01 3.657464496656307254e-03
9.197998046875000000e-01 3.603180925689798784e-03
9.199218750000000000e-01 3.549608251636300442e-03
9.200439453125000000e-01 3.496738652876434442e-03
9.201660156250000000e-01 3.444564372275004012e-03
9.202880859375000000e-01 3.393077716941494439e-03
9.204101562500000000e-01 3.342271057985735962e-03
9.205322265625000000e-01 3.292136830272410913e-03
9.206542968750000000e-01 3.242667532171534563e-03
9.207763671875000000e-01 3.193855725305829937e-03
9.208984375000000000e-01 3.145694034296148481e-03
9.210205078125000000e-01 3.098175146503012733e-03
9.211425781250000000e-01 3.051291811766283779e-03
9.212646484375000000e-01 3.005036842141957723e-03
9.213867187500000000e-01 2.959403111636096408e-03
9.215087890625000000e-01 2.914383555935888895e-03
9.216308593750000000e-01 2.869971172139498209e-03
9.217529296875000000e-01 2.826159018482105566e-03
9.218750000000000000e-01 2.782940214060259342e-03
9.219970703125000000e-01 2.740307938553861785e-03
9.221191406250000000e-01 2.698255431945435247e-03
9.222412109375000000e-01 2.656775994238273417e-03
9.223632812500000000e-01 2.615862985171368144e-03
9.224853515625000000e-01 2.575509823932558597e-03
9.226074218750000000e-01 2.535709988869819503e-03
9.227294921875000000e-01 2.496457017201129946e-03
9.228515625000000000e-01 2.457744504720455088e-03
9.229736328125000000e-01 2.419566105505104384e-03
9.230957031250000000e-01 2.381915531617880000e-03
9.232177734375000000e-01 2.344786552809982431e-03
9.233398437500000000e-01 2.308172996221085488e-03
9.234619140625000000e-01 2.272068746077837015e-03
9.235839843750000000e-01 2.236467743391352177e-03
9.237060546875000000e-01 2.201363985652354457e-03
9.238281250000000000e-01 2.166751526526172235e-03
9.239501953125000000e-01 2.132624475544197401e-03
9.240722656250000000e-01 2.098976997796323657e-03
9.241943359375000000e-01 2.065803313620725480e-03
9.243164062500000000e-01 2.033097698292656540e-03
9.244384765625000000e-01 2.000854481711830408e-03
9.245605468750000000e-01 1.969068048089278253e-03
9.246826171875000000e-01 1.937732835632668483e-03
9.248046875000000000e-01 1.906843336230404926e-03
9.249267578125000000e-01 1.876394095135095526e-03
9.250488281250000000e-01 1.846379710646149988e-03
9.251708984375000000e-01 1.816794833790881004e-03
9.252929687500000000e-01 1.787634168005440907e-03
9.254150390625000000e-01 1.758892468814315024e-03
9.255371093750000000e-01 1.730564543510029925e-03
9.256591796875000000e-01 1.702645250830823152e-03
9.257812500000000000e-01 1.675129500638614577e-03
9.259033203125000000e-01 1.648012253596126001e-03
9.260253906250000000e-01 1.621288520843624983e-03
9.261474609375000000e-01 1.594953363674378021e-03
9.262695312500000000e-01 1.569001893210372409e-03
9.263916015625000000e-01 1.543429270077903643e-03
9.265136718750000000e-01 1.518230704081342461e-03
9.266357421875000000e-01 1.493401453878129628e-03
9.267578125000000000e-01 1.468936826652529745e-03
9.268798828125000000e-01 1.444832177789452925e-03
9.270019531250000000e-01 1.421082910547914573e-03
9.271240234375000000e-01 1.397684475734408197e-03
9.272460937500000000e-01 1.374632371376286258e-03
9.273681640625000000e-01 1.351922142394492224e-03
9.274902343750000000e-01 1.329549380276648894e-03
9.276123046875000000e-01 1.307509722750563493e-03
9.277343750000000000e-01 1.285798853456829836e-03
9.278564453125000000e-01 1.264412501621564513e-03
9.279785156250000000e-01 1.243346441730430654e-03
9.281005859375000000e-01 1.222596493201391025e-03
9.282226562500000000e-01 1.202158520058179726e-03
9.283447265625000000e-01 1.182028430604056216e-03
9.284667968750000000e-01 1.162202177095751458e-03
9.285888671875000000e-01 1.142675755417605320e-03
9.287109375000000000e-01 1.123445204756044844e-03
9.288330078125000000e-01 1.104506607274316227e-03
9.289550781250000000e-01 1.085856087788070710e-03
9.290771484375000000e-01 1.067489813440314263e-03
9.291992187500000000e-01 1.049403993378026506e-03
9.293212890625000000e-01 1.031594878428295642e-03
9.294433593750000000e-01 1.014058760775825340e-03
9.295654296875000000e-01 9.967919736400421976e-04
9.296875000000000000e-01 9.797908909535708172e-04
9.298095703125000000e-01 9.630519270403844860e-04
9.299316406250000000e-01 9.465715362960668011e-04
9.300537109375000000e-01 9.303462128669424697e-04
9.301757812500000000e-01 9.143724903315481435e-04
9.302978515625000000e-01 8.986469413813924501e-04
9.304199218750000000e-01 8.831661775036056799e-04
9.305419921875000000e-01 8.679268486636365285e-04
9.306640625000000000e-01 8.529256429891542536e-04
9.307861328125000000e-01 8.381592864543169685e-04
9.309082031250000000e-01 8.236245425653235209e-04
9.310302734375000000e-01 8.093182120469865834e-04
9.311523437500000000e-01 7.952371325296266665e-04
9.312744140625000000e-01 7.813781782370625862e-04
9.313964843750000000e-01 7.677382596758437761e-04
9.315185546875000000e-01 7.543143233253757655e-04
9.316406250000000000e-01 7.411033513289498826e-04
9.317626953125000000e-01 7.281023611854105758e-04
9.318847656250000000e-01 7.153084054429374727e-04
9.320068359375000000e-01 7.027185713925066229e-04
9.321289062500000000e-01 6.903299807637077118e-04
9.322509765625000000e-01 6.781397894206706717e-04
9.323730468750000000e-01 6.661451870594442548e-04
9.324951171875000000e-01 6.543433969075257732e-04
9.326171875000000000e-01 6.427316754227128861e-04
9.327392578125000000e-01 6.313073119942851216e-04
9.328613281250000000e-01 6.200676286454232314e-04
9.329833984375000000e-01 6.090099797367092786e-04
9.331054687500000000e-01 5.981317516701284941e-04
9.332275390625000000e-01 5.874303625957677608e-04
9.333496093750000000e-01 5.769032621189312988e-04
9.334716796875000000e-01 5.665479310078586246e-04
9.335937500000000000e-01 5.563618809043813489e-04
9.337158203125000000e-01 5.463426540343501239e-04
9.338378906250000000e-01 5.364878229210303523e-04
9.339599609375000000e-01 5.267949900977046945e-04
9.340820312500000000e-01 5.172617878239424557e-04
9.342041015625000000e-01 5.078858778016519162e-04
9.343261718750000000e-01 4.986649508929587825e-04
9.344482421875000000e-01 4.895967268398774760e-04
9.345703125000000000e-01 4.806789539849638413e-04
9.346923828125000000e-01 4.719094089938011315e-04
9.348144531250000000e-01 4.632858965780787272e-04
9.349365234375000000e-01 4.548062492215605257e-04
9.350585937500000000e-01 4.464683269063341375e-04
9.351806640625000000e-01 4.382700168405114513e-04
9.353027343750000000e-01 4.302092331888902085e-04
9.354248046875000000e-01 4.222839168029362167e-04
9.355468750000000000e-01 4.144920349542365826e-04
9.356689453125000000e-01 4.068315810681343860e-04
9.357910156250000000e-01 3.993005744597747817e-04
9.359130859375000000e-01 3.918970600713148305e-04
9.360351562500000000e-01 3.846191082105969482e-04
9.361572265625000000e-01 3.774648142912200542e-04
9.362792968750000000e-01 3.704322985751658595e-04
9.364013671875000000e-01 3.635197059159476314e-04
9.365234375000000000e-01 3.567252055033113189e-04
9.366455078125000000e-01 3.500469906105798550e-04
9.367675781250000000e-01 3.434832783422270383e-04
9.368896484375000000e-01 3.370323093845218210e-04
9.370117187500000000e-01 3.306923477565482192e-04
9.371337890625000000e-01 3.244616805630053200e-04
9.372558593750000000e-01 3.183386177499791954e-04
9.373779296875000000e-01 3.123214918598300532e-04
9.375000000000000000e-01 3.064086577904649852e-04
9.376220703125000000e-01 3.005984925543126146e-04
9.377441406250000000e-01 2.948893950392788513e-04
9.378662109375000000e-01 2.892797857726830653e-04
9.379882812500000000e-01 2.837681066847268056e-04
9.381103515625000000e-01 2.783528208749882029e-04
9.382324218750000000e-01 2.730324123805063542e-04
9.383544921875000000e-01 2.678053859451257675e-04
9.384765625000000000e-01 2.626702667905980271e-04
9.385986328125000000e-01 2.576256003892389091e-04
9.387207031250000000e-01 2.526699522385532706e-04
9.388427734375000000e-01 2.478019076376637795e-04
9.389648437500000000e-01 2.430200714643424606e-04
9.390869140625000000e-01 2.383230679551359861e-04
9.392089843750000000e-01 2.337095404860953002e-04
9.393310546875000000e-01 2.291781513556049362e-04
9.394531250000000000e-01 2.247275815692538329e-04
9.395751953125000000e-01 2.203565306249978279e-04
9.396972656250000000e-01 2.160637163020963402e-04
9.398193359375000000e-01 2.118478744494811205e-04
9.399414062500000000e-01 2.077077587777349885e-04
9.400634765625000000e-01 2.036421406509874112e-04
9.401855468750000000e-01 1.996498088821044032e-04
9.403076171875000000e-01 1.957295695282834029e-04
9.404296875000000000e-01 1.918802456892271138e-04
9.405517578125000000e-01 1.881006773060112081e-04
9.406738281250000000e-01 1.843897209621673801e-04
9.407958984375000000e-01 1.807462496871311804e-04
9.409179687500000000e-01 1.771691527597694308e-04
9.410400390625000000e-01 1.736573355145835311e-04
9.411621093750000000e-01 1.702097191494069317e-04
9.412841796875000000e-01 1.668252405350626822e-04
9.414062500000000000e-01 1.635028520255779605e-04
9.415283203125000000e-01 1.602415212710554403e-04
9.416503906250000000e-01 1.570402310319923660e-04
9.417724609375000000e-01 1.538979789950096057e-04
9.418945312500000000e-01 1.508137775901253130e-04
9.420166015625000000e-01 1.477866538099372449e-04
9.421386718750000000e-01 1.448156490302604049e-04
9.422607421875000000e-01 1.418998188324095558e-04
9.423828125000000000e-01 1.390382328271250038e-04
9.425048828125000000e-01 1.362299744797480067e-04
9.426269531250000000e-01 1.334741409377705041e-04
9.427490234375000000e-01 1.307698428590353137e-04
9.428710937500000000e-01 1.281162042423286207e-04
9.429931640625000000e-01 1.255123622591031271e-04
9.431152343750000000e-01 1.229574670864353749e-04
9.432373046875000000e-01 1.204506817429105243e-04
9.433593750000000000e-01 1.179911819242713855e-04
9.434814453125000000e-01 1.155781558417885810e-04
9.436035156250000000e-01 1.132108040619817727e-04
9.437255859375000000e-01 1.108883393480647982e-04
9.438476562500000000e-01 1.086099865018049713e-04
9.439697265625000000e-01 1.063749822086443959e-04
9.440917968750000000e-01 1.041825748828420679e-04
9.442138671875000000e-01 1.020320245153349677e-04
9.443359375000000000e-01 9.992260252177937320e-05
9.444580078125000000e-01 9.785359159350388012e-05
9.445800781250000000e-01 9.582428554898828640e-05
9.447021484375000000e-01 9.383398918724064424e-05
9.448242187500000000e-01 9.188201814244315372e-05
9.449462890625000000e-01 8.996769874002380940e-05
9.450683593750000000e-01 8.809036785502986238e-05
9.451904296875000000e-01 8.624937277037947217e-05
9.453125000000000000e-01 8.444407103839216217e-05
9.454345703125000000e-01 8.267383034175746870e-05
9.455566406250000000e-01 8.093802835797115312e-05
9.456787109375000000e-01 7.923605262389451164e-05
9.458007812500000000e-01 7.756730040174542821e-05
9.459228515625000000e-01 7.593117854788063821e-05
9.460449218750000000e-01 7.432710338021631551e-05
9.461669921875000000e-01 7.275450055082790688e-05
9.462890625000000000e-01 7.121280491612739789e-05
9.464111328125000000e-01 6.970146041108856967e-05
9.465332031250000000e-01 6.821991992378308286e-05
9.466552734375000000e-01 6.676764517118415651e-05
9.467773437500000000e-01 6.534410657704726663e-05
9.468994140625000000e-01 6.394878314997366840e-05
9.470214843750000000e-01 6.258116236390311388e-05
9.471435546875000000e-01 6.124074003963153395e-05
9.472656250000000000e-01 5.992702022732621320e-05
9.473876953125000000e-01 5.863951509024043813e-05
9.475097656250000000e-01 5.737774479070248298e-05
9.476318359375000000e-01 5.614123737631565580e-05
9.477539062500000000e-01 5.492952866795553169e-05
9.478759765625000000e-01 5.374216214883652774e-05
9.479980468750000000e-01 5.257868885524573713e-05
9.481201171875000000e-01 5.143866726788302179e-05
9.482421875000000000e-01 5.032166320529758631e-05
9.483642578125000000e-01 4.922724971734535488e-05
9.484863281250000000e-01 4.815500698142029983e-05
9.486083984375000000e-01 4.710452219825033430e-05
9.487304687500000000e-01 4.607538949062358648e-05
9.488525390625000000e-01 4.506720980157165801e-05
9.489746093750000000e-01 4.407959079570916429e-05
9.490966796875000000e-01 4.311214675918164708e-05
9.492187500000000000e-01 4.216449850363074081e-05
9.493408203125000000e-01 4.123627326901860225e-05
9.494628906250000000e-01 4.032710462920271728e-05
9.495849609375000000e-01 3.943663239771762750e-05
9.497070312500000000e-01 3.856450253467837250e-05
9.498291015625000000e-01 3.771036705564595861e-05
9.499511718750000000e-01 3.687388394073340522e-05
9.500732421875000000e-01 3.605471704543205418e-05
9.501953125000000000e-01 3.525253601189775698e-05
9.503173828125000000e-01 3.446701618203191803e-05
9.504394531250000000e-01 3.369783851109328199e-05
9.505615234375000000e-01 3.294468948285904602e-05
9.506835937500000000e-01 3.220726102532338396e-05
9.508056640625000000e-01 3.148525042760697001e-05
9.509277343750000000e-01 3.077836025868370678e-05
9.510498046875000000e-01 3.008629828571505321e-05
9.511718750000000000e-01 2.940877739460509357e-05
9.512939453125000000e-01 2.874551551089931186e-05
9.514160156250000000e-01 2.809623552235689683e-05
9.515380859375000000e-01 2.746066520156457860e-05
9.516601562500000000e-01 2.683853713052051487e-05
9.517822265625000000e-01 2.622958862524713553e-05
9.519042968750000000e-01 2.563356166268163848e-05
9.520263671875000000e-01 2.505020280677109783e-05
9.521484375000000000e-01 2.447926313735302638e-05
9.522705078125000000e-01 2.392049817854443878e-05
9.523925781250000000e-01 2.337366782880413339e-05
9.525146484375000000e-01 2.283853629184172585e-05
9.526367187500000000e-01 2.231487200817174578e-05
9.527587890625000000e-01 2.180244758773989405e-05
9.528808593750000000e-01 2.130103974376160091e-05
9.530029296875000000e-01 2.081042922700916583e-05
9.531250000000000000e-01 2.033040076087492870e-05
9.532470703125000000e-01 1.986074297784193191e-05
9.533691406250000000e-01 1.940124835637312852e-05
9.534912109375000000e-01 1.895171315892346480e-05
9.536132812500000000e-01 1.851193737112222335e-05
9.537353515625000000e-01 1.808172463986698327e-05
9.538574218750000000e-01 1.766088221581650687e-05
9.539794921875000000e-01 1.724922089316608054e-05
9.541015625000000000e-01 1.684655495207338424e-05
9.542236328125000000e-01 1.645270210163197460e-05
9.543457031250000000e-01 1.606748342353917587e-05
9.544677734375000000e-01 1.569072331649718616e-05
9.545898437500000000e-01 1.532224944132738216e-05
9.547119140625000000e-01 1.496189266688008092e-05
9.548339843750000000e-01 1.460948701742178796e-05
9.549560546875000000e-01 1.426486961908855265e-05
9.550781250000000000e-01 1.392788064916908439e-05
9.552001953125000000e-01 1.359836328451282627e-05
9.553222656250000000e-01 1.327616365098911860e-05
9.554443359375000000e-01 1.296113077498240948e-05
9.555664062500000000e-01 1.265311653352231585e-05
9.556884765625000000e-01 1.235197560628828543e-05
9.558105468750000000e-01 1.205756542874515937e-05
9.559326171875000000e-01 1.176974614461409702e-05
9.560546875000000000e-01 1.148838056076381427e-05
9.561767578125000000e-01 1.121333410071740757e-05
9.562988281250000000e-01 1.094447476070211315e-05
9.564208984375000000e-01 1.068167306515766985e-05
9.565429687500000000e-01 1.042480202364649106e-05
9.566650390625000000e-01 1.017373708761136388e-05
9.567871093750000000e-01 9.928356108887909185e-06
9.569091796875000000e-01 9.688539297510001294e-06
9.570312500000000000e-01 9.454169181291569870e-06
9.571533203125000000e-01 9.225130565011680379e-06
9.572753906250000000e-01 9.001310491590219917e-06
9.573974609375000000e-01 8.782598202162325001e-06
9.575195312500000000e-01 8.568885098027852318e-06
9.576416015625000000e-01 8.360064702582399395e-06
9.577636718750000000e-01 8.156032624011996633e-06
9.578857421875000000e-01 7.956686518670538381e-06
9.580078125000000000e-01 7.761926055068073846e-06
9.581298828125000000e-01 7.571652877248814150e-06
9.582519531250000000e-01 7.385770571052354842e-06
9.583740234375000000e-01 7.204184628389954619e-06
9.584960937500000000e-01 7.026802414547347474e-06
9.586181640625000000e-01 6.853533132929495012e-06
9.587402343750000000e-01 6.684287793829444073e-06
9.588623046875000000e-01 6.518979180970795514e-06
9.589843750000000000e-01 6.357521819961959398e-06
9.591064453125000000e-01 6.199831946478527844e-06
9.592285156250000000e-01 6.045827475866173800e-06
9.593505859375000000e-01 5.895427972201684215e-06
9.594726562500000000e-01 5.748554619113498314e-06
9.595947265625000000e-01 5.605130188785833704e-06
9.597167968750000000e-01 5.465079014551977373e-06
9.598388671875000000e-01 5.328326961620405208e-06
9.599609375000000000e-01 5.194801398972800398e-06
9.600830078125000000e-01 5.064431171512430210e-06
9.602050781250000000e-01 4.937146573623083350e-06
9.603271484375000000e-01 4.812879321517076305e-06
9.604492187500000000e-01 4.691562527744604872e-06
9.605712890625000000e-01 4.573130674198370443e-06
9.606933593750000000e-01 4.457519588321696763e-06
9.608154296875000000e-01 4.344666416397445887e-06
9.609375000000000000e-01 4.234509599687970806e-06
9.610595703125000000e-01 4.126988849939239404e-06
9.611816406250000000e-01 4.022045126210490435e-06
9.613037109375000000e-01 3.919620610551047168e-06
9.614257812500000000e-01 3.819658685502839402e-06
9.615478515625000000e-01 3.722103910968264862e-06
9.616699218750000000e-01 3.626902002608433733e-06
9.617919921875000000e-01 3.533999809275423783e-06
9.619140625000000000e-01 3.443345291926969773e-06
9.620361328125000000e-01 3.354887501868388905e-06
9.621582031250000000e-01 3.268576560825790657e-06
9.622802734375000000e-01 3.184363639575423236e-06
9.624023437500000000e-01 3.102200938386994464e-06
9.625244140625000000e-01 3.022041666794940615e-06
9.626464843750000000e-01 2.943840024791722552e-06
9.627685546875000000e-01 2.867551182885362483e-06
9.628906250000000000e-01 2.793131264137478851e-06
9.630126953125000000e-01 2.720537325167061385e-06
9.631347656250000000e-01 2.649727338058679983e-06
9.632568359375000000e-01 2.580660172870734269e-06
9.633789062500000000e-01 2.513295579882885618e-06
9.635009765625000000e-01 2.447594172017677692e-06
9.636230468750000000e-01 2.383517408544485238e-06
9.637451171875000000e-01 2.321027578338563491e-06
9.638671875000000000e-01 2.260087783106995099e-06
9.639892578125000000e-01 2.200661921931810987e-06
9.641113281250000000e-01 2.142714675067883568e-06
9.642333984375000000e-01 2.086211488675572927e-06
9.643554687500000000e-01 2.031118559742894488e-06
9.644775390625000000e-01 1.977402820604245747e-06
9.645996093750000000e-01 1.925031925015995233e-06
9.647216796875000000e-01 1.873974233253893885e-06
9.648437500000000000e-01 1.824198797964645609e-06
9.649658203125000000e-01 1.775675350434969996e-06
9.650878906250000000e-01 1.728374287061108819e-06
9.652099609375000000e-01 1.682266655607785346e-06
9.653320312500000000e-01 1.637324142403303187e-06
9.654541015625000000e-01 1.593519058861772977e-06
9.655761718750000000e-01 1.550824329800509338e-06
9.656982421875000000e-01 1.509213479880964419e-06
9.658203125000000000e-01 1.468660621974899558e-06
9.659423828125000000e-01 1.429140444971260672e-06
9.660644531250000000e-01 1.390628202474599861e-06
9.661865234375000000e-01 1.353099700343341401e-06
9.663085937500000000e-01 1.316531286238284136e-06
9.664306640625000000e-01 1.280899837791695470e-06
9.665527343750000000e-01 1.246182751892543425e-06
9.666748046875000000e-01 1.212357934512556267e-06
9.667968750000000000e-01 1.179403789107460707e-06
9.669189453125000000e-01 1.147299207109753227e-06
9.670410156250000000e-01 1.116023557552339805e-06
9.671630859375000000e-01 1.085556677084120646e-06
9.672851562500000000e-01 1.055878860148743535e-06
9.674072265625000000e-01 1.026970849602441701e-06
9.675292968750000000e-01 9.988138267778187521e-07
9.676513671875000000e-01 9.713894032469790545e-07
9.677734375000000000e-01 9.446796108825222256e-07
9.678955078125000000e-01 9.186668932334910498e-07
9.680175781250000000e-01 8.933340969077139656e-07
9.681396484375000000e-01 8.686644633091526138e-07
9.682617187500000000e-01 8.446416194996245229e-07
9.683837890625000000e-01 8.212495706132021970e-07
9.685058593750000000e-01 7.984726919585685483e-07
9.686279296875000000e-01 7.762957201451629401e-07
9.687500000000000000e-01 7.547037469327422900e-07
9.688720703125000000e-01 7.336822095060515844e-07
9.689941406250000000e-01 7.132168851980375270e-07
9.691162109375000000e-01 6.932938827101810463e-07
9.692382812500000000e-01 6.738996355706902138e-07
9.693603515625000000e-01 6.550208949874111473e-07
9.694824218750000000e-01 6.366447230480907144e-07
9.696044921875000000e-01 6.187584855550556876e-07
9.697265625000000000e-01 6.013498462109685295e-07
9.698486328125000000e-01 5.844067594352746930e-07
9.699707031250000000e-01 5.679174640747464537e-07
9.700927734375000000e-01 5.518704778850250361e-07
9.702148437500000000e-01 5.362545901738006539e-07
9.703369140625000000e-01 5.210588571066535363e-07
9.704589843750000000e-01 5.062725950110272405e-07
9.705810546875000000e-01 4.918853750714473324e-07
9.707031250000000000e-01 4.778870173170432990e-07
9.708251953125000000e-01 4.642675854238435230e-07
9.709472656250000000e-01 4.510173812072378870e-07
9.710693359375000000e-01 4.381269392190653585e-07
9.711914062500000000e-01 4.255870219650876692e-07
9.713134765625000000e-01 4.133886140215256742e-07
9.714355468750000000e-01 4.015229180179531895e-07
9.715576171875000000e-01 3.899813491973442493e-07
9.716796875000000000e-01 3.787555307070507167e-07
9.718017578125000000e-01 3.678372885704208911e-07
9.719238281250000000e-01 3.572186481502454710e-07
9.720458984375000000e-01 3.468918287127501854e-07
9.721679687500000000e-01 3.368492391099406887e-07
9.722900390625000000e-01 3.270834740947462371e-07
9.724121093750000000e-01 3.175873092505968741e-07
9.725341796875000000e-01 3.083536977885141365e-07
9.726562500000000000e-01 2.993757657996531151e-07
9.727783203125000000e-01 2.906468082914953644e-07
9.729003906250000000e-01 2.821602860045665253e-07
9.730224609375000000e-01 2.739098208842325476e-07
9.731445312500000000e-01 2.658891927566667487e-07
9.732666015625000000e-01 2.580923354990584222e-07
9.733886718750000000e-01 2.505133338022139507e-07
9.735107421875000000e-01 2.431464190884148708e-07
9.736328125000000000e-01 2.359859669183147555e-07
9.737548828125000000e-01 2.290264927618902147e-07
9.738769531250000000e-01 2.222626496402736412e-07
9.739990234375000000e-01 2.156892241681032293e-07
9.741210937500000000e-01 2.093011339780731615e-07
9.742431640625000000e-01 2.030934238485229080e-07
9.743652343750000000e-01 1.970612642300810665e-07
9.744873046875000000e-01 1.911999465588186918e-07
9.746093750000000000e-01 1.855048814938405214e-07
9.747314453125000000e-01 1.799715960785654380e-07
9.748535156250000000e-01 1.745957301220612962e-07
9.749755859375000000e-01 1.693730348325262192e-07
9.750976562500000000e-01 1.642993689930771430e-07
9.752197265625000000e-01 1.593706972369589667e-07
9.753417968750000000e-01 1.545830868163018735e-07
9.754638671875000000e-01 1.499327059681491149e-07
9.755859375000000000e-01 1.454158208049162908e-07
9.757080078125000000e-01 1.410287933027599911e-07
9.758300781250000000e-01 1.367680789122872431e-07
9.759521484375000000e-01 1.326302242828377567e-07
9.760742187500000000e-01 1.286118653396983023e-07
9.761962890625000000e-01 1.247097247002839211e-07
9.763183593750000000e-01 1.209206097547197356e-07
9.764404296875000000e-01 1.172414110027182671e-07
9.765625000000000000e-01 1.136690992886024145e-07
9.766845703125000000e-01 1.102007244448888751e-07
9.768066406250000000e-01 1.068334129949715662e-07
9.769287109375000000e-01 1.035643669239861992e-07
9.770507812500000000e-01 1.003908607574017708e-07
9.771728515625000000e-01 9.731024073056510926e-08
9.772949218750000000e-01 9.431992277370216353e-08
9.774169921875000000e-01 9.141739050283692942e-08
9.775390625000000000e-01 8.860019407613449923e-08
9.776611328125000000e-01 8.586594789437264166e-08
9.777832031250000000e-01 8.321232946796473259e-08
9.779052734375000000e-01 8.063707789540432287e-08
9.780273437500000000e-01 7.813799218388379076e-08
9.781494140625000000e-01 7.571292968651408090e-08
9.782714843750000000e-01 7.335980485274620451e-08
9.783935546875000000e-01 7.107658746177783114e-08
9.785156250000000000e-01 6.886130171359325974e-08
9.786376953125000000e-01 6.671202447444454444e-08
9.787597656250000000e-01 6.462688426163128828e-08
9.788818359375000000e-01 6.260405947272291865e-08
9.790039062500000000e-01 6.064177794983822913e-08
9.791259765625000000e-01 5.873831464423194534e-08
9.792480468750000000e-01 5.689199147915097198e-08
9.793701171875000000e-01 5.510117534469828216e-08
9.794921875000000000e-01 5.336427771565109573e-08
9.796142578125000000e-01 5.167975268499933349e-08
9.797363281250000000e-01 5.004609630478578862e-08
9.798583984375000000e-01 4.846184601136842424e-08
9.799804687500000000e-01 4.692557858208834430e-08
9.801025390625000000e-01 4.543590965250603879e-08
9.802246093750000000e-01 4.399149302890815085e-08
9.803466796875000000e-01 4.259101899185009064e-08
9.804687500000000000e-01 4.123321406761608395e-08
9.805908203125000000e-01 3.991683914165706647e-08
9.807128906250000000e-01 3.864068997305512309e-08
9.808349609375000000e-01 3.740359507186977469e-08
9.809570312500000000e-01 3.620441517120430545e-08
9.810791015625000000e-01 3.504204284815188824e-08
9.812011718750000000e-01 3.391540089458538162e-08
9.813232421875000000e-01 3.282344257032481708e-08
9.814453125000000000e-01 3.176514985953754054e-08
9.815673828125000000e-01 3.073953286151032753e-08
9.816894531250000000e-01 2.974562985034493343e-08
9.818115234375000000e-01 2.878250537550444067e-08
9.819335937500000000e-01 2.784925059906454201e-08
9.820556640625000000e-01 2.694498184847855917e-08
9.821777343750000000e-01 2.606884049684796258e-08
9.822998046875000000e-01 2.521999177082743509e-08
9.824218750000000000e-01 2.439762454171106769e-08
9.825439453125000000e-01 2.360095069912862466e-08
9.826660156250000000e-01 2.282920412909063125e-08
9.827880859375000000e-01 2.208164082024860065e-08
9.829101562500000000e-01 2.135753734767960187e-08
9.830322265625000000e-01 2.065619091016606572e-08
9.831542968750000000e-01 1.997691915356036801e-08
9.832763671875000000e-01 1.931905863354849148e-08
9.833984375000000000e-01 1.868196506347767499e-08
9.835205078125000000e-01 1.806501284587895137e-08
9.836425781250000000e-01 1.746759347519683955e-08
9.837646484375000000e-01 1.688911681964636415e-08
9.838867187500000000e-01 1.632900922815564628e-08
9.840087890625000000e-01 1.578671362094499632e-08
9.841308593750000000e-01 1.526168879111471505e-08
9.842529296875000000e-01 1.475340953250400228e-08
9.843750000000000000e-01 1.426136583362375892e-08
9.844970703125000000e-01 1.378506199563507273e-08
9.846191406250000000e-01 1.332401680840687756e-08
9.847412109375000000e-01 1.287776359313557749e-08
9.848632812500000000e-01 1.244584867126559591e-08
9.849853515625000000e-01 1.202783180381647690e-08
9.851074218750000000e-01 1.162328545429613300e-08
9.852294921875000000e-01 1.123179496394145515e-08
9.853515625000000000e-01 1.085295752639610692e-08
9.854736328125000000e-01 1.048638200212866633e-08
9.855957031250000000e-01 1.013168915139621504e-08
9.857177734375000000e-01 9.788510700078982883e-09
9.858398437500000000e-01 9.456489249101243504e-09
9.859619140625000000e-01 9.135277889220575651e-09
9.860839843750000000e-01 8.824540142149393680e-09
9.862060546875000000e-01 8.523949239727034164e-09
9.863281250000000000e-01 8.233188465116073568e-09
9.864501953125000000e-01 7.951950176017345384e-09
9.865722656250000000e-01 7.679936090355118157e-09
9.866943359375000000e-01 7.416856745451885712e-09
9.868164062500000000e-01 7.162431540070261841e-09
9.869384765625000000e-01 6.916387926133970836e-09
9.870605468750000000e-01 6.678461749346430798e-09
9.871826171875000000e-01 6.448396679792933821e-09
9.873046875000000000e-01 6.225944153879224150e-09
9.874267578125000000e-01 6.010863111639797120e-09
9.875488281250000000e-01 5.802919921022843270e-09
9.876708984375000000e-01 5.601887540460889507e-09
9.877929687500000000e-01 5.407546197318386781e-09
9.879150390625000000e-01 5.219682854378882808e-09
9.880371093750000000e-01 5.038090583780575657e-09
9.881591796875000000e-01 4.862569034098982386e-09
9.882812500000000000e-01 4.692923895678639699e-09
9.884033203125000000e-01 4.528966620287765551e-09
9.885253906250000000e-01 4.370514643979919988e-09
9.886474609375000000e-01 4.217391039740777036e-09
9.887695312500000000e-01 4.069424075610757751e-09
9.888916015625000000e-01 3.926447414313895852e-09
9.890136718750000000e-01 3.788299799239356324e-09
9.891357421875000000e-01 3.654824943419124678e-09
9.892578125000000000e-01 3.525871488303168184e-09
9.893798828125000000e-01 3.401292667325218484e-09
9.895019531250000000e-01 3.280946295800816779e-09
9.896240234375000000e-01 3.164694485242140767e-09
9.897460937500000000e-01 3.052403778190826765e-09
9.898681640625000000e-01 2.943944975527625429e-09
9.899902343750000000e-01 2.839192363500647132e-09
9.901123046875000000e-01 2.738024902453001555e-09
9.902343750000000000e-01 2.640324797819197994e-09
9.903564453125000000e-01 2.545978071495474942e-09
9.904785156250000000e-01 2.454874479967871812e-09
9.906005859375000000e-01 2.366907114237435137e-09
9.907226562500000000e-01 2.281972500162838466e-09
9.908447265625000000e-01 2.199970271311035742e-09
9.909667968750000000e-01 2.120803304607159205e-09
9.910888671875000000e-01 2.044377706625936341e-09
9.912109375000000000e-01 1.970602262086794225e-09
9.913330078125000000e-01 1.899388929269867922e-09
9.914550781250000000e-01 1.830652349362100651e-09
9.915771484375000000e-01 1.764309939825920483e-09
9.916992187500000000e-01 1.700281577013437363e-09
9.918212890625000000e-01 1.638489921103918695e-09
9.919433593750000000e-01 1.578859859019762294e-09
9.920654296875000000e-01 1.521318961984959461e-09
9.921875000000000000e-01 1.465797005790204234e-09
9.923095703125000000e-01 1.412225878579698672e-09
9.924316406250000000e-01 1.360539826706267516e-09
9.925537109375000000e-01 1.310675185305040451e-09
9.926757812500000000e-01 1.262570452853001202e-09
9.927978515625000000e-01 1.216165895039256300e-09
9.929199218750000000e-01 1.171403768443738622e-09
9.930419921875000000e-01 1.128228307406370288e-09
9.931640625000000000e-01 1.086585634265012557e-09
9.932861328125000000e-01 1.046423353123788051e-09
9.934082031250000000e-01 1.007690998704379324e-09
9.935302734375000000e-01 9.703395462698915238e-10
9.936523437500000000e-01 9.343220399011251622e-10
9.937744140625000000e-01 8.995923726460542096e-10
9.938964843750000000e-01 8.661064211311130292e-10
9.940185546875000000e-01 8.338214870823376695e-10
9.941406250000000000e-01 8.026960550769075651e-10
9.942626953125000000e-01 7.726902467342688388e-10
9.943847656250000000e-01 7.437651960464815016e-10
9.945068359375000000e-01 7.158837702061493892e-10
9.946289062500000000e-01 6.890094548605572361e-10
9.947509765625000000e-01 6.631076625688467363e-10
9.948730468750000000e-01 6.381442816219064528e-10
9.949951171875000000e-01 6.140867170457184089e-10
9.951171875000000000e-01 5.909034405945312232e-10
9.952392578125000000e-01 5.685638505782364052e-10
9.953613281250000000e-01 5.470384243487666175e-10
9.954833984375000000e-01 5.262987648648253615e-10
9.956054687500000000e-01 5.063171094602180325e-10
9.957275390625000000e-01 4.870669802965986814e-10
9.958496093750000000e-01 4.685224439093565566e-10
9.959716796875000000e-01 4.506588889415223078e-10
9.960937500000000000e-01 4.334520759588373952e-10
9.962158203125000000e-01 4.168787113703741500e-10
9.963378906250000000e-01 4.009167392706209341e-10
9.964599609375000000e-01 3.855440506360079471e-10
9.965820312500000000e-01 3.707399305598488690e-10
9.967041015625000000e-01 3.564841607890834818e-10
9.968261718750000000e-01 3.427571212223166800e-10
9.969482421875000000e-01 3.295399118511630993e-10
9.970703125000000000e-01 3.168144407890262800e-10
9.971923828125000000e-01 3.045631820226602198e-10
9.973144531250000000e-01 2.927687523438555855e-10
9.974365234375000000e-01 2.814151819490274440e-10
9.975585937500000000e-01 2.704865560501484097e-10
9.976806640625000000e-01 2.599672557284216131e-10
9.978027343750000000e-01 2.498428598212536722e-10
9.979248046875000000e-01 2.400988634037439097e-10
9.980468750000000000e-01 2.307216960377613660e-10
9.981689453125000000e-01 2.216979555348498753e-10
9.982910156250000000e-01 2.130148175551959805e-10
9.984130859375000000e-01 2.046599848586425156e-10
9.985351562500000000e-01 1.966214761790265846e-10
9.986572265625000000e-01 1.888878429289696732e-10
9.987792968750000000e-01 1.814476656544341461e-10
9.989013671875000000e-01 1.742903777555503172e-10
9.990234375000000000e-01 1.674057885412897434e-10
9.991455078125000000e-01 1.607838014893133693e-10
9.992675781250000000e-01 1.544145383991640265e-10
9.993896484375000000e-01 1.482891163090306890e-10
9.995117187500000000e-01 1.423981870308073219e-10
9.996337890625000000e-01 1.367333361863385783e-10
9.997558593750000000e-01 1.312861621728170688e-10
9.998779296875000000e-01 1.260483925250065162e-10
