# x u(x,t)
0.000000000000000000e+00 5.551115123125782702e-17
1.220703125000000000e-04 -1.110223024625156540e-16
2.441406250000000000e-04 0.000000000000000000e+00
3.662109375000000000e-04 -2.220446049250313081e-16
4.882812500000000000e-04 5.551115123125782702e-17
6.103515625000000000e-04 0.000000000000000000e+00
7.324218750000000000e-04 -2.220446049250313081e-16
8.544921875000000000e-04 1.110223024625156540e-16
9.765625000000000000e-04 0.000000000000000000e+00
1.098632812500000000e-03 -3.330669073875469621e-16
1.220703125000000000e-03 -5.551115123125782702e-17
1.342773437500000000e-03 -1.110223024625156540e-16
1.464843750000000000e-03 0.000000000000000000e+00
1.586914062500000000e-03 -2.775557561562891351e-16
1.708984375000000000e-03 0.000000000000000000e+00
1.831054687500000000e-03 0.000000000000000000e+00
1.953125000000000000e-03 2.220446049250313081e-16
2.075195312500000000e-03 -5.551115123125782702e-17
2.197265625000000000e-03 -1.110223024625156540e-16
2.319335937500000000e-03 -5.551115123125782702e-17
2.441406250000000000e-03 -5.551115123125782702e-17
2.563476562500000000e-03 -1.110223024625156540e-16
2.685546875000000000e-03 -5.551115123125782702e-17
2.807617187500000000e-03 0.000000000000000000e+00
2.929687500000000000e-03 -1.110223024625156540e-16
3.051757812500000000e-03 -1.110223024625156540e-16
3.173828125000000000e-03 0.000000000000000000e+00
3.295898437500000000e-03 -2.220446049250313081e-16
3.417968750000000000e-03 0.000000000000000000e+00
3.540039062500000000e-03 -1.110223024625156540e-16
3.662109375000000000e-03 0.000000000000000000e+00
3.784179687500000000e-03 -1.665334536937734811e-16
3.906250000000000000e-03 1.110223024625156540e-16
4.028320312500000000e-03 0.000000000000000000e+00
4.150390625000000000e-03 0.000000000000000000e+00
4.272460937500000000e-03 0.000000000000000000e+00
4.394531250000000000e-03 -5.551115123125782702e-17
4.516601562500000000e-03 0.000000000000000000e+00
4.638671875000000000e-03 0.000000000000000000e+00
4.760742187500000000e-03 0.000000000000000000e+00
4.882812500000000000e-03 -1.110223024625156540e-16
5.004882812500000000e-03 -5.551115123125782702e-17
5.126953125000000000e-03 -1.110223024625156540e-16
5.249023437500000000e-03 0.000000000000000000e+00
5.371093750000000000e-03 5.551115123125782702e-17
5.493164062500000000e-03 -2.775557561562891351e-16
5.615234375000000000e-03 0.000000000000000000e+00
5.737304687500000000e-03 0.000000000000000000e+00
5.859375000000000000e-03 5.551115123125782702e-17
5.981445312500000000e-03 -1.110223024625156540e-16
6.103515625000000000e-03 -1.110223024625156540e-16
6.225585937500000000e-03 0.000000000000000000e+00
6.347656250000000000e-03 0.000000000000000000e+00
6.469726562500000000e-03 5.551115123125782702e-17
6.591796875000000000e-03 0.000000000000000000e+00
6.713867187500000000e-03 0.000000000000000000e+00
6.835937500000000000e-03 5.551115123125782702e-17
6.958007812500000000e-03 0.000000000000000000e+00
7.080078125000000000e-03 -5.551115123125782702e-17
7.202148437500000000e-03 -2.775557561562891351e-16
7.324218750000000000e-03 -1.110223024625156540e-16
7.446289062500000000e-03 -2.775557561562891351e-16
7.568359375000000000e-03 -1.110223024625156540e-16
7.690429687500000000e-03 1.110223024625156540e-16
7.812500000000000000e-03 0.000000000000000000e+00
7.934570312500000000e-03 -1.110223024625156540e-16
8.056640625000000000e-03 -1.110223024625156540e-16
8.178710937500000000e-03 -1.110223024625156540e-16
8.300781250000000000e-03 -1.110223024625156540e-16
8.422851562500000000e-03 1.110223024625156540e-16
8.544921875000000000e-03 -1.110223024625156540e-16
8.666992187500000000e-03 5.551115123125782702e-17
8.789062500000000000e-03 -1.110223024625156540e-16
8.911132812500000000e-03 -5.551115123125782702e-17
9.033203125000000000e-03 -5.551115123125782702e-17
9.155273437500000000e-03 -2.220446049250313081e-16
9.277343750000000000e-03 0.000000000000000000e+00
9.399414062500000000e-03 -3.330669073875469621e-16
9.521484375000000000e-03 0.000000000000000000e+00
9.643554687500000000e-03 -5.551115123125782702e-17
9.765625000000000000e-03 0.000000000000000000e+00
9.887695312500000000e-03 0.000000000000000000e+00
1.000976562500000000e-02 -2.220446049250313081e-16
1.013183593750000000e-02 -2.220446049250313081e-16
1.025390625000000000e-02 0.000000000000000000e+00
1.037597656250000000e-02 5.551115123125782702e-17
1.049804687500000000e-02 0.000000000000000000e+00
1.062011718750000000e-02 -5.551115123125782702e-17
1.074218750000000000e-02 -5.551115123125782702e-17
1.086425781250000000e-02 -1.110223024625156540e-16
1.098632812500000000e-02 5.551115123125782702e-17
1.110839843750000000e-02 -2.220446049250313081e-16
1.123046875000000000e-02 -5.551115123125782702e-17
1.135253906250000000e-02 -2.220446049250313081e-16
1.147460937500000000e-02 0.000000000000000000e+00
1.159667968750000000e-02 0.000000000000000000e+00
1.171875000000000000e-02 5.551115123125782702e-17
1.184082031250000000e-02 -2.775557561562891351e-16
1.196289062500000000e-02 0.000000000000000000e+00
1.208496093750000000e-02 -1.110223024625156540e-16
1.220703125000000000e-02 0.000000000000000000e+00
1.232910156250000000e-02 -5.551115123125782702e-17
1.245117187500000000e-02 0.000000000000000000e+00
1.257324218750000000e-02 1.110223024625156540e-16
1.269531250000000000e-02 -5.551115123125782702e-17
1.281738281250000000e-02 -1.110223024625156540e-16
1.293945312500000000e-02 0.000000000000000000e+00
1.306152343750000000e-02 -1.110223024625156540e-16
1.318359375000000000e-02 -1.110223024625156540e-16
1.330566406250000000e-02 -2.220446049250313081e-16
1.342773437500000000e-02 0.000000000000000000e+00
1.354980468750000000e-02 0.000000000000000000e+00
1.367187500000000000e-02 0.000000000000000000e+00
1.379394531250000000e-02 -1.110223024625156540e-16
1.391601562500000000e-02 -1.110223024625156540e-16
1.403808593750000000e-02 0.000000000000000000e+00
1.416015625000000000e-02 1.110223024625156540e-16
1.428222656250000000e-02 -1.110223024625156540e-16
1.440429687500000000e-02 5.551115123125782702e-17
1.452636718750000000e-02 0.000000000000000000e+00
1.464843750000000000e-02 1.110223024625156540e-16
1.477050781250000000e-02 -1.110223024625156540e-16
1.489257812500000000e-02 0.000000000000000000e+00
1.501464843750000000e-02 -2.220446049250313081e-16
1.513671875000000000e-02 -5.551115123125782702e-17
1.525878906250000000e-02 -1.665334536937734811e-16
1.538085937500000000e-02 5.551115123125782702e-17
1.550292968750000000e-02 -1.110223024625156540e-16
1.562500000000000000e-02 2.220446049250313081e-16
1.574707031250000000e-02 -1.110223024625156540e-16
1.586914062500000000e-02 0.000000000000000000e+00
1.599121093750000000e-02 -1.665334536937734811e-16
1.611328125000000000e-02 0.000000000000000000e+00
1.623535156250000000e-02 0.000000000000000000e+00
1.635742187500000000e-02 -5.551115123125782702e-17
1.647949218750000000e-02 1.665334536937734811e-16
1.660156250000000000e-02 -1.110223024625156540e-16
1.672363281250000000e-02 -2.775557561562891351e-16
1.684570312500000000e-02 -1.665334536937734811e-16
1.696777343750000000e-02 -2.220446049250313081e-16
1.708984375000000000e-02 5.551115123125782702e-17
1.721191406250000000e-02 -2.775557561562891351e-16
1.733398437500000000e-02 0.000000000000000000e+00
1.745605468750000000e-02 -5.551115123125782702e-17
1.757812500000000000e-02 2.220446049250313081e-16
1.770019531250000000e-02 -5.551115123125782702e-17
1.782226562500000000e-02 -1.110223024625156540e-16
1.794433593750000000e-02 -1.110223024625156540e-16
1.806640625000000000e-02 0.000000000000000000e+00
1.818847656250000000e-02 -2.775557561562891351e-16
1.831054687500000000e-02 -1.110223024625156540e-16
1.843261718750000000e-02 -1.110223024625156540e-16
1.855468750000000000e-02 -1.110223024625156540e-16
1.867675781250000000e-02 -2.220446049250313081e-16
1.879882812500000000e-02 0.000000000000000000e+00
1.892089843750000000e-02 -2.220446049250313081e-16
1.904296875000000000e-02 -2.220446049250313081e-16
1.916503906250000000e-02 -3.330669073875469621e-16
1.928710937500000000e-02 -1.110223024625156540e-16
1.940917968750000000e-02 -2.220446049250313081e-16
1.953125000000000000e-02 1.110223024625156540e-16
1.965332031250000000e-02 -2.775557561562891351e-16
1.977539062500000000e-02 0.000000000000000000e+00
1.989746093750000000e-02 -1.110223024625156540e-16
2.001953125000000000e-02 0.000000000000000000e+00
2.014160156250000000e-02 -2.775557561562891351e-16
2.026367187500000000e-02 -5.551115123125782702e-17
2.038574218750000000e-02 -1.110223024625156540e-16
2.050781250000000000e-02 -1.110223024625156540e-16
2.062988281250000000e-02 -5.551115123125782702e-17
2.075195312500000000e-02 -5.551115123125782702e-17
2.087402343750000000e-02 -2.220446049250313081e-16
2.099609375000000000e-02 0.000000000000000000e+00
2.111816406250000000e-02 -1.665334536937734811e-16
2.124023437500000000e-02 -1.110223024625156540e-16
2.136230468750000000e-02 -5.551115123125782702e-17
2.148437500000000000e-02 -5.551115123125782702e-17
2.160644531250000000e-02 -2.220446049250313081e-16
2.172851562500000000e-02 -2.220446049250313081e-16
2.185058593750000000e-02 -2.775557561562891351e-16
2.197265625000000000e-02 -5.551115123125782702e-17
2.209472656250000000e-02 -5.551115123125782702e-17
2.221679687500000000e-02 0.000000000000000000e+00
2.233886718750000000e-02 0.000000000000000000e+00
2.246093750000000000e-02 0.000000000000000000e+00
2.258300781250000000e-02 0.000000000000000000e+00
2.270507812500000000e-02 0.000000000000000000e+00
2.282714843750000000e-02 -1.665334536937734811e-16
2.294921875000000000e-02 -1.110223024625156540e-16
2.307128906250000000e-02 -2.775557561562891351e-16
2.319335937500000000e-02 -5.551115123125782702e-17
2.331542968750000000e-02 0.000000000000000000e+00
2.343750000000000000e-02 0.000000000000000000e+00
2.355957031250000000e-02 -1.110223024625156540e-16
2.368164062500000000e-02 -5.551115123125782702e-17
2.380371093750000000e-02 -2.775557561562891351e-16
2.392578125000000000e-02 -2.220446049250313081e-16
2.404785156250000000e-02 0.000000000000000000e+00
2.416992187500000000e-02 -1.110223024625156540e-16
2.429199218750000000e-02 -1.110223024625156540e-16
2.441406250000000000e-02 -1.665334536937734811e-16
2.453613281250000000e-02 -1.665334536937734811e-16
2.465820312500000000e-02 -5.551115123125782702e-17
2.478027343750000000e-02 -1.665334536937734811e-16
2.490234375000000000e-02 0.000000000000000000e+00
2.502441406250000000e-02 -3.330669073875469621e-16
2.514648437500000000e-02 -1.110223024625156540e-16
2.526855468750000000e-02 -5.551115123125782702e-17
2.539062500000000000e-02 5.551115123125782702e-17
2.551269531250000000e-02 -1.665334536937734811e-16
2.563476562500000000e-02 -1.110223024625156540e-16
2.575683593750000000e-02 -2.220446049250313081e-16
2.587890625000000000e-02 -5.551115123125782702e-17
2.600097656250000000e-02 -5.551115123125782702e-17
2.612304687500000000e-02 0.000000000000000000e+00
2.624511718750000000e-02 -2.220446049250313081e-16
2.636718750000000000e-02 -1.110223024625156540e-16
2.648925781250000000e-02 -2.775557561562891351e-16
2.661132812500000000e-02 5.551115123125782702e-17
2.673339843750000000e-02 -2.220446049250313081e-16
2.685546875000000000e-02 -1.110223024625156540e-16
2.697753906250000000e-02 -2.775557561562891351e-16
2.709960937500000000e-02 0.000000000000000000e+00
2.722167968750000000e-02 -1.110223024625156540e-16
2.734375000000000000e-02 -5.551115123125782702e-17
2.746582031250000000e-02 -3.330669073875469621e-16
2.758789062500000000e-02 0.000000000000000000e+00
2.770996093750000000e-02 -1.110223024625156540e-16
2.783203125000000000e-02 0.000000000000000000e+00
2.795410156250000000e-02 -2.220446049250313081e-16
2.807617187500000000e-02 -2.220446049250313081e-16
2.819824218750000000e-02 -2.220446049250313081e-16
2.832031250000000000e-02 0.000000000000000000e+00
2.844238281250000000e-02 -1.665334536937734811e-16
2.856445312500000000e-02 0.000000000000000000e+00
2.868652343750000000e-02 -2.220446049250313081e-16
2.880859375000000000e-02 -5.551115123125782702e-17
2.893066406250000000e-02 -2.220446049250313081e-16
2.905273437500000000e-02 0.000000000000000000e+00
2.917480468750000000e-02 -5.551115123125782702e-17
2.929687500000000000e-02 5.551115123125782702e-17
2.941894531250000000e-02 -1.110223024625156540e-16
2.954101562500000000e-02 -1.110223024625156540e-16
2.966308593750000000e-02 -1.665334536937734811e-16
2.978515625000000000e-02 1.110223024625156540e-16
2.990722656250000000e-02 -1.110223024625156540e-16
3.002929687500000000e-02 5.551115123125782702e-17
3.015136718750000000e-02 0.000000000000000000e+00
3.027343750000000000e-02 0.000000000000000000e+00
3.039550781250000000e-02 -1.110223024625156540e-16
3.051757812500000000e-02 -5.551115123125782702e-17
3.063964843750000000e-02 -1.665334536937734811e-16
3.076171875000000000e-02 -1.110223024625156540e-16
3.088378906250000000e-02 -3.330669073875469621e-16
3.100585937500000000e-02 0.000000000000000000e+00
3.112792968750000000e-02 0.000000000000000000e+00
3.125000000000000000e-02 1.665334536937734811e-16
3.137207031250000000e-02 -1.110223024625156540e-16
3.149414062500000000e-02 5.551115123125782702e-17
3.161621093750000000e-02 -5.551115123125782702e-17
3.173828125000000000e-02 0.000000000000000000e+00
3.186035156250000000e-02 0.000000000000000000e+00
3.198242187500000000e-02 -5.551115123125782702e-17
3.210449218750000000e-02 5.551115123125782702e-17
3.222656250000000000e-02 -1.110223024625156540e-16
3.234863281250000000e-02 -2.220446049250313081e-16
3.247070312500000000e-02 0.000000000000000000e+00
3.259277343750000000e-02 0.000000000000000000e+00
3.271484375000000000e-02 0.000000000000000000e+00
3.283691406250000000e-02 -5.551115123125782702e-17
3.295898437500000000e-02 1.110223024625156540e-16
3.308105468750000000e-02 5.551115123125782702e-17
3.320312500000000000e-02 2.775557561562891351e-16
3.332519531250000000e-02 0.000000000000000000e+00
3.344726562500000000e-02 0.000000000000000000e+00
3.356933593750000000e-02 -5.551115123125782702e-17
3.369140625000000000e-02 5.551115123125782702e-17
3.381347656250000000e-02 -1.110223024625156540e-16
3.393554687500000000e-02 -5.551115123125782702e-17
3.405761718750000000e-02 5.551115123125782702e-17
3.417968750000000000e-02 -5.551115123125782702e-17
3.430175781250000000e-02 -2.220446049250313081e-16
3.442382812500000000e-02 -5.551115123125782702e-17
3.454589843750000000e-02 0.000000000000000000e+00
3.466796875000000000e-02 -1.110223024625156540e-16
3.479003906250000000e-02 -1.110223024625156540e-16
3.491210937500000000e-02 -1.110223024625156540e-16
3.503417968750000000e-02 -1.665334536937734811e-16
3.515625000000000000e-02 1.110223024625156540e-16
3.527832031250000000e-02 -2.220446049250313081e-16
3.540039062500000000e-02 1.110223024625156540e-16
3.552246093750000000e-02 0.000000000000000000e+00
3.564453125000000000e-02 5.551115123125782702e-17
3.576660156250000000e-02 -5.551115123125782702e-17
3.588867187500000000e-02 -5.551115123125782702e-17
3.601074218750000000e-02 0.000000000000000000e+00
3.613281250000000000e-02 -5.551115123125782702e-17
3.625488281250000000e-02 0.000000000000000000e+00
3.637695312500000000e-02 -1.110223024625156540e-16
3.649902343750000000e-02 -1.665334536937734811e-16
3.662109375000000000e-02 5.551115123125782702e-17
3.674316406250000000e-02 -1.665334536937734811e-16
3.686523437500000000e-02 0.000000000000000000e+00
3.698730468750000000e-02 -5.551115123125782702e-17
3.710937500000000000e-02 0.000000000000000000e+00
3.723144531250000000e-02 -5.551115123125782702e-17
3.735351562500000000e-02 -1.110223024625156540e-16
3.747558593750000000e-02 -5.551115123125782702e-17
3.759765625000000000e-02 5.551115123125782702e-17
3.771972656250000000e-02 0.000000000000000000e+00
3.784179687500000000e-02 5.551115123125782702e-17
3.796386718750000000e-02 0.000000000000000000e+00
3.808593750000000000e-02 1.110223024625156540e-16
3.820800781250000000e-02 0.000000000000000000e+00
3.833007812500000000e-02 5.551115123125782702e-17
3.845214843750000000e-02 -1.665334536937734811e-16
3.857421875000000000e-02 -1.110223024625156540e-16
3.869628906250000000e-02 -1.665334536937734811e-16
3.881835937500000000e-02 -5.551115123125782702e-17
3.894042968750000000e-02 5.551115123125782702e-17
3.906250000000000000e-02 0.000000000000000000e+00
3.918457031250000000e-02 -1.110223024625156540e-16
3.930664062500000000e-02 -5.551115123125782702e-17
3.942871093750000000e-02 -1.110223024625156540e-16
3.955078125000000000e-02 -5.551115123125782702e-17
3.967285156250000000e-02 0.000000000000000000e+00
3.979492187500000000e-02 -5.551115123125782702e-17
3.991699218750000000e-02 0.000000000000000000e+00
4.003906250000000000e-02 5.551115123125782702e-17
4.016113281250000000e-02 0.000000000000000000e+00
4.028320312500000000e-02 0.000000000000000000e+00
4.040527343750000000e-02 -2.220446049250313081e-16
4.052734375000000000e-02 0.000000000000000000e+00
4.064941406250000000e-02 -3.330669073875469621e-16
4.077148437500000000e-02 0.000000000000000000e+00
4.089355468750000000e-02 0.000000000000000000e+00
4.101562500000000000e-02 1.110223024625156540e-16
4.113769531250000000e-02 -1.110223024625156540e-16
4.125976562500000000e-02 -2.220446049250313081e-16
4.138183593750000000e-02 -2.775557561562891351e-16
4.150390625000000000e-02 1.110223024625156540e-16
4.162597656250000000e-02 0.000000000000000000e+00
4.174804687500000000e-02 0.000000000000000000e+00
4.187011718750000000e-02 0.000000000000000000e+00
4.199218750000000000e-02 -5.551115123125782702e-17
4.211425781250000000e-02 0.000000000000000000e+00
4.223632812500000000e-02 0.000000000000000000e+00
4.235839843750000000e-02 -2.220446049250313081e-16
4.248046875000000000e-02 0.000000000000000000e+00
4.260253906250000000e-02 -1.665334536937734811e-16
4.272460937500000000e-02 0.000000000000000000e+00
4.284667968750000000e-02 0.000000000000000000e+00
4.296875000000000000e-02 5.551115123125782702e-17
4.309082031250000000e-02 -1.110223024625156540e-16
4.321289062500000000e-02 1.110223024625156540e-16
4.333496093750000000e-02 0.000000000000000000e+00
4.345703125000000000e-02 5.551115123125782702e-17
4.357910156250000000e-02 -1.110223024625156540e-16
4.370117187500000000e-02 0.000000000000000000e+00
4.382324218750000000e-02 5.551115123125782702e-17
4.394531250000000000e-02 -5.551115123125782702e-17
4.406738281250000000e-02 0.000000000000000000e+00
4.418945312500000000e-02 0.000000000000000000e+00
4.431152343750000000e-02 -5.551115123125782702e-17
4.443359375000000000e-02 0.000000000000000000e+00
4.455566406250000000e-02 -1.110223024625156540e-16
4.467773437500000000e-02 0.000000000000000000e+00
4.479980468750000000e-02 -1.110223024625156540e-16
4.492187500000000000e-02 1.110223024625156540e-16
4.504394531250000000e-02 -5.551115123125782702e-17
4.516601562500000000e-02 -2.220446049250313081e-16
4.528808593750000000e-02 -5.551115123125782702e-17
4.541015625000000000e-02 2.220446049250313081e-16
4.553222656250000000e-02 0.000000000000000000e+00
4.565429687500000000e-02 0.000000000000000000e+00
4.577636718750000000e-02 0.000000000000000000e+00
4.589843750000000000e-02 1.110223024625156540e-16
4.602050781250000000e-02 -2.775557561562891351e-16
4.614257812500000000e-02 1.110223024625156540e-16
4.626464843750000000e-02 -2.220446049250313081e-16
4.638671875000000000e-02 -1.110223024625156540e-16
4.650878906250000000e-02 -1.110223024625156540e-16
4.663085937500000000e-02 5.551115123125782702e-17
4.675292968750000000e-02 0.000000000000000000e+00
4.687500000000000000e-02 2.220446049250313081e-16
4.699707031250000000e-02 -5.551115123125782702e-17
4.711914062500000000e-02 0.000000000000000000e+00
4.724121093750000000e-02 -5.551115123125782702e-17
4.736328125000000000e-02 1.110223024625156540e-16
4.748535156250000000e-02 -5.551115123125782702e-17
4.760742187500000000e-02 0.000000000000000000e+00
4.772949218750000000e-02 1.665334536937734811e-16
4.785156250000000000e-02 5.551115123125782702e-17
4.797363281250000000e-02 -1.665334536937734811e-16
4.809570312500000000e-02 5.551115123125782702e-17
4.821777343750000000e-02 0.000000000000000000e+00
4.833984375000000000e-02 0.000000000000000000e+00
4.846191406250000000e-02 -1.110223024625156540e-16
4.858398437500000000e-02 -5.551115123125782702e-17
4.870605468750000000e-02 5.551115123125782702e-17
4.882812500000000000e-02 2.775557561562891351e-16
4.895019531250000000e-02 0.000000000000000000e+00
4.907226562500000000e-02 0.000000000000000000e+00
4.919433593750000000e-02 -1.110223024625156540e-16
4.931640625000000000e-02 5.551115123125782702e-17
4.943847656250000000e-02 -1.665334536937734811e-16
4.956054687500000000e-02 5.551115123125782702e-17
4.968261718750000000e-02 1.110223024625156540e-16
4.980468750000000000e-02 5.551115123125782702e-17
4.992675781250000000e-02 -2.220446049250313081e-16
5.004882812500000000e-02 5.551115123125782702e-17
5.017089843750000000e-02 -1.110223024625156540e-16
5.029296875000000000e-02 0.000000000000000000e+00
5.041503906250000000e-02 -5.551115123125782702e-17
5.053710937500000000e-02 -5.551115123125782702e-17
5.065917968750000000e-02 -1.110223024625156540e-16
5.078125000000000000e-02 1.110223024625156540e-16
5.090332031250000000e-02 5.551115123125782702e-17
5.102539062500000000e-02 5.551115123125782702e-17
5.114746093750000000e-02 0.000000000000000000e+00
5.126953125000000000e-02 1.110223024625156540e-16
5.139160156250000000e-02 0.000000000000000000e+00
5.151367187500000000e-02 1.110223024625156540e-16
5.163574218750000000e-02 0.000000000000000000e+00
5.175781250000000000e-02 5.551115123125782702e-17
5.187988281250000000e-02 0.000000000000000000e+00
5.200195312500000000e-02 0.000000000000000000e+00
5.212402343750000000e-02 -1.110223024625156540e-16
5.224609375000000000e-02 5.551115123125782702e-17
5.236816406250000000e-02 -2.220446049250313081e-16
5.249023437500000000e-02 0.000000000000000000e+00
5.261230468750000000e-02 0.000000000000000000e+00
5.273437500000000000e-02 1.110223024625156540e-16
5.285644531250000000e-02 -1.110223024625156540e-16
5.297851562500000000e-02 0.000000000000000000e+00
5.310058593750000000e-02 -5.551115123125782702e-17
5.322265625000000000e-02 2.220446049250313081e-16
5.334472656250000000e-02 0.000000000000000000e+00
5.346679687500000000e-02 5.551115123125782702e-17
5.358886718750000000e-02 0.000000000000000000e+00
5.371093750000000000e-02 1.110223024625156540e-16
5.383300781250000000e-02 0.000000000000000000e+00
5.395507812500000000e-02 0.000000000000000000e+00
5.407714843750000000e-02 -2.220446049250313081e-16
5.419921875000000000e-02 -5.551115123125782702e-17
5.432128906250000000e-02 -2.775557561562891351e-16
5.444335937500000000e-02 -5.551115123125782702e-17
5.456542968750000000e-02 0.000000000000000000e+00
5.468750000000000000e-02 1.110223024625156540e-16
5.480957031250000000e-02 -5.551115123125782702e-17
5.493164062500000000e-02 -5.551115123125782702e-17
5.505371093750000000e-02 -1.665334536937734811e-16
5.517578125000000000e-02 0.000000000000000000e+00
5.529785156250000000e-02 5.551115123125782702e-17
5.541992187500000000e-02 5.551115123125782702e-17
5.554199218750000000e-02 0.000000000000000000e+00
5.566406250000000000e-02 0.000000000000000000e+00
5.578613281250000000e-02 0.000000000000000000e+00
5.590820312500000000e-02 5.551115123125782702e-17
5.603027343750000000e-02 -2.220446049250313081e-16
5.615234375000000000e-02 0.000000000000000000e+00
5.627441406250000000e-02 -1.110223024625156540e-16
5.639648437500000000e-02 -5.551115123125782702e-17
5.651855468750000000e-02 5.551115123125782702e-17
5.664062500000000000e-02 1.110223024625156540e-16
5.676269531250000000e-02 -2.220446049250313081e-16
5.688476562500000000e-02 -1.110223024625156540e-16
5.700683593750000000e-02 -2.220446049250313081e-16
5.712890625000000000e-02 1.110223024625156540e-16
5.725097656250000000e-02 0.000000000000000000e+00
5.737304687500000000e-02 5.551115123125782702e-17
5.749511718750000000e-02 1.110223024625156540e-16
5.761718750000000000e-02 -5.551115123125782702e-17
5.773925781250000000e-02 0.000000000000000000e+00
5.786132812500000000e-02 0.000000000000000000e+00
5.798339843750000000e-02 -1.110223024625156540e-16
5.810546875000000000e-02 1.110223024625156540e-16
5.822753906250000000e-02 -2.220446049250313081e-16
5.834960937500000000e-02 0.000000000000000000e+00
5.847167968750000000e-02 -1.110223024625156540e-16
5.859375000000000000e-02 1.110223024625156540e-16
5.871582031250000000e-02 -2.220446049250313081e-16
5.883789062500000000e-02 5.551115123125782702e-17
5.895996093750000000e-02 0.000000000000000000e+00
5.908203125000000000e-02 1.110223024625156540e-16
5.920410156250000000e-02 -5.551115123125782702e-17
5.932617187500000000e-02 5.551115123125782702e-17
5.944824218750000000e-02 0.000000000000000000e+00
5.957031250000000000e-02 0.000000000000000000e+00
5.969238281250000000e-02 -1.110223024625156540e-16
5.981445312500000000e-02 -5.551115123125782702e-17
5.993652343750000000e-02 -2.220446049250313081e-16
6.005859375000000000e-02 5.551115123125782702e-17
6.018066406250000000e-02 -1.110223024625156540e-16
6.030273437500000000e-02 5.551115123125782702e-17
6.042480468750000000e-02 5.551115123125782702e-17
6.054687500000000000e-02 2.220446049250313081e-16
6.066894531250000000e-02 0.000000000000000000e+00
6.079101562500000000e-02 1.110223024625156540e-16
6.091308593750000000e-02 0.000000000000000000e+00
6.103515625000000000e-02 1.665334536937734811e-16
6.115722656250000000e-02 -1.110223024625156540e-16
6.127929687500000000e-02 1.110223024625156540e-16
6.140136718750000000e-02 0.000000000000000000e+00
6.152343750000000000e-02 0.000000000000000000e+00
6.164550781250000000e-02 -1.110223024625156540e-16
6.176757812500000000e-02 0.000000000000000000e+00
6.188964843750000000e-02 0.000000000000000000e+00
6.201171875000000000e-02 0.000000000000000000e+00
6.213378906250000000e-02 -2.220446049250313081e-16
6.225585937500000000e-02 0.000000000000000000e+00
6.237792968750000000e-02 -1.110223024625156540e-16
6.250000000000000000e-02 1.110223024625156540e-16
6.262207031250000000e-02 0.000000000000000000e+00
6.274414062500000000e-02 0.000000000000000000e+00
6.286621093750000000e-02 -1.110223024625156540e-16
6.298828125000000000e-02 1.110223024625156540e-16
6.311035156250000000e-02 -5.551115123125782702e-17
6.323242187500000000e-02 -5.551115123125782702e-17
6.335449218750000000e-02 2.220446049250313081e-16
6.347656250000000000e-02 5.551115123125782702e-17
6.359863281250000000e-02 -2.775557561562891351e-16
6.372070312500000000e-02 0.000000000000000000e+00
6.384277343750000000e-02 -1.665334536937734811e-16
6.396484375000000000e-02 5.551115123125782702e-17
6.408691406250000000e-02 -2.220446049250313081e-16
6.420898437500000000e-02 0.000000000000000000e+00
6.433105468750000000e-02 0.000000000000000000e+00
6.445312500000000000e-02 2.220446049250313081e-16
6.457519531250000000e-02 0.000000000000000000e+00
6.469726562500000000e-02 0.000000000000000000e+00
6.481933593750000000e-02 -1.110223024625156540e-16
6.494140625000000000e-02 0.000000000000000000e+00
6.506347656250000000e-02 0.000000000000000000e+00
6.518554687500000000e-02 5.551115123125782702e-17
6.530761718750000000e-02 1.665334536937734811e-16
6.542968750000000000e-02 -5.551115123125782702e-17
6.555175781250000000e-02 -2.220446049250313081e-16
6.567382812500000000e-02 5.551115123125782702e-17
6.579589843750000000e-02 -2.220446049250313081e-16
6.591796875000000000e-02 5.551115123125782702e-17
6.604003906250000000e-02 0.000000000000000000e+00
6.616210937500000000e-02 0.000000000000000000e+00
6.628417968750000000e-02 -2.775557561562891351e-16
6.640625000000000000e-02 1.110223024625156540e-16
6.652832031250000000e-02 0.000000000000000000e+00
6.665039062500000000e-02 5.551115123125782702e-17
6.677246093750000000e-02 -1.110223024625156540e-16
6.689453125000000000e-02 5.551115123125782702e-17
6.701660156250000000e-02 0.000000000000000000e+00
6.713867187500000000e-02 0.000000000000000000e+00
6.726074218750000000e-02 1.110223024625156540e-16
6.738281250000000000e-02 -5.551115123125782702e-17
6.750488281250000000e-02 0.000000000000000000e+00
6.762695312500000000e-02 5.551115123125782702e-17
6.774902343750000000e-02 0.000000000000000000e+00
6.787109375000000000e-02 1.110223024625156540e-16
6.799316406250000000e-02 -2.220446049250313081e-16
6.811523437500000000e-02 0.000000000000000000e+00
6.823730468750000000e-02 0.000000000000000000e+00
6.835937500000000000e-02 1.110223024625156540e-16
6.848144531250000000e-02 -1.110223024625156540e-16
6.860351562500000000e-02 -2.220446049250313081e-16
6.872558593750000000e-02 -1.110223024625156540e-16
6.884765625000000000e-02 1.665334536937734811e-16
6.896972656250000000e-02 0.000000000000000000e+00
6.909179687500000000e-02 1.110223024625156540e-16
6.921386718750000000e-02 0.000000000000000000e+00
6.933593750000000000e-02 1.110223024625156540e-16
6.945800781250000000e-02 0.000000000000000000e+00
6.958007812500000000e-02 1.110223024625156540e-16
6.970214843750000000e-02 -2.220446049250313081e-16
6.982421875000000000e-02 0.000000000000000000e+00
6.994628906250000000e-02 -2.220446049250313081e-16
7.006835937500000000e-02 0.000000000000000000e+00
7.019042968750000000e-02 0.000000000000000000e+00
7.031250000000000000e-02 5.551115123125782702e-17
7.043457031250000000e-02 -2.220446049250313081e-16
7.055664062500000000e-02 -1.110223024625156540e-16
7.067871093750000000e-02 -1.110223024625156540e-16
7.080078125000000000e-02 -5.551115123125782702e-17
7.092285156250000000e-02 0.000000000000000000e+00
7.104492187500000000e-02 5.551115123125782702e-17
7.116699218750000000e-02 1.665334536937734811e-16
7.128906250000000000e-02 0.000000000000000000e+00
7.141113281250000000e-02 -1.110223024625156540e-16
7.153320312500000000e-02 1.110223024625156540e-16
7.165527343750000000e-02 -1.110223024625156540e-16
7.177734375000000000e-02 0.000000000000000000e+00
7.189941406250000000e-02 -2.775557561562891351e-16
7.202148437500000000e-02 0.000000000000000000e+00
7.214355468750000000e-02 0.000000000000000000e+00
7.226562500000000000e-02 1.110223024625156540e-16
7.238769531250000000e-02 0.000000000000000000e+00
7.250976562500000000e-02 0.000000000000000000e+00
7.263183593750000000e-02 -2.220446049250313081e-16
7.275390625000000000e-02 1.110223024625156540e-16
7.287597656250000000e-02 0.000000000000000000e+00
7.299804687500000000e-02 1.110223024625156540e-16
7.312011718750000000e-02 2.775557561562891351e-16
7.324218750000000000e-02 -1.110223024625156540e-16
7.336425781250000000e-02 -1.110223024625156540e-16
7.348632812500000000e-02 1.665334536937734811e-16
7.360839843750000000e-02 -1.110223024625156540e-16
7.373046875000000000e-02 5.551115123125782702e-17
7.385253906250000000e-02 -2.220446049250313081e-16
7.397460937500000000e-02 1.110223024625156540e-16
7.409667968750000000e-02 -2.220446049250313081e-16
7.421875000000000000e-02 5.551115123125782702e-17
7.434082031250000000e-02 -1.110223024625156540e-16
7.446289062500000000e-02 1.110223024625156540e-16
7.458496093750000000e-02 0.000000000000000000e+00
7.470703125000000000e-02 0.000000000000000000e+00
7.482910156250000000e-02 0.000000000000000000e+00
7.495117187500000000e-02 0.000000000000000000e+00
7.507324218750000000e-02 1.665334536937734811e-16
7.519531250000000000e-02 -5.551115123125782702e-17
7.531738281250000000e-02 0.000000000000000000e+00
7.543945312500000000e-02 1.110223024625156540e-16
7.556152343750000000e-02 -2.220446049250313081e-16
7.568359375000000000e-02 5.551115123125782702e-17
7.580566406250000000e-02 -2.220446049250313081e-16
7.592773437500000000e-02 1.110223024625156540e-16
7.604980468750000000e-02 0.000000000000000000e+00
7.617187500000000000e-02 1.110223024625156540e-16
7.629394531250000000e-02 0.000000000000000000e+00
7.641601562500000000e-02 0.000000000000000000e+00
7.653808593750000000e-02 0.000000000000000000e+00
7.666015625000000000e-02 1.110223024625156540e-16
7.678222656250000000e-02 -5.551115123125782702e-17
7.690429687500000000e-02 1.110223024625156540e-16
7.702636718750000000e-02 5.551115123125782702e-17
7.714843750000000000e-02 2.220446049250313081e-16
7.727050781250000000e-02 -1.110223024625156540e-16
7.739257812500000000e-02 0.000000000000000000e+00
7.751464843750000000e-02 1.110223024625156540e-16
7.763671875000000000e-02 0.000000000000000000e+00
7.775878906250000000e-02 -5.551115123125782702e-17
7.788085937500000000e-02 5.551115123125782702e-17
7.800292968750000000e-02 1.110223024625156540e-16
7.812500000000000000e-02 1.110223024625156540e-16
7.824707031250000000e-02 -1.110223024625156540e-16
7.836914062500000000e-02 5.551115123125782702e-17
7.849121093750000000e-02 -2.220446049250313081e-16
7.861328125000000000e-02 0.000000000000000000e+00
7.873535156250000000e-02 -1.110223024625156540e-16
7.885742187500000000e-02 -5.551115123125782702e-17
7.897949218750000000e-02 2.220446049250313081e-16
7.910156250000000000e-02 0.000000000000000000e+00
7.922363281250000000e-02 -2.220446049250313081e-16
7.934570312500000000e-02 -1.110223024625156540e-16
7.946777343750000000e-02 -2.220446049250313081e-16
7.958984375000000000e-02 0.000000000000000000e+00
7.971191406250000000e-02 -2.220446049250313081e-16
7.983398437500000000e-02 0.000000000000000000e+00
7.995605468750000000e-02 0.000000000000000000e+00
8.007812500000000000e-02 5.551115123125782702e-17
8.020019531250000000e-02 -1.110223024625156540e-16
8.032226562500000000e-02 0.000000000000000000e+00
8.044433593750000000e-02 -1.110223024625156540e-16
8.056640625000000000e-02 1.110223024625156540e-16
8.068847656250000000e-02 -2.220446049250313081e-16
8.081054687500000000e-02 0.000000000000000000e+00
8.093261718750000000e-02 1.110223024625156540e-16
8.105468750000000000e-02 0.000000000000000000e+00
8.117675781250000000e-02 -1.110223024625156540e-16
8.129882812500000000e-02 0.000000000000000000e+00
8.142089843750000000e-02 -2.220446049250313081e-16
8.154296875000000000e-02 5.551115123125782702e-17
8.166503906250000000e-02 -2.220446049250313081e-16
8.178710937500000000e-02 0.000000000000000000e+00
8.190917968750000000e-02 -2.220446049250313081e-16
8.203125000000000000e-02 0.000000000000000000e+00
8.215332031250000000e-02 -2.220446049250313081e-16
8.227539062500000000e-02 5.551115123125782702e-17
8.239746093750000000e-02 -2.220446049250313081e-16
8.251953125000000000e-02 0.000000000000000000e+00
8.264160156250000000e-02 -2.220446049250313081e-16
8.276367187500000000e-02 1.110223024625156540e-16
8.288574218750000000e-02 0.000000000000000000e+00
8.300781250000000000e-02 0.000000000000000000e+00
8.312988281250000000e-02 5.551115123125782702e-17
8.325195312500000000e-02 1.110223024625156540e-16
8.337402343750000000e-02 0.000000000000000000e+00
8.349609375000000000e-02 5.551115123125782702e-17
8.361816406250000000e-02 -2.220446049250313081e-16
8.374023437500000000e-02 0.000000000000000000e+00
8.386230468750000000e-02 0.000000000000000000e+00
8.398437500000000000e-02 0.000000000000000000e+00
8.410644531250000000e-02 0.000000000000000000e+00
8.422851562500000000e-02 -1.110223024625156540e-16
8.435058593750000000e-02 0.000000000000000000e+00
8.447265625000000000e-02 1.110223024625156540e-16
8.459472656250000000e-02 -1.110223024625156540e-16
8.471679687500000000e-02 1.665334536937734811e-16
8.483886718750000000e-02 0.000000000000000000e+00
8.496093750000000000e-02 5.551115123125782702e-17
8.508300781250000000e-02 0.000000000000000000e+00
8.520507812500000000e-02 0.000000000000000000e+00
8.532714843750000000e-02 0.000000000000000000e+00
8.544921875000000000e-02 5.551115123125782702e-17
8.557128906250000000e-02 -2.775557561562891351e-16
8.569335937500000000e-02 5.551115123125782702e-17
8.581542968750000000e-02 0.000000000000000000e+00
8.593750000000000000e-02 0.000000000000000000e+00
8.605957031250000000e-02 -2.220446049250313081e-16
8.618164062500000000e-02 0.000000000000000000e+00
8.630371093750000000e-02 -2.220446049250313081e-16
8.642578125000000000e-02 -2.220446049250313081e-16
8.654785156250000000e-02 0.000000000000000000e+00
8.666992187500000000e-02 0.000000000000000000e+00
8.679199218750000000e-02 1.110223024625156540e-16
8.691406250000000000e-02 0.000000000000000000e+00
8.703613281250000000e-02 -1.110223024625156540e-16
8.715820312500000000e-02 5.551115123125782702e-17
8.728027343750000000e-02 -1.110223024625156540e-16
8.740234375000000000e-02 0.000000000000000000e+00
8.752441406250000000e-02 -2.220446049250313081e-16
8.764648437500000000e-02 -1.110223024625156540e-16
8.776855468750000000e-02 0.000000000000000000e+00
8.789062500000000000e-02 1.110223024625156540e-16
8.801269531250000000e-02 0.000000000000000000e+00
8.813476562500000000e-02 0.000000000000000000e+00
8.825683593750000000e-02 -2.220446049250313081e-16
8.837890625000000000e-02 1.110223024625156540e-16
8.850097656250000000e-02 -2.220446049250313081e-16
8.862304687500000000e-02 1.110223024625156540e-16
8.874511718750000000e-02 1.110223024625156540e-16
8.886718750000000000e-02 -1.110223024625156540e-16
8.898925781250000000e-02 0.000000000000000000e+00
8.911132812500000000e-02 -5.551115123125782702e-17
8.923339843750000000e-02 -2.220446049250313081e-16
8.935546875000000000e-02 1.110223024625156540e-16
8.947753906250000000e-02 -2.775557561562891351e-16
8.959960937500000000e-02 -5.551115123125782702e-17
8.972167968750000000e-02 -1.110223024625156540e-16
8.984375000000000000e-02 1.110223024625156540e-16
8.996582031250000000e-02 -2.220446049250313081e-16
9.008789062500000000e-02 0.000000000000000000e+00
9.020996093750000000e-02 -1.110223024625156540e-16
9.033203125000000000e-02 0.000000000000000000e+00
9.045410156250000000e-02 -2.775557561562891351e-16
9.057617187500000000e-02 -1.110223024625156540e-16
9.069824218750000000e-02 0.000000000000000000e+00
9.082031250000000000e-02 0.000000000000000000e+00
9.094238281250000000e-02 0.000000000000000000e+00
9.106445312500000000e-02 -1.110223024625156540e-16
9.118652343750000000e-02 -2.220446049250313081e-16
9.130859375000000000e-02 0.000000000000000000e+00
9.143066406250000000e-02 -2.220446049250313081e-16
9.155273437500000000e-02 0.000000000000000000e+00
9.167480468750000000e-02 0.000000000000000000e+00
9.179687500000000000e-02 5.551115123125782702e-17
9.191894531250000000e-02 0.000000000000000000e+00
9.204101562500000000e-02 0.000000000000000000e+00
9.216308593750000000e-02 0.000000000000000000e+00
9.228515625000000000e-02 5.551115123125782702e-17
9.240722656250000000e-02 -5.551115123125782702e-17
9.252929687500000000e-02 5.551115123125782702e-17
9.265136718750000000e-02 -1.110223024625156540e-16
9.277343750000000000e-02 5.551115123125782702e-17
9.289550781250000000e-02 0.000000000000000000e+00
9.301757812500000000e-02 0.000000000000000000e+00
9.313964843750000000e-02 -1.665334536937734811e-16
9.326171875000000000e-02 -1.110223024625156540e-16
9.338378906250000000e-02 -2.775557561562891351e-16
9.350585937500000000e-02 -5.551115123125782702e-17
9.362792968750000000e-02 -2.220446049250313081e-16
9.375000000000000000e-02 5.551115123125782702e-17
9.387207031250000000e-02 0.000000000000000000e+00
9.399414062500000000e-02 1.110223024625156540e-16
9.411621093750000000e-02 0.000000000000000000e+00
9.423828125000000000e-02 0.000000000000000000e+00
9.436035156250000000e-02 0.000000000000000000e+00
9.448242187500000000e-02 5.551115123125782702e-17
9.460449218750000000e-02 1.665334536937734811e-16
9.472656250000000000e-02 0.000000000000000000e+00
9.484863281250000000e-02 -1.110223024625156540e-16
9.497070312500000000e-02 0.000000000000000000e+00
9.509277343750000000e-02 -1.110223024625156540e-16
9.521484375000000000e-02 5.551115123125782702e-17
9.533691406250000000e-02 0.000000000000000000e+00
9.545898437500000000e-02 5.551115123125782702e-17
9.558105468750000000e-02 0.000000000000000000e+00
9.570312500000000000e-02 1.110223024625156540e-16
9.582519531250000000e-02 5.551115123125782702e-17
9.594726562500000000e-02 -5.551115123125782702e-17
9.606933593750000000e-02 0.000000000000000000e+00
9.619140625000000000e-02 0.000000000000000000e+00
9.631347656250000000e-02 0.000000000000000000e+00
9.643554687500000000e-02 1.110223024625156540e-16
9.655761718750000000e-02 5.551115123125782702e-17
9.667968750000000000e-02 0.000000000000000000e+00
9.680175781250000000e-02 -2.220446049250313081e-16
9.692382812500000000e-02 0.000000000000000000e+00
9.704589843750000000e-02 0.000000000000000000e+00
9.716796875000000000e-02 1.110223024625156540e-16
9.729003906250000000e-02 0.000000000000000000e+00
9.741210937500000000e-02 -5.551115123125782702e-17
9.753417968750000000e-02 -5.551115123125782702e-17
9.765625000000000000e-02 0.000000000000000000e+00
9.777832031250000000e-02 0.000000000000000000e+00
9.790039062500000000e-02 1.110223024625156540e-16
9.802246093750000000e-02 -1.110223024625156540e-16
9.814453125000000000e-02 0.000000000000000000e+00
9.826660156250000000e-02 -1.110223024625156540e-16
9.838867187500000000e-02 1.665334536937734811e-16
9.851074218750000000e-02 0.000000000000000000e+00
9.863281250000000000e-02 0.000000000000000000e+00
9.875488281250000000e-02 0.000000000000000000e+00
9.887695312500000000e-02 5.551115123125782702e-17
9.899902343750000000e-02 -1.110223024625156540e-16
9.912109375000000000e-02 5.551115123125782702e-17
9.924316406250000000e-02 -1.110223024625156540e-16
9.936523437500000000e-02 0.000000000000000000e+00
9.948730468750000000e-02 -1.110223024625156540e-16
9.960937500000000000e-02 5.551115123125782702e-17
9.973144531250000000e-02 5.551115123125782702e-17
9.985351562500000000e-02 0.000000000000000000e+00
9.997558593750000000e-02 -2.220446049250313081e-16
1.000976562500000000e-01 6.733864081647571978e-19
1.002197265625000000e-01 -5.062686793532263488e-17
1.003417968750000000e-01 9.968379822197483736e-17
1.004638671875000000e-01 -3.581029368124073186e-18
1.005859375000000000e-01 5.024387064784739352e-17
1.007080078125000000e-01 -1.008707385831700222e-16
1.008300781250000000e-01 5.226960026209059976e-17
1.009521484375000000e-01 -1.173166909519869429e-16
1.010742187500000000e-01 5.612638085611462333e-17
1.011962890625000000e-01 -1.513524119581479053e-16
1.013183593750000000e-01 -5.071390571235942575e-17
1.014404296875000000e-01 -2.285665442490415592e-17
1.015625000000000000e-01 6.192185328734504996e-17
1.016845703125000000e-01 3.805233405531929708e-17
1.018066406250000000e-01 1.039963707815716348e-16
1.019287109375000000e-01 -2.071500603989532265e-17
1.020507812500000000e-01 -2.449938675167212080e-17
1.021728515625000000e-01 1.723565234359760578e-17
1.022949218750000000e-01 8.590768608598674309e-17
1.024169921875000000e-01 1.072960785340468291e-16
1.025390625000000000e-01 1.287715087591437060e-16
1.026611328125000000e-01 -1.861687654340489406e-17
1.027832031250000000e-01 6.451929363792665708e-17
1.029052734375000000e-01 -1.965862234425532409e-17
1.030273437500000000e-01 -3.198032080648825662e-18
1.031494140625000000e-01 -6.014856429502190493e-17
1.032714843750000000e-01 1.795812803002970540e-17
1.033935546875000000e-01 -7.726790307200358894e-17
1.035156250000000000e-01 6.454817463165549323e-17
1.036376953125000000e-01 5.452756221371536712e-17
1.037597656250000000e-01 -1.041704463356452165e-16
1.038818359375000000e-01 -2.234310047187372209e-17
1.040039062500000000e-01 5.341302173476739535e-17
1.041259765625000000e-01 -6.928726336724592129e-17
1.042480468750000000e-01 5.762391862253782414e-17
1.043701171875000000e-01 1.170064883426092463e-16
1.044921875000000000e-01 -6.230485057482029748e-17
1.046142578125000000e-01 -3.052837520304073906e-18
1.047363281250000000e-01 7.357095493311389490e-17
1.048583984375000000e-01 -7.038716595140432761e-17
1.049804687500000000e-01 1.499232828676242236e-17
1.051025390625000000e-01 -4.094533912048904146e-17
1.052246093750000000e-01 4.666688853343208804e-18
1.053466796875000000e-01 -6.180553972072911586e-17
1.054687500000000000e-01 1.141768156546460781e-16
1.055908203125000000e-01 3.425331544875292732e-17
1.057128906250000000e-01 1.749552474693143510e-16
1.058349609375000000e-01 -4.038826627894021835e-17
1.059570312500000000e-01 3.784898271166657828e-17
1.060791015625000000e-01 -7.893601927720867535e-18
1.062011718750000000e-01 3.245114546270095846e-17
1.063232421875000000e-01 9.293361776693076234e-17
1.064453125000000000e-01 4.119220935266015570e-17
1.065673828125000000e-01 -5.325318927963307199e-17
1.066894531250000000e-01 1.227584418853212899e-16
1.068115234375000000e-01 -1.274828927261221463e-16
1.069335937500000000e-01 4.254415776288830383e-18
1.070556640625000000e-01 -2.656863525443371632e-17
1.071777343750000000e-01 4.307274440655861635e-17
1.072998046875000000e-01 5.677088627055055055e-17
1.074218750000000000e-01 -5.717107363383885519e-19
1.075439453125000000e-01 3.748062331898090237e-17
1.076660156250000000e-01 -1.937730072860643905e-17
1.077880859375000000e-01 -1.140751399828197279e-16
1.079101562500000000e-01 7.590131676698588152e-17
1.080322265625000000e-01 -5.646585925507146310e-17
1.081542968750000000e-01 5.857862664635147254e-17
1.082763671875000000e-01 4.331961463872973675e-17
1.083984375000000000e-01 9.881612797519799216e-17
1.085205078125000000e-01 -1.146468507191581165e-16
1.086425781250000000e-01 9.762918761400280729e-17
1.087646484375000000e-01 -1.548408331594862530e-16
1.088867187500000000e-01 -9.010394507896760643e-17
1.090087890625000000e-01 -4.631429537572584361e-17
1.091308593750000000e-01 -6.013066873822403801e-18
1.092529296875000000e-01 5.131489223827696369e-17
1.093750000000000000e-01 1.036982487581616004e-16
1.094970703125000000e-01 -1.622667892614620683e-17
1.096191406250000000e-01 1.064148378930808637e-16
1.097412109375000000e-01 -6.672599940089673278e-17
1.098632812500000000e-01 -1.850358646249173967e-17
1.099853515625000000e-01 2.001017439794362194e-17
1.101074218750000000e-01 7.247322619057907269e-17
1.102294921875000000e-01 8.251338857225180480e-17
1.103515625000000000e-01 7.590783818863205200e-17
1.104736328125000000e-01 -3.397692711400302310e-17
1.105957031250000000e-01 -1.773239456021488390e-17
1.107177734375000000e-01 -9.287785022238978456e-18
1.108398437500000000e-01 -3.854606752400439469e-18
1.109619140625000000e-01 -8.060378720871118953e-17
1.110839843750000000e-01 1.349262800736763148e-17
1.112060546875000000e-01 -3.012280081920316850e-17
1.113281250000000000e-01 3.816343601388917121e-17
1.114501953125000000e-01 5.163821039361488880e-17
1.115722656250000000e-01 -1.231755037561885599e-17
1.116943359375000000e-01 -5.092114844568234872e-17
1.118164062500000000e-01 5.720206119419173573e-18
1.119384765625000000e-01 -9.448157501652564629e-17
1.120605468750000000e-01 3.776042258580042588e-17
1.121826171875000000e-01 4.813209527117627095e-17
1.123046875000000000e-01 6.491398021696013936e-18
1.124267578125000000e-01 -7.369239443266771236e-17
1.125488281250000000e-01 3.777875667104293080e-17
1.126708984375000000e-01 -7.900823436501437518e-17
1.127929687500000000e-01 -4.275954265731677378e-18
1.129150390625000000e-01 5.427412936152726730e-17
1.130371093750000000e-01 -1.311624340575944447e-17
1.131591796875000000e-01 -5.591464511694715721e-17
1.132812500000000000e-01 6.052250153016454323e-17
1.134033203125000000e-01 6.162520373614448730e-17
1.135253906250000000e-01 6.903128036648920970e-17
1.136474609375000000e-01 2.116604564306670580e-17
1.137695312500000000e-01 3.084287151506788909e-18
1.138916015625000000e-01 -3.819923188299097582e-17
1.140136718750000000e-01 1.399167679970089242e-16
1.141357421875000000e-01 2.812327363221643293e-17
1.142578125000000000e-01 -7.713434025675757534e-17
1.143798828125000000e-01 -8.214617101326487642e-17
1.145019531250000000e-01 1.848612467863243380e-17
1.146240234375000000e-01 -5.784170826434708451e-17
1.147460937500000000e-01 6.746139543407177161e-17
1.148681640625000000e-01 -2.162318902549975140e-17
1.149902343750000000e-01 3.487300579595528069e-18
1.151123046875000000e-01 -3.012280081920316850e-17
1.152343750000000000e-01 -2.314723874481093646e-17
1.153564453125000000e-01 6.894411449784762340e-18
1.154785156250000000e-01 -7.399640360850707410e-17
1.156005859375000000e-01 -2.432144407517651907e-17
1.157226562500000000e-01 -1.662969235423495216e-17
1.158447265625000000e-01 -5.093948253092485363e-17
1.159667968750000000e-01 1.187594089389628922e-16
1.160888671875000000e-01 -1.083016882679266535e-17
1.162109375000000000e-01 -1.273889788895009390e-17
1.163330078125000000e-01 -1.997043539515990258e-16
1.164550781250000000e-01 -5.743869483625833919e-17
1.165771484375000000e-01 -1.114441304334474768e-16
1.166992187500000000e-01 2.502200515445091994e-17
1.168212890625000000e-01 -1.049082499576289938e-16
1.169433593750000000e-01 -2.314723874481094262e-17
1.170654296875000000e-01 3.427264154860431911e-17
1.171875000000000000e-01 1.086917454294263966e-16
1.173095703125000000e-01 1.459533021334757554e-17
1.174316406250000000e-01 8.077783822771591238e-18
1.175537109375000000e-01 -6.022678709556324722e-17
1.176757812500000000e-01 -9.406022750319440838e-17
1.177978515625000000e-01 3.695439572962294757e-17
1.179199218750000000e-01 3.660455134067734819e-17
1.180419921875000000e-01 9.444577914742384167e-17
1.181640625000000000e-01 4.312209773125333250e-17
1.182861328125000000e-01 -3.872940837642944381e-18
1.184082031250000000e-01 1.226062014077258631e-16
1.185302734375000000e-01 -3.702502655262539322e-17
1.186523437500000000e-01 3.928447230511162019e-17
1.187744140625000000e-01 5.853310230100022985e-17
1.188964843750000000e-01 1.507901380844319953e-17
1.190185546875000000e-01 1.152889668948270668e-17
1.191406250000000000e-01 -2.852724797550634182e-17
1.192626953125000000e-01 -1.546465406649061585e-17
1.193847656250000000e-01 2.702067026316633590e-20
1.195068359375000000e-01 -3.854907627193658136e-17
1.196289062500000000e-01 1.000484697017151237e-17
1.197509765625000000e-01 4.701289219653819076e-17
1.198730468750000000e-01 6.399194848211815742e-17
1.199951171875000000e-01 1.385897326497137314e-17
1.201171875000000000e-01 7.297424877873495337e-18
1.202392578125000000e-01 -4.309950135530813980e-19
1.203613281250000000e-01 2.623104543871714666e-17
1.204833984375000000e-01 -1.233765210086195137e-16
1.206054687500000000e-01 7.862259410696696503e-17
1.207275390625000000e-01 -2.743371281214764405e-17
1.208496093750000000e-01 -2.295722079188610291e-18
1.209716796875000000e-01 4.201756230868902581e-17
1.210937500000000000e-01 6.900377923862545850e-17
1.212158203125000000e-01 -8.065073137780662706e-19
1.213378906250000000e-01 1.368595015157653017e-16
1.214599609375000000e-01 3.386962812051557379e-17
1.215820312500000000e-01 4.703122628178068951e-17
1.217041015625000000e-01 3.932114047559661769e-17
1.218261718750000000e-01 6.477230742701625948e-17
1.219482421875000000e-01 5.009582658906120191e-17
1.220703125000000000e-01 8.823407514927157557e-17
1.221923828125000000e-01 -3.357391368591427778e-17
1.223144531250000000e-01 6.626885601846369025e-17
1.224365234375000000e-01 -1.735076630091819169e-16
1.225585937500000000e-01 7.709605348583486953e-18
1.226806640625000000e-01 2.772026020412769068e-17
1.228027343750000000e-01 6.194722671893551269e-18
1.229248046875000000e-01 2.927914487733951062e-17
1.230468750000000000e-01 1.033300702839734899e-16
1.231689453125000000e-01 4.082685610966530708e-17
1.232910156250000000e-01 -4.975643043622888449e-18
1.234130859375000000e-01 -3.012280081920316850e-17
1.235351562500000000e-01 3.159272058417004095e-17
1.236572265625000000e-01 6.132386590129165189e-18
1.237792968750000000e-01 4.359661428372771019e-17
1.239013671875000000e-01 -9.409689567367940588e-17
1.240234375000000000e-01 2.155255820249730883e-17
1.241455078125000000e-01 -6.090814178821195338e-17
1.242675781250000000e-01 -4.934209647064366433e-17
1.243896484375000000e-01 -1.557574148213251129e-16
1.245117187500000000e-01 -2.348891118331750078e-18
1.246337890625000000e-01 -9.449990910176815120e-17
1.247558593750000000e-01 -8.712133359928718000e-17
1.248779296875000000e-01 3.818810883298634855e-18
1.250000000000000000e-01 6.127123934652805638e-17
1.251220703125000000e-01 4.740590364909686390e-17
1.252441406250000000e-01 7.234874909545213566e-17
1.253662109375000000e-01 -1.120911952848750105e-18
1.254882812500000000e-01 1.657277366728447997e-17
1.256103515625000000e-01 1.184276749427729564e-16
1.257324218750000000e-01 9.981113888510158163e-17
1.258544921875000000e-01 2.238364944098607196e-17
1.259765625000000000e-01 4.140600445780741545e-17
1.260986328125000000e-01 -1.045954239819070232e-16
1.262207031250000000e-01 4.622565403283746899e-17
1.263427734375000000e-01 1.438289522942152824e-17
1.264648437500000000e-01 7.972647205870505642e-17
1.265869140625000000e-01 -2.660692755430759850e-17
1.267089843750000000e-01 5.369718551597118055e-17
1.268310546875000000e-01 -2.440412366053977425e-17
1.269531250000000000e-01 3.222128453918979815e-17
1.270751953125000000e-01 9.575081273322389609e-17
1.271972656250000000e-01 3.291845672745410733e-17
1.273193359375000000e-01 -1.492510773877289587e-17
1.274414062500000000e-01 2.597054441877946327e-17
1.275634765625000000e-01 -4.543258285872802834e-18
1.276855468750000000e-01 1.038683896463589131e-16
1.278076171875000000e-01 5.202932189989197901e-17
1.279296875000000000e-01 4.485945431572226420e-17
1.280517578125000000e-01 2.551683540507796356e-17
1.281738281250000000e-01 6.569658990787905228e-17
1.282958984375000000e-01 -5.000562529869629307e-17
1.284179687500000000e-01 4.451900497752415799e-17
1.285400390625000000e-01 3.803715471628046093e-18
1.286621093750000000e-01 -5.856320432876150863e-18
1.287841796875000000e-01 -5.242729567048119840e-17
1.289062500000000000e-01 3.515115185963069464e-17
1.290283203125000000e-01 1.308850892269534097e-17
1.291503906250000000e-01 6.906844556366089018e-17
1.292724609375000000e-01 1.152580346528816783e-17
1.293945312500000000e-01 2.513895469467109742e-17
1.295166015625000000e-01 2.655415739111041539e-17
1.296386718750000000e-01 1.575927428661802462e-16
1.297607421875000000e-01 2.826572438357109159e-17
1.298828125000000000e-01 -3.441628555277363065e-17
1.300048828125000000e-01 4.485986947796121529e-17
1.301269531250000000e-01 2.293952325572111370e-17
1.302490234375000000e-01 -2.679427254350126426e-17
1.303710937500000000e-01 6.709858365402395712e-17
1.304931640625000000e-01 -1.415892861271041252e-18
1.306152343750000000e-01 -1.265400291051054724e-17
1.307373046875000000e-01 1.843798609508717416e-17
1.308593750000000000e-01 1.554764915664691213e-17
1.309814453125000000e-01 1.050016621307844895e-16
1.311035156250000000e-01 -3.142854903216691384e-17
1.312255859375000000e-01 -1.300724079711887849e-16
1.313476562500000000e-01 -2.535337164022044835e-17
1.314697265625000000e-01 2.731970438334321202e-17
1.315917968750000000e-01 1.142694330717434180e-16
1.317138671875000000e-01 -2.643866899435170264e-17
1.318359375000000000e-01 9.115577600865651825e-17
1.319580078125000000e-01 -1.031606006027521003e-16
1.320800781250000000e-01 8.307742161785972593e-17
1.322021484375000000e-01 -8.770128579281562820e-17
1.323242187500000000e-01 5.782618096020915312e-17
1.324462890625000000e-01 -5.507527999897212553e-17
1.325683593750000000e-01 7.465037024123437734e-18
1.326904296875000000e-01 5.470852863555747016e-17
1.328125000000000000e-01 3.679904200040097931e-17
1.329345703125000000e-01 5.425150538421229460e-17
1.330566406250000000e-01 3.886750572609361236e-17
1.331787109375000000e-01 7.533280747677876572e-17
1.333007812500000000e-01 7.596417922103821942e-17
1.334228515625000000e-01 1.569220716219203714e-16
1.335449218750000000e-01 1.175103683980244568e-16
1.336669921875000000e-01 8.122251278172693802e-17
1.337890625000000000e-01 6.735968171002521774e-17
1.339111328125000000e-01 4.524414775461242701e-17
1.340332031250000000e-01 8.295723625770374512e-17
1.341552734375000000e-01 8.076548953038177479e-17
1.342773437500000000e-01 4.510590801687035941e-17
1.343994140625000000e-01 -1.485785653790246979e-17
1.345214843750000000e-01 -2.517902314730617021e-17
1.346435546875000000e-01 4.766750374908036008e-17
1.347656250000000000e-01 4.894210633223862898e-17
1.348876953125000000e-01 6.567912136680672029e-17
1.350097656250000000e-01 -3.306187702612920417e-17
1.351318359375000000e-01 8.430715399267979773e-17
1.352539062500000000e-01 9.203371375617464650e-17
1.353759765625000000e-01 4.537052839771514541e-17
1.354980468750000000e-01 6.685159296739511982e-17
1.356201171875000000e-01 1.084369885410269180e-16
1.357421875000000000e-01 7.044122527950469633e-18
1.358642578125000000e-01 4.941718396116990364e-17
1.359863281250000000e-01 5.108278756827567694e-17
1.361083984375000000e-01 -6.050176676962839700e-17
1.362304687500000000e-01 1.389254107403067477e-16
1.363525390625000000e-01 5.014865198903406678e-18
1.364746093750000000e-01 1.137655049130949101e-17
1.365966796875000000e-01 4.123669858780325427e-17
1.367187500000000000e-01 1.058934471864030041e-16
1.368408203125000000e-01 3.536195001896779996e-17
1.369628906250000000e-01 2.294137062495316017e-16
1.370849609375000000e-01 2.844111049264667069e-17
1.372070312500000000e-01 1.026855229738208133e-16
1.373291015625000000e-01 8.474302522496549923e-17
1.374511718750000000e-01 3.077109695771072710e-17
1.375732421875000000e-01 8.898518130039400966e-17
1.376953125000000000e-01 3.162788268616939361e-17
1.378173828125000000e-01 6.815610902277884934e-18
1.379394531250000000e-01 3.892166885885191585e-17
1.380615234375000000e-01 -3.932143133596541913e-17
1.381835937500000000e-01 5.369235115029724966e-17
1.383056640625000000e-01 6.998729966963290189e-17
1.384277343750000000e-01 -1.925630672865915925e-17
1.385498046875000000e-01 5.831621532525316426e-17
1.386718750000000000e-01 2.621635265162585862e-17
1.387939453125000000e-01 1.289199300030327710e-16
1.389160156250000000e-01 6.887828412622293689e-18
1.390380859375000000e-01 -2.300533079757029283e-17
1.391601562500000000e-01 4.850623509995292748e-17
1.392822265625000000e-01 9.618559794367266140e-17
1.394042968750000000e-01 7.686017134614247143e-17
1.395263671875000000e-01 4.898131272888421448e-17
1.396484375000000000e-01 5.561947749677443399e-17
1.397705078125000000e-01 -7.366003683026934073e-19
1.398925781250000000e-01 -9.653686109972048511e-18
1.400146484375000000e-01 -1.032085684525636600e-16
1.401367187500000000e-01 -8.866020250384417334e-18
1.402587890625000000e-01 3.760476223757471114e-17
1.403808593750000000e-01 -6.125642151551718181e-17
1.405029296875000000e-01 1.346141347960072035e-16
1.406250000000000000e-01 2.939830322016876316e-17
1.407470703125000000e-01 -3.725051244807399045e-17
1.408691406250000000e-01 8.964558121294458438e-17
1.409912109375000000e-01 4.239826313921920631e-17
1.411132812500000000e-01 2.238141812731868098e-17
1.412353515625000000e-01 8.687364358700291385e-17
1.413574218750000000e-01 7.661955649121144766e-17
1.414794921875000000e-01 6.289649699817858289e-17
1.416015625000000000e-01 -1.419547312803773069e-17
1.417236328125000000e-01 -2.120344183452779415e-17
1.418457031250000000e-01 1.076284483743888536e-17
1.419677734375000000e-01 1.454973300785922375e-17
1.420898437500000000e-01 6.848145532741039778e-17
1.422119140625000000e-01 -2.137857972752485965e-17
1.423339843750000000e-01 -1.116448522721850832e-17
1.424560546875000000e-01 -8.763485915214130311e-17
1.425781250000000000e-01 -2.565533179186365614e-17
1.427001953125000000e-01 1.127076764190870700e-16
1.428222656250000000e-01 -4.846047978347506966e-17
1.429443359375000000e-01 6.229188737152834677e-17
1.430664062500000000e-01 3.594882752642997012e-17
1.431884765625000000e-01 -2.276544409751626484e-17
1.433105468750000000e-01 2.672795358205175101e-17
1.434326171875000000e-01 -4.007321108859185869e-17
1.435546875000000000e-01 -5.223798047780357723e-17
1.436767578125000000e-01 2.106185733945038024e-17
1.437988281250000000e-01 -8.299698306040166557e-17
1.439208984375000000e-01 -4.441076483150649781e-17
1.440429687500000000e-01 8.947959037245855770e-17
1.441650390625000000e-01 7.301160337037687018e-17
1.442871093750000000e-01 -6.559135352216216678e-17
1.444091796875000000e-01 -1.460624810513802540e-17
1.445312500000000000e-01 -5.344973034919587170e-17
1.446533203125000000e-01 2.107593032310210068e-17
1.447753906250000000e-01 7.253431487441393983e-18
1.448974609375000000e-01 6.812726655690057535e-18
1.450195312500000000e-01 -6.190288676170575952e-17
1.451416015625000000e-01 1.853861988638311594e-17
1.452636718750000000e-01 7.563684748101282853e-17
1.453857421875000000e-01 9.149426413054843477e-18
1.455078125000000000e-01 -5.775084769484552208e-17
1.456298828125000000e-01 2.689204199402815904e-17
1.457519531250000000e-01 -5.132612847067892982e-17
1.458740234375000000e-01 -1.408725460690735133e-16
1.459960937500000000e-01 2.634518937176877279e-17
1.461181640625000000e-01 1.523034772925006231e-17
1.462402343750000000e-01 -5.093038157146114715e-17
1.463623046875000000e-01 1.583652041376293115e-17
1.464843750000000000e-01 -8.334226247178362994e-17
1.466064453125000000e-01 4.956827685288398818e-17
1.467285156250000000e-01 -3.103452617923167712e-17
1.468505859375000000e-01 5.482537276288893494e-17
1.469726562500000000e-01 2.496004388203937297e-17
1.470947265625000000e-01 6.790103110846608003e-17
1.472167968750000000e-01 1.636083637521073027e-16
1.473388671875000000e-01 6.658142398298780453e-17
1.474609375000000000e-01 1.525523127200231910e-17
1.475830078125000000e-01 -9.100797749111944077e-17
1.477050781250000000e-01 -1.017279386654267201e-16
1.478271484375000000e-01 -5.806762593162718535e-17
1.479492187500000000e-01 4.469452844652644538e-17
1.480712890625000000e-01 2.998065083939393814e-17
1.481933593750000000e-01 -4.540887739993272276e-17
1.483154296875000000e-01 1.778639635208534678e-17
1.484375000000000000e-01 6.273745357962336222e-18
1.485595703125000000e-01 6.866621353875328595e-17
1.486816406250000000e-01 2.598959100423880130e-17
1.488037109375000000e-01 -2.897102926509178669e-17
1.489257812500000000e-01 -1.987063985430705603e-17
1.490478515625000000e-01 9.110004174621469394e-17
1.491699218750000000e-01 4.501476498257741719e-17
1.492919921875000000e-01 3.097703819499087972e-17
1.494140625000000000e-01 -4.740610709485666934e-17
1.495361328125000000e-01 4.053206980541291871e-18
1.496582031250000000e-01 -2.116906459883735549e-17
1.497802734375000000e-01 3.413716534590419537e-17
1.499023437500000000e-01 1.262797347090844683e-16
1.500244140625000000e-01 5.887846720064157183e-17
1.501464843750000000e-01 -9.139614672896846754e-17
1.502685546875000000e-01 6.734631938767489625e-18
1.503906250000000000e-01 -7.176999099542128104e-17
1.505126953125000000e-01 1.014980946371196897e-16
1.506347656250000000e-01 3.925231146709437917e-17
1.507568359375000000e-01 2.299347170293093131e-17
1.508789062500000000e-01 5.887846720064157183e-17
1.510009765625000000e-01 -6.364057111333955403e-17
1.511230468750000000e-01 8.187193890357249082e-17
1.512451171875000000e-01 6.224578317002531665e-17
1.513671875000000000e-01 7.850462293418875834e-17
1.514892578125000000e-01 2.299347170293093131e-17
1.516113281250000000e-01 -5.214383526187408221e-17
1.517333984375000000e-01 -1.387778780781445676e-16
1.518554687500000000e-01 1.211242503706668885e-16
1.519775390625000000e-01 2.636078767231466380e-17
1.520996093750000000e-01 -1.289152379477970920e-17
1.522216796875000000e-01 -1.289152379477970920e-17
1.523437500000000000e-01 1.177569344012831437e-16
1.524658203125000000e-01 5.551115123125782702e-17
1.525878906250000000e-01 6.224578317002531665e-17
1.527099609375000000e-01 4.261962743647811782e-17
1.528320312500000000e-01 -5.551115123125782702e-17
1.529541015625000000e-01 1.177569344012831437e-16
1.530761718750000000e-01 -1.289152379477970920e-17
1.531982421875000000e-01 -7.176999099542128104e-17
1.533203125000000000e-01 -6.364057111333955403e-17
1.534423828125000000e-01 3.925231146709437917e-17
1.535644531250000000e-01 -3.588499549771064052e-17
1.536865234375000000e-01 -1.143896184318993989e-16
1.538085937500000000e-01 5.887846720064157183e-17
1.539306640625000000e-01 3.367315969383744812e-18
1.540527343750000000e-01 -7.176999099542128104e-17
1.541748046875000000e-01 -1.625883976416344785e-17
1.542968750000000000e-01 -7.176999099542128104e-17
1.544189453125000000e-01 2.125203970996353437e-16
1.545410156250000000e-01 -7.176999099542128104e-17
1.546630859375000000e-01 1.962615573354718958e-17
1.547851562500000000e-01 0.000000000000000000e+00
1.549072265625000000e-01 1.258863542833648583e-16
1.550292968750000000e-01 8.523925487295623563e-17
1.551513671875000000e-01 6.224578317002531665e-17
1.552734375000000000e-01 8.663404281627048534e-17
1.553955078125000000e-01 -7.176999099542128104e-17
1.555175781250000000e-01 -4.401441537979236136e-17
1.556396484375000000e-01 -1.306484581960628529e-16
1.557617187500000000e-01 1.962615573354718958e-17
1.558837890625000000e-01 5.887846720064157183e-17
1.560058593750000000e-01 -1.110223024625156540e-16
1.561279296875000000e-01 4.261962743647811782e-17
1.562500000000000000e-01 -1.962615573354718958e-17
1.563720703125000000e-01 5.887846720064157183e-17
1.564941406250000000e-01 6.224578317002531665e-17
1.566162109375000000e-01 1.062601985498176718e-16
1.567382812500000000e-01 1.962615573354718958e-17
1.568603515625000000e-01 9.813077866773594484e-17
1.569824218750000000e-01 9.813077866773594484e-17
1.571044921875000000e-01 -5.214383526187408221e-17
1.572265625000000000e-01 2.775557561562891351e-17
1.573486328125000000e-01 -1.962615573354718958e-17
1.574707031250000000e-01 -9.952556661105019455e-17
1.575927734375000000e-01 3.925231146709437917e-17
1.577148437500000000e-01 7.850462293418875834e-17
1.578369140625000000e-01 7.850462293418875834e-17
1.579589843750000000e-01 -1.625883976416344785e-17
1.580810546875000000e-01 -3.588499549771064052e-17
1.582031250000000000e-01 -7.850462293418875834e-17
1.583251953125000000e-01 9.813077866773594484e-17
1.584472656250000000e-01 -1.625883976416344785e-17
1.585693359375000000e-01 7.850462293418875834e-17
1.586914062500000000e-01 5.074904731855984483e-17
1.588134765625000000e-01 -1.962615573354718958e-17
1.589355468750000000e-01 7.850462293418875834e-17
1.590576171875000000e-01 -3.251767952832689571e-17
1.591796875000000000e-01 -3.925231146709437917e-17
1.593017578125000000e-01 -5.551115123125782702e-17
1.594238281250000000e-01 -4.401441537979236136e-17
1.595458984375000000e-01 -9.952556661105019455e-17
1.596679687500000000e-01 5.074904731855984483e-17
1.597900390625000000e-01 3.925231146709437917e-17
1.599121093750000000e-01 -1.110223024625156540e-16
1.600341796875000000e-01 -3.925231146709437917e-17
1.601562500000000000e-01 -5.887846720064157183e-17
1.602783203125000000e-01 -1.962615573354718958e-17
1.604003906250000000e-01 -7.176999099542128104e-17
1.605224609375000000e-01 3.925231146709437917e-17
1.606445312500000000e-01 1.962615573354718958e-17
1.607666015625000000e-01 -7.513730696480501352e-17
1.608886718750000000e-01 1.177569344012831437e-16
1.610107421875000000e-01 -1.625883976416344785e-17
1.611328125000000000e-01 -8.129419882081723927e-18
1.612548828125000000e-01 -3.588499549771064052e-17
1.613769531250000000e-01 3.367315969383744812e-18
1.614990234375000000e-01 1.962615573354718958e-17
1.616210937500000000e-01 7.850462293418875834e-17
1.617431640625000000e-01 1.149673585146546566e-17
1.618652343750000000e-01 -9.139614672896846754e-17
1.619873046875000000e-01 0.000000000000000000e+00
1.621093750000000000e-01 0.000000000000000000e+00
1.622314453125000000e-01 7.850462293418875834e-17
1.623535156250000000e-01 -7.176999099542128104e-17
1.624755859375000000e-01 3.925231146709437917e-17
1.625976562500000000e-01 2.775557561562891351e-17
1.627197265625000000e-01 1.962615573354718958e-17
1.628417968750000000e-01 7.850462293418875834e-17
1.629638671875000000e-01 2.299347170293093131e-17
1.630859375000000000e-01 3.925231146709437917e-17
1.632080078125000000e-01 -1.110223024625156540e-16
1.633300781250000000e-01 -1.387778780781445676e-16
1.634521484375000000e-01 -1.625883976416344785e-17
1.635742187500000000e-01 5.887846720064157183e-17
1.636962890625000000e-01 1.962615573354718958e-17
1.638183593750000000e-01 -1.962615573354718958e-17
1.639404296875000000e-01 3.367315969383744812e-18
1.640625000000000000e-01 3.925231146709437917e-17
1.641845703125000000e-01 7.850462293418875834e-17
1.643066406250000000e-01 -1.289152379477970920e-17
1.644287109375000000e-01 5.887846720064157183e-17
1.645507812500000000e-01 3.925231146709437917e-17
1.646728515625000000e-01 1.732680856325409707e-16
1.647949218750000000e-01 9.813077866773594484e-17
1.649169921875000000e-01 -3.251767952832689571e-17
1.650390625000000000e-01 1.149673585146546566e-17
1.651611328125000000e-01 1.962615573354718958e-17
1.652832031250000000e-01 -4.401441537979236136e-17
1.654052734375000000e-01 3.367315969383744812e-18
1.655273437500000000e-01 -1.625883976416344785e-17
1.656494140625000000e-01 9.813077866773594484e-17
1.657714843750000000e-01 -3.251767952832689571e-17
1.658935546875000000e-01 -1.625883976416344785e-17
1.660156250000000000e-01 -3.588499549771064052e-17
1.661376953125000000e-01 6.224578317002531665e-17
1.662597656250000000e-01 -1.289152379477970920e-17
1.663818359375000000e-01 7.850462293418875834e-17
1.665039062500000000e-01 1.962615573354718958e-17
1.666259765625000000e-01 5.074904731855984483e-17
1.667480468750000000e-01 4.261962743647811782e-17
1.668701171875000000e-01 8.187193890357249082e-17
1.669921875000000000e-01 -3.925231146709437917e-17
1.671142578125000000e-01 2.636078767231466380e-17
1.672363281250000000e-01 -3.251767952832689571e-17
1.673583984375000000e-01 5.551115123125782702e-17
1.674804687500000000e-01 9.813077866773594484e-17
1.676025390625000000e-01 -3.251767952832689571e-17
1.677246093750000000e-01 -8.802883075958472273e-17
1.678466796875000000e-01 -1.306484581960628529e-16
1.679687500000000000e-01 -3.588499549771064052e-17
1.680908203125000000e-01 6.700788708272328652e-17
1.682128906250000000e-01 6.734631938767489625e-18
1.683349609375000000e-01 -1.625883976416344785e-17
1.684570312500000000e-01 4.738173134917610001e-17
1.685791015625000000e-01 4.738173134917610001e-17
1.687011718750000000e-01 -3.251767952832689571e-17
1.688232421875000000e-01 3.367315969383744812e-18
1.689453125000000000e-01 8.129419882081723927e-18
1.690673828125000000e-01 -5.551115123125782702e-17
1.691894531250000000e-01 7.850462293418875834e-17
1.693115234375000000e-01 -1.962615573354718958e-17
1.694335937500000000e-01 -9.139614672896846754e-17
1.695556640625000000e-01 0.000000000000000000e+00
1.696777343750000000e-01 -5.214383526187408221e-17
1.697998046875000000e-01 -3.588499549771064052e-17
1.699218750000000000e-01 -1.625883976416344785e-17
1.700439453125000000e-01 5.887846720064157183e-17
1.701660156250000000e-01 -7.176999099542128104e-17
1.702880859375000000e-01 3.112289158501265832e-17
1.704101562500000000e-01 3.925231146709437917e-17
1.705322265625000000e-01 1.340157741654465730e-16
1.706542968750000000e-01 -1.289152379477970920e-17
1.707763671875000000e-01 4.261962743647811782e-17
1.708984375000000000e-01 3.367315969383744812e-18
1.710205078125000000e-01 -1.962615573354718958e-17
1.711425781250000000e-01 1.292536702527486032e-16
1.712646484375000000e-01 -7.176999099542128104e-17
1.713867187500000000e-01 7.513730696480501352e-17
1.715087890625000000e-01 1.962615573354718958e-17
1.716308593750000000e-01 -3.251767952832689571e-17
1.717529296875000000e-01 8.187193890357249082e-17
1.718750000000000000e-01 9.813077866773594484e-17
1.719970703125000000e-01 -1.962615573354718958e-17
1.721191406250000000e-01 -1.625883976416344785e-17
1.722412109375000000e-01 1.143896184318993989e-16
1.723632812500000000e-01 0.000000000000000000e+00
1.724853515625000000e-01 9.813077866773594484e-17
1.726074218750000000e-01 1.570092458683775167e-16
1.727294921875000000e-01 -3.251767952832689571e-17
1.728515625000000000e-01 8.326672684688674053e-17
1.729736328125000000e-01 1.625883976416344785e-17
1.730957031250000000e-01 5.887846720064157183e-17
1.732177734375000000e-01 3.925231146709437917e-17
1.733398437500000000e-01 9.476346269835220003e-17
1.734619140625000000e-01 2.775557561562891351e-17
1.735839843750000000e-01 0.000000000000000000e+00
1.737060546875000000e-01 -3.925231146709437917e-17
1.738281250000000000e-01 -7.513730696480501352e-17
1.739501953125000000e-01 5.887846720064157183e-17
1.740722656250000000e-01 3.925231146709437917e-17
1.741943359375000000e-01 1.149673585146546566e-17
1.743164062500000000e-01 1.340157741654465730e-16
1.744384765625000000e-01 -5.074904731855984483e-17
1.745605468750000000e-01 3.925231146709437917e-17
1.746826171875000000e-01 -1.625883976416344785e-17
1.748046875000000000e-01 5.551115123125782702e-17
1.749267578125000000e-01 7.850462293418875834e-17
1.750488281250000000e-01 1.373830901348303178e-16
1.751708984375000000e-01 7.850462293418875834e-17
1.752929687500000000e-01 9.813077866773594484e-17
1.754150390625000000e-01 7.850462293418875834e-17
1.755371093750000000e-01 -7.176999099542128104e-17
1.756591796875000000e-01 1.962615573354718958e-17
1.757812500000000000e-01 7.850462293418875834e-17
1.759033203125000000e-01 9.813077866773594484e-17
1.760253906250000000e-01 7.850462293418875834e-17
1.761474609375000000e-01 4.261962743647811782e-17
1.762695312500000000e-01 -8.129419882081723927e-18
1.763916015625000000e-01 3.925231146709437917e-17
1.765136718750000000e-01 1.177569344012831437e-16
1.766357421875000000e-01 3.112289158501265832e-17
1.767578125000000000e-01 3.925231146709437917e-17
1.768798828125000000e-01 -2.775557561562891351e-17
1.770019531250000000e-01 1.962615573354718958e-17
1.771240234375000000e-01 -5.887846720064157183e-17
1.772460937500000000e-01 7.850462293418875834e-17
1.773681640625000000e-01 -1.962615573354718958e-17
1.774902343750000000e-01 -1.110223024625156540e-16
1.776123046875000000e-01 0.000000000000000000e+00
1.777343750000000000e-01 -1.962615573354718958e-17
1.778564453125000000e-01 2.010236612481698842e-16
1.779785156250000000e-01 3.925231146709437917e-17
1.781005859375000000e-01 1.570092458683775167e-16
1.782226562500000000e-01 1.699007696631572259e-16
1.783447265625000000e-01 1.962615573354718958e-17
1.784667968750000000e-01 8.663404281627048534e-17
1.785888671875000000e-01 1.373830901348303178e-16
1.787109375000000000e-01 1.062601985498176718e-16
1.788330078125000000e-01 -1.536419298989937719e-16
1.789550781250000000e-01 -1.625883976416344785e-17
1.790771484375000000e-01 -3.588499549771064052e-17
1.791992187500000000e-01 5.551115123125782702e-17
1.793212890625000000e-01 1.962615573354718958e-17
1.794433593750000000e-01 3.925231146709437917e-17
1.795654296875000000e-01 -3.588499549771064052e-17
1.796875000000000000e-01 1.651386657504592314e-16
1.798095703125000000e-01 9.476346269835220003e-17
1.799316406250000000e-01 5.887846720064157183e-17
1.800537109375000000e-01 7.513730696480501352e-17
1.801757812500000000e-01 1.962615573354718958e-17
1.802978515625000000e-01 1.143896184318993989e-16
1.804199218750000000e-01 7.850462293418875834e-17
1.805419921875000000e-01 2.299347170293093131e-17
1.806640625000000000e-01 1.143896184318993989e-16
1.807861328125000000e-01 1.732680856325409707e-16
1.809082031250000000e-01 1.258863542833648583e-16
1.810302734375000000e-01 -8.129419882081723927e-18
1.811523437500000000e-01 1.536419298989937719e-16
1.812744140625000000e-01 9.476346269835220003e-17
1.813964843750000000e-01 4.598694340586186263e-17
1.815185546875000000e-01 4.261962743647811782e-17
1.816406250000000000e-01 -5.551115123125782702e-17
1.817626953125000000e-01 -1.962615573354718958e-17
1.818847656250000000e-01 6.224578317002531665e-17
1.820068359375000000e-01 1.732680856325409707e-16
1.821289062500000000e-01 1.143896184318993989e-16
1.822509765625000000e-01 8.663404281627048534e-17
1.823730468750000000e-01 1.211242503706668885e-16
1.824951171875000000e-01 4.261962743647811782e-17
1.826171875000000000e-01 6.700788708272328652e-17
1.827392578125000000e-01 1.177569344012831437e-16
1.828613281250000000e-01 9.813077866773594484e-17
1.829833984375000000e-01 0.000000000000000000e+00
1.831054687500000000e-01 1.570092458683775167e-16
1.832275390625000000e-01 2.299347170293093131e-17
1.833496093750000000e-01 -3.251767952832689571e-17
1.834716796875000000e-01 -5.214383526187408221e-17
1.835937500000000000e-01 1.177569344012831437e-16
1.837158203125000000e-01 8.129419882081723927e-18
1.838378906250000000e-01 9.813077866773594484e-17
1.839599609375000000e-01 8.663404281627048534e-17
1.840820312500000000e-01 1.962615573354718958e-17
1.842041015625000000e-01 9.476346269835220003e-17
1.843261718750000000e-01 1.570092458683775167e-16
1.844482421875000000e-01 3.367315969383744812e-18
1.845703125000000000e-01 1.306484581960628529e-16
1.846923828125000000e-01 5.887846720064157183e-17
1.848144531250000000e-01 9.813077866773594484e-17
1.849365234375000000e-01 3.251767952832689571e-17
1.850585937500000000e-01 5.887846720064157183e-17
1.851806640625000000e-01 8.129419882081723927e-18
1.853027343750000000e-01 5.887846720064157183e-17
1.854248046875000000e-01 1.177569344012831437e-16
1.855468750000000000e-01 1.962615573354718958e-17
1.856689453125000000e-01 2.010236612481698842e-16
1.857910156250000000e-01 -5.214383526187408221e-17
1.859130859375000000e-01 5.887846720064157183e-17
1.860351562500000000e-01 6.364057111333955403e-17
1.861572265625000000e-01 1.340157741654465730e-16
1.862792968750000000e-01 1.340157741654465730e-16
1.864013671875000000e-01 3.925231146709437917e-17
1.865234375000000000e-01 1.110223024625156540e-16
1.866455078125000000e-01 -3.925231146709437917e-17
1.867675781250000000e-01 8.663404281627048534e-17
1.868896484375000000e-01 3.588499549771064052e-17
1.870117187500000000e-01 1.143896184318993989e-16
1.871337890625000000e-01 -5.887846720064157183e-17
1.872558593750000000e-01 -5.887846720064157183e-17
1.873779296875000000e-01 -1.962615573354718958e-17
1.875000000000000000e-01 3.925231146709437917e-17
1.876220703125000000e-01 3.925231146709437917e-17
1.877441406250000000e-01 7.850462293418875834e-17
1.878662109375000000e-01 1.143896184318993989e-16
1.879882812500000000e-01 3.925231146709437917e-17
1.881103515625000000e-01 1.732680856325409707e-16
1.882324218750000000e-01 7.850462293418875834e-17
1.883544921875000000e-01 -1.625883976416344785e-17
1.884765625000000000e-01 1.225190383139811135e-16
1.885986328125000000e-01 1.962615573354718958e-17
1.887207031250000000e-01 1.488798259862958020e-16
1.888427734375000000e-01 8.663404281627048534e-17
1.889648437500000000e-01 3.925231146709437917e-17
1.890869140625000000e-01 0.000000000000000000e+00
1.892089843750000000e-01 3.112289158501265832e-17
1.893310546875000000e-01 -1.962615573354718958e-17
1.894531250000000000e-01 -7.176999099542128104e-17
1.895751953125000000e-01 9.813077866773594484e-17
1.896972656250000000e-01 1.373830901348303178e-16
1.898193359375000000e-01 1.536419298989937719e-16
1.899414062500000000e-01 1.062601985498176718e-16
1.900634765625000000e-01 7.513730696480501352e-17
1.901855468750000000e-01 1.570092458683775167e-16
1.903076171875000000e-01 6.224578317002531665e-17
1.904296875000000000e-01 1.225190383139811135e-16
1.905517578125000000e-01 3.112289158501265832e-17
1.906738281250000000e-01 1.373830901348303178e-16
1.907958984375000000e-01 7.850462293418875834e-17
1.909179687500000000e-01 1.143896184318993989e-16
1.910400390625000000e-01 1.962615573354718958e-17
1.911621093750000000e-01 6.224578317002531665e-17
1.912841796875000000e-01 1.962615573354718958e-17
1.914062500000000000e-01 -5.551115123125782702e-17
1.915283203125000000e-01 3.925231146709437917e-17
1.916503906250000000e-01 7.037520305210703133e-17
1.917724609375000000e-01 9.813077866773594484e-17
1.918945312500000000e-01 3.925231146709437917e-17
1.920166015625000000e-01 2.775557561562891351e-17
1.921386718750000000e-01 1.488798259862958020e-16
1.922607421875000000e-01 3.367315969383744812e-18
1.923828125000000000e-01 3.588499549771064052e-17
1.925048828125000000e-01 1.014980946371196897e-16
1.926269531250000000e-01 1.651386657504592314e-16
1.927490234375000000e-01 5.887846720064157183e-17
1.928710937500000000e-01 1.962615573354718958e-17
1.929931640625000000e-01 0.000000000000000000e+00
1.931152343750000000e-01 -7.176999099542128104e-17
1.932373046875000000e-01 2.299347170293093131e-17
1.933593750000000000e-01 1.962615573354718958e-17
1.934814453125000000e-01 1.143896184318993989e-16
1.936035156250000000e-01 6.224578317002531665e-17
1.937255859375000000e-01 9.476346269835220003e-17
1.938476562500000000e-01 0.000000000000000000e+00
1.939697265625000000e-01 5.551115123125782702e-17
1.940917968750000000e-01 1.373830901348303178e-16
1.942138671875000000e-01 2.299347170293093131e-17
1.943359375000000000e-01 7.850462293418875834e-17
1.944580078125000000e-01 -9.476346269835220003e-17
1.945800781250000000e-01 -2.775557561562891351e-17
1.947021484375000000e-01 3.925231146709437917e-17
1.948242187500000000e-01 7.513730696480501352e-17
1.949462890625000000e-01 1.306484581960628529e-16
1.950683593750000000e-01 3.925231146709437917e-17
1.951904296875000000e-01 5.887846720064157183e-17
1.953125000000000000e-01 7.850462293418875834e-17
1.954345703125000000e-01 4.738173134917610001e-17
1.955566406250000000e-01 3.925231146709437917e-17
1.956787109375000000e-01 1.177569344012831437e-16
1.958007812500000000e-01 6.700788708272328652e-17
1.959228515625000000e-01 1.143896184318993989e-16
1.960449218750000000e-01 1.570092458683775167e-16
1.961669921875000000e-01 2.636078767231466380e-17
1.962890625000000000e-01 1.732680856325409707e-16
1.964111328125000000e-01 1.258863542833648583e-16
1.965332031250000000e-01 1.766354016019247155e-16
1.966552734375000000e-01 1.766354016019247155e-16
1.967773437500000000e-01 -3.588499549771064052e-17
1.968994140625000000e-01 7.850462293418875834e-17
1.970214843750000000e-01 -3.251767952832689571e-17
1.971435546875000000e-01 9.813077866773594484e-17
1.972656250000000000e-01 -3.251767952832689571e-17
1.973876953125000000e-01 9.813077866773594484e-17
1.975097656250000000e-01 4.261962743647811782e-17
1.976318359375000000e-01 2.321465528331825672e-16
1.977539062500000000e-01 7.037520305210703133e-17
1.978759765625000000e-01 3.925231146709437917e-17
1.979980468750000000e-01 8.523925487295623563e-17
1.981201171875000000e-01 1.014980946371196897e-16
1.982421875000000000e-01 0.000000000000000000e+00
1.983642578125000000e-01 4.261962743647811782e-17
1.984863281250000000e-01 2.636078767231466380e-17
1.986083984375000000e-01 7.850462293418875834e-17
1.987304687500000000e-01 1.570092458683775167e-16
1.988525390625000000e-01 -1.625883976416344785e-17
1.989746093750000000e-01 -3.251767952832689571e-17
1.990966796875000000e-01 -5.214383526187408221e-17
1.992187500000000000e-01 4.261962743647811782e-17
1.993408203125000000e-01 7.513730696480501352e-17
1.994628906250000000e-01 1.326209862221323480e-16
1.995849609375000000e-01 4.261962743647811782e-17
1.997070312500000000e-01 1.962615573354718958e-17
1.998291015625000000e-01 1.962615573354718958e-17
1.999511718750000000e-01 1.962615573354718897e-16
2.000732421875000000e-01 -1.289152379477970920e-17
2.001953125000000000e-01 5.551115123125782702e-17
2.003173828125000000e-01 7.850462293418875834e-17
2.004394531250000000e-01 6.224578317002531665e-17
2.005615234375000000e-01 3.925231146709437917e-17
2.006835937500000000e-01 3.112289158501265832e-17
2.008056640625000000e-01 6.700788708272328652e-17
2.009277343750000000e-01 4.261962743647811782e-17
2.010498046875000000e-01 3.925231146709437917e-17
2.011718750000000000e-01 1.014980946371196897e-16
2.012939453125000000e-01 1.373830901348303178e-16
2.014160156250000000e-01 -1.625883976416344785e-17
2.015380859375000000e-01 0.000000000000000000e+00
2.016601562500000000e-01 -8.129419882081723927e-18
2.017822265625000000e-01 1.143896184318993989e-16
2.019042968750000000e-01 2.636078767231466380e-17
2.020263671875000000e-01 -1.289152379477970920e-17
2.021484375000000000e-01 1.177569344012831437e-16
2.022705078125000000e-01 5.887846720064157183e-17
2.023925781250000000e-01 7.850462293418875834e-17
2.025146484375000000e-01 -7.176999099542128104e-17
2.026367187500000000e-01 -1.962615573354718958e-17
2.027587890625000000e-01 1.421451940475283124e-16
2.028808593750000000e-01 3.367315969383744812e-18
2.030029296875000000e-01 6.224578317002531665e-17
2.031250000000000000e-01 1.962615573354718958e-17
2.032470703125000000e-01 0.000000000000000000e+00
2.033691406250000000e-01 -1.625883976416344785e-17
2.034912109375000000e-01 1.143896184318993989e-16
2.036132812500000000e-01 -8.129419882081723927e-18
2.037353515625000000e-01 1.962615573354718958e-17
2.038574218750000000e-01 9.813077866773594484e-17
2.039794921875000000e-01 -9.139614672896846754e-17
2.041015625000000000e-01 7.513730696480501352e-17
2.042236328125000000e-01 7.850462293418875834e-17
2.043457031250000000e-01 7.850462293418875834e-17
2.044677734375000000e-01 0.000000000000000000e+00
2.045898437500000000e-01 5.887846720064157183e-17
2.047119140625000000e-01 3.925231146709437917e-17
2.048339843750000000e-01 -7.176999099542128104e-17
2.049560546875000000e-01 -3.925231146709437917e-17
2.050781250000000000e-01 -1.028928825804339270e-16
2.052001953125000000e-01 7.850462293418875834e-17
2.053222656250000000e-01 5.887846720064157183e-17
2.054443359375000000e-01 1.962615573354718958e-17
2.055664062500000000e-01 0.000000000000000000e+00
2.056884765625000000e-01 -3.367315969383744812e-18
2.058105468750000000e-01 9.813077866773594484e-17
2.059326171875000000e-01 2.299347170293093131e-17
2.060546875000000000e-01 5.551115123125782702e-17
2.061767578125000000e-01 2.299347170293093131e-17
2.062988281250000000e-01 -1.625883976416344785e-17
2.064208984375000000e-01 1.143896184318993989e-16
2.065429687500000000e-01 0.000000000000000000e+00
2.066650390625000000e-01 7.513730696480501352e-17
2.067871093750000000e-01 3.367315969383744812e-18
2.069091796875000000e-01 4.261962743647811782e-17
2.070312500000000000e-01 -9.476346269835220003e-17
2.071533203125000000e-01 -2.775557561562891351e-17
2.072753906250000000e-01 4.261962743647811782e-17
2.073974609375000000e-01 9.813077866773594484e-17
2.075195312500000000e-01 -1.962615573354718958e-17
2.076416015625000000e-01 -3.367315969383744812e-18
2.077636718750000000e-01 1.488798259862958020e-16
2.078857421875000000e-01 3.925231146709437917e-17
2.080078125000000000e-01 1.625883976416344785e-17
2.081298828125000000e-01 2.775557561562891351e-17
2.082519531250000000e-01 3.925231146709437917e-17
2.083740234375000000e-01 5.551115123125782702e-17
2.084960937500000000e-01 1.962615573354718958e-17
2.086181640625000000e-01 -1.962615573354718958e-17
2.087402343750000000e-01 -9.139614672896846754e-17
2.088623046875000000e-01 0.000000000000000000e+00
2.089843750000000000e-01 -1.149673585146546566e-17
2.091064453125000000e-01 1.340157741654465730e-16
2.092285156250000000e-01 9.813077866773594484e-17
2.093505859375000000e-01 1.928942413660881449e-16
2.094726562500000000e-01 1.340157741654465730e-16
2.095947265625000000e-01 7.513730696480501352e-17
2.097167968750000000e-01 8.187193890357249082e-17
2.098388671875000000e-01 2.299347170293093131e-17
2.099609375000000000e-01 5.887846720064157183e-17
2.100830078125000000e-01 -7.513730696480501352e-17
2.102050781250000000e-01 3.925231146709437917e-17
2.103271484375000000e-01 1.962615573354718958e-17
2.104492187500000000e-01 5.551115123125782702e-17
2.105712890625000000e-01 6.364057111333955403e-17
2.106933593750000000e-01 5.887846720064157183e-17
2.108154296875000000e-01 5.887846720064157183e-17
2.109375000000000000e-01 1.962615573354718958e-17
2.110595703125000000e-01 5.551115123125782702e-17
2.111816406250000000e-01 1.928942413660881449e-16
2.113037109375000000e-01 1.962615573354718958e-17
2.114257812500000000e-01 3.925231146709437917e-17
2.115478515625000000e-01 7.513730696480501352e-17
2.116699218750000000e-01 8.187193890357249082e-17
2.117919921875000000e-01 -1.110223024625156540e-16
2.119140625000000000e-01 9.476346269835220003e-17
2.120361328125000000e-01 -4.401441537979236136e-17
2.121582031250000000e-01 1.570092458683775167e-16
2.122802734375000000e-01 1.177569344012831437e-16
2.124023437500000000e-01 3.925231146709437917e-17
2.125244140625000000e-01 1.340157741654465730e-16
2.126464843750000000e-01 -5.551115123125782702e-17
2.127685546875000000e-01 4.738173134917610001e-17
2.128906250000000000e-01 2.299347170293093131e-17
2.130126953125000000e-01 1.177569344012831437e-16
2.131347656250000000e-01 -7.176999099542128104e-17
2.132568359375000000e-01 2.299347170293093131e-17
2.133789062500000000e-01 9.813077866773594484e-17
2.135009765625000000e-01 -3.925231146709437917e-17
2.136230468750000000e-01 6.734631938767489625e-18
2.137451171875000000e-01 6.734631938767489625e-18
2.138671875000000000e-01 1.062601985498176718e-16
2.139892578125000000e-01 7.850462293418875834e-17
2.141113281250000000e-01 1.014980946371196897e-16
2.142333984375000000e-01 -7.176999099542128104e-17
2.143554687500000000e-01 1.373830901348303178e-16
2.144775390625000000e-01 5.887846720064157183e-17
2.145996093750000000e-01 -2.102094367686142389e-17
2.147216796875000000e-01 -6.027325514395580922e-17
2.148437500000000000e-01 9.813077866773594484e-17
2.149658203125000000e-01 -8.129419882081723927e-18
2.150878906250000000e-01 2.636078767231466380e-17
2.152099609375000000e-01 9.813077866773594484e-17
2.153320312500000000e-01 -3.588499549771064052e-17
2.154541015625000000e-01 7.513730696480501352e-17
2.155761718750000000e-01 -3.251767952832689571e-17
2.156982421875000000e-01 3.112289158501265832e-17
2.158203125000000000e-01 -1.962615573354718958e-17
2.159423828125000000e-01 9.813077866773594484e-17
2.160644531250000000e-01 3.367315969383744812e-18
2.161865234375000000e-01 -1.028928825804339270e-16
2.163085937500000000e-01 1.962615573354718958e-17
2.164306640625000000e-01 2.775557561562891351e-17
2.165527343750000000e-01 2.636078767231466380e-17
2.166748046875000000e-01 1.962615573354718958e-17
2.167968750000000000e-01 2.636078767231466380e-17
2.169189453125000000e-01 7.850462293418875834e-17
2.170410156250000000e-01 -3.251767952832689571e-17
2.171630859375000000e-01 3.367315969383744812e-18
2.172851562500000000e-01 3.925231146709437917e-17
2.174072265625000000e-01 7.513730696480501352e-17
2.175292968750000000e-01 4.598694340586186263e-17
2.176513671875000000e-01 4.261962743647811782e-17
2.177734375000000000e-01 7.513730696480501352e-17
2.178955078125000000e-01 -5.551115123125782702e-17
2.180175781250000000e-01 1.373830901348303178e-16
2.181396484375000000e-01 2.299347170293093131e-17
2.182617187500000000e-01 -3.925231146709437917e-17
2.183837890625000000e-01 9.476346269835220003e-17
2.185058593750000000e-01 -1.191517223445973687e-16
2.186279296875000000e-01 -8.326672684688674053e-17
2.187500000000000000e-01 -5.887846720064157183e-17
2.188720703125000000e-01 7.513730696480501352e-17
2.189941406250000000e-01 3.925231146709437917e-17
2.191162109375000000e-01 9.476346269835220003e-17
2.192382812500000000e-01 -1.962615573354718958e-17
2.193603515625000000e-01 -3.367315969383744812e-18
2.194824218750000000e-01 1.258863542833648583e-16
2.196044921875000000e-01 -6.364057111333955403e-17
2.197265625000000000e-01 4.401441537979236136e-17
2.198486328125000000e-01 3.588499549771064052e-17
2.199707031250000000e-01 5.887846720064157183e-17
2.200927734375000000e-01 8.129419882081723927e-18
2.202148437500000000e-01 6.700788708272328652e-17
2.203369140625000000e-01 1.143896184318993989e-16
2.204589843750000000e-01 7.850462293418875834e-17
2.205810546875000000e-01 -3.112289158501265832e-17
2.207031250000000000e-01 -1.306484581960628529e-16
2.208251953125000000e-01 7.850462293418875834e-17
2.209472656250000000e-01 0.000000000000000000e+00
2.210693359375000000e-01 6.700788708272328652e-17
2.211914062500000000e-01 7.513730696480501352e-17
2.213134765625000000e-01 7.176999099542128104e-17
2.214355468750000000e-01 6.700788708272328652e-17
2.215576171875000000e-01 -1.289152379477970920e-17
2.216796875000000000e-01 7.176999099542128104e-17
2.218017578125000000e-01 1.962615573354718958e-17
2.219238281250000000e-01 5.887846720064157183e-17
2.220458984375000000e-01 3.925231146709437917e-17
2.221679687500000000e-01 1.225190383139811135e-16
2.222900390625000000e-01 1.699007696631572259e-16
2.224121093750000000e-01 -3.588499549771064052e-17
2.225341796875000000e-01 2.775557561562891351e-17
2.226562500000000000e-01 0.000000000000000000e+00
2.227783203125000000e-01 3.112289158501265832e-17
2.229003906250000000e-01 5.887846720064157183e-17
2.230224609375000000e-01 3.925231146709437917e-17
2.231445312500000000e-01 1.625883976416344785e-17
2.232666015625000000e-01 -2.299347170293093131e-17
2.233886718750000000e-01 1.340157741654465730e-16
2.235107421875000000e-01 -5.551115123125782702e-17
2.236328125000000000e-01 7.513730696480501352e-17
2.237548828125000000e-01 3.367315969383744812e-18
2.238769531250000000e-01 1.340157741654465730e-16
2.239990234375000000e-01 3.925231146709437917e-17
2.241210937500000000e-01 3.925231146709437917e-17
2.242431640625000000e-01 5.551115123125782702e-17
2.243652343750000000e-01 -1.306484581960628529e-16
2.244873046875000000e-01 -1.962615573354718958e-17
2.246093750000000000e-01 8.129419882081723927e-18
2.247314453125000000e-01 9.476346269835220003e-17
2.248535156250000000e-01 3.367315969383744812e-18
2.249755859375000000e-01 9.476346269835220003e-17
2.250976562500000000e-01 6.364057111333955403e-17
2.252197265625000000e-01 -1.962615573354718958e-17
2.253417968750000000e-01 -3.251767952832689571e-17
2.254638671875000000e-01 3.925231146709437917e-17
2.255859375000000000e-01 5.887846720064157183e-17
2.257080078125000000e-01 -1.625883976416344785e-17
2.258300781250000000e-01 3.367315969383744812e-18
2.259521484375000000e-01 1.149673585146546566e-17
2.260742187500000000e-01 1.625883976416344785e-17
2.261962890625000000e-01 1.340157741654465730e-16
2.263183593750000000e-01 0.000000000000000000e+00
2.264404296875000000e-01 -1.028928825804339270e-16
2.265625000000000000e-01 -5.887846720064157183e-17
2.266845703125000000e-01 1.143896184318993989e-16
2.268066406250000000e-01 5.074904731855984483e-17
2.269287109375000000e-01 1.373830901348303178e-16
2.270507812500000000e-01 -8.129419882081723927e-18
2.271728515625000000e-01 1.028928825804339270e-16
2.272949218750000000e-01 7.850462293418875834e-17
2.274169921875000000e-01 -7.176999099542128104e-17
2.275390625000000000e-01 1.258863542833648583e-16
2.276611328125000000e-01 1.149673585146546566e-17
2.277832031250000000e-01 9.000135878565423016e-17
2.279052734375000000e-01 9.476346269835220003e-17
2.280273437500000000e-01 -1.502746139296100270e-16
2.281494140625000000e-01 9.476346269835220003e-17
2.282714843750000000e-01 -7.176999099542128104e-17
2.283935546875000000e-01 6.700788708272328652e-17
2.285156250000000000e-01 -1.110223024625156540e-16
2.286376953125000000e-01 5.887846720064157183e-17
2.287597656250000000e-01 -9.139614672896846754e-17
2.288818359375000000e-01 1.177569344012831437e-16
2.290039062500000000e-01 1.962615573354718958e-17
2.291259765625000000e-01 3.925231146709437917e-17
2.292480468750000000e-01 3.367315969383744812e-18
2.293701171875000000e-01 1.177569344012831437e-16
2.294921875000000000e-01 -5.887846720064157183e-17
2.296142578125000000e-01 7.850462293418875834e-17
2.297363281250000000e-01 -1.625883976416344785e-17
2.298583984375000000e-01 3.925231146709437917e-17
2.299804687500000000e-01 3.925231146709437917e-17
2.301025390625000000e-01 -3.925231146709437917e-17
2.302246093750000000e-01 -9.952556661105019455e-17
2.303466796875000000e-01 1.962615573354718958e-17
2.304687500000000000e-01 -1.306484581960628529e-16
2.305908203125000000e-01 1.502746139296100270e-16
2.307128906250000000e-01 -3.251767952832689571e-17
2.308349609375000000e-01 3.925231146709437917e-17
2.309570312500000000e-01 -3.925231146709437917e-17
2.310791015625000000e-01 3.588499549771064052e-17
2.312011718750000000e-01 3.925231146709437917e-17
2.313232421875000000e-01 -4.738173134917610001e-17
2.314453125000000000e-01 1.625883976416344785e-17
2.315673828125000000e-01 -1.962615573354718958e-17
2.316894531250000000e-01 4.261962743647811782e-17
2.318115234375000000e-01 8.129419882081723927e-18
2.319335937500000000e-01 -1.502746139296100270e-16
2.320556640625000000e-01 -1.962615573354718958e-17
2.321777343750000000e-01 -3.251767952832689571e-17
2.322998046875000000e-01 1.340157741654465730e-16
2.324218750000000000e-01 -9.476346269835220003e-17
2.325439453125000000e-01 5.074904731855984483e-17
2.326660156250000000e-01 -4.064709941040862271e-17
2.327880859375000000e-01 1.502746139296100270e-16
2.329101562500000000e-01 5.074904731855984483e-17
2.330322265625000000e-01 6.700788708272328652e-17
2.331542968750000000e-01 -6.840267502603753622e-17
2.332763671875000000e-01 3.367315969383744812e-18
2.333984375000000000e-01 -8.129419882081723927e-18
2.335205078125000000e-01 7.513730696480501352e-17
2.336425781250000000e-01 1.177569344012831437e-16
2.337646484375000000e-01 3.925231146709437917e-17
2.338867187500000000e-01 1.625883976416344785e-17
2.340087890625000000e-01 1.306484581960628529e-16
2.341308593750000000e-01 -1.110223024625156540e-16
2.342529296875000000e-01 7.850462293418875834e-17
2.343750000000000000e-01 -5.887846720064157183e-17
2.344970703125000000e-01 -3.588499549771064052e-17
2.346191406250000000e-01 1.177569344012831437e-16
2.347412109375000000e-01 8.663404281627048534e-17
2.348632812500000000e-01 1.962615573354718958e-17
2.349853515625000000e-01 4.738173134917610001e-17
2.351074218750000000e-01 1.177569344012831437e-16
2.352294921875000000e-01 -1.289152379477970920e-17
2.353515625000000000e-01 1.306484581960628529e-16
2.354736328125000000e-01 1.143896184318993989e-16
2.355957031250000000e-01 1.651386657504592314e-16
2.357177734375000000e-01 1.062601985498176718e-16
2.358398437500000000e-01 -3.588499549771064052e-17
2.359619140625000000e-01 8.663404281627048534e-17
2.360839843750000000e-01 1.062601985498176718e-16
2.362060546875000000e-01 8.663404281627048534e-17
2.363281250000000000e-01 -1.502746139296100270e-16
2.364501953125000000e-01 3.925231146709437917e-17
2.365722656250000000e-01 1.962615573354718958e-17
2.366943359375000000e-01 1.455125100169120572e-16
2.368164062500000000e-01 1.306484581960628529e-16
2.369384765625000000e-01 2.775557561562891351e-17
2.370605468750000000e-01 7.850462293418875834e-17
2.371826171875000000e-01 7.850462293418875834e-17
2.373046875000000000e-01 1.699007696631572259e-16
2.374267578125000000e-01 1.177569344012831437e-16
2.375488281250000000e-01 1.062601985498176718e-16
2.376708984375000000e-01 3.367315969383744812e-18
2.377929687500000000e-01 7.513730696480501352e-17
2.379150390625000000e-01 8.663404281627048534e-17
2.380371093750000000e-01 3.112289158501265832e-17
2.381591796875000000e-01 7.850462293418875834e-17
2.382812500000000000e-01 -3.925231146709437917e-17
2.384033203125000000e-01 1.062601985498176718e-16
2.385253906250000000e-01 6.700788708272328652e-17
2.386474609375000000e-01 9.813077866773594484e-17
2.387695312500000000e-01 3.925231146709437917e-17
2.388916015625000000e-01 1.340157741654465730e-16
2.390136718750000000e-01 1.258863542833648583e-16
2.391357421875000000e-01 3.925231146709437917e-17
2.392578125000000000e-01 2.775557561562891351e-17
2.393798828125000000e-01 4.738173134917610001e-17
2.395019531250000000e-01 1.340157741654465730e-16
2.396240234375000000e-01 -3.588499549771064052e-17
2.397460937500000000e-01 -9.476346269835220003e-17
2.398681640625000000e-01 8.663404281627048534e-17
2.399902343750000000e-01 3.925231146709437917e-17
2.401123046875000000e-01 6.700788708272328652e-17
2.402343750000000000e-01 -1.962615573354718958e-17
2.403564453125000000e-01 1.143896184318993989e-16
2.404785156250000000e-01 5.887846720064157183e-17
2.406005859375000000e-01 1.536419298989937719e-16
2.407226562500000000e-01 -5.074904731855984483e-17
2.408447265625000000e-01 -3.925231146709437917e-17
2.409667968750000000e-01 7.037520305210703133e-17
2.410888671875000000e-01 1.177569344012831437e-16
2.412109375000000000e-01 0.000000000000000000e+00
2.413330078125000000e-01 -3.588499549771064052e-17
2.414550781250000000e-01 3.925231146709437917e-17
2.415771484375000000e-01 7.850462293418875834e-17
2.416992187500000000e-01 8.129419882081723927e-18
2.418212890625000000e-01 8.129419882081723927e-18
2.419433593750000000e-01 1.143896184318993989e-16
2.420654296875000000e-01 1.149673585146546566e-17
2.421875000000000000e-01 0.000000000000000000e+00
2.423095703125000000e-01 6.364057111333955403e-17
2.424316406250000000e-01 3.925231146709437917e-17
2.425537109375000000e-01 1.421451940475283124e-16
2.426757812500000000e-01 -1.962615573354718958e-17
2.427978515625000000e-01 7.176999099542128104e-17
2.429199218750000000e-01 7.513730696480501352e-17
2.430419921875000000e-01 -5.214383526187408221e-17
2.431640625000000000e-01 3.588499549771064052e-17
2.432861328125000000e-01 2.299347170293093131e-17
2.434082031250000000e-01 1.340157741654465730e-16
2.435302734375000000e-01 1.962615573354718958e-17
2.436523437500000000e-01 1.962615573354718958e-17
2.437744140625000000e-01 1.110223024625156540e-16
2.438964843750000000e-01 -7.513730696480501352e-17
2.440185546875000000e-01 5.551115123125782702e-17
2.441406250000000000e-01 -1.502746139296100270e-16
2.442626953125000000e-01 5.887846720064157183e-17
2.443847656250000000e-01 -7.176999099542128104e-17
2.445068359375000000e-01 1.570092458683775167e-16
2.446289062500000000e-01 3.925231146709437917e-17
2.447509765625000000e-01 8.663404281627048534e-17
2.448730468750000000e-01 5.887846720064157183e-17
2.449951171875000000e-01 -6.840267502603753622e-17
2.451171875000000000e-01 -3.925231146709437917e-17
2.452392578125000000e-01 1.014980946371196897e-16
2.453613281250000000e-01 4.261962743647811782e-17
2.454833984375000000e-01 3.367315969383744812e-18
2.456054687500000000e-01 -1.962615573354718958e-17
2.457275390625000000e-01 3.925231146709437917e-17
2.458496093750000000e-01 -1.306484581960628529e-16
2.459716796875000000e-01 -7.989941087750299572e-17
2.460937500000000000e-01 -1.962615573354718958e-17
2.462158203125000000e-01 8.129419882081723927e-18
2.463378906250000000e-01 0.000000000000000000e+00
2.464599609375000000e-01 1.373830901348303178e-16
2.465820312500000000e-01 8.129419882081723927e-18
2.467041015625000000e-01 2.775557561562891351e-17
2.468261718750000000e-01 9.813077866773594484e-17
2.469482421875000000e-01 -4.401441537979236136e-17
2.470703125000000000e-01 1.625883976416344785e-17
2.471923828125000000e-01 3.925231146709437917e-17
2.473144531250000000e-01 5.887846720064157183e-17
2.474365234375000000e-01 0.000000000000000000e+00
2.475585937500000000e-01 -7.513730696480501352e-17
2.476806640625000000e-01 -3.925231146709437917e-17
2.478027343750000000e-01 -1.625883976416344785e-17
2.479248046875000000e-01 -1.625883976416344785e-17
2.480468750000000000e-01 -7.176999099542128104e-17
2.481689453125000000e-01 -2.775557561562891351e-17
2.482910156250000000e-01 -3.251767952832689571e-17
2.484130859375000000e-01 1.143896184318993989e-16
2.485351562500000000e-01 -1.962615573354718958e-17
2.486572265625000000e-01 7.513730696480501352e-17
2.487792968750000000e-01 -1.076549864931319092e-16
2.489013671875000000e-01 1.149673585146546566e-17
2.490234375000000000e-01 -3.925231146709437917e-17
2.491455078125000000e-01 2.299347170293093131e-17
2.492675781250000000e-01 5.551115123125782702e-17
2.493896484375000000e-01 7.850462293418875834e-17
2.495117187500000000e-01 -9.476346269835220003e-17
2.496337890625000000e-01 2.775557561562891351e-17
2.497558593750000000e-01 -2.775557561562891351e-17
2.498779296875000000e-01 -1.962615573354718958e-17
2.500000000000000000e-01 5.882739215809613429e-17
2.501220703125000000e-01 2.440598382571178282e-17
2.502441406250000000e-01 2.422853245263201541e-17
2.503662109375000000e-01 1.354647631328899812e-16
2.504882812500000000e-01 -2.535339017721571775e-17
2.506103515625000000e-01 1.148712201748391948e-16
2.507324218750000000e-01 7.461005012594779107e-17
2.508544921875000000e-01 2.240571552077075257e-17
2.509765625000000000e-01 1.359352355071591356e-16
2.510986328125000000e-01 1.104768132444838846e-16
2.512207031250000000e-01 1.125334092404173258e-16
2.513427734375000000e-01 6.469637651128345990e-17
2.514648437500000000e-01 -6.718665337621110289e-18
2.515869140625000000e-01 5.410168840702667126e-17
2.517089843750000000e-01 2.949029909160572061e-17
2.518310546875000000e-01 7.589415207398531038e-17
2.519531250000000000e-01 -1.015715652309275974e-16
2.520751953125000000e-01 1.430528932032905489e-16
2.521972656250000000e-01 3.418185191015850219e-17
2.523193359375000000e-01 1.337188052673941657e-16
2.524414062500000000e-01 6.310649294609471037e-17
2.525634765625000000e-01 4.593899526972389068e-17
2.526855468750000000e-01 8.842373564731614333e-17
2.528076171875000000e-01 -3.428187517840244141e-17
2.529296875000000000e-01 1.609176241262135280e-16
2.530517578125000000e-01 9.550038701166793620e-17
2.531738281250000000e-01 1.369148054601575670e-16
2.532958984375000000e-01 4.045380310535679862e-17
2.534179687500000000e-01 1.586891219204683958e-16
2.535400390625000000e-01 7.705939571615981633e-17
2.536621093750000000e-01 3.525737956950594124e-17
2.537841796875000000e-01 1.073838647227251178e-16
2.539062500000000000e-01 5.881695027427992831e-18
2.540283203125000000e-01 -3.254898504014801989e-17
2.541503906250000000e-01 5.069345627243799992e-17
2.542724609375000000e-01 8.917239997010694353e-17
2.543945312500000000e-01 8.238184797384422422e-17
2.545166015625000000e-01 5.457420867714456503e-17
2.546386718750000000e-01 6.177509046910170768e-17
2.547607421875000000e-01 -4.034476082537932796e-17
2.548828125000000000e-01 1.116000500069593998e-16
2.550048828125000000e-01 9.062028292133426262e-17
2.551269531250000000e-01 1.079521654615850116e-16
2.552490234375000000e-01 2.262182360933378662e-17
2.553710937500000000e-01 5.283141520938321271e-17
2.554931640625000000e-01 1.570926092334362390e-17
2.556152343750000000e-01 2.764313007974214757e-17
2.557373046875000000e-01 1.499015691119658127e-17
2.558593750000000000e-01 9.803360449209756793e-17
2.559814453125000000e-01 5.311627778319924618e-17
2.561035156250000000e-01 2.871917756436830260e-17
2.562255859375000000e-01 1.728177093608727674e-16
2.563476562500000000e-01 7.285838599102589797e-17
2.564697265625000000e-01 -5.377642775528101993e-17
2.565917968750000000e-01 2.862293735361731706e-17
2.567138671875000000e-01 7.025630077706068732e-17
2.568359375000000000e-01 1.266348137463069179e-16
2.569580078125000000e-01 5.898059818321144121e-17
2.570800781250000000e-01 3.642919299551294898e-17
2.572021484375000000e-01 7.285838599102589797e-17
2.573242187500000000e-01 7.459310946700270506e-17
2.574462890625000000e-01 1.301042606982605321e-16
2.575683593750000000e-01 1.188285581044112860e-16
2.576904296875000000e-01 -4.336808689942017736e-18
2.578125000000000000e-01 1.040834085586084257e-17
2.579345703125000000e-01 1.188285581044112860e-16
2.580566406250000000e-01 -3.989863994746656317e-17
2.581787109375000000e-01 1.179611963664228824e-16
2.583007812500000000e-01 5.377642775528101993e-17
2.584228515625000000e-01 9.194034422677077600e-17
2.585449218750000000e-01 2.081668171172168513e-17
2.586669921875000000e-01 -3.209238430557093125e-17
2.587890625000000000e-01 1.222980050563649002e-16
2.589111328125000000e-01 -4.336808689942017736e-18
2.590332031250000000e-01 7.199102425303749442e-17
2.591552734375000000e-01 5.637851296924623057e-17
2.592773437500000000e-01 -1.647987302177966740e-17
2.593994140625000000e-01 9.887923813067800438e-17
2.595214843750000000e-01 2.775557561562891351e-17
2.596435546875000000e-01 5.117434254131580929e-17
2.597656250000000000e-01 3.122502256758252770e-17
2.598876953125000000e-01 5.724587470723463412e-17
2.600097656250000000e-01 5.551115123125782702e-17
2.601318359375000000e-01 1.153591111524576718e-16
2.602539062500000000e-01 -1.387778780781445676e-17
2.603759765625000000e-01 3.816391647148975608e-17
2.604980468750000000e-01 1.647987302177966740e-17
2.606201171875000000e-01 2.775557561562891351e-17
2.607421875000000000e-01 6.678685382510707313e-17
2.608642578125000000e-01 5.290906601729261638e-17
2.609863281250000000e-01 1.908195823574487804e-17
2.611083984375000000e-01 3.382710778154773834e-17
2.612304687500000000e-01 5.984795992119984476e-17
2.613525390625000000e-01 -5.204170427930421283e-18
2.614746093750000000e-01 7.806255641895631925e-18
2.615966796875000000e-01 4.597017211338538800e-17
2.617187500000000000e-01 4.943961906533900219e-17
2.618408203125000000e-01 3.816391647148975608e-17
2.619628906250000000e-01 -4.597017211338538800e-17
2.620849609375000000e-01 9.540979117872439019e-18
2.622070312500000000e-01 9.280770596475917955e-17
2.623291015625000000e-01 3.035766082959412415e-17
2.624511718750000000e-01 3.729655473350135253e-17
2.625732421875000000e-01 -5.898059818321144121e-17
2.626953125000000000e-01 1.153591111524576718e-16
2.628173828125000000e-01 2.428612866367529932e-17
2.629394531250000000e-01 3.382710778154773834e-17
2.630615234375000000e-01 -4.770489558936219510e-17
2.631835937500000000e-01 2.688821387764050996e-17
2.633056640625000000e-01 3.209238430557093125e-17
2.634277343750000000e-01 3.469446951953614189e-18
2.635498046875000000e-01 -1.994931997373328159e-17
2.636718750000000000e-01 2.775557561562891351e-17
2.637939453125000000e-01 1.561251128379126385e-17
2.639160156250000000e-01 0.000000000000000000e+00
2.640380859375000000e-01 1.552577510999242349e-16
2.641601562500000000e-01 -6.418476861114186249e-17
2.642822265625000000e-01 -1.561251128379126385e-17
2.644042968750000000e-01 -1.821459649775647449e-17
2.645263671875000000e-01 9.627715291671279374e-17
2.646484375000000000e-01 -1.908195823574487804e-17
2.647705078125000000e-01 1.431146867680865853e-16
2.648925781250000000e-01 9.194034422677077600e-17
2.650146484375000000e-01 -6.071532165918824830e-18
2.651367187500000000e-01 6.678685382510707313e-17
2.652587890625000000e-01 1.162264728904460753e-16
2.653808593750000000e-01 -1.647987302177966740e-17
2.655029296875000000e-01 -2.341876692568689577e-17
2.656250000000000000e-01 3.027155234442514254e-17
2.657470703125000000e-01 8.809366786471862093e-17
2.658691406250000000e-01 -3.315516659978949857e-17
2.659912109375000000e-01 1.486912614688853349e-16
2.661132812500000000e-01 -3.302898428758706128e-18
2.662353515625000000e-01 5.517236163448107856e-17
2.663574218750000000e-01 5.530850015067407651e-17
2.664794921875000000e-01 -8.412690225283517493e-17
2.666015625000000000e-01 1.393917101392897822e-16
2.667236328125000000e-01 6.960968315112032492e-17
2.668457031250000000e-01 3.958811847842673183e-17
2.669677734375000000e-01 7.508975836562044631e-17
2.670898437500000000e-01 4.982126779833337208e-17
2.672119140625000000e-01 3.858587199779745289e-17
2.673339843750000000e-01 6.060139158410623784e-18
2.674560546875000000e-01 6.232812723631558655e-17
2.675781250000000000e-01 -6.622060529022339013e-17
2.677001953125000000e-01 1.337827459636265064e-16
2.678222656250000000e-01 2.150710148584180506e-17
2.679443359375000000e-01 7.502241004020396985e-17
2.680664062500000000e-01 6.289972896928323645e-17
2.681884765625000000e-01 5.590196578254268146e-17
2.683105468750000000e-01 6.943330241198295360e-18
2.684326171875000000e-01 5.903740408263613597e-17
2.685546875000000000e-01 1.151207240447064069e-16
2.686767578125000000e-01 1.571221016546913079e-17
2.687988281250000000e-01 2.871799189988141785e-17
2.689208984375000000e-01 4.962007848942444945e-17
2.690429687500000000e-01 1.818315352320875948e-16
2.691650390625000000e-01 8.011662782996047371e-17
2.692871093750000000e-01 9.572479092617388578e-18
2.694091796875000000e-01 2.233417853586761473e-17
2.695312500000000000e-01 2.099654677728902431e-17
2.696533203125000000e-01 4.523229571135926885e-17
2.697753906250000000e-01 -2.762078127389626748e-17
2.698974609375000000e-01 3.490346162435388404e-17
2.700195312500000000e-01 3.002784792488817235e-18
2.701416015625000000e-01 1.514957435567169728e-16
2.702636718750000000e-01 6.515974653086904826e-17
2.703857421875000000e-01 1.455119277752853091e-17
2.705078125000000000e-01 7.311289822030866056e-17
2.706298828125000000e-01 6.136617069897147326e-17
2.707519531250000000e-01 -1.583703677392108831e-17
2.708740234375000000e-01 -1.833916889949112724e-17
2.709960937500000000e-01 -5.392286931123918102e-17
2.711181640625000000e-01 2.087861633589621295e-18
2.712402343750000000e-01 -7.049673001965807115e-18
2.713623046875000000e-01 1.391940492955261567e-17
2.714843750000000000e-01 5.156977932266367217e-17
2.716064453125000000e-01 -1.679492122901879508e-17
2.717285156250000000e-01 8.672015856126913598e-17
2.718505859375000000e-01 1.040839587248129254e-16
2.719726562500000000e-01 5.859201995791830146e-17
2.720947265625000000e-01 5.074751566918327583e-17
2.722167968750000000e-01 -4.076478684889387149e-17
2.723388671875000000e-01 3.069440264456287322e-17
2.724609375000000000e-01 7.063794951005505721e-17
2.725830078125000000e-01 6.710752892019954677e-17
2.727050781250000000e-01 -4.680868837951400740e-17
2.728271484375000000e-01 6.374393842092956477e-17
2.729492187500000000e-01 5.252517833600786071e-17
2.730712890625000000e-01 9.177518908206096510e-18
2.731933593750000000e-01 3.883528540008063622e-17
2.733154296875000000e-01 -1.984696658917024307e-17
2.734375000000000000e-01 1.510821893924905075e-17
2.735595703125000000e-01 1.355979926069338833e-16
2.736816406250000000e-01 2.881654951426610615e-17
2.738037109375000000e-01 1.319089649155761520e-16
2.739257812500000000e-01 -1.718999901064455695e-17
2.740478515625000000e-01 1.273956154242640479e-16
2.741699218750000000e-01 9.974655357126716642e-19
2.742919921875000000e-01 -4.082033388381094247e-17
2.744140625000000000e-01 3.006510023834048853e-17
2.745361328125000000e-01 1.684700417781254615e-19
2.746582031250000000e-01 5.372686678303170840e-18
2.747802734375000000e-01 6.318487621808583859e-17
2.749023437500000000e-01 3.301451590186083554e-17
2.750244140625000000e-01 1.249000902703301108e-16
2.751464843750000000e-01 5.551115123125782702e-17
2.752685546875000000e-01 6.938893903907228378e-17
2.753906250000000000e-01 0.000000000000000000e+00
2.755126953125000000e-01 1.526556658859590243e-16
2.756347656250000000e-01 -6.938893903907228378e-17
2.757568359375000000e-01 9.714451465470119729e-17
2.758789062500000000e-01 2.775557561562891351e-17
2.760009765625000000e-01 9.714451465470119729e-17
2.761230468750000000e-01 0.000000000000000000e+00
2.762451171875000000e-01 1.387778780781445676e-17
2.763671875000000000e-01 1.249000902703301108e-16
2.764892578125000000e-01 1.942890293094023946e-16
2.766113281250000000e-01 9.714451465470119729e-17
2.767333984375000000e-01 5.551115123125782702e-17
2.768554687500000000e-01 1.387778780781445676e-16
2.769775390625000000e-01 5.551115123125782702e-17
2.770996093750000000e-01 -2.775557561562891351e-17
2.772216796875000000e-01 5.551115123125782702e-17
2.773437500000000000e-01 2.775557561562891351e-17
2.774658203125000000e-01 1.249000902703301108e-16
2.775878906250000000e-01 -4.163336342344337027e-17
2.777099609375000000e-01 1.110223024625156540e-16
2.778320312500000000e-01 1.387778780781445676e-17
2.779541015625000000e-01 1.526556658859590243e-16
2.780761718750000000e-01 1.387778780781445676e-17
2.781982421875000000e-01 5.551115123125782702e-17
2.783203125000000000e-01 1.387778780781445676e-17
2.784423828125000000e-01 8.326672684688674053e-17
2.785644531250000000e-01 0.000000000000000000e+00
2.786865234375000000e-01 5.551115123125782702e-17
2.788085937500000000e-01 2.775557561562891351e-17
2.789306640625000000e-01 1.665334536937734811e-16
2.790527343750000000e-01 -1.387778780781445676e-17
2.791748046875000000e-01 5.551115123125782702e-17
2.792968750000000000e-01 -4.163336342344337027e-17
2.794189453125000000e-01 1.110223024625156540e-16
2.795410156250000000e-01 4.163336342344337027e-17
2.796630859375000000e-01 1.387778780781445676e-16
2.797851562500000000e-01 -1.387778780781445676e-17
2.799072265625000000e-01 1.526556658859590243e-16
2.800292968750000000e-01 2.775557561562891351e-17
2.801513671875000000e-01 1.387778780781445676e-17
2.802734375000000000e-01 1.387778780781445676e-17
2.803955078125000000e-01 4.163336342344337027e-17
2.805175781250000000e-01 8.326672684688674053e-17
2.806396484375000000e-01 1.249000902703301108e-16
2.807617187500000000e-01 1.249000902703301108e-16
2.808837890625000000e-01 1.665334536937734811e-16
2.810058593750000000e-01 2.775557561562891351e-17
2.811279296875000000e-01 2.775557561562891351e-17
2.812500000000000000e-01 1.387778780781445676e-17
2.813720703125000000e-01 6.938893903907228378e-17
2.814941406250000000e-01 -4.163336342344337027e-17
2.816162109375000000e-01 1.110223024625156540e-16
2.817382812500000000e-01 -5.551115123125782702e-17
2.818603515625000000e-01 6.938893903907228378e-17
2.819824218750000000e-01 -1.387778780781445676e-17
2.821044921875000000e-01 -4.163336342344337027e-17
2.822265625000000000e-01 9.714451465470119729e-17
2.823486328125000000e-01 9.714451465470119729e-17
2.824707031250000000e-01 2.775557561562891351e-17
2.825927734375000000e-01 8.326672684688674053e-17
2.827148437500000000e-01 -1.387778780781445676e-17
2.828369140625000000e-01 1.387778780781445676e-17
2.829589843750000000e-01 4.163336342344337027e-17
2.830810546875000000e-01 9.714451465470119729e-17
2.832031250000000000e-01 -1.110223024625156540e-16
2.833251953125000000e-01 6.938893903907228378e-17
2.834472656250000000e-01 -1.387778780781445676e-17
2.835693359375000000e-01 1.387778780781445676e-16
2.836914062500000000e-01 2.775557561562891351e-17
2.838134765625000000e-01 1.526556658859590243e-16
2.839355468750000000e-01 0.000000000000000000e+00
2.840576171875000000e-01 2.775557561562891351e-17
2.841796875000000000e-01 1.387778780781445676e-16
2.843017578125000000e-01 1.387778780781445676e-16
2.844238281250000000e-01 8.326672684688674053e-17
2.845458984375000000e-01 4.163336342344337027e-17
2.846679687500000000e-01 8.326672684688674053e-17
2.847900390625000000e-01 9.714451465470119729e-17
2.849121093750000000e-01 -1.387778780781445676e-17
2.850341796875000000e-01 1.526556658859590243e-16
2.851562500000000000e-01 -2.775557561562891351e-17
2.852783203125000000e-01 4.163336342344337027e-17
2.854003906250000000e-01 -2.775557561562891351e-17
2.855224609375000000e-01 4.163336342344337027e-17
2.856445312500000000e-01 -1.387778780781445676e-17
2.857666015625000000e-01 9.714451465470119729e-17
2.858886718750000000e-01 5.551115123125782702e-17
2.860107421875000000e-01 4.163336342344337027e-17
2.861328125000000000e-01 1.387778780781445676e-17
2.862548828125000000e-01 4.163336342344337027e-17
2.863769531250000000e-01 -4.163336342344337027e-17
2.864990234375000000e-01 8.326672684688674053e-17
2.866210937500000000e-01 -1.110223024625156540e-16
2.867431640625000000e-01 5.551115123125782702e-17
2.868652343750000000e-01 -4.163336342344337027e-17
2.869873046875000000e-01 5.551115123125782702e-17
2.871093750000000000e-01 4.163336342344337027e-17
2.872314453125000000e-01 8.326672684688674053e-17
2.873535156250000000e-01 -8.326672684688674053e-17
2.874755859375000000e-01 6.938893903907228378e-17
2.875976562500000000e-01 1.387778780781445676e-17
2.877197265625000000e-01 6.938893903907228378e-17
2.878417968750000000e-01 -5.551115123125782702e-17
2.879638671875000000e-01 6.938893903907228378e-17
2.880859375000000000e-01 1.387778780781445676e-17
2.882080078125000000e-01 5.551115123125782702e-17
2.883300781250000000e-01 -2.775557561562891351e-17
2.884521484375000000e-01 9.714451465470119729e-17
2.885742187500000000e-01 0.000000000000000000e+00
2.886962890625000000e-01 1.110223024625156540e-16
2.888183593750000000e-01 0.000000000000000000e+00
2.889404296875000000e-01 6.938893903907228378e-17
2.890625000000000000e-01 0.000000000000000000e+00
2.891845703125000000e-01 1.110223024625156540e-16
2.893066406250000000e-01 -1.387778780781445676e-17
2.894287109375000000e-01 1.249000902703301108e-16
2.895507812500000000e-01 -1.387778780781445676e-17
2.896728515625000000e-01 1.665334536937734811e-16
2.897949218750000000e-01 -2.775557561562891351e-17
2.899169921875000000e-01 -1.387778780781445676e-17
2.900390625000000000e-01 2.775557561562891351e-17
2.901611328125000000e-01 0.000000000000000000e+00
2.902832031250000000e-01 -2.775557561562891351e-17
2.904052734375000000e-01 2.775557561562891351e-17
2.905273437500000000e-01 2.775557561562891351e-17
2.906494140625000000e-01 1.387778780781445676e-16
2.907714843750000000e-01 1.387778780781445676e-17
2.908935546875000000e-01 9.714451465470119729e-17
2.910156250000000000e-01 -8.326672684688674053e-17
2.911376953125000000e-01 4.163336342344337027e-17
2.912597656250000000e-01 1.387778780781445676e-17
2.913818359375000000e-01 9.714451465470119729e-17
2.915039062500000000e-01 -1.387778780781445676e-17
2.916259765625000000e-01 8.326672684688674053e-17
2.917480468750000000e-01 -6.938893903907228378e-17
2.918701171875000000e-01 -1.387778780781445676e-17
2.919921875000000000e-01 1.387778780781445676e-17
2.921142578125000000e-01 8.326672684688674053e-17
2.922363281250000000e-01 -1.387778780781445676e-17
2.923583984375000000e-01 9.714451465470119729e-17
2.924804687500000000e-01 4.163336342344337027e-17
2.926025390625000000e-01 0.000000000000000000e+00
2.927246093750000000e-01 -8.326672684688674053e-17
2.928466796875000000e-01 2.775557561562891351e-17
2.929687500000000000e-01 -5.551115123125782702e-17
2.930908203125000000e-01 1.110223024625156540e-16
2.932128906250000000e-01 -5.551115123125782702e-17
2.933349609375000000e-01 8.326672684688674053e-17
2.934570312500000000e-01 5.551115123125782702e-17
2.935791015625000000e-01 1.387778780781445676e-16
2.937011718750000000e-01 4.163336342344337027e-17
2.938232421875000000e-01 -1.387778780781445676e-17
2.939453125000000000e-01 4.163336342344337027e-17
2.940673828125000000e-01 1.387778780781445676e-17
2.941894531250000000e-01 -5.551115123125782702e-17
2.943115234375000000e-01 6.938893903907228378e-17
2.944335937500000000e-01 -2.775557561562891351e-17
2.945556640625000000e-01 5.551115123125782702e-17
2.946777343750000000e-01 5.551115123125782702e-17
2.947998046875000000e-01 6.938893903907228378e-17
2.949218750000000000e-01 -1.387778780781445676e-17
2.950439453125000000e-01 8.326672684688674053e-17
2.951660156250000000e-01 5.551115123125782702e-17
2.952880859375000000e-01 1.249000902703301108e-16
2.954101562500000000e-01 -4.163336342344337027e-17
2.955322265625000000e-01 -2.775557561562891351e-17
2.956542968750000000e-01 -2.775557561562891351e-17
2.957763671875000000e-01 5.551115123125782702e-17
2.958984375000000000e-01 -8.326672684688674053e-17
2.960205078125000000e-01 1.665334536937734811e-16
2.961425781250000000e-01 6.938893903907228378e-17
2.962646484375000000e-01 8.326672684688674053e-17
2.963867187500000000e-01 9.714451465470119729e-17
2.965087890625000000e-01 8.326672684688674053e-17
2.966308593750000000e-01 0.000000000000000000e+00
2.967529296875000000e-01 2.775557561562891351e-17
2.968750000000000000e-01 -4.163336342344337027e-17
2.969970703125000000e-01 2.775557561562891351e-17
2.971191406250000000e-01 -4.163336342344337027e-17
2.972412109375000000e-01 9.714451465470119729e-17
2.973632812500000000e-01 -2.775557561562891351e-17
2.974853515625000000e-01 1.110223024625156540e-16
2.976074218750000000e-01 0.000000000000000000e+00
2.977294921875000000e-01 -1.526556658859590243e-16
2.978515625000000000e-01 0.000000000000000000e+00
2.979736328125000000e-01 0.000000000000000000e+00
2.980957031250000000e-01 2.775557561562891351e-17
2.982177734375000000e-01 4.163336342344337027e-17
2.983398437500000000e-01 1.387778780781445676e-17
2.984619140625000000e-01 -6.938893903907228378e-17
2.985839843750000000e-01 1.387778780781445676e-17
2.987060546875000000e-01 5.551115123125782702e-17
2.988281250000000000e-01 -9.714451465470119729e-17
2.989501953125000000e-01 -2.775557561562891351e-17
2.990722656250000000e-01 -1.387778780781445676e-17
2.991943359375000000e-01 8.326672684688674053e-17
2.993164062500000000e-01 -1.387778780781445676e-17
2.994384765625000000e-01 6.938893903907228378e-17
2.995605468750000000e-01 1.387778780781445676e-17
2.996826171875000000e-01 1.387778780781445676e-17
2.998046875000000000e-01 8.326672684688674053e-17
2.999267578125000000e-01 6.938893903907228378e-17
3.000488281250000000e-01 1.387778780781445676e-17
3.001708984375000000e-01 -1.387778780781445676e-17
3.002929687500000000e-01 6.938893903907228378e-17
3.004150390625000000e-01 2.775557561562891351e-17
3.005371093750000000e-01 9.714451465470119729e-17
3.006591796875000000e-01 4.163336342344337027e-17
3.007812500000000000e-01 -6.938893903907228378e-17
3.009033203125000000e-01 2.775557561562891351e-17
3.010253906250000000e-01 2.775557561562891351e-17
3.011474609375000000e-01 -1.387778780781445676e-17
3.012695312500000000e-01 -4.163336342344337027e-17
3.013916015625000000e-01 5.551115123125782702e-17
3.015136718750000000e-01 -9.714451465470119729e-17
3.016357421875000000e-01 0.000000000000000000e+00
3.017578125000000000e-01 -1.387778780781445676e-17
3.018798828125000000e-01 2.775557561562891351e-17
3.020019531250000000e-01 -1.387778780781445676e-17
3.021240234375000000e-01 2.775557561562891351e-17
3.022460937500000000e-01 -1.665334536937734811e-16
3.023681640625000000e-01 1.387778780781445676e-17
3.024902343750000000e-01 -6.938893903907228378e-17
3.026123046875000000e-01 -6.938893903907228378e-17
3.027343750000000000e-01 0.000000000000000000e+00
3.028564453125000000e-01 6.938893903907228378e-17
3.029785156250000000e-01 0.000000000000000000e+00
3.031005859375000000e-01 1.387778780781445676e-17
3.032226562500000000e-01 8.326672684688674053e-17
3.033447265625000000e-01 -2.775557561562891351e-17
3.034667968750000000e-01 1.387778780781445676e-17
3.035888671875000000e-01 2.775557561562891351e-17
3.037109375000000000e-01 -2.775557561562891351e-17
3.038330078125000000e-01 6.938893903907228378e-17
3.039550781250000000e-01 -1.387778780781445676e-17
3.040771484375000000e-01 1.387778780781445676e-17
3.041992187500000000e-01 0.000000000000000000e+00
3.043212890625000000e-01 2.775557561562891351e-17
3.044433593750000000e-01 0.000000000000000000e+00
3.045654296875000000e-01 4.163336342344337027e-17
3.046875000000000000e-01 -6.938893903907228378e-17
3.048095703125000000e-01 4.163336342344337027e-17
3.049316406250000000e-01 0.000000000000000000e+00
3.050537109375000000e-01 9.714451465470119729e-17
3.051757812500000000e-01 0.000000000000000000e+00
3.052978515625000000e-01 -5.551115123125782702e-17
3.054199218750000000e-01 -2.775557561562891351e-17
3.055419921875000000e-01 -1.249000902703301108e-16
3.056640625000000000e-01 -1.110223024625156540e-16
3.057861328125000000e-01 1.387778780781445676e-17
3.059082031250000000e-01 -5.551115123125782702e-17
3.060302734375000000e-01 2.775557561562891351e-17
3.061523437500000000e-01 4.163336342344337027e-17
3.062744140625000000e-01 1.387778780781445676e-17
3.063964843750000000e-01 0.000000000000000000e+00
3.065185546875000000e-01 -2.775557561562891351e-17
3.066406250000000000e-01 -6.938893903907228378e-17
3.067626953125000000e-01 0.000000000000000000e+00
3.068847656250000000e-01 -1.387778780781445676e-17
3.070068359375000000e-01 8.326672684688674053e-17
3.071289062500000000e-01 1.387778780781445676e-17
3.072509765625000000e-01 -1.387778780781445676e-17
3.073730468750000000e-01 -2.775557561562891351e-17
3.074951171875000000e-01 2.775557561562891351e-17
3.076171875000000000e-01 -4.163336342344337027e-17
3.077392578125000000e-01 -1.387778780781445676e-17
3.078613281250000000e-01 -4.163336342344337027e-17
3.079833984375000000e-01 6.938893903907228378e-17
3.081054687500000000e-01 0.000000000000000000e+00
3.082275390625000000e-01 -5.551115123125782702e-17
3.083496093750000000e-01 -8.326672684688674053e-17
3.084716796875000000e-01 0.000000000000000000e+00
3.085937500000000000e-01 -6.938893903907228378e-17
3.087158203125000000e-01 -1.387778780781445676e-17
3.088378906250000000e-01 -8.326672684688674053e-17
3.089599609375000000e-01 1.387778780781445676e-17
3.090820312500000000e-01 -2.775557561562891351e-17
3.092041015625000000e-01 -1.387778780781445676e-17
3.093261718750000000e-01 1.387778780781445676e-17
3.094482421875000000e-01 -6.938893903907228378e-17
3.095703125000000000e-01 -4.163336342344337027e-17
3.096923828125000000e-01 2.775557561562891351e-17
3.098144531250000000e-01 2.775557561562891351e-17
3.099365234375000000e-01 8.326672684688674053e-17
3.100585937500000000e-01 -5.551115123125782702e-17
3.101806640625000000e-01 -1.387778780781445676e-17
3.103027343750000000e-01 0.000000000000000000e+00
3.104248046875000000e-01 -6.938893903907228378e-17
3.105468750000000000e-01 -1.804112415015879378e-16
3.106689453125000000e-01 5.551115123125782702e-17
3.107910156250000000e-01 -8.326672684688674053e-17
3.109130859375000000e-01 -1.387778780781445676e-17
3.110351562500000000e-01 1.387778780781445676e-17
3.111572265625000000e-01 -5.551115123125782702e-17
3.112792968750000000e-01 1.387778780781445676e-17
3.114013671875000000e-01 8.326672684688674053e-17
3.115234375000000000e-01 -4.163336342344337027e-17
3.116455078125000000e-01 0.000000000000000000e+00
3.117675781250000000e-01 9.714451465470119729e-17
3.118896484375000000e-01 1.249000902703301108e-16
3.120117187500000000e-01 1.387778780781445676e-17
3.121337890625000000e-01 -1.387778780781445676e-17
3.122558593750000000e-01 5.551115123125782702e-17
3.123779296875000000e-01 -1.387778780781445676e-17
3.125000000000000000e-01 -1.387778780781445676e-17
3.126220703125000000e-01 -1.387778780781445676e-17
3.127441406250000000e-01 0.000000000000000000e+00
3.128662109375000000e-01 9.714451465470119729e-17
3.129882812500000000e-01 -2.775557561562891351e-17
3.131103515625000000e-01 2.775557561562891351e-17
3.132324218750000000e-01 8.326672684688674053e-17
3.133544921875000000e-01 -1.110223024625156540e-16
3.134765625000000000e-01 4.163336342344337027e-17
3.135986328125000000e-01 6.938893903907228378e-17
3.137207031250000000e-01 2.775557561562891351e-17
3.138427734375000000e-01 4.163336342344337027e-17
3.139648437500000000e-01 -2.775557561562891351e-17
3.140869140625000000e-01 1.387778780781445676e-17
3.142089843750000000e-01 -6.938893903907228378e-17
3.143310546875000000e-01 6.938893903907228378e-17
3.144531250000000000e-01 -1.110223024625156540e-16
3.145751953125000000e-01 2.775557561562891351e-17
3.146972656250000000e-01 -4.163336342344337027e-17
3.148193359375000000e-01 6.938893903907228378e-17
3.149414062500000000e-01 -1.387778780781445676e-17
3.150634765625000000e-01 1.387778780781445676e-17
3.151855468750000000e-01 -2.775557561562891351e-17
3.153076171875000000e-01 1.387778780781445676e-17
3.154296875000000000e-01 8.326672684688674053e-17
3.155517578125000000e-01 0.000000000000000000e+00
3.156738281250000000e-01 4.163336342344337027e-17
3.157958984375000000e-01 2.775557561562891351e-17
3.159179687500000000e-01 8.326672684688674053e-17
3.160400390625000000e-01 2.775557561562891351e-17
3.161621093750000000e-01 0.000000000000000000e+00
3.162841796875000000e-01 1.249000902703301108e-16
3.164062500000000000e-01 1.387778780781445676e-17
3.165283203125000000e-01 -8.326672684688674053e-17
3.166503906250000000e-01 -5.551115123125782702e-17
3.167724609375000000e-01 -4.163336342344337027e-17
3.168945312500000000e-01 -5.551115123125782702e-17
3.170166015625000000e-01 5.551115123125782702e-17
3.171386718750000000e-01 -4.163336342344337027e-17
3.172607421875000000e-01 -1.249000902703301108e-16
3.173828125000000000e-01 2.775557561562891351e-17
3.175048828125000000e-01 -2.775557561562891351e-17
3.176269531250000000e-01 -1.387778780781445676e-17
3.177490234375000000e-01 -6.938893903907228378e-17
3.178710937500000000e-01 -5.551115123125782702e-17
3.179931640625000000e-01 -4.163336342344337027e-17
3.181152343750000000e-01 -6.938893903907228378e-17
3.182373046875000000e-01 -5.551115123125782702e-17
3.183593750000000000e-01 2.775557561562891351e-17
3.184814453125000000e-01 -1.387778780781445676e-17
3.186035156250000000e-01 -9.714451465470119729e-17
3.187255859375000000e-01 -1.387778780781445676e-17
3.188476562500000000e-01 -5.551115123125782702e-17
3.189697265625000000e-01 -1.249000902703301108e-16
3.190917968750000000e-01 1.387778780781445676e-17
3.192138671875000000e-01 -6.938893903907228378e-17
3.193359375000000000e-01 -4.163336342344337027e-17
3.194580078125000000e-01 0.000000000000000000e+00
3.195800781250000000e-01 -6.938893903907228378e-17
3.197021484375000000e-01 -2.775557561562891351e-17
3.198242187500000000e-01 0.000000000000000000e+00
3.199462890625000000e-01 -1.387778780781445676e-17
3.200683593750000000e-01 -2.775557561562891351e-17
3.201904296875000000e-01 -4.163336342344337027e-17
3.203125000000000000e-01 -5.551115123125782702e-17
3.204345703125000000e-01 0.000000000000000000e+00
3.205566406250000000e-01 -1.387778780781445676e-17
3.206787109375000000e-01 1.387778780781445676e-17
3.208007812500000000e-01 0.000000000000000000e+00
3.209228515625000000e-01 1.387778780781445676e-17
3.210449218750000000e-01 -1.387778780781445676e-17
3.211669921875000000e-01 -2.081668171172168513e-16
3.212890625000000000e-01 -9.714451465470119729e-17
3.214111328125000000e-01 0.000000000000000000e+00
3.215332031250000000e-01 -1.387778780781445676e-17
3.216552734375000000e-01 -1.665334536937734811e-16
3.217773437500000000e-01 -5.551115123125782702e-17
3.218994140625000000e-01 -1.387778780781445676e-17
3.220214843750000000e-01 1.387778780781445676e-17
3.221435546875000000e-01 0.000000000000000000e+00
3.222656250000000000e-01 -1.387778780781445676e-17
3.223876953125000000e-01 1.387778780781445676e-17
3.225097656250000000e-01 0.000000000000000000e+00
3.226318359375000000e-01 6.938893903907228378e-17
3.227539062500000000e-01 -5.551115123125782702e-17
3.228759765625000000e-01 2.775557561562891351e-17
3.229980468750000000e-01 0.000000000000000000e+00
3.231201171875000000e-01 -1.387778780781445676e-17
3.232421875000000000e-01 4.163336342344337027e-17
3.233642578125000000e-01 2.775557561562891351e-17
3.234863281250000000e-01 1.387778780781445676e-17
3.236083984375000000e-01 5.551115123125782702e-17
3.237304687500000000e-01 -8.326672684688674053e-17
3.238525390625000000e-01 -5.551115123125782702e-17
3.239746093750000000e-01 1.387778780781445676e-17
3.240966796875000000e-01 8.326672684688674053e-17
3.242187500000000000e-01 -6.938893903907228378e-17
3.243408203125000000e-01 -1.387778780781445676e-17
3.244628906250000000e-01 -2.081668171172168513e-16
3.245849609375000000e-01 -4.163336342344337027e-17
3.247070312500000000e-01 -1.387778780781445676e-17
3.248291015625000000e-01 -4.163336342344337027e-17
3.249511718750000000e-01 -5.551115123125782702e-17
3.250732421875000000e-01 -1.665334536937734811e-16
3.251953125000000000e-01 6.938893903907228378e-17
3.253173828125000000e-01 2.775557561562891351e-17
3.254394531250000000e-01 -5.551115123125782702e-17
3.255615234375000000e-01 -9.714451465470119729e-17
3.256835937500000000e-01 -6.938893903907228378e-17
3.258056640625000000e-01 2.775557561562891351e-17
3.259277343750000000e-01 5.551115123125782702e-17
3.260498046875000000e-01 -6.938893903907228378e-17
3.261718750000000000e-01 -4.163336342344337027e-17
3.262939453125000000e-01 0.000000000000000000e+00
3.264160156250000000e-01 1.387778780781445676e-17
3.265380859375000000e-01 5.551115123125782702e-17
3.266601562500000000e-01 -9.714451465470119729e-17
3.267822265625000000e-01 -1.387778780781445676e-17
3.269042968750000000e-01 2.775557561562891351e-17
3.270263671875000000e-01 -1.387778780781445676e-17
3.271484375000000000e-01 -1.804112415015879378e-16
3.272705078125000000e-01 1.110223024625156540e-16
3.273925781250000000e-01 1.387778780781445676e-16
3.275146484375000000e-01 -2.775557561562891351e-17
3.276367187500000000e-01 2.775557561562891351e-17
3.277587890625000000e-01 1.387778780781445676e-17
3.278808593750000000e-01 5.551115123125782702e-17
3.280029296875000000e-01 -1.249000902703301108e-16
3.281250000000000000e-01 -2.775557561562891351e-17
3.282470703125000000e-01 1.110223024625156540e-16
3.283691406250000000e-01 -9.714451465470119729e-17
3.284912109375000000e-01 4.163336342344337027e-17
3.286132812500000000e-01 -5.551115123125782702e-17
3.287353515625000000e-01 -4.163336342344337027e-17
3.288574218750000000e-01 1.387778780781445676e-17
3.289794921875000000e-01 -1.526556658859590243e-16
3.291015625000000000e-01 -4.163336342344337027e-17
3.292236328125000000e-01 4.163336342344337027e-17
3.293457031250000000e-01 2.775557561562891351e-17
3.294677734375000000e-01 1.387778780781445676e-17
3.295898437500000000e-01 -5.551115123125782702e-17
3.297119140625000000e-01 -8.326672684688674053e-17
3.298339843750000000e-01 -5.551115123125782702e-17
3.299560546875000000e-01 6.938893903907228378e-17
3.300781250000000000e-01 -5.551115123125782702e-17
3.302001953125000000e-01 2.775557561562891351e-17
3.303222656250000000e-01 -1.387778780781445676e-17
3.304443359375000000e-01 1.387778780781445676e-17
3.305664062500000000e-01 -1.387778780781445676e-17
3.306884765625000000e-01 -1.387778780781445676e-17
3.308105468750000000e-01 8.326672684688674053e-17
3.309326171875000000e-01 -6.938893903907228378e-17
3.310546875000000000e-01 2.775557561562891351e-17
3.311767578125000000e-01 -2.775557561562891351e-17
3.312988281250000000e-01 -1.387778780781445676e-17
3.314208984375000000e-01 1.387778780781445676e-17
3.315429687500000000e-01 -9.714451465470119729e-17
3.316650390625000000e-01 -9.714451465470119729e-17
3.317871093750000000e-01 -4.163336342344337027e-17
3.319091796875000000e-01 4.163336342344337027e-17
3.320312500000000000e-01 -2.775557561562891351e-17
3.321533203125000000e-01 -5.551115123125782702e-17
3.322753906250000000e-01 -8.326672684688674053e-17
3.323974609375000000e-01 -8.326672684688674053e-17
3.325195312500000000e-01 -5.551115123125782702e-17
3.326416015625000000e-01 4.163336342344337027e-17
3.327636718750000000e-01 -5.551115123125782702e-17
3.328857421875000000e-01 -1.387778780781445676e-16
3.330078125000000000e-01 -2.775557561562891351e-17
3.331298828125000000e-01 -2.775557561562891351e-17
3.332519531250000000e-01 -1.110223024625156540e-16
3.333740234375000000e-01 -6.938893903907228378e-17
3.334960937500000000e-01 -5.551115123125782702e-17
3.336181640625000000e-01 -5.551115123125782702e-17
3.337402343750000000e-01 -4.163336342344337027e-17
3.338623046875000000e-01 -1.110223024625156540e-16
3.339843750000000000e-01 -1.387778780781445676e-17
3.341064453125000000e-01 4.163336342344337027e-17
3.342285156250000000e-01 -4.163336342344337027e-17
3.343505859375000000e-01 -1.387778780781445676e-17
3.344726562500000000e-01 -2.775557561562891351e-17
3.345947265625000000e-01 -9.714451465470119729e-17
3.347167968750000000e-01 -1.387778780781445676e-17
3.348388671875000000e-01 -9.714451465470119729e-17
3.349609375000000000e-01 -9.714451465470119729e-17
3.350830078125000000e-01 8.326672684688674053e-17
3.352050781250000000e-01 -8.326672684688674053e-17
3.353271484375000000e-01 0.000000000000000000e+00
3.354492187500000000e-01 -1.110223024625156540e-16
3.355712890625000000e-01 -1.249000902703301108e-16
3.356933593750000000e-01 -1.387778780781445676e-17
3.358154296875000000e-01 -4.163336342344337027e-17
3.359375000000000000e-01 -2.775557561562891351e-17
3.360595703125000000e-01 -5.551115123125782702e-17
3.361816406250000000e-01 0.000000000000000000e+00
3.363037109375000000e-01 1.110223024625156540e-16
3.364257812500000000e-01 -1.387778780781445676e-17
3.365478515625000000e-01 -5.551115123125782702e-17
3.366699218750000000e-01 2.775557561562891351e-17
3.367919921875000000e-01 -1.804112415015879378e-16
3.369140625000000000e-01 -6.938893903907228378e-17
3.370361328125000000e-01 5.551115123125782702e-17
3.371582031250000000e-01 0.000000000000000000e+00
3.372802734375000000e-01 -1.249000902703301108e-16
3.374023437500000000e-01 -5.551115123125782702e-17
3.375244140625000000e-01 -2.775557561562891351e-17
3.376464843750000000e-01 -1.387778780781445676e-17
3.377685546875000000e-01 -4.163336342344337027e-17
3.378906250000000000e-01 -4.163336342344337027e-17
3.380126953125000000e-01 4.163336342344337027e-17
3.381347656250000000e-01 -6.938893903907228378e-17
3.382568359375000000e-01 0.000000000000000000e+00
3.383789062500000000e-01 -4.163336342344337027e-17
3.385009765625000000e-01 -1.526556658859590243e-16
3.386230468750000000e-01 4.163336342344337027e-17
3.387451171875000000e-01 -6.938893903907228378e-17
3.388671875000000000e-01 1.387778780781445676e-17
3.389892578125000000e-01 4.163336342344337027e-17
3.391113281250000000e-01 1.110223024625156540e-16
3.392333984375000000e-01 0.000000000000000000e+00
3.393554687500000000e-01 -6.938893903907228378e-17
3.394775390625000000e-01 0.000000000000000000e+00
3.395996093750000000e-01 2.775557561562891351e-17
3.397216796875000000e-01 1.387778780781445676e-17
3.398437500000000000e-01 -6.938893903907228378e-17
3.399658203125000000e-01 4.163336342344337027e-17
3.400878906250000000e-01 -1.526556658859590243e-16
3.402099609375000000e-01 0.000000000000000000e+00
3.403320312500000000e-01 6.938893903907228378e-17
3.404541015625000000e-01 1.387778780781445676e-17
3.405761718750000000e-01 5.551115123125782702e-17
3.406982421875000000e-01 4.163336342344337027e-17
3.408203125000000000e-01 -4.163336342344337027e-17
3.409423828125000000e-01 2.775557561562891351e-17
3.410644531250000000e-01 6.938893903907228378e-17
3.411865234375000000e-01 5.551115123125782702e-17
3.413085937500000000e-01 -5.551115123125782702e-17
3.414306640625000000e-01 -1.387778780781445676e-17
3.415527343750000000e-01 2.775557561562891351e-17
3.416748046875000000e-01 -8.326672684688674053e-17
3.417968750000000000e-01 -5.551115123125782702e-17
3.419189453125000000e-01 1.387778780781445676e-17
3.420410156250000000e-01 0.000000000000000000e+00
3.421630859375000000e-01 1.387778780781445676e-17
3.422851562500000000e-01 2.775557561562891351e-17
3.424072265625000000e-01 -5.551115123125782702e-17
3.425292968750000000e-01 8.326672684688674053e-17
3.426513671875000000e-01 4.163336342344337027e-17
3.427734375000000000e-01 -2.775557561562891351e-17
3.428955078125000000e-01 2.775557561562891351e-17
3.430175781250000000e-01 1.249000902703301108e-16
3.431396484375000000e-01 1.249000902703301108e-16
3.432617187500000000e-01 2.775557561562891351e-17
3.433837890625000000e-01 5.551115123125782702e-17
3.435058593750000000e-01 6.938893903907228378e-17
3.436279296875000000e-01 -6.938893903907228378e-17
3.437500000000000000e-01 -5.551115123125782702e-17
3.438720703125000000e-01 -2.775557561562891351e-17
3.439941406250000000e-01 -9.714451465470119729e-17
3.441162109375000000e-01 -1.387778780781445676e-17
3.442382812500000000e-01 -4.163336342344337027e-17
3.443603515625000000e-01 -5.551115123125782702e-17
3.444824218750000000e-01 -5.551115123125782702e-17
3.446044921875000000e-01 -1.804112415015879378e-16
3.447265625000000000e-01 0.000000000000000000e+00
3.448486328125000000e-01 2.775557561562891351e-17
3.449707031250000000e-01 2.775557561562891351e-17
3.450927734375000000e-01 -1.249000902703301108e-16
3.452148437500000000e-01 -8.326672684688674053e-17
3.453369140625000000e-01 -4.163336342344337027e-17
3.454589843750000000e-01 6.938893903907228378e-17
3.455810546875000000e-01 2.775557561562891351e-17
3.457031250000000000e-01 -6.938893903907228378e-17
3.458251953125000000e-01 0.000000000000000000e+00
3.459472656250000000e-01 6.938893903907228378e-17
3.460693359375000000e-01 -2.775557561562891351e-17
3.461914062500000000e-01 -5.551115123125782702e-17
3.463134765625000000e-01 -5.551115123125782702e-17
3.464355468750000000e-01 0.000000000000000000e+00
3.465576171875000000e-01 -2.775557561562891351e-17
3.466796875000000000e-01 4.163336342344337027e-17
3.468017578125000000e-01 6.938893903907228378e-17
3.469238281250000000e-01 1.387778780781445676e-17
3.470458984375000000e-01 1.387778780781445676e-17
3.471679687500000000e-01 -4.163336342344337027e-17
3.472900390625000000e-01 -9.714451465470119729e-17
3.474121093750000000e-01 9.714451465470119729e-17
3.475341796875000000e-01 5.551115123125782702e-17
3.476562500000000000e-01 -4.163336342344337027e-17
3.477783203125000000e-01 4.163336342344337027e-17
3.479003906250000000e-01 -6.938893903907228378e-17
3.480224609375000000e-01 -8.326672684688674053e-17
3.481445312500000000e-01 -5.551115123125782702e-17
3.482666015625000000e-01 -1.387778780781445676e-17
3.483886718750000000e-01 -1.387778780781445676e-17
3.485107421875000000e-01 -4.163336342344337027e-17
3.486328125000000000e-01 -4.163336342344337027e-17
3.487548828125000000e-01 -2.775557561562891351e-17
3.488769531250000000e-01 0.000000000000000000e+00
3.489990234375000000e-01 -5.551115123125782702e-17
3.491210937500000000e-01 -1.387778780781445676e-16
3.492431640625000000e-01 -9.714451465470119729e-17
3.493652343750000000e-01 1.387778780781445676e-17
3.494873046875000000e-01 -4.163336342344337027e-17
3.496093750000000000e-01 -6.938893903907228378e-17
3.497314453125000000e-01 -6.938893903907228378e-17
3.498535156250000000e-01 -8.326672684688674053e-17
3.499755859375000000e-01 2.775557561562891351e-17
3.500976562500000000e-01 -7.006232544723704714e-17
3.502197265625000000e-01 -1.020287979506363956e-16
3.503417968750000000e-01 3.909407985616972403e-17
3.504638671875000000e-01 -6.580790967094820443e-17
3.505859375000000000e-01 -6.412165845566185027e-17
3.507080078125000000e-01 4.535958735191219521e-17
3.508300781250000000e-01 4.487491439261059753e-17
3.509521484375000000e-01 3.404996410510020235e-17
3.510742187500000000e-01 -1.116375320873724504e-16
3.511962890625000000e-01 -7.069219296688340274e-17
3.513183593750000000e-01 3.683611790454496899e-17
3.514404296875000000e-01 8.978866617089699161e-18
3.515625000000000000e-01 -4.804406547953059936e-17
3.516845703125000000e-01 -2.417454624750484033e-17
3.518066406250000000e-01 7.025931680944019249e-18
3.519287109375000000e-01 6.837218232080865895e-18
3.520507812500000000e-01 -5.876734009521462589e-17
3.521728515625000000e-01 -1.143801669982988031e-16
3.522949218750000000e-01 -1.651874704691445931e-17
3.524169921875000000e-01 -1.072960785340468291e-16
3.525390625000000000e-01 -1.010159331435147925e-16
3.526611328125000000e-01 4.739088735590440390e-18
3.527832031250000000e-01 6.038079663240345372e-17
3.529052734375000000e-01 -9.136368011826032995e-17
3.530273437500000000e-01 -2.455754353498008785e-17
3.531494140625000000e-01 -6.475152597530820587e-17
3.532714843750000000e-01 2.367523539341366487e-17
3.533935546875000000e-01 -5.998823774883151588e-18
3.535156250000000000e-01 4.840764407416796710e-18
3.536376953125000000e-01 -8.228313782934428063e-17
3.537597656250000000e-01 3.478150729657293276e-17
3.538818359375000000e-01 -3.316805075938410494e-17
3.540039062500000000e-01 -2.565744611913848184e-17
3.541259765625000000e-01 -1.388795537499709424e-16
3.542480468750000000e-01 1.176502041653445348e-17
3.543701171875000000e-01 -1.170064883426092463e-16
3.544921875000000000e-01 -4.871745188769535656e-17
3.546142578125000000e-01 -8.021388932658266663e-17
3.547363281250000000e-01 9.695771913772845632e-18
3.548583984375000000e-01 -1.239018633579980670e-16
3.549804687500000000e-01 -1.114540478947965605e-18
3.551025390625000000e-01 -1.394659023810988902e-16
3.552246093750000000e-01 2.308888676228570471e-17
3.553466796875000000e-01 2.017217629728575176e-17
3.554687500000000000e-01 -8.642124003901716460e-17
3.555908203125000000e-01 -7.588667887219629758e-17
3.557128906250000000e-01 -9.168852062242761043e-17
3.558349609375000000e-01 -9.838961179920434920e-17
3.559570312500000000e-01 -5.172677051948103503e-17
3.560791015625000000e-01 -1.031287005347947896e-16
3.562011718750000000e-01 -3.245114546270095846e-17
3.563232421875000000e-01 -9.293361776693076234e-17
3.564453125000000000e-01 -5.506999716047461245e-17
3.565673828125000000e-01 -2.257961951624755035e-18
3.566894531250000000e-01 -8.112507846187791959e-17
3.568115234375000000e-01 -5.292834877546579151e-17
3.569335937500000000e-01 -1.569100816622478670e-16
3.570556640625000000e-01 -1.399648184393397524e-16
3.571777343750000000e-01 2.631619463251366743e-17
3.572998046875000000e-01 -7.064867407836500730e-17
3.574218750000000000e-01 -1.330607707147606204e-17
3.575439453125000000e-01 -9.725047703351988855e-18
3.576660156250000000e-01 1.937730072860643905e-17
3.577880859375000000e-01 3.080841313593298742e-17
3.579101562500000000e-01 -7.590131676698588152e-17
3.580322265625000000e-01 -8.231201882307310446e-17
3.581542968750000000e-01 5.244367581616418150e-17
3.582763671875000000e-01 -7.107519025435865026e-17
3.583984375000000000e-01 -5.718276455175462189e-17
3.585205078125000000e-01 1.979135775660448570e-16
3.586425781250000000e-01 4.114869046414176026e-17
3.587646484375000000e-01 7.157410631259951248e-17
3.588867187500000000e-01 2.071500603989532265e-17
3.590087890625000000e-01 -9.246358270241872394e-17
3.591308593750000000e-01 8.927979372070914433e-17
3.592529296875000000e-01 -5.131489223827696369e-17
3.593750000000000000e-01 -3.430930971908931661e-17
3.594970703125000000e-01 3.010446673396066359e-17
3.596191406250000000e-01 -3.702589885400858610e-17
3.597412109375000000e-01 -2.662939638175551000e-18
3.598632812500000000e-01 -9.251989153137173842e-18
3.599853515625000000e-01 -8.939911343701590572e-17
3.601074218750000000e-01 8.018243969537995162e-17
3.602294921875000000e-01 -1.312444953317952719e-17
3.603515625000000000e-01 3.511446427388360204e-17
3.604736328125000000e-01 -3.541201192506926068e-17
3.605957031250000000e-01 1.009991214071016368e-16
3.607177734375000000e-01 9.287785022238978456e-18
3.608398437500000000e-01 -1.002318105541401729e-17
3.609619140625000000e-01 -7.205187867724783478e-17
3.610839843750000000e-01 1.114074622629624670e-16
3.612060546875000000e-01 2.367225203574254991e-18
3.613281250000000000e-01 -2.428564820607471445e-17
3.614501953125000000e-01 3.872940837642938218e-18
3.615722656250000000e-01 4.007312599124776950e-17
3.616943359375000000e-01 9.287785022238978456e-18
3.618164062500000000e-01 -7.510914515849145735e-17
3.619384765625000000e-01 1.121484816963890576e-17
3.620605468750000000e-01 3.162851645327185173e-17
3.621826171875000000e-01 2.125684376789601282e-17
3.623046875000000000e-01 6.289754101737626676e-17
3.624267578125000000e-01 3.205903100922434209e-17
3.625488281250000000e-01 4.548797017584380973e-17
3.626708984375000000e-01 -4.589185590531574178e-17
3.627929687500000000e-01 4.275954265731677378e-18
3.629150390625000000e-01 -9.590749278497063757e-17
3.630371093750000000e-01 9.638297025264618501e-17
3.631591796875000000e-01 2.815906950131823754e-17
3.632812500000000000e-01 -6.052250153016454323e-17
3.634033203125000000e-01 -4.774741592833003054e-17
3.635253906250000000e-01 2.811323428821198758e-17
3.636474609375000000e-01 -1.183105602977679154e-16
3.637695312500000000e-01 2.467128846412212460e-17
3.638916015625000000e-01 -4.506749496389576471e-17
3.640136718750000000e-01 4.049447350457901357e-17
3.641357421875000000e-01 -1.424548582440197617e-17
3.642578125000000000e-01 2.162318902549975140e-17
3.643798828125000000e-01 1.275723197419259264e-17
3.645019531250000000e-01 5.090281436043984997e-17
3.646240234375000000e-01 -3.930280639035411894e-17
3.647460937500000000e-01 -9.521697104970068512e-17
3.648681640625000000e-01 -4.776575001357253545e-17
3.649902343750000000e-01 6.590163845947674954e-17
3.651123046875000000e-01 -1.151056260424020176e-17
3.652343750000000000e-01 3.702502655262539322e-17
3.653564453125000000e-01 -1.179167139123004164e-16
3.654785156250000000e-01 -9.270323238379672591e-18
3.656005859375000000e-01 -1.731191934826685120e-17
3.657226562500000000e-01 3.050748016204940891e-17
3.658447265625000000e-01 -8.783839554721971392e-17
3.659667968750000000e-01 8.940740817825395913e-17
3.660888671875000000e-01 -5.855877021227961843e-17
3.662109375000000000e-01 2.661668569676455065e-17
3.663330078125000000e-01 1.858265661437845691e-16
3.664550781250000000e-01 1.268276338753306353e-16
3.665771484375000000e-01 2.817740358656073629e-17
3.666992187500000000e-01 -1.114421734663646319e-17
3.668212890625000000e-01 -7.550299154395894405e-17
3.669433593750000000e-01 6.478060216825431289e-17
3.670654296875000000e-01 -4.815042935641877586e-17
3.671875000000000000e-01 -2.542501858253966218e-17
3.673095703125000000e-01 -7.175424055331187878e-19
3.674316406250000000e-01 -8.077783822771591238e-18
3.675537109375000000e-01 -9.162151943509036556e-18
3.676757812500000000e-01 1.079350065630766785e-17
3.677978515625000000e-01 -1.896100616155819842e-16
3.679199218750000000e-01 5.028812082766015910e-18
3.680419921875000000e-01 -1.638347181864961254e-16
3.681640625000000000e-01 -9.863324896251115952e-17
3.682861328125000000e-01 -2.388263477798597529e-17
3.684082031250000000e-01 4.392725228604761793e-17
3.685302734375000000e-01 -3.236391248644689056e-17
3.686523437500000000e-01 -8.091783572855499045e-17
3.687744140625000000e-01 -1.001664657244436001e-16
3.688964843750000000e-01 6.818771303844354100e-17
3.690185546875000000e-01 -1.086734113441839040e-16
3.691406250000000000e-01 7.716723598774283144e-19
3.692626953125000000e-01 1.546465406649061585e-17
3.693847656250000000e-01 -2.702067026316633590e-20
3.695068359375000000e-01 -1.002288018062079862e-16
3.696289062500000000e-01 -9.327157381705825291e-17
3.697509765625000000e-01 -4.701289219653819076e-17
3.698730468750000000e-01 -2.235858505867478715e-17
3.699951171875000000e-01 1.881454284308361914e-20
3.701171875000000000e-01 -3.505300049350240885e-17
3.702392578125000000e-01 4.309950135530752350e-19
3.703613281250000000e-01 1.125468326394274209e-16
3.704833984375000000e-01 -9.866808391641179439e-17
3.706054687500000000e-01 4.644132739919781663e-18
3.707275390625000000e-01 -1.419965061129572622e-17
3.708496093750000000e-01 7.168466111826089407e-17
3.709716796875000000e-01 8.288252796164108499e-17
3.710937500000000000e-01 -5.512599143081100174e-17
3.712158203125000000e-01 -4.082685610966530708e-17
3.713378906250000000e-01 -3.971498686106410439e-17
3.714599609375000000e-01 -8.938077935177340081e-17
3.715820312500000000e-01 -3.315343847396623275e-17
3.717041015625000000e-01 -6.707671609122553120e-17
3.718261718750000000e-01 3.237220722768494397e-17
3.719482421875000000e-01 -7.785140220469010926e-17
3.720703125000000000e-01 -8.823407514927157557e-17
3.721923828125000000e-01 4.745170149372873453e-17
3.723144531250000000e-01 4.475344644405196379e-17
3.724365234375000000e-01 4.860757273885181839e-17
3.725585937500000000e-01 -1.464874834267280545e-16
3.726806640625000000e-01 -9.710919924319997754e-17
3.728027343750000000e-01 4.931642855936427575e-17
3.729248046875000000e-01 -5.703472049296842413e-17
3.730468750000000000e-01 -7.557449466834457643e-17
3.731689453125000000e-01 -6.858243172529422059e-17
3.732910156250000000e-01 -8.902144764191568306e-18
3.734130859375000000e-01 -9.477728945112694230e-17
3.735351562500000000e-01 -1.703705986623145962e-16
3.736572265625000000e-01 -1.865436280917171030e-16
3.737792968750000000e-01 1.191453694753011375e-17
3.739013671875000000e-01 -3.080319459665070492e-17
3.740234375000000000e-01 -1.464526484728274196e-16
3.741455078125000000e-01 4.703035398039749662e-17
3.742675781250000000e-01 4.934209647064366433e-17
3.743896484375000000e-01 4.473511235880945888e-17
3.745117187500000000e-01 -6.704004792074053370e-17
3.746337890625000000e-01 1.123318225488140913e-17
3.747558593750000000e-01 1.148769092149160812e-16
3.748779296875000000e-01 -5.932996211455646188e-17
3.750000000000000000e-01 -5.622288412112714689e-17
3.751220703125000000e-01 -4.860136341987255615e-17
3.752441406250000000e-01 -1.688316179242226882e-17
3.753662109375000000e-01 -1.163939716739139356e-17
3.754882812500000000e-01 -8.011934071034861524e-17
3.756103515625000000e-01 -1.280137235707039006e-16
3.757324218750000000e-01 5.319351593758316621e-17
3.758544921875000000e-01 -1.838864147914757275e-17
3.759765625000000000e-01 -6.008160812151448064e-17
3.760986328125000000e-01 4.655913015504876952e-17
3.762207031250000000e-01 1.002960445624328901e-16
3.763427734375000000e-01 -6.279777286659161198e-17
3.764648437500000000e-01 -1.055731872190667259e-16
3.765869140625000000e-01 -2.736796548660701093e-17
3.767089843750000000e-01 8.860430264688531084e-17
3.768310546875000000e-01 5.506999199420726317e-17
3.769531250000000000e-01 -6.495651741629794847e-17
3.770751953125000000e-01 -3.894132422502442674e-17
3.771972656250000000e-01 -3.953461289194320498e-17
3.773193359375000000e-01 -6.616212188677205968e-17
3.774414062500000000e-01 -1.393743407313106596e-16
3.775634765625000000e-01 -3.712649151815610898e-17
3.776855468750000000e-01 -3.083643184301402058e-17
3.778076171875000000e-01 -4.868008362487149966e-17
3.779296875000000000e-01 -2.791054341726113963e-17
3.780517578125000000e-01 -5.270912050452566518e-18
3.781738281250000000e-01 8.622829130977481709e-18
3.782958984375000000e-01 -5.768149477858057070e-17
3.784179687500000000e-01 -3.263638196785304243e-17
3.785400390625000000e-01 -6.689831271613299388e-17
3.786621093750000000e-01 1.188355831955394795e-16
3.787841796875000000e-01 7.159822611364070250e-17
3.789062500000000000e-01 -3.520314751299498371e-17
3.790283203125000000e-01 -8.767978531861716377e-17
3.791503906250000000e-01 -4.991527043208802879e-18
3.792724609375000000e-01 -8.706743450920932119e-17
3.793945312500000000e-01 -5.587874631517090478e-17
3.795166015625000000e-01 -5.186711190590231456e-17
3.796386718750000000e-01 3.251296662246290063e-17
3.797607421875000000e-01 7.734220610292649244e-18
3.798828125000000000e-01 -2.531912640230021141e-17
3.800048828125000000e-01 -1.706431982613899660e-17
3.801269531250000000e-01 -6.171281782399910849e-17
3.802490234375000000e-01 -1.057377459108572633e-16
3.803710937500000000e-01 -7.772232137526192636e-17
3.804931640625000000e-01 -4.482526074536104655e-17
3.806152343750000000e-01 1.206856721140610039e-16
3.807373046875000000e-01 9.520868328023984597e-18
3.808593750000000000e-01 -4.150699740160581686e-17
3.809814453125000000e-01 -9.879783410641862894e-17
3.811035156250000000e-01 -3.564846511503469510e-17
3.812255859375000000e-01 -4.588275816372959030e-17
3.813476562500000000e-01 -1.396408590895499717e-16
3.814697265625000000e-01 -6.734162733243911863e-17
3.815917968750000000e-01 7.739817356099804230e-17
3.817138671875000000e-01 -1.511344972995420685e-16
3.818359375000000000e-01 -1.132352012088971108e-16
3.819580078125000000e-01 6.881482806904450237e-17
3.820800781250000000e-01 -3.001953985329530492e-17
3.822021484375000000e-01 -3.804063346986041263e-17
3.823242187500000000e-01 -7.499906722706294593e-17
3.824462890625000000e-01 -1.255526140336490509e-16
3.825683593750000000e-01 2.719332374024049978e-17
3.826904296875000000e-01 -1.253963199183208472e-16
3.828125000000000000e-01 -8.095789240088215203e-17
3.829345703125000000e-01 -1.622582865046461227e-17
3.830566406250000000e-01 -1.188154159246622938e-17
3.831787109375000000e-01 -8.177856937416862033e-17
3.833007812500000000e-01 -1.388351388523762398e-16
3.834228515625000000e-01 -1.201230296215193921e-16
3.835449218750000000e-01 -3.255998356644584384e-17
3.836669921875000000e-01 -1.485429880951066072e-16
3.837890625000000000e-01 -1.960118936907398402e-16
3.839111328125000000e-01 -9.462212531913675747e-17
3.840332031250000000e-01 -8.132517523555095805e-18
3.841552734375000000e-01 -9.012154414581019864e-17
3.842773437500000000e-01 -7.731099931454089707e-17
3.843994140625000000e-01 -5.291964202682235341e-17
3.845214843750000000e-01 5.461825674762695613e-17
3.846435546875000000e-01 -1.231173989445417193e-16
3.847656250000000000e-01 2.465597766856332965e-17
3.848876953125000000e-01 1.037223210068863819e-17
3.850097656250000000e-01 3.979650896489669380e-17
3.851318359375000000e-01 -5.426646212032502491e-17
3.852539062500000000e-01 -1.181056313871116999e-16
3.853759765625000000e-01 -1.220470583265232138e-16
3.854980468750000000e-01 7.498101284947684682e-17
3.856201171875000000e-01 -5.432062525308332839e-17
3.857421875000000000e-01 -3.111979394353928336e-17
3.858642578125000000e-01 4.594773700921628945e-17
3.859863281250000000e-01 4.358712322857014934e-19
3.861083984375000000e-01 -9.162465835464105532e-17
3.862304687500000000e-01 -7.675494272209921785e-18
3.863525390625000000e-01 -8.260544163040182622e-17
3.864746093750000000e-01 1.802910561414319570e-16
3.865966796875000000e-01 1.096393736138407782e-16
3.867187500000000000e-01 -6.955142843734720040e-17
3.868408203125000000e-01 -1.895867523411553459e-17
3.869628906250000000e-01 -1.481432256179931040e-16
3.870849609375000000e-01 -1.894062085652943241e-17
3.872070312500000000e-01 -9.823600729177918918e-17
3.873291015625000000e-01 -4.917061795791121676e-17
3.874511718750000000e-01 2.274380805819887563e-17
3.875732421875000000e-01 -5.295575078199455163e-17
3.876953125000000000e-01 -5.738721208645007667e-17
3.878173828125000000e-01 4.715631736497688719e-17
3.879394531250000000e-01 -1.030192632235366454e-16
3.880615234375000000e-01 -5.666866609573349007e-17
3.881835937500000000e-01 -1.079768676482083798e-16
3.883056640625000000e-01 -6.630739546959281135e-17
3.884277343750000000e-01 8.135765487799565531e-17
3.885498046875000000e-01 -7.916900579214704761e-17
3.886718750000000000e-01 -4.906538933386797396e-18
3.887939453125000000e-01 -5.931433843292727333e-17
3.889160156250000000e-01 5.199063878801927814e-17
3.890380859375000000e-01 -7.038706214674639284e-17
3.891601562500000000e-01 -1.604425840651589326e-16
3.892822265625000000e-01 -1.394304018414635076e-16
3.894042968750000000e-01 -2.810737024293084473e-17
3.895263671875000000e-01 -3.289062617468830100e-17
3.896484375000000000e-01 -1.430231317950464653e-16
3.897705078125000000e-01 7.310804963575795981e-17
3.898925781250000000e-01 5.626580597714662416e-17
3.900146484375000000e-01 4.002502059056928158e-17
3.901367187500000000e-01 3.385573816866357448e-17
3.902587890625000000e-01 -1.299149554692335175e-16
3.903808593750000000e-01 1.041886371826516700e-16
3.905029296875000000e-01 -1.390636504780488399e-16
3.906250000000000000e-01 -9.333493490318706160e-17
3.907470703125000000e-01 7.165363097622691019e-17
3.908691406250000000e-01 -2.106744256304466744e-17
3.909912109375000000e-01 -4.549693647822820483e-17
3.911132812500000000e-01 -2.100852891005308123e-17
3.912353515625000000e-01 -1.583826597252011776e-16
3.913574218750000000e-01 2.706374066879366314e-17
3.914794921875000000e-01 -4.487037810090895425e-17
3.916015625000000000e-01 -8.821288493767068815e-17
3.917236328125000000e-01 -3.485500489469300455e-17
3.918457031250000000e-01 -1.370099568597536011e-17
3.919677734375000000e-01 1.714270250148213099e-17
3.920898437500000000e-01 -6.536527705632635149e-18
3.922119140625000000e-01 2.444111237495543554e-17
3.923339843750000000e-01 8.952167158435592680e-17
3.924560546875000000e-01 -4.980575709400620427e-18
3.925781250000000000e-01 -6.827592014354294678e-17
3.927001953125000000e-01 2.263568681043039418e-17
3.928222656250000000e-01 4.893262057898505667e-17
3.929443359375000000e-01 -1.481029204721199372e-17
3.930664062500000000e-01 -1.093557918280753333e-16
3.931884765625000000e-01 5.630295420032561947e-17
3.933105468750000000e-01 3.865920302117337955e-17
3.934326171875000000e-01 2.907593594572433172e-18
3.935546875000000000e-01 8.126546914764550657e-18
3.936767578125000000e-01 6.516387853468633195e-17
3.937988281250000000e-01 3.761218505537163574e-17
3.939208984375000000e-01 -5.056328732137834423e-17
3.940429687500000000e-01 3.632983565540761309e-17
3.941650390625000000e-01 -9.175923366689992644e-18
3.942871093750000000e-01 9.330219613291325257e-17
3.944091796875000000e-01 4.624911648771339620e-17
3.945312500000000000e-01 -7.139201046432273544e-18
3.946533203125000000e-01 -3.759464621513272971e-17
3.947753906250000000e-01 5.326710521955328164e-17
3.948974609375000000e-01 -1.537221095564190026e-16
3.950195312500000000e-01 -5.685552897076385078e-17
3.951416015625000000e-01 -5.799985735901361167e-18
3.952636718750000000e-01 5.833944696605466773e-17
3.953857421875000000e-01 -5.868378252628959909e-17
3.955078125000000000e-01 -1.464573128985091057e-17
3.956298828125000000e-01 -7.011884151853572666e-17
3.957519531250000000e-01 -5.166097356871524776e-17
3.958740234375000000e-01 -1.352457843472035477e-16
3.959960937500000000e-01 -4.907562686851378151e-17
3.961181640625000000e-01 -1.007906194154479740e-16
3.962402343750000000e-01 7.476010698777152338e-17
3.963623046875000000e-01 -1.609245142668917263e-16
3.964843750000000000e-01 3.486751960239816920e-17
3.966064453125000000e-01 -6.258022991177168246e-17
3.967285156250000000e-01 -5.868508507347393332e-17
3.968505859375000000e-01 -1.269946214011153782e-16
3.969726562500000000e-01 -1.468729569394353601e-16
3.970947265625000000e-01 -9.005418190519419632e-17
3.972167968750000000e-01 1.784901263020271152e-17
3.973388671875000000e-01 -1.301902655532110474e-16
3.974609375000000000e-01 -2.200184871763970538e-17
3.975830078125000000e-01 2.091495198816308238e-18
3.977050781250000000e-01 -5.420854929924613069e-17
3.978271484375000000e-01 -1.100961641366064609e-16
3.979492187500000000e-01 -7.705647253866182193e-17
3.980712890625000000e-01 -1.485086955257116585e-16
3.981933593750000000e-01 -5.063508818666396748e-17
3.983154296875000000e-01 -7.083085300336295195e-17
3.984375000000000000e-01 -4.100699614469428425e-17
3.985595703125000000e-01 -5.664205817058313779e-17
3.986816406250000000e-01 -4.021359057920662916e-17
3.988037109375000000e-01 -4.963079569526704269e-17
3.989257812500000000e-01 -7.951942665584227535e-17
3.990478515625000000e-01 -1.238393968371542668e-16
3.991699218750000000e-01 3.971924472974334907e-17
3.992919921875000000e-01 -1.432548455855627488e-17
3.994140625000000000e-01 -9.672006960235027659e-17
3.995361328125000000e-01 -4.382434935898645246e-17
3.996582031250000000e-01 -5.835280824750937265e-17
3.997802734375000000e-01 -1.084305173510057571e-16
3.999023437500000000e-01 3.768081943887865602e-17
4.000244140625000000e-01 1.000000000000000000e+00
4.001464843750000000e-01 1.000000000000000222e+00
4.002685546875000000e-01 1.000000000000000222e+00
4.003906250000000000e-01 1.000000000000000000e+00
4.005126953125000000e-01 1.000000000000000000e+00
4.006347656250000000e-01 1.000000000000000000e+00
4.007568359375000000e-01 1.000000000000000222e+00
4.008789062500000000e-01 1.000000000000000000e+00
4.010009765625000000e-01 1.000000000000000000e+00
4.011230468750000000e-01 1.000000000000000000e+00
4.012451171875000000e-01 1.000000000000000222e+00
4.013671875000000000e-01 1.000000000000000000e+00
4.014892578125000000e-01 1.000000000000000000e+00
4.016113281250000000e-01 1.000000000000000000e+00
4.017333984375000000e-01 1.000000000000000444e+00
4.018554687500000000e-01 1.000000000000000000e+00
4.019775390625000000e-01 1.000000000000000222e+00
4.020996093750000000e-01 1.000000000000000444e+00
4.022216796875000000e-01 1.000000000000000444e+00
4.023437500000000000e-01 9.999999999999998890e-01
4.024658203125000000e-01 1.000000000000000222e+00
4.025878906250000000e-01 1.000000000000000000e+00
4.027099609375000000e-01 1.000000000000000000e+00
4.028320312500000000e-01 1.000000000000000000e+00
4.029541015625000000e-01 1.000000000000000000e+00
4.030761718750000000e-01 1.000000000000000222e+00
4.031982421875000000e-01 1.000000000000000222e+00
4.033203125000000000e-01 1.000000000000000000e+00
4.034423828125000000e-01 1.000000000000000000e+00
4.035644531250000000e-01 1.000000000000000000e+00
4.036865234375000000e-01 1.000000000000000222e+00
4.038085937500000000e-01 1.000000000000000000e+00
4.039306640625000000e-01 1.000000000000000000e+00
4.040527343750000000e-01 1.000000000000000222e+00
4.041748046875000000e-01 1.000000000000000000e+00
4.042968750000000000e-01 1.000000000000000222e+00
4.044189453125000000e-01 1.000000000000000000e+00
4.045410156250000000e-01 1.000000000000000222e+00
4.046630859375000000e-01 1.000000000000000000e+00
4.047851562500000000e-01 1.000000000000000000e+00
4.049072265625000000e-01 1.000000000000000000e+00
4.050292968750000000e-01 1.000000000000000000e+00
4.051513671875000000e-01 1.000000000000000222e+00
4.052734375000000000e-01 1.000000000000000000e+00
4.053955078125000000e-01 1.000000000000000444e+00
4.055175781250000000e-01 1.000000000000000000e+00
4.056396484375000000e-01 1.000000000000000222e+00
4.057617187500000000e-01 1.000000000000000000e+00
4.058837890625000000e-01 1.000000000000000000e+00
4.060058593750000000e-01 1.000000000000000222e+00
4.061279296875000000e-01 1.000000000000000000e+00
4.062500000000000000e-01 9.999999999999998890e-01
4.063720703125000000e-01 1.000000000000000000e+00
4.064941406250000000e-01 9.999999999999997780e-01
4.066162109375000000e-01 1.000000000000000000e+00
4.067382812500000000e-01 1.000000000000000000e+00
4.068603515625000000e-01 1.000000000000000000e+00
4.069824218750000000e-01 1.000000000000000000e+00
4.071044921875000000e-01 1.000000000000000000e+00
4.072265625000000000e-01 1.000000000000000000e+00
4.073486328125000000e-01 1.000000000000000000e+00
4.074707031250000000e-01 1.000000000000000000e+00
4.075927734375000000e-01 1.000000000000000000e+00
4.077148437500000000e-01 1.000000000000000000e+00
4.078369140625000000e-01 1.000000000000000000e+00
4.079589843750000000e-01 1.000000000000000000e+00
4.080810546875000000e-01 1.000000000000000000e+00
4.082031250000000000e-01 9.999999999999998890e-01
4.083251953125000000e-01 1.000000000000000000e+00
4.084472656250000000e-01 1.000000000000000000e+00
4.085693359375000000e-01 1.000000000000000000e+00
4.086914062500000000e-01 1.000000000000000000e+00
4.088134765625000000e-01 1.000000000000000000e+00
4.089355468750000000e-01 1.000000000000000000e+00
4.090576171875000000e-01 1.000000000000000222e+00
4.091796875000000000e-01 1.000000000000000000e+00
4.093017578125000000e-01 1.000000000000000222e+00
4.094238281250000000e-01 1.000000000000000000e+00
4.095458984375000000e-01 1.000000000000000222e+00
4.096679687500000000e-01 1.000000000000000000e+00
4.097900390625000000e-01 1.000000000000000000e+00
4.099121093750000000e-01 1.000000000000000222e+00
4.100341796875000000e-01 1.000000000000000000e+00
4.101562500000000000e-01 1.000000000000000000e+00
4.102783203125000000e-01 1.000000000000000000e+00
4.104003906250000000e-01 1.000000000000000000e+00
4.105224609375000000e-01 1.000000000000000000e+00
4.106445312500000000e-01 9.999999999999998890e-01
4.107666015625000000e-01 1.000000000000000000e+00
4.108886718750000000e-01 1.000000000000000000e+00
4.110107421875000000e-01 1.000000000000000000e+00
4.111328125000000000e-01 1.000000000000000000e+00
4.112548828125000000e-01 1.000000000000000000e+00
4.113769531250000000e-01 1.000000000000000000e+00
4.114990234375000000e-01 1.000000000000000000e+00
4.116210937500000000e-01 1.000000000000000000e+00
4.117431640625000000e-01 1.000000000000000000e+00
4.118652343750000000e-01 1.000000000000000000e+00
4.119873046875000000e-01 1.000000000000000000e+00
4.121093750000000000e-01 1.000000000000000000e+00
4.122314453125000000e-01 1.000000000000000000e+00
4.123535156250000000e-01 1.000000000000000222e+00
4.124755859375000000e-01 1.000000000000000000e+00
4.125976562500000000e-01 9.999999999999998890e-01
4.127197265625000000e-01 1.000000000000000000e+00
4.128417968750000000e-01 1.000000000000000000e+00
4.129638671875000000e-01 1.000000000000000000e+00
4.130859375000000000e-01 1.000000000000000000e+00
4.132080078125000000e-01 1.000000000000000222e+00
4.133300781250000000e-01 1.000000000000000000e+00
4.134521484375000000e-01 1.000000000000000000e+00
4.135742187500000000e-01 1.000000000000000000e+00
4.136962890625000000e-01 1.000000000000000000e+00
4.138183593750000000e-01 9.999999999999997780e-01
4.139404296875000000e-01 1.000000000000000000e+00
4.140625000000000000e-01 9.999999999999998890e-01
4.141845703125000000e-01 1.000000000000000000e+00
4.143066406250000000e-01 1.000000000000000000e+00
4.144287109375000000e-01 1.000000000000000000e+00
4.145507812500000000e-01 1.000000000000000000e+00
4.146728515625000000e-01 9.999999999999997780e-01
4.147949218750000000e-01 9.999999999999997780e-01
4.149169921875000000e-01 1.000000000000000222e+00
4.150390625000000000e-01 1.000000000000000000e+00
4.151611328125000000e-01 1.000000000000000000e+00
4.152832031250000000e-01 9.999999999999998890e-01
4.154052734375000000e-01 1.000000000000000000e+00
4.155273437500000000e-01 1.000000000000000000e+00
4.156494140625000000e-01 1.000000000000000000e+00
4.157714843750000000e-01 1.000000000000000000e+00
4.158935546875000000e-01 1.000000000000000000e+00
4.160156250000000000e-01 1.000000000000000000e+00
4.161376953125000000e-01 1.000000000000000000e+00
4.162597656250000000e-01 1.000000000000000222e+00
4.163818359375000000e-01 1.000000000000000000e+00
4.165039062500000000e-01 1.000000000000000000e+00
4.166259765625000000e-01 1.000000000000000000e+00
4.167480468750000000e-01 1.000000000000000000e+00
4.168701171875000000e-01 1.000000000000000000e+00
4.169921875000000000e-01 1.000000000000000000e+00
4.171142578125000000e-01 1.000000000000000222e+00
4.172363281250000000e-01 1.000000000000000000e+00
4.173583984375000000e-01 1.000000000000000000e+00
4.174804687500000000e-01 1.000000000000000000e+00
4.176025390625000000e-01 1.000000000000000222e+00
4.177246093750000000e-01 1.000000000000000444e+00
4.178466796875000000e-01 1.000000000000000444e+00
4.179687500000000000e-01 1.000000000000000000e+00
4.180908203125000000e-01 1.000000000000000000e+00
4.182128906250000000e-01 1.000000000000000000e+00
4.183349609375000000e-01 1.000000000000000000e+00
4.184570312500000000e-01 1.000000000000000000e+00
4.185791015625000000e-01 1.000000000000000000e+00
4.187011718750000000e-01 1.000000000000000000e+00
4.188232421875000000e-01 1.000000000000000000e+00
4.189453125000000000e-01 1.000000000000000000e+00
4.190673828125000000e-01 1.000000000000000000e+00
4.191894531250000000e-01 9.999999999999998890e-01
4.193115234375000000e-01 1.000000000000000000e+00
4.194335937500000000e-01 1.000000000000000000e+00
4.195556640625000000e-01 1.000000000000000000e+00
4.196777343750000000e-01 1.000000000000000222e+00
4.197998046875000000e-01 1.000000000000000000e+00
4.199218750000000000e-01 1.000000000000000000e+00
4.200439453125000000e-01 1.000000000000000000e+00
4.201660156250000000e-01 1.000000000000000222e+00
4.202880859375000000e-01 1.000000000000000000e+00
4.204101562500000000e-01 9.999999999999997780e-01
4.205322265625000000e-01 1.000000000000000000e+00
4.206542968750000000e-01 1.000000000000000000e+00
4.207763671875000000e-01 1.000000000000000000e+00
4.208984375000000000e-01 1.000000000000000000e+00
4.210205078125000000e-01 1.000000000000000000e+00
4.211425781250000000e-01 1.000000000000000000e+00
4.212646484375000000e-01 1.000000000000000444e+00
4.213867187500000000e-01 1.000000000000000000e+00
4.215087890625000000e-01 1.000000000000000000e+00
4.216308593750000000e-01 1.000000000000000000e+00
4.217529296875000000e-01 1.000000000000000000e+00
4.218750000000000000e-01 1.000000000000000000e+00
4.219970703125000000e-01 1.000000000000000000e+00
4.221191406250000000e-01 1.000000000000000000e+00
4.222412109375000000e-01 1.000000000000000000e+00
4.223632812500000000e-01 1.000000000000000000e+00
4.224853515625000000e-01 1.000000000000000000e+00
4.226074218750000000e-01 1.000000000000000000e+00
4.227294921875000000e-01 1.000000000000000000e+00
4.228515625000000000e-01 9.999999999999998890e-01
4.229736328125000000e-01 1.000000000000000000e+00
4.230957031250000000e-01 1.000000000000000000e+00
4.232177734375000000e-01 1.000000000000000000e+00
4.233398437500000000e-01 1.000000000000000000e+00
4.234619140625000000e-01 1.000000000000000000e+00
4.235839843750000000e-01 1.000000000000000000e+00
4.237060546875000000e-01 1.000000000000000000e+00
4.238281250000000000e-01 9.999999999999997780e-01
4.239501953125000000e-01 1.000000000000000000e+00
4.240722656250000000e-01 1.000000000000000000e+00
4.241943359375000000e-01 1.000000000000000000e+00
4.243164062500000000e-01 9.999999999999997780e-01
4.244384765625000000e-01 1.000000000000000222e+00
4.245605468750000000e-01 1.000000000000000000e+00
4.246826171875000000e-01 1.000000000000000000e+00
4.248046875000000000e-01 1.000000000000000000e+00
4.249267578125000000e-01 1.000000000000000000e+00
4.250488281250000000e-01 1.000000000000000000e+00
4.251708984375000000e-01 1.000000000000000444e+00
4.252929687500000000e-01 1.000000000000000000e+00
4.254150390625000000e-01 1.000000000000000000e+00
4.255371093750000000e-01 1.000000000000000222e+00
4.256591796875000000e-01 1.000000000000000000e+00
4.257812500000000000e-01 1.000000000000000000e+00
4.259033203125000000e-01 1.000000000000000000e+00
4.260253906250000000e-01 1.000000000000000000e+00
4.261474609375000000e-01 1.000000000000000000e+00
4.262695312500000000e-01 1.000000000000000000e+00
4.263916015625000000e-01 1.000000000000000000e+00
4.265136718750000000e-01 9.999999999999997780e-01
4.266357421875000000e-01 1.000000000000000000e+00
4.267578125000000000e-01 1.000000000000000000e+00
4.268798828125000000e-01 1.000000000000000000e+00
4.270019531250000000e-01 1.000000000000000000e+00
4.271240234375000000e-01 1.000000000000000222e+00
4.272460937500000000e-01 1.000000000000000000e+00
4.273681640625000000e-01 1.000000000000000000e+00
4.274902343750000000e-01 1.000000000000000222e+00
4.276123046875000000e-01 1.000000000000000000e+00
4.277343750000000000e-01 1.000000000000000000e+00
4.278564453125000000e-01 1.000000000000000000e+00
4.279785156250000000e-01 1.000000000000000000e+00
4.281005859375000000e-01 1.000000000000000000e+00
4.282226562500000000e-01 1.000000000000000000e+00
4.283447265625000000e-01 1.000000000000000000e+00
4.284667968750000000e-01 1.000000000000000000e+00
4.285888671875000000e-01 1.000000000000000222e+00
4.287109375000000000e-01 1.000000000000000000e+00
4.288330078125000000e-01 1.000000000000000000e+00
4.289550781250000000e-01 1.000000000000000000e+00
4.290771484375000000e-01 1.000000000000000000e+00
4.291992187500000000e-01 1.000000000000000000e+00
4.293212890625000000e-01 1.000000000000000000e+00
4.294433593750000000e-01 1.000000000000000000e+00
4.295654296875000000e-01 1.000000000000000000e+00
4.296875000000000000e-01 1.000000000000000000e+00
4.298095703125000000e-01 1.000000000000000000e+00
4.299316406250000000e-01 1.000000000000000000e+00
4.300537109375000000e-01 1.000000000000000000e+00
4.301757812500000000e-01 1.000000000000000000e+00
4.302978515625000000e-01 1.000000000000000000e+00
4.304199218750000000e-01 1.000000000000000000e+00
4.305419921875000000e-01 1.000000000000000000e+00
4.306640625000000000e-01 1.000000000000000000e+00
4.307861328125000000e-01 1.000000000000000000e+00
4.309082031250000000e-01 1.000000000000000000e+00
4.310302734375000000e-01 1.000000000000000000e+00
4.311523437500000000e-01 1.000000000000000000e+00
4.312744140625000000e-01 1.000000000000000000e+00
4.313964843750000000e-01 1.000000000000000222e+00
4.315185546875000000e-01 1.000000000000000000e+00
4.316406250000000000e-01 1.000000000000000000e+00
4.317626953125000000e-01 1.000000000000000000e+00
4.318847656250000000e-01 1.000000000000000444e+00
4.320068359375000000e-01 1.000000000000000000e+00
4.321289062500000000e-01 1.000000000000000000e+00
4.322509765625000000e-01 1.000000000000000000e+00
4.323730468750000000e-01 1.000000000000000000e+00
4.324951171875000000e-01 1.000000000000000444e+00
4.326171875000000000e-01 1.000000000000000000e+00
4.327392578125000000e-01 1.000000000000000000e+00
4.328613281250000000e-01 1.000000000000000000e+00
4.329833984375000000e-01 1.000000000000000222e+00
4.331054687500000000e-01 1.000000000000000000e+00
4.332275390625000000e-01 1.000000000000000000e+00
4.333496093750000000e-01 1.000000000000000222e+00
4.334716796875000000e-01 1.000000000000000222e+00
4.335937500000000000e-01 1.000000000000000000e+00
4.337158203125000000e-01 1.000000000000000222e+00
4.338378906250000000e-01 1.000000000000000000e+00
4.339599609375000000e-01 1.000000000000000000e+00
4.340820312500000000e-01 1.000000000000000000e+00
4.342041015625000000e-01 1.000000000000000000e+00
4.343261718750000000e-01 1.000000000000000000e+00
4.344482421875000000e-01 1.000000000000000000e+00
4.345703125000000000e-01 9.999999999999998890e-01
4.346923828125000000e-01 1.000000000000000000e+00
4.348144531250000000e-01 1.000000000000000000e+00
4.349365234375000000e-01 1.000000000000000000e+00
4.350585937500000000e-01 1.000000000000000000e+00
4.351806640625000000e-01 1.000000000000000000e+00
4.353027343750000000e-01 1.000000000000000000e+00
4.354248046875000000e-01 1.000000000000000000e+00
4.355468750000000000e-01 1.000000000000000000e+00
4.356689453125000000e-01 1.000000000000000000e+00
4.357910156250000000e-01 1.000000000000000222e+00
4.359130859375000000e-01 1.000000000000000000e+00
4.360351562500000000e-01 1.000000000000000000e+00
4.361572265625000000e-01 1.000000000000000000e+00
4.362792968750000000e-01 1.000000000000000000e+00
4.364013671875000000e-01 1.000000000000000222e+00
4.365234375000000000e-01 1.000000000000000000e+00
4.366455078125000000e-01 1.000000000000000222e+00
4.367675781250000000e-01 1.000000000000000000e+00
4.368896484375000000e-01 1.000000000000000000e+00
4.370117187500000000e-01 1.000000000000000000e+00
4.371337890625000000e-01 1.000000000000000000e+00
4.372558593750000000e-01 1.000000000000000000e+00
4.373779296875000000e-01 1.000000000000000000e+00
4.375000000000000000e-01 1.000000000000000000e+00
4.376220703125000000e-01 1.000000000000000000e+00
4.377441406250000000e-01 1.000000000000000000e+00
4.378662109375000000e-01 1.000000000000000000e+00
4.379882812500000000e-01 1.000000000000000000e+00
4.381103515625000000e-01 1.000000000000000000e+00
4.382324218750000000e-01 1.000000000000000000e+00
4.383544921875000000e-01 1.000000000000000000e+00
4.384765625000000000e-01 9.999999999999997780e-01
4.385986328125000000e-01 1.000000000000000000e+00
4.387207031250000000e-01 1.000000000000000000e+00
4.388427734375000000e-01 1.000000000000000000e+00
4.389648437500000000e-01 1.000000000000000000e+00
4.390869140625000000e-01 1.000000000000000000e+00
4.392089843750000000e-01 1.000000000000000000e+00
4.393310546875000000e-01 1.000000000000000000e+00
4.394531250000000000e-01 1.000000000000000000e+00
4.395751953125000000e-01 1.000000000000000000e+00
4.396972656250000000e-01 1.000000000000000000e+00
4.398193359375000000e-01 1.000000000000000000e+00
4.399414062500000000e-01 1.000000000000000000e+00
4.400634765625000000e-01 1.000000000000000000e+00
4.401855468750000000e-01 1.000000000000000000e+00
4.403076171875000000e-01 1.000000000000000222e+00
4.404296875000000000e-01 9.999999999999998890e-01
4.405517578125000000e-01 1.000000000000000222e+00
4.406738281250000000e-01 1.000000000000000000e+00
4.407958984375000000e-01 1.000000000000000000e+00
4.409179687500000000e-01 1.000000000000000000e+00
4.410400390625000000e-01 1.000000000000000000e+00
4.411621093750000000e-01 1.000000000000000000e+00
4.412841796875000000e-01 1.000000000000000444e+00
4.414062500000000000e-01 9.999999999999998890e-01
4.415283203125000000e-01 1.000000000000000000e+00
4.416503906250000000e-01 1.000000000000000000e+00
4.417724609375000000e-01 1.000000000000000000e+00
4.418945312500000000e-01 1.000000000000000000e+00
4.420166015625000000e-01 1.000000000000000000e+00
4.421386718750000000e-01 1.000000000000000000e+00
4.422607421875000000e-01 1.000000000000000000e+00
4.423828125000000000e-01 1.000000000000000000e+00
4.425048828125000000e-01 1.000000000000000000e+00
4.426269531250000000e-01 1.000000000000000000e+00
4.427490234375000000e-01 1.000000000000000000e+00
4.428710937500000000e-01 1.000000000000000000e+00
4.429931640625000000e-01 1.000000000000000000e+00
4.431152343750000000e-01 1.000000000000000222e+00
4.432373046875000000e-01 1.000000000000000000e+00
4.433593750000000000e-01 1.000000000000000000e+00
4.434814453125000000e-01 1.000000000000000000e+00
4.436035156250000000e-01 1.000000000000000000e+00
4.437255859375000000e-01 1.000000000000000000e+00
4.438476562500000000e-01 9.999999999999998890e-01
4.439697265625000000e-01 1.000000000000000000e+00
4.440917968750000000e-01 1.000000000000000000e+00
4.442138671875000000e-01 1.000000000000000000e+00
4.443359375000000000e-01 9.999999999999998890e-01
4.444580078125000000e-01 1.000000000000000000e+00
4.445800781250000000e-01 1.000000000000000000e+00
4.447021484375000000e-01 1.000000000000000000e+00
4.448242187500000000e-01 1.000000000000000000e+00
4.449462890625000000e-01 1.000000000000000000e+00
4.450683593750000000e-01 1.000000000000000000e+00
4.451904296875000000e-01 1.000000000000000000e+00
4.453125000000000000e-01 1.000000000000000000e+00
4.454345703125000000e-01 1.000000000000000000e+00
4.455566406250000000e-01 1.000000000000000000e+00
4.456787109375000000e-01 1.000000000000000000e+00
4.458007812500000000e-01 9.999999999999998890e-01
4.459228515625000000e-01 9.999999999999997780e-01
4.460449218750000000e-01 1.000000000000000000e+00
4.461669921875000000e-01 1.000000000000000000e+00
4.462890625000000000e-01 1.000000000000000000e+00
4.464111328125000000e-01 1.000000000000000000e+00
4.465332031250000000e-01 1.000000000000000000e+00
4.466552734375000000e-01 1.000000000000000000e+00
4.467773437500000000e-01 1.000000000000000000e+00
4.468994140625000000e-01 1.000000000000000222e+00
4.470214843750000000e-01 1.000000000000000222e+00
4.471435546875000000e-01 1.000000000000000000e+00
4.472656250000000000e-01 1.000000000000000000e+00
4.473876953125000000e-01 1.000000000000000000e+00
4.475097656250000000e-01 1.000000000000000000e+00
4.476318359375000000e-01 1.000000000000000222e+00
4.477539062500000000e-01 1.000000000000000000e+00
4.478759765625000000e-01 1.000000000000000000e+00
4.479980468750000000e-01 1.000000000000000222e+00
4.481201171875000000e-01 1.000000000000000222e+00
4.482421875000000000e-01 1.000000000000000000e+00
4.483642578125000000e-01 1.000000000000000000e+00
4.484863281250000000e-01 1.000000000000000000e+00
4.486083984375000000e-01 1.000000000000000444e+00
4.487304687500000000e-01 1.000000000000000000e+00
4.488525390625000000e-01 1.000000000000000000e+00
4.489746093750000000e-01 1.000000000000000222e+00
4.490966796875000000e-01 1.000000000000000444e+00
4.492187500000000000e-01 1.000000000000000000e+00
4.493408203125000000e-01 1.000000000000000000e+00
4.494628906250000000e-01 1.000000000000000000e+00
4.495849609375000000e-01 1.000000000000000000e+00
4.497070312500000000e-01 1.000000000000000000e+00
4.498291015625000000e-01 1.000000000000000000e+00
4.499511718750000000e-01 1.000000000000000000e+00
4.500732421875000000e-01 1.000000000000000222e+00
4.501953125000000000e-01 1.000000000000000000e+00
4.503173828125000000e-01 1.000000000000000000e+00
4.504394531250000000e-01 1.000000000000000000e+00
4.505615234375000000e-01 1.000000000000000000e+00
4.506835937500000000e-01 1.000000000000000000e+00
4.508056640625000000e-01 1.000000000000000222e+00
4.509277343750000000e-01 1.000000000000000000e+00
4.510498046875000000e-01 1.000000000000000000e+00
4.511718750000000000e-01 1.000000000000000000e+00
4.512939453125000000e-01 1.000000000000000000e+00
4.514160156250000000e-01 1.000000000000000000e+00
4.515380859375000000e-01 1.000000000000000000e+00
4.516601562500000000e-01 9.999999999999997780e-01
4.517822265625000000e-01 1.000000000000000000e+00
4.519042968750000000e-01 1.000000000000000222e+00
4.520263671875000000e-01 1.000000000000000222e+00
4.521484375000000000e-01 9.999999999999997780e-01
4.522705078125000000e-01 1.000000000000000222e+00
4.523925781250000000e-01 1.000000000000000000e+00
4.525146484375000000e-01 1.000000000000000222e+00
4.526367187500000000e-01 1.000000000000000000e+00
4.527587890625000000e-01 1.000000000000000000e+00
4.528808593750000000e-01 1.000000000000000000e+00
4.530029296875000000e-01 1.000000000000000000e+00
4.531250000000000000e-01 9.999999999999998890e-01
4.532470703125000000e-01 1.000000000000000000e+00
4.533691406250000000e-01 1.000000000000000000e+00
4.534912109375000000e-01 1.000000000000000000e+00
4.536132812500000000e-01 1.000000000000000000e+00
4.537353515625000000e-01 1.000000000000000000e+00
4.538574218750000000e-01 1.000000000000000000e+00
4.539794921875000000e-01 1.000000000000000000e+00
4.541015625000000000e-01 1.000000000000000000e+00
4.542236328125000000e-01 1.000000000000000000e+00
4.543457031250000000e-01 1.000000000000000000e+00
4.544677734375000000e-01 1.000000000000000000e+00
4.545898437500000000e-01 1.000000000000000000e+00
4.547119140625000000e-01 1.000000000000000000e+00
4.548339843750000000e-01 1.000000000000000000e+00
4.549560546875000000e-01 1.000000000000000000e+00
4.550781250000000000e-01 9.999999999999997780e-01
4.552001953125000000e-01 1.000000000000000000e+00
4.553222656250000000e-01 1.000000000000000222e+00
4.554443359375000000e-01 1.000000000000000000e+00
4.555664062500000000e-01 9.999999999999998890e-01
4.556884765625000000e-01 1.000000000000000000e+00
4.558105468750000000e-01 1.000000000000000000e+00
4.559326171875000000e-01 1.000000000000000000e+00
4.560546875000000000e-01 1.000000000000000000e+00
4.561767578125000000e-01 1.000000000000000000e+00
4.562988281250000000e-01 1.000000000000000000e+00
4.564208984375000000e-01 1.000000000000000000e+00
4.565429687500000000e-01 1.000000000000000000e+00
4.566650390625000000e-01 1.000000000000000000e+00
4.567871093750000000e-01 1.000000000000000000e+00
4.569091796875000000e-01 1.000000000000000000e+00
4.570312500000000000e-01 1.000000000000000000e+00
4.571533203125000000e-01 1.000000000000000000e+00
4.572753906250000000e-01 1.000000000000000000e+00
4.573974609375000000e-01 1.000000000000000000e+00
4.575195312500000000e-01 1.000000000000000000e+00
4.576416015625000000e-01 1.000000000000000000e+00
4.577636718750000000e-01 1.000000000000000000e+00
4.578857421875000000e-01 1.000000000000000000e+00
4.580078125000000000e-01 1.000000000000000000e+00
4.581298828125000000e-01 1.000000000000000000e+00
4.582519531250000000e-01 1.000000000000000000e+00
4.583740234375000000e-01 1.000000000000000000e+00
4.584960937500000000e-01 1.000000000000000000e+00
4.586181640625000000e-01 1.000000000000000000e+00
4.587402343750000000e-01 1.000000000000000000e+00
4.588623046875000000e-01 1.000000000000000000e+00
4.589843750000000000e-01 1.000000000000000000e+00
4.591064453125000000e-01 1.000000000000000000e+00
4.592285156250000000e-01 1.000000000000000000e+00
4.593505859375000000e-01 1.000000000000000000e+00
4.594726562500000000e-01 9.999999999999997780e-01
4.595947265625000000e-01 1.000000000000000000e+00
4.597167968750000000e-01 1.000000000000000000e+00
4.598388671875000000e-01 1.000000000000000000e+00
4.599609375000000000e-01 9.999999999999997780e-01
4.600830078125000000e-01 1.000000000000000000e+00
4.602050781250000000e-01 1.000000000000000000e+00
4.603271484375000000e-01 1.000000000000000000e+00
4.604492187500000000e-01 9.999999999999997780e-01
4.605712890625000000e-01 1.000000000000000000e+00
4.606933593750000000e-01 1.000000000000000000e+00
4.608154296875000000e-01 1.000000000000000000e+00
4.609375000000000000e-01 1.000000000000000000e+00
4.610595703125000000e-01 1.000000000000000000e+00
4.611816406250000000e-01 1.000000000000000000e+00
4.613037109375000000e-01 1.000000000000000000e+00
4.614257812500000000e-01 1.000000000000000000e+00
4.615478515625000000e-01 9.999999999999997780e-01
4.616699218750000000e-01 1.000000000000000000e+00
4.617919921875000000e-01 1.000000000000000222e+00
4.619140625000000000e-01 1.000000000000000000e+00
4.620361328125000000e-01 1.000000000000000000e+00
4.621582031250000000e-01 9.999999999999998890e-01
4.622802734375000000e-01 1.000000000000000000e+00
4.624023437500000000e-01 1.000000000000000000e+00
4.625244140625000000e-01 1.000000000000000000e+00
4.626464843750000000e-01 1.000000000000000000e+00
4.627685546875000000e-01 1.000000000000000000e+00
4.628906250000000000e-01 9.999999999999998890e-01
4.630126953125000000e-01 1.000000000000000000e+00
4.631347656250000000e-01 1.000000000000000222e+00
4.632568359375000000e-01 1.000000000000000222e+00
4.633789062500000000e-01 9.999999999999998890e-01
4.635009765625000000e-01 1.000000000000000000e+00
4.636230468750000000e-01 1.000000000000000222e+00
4.637451171875000000e-01 1.000000000000000222e+00
4.638671875000000000e-01 1.000000000000000000e+00
4.639892578125000000e-01 1.000000000000000000e+00
4.641113281250000000e-01 1.000000000000000000e+00
4.642333984375000000e-01 1.000000000000000222e+00
4.643554687500000000e-01 1.000000000000000000e+00
4.644775390625000000e-01 1.000000000000000222e+00
4.645996093750000000e-01 1.000000000000000222e+00
4.647216796875000000e-01 1.000000000000000222e+00
4.648437500000000000e-01 9.999999999999998890e-01
4.649658203125000000e-01 1.000000000000000444e+00
4.650878906250000000e-01 1.000000000000000222e+00
4.652099609375000000e-01 1.000000000000000000e+00
4.653320312500000000e-01 1.000000000000000000e+00
4.654541015625000000e-01 1.000000000000000000e+00
4.655761718750000000e-01 1.000000000000000444e+00
4.656982421875000000e-01 1.000000000000000000e+00
4.658203125000000000e-01 1.000000000000000000e+00
4.659423828125000000e-01 1.000000000000000000e+00
4.660644531250000000e-01 1.000000000000000000e+00
4.661865234375000000e-01 1.000000000000000444e+00
4.663085937500000000e-01 1.000000000000000000e+00
4.664306640625000000e-01 1.000000000000000000e+00
4.665527343750000000e-01 1.000000000000000222e+00
4.666748046875000000e-01 1.000000000000000000e+00
4.667968750000000000e-01 1.000000000000000000e+00
4.669189453125000000e-01 1.000000000000000000e+00
4.670410156250000000e-01 1.000000000000000222e+00
4.671630859375000000e-01 1.000000000000000000e+00
4.672851562500000000e-01 9.999999999999998890e-01
4.674072265625000000e-01 1.000000000000000000e+00
4.675292968750000000e-01 1.000000000000000000e+00
4.676513671875000000e-01 1.000000000000000000e+00
4.677734375000000000e-01 9.999999999999997780e-01
4.678955078125000000e-01 1.000000000000000000e+00
4.680175781250000000e-01 1.000000000000000000e+00
4.681396484375000000e-01 1.000000000000000000e+00
4.682617187500000000e-01 1.000000000000000000e+00
4.683837890625000000e-01 1.000000000000000000e+00
4.685058593750000000e-01 1.000000000000000000e+00
4.686279296875000000e-01 1.000000000000000000e+00
4.687500000000000000e-01 9.999999999999997780e-01
4.688720703125000000e-01 9.999999999999998890e-01
4.689941406250000000e-01 9.999999999999998890e-01
4.691162109375000000e-01 1.000000000000000000e+00
4.692382812500000000e-01 1.000000000000000000e+00
4.693603515625000000e-01 1.000000000000000000e+00
4.694824218750000000e-01 1.000000000000000000e+00
4.696044921875000000e-01 1.000000000000000000e+00
4.697265625000000000e-01 9.999999999999998890e-01
4.698486328125000000e-01 1.000000000000000000e+00
4.699707031250000000e-01 1.000000000000000000e+00
4.700927734375000000e-01 1.000000000000000000e+00
4.702148437500000000e-01 1.000000000000000000e+00
4.703369140625000000e-01 1.000000000000000000e+00
4.704589843750000000e-01 1.000000000000000000e+00
4.705810546875000000e-01 1.000000000000000000e+00
4.707031250000000000e-01 1.000000000000000000e+00
4.708251953125000000e-01 1.000000000000000000e+00
4.709472656250000000e-01 1.000000000000000000e+00
4.710693359375000000e-01 1.000000000000000000e+00
4.711914062500000000e-01 1.000000000000000000e+00
4.713134765625000000e-01 9.999999999999998890e-01
4.714355468750000000e-01 1.000000000000000000e+00
4.715576171875000000e-01 1.000000000000000222e+00
4.716796875000000000e-01 9.999999999999998890e-01
4.718017578125000000e-01 1.000000000000000222e+00
4.719238281250000000e-01 1.000000000000000000e+00
4.720458984375000000e-01 1.000000000000000000e+00
4.721679687500000000e-01 9.999999999999998890e-01
4.722900390625000000e-01 1.000000000000000000e+00
4.724121093750000000e-01 1.000000000000000000e+00
4.725341796875000000e-01 1.000000000000000000e+00
4.726562500000000000e-01 1.000000000000000000e+00
4.727783203125000000e-01 1.000000000000000000e+00
4.729003906250000000e-01 1.000000000000000000e+00
4.730224609375000000e-01 1.000000000000000000e+00
4.731445312500000000e-01 1.000000000000000000e+00
4.732666015625000000e-01 1.000000000000000000e+00
4.733886718750000000e-01 1.000000000000000000e+00
4.735107421875000000e-01 1.000000000000000000e+00
4.736328125000000000e-01 1.000000000000000000e+00
4.737548828125000000e-01 1.000000000000000000e+00
4.738769531250000000e-01 1.000000000000000000e+00
4.739990234375000000e-01 1.000000000000000000e+00
4.741210937500000000e-01 1.000000000000000000e+00
4.742431640625000000e-01 1.000000000000000000e+00
4.743652343750000000e-01 1.000000000000000222e+00
4.744873046875000000e-01 1.000000000000000000e+00
4.746093750000000000e-01 9.999999999999997780e-01
4.747314453125000000e-01 1.000000000000000000e+00
4.748535156250000000e-01 1.000000000000000000e+00
4.749755859375000000e-01 1.000000000000000000e+00
4.750976562500000000e-01 9.999999999999998890e-01
4.752197265625000000e-01 1.000000000000000000e+00
4.753417968750000000e-01 1.000000000000000222e+00
4.754638671875000000e-01 1.000000000000000000e+00
4.755859375000000000e-01 9.999999999999998890e-01
4.757080078125000000e-01 1.000000000000000000e+00
4.758300781250000000e-01 1.000000000000000000e+00
4.759521484375000000e-01 1.000000000000000000e+00
4.760742187500000000e-01 1.000000000000000000e+00
4.761962890625000000e-01 1.000000000000000000e+00
4.763183593750000000e-01 1.000000000000000000e+00
4.764404296875000000e-01 1.000000000000000000e+00
4.765625000000000000e-01 1.000000000000000000e+00
4.766845703125000000e-01 1.000000000000000000e+00
4.768066406250000000e-01 1.000000000000000000e+00
4.769287109375000000e-01 1.000000000000000000e+00
4.770507812500000000e-01 1.000000000000000000e+00
4.771728515625000000e-01 9.999999999999997780e-01
4.772949218750000000e-01 1.000000000000000000e+00
4.774169921875000000e-01 1.000000000000000000e+00
4.775390625000000000e-01 1.000000000000000000e+00
4.776611328125000000e-01 1.000000000000000000e+00
4.777832031250000000e-01 1.000000000000000000e+00
4.779052734375000000e-01 1.000000000000000000e+00
4.780273437500000000e-01 1.000000000000000000e+00
4.781494140625000000e-01 1.000000000000000000e+00
4.782714843750000000e-01 1.000000000000000222e+00
4.783935546875000000e-01 1.000000000000000000e+00
4.785156250000000000e-01 1.000000000000000222e+00
4.786376953125000000e-01 1.000000000000000000e+00
4.787597656250000000e-01 1.000000000000000444e+00
4.788818359375000000e-01 1.000000000000000000e+00
4.790039062500000000e-01 1.000000000000000000e+00
4.791259765625000000e-01 1.000000000000000000e+00
4.792480468750000000e-01 1.000000000000000000e+00
4.793701171875000000e-01 1.000000000000000000e+00
4.794921875000000000e-01 1.000000000000000000e+00
4.796142578125000000e-01 1.000000000000000000e+00
4.797363281250000000e-01 1.000000000000000000e+00
4.798583984375000000e-01 1.000000000000000222e+00
4.799804687500000000e-01 1.000000000000000000e+00
4.801025390625000000e-01 1.000000000000000000e+00
4.802246093750000000e-01 1.000000000000000222e+00
4.803466796875000000e-01 1.000000000000000000e+00
4.804687500000000000e-01 1.000000000000000000e+00
4.805908203125000000e-01 1.000000000000000000e+00
4.807128906250000000e-01 1.000000000000000000e+00
4.808349609375000000e-01 1.000000000000000000e+00
4.809570312500000000e-01 1.000000000000000000e+00
4.810791015625000000e-01 1.000000000000000000e+00
4.812011718750000000e-01 1.000000000000000000e+00
4.813232421875000000e-01 1.000000000000000000e+00
4.814453125000000000e-01 1.000000000000000000e+00
4.815673828125000000e-01 1.000000000000000000e+00
4.816894531250000000e-01 1.000000000000000000e+00
4.818115234375000000e-01 1.000000000000000000e+00
4.819335937500000000e-01 1.000000000000000000e+00
4.820556640625000000e-01 1.000000000000000000e+00
4.821777343750000000e-01 1.000000000000000222e+00
4.822998046875000000e-01 1.000000000000000000e+00
4.824218750000000000e-01 1.000000000000000000e+00
4.825439453125000000e-01 1.000000000000000000e+00
4.826660156250000000e-01 1.000000000000000222e+00
4.827880859375000000e-01 1.000000000000000000e+00
4.829101562500000000e-01 9.999999999999997780e-01
4.830322265625000000e-01 1.000000000000000000e+00
4.831542968750000000e-01 1.000000000000000000e+00
4.832763671875000000e-01 1.000000000000000000e+00
4.833984375000000000e-01 9.999999999999997780e-01
4.835205078125000000e-01 1.000000000000000000e+00
4.836425781250000000e-01 1.000000000000000000e+00
4.837646484375000000e-01 1.000000000000000000e+00
4.838867187500000000e-01 1.000000000000000000e+00
4.840087890625000000e-01 9.999999999999998890e-01
4.841308593750000000e-01 1.000000000000000000e+00
4.842529296875000000e-01 1.000000000000000000e+00
4.843750000000000000e-01 1.000000000000000000e+00
4.844970703125000000e-01 1.000000000000000000e+00
4.846191406250000000e-01 1.000000000000000000e+00
4.847412109375000000e-01 1.000000000000000000e+00
4.848632812500000000e-01 1.000000000000000000e+00
4.849853515625000000e-01 1.000000000000000000e+00
4.851074218750000000e-01 1.000000000000000000e+00
4.852294921875000000e-01 1.000000000000000000e+00
4.853515625000000000e-01 9.999999999999998890e-01
4.854736328125000000e-01 1.000000000000000000e+00
4.855957031250000000e-01 1.000000000000000000e+00
4.857177734375000000e-01 1.000000000000000000e+00
4.858398437500000000e-01 1.000000000000000000e+00
4.859619140625000000e-01 1.000000000000000222e+00
4.860839843750000000e-01 1.000000000000000000e+00
4.862060546875000000e-01 1.000000000000000000e+00
4.863281250000000000e-01 1.000000000000000000e+00
4.864501953125000000e-01 1.000000000000000000e+00
4.865722656250000000e-01 1.000000000000000000e+00
4.866943359375000000e-01 1.000000000000000000e+00
4.868164062500000000e-01 9.999999999999998890e-01
4.869384765625000000e-01 1.000000000000000000e+00
4.870605468750000000e-01 1.000000000000000000e+00
4.871826171875000000e-01 1.000000000000000000e+00
4.873046875000000000e-01 1.000000000000000000e+00
4.874267578125000000e-01 1.000000000000000000e+00
4.875488281250000000e-01 1.000000000000000000e+00
4.876708984375000000e-01 1.000000000000000444e+00
4.877929687500000000e-01 1.000000000000000000e+00
4.879150390625000000e-01 1.000000000000000000e+00
4.880371093750000000e-01 1.000000000000000000e+00
4.881591796875000000e-01 1.000000000000000000e+00
4.882812500000000000e-01 1.000000000000000000e+00
4.884033203125000000e-01 1.000000000000000000e+00
4.885253906250000000e-01 1.000000000000000000e+00
4.886474609375000000e-01 1.000000000000000000e+00
4.887695312500000000e-01 1.000000000000000000e+00
4.888916015625000000e-01 1.000000000000000000e+00
4.890136718750000000e-01 1.000000000000000000e+00
4.891357421875000000e-01 1.000000000000000000e+00
4.892578125000000000e-01 1.000000000000000000e+00
4.893798828125000000e-01 1.000000000000000000e+00
4.895019531250000000e-01 1.000000000000000000e+00
4.896240234375000000e-01 1.000000000000000000e+00
4.897460937500000000e-01 1.000000000000000000e+00
4.898681640625000000e-01 1.000000000000000222e+00
4.899902343750000000e-01 1.000000000000000000e+00
4.901123046875000000e-01 1.000000000000000000e+00
4.902343750000000000e-01 1.000000000000000000e+00
4.903564453125000000e-01 1.000000000000000000e+00
4.904785156250000000e-01 1.000000000000000444e+00
4.906005859375000000e-01 1.000000000000000000e+00
4.907226562500000000e-01 9.999999999999998890e-01
4.908447265625000000e-01 1.000000000000000000e+00
4.909667968750000000e-01 1.000000000000000000e+00
4.910888671875000000e-01 1.000000000000000000e+00
4.912109375000000000e-01 1.000000000000000000e+00
4.913330078125000000e-01 1.000000000000000000e+00
4.914550781250000000e-01 1.000000000000000000e+00
4.915771484375000000e-01 1.000000000000000222e+00
4.916992187500000000e-01 1.000000000000000000e+00
4.918212890625000000e-01 1.000000000000000222e+00
4.919433593750000000e-01 1.000000000000000000e+00
4.920654296875000000e-01 1.000000000000000000e+00
4.921875000000000000e-01 1.000000000000000000e+00
4.923095703125000000e-01 1.000000000000000000e+00
4.924316406250000000e-01 1.000000000000000000e+00
4.925537109375000000e-01 1.000000000000000000e+00
4.926757812500000000e-01 1.000000000000000000e+00
4.927978515625000000e-01 9.999999999999998890e-01
4.929199218750000000e-01 1.000000000000000000e+00
4.930419921875000000e-01 1.000000000000000000e+00
4.931640625000000000e-01 1.000000000000000000e+00
4.932861328125000000e-01 1.000000000000000000e+00
4.934082031250000000e-01 1.000000000000000000e+00
4.935302734375000000e-01 1.000000000000000000e+00
4.936523437500000000e-01 1.000000000000000000e+00
4.937744140625000000e-01 1.000000000000000000e+00
4.938964843750000000e-01 1.000000000000000000e+00
4.940185546875000000e-01 1.000000000000000000e+00
4.941406250000000000e-01 1.000000000000000222e+00
4.942626953125000000e-01 1.000000000000000000e+00
4.943847656250000000e-01 1.000000000000000444e+00
4.945068359375000000e-01 1.000000000000000444e+00
4.946289062500000000e-01 1.000000000000000000e+00
4.947509765625000000e-01 1.000000000000000000e+00
4.948730468750000000e-01 1.000000000000000000e+00
4.949951171875000000e-01 1.000000000000000000e+00
4.951171875000000000e-01 1.000000000000000222e+00
4.952392578125000000e-01 1.000000000000000000e+00
4.953613281250000000e-01 1.000000000000000000e+00
4.954833984375000000e-01 1.000000000000000000e+00
4.956054687500000000e-01 1.000000000000000000e+00
4.957275390625000000e-01 1.000000000000000444e+00
4.958496093750000000e-01 1.000000000000000222e+00
4.959716796875000000e-01 1.000000000000000222e+00
4.960937500000000000e-01 1.000000000000000000e+00
4.962158203125000000e-01 1.000000000000000222e+00
4.963378906250000000e-01 1.000000000000000000e+00
4.964599609375000000e-01 1.000000000000000000e+00
4.965820312500000000e-01 1.000000000000000000e+00
4.967041015625000000e-01 1.000000000000000000e+00
4.968261718750000000e-01 1.000000000000000000e+00
4.969482421875000000e-01 1.000000000000000000e+00
4.970703125000000000e-01 9.999999999999998890e-01
4.971923828125000000e-01 1.000000000000000444e+00
4.973144531250000000e-01 1.000000000000000000e+00
4.974365234375000000e-01 1.000000000000000000e+00
4.975585937500000000e-01 1.000000000000000000e+00
4.976806640625000000e-01 1.000000000000000000e+00
4.978027343750000000e-01 1.000000000000000000e+00
4.979248046875000000e-01 1.000000000000000000e+00
4.980468750000000000e-01 1.000000000000000222e+00
4.981689453125000000e-01 1.000000000000000000e+00
4.982910156250000000e-01 1.000000000000000222e+00
4.984130859375000000e-01 1.000000000000000000e+00
4.985351562500000000e-01 1.000000000000000000e+00
4.986572265625000000e-01 1.000000000000000000e+00
4.987792968750000000e-01 1.000000000000000000e+00
4.989013671875000000e-01 1.000000000000000444e+00
4.990234375000000000e-01 1.000000000000000000e+00
4.991455078125000000e-01 1.000000000000000000e+00
4.992675781250000000e-01 1.000000000000000000e+00
4.993896484375000000e-01 1.000000000000000222e+00
4.995117187500000000e-01 1.000000000000000000e+00
4.996337890625000000e-01 1.000000000000000000e+00
4.997558593750000000e-01 1.000000000000000000e+00
4.998779296875000000e-01 1.000000000000000000e+00
5.000000000000000000e-01 9.999999999999997780e-01
5.001220703125000000e-01 9.999999999999998890e-01
5.002441406250000000e-01 1.000000000000000000e+00
5.003662109375000000e-01 1.000000000000000000e+00
5.004882812500000000e-01 1.000000000000000000e+00
5.006103515625000000e-01 9.999999999999997780e-01
5.007324218750000000e-01 1.000000000000000000e+00
5.008544921875000000e-01 9.999999999999998890e-01
5.009765625000000000e-01 9.999999999999997780e-01
5.010986328125000000e-01 1.000000000000000000e+00
5.012207031250000000e-01 1.000000000000000000e+00
5.013427734375000000e-01 9.999999999999998890e-01
5.014648437500000000e-01 1.000000000000000000e+00
5.015869140625000000e-01 1.000000000000000222e+00
5.017089843750000000e-01 1.000000000000000000e+00
5.018310546875000000e-01 9.999999999999998890e-01
5.019531250000000000e-01 1.000000000000000000e+00
5.020751953125000000e-01 1.000000000000000000e+00
5.021972656250000000e-01 1.000000000000000000e+00
5.023193359375000000e-01 1.000000000000000000e+00
5.024414062500000000e-01 1.000000000000000000e+00
5.025634765625000000e-01 9.999999999999998890e-01
5.026855468750000000e-01 1.000000000000000000e+00
5.028076171875000000e-01 1.000000000000000000e+00
5.029296875000000000e-01 9.999999999999998890e-01
5.030517578125000000e-01 1.000000000000000000e+00
5.031738281250000000e-01 9.999999999999997780e-01
5.032958984375000000e-01 1.000000000000000222e+00
5.034179687500000000e-01 9.999999999999997780e-01
5.035400390625000000e-01 9.999999999999998890e-01
5.036621093750000000e-01 1.000000000000000000e+00
5.037841796875000000e-01 1.000000000000000000e+00
5.039062500000000000e-01 9.999999999999998890e-01
5.040283203125000000e-01 1.000000000000000000e+00
5.041503906250000000e-01 1.000000000000000000e+00
5.042724609375000000e-01 1.000000000000000000e+00
5.043945312500000000e-01 9.999999999999997780e-01
5.045166015625000000e-01 9.999999999999998890e-01
5.046386718750000000e-01 1.000000000000000000e+00
5.047607421875000000e-01 1.000000000000000000e+00
5.048828125000000000e-01 9.999999999999998890e-01
5.050048828125000000e-01 1.000000000000000000e+00
5.051269531250000000e-01 9.999999999999998890e-01
5.052490234375000000e-01 1.000000000000000000e+00
5.053710937500000000e-01 9.999999999999997780e-01
5.054931640625000000e-01 1.000000000000000222e+00
5.056152343750000000e-01 1.000000000000000000e+00
5.057373046875000000e-01 1.000000000000000000e+00
5.058593750000000000e-01 9.999999999999997780e-01
5.059814453125000000e-01 9.999999999999998890e-01
5.061035156250000000e-01 1.000000000000000444e+00
5.062255859375000000e-01 1.000000000000000000e+00
5.063476562500000000e-01 9.999999999999997780e-01
5.064697265625000000e-01 1.000000000000000000e+00
5.065917968750000000e-01 1.000000000000000000e+00
5.067138671875000000e-01 1.000000000000000000e+00
5.068359375000000000e-01 9.999999999999997780e-01
5.069580078125000000e-01 1.000000000000000000e+00
5.070800781250000000e-01 1.000000000000000000e+00
5.072021484375000000e-01 1.000000000000000222e+00
5.073242187500000000e-01 9.999999999999998890e-01
5.074462890625000000e-01 1.000000000000000000e+00
5.075683593750000000e-01 9.999999999999998890e-01
5.076904296875000000e-01 9.999999999999998890e-01
5.078125000000000000e-01 1.000000000000000000e+00
5.079345703125000000e-01 9.999999999999998890e-01
5.080566406250000000e-01 1.000000000000000000e+00
5.081787109375000000e-01 9.999999999999998890e-01
5.083007812500000000e-01 9.999999999999998890e-01
5.084228515625000000e-01 9.999999999999996669e-01
5.085449218750000000e-01 9.999999999999998890e-01
5.086669921875000000e-01 1.000000000000000000e+00
5.087890625000000000e-01 9.999999999999998890e-01
5.089111328125000000e-01 1.000000000000000000e+00
5.090332031250000000e-01 1.000000000000000000e+00
5.091552734375000000e-01 1.000000000000000222e+00
5.092773437500000000e-01 1.000000000000000000e+00
5.093994140625000000e-01 1.000000000000000000e+00
5.095214843750000000e-01 1.000000000000000000e+00
5.096435546875000000e-01 1.000000000000000000e+00
5.097656250000000000e-01 1.000000000000000000e+00
5.098876953125000000e-01 1.000000000000000000e+00
5.100097656250000000e-01 1.000000000000000222e+00
5.101318359375000000e-01 1.000000000000000222e+00
5.102539062500000000e-01 1.000000000000000000e+00
5.103759765625000000e-01 1.000000000000000000e+00
5.104980468750000000e-01 1.000000000000000000e+00
5.106201171875000000e-01 1.000000000000000000e+00
5.107421875000000000e-01 1.000000000000000000e+00
5.108642578125000000e-01 1.000000000000000000e+00
5.109863281250000000e-01 1.000000000000000000e+00
5.111083984375000000e-01 1.000000000000000222e+00
5.112304687500000000e-01 1.000000000000000000e+00
5.113525390625000000e-01 1.000000000000000222e+00
5.114746093750000000e-01 1.000000000000000000e+00
5.115966796875000000e-01 1.000000000000000000e+00
5.117187500000000000e-01 1.000000000000000000e+00
5.118408203125000000e-01 1.000000000000000000e+00
5.119628906250000000e-01 1.000000000000000000e+00
5.120849609375000000e-01 1.000000000000000000e+00
5.122070312500000000e-01 9.999999999999997780e-01
5.123291015625000000e-01 1.000000000000000000e+00
5.124511718750000000e-01 1.000000000000000000e+00
5.125732421875000000e-01 9.999999999999998890e-01
5.126953125000000000e-01 9.999999999999997780e-01
5.128173828125000000e-01 1.000000000000000000e+00
5.129394531250000000e-01 9.999999999999998890e-01
5.130615234375000000e-01 1.000000000000000000e+00
5.131835937500000000e-01 9.999999999999998890e-01
5.133056640625000000e-01 1.000000000000000000e+00
5.134277343750000000e-01 1.000000000000000000e+00
5.135498046875000000e-01 1.000000000000000000e+00
5.136718750000000000e-01 1.000000000000000000e+00
5.137939453125000000e-01 9.999999999999998890e-01
5.139160156250000000e-01 1.000000000000000000e+00
5.140380859375000000e-01 1.000000000000000000e+00
5.141601562500000000e-01 9.999999999999997780e-01
5.142822265625000000e-01 9.999999999999998890e-01
5.144042968750000000e-01 1.000000000000000000e+00
5.145263671875000000e-01 1.000000000000000000e+00
5.146484375000000000e-01 9.999999999999998890e-01
5.147705078125000000e-01 9.999999999999998890e-01
5.148925781250000000e-01 9.999999999999998890e-01
5.150146484375000000e-01 1.000000000000000222e+00
5.151367187500000000e-01 1.000000000000000000e+00
5.152587890625000000e-01 9.999999999999997780e-01
5.153808593750000000e-01 1.000000000000000000e+00
5.155029296875000000e-01 1.000000000000000000e+00
5.156250000000000000e-01 9.999999999999997780e-01
5.157470703125000000e-01 9.999999999999998890e-01
5.158691406250000000e-01 1.000000000000000000e+00
5.159912109375000000e-01 1.000000000000000000e+00
5.161132812500000000e-01 1.000000000000000000e+00
5.162353515625000000e-01 1.000000000000000000e+00
5.163574218750000000e-01 1.000000000000000000e+00
5.164794921875000000e-01 1.000000000000000000e+00
5.166015625000000000e-01 9.999999999999998890e-01
5.167236328125000000e-01 1.000000000000000222e+00
5.168457031250000000e-01 1.000000000000000000e+00
5.169677734375000000e-01 1.000000000000000222e+00
5.170898437500000000e-01 1.000000000000000000e+00
5.172119140625000000e-01 1.000000000000000222e+00
5.173339843750000000e-01 1.000000000000000000e+00
5.174560546875000000e-01 1.000000000000000000e+00
5.175781250000000000e-01 1.000000000000000000e+00
5.177001953125000000e-01 1.000000000000000000e+00
5.178222656250000000e-01 1.000000000000000000e+00
5.179443359375000000e-01 1.000000000000000000e+00
5.180664062500000000e-01 9.999999999999997780e-01
5.181884765625000000e-01 1.000000000000000222e+00
5.183105468750000000e-01 1.000000000000000000e+00
5.184326171875000000e-01 1.000000000000000000e+00
5.185546875000000000e-01 9.999999999999998890e-01
5.186767578125000000e-01 1.000000000000000222e+00
5.187988281250000000e-01 1.000000000000000000e+00
5.189208984375000000e-01 1.000000000000000222e+00
5.190429687500000000e-01 1.000000000000000000e+00
5.191650390625000000e-01 1.000000000000000000e+00
5.192871093750000000e-01 1.000000000000000000e+00
5.194091796875000000e-01 1.000000000000000222e+00
5.195312500000000000e-01 9.999999999999998890e-01
5.196533203125000000e-01 1.000000000000000222e+00
5.197753906250000000e-01 1.000000000000000000e+00
5.198974609375000000e-01 1.000000000000000000e+00
5.200195312500000000e-01 1.000000000000000000e+00
5.201416015625000000e-01 1.000000000000000000e+00
5.202636718750000000e-01 1.000000000000000000e+00
5.203857421875000000e-01 1.000000000000000000e+00
5.205078125000000000e-01 9.999999999999998890e-01
5.206298828125000000e-01 1.000000000000000000e+00
5.207519531250000000e-01 1.000000000000000000e+00
5.208740234375000000e-01 1.000000000000000222e+00
5.209960937500000000e-01 1.000000000000000000e+00
5.211181640625000000e-01 1.000000000000000000e+00
5.212402343750000000e-01 1.000000000000000000e+00
5.213623046875000000e-01 1.000000000000000000e+00
5.214843750000000000e-01 1.000000000000000000e+00
5.216064453125000000e-01 1.000000000000000000e+00
5.217285156250000000e-01 1.000000000000000222e+00
5.218505859375000000e-01 1.000000000000000222e+00
5.219726562500000000e-01 9.999999999999997780e-01
5.220947265625000000e-01 1.000000000000000000e+00
5.222167968750000000e-01 1.000000000000000000e+00
5.223388671875000000e-01 1.000000000000000000e+00
5.224609375000000000e-01 9.999999999999998890e-01
5.225830078125000000e-01 1.000000000000000000e+00
5.227050781250000000e-01 1.000000000000000000e+00
5.228271484375000000e-01 1.000000000000000000e+00
5.229492187500000000e-01 9.999999999999998890e-01
5.230712890625000000e-01 1.000000000000000222e+00
5.231933593750000000e-01 1.000000000000000000e+00
5.233154296875000000e-01 1.000000000000000000e+00
5.234375000000000000e-01 1.000000000000000000e+00
5.235595703125000000e-01 9.999999999999998890e-01
5.236816406250000000e-01 1.000000000000000000e+00
5.238037109375000000e-01 1.000000000000000222e+00
5.239257812500000000e-01 1.000000000000000222e+00
5.240478515625000000e-01 9.999999999999997780e-01
5.241699218750000000e-01 1.000000000000000000e+00
5.242919921875000000e-01 1.000000000000000000e+00
5.244140625000000000e-01 1.000000000000000000e+00
5.245361328125000000e-01 1.000000000000000000e+00
5.246582031250000000e-01 1.000000000000000000e+00
5.247802734375000000e-01 1.000000000000000000e+00
5.249023437500000000e-01 1.000000000000000000e+00
5.250244140625000000e-01 1.000000000000000000e+00
5.251464843750000000e-01 1.000000000000000000e+00
5.252685546875000000e-01 1.000000000000000000e+00
5.253906250000000000e-01 1.000000000000000000e+00
5.255126953125000000e-01 1.000000000000000000e+00
5.256347656250000000e-01 1.000000000000000000e+00
5.257568359375000000e-01 1.000000000000000222e+00
5.258789062500000000e-01 1.000000000000000000e+00
5.260009765625000000e-01 1.000000000000000000e+00
5.261230468750000000e-01 1.000000000000000000e+00
5.262451171875000000e-01 1.000000000000000222e+00
5.263671875000000000e-01 9.999999999999998890e-01
5.264892578125000000e-01 1.000000000000000222e+00
5.266113281250000000e-01 1.000000000000000000e+00
5.267333984375000000e-01 1.000000000000000222e+00
5.268554687500000000e-01 9.999999999999998890e-01
5.269775390625000000e-01 1.000000000000000222e+00
5.270996093750000000e-01 1.000000000000000000e+00
5.272216796875000000e-01 1.000000000000000000e+00
5.273437500000000000e-01 9.999999999999997780e-01
5.274658203125000000e-01 1.000000000000000000e+00
5.275878906250000000e-01 1.000000000000000000e+00
5.277099609375000000e-01 1.000000000000000000e+00
5.278320312500000000e-01 1.000000000000000000e+00
5.279541015625000000e-01 1.000000000000000000e+00
5.280761718750000000e-01 1.000000000000000222e+00
5.281982421875000000e-01 1.000000000000000222e+00
5.283203125000000000e-01 1.000000000000000000e+00
5.284423828125000000e-01 1.000000000000000000e+00
5.285644531250000000e-01 1.000000000000000000e+00
5.286865234375000000e-01 1.000000000000000222e+00
5.288085937500000000e-01 1.000000000000000000e+00
5.289306640625000000e-01 1.000000000000000000e+00
5.290527343750000000e-01 1.000000000000000000e+00
5.291748046875000000e-01 1.000000000000000000e+00
5.292968750000000000e-01 1.000000000000000000e+00
5.294189453125000000e-01 9.999999999999998890e-01
5.295410156250000000e-01 1.000000000000000000e+00
5.296630859375000000e-01 1.000000000000000000e+00
5.297851562500000000e-01 9.999999999999997780e-01
5.299072265625000000e-01 9.999999999999998890e-01
5.300292968750000000e-01 1.000000000000000000e+00
5.301513671875000000e-01 1.000000000000000000e+00
5.302734375000000000e-01 9.999999999999997780e-01
5.303955078125000000e-01 1.000000000000000000e+00
5.305175781250000000e-01 1.000000000000000000e+00
5.306396484375000000e-01 1.000000000000000000e+00
5.307617187500000000e-01 9.999999999999998890e-01
5.308837890625000000e-01 1.000000000000000000e+00
5.310058593750000000e-01 1.000000000000000000e+00
5.311279296875000000e-01 1.000000000000000000e+00
5.312500000000000000e-01 9.999999999999997780e-01
5.313720703125000000e-01 9.999999999999998890e-01
5.314941406250000000e-01 1.000000000000000000e+00
5.316162109375000000e-01 1.000000000000000000e+00
5.317382812500000000e-01 1.000000000000000000e+00
5.318603515625000000e-01 9.999999999999998890e-01
5.319824218750000000e-01 9.999999999999997780e-01
5.321044921875000000e-01 1.000000000000000000e+00
5.322265625000000000e-01 9.999999999999998890e-01
5.323486328125000000e-01 1.000000000000000000e+00
5.324707031250000000e-01 9.999999999999997780e-01
5.325927734375000000e-01 1.000000000000000000e+00
5.327148437500000000e-01 9.999999999999997780e-01
5.328369140625000000e-01 1.000000000000000000e+00
5.329589843750000000e-01 9.999999999999998890e-01
5.330810546875000000e-01 9.999999999999997780e-01
5.332031250000000000e-01 1.000000000000000000e+00
5.333251953125000000e-01 1.000000000000000000e+00
5.334472656250000000e-01 1.000000000000000000e+00
5.335693359375000000e-01 1.000000000000000000e+00
5.336914062500000000e-01 1.000000000000000000e+00
5.338134765625000000e-01 9.999999999999998890e-01
5.339355468750000000e-01 1.000000000000000000e+00
5.340576171875000000e-01 1.000000000000000000e+00
5.341796875000000000e-01 9.999999999999997780e-01
5.343017578125000000e-01 1.000000000000000222e+00
5.344238281250000000e-01 1.000000000000000000e+00
5.345458984375000000e-01 1.000000000000000000e+00
5.346679687500000000e-01 9.999999999999998890e-01
5.347900390625000000e-01 9.999999999999998890e-01
5.349121093750000000e-01 1.000000000000000000e+00
5.350341796875000000e-01 9.999999999999997780e-01
5.351562500000000000e-01 9.999999999999998890e-01
5.352783203125000000e-01 1.000000000000000222e+00
5.354003906250000000e-01 9.999999999999998890e-01
5.355224609375000000e-01 1.000000000000000000e+00
5.356445312500000000e-01 9.999999999999997780e-01
5.357666015625000000e-01 1.000000000000000000e+00
5.358886718750000000e-01 1.000000000000000000e+00
5.360107421875000000e-01 1.000000000000000000e+00
5.361328125000000000e-01 1.000000000000000000e+00
5.362548828125000000e-01 1.000000000000000000e+00
5.363769531250000000e-01 9.999999999999998890e-01
5.364990234375000000e-01 1.000000000000000000e+00
5.366210937500000000e-01 1.000000000000000000e+00
5.367431640625000000e-01 1.000000000000000000e+00
5.368652343750000000e-01 1.000000000000000000e+00
5.369873046875000000e-01 1.000000000000000000e+00
5.371093750000000000e-01 9.999999999999997780e-01
5.372314453125000000e-01 1.000000000000000000e+00
5.373535156250000000e-01 1.000000000000000000e+00
5.374755859375000000e-01 1.000000000000000000e+00
5.375976562500000000e-01 9.999999999999997780e-01
5.377197265625000000e-01 9.999999999999998890e-01
5.378417968750000000e-01 1.000000000000000000e+00
5.379638671875000000e-01 1.000000000000000000e+00
5.380859375000000000e-01 9.999999999999998890e-01
5.382080078125000000e-01 1.000000000000000000e+00
5.383300781250000000e-01 1.000000000000000000e+00
5.384521484375000000e-01 1.000000000000000000e+00
5.385742187500000000e-01 9.999999999999998890e-01
5.386962890625000000e-01 1.000000000000000000e+00
5.388183593750000000e-01 1.000000000000000000e+00
5.389404296875000000e-01 1.000000000000000000e+00
5.390625000000000000e-01 9.999999999999998890e-01
5.391845703125000000e-01 9.999999999999998890e-01
5.393066406250000000e-01 1.000000000000000000e+00
5.394287109375000000e-01 1.000000000000000000e+00
5.395507812500000000e-01 1.000000000000000000e+00
5.396728515625000000e-01 9.999999999999997780e-01
5.397949218750000000e-01 1.000000000000000000e+00
5.399169921875000000e-01 1.000000000000000000e+00
5.400390625000000000e-01 1.000000000000000000e+00
5.401611328125000000e-01 1.000000000000000000e+00
5.402832031250000000e-01 9.999999999999998890e-01
5.404052734375000000e-01 1.000000000000000000e+00
5.405273437500000000e-01 1.000000000000000000e+00
5.406494140625000000e-01 1.000000000000000000e+00
5.407714843750000000e-01 1.000000000000000000e+00
5.408935546875000000e-01 9.999999999999998890e-01
5.410156250000000000e-01 9.999999999999998890e-01
5.411376953125000000e-01 9.999999999999998890e-01
5.412597656250000000e-01 1.000000000000000222e+00
5.413818359375000000e-01 1.000000000000000222e+00
5.415039062500000000e-01 9.999999999999998890e-01
5.416259765625000000e-01 1.000000000000000000e+00
5.417480468750000000e-01 1.000000000000000000e+00
5.418701171875000000e-01 1.000000000000000000e+00
5.419921875000000000e-01 1.000000000000000000e+00
5.421142578125000000e-01 1.000000000000000000e+00
5.422363281250000000e-01 1.000000000000000000e+00
5.423583984375000000e-01 1.000000000000000222e+00
5.424804687500000000e-01 9.999999999999998890e-01
5.426025390625000000e-01 1.000000000000000000e+00
5.427246093750000000e-01 1.000000000000000000e+00
5.428466796875000000e-01 1.000000000000000000e+00
5.429687500000000000e-01 1.000000000000000000e+00
5.430908203125000000e-01 9.999999999999998890e-01
5.432128906250000000e-01 9.999999999999998890e-01
5.433349609375000000e-01 1.000000000000000000e+00
5.434570312500000000e-01 9.999999999999997780e-01
5.435791015625000000e-01 9.999999999999998890e-01
5.437011718750000000e-01 1.000000000000000000e+00
5.438232421875000000e-01 1.000000000000000000e+00
5.439453125000000000e-01 1.000000000000000000e+00
5.440673828125000000e-01 1.000000000000000000e+00
5.441894531250000000e-01 1.000000000000000000e+00
5.443115234375000000e-01 1.000000000000000000e+00
5.444335937500000000e-01 1.000000000000000000e+00
5.445556640625000000e-01 1.000000000000000000e+00
5.446777343750000000e-01 1.000000000000000000e+00
5.447998046875000000e-01 9.999999999999998890e-01
5.449218750000000000e-01 9.999999999999998890e-01
5.450439453125000000e-01 1.000000000000000000e+00
5.451660156250000000e-01 1.000000000000000222e+00
5.452880859375000000e-01 1.000000000000000000e+00
5.454101562500000000e-01 9.999999999999997780e-01
5.455322265625000000e-01 1.000000000000000000e+00
5.456542968750000000e-01 1.000000000000000000e+00
5.457763671875000000e-01 1.000000000000000000e+00
5.458984375000000000e-01 9.999999999999998890e-01
5.460205078125000000e-01 1.000000000000000222e+00
5.461425781250000000e-01 9.999999999999998890e-01
5.462646484375000000e-01 1.000000000000000222e+00
5.463867187500000000e-01 9.999999999999998890e-01
5.465087890625000000e-01 9.999999999999998890e-01
5.466308593750000000e-01 1.000000000000000000e+00
5.467529296875000000e-01 1.000000000000000000e+00
5.468750000000000000e-01 9.999999999999997780e-01
5.469970703125000000e-01 1.000000000000000000e+00
5.471191406250000000e-01 1.000000000000000000e+00
5.472412109375000000e-01 1.000000000000000000e+00
5.473632812500000000e-01 9.999999999999998890e-01
5.474853515625000000e-01 1.000000000000000000e+00
5.476074218750000000e-01 1.000000000000000000e+00
5.477294921875000000e-01 1.000000000000000000e+00
5.478515625000000000e-01 1.000000000000000000e+00
5.479736328125000000e-01 1.000000000000000000e+00
5.480957031250000000e-01 9.999999999999997780e-01
5.482177734375000000e-01 1.000000000000000000e+00
5.483398437500000000e-01 1.000000000000000000e+00
5.484619140625000000e-01 1.000000000000000000e+00
5.485839843750000000e-01 1.000000000000000000e+00
5.487060546875000000e-01 1.000000000000000000e+00
5.488281250000000000e-01 1.000000000000000000e+00
5.489501953125000000e-01 1.000000000000000000e+00
5.490722656250000000e-01 1.000000000000000000e+00
5.491943359375000000e-01 1.000000000000000000e+00
5.493164062500000000e-01 9.999999999999997780e-01
5.494384765625000000e-01 1.000000000000000000e+00
5.495605468750000000e-01 1.000000000000000000e+00
5.496826171875000000e-01 9.999999999999998890e-01
5.498046875000000000e-01 1.000000000000000000e+00
5.499267578125000000e-01 1.000000000000000222e+00
5.500488281250000000e-01 9.999999999999997780e-01
5.501708984375000000e-01 1.000000000000000444e+00
5.502929687500000000e-01 9.999999999999997780e-01
5.504150390625000000e-01 1.000000000000000000e+00
5.505371093750000000e-01 1.000000000000000000e+00
5.506591796875000000e-01 1.000000000000000000e+00
5.507812500000000000e-01 9.999999999999998890e-01
5.509033203125000000e-01 1.000000000000000000e+00
5.510253906250000000e-01 9.999999999999997780e-01
5.511474609375000000e-01 1.000000000000000000e+00
5.512695312500000000e-01 9.999999999999998890e-01
5.513916015625000000e-01 1.000000000000000000e+00
5.515136718750000000e-01 9.999999999999998890e-01
5.516357421875000000e-01 1.000000000000000000e+00
5.517578125000000000e-01 1.000000000000000000e+00
5.518798828125000000e-01 1.000000000000000000e+00
5.520019531250000000e-01 9.999999999999998890e-01
5.521240234375000000e-01 1.000000000000000000e+00
5.522460937500000000e-01 1.000000000000000000e+00
5.523681640625000000e-01 1.000000000000000222e+00
5.524902343750000000e-01 1.000000000000000000e+00
5.526123046875000000e-01 1.000000000000000000e+00
5.527343750000000000e-01 9.999999999999998890e-01
5.528564453125000000e-01 1.000000000000000000e+00
5.529785156250000000e-01 1.000000000000000000e+00
5.531005859375000000e-01 1.000000000000000000e+00
5.532226562500000000e-01 9.999999999999997780e-01
5.533447265625000000e-01 1.000000000000000000e+00
5.534667968750000000e-01 1.000000000000000000e+00
5.535888671875000000e-01 1.000000000000000000e+00
5.537109375000000000e-01 9.999999999999998890e-01
5.538330078125000000e-01 1.000000000000000000e+00
5.539550781250000000e-01 1.000000000000000000e+00
5.540771484375000000e-01 1.000000000000000222e+00
5.541992187500000000e-01 1.000000000000000000e+00
5.543212890625000000e-01 1.000000000000000222e+00
5.544433593750000000e-01 9.999999999999997780e-01
5.545654296875000000e-01 1.000000000000000000e+00
5.546875000000000000e-01 9.999999999999998890e-01
5.548095703125000000e-01 1.000000000000000000e+00
5.549316406250000000e-01 1.000000000000000000e+00
5.550537109375000000e-01 1.000000000000000000e+00
5.551757812500000000e-01 1.000000000000000000e+00
5.552978515625000000e-01 9.999999999999997780e-01
5.554199218750000000e-01 1.000000000000000000e+00
5.555419921875000000e-01 1.000000000000000000e+00
5.556640625000000000e-01 1.000000000000000000e+00
5.557861328125000000e-01 1.000000000000000000e+00
5.559082031250000000e-01 9.999999999999997780e-01
5.560302734375000000e-01 1.000000000000000222e+00
5.561523437500000000e-01 1.000000000000000000e+00
5.562744140625000000e-01 9.999999999999998890e-01
5.563964843750000000e-01 1.000000000000000000e+00
5.565185546875000000e-01 9.999999999999997780e-01
5.566406250000000000e-01 9.999999999999998890e-01
5.567626953125000000e-01 1.000000000000000222e+00
5.568847656250000000e-01 1.000000000000000000e+00
5.570068359375000000e-01 1.000000000000000222e+00
5.571289062500000000e-01 9.999999999999998890e-01
5.572509765625000000e-01 1.000000000000000000e+00
5.573730468750000000e-01 1.000000000000000000e+00
5.574951171875000000e-01 1.000000000000000000e+00
5.576171875000000000e-01 1.000000000000000000e+00
5.577392578125000000e-01 1.000000000000000000e+00
5.578613281250000000e-01 1.000000000000000000e+00
5.579833984375000000e-01 1.000000000000000000e+00
5.581054687500000000e-01 9.999999999999998890e-01
5.582275390625000000e-01 1.000000000000000222e+00
5.583496093750000000e-01 1.000000000000000000e+00
5.584716796875000000e-01 1.000000000000000000e+00
5.585937500000000000e-01 9.999999999999998890e-01
5.587158203125000000e-01 1.000000000000000222e+00
5.588378906250000000e-01 1.000000000000000000e+00
5.589599609375000000e-01 1.000000000000000000e+00
5.590820312500000000e-01 9.999999999999998890e-01
5.592041015625000000e-01 1.000000000000000000e+00
5.593261718750000000e-01 1.000000000000000000e+00
5.594482421875000000e-01 1.000000000000000000e+00
5.595703125000000000e-01 9.999999999999998890e-01
5.596923828125000000e-01 1.000000000000000000e+00
5.598144531250000000e-01 1.000000000000000000e+00
5.599365234375000000e-01 1.000000000000000222e+00
5.600585937500000000e-01 1.000000000000000000e+00
5.601806640625000000e-01 1.000000000000000000e+00
5.603027343750000000e-01 1.000000000000000000e+00
5.604248046875000000e-01 1.000000000000000000e+00
5.605468750000000000e-01 1.000000000000000000e+00
5.606689453125000000e-01 1.000000000000000000e+00
5.607910156250000000e-01 1.000000000000000000e+00
5.609130859375000000e-01 1.000000000000000000e+00
5.610351562500000000e-01 9.999999999999997780e-01
5.611572265625000000e-01 9.999999999999998890e-01
5.612792968750000000e-01 9.999999999999998890e-01
5.614013671875000000e-01 1.000000000000000000e+00
5.615234375000000000e-01 1.000000000000000000e+00
5.616455078125000000e-01 1.000000000000000000e+00
5.617675781250000000e-01 9.999999999999998890e-01
5.618896484375000000e-01 1.000000000000000000e+00
5.620117187500000000e-01 1.000000000000000000e+00
5.621337890625000000e-01 1.000000000000000222e+00
5.622558593750000000e-01 1.000000000000000000e+00
5.623779296875000000e-01 1.000000000000000000e+00
5.625000000000000000e-01 9.999999999999998890e-01
5.626220703125000000e-01 1.000000000000000000e+00
5.627441406250000000e-01 1.000000000000000000e+00
5.628662109375000000e-01 1.000000000000000000e+00
5.629882812500000000e-01 9.999999999999998890e-01
5.631103515625000000e-01 1.000000000000000000e+00
5.632324218750000000e-01 1.000000000000000000e+00
5.633544921875000000e-01 1.000000000000000000e+00
5.634765625000000000e-01 9.999999999999997780e-01
5.635986328125000000e-01 1.000000000000000222e+00
5.637207031250000000e-01 9.999999999999997780e-01
5.638427734375000000e-01 1.000000000000000000e+00
5.639648437500000000e-01 1.000000000000000000e+00
5.640869140625000000e-01 1.000000000000000222e+00
5.642089843750000000e-01 1.000000000000000000e+00
5.643310546875000000e-01 1.000000000000000000e+00
5.644531250000000000e-01 1.000000000000000000e+00
5.645751953125000000e-01 1.000000000000000000e+00
5.646972656250000000e-01 1.000000000000000000e+00
5.648193359375000000e-01 1.000000000000000000e+00
5.649414062500000000e-01 1.000000000000000000e+00
5.650634765625000000e-01 1.000000000000000000e+00
5.651855468750000000e-01 1.000000000000000000e+00
5.653076171875000000e-01 1.000000000000000000e+00
5.654296875000000000e-01 1.000000000000000000e+00
5.655517578125000000e-01 1.000000000000000222e+00
5.656738281250000000e-01 9.999999999999997780e-01
5.657958984375000000e-01 1.000000000000000222e+00
5.659179687500000000e-01 9.999999999999997780e-01
5.660400390625000000e-01 1.000000000000000000e+00
5.661621093750000000e-01 1.000000000000000000e+00
5.662841796875000000e-01 1.000000000000000222e+00
5.664062500000000000e-01 9.999999999999998890e-01
5.665283203125000000e-01 1.000000000000000000e+00
5.666503906250000000e-01 1.000000000000000000e+00
5.667724609375000000e-01 1.000000000000000000e+00
5.668945312500000000e-01 1.000000000000000000e+00
5.670166015625000000e-01 1.000000000000000000e+00
5.671386718750000000e-01 9.999999999999998890e-01
5.672607421875000000e-01 1.000000000000000000e+00
5.673828125000000000e-01 1.000000000000000000e+00
5.675048828125000000e-01 1.000000000000000000e+00
5.676269531250000000e-01 9.999999999999997780e-01
5.677490234375000000e-01 1.000000000000000000e+00
5.678710937500000000e-01 9.999999999999998890e-01
5.679931640625000000e-01 1.000000000000000222e+00
5.681152343750000000e-01 1.000000000000000000e+00
5.682373046875000000e-01 1.000000000000000000e+00
5.683593750000000000e-01 9.999999999999998890e-01
5.684814453125000000e-01 1.000000000000000000e+00
5.686035156250000000e-01 1.000000000000000222e+00
5.687255859375000000e-01 1.000000000000000000e+00
5.688476562500000000e-01 9.999999999999997780e-01
5.689697265625000000e-01 1.000000000000000000e+00
5.690917968750000000e-01 9.999999999999998890e-01
5.692138671875000000e-01 1.000000000000000000e+00
5.693359375000000000e-01 9.999999999999998890e-01
5.694580078125000000e-01 1.000000000000000000e+00
5.695800781250000000e-01 9.999999999999998890e-01
5.697021484375000000e-01 1.000000000000000222e+00
5.698242187500000000e-01 9.999999999999998890e-01
5.699462890625000000e-01 1.000000000000000222e+00
5.700683593750000000e-01 9.999999999999997780e-01
5.701904296875000000e-01 1.000000000000000000e+00
5.703125000000000000e-01 1.000000000000000000e+00
5.704345703125000000e-01 1.000000000000000222e+00
5.705566406250000000e-01 1.000000000000000000e+00
5.706787109375000000e-01 1.000000000000000000e+00
5.708007812500000000e-01 1.000000000000000000e+00
5.709228515625000000e-01 9.999999999999997780e-01
5.710449218750000000e-01 1.000000000000000000e+00
5.711669921875000000e-01 1.000000000000000000e+00
5.712890625000000000e-01 1.000000000000000000e+00
5.714111328125000000e-01 1.000000000000000000e+00
5.715332031250000000e-01 9.999999999999997780e-01
5.716552734375000000e-01 1.000000000000000000e+00
5.717773437500000000e-01 1.000000000000000000e+00
5.718994140625000000e-01 1.000000000000000222e+00
5.720214843750000000e-01 1.000000000000000000e+00
5.721435546875000000e-01 1.000000000000000000e+00
5.722656250000000000e-01 9.999999999999998890e-01
5.723876953125000000e-01 1.000000000000000000e+00
5.725097656250000000e-01 1.000000000000000000e+00
5.726318359375000000e-01 1.000000000000000222e+00
5.727539062500000000e-01 9.999999999999998890e-01
5.728759765625000000e-01 1.000000000000000000e+00
5.729980468750000000e-01 9.999999999999998890e-01
5.731201171875000000e-01 1.000000000000000222e+00
5.732421875000000000e-01 1.000000000000000000e+00
5.733642578125000000e-01 1.000000000000000000e+00
5.734863281250000000e-01 9.999999999999997780e-01
5.736083984375000000e-01 1.000000000000000444e+00
5.737304687500000000e-01 9.999999999999997780e-01
5.738525390625000000e-01 1.000000000000000222e+00
5.739746093750000000e-01 9.999999999999998890e-01
5.740966796875000000e-01 1.000000000000000222e+00
5.742187500000000000e-01 1.000000000000000000e+00
5.743408203125000000e-01 1.000000000000000000e+00
5.744628906250000000e-01 9.999999999999998890e-01
5.745849609375000000e-01 1.000000000000000222e+00
5.747070312500000000e-01 1.000000000000000000e+00
5.748291015625000000e-01 1.000000000000000000e+00
5.749511718750000000e-01 1.000000000000000000e+00
5.750732421875000000e-01 1.000000000000000000e+00
5.751953125000000000e-01 1.000000000000000000e+00
5.753173828125000000e-01 1.000000000000000000e+00
5.754394531250000000e-01 9.999999999999998890e-01
5.755615234375000000e-01 1.000000000000000222e+00
5.756835937500000000e-01 1.000000000000000000e+00
5.758056640625000000e-01 1.000000000000000222e+00
5.759277343750000000e-01 9.999999999999998890e-01
5.760498046875000000e-01 1.000000000000000000e+00
5.761718750000000000e-01 9.999999999999998890e-01
5.762939453125000000e-01 1.000000000000000000e+00
5.764160156250000000e-01 1.000000000000000000e+00
5.765380859375000000e-01 1.000000000000000000e+00
5.766601562500000000e-01 9.999999999999998890e-01
5.767822265625000000e-01 1.000000000000000000e+00
5.769042968750000000e-01 9.999999999999998890e-01
5.770263671875000000e-01 1.000000000000000000e+00
5.771484375000000000e-01 1.000000000000000000e+00
5.772705078125000000e-01 1.000000000000000000e+00
5.773925781250000000e-01 9.999999999999998890e-01
5.775146484375000000e-01 1.000000000000000000e+00
5.776367187500000000e-01 1.000000000000000000e+00
5.777587890625000000e-01 1.000000000000000000e+00
5.778808593750000000e-01 1.000000000000000000e+00
5.780029296875000000e-01 1.000000000000000000e+00
5.781250000000000000e-01 9.999999999999998890e-01
5.782470703125000000e-01 1.000000000000000000e+00
5.783691406250000000e-01 1.000000000000000000e+00
5.784912109375000000e-01 1.000000000000000222e+00
5.786132812500000000e-01 1.000000000000000000e+00
5.787353515625000000e-01 9.999999999999998890e-01
5.788574218750000000e-01 1.000000000000000000e+00
5.789794921875000000e-01 1.000000000000000000e+00
5.791015625000000000e-01 1.000000000000000000e+00
5.792236328125000000e-01 1.000000000000000222e+00
5.793457031250000000e-01 9.999999999999998890e-01
5.794677734375000000e-01 1.000000000000000222e+00
5.795898437500000000e-01 1.000000000000000000e+00
5.797119140625000000e-01 1.000000000000000222e+00
5.798339843750000000e-01 1.000000000000000000e+00
5.799560546875000000e-01 1.000000000000000000e+00
5.800781250000000000e-01 1.000000000000000000e+00
5.802001953125000000e-01 1.000000000000000000e+00
5.803222656250000000e-01 1.000000000000000000e+00
5.804443359375000000e-01 1.000000000000000000e+00
5.805664062500000000e-01 9.999999999999998890e-01
5.806884765625000000e-01 1.000000000000000222e+00
5.808105468750000000e-01 1.000000000000000000e+00
5.809326171875000000e-01 1.000000000000000000e+00
5.810546875000000000e-01 1.000000000000000000e+00
5.811767578125000000e-01 1.000000000000000444e+00
5.812988281250000000e-01 1.000000000000000000e+00
5.814208984375000000e-01 1.000000000000000222e+00
5.815429687500000000e-01 1.000000000000000000e+00
5.816650390625000000e-01 1.000000000000000222e+00
5.817871093750000000e-01 1.000000000000000000e+00
5.819091796875000000e-01 1.000000000000000222e+00
5.820312500000000000e-01 1.000000000000000000e+00
5.821533203125000000e-01 1.000000000000000222e+00
5.822753906250000000e-01 9.999999999999997780e-01
5.823974609375000000e-01 1.000000000000000222e+00
5.825195312500000000e-01 1.000000000000000000e+00
5.826416015625000000e-01 1.000000000000000222e+00
5.827636718750000000e-01 9.999999999999998890e-01
5.828857421875000000e-01 1.000000000000000000e+00
5.830078125000000000e-01 1.000000000000000000e+00
5.831298828125000000e-01 1.000000000000000000e+00
5.832519531250000000e-01 9.999999999999998890e-01
5.833740234375000000e-01 1.000000000000000222e+00
5.834960937500000000e-01 1.000000000000000000e+00
5.836181640625000000e-01 1.000000000000000222e+00
5.837402343750000000e-01 1.000000000000000000e+00
5.838623046875000000e-01 1.000000000000000000e+00
5.839843750000000000e-01 1.000000000000000000e+00
5.841064453125000000e-01 1.000000000000000000e+00
5.842285156250000000e-01 1.000000000000000000e+00
5.843505859375000000e-01 1.000000000000000000e+00
5.844726562500000000e-01 9.999999999999997780e-01
5.845947265625000000e-01 9.999999999999998890e-01
5.847167968750000000e-01 9.999999999999997780e-01
5.848388671875000000e-01 1.000000000000000000e+00
5.849609375000000000e-01 1.000000000000000000e+00
5.850830078125000000e-01 1.000000000000000000e+00
5.852050781250000000e-01 1.000000000000000000e+00
5.853271484375000000e-01 1.000000000000000000e+00
5.854492187500000000e-01 1.000000000000000000e+00
5.855712890625000000e-01 1.000000000000000222e+00
5.856933593750000000e-01 9.999999999999997780e-01
5.858154296875000000e-01 1.000000000000000000e+00
5.859375000000000000e-01 1.000000000000000000e+00
5.860595703125000000e-01 1.000000000000000222e+00
5.861816406250000000e-01 1.000000000000000000e+00
5.863037109375000000e-01 1.000000000000000222e+00
5.864257812500000000e-01 1.000000000000000222e+00
5.865478515625000000e-01 9.999999999999997780e-01
5.866699218750000000e-01 1.000000000000000000e+00
5.867919921875000000e-01 1.000000000000000000e+00
5.869140625000000000e-01 1.000000000000000000e+00
5.870361328125000000e-01 1.000000000000000000e+00
5.871582031250000000e-01 9.999999999999997780e-01
5.872802734375000000e-01 1.000000000000000000e+00
5.874023437500000000e-01 1.000000000000000000e+00
5.875244140625000000e-01 1.000000000000000222e+00
5.876464843750000000e-01 1.000000000000000000e+00
5.877685546875000000e-01 1.000000000000000000e+00
5.878906250000000000e-01 9.999999999999998890e-01
5.880126953125000000e-01 1.000000000000000000e+00
5.881347656250000000e-01 1.000000000000000000e+00
5.882568359375000000e-01 1.000000000000000222e+00
5.883789062500000000e-01 9.999999999999998890e-01
5.885009765625000000e-01 1.000000000000000222e+00
5.886230468750000000e-01 9.999999999999998890e-01
5.887451171875000000e-01 1.000000000000000000e+00
5.888671875000000000e-01 1.000000000000000000e+00
5.889892578125000000e-01 1.000000000000000000e+00
5.891113281250000000e-01 1.000000000000000000e+00
5.892333984375000000e-01 1.000000000000000222e+00
5.893554687500000000e-01 9.999999999999998890e-01
5.894775390625000000e-01 1.000000000000000222e+00
5.895996093750000000e-01 9.999999999999997780e-01
5.897216796875000000e-01 1.000000000000000000e+00
5.898437500000000000e-01 9.999999999999998890e-01
5.899658203125000000e-01 1.000000000000000222e+00
5.900878906250000000e-01 9.999999999999998890e-01
5.902099609375000000e-01 1.000000000000000000e+00
5.903320312500000000e-01 1.000000000000000000e+00
5.904541015625000000e-01 1.000000000000000222e+00
5.905761718750000000e-01 1.000000000000000000e+00
5.906982421875000000e-01 1.000000000000000000e+00
5.908203125000000000e-01 1.000000000000000000e+00
5.909423828125000000e-01 1.000000000000000000e+00
5.910644531250000000e-01 1.000000000000000000e+00
5.911865234375000000e-01 1.000000000000000222e+00
5.913085937500000000e-01 1.000000000000000000e+00
5.914306640625000000e-01 1.000000000000000222e+00
5.915527343750000000e-01 1.000000000000000000e+00
5.916748046875000000e-01 1.000000000000000000e+00
5.917968750000000000e-01 1.000000000000000000e+00
5.919189453125000000e-01 1.000000000000000000e+00
5.920410156250000000e-01 1.000000000000000000e+00
5.921630859375000000e-01 1.000000000000000000e+00
5.922851562500000000e-01 1.000000000000000000e+00
5.924072265625000000e-01 1.000000000000000000e+00
5.925292968750000000e-01 9.999999999999997780e-01
5.926513671875000000e-01 1.000000000000000000e+00
5.927734375000000000e-01 1.000000000000000000e+00
5.928955078125000000e-01 1.000000000000000000e+00
5.930175781250000000e-01 9.999999999999998890e-01
5.931396484375000000e-01 1.000000000000000000e+00
5.932617187500000000e-01 1.000000000000000000e+00
5.933837890625000000e-01 1.000000000000000222e+00
5.935058593750000000e-01 1.000000000000000000e+00
5.936279296875000000e-01 1.000000000000000222e+00
5.937500000000000000e-01 1.000000000000000000e+00
5.938720703125000000e-01 1.000000000000000000e+00
5.939941406250000000e-01 9.999999999999998890e-01
5.941162109375000000e-01 1.000000000000000000e+00
5.942382812500000000e-01 1.000000000000000000e+00
5.943603515625000000e-01 1.000000000000000000e+00
5.944824218750000000e-01 1.000000000000000000e+00
5.946044921875000000e-01 1.000000000000000000e+00
5.947265625000000000e-01 1.000000000000000000e+00
5.948486328125000000e-01 1.000000000000000000e+00
5.949707031250000000e-01 9.999999999999997780e-01
5.950927734375000000e-01 1.000000000000000000e+00
5.952148437500000000e-01 1.000000000000000000e+00
5.953369140625000000e-01 1.000000000000000000e+00
5.954589843750000000e-01 9.999999999999997780e-01
5.955810546875000000e-01 1.000000000000000000e+00
5.957031250000000000e-01 9.999999999999998890e-01
5.958251953125000000e-01 1.000000000000000000e+00
5.959472656250000000e-01 1.000000000000000000e+00
5.960693359375000000e-01 1.000000000000000000e+00
5.961914062500000000e-01 1.000000000000000000e+00
5.963134765625000000e-01 1.000000000000000000e+00
5.964355468750000000e-01 9.999999999999998890e-01
5.965576171875000000e-01 1.000000000000000000e+00
5.966796875000000000e-01 1.000000000000000000e+00
5.968017578125000000e-01 1.000000000000000222e+00
5.969238281250000000e-01 9.999999999999997780e-01
5.970458984375000000e-01 1.000000000000000000e+00
5.971679687500000000e-01 9.999999999999998890e-01
5.972900390625000000e-01 1.000000000000000000e+00
5.974121093750000000e-01 1.000000000000000000e+00
5.975341796875000000e-01 1.000000000000000000e+00
5.976562500000000000e-01 1.000000000000000000e+00
5.977783203125000000e-01 1.000000000000000000e+00
5.979003906250000000e-01 9.999999999999998890e-01
5.980224609375000000e-01 1.000000000000000000e+00
5.981445312500000000e-01 1.000000000000000000e+00
5.982666015625000000e-01 1.000000000000000000e+00
5.983886718750000000e-01 9.999999999999997780e-01
5.985107421875000000e-01 1.000000000000000000e+00
5.986328125000000000e-01 1.000000000000000000e+00
5.987548828125000000e-01 1.000000000000000000e+00
5.988769531250000000e-01 9.999999999999997780e-01
5.989990234375000000e-01 1.000000000000000000e+00
5.991210937500000000e-01 1.000000000000000000e+00
5.992431640625000000e-01 1.000000000000000000e+00
5.993652343750000000e-01 1.000000000000000000e+00
5.994873046875000000e-01 1.000000000000000000e+00
5.996093750000000000e-01 1.000000000000000000e+00
5.997314453125000000e-01 1.000000000000000000e+00
5.998535156250000000e-01 1.000000000000000000e+00
5.999755859375000000e-01 1.000000000000000222e+00
6.000976562500000000e-01 -1.103489160543508907e-16
6.002197265625000000e-01 -2.287129231969372137e-17
6.003417968750000000e-01 -1.223608067030564584e-16
6.004638671875000000e-01 2.417454624750484033e-17
6.005859375000000000e-01 -8.853400743029717404e-17
6.007080078125000000e-01 6.566271511060345884e-17
6.008300781250000000e-01 -1.420194290473118071e-16
6.009521484375000000e-01 -8.956111533635802937e-17
6.010742187500000000e-01 6.152296248567963135e-19
6.011962890625000000e-01 4.293661735125448923e-17
6.013183593750000000e-01 -2.295833009673051224e-17
6.014404296875000000e-01 -7.836780565616198294e-17
6.015625000000000000e-01 -4.910044917517059792e-17
6.016845703125000000e-01 -7.296996840719636312e-17
6.018066406250000000e-01 -1.735593853747175003e-16
6.019287109375000000e-01 -7.622615727115314967e-17
6.020507812500000000e-01 5.876734009521462589e-17
6.021728515625000000e-01 -1.770533769658047888e-16
6.022949218750000000e-01 -1.361369188390445650e-16
6.024169921875000000e-01 -1.147485263909844913e-16
6.025390625000000000e-01 -1.000636931900086157e-17
6.026611328125000000e-01 9.138699072224019447e-18
6.027832031250000000e-01 -2.685476137496202927e-16
6.029052734375000000e-01 -1.306809248067709781e-16
6.030273437500000000e-01 -5.870918331190665885e-17
6.031494140625000000e-01 2.311816255186483869e-17
6.032714843750000000e-01 -9.306417443248594865e-17
6.033935546875000000e-01 -1.605346299188903295e-16
6.035156250000000000e-01 3.679259901602657356e-17
6.036376953125000000e-01 -1.952726183269448545e-16
6.037597656250000000e-01 -7.641487072001630303e-17
6.038818359375000000e-01 -1.333654029343893885e-16
6.040039062500000000e-01 -1.131204319590060919e-16
6.041259765625000000e-01 -4.153168775161700778e-17
6.042480468750000000e-01 -1.366651106868645704e-16
6.043701171875000000e-01 -1.883048434293088023e-16
6.044921875000000000e-01 -3.454927495919139013e-17
6.046142578125000000e-01 -1.140751399828197279e-16
6.047363281250000000e-01 -1.762292256075463267e-16
6.048583984375000000e-01 -9.814274156703324112e-17
6.049804687500000000e-01 -1.792967010226399599e-16
6.051025390625000000e-01 -6.870091473611796113e-17
6.052246093750000000e-01 -1.896223404560591858e-16
6.053466796875000000e-01 -1.173166909519869429e-16
6.054687500000000000e-01 -2.460106242349848328e-17
6.055908203125000000e-01 3.425331544875292732e-17
6.057128906250000000e-01 -1.581116599182326112e-16
6.058349609375000000e-01 -4.038826627894021835e-17
6.059570312500000000e-01 -4.541774413522016225e-17
6.060791015625000000e-01 -3.564917754334977796e-17
6.062011718750000000e-01 -7.857115699981469558e-17
6.063232421875000000e-01 -7.359983592684271872e-17
6.064453125000000000e-01 4.119220935266015570e-17
6.065673828125000000e-01 -5.325318927963307199e-17
6.066894531250000000e-01 -1.547973142709678452e-16
6.068115234375000000e-01 3.905056096765133475e-17
6.069335937500000000e-01 -5.125673545496899664e-17
6.070556640625000000e-01 1.399648184393397524e-16
6.071777343750000000e-01 -1.512162849028437906e-16
6.072998046875000000e-01 -2.207848698857385969e-16
6.074218750000000000e-01 -1.671051644301118696e-16
6.075439453125000000e-01 -1.290528303747925787e-16
6.076660156250000000e-01 -4.713287634423535256e-17
6.077880859375000000e-01 -5.856398875156190093e-17
6.079101562500000000e-01 -1.183877125424165131e-16
6.080322265625000000e-01 -5.646585925507146310e-17
6.081542968750000000e-01 -1.634659782786798232e-16
6.082763671875000000e-01 -1.787249902863015713e-16
6.083984375000000000e-01 -1.232284769498333283e-16
6.085205078125000000e-01 -3.624548256642462458e-18
6.086425781250000000e-01 -1.521709929266574266e-16
6.087646484375000000e-01 -9.932968192822842599e-17
6.088867187500000000e-01 -3.459279384770977941e-17
6.090087890625000000e-01 -7.406987099135475712e-17
6.091308593750000000e-01 -1.447909449519669590e-16
6.092529296875000000e-01 -1.429741370711254432e-16
6.093750000000000000e-01 -1.738575073981275224e-16
6.094970703125000000e-01 -4.398225454177512034e-17
6.096191406250000000e-01 -1.433853426475793579e-16
6.097412109375000000e-01 -6.672599940089673278e-17
6.098632812500000000e-01 9.251989153137173842e-18
6.099853515625000000e-01 -1.742788549114587726e-16
6.101074218750000000e-01 -1.773269543500811366e-16
6.102294921875000000e-01 -1.395312163527795033e-16
6.103515625000000000e-01 -3.511446427388360204e-17
6.104736328125000000e-01 -3.397692711400302310e-17
6.105957031250000000e-01 -2.675325751008751055e-16
6.107177734375000000e-01 -1.203100874847546325e-16
6.108398437500000000e-01 -1.148769092149160812e-16
6.109619140625000000e-01 5.817409086943337802e-17
6.110839843750000000e-01 -1.252852500707769238e-16
6.112060546875000000e-01 -1.411451032817188349e-16
6.113281250000000000e-01 -4.510329083299756932e-17
6.114501953125000000e-01 -1.148952433001585984e-16
6.115722656250000000e-01 -9.558427722250559036e-17
6.116943359375000000e-01 -1.341878752925690893e-16
6.118164062500000000e-01 -1.330576719587253940e-16
6.119384765625000000e-01 -3.897042378526781927e-17
6.120605468750000000e-01 -1.565286067236019687e-16
6.121826171875000000e-01 -1.184013584225971978e-16
6.123046875000000000e-01 -2.126417759393289957e-17
6.124267578125000000e-01 9.574332414219028172e-18
6.125488281250000000e-01 -2.397769994852461920e-16
6.126708984375000000e-01 -1.067638099806432887e-16
6.127929687500000000e-01 -2.263205591907630101e-16
6.129150390625000000e-01 -8.450374871661730025e-17
6.130371093750000000e-01 -1.518941214839039997e-16
6.131591796875000000e-01 -2.815906950131823754e-17
6.132812500000000000e-01 -1.060109521636089378e-16
6.134033203125000000e-01 -7.715267434200008026e-17
6.135253906250000000e-01 -1.530133245585420861e-16
6.136474609375000000e-01 -8.985625681944894824e-17
6.137695312500000000e-01 -1.079380153110088651e-16
6.138916015625000000e-01 -6.595480749861988933e-17
6.140136718750000000e-01 -1.098834125436512973e-16
6.141357421875000000e-01 -2.738787759904139410e-17
6.142578125000000000e-01 6.132386590129165189e-18
6.143798828125000000e-01 -8.214617101326487642e-17
6.145019531250000000e-01 -1.202917533995121399e-16
6.146240234375000000e-01 -3.008613264871816484e-17
6.147460937500000000e-01 -9.907205825970170946e-17
6.148681640625000000e-01 6.164353782138699221e-17
6.149902343750000000e-01 -5.202385065166229895e-17
6.151123046875000000e-01 -1.411451032817188349e-16
6.152343750000000000e-01 4.608336870817975508e-18
6.153564453125000000e-01 -1.873946178596176322e-16
6.154785156250000000e-01 9.270323238379672591e-18
6.156005859375000000e-01 -1.075881709220632596e-16
6.157226562500000000e-01 -1.554075704323795320e-16
6.158447265625000000e-01 -1.064506337621826807e-16
6.159667968750000000e-01 -1.310407716016973294e-16
6.160888671875000000e-01 -1.218524712893083194e-16
6.162109375000000000e-01 -4.049447350457900741e-17
6.163330078125000000e-01 2.234025097343228224e-17
6.164550781250000000e-01 -8.519427045188725270e-17
6.165771484375000000e-01 -8.368855481781856331e-17
6.166992187500000000e-01 -3.048914607680690400e-17
6.168212890625000000e-01 6.114052504886660276e-18
6.169433593750000000e-01 -7.865838997606876965e-17
6.170654296875000000e-01 -7.674966091391133493e-17
6.171875000000000000e-01 -8.559728387997599802e-17
6.173095703125000000e-01 -6.867139663353916499e-17
6.174316406250000000e-01 -1.029445186397440690e-16
6.175537109375000000e-01 -3.247121147993433371e-17
6.176757812500000000e-01 4.471765057495015917e-17
6.177978515625000000e-01 -1.573346335797794347e-16
6.179199218750000000e-01 -1.021733267374672132e-16
6.180419921875000000e-01 -7.208767454634963939e-17
6.181640625000000000e-01 -4.014462911563340803e-17
6.182861328125000000e-01 -1.148952433001585984e-16
6.184082031250000000e-01 -1.827051303641921855e-16
6.185302734375000000e-01 -6.478060216825431289e-17
6.186523437500000000e-01 -2.105157082355486014e-16
6.187744140625000000e-01 -1.080003513927732512e-16
6.188964843750000000e-01 -1.514544398853302815e-16
6.190185546875000000e-01 -2.382712838511775149e-16
6.191406250000000000e-01 -2.852724797550634182e-17
6.192626953125000000e-01 -4.322022968211952936e-17
6.193847656250000000e-01 -1.109952817922524877e-16
6.195068359375000000e-01 -1.495713787344522231e-16
6.196289062500000000e-01 -1.565286067236019687e-16
6.197509765625000000e-01 -1.195205614972352841e-16
6.198730468750000000e-01 -1.858082320585420765e-16
6.199951171875000000e-01 -9.716332919754428707e-17
6.201171875000000000e-01 -7.596930196901324520e-17
6.202392578125000000e-01 -1.114532974760687354e-16
6.203613281250000000e-01 -1.403024082550563344e-16
6.204833984375000000e-01 -9.562094539299060018e-17
6.206054687500000000e-01 -1.989331620493221701e-16
6.207275390625000000e-01 -5.518928842777655756e-17
6.208496093750000000e-01 -8.556244892607535082e-17
6.209716796875000000e-01 -1.522714670007133564e-16
6.210937500000000000e-01 1.349262800736763148e-17
6.212158203125000000e-01 5.470464391747976383e-17
6.213378906250000000e-01 -1.684518302561527469e-16
6.214599609375000000e-01 -4.939709872637116675e-17
6.215820312500000000e-01 -6.399107618073496453e-17
6.217041015625000000e-01 -4.394558637129012285e-17
6.218261718750000000e-01 -1.017611462667572216e-16
6.219482421875000000e-01 -6.092647587345445829e-17
6.220703125000000000e-01 -2.278822731324408463e-17
6.221923828125000000e-01 -6.132948930154319129e-17
6.223144531250000000e-01 -1.557757489065676055e-16
6.224365234375000000e-01 1.040480931471072059e-16
6.225585937500000000e-01 -1.588238483451899941e-16
6.226806640625000000e-01 2.772026020412769068e-17
6.228027343750000000e-01 -7.707200417499318926e-17
6.229248046875000000e-01 -1.650098844320628840e-16
6.230468750000000000e-01 -6.320338340979999113e-17
6.231689453125000000e-01 -9.795102196847926048e-17
6.232910156250000000e-01 -8.824236989050962898e-17
6.234130859375000000e-01 -1.133895276660899214e-16
6.235351562500000000e-01 -2.182074599564901930e-16
6.236572265625000000e-01 -1.604010671036443159e-16
6.237792968750000000e-01 -1.784479906413035979e-16
6.239013671875000000e-01 -3.858574444242157886e-17
6.240234375000000000e-01 -8.946974426001834521e-17
6.241455078125000000e-01 5.011416067430370066e-17
6.242675781250000000e-01 -7.709767208627257784e-17
6.243896484375000000e-01 -1.002462635900672859e-16
6.245117187500000000e-01 -8.561561796521849061e-17
6.246337890625000000e-01 4.427796897637641635e-17
6.247558593750000000e-01 -5.936575798365826649e-17
6.248779296875000000e-01 -7.944791596358810568e-17
6.250000000000000000e-01 -6.153405028015599678e-17
6.251220703125000000e-01 -7.728499086349230836e-17
6.252441406250000000e-01 -1.008737726088608687e-16
6.253662109375000000e-01 -2.424559833031924388e-17
6.254882812500000000e-01 -5.389643345509797011e-17
6.256103515625000000e-01 -1.745080323145856733e-16
6.257324218750000000e-01 -9.581314337406128403e-17
6.258544921875000000e-01 -9.600097695275182303e-17
6.259765625000000000e-01 -2.655243469475600471e-17
6.260986328125000000e-01 5.493896448207092013e-17
6.262207031250000000e-01 -8.403720479826943613e-17
6.263427734375000000e-01 -1.104703127659493587e-16
6.264648437500000000e-01 -1.658256770812101773e-16
6.265869140625000000e-01 -2.001376586256909217e-17
6.267089843750000000e-01 -1.683431165146402980e-17
6.268310546875000000e-01 -3.544383626066007051e-17
6.269531250000000000e-01 6.078050215656388962e-18
6.270751953125000000e-01 -1.539529171410637366e-16
6.271972656250000000e-01 -9.448116127350339270e-17
6.273193359375000000e-01 -1.788759547411901674e-16
6.274414062500000000e-01 -1.090310518660353123e-16
6.275634765625000000e-01 -3.801081544664890455e-17
6.276855468750000000e-01 -1.146760781738980489e-16
6.278076171875000000e-01 -1.719697333568455895e-16
6.279296875000000000e-01 -7.834965513255653222e-17
6.280517578125000000e-01 -6.173697503227071769e-17
6.281738281250000000e-01 -1.263797635322606223e-16
6.282958984375000000e-01 -1.481042703822872957e-16
6.284179687500000000e-01 -1.961428548959457676e-16
6.285400390625000000e-01 -6.711746144931357915e-17
6.286621093750000000e-01 -1.580878946626338771e-16
6.287841796875000000e-01 -9.935380172926961601e-17
6.289062500000000000e-01 -3.517205553911204762e-17
6.290283203125000000e-01 -2.670983311328223200e-17
6.291503906250000000e-01 -3.762810039326931494e-17
6.292724609375000000e-01 -3.545160380477180467e-17
6.293945312500000000e-01 -4.225203235256505238e-17
6.295166015625000000e-01 -6.588982249538082911e-17
6.296386718750000000e-01 -7.849991002832477559e-17
6.297607421875000000e-01 -4.698653207738703149e-17
6.298828125000000000e-01 2.531912640230021141e-17
6.300048828125000000e-01 -6.144030310804974633e-17
6.301269531250000000e-01 -1.115552678085418375e-16
6.302490234375000000e-01 -6.416302375229996262e-17
6.303710937500000000e-01 -1.266686558422917026e-16
6.304931640625000000e-01 -5.923786573198799042e-18
6.306152343750000000e-01 -1.442547356424334130e-17
6.307373046875000000e-01 -6.839933552866555951e-17
6.308593750000000000e-01 2.254685934511431524e-18
6.309814453125000000e-01 -1.333487187267639259e-16
6.311035156250000000e-01 -1.146261488145753443e-16
6.312255859375000000e-01 -3.401665271377341159e-17
6.313476562500000000e-01 -8.913837777424882605e-17
6.314697265625000000e-01 -5.854472695092573972e-17
6.315917968750000000e-01 -1.003916452639289613e-16
6.317138671875000000e-01 -1.331558907955145562e-16
6.318359375000000000e-01 -6.340020039302760474e-17
6.319580078125000000e-01 1.274467292664273996e-16
6.320800781250000000e-01 -5.185239905027719823e-17
6.322021484375000000e-01 -3.372935752556086224e-17
6.323242187500000000e-01 -2.313171144067300507e-17
6.324462890625000000e-01 3.078915133529682621e-17
6.325683593750000000e-01 -1.093448397607705192e-17
6.326904296875000000e-01 -7.899465729923276948e-17
6.328125000000000000e-01 -3.679904200040097931e-17
6.329345703125000000e-01 -2.302648281662976690e-17
6.330566406250000000e-01 -6.662308134172253204e-17
6.331787109375000000e-01 -7.186336052482515153e-17
6.333007812500000000e-01 -9.331141398080629036e-17
6.334228515625000000e-01 -1.742693063816884424e-16
6.335449218750000000e-01 -6.893811107067384581e-17
6.336669921875000000e-01 -1.506114518207992218e-16
6.337890625000000000e-01 -6.389023475807160355e-17
6.339111328125000000e-01 -1.413373792154456329e-19
6.340332031250000000e-01 -1.488767283448224147e-16
6.341552734375000000e-01 -9.464327733819623154e-17
6.342773437500000000e-01 -7.633093058445288711e-17
6.343994140625000000e-01 -6.146997640507704544e-17
6.345214843750000000e-01 -5.461825674762695613e-17
6.346435546875000000e-01 -2.037926165869929986e-16
6.347656250000000000e-01 -2.465597766856332965e-17
6.348876953125000000e-01 -1.281291665019717634e-16
6.350097656250000000e-01 -1.508188114274123478e-16
6.351318359375000000e-01 -1.745127747434737666e-16
6.352539062500000000e-01 -1.336670771796180168e-16
6.353759765625000000e-01 -1.459844900043699569e-16
6.354980468750000000e-01 -6.685159296739511982e-17
6.356201171875000000e-01 -2.055815031957281153e-16
6.357421875000000000e-01 3.364218327910372163e-18
6.358642578125000000e-01 -1.014588882404741165e-16
6.359863281250000000e-01 -1.378189613671160440e-16
6.361083984375000000e-01 -1.892984137710318246e-16
6.362304687500000000e-01 -1.493337515961675903e-16
6.363525390625000000e-01 -1.299149554692335175e-16
6.364746093750000000e-01 -1.640322163772685276e-16
6.365966796875000000e-01 -2.077701522815767353e-16
6.367187500000000000e-01 -9.895455328249577577e-17
6.368408203125000000e-01 -2.842305611506057158e-17
6.369628906250000000e-01 -1.496164263545984754e-16
6.370849609375000000e-01 -5.619668610827557804e-17
6.372070312500000000e-01 -5.064381869451660049e-17
6.373291015625000000e-01 -8.821247217691911341e-17
6.374511718750000000e-01 -3.424054390966434129e-17
6.375732421875000000e-01 -1.514352264355590651e-16
6.376953125000000000e-01 3.776105635290289016e-17
6.378173828125000000e-01 3.134830556921187114e-17
6.379394531250000000e-01 -1.291272896096458724e-16
6.380615234375000000e-01 1.157514864475659968e-18
6.381835937500000000e-01 -8.491737371787977736e-17
6.383056640625000000e-01 -3.182338319814314581e-17
6.384277343750000000e-01 -5.360207926236674179e-17
6.385498046875000000e-01 6.643828579582831109e-19
6.386718750000000000e-01 -8.172750388288368564e-17
6.387939453125000000e-01 -1.532060586667080704e-16
6.389160156250000000e-01 -5.199063878801927814e-17
6.390380859375000000e-01 -8.801697166494536121e-17
6.391601562500000000e-01 -1.109562802351179829e-16
6.392822265625000000e-01 -9.271615099171904721e-17
6.394042968750000000e-01 -1.844130268567045113e-16
6.395263671875000000e-01 -1.877591908070287820e-16
6.396484375000000000e-01 -6.949726530458889075e-17
6.397705078125000000e-01 2.502272903197799119e-17
6.398925781250000000e-01 -5.626580597714662416e-17
6.400146484375000000e-01 -5.291654438534897845e-17
6.401367187500000000e-01 -2.235900231719810882e-17
6.402587890625000000e-01 -2.372697442976025438e-17
6.403808593750000000e-01 -1.434409486497460553e-16
6.405029296875000000e-01 -1.242057939401463609e-16
6.406250000000000000e-01 -9.955930646290108327e-17
6.407470703125000000e-01 -4.053073939121426419e-17
6.408691406250000000e-01 -1.359418033053328307e-16
6.409912109375000000e-01 -7.702210183575290870e-17
6.411132812500000000e-01 -1.048778253733117710e-16
6.412353515625000000e-01 -1.130162045750756887e-16
6.413574218750000000e-01 -9.743894372090068830e-17
6.414794921875000000e-01 -3.363424483327981025e-17
6.416015625000000000e-01 -3.430615337631042538e-17
6.417236328125000000e-01 -2.878556621864654332e-17
6.418457031250000000e-01 -1.595670899465655983e-16
6.419677734375000000e-01 -2.527212238356386108e-17
6.420898437500000000e-01 -1.193498265777322271e-16
6.422119140625000000e-01 -7.182284372413153247e-17
6.423339843750000000e-01 -8.139225170227418747e-17
6.424560546875000000e-01 8.347891678784359076e-18
6.425781250000000000e-01 -5.761043413982191157e-17
6.427001953125000000e-01 -1.403926212117135194e-16
6.428222656250000000e-01 -4.556530460960131186e-17
6.429443359375000000e-01 -1.077087462667691321e-16
6.430664062500000000e-01 -7.204171368654735209e-17
6.431884765625000000e-01 7.295071605242298370e-17
6.433105468750000000e-01 -8.604093437034948573e-17
6.434326171875000000e-01 -4.692200897436479454e-17
6.435546875000000000e-01 1.149960881878263276e-17
6.436767578125000000e-01 -3.404098694967368595e-17
6.437988281250000000e-01 -7.349718055308227626e-17
6.439208984375000000e-01 -1.829780534551184418e-16
6.440429687500000000e-01 -1.425900342052252603e-16
6.441650390625000000e-01 -7.745811944958048654e-17
6.442871093750000000e-01 -1.325545076000076256e-16
6.444091796875000000e-01 -7.400469210334230971e-17
6.445312500000000000e-01 -3.211311042066209946e-17
6.446533203125000000e-01 -2.941324086759056913e-17
6.447753906250000000e-01 -5.663442118893702646e-17
6.448974609375000000e-01 -1.894467457392792187e-16
6.450195312500000000e-01 -1.828177799404116582e-17
6.451416015625000000e-01 -1.382616999764583612e-17
6.452636718750000000e-01 -6.170676293543842487e-17
6.453857421875000000e-01 -3.607968017206260094e-17
6.455078125000000000e-01 -1.310984432577801218e-17
6.456298828125000000e-01 -1.309048197296341329e-16
6.457519531250000000e-01 -6.272864486318415110e-17
6.458740234375000000e-01 -1.647777615572750252e-19
6.459960937500000000e-01 -5.718457168130389650e-17
6.461181640625000000e-01 1.415657659917748249e-17
6.462402343750000000e-01 -7.476010698777152338e-17
6.463623046875000000e-01 -9.897761418191972978e-17
6.464843750000000000e-01 5.176652321387230999e-17
6.466064453125000000e-01 -7.956496413575662991e-17
6.467285156250000000e-01 -9.158952885613610605e-17
6.468505859375000000e-01 -7.402903984705449370e-17
6.469726562500000000e-01 1.360446922523302961e-18
6.470947265625000000e-01 -5.545832811171786085e-17
6.472167968750000000e-01 -1.667288386164985166e-16
6.473388671875000000e-01 -1.297118628956004087e-16
6.474609375000000000e-01 -1.038845055657251653e-16
6.475830078125000000e-01 -6.853599111514290434e-18
6.477050781250000000e-01 -6.018106913265325584e-17
6.478271484375000000e-01 -1.153157567578085920e-16
6.479492187500000000e-01 -2.920372601115584992e-17
6.480712890625000000e-01 6.363501478183339955e-18
6.481933593750000000e-01 -9.487742183024807737e-17
6.483154296875000000e-01 -3.542934554645471373e-17
6.484375000000000000e-01 -5.712378252304165442e-17
6.485595703125000000e-01 -2.999198464568734140e-17
6.486816406250000000e-01 -3.829103235498212918e-17
6.488037109375000000e-01 2.524253604902187399e-17
6.489257812500000000e-01 -6.262576739168603702e-17
6.490478515625000000e-01 -8.868100026248107691e-17
6.491699218750000000e-01 -1.182238676639321197e-16
6.492919921875000000e-01 -1.034314498427268688e-16
6.494140625000000000e-01 -6.505128017872522228e-17
6.495361328125000000e-01 -5.093911333936575989e-17
6.496582031250000000e-01 -3.977797042022656602e-17
6.497802734375000000e-01 -5.334083243006975413e-17
6.499023437500000000e-01 -8.842986675743850085e-17
6.500244140625000000e-01 -5.887846720064157183e-17
6.501464843750000000e-01 -1.306484581960628529e-16
6.502685546875000000e-01 -2.287792368637987977e-16
6.503906250000000000e-01 -1.502746139296100270e-16
6.505126953125000000e-01 -2.125203970996353437e-16
6.506347656250000000e-01 -3.925231146709437917e-17
6.507568359375000000e-01 -1.340157741654465730e-16
6.508789062500000000e-01 -5.887846720064157183e-17
6.510009765625000000e-01 -1.028928825804339270e-16
6.511230468750000000e-01 -1.928942413660881449e-16
6.512451171875000000e-01 -1.732680856325409707e-16
6.513671875000000000e-01 -7.850462293418875834e-17
6.514892578125000000e-01 -1.340157741654465730e-16
6.516113281250000000e-01 -1.699007696631572259e-16
6.517333984375000000e-01 -1.387778780781445676e-16
6.518554687500000000e-01 -2.321465528331825672e-16
6.519775390625000000e-01 -2.484053925973459965e-16
6.520996093750000000e-01 -2.091530811302515989e-16
6.522216796875000000e-01 -2.091530811302515989e-16
6.523437500000000000e-01 -1.177569344012831437e-16
6.524658203125000000e-01 5.551115123125782702e-17
6.525878906250000000e-01 -1.732680856325409707e-16
6.527099609375000000e-01 -1.536419298989937719e-16
6.528320312500000000e-01 -5.551115123125782702e-17
6.529541015625000000e-01 -1.177569344012831437e-16
6.530761718750000000e-01 -2.091530811302515989e-16
6.531982421875000000e-01 -1.502746139296100270e-16
6.533203125000000000e-01 -1.028928825804339270e-16
6.534423828125000000e-01 -3.925231146709437917e-17
6.535644531250000000e-01 -7.513730696480501352e-17
6.536865234375000000e-01 3.367315969383744812e-18
6.538085937500000000e-01 -5.887846720064157183e-17
6.539306640625000000e-01 -1.143896184318993989e-16
6.540527343750000000e-01 -1.502746139296100270e-16
6.541748046875000000e-01 -9.476346269835220003e-17
6.542968750000000000e-01 -1.502746139296100270e-16
6.544189453125000000e-01 -1.014980946371196897e-16
6.545410156250000000e-01 -1.502746139296100270e-16
6.546630859375000000e-01 -1.962615573354718958e-17
6.547851562500000000e-01 0.000000000000000000e+00
6.549072265625000000e-01 -7.037520305210703133e-17
6.550292968750000000e-01 -3.072838597979875437e-16
6.551513671875000000e-01 -1.732680856325409707e-16
6.552734375000000000e-01 -3.112289158501265832e-17
6.553955078125000000e-01 -1.502746139296100270e-16
6.555175781250000000e-01 -1.225190383139811135e-16
6.556396484375000000e-01 -9.139614672896846754e-17
6.557617187500000000e-01 -1.962615573354718958e-17
6.558837890625000000e-01 -5.887846720064157183e-17
6.560058593750000000e-01 -1.110223024625156540e-16
6.561279296875000000e-01 -1.536419298989937719e-16
6.562500000000000000e-01 1.962615573354718958e-17
6.563720703125000000e-01 -5.887846720064157183e-17
6.564941406250000000e-01 -1.732680856325409707e-16
6.566162109375000000e-01 -5.074904731855984483e-17
6.567382812500000000e-01 -1.962615573354718958e-17
6.568603515625000000e-01 -9.813077866773594484e-17
6.569824218750000000e-01 -9.813077866773594484e-17
6.571044921875000000e-01 -1.699007696631572259e-16
6.572265625000000000e-01 2.775557561562891351e-17
6.573486328125000000e-01 1.962615573354718958e-17
6.574707031250000000e-01 -1.780301895452389406e-16
6.575927734375000000e-01 -3.925231146709437917e-17
6.577148437500000000e-01 -7.850462293418875834e-17
6.578369140625000000e-01 -7.850462293418875834e-17
6.579589843750000000e-01 -9.476346269835220003e-17
6.580810546875000000e-01 -7.513730696480501352e-17
6.582031250000000000e-01 7.850462293418875834e-17
6.583251953125000000e-01 -9.813077866773594484e-17
6.584472656250000000e-01 -9.476346269835220003e-17
6.585693359375000000e-01 -7.850462293418875834e-17
6.586914062500000000e-01 -1.062601985498176718e-16
6.588134765625000000e-01 1.962615573354718958e-17
6.589355468750000000e-01 -7.850462293418875834e-17
6.590576171875000000e-01 -1.895269253967044001e-16
6.591796875000000000e-01 3.925231146709437917e-17
6.593017578125000000e-01 -5.551115123125782702e-17
6.594238281250000000e-01 -1.225190383139811135e-16
6.595458984375000000e-01 -1.780301895452389406e-16
6.596679687500000000e-01 -1.062601985498176718e-16
6.597900390625000000e-01 -3.925231146709437917e-17
6.599121093750000000e-01 -1.110223024625156540e-16
6.600341796875000000e-01 3.925231146709437917e-17
6.601562500000000000e-01 5.887846720064157183e-17
6.602783203125000000e-01 1.962615573354718958e-17
6.604003906250000000e-01 -1.502746139296100270e-16
6.605224609375000000e-01 -3.925231146709437917e-17
6.606445312500000000e-01 -1.962615573354718958e-17
6.607666015625000000e-01 -3.588499549771064052e-17
6.608886718750000000e-01 -1.177569344012831437e-16
6.610107421875000000e-01 -9.476346269835220003e-17
6.611328125000000000e-01 -4.738173134917610001e-17
6.612548828125000000e-01 -7.513730696480501352e-17
6.613769531250000000e-01 -1.143896184318993989e-16
6.614990234375000000e-01 -1.962615573354718958e-17
6.616210937500000000e-01 -7.850462293418875834e-17
6.617431640625000000e-01 -6.700788708272328652e-17
6.618652343750000000e-01 -1.306484581960628529e-16
6.619873046875000000e-01 0.000000000000000000e+00
6.621093750000000000e-01 0.000000000000000000e+00
6.622314453125000000e-01 -7.850462293418875834e-17
6.623535156250000000e-01 -1.502746139296100270e-16
6.624755859375000000e-01 -3.925231146709437917e-17
6.625976562500000000e-01 2.775557561562891351e-17
6.627197265625000000e-01 -1.962615573354718958e-17
6.628417968750000000e-01 -7.850462293418875834e-17
6.629638671875000000e-01 -1.340157741654465730e-16
6.630859375000000000e-01 -3.925231146709437917e-17
6.632080078125000000e-01 -1.110223024625156540e-16
6.633300781250000000e-01 -1.387778780781445676e-16
6.634521484375000000e-01 -9.476346269835220003e-17
6.635742187500000000e-01 -5.887846720064157183e-17
6.636962890625000000e-01 -1.962615573354718958e-17
6.638183593750000000e-01 1.962615573354718958e-17
6.639404296875000000e-01 -1.143896184318993989e-16
6.640625000000000000e-01 -3.925231146709437917e-17
6.641845703125000000e-01 -7.850462293418875834e-17
6.643066406250000000e-01 -2.091530811302515989e-16
6.644287109375000000e-01 -5.887846720064157183e-17
6.645507812500000000e-01 -3.925231146709437917e-17
6.646728515625000000e-01 -6.224578317002531665e-17
6.647949218750000000e-01 -9.813077866773594484e-17
6.649169921875000000e-01 -1.895269253967044001e-16
6.650390625000000000e-01 -6.700788708272328652e-17
6.651611328125000000e-01 -1.962615573354718958e-17
6.652832031250000000e-01 -1.225190383139811135e-16
6.654052734375000000e-01 -1.143896184318993989e-16
6.655273437500000000e-01 -9.476346269835220003e-17
6.656494140625000000e-01 -9.813077866773594484e-17
6.657714843750000000e-01 -1.895269253967044001e-16
6.658935546875000000e-01 -9.476346269835220003e-17
6.660156250000000000e-01 -7.513730696480501352e-17
6.661376953125000000e-01 -1.732680856325409707e-16
6.662597656250000000e-01 -2.091530811302515989e-16
6.663818359375000000e-01 -7.850462293418875834e-17
6.665039062500000000e-01 -1.962615573354718958e-17
6.666259765625000000e-01 -1.062601985498176718e-16
6.667480468750000000e-01 -1.536419298989937719e-16
6.668701171875000000e-01 -1.928942413660881449e-16
6.669921875000000000e-01 3.925231146709437917e-17
6.671142578125000000e-01 -2.484053925973459965e-16
6.672363281250000000e-01 -1.895269253967044001e-16
6.673583984375000000e-01 5.551115123125782702e-17
6.674804687500000000e-01 -9.813077866773594484e-17
6.676025390625000000e-01 -1.895269253967044001e-16
6.677246093750000000e-01 -2.450380766279622271e-16
6.678466796875000000e-01 -9.139614672896846754e-17
6.679687500000000000e-01 -7.513730696480501352e-17
6.680908203125000000e-01 -1.149673585146546566e-17
6.682128906250000000e-01 -2.287792368637987977e-16
6.683349609375000000e-01 -9.476346269835220003e-17
6.684570312500000000e-01 8.129419882081723927e-18
6.685791015625000000e-01 8.129419882081723927e-18
6.687011718750000000e-01 -1.895269253967044001e-16
6.688232421875000000e-01 -1.143896184318993989e-16
6.689453125000000000e-01 4.738173134917610001e-17
6.690673828125000000e-01 -5.551115123125782702e-17
6.691894531250000000e-01 -7.850462293418875834e-17
6.693115234375000000e-01 1.962615573354718958e-17
6.694335937500000000e-01 -1.306484581960628529e-16
6.695556640625000000e-01 0.000000000000000000e+00
6.696777343750000000e-01 -1.699007696631572259e-16
6.697998046875000000e-01 -7.513730696480501352e-17
6.699218750000000000e-01 -9.476346269835220003e-17
6.700439453125000000e-01 -5.887846720064157183e-17
6.701660156250000000e-01 -1.502746139296100270e-16
6.702880859375000000e-01 -8.663404281627048534e-17
6.704101562500000000e-01 -3.925231146709437917e-17
6.705322265625000000e-01 -2.299347170293093131e-17
6.706542968750000000e-01 -2.091530811302515989e-16
6.707763671875000000e-01 -1.536419298989937719e-16
6.708984375000000000e-01 -1.143896184318993989e-16
6.710205078125000000e-01 1.962615573354718958e-17
6.711425781250000000e-01 -1.847648214840064302e-16
6.712646484375000000e-01 -1.502746139296100270e-16
6.713867187500000000e-01 3.588499549771064052e-17
6.715087890625000000e-01 -1.962615573354718958e-17
6.716308593750000000e-01 -1.895269253967044001e-16
6.717529296875000000e-01 -1.928942413660881449e-16
6.718750000000000000e-01 -9.813077866773594484e-17
6.719970703125000000e-01 1.962615573354718958e-17
6.721191406250000000e-01 -9.476346269835220003e-17
6.722412109375000000e-01 -3.367315969383744812e-18
6.723632812500000000e-01 0.000000000000000000e+00
6.724853515625000000e-01 -9.813077866773594484e-17
6.726074218750000000e-01 -1.570092458683775167e-16
6.727294921875000000e-01 -1.895269253967044001e-16
6.728515625000000000e-01 8.326672684688674053e-17
6.729736328125000000e-01 9.476346269835220003e-17
6.730957031250000000e-01 -5.887846720064157183e-17
6.732177734375000000e-01 -3.925231146709437917e-17
6.733398437500000000e-01 1.625883976416344785e-17
6.734619140625000000e-01 2.775557561562891351e-17
6.735839843750000000e-01 0.000000000000000000e+00
6.737060546875000000e-01 3.925231146709437917e-17
6.738281250000000000e-01 -3.588499549771064052e-17
6.739501953125000000e-01 -5.887846720064157183e-17
6.740722656250000000e-01 -3.925231146709437917e-17
6.741943359375000000e-01 -6.700788708272328652e-17
6.743164062500000000e-01 -2.299347170293093131e-17
6.744384765625000000e-01 1.062601985498176718e-16
6.745605468750000000e-01 -3.925231146709437917e-17
6.746826171875000000e-01 -9.476346269835220003e-17
6.748046875000000000e-01 5.551115123125782702e-17
6.749267578125000000e-01 -7.850462293418875834e-17
6.750488281250000000e-01 -1.373830901348303178e-16
6.751708984375000000e-01 -7.850462293418875834e-17
6.752929687500000000e-01 -9.813077866773594484e-17
6.754150390625000000e-01 -7.850462293418875834e-17
6.755371093750000000e-01 -1.502746139296100270e-16
6.756591796875000000e-01 -1.962615573354718958e-17
6.757812500000000000e-01 -7.850462293418875834e-17
6.759033203125000000e-01 -9.813077866773594484e-17
6.760253906250000000e-01 -7.850462293418875834e-17
6.761474609375000000e-01 -1.536419298989937719e-16
6.762695312500000000e-01 -4.738173134917610001e-17
6.763916015625000000e-01 -3.925231146709437917e-17
6.765136718750000000e-01 -1.177569344012831437e-16
6.766357421875000000e-01 -8.663404281627048534e-17
6.767578125000000000e-01 -3.925231146709437917e-17
6.768798828125000000e-01 -2.775557561562891351e-17
6.770019531250000000e-01 -1.962615573354718958e-17
6.771240234375000000e-01 5.887846720064157183e-17
6.772460937500000000e-01 -7.850462293418875834e-17
6.773681640625000000e-01 1.962615573354718958e-17
6.774902343750000000e-01 -1.110223024625156540e-16
6.776123046875000000e-01 0.000000000000000000e+00
6.777343750000000000e-01 1.962615573354718958e-17
6.778564453125000000e-01 -3.449020755439640314e-17
6.779785156250000000e-01 -3.925231146709437917e-17
6.781005859375000000e-01 -1.570092458683775167e-16
6.782226562500000000e-01 5.214383526187408221e-17
6.783447265625000000e-01 -1.962615573354718958e-17
6.784667968750000000e-01 -3.112289158501265832e-17
6.785888671875000000e-01 -1.373830901348303178e-16
6.787109375000000000e-01 -5.074904731855984483e-17
6.788330078125000000e-01 4.261962743647811782e-17
6.789550781250000000e-01 -9.476346269835220003e-17
6.790771484375000000e-01 -7.513730696480501352e-17
6.791992187500000000e-01 5.551115123125782702e-17
6.793212890625000000e-01 -1.962615573354718958e-17
6.794433593750000000e-01 -3.925231146709437917e-17
6.795654296875000000e-01 -7.513730696480501352e-17
6.796875000000000000e-01 -1.096275145192014043e-16
6.798095703125000000e-01 1.625883976416344785e-17
6.799316406250000000e-01 -5.887846720064157183e-17
6.800537109375000000e-01 3.588499549771064052e-17
6.801757812500000000e-01 -1.962615573354718958e-17
6.802978515625000000e-01 -3.367315969383744812e-18
6.804199218750000000e-01 -7.850462293418875834e-17
6.805419921875000000e-01 -1.340157741654465730e-16
6.806640625000000000e-01 -3.367315969383744812e-18
6.807861328125000000e-01 -6.224578317002531665e-17
6.809082031250000000e-01 -7.037520305210703133e-17
6.810302734375000000e-01 -4.738173134917610001e-17
6.811523437500000000e-01 -4.261962743647811782e-17
6.812744140625000000e-01 1.625883976416344785e-17
6.813964843750000000e-01 -2.680315483308931461e-16
6.815185546875000000e-01 -1.536419298989937719e-16
6.816406250000000000e-01 -5.551115123125782702e-17
6.817626953125000000e-01 1.962615573354718958e-17
6.818847656250000000e-01 -1.732680856325409707e-16
6.820068359375000000e-01 -6.224578317002531665e-17
6.821289062500000000e-01 -3.367315969383744812e-18
6.822509765625000000e-01 -3.112289158501265832e-17
6.823730468750000000e-01 -2.321465528331825672e-16
6.824951171875000000e-01 -1.536419298989937719e-16
6.826171875000000000e-01 -1.149673585146546566e-17
6.827392578125000000e-01 -1.177569344012831437e-16
6.828613281250000000e-01 -9.813077866773594484e-17
6.829833984375000000e-01 0.000000000000000000e+00
6.831054687500000000e-01 -1.570092458683775167e-16
6.832275390625000000e-01 -1.340157741654465730e-16
6.833496093750000000e-01 -1.895269253967044001e-16
6.834716796875000000e-01 -1.699007696631572259e-16
6.835937500000000000e-01 -1.177569344012831437e-16
6.837158203125000000e-01 4.738173134917610001e-17
6.838378906250000000e-01 -9.813077866773594484e-17
6.839599609375000000e-01 -3.112289158501265832e-17
6.840820312500000000e-01 -1.962615573354718958e-17
6.842041015625000000e-01 1.625883976416344785e-17
6.843261718750000000e-01 -1.570092458683775167e-16
6.844482421875000000e-01 -1.143896184318993989e-16
6.845703125000000000e-01 9.139614672896846754e-17
6.846923828125000000e-01 -5.887846720064157183e-17
6.848144531250000000e-01 -9.813077866773594484e-17
6.849365234375000000e-01 1.895269253967044001e-16
6.850585937500000000e-01 -5.887846720064157183e-17
6.851806640625000000e-01 4.738173134917610001e-17
6.853027343750000000e-01 -5.887846720064157183e-17
6.854248046875000000e-01 -1.177569344012831437e-16
6.855468750000000000e-01 -1.962615573354718958e-17
6.856689453125000000e-01 -3.449020755439640314e-17
6.857910156250000000e-01 -1.699007696631572259e-16
6.859130859375000000e-01 -5.887846720064157183e-17
6.860351562500000000e-01 1.028928825804339270e-16
6.861572265625000000e-01 -2.299347170293093131e-17
6.862792968750000000e-01 -2.299347170293093131e-17
6.864013671875000000e-01 -3.925231146709437917e-17
6.865234375000000000e-01 1.110223024625156540e-16
6.866455078125000000e-01 3.925231146709437917e-17
6.867675781250000000e-01 -3.112289158501265832e-17
6.868896484375000000e-01 7.513730696480501352e-17
6.870117187500000000e-01 -3.367315969383744812e-18
6.871337890625000000e-01 5.887846720064157183e-17
6.872558593750000000e-01 5.887846720064157183e-17
6.873779296875000000e-01 1.962615573354718958e-17
6.875000000000000000e-01 -3.925231146709437917e-17
6.876220703125000000e-01 -3.925231146709437917e-17
6.877441406250000000e-01 -7.850462293418875834e-17
6.878662109375000000e-01 -3.367315969383744812e-18
6.879882812500000000e-01 -3.925231146709437917e-17
6.881103515625000000e-01 -6.224578317002531665e-17
6.882324218750000000e-01 -7.850462293418875834e-17
6.883544921875000000e-01 -9.476346269835220003e-17
6.884765625000000000e-01 4.401441537979236136e-17
6.885986328125000000e-01 -1.962615573354718958e-17
6.887207031250000000e-01 -2.043909772175536290e-16
6.888427734375000000e-01 -3.112289158501265832e-17
6.889648437500000000e-01 -3.925231146709437917e-17
6.890869140625000000e-01 0.000000000000000000e+00
6.892089843750000000e-01 -8.663404281627048534e-17
6.893310546875000000e-01 1.962615573354718958e-17
6.894531250000000000e-01 -1.502746139296100270e-16
6.895751953125000000e-01 -9.813077866773594484e-17
6.896972656250000000e-01 -1.373830901348303178e-16
6.898193359375000000e-01 -4.261962743647811782e-17
6.899414062500000000e-01 -5.074904731855984483e-17
6.900634765625000000e-01 3.588499549771064052e-17
6.901855468750000000e-01 -1.570092458683775167e-16
6.903076171875000000e-01 -1.732680856325409707e-16
6.904296875000000000e-01 4.401441537979236136e-17
6.905517578125000000e-01 -8.663404281627048534e-17
6.906738281250000000e-01 -1.373830901348303178e-16
6.907958984375000000e-01 -7.850462293418875834e-17
6.909179687500000000e-01 -3.367315969383744812e-18
6.910400390625000000e-01 -1.962615573354718958e-17
6.911621093750000000e-01 -1.732680856325409707e-16
6.912841796875000000e-01 -1.962615573354718958e-17
6.914062500000000000e-01 -5.551115123125782702e-17
6.915283203125000000e-01 -3.925231146709437917e-17
6.916503906250000000e-01 -1.258863542833648583e-16
6.917724609375000000e-01 -9.813077866773594484e-17
6.918945312500000000e-01 -3.925231146709437917e-17
6.920166015625000000e-01 2.775557561562891351e-17
6.921386718750000000e-01 -2.043909772175536290e-16
6.922607421875000000e-01 -1.143896184318993989e-16
6.923828125000000000e-01 7.513730696480501352e-17
6.925048828125000000e-01 -2.125203970996353437e-16
6.926269531250000000e-01 -1.096275145192014043e-16
6.927490234375000000e-01 -5.887846720064157183e-17
6.928710937500000000e-01 -1.962615573354718958e-17
6.929931640625000000e-01 0.000000000000000000e+00
6.931152343750000000e-01 -1.502746139296100270e-16
6.932373046875000000e-01 -1.340157741654465730e-16
6.933593750000000000e-01 -1.962615573354718958e-17
6.934814453125000000e-01 -3.367315969383744812e-18
6.936035156250000000e-01 -1.732680856325409707e-16
6.937255859375000000e-01 1.625883976416344785e-17
6.938476562500000000e-01 0.000000000000000000e+00
6.939697265625000000e-01 5.551115123125782702e-17
6.940917968750000000e-01 -1.373830901348303178e-16
6.942138671875000000e-01 -1.340157741654465730e-16
6.943359375000000000e-01 -7.850462293418875834e-17
6.944580078125000000e-01 -1.625883976416344785e-17
6.945800781250000000e-01 -2.775557561562891351e-17
6.947021484375000000e-01 -3.925231146709437917e-17
6.948242187500000000e-01 3.588499549771064052e-17
6.949462890625000000e-01 9.139614672896846754e-17
6.950683593750000000e-01 -3.925231146709437917e-17
6.951904296875000000e-01 -5.887846720064157183e-17
6.953125000000000000e-01 -7.850462293418875834e-17
6.954345703125000000e-01 8.129419882081723927e-18
6.955566406250000000e-01 -3.925231146709437917e-17
6.956787109375000000e-01 -1.177569344012831437e-16
6.958007812500000000e-01 -1.149673585146546566e-17
6.959228515625000000e-01 -3.367315969383744812e-18
6.960449218750000000e-01 -1.570092458683775167e-16
6.961669921875000000e-01 -2.484053925973459965e-16
6.962890625000000000e-01 -6.224578317002531665e-17
6.964111328125000000e-01 -7.037520305210703133e-17
6.965332031250000000e-01 -1.766354016019247155e-16
6.966552734375000000e-01 -1.766354016019247155e-16
6.967773437500000000e-01 -7.513730696480501352e-17
6.968994140625000000e-01 -7.850462293418875834e-17
6.970214843750000000e-01 -1.895269253967044001e-16
6.971435546875000000e-01 -9.813077866773594484e-17
6.972656250000000000e-01 -1.895269253967044001e-16
6.973876953125000000e-01 -9.813077866773594484e-17
6.975097656250000000e-01 -1.536419298989937719e-16
6.976318359375000000e-01 -1.211242503706668885e-16
6.977539062500000000e-01 -1.258863542833648583e-16
6.978759765625000000e-01 -3.925231146709437917e-17
6.979980468750000000e-01 -3.072838597979875437e-16
6.981201171875000000e-01 -2.125203970996353437e-16
6.982421875000000000e-01 0.000000000000000000e+00
6.983642578125000000e-01 -1.536419298989937719e-16
6.984863281250000000e-01 -2.484053925973459965e-16
6.986083984375000000e-01 -7.850462293418875834e-17
6.987304687500000000e-01 -1.570092458683775167e-16
6.988525390625000000e-01 -9.476346269835220003e-17
6.989746093750000000e-01 -1.895269253967044001e-16
6.990966796875000000e-01 -1.699007696631572259e-16
6.992187500000000000e-01 -1.536419298989937719e-16
6.993408203125000000e-01 3.588499549771064052e-17
6.994628906250000000e-01 -2.991544399159058290e-16
6.995849609375000000e-01 -1.536419298989937719e-16
6.997070312500000000e-01 -1.962615573354718958e-17
6.998291015625000000e-01 -1.962615573354718958e-17
6.999511718750000000e-01 -1.962615573354718897e-16
7.000732421875000000e-01 -2.091530811302515989e-16
7.001953125000000000e-01 5.551115123125782702e-17
7.003173828125000000e-01 -7.850462293418875834e-17
7.004394531250000000e-01 -1.732680856325409707e-16
7.005615234375000000e-01 -3.925231146709437917e-17
7.006835937500000000e-01 -8.663404281627048534e-17
7.008056640625000000e-01 -1.149673585146546566e-17
7.009277343750000000e-01 -1.536419298989937719e-16
7.010498046875000000e-01 -3.925231146709437917e-17
7.011718750000000000e-01 -2.125203970996353437e-16
7.012939453125000000e-01 -1.373830901348303178e-16
7.014160156250000000e-01 -9.476346269835220003e-17
7.015380859375000000e-01 0.000000000000000000e+00
7.016601562500000000e-01 -4.738173134917610001e-17
7.017822265625000000e-01 -3.367315969383744812e-18
7.019042968750000000e-01 -2.484053925973459965e-16
7.020263671875000000e-01 -2.091530811302515989e-16
7.021484375000000000e-01 -1.177569344012831437e-16
7.022705078125000000e-01 -5.887846720064157183e-17
7.023925781250000000e-01 -7.850462293418875834e-17
7.025146484375000000e-01 -1.502746139296100270e-16
7.026367187500000000e-01 1.962615573354718958e-17
7.027587890625000000e-01 2.438825964624516870e-17
7.028808593750000000e-01 -1.143896184318993989e-16
7.030029296875000000e-01 -1.732680856325409707e-16
7.031250000000000000e-01 -1.962615573354718958e-17
7.032470703125000000e-01 0.000000000000000000e+00
7.033691406250000000e-01 -9.476346269835220003e-17
7.034912109375000000e-01 -3.367315969383744812e-18
7.036132812500000000e-01 -4.738173134917610001e-17
7.037353515625000000e-01 -1.962615573354718958e-17
7.038574218750000000e-01 -9.813077866773594484e-17
7.039794921875000000e-01 -1.306484581960628529e-16
7.041015625000000000e-01 3.588499549771064052e-17
7.042236328125000000e-01 -7.850462293418875834e-17
7.043457031250000000e-01 -7.850462293418875834e-17
7.044677734375000000e-01 0.000000000000000000e+00
7.045898437500000000e-01 -5.887846720064157183e-17
7.047119140625000000e-01 -3.925231146709437917e-17
7.048339843750000000e-01 -1.502746139296100270e-16
7.049560546875000000e-01 3.925231146709437917e-17
7.050781250000000000e-01 -6.364057111333955403e-17
7.052001953125000000e-01 -7.850462293418875834e-17
7.053222656250000000e-01 -5.887846720064157183e-17
7.054443359375000000e-01 -1.962615573354718958e-17
7.055664062500000000e-01 0.000000000000000000e+00
7.056884765625000000e-01 1.143896184318993989e-16
7.058105468750000000e-01 -9.813077866773594484e-17
7.059326171875000000e-01 -1.340157741654465730e-16
7.060546875000000000e-01 5.551115123125782702e-17
7.061767578125000000e-01 -1.340157741654465730e-16
7.062988281250000000e-01 -9.476346269835220003e-17
7.064208984375000000e-01 -3.367315969383744812e-18
7.065429687500000000e-01 0.000000000000000000e+00
7.066650390625000000e-01 3.588499549771064052e-17
7.067871093750000000e-01 -1.143896184318993989e-16
7.069091796875000000e-01 -1.536419298989937719e-16
7.070312500000000000e-01 -1.625883976416344785e-17
7.071533203125000000e-01 -2.775557561562891351e-17
7.072753906250000000e-01 -1.536419298989937719e-16
7.073974609375000000e-01 -9.813077866773594484e-17
7.075195312500000000e-01 1.962615573354718958e-17
7.076416015625000000e-01 1.143896184318993989e-16
7.077636718750000000e-01 -2.043909772175536290e-16
7.078857421875000000e-01 -3.925231146709437917e-17
7.080078125000000000e-01 9.476346269835220003e-17
7.081298828125000000e-01 2.775557561562891351e-17
7.082519531250000000e-01 -3.925231146709437917e-17
7.083740234375000000e-01 5.551115123125782702e-17
7.084960937500000000e-01 -1.962615573354718958e-17
7.086181640625000000e-01 1.962615573354718958e-17
7.087402343750000000e-01 -1.306484581960628529e-16
7.088623046875000000e-01 0.000000000000000000e+00
7.089843750000000000e-01 6.700788708272328652e-17
7.091064453125000000e-01 -2.299347170293093131e-17
7.092285156250000000e-01 -9.813077866773594484e-17
7.093505859375000000e-01 -8.187193890357249082e-17
7.094726562500000000e-01 -2.299347170293093131e-17
7.095947265625000000e-01 3.588499549771064052e-17
7.097167968750000000e-01 -1.928942413660881449e-16
7.098388671875000000e-01 -1.340157741654465730e-16
7.099609375000000000e-01 -5.887846720064157183e-17
7.100830078125000000e-01 -3.588499549771064052e-17
7.102050781250000000e-01 -3.925231146709437917e-17
7.103271484375000000e-01 -1.962615573354718958e-17
7.104492187500000000e-01 5.551115123125782702e-17
7.105712890625000000e-01 1.028928825804339270e-16
7.106933593750000000e-01 -5.887846720064157183e-17
7.108154296875000000e-01 -5.887846720064157183e-17
7.109375000000000000e-01 -1.962615573354718958e-17
7.110595703125000000e-01 5.551115123125782702e-17
7.111816406250000000e-01 -8.187193890357249082e-17
7.113037109375000000e-01 -1.962615573354718958e-17
7.114257812500000000e-01 -3.925231146709437917e-17
7.115478515625000000e-01 3.588499549771064052e-17
7.116699218750000000e-01 -1.928942413660881449e-16
7.117919921875000000e-01 -1.110223024625156540e-16
7.119140625000000000e-01 1.625883976416344785e-17
7.120361328125000000e-01 -1.225190383139811135e-16
7.121582031250000000e-01 -1.570092458683775167e-16
7.122802734375000000e-01 -1.177569344012831437e-16
7.124023437500000000e-01 -3.925231146709437917e-17
7.125244140625000000e-01 -2.299347170293093131e-17
7.126464843750000000e-01 -5.551115123125782702e-17
7.127685546875000000e-01 8.129419882081723927e-18
7.128906250000000000e-01 -1.340157741654465730e-16
7.130126953125000000e-01 -1.177569344012831437e-16
7.131347656250000000e-01 -1.502746139296100270e-16
7.132568359375000000e-01 -1.340157741654465730e-16
7.133789062500000000e-01 -9.813077866773594484e-17
7.135009765625000000e-01 3.925231146709437917e-17
7.136230468750000000e-01 -2.287792368637987977e-16
7.137451171875000000e-01 -2.287792368637987977e-16
7.138671875000000000e-01 -5.074904731855984483e-17
7.139892578125000000e-01 -7.850462293418875834e-17
7.141113281250000000e-01 -2.125203970996353437e-16
7.142333984375000000e-01 -1.502746139296100270e-16
7.143554687500000000e-01 -1.373830901348303178e-16
7.144775390625000000e-01 -5.887846720064157183e-17
7.145996093750000000e-01 -2.565348124794277112e-16
7.147216796875000000e-01 -2.172825010123333136e-16
7.148437500000000000e-01 -9.813077866773594484e-17
7.149658203125000000e-01 -4.738173134917610001e-17
7.150878906250000000e-01 -2.484053925973459965e-16
7.152099609375000000e-01 -9.813077866773594484e-17
7.153320312500000000e-01 -7.513730696480501352e-17
7.154541015625000000e-01 3.588499549771064052e-17
7.155761718750000000e-01 -1.895269253967044001e-16
7.156982421875000000e-01 -8.663404281627048534e-17
7.158203125000000000e-01 1.962615573354718958e-17
7.159423828125000000e-01 -9.813077866773594484e-17
7.160644531250000000e-01 -1.143896184318993989e-16
7.161865234375000000e-01 -6.364057111333955403e-17
7.163085937500000000e-01 -1.962615573354718958e-17
7.164306640625000000e-01 2.775557561562891351e-17
7.165527343750000000e-01 -2.484053925973459965e-16
7.166748046875000000e-01 -1.962615573354718958e-17
7.167968750000000000e-01 -2.484053925973459965e-16
7.169189453125000000e-01 -7.850462293418875834e-17
7.170410156250000000e-01 -1.895269253967044001e-16
7.171630859375000000e-01 -1.143896184318993989e-16
7.172851562500000000e-01 -3.925231146709437917e-17
7.174072265625000000e-01 3.588499549771064052e-17
7.175292968750000000e-01 -2.680315483308931461e-16
7.176513671875000000e-01 -1.536419298989937719e-16
7.177734375000000000e-01 3.588499549771064052e-17
7.178955078125000000e-01 -5.551115123125782702e-17
7.180175781250000000e-01 -1.373830901348303178e-16
7.181396484375000000e-01 -1.340157741654465730e-16
7.182617187500000000e-01 3.925231146709437917e-17
7.183837890625000000e-01 1.625883976416344785e-17
7.185058593750000000e-01 -1.584040338116917664e-16
7.186279296875000000e-01 -8.326672684688674053e-17
7.187500000000000000e-01 5.887846720064157183e-17
7.188720703125000000e-01 3.588499549771064052e-17
7.189941406250000000e-01 -3.925231146709437917e-17
7.191162109375000000e-01 1.625883976416344785e-17
7.192382812500000000e-01 1.962615573354718958e-17
7.193603515625000000e-01 1.143896184318993989e-16
7.194824218750000000e-01 -7.037520305210703133e-17
7.196044921875000000e-01 -1.028928825804339270e-16
7.197265625000000000e-01 1.225190383139811135e-16
7.198486328125000000e-01 7.513730696480501352e-17
7.199707031250000000e-01 -5.887846720064157183e-17
7.200927734375000000e-01 4.738173134917610001e-17
7.202148437500000000e-01 -1.149673585146546566e-17
7.203369140625000000e-01 -3.367315969383744812e-18
7.204589843750000000e-01 -7.850462293418875834e-17
7.205810546875000000e-01 8.663404281627048534e-17
7.207031250000000000e-01 -9.139614672896846754e-17
7.208251953125000000e-01 -7.850462293418875834e-17
7.209472656250000000e-01 0.000000000000000000e+00
7.210693359375000000e-01 -1.149673585146546566e-17
7.211914062500000000e-01 3.588499549771064052e-17
7.213134765625000000e-01 1.502746139296100270e-16
7.214355468750000000e-01 -1.149673585146546566e-17
7.215576171875000000e-01 -2.091530811302515989e-16
7.216796875000000000e-01 1.502746139296100270e-16
7.218017578125000000e-01 -1.962615573354718958e-17
7.219238281250000000e-01 -5.887846720064157183e-17
7.220458984375000000e-01 -3.925231146709437917e-17
7.221679687500000000e-01 4.401441537979236136e-17
7.222900390625000000e-01 5.214383526187408221e-17
7.224121093750000000e-01 -7.513730696480501352e-17
7.225341796875000000e-01 2.775557561562891351e-17
7.226562500000000000e-01 0.000000000000000000e+00
7.227783203125000000e-01 -8.663404281627048534e-17
7.229003906250000000e-01 -5.887846720064157183e-17
7.230224609375000000e-01 -3.925231146709437917e-17
7.231445312500000000e-01 9.476346269835220003e-17
7.232666015625000000e-01 1.340157741654465730e-16
7.233886718750000000e-01 -2.299347170293093131e-17
7.235107421875000000e-01 -5.551115123125782702e-17
7.236328125000000000e-01 3.588499549771064052e-17
7.237548828125000000e-01 -1.143896184318993989e-16
7.238769531250000000e-01 -2.299347170293093131e-17
7.239990234375000000e-01 -3.925231146709437917e-17
7.241210937500000000e-01 -3.925231146709437917e-17
7.242431640625000000e-01 5.551115123125782702e-17
7.243652343750000000e-01 -9.139614672896846754e-17
7.244873046875000000e-01 1.962615573354718958e-17
7.246093750000000000e-01 4.738173134917610001e-17
7.247314453125000000e-01 1.625883976416344785e-17
7.248535156250000000e-01 -1.143896184318993989e-16
7.249755859375000000e-01 1.625883976416344785e-17
7.250976562500000000e-01 1.028928825804339270e-16
7.252197265625000000e-01 1.962615573354718958e-17
7.253417968750000000e-01 -1.895269253967044001e-16
7.254638671875000000e-01 -3.925231146709437917e-17
7.255859375000000000e-01 -5.887846720064157183e-17
7.257080078125000000e-01 -9.476346269835220003e-17
7.258300781250000000e-01 -1.143896184318993989e-16
7.259521484375000000e-01 -6.700788708272328652e-17
7.260742187500000000e-01 9.476346269835220003e-17
7.261962890625000000e-01 -2.299347170293093131e-17
7.263183593750000000e-01 0.000000000000000000e+00
7.264404296875000000e-01 -6.364057111333955403e-17
7.265625000000000000e-01 5.887846720064157183e-17
7.266845703125000000e-01 -3.367315969383744812e-18
7.268066406250000000e-01 -1.062601985498176718e-16
7.269287109375000000e-01 -1.373830901348303178e-16
7.270507812500000000e-01 -4.738173134917610001e-17
7.271728515625000000e-01 6.364057111333955403e-17
7.272949218750000000e-01 -7.850462293418875834e-17
7.274169921875000000e-01 -1.502746139296100270e-16
7.275390625000000000e-01 -7.037520305210703133e-17
7.276611328125000000e-01 -6.700788708272328652e-17
7.277832031250000000e-01 -1.455125100169120572e-16
7.279052734375000000e-01 1.625883976416344785e-17
7.280273437500000000e-01 -7.176999099542128104e-17
7.281494140625000000e-01 1.625883976416344785e-17
7.282714843750000000e-01 -1.502746139296100270e-16
7.283935546875000000e-01 -1.149673585146546566e-17
7.285156250000000000e-01 -1.110223024625156540e-16
7.286376953125000000e-01 -5.887846720064157183e-17
7.287597656250000000e-01 -1.306484581960628529e-16
7.288818359375000000e-01 -1.177569344012831437e-16
7.290039062500000000e-01 -1.962615573354718958e-17
7.291259765625000000e-01 -3.925231146709437917e-17
7.292480468750000000e-01 -1.143896184318993989e-16
7.293701171875000000e-01 -1.177569344012831437e-16
7.294921875000000000e-01 5.887846720064157183e-17
7.296142578125000000e-01 -7.850462293418875834e-17
7.297363281250000000e-01 -9.476346269835220003e-17
7.298583984375000000e-01 -3.925231146709437917e-17
7.299804687500000000e-01 -3.925231146709437917e-17
7.301025390625000000e-01 3.925231146709437917e-17
7.302246093750000000e-01 -1.780301895452389406e-16
7.303466796875000000e-01 -1.962615573354718958e-17
7.304687500000000000e-01 -9.139614672896846754e-17
7.305908203125000000e-01 7.176999099542128104e-17
7.307128906250000000e-01 -1.895269253967044001e-16
7.308349609375000000e-01 -3.925231146709437917e-17
7.309570312500000000e-01 3.925231146709437917e-17
7.310791015625000000e-01 7.513730696480501352e-17
7.312011718750000000e-01 -3.925231146709437917e-17
7.313232421875000000e-01 -8.129419882081723927e-18
7.314453125000000000e-01 9.476346269835220003e-17
7.315673828125000000e-01 1.962615573354718958e-17
7.316894531250000000e-01 -1.536419298989937719e-16
7.318115234375000000e-01 4.738173134917610001e-17
7.319335937500000000e-01 -7.176999099542128104e-17
7.320556640625000000e-01 1.962615573354718958e-17
7.321777343750000000e-01 -1.895269253967044001e-16
7.322998046875000000e-01 -2.299347170293093131e-17
7.324218750000000000e-01 -1.625883976416344785e-17
7.325439453125000000e-01 -1.062601985498176718e-16
7.326660156250000000e-01 -2.369086567458805124e-16
7.327880859375000000e-01 7.176999099542128104e-17
7.329101562500000000e-01 -1.062601985498176718e-16
7.330322265625000000e-01 -1.149673585146546566e-17
7.331542968750000000e-01 -2.646642323615094259e-16
7.332763671875000000e-01 -1.143896184318993989e-16
7.333984375000000000e-01 -4.738173134917610001e-17
7.335205078125000000e-01 3.588499549771064052e-17
7.336425781250000000e-01 -1.177569344012831437e-16
7.337646484375000000e-01 -3.925231146709437917e-17
7.338867187500000000e-01 9.476346269835220003e-17
7.340087890625000000e-01 9.139614672896846754e-17
7.341308593750000000e-01 -1.110223024625156540e-16
7.342529296875000000e-01 -7.850462293418875834e-17
7.343750000000000000e-01 5.887846720064157183e-17
7.344970703125000000e-01 -7.513730696480501352e-17
7.346191406250000000e-01 -1.177569344012831437e-16
7.347412109375000000e-01 -3.112289158501265832e-17
7.348632812500000000e-01 -1.962615573354718958e-17
7.349853515625000000e-01 8.129419882081723927e-18
7.351074218750000000e-01 -1.177569344012831437e-16
7.352294921875000000e-01 -2.091530811302515989e-16
7.353515625000000000e-01 9.139614672896846754e-17
7.354736328125000000e-01 -3.367315969383744812e-18
7.355957031250000000e-01 -1.096275145192014043e-16
7.357177734375000000e-01 -5.074904731855984483e-17
7.358398437500000000e-01 -7.513730696480501352e-17
7.359619140625000000e-01 -3.112289158501265832e-17
7.360839843750000000e-01 -5.074904731855984483e-17
7.362060546875000000e-01 -3.112289158501265832e-17
7.363281250000000000e-01 -7.176999099542128104e-17
7.364501953125000000e-01 -3.925231146709437917e-17
7.365722656250000000e-01 -1.962615573354718958e-17
7.366943359375000000e-01 -9.000135878565423016e-17
7.368164062500000000e-01 9.139614672896846754e-17
7.369384765625000000e-01 2.775557561562891351e-17
7.370605468750000000e-01 -7.850462293418875834e-17
7.371826171875000000e-01 -7.850462293418875834e-17
7.373046875000000000e-01 5.214383526187408221e-17
7.374267578125000000e-01 -1.177569344012831437e-16
7.375488281250000000e-01 -5.074904731855984483e-17
7.376708984375000000e-01 -1.143896184318993989e-16
7.377929687500000000e-01 3.588499549771064052e-17
7.379150390625000000e-01 -3.112289158501265832e-17
7.380371093750000000e-01 -8.663404281627048534e-17
7.381591796875000000e-01 -7.850462293418875834e-17
7.382812500000000000e-01 3.925231146709437917e-17
7.384033203125000000e-01 -5.074904731855984483e-17
7.385253906250000000e-01 -1.149673585146546566e-17
7.386474609375000000e-01 -9.813077866773594484e-17
7.387695312500000000e-01 -3.925231146709437917e-17
7.388916015625000000e-01 -2.299347170293093131e-17
7.390136718750000000e-01 -7.037520305210703133e-17
7.391357421875000000e-01 -3.925231146709437917e-17
7.392578125000000000e-01 2.775557561562891351e-17
7.393798828125000000e-01 8.129419882081723927e-18
7.395019531250000000e-01 -2.299347170293093131e-17
7.396240234375000000e-01 -7.513730696480501352e-17
7.397460937500000000e-01 -1.625883976416344785e-17
7.398681640625000000e-01 -3.112289158501265832e-17
7.399902343750000000e-01 -3.925231146709437917e-17
7.401123046875000000e-01 -1.149673585146546566e-17
7.402343750000000000e-01 1.962615573354718958e-17
7.403564453125000000e-01 -3.367315969383744812e-18
7.404785156250000000e-01 -5.887846720064157183e-17
7.406005859375000000e-01 -4.261962743647811782e-17
7.407226562500000000e-01 1.062601985498176718e-16
7.408447265625000000e-01 3.925231146709437917e-17
7.409667968750000000e-01 -1.258863542833648583e-16
7.410888671875000000e-01 -1.177569344012831437e-16
7.412109375000000000e-01 0.000000000000000000e+00
7.413330078125000000e-01 -7.513730696480501352e-17
7.414550781250000000e-01 -3.925231146709437917e-17
7.415771484375000000e-01 -7.850462293418875834e-17
7.416992187500000000e-01 4.738173134917610001e-17
7.418212890625000000e-01 4.738173134917610001e-17
7.419433593750000000e-01 -3.367315969383744812e-18
7.420654296875000000e-01 -6.700788708272328652e-17
7.421875000000000000e-01 0.000000000000000000e+00
7.423095703125000000e-01 1.028928825804339270e-16
7.424316406250000000e-01 -3.925231146709437917e-17
7.425537109375000000e-01 2.438825964624516870e-17
7.426757812500000000e-01 1.962615573354718958e-17
7.427978515625000000e-01 1.502746139296100270e-16
7.429199218750000000e-01 3.588499549771064052e-17
7.430419921875000000e-01 -1.699007696631572259e-16
7.431640625000000000e-01 7.513730696480501352e-17
7.432861328125000000e-01 -1.340157741654465730e-16
7.434082031250000000e-01 -2.299347170293093131e-17
7.435302734375000000e-01 -1.962615573354718958e-17
7.436523437500000000e-01 -1.962615573354718958e-17
7.437744140625000000e-01 1.110223024625156540e-16
7.438964843750000000e-01 -3.588499549771064052e-17
7.440185546875000000e-01 5.551115123125782702e-17
7.441406250000000000e-01 -7.176999099542128104e-17
7.442626953125000000e-01 -5.887846720064157183e-17
7.443847656250000000e-01 -1.502746139296100270e-16
7.445068359375000000e-01 -1.570092458683775167e-16
7.446289062500000000e-01 -3.925231146709437917e-17
7.447509765625000000e-01 -3.112289158501265832e-17
7.448730468750000000e-01 -5.887846720064157183e-17
7.449951171875000000e-01 -2.646642323615094259e-16
7.451171875000000000e-01 3.925231146709437917e-17
7.452392578125000000e-01 -2.125203970996353437e-16
7.453613281250000000e-01 -1.536419298989937719e-16
7.454833984375000000e-01 -1.143896184318993989e-16
7.456054687500000000e-01 1.962615573354718958e-17
7.457275390625000000e-01 -3.925231146709437917e-17
7.458496093750000000e-01 -9.139614672896846754e-17
7.459716796875000000e-01 -1.976563452787861394e-16
7.460937500000000000e-01 1.962615573354718958e-17
7.462158203125000000e-01 4.738173134917610001e-17
7.463378906250000000e-01 0.000000000000000000e+00
7.464599609375000000e-01 -1.373830901348303178e-16
7.465820312500000000e-01 4.738173134917610001e-17
7.467041015625000000e-01 2.775557561562891351e-17
7.468261718750000000e-01 -9.813077866773594484e-17
7.469482421875000000e-01 -1.225190383139811135e-16
7.470703125000000000e-01 9.476346269835220003e-17
7.471923828125000000e-01 -3.925231146709437917e-17
7.473144531250000000e-01 -5.887846720064157183e-17
7.474365234375000000e-01 0.000000000000000000e+00
7.475585937500000000e-01 -3.588499549771064052e-17
7.476806640625000000e-01 3.925231146709437917e-17
7.478027343750000000e-01 -9.476346269835220003e-17
7.479248046875000000e-01 -9.476346269835220003e-17
7.480468750000000000e-01 -1.502746139296100270e-16
7.481689453125000000e-01 -2.775557561562891351e-17
7.482910156250000000e-01 -1.895269253967044001e-16
7.484130859375000000e-01 -3.367315969383744812e-18
7.485351562500000000e-01 1.962615573354718958e-17
7.486572265625000000e-01 3.588499549771064052e-17
7.487792968750000000e-01 -2.254119208944150282e-16
7.489013671875000000e-01 -6.700788708272328652e-17
7.490234375000000000e-01 3.925231146709437917e-17
7.491455078125000000e-01 -1.340157741654465730e-16
7.492675781250000000e-01 5.551115123125782702e-17
7.493896484375000000e-01 -7.850462293418875834e-17
7.495117187500000000e-01 -1.625883976416344785e-17
7.496337890625000000e-01 2.775557561562891351e-17
7.497558593750000000e-01 -2.775557561562891351e-17
7.498779296875000000e-01 1.962615573354718958e-17
7.500000000000000000e-01 5.219491030441951975e-17
7.501220703125000000e-01 -2.440598382571178282e-17
7.502441406250000000e-01 -2.422853245263201541e-17
7.503662109375000000e-01 -2.444246067037432718e-17
7.504882812500000000e-01 -3.015776105404210927e-17
7.506103515625000000e-01 5.166223351893428628e-17
7.507324218750000000e-01 -1.909889889468996405e-17
7.508544921875000000e-01 -7.791686675202857959e-17
7.509765625000000000e-01 8.610936941787217247e-17
7.510986328125000000e-01 5.605664044928959644e-17
7.512207031250000000e-01 -1.511106777901671805e-18
7.513427734375000000e-01 -9.185225280025632877e-18
7.514648437500000000e-01 -4.879248589363671673e-17
7.515869140625000000e-01 5.692061405548898279e-17
7.517089843750000000e-01 -2.949029909160572061e-17
7.518310546875000000e-01 3.512815038853034366e-17
7.519531250000000000e-01 -1.204730396941037106e-16
7.520751953125000000e-01 -3.203059074077488254e-17
7.521972656250000000e-01 2.132929932109932791e-17
7.523193359375000000e-01 -2.269650280487851167e-17
7.524414062500000000e-01 4.791580951642094367e-17
7.525634765625000000e-01 9.572155961533936342e-18
7.526855468750000000e-01 2.259856681519951687e-17
7.528076171875000000e-01 -1.877627297466288667e-16
7.529296875000000000e-01 6.112698079881778012e-17
7.530517578125000000e-01 -3.998923578041010918e-17
7.531738281250000000e-01 2.961864823361592640e-17
7.532958984375000000e-01 -4.045380310535679862e-17
7.534179687500000000e-01 1.188666342358207393e-16
7.535400390625000000e-01 8.947405797761366474e-17
7.536621093750000000e-01 -3.525737956950594124e-17
7.537841796875000000e-01 3.638437739790536254e-18
7.539062500000000000e-01 -5.881695027427992831e-18
7.540283203125000000e-01 -2.296216619110980713e-17
7.541503906250000000e-01 4.817694958819830180e-18
7.542724609375000000e-01 -3.366124873884911650e-17
7.543945312500000000e-01 8.415160571992925684e-17
7.545166015625000000e-01 5.644809378537108902e-17
7.546386718750000000e-01 -6.177509046910170768e-17
7.547607421875000000e-01 -7.067754163713631992e-17
7.548828125000000000e-01 1.104445549180719082e-16
7.550048828125000000e-01 2.040201954118139758e-17
7.551269531250000000e-01 5.858128823218846948e-17
7.552490234375000000e-01 -2.262182360933378662e-17
7.553710937500000000e-01 5.819088725313244133e-17
7.554931640625000000e-01 9.531304153917203630e-17
7.556152343750000000e-01 -2.764313007974214757e-17
7.557373046875000000e-01 -1.499015691119658127e-17
7.558593750000000000e-01 1.298869797041808611e-17
7.559814453125000000e-01 2.394873448058580843e-18
7.561035156250000000e-01 -2.871917756436830260e-17
7.562255859375000000e-01 1.047380467954163677e-16
7.563476562500000000e-01 1.491862189340054101e-16
7.564697265625000000e-01 5.377642775528101993e-17
7.565917968750000000e-01 -8.413408858487514408e-17
7.567138671875000000e-01 -7.025630077706068732e-17
7.568359375000000000e-01 -1.561251128379126385e-17
7.569580078125000000e-01 -3.469446951953614189e-18
7.570800781250000000e-01 7.459310946700270506e-17
7.572021484375000000e-01 3.816391647148975608e-17
7.573242187500000000e-01 1.474514954580286030e-16
7.574462890625000000e-01 2.029626466892864300e-16
7.575683593750000000e-01 1.032160468206200221e-16
7.576904296875000000e-01 4.336808689942017736e-18
7.578125000000000000e-01 -1.040834085586084257e-17
7.579345703125000000e-01 1.032160468206200221e-16
7.580566406250000000e-01 3.989863994746656317e-17
7.581787109375000000e-01 -6.245004513516505540e-17
7.583007812500000000e-01 5.724587470723463412e-17
7.584228515625000000e-01 1.301042606982605321e-16
7.585449218750000000e-01 3.469446951953614189e-17
7.586669921875000000e-01 -7.892991815694472280e-17
7.587890625000000000e-01 9.974659986866640793e-17
7.589111328125000000e-01 4.336808689942017736e-18
7.590332031250000000e-01 3.903127820947815962e-17
7.591552734375000000e-01 -8.673617379884035472e-19
7.592773437500000000e-01 -3.903127820947815962e-17
7.593994140625000000e-01 1.231653667943533037e-16
7.595214843750000000e-01 -2.775557561562891351e-17
7.596435546875000000e-01 5.984795992119984476e-17
7.597656250000000000e-01 -3.122502256758252770e-17
7.598876953125000000e-01 -1.734723475976807094e-18
7.600097656250000000e-01 5.551115123125782702e-17
7.601318359375000000e-01 -1.153591111524576718e-16
7.602539062500000000e-01 -4.163336342344337027e-17
7.603759765625000000e-01 -3.816391647148975608e-17
7.604980468750000000e-01 -1.647987302177966740e-17
7.606201171875000000e-01 -1.387778780781445676e-16
7.607421875000000000e-01 4.423544863740858091e-17
7.608642578125000000e-01 -1.084202172485504434e-16
7.609863281250000000e-01 -1.908195823574487804e-17
7.611083984375000000e-01 -3.382710778154773834e-17
7.612304687500000000e-01 5.117434254131580929e-17
7.613525390625000000e-01 6.071532165918824830e-17
7.614746093750000000e-01 -6.331740687315345895e-17
7.615966796875000000e-01 -4.597017211338538800e-17
7.617187500000000000e-01 6.071532165918824830e-18
7.618408203125000000e-01 7.285838599102589797e-17
7.619628906250000000e-01 4.597017211338538800e-17
7.620849609375000000e-01 -6.505213034913026604e-17
7.622070312500000000e-01 1.292368989602721285e-16
7.623291015625000000e-01 8.066464163292152989e-17
7.624511718750000000e-01 1.821459649775647449e-17
7.625732421875000000e-01 -5.204170427930421283e-17
7.626953125000000000e-01 1.621966450038314633e-16
7.628173828125000000e-01 3.122502256758252770e-17
7.629394531250000000e-01 7.719519468096791570e-17
7.630615234375000000e-01 -7.806255641895631925e-18
7.631835937500000000e-01 2.862293735361731706e-17
7.633056640625000000e-01 1.344410693882025498e-16
7.634277343750000000e-01 -3.469446951953614189e-18
7.635498046875000000e-01 7.546047120499110861e-17
7.636718750000000000e-01 -2.775557561562891351e-17
7.637939453125000000e-01 3.989863994746656317e-17
7.639160156250000000e-01 0.000000000000000000e+00
7.640380859375000000e-01 6.678685382510707313e-17
7.641601562500000000e-01 6.418476861114186249e-17
7.642822265625000000e-01 7.112366251504909087e-17
7.644042968750000000e-01 -3.729655473350135253e-17
7.645263671875000000e-01 -9.627715291671279374e-17
7.646484375000000000e-01 -3.642919299551294898e-17
7.647705078125000000e-01 2.341876692568689577e-17
7.648925781250000000e-01 1.908195823574487804e-17
7.650146484375000000e-01 -1.049507702965968292e-16
7.651367187500000000e-01 4.423544863740858091e-17
7.652587890625000000e-01 1.613292832658430598e-16
7.653808593750000000e-01 -3.903127820947815962e-17
7.655029296875000000e-01 2.341876692568689577e-17
7.656250000000000000e-01 -3.027155234442514254e-17
7.657470703125000000e-01 -3.258251663346079391e-17
7.658691406250000000e-01 3.315516659978949857e-17
7.659912109375000000e-01 -3.766895900636968087e-17
7.661132812500000000e-01 3.302898428758706128e-18
7.662353515625000000e-01 3.387895967767453799e-19
7.663574218750000000e-01 5.571380231184157754e-17
7.664794921875000000e-01 -1.379177026721961332e-16
7.666015625000000000e-01 8.265289478574151360e-17
7.667236328125000000e-01 4.141261931139532913e-17
7.668457031250000000e-01 7.143418398408892221e-17
7.669677734375000000e-01 -1.957860713436261929e-17
7.670898437500000000e-01 5.689883432924454940e-18
7.672119140625000000e-01 7.243643046471820731e-17
7.673339843750000000e-01 -6.060139158410623784e-18
7.674560546875000000e-01 4.869417522620006750e-17
7.675781250000000000e-01 -1.558239996348079180e-16
7.677001953125000000e-01 -2.276044350111085231e-17
7.678222656250000000e-01 3.400404974541601888e-17
7.679443359375000000e-01 -1.951125880894614283e-17
7.680664062500000000e-01 1.036337247244902446e-16
7.681884765625000000e-01 5.512033667997297258e-17
7.683105468750000000e-01 -6.943330241198295360e-18
7.684326171875000000e-01 -5.903740408263613597e-17
7.685546875000000000e-01 1.069238808803248888e-16
7.686767578125000000e-01 -1.267345126279847848e-16
7.687988281250000000e-01 2.679315933137640917e-17
7.689208984375000000e-01 -4.962007848942444945e-17
7.690429687500000000e-01 4.021306969294371329e-17
7.691650390625000000e-01 8.641682586381300735e-17
7.692871093750000000e-01 -9.572479092617388578e-18
7.694091796875000000e-01 -2.233417853586761473e-17
7.695312500000000000e-01 -2.099654677728902431e-17
7.696533203125000000e-01 6.579000675115638519e-17
7.697753906250000000e-01 2.762078127389626748e-17
7.698974609375000000e-01 -3.490346162435388404e-17
7.700195312500000000e-01 5.250836643876900979e-17
7.701416015625000000e-01 1.815711638308299893e-16
7.702636718750000000e-01 4.586255593164661195e-17
7.703857421875000000e-01 -1.455119277752853091e-17
7.705078125000000000e-01 9.342055547346482050e-17
7.706298828125000000e-01 4.965613176354418078e-17
7.707519531250000000e-01 1.268593392364367547e-16
7.708740234375000000e-01 1.833916889949112724e-17
7.709960937500000000e-01 5.392286931123918102e-17
7.711181640625000000e-01 1.089344408289260327e-16
7.712402343750000000e-01 7.049673001965807115e-18
7.713623046875000000e-01 9.710289753296303221e-17
7.714843750000000000e-01 5.945252313985198187e-17
7.716064453125000000e-01 -3.871623000223903194e-17
7.717285156250000000e-01 2.430214390124651806e-17
7.718505859375000000e-01 6.938343737702728643e-18
7.719726562500000000e-01 1.079414337358551796e-16
7.720947265625000000e-01 6.027478679333237821e-17
7.722167968750000000e-01 -7.025751561362177639e-17
7.723388671875000000e-01 -3.069440264456287322e-17
7.724609375000000000e-01 4.038435295246059683e-17
7.725830078125000000e-01 -6.710752892019954677e-17
7.727050781250000000e-01 4.680868837951400740e-17
7.728271484375000000e-01 4.727836404158608927e-17
7.729492187500000000e-01 1.140082753577656204e-16
7.730712890625000000e-01 1.018447835543095637e-16
7.731933593750000000e-01 7.218701706243501782e-17
7.733154296875000000e-01 1.984696658917024307e-17
7.734375000000000000e-01 -1.510821893924905075e-17
7.735595703125000000e-01 8.644661231809742480e-17
7.736816406250000000e-01 8.220575294824954789e-17
7.738037109375000000e-01 -2.088666245306048560e-17
7.739257812500000000e-01 1.718999901064455695e-17
7.740478515625000000e-01 9.464898950076726014e-17
7.741699218750000000e-01 -9.974655357126716642e-19
7.742919921875000000e-01 -7.020196857870471158e-17
7.744140625000000000e-01 8.095720222417516551e-17
7.745361328125000000e-01 -1.684700417781254615e-19
7.746582031250000000e-01 1.056496157842124894e-16
7.747802734375000000e-01 4.783742624442980929e-17
7.749023437500000000e-01 2.249663532939699148e-17
7.750244140625000000e-01 1.526556658859590243e-16
7.751464843750000000e-01 -5.551115123125782702e-17
7.752685546875000000e-01 4.163336342344337027e-17
7.753906250000000000e-01 0.000000000000000000e+00
7.755126953125000000e-01 -4.163336342344337027e-17
7.756347656250000000e-01 -4.163336342344337027e-17
7.757568359375000000e-01 -9.714451465470119729e-17
7.758789062500000000e-01 8.326672684688674053e-17
7.760009765625000000e-01 1.387778780781445676e-17
7.761230468750000000e-01 -5.551115123125782702e-17
7.762451171875000000e-01 -1.249000902703301108e-16
7.763671875000000000e-01 4.163336342344337027e-17
7.764892578125000000e-01 -8.326672684688674053e-17
7.766113281250000000e-01 -4.163336342344337027e-17
7.767333984375000000e-01 -5.551115123125782702e-17
7.768554687500000000e-01 8.326672684688674053e-17
7.769775390625000000e-01 5.551115123125782702e-17
7.770996093750000000e-01 -1.387778780781445676e-16
7.772216796875000000e-01 -1.110223024625156540e-16
7.773437500000000000e-01 2.775557561562891351e-17
7.774658203125000000e-01 4.163336342344337027e-17
7.775878906250000000e-01 4.163336342344337027e-17
7.777099609375000000e-01 -1.110223024625156540e-16
7.778320312500000000e-01 4.163336342344337027e-17
7.779541015625000000e-01 6.938893903907228378e-17
7.780761718750000000e-01 -6.938893903907228378e-17
7.781982421875000000e-01 -5.551115123125782702e-17
7.783203125000000000e-01 -6.938893903907228378e-17
7.784423828125000000e-01 2.775557561562891351e-17
7.785644531250000000e-01 5.551115123125782702e-17
7.786865234375000000e-01 -5.551115123125782702e-17
7.788085937500000000e-01 8.326672684688674053e-17
7.789306640625000000e-01 5.551115123125782702e-17
7.790527343750000000e-01 -1.526556658859590243e-16
7.791748046875000000e-01 5.551115123125782702e-17
7.792968750000000000e-01 4.163336342344337027e-17
7.794189453125000000e-01 5.551115123125782702e-17
7.795410156250000000e-01 -4.163336342344337027e-17
7.796630859375000000e-01 -2.775557561562891351e-17
7.797851562500000000e-01 1.249000902703301108e-16
7.799072265625000000e-01 1.249000902703301108e-16
7.800292968750000000e-01 -2.775557561562891351e-17
7.801513671875000000e-01 -1.249000902703301108e-16
7.802734375000000000e-01 4.163336342344337027e-17
7.803955078125000000e-01 -9.714451465470119729e-17
7.805175781250000000e-01 2.775557561562891351e-17
7.806396484375000000e-01 -1.387778780781445676e-17
7.807617187500000000e-01 9.714451465470119729e-17
7.808837890625000000e-01 1.110223024625156540e-16
7.810058593750000000e-01 -2.775557561562891351e-17
7.811279296875000000e-01 -8.326672684688674053e-17
7.812500000000000000e-01 -1.387778780781445676e-17
7.813720703125000000e-01 4.163336342344337027e-17
7.814941406250000000e-01 9.714451465470119729e-17
7.816162109375000000e-01 0.000000000000000000e+00
7.817382812500000000e-01 5.551115123125782702e-17
7.818603515625000000e-01 4.163336342344337027e-17
7.819824218750000000e-01 6.938893903907228378e-17
7.821044921875000000e-01 -6.938893903907228378e-17
7.822265625000000000e-01 6.938893903907228378e-17
7.823486328125000000e-01 6.938893903907228378e-17
7.824707031250000000e-01 1.387778780781445676e-16
7.825927734375000000e-01 -2.775557561562891351e-17
7.827148437500000000e-01 6.938893903907228378e-17
7.828369140625000000e-01 9.714451465470119729e-17
7.829589843750000000e-01 1.387778780781445676e-17
7.830810546875000000e-01 1.387778780781445676e-17
7.832031250000000000e-01 -1.110223024625156540e-16
7.833251953125000000e-01 -1.387778780781445676e-17
7.834472656250000000e-01 6.938893903907228378e-17
7.835693359375000000e-01 -2.775557561562891351e-17
7.836914062500000000e-01 2.775557561562891351e-17
7.838134765625000000e-01 6.938893903907228378e-17
7.839355468750000000e-01 0.000000000000000000e+00
7.840576171875000000e-01 -1.387778780781445676e-16
7.841796875000000000e-01 8.326672684688674053e-17
7.843017578125000000e-01 -1.387778780781445676e-16
7.844238281250000000e-01 2.775557561562891351e-17
7.845458984375000000e-01 -4.163336342344337027e-17
7.846679687500000000e-01 1.387778780781445676e-16
7.847900390625000000e-01 1.249000902703301108e-16
7.849121093750000000e-01 1.387778780781445676e-17
7.850341796875000000e-01 6.938893903907228378e-17
7.851562500000000000e-01 2.775557561562891351e-17
7.852783203125000000e-01 -9.714451465470119729e-17
7.854003906250000000e-01 8.326672684688674053e-17
7.855224609375000000e-01 -4.163336342344337027e-17
7.856445312500000000e-01 1.249000902703301108e-16
7.857666015625000000e-01 1.387778780781445676e-17
7.858886718750000000e-01 5.551115123125782702e-17
7.860107421875000000e-01 -4.163336342344337027e-17
7.861328125000000000e-01 9.714451465470119729e-17
7.862548828125000000e-01 -4.163336342344337027e-17
7.863769531250000000e-01 2.081668171172168513e-16
7.864990234375000000e-01 2.775557561562891351e-17
7.866210937500000000e-01 0.000000000000000000e+00
7.867431640625000000e-01 5.551115123125782702e-17
7.868652343750000000e-01 -6.938893903907228378e-17
7.869873046875000000e-01 5.551115123125782702e-17
7.871093750000000000e-01 1.387778780781445676e-17
7.872314453125000000e-01 2.775557561562891351e-17
7.873535156250000000e-01 -2.775557561562891351e-17
7.874755859375000000e-01 4.163336342344337027e-17
7.875976562500000000e-01 1.526556658859590243e-16
7.877197265625000000e-01 4.163336342344337027e-17
7.878417968750000000e-01 5.551115123125782702e-17
7.879638671875000000e-01 -6.938893903907228378e-17
7.880859375000000000e-01 -6.938893903907228378e-17
7.882080078125000000e-01 -5.551115123125782702e-17
7.883300781250000000e-01 2.775557561562891351e-17
7.884521484375000000e-01 1.387778780781445676e-17
7.885742187500000000e-01 1.110223024625156540e-16
7.886962890625000000e-01 0.000000000000000000e+00
7.888183593750000000e-01 1.110223024625156540e-16
7.889404296875000000e-01 -1.387778780781445676e-17
7.890625000000000000e-01 1.110223024625156540e-16
7.891845703125000000e-01 5.551115123125782702e-17
7.893066406250000000e-01 1.249000902703301108e-16
7.894287109375000000e-01 -1.249000902703301108e-16
7.895507812500000000e-01 1.249000902703301108e-16
7.896728515625000000e-01 1.110223024625156540e-16
7.897949218750000000e-01 1.387778780781445676e-16
7.899169921875000000e-01 -9.714451465470119729e-17
7.900390625000000000e-01 8.326672684688674053e-17
7.901611328125000000e-01 0.000000000000000000e+00
7.902832031250000000e-01 1.387778780781445676e-16
7.904052734375000000e-01 1.387778780781445676e-16
7.905273437500000000e-01 -2.775557561562891351e-17
7.906494140625000000e-01 8.326672684688674053e-17
7.907714843750000000e-01 -1.387778780781445676e-17
7.908935546875000000e-01 1.387778780781445676e-17
7.910156250000000000e-01 -2.775557561562891351e-17
7.911376953125000000e-01 1.387778780781445676e-17
7.912597656250000000e-01 -1.387778780781445676e-17
7.913818359375000000e-01 1.387778780781445676e-17
7.915039062500000000e-01 1.387778780781445676e-17
7.916259765625000000e-01 -2.775557561562891351e-17
7.917480468750000000e-01 1.387778780781445676e-17
7.918701171875000000e-01 -9.714451465470119729e-17
7.919921875000000000e-01 9.714451465470119729e-17
7.921142578125000000e-01 -8.326672684688674053e-17
7.922363281250000000e-01 1.387778780781445676e-17
7.923583984375000000e-01 1.249000902703301108e-16
7.924804687500000000e-01 6.938893903907228378e-17
7.926025390625000000e-01 1.110223024625156540e-16
7.927246093750000000e-01 -8.326672684688674053e-17
7.928466796875000000e-01 -8.326672684688674053e-17
7.929687500000000000e-01 0.000000000000000000e+00
7.930908203125000000e-01 5.551115123125782702e-17
7.932128906250000000e-01 5.551115123125782702e-17
7.933349609375000000e-01 -8.326672684688674053e-17
7.934570312500000000e-01 5.551115123125782702e-17
7.935791015625000000e-01 8.326672684688674053e-17
7.937011718750000000e-01 -4.163336342344337027e-17
7.938232421875000000e-01 1.387778780781445676e-17
7.939453125000000000e-01 6.938893903907228378e-17
7.940673828125000000e-01 -1.387778780781445676e-17
7.941894531250000000e-01 5.551115123125782702e-17
7.943115234375000000e-01 4.163336342344337027e-17
7.944335937500000000e-01 2.775557561562891351e-17
7.945556640625000000e-01 -5.551115123125782702e-17
7.946777343750000000e-01 -5.551115123125782702e-17
7.947998046875000000e-01 -1.387778780781445676e-17
7.949218750000000000e-01 1.387778780781445676e-17
7.950439453125000000e-01 2.775557561562891351e-17
7.951660156250000000e-01 -5.551115123125782702e-17
7.952880859375000000e-01 -1.387778780781445676e-17
7.954101562500000000e-01 4.163336342344337027e-17
7.955322265625000000e-01 2.775557561562891351e-17
7.956542968750000000e-01 -2.775557561562891351e-17
7.957763671875000000e-01 -5.551115123125782702e-17
7.958984375000000000e-01 8.326672684688674053e-17
7.960205078125000000e-01 -5.551115123125782702e-17
7.961425781250000000e-01 -6.938893903907228378e-17
7.962646484375000000e-01 -8.326672684688674053e-17
7.963867187500000000e-01 1.249000902703301108e-16
7.965087890625000000e-01 8.326672684688674053e-17
7.966308593750000000e-01 0.000000000000000000e+00
7.967529296875000000e-01 -2.775557561562891351e-17
7.968750000000000000e-01 4.163336342344337027e-17
7.969970703125000000e-01 -2.775557561562891351e-17
7.971191406250000000e-01 4.163336342344337027e-17
7.972412109375000000e-01 1.387778780781445676e-17
7.973632812500000000e-01 2.775557561562891351e-17
7.974853515625000000e-01 0.000000000000000000e+00
7.976074218750000000e-01 5.551115123125782702e-17
7.977294921875000000e-01 -6.938893903907228378e-17
7.978515625000000000e-01 5.551115123125782702e-17
7.979736328125000000e-01 1.110223024625156540e-16
7.980957031250000000e-01 8.326672684688674053e-17
7.982177734375000000e-01 1.387778780781445676e-17
7.983398437500000000e-01 9.714451465470119729e-17
7.984619140625000000e-01 6.938893903907228378e-17
7.985839843750000000e-01 9.714451465470119729e-17
7.987060546875000000e-01 -5.551115123125782702e-17
7.988281250000000000e-01 -1.249000902703301108e-16
7.989501953125000000e-01 -2.775557561562891351e-17
7.990722656250000000e-01 1.387778780781445676e-17
7.991943359375000000e-01 -8.326672684688674053e-17
7.993164062500000000e-01 1.249000902703301108e-16
7.994384765625000000e-01 4.163336342344337027e-17
7.995605468750000000e-01 4.163336342344337027e-17
7.996826171875000000e-01 -1.387778780781445676e-17
7.998046875000000000e-01 -2.775557561562891351e-17
7.999267578125000000e-01 -6.938893903907228378e-17
8.000488281250000000e-01 9.714451465470119729e-17
8.001708984375000000e-01 1.387778780781445676e-17
8.002929687500000000e-01 9.714451465470119729e-17
8.004150390625000000e-01 8.326672684688674053e-17
8.005371093750000000e-01 1.387778780781445676e-17
8.006591796875000000e-01 -9.714451465470119729e-17
8.007812500000000000e-01 6.938893903907228378e-17
8.009033203125000000e-01 -2.775557561562891351e-17
8.010253906250000000e-01 8.326672684688674053e-17
8.011474609375000000e-01 -9.714451465470119729e-17
8.012695312500000000e-01 4.163336342344337027e-17
8.013916015625000000e-01 -5.551115123125782702e-17
8.015136718750000000e-01 4.163336342344337027e-17
8.016357421875000000e-01 0.000000000000000000e+00
8.017578125000000000e-01 1.387778780781445676e-17
8.018798828125000000e-01 2.775557561562891351e-17
8.020019531250000000e-01 1.249000902703301108e-16
8.021240234375000000e-01 8.326672684688674053e-17
8.022460937500000000e-01 5.551115123125782702e-17
8.023681640625000000e-01 4.163336342344337027e-17
8.024902343750000000e-01 6.938893903907228378e-17
8.026123046875000000e-01 6.938893903907228378e-17
8.027343750000000000e-01 0.000000000000000000e+00
8.028564453125000000e-01 4.163336342344337027e-17
8.029785156250000000e-01 0.000000000000000000e+00
8.031005859375000000e-01 9.714451465470119729e-17
8.032226562500000000e-01 1.387778780781445676e-16
8.033447265625000000e-01 8.326672684688674053e-17
8.034667968750000000e-01 -1.387778780781445676e-17
8.035888671875000000e-01 8.326672684688674053e-17
8.037109375000000000e-01 -2.775557561562891351e-17
8.038330078125000000e-01 -6.938893903907228378e-17
8.039550781250000000e-01 1.387778780781445676e-17
8.040771484375000000e-01 4.163336342344337027e-17
8.041992187500000000e-01 1.110223024625156540e-16
8.043212890625000000e-01 8.326672684688674053e-17
8.044433593750000000e-01 5.551115123125782702e-17
8.045654296875000000e-01 1.387778780781445676e-17
8.046875000000000000e-01 6.938893903907228378e-17
8.048095703125000000e-01 6.938893903907228378e-17
8.049316406250000000e-01 1.110223024625156540e-16
8.050537109375000000e-01 1.387778780781445676e-17
8.051757812500000000e-01 0.000000000000000000e+00
8.052978515625000000e-01 1.665334536937734811e-16
8.054199218750000000e-01 8.326672684688674053e-17
8.055419921875000000e-01 1.387778780781445676e-17
8.056640625000000000e-01 1.110223024625156540e-16
8.057861328125000000e-01 9.714451465470119729e-17
8.059082031250000000e-01 1.665334536937734811e-16
8.060302734375000000e-01 2.775557561562891351e-17
8.061523437500000000e-01 6.938893903907228378e-17
8.062744140625000000e-01 4.163336342344337027e-17
8.063964843750000000e-01 1.110223024625156540e-16
8.065185546875000000e-01 1.387778780781445676e-16
8.066406250000000000e-01 -4.163336342344337027e-17
8.067626953125000000e-01 0.000000000000000000e+00
8.068847656250000000e-01 1.387778780781445676e-17
8.070068359375000000e-01 2.775557561562891351e-17
8.071289062500000000e-01 9.714451465470119729e-17
8.072509765625000000e-01 1.387778780781445676e-17
8.073730468750000000e-01 2.775557561562891351e-17
8.074951171875000000e-01 -2.775557561562891351e-17
8.076171875000000000e-01 4.163336342344337027e-17
8.077392578125000000e-01 -9.714451465470119729e-17
8.078613281250000000e-01 4.163336342344337027e-17
8.079833984375000000e-01 4.163336342344337027e-17
8.081054687500000000e-01 5.551115123125782702e-17
8.082275390625000000e-01 5.551115123125782702e-17
8.083496093750000000e-01 8.326672684688674053e-17
8.084716796875000000e-01 0.000000000000000000e+00
8.085937500000000000e-01 6.938893903907228378e-17
8.087158203125000000e-01 1.387778780781445676e-17
8.088378906250000000e-01 8.326672684688674053e-17
8.089599609375000000e-01 -1.249000902703301108e-16
8.090820312500000000e-01 2.775557561562891351e-17
8.092041015625000000e-01 1.249000902703301108e-16
8.093261718750000000e-01 -1.387778780781445676e-17
8.094482421875000000e-01 6.938893903907228378e-17
8.095703125000000000e-01 1.526556658859590243e-16
8.096923828125000000e-01 -2.775557561562891351e-17
8.098144531250000000e-01 8.326672684688674053e-17
8.099365234375000000e-01 2.775557561562891351e-17
8.100585937500000000e-01 5.551115123125782702e-17
8.101806640625000000e-01 1.387778780781445676e-17
8.103027343750000000e-01 0.000000000000000000e+00
8.104248046875000000e-01 6.938893903907228378e-17
8.105468750000000000e-01 -4.163336342344337027e-17
8.106689453125000000e-01 5.551115123125782702e-17
8.107910156250000000e-01 -1.387778780781445676e-16
8.109130859375000000e-01 6.938893903907228378e-17
8.110351562500000000e-01 9.714451465470119729e-17
8.111572265625000000e-01 1.110223024625156540e-16
8.112792968750000000e-01 9.714451465470119729e-17
8.114013671875000000e-01 2.775557561562891351e-17
8.115234375000000000e-01 1.526556658859590243e-16
8.116455078125000000e-01 -1.110223024625156540e-16
8.117675781250000000e-01 1.387778780781445676e-17
8.118896484375000000e-01 -1.387778780781445676e-17
8.120117187500000000e-01 9.714451465470119729e-17
8.121337890625000000e-01 1.387778780781445676e-17
8.122558593750000000e-01 0.000000000000000000e+00
8.123779296875000000e-01 1.387778780781445676e-17
8.125000000000000000e-01 1.387778780781445676e-17
8.126220703125000000e-01 1.387778780781445676e-17
8.127441406250000000e-01 0.000000000000000000e+00
8.128662109375000000e-01 -4.163336342344337027e-17
8.129882812500000000e-01 2.775557561562891351e-17
8.131103515625000000e-01 8.326672684688674053e-17
8.132324218750000000e-01 2.775557561562891351e-17
8.133544921875000000e-01 -1.110223024625156540e-16
8.134765625000000000e-01 6.938893903907228378e-17
8.135986328125000000e-01 4.163336342344337027e-17
8.137207031250000000e-01 8.326672684688674053e-17
8.138427734375000000e-01 6.938893903907228378e-17
8.139648437500000000e-01 2.775557561562891351e-17
8.140869140625000000e-01 -1.387778780781445676e-17
8.142089843750000000e-01 1.387778780781445676e-17
8.143310546875000000e-01 -1.387778780781445676e-17
8.144531250000000000e-01 -1.110223024625156540e-16
8.145751953125000000e-01 -2.775557561562891351e-17
8.146972656250000000e-01 4.163336342344337027e-17
8.148193359375000000e-01 -1.387778780781445676e-17
8.149414062500000000e-01 1.387778780781445676e-17
8.150634765625000000e-01 -1.387778780781445676e-17
8.151855468750000000e-01 2.775557561562891351e-17
8.153076171875000000e-01 -1.387778780781445676e-17
8.154296875000000000e-01 2.775557561562891351e-17
8.155517578125000000e-01 -1.110223024625156540e-16
8.156738281250000000e-01 6.938893903907228378e-17
8.157958984375000000e-01 -2.775557561562891351e-17
8.159179687500000000e-01 2.775557561562891351e-17
8.160400390625000000e-01 -2.775557561562891351e-17
8.161621093750000000e-01 0.000000000000000000e+00
8.162841796875000000e-01 -1.387778780781445676e-17
8.164062500000000000e-01 -1.387778780781445676e-17
8.165283203125000000e-01 -2.775557561562891351e-17
8.166503906250000000e-01 0.000000000000000000e+00
8.167724609375000000e-01 -6.938893903907228378e-17
8.168945312500000000e-01 5.551115123125782702e-17
8.170166015625000000e-01 0.000000000000000000e+00
8.171386718750000000e-01 4.163336342344337027e-17
8.172607421875000000e-01 -9.714451465470119729e-17
8.173828125000000000e-01 8.326672684688674053e-17
8.175048828125000000e-01 2.775557561562891351e-17
8.176269531250000000e-01 1.249000902703301108e-16
8.177490234375000000e-01 6.938893903907228378e-17
8.178710937500000000e-01 5.551115123125782702e-17
8.179931640625000000e-01 4.163336342344337027e-17
8.181152343750000000e-01 -4.163336342344337027e-17
8.182373046875000000e-01 -5.551115123125782702e-17
8.183593750000000000e-01 -2.775557561562891351e-17
8.184814453125000000e-01 1.387778780781445676e-17
8.186035156250000000e-01 -6.938893903907228378e-17
8.187255859375000000e-01 1.387778780781445676e-17
8.188476562500000000e-01 1.110223024625156540e-16
8.189697265625000000e-01 -4.163336342344337027e-17
8.190917968750000000e-01 -1.387778780781445676e-17
8.192138671875000000e-01 -4.163336342344337027e-17
8.193359375000000000e-01 4.163336342344337027e-17
8.194580078125000000e-01 -1.665334536937734811e-16
8.195800781250000000e-01 1.387778780781445676e-17
8.197021484375000000e-01 2.775557561562891351e-17
8.198242187500000000e-01 1.110223024625156540e-16
8.199462890625000000e-01 6.938893903907228378e-17
8.200683593750000000e-01 2.775557561562891351e-17
8.201904296875000000e-01 4.163336342344337027e-17
8.203125000000000000e-01 5.551115123125782702e-17
8.204345703125000000e-01 0.000000000000000000e+00
8.205566406250000000e-01 1.387778780781445676e-17
8.206787109375000000e-01 -1.249000902703301108e-16
8.208007812500000000e-01 1.110223024625156540e-16
8.209228515625000000e-01 4.163336342344337027e-17
8.210449218750000000e-01 6.938893903907228378e-17
8.211669921875000000e-01 -1.387778780781445676e-17
8.212890625000000000e-01 9.714451465470119729e-17
8.214111328125000000e-01 0.000000000000000000e+00
8.215332031250000000e-01 1.249000902703301108e-16
8.216552734375000000e-01 5.551115123125782702e-17
8.217773437500000000e-01 -5.551115123125782702e-17
8.218994140625000000e-01 1.387778780781445676e-17
8.220214843750000000e-01 -1.387778780781445676e-17
8.221435546875000000e-01 0.000000000000000000e+00
8.222656250000000000e-01 -9.714451465470119729e-17
8.223876953125000000e-01 -1.387778780781445676e-17
8.225097656250000000e-01 0.000000000000000000e+00
8.226318359375000000e-01 -6.938893903907228378e-17
8.227539062500000000e-01 5.551115123125782702e-17
8.228759765625000000e-01 -2.775557561562891351e-17
8.229980468750000000e-01 -5.551115123125782702e-17
8.231201171875000000e-01 -9.714451465470119729e-17
8.232421875000000000e-01 -4.163336342344337027e-17
8.233642578125000000e-01 -1.387778780781445676e-16
8.234863281250000000e-01 4.163336342344337027e-17
8.236083984375000000e-01 -5.551115123125782702e-17
8.237304687500000000e-01 8.326672684688674053e-17
8.238525390625000000e-01 5.551115123125782702e-17
8.239746093750000000e-01 -1.387778780781445676e-17
8.240966796875000000e-01 -8.326672684688674053e-17
8.242187500000000000e-01 6.938893903907228378e-17
8.243408203125000000e-01 1.387778780781445676e-17
8.244628906250000000e-01 4.163336342344337027e-17
8.245849609375000000e-01 -1.804112415015879378e-16
8.247070312500000000e-01 1.387778780781445676e-17
8.248291015625000000e-01 4.163336342344337027e-17
8.249511718750000000e-01 0.000000000000000000e+00
8.250732421875000000e-01 -5.551115123125782702e-17
8.251953125000000000e-01 4.163336342344337027e-17
8.253173828125000000e-01 -1.387778780781445676e-16
8.254394531250000000e-01 5.551115123125782702e-17
8.255615234375000000e-01 -1.387778780781445676e-17
8.256835937500000000e-01 6.938893903907228378e-17
8.258056640625000000e-01 -2.775557561562891351e-17
8.259277343750000000e-01 0.000000000000000000e+00
8.260498046875000000e-01 -4.163336342344337027e-17
8.261718750000000000e-01 4.163336342344337027e-17
8.262939453125000000e-01 0.000000000000000000e+00
8.264160156250000000e-01 -1.249000902703301108e-16
8.265380859375000000e-01 -5.551115123125782702e-17
8.266601562500000000e-01 9.714451465470119729e-17
8.267822265625000000e-01 1.387778780781445676e-17
8.269042968750000000e-01 -2.775557561562891351e-17
8.270263671875000000e-01 -9.714451465470119729e-17
8.271484375000000000e-01 -4.163336342344337027e-17
8.272705078125000000e-01 -1.110223024625156540e-16
8.273925781250000000e-01 -2.775557561562891351e-17
8.275146484375000000e-01 -1.942890293094023946e-16
8.276367187500000000e-01 2.775557561562891351e-17
8.277587890625000000e-01 9.714451465470119729e-17
8.278808593750000000e-01 0.000000000000000000e+00
8.280029296875000000e-01 -9.714451465470119729e-17
8.281250000000000000e-01 2.775557561562891351e-17
8.282470703125000000e-01 -5.551115123125782702e-17
8.283691406250000000e-01 -1.387778780781445676e-17
8.284912109375000000e-01 1.387778780781445676e-17
8.286132812500000000e-01 5.551115123125782702e-17
8.287353515625000000e-01 9.714451465470119729e-17
8.288574218750000000e-01 9.714451465470119729e-17
8.289794921875000000e-01 -6.938893903907228378e-17
8.291015625000000000e-01 4.163336342344337027e-17
8.292236328125000000e-01 -4.163336342344337027e-17
8.293457031250000000e-01 2.775557561562891351e-17
8.294677734375000000e-01 -1.387778780781445676e-17
8.295898437500000000e-01 5.551115123125782702e-17
8.297119140625000000e-01 2.775557561562891351e-17
8.298339843750000000e-01 -5.551115123125782702e-17
8.299560546875000000e-01 -6.938893903907228378e-17
8.300781250000000000e-01 -5.551115123125782702e-17
8.302001953125000000e-01 -2.775557561562891351e-17
8.303222656250000000e-01 1.387778780781445676e-17
8.304443359375000000e-01 -1.387778780781445676e-17
8.305664062500000000e-01 1.387778780781445676e-17
8.306884765625000000e-01 -4.163336342344337027e-17
8.308105468750000000e-01 -2.775557561562891351e-17
8.309326171875000000e-01 -1.526556658859590243e-16
8.310546875000000000e-01 -2.775557561562891351e-17
8.311767578125000000e-01 -1.942890293094023946e-16
8.312988281250000000e-01 -4.163336342344337027e-17
8.314208984375000000e-01 9.714451465470119729e-17
8.315429687500000000e-01 9.714451465470119729e-17
8.316650390625000000e-01 -1.387778780781445676e-17
8.317871093750000000e-01 -1.387778780781445676e-17
8.319091796875000000e-01 1.387778780781445676e-17
8.320312500000000000e-01 2.775557561562891351e-17
8.321533203125000000e-01 -5.551115123125782702e-17
8.322753906250000000e-01 -2.775557561562891351e-17
8.323974609375000000e-01 -2.775557561562891351e-17
8.325195312500000000e-01 5.551115123125782702e-17
8.326416015625000000e-01 1.387778780781445676e-17
8.327636718750000000e-01 0.000000000000000000e+00
8.328857421875000000e-01 2.775557561562891351e-17
8.330078125000000000e-01 2.775557561562891351e-17
8.331298828125000000e-01 -2.775557561562891351e-17
8.332519531250000000e-01 1.110223024625156540e-16
8.333740234375000000e-01 6.938893903907228378e-17
8.334960937500000000e-01 5.551115123125782702e-17
8.336181640625000000e-01 5.551115123125782702e-17
8.337402343750000000e-01 4.163336342344337027e-17
8.338623046875000000e-01 1.110223024625156540e-16
8.339843750000000000e-01 1.387778780781445676e-17
8.341064453125000000e-01 6.938893903907228378e-17
8.342285156250000000e-01 4.163336342344337027e-17
8.343505859375000000e-01 6.938893903907228378e-17
8.344726562500000000e-01 1.387778780781445676e-16
8.345947265625000000e-01 1.526556658859590243e-16
8.347167968750000000e-01 1.387778780781445676e-17
8.348388671875000000e-01 -1.387778780781445676e-17
8.349609375000000000e-01 -6.938893903907228378e-17
8.350830078125000000e-01 -8.326672684688674053e-17
8.352050781250000000e-01 2.775557561562891351e-17
8.353271484375000000e-01 5.551115123125782702e-17
8.354492187500000000e-01 1.110223024625156540e-16
8.355712890625000000e-01 1.249000902703301108e-16
8.356933593750000000e-01 1.249000902703301108e-16
8.358154296875000000e-01 -1.387778780781445676e-17
8.359375000000000000e-01 2.775557561562891351e-17
8.360595703125000000e-01 5.551115123125782702e-17
8.361816406250000000e-01 0.000000000000000000e+00
8.363037109375000000e-01 -1.110223024625156540e-16
8.364257812500000000e-01 1.387778780781445676e-17
8.365478515625000000e-01 1.110223024625156540e-16
8.366699218750000000e-01 -2.775557561562891351e-17
8.367919921875000000e-01 -4.163336342344337027e-17
8.369140625000000000e-01 1.387778780781445676e-17
8.370361328125000000e-01 -5.551115123125782702e-17
8.371582031250000000e-01 0.000000000000000000e+00
8.372802734375000000e-01 1.249000902703301108e-16
8.374023437500000000e-01 -5.551115123125782702e-17
8.375244140625000000e-01 8.326672684688674053e-17
8.376464843750000000e-01 1.387778780781445676e-17
8.377685546875000000e-01 4.163336342344337027e-17
8.378906250000000000e-01 -6.938893903907228378e-17
8.380126953125000000e-01 1.387778780781445676e-17
8.381347656250000000e-01 1.387778780781445676e-17
8.382568359375000000e-01 0.000000000000000000e+00
8.383789062500000000e-01 4.163336342344337027e-17
8.385009765625000000e-01 9.714451465470119729e-17
8.386230468750000000e-01 -4.163336342344337027e-17
8.387451171875000000e-01 -1.526556658859590243e-16
8.388671875000000000e-01 -1.387778780781445676e-17
8.389892578125000000e-01 -4.163336342344337027e-17
8.391113281250000000e-01 0.000000000000000000e+00
8.392333984375000000e-01 -1.110223024625156540e-16
8.393554687500000000e-01 1.387778780781445676e-17
8.394775390625000000e-01 1.110223024625156540e-16
8.395996093750000000e-01 2.775557561562891351e-17
8.397216796875000000e-01 -6.938893903907228378e-17
8.398437500000000000e-01 6.938893903907228378e-17
8.399658203125000000e-01 1.387778780781445676e-17
8.400878906250000000e-01 4.163336342344337027e-17
8.402099609375000000e-01 -1.110223024625156540e-16
8.403320312500000000e-01 -1.387778780781445676e-17
8.404541015625000000e-01 9.714451465470119729e-17
8.405761718750000000e-01 -5.551115123125782702e-17
8.406982421875000000e-01 -4.163336342344337027e-17
8.408203125000000000e-01 4.163336342344337027e-17
8.409423828125000000e-01 -2.775557561562891351e-17
8.410644531250000000e-01 -1.387778780781445676e-17
8.411865234375000000e-01 -5.551115123125782702e-17
8.413085937500000000e-01 5.551115123125782702e-17
8.414306640625000000e-01 6.938893903907228378e-17
8.415527343750000000e-01 -2.775557561562891351e-17
8.416748046875000000e-01 8.326672684688674053e-17
8.417968750000000000e-01 5.551115123125782702e-17
8.419189453125000000e-01 -1.387778780781445676e-17
8.420410156250000000e-01 -1.110223024625156540e-16
8.421630859375000000e-01 -1.387778780781445676e-17
8.422851562500000000e-01 2.775557561562891351e-17
8.424072265625000000e-01 5.551115123125782702e-17
8.425292968750000000e-01 2.775557561562891351e-17
8.426513671875000000e-01 -4.163336342344337027e-17
8.427734375000000000e-01 2.775557561562891351e-17
8.428955078125000000e-01 -1.387778780781445676e-16
8.430175781250000000e-01 -1.387778780781445676e-17
8.431396484375000000e-01 -1.387778780781445676e-17
8.432617187500000000e-01 2.775557561562891351e-17
8.433837890625000000e-01 5.551115123125782702e-17
8.435058593750000000e-01 4.163336342344337027e-17
8.436279296875000000e-01 -4.163336342344337027e-17
8.437500000000000000e-01 5.551115123125782702e-17
8.438720703125000000e-01 2.775557561562891351e-17
8.439941406250000000e-01 9.714451465470119729e-17
8.441162109375000000e-01 1.387778780781445676e-17
8.442382812500000000e-01 4.163336342344337027e-17
8.443603515625000000e-01 1.110223024625156540e-16
8.444824218750000000e-01 1.110223024625156540e-16
8.446044921875000000e-01 -4.163336342344337027e-17
8.447265625000000000e-01 0.000000000000000000e+00
8.448486328125000000e-01 -2.775557561562891351e-17
8.449707031250000000e-01 -2.775557561562891351e-17
8.450927734375000000e-01 1.249000902703301108e-16
8.452148437500000000e-01 8.326672684688674053e-17
8.453369140625000000e-01 9.714451465470119729e-17
8.454589843750000000e-01 4.163336342344337027e-17
8.455810546875000000e-01 -2.775557561562891351e-17
8.457031250000000000e-01 -4.163336342344337027e-17
8.458251953125000000e-01 0.000000000000000000e+00
8.459472656250000000e-01 -6.938893903907228378e-17
8.460693359375000000e-01 2.775557561562891351e-17
8.461914062500000000e-01 0.000000000000000000e+00
8.463134765625000000e-01 5.551115123125782702e-17
8.464355468750000000e-01 0.000000000000000000e+00
8.465576171875000000e-01 -8.326672684688674053e-17
8.466796875000000000e-01 -4.163336342344337027e-17
8.468017578125000000e-01 -6.938893903907228378e-17
8.469238281250000000e-01 4.163336342344337027e-17
8.470458984375000000e-01 -1.387778780781445676e-17
8.471679687500000000e-01 -1.387778780781445676e-17
8.472900390625000000e-01 9.714451465470119729e-17
8.474121093750000000e-01 1.387778780781445676e-17
8.475341796875000000e-01 5.551115123125782702e-17
8.476562500000000000e-01 4.163336342344337027e-17
8.477783203125000000e-01 -4.163336342344337027e-17
8.479003906250000000e-01 1.387778780781445676e-17
8.480224609375000000e-01 -2.775557561562891351e-17
8.481445312500000000e-01 5.551115123125782702e-17
8.482666015625000000e-01 1.387778780781445676e-17
8.483886718750000000e-01 6.938893903907228378e-17
8.485107421875000000e-01 -6.938893903907228378e-17
8.486328125000000000e-01 4.163336342344337027e-17
8.487548828125000000e-01 -8.326672684688674053e-17
8.488769531250000000e-01 1.110223024625156540e-16
8.489990234375000000e-01 5.551115123125782702e-17
8.491210937500000000e-01 2.775557561562891351e-17
8.492431640625000000e-01 9.714451465470119729e-17
8.493652343750000000e-01 -1.387778780781445676e-17
8.494873046875000000e-01 4.163336342344337027e-17
8.496093750000000000e-01 6.938893903907228378e-17
8.497314453125000000e-01 1.387778780781445676e-17
8.498535156250000000e-01 -8.326672684688674053e-17
8.499755859375000000e-01 2.775557561562891351e-17
8.500976562500000000e-01 1.320440139964969956e-17
8.502197265625000000e-01 8.993504511879264610e-18
8.503417968750000000e-01 -1.641707137508810299e-17
8.504638671875000000e-01 4.521439279156744345e-17
8.505859375000000000e-01 -6.412165845566185027e-17
8.507080078125000000e-01 -1.211738663418612735e-16
8.508300781250000000e-01 4.487491439261059753e-17
8.509521484375000000e-01 6.180553972072911586e-17
8.510742187500000000e-01 -6.152296248567963135e-19
8.511962890625000000e-01 6.808568511126116482e-17
8.513183593750000000e-01 3.683611790454496899e-17
8.514404296875000000e-01 9.224559346397643969e-17
8.515625000000000000e-01 3.522266136735614117e-17
8.516845703125000000e-01 5.909218059938190637e-17
8.518066406250000000e-01 6.253708291220184627e-17
8.519287109375000000e-01 -7.642950861480587464e-17
8.520507812500000000e-01 2.449938675167212080e-17
8.521728515625000000e-01 1.076644379267325050e-16
8.522949218750000000e-01 1.222591310312301082e-16
8.524169921875000000e-01 1.147485263909844913e-16
8.525390625000000000e-01 3.776194493462978124e-17
8.526611328125000000e-01 -1.062832137269252137e-16
8.527832031250000000e-01 3.262522101677454021e-17
8.529052734375000000e-01 1.306809248067709781e-16
8.530273437500000000e-01 3.095360769627773917e-17
8.531494140625000000e-01 1.017819277184652752e-16
8.532714843750000000e-01 5.143081100904257838e-17
8.533935546875000000e-01 2.175675184074576192e-17
8.535156250000000000e-01 -1.061815380550988635e-16
8.536376953125000000e-01 1.120058914800581139e-16
8.537597656250000000e-01 -7.624079516594272128e-17
8.538818359375000000e-01 -3.316805075938410494e-17
8.540039062500000000e-01 2.985370511211934518e-17
8.541259765625000000e-01 2.765389994380255103e-17
8.542480468750000000e-01 -4.374613081472337355e-17
8.543701171875000000e-01 -3.373976149572250581e-17
8.544921875000000000e-01 -7.647302750332427007e-17
8.546142578125000000e-01 -2.470273809532483960e-17
8.547363281250000000e-01 9.296249876065958616e-17
8.548583984375000000e-01 1.487601472014649443e-17
8.549804687500000000e-01 -1.114540478947965605e-18
8.551025390625000000e-01 1.380898537751902449e-16
8.552246093750000000e-01 5.084446237791461822e-17
8.553466796875000000e-01 -7.583399318343161751e-18
8.554687500000000000e-01 -3.154513192130430226e-18
8.555908203125000000e-01 7.380047974690442948e-18
8.557128906250000000e-01 7.484493307134587064e-17
8.558349609375000000e-01 -4.287846056794652218e-17
8.559570312500000000e-01 5.929553194303461901e-17
8.560791015625000000e-01 1.466714800058654320e-16
8.562011718750000000e-01 7.857115699981469558e-17
8.563232421875000000e-01 7.359983592684271872e-17
8.564453125000000000e-01 -2.731442154484569894e-17
8.565673828125000000e-01 -2.257961951624755035e-18
8.566894531250000000e-01 1.131639508475244750e-16
8.568115234375000000e-01 3.033837807142094902e-17
8.569335937500000000e-01 -1.813220358410328714e-17
8.570556640625000000e-01 2.656863525443371632e-17
8.571777343750000000e-01 -2.919495659874415959e-17
8.572998046875000000e-01 6.812920399977956025e-17
8.574218750000000000e-01 -4.106165268710497555e-17
8.575439453125000000e-01 -9.725047703351988855e-18
8.576660156250000000e-01 -6.388942611828030148e-17
8.577880859375000000e-01 3.080841313593298742e-17
8.579101562500000000e-01 7.365410079900865174e-18
8.580322265625000000e-01 8.422143487070037661e-17
8.581542968750000000e-01 -3.067475415093645518e-18
8.582763671875000000e-01 -1.556403902310082324e-17
8.583984375000000000e-01 -2.942718893612570838e-17
8.585205078125000000e-01 -7.964217859024427807e-17
8.586425781250000000e-01 1.339311484851284983e-17
8.587646484375000000e-01 -3.944819614991614156e-17
8.588867187500000000e-01 -7.040569575733590861e-18
8.590087890625000000e-01 1.018254466069836706e-16
8.591308593750000000e-01 6.152421810508023082e-17
8.592529296875000000e-01 8.746298583986760387e-17
8.593750000000000000e-01 -6.553734103460403098e-18
8.594970703125000000e-01 -2.540668449729716035e-17
8.596191406250000000e-01 1.848525237724924092e-17
8.597412109375000000e-01 -3.041851525380446451e-17
8.598632812500000000e-01 -3.700756476876608735e-17
8.599853515625000000e-01 7.713434025675757534e-17
8.601074218750000000e-01 8.018243969537995162e-17
8.602294921875000000e-01 7.014227731370721950e-17
8.603515625000000000e-01 -7.590783818863205200e-17
8.604736328125000000e-01 -6.316758754069817419e-17
8.605957031250000000e-01 1.773239456021489622e-17
8.607177734375000000e-01 6.479893625349680548e-17
8.608398437500000000e-01 -3.777875667104293080e-17
8.609619140625000000e-01 3.897042378526781927e-17
8.610839843750000000e-01 5.589631103170465230e-17
8.612060546875000000e-01 2.367225203574254991e-18
8.613281250000000000e-01 -2.428564820607471445e-17
8.614501953125000000e-01 3.872940837642938218e-18
8.615722656250000000e-01 -4.319360085563897103e-17
8.616943359375000000e-01 9.287785022238978456e-18
8.618164062500000000e-01 3.591315730402419669e-17
8.619384765625000000e-01 -9.980745429287674829e-17
8.620605468750000000e-01 -2.388263477798597529e-17
8.621826171875000000e-01 -6.498731847732900686e-18
8.623046875000000000e-01 -1.036359126763972143e-16
8.624267578125000000e-01 -2.345212022203348493e-17
8.625488281250000000e-01 4.548797017584380973e-17
8.626708984375000000e-01 -4.589185590531574178e-17
8.627929687500000000e-01 5.978710549698950440e-17
8.629150390625000000e-01 1.511480967754501647e-17
8.630371093750000000e-01 6.862739463701727149e-17
8.631591796875000000e-01 4.034938856893240294e-19
8.632812500000000000e-01 1.060109521636089378e-16
8.634033203125000000e-01 7.763735302927796479e-18
8.635253906250000000e-01 5.586880990384090110e-17
8.636474609375000000e-01 -3.504383345088116255e-17
8.637695312500000000e-01 8.018243969537995162e-17
8.638916015625000000e-01 3.819923188299097582e-17
8.640136718750000000e-01 9.600562473583684059e-17
8.641357421875000000e-01 -4.200106144003088968e-17
8.642578125000000000e-01 -6.132386590129162107e-18
8.643798828125000000e-01 -1.499834364143632087e-17
8.645019531250000000e-01 5.090281436043984997e-17
8.646240234375000000e-01 -3.930280639035411894e-17
8.647460937500000000e-01 7.131648264407279595e-17
8.648681640625000000e-01 6.325655244894311859e-17
8.649902343750000000e-01 3.814606284384784220e-17
8.651123046875000000e-01 1.624501301138871175e-17
8.652343750000000000e-01 -1.848612467863243380e-17
8.653564453125000000e-01 2.086116416584415733e-17
8.654785156250000000e-01 -3.702589885400858610e-17
8.656005859375000000e-01 -1.731191934826685120e-17
8.657226562500000000e-01 3.050748016204940891e-17
8.658447265625000000e-01 7.869505814655376714e-17
8.659667968750000000e-01 -7.712604551551952193e-17
8.660888671875000000e-01 -8.631434582790853194e-17
8.662109375000000000e-01 -2.889446553449327637e-17
8.663330078125000000e-01 -1.749959168593913065e-16
8.664550781250000000e-01 1.580533141281496892e-17
8.665771484375000000e-01 -5.508932326032600424e-17
8.666992187500000000e-01 1.661135826899245033e-17
8.668212890625000000e-01 7.763735302927796479e-18
8.669433593750000000e-01 9.253617778388322640e-17
8.670654296875000000e-01 9.062744872172579169e-17
8.671875000000000000e-01 2.330557033089252870e-18
8.673095703125000000e-01 5.479360882572470823e-17
8.674316406250000000e-01 1.029445186397440690e-16
8.675537109375000000e-01 -6.467330317476686358e-17
8.676757812500000000e-01 -1.696207495932124566e-17
8.677978515625000000e-01 1.434568457719649779e-16
8.679199218750000000e-01 1.160511145452816700e-16
8.680419921875000000e-01 8.596546235416409615e-17
8.681640625000000000e-01 4.014462911563340803e-17
8.682861328125000000e-01 -2.388263477798597529e-17
8.684082031250000000e-01 7.168282790167653144e-17
8.685302734375000000e-01 1.341695412073265967e-16
8.686523437500000000e-01 -2.540668449729716343e-17
8.687744140625000000e-01 9.412256358495879446e-17
8.688964843750000000e-01 1.236988642697013680e-16
8.690185546875000000e-01 1.133711935808474041e-16
8.691406250000000000e-01 5.628282359113525534e-17
8.692626953125000000e-01 4.322022968211952936e-17
8.693847656250000000e-01 -5.553817190152099336e-17
8.695068359375000000e-01 -1.002288018062079862e-16
8.696289062500000000e-01 -3.776042258580042588e-17
8.697509765625000000e-01 6.400941026597745712e-17
8.698730468750000000e-01 3.315256617258303987e-17
8.699951171875000000e-01 -8.324791230404365075e-17
8.701171875000000000e-01 -6.280857610913132236e-17
8.702392578125000000e-01 -5.508015621770475179e-17
8.703613281250000000e-01 1.524530176911766847e-18
8.704833984375000000e-01 -7.091250830078288088e-17
8.706054687500000000e-01 4.644132739919781663e-18
8.707275390625000000e-01 9.682265185121992783e-17
8.708496093750000000e-01 7.168466111826089407e-17
8.709716796875000000e-01 2.737137673038325797e-17
8.710937500000000000e-01 2.814073541607573879e-17
8.712158203125000000e-01 -1.307128049403639048e-17
8.713378906250000000e-01 7.130731560145154965e-17
8.714599609375000000e-01 -6.162520373614448730e-17
8.715820312500000000e-01 5.011328837292050778e-17
8.717041015625000000e-01 7.170116198691903636e-17
8.718261718750000000e-01 6.012778284331385132e-17
8.719482421875000000e-01 -2.234025097343228840e-17
8.720703125000000000e-01 2.278822731324408463e-17
8.721923828125000000e-01 -1.190817522000447465e-16
8.723144531250000000e-01 4.475344644405196379e-17
8.724365234375000000e-01 -1.456814565705505885e-16
8.725585937500000000e-01 7.555712149830325358e-17
8.726806640625000000e-01 9.717983006620241703e-17
8.728027343750000000e-01 2.156085294373536224e-17
8.729248046875000000e-01 2.623200635391831024e-17
8.730468750000000000e-01 -2.006334343708675557e-17
8.731689453125000000e-01 -4.082685610966530708e-17
8.732910156250000000e-01 -6.441329599544939533e-17
8.734130859375000000e-01 -3.926613821986911528e-17
8.735351562500000000e-01 -3.159272058417004095e-17
8.736572265625000000e-01 1.187677036802009456e-16
8.737792968750000000e-01 -4.359661428372771019e-17
8.739013671875000000e-01 -1.695810726747952725e-16
8.740234375000000000e-01 4.783638083657497494e-17
8.741455078125000000e-01 -2.027698265602627126e-16
8.742675781250000000e-01 -3.392463037624307620e-17
8.743896484375000000e-01 -1.773094925662218492e-16
8.745117187500000000e-01 -1.152889668948270668e-17
8.746337890625000000e-01 -1.652239336074750284e-17
8.747558593750000000e-01 3.161018236802935298e-17
8.748779296875000000e-01 -3.157438649892754837e-17
8.750000000000000000e-01 5.648569505475508728e-17
8.751220703125000000e-01 2.296929940301017359e-17
8.752441406250000000e-01 4.540818530583098951e-17
8.753662109375000000e-01 -7.401639501195626034e-17
8.754882812500000000e-01 6.420698035646451341e-18
8.756103515625000000e-01 1.285829297112587904e-16
8.757324218750000000e-01 5.383079101389219023e-17
8.758544921875000000e-01 -1.901633347160233023e-17
8.759765625000000000e-01 -1.028311287279476329e-17
8.760986328125000000e-01 -1.079249731177283205e-16
8.762207031250000000e-01 4.853780866551473103e-17
8.763427734375000000e-01 4.786288794060378840e-17
8.764648437500000000e-01 8.065008977905619273e-17
8.765869140625000000e-01 1.847750767222587457e-17
8.767089843750000000e-01 9.657742841363884649e-17
8.768310546875000000e-01 4.777967926992584665e-18
8.769531250000000000e-01 2.665718266145176752e-17
8.770751953125000000e-01 -1.387887382965136829e-17
8.771972656250000000e-01 -9.924985024523172938e-18
8.773193359375000000e-01 -7.310372302081182685e-17
8.774414062500000000e-01 3.902432535351943712e-19
8.775634765625000000e-01 -3.134173721183782844e-17
8.776855468750000000e-01 -1.386703086070467829e-17
8.778076171875000000e-01 2.087041388051610628e-18
8.779296875000000000e-01 5.889593002837571376e-18
8.780517578125000000e-01 -1.402009955361250715e-17
8.781738281250000000e-01 5.206034449340407906e-17
8.782958984375000000e-01 -7.727551692798280882e-17
8.784179687500000000e-01 -3.778437303875666836e-17
8.785400390625000000e-01 1.918975623130288522e-17
8.786621093750000000e-01 4.510863189997053619e-17
8.787841796875000000e-01 2.467172005485228489e-17
8.789062500000000000e-01 9.073520242373415755e-17
8.790283203125000000e-01 -9.721192953311599240e-18
8.791503906250000000e-01 8.457348433533288168e-17
8.792724609375000000e-01 -5.554021884508053843e-17
8.793945312500000000e-01 7.299182397306485050e-17
8.795166015625000000e-01 9.120277701017272211e-17
8.796386718750000000e-01 1.104388054647129368e-16
8.797607421875000000e-01 1.098658708352329066e-17
8.798828125000000000e-01 3.441628555277363065e-17
8.800048828125000000e-01 3.364475345622753072e-17
8.801269531250000000e-01 3.930625991430419679e-17
8.802490234375000000e-01 -2.534956271837282719e-17
8.803710937500000000e-01 8.178124233227182022e-17
8.804931640625000000e-01 1.076760914110887200e-16
8.806152343750000000e-01 -3.809504440804929450e-17
8.807373046875000000e-01 4.044048110555440076e-17
8.808593750000000000e-01 2.370466231044747012e-17
8.809814453125000000e-01 1.612258823988239895e-17
8.811035156250000000e-01 -4.034144196325436104e-17
8.812255859375000000e-01 -6.758393730759735446e-17
8.813476562500000000e-01 3.208800357898793181e-17
8.814697265625000000e-01 4.305549866876381931e-17
8.815917968750000000e-01 1.974634109370316115e-17
8.817138671875000000e-01 -2.233785029813864092e-17
8.818359375000000000e-01 8.547962559326818493e-17
8.819580078125000000e-01 -9.310095673271980169e-17
8.820800781250000000e-01 1.098168197482284313e-16
8.822021484375000000e-01 -6.257332813679439884e-17
8.823242187500000000e-01 4.030459770752680404e-17
8.824462890625000000e-01 3.881644023480868384e-17
8.825683593750000000e-01 8.729842567422876229e-17
8.826904296875000000e-01 9.417129735073833183e-17
8.828125000000000000e-01 8.095789240088215203e-17
8.829345703125000000e-01 -1.499919391711791543e-17
8.830566406250000000e-01 3.963711720809513981e-17
8.831787109375000000e-01 -3.271318004030064791e-17
8.833007812500000000e-01 4.516007114962865674e-17
8.834228515625000000e-01 1.374702643812874631e-16
8.835449218750000000e-01 9.501002870161089924e-17
8.836669921875000000e-01 5.139847344040539763e-17
8.837890625000000000e-01 2.600899304501274490e-17
8.839111328125000000e-01 -6.150298751877588102e-17
8.840332031250000000e-01 7.405200961067377156e-17
8.841552734375000000e-01 4.848818072236682837e-17
8.842773437500000000e-01 -2.486280580392235434e-18
8.843994140625000000e-01 1.822517250728621153e-17
8.845214843750000000e-01 2.517902314730617021e-17
8.846435546875000000e-01 5.719790685742306206e-17
8.847656250000000000e-01 -4.894210633223862898e-17
8.848876953125000000e-01 5.207781303447641721e-17
8.850097656250000000e-01 -7.796042543638644987e-17
8.851318359375000000e-01 -7.757252205391230811e-17
8.852539062500000000e-01 4.871669234803941615e-17
8.853759765625000000e-01 6.164150081467172197e-19
8.854980468750000000e-01 -1.946986161821901364e-17
8.856201171875000000e-01 -1.506831378598895230e-17
8.857421875000000000e-01 -3.479969814357938622e-17
8.858642578125000000e-01 -1.049283351924277307e-16
8.859863281250000000e-01 8.630030256655465323e-17
8.861083984375000000e-01 -1.026643709547613393e-16
8.862304687500000000e-01 1.808383512807076281e-17
8.863525390625000000e-01 9.648322943821628297e-17
8.864746093750000000e-01 8.338691220704272134e-17
8.865966796875000000e-01 5.689408007993270289e-17
8.867187500000000000e-01 1.181236857646978114e-16
8.868408203125000000e-01 -4.349136990104952080e-17
8.869628906250000000e-01 1.793682481855756317e-16
8.870849609375000000e-01 -6.432610599035730504e-17
8.872070312500000000e-01 1.017054542437328034e-16
8.873291015625000000e-01 5.264006490986483094e-17
8.874511718750000000e-01 3.623679012501256558e-17
8.875732421875000000e-01 5.989464468590178001e-17
8.876953125000000000e-01 -1.200172695262220403e-17
8.878173828125000000e-01 -8.532023383646664327e-17
8.879394531250000000e-01 8.220258151181496031e-17
8.880615234375000000e-01 -1.618971989529241098e-17
8.881835937500000000e-01 2.817958775327525349e-17
8.883056640625000000e-01 2.814347899810304911e-17
8.884277343750000000e-01 4.701188234428806968e-17
8.885498046875000000e-01 2.018840760893560024e-17
8.886718750000000000e-01 4.906538933386797396e-18
8.887939453125000000e-01 -2.742183536591308448e-17
8.889160156250000000e-01 -6.887828412622293689e-18
8.890380859375000000e-01 -9.614639154702708822e-17
8.891601562500000000e-01 1.118703267378083340e-16
8.892822265625000000e-01 2.493865242699422708e-17
8.894042968750000000e-01 2.463792329097722746e-17
8.895263671875000000e-01 5.135050559059384406e-18
8.896484375000000000e-01 4.587861714034525566e-17
8.897705078125000000e-01 -9.739417829943325914e-17
8.898925781250000000e-01 9.653686109972048511e-18
8.900146484375000000e-01 -1.059445126776879512e-16
8.901367187500000000e-01 -5.814186683233887380e-17
8.902587890625000000e-01 5.014865198903406678e-18
8.903808593750000000e-01 1.005087329826115671e-16
8.905029296875000000e-01 7.314415839093015803e-17
8.906250000000000000e-01 5.247363568340372766e-17
8.907470703125000000e-01 -4.938353036819648873e-17
8.908691406250000000e-01 6.736366465543293229e-17
8.909912109375000000e-01 -8.641267851901157383e-17
8.911132812500000000e-01 4.799378492478834418e-17
8.912353515625000000e-01 7.350291825075831066e-17
8.913574218750000000e-01 4.926679779215340453e-17
8.914794921875000000e-01 1.560812593601018161e-17
8.916015625000000000e-01 -2.981894225175463375e-17
8.917236328125000000e-01 -8.168944074590612672e-17
8.918457031250000000e-01 5.148293833258643129e-17
8.919677734375000000e-01 -6.193146435703531760e-17
8.920898437500000000e-01 1.893747724696631241e-18
8.922119140625000000e-01 1.324915984544313573e-17
8.923339843750000000e-01 5.854621657639460217e-17
8.924560546875000000e-01 -2.675475927975809575e-17
8.925781250000000000e-01 9.603053484397069055e-17
8.927001953125000000e-01 5.049257982196075224e-18
8.928222656250000000e-01 -6.592913864842432303e-17
8.929443359375000000e-01 -1.063063027513207020e-16
8.930664062500000000e-01 -2.108477570558077198e-17
8.931884765625000000e-01 -1.619993773864901715e-16
8.933105468750000000e-01 -3.485737346413347186e-17
8.934326171875000000e-01 -8.244582722538926100e-17
8.935546875000000000e-01 3.261182474425639073e-17
8.936767578125000000e-01 -1.076959001557208502e-16
8.937988281250000000e-01 7.859676095596652050e-18
8.939208984375000000e-01 -1.106259530108015361e-16
8.940429687500000000e-01 -3.873054305389872520e-17
8.941650390625000000e-01 -4.188871178536421802e-17
8.942871093750000000e-01 1.048436649892565521e-16
8.944091796875000000e-01 -1.314932751049088811e-17
8.945312500000000000e-01 9.270204181629024471e-17
8.946533203125000000e-01 -9.579194471636631940e-18
8.947753906250000000e-01 1.071361869444579925e-16
8.948974609375000000e-01 3.289221252461176903e-18
8.950195312500000000e-01 2.601789126399512516e-17
8.951416015625000000e-01 1.087535847164080961e-18
8.952636718750000000e-01 3.875277095088658265e-17
8.953857421875000000e-01 -2.540826617721829133e-17
8.955078125000000000e-01 2.999527207921660857e-17
8.956298828125000000e-01 7.598165560368231768e-18
8.957519531250000000e-01 5.469344444006267463e-17
8.958740234375000000e-01 -1.122949504409704777e-16
8.959960937500000000e-01 2.440385794679107204e-17
8.961181640625000000e-01 1.589254385576259601e-17
8.962402343750000000e-01 5.093038157146114715e-17
8.963623046875000000e-01 7.753215434127503150e-17
8.964843750000000000e-01 5.221937088677098395e-17
8.966064453125000000e-01 -7.395653649912915687e-17
8.967285156250000000e-01 -4.073546481618960392e-17
8.968505859375000000e-01 -2.033516520849254413e-17
8.969726562500000000e-01 6.504131490361484486e-17
8.970947265625000000e-01 2.210032767718815012e-17
8.972167968750000000e-01 4.078261346544631396e-17
8.973388671875000000e-01 2.678725077205016428e-17
8.974609375000000000e-01 5.511997178010471839e-17
8.975830078125000000e-01 -7.076337228995605810e-17
8.977050781250000000e-01 1.050952546348104525e-16
8.978271484375000000e-01 -4.958736056150471772e-17
8.979492187500000000e-01 6.054518872033411775e-18
8.980712890625000000e-01 -5.436891048563910683e-17
8.981933593750000000e-01 1.354102361855869406e-16
8.983154296875000000e-01 3.296265096647449805e-17
8.984375000000000000e-01 9.185703330977360245e-17
8.985595703125000000e-01 -3.754332195374062762e-17
8.986816406250000000e-01 5.251503192994995704e-17
8.988037109375000000e-01 -1.131741647824365133e-16
8.989257812500000000e-01 -4.517619791938115746e-18
8.990478515625000000e-01 1.039805289090498339e-17
8.991699218750000000e-01 3.348985795161134731e-17
8.992919921875000000e-01 8.677989620629225778e-17
8.994140625000000000e-01 4.264400318215868714e-17
8.995361328125000000e-01 -2.031204674470473972e-17
8.996582031250000000e-01 1.192998432665733065e-16
8.997802734375000000e-01 -3.889926925860216524e-17
8.999023437500000000e-01 -2.001953615926678724e-17
9.000244140625000000e-01 0.000000000000000000e+00
9.001464843750000000e-01 0.000000000000000000e+00
9.002685546875000000e-01 0.000000000000000000e+00
9.003906250000000000e-01 1.110223024625156540e-16
9.005126953125000000e-01 -1.110223024625156540e-16
9.006347656250000000e-01 -1.110223024625156540e-16
9.007568359375000000e-01 -2.220446049250313081e-16
9.008789062500000000e-01 0.000000000000000000e+00
9.010009765625000000e-01 0.000000000000000000e+00
9.011230468750000000e-01 -1.110223024625156540e-16
9.012451171875000000e-01 -2.220446049250313081e-16
9.013671875000000000e-01 -1.110223024625156540e-16
9.014892578125000000e-01 -1.110223024625156540e-16
9.016113281250000000e-01 1.110223024625156540e-16
9.017333984375000000e-01 -1.110223024625156540e-16
9.018554687500000000e-01 -1.110223024625156540e-16
9.019775390625000000e-01 0.000000000000000000e+00
9.020996093750000000e-01 -1.110223024625156540e-16
9.022216796875000000e-01 -1.110223024625156540e-16
9.023437500000000000e-01 1.110223024625156540e-16
9.024658203125000000e-01 -2.220446049250313081e-16
9.025878906250000000e-01 -1.110223024625156540e-16
9.027099609375000000e-01 -1.110223024625156540e-16
9.028320312500000000e-01 -1.110223024625156540e-16
9.029541015625000000e-01 -1.110223024625156540e-16
9.030761718750000000e-01 0.000000000000000000e+00
9.031982421875000000e-01 0.000000000000000000e+00
9.033203125000000000e-01 -1.110223024625156540e-16
9.034423828125000000e-01 -1.110223024625156540e-16
9.035644531250000000e-01 -1.110223024625156540e-16
9.036865234375000000e-01 -2.220446049250313081e-16
9.038085937500000000e-01 0.000000000000000000e+00
9.039306640625000000e-01 -1.110223024625156540e-16
9.040527343750000000e-01 0.000000000000000000e+00
9.041748046875000000e-01 -1.110223024625156540e-16
9.042968750000000000e-01 0.000000000000000000e+00
9.044189453125000000e-01 -1.665334536937734811e-16
9.045410156250000000e-01 0.000000000000000000e+00
9.046630859375000000e-01 -1.110223024625156540e-16
9.047851562500000000e-01 0.000000000000000000e+00
9.049072265625000000e-01 -1.110223024625156540e-16
9.050292968750000000e-01 1.110223024625156540e-16
9.051513671875000000e-01 -2.220446049250313081e-16
9.052734375000000000e-01 0.000000000000000000e+00
9.053955078125000000e-01 -1.110223024625156540e-16
9.055175781250000000e-01 -1.110223024625156540e-16
9.056396484375000000e-01 0.000000000000000000e+00
9.057617187500000000e-01 -1.110223024625156540e-16
9.058837890625000000e-01 -1.110223024625156540e-16
9.060058593750000000e-01 0.000000000000000000e+00
9.061279296875000000e-01 -1.110223024625156540e-16
9.062500000000000000e-01 1.110223024625156540e-16
9.063720703125000000e-01 0.000000000000000000e+00
9.064941406250000000e-01 1.665334536937734811e-16
9.066162109375000000e-01 -1.110223024625156540e-16
9.067382812500000000e-01 0.000000000000000000e+00
9.068603515625000000e-01 0.000000000000000000e+00
9.069824218750000000e-01 0.000000000000000000e+00
9.071044921875000000e-01 1.110223024625156540e-16
9.072265625000000000e-01 0.000000000000000000e+00
9.073486328125000000e-01 -1.110223024625156540e-16
9.074707031250000000e-01 1.110223024625156540e-16
9.075927734375000000e-01 0.000000000000000000e+00
9.077148437500000000e-01 0.000000000000000000e+00
9.078369140625000000e-01 0.000000000000000000e+00
9.079589843750000000e-01 0.000000000000000000e+00
9.080810546875000000e-01 -1.110223024625156540e-16
9.082031250000000000e-01 1.110223024625156540e-16
9.083251953125000000e-01 -1.110223024625156540e-16
9.084472656250000000e-01 0.000000000000000000e+00
9.085693359375000000e-01 -1.110223024625156540e-16
9.086914062500000000e-01 0.000000000000000000e+00
9.088134765625000000e-01 0.000000000000000000e+00
9.089355468750000000e-01 -1.110223024625156540e-16
9.090576171875000000e-01 0.000000000000000000e+00
9.091796875000000000e-01 0.000000000000000000e+00
9.093017578125000000e-01 -2.220446049250313081e-16
9.094238281250000000e-01 0.000000000000000000e+00
9.095458984375000000e-01 0.000000000000000000e+00
9.096679687500000000e-01 -1.110223024625156540e-16
9.097900390625000000e-01 0.000000000000000000e+00
9.099121093750000000e-01 0.000000000000000000e+00
9.100341796875000000e-01 -1.110223024625156540e-16
9.101562500000000000e-01 0.000000000000000000e+00
9.102783203125000000e-01 -1.110223024625156540e-16
9.104003906250000000e-01 1.110223024625156540e-16
9.105224609375000000e-01 0.000000000000000000e+00
9.106445312500000000e-01 1.110223024625156540e-16
9.107666015625000000e-01 -1.110223024625156540e-16
9.108886718750000000e-01 0.000000000000000000e+00
9.110107421875000000e-01 0.000000000000000000e+00
9.111328125000000000e-01 0.000000000000000000e+00
9.112548828125000000e-01 0.000000000000000000e+00
9.113769531250000000e-01 0.000000000000000000e+00
9.114990234375000000e-01 -1.110223024625156540e-16
9.116210937500000000e-01 0.000000000000000000e+00
9.117431640625000000e-01 -1.110223024625156540e-16
9.118652343750000000e-01 1.110223024625156540e-16
9.119873046875000000e-01 -1.110223024625156540e-16
9.121093750000000000e-01 0.000000000000000000e+00
9.122314453125000000e-01 -1.110223024625156540e-16
9.123535156250000000e-01 0.000000000000000000e+00
9.124755859375000000e-01 -1.110223024625156540e-16
9.125976562500000000e-01 1.110223024625156540e-16
9.127197265625000000e-01 0.000000000000000000e+00
9.128417968750000000e-01 0.000000000000000000e+00
9.129638671875000000e-01 0.000000000000000000e+00
9.130859375000000000e-01 0.000000000000000000e+00
9.132080078125000000e-01 0.000000000000000000e+00
9.133300781250000000e-01 1.110223024625156540e-16
9.134521484375000000e-01 -1.110223024625156540e-16
9.135742187500000000e-01 0.000000000000000000e+00
9.136962890625000000e-01 -1.110223024625156540e-16
9.138183593750000000e-01 1.665334536937734811e-16
9.139404296875000000e-01 0.000000000000000000e+00
9.140625000000000000e-01 1.110223024625156540e-16
9.141845703125000000e-01 -1.110223024625156540e-16
9.143066406250000000e-01 1.110223024625156540e-16
9.144287109375000000e-01 -1.110223024625156540e-16
9.145507812500000000e-01 -5.551115123125782702e-17
9.146728515625000000e-01 5.551115123125782702e-17
9.147949218750000000e-01 1.665334536937734811e-16
9.149169921875000000e-01 0.000000000000000000e+00
9.150390625000000000e-01 0.000000000000000000e+00
9.151611328125000000e-01 0.000000000000000000e+00
9.152832031250000000e-01 1.110223024625156540e-16
9.154052734375000000e-01 -1.110223024625156540e-16
9.155273437500000000e-01 -1.110223024625156540e-16
9.156494140625000000e-01 -1.110223024625156540e-16
9.157714843750000000e-01 1.110223024625156540e-16
9.158935546875000000e-01 0.000000000000000000e+00
9.160156250000000000e-01 0.000000000000000000e+00
9.161376953125000000e-01 0.000000000000000000e+00
9.162597656250000000e-01 0.000000000000000000e+00
9.163818359375000000e-01 -1.110223024625156540e-16
9.165039062500000000e-01 0.000000000000000000e+00
9.166259765625000000e-01 -1.110223024625156540e-16
9.167480468750000000e-01 0.000000000000000000e+00
9.168701171875000000e-01 0.000000000000000000e+00
9.169921875000000000e-01 0.000000000000000000e+00
9.171142578125000000e-01 0.000000000000000000e+00
9.172363281250000000e-01 1.110223024625156540e-16
9.173583984375000000e-01 -1.110223024625156540e-16
9.174804687500000000e-01 -1.110223024625156540e-16
9.176025390625000000e-01 0.000000000000000000e+00
9.177246093750000000e-01 1.110223024625156540e-16
9.178466796875000000e-01 -1.110223024625156540e-16
9.179687500000000000e-01 0.000000000000000000e+00
9.180908203125000000e-01 -1.110223024625156540e-16
9.182128906250000000e-01 2.220446049250313081e-16
9.183349609375000000e-01 0.000000000000000000e+00
9.184570312500000000e-01 0.000000000000000000e+00
9.185791015625000000e-01 -1.110223024625156540e-16
9.187011718750000000e-01 1.110223024625156540e-16
9.188232421875000000e-01 0.000000000000000000e+00
9.189453125000000000e-01 0.000000000000000000e+00
9.190673828125000000e-01 0.000000000000000000e+00
9.191894531250000000e-01 1.110223024625156540e-16
9.193115234375000000e-01 0.000000000000000000e+00
9.194335937500000000e-01 1.110223024625156540e-16
9.195556640625000000e-01 -1.110223024625156540e-16
9.196777343750000000e-01 0.000000000000000000e+00
9.197998046875000000e-01 -1.110223024625156540e-16
9.199218750000000000e-01 0.000000000000000000e+00
9.200439453125000000e-01 -1.110223024625156540e-16
9.201660156250000000e-01 0.000000000000000000e+00
9.202880859375000000e-01 0.000000000000000000e+00
9.204101562500000000e-01 1.665334536937734811e-16
9.205322265625000000e-01 -1.665334536937734811e-16
9.206542968750000000e-01 1.110223024625156540e-16
9.207763671875000000e-01 0.000000000000000000e+00
9.208984375000000000e-01 0.000000000000000000e+00
9.210205078125000000e-01 -1.110223024625156540e-16
9.211425781250000000e-01 -1.110223024625156540e-16
9.212646484375000000e-01 -1.110223024625156540e-16
9.213867187500000000e-01 -1.665334536937734811e-16
9.215087890625000000e-01 -1.110223024625156540e-16
9.216308593750000000e-01 1.110223024625156540e-16
9.217529296875000000e-01 -1.110223024625156540e-16
9.218750000000000000e-01 0.000000000000000000e+00
9.219970703125000000e-01 -1.110223024625156540e-16
9.221191406250000000e-01 -1.110223024625156540e-16
9.222412109375000000e-01 -1.665334536937734811e-16
9.223632812500000000e-01 0.000000000000000000e+00
9.224853515625000000e-01 0.000000000000000000e+00
9.226074218750000000e-01 -1.110223024625156540e-16
9.227294921875000000e-01 1.110223024625156540e-16
9.228515625000000000e-01 -1.110223024625156540e-16
9.229736328125000000e-01 -1.665334536937734811e-16
9.230957031250000000e-01 0.000000000000000000e+00
9.232177734375000000e-01 -1.110223024625156540e-16
9.233398437500000000e-01 -1.110223024625156540e-16
9.234619140625000000e-01 -1.110223024625156540e-16
9.235839843750000000e-01 0.000000000000000000e+00
9.237060546875000000e-01 0.000000000000000000e+00
9.238281250000000000e-01 1.665334536937734811e-16
9.239501953125000000e-01 -1.110223024625156540e-16
9.240722656250000000e-01 -1.110223024625156540e-16
9.241943359375000000e-01 -1.110223024625156540e-16
9.243164062500000000e-01 5.551115123125782702e-17
9.244384765625000000e-01 -4.440892098500626162e-16
9.245605468750000000e-01 0.000000000000000000e+00
9.246826171875000000e-01 0.000000000000000000e+00
9.248046875000000000e-01 -1.665334536937734811e-16
9.249267578125000000e-01 -1.110223024625156540e-16
9.250488281250000000e-01 0.000000000000000000e+00
9.251708984375000000e-01 -2.220446049250313081e-16
9.252929687500000000e-01 -1.110223024625156540e-16
9.254150390625000000e-01 -1.110223024625156540e-16
9.255371093750000000e-01 0.000000000000000000e+00
9.256591796875000000e-01 -1.110223024625156540e-16
9.257812500000000000e-01 0.000000000000000000e+00
9.259033203125000000e-01 -1.110223024625156540e-16
9.260253906250000000e-01 -1.110223024625156540e-16
9.261474609375000000e-01 -1.110223024625156540e-16
9.262695312500000000e-01 0.000000000000000000e+00
9.263916015625000000e-01 -1.110223024625156540e-16
9.265136718750000000e-01 5.551115123125782702e-17
9.266357421875000000e-01 -1.110223024625156540e-16
9.267578125000000000e-01 -5.551115123125782702e-17
9.268798828125000000e-01 -1.110223024625156540e-16
9.270019531250000000e-01 0.000000000000000000e+00
9.271240234375000000e-01 0.000000000000000000e+00
9.272460937500000000e-01 -1.110223024625156540e-16
9.273681640625000000e-01 -1.110223024625156540e-16
9.274902343750000000e-01 0.000000000000000000e+00
9.276123046875000000e-01 -1.110223024625156540e-16
9.277343750000000000e-01 0.000000000000000000e+00
9.278564453125000000e-01 -1.110223024625156540e-16
9.279785156250000000e-01 -1.110223024625156540e-16
9.281005859375000000e-01 -1.110223024625156540e-16
9.282226562500000000e-01 0.000000000000000000e+00
9.283447265625000000e-01 -1.110223024625156540e-16
9.284667968750000000e-01 -1.110223024625156540e-16
9.285888671875000000e-01 0.000000000000000000e+00
9.287109375000000000e-01 0.000000000000000000e+00
9.288330078125000000e-01 -1.110223024625156540e-16
9.289550781250000000e-01 0.000000000000000000e+00
9.290771484375000000e-01 -1.110223024625156540e-16
9.291992187500000000e-01 -1.665334536937734811e-16
9.293212890625000000e-01 -1.110223024625156540e-16
9.294433593750000000e-01 0.000000000000000000e+00
9.295654296875000000e-01 0.000000000000000000e+00
9.296875000000000000e-01 0.000000000000000000e+00
9.298095703125000000e-01 -1.665334536937734811e-16
9.299316406250000000e-01 0.000000000000000000e+00
9.300537109375000000e-01 -1.665334536937734811e-16
9.301757812500000000e-01 0.000000000000000000e+00
9.302978515625000000e-01 -5.551115123125782702e-17
9.304199218750000000e-01 0.000000000000000000e+00
9.305419921875000000e-01 0.000000000000000000e+00
9.306640625000000000e-01 -1.665334536937734811e-16
9.307861328125000000e-01 -1.110223024625156540e-16
9.309082031250000000e-01 0.000000000000000000e+00
9.310302734375000000e-01 -1.110223024625156540e-16
9.311523437500000000e-01 -1.110223024625156540e-16
9.312744140625000000e-01 -1.665334536937734811e-16
9.313964843750000000e-01 0.000000000000000000e+00
9.315185546875000000e-01 -1.110223024625156540e-16
9.316406250000000000e-01 0.000000000000000000e+00
9.317626953125000000e-01 -1.110223024625156540e-16
9.318847656250000000e-01 -3.330669073875469621e-16
9.320068359375000000e-01 -1.110223024625156540e-16
9.321289062500000000e-01 0.000000000000000000e+00
9.322509765625000000e-01 -1.110223024625156540e-16
9.323730468750000000e-01 -1.110223024625156540e-16
9.324951171875000000e-01 1.110223024625156540e-16
9.326171875000000000e-01 -1.110223024625156540e-16
9.327392578125000000e-01 -1.110223024625156540e-16
9.328613281250000000e-01 0.000000000000000000e+00
9.329833984375000000e-01 0.000000000000000000e+00
9.331054687500000000e-01 -1.110223024625156540e-16
9.332275390625000000e-01 -1.110223024625156540e-16
9.333496093750000000e-01 0.000000000000000000e+00
9.334716796875000000e-01 0.000000000000000000e+00
9.335937500000000000e-01 0.000000000000000000e+00
9.337158203125000000e-01 -2.220446049250313081e-16
9.338378906250000000e-01 -1.110223024625156540e-16
9.339599609375000000e-01 -1.110223024625156540e-16
9.340820312500000000e-01 0.000000000000000000e+00
9.342041015625000000e-01 -1.665334536937734811e-16
9.343261718750000000e-01 -1.110223024625156540e-16
9.344482421875000000e-01 -1.110223024625156540e-16
9.345703125000000000e-01 -1.110223024625156540e-16
9.346923828125000000e-01 -1.110223024625156540e-16
9.348144531250000000e-01 -1.110223024625156540e-16
9.349365234375000000e-01 -1.110223024625156540e-16
9.350585937500000000e-01 -1.110223024625156540e-16
9.351806640625000000e-01 -1.110223024625156540e-16
9.353027343750000000e-01 -1.110223024625156540e-16
9.354248046875000000e-01 -1.110223024625156540e-16
9.355468750000000000e-01 0.000000000000000000e+00
9.356689453125000000e-01 -1.110223024625156540e-16
9.357910156250000000e-01 0.000000000000000000e+00
9.359130859375000000e-01 -1.110223024625156540e-16
9.360351562500000000e-01 0.000000000000000000e+00
9.361572265625000000e-01 -1.665334536937734811e-16
9.362792968750000000e-01 -1.110223024625156540e-16
9.364013671875000000e-01 0.000000000000000000e+00
9.365234375000000000e-01 0.000000000000000000e+00
9.366455078125000000e-01 -2.220446049250313081e-16
9.367675781250000000e-01 -1.110223024625156540e-16
9.368896484375000000e-01 -1.110223024625156540e-16
9.370117187500000000e-01 -1.110223024625156540e-16
9.371337890625000000e-01 -1.110223024625156540e-16
9.372558593750000000e-01 0.000000000000000000e+00
9.373779296875000000e-01 -1.110223024625156540e-16
9.375000000000000000e-01 0.000000000000000000e+00
9.376220703125000000e-01 -1.110223024625156540e-16
9.377441406250000000e-01 -1.110223024625156540e-16
9.378662109375000000e-01 -1.665334536937734811e-16
9.379882812500000000e-01 0.000000000000000000e+00
9.381103515625000000e-01 -5.551115123125782702e-17
9.382324218750000000e-01 -1.110223024625156540e-16
9.383544921875000000e-01 0.000000000000000000e+00
9.384765625000000000e-01 0.000000000000000000e+00
9.385986328125000000e-01 -1.110223024625156540e-16
9.387207031250000000e-01 0.000000000000000000e+00
9.388427734375000000e-01 -1.110223024625156540e-16
9.389648437500000000e-01 -1.110223024625156540e-16
9.390869140625000000e-01 -1.110223024625156540e-16
9.392089843750000000e-01 0.000000000000000000e+00
9.393310546875000000e-01 0.000000000000000000e+00
9.394531250000000000e-01 2.220446049250313081e-16
9.395751953125000000e-01 -1.110223024625156540e-16
9.396972656250000000e-01 -1.110223024625156540e-16
9.398193359375000000e-01 -1.665334536937734811e-16
9.399414062500000000e-01 0.000000000000000000e+00
9.400634765625000000e-01 -1.665334536937734811e-16
9.401855468750000000e-01 -1.110223024625156540e-16
9.403076171875000000e-01 2.220446049250313081e-16
9.404296875000000000e-01 -1.110223024625156540e-16
9.405517578125000000e-01 -2.220446049250313081e-16
9.406738281250000000e-01 0.000000000000000000e+00
9.407958984375000000e-01 -1.110223024625156540e-16
9.409179687500000000e-01 -5.551115123125782702e-17
9.410400390625000000e-01 -1.110223024625156540e-16
9.411621093750000000e-01 -1.110223024625156540e-16
9.412841796875000000e-01 -3.330669073875469621e-16
9.414062500000000000e-01 1.110223024625156540e-16
9.415283203125000000e-01 -1.110223024625156540e-16
9.416503906250000000e-01 0.000000000000000000e+00
9.417724609375000000e-01 -1.110223024625156540e-16
9.418945312500000000e-01 0.000000000000000000e+00
9.420166015625000000e-01 -1.110223024625156540e-16
9.421386718750000000e-01 0.000000000000000000e+00
9.422607421875000000e-01 -1.110223024625156540e-16
9.423828125000000000e-01 -5.551115123125782702e-17
9.425048828125000000e-01 -1.110223024625156540e-16
9.426269531250000000e-01 0.000000000000000000e+00
9.427490234375000000e-01 0.000000000000000000e+00
9.428710937500000000e-01 0.000000000000000000e+00
9.429931640625000000e-01 -1.110223024625156540e-16
9.431152343750000000e-01 0.000000000000000000e+00
9.432373046875000000e-01 -1.110223024625156540e-16
9.433593750000000000e-01 0.000000000000000000e+00
9.434814453125000000e-01 -1.665334536937734811e-16
9.436035156250000000e-01 -1.110223024625156540e-16
9.437255859375000000e-01 -1.665334536937734811e-16
9.438476562500000000e-01 1.110223024625156540e-16
9.439697265625000000e-01 -1.110223024625156540e-16
9.440917968750000000e-01 0.000000000000000000e+00
9.442138671875000000e-01 -1.110223024625156540e-16
9.443359375000000000e-01 1.110223024625156540e-16
9.444580078125000000e-01 -1.110223024625156540e-16
9.445800781250000000e-01 0.000000000000000000e+00
9.447021484375000000e-01 -1.110223024625156540e-16
9.448242187500000000e-01 -5.551115123125782702e-17
9.449462890625000000e-01 -2.220446049250313081e-16
9.450683593750000000e-01 0.000000000000000000e+00
9.451904296875000000e-01 0.000000000000000000e+00
9.453125000000000000e-01 0.000000000000000000e+00
9.454345703125000000e-01 -1.110223024625156540e-16
9.455566406250000000e-01 -1.110223024625156540e-16
9.456787109375000000e-01 -1.110223024625156540e-16
9.458007812500000000e-01 -1.110223024625156540e-16
9.459228515625000000e-01 1.110223024625156540e-16
9.460449218750000000e-01 0.000000000000000000e+00
9.461669921875000000e-01 1.110223024625156540e-16
9.462890625000000000e-01 -5.551115123125782702e-17
9.464111328125000000e-01 -1.110223024625156540e-16
9.465332031250000000e-01 0.000000000000000000e+00
9.466552734375000000e-01 -1.110223024625156540e-16
9.467773437500000000e-01 -1.110223024625156540e-16
9.468994140625000000e-01 -2.220446049250313081e-16
9.470214843750000000e-01 0.000000000000000000e+00
9.471435546875000000e-01 -1.110223024625156540e-16
9.472656250000000000e-01 1.110223024625156540e-16
9.473876953125000000e-01 -1.110223024625156540e-16
9.475097656250000000e-01 -1.110223024625156540e-16
9.476318359375000000e-01 -3.885780586188047891e-16
9.477539062500000000e-01 0.000000000000000000e+00
9.478759765625000000e-01 0.000000000000000000e+00
9.479980468750000000e-01 0.000000000000000000e+00
9.481201171875000000e-01 2.220446049250313081e-16
9.482421875000000000e-01 0.000000000000000000e+00
9.483642578125000000e-01 -1.110223024625156540e-16
9.484863281250000000e-01 1.110223024625156540e-16
9.486083984375000000e-01 -1.110223024625156540e-16
9.487304687500000000e-01 -1.110223024625156540e-16
9.488525390625000000e-01 -1.110223024625156540e-16
9.489746093750000000e-01 0.000000000000000000e+00
9.490966796875000000e-01 -2.220446049250313081e-16
9.492187500000000000e-01 0.000000000000000000e+00
9.493408203125000000e-01 -1.665334536937734811e-16
9.494628906250000000e-01 0.000000000000000000e+00
9.495849609375000000e-01 -1.110223024625156540e-16
9.497070312500000000e-01 0.000000000000000000e+00
9.498291015625000000e-01 -1.110223024625156540e-16
9.499511718750000000e-01 -1.110223024625156540e-16
9.500732421875000000e-01 0.000000000000000000e+00
9.501953125000000000e-01 -5.551115123125782702e-17
9.503173828125000000e-01 -1.110223024625156540e-16
9.504394531250000000e-01 0.000000000000000000e+00
9.505615234375000000e-01 -1.110223024625156540e-16
9.506835937500000000e-01 0.000000000000000000e+00
9.508056640625000000e-01 -2.220446049250313081e-16
9.509277343750000000e-01 0.000000000000000000e+00
9.510498046875000000e-01 -1.110223024625156540e-16
9.511718750000000000e-01 0.000000000000000000e+00
9.512939453125000000e-01 -1.110223024625156540e-16
9.514160156250000000e-01 -1.110223024625156540e-16
9.515380859375000000e-01 -1.110223024625156540e-16
9.516601562500000000e-01 1.665334536937734811e-16
9.517822265625000000e-01 -1.665334536937734811e-16
9.519042968750000000e-01 0.000000000000000000e+00
9.520263671875000000e-01 0.000000000000000000e+00
9.521484375000000000e-01 1.665334536937734811e-16
9.522705078125000000e-01 -2.220446049250313081e-16
9.523925781250000000e-01 -1.110223024625156540e-16
9.525146484375000000e-01 0.000000000000000000e+00
9.526367187500000000e-01 0.000000000000000000e+00
9.527587890625000000e-01 -2.220446049250313081e-16
9.528808593750000000e-01 -1.110223024625156540e-16
9.530029296875000000e-01 -1.110223024625156540e-16
9.531250000000000000e-01 1.110223024625156540e-16
9.532470703125000000e-01 0.000000000000000000e+00
9.533691406250000000e-01 0.000000000000000000e+00
9.534912109375000000e-01 -1.665334536937734811e-16
9.536132812500000000e-01 0.000000000000000000e+00
9.537353515625000000e-01 0.000000000000000000e+00
9.538574218750000000e-01 -1.110223024625156540e-16
9.539794921875000000e-01 1.110223024625156540e-16
9.541015625000000000e-01 -5.551115123125782702e-17
9.542236328125000000e-01 -1.110223024625156540e-16
9.543457031250000000e-01 -1.110223024625156540e-16
9.544677734375000000e-01 -1.110223024625156540e-16
9.545898437500000000e-01 0.000000000000000000e+00
9.547119140625000000e-01 -1.110223024625156540e-16
9.548339843750000000e-01 1.110223024625156540e-16
9.549560546875000000e-01 0.000000000000000000e+00
9.550781250000000000e-01 1.665334536937734811e-16
9.552001953125000000e-01 -1.110223024625156540e-16
9.553222656250000000e-01 -2.220446049250313081e-16
9.554443359375000000e-01 -1.110223024625156540e-16
9.555664062500000000e-01 1.110223024625156540e-16
9.556884765625000000e-01 -1.665334536937734811e-16
9.558105468750000000e-01 -1.110223024625156540e-16
9.559326171875000000e-01 -1.110223024625156540e-16
9.560546875000000000e-01 -5.551115123125782702e-17
9.561767578125000000e-01 -1.110223024625156540e-16
9.562988281250000000e-01 0.000000000000000000e+00
9.564208984375000000e-01 -1.110223024625156540e-16
9.565429687500000000e-01 0.000000000000000000e+00
9.566650390625000000e-01 -1.665334536937734811e-16
9.567871093750000000e-01 0.000000000000000000e+00
9.569091796875000000e-01 -1.110223024625156540e-16
9.570312500000000000e-01 0.000000000000000000e+00
9.571533203125000000e-01 -1.110223024625156540e-16
9.572753906250000000e-01 0.000000000000000000e+00
9.573974609375000000e-01 -1.110223024625156540e-16
9.575195312500000000e-01 0.000000000000000000e+00
9.576416015625000000e-01 -1.665334536937734811e-16
9.577636718750000000e-01 -1.110223024625156540e-16
9.578857421875000000e-01 -1.110223024625156540e-16
9.580078125000000000e-01 -5.551115123125782702e-17
9.581298828125000000e-01 0.000000000000000000e+00
9.582519531250000000e-01 0.000000000000000000e+00
9.583740234375000000e-01 -1.110223024625156540e-16
9.584960937500000000e-01 0.000000000000000000e+00
9.586181640625000000e-01 -1.110223024625156540e-16
9.587402343750000000e-01 1.110223024625156540e-16
9.588623046875000000e-01 0.000000000000000000e+00
9.589843750000000000e-01 0.000000000000000000e+00
9.591064453125000000e-01 -1.110223024625156540e-16
9.592285156250000000e-01 -1.110223024625156540e-16
9.593505859375000000e-01 -5.551115123125782702e-17
9.594726562500000000e-01 1.110223024625156540e-16
9.595947265625000000e-01 -5.551115123125782702e-17
9.597167968750000000e-01 0.000000000000000000e+00
9.598388671875000000e-01 -1.110223024625156540e-16
9.599609375000000000e-01 1.665334536937734811e-16
9.600830078125000000e-01 0.000000000000000000e+00
9.602050781250000000e-01 -1.110223024625156540e-16
9.603271484375000000e-01 -1.110223024625156540e-16
9.604492187500000000e-01 5.551115123125782702e-17
9.605712890625000000e-01 -1.110223024625156540e-16
9.606933593750000000e-01 0.000000000000000000e+00
9.608154296875000000e-01 0.000000000000000000e+00
9.609375000000000000e-01 0.000000000000000000e+00
9.610595703125000000e-01 -1.665334536937734811e-16
9.611816406250000000e-01 -5.551115123125782702e-17
9.613037109375000000e-01 -1.110223024625156540e-16
9.614257812500000000e-01 -1.110223024625156540e-16
9.615478515625000000e-01 5.551115123125782702e-17
9.616699218750000000e-01 -1.110223024625156540e-16
9.617919921875000000e-01 0.000000000000000000e+00
9.619140625000000000e-01 -5.551115123125782702e-17
9.620361328125000000e-01 -1.110223024625156540e-16
9.621582031250000000e-01 1.110223024625156540e-16
9.622802734375000000e-01 -1.110223024625156540e-16
9.624023437500000000e-01 0.000000000000000000e+00
9.625244140625000000e-01 -1.665334536937734811e-16
9.626464843750000000e-01 -1.110223024625156540e-16
9.627685546875000000e-01 0.000000000000000000e+00
9.628906250000000000e-01 1.110223024625156540e-16
9.630126953125000000e-01 -1.110223024625156540e-16
9.631347656250000000e-01 0.000000000000000000e+00
9.632568359375000000e-01 -2.220446049250313081e-16
9.633789062500000000e-01 1.110223024625156540e-16
9.635009765625000000e-01 -1.110223024625156540e-16
9.636230468750000000e-01 0.000000000000000000e+00
9.637451171875000000e-01 0.000000000000000000e+00
9.638671875000000000e-01 0.000000000000000000e+00
9.639892578125000000e-01 -1.110223024625156540e-16
9.641113281250000000e-01 0.000000000000000000e+00
9.642333984375000000e-01 0.000000000000000000e+00
9.643554687500000000e-01 0.000000000000000000e+00
9.644775390625000000e-01 -2.220446049250313081e-16
9.645996093750000000e-01 0.000000000000000000e+00
9.647216796875000000e-01 0.000000000000000000e+00
9.648437500000000000e-01 1.110223024625156540e-16
9.649658203125000000e-01 -3.330669073875469621e-16
9.650878906250000000e-01 0.000000000000000000e+00
9.652099609375000000e-01 -1.110223024625156540e-16
9.653320312500000000e-01 -1.110223024625156540e-16
9.654541015625000000e-01 -1.665334536937734811e-16
9.655761718750000000e-01 -1.110223024625156540e-16
9.656982421875000000e-01 -1.110223024625156540e-16
9.658203125000000000e-01 -1.110223024625156540e-16
9.659423828125000000e-01 -1.110223024625156540e-16
9.660644531250000000e-01 -1.110223024625156540e-16
9.661865234375000000e-01 -3.330669073875469621e-16
9.663085937500000000e-01 0.000000000000000000e+00
9.664306640625000000e-01 -2.220446049250313081e-16
9.665527343750000000e-01 0.000000000000000000e+00
9.666748046875000000e-01 -1.110223024625156540e-16
9.667968750000000000e-01 2.220446049250313081e-16
9.669189453125000000e-01 -1.110223024625156540e-16
9.670410156250000000e-01 0.000000000000000000e+00
9.671630859375000000e-01 -1.110223024625156540e-16
9.672851562500000000e-01 1.110223024625156540e-16
9.674072265625000000e-01 -5.551115123125782702e-17
9.675292968750000000e-01 1.110223024625156540e-16
9.676513671875000000e-01 -1.110223024625156540e-16
9.677734375000000000e-01 1.110223024625156540e-16
9.678955078125000000e-01 -1.110223024625156540e-16
9.680175781250000000e-01 0.000000000000000000e+00
9.681396484375000000e-01 -1.110223024625156540e-16
9.682617187500000000e-01 0.000000000000000000e+00
9.683837890625000000e-01 -1.665334536937734811e-16
9.685058593750000000e-01 1.110223024625156540e-16
9.686279296875000000e-01 -1.110223024625156540e-16
9.687500000000000000e-01 1.665334536937734811e-16
9.688720703125000000e-01 -1.110223024625156540e-16
9.689941406250000000e-01 1.110223024625156540e-16
9.691162109375000000e-01 -1.665334536937734811e-16
9.692382812500000000e-01 0.000000000000000000e+00
9.693603515625000000e-01 -5.551115123125782702e-17
9.694824218750000000e-01 0.000000000000000000e+00
9.696044921875000000e-01 0.000000000000000000e+00
9.697265625000000000e-01 -1.110223024625156540e-16
9.698486328125000000e-01 -1.665334536937734811e-16
9.699707031250000000e-01 0.000000000000000000e+00
9.700927734375000000e-01 -1.110223024625156540e-16
9.702148437500000000e-01 0.000000000000000000e+00
9.703369140625000000e-01 -1.665334536937734811e-16
9.704589843750000000e-01 0.000000000000000000e+00
9.705810546875000000e-01 0.000000000000000000e+00
9.707031250000000000e-01 2.775557561562891351e-16
9.708251953125000000e-01 0.000000000000000000e+00
9.709472656250000000e-01 -1.110223024625156540e-16
9.710693359375000000e-01 -1.110223024625156540e-16
9.711914062500000000e-01 -5.551115123125782702e-17
9.713134765625000000e-01 -1.110223024625156540e-16
9.714355468750000000e-01 0.000000000000000000e+00
9.715576171875000000e-01 0.000000000000000000e+00
9.716796875000000000e-01 -1.110223024625156540e-16
9.718017578125000000e-01 -2.220446049250313081e-16
9.719238281250000000e-01 0.000000000000000000e+00
9.720458984375000000e-01 -1.110223024625156540e-16
9.721679687500000000e-01 -1.110223024625156540e-16
9.722900390625000000e-01 -2.220446049250313081e-16
9.724121093750000000e-01 -1.110223024625156540e-16
9.725341796875000000e-01 -2.220446049250313081e-16
9.726562500000000000e-01 0.000000000000000000e+00
9.727783203125000000e-01 -1.110223024625156540e-16
9.729003906250000000e-01 0.000000000000000000e+00
9.730224609375000000e-01 0.000000000000000000e+00
9.731445312500000000e-01 -5.551115123125782702e-17
9.732666015625000000e-01 -1.665334536937734811e-16
9.733886718750000000e-01 -5.551115123125782702e-17
9.735107421875000000e-01 0.000000000000000000e+00
9.736328125000000000e-01 -5.551115123125782702e-17
9.737548828125000000e-01 0.000000000000000000e+00
9.738769531250000000e-01 -5.551115123125782702e-17
9.739990234375000000e-01 -1.665334536937734811e-16
9.741210937500000000e-01 0.000000000000000000e+00
9.742431640625000000e-01 -1.665334536937734811e-16
9.743652343750000000e-01 0.000000000000000000e+00
9.744873046875000000e-01 -1.110223024625156540e-16
9.746093750000000000e-01 5.551115123125782702e-17
9.747314453125000000e-01 -5.551115123125782702e-17
9.748535156250000000e-01 -1.110223024625156540e-16
9.749755859375000000e-01 -1.665334536937734811e-16
9.750976562500000000e-01 -1.110223024625156540e-16
9.752197265625000000e-01 0.000000000000000000e+00
9.753417968750000000e-01 0.000000000000000000e+00
9.754638671875000000e-01 -1.110223024625156540e-16
9.755859375000000000e-01 1.110223024625156540e-16
9.757080078125000000e-01 -1.110223024625156540e-16
9.758300781250000000e-01 0.000000000000000000e+00
9.759521484375000000e-01 -1.110223024625156540e-16
9.760742187500000000e-01 -5.551115123125782702e-17
9.761962890625000000e-01 -1.665334536937734811e-16
9.763183593750000000e-01 0.000000000000000000e+00
9.764404296875000000e-01 0.000000000000000000e+00
9.765625000000000000e-01 0.000000000000000000e+00
9.766845703125000000e-01 -5.551115123125782702e-17
9.768066406250000000e-01 -1.110223024625156540e-16
9.769287109375000000e-01 0.000000000000000000e+00
9.770507812500000000e-01 -1.110223024625156540e-16
9.771728515625000000e-01 5.551115123125782702e-17
9.772949218750000000e-01 0.000000000000000000e+00
9.774169921875000000e-01 1.110223024625156540e-16
9.775390625000000000e-01 0.000000000000000000e+00
9.776611328125000000e-01 -1.110223024625156540e-16
9.777832031250000000e-01 -1.110223024625156540e-16
9.779052734375000000e-01 -1.665334536937734811e-16
9.780273437500000000e-01 0.000000000000000000e+00
9.781494140625000000e-01 -1.665334536937734811e-16
9.782714843750000000e-01 0.000000000000000000e+00
9.783935546875000000e-01 0.000000000000000000e+00
9.785156250000000000e-01 0.000000000000000000e+00
9.786376953125000000e-01 0.000000000000000000e+00
9.787597656250000000e-01 -2.220446049250313081e-16
9.788818359375000000e-01 -1.110223024625156540e-16
9.790039062500000000e-01 0.000000000000000000e+00
9.791259765625000000e-01 0.000000000000000000e+00
9.792480468750000000e-01 -1.110223024625156540e-16
9.793701171875000000e-01 0.000000000000000000e+00
9.794921875000000000e-01 -1.110223024625156540e-16
9.796142578125000000e-01 -1.110223024625156540e-16
9.797363281250000000e-01 0.000000000000000000e+00
9.798583984375000000e-01 -2.220446049250313081e-16
9.799804687500000000e-01 0.000000000000000000e+00
9.801025390625000000e-01 -1.110223024625156540e-16
9.802246093750000000e-01 0.000000000000000000e+00
9.803466796875000000e-01 -1.110223024625156540e-16
9.804687500000000000e-01 1.110223024625156540e-16
9.805908203125000000e-01 -2.220446049250313081e-16
9.807128906250000000e-01 1.110223024625156540e-16
9.808349609375000000e-01 -1.110223024625156540e-16
9.809570312500000000e-01 0.000000000000000000e+00
9.810791015625000000e-01 -5.551115123125782702e-17
9.812011718750000000e-01 -1.110223024625156540e-16
9.813232421875000000e-01 0.000000000000000000e+00
9.814453125000000000e-01 -5.551115123125782702e-17
9.815673828125000000e-01 -1.110223024625156540e-16
9.816894531250000000e-01 0.000000000000000000e+00
9.818115234375000000e-01 -2.220446049250313081e-16
9.819335937500000000e-01 1.110223024625156540e-16
9.820556640625000000e-01 -1.110223024625156540e-16
9.821777343750000000e-01 0.000000000000000000e+00
9.822998046875000000e-01 -1.665334536937734811e-16
9.824218750000000000e-01 0.000000000000000000e+00
9.825439453125000000e-01 -1.110223024625156540e-16
9.826660156250000000e-01 0.000000000000000000e+00
9.827880859375000000e-01 -2.220446049250313081e-16
9.829101562500000000e-01 1.665334536937734811e-16
9.830322265625000000e-01 -2.220446049250313081e-16
9.831542968750000000e-01 0.000000000000000000e+00
9.832763671875000000e-01 -1.110223024625156540e-16
9.833984375000000000e-01 1.665334536937734811e-16
9.835205078125000000e-01 -1.665334536937734811e-16
9.836425781250000000e-01 0.000000000000000000e+00
9.837646484375000000e-01 -1.110223024625156540e-16
9.838867187500000000e-01 -2.220446049250313081e-16
9.840087890625000000e-01 -1.110223024625156540e-16
9.841308593750000000e-01 1.110223024625156540e-16
9.842529296875000000e-01 0.000000000000000000e+00
9.843750000000000000e-01 0.000000000000000000e+00
9.844970703125000000e-01 -1.665334536937734811e-16
9.846191406250000000e-01 -1.110223024625156540e-16
9.847412109375000000e-01 -1.110223024625156540e-16
9.848632812500000000e-01 0.000000000000000000e+00
9.849853515625000000e-01 0.000000000000000000e+00
9.851074218750000000e-01 -1.110223024625156540e-16
9.852294921875000000e-01 1.110223024625156540e-16
9.853515625000000000e-01 -1.110223024625156540e-16
9.854736328125000000e-01 -1.665334536937734811e-16
9.855957031250000000e-01 -1.110223024625156540e-16
9.857177734375000000e-01 -1.110223024625156540e-16
9.858398437500000000e-01 -1.665334536937734811e-16
9.859619140625000000e-01 -2.220446049250313081e-16
9.860839843750000000e-01 -1.110223024625156540e-16
9.862060546875000000e-01 0.000000000000000000e+00
9.863281250000000000e-01 1.110223024625156540e-16
9.864501953125000000e-01 -1.110223024625156540e-16
9.865722656250000000e-01 -1.110223024625156540e-16
9.866943359375000000e-01 -1.110223024625156540e-16
9.868164062500000000e-01 -1.110223024625156540e-16
9.869384765625000000e-01 -1.110223024625156540e-16
9.870605468750000000e-01 -1.110223024625156540e-16
9.871826171875000000e-01 0.000000000000000000e+00
9.873046875000000000e-01 -2.220446049250313081e-16
9.874267578125000000e-01 -1.110223024625156540e-16
9.875488281250000000e-01 -1.110223024625156540e-16
9.876708984375000000e-01 -3.330669073875469621e-16
9.877929687500000000e-01 -1.665334536937734811e-16
9.879150390625000000e-01 -2.220446049250313081e-16
9.880371093750000000e-01 -1.110223024625156540e-16
9.881591796875000000e-01 -1.110223024625156540e-16
9.882812500000000000e-01 0.000000000000000000e+00
9.884033203125000000e-01 -1.110223024625156540e-16
9.885253906250000000e-01 0.000000000000000000e+00
9.886474609375000000e-01 -1.110223024625156540e-16
9.887695312500000000e-01 0.000000000000000000e+00
9.888916015625000000e-01 -1.665334536937734811e-16
9.890136718750000000e-01 -1.110223024625156540e-16
9.891357421875000000e-01 -1.110223024625156540e-16
9.892578125000000000e-01 -1.110223024625156540e-16
9.893798828125000000e-01 0.000000000000000000e+00
9.895019531250000000e-01 -5.551115123125782702e-17
9.896240234375000000e-01 -1.665334536937734811e-16
9.897460937500000000e-01 0.000000000000000000e+00
9.898681640625000000e-01 -2.220446049250313081e-16
9.899902343750000000e-01 -1.110223024625156540e-16
9.901123046875000000e-01 -1.110223024625156540e-16
9.902343750000000000e-01 0.000000000000000000e+00
9.903564453125000000e-01 -1.665334536937734811e-16
9.904785156250000000e-01 -3.330669073875469621e-16
9.906005859375000000e-01 -1.665334536937734811e-16
9.907226562500000000e-01 -1.110223024625156540e-16
9.908447265625000000e-01 0.000000000000000000e+00
9.909667968750000000e-01 -1.110223024625156540e-16
9.910888671875000000e-01 -1.110223024625156540e-16
9.912109375000000000e-01 -1.110223024625156540e-16
9.913330078125000000e-01 -1.110223024625156540e-16
9.914550781250000000e-01 -1.110223024625156540e-16
9.915771484375000000e-01 -2.220446049250313081e-16
9.916992187500000000e-01 -2.220446049250313081e-16
9.918212890625000000e-01 -2.220446049250313081e-16
9.919433593750000000e-01 -1.665334536937734811e-16
9.920654296875000000e-01 0.000000000000000000e+00
9.921875000000000000e-01 0.000000000000000000e+00
9.923095703125000000e-01 -2.220446049250313081e-16
9.924316406250000000e-01 -1.665334536937734811e-16
9.925537109375000000e-01 -2.220446049250313081e-16
9.926757812500000000e-01 -1.110223024625156540e-16
9.927978515625000000e-01 -1.110223024625156540e-16
9.929199218750000000e-01 -1.665334536937734811e-16
9.930419921875000000e-01 1.110223024625156540e-16
9.931640625000000000e-01 -1.665334536937734811e-16
9.932861328125000000e-01 -1.665334536937734811e-16
9.934082031250000000e-01 -1.665334536937734811e-16
9.935302734375000000e-01 -1.665334536937734811e-16
9.936523437500000000e-01 -1.110223024625156540e-16
9.937744140625000000e-01 -3.330669073875469621e-16
9.938964843750000000e-01 -1.110223024625156540e-16
9.940185546875000000e-01 -1.665334536937734811e-16
9.941406250000000000e-01 0.000000000000000000e+00
9.942626953125000000e-01 -1.110223024625156540e-16
9.943847656250000000e-01 -2.220446049250313081e-16
9.945068359375000000e-01 -3.330669073875469621e-16
9.946289062500000000e-01 0.000000000000000000e+00
9.947509765625000000e-01 0.000000000000000000e+00
9.948730468750000000e-01 -1.110223024625156540e-16
9.949951171875000000e-01 -1.110223024625156540e-16
9.951171875000000000e-01 -2.220446049250313081e-16
9.952392578125000000e-01 -1.110223024625156540e-16
9.953613281250000000e-01 -1.110223024625156540e-16
9.954833984375000000e-01 -1.110223024625156540e-16
9.956054687500000000e-01 -1.110223024625156540e-16
9.957275390625000000e-01 -3.330669073875469621e-16
9.958496093750000000e-01 0.000000000000000000e+00
9.959716796875000000e-01 0.000000000000000000e+00
9.960937500000000000e-01 0.000000000000000000e+00
9.962158203125000000e-01 -4.440892098500626162e-16
9.963378906250000000e-01 -1.110223024625156540e-16
9.964599609375000000e-01 -1.110223024625156540e-16
9.965820312500000000e-01 0.000000000000000000e+00
9.967041015625000000e-01 -1.110223024625156540e-16
9.968261718750000000e-01 -1.110223024625156540e-16
9.969482421875000000e-01 -1.110223024625156540e-16
9.970703125000000000e-01 -1.110223024625156540e-16
9.971923828125000000e-01 -3.330669073875469621e-16
9.973144531250000000e-01 -1.110223024625156540e-16
9.974365234375000000e-01 -3.330669073875469621e-16
9.975585937500000000e-01 0.000000000000000000e+00
9.976806640625000000e-01 -3.330669073875469621e-16
9.978027343750000000e-01 -1.110223024625156540e-16
9.979248046875000000e-01 -1.110223024625156540e-16
9.980468750000000000e-01 0.000000000000000000e+00
9.981689453125000000e-01 -3.330669073875469621e-16
9.982910156250000000e-01 0.000000000000000000e+00
9.984130859375000000e-01 -1.110223024625156540e-16
9.985351562500000000e-01 0.000000000000000000e+00
9.986572265625000000e-01 -1.665334536937734811e-16
9.987792968750000000e-01 -1.110223024625156540e-16
9.989013671875000000e-01 -3.330669073875469621e-16
9.990234375000000000e-01 -2.220446049250313081e-16
9.991455078125000000e-01 -1.110223024625156540e-16
9.992675781250000000e-01 -1.665334536937734811e-16
9.993896484375000000e-01 -2.220446049250313081e-16
9.995117187500000000e-01 -1.665334536937734811e-16
9.996337890625000000e-01 -1.110223024625156540e-16
9.997558593750000000e-01 -1.110223024625156540e-16
9.998779296875000000e-01 -1.110223024625156540e-16
