# x u(x,t)
0.000000000000000000e+00 8.012284631145016878e-02
1.220703125000000000e-04 8.012523292358426918e-02
2.441406250000000000e-04 8.012762886149051023e-02
3.662109375000000000e-04 8.013001540833403213e-02
4.882812500000000000e-04 8.013241128425536985e-02
6.103515625000000000e-04 8.013479776574036761e-02
7.324218750000000000e-04 8.013719357967780121e-02
8.544921875000000000e-04 8.013957999574924940e-02
9.765625000000000000e-04 8.014197574769649224e-02
1.098632812500000000e-03 8.014436209831546365e-02
1.220703125000000000e-03 8.014675778825469665e-02
1.342773437500000000e-03 8.014914407336917734e-02
1.464843750000000000e-03 8.015153970130509120e-02
1.586914062500000000e-03 8.015392592085930634e-02
1.708984375000000000e-03 8.015632148678547564e-02
1.831054687500000000e-03 8.015870764072119403e-02
1.953125000000000000e-03 8.016110314462748798e-02
2.075195312500000000e-03 8.016348923290726736e-02
2.197265625000000000e-03 8.016588467477675506e-02
2.319335937500000000e-03 8.016827069734344668e-02
2.441406250000000000e-03 8.017066607718387194e-02
2.563476562500000000e-03 8.017305203397738500e-02
2.685546875000000000e-03 8.017544735179193971e-02
2.807617187500000000e-03 8.017783324277066859e-02
2.929687500000000000e-03 8.018022849854102019e-02
3.051757812500000000e-03 8.018261432363631147e-02
3.173828125000000000e-03 8.018500951736549920e-02
3.295898437500000000e-03 8.018739527654367150e-02
3.417968750000000000e-03 8.018979040820817250e-02
3.540039062500000000e-03 8.019217610141915475e-02
3.662109375000000000e-03 8.019457117101116972e-02
3.784179687500000000e-03 8.019695679821316203e-02
3.906250000000000000e-03 8.019935180573577183e-02
4.028320312500000000e-03 8.020173736685587418e-02
4.150390625000000000e-03 8.020413231231621198e-02
4.272460937500000000e-03 8.020651780728721425e-02
4.394531250000000000e-03 8.020891269067612073e-02
4.516601562500000000e-03 8.021129811947005916e-02
4.638671875000000000e-03 8.021369294077043688e-02
4.760742187500000000e-03 8.021607830333643552e-02
4.882812500000000000e-03 8.021847306254738241e-02
5.004882812500000000e-03 8.022085835881992422e-02
5.126953125000000000e-03 8.022325305593608347e-02
5.249023437500000000e-03 8.022563828588143153e-02
5.371093750000000000e-03 8.022803292088317995e-02
5.493164062500000000e-03 8.023041808445191547e-02
5.615234375000000000e-03 8.023281265735131285e-02
5.737304687500000000e-03 8.023519775446677493e-02
5.859375000000000000e-03 8.023759226525301047e-02
5.981445312500000000e-03 8.023997729587190042e-02
6.103515625000000000e-03 8.024237174454557087e-02
6.225585937500000000e-03 8.024475670862464549e-02
6.347656250000000000e-03 8.024715109516661338e-02
6.469726562500000000e-03 8.024953599264578186e-02
6.591796875000000000e-03 8.025193031706516489e-02
6.713867187500000000e-03 8.025431514789607701e-02
6.835937500000000000e-03 8.025670941017032378e-02
6.958007812500000000e-03 8.025909417430190929e-02
7.080078125000000000e-03 8.026148837445418183e-02
7.202148437500000000e-03 8.026387307181007125e-02
7.324218750000000000e-03 8.026626720981942797e-02
7.446289062500000000e-03 8.026865184037711154e-02
7.568359375000000000e-03 8.027104591621894714e-02
7.690429687500000000e-03 8.027343047992638314e-02
7.812500000000000000e-03 8.027582449361526928e-02
7.934570312500000000e-03 8.027820899040695457e-02
8.056640625000000000e-03 8.028060294193957447e-02
8.178710937500000000e-03 8.028298737175854072e-02
8.300781250000000000e-03 8.028538126111962880e-02
8.422851562500000000e-03 8.028776562393619143e-02
8.544921875000000000e-03 8.029015945112583097e-02
8.666992187500000000e-03 8.029254374686427276e-02
8.789062500000000000e-03 8.029493751186848882e-02
8.911132812500000000e-03 8.029732174048813398e-02
9.033203125000000000e-03 8.029971544331571121e-02
9.155273437500000000e-03 8.030209960475427622e-02
9.277343750000000000e-03 8.030449324540081535e-02
9.399414062500000000e-03 8.030687733961322516e-02
9.521484375000000000e-03 8.030927091806096263e-02
9.643554687500000000e-03 8.031165494499808988e-02
9.765625000000000000e-03 8.031404846124245989e-02
9.887695312500000000e-03 8.031643242084479661e-02
1.000976562500000000e-02 8.031882587489208580e-02
1.013183593750000000e-02 8.032120976710757643e-02
1.025390625000000000e-02 8.032360315894632175e-02
1.037597656250000000e-02 8.032598698372156454e-02
1.049804687500000000e-02 8.032838031335487461e-02
1.062011718750000000e-02 8.033076407062936242e-02
1.074218750000000000e-02 8.033315733805115877e-02
1.086425781250000000e-02 8.033554102777538952e-02
1.098632812500000000e-02 8.033793423297365399e-02
1.110839843750000000e-02 8.034031785510702128e-02
1.123046875000000000e-02 8.034271099807387129e-02
1.135253906250000000e-02 8.034509455254573718e-02
1.147460937500000000e-02 8.034748763328168619e-02
1.159667968750000000e-02 8.034987112006056198e-02
1.171875000000000000e-02 8.035226413855681149e-02
1.184082031250000000e-02 8.035464755757036615e-02
1.196289062500000000e-02 8.035704051383660285e-02
1.208496093750000000e-02 8.035942386503408530e-02
1.220703125000000000e-02 8.036181675905634814e-02
1.232910156250000000e-02 8.036420004239579196e-02
1.245117187500000000e-02 8.036659287415610919e-02
1.257324218750000000e-02 8.036897608957918604e-02
1.269531250000000000e-02 8.037136885909930417e-02
1.281738281250000000e-02 8.037375200652444041e-02
1.293945312500000000e-02 8.037614471379181391e-02
1.306152343750000000e-02 8.037852779323145791e-02
1.318359375000000000e-02 8.038092043820757593e-02
1.330566406250000000e-02 8.038330344955078866e-02
1.342773437500000000e-02 8.038569603226093652e-02
1.354980468750000000e-02 8.038807897549038461e-02
1.367187500000000000e-02 8.039047149596066644e-02
1.379394531250000000e-02 8.039285437095064490e-02
1.391601562500000000e-02 8.039524682914228615e-02
1.403808593750000000e-02 8.039762963591493006e-02
1.416015625000000000e-02 8.040002203183152507e-02
1.428222656250000000e-02 8.040240477031176947e-02
1.440429687500000000e-02 8.040479710393724777e-02
1.452636718750000000e-02 8.040717977406114381e-02
1.464843750000000000e-02 8.040957204540152836e-02
1.477050781250000000e-02 8.041195464712534713e-02
1.489257812500000000e-02 8.041434685618195632e-02
1.501464843750000000e-02 8.041672938945297611e-02
1.513671875000000000e-02 8.041912153620132953e-02
1.525878906250000000e-02 8.042150400095841867e-02
1.538085937500000000e-02 8.042389608541750112e-02
1.550292968750000000e-02 8.042627848160961712e-02
1.562500000000000000e-02 8.042867050376720228e-02
1.574707031250000000e-02 8.043105283133634986e-02
1.586914062500000000e-02 8.043344479119415857e-02
1.599121093750000000e-02 8.043582705009073852e-02
1.611328125000000000e-02 8.043821894763546199e-02
1.623535156250000000e-02 8.044060113780175658e-02
1.635742187500000000e-02 8.044299297303987573e-02
1.647949218750000000e-02 8.044537509440630174e-02
1.660156250000000000e-02 8.044776686735002902e-02
1.672363281250000000e-02 8.045014891986985994e-02
1.684570312500000000e-02 8.045254063048776216e-02
1.696777343750000000e-02 8.045492261412184876e-02
1.708984375000000000e-02 8.045731426241289896e-02
1.721191406250000000e-02 8.045969617711493105e-02
1.733398437500000000e-02 8.046208776307427202e-02
1.745605468750000000e-02 8.046446960877008669e-02
1.757812500000000000e-02 8.046686113239773230e-02
1.770019531250000000e-02 8.046924290903520460e-02
1.782226562500000000e-02 8.047163437032829603e-02
1.794433593750000000e-02 8.047401607785716060e-02
1.806640625000000000e-02 8.047640747683632023e-02
1.818847656250000000e-02 8.047878911518513423e-02
1.831054687500000000e-02 8.048118045182447999e-02
1.843261718750000000e-02 8.048356202094820999e-02
1.855468750000000000e-02 8.048595329524320385e-02
1.867675781250000000e-02 8.048833479510050792e-02
1.879882812500000000e-02 8.049072600704902658e-02
1.892089843750000000e-02 8.049310743757490116e-02
1.904296875000000000e-02 8.049549858717361395e-02
1.916503906250000000e-02 8.049787994831862636e-02
1.928710937500000000e-02 8.050027103556833818e-02
1.940917968750000000e-02 8.050265232726577791e-02
1.953125000000000000e-02 8.050504335217023577e-02
1.965332031250000000e-02 8.050742457436466104e-02
1.977539062500000000e-02 8.050981553691000103e-02
1.989746093750000000e-02 8.051219668955000852e-02
2.001953125000000000e-02 8.051458758975843510e-02
2.014160156250000000e-02 8.051696867277177705e-02
2.026367187500000000e-02 8.051935951061972574e-02
2.038574218750000000e-02 8.052174052397559345e-02
2.050781250000000000e-02 8.052413129946212056e-02
2.062988281250000000e-02 8.052651224309675948e-02
2.075195312500000000e-02 8.052890295622416872e-02
2.087402343750000000e-02 8.053128383006921687e-02
2.099609375000000000e-02 8.053367448083285918e-02
2.111816406250000000e-02 8.053605528485488496e-02
2.124023437500000000e-02 8.053844587324340831e-02
2.136230468750000000e-02 8.054082660737883759e-02
2.148437500000000000e-02 8.054321713341477951e-02
2.160644531250000000e-02 8.054559779758413418e-02
2.172851562500000000e-02 8.054798826124827393e-02
2.185058593750000000e-02 8.055036885542724012e-02
2.197265625000000000e-02 8.055275925671281922e-02
2.209472656250000000e-02 8.055513978083132798e-02
2.221679687500000000e-02 8.055753011975524958e-02
2.233886718750000000e-02 8.055991057374416175e-02
2.246093750000000000e-02 8.056230085030534338e-02
2.258300781250000000e-02 8.056468123412439952e-02
2.270507812500000000e-02 8.056707144830299594e-02
2.282714843750000000e-02 8.056945176188881619e-02
2.294921875000000000e-02 8.057184191368714499e-02
2.307128906250000000e-02 8.057422215698829826e-02
2.319335937500000000e-02 8.057661224641252118e-02
2.331542968750000000e-02 8.057899241937208079e-02
2.343750000000000000e-02 8.058138244642035208e-02
2.355957031250000000e-02 8.058376254896904012e-02
2.368164062500000000e-02 8.058615251364179000e-02
2.380371093750000000e-02 8.058853254573267177e-02
2.392578125000000000e-02 8.059092244803181537e-02
2.404785156250000000e-02 8.059330240961135039e-02
2.416992187500000000e-02 8.059569224951426691e-02
2.429199218750000000e-02 8.059807214052386315e-02
2.441406250000000000e-02 8.060046191806106985e-02
2.453613281250000000e-02 8.060284173842695299e-02
2.465820312500000000e-02 8.060523145358067243e-02
2.478027343750000000e-02 8.060761120325804496e-02
2.490234375000000000e-02 8.061000085602285092e-02
2.502441406250000000e-02 8.061238053496144751e-02
2.514648437500000000e-02 8.061477012535019082e-02
2.526855468750000000e-02 8.061714973348507729e-02
2.539062500000000000e-02 8.061953926148401894e-02
2.551269531250000000e-02 8.062191879876506873e-02
2.563476562500000000e-02 8.062430826437519404e-02
2.575683593750000000e-02 8.062668773073744521e-02
2.587890625000000000e-02 8.062907713396234854e-02
2.600097656250000000e-02 8.063145652935216345e-02
2.612304687500000000e-02 8.063384587019729877e-02
2.624511718750000000e-02 8.063622519453289561e-02
2.636718750000000000e-02 8.063861447300141316e-02
2.648925781250000000e-02 8.064099372624942974e-02
2.661132812500000000e-02 8.064338294233891480e-02
2.673339843750000000e-02 8.064576212442847725e-02
2.685546875000000000e-02 8.064815127813049211e-02
2.697753906250000000e-02 8.065053038901337512e-02
2.709960937500000000e-02 8.065291948033719016e-02
2.722167968750000000e-02 8.065529851995217880e-02
2.734375000000000000e-02 8.065768754888379133e-02
2.746582031250000000e-02 8.066006651717458342e-02
2.758789062500000000e-02 8.066245548372352747e-02
2.770996093750000000e-02 8.066483438061662625e-02
2.783203125000000000e-02 8.066722328479851434e-02
2.795410156250000000e-02 8.066960211025653305e-02
2.807617187500000000e-02 8.067199095205536408e-02
2.819824218750000000e-02 8.067436970599839441e-02
2.832031250000000000e-02 8.067675848541286387e-02
2.844238281250000000e-02 8.067913716778402078e-02
2.856445312500000000e-02 8.068152588484422960e-02
2.868652343750000000e-02 8.068390449559012523e-02
2.880859375000000000e-02 8.068629315026251692e-02
2.893066406250000000e-02 8.068867168933485656e-02
2.905273437500000000e-02 8.069106028161429633e-02
2.917480468750000000e-02 8.069343874895279489e-02
2.929687500000000000e-02 8.069582727887117390e-02
2.941894531250000000e-02 8.069820567439131564e-02
2.954101562500000000e-02 8.070059414194359626e-02
2.966308593750000000e-02 8.070297246560546867e-02
2.978515625000000000e-02 8.070536087079137333e-02
2.990722656250000000e-02 8.070773912251255622e-02
3.002929687500000000e-02 8.071012746534728111e-02
3.015136718750000000e-02 8.071250564508657133e-02
3.027343750000000000e-02 8.071489392554023756e-02
3.039550781250000000e-02 8.071727203324116640e-02
3.051757812500000000e-02 8.071966025131516176e-02
3.063964843750000000e-02 8.072203828692975369e-02
3.076171875000000000e-02 8.072442644266267231e-02
3.088378906250000000e-02 8.072680440609877883e-02
3.100585937500000000e-02 8.072919249946126918e-02
3.112792968750000000e-02 8.073157039068795671e-02
3.125000000000000000e-02 8.073395842167846448e-02
3.137207031250000000e-02 8.073633624061252179e-02
3.149414062500000000e-02 8.073872420928060456e-02
3.161621093750000000e-02 8.074110195581460370e-02
3.173828125000000000e-02 8.074348986217075308e-02
3.186035156250000000e-02 8.074586753631288194e-02
3.198242187500000000e-02 8.074825538028536365e-02
3.210449218750000000e-02 8.075063298198986717e-02
3.222656250000000000e-02 8.075302076359749948e-02
3.234863281250000000e-02 8.075539829276380532e-02
3.247070312500000000e-02 8.075778601204455787e-02
3.259277343750000000e-02 8.076016346859829498e-02
3.271484375000000000e-02 8.076255112554678317e-02
3.283691406250000000e-02 8.076492850946841162e-02
3.295898437500000000e-02 8.076731610407868189e-02
3.308105468750000000e-02 8.076969341527107105e-02
3.320312500000000000e-02 8.077208094755539136e-02
3.332519531250000000e-02 8.077445818596062921e-02
3.344726562500000000e-02 8.077684565592306576e-02
3.356933593750000000e-02 8.077922282149352373e-02
3.369140625000000000e-02 8.078161022912730416e-02
3.381347656250000000e-02 8.078398732179858932e-02
3.393554687500000000e-02 8.078637466711713344e-02
3.405761718750000000e-02 8.078875168682592145e-02
3.417968750000000000e-02 8.079113896981035547e-02
3.430175781250000000e-02 8.079351591649129583e-02
3.442382812500000000e-02 8.079590313718304495e-02
3.454589843750000000e-02 8.079828001077235533e-02
3.466796875000000000e-02 8.080066716915280944e-02
3.479003906250000000e-02 8.080304396959338276e-02
3.491210937500000000e-02 8.080543106566664968e-02
3.503417968750000000e-02 8.080780779287786986e-02
3.515625000000000000e-02 8.081019482667806120e-02
3.527832031250000000e-02 8.081257148060853879e-02
3.540039062500000000e-02 8.081495845210487361e-02
3.552246093750000000e-02 8.081733503269269980e-02
3.564453125000000000e-02 8.081972194190782666e-02
3.576660156250000000e-02 8.082209844908483376e-02
3.588867187500000000e-02 8.082448529602491438e-02
3.601074218750000000e-02 8.082686172972604333e-02
3.613281250000000000e-02 8.082924851439017566e-02
3.625488281250000000e-02 8.083162487455919365e-02
3.637695312500000000e-02 8.083401159695544069e-02
3.649902343750000000e-02 8.083638788351656113e-02
3.662109375000000000e-02 8.083877454366115989e-02
3.674316406250000000e-02 8.084115075655588789e-02
3.686523437500000000e-02 8.084353735443472466e-02
3.698730468750000000e-02 8.084591349360961687e-02
3.710937500000000000e-02 8.084830002924159320e-02
3.723144531250000000e-02 8.085067609461393801e-02
3.735351562500000000e-02 8.085306256801406966e-02
3.747558593750000000e-02 8.085543855952212478e-02
3.759765625000000000e-02 8.085782497068039198e-02
3.771972656250000000e-02 8.086020088827150509e-02
3.784179687500000000e-02 8.086258723720636532e-02
3.796386718750000000e-02 8.086496308079640927e-02
3.808593750000000000e-02 8.086734936750665514e-02
3.820800781250000000e-02 8.086972513705539822e-02
3.833007812500000000e-02 8.087211136153833746e-02
3.845214843750000000e-02 8.087448705695600426e-02
3.857421875000000000e-02 8.087687321925512984e-02
3.869628906250000000e-02 8.087924884049342567e-02
3.881835937500000000e-02 8.088163494056185843e-02
3.894042968750000000e-02 8.088401048755827771e-02
3.906250000000000000e-02 8.088639652543730407e-02
3.918457031250000000e-02 8.088877199811075891e-02
3.930664062500000000e-02 8.089115797381070394e-02
3.942871093750000000e-02 8.089353337210671013e-02
3.955078125000000000e-02 8.089591928560760370e-02
3.967285156250000000e-02 8.089829460945911765e-02
3.979492187500000000e-02 8.090068046080965691e-02
3.991699218750000000e-02 8.090305571012892938e-02
4.003906250000000000e-02 8.090544149932354934e-02
4.016113281250000000e-02 8.090781667405891331e-02
4.028320312500000000e-02 8.091020240109944583e-02
4.040527343750000000e-02 8.091257750118049930e-02
4.052734375000000000e-02 8.091496316608214057e-02
4.064941406250000000e-02 8.091733819143946682e-02
4.077148437500000000e-02 8.091972379421208394e-02
4.089355468750000000e-02 8.092209874478055454e-02
4.101562500000000000e-02 8.092448428542170502e-02
4.113769531250000000e-02 8.092685916113731559e-02
4.125976562500000000e-02 8.092924463967815507e-02
4.138183593750000000e-02 8.093161944046289857e-02
4.150390625000000000e-02 8.093400485688859169e-02
4.162597656250000000e-02 8.093637958268931620e-02
4.174804687500000000e-02 8.093876493701536445e-02
4.187011718750000000e-02 8.094113958776333329e-02
4.199218750000000000e-02 8.094352488000491896e-02
4.211425781250000000e-02 8.094589945562544187e-02
4.223632812500000000e-02 8.094828468578986469e-02
4.235839843750000000e-02 8.095065918621555112e-02
4.248046875000000000e-02 8.095304435430822343e-02
4.260253906250000000e-02 8.095541877946679787e-02
4.272460937500000000e-02 8.095780388551225559e-02
4.284667968750000000e-02 8.096017823533661895e-02
4.296875000000000000e-02 8.096256327933484820e-02
4.309082031250000000e-02 8.096493755375076817e-02
4.321289062500000000e-02 8.096732253572250237e-02
4.333496093750000000e-02 8.096969673467657724e-02
4.345703125000000000e-02 8.097208165461675100e-02
4.357910156250000000e-02 8.097445577802220296e-02
4.370117187500000000e-02 8.097684063594928761e-02
4.382324218750000000e-02 8.097921468374878751e-02
4.394531250000000000e-02 8.098159947967673022e-02
4.406738281250000000e-02 8.098397345178112716e-02
4.418945312500000000e-02 8.098635818575060374e-02
4.431152343750000000e-02 8.098873208208909324e-02
4.443359375000000000e-02 8.099111675407366651e-02
4.455566406250000000e-02 8.099349057458368750e-02
4.467773437500000000e-02 8.099587518461789926e-02
4.479980468750000000e-02 8.099824892922946606e-02
4.492187500000000000e-02 8.100063347731815966e-02
4.504394531250000000e-02 8.100300714596847529e-02
4.516601562500000000e-02 8.100539163211140092e-02
4.528808593750000000e-02 8.100776522471370145e-02
4.541015625000000000e-02 8.101014964894111270e-02
4.553222656250000000e-02 8.101252316543727794e-02
4.565429687500000000e-02 8.101490752774540005e-02
4.577636718750000000e-02 8.101728096807189750e-02
4.589843750000000000e-02 8.101966526848063122e-02
4.602050781250000000e-02 8.102203863253820693e-02
4.614257812500000000e-02 8.102442287107569641e-02
4.626464843750000000e-02 8.102679615881418218e-02
4.638671875000000000e-02 8.102918033548288379e-02
4.650878906250000000e-02 8.103155354681230993e-02
4.663085937500000000e-02 8.103393766163208278e-02
4.675292968750000000e-02 8.103631079647830027e-02
4.687500000000000000e-02 8.103869484947684443e-02
4.699707031250000000e-02 8.104106790776050007e-02
4.711914062500000000e-02 8.104345189893688572e-02
4.724121093750000000e-02 8.104582488060987910e-02
4.736328125000000000e-02 8.104820880996656263e-02
4.748535156250000000e-02 8.105058171494267105e-02
4.760742187500000000e-02 8.105296558252750305e-02
4.772949218750000000e-02 8.105533841072284917e-02
4.785156250000000000e-02 8.105772221652382536e-02
4.797363281250000000e-02 8.106009496787777713e-02
4.809570312500000000e-02 8.106247871191771259e-02
4.821777343750000000e-02 8.106485138636407295e-02
4.833984375000000000e-02 8.106723506865304296e-02
4.846191406250000000e-02 8.106960766609362656e-02
4.858398437500000000e-02 8.107199128667078036e-02
4.870605468750000000e-02 8.107436380704714785e-02
4.882812500000000000e-02 8.107674736590142484e-02
4.895019531250000000e-02 8.107911980914492278e-02
4.907226562500000000e-02 8.108150330630317648e-02
4.919433593750000000e-02 8.108387567231219173e-02
4.931640625000000000e-02 8.108625910780352386e-02
4.943847656250000000e-02 8.108863139651656393e-02
4.956054687500000000e-02 8.109101477035568495e-02
4.968261718750000000e-02 8.109338698168701287e-02
4.980468750000000000e-02 8.109577029387693425e-02
4.992675781250000000e-02 8.109814242776902660e-02
5.004882812500000000e-02 8.110052567834079296e-02
5.017089843750000000e-02 8.110289773470163999e-02
5.029296875000000000e-02 8.110528092368221587e-02
5.041503906250000000e-02 8.110765290242392955e-02
5.053710937500000000e-02 8.111003602982981564e-02
5.065917968750000000e-02 8.111240793088206336e-02
5.078125000000000000e-02 8.111479099671800586e-02
5.090332031250000000e-02 8.111716282001475709e-02
5.102539062500000000e-02 8.111954582431035732e-02
5.114746093750000000e-02 8.112191756976830370e-02
5.126953125000000000e-02 8.112430051253377572e-02
5.139160156250000000e-02 8.112667218008134951e-02
5.151367187500000000e-02 8.112905506133666345e-02
5.163574218750000000e-02 8.113142665087977323e-02
5.175781250000000000e-02 8.113380947067302951e-02
5.187988281250000000e-02 8.113618098212418972e-02
5.200195312500000000e-02 8.113856374045430586e-02
5.212402343750000000e-02 8.114093517375857434e-02
5.224609375000000000e-02 8.114331787063090717e-02
5.236816406250000000e-02 8.114568922570965237e-02
5.249023437500000000e-02 8.114807186116602955e-02
5.261230468750000000e-02 8.115044313791824893e-02
5.273437500000000000e-02 8.115282571198764727e-02
5.285644531250000000e-02 8.115519691034131511e-02
5.297851562500000000e-02 8.115757942301737859e-02
5.310058593750000000e-02 8.115995054289912303e-02
5.322265625000000000e-02 8.116233299423271375e-02
5.334472656250000000e-02 8.116470403555248181e-02
5.346679687500000000e-02 8.116708642555522935e-02
5.358886718750000000e-02 8.116945738822792245e-02
5.371093750000000000e-02 8.117183971692097655e-02
5.383300781250000000e-02 8.117421060088436668e-02
5.395507812500000000e-02 8.117659286828132759e-02
5.407714843750000000e-02 8.117896367343850617e-02
5.419921875000000000e-02 8.118134587958869552e-02
5.432128906250000000e-02 8.118371660585611826e-02
5.444335937500000000e-02 8.118609875075642746e-02
5.456542968750000000e-02 8.118846939804844065e-02
5.468750000000000000e-02 8.119085148175544941e-02
5.480957031250000000e-02 8.119322204999565584e-02
5.493164062500000000e-02 8.119560407250273060e-02
5.505371093750000000e-02 8.119797456159855154e-02
5.517578125000000000e-02 8.120035652295082285e-02
5.529785156250000000e-02 8.120272693282670762e-02
5.541992187500000000e-02 8.120510883304898897e-02
5.554199218750000000e-02 8.120747916361720220e-02
5.566406250000000000e-02 8.120986100272747921e-02
5.578613281250000000e-02 8.121223125389603892e-02
5.590820312500000000e-02 8.121461303193380776e-02
5.603027343750000000e-02 8.121698320362430445e-02
5.615234375000000000e-02 8.121936492061433699e-02
5.627441406250000000e-02 8.122173501271552631e-02
5.639648437500000000e-02 8.122411666867838942e-02
5.651855468750000000e-02 8.122648668114444692e-02
5.664062500000000000e-02 8.122886827610312221e-02
5.676269531250000000e-02 8.123123820883530743e-02
5.688476562500000000e-02 8.123361974281803621e-02
5.700683593750000000e-02 8.123598959574546141e-02
5.712890625000000000e-02 8.123837106877659919e-02
5.725097656250000000e-02 8.124074084177165811e-02
5.737304687500000000e-02 8.124312225388589936e-02
5.749511718750000000e-02 8.124549194689430209e-02
5.761718750000000000e-02 8.124787329813432102e-02
5.773925781250000000e-02 8.125024291104768204e-02
5.786132812500000000e-02 8.125262420142581599e-02
5.798339843750000000e-02 8.125499373416540660e-02
5.810546875000000000e-02 8.125737496371229773e-02
5.822753906250000000e-02 8.125974441619246424e-02
5.834960937500000000e-02 8.126212558493944860e-02
5.847167968750000000e-02 8.126449495706473958e-02
5.859375000000000000e-02 8.126687606506538541e-02
5.871582031250000000e-02 8.126924535673549221e-02
5.883789062500000000e-02 8.127162640399204774e-02
5.895996093750000000e-02 8.127399561513176662e-02
5.908203125000000000e-02 8.127637660168475497e-02
5.920410156250000000e-02 8.127874573221348375e-02
5.932617187500000000e-02 8.128112665809594795e-02
5.944824218750000000e-02 8.128349570789789036e-02
5.957031250000000000e-02 8.128587657314137460e-02
5.969238281250000000e-02 8.128824554213726072e-02
5.981445312500000000e-02 8.129062634678987931e-02
5.993652343750000000e-02 8.129299523488889290e-02
6.005859375000000000e-02 8.129537597895697409e-02
6.018066406250000000e-02 8.129774478606160981e-02
6.030273437500000000e-02 8.130012546960319053e-02
6.042480468750000000e-02 8.130249419562091129e-02
6.054687500000000000e-02 8.130487481866288668e-02
6.066894531250000000e-02 8.130724346349205156e-02
6.079101562500000000e-02 8.130962402607179451e-02
6.091308593750000000e-02 8.131199258962751308e-02
6.103515625000000000e-02 8.131437309177168282e-02
6.115722656250000000e-02 8.131674157396769076e-02
6.127929687500000000e-02 8.131912201571378507e-02
6.140136718750000000e-02 8.132149041643746412e-02
6.152343750000000000e-02 8.132387079783282013e-02
6.164550781250000000e-02 8.132623911700861963e-02
6.176757812500000000e-02 8.132861943807762062e-02
6.188964843750000000e-02 8.133098767559004960e-02
6.201171875000000000e-02 8.133336793638476503e-02
6.213378906250000000e-02 8.133573609213540223e-02
6.225585937500000000e-02 8.133811629266887722e-02
6.237792968750000000e-02 8.134048436659671588e-02
6.250000000000000000e-02 8.134286450692995718e-02
6.262207031250000000e-02 8.134523249890514285e-02
6.274414062500000000e-02 8.134761257906623910e-02
6.286621093750000000e-02 8.134998048899558243e-02
6.298828125000000000e-02 8.135236050903139893e-02
6.311035156250000000e-02 8.135472833680773563e-02
6.323242187500000000e-02 8.135710829675146805e-02
6.335449218750000000e-02 8.135947604230139851e-02
6.347656250000000000e-02 8.136185594218614536e-02
6.359863281250000000e-02 8.136422360540251919e-02
6.372070312500000000e-02 8.136660344527724131e-02
6.384277343750000000e-02 8.136897102605972210e-02
6.396484375000000000e-02 8.137135080597333869e-02
6.408691406250000000e-02 8.137371830419239116e-02
6.420898437500000000e-02 8.137609802418144245e-02
6.433105468750000000e-02 8.137846543976373637e-02
6.445312500000000000e-02 8.138084509988158244e-02
6.457519531250000000e-02 8.138321243272017558e-02
6.469726562500000000e-02 8.138559203298131872e-02
6.481933593750000000e-02 8.138795928298059312e-02
6.494140625000000000e-02 8.139033882346649595e-02
6.506347656250000000e-02 8.139270599049371058e-02
6.518554687500000000e-02 8.139508547122761839e-02
6.530761718750000000e-02 8.139745255522101708e-02
6.542968750000000000e-02 8.139983197624243993e-02
6.555175781250000000e-02 8.140219897706488239e-02
6.567382812500000000e-02 8.140457833843613156e-02
6.579589843750000000e-02 8.140694525599548315e-02
6.591796875000000000e-02 8.140932455775284904e-02
6.604003906250000000e-02 8.141169139193948912e-02
6.616210937500000000e-02 8.141407063413963474e-02
6.628417968750000000e-02 8.141643738484269366e-02
6.640625000000000000e-02 8.141881656752980589e-02
6.652832031250000000e-02 8.142118323466521201e-02
6.665039062500000000e-02 8.142356235786703256e-02
6.677246093750000000e-02 8.142592894130429304e-02
6.689453125000000000e-02 8.142830800509415212e-02
6.701660156250000000e-02 8.143067450475149904e-02
6.713867187500000000e-02 8.143305350916081597e-02
6.726074218750000000e-02 8.143541992489845838e-02
6.738281250000000000e-02 8.143779886998445128e-02
6.750488281250000000e-02 8.144016520171279416e-02
6.762695312500000000e-02 8.144254408754075802e-02
6.774902343750000000e-02 8.144491033513381884e-02
6.787109375000000000e-02 8.144728916174578948e-02
6.799316406250000000e-02 8.144965532510563266e-02
6.811523437500000000e-02 8.145203409254098137e-02
6.823730468750000000e-02 8.145440017155124168e-02
6.835937500000000000e-02 8.145677887987691490e-02
6.848144531250000000e-02 8.145914487443575713e-02
6.860351562500000000e-02 8.146152352369033511e-02
6.872558593750000000e-02 8.146388943368028379e-02
6.884765625000000000e-02 8.146626802393683309e-02
6.896972656250000000e-02 8.146863384922739537e-02
6.909179687500000000e-02 8.147101238053947037e-02
6.921386718750000000e-02 8.147337812103351562e-02
6.933593750000000000e-02 8.147575659344059862e-02
6.945800781250000000e-02 8.147812224902910294e-02
6.958007812500000000e-02 8.148050066259875102e-02
6.970214843750000000e-02 8.148286623314214550e-02
6.982421875000000000e-02 8.148524458792705261e-02
6.994628906250000000e-02 8.148761007332938622e-02
7.006835937500000000e-02 8.148998836939054524e-02
7.019042968750000000e-02 8.149235376953807564e-02
7.031250000000000000e-02 8.149473200692231023e-02
7.043457031250000000e-02 8.149709732168400333e-02
7.055664062500000000e-02 8.149947550046476863e-02
7.067871093750000000e-02 8.150184072972979643e-02
7.080078125000000000e-02 8.150421884996489341e-02
7.092285156250000000e-02 8.150658399360549700e-02
7.104492187500000000e-02 8.150896205536117822e-02
7.116699218750000000e-02 8.151132711325576041e-02
7.128906250000000000e-02 8.151370511658929952e-02
7.141113281250000000e-02 8.151607008862243875e-02
7.153320312500000000e-02 8.151844803359553637e-02
7.165527343750000000e-02 8.152081291965186660e-02
7.177734375000000000e-02 8.152319080631259540e-02
7.189941406250000000e-02 8.152555560625922293e-02
7.202148437500000000e-02 8.152793343469751097e-02
7.214355468750000000e-02 8.153029814841998568e-02
7.226562500000000000e-02 8.153267591867550956e-02
7.238769531250000000e-02 8.153504054604748807e-02
7.250976562500000000e-02 8.153741825820201572e-02
7.263183593750000000e-02 8.153978279909115945e-02
7.275390625000000000e-02 8.154216045320429596e-02
7.287597656250000000e-02 8.154452490748402560e-02
7.299804687500000000e-02 8.154690250364454718e-02
7.312011718750000000e-02 8.154926687119555540e-02
7.324218750000000000e-02 8.155164440945225635e-02
7.336425781250000000e-02 8.155400869012827125e-02
7.348632812500000000e-02 8.155638617055177564e-02
7.360839843750000000e-02 8.155875036425599967e-02
7.373046875000000000e-02 8.156112778690574605e-02
7.385253906250000000e-02 8.156349189349341999e-02
7.397460937500000000e-02 8.156586925845057956e-02
7.409667968750000000e-02 8.156823327778869870e-02
7.421875000000000000e-02 8.157061058513392915e-02
7.434082031250000000e-02 8.157297451708905855e-02
7.446289062500000000e-02 8.157535176687372158e-02
7.458496093750000000e-02 8.157771561133804472e-02
7.470703125000000000e-02 8.158009280365097204e-02
7.482910156250000000e-02 8.158245656045695626e-02
7.495117187500000000e-02 8.158483369538088725e-02
7.507324218750000000e-02 8.158719736439790093e-02
7.519531250000000000e-02 8.158957444199424480e-02
7.531738281250000000e-02 8.159193802311255628e-02
7.543945312500000000e-02 8.159431504346435771e-02
7.556152343750000000e-02 8.159667853651607350e-02
7.568359375000000000e-02 8.159905549969717620e-02
7.580566406250000000e-02 8.160141890456319713e-02
7.592773437500000000e-02 8.160379581065058119e-02
7.604980468750000000e-02 8.160615912721072562e-02
7.617187500000000000e-02 8.160853597630178535e-02
7.629394531250000000e-02 8.161089920439024148e-02
7.641601562500000000e-02 8.161327599652631881e-02
7.653808593750000000e-02 8.161563913598077202e-02
7.666015625000000000e-02 8.161801587131713165e-02
7.678222656250000000e-02 8.162037892201748357e-02
7.690429687500000000e-02 8.162275560056218848e-02
7.702636718750000000e-02 8.162511856240285690e-02
7.714843750000000000e-02 8.162749518426690165e-02
7.727050781250000000e-02 8.162985805707848042e-02
7.739257812500000000e-02 8.163223462234384109e-02
7.751464843750000000e-02 8.163459740597134306e-02
7.763671875000000000e-02 8.163697391471587406e-02
7.775878906250000000e-02 8.163933660902122913e-02
7.788085937500000000e-02 8.164171306134912487e-02
7.800292968750000000e-02 8.164407566617495893e-02
7.812500000000000000e-02 8.164645206217541196e-02
7.824707031250000000e-02 8.164881457738819293e-02
7.836914062500000000e-02 8.165119091714381772e-02
7.849121093750000000e-02 8.165355334257026754e-02
7.861328125000000000e-02 8.165592962617837514e-02
7.873535156250000000e-02 8.165829196171059401e-02
7.885742187500000000e-02 8.166066818923649329e-02
7.897949218750000000e-02 8.166303043470440892e-02
7.910156250000000000e-02 8.166540660626850356e-02
7.922363281250000000e-02 8.166776876149316189e-02
7.934570312500000000e-02 8.167014487718166071e-02
7.946777343750000000e-02 8.167250694204125638e-02
7.958984375000000000e-02 8.167488300195897832e-02
7.971191406250000000e-02 8.167724497627631974e-02
7.983398437500000000e-02 8.167962098051412267e-02
7.995605468750000000e-02 8.168198286413741460e-02
8.007812500000000000e-02 8.168435881279434430e-02
8.020019531250000000e-02 8.168672060557524706e-02
8.032226562500000000e-02 8.168909649873552781e-02
8.044433593750000000e-02 8.169145820052328699e-02
8.056640625000000000e-02 8.169383403830238199e-02
8.068847656250000000e-02 8.169619564891830721e-02
8.081054687500000000e-02 8.169857143141251443e-02
8.093261718750000000e-02 8.170093295069005834e-02
8.105468750000000000e-02 8.170330867802583219e-02
8.117675781250000000e-02 8.170567010580745415e-02
8.129882812500000000e-02 8.170804577806163593e-02
8.142089843750000000e-02 8.171040711419150226e-02
8.154296875000000000e-02 8.171278273146583004e-02
8.166503906250000000e-02 8.171514397577091249e-02
8.178710937500000000e-02 8.171751953819948733e-02
8.190917968750000000e-02 8.171988069051527859e-02
8.203125000000000000e-02 8.172225619819156739e-02
8.215332031250000000e-02 8.172461725835231117e-02
8.227539062500000000e-02 8.172699271137473520e-02
8.239746093750000000e-02 8.172935367920436400e-02
8.251953125000000000e-02 8.173172907771034112e-02
8.264160156250000000e-02 8.173408995304154434e-02
8.276367187500000000e-02 8.173646529712125242e-02
8.288574218750000000e-02 8.173882607978572024e-02
8.300781250000000000e-02 8.174120136956995741e-02
8.312988281250000000e-02 8.174356205937988173e-02
8.325195312500000000e-02 8.174593729497628414e-02
8.337402343750000000e-02 8.174829789175866446e-02
8.349609375000000000e-02 8.175067307329045296e-02
8.361816406250000000e-02 8.175303357687134509e-02
8.374023437500000000e-02 8.175540870446035280e-02
8.386230468750000000e-02 8.175776911465623686e-02
8.398437500000000000e-02 8.176014418840876763e-02
8.410644531250000000e-02 8.176250450505165301e-02
8.422851562500000000e-02 8.176487952510291812e-02
8.435058593750000000e-02 8.176723974799630923e-02
8.447265625000000000e-02 8.176961471446143881e-02
8.459472656250000000e-02 8.177197484342785261e-02
8.471679687500000000e-02 8.177434975644073956e-02
8.483886718750000000e-02 8.177670979129711415e-02
8.496093750000000000e-02 8.177908465098604474e-02
8.508300781250000000e-02 8.178144459152404677e-02
8.520507812500000000e-02 8.178381939801994405e-02
8.532714843750000000e-02 8.178617924406531015e-02
8.544921875000000000e-02 8.178855399749990207e-02
8.557128906250000000e-02 8.179091374886744703e-02
8.569335937500000000e-02 8.179328844935698783e-02
8.581542968750000000e-02 8.179564810584616374e-02
8.593750000000000000e-02 8.179802275354375318e-02
8.605957031250000000e-02 8.180038231494604628e-02
8.618164062500000000e-02 8.180275690999028182e-02
8.630371093750000000e-02 8.180511637613344100e-02
8.642578125000000000e-02 8.180749091865355260e-02
8.654785156250000000e-02 8.180985028932012681e-02
8.666992187500000000e-02 8.181222477945891691e-02
8.679199218750000000e-02 8.181458405445973803e-02
8.691406250000000000e-02 8.181695849235411100e-02
8.703613281250000000e-02 8.181931767147962442e-02
8.715820312500000000e-02 8.182169205729070138e-02
8.728027343750000000e-02 8.182405114033237947e-02
8.740234375000000000e-02 8.182642547419485823e-02
8.752441406250000000e-02 8.182878446096625291e-02
8.764648437500000000e-02 8.183115874301599701e-02
8.776855468750000000e-02 8.183351763329360651e-02
8.789062500000000000e-02 8.183589186369659429e-02
8.801269531250000000e-02 8.183825065726736681e-02
8.813476562500000000e-02 8.184062483617256245e-02
8.825683593750000000e-02 8.184298353283550598e-02
8.837890625000000000e-02 8.184535766039313653e-02
8.850097656250000000e-02 8.184771625992176558e-02
8.862304687500000000e-02 8.185009033629145336e-02
8.874511718750000000e-02 8.185244883847382635e-02
8.886718750000000000e-02 8.185482286382182726e-02
8.898925781250000000e-02 8.185718126843422038e-02
8.911132812500000000e-02 8.185955524291538277e-02
8.923339843750000000e-02 8.186191354973912371e-02
8.935546875000000000e-02 8.186428747351603974e-02
8.947753906250000000e-02 8.186664568233488481e-02
8.959960937500000000e-02 8.186901955556716293e-02
8.972167968750000000e-02 8.187137766615484868e-02
8.984375000000000000e-02 8.187375148900816191e-02
8.996582031250000000e-02 8.187610950113002883e-02
9.008789062500000000e-02 8.187848327378804969e-02
9.020996093750000000e-02 8.188084118721608573e-02
9.033203125000000000e-02 8.188321490984301620e-02
9.045410156250000000e-02 8.188557272434227041e-02
9.057617187500000000e-02 8.188794639710814116e-02
9.069824218750000000e-02 8.189030411244554997e-02
9.082031250000000000e-02 8.189267773553737806e-02
9.094238281250000000e-02 8.189503535146620827e-02
9.106445312500000000e-02 8.189740892507370307e-02
9.118652343750000000e-02 8.189976644136075234e-02
9.130859375000000000e-02 8.190213996564235654e-02
9.143066406250000000e-02 8.190449738205160535e-02
9.155273437500000000e-02 8.190687085720871341e-02
9.167480468750000000e-02 8.190922817348460228e-02
9.179687500000000000e-02 8.191160159969670951e-02
9.191894531250000000e-02 8.191395881559056236e-02
9.204101562500000000e-02 8.191633219304958469e-02
9.216308593750000000e-02 8.191868930831641693e-02
9.228515625000000000e-02 8.192106263721464499e-02
9.240722656250000000e-02 8.192341965159660733e-02
9.252929687500000000e-02 8.192579293213295144e-02
9.265136718750000000e-02 8.192814984537276357e-02
9.277343750000000000e-02 8.193052307774775778e-02
9.289550781250000000e-02 8.193287988958930512e-02
9.301757812500000000e-02 8.193525307400509328e-02
9.313964843750000000e-02 8.193760978417991003e-02
9.326171875000000000e-02 8.193998292084227197e-02
9.338378906250000000e-02 8.194233952908171192e-02
9.350585937500000000e-02 8.194471261818737917e-02
9.362792968750000000e-02 8.194706912423617429e-02
9.375000000000000000e-02 8.194944216600376363e-02
9.387207031250000000e-02 8.195179856958016706e-02
9.399414062500000000e-02 8.195417156423059901e-02
9.411621093750000000e-02 8.195652786505966403e-02
9.423828125000000000e-02 8.195890081279835759e-02
9.436035156250000000e-02 8.196125701061229840e-02
9.448242187500000000e-02 8.196362991166011858e-02
9.460449218750000000e-02 8.196598600616852859e-02
9.472656250000000000e-02 8.196835886074310684e-02
9.484863281250000000e-02 8.197071485167464755e-02
9.497070312500000000e-02 8.197308766000971358e-02
9.509277343750000000e-02 8.197544354706307046e-02
9.521484375000000000e-02 8.197781630939107722e-02
9.533691406250000000e-02 8.198017209227421997e-02
9.545898437500000000e-02 8.198254480883637729e-02
9.558105468750000000e-02 8.198490048726095325e-02
9.570312500000000000e-02 8.198727315827784856e-02
9.582519531250000000e-02 8.198962873195191070e-02
9.594726562500000000e-02 8.199200135766404607e-02
9.606933593750000000e-02 8.199435682627448374e-02
9.619140625000000000e-02 8.199672940693739087e-02
9.631347656250000000e-02 8.199908477018448549e-02
9.643554687500000000e-02 8.200145730603228267e-02
9.655761718750000000e-02 8.200381256361415072e-02
9.667968750000000000e-02 8.200618505490306354e-02
9.680175781250000000e-02 8.200854020649864240e-02
9.692382812500000000e-02 8.201091265348520176e-02
9.704589843750000000e-02 8.201326769878505840e-02
9.716796875000000000e-02 8.201564010172048003e-02
9.729003906250000000e-02 8.201799504039547495e-02
9.741210937500000000e-02 8.202036739955448352e-02
9.753417968750000000e-02 8.202272223128220796e-02
9.765625000000000000e-02 8.202509454694358049e-02
9.777832031250000000e-02 8.202744927139074549e-02
9.790039062500000000e-02 8.202982154380691893e-02
9.802246093750000000e-02 8.203217616064389928e-02
9.814453125000000000e-02 8.203454839009327593e-02
9.826660156250000000e-02 8.203690289897583310e-02
9.838867187500000000e-02 8.203927508574901384e-02
9.851074218750000000e-02 8.204162948634970143e-02
9.863281250000000000e-02 8.204400163071096097e-02
9.875488281250000000e-02 8.204635592267765787e-02
9.887695312500000000e-02 8.204872802493554107e-02
9.899902343750000000e-02 8.205108220792479978e-02
9.912109375000000000e-02 8.205345426835183864e-02
9.924316406250000000e-02 8.205580834200537632e-02
9.936523437500000000e-02 8.205818036090584133e-02
9.948730468750000000e-02 8.206053432486117016e-02
9.960937500000000000e-02 8.206290630254291230e-02
9.973144531250000000e-02 8.206526015644549643e-02
9.985351562500000000e-02 8.206763209320255825e-02
9.997558593750000000e-02 8.206998583667708680e-02
1.000976562500000000e-01 8.207235773283684532e-02
1.002197265625000000e-01 8.207471136551586222e-02
1.003417968750000000e-01 8.207708322138135282e-02
1.004638671875000000e-01 8.207943674287528080e-02
1.005859375000000000e-01 8.208180855878416393e-02
1.007080078125000000e-01 8.208416196870360615e-02
1.008300781250000000e-01 8.208653374496978350e-02
1.009521484375000000e-01 8.208888704294418914e-02
1.010742187500000000e-01 8.209125877990432196e-02
1.011962890625000000e-01 8.209361196552189543e-02
1.013183593750000000e-01 8.209598366352069410e-02
1.014404296875000000e-01 8.209833673639613250e-02
1.015625000000000000e-01 8.210070839575513146e-02
1.016845703125000000e-01 8.210306135548080253e-02
1.018066406250000000e-01 8.210543297657657558e-02
1.019287109375000000e-01 8.210778582273098314e-02
1.020507812500000000e-01 8.211015740590385525e-02
1.021728515625000000e-01 8.211251013807836785e-02
1.022949218750000000e-01 8.211488168368594187e-02
1.024169921875000000e-01 8.211723430146306013e-02
1.025390625000000000e-01 8.211960580987046066e-02
1.026611328125000000e-01 8.212195831281823843e-02
1.027832031250000000e-01 8.212432978439676567e-02
1.029052734375000000e-01 8.212668217207266808e-02
1.030273437500000000e-01 8.212905360720013093e-02
1.031494140625000000e-01 8.213140587917476532e-02
1.032714843750000000e-01 8.213377727825732499e-02
1.033935546875000000e-01 8.213612943406145561e-02
1.035156250000000000e-01 8.213850079746685962e-02
1.036376953125000000e-01 8.214085283666056059e-02
1.037597656250000000e-01 8.214322416479447053e-02
1.038818359375000000e-01 8.214557608692142632e-02
1.040039062500000000e-01 8.214794738019888520e-02
1.041259765625000000e-01 8.215029918477653736e-02
1.042480468750000000e-01 8.215267044360238802e-02
1.043701171875000000e-01 8.215502213017406019e-02
1.044921875000000000e-01 8.215739335495958473e-02
1.046142578125000000e-01 8.215974492302990928e-02
1.047363281250000000e-01 8.216211611421060657e-02
1.048583984375000000e-01 8.216446756329637280e-02
1.049804687500000000e-01 8.216683872127947263e-02
1.051025390625000000e-01 8.216919005090272954e-02
1.052246093750000000e-01 8.217156117613770572e-02
1.053466796875000000e-01 8.217391238577810564e-02
1.054687500000000000e-01 8.217628347873474903e-02
1.055908203125000000e-01 8.217863456785909348e-02
1.057128906250000000e-01 8.218100562898944528e-02
1.058349609375000000e-01 8.218335659711793750e-02
1.059570312500000000e-01 8.218572762686811306e-02
1.060791015625000000e-01 8.218807847344083983e-02
1.062011718750000000e-01 8.219044947229840747e-02
1.063232421875000000e-01 8.219280019680175187e-02
1.064453125000000000e-01 8.219517116523837597e-02
1.065673828125000000e-01 8.219752176711314640e-02
1.066894531250000000e-01 8.219989270562516603e-02
1.068115234375000000e-01 8.220224318431938737e-02
1.069335937500000000e-01 8.220461409339130388e-02
1.070556640625000000e-01 8.220696444836296524e-02
1.071777343750000000e-01 8.220933532851879000e-02
1.072998046875000000e-01 8.221168555917422738e-02
1.074218750000000000e-01 8.221405641091419914e-02
1.075439453125000000e-01 8.221640651667919131e-02
1.076660156250000000e-01 8.221877734053620324e-02
1.077880859375000000e-01 8.222112732083802777e-02
1.079101562500000000e-01 8.222349811733749292e-02
1.080322265625000000e-01 8.222584797155052527e-02
1.081542968750000000e-01 8.222821874125649244e-02
1.082763671875000000e-01 8.223056846877874193e-02
1.083984375000000000e-01 8.223293921223545633e-02
1.085205078125000000e-01 8.223528881244843158e-02
1.086425781250000000e-01 8.223765953022380004e-02
1.087646484375000000e-01 8.224000900251129953e-02
1.088867187500000000e-01 8.224237969516923208e-02
1.090087890625000000e-01 8.224472903887404540e-02
1.091308593750000000e-01 8.224709970701356287e-02
1.092529296875000000e-01 8.224944892149638198e-02
1.093750000000000000e-01 8.225181956570035147e-02
1.094970703125000000e-01 8.225416865029228086e-02
1.096191406250000000e-01 8.225653927118670161e-02
1.097412109375000000e-01 8.225888822519725196e-02
1.098632812500000000e-01 8.226125882340608320e-02
1.099853515625000000e-01 8.226360764617757226e-02
1.101074218750000000e-01 8.226597822230938273e-02
1.102294921875000000e-01 8.226832691314396595e-02
1.103515625000000000e-01 8.227069746783782778e-02
1.104736328125000000e-01 8.227304602601971661e-02
1.105957031250000000e-01 8.227541655994811964e-02
1.107177734375000000e-01 8.227776498475573852e-02
1.108398437500000000e-01 8.228013549858873010e-02
1.109619140625000000e-01 8.228248378927899287e-02
1.110839843750000000e-01 8.228485428369955446e-02
1.112060546875000000e-01 8.228720243952307445e-02
1.113281250000000000e-01 8.228957291521499240e-02
1.114501953125000000e-01 8.229192093542482545e-02
1.115722656250000000e-01 8.229429139310601160e-02
1.116943359375000000e-01 8.229663927690968050e-02
1.118164062500000000e-01 8.229900971729932346e-02
1.119384765625000000e-01 8.230135746392591711e-02
1.120605468750000000e-01 8.230372788776851856e-02
1.121826171875000000e-01 8.230607549639312737e-02
1.123046875000000000e-01 8.230844590443524289e-02
1.124267578125000000e-01 8.231079337425310782e-02
1.125488281250000000e-01 8.231316376725990314e-02
1.126708984375000000e-01 8.231551109742329952e-02
1.127929687500000000e-01 8.231788147619081841e-02
1.129150390625000000e-01 8.232022866585089749e-02
1.130371093750000000e-01 8.232259903116985467e-02
1.131591796875000000e-01 8.232494607946416743e-02
1.132812500000000000e-01 8.232731643214870332e-02
1.134033203125000000e-01 8.232966333818607374e-02
1.135253906250000000e-01 8.233203367907626635e-02
1.136474609375000000e-01 8.233438044196544903e-02
1.137695312500000000e-01 8.233675077190413805e-02
1.138916015625000000e-01 8.233909739072790834e-02
1.140136718750000000e-01 8.234146771057751502e-02
1.141357421875000000e-01 8.234381418438793676e-02
1.142578125000000000e-01 8.234618449504696458e-02
1.143798828125000000e-01 8.234853082289067538e-02
1.145019531250000000e-01 8.235090112525797479e-02
1.146240234375000000e-01 8.235324730617067657e-02
1.147460937500000000e-01 8.235561760117959818e-02
1.148681640625000000e-01 8.235796363415665011e-02
1.149902343750000000e-01 8.236033392273861553e-02
1.151123046875000000e-01 8.236267980676978406e-02
1.152343750000000000e-01 8.236505008988929954e-02
1.153564453125000000e-01 8.236739582395304071e-02
1.154785156250000000e-01 8.236976610259558185e-02
1.156005859375000000e-01 8.237211168562127983e-02
1.157226562500000000e-01 8.237448196079472096e-02
1.158447265625000000e-01 8.237682739170926194e-02
1.159667968750000000e-01 8.237919766445157832e-02
1.160888671875000000e-01 8.238154294214579398e-02
1.162109375000000000e-01 8.238391321349591845e-02
1.163330078125000000e-01 8.238625833685472855e-02
1.164550781250000000e-01 8.238862860791049125e-02
1.165771484375000000e-01 8.239097357578220593e-02
1.166992187500000000e-01 8.239334384761036467e-02
1.168212890625000000e-01 8.239568865883667437e-02
1.169433593750000000e-01 8.239805893258655978e-02
1.170654296875000000e-01 8.240040358595177028e-02
1.171875000000000000e-01 8.240277386276695371e-02
1.173095703125000000e-01 8.240511835706587629e-02
1.174316406250000000e-01 8.240748863812025204e-02
1.175537109375000000e-01 8.240983297208982761e-02
1.176757812500000000e-01 8.241220325859162366e-02
1.177978515625000000e-01 8.241454743094921154e-02
1.179199218750000000e-01 8.241691772412888806e-02
1.180419921875000000e-01 8.241926173357083663e-02
1.181640625000000000e-01 8.242163203469565769e-02
1.182861328125000000e-01 8.242397587990361874e-02
1.184082031250000000e-01 8.242634619024979958e-02
1.185302734375000000e-01 8.242868986984448754e-02
1.186523437500000000e-01 8.243106019073498381e-02
1.187744140625000000e-01 8.243340370331825318e-02
1.188964843750000000e-01 8.243577403612287191e-02
1.190185546875000000e-01 8.243811738025971780e-02
1.191406250000000000e-01 8.244048772635778621e-02
1.192626953125000000e-01 8.244283090060205987e-02
1.193847656250000000e-01 8.244520126140079952e-02
1.195068359375000000e-01 8.244754426424330540e-02
1.196289062500000000e-01 8.244991464121036173e-02
1.197509765625000000e-01 8.245225747112985837e-02
1.198730468750000000e-01 8.245462786575062653e-02
1.199951171875000000e-01 8.245697052116912618e-02
1.201171875000000000e-01 8.245934093496534723e-02
1.202392578125000000e-01 8.246168341428836146e-02
1.203613281250000000e-01 8.246405384882589396e-02
1.204833984375000000e-01 8.246639615040599058e-02
1.206054687500000000e-01 8.246876660729811348e-02
1.207275390625000000e-01 8.247110872943402837e-02
1.208496093750000000e-01 8.247347921031655815e-02
1.209716796875000000e-01 8.247582115129456493e-02
1.210937500000000000e-01 8.247819165786396400e-02
1.212158203125000000e-01 8.248053341591321530e-02
1.213378906250000000e-01 8.248290394991339425e-02
1.214599609375000000e-01 8.248524552320266046e-02
1.215820312500000000e-01 8.248761608641398679e-02
1.217041015625000000e-01 8.248995747308493498e-02
1.218261718750000000e-01 8.249232806729173140e-02
1.219482421875000000e-01 8.249466926547249779e-02
1.220703125000000000e-01 8.249703989256917946e-02
1.221923828125000000e-01 8.249938090028816062e-02
1.223144531250000000e-01 8.250175156219784200e-02
1.224365234375000000e-01 8.250409237742889479e-02
1.225585937500000000e-01 8.250646307612150010e-02
1.226806640625000000e-01 8.250880369681209969e-02
1.228027343750000000e-01 8.251117443434116683e-02
1.229248046875000000e-01 8.251351485836132260e-02
1.230468750000000000e-01 8.251588563680467558e-02
1.231689453125000000e-01 8.251822586199022980e-02
1.232910156250000000e-01 8.252059668347871968e-02
1.234130859375000000e-01 8.252293670758209521e-02
1.235351562500000000e-01 8.252530757433573783e-02
1.236572265625000000e-01 8.252764739509248215e-02
1.237792968750000000e-01 8.253001830932027438e-02
1.239013671875000000e-01 8.253235792437982332e-02
1.240234375000000000e-01 8.253472888847031286e-02
1.241455078125000000e-01 8.253706829540237433e-02
1.242675781250000000e-01 8.253943931171134341e-02
1.243896484375000000e-01 8.254177850801588945e-02
1.245117187500000000e-01 8.254414957902485306e-02
1.246337890625000000e-01 8.254648856213642194e-02
1.247558593750000000e-01 8.254885969039423010e-02
1.248779296875000000e-01 8.255119845769405551e-02
1.250000000000000000e-01 8.255356964579856072e-02
1.251220703125000000e-01 8.255590819455968510e-02
1.252441406250000000e-01 8.255827944521242079e-02
1.253662109375000000e-01 8.256061777265552570e-02
1.254882812500000000e-01 8.256298908860675023e-02
1.256103515625000000e-01 8.256532719187303915e-02
1.257324218750000000e-01 8.256769857599620399e-02
1.258544921875000000e-01 8.257003645208194076e-02
1.259765625000000000e-01 8.257240790733609559e-02
1.260986328125000000e-01 8.257474555322209808e-02
1.262207031250000000e-01 8.257711708261418482e-02
1.263427734375000000e-01 8.257945449516261582e-02
1.264648437500000000e-01 8.258182610183387173e-02
1.265869140625000000e-01 8.258416327780447597e-02
1.267089843750000000e-01 8.258653496497478375e-02
1.268310546875000000e-01 8.258887190100433484e-02
1.269531250000000000e-01 8.259124367202644312e-02
1.270751953125000000e-01 8.259358036469478803e-02
1.271972656250000000e-01 8.259595222299201400e-02
1.273193359375000000e-01 8.259828866873902831e-02
1.274414062500000000e-01 8.260066061785995006e-02
1.275634765625000000e-01 8.260299681301146169e-02
1.276855468750000000e-01 8.260536885662966844e-02
1.278076171875000000e-01 8.260770479739640293e-02
1.279296875000000000e-01 8.261007693931382567e-02
1.280517578125000000e-01 8.261241262178162237e-02
1.281738281250000000e-01 8.261478486590861925e-02
1.282958984375000000e-01 8.261712028603275526e-02
1.284179687500000000e-01 8.261949263642862085e-02
1.285400390625000000e-01 8.262182779000253052e-02
1.286621093750000000e-01 8.262420025087022224e-02
1.287841796875000000e-01 8.262653513360039559e-02
1.289062500000000000e-01 8.262890770926310802e-02
1.290283203125000000e-01 8.263124231666160724e-02
1.291503906250000000e-01 8.263361501161048395e-02
1.292724609375000000e-01 8.263594933904294670e-02
1.293945312500000000e-01 8.263832215794568448e-02
1.295166015625000000e-01 8.264065620061059048e-02
1.296386718750000000e-01 8.264302914828391966e-02
1.297607421875000000e-01 8.264536290121579643e-02
1.298828125000000000e-01 8.264773598266444976e-02
1.300048828125000000e-01 8.265006944071114081e-02
1.301269531250000000e-01 8.265244266110810534e-02
1.302490234375000000e-01 8.265477581894102588e-02
1.303710937500000000e-01 8.265714918366413866e-02
1.304931640625000000e-01 8.265948203573092457e-02
1.306152343750000000e-01 8.266185555036903443e-02
1.307373046875000000e-01 8.266418809094625009e-02
1.308593750000000000e-01 8.266656176127214206e-02
1.309814453125000000e-01 8.266889398437719805e-02
1.311035156250000000e-01 8.267126781644337785e-02
1.312255859375000000e-01 8.267359971586565881e-02
1.313476562500000000e-01 8.267597371591549338e-02
1.314697265625000000e-01 8.267830528524046374e-02
1.315917968750000000e-01 8.268067945976664834e-02
1.317138671875000000e-01 8.268301069227836086e-02
1.318359375000000000e-01 8.268538504807644574e-02
1.319580078125000000e-01 8.268771593681349674e-02
1.320800781250000000e-01 8.269009048091524594e-02
1.322021484375000000e-01 8.269242101862513128e-02
1.323242187500000000e-01 8.269479575838181717e-02
1.324462890625000000e-01 8.269712593751150920e-02
1.325683593750000000e-01 8.269950088055445792e-02
1.326904296875000000e-01 8.270183069325377778e-02
1.328125000000000000e-01 8.270420584754786808e-02
1.329345703125000000e-01 8.270653528559854251e-02
1.330566406250000000e-01 8.270891065949936838e-02
1.331787109375000000e-01 8.271123971432751965e-02
1.333007812500000000e-01 8.271361531650611720e-02
1.334228515625000000e-01 8.271594397918068109e-02
1.335449218750000000e-01 8.271831981870876593e-02
1.336669921875000000e-01 8.272064807990761603e-02
1.337890625000000000e-01 8.272302416627584642e-02
1.339111328125000000e-01 8.272535201620249967e-02
1.340332031250000000e-01 8.272772835932126756e-02
1.341552734375000000e-01 8.273005578781995883e-02
1.342773437500000000e-01 8.273243239807240301e-02
1.343994140625000000e-01 8.273475939442390126e-02
1.345214843750000000e-01 8.273713628269235842e-02
1.346435546875000000e-01 8.273946283570945970e-02
1.347656250000000000e-01 8.274184001337865635e-02
1.348876953125000000e-01 8.274416611134972899e-02
1.350097656250000000e-01 8.274654359038374762e-02
1.351318359375000000e-01 8.274886922098506625e-02
1.352539062500000000e-01 8.275124701392153059e-02
1.353759765625000000e-01 8.275357216424091000e-02
1.354980468750000000e-01 8.275595028426067923e-02
1.356201171875000000e-01 8.275827494071971713e-02
1.357421875000000000e-01 8.276065340170056517e-02
1.358642578125000000e-01 8.276297755001907341e-02
1.359863281250000000e-01 8.276535636652473937e-02
1.361083984375000000e-01 8.276767999168385681e-02
1.362304687500000000e-01 8.277005917908682175e-02
1.363525390625000000e-01 8.277238226527769416e-02
1.364746093750000000e-01 8.277476183974294410e-02
1.365966796875000000e-01 8.277708437025263488e-02
1.367187500000000000e-01 8.277946434888831806e-02
1.368408203125000000e-01 8.278178630610297239e-02
1.369628906250000000e-01 8.278416670695447344e-02
1.370849609375000000e-01 8.278648807225369444e-02
1.372070312500000000e-01 8.278886891438282103e-02
1.373291015625000000e-01 8.279118966811671587e-02
1.374511718750000000e-01 8.279357097171763380e-02
1.375732421875000000e-01 8.279589109303786554e-02
1.376953125000000000e-01 8.279827287948154924e-02
1.378173828125000000e-01 8.280059234631581555e-02
1.379394531250000000e-01 8.280297463829190685e-02
1.380615234375000000e-01 8.280529342718716268e-02
1.381835937500000000e-01 8.280767624879895039e-02
1.383056640625000000e-01 8.280999433487049033e-02
1.384277343750000000e-01 8.281237771172085538e-02
1.385498046875000000e-01 8.281469506846957096e-02
1.386718750000000000e-01 8.281707902784332664e-02
1.387939453125000000e-01 8.281939562708234837e-02
1.389160156250000000e-01 8.282178019801253455e-02
1.390380859375000000e-01 8.282409600964217578e-02
1.391601562500000000e-01 8.282648122318350681e-02
1.392822265625000000e-01 8.282879621508919266e-02
1.394042968750000000e-01 8.283118210439721629e-02
1.395263671875000000e-01 8.283349624218136475e-02
1.396484375000000000e-01 8.283588284276152680e-02
1.397705078125000000e-01 8.283819608962614267e-02
1.398925781250000000e-01 8.284058343955633119e-02
1.400146484375000000e-01 8.284289575597801603e-02
1.401367187500000000e-01 8.284528389615904154e-02
1.402587890625000000e-01 8.284759523964614625e-02
1.403808593750000000e-01 8.284998421411612912e-02
1.405029296875000000e-01 8.285229453892803408e-02
1.406250000000000000e-01 8.285468439508729410e-02
1.407470703125000000e-01 8.285699365188813059e-02
1.408691406250000000e-01 8.285938444099200106e-02
1.409912109375000000e-01 8.286169257642603259e-02
1.411132812500000000e-01 8.286408435392805805e-02
1.412353515625000000e-01 8.286639131020073767e-02
1.413574218750000000e-01 8.286878413622723871e-02
1.414794921875000000e-01 8.287108985061611421e-02
1.416015625000000000e-01 8.287348379052707215e-02
1.417236328125000000e-01 8.287578819475935332e-02
1.418457031250000000e-01 8.287818331978799580e-02
1.419677734375000000e-01 8.288048633936881404e-02
1.420898437500000000e-01 8.288288272731678119e-02
1.422119140625000000e-01 8.288518428081995126e-02
1.423339843750000000e-01 8.288758201687980443e-02
1.424560546875000000e-01 8.288988201496394481e-02
1.425781250000000000e-01 8.289228119273635287e-02
1.427001953125000000e-01 8.289457953715236027e-02
1.428222656250000000e-01 8.289698025973266104e-02
1.429443359375000000e-01 8.289927684206810365e-02
1.430664062500000000e-01 8.290167922341634688e-02
1.431884765625000000e-01 8.290397392365983498e-02
1.433105468750000000e-01 8.290637809018368276e-02
1.434326171875000000e-01 8.290867077496169579e-02
1.435546875000000000e-01 8.291107686734983107e-02
1.436767578125000000e-01 8.291336738795325456e-02
1.437988281250000000e-01 8.291577556345218480e-02
1.439208984375000000e-01 8.291806375330203205e-02
1.440429687500000000e-01 8.292047418841856643e-02
1.441650390625000000e-01 8.292275986016119094e-02
1.442871093750000000e-01 8.292517275391772524e-02
1.444091796875000000e-01 8.292745569573314879e-02
1.445312500000000000e-01 8.292987127368778300e-02
1.446533203125000000e-01 8.293215124491784551e-02
1.447753906250000000e-01 8.293456976410752690e-02
1.448974609375000000e-01 8.293684648971313966e-02
1.450195312500000000e-01 8.293926824474606718e-02
1.451416015625000000e-01 8.294154140848530865e-02
1.452636718750000000e-01 8.294396673929928243e-02
1.453857421875000000e-01 8.294623597499815870e-02
1.455078125000000000e-01 8.294866527662271560e-02
1.456298828125000000e-01 8.295093015715290785e-02
1.457519531250000000e-01 8.295336389228083473e-02
1.458740234375000000e-01 8.295562391515264034e-02
1.459960937500000000e-01 8.295806263058923269e-02
1.461181640625000000e-01 8.296031719921076464e-02
1.462402343750000000e-01 8.296276154749733511e-02
1.463623046875000000e-01 8.296500994601066492e-02
1.464843750000000000e-01 8.296746071457611338e-02
1.466064453125000000e-01 8.296970207393986052e-02
1.467285156250000000e-01 8.297216022504556865e-02
1.468505859375000000e-01 8.297439347585257308e-02
1.469726562500000000e-01 8.297686020241426541e-02
1.470947265625000000e-01 8.297908400827939956e-02
1.472167968750000000e-01 8.298156081399644945e-02
1.473388671875000000e-01 8.298377347458414655e-02
1.474609375000000000e-01 8.298626229214429995e-02
1.475830078125000000e-01 8.298846159793021870e-02
1.477050781250000000e-01 8.299096496912397591e-02
1.478271484375000000e-01 8.299314797568323188e-02
1.479492187500000000e-01 8.299566933727683948e-02
1.480712890625000000e-01 8.299783199897925456e-02
1.481933593750000000e-01 8.300037615835326177e-02
1.483154296875000000e-01 8.300251270161944361e-02
1.484375000000000000e-01 8.300508667629256931e-02
1.485595703125000000e-01 8.300718845380215816e-02
1.486816406250000000e-01 8.300980306891565796e-02
1.488037109375000000e-01 8.301185627728964456e-02
1.489257812500000000e-01 8.301452952064969359e-02
1.490478515625000000e-01 8.301651009917711266e-02
1.491699218750000000e-01 8.301927519863880334e-02
1.492919921875000000e-01 8.302113538584628138e-02
1.494140625000000000e-01 8.302406463951479687e-02
1.495361328125000000e-01 8.302568708383641083e-02
1.496582031250000000e-01 8.302899100700344981e-02
1.497802734375000000e-01 8.302993353501222917e-02
1.499023437500000000e-01 8.303486486512638709e-02
1.500244140625000000e-01 4.975373396042866991e-01
1.501464843750000000e-01 4.975082474816691080e-01
1.502685546875000000e-01 4.974831350810680064e-01
1.503906250000000000e-01 4.974556690562567107e-01
1.505126953125000000e-01 4.974298754466915384e-01
1.506347656250000000e-01 4.974027827933512058e-01
1.507568359375000000e-01 4.973767501453049689e-01
1.508789062500000000e-01 4.973498203493290637e-01
1.510009765625000000e-01 4.973236660138580234e-01
1.511230468750000000e-01 4.972968267774662277e-01
1.512451171875000000e-01 4.972705985159119879e-01
1.513671875000000000e-01 4.972438166114024893e-01
1.514892578125000000e-01 4.972175384844222945e-01
1.516113281250000000e-01 4.971907959240960406e-01
1.517333984375000000e-01 4.971644817350478474e-01
1.518554687500000000e-01 4.971377676938247836e-01
1.519775390625000000e-01 4.971114260900582060e-01
1.520996093750000000e-01 4.970847335504759990e-01
1.522216796875000000e-01 4.970583703055783675e-01
1.523437500000000000e-01 4.970316944603225817e-01
1.524658203125000000e-01 4.970053136199296673e-01
1.525878906250000000e-01 4.969786510322929951e-01
1.527099609375000000e-01 4.969522555408742992e-01
1.528320312500000000e-01 4.969256036690805622e-01
1.529541015625000000e-01 4.968991957361694189e-01
1.530761718750000000e-01 4.968725526476364118e-01
1.531982421875000000e-01 4.968461339735746884e-01
1.533203125000000000e-01 4.968194981646288921e-01
1.534423828125000000e-01 4.967930700858418369e-01
1.535644531250000000e-01 4.967664403636036230e-01
1.536865234375000000e-01 4.967400039495314390e-01
1.538085937500000000e-01 4.967133793517929385e-01
1.539306640625000000e-01 4.966869354714980589e-01
1.540527343750000000e-01 4.966603152108973740e-01
1.541748046875000000e-01 4.966338645802352847e-01
1.542968750000000000e-01 4.966072480042700299e-01
1.544189453125000000e-01 4.965807912198711982e-01
1.545410156250000000e-01 4.965541777817937263e-01
1.546630859375000000e-01 4.965277153461651882e-01
1.547851562500000000e-01 4.965011045833324088e-01
1.549072265625000000e-01 4.964746369236292534e-01
1.550292968750000000e-01 4.964480284410462407e-01
1.551513671875000000e-01 4.964215559234754771e-01
1.552734375000000000e-01 4.963949493812733205e-01
1.553955078125000000e-01 4.963684723220949668e-01
1.555175781250000000e-01 4.963418674256985241e-01
1.556396484375000000e-01 4.963153860999713340e-01
1.557617187500000000e-01 4.962887825924062746e-01
1.558837890625000000e-01 4.962622972408139432e-01
1.560058593750000000e-01 4.962356948965683801e-01
1.561279296875000000e-01 4.962092057309588911e-01
1.562500000000000000e-01 4.961826043510437212e-01
1.563720703125000000e-01 4.961561115588024595e-01
1.564941406250000000e-01 4.961295109667644421e-01
1.566162109375000000e-01 4.961030147144796509e-01
1.567382812500000000e-01 4.960764147531397938e-01
1.568603515625000000e-01 4.960499151895650938e-01
1.569824218750000000e-01 4.960233157182686314e-01
1.571044921875000000e-01 4.959968129767675094e-01
1.572265625000000000e-01 4.959702138691740592e-01
1.573486328125000000e-01 4.959437080697985945e-01
1.574707031250000000e-01 4.959171092119896707e-01
1.575927734375000000e-01 4.958906004631767339e-01
1.577148437500000000e-01 4.958640017520961063e-01
1.578369140625000000e-01 4.958374901521249711e-01
1.579589843750000000e-01 4.958108914942307988e-01
1.580810546875000000e-01 4.957843771324624838e-01
1.582031250000000000e-01 4.957577784426033807e-01
1.583251953125000000e-01 4.957312614004958373e-01
1.584472656250000000e-01 4.957046626009317669e-01
1.585693359375000000e-01 4.956781429529935612e-01
1.586914062500000000e-01 4.956515439725314720e-01
1.588134765625000000e-01 4.956250217870463715e-01
1.589355468750000000e-01 4.955984225603906612e-01
1.590576171875000000e-01 4.955718979001390023e-01
1.591796875000000000e-01 4.955452983671824185e-01
1.593017578125000000e-01 4.955187712899683516e-01
1.594238281250000000e-01 4.954921713953311935e-01
1.595458984375000000e-01 4.954656419545323542e-01
1.596679687500000000e-01 4.954390416470116354e-01
1.597900390625000000e-01 4.954125098919869852e-01
1.599121093750000000e-01 4.953859091242071022e-01
1.600341796875000000e-01 4.953593751007340229e-01
1.601562500000000000e-01 4.953327738287313098e-01
1.602783203125000000e-01 4.953062375793065297e-01
1.604003906250000000e-01 4.952796357622219481e-01
1.605224609375000000e-01 4.952530973264024361e-01
1.606445312500000000e-01 4.952264949262111249e-01
1.607666015625000000e-01 4.951999543408212578e-01
1.608886718750000000e-01 4.951733513220663574e-01
1.610107421875000000e-01 4.951468086215176090e-01
1.611328125000000000e-01 4.951202049510865510e-01
1.612548828125000000e-01 4.950936601675385296e-01
1.613769531250000000e-01 4.950670558144364408e-01
1.614990234375000000e-01 4.950405089779909007e-01
1.616210937500000000e-01 4.950139039132369634e-01
1.617431640625000000e-01 4.949873550521179943e-01
1.618652343750000000e-01 4.949607492484562332e-01
1.619873046875000000e-01 4.949341983891848429e-01
1.621093750000000000e-01 4.949075918210771308e-01
1.622314453125000000e-01 4.948810389885660577e-01
1.623535156250000000e-01 4.948544316319721248e-01
1.624755859375000000e-01 4.948278768496941482e-01
1.625976562500000000e-01 4.948012686819635575e-01
1.627197265625000000e-01 4.947747119720078413e-01
1.628417968750000000e-01 4.947481029718151513e-01
1.629638671875000000e-01 4.947215443550528891e-01
1.630859375000000000e-01 4.946949345022563227e-01
1.632080078125000000e-01 4.946683739983917527e-01
1.633300781250000000e-01 4.946417632739693593e-01
1.634521484375000000e-01 4.946152009016216433e-01
1.635742187500000000e-01 4.945885892875929724e-01
1.636962890625000000e-01 4.945620250644173765e-01
1.638183593750000000e-01 4.945354125437226855e-01
1.639404296875000000e-01 4.945088464864341171e-01
1.640625000000000000e-01 4.944822330429477497e-01
1.641845703125000000e-01 4.944556651673972514e-01
1.643066406250000000e-01 4.944290507858134509e-01
1.644287109375000000e-01 4.944024811070500958e-01
1.645507812500000000e-01 4.943758657728233863e-01
1.646728515625000000e-01 4.943492943051470134e-01
1.647949218750000000e-01 4.943226780044804314e-01
1.649169921875000000e-01 4.942961047614730652e-01
1.650390625000000000e-01 4.942694874812502137e-01
1.651611328125000000e-01 4.942429124758668801e-01
1.652832031250000000e-01 4.942162942035605577e-01
1.654052734375000000e-01 4.941897174481462707e-01
1.655273437500000000e-01 4.941630981718758142e-01
1.656494140625000000e-01 4.941365196781647984e-01
1.657714843750000000e-01 4.941098993865755129e-01
1.658935546875000000e-01 4.940833191657907353e-01
1.660156250000000000e-01 4.940566978480526728e-01
1.661376953125000000e-01 4.940301159109119489e-01
1.662597656250000000e-01 4.940034935567199081e-01
1.663818359375000000e-01 4.939769099134241892e-01
1.665039062500000000e-01 4.939502865128887477e-01
1.666259765625000000e-01 4.939237011732509064e-01
1.667480468750000000e-01 4.938970767169449383e-01
1.668701171875000000e-01 4.938704896903245434e-01
1.669921875000000000e-01 4.938438641692085573e-01
1.671142578125000000e-01 4.938172754645567264e-01
1.672363281250000000e-01 4.937906488700208318e-01
1.673583984375000000e-01 4.937640584959365198e-01
1.674804687500000000e-01 4.937374308196896822e-01
1.676025390625000000e-01 4.937108387843920365e-01
1.677246093750000000e-01 4.936842100185053761e-01
1.678466796875000000e-01 4.936576163299153386e-01
1.679687500000000000e-01 4.936309864667908220e-01
1.680908203125000000e-01 4.936043911324581868e-01
1.682128906250000000e-01 4.935777601648441704e-01
1.683349609375000000e-01 4.935511631919965447e-01
1.684570312500000000e-01 4.935245311129405343e-01
1.685791015625000000e-01 4.934979325086109037e-01
1.687011718750000000e-01 4.934712993112581048e-01
1.688232421875000000e-01 4.934446990822527468e-01
1.689453125000000000e-01 4.934180647601879577e-01
1.690673828125000000e-01 4.933914629128834939e-01
1.691894531250000000e-01 4.933648274599549688e-01
1.693115234375000000e-01 4.933382240005751429e-01
1.694335937500000000e-01 4.933115874107819043e-01
1.695556640625000000e-01 4.932849823453523963e-01
1.696777343750000000e-01 4.932583446129324978e-01
1.697998046875000000e-01 4.932317379471958807e-01
1.699218750000000000e-01 4.932050990666635437e-01
1.700439453125000000e-01 4.931784908061808137e-01
1.701660156250000000e-01 4.931518507721888711e-01
1.702880859375000000e-01 4.931252409223497168e-01
1.704101562500000000e-01 4.930985997297449575e-01
1.705322265625000000e-01 4.930719882957131928e-01
1.706542968750000000e-01 4.930453459395873206e-01
1.707763671875000000e-01 4.930187329263341911e-01
1.708984375000000000e-01 4.929920894018963162e-01
1.710205078125000000e-01 4.929654748142698328e-01
1.711425781250000000e-01 4.929388301169031483e-01
1.712646484375000000e-01 4.929122139595529251e-01
1.713867187500000000e-01 4.928855680848419629e-01
1.715087890625000000e-01 4.928589503622743950e-01
1.716308593750000000e-01 4.928323033059253122e-01
1.717529296875000000e-01 4.928056840224664947e-01
1.718750000000000000e-01 4.927790357803307209e-01
1.719970703125000000e-01 4.927524149402184861e-01
1.721191406250000000e-01 4.927257655082883936e-01
1.722412109375000000e-01 4.926991431155798851e-01
1.723632812500000000e-01 4.926724924900121039e-01
1.724853515625000000e-01 4.926458685486440614e-01
1.726074218750000000e-01 4.926192167256541743e-01
1.727294921875000000e-01 4.925925912394586437e-01
1.728515625000000000e-01 4.925659382154566335e-01
1.729736328125000000e-01 4.925393111881188890e-01
1.730957031250000000e-01 4.925126569596106063e-01
1.732177734375000000e-01 4.924860283947050110e-01
1.733398437500000000e-01 4.924593729582955048e-01
1.734619140625000000e-01 4.924327428592948364e-01
1.735839843750000000e-01 4.924060862116854675e-01
1.737060546875000000e-01 4.923794545819634716e-01
1.738281250000000000e-01 4.923527967200055366e-01
1.739501953125000000e-01 4.923261635628144450e-01
1.740722656250000000e-01 4.922995044834097556e-01
1.741943359375000000e-01 4.922728698019271376e-01
1.743164062500000000e-01 4.922462095021023498e-01
1.744384765625000000e-01 4.922195732993978057e-01
1.745605468750000000e-01 4.921929117762516293e-01
1.746826171875000000e-01 4.921662740553109927e-01
1.748046875000000000e-01 4.921396113060507727e-01
1.749267578125000000e-01 4.921129720697605681e-01
1.750488281250000000e-01 4.920863080916708654e-01
1.751708984375000000e-01 4.920596673428547785e-01
1.752929687500000000e-01 4.920330021332856019e-01
1.754150390625000000e-01 4.920063598746710065e-01
1.755371093750000000e-01 4.919796934310665670e-01
1.756591796875000000e-01 4.919530496653233276e-01
1.757812500000000000e-01 4.919263819851918962e-01
1.759033203125000000e-01 4.918997367149191002e-01
1.760253906250000000e-01 4.918730677958416675e-01
1.761474609375000000e-01 4.918464210235407585e-01
1.762695312500000000e-01 4.918197508632020654e-01
1.763916015625000000e-01 4.917931025913062637e-01
1.765136718750000000e-01 4.917664311874048733e-01
1.766357421875000000e-01 4.917397814183087634e-01
1.767578125000000000e-01 4.917131087686447133e-01
1.768798828125000000e-01 4.916864575046674402e-01
1.770019531250000000e-01 4.916597836070817351e-01
1.771240234375000000e-01 4.916331308504698905e-01
1.772460937500000000e-01 4.916064557028914095e-01
1.773681640625000000e-01 4.915798014558356854e-01
1.774902343750000000e-01 4.915531250562236720e-01
1.776123046875000000e-01 4.915264693208826197e-01
1.777343750000000000e-01 4.914997916672607658e-01
1.778564453125000000e-01 4.914731344457116125e-01
1.779785156250000000e-01 4.914464555361448550e-01
1.781005859375000000e-01 4.914197968304436226e-01
1.782226562500000000e-01 4.913931166630549630e-01
1.783447265625000000e-01 4.913664564751745734e-01
1.784667968750000000e-01 4.913397750481627857e-01
1.785888671875000000e-01 4.913131133800208161e-01
1.787109375000000000e-01 4.912864306916117085e-01
1.788330078125000000e-01 4.912597675451079171e-01
1.789550781250000000e-01 4.912330835935738715e-01
1.790771484375000000e-01 4.912064189705317441e-01
1.791992187500000000e-01 4.911797337541959907e-01
1.793212890625000000e-01 4.911530676564250797e-01
1.794433593750000000e-01 4.911263811736628071e-01
1.795654296875000000e-01 4.910997136028890653e-01
1.796875000000000000e-01 4.910730258520920044e-01
1.798095703125000000e-01 4.910463568100482679e-01
1.799316406250000000e-01 4.910196677896744855e-01
1.800537109375000000e-01 4.909929972780352481e-01
1.801757812500000000e-01 4.909663069865526364e-01
1.802978515625000000e-01 4.909396350069520354e-01
1.804199218750000000e-01 4.909129434428916583e-01
1.805419921875000000e-01 4.908862699969120946e-01
1.806640625000000000e-01 4.908595771588493140e-01
1.807861328125000000e-01 4.908329022480469872e-01
1.809082031250000000e-01 4.908062081345744843e-01
1.810302734375000000e-01 4.907795317604731200e-01
1.811523437500000000e-01 4.907528363702327034e-01
1.812744140625000000e-01 4.907261585343032362e-01
1.813964843750000000e-01 4.906994618659641372e-01
1.815185546875000000e-01 4.906727825696735046e-01
1.816406250000000000e-01 4.906460846219277694e-01
1.817626953125000000e-01 4.906194038666897295e-01
1.818847656250000000e-01 4.905927046382678736e-01
1.820068359375000000e-01 4.905660224254895785e-01
1.821289062500000000e-01 4.905393219151609752e-01
1.822509765625000000e-01 4.905126382461985624e-01
1.823730468750000000e-01 4.904859364527508481e-01
1.824951171875000000e-01 4.904592513289161015e-01
1.826171875000000000e-01 4.904325482511738277e-01
1.827392578125000000e-01 4.904058616737865250e-01
1.828613281250000000e-01 4.903791573105888979e-01
1.829833984375000000e-01 4.903524692809331786e-01
1.831054687500000000e-01 4.903257636311665335e-01
1.832275390625000000e-01 4.902990741504685279e-01
1.833496093750000000e-01 4.902723672130481214e-01
1.834716796875000000e-01 4.902456762825397885e-01
1.835937500000000000e-01 4.902189680563691643e-01
1.837158203125000000e-01 4.901922756772533196e-01
1.838378906250000000e-01 4.901655661612942527e-01
1.839599609375000000e-01 4.901388723347472887e-01
1.840820312500000000e-01 4.901121615279736554e-01
1.842041015625000000e-01 4.900854662551286101e-01
1.843261718750000000e-01 4.900587541565476490e-01
1.844482421875000000e-01 4.900320574385479966e-01
1.845703125000000000e-01 4.900053440471848765e-01
1.846923828125000000e-01 4.899786458851065341e-01
1.848144531250000000e-01 4.899519312000222282e-01
1.849365234375000000e-01 4.899252315949597092e-01
1.850585937500000000e-01 4.898985156152020903e-01
1.851806640625000000e-01 4.898718145682156022e-01
1.853027343750000000e-01 4.898450972928904967e-01
1.854248046875000000e-01 4.898183948050095493e-01
1.855468750000000000e-01 4.897916762332210627e-01
1.856689453125000000e-01 4.897649723054777748e-01
1.857910156250000000e-01 4.897382524363557699e-01
1.859130859375000000e-01 4.897115470697314676e-01
1.860351562500000000e-01 4.896848259024356165e-01
1.861572265625000000e-01 4.896581190979162335e-01
1.862792968750000000e-01 4.896313966316042654e-01
1.864013671875000000e-01 4.896046883901485902e-01
1.865234375000000000e-01 4.895779646240041583e-01
1.866455078125000000e-01 4.895512549465794727e-01
1.867675781250000000e-01 4.895245298798046041e-01
1.868896484375000000e-01 4.894978187673101333e-01
1.870117187500000000e-01 4.894710923991358875e-01
1.871337890625000000e-01 4.894443798524911182e-01
1.872558593750000000e-01 4.894176521821510528e-01
1.873779296875000000e-01 4.893909382022378352e-01
1.875000000000000000e-01 4.893642092289967049e-01
1.876220703125000000e-01 4.893374938167002197e-01
1.877441406250000000e-01 4.893107635398190047e-01
1.878662109375000000e-01 4.892840466959868517e-01
1.879882812500000000e-01 4.892573151147588950e-01
1.881103515625000000e-01 4.892305968402470007e-01
1.882324218750000000e-01 4.892038639539776357e-01
1.883544921875000000e-01 4.891771442496116729e-01
1.884765625000000000e-01 4.891504100576050118e-01
1.885986328125000000e-01 4.891236889241961094e-01
1.887207031250000000e-01 4.890969534257962881e-01
1.888427734375000000e-01 4.890702308641544649e-01
1.889648437500000000e-01 4.890434940586967927e-01
1.890869140625000000e-01 4.890167700696019804e-01
1.892089843750000000e-01 4.889900319564540743e-01
1.893310546875000000e-01 4.889633065406722712e-01
1.894531250000000000e-01 4.889365671192086316e-01
1.895751953125000000e-01 4.889098402775183261e-01
1.896972656250000000e-01 4.888830995471105112e-01
1.898193359375000000e-01 4.888563712802489469e-01
1.899414062500000000e-01 4.888296292402996568e-01
1.900634765625000000e-01 4.888028995490033002e-01
1.901855468750000000e-01 4.887761561989266701e-01
1.903076171875000000e-01 4.887494250839180543e-01
1.904296875000000000e-01 4.887226804231435406e-01
1.905517578125000000e-01 4.886959478851156669e-01
1.906738281250000000e-01 4.886692019130834397e-01
1.907958984375000000e-01 4.886424679527383574e-01
1.909179687500000000e-01 4.886157206688975241e-01
1.910400390625000000e-01 4.885889852869332306e-01
1.911621093750000000e-01 4.885622366907319547e-01
1.912841796875000000e-01 4.885354998878209676e-01
1.914062500000000000e-01 4.885087499787165721e-01
1.915283203125000000e-01 4.884820117555275787e-01
1.916503906250000000e-01 4.884552605330270691e-01
1.917724609375000000e-01 4.884285208901929520e-01
1.918945312500000000e-01 4.884017683537873467e-01
1.920166015625000000e-01 4.883750272919633595e-01
1.921386718750000000e-01 4.883482734411331849e-01
1.922607421875000000e-01 4.883215309609604260e-01
1.923828125000000000e-01 4.882947757952174062e-01
1.925048828125000000e-01 4.882680318973208755e-01
1.926269531250000000e-01 4.882412754162073765e-01
1.927490234375000000e-01 4.882145301011800997e-01
1.928710937500000000e-01 4.881877723042113981e-01
1.929931640625000000e-01 4.881610255726671621e-01
1.931152343750000000e-01 4.881342664593970593e-01
1.932373046875000000e-01 4.881075183119507055e-01
1.933593750000000000e-01 4.880807578819027492e-01
1.934814453125000000e-01 4.880540083191129974e-01
1.936035156250000000e-01 4.880272465718756836e-01
1.937255859375000000e-01 4.880004955943237910e-01
1.938476562500000000e-01 4.879737325294457584e-01
1.939697265625000000e-01 4.879469801377165350e-01
1.940917968750000000e-01 4.879202157547845031e-01
1.942138671875000000e-01 4.878934619494171288e-01
1.943359375000000000e-01 4.878666962479953351e-01
1.944580078125000000e-01 4.878399410295622407e-01
1.945800781250000000e-01 4.878131740092718216e-01
1.947021484375000000e-01 4.877864173782969215e-01
1.948242187500000000e-01 4.877596490387257067e-01
1.949462890625000000e-01 4.877328909957465153e-01
1.950683593750000000e-01 4.877061213365032066e-01
1.951904296875000000e-01 4.876793618820634557e-01
1.953125000000000000e-01 4.876525909027576433e-01
1.954345703125000000e-01 4.876258300373659260e-01
1.955566406250000000e-01 4.875990577376275170e-01
1.956787109375000000e-01 4.875722954617903726e-01
1.958007812500000000e-01 4.875455218412471092e-01
1.959228515625000000e-01 4.875187581554830119e-01
1.960449218750000000e-01 4.874919832137800113e-01
1.961669921875000000e-01 4.874652181185739619e-01
1.962890625000000000e-01 4.874384418553537324e-01
1.964111328125000000e-01 4.874116753512217626e-01
1.965332031250000000e-01 4.873848977661350834e-01
1.966552734375000000e-01 4.873581298535355488e-01
1.967773437500000000e-01 4.873313509462524618e-01
1.968994140625000000e-01 4.873045816256512119e-01
1.970214843750000000e-01 4.872778013958319332e-01
1.971435546875000000e-01 4.872510306677319547e-01
1.972656250000000000e-01 4.872242491150406973e-01
1.973876953125000000e-01 4.871974769798949056e-01
1.975097656250000000e-01 4.871706941040197525e-01
1.976318359375000000e-01 4.871439205622792867e-01
1.977539062500000000e-01 4.871171363628959416e-01
1.978759765625000000e-01 4.870903614150372540e-01
1.979980468750000000e-01 4.870635758918329117e-01
1.981201171875000000e-01 4.870367995382753890e-01
1.982421875000000000e-01 4.870100126909645000e-01
1.983642578125000000e-01 4.869832349321610021e-01
1.984863281250000000e-01 4.869564467604505231e-01
1.986083984375000000e-01 4.869296675968256549e-01
1.987304687500000000e-01 4.869028781004044459e-01
1.988525390625000000e-01 4.868760975324018525e-01
1.989746093750000000e-01 4.868493067110041816e-01
1.990966796875000000e-01 4.868225247390234323e-01
1.992187500000000000e-01 4.867957325923554235e-01
1.993408203125000000e-01 4.867689492168467691e-01
1.994628906250000000e-01 4.867421557446228175e-01
1.995849609375000000e-01 4.867153709659802763e-01
1.997070312500000000e-01 4.866885761679544120e-01
1.998291015625000000e-01 4.866617899865881558e-01
1.999511718750000000e-01 4.866349938624855986e-01
2.000732421875000000e-01 4.866082062787923102e-01
2.001953125000000000e-01 4.865814088283629824e-01
2.003173828125000000e-01 4.865546198427492808e-01
2.004394531250000000e-01 4.865278210657284497e-01
2.005615234375000000e-01 4.865010306785810257e-01
2.006835937500000000e-01 4.864742305747268292e-01
2.008056640625000000e-01 4.864474387864226035e-01
2.009277343750000000e-01 4.864206373555023388e-01
2.010498046875000000e-01 4.863938441664338308e-01
2.011718750000000000e-01 4.863670414081817106e-01
2.012939453125000000e-01 4.863402468187402738e-01
2.014160156250000000e-01 4.863134427329409704e-01
2.015380859375000000e-01 4.862866467434808770e-01
2.016601562500000000e-01 4.862598413298938049e-01
2.017822265625000000e-01 4.862330439407837046e-01
2.019042968750000000e-01 4.862062371992103005e-01
2.020263671875000000e-01 4.861794384108101830e-01
2.021484375000000000e-01 4.861526303410100280e-01
2.022705078125000000e-01 4.861258301536888204e-01
2.023925781250000000e-01 4.860990207554432563e-01
2.025146484375000000e-01 4.860722191695542316e-01
2.026367187500000000e-01 4.860454084426636401e-01
2.027587890625000000e-01 4.860186054585543536e-01
2.028808593750000000e-01 4.859917934028021302e-01
2.030029296875000000e-01 4.859649890208181944e-01
2.031250000000000000e-01 4.859381756360056093e-01
2.032470703125000000e-01 4.859113698564980766e-01
2.033691406250000000e-01 4.858845551424106901e-01
2.034912109375000000e-01 4.858577479657262832e-01
2.036132812500000000e-01 4.858309319221770783e-01
2.037353515625000000e-01 4.858041233486431465e-01
2.038574218750000000e-01 4.857773059754361133e-01
2.039794921875000000e-01 4.857504960053812826e-01
2.041015625000000000e-01 4.857236773023371756e-01
2.042236328125000000e-01 4.856968659360786922e-01
2.043457031250000000e-01 4.856700459030227068e-01
2.044677734375000000e-01 4.856432331409006320e-01
2.045898437500000000e-01 4.856164117776308187e-01
2.047119140625000000e-01 4.855895976199582353e-01
2.048339843750000000e-01 4.855627749263118353e-01
2.049560546875000000e-01 4.855359593734108747e-01
2.050781250000000000e-01 4.855091353492123618e-01
2.052001953125000000e-01 4.854823184013883353e-01
2.053222656250000000e-01 4.854554930464604623e-01
2.054443359375000000e-01 4.854286747040403860e-01
2.055664062500000000e-01 4.854018480182042405e-01
2.056884765625000000e-01 4.853750282814836003e-01
2.058105468750000000e-01 4.853482002646035687e-01
2.059326171875000000e-01 4.853213791338757410e-01
2.060546875000000000e-01 4.852945497857853452e-01
2.061767578125000000e-01 4.852677272613566961e-01
2.062988281250000000e-01 4.852408965819020592e-01
2.064208984375000000e-01 4.852140726640717938e-01
2.065429687500000000e-01 4.851872406530848281e-01
2.066650390625000000e-01 4.851604153421514853e-01
2.067871093750000000e-01 4.851335819994846976e-01
2.069091796875000000e-01 4.851067552957327722e-01
2.070312500000000000e-01 4.850799206212599302e-01
2.071533203125000000e-01 4.850530925249556535e-01
2.072753906250000000e-01 4.850262565185326502e-01
2.073974609375000000e-01 4.849994270299776700e-01
2.075195312500000000e-01 4.849725896914414691e-01
2.076416015625000000e-01 4.849457588109460926e-01
2.077636718750000000e-01 4.849189201401615801e-01
2.078857421875000000e-01 4.848920878679620072e-01
2.080078125000000000e-01 4.848652478648092234e-01
2.081298828125000000e-01 4.848384142012015507e-01
2.082519531250000000e-01 4.848115728655324475e-01
2.083740234375000000e-01 4.847847378107912331e-01
2.084960937500000000e-01 4.847578951424751370e-01
2.086181640625000000e-01 4.847310586968663348e-01
2.087402343750000000e-01 4.847042146957997732e-01
2.088623046875000000e-01 4.846773768595830645e-01
2.089843750000000000e-01 4.846505315256202651e-01
2.091064453125000000e-01 4.846236922990765916e-01
2.092285156250000000e-01 4.845968456321080309e-01
2.093505859375000000e-01 4.845700050154831406e-01
2.094726562500000000e-01 4.845431570153866385e-01
2.095947265625000000e-01 4.845163150089471515e-01
2.097167968750000000e-01 4.844894656756090212e-01
2.098388671875000000e-01 4.844626222796133419e-01
2.099609375000000000e-01 4.844357716129054081e-01
2.100830078125000000e-01 4.844089268276164373e-01
2.102050781250000000e-01 4.843820748274372257e-01
2.103271484375000000e-01 4.843552286530981021e-01
2.104492187500000000e-01 4.843283753193440289e-01
2.105712890625000000e-01 4.843015277562000009e-01
2.106933593750000000e-01 4.842746730887673712e-01
2.108154296875000000e-01 4.842478241370699599e-01
2.109375000000000000e-01 4.842209681358585760e-01
2.110595703125000000e-01 4.841941177958412612e-01
2.111816406250000000e-01 4.841672604607460961e-01
2.113037109375000000e-01 4.841404087326602879e-01
2.114257812500000000e-01 4.841135500635898037e-01
2.115478515625000000e-01 4.840866969476736448e-01
2.116699218750000000e-01 4.840598369445117677e-01
2.117919921875000000e-01 4.840329824410153359e-01
2.119140625000000000e-01 4.840061211036829070e-01
2.120361328125000000e-01 4.839792652128218076e-01
2.121582031250000000e-01 4.839524025412315078e-01
2.122802734375000000e-01 4.839255452632452159e-01
2.124023437500000000e-01 4.838986812572955709e-01
2.125244140625000000e-01 4.838718225924267813e-01
2.126464843750000000e-01 4.838449572520275299e-01
2.127685546875000000e-01 4.838180972004935132e-01
2.128906250000000000e-01 4.837912305255922529e-01
2.130126953125000000e-01 4.837643690876136660e-01
2.131347656250000000e-01 4.837375010780700091e-01
2.132568359375000000e-01 4.837106382539096971e-01
2.133789062500000000e-01 4.836837689096873949e-01
2.135009765625000000e-01 4.836569046995447541e-01
2.136230468750000000e-01 4.836300340205412773e-01
2.137451171875000000e-01 4.836031684245999385e-01
2.138671875000000000e-01 4.835762964107856443e-01
2.139892578125000000e-01 4.835494294293116169e-01
2.141113281250000000e-01 4.835225560805569422e-01
2.142333984375000000e-01 4.834956877137476239e-01
2.143554687500000000e-01 4.834688130299981124e-01
2.144775390625000000e-01 4.834419432780799886e-01
2.145996093750000000e-01 4.834150672592690823e-01
2.147216796875000000e-01 4.833881961224520962e-01
2.148437500000000000e-01 4.833613187685054102e-01
2.149658203125000000e-01 4.833344462469983394e-01
2.150878906250000000e-01 4.833075675578458741e-01
2.152099609375000000e-01 4.832806936518615482e-01
2.153320312500000000e-01 4.832538136274431295e-01
2.154541015625000000e-01 4.832269383371919358e-01
2.155761718750000000e-01 4.832000569774401733e-01
2.156982421875000000e-01 4.831731803031127370e-01
2.158203125000000000e-01 4.831462976079843874e-01
2.159423828125000000e-01 4.831194195497875987e-01
2.160644531250000000e-01 4.830925355191968418e-01
2.161865234375000000e-01 4.830656560773534114e-01
2.163085937500000000e-01 4.830387707112494544e-01
2.164306640625000000e-01 4.830118898859432353e-01
2.165527343750000000e-01 4.829850031842882752e-01
2.166748046875000000e-01 4.829581209757106142e-01
2.167968750000000000e-01 4.829312329384389257e-01
2.169189453125000000e-01 4.829043493468005432e-01
2.170410156250000000e-01 4.828774599738578366e-01
2.171630859375000000e-01 4.828505749993457496e-01
2.172851562500000000e-01 4.828236842906761805e-01
2.174072265625000000e-01 4.827967979334975013e-01
2.175292968750000000e-01 4.827699058890470019e-01
2.176513671875000000e-01 4.827430181493991279e-01
2.177734375000000000e-01 4.827161247691295065e-01
2.178955078125000000e-01 4.826892356471866319e-01
2.180175781250000000e-01 4.826623409310508706e-01
2.181396484375000000e-01 4.826354504269996237e-01
2.182617187500000000e-01 4.826085543749505935e-01
2.183837890625000000e-01 4.825816624889962547e-01
2.185058593750000000e-01 4.825547651009914341e-01
2.186279296875000000e-01 4.825278718333106953e-01
2.187500000000000000e-01 4.825009731093025112e-01
2.188720703125000000e-01 4.824740784600811128e-01
2.189941406250000000e-01 4.824471784000311514e-01
2.191162109375000000e-01 4.824202823694567766e-01
2.192382812500000000e-01 4.823933809733373934e-01
2.193603515625000000e-01 4.823664835615733559e-01
2.194824218750000000e-01 4.823395808293494680e-01
2.196044921875000000e-01 4.823126820365870593e-01
2.197265625000000000e-01 4.822857779682126478e-01
2.198486328125000000e-01 4.822588777946383853e-01
2.199707031250000000e-01 4.822319723900834187e-01
2.200927734375000000e-01 4.822050708358651683e-01
2.202148437500000000e-01 4.821781640950976167e-01
2.203369140625000000e-01 4.821512611604225063e-01
2.204589843750000000e-01 4.821243530834015134e-01
2.205810546875000000e-01 4.820974487684290821e-01
2.207031250000000000e-01 4.820705393551295570e-01
2.208251953125000000e-01 4.820436336600535943e-01
2.209472656250000000e-01 4.820167229104602713e-01
2.210693359375000000e-01 4.819898158354269935e-01
2.211914062500000000e-01 4.819629037495043455e-01
2.213134765625000000e-01 4.819359952946984382e-01
2.214355468750000000e-01 4.819090818724145464e-01
2.215576171875000000e-01 4.818821720380097040e-01
2.216796875000000000e-01 4.818552572793386446e-01
2.218017578125000000e-01 4.818283460655073958e-01
2.219238281250000000e-01 4.818014299704256320e-01
2.220458984375000000e-01 4.817745173773277934e-01
2.221679687500000000e-01 4.817475999458297187e-01
2.222900390625000000e-01 4.817206859736162805e-01
2.224121093750000000e-01 4.816937672056702535e-01
2.225341796875000000e-01 4.816668518545233479e-01
2.226562500000000000e-01 4.816399317501083299e-01
2.227783203125000000e-01 4.816130150201805571e-01
2.229003906250000000e-01 4.815860935792838360e-01
2.230224609375000000e-01 4.815591754707565508e-01
2.231445312500000000e-01 4.815322526933530911e-01
2.232666015625000000e-01 4.815053332063671809e-01
2.233886718750000000e-01 4.814784090924462134e-01
2.235107421875000000e-01 4.814514882271710983e-01
2.236328125000000000e-01 4.814245627767336777e-01
2.237548828125000000e-01 4.813976405333195707e-01
2.238769531250000000e-01 4.813707137463296704e-01
2.239990234375000000e-01 4.813437901249371653e-01
2.241210937500000000e-01 4.813168620013929533e-01
2.242431640625000000e-01 4.812899370021850309e-01
2.243652343750000000e-01 4.812630075420695208e-01
2.244873046875000000e-01 4.812360811651905101e-01
2.246093750000000000e-01 4.812091503685076432e-01
2.247314453125000000e-01 4.811822226141154735e-01
2.248535156250000000e-01 4.811552904808411579e-01
2.249755859375000000e-01 4.811283613491059707e-01
2.250976562500000000e-01 4.811014278792303256e-01
2.252197265625000000e-01 4.810744973702902882e-01
2.253417968750000000e-01 4.810475625638173103e-01
2.254638671875000000e-01 4.810206306778148644e-01
2.255859375000000000e-01 4.809936945347417225e-01
2.257080078125000000e-01 4.809667612718308005e-01
2.258300781250000000e-01 4.809398237921538866e-01
2.259521484375000000e-01 4.809128891524831473e-01
2.260742187500000000e-01 4.808859503361947452e-01
2.261962890625000000e-01 4.808590143199136246e-01
2.263183593750000000e-01 4.808320741670220055e-01
2.264404296875000000e-01 4.808051367742768867e-01
2.265625000000000000e-01 4.807781952847625107e-01
2.266845703125000000e-01 4.807512565156923379e-01
2.268066406250000000e-01 4.807243136895743008e-01
2.269287109375000000e-01 4.806973735443336726e-01
2.270507812500000000e-01 4.806704293815929341e-01
2.271728515625000000e-01 4.806434878603242367e-01
2.272949218750000000e-01 4.806165423609858323e-01
2.274169921875000000e-01 4.805895994638244018e-01
2.275390625000000000e-01 4.805626526278774513e-01
2.276611328125000000e-01 4.805357083549650077e-01
2.277832031250000000e-01 4.805087601824183929e-01
2.279052734375000000e-01 4.804818145339109225e-01
2.280273437500000000e-01 4.804548650247606467e-01
2.281494140625000000e-01 4.804279180007778871e-01
2.282714843750000000e-01 4.804009671550604210e-01
2.283935546875000000e-01 4.803740187557345442e-01
2.285156250000000000e-01 4.803470665734389522e-01
2.286376953125000000e-01 4.803201167989205045e-01
2.287597656250000000e-01 4.802931632800567785e-01
2.288818359375000000e-01 4.802662121304788201e-01
2.290039062500000000e-01 4.802392572750462940e-01
2.291259765625000000e-01 4.802123047505584275e-01
2.292480468750000000e-01 4.801853485585733106e-01
2.293701171875000000e-01 4.801583946592957730e-01
2.294921875000000000e-01 4.801314371307747186e-01
2.296142578125000000e-01 4.801044818568419581e-01
2.297363281250000000e-01 4.800775229917996767e-01
2.298583984375000000e-01 4.800505663433358716e-01
2.299804687500000000e-01 4.800236061417904043e-01
2.301025390625000000e-01 4.799966481189453238e-01
2.302246093750000000e-01 4.799696865808885660e-01
2.303466796875000000e-01 4.799427271837903297e-01
2.304687500000000000e-01 4.799157643092550329e-01
2.305908203125000000e-01 4.798888035380333150e-01
2.307128906250000000e-01 4.798618393270101534e-01
2.308349609375000000e-01 4.798348771817968483e-01
2.309570312500000000e-01 4.798079116343240691e-01
2.310791015625000000e-01 4.797809481152472966e-01
2.312011718750000000e-01 4.797539812313438845e-01
2.313232421875000000e-01 4.797270163385189967e-01
2.314453125000000000e-01 4.797000481182183140e-01
2.315673828125000000e-01 4.796730818517672690e-01
2.316894531250000000e-01 4.796461122950702038e-01
2.318115234375000000e-01 4.796191446551317794e-01
2.319335937500000000e-01 4.795921737620633674e-01
2.320556640625000000e-01 4.795652047487535263e-01
2.321777343750000000e-01 4.795382325193359163e-01
2.322998046875000000e-01 4.795112621327860536e-01
2.324218750000000000e-01 4.794842885670487220e-01
2.325439453125000000e-01 4.794573168073738012e-01
2.326660156250000000e-01 4.794303419053405624e-01
2.327880859375000000e-01 4.794033687726804160e-01
2.329101562500000000e-01 4.793763925343468291e-01
2.330322265625000000e-01 4.793494180288085382e-01
2.331542968750000000e-01 4.793224404542208994e-01
2.332763671875000000e-01 4.792954645759341936e-01
2.333984375000000000e-01 4.792684856651313607e-01
2.335205078125000000e-01 4.792415084142127024e-01
2.336425781250000000e-01 4.792145281671873480e-01
2.337646484375000000e-01 4.791875495437638577e-01
2.338867187500000000e-01 4.791605679605555057e-01
2.340087890625000000e-01 4.791335879647377616e-01
2.341308593750000000e-01 4.791066050453915981e-01
2.342529296875000000e-01 4.790796236772981720e-01
2.343750000000000000e-01 4.790526394218405648e-01
2.344970703125000000e-01 4.790256566815757622e-01
2.346191406250000000e-01 4.789986710900233646e-01
2.347412109375000000e-01 4.789716869777242980e-01
2.348632812500000000e-01 4.789447000501092511e-01
2.349853515625000000e-01 4.789177145658936596e-01
2.351074218750000000e-01 4.788907263022482708e-01
2.352294921875000000e-01 4.788637394462018637e-01
2.353515625000000000e-01 4.788367498465782579e-01
2.354736328125000000e-01 4.788097616188383143e-01
2.355957031250000000e-01 4.787827706832457064e-01
2.357177734375000000e-01 4.787557810839148109e-01
2.358398437500000000e-01 4.787287888123986646e-01
2.359619140625000000e-01 4.787017978416038821e-01
2.360839843750000000e-01 4.786748042341961162e-01
2.362060546875000000e-01 4.786478118920318159e-01
2.363281250000000000e-01 4.786208169487654596e-01
2.364501953125000000e-01 4.785938232353508237e-01
2.365722656250000000e-01 4.785668269562685651e-01
2.366943359375000000e-01 4.785398318717110078e-01
2.368164062500000000e-01 4.785128342568439330e-01
2.369384765625000000e-01 4.784858378012629143e-01
2.370605468750000000e-01 4.784588388506418877e-01
2.371826171875000000e-01 4.784318410241389374e-01
2.373046875000000000e-01 4.784048407378141965e-01
2.374267578125000000e-01 4.783778415404870143e-01
2.375488281250000000e-01 4.783508399184948634e-01
2.376708984375000000e-01 4.783238393504688490e-01
2.377929687500000000e-01 4.782968363928422617e-01
2.379150390625000000e-01 4.782698344542311575e-01
2.380371093750000000e-01 4.782428301610204269e-01
2.381591796875000000e-01 4.782158268518983402e-01
2.382812500000000000e-01 4.781888212231436008e-01
2.384033203125000000e-01 4.781618165436272161e-01
2.385253906250000000e-01 4.781348095793829800e-01
2.386474609375000000e-01 4.781078035295787121e-01
2.387695312500000000e-01 4.780807952298654073e-01
2.388916015625000000e-01 4.780537878098862214e-01
2.390136718750000000e-01 4.780267781747611355e-01
2.391357421875000000e-01 4.779997693847123363e-01
2.392578125000000000e-01 4.779727584142045571e-01
2.393798828125000000e-01 4.779457482541736302e-01
2.395019531250000000e-01 4.779187359483423325e-01
2.396240234375000000e-01 4.778917244184469615e-01
2.397460937500000000e-01 4.778647107773286162e-01
2.398681640625000000e-01 4.778376978776562312e-01
2.399902343750000000e-01 4.778106829013117340e-01
2.401123046875000000e-01 4.777836686319576476e-01
2.402343750000000000e-01 4.777566523204275772e-01
2.403564453125000000e-01 4.777296366815059203e-01
2.404785156250000000e-01 4.777026190348389045e-01
2.406005859375000000e-01 4.776756020264484870e-01
2.407226562500000000e-01 4.776485830446891567e-01
2.408447265625000000e-01 4.776215646669182968e-01
2.409667968750000000e-01 4.775945443501233290e-01
2.410888671875000000e-01 4.775675246030783860e-01
2.412109375000000000e-01 4.775405029512849175e-01
2.413330078125000000e-01 4.775134818350751376e-01
2.414550781250000000e-01 4.774864588483294092e-01
2.415771484375000000e-01 4.774594363630302318e-01
2.416992187500000000e-01 4.774324120414176198e-01
2.418212890625000000e-01 4.774053881871248572e-01
2.419433593750000000e-01 4.773783625306678435e-01
2.420654296875000000e-01 4.773513373074916299e-01
2.421875000000000000e-01 4.773243103162410628e-01
2.423095703125000000e-01 4.772972837242778210e-01
2.424316406250000000e-01 4.772702553982872686e-01
2.425537109375000000e-01 4.772432274376198214e-01
2.426757812500000000e-01 4.772161977769618924e-01
2.427978515625000000e-01 4.771891684476902151e-01
2.429199218750000000e-01 4.771621374524027681e-01
2.430419921875000000e-01 4.771351067546103497e-01
2.431640625000000000e-01 4.771080744247656602e-01
2.432861328125000000e-01 4.770810423585465365e-01
2.434082031250000000e-01 4.770540086941799096e-01
2.435302734375000000e-01 4.770269752596409951e-01
2.436523437500000000e-01 4.769999402608224859e-01
2.437744140625000000e-01 4.769729054580455485e-01
2.438964843750000000e-01 4.769458691248320004e-01
2.440185546875000000e-01 4.769188329538919247e-01
2.441406250000000000e-01 4.768917952863472864e-01
2.442626953125000000e-01 4.768647577473439370e-01
2.443847656250000000e-01 4.768377187455181687e-01
2.445068359375000000e-01 4.768106798385394196e-01
2.446289062500000000e-01 4.767836395025066842e-01
2.447509765625000000e-01 4.767565992276353581e-01
2.448730468750000000e-01 4.767295575574426181e-01
2.449951171875000000e-01 4.767025159147769142e-01
2.451171875000000000e-01 4.766754729104868415e-01
2.452392578125000000e-01 4.766484299001125802e-01
2.453613281250000000e-01 4.766213855617796868e-01
2.454833984375000000e-01 4.765943411837858523e-01
2.456054687500000000e-01 4.765672955114848008e-01
2.457275390625000000e-01 4.765402497659619319e-01
2.458496093750000000e-01 4.765132027597243636e-01
2.459716796875000000e-01 4.764861556467518411e-01
2.460937500000000000e-01 4.764591073066813953e-01
2.462158203125000000e-01 4.764320588263405432e-01
2.463378906250000000e-01 4.764050091524799635e-01
2.464599609375000000e-01 4.763779593048584893e-01
2.465820312500000000e-01 4.763509082972774977e-01
2.467041015625000000e-01 4.763238570824529505e-01
2.468261718750000000e-01 4.762968047412223238e-01
2.469482421875000000e-01 4.762697521592775818e-01
2.470703125000000000e-01 4.762426984844614908e-01
2.471923828125000000e-01 4.762156445354858159e-01
2.473144531250000000e-01 4.761885895271406044e-01
2.474365234375000000e-01 4.761615342112139881e-01
2.475585937500000000e-01 4.761344778694224789e-01
2.476806640625000000e-01 4.761074211866093697e-01
2.478027343750000000e-01 4.760803635114328469e-01
2.479248046875000000e-01 4.760533054618421023e-01
2.480468750000000000e-01 4.760262464533421833e-01
2.481689453125000000e-01 4.759991870370454126e-01
2.482910156250000000e-01 4.759721266952782193e-01
2.484130859375000000e-01 4.759450659123591887e-01
2.485351562500000000e-01 4.759180042374319131e-01
2.486572265625000000e-01 4.758909420879376961e-01
2.487792968750000000e-01 4.758638790798986884e-01
2.489013671875000000e-01 4.758368155639413066e-01
2.490234375000000000e-01 4.758097512228563475e-01
2.491455078125000000e-01 4.757826863405003603e-01
2.492675781250000000e-01 4.757556206664630416e-01
2.493896484375000000e-01 4.757285544177914938e-01
2.495117187500000000e-01 4.757014874108489444e-01
2.496337890625000000e-01 4.756744197959220655e-01
2.497558593750000000e-01 4.756473514561665450e-01
2.498779296875000000e-01 4.756202824750774827e-01
2.500000000000000000e-01 4.755932128025771588e-01
2.501220703125000000e-01 4.755661424553855321e-01
2.502441406250000000e-01 4.755390714502220062e-01
2.503662109375000000e-01 4.755119997370091389e-01
2.504882812500000000e-01 4.754849273992420855e-01
2.506103515625000000e-01 4.754578543200763119e-01
2.507324218750000000e-01 4.754307806497987676e-01
2.508544921875000000e-01 4.754037062047729023e-01
2.509765625000000000e-01 4.753766312020452078e-01
2.510986328125000000e-01 4.753495553912057692e-01
2.512207031250000000e-01 4.753224790561112467e-01
2.513427734375000000e-01 4.752954018795524371e-01
2.514648437500000000e-01 4.752683242121558682e-01
2.515869140625000000e-01 4.752412456699434684e-01
2.517089843750000000e-01 4.752141666703568745e-01
2.518310546875000000e-01 4.751870867625397343e-01
2.519531250000000000e-01 4.751600064308106885e-01
2.520751953125000000e-01 4.751329251574961110e-01
2.521972656250000000e-01 4.751058434937084352e-01
2.523193359375000000e-01 4.750787608549529861e-01
2.524414062500000000e-01 4.750516778591791223e-01
2.525634765625000000e-01 4.750245938550444746e-01
2.526855468750000000e-01 4.749975095273931691e-01
2.528076171875000000e-01 4.749704241579416064e-01
2.529296875000000000e-01 4.749433384984779738e-01
2.530517578125000000e-01 4.749162517637923742e-01
2.531738281250000000e-01 4.748891647725965726e-01
2.532958984375000000e-01 4.748620766727339459e-01
2.534179687500000000e-01 4.748349883498962920e-01
2.535400390625000000e-01 4.748078988849209758e-01
2.536621093750000000e-01 4.747808092305244032e-01
2.537841796875000000e-01 4.747537184005082844e-01
2.539062500000000000e-01 4.747266274146312859e-01
2.540283203125000000e-01 4.746995352196443640e-01
2.541503906250000000e-01 4.746724429023748693e-01
2.542724609375000000e-01 4.746453493424608316e-01
2.543945312500000000e-01 4.746182556938812747e-01
2.545166015625000000e-01 4.745911607691438716e-01
2.546386718750000000e-01 4.745640657893341885e-01
2.547607421875000000e-01 4.745369694998062826e-01
2.548828125000000000e-01 4.745098731888578447e-01
2.550048828125000000e-01 4.744827755346145981e-01
2.551269531250000000e-01 4.744556778926169449e-01
2.552490234375000000e-01 4.744285788737140908e-01
2.553710937500000000e-01 4.744014799007543193e-01
2.554931640625000000e-01 4.743743795172548072e-01
2.556152343750000000e-01 4.743472792134315608e-01
2.557373046875000000e-01 4.743201774653836855e-01
2.558593750000000000e-01 4.742930758307808414e-01
2.559814453125000000e-01 4.742659727182593210e-01
2.561035156250000000e-01 4.742388697529658637e-01
2.562255859375000000e-01 4.742117652760220459e-01
2.563476562500000000e-01 4.741846609801386725e-01
2.564697265625000000e-01 4.741575551388374499e-01
2.565917968750000000e-01 4.741304495124398777e-01
2.567138671875000000e-01 4.741033423068390928e-01
2.568359375000000000e-01 4.740762353500105331e-01
2.569580078125000000e-01 4.740491267801812958e-01
2.570800781250000000e-01 4.740220184930294955e-01
2.572021484375000000e-01 4.739949085590081657e-01
2.573242187500000000e-01 4.739677989416285486e-01
2.574462890625000000e-01 4.739406876434885674e-01
2.575683593750000000e-01 4.739135766959657325e-01
2.576904296875000000e-01 4.738864640337464573e-01
2.578125000000000000e-01 4.738593517561817126e-01
2.579345703125000000e-01 4.738322377299565291e-01
2.580566406250000000e-01 4.738051241224338073e-01
2.581787109375000000e-01 4.737780087322582268e-01
2.583007812500000000e-01 4.737508937948753385e-01
2.584228515625000000e-01 4.737237770408010418e-01
2.585449218750000000e-01 4.736966607736693424e-01
2.586669921875000000e-01 4.736695426557204769e-01
2.587890625000000000e-01 4.736424250589372775e-01
2.589111328125000000e-01 4.736153055772004405e-01
2.590332031250000000e-01 4.735881866508426796e-01
2.591552734375000000e-01 4.735610658053656663e-01
2.592773437500000000e-01 4.735339455495439775e-01
2.593994140625000000e-01 4.735068233403653126e-01
2.595214843750000000e-01 4.734797017551877762e-01
2.596435546875000000e-01 4.734525781823658019e-01
2.597656250000000000e-01 4.734254552679220129e-01
2.598876953125000000e-01 4.733983303315030255e-01
2.600097656250000000e-01 4.733712060878933481e-01
2.601318359375000000e-01 4.733440797879274742e-01
2.602539062500000000e-01 4.733169542152680931e-01
2.603759765625000000e-01 4.732898265517973546e-01
2.604980468750000000e-01 4.732626996501848593e-01
2.606201171875000000e-01 4.732355706232722614e-01
2.607421875000000000e-01 4.732084423927960248e-01
2.608642578125000000e-01 4.731813120024795372e-01
2.609863281250000000e-01 4.731541824432587973e-01
2.611083984375000000e-01 4.731270506895993710e-01
2.612304687500000000e-01 4.730999198017237228e-01
2.613525390625000000e-01 4.730727866847523333e-01
2.614746093750000000e-01 4.730456544683284692e-01
2.615966796875000000e-01 4.730185199881044023e-01
2.617187500000000000e-01 4.729913864432476189e-01
2.618408203125000000e-01 4.729642505997928570e-01
2.619628906250000000e-01 4.729371157266113457e-01
2.620849609375000000e-01 4.729099785199825101e-01
2.622070312500000000e-01 4.728828423185950647e-01
2.623291015625000000e-01 4.728557037488341219e-01
2.624511718750000000e-01 4.728285662193165706e-01
2.625732421875000000e-01 4.728014262864762562e-01
2.626953125000000000e-01 4.727742874289443953e-01
2.628173828125000000e-01 4.727471461330592373e-01
2.629394531250000000e-01 4.727200059476407423e-01
2.630615234375000000e-01 4.726928632887493764e-01
2.631835937500000000e-01 4.726657217755441120e-01
2.633056640625000000e-01 4.726385777536989963e-01
2.634277343750000000e-01 4.726114349128102132e-01
2.635498046875000000e-01 4.725842895280446543e-01
2.636718750000000000e-01 4.725571453595943106e-01
2.637939453125000000e-01 4.725299986119408935e-01
2.639160156250000000e-01 4.725028531160386236e-01
2.640380859375000000e-01 4.724757050055429231e-01
2.641601562500000000e-01 4.724485581823104074e-01
2.642822265625000000e-01 4.724214087090072844e-01
2.644042968750000000e-01 4.723942605585409460e-01
2.645263671875000000e-01 4.723671097224650950e-01
2.646484375000000000e-01 4.723399602448945522e-01
2.647705078125000000e-01 4.723128080460934353e-01
2.648925781250000000e-01 4.722856572415232157e-01
2.650146484375000000e-01 4.722585036800090452e-01
2.651367187500000000e-01 4.722313515485794255e-01
2.652587890625000000e-01 4.722041966244059918e-01
2.653808593750000000e-01 4.721770431662050682e-01
2.655029296875000000e-01 4.721498868794078430e-01
2.656250000000000000e-01 4.721227320945556860e-01
2.657470703125000000e-01 4.720955744451689196e-01
2.658691406250000000e-01 4.720684183338051954e-01
2.659912109375000000e-01 4.720412593218483721e-01
2.661132812500000000e-01 4.720141018840802172e-01
2.662353515625000000e-01 4.719869415095823140e-01
2.663574218750000000e-01 4.719597827455306871e-01
2.664794921875000000e-01 4.719326210085396101e-01
2.666015625000000000e-01 4.719054609183179760e-01
2.667236328125000000e-01 4.718782978188756361e-01
2.668457031250000000e-01 4.718511364026136690e-01
2.669677734375000000e-01 4.718239719407157917e-01
2.670898437500000000e-01 4.717968091985329515e-01
2.672119140625000000e-01 4.717696433742209483e-01
2.673339843750000000e-01 4.717424793062495181e-01
2.674560546875000000e-01 4.717153121195729049e-01
2.675781250000000000e-01 4.716881467259228522e-01
2.677001953125000000e-01 4.716609781768796306e-01
2.678222656250000000e-01 4.716338114576938967e-01
2.679443359375000000e-01 4.716066415463110451e-01
2.680664062500000000e-01 4.715794735017073136e-01
2.681884765625000000e-01 4.715523022280170284e-01
2.683105468750000000e-01 4.715251328581294699e-01
2.684326171875000000e-01 4.714979602221573973e-01
2.685546875000000000e-01 4.714707895271054161e-01
2.686767578125000000e-01 4.714436155288789232e-01
2.687988281250000000e-01 4.714164435088039617e-01
2.689208984375000000e-01 4.713892681483273783e-01
2.690429687500000000e-01 4.713620948033550029e-01
2.691650390625000000e-01 4.713349180806646332e-01
2.692871093750000000e-01 4.713077434109126940e-01
2.694091796875000000e-01 4.712805653260309091e-01
2.695312500000000000e-01 4.712533893316311895e-01
2.696533203125000000e-01 4.712262098845992897e-01
2.697753906250000000e-01 4.711990325656864598e-01
2.698974609375000000e-01 4.711718517564984499e-01
2.700195312500000000e-01 4.711446731132056809e-01
2.701416015625000000e-01 4.711174909418973655e-01
2.702636718750000000e-01 4.710903109743561079e-01
2.703857421875000000e-01 4.710631274409229352e-01
2.705078125000000000e-01 4.710359461492862887e-01
2.706298828125000000e-01 4.710087612537492419e-01
2.707519531250000000e-01 4.709815786381444935e-01
2.708740234375000000e-01 4.709543923805222243e-01
2.709960937500000000e-01 4.709272084410877079e-01
2.711181640625000000e-01 4.709000208213997007e-01
2.712402343750000000e-01 4.708728355582586511e-01
2.713623046875000000e-01 4.708456465765251120e-01
2.714843750000000000e-01 4.708184599898307954e-01
2.716064453125000000e-01 4.707912696460541668e-01
2.717285156250000000e-01 4.707640817359431962e-01
2.718505859375000000e-01 4.707368900301373560e-01
2.719726562500000000e-01 4.707097007967638302e-01
2.720947265625000000e-01 4.706825077289212844e-01
2.722167968750000000e-01 4.706553171724207063e-01
2.723388671875000000e-01 4.706281227425816449e-01
2.724609375000000000e-01 4.706009308630779708e-01
2.725830078125000000e-01 4.705737350712418943e-01
2.727050781250000000e-01 4.705465418688943302e-01
2.728271484375000000e-01 4.705193447150738395e-01
2.729492187500000000e-01 4.704921501900280467e-01
2.730712890625000000e-01 4.704649516742162030e-01
2.731933593750000000e-01 4.704377558266111259e-01
2.733154296875000000e-01 4.704105559488365174e-01
2.734375000000000000e-01 4.703833587788187054e-01
2.735595703125000000e-01 4.703561575390661220e-01
2.736816406250000000e-01 4.703289590467936709e-01
2.738037109375000000e-01 4.703017564450865384e-01
2.739257812500000000e-01 4.702745566307023339e-01
2.740478515625000000e-01 4.702473526670244430e-01
2.741699218750000000e-01 4.702201515306788648e-01
2.742919921875000000e-01 4.701929462050428721e-01
2.744140625000000000e-01 4.701657437468893530e-01
2.745361328125000000e-01 4.701385370592912061e-01
2.746582031250000000e-01 4.701113332794823463e-01
2.747802734375000000e-01 4.700841252299226558e-01
2.749023437500000000e-01 4.700569201286164400e-01
2.750244140625000000e-01 4.700297107170963162e-01
2.751464843750000000e-01 4.700025042944394049e-01
2.752685546875000000e-01 4.699752935209670079e-01
2.753906250000000000e-01 4.699480857771015652e-01
2.755126953125000000e-01 4.699208736416713439e-01
2.756347656250000000e-01 4.698936645767716747e-01
2.757568359375000000e-01 4.698664510793636451e-01
2.758789062500000000e-01 4.698392406935920085e-01
2.760009765625000000e-01 4.698120258342141087e-01
2.761230468750000000e-01 4.697848141277189415e-01
2.762451171875000000e-01 4.697575979063587370e-01
2.763671875000000000e-01 4.697303848793072945e-01
2.764892578125000000e-01 4.697031672959672277e-01
2.766113281250000000e-01 4.696759529485246554e-01
2.767333984375000000e-01 4.696487340031726965e-01
2.768554687500000000e-01 4.696215183354937039e-01
2.769775390625000000e-01 4.695942980281356816e-01
2.770996093750000000e-01 4.695670810403936857e-01
2.772216796875000000e-01 4.695398593710232715e-01
2.773437500000000000e-01 4.695126410633637115e-01
2.774658203125000000e-01 4.694854180319600889e-01
2.775878906250000000e-01 4.694581984045689826e-01
2.777099609375000000e-01 4.694309740111242135e-01
2.778320312500000000e-01 4.694037530641587130e-01
2.779541015625000000e-01 4.693765273086559775e-01
2.780761718750000000e-01 4.693493050423026558e-01
2.781982421875000000e-01 4.693220779247153085e-01
2.783203125000000000e-01 4.692948543391297633e-01
2.784423828125000000e-01 4.692676258594565830e-01
2.785644531250000000e-01 4.692404009548032384e-01
2.786865234375000000e-01 4.692131711130255733e-01
2.788085937500000000e-01 4.691859448894817319e-01
2.789306640625000000e-01 4.691587136855782103e-01
2.790527343750000000e-01 4.691314861433222294e-01
2.791748046875000000e-01 4.691042535772657618e-01
2.792968750000000000e-01 4.690770247164872675e-01
2.794189453125000000e-01 4.690497907882468787e-01
2.795410156250000000e-01 4.690225606090969723e-01
2.796630859375000000e-01 4.689953253186626148e-01
2.797851562500000000e-01 4.689680938213395267e-01
2.799072265625000000e-01 4.689408571686907168e-01
2.800292968750000000e-01 4.689136243533592041e-01
2.801513671875000000e-01 4.688863863384601927e-01
2.802734375000000000e-01 4.688591522053122684e-01
2.803955078125000000e-01 4.688319128281358550e-01
2.805175781250000000e-01 4.688046773773442144e-01
2.806396484375000000e-01 4.687774366378654745e-01
2.807617187500000000e-01 4.687501998696219641e-01
2.808837890625000000e-01 4.687229577677994863e-01
2.810058593750000000e-01 4.686957196823002270e-01
2.811279296875000000e-01 4.686684762181046460e-01
2.812500000000000000e-01 4.686412368155180586e-01
2.813720703125000000e-01 4.686139919889263927e-01
2.814941406250000000e-01 4.685867512694453785e-01
2.816162109375000000e-01 4.685595050804246542e-01
2.817382812500000000e-01 4.685322630442401715e-01
2.818603515625000000e-01 4.685050154927477006e-01
2.819824218750000000e-01 4.684777721400413819e-01
2.821044921875000000e-01 4.684505232260404162e-01
2.822265625000000000e-01 4.684232785570229263e-01
2.823486328125000000e-01 4.683960282804709996e-01
2.824707031250000000e-01 4.683687822953344626e-01
2.825927734375000000e-01 4.683415306561901637e-01
2.827148437500000000e-01 4.683142833551140471e-01
2.828369140625000000e-01 4.682870303533445688e-01
2.829589843750000000e-01 4.682597817365314330e-01
2.830810546875000000e-01 4.682325273720879810e-01
2.832031250000000000e-01 4.682052774397508221e-01
2.833251953125000000e-01 4.681780217125829369e-01
2.834472656250000000e-01 4.681507704649136570e-01
2.835693359375000000e-01 4.681235133749729327e-01
2.836914062500000000e-01 4.680962608121880808e-01
2.838134765625000000e-01 4.680690023594138438e-01
2.839355468750000000e-01 4.680417484817102070e-01
2.840576171875000000e-01 4.680144886660705938e-01
2.841796875000000000e-01 4.679872334736375761e-01
2.843017578125000000e-01 4.679599722950871232e-01
2.844238281250000000e-01 4.679327157881532084e-01
2.845458984375000000e-01 4.679054532466117022e-01
2.846679687500000000e-01 4.678781954253894426e-01
2.847900390625000000e-01 4.678509315208193575e-01
2.849121093750000000e-01 4.678236723855047074e-01
2.850341796875000000e-01 4.677964071178448147e-01
2.851562500000000000e-01 4.677691466686541566e-01
2.852783203125000000e-01 4.677418800378496666e-01
2.854003906250000000e-01 4.677146182750016035e-01
2.855224609375000000e-01 4.676873502809884009e-01
2.856445312500000000e-01 4.676600872046976498e-01
2.857666015625000000e-01 4.676328178474067898e-01
2.858886718750000000e-01 4.676055534578891781e-01
2.860107421875000000e-01 4.675782827372603756e-01
2.861328125000000000e-01 4.675510170347481620e-01
2.862548828125000000e-01 4.675237449507328447e-01
2.863769531250000000e-01 4.674964779354292554e-01
2.864990234375000000e-01 4.674692044879039665e-01
2.866210937500000000e-01 4.674419361600813394e-01
2.867431640625000000e-01 4.674146613490219870e-01
2.868652343750000000e-01 4.673873917088696706e-01
2.869873046875000000e-01 4.673601155341802760e-01
2.871093750000000000e-01 4.673328445819036614e-01
2.872314453125000000e-01 4.673055670435538045e-01
2.873535156250000000e-01 4.672782947794220654e-01
2.874755859375000000e-01 4.672510158772774091e-01
2.875976562500000000e-01 4.672237423015174196e-01
2.877197265625000000e-01 4.671964620355318343e-01
2.878417968750000000e-01 4.671691871483666936e-01
2.879638671875000000e-01 4.671419055184562463e-01
2.880859375000000000e-01 4.671146293201351996e-01
2.882080078125000000e-01 4.670873463262045222e-01
2.883300781250000000e-01 4.670600688169730397e-01
2.884521484375000000e-01 4.670327844589410304e-01
2.885742187500000000e-01 4.670055056390213788e-01
2.886962890625000000e-01 4.669782199168151515e-01
2.888183593750000000e-01 4.669509397864634592e-01
2.889404296875000000e-01 4.669236526999734349e-01
2.890625000000000000e-01 4.668963712594344506e-01
2.891845703125000000e-01 4.668690828085754752e-01
2.893066406250000000e-01 4.668418000581068816e-01
2.894287109375000000e-01 4.668145102427805337e-01
2.895507812500000000e-01 4.667872261826220837e-01
2.896728515625000000e-01 4.667599350027343275e-01
2.897949218750000000e-01 4.667326496331444252e-01
2.899169921875000000e-01 4.667053570885985048e-01
2.900390625000000000e-01 4.666780704098286159e-01
2.901611328125000000e-01 4.666507765005272201e-01
2.902832031250000000e-01 4.666234885128270893e-01
2.904052734375000000e-01 4.665961932386754607e-01
2.905273437500000000e-01 4.665689039423149831e-01
2.906494140625000000e-01 4.665416073031912747e-01
2.907714843750000000e-01 4.665143166984352385e-01
2.908935546875000000e-01 4.664870186942328689e-01
2.910156250000000000e-01 4.664597267813546666e-01
2.911376953125000000e-01 4.664324274119578950e-01
2.912597656250000000e-01 4.664051341912099913e-01
2.913818359375000000e-01 4.663778334565165107e-01
2.915039062500000000e-01 4.663505389281865088e-01
2.916259765625000000e-01 4.663232368280567086e-01
2.917480468750000000e-01 4.662959409924113396e-01
2.918701171875000000e-01 4.662686375267491301e-01
2.919921875000000000e-01 4.662413403840610648e-01
2.921142578125000000e-01 4.662140355527423230e-01
2.922363281250000000e-01 4.661867371032930585e-01
2.923583984375000000e-01 4.661594309061767860e-01
2.924804687500000000e-01 4.661321311502696352e-01
2.926025390625000000e-01 4.661048235872426448e-01
2.927246093750000000e-01 4.660775225251203580e-01
2.928466796875000000e-01 4.660502135960550851e-01
2.929687500000000000e-01 4.660229112280352415e-01
2.930908203125000000e-01 4.659956009327750892e-01
2.932128906250000000e-01 4.659682972591663308e-01
2.933349609375000000e-01 4.659409855975746861e-01
2.934570312500000000e-01 4.659136806186504054e-01
2.935791015625000000e-01 4.658863675906078639e-01
2.937011718750000000e-01 4.658590613066597719e-01
2.938232421875000000e-01 4.658317469120263898e-01
2.939453125000000000e-01 4.658044393233596869e-01
2.940673828125000000e-01 4.657771235619743155e-01
2.941894531250000000e-01 4.657498146688960894e-01
2.943115234375000000e-01 4.657224975406121237e-01
2.944335937500000000e-01 4.656951873434359013e-01
2.945556640625000000e-01 4.656678688480939687e-01
2.946777343750000000e-01 4.656405573471202319e-01
2.947998046875000000e-01 4.656132374845924349e-01
2.949218750000000000e-01 4.655859246801241080e-01
2.950439453125000000e-01 4.655586034502385284e-01
2.951660156250000000e-01 4.655312893426101217e-01
2.952880859375000000e-01 4.655039667451972840e-01
2.954101562500000000e-01 4.654766513347214363e-01
2.955322265625000000e-01 4.654493273696128641e-01
2.956542968750000000e-01 4.654220106566191451e-01
2.957763671875000000e-01 4.653946853236599623e-01
2.958984375000000000e-01 4.653673673084689488e-01
2.960205078125000000e-01 4.653400406074644780e-01
2.961425781250000000e-01 4.653127212904237808e-01
2.962646484375000000e-01 4.652853932212069332e-01
2.963867187500000000e-01 4.652580726026415148e-01
2.965087890625000000e-01 4.652307431650404834e-01
2.966308593750000000e-01 4.652034212452864637e-01
2.967529296875000000e-01 4.651760904391133433e-01
2.968750000000000000e-01 4.651487672185057320e-01
2.969970703125000000e-01 4.651214350435807221e-01
2.971191406250000000e-01 4.650941105224739580e-01
2.972412109375000000e-01 4.650667769785903349e-01
2.973632812500000000e-01 4.650394511573435197e-01
2.974853515625000000e-01 4.650121162443104916e-01
2.976074218750000000e-01 4.649847891232765651e-01
2.977294921875000000e-01 4.649574528408856322e-01
2.978515625000000000e-01 4.649301244204201988e-01
2.979736328125000000e-01 4.649027867684789594e-01
2.980957031250000000e-01 4.648754570489432303e-01
2.982177734375000000e-01 4.648481180272412416e-01
2.983398437500000000e-01 4.648207870090122484e-01
2.984619140625000000e-01 4.647934466173171408e-01
2.985839843750000000e-01 4.647661143007621454e-01
2.987060546875000000e-01 4.647387725388831825e-01
2.988281250000000000e-01 4.647114389243796051e-01
2.989501953125000000e-01 4.646840957920842508e-01
2.990722656250000000e-01 4.646567608799938021e-01
2.991943359375000000e-01 4.646294163770748331e-01
2.993164062500000000e-01 4.646020801677973600e-01
2.994384765625000000e-01 4.645747342939968716e-01
2.995605468750000000e-01 4.645473967879326649e-01
2.996826171875000000e-01 4.645200495430265031e-01
2.998046875000000000e-01 4.644927107405608657e-01
2.999267578125000000e-01 4.644653621243148844e-01
3.000488281250000000e-01 4.644380220258425562e-01
3.001708984375000000e-01 4.644106720380006270e-01
3.002929687500000000e-01 4.643833306439365538e-01
3.004150390625000000e-01 4.643559792842564260e-01
3.005371093750000000e-01 4.643286365950056727e-01
3.006591796875000000e-01 4.643012838632212813e-01
3.007812500000000000e-01 4.642739398792021244e-01
3.009033203125000000e-01 4.642465857750756042e-01
3.010253906250000000e-01 4.642192404966904440e-01
3.011474609375000000e-01 4.641918850199445723e-01
3.012695312500000000e-01 4.641645384476523750e-01
3.013916015625000000e-01 4.641371815980014359e-01
3.015136718750000000e-01 4.641098337322098200e-01
3.016357421875000000e-01 4.640824755093971854e-01
3.017578125000000000e-01 4.640551263505584556e-01
3.018798828125000000e-01 4.640277667542808127e-01
3.020019531250000000e-01 4.640004163028279560e-01
3.021240234375000000e-01 4.639730553328013651e-01
3.022460937500000000e-01 4.639457035891960124e-01
3.023681640625000000e-01 4.639183412451429178e-01
3.024902343750000000e-01 4.638909882098127824e-01
3.026123046875000000e-01 4.638636244914295936e-01
3.027343750000000000e-01 4.638362701648598985e-01
3.028564453125000000e-01 4.638089050718307016e-01
3.029785156250000000e-01 4.637815494544813011e-01
3.031005859375000000e-01 4.637541829865026166e-01
3.032226562500000000e-01 4.637268260788352525e-01
3.033447265625000000e-01 4.636994582355802308e-01
3.034667968750000000e-01 4.636721000381064384e-01
3.035888671875000000e-01 4.636447308192444550e-01
3.037109375000000000e-01 4.636173713324388546e-01
3.038330078125000000e-01 4.635900007376482224e-01
3.039550781250000000e-01 4.635626399619779958e-01
3.040771484375000000e-01 4.635352679909187090e-01
3.041992187500000000e-01 4.635079059269090473e-01
3.043212890625000000e-01 4.634805325792321629e-01
3.044433593750000000e-01 4.634531692273766712e-01
3.045654296875000000e-01 4.634257945027366321e-01
3.046875000000000000e-01 4.633984298635629440e-01
3.048095703125000000e-01 4.633710537615960412e-01
3.049316406250000000e-01 4.633436878356194666e-01
3.050537109375000000e-01 4.633163103559652107e-01
3.051757812500000000e-01 4.632889431437037797e-01
3.052978515625000000e-01 4.632615642859801985e-01
3.054199218750000000e-01 4.632341957879862471e-01
3.055419921875000000e-01 4.632068155518116459e-01
3.056640625000000000e-01 4.631794457686320698e-01
3.057861328125000000e-01 4.631520641536032157e-01
3.059082031250000000e-01 4.631246930857709221e-01
3.060302734375000000e-01 4.630973100915179441e-01
3.061523437500000000e-01 4.630699377396149119e-01
3.062744140625000000e-01 4.630425533657114290e-01
3.063964843750000000e-01 4.630151797302857197e-01
3.065185546875000000e-01 4.629877939763278327e-01
3.066406250000000000e-01 4.629604190579736378e-01
3.067626953125000000e-01 4.629330319235192004e-01
3.068847656250000000e-01 4.629056557228271584e-01
3.070068359375000000e-01 4.628782672074740479e-01
3.071289062500000000e-01 4.628508897250122045e-01
3.072509765625000000e-01 4.628234998282930168e-01
3.073730468750000000e-01 4.627961210646854839e-01
3.074951171875000000e-01 4.627687297861638460e-01
3.076171875000000000e-01 4.627413497420341804e-01
3.077392578125000000e-01 4.627139570812347502e-01
3.078613281250000000e-01 4.626865757571850257e-01
3.079833984375000000e-01 4.626591817136594953e-01
3.081054687500000000e-01 4.626317991103248151e-01
3.082275390625000000e-01 4.626044036835944562e-01
3.083496093750000000e-01 4.625770198016248003e-01
3.084716796875000000e-01 4.625496229911799650e-01
3.085937500000000000e-01 4.625222378312406901e-01
3.087158203125000000e-01 4.624948396365819447e-01
3.088378906250000000e-01 4.624674531993152593e-01
3.089599609375000000e-01 4.624400536199591571e-01
3.090820312500000000e-01 4.624126659060436295e-01
3.092041015625000000e-01 4.623852649414570415e-01
3.093261718750000000e-01 4.623578759515748482e-01
3.094482421875000000e-01 4.623304736012160410e-01
3.095703125000000000e-01 4.623030833360750602e-01
3.096923828125000000e-01 4.622756795994026335e-01
3.098144531250000000e-01 4.622482880597145738e-01
3.099365234375000000e-01 4.622208829361786342e-01
3.100585937500000000e-01 4.621934901226464332e-01
3.101806640625000000e-01 4.621660836116862070e-01
3.103027343750000000e-01 4.621386895250421123e-01
3.104248046875000000e-01 4.621112816260819489e-01
3.105468750000000000e-01 4.620838862670726410e-01
3.106689453125000000e-01 4.620564769795246773e-01
3.107910156250000000e-01 4.620290803488970588e-01
3.109130859375000000e-01 4.620016696721432337e-01
3.110351562500000000e-01 4.619742717706861179e-01
3.111572265625000000e-01 4.619468597041107016e-01
3.112792968750000000e-01 4.619194605325996905e-01
3.114013671875000000e-01 4.618920470755808472e-01
3.115234375000000000e-01 4.618646466348060864e-01
3.116455078125000000e-01 4.618372317866889509e-01
3.117675781250000000e-01 4.618098300774706177e-01
3.118896484375000000e-01 4.617824138376092624e-01
3.120117187500000000e-01 4.617550108607689774e-01
3.121337890625000000e-01 4.617275932284776729e-01
3.122558593750000000e-01 4.617001889848510454e-01
3.123779296875000000e-01 4.616727699594457279e-01
3.125000000000000000e-01 4.616453644498987874e-01
3.126220703125000000e-01 4.616179440306828474e-01
3.127441406250000000e-01 4.615905372560736852e-01
3.128662109375000000e-01 4.615631154423183724e-01
3.129882812500000000e-01 4.615357074035424945e-01
3.131103515625000000e-01 4.615082841945227221e-01
3.132324218750000000e-01 4.614808748924724147e-01
3.133544921875000000e-01 4.614534502874326760e-01
3.134765625000000000e-01 4.614260397230374733e-01
3.135986328125000000e-01 4.613986137212187644e-01
3.137207031250000000e-01 4.613712018953886607e-01
3.138427734375000000e-01 4.613437744960037223e-01
3.139648437500000000e-01 4.613163614097164356e-01
3.140869140625000000e-01 4.612889326119592459e-01
3.142089843750000000e-01 4.612615182661840008e-01
3.143310546875000000e-01 4.612340880692229472e-01
3.144531250000000000e-01 4.612066724649565019e-01
3.145751953125000000e-01 4.611792408679618038e-01
3.146972656250000000e-01 4.611518240061955876e-01
3.148193359375000000e-01 4.611243910083079878e-01
3.149414062500000000e-01 4.610969728900851106e-01
3.150634765625000000e-01 4.610695384904189287e-01
3.151855468750000000e-01 4.610421191167796140e-01
3.153076171875000000e-01 4.610146833144516121e-01
3.154296875000000000e-01 4.609872626864667255e-01
3.155517578125000000e-01 4.609598254805356010e-01
3.156738281250000000e-01 4.609324035993103141e-01
3.157958984375000000e-01 4.609049649888478650e-01
3.159179687500000000e-01 4.608775418554689196e-01
3.160400390625000000e-01 4.608501018395109172e-01
3.161621093750000000e-01 4.608226774551327787e-01
3.162841796875000000e-01 4.607952360326975638e-01
3.164062500000000000e-01 4.607678103984640394e-01
3.165283203125000000e-01 4.607403675685360911e-01
3.166503906250000000e-01 4.607129406856345644e-01
3.167724609375000000e-01 4.606854964471870373e-01
3.168945312500000000e-01 4.606580683168313151e-01
3.170166015625000000e-01 4.606306226687781336e-01
3.171386718750000000e-01 4.606031932922112215e-01
3.172607421875000000e-01 4.605757462334792995e-01
3.173828125000000000e-01 4.605483156119382637e-01
3.175048828125000000e-01 4.605208671414244836e-01
3.176269531250000000e-01 4.604934352762046768e-01
3.177490234375000000e-01 4.604659853927597357e-01
3.178710937500000000e-01 4.604385522851920376e-01
3.179931640625000000e-01 4.604111009876513672e-01
3.181152343750000000e-01 4.603836666390586085e-01
3.182373046875000000e-01 4.603562139262213915e-01
3.183593750000000000e-01 4.603287783379707565e-01
3.184814453125000000e-01 4.603013242086173018e-01
3.186035156250000000e-01 4.602738873821276000e-01
3.187255859375000000e-01 4.602464318349996364e-01
3.188476562500000000e-01 4.602189937716958390e-01
3.189697265625000000e-01 4.601915368054967370e-01
3.190917968750000000e-01 4.601640975068569395e-01
3.192138671875000000e-01 4.601366391202676986e-01
3.193359375000000000e-01 4.601091985877742152e-01
3.194580078125000000e-01 4.600817387794475244e-01
3.195800781250000000e-01 4.600542970146355715e-01
3.197021484375000000e-01 4.600268357831758803e-01
3.198242187500000000e-01 4.599993927876131483e-01
3.199462890625000000e-01 4.599719301316069209e-01
3.200683593750000000e-01 4.599444859068871905e-01
3.201904296875000000e-01 4.599170218248775366e-01
3.203125000000000000e-01 4.598895763726465469e-01
3.204345703125000000e-01 4.598621108631124055e-01
3.205566406250000000e-01 4.598346641850562522e-01
3.206787109375000000e-01 4.598071972464675139e-01
3.208007812500000000e-01 4.597797493443306349e-01
3.209228515625000000e-01 4.597522809750904105e-01
3.210449218750000000e-01 4.597248318506103604e-01
3.211669921875000000e-01 4.596973620491060508e-01
3.212890625000000000e-01 4.596699117041040950e-01
3.214111328125000000e-01 4.596424404686700882e-01
3.215332031250000000e-01 4.596149889049813142e-01
3.216552734375000000e-01 4.595875162339020936e-01
3.217773437500000000e-01 4.595600634534383611e-01
3.218994140625000000e-01 4.595325893449511701e-01
3.220214843750000000e-01 4.595051353496416580e-01
3.221435546875000000e-01 4.594776598019577052e-01
3.222656250000000000e-01 4.594502045937869372e-01
3.223876953125000000e-01 4.594227276050406594e-01
3.225097656250000000e-01 4.593952711860768146e-01
3.226318359375000000e-01 4.593677927543451389e-01
3.227539062500000000e-01 4.593403351266776014e-01
3.228759765625000000e-01 4.593128552499958772e-01
3.229980468750000000e-01 4.592853964157947999e-01
3.231201171875000000e-01 4.592579150921348718e-01
3.232421875000000000e-01 4.592304550536031038e-01
3.233642578125000000e-01 4.592029722809053971e-01
3.234863281250000000e-01 4.591755110403015205e-01
3.236083984375000000e-01 4.591480268164194745e-01
3.237304687500000000e-01 4.591205643760748467e-01
3.238525390625000000e-01 4.590930786988202117e-01
3.239746093750000000e-01 4.590656150611414077e-01
3.240966796875000000e-01 4.590381279282253479e-01
3.242187500000000000e-01 4.590106630956579670e-01
3.243408203125000000e-01 4.589831745047771028e-01
3.244628906250000000e-01 4.589557084798345232e-01
3.245849609375000000e-01 4.589282184285821686e-01
3.247070312500000000e-01 4.589007512138759681e-01
3.248291015625000000e-01 4.588732596997725510e-01
3.249511718750000000e-01 4.588457912979848619e-01
3.250732421875000000e-01 4.588182983184871944e-01
3.251953125000000000e-01 4.587908287323576029e-01
3.253173828125000000e-01 4.587633342848276841e-01
3.254394531250000000e-01 4.587358635171923105e-01
3.255615234375000000e-01 4.587083675989273024e-01
3.256835937500000000e-01 4.586808956526853831e-01
3.258056640625000000e-01 4.586533982609048432e-01
3.259277343750000000e-01 4.586259251390541469e-01
3.260498046875000000e-01 4.585984262708698855e-01
3.261718750000000000e-01 4.585709519764927800e-01
3.262939453125000000e-01 4.585434516289431661e-01
3.264160156250000000e-01 4.585159761652297661e-01
3.265380859375000000e-01 4.584884743352297676e-01
3.266601562500000000e-01 4.584609977054450169e-01
3.267822265625000000e-01 4.584334943898580872e-01
3.269042968750000000e-01 4.584060165973878886e-01
3.270263671875000000e-01 4.583785117929283781e-01
3.271484375000000000e-01 4.583510328412585544e-01
3.272705078125000000e-01 4.583235265445441131e-01
3.273925781250000000e-01 4.582960464372615728e-01
3.275146484375000000e-01 4.582685386448107079e-01
3.276367187500000000e-01 4.582410573856135483e-01
3.277587890625000000e-01 4.582135480938488437e-01
3.278808593750000000e-01 4.581860656865818782e-01
3.280029296875000000e-01 4.581585548917321282e-01
3.281250000000000000e-01 4.581310713403448087e-01
3.282470703125000000e-01 4.581035590385790224e-01
3.283691406250000000e-01 4.580760743471414820e-01
3.284912109375000000e-01 4.580485605344650768e-01
3.286132812500000000e-01 4.580210747072281374e-01
3.287353515625000000e-01 4.579935593795053661e-01
3.288574218750000000e-01 4.579660724208078348e-01
3.289794921875000000e-01 4.579385555737582325e-01
3.291015625000000000e-01 4.579110674881194942e-01
3.292236328125000000e-01 4.578835491173401939e-01
3.293457031250000000e-01 4.578560599094229633e-01
3.294677734375000000e-01 4.578285400103103697e-01
3.295898437500000000e-01 4.578010496849757582e-01
3.297119140625000000e-01 4.577735282527517491e-01
3.298339843750000000e-01 4.577460368149840475e-01
3.299560546875000000e-01 4.577185138447538715e-01
3.300781250000000000e-01 4.576910212997301053e-01
3.302001953125000000e-01 4.576634967863534298e-01
3.303222656250000000e-01 4.576360031394762773e-01
3.304443359375000000e-01 4.576084770776193134e-01
3.305664062500000000e-01 4.575809823344633154e-01
3.306884765625000000e-01 4.575534547186531631e-01
3.308105468750000000e-01 4.575259588849738268e-01
3.309326171875000000e-01 4.574984297094623065e-01
3.310546875000000000e-01 4.574709327912987455e-01
3.311767578125000000e-01 4.574434020500981468e-01
3.312988281250000000e-01 4.574159040536872611e-01
3.314208984375000000e-01 4.573883717406588834e-01
3.315429687500000000e-01 4.573608726723911166e-01
3.316650390625000000e-01 4.573333387811332473e-01
3.317871093750000000e-01 4.573058386478278670e-01
3.319091796875000000e-01 4.572783031714992563e-01
3.320312500000000000e-01 4.572508019802029589e-01
3.321533203125000000e-01 4.572232649118647130e-01
3.322753906250000000e-01 4.571957626698183175e-01
3.323974609375000000e-01 4.571682240022321153e-01
3.325195312500000000e-01 4.571407207169994047e-01
3.326416015625000000e-01 4.571131804425805911e-01
3.327636718750000000e-01 4.570856761220958298e-01
3.328857421875000000e-01 4.570581342329294028e-01
3.330078125000000000e-01 4.570306288854253940e-01
3.331298828125000000e-01 4.570030853732339193e-01
3.332519531250000000e-01 4.569755790073232182e-01
3.333740234375000000e-01 4.569480338635104610e-01
3.334960937500000000e-01 4.569205264881581185e-01
3.336181640625000000e-01 4.568929797036981877e-01
3.337402343750000000e-01 4.568654713282773172e-01
3.338623046875000000e-01 4.568379228937570202e-01
3.339843750000000000e-01 4.568104135280942613e-01
3.341064453125000000e-01 4.567828634336379423e-01
3.342285156250000000e-01 4.567553530879480128e-01
3.343505859375000000e-01 4.567278013232644041e-01
3.344726562500000000e-01 4.567002900082792194e-01
3.345947265625000000e-01 4.566727365625519175e-01
3.347167968750000000e-01 4.566452242895081559e-01
3.348388671875000000e-01 4.566176691513967878e-01
3.349609375000000000e-01 4.565901559320427183e-01
3.350830078125000000e-01 4.565625990896803321e-01
3.352050781250000000e-01 4.565350849363747909e-01
3.353271484375000000e-01 4.565075263772483405e-01
3.354492187500000000e-01 4.564800113029607309e-01
3.355712890625000000e-01 4.564524510139675861e-01
3.356933593750000000e-01 4.564249350322937548e-01
3.358154296875000000e-01 4.563973729996512740e-01
3.359375000000000000e-01 4.563698561249051600e-01
3.360595703125000000e-01 4.563422923340820225e-01
3.361816406250000000e-01 4.563147745813267431e-01
3.363037109375000000e-01 4.562872090170312922e-01
3.364257812500000000e-01 4.562596904021323785e-01
3.365478515625000000e-01 4.562321230482529466e-01
3.366699218750000000e-01 4.562046035879392947e-01
3.367919921875000000e-01 4.561770344274309053e-01
3.369140625000000000e-01 4.561495141393719921e-01
3.370361328125000000e-01 4.561219431542680169e-01
3.371582031250000000e-01 4.560944220570974927e-01
3.372802734375000000e-01 4.560668492283903586e-01
3.374023437500000000e-01 4.560393273418267834e-01
3.375244140625000000e-01 4.560117526493892015e-01
3.376464843750000000e-01 4.559842299943182020e-01
3.377685546875000000e-01 4.559566534168389973e-01
3.378906250000000000e-01 4.559291300153641147e-01
3.380126953125000000e-01 4.559015515302072830e-01
3.381347656250000000e-01 4.558740274058156738e-01
3.382568359375000000e-01 4.558464469889558224e-01
3.383789062500000000e-01 4.558189221665748803e-01
3.385009765625000000e-01 4.557913397924877597e-01
3.386230468750000000e-01 4.557638142986528695e-01
3.387451171875000000e-01 4.557362299400976036e-01
3.388671875000000000e-01 4.557087038030475656e-01
3.389892578125000000e-01 4.556811174310577139e-01
3.391113281250000000e-01 4.556535906809091041e-01
3.392333984375000000e-01 4.556260022645042818e-01
3.393554687500000000e-01 4.555984749334312522e-01
3.394775390625000000e-01 4.555708844395136015e-01
3.395996093750000000e-01 4.555433565619421699e-01
3.397216796875000000e-01 4.555157639550699300e-01
3.398437500000000000e-01 4.554882355678394057e-01
3.399658203125000000e-01 4.554606408100020376e-01
3.400878906250000000e-01 4.554331119526842109e-01
3.402099609375000000e-01 4.554055150030376642e-01
3.403320312500000000e-01 4.553779857181441959e-01
3.404541015625000000e-01 4.553503865327392930e-01
3.405761718750000000e-01 4.553228568660621089e-01
3.406982421875000000e-01 4.552952553975387895e-01
3.408203125000000000e-01 4.552677253984520056e-01
3.409423828125000000e-01 4.552401215956217162e-01
3.410644531250000000e-01 4.552125913175179006e-01
3.411865234375000000e-01 4.551849851250159285e-01
3.413085937500000000e-01 4.551574546257142195e-01
3.414306640625000000e-01 4.551298459834485222e-01
3.415527343750000000e-01 4.551023153257442999e-01
3.416748046875000000e-01 4.550747041684341521e-01
3.417968750000000000e-01 4.550471734206262830e-01
3.419189453125000000e-01 4.550195596770936768e-01
3.420410156250000000e-01 4.549920289137058815e-01
3.421630859375000000e-01 4.549644125062258793e-01
3.422851562500000000e-01 4.549368818087313748e-01
3.424072265625000000e-01 4.549092626521676341e-01
3.425292968750000000e-01 4.548817321099425937e-01
3.426513671875000000e-01 4.548541101107686502e-01
3.427734375000000000e-01 4.548265798221075573e-01
3.428955078125000000e-01 4.547989548772822799e-01
3.430175781250000000e-01 4.547714249506373818e-01
3.431396484375000000e-01 4.547437969462576057e-01
3.432617187500000000e-01 4.547162675016963584e-01
3.433837890625000000e-01 4.546886363114368557e-01
3.435058593750000000e-01 4.546611074823381227e-01
3.436279296875000000e-01 4.546334729655595597e-01
3.437500000000000000e-01 4.546059449006923936e-01
3.438720703125000000e-01 4.545783069002309884e-01
3.439941406250000000e-01 4.545507797661992311e-01
3.441162109375000000e-01 4.545231381056170639e-01
3.442382812500000000e-01 4.544956120898217544e-01
3.443603515625000000e-01 4.544679665701450433e-01
3.444824218750000000e-01 4.544404418844496529e-01
3.446044921875000000e-01 4.544127922801822206e-01
3.447265625000000000e-01 4.543852691652860987e-01
3.448486328125000000e-01 4.543576152194687690e-01
3.449707031250000000e-01 4.543300939504466007e-01
3.450927734375000000e-01 4.543024353685196082e-01
3.452148437500000000e-01 4.542749162616473435e-01
3.453369140625000000e-01 4.542472527037573204e-01
3.454589843750000000e-01 4.542197361252575671e-01
3.455810546875000000e-01 4.541920671964250755e-01
3.457031250000000000e-01 4.541645535734690764e-01
3.458251953125000000e-01 4.541368788110663468e-01
3.459472656250000000e-01 4.541093686461772361e-01
3.460693359375000000e-01 4.540816875034720534e-01
3.461914062500000000e-01 4.540541813932967297e-01
3.463134765625000000e-01 4.540264932178018076e-01
3.464355468750000000e-01 4.539989918782119105e-01
3.465576171875000000e-01 4.539712958825805611e-01
3.466796875000000000e-01 4.539438001826555102e-01
3.468017578125000000e-01 4.539160954046949636e-01
3.469238281250000000e-01 4.538886064138917820e-01
3.470458984375000000e-01 4.538608916607369537e-01
3.471679687500000000e-01 4.538334107154983754e-01
3.472900390625000000e-01 4.538056844834901793e-01
3.474121093750000000e-01 4.537782132841754468e-01
3.475341796875000000e-01 4.537504736407456107e-01
3.476562500000000000e-01 4.537230143969074869e-01
3.477783203125000000e-01 4.536952588002923226e-01
3.479003906250000000e-01 4.536678144564200155e-01
3.480224609375000000e-01 4.536400394699234839e-01
3.481445312500000000e-01 4.536126140716753019e-01
3.482666015625000000e-01 4.535848148879911279e-01
3.483886718750000000e-01 4.535574142089801031e-01
3.485107421875000000e-01 4.535295838106496169e-01
3.486328125000000000e-01 4.535022164982587256e-01
3.487548828125000000e-01 4.534743440601952669e-01
3.488769531250000000e-01 4.534470239178298723e-01
3.489990234375000000e-01 4.534190914523062443e-01
3.491210937500000000e-01 4.533918425407055808e-01
3.492431640625000000e-01 4.533638168199353169e-01
3.493652343750000000e-01 4.533366869006196787e-01
3.494873046875000000e-01 4.533084956265581722e-01
3.496093750000000000e-01 4.532816020511318267e-01
3.497314453125000000e-01 4.532530347085475531e-01
3.498535156250000000e-01 4.532268196504882773e-01
3.499755859375000000e-01 4.531966235019987410e-01
3.500976562500000000e-01 3.866887483389154501e-02
3.502197265625000000e-01 3.867270073924237994e-02
3.503417968750000000e-01 3.867253781201043794e-02
3.504638671875000000e-01 3.867473622073085149e-02
3.505859375000000000e-01 3.867525310362629476e-02
3.507080078125000000e-01 3.867707674211719182e-02
3.508300781250000000e-01 3.867783126470800137e-02
3.509521484375000000e-01 3.867949064713670920e-02
3.510742187500000000e-01 3.868036545840493334e-02
3.511962890625000000e-01 3.868193288261209672e-02
3.513183593750000000e-01 3.868288022126310788e-02
3.514404296875000000e-01 3.868438891501976840e-02
3.515625000000000000e-01 3.868538472042493126e-02
3.516845703125000000e-01 3.868685267150887008e-02
3.518066406250000000e-01 3.868788314033688724e-02
3.519287109375000000e-01 3.868932117388337172e-02
3.520507812500000000e-01 3.869037765884721786e-02
3.521728515625000000e-01 3.869179279237849878e-02
3.522949218750000000e-01 3.869286951992499668e-02
3.524169921875000000e-01 3.869426656083047034e-02
3.525390625000000000e-01 3.869535948535215292e-02
3.526611328125000000e-01 3.869674187040947344e-02
3.527832031250000000e-01 3.869784804750158597e-02
3.529052734375000000e-01 3.869921831851458327e-02
3.530273437500000000e-01 3.870033553867234521e-02
3.531494140625000000e-01 3.870169562834264998e-02
3.532714843750000000e-01 3.870282219124863976e-02
3.533935546875000000e-01 3.870417360329053008e-02
3.535156250000000000e-01 3.870530817257789025e-02
3.536376953125000000e-01 3.870665209992210642e-02
3.537597656250000000e-01 3.870779360620053150e-02
3.538818359375000000e-01 3.870913101112433835e-02
3.540039062500000000e-01 3.871027858537005872e-02
3.541259765625000000e-01 3.871161025531782290e-02
3.542480468750000000e-01 3.871276318168970221e-02
3.543701171875000000e-01 3.871408976921882072e-02
3.544921875000000000e-01 3.871524745114208327e-02
3.546142578125000000e-01 3.871656950307356126e-02
3.547363281250000000e-01 3.871773143807519940e-02
3.548583984375000000e-01 3.871904941711813708e-02
3.549804687500000000e-01 3.872021517808656166e-02
3.551025390625000000e-01 3.872152947928644146e-02
3.552246093750000000e-01 3.872269870006425641e-02
3.553466796875000000e-01 3.872400966337523343e-02
3.554687500000000000e-01 3.872518202773735096e-02
3.555908203125000000e-01 3.872648994778365300e-02
3.557128906250000000e-01 3.872766518070726305e-02
3.558349609375000000e-01 3.872897031454229644e-02
3.559570312500000000e-01 3.873014817538598248e-02
3.560791015625000000e-01 3.873145074858375114e-02
3.562011718750000000e-01 3.873263102554396625e-02
3.563232421875000000e-01 3.873393123714360259e-02
3.564453125000000000e-01 3.873511374288312464e-02
3.565673828125000000e-01 3.873641176940745279e-02
3.566894531250000000e-01 3.873759633736375413e-02
3.568115234375000000e-01 3.873889233607574756e-02
3.569335937500000000e-01 3.874007881755639482e-02
3.570556640625000000e-01 3.874137292916089020e-02
3.571777343750000000e-01 3.874256119080846106e-02
3.572998046875000000e-01 3.874385354172953794e-02
3.574218750000000000e-01 3.874504346354942785e-02
3.575439453125000000e-01 3.874633416776326889e-02
3.576660156250000000e-01 3.874752564135940103e-02
3.577880859375000000e-01 3.874881480197789330e-02
3.579101562500000000e-01 3.875000772911741526e-02
3.580322265625000000e-01 3.875129543975738833e-02
3.581542968750000000e-01 3.875248973111542622e-02
3.582763671875000000e-01 3.875377607698591437e-02
3.583984375000000000e-01 3.875497165115261711e-02
3.585205078125000000e-01 3.875625671007157380e-02
3.586425781250000000e-01 3.875745349256844163e-02
3.587646484375000000e-01 3.875873733578525521e-02
3.588867187500000000e-01 3.875993525835613046e-02
3.590087890625000000e-01 3.876121795124714414e-02
3.591308593750000000e-01 3.876241695118566588e-02
3.592529296875000000e-01 3.876369855389386054e-02
3.593750000000000000e-01 3.876489857342193396e-02
3.594970703125000000e-01 3.876617914141672339e-02
3.596191406250000000e-01 3.876738012719486981e-02
3.597412109375000000e-01 3.876865971174826841e-02
3.598632812500000000e-01 3.876986161445721696e-02
3.599853515625000000e-01 3.877114026298553173e-02
3.601074218750000000e-01 3.877234303690072631e-02
3.602294921875000000e-01 3.877362079345891832e-02
3.603515625000000000e-01 3.877482439610523135e-02
3.604736328125000000e-01 3.877610130160986934e-02
3.605957031250000000e-01 3.877730569348010470e-02
3.607177734375000000e-01 3.877858178602575784e-02
3.608398437500000000e-01 3.877978693033854590e-02
3.609619140625000000e-01 3.878106224544677905e-02
3.610839843750000000e-01 3.878226810782053890e-02
3.612060546875000000e-01 3.878354267866331029e-02
3.613281250000000000e-01 3.878474922700018979e-02
3.614501953125000000e-01 3.878602308464827730e-02
3.615722656250000000e-01 3.878723028886461865e-02
3.616943359375000000e-01 3.878850346236770857e-02
3.618164062500000000e-01 3.878971129429308051e-02
3.619384765625000000e-01 3.879098381095207049e-02
3.620605468750000000e-01 3.879219224410348360e-02
3.621826171875000000e-01 3.879346412953776913e-02
3.623046875000000000e-01 3.879467313904701176e-02
3.624267578125000000e-01 3.879594441737593824e-02
3.625488281250000000e-01 3.879715397980623010e-02
3.626708984375000000e-01 3.879842467373590537e-02
3.627929687500000000e-01 3.879963476703129216e-02
3.629150390625000000e-01 3.880090489794880970e-02
3.630371093750000000e-01 3.880211550127720538e-02
3.631591796875000000e-01 3.880338508939322473e-02
3.632812500000000000e-01 3.880459618312113307e-02
3.634033203125000000e-01 3.880586524751360178e-02
3.635253906250000000e-01 3.880707681303673801e-02
3.636474609375000000e-01 3.880834537176739568e-02
3.637695312500000000e-01 3.880955739148833628e-02
3.638916015625000000e-01 3.881082546168140857e-02
3.640136718750000000e-01 3.881203791890351640e-02
3.641357421875000000e-01 3.881330551674061491e-02
3.642578125000000000e-01 3.881451839567114787e-02
3.643798828125000000e-01 3.881578553654081720e-02
3.645019531250000000e-01 3.881699882217733155e-02
3.646240234375000000e-01 3.881826552065960334e-02
3.647460937500000000e-01 3.881947919873816183e-02
3.648681640625000000e-01 3.882074546872710946e-02
3.649902343750000000e-01 3.882195952568553293e-02
3.651123046875000000e-01 3.882322538037825954e-02
3.652343750000000000e-01 3.882443980332071082e-02
3.653564453125000000e-01 3.882570525527094529e-02
3.654785156250000000e-01 3.882692003188997765e-02
3.656005859375000000e-01 3.882818509307831706e-02
3.657226562500000000e-01 3.882940021167841094e-02
3.658447265625000000e-01 3.883066489350567307e-02
3.659667968750000000e-01 3.883188034291607665e-02
3.660888671875000000e-01 3.883314465628089074e-02
3.662109375000000000e-01 3.883436042579846426e-02
3.663330078125000000e-01 3.883562438110016446e-02
3.664550781250000000e-01 3.883684046058549777e-02
3.665771484375000000e-01 3.883810406775083102e-02
3.666992187500000000e-01 3.883932044742369888e-02
3.668212890625000000e-01 3.884058371595949799e-02
3.669433593750000000e-01 3.884180038651381672e-02
3.670654296875000000e-01 3.884306332550811064e-02
3.671875000000000000e-01 3.884428027802928202e-02
3.673095703125000000e-01 3.884554289616910100e-02
3.674316406250000000e-01 3.884676012209933860e-02
3.675537109375000000e-01 3.884802242775684672e-02
3.676757812500000000e-01 3.884923991889415590e-02
3.677978515625000000e-01 3.885050192005019137e-02
3.679199218750000000e-01 3.885171966856065112e-02
3.680419921875000000e-01 3.885298137286293668e-02
3.681640625000000000e-01 3.885419937120956901e-02
3.682861328125000000e-01 3.885546078602556547e-02
3.684082031250000000e-01 3.885667902697223508e-02
3.685302734375000000e-01 3.885794015934985329e-02
3.686523437500000000e-01 3.885915863595147679e-02
3.687744140625000000e-01 3.886041949270244156e-02
3.688964843750000000e-01 3.886163819825909360e-02
3.690185546875000000e-01 3.886289878589238578e-02
3.691406250000000000e-01 3.886411771400595516e-02
3.692626953125000000e-01 3.886537803878117869e-02
3.693847656250000000e-01 3.886659718325691237e-02
3.695068359375000000e-01 3.886785725124281693e-02
3.696289062500000000e-01 3.886907660611460535e-02
3.697509765625000000e-01 3.887033642309989379e-02
3.698730468750000000e-01 3.887155598266047590e-02
3.699951171875000000e-01 3.887281555425053936e-02
3.701171875000000000e-01 3.887403531296359377e-02
3.702392578125000000e-01 3.887529464455220796e-02
3.703613281250000000e-01 3.887651459710556728e-02
3.704833984375000000e-01 3.887777369388204646e-02
3.706054687500000000e-01 3.887899383513962470e-02
3.707275390625000000e-01 3.888025270212470963e-02
3.708496093750000000e-01 3.888147302713715336e-02
3.709716796875000000e-01 3.888273166916393631e-02
3.710937500000000000e-01 3.888395217314626756e-02
3.712158203125000000e-01 3.888521059489852966e-02
3.713378906250000000e-01 3.888643127323197085e-02
3.714599609375000000e-01 3.888768947921723840e-02
3.715820312500000000e-01 3.888891032743043569e-02
3.717041015625000000e-01 3.889016832198771700e-02
3.718261718750000000e-01 3.889138933580314761e-02
3.719482421875000000e-01 3.889264712315183836e-02
3.720703125000000000e-01 3.889386829837927773e-02
3.721923828125000000e-01 3.889512588259470827e-02
3.723144531250000000e-01 3.889634721520535132e-02
3.724365234375000000e-01 3.889760460021429722e-02
3.725585937500000000e-01 3.889882608631027583e-02
3.726806640625000000e-01 3.890008327593050957e-02
3.728027343750000000e-01 3.890130491173866834e-02
3.729248046875000000e-01 3.890256190966005778e-02
3.730468750000000000e-01 3.890378369152257265e-02
3.731689453125000000e-01 3.890504050130981495e-02
3.732910156250000000e-01 3.890626242568257648e-02
3.734130859375000000e-01 3.890751905077510786e-02
3.735351562500000000e-01 3.890874111425404042e-02
3.736572265625000000e-01 3.890999755802081184e-02
3.737792968750000000e-01 3.891121975725886362e-02
3.739013671875000000e-01 3.891247602293591845e-02
3.740234375000000000e-01 3.891369835470904343e-02
3.741455078125000000e-01 3.891495444545371024e-02
3.742675781250000000e-01 3.891617690664012780e-02
3.743896484375000000e-01 3.891743282547537736e-02
3.745117187500000000e-01 3.891865541307218401e-02
3.746337890625000000e-01 3.891991116297337239e-02
3.747558593750000000e-01 3.892113387399278451e-02
3.748779296875000000e-01 3.892238945784943366e-02
3.750000000000000000e-01 3.892361228944889173e-02
3.751220703125000000e-01 3.892486771002728885e-02
3.752441406250000000e-01 3.892609065944351021e-02
3.753662109375000000e-01 3.892734591946146738e-02
3.754882812500000000e-01 3.892856898398360660e-02
3.756103515625000000e-01 3.892982408605491496e-02
3.757324218750000000e-01 3.893104726308043578e-02
3.758544921875000000e-01 3.893230220977029338e-02
3.759765625000000000e-01 3.893352549674969354e-02
3.760986328125000000e-01 3.893478029055552625e-02
3.762207031250000000e-01 3.893600368500491765e-02
3.763427734375000000e-01 3.893725832829877942e-02
3.764648437500000000e-01 3.893848182780403067e-02
3.765869140625000000e-01 3.893973632299046334e-02
3.767089843750000000e-01 3.894095992521710847e-02
3.768310546875000000e-01 3.894221427452115164e-02
3.769531250000000000e-01 3.894343797722083639e-02
3.770751953125000000e-01 3.894469218287859025e-02
3.771972656250000000e-01 3.894591598381982184e-02
3.773193359375000000e-01 3.894717004797852711e-02
3.774414062500000000e-01 3.894839394501324603e-02
3.775634765625000000e-01 3.894964786976645721e-02
3.776855468750000000e-01 3.895087186078068087e-02
3.778076171875000000e-01 3.895212564819815204e-02
3.779296875000000000e-01 3.895334973115553018e-02
3.780517578125000000e-01 3.895460338322320054e-02
3.781738281250000000e-01 3.895582755611372294e-02
3.782958984375000000e-01 3.895708107477095783e-02
3.784179687500000000e-01 3.895830533563898745e-02
3.785400390625000000e-01 3.895955872279600885e-02
3.786621093750000000e-01 3.896078306978572464e-02
3.787841796875000000e-01 3.896203632724317550e-02
3.789062500000000000e-01 3.896326075851258564e-02
3.790283203125000000e-01 3.896451388806669580e-02
3.791503906250000000e-01 3.896573840180025949e-02
3.792724609375000000e-01 3.896699140521134308e-02
3.793945312500000000e-01 3.896821599965441529e-02
3.795166015625000000e-01 3.896946887863460274e-02
3.796386718750000000e-01 3.897069355208958308e-02
3.797607421875000000e-01 3.897194630829092787e-02
3.798828125000000000e-01 3.897317105907258106e-02
3.800048828125000000e-01 3.897442369412446039e-02
3.801269531250000000e-01 3.897564852060129287e-02
3.802490234375000000e-01 3.897690103608551782e-02
3.803710937500000000e-01 3.897812593667934061e-02
3.804931640625000000e-01 3.897937833413371578e-02
3.806152343750000000e-01 3.898060330728228551e-02
3.807373046875000000e-01 3.898185558820838753e-02
3.808593750000000000e-01 3.898308063240669280e-02
3.809814453125000000e-01 3.898433279828784903e-02
3.811035156250000000e-01 3.898555791204283416e-02
3.812255859375000000e-01 3.898680996430260726e-02
3.813476562500000000e-01 3.898803514618397192e-02
3.814697265625000000e-01 3.898928708621766936e-02
3.815917968750000000e-01 3.899051233480639589e-02
3.817138671875000000e-01 3.899176416399986744e-02
3.818359375000000000e-01 3.899298947791386694e-02
3.819580078125000000e-01 3.899424119760613178e-02
3.820800781250000000e-01 3.899546657548233486e-02
3.822021484375000000e-01 3.899671818696540809e-02
3.823242187500000000e-01 3.899794362750133581e-02
3.824462890625000000e-01 3.899919513205865607e-02
3.825683593750000000e-01 3.900042063396667869e-02
3.826904296875000000e-01 3.900167203284482520e-02
3.828125000000000000e-01 3.900289759485831009e-02
3.829345703125000000e-01 3.900414888928134538e-02
3.830566406250000000e-01 3.900537451015327617e-02
3.831787109375000000e-01 3.900662570131112339e-02
3.833007812500000000e-01 3.900785137985238182e-02
3.834228515625000000e-01 3.900910246890455790e-02
3.835449218750000000e-01 3.901032820391532596e-02
3.836669921875000000e-01 3.901157919202735691e-02
3.837890625000000000e-01 3.901280498236534000e-02
3.839111328125000000e-01 3.901405587062004021e-02
3.840332031250000000e-01 3.901528171514944549e-02
3.841552734375000000e-01 3.901653250466038947e-02
3.842773437500000000e-01 3.901775840228242920e-02
3.843994140625000000e-01 3.901900909410464802e-02
3.845214843750000000e-01 3.902023504372582885e-02
3.846435546875000000e-01 3.902148563891329885e-02
3.847656250000000000e-01 3.902271163947676480e-02
3.848876953125000000e-01 3.902396213905327815e-02
3.850097656250000000e-01 3.902518818950414387e-02
3.851318359375000000e-01 3.902643859447128133e-02
3.852539062500000000e-01 3.902766469380420516e-02
3.853759765625000000e-01 3.902891500514224510e-02
3.854980468750000000e-01 3.903014115236276560e-02
3.856201171875000000e-01 3.903139137101938050e-02
3.857421875000000000e-01 3.903261756513889957e-02
3.858642578125000000e-01 3.903386769206316359e-02
3.859863281250000000e-01 3.903509393213346057e-02
3.861083984375000000e-01 3.903634396824026687e-02
3.862304687500000000e-01 3.903757025332393882e-02
3.863525390625000000e-01 3.903882019952765320e-02
3.864746093750000000e-01 3.904004652869257075e-02
3.865966796875000000e-01 3.904129638587180984e-02
3.867187500000000000e-01 3.904252275821681883e-02
3.868408203125000000e-01 3.904377252723024300e-02
3.869628906250000000e-01 3.904499894188002973e-02
3.870849609375000000e-01 3.904624862358362092e-02
3.872070312500000000e-01 3.904747507966302433e-02
3.873291015625000000e-01 3.904872467488693100e-02
3.874511718750000000e-01 3.904995117154920481e-02
3.875732421875000000e-01 3.905120068110015663e-02
3.876953125000000000e-01 3.905242721751259194e-02
3.878173828125000000e-01 3.905367664220246726e-02
3.879394531250000000e-01 3.905490321753320865e-02
3.880615234375000000e-01 3.905615255814322284e-02
3.881835937500000000e-01 3.905737917160360950e-02
3.883056640625000000e-01 3.905862842889608333e-02
3.884277343750000000e-01 3.905985507967685288e-02
3.885498046875000000e-01 3.906110425441243483e-02
3.886718750000000000e-01 3.906233094175882992e-02
3.887939453125000000e-01 3.906358003467244600e-02
3.889160156250000000e-01 3.906480675780782397e-02
3.890380859375000000e-01 3.906605576963347037e-02
3.891601562500000000e-01 3.906728252782691591e-02
3.892822265625000000e-01 3.906853145926407478e-02
3.894042968750000000e-01 3.906975825178197331e-02
3.895263671875000000e-01 3.907100710352974515e-02
3.896484375000000000e-01 3.907223392964506714e-02
3.897705078125000000e-01 3.907348270238936161e-02
3.898925781250000000e-01 3.907470956139626195e-02
3.900146484375000000e-01 3.907595825582545201e-02
3.901367187500000000e-01 3.907718514702437224e-02
3.902587890625000000e-01 3.907843376379335765e-02
3.903808593750000000e-01 3.907966068650194080e-02
3.905029296875000000e-01 3.908090922623545793e-02
3.906250000000000000e-01 3.908213617981223104e-02
3.907470703125000000e-01 3.908338464314980304e-02
3.908691406250000000e-01 3.908461162692009050e-02
3.909912109375000000e-01 3.908586001450378711e-02
3.911132812500000000e-01 3.908708702781460431e-02
3.912353515625000000e-01 3.908833534024309941e-02
3.913574218750000000e-01 3.908956238247100756e-02
3.914794921875000000e-01 3.909081062035944798e-02
3.916015625000000000e-01 3.909203769086297409e-02
3.917236328125000000e-01 3.909328585479097951e-02
3.918457031250000000e-01 3.909451295296993700e-02
3.919677734375000000e-01 3.909576104352127657e-02
3.920898437500000000e-01 3.909698816877316130e-02
3.922119140625000000e-01 3.909823618650802579e-02
3.923339843750000000e-01 3.909946333824650122e-02
3.924560546875000000e-01 3.910071128374480870e-02
3.925781250000000000e-01 3.910193846136036239e-02
3.927001953125000000e-01 3.910318633516324943e-02
3.928222656250000000e-01 3.910441353809889636e-02
3.929443359375000000e-01 3.910566134075540989e-02
3.930664062500000000e-01 3.910688856845282585e-02
3.931884765625000000e-01 3.910813630047876854e-02
3.933105468750000000e-01 3.910936355236005468e-02
3.934326171875000000e-01 3.911061121429560555e-02
3.935546875000000000e-01 3.911183848983470351e-02
3.936767578125000000e-01 3.911308608217996252e-02
3.937988281250000000e-01 3.911431338084075948e-02
3.939208984375000000e-01 3.911556090410798353e-02
3.940429687500000000e-01 3.911678822534728900e-02
3.941650390625000000e-01 3.911803568002393539e-02
3.942871093750000000e-01 3.911926302334366168e-02
3.944091796875000000e-01 3.912051040993329287e-02
3.945312500000000000e-01 3.912173777478966663e-02
3.946533203125000000e-01 3.912298509375423949e-02
3.947753906250000000e-01 3.912421247968310423e-02
3.948974609375000000e-01 3.912545973149035572e-02
3.950195312500000000e-01 3.912668713797443076e-02
3.951416015625000000e-01 3.912793432311002795e-02
3.952636718750000000e-01 3.912916174964477939e-02
3.953857421875000000e-01 3.913040886857413470e-02
3.955078125000000000e-01 3.913163631469745996e-02
3.956298828125000000e-01 3.913288336784356836e-02
3.957519531250000000e-01 3.913411083308810517e-02
3.958740234375000000e-01 3.913535782090236254e-02
3.959960937500000000e-01 3.913658530478855008e-02
3.961181640625000000e-01 3.913783222769789960e-02
3.962402343750000000e-01 3.913905972978477810e-02
3.963623046875000000e-01 3.914030658821005676e-02
3.964843750000000000e-01 3.914153410803100641e-02
3.966064453125000000e-01 3.914278090240295299e-02
3.967285156250000000e-01 3.914400843951747200e-02
3.968505859375000000e-01 3.914525517025765206e-02
3.969726562500000000e-01 3.914648272424168379e-02
3.970947265625000000e-01 3.914772939173347122e-02
3.972167968750000000e-01 3.914895696213330223e-02
3.973388671875000000e-01 3.915020356679897728e-02
3.974609375000000000e-01 3.915143115320142420e-02
3.975830078125000000e-01 3.915267769543426257e-02
3.977050781250000000e-01 3.915390529741234055e-02
3.978271484375000000e-01 3.915515177759965049e-02
3.979492187500000000e-01 3.915637939473734508e-02
3.980712890625000000e-01 3.915762581325990532e-02
3.981933593750000000e-01 3.915885344515530886e-02
3.983154296875000000e-01 3.916009980238677191e-02
3.984375000000000000e-01 3.916132744864718462e-02
3.985595703125000000e-01 3.916257374494338389e-02
3.986816406250000000e-01 3.916380140516305397e-02
3.988037109375000000e-01 3.916504764091643942e-02
3.989257812500000000e-01 3.916627531470363854e-02
3.990478515625000000e-01 3.916752149025143348e-02
3.991699218750000000e-01 3.916874917723642269e-02
3.992919921875000000e-01 3.916999529293931082e-02
3.994140625000000000e-01 3.917122299272622621e-02
3.995361328125000000e-01 3.917246904893673110e-02
3.996582031250000000e-01 3.917369676117059274e-02
3.997802734375000000e-01 3.917494275821807592e-02
3.999023437500000000e-01 3.917617048252568929e-02
4.000244140625000000e-01 3.917741642076363884e-02
4.001464843750000000e-01 3.917864415677074774e-02
4.002685546875000000e-01 3.917989003651814461e-02
4.003906250000000000e-01 3.918111778387323163e-02
4.005126953125000000e-01 3.918236360547310698e-02
4.006347656250000000e-01 3.918359136381661945e-02
4.007568359375000000e-01 3.918483712757887816e-02
4.008789062500000000e-01 3.918606489657197600e-02
4.010009765625000000e-01 3.918731060281989420e-02
4.011230468750000000e-01 3.918853838211585477e-02
4.012451171875000000e-01 3.918978403116989140e-02
4.013671875000000000e-01 3.919101182042624559e-02
4.014892578125000000e-01 3.919225741257430923e-02
4.016113281250000000e-01 3.919348521146347186e-02
4.017333984375000000e-01 3.919473074702997661e-02
4.018554687500000000e-01 3.919595855521541827e-02
4.019775390625000000e-01 3.919720403448037627e-02
4.020996093750000000e-01 3.919843185165026306e-02
4.022216796875000000e-01 3.919967727492011667e-02
4.023437500000000000e-01 3.920090510074620421e-02
4.024658203125000000e-01 3.920215046831504457e-02
4.025878906250000000e-01 3.920337830248314670e-02
4.027099609375000000e-01 3.920462361461902329e-02
4.028320312500000000e-01 3.920585145681201866e-02
4.029541015625000000e-01 3.920709671380942507e-02
4.030761718750000000e-01 3.920832456372021213e-02
4.031982421875000000e-01 3.920956976586973536e-02
4.033203125000000000e-01 3.921079762318500223e-02
4.034423828125000000e-01 3.921204277075347744e-02
4.035644531250000000e-01 3.921327063517950767e-02
4.036865234375000000e-01 3.921451572843936972e-02
4.038085937500000000e-01 3.921574359967096302e-02
4.039306640625000000e-01 3.921698863889385572e-02
4.040527343750000000e-01 3.921821651664461617e-02
4.041748046875000000e-01 3.921946150208066584e-02
4.042968750000000000e-01 3.922068938606664001e-02
4.044189453125000000e-01 3.922193431798699087e-02
4.045410156250000000e-01 3.922316220791084718e-02
4.046630859375000000e-01 3.922440708657147501e-02
4.047851562500000000e-01 3.922563498215701772e-02
4.049072265625000000e-01 3.922687980779442085e-02
4.050292968750000000e-01 3.922810770876872244e-02
4.051513671875000000e-01 3.922935248163986199e-02
4.052734375000000000e-01 3.923058038772687939e-02
4.053955078125000000e-01 3.923182510807970980e-02
4.055175781250000000e-01 3.923305301899368547e-02
4.056396484375000000e-01 3.923429768707771548e-02
4.057617187500000000e-01 3.923552560256314548e-02
4.058837890625000000e-01 3.923677021861164682e-02
4.060058593750000000e-01 3.923799813839355666e-02
4.061279296875000000e-01 3.923924270264318725e-02
4.062500000000000000e-01 3.924047062646963957e-02
4.063720703125000000e-01 3.924171513914141707e-02
4.064941406250000000e-01 3.924294306675307070e-02
4.066162109375000000e-01 3.924418752808360444e-02
4.067382812500000000e-01 3.924541545921438751e-02
4.068603515625000000e-01 3.924665986943789986e-02
4.069824218750000000e-01 3.924788780384813602e-02
4.071044921875000000e-01 3.924913216317715142e-02
4.072265625000000000e-01 3.925036010061400127e-02
4.073486328125000000e-01 3.925160440926987737e-02
4.074707031250000000e-01 3.925283234948050148e-02
4.075927734375000000e-01 3.925407660768098772e-02
4.077148437500000000e-01 3.925530455042501587e-02
4.078369140625000000e-01 3.925654875838628655e-02
4.079589843750000000e-01 3.925777670342196768e-02
4.080810546875000000e-01 3.925902086135878155e-02
4.082031250000000000e-01 3.926024880844378867e-02
4.083251953125000000e-01 3.926149291656403501e-02
4.084472656250000000e-01 3.926272086546918338e-02
4.085693359375000000e-01 3.926396492398026572e-02
4.086914062500000000e-01 3.926519287447271384e-02
4.088134765625000000e-01 3.926643688356983714e-02
4.089355468750000000e-01 3.926766483540933272e-02
4.090576171875000000e-01 3.926890879530957335e-02
4.091796875000000000e-01 3.927013674827589673e-02
4.093017578125000000e-01 3.927138065915326132e-02
4.094238281250000000e-01 3.927260861302889899e-02
4.095458984375000000e-01 3.927385247508882737e-02
4.096679687500000000e-01 3.927508042964261009e-02
4.097900390625000000e-01 3.927632424308760695e-02
4.099121093750000000e-01 3.927755219810190324e-02
4.100341796875000000e-01 3.927879596311798643e-02
4.101562500000000000e-01 3.928002391837364521e-02
4.102783203125000000e-01 3.928126763514019903e-02
4.104003906250000000e-01 3.928249559042488320e-02
4.105224609375000000e-01 3.928373925914135922e-02
4.106445312500000000e-01 3.928496721423603566e-02
4.107666015625000000e-01 3.928621083508361533e-02
4.108886718750000000e-01 3.928743878977752207e-02
4.110107421875000000e-01 3.928868236293161370e-02
4.111328125000000000e-01 3.928991031702407100e-02
4.112548828125000000e-01 3.929115384266293476e-02
4.113769531250000000e-01 3.929238179595088976e-02
4.114990234375000000e-01 3.929362527424470897e-02
4.116210937500000000e-01 3.929485322652039730e-02
4.117431640625000000e-01 3.929609665765118609e-02
4.118652343750000000e-01 3.929732460871775135e-02
4.119873046875000000e-01 3.929856799286073066e-02
4.121093750000000000e-01 3.929979594250752883e-02
4.122314453125000000e-01 3.930103927982837864e-02
4.123535156250000000e-01 3.930226722787005800e-02
4.124755859375000000e-01 3.930351051853346600e-02
4.125976562500000000e-01 3.930473846477260114e-02
4.127197265625000000e-01 3.930598170895994309e-02
4.128417968750000000e-01 3.930720965318846433e-02
4.129638671875000000e-01 3.930845285105152853e-02
4.130859375000000000e-01 3.930968079309840602e-02
4.132080078125000000e-01 3.931092394478728769e-02
4.133300781250000000e-01 3.931215188445986997e-02
4.134521484375000000e-01 3.931339499015122640e-02
4.135742187500000000e-01 3.931462292725561303e-02
4.136962890625000000e-01 3.931586598710186398e-02
4.138183593750000000e-01 3.931709392146415238e-02
4.139404296875000000e-01 3.931833693562389320e-02
4.140625000000000000e-01 3.931956486704227260e-02
4.141845703125000000e-01 3.932080783566022086e-02
4.143066406250000000e-01 3.932203576397805267e-02
4.144287109375000000e-01 3.932327868720816855e-02
4.145507812500000000e-01 3.932450661223263477e-02
4.146728515625000000e-01 3.932574949024361666e-02
4.147949218750000000e-01 3.932697741178953904e-02
4.149169921875000000e-01 3.932822024471336469e-02
4.150390625000000000e-01 3.932944816261123300e-02
4.151611328125000000e-01 3.933069095059517351e-02
4.152832031250000000e-01 3.933191886468602461e-02
4.154052734375000000e-01 3.933316160787650451e-02
4.155273437500000000e-01 3.933438951796795757e-02
4.156494140625000000e-01 3.933563221650875075e-02
4.157714843750000000e-01 3.933686012243282210e-02
4.158935546875000000e-01 3.933810277647351028e-02
4.160156250000000000e-01 3.933933067806856532e-02
4.161376953125000000e-01 3.934057328773967604e-02
4.162597656250000000e-01 3.934180118482465127e-02
4.163818359375000000e-01 3.934304375027694589e-02
4.165039062500000000e-01 3.934427164269957422e-02
4.166259765625000000e-01 3.934551416405479562e-02
4.167480468750000000e-01 3.934674205164674643e-02
4.168701171875000000e-01 3.934798452904246513e-02
4.169921875000000000e-01 3.934921241164560796e-02
4.171142578125000000e-01 3.935045484522035897e-02
4.172363281250000000e-01 3.935168272267712541e-02
4.173583984375000000e-01 3.935292511255432391e-02
4.174804687500000000e-01 3.935415298469231715e-02
4.176025390625000000e-01 3.935539533101793663e-02
4.177246093750000000e-01 3.935662319768444550e-02
4.178466796875000000e-01 3.935786550056452615e-02
4.179687500000000000e-01 3.935909336160774152e-02
4.180908203125000000e-01 3.936033562119507778e-02
4.182128906250000000e-01 3.936156347645437814e-02
4.183349609375000000e-01 3.936280569286279563e-02
4.184570312500000000e-01 3.936403354218820372e-02
4.185791015625000000e-01 3.936527571552662919e-02
4.187011718750000000e-01 3.936650355876882001e-02
4.188232421875000000e-01 3.936774568918693928e-02
4.189453125000000000e-01 3.936897352618860813e-02
4.190673828125000000e-01 3.937021561380364687e-02
4.191894531250000000e-01 3.937144344442423949e-02
4.193115234375000000e-01 3.937268548932870010e-02
4.194335937500000000e-01 3.937391331342633694e-02
4.195556640625000000e-01 3.937515531576188388e-02
4.196777343750000000e-01 3.937638313318535255e-02
4.197998046875000000e-01 3.937762509306409753e-02
4.199218750000000000e-01 3.937885290365020219e-02
4.200439453125000000e-01 3.938009482120281846e-02
4.201660156250000000e-01 3.938132262481632007e-02
4.202880859375000000e-01 3.938256450014264443e-02
4.204101562500000000e-01 3.938379229665088521e-02
4.205322265625000000e-01 3.938503412986525676e-02
4.206542968750000000e-01 3.938626191913160990e-02
4.207763671875000000e-01 3.938750371034049902e-02
4.208984375000000000e-01 3.938873149220341319e-02
4.210205078125000000e-01 3.938997324152711949e-02
4.211425781250000000e-01 3.939120101588024919e-02
4.212646484375000000e-01 3.939244272342028175e-02
4.213867187500000000e-01 3.939367049010025074e-02
4.215087890625000000e-01 3.939491215599259799e-02
4.216308593750000000e-01 3.939613991484450239e-02
4.217529296875000000e-01 3.939738153917007879e-02
4.218750000000000000e-01 3.939860929010154805e-02
4.219970703125000000e-01 3.939985087297298572e-02
4.221191406250000000e-01 3.940107861582620857e-02
4.222412109375000000e-01 3.940232015734151938e-02
4.223632812500000000e-01 3.940354789199855545e-02
4.224853515625000000e-01 3.940478939226228078e-02
4.226074218750000000e-01 3.940601711858116030e-02
4.227294921875000000e-01 3.940725857771308627e-02
4.228515625000000000e-01 3.940848629557104632e-02
4.229736328125000000e-01 3.940972771366462596e-02
4.230957031250000000e-01 3.941095542292208376e-02
4.232177734375000000e-01 3.941219680007446158e-02
4.233398437500000000e-01 3.941342450057765817e-02
4.234619140625000000e-01 3.941466583691539960e-02
4.235839843750000000e-01 3.941589352857401141e-02
4.237060546875000000e-01 3.941713482412058378e-02
4.238281250000000000e-01 3.941836250682995146e-02
4.239501953125000000e-01 3.941960376175603076e-02
4.240722656250000000e-01 3.942083143536932732e-02
4.241943359375000000e-01 3.942207264973168757e-02
4.243164062500000000e-01 3.942330031409857494e-02
4.244384765625000000e-01 3.942454148800995928e-02
4.245605468750000000e-01 3.942576914302556995e-02
4.246826171875000000e-01 3.942701027657845997e-02
4.248046875000000000e-01 3.942823792213906442e-02
4.249267578125000000e-01 3.942947901542265265e-02
4.250488281250000000e-01 3.943070665137592135e-02
4.251708984375000000e-01 3.943194770448869846e-02
4.252929687500000000e-01 3.943317533074030407e-02
4.254150390625000000e-01 3.943441634375895177e-02
4.255371093750000000e-01 3.943564396019352825e-02
4.256591796875000000e-01 3.943688493321641231e-02
4.257812500000000000e-01 3.943811253968185215e-02
4.259033203125000000e-01 3.943935347281311843e-02
4.260253906250000000e-01 3.944058106921704415e-02
4.261474609375000000e-01 3.944182196252338235e-02
4.262695312500000000e-01 3.944304954874779112e-02
4.263916015625000000e-01 3.944429040232518002e-02
4.265136718750000000e-01 3.944551797825243677e-02
4.266357421875000000e-01 3.944675879219754211e-02
4.267578125000000000e-01 3.944798635769815320e-02
4.268798828125000000e-01 3.944922713208602605e-02
4.270019531250000000e-01 3.945045468707869540e-02
4.271240234375000000e-01 3.945169542199490620e-02
4.272460937500000000e-01 3.945292296634875240e-02
4.273681640625000000e-01 3.945416366185772183e-02
4.274902343750000000e-01 3.945539119546861984e-02
4.276123046875000000e-01 3.945663185167452153e-02
4.277343750000000000e-01 3.945785937443141433e-02
4.278564453125000000e-01 3.945909999140920915e-02
4.279785156250000000e-01 3.946032750319512783e-02
4.281005859375000000e-01 3.946156808104176600e-02
4.282226562500000000e-01 3.946279558174585478e-02
4.283447265625000000e-01 3.946403612051645193e-02
4.284667968750000000e-01 3.946526361003933892e-02
4.285888671875000000e-01 3.946650410983943563e-02
4.287109375000000000e-01 3.946773158806373555e-02
4.288330078125000000e-01 3.946897204895645495e-02
4.289550781250000000e-01 3.947019951578221997e-02
4.290771484375000000e-01 3.947143993784462540e-02
4.291992187500000000e-01 3.947266739317185913e-02
4.293212890625000000e-01 3.947390777647656612e-02
4.294433593750000000e-01 3.947513522019879123e-02
4.295654296875000000e-01 3.947637556482763710e-02
4.296875000000000000e-01 3.947760299683241575e-02
4.298095703125000000e-01 3.947884330285833521e-02
4.299316406250000000e-01 3.948007072305038945e-02
4.300537109375000000e-01 3.948131099056229054e-02
4.301757812500000000e-01 3.948253839882573391e-02
4.302978515625000000e-01 3.948377862788562953e-02
4.304199218750000000e-01 3.948500602412216565e-02
4.305419921875000000e-01 3.948624621480657793e-02
4.306640625000000000e-01 3.948747359893545888e-02
4.307861328125000000e-01 3.948871375131232653e-02
4.309082031250000000e-01 3.948994112320940164e-02
4.310302734375000000e-01 3.949118123736145014e-02
4.311523437500000000e-01 3.949240859693334271e-02
4.312744140625000000e-01 3.949364867291546566e-02
4.313964843750000000e-01 3.949487602007972775e-02
4.315185546875000000e-01 3.949611605796095326e-02
4.316406250000000000e-01 3.949734339260277394e-02
4.317626953125000000e-01 3.949858339247130923e-02
4.318847656250000000e-01 3.949981071448845082e-02
4.320068359375000000e-01 3.950105067639828743e-02
4.321289062500000000e-01 3.950227798570425664e-02
4.322509765625000000e-01 3.950351790973757882e-02
4.323730468750000000e-01 3.950474520623135921e-02
4.324951171875000000e-01 3.950598509244283851e-02
4.326171875000000000e-01 3.950721237604154501e-02
4.327392578125000000e-01 3.950845222448855221e-02
4.328613281250000000e-01 3.950967949508188415e-02
4.329833984375000000e-01 3.951091930584492429e-02
4.331054687500000000e-01 3.951214656335845510e-02
4.332275390625000000e-01 3.951338633651001186e-02
4.333496093750000000e-01 3.951461358081900105e-02
4.334716796875000000e-01 3.951585331640600218e-02
4.335937500000000000e-01 3.951708054744423187e-02
4.337158203125000000e-01 3.951832024555527317e-02
4.338378906250000000e-01 3.951954746320729406e-02
4.339599609375000000e-01 3.952078712388523707e-02
4.340820312500000000e-01 3.952201432808254145e-02
4.342041015625000000e-01 3.952325395138671371e-02
4.343261718750000000e-01 3.952448114203355178e-02
4.344482421875000000e-01 3.952572072803626352e-02
4.345703125000000000e-01 3.952694790503824551e-02
4.346923828125000000e-01 3.952818745379073351e-02
4.348144531250000000e-01 3.952941461707108750e-02
4.349365234375000000e-01 3.953065412865117839e-02
4.350585937500000000e-01 3.953188127808800190e-02
4.351806640625000000e-01 3.953312075255042274e-02
4.353027343750000000e-01 3.953434788809712108e-02
4.354248046875000000e-01 3.953558732548029253e-02
4.355468750000000000e-01 3.953681444701953596e-02
4.356689453125000000e-01 3.953805384742015150e-02
4.357910156250000000e-01 3.953928095487149741e-02
4.359130859375000000e-01 3.954052031831940123e-02
4.360351562500000000e-01 3.954174741159132561e-02
4.361572265625000000e-01 3.954298673815494214e-02
4.362792968750000000e-01 3.954421381718908890e-02
4.364013671875000000e-01 3.954545310692053617e-02
4.365234375000000000e-01 3.954668017160269111e-02
4.366455078125000000e-01 3.954791942456599430e-02
4.367675781250000000e-01 3.954914647481122536e-02
4.368896484375000000e-01 3.955038569107031249e-02
4.370117187500000000e-01 3.955161272678665851e-02
4.371337890625000000e-01 3.955285190639018511e-02
4.372558593750000000e-01 3.955407892751931775e-02
4.373779296875000000e-01 3.955531807051568260e-02
4.375000000000000000e-01 3.955654507696566152e-02
4.376220703125000000e-01 3.955778418341696773e-02
4.377441406250000000e-01 3.955901117511000098e-02
4.378662109375000000e-01 3.956025024505936682e-02
4.379882812500000000e-01 3.956147722188089327e-02
4.381103515625000000e-01 3.956271625540456333e-02
4.382324218750000000e-01 3.956394321730859198e-02
4.383544921875000000e-01 3.956518221443507122e-02
4.384765625000000000e-01 3.956640916133835617e-02
4.385986328125000000e-01 3.956764812213485472e-02
4.387207031250000000e-01 3.956887505393723303e-02
4.388427734375000000e-01 3.957011397844324707e-02
4.389648437500000000e-01 3.957134089508446140e-02
4.390869140625000000e-01 3.957257978336255200e-02
4.392089843750000000e-01 3.957380668474502761e-02
4.393310546875000000e-01 3.957504553684804832e-02
4.394531250000000000e-01 3.957627242290068237e-02
4.395751953125000000e-01 3.957751123887035677e-02
4.396972656250000000e-01 3.957873810952364235e-02
4.398193359375000000e-01 3.957997688941242154e-02
4.399414062500000000e-01 3.958120374458004576e-02
4.400634765625000000e-01 3.958244248843020147e-02
4.401855468750000000e-01 3.958366932803446259e-02
4.403076171875000000e-01 3.958490803591906831e-02
4.404296875000000000e-01 3.958613485987785841e-02
4.405517578125000000e-01 3.958737353181863983e-02
4.406738281250000000e-01 3.958860034005619311e-02
4.407958984375000000e-01 3.958983897611628722e-02
4.409179687500000000e-01 3.959106576856880055e-02
4.410400390625000000e-01 3.959230436879493387e-02
4.411621093750000000e-01 3.959353114536140472e-02
4.412841796875000000e-01 3.959476970980201072e-02
4.414062500000000000e-01 3.959599647041710246e-02
4.415283203125000000e-01 3.959723499912765066e-02
4.416503906250000000e-01 3.959846174373150840e-02
4.417724609375000000e-01 3.959970023672949868e-02
4.418945312500000000e-01 3.960092696523700995e-02
4.420166015625000000e-01 3.960216542259099859e-02
4.421386718750000000e-01 3.960339213492165833e-02
4.422607421875000000e-01 3.960463055667837184e-02
4.423828125000000000e-01 3.960585725276183355e-02
4.425048828125000000e-01 3.960709563896706864e-02
4.426269531250000000e-01 3.960832231873964715e-02
4.427490234375000000e-01 3.960956066942077081e-02
4.428710937500000000e-01 3.961078733278945718e-02
4.429931640625000000e-01 3.961202564800431203e-02
4.431152343750000000e-01 3.961325229492969335e-02
4.432373046875000000e-01 3.961449057472826024e-02
4.433593750000000000e-01 3.961571720509791950e-02
4.434814453125000000e-01 3.961695544951963910e-02
4.436035156250000000e-01 3.961818206327791941e-02
4.437255859375000000e-01 3.961942027236611125e-02
4.438476562500000000e-01 3.962064686942952385e-02
4.439697265625000000e-01 3.962188504322211591e-02
4.440917968750000000e-01 3.962311162355977578e-02
4.442138671875000000e-01 3.962434976209296134e-02
4.443359375000000000e-01 3.962557632560873011e-02
4.444580078125000000e-01 3.962681442892204697e-02
4.445800781250000000e-01 3.962804097555291949e-02
4.447021484375000000e-01 3.962927904370094900e-02
4.448242187500000000e-01 3.963050557336998680e-02
4.449462890625000000e-01 3.963174360638609117e-02
4.450683593750000000e-01 3.963297011902039424e-02
4.451904296875000000e-01 3.963420811694439577e-02
4.453125000000000000e-01 3.963543461248369981e-02
4.454345703125000000e-01 3.963667257537590444e-02
4.455566406250000000e-01 3.963789905374278527e-02
4.456787109375000000e-01 3.963913698161151966e-02
4.458007812500000000e-01 3.964036344274483870e-02
4.459228515625000000e-01 3.964160133566176081e-02
4.460449218750000000e-01 3.964282777949069969e-02
4.461669921875000000e-01 3.964406563746798728e-02
4.462890625000000000e-01 3.964529206392425342e-02
4.464111328125000000e-01 3.964652988702638270e-02
4.465332031250000000e-01 3.964775629602794449e-02
4.466552734375000000e-01 3.964899408428346900e-02
4.467773437500000000e-01 3.965022047578370401e-02
4.468994140625000000e-01 3.965145822922878233e-02
4.470214843750000000e-01 3.965268460315721222e-02
4.471435546875000000e-01 3.965392232181878807e-02
4.472656250000000000e-01 3.965514867810055605e-02
4.473876953125000000e-01 3.965638636204445178e-02
4.475097656250000000e-01 3.965761270062138910e-02
4.476318359375000000e-01 3.965885034985641711e-02
4.477539062500000000e-01 3.966007667067153464e-02
4.478759765625000000e-01 3.966131428524159036e-02
4.479980468750000000e-01 3.966254058820892214e-02
4.481201171875000000e-01 3.966377816817107105e-02
4.482421875000000000e-01 3.966500445322706375e-02
4.483642578125000000e-01 3.966624199860159516e-02
4.484863281250000000e-01 3.966746826570647505e-02
4.486083984375000000e-01 3.966870577650757901e-02
4.487304687500000000e-01 3.966993202558893872e-02
4.488525390625000000e-01 3.967116950187947466e-02
4.489746093750000000e-01 3.967239573285808590e-02
4.490966796875000000e-01 3.967363317467338668e-02
4.492187500000000000e-01 3.967485938749278074e-02
4.493408203125000000e-01 3.967609679485817331e-02
4.494628906250000000e-01 3.967732298945032821e-02
4.495849609375000000e-01 3.967856036241019374e-02
4.497070312500000000e-01 3.967978653872406003e-02
4.498291015625000000e-01 3.968102387729821601e-02
4.499511718750000000e-01 3.968225003527833805e-02
4.500732421875000000e-01 3.968348733949847440e-02
4.501953125000000000e-01 3.968471347907219504e-02
4.503173828125000000e-01 3.968595074898025044e-02
4.504394531250000000e-01 3.968717687007045081e-02
4.505615234375000000e-01 3.968841410571272155e-02
4.506835937500000000e-01 3.968964020827701195e-02
4.508056640625000000e-01 3.969087740967134487e-02
4.509277343750000000e-01 3.969210349363896245e-02
4.510498046875000000e-01 3.969334066081506990e-02
4.511718750000000000e-01 3.969456672613957959e-02
4.512939453125000000e-01 3.969580385914179416e-02
4.514160156250000000e-01 3.969702990573682755e-02
4.515380859375000000e-01 3.969826700460676872e-02
4.516601562500000000e-01 3.969949303241846611e-02
4.517822265625000000e-01 3.970073009716017232e-02
4.519042968750000000e-01 3.970195610614506154e-02
4.520263671875000000e-01 3.970319313681291984e-02
4.521484375000000000e-01 3.970441912688795622e-02
4.522705078125000000e-01 3.970565612350681478e-02
4.523925781250000000e-01 3.970688209462099050e-02
4.525146484375000000e-01 3.970811905722870794e-02
4.526367187500000000e-01 3.970934500933611527e-02
4.527587890625000000e-01 3.971058193793591817e-02
4.528808593750000000e-01 3.971180787096764003e-02
4.530029296875000000e-01 3.971304476562222824e-02
4.531250000000000000e-01 3.971427067950725198e-02
4.532470703125000000e-01 3.971550754023409069e-02
4.533691406250000000e-01 3.971673343493931085e-02
4.534912109375000000e-01 3.971797026175249989e-02
4.536132812500000000e-01 3.971919613721350273e-02
4.537353515625000000e-01 3.972043293015561916e-02
4.538574218750000000e-01 3.972165878631322283e-02
4.539794921875000000e-01 3.972289554541923867e-02
4.541015625000000000e-01 3.972412138219848232e-02
4.542236328125000000e-01 3.972535810748598073e-02
4.543457031250000000e-01 3.972658392485169110e-02
4.544677734375000000e-01 3.972782061636351281e-02
4.545898437500000000e-01 3.972904641423161826e-02
4.547119140625000000e-01 3.973028307200271447e-02
4.548339843750000000e-01 3.973150885032435131e-02
4.549560546875000000e-01 3.973274547436599080e-02
4.550781250000000000e-01 3.973397123309817258e-02
4.552001953125000000e-01 3.973520782345558999e-02
4.553222656250000000e-01 3.973643356252659631e-02
4.554443359375000000e-01 3.973767011921452985e-02
4.555664062500000000e-01 3.973889583857646152e-02
4.556884765625000000e-01 3.974013236161479112e-02
4.558105468750000000e-01 3.974135806121249781e-02
4.559326171875000000e-01 3.974259455065049657e-02
4.560546875000000000e-01 3.974382023043664114e-02
4.561767578125000000e-01 3.974505668626300559e-02
4.562988281250000000e-01 3.974628234618161893e-02
4.564208984375000000e-01 3.974751876845203369e-02
4.565429687500000000e-01 3.974874440842893208e-02
4.566650390625000000e-01 3.974998079717205479e-02
4.567871093750000000e-01 3.975120641716471670e-02
4.569091796875000000e-01 3.975244277241428426e-02
4.570312500000000000e-01 3.975366837235103784e-02
4.571533203125000000e-01 3.975490469411675082e-02
4.572753906250000000e-01 3.975613027395910604e-02
4.573974609375000000e-01 3.975736656227675525e-02
4.575195312500000000e-01 3.975859212196550252e-02
4.576416015625000000e-01 3.975982837684995108e-02
4.577636718750000000e-01 3.976105391633272951e-02
4.578857421875000000e-01 3.976229013782336952e-02
4.580078125000000000e-01 3.976351565704296098e-02
4.581298828125000000e-01 3.976475184516033157e-02
4.582519531250000000e-01 3.976597734406431273e-02
4.583740234375000000e-01 3.976721349883044487e-02
4.584960937500000000e-01 3.976843897735913430e-02
4.586181640625000000e-01 3.976967509880415669e-02
4.587402343750000000e-01 3.977090055690353509e-02
4.588623046875000000e-01 3.977213664505797885e-02
4.589843750000000000e-01 3.977336208268992396e-02
4.591064453125000000e-01 3.977459813755387930e-02
4.592285156250000000e-01 3.977582355465529573e-02
4.593505859375000000e-01 3.977705957627486466e-02
4.594726562500000000e-01 3.977828497279670139e-02
4.595947265625000000e-01 3.977952096118408942e-02
4.597167968750000000e-01 3.978074633707594232e-02
4.598388671875000000e-01 3.978198229225637927e-02
4.599609375000000000e-01 3.978320764746397925e-02
4.600830078125000000e-01 3.978444356946712890e-02
4.602050781250000000e-01 3.978566890393500644e-02
4.603271484375000000e-01 3.978690479277767478e-02
4.604492187500000000e-01 3.978813010646897741e-02
4.605712890625000000e-01 3.978936596216068461e-02
4.606933593750000000e-01 3.979059125500244987e-02
4.608154296875000000e-01 3.979182707760674231e-02
4.609375000000000000e-01 3.979305234954683135e-02
4.610595703125000000e-01 3.979428813905858120e-02
4.611816406250000000e-01 3.979551339005760191e-02
4.613037109375000000e-01 3.979674914650194184e-02
4.614257812500000000e-01 3.979797437649353065e-02
4.615478515625000000e-01 3.979921009992681141e-02
4.616699218750000000e-01 3.980043530886326342e-02
4.617919921875000000e-01 3.980167099925346896e-02
4.619140625000000000e-01 3.980289618710150523e-02
4.620361328125000000e-01 3.980413184450699166e-02
4.621582031250000000e-01 3.980535701119171377e-02
4.622802734375000000e-01 3.980659263562448535e-02
4.624023437500000000e-01 3.980781778112074676e-02
4.625244140625000000e-01 3.980905337259461885e-02
4.626464843750000000e-01 3.981027849683266284e-02
4.627685546875000000e-01 3.981151405538085192e-02
4.628906250000000000e-01 3.981273915832334725e-02
4.630126953125000000e-01 3.981397468395095340e-02
4.631347656250000000e-01 3.981519976555068091e-02
4.632568359375000000e-01 3.981643525828741648e-02
4.633789062500000000e-01 3.981766031847670806e-02
4.635009765625000000e-01 3.981889577835628913e-02
4.636230468750000000e-01 3.982012081709650209e-02
4.637451171875000000e-01 3.982135624411976826e-02
4.638671875000000000e-01 3.982258126136731247e-02
4.639892578125000000e-01 3.982381665556523898e-02
4.641113281250000000e-01 3.982504165125927420e-02
4.642333984375000000e-01 3.982627701265469000e-02
4.643554687500000000e-01 3.982750198675367309e-02
4.644775390625000000e-01 3.982873731536067802e-02
4.645996093750000000e-01 3.982996226781436444e-02
4.647216796875000000e-01 3.983119756365398334e-02
4.648437500000000000e-01 3.983242249440906158e-02
4.649658203125000000e-01 3.983365775751889631e-02
4.650878906250000000e-01 3.983488266652827903e-02
4.652099609375000000e-01 3.983611789689219668e-02
4.653320312500000000e-01 3.983734278411961427e-02
4.654541015625000000e-01 3.983857798178633280e-02
4.655761718750000000e-01 3.983980284716559517e-02
4.656982421875000000e-01 3.984103801215435614e-02
4.658203125000000000e-01 3.984226285564348297e-02
4.659423828125000000e-01 3.984349798795038672e-02
4.660644531250000000e-01 3.984472280950034084e-02
4.661865234375000000e-01 3.984595790918178670e-02
4.663085937500000000e-01 3.984718270874178236e-02
4.664306640625000000e-01 3.984841777579357924e-02
4.665527343750000000e-01 3.984964255331531480e-02
4.666748046875000000e-01 3.985087758776575950e-02
4.667968750000000000e-01 3.985210234319958023e-02
4.669189453125000000e-01 3.985333734505680514e-02
4.670410156250000000e-01 3.985456207837001497e-02
4.671630859375000000e-01 3.985579704765254694e-02
4.672851562500000000e-01 3.985702175880201370e-02
4.674072265625000000e-01 3.985825669553731687e-02
4.675292968750000000e-01 3.985948138444056488e-02
4.676513671875000000e-01 3.986071628863724348e-02
4.677734375000000000e-01 3.986194095528963754e-02
4.678955078125000000e-01 3.986317582695703132e-02
4.680175781250000000e-01 3.986440047129904962e-02
4.681396484375000000e-01 3.986563531049017867e-02
4.682617187500000000e-01 3.986685993243600790e-02
4.683837890625000000e-01 3.986809473918430380e-02
4.685058593750000000e-01 3.986931933870282996e-02
4.686279296875000000e-01 3.987055411295132440e-02
4.687500000000000000e-01 3.987177869006565401e-02
4.688720703125000000e-01 3.987301343183975721e-02
4.689941406250000000e-01 3.987423798645722828e-02
4.691162109375000000e-01 3.987547269582117360e-02
4.692382812500000000e-01 3.987669722787332005e-02
4.693603515625000000e-01 3.987793190484031913e-02
4.694824218750000000e-01 3.987915641431097336e-02
4.696044921875000000e-01 3.988039105886645452e-02
4.697265625000000000e-01 3.988161554567827560e-02
4.698486328125000000e-01 3.988285015787570997e-02
4.699707031250000000e-01 3.988407462199547449e-02
4.700927734375000000e-01 3.988530920185090478e-02
4.702148437500000000e-01 3.988653364323686834e-02
4.703369140625000000e-01 3.988776819073512614e-02
4.704589843750000000e-01 3.988899260936089319e-02
4.705810546875000000e-01 3.989022712453203778e-02
4.707031250000000000e-01 3.989145152032985697e-02
4.708251953125000000e-01 3.989268600318829350e-02
4.709472656250000000e-01 3.989391037613311541e-02
4.710693359375000000e-01 3.989514482668866935e-02
4.711914062500000000e-01 3.989636917671070954e-02
4.713134765625000000e-01 3.989760359500989229e-02
4.714355468750000000e-01 3.989882792206346507e-02
4.715576171875000000e-01 3.990006230811579679e-02
4.716796875000000000e-01 3.990128661216763017e-02
4.718017578125000000e-01 3.990252096595448689e-02
4.719238281250000000e-01 3.990374524696568836e-02
4.720458984375000000e-01 3.990497956853190920e-02
4.721679687500000000e-01 3.990620382646044989e-02
4.722900390625000000e-01 3.990743811581928813e-02
4.724121093750000000e-01 3.990866235059974121e-02
4.725341796875000000e-01 3.990989660775014214e-02
4.726562500000000000e-01 3.991112081936013661e-02
4.727783203125000000e-01 3.991235504433225667e-02
4.729003906250000000e-01 3.991357923271295072e-02
4.730224609375000000e-01 3.991481342553114542e-02
4.731445312500000000e-01 3.991603759064109302e-02
4.732666015625000000e-01 3.991727175130595218e-02
4.733886718750000000e-01 3.991849589309827417e-02
4.735107421875000000e-01 3.991973002163383411e-02
4.736328125000000000e-01 3.992095414007520993e-02
4.737548828125000000e-01 3.992218823648796544e-02
4.738769531250000000e-01 3.992341233152225943e-02
4.739990234375000000e-01 3.992464639582425645e-02
4.741210937500000000e-01 3.992587046743287932e-02
4.742431640625000000e-01 3.992710449964202712e-02
4.743652343750000000e-01 3.992832854775769241e-02
4.744873046875000000e-01 3.992956254789419707e-02
4.746093750000000000e-01 3.993078657247811636e-02
4.747314453125000000e-01 3.993202054056017858e-02
4.748535156250000000e-01 3.993324454156214898e-02
4.749755859375000000e-01 3.993447847760555475e-02
4.750976562500000000e-01 3.993570245499000054e-02
4.752197265625000000e-01 3.993693635899546457e-02
4.753417968750000000e-01 3.993816031271213429e-02
4.754638671875000000e-01 3.993939418470753011e-02
4.755859375000000000e-01 3.994061811472090356e-02
4.757080078125000000e-01 3.994185195471523786e-02
4.758300781250000000e-01 3.994307586099540147e-02
4.759521484375000000e-01 3.994430966898555868e-02
4.760742187500000000e-01 3.994553355147317103e-02
4.761962890625000000e-01 3.994676732750458009e-02
4.763183593750000000e-01 3.994799118615562084e-02
4.764404296875000000e-01 3.994922493022016324e-02
4.765625000000000000e-01 3.995044876499589254e-02
4.766845703125000000e-01 3.995168247711021470e-02
4.768066406250000000e-01 3.995290628797836668e-02
4.769287109375000000e-01 3.995413996815745661e-02
4.770507812500000000e-01 3.995536375506354015e-02
4.771728515625000000e-01 3.995659740332031112e-02
4.772949218750000000e-01 3.995782116622194347e-02
4.774169921875000000e-01 3.995905478257706644e-02
4.775390625000000000e-01 3.996027852143748532e-02
4.776611328125000000e-01 3.996151210590815489e-02
4.777832031250000000e-01 3.996273582067855212e-02
4.779052734375000000e-01 3.996396937325955023e-02
4.780273437500000000e-01 3.996519306391435600e-02
4.781494140625000000e-01 3.996642658461917880e-02
4.782714843750000000e-01 3.996765025110381175e-02
4.783935546875000000e-01 3.996888373996387855e-02
4.785156250000000000e-01 3.997010738222324389e-02
4.786376953125000000e-01 3.997134083924668013e-02
4.787597656250000000e-01 3.997256445727075114e-02
4.788818359375000000e-01 3.997379788245281063e-02
4.790039062500000000e-01 3.997502147617690987e-02
4.791259765625000000e-01 3.997625486955481977e-02
4.792480468750000000e-01 3.997747843892996561e-02
4.793701171875000000e-01 3.997871180050686923e-02
4.794921875000000000e-01 3.997993534551434053e-02
4.796142578125000000e-01 3.998116867530039642e-02
4.797363281250000000e-01 3.998239219588634041e-02
4.798583984375000000e-01 3.998362549389843090e-02
4.799804687500000000e-01 3.998484899001375492e-02
4.801025390625000000e-01 3.998608225626548024e-02
4.802246093750000000e-01 3.998730572789387094e-02
4.803466796875000000e-01 3.998853896237641870e-02
4.804687500000000000e-01 3.998976240946039429e-02
4.805908203125000000e-01 3.999099561221042265e-02
4.807128906250000000e-01 3.999221903471324169e-02
4.808349609375000000e-01 3.999345220573155557e-02
4.809570312500000000e-01 3.999467560361247287e-02
4.810791015625000000e-01 3.999590874291734932e-02
4.812011718750000000e-01 3.999713211612371255e-02
4.813232421875000000e-01 3.999836522373077796e-02
4.814453125000000000e-01 3.999958857222835062e-02
4.815673828125000000e-01 4.000082164814872110e-02
4.816894531250000000e-01 4.000204497188682151e-02
4.818115234375000000e-01 4.000327801613293155e-02
4.819335937500000000e-01 4.000450131508487966e-02
4.820556640625000000e-01 4.000573432766695026e-02
4.821777343750000000e-01 4.000695760180209004e-02
4.822998046875000000e-01 4.000819058270876916e-02
4.824218750000000000e-01 4.000941383197047924e-02
4.825439453125000000e-01 4.001064678123690543e-02
4.826660156250000000e-01 4.001187000558953377e-02
4.827880859375000000e-01 4.001310292322735052e-02
4.829101562500000000e-01 4.001432612263336464e-02
4.830322265625000000e-01 4.001555900865714360e-02
4.831542968750000000e-01 4.001678218305679269e-02
4.832763671875000000e-01 4.001801503747656058e-02
4.833984375000000000e-01 4.001923818683808531e-02
4.835205078125000000e-01 4.002047100966708848e-02
4.836425781250000000e-01 4.002169413396623743e-02
4.837646484375000000e-01 4.002292692518760742e-02
4.838867187500000000e-01 4.002415002439188574e-02
4.840087890625000000e-01 4.002538278403258015e-02
4.841308593750000000e-01 4.002660585808690691e-02
4.842529296875000000e-01 4.002783858616790202e-02
4.843750000000000000e-01 4.002906163502940873e-02
4.844970703125000000e-01 4.003029433155190497e-02
4.846191406250000000e-01 4.003151735518535592e-02
4.847412109375000000e-01 4.003275002016580542e-02
4.848632812500000000e-01 4.003397301852773538e-02
4.849853515625000000e-01 4.003520565196813652e-02
4.851074218750000000e-01 4.003642862502224814e-02
4.852294921875000000e-01 4.003766122695631008e-02
4.853515625000000000e-01 4.003888417465575889e-02
4.854736328125000000e-01 4.004011674507369778e-02
4.855957031250000000e-01 4.004133966738046557e-02
4.857177734375000000e-01 4.004257220629779679e-02
4.858398437500000000e-01 4.004379510318276797e-02
4.859619140625000000e-01 4.004502761062027349e-02
4.860839843750000000e-01 4.004625048203395987e-02
4.862060546875000000e-01 4.004748295798993274e-02
4.863281250000000000e-01 4.004870580387168838e-02
4.864501953125000000e-01 4.004993824836444727e-02
4.865722656250000000e-01 4.005116106875111770e-02
4.866943359375000000e-01 4.005239348175634179e-02
4.868164062500000000e-01 4.005361627653654388e-02
4.869384765625000000e-01 4.005484865809484651e-02
4.870605468750000000e-01 4.005607142726581860e-02
4.871826171875000000e-01 4.005730377741707066e-02
4.873046875000000000e-01 4.005852652088230659e-02
4.874267578125000000e-01 4.005975883960255501e-02
4.875488281250000000e-01 4.006098155738927608e-02
4.876708984375000000e-01 4.006221384468022784e-02
4.877929687500000000e-01 4.006343653672132799e-02
4.879150390625000000e-01 4.006466879261934289e-02
4.880371093750000000e-01 4.006589145887070463e-02
4.881591796875000000e-01 4.006712368337236874e-02
4.882812500000000000e-01 4.006834632380677774e-02
4.884033203125000000e-01 4.006957851691277106e-02
4.885253906250000000e-01 4.007080113149392997e-02
4.886474609375000000e-01 4.007203329322825414e-02
4.887695312500000000e-01 4.007325588189833421e-02
4.888916015625000000e-01 4.007448801226663748e-02
4.890136718750000000e-01 4.007571057500849965e-02
4.891357421875000000e-01 4.007694267402595045e-02
4.892578125000000000e-01 4.007816521078349375e-02
4.893798828125000000e-01 4.007939727845667016e-02
4.895019531250000000e-01 4.008061978920403334e-02
4.896240234375000000e-01 4.008185182553516968e-02
4.897460937500000000e-01 4.008307431023712397e-02
4.898681640625000000e-01 4.008430631523487303e-02
4.899902343750000000e-01 4.008552877384530255e-02
4.901123046875000000e-01 4.008676074752719892e-02
4.902343750000000000e-01 4.008798318000726668e-02
4.903564453125000000e-01 4.008921512237613449e-02
4.904785156250000000e-01 4.009043752868847454e-02
4.906005859375000000e-01 4.009166943976526232e-02
4.907226562500000000e-01 4.009289181986441797e-02
4.908447265625000000e-01 4.009412369965908995e-02
4.909667968750000000e-01 4.009534605351053327e-02
4.910888671875000000e-01 4.009657790201958533e-02
4.912109375000000000e-01 4.009780022959288232e-02
4.913330078125000000e-01 4.009903204682646605e-02
4.914550781250000000e-01 4.010025434807377998e-02
4.915771484375000000e-01 4.010148613405514761e-02
4.916992187500000000e-01 4.010270840895011762e-02
4.918212890625000000e-01 4.010394016367969244e-02
4.919433593750000000e-01 4.010516241216098565e-02
4.920654296875000000e-01 4.010639413565330463e-02
4.921875000000000000e-01 4.010761635770579425e-02
4.923095703125000000e-01 4.010884804996017045e-02
4.924316406250000000e-01 4.011007024554134881e-02
4.925537109375000000e-01 4.011130190656865546e-02
4.926757812500000000e-01 4.011252407562741762e-02
4.927978515625000000e-01 4.011375570545686053e-02
4.929199218750000000e-01 4.011497784795570176e-02
4.930419921875000000e-01 4.011620944657696974e-02
4.931640625000000000e-01 4.011743156250749398e-02
4.932861328125000000e-01 4.011866312991425876e-02
4.934082031250000000e-01 4.011988521921491108e-02
4.935302734375000000e-01 4.012111675544460798e-02
4.936523437500000000e-01 4.012233881807859837e-02
4.937744140625000000e-01 4.012357032312322686e-02
4.938964843750000000e-01 4.012479235905652697e-02
4.940185546875000000e-01 4.012602383293948499e-02
4.941406250000000000e-01 4.012724584212644385e-02
4.942626953125000000e-01 4.012847728484318643e-02
4.943847656250000000e-01 4.012969926725495906e-02
4.945068359375000000e-01 4.013093067882034931e-02
4.946289062500000000e-01 4.013215263442821562e-02
4.947509765625000000e-01 4.013338401484575074e-02
4.948730468750000000e-01 4.013460594358745498e-02
4.949951171875000000e-01 4.013583729288371788e-02
4.951171875000000000e-01 4.013705919472398964e-02
4.952392578125000000e-01 4.013829051289394267e-02
4.953613281250000000e-01 4.013951238781370695e-02
4.954833984375000000e-01 4.014074367486614170e-02
4.956054687500000000e-01 4.014196552281415475e-02
4.957275390625000000e-01 4.014319677876265757e-02
4.958496093750000000e-01 4.014441859970221960e-02
4.959716796875000000e-01 4.014564982454400105e-02
4.960937500000000000e-01 4.014687161846204611e-02
4.962158203125000000e-01 4.014810281220240751e-02
4.963378906250000000e-01 4.014932457904576979e-02
4.964599609375000000e-01 4.015055574170629804e-02
4.965820312500000000e-01 4.015177748141660063e-02
4.967041015625000000e-01 4.015300861301449031e-02
4.968261718750000000e-01 4.015423032556415806e-02
4.969482421875000000e-01 4.015546142610616764e-02
4.970703125000000000e-01 4.015668311145967340e-02
4.971923828125000000e-01 4.015791418093674070e-02
4.973144531250000000e-01 4.015913583907466250e-02
4.974365234375000000e-01 4.016036687750414863e-02
4.975585937500000000e-01 4.016158850837211330e-02
4.976806640625000000e-01 4.016281951575013248e-02
4.978027343750000000e-01 4.016404111932084242e-02
4.979248046875000000e-01 4.016527209566480433e-02
4.980468750000000000e-01 4.016649367189281672e-02
4.981689453125000000e-01 4.016772461722489113e-02
4.982910156250000000e-01 4.016894616606724033e-02
4.984130859375000000e-01 4.017017708038475576e-02
4.985351562500000000e-01 4.017139860181852262e-02
4.986572265625000000e-01 4.017262948512567711e-02
4.987792968750000000e-01 4.017385097910682046e-02
4.989013671875000000e-01 4.017508183141171169e-02
4.990234375000000000e-01 4.017630329789888266e-02
4.991455078125000000e-01 4.017753411922043300e-02
4.992675781250000000e-01 4.017875555817601585e-02
4.993896484375000000e-01 4.017998634851058237e-02
4.995117187500000000e-01 4.018120775990983995e-02
4.996337890625000000e-01 4.018243851926590893e-02
4.997558593750000000e-01 4.018365990306810298e-02
4.998779296875000000e-01 4.018489063146058610e-02
5.000000000000000000e-01 4.018611198761230102e-02
5.001220703125000000e-01 4.018734268505445850e-02
5.002441406250000000e-01 4.018856401353786134e-02
5.003662109375000000e-01 4.018979468001709909e-02
5.004882812500000000e-01 4.019101598078748949e-02
5.006103515625000000e-01 4.019224661633122309e-02
5.007324218750000000e-01 4.019346788935036080e-02
5.008544921875000000e-01 4.019469849397341171e-02
5.009765625000000000e-01 4.019591973919305755e-02
5.010986328125000000e-01 4.019715031288587093e-02
5.012207031250000000e-01 4.019837153029142546e-02
5.013427734375000000e-01 4.019960207306146754e-02
5.014648437500000000e-01 4.020082326260446953e-02
5.015869140625000000e-01 4.020205377446649242e-02
5.017089843750000000e-01 4.020327493610403868e-02
5.018310546875000000e-01 4.020450541707343284e-02
5.019531250000000000e-01 4.020572655077331997e-02
5.020751953125000000e-01 4.020695700084454816e-02
5.021972656250000000e-01 4.020817810658405822e-02
5.023193359375000000e-01 4.020940852576609936e-02
5.024414062500000000e-01 4.021062960349486987e-02
5.025634765625000000e-01 4.021185999180922066e-02
5.026855468750000000e-01 4.021308104147725687e-02
5.028076171875000000e-01 4.021431139892106543e-02
5.029296875000000000e-01 4.021553242050628085e-02
5.030517578125000000e-01 4.021676274709935772e-02
5.031738281250000000e-01 4.021798374055797487e-02
5.032958984375000000e-01 4.021921403629574732e-02
5.034179687500000000e-01 4.022043500160316087e-02
5.035400390625000000e-01 4.022166526648934815e-02
5.036621093750000000e-01 4.022288620361472167e-02
5.037841796875000000e-01 4.022411643764826905e-02
5.039062500000000000e-01 4.022533734654133719e-02
5.040283203125000000e-01 4.022656754975445503e-02
5.041503906250000000e-01 4.022778843036895619e-02
5.042724609375000000e-01 4.022901860277511288e-02
5.043945312500000000e-01 4.023023945508134164e-02
5.045166015625000000e-01 4.023146959666708961e-02
5.046386718750000000e-01 4.023269042063384870e-02
5.047607421875000000e-01 4.023392053141350289e-02
5.048828125000000000e-01 4.023514132700177492e-02
5.050048828125000000e-01 4.023637140698722164e-02
5.051269531250000000e-01 4.023759217416073009e-02
5.052490234375000000e-01 4.023882222334838887e-02
5.053710937500000000e-01 4.024004296207997489e-02
5.054931640625000000e-01 4.024127298047280865e-02
5.056152343750000000e-01 4.024249369070849458e-02
5.057373046875000000e-01 4.024372367833869285e-02
5.058593750000000000e-01 4.024494436004832226e-02
5.059814453125000000e-01 4.024617431691668995e-02
5.061035156250000000e-01 4.024739497005719313e-02
5.062255859375000000e-01 4.024862489615953220e-02
5.063476562500000000e-01 4.024984552070764998e-02
5.064697265625000000e-01 4.025107541606326444e-02
5.065917968750000000e-01 4.025229601196568530e-02
5.067138671875000000e-01 4.025352587657578946e-02
5.068359375000000000e-01 4.025474644381393102e-02
5.069580078125000000e-01 4.025597627768426334e-02
5.070800781250000000e-01 4.025719681619521068e-02
5.072021484375000000e-01 4.025842661935927214e-02
5.073242187500000000e-01 4.025964712911746235e-02
5.074462890625000000e-01 4.026087690155634446e-02
5.075683593750000000e-01 4.026209738254790671e-02
5.076904296875000000e-01 4.026332712426020782e-02
5.078125000000000000e-01 4.026454757642843052e-02
5.079345703125000000e-01 4.026577728743983842e-02
5.080566406250000000e-01 4.026699771074819523e-02
5.081787109375000000e-01 4.026822739107083216e-02
5.083007812500000000e-01 4.026944778548117998e-02
5.084228515625000000e-01 4.027067743510326370e-02
5.085449218750000000e-01 4.027189780058316321e-02
5.086669921875000000e-01 4.027312741952711328e-02
5.087890625000000000e-01 4.027434775604628314e-02
5.089111328125000000e-01 4.027557734431887193e-02
5.090332031250000000e-01 4.027679765182656801e-02
5.091552734375000000e-01 4.027802720944144432e-02
5.092773437500000000e-01 4.027924748790027293e-02
5.093994140625000000e-01 4.028047701484715332e-02
5.095214843750000000e-01 4.028169726423451447e-02
5.096435546875000000e-01 4.028292676053374377e-02
5.097656250000000000e-01 4.028414698080373668e-02
5.098876953125000000e-01 4.028537644646640326e-02
5.100097656250000000e-01 4.028659663757694354e-02
5.101318359375000000e-01 4.028782607260025794e-02
5.102539062500000000e-01 4.028904623452800315e-02
5.103759765625000000e-01 4.029027563892528807e-02
5.104980468750000000e-01 4.029149577161761364e-02
5.106201171875000000e-01 4.029272514540675060e-02
5.107421875000000000e-01 4.029394524882337625e-02
5.108642578125000000e-01 4.029517459200733509e-02
5.109863281250000000e-01 4.029639466612915111e-02
5.111083984375000000e-01 4.029762397870252644e-02
5.112304687500000000e-01 4.029884402348866967e-02
5.113525390625000000e-01 4.030007330547930727e-02
5.114746093750000000e-01 4.030129332088690230e-02
5.115966796875000000e-01 4.030252257227837781e-02
5.117187500000000000e-01 4.030374255828263891e-02
5.118408203125000000e-01 4.030497177909699025e-02
5.119628906250000000e-01 4.030619173564145563e-02
5.120849609375000000e-01 4.030742092589435083e-02
5.122070312500000000e-01 4.030864085294977306e-02
5.123291015625000000e-01 4.030987001262832659e-02
5.124511718750000000e-01 4.031108991017333387e-02
5.125732421875000000e-01 4.031231903929431010e-02
5.126953125000000000e-01 4.031353890726756262e-02
5.128173828125000000e-01 4.031476800587688314e-02
5.129394531250000000e-01 4.031598784424319376e-02
5.130615234375000000e-01 4.031721691225203380e-02
5.131835937500000000e-01 4.031843672102705667e-02
5.133056640625000000e-01 4.031966575853064561e-02
5.134277343750000000e-01 4.032088553763328587e-02
5.135498046875000000e-01 4.032211454458673600e-02
5.136718750000000000e-01 4.032333429393504531e-02
5.137939453125000000e-01 4.032456327044351557e-02
5.139160156250000000e-01 4.032578299005334238e-02
5.140380859375000000e-01 4.032701193602198503e-02
5.141601562500000000e-01 4.032823162584911469e-02
5.142822265625000000e-01 4.032946054131389402e-02
5.144042968750000000e-01 4.033068020132637987e-02
5.145263671875000000e-01 4.033190908631113097e-02
5.146484375000000000e-01 4.033312871646652087e-02
5.147705078125000000e-01 4.033435757096344443e-02
5.148925781250000000e-01 4.033557717121785680e-02
5.150146484375000000e-01 4.033680599523321864e-02
5.151367187500000000e-01 4.033802556557271324e-02
5.152587890625000000e-01 4.033925435912268098e-02
5.153808593750000000e-01 4.034047389948641760e-02
5.155029296875000000e-01 4.034170266257762483e-02
5.156250000000000000e-01 4.034292217293336535e-02
5.157470703125000000e-01 4.034415090557939843e-02
5.158691406250000000e-01 4.034537038588167923e-02
5.159912109375000000e-01 4.034659908808428674e-02
5.161132812500000000e-01 4.034781853831316545e-02
5.162353515625000000e-01 4.034904721008215900e-02
5.163574218750000000e-01 4.035026663018452531e-02
5.164794921875000000e-01 4.035149527154745924e-02
5.166015625000000000e-01 4.035271466147052205e-02
5.167236328125000000e-01 4.035394327242412815e-02
5.168457031250000000e-01 4.035516263216573640e-02
5.169677734375000000e-01 4.035639121269790630e-02
5.170898437500000000e-01 4.035761054221202043e-02
5.172119140625000000e-01 4.035883909233625028e-02
5.173339843750000000e-01 4.036005839158375574e-02
5.174560546875000000e-01 4.036128691131539437e-02
5.175781250000000000e-01 4.036250618026507309e-02
5.177001953125000000e-01 4.036373466961409168e-02
5.178222656250000000e-01 4.036495390822174290e-02
5.179443359375000000e-01 4.036618236719312358e-02
5.180664062500000000e-01 4.036740157539970425e-02
5.181884765625000000e-01 4.036863000401353513e-02
5.183105468750000000e-01 4.036984918180434173e-02
5.184326171875000000e-01 4.037107758006207303e-02
5.185546875000000000e-01 4.037229672740495767e-02
5.186767578125000000e-01 4.037352509530114930e-02
5.187988281250000000e-01 4.037474421214982956e-02
5.189208984375000000e-01 4.037597254970356347e-02
5.190429687500000000e-01 4.037719163603140787e-02
5.191650390625000000e-01 4.037841994323694561e-02
5.192871093750000000e-01 4.037963899899921216e-02
5.194091796875000000e-01 4.038086727588529462e-02
5.195312500000000000e-01 4.038208630102945590e-02
5.196533203125000000e-01 4.038331454760629019e-02
5.197753906250000000e-01 4.038453354211003071e-02
5.198974609375000000e-01 4.038576175837949034e-02
5.200195312500000000e-01 4.038698072218750018e-02
5.201416015625000000e-01 4.038820890817026305e-02
5.202636718750000000e-01 4.038942784125908875e-02
5.203857421875000000e-01 4.039065599694364322e-02
5.205078125000000000e-01 4.039187489927548863e-02
5.206298828125000000e-01 4.039310302467619129e-02
5.207519531250000000e-01 4.039432189621156022e-02
5.208740234375000000e-01 4.039554999134956775e-02
5.209960937500000000e-01 4.039676883205141344e-02
5.211181640625000000e-01 4.039799689691728202e-02
5.212402343750000000e-01 4.039921570675117368e-02
5.213623046875000000e-01 4.040044374135852434e-02
5.214843750000000000e-01 4.040166252026783367e-02
5.216064453125000000e-01 4.040289052464478975e-02
5.217285156250000000e-01 4.040410927260994212e-02
5.218505859375000000e-01 4.040533724674052335e-02
5.219726562500000000e-01 4.040655596372581121e-02
5.220947265625000000e-01 4.040778390762668482e-02
5.222167968750000000e-01 4.040900259357643048e-02
5.223388671875000000e-01 4.041023050727250709e-02
5.224609375000000000e-01 4.041144916214468863e-02
5.225830078125000000e-01 4.041267704563085428e-02
5.227050781250000000e-01 4.041389566940755546e-02
5.228271484375000000e-01 4.041512352269274744e-02
5.229492187500000000e-01 4.041634211533796928e-02
5.230712890625000000e-01 4.041756993842825219e-02
5.231933593750000000e-01 4.041878849989041789e-02
5.233154296875000000e-01 4.042001629279930869e-02
5.234375000000000000e-01 4.042123482303969229e-02
5.235595703125000000e-01 4.042246258578374718e-02
5.236816406250000000e-01 4.042368108476749461e-02
5.238037109375000000e-01 4.042490881734700503e-02
5.239257812500000000e-01 4.042612728502739672e-02
5.240478515625000000e-01 4.042735498744834399e-02
5.241699218750000000e-01 4.042857342381071112e-02
5.242919921875000000e-01 4.042980109608415584e-02
5.244140625000000000e-01 4.043101950106388343e-02
5.245361328125000000e-01 4.043224714320932389e-02
5.246582031250000000e-01 4.043346551678411727e-02
5.247802734375000000e-01 4.043469312880525884e-02
5.249023437500000000e-01 4.043591147093187482e-02
5.250244140625000000e-01 4.043713905283186777e-02
5.251464843750000000e-01 4.043835736346283738e-02
5.252685546875000000e-01 4.043958491525970200e-02
5.253906250000000000e-01 4.044080319436926807e-02
5.255126953125000000e-01 4.044203071606061045e-02
5.256347656250000000e-01 4.044324896360949190e-02
5.257568359375000000e-01 4.044447645521447726e-02
5.258789062500000000e-01 4.044569467115248507e-02
5.260009765625000000e-01 4.044692213268418629e-02
5.261230468750000000e-01 4.044814031697434309e-02
5.262451171875000000e-01 4.044936774845098171e-02
5.263671875000000000e-01 4.045058590105421459e-02
5.264892578125000000e-01 4.045181330246384876e-02
5.266113281250000000e-01 4.045303142334750329e-02
5.267333984375000000e-01 4.045425879471292036e-02
5.268554687500000000e-01 4.045547688383419743e-02
5.269775390625000000e-01 4.045670422516123299e-02
5.270996093750000000e-01 4.045792228248003275e-02
5.272216796875000000e-01 4.045914959377644449e-02
5.273437500000000000e-01 4.046036761925937697e-02
5.274658203125000000e-01 4.046159490053843899e-02
5.275878906250000000e-01 4.046281289414822152e-02
5.277099609375000000e-01 4.046404014542974437e-02
5.278320312500000000e-01 4.046525810710073501e-02
5.279541015625000000e-01 4.046648532837859857e-02
5.280761718750000000e-01 4.046770325809316560e-02
5.281982421875000000e-01 4.046893044939208622e-02
5.283203125000000000e-01 4.047014834711740866e-02
5.284423828125000000e-01 4.047137550844536608e-02
5.285644531250000000e-01 4.047259337411102109e-02
5.286865234375000000e-01 4.047382050547036064e-02
5.288085937500000000e-01 4.047503833906921505e-02
5.289306640625000000e-01 4.047626544046689645e-02
5.290527343750000000e-01 4.047748324196496356e-02
5.291748046875000000e-01 4.047871031340894571e-02
5.292968750000000000e-01 4.047992808273890436e-02
5.294189453125000000e-01 4.048115512426228579e-02
5.295410156250000000e-01 4.048237286138965663e-02
5.296630859375000000e-01 4.048359987298068285e-02
5.297851562500000000e-01 4.048481757787471269e-02
5.299072265625000000e-01 4.048604455957038883e-02
5.300292968750000000e-01 4.048726223216347203e-02
5.301513671875000000e-01 4.048848918396220908e-02
5.302734375000000000e-01 4.048970682425259010e-02
5.303955078125000000e-01 4.049093374615133495e-02
5.305175781250000000e-01 4.049215135410145355e-02
5.306396484375000000e-01 4.049337824610488301e-02
5.307617187500000000e-01 4.049459582163331128e-02
5.308837890625000000e-01 4.049582268378318362e-02
5.310058593750000000e-01 4.049704022688653537e-02
5.311279296875000000e-01 4.049826705915681585e-02
5.312500000000000000e-01 4.049948456980152073e-02
5.313720703125000000e-01 4.050071137223396067e-02
5.314941406250000000e-01 4.050192885031370787e-02
5.316162109375000000e-01 4.050315562298287264e-02
5.317382812500000000e-01 4.050437306845330876e-02
5.318603515625000000e-01 4.050559981128013659e-02
5.319824218750000000e-01 4.050681722419556541e-02
5.321044921875000000e-01 4.050804393716245233e-02
5.322265625000000000e-01 4.050926131747032560e-02
5.323486328125000000e-01 4.051048800063843103e-02
5.324707031250000000e-01 4.051170534824341529e-02
5.325927734375000000e-01 4.051293200165004965e-02
5.327148437500000000e-01 4.051414931652206480e-02
5.328369140625000000e-01 4.051537594012939725e-02
5.329589843750000000e-01 4.051659322224147874e-02
5.330810546875000000e-01 4.051781981609647171e-02
5.332031250000000000e-01 4.051903706539545374e-02
5.333251953125000000e-01 4.052026362950671839e-02
5.334472656250000000e-01 4.052148084594832389e-02
5.335693359375000000e-01 4.052270738031399366e-02
5.336914062500000000e-01 4.052392456387851616e-02
5.338134765625000000e-01 4.052515106850790999e-02
5.339355468750000000e-01 4.052636821913968568e-02
5.340576171875000000e-01 4.052759469404414866e-02
5.341796875000000000e-01 4.052881181172842545e-02
5.343017578125000000e-01 4.053003825692493012e-02
5.344238281250000000e-01 4.053125534157764331e-02
5.345458984375000000e-01 4.053248175708792228e-02
5.346679687500000000e-01 4.053369880868677722e-02
5.347900390625000000e-01 4.053492519451000475e-02
5.349121093750000000e-01 4.053614221302212495e-02
5.350341796875000000e-01 4.053736856918911668e-02
5.351562500000000000e-01 4.053858555453664775e-02
5.352783203125000000e-01 4.053981188105089395e-02
5.354003906250000000e-01 4.054102883323054685e-02
5.355224609375000000e-01 4.054225513009881293e-02
5.356445312500000000e-01 4.054347204905629776e-02
5.357666015625000000e-01 4.054469831629530646e-02
5.358886718750000000e-01 4.054591520198110033e-02
5.360107421875000000e-01 4.054714143960845563e-02
5.361328125000000000e-01 4.054835829198909225e-02
5.362548828125000000e-01 4.054958450001111547e-02
5.363769531250000000e-01 4.055080131903889690e-02
5.364990234375000000e-01 4.055202749747953417e-02
5.366210937500000000e-01 4.055324428310226603e-02
5.367431640625000000e-01 4.055447043197242529e-02
5.368652343750000000e-01 4.055568718416719537e-02
5.369873046875000000e-01 4.055691330346109652e-02
5.371093750000000000e-01 4.055813002217368429e-02
5.372314453125000000e-01 4.055935611193172557e-02
5.373535156250000000e-01 4.056057279711282326e-02
5.374755859375000000e-01 4.056179885733288137e-02
5.375976562500000000e-01 4.056301550895641261e-02
5.377197265625000000e-01 4.056424153964838242e-02
5.378417968750000000e-01 4.056545815766031404e-02
5.379638671875000000e-01 4.056668415885431728e-02
5.380859375000000000e-01 4.056790074321410533e-02
5.382080078125000000e-01 4.056912671490416761e-02
5.383300781250000000e-01 4.057034326558144055e-02
5.384521484375000000e-01 4.057156920779879383e-02
5.385742187500000000e-01 4.057278572471705730e-02
5.386962890625000000e-01 4.057401163746258976e-02
5.388183593750000000e-01 4.057522812062750589e-02
5.389404296875000000e-01 4.057645400390869767e-02
5.390625000000000000e-01 4.057767045324159327e-02
5.391845703125000000e-01 4.057889630709295842e-02
5.393066406250000000e-01 4.058011272255755697e-02
5.394287109375000000e-01 4.058133854697419662e-02
5.395507812500000000e-01 4.058255492854242336e-02
5.396728515625000000e-01 4.058378072354414112e-02
5.397949218750000000e-01 4.058499707114589239e-02
5.399169921875000000e-01 4.058622283676829867e-02
5.400390625000000000e-01 4.058743915035722266e-02
5.401611328125000000e-01 4.058866488659921418e-02
5.402832031250000000e-01 4.058988116614762470e-02
5.404052734375000000e-01 4.059110687302727727e-02
5.405273437500000000e-01 4.059232311848633146e-02
5.406494140625000000e-01 4.059354879601397015e-02
5.407714843750000000e-01 4.059476500733671944e-02
5.408935546875000000e-01 4.059599065553583241e-02
5.410156250000000000e-01 4.059720683268314145e-02
5.411376953125000000e-01 4.059843245156249947e-02
5.412597656250000000e-01 4.059964859447306312e-02
5.413818359375000000e-01 4.060087418405488452e-02
5.415039062500000000e-01 4.060209029270708120e-02
5.416259765625000000e-01 4.060331585299650770e-02
5.417480468750000000e-01 4.060453192733774752e-02
5.418701171875000000e-01 4.060575745834421602e-02
5.419921875000000000e-01 4.060697349833072844e-02
5.421142578125000000e-01 4.060819900008291045e-02
5.422363281250000000e-01 4.060941500566499218e-02
5.423583984375000000e-01 4.061064047817205397e-02
5.424804687500000000e-01 4.061185644931320643e-02
5.426025390625000000e-01 4.061308189259729695e-02
5.427246093750000000e-01 4.061429782924320941e-02
5.428466796875000000e-01 4.061552324331381414e-02
5.429687500000000000e-01 4.061673914541815561e-02
5.430908203125000000e-01 4.061796453030670773e-02
5.432128906250000000e-01 4.061918039781928225e-02
5.433349609375000000e-01 4.062040575351576893e-02
5.434570312500000000e-01 4.062162158641011850e-02
5.435791015625000000e-01 4.062284691295103140e-02
5.437011718750000000e-01 4.062406271117297019e-02
5.438232421875000000e-01 4.062528800856586575e-02
5.439453125000000000e-01 4.062650377206131203e-02
5.440673828125000000e-01 4.062772904033925409e-02
5.441894531250000000e-01 4.062894476904228835e-02
5.443115234375000000e-01 4.063017000821874530e-02
5.444335937500000000e-01 4.063138570211372036e-02
5.445556640625000000e-01 4.063261091220279897e-02
5.446777343750000000e-01 4.063382657122441288e-02
5.447998046875000000e-01 4.063505175224025462e-02
5.449218750000000000e-01 4.063626737634852548e-02
5.450439453125000000e-01 4.063749252830506364e-02
5.451660156250000000e-01 4.063870811746522760e-02
5.452880859375000000e-01 4.063993324039311128e-02
5.454101562500000000e-01 4.064114879453754881e-02
5.455322265625000000e-01 4.064237388843506410e-02
5.456542968750000000e-01 4.064358940754950189e-02
5.457763671875000000e-01 4.064481447242355300e-02
5.458984375000000000e-01 4.064602995643885885e-02
5.460205078125000000e-01 4.064725499234461692e-02
5.461425781250000000e-01 4.064847044120366987e-02
5.462646484375000000e-01 4.064969544813119839e-02
5.463867187500000000e-01 4.065091086179901947e-02
5.465087890625000000e-01 4.065213583978470602e-02
5.466308593750000000e-01 4.065335121820856656e-02
5.467529296875000000e-01 4.065457616727261025e-02
5.468750000000000000e-01 4.065579151038950512e-02
5.469970703125000000e-01 4.065701643055568554e-02
5.471191406250000000e-01 4.065823173833584686e-02
5.472412109375000000e-01 4.065945662959626755e-02
5.473632812500000000e-01 4.066067190199733339e-02
5.474853515625000000e-01 4.066189676438924233e-02
5.476074218750000000e-01 4.066311200133515547e-02
5.477294921875000000e-01 4.066433683488265838e-02
5.478515625000000000e-01 4.066555203635454502e-02
5.479736328125000000e-01 4.066677684106381058e-02
5.480957031250000000e-01 4.066799200700173950e-02
5.482177734375000000e-01 4.066921678288467484e-02
5.483398437500000000e-01 4.067043191324703350e-02
5.484619140625000000e-01 4.067165666034587568e-02
5.485839843750000000e-01 4.067287175506215102e-02
5.487060546875000000e-01 4.067409647338286749e-02
5.488281250000000000e-01 4.067531153242453373e-02
5.489501953125000000e-01 4.067653622197961449e-02
5.490722656250000000e-01 4.067775124529746794e-02
5.491943359375000000e-01 4.067897590612672143e-02
5.493164062500000000e-01 4.068019089365366991e-02
5.494384765625000000e-01 4.068141552576914899e-02
5.495605468750000000e-01 4.068263047746046440e-02
5.496826171875000000e-01 4.068385508089265856e-02
5.498046875000000000e-01 4.068506999670629121e-02
5.499267578125000000e-01 4.068629457145583883e-02
5.500488281250000000e-01 4.068750945133554897e-02
5.501708984375000000e-01 4.068873399743655472e-02
5.502929687500000000e-01 4.068994884132317441e-02
5.504150390625000000e-01 4.069117335880796660e-02
5.505371093750000000e-01 4.069238816665425584e-02
5.506591796875000000e-01 4.069361265553275708e-02
5.507812500000000000e-01 4.069482742729837316e-02
5.509033203125000000e-01 4.069605188758955439e-02
5.510253906250000000e-01 4.069726662321281746e-02
5.511474609375000000e-01 4.069849105493524716e-02
5.512695312500000000e-01 4.069970575437865251e-02
5.513916015625000000e-01 4.070093015755188448e-02
5.515136718750000000e-01 4.070214482076067036e-02
5.516357421875000000e-01 4.070336919542136278e-02
5.517578125000000000e-01 4.070458382231587069e-02
5.518798828125000000e-01 4.070580816849492245e-02
5.520019531250000000e-01 4.070702275904464207e-02
5.521240234375000000e-01 4.070824707673993681e-02
5.522460937500000000e-01 4.070946163091147818e-02
5.523681640625000000e-01 4.071068592014341625e-02
5.524902343750000000e-01 4.071190043785781476e-02
5.526123046875000000e-01 4.071312469867455902e-02
5.527343750000000000e-01 4.071433917987651863e-02
5.528564453125000000e-01 4.071556341228579901e-02
5.529785156250000000e-01 4.071677785695192869e-02
5.531005859375000000e-01 4.071800206097872521e-02
5.532226562500000000e-01 4.071921646902175451e-02
5.533447265625000000e-01 4.072044064469205332e-02
5.534667968750000000e-01 4.072165501607169502e-02
5.535888671875000000e-01 4.072287916341624930e-02
5.537109375000000000e-01 4.072409349808610302e-02
5.538330078125000000e-01 4.072531761710590503e-02
5.539550781250000000e-01 4.072653191501779402e-02
5.540771484375000000e-01 4.072775600575075095e-02
5.541992187500000000e-01 4.072897026682514160e-02
5.543212890625000000e-01 4.073019432930734263e-02
5.544433593750000000e-01 4.073140855351105316e-02
5.545654296875000000e-01 4.073263258776169821e-02
5.546875000000000000e-01 4.073384677501758894e-02
5.548095703125000000e-01 4.073507078105934043e-02
5.549316406250000000e-01 4.073628493133744227e-02
5.550537109375000000e-01 4.073750890919770190e-02
5.551757812500000000e-01 4.073872302243052718e-02
5.552978515625000000e-01 4.073994697212984101e-02
5.554199218750000000e-01 4.074116104825931117e-02
5.555419921875000000e-01 4.074238496982551111e-02
5.556640625000000000e-01 4.074359900880225593e-02
5.557861328125000000e-01 4.074482290226954379e-02
5.559082031250000000e-01 4.074603690402724826e-02
5.560302734375000000e-01 4.074726076942020159e-02
5.561523437500000000e-01 4.074847473390373620e-02
5.562744140625000000e-01 4.074969857126213568e-02
5.563964843750000000e-01 4.075091249842095753e-02
5.565185546875000000e-01 4.075213630774550400e-02
5.566406250000000000e-01 4.075335019752677340e-02
5.567626953125000000e-01 4.075457397885197397e-02
5.568847656250000000e-01 4.075578783120063081e-02
5.570068359375000000e-01 4.075701158453448603e-02
5.571289062500000000e-01 4.075822539939630978e-02
5.572509765625000000e-01 4.075944912480880533e-02
5.573730468750000000e-01 4.076066290211950716e-02
5.574951171875000000e-01 4.076188659960809646e-02
5.576171875000000000e-01 4.076310033929436694e-02
5.577392578125000000e-01 4.076432400890753899e-02
5.578613281250000000e-01 4.076553771093638368e-02
5.579833984375000000e-01 4.076676135268479662e-02
5.581054687500000000e-01 4.076797501699155890e-02
5.582275390625000000e-01 4.076919863090958801e-02
5.583496093750000000e-01 4.077041225743255337e-02
5.584716796875000000e-01 4.077163584355279757e-02
5.585937500000000000e-01 4.077284943221903823e-02
5.587158203125000000e-01 4.077407299057713569e-02
5.588378906250000000e-01 4.077528654135315067e-02
5.589599609375000000e-01 4.077651007196735761e-02
5.590820312500000000e-01 4.077772358478175263e-02
5.592041015625000000e-01 4.077894708767705600e-02
5.593261718750000000e-01 4.078016056246835247e-02
5.594482421875000000e-01 4.078138403768966080e-02
5.595703125000000000e-01 4.078259747440591415e-02
5.596923828125000000e-01 4.078382092197641029e-02
5.598144531250000000e-01 4.078503432052869165e-02
5.599365234375000000e-01 4.078625774048903058e-02
5.600585937500000000e-01 4.078747110085417793e-02
5.601806640625000000e-01 4.078869449322398283e-02
5.603027343750000000e-01 4.078990781531821597e-02
5.604248046875000000e-01 4.079113118013216743e-02
5.605468750000000000e-01 4.079234446390289648e-02
5.606689453125000000e-01 4.079356780120236420e-02
5.607910156250000000e-01 4.079478104657462134e-02
5.609130859375000000e-01 4.079600435638908174e-02
5.610351562500000000e-01 4.079721756331856908e-02
5.611572265625000000e-01 4.079844084566384976e-02
5.612792968750000000e-01 4.079965401408847114e-02
5.614013671875000000e-01 4.080087726901301948e-02
5.615234375000000000e-01 4.080209039885429601e-02
5.616455078125000000e-01 4.080331362638209974e-02
5.617675781250000000e-01 4.080452671758905137e-02
5.618896484375000000e-01 4.080574991776596966e-02
5.620117187500000000e-01 4.080696297026767394e-02
5.621337890625000000e-01 4.080818614313131559e-02
5.622558593750000000e-01 4.080939915687601532e-02
5.623779296875000000e-01 4.081062230242834404e-02
5.625000000000000000e-01 4.081183527734005834e-02
5.626220703125000000e-01 4.081305839564018656e-02
5.627441406250000000e-01 4.081427133166050381e-02
5.628662109375000000e-01 4.081549442274286926e-02
5.629882812500000000e-01 4.081670731980828470e-02
5.631103515625000000e-01 4.081793038371144683e-02
5.632324218750000000e-01 4.081914324175678344e-02
5.633544921875000000e-01 4.082036627849480737e-02
5.634765625000000000e-01 4.082157909746625402e-02
5.635986328125000000e-01 4.082280210708427726e-02
5.637207031250000000e-01 4.082401488690062114e-02
5.638427734375000000e-01 4.082523786943553779e-02
5.639648437500000000e-01 4.082645061002705689e-02
5.640869140625000000e-01 4.082767356554277416e-02
5.642089843750000000e-01 4.082888626684771927e-02
5.643310546875000000e-01 4.083010919535112748e-02
5.644531250000000000e-01 4.083132185729938107e-02
5.645751953125000000e-01 4.083254475883180135e-02
5.646972656250000000e-01 4.083375738137442340e-02
5.648193359375000000e-01 4.083498025597669806e-02
5.649414062500000000e-01 4.083619283901498975e-02
5.650634765625000000e-01 4.083741568674041644e-02
5.651855468750000000e-01 4.083862823022674227e-02
5.653076171875000000e-01 4.083985105108239866e-02
5.654296875000000000e-01 4.084106355495754903e-02
5.655517578125000000e-01 4.084228634900763377e-02
5.656738281250000000e-01 4.084349881318098674e-02
5.657958984375000000e-01 4.084472158045751589e-02
5.659179687500000000e-01 4.084593400487013942e-02
5.660400390625000000e-01 4.084715674541721658e-02
5.661621093750000000e-01 4.084836912998901504e-02
5.662841796875000000e-01 4.084959184385537206e-02
5.664062500000000000e-01 4.085080418851683853e-02
5.665283203125000000e-01 4.085202687571806018e-02
5.666503906250000000e-01 4.085323918041959546e-02
5.667724609375000000e-01 4.085446184101492600e-02
5.668945312500000000e-01 4.085567410567036983e-02
5.670166015625000000e-01 4.085689673967940472e-02
5.671386718750000000e-01 4.085810896422796545e-02
5.672607421875000000e-01 4.085933157171732499e-02
5.673828125000000000e-01 4.086054375608464545e-02
5.675048828125000000e-01 4.086176633708264033e-02
5.676269531250000000e-01 4.086297848117893122e-02
5.677490234375000000e-01 4.086420103574620738e-02
5.678710937500000000e-01 4.086541313950318305e-02
5.679931640625000000e-01 4.086663566766900180e-02
5.681152343750000000e-01 4.086784773103147722e-02
5.682373046875000000e-01 4.086907023284276630e-02
5.683593750000000000e-01 4.087028225572279794e-02
5.684814453125000000e-01 4.087150473121645838e-02
5.686035156250000000e-01 4.087271671355359459e-02
5.687255859375000000e-01 4.087393916277341777e-02
5.688476562500000000e-01 4.087515110447656475e-02
5.689697265625000000e-01 4.087637352748964975e-02
5.690917968750000000e-01 4.087758542847972493e-02
5.692138671875000000e-01 4.087880782531781720e-02
5.693359375000000000e-01 4.088001968553799104e-02
5.694580078125000000e-01 4.088124205623490381e-02
5.695800781250000000e-01 4.088245387560125732e-02
5.697021484375000000e-01 4.088367622022488768e-02
5.698242187500000000e-01 4.088488799866679679e-02
5.699462890625000000e-01 4.088611031725169348e-02
5.700683593750000000e-01 4.088732205467558722e-02
5.701904296875000000e-01 4.088854434726939269e-02
5.703125000000000000e-01 4.088975604362088401e-02
5.704345703125000000e-01 4.089097831027180274e-02
5.705566406250000000e-01 4.089218996545567614e-02
5.706787109375000000e-01 4.089341220621797723e-02
5.708007812500000000e-01 4.089462382015396358e-02
5.709228515625000000e-01 4.089584603507506744e-02
5.710449218750000000e-01 4.089705760768869852e-02
5.711669921875000000e-01 4.089827979682243014e-02
5.712890625000000000e-01 4.089949132803381848e-02
5.714111328125000000e-01 4.090071349142316431e-02
5.715332031250000000e-01 4.090192498115202691e-02
5.716552734375000000e-01 4.090314711884511512e-02
5.717773437500000000e-01 4.090435856702495654e-02
5.718994140625000000e-01 4.090558067908074691e-02
5.720214843750000000e-01 4.090679208560625557e-02
5.721435546875000000e-01 4.090801417207008683e-02
5.722656250000000000e-01 4.090922553687904861e-02
5.723876953125000000e-01 4.091044759780727152e-02
5.725097656250000000e-01 4.091165892080519950e-02
5.726318359375000000e-01 4.091288095625209009e-02
5.727539062500000000e-01 4.091409223736335032e-02
5.728759765625000000e-01 4.091531424738949207e-02
5.729980468750000000e-01 4.091652548650582394e-02
5.731201171875000000e-01 4.091774747115602129e-02
5.732421875000000000e-01 4.091895866821863154e-02
5.733642578125000000e-01 4.092018062755928276e-02
5.734863281250000000e-01 4.092139178247855558e-02
5.736083984375000000e-01 4.092261371654384861e-02
5.737304687500000000e-01 4.092382482924331738e-02
5.738525390625000000e-01 4.092504673809956028e-02
5.739746093750000000e-01 4.092625780848111600e-02
5.740966796875000000e-01 4.092747969218815673e-02
5.742187500000000000e-01 4.092869072015920678e-02
5.743408203125000000e-01 4.092991257877697658e-02
5.744628906250000000e-01 4.093112356427455051e-02
5.745849609375000000e-01 4.093234539783312254e-02
5.747070312500000000e-01 4.093355634075240834e-02
5.748291015625000000e-01 4.093477814934956549e-02
5.749511718750000000e-01 4.093598904959250273e-02
5.750732421875000000e-01 4.093721083327761523e-02
5.751953125000000000e-01 4.093842169077051979e-02
5.753173828125000000e-01 4.093964344958171686e-02
5.754394531250000000e-01 4.094085426422840179e-02
5.755615234375000000e-01 4.094207599825895605e-02
5.756835937500000000e-01 4.094328676997169986e-02
5.758056640625000000e-01 4.094450847926105197e-02
5.759277343750000000e-01 4.094571920794698450e-02
5.760498046875000000e-01 4.094694089255043051e-02
5.761718750000000000e-01 4.094815157810545447e-02
5.762939453125000000e-01 4.094937323809755281e-02
5.764160156250000000e-01 4.095058388046577541e-02
5.765380859375000000e-01 4.095180551592738499e-02
5.766601562500000000e-01 4.095301611495043292e-02
5.767822265625000000e-01 4.095423772593646122e-02
5.769042968750000000e-01 4.095544828157766937e-02
5.770263671875000000e-01 4.095666986811950794e-02
5.771484375000000000e-01 4.095788038027128874e-02
5.772705078125000000e-01 4.095910194245869218e-02
5.773925781250000000e-01 4.096031241101846104e-02
5.775146484375000000e-01 4.096153394891876437e-02
5.776367187500000000e-01 4.096274437380285904e-02
5.777587890625000000e-01 4.096396588747962947e-02
5.778808593750000000e-01 4.096517626858222488e-02
5.780029296875000000e-01 4.096639775811103390e-02
5.781250000000000000e-01 4.096760809531895670e-02
5.782470703125000000e-01 4.096882956076332294e-02
5.783691406250000000e-01 4.097003985399614440e-02
5.784912109375000000e-01 4.097126129543750966e-02
5.786132812500000000e-01 4.097247154458229929e-02
5.787353515625000000e-01 4.097369296206137407e-02
5.788574218750000000e-01 4.097490316703845947e-02
5.789794921875000000e-01 4.097612456064275016e-02
5.791015625000000000e-01 4.097733472132794597e-02
5.792236328125000000e-01 4.097855609114410547e-02
5.793457031250000000e-01 4.097976620745508863e-02
5.794677734375000000e-01 4.098098755353318107e-02
5.795898437500000000e-01 4.098219762534581478e-02
5.797119140625000000e-01 4.098341894777023792e-02
5.798339843750000000e-01 4.098462897499709906e-02
5.799560546875000000e-01 4.098585027384622076e-02
5.800781250000000000e-01 4.098706025637633560e-02
5.802001953125000000e-01 4.098828153171546473e-02
5.803222656250000000e-01 4.098949146944839972e-02
5.804443359375000000e-01 4.099071272134965221e-02
5.805664062500000000e-01 4.099192261417971411e-02
5.806884765625000000e-01 4.099314384272965267e-02
5.808105468750000000e-01 4.099435369054233586e-02
5.809326171875000000e-01 4.099557489583118691e-02
5.810546875000000000e-01 4.099678469850392970e-02
5.811767578125000000e-01 4.099800588059956258e-02
5.812988281250000000e-01 4.099921563804469204e-02
5.814208984375000000e-01 4.100043679701962512e-02
5.815429687500000000e-01 4.100164650913827591e-02
5.816650390625000000e-01 4.100286764507969639e-02
5.817871093750000000e-01 4.100407731173445758e-02
5.819091796875000000e-01 4.100529842471749981e-02
5.820312500000000000e-01 4.100650804580873582e-02
5.821533203125000000e-01 4.100772913592289765e-02
5.822753906250000000e-01 4.100893871134281971e-02
5.823974609375000000e-01 4.101015977867111806e-02
5.825195312500000000e-01 4.101136930829222399e-02
5.826416015625000000e-01 4.101259035291171529e-02
5.827636718750000000e-01 4.101379983663727691e-02
5.828857421875000000e-01 4.101502085863394792e-02
5.830078125000000000e-01 4.101623029633245932e-02
5.831298828125000000e-01 4.101745129580602889e-02
5.832519531250000000e-01 4.101866068736446241e-02
5.833740234375000000e-01 4.101988166439843320e-02
5.834960937500000000e-01 4.102109100969728028e-02
5.836181640625000000e-01 4.102231196437707006e-02
5.837402343750000000e-01 4.102352126329405352e-02
5.838623046875000000e-01 4.102474219571407982e-02
5.839843750000000000e-01 4.102595144814253497e-02
5.841064453125000000e-01 4.102717235837986115e-02
5.842285156250000000e-01 4.102838156418764370e-02
5.843505859375000000e-01 4.102960245235028058e-02
5.844726562500000000e-01 4.103081161141951261e-02
5.845947265625000000e-01 4.103203247759235062e-02
5.847167968750000000e-01 4.103324158980056063e-02
5.848388671875000000e-01 4.103446243407018329e-02
5.849609375000000000e-01 4.103567149928499802e-02
5.850830078125000000e-01 4.103689232177308577e-02
5.852050781250000000e-01 4.103810133987016717e-02
5.853271484375000000e-01 4.103932214065512257e-02
5.854492187500000000e-01 4.104053111150412353e-02
5.855712890625000000e-01 4.104175189068280660e-02
5.856933593750000000e-01 4.104296081417006109e-02
5.858154296875000000e-01 4.104418157184770016e-02
5.859375000000000000e-01 4.104539044782767182e-02
5.860595703125000000e-01 4.104661118411936926e-02
5.861816406250000000e-01 4.104782001245721457e-02
5.863037109375000000e-01 4.104904072743718185e-02
5.864257812500000000e-01 4.105024950801298284e-02
5.865478515625000000e-01 4.105147020180295592e-02
5.866699218750000000e-01 4.105267893447918370e-02
5.867919921875000000e-01 4.105389960717315684e-02
5.869140625000000000e-01 4.105510829182144883e-02
5.870361328125000000e-01 4.105632894353181128e-02
5.871582031250000000e-01 4.105753757999794362e-02
5.872802734375000000e-01 4.105875821083231070e-02
5.874023437500000000e-01 4.105996679899484580e-02
5.875244140625000000e-01 4.106118740904712849e-02
5.876464843750000000e-01 4.106239594877292287e-02
5.877685546875000000e-01 4.106361653816276158e-02
5.878906250000000000e-01 4.106482502929888201e-02
5.880126953125000000e-01 4.106604559814690247e-02
5.881347656250000000e-01 4.106725404055232287e-02
5.882568359375000000e-01 4.106847458895609981e-02
5.883789062500000000e-01 4.106968298249369376e-02
5.885009765625000000e-01 4.107090351057767624e-02
5.886230468750000000e-01 4.107211185509664769e-02
5.887451171875000000e-01 4.107333236297337764e-02
5.888671875000000000e-01 4.107454065832934209e-02
5.889892578125000000e-01 4.107576114611566354e-02
5.891113281250000000e-01 4.107696939215743637e-02
5.892333984375000000e-01 4.107818985997648692e-02
5.893554687500000000e-01 4.107939805655836524e-02
5.894775390625000000e-01 4.108061850451492913e-02
5.895996093750000000e-01 4.108182665149815588e-02
5.897216796875000000e-01 4.108304707971757730e-02
5.898437500000000000e-01 4.108425517694264117e-02
5.899658203125000000e-01 4.108547558555673135e-02
5.900878906250000000e-01 4.108668363285661318e-02
5.902099609375000000e-01 4.108790402198683051e-02
5.903320312500000000e-01 4.108911201922149647e-02
5.904541015625000000e-01 4.109033238899805623e-02
5.905761718750000000e-01 4.109154033600733585e-02
5.906982421875000000e-01 4.109276068655234176e-02
5.908203125000000000e-01 4.109396858317387186e-02
5.909423828125000000e-01 4.109518891462464463e-02
5.910644531250000000e-01 4.109639676068536918e-02
5.911865234375000000e-01 4.109761707317401147e-02
5.913085937500000000e-01 4.109882486853030925e-02
5.914306640625000000e-01 4.110004516218149911e-02
5.915527343750000000e-01 4.110125290665599812e-02
5.916748046875000000e-01 4.110247318160832608e-02
5.917968750000000000e-01 4.110368087504676082e-02
5.919189453125000000e-01 4.110490113144636692e-02
5.920410156250000000e-01 4.110610877367574384e-02
5.921630859375000000e-01 4.110732901164421138e-02
5.922851562500000000e-01 4.110853660249787211e-02
5.924072265625000000e-01 4.110975682218753757e-02
5.925292968750000000e-01 4.111096436149227346e-02
5.926513671875000000e-01 4.111218456304262248e-02
5.927734375000000000e-01 4.111339205062455177e-02
5.928955078125000000e-01 4.111461223417461897e-02
5.930175781250000000e-01 4.111581966985226183e-02
5.931396484375000000e-01 4.111703983556470182e-02
5.932617187500000000e-01 4.111824721915756375e-02
5.933837890625000000e-01 4.111946736717929374e-02
5.935058593750000000e-01 4.112067469852313806e-02
5.936279296875000000e-01 4.112189482899235304e-02
5.937500000000000000e-01 4.112310210789520137e-02
5.938720703125000000e-01 4.112432222096996937e-02
5.939941406250000000e-01 4.112552944724209847e-02
5.941162109375000000e-01 4.112674954308716962e-02
5.942382812500000000e-01 4.112795671655608554e-02
5.943603515625000000e-01 4.112917679530431886e-02
5.944824218750000000e-01 4.113038391577816810e-02
5.946044921875000000e-01 4.113160397761132098e-02
5.947265625000000000e-01 4.113281104490579265e-02
5.948486328125000000e-01 4.113403108996624424e-02
5.949707031250000000e-01 4.113523810388097085e-02
5.950927734375000000e-01 4.113645813234925730e-02
5.952148437500000000e-01 4.113766509268532851e-02
5.953369140625000000e-01 4.113888510472683835e-02
5.954589843750000000e-01 4.114009201128220744e-02
5.955810546875000000e-01 4.114131200706291902e-02
5.957031250000000000e-01 4.114251885965077016e-02
5.958251953125000000e-01 4.114373883933127030e-02
5.959472656250000000e-01 4.114494563774739877e-02
5.960693359375000000e-01 4.114616560151734131e-02
5.961914062500000000e-01 4.114737234555218559e-02
5.963134765625000000e-01 4.114859229357929749e-02
5.964355468750000000e-01 4.114979898303341987e-02
5.965576171875000000e-01 4.115101891549140245e-02
5.966796875000000000e-01 4.115222555015038419e-02
5.968017578125000000e-01 4.115344546722779495e-02
5.969238281250000000e-01 4.115465204687796669e-02
5.970458984375000000e-01 4.115587194875040128e-02
5.971679687500000000e-01 4.115707847318887669e-02
5.972900390625000000e-01 4.115829836005081149e-02
5.974121093750000000e-01 4.115950482904500579e-02
5.975341796875000000e-01 4.116072470108239623e-02
5.976562500000000000e-01 4.116193111440639985e-02
5.977783203125000000e-01 4.116315097181314636e-02
5.979003906250000000e-01 4.116435732925879942e-02
5.980224609375000000e-01 4.116557717222751878e-02
5.981445312500000000e-01 4.116678347356500511e-02
5.982666015625000000e-01 4.116800330230398902e-02
5.983886718750000000e-01 4.116920954729005183e-02
5.985107421875000000e-01 4.117042936199054315e-02
5.986328125000000000e-01 4.117163555041263717e-02
5.987548828125000000e-01 4.117285535128119289e-02
5.988769531250000000e-01 4.117406148288612483e-02
5.989990234375000000e-01 4.117528127012186345e-02
5.991210937500000000e-01 4.117648734469023242e-02
5.992431640625000000e-01 4.117770711850583104e-02
5.993652343750000000e-01 4.117891313579097323e-02
5.994873046875000000e-01 4.118013289640486130e-02
5.996093750000000000e-01 4.118133885615872514e-02
5.997314453125000000e-01 4.118255860377244976e-02
5.998535156250000000e-01 4.118376450575710751e-02
5.999755859375000000e-01 4.118498424060539065e-02
6.000976562500000000e-01 4.118619008455237651e-02
6.002197265625000000e-01 4.118740980684613279e-02
6.003417968750000000e-01 4.118861559251385529e-02
6.004638671875000000e-01 4.118983530249099856e-02
6.005859375000000000e-01 4.119104102961219926e-02
6.007080078125000000e-01 4.119226072750682699e-02
6.008300781250000000e-01 4.119346639582953384e-02
6.009521484375000000e-01 4.119468608185999914e-02
6.010742187500000000e-01 4.119589169111285976e-02
6.011962890625000000e-01 4.119711136553158570e-02
6.013183593750000000e-01 4.119831691543933416e-02
6.014404296875000000e-01 4.119953657847118256e-02
6.015625000000000000e-01 4.120074206878177048e-02
6.016845703125000000e-01 4.120196172067652762e-02
6.018066406250000000e-01 4.120316715108431060e-02
6.019287109375000000e-01 4.120438679210286503e-02
6.020507812500000000e-01 4.120559216234419286e-02
6.021728515625000000e-01 4.120681179272535355e-02
6.022949218750000000e-01 4.120801710251936062e-02
6.024169921875000000e-01 4.120923672251532860e-02
6.025390625000000000e-01 4.121044197157313488e-02
6.026611328125000000e-01 4.121166158144887876e-02
6.027832031250000000e-01 4.121286676947994582e-02
6.029052734375000000e-01 4.121408636951107152e-02
6.030273437500000000e-01 4.121529149621763061e-02
6.031494140625000000e-01 4.121651108664958763e-02
6.032714843750000000e-01 4.121771615171008346e-02
6.033935546875000000e-01 4.121893573285496243e-02
6.035156250000000000e-01 4.122014073598306849e-02
6.036376953125000000e-01 4.122136030809728235e-02
6.037597656250000000e-01 4.122256524897347646e-02
6.038818359375000000e-01 4.122378481233740510e-02
6.040039062500000000e-01 4.122498969063827234e-02
6.041259765625000000e-01 4.122620924555216865e-02
6.042480468750000000e-01 4.122741406096790129e-02
6.043701171875000000e-01 4.122863360770481073e-02
6.044921875000000000e-01 4.122983835991645557e-02
6.046142578125000000e-01 4.123105789878882960e-02
6.047363281250000000e-01 4.123226258745546491e-02
6.048583984375000000e-01 4.123348211875806774e-02
6.049804687500000000e-01 4.123468674357668590e-02
6.051025390625000000e-01 4.123590626759692651e-02
6.052246093750000000e-01 4.123711082821626683e-02
6.053466796875000000e-01 4.123833034528846808e-02
6.054687500000000000e-01 4.123953484133330294e-02
6.055908203125000000e-01 4.124075435179405669e-02
6.057128906250000000e-01 4.124195878292511580e-02
6.058349609375000000e-01 4.124317828705625910e-02
6.059570312500000000e-01 4.124438265293617345e-02
6.060791015625000000e-01 4.124560215109364381e-02
6.062011718750000000e-01 4.124680645134720658e-02
6.063232421875000000e-01 4.124802594385452298e-02
6.064453125000000000e-01 4.124923017812065495e-02
6.065673828125000000e-01 4.125044966532091101e-02
6.066894531250000000e-01 4.125165383322119267e-02
6.068115234375000000e-01 4.125287331546810543e-02
6.069335937500000000e-01 4.125407741663218719e-02
6.070556640625000000e-01 4.125529689425400104e-02
6.071777343750000000e-01 4.125650092827911480e-02
6.072998046875000000e-01 4.125772040166372778e-02
6.074218750000000000e-01 4.125892436817936437e-02
6.075439453125000000e-01 4.126014383767161869e-02
6.076660156250000000e-01 4.126134773627086055e-02
6.077880859375000000e-01 4.126256720223411140e-02
6.079101562500000000e-01 4.126377103252322487e-02
6.080322265625000000e-01 4.126499049536067748e-02
6.081542968750000000e-01 4.126619425690860460e-02
6.082763671875000000e-01 4.126741371699345351e-02
6.083984375000000000e-01 4.126861740938577577e-02
6.085205078125000000e-01 4.126983686711821475e-02
6.086425781250000000e-01 4.127104048993483765e-02
6.087646484375000000e-01 4.127225994568884532e-02
6.088867187500000000e-01 4.127346349850158358e-02
6.090087890625000000e-01 4.127468295270968202e-02
6.091308593750000000e-01 4.127588643507090760e-02
6.092529296875000000e-01 4.127710588812862069e-02
6.093750000000000000e-01 4.127830929960481926e-02
6.094970703125000000e-01 4.127952875194129678e-02
6.096191406250000000e-01 4.128073209205938843e-02
6.097412109375000000e-01 4.128195154411726936e-02
6.098632812500000000e-01 4.128315481241022489e-02
6.099853515625000000e-01 4.128437426460229015e-02
6.101074218750000000e-01 4.128557746062674894e-02
6.102294921875000000e-01 4.128679691339667834e-02
6.103515625000000000e-01 4.128800003666917989e-02
6.104736328125000000e-01 4.128921949047960338e-02
6.105957031250000000e-01 4.129042254049780647e-02
6.107177734375000000e-01 4.129164199580734329e-02
6.108398437500000000e-01 4.129284497208012689e-02
6.109619140625000000e-01 4.129406442936762317e-02
6.110839843750000000e-01 4.129526733138171729e-02
6.112060546875000000e-01 4.129648679113087639e-02
6.113281250000000000e-01 4.129768961838359981e-02
6.114501953125000000e-01 4.129890908106989555e-02
6.115722656250000000e-01 4.130011183303059635e-02
6.116943359375000000e-01 4.130133129916371826e-02
6.118164062500000000e-01 4.130253397530297965e-02
6.119384765625000000e-01 4.130375344537378507e-02
6.120605468750000000e-01 4.130495604514148461e-02
6.121826171875000000e-01 4.130617551968870232e-02
6.123046875000000000e-01 4.130737804253921397e-02
6.124267578125000000e-01 4.130859752207842461e-02
6.125488281250000000e-01 4.130979996744439664e-02
6.126708984375000000e-01 4.131101945252638186e-02
6.127929687500000000e-01 4.131222181982272673e-02
6.129150390625000000e-01 4.131344131099964206e-02
6.130371093750000000e-01 4.131464359964605315e-02
6.131591796875000000e-01 4.131586309747296154e-02
6.132812500000000000e-01 4.131706530687490053e-02
6.134033203125000000e-01 4.131828481193140779e-02
6.135253906250000000e-01 4.131948694147425521e-02
6.136474609375000000e-01 4.132070645433583156e-02
6.137695312500000000e-01 4.132190850340219240e-02
6.138916015625000000e-01 4.132312802466529822e-02
6.140136718750000000e-01 4.132432999262528744e-02
6.141357421875000000e-01 4.132554952291499911e-02
6.142578125000000000e-01 4.132675140911502148e-02
6.143798828125000000e-01 4.132797094904266944e-02
6.145019531250000000e-01 4.132917275283196773e-02
6.146240234375000000e-01 4.133039230302761047e-02
6.147460937500000000e-01 4.133159402372028890e-02
6.148681640625000000e-01 4.133281358484249685e-02
6.149902343750000000e-01 4.133401522176840398e-02
6.151123046875000000e-01 4.133523479447361038e-02
6.152343750000000000e-01 4.133643634693164037e-02
6.153564453125000000e-01 4.133765593188842846e-02
6.154785156250000000e-01 4.133885739916349361e-02
6.156005859375000000e-01 4.134007699707856892e-02
6.157226562500000000e-01 4.134127837844001757e-02
6.158447265625000000e-01 4.134249799000928871e-02
6.159667968750000000e-01 4.134369928470597866e-02
6.160888671875000000e-01 4.134491891066166547e-02
6.162109375000000000e-01 4.134612011794818603e-02
6.163330078125000000e-01 4.134733975902302183e-02
6.164550781250000000e-01 4.134854087809990142e-02
6.165771484375000000e-01 4.134976053504688803e-02
6.166992187500000000e-01 4.135096156515842558e-02
6.168212890625000000e-01 4.135218123873835722e-02
6.169433593750000000e-01 4.135338217904285102e-02
6.170654296875000000e-01 4.135460187006677335e-02
6.171875000000000000e-01 4.135580271973888361e-02
6.173095703125000000e-01 4.135702242899288311e-02
6.174316406250000000e-01 4.135822318719943602e-02
6.175537109375000000e-01 4.135944291551822694e-02
6.176757812500000000e-01 4.136064358138843988e-02
6.177978515625000000e-01 4.136186332962268897e-02
6.179199218750000000e-01 4.136306390227674490e-02
6.180419921875000000e-01 4.136428367128373168e-02
6.181640625000000000e-01 4.136548414980657090e-02
6.182861328125000000e-01 4.136670394046014498e-02
6.184082031250000000e-01 4.136790432394334138e-02
6.185302734375000000e-01 4.136912413714917414e-02
6.186523437500000000e-01 4.137032442465853749e-02
6.187744140625000000e-01 4.137154426135007668e-02
6.188964843750000000e-01 4.137274445189004918e-02
6.190185546875000000e-01 4.137396431302072658e-02
6.191406250000000000e-01 4.137516440560792819e-02
6.192626953125000000e-01 4.137638429213397889e-02
6.193847656250000000e-01 4.137758428576994441e-02
6.195068359375000000e-01 4.137880419869753579e-02
6.196289062500000000e-01 4.138000409233048849e-02
6.197509765625000000e-01 4.138122403266777244e-02
6.198730468750000000e-01 4.138242382524658092e-02
6.199951171875000000e-01 4.138364379404714521e-02
6.201171875000000000e-01 4.138484348448147332e-02
6.202392578125000000e-01 4.138606348280419317e-02
6.203613281250000000e-01 4.138726306999128413e-02
6.204833984375000000e-01 4.138848309892614180e-02
6.206054687500000000e-01 4.138968258171812908e-02
6.207275390625000000e-01 4.139090264240678080e-02
6.208496093750000000e-01 4.139210201964228092e-02
6.209716796875000000e-01 4.139332211323195482e-02
6.210937500000000000e-01 4.139452138370644518e-02
6.212158203125000000e-01 4.139574151137039026e-02
6.213378906250000000e-01 4.139694067384391135e-02
6.214599609375000000e-01 4.139816083681927689e-02
6.215820312500000000e-01 4.139935989002620220e-02
6.217041015625000000e-01 4.140058008955566776e-02
6.218261718750000000e-01 4.140177903224635109e-02
6.219482421875000000e-01 4.140299926956381854e-02
6.220703125000000000e-01 4.140419810040019827e-02
6.221923828125000000e-01 4.140541837683917731e-02
6.223144531250000000e-01 4.140661709445400684e-02
6.224365234375000000e-01 4.140783741136688789e-02
6.225585937500000000e-01 4.140903601438447601e-02
6.226806640625000000e-01 4.141025637314856706e-02
6.228027343750000000e-01 4.141145486009869398e-02
6.229248046875000000e-01 4.141267526214846562e-02
6.230468750000000000e-01 4.141387363157071622e-02
6.231689453125000000e-01 4.141509407835868017e-02
6.232910156250000000e-01 4.141629232876142819e-02
6.234130859375000000e-01 4.141751282180793081e-02
6.235351562500000000e-01 4.141871095160949701e-02
6.236572265625000000e-01 4.141993149242252648e-02
6.237792968750000000e-01 4.142112950010506250e-02
6.239013671875000000e-01 4.142235009024936021e-02
6.240234375000000000e-01 4.142354797410363609e-02
6.241455078125000000e-01 4.142476861522918774e-02
6.242675781250000000e-01 4.142596637361448814e-02
6.243896484375000000e-01 4.142718706741522344e-02
6.245117187500000000e-01 4.142838469858399486e-02
6.246337890625000000e-01 4.142960544678000318e-02
6.247558593750000000e-01 4.143080294894194160e-02
6.248779296875000000e-01 4.143202375329442522e-02
6.250000000000000000e-01 4.143322112462732854e-02
6.251220703125000000e-01 4.143444198698850028e-02
6.252441406250000000e-01 4.143563922559530266e-02
6.253662109375000000e-01 4.143686014782551469e-02
6.254882812500000000e-01 4.143805725179058874e-02
6.256103515625000000e-01 4.143927823582446712e-02
6.257324218750000000e-01 4.144047520313141886e-02
6.258544921875000000e-01 4.144169625100577181e-02
6.259765625000000000e-01 4.144289307957482738e-02
6.260986328125000000e-01 4.144411419332788560e-02
6.262207031250000000e-01 4.144531088106613581e-02
6.263427734375000000e-01 4.144653206281809221e-02
6.264648437500000000e-01 4.144772860752104354e-02
6.265869140625000000e-01 4.144894985946069588e-02
6.267089843750000000e-01 4.145014625888620435e-02
6.268310546875000000e-01 4.145136758330283944e-02
6.269531250000000000e-01 4.145256383510231846e-02
6.270751953125000000e-01 4.145378523429661677e-02
6.271972656250000000e-01 4.145498133608713220e-02
6.273193359375000000e-01 4.145620281247720113e-02
6.274414062500000000e-01 4.145739876178348299e-02
6.275634765625000000e-01 4.145862031785922663e-02
6.276855468750000000e-01 4.145981611212238432e-02
6.278076171875000000e-01 4.146103775045230366e-02
6.279296875000000000e-01 4.146223338701196526e-02
6.280517578125000000e-01 4.146345511025444769e-02
6.281738281250000000e-01 4.146465058639468848e-02
6.282958984375000000e-01 4.146587239729229712e-02
6.284179687500000000e-01 4.146706771017957122e-02
6.285400390625000000e-01 4.146828961159881866e-02
6.286621093750000000e-01 4.146948475830716796e-02
6.287841796875000000e-01 4.147070675315341071e-02
6.289062500000000000e-01 4.147190173068049379e-02
6.290283203125000000e-01 4.147312382200420838e-02
6.291503906250000000e-01 4.147431862722849444e-02
6.292724609375000000e-01 4.147554081817708682e-02
6.293945312500000000e-01 4.147673544785768218e-02
6.295166015625000000e-01 4.147795774169778932e-02
6.296386718750000000e-01 4.147915219247719915e-02
6.297607421875000000e-01 4.148037459259751314e-02
6.298828125000000000e-01 4.148156886099777646e-02
6.300048828125000000e-01 4.148279137089387614e-02
6.301269531250000000e-01 4.148398545333047138e-02
6.302490234375000000e-01 4.148520807663852450e-02
6.303710937500000000e-01 4.148640196936635716e-02
6.304931640625000000e-01 4.148762470986829681e-02
6.306152343750000000e-01 4.148881840901844087e-02
6.307373046875000000e-01 4.149004127059767455e-02
6.308593750000000000e-01 4.149123477217379896e-02
6.309814453125000000e-01 4.149245775891424737e-02
6.311035156250000000e-01 4.149365105870917586e-02
6.312255859375000000e-01 4.149487417485334811e-02
6.313476562500000000e-01 4.149606726853617700e-02
6.314697265625000000e-01 4.149729051845044148e-02
6.315917968750000000e-01 4.149848340153441256e-02
6.317138671875000000e-01 4.149970678979848782e-02
6.318359375000000000e-01 4.150089945756486876e-02
6.319580078125000000e-01 4.150212298893705964e-02
6.320800781250000000e-01 4.150331543652119315e-02
6.322021484375000000e-01 4.150453911594453871e-02
6.323242187500000000e-01 4.150573133825371380e-02
6.324462890625000000e-01 4.150695517088234809e-02
6.325683593750000000e-01 4.150814716264153437e-02
6.326904296875000000e-01 4.150937115383797338e-02
6.328125000000000000e-01 4.151056290953555189e-02
6.329345703125000000e-01 4.151178706491207709e-02
6.330566406250000000e-01 4.151297857876455610e-02
6.331787109375000000e-01 4.151420290417799641e-02
6.333007812500000000e-01 4.151539417019292633e-02
6.334228515625000000e-01 4.151661867175199250e-02
6.335449218750000000e-01 4.151780968365499647e-02
6.336669921875000000e-01 4.151903436772679673e-02
6.337890625000000000e-01 4.152022511895482604e-02
6.339111328125000000e-01 4.152144999224534339e-02
6.340332031250000000e-01 4.152264047595427554e-02
6.341552734375000000e-01 4.152386554540349328e-02
6.342773437500000000e-01 4.152505575442107938e-02
6.343994140625000000e-01 4.152628102735828747e-02
6.345214843750000000e-01 4.152747095416121914e-02
6.346435546875000000e-01 4.152869643825396473e-02
6.347656250000000000e-01 4.152988607498765694e-02
6.348876953125000000e-01 4.153111177822990663e-02
6.350097656250000000e-01 4.153230111663647195e-02
6.351318359375000000e-01 4.153352704747478863e-02
6.352539062500000000e-01 4.153471607889902550e-02
6.353759765625000000e-01 4.153594224616642683e-02
6.354980468750000000e-01 4.153713096151687156e-02
6.356201171875000000e-01 4.153835737451887222e-02
6.357421875000000000e-01 4.153954576420808287e-02
6.358642578125000000e-01 4.154077243272136927e-02
6.359863281250000000e-01 4.154196048671381092e-02
6.361083984375000000e-01 4.154318742102650758e-02
6.362304687500000000e-01 4.154437512871214655e-02
6.363525390625000000e-01 4.154560233965053084e-02
6.364746093750000000e-01 4.154678968989281712e-02
6.365966796875000000e-01 4.154801718891074080e-02
6.367187500000000000e-01 4.154920416990523502e-02
6.368408203125000000e-01 4.155043196907607511e-02
6.369628906250000000e-01 4.155161856838704426e-02
6.370849609375000000e-01 4.155284668047636021e-02
6.372070312500000000e-01 4.155403288496502257e-02
6.373291015625000000e-01 4.155526132343650286e-02
6.374511718750000000e-01 4.155644711918737855e-02
6.375732421875000000e-01 4.155767589833865572e-02
6.376953125000000000e-01 4.155886127062858454e-02
6.378173828125000000e-01 4.156009040558408113e-02
6.379394531250000000e-01 4.156127533878639646e-02
6.380615234375000000e-01 4.156250484564508185e-02
6.381835937500000000e-01 4.156368932314383202e-02
6.383056640625000000e-01 4.156491921897035452e-02
6.384277343750000000e-01 4.156610322314263639e-02
6.385498046875000000e-01 4.156733352611033383e-02
6.386718750000000000e-01 4.156851703815789972e-02
6.387939453125000000e-01 4.156974776760990337e-02
6.389160156250000000e-01 4.157093076754925232e-02
6.390380859375000000e-01 4.157216194413775046e-02
6.391601562500000000e-01 4.157334441058522373e-02
6.392822265625000000e-01 4.157457605633706199e-02
6.394042968750000000e-01 4.157575796647414168e-02
6.395263671875000000e-01 4.157699010500529729e-02
6.396484375000000000e-01 4.157817143438614915e-02
6.397705078125000000e-01 4.157940409094904727e-02
6.398925781250000000e-01 4.158058481336993767e-02
6.400146484375000000e-01 4.158181801509110154e-02
6.401367187500000000e-01 4.158299810240334571e-02
6.402587890625000000e-01 4.158423187845870783e-02
6.403808593750000000e-01 4.158541130035614541e-02
6.405029296875000000e-01 4.158664568214498480e-02
6.406250000000000000e-01 4.158782440601539732e-02
6.407470703125000000e-01 4.158905942740773187e-02
6.408691406250000000e-01 4.159023741799166424e-02
6.409912109375000000e-01 4.159147311562500643e-02
6.411132812500000000e-01 4.159265033476236550e-02
6.412353515625000000e-01 4.159388674832383004e-02
6.413574218750000000e-01 4.159506315466642012e-02
6.414794921875000000e-01 4.159630032722277937e-02
6.416015625000000000e-01 4.159747587581065498e-02
6.417236328125000000e-01 4.159871385425275431e-02
6.418457031250000000e-01 4.159988849608522304e-02
6.419677734375000000e-01 4.160112733158943116e-02
6.420898437500000000e-01 4.160230101315736534e-02
6.422119140625000000e-01 4.160354076163724074e-02
6.423339843750000000e-01 4.160471342435485831e-02
6.424560546875000000e-01 4.160595414718503554e-02
6.425781250000000000e-01 4.160712572668540110e-02
6.427001953125000000e-01 4.160836749135486679e-02
6.428222656250000000e-01 4.160953791674203150e-02
6.429443359375000000e-01 4.161078079773173483e-02
6.430664062500000000e-01 4.161194999064898870e-02
6.431884765625000000e-01 4.161319407040039997e-02
6.433105468750000000e-01 4.161436194392374721e-02
6.434326171875000000e-01 4.161560731407101810e-02
6.435546875000000000e-01 4.161677377148022272e-02
6.436767578125000000e-01 4.161802053419448588e-02
6.437988281250000000e-01 4.161918546736614877e-02
6.439208984375000000e-01 4.162043373710827554e-02
6.440429687500000000e-01 4.162159702470541456e-02
6.441650390625000000e-01 4.162284693018880599e-02
6.442871093750000000e-01 4.162400843538939521e-02
6.444091796875000000e-01 4.162526012216496984e-02
6.445312500000000000e-01 4.162641968990973829e-02
6.446533203125000000e-01 4.162767332335290393e-02
6.447753906250000000e-01 4.162883077693783906e-02
6.448974609375000000e-01 4.163008654603841258e-02
6.450195312500000000e-01 4.163124168295232602e-02
6.451416015625000000e-01 4.163249980502583408e-02
6.452636718750000000e-01 4.163365239159368125e-02
6.453857421875000000e-01 4.163491311827366426e-02
6.455078125000000000e-01 4.163606288295745861e-02
6.456298828125000000e-01 4.163732650776949540e-02
6.457519531250000000e-01 4.163847313253248028e-02
6.458740234375000000e-01 4.163974000079960491e-02
6.459960937500000000e-01 4.164088310978697471e-02
6.461181640625000000e-01 4.164215363150337856e-02
6.462402343750000000e-01 4.164329277619449599e-02
6.463623046875000000e-01 4.164456744332480087e-02
6.464843750000000000e-01 4.164570208249587790e-02
6.466064453125000000e-01 4.164698149229176943e-02
6.467285156250000000e-01 4.164811096454584805e-02
6.468505859375000000e-01 4.164939585196121563e-02
6.469726562500000000e-01 4.165051933739028628e-02
6.470947265625000000e-01 4.165181062087511266e-02
6.472167968750000000e-01 4.165292708596197990e-02
6.473388671875000000e-01 4.165422593410825214e-02
6.474609375000000000e-01 4.165533405050202143e-02
6.475830078125000000e-01 4.165664198184652195e-02
6.477050781250000000e-01 4.165774000256218523e-02
6.478271484375000000e-01 4.165905904075227484e-02
6.479492187500000000e-01 4.166014460369990569e-02
6.480712890625000000e-01 4.166147752921668668e-02
6.481933593750000000e-01 4.166254733029294000e-02
6.483154296875000000e-01 4.166389811122479803e-02
6.484375000000000000e-01 4.166494732733203032e-02
6.485595703125000000e-01 4.166632190685361226e-02
6.486816406250000000e-01 4.166734309794280222e-02
6.488037109375000000e-01 4.166875096294202219e-02
6.489257812500000000e-01 4.166973176614034713e-02
6.490478515625000000e-01 4.167118945327207002e-02
6.491699218750000000e-01 4.167210703136591671e-02
6.492919921875000000e-01 4.167364736657948321e-02
6.494140625000000000e-01 4.167445202975351981e-02
6.495361328125000000e-01 4.167615566761673218e-02
6.496582031250000000e-01 4.167670273064471437e-02
6.497802734375000000e-01 4.167887357291706618e-02
6.499023437500000000e-01 4.167830204002333228e-02
6.500244140625000000e-01 3.265808384173446433e-01
6.501464843750000000e-01 3.266036510647448710e-01
6.502685546875000000e-01 3.266237296275459334e-01
6.503906250000000000e-01 3.266454252240016398e-01
6.505126953125000000e-01 3.266659725167255224e-01
6.506347656250000000e-01 3.266874120449248520e-01
6.507568359375000000e-01 3.267081241693108873e-01
6.508789062500000000e-01 3.267294523131084594e-01
6.510009765625000000e-01 3.267502486152074059e-01
6.511230468750000000e-01 3.267715150640639887e-01
6.512451171875000000e-01 3.267923627181020252e-01
6.513671875000000000e-01 3.268135903090777505e-01
6.514892578125000000e-01 3.268344727784822101e-01
6.516113281250000000e-01 3.268556738743532697e-01
6.517333984375000000e-01 3.268765816722817852e-01
6.518554687500000000e-01 3.268977637130529024e-01
6.519775390625000000e-01 3.269186908963098714e-01
6.520996093750000000e-01 3.269398587050433846e-01
6.522216796875000000e-01 3.269608013055549933e-01
6.523437500000000000e-01 3.269819581863044888e-01
6.524658203125000000e-01 3.270029134235953872e-01
6.525878906250000000e-01 3.270240617384118087e-01
6.527099609375000000e-01 3.270450275888149294e-01
6.528320312500000000e-01 3.270661690846849989e-01
6.529541015625000000e-01 3.270871440296623800e-01
6.530761718750000000e-01 3.271082800348533715e-01
6.531982421875000000e-01 3.271292629058234480e-01
6.533203125000000000e-01 3.271503944538444175e-01
6.534423828125000000e-01 3.271713843323329485e-01
6.535644531250000000e-01 3.271925122430764388e-01
6.536865234375000000e-01 3.272135083941121181e-01
6.538085937500000000e-01 3.272346333289388731e-01
6.539306640625000000e-01 3.272556351552686205e-01
6.540527343750000000e-01 3.272767576553591296e-01
6.541748046875000000e-01 3.272977646650273575e-01
6.542968750000000000e-01 3.273188851788835230e-01
6.544189453125000000e-01 3.273398969618787069e-01
6.545410156250000000e-01 3.273610158653111335e-01
6.546630859375000000e-01 3.273820320763018432e-01
6.547851562500000000e-01 3.274031496873280878e-01
6.549072265625000000e-01 3.274241700327811255e-01
6.550292968750000000e-01 3.274452866229157766e-01
6.551513671875000000e-01 3.274663108511810528e-01
6.552734375000000000e-01 3.274874266540480083e-01
6.553955078125000000e-01 3.275084545478110232e-01
6.555175781250000000e-01 3.275295697659148519e-01
6.556396484375000000e-01 3.275506011361731251e-01
6.557617187500000000e-01 3.275717159461701833e-01
6.558837890625000000e-01 3.275927506275457812e-01
6.560058593750000000e-01 3.276138651844641148e-01
6.561279296875000000e-01 3.276349030313911448e-01
6.562500000000000000e-01 3.276560174720524743e-01
6.563720703125000000e-01 3.276770583557933048e-01
6.564941406250000000e-01 3.276981728014928819e-01
6.566162109375000000e-01 3.277192166076011159e-01
6.567382812500000000e-01 3.277403311664182084e-01
6.568603515625000000e-01 3.277613777926868810e-01
6.569824218750000000e-01 3.277824925613281870e-01
6.571044921875000000e-01 3.278035419161528519e-01
6.572265625000000000e-01 3.278246569814911027e-01
6.573486328125000000e-01 3.278457089824031723e-01
6.574707031250000000e-01 3.278668244227768702e-01
6.575927734375000000e-01 3.278878789952849870e-01
6.577148437500000000e-01 3.279089948815676614e-01
6.578369140625000000e-01 3.279300519581707096e-01
6.579589843750000000e-01 3.279511683546951217e-01
6.580810546875000000e-01 3.279722278740134778e-01
6.582031250000000000e-01 3.279933448393400619e-01
6.583251953125000000e-01 3.280144067454389134e-01
6.584472656250000000e-01 3.280355243330394521e-01
6.585693359375000000e-01 3.280565885747505628e-01
6.586914062500000000e-01 3.280777068335981039e-01
6.588134765625000000e-01 3.280987733640339243e-01
6.589355468750000000e-01 3.281198923390488131e-01
6.590576171875000000e-01 3.281409611150979400e-01
6.591796875000000000e-01 3.281620808476277684e-01
6.593017578125000000e-01 3.281831518296124406e-01
6.594238281250000000e-01 3.282042723577597299e-01
6.595458984375000000e-01 3.282253455090324845e-01
6.596679687500000000e-01 3.282464668680382114e-01
6.597900390625000000e-01 3.282675421547145977e-01
6.599121093750000000e-01 3.282886643771762980e-01
6.600341796875000000e-01 3.283097417678445540e-01
6.601562500000000000e-01 3.283308648840138622e-01
6.602783203125000000e-01 3.283519443495093726e-01
6.604003906250000000e-01 3.283730683875108469e-01
6.605224609375000000e-01 3.283941499006799436e-01
6.606445312500000000e-01 3.284152748866961402e-01
6.607666015625000000e-01 3.284363584222798615e-01
6.608886718750000000e-01 3.284574843807162581e-01
6.610107421875000000e-01 3.284785699151021587e-01
6.611328125000000000e-01 3.284996968687603491e-01
6.612548828125000000e-01 3.285207843798914062e-01
6.613769531250000000e-01 3.285419123501122085e-01
6.614990234375000000e-01 3.285630018173442135e-01
6.616210937500000000e-01 3.285841308240806669e-01
6.617431640625000000e-01 3.286052222280547719e-01
6.618652343750000000e-01 3.286263522900967349e-01
6.619873046875000000e-01 3.286474456126287080e-01
6.621093750000000000e-01 3.286685767475563402e-01
6.622314453125000000e-01 3.286896719715693971e-01
6.623535156250000000e-01 3.287108041959507232e-01
6.624755859375000000e-01 3.287319013053457417e-01
6.625976562500000000e-01 3.287530346347969368e-01
6.627197265625000000e-01 3.287741336144416326e-01
6.628417968750000000e-01 3.287952680636526681e-01
6.629638671875000000e-01 3.288163688992447042e-01
6.630859375000000000e-01 3.288375044821000293e-01
6.632080078125000000e-01 3.288586071601399818e-01
6.633300781250000000e-01 3.288797438897587133e-01
6.634521484375000000e-01 3.289008483974923958e-01
6.635742187500000000e-01 3.289219862862673427e-01
6.636962890625000000e-01 3.289430926115997078e-01
6.638183593750000000e-01 3.289642316713041748e-01
6.639404296875000000e-01 3.289853398027954290e-01
6.640625000000000000e-01 3.290064800445474114e-01
6.641845703125000000e-01 3.290275899713434038e-01
6.643066406250000000e-01 3.290487314057063406e-01
6.644287109375000000e-01 3.290698431175029803e-01
6.645507812500000000e-01 3.290909857545192829e-01
6.646728515625000000e-01 3.291120992415311197e-01
6.647949218750000000e-01 3.291332430907237261e-01
6.649169921875000000e-01 3.291543583436634113e-01
6.650390625000000000e-01 3.291755034140820824e-01
6.651611328125000000e-01 3.291966204240859839e-01
6.652832031250000000e-01 3.292177667243883499e-01
6.654052734375000000e-01 3.292388854830116673e-01
6.655273437500000000e-01 3.292600330213993343e-01
6.656494140625000000e-01 3.292811535206297546e-01
6.657714843750000000e-01 3.293023023049470033e-01
6.658935546875000000e-01 3.293234245371021718e-01
6.660156250000000000e-01 3.293445745748413978e-01
6.661376953125000000e-01 3.293656985326043340e-01
6.662597656250000000e-01 3.293868498308822890e-01
6.663818359375000000e-01 3.294079755072855664e-01
6.665039062500000000e-01 3.294291280729432225e-01
6.666259765625000000e-01 3.294502554612774858e-01
6.667480468750000000e-01 3.294714093008356270e-01
6.668701171875000000e-01 3.294925383947157060e-01
6.669921875000000000e-01 3.295136935144323820e-01
6.671142578125000000e-01 3.295348243077499961e-01
6.672363281250000000e-01 3.295559807135724495e-01
6.673583984375000000e-01 3.295771132004569060e-01
6.674804687500000000e-01 3.295982708981356479e-01
6.676025390625000000e-01 3.296194050729818192e-01
6.677246093750000000e-01 3.296405640680094562e-01
6.678466796875000000e-01 3.296616999254140534e-01
6.679687500000000000e-01 3.296828602230453820e-01
6.680908203125000000e-01 3.297039977578630210e-01
6.682128906250000000e-01 3.297251593631300159e-01
6.683349609375000000e-01 3.297462985704372462e-01
6.684570312500000000e-01 3.297674614881517807e-01
6.685791015625000000e-01 3.297886023631588226e-01
6.687011718750000000e-01 3.298097665980824766e-01
6.688232421875000000e-01 3.298309091361517620e-01
6.689453125000000000e-01 3.298520746927232072e-01
6.690673828125000000e-01 3.298732188895232564e-01
6.691894531250000000e-01 3.298943857720174067e-01
6.693115234375000000e-01 3.299155316233021162e-01
6.694335937500000000e-01 3.299366998358881919e-01
6.695556640625000000e-01 3.299578473375573417e-01
6.696777343750000000e-01 3.299790168842396954e-01
6.697998046875000000e-01 3.300001660323966801e-01
6.699218750000000000e-01 3.300213369169749944e-01
6.700439453125000000e-01 3.300424877078392827e-01
6.701660156250000000e-01 3.300636599340366906e-01
6.702880859375000000e-01 3.300848123639478771e-01
6.704101562500000000e-01 3.301059859353448478e-01
6.705322265625000000e-01 3.301271400007920187e-01
6.706542968750000000e-01 3.301483149208093715e-01
6.707763671875000000e-01 3.301694706184170047e-01
6.708984375000000000e-01 3.301906468903900160e-01
6.710205078125000000e-01 3.302118042168669665e-01
6.711425781250000000e-01 3.302329818440086773e-01
6.712646484375000000e-01 3.302541407962050202e-01
6.713867187500000000e-01 3.302753197815864183e-01
6.715087890625000000e-01 3.302964803564500396e-01
6.716308593750000000e-01 3.303176607030621215e-01
6.717529296875000000e-01 3.303388228976652519e-01
6.718750000000000000e-01 3.303600046084048114e-01
6.719970703125000000e-01 3.303811684198668663e-01
6.721191406250000000e-01 3.304023514975331643e-01
6.722412109375000000e-01 3.304235169231157232e-01
6.723632812500000000e-01 3.304447013703801783e-01
6.724853515625000000e-01 3.304658684074208153e-01
6.726074218750000000e-01 3.304870542269405242e-01
6.727294921875000000e-01 3.305082228728408733e-01
6.728515625000000000e-01 3.305294100671167246e-01
6.729736328125000000e-01 3.305505803193942160e-01
6.730957031250000000e-01 3.305717688908642038e-01
6.732177734375000000e-01 3.305929407471004389e-01
6.733398437500000000e-01 3.306141306981447703e-01
6.734619140625000000e-01 3.306353041560000650e-01
6.735839843750000000e-01 3.306564954889291696e-01
6.737060546875000000e-01 3.306776705461207944e-01
6.738281250000000000e-01 3.306988632631372438e-01
6.739501953125000000e-01 3.307200399174754502e-01
6.740722656250000000e-01 3.307412340207527279e-01
6.741943359375000000e-01 3.307624122700925651e-01
6.743164062500000000e-01 3.307836077617120618e-01
6.744384765625000000e-01 3.308047876039914570e-01
6.745605468750000000e-01 3.308259844859937071e-01
6.746826171875000000e-01 3.308471659191973835e-01
6.748046875000000000e-01 3.308683641935421527e-01
6.749267578125000000e-01 3.308895472157312723e-01
6.750488281250000000e-01 3.309107468843164312e-01
6.751708984375000000e-01 3.309319314936012280e-01
6.752929687500000000e-01 3.309531325582978356e-01
6.754150390625000000e-01 3.309743187528381148e-01
6.755371093750000000e-01 3.309955212154426785e-01
6.756591796875000000e-01 3.310167089934467621e-01
6.757812500000000000e-01 3.310379128557162653e-01
6.759033203125000000e-01 3.310591022154323881e-01
6.760253906250000000e-01 3.310803074790715228e-01
6.761474609375000000e-01 3.311014984188340171e-01
6.762695312500000000e-01 3.311227050854685938e-01
6.763916015625000000e-01 3.311438976036416015e-01
6.765136718750000000e-01 3.311651056749019273e-01
6.766357421875000000e-01 3.311862997698827860e-01
6.767578125000000000e-01 3.312075092473198978e-01
6.768798828125000000e-01 3.312287049175577369e-01
6.770019531250000000e-01 3.312499158026955826e-01
6.771240234375000000e-01 3.312711130466919895e-01
6.772460937500000000e-01 3.312923253409909563e-01
6.773681640625000000e-01 3.313135241572890966e-01
6.774902343750000000e-01 3.313347378621945283e-01
6.776123046875000000e-01 3.313559382493406202e-01
6.777343750000000000e-01 3.313771533662549507e-01
6.778564453125000000e-01 3.313983553228682100e-01
6.779785156250000000e-01 3.314195718531642854e-01
6.781005859375000000e-01 3.314407753778701449e-01
6.782226562500000000e-01 3.314619933228821758e-01
6.783447265625000000e-01 3.314831984143719601e-01
6.784667968750000000e-01 3.315044177753729282e-01
6.785888671875000000e-01 3.315256244323714352e-01
6.787109375000000000e-01 3.315468452106252739e-01
6.788330078125000000e-01 3.315680534318643513e-01
6.789550781250000000e-01 3.315892756286015208e-01
6.790771484375000000e-01 3.316104854128759660e-01
6.791992187500000000e-01 3.316317090292802972e-01
6.793212890625000000e-01 3.316529203753878496e-01
6.794433593750000000e-01 3.316741454126275190e-01
6.795654296875000000e-01 3.316953583194256483e-01
6.796875000000000000e-01 3.317165847786472943e-01
6.798095703125000000e-01 3.317377992449802582e-01
6.799316406250000000e-01 3.317590271272817248e-01
6.800537109375000000e-01 3.317802431520463502e-01
6.801757812500000000e-01 3.318014724585252040e-01
6.802978515625000000e-01 3.318226900406344715e-01
6.804199218750000000e-01 3.318439207723408724e-01
6.805419921875000000e-01 3.318651399107590549e-01
6.806640625000000000e-01 3.318863720687106333e-01
6.807861328125000000e-01 3.319075927624061118e-01
6.809082031250000000e-01 3.319288263476086187e-01
6.810302734375000000e-01 3.319500485955814706e-01
6.811523437500000000e-01 3.319712836090136232e-01
6.812744140625000000e-01 3.319925074102887397e-01
6.813964843750000000e-01 3.320137438529052742e-01
6.815185546875000000e-01 3.320349692065217573e-01
6.816406250000000000e-01 3.320562070792681397e-01
6.817626953125000000e-01 3.320774339842936240e-01
6.818847656250000000e-01 3.320986732880797376e-01
6.820068359375000000e-01 3.321199017435855771e-01
6.821289062500000000e-01 3.321411424793030975e-01
6.822509765625000000e-01 3.321623724843987824e-01
6.823730468750000000e-01 3.321836146529176803e-01
6.824951171875000000e-01 3.322048462067566099e-01
6.826171875000000000e-01 3.322260898089244852e-01
6.827392578125000000e-01 3.322473229106336357e-01
6.828613281250000000e-01 3.322685679472971998e-01
6.829833984375000000e-01 3.322898025960321911e-01
6.831054687500000000e-01 3.323110490679859197e-01
6.832275390625000000e-01 3.323322852629621571e-01
6.833496093750000000e-01 3.323535331709965845e-01
6.834716796875000000e-01 3.323747709113933357e-01
6.835937500000000000e-01 3.323960202563171484e-01
6.837158203125000000e-01 3.324172595413514841e-01
6.838378906250000000e-01 3.324385103239078099e-01
6.839599609375000000e-01 3.324597511528166738e-01
6.840820312500000000e-01 3.324810033737569670e-01
6.842041015625000000e-01 3.325022457458033376e-01
6.843261718750000000e-01 3.325234994058530180e-01
6.844482421875000000e-01 3.325447433202917691e-01
6.845703125000000000e-01 3.325659984201524422e-01
6.846923828125000000e-01 3.325872438762951244e-01
6.848144531250000000e-01 3.326085004166557946e-01
6.849365234375000000e-01 3.326297474137889232e-01
6.850585937500000000e-01 3.326510053953503632e-01
6.851806640625000000e-01 3.326722539327823247e-01
6.853027343750000000e-01 3.326935133562025637e-01
6.854248046875000000e-01 3.327147634332702220e-01
6.855468750000000000e-01 3.327360242992001282e-01
6.856689453125000000e-01 3.327572759152348514e-01
6.857910156250000000e-01 3.327785382243196310e-01
6.859130859375000000e-01 3.327997913786951423e-01
6.860351562500000000e-01 3.328210551315474164e-01
6.861572265625000000e-01 3.328423098236255040e-01
6.862792968750000000e-01 3.328635750208697175e-01
6.864013671875000000e-01 3.328848312500323203e-01
6.865234375000000000e-01 3.329060978922713243e-01
6.866455078125000000e-01 3.329273556578939974e-01
6.867675781250000000e-01 3.329486237457143782e-01
6.868896484375000000e-01 3.329698830472292981e-01
6.870117187500000000e-01 3.329911525812033757e-01
6.871337890625000000e-01 3.330124134180125761e-01
6.872558593750000000e-01 3.330336843987086182e-01
6.873779296875000000e-01 3.330549467702539901e-01
6.875000000000000000e-01 3.330762191982172826e-01
6.876220703125000000e-01 3.330974831039305029e-01
6.877441406250000000e-01 3.331187569797103287e-01
6.878662109375000000e-01 3.331400224190514403e-01
6.879882812500000000e-01 3.331612977431798184e-01
6.881103515625000000e-01 3.331825647155997605e-01
6.882324218750000000e-01 3.332038414885888367e-01
6.883544921875000000e-01 3.332251099935673588e-01
6.884765625000000000e-01 3.332463882159419355e-01
6.885986328125000000e-01 3.332676582529601195e-01
6.887207031250000000e-01 3.332889379252094164e-01
6.888427734375000000e-01 3.333102094937535620e-01
6.889648437500000000e-01 3.333314906163766245e-01
6.890869140625000000e-01 3.333527637159545698e-01
6.892089843750000000e-01 3.333740462894269063e-01
6.893310546875000000e-01 3.333953209195570921e-01
6.894531250000000000e-01 3.334166049443466617e-01
6.895751953125000000e-01 3.334378811045312641e-01
6.896972656250000000e-01 3.334591665811187378e-01
6.898193359375000000e-01 3.334804442708951822e-01
6.899414062500000000e-01 3.335017311997269807e-01
6.900634765625000000e-01 3.335230104186304723e-01
6.901855468750000000e-01 3.335442988001576792e-01
6.903076171875000000e-01 3.335655795477302510e-01
6.904296875000000000e-01 3.335868693823844100e-01
6.905517578125000000e-01 3.336081516581998474e-01
6.906738281250000000e-01 3.336294429463991240e-01
6.907958984375000000e-01 3.336507267500172791e-01
6.909179687500000000e-01 3.336720194921856675e-01
6.910400390625000000e-01 3.336933048231597865e-01
6.911621093750000000e-01 3.337145990197230017e-01
6.912841796875000000e-01 3.337358858776399151e-01
6.914062500000000000e-01 3.337571815290106270e-01
6.915283203125000000e-01 3.337784699134517807e-01
6.916503906250000000e-01 3.337997670200066325e-01
6.917724609375000000e-01 3.338210569305798403e-01
6.918945312500000000e-01 3.338423554927090198e-01
6.920166015625000000e-01 3.338636469290098274e-01
6.921386718750000000e-01 3.338849469471135700e-01
6.922607421875000000e-01 3.339062399087365796e-01
6.923828125000000000e-01 3.339275413831965800e-01
6.925048828125000000e-01 3.339488358697591530e-01
6.926269531250000000e-01 3.339701388009265748e-01
6.927490234375000000e-01 3.339914348120575083e-01
6.928710937500000000e-01 3.340127392003112705e-01
6.929931640625000000e-01 3.340340367356424700e-01
6.931152343750000000e-01 3.340553425813235222e-01
6.932373046875000000e-01 3.340766416404587491e-01
6.933593750000000000e-01 3.340979489439422911e-01
6.934814453125000000e-01 3.341192495265563056e-01
6.936035156250000000e-01 3.341405582881612490e-01
6.937255859375000000e-01 3.341618603938861787e-01
6.938476562500000000e-01 3.341831706139685165e-01
6.939697265625000000e-01 3.342044742424470360e-01
6.940917968750000000e-01 3.342257859213303428e-01
6.942138671875000000e-01 3.342470910722365462e-01
6.943359375000000000e-01 3.342684042102699871e-01
6.944580078125000000e-01 3.342897108832448283e-01
6.945800781250000000e-01 3.343110254807162285e-01
6.947021484375000000e-01 3.343323336754537300e-01
6.948242187500000000e-01 3.343536497326868862e-01
6.949462890625000000e-01 3.343749594488588106e-01
6.950683593750000000e-01 3.343962769661731893e-01
6.951904296875000000e-01 3.344175882034367553e-01
6.953125000000000000e-01 3.344389071811508241e-01
6.954345703125000000e-01 3.344602199391977226e-01
6.955566406250000000e-01 3.344815403775961982e-01
6.956787109375000000e-01 3.345028546561378269e-01
6.958007812500000000e-01 3.345241765555170277e-01
6.959228515625000000e-01 3.345454923542243164e-01
6.960449218750000000e-01 3.345668157148751765e-01
6.961669921875000000e-01 3.345881330334602999e-01
6.962890625000000000e-01 3.346094578556643717e-01
6.964111328125000000e-01 3.346307766938139139e-01
6.965332031250000000e-01 3.346521029778525835e-01
6.966552734375000000e-01 3.346734233352998134e-01
6.967773437500000000e-01 3.346947510814407556e-01
6.968994140625000000e-01 3.347160729579144456e-01
6.970214843750000000e-01 3.347374021664343835e-01
6.971435546875000000e-01 3.347587255616089608e-01
6.972656250000000000e-01 3.347800562327866158e-01
6.973876953125000000e-01 3.348013811464044531e-01
6.975097656250000000e-01 3.348227132804859063e-01
6.976318359375000000e-01 3.348440397122846024e-01
6.977539062500000000e-01 3.348653733095398599e-01
6.978759765625000000e-01 3.348867012592245951e-01
6.979980468750000000e-01 3.349080363199150590e-01
6.981201171875000000e-01 3.349293657872463026e-01
6.982421875000000000e-01 3.349507023115997906e-01
6.983642578125000000e-01 3.349720332963054270e-01
6.984863281250000000e-01 3.349933712845632461e-01
6.986083984375000000e-01 3.350147037863985267e-01
6.987304687500000000e-01 3.350360432388214127e-01
6.988525390625000000e-01 3.350573772575141107e-01
6.989746093750000000e-01 3.350787181743281606e-01
6.990966796875000000e-01 3.351000537096529008e-01
6.992187500000000000e-01 3.351213960911021417e-01
6.993408203125000000e-01 3.351427331427851986e-01
6.994628906250000000e-01 3.351640769891053862e-01
6.995849609375000000e-01 3.351854155569254923e-01
6.997070312500000000e-01 3.352067608683316213e-01
6.998291015625000000e-01 3.352281009520448052e-01
6.999511718750000000e-01 3.352494477287560337e-01
7.000732421875000000e-01 3.352707893281356988e-01
7.001953125000000000e-01 3.352921375703696860e-01
7.003173828125000000e-01 3.353134806851758576e-01
7.004394531250000000e-01 3.353348303931636964e-01
7.005615234375000000e-01 3.353561750231664473e-01
7.006835937500000000e-01 3.353775261971119193e-01
7.008056640625000000e-01 3.353988723421033047e-01
7.009277343750000000e-01 3.354202249821999215e-01
7.010498046875000000e-01 3.354415726419532895e-01
7.011718750000000000e-01 3.354629267484377508e-01
7.012939453125000000e-01 3.354842759227162907e-01
7.014160156250000000e-01 3.355056314957698405e-01
7.015380859375000000e-01 3.355269821843801514e-01
7.016601562500000000e-01 3.355483392242137319e-01
7.017822265625000000e-01 3.355696914269464814e-01
7.019042968750000000e-01 3.355910499337261266e-01
7.020263671875000000e-01 3.356124036503774222e-01
7.021484375000000000e-01 3.356337636243215683e-01
7.022705078125000000e-01 3.356551188546723630e-01
7.023925781250000000e-01 3.356764802959745775e-01
7.025146484375000000e-01 3.356978370398236988e-01
7.026367187500000000e-01 3.357191999486573986e-01
7.027587890625000000e-01 3.357405582058129445e-01
7.028808593750000000e-01 3.357619225823716413e-01
7.030029296875000000e-01 3.357832823526368804e-01
7.031250000000000000e-01 3.358046481970969888e-01
7.032470703125000000e-01 3.358260094802715257e-01
7.033691406250000000e-01 3.358473767928216169e-01
7.034912109375000000e-01 3.358687395887112737e-01
7.036132812500000000e-01 3.358901083695199352e-01
7.037353515625000000e-01 3.359114726779402482e-01
7.038574218750000000e-01 3.359328429271858374e-01
7.039794921875000000e-01 3.359542087479561734e-01
7.041015625000000000e-01 3.359755804658035028e-01
7.042236328125000000e-01 3.359969477987508335e-01
7.043457031250000000e-01 3.360183209853542796e-01
7.044677734375000000e-01 3.360396898302769886e-01
7.045898437500000000e-01 3.360610644858292861e-01
7.047119140625000000e-01 3.360824348425606178e-01
7.048339843750000000e-01 3.361038109672090934e-01
7.049560546875000000e-01 3.361251828355632520e-01
7.050781250000000000e-01 3.361465604294689991e-01
7.052001953125000000e-01 3.361679338092878888e-01
7.053222656250000000e-01 3.361893128726134994e-01
7.054443359375000000e-01 3.362106877637071056e-01
7.055664062500000000e-01 3.362320682966253860e-01
7.056884765625000000e-01 3.362534446988373338e-01
7.058105468750000000e-01 3.362748267014740167e-01
7.059326171875000000e-01 3.362962046146400485e-01
7.060546875000000000e-01 3.363175880871526191e-01
7.061767578125000000e-01 3.363389675111124744e-01
7.062988281250000000e-01 3.363603524536472600e-01
7.064208984375000000e-01 3.363817333882287430e-01
7.065429687500000000e-01 3.364031198009458379e-01
7.066650390625000000e-01 3.364245022459901868e-01
7.067871093750000000e-01 3.364458901290349746e-01
7.069091796875000000e-01 3.364672740843842602e-01
7.070312500000000000e-01 3.364886634378797536e-01
7.071533203125000000e-01 3.365100489034047460e-01
7.072753906250000000e-01 3.365314397274856151e-01
7.073974609375000000e-01 3.365528267030136744e-01
7.075195312500000000e-01 3.365742189978457310e-01
7.076416015625000000e-01 3.365956074831951139e-01
7.077636718750000000e-01 3.366170012489102525e-01
7.078857421875000000e-01 3.366383912439779857e-01
7.080078125000000000e-01 3.366597864806968321e-01
7.081298828125000000e-01 3.366811779853086106e-01
7.082519531250000000e-01 3.367025746931777697e-01
7.083740234375000000e-01 3.367239677071922621e-01
7.084960937500000000e-01 3.367453658863450716e-01
7.086181640625000000e-01 3.367667604096217793e-01
7.087402343750000000e-01 3.367881600601621561e-01
7.088623046875000000e-01 3.368095560925665199e-01
7.089843750000000000e-01 3.368309572146382380e-01
7.091064453125000000e-01 3.368523547560173248e-01
7.092285156250000000e-01 3.368737573497366800e-01
7.093505859375000000e-01 3.368951563999610932e-01
7.094726562500000000e-01 3.369165604654689172e-01
7.095947265625000000e-01 3.369379610243989354e-01
7.097167968750000000e-01 3.369593665617928169e-01
7.098388671875000000e-01 3.369807686292963789e-01
7.099609375000000000e-01 3.370021756387159284e-01
7.100830078125000000e-01 3.370235792146551446e-01
7.102050781250000000e-01 3.370449876962137159e-01
7.103271484375000000e-01 3.370663927804564697e-01
7.104492187500000000e-01 3.370878027342644190e-01
7.105712890625000000e-01 3.371092093266880307e-01
7.106933593750000000e-01 3.371306207528572685e-01
7.108154296875000000e-01 3.371520288533318976e-01
7.109375000000000000e-01 3.371734417519759441e-01
7.110595703125000000e-01 3.371948513603795772e-01
7.111816406250000000e-01 3.372162657316073453e-01
7.113037109375000000e-01 3.372376768478103637e-01
7.114257812500000000e-01 3.372590926917312659e-01
7.115478515625000000e-01 3.372805053156173183e-01
7.116699218750000000e-01 3.373019226323490938e-01
7.117919921875000000e-01 3.373233367637776814e-01
7.119140625000000000e-01 3.373447555534211384e-01
7.120361328125000000e-01 3.373661711922973372e-01
7.121582031250000000e-01 3.373875914549427923e-01
7.122802734375000000e-01 3.374090086011441447e-01
7.124023437500000000e-01 3.374304303369144997e-01
7.125244140625000000e-01 3.374518489903081120e-01
7.126464843750000000e-01 3.374732721993035089e-01
7.127685546875000000e-01 3.374946923597874626e-01
7.128906250000000000e-01 3.375161170420718504e-01
7.130126953125000000e-01 3.375375387095362889e-01
7.131347656250000000e-01 3.375589648652912445e-01
7.132568359375000000e-01 3.375803880395747969e-01
7.133789062500000000e-01 3.376018156688208038e-01
7.135009765625000000e-01 3.376232403498501955e-01
7.136230468750000000e-01 3.376446694527290848e-01
7.137451171875000000e-01 3.376660956404411440e-01
7.138671875000000000e-01 3.376875262169741210e-01
7.139892578125000000e-01 3.377089539111965411e-01
7.141113281250000000e-01 3.377303859615489179e-01
7.142333984375000000e-01 3.377518151622037612e-01
7.143554687500000000e-01 3.377732486864450934e-01
7.144775390625000000e-01 3.377946793934140102e-01
7.145996093750000000e-01 3.378161143916285081e-01
7.147216796875000000e-01 3.378375466048071374e-01
7.148437500000000000e-01 3.378589830770947211e-01
7.149658203125000000e-01 3.378804167963800897e-01
7.150878906250000000e-01 3.379018547428299657e-01
7.152099609375000000e-01 3.379232899681196001e-01
7.153320312500000000e-01 3.379447293888120374e-01
7.154541015625000000e-01 3.379661661199943601e-01
7.155761718750000000e-01 3.379876070150220624e-01
7.156982421875000000e-01 3.380090452520243538e-01
7.158203125000000000e-01 3.380304876214449972e-01
7.159423828125000000e-01 3.380519273641658384e-01
7.160644531250000000e-01 3.380733712080914444e-01
7.161865234375000000e-01 3.380948124564079338e-01
7.163085937500000000e-01 3.381162577749117215e-01
7.164306640625000000e-01 3.381377005287518056e-01
7.165527343750000000e-01 3.381591473218940047e-01
7.166748046875000000e-01 3.381805915811648133e-01
7.167968750000000000e-01 3.382020398490422353e-01
7.169189453125000000e-01 3.382234856136310808e-01
7.170410156250000000e-01 3.382449353563197758e-01
7.171630859375000000e-01 3.382663826261526618e-01
7.172851562500000000e-01 3.382878338437322330e-01
7.174072265625000000e-01 3.383092826187056312e-01
7.175292968750000000e-01 3.383307353112593452e-01
7.176513671875000000e-01 3.383521855912660081e-01
7.177734375000000000e-01 3.383736397588598122e-01
7.178955078125000000e-01 3.383950915438349027e-01
7.180175781250000000e-01 3.384165471865392405e-01
7.181396484375000000e-01 3.384380004763973826e-01
7.182617187500000000e-01 3.384594575942893591e-01
7.183837890625000000e-01 3.384809123889281901e-01
7.185058593750000000e-01 3.385023709820711990e-01
7.186279296875000000e-01 3.385238272814101723e-01
7.187500000000000000e-01 3.385452873498892012e-01
7.188720703125000000e-01 3.385667451538457162e-01
7.189941406250000000e-01 3.385882066977244920e-01
7.191162109375000000e-01 3.386096660062024588e-01
7.192382812500000000e-01 3.386311290255417106e-01
7.193603515625000000e-01 3.386525898384848410e-01
7.194824218750000000e-01 3.386740543333442988e-01
7.196044921875000000e-01 3.386955166506584458e-01
7.197265625000000000e-01 3.387169826211146595e-01
7.198486328125000000e-01 3.387384464427146691e-01
7.199707031250000000e-01 3.387599138888288675e-01
7.200927734375000000e-01 3.387813792146350256e-01
7.202148437500000000e-01 3.388028481364734334e-01
7.203369140625000000e-01 3.388243149664036391e-01
7.204589843750000000e-01 3.388457853640399753e-01
7.205810546875000000e-01 3.388672536980246175e-01
7.207031250000000000e-01 3.388887255715141711e-01
7.208251953125000000e-01 3.389101954094572711e-01
7.209472656250000000e-01 3.389316687588509458e-01
7.210693359375000000e-01 3.389531401007039868e-01
7.211914062500000000e-01 3.389746149260641772e-01
7.213134765625000000e-01 3.389960877717403953e-01
7.214355468750000000e-01 3.390175640731303286e-01
7.215576171875000000e-01 3.390390384225512865e-01
7.216796875000000000e-01 3.390605162000369655e-01
7.218017578125000000e-01 3.390819920531206177e-01
7.219238281250000000e-01 3.391034713067564432e-01
7.220458984375000000e-01 3.391249486634402288e-01
7.221679687500000000e-01 3.391464293932729968e-01
7.222900390625000000e-01 3.391679082534937439e-01
7.224121093750000000e-01 3.391893904595850717e-01
7.225341796875000000e-01 3.392108708232594583e-01
7.226562500000000000e-01 3.392323545056672440e-01
7.227783203125000000e-01 3.392538363727351514e-01
7.229003906250000000e-01 3.392753215315055249e-01
7.230224609375000000e-01 3.392968049018743049e-01
7.231445312500000000e-01 3.393182915370744901e-01
7.232666015625000000e-01 3.393397764106968473e-01
7.233886718750000000e-01 3.393612645223700319e-01
7.235107421875000000e-01 3.393827508991721364e-01
7.236328125000000000e-01 3.394042404873563457e-01
7.237548828125000000e-01 3.394257283672739156e-01
7.238769531250000000e-01 3.394472194320439229e-01
7.239990234375000000e-01 3.394687088150079579e-01
7.241210937500000000e-01 3.394902013564007892e-01
7.242431640625000000e-01 3.395116922423433437e-01
7.243652343750000000e-01 3.395331862604124007e-01
7.244873046875000000e-01 3.395546786492749658e-01
7.246093750000000000e-01 3.395761741440592729e-01
7.247314453125000000e-01 3.395976680357747357e-01
7.248535156250000000e-01 3.396191650073381307e-01
7.249755859375000000e-01 3.396406604018300524e-01
7.250976562500000000e-01 3.396621588502155009e-01
7.252197265625000000e-01 3.396836557474325335e-01
7.253417968750000000e-01 3.397051556726777832e-01
7.254638671875000000e-01 3.397266540725679684e-01
7.255859375000000000e-01 3.397481554747175947e-01
7.257080078125000000e-01 3.397696553772141526e-01
7.258300781250000000e-01 3.397911582563081789e-01
7.259521484375000000e-01 3.398126596613567085e-01
7.260742187500000000e-01 3.398341640174439293e-01
7.261962890625000000e-01 3.398556669249764850e-01
7.263183593750000000e-01 3.398771727580947033e-01
7.264404296875000000e-01 3.398986771680509444e-01
7.265625000000000000e-01 3.399201844782581139e-01
7.266845703125000000e-01 3.399416903905889131e-01
7.268066406250000000e-01 3.399631991779092366e-01
7.269287109375000000e-01 3.399847065925467038e-01
7.270507812500000000e-01 3.400062168570405219e-01
7.271728515625000000e-01 3.400277257739290904e-01
7.272949218750000000e-01 3.400492375156118907e-01
7.274169921875000000e-01 3.400707479347083728e-01
7.275390625000000000e-01 3.400922611536317808e-01
7.276611328125000000e-01 3.401137730748678423e-01
7.277832031250000000e-01 3.401352877710741573e-01
7.279052734375000000e-01 3.401568011943918446e-01
7.280273437500000000e-01 3.401783173679178152e-01
7.281494140625000000e-01 3.401998322932774377e-01
7.282714843750000000e-01 3.402213499441414379e-01
7.283935546875000000e-01 3.402428663714897605e-01
7.285156250000000000e-01 3.402643854997430273e-01
7.286376953125000000e-01 3.402859034290214302e-01
7.287597656250000000e-01 3.403074240346997126e-01
7.288818359375000000e-01 3.403289434658549606e-01
7.290039062500000000e-01 3.403504655490011133e-01
7.291259765625000000e-01 3.403719864819751972e-01
7.292480468750000000e-01 3.403935100426163096e-01
7.293701171875000000e-01 3.404150324773652647e-01
7.294921875000000000e-01 3.404365575155332002e-01
7.296142578125000000e-01 3.404580814520113963e-01
7.297363281250000000e-01 3.404796079677321896e-01
7.298583984375000000e-01 3.405011334058978267e-01
7.299804687500000000e-01 3.405226613992020646e-01
7.301025390625000000e-01 3.405441883389881963e-01
7.302246093750000000e-01 3.405657178099275040e-01
7.303466796875000000e-01 3.405872462512888332e-01
7.304687500000000000e-01 3.406087771998831948e-01
7.305908203125000000e-01 3.406303071427729812e-01
7.307128906250000000e-01 3.406518395690719125e-01
7.308349609375000000e-01 3.406733710134396409e-01
7.309570312500000000e-01 3.406949049174544109e-01
7.310791015625000000e-01 3.407164378632537849e-01
7.312011718750000000e-01 3.407379732450137033e-01
7.313232421875000000e-01 3.407595076922125266e-01
7.314453125000000000e-01 3.407810445517277520e-01
7.315673828125000000e-01 3.408025805002848907e-01
7.316894531250000000e-01 3.408241188376068265e-01
7.318115234375000000e-01 3.408456562874585538e-01
7.319335937500000000e-01 3.408671961026122355e-01
7.320556640625000000e-01 3.408887350537336269e-01
7.321777343750000000e-01 3.409102763467373176e-01
7.322998046875000000e-01 3.409318167990718074e-01
7.324218750000000000e-01 3.409533595699485442e-01
7.325439453125000000e-01 3.409749015234645464e-01
7.326660156250000000e-01 3.409964457722414743e-01
7.327880859375000000e-01 3.410179892268807578e-01
7.329101562500000000e-01 3.410395349536048393e-01
7.330322265625000000e-01 3.410610799093351519e-01
7.331542968750000000e-01 3.410826271140131594e-01
7.332763671875000000e-01 3.411041735707870393e-01
7.333984375000000000e-01 3.411257222534357370e-01
7.335205078125000000e-01 3.411472702112151034e-01
7.336425781250000000e-01 3.411688203718837853e-01
7.337646484375000000e-01 3.411903698306217869e-01
7.338867187500000000e-01 3.412119214693216662e-01
7.340087890625000000e-01 3.412334724289844412e-01
7.341308593750000000e-01 3.412550255457269532e-01
7.342529296875000000e-01 3.412765780062743115e-01
7.343750000000000000e-01 3.412981326010838257e-01
7.344970703125000000e-01 3.413196865624895104e-01
7.346191406250000000e-01 3.413412426353905627e-01
7.347412109375000000e-01 3.413627980976005061e-01
7.348632812500000000e-01 3.413843556486213515e-01
7.349853515625000000e-01 3.414059126115920884e-01
7.351074218750000000e-01 3.414274716407504906e-01
7.352294921875000000e-01 3.414490301044716958e-01
7.353515625000000000e-01 3.414705906117629364e-01
7.354736328125000000e-01 3.414921505761837062e-01
7.355957031250000000e-01 3.415137125616500846e-01
7.357177734375000000e-01 3.415352740267344478e-01
7.358398437500000000e-01 3.415568374903924509e-01
7.359619140625000000e-01 3.415784004560936116e-01
7.360839843750000000e-01 3.415999653979535089e-01
7.362060546875000000e-01 3.416215298642551468e-01
7.363281250000000000e-01 3.416430962843409747e-01
7.364501953125000000e-01 3.416646622512022891e-01
7.365722656250000000e-01 3.416862301495187659e-01
7.366943359375000000e-01 3.417077976169075049e-01
7.368164062500000000e-01 3.417293669934828304e-01
7.369384765625000000e-01 3.417509359613568054e-01
7.370605468750000000e-01 3.417725068162105195e-01
7.371826171875000000e-01 3.417940772845401431e-01
7.373046875000000000e-01 3.418156496176768533e-01
7.374267578125000000e-01 3.418372215864396990e-01
7.375488281250000000e-01 3.418587953978821647e-01
7.376708984375000000e-01 3.418803688670269958e-01
7.377929687500000000e-01 3.419019441567897610e-01
7.379150390625000000e-01 3.419235191262838813e-01
7.380371093750000000e-01 3.419450958943694996e-01
7.381591796875000000e-01 3.419666723642121875e-01
7.382812500000000000e-01 3.419882506106385889e-01
7.384033203125000000e-01 3.420098285807864347e-01
7.385253906250000000e-01 3.420314083055548404e-01
7.386474609375000000e-01 3.420529877759760362e-01
7.387695312500000000e-01 3.420745689791167554e-01
7.388916015625000000e-01 3.420961499497712777e-01
7.390136718750000000e-01 3.421177326312894174e-01
7.391357421875000000e-01 3.421393151021475676e-01
7.392578125000000000e-01 3.421608992620604472e-01
7.393798828125000000e-01 3.421824832331105681e-01
7.395019531250000000e-01 3.422040688714207413e-01
7.396240234375000000e-01 3.422256543426143161e-01
7.397460937500000000e-01 3.422472414593443757e-01
7.398681640625000000e-01 3.422688284306640294e-01
7.399902343750000000e-01 3.422904170258043721e-01
7.401123046875000000e-01 3.423120054972323967e-01
7.402343750000000000e-01 3.423335955707999534e-01
7.403564453125000000e-01 3.423551855423030421e-01
7.404785156250000000e-01 3.423767770943035860e-01
7.406005859375000000e-01 3.423983685658456566e-01
7.407226562500000000e-01 3.424199615962946197e-01
7.408447265625000000e-01 3.424415545678599626e-01
7.409667968750000000e-01 3.424631490767526265e-01
7.410888671875000000e-01 3.424847435483187041e-01
7.412109375000000000e-01 3.425063395356763296e-01
7.413330078125000000e-01 3.425279355071945142e-01
7.414550781250000000e-01 3.425495329730319227e-01
7.415771484375000000e-01 3.425711304445008265e-01
7.416992187500000000e-01 3.425927293887941483e-01
7.418212890625000000e-01 3.426143283601859046e-01
7.419433593750000000e-01 3.426359287829660594e-01
7.420654296875000000e-01 3.426575292542485829e-01
7.421875000000000000e-01 3.426791311555211217e-01
7.423095703125000000e-01 3.427007331266643808e-01
7.424316406250000000e-01 3.427223365064381300e-01
7.425537109375000000e-01 3.427439399774364626e-01
7.426757812500000000e-01 3.427655448356926593e-01
7.427978515625000000e-01 3.427871498065091505e-01
7.429199218750000000e-01 3.428087561432712205e-01
7.430419921875000000e-01 3.428303626139033167e-01
7.431640625000000000e-01 3.428519704291534964e-01
7.432861328125000000e-01 3.428735783995695563e-01
7.434082031250000000e-01 3.428951876933382659e-01
7.435302734375000000e-01 3.429167971635045387e-01
7.436523437500000000e-01 3.429384079357770121e-01
7.437744140625000000e-01 3.429600189056853377e-01
7.438964843750000000e-01 3.429816311564649056e-01
7.440185546875000000e-01 3.430032436261031270e-01
7.441406250000000000e-01 3.430248573553827951e-01
7.442626953125000000e-01 3.430464713247315389e-01
7.443847656250000000e-01 3.430680865325266282e-01
7.445068359375000000e-01 3.430897020015535315e-01
7.446289062500000000e-01 3.431113186878520516e-01
7.447509765625000000e-01 3.431329356565503419e-01
7.448730468750000000e-01 3.431545538213593982e-01
7.449951171875000000e-01 3.431761722897017086e-01
7.451171875000000000e-01 3.431977919330228000e-01
7.452392578125000000e-01 3.432194119009882582e-01
7.453613281250000000e-01 3.432410330228240491e-01
7.454833984375000000e-01 3.432626544903991661e-01
7.456054687500000000e-01 3.432842770907433838e-01
7.457275390625000000e-01 3.433059000578932429e-01
7.458496093750000000e-01 3.433275241367709785e-01
7.459716796875000000e-01 3.433491486034985773e-01
7.460937500000000000e-01 3.433707741608663655e-01
7.462158203125000000e-01 3.433924001271525528e-01
7.463378906250000000e-01 3.434140271630287122e-01
7.464599609375000000e-01 3.434356546288523937e-01
7.465820312500000000e-01 3.434572831432342599e-01
7.467041015625000000e-01 3.434789121085889407e-01
7.468261718750000000e-01 3.435005421014616922e-01
7.469482421875000000e-01 3.435221725663301084e-01
7.470703125000000000e-01 3.435438040376931901e-01
7.471923828125000000e-01 3.435654360020538034e-01
7.473144531250000000e-01 3.435870689519173737e-01
7.474365234375000000e-01 3.436087024157563619e-01
7.475585937500000000e-01 3.436303368440967732e-01
7.476806640625000000e-01 3.436519718074175223e-01
7.478027343750000000e-01 3.436736077142378831e-01
7.479248046875000000e-01 3.436952441769969280e-01
7.480468750000000000e-01 3.437168815623020124e-01
7.481689453125000000e-01 3.437385195244951341e-01
7.482910156250000000e-01 3.437601583882843315e-01
7.484130859375000000e-01 3.437817978498975968e-01
7.485351562500000000e-01 3.438034381921289961e-01
7.486572265625000000e-01 3.438250791531797246e-01
7.487792968750000000e-01 3.438467209738685915e-01
7.489013671875000000e-01 3.438683634343141504e-01
7.490234375000000000e-01 3.438900067334615396e-01
7.491455078125000000e-01 3.439116506932926587e-01
7.492675781250000000e-01 3.439332954708715917e-01
7.493896484375000000e-01 3.439549409300807215e-01
7.495117187500000000e-01 3.439765871861035773e-01
7.496337890625000000e-01 3.439982341446866654e-01
7.497558593750000000e-01 3.440198818791302404e-01
7.498779296875000000e-01 3.440415303370668587e-01
7.500000000000000000e-01 3.440631795499221601e-01
7.501220703125000000e-01 3.440848295072161944e-01
7.502441406250000000e-01 3.441064801984687893e-01
7.503662109375000000e-01 3.441281316551057512e-01
7.504882812500000000e-01 3.441497838247593588e-01
7.506103515625000000e-01 3.441714367807304220e-01
7.507324218750000000e-01 3.441930904287647253e-01
7.508544921875000000e-01 3.442147448840465751e-01
7.509765625000000000e-01 3.442364000104574107e-01
7.510986328125000000e-01 3.442580559650620375e-01
7.512207031250000000e-01 3.442797125698416894e-01
7.513427734375000000e-01 3.443013700237421704e-01
7.514648437500000000e-01 3.443230281068815901e-01
7.515869140625000000e-01 3.443446870600786469e-01
7.517089843750000000e-01 3.443663466215344249e-01
7.518310546875000000e-01 3.443880070740434896e-01
7.519531250000000000e-01 3.444096681138332228e-01
7.520751953125000000e-01 3.444313300656118293e-01
7.521972656250000000e-01 3.444529925837210849e-01
7.523193359375000000e-01 3.444746560347686226e-01
7.524414062500000000e-01 3.444963200311932372e-01
7.525634765625000000e-01 3.445179849815138695e-01
7.526855468750000000e-01 3.445396504562097117e-01
7.528076171875000000e-01 3.445613169058067693e-01
7.529296875000000000e-01 3.445829838587771143e-01
7.530517578125000000e-01 3.446046518076262277e-01
7.531738281250000000e-01 3.446263202388567537e-01
7.532958984375000000e-01 3.446479896869678594e-01
7.534179687500000000e-01 3.446696595964369725e-01
7.535400390625000000e-01 3.446913305438090158e-01
7.536621093750000000e-01 3.447130019314985083e-01
7.537841796875000000e-01 3.447346743781164458e-01
7.539062500000000000e-01 3.447563472440198784e-01
7.540283203125000000e-01 3.447780211898805458e-01
7.541503906250000000e-01 3.447996955339757141e-01
7.542724609375000000e-01 3.448213709790970416e-01
7.543945312500000000e-01 3.448430468013651273e-01
7.545166015625000000e-01 3.448647237457025394e-01
7.546386718750000000e-01 3.448864010461456520e-01
7.547607421875000000e-01 3.449080794897244617e-01
7.548828125000000000e-01 3.449297582683069630e-01
7.550048828125000000e-01 3.449514382111198429e-01
7.551269531250000000e-01 3.449731184678277995e-01
7.552490234375000000e-01 3.449947999098770812e-01
7.553710937500000000e-01 3.450164816446892324e-01
7.554931640625000000e-01 3.450381645859754709e-01
7.556152343750000000e-01 3.450598477988634505e-01
7.557373046875000000e-01 3.450815322393934181e-01
7.558593750000000000e-01 3.451032169303498431e-01
7.559814453125000000e-01 3.451249028701105503e-01
7.561035156250000000e-01 3.451465890391025026e-01
7.562255859375000000e-01 3.451682764781087709e-01
7.563476562500000000e-01 3.451899641251162665e-01
7.564697265625000000e-01 3.452116530633602687e-01
7.565917968750000000e-01 3.452333421883699849e-01
7.567138671875000000e-01 3.452550326258543856e-01
7.568359375000000000e-01 3.452767232288577182e-01
7.569580078125000000e-01 3.452984151655668077e-01
7.570800781250000000e-01 3.453201072465288402e-01
7.572021484375000000e-01 3.453418006824922060e-01
7.573242187500000000e-01 3.453634942413807973e-01
7.574462890625000000e-01 3.453851891765797322e-01
7.575683593750000000e-01 3.454068842133912187e-01
7.576904296875000000e-01 3.454285806478486487e-01
7.578125000000000000e-01 3.454502771625454494e-01
7.579345703125000000e-01 3.454719750962410574e-01
7.580566406250000000e-01 3.454936730888161778e-01
7.581787109375000000e-01 3.455153725217586236e-01
7.583007812500000000e-01 3.455370719921813105e-01
7.584228515625000000e-01 3.455587729243744244e-01
7.585449218750000000e-01 3.455804738726117042e-01
7.586669921875000000e-01 3.456021763040857397e-01
7.587890625000000000e-01 3.456238787301083581e-01
7.589111328125000000e-01 3.456455826608383353e-01
7.590332031250000000e-01 3.456672865646440718e-01
7.591552734375000000e-01 3.456889919946438128e-01
7.592773437500000000e-01 3.457106973761829849e-01
7.593994140625000000e-01 3.457324043054724738e-01
7.595214843750000000e-01 3.457541111647212673e-01
7.596435546875000000e-01 3.457758195932950085e-01
7.597656250000000000e-01 3.457975279302366589e-01
7.598876953125000000e-01 3.458192378581085302e-01
7.600097656250000000e-01 3.458409476727056231e-01
7.601318359375000000e-01 3.458626590998804540e-01
7.602539062500000000e-01 3.458843703920989610e-01
7.603759765625000000e-01 3.459060833185920170e-01
7.604980468750000000e-01 3.459277960884123981e-01
7.606201171875000000e-01 3.459495105142134097e-01
7.607421875000000000e-01 3.459712247616173464e-01
7.608642578125000000e-01 3.459929406867474078e-01
7.609863281250000000e-01 3.460146564116848289e-01
7.611083984375000000e-01 3.460363738361450503e-01
7.612304687500000000e-01 3.460580910386034104e-01
7.613525390625000000e-01 3.460798099624097790e-01
7.614746093750000000e-01 3.461015286423575477e-01
7.615966796875000000e-01 3.461232490655140603e-01
7.617187500000000000e-01 3.461449692229101038e-01
7.618408203125000000e-01 3.461666911454452933e-01
7.619628906250000000e-01 3.461884127802564715e-01
7.620849609375000000e-01 3.462101362021702267e-01
7.622070312500000000e-01 3.462318593143516865e-01
7.623291015625000000e-01 3.462535842356604388e-01
7.624511718750000000e-01 3.462753088252097378e-01
7.625732421875000000e-01 3.462970352459149304e-01
7.626953125000000000e-01 3.463187613127978737e-01
7.628173828125000000e-01 3.463404892329120521e-01
7.629394531250000000e-01 3.463622167770759042e-01
7.630615234375000000e-01 3.463839461966206068e-01
7.631835937500000000e-01 3.464056752180416643e-01
7.633056640625000000e-01 3.464274061370197222e-01
7.634277343750000000e-01 3.464491366356662327e-01
7.635498046875000000e-01 3.464708690540959646e-01
7.636718750000000000e-01 3.464926010299244630e-01
7.637939453125000000e-01 3.465143349478319035e-01
7.639160156250000000e-01 3.465360684008083614e-01
7.640380859375000000e-01 3.465578038181970078e-01
7.641601562500000000e-01 3.465795387482792367e-01
7.642822265625000000e-01 3.466012756651708493e-01
7.644042968750000000e-01 3.466230120723405861e-01
7.645263671875000000e-01 3.466447504887442133e-01
7.646484375000000000e-01 3.466664883729531077e-01
7.647705078125000000e-01 3.466882282888832378e-01
7.648925781250000000e-01 3.467099676500930427e-01
7.650146484375000000e-01 3.467317090655904210e-01
7.651367187500000000e-01 3.467534499037490114e-01
7.652587890625000000e-01 3.467751928188066990e-01
7.653808593750000000e-01 3.467969351339016959e-01
7.655029296875000000e-01 3.468186795485359575e-01
7.656250000000000000e-01 3.468404233405221193e-01
7.657470703125000000e-01 3.468621692547592117e-01
7.658691406250000000e-01 3.468839145235801391e-01
7.659912109375000000e-01 3.469056619374427664e-01
7.661132812500000000e-01 3.469274086830709258e-01
7.662353515625000000e-01 3.469491575965812924e-01
7.663574218750000000e-01 3.469709058189742179e-01
7.664794921875000000e-01 3.469926562321421493e-01
7.666015625000000000e-01 3.470144059312640916e-01
7.667236328125000000e-01 3.470361578440983030e-01
7.668457031250000000e-01 3.470579090199001904e-01
7.669677734375000000e-01 3.470796624324484769e-01
7.670898437500000000e-01 3.471014150848903412e-01
7.672119140625000000e-01 3.471231699971671358e-01
7.673339843750000000e-01 3.471449241261992946e-01
7.674560546875000000e-01 3.471666805382094823e-01
7.675781250000000000e-01 3.471884361437977962e-01
7.677001953125000000e-01 3.472101940555860078e-01
7.678222656250000000e-01 3.472319511376700252e-01
7.679443359375000000e-01 3.472537105492613518e-01
7.680664062500000000e-01 3.472754691078074329e-01
7.681884765625000000e-01 3.472972300192225248e-01
7.683105468750000000e-01 3.473189900541716613e-01
7.684326171875000000e-01 3.473407524654270606e-01
7.685546875000000000e-01 3.473625139767524406e-01
7.686767578125000000e-01 3.473842778878705184e-01
7.687988281250000000e-01 3.474060408755057505e-01
7.689208984375000000e-01 3.474278062865359118e-01
7.690429687500000000e-01 3.474495707504380304e-01
7.691650390625000000e-01 3.474713376613879356e-01
7.692871093750000000e-01 3.474931036015220243e-01
7.694091796875000000e-01 3.475148720124187074e-01
7.695312500000000000e-01 3.475366394287365823e-01
7.696533203125000000e-01 3.475584093395890362e-01
7.697753906250000000e-01 3.475801782320374067e-01
7.698974609375000000e-01 3.476019496428928157e-01
7.700195312500000000e-01 3.476237200114226655e-01
7.701416015625000000e-01 3.476454929222982937e-01
7.702636718750000000e-01 3.476672647668621052e-01
7.703857421875000000e-01 3.476890391778076905e-01
7.705078125000000000e-01 3.477108124983357418e-01
7.706298828125000000e-01 3.477325884093788178e-01
7.707519531250000000e-01 3.477543632058269774e-01
7.708740234375000000e-01 3.477761406169915248e-01
7.709960937500000000e-01 3.477979168893117201e-01
7.711181640625000000e-01 3.478196958006266604e-01
7.712402343750000000e-01 3.478414735487721510e-01
7.713623046875000000e-01 3.478632539602624640e-01
7.714843750000000000e-01 3.478850331841729093e-01
7.716064453125000000e-01 3.479068150958783412e-01
7.717285156250000000e-01 3.479285957954977304e-01
7.718505859375000000e-01 3.479503792074519208e-01
7.719726562500000000e-01 3.479721613827193027e-01
7.720947265625000000e-01 3.479939462949704909e-01
7.722167968750000000e-01 3.480157299458295217e-01
7.723388671875000000e-01 3.480375163583935838e-01
7.724609375000000000e-01 3.480593014848023525e-01
7.725830078125000000e-01 3.480810893977132059e-01
7.727050781250000000e-01 3.481028759996106503e-01
7.728271484375000000e-01 3.481246654129078744e-01
7.729492187500000000e-01 3.481464534902229402e-01
7.730712890625000000e-01 3.481682444039555513e-01
7.731933593750000000e-01 3.481900339566423308e-01
7.733154296875000000e-01 3.482118263708228190e-01
7.734375000000000000e-01 3.482336173988233585e-01
7.735595703125000000e-01 3.482554113135091223e-01
7.736816406250000000e-01 3.482772038167520345e-01
7.738037109375000000e-01 3.482989992319649453e-01
7.739257812500000000e-01 3.483207932103986049e-01
7.740478515625000000e-01 3.483425901261930635e-01
7.741699218750000000e-01 3.483643855797541322e-01
7.742919921875000000e-01 3.483861839961656659e-01
7.744140625000000000e-01 3.484079809247830894e-01
7.745361328125000000e-01 3.484297808418570508e-01
7.746582031250000000e-01 3.484515792454737082e-01
7.747802734375000000e-01 3.484733806632474562e-01
7.749023437500000000e-01 3.484951805417935145e-01
7.750244140625000000e-01 3.485169834603084604e-01
7.751464843750000000e-01 3.485387848137289635e-01
7.752685546875000000e-01 3.485605892330198019e-01
7.753906250000000000e-01 3.485823920612602933e-01
7.755126953125000000e-01 3.486041979813669922e-01
7.756347656250000000e-01 3.486260022843479800e-01
7.757568359375000000e-01 3.486478097053314906e-01
7.758789062500000000e-01 3.486696154829827532e-01
7.760009765625000000e-01 3.486914244048785472e-01
7.761230468750000000e-01 3.487132316571382451e-01
7.762451171875000000e-01 3.487350420799969486e-01
7.763671875000000000e-01 3.487568508067941941e-01
7.764892578125000000e-01 3.487786627306494469e-01
7.766113281250000000e-01 3.488004729319120201e-01
7.767333984375000000e-01 3.488222863568352650e-01
7.768554687500000000e-01 3.488440980324958307e-01
7.769775390625000000e-01 3.488659129585219842e-01
7.770996093750000000e-01 3.488877261085031600e-01
7.772216796875000000e-01 3.489095425356723013e-01
7.773437500000000000e-01 3.489313571599236830e-01
7.774658203125000000e-01 3.489531750882992611e-01
7.775878906250000000e-01 3.489749911867248700e-01
7.777099609375000000e-01 3.489968106163503503e-01
7.778320312500000000e-01 3.490186281888866260e-01
7.779541015625000000e-01 3.490404491198159098e-01
7.780761718750000000e-01 3.490622681663760885e-01
7.781982421875000000e-01 3.490840905986679066e-01
7.783203125000000000e-01 3.491059111191855413e-01
7.784423828125000000e-01 3.491277350528829704e-01
7.785644531250000000e-01 3.491495570472918919e-01
7.786865234375000000e-01 3.491713824824461132e-01
7.788085937500000000e-01 3.491932059506611674e-01
7.789306640625000000e-01 3.492150328873344090e-01
7.790527343750000000e-01 3.492368578292732728e-01
7.791748046875000000e-01 3.492586862675254866e-01
7.792968750000000000e-01 3.492805126830981211e-01
7.794189453125000000e-01 3.493023426229878159e-01
7.795410156250000000e-01 3.493241705121421514e-01
7.796630859375000000e-01 3.493460019537172334e-01
7.797851562500000000e-01 3.493678313163535165e-01
7.799072265625000000e-01 3.493896642596651114e-01
7.800292968750000000e-01 3.494114950957102894e-01
7.801513671875000000e-01 3.494333295408288964e-01
7.802734375000000000e-01 3.494551618501970935e-01
7.803955078125000000e-01 3.494769977971852182e-01
7.805175781250000000e-01 3.494988315797930012e-01
7.806396484375000000e-01 3.495206690287079865e-01
7.807617187500000000e-01 3.495425042844668706e-01
7.808837890625000000e-01 3.495643432353814362e-01
7.810058593750000000e-01 3.495861799641931111e-01
7.811279296875000000e-01 3.496080204171638228e-01
7.812500000000000000e-01 3.496298586189684476e-01
7.813720703125000000e-01 3.496517005740515938e-01
7.814941406250000000e-01 3.496735402487491928e-01
7.816162109375000000e-01 3.496953837060051695e-01
7.817382812500000000e-01 3.497172248535095895e-01
7.818603515625000000e-01 3.497390698130191655e-01
7.819824218750000000e-01 3.497609124332455854e-01
7.821044921875000000e-01 3.497827588950687128e-01
7.822265625000000000e-01 3.498046029879110508e-01
7.823486328125000000e-01 3.498264509521206156e-01
7.824707031250000000e-01 3.498482965174896653e-01
7.825927734375000000e-01 3.498701459841522809e-01
7.827148437500000000e-01 3.498919930219792640e-01
7.828369140625000000e-01 3.499138439911569365e-01
7.829589843750000000e-01 3.499356925013305530e-01
7.830810546875000000e-01 3.499575449731024968e-01
7.832031250000000000e-01 3.499793949555155548e-01
7.833251953125000000e-01 3.500012489299572094e-01
7.834472656250000000e-01 3.500231003845311606e-01
7.835693359375000000e-01 3.500449558617150236e-01
7.836914062500000000e-01 3.500668087883334612e-01
7.838134765625000000e-01 3.500886657683517367e-01
7.839355468750000000e-01 3.501105201669175715e-01
7.840576171875000000e-01 3.501323786498268809e-01
7.841796875000000000e-01 3.501542345202638407e-01
7.843017578125000000e-01 3.501760945061328512e-01
7.844238281250000000e-01 3.501979518483140374e-01
7.845458984375000000e-01 3.502198133372508293e-01
7.846679687500000000e-01 3.502416721510708264e-01
7.847900390625000000e-01 3.502635351431285793e-01
7.849121093750000000e-01 3.502853954285101157e-01
7.850341796875000000e-01 3.503072599237778140e-01
7.851562500000000000e-01 3.503291216806050934e-01
7.852783203125000000e-01 3.503509876791586208e-01
7.854003906250000000e-01 3.503728509073249509e-01
7.855224609375000000e-01 3.503947184092490730e-01
7.856445312500000000e-01 3.504165831086474281e-01
7.857666015625000000e-01 3.504384521140375131e-01
7.858886718750000000e-01 3.504603182845590914e-01
7.860107421875000000e-01 3.504821887934954083e-01
7.861328125000000000e-01 3.505040564350174193e-01
7.862548828125000000e-01 3.505259284475649717e-01
7.863769531250000000e-01 3.505477975600049811e-01
7.864990234375000000e-01 3.505696710763249735e-01
7.866210937500000000e-01 3.505915416595065670e-01
7.867431640625000000e-01 3.506134166796152085e-01
7.868652343750000000e-01 3.506352887334703849e-01
7.869873046875000000e-01 3.506571652575056208e-01
7.871093750000000000e-01 3.506790387819568866e-01
7.872314453125000000e-01 3.507009168099343710e-01
7.873535156250000000e-01 3.507227918048159143e-01
7.874755859375000000e-01 3.507446713369128388e-01
7.875976562500000000e-01 3.507665478021101402e-01
7.877197265625000000e-01 3.507884288383857352e-01
7.878417968750000000e-01 3.508103067737922687e-01
7.879638671875000000e-01 3.508321893143423464e-01
7.880859375000000000e-01 3.508540687198206665e-01
7.882080078125000000e-01 3.508759527647634657e-01
7.883300781250000000e-01 3.508978336401864517e-01
7.884521484375000000e-01 3.509197191896074042e-01
7.885742187500000000e-01 3.509416015348756912e-01
7.886962890625000000e-01 3.509634885888711087e-01
7.888183593750000000e-01 3.509853724038392575e-01
7.889404296875000000e-01 3.510072609625221607e-01
7.890625000000000000e-01 3.510291462470694346e-01
7.891845703125000000e-01 3.510510363105445175e-01
7.893066406250000000e-01 3.510729230645362464e-01
7.894287109375000000e-01 3.510948146329079256e-01
7.895507812500000000e-01 3.511167028562172665e-01
7.896728515625000000e-01 3.511385959295937886e-01
7.897949218750000000e-01 3.511604856220863491e-01
7.899169921875000000e-01 3.511823802005752393e-01
7.900390625000000000e-01 3.512042713621233436e-01
7.901611328125000000e-01 3.512261674458299066e-01
7.902832031250000000e-01 3.512480600762963867e-01
7.904052734375000000e-01 3.512699576653292577e-01
7.905273437500000000e-01 3.512918517645718941e-01
7.906494140625000000e-01 3.513137508590652436e-01
7.907714843750000000e-01 3.513356464269465906e-01
7.908935546875000000e-01 3.513575470269938994e-01
7.910156250000000000e-01 3.513794440633695726e-01
7.911376953125000000e-01 3.514013461691060103e-01
7.912597656250000000e-01 3.514232446738413396e-01
7.913818359375000000e-01 3.514451482853787612e-01
7.915039062500000000e-01 3.514670482583160394e-01
7.916259765625000000e-01 3.514889533757926121e-01
7.917480468750000000e-01 3.515108548167921176e-01
7.918701171875000000e-01 3.515327614403071510e-01
7.919921875000000000e-01 3.515546643492234447e-01
7.921142578125000000e-01 3.515765724789049473e-01
7.922363281250000000e-01 3.515984768555915352e-01
7.923583984375000000e-01 3.516203864915809496e-01
7.924804687500000000e-01 3.516422923358585306e-01
7.926025390625000000e-01 3.516642034782715975e-01
7.927246093750000000e-01 3.516861107900315364e-01
7.928466796875000000e-01 3.517080234389951543e-01
7.929687500000000000e-01 3.517299322180509891e-01
7.930908203125000000e-01 3.517518463737251966e-01
7.932128906250000000e-01 3.517737566198990695e-01
7.933349609375000000e-01 3.517956722824137072e-01
7.934570312500000000e-01 3.518175839955710038e-01
7.935791015625000000e-01 3.518395011650434778e-01
7.937011718750000000e-01 3.518614143450210507e-01
7.938232421875000000e-01 3.518833330215919708e-01
7.939453125000000000e-01 3.519052476682255071e-01
7.940673828125000000e-01 3.519271678520491387e-01
7.941894531250000000e-01 3.519490839651613356e-01
7.943115234375000000e-01 3.519710056563790657e-01
7.944335937500000000e-01 3.519929232358045001e-01
7.945556640625000000e-01 3.520148464345680406e-01
7.946777343750000000e-01 3.520367654801366819e-01
7.947998046875000000e-01 3.520586901865667140e-01
7.949218750000000000e-01 3.520806106981169692e-01
7.950439453125000000e-01 3.521025369123805260e-01
7.951660156250000000e-01 3.521244588897168848e-01
7.952880859375000000e-01 3.521463866119713404e-01
7.954101562500000000e-01 3.521683100549303780e-01
7.955322265625000000e-01 3.521902392853311081e-01
7.956542968750000000e-01 3.522121641937212555e-01
7.957763671875000000e-01 3.522340949324103687e-01
7.958984375000000000e-01 3.522560213060593748e-01
7.960205078125000000e-01 3.522779535532237771e-01
7.961425781250000000e-01 3.522998813919243632e-01
7.962646484375000000e-01 3.523218151477130466e-01
7.963867187500000000e-01 3.523437444512868000e-01
7.965087890625000000e-01 3.523656797158588039e-01
7.966308593750000000e-01 3.523876104841194845e-01
7.967529296875000000e-01 3.524095472576476151e-01
7.968750000000000000e-01 3.524314794904048753e-01
7.969970703125000000e-01 3.524534177730519469e-01
7.971191406250000000e-01 3.524753514701060020e-01
7.972412109375000000e-01 3.524972912620549792e-01
7.973632812500000000e-01 3.525192264231999384e-01
7.974853515625000000e-01 3.525411677246211850e-01
7.976074218750000000e-01 3.525631043496542105e-01
7.977294921875000000e-01 3.525850471607362424e-01
7.978515625000000000e-01 3.526069852494598256e-01
7.979736328125000000e-01 3.526289295703692872e-01
7.980957031250000000e-01 3.526508691225763159e-01
7.982177734375000000e-01 3.526728149535016676e-01
7.983398437500000000e-01 3.526947559689676548e-01
7.984619140625000000e-01 3.527167033101210603e-01
7.985839843750000000e-01 3.527386457886356186e-01
7.987060546875000000e-01 3.527605946401775050e-01
7.988281250000000000e-01 3.527825385815260839e-01
7.989501953125000000e-01 3.528044889436613429e-01
7.990722656250000000e-01 3.528264343476439913e-01
7.991943359375000000e-01 3.528483862205479826e-01
7.993164062500000000e-01 3.528703330869223942e-01
7.994384765625000000e-01 3.528922864708256002e-01
7.995605468750000000e-01 3.529142347993589057e-01
7.996826171875000000e-01 3.529361896944493981e-01
7.998046875000000000e-01 3.529581394849274911e-01
7.999267578125000000e-01 3.529800958914024456e-01
8.000488281250000000e-01 3.530020471435895701e-01
8.001708984375000000e-01 3.530240050616743619e-01
8.002929687500000000e-01 3.530459577753245481e-01
8.004150390625000000e-01 3.530679172052304526e-01
8.005371093750000000e-01 3.530898713801107203e-01
8.006591796875000000e-01 3.531118323220511779e-01
8.007812500000000000e-01 3.531337879579116712e-01
8.009033203125000000e-01 3.531557504120951263e-01
8.010253906250000000e-01 3.531777075087081941e-01
8.011474609375000000e-01 3.531996714753644628e-01
8.012695312500000000e-01 3.532216300324505509e-01
8.013916015625000000e-01 3.532435955118170545e-01
8.015136718750000000e-01 3.532655555291442928e-01
8.016357421875000000e-01 3.532875225214414661e-01
8.017578125000000000e-01 3.533094839987312996e-01
8.018798828125000000e-01 3.533314525042131615e-01
8.020019531250000000e-01 3.533534154412145689e-01
8.021240234375000000e-01 3.533753854601165423e-01
8.022460937500000000e-01 3.533973498565513016e-01
8.023681640625000000e-01 3.534193213890943208e-01
8.024902343750000000e-01 3.534412872447163512e-01
8.026123046875000000e-01 3.534632602911559340e-01
8.027343750000000000e-01 3.534852276056641984e-01
8.028564453125000000e-01 3.535072021662638564e-01
8.029785156250000000e-01 3.535291709393893478e-01
8.031005859375000000e-01 3.535511470143886115e-01
8.032226562500000000e-01 3.535731172458675409e-01
8.033447265625000000e-01 3.535950948355386370e-01
8.034667968750000000e-01 3.536170665250387701e-01
8.035888671875000000e-01 3.536390456296522600e-01
8.037109375000000000e-01 3.536610187768959301e-01
8.038330078125000000e-01 3.536829993967126606e-01
8.039550781250000000e-01 3.537049740014265309e-01
8.040771484375000000e-01 3.537269561367214488e-01
8.041992187500000000e-01 3.537489321985857194e-01
8.043212890625000000e-01 3.537709158496338269e-01
8.044433593750000000e-01 3.537928933683538446e-01
8.045654296875000000e-01 3.538148785354396364e-01
8.046875000000000000e-01 3.538368575106800584e-01
8.048095703125000000e-01 3.538588441940927476e-01
8.049316406250000000e-01 3.538808246255579770e-01
8.050537109375000000e-01 3.539028128255763406e-01
8.051757812500000000e-01 3.539247947129517402e-01
8.052978515625000000e-01 3.539467844298868071e-01
8.054199218750000000e-01 3.539687677728225457e-01
8.055419921875000000e-01 3.539907590069877319e-01
8.056640625000000000e-01 3.540127438051489661e-01
8.057861328125000000e-01 3.540347365568609073e-01
8.059082031250000000e-01 3.540567228099348873e-01
8.060302734375000000e-01 3.540787170794748584e-01
8.061523437500000000e-01 3.541007047870958768e-01
8.062744140625000000e-01 3.541227005748059931e-01
8.063964843750000000e-01 3.541446897366411495e-01
8.065185546875000000e-01 3.541666870428384906e-01
8.066406250000000000e-01 3.541886776585237429e-01
8.067626953125000000e-01 3.542106764835570853e-01
8.068847656250000000e-01 3.542326685527177332e-01
8.070068359375000000e-01 3.542546688968992719e-01
8.071289062500000000e-01 3.542766624192029701e-01
8.072509765625000000e-01 3.542986642829008548e-01
8.073730468750000000e-01 3.543206592579445369e-01
8.074951171875000000e-01 3.543426626414928893e-01
8.076171875000000000e-01 3.543646590689014664e-01
8.077392578125000000e-01 3.543866639726723777e-01
8.078613281250000000e-01 3.544086618520675969e-01
8.079833984375000000e-01 3.544306682764049032e-01
8.081054687500000000e-01 3.544526676073973537e-01
8.082275390625000000e-01 3.544746755526756443e-01
8.083496093750000000e-01 3.544966763348526007e-01
8.084716796875000000e-01 3.545186858014653941e-01
8.085937500000000000e-01 3.545406880344156297e-01
8.087158203125000000e-01 3.545626990227456754e-01
8.088378906250000000e-01 3.545847027060694545e-01
8.089599609375000000e-01 3.546067152164866232e-01
8.090820312500000000e-01 3.546287203497585083e-01
8.092041015625000000e-01 3.546507343826680314e-01
8.093261718750000000e-01 3.546727409654675256e-01
8.094482421875000000e-01 3.546947565212879017e-01
8.095703125000000000e-01 3.547167645531613678e-01
8.096923828125000000e-01 3.547387816323094301e-01
8.098144531250000000e-01 3.547607911128091707e-01
8.099365234375000000e-01 3.547828097156961458e-01
8.100585937500000000e-01 3.548048206443886743e-01
8.101806640625000000e-01 3.548268407714384454e-01
8.103027343750000000e-01 3.548488531478585228e-01
8.104248046875000000e-01 3.548708747995150681e-01
8.105468750000000000e-01 3.548928886231907942e-01
8.106689453125000000e-01 3.549149117998928737e-01
8.107910156250000000e-01 3.549369270703541246e-01
8.109130859375000000e-01 3.549589517725754706e-01
8.110351562500000000e-01 3.549809684893172057e-01
8.111572265625000000e-01 3.550029947175180056e-01
8.112792968750000000e-01 3.550250128800509497e-01
8.114013671875000000e-01 3.550470406346996066e-01
8.115234375000000000e-01 3.550690602425242703e-01
8.116455078125000000e-01 3.550910895241124465e-01
8.117675781250000000e-01 3.551131105767076357e-01
8.118896484375000000e-01 3.551351413857166128e-01
8.120117187500000000e-01 3.551571638825562482e-01
8.121337890625000000e-01 3.551791962195034458e-01
8.122558593750000000e-01 3.552012201600594499e-01
8.123779296875000000e-01 3.552232540254497417e-01
8.125000000000000000e-01 3.552452794091653931e-01
8.126220703125000000e-01 3.552673148035229711e-01
8.127441406250000000e-01 3.552893416298509299e-01
8.128662109375000000e-01 3.553113785537174718e-01
8.129882812500000000e-01 3.553334068220818653e-01
8.131103515625000000e-01 3.553554452759949411e-01
8.132324218750000000e-01 3.553774749858297777e-01
8.133544921875000000e-01 3.553995149703504941e-01
8.134765625000000000e-01 3.554215461210500915e-01
8.135986328125000000e-01 3.554435876367424973e-01
8.137207031250000000e-01 3.554656202277314825e-01
8.138427734375000000e-01 3.554876632751747811e-01
8.139648437500000000e-01 3.555096973058209375e-01
8.140869140625000000e-01 3.555317418856099865e-01
8.142089843750000000e-01 3.555537773552873704e-01
8.143310546875000000e-01 3.555758234680390650e-01
8.144531250000000000e-01 3.555978603761019707e-01
8.145751953125000000e-01 3.556199080224209386e-01
8.146972656250000000e-01 3.556419463682348736e-01
8.148193359375000000e-01 3.556639955487586602e-01
8.149414062500000000e-01 3.556860353316473322e-01
8.150634765625000000e-01 3.557080860470185901e-01
8.151855468750000000e-01 3.557301272663110359e-01
8.153076171875000000e-01 3.557521795171801893e-01
8.154296875000000000e-01 3.557742221721768017e-01
8.155517578125000000e-01 3.557962759592365742e-01
8.156738281250000000e-01 3.558183200492158749e-01
8.157958984375000000e-01 3.558403753731474439e-01
8.159179687500000000e-01 3.558624208974131564e-01
8.160400390625000000e-01 3.558844777589097452e-01
8.161621093750000000e-01 3.559065247167086388e-01
8.162841796875000000e-01 3.559285831164881175e-01
8.164062500000000000e-01 3.559506315070750659e-01
8.165283203125000000e-01 3.559726914458807290e-01
8.166503906250000000e-01 3.559947412684844603e-01
8.167724609375000000e-01 3.560168027470513863e-01
8.168945312500000000e-01 3.560388540008811997e-01
8.170166015625000000e-01 3.560609170200095819e-01
8.171386718750000000e-01 3.560829697042365849e-01
8.172607421875000000e-01 3.561050342647092970e-01
8.173828125000000000e-01 3.561270883785405128e-01
8.175048828125000000e-01 3.561491544811435928e-01
8.176269531250000000e-01 3.561712100237266476e-01
8.177490234375000000e-01 3.561932776692986469e-01
8.178710937500000000e-01 3.562153346397524123e-01
8.179931640625000000e-01 3.562374038291326039e-01
8.181152343750000000e-01 3.562594622266019861e-01
8.182373046875000000e-01 3.562815329606523473e-01
8.183593750000000000e-01 3.563035927842384543e-01
8.184814453125000000e-01 3.563256650638422784e-01
8.186035156250000000e-01 3.563477263126084704e-01
8.187255859375000000e-01 3.563698001386672032e-01
8.188476562500000000e-01 3.563918628116726772e-01
8.189697265625000000e-01 3.564139381851233468e-01
8.190917968750000000e-01 3.564360022813988227e-01
8.192138671875000000e-01 3.564580792031881717e-01
8.193359375000000000e-01 3.564801447217501584e-01
8.194580078125000000e-01 3.565022231928481333e-01
8.195800781250000000e-01 3.565242901326882152e-01
8.197021484375000000e-01 3.565463701540922403e-01
8.198242187500000000e-01 3.565684385141705270e-01
8.199462890625000000e-01 3.565905200868895730e-01
8.200683593750000000e-01 3.566125898661617333e-01
8.201904296875000000e-01 3.566346729912380220e-01
8.203125000000000000e-01 3.566567441886085432e-01
8.204345703125000000e-01 3.566788288671305929e-01
8.205566406250000000e-01 3.567009014814875867e-01
8.206787109375000000e-01 3.567229877145449701e-01
8.208007812500000000e-01 3.567450617447244232e-01
8.209228515625000000e-01 3.567671495334548415e-01
8.210449218750000000e-01 3.567892249783056191e-01
8.211669921875000000e-01 3.568113143238690332e-01
8.212890625000000000e-01 3.568333911821799376e-01
8.214111328125000000e-01 3.568554820857512411e-01
8.215332031250000000e-01 3.568775603563084653e-01
8.216552734375000000e-01 3.568996528191097917e-01
8.217773437500000000e-01 3.569217325006367458e-01
8.218994140625000000e-01 3.569438265239229247e-01
8.220214843750000000e-01 3.569659076151354693e-01
8.221435546875000000e-01 3.569880032001711556e-01
8.222656250000000000e-01 3.570100856997519001e-01
8.223876953125000000e-01 3.570321828478622006e-01
8.225097656250000000e-01 3.570542667544277515e-01
8.226318359375000000e-01 3.570763654669769638e-01
8.227539062500000000e-01 3.570984507791379325e-01
8.228759765625000000e-01 3.571205510575192754e-01
8.229980468750000000e-01 3.571426377738129432e-01
8.231201171875000000e-01 3.571647396194633783e-01
8.232421875000000000e-01 3.571868277384238621e-01
8.233642578125000000e-01 3.572089311527946731e-01
8.234863281250000000e-01 3.572310206729147897e-01
8.236083984375000000e-01 3.572531256575210423e-01
8.237304687500000000e-01 3.572752165772411503e-01
8.238525390625000000e-01 3.572973231336248334e-01
8.239746093750000000e-01 3.573194154513330556e-01
8.240966796875000000e-01 3.573415235811157609e-01
8.242187500000000000e-01 3.573636172951676349e-01
8.243408203125000000e-01 3.573857269999657360e-01
8.244628906250000000e-01 3.574078221086861018e-01
8.245849609375000000e-01 3.574299333901957421e-01
8.247070312500000000e-01 3.574520298918241190e-01
8.248291015625000000e-01 3.574741427517927894e-01
8.249511718750000000e-01 3.574962406445283403e-01
8.250732421875000000e-01 3.575183550847438330e-01
8.251953125000000000e-01 3.575404543667371482e-01
8.253173828125000000e-01 3.575625703890610851e-01
8.254394531250000000e-01 3.575846710584134058e-01
8.255615234375000000e-01 3.576067886647347205e-01
8.256835937500000000e-01 3.576288907194980493e-01
8.258056640625000000e-01 3.576510099117671815e-01
8.259277343750000000e-01 3.576731133499168602e-01
8.260498046875000000e-01 3.576952341301655736e-01
8.261718750000000000e-01 3.577173389496303146e-01
8.262939453125000000e-01 3.577394613199300633e-01
8.264160156250000000e-01 3.577615675185559230e-01
8.265380859375000000e-01 3.577836914810714752e-01
8.266601562500000000e-01 3.578057990566594349e-01
8.267822265625000000e-01 3.578279246135835368e-01
8.269042968750000000e-01 3.578500335638411523e-01
8.270263671875000000e-01 3.578721607174754626e-01
8.271484375000000000e-01 3.578942710400540017e-01
8.272705078125000000e-01 3.579163997927691243e-01
8.273925781250000000e-01 3.579385114852406402e-01
8.275146484375000000e-01 3.579606418394652434e-01
8.276367187500000000e-01 3.579827548993381181e-01
8.277587890625000000e-01 3.580048868575633758e-01
8.278808593750000000e-01 3.580270012822294734e-01
8.280029296875000000e-01 3.580491348471034896e-01
8.281250000000000000e-01 3.580712506338910028e-01
8.282470703125000000e-01 3.580933858080753707e-01
8.283691406250000000e-01 3.581155029542364421e-01
8.284912109375000000e-01 3.581376397405211520e-01
8.286132812500000000e-01 3.581597582431656490e-01
8.287353515625000000e-01 3.581818966444377805e-01
8.288574218750000000e-01 3.582040165006282195e-01
8.289794921875000000e-01 3.582261565198694986e-01
8.291015625000000000e-01 3.582482777265444396e-01
8.292236328125000000e-01 3.582704193668159176e-01
8.293457031250000000e-01 3.582925419208155549e-01
8.294677734375000000e-01 3.583146851853209469e-01
8.295898437500000000e-01 3.583368090833448094e-01
8.297119140625000000e-01 3.583589539754092890e-01
8.298339843750000000e-01 3.583810792140719181e-01
8.299560546875000000e-01 3.584032257371070895e-01
8.300781250000000000e-01 3.584253523128881347e-01
8.302001953125000000e-01 3.584475004704644752e-01
8.303222656250000000e-01 3.584696283796934280e-01
8.304443359375000000e-01 3.584917781755245780e-01
8.305664062500000000e-01 3.585139074144115812e-01
8.306884765625000000e-01 3.585360588522870096e-01
8.308105468750000000e-01 3.585581894169254102e-01
8.309326171875000000e-01 3.585803425008401435e-01
8.310546875000000000e-01 3.586024743871199516e-01
8.311767578125000000e-01 3.586246291212331627e-01
8.312988281250000000e-01 3.586467623248982273e-01
8.314208984375000000e-01 3.586689187134751156e-01
8.315429687500000000e-01 3.586910532301844645e-01
8.316650390625000000e-01 3.587132112776535431e-01
8.317871093750000000e-01 3.587353471027592833e-01
8.319091796875000000e-01 3.587575068138724732e-01
8.320312500000000000e-01 3.587796439425751105e-01
8.321533203125000000e-01 3.588018053221343484e-01
8.322753906250000000e-01 3.588239437495005513e-01
8.323974609375000000e-01 3.588461068025275980e-01
8.325195312500000000e-01 3.588682465234019903e-01
8.326416015625000000e-01 3.588904112551414838e-01
8.327636718750000000e-01 3.589125522641106736e-01
8.328857421875000000e-01 3.589347186800455614e-01
8.330078125000000000e-01 3.589568609714943181e-01
8.331298828125000000e-01 3.589790290773648418e-01
8.332519531250000000e-01 3.590011726454124252e-01
8.333740234375000000e-01 3.590233424471559465e-01
8.334960937500000000e-01 3.590454872856839175e-01
8.336181640625000000e-01 3.590676587895481053e-01
8.337402343750000000e-01 3.590898048921611907e-01
8.338623046875000000e-01 3.591119781046567816e-01
8.339843750000000000e-01 3.591341254646354120e-01
8.341064453125000000e-01 3.591563003925932751e-01
8.342285156250000000e-01 3.591784490029598098e-01
8.343505859375000000e-01 3.592006256534863162e-01
8.344726562500000000e-01 3.592227755069136719e-01
8.345947265625000000e-01 3.592449538874910031e-01
8.347167968750000000e-01 3.592671049762863333e-01
8.348388671875000000e-01 3.592892850947486671e-01
8.349609375000000000e-01 3.593114374108895004e-01
8.350830078125000000e-01 3.593336192754280622e-01
8.352050781250000000e-01 3.593557728104591065e-01
8.353271484375000000e-01 3.593779564297211460e-01
8.354492187500000000e-01 3.594001111747688326e-01
8.355712890625000000e-01 3.594222965577935636e-01
8.356933593750000000e-01 3.594444525035598303e-01
8.358154296875000000e-01 3.594666396598600877e-01
8.359375000000000000e-01 3.594887967965490483e-01
8.360595703125000000e-01 3.595109857361567518e-01
8.361816406250000000e-01 3.595331440534539347e-01
8.363037109375000000e-01 3.595553347869219762e-01
8.364257812500000000e-01 3.595774942739629609e-01
8.365478515625000000e-01 3.595996868123986778e-01
8.366699218750000000e-01 3.596218474577329016e-01
8.367919921875000000e-01 3.596440418128997174e-01
8.369140625000000000e-01 3.596662036044214750e-01
8.370361328125000000e-01 3.596883997887010409e-01
8.371582031250000000e-01 3.597105627136458761e-01
8.372802734375000000e-01 3.597327607401470395e-01
8.374023437500000000e-01 3.597549247850047593e-01
8.375244140625000000e-01 3.597771246676013668e-01
8.376464843750000000e-01 3.597992898180590871e-01
8.377685546875000000e-01 3.598214915714302853e-01
8.378906250000000000e-01 3.598436578123451191e-01
8.380126953125000000e-01 3.598658614520965360e-01
8.381347656250000000e-01 3.598880287673585365e-01
8.382568359375000000e-01 3.599102343100477608e-01
8.383789062500000000e-01 3.599324026825695966e-01
8.385009765625000000e-01 3.599546101457655745e-01
8.386230468750000000e-01 3.599767795573520779e-01
8.387451171875000000e-01 3.599989889598342319e-01
8.388671875000000000e-01 3.600211593911158414e-01
8.389892578125000000e-01 3.600433707528264970e-01
8.391113281250000000e-01 3.600655421831482905e-01
8.392333984375000000e-01 3.600877555254172191e-01
8.393554687500000000e-01 3.601099279327114044e-01
8.394775390625000000e-01 3.601321432783293752e-01
8.395996093750000000e-01 3.601543166389724049e-01
8.397216796875000000e-01 3.601765340123344594e-01
8.398437500000000000e-01 3.601987083010565471e-01
8.399658203125000000e-01 3.602209277283339173e-01
8.400878906250000000e-01 3.602431029179704591e-01
8.402099609375000000e-01 3.602653244272770450e-01
8.403320312500000000e-01 3.602875004886527122e-01
8.404541015625000000e-01 3.603097241102286574e-01
8.405761718750000000e-01 3.603319010119203636e-01
8.406982421875000000e-01 3.603541267783529900e-01
8.408203125000000000e-01 3.603763044864654597e-01
8.409423828125000000e-01 3.603985324329843087e-01
8.410644531250000000e-01 3.604207109108586993e-01
8.411865234375000000e-01 3.604429410755555230e-01
8.413085937500000000e-01 3.604651202835033041e-01
8.414306640625000000e-01 3.604873527077144812e-01
8.415527343750000000e-01 3.605095326026129809e-01
8.416748046875000000e-01 3.605317673312478655e-01
8.417968750000000000e-01 3.605539478661984321e-01
8.419189453125000000e-01 3.605761849482189141e-01
8.420410156250000000e-01 3.605983660720420425e-01
8.421630859375000000e-01 3.606206055609088024e-01
8.422851562500000000e-01 3.606427872176585225e-01
8.424072265625000000e-01 3.606650291719206147e-01
8.425292968750000000e-01 3.606872113002061453e-01
8.426513671875000000e-01 3.607094557841853955e-01
8.427734375000000000e-01 3.607316383164942963e-01
8.428955078125000000e-01 3.607538854010529095e-01
8.430175781250000000e-01 3.607760682628824433e-01
8.431396484375000000e-01 3.607983180263478196e-01
8.432617187500000000e-01 3.608205011352180192e-01
8.433837890625000000e-01 3.608427536644513989e-01
8.435058593750000000e-01 3.608649369287464381e-01
8.436279296875000000e-01 3.608871923204436394e-01
8.437500000000000000e-01 3.609093756379450069e-01
8.438720703125000000e-01 3.609316340001737511e-01
8.439941406250000000e-01 3.609538172564235592e-01
8.441162109375000000e-01 3.609760787104678847e-01
8.442382812500000000e-01 3.609982617767171775e-01
8.443603515625000000e-01 3.610205264593872587e-01
8.444824218750000000e-01 3.610427091900583196e-01
8.446044921875000000e-01 3.610649772563713777e-01
8.447265625000000000e-01 3.610871594860746159e-01
8.448486328125000000e-01 3.611094311126751832e-01
8.449707031250000000e-01 3.611316126523967385e-01
8.450927734375000000e-01 3.611538880417783370e-01
8.452148437500000000e-01 3.611760686741916637e-01
8.453369140625000000e-01 3.611983480599669782e-01
8.454589843750000000e-01 3.612205275334099408e-01
8.455810546875000000e-01 3.612428111870822911e-01
8.457031250000000000e-01 3.612649892080100900e-01
8.458251953125000000e-01 3.612872774475855975e-01
8.459472656250000000e-01 3.613094536706543680e-01
8.460693359375000000e-01 3.613317468719328684e-01
8.461914062500000000e-01 3.613539208871192066e-01
8.463134765625000000e-01 3.613762194985911669e-01
8.464355468750000000e-01 3.613983908139268841e-01
8.465576171875000000e-01 3.614206953767620245e-01
8.466796875000000000e-01 3.614428633949814951e-01
8.468017578125000000e-01 3.614651745705300123e-01
8.469238281250000000e-01 3.614873385566488850e-01
8.470458984375000000e-01 3.615096571647928858e-01
8.471679687500000000e-01 3.615318162003236524e-01
8.472900390625000000e-01 3.615541432745623118e-01
8.474121093750000000e-01 3.615762961909088080e-01
8.475341796875000000e-01 3.615986330595005738e-01
8.476562500000000000e-01 3.616207783381104046e-01
8.477783203125000000e-01 3.616431267480337275e-01
8.479003906250000000e-01 3.616652623652226728e-01
8.480224609375000000e-01 3.616876246785226678e-01
8.481445312500000000e-01 3.617097478537966149e-01
8.482666015625000000e-01 3.617321273745237042e-01
8.483886718750000000e-01 3.617542341397851358e-01
8.485107421875000000e-01 3.617766356910050995e-01
8.486328125000000000e-01 3.617987201030266053e-01
8.487548828125000000e-01 3.618211511247590995e-01
8.488769531250000000e-01 3.618432036966492404e-01
8.489990234375000000e-01 3.618656765517109242e-01
8.491210937500000000e-01 3.618876807468076051e-01
8.492431640625000000e-01 3.619102182723652472e-01
8.493652343750000000e-01 3.619321412646907543e-01
8.494873046875000000e-01 3.619547931505248117e-01
8.496093750000000000e-01 3.619765542854909701e-01
8.497314453125000000e-01 3.619994652167901061e-01
8.498535156250000000e-01 3.620207605926089034e-01
8.499755859375000000e-01 3.620447915651062720e-01
8.500976562500000000e-01 7.716572285110798179e-02
8.502197265625000000e-01 7.716637108854593197e-02
8.503417968750000000e-01 7.716976163430508406e-02
8.504638671875000000e-01 7.717152836788025716e-02
8.505859375000000000e-01 7.717445162892376531e-02
8.507080078125000000e-01 7.717647587590506508e-02
8.508300781250000000e-01 7.717923575046539697e-02
8.509521484375000000e-01 7.718137282696083123e-02
8.510742187500000000e-01 7.718404996896659209e-02
8.511962890625000000e-01 7.718625018548019856e-02
8.513183593750000000e-01 7.718887742067645497e-02
8.514404296875000000e-01 7.719111794010143079e-02
8.515625000000000000e-01 7.719371180505361918e-02
8.516845703125000000e-01 7.719598026455727624e-02
8.518066406250000000e-01 7.719855024610393357e-02
8.519287109375000000e-01 7.720083920565221081e-02
8.520507812500000000e-01 7.720339124693600952e-02
8.521728515625000000e-01 7.720569588343387246e-02
8.522949218750000000e-01 7.720823395251941168e-02
8.524169921875000000e-01 7.721055096186055233e-02
8.525390625000000000e-01 7.721307783920947077e-02
8.526611328125000000e-01 7.721540485929757891e-02
8.527832031250000000e-01 7.721792256854004277e-02
8.529052734375000000e-01 7.722025785238198492e-02
8.530273437500000000e-01 7.722276791203963597e-02
8.531494140625000000e-01 7.722511013127475454e-02
8.532714843750000000e-01 7.722761370992496655e-02
8.533935546875000000e-01 7.722996183102592838e-02
8.535156250000000000e-01 7.723245984710515322e-02
8.536376953125000000e-01 7.723481305015295062e-02
8.537597656250000000e-01 7.723730623860111666e-02
8.538818359375000000e-01 7.723966386218802938e-02
8.540039062500000000e-01 7.724215282024397833e-02
8.541259765625000000e-01 7.724451432313447774e-02
8.542480468750000000e-01 7.724699954274981406e-02
8.543701171875000000e-01 7.724936447641186921e-02
8.544921875000000000e-01 7.725184636756801670e-02
8.546142578125000000e-01 7.725421435613499810e-02
8.547363281250000000e-01 7.725669326414227878e-02
8.548583984375000000e-01 7.725906398956568222e-02
8.549804687500000000e-01 7.726154020793717103e-02
8.551025390625000000e-01 7.726391339866695018e-02
8.552246093750000000e-01 7.726638717902357956e-02
8.553466796875000000e-01 7.726876260137292840e-02
8.554687500000000000e-01 7.727123416101785991e-02
8.555908203125000000e-01 7.727361161246337762e-02
8.557128906250000000e-01 7.727608114037383402e-02
8.558349609375000000e-01 7.727846044419969807e-02
8.559570312500000000e-01 7.728092810573872207e-02
8.560791015625000000e-01 7.728330910687318533e-02
8.562011718750000000e-01 7.728577504757935812e-02
8.563232421875000000e-01 7.728815760918875122e-02
8.564453125000000000e-01 7.729062195776295607e-02
8.565673828125000000e-01 7.729300595849783462e-02
8.566894531250000000e-01 7.729546882938864716e-02
8.568115234375000000e-01 7.729785416111359386e-02
8.569335937500000000e-01 7.730031565647994818e-02
8.570556640625000000e-01 7.730270222246249379e-02
8.571777343750000000e-01 7.730516243392590581e-02
8.572998046875000000e-01 7.730755014722989760e-02
8.574218750000000000e-01 7.731000915721984723e-02
8.575439453125000000e-01 7.731239793947615457e-02
8.576660156250000000e-01 7.731485582246118426e-02
8.577880859375000000e-01 7.731724560276197200e-02
8.579101562500000000e-01 7.731970242621852285e-02
8.580322265625000000e-01 7.732209314018440027e-02
8.581542968750000000e-01 7.732454896547505396e-02
8.582763671875000000e-01 7.732694055450806125e-02
8.583984375000000000e-01 7.732939543753387934e-02
8.585205078125000000e-01 7.733178784811267636e-02
8.586425781250000000e-01 7.733424184003775959e-02
8.587646484375000000e-01 7.733663502314933047e-02
8.588867187500000000e-01 7.733908817085233256e-02
8.590087890625000000e-01 7.734148208152447079e-02
8.591308593750000000e-01 7.734393442805967411e-02
8.592529296875000000e-01 7.734632902493217277e-02
8.593750000000000000e-01 7.734878060997443794e-02
8.594970703125000000e-01 7.735117585487455427e-02
8.596191406250000000e-01 7.735362671504894538e-02
8.597412109375000000e-01 7.735602257270533799e-02
8.598632812500000000e-01 7.735847274186974376e-02
8.599853515625000000e-01 7.736086917965749599e-02
8.601074218750000000e-01 7.736331868919874011e-02
8.602294921875000000e-01 7.736571567679985384e-02
8.603515625000000000e-01 7.736816455588158004e-02
8.604736328125000000e-01 7.737056206513466539e-02
8.605957031250000000e-01 7.737301034087101792e-02
8.607177734375000000e-01 7.737540834556033698e-02
8.608398437500000000e-01 7.737785604319158406e-02
8.609619140625000000e-01 7.738025451885879868e-02
8.610839843750000000e-01 7.738270166198837896e-02
8.612060546875000000e-01 7.738510058580280737e-02
8.613281250000000000e-01 7.738754719644552749e-02
8.614501953125000000e-01 7.738994654701095155e-02
8.615722656250000000e-01 7.739239264580639877e-02
8.616943359375000000e-01 7.739479240312732711e-02
8.618164062500000000e-01 7.739723800940639942e-02
8.619384765625000000e-01 7.739963815467200414e-02
8.620605468750000000e-01 7.740208328659559101e-02
8.621826171875000000e-01 7.740448380217083979e-02
8.623046875000000000e-01 7.740692847679135624e-02
8.624267578125000000e-01 7.740932934604785598e-02
8.625488281250000000e-01 7.741177357945183690e-02
8.626708984375000000e-01 7.741417478675063912e-02
8.627929687500000000e-01 7.741661859405024604e-02
8.629150390625000000e-01 7.741902012465573524e-02
8.630371093750000000e-01 7.742146352013620780e-02
8.631591796875000000e-01 7.742386536012071940e-02
8.632812500000000000e-01 7.742630835723346427e-02
8.634033203125000000e-01 7.742871049344580980e-02
8.635253906250000000e-01 7.743115310494386172e-02
8.636474609375000000e-01 7.743355552493599858e-02
8.637695312500000000e-01 7.743599776288041803e-02
8.638916015625000000e-01 7.743840045483532664e-02
8.640136718750000000e-01 7.744084233066783618e-02
8.641357421875000000e-01 7.744324528343686509e-02
8.642578125000000000e-01 7.744568680797103699e-02
8.643798828125000000e-01 7.744809001093176659e-02
8.645019531250000000e-01 7.745053119444353373e-02
8.646240234375000000e-01 7.745293463754800156e-02
8.647460937500000000e-01 7.745537548980163667e-02
8.648681640625000000e-01 7.745777916345000791e-02
8.649902343750000000e-01 7.746021969373864668e-02
8.651123046875000000e-01 7.746262358882716192e-02
8.652343750000000000e-01 7.746506380597142916e-02
8.653564453125000000e-01 7.746746791383235520e-02
8.654785156250000000e-01 7.746990782626647642e-02
8.656005859375000000e-01 7.747231213862978971e-02
8.657226562500000000e-01 7.747475175433522765e-02
8.658447265625000000e-01 7.747715626333372130e-02
8.659667968750000000e-01 7.747959558996586615e-02
8.660888671875000000e-01 7.748200028806384587e-02
8.662109375000000000e-01 7.748443933293941432e-02
8.663330078125000000e-01 7.748684421295232161e-02
8.664550781250000000e-01 7.748928298299899431e-02
8.665771484375000000e-01 7.749168803807039707e-02
8.666992187500000000e-01 7.749412653998166700e-02
8.668212890625000000e-01 7.749653176353603345e-02
8.669433593750000000e-01 7.749897000366653965e-02
8.670654296875000000e-01 7.750137538941714865e-02
8.671875000000000000e-01 7.750381337386338942e-02
8.673095703125000000e-01 7.750621891580519729e-02
8.674316406250000000e-01 7.750865665041138663e-02
8.675537109375000000e-01 7.751106234274882101e-02
8.676757812500000000e-01 7.751349983311486835e-02
8.677978515625000000e-01 7.751590567032359824e-02
8.679199218750000000e-01 7.751834292179976549e-02
8.680419921875000000e-01 7.752074889859250639e-02
8.681640625000000000e-01 7.752318591632020861e-02
8.682861328125000000e-01 7.752559202759179424e-02
8.684082031250000000e-01 7.752802881650185107e-02
8.685302734375000000e-01 7.753043505737519658e-02
8.686523437500000000e-01 7.753287162221350615e-02
8.687744140625000000e-01 7.753527798795738224e-02
8.688964843750000000e-01 7.753771433329113838e-02
8.690185546875000000e-01 7.754012081940643564e-02
8.691406250000000000e-01 7.754255694958971101e-02
8.692626953125000000e-01 7.754496355173304267e-02
8.693847656250000000e-01 7.754739947099564823e-02
8.695068359375000000e-01 7.754980618494758393e-02
8.696289062500000000e-01 7.755224189736112383e-02
8.697509765625000000e-01 7.755464871911255109e-02
8.698730468750000000e-01 7.755708422854812323e-02
8.699951171875000000e-01 7.755949115421793827e-02
8.701171875000000000e-01 7.756192646444481920e-02
8.702392578125000000e-01 7.756433349027529178e-02
8.703613281250000000e-01 7.756676860491740211e-02
8.704833984375000000e-01 7.756917572731167332e-02
8.706054687500000000e-01 7.757161064985203247e-02
8.707275390625000000e-01 7.757401786531954724e-02
8.708496093750000000e-01 7.757645259913434344e-02
8.709716796875000000e-01 7.757885990430531120e-02
8.710937500000000000e-01 7.758129445264896895e-02
8.712158203125000000e-01 7.758370184426990890e-02
8.713378906250000000e-01 7.758613621027693474e-02
8.714599609375000000e-01 7.758854368521408973e-02
8.715820312500000000e-01 7.759097787192276163e-02
8.717041015625000000e-01 7.759338542716096021e-02
8.718261718750000000e-01 7.759581943746407529e-02
8.719482421875000000e-01 7.759822707006511222e-02
8.720703125000000000e-01 7.760066090681685957e-02
8.721923828125000000e-01 7.760306861393459488e-02
8.723144531250000000e-01 7.760550227986477700e-02
8.724365234375000000e-01 7.760791005877115678e-02
8.725585937500000000e-01 7.761034355652575434e-02
8.726806640625000000e-01 7.761275140454751420e-02
8.728027343750000000e-01 7.761518473668264917e-02
8.729248046875000000e-01 7.761759265124849871e-02
8.730468750000000000e-01 7.762002582024166153e-02
8.731689453125000000e-01 7.762243379886391015e-02
8.732910156250000000e-01 7.762486680712060716e-02
8.734130859375000000e-01 7.762727484740374051e-02
8.735351562500000000e-01 7.762970769721208586e-02
8.736572265625000000e-01 7.763211579679508978e-02
8.737792968750000000e-01 7.763454849043188721e-02
8.739013671875000000e-01 7.763695664706006527e-02
8.740234375000000000e-01 7.763938918670174050e-02
8.741455078125000000e-01 7.764179739815815773e-02
8.742675781250000000e-01 7.764422978591223323e-02
8.743896484375000000e-01 7.764663805009133779e-02
8.745117187500000000e-01 7.764907028798370692e-02
8.746337890625000000e-01 7.765147860279335290e-02
8.747558593750000000e-01 7.765391069284816039e-02
8.748779296875000000e-01 7.765631905625938747e-02
8.750000000000000000e-01 7.765875100039879020e-02
8.751220703125000000e-01 7.766115941048336302e-02
8.752441406250000000e-01 7.766359121055517456e-02
8.753662109375000000e-01 7.766599966540371769e-02
8.754882812500000000e-01 7.766843132324752208e-02
8.756103515625000000e-01 7.767083982102501727e-02
8.757324218750000000e-01 7.767327133838972109e-02
8.758544921875000000e-01 7.767567987729365186e-02
8.759765625000000000e-01 7.767811125588656995e-02
8.760986328125000000e-01 7.768051983415656669e-02
8.762207031250000000e-01 7.768295107565925672e-02
8.763427734375000000e-01 7.768535969164232224e-02
8.764648437500000000e-01 7.768779079769208562e-02
8.765869140625000000e-01 7.769019944966631952e-02
8.767089843750000000e-01 7.769263042181545620e-02
8.768310546875000000e-01 7.769503910825040216e-02
8.769531250000000000e-01 7.769746994799434092e-02
8.770751953125000000e-01 7.769987866729576031e-02
8.771972656250000000e-01 7.770230937614228117e-02
8.773193359375000000e-01 7.770471812680629364e-02
8.774414062500000000e-01 7.770714870619534198e-02
8.775634765625000000e-01 7.770955748674859831e-02
8.776855468750000000e-01 7.771198793810209227e-02
8.778076171875000000e-01 7.771439674706190348e-02
8.779296875000000000e-01 7.771682707174465410e-02
8.780517578125000000e-01 7.771923590772278345e-02
8.781738281250000000e-01 7.772166610707459400e-02
8.782958984375000000e-01 7.772407496869135346e-02
8.784179687500000000e-01 7.772650504403312566e-02
8.785400390625000000e-01 7.772891392993763748e-02
8.786621093750000000e-01 7.773134388249064441e-02
8.787841796875000000e-01 7.773375279142094585e-02
8.789062500000000000e-01 7.773618262241550891e-02
8.790283203125000000e-01 7.773859155309321978e-02
8.791503906250000000e-01 7.774102126375356803e-02
8.792724609375000000e-01 7.774343021492646777e-02
8.793945312500000000e-01 7.774585980641339489e-02
8.795166015625000000e-01 7.774826877686392967e-02
8.796386718750000000e-01 7.775069825031225013e-02
8.797607421875000000e-01 7.775310723886666442e-02
8.798828125000000000e-01 7.775553659540528073e-02
8.800048828125000000e-01 7.775794560090315555e-02
8.801269531250000000e-01 7.776037484160944202e-02
8.802490234375000000e-01 7.776278386293536404e-02
8.803710937500000000e-01 7.776521298885571976e-02
8.804931640625000000e-01 7.776762202490672404e-02
8.806152343750000000e-01 7.777005103708201084e-02
8.807373046875000000e-01 7.777246008679447598e-02
8.808593750000000000e-01 7.777488898622036961e-02
8.809814453125000000e-01 7.777729804852961948e-02
8.811035156250000000e-01 7.777972683619967242e-02
8.812255859375000000e-01 7.778213591009495997e-02
8.813476562500000000e-01 7.778456458695266751e-02
8.814697265625000000e-01 7.778697367143791452e-02
8.815917968750000000e-01 7.778940223842414903e-02
8.817138671875000000e-01 7.779181133249109259e-02
8.818359375000000000e-01 7.779423979052664528e-02
8.819580078125000000e-01 7.779664889322859822e-02
8.820800781250000000e-01 7.779907724320669904e-02
8.822021484375000000e-01 7.780148635362243992e-02
8.823242187500000000e-01 7.780391459640409457e-02
8.824462890625000000e-01 7.780632371360605981e-02
8.825683593750000000e-01 7.780875185003607863e-02
8.826904296875000000e-01 7.781116097313187097e-02
8.828125000000000000e-01 7.781358900404818091e-02
8.829345703125000000e-01 7.781599813215427097e-02
8.830566406250000000e-01 7.781842605837893667e-02
8.831787109375000000e-01 7.782083519064962596e-02
8.833007812500000000e-01 7.782326301295616755e-02
8.834228515625000000e-01 7.782567214855323767e-02
8.835449218750000000e-01 7.782809986774009980e-02
8.836669921875000000e-01 7.783050900580937292e-02
8.837890625000000000e-01 7.783293662262460999e-02
8.839111328125000000e-01 7.783534576239789504e-02
8.840332031250000000e-01 7.783777327758176212e-02
8.841552734375000000e-01 7.784018241824676443e-02
8.842773437500000000e-01 7.784260983251951871e-02
8.843994140625000000e-01 7.784501897331817799e-02
8.845214843750000000e-01 7.784744628739923011e-02
8.846435546875000000e-01 7.784985542756778232e-02
8.847656250000000000e-01 7.785228264214061333e-02
8.848876953125000000e-01 7.785469178093565312e-02
8.850097656250000000e-01 7.785711889669402752e-02
8.851318359375000000e-01 7.785952803338797024e-02
8.852539062500000000e-01 7.786195505098800207e-02
8.853759765625000000e-01 7.786436418486680777e-02
8.854980468750000000e-01 7.786679110495217659e-02
8.856201171875000000e-01 7.786920023533329405e-02
8.857421875000000000e-01 7.787162705854983047e-02
8.858642578125000000e-01 7.787403618473454081e-02
8.859863281250000000e-01 7.787646291169983415e-02
8.861083984375000000e-01 7.787887203302464034e-02
8.862304687500000000e-01 7.788129866433730897e-02
8.863525390625000000e-01 7.788370778013589679e-02
8.864746093750000000e-01 7.788613431640817319e-02
8.865966796875000000e-01 7.788854342603826475e-02
8.867187500000000000e-01 7.789096986785394583e-02
8.868408203125000000e-01 7.789337897068523975e-02
8.869628906250000000e-01 7.789580531860720858e-02
8.870849609375000000e-01 7.789821441401237334e-02
8.872070312500000000e-01 7.790064066860752368e-02
8.873291015625000000e-01 7.790304975597936443e-02
8.874511718750000000e-01 7.790547591778988756e-02
8.875732421875000000e-01 7.790788499653551746e-02
8.876953125000000000e-01 7.791031106610092627e-02
8.878173828125000000e-01 7.791272013562240695e-02
8.879394531250000000e-01 7.791514611348085428e-02
8.880615234375000000e-01 7.791755517319823299e-02
8.881835937500000000e-01 7.791998105985266376e-02
8.883056640625000000e-01 7.792239010920747055e-02
8.884277343750000000e-01 7.792481590518361700e-02
8.885498046875000000e-01 7.792722494361317698e-02
8.886718750000000000e-01 7.792965064938946196e-02
8.887939453125000000e-01 7.793205967635151443e-02
8.889160156250000000e-01 7.793448529242472111e-02
8.890380859375000000e-01 7.793689430737600621e-02
8.891601562500000000e-01 7.793931983420904208e-02
8.892822265625000000e-01 7.794172883663395834e-02
8.894042968750000000e-01 7.794415427469769675e-02
8.895263671875000000e-01 7.794656326407033153e-02
8.896484375000000000e-01 7.794898861383096900e-02
8.897705078125000000e-01 7.795139758964753085e-02
8.898925781250000000e-01 7.795382285155080804e-02
8.900146484375000000e-01 7.795623181329618123e-02
8.901367187500000000e-01 7.795865698779227970e-02
8.902587890625000000e-01 7.796106593497018067e-02
8.903808593750000000e-01 7.796349102248963103e-02
8.905029296875000000e-01 7.796589995464418832e-02
8.906250000000000000e-01 7.796832495558733700e-02
8.907470703125000000e-01 7.797073387223846241e-02
8.908691406250000000e-01 7.797315878703511838e-02
8.909912109375000000e-01 7.797556768769718649e-02
8.911132812500000000e-01 7.797799251676371113e-02
8.912353515625000000e-01 7.798040140099030126e-02
8.913574218750000000e-01 7.798282614470954111e-02
8.914794921875000000e-01 7.798523501204050745e-02
8.916015625000000000e-01 7.798765967083198802e-02
8.917236328125000000e-01 7.799006852082625285e-02
8.918457031250000000e-01 7.799249309505136563e-02
8.919677734375000000e-01 7.799490192727603910e-02
8.920898437500000000e-01 7.799732641732230742e-02
8.922119140625000000e-01 7.799973523135021736e-02
8.923339843750000000e-01 7.800215963757785309e-02
8.924560546875000000e-01 7.800456843296524334e-02
8.925781250000000000e-01 7.800699275576486458e-02
8.927001953125000000e-01 7.800940153210506045e-02
8.928222656250000000e-01 7.801182577182713684e-02
8.929443359375000000e-01 7.801423452870072384e-02
8.930664062500000000e-01 7.801665868567733697e-02
8.931884765625000000e-01 7.801906742270067752e-02
8.933105468750000000e-01 7.802149149730694400e-02
8.934326171875000000e-01 7.802390021406474530e-02
8.935546875000000000e-01 7.802632420661612112e-02
8.936767578125000000e-01 7.802873290272514806e-02
8.937988281250000000e-01 7.803115681356249944e-02
8.939208984375000000e-01 7.803356548863149555e-02
8.940429687500000000e-01 7.803598931808539141e-02
8.941650390625000000e-01 7.803839797174041970e-02
8.942871093750000000e-01 7.804082172012125063e-02
8.944091796875000000e-01 7.804323035197448244e-02
8.945312500000000000e-01 7.804565401962557103e-02
8.946533203125000000e-01 7.804806262932682814e-02
8.947753906250000000e-01 7.805048621651707041e-02
8.948974609375000000e-01 7.805289480371419009e-02
8.950195312500000000e-01 7.805531831076743809e-02
8.951416015625000000e-01 7.805772687507230023e-02
8.952636718750000000e-01 7.806015030231011620e-02
8.953857421875000000e-01 7.806255884335876194e-02
8.955078125000000000e-01 7.806498219105571790e-02
8.956298828125000000e-01 7.806739070853227491e-02
8.957519531250000000e-01 7.806981397697029812e-02
8.958740234375000000e-01 7.807222247052114650e-02
8.959960937500000000e-01 7.807464565999983064e-02
8.961181640625000000e-01 7.807705412929298594e-02
8.962402343750000000e-01 7.807947724007249790e-02
8.963623046875000000e-01 7.808188568478557912e-02
8.964843750000000000e-01 7.808430871715341115e-02
8.966064453125000000e-01 7.808671713694992356e-02
8.967285156250000000e-01 7.808914009117368105e-02
8.968505859375000000e-01 7.809154848572147367e-02
8.969726562500000000e-01 7.809397136204468404e-02
8.970947265625000000e-01 7.809637973104439912e-02
8.972167968750000000e-01 7.809880252976614257e-02
8.973388671875000000e-01 7.810121087288354746e-02
8.974609375000000000e-01 7.810363359423681817e-02
8.975830078125000000e-01 7.810604191116105044e-02
8.977050781250000000e-01 7.810846455540834676e-02
8.978271484375000000e-01 7.811087284583626000e-02
8.979492187500000000e-01 7.811329541322978298e-02
8.980712890625000000e-01 7.811570367685950755e-02
8.981933593750000000e-01 7.811812616763846862e-02
8.983154296875000000e-01 7.812053440417648931e-02
8.984375000000000000e-01 7.812295681856695762e-02
8.985595703125000000e-01 7.812536502773650970e-02
8.986816406250000000e-01 7.812778736598645357e-02
8.988037109375000000e-01 7.813019554746913897e-02
8.989257812500000000e-01 7.813261780981556326e-02
8.990478515625000000e-01 7.813502596334637174e-02
8.991699218750000000e-01 7.813744815000119026e-02
8.992919921875000000e-01 7.813985627529208833e-02
8.994140625000000000e-01 7.814227838649488722e-02
8.995361328125000000e-01 7.814468648326187983e-02
8.996582031250000000e-01 7.814710851921793933e-02
8.997802734375000000e-01 7.814951658719579419e-02
8.999023437500000000e-01 7.815193854812674257e-02
9.000244140625000000e-01 7.815434658703537818e-02
9.001464843750000000e-01 7.815676847316588294e-02
9.002685546875000000e-01 7.815917648275103047e-02
9.003906250000000000e-01 7.816159829427926642e-02
9.005126953125000000e-01 7.816400627425940106e-02
9.006347656250000000e-01 7.816642801140720465e-02
9.007568359375000000e-01 7.816883596153172131e-02
9.008789062500000000e-01 7.817125762448759452e-02
9.010009765625000000e-01 7.817366554449516058e-02
9.011230468750000000e-01 7.817608713346482774e-02
9.012451171875000000e-01 7.817849502309622001e-02
9.013671875000000000e-01 7.818091653827938248e-02
9.014892578125000000e-01 7.818332439730207861e-02
9.016113281250000000e-01 7.818574583888511509e-02
9.017333984375000000e-01 7.818815366703305014e-02
9.018554687500000000e-01 7.819057503520947250e-02
9.019775390625000000e-01 7.819298283225725732e-02
9.020996093750000000e-01 7.819540412720524247e-02
9.022216796875000000e-01 7.819781189289677636e-02
9.023437500000000000e-01 7.820023311481194561e-02
9.024658203125000000e-01 7.820264084890443668e-02
9.025878906250000000e-01 7.820506199796624369e-02
9.027099609375000000e-01 7.820746970023856326e-02
9.028320312500000000e-01 7.820989077662834910e-02
9.029541015625000000e-01 7.821229844684160493e-02
9.030761718750000000e-01 7.821471945073209253e-02
9.031982421875000000e-01 7.821712708864084207e-02
9.033203125000000000e-01 7.821954802021366393e-02
9.034423828125000000e-01 7.822195562560206594e-02
9.035644531250000000e-01 7.822437648501981422e-02
9.036865234375000000e-01 7.822678405766148035e-02
9.038085937500000000e-01 7.822920484509997274e-02
9.039306640625000000e-01 7.823161238476725177e-02
9.040527343750000000e-01 7.823403310038698488e-02
9.041748046875000000e-01 7.823644060686774093e-02
9.042968750000000000e-01 7.823886125082364640e-02
9.044189453125000000e-01 7.824126872389530751e-02
9.045410156250000000e-01 7.824368929636409120e-02
9.046630859375000000e-01 7.824609673580930347e-02
9.047851562500000000e-01 7.824851723693866667e-02
9.049072265625000000e-01 7.825092464255779812e-02
9.050292968750000000e-01 7.825334507250059080e-02
9.051513671875000000e-01 7.825575244407870223e-02
9.052734375000000000e-01 7.825817280298751066e-02
9.053955078125000000e-01 7.826058014031261889e-02
9.055175781250000000e-01 7.826300042835496185e-02
9.056396484375000000e-01 7.826540773121380690e-02
9.057617187500000000e-01 7.826782794851923353e-02
9.058837890625000000e-01 7.827023521671451489e-02
9.060058593750000000e-01 7.827265536345152930e-02
9.061279296875000000e-01 7.827506259677850797e-02
9.062500000000000000e-01 7.827748267306715302e-02
9.063720703125000000e-01 7.827988987134028298e-02
9.064941406250000000e-01 7.828230987733236779e-02
9.066162109375000000e-01 7.828471704034896395e-02
9.067382812500000000e-01 7.828713697618949752e-02
9.068603515625000000e-01 7.828954410374452944e-02
9.069824218750000000e-01 7.829196396955873105e-02
9.071044921875000000e-01 7.829437106147507652e-02
9.072265625000000000e-01 7.829679085739693623e-02
9.073486328125000000e-01 7.829919791348112501e-02
9.074707031250000000e-01 7.830161763966027311e-02
9.075927734375000000e-01 7.830402465971775250e-02
9.077148437500000000e-01 7.830644431628032420e-02
9.078369140625000000e-01 7.830885130012417428e-02
9.079589843750000000e-01 7.831127088719656848e-02
9.080810546875000000e-01 7.831367783464072974e-02
9.082031250000000000e-01 7.831609735236219616e-02
9.083251953125000000e-01 7.831850426322703451e-02
9.084472656250000000e-01 7.832092371170622236e-02
9.085693359375000000e-01 7.832333058580553953e-02
9.086914062500000000e-01 7.832574996517577270e-02
9.088134765625000000e-01 7.832815680234239686e-02
9.089355468750000000e-01 7.833057611272897791e-02
9.090576171875000000e-01 7.833298291277253356e-02
9.091796875000000000e-01 7.833540215428730358e-02
9.093017578125000000e-01 7.833780891705111049e-02
9.094238281250000000e-01 7.834022808981311314e-02
9.095458984375000000e-01 7.834263481511119509e-02
9.096679687500000000e-01 7.834505391924473372e-02
9.097900390625000000e-01 7.834746060690153668e-02
9.099121093750000000e-01 7.834987964251551029e-02
9.100341796875000000e-01 7.835228629235821418e-02
9.101562500000000000e-01 7.835470525956994559e-02
9.102783203125000000e-01 7.835711187144508982e-02
9.104003906250000000e-01 7.835953077036308945e-02
9.105224609375000000e-01 7.836193734409074851e-02
9.106445312500000000e-01 7.836435617483376859e-02
9.107666015625000000e-01 7.836676271024127505e-02
9.108886718750000000e-01 7.836918147292160075e-02
9.110107421875000000e-01 7.837158796985729814e-02
9.111328125000000000e-01 7.837400666456660614e-02
9.112548828125000000e-01 7.837641312287188522e-02
9.113769531250000000e-01 7.837883174972017086e-02
9.114990234375000000e-01 7.838123816923062148e-02
9.116210937500000000e-01 7.838365672832200981e-02
9.117431640625000000e-01 7.838606310888021622e-02
9.118652343750000000e-01 7.838848160031387791e-02
9.119873046875000000e-01 7.839088794175598507e-02
9.121093750000000000e-01 7.839330636564346977e-02
9.122314453125000000e-01 7.839571266781923675e-02
9.123535156250000000e-01 7.839813102424508795e-02
9.124755859375000000e-01 7.840053728700048519e-02
9.125976562500000000e-01 7.840295557607225574e-02
9.127197265625000000e-01 7.840536179924123550e-02
9.128417968750000000e-01 7.840778002106546518e-02
9.129638671875000000e-01 7.841018620450193599e-02
9.130859375000000000e-01 7.841260435915928251e-02
9.132080078125000000e-01 7.841501050272865758e-02
9.133300781250000000e-01 7.841742859031390622e-02
9.134521484375000000e-01 7.841983469384890271e-02
9.135742187500000000e-01 7.842225271446141843e-02
9.136962890625000000e-01 7.842465877782049677e-02
9.138183593750000000e-01 7.842707673154103443e-02
9.139404296875000000e-01 7.842948275457381491e-02
9.140625000000000000e-01 7.843190064151092655e-02
9.141845703125000000e-01 7.843430662408429344e-02
9.143066406250000000e-01 7.843672444429924950e-02
9.144287109375000000e-01 7.843913038626518230e-02
9.145507812500000000e-01 7.844154813986004005e-02
9.146728515625000000e-01 7.844395404105983238e-02
9.147949218750000000e-01 7.844637172812674031e-02
9.149169921875000000e-01 7.844877758843374349e-02
9.150390625000000000e-01 7.845119520905642629e-02
9.151611328125000000e-01 7.845360102832731053e-02
9.152832031250000000e-01 7.845601858257082728e-02
9.154052734375000000e-01 7.845842436066810532e-02
9.155273437500000000e-01 7.846084184864139666e-02
9.156494140625000000e-01 7.846324758541951827e-02
9.157714843750000000e-01 7.846566500719570625e-02
9.158935546875000000e-01 7.846807070251918259e-02
9.160156250000000000e-01 7.847048805817029293e-02
9.161376953125000000e-01 7.847289371190804830e-02
9.162597656250000000e-01 7.847531100152889405e-02
9.163818359375000000e-01 7.847771661353561412e-02
9.165039062500000000e-01 7.848013383719029679e-02
9.166259765625000000e-01 7.848253940734617462e-02
9.167480468750000000e-01 7.848495656511571272e-02
9.168701171875000000e-01 7.848736209328550928e-02
9.169921875000000000e-01 7.848977918524244202e-02
9.171142578125000000e-01 7.849218467129338850e-02
9.172363281250000000e-01 7.849460169750795135e-02
9.173583984375000000e-01 7.849700714131403745e-02
9.174804687500000000e-01 7.849942410187281394e-02
9.176025390625000000e-01 7.850182950328911391e-02
9.177246093750000000e-01 7.850424639826499018e-02
9.178466796875000000e-01 7.850665175718202216e-02
9.179687500000000000e-01 7.850906858663887766e-02
9.180908203125000000e-01 7.851147390291578210e-02
9.182128906250000000e-01 7.851389066692347762e-02
9.183349609375000000e-01 7.851629594043926796e-02
9.184570312500000000e-01 7.851871263907439502e-02
9.185791015625000000e-01 7.852111786971620322e-02
9.187011718750000000e-01 7.852353450304049021e-02
9.188232421875000000e-01 7.852593969065790880e-02
9.189453125000000000e-01 7.852835625874550474e-02
9.190673828125000000e-01 7.853076140322647059e-02
9.191894531250000000e-01 7.853317790613655036e-02
9.193115234375000000e-01 7.853558300738044951e-02
9.194335937500000000e-01 7.853799944516791365e-02
9.195556640625000000e-01 7.854040450303870213e-02
9.196777343750000000e-01 7.854282087578047522e-02
9.197998046875000000e-01 7.854522589015076883e-02
9.199218750000000000e-01 7.854764219792023661e-02
9.200439453125000000e-01 7.855004716867096393e-02
9.201660156250000000e-01 7.855246341152714862e-02
9.202880859375000000e-01 7.855486833854481710e-02
9.204101562500000000e-01 7.855728451653994082e-02
9.205322265625000000e-01 7.855968939970021936e-02
9.206542968750000000e-01 7.856210551289929955e-02
9.207763671875000000e-01 7.856451035210165745e-02
9.208984375000000000e-01 7.856692640057603982e-02
9.210205078125000000e-01 7.856933119568323964e-02
9.211425781250000000e-01 7.857174717946976972e-02
9.212646484375000000e-01 7.857415193038615187e-02
9.213867187500000000e-01 7.857656784955843743e-02
9.215087890625000000e-01 7.857897255614672283e-02
9.216308593750000000e-01 7.858138841077874637e-02
9.217529296875000000e-01 7.858379307294618976e-02
9.218750000000000000e-01 7.858620886306558195e-02
9.219970703125000000e-01 7.858861348068596486e-02
9.221191406250000000e-01 7.859102920636096279e-02
9.222412109375000000e-01 7.859343377934063790e-02
9.223632812500000000e-01 7.859584944062165957e-02
9.224853515625000000e-01 7.859825396883407533e-02
9.226074218750000000e-01 7.860066956578354302e-02
9.227294921875000000e-01 7.860307404910978069e-02
9.228515625000000000e-01 7.860548958177786261e-02
9.229736328125000000e-01 7.860789402012130500e-02
9.230957031250000000e-01 7.861030948856209677e-02
9.232177734375000000e-01 7.861271388180662845e-02
9.233398437500000000e-01 7.861512928609681872e-02
9.234619140625000000e-01 7.861753363412181395e-02
9.235839843750000000e-01 7.861994897427947160e-02
9.237060546875000000e-01 7.862235327703497034e-02
9.238281250000000000e-01 7.862476855310174262e-02
9.239501953125000000e-01 7.862717281041613215e-02
9.240722656250000000e-01 7.862958802245979817e-02
9.241943359375000000e-01 7.863199223426398099e-02
9.243164062500000000e-01 7.863440738234578342e-02
9.244384765625000000e-01 7.863681154852235344e-02
9.245605468750000000e-01 7.863922663268443913e-02
9.246826171875000000e-01 7.864163075312730067e-02
9.248046875000000000e-01 7.864404577339573210e-02
9.249267578125000000e-01 7.864644984800400751e-02
9.250488281250000000e-01 7.864886480445888728e-02
9.251708984375000000e-01 7.865126883312308081e-02
9.252929687500000000e-01 7.865368372578934730e-02
9.254150390625000000e-01 7.865608770842245911e-02
9.255371093750000000e-01 7.865850253733616682e-02
9.256591796875000000e-01 7.866090647382699419e-02
9.257812500000000000e-01 7.866332123907263107e-02
9.259033203125000000e-01 7.866572512930315730e-02
9.260253906250000000e-01 7.866813983089754325e-02
9.261474609375000000e-01 7.867054367479148214e-02
9.262695312500000000e-01 7.867295831278135754e-02
9.263916015625000000e-01 7.867536211023266890e-02
9.265136718750000000e-01 7.867777668466471863e-02
9.266357421875000000e-01 7.868018043556214425e-02
9.267578125000000000e-01 7.868259494648914554e-02
9.268798828125000000e-01 7.868499865074325694e-02
9.270019531250000000e-01 7.868741309818627627e-02
9.271240234375000000e-01 7.868981675569373946e-02
9.272460937500000000e-01 7.869223113970594263e-02
9.273681640625000000e-01 7.869463475039489841e-02
9.274902343750000000e-01 7.869704907100763536e-02
9.276123046875000000e-01 7.869945263475658370e-02
9.277343750000000000e-01 7.870186689201724706e-02
9.278564453125000000e-01 7.870427040873731461e-02
9.279785156250000000e-01 7.870668460268691324e-02
9.281005859375000000e-01 7.870908807227008919e-02
9.282226562500000000e-01 7.871150220295176914e-02
9.283447265625000000e-01 7.871390562532266932e-02
9.284667968750000000e-01 7.871631969276830787e-02
9.285888671875000000e-01 7.871872306780841599e-02
9.287109375000000000e-01 7.872113707206376820e-02
9.288330078125000000e-01 7.872354039969313433e-02
9.289550781250000000e-01 7.872595434079311671e-02
9.290771484375000000e-01 7.872835762091817680e-02
9.291992187500000000e-01 7.873077149889250170e-02
9.293212890625000000e-01 7.873317473142001088e-02
9.294433593750000000e-01 7.873558854630902104e-02
9.295654296875000000e-01 7.873799173115142436e-02
9.296875000000000000e-01 7.874040548298918973e-02
9.298095703125000000e-01 7.874280862005278436e-02
9.299316406250000000e-01 7.874522230888041097e-02
9.300537109375000000e-01 7.874762539805674200e-02
9.301757812500000000e-01 7.875003902390895205e-02
9.302978515625000000e-01 7.875244206513012935e-02
9.304199218750000000e-01 7.875485562804149242e-02
9.305419921875000000e-01 7.875725862120079579e-02
9.306640625000000000e-01 7.875967212119228122e-02
9.307861328125000000e-01 7.876207506620577781e-02
9.309082031250000000e-01 7.876448850333202245e-02
9.310302734375000000e-01 7.876689140010229018e-02
9.311523437500000000e-01 7.876930477438412459e-02
9.312744140625000000e-01 7.877170762284105288e-02
9.313964843750000000e-01 7.877412093429636553e-02
9.315185546875000000e-01 7.877652373434766708e-02
9.316406250000000000e-01 7.877893698303042869e-02
9.317626953125000000e-01 7.878133973457157602e-02
9.318847656250000000e-01 7.878375292051230383e-02
9.320068359375000000e-01 7.878615562346955037e-02
9.321289062500000000e-01 7.878856874669167010e-02
9.322509765625000000e-01 7.879097140096366636e-02
9.323730468750000000e-01 7.879338446150098429e-02
9.324951171875000000e-01 7.879578706701913238e-02
9.326171875000000000e-01 7.879820006488719164e-02
9.327392578125000000e-01 7.880060262157002893e-02
9.328613281250000000e-01 7.880301555681651360e-02
9.329833984375000000e-01 7.880541806456066445e-02
9.331054687500000000e-01 7.880783093720043764e-02
9.332275390625000000e-01 7.881023339591826382e-02
9.333496093750000000e-01 7.881264620600433868e-02
9.334716796875000000e-01 7.881504861562182995e-02
9.335937500000000000e-01 7.881746136316064577e-02
9.337158203125000000e-01 7.881986372357827064e-02
9.338378906250000000e-01 7.882227640861555473e-02
9.339599609375000000e-01 7.882467871977022478e-02
9.340820312500000000e-01 7.882709134230837800e-02
9.342041015625000000e-01 7.882949360411702078e-02
9.343261718750000000e-01 7.883190616419133434e-02
9.344482421875000000e-01 7.883430837656082990e-02
9.345703125000000000e-01 7.883672087420190433e-02
9.346923828125000000e-01 7.883912303705968572e-02
9.348144531250000000e-01 7.884153547228629766e-02
9.349365234375000000e-01 7.884393758552857290e-02
9.350585937500000000e-01 7.884634995839144567e-02
9.351806640625000000e-01 7.884875202194560617e-02
9.353027343750000000e-01 7.885116433243838374e-02
9.354248046875000000e-01 7.885356634624324235e-02
9.355468750000000000e-01 7.885597859440593438e-02
9.356689453125000000e-01 7.885838055834942795e-02
9.357910156250000000e-01 7.886079274420945695e-02
9.359130859375000000e-01 7.886319465822932973e-02
9.360351562500000000e-01 7.886560678181464557e-02
9.361572265625000000e-01 7.886800864582720061e-02
9.362792968750000000e-01 7.887042070713123909e-02
9.364013671875000000e-01 7.887282252106148084e-02
9.365234375000000000e-01 7.887523452013465997e-02
9.366455078125000000e-01 7.887763628389952986e-02
9.367675781250000000e-01 7.888004822076555289e-02
9.368896484375000000e-01 7.888244993427009910e-02
9.370117187500000000e-01 7.888486180896057964e-02
9.371337890625000000e-01 7.888726347213786960e-02
9.372558593750000000e-01 7.888967528465336276e-02
9.373779296875000000e-01 7.889207689742480656e-02
9.375000000000000000e-01 7.889448864779036175e-02
9.376220703125000000e-01 7.889689021007897929e-02
9.377441406250000000e-01 7.889930189831585727e-02
9.378662109375000000e-01 7.890170341004966448e-02
9.379882812500000000e-01 7.890411503620356481e-02
9.381103515625000000e-01 7.890651649729316097e-02
9.382324218750000000e-01 7.890892806135242632e-02
9.383544921875000000e-01 7.891132947173278012e-02
9.384765625000000000e-01 7.891374097372155783e-02
9.385986328125000000e-01 7.891614233330836170e-02
9.387207031250000000e-01 7.891855377325919518e-02
9.388427734375000000e-01 7.892095508198780640e-02
9.389648437500000000e-01 7.892336645991127053e-02
9.390869140625000000e-01 7.892576771768987365e-02
9.392089843750000000e-01 7.892817903362081555e-02
9.393310546875000000e-01 7.893058024037397091e-02
9.394531250000000000e-01 7.893299149431476369e-02
9.395751953125000000e-01 7.893539264998458704e-02
9.396972656250000000e-01 7.893780384195145383e-02
9.398193359375000000e-01 7.894020494644940489e-02
9.399414062500000000e-01 7.894261607647026779e-02
9.400634765625000000e-01 7.894501712973048257e-02
9.401855468750000000e-01 7.894742819782636645e-02
9.403076171875000000e-01 7.894982919975140900e-02
9.404296875000000000e-01 7.895224020592858660e-02
9.405517578125000000e-01 7.895464115648213876e-02
9.406738281250000000e-01 7.895705210076763014e-02
9.407958984375000000e-01 7.895945299984707955e-02
9.409179687500000000e-01 7.896186388225095998e-02
9.410400390625000000e-01 7.896426472979081734e-02
9.411621093750000000e-01 7.896667555034414532e-02
9.412841796875000000e-01 7.896907634626977590e-02
9.414062500000000000e-01 7.897148710498398672e-02
9.415283203125000000e-01 7.897388784921027804e-02
9.416503906250000000e-01 7.897629854609054811e-02
9.417724609375000000e-01 7.897869923857052388e-02
9.418945312500000000e-01 7.898110987363884949e-02
9.420166015625000000e-01 7.898351051428596781e-02
9.421386718750000000e-01 7.898592108756140318e-02
9.422607421875000000e-01 7.898832167630062684e-02
9.423828125000000000e-01 7.899073218780405803e-02
9.425048828125000000e-01 7.899313272455733836e-02
9.426269531250000000e-01 7.899554317428589267e-02
9.427490234375000000e-01 7.899794365900654480e-02
9.428710937500000000e-01 7.900035404699533303e-02
9.429931640625000000e-01 7.900275447959659303e-02
9.431152343750000000e-01 7.900516480582946144e-02
9.432373046875000000e-01 7.900756518623358593e-02
9.433593750000000000e-01 7.900997545076694772e-02
9.434814453125000000e-01 7.901237577890625474e-02
9.436035156250000000e-01 7.901478598173475310e-02
9.437255859375000000e-01 7.901718625754047820e-02
9.438476562500000000e-01 7.901959639868509633e-02
9.439697265625000000e-01 7.902199662209086206e-02
9.440917968750000000e-01 7.902440670153873525e-02
9.442138671875000000e-01 7.902680687248080094e-02
9.443359375000000000e-01 7.902921689025801943e-02
9.444580078125000000e-01 7.903161700866753736e-02
9.445800781250000000e-01 7.903402696478548095e-02
9.447021484375000000e-01 7.903642703058250119e-02
9.448242187500000000e-01 7.903883692506170899e-02
9.449462890625000000e-01 7.904123693818350394e-02
9.450683593750000000e-01 7.904364677103820069e-02
9.451904296875000000e-01 7.904604673141307769e-02
9.453125000000000000e-01 7.904845650265024393e-02
9.454345703125000000e-01 7.905085641019726772e-02
9.455566406250000000e-01 7.905326611983085061e-02
9.456787109375000000e-01 7.905566597450643107e-02
9.458007812500000000e-01 7.905807562254564547e-02
9.459228515625000000e-01 7.906047542425896635e-02
9.460449218750000000e-01 7.906288501070933561e-02
9.461669921875000000e-01 7.906528475941380918e-02
9.462890625000000000e-01 7.906769428429788471e-02
9.464111328125000000e-01 7.907009397990055755e-02
9.465332031250000000e-01 7.907250344324258384e-02
9.466552734375000000e-01 7.907490308568160264e-02
9.467773437500000000e-01 7.907731248746929786e-02
9.468994140625000000e-01 7.907971207668462732e-02
9.470214843750000000e-01 7.908212141693496400e-02
9.471435546875000000e-01 7.908452095287284156e-02
9.472656250000000000e-01 7.908693023159824032e-02
9.473876953125000000e-01 7.908932971415781610e-02
9.475097656250000000e-01 7.909173893136985101e-02
9.476318359375000000e-01 7.909413836051418234e-02
9.477539062500000000e-01 7.909654751620689983e-02
9.478759765625000000e-01 7.909894689186700023e-02
9.479980468750000000e-01 7.910135598607501151e-02
9.481201171875000000e-01 7.910375530815844103e-02
9.482421875000000000e-01 7.910616434088846294e-02
9.483642578125000000e-01 7.910856360934824527e-02
9.484863281250000000e-01 7.911097258058483184e-02
9.486083984375000000e-01 7.911337179537689113e-02
9.487304687500000000e-01 7.911578070513725081e-02
9.488525390625000000e-01 7.911817986616816178e-02
9.489746093750000000e-01 7.912058871447524844e-02
9.490966796875000000e-01 7.912298782167691280e-02
9.492187500000000000e-01 7.912539660853661061e-02
9.493408203125000000e-01 7.912779566185795810e-02
9.494628906250000000e-01 7.913020438727562389e-02
9.495849609375000000e-01 7.913260338664118709e-02
9.497070312500000000e-01 7.913501205062184463e-02
9.498291015625000000e-01 7.913741099597765283e-02
9.499511718750000000e-01 7.913981959851776327e-02
9.500732421875000000e-01 7.914221848980304563e-02
9.501953125000000000e-01 7.914462703092130236e-02
9.503173828125000000e-01 7.914702586806331153e-02
9.504394531250000000e-01 7.914943434778015652e-02
9.505615234375000000e-01 7.915183313070917048e-02
9.506835937500000000e-01 7.915424154901165577e-02
9.508056640625000000e-01 7.915664027767185806e-02
9.509277343750000000e-01 7.915904863457687290e-02
9.510498046875000000e-01 7.916144730890986581e-02
9.511718750000000000e-01 7.916385560441580038e-02
9.512939453125000000e-01 7.916625422434103720e-02
9.514160156250000000e-01 7.916866245847435646e-02
9.515380859375000000e-01 7.917106102392873490e-02
9.516601562500000000e-01 7.917346919668796779e-02
9.517822265625000000e-01 7.917586770762953530e-02
9.519042968750000000e-01 7.917827581900706291e-02
9.520263671875000000e-01 7.918067427535169234e-02
9.521484375000000000e-01 7.918308232537615843e-02
9.522705078125000000e-01 7.918548072706851904e-02
9.523925781250000000e-01 7.918788871573838317e-02
9.525146484375000000e-01 7.919028706270486717e-02
9.526367187500000000e-01 7.919269499001238555e-02
9.527587890625000000e-01 7.919509328222074096e-02
9.528808593750000000e-01 7.919750114817633579e-02
9.530029296875000000e-01 7.919989938553659292e-02
9.531250000000000000e-01 7.920230719016405074e-02
9.532470703125000000e-01 7.920470537262028210e-02
9.533691406250000000e-01 7.920711311589806458e-02
9.534912109375000000e-01 7.920951124340691596e-02
9.536132812500000000e-01 7.921191892534498735e-02
9.537353515625000000e-01 7.921431699782957581e-02
9.538574218750000000e-01 7.921672461843465296e-02
9.539794921875000000e-01 7.921912263582869818e-02
9.541015625000000000e-01 7.922153019512336025e-02
9.542236328125000000e-01 7.922392815737847038e-02
9.543457031250000000e-01 7.922633565533913902e-02
9.544677734375000000e-01 7.922873356238421816e-02
9.545898437500000000e-01 7.923114099905256835e-02
9.547119140625000000e-01 7.923353885080480774e-02
9.548339843750000000e-01 7.923594622617384509e-02
9.549560546875000000e-01 7.923834402260539200e-02
9.550781250000000000e-01 7.924075133665982318e-02
9.552001953125000000e-01 7.924314907768940930e-02
9.553222656250000000e-01 7.924555633044627623e-02
9.554443359375000000e-01 7.924795401602541256e-02
9.555664062500000000e-01 7.925036120748493729e-02
9.556884765625000000e-01 7.925275883756004169e-02
9.558105468750000000e-01 7.925516596772251565e-02
9.559326171875000000e-01 7.925756354221435984e-02
9.560546875000000000e-01 7.925997061108043529e-02
9.561767578125000000e-01 7.926236812995988978e-02
9.562988281250000000e-01 7.926477513752920590e-02
9.564208984375000000e-01 7.926717260071672322e-02
9.565429687500000000e-01 7.926957954700866726e-02
9.566650390625000000e-01 7.927197695443612135e-02
9.567871093750000000e-01 7.927438383944453160e-02
9.569091796875000000e-01 7.927678119104437926e-02
9.570312500000000000e-01 7.927918801479197364e-02
9.571533203125000000e-01 7.928158531052398317e-02
9.572753906250000000e-01 7.928399207298711393e-02
9.573974609375000000e-01 7.928638931278740587e-02
9.575195312500000000e-01 7.928879601398383659e-02
9.576416015625000000e-01 7.929119319779225072e-02
9.577636718750000000e-01 7.929359983771772091e-02
9.578857421875000000e-01 7.929599696546615895e-02
9.580078125000000000e-01 7.929840354412902304e-02
9.581298828125000000e-01 7.930080061576748329e-02
9.582519531250000000e-01 7.930320713316332815e-02
9.583740234375000000e-01 7.930560414862825036e-02
9.584960937500000000e-01 7.930801060477196684e-02
9.586181640625000000e-01 7.931040756400578595e-02
9.587402343750000000e-01 7.931281395889304420e-02
9.588623046875000000e-01 7.931521086182956315e-02
9.589843750000000000e-01 7.931761719545180056e-02
9.591064453125000000e-01 7.932001404205565875e-02
9.592285156250000000e-01 7.932242031442134078e-02
9.593505859375000000e-01 7.932481710461758428e-02
9.594726562500000000e-01 7.932722331572170105e-02
9.595947265625000000e-01 7.932962004945715018e-02
9.597167968750000000e-01 7.933202619930947164e-02
9.598388671875000000e-01 7.933442287652381353e-02
9.599609375000000000e-01 7.933682896512092575e-02
9.600830078125000000e-01 7.933922558575125239e-02
9.602050781250000000e-01 7.934163161309767953e-02
9.603271484375000000e-01 7.934402817710257960e-02
9.604492187500000000e-01 7.934643414318326426e-02
9.605712890625000000e-01 7.934883065050271633e-02
9.606933593750000000e-01 7.935123655533954379e-02
9.608154296875000000e-01 7.935363300588978153e-02
9.609375000000000000e-01 7.935603884948860820e-02
9.610595703125000000e-01 7.935843524322769293e-02
9.611816406250000000e-01 7.936084102557017239e-02
9.613037109375000000e-01 7.936323736244799143e-02
9.614257812500000000e-01 7.936564308355469055e-02
9.615478515625000000e-01 7.936803936347891497e-02
9.616699218750000000e-01 7.937044502334353324e-02
9.617919921875000000e-01 7.937284124630605842e-02
9.619140625000000000e-01 7.937524684491567561e-02
9.620361328125000000e-01 7.937764301082628204e-02
9.621582031250000000e-01 7.938004854819850908e-02
9.622802734375000000e-01 7.938244465701281560e-02
9.624023437500000000e-01 7.938485013312795990e-02
9.625244140625000000e-01 7.938724618479180151e-02
9.626464843750000000e-01 7.938965159966582252e-02
9.627685546875000000e-01 7.939204759411128132e-02
9.628906250000000000e-01 7.939445294774066797e-02
9.630126953125000000e-01 7.939684888492812287e-02
9.631347656250000000e-01 7.939925417729667978e-02
9.632568359375000000e-01 7.940165005716283420e-02
9.633789062500000000e-01 7.940405528829726223e-02
9.635009765625000000e-01 7.940645111077410112e-02
9.636230468750000000e-01 7.940885628065492974e-02
9.637451171875000000e-01 7.941125204570574636e-02
9.638671875000000000e-01 7.941365715432993633e-02
9.639892578125000000e-01 7.941605286188878343e-02
9.641113281250000000e-01 7.941845790926665982e-02
9.642333984375000000e-01 7.942085355927179513e-02
9.643554687500000000e-01 7.942325854539578067e-02
9.644775390625000000e-01 7.942565413780006134e-02
9.645996093750000000e-01 7.942805906267387528e-02
9.647216796875000000e-01 7.943045459741411574e-02
9.648437500000000000e-01 7.943285946104060302e-02
9.649658203125000000e-01 7.943525493804876048e-02
9.650878906250000000e-01 7.943765974042095446e-02
9.652099609375000000e-01 7.944005515967975106e-02
9.653320312500000000e-01 7.944245990078745157e-02
9.654541015625000000e-01 7.944485526220498861e-02
9.655761718750000000e-01 7.944725994206497388e-02
9.656982421875000000e-01 7.944965524559474690e-02
9.658203125000000000e-01 7.945205986419254240e-02
9.659423828125000000e-01 7.945445510979848303e-02
9.660644531250000000e-01 7.945685966714195747e-02
9.661865234375000000e-01 7.945925485472614402e-02
9.663085937500000000e-01 7.946165935081815623e-02
9.664306640625000000e-01 7.946405448035202823e-02
9.665527343750000000e-01 7.946645891519031613e-02
9.666748046875000000e-01 7.946885398660433197e-02
9.667968750000000000e-01 7.947125836018426037e-02
9.669189453125000000e-01 7.947365337344497460e-02
9.670410156250000000e-01 7.947605768575100038e-02
9.671630859375000000e-01 7.947845264079997363e-02
9.672851562500000000e-01 7.948085689182671221e-02
9.674072265625000000e-01 7.948325178859728946e-02
9.675292968750000000e-01 7.948565597837792263e-02
9.676513671875000000e-01 7.948805081682897011e-02
9.677734375000000000e-01 7.949045494531173373e-02
9.678955078125000000e-01 7.949284972539938376e-02
9.680175781250000000e-01 7.949525379260782842e-02
9.681396484375000000e-01 7.949764851422305711e-02
9.682617187500000000e-01 7.950005252020446445e-02
9.683837890625000000e-01 7.950244718328068616e-02
9.685058593750000000e-01 7.950485112800345644e-02
9.686279296875000000e-01 7.950724573258111105e-02
9.687500000000000000e-01 7.950964961595234637e-02
9.688720703125000000e-01 7.951204416197331371e-02
9.689941406250000000e-01 7.951444798405382652e-02
9.691162109375000000e-01 7.951684247139786943e-02
9.692382812500000000e-01 7.951924623221537369e-02
9.693603515625000000e-01 7.952164066083497462e-02
9.694824218750000000e-01 7.952404436034968271e-02
9.696044921875000000e-01 7.952643873022754994e-02
9.697265625000000000e-01 7.952884236846723132e-02
9.698486328125000000e-01 7.953123667950826037e-02
9.699707031250000000e-01 7.953364025646378344e-02
9.700927734375000000e-01 7.953603450861634894e-02
9.702148437500000000e-01 7.953843802427067178e-02
9.703369140625000000e-01 7.954083221751907795e-02
9.704589843750000000e-01 7.954323567185679622e-02
9.705810546875000000e-01 7.954562980611963596e-02
9.707031250000000000e-01 7.954803319916375903e-02
9.708251953125000000e-01 7.955042727439637362e-02
9.709472656250000000e-01 7.955283060612132473e-02
9.710693359375000000e-01 7.955522462227536395e-02
9.711914062500000000e-01 7.955762789270034996e-02
9.713134765625000000e-01 7.956002184969444835e-02
9.714355468750000000e-01 7.956242505881343241e-02
9.715576171875000000e-01 7.956481895659964221e-02
9.716796875000000000e-01 7.956722210440581033e-02
9.718017578125000000e-01 7.956961594296330098e-02
9.719238281250000000e-01 7.957201902944491256e-02
9.720458984375000000e-01 7.957441280868930711e-02
9.721679687500000000e-01 7.957681583384054735e-02
9.722900390625000000e-01 7.957920955372485561e-02
9.724121093750000000e-01 7.958161251755636878e-02
9.725341796875000000e-01 7.958400617804932409e-02
9.726562500000000000e-01 7.958640908054118168e-02
9.727783203125000000e-01 7.958880268156305615e-02
9.729003906250000000e-01 7.959120552272112847e-02
9.730224609375000000e-01 7.959359906422082409e-02
9.731445312500000000e-01 7.959600184404448664e-02
9.732666015625000000e-01 7.959839532597449974e-02
9.733886718750000000e-01 7.960079804445739649e-02
9.735107421875000000e-01 7.960319146676365920e-02
9.736328125000000000e-01 7.960559412389781042e-02
9.737548828125000000e-01 7.960798748652392343e-02
9.738769531250000000e-01 7.961039008231805825e-02
9.739990234375000000e-01 7.961278338521717013e-02
9.741210937500000000e-01 7.961518591964553138e-02
9.742431640625000000e-01 7.961757916276458735e-02
9.743652343750000000e-01 7.961998163583133836e-02
9.744873046875000000e-01 7.962237481911949022e-02
9.746093750000000000e-01 7.962477723082383996e-02
9.747314453125000000e-01 7.962717035421683354e-02
9.748535156250000000e-01 7.962957270456406944e-02
9.749755859375000000e-01 7.963196576800879445e-02
9.750976562500000000e-01 7.963436805698226317e-02
9.752197265625000000e-01 7.963676106043883485e-02
9.753417968750000000e-01 7.963916328804276912e-02
9.754638671875000000e-01 7.964155623144993090e-02
9.755859375000000000e-01 7.964395839767349217e-02
9.757080078125000000e-01 7.964635128097390104e-02
9.758300781250000000e-01 7.964875338580698627e-02
9.759521484375000000e-01 7.965114620896433795e-02
9.760742187500000000e-01 7.965354825241227621e-02
9.761962890625000000e-01 7.965594101534811955e-02
9.763183593750000000e-01 7.965834299740796876e-02
9.764404296875000000e-01 7.966073570009354898e-02
9.765625000000000000e-01 7.966313762075724614e-02
9.766845703125000000e-01 7.966553026313195895e-02
9.768066406250000000e-01 7.966793212238593158e-02
9.769287109375000000e-01 7.967032470440081615e-02
9.770507812500000000e-01 7.967272650224765940e-02
9.771728515625000000e-01 7.967511902384999400e-02
9.772949218750000000e-01 7.967752076028926378e-02
9.774169921875000000e-01 7.967991322141336485e-02
9.775390625000000000e-01 7.968231489643703980e-02
9.776611328125000000e-01 7.968470729703314159e-02
9.777832031250000000e-01 7.968710891063612856e-02
9.779052734375000000e-01 7.968950125067228440e-02
9.780273437500000000e-01 7.969190280283541816e-02
9.781494140625000000e-01 7.969429508225556180e-02
9.782714843750000000e-01 7.969669657298973642e-02
9.783935546875000000e-01 7.969908879172404870e-02
9.785156250000000000e-01 7.970149022103216463e-02
9.786376953125000000e-01 7.970388237903110185e-02
9.787597656250000000e-01 7.970628374688289164e-02
9.788818359375000000e-01 7.970867584411278628e-02
9.790039062500000000e-01 7.971107715052241915e-02
9.791259765625000000e-01 7.971346918691256389e-02
9.792480468750000000e-01 7.971587043187977617e-02
9.793701171875000000e-01 7.971826240738162650e-02
9.794921875000000000e-01 7.972066359088283982e-02
9.796142578125000000e-01 7.972305550544560304e-02
9.797363281250000000e-01 7.972545662748786732e-02
9.798583984375000000e-01 7.972784848105786415e-02
9.799804687500000000e-01 7.973024954164159572e-02
9.801025390625000000e-01 7.973264133416685384e-02
9.802246093750000000e-01 7.973504233326646207e-02
9.803466796875000000e-01 7.973743406470978901e-02
9.804687500000000000e-01 7.973983500233183808e-02
9.805908203125000000e-01 7.974222667262359510e-02
9.807128906250000000e-01 7.974462754875615011e-02
9.808349609375000000e-01 7.974701915786011619e-02
9.809570312500000000e-01 7.974941997249929138e-02
9.810791015625000000e-01 7.975181152034872822e-02
9.812011718750000000e-01 7.975421227350881770e-02
9.813232421875000000e-01 7.975660376004518881e-02
9.814453125000000000e-01 7.975900445170686082e-02
9.815673828125000000e-01 7.976139587688935162e-02
9.816894531250000000e-01 7.976379650705743563e-02
9.818115234375000000e-01 7.976618787082564999e-02
9.819335937500000000e-01 7.976858843948059219e-02
9.820556640625000000e-01 7.977097974178849749e-02
9.821777343750000000e-01 7.977338024891764134e-02
9.822998046875000000e-01 7.977577148973635790e-02
9.824218750000000000e-01 7.977817193534580964e-02
9.825439453125000000e-01 7.978056311460222927e-02
9.826660156250000000e-01 7.978296349868302384e-02
9.827880859375000000e-01 7.978535461631874881e-02
9.829101562500000000e-01 7.978775493886672288e-02
9.830322265625000000e-01 7.979014599483638670e-02
9.831542968750000000e-01 7.979254625585277538e-02
9.832763671875000000e-01 7.979493725010347593e-02
9.833984375000000000e-01 7.979733744958752983e-02
9.835205078125000000e-01 7.979972838205896812e-02
9.836425781250000000e-01 7.980212851998484680e-02
9.837646484375000000e-01 7.980451939066074418e-02
9.838867187500000000e-01 7.980691946701076733e-02
9.840087890625000000e-01 7.980931027582435777e-02
9.841308593750000000e-01 7.981171029061198685e-02
9.842529296875000000e-01 7.981410103749606022e-02
9.843750000000000000e-01 7.981650099071717352e-02
9.844970703125000000e-01 7.981889167563761822e-02
9.846191406250000000e-01 7.982129156727978125e-02
9.847412109375000000e-01 7.982368219017722810e-02
9.848632812500000000e-01 7.982608202023983024e-02
9.849853515625000000e-01 7.982847258106753885e-02
9.851074218750000000e-01 7.983087234954341915e-02
9.852294921875000000e-01 7.983326284822664376e-02
9.853515625000000000e-01 7.983566255511745369e-02
9.854736328125000000e-01 7.983805299162836933e-02
9.855957031250000000e-01 7.984045263692648997e-02
9.857177734375000000e-01 7.984284301120671279e-02
9.858398437500000000e-01 7.984524259489025888e-02
9.859619140625000000e-01 7.984763290688341730e-02
9.860839843750000000e-01 7.985003242896211717e-02
9.862060546875000000e-01 7.985242267862197041e-02
9.863281250000000000e-01 7.985482213911745952e-02
9.864501953125000000e-01 7.985721232638592904e-02
9.865722656250000000e-01 7.985961172518940554e-02
9.866943359375000000e-01 7.986200185006811503e-02
9.868164062500000000e-01 7.986440118727043680e-02
9.869384765625000000e-01 7.986679124966321319e-02
9.870605468750000000e-01 7.986919052520551066e-02
9.871826171875000000e-01 7.987158052501719396e-02
9.873046875000000000e-01 7.987397973898037462e-02
9.874267578125000000e-01 7.987636967621258854e-02
9.875488281250000000e-01 7.987876882849390126e-02
9.876708984375000000e-01 7.988115870309703270e-02
9.877929687500000000e-01 7.988355779372825760e-02
9.879150390625000000e-01 7.988594760562688080e-02
9.880371093750000000e-01 7.988834663461039098e-02
9.881591796875000000e-01 7.989073638376911757e-02
9.882812500000000000e-01 7.989313535107801789e-02
9.884033203125000000e-01 7.989552503745352141e-02
9.885253906250000000e-01 7.989792394308935231e-02
9.886474609375000000e-01 7.990031356661089768e-02
9.887695312500000000e-01 7.990271241058147234e-02
9.888916015625000000e-01 7.990510197120999358e-02
9.890136718750000000e-01 7.990750075348465598e-02
9.891357421875000000e-01 7.990989025116324029e-02
9.892578125000000000e-01 7.991228897175572943e-02
9.893798828125000000e-01 7.991467840642940690e-02
9.895019531250000000e-01 7.991707706532034938e-02
9.896240234375000000e-01 7.991946643695554964e-02
9.897460937500000000e-01 7.992186503413349630e-02
9.898681640625000000e-01 7.992425434267605433e-02
9.899902343750000000e-01 7.992665287814476605e-02
9.901123046875000000e-01 7.992904212352780480e-02
9.902343750000000000e-01 7.993144059728636563e-02
9.903564453125000000e-01 7.993382977947220691e-02
9.904785156250000000e-01 7.993622819150390801e-02
9.906005859375000000e-01 7.993861731043645780e-02
9.907226562500000000e-01 7.994101566073774645e-02
9.908447265625000000e-01 7.994340471635691392e-02
9.909667968750000000e-01 7.994580300493422942e-02
9.910888671875000000e-01 7.994819199720309966e-02
9.912109375000000000e-01 7.995059022403191995e-02
9.913330078125000000e-01 7.995297915289895085e-02
9.914550781250000000e-01 7.995537731797887349e-02
9.915771484375000000e-01 7.995776618337915864e-02
9.916992187500000000e-01 7.996016428670257858e-02
9.918212890625000000e-01 7.996255308859145927e-02
9.919433593750000000e-01 7.996495113016661993e-02
9.920654296875000000e-01 7.996733986849757780e-02
9.921875000000000000e-01 7.996973784829838894e-02
9.923095703125000000e-01 7.997212652301921576e-02
9.924316406250000000e-01 7.997452444104370672e-02
9.925537109375000000e-01 7.997691305210345714e-02
9.926757812500000000e-01 7.997931090836297996e-02
9.927978515625000000e-01 7.998169945569075234e-02
9.929199218750000000e-01 7.998409725017002758e-02
9.930419921875000000e-01 7.998648573373766391e-02
9.931640625000000000e-01 7.998888346640295466e-02
9.932861328125000000e-01 7.999127188617093098e-02
9.934082031250000000e-01 7.999366955704204085e-02
9.935302734375000000e-01 7.999605791293296075e-02
9.936523437500000000e-01 7.999845552200123000e-02
9.937744140625000000e-01 8.000084381398239741e-02
9.938964843750000000e-01 8.000324136123471153e-02
9.940185546875000000e-01 8.000562958923848611e-02
9.941406250000000000e-01 8.000802707467992436e-02
9.942626953125000000e-01 8.001041523866898875e-02
9.943847656250000000e-01 8.001281266228110756e-02
9.945068359375000000e-01 8.001520076219797994e-02
9.946289062500000000e-01 8.001759812396747051e-02
9.947509765625000000e-01 8.001998615976760321e-02
9.948730468750000000e-01 8.002238345971249278e-02
9.949951171875000000e-01 8.002477143132780135e-02
9.951171875000000000e-01 8.002716866943643259e-02
9.952392578125000000e-01 8.002955657682578328e-02
9.953613281250000000e-01 8.003195375308058690e-02
9.954833984375000000e-01 8.003434159619310373e-02
9.956054687500000000e-01 8.003673871059166500e-02
9.957275390625000000e-01 8.003912648937411278e-02
9.958496093750000000e-01 8.004152354191626517e-02
9.959716796875000000e-01 8.004391125632320803e-02
9.960937500000000000e-01 8.004630824698165392e-02
9.962158203125000000e-01 8.004869589696908538e-02
9.963378906250000000e-01 8.005109282574277008e-02
9.964599609375000000e-01 8.005348041125036340e-02
9.965820312500000000e-01 8.005587727815724475e-02
9.967041015625000000e-01 8.005826479912006577e-02
9.968261718750000000e-01 8.006066160414480881e-02
9.969482421875000000e-01 8.006304906051796288e-02
9.970703125000000000e-01 8.006544580365007602e-02
9.971923828125000000e-01 8.006783319539477473e-02
9.973144531250000000e-01 8.007022987661532865e-02
9.974365234375000000e-01 8.007261720367345181e-02
9.975585937500000000e-01 8.007501382298784498e-02
9.976806640625000000e-01 8.007740108532307444e-02
9.978027343750000000e-01 8.007979764271419554e-02
9.979248046875000000e-01 8.008218484026211059e-02
9.980468750000000000e-01 8.008458133573734261e-02
9.981689453125000000e-01 8.008696846843338379e-02
9.982910156250000000e-01 8.008936490198727276e-02
9.984130859375000000e-01 8.009175196979431699e-02
9.985351562500000000e-01 8.009414834140714257e-02
9.986572265625000000e-01 8.009653534427862986e-02
9.987792968750000000e-01 8.009893165395141901e-02
9.989013671875000000e-01 8.010131859183028391e-02
9.990234375000000000e-01 8.010371483956348071e-02
9.991455078125000000e-01 8.010610171238691235e-02
9.992675781250000000e-01 8.010849789817370281e-02
9.993896484375000000e-01 8.011088470591262722e-02
9.995117187500000000e-01 8.011328082972903053e-02
9.996337890625000000e-01 8.011566757232123359e-02
9.997558593750000000e-01 8.011806363416779098e-02
9.998779296875000000e-01 8.012045031156034280e-02
