# x u(x,t)
0.000000000000000000e+00 5.551115123125782702e-17
1.220703125000000000e-04 -1.110223024625156540e-16
2.441406250000000000e-04 5.551115123125782702e-17
3.662109375000000000e-04 -1.110223024625156540e-16
4.882812500000000000e-04 -1.110223024625156540e-16
6.103515625000000000e-04 0.000000000000000000e+00
7.324218750000000000e-04 -1.110223024625156540e-16
8.544921875000000000e-04 5.551115123125782702e-17
9.765625000000000000e-04 -5.551115123125782702e-17
1.098632812500000000e-03 -2.220446049250313081e-16
1.220703125000000000e-03 -5.551115123125782702e-17
1.342773437500000000e-03 -1.110223024625156540e-16
1.464843750000000000e-03 -1.110223024625156540e-16
1.586914062500000000e-03 -3.330669073875469621e-16
1.708984375000000000e-03 -1.110223024625156540e-16
1.831054687500000000e-03 -5.551115123125782702e-17
1.953125000000000000e-03 1.110223024625156540e-16
2.075195312500000000e-03 0.000000000000000000e+00
2.197265625000000000e-03 -1.110223024625156540e-16
2.319335937500000000e-03 -1.110223024625156540e-16
2.441406250000000000e-03 -5.551115123125782702e-17
2.563476562500000000e-03 -1.665334536937734811e-16
2.685546875000000000e-03 -2.220446049250313081e-16
2.807617187500000000e-03 -5.551115123125782702e-17
2.929687500000000000e-03 -1.110223024625156540e-16
3.051757812500000000e-03 -1.110223024625156540e-16
3.173828125000000000e-03 -1.110223024625156540e-16
3.295898437500000000e-03 -2.775557561562891351e-16
3.417968750000000000e-03 -2.220446049250313081e-16
3.540039062500000000e-03 -1.110223024625156540e-16
3.662109375000000000e-03 -5.551115123125782702e-17
3.784179687500000000e-03 -1.110223024625156540e-16
3.906250000000000000e-03 1.110223024625156540e-16
4.028320312500000000e-03 -1.110223024625156540e-16
4.150390625000000000e-03 -1.110223024625156540e-16
4.272460937500000000e-03 -1.110223024625156540e-16
4.394531250000000000e-03 -5.551115123125782702e-17
4.516601562500000000e-03 -5.551115123125782702e-17
4.638671875000000000e-03 -1.110223024625156540e-16
4.760742187500000000e-03 1.110223024625156540e-16
4.882812500000000000e-03 -1.665334536937734811e-16
5.004882812500000000e-03 0.000000000000000000e+00
5.126953125000000000e-03 -1.110223024625156540e-16
5.249023437500000000e-03 -1.110223024625156540e-16
5.371093750000000000e-03 -5.551115123125782702e-17
5.493164062500000000e-03 -1.665334536937734811e-16
5.615234375000000000e-03 -5.551115123125782702e-17
5.737304687500000000e-03 0.000000000000000000e+00
5.859375000000000000e-03 -5.551115123125782702e-17
5.981445312500000000e-03 -1.110223024625156540e-16
6.103515625000000000e-03 -2.220446049250313081e-16
6.225585937500000000e-03 -1.110223024625156540e-16
6.347656250000000000e-03 5.551115123125782702e-17
6.469726562500000000e-03 1.110223024625156540e-16
6.591796875000000000e-03 -1.110223024625156540e-16
6.713867187500000000e-03 0.000000000000000000e+00
6.835937500000000000e-03 0.000000000000000000e+00
6.958007812500000000e-03 0.000000000000000000e+00
7.080078125000000000e-03 5.551115123125782702e-17
7.202148437500000000e-03 -1.665334536937734811e-16
7.324218750000000000e-03 -1.110223024625156540e-16
7.446289062500000000e-03 -1.665334536937734811e-16
7.568359375000000000e-03 -2.220446049250313081e-16
7.690429687500000000e-03 5.551115123125782702e-17
7.812500000000000000e-03 0.000000000000000000e+00
7.934570312500000000e-03 -1.665334536937734811e-16
8.056640625000000000e-03 0.000000000000000000e+00
8.178710937500000000e-03 -2.220446049250313081e-16
8.300781250000000000e-03 -2.775557561562891351e-16
8.422851562500000000e-03 1.110223024625156540e-16
8.544921875000000000e-03 -1.110223024625156540e-16
8.666992187500000000e-03 5.551115123125782702e-17
8.789062500000000000e-03 -1.110223024625156540e-16
8.911132812500000000e-03 0.000000000000000000e+00
9.033203125000000000e-03 -5.551115123125782702e-17
9.155273437500000000e-03 -1.665334536937734811e-16
9.277343750000000000e-03 -5.551115123125782702e-17
9.399414062500000000e-03 -3.330669073875469621e-16
9.521484375000000000e-03 -1.110223024625156540e-16
9.643554687500000000e-03 0.000000000000000000e+00
9.765625000000000000e-03 -1.110223024625156540e-16
9.887695312500000000e-03 5.551115123125782702e-17
1.000976562500000000e-02 -2.220446049250313081e-16
1.013183593750000000e-02 -2.775557561562891351e-16
1.025390625000000000e-02 -5.551115123125782702e-17
1.037597656250000000e-02 5.551115123125782702e-17
1.049804687500000000e-02 -1.665334536937734811e-16
1.062011718750000000e-02 -5.551115123125782702e-17
1.074218750000000000e-02 -5.551115123125782702e-17
1.086425781250000000e-02 0.000000000000000000e+00
1.098632812500000000e-02 0.000000000000000000e+00
1.110839843750000000e-02 -2.220446049250313081e-16
1.123046875000000000e-02 -1.110223024625156540e-16
1.135253906250000000e-02 -2.220446049250313081e-16
1.147460937500000000e-02 -1.110223024625156540e-16
1.159667968750000000e-02 0.000000000000000000e+00
1.171875000000000000e-02 5.551115123125782702e-17
1.184082031250000000e-02 -1.665334536937734811e-16
1.196289062500000000e-02 0.000000000000000000e+00
1.208496093750000000e-02 -1.110223024625156540e-16
1.220703125000000000e-02 0.000000000000000000e+00
1.232910156250000000e-02 -5.551115123125782702e-17
1.245117187500000000e-02 -3.330669073875469621e-16
1.257324218750000000e-02 5.551115123125782702e-17
1.269531250000000000e-02 -5.551115123125782702e-17
1.281738281250000000e-02 0.000000000000000000e+00
1.293945312500000000e-02 0.000000000000000000e+00
1.306152343750000000e-02 -1.110223024625156540e-16
1.318359375000000000e-02 0.000000000000000000e+00
1.330566406250000000e-02 -2.775557561562891351e-16
1.342773437500000000e-02 -1.665334536937734811e-16
1.354980468750000000e-02 0.000000000000000000e+00
1.367187500000000000e-02 -5.551115123125782702e-17
1.379394531250000000e-02 -5.551115123125782702e-17
1.391601562500000000e-02 -2.220446049250313081e-16
1.403808593750000000e-02 -5.551115123125782702e-17
1.416015625000000000e-02 5.551115123125782702e-17
1.428222656250000000e-02 -1.110223024625156540e-16
1.440429687500000000e-02 -5.551115123125782702e-17
1.452636718750000000e-02 0.000000000000000000e+00
1.464843750000000000e-02 5.551115123125782702e-17
1.477050781250000000e-02 -2.220446049250313081e-16
1.489257812500000000e-02 -5.551115123125782702e-17
1.501464843750000000e-02 -2.220446049250313081e-16
1.513671875000000000e-02 -2.220446049250313081e-16
1.525878906250000000e-02 -2.220446049250313081e-16
1.538085937500000000e-02 -5.551115123125782702e-17
1.550292968750000000e-02 -1.110223024625156540e-16
1.562500000000000000e-02 5.551115123125782702e-17
1.574707031250000000e-02 -1.110223024625156540e-16
1.586914062500000000e-02 -1.110223024625156540e-16
1.599121093750000000e-02 -2.775557561562891351e-16
1.611328125000000000e-02 0.000000000000000000e+00
1.623535156250000000e-02 5.551115123125782702e-17
1.635742187500000000e-02 -2.220446049250313081e-16
1.647949218750000000e-02 1.110223024625156540e-16
1.660156250000000000e-02 -1.110223024625156540e-16
1.672363281250000000e-02 -2.775557561562891351e-16
1.684570312500000000e-02 -5.551115123125782702e-17
1.696777343750000000e-02 -2.220446049250313081e-16
1.708984375000000000e-02 0.000000000000000000e+00
1.721191406250000000e-02 -2.220446049250313081e-16
1.733398437500000000e-02 -1.665334536937734811e-16
1.745605468750000000e-02 -1.110223024625156540e-16
1.757812500000000000e-02 0.000000000000000000e+00
1.770019531250000000e-02 0.000000000000000000e+00
1.782226562500000000e-02 -2.220446049250313081e-16
1.794433593750000000e-02 -1.665334536937734811e-16
1.806640625000000000e-02 -5.551115123125782702e-17
1.818847656250000000e-02 -3.330669073875469621e-16
1.831054687500000000e-02 -3.330669073875469621e-16
1.843261718750000000e-02 -2.220446049250313081e-16
1.855468750000000000e-02 -1.110223024625156540e-16
1.867675781250000000e-02 -2.220446049250313081e-16
1.879882812500000000e-02 0.000000000000000000e+00
1.892089843750000000e-02 -2.220446049250313081e-16
1.904296875000000000e-02 -1.110223024625156540e-16
1.916503906250000000e-02 -2.775557561562891351e-16
1.928710937500000000e-02 -2.220446049250313081e-16
1.940917968750000000e-02 -1.110223024625156540e-16
1.953125000000000000e-02 0.000000000000000000e+00
1.965332031250000000e-02 -2.775557561562891351e-16
1.977539062500000000e-02 0.000000000000000000e+00
1.989746093750000000e-02 0.000000000000000000e+00
2.001953125000000000e-02 -5.551115123125782702e-17
2.014160156250000000e-02 -1.110223024625156540e-16
2.026367187500000000e-02 -1.110223024625156540e-16
2.038574218750000000e-02 0.000000000000000000e+00
2.050781250000000000e-02 -2.220446049250313081e-16
2.062988281250000000e-02 -5.551115123125782702e-17
2.075195312500000000e-02 -1.110223024625156540e-16
2.087402343750000000e-02 -2.220446049250313081e-16
2.099609375000000000e-02 0.000000000000000000e+00
2.111816406250000000e-02 -3.330669073875469621e-16
2.124023437500000000e-02 -2.220446049250313081e-16
2.136230468750000000e-02 -1.110223024625156540e-16
2.148437500000000000e-02 -2.220446049250313081e-16
2.160644531250000000e-02 -2.220446049250313081e-16
2.172851562500000000e-02 -1.110223024625156540e-16
2.185058593750000000e-02 -2.775557561562891351e-16
2.197265625000000000e-02 -1.110223024625156540e-16
2.209472656250000000e-02 -5.551115123125782702e-17
2.221679687500000000e-02 -5.551115123125782702e-17
2.233886718750000000e-02 -1.110223024625156540e-16
2.246093750000000000e-02 -5.551115123125782702e-17
2.258300781250000000e-02 0.000000000000000000e+00
2.270507812500000000e-02 -1.110223024625156540e-16
2.282714843750000000e-02 -2.220446049250313081e-16
2.294921875000000000e-02 -1.110223024625156540e-16
2.307128906250000000e-02 -2.775557561562891351e-16
2.319335937500000000e-02 -1.110223024625156540e-16
2.331542968750000000e-02 -5.551115123125782702e-17
2.343750000000000000e-02 0.000000000000000000e+00
2.355957031250000000e-02 -2.775557561562891351e-16
2.368164062500000000e-02 -1.110223024625156540e-16
2.380371093750000000e-02 0.000000000000000000e+00
2.392578125000000000e-02 -1.110223024625156540e-16
2.404785156250000000e-02 0.000000000000000000e+00
2.416992187500000000e-02 -1.110223024625156540e-16
2.429199218750000000e-02 1.110223024625156540e-16
2.441406250000000000e-02 -2.220446049250313081e-16
2.453613281250000000e-02 -1.110223024625156540e-16
2.465820312500000000e-02 -5.551115123125782702e-17
2.478027343750000000e-02 -2.220446049250313081e-16
2.490234375000000000e-02 -1.665334536937734811e-16
2.502441406250000000e-02 -2.775557561562891351e-16
2.514648437500000000e-02 -2.220446049250313081e-16
2.526855468750000000e-02 -5.551115123125782702e-17
2.539062500000000000e-02 -1.110223024625156540e-16
2.551269531250000000e-02 -2.220446049250313081e-16
2.563476562500000000e-02 -2.220446049250313081e-16
2.575683593750000000e-02 -2.220446049250313081e-16
2.587890625000000000e-02 -5.551115123125782702e-17
2.600097656250000000e-02 0.000000000000000000e+00
2.612304687500000000e-02 0.000000000000000000e+00
2.624511718750000000e-02 -1.110223024625156540e-16
2.636718750000000000e-02 -1.110223024625156540e-16
2.648925781250000000e-02 -2.220446049250313081e-16
2.661132812500000000e-02 0.000000000000000000e+00
2.673339843750000000e-02 -1.110223024625156540e-16
2.685546875000000000e-02 -1.110223024625156540e-16
2.697753906250000000e-02 -2.220446049250313081e-16
2.709960937500000000e-02 -1.110223024625156540e-16
2.722167968750000000e-02 -1.110223024625156540e-16
2.734375000000000000e-02 -1.110223024625156540e-16
2.746582031250000000e-02 -3.885780586188047891e-16
2.758789062500000000e-02 0.000000000000000000e+00
2.770996093750000000e-02 -1.110223024625156540e-16
2.783203125000000000e-02 -5.551115123125782702e-17
2.795410156250000000e-02 -1.110223024625156540e-16
2.807617187500000000e-02 -3.330669073875469621e-16
2.819824218750000000e-02 -2.220446049250313081e-16
2.832031250000000000e-02 -2.220446049250313081e-16
2.844238281250000000e-02 -1.110223024625156540e-16
2.856445312500000000e-02 -2.220446049250313081e-16
2.868652343750000000e-02 -2.220446049250313081e-16
2.880859375000000000e-02 -5.551115123125782702e-17
2.893066406250000000e-02 -2.220446049250313081e-16
2.905273437500000000e-02 -1.110223024625156540e-16
2.917480468750000000e-02 -1.110223024625156540e-16
2.929687500000000000e-02 0.000000000000000000e+00
2.941894531250000000e-02 -2.220446049250313081e-16
2.954101562500000000e-02 -1.110223024625156540e-16
2.966308593750000000e-02 -1.110223024625156540e-16
2.978515625000000000e-02 5.551115123125782702e-17
2.990722656250000000e-02 -1.110223024625156540e-16
3.002929687500000000e-02 -1.110223024625156540e-16
3.015136718750000000e-02 -1.110223024625156540e-16
3.027343750000000000e-02 -1.665334536937734811e-16
3.039550781250000000e-02 -1.110223024625156540e-16
3.051757812500000000e-02 -1.110223024625156540e-16
3.063964843750000000e-02 -1.110223024625156540e-16
3.076171875000000000e-02 -1.110223024625156540e-16
3.088378906250000000e-02 -3.330669073875469621e-16
3.100585937500000000e-02 -2.220446049250313081e-16
3.112792968750000000e-02 0.000000000000000000e+00
3.125000000000000000e-02 0.000000000000000000e+00
3.137207031250000000e-02 -1.110223024625156540e-16
3.149414062500000000e-02 -5.551115123125782702e-17
3.161621093750000000e-02 -1.110223024625156540e-16
3.173828125000000000e-02 0.000000000000000000e+00
3.186035156250000000e-02 -5.551115123125782702e-17
3.198242187500000000e-02 -1.110223024625156540e-16
3.210449218750000000e-02 0.000000000000000000e+00
3.222656250000000000e-02 -1.110223024625156540e-16
3.234863281250000000e-02 -1.665334536937734811e-16
3.247070312500000000e-02 -5.551115123125782702e-17
3.259277343750000000e-02 -5.551115123125782702e-17
3.271484375000000000e-02 0.000000000000000000e+00
3.283691406250000000e-02 -1.110223024625156540e-16
3.295898437500000000e-02 -5.551115123125782702e-17
3.308105468750000000e-02 -1.110223024625156540e-16
3.320312500000000000e-02 2.220446049250313081e-16
3.332519531250000000e-02 0.000000000000000000e+00
3.344726562500000000e-02 -1.665334536937734811e-16
3.356933593750000000e-02 -5.551115123125782702e-17
3.369140625000000000e-02 0.000000000000000000e+00
3.381347656250000000e-02 -1.665334536937734811e-16
3.393554687500000000e-02 -2.220446049250313081e-16
3.405761718750000000e-02 5.551115123125782702e-17
3.417968750000000000e-02 -5.551115123125782702e-17
3.430175781250000000e-02 -2.220446049250313081e-16
3.442382812500000000e-02 -5.551115123125782702e-17
3.454589843750000000e-02 0.000000000000000000e+00
3.466796875000000000e-02 -1.110223024625156540e-16
3.479003906250000000e-02 -1.110223024625156540e-16
3.491210937500000000e-02 -1.110223024625156540e-16
3.503417968750000000e-02 -2.775557561562891351e-16
3.515625000000000000e-02 -1.110223024625156540e-16
3.527832031250000000e-02 -1.110223024625156540e-16
3.540039062500000000e-02 5.551115123125782702e-17
3.552246093750000000e-02 0.000000000000000000e+00
3.564453125000000000e-02 5.551115123125782702e-17
3.576660156250000000e-02 -1.110223024625156540e-16
3.588867187500000000e-02 -1.110223024625156540e-16
3.601074218750000000e-02 0.000000000000000000e+00
3.613281250000000000e-02 -5.551115123125782702e-17
3.625488281250000000e-02 0.000000000000000000e+00
3.637695312500000000e-02 -1.110223024625156540e-16
3.649902343750000000e-02 -2.220446049250313081e-16
3.662109375000000000e-02 0.000000000000000000e+00
3.674316406250000000e-02 -2.775557561562891351e-16
3.686523437500000000e-02 0.000000000000000000e+00
3.698730468750000000e-02 -5.551115123125782702e-17
3.710937500000000000e-02 -1.110223024625156540e-16
3.723144531250000000e-02 -1.110223024625156540e-16
3.735351562500000000e-02 0.000000000000000000e+00
3.747558593750000000e-02 -2.220446049250313081e-16
3.759765625000000000e-02 -1.110223024625156540e-16
3.771972656250000000e-02 -1.110223024625156540e-16
3.784179687500000000e-02 0.000000000000000000e+00
3.796386718750000000e-02 -5.551115123125782702e-17
3.808593750000000000e-02 -5.551115123125782702e-17
3.820800781250000000e-02 0.000000000000000000e+00
3.833007812500000000e-02 0.000000000000000000e+00
3.845214843750000000e-02 -1.110223024625156540e-16
3.857421875000000000e-02 -1.110223024625156540e-16
3.869628906250000000e-02 -1.665334536937734811e-16
3.881835937500000000e-02 -1.110223024625156540e-16
3.894042968750000000e-02 0.000000000000000000e+00
3.906250000000000000e-02 -5.551115123125782702e-17
3.918457031250000000e-02 -1.110223024625156540e-16
3.930664062500000000e-02 -1.110223024625156540e-16
3.942871093750000000e-02 -2.220446049250313081e-16
3.955078125000000000e-02 -5.551115123125782702e-17
3.967285156250000000e-02 -5.551115123125782702e-17
3.979492187500000000e-02 -5.551115123125782702e-17
3.991699218750000000e-02 0.000000000000000000e+00
4.003906250000000000e-02 -1.665334536937734811e-16
4.016113281250000000e-02 0.000000000000000000e+00
4.028320312500000000e-02 0.000000000000000000e+00
4.040527343750000000e-02 -2.775557561562891351e-16
4.052734375000000000e-02 0.000000000000000000e+00
4.064941406250000000e-02 -3.330669073875469621e-16
4.077148437500000000e-02 -1.110223024625156540e-16
4.089355468750000000e-02 0.000000000000000000e+00
4.101562500000000000e-02 0.000000000000000000e+00
4.113769531250000000e-02 -1.110223024625156540e-16
4.125976562500000000e-02 -2.220446049250313081e-16
4.138183593750000000e-02 -1.110223024625156540e-16
4.150390625000000000e-02 5.551115123125782702e-17
4.162597656250000000e-02 0.000000000000000000e+00
4.174804687500000000e-02 -2.220446049250313081e-16
4.187011718750000000e-02 0.000000000000000000e+00
4.199218750000000000e-02 -2.775557561562891351e-16
4.211425781250000000e-02 -2.220446049250313081e-16
4.223632812500000000e-02 0.000000000000000000e+00
4.235839843750000000e-02 -2.220446049250313081e-16
4.248046875000000000e-02 -5.551115123125782702e-17
4.260253906250000000e-02 -2.220446049250313081e-16
4.272460937500000000e-02 0.000000000000000000e+00
4.284667968750000000e-02 0.000000000000000000e+00
4.296875000000000000e-02 0.000000000000000000e+00
4.309082031250000000e-02 -2.220446049250313081e-16
4.321289062500000000e-02 0.000000000000000000e+00
4.333496093750000000e-02 0.000000000000000000e+00
4.345703125000000000e-02 0.000000000000000000e+00
4.357910156250000000e-02 -1.110223024625156540e-16
4.370117187500000000e-02 0.000000000000000000e+00
4.382324218750000000e-02 0.000000000000000000e+00
4.394531250000000000e-02 -1.110223024625156540e-16
4.406738281250000000e-02 -5.551115123125782702e-17
4.418945312500000000e-02 -5.551115123125782702e-17
4.431152343750000000e-02 0.000000000000000000e+00
4.443359375000000000e-02 0.000000000000000000e+00
4.455566406250000000e-02 -2.220446049250313081e-16
4.467773437500000000e-02 0.000000000000000000e+00
4.479980468750000000e-02 -2.220446049250313081e-16
4.492187500000000000e-02 5.551115123125782702e-17
4.504394531250000000e-02 -1.110223024625156540e-16
4.516601562500000000e-02 -2.220446049250313081e-16
4.528808593750000000e-02 -1.110223024625156540e-16
4.541015625000000000e-02 1.110223024625156540e-16
4.553222656250000000e-02 -1.110223024625156540e-16
4.565429687500000000e-02 0.000000000000000000e+00
4.577636718750000000e-02 0.000000000000000000e+00
4.589843750000000000e-02 1.110223024625156540e-16
4.602050781250000000e-02 -3.330669073875469621e-16
4.614257812500000000e-02 0.000000000000000000e+00
4.626464843750000000e-02 -1.110223024625156540e-16
4.638671875000000000e-02 -1.110223024625156540e-16
4.650878906250000000e-02 -1.110223024625156540e-16
4.663085937500000000e-02 0.000000000000000000e+00
4.675292968750000000e-02 0.000000000000000000e+00
4.687500000000000000e-02 1.110223024625156540e-16
4.699707031250000000e-02 -5.551115123125782702e-17
4.711914062500000000e-02 0.000000000000000000e+00
4.724121093750000000e-02 -5.551115123125782702e-17
4.736328125000000000e-02 1.110223024625156540e-16
4.748535156250000000e-02 0.000000000000000000e+00
4.760742187500000000e-02 0.000000000000000000e+00
4.772949218750000000e-02 1.665334536937734811e-16
4.785156250000000000e-02 0.000000000000000000e+00
4.797363281250000000e-02 -1.110223024625156540e-16
4.809570312500000000e-02 0.000000000000000000e+00
4.821777343750000000e-02 -1.110223024625156540e-16
4.833984375000000000e-02 0.000000000000000000e+00
4.846191406250000000e-02 -1.110223024625156540e-16
4.858398437500000000e-02 -5.551115123125782702e-17
4.870605468750000000e-02 0.000000000000000000e+00
4.882812500000000000e-02 2.220446049250313081e-16
4.895019531250000000e-02 5.551115123125782702e-17
4.907226562500000000e-02 0.000000000000000000e+00
4.919433593750000000e-02 0.000000000000000000e+00
4.931640625000000000e-02 5.551115123125782702e-17
4.943847656250000000e-02 -5.551115123125782702e-17
4.956054687500000000e-02 5.551115123125782702e-17
4.968261718750000000e-02 5.551115123125782702e-17
4.980468750000000000e-02 0.000000000000000000e+00
4.992675781250000000e-02 -1.110223024625156540e-16
5.004882812500000000e-02 0.000000000000000000e+00
5.017089843750000000e-02 -2.220446049250313081e-16
5.029296875000000000e-02 0.000000000000000000e+00
5.041503906250000000e-02 0.000000000000000000e+00
5.053710937500000000e-02 -5.551115123125782702e-17
5.065917968750000000e-02 0.000000000000000000e+00
5.078125000000000000e-02 1.110223024625156540e-16
5.090332031250000000e-02 0.000000000000000000e+00
5.102539062500000000e-02 0.000000000000000000e+00
5.114746093750000000e-02 5.551115123125782702e-17
5.126953125000000000e-02 0.000000000000000000e+00
5.139160156250000000e-02 -5.551115123125782702e-17
5.151367187500000000e-02 1.110223024625156540e-16
5.163574218750000000e-02 0.000000000000000000e+00
5.175781250000000000e-02 0.000000000000000000e+00
5.187988281250000000e-02 -5.551115123125782702e-17
5.200195312500000000e-02 0.000000000000000000e+00
5.212402343750000000e-02 0.000000000000000000e+00
5.224609375000000000e-02 1.665334536937734811e-16
5.236816406250000000e-02 -3.330669073875469621e-16
5.249023437500000000e-02 0.000000000000000000e+00
5.261230468750000000e-02 0.000000000000000000e+00
5.273437500000000000e-02 0.000000000000000000e+00
5.285644531250000000e-02 -1.110223024625156540e-16
5.297851562500000000e-02 -1.110223024625156540e-16
5.310058593750000000e-02 0.000000000000000000e+00
5.322265625000000000e-02 2.220446049250313081e-16
5.334472656250000000e-02 -5.551115123125782702e-17
5.346679687500000000e-02 5.551115123125782702e-17
5.358886718750000000e-02 -1.110223024625156540e-16
5.371093750000000000e-02 0.000000000000000000e+00
5.383300781250000000e-02 0.000000000000000000e+00
5.395507812500000000e-02 0.000000000000000000e+00
5.407714843750000000e-02 -2.220446049250313081e-16
5.419921875000000000e-02 0.000000000000000000e+00
5.432128906250000000e-02 -2.775557561562891351e-16
5.444335937500000000e-02 0.000000000000000000e+00
5.456542968750000000e-02 0.000000000000000000e+00
5.468750000000000000e-02 5.551115123125782702e-17
5.480957031250000000e-02 -5.551115123125782702e-17
5.493164062500000000e-02 -5.551115123125782702e-17
5.505371093750000000e-02 0.000000000000000000e+00
5.517578125000000000e-02 0.000000000000000000e+00
5.529785156250000000e-02 5.551115123125782702e-17
5.541992187500000000e-02 0.000000000000000000e+00
5.554199218750000000e-02 1.665334536937734811e-16
5.566406250000000000e-02 -1.110223024625156540e-16
5.578613281250000000e-02 0.000000000000000000e+00
5.590820312500000000e-02 0.000000000000000000e+00
5.603027343750000000e-02 -1.665334536937734811e-16
5.615234375000000000e-02 0.000000000000000000e+00
5.627441406250000000e-02 -1.110223024625156540e-16
5.639648437500000000e-02 0.000000000000000000e+00
5.651855468750000000e-02 1.110223024625156540e-16
5.664062500000000000e-02 5.551115123125782702e-17
5.676269531250000000e-02 -1.110223024625156540e-16
5.688476562500000000e-02 0.000000000000000000e+00
5.700683593750000000e-02 -1.110223024625156540e-16
5.712890625000000000e-02 1.110223024625156540e-16
5.725097656250000000e-02 0.000000000000000000e+00
5.737304687500000000e-02 5.551115123125782702e-17
5.749511718750000000e-02 1.110223024625156540e-16
5.761718750000000000e-02 0.000000000000000000e+00
5.773925781250000000e-02 -1.110223024625156540e-16
5.786132812500000000e-02 0.000000000000000000e+00
5.798339843750000000e-02 -2.220446049250313081e-16
5.810546875000000000e-02 1.110223024625156540e-16
5.822753906250000000e-02 -2.220446049250313081e-16
5.834960937500000000e-02 0.000000000000000000e+00
5.847167968750000000e-02 1.110223024625156540e-16
5.859375000000000000e-02 1.110223024625156540e-16
5.871582031250000000e-02 -2.220446049250313081e-16
5.883789062500000000e-02 0.000000000000000000e+00
5.895996093750000000e-02 0.000000000000000000e+00
5.908203125000000000e-02 1.110223024625156540e-16
5.920410156250000000e-02 -5.551115123125782702e-17
5.932617187500000000e-02 0.000000000000000000e+00
5.944824218750000000e-02 5.551115123125782702e-17
5.957031250000000000e-02 0.000000000000000000e+00
5.969238281250000000e-02 -1.110223024625156540e-16
5.981445312500000000e-02 0.000000000000000000e+00
5.993652343750000000e-02 0.000000000000000000e+00
6.005859375000000000e-02 5.551115123125782702e-17
6.018066406250000000e-02 -1.110223024625156540e-16
6.030273437500000000e-02 1.110223024625156540e-16
6.042480468750000000e-02 2.220446049250313081e-16
6.054687500000000000e-02 3.330669073875469621e-16
6.066894531250000000e-02 0.000000000000000000e+00
6.079101562500000000e-02 0.000000000000000000e+00
6.091308593750000000e-02 0.000000000000000000e+00
6.103515625000000000e-02 1.110223024625156540e-16
6.115722656250000000e-02 0.000000000000000000e+00
6.127929687500000000e-02 1.110223024625156540e-16
6.140136718750000000e-02 0.000000000000000000e+00
6.152343750000000000e-02 5.551115123125782702e-17
6.164550781250000000e-02 -1.110223024625156540e-16
6.176757812500000000e-02 0.000000000000000000e+00
6.188964843750000000e-02 -1.110223024625156540e-16
6.201171875000000000e-02 0.000000000000000000e+00
6.213378906250000000e-02 -1.665334536937734811e-16
6.225585937500000000e-02 0.000000000000000000e+00
6.237792968750000000e-02 -1.110223024625156540e-16
6.250000000000000000e-02 1.110223024625156540e-16
6.262207031250000000e-02 0.000000000000000000e+00
6.274414062500000000e-02 0.000000000000000000e+00
6.286621093750000000e-02 -1.110223024625156540e-16
6.298828125000000000e-02 1.665334536937734811e-16
6.311035156250000000e-02 -5.551115123125782702e-17
6.323242187500000000e-02 0.000000000000000000e+00
6.335449218750000000e-02 2.220446049250313081e-16
6.347656250000000000e-02 5.551115123125782702e-17
6.359863281250000000e-02 -1.665334536937734811e-16
6.372070312500000000e-02 5.551115123125782702e-17
6.384277343750000000e-02 -1.110223024625156540e-16
6.396484375000000000e-02 0.000000000000000000e+00
6.408691406250000000e-02 -2.220446049250313081e-16
6.420898437500000000e-02 0.000000000000000000e+00
6.433105468750000000e-02 1.110223024625156540e-16
6.445312500000000000e-02 2.220446049250313081e-16
6.457519531250000000e-02 0.000000000000000000e+00
6.469726562500000000e-02 0.000000000000000000e+00
6.481933593750000000e-02 0.000000000000000000e+00
6.494140625000000000e-02 0.000000000000000000e+00
6.506347656250000000e-02 0.000000000000000000e+00
6.518554687500000000e-02 5.551115123125782702e-17
6.530761718750000000e-02 1.110223024625156540e-16
6.542968750000000000e-02 5.551115123125782702e-17
6.555175781250000000e-02 -2.220446049250313081e-16
6.567382812500000000e-02 5.551115123125782702e-17
6.579589843750000000e-02 -1.110223024625156540e-16
6.591796875000000000e-02 0.000000000000000000e+00
6.604003906250000000e-02 -2.220446049250313081e-16
6.616210937500000000e-02 0.000000000000000000e+00
6.628417968750000000e-02 -2.220446049250313081e-16
6.640625000000000000e-02 0.000000000000000000e+00
6.652832031250000000e-02 -1.110223024625156540e-16
6.665039062500000000e-02 5.551115123125782702e-17
6.677246093750000000e-02 0.000000000000000000e+00
6.689453125000000000e-02 0.000000000000000000e+00
6.701660156250000000e-02 0.000000000000000000e+00
6.713867187500000000e-02 5.551115123125782702e-17
6.726074218750000000e-02 1.110223024625156540e-16
6.738281250000000000e-02 -5.551115123125782702e-17
6.750488281250000000e-02 1.110223024625156540e-16
6.762695312500000000e-02 5.551115123125782702e-17
6.774902343750000000e-02 0.000000000000000000e+00
6.787109375000000000e-02 0.000000000000000000e+00
6.799316406250000000e-02 -2.220446049250313081e-16
6.811523437500000000e-02 1.110223024625156540e-16
6.823730468750000000e-02 1.110223024625156540e-16
6.835937500000000000e-02 0.000000000000000000e+00
6.848144531250000000e-02 -1.110223024625156540e-16
6.860351562500000000e-02 -1.110223024625156540e-16
6.872558593750000000e-02 -2.220446049250313081e-16
6.884765625000000000e-02 1.110223024625156540e-16
6.896972656250000000e-02 5.551115123125782702e-17
6.909179687500000000e-02 5.551115123125782702e-17
6.921386718750000000e-02 1.110223024625156540e-16
6.933593750000000000e-02 5.551115123125782702e-17
6.945800781250000000e-02 0.000000000000000000e+00
6.958007812500000000e-02 0.000000000000000000e+00
6.970214843750000000e-02 -1.110223024625156540e-16
6.982421875000000000e-02 0.000000000000000000e+00
6.994628906250000000e-02 -1.665334536937734811e-16
7.006835937500000000e-02 5.551115123125782702e-17
7.019042968750000000e-02 0.000000000000000000e+00
7.031250000000000000e-02 0.000000000000000000e+00
7.043457031250000000e-02 0.000000000000000000e+00
7.055664062500000000e-02 0.000000000000000000e+00
7.067871093750000000e-02 -2.220446049250313081e-16
7.080078125000000000e-02 0.000000000000000000e+00
7.092285156250000000e-02 0.000000000000000000e+00
7.104492187500000000e-02 0.000000000000000000e+00
7.116699218750000000e-02 2.220446049250313081e-16
7.128906250000000000e-02 0.000000000000000000e+00
7.141113281250000000e-02 -1.110223024625156540e-16
7.153320312500000000e-02 0.000000000000000000e+00
7.165527343750000000e-02 0.000000000000000000e+00
7.177734375000000000e-02 0.000000000000000000e+00
7.189941406250000000e-02 -2.775557561562891351e-16
7.202148437500000000e-02 -1.110223024625156540e-16
7.214355468750000000e-02 -5.551115123125782702e-17
7.226562500000000000e-02 5.551115123125782702e-17
7.238769531250000000e-02 0.000000000000000000e+00
7.250976562500000000e-02 -1.665334536937734811e-16
7.263183593750000000e-02 -1.110223024625156540e-16
7.275390625000000000e-02 0.000000000000000000e+00
7.287597656250000000e-02 0.000000000000000000e+00
7.299804687500000000e-02 1.110223024625156540e-16
7.312011718750000000e-02 1.110223024625156540e-16
7.324218750000000000e-02 -1.110223024625156540e-16
7.336425781250000000e-02 -1.110223024625156540e-16
7.348632812500000000e-02 1.110223024625156540e-16
7.360839843750000000e-02 0.000000000000000000e+00
7.373046875000000000e-02 0.000000000000000000e+00
7.385253906250000000e-02 -1.110223024625156540e-16
7.397460937500000000e-02 5.551115123125782702e-17
7.409667968750000000e-02 -1.110223024625156540e-16
7.421875000000000000e-02 0.000000000000000000e+00
7.434082031250000000e-02 -2.775557561562891351e-16
7.446289062500000000e-02 5.551115123125782702e-17
7.458496093750000000e-02 1.110223024625156540e-16
7.470703125000000000e-02 -1.110223024625156540e-16
7.482910156250000000e-02 -1.110223024625156540e-16
7.495117187500000000e-02 -1.110223024625156540e-16
7.507324218750000000e-02 1.665334536937734811e-16
7.519531250000000000e-02 0.000000000000000000e+00
7.531738281250000000e-02 0.000000000000000000e+00
7.543945312500000000e-02 1.110223024625156540e-16
7.556152343750000000e-02 -1.110223024625156540e-16
7.568359375000000000e-02 0.000000000000000000e+00
7.580566406250000000e-02 -2.220446049250313081e-16
7.592773437500000000e-02 0.000000000000000000e+00
7.604980468750000000e-02 5.551115123125782702e-17
7.617187500000000000e-02 0.000000000000000000e+00
7.629394531250000000e-02 0.000000000000000000e+00
7.641601562500000000e-02 -1.110223024625156540e-16
7.653808593750000000e-02 0.000000000000000000e+00
7.666015625000000000e-02 1.110223024625156540e-16
7.678222656250000000e-02 0.000000000000000000e+00
7.690429687500000000e-02 0.000000000000000000e+00
7.702636718750000000e-02 1.110223024625156540e-16
7.714843750000000000e-02 1.665334536937734811e-16
7.727050781250000000e-02 -1.110223024625156540e-16
7.739257812500000000e-02 -5.551115123125782702e-17
7.751464843750000000e-02 0.000000000000000000e+00
7.763671875000000000e-02 0.000000000000000000e+00
7.775878906250000000e-02 -5.551115123125782702e-17
7.788085937500000000e-02 -5.551115123125782702e-17
7.800292968750000000e-02 0.000000000000000000e+00
7.812500000000000000e-02 1.110223024625156540e-16
7.824707031250000000e-02 -1.110223024625156540e-16
7.836914062500000000e-02 5.551115123125782702e-17
7.849121093750000000e-02 -2.220446049250313081e-16
7.861328125000000000e-02 -1.110223024625156540e-16
7.873535156250000000e-02 -5.551115123125782702e-17
7.885742187500000000e-02 0.000000000000000000e+00
7.897949218750000000e-02 2.220446049250313081e-16
7.910156250000000000e-02 0.000000000000000000e+00
7.922363281250000000e-02 -2.220446049250313081e-16
7.934570312500000000e-02 -5.551115123125782702e-17
7.946777343750000000e-02 -2.220446049250313081e-16
7.958984375000000000e-02 0.000000000000000000e+00
7.971191406250000000e-02 -1.110223024625156540e-16
7.983398437500000000e-02 0.000000000000000000e+00
7.995605468750000000e-02 0.000000000000000000e+00
8.007812500000000000e-02 1.110223024625156540e-16
8.020019531250000000e-02 0.000000000000000000e+00
8.032226562500000000e-02 -1.110223024625156540e-16
8.044433593750000000e-02 -1.110223024625156540e-16
8.056640625000000000e-02 0.000000000000000000e+00
8.068847656250000000e-02 -1.110223024625156540e-16
8.081054687500000000e-02 -1.110223024625156540e-16
8.093261718750000000e-02 0.000000000000000000e+00
8.105468750000000000e-02 -1.110223024625156540e-16
8.117675781250000000e-02 -1.110223024625156540e-16
8.129882812500000000e-02 0.000000000000000000e+00
8.142089843750000000e-02 1.110223024625156540e-16
8.154296875000000000e-02 0.000000000000000000e+00
8.166503906250000000e-02 -1.110223024625156540e-16
8.178710937500000000e-02 0.000000000000000000e+00
8.190917968750000000e-02 -1.110223024625156540e-16
8.203125000000000000e-02 0.000000000000000000e+00
8.215332031250000000e-02 -2.220446049250313081e-16
8.227539062500000000e-02 1.110223024625156540e-16
8.239746093750000000e-02 0.000000000000000000e+00
8.251953125000000000e-02 -1.110223024625156540e-16
8.264160156250000000e-02 -2.220446049250313081e-16
8.276367187500000000e-02 5.551115123125782702e-17
8.288574218750000000e-02 0.000000000000000000e+00
8.300781250000000000e-02 -1.110223024625156540e-16
8.312988281250000000e-02 1.110223024625156540e-16
8.325195312500000000e-02 0.000000000000000000e+00
8.337402343750000000e-02 1.110223024625156540e-16
8.349609375000000000e-02 0.000000000000000000e+00
8.361816406250000000e-02 -2.220446049250313081e-16
8.374023437500000000e-02 -1.110223024625156540e-16
8.386230468750000000e-02 0.000000000000000000e+00
8.398437500000000000e-02 0.000000000000000000e+00
8.410644531250000000e-02 -1.110223024625156540e-16
8.422851562500000000e-02 0.000000000000000000e+00
8.435058593750000000e-02 -1.110223024625156540e-16
8.447265625000000000e-02 5.551115123125782702e-17
8.459472656250000000e-02 -5.551115123125782702e-17
8.471679687500000000e-02 1.110223024625156540e-16
8.483886718750000000e-02 0.000000000000000000e+00
8.496093750000000000e-02 5.551115123125782702e-17
8.508300781250000000e-02 0.000000000000000000e+00
8.520507812500000000e-02 0.000000000000000000e+00
8.532714843750000000e-02 0.000000000000000000e+00
8.544921875000000000e-02 0.000000000000000000e+00
8.557128906250000000e-02 -2.220446049250313081e-16
8.569335937500000000e-02 -5.551115123125782702e-17
8.581542968750000000e-02 0.000000000000000000e+00
8.593750000000000000e-02 0.000000000000000000e+00
8.605957031250000000e-02 -1.110223024625156540e-16
8.618164062500000000e-02 0.000000000000000000e+00
8.630371093750000000e-02 -2.220446049250313081e-16
8.642578125000000000e-02 -2.220446049250313081e-16
8.654785156250000000e-02 -5.551115123125782702e-17
8.666992187500000000e-02 0.000000000000000000e+00
8.679199218750000000e-02 1.110223024625156540e-16
8.691406250000000000e-02 0.000000000000000000e+00
8.703613281250000000e-02 -1.110223024625156540e-16
8.715820312500000000e-02 5.551115123125782702e-17
8.728027343750000000e-02 0.000000000000000000e+00
8.740234375000000000e-02 0.000000000000000000e+00
8.752441406250000000e-02 -1.110223024625156540e-16
8.764648437500000000e-02 -2.220446049250313081e-16
8.776855468750000000e-02 0.000000000000000000e+00
8.789062500000000000e-02 5.551115123125782702e-17
8.801269531250000000e-02 0.000000000000000000e+00
8.813476562500000000e-02 0.000000000000000000e+00
8.825683593750000000e-02 -1.110223024625156540e-16
8.837890625000000000e-02 0.000000000000000000e+00
8.850097656250000000e-02 -2.220446049250313081e-16
8.862304687500000000e-02 1.110223024625156540e-16
8.874511718750000000e-02 0.000000000000000000e+00
8.886718750000000000e-02 -2.220446049250313081e-16
8.898925781250000000e-02 -1.110223024625156540e-16
8.911132812500000000e-02 0.000000000000000000e+00
8.923339843750000000e-02 -2.220446049250313081e-16
8.935546875000000000e-02 0.000000000000000000e+00
8.947753906250000000e-02 -2.775557561562891351e-16
8.959960937500000000e-02 -5.551115123125782702e-17
8.972167968750000000e-02 -1.110223024625156540e-16
8.984375000000000000e-02 0.000000000000000000e+00
8.996582031250000000e-02 -2.220446049250313081e-16
9.008789062500000000e-02 5.551115123125782702e-17
9.020996093750000000e-02 -1.110223024625156540e-16
9.033203125000000000e-02 -5.551115123125782702e-17
9.045410156250000000e-02 -1.665334536937734811e-16
9.057617187500000000e-02 -2.220446049250313081e-16
9.069824218750000000e-02 0.000000000000000000e+00
9.082031250000000000e-02 0.000000000000000000e+00
9.094238281250000000e-02 -1.110223024625156540e-16
9.106445312500000000e-02 -1.665334536937734811e-16
9.118652343750000000e-02 -1.110223024625156540e-16
9.130859375000000000e-02 0.000000000000000000e+00
9.143066406250000000e-02 -2.220446049250313081e-16
9.155273437500000000e-02 0.000000000000000000e+00
9.167480468750000000e-02 0.000000000000000000e+00
9.179687500000000000e-02 0.000000000000000000e+00
9.191894531250000000e-02 0.000000000000000000e+00
9.204101562500000000e-02 -1.110223024625156540e-16
9.216308593750000000e-02 0.000000000000000000e+00
9.228515625000000000e-02 5.551115123125782702e-17
9.240722656250000000e-02 0.000000000000000000e+00
9.252929687500000000e-02 1.110223024625156540e-16
9.265136718750000000e-02 0.000000000000000000e+00
9.277343750000000000e-02 5.551115123125782702e-17
9.289550781250000000e-02 0.000000000000000000e+00
9.301757812500000000e-02 0.000000000000000000e+00
9.313964843750000000e-02 0.000000000000000000e+00
9.326171875000000000e-02 0.000000000000000000e+00
9.338378906250000000e-02 -1.110223024625156540e-16
9.350585937500000000e-02 0.000000000000000000e+00
9.362792968750000000e-02 -2.220446049250313081e-16
9.375000000000000000e-02 1.110223024625156540e-16
9.387207031250000000e-02 0.000000000000000000e+00
9.399414062500000000e-02 1.665334536937734811e-16
9.411621093750000000e-02 0.000000000000000000e+00
9.423828125000000000e-02 0.000000000000000000e+00
9.436035156250000000e-02 0.000000000000000000e+00
9.448242187500000000e-02 5.551115123125782702e-17
9.460449218750000000e-02 3.330669073875469621e-16
9.472656250000000000e-02 -5.551115123125782702e-17
9.484863281250000000e-02 -1.110223024625156540e-16
9.497070312500000000e-02 0.000000000000000000e+00
9.509277343750000000e-02 -5.551115123125782702e-17
9.521484375000000000e-02 5.551115123125782702e-17
9.533691406250000000e-02 0.000000000000000000e+00
9.545898437500000000e-02 -5.551115123125782702e-17
9.558105468750000000e-02 0.000000000000000000e+00
9.570312500000000000e-02 1.665334536937734811e-16
9.582519531250000000e-02 1.110223024625156540e-16
9.594726562500000000e-02 0.000000000000000000e+00
9.606933593750000000e-02 0.000000000000000000e+00
9.619140625000000000e-02 5.551115123125782702e-17
9.631347656250000000e-02 0.000000000000000000e+00
9.643554687500000000e-02 1.110223024625156540e-16
9.655761718750000000e-02 5.551115123125782702e-17
9.667968750000000000e-02 0.000000000000000000e+00
9.680175781250000000e-02 -1.110223024625156540e-16
9.692382812500000000e-02 0.000000000000000000e+00
9.704589843750000000e-02 5.551115123125782702e-17
9.716796875000000000e-02 1.110223024625156540e-16
9.729003906250000000e-02 0.000000000000000000e+00
9.741210937500000000e-02 0.000000000000000000e+00
9.753417968750000000e-02 -5.551115123125782702e-17
9.765625000000000000e-02 1.110223024625156540e-16
9.777832031250000000e-02 1.110223024625156540e-16
9.790039062500000000e-02 1.110223024625156540e-16
9.802246093750000000e-02 0.000000000000000000e+00
9.814453125000000000e-02 0.000000000000000000e+00
9.826660156250000000e-02 0.000000000000000000e+00
9.838867187500000000e-02 1.110223024625156540e-16
9.851074218750000000e-02 0.000000000000000000e+00
9.863281250000000000e-02 0.000000000000000000e+00
9.875488281250000000e-02 0.000000000000000000e+00
9.887695312500000000e-02 1.110223024625156540e-16
9.899902343750000000e-02 0.000000000000000000e+00
9.912109375000000000e-02 0.000000000000000000e+00
9.924316406250000000e-02 -2.220446049250313081e-16
9.936523437500000000e-02 5.551115123125782702e-17
9.948730468750000000e-02 0.000000000000000000e+00
9.960937500000000000e-02 5.551115123125782702e-17
9.973144531250000000e-02 1.110223024625156540e-16
9.985351562500000000e-02 1.110223024625156540e-16
9.997558593750000000e-02 -1.110223024625156540e-16
1.000976562500000000e-01 7.862931378312266263e-17
1.002197265625000000e-01 4.598945487155856313e-17
1.003417968750000000e-01 1.280110845739421518e-16
1.004638671875000000e-01 6.470800708678981043e-17
1.005859375000000000e-01 7.374503048718747664e-17
1.007080078125000000e-01 -3.842069344800496683e-17
1.008300781250000000e-01 2.451402464646168625e-17
1.009521484375000000e-01 1.163135666159340944e-19
1.010742187500000000e-01 3.162699410444249637e-17
1.011962890625000000e-01 -2.750870538345779927e-17
1.013183593750000000e-01 1.283604200696402673e-17
1.014404296875000000e-01 1.130962324681198669e-17
1.015625000000000000e-01 1.280546034624605349e-16
1.016845703125000000e-01 6.743600410292660386e-17
1.018066406250000000e-01 6.451929363792665708e-17
1.019287109375000000e-01 3.058524830359206942e-17
1.020507812500000000e-01 1.660578482395125019e-17
1.021728515625000000e-01 1.074412730943915747e-16
1.022949218750000000e-01 1.061961759498884228e-16
1.024169921875000000e-01 2.028124987567696393e-16
1.025390625000000000e-01 1.208343879429044338e-16
1.026611328125000000e-01 7.211693605520907721e-17
1.027832031250000000e-01 3.198111039818892007e-17
1.029052734375000000e-01 3.422443445502410349e-17
1.030273437500000000e-01 1.546236335127446076e-17
1.031494140625000000e-01 -4.627077648720744817e-17
1.032714843750000000e-01 1.497537766423213129e-18
1.033935546875000000e-01 3.580900999848410749e-17
1.035156250000000000e-01 1.350370162548861710e-16
1.036376953125000000e-01 1.367379053649620968e-16
1.037597656250000000e-01 -6.095250736874184227e-17
1.038818359375000000e-01 -2.582802455792035511e-18
1.040039062500000000e-01 7.207341716669068177e-17
1.041259765625000000e-01 6.468858839395196146e-18
1.042480468750000000e-01 9.284657998989397147e-17
1.043701171875000000e-01 1.617508460696646576e-16
1.044921875000000000e-01 -1.957158456721853322e-17
1.046142578125000000e-01 -1.693062532811853066e-17
1.047363281250000000e-01 9.385944479701557459e-17
1.048583984375000000e-01 -3.516450458404818028e-17
1.049804687500000000e-01 2.834192424675688600e-17
1.051025390625000000e-01 2.791540807076324304e-17
1.052246093750000000e-01 5.271075433287382666e-17
1.053466796875000000e-01 7.583399318343167914e-18
1.054687500000000000e-01 1.339371136707277770e-16
1.055908203125000000e-01 4.813110325656738407e-17
1.057128906250000000e-01 2.101779088366704983e-16
1.058349609375000000e-01 6.101066415204980932e-17
1.059570312500000000e-01 5.760928072774826485e-17
1.060791015625000000e-01 6.464985030348184339e-17
1.062011718750000000e-01 1.055663084302420672e-16
1.063232421875000000e-01 1.900781324216319596e-16
1.064453125000000000e-01 8.660995348788033028e-17
1.065673828125000000e-01 2.144654923136804689e-17
1.066894531250000000e-01 1.254864389014580833e-16
1.068115234375000000e-01 -1.007837008061332437e-16
1.069335937500000000e-01 -3.784380711776791988e-18
1.070556640625000000e-01 -4.411540707832022447e-19
1.071777343750000000e-01 4.307274440655861635e-17
1.072998046875000000e-01 7.543128170247384313e-17
1.074218750000000000e-01 7.575612220664112360e-17
1.075439453125000000e-01 5.614101875090418262e-17
1.076660156250000000e-01 6.177665872700029204e-17
1.077880859375000000e-01 -1.267620955182970028e-17
1.079101562500000000e-01 7.374503048718747664e-17
1.080322265625000000e-01 -3.033837807142094902e-17
1.081542968750000000e-01 5.752224295071147398e-17
1.082763671875000000e-01 1.265863414856164773e-16
1.083984375000000000e-01 1.388213969666629753e-16
1.085205078125000000e-01 -6.875907151942592818e-17
1.086425781250000000e-01 7.791240848643951615e-17
1.087646484375000000e-01 -6.038079663240345372e-17
1.088867187500000000e-01 -7.893601927720870616e-18
1.090087890625000000e-01 -1.377611213598809427e-17
1.091308593750000000e-01 6.808337238352042071e-18
1.092529296875000000e-01 1.121803618299820151e-16
1.093750000000000000e-01 1.310324768604592760e-16
1.094970703125000000e-01 5.470464391747976383e-17
1.096191406250000000e-01 8.482696427908234746e-17
1.097412109375000000e-01 4.082685610966530708e-17
1.098632812500000000e-01 1.812711324706557581e-17
1.099853515625000000e-01 1.102157951487375909e-16
1.101074218750000000e-01 6.206488533471823012e-17
1.102294921875000000e-01 1.449634337074168602e-16
1.103515625000000000e-01 7.860609323830882274e-17
1.104736328125000000e-01 7.656436309440347165e-18
1.105957031250000000e-01 1.696207495932125799e-17
1.107177734375000000e-01 3.581502535315800600e-17
1.108398437500000000e-01 7.594267314253268687e-17
1.109619140625000000e-01 -2.509263597745336251e-17
1.110839843750000000e-01 1.002318105541401729e-17
1.112060546875000000e-01 2.538835041205465852e-17
1.113281250000000000e-01 1.071676957101152146e-16
1.114501953125000000e-01 1.418438311444088515e-16
1.115722656250000000e-01 2.546168675302465968e-17
1.116943359375000000e-01 5.316226011292607694e-17
1.118164062500000000e-01 6.239639563842133074e-17
1.119384765625000000e-01 -6.974209315408451204e-18
1.120605468750000000e-01 1.036799146729190955e-16
1.121826171875000000e-01 1.190634181148022293e-16
1.123046875000000000e-01 5.729373162040419866e-18
1.124267578125000000e-01 -1.971445996334232593e-17
1.125488281250000000e-01 9.251989153137173842e-18
1.126708984375000000e-01 -1.927543605000512169e-18
1.127929687500000000e-01 4.776575001357253545e-17
1.129150390625000000e-01 4.927146564764121252e-17
1.130371093750000000e-01 -6.939374361507813247e-18
1.131591796875000000e-01 3.429097563384681786e-17
1.132812500000000000e-01 1.626788469413730539e-16
1.134033203125000000e-01 1.344835897271703976e-16
1.135253906250000000e-01 1.376490275032846500e-16
1.136474609375000000e-01 7.397894182464776208e-17
1.137695312500000000e-01 2.737041581518208823e-17
1.138916015625000000e-01 -5.037979125387274529e-18
1.140136718750000000e-01 1.580351946590538510e-16
1.141357421875000000e-01 4.315693268515397354e-17
1.142578125000000000e-01 6.132386590129162107e-18
1.143798828125000000e-01 2.810493954697393418e-17
1.145019531250000000e-01 4.277225334230773313e-17
1.146240234375000000e-01 -1.272973084632884452e-17
1.147460937500000000e-01 5.434563248591290584e-17
1.148681640625000000e-01 3.194256497311564649e-17
1.149902343750000000e-01 -5.549329760361591314e-17
1.151123046875000000e-01 2.538835041205465852e-17
1.152343750000000000e-01 4.469931648970766043e-17
1.153564453125000000e-01 9.633800734092313410e-17
1.154785156250000000e-01 -2.196386637182410140e-17
1.156005859375000000e-01 3.118970715608130795e-17
1.157226562500000000e-01 4.582035278093010324e-17
1.158447265625000000e-01 2.269926240499914639e-17
1.159667968750000000e-01 9.100383332333397869e-17
1.160888671875000000e-01 3.047618981021791410e-18
1.162109375000000000e-01 1.154723077472520543e-17
1.163330078125000000e-01 -1.441932027203411988e-16
1.164550781250000000e-01 -1.233588446086135474e-17
1.165771484375000000e-01 -9.409689567367940588e-17
1.166992187500000000e-01 -4.089748693266774657e-17
1.168212890625000000e-01 -3.397692711400302310e-17
1.169433593750000000e-01 3.312593734610248155e-17
1.170654296875000000e-01 3.427264154860431911e-17
1.171875000000000000e-01 5.512599143081100174e-17
1.173095703125000000e-01 5.622869363679094581e-17
1.174316406250000000e-01 4.608336870817977049e-18
1.175537109375000000e-01 -6.239685583616608339e-18
1.176757812500000000e-01 -8.018243969537995162e-17
1.177978515625000000e-01 9.246554696088077459e-17
1.179199218750000000e-01 7.399727590989025466e-17
1.180419921875000000e-01 5.898011772561085634e-17
1.181640625000000000e-01 6.858243172529422059e-17
1.182861328125000000e-01 -2.199136749968784644e-17
1.184082031250000000e-01 1.114266686495881648e-16
1.185302734375000000e-01 -3.702502655262539938e-17
1.186523437500000000e-01 2.887613144925077762e-17
1.187744140625000000e-01 1.036359126763972143e-16
1.188964843750000000e-01 -9.216281897853346082e-18
1.190185546875000000e-01 -2.348891118331750078e-18
1.191406250000000000e-01 8.287240000381866896e-17
1.192626953125000000e-01 2.847311802116203230e-17
1.193847656250000000e-01 -3.080415551185187466e-17
1.195068359375000000e-01 6.976580409828105565e-17
1.196289062500000000e-01 6.535400018217898185e-18
1.197509765625000000e-01 9.480479057899069350e-17
1.198730468750000000e-01 1.048541200032846842e-16
1.199951171875000000e-01 6.937012449622919399e-17
1.201171875000000000e-01 3.234557840120439181e-17
1.202392578125000000e-01 -3.242720948341244022e-17
1.203613281250000000e-01 1.389564143545637063e-17
1.204833984375000000e-01 -6.634132005805049237e-17
1.206054687500000000e-01 1.329778740931016959e-16
1.207275390625000000e-01 2.691240013136584050e-17
1.208496093750000000e-01 2.623104543871714666e-17
1.209716796875000000e-01 2.002667526660175191e-17
1.210937500000000000e-01 7.670469800218828403e-17
1.212158203125000000e-01 2.001017439794361886e-17
1.213378906250000000e-01 1.360883096134884706e-16
1.214599609375000000e-01 -1.047115739522581352e-17
1.215820312500000000e-01 1.349262800736763148e-17
1.217041015625000000e-01 5.472297800272226258e-17
1.218261718750000000e-01 7.865926227745196253e-17
1.219482421875000000e-01 1.194847656281334795e-16
1.220703125000000000e-01 1.268660115119015007e-17
1.221923828125000000e-01 -2.856208292940697670e-17
1.223144531250000000e-01 5.586968220522409398e-17
1.224365234375000000e-01 -5.478444178310345578e-17
1.225585937500000000e-01 8.133001619926498207e-17
1.226806640625000000e-01 1.884513611019928563e-17
1.228027343750000000e-01 -5.162083722357355979e-17
1.229248046875000000e-01 1.269393497722703683e-17
1.230468750000000000e-01 7.827274971802135950e-17
1.231689453125000000e-01 3.735740915771169289e-17
1.232910156250000000e-01 2.277993257200602814e-17
1.234130859375000000e-01 -6.281653936497095005e-20
1.235351562500000000e-01 3.736657620033293918e-17
1.236572265625000000e-01 4.429630306161892127e-17
1.237792968750000000e-01 1.506067972320070695e-17
1.239013671875000000e-01 -2.047648482299791076e-17
1.240234375000000000e-01 3.889062591964412732e-17
1.241455078125000000e-01 2.582803201062840134e-17
1.242675781250000000e-01 2.466299372288407119e-17
1.243896484375000000e-01 -1.168406405328010183e-16
1.245117187500000000e-01 6.010115401683330532e-17
1.246337890625000000e-01 -1.316024540228133643e-17
1.247558593750000000e-01 -5.549329760361590698e-17
1.248779296875000000e-01 1.882580693277461262e-18
1.250000000000000000e-01 7.908539657102465017e-17
1.251220703125000000e-01 7.041668225323518681e-17
1.252441406250000000e-01 6.511909427759090219e-17
1.253662109375000000e-01 5.868391220238615995e-17
1.254882812500000000e-01 5.707017799785902997e-17
1.256103515625000000e-01 1.575842122762110027e-16
1.257324218750000000e-01 9.773403624438660190e-17
1.258544921875000000e-01 8.431340888070506763e-17
1.259765625000000000e-01 5.509094068165424814e-17
1.260986328125000000e-01 -6.170476095203363063e-17
1.262207031250000000e-01 1.059634188298685437e-17
1.263427734375000000e-01 2.651533242374429810e-17
1.264648437500000000e-01 5.585016744669000499e-17
1.265869140625000000e-01 2.510043384880757033e-18
1.267089843750000000e-01 4.408856891605762793e-17
1.268310546875000000e-01 2.469489081175666981e-17
1.269531250000000000e-01 1.067465202802650055e-16
1.270751953125000000e-01 1.480749279330739463e-16
1.271972656250000000e-01 -8.283455542179836420e-18
1.273193359375000000e-01 1.154163903950730973e-16
1.274414062500000000e-01 5.954085914512010968e-17
1.275634765625000000e-01 4.532872072215282799e-17
1.276855468750000000e-01 1.060573162237532978e-16
1.278076171875000000e-01 1.117496101367819114e-16
1.279296875000000000e-01 2.772299864246514666e-17
1.280517578125000000e-01 3.259612403625254900e-17
1.281738281250000000e-01 5.295710980275766092e-17
1.282958984375000000e-01 -3.766377241711532471e-17
1.284179687500000000e-01 9.106575515252425310e-17
1.285400390625000000e-01 7.126832724723963800e-17
1.286621093750000000e-01 -6.799387728360040462e-18
1.287841796875000000e-01 -2.505349663472094989e-17
1.289062500000000000e-01 4.672492750670998746e-17
1.290283203125000000e-01 9.980925541200987253e-17
1.291503906250000000e-01 6.957843589466270731e-17
1.292724609375000000e-01 6.201431204023612021e-17
1.293945312500000000e-01 -1.859112634249418564e-18
1.295166015625000000e-01 6.263443534764875446e-17
1.296386718750000000e-01 1.577023721320937830e-16
1.297607421875000000e-01 8.050879826334067095e-17
1.298828125000000000e-01 -2.103914450600704468e-17
1.300048828125000000e-01 5.095188020817841589e-17
1.301269531250000000e-01 3.596524735959270687e-17
1.302490234375000000e-01 2.400634667535330634e-17
1.303710937500000000e-01 1.709600134468065311e-17
1.304931640625000000e-01 5.536971654161149540e-17
1.306152343750000000e-01 -3.004049238337090369e-17
1.307373046875000000e-01 7.218576531155999215e-18
1.308593750000000000e-01 -1.810195660670512408e-17
1.309814453125000000e-01 1.013476639222309776e-16
1.311035156250000000e-01 -5.649214699430293764e-17
1.312255859375000000e-01 -1.117674131051091554e-16
1.313476562500000000e-01 -2.151717332485217262e-17
1.314697265625000000e-01 4.522919101849970286e-17
1.315917968750000000e-01 4.074356658128586817e-17
1.317138671875000000e-01 9.605718260160485701e-18
1.318359375000000000e-01 6.217356565968090789e-17
1.319580078125000000e-01 -7.359808400080195863e-17
1.320800781250000000e-01 -6.499925030148158087e-18
1.322021484375000000e-01 -1.027515452012184845e-16
1.323242187500000000e-01 3.227730880801494641e-17
1.324462890625000000e-01 1.470156242257429077e-17
1.325683593750000000e-01 -1.295754602217736804e-18
1.326904296875000000e-01 1.024601089896216005e-16
1.328125000000000000e-01 6.042078780611798936e-17
1.329345703125000000e-01 1.297075958626204161e-16
1.330566406250000000e-01 -9.800687300880130389e-19
1.331787109375000000e-01 6.063124505420447804e-17
1.333007812500000000e-01 2.069649635156571049e-17
1.334228515625000000e-01 1.842237216276774967e-16
1.335449218750000000e-01 8.088877253201111823e-17
1.336669921875000000e-01 1.122040669875241661e-16
1.337890625000000000e-01 6.583541548213489932e-17
1.339111328125000000e-01 2.525124065765057897e-17
1.340332031250000000e-01 5.795256160331185920e-17
1.341552734375000000e-01 7.782218569864436995e-17
1.342773437500000000e-01 1.361626506844303648e-17
1.343994140625000000e-01 5.139847344040539763e-17
1.345214843750000000e-01 -7.192938275222282270e-17
1.346435546875000000e-01 2.105138862034101051e-17
1.347656250000000000e-01 5.246571641695055281e-17
1.348876953125000000e-01 1.336701748210914041e-16
1.350097656250000000e-01 -6.456957435214262930e-17
1.351318359375000000e-01 4.360279380803950273e-17
1.352539062500000000e-01 2.826747584308912658e-19
1.353759765625000000e-01 6.753712784441287083e-17
1.354980468750000000e-01 2.535956692316719210e-17
1.356201171875000000e-01 1.112239982574361438e-16
1.357421875000000000e-01 -3.488687239003652529e-17
1.358642578125000000e-01 5.011767557430039113e-17
1.359863281250000000e-01 3.361226980687826255e-17
1.361083984375000000e-01 -8.783642788908434549e-17
1.362304687500000000e-01 7.523067649420889635e-17
1.363525390625000000e-01 3.883449461239478295e-17
1.364746093750000000e-01 -1.343722452029302695e-18
1.365966796875000000e-01 2.613227604664208835e-17
1.367187500000000000e-01 8.139686127464122848e-17
1.368408203125000000e-01 1.056829899383165278e-16
1.369628906250000000e-01 1.554488708853150000e-16
1.370849609375000000e-01 6.813239083350011398e-17
1.372070312500000000e-01 9.130640631229204870e-18
1.373291015625000000e-01 1.261148659090374585e-16
1.374511718750000000e-01 -1.944870959915953957e-17
1.375732421875000000e-01 1.393282708588936136e-16
1.376953125000000000e-01 -4.405362177643793454e-17
1.378173828125000000e-01 2.901831910414782090e-17
1.379394531250000000e-01 -4.045779418138160811e-17
1.380615234375000000e-01 -2.540753477297875799e-17
1.381835937500000000e-01 5.574019432818451615e-18
1.383056640625000000e-01 5.261431202162093566e-19
1.384277343750000000e-01 -7.170087112655023492e-17
1.385498046875000000e-01 7.850462293418875834e-17
1.386718750000000000e-01 -1.776505161446766717e-17
1.387939453125000000e-01 1.184063605231286965e-16
1.389160156250000000e-01 -3.539496113266662938e-17
1.390380859375000000e-01 -2.254139841992189834e-19
1.391601562500000000e-01 -2.666718062002429042e-17
1.392822265625000000e-01 1.014439315043613800e-16
1.394042968750000000e-01 2.268088347227458559e-17
1.395263671875000000e-01 6.168662893611027171e-17
1.396484375000000000e-01 2.306259157180196511e-17
1.397705078125000000e-01 -5.135050559059384406e-18
1.398925781250000000e-01 -4.857225732735059864e-17
1.400146484375000000e-01 -9.376224194920472833e-17
1.401367187500000000e-01 -1.871210923085684771e-17
1.402587890625000000e-01 7.552521034727915529e-17
1.403808593750000000e-01 -1.173478789997495278e-16
1.405029296875000000e-01 9.727399293927729065e-17
1.406250000000000000e-01 -7.857356553147099863e-18
1.407470703125000000e-01 3.178011393682142914e-17
1.408691406250000000e-01 -3.432377504198339362e-17
1.409912109375000000e-01 7.358912532494832456e-17
1.411132812500000000e-01 -3.359280343776701848e-17
1.412353515625000000e-01 1.481104396566437544e-16
1.413574218750000000e-01 2.735726517701226603e-17
1.414794921875000000e-01 8.050615857061961424e-17
1.416015625000000000e-01 2.809269115976805589e-18
1.417236328125000000e-01 6.652731899344557694e-18
1.418457031250000000e-01 -6.477984343082653807e-17
1.419677734375000000e-01 1.762220341528054418e-18
1.420898437500000000e-01 1.237965442599353220e-17
1.422119140625000000e-01 6.955552714341229647e-18
1.423339843750000000e-01 -5.335003962747713852e-17
1.424560546875000000e-01 -5.740015842634533616e-17
1.425781250000000000e-01 3.391651720448555862e-19
1.427001953125000000e-01 1.256267075537498596e-16
1.428222656250000000e-01 -5.468541229812183027e-17
1.429443359375000000e-01 8.215584090471703350e-17
1.430664062500000000e-01 -2.273267787594554360e-17
1.431884765625000000e-01 -3.969866603798993663e-17
1.433105468750000000e-01 -3.222118051763301058e-17
1.434326171875000000e-01 2.426973681211972688e-17
1.435546875000000000e-01 -1.352103731814389563e-17
1.436767578125000000e-01 4.921779061624447470e-17
1.437988281250000000e-01 -1.362300188790447201e-16
1.439208984375000000e-01 -1.718267809224517745e-17
1.440429687500000000e-01 6.217555941362469322e-17
1.441650390625000000e-01 1.035168875005932946e-16
1.442871093750000000e-01 -1.162545999386210510e-16
1.444091796875000000e-01 4.895432180130300943e-18
1.445312500000000000e-01 -4.428927954054090288e-17
1.446533203125000000e-01 3.679096056308902703e-17
1.447753906250000000e-01 -2.138140431351896526e-17
1.448974609375000000e-01 6.332991239151644152e-17
1.450195312500000000e-01 -6.412293649401981899e-17
1.451416015625000000e-01 4.624964553009801347e-17
1.452636718750000000e-01 7.835666392284365403e-17
1.453857421875000000e-01 5.590027531468948926e-17
1.455078125000000000e-01 -3.108968681027588360e-17
1.456298828125000000e-01 1.153533324084117524e-16
1.457519531250000000e-01 -9.627685092267198721e-18
1.458740234375000000e-01 -7.469458565173005828e-17
1.459960937500000000e-01 3.057179492145434637e-18
1.461181640625000000e-01 1.254961737213254156e-16
1.462402343750000000e-01 -1.263807734388369747e-16
1.463623046875000000e-01 7.312624194298006708e-17
1.464843750000000000e-01 -1.057550131451565078e-16
1.466064453125000000e-01 5.674699528171861916e-17
1.467285156250000000e-01 -6.188496783308525104e-17
1.468505859375000000e-01 5.161424545045756232e-17
1.469726562500000000e-01 2.693430026075920177e-17
1.470947265625000000e-01 6.849219819934441200e-17
1.472167968750000000e-01 9.637981688657373201e-17
1.473388671875000000e-01 1.499098170701420385e-16
1.474609375000000000e-01 6.334198128463858458e-17
1.475830078125000000e-01 -3.086189417108276099e-17
1.477050781250000000e-01 -1.025931072792423926e-16
1.478271484375000000e-01 4.543790862085277003e-18
1.479492187500000000e-01 -3.030246163870126516e-17
1.480712890625000000e-01 4.359877446590834403e-17
1.481933593750000000e-01 -8.662004609928790904e-17
1.483154296875000000e-01 1.159151459738189386e-16
1.484375000000000000e-01 9.216539440080167325e-18
1.485595703125000000e-01 1.092627455625096790e-16
1.486816406250000000e-01 2.193027127521886635e-17
1.488037109375000000e-01 9.585353955372378263e-18
1.489257812500000000e-01 -3.397694361141625154e-17
1.490478515625000000e-01 1.547524870625190865e-16
1.491699218750000000e-01 9.190025460573057643e-17
1.492919921875000000e-01 5.231019153469967497e-17
1.494140625000000000e-01 -4.700900798299021364e-18
1.495361328125000000e-01 5.258079299230336017e-17
1.496582031250000000e-01 -6.815208169527579499e-18
1.497802734375000000e-01 7.690879680958761287e-17
1.499023437500000000e-01 7.819364745284474584e-17
1.500244140625000000e-01 1.177569344012831437e-16
1.501464843750000000e-01 -9.139614672896846754e-17
1.502685546875000000e-01 6.734631938767489625e-18
1.503906250000000000e-01 1.143896184318993989e-16
1.505126953125000000e-01 6.561309913940906146e-17
1.506347656250000000e-01 -7.513730696480501352e-17
1.507568359375000000e-01 1.014980946371196897e-16
1.508789062500000000e-01 7.850462293418875834e-17
1.510009765625000000e-01 -1.625883976416344785e-17
1.511230468750000000e-01 1.211242503706668885e-16
1.512451171875000000e-01 1.014980946371196897e-16
1.513671875000000000e-01 9.476346269835220003e-17
1.514892578125000000e-01 -3.588499549771064052e-17
1.516113281250000000e-01 -5.214383526187408221e-17
1.517333984375000000e-01 -7.176999099542128104e-17
1.518554687500000000e-01 4.598694340586186263e-17
1.519775390625000000e-01 1.570092458683775167e-16
1.520996093750000000e-01 6.224578317002531665e-17
1.522216796875000000e-01 -3.251767952832689571e-17
1.523437500000000000e-01 1.177569344012831437e-16
1.524658203125000000e-01 1.340157741654465730e-16
1.525878906250000000e-01 1.014980946371196897e-16
1.527099609375000000e-01 -3.251767952832689571e-17
1.528320312500000000e-01 0.000000000000000000e+00
1.529541015625000000e-01 1.455125100169120572e-16
1.530761718750000000e-01 1.177569344012831437e-16
1.531982421875000000e-01 -5.214383526187408221e-17
1.533203125000000000e-01 3.588499549771064052e-17
1.534423828125000000e-01 1.962615573354718958e-17
1.535644531250000000e-01 -5.551115123125782702e-17
1.536865234375000000e-01 -1.625883976416344785e-17
1.538085937500000000e-01 3.925231146709437917e-17
1.539306640625000000e-01 3.367315969383744812e-18
1.540527343750000000e-01 -9.139614672896846754e-17
1.541748046875000000e-01 2.299347170293093131e-17
1.542968750000000000e-01 -5.214383526187408221e-17
1.544189453125000000e-01 2.876577040644403942e-16
1.545410156250000000e-01 -3.251767952832689571e-17
1.546630859375000000e-01 2.299347170293093131e-17
1.547851562500000000e-01 0.000000000000000000e+00
1.549072265625000000e-01 1.928942413660881449e-16
1.550292968750000000e-01 6.561309913940906146e-17
1.551513671875000000e-01 6.224578317002531665e-17
1.552734375000000000e-01 9.476346269835220003e-17
1.553955078125000000e-01 -3.251767952832689571e-17
1.555175781250000000e-01 7.850462293418875834e-17
1.556396484375000000e-01 -3.588499549771064052e-17
1.557617187500000000e-01 7.850462293418875834e-17
1.558837890625000000e-01 1.536419298989937719e-16
1.560058593750000000e-01 -1.110223024625156540e-16
1.561279296875000000e-01 1.177569344012831437e-16
1.562500000000000000e-01 5.887846720064157183e-17
1.563720703125000000e-01 1.340157741654465730e-16
1.564941406250000000e-01 2.299347170293093131e-17
1.566162109375000000e-01 1.258863542833648583e-16
1.567382812500000000e-01 3.925231146709437917e-17
1.568603515625000000e-01 9.813077866773594484e-17
1.569824218750000000e-01 1.732680856325409707e-16
1.571044921875000000e-01 -1.289152379477970920e-17
1.572265625000000000e-01 5.551115123125782702e-17
1.573486328125000000e-01 -3.925231146709437917e-17
1.574707031250000000e-01 -1.625883976416344785e-17
1.575927734375000000e-01 7.850462293418875834e-17
1.577148437500000000e-01 1.143896184318993989e-16
1.578369140625000000e-01 9.813077866773594484e-17
1.579589843750000000e-01 5.887846720064157183e-17
1.580810546875000000e-01 3.367315969383744812e-18
1.582031250000000000e-01 3.925231146709437917e-17
1.583251953125000000e-01 1.177569344012831437e-16
1.584472656250000000e-01 3.925231146709437917e-17
1.585693359375000000e-01 1.570092458683775167e-16
1.586914062500000000e-01 5.887846720064157183e-17
1.588134765625000000e-01 3.925231146709437917e-17
1.589355468750000000e-01 1.536419298989937719e-16
1.590576171875000000e-01 3.367315969383744812e-18
1.591796875000000000e-01 6.364057111333955403e-17
1.593017578125000000e-01 1.962615573354718958e-17
1.594238281250000000e-01 3.925231146709437917e-17
1.595458984375000000e-01 2.299347170293093131e-17
1.596679687500000000e-01 5.887846720064157183e-17
1.597900390625000000e-01 5.887846720064157183e-17
1.599121093750000000e-01 -1.306484581960628529e-16
1.600341796875000000e-01 1.962615573354718958e-17
1.601562500000000000e-01 0.000000000000000000e+00
1.602783203125000000e-01 0.000000000000000000e+00
1.604003906250000000e-01 3.367315969383744812e-18
1.605224609375000000e-01 3.367315969383744812e-18
1.606445312500000000e-01 1.962615573354718958e-17
1.607666015625000000e-01 9.476346269835220003e-17
1.608886718750000000e-01 1.570092458683775167e-16
1.610107421875000000e-01 2.299347170293093131e-17
1.611328125000000000e-01 4.738173134917610001e-17
1.612548828125000000e-01 -1.625883976416344785e-17
1.613769531250000000e-01 5.887846720064157183e-17
1.614990234375000000e-01 3.925231146709437917e-17
1.616210937500000000e-01 1.177569344012831437e-16
1.617431640625000000e-01 5.887846720064157183e-17
1.618652343750000000e-01 -3.251767952832689571e-17
1.619873046875000000e-01 5.887846720064157183e-17
1.621093750000000000e-01 9.476346269835220003e-17
1.622314453125000000e-01 1.732680856325409707e-16
1.623535156250000000e-01 -9.139614672896846754e-17
1.624755859375000000e-01 5.887846720064157183e-17
1.625976562500000000e-01 5.551115123125782702e-17
1.627197265625000000e-01 1.813975055146226854e-16
1.628417968750000000e-01 7.850462293418875834e-17
1.629638671875000000e-01 1.732680856325409707e-16
1.630859375000000000e-01 9.476346269835220003e-17
1.632080078125000000e-01 -1.625883976416344785e-17
1.633300781250000000e-01 -5.551115123125782702e-17
1.634521484375000000e-01 3.367315969383744812e-18
1.635742187500000000e-01 1.110223024625156540e-16
1.636962890625000000e-01 9.813077866773594484e-17
1.638183593750000000e-01 -1.962615573354718958e-17
1.639404296875000000e-01 7.850462293418875834e-17
1.640625000000000000e-01 5.887846720064157183e-17
1.641845703125000000e-01 1.340157741654465730e-16
1.643066406250000000e-01 -5.214383526187408221e-17
1.644287109375000000e-01 7.850462293418875834e-17
1.645507812500000000e-01 6.700788708272328652e-17
1.646728515625000000e-01 2.125203970996353437e-16
1.647949218750000000e-01 1.211242503706668885e-16
1.649169921875000000e-01 1.014980946371196897e-16
1.650390625000000000e-01 1.732680856325409707e-16
1.651611328125000000e-01 7.850462293418875834e-17
1.652832031250000000e-01 1.143896184318993989e-16
1.654052734375000000e-01 1.373830901348303178e-16
1.655273437500000000e-01 -3.588499549771064052e-17
1.656494140625000000e-01 1.177569344012831437e-16
1.657714843750000000e-01 -5.214383526187408221e-17
1.658935546875000000e-01 6.224578317002531665e-17
1.660156250000000000e-01 1.962615573354718958e-17
1.661376953125000000e-01 1.570092458683775167e-16
1.662597656250000000e-01 6.734631938767489625e-18
1.663818359375000000e-01 1.373830901348303178e-16
1.665039062500000000e-01 -1.625883976416344785e-17
1.666259765625000000e-01 1.211242503706668885e-16
1.667480468750000000e-01 8.187193890357249082e-17
1.668701171875000000e-01 8.523925487295623563e-17
1.669921875000000000e-01 1.625883976416344785e-17
1.671142578125000000e-01 4.261962743647811782e-17
1.672363281250000000e-01 -3.251767952832689571e-17
1.673583984375000000e-01 9.476346269835220003e-17
1.674804687500000000e-01 1.177569344012831437e-16
1.676025390625000000e-01 1.211242503706668885e-16
1.677246093750000000e-01 6.224578317002531665e-17
1.678466796875000000e-01 3.367315969383744812e-18
1.679687500000000000e-01 1.962615573354718958e-17
1.680908203125000000e-01 1.895269253967044001e-16
1.682128906250000000e-01 6.224578317002531665e-17
1.683349609375000000e-01 7.850462293418875834e-17
1.684570312500000000e-01 1.143896184318993989e-16
1.685791015625000000e-01 1.143896184318993989e-16
1.687011718750000000e-01 4.598694340586186263e-17
1.688232421875000000e-01 8.187193890357249082e-17
1.689453125000000000e-01 8.326672684688674053e-17
1.690673828125000000e-01 -5.551115123125782702e-17
1.691894531250000000e-01 1.177569344012831437e-16
1.693115234375000000e-01 1.962615573354718958e-17
1.694335937500000000e-01 7.850462293418875834e-17
1.695556640625000000e-01 1.962615573354718958e-17
1.696777343750000000e-01 6.224578317002531665e-17
1.697998046875000000e-01 1.536419298989937719e-16
1.699218750000000000e-01 -9.139614672896846754e-17
1.700439453125000000e-01 1.928942413660881449e-16
1.701660156250000000e-01 7.850462293418875834e-17
1.702880859375000000e-01 1.962615573354718958e-17
1.704101562500000000e-01 7.513730696480501352e-17
1.705322265625000000e-01 1.340157741654465730e-16
1.706542968750000000e-01 1.211242503706668885e-16
1.707763671875000000e-01 6.224578317002531665e-17
1.708984375000000000e-01 5.887846720064157183e-17
1.710205078125000000e-01 -1.962615573354718958e-17
1.711425781250000000e-01 7.037520305210703133e-17
1.712646484375000000e-01 -1.625883976416344785e-17
1.713867187500000000e-01 9.476346269835220003e-17
1.715087890625000000e-01 3.925231146709437917e-17
1.716308593750000000e-01 -5.214383526187408221e-17
1.717529296875000000e-01 4.261962743647811782e-17
1.718750000000000000e-01 6.700788708272328652e-17
1.719970703125000000e-01 5.887846720064157183e-17
1.721191406250000000e-01 -1.625883976416344785e-17
1.722412109375000000e-01 1.651386657504592314e-16
1.723632812500000000e-01 -1.962615573354718958e-17
1.724853515625000000e-01 1.177569344012831437e-16
1.726074218750000000e-01 2.125203970996353437e-16
1.727294921875000000e-01 6.561309913940906146e-17
1.728515625000000000e-01 1.421451940475283124e-16
1.729736328125000000e-01 1.225190383139811135e-16
1.730957031250000000e-01 1.340157741654465730e-16
1.732177734375000000e-01 1.373830901348303178e-16
1.733398437500000000e-01 5.551115123125782702e-17
1.734619140625000000e-01 4.738173134917610001e-17
1.735839843750000000e-01 1.962615573354718958e-17
1.737060546875000000e-01 3.925231146709437917e-17
1.738281250000000000e-01 3.588499549771064052e-17
1.739501953125000000e-01 9.813077866773594484e-17
1.740722656250000000e-01 1.340157741654465730e-16
1.741943359375000000e-01 9.813077866773594484e-17
1.743164062500000000e-01 7.513730696480501352e-17
1.744384765625000000e-01 6.364057111333955403e-17
1.745605468750000000e-01 2.517727085667297167e-16
1.746826171875000000e-01 5.887846720064157183e-17
1.748046875000000000e-01 9.476346269835220003e-17
1.749267578125000000e-01 5.887846720064157183e-17
1.750488281250000000e-01 1.177569344012831437e-16
1.751708984375000000e-01 2.125203970996353437e-16
1.752929687500000000e-01 9.813077866773594484e-17
1.754150390625000000e-01 1.536419298989937719e-16
1.755371093750000000e-01 2.299347170293093131e-17
1.756591796875000000e-01 5.887846720064157183e-17
1.757812500000000000e-01 9.813077866773594484e-17
1.759033203125000000e-01 9.813077866773594484e-17
1.760253906250000000e-01 9.813077866773594484e-17
1.761474609375000000e-01 1.928942413660881449e-16
1.762695312500000000e-01 1.149673585146546566e-17
1.763916015625000000e-01 1.340157741654465730e-16
1.765136718750000000e-01 2.240171329511008032e-16
1.766357421875000000e-01 4.261962743647811782e-17
1.767578125000000000e-01 1.962615573354718958e-17
1.768798828125000000e-01 1.258863542833648583e-16
1.770019531250000000e-01 7.513730696480501352e-17
1.771240234375000000e-01 7.513730696480501352e-17
1.772460937500000000e-01 1.340157741654465730e-16
1.773681640625000000e-01 0.000000000000000000e+00
1.774902343750000000e-01 1.962615573354718958e-17
1.776123046875000000e-01 1.962615573354718958e-17
1.777343750000000000e-01 0.000000000000000000e+00
1.778564453125000000e-01 2.206498169817170584e-16
1.779785156250000000e-01 1.962615573354718958e-17
1.781005859375000000e-01 2.713988643002769155e-16
1.782226562500000000e-01 1.225190383139811135e-16
1.783447265625000000e-01 1.340157741654465730e-16
1.784667968750000000e-01 2.206498169817170584e-16
1.785888671875000000e-01 1.732680856325409707e-16
1.787109375000000000e-01 1.421451940475283124e-16
1.788330078125000000e-01 -7.513730696480501352e-17
1.789550781250000000e-01 -1.625883976416344785e-17
1.790771484375000000e-01 1.536419298989937719e-16
1.791992187500000000e-01 6.364057111333955403e-17
1.793212890625000000e-01 9.476346269835220003e-17
1.794433593750000000e-01 9.813077866773594484e-17
1.795654296875000000e-01 3.925231146709437917e-17
1.796875000000000000e-01 1.177569344012831437e-16
1.798095703125000000e-01 1.536419298989937719e-16
1.799316406250000000e-01 5.887846720064157183e-17
1.800537109375000000e-01 1.421451940475283124e-16
1.801757812500000000e-01 5.551115123125782702e-17
1.802978515625000000e-01 1.732680856325409707e-16
1.804199218750000000e-01 7.850462293418875834e-17
1.805419921875000000e-01 7.850462293418875834e-17
1.806640625000000000e-01 1.143896184318993989e-16
1.807861328125000000e-01 2.125203970996353437e-16
1.809082031250000000e-01 8.663404281627048534e-17
1.810302734375000000e-01 7.850462293418875834e-17
1.811523437500000000e-01 9.476346269835220003e-17
1.812744140625000000e-01 1.536419298989937719e-16
1.813964843750000000e-01 8.187193890357249082e-17
1.815185546875000000e-01 1.373830901348303178e-16
1.816406250000000000e-01 7.850462293418875834e-17
1.817626953125000000e-01 9.813077866773594484e-17
1.818847656250000000e-01 2.636078767231466380e-17
1.820068359375000000e-01 2.713988643002769155e-16
1.821289062500000000e-01 1.732680856325409707e-16
1.822509765625000000e-01 1.373830901348303178e-16
1.823730468750000000e-01 1.570092458683775167e-16
1.824951171875000000e-01 1.373830901348303178e-16
1.826171875000000000e-01 3.925231146709437917e-17
1.827392578125000000e-01 7.850462293418875834e-17
1.828613281250000000e-01 1.373830901348303178e-16
1.829833984375000000e-01 1.962615573354718958e-17
1.831054687500000000e-01 1.570092458683775167e-16
1.832275390625000000e-01 1.373830901348303178e-16
1.833496093750000000e-01 -5.214383526187408221e-17
1.834716796875000000e-01 -3.251767952832689571e-17
1.835937500000000000e-01 9.813077866773594484e-17
1.837158203125000000e-01 1.617713497810754865e-16
1.838378906250000000e-01 1.570092458683775167e-16
1.839599609375000000e-01 2.206498169817170584e-16
1.840820312500000000e-01 1.962615573354718958e-17
1.842041015625000000e-01 1.536419298989937719e-16
1.843261718750000000e-01 2.713988643002769155e-16
1.844482421875000000e-01 6.224578317002531665e-17
1.845703125000000000e-01 2.254119208944150282e-16
1.846923828125000000e-01 1.455125100169120572e-16
1.848144531250000000e-01 8.187193890357249082e-17
1.849365234375000000e-01 7.176999099542128104e-17
1.850585937500000000e-01 1.536419298989937719e-16
1.851806640625000000e-01 0.000000000000000000e+00
1.853027343750000000e-01 2.299347170293093131e-17
1.854248046875000000e-01 1.570092458683775167e-16
1.855468750000000000e-01 3.925231146709437917e-17
1.856689453125000000e-01 2.010236612481698842e-16
1.857910156250000000e-01 2.299347170293093131e-17
1.859130859375000000e-01 1.258863542833648583e-16
1.860351562500000000e-01 8.326672684688674053e-17
1.861572265625000000e-01 2.010236612481698842e-16
1.862792968750000000e-01 1.373830901348303178e-16
1.864013671875000000e-01 1.536419298989937719e-16
1.865234375000000000e-01 1.225190383139811135e-16
1.866455078125000000e-01 3.925231146709437917e-17
1.867675781250000000e-01 5.887846720064157183e-17
1.868896484375000000e-01 1.962615573354718958e-17
1.870117187500000000e-01 7.513730696480501352e-17
1.871337890625000000e-01 1.625883976416344785e-17
1.872558593750000000e-01 -5.551115123125782702e-17
1.873779296875000000e-01 9.476346269835220003e-17
1.875000000000000000e-01 7.850462293418875834e-17
1.876220703125000000e-01 7.850462293418875834e-17
1.877441406250000000e-01 6.734631938767489625e-18
1.878662109375000000e-01 1.340157741654465730e-16
1.879882812500000000e-01 9.476346269835220003e-17
1.881103515625000000e-01 2.321465528331825672e-16
1.882324218750000000e-01 1.373830901348303178e-16
1.883544921875000000e-01 4.261962743647811782e-17
1.884765625000000000e-01 5.887846720064157183e-17
1.885986328125000000e-01 7.850462293418875834e-17
1.887207031250000000e-01 1.570092458683775167e-16
1.888427734375000000e-01 5.887846720064157183e-17
1.889648437500000000e-01 1.143896184318993989e-16
1.890869140625000000e-01 3.925231146709437917e-17
1.892089843750000000e-01 4.261962743647811782e-17
1.893310546875000000e-01 5.887846720064157183e-17
1.894531250000000000e-01 6.734631938767489625e-18
1.895751953125000000e-01 1.373830901348303178e-16
1.896972656250000000e-01 1.373830901348303178e-16
1.898193359375000000e-01 1.570092458683775167e-16
1.899414062500000000e-01 3.925231146709437917e-17
1.900634765625000000e-01 1.502746139296100270e-16
1.901855468750000000e-01 2.125203970996353437e-16
1.903076171875000000e-01 1.373830901348303178e-16
1.904296875000000000e-01 1.143896184318993989e-16
1.905517578125000000e-01 -1.625883976416344785e-17
1.906738281250000000e-01 1.177569344012831437e-16
1.907958984375000000e-01 1.928942413660881449e-16
1.909179687500000000e-01 1.143896184318993989e-16
1.910400390625000000e-01 1.258863542833648583e-16
1.911621093750000000e-01 6.224578317002531665e-17
1.912841796875000000e-01 5.887846720064157183e-17
1.914062500000000000e-01 -5.214383526187408221e-17
1.915283203125000000e-01 3.925231146709437917e-17
1.916503906250000000e-01 1.570092458683775167e-16
1.917724609375000000e-01 1.096275145192014043e-16
1.918945312500000000e-01 1.962615573354718958e-17
1.920166015625000000e-01 6.700788708272328652e-17
1.921386718750000000e-01 2.355138688025662873e-16
1.922607421875000000e-01 3.367315969383744812e-18
1.923828125000000000e-01 4.738173134917610001e-17
1.925048828125000000e-01 2.158877130690190885e-16
1.926269531250000000e-01 7.850462293418875834e-17
1.927490234375000000e-01 9.813077866773594484e-17
1.928710937500000000e-01 3.588499549771064052e-17
1.929931640625000000e-01 3.925231146709437917e-17
1.931152343750000000e-01 -3.251767952832689571e-17
1.932373046875000000e-01 3.367315969383744812e-18
1.933593750000000000e-01 -5.214383526187408221e-17
1.934814453125000000e-01 9.476346269835220003e-17
1.936035156250000000e-01 -1.289152379477970920e-17
1.937255859375000000e-01 7.513730696480501352e-17
1.938476562500000000e-01 -1.962615573354718958e-17
1.939697265625000000e-01 7.850462293418875834e-17
1.940917968750000000e-01 8.187193890357249082e-17
1.942138671875000000e-01 1.570092458683775167e-16
1.943359375000000000e-01 5.887846720064157183e-17
1.944580078125000000e-01 -5.551115123125782702e-17
1.945800781250000000e-01 3.925231146709437917e-17
1.947021484375000000e-01 9.476346269835220003e-17
1.948242187500000000e-01 3.588499549771064052e-17
1.949462890625000000e-01 1.895269253967044001e-16
1.950683593750000000e-01 5.887846720064157183e-17
1.951904296875000000e-01 7.850462293418875834e-17
1.953125000000000000e-01 -1.625883976416344785e-17
1.954345703125000000e-01 1.258863542833648583e-16
1.955566406250000000e-01 5.887846720064157183e-17
1.956787109375000000e-01 1.455125100169120572e-16
1.958007812500000000e-01 1.028928825804339270e-16
1.959228515625000000e-01 1.340157741654465730e-16
1.960449218750000000e-01 1.766354016019247155e-16
1.961669921875000000e-01 3.785752352378014795e-17
1.962890625000000000e-01 1.177569344012831437e-16
1.964111328125000000e-01 1.177569344012831437e-16
1.965332031250000000e-01 1.766354016019247155e-16
1.966552734375000000e-01 2.158877130690190885e-16
1.967773437500000000e-01 -5.551115123125782702e-17
1.968994140625000000e-01 1.373830901348303178e-16
1.970214843750000000e-01 -1.289152379477970920e-17
1.971435546875000000e-01 3.112289158501265832e-17
1.972656250000000000e-01 6.224578317002531665e-17
1.973876953125000000e-01 1.177569344012831437e-16
1.975097656250000000e-01 6.224578317002531665e-17
1.976318359375000000e-01 2.517727085667297167e-16
1.977539062500000000e-01 1.143896184318993989e-16
1.978759765625000000e-01 7.850462293418875834e-17
1.979980468750000000e-01 1.048654106065034345e-16
1.981201171875000000e-01 1.962615573354718897e-16
1.982421875000000000e-01 1.962615573354718958e-17
1.983642578125000000e-01 2.299347170293093131e-17
1.984863281250000000e-01 2.636078767231466380e-17
1.986083984375000000e-01 1.732680856325409707e-16
1.987304687500000000e-01 9.813077866773594484e-17
1.988525390625000000e-01 4.261962743647811782e-17
1.989746093750000000e-01 -1.289152379477970920e-17
1.990966796875000000e-01 -1.289152379477970920e-17
1.992187500000000000e-01 1.486405182084920431e-17
1.993408203125000000e-01 1.455125100169120572e-16
1.994628906250000000e-01 2.158877130690190885e-16
1.995849609375000000e-01 1.373830901348303178e-16
1.997070312500000000e-01 5.551115123125782702e-17
1.998291015625000000e-01 9.476346269835220003e-17
1.999511718750000000e-01 1.603765618377612615e-16
2.000732421875000000e-01 -6.027325514395580922e-17
2.001953125000000000e-01 2.775557561562891351e-17
2.003173828125000000e-01 1.177569344012831437e-16
2.004394531250000000e-01 1.570092458683775167e-16
2.005615234375000000e-01 3.367315969383744812e-18
2.006835937500000000e-01 7.850462293418875834e-17
2.008056640625000000e-01 1.143896184318993989e-16
2.009277343750000000e-01 1.014980946371196897e-16
2.010498046875000000e-01 9.813077866773594484e-17
2.011718750000000000e-01 2.636078767231466380e-17
2.012939453125000000e-01 1.373830901348303178e-16
2.014160156250000000e-01 3.367315969383744812e-18
2.015380859375000000e-01 4.738173134917610001e-17
2.016601562500000000e-01 1.143896184318993989e-16
2.017822265625000000e-01 1.699007696631572259e-16
2.019042968750000000e-01 8.187193890357249082e-17
2.020263671875000000e-01 1.823136779023294912e-17
2.021484375000000000e-01 1.486405182084920431e-17
2.022705078125000000e-01 5.074904731855984483e-17
2.023925781250000000e-01 5.887846720064157183e-17
2.025146484375000000e-01 2.299347170293093131e-17
2.026367187500000000e-01 3.925231146709437917e-17
2.027587890625000000e-01 1.421451940475283124e-16
2.028808593750000000e-01 -1.625883976416344785e-17
2.030029296875000000e-01 9.000135878565423016e-17
2.031250000000000000e-01 3.112289158501265832e-17
2.032470703125000000e-01 5.887846720064157183e-17
2.033691406250000000e-01 3.367315969383744812e-18
2.034912109375000000e-01 1.536419298989937719e-16
2.036132812500000000e-01 3.112289158501265832e-17
2.037353515625000000e-01 1.962615573354718958e-17
2.038574218750000000e-01 1.928942413660881449e-16
2.039794921875000000e-01 -4.064709941040862271e-17
2.041015625000000000e-01 5.551115123125782702e-17
2.042236328125000000e-01 1.340157741654465730e-16
2.043457031250000000e-01 5.887846720064157183e-17
2.044677734375000000e-01 6.700788708272328652e-17
2.045898437500000000e-01 -8.129419882081723927e-18
2.047119140625000000e-01 7.850462293418875834e-17
2.048339843750000000e-01 -3.251767952832689571e-17
2.049560546875000000e-01 1.962615573354718958e-17
2.050781250000000000e-01 5.551115123125782702e-17
2.052001953125000000e-01 9.000135878565423016e-17
2.053222656250000000e-01 7.850462293418875834e-17
2.054443359375000000e-01 5.074904731855984483e-17
2.055664062500000000e-01 -3.367315969383744812e-18
2.056884765625000000e-01 1.306484581960628529e-16
2.058105468750000000e-01 7.513730696480501352e-17
2.059326171875000000e-01 7.037520305210703133e-17
2.060546875000000000e-01 2.775557561562891351e-17
2.061767578125000000e-01 -2.438825964624516870e-17
2.062988281250000000e-01 0.000000000000000000e+00
2.064208984375000000e-01 1.340157741654465730e-16
2.065429687500000000e-01 9.476346269835220003e-17
2.066650390625000000e-01 6.700788708272328652e-17
2.067871093750000000e-01 -3.251767952832689571e-17
2.069091796875000000e-01 7.037520305210703133e-17
2.070312500000000000e-01 -4.401441537979236136e-17
2.071533203125000000e-01 -8.129419882081723927e-18
2.072753906250000000e-01 8.187193890357249082e-17
2.073974609375000000e-01 1.096275145192014043e-16
2.075195312500000000e-01 -4.738173134917610001e-17
2.076416015625000000e-01 -1.149673585146546566e-17
2.077636718750000000e-01 1.177569344012831437e-16
2.078857421875000000e-01 -2.438825964624516870e-17
2.080078125000000000e-01 0.000000000000000000e+00
2.081298828125000000e-01 1.258863542833648583e-16
2.082519531250000000e-01 8.663404281627048534e-17
2.083740234375000000e-01 1.143896184318993989e-16
2.084960937500000000e-01 1.962615573354718958e-17
2.086181640625000000e-01 9.476346269835220003e-17
2.087402343750000000e-01 -1.625883976416344785e-17
2.088623046875000000e-01 1.149673585146546566e-17
2.089843750000000000e-01 -4.401441537979236136e-17
2.091064453125000000e-01 7.037520305210703133e-17
2.092285156250000000e-01 2.636078767231466380e-17
2.093505859375000000e-01 1.292536702527486032e-16
2.094726562500000000e-01 1.340157741654465730e-16
2.095947265625000000e-01 2.775557561562891351e-17
2.097167968750000000e-01 1.373830901348303178e-16
2.098388671875000000e-01 9.000135878565423016e-17
2.099609375000000000e-01 1.177569344012831437e-16
2.100830078125000000e-01 0.000000000000000000e+00
2.102050781250000000e-01 5.887846720064157183e-17
2.103271484375000000e-01 7.850462293418875834e-17
2.104492187500000000e-01 8.129419882081723927e-18
2.105712890625000000e-01 4.738173134917610001e-17
2.106933593750000000e-01 1.062601985498176718e-16
2.108154296875000000e-01 1.177569344012831437e-16
2.109375000000000000e-01 3.112289158501265832e-17
2.110595703125000000e-01 4.738173134917610001e-17
2.111816406250000000e-01 1.258863542833648583e-16
2.113037109375000000e-01 3.112289158501265832e-17
2.114257812500000000e-01 3.112289158501265832e-17
2.115478515625000000e-01 1.340157741654465730e-16
2.116699218750000000e-01 9.813077866773594484e-17
2.117919921875000000e-01 -7.989941087750299572e-17
2.119140625000000000e-01 1.062601985498176718e-16
2.120361328125000000e-01 -2.438825964624516870e-17
2.121582031250000000e-01 1.962615573354718897e-16
2.122802734375000000e-01 9.000135878565423016e-17
2.124023437500000000e-01 5.074904731855984483e-17
2.125244140625000000e-01 1.536419298989937719e-16
2.126464843750000000e-01 -6.027325514395580922e-17
2.127685546875000000e-01 5.074904731855984483e-17
2.128906250000000000e-01 5.074904731855984483e-17
2.130126953125000000e-01 7.037520305210703133e-17
2.131347656250000000e-01 -3.251767952832689571e-17
2.132568359375000000e-01 1.486405182084920431e-17
2.133789062500000000e-01 9.813077866773594484e-17
2.135009765625000000e-01 -9.476346269835220003e-17
2.136230468750000000e-01 4.598694340586186263e-17
2.137451171875000000e-01 -2.102094367686142389e-17
2.138671875000000000e-01 1.062601985498176718e-16
2.139892578125000000e-01 3.367315969383744812e-18
2.141113281250000000e-01 -2.102094367686142389e-17
2.142333984375000000e-01 -6.027325514395580922e-17
2.143554687500000000e-01 1.177569344012831437e-16
2.144775390625000000e-01 -4.401441537979236136e-17
2.145996093750000000e-01 1.048654106065034345e-16
2.147216796875000000e-01 -7.176999099542128104e-17
2.148437500000000000e-01 5.411636328794357731e-17
2.149658203125000000e-01 3.367315969383744812e-18
2.150878906250000000e-01 2.636078767231466380e-17
2.152099609375000000e-01 7.037520305210703133e-17
2.153320312500000000e-01 -8.129419882081723927e-18
2.154541015625000000e-01 1.062601985498176718e-16
2.155761718750000000e-01 3.449020755439640314e-17
2.156982421875000000e-01 3.112289158501265832e-17
2.158203125000000000e-01 -3.925231146709437917e-17
2.159423828125000000e-01 5.074904731855984483e-17
2.160644531250000000e-01 7.850462293418875834e-17
2.161865234375000000e-01 -6.364057111333955403e-17
2.163085937500000000e-01 1.149673585146546566e-17
2.164306640625000000e-01 3.112289158501265832e-17
2.165527343750000000e-01 4.598694340586186263e-17
2.166748046875000000e-01 -2.775557561562891351e-17
2.167968750000000000e-01 -6.027325514395580922e-17
2.169189453125000000e-01 1.292536702527486032e-16
2.170410156250000000e-01 -1.289152379477970920e-17
2.171630859375000000e-01 4.261962743647811782e-17
2.172851562500000000e-01 5.074904731855984483e-17
2.174072265625000000e-01 9.813077866773594484e-17
2.175292968750000000e-01 7.710983499087452095e-17
2.176513671875000000e-01 -1.289152379477970920e-17
2.177734375000000000e-01 1.455125100169120572e-16
2.178955078125000000e-01 -8.326672684688674053e-17
2.180175781250000000e-01 9.813077866773594484e-17
2.181396484375000000e-01 -2.438825964624516870e-17
2.182617187500000000e-01 3.112289158501265832e-17
2.183837890625000000e-01 9.813077866773594484e-17
2.185058593750000000e-01 -6.364057111333955403e-17
2.186279296875000000e-01 -4.401441537979236136e-17
2.187500000000000000e-01 8.129419882081723927e-18
2.188720703125000000e-01 2.775557561562891351e-17
2.189941406250000000e-01 3.925231146709437917e-17
2.191162109375000000e-01 6.700788708272328652e-17
2.192382812500000000e-01 -4.738173134917610001e-17
2.193603515625000000e-01 3.588499549771064052e-17
2.194824218750000000e-01 1.455125100169120572e-16
2.196044921875000000e-01 -4.401441537979236136e-17
2.197265625000000000e-01 4.401441537979236136e-17
2.198486328125000000e-01 5.551115123125782702e-17
2.199707031250000000e-01 2.775557561562891351e-17
2.200927734375000000e-01 2.775557561562891351e-17
2.202148437500000000e-01 0.000000000000000000e+00
2.203369140625000000e-01 1.258863542833648583e-16
2.204589843750000000e-01 7.037520305210703133e-17
2.205810546875000000e-01 2.775557561562891351e-17
2.207031250000000000e-01 -2.438825964624516870e-17
2.208251953125000000e-01 9.813077866773594484e-17
2.209472656250000000e-01 6.700788708272328652e-17
2.210693359375000000e-01 1.062601985498176718e-16
2.211914062500000000e-01 7.513730696480501352e-17
2.213134765625000000e-01 8.326672684688674053e-17
2.214355468750000000e-01 9.476346269835220003e-17
2.215576171875000000e-01 7.374251902149077614e-17
2.216796875000000000e-01 2.438825964624516870e-17
2.218017578125000000e-01 -8.129419882081723927e-18
2.219238281250000000e-01 8.663404281627048534e-17
2.220458984375000000e-01 9.813077866773594484e-17
2.221679687500000000e-01 1.502746139296100270e-16
2.222900390625000000e-01 1.028928825804339270e-16
2.224121093750000000e-01 3.367315969383744812e-18
2.225341796875000000e-01 1.340157741654465730e-16
2.226562500000000000e-01 1.962615573354718958e-17
2.227783203125000000e-01 3.112289158501265832e-17
2.229003906250000000e-01 3.925231146709437917e-17
2.230224609375000000e-01 5.887846720064157183e-17
2.231445312500000000e-01 -3.367315969383744812e-18
2.232666015625000000e-01 -5.074904731855984483e-17
2.233886718750000000e-01 1.340157741654465730e-16
2.235107421875000000e-01 -4.738173134917610001e-17
2.236328125000000000e-01 2.775557561562891351e-17
2.237548828125000000e-01 3.367315969383744812e-18
2.238769531250000000e-01 1.258863542833648583e-16
2.239990234375000000e-01 3.112289158501265832e-17
2.241210937500000000e-01 -8.129419882081723927e-18
2.242431640625000000e-01 1.962615573354718958e-17
2.243652343750000000e-01 3.925231146709437917e-17
2.244873046875000000e-01 0.000000000000000000e+00
2.246093750000000000e-01 2.775557561562891351e-17
2.247314453125000000e-01 1.143896184318993989e-16
2.248535156250000000e-01 -1.110223024625156540e-16
2.249755859375000000e-01 9.476346269835220003e-17
2.250976562500000000e-01 7.176999099542128104e-17
2.252197265625000000e-01 1.149673585146546566e-17
2.253417968750000000e-01 -4.064709941040862271e-17
2.254638671875000000e-01 3.367315969383744812e-18
2.255859375000000000e-01 3.925231146709437917e-17
2.257080078125000000e-01 -1.625883976416344785e-17
2.258300781250000000e-01 -4.401441537979236136e-17
2.259521484375000000e-01 1.149673585146546566e-17
2.260742187500000000e-01 4.401441537979236136e-17
2.261962890625000000e-01 1.536419298989937719e-16
2.263183593750000000e-01 9.476346269835220003e-17
2.264404296875000000e-01 1.149673585146546566e-17
2.265625000000000000e-01 -6.700788708272328652e-17
2.266845703125000000e-01 1.421451940475283124e-16
2.268066406250000000e-01 3.367315969383744812e-18
2.269287109375000000e-01 1.177569344012831437e-16
2.270507812500000000e-01 -3.925231146709437917e-17
2.271728515625000000e-01 1.617713497810754865e-16
2.272949218750000000e-01 5.074904731855984483e-17
2.274169921875000000e-01 -4.064709941040862271e-17
2.275390625000000000e-01 1.895269253967044001e-16
2.276611328125000000e-01 4.261962743647811782e-17
2.277832031250000000e-01 1.177569344012831437e-16
2.279052734375000000e-01 1.149673585146546566e-17
2.280273437500000000e-01 -6.364057111333955403e-17
2.281494140625000000e-01 1.421451940475283124e-16
2.282714843750000000e-01 -2.438825964624516870e-17
2.283935546875000000e-01 5.074904731855984483e-17
2.285156250000000000e-01 -9.139614672896846754e-17
2.286376953125000000e-01 9.813077866773594484e-17
2.287597656250000000e-01 -3.251767952832689571e-17
2.288818359375000000e-01 1.177569344012831437e-16
2.290039062500000000e-01 -8.326672684688674053e-17
2.291259765625000000e-01 -3.588499549771064052e-17
2.292480468750000000e-01 4.261962743647811782e-17
2.293701171875000000e-01 1.486405182084920431e-17
2.294921875000000000e-01 2.775557561562891351e-17
2.296142578125000000e-01 3.925231146709437917e-17
2.297363281250000000e-01 -8.326672684688674053e-17
2.298583984375000000e-01 3.925231146709437917e-17
2.299804687500000000e-01 5.887846720064157183e-17
2.301025390625000000e-01 -1.962615573354718958e-17
2.302246093750000000e-01 -7.989941087750299572e-17
2.303466796875000000e-01 3.112289158501265832e-17
2.304687500000000000e-01 -9.139614672896846754e-17
2.305908203125000000e-01 1.895269253967044001e-16
2.307128906250000000e-01 -3.251767952832689571e-17
2.308349609375000000e-01 1.149673585146546566e-17
2.309570312500000000e-01 -1.149673585146546566e-17
2.310791015625000000e-01 1.962615573354718958e-17
2.312011718750000000e-01 -1.272811422266791081e-16
2.313232421875000000e-01 1.149673585146546566e-17
2.314453125000000000e-01 1.625883976416344785e-17
2.315673828125000000e-01 -1.962615573354718958e-17
2.316894531250000000e-01 5.074904731855984483e-17
2.318115234375000000e-01 -1.149673585146546566e-17
2.319335937500000000e-01 -1.028928825804339270e-16
2.320556640625000000e-01 1.962615573354718958e-17
2.321777343750000000e-01 7.374251902149077614e-17
2.322998046875000000e-01 1.143896184318993989e-16
2.324218750000000000e-01 -3.588499549771064052e-17
2.325439453125000000e-01 7.850462293418875834e-17
2.326660156250000000e-01 -4.064709941040862271e-17
2.327880859375000000e-01 1.225190383139811135e-16
2.329101562500000000e-01 5.074904731855984483e-17
2.330322265625000000e-01 5.551115123125782702e-17
2.331542968750000000e-01 -1.289152379477970920e-17
2.332763671875000000e-01 2.299347170293093131e-17
2.333984375000000000e-01 -2.775557561562891351e-17
2.335205078125000000e-01 8.129419882081723927e-18
2.336425781250000000e-01 3.925231146709437917e-17
2.337646484375000000e-01 1.149673585146546566e-17
2.338867187500000000e-01 1.625883976416344785e-17
2.340087890625000000e-01 7.513730696480501352e-17
2.341308593750000000e-01 -1.076549864931319092e-16
2.342529296875000000e-01 9.813077866773594484e-17
2.343750000000000000e-01 8.129419882081723927e-18
2.344970703125000000e-01 5.887846720064157183e-17
2.346191406250000000e-01 3.449020755439640314e-17
2.347412109375000000e-01 4.738173134917610001e-17
2.348632812500000000e-01 -8.326672684688674053e-17
2.349853515625000000e-01 4.738173134917610001e-17
2.351074218750000000e-01 6.224578317002531665e-17
2.352294921875000000e-01 -1.289152379477970920e-17
2.353515625000000000e-01 1.110223024625156540e-16
2.354736328125000000e-01 7.513730696480501352e-17
2.355957031250000000e-01 1.258863542833648583e-16
2.357177734375000000e-01 6.700788708272328652e-17
2.358398437500000000e-01 -1.625883976416344785e-17
2.359619140625000000e-01 6.700788708272328652e-17
2.360839843750000000e-01 6.224578317002531665e-17
2.362060546875000000e-01 5.887846720064157183e-17
2.363281250000000000e-01 -1.110223024625156540e-16
2.364501953125000000e-01 7.850462293418875834e-17
2.365722656250000000e-01 5.887846720064157183e-17
2.366943359375000000e-01 1.373830901348303178e-16
2.368164062500000000e-01 2.775557561562891351e-17
2.369384765625000000e-01 4.738173134917610001e-17
2.370605468750000000e-01 1.177569344012831437e-16
2.371826171875000000e-01 7.037520305210703133e-17
2.373046875000000000e-01 1.225190383139811135e-16
2.374267578125000000e-01 1.177569344012831437e-16
2.375488281250000000e-01 9.813077866773594484e-17
2.376708984375000000e-01 2.299347170293093131e-17
2.377929687500000000e-01 7.513730696480501352e-17
2.379150390625000000e-01 1.340157741654465730e-16
2.380371093750000000e-01 2.299347170293093131e-17
2.381591796875000000e-01 5.887846720064157183e-17
2.382812500000000000e-01 -2.775557561562891351e-17
2.384033203125000000e-01 7.037520305210703133e-17
2.385253906250000000e-01 5.887846720064157183e-17
2.386474609375000000e-01 1.177569344012831437e-16
2.387695312500000000e-01 0.000000000000000000e+00
2.388916015625000000e-01 1.340157741654465730e-16
2.390136718750000000e-01 1.373830901348303178e-16
2.391357421875000000e-01 -3.588499549771064052e-17
2.392578125000000000e-01 -4.738173134917610001e-17
2.393798828125000000e-01 5.887846720064157183e-17
2.395019531250000000e-01 7.850462293418875834e-17
2.396240234375000000e-01 -1.625883976416344785e-17
2.397460937500000000e-01 -1.502746139296100270e-16
2.398681640625000000e-01 1.143896184318993989e-16
2.399902343750000000e-01 -5.214383526187408221e-17
2.401123046875000000e-01 6.700788708272328652e-17
2.402343750000000000e-01 -3.588499549771064052e-17
2.403564453125000000e-01 1.258863542833648583e-16
2.404785156250000000e-01 1.962615573354718958e-17
2.406005859375000000e-01 1.928942413660881449e-16
2.407226562500000000e-01 -7.850462293418875834e-17
2.408447265625000000e-01 -5.887846720064157183e-17
2.409667968750000000e-01 1.014980946371196897e-16
2.410888671875000000e-01 1.570092458683775167e-16
2.412109375000000000e-01 -3.588499549771064052e-17
2.413330078125000000e-01 -3.588499549771064052e-17
2.414550781250000000e-01 -8.129419882081723927e-18
2.415771484375000000e-01 3.112289158501265832e-17
2.416992187500000000e-01 -1.962615573354718958e-17
2.418212890625000000e-01 4.738173134917610001e-17
2.419433593750000000e-01 8.663404281627048534e-17
2.420654296875000000e-01 1.149673585146546566e-17
2.421875000000000000e-01 1.962615573354718958e-17
2.423095703125000000e-01 1.225190383139811135e-16
2.424316406250000000e-01 1.149673585146546566e-17
2.425537109375000000e-01 9.813077866773594484e-17
2.426757812500000000e-01 -7.513730696480501352e-17
2.427978515625000000e-01 8.326672684688674053e-17
2.429199218750000000e-01 5.887846720064157183e-17
2.430419921875000000e-01 -1.110223024625156540e-16
2.431640625000000000e-01 -5.887846720064157183e-17
2.432861328125000000e-01 5.074904731855984483e-17
2.434082031250000000e-01 5.887846720064157183e-17
2.435302734375000000e-01 4.738173134917610001e-17
2.436523437500000000e-01 1.149673585146546566e-17
2.437744140625000000e-01 1.306484581960628529e-16
2.438964843750000000e-01 -1.110223024625156540e-16
2.440185546875000000e-01 1.143896184318993989e-16
2.441406250000000000e-01 -5.551115123125782702e-17
2.442626953125000000e-01 7.513730696480501352e-17
2.443847656250000000e-01 -1.110223024625156540e-16
2.445068359375000000e-01 1.177569344012831437e-16
2.446289062500000000e-01 3.925231146709437917e-17
2.447509765625000000e-01 7.850462293418875834e-17
2.448730468750000000e-01 -3.251767952832689571e-17
2.449951171875000000e-01 -6.840267502603753622e-17
2.451171875000000000e-01 0.000000000000000000e+00
2.452392578125000000e-01 4.261962743647811782e-17
2.453613281250000000e-01 9.813077866773594484e-17
2.454833984375000000e-01 3.925231146709437917e-17
2.456054687500000000e-01 2.775557561562891351e-17
2.457275390625000000e-01 9.476346269835220003e-17
2.458496093750000000e-01 -1.469072979602262822e-16
2.459716796875000000e-01 -1.625883976416344785e-17
2.460937500000000000e-01 1.149673585146546566e-17
2.462158203125000000e-01 -1.962615573354718958e-17
2.463378906250000000e-01 -8.326672684688674053e-17
2.464599609375000000e-01 1.732680856325409707e-16
2.465820312500000000e-01 -1.962615573354718958e-17
2.467041015625000000e-01 7.513730696480501352e-17
2.468261718750000000e-01 1.486405182084920431e-17
2.469482421875000000e-01 -3.588499549771064052e-17
2.470703125000000000e-01 5.551115123125782702e-17
2.471923828125000000e-01 2.775557561562891351e-17
2.473144531250000000e-01 5.887846720064157183e-17
2.474365234375000000e-01 -2.775557561562891351e-17
2.475585937500000000e-01 -1.306484581960628529e-16
2.476806640625000000e-01 2.438825964624516870e-17
2.478027343750000000e-01 -1.272811422266791081e-16
2.479248046875000000e-01 0.000000000000000000e+00
2.480468750000000000e-01 -1.272811422266791081e-16
2.481689453125000000e-01 6.700788708272328652e-17
2.482910156250000000e-01 -5.214383526187408221e-17
2.484130859375000000e-01 9.476346269835220003e-17
2.485351562500000000e-01 -9.476346269835220003e-17
2.486572265625000000e-01 2.775557561562891351e-17
2.487792968750000000e-01 -1.157844063752136486e-16
2.489013671875000000e-01 7.037520305210703133e-17
2.490234375000000000e-01 -3.925231146709437917e-17
2.491455078125000000e-01 -4.401441537979236136e-17
2.492675781250000000e-01 -8.129419882081723927e-18
2.493896484375000000e-01 7.850462293418875834e-17
2.495117187500000000e-01 -1.143896184318993989e-16
2.496337890625000000e-01 4.401441537979236136e-17
2.497558593750000000e-01 -7.513730696480501352e-17
2.498779296875000000e-01 0.000000000000000000e+00
2.500000000000000000e-01 1.534868885165752924e-18
2.501220703125000000e-01 4.918932082942535644e-17
2.502441406250000000e-01 -7.872030779499095513e-18
2.503662109375000000e-01 1.606845302145353111e-16
2.504882812500000000e-01 -2.808761253095259924e-17
2.506103515625000000e-01 1.078781161623076912e-16
2.507324218750000000e-01 8.056977394282904825e-17
2.508544921875000000e-01 -8.124740030063248852e-18
2.509765625000000000e-01 7.554178636792752144e-17
2.510986328125000000e-01 1.028704573781402676e-16
2.512207031250000000e-01 1.077053214410678139e-16
2.513427734375000000e-01 2.697291717236594000e-17
2.514648437500000000e-01 -2.121648126282571489e-17
2.515869140625000000e-01 7.291259609965017319e-17
2.517089843750000000e-01 -7.589415207398531038e-19
2.518310546875000000e-01 9.573505183047004152e-17
2.519531250000000000e-01 -1.669391562606730771e-16
2.520751953125000000e-01 1.383247808731933650e-16
2.521972656250000000e-01 5.485613308185302999e-18
2.523193359375000000e-01 9.557391309039180030e-17
2.524414062500000000e-01 3.474987182374943487e-17
2.525634765625000000e-01 6.956710759625448303e-17
2.526855468750000000e-01 -1.587421165010640480e-17
2.528076171875000000e-01 2.816086135933326509e-17
2.529296875000000000e-01 1.234543086815555462e-16
2.530517578125000000e-01 8.104306359085495155e-17
2.531738281250000000e-01 7.510729174266156592e-17
2.532958984375000000e-01 8.389468391482677995e-17
2.534179687500000000e-01 9.925555110554645044e-17
2.535400390625000000e-01 6.792795931510987013e-18
2.536621093750000000e-01 -2.409690372729753468e-17
2.537841796875000000e-01 8.961314962519469639e-17
2.539062500000000000e-01 -4.262130158619994187e-17
2.540283203125000000e-01 -2.931644245581119287e-17
2.541503906250000000e-01 4.356792735168838930e-17
2.542724609375000000e-01 8.309163479513632270e-17
2.543945312500000000e-01 7.148038763627716021e-17
2.545166015625000000e-01 7.287715860421250862e-17
2.546386718750000000e-01 5.006337355951265078e-17
2.547607421875000000e-01 7.897086849545027259e-18
2.548828125000000000e-01 4.168987876855822657e-17
2.550048828125000000e-01 5.482578027655754076e-17
2.551269531250000000e-01 1.266913750379127711e-16
2.552490234375000000e-01 -2.070335293654238959e-17
2.553710937500000000e-01 -1.613841651672474097e-17
2.554931640625000000e-01 -5.308923307578601843e-17
2.556152343750000000e-01 -3.947560936251212035e-17
2.557373046875000000e-01 -2.026603061248092586e-18
2.558593750000000000e-01 -2.395078538673849804e-17
2.559814453125000000e-01 3.613327679068060196e-17
2.561035156250000000e-01 -5.049402984235828640e-17
2.562255859375000000e-01 9.704702900349992116e-17
2.563476562500000000e-01 -4.336808689942017736e-18
2.564697265625000000e-01 -8.933825901280556536e-17
2.565917968750000000e-01 -9.540979117872439019e-18
2.567138671875000000e-01 5.811323644522303766e-17
2.568359375000000000e-01 4.510281037539698445e-17
2.569580078125000000e-01 5.551115123125782702e-17
2.570800781250000000e-01 3.729655473350135253e-17
2.572021484375000000e-01 6.505213034913026604e-17
2.573242187500000000e-01 -2.602085213965210642e-17
2.574462890625000000e-01 1.188285581044112860e-16
2.575683593750000000e-01 6.505213034913026604e-17
2.576904296875000000e-01 -4.943961906533900219e-17
2.578125000000000000e-01 1.821459649775647449e-17
2.579345703125000000e-01 5.290906601729261638e-17
2.580566406250000000e-01 -5.377642775528101993e-17
2.581787109375000000e-01 1.379105163401561640e-16
2.583007812500000000e-01 4.250072516143177381e-17
2.584228515625000000e-01 8.066464163292152989e-17
2.585449218750000000e-01 -2.602085213965210642e-18
2.586669921875000000e-01 -6.245004513516505540e-17
2.587890625000000000e-01 1.301042606982605321e-17
2.589111328125000000e-01 1.040834085586084257e-17
2.590332031250000000e-01 7.546047120499110861e-17
2.591552734375000000e-01 2.255140518769849223e-17
2.592773437500000000e-01 -3.642919299551294898e-17
2.593994140625000000e-01 8.760353553682875827e-17
2.595214843750000000e-01 -8.500145032286354763e-17
2.596435546875000000e-01 4.423544863740858091e-17
2.597656250000000000e-01 -6.071532165918824830e-18
2.598876953125000000e-01 1.127570259384924611e-17
2.600097656250000000e-01 -3.295974604355933479e-17
2.601318359375000000e-01 1.691355389077386917e-16
2.602539062500000000e-01 -8.673617379884035472e-18
2.603759765625000000e-01 -4.336808689942017736e-17
2.604980468750000000e-01 -7.112366251504909087e-17
2.606201171875000000e-01 2.255140518769849223e-17
2.607421875000000000e-01 -2.602085213965210642e-18
2.608642578125000000e-01 3.642919299551294898e-17
2.609863281250000000e-01 2.949029909160572061e-17
2.611083984375000000e-01 -5.290906601729261638e-17
2.612304687500000000e-01 6.938893903907228378e-18
2.613525390625000000e-01 -1.301042606982605321e-17
2.614746093750000000e-01 -1.110223024625156540e-16
2.615966796875000000e-01 3.382710778154773834e-17
2.617187500000000000e-01 -2.168404344971008868e-17
2.618408203125000000e-01 2.688821387764050996e-17
2.619628906250000000e-01 -9.367506770274758310e-17
2.620849609375000000e-01 1.908195823574487804e-17
2.622070312500000000e-01 5.724587470723463412e-17
2.623291015625000000e-01 2.168404344971008868e-17
2.624511718750000000e-01 -2.688821387764050996e-17
2.625732421875000000e-01 -7.459310946700270506e-17
2.626953125000000000e-01 3.209238430557093125e-17
2.628173828125000000e-01 -1.040834085586084257e-17
2.629394531250000000e-01 -8.673617379884035472e-18
2.630615234375000000e-01 -5.637851296924623057e-17
2.631835937500000000e-01 -4.510281037539698445e-17
2.633056640625000000e-01 7.806255641895631925e-18
2.634277343750000000e-01 -7.806255641895631925e-18
2.635498046875000000e-01 -5.551115123125782702e-17
2.636718750000000000e-01 -4.076600168545496672e-17
2.637939453125000000e-01 -1.647987302177966740e-17
2.639160156250000000e-01 -5.984795992119984476e-17
2.640380859375000000e-01 1.006139616066548115e-16
2.641601562500000000e-01 -9.714451465470119729e-17
2.642822265625000000e-01 -1.127570259384924611e-17
2.644042968750000000e-01 -5.030698080332740574e-17
2.645263671875000000e-01 8.153200337090993344e-17
2.646484375000000000e-01 -1.474514954580286030e-17
2.647705078125000000e-01 1.170938346284344789e-16
2.648925781250000000e-01 9.714451465470119729e-17
2.650146484375000000e-01 1.734723475976807094e-18
2.651367187500000000e-01 3.469446951953614189e-18
2.652587890625000000e-01 1.205632815803880931e-16
2.653808593750000000e-01 -4.250072516143177381e-17
2.655029296875000000e-01 -6.418476861114186249e-17
2.656250000000000000e-01 1.536893494813220268e-17
2.657470703125000000e-01 2.739090784100505405e-17
2.658691406250000000e-01 -5.137768039760689450e-17
2.659912109375000000e-01 1.286810414265180922e-16
2.661132812500000000e-01 -3.582664143561695762e-17
2.662353515625000000e-01 4.318740572024623139e-17
2.663574218750000000e-01 2.417089639668535932e-17
2.664794921875000000e-01 -1.191832725378510238e-16
2.666015625000000000e-01 9.912590662916777445e-17
2.667236328125000000e-01 3.100571366603382901e-17
2.668457031250000000e-01 4.321441481910844185e-17
2.669677734375000000e-01 6.421361408300163431e-17
2.670898437500000000e-01 -6.066055180088674755e-17
2.672119140625000000e-01 -3.421300939860494882e-17
2.673339843750000000e-01 -7.049523277730598851e-17
2.674560546875000000e-01 2.323594895820345958e-17
2.675781250000000000e-01 -4.419847585108418198e-17
2.677001953125000000e-01 6.346751284510967624e-17
2.678222656250000000e-01 3.338216279032746649e-18
2.679443359375000000e-01 1.548024651163273478e-16
2.680664062500000000e-01 9.311511072607382922e-17
2.681884765625000000e-01 -2.078304363948226591e-18
2.683105468750000000e-01 -4.852289196668317163e-17
2.684326171875000000e-01 6.678275965589780672e-17
2.685546875000000000e-01 1.141871994409083170e-16
2.686767578125000000e-01 -5.123414755125122208e-17
2.687988281250000000e-01 2.456312850894354165e-17
2.689208984375000000e-01 1.108696241415604250e-17
2.690429687500000000e-01 1.789509369372621366e-16
2.691650390625000000e-01 2.770572394687761617e-17
2.692871093750000000e-01 4.185744903920848198e-18
2.694091796875000000e-01 1.155663807622811821e-17
2.695312500000000000e-01 -1.357884523905477409e-17
2.696533203125000000e-01 4.833254305953423217e-17
2.697753906250000000e-01 -2.112907541607563508e-17
2.698974609375000000e-01 1.892175073678396932e-17
2.700195312500000000e-01 3.113085508189428229e-17
2.701416015625000000e-01 1.121614286092698734e-16
2.702636718750000000e-01 1.571159695902971268e-17
2.703857421875000000e-01 -9.729673088971024702e-18
2.705078125000000000e-01 7.352444591384642264e-17
2.706298828125000000e-01 7.891056689610355107e-17
2.707519531250000000e-01 3.468968857461954078e-17
2.708740234375000000e-01 -2.980612956641591358e-17
2.709960937500000000e-01 -8.576645867628891882e-17
2.711181640625000000e-01 -8.947275739505102875e-17
2.712402343750000000e-01 -5.217293495222508037e-17
2.713623046875000000e-01 -3.211166725246673967e-17
2.714843750000000000e-01 -4.767662237066978290e-17
2.716064453125000000e-01 -2.991648539662552496e-17
2.717285156250000000e-01 -2.619497579482612764e-17
2.718505859375000000e-01 6.568707665760124699e-17
2.719726562500000000e-01 3.817032053595865993e-17
2.720947265625000000e-01 4.473814260077313116e-17
2.722167968750000000e-01 -9.379025376114290209e-17
2.723388671875000000e-01 2.298935911993711966e-17
2.724609375000000000e-01 4.102459125230668912e-17
2.725830078125000000e-01 3.316001647539435100e-17
2.727050781250000000e-01 -8.500035526416499924e-17
2.728271484375000000e-01 2.058820173655993628e-17
2.729492187500000000e-01 -1.718594903374890813e-17
2.730712890625000000e-01 -2.276867804812399074e-17
2.731933593750000000e-01 -2.685467786177235407e-17
2.733154296875000000e-01 -9.789696137265187473e-17
2.734375000000000000e-01 1.551976663278681283e-17
2.735595703125000000e-01 5.946002226301943411e-17
2.736816406250000000e-01 -1.129444064825099973e-17
2.738037109375000000e-01 5.295921364553110868e-17
2.739257812500000000e-01 -9.134948428227730040e-18
2.740478515625000000e-01 1.196680842836527962e-16
2.741699218750000000e-01 4.384920277057303700e-18
2.742919921875000000e-01 -1.622232267890262033e-16
2.744140625000000000e-01 6.153225947525799489e-17
2.745361328125000000e-01 2.408539910167477391e-17
2.746582031250000000e-01 1.412642403348206986e-17
2.747802734375000000e-01 3.656314791421354020e-19
2.749023437500000000e-01 3.759080675825266036e-17
2.750244140625000000e-01 1.249000902703301108e-16
2.751464843750000000e-01 -1.387778780781445676e-17
2.752685546875000000e-01 6.938893903907228378e-17
2.753906250000000000e-01 1.387778780781445676e-17
2.755126953125000000e-01 6.938893903907228378e-17
2.756347656250000000e-01 -6.938893903907228378e-17
2.757568359375000000e-01 9.714451465470119729e-17
2.758789062500000000e-01 2.775557561562891351e-17
2.760009765625000000e-01 4.163336342344337027e-17
2.761230468750000000e-01 -1.387778780781445676e-17
2.762451171875000000e-01 -1.387778780781445676e-17
2.763671875000000000e-01 1.249000902703301108e-16
2.764892578125000000e-01 4.163336342344337027e-17
2.766113281250000000e-01 9.714451465470119729e-17
2.767333984375000000e-01 -1.387778780781445676e-17
2.768554687500000000e-01 1.249000902703301108e-16
2.769775390625000000e-01 -6.938893903907228378e-17
2.770996093750000000e-01 -5.551115123125782702e-17
2.772216796875000000e-01 2.775557561562891351e-17
2.773437500000000000e-01 2.775557561562891351e-17
2.774658203125000000e-01 2.775557561562891351e-17
2.775878906250000000e-01 -6.938893903907228378e-17
2.777099609375000000e-01 1.387778780781445676e-17
2.778320312500000000e-01 2.775557561562891351e-17
2.779541015625000000e-01 5.551115123125782702e-17
2.780761718750000000e-01 2.775557561562891351e-17
2.781982421875000000e-01 0.000000000000000000e+00
2.783203125000000000e-01 6.938893903907228378e-17
2.784423828125000000e-01 0.000000000000000000e+00
2.785644531250000000e-01 5.551115123125782702e-17
2.786865234375000000e-01 6.938893903907228378e-17
2.788085937500000000e-01 -4.163336342344337027e-17
2.789306640625000000e-01 1.110223024625156540e-16
2.790527343750000000e-01 -2.775557561562891351e-17
2.791748046875000000e-01 1.387778780781445676e-17
2.792968750000000000e-01 -1.249000902703301108e-16
2.794189453125000000e-01 9.714451465470119729e-17
2.795410156250000000e-01 -6.938893903907228378e-17
2.796630859375000000e-01 4.163336342344337027e-17
2.797851562500000000e-01 4.163336342344337027e-17
2.799072265625000000e-01 5.551115123125782702e-17
2.800292968750000000e-01 -1.387778780781445676e-17
2.801513671875000000e-01 2.775557561562891351e-17
2.802734375000000000e-01 1.387778780781445676e-17
2.803955078125000000e-01 4.163336342344337027e-17
2.805175781250000000e-01 6.938893903907228378e-17
2.806396484375000000e-01 1.387778780781445676e-17
2.807617187500000000e-01 2.775557561562891351e-17
2.808837890625000000e-01 5.551115123125782702e-17
2.810058593750000000e-01 0.000000000000000000e+00
2.811279296875000000e-01 -1.387778780781445676e-17
2.812500000000000000e-01 -2.775557561562891351e-17
2.813720703125000000e-01 5.551115123125782702e-17
2.814941406250000000e-01 -4.163336342344337027e-17
2.816162109375000000e-01 8.326672684688674053e-17
2.817382812500000000e-01 -4.163336342344337027e-17
2.818603515625000000e-01 4.163336342344337027e-17
2.819824218750000000e-01 -4.163336342344337027e-17
2.821044921875000000e-01 -1.110223024625156540e-16
2.822265625000000000e-01 9.714451465470119729e-17
2.823486328125000000e-01 5.551115123125782702e-17
2.824707031250000000e-01 6.938893903907228378e-17
2.825927734375000000e-01 6.938893903907228378e-17
2.827148437500000000e-01 -2.775557561562891351e-17
2.828369140625000000e-01 -2.775557561562891351e-17
2.829589843750000000e-01 -4.163336342344337027e-17
2.830810546875000000e-01 5.551115123125782702e-17
2.832031250000000000e-01 -1.804112415015879378e-16
2.833251953125000000e-01 1.387778780781445676e-17
2.834472656250000000e-01 2.775557561562891351e-17
2.835693359375000000e-01 1.110223024625156540e-16
2.836914062500000000e-01 4.163336342344337027e-17
2.838134765625000000e-01 4.163336342344337027e-17
2.839355468750000000e-01 2.775557561562891351e-17
2.840576171875000000e-01 1.387778780781445676e-17
2.841796875000000000e-01 9.714451465470119729e-17
2.843017578125000000e-01 2.775557561562891351e-17
2.844238281250000000e-01 9.714451465470119729e-17
2.845458984375000000e-01 1.387778780781445676e-17
2.846679687500000000e-01 5.551115123125782702e-17
2.847900390625000000e-01 4.163336342344337027e-17
2.849121093750000000e-01 -1.387778780781445676e-17
2.850341796875000000e-01 1.526556658859590243e-16
2.851562500000000000e-01 -2.775557561562891351e-17
2.852783203125000000e-01 -1.387778780781445676e-17
2.854003906250000000e-01 -4.163336342344337027e-17
2.855224609375000000e-01 0.000000000000000000e+00
2.856445312500000000e-01 2.775557561562891351e-17
2.857666015625000000e-01 4.163336342344337027e-17
2.858886718750000000e-01 2.775557561562891351e-17
2.860107421875000000e-01 -2.775557561562891351e-17
2.861328125000000000e-01 -1.387778780781445676e-17
2.862548828125000000e-01 -6.938893903907228378e-17
2.863769531250000000e-01 -2.775557561562891351e-17
2.864990234375000000e-01 6.938893903907228378e-17
2.866210937500000000e-01 -1.110223024625156540e-16
2.867431640625000000e-01 -2.775557561562891351e-17
2.868652343750000000e-01 -2.775557561562891351e-17
2.869873046875000000e-01 -2.775557561562891351e-17
2.871093750000000000e-01 -2.775557561562891351e-17
2.872314453125000000e-01 4.163336342344337027e-17
2.873535156250000000e-01 -1.249000902703301108e-16
2.874755859375000000e-01 5.551115123125782702e-17
2.875976562500000000e-01 -2.775557561562891351e-17
2.877197265625000000e-01 0.000000000000000000e+00
2.878417968750000000e-01 -1.526556658859590243e-16
2.879638671875000000e-01 4.163336342344337027e-17
2.880859375000000000e-01 1.387778780781445676e-17
2.882080078125000000e-01 2.775557561562891351e-17
2.883300781250000000e-01 -2.775557561562891351e-17
2.884521484375000000e-01 2.775557561562891351e-17
2.885742187500000000e-01 0.000000000000000000e+00
2.886962890625000000e-01 6.938893903907228378e-17
2.888183593750000000e-01 -4.163336342344337027e-17
2.889404296875000000e-01 1.387778780781445676e-17
2.890625000000000000e-01 -8.326672684688674053e-17
2.891845703125000000e-01 8.326672684688674053e-17
2.893066406250000000e-01 -2.775557561562891351e-17
2.894287109375000000e-01 6.938893903907228378e-17
2.895507812500000000e-01 0.000000000000000000e+00
2.896728515625000000e-01 1.110223024625156540e-16
2.897949218750000000e-01 -8.326672684688674053e-17
2.899169921875000000e-01 -2.775557561562891351e-17
2.900390625000000000e-01 0.000000000000000000e+00
2.901611328125000000e-01 -8.326672684688674053e-17
2.902832031250000000e-01 1.387778780781445676e-17
2.904052734375000000e-01 -5.551115123125782702e-17
2.905273437500000000e-01 -5.551115123125782702e-17
2.906494140625000000e-01 5.551115123125782702e-17
2.907714843750000000e-01 -5.551115123125782702e-17
2.908935546875000000e-01 -2.775557561562891351e-17
2.910156250000000000e-01 -5.551115123125782702e-17
2.911376953125000000e-01 1.387778780781445676e-17
2.912597656250000000e-01 -2.775557561562891351e-17
2.913818359375000000e-01 -4.163336342344337027e-17
2.915039062500000000e-01 -2.775557561562891351e-17
2.916259765625000000e-01 1.387778780781445676e-17
2.917480468750000000e-01 -5.551115123125782702e-17
2.918701171875000000e-01 -6.938893903907228378e-17
2.919921875000000000e-01 -5.551115123125782702e-17
2.921142578125000000e-01 1.387778780781445676e-17
2.922363281250000000e-01 0.000000000000000000e+00
2.923583984375000000e-01 9.714451465470119729e-17
2.924804687500000000e-01 2.775557561562891351e-17
2.926025390625000000e-01 -5.551115123125782702e-17
2.927246093750000000e-01 -1.665334536937734811e-16
2.928466796875000000e-01 -2.775557561562891351e-17
2.929687500000000000e-01 -9.714451465470119729e-17
2.930908203125000000e-01 1.387778780781445676e-17
2.932128906250000000e-01 -6.938893903907228378e-17
2.933349609375000000e-01 -1.387778780781445676e-17
2.934570312500000000e-01 2.775557561562891351e-17
2.935791015625000000e-01 2.775557561562891351e-17
2.937011718750000000e-01 0.000000000000000000e+00
2.938232421875000000e-01 -2.775557561562891351e-17
2.939453125000000000e-01 -1.387778780781445676e-17
2.940673828125000000e-01 5.551115123125782702e-17
2.941894531250000000e-01 0.000000000000000000e+00
2.943115234375000000e-01 5.551115123125782702e-17
2.944335937500000000e-01 -5.551115123125782702e-17
2.945556640625000000e-01 -1.387778780781445676e-17
2.946777343750000000e-01 2.775557561562891351e-17
2.947998046875000000e-01 5.551115123125782702e-17
2.949218750000000000e-01 -8.326672684688674053e-17
2.950439453125000000e-01 4.163336342344337027e-17
2.951660156250000000e-01 -2.775557561562891351e-17
2.952880859375000000e-01 1.387778780781445676e-16
2.954101562500000000e-01 1.110223024625156540e-16
2.955322265625000000e-01 -1.387778780781445676e-17
2.956542968750000000e-01 5.551115123125782702e-17
2.957763671875000000e-01 1.387778780781445676e-17
2.958984375000000000e-01 -1.110223024625156540e-16
2.960205078125000000e-01 1.249000902703301108e-16
2.961425781250000000e-01 0.000000000000000000e+00
2.962646484375000000e-01 8.326672684688674053e-17
2.963867187500000000e-01 6.938893903907228378e-17
2.965087890625000000e-01 0.000000000000000000e+00
2.966308593750000000e-01 0.000000000000000000e+00
2.967529296875000000e-01 0.000000000000000000e+00
2.968750000000000000e-01 -1.249000902703301108e-16
2.969970703125000000e-01 -1.387778780781445676e-17
2.971191406250000000e-01 -2.775557561562891351e-17
2.972412109375000000e-01 2.775557561562891351e-17
2.973632812500000000e-01 -5.551115123125782702e-17
2.974853515625000000e-01 5.551115123125782702e-17
2.976074218750000000e-01 8.326672684688674053e-17
2.977294921875000000e-01 -2.081668171172168513e-16
2.978515625000000000e-01 0.000000000000000000e+00
2.979736328125000000e-01 -1.387778780781445676e-17
2.980957031250000000e-01 5.551115123125782702e-17
2.982177734375000000e-01 1.387778780781445676e-17
2.983398437500000000e-01 2.775557561562891351e-17
2.984619140625000000e-01 -6.938893903907228378e-17
2.985839843750000000e-01 -1.387778780781445676e-17
2.987060546875000000e-01 0.000000000000000000e+00
2.988281250000000000e-01 -5.551115123125782702e-17
2.989501953125000000e-01 -5.551115123125782702e-17
2.990722656250000000e-01 -4.163336342344337027e-17
2.991943359375000000e-01 4.163336342344337027e-17
2.993164062500000000e-01 4.163336342344337027e-17
2.994384765625000000e-01 2.775557561562891351e-17
2.995605468750000000e-01 2.775557561562891351e-17
2.996826171875000000e-01 -4.163336342344337027e-17
2.998046875000000000e-01 6.938893903907228378e-17
2.999267578125000000e-01 0.000000000000000000e+00
3.000488281250000000e-01 5.551115123125782702e-17
3.001708984375000000e-01 1.387778780781445676e-17
3.002929687500000000e-01 8.326672684688674053e-17
3.004150390625000000e-01 4.163336342344337027e-17
3.005371093750000000e-01 -2.775557561562891351e-17
3.006591796875000000e-01 -2.775557561562891351e-17
3.007812500000000000e-01 -1.387778780781445676e-16
3.009033203125000000e-01 0.000000000000000000e+00
3.010253906250000000e-01 1.387778780781445676e-17
3.011474609375000000e-01 6.938893903907228378e-17
3.012695312500000000e-01 6.938893903907228378e-17
3.013916015625000000e-01 5.551115123125782702e-17
3.015136718750000000e-01 -9.714451465470119729e-17
3.016357421875000000e-01 -8.326672684688674053e-17
3.017578125000000000e-01 -2.775557561562891351e-17
3.018798828125000000e-01 1.387778780781445676e-17
3.020019531250000000e-01 1.387778780781445676e-17
3.021240234375000000e-01 2.775557561562891351e-17
3.022460937500000000e-01 -1.110223024625156540e-16
3.023681640625000000e-01 0.000000000000000000e+00
3.024902343750000000e-01 -1.387778780781445676e-17
3.026123046875000000e-01 -6.938893903907228378e-17
3.027343750000000000e-01 -6.938893903907228378e-17
3.028564453125000000e-01 1.387778780781445676e-17
3.029785156250000000e-01 -2.775557561562891351e-17
3.031005859375000000e-01 1.387778780781445676e-17
3.032226562500000000e-01 9.714451465470119729e-17
3.033447265625000000e-01 -5.551115123125782702e-17
3.034667968750000000e-01 1.387778780781445676e-17
3.035888671875000000e-01 2.775557561562891351e-17
3.037109375000000000e-01 6.938893903907228378e-17
3.038330078125000000e-01 6.938893903907228378e-17
3.039550781250000000e-01 2.775557561562891351e-17
3.040771484375000000e-01 0.000000000000000000e+00
3.041992187500000000e-01 9.714451465470119729e-17
3.043212890625000000e-01 1.387778780781445676e-17
3.044433593750000000e-01 -5.551115123125782702e-17
3.045654296875000000e-01 -2.775557561562891351e-17
3.046875000000000000e-01 -5.551115123125782702e-17
3.048095703125000000e-01 2.775557561562891351e-17
3.049316406250000000e-01 -1.387778780781445676e-17
3.050537109375000000e-01 1.110223024625156540e-16
3.051757812500000000e-01 8.326672684688674053e-17
3.052978515625000000e-01 -6.938893903907228378e-17
3.054199218750000000e-01 -4.163336342344337027e-17
3.055419921875000000e-01 -8.326672684688674053e-17
3.056640625000000000e-01 -1.387778780781445676e-16
3.057861328125000000e-01 -1.387778780781445676e-17
3.059082031250000000e-01 -1.387778780781445676e-17
3.060302734375000000e-01 1.387778780781445676e-17
3.061523437500000000e-01 6.938893903907228378e-17
3.062744140625000000e-01 1.387778780781445676e-17
3.063964843750000000e-01 -5.551115123125782702e-17
3.065185546875000000e-01 5.551115123125782702e-17
3.066406250000000000e-01 -8.326672684688674053e-17
3.067626953125000000e-01 -5.551115123125782702e-17
3.068847656250000000e-01 -2.359223927328457648e-16
3.070068359375000000e-01 1.387778780781445676e-17
3.071289062500000000e-01 -1.387778780781445676e-17
3.072509765625000000e-01 -6.938893903907228378e-17
3.073730468750000000e-01 0.000000000000000000e+00
3.074951171875000000e-01 0.000000000000000000e+00
3.076171875000000000e-01 -1.249000902703301108e-16
3.077392578125000000e-01 -2.775557561562891351e-17
3.078613281250000000e-01 4.163336342344337027e-17
3.079833984375000000e-01 0.000000000000000000e+00
3.081054687500000000e-01 -8.326672684688674053e-17
3.082275390625000000e-01 -1.110223024625156540e-16
3.083496093750000000e-01 -1.110223024625156540e-16
3.084716796875000000e-01 -1.387778780781445676e-16
3.085937500000000000e-01 -8.326672684688674053e-17
3.087158203125000000e-01 -1.387778780781445676e-17
3.088378906250000000e-01 -1.387778780781445676e-16
3.089599609375000000e-01 5.551115123125782702e-17
3.090820312500000000e-01 -4.163336342344337027e-17
3.092041015625000000e-01 -4.163336342344337027e-17
3.093261718750000000e-01 -2.775557561562891351e-17
3.094482421875000000e-01 -1.804112415015879378e-16
3.095703125000000000e-01 -6.938893903907228378e-17
3.096923828125000000e-01 0.000000000000000000e+00
3.098144531250000000e-01 -5.551115123125782702e-17
3.099365234375000000e-01 2.775557561562891351e-17
3.100585937500000000e-01 -6.938893903907228378e-17
3.101806640625000000e-01 -4.163336342344337027e-17
3.103027343750000000e-01 -8.326672684688674053e-17
3.104248046875000000e-01 -8.326672684688674053e-17
3.105468750000000000e-01 -1.526556658859590243e-16
3.106689453125000000e-01 2.775557561562891351e-17
3.107910156250000000e-01 -1.249000902703301108e-16
3.109130859375000000e-01 -4.163336342344337027e-17
3.110351562500000000e-01 1.387778780781445676e-17
3.111572265625000000e-01 -5.551115123125782702e-17
3.112792968750000000e-01 -5.551115123125782702e-17
3.114013671875000000e-01 5.551115123125782702e-17
3.115234375000000000e-01 -8.326672684688674053e-17
3.116455078125000000e-01 -1.387778780781445676e-17
3.117675781250000000e-01 -1.387778780781445676e-17
3.118896484375000000e-01 8.326672684688674053e-17
3.120117187500000000e-01 0.000000000000000000e+00
3.121337890625000000e-01 -1.387778780781445676e-17
3.122558593750000000e-01 1.387778780781445676e-17
3.123779296875000000e-01 0.000000000000000000e+00
3.125000000000000000e-01 -6.938893903907228378e-17
3.126220703125000000e-01 -1.387778780781445676e-17
3.127441406250000000e-01 -9.714451465470119729e-17
3.128662109375000000e-01 5.551115123125782702e-17
3.129882812500000000e-01 -2.775557561562891351e-17
3.131103515625000000e-01 0.000000000000000000e+00
3.132324218750000000e-01 -1.387778780781445676e-17
3.133544921875000000e-01 -1.526556658859590243e-16
3.134765625000000000e-01 -2.775557561562891351e-17
3.135986328125000000e-01 2.775557561562891351e-17
3.137207031250000000e-01 1.387778780781445676e-17
3.138427734375000000e-01 -5.551115123125782702e-17
3.139648437500000000e-01 2.775557561562891351e-17
3.140869140625000000e-01 -2.775557561562891351e-17
3.142089843750000000e-01 -8.326672684688674053e-17
3.143310546875000000e-01 1.387778780781445676e-17
3.144531250000000000e-01 -1.665334536937734811e-16
3.145751953125000000e-01 -4.163336342344337027e-17
3.146972656250000000e-01 -5.551115123125782702e-17
3.148193359375000000e-01 4.163336342344337027e-17
3.149414062500000000e-01 1.387778780781445676e-17
3.150634765625000000e-01 2.775557561562891351e-17
3.151855468750000000e-01 0.000000000000000000e+00
3.153076171875000000e-01 -2.775557561562891351e-17
3.154296875000000000e-01 2.775557561562891351e-17
3.155517578125000000e-01 0.000000000000000000e+00
3.156738281250000000e-01 0.000000000000000000e+00
3.157958984375000000e-01 -2.775557561562891351e-17
3.159179687500000000e-01 6.938893903907228378e-17
3.160400390625000000e-01 -1.387778780781445676e-17
3.161621093750000000e-01 -4.163336342344337027e-17
3.162841796875000000e-01 4.163336342344337027e-17
3.164062500000000000e-01 -5.551115123125782702e-17
3.165283203125000000e-01 -8.326672684688674053e-17
3.166503906250000000e-01 -1.110223024625156540e-16
3.167724609375000000e-01 -1.110223024625156540e-16
3.168945312500000000e-01 -5.551115123125782702e-17
3.170166015625000000e-01 -2.775557561562891351e-17
3.171386718750000000e-01 -5.551115123125782702e-17
3.172607421875000000e-01 -1.526556658859590243e-16
3.173828125000000000e-01 0.000000000000000000e+00
3.175048828125000000e-01 -8.326672684688674053e-17
3.176269531250000000e-01 -2.775557561562891351e-17
3.177490234375000000e-01 -4.163336342344337027e-17
3.178710937500000000e-01 4.163336342344337027e-17
3.179931640625000000e-01 -9.714451465470119729e-17
3.181152343750000000e-01 -1.942890293094023946e-16
3.182373046875000000e-01 -1.526556658859590243e-16
3.183593750000000000e-01 -1.387778780781445676e-17
3.184814453125000000e-01 -5.551115123125782702e-17
3.186035156250000000e-01 -1.526556658859590243e-16
3.187255859375000000e-01 0.000000000000000000e+00
3.188476562500000000e-01 -9.714451465470119729e-17
3.189697265625000000e-01 -1.665334536937734811e-16
3.190917968750000000e-01 -1.387778780781445676e-17
3.192138671875000000e-01 -6.938893903907228378e-17
3.193359375000000000e-01 -2.775557561562891351e-17
3.194580078125000000e-01 8.326672684688674053e-17
3.195800781250000000e-01 0.000000000000000000e+00
3.197021484375000000e-01 -1.387778780781445676e-17
3.198242187500000000e-01 1.387778780781445676e-17
3.199462890625000000e-01 0.000000000000000000e+00
3.200683593750000000e-01 0.000000000000000000e+00
3.201904296875000000e-01 -9.714451465470119729e-17
3.203125000000000000e-01 -5.551115123125782702e-17
3.204345703125000000e-01 -4.163336342344337027e-17
3.205566406250000000e-01 -1.387778780781445676e-17
3.206787109375000000e-01 0.000000000000000000e+00
3.208007812500000000e-01 5.551115123125782702e-17
3.209228515625000000e-01 1.387778780781445676e-17
3.210449218750000000e-01 -2.775557561562891351e-17
3.211669921875000000e-01 -2.220446049250313081e-16
3.212890625000000000e-01 -1.249000902703301108e-16
3.214111328125000000e-01 -4.163336342344337027e-17
3.215332031250000000e-01 2.775557561562891351e-17
3.216552734375000000e-01 -1.249000902703301108e-16
3.217773437500000000e-01 -5.551115123125782702e-17
3.218994140625000000e-01 0.000000000000000000e+00
3.220214843750000000e-01 -1.387778780781445676e-17
3.221435546875000000e-01 1.387778780781445676e-17
3.222656250000000000e-01 5.551115123125782702e-17
3.223876953125000000e-01 0.000000000000000000e+00
3.225097656250000000e-01 5.551115123125782702e-17
3.226318359375000000e-01 1.387778780781445676e-17
3.227539062500000000e-01 6.938893903907228378e-17
3.228759765625000000e-01 0.000000000000000000e+00
3.229980468750000000e-01 -2.775557561562891351e-17
3.231201171875000000e-01 5.551115123125782702e-17
3.232421875000000000e-01 6.938893903907228378e-17
3.233642578125000000e-01 1.387778780781445676e-17
3.234863281250000000e-01 1.387778780781445676e-17
3.236083984375000000e-01 2.775557561562891351e-17
3.237304687500000000e-01 0.000000000000000000e+00
3.238525390625000000e-01 -9.714451465470119729e-17
3.239746093750000000e-01 -6.938893903907228378e-17
3.240966796875000000e-01 2.775557561562891351e-17
3.242187500000000000e-01 -4.163336342344337027e-17
3.243408203125000000e-01 -1.387778780781445676e-17
3.244628906250000000e-01 -1.110223024625156540e-16
3.245849609375000000e-01 -1.249000902703301108e-16
3.247070312500000000e-01 5.551115123125782702e-17
3.248291015625000000e-01 1.387778780781445676e-17
3.249511718750000000e-01 -9.714451465470119729e-17
3.250732421875000000e-01 -1.942890293094023946e-16
3.251953125000000000e-01 4.163336342344337027e-17
3.253173828125000000e-01 -2.775557561562891351e-17
3.254394531250000000e-01 -5.551115123125782702e-17
3.255615234375000000e-01 -1.526556658859590243e-16
3.256835937500000000e-01 -6.938893903907228378e-17
3.258056640625000000e-01 -5.551115123125782702e-17
3.259277343750000000e-01 -4.163336342344337027e-17
3.260498046875000000e-01 -8.326672684688674053e-17
3.261718750000000000e-01 0.000000000000000000e+00
3.262939453125000000e-01 -4.163336342344337027e-17
3.264160156250000000e-01 2.775557561562891351e-17
3.265380859375000000e-01 1.387778780781445676e-17
3.266601562500000000e-01 -1.387778780781445676e-17
3.267822265625000000e-01 1.387778780781445676e-17
3.269042968750000000e-01 2.775557561562891351e-17
3.270263671875000000e-01 -1.110223024625156540e-16
3.271484375000000000e-01 -1.665334536937734811e-16
3.272705078125000000e-01 6.938893903907228378e-17
3.273925781250000000e-01 9.714451465470119729e-17
3.275146484375000000e-01 8.326672684688674053e-17
3.276367187500000000e-01 -2.775557561562891351e-17
3.277587890625000000e-01 -6.938893903907228378e-17
3.278808593750000000e-01 8.326672684688674053e-17
3.280029296875000000e-01 -1.110223024625156540e-16
3.281250000000000000e-01 -9.714451465470119729e-17
3.282470703125000000e-01 2.775557561562891351e-17
3.283691406250000000e-01 -4.163336342344337027e-17
3.284912109375000000e-01 -4.163336342344337027e-17
3.286132812500000000e-01 -8.326672684688674053e-17
3.287353515625000000e-01 -6.938893903907228378e-17
3.288574218750000000e-01 1.387778780781445676e-17
3.289794921875000000e-01 -2.220446049250313081e-16
3.291015625000000000e-01 -6.938893903907228378e-17
3.292236328125000000e-01 4.163336342344337027e-17
3.293457031250000000e-01 5.551115123125782702e-17
3.294677734375000000e-01 -9.714451465470119729e-17
3.295898437500000000e-01 -6.938893903907228378e-17
3.297119140625000000e-01 -1.110223024625156540e-16
3.298339843750000000e-01 -4.163336342344337027e-17
3.299560546875000000e-01 1.387778780781445676e-17
3.300781250000000000e-01 -1.387778780781445676e-17
3.302001953125000000e-01 -4.163336342344337027e-17
3.303222656250000000e-01 0.000000000000000000e+00
3.304443359375000000e-01 -2.775557561562891351e-17
3.305664062500000000e-01 -4.163336342344337027e-17
3.306884765625000000e-01 8.326672684688674053e-17
3.308105468750000000e-01 9.714451465470119729e-17
3.309326171875000000e-01 -5.551115123125782702e-17
3.310546875000000000e-01 1.387778780781445676e-17
3.311767578125000000e-01 -5.551115123125782702e-17
3.312988281250000000e-01 -1.387778780781445676e-17
3.314208984375000000e-01 -1.249000902703301108e-16
3.315429687500000000e-01 0.000000000000000000e+00
3.316650390625000000e-01 -1.249000902703301108e-16
3.317871093750000000e-01 -6.938893903907228378e-17
3.319091796875000000e-01 1.387778780781445676e-17
3.320312500000000000e-01 -9.714451465470119729e-17
3.321533203125000000e-01 2.775557561562891351e-17
3.322753906250000000e-01 -5.551115123125782702e-17
3.323974609375000000e-01 -1.665334536937734811e-16
3.325195312500000000e-01 -5.551115123125782702e-17
3.326416015625000000e-01 1.387778780781445676e-17
3.327636718750000000e-01 -6.938893903907228378e-17
3.328857421875000000e-01 -1.804112415015879378e-16
3.330078125000000000e-01 -6.938893903907228378e-17
3.331298828125000000e-01 -5.551115123125782702e-17
3.332519531250000000e-01 -5.551115123125782702e-17
3.333740234375000000e-01 -8.326672684688674053e-17
3.334960937500000000e-01 -4.163336342344337027e-17
3.336181640625000000e-01 -9.714451465470119729e-17
3.337402343750000000e-01 -2.775557561562891351e-17
3.338623046875000000e-01 -1.526556658859590243e-16
3.339843750000000000e-01 -2.775557561562891351e-17
3.341064453125000000e-01 -6.938893903907228378e-17
3.342285156250000000e-01 -2.775557561562891351e-17
3.343505859375000000e-01 -5.551115123125782702e-17
3.344726562500000000e-01 -4.163336342344337027e-17
3.345947265625000000e-01 -5.551115123125782702e-17
3.347167968750000000e-01 0.000000000000000000e+00
3.348388671875000000e-01 -1.387778780781445676e-16
3.349609375000000000e-01 -1.387778780781445676e-17
3.350830078125000000e-01 2.775557561562891351e-17
3.352050781250000000e-01 -4.163336342344337027e-17
3.353271484375000000e-01 -2.775557561562891351e-17
3.354492187500000000e-01 -5.551115123125782702e-17
3.355712890625000000e-01 -1.387778780781445676e-16
3.356933593750000000e-01 0.000000000000000000e+00
3.358154296875000000e-01 -8.326672684688674053e-17
3.359375000000000000e-01 -6.938893903907228378e-17
3.360595703125000000e-01 -5.551115123125782702e-17
3.361816406250000000e-01 0.000000000000000000e+00
3.363037109375000000e-01 1.110223024625156540e-16
3.364257812500000000e-01 0.000000000000000000e+00
3.365478515625000000e-01 -5.551115123125782702e-17
3.366699218750000000e-01 -1.387778780781445676e-17
3.367919921875000000e-01 -1.387778780781445676e-16
3.369140625000000000e-01 -5.551115123125782702e-17
3.370361328125000000e-01 6.938893903907228378e-17
3.371582031250000000e-01 0.000000000000000000e+00
3.372802734375000000e-01 -1.110223024625156540e-16
3.374023437500000000e-01 2.775557561562891351e-17
3.375244140625000000e-01 -6.938893903907228378e-17
3.376464843750000000e-01 -9.714451465470119729e-17
3.377685546875000000e-01 -2.775557561562891351e-17
3.378906250000000000e-01 8.326672684688674053e-17
3.380126953125000000e-01 -2.775557561562891351e-17
3.381347656250000000e-01 -9.714451465470119729e-17
3.382568359375000000e-01 -5.551115123125782702e-17
3.383789062500000000e-01 -4.163336342344337027e-17
3.385009765625000000e-01 -1.110223024625156540e-16
3.386230468750000000e-01 -5.551115123125782702e-17
3.387451171875000000e-01 -8.326672684688674053e-17
3.388671875000000000e-01 1.387778780781445676e-17
3.389892578125000000e-01 -8.326672684688674053e-17
3.391113281250000000e-01 8.326672684688674053e-17
3.392333984375000000e-01 0.000000000000000000e+00
3.393554687500000000e-01 4.163336342344337027e-17
3.394775390625000000e-01 -6.938893903907228378e-17
3.395996093750000000e-01 8.326672684688674053e-17
3.397216796875000000e-01 0.000000000000000000e+00
3.398437500000000000e-01 -4.163336342344337027e-17
3.399658203125000000e-01 8.326672684688674053e-17
3.400878906250000000e-01 -1.249000902703301108e-16
3.402099609375000000e-01 -1.387778780781445676e-17
3.403320312500000000e-01 5.551115123125782702e-17
3.404541015625000000e-01 -2.775557561562891351e-17
3.405761718750000000e-01 2.775557561562891351e-17
3.406982421875000000e-01 1.387778780781445676e-17
3.408203125000000000e-01 -4.163336342344337027e-17
3.409423828125000000e-01 -4.163336342344337027e-17
3.410644531250000000e-01 6.938893903907228378e-17
3.411865234375000000e-01 5.551115123125782702e-17
3.413085937500000000e-01 -5.551115123125782702e-17
3.414306640625000000e-01 4.163336342344337027e-17
3.415527343750000000e-01 2.775557561562891351e-17
3.416748046875000000e-01 -1.387778780781445676e-16
3.417968750000000000e-01 -2.775557561562891351e-17
3.419189453125000000e-01 0.000000000000000000e+00
3.420410156250000000e-01 2.775557561562891351e-17
3.421630859375000000e-01 0.000000000000000000e+00
3.422851562500000000e-01 8.326672684688674053e-17
3.424072265625000000e-01 -8.326672684688674053e-17
3.425292968750000000e-01 6.938893903907228378e-17
3.426513671875000000e-01 6.938893903907228378e-17
3.427734375000000000e-01 -6.938893903907228378e-17
3.428955078125000000e-01 4.163336342344337027e-17
3.430175781250000000e-01 8.326672684688674053e-17
3.431396484375000000e-01 4.163336342344337027e-17
3.432617187500000000e-01 5.551115123125782702e-17
3.433837890625000000e-01 -1.387778780781445676e-17
3.435058593750000000e-01 9.714451465470119729e-17
3.436279296875000000e-01 -8.326672684688674053e-17
3.437500000000000000e-01 -8.326672684688674053e-17
3.438720703125000000e-01 -6.938893903907228378e-17
3.439941406250000000e-01 -6.938893903907228378e-17
3.441162109375000000e-01 -4.163336342344337027e-17
3.442382812500000000e-01 -4.163336342344337027e-17
3.443603515625000000e-01 -9.714451465470119729e-17
3.444824218750000000e-01 -2.775557561562891351e-17
3.446044921875000000e-01 -1.387778780781445676e-16
3.447265625000000000e-01 2.775557561562891351e-17
3.448486328125000000e-01 1.387778780781445676e-17
3.449707031250000000e-01 4.163336342344337027e-17
3.450927734375000000e-01 -1.110223024625156540e-16
3.452148437500000000e-01 -8.326672684688674053e-17
3.453369140625000000e-01 -1.249000902703301108e-16
3.454589843750000000e-01 4.163336342344337027e-17
3.455810546875000000e-01 -1.387778780781445676e-17
3.457031250000000000e-01 -9.714451465470119729e-17
3.458251953125000000e-01 -6.938893903907228378e-17
3.459472656250000000e-01 5.551115123125782702e-17
3.460693359375000000e-01 -6.938893903907228378e-17
3.461914062500000000e-01 -5.551115123125782702e-17
3.463134765625000000e-01 -1.387778780781445676e-16
3.464355468750000000e-01 -4.163336342344337027e-17
3.465576171875000000e-01 -2.775557561562891351e-17
3.466796875000000000e-01 4.163336342344337027e-17
3.468017578125000000e-01 0.000000000000000000e+00
3.469238281250000000e-01 4.163336342344337027e-17
3.470458984375000000e-01 -1.110223024625156540e-16
3.471679687500000000e-01 0.000000000000000000e+00
3.472900390625000000e-01 -1.526556658859590243e-16
3.474121093750000000e-01 5.551115123125782702e-17
3.475341796875000000e-01 6.938893903907228378e-17
3.476562500000000000e-01 -4.163336342344337027e-17
3.477783203125000000e-01 -6.938893903907228378e-17
3.479003906250000000e-01 -1.387778780781445676e-17
3.480224609375000000e-01 -1.387778780781445676e-16
3.481445312500000000e-01 -4.163336342344337027e-17
3.482666015625000000e-01 -2.775557561562891351e-17
3.483886718750000000e-01 -5.551115123125782702e-17
3.485107421875000000e-01 -4.163336342344337027e-17
3.486328125000000000e-01 -1.387778780781445676e-17
3.487548828125000000e-01 -5.551115123125782702e-17
3.488769531250000000e-01 -8.326672684688674053e-17
3.489990234375000000e-01 -4.163336342344337027e-17
3.491210937500000000e-01 -1.387778780781445676e-16
3.492431640625000000e-01 -9.714451465470119729e-17
3.493652343750000000e-01 1.387778780781445676e-17
3.494873046875000000e-01 -8.326672684688674053e-17
3.496093750000000000e-01 -6.938893903907228378e-17
3.497314453125000000e-01 -6.938893903907228378e-17
3.498535156250000000e-01 -1.249000902703301108e-16
3.499755859375000000e-01 -2.775557561562891351e-17
3.500976562500000000e-01 -1.202626772065660452e-16
3.502197265625000000e-01 -1.015006061028163902e-16
3.503417968750000000e-01 -5.862214553486986797e-17
3.504638671875000000e-01 -1.063413705102331807e-16
3.505859375000000000e-01 -7.374503048718747664e-17
3.507080078125000000e-01 2.454290564019051007e-17
3.508300781250000000e-01 1.711933877698168402e-17
3.509521484375000000e-01 -1.163135666159340944e-19
3.510742187500000000e-01 -1.774920629662803962e-17
3.511962890625000000e-01 -1.251469605025012189e-16
3.513183593750000000e-01 2.879732141647934046e-17
3.514404296875000000e-01 -2.518741105462644345e-17
3.515625000000000000e-01 -5.866566442338826341e-17
3.516845703125000000e-01 2.970851055177459342e-17
3.518066406250000000e-01 3.262522101677454021e-17
3.519287109375000000e-01 -2.829672687963155913e-18
3.520507812500000000e-01 1.114979079167766333e-17
3.521728515625000000e-01 -7.968569747876266118e-17
3.522949218750000000e-01 -6.456281252644505252e-17
3.524169921875000000e-01 -1.195457719098828741e-16
3.525390625000000000e-01 -1.208343879429044338e-16
3.526611328125000000e-01 -5.823914824739462045e-17
3.527832031250000000e-01 7.904119206432673397e-17
3.529052734375000000e-01 -1.591245247253542143e-16
3.530273437500000000e-01 -1.584575543460004000e-18
3.531494140625000000e-01 -1.202626772065660452e-16
3.532714843750000000e-01 -1.537532557423766988e-17
3.533935546875000000e-01 -3.580900999848410749e-17
3.535156250000000000e-01 3.740861823258396553e-18
3.536376953125000000e-01 -9.510454194151872650e-17
3.537597656250000000e-01 4.707471956092738551e-17
3.538818359375000000e-01 -1.361950756223525320e-16
3.540039062500000000e-01 -4.431784155106176826e-17
3.541259765625000000e-01 -1.591245247253542143e-16
3.542480468750000000e-01 -9.284657998989397147e-17
3.543701171875000000e-01 -1.478730582618502008e-16
3.544921875000000000e-01 -7.757293008748266407e-17
3.546142578125000000e-01 -1.079694649422115801e-16
3.547363281250000000e-01 3.285069857685622696e-18
3.548583984375000000e-01 -1.036133734940963873e-16
3.549804687500000000e-01 -4.221971205457133659e-17
3.551025390625000000e-01 -2.083266495723511685e-16
3.552246093750000000e-01 1.667818470619845712e-17
3.553466796875000000e-01 6.294388489471288841e-18
3.554687500000000000e-01 -6.454817463165549323e-17
3.555908203125000000e-01 -6.200889106438184083e-17
3.557128906250000000e-01 -1.130333941819693010e-16
3.558349609375000000e-01 -1.442773909989365622e-16
3.559570312500000000e-01 -1.269982197668205486e-16
3.560791015625000000e-01 -1.479165771503685839e-16
3.562011718750000000e-01 -7.781073281461315367e-17
3.563232421875000000e-01 -9.293361776693076234e-17
3.564453125000000000e-01 -5.885437787225141676e-17
3.565673828125000000e-01 -3.532433703918250365e-17
3.566894531250000000e-01 -6.997528767020025627e-17
3.568115234375000000e-01 -7.962754069545469414e-17
3.569335937500000000e-01 -1.072379217507388621e-16
3.570556640625000000e-01 -1.799700874308047479e-16
3.571777343750000000e-01 1.243840682469921067e-17
3.572998046875000000e-01 -7.543128170247384313e-17
3.574218750000000000e-01 3.526618025587453660e-17
3.575439453125000000e-01 -4.226323094308972586e-17
3.576660156250000000e-01 7.612280312071991738e-18
3.577880859375000000e-01 2.655399735964415703e-17
3.579101562500000000e-01 -5.986724267937301989e-17
3.580322265625000000e-01 -1.223172878145380753e-16
3.581542968750000000e-01 -5.752224295071147398e-17
3.582763671875000000e-01 -5.719740244654419350e-17
3.583984375000000000e-01 -1.249436091588485186e-16
3.585205078125000000e-01 1.103924349428692984e-16
3.586425781250000000e-01 7.474325739951950815e-17
3.587646484375000000e-01 4.650300882458899696e-17
3.588867187500000000e-01 7.893601927720870616e-18
3.590087890625000000e-01 -8.336840251871310301e-17
3.591308593750000000e-01 4.870281399290578495e-17
3.592529296875000000e-01 -7.054699840653864482e-17
3.593750000000000000e-01 -3.388796220575807870e-17
3.594970703125000000e-01 -4.082685610966530708e-17
3.596191406250000000e-01 5.395091379906222625e-17
3.597412109375000000e-01 -4.082685610966530708e-17
3.598632812500000000e-01 -1.812711324706557581e-17
3.599853515625000000e-01 -1.240935829565520476e-16
3.601074218750000000e-01 7.324053704354053658e-18
3.602294921875000000e-01 -1.172078580917879467e-16
3.603515625000000000e-01 -5.085051762267990923e-17
3.604736328125000000e-01 -1.048009509641415445e-16
3.605957031250000000e-01 1.079380153110088651e-16
3.607177734375000000e-01 -2.193723754534354924e-17
3.608398437500000000e-01 7.324053704354053658e-18
3.609619140625000000e-01 -1.414408177163201186e-16
3.610839843750000000e-01 8.712133359928718000e-17
3.612060546875000000e-01 -3.926613821986911528e-17
3.613281250000000000e-01 -1.210454835179296837e-16
3.614501953125000000e-01 -4.469931648970766043e-17
3.615722656250000000e-01 1.617167667041870442e-17
3.616943359375000000e-01 -5.316226011292607694e-17
3.618164062500000000e-01 -9.015197125405024425e-17
3.619384765625000000e-01 -6.903578492406005552e-18
3.620605468750000000e-01 -7.592433905729018196e-17
3.621826171875000000e-01 -6.355226688354441460e-17
3.623046875000000000e-01 8.148414645774036889e-18
3.624267578125000000e-01 1.971445996334232593e-17
3.625488281250000000e-01 8.789252550156402345e-17
3.626708984375000000e-01 -9.521697104970068512e-17
3.627929687500000000e-01 7.745401217685291567e-18
3.629150390625000000e-01 -1.741715559179713233e-16
3.630371093750000000e-01 3.469494997713672676e-17
3.631591796875000000e-01 -3.429097563384681786e-17
3.632812500000000000e-01 -2.390096886322847404e-17
3.634033203125000000e-01 -5.121686288028364473e-17
3.635253906250000000e-01 5.664000180611774454e-17
3.636474609375000000e-01 -1.294900930559055891e-16
3.637695312500000000e-01 2.814073541607573879e-17
3.638916015625000000e-01 -7.822874772149946600e-17
3.640136718750000000e-01 8.498259034719637803e-18
3.641357421875000000e-01 -7.091250830078288088e-17
3.642578125000000000e-01 -6.132386590129162107e-18
3.643798828125000000e-01 -6.973830297041730444e-17
3.645019531250000000e-01 1.273889788895009390e-17
3.646240234375000000e-01 -2.890363257711452883e-17
3.647460937500000000e-01 -2.659005687028399541e-17
3.648681640625000000e-01 -8.745371620437347351e-17
3.649902343750000000e-01 2.773772198798699963e-17
3.651123046875000000e-01 -6.702171383549802879e-17
3.652343750000000000e-01 1.081183474155016660e-17
3.653564453125000000e-01 -1.379713707643665044e-16
3.654785156250000000e-01 -1.966949705161927503e-17
3.656005859375000000e-01 -8.670085838733913498e-17
3.657226562500000000e-01 -3.194256497311564649e-17
3.658447265625000000e-01 -1.337215648675148004e-16
3.659667968750000000e-01 4.777404475481058886e-17
3.660888671875000000e-01 -1.001921336357229887e-16
3.662109375000000000e-01 2.330557033089251329e-18
3.663330078125000000e-01 8.868205148908337180e-17
3.664550781250000000e-01 1.372359747311914779e-16
3.665771484375000000e-01 -3.080319459665070492e-17
3.666992187500000000e-01 -7.358764907756237002e-19
3.668212890625000000e-01 -9.092316315632708770e-17
3.669433593750000000e-01 3.626300169296980223e-17
3.670654296875000000e-01 -1.036615805876766029e-16
3.671875000000000000e-01 -8.288156704643991525e-17
3.673095703125000000e-01 -7.010648144460540256e-17
3.674316406250000000e-01 9.269450936996479707e-18
3.675537109375000000e-01 -2.151589003201230517e-17
3.676757812500000000e-01 -1.696207495932124566e-17
3.677978515625000000e-01 -2.173656372312108977e-16
3.679199218750000000e-01 -1.156306393333336249e-16
3.680419921875000000e-01 -1.838802079959409795e-16
3.681640625000000000e-01 -1.240935829565520476e-16
3.682861328125000000e-01 -8.903093496282780760e-17
3.684082031250000000e-01 5.510678504418531011e-17
3.685302734375000000e-01 -8.787506371770471142e-17
3.686523437500000000e-01 -4.275391925706523438e-17
3.687744140625000000e-01 -1.452692760998405722e-16
3.688964843750000000e-01 -4.661505909961110673e-18
3.690185546875000000e-01 -1.225511991519983607e-16
3.691406250000000000e-01 -6.899461219600421220e-17
3.692626953125000000e-01 -9.786205706023431607e-17
3.693847656250000000e-01 -1.082920791159149869e-17
3.695068359375000000e-01 -1.530325309451678085e-16
3.696289062500000000e-01 -1.175577024807335522e-16
3.697509765625000000e-01 -1.364381540024340514e-16
3.698730468750000000e-01 -6.322075657984131397e-17
3.699951171875000000e-01 -6.937012449622919399e-17
3.701171875000000000e-01 -6.010115401683330532e-17
3.702392578125000000e-01 -5.083951736347429415e-17
3.703613281250000000e-01 6.937108541143036373e-17
3.704833984375000000e-01 -3.080319459665070492e-17
3.706054687500000000e-01 -3.583335943840050475e-17
3.707275390625000000e-01 -1.101791269782525810e-16
3.708496093750000000e-01 2.928010579254068652e-17
3.709716796875000000e-01 7.728900349027161604e-18
3.710937500000000000e-01 -3.507133457874491376e-17
3.712158203125000000e-01 -1.310324768604592760e-16
3.713378906250000000e-01 -3.894379495878726095e-17
3.714599609375000000e-01 -8.667335725947538377e-17
3.715820312500000000e-01 -2.737041581518208823e-17
3.717041015625000000e-01 -1.102341292339800834e-16
3.718261718750000000e-01 -9.270323238379674132e-18
3.719482421875000000e-01 -9.172919001250456602e-17
3.720703125000000000e-01 -1.375866914215202640e-16
3.721923828125000000e-01 -1.307128049403639357e-17
3.723144531250000000e-01 1.351925683384818980e-17
3.724365234375000000e-01 -2.848228506378328475e-17
3.725585937500000000e-01 -1.229633796227083523e-16
3.726806640625000000e-01 -1.715008019961583161e-16
3.728027343750000000e-01 -1.776810181549872398e-17
3.729248046875000000e-01 -1.237162374397426909e-16
3.730468750000000000e-01 -7.827274971802135950e-17
3.731689453125000000e-01 -1.206241360045984334e-16
3.732910156250000000e-01 1.885343085143734212e-17
3.734130859375000000e-01 -6.932612249970731283e-17
3.735351562500000000e-01 -1.206333030472196920e-16
3.736572265625000000e-01 -2.108297567553924023e-16
3.737792968750000000e-01 -2.893846753101516370e-17
3.739013671875000000e-01 -4.891245421607437302e-17
3.740234375000000000e-01 -1.360351405743453184e-16
3.741455078125000000e-01 4.356090702844388244e-17
3.742675781250000000e-01 7.248152093181712609e-17
3.743896484375000000e-01 3.357391368591427778e-17
3.745117187500000000e-01 -1.156123052480911323e-16
3.746337890625000000e-01 -2.847311802116203230e-17
3.747558593750000000e-01 2.773772198798699347e-17
3.748779296875000000e-01 -1.406604587714220288e-16
3.750000000000000000e-01 -4.943525905191957452e-17
3.751220703125000000e-01 -7.802442300800003428e-17
3.752441406250000000e-01 -7.325136355219926198e-18
3.753662109375000000e-01 -8.033637265924849945e-17
3.754882812500000000e-01 -1.065506047111205075e-16
3.756103515625000000e-01 -2.017873245594289347e-16
3.757324218750000000e-01 9.465304523149628751e-18
3.758544921875000000e-01 -5.937160638169725706e-17
3.759765625000000000e-01 -1.188818763630022819e-16
3.760986328125000000e-01 -7.960605131982585969e-18
3.762207031250000000e-01 8.425223056466124328e-17
3.763427734375000000e-01 -4.166436122907959291e-17
3.764648437500000000e-01 -6.007927220008339387e-17
3.765869140625000000e-01 -6.775464303841817069e-17
3.767089843750000000e-01 6.110425378940136648e-17
3.768310546875000000e-01 1.287079789698599503e-17
3.769531250000000000e-01 -1.481251100447345969e-16
3.770751953125000000e-01 -9.526007002175523660e-17
3.771972656250000000e-01 1.809808227054490758e-17
3.773193359375000000e-01 -8.088146943500090986e-17
3.774414062500000000e-01 -1.192997211942904820e-16
3.775634765625000000e-01 -8.855529967628894208e-17
3.776855468750000000e-01 -9.793404361868328748e-17
3.778076171875000000e-01 -1.203257067693682301e-16
3.779296875000000000e-01 -5.385097354924945617e-17
3.780517578125000000e-01 -3.189037080315730218e-17
3.781738281250000000e-01 4.071369283589372005e-18
3.782958984375000000e-01 -1.402591213492312528e-16
3.784179687500000000e-01 1.333523697213860202e-18
3.785400390625000000e-01 -1.117157116001275332e-16
3.786621093750000000e-01 9.025077161176215357e-17
3.787841796875000000e-01 5.864252513855031926e-18
3.789062500000000000e-01 -2.126316403569870627e-17
3.790283203125000000e-01 -1.509001329520377819e-16
3.791503906250000000e-01 7.502349084000139892e-18
3.792724609375000000e-01 -1.666041530107571411e-16
3.793945312500000000e-01 -6.930320611993642422e-17
3.795166015625000000e-01 -8.607543626607185150e-17
3.796386718750000000e-01 -5.785950832841666627e-17
3.797607421875000000e-01 -5.724899779417454068e-17
3.798828125000000000e-01 -8.610752093284157729e-17
3.800048828125000000e-01 -1.800624936974506097e-17
3.801269531250000000e-01 -3.874090255631828340e-17
3.802490234375000000e-01 -1.486362357289788416e-16
3.803710937500000000e-01 -9.454271210271871121e-17
3.804931640625000000e-01 -1.472968080284558795e-16
3.806152343750000000e-01 6.370910046427586997e-17
3.807373046875000000e-01 -6.146314880755642995e-17
3.808593750000000000e-01 -1.906690273122133835e-17
3.809814453125000000e-01 -1.088629506785527782e-16
3.811035156250000000e-01 4.902291644029126924e-17
3.812255859375000000e-01 -3.323457972216274629e-17
3.813476562500000000e-01 -1.358046607741816898e-16
3.814697265625000000e-01 -1.117800548498778015e-16
3.815917968750000000e-01 9.050634988681096545e-17
3.817138671875000000e-01 -1.716896562718923180e-16
3.818359375000000000e-01 -1.340879916757909941e-16
3.819580078125000000e-01 4.415885040048117888e-17
3.820800781250000000e-01 -8.676715021357410432e-18
3.822021484375000000e-01 -1.050304661749976000e-16
3.823242187500000000e-01 -5.435673400825553277e-17
3.824462890625000000e-01 -1.631243651575249018e-16
3.825683593750000000e-01 1.387469016634108180e-17
3.826904296875000000e-01 -2.254361705549478896e-16
3.828125000000000000e-01 -1.058062729399458712e-16
3.829345703125000000e-01 -1.439701894114356273e-16
3.830566406250000000e-01 8.339877130168206437e-18
3.831787109375000000e-01 -7.566345008502123521e-17
3.833007812500000000e-01 -1.640683251324407012e-16
3.834228515625000000e-01 -1.886732373097191085e-16
3.835449218750000000e-01 -7.720886833197101537e-17
3.836669921875000000e-01 -2.134132915832662207e-16
3.837890625000000000e-01 -1.986245549142347755e-16
3.839111328125000000e-01 -1.608062377871002131e-16
3.840332031250000000e-01 -7.660537536097189934e-18
3.841552734375000000e-01 -1.357866063965956030e-16
3.842773437500000000e-01 -6.835780481769933913e-17
3.843994140625000000e-01 -1.702376075543464206e-16
3.845214843750000000e-01 -1.056773261266239039e-17
3.846435546875000000e-01 -1.520124350470602214e-16
3.847656250000000000e-01 5.186116050344319094e-18
3.848876953125000000e-01 -1.086804569028122423e-16
3.850097656250000000e-01 1.030522743372354810e-16
3.851318359375000000e-01 -9.605921730056994299e-17
3.852539062500000000e-01 -1.301615214724922044e-16
3.853759765625000000e-01 -1.009688538754301053e-16
3.854980468750000000e-01 4.746890559563324524e-17
3.856201171875000000e-01 -7.918706016973314672e-17
3.857421875000000000e-01 -2.675745250795479828e-17
3.858642578125000000e-01 -9.951317604515673169e-18
3.859863281250000000e-01 2.112926994237804318e-17
3.861083984375000000e-01 -1.084488476356662795e-16
3.862304687500000000e-01 -4.242412692450437178e-17
3.863525390625000000e-01 -9.725593856169117922e-17
3.864746093750000000e-01 9.947450111976524753e-17
3.865966796875000000e-01 1.026643709547613393e-16
3.867187500000000000e-01 -6.391138677713108994e-17
3.868408203125000000e-01 -1.044563552049698310e-16
3.869628906250000000e-01 -1.227867563362992745e-16
3.870849609375000000e-01 -8.193796113097017431e-17
3.872070312500000000e-01 -1.374702643812874631e-16
3.873291015625000000e-01 -8.977284715998164238e-17
3.874511718750000000e-01 -1.121715873450794319e-17
3.875732421875000000e-01 -8.458673110963732020e-17
3.876953125000000000e-01 -4.871359470656604119e-17
3.878173828125000000e-01 1.514053129633336106e-17
3.879394531250000000e-01 -4.372297916819547122e-17
3.880615234375000000e-01 -1.073816046591211244e-16
3.881835937500000000e-01 -1.248701767981046625e-16
3.883056640625000000e-01 -4.913450920273901238e-17
3.884277343750000000e-01 1.741635462863910782e-17
3.885498046875000000e-01 -1.455125100169120572e-16
3.886718750000000000e-01 -1.404080867734349938e-18
3.887939453125000000e-01 -9.173298462015766229e-17
3.889160156250000000e-01 2.358563705054481183e-17
3.890380859375000000e-01 -2.906938459543275558e-17
3.891601562500000000e-01 -1.351041691610512146e-16
3.892822265625000000e-01 -1.687644068177410246e-16
3.894042968750000000e-01 -6.255837140068166237e-17
3.895263671875000000e-01 -4.436930764856766139e-17
3.896484375000000000e-01 -1.165994195368074683e-16
3.897705078125000000e-01 2.598784102595327084e-17
3.898925781250000000e-01 8.782456879444497165e-17
3.900146484375000000e-01 -8.216594128538866074e-18
3.901367187500000000e-01 -2.453269466693398698e-18
3.902587890625000000e-01 -1.739685772456714459e-16
3.903808593750000000e-01 1.185745137330962370e-16
3.905029296875000000e-01 -1.405187968370681246e-16
3.906250000000000000e-01 -2.650718611789450512e-17
3.907470703125000000e-01 8.716011410888052173e-18
3.908691406250000000e-01 4.519384223149015578e-17
3.909912109375000000e-01 -9.042964527033884765e-17
3.911132812500000000e-01 -7.579222449696430672e-17
3.912353515625000000e-01 -1.478949109741202311e-16
3.913574218750000000e-01 9.991830226651546574e-19
3.914794921875000000e-01 -9.525486762422597546e-17
3.916015625000000000e-01 -8.964377244902884899e-17
3.917236328125000000e-01 -1.386335533699182346e-16
3.918457031250000000e-01 6.166533616202482745e-17
3.919677734375000000e-01 -4.056778407207124063e-18
3.920898437500000000e-01 -8.651227095102864153e-18
3.922119140625000000e-01 1.893777753432318899e-17
3.923339843750000000e-01 1.980313761885060827e-17
3.924560546875000000e-01 -2.856135582602937950e-17
3.925781250000000000e-01 -1.062228767384928250e-16
3.927001953125000000e-01 -1.945128887550601624e-17
3.928222656250000000e-01 4.929472414186632385e-17
3.929443359375000000e-01 -1.906102672902592587e-17
3.930664062500000000e-01 -3.093675545589688787e-17
3.931884765625000000e-01 -5.063162652580228864e-17
3.933105468750000000e-01 5.253563339604747610e-17
3.934326171875000000e-01 -4.742162529689175114e-17
3.935546875000000000e-01 -2.864567471675998185e-17
3.936767578125000000e-01 2.175408278119890569e-17
3.937988281250000000e-01 5.292942012400557930e-17
3.939208984375000000e-01 -1.094967402833467327e-16
3.940429687500000000e-01 2.143051816593733570e-17
3.941650390625000000e-01 -5.176041798606629868e-17
3.942871093750000000e-01 1.108373627773521658e-16
3.944091796875000000e-01 3.429438144683238088e-17
3.945312500000000000e-01 -4.839427381520047237e-17
3.946533203125000000e-01 -6.538888694427953154e-17
3.947753906250000000e-01 2.428041159221374339e-17
3.948974609375000000e-01 -1.741671629502276407e-16
3.950195312500000000e-01 -7.057231455454338207e-17
3.951416015625000000e-01 -5.811763274568639317e-17
3.952636718750000000e-01 -7.784787644625600658e-17
3.953857421875000000e-01 -6.147312087979781616e-17
3.955078125000000000e-01 -5.382026559507257722e-17
3.956298828125000000e-01 -9.247559160152806091e-17
3.957519531250000000e-01 -5.496320958313063174e-17
3.958740234375000000e-01 -1.671986025975960375e-16
3.959960937500000000e-01 -4.306567732795451926e-17
3.961181640625000000e-01 -1.444859398531277549e-16
3.962402343750000000e-01 4.248546234839272222e-17
3.963623046875000000e-01 -1.543655059709919302e-16
3.964843750000000000e-01 4.832143034149343932e-17
3.966064453125000000e-01 -7.804312535948878221e-17
3.967285156250000000e-01 -4.795725541989910909e-18
3.968505859375000000e-01 -1.009077892933641627e-16
3.969726562500000000e-01 -1.560619126710442890e-16
3.970947265625000000e-01 -9.822684088305313834e-17
3.972167968750000000e-01 -3.822735050984795538e-18
3.973388671875000000e-01 -1.646188068673399324e-16
3.974609375000000000e-01 -5.094664730074134090e-17
3.975830078125000000e-01 -1.626704441533577031e-17
3.977050781250000000e-01 -1.463088046779293159e-17
3.978271484375000000e-01 -1.009483703589395301e-16
3.979492187500000000e-01 -4.999924819525089732e-17
3.980712890625000000e-01 -1.463873077506627121e-16
3.981933593750000000e-01 1.441394166379850575e-17
3.983154296875000000e-01 -1.088946675382851978e-16
3.984375000000000000e-01 -8.421873926309306320e-17
3.985595703125000000e-01 -7.912997746864735942e-17
3.986816406250000000e-01 -2.464675457467937761e-17
3.988037109375000000e-01 -9.143660886943951372e-17
3.989257812500000000e-01 -7.701503282240883166e-17
3.990478515625000000e-01 -2.045089355595874451e-16
3.991699218750000000e-01 7.398678198935937357e-17
3.992919921875000000e-01 -9.046909017871188732e-18
3.994140625000000000e-01 -9.176145913881831839e-17
3.995361328125000000e-01 -6.686249237750591104e-17
3.996582031250000000e-01 -6.937347547747953140e-17
3.997802734375000000e-01 -1.028636691392044233e-16
3.999023437500000000e-01 2.737396931128245228e-17
4.000244140625000000e-01 1.000000000000000000e+00
4.001464843750000000e-01 1.000000000000000222e+00
4.002685546875000000e-01 1.000000000000000222e+00
4.003906250000000000e-01 1.000000000000000000e+00
4.005126953125000000e-01 1.000000000000000222e+00
4.006347656250000000e-01 1.000000000000000000e+00
4.007568359375000000e-01 1.000000000000000000e+00
4.008789062500000000e-01 1.000000000000000000e+00
4.010009765625000000e-01 1.000000000000000000e+00
4.011230468750000000e-01 1.000000000000000444e+00
4.012451171875000000e-01 1.000000000000000000e+00
4.013671875000000000e-01 1.000000000000000000e+00
4.014892578125000000e-01 1.000000000000000000e+00
4.016113281250000000e-01 1.000000000000000222e+00
4.017333984375000000e-01 1.000000000000000222e+00
4.018554687500000000e-01 1.000000000000000222e+00
4.019775390625000000e-01 1.000000000000000222e+00
4.020996093750000000e-01 1.000000000000000444e+00
4.022216796875000000e-01 1.000000000000000222e+00
4.023437500000000000e-01 1.000000000000000000e+00
4.024658203125000000e-01 1.000000000000000000e+00
4.025878906250000000e-01 1.000000000000000000e+00
4.027099609375000000e-01 1.000000000000000222e+00
4.028320312500000000e-01 1.000000000000000000e+00
4.029541015625000000e-01 1.000000000000000000e+00
4.030761718750000000e-01 1.000000000000000444e+00
4.031982421875000000e-01 1.000000000000000222e+00
4.033203125000000000e-01 1.000000000000000000e+00
4.034423828125000000e-01 1.000000000000000000e+00
4.035644531250000000e-01 1.000000000000000000e+00
4.036865234375000000e-01 1.000000000000000000e+00
4.038085937500000000e-01 1.000000000000000000e+00
4.039306640625000000e-01 1.000000000000000000e+00
4.040527343750000000e-01 1.000000000000000222e+00
4.041748046875000000e-01 1.000000000000000000e+00
4.042968750000000000e-01 1.000000000000000222e+00
4.044189453125000000e-01 1.000000000000000000e+00
4.045410156250000000e-01 1.000000000000000222e+00
4.046630859375000000e-01 1.000000000000000000e+00
4.047851562500000000e-01 1.000000000000000000e+00
4.049072265625000000e-01 1.000000000000000000e+00
4.050292968750000000e-01 1.000000000000000222e+00
4.051513671875000000e-01 1.000000000000000000e+00
4.052734375000000000e-01 1.000000000000000000e+00
4.053955078125000000e-01 1.000000000000000222e+00
4.055175781250000000e-01 1.000000000000000222e+00
4.056396484375000000e-01 1.000000000000000000e+00
4.057617187500000000e-01 1.000000000000000000e+00
4.058837890625000000e-01 1.000000000000000000e+00
4.060058593750000000e-01 1.000000000000000222e+00
4.061279296875000000e-01 1.000000000000000000e+00
4.062500000000000000e-01 9.999999999999997780e-01
4.063720703125000000e-01 1.000000000000000000e+00
4.064941406250000000e-01 9.999999999999998890e-01
4.066162109375000000e-01 1.000000000000000000e+00
4.067382812500000000e-01 1.000000000000000000e+00
4.068603515625000000e-01 1.000000000000000000e+00
4.069824218750000000e-01 1.000000000000000000e+00
4.071044921875000000e-01 1.000000000000000000e+00
4.072265625000000000e-01 1.000000000000000000e+00
4.073486328125000000e-01 1.000000000000000000e+00
4.074707031250000000e-01 1.000000000000000000e+00
4.075927734375000000e-01 1.000000000000000000e+00
4.077148437500000000e-01 1.000000000000000000e+00
4.078369140625000000e-01 1.000000000000000000e+00
4.079589843750000000e-01 1.000000000000000000e+00
4.080810546875000000e-01 1.000000000000000000e+00
4.082031250000000000e-01 9.999999999999997780e-01
4.083251953125000000e-01 1.000000000000000000e+00
4.084472656250000000e-01 1.000000000000000000e+00
4.085693359375000000e-01 1.000000000000000000e+00
4.086914062500000000e-01 1.000000000000000000e+00
4.088134765625000000e-01 1.000000000000000000e+00
4.089355468750000000e-01 1.000000000000000000e+00
4.090576171875000000e-01 1.000000000000000000e+00
4.091796875000000000e-01 1.000000000000000000e+00
4.093017578125000000e-01 1.000000000000000222e+00
4.094238281250000000e-01 1.000000000000000000e+00
4.095458984375000000e-01 1.000000000000000000e+00
4.096679687500000000e-01 1.000000000000000000e+00
4.097900390625000000e-01 1.000000000000000000e+00
4.099121093750000000e-01 1.000000000000000222e+00
4.100341796875000000e-01 1.000000000000000000e+00
4.101562500000000000e-01 9.999999999999998890e-01
4.102783203125000000e-01 1.000000000000000222e+00
4.104003906250000000e-01 1.000000000000000000e+00
4.105224609375000000e-01 1.000000000000000000e+00
4.106445312500000000e-01 1.000000000000000000e+00
4.107666015625000000e-01 1.000000000000000000e+00
4.108886718750000000e-01 1.000000000000000000e+00
4.110107421875000000e-01 9.999999999999998890e-01
4.111328125000000000e-01 1.000000000000000000e+00
4.112548828125000000e-01 1.000000000000000000e+00
4.113769531250000000e-01 1.000000000000000000e+00
4.114990234375000000e-01 1.000000000000000000e+00
4.116210937500000000e-01 1.000000000000000000e+00
4.117431640625000000e-01 1.000000000000000000e+00
4.118652343750000000e-01 1.000000000000000000e+00
4.119873046875000000e-01 1.000000000000000222e+00
4.121093750000000000e-01 1.000000000000000000e+00
4.122314453125000000e-01 1.000000000000000000e+00
4.123535156250000000e-01 1.000000000000000222e+00
4.124755859375000000e-01 1.000000000000000000e+00
4.125976562500000000e-01 9.999999999999997780e-01
4.127197265625000000e-01 1.000000000000000000e+00
4.128417968750000000e-01 1.000000000000000000e+00
4.129638671875000000e-01 1.000000000000000000e+00
4.130859375000000000e-01 1.000000000000000000e+00
4.132080078125000000e-01 1.000000000000000222e+00
4.133300781250000000e-01 1.000000000000000000e+00
4.134521484375000000e-01 1.000000000000000000e+00
4.135742187500000000e-01 1.000000000000000000e+00
4.136962890625000000e-01 1.000000000000000000e+00
4.138183593750000000e-01 1.000000000000000000e+00
4.139404296875000000e-01 1.000000000000000000e+00
4.140625000000000000e-01 1.000000000000000000e+00
4.141845703125000000e-01 1.000000000000000000e+00
4.143066406250000000e-01 1.000000000000000000e+00
4.144287109375000000e-01 1.000000000000000000e+00
4.145507812500000000e-01 1.000000000000000000e+00
4.146728515625000000e-01 9.999999999999997780e-01
4.147949218750000000e-01 9.999999999999998890e-01
4.149169921875000000e-01 1.000000000000000000e+00
4.150390625000000000e-01 1.000000000000000000e+00
4.151611328125000000e-01 1.000000000000000000e+00
4.152832031250000000e-01 1.000000000000000000e+00
4.154052734375000000e-01 1.000000000000000000e+00
4.155273437500000000e-01 1.000000000000000000e+00
4.156494140625000000e-01 1.000000000000000000e+00
4.157714843750000000e-01 1.000000000000000000e+00
4.158935546875000000e-01 1.000000000000000000e+00
4.160156250000000000e-01 1.000000000000000000e+00
4.161376953125000000e-01 1.000000000000000000e+00
4.162597656250000000e-01 1.000000000000000222e+00
4.163818359375000000e-01 1.000000000000000000e+00
4.165039062500000000e-01 1.000000000000000000e+00
4.166259765625000000e-01 1.000000000000000000e+00
4.167480468750000000e-01 1.000000000000000444e+00
4.168701171875000000e-01 1.000000000000000000e+00
4.169921875000000000e-01 1.000000000000000000e+00
4.171142578125000000e-01 1.000000000000000444e+00
4.172363281250000000e-01 1.000000000000000000e+00
4.173583984375000000e-01 1.000000000000000000e+00
4.174804687500000000e-01 1.000000000000000000e+00
4.176025390625000000e-01 1.000000000000000222e+00
4.177246093750000000e-01 1.000000000000000444e+00
4.178466796875000000e-01 1.000000000000000444e+00
4.179687500000000000e-01 1.000000000000000000e+00
4.180908203125000000e-01 1.000000000000000000e+00
4.182128906250000000e-01 1.000000000000000000e+00
4.183349609375000000e-01 1.000000000000000000e+00
4.184570312500000000e-01 1.000000000000000000e+00
4.185791015625000000e-01 1.000000000000000000e+00
4.187011718750000000e-01 1.000000000000000000e+00
4.188232421875000000e-01 1.000000000000000000e+00
4.189453125000000000e-01 1.000000000000000000e+00
4.190673828125000000e-01 1.000000000000000000e+00
4.191894531250000000e-01 1.000000000000000000e+00
4.193115234375000000e-01 1.000000000000000000e+00
4.194335937500000000e-01 1.000000000000000000e+00
4.195556640625000000e-01 1.000000000000000000e+00
4.196777343750000000e-01 1.000000000000000000e+00
4.197998046875000000e-01 1.000000000000000000e+00
4.199218750000000000e-01 1.000000000000000000e+00
4.200439453125000000e-01 1.000000000000000000e+00
4.201660156250000000e-01 1.000000000000000000e+00
4.202880859375000000e-01 1.000000000000000000e+00
4.204101562500000000e-01 9.999999999999998890e-01
4.205322265625000000e-01 1.000000000000000000e+00
4.206542968750000000e-01 1.000000000000000222e+00
4.207763671875000000e-01 1.000000000000000000e+00
4.208984375000000000e-01 1.000000000000000000e+00
4.210205078125000000e-01 1.000000000000000000e+00
4.211425781250000000e-01 1.000000000000000000e+00
4.212646484375000000e-01 1.000000000000000000e+00
4.213867187500000000e-01 1.000000000000000000e+00
4.215087890625000000e-01 1.000000000000000000e+00
4.216308593750000000e-01 1.000000000000000000e+00
4.217529296875000000e-01 1.000000000000000000e+00
4.218750000000000000e-01 1.000000000000000000e+00
4.219970703125000000e-01 1.000000000000000000e+00
4.221191406250000000e-01 1.000000000000000000e+00
4.222412109375000000e-01 1.000000000000000000e+00
4.223632812500000000e-01 1.000000000000000000e+00
4.224853515625000000e-01 1.000000000000000000e+00
4.226074218750000000e-01 1.000000000000000000e+00
4.227294921875000000e-01 1.000000000000000000e+00
4.228515625000000000e-01 1.000000000000000000e+00
4.229736328125000000e-01 1.000000000000000000e+00
4.230957031250000000e-01 1.000000000000000000e+00
4.232177734375000000e-01 1.000000000000000000e+00
4.233398437500000000e-01 1.000000000000000000e+00
4.234619140625000000e-01 1.000000000000000000e+00
4.235839843750000000e-01 1.000000000000000000e+00
4.237060546875000000e-01 1.000000000000000000e+00
4.238281250000000000e-01 1.000000000000000000e+00
4.239501953125000000e-01 1.000000000000000000e+00
4.240722656250000000e-01 1.000000000000000000e+00
4.241943359375000000e-01 1.000000000000000000e+00
4.243164062500000000e-01 1.000000000000000000e+00
4.244384765625000000e-01 1.000000000000000000e+00
4.245605468750000000e-01 1.000000000000000000e+00
4.246826171875000000e-01 1.000000000000000000e+00
4.248046875000000000e-01 1.000000000000000000e+00
4.249267578125000000e-01 1.000000000000000000e+00
4.250488281250000000e-01 1.000000000000000000e+00
4.251708984375000000e-01 1.000000000000000222e+00
4.252929687500000000e-01 1.000000000000000000e+00
4.254150390625000000e-01 1.000000000000000000e+00
4.255371093750000000e-01 1.000000000000000000e+00
4.256591796875000000e-01 1.000000000000000000e+00
4.257812500000000000e-01 1.000000000000000000e+00
4.259033203125000000e-01 1.000000000000000000e+00
4.260253906250000000e-01 1.000000000000000000e+00
4.261474609375000000e-01 1.000000000000000000e+00
4.262695312500000000e-01 1.000000000000000000e+00
4.263916015625000000e-01 1.000000000000000000e+00
4.265136718750000000e-01 1.000000000000000000e+00
4.266357421875000000e-01 1.000000000000000000e+00
4.267578125000000000e-01 1.000000000000000000e+00
4.268798828125000000e-01 1.000000000000000000e+00
4.270019531250000000e-01 1.000000000000000000e+00
4.271240234375000000e-01 1.000000000000000000e+00
4.272460937500000000e-01 1.000000000000000000e+00
4.273681640625000000e-01 1.000000000000000000e+00
4.274902343750000000e-01 1.000000000000000222e+00
4.276123046875000000e-01 1.000000000000000000e+00
4.277343750000000000e-01 1.000000000000000000e+00
4.278564453125000000e-01 1.000000000000000000e+00
4.279785156250000000e-01 1.000000000000000222e+00
4.281005859375000000e-01 1.000000000000000000e+00
4.282226562500000000e-01 9.999999999999998890e-01
4.283447265625000000e-01 1.000000000000000000e+00
4.284667968750000000e-01 1.000000000000000000e+00
4.285888671875000000e-01 1.000000000000000000e+00
4.287109375000000000e-01 1.000000000000000000e+00
4.288330078125000000e-01 1.000000000000000000e+00
4.289550781250000000e-01 1.000000000000000000e+00
4.290771484375000000e-01 1.000000000000000000e+00
4.291992187500000000e-01 1.000000000000000000e+00
4.293212890625000000e-01 1.000000000000000000e+00
4.294433593750000000e-01 1.000000000000000000e+00
4.295654296875000000e-01 1.000000000000000000e+00
4.296875000000000000e-01 1.000000000000000000e+00
4.298095703125000000e-01 1.000000000000000000e+00
4.299316406250000000e-01 1.000000000000000000e+00
4.300537109375000000e-01 1.000000000000000000e+00
4.301757812500000000e-01 1.000000000000000000e+00
4.302978515625000000e-01 1.000000000000000000e+00
4.304199218750000000e-01 1.000000000000000222e+00
4.305419921875000000e-01 1.000000000000000000e+00
4.306640625000000000e-01 1.000000000000000000e+00
4.307861328125000000e-01 1.000000000000000000e+00
4.309082031250000000e-01 1.000000000000000000e+00
4.310302734375000000e-01 1.000000000000000000e+00
4.311523437500000000e-01 1.000000000000000000e+00
4.312744140625000000e-01 1.000000000000000000e+00
4.313964843750000000e-01 1.000000000000000444e+00
4.315185546875000000e-01 1.000000000000000000e+00
4.316406250000000000e-01 1.000000000000000000e+00
4.317626953125000000e-01 1.000000000000000000e+00
4.318847656250000000e-01 1.000000000000000222e+00
4.320068359375000000e-01 1.000000000000000000e+00
4.321289062500000000e-01 1.000000000000000000e+00
4.322509765625000000e-01 1.000000000000000000e+00
4.323730468750000000e-01 1.000000000000000222e+00
4.324951171875000000e-01 1.000000000000000222e+00
4.326171875000000000e-01 1.000000000000000000e+00
4.327392578125000000e-01 1.000000000000000000e+00
4.328613281250000000e-01 1.000000000000000000e+00
4.329833984375000000e-01 1.000000000000000222e+00
4.331054687500000000e-01 1.000000000000000000e+00
4.332275390625000000e-01 1.000000000000000000e+00
4.333496093750000000e-01 1.000000000000000222e+00
4.334716796875000000e-01 1.000000000000000222e+00
4.335937500000000000e-01 1.000000000000000000e+00
4.337158203125000000e-01 1.000000000000000222e+00
4.338378906250000000e-01 1.000000000000000000e+00
4.339599609375000000e-01 1.000000000000000222e+00
4.340820312500000000e-01 1.000000000000000000e+00
4.342041015625000000e-01 1.000000000000000000e+00
4.343261718750000000e-01 1.000000000000000000e+00
4.344482421875000000e-01 1.000000000000000000e+00
4.345703125000000000e-01 1.000000000000000000e+00
4.346923828125000000e-01 1.000000000000000000e+00
4.348144531250000000e-01 1.000000000000000000e+00
4.349365234375000000e-01 1.000000000000000000e+00
4.350585937500000000e-01 1.000000000000000000e+00
4.351806640625000000e-01 1.000000000000000000e+00
4.353027343750000000e-01 1.000000000000000444e+00
4.354248046875000000e-01 1.000000000000000222e+00
4.355468750000000000e-01 1.000000000000000222e+00
4.356689453125000000e-01 1.000000000000000000e+00
4.357910156250000000e-01 1.000000000000000222e+00
4.359130859375000000e-01 1.000000000000000000e+00
4.360351562500000000e-01 1.000000000000000000e+00
4.361572265625000000e-01 1.000000000000000000e+00
4.362792968750000000e-01 1.000000000000000222e+00
4.364013671875000000e-01 1.000000000000000000e+00
4.365234375000000000e-01 1.000000000000000000e+00
4.366455078125000000e-01 1.000000000000000000e+00
4.367675781250000000e-01 1.000000000000000000e+00
4.368896484375000000e-01 1.000000000000000444e+00
4.370117187500000000e-01 1.000000000000000000e+00
4.371337890625000000e-01 1.000000000000000000e+00
4.372558593750000000e-01 1.000000000000000444e+00
4.373779296875000000e-01 1.000000000000000000e+00
4.375000000000000000e-01 9.999999999999998890e-01
4.376220703125000000e-01 1.000000000000000000e+00
4.377441406250000000e-01 1.000000000000000222e+00
4.378662109375000000e-01 1.000000000000000000e+00
4.379882812500000000e-01 1.000000000000000000e+00
4.381103515625000000e-01 1.000000000000000000e+00
4.382324218750000000e-01 1.000000000000000000e+00
4.383544921875000000e-01 1.000000000000000000e+00
4.384765625000000000e-01 1.000000000000000000e+00
4.385986328125000000e-01 1.000000000000000000e+00
4.387207031250000000e-01 1.000000000000000000e+00
4.388427734375000000e-01 1.000000000000000000e+00
4.389648437500000000e-01 1.000000000000000000e+00
4.390869140625000000e-01 1.000000000000000000e+00
4.392089843750000000e-01 1.000000000000000000e+00
4.393310546875000000e-01 1.000000000000000000e+00
4.394531250000000000e-01 1.000000000000000000e+00
4.395751953125000000e-01 1.000000000000000000e+00
4.396972656250000000e-01 1.000000000000000000e+00
4.398193359375000000e-01 1.000000000000000000e+00
4.399414062500000000e-01 1.000000000000000000e+00
4.400634765625000000e-01 1.000000000000000000e+00
4.401855468750000000e-01 1.000000000000000000e+00
4.403076171875000000e-01 1.000000000000000000e+00
4.404296875000000000e-01 1.000000000000000000e+00
4.405517578125000000e-01 1.000000000000000222e+00
4.406738281250000000e-01 1.000000000000000000e+00
4.407958984375000000e-01 1.000000000000000000e+00
4.409179687500000000e-01 1.000000000000000000e+00
4.410400390625000000e-01 1.000000000000000000e+00
4.411621093750000000e-01 1.000000000000000000e+00
4.412841796875000000e-01 1.000000000000000000e+00
4.414062500000000000e-01 1.000000000000000000e+00
4.415283203125000000e-01 1.000000000000000000e+00
4.416503906250000000e-01 1.000000000000000000e+00
4.417724609375000000e-01 1.000000000000000000e+00
4.418945312500000000e-01 1.000000000000000000e+00
4.420166015625000000e-01 1.000000000000000000e+00
4.421386718750000000e-01 1.000000000000000000e+00
4.422607421875000000e-01 1.000000000000000000e+00
4.423828125000000000e-01 1.000000000000000000e+00
4.425048828125000000e-01 1.000000000000000000e+00
4.426269531250000000e-01 1.000000000000000000e+00
4.427490234375000000e-01 1.000000000000000000e+00
4.428710937500000000e-01 1.000000000000000000e+00
4.429931640625000000e-01 1.000000000000000000e+00
4.431152343750000000e-01 1.000000000000000222e+00
4.432373046875000000e-01 1.000000000000000000e+00
4.433593750000000000e-01 1.000000000000000000e+00
4.434814453125000000e-01 1.000000000000000000e+00
4.436035156250000000e-01 1.000000000000000222e+00
4.437255859375000000e-01 1.000000000000000000e+00
4.438476562500000000e-01 9.999999999999998890e-01
4.439697265625000000e-01 1.000000000000000000e+00
4.440917968750000000e-01 1.000000000000000000e+00
4.442138671875000000e-01 1.000000000000000222e+00
4.443359375000000000e-01 1.000000000000000000e+00
4.444580078125000000e-01 1.000000000000000000e+00
4.445800781250000000e-01 1.000000000000000000e+00
4.447021484375000000e-01 1.000000000000000000e+00
4.448242187500000000e-01 1.000000000000000000e+00
4.449462890625000000e-01 1.000000000000000000e+00
4.450683593750000000e-01 1.000000000000000000e+00
4.451904296875000000e-01 1.000000000000000000e+00
4.453125000000000000e-01 1.000000000000000000e+00
4.454345703125000000e-01 1.000000000000000000e+00
4.455566406250000000e-01 1.000000000000000000e+00
4.456787109375000000e-01 1.000000000000000000e+00
4.458007812500000000e-01 1.000000000000000000e+00
4.459228515625000000e-01 9.999999999999997780e-01
4.460449218750000000e-01 1.000000000000000000e+00
4.461669921875000000e-01 1.000000000000000000e+00
4.462890625000000000e-01 1.000000000000000000e+00
4.464111328125000000e-01 1.000000000000000000e+00
4.465332031250000000e-01 1.000000000000000000e+00
4.466552734375000000e-01 1.000000000000000000e+00
4.467773437500000000e-01 1.000000000000000000e+00
4.468994140625000000e-01 1.000000000000000222e+00
4.470214843750000000e-01 1.000000000000000222e+00
4.471435546875000000e-01 1.000000000000000000e+00
4.472656250000000000e-01 1.000000000000000000e+00
4.473876953125000000e-01 1.000000000000000000e+00
4.475097656250000000e-01 1.000000000000000222e+00
4.476318359375000000e-01 1.000000000000000222e+00
4.477539062500000000e-01 1.000000000000000000e+00
4.478759765625000000e-01 1.000000000000000000e+00
4.479980468750000000e-01 1.000000000000000222e+00
4.481201171875000000e-01 1.000000000000000000e+00
4.482421875000000000e-01 1.000000000000000000e+00
4.483642578125000000e-01 1.000000000000000000e+00
4.484863281250000000e-01 1.000000000000000000e+00
4.486083984375000000e-01 1.000000000000000000e+00
4.487304687500000000e-01 1.000000000000000000e+00
4.488525390625000000e-01 1.000000000000000222e+00
4.489746093750000000e-01 1.000000000000000000e+00
4.490966796875000000e-01 1.000000000000000444e+00
4.492187500000000000e-01 1.000000000000000000e+00
4.493408203125000000e-01 1.000000000000000000e+00
4.494628906250000000e-01 1.000000000000000000e+00
4.495849609375000000e-01 1.000000000000000000e+00
4.497070312500000000e-01 1.000000000000000000e+00
4.498291015625000000e-01 1.000000000000000000e+00
4.499511718750000000e-01 1.000000000000000000e+00
4.500732421875000000e-01 1.000000000000000222e+00
4.501953125000000000e-01 1.000000000000000000e+00
4.503173828125000000e-01 1.000000000000000000e+00
4.504394531250000000e-01 1.000000000000000000e+00
4.505615234375000000e-01 1.000000000000000000e+00
4.506835937500000000e-01 1.000000000000000000e+00
4.508056640625000000e-01 1.000000000000000000e+00
4.509277343750000000e-01 1.000000000000000000e+00
4.510498046875000000e-01 1.000000000000000000e+00
4.511718750000000000e-01 1.000000000000000222e+00
4.512939453125000000e-01 1.000000000000000000e+00
4.514160156250000000e-01 1.000000000000000222e+00
4.515380859375000000e-01 1.000000000000000000e+00
4.516601562500000000e-01 9.999999999999997780e-01
4.517822265625000000e-01 1.000000000000000000e+00
4.519042968750000000e-01 1.000000000000000444e+00
4.520263671875000000e-01 1.000000000000000222e+00
4.521484375000000000e-01 1.000000000000000000e+00
4.522705078125000000e-01 1.000000000000000000e+00
4.523925781250000000e-01 1.000000000000000000e+00
4.525146484375000000e-01 1.000000000000000444e+00
4.526367187500000000e-01 1.000000000000000000e+00
4.527587890625000000e-01 9.999999999999998890e-01
4.528808593750000000e-01 1.000000000000000000e+00
4.530029296875000000e-01 1.000000000000000000e+00
4.531250000000000000e-01 1.000000000000000000e+00
4.532470703125000000e-01 1.000000000000000000e+00
4.533691406250000000e-01 1.000000000000000000e+00
4.534912109375000000e-01 1.000000000000000000e+00
4.536132812500000000e-01 1.000000000000000000e+00
4.537353515625000000e-01 1.000000000000000000e+00
4.538574218750000000e-01 1.000000000000000000e+00
4.539794921875000000e-01 1.000000000000000000e+00
4.541015625000000000e-01 1.000000000000000000e+00
4.542236328125000000e-01 1.000000000000000444e+00
4.543457031250000000e-01 1.000000000000000000e+00
4.544677734375000000e-01 1.000000000000000000e+00
4.545898437500000000e-01 1.000000000000000000e+00
4.547119140625000000e-01 1.000000000000000000e+00
4.548339843750000000e-01 1.000000000000000222e+00
4.549560546875000000e-01 1.000000000000000000e+00
4.550781250000000000e-01 1.000000000000000000e+00
4.552001953125000000e-01 1.000000000000000000e+00
4.553222656250000000e-01 1.000000000000000222e+00
4.554443359375000000e-01 1.000000000000000000e+00
4.555664062500000000e-01 1.000000000000000000e+00
4.556884765625000000e-01 1.000000000000000000e+00
4.558105468750000000e-01 1.000000000000000000e+00
4.559326171875000000e-01 1.000000000000000000e+00
4.560546875000000000e-01 1.000000000000000000e+00
4.561767578125000000e-01 1.000000000000000000e+00
4.562988281250000000e-01 1.000000000000000000e+00
4.564208984375000000e-01 1.000000000000000000e+00
4.565429687500000000e-01 1.000000000000000000e+00
4.566650390625000000e-01 1.000000000000000000e+00
4.567871093750000000e-01 1.000000000000000222e+00
4.569091796875000000e-01 1.000000000000000000e+00
4.570312500000000000e-01 1.000000000000000000e+00
4.571533203125000000e-01 1.000000000000000000e+00
4.572753906250000000e-01 1.000000000000000000e+00
4.573974609375000000e-01 1.000000000000000000e+00
4.575195312500000000e-01 1.000000000000000000e+00
4.576416015625000000e-01 1.000000000000000000e+00
4.577636718750000000e-01 1.000000000000000000e+00
4.578857421875000000e-01 1.000000000000000000e+00
4.580078125000000000e-01 1.000000000000000000e+00
4.581298828125000000e-01 1.000000000000000000e+00
4.582519531250000000e-01 1.000000000000000000e+00
4.583740234375000000e-01 1.000000000000000000e+00
4.584960937500000000e-01 1.000000000000000000e+00
4.586181640625000000e-01 1.000000000000000222e+00
4.587402343750000000e-01 1.000000000000000000e+00
4.588623046875000000e-01 1.000000000000000000e+00
4.589843750000000000e-01 1.000000000000000000e+00
4.591064453125000000e-01 1.000000000000000000e+00
4.592285156250000000e-01 1.000000000000000222e+00
4.593505859375000000e-01 1.000000000000000000e+00
4.594726562500000000e-01 9.999999999999997780e-01
4.595947265625000000e-01 1.000000000000000000e+00
4.597167968750000000e-01 1.000000000000000222e+00
4.598388671875000000e-01 1.000000000000000000e+00
4.599609375000000000e-01 1.000000000000000000e+00
4.600830078125000000e-01 1.000000000000000000e+00
4.602050781250000000e-01 1.000000000000000000e+00
4.603271484375000000e-01 1.000000000000000000e+00
4.604492187500000000e-01 9.999999999999998890e-01
4.605712890625000000e-01 1.000000000000000000e+00
4.606933593750000000e-01 1.000000000000000000e+00
4.608154296875000000e-01 1.000000000000000000e+00
4.609375000000000000e-01 1.000000000000000000e+00
4.610595703125000000e-01 1.000000000000000000e+00
4.611816406250000000e-01 1.000000000000000000e+00
4.613037109375000000e-01 1.000000000000000000e+00
4.614257812500000000e-01 1.000000000000000000e+00
4.615478515625000000e-01 1.000000000000000000e+00
4.616699218750000000e-01 1.000000000000000222e+00
4.617919921875000000e-01 1.000000000000000222e+00
4.619140625000000000e-01 1.000000000000000000e+00
4.620361328125000000e-01 1.000000000000000000e+00
4.621582031250000000e-01 1.000000000000000000e+00
4.622802734375000000e-01 1.000000000000000000e+00
4.624023437500000000e-01 1.000000000000000000e+00
4.625244140625000000e-01 1.000000000000000000e+00
4.626464843750000000e-01 1.000000000000000444e+00
4.627685546875000000e-01 1.000000000000000000e+00
4.628906250000000000e-01 1.000000000000000000e+00
4.630126953125000000e-01 1.000000000000000000e+00
4.631347656250000000e-01 1.000000000000000444e+00
4.632568359375000000e-01 1.000000000000000000e+00
4.633789062500000000e-01 1.000000000000000000e+00
4.635009765625000000e-01 1.000000000000000000e+00
4.636230468750000000e-01 1.000000000000000222e+00
4.637451171875000000e-01 1.000000000000000222e+00
4.638671875000000000e-01 1.000000000000000000e+00
4.639892578125000000e-01 1.000000000000000000e+00
4.641113281250000000e-01 1.000000000000000222e+00
4.642333984375000000e-01 1.000000000000000444e+00
4.643554687500000000e-01 1.000000000000000000e+00
4.644775390625000000e-01 1.000000000000000444e+00
4.645996093750000000e-01 1.000000000000000222e+00
4.647216796875000000e-01 1.000000000000000222e+00
4.648437500000000000e-01 9.999999999999998890e-01
4.649658203125000000e-01 1.000000000000000222e+00
4.650878906250000000e-01 1.000000000000000000e+00
4.652099609375000000e-01 1.000000000000000000e+00
4.653320312500000000e-01 1.000000000000000000e+00
4.654541015625000000e-01 1.000000000000000000e+00
4.655761718750000000e-01 1.000000000000000444e+00
4.656982421875000000e-01 1.000000000000000000e+00
4.658203125000000000e-01 1.000000000000000000e+00
4.659423828125000000e-01 1.000000000000000000e+00
4.660644531250000000e-01 1.000000000000000000e+00
4.661865234375000000e-01 1.000000000000000222e+00
4.663085937500000000e-01 1.000000000000000000e+00
4.664306640625000000e-01 1.000000000000000000e+00
4.665527343750000000e-01 1.000000000000000222e+00
4.666748046875000000e-01 1.000000000000000000e+00
4.667968750000000000e-01 1.000000000000000000e+00
4.669189453125000000e-01 1.000000000000000000e+00
4.670410156250000000e-01 1.000000000000000444e+00
4.671630859375000000e-01 1.000000000000000000e+00
4.672851562500000000e-01 9.999999999999998890e-01
4.674072265625000000e-01 1.000000000000000000e+00
4.675292968750000000e-01 1.000000000000000222e+00
4.676513671875000000e-01 1.000000000000000222e+00
4.677734375000000000e-01 9.999999999999998890e-01
4.678955078125000000e-01 1.000000000000000000e+00
4.680175781250000000e-01 1.000000000000000000e+00
4.681396484375000000e-01 1.000000000000000000e+00
4.682617187500000000e-01 1.000000000000000000e+00
4.683837890625000000e-01 1.000000000000000000e+00
4.685058593750000000e-01 1.000000000000000000e+00
4.686279296875000000e-01 1.000000000000000000e+00
4.687500000000000000e-01 9.999999999999998890e-01
4.688720703125000000e-01 9.999999999999998890e-01
4.689941406250000000e-01 1.000000000000000000e+00
4.691162109375000000e-01 9.999999999999998890e-01
4.692382812500000000e-01 1.000000000000000000e+00
4.693603515625000000e-01 1.000000000000000000e+00
4.694824218750000000e-01 1.000000000000000000e+00
4.696044921875000000e-01 1.000000000000000000e+00
4.697265625000000000e-01 9.999999999999998890e-01
4.698486328125000000e-01 1.000000000000000000e+00
4.699707031250000000e-01 1.000000000000000000e+00
4.700927734375000000e-01 1.000000000000000000e+00
4.702148437500000000e-01 1.000000000000000000e+00
4.703369140625000000e-01 1.000000000000000000e+00
4.704589843750000000e-01 1.000000000000000000e+00
4.705810546875000000e-01 1.000000000000000000e+00
4.707031250000000000e-01 9.999999999999998890e-01
4.708251953125000000e-01 1.000000000000000000e+00
4.709472656250000000e-01 1.000000000000000000e+00
4.710693359375000000e-01 1.000000000000000000e+00
4.711914062500000000e-01 1.000000000000000000e+00
4.713134765625000000e-01 1.000000000000000000e+00
4.714355468750000000e-01 1.000000000000000000e+00
4.715576171875000000e-01 1.000000000000000000e+00
4.716796875000000000e-01 9.999999999999998890e-01
4.718017578125000000e-01 1.000000000000000000e+00
4.719238281250000000e-01 1.000000000000000000e+00
4.720458984375000000e-01 1.000000000000000000e+00
4.721679687500000000e-01 9.999999999999998890e-01
4.722900390625000000e-01 1.000000000000000000e+00
4.724121093750000000e-01 1.000000000000000000e+00
4.725341796875000000e-01 1.000000000000000000e+00
4.726562500000000000e-01 1.000000000000000000e+00
4.727783203125000000e-01 1.000000000000000000e+00
4.729003906250000000e-01 1.000000000000000000e+00
4.730224609375000000e-01 1.000000000000000000e+00
4.731445312500000000e-01 1.000000000000000000e+00
4.732666015625000000e-01 1.000000000000000000e+00
4.733886718750000000e-01 1.000000000000000000e+00
4.735107421875000000e-01 1.000000000000000000e+00
4.736328125000000000e-01 9.999999999999998890e-01
4.737548828125000000e-01 1.000000000000000000e+00
4.738769531250000000e-01 9.999999999999998890e-01
4.739990234375000000e-01 1.000000000000000000e+00
4.741210937500000000e-01 1.000000000000000000e+00
4.742431640625000000e-01 1.000000000000000000e+00
4.743652343750000000e-01 1.000000000000000000e+00
4.744873046875000000e-01 1.000000000000000000e+00
4.746093750000000000e-01 9.999999999999998890e-01
4.747314453125000000e-01 1.000000000000000000e+00
4.748535156250000000e-01 1.000000000000000222e+00
4.749755859375000000e-01 1.000000000000000000e+00
4.750976562500000000e-01 9.999999999999998890e-01
4.752197265625000000e-01 1.000000000000000000e+00
4.753417968750000000e-01 1.000000000000000000e+00
4.754638671875000000e-01 1.000000000000000000e+00
4.755859375000000000e-01 1.000000000000000000e+00
4.757080078125000000e-01 1.000000000000000000e+00
4.758300781250000000e-01 1.000000000000000000e+00
4.759521484375000000e-01 1.000000000000000000e+00
4.760742187500000000e-01 9.999999999999998890e-01
4.761962890625000000e-01 1.000000000000000000e+00
4.763183593750000000e-01 1.000000000000000000e+00
4.764404296875000000e-01 1.000000000000000000e+00
4.765625000000000000e-01 1.000000000000000000e+00
4.766845703125000000e-01 1.000000000000000000e+00
4.768066406250000000e-01 1.000000000000000000e+00
4.769287109375000000e-01 1.000000000000000000e+00
4.770507812500000000e-01 1.000000000000000000e+00
4.771728515625000000e-01 9.999999999999997780e-01
4.772949218750000000e-01 1.000000000000000000e+00
4.774169921875000000e-01 1.000000000000000000e+00
4.775390625000000000e-01 1.000000000000000000e+00
4.776611328125000000e-01 1.000000000000000000e+00
4.777832031250000000e-01 9.999999999999998890e-01
4.779052734375000000e-01 1.000000000000000000e+00
4.780273437500000000e-01 1.000000000000000000e+00
4.781494140625000000e-01 1.000000000000000000e+00
4.782714843750000000e-01 1.000000000000000000e+00
4.783935546875000000e-01 1.000000000000000000e+00
4.785156250000000000e-01 1.000000000000000000e+00
4.786376953125000000e-01 1.000000000000000000e+00
4.787597656250000000e-01 1.000000000000000444e+00
4.788818359375000000e-01 1.000000000000000222e+00
4.790039062500000000e-01 1.000000000000000000e+00
4.791259765625000000e-01 1.000000000000000000e+00
4.792480468750000000e-01 1.000000000000000000e+00
4.793701171875000000e-01 1.000000000000000000e+00
4.794921875000000000e-01 1.000000000000000000e+00
4.796142578125000000e-01 1.000000000000000000e+00
4.797363281250000000e-01 1.000000000000000000e+00
4.798583984375000000e-01 1.000000000000000000e+00
4.799804687500000000e-01 1.000000000000000000e+00
4.801025390625000000e-01 1.000000000000000000e+00
4.802246093750000000e-01 1.000000000000000222e+00
4.803466796875000000e-01 1.000000000000000000e+00
4.804687500000000000e-01 1.000000000000000000e+00
4.805908203125000000e-01 1.000000000000000000e+00
4.807128906250000000e-01 1.000000000000000222e+00
4.808349609375000000e-01 1.000000000000000000e+00
4.809570312500000000e-01 1.000000000000000000e+00
4.810791015625000000e-01 1.000000000000000000e+00
4.812011718750000000e-01 1.000000000000000000e+00
4.813232421875000000e-01 1.000000000000000000e+00
4.814453125000000000e-01 1.000000000000000000e+00
4.815673828125000000e-01 1.000000000000000000e+00
4.816894531250000000e-01 1.000000000000000000e+00
4.818115234375000000e-01 1.000000000000000000e+00
4.819335937500000000e-01 1.000000000000000000e+00
4.820556640625000000e-01 1.000000000000000222e+00
4.821777343750000000e-01 1.000000000000000000e+00
4.822998046875000000e-01 1.000000000000000000e+00
4.824218750000000000e-01 1.000000000000000000e+00
4.825439453125000000e-01 1.000000000000000000e+00
4.826660156250000000e-01 1.000000000000000444e+00
4.827880859375000000e-01 1.000000000000000000e+00
4.829101562500000000e-01 9.999999999999997780e-01
4.830322265625000000e-01 1.000000000000000000e+00
4.831542968750000000e-01 1.000000000000000000e+00
4.832763671875000000e-01 1.000000000000000000e+00
4.833984375000000000e-01 1.000000000000000000e+00
4.835205078125000000e-01 1.000000000000000000e+00
4.836425781250000000e-01 1.000000000000000000e+00
4.837646484375000000e-01 1.000000000000000000e+00
4.838867187500000000e-01 1.000000000000000000e+00
4.840087890625000000e-01 1.000000000000000000e+00
4.841308593750000000e-01 1.000000000000000000e+00
4.842529296875000000e-01 1.000000000000000000e+00
4.843750000000000000e-01 1.000000000000000000e+00
4.844970703125000000e-01 1.000000000000000000e+00
4.846191406250000000e-01 1.000000000000000000e+00
4.847412109375000000e-01 1.000000000000000444e+00
4.848632812500000000e-01 1.000000000000000000e+00
4.849853515625000000e-01 1.000000000000000000e+00
4.851074218750000000e-01 1.000000000000000000e+00
4.852294921875000000e-01 1.000000000000000000e+00
4.853515625000000000e-01 1.000000000000000000e+00
4.854736328125000000e-01 1.000000000000000000e+00
4.855957031250000000e-01 1.000000000000000000e+00
4.857177734375000000e-01 1.000000000000000000e+00
4.858398437500000000e-01 1.000000000000000000e+00
4.859619140625000000e-01 1.000000000000000000e+00
4.860839843750000000e-01 1.000000000000000000e+00
4.862060546875000000e-01 1.000000000000000000e+00
4.863281250000000000e-01 1.000000000000000000e+00
4.864501953125000000e-01 1.000000000000000000e+00
4.865722656250000000e-01 1.000000000000000000e+00
4.866943359375000000e-01 1.000000000000000000e+00
4.868164062500000000e-01 9.999999999999998890e-01
4.869384765625000000e-01 1.000000000000000000e+00
4.870605468750000000e-01 1.000000000000000000e+00
4.871826171875000000e-01 1.000000000000000000e+00
4.873046875000000000e-01 1.000000000000000000e+00
4.874267578125000000e-01 1.000000000000000000e+00
4.875488281250000000e-01 1.000000000000000000e+00
4.876708984375000000e-01 1.000000000000000444e+00
4.877929687500000000e-01 1.000000000000000000e+00
4.879150390625000000e-01 1.000000000000000000e+00
4.880371093750000000e-01 1.000000000000000000e+00
4.881591796875000000e-01 1.000000000000000000e+00
4.882812500000000000e-01 1.000000000000000000e+00
4.884033203125000000e-01 1.000000000000000000e+00
4.885253906250000000e-01 1.000000000000000000e+00
4.886474609375000000e-01 1.000000000000000000e+00
4.887695312500000000e-01 1.000000000000000000e+00
4.888916015625000000e-01 1.000000000000000000e+00
4.890136718750000000e-01 1.000000000000000000e+00
4.891357421875000000e-01 1.000000000000000000e+00
4.892578125000000000e-01 1.000000000000000000e+00
4.893798828125000000e-01 1.000000000000000000e+00
4.895019531250000000e-01 1.000000000000000000e+00
4.896240234375000000e-01 1.000000000000000000e+00
4.897460937500000000e-01 1.000000000000000000e+00
4.898681640625000000e-01 1.000000000000000222e+00
4.899902343750000000e-01 1.000000000000000000e+00
4.901123046875000000e-01 1.000000000000000000e+00
4.902343750000000000e-01 1.000000000000000000e+00
4.903564453125000000e-01 1.000000000000000000e+00
4.904785156250000000e-01 1.000000000000000444e+00
4.906005859375000000e-01 1.000000000000000000e+00
4.907226562500000000e-01 9.999999999999997780e-01
4.908447265625000000e-01 1.000000000000000000e+00
4.909667968750000000e-01 1.000000000000000000e+00
4.910888671875000000e-01 1.000000000000000000e+00
4.912109375000000000e-01 1.000000000000000000e+00
4.913330078125000000e-01 1.000000000000000000e+00
4.914550781250000000e-01 1.000000000000000000e+00
4.915771484375000000e-01 1.000000000000000444e+00
4.916992187500000000e-01 1.000000000000000000e+00
4.918212890625000000e-01 1.000000000000000222e+00
4.919433593750000000e-01 1.000000000000000000e+00
4.920654296875000000e-01 1.000000000000000000e+00
4.921875000000000000e-01 1.000000000000000000e+00
4.923095703125000000e-01 1.000000000000000000e+00
4.924316406250000000e-01 1.000000000000000000e+00
4.925537109375000000e-01 1.000000000000000000e+00
4.926757812500000000e-01 1.000000000000000000e+00
4.927978515625000000e-01 9.999999999999998890e-01
4.929199218750000000e-01 1.000000000000000000e+00
4.930419921875000000e-01 1.000000000000000000e+00
4.931640625000000000e-01 1.000000000000000000e+00
4.932861328125000000e-01 1.000000000000000000e+00
4.934082031250000000e-01 1.000000000000000000e+00
4.935302734375000000e-01 1.000000000000000000e+00
4.936523437500000000e-01 1.000000000000000000e+00
4.937744140625000000e-01 1.000000000000000000e+00
4.938964843750000000e-01 1.000000000000000000e+00
4.940185546875000000e-01 1.000000000000000000e+00
4.941406250000000000e-01 1.000000000000000000e+00
4.942626953125000000e-01 1.000000000000000000e+00
4.943847656250000000e-01 1.000000000000000444e+00
4.945068359375000000e-01 1.000000000000000444e+00
4.946289062500000000e-01 1.000000000000000000e+00
4.947509765625000000e-01 1.000000000000000000e+00
4.948730468750000000e-01 1.000000000000000000e+00
4.949951171875000000e-01 1.000000000000000000e+00
4.951171875000000000e-01 1.000000000000000222e+00
4.952392578125000000e-01 1.000000000000000000e+00
4.953613281250000000e-01 1.000000000000000000e+00
4.954833984375000000e-01 1.000000000000000222e+00
4.956054687500000000e-01 1.000000000000000000e+00
4.957275390625000000e-01 1.000000000000000000e+00
4.958496093750000000e-01 1.000000000000000222e+00
4.959716796875000000e-01 1.000000000000000000e+00
4.960937500000000000e-01 1.000000000000000000e+00
4.962158203125000000e-01 1.000000000000000222e+00
4.963378906250000000e-01 1.000000000000000000e+00
4.964599609375000000e-01 1.000000000000000000e+00
4.965820312500000000e-01 1.000000000000000000e+00
4.967041015625000000e-01 1.000000000000000000e+00
4.968261718750000000e-01 1.000000000000000000e+00
4.969482421875000000e-01 1.000000000000000000e+00
4.970703125000000000e-01 1.000000000000000000e+00
4.971923828125000000e-01 1.000000000000000222e+00
4.973144531250000000e-01 1.000000000000000000e+00
4.974365234375000000e-01 1.000000000000000000e+00
4.975585937500000000e-01 1.000000000000000000e+00
4.976806640625000000e-01 1.000000000000000000e+00
4.978027343750000000e-01 1.000000000000000000e+00
4.979248046875000000e-01 1.000000000000000000e+00
4.980468750000000000e-01 1.000000000000000000e+00
4.981689453125000000e-01 1.000000000000000222e+00
4.982910156250000000e-01 1.000000000000000444e+00
4.984130859375000000e-01 1.000000000000000000e+00
4.985351562500000000e-01 1.000000000000000000e+00
4.986572265625000000e-01 1.000000000000000000e+00
4.987792968750000000e-01 1.000000000000000000e+00
4.989013671875000000e-01 1.000000000000000222e+00
4.990234375000000000e-01 1.000000000000000000e+00
4.991455078125000000e-01 1.000000000000000000e+00
4.992675781250000000e-01 1.000000000000000000e+00
4.993896484375000000e-01 1.000000000000000222e+00
4.995117187500000000e-01 1.000000000000000000e+00
4.996337890625000000e-01 1.000000000000000000e+00
4.997558593750000000e-01 1.000000000000000000e+00
4.998779296875000000e-01 1.000000000000000000e+00
5.000000000000000000e-01 1.000000000000000000e+00
5.001220703125000000e-01 9.999999999999998890e-01
5.002441406250000000e-01 1.000000000000000000e+00
5.003662109375000000e-01 9.999999999999998890e-01
5.004882812500000000e-01 9.999999999999998890e-01
5.006103515625000000e-01 9.999999999999997780e-01
5.007324218750000000e-01 9.999999999999998890e-01
5.008544921875000000e-01 9.999999999999997780e-01
5.009765625000000000e-01 9.999999999999997780e-01
5.010986328125000000e-01 1.000000000000000000e+00
5.012207031250000000e-01 1.000000000000000000e+00
5.013427734375000000e-01 9.999999999999998890e-01
5.014648437500000000e-01 9.999999999999998890e-01
5.015869140625000000e-01 1.000000000000000000e+00
5.017089843750000000e-01 9.999999999999998890e-01
5.018310546875000000e-01 9.999999999999997780e-01
5.019531250000000000e-01 9.999999999999998890e-01
5.020751953125000000e-01 9.999999999999998890e-01
5.021972656250000000e-01 1.000000000000000000e+00
5.023193359375000000e-01 9.999999999999998890e-01
5.024414062500000000e-01 9.999999999999997780e-01
5.025634765625000000e-01 9.999999999999997780e-01
5.026855468750000000e-01 1.000000000000000000e+00
5.028076171875000000e-01 1.000000000000000000e+00
5.029296875000000000e-01 9.999999999999998890e-01
5.030517578125000000e-01 1.000000000000000000e+00
5.031738281250000000e-01 9.999999999999998890e-01
5.032958984375000000e-01 1.000000000000000222e+00
5.034179687500000000e-01 9.999999999999997780e-01
5.035400390625000000e-01 9.999999999999998890e-01
5.036621093750000000e-01 1.000000000000000000e+00
5.037841796875000000e-01 9.999999999999998890e-01
5.039062500000000000e-01 9.999999999999998890e-01
5.040283203125000000e-01 9.999999999999998890e-01
5.041503906250000000e-01 9.999999999999998890e-01
5.042724609375000000e-01 1.000000000000000000e+00
5.043945312500000000e-01 9.999999999999997780e-01
5.045166015625000000e-01 9.999999999999997780e-01
5.046386718750000000e-01 9.999999999999998890e-01
5.047607421875000000e-01 9.999999999999998890e-01
5.048828125000000000e-01 9.999999999999997780e-01
5.050048828125000000e-01 1.000000000000000000e+00
5.051269531250000000e-01 9.999999999999998890e-01
5.052490234375000000e-01 9.999999999999998890e-01
5.053710937500000000e-01 9.999999999999997780e-01
5.054931640625000000e-01 1.000000000000000000e+00
5.056152343750000000e-01 1.000000000000000000e+00
5.057373046875000000e-01 1.000000000000000000e+00
5.058593750000000000e-01 1.000000000000000000e+00
5.059814453125000000e-01 9.999999999999998890e-01
5.061035156250000000e-01 1.000000000000000222e+00
5.062255859375000000e-01 9.999999999999998890e-01
5.063476562500000000e-01 9.999999999999997780e-01
5.064697265625000000e-01 9.999999999999998890e-01
5.065917968750000000e-01 9.999999999999998890e-01
5.067138671875000000e-01 1.000000000000000000e+00
5.068359375000000000e-01 9.999999999999997780e-01
5.069580078125000000e-01 1.000000000000000000e+00
5.070800781250000000e-01 9.999999999999997780e-01
5.072021484375000000e-01 1.000000000000000000e+00
5.073242187500000000e-01 9.999999999999998890e-01
5.074462890625000000e-01 9.999999999999997780e-01
5.075683593750000000e-01 1.000000000000000000e+00
5.076904296875000000e-01 1.000000000000000000e+00
5.078125000000000000e-01 1.000000000000000000e+00
5.079345703125000000e-01 9.999999999999997780e-01
5.080566406250000000e-01 1.000000000000000000e+00
5.081787109375000000e-01 1.000000000000000000e+00
5.083007812500000000e-01 1.000000000000000000e+00
5.084228515625000000e-01 9.999999999999996669e-01
5.085449218750000000e-01 9.999999999999998890e-01
5.086669921875000000e-01 1.000000000000000000e+00
5.087890625000000000e-01 9.999999999999998890e-01
5.089111328125000000e-01 1.000000000000000000e+00
5.090332031250000000e-01 1.000000000000000000e+00
5.091552734375000000e-01 1.000000000000000000e+00
5.092773437500000000e-01 1.000000000000000000e+00
5.093994140625000000e-01 1.000000000000000000e+00
5.095214843750000000e-01 1.000000000000000000e+00
5.096435546875000000e-01 9.999999999999998890e-01
5.097656250000000000e-01 9.999999999999998890e-01
5.098876953125000000e-01 1.000000000000000000e+00
5.100097656250000000e-01 1.000000000000000222e+00
5.101318359375000000e-01 1.000000000000000222e+00
5.102539062500000000e-01 9.999999999999997780e-01
5.103759765625000000e-01 1.000000000000000000e+00
5.104980468750000000e-01 1.000000000000000000e+00
5.106201171875000000e-01 1.000000000000000000e+00
5.107421875000000000e-01 1.000000000000000000e+00
5.108642578125000000e-01 1.000000000000000000e+00
5.109863281250000000e-01 1.000000000000000000e+00
5.111083984375000000e-01 1.000000000000000222e+00
5.112304687500000000e-01 9.999999999999998890e-01
5.113525390625000000e-01 1.000000000000000222e+00
5.114746093750000000e-01 1.000000000000000000e+00
5.115966796875000000e-01 1.000000000000000000e+00
5.117187500000000000e-01 9.999999999999997780e-01
5.118408203125000000e-01 9.999999999999997780e-01
5.119628906250000000e-01 1.000000000000000000e+00
5.120849609375000000e-01 1.000000000000000000e+00
5.122070312500000000e-01 9.999999999999997780e-01
5.123291015625000000e-01 1.000000000000000000e+00
5.124511718750000000e-01 1.000000000000000000e+00
5.125732421875000000e-01 1.000000000000000000e+00
5.126953125000000000e-01 1.000000000000000000e+00
5.128173828125000000e-01 1.000000000000000000e+00
5.129394531250000000e-01 1.000000000000000000e+00
5.130615234375000000e-01 1.000000000000000000e+00
5.131835937500000000e-01 1.000000000000000000e+00
5.133056640625000000e-01 1.000000000000000222e+00
5.134277343750000000e-01 1.000000000000000000e+00
5.135498046875000000e-01 1.000000000000000000e+00
5.136718750000000000e-01 1.000000000000000000e+00
5.137939453125000000e-01 1.000000000000000000e+00
5.139160156250000000e-01 1.000000000000000222e+00
5.140380859375000000e-01 1.000000000000000000e+00
5.141601562500000000e-01 9.999999999999997780e-01
5.142822265625000000e-01 9.999999999999998890e-01
5.144042968750000000e-01 1.000000000000000000e+00
5.145263671875000000e-01 1.000000000000000000e+00
5.146484375000000000e-01 1.000000000000000000e+00
5.147705078125000000e-01 1.000000000000000000e+00
5.148925781250000000e-01 1.000000000000000000e+00
5.150146484375000000e-01 1.000000000000000222e+00
5.151367187500000000e-01 1.000000000000000000e+00
5.152587890625000000e-01 9.999999999999997780e-01
5.153808593750000000e-01 1.000000000000000000e+00
5.155029296875000000e-01 1.000000000000000000e+00
5.156250000000000000e-01 1.000000000000000000e+00
5.157470703125000000e-01 9.999999999999998890e-01
5.158691406250000000e-01 1.000000000000000000e+00
5.159912109375000000e-01 1.000000000000000222e+00
5.161132812500000000e-01 1.000000000000000000e+00
5.162353515625000000e-01 1.000000000000000000e+00
5.163574218750000000e-01 1.000000000000000000e+00
5.164794921875000000e-01 1.000000000000000000e+00
5.166015625000000000e-01 9.999999999999998890e-01
5.167236328125000000e-01 1.000000000000000222e+00
5.168457031250000000e-01 1.000000000000000000e+00
5.169677734375000000e-01 1.000000000000000000e+00
5.170898437500000000e-01 1.000000000000000000e+00
5.172119140625000000e-01 1.000000000000000000e+00
5.173339843750000000e-01 1.000000000000000000e+00
5.174560546875000000e-01 1.000000000000000000e+00
5.175781250000000000e-01 9.999999999999998890e-01
5.177001953125000000e-01 1.000000000000000000e+00
5.178222656250000000e-01 1.000000000000000222e+00
5.179443359375000000e-01 1.000000000000000000e+00
5.180664062500000000e-01 9.999999999999997780e-01
5.181884765625000000e-01 1.000000000000000000e+00
5.183105468750000000e-01 1.000000000000000000e+00
5.184326171875000000e-01 1.000000000000000000e+00
5.185546875000000000e-01 9.999999999999998890e-01
5.186767578125000000e-01 1.000000000000000222e+00
5.187988281250000000e-01 1.000000000000000000e+00
5.189208984375000000e-01 1.000000000000000222e+00
5.190429687500000000e-01 9.999999999999998890e-01
5.191650390625000000e-01 1.000000000000000222e+00
5.192871093750000000e-01 1.000000000000000222e+00
5.194091796875000000e-01 1.000000000000000000e+00
5.195312500000000000e-01 1.000000000000000000e+00
5.196533203125000000e-01 1.000000000000000222e+00
5.197753906250000000e-01 1.000000000000000000e+00
5.198974609375000000e-01 1.000000000000000000e+00
5.200195312500000000e-01 1.000000000000000000e+00
5.201416015625000000e-01 9.999999999999998890e-01
5.202636718750000000e-01 9.999999999999998890e-01
5.203857421875000000e-01 1.000000000000000000e+00
5.205078125000000000e-01 1.000000000000000000e+00
5.206298828125000000e-01 1.000000000000000000e+00
5.207519531250000000e-01 9.999999999999998890e-01
5.208740234375000000e-01 1.000000000000000222e+00
5.209960937500000000e-01 1.000000000000000000e+00
5.211181640625000000e-01 1.000000000000000000e+00
5.212402343750000000e-01 1.000000000000000222e+00
5.213623046875000000e-01 1.000000000000000000e+00
5.214843750000000000e-01 1.000000000000000000e+00
5.216064453125000000e-01 1.000000000000000000e+00
5.217285156250000000e-01 1.000000000000000000e+00
5.218505859375000000e-01 1.000000000000000222e+00
5.219726562500000000e-01 9.999999999999998890e-01
5.220947265625000000e-01 9.999999999999997780e-01
5.222167968750000000e-01 1.000000000000000000e+00
5.223388671875000000e-01 1.000000000000000000e+00
5.224609375000000000e-01 9.999999999999997780e-01
5.225830078125000000e-01 1.000000000000000000e+00
5.227050781250000000e-01 1.000000000000000000e+00
5.228271484375000000e-01 1.000000000000000222e+00
5.229492187500000000e-01 9.999999999999998890e-01
5.230712890625000000e-01 1.000000000000000222e+00
5.231933593750000000e-01 9.999999999999998890e-01
5.233154296875000000e-01 1.000000000000000000e+00
5.234375000000000000e-01 1.000000000000000000e+00
5.235595703125000000e-01 1.000000000000000000e+00
5.236816406250000000e-01 9.999999999999998890e-01
5.238037109375000000e-01 1.000000000000000000e+00
5.239257812500000000e-01 1.000000000000000000e+00
5.240478515625000000e-01 9.999999999999997780e-01
5.241699218750000000e-01 9.999999999999998890e-01
5.242919921875000000e-01 1.000000000000000000e+00
5.244140625000000000e-01 1.000000000000000000e+00
5.245361328125000000e-01 1.000000000000000000e+00
5.246582031250000000e-01 1.000000000000000000e+00
5.247802734375000000e-01 1.000000000000000222e+00
5.249023437500000000e-01 1.000000000000000000e+00
5.250244140625000000e-01 1.000000000000000000e+00
5.251464843750000000e-01 1.000000000000000222e+00
5.252685546875000000e-01 1.000000000000000000e+00
5.253906250000000000e-01 9.999999999999998890e-01
5.255126953125000000e-01 1.000000000000000000e+00
5.256347656250000000e-01 1.000000000000000222e+00
5.257568359375000000e-01 1.000000000000000222e+00
5.258789062500000000e-01 1.000000000000000000e+00
5.260009765625000000e-01 1.000000000000000000e+00
5.261230468750000000e-01 1.000000000000000000e+00
5.262451171875000000e-01 1.000000000000000000e+00
5.263671875000000000e-01 9.999999999999998890e-01
5.264892578125000000e-01 1.000000000000000222e+00
5.266113281250000000e-01 1.000000000000000000e+00
5.267333984375000000e-01 1.000000000000000000e+00
5.268554687500000000e-01 9.999999999999998890e-01
5.269775390625000000e-01 1.000000000000000222e+00
5.270996093750000000e-01 1.000000000000000000e+00
5.272216796875000000e-01 1.000000000000000000e+00
5.273437500000000000e-01 9.999999999999998890e-01
5.274658203125000000e-01 1.000000000000000000e+00
5.275878906250000000e-01 1.000000000000000000e+00
5.277099609375000000e-01 1.000000000000000000e+00
5.278320312500000000e-01 1.000000000000000000e+00
5.279541015625000000e-01 9.999999999999998890e-01
5.280761718750000000e-01 1.000000000000000000e+00
5.281982421875000000e-01 1.000000000000000222e+00
5.283203125000000000e-01 1.000000000000000000e+00
5.284423828125000000e-01 9.999999999999998890e-01
5.285644531250000000e-01 1.000000000000000000e+00
5.286865234375000000e-01 1.000000000000000222e+00
5.288085937500000000e-01 1.000000000000000000e+00
5.289306640625000000e-01 1.000000000000000000e+00
5.290527343750000000e-01 1.000000000000000000e+00
5.291748046875000000e-01 9.999999999999998890e-01
5.292968750000000000e-01 1.000000000000000000e+00
5.294189453125000000e-01 1.000000000000000000e+00
5.295410156250000000e-01 1.000000000000000000e+00
5.296630859375000000e-01 1.000000000000000000e+00
5.297851562500000000e-01 9.999999999999997780e-01
5.299072265625000000e-01 9.999999999999998890e-01
5.300292968750000000e-01 1.000000000000000000e+00
5.301513671875000000e-01 1.000000000000000000e+00
5.302734375000000000e-01 9.999999999999997780e-01
5.303955078125000000e-01 1.000000000000000000e+00
5.305175781250000000e-01 9.999999999999998890e-01
5.306396484375000000e-01 1.000000000000000000e+00
5.307617187500000000e-01 9.999999999999998890e-01
5.308837890625000000e-01 1.000000000000000000e+00
5.310058593750000000e-01 1.000000000000000000e+00
5.311279296875000000e-01 1.000000000000000000e+00
5.312500000000000000e-01 9.999999999999997780e-01
5.313720703125000000e-01 9.999999999999998890e-01
5.314941406250000000e-01 9.999999999999997780e-01
5.316162109375000000e-01 9.999999999999998890e-01
5.317382812500000000e-01 1.000000000000000000e+00
5.318603515625000000e-01 1.000000000000000000e+00
5.319824218750000000e-01 9.999999999999998890e-01
5.321044921875000000e-01 1.000000000000000000e+00
5.322265625000000000e-01 9.999999999999998890e-01
5.323486328125000000e-01 1.000000000000000000e+00
5.324707031250000000e-01 9.999999999999997780e-01
5.325927734375000000e-01 1.000000000000000000e+00
5.327148437500000000e-01 9.999999999999997780e-01
5.328369140625000000e-01 9.999999999999998890e-01
5.329589843750000000e-01 1.000000000000000000e+00
5.330810546875000000e-01 9.999999999999998890e-01
5.332031250000000000e-01 1.000000000000000000e+00
5.333251953125000000e-01 9.999999999999998890e-01
5.334472656250000000e-01 1.000000000000000000e+00
5.335693359375000000e-01 1.000000000000000000e+00
5.336914062500000000e-01 1.000000000000000000e+00
5.338134765625000000e-01 1.000000000000000000e+00
5.339355468750000000e-01 1.000000000000000000e+00
5.340576171875000000e-01 1.000000000000000000e+00
5.341796875000000000e-01 9.999999999999997780e-01
5.343017578125000000e-01 1.000000000000000222e+00
5.344238281250000000e-01 1.000000000000000000e+00
5.345458984375000000e-01 1.000000000000000000e+00
5.346679687500000000e-01 9.999999999999998890e-01
5.347900390625000000e-01 9.999999999999998890e-01
5.349121093750000000e-01 1.000000000000000000e+00
5.350341796875000000e-01 1.000000000000000000e+00
5.351562500000000000e-01 9.999999999999998890e-01
5.352783203125000000e-01 1.000000000000000000e+00
5.354003906250000000e-01 1.000000000000000000e+00
5.355224609375000000e-01 1.000000000000000000e+00
5.356445312500000000e-01 9.999999999999997780e-01
5.357666015625000000e-01 9.999999999999998890e-01
5.358886718750000000e-01 9.999999999999998890e-01
5.360107421875000000e-01 1.000000000000000000e+00
5.361328125000000000e-01 1.000000000000000000e+00
5.362548828125000000e-01 1.000000000000000000e+00
5.363769531250000000e-01 9.999999999999998890e-01
5.364990234375000000e-01 1.000000000000000000e+00
5.366210937500000000e-01 1.000000000000000000e+00
5.367431640625000000e-01 1.000000000000000222e+00
5.368652343750000000e-01 1.000000000000000000e+00
5.369873046875000000e-01 1.000000000000000000e+00
5.371093750000000000e-01 9.999999999999998890e-01
5.372314453125000000e-01 9.999999999999998890e-01
5.373535156250000000e-01 1.000000000000000222e+00
5.374755859375000000e-01 1.000000000000000000e+00
5.375976562500000000e-01 9.999999999999998890e-01
5.377197265625000000e-01 9.999999999999998890e-01
5.378417968750000000e-01 1.000000000000000000e+00
5.379638671875000000e-01 1.000000000000000000e+00
5.380859375000000000e-01 1.000000000000000000e+00
5.382080078125000000e-01 1.000000000000000000e+00
5.383300781250000000e-01 1.000000000000000000e+00
5.384521484375000000e-01 9.999999999999998890e-01
5.385742187500000000e-01 9.999999999999998890e-01
5.386962890625000000e-01 1.000000000000000000e+00
5.388183593750000000e-01 9.999999999999998890e-01
5.389404296875000000e-01 9.999999999999998890e-01
5.390625000000000000e-01 1.000000000000000000e+00
5.391845703125000000e-01 9.999999999999998890e-01
5.393066406250000000e-01 9.999999999999998890e-01
5.394287109375000000e-01 1.000000000000000222e+00
5.395507812500000000e-01 1.000000000000000000e+00
5.396728515625000000e-01 9.999999999999997780e-01
5.397949218750000000e-01 1.000000000000000000e+00
5.399169921875000000e-01 1.000000000000000000e+00
5.400390625000000000e-01 1.000000000000000000e+00
5.401611328125000000e-01 1.000000000000000000e+00
5.402832031250000000e-01 1.000000000000000000e+00
5.404052734375000000e-01 1.000000000000000222e+00
5.405273437500000000e-01 1.000000000000000000e+00
5.406494140625000000e-01 1.000000000000000000e+00
5.407714843750000000e-01 1.000000000000000000e+00
5.408935546875000000e-01 1.000000000000000000e+00
5.410156250000000000e-01 1.000000000000000000e+00
5.411376953125000000e-01 9.999999999999998890e-01
5.412597656250000000e-01 1.000000000000000222e+00
5.413818359375000000e-01 1.000000000000000000e+00
5.415039062500000000e-01 1.000000000000000000e+00
5.416259765625000000e-01 1.000000000000000000e+00
5.417480468750000000e-01 1.000000000000000222e+00
5.418701171875000000e-01 1.000000000000000000e+00
5.419921875000000000e-01 1.000000000000000222e+00
5.421142578125000000e-01 1.000000000000000222e+00
5.422363281250000000e-01 1.000000000000000000e+00
5.423583984375000000e-01 1.000000000000000222e+00
5.424804687500000000e-01 1.000000000000000000e+00
5.426025390625000000e-01 1.000000000000000000e+00
5.427246093750000000e-01 1.000000000000000000e+00
5.428466796875000000e-01 1.000000000000000000e+00
5.429687500000000000e-01 1.000000000000000000e+00
5.430908203125000000e-01 1.000000000000000000e+00
5.432128906250000000e-01 1.000000000000000000e+00
5.433349609375000000e-01 1.000000000000000000e+00
5.434570312500000000e-01 1.000000000000000000e+00
5.435791015625000000e-01 9.999999999999998890e-01
5.437011718750000000e-01 1.000000000000000000e+00
5.438232421875000000e-01 1.000000000000000000e+00
5.439453125000000000e-01 9.999999999999998890e-01
5.440673828125000000e-01 1.000000000000000000e+00
5.441894531250000000e-01 1.000000000000000000e+00
5.443115234375000000e-01 1.000000000000000000e+00
5.444335937500000000e-01 1.000000000000000000e+00
5.445556640625000000e-01 1.000000000000000222e+00
5.446777343750000000e-01 1.000000000000000000e+00
5.447998046875000000e-01 1.000000000000000000e+00
5.449218750000000000e-01 1.000000000000000000e+00
5.450439453125000000e-01 9.999999999999998890e-01
5.451660156250000000e-01 1.000000000000000222e+00
5.452880859375000000e-01 9.999999999999998890e-01
5.454101562500000000e-01 9.999999999999998890e-01
5.455322265625000000e-01 9.999999999999998890e-01
5.456542968750000000e-01 1.000000000000000000e+00
5.457763671875000000e-01 1.000000000000000000e+00
5.458984375000000000e-01 9.999999999999998890e-01
5.460205078125000000e-01 1.000000000000000000e+00
5.461425781250000000e-01 1.000000000000000000e+00
5.462646484375000000e-01 1.000000000000000000e+00
5.463867187500000000e-01 9.999999999999998890e-01
5.465087890625000000e-01 9.999999999999998890e-01
5.466308593750000000e-01 1.000000000000000000e+00
5.467529296875000000e-01 1.000000000000000000e+00
5.468750000000000000e-01 9.999999999999998890e-01
5.469970703125000000e-01 1.000000000000000000e+00
5.471191406250000000e-01 1.000000000000000000e+00
5.472412109375000000e-01 1.000000000000000000e+00
5.473632812500000000e-01 9.999999999999998890e-01
5.474853515625000000e-01 9.999999999999998890e-01
5.476074218750000000e-01 1.000000000000000000e+00
5.477294921875000000e-01 1.000000000000000000e+00
5.478515625000000000e-01 1.000000000000000000e+00
5.479736328125000000e-01 1.000000000000000000e+00
5.480957031250000000e-01 1.000000000000000000e+00
5.482177734375000000e-01 1.000000000000000000e+00
5.483398437500000000e-01 1.000000000000000000e+00
5.484619140625000000e-01 1.000000000000000000e+00
5.485839843750000000e-01 1.000000000000000000e+00
5.487060546875000000e-01 9.999999999999998890e-01
5.488281250000000000e-01 1.000000000000000000e+00
5.489501953125000000e-01 1.000000000000000000e+00
5.490722656250000000e-01 1.000000000000000000e+00
5.491943359375000000e-01 1.000000000000000000e+00
5.493164062500000000e-01 9.999999999999997780e-01
5.494384765625000000e-01 1.000000000000000000e+00
5.495605468750000000e-01 1.000000000000000000e+00
5.496826171875000000e-01 1.000000000000000000e+00
5.498046875000000000e-01 1.000000000000000000e+00
5.499267578125000000e-01 1.000000000000000000e+00
5.500488281250000000e-01 9.999999999999998890e-01
5.501708984375000000e-01 1.000000000000000222e+00
5.502929687500000000e-01 9.999999999999998890e-01
5.504150390625000000e-01 1.000000000000000000e+00
5.505371093750000000e-01 1.000000000000000000e+00
5.506591796875000000e-01 1.000000000000000000e+00
5.507812500000000000e-01 9.999999999999998890e-01
5.509033203125000000e-01 1.000000000000000000e+00
5.510253906250000000e-01 1.000000000000000000e+00
5.511474609375000000e-01 1.000000000000000000e+00
5.512695312500000000e-01 1.000000000000000000e+00
5.513916015625000000e-01 1.000000000000000000e+00
5.515136718750000000e-01 9.999999999999998890e-01
5.516357421875000000e-01 1.000000000000000000e+00
5.517578125000000000e-01 1.000000000000000000e+00
5.518798828125000000e-01 1.000000000000000000e+00
5.520019531250000000e-01 1.000000000000000000e+00
5.521240234375000000e-01 1.000000000000000000e+00
5.522460937500000000e-01 1.000000000000000000e+00
5.523681640625000000e-01 1.000000000000000000e+00
5.524902343750000000e-01 1.000000000000000000e+00
5.526123046875000000e-01 1.000000000000000000e+00
5.527343750000000000e-01 1.000000000000000000e+00
5.528564453125000000e-01 1.000000000000000000e+00
5.529785156250000000e-01 1.000000000000000000e+00
5.531005859375000000e-01 1.000000000000000000e+00
5.532226562500000000e-01 9.999999999999997780e-01
5.533447265625000000e-01 9.999999999999997780e-01
5.534667968750000000e-01 1.000000000000000000e+00
5.535888671875000000e-01 1.000000000000000000e+00
5.537109375000000000e-01 1.000000000000000000e+00
5.538330078125000000e-01 1.000000000000000000e+00
5.539550781250000000e-01 1.000000000000000000e+00
5.540771484375000000e-01 1.000000000000000222e+00
5.541992187500000000e-01 1.000000000000000000e+00
5.543212890625000000e-01 1.000000000000000222e+00
5.544433593750000000e-01 1.000000000000000000e+00
5.545654296875000000e-01 1.000000000000000000e+00
5.546875000000000000e-01 1.000000000000000000e+00
5.548095703125000000e-01 1.000000000000000000e+00
5.549316406250000000e-01 1.000000000000000000e+00
5.550537109375000000e-01 1.000000000000000000e+00
5.551757812500000000e-01 1.000000000000000000e+00
5.552978515625000000e-01 9.999999999999997780e-01
5.554199218750000000e-01 1.000000000000000000e+00
5.555419921875000000e-01 1.000000000000000000e+00
5.556640625000000000e-01 1.000000000000000000e+00
5.557861328125000000e-01 1.000000000000000000e+00
5.559082031250000000e-01 9.999999999999998890e-01
5.560302734375000000e-01 1.000000000000000000e+00
5.561523437500000000e-01 1.000000000000000000e+00
5.562744140625000000e-01 9.999999999999998890e-01
5.563964843750000000e-01 1.000000000000000000e+00
5.565185546875000000e-01 9.999999999999998890e-01
5.566406250000000000e-01 1.000000000000000000e+00
5.567626953125000000e-01 1.000000000000000000e+00
5.568847656250000000e-01 1.000000000000000222e+00
5.570068359375000000e-01 1.000000000000000000e+00
5.571289062500000000e-01 9.999999999999998890e-01
5.572509765625000000e-01 1.000000000000000000e+00
5.573730468750000000e-01 1.000000000000000000e+00
5.574951171875000000e-01 1.000000000000000000e+00
5.576171875000000000e-01 1.000000000000000000e+00
5.577392578125000000e-01 1.000000000000000000e+00
5.578613281250000000e-01 1.000000000000000000e+00
5.579833984375000000e-01 1.000000000000000222e+00
5.581054687500000000e-01 9.999999999999998890e-01
5.582275390625000000e-01 1.000000000000000222e+00
5.583496093750000000e-01 1.000000000000000000e+00
5.584716796875000000e-01 1.000000000000000000e+00
5.585937500000000000e-01 9.999999999999998890e-01
5.587158203125000000e-01 1.000000000000000222e+00
5.588378906250000000e-01 1.000000000000000000e+00
5.589599609375000000e-01 1.000000000000000000e+00
5.590820312500000000e-01 9.999999999999998890e-01
5.592041015625000000e-01 1.000000000000000000e+00
5.593261718750000000e-01 1.000000000000000000e+00
5.594482421875000000e-01 1.000000000000000000e+00
5.595703125000000000e-01 1.000000000000000000e+00
5.596923828125000000e-01 1.000000000000000000e+00
5.598144531250000000e-01 1.000000000000000000e+00
5.599365234375000000e-01 1.000000000000000000e+00
5.600585937500000000e-01 1.000000000000000000e+00
5.601806640625000000e-01 1.000000000000000000e+00
5.603027343750000000e-01 1.000000000000000444e+00
5.604248046875000000e-01 1.000000000000000000e+00
5.605468750000000000e-01 1.000000000000000000e+00
5.606689453125000000e-01 1.000000000000000000e+00
5.607910156250000000e-01 1.000000000000000222e+00
5.609130859375000000e-01 1.000000000000000000e+00
5.610351562500000000e-01 9.999999999999998890e-01
5.611572265625000000e-01 1.000000000000000000e+00
5.612792968750000000e-01 9.999999999999998890e-01
5.614013671875000000e-01 1.000000000000000000e+00
5.615234375000000000e-01 1.000000000000000000e+00
5.616455078125000000e-01 1.000000000000000000e+00
5.617675781250000000e-01 1.000000000000000000e+00
5.618896484375000000e-01 1.000000000000000000e+00
5.620117187500000000e-01 1.000000000000000000e+00
5.621337890625000000e-01 1.000000000000000000e+00
5.622558593750000000e-01 1.000000000000000000e+00
5.623779296875000000e-01 1.000000000000000000e+00
5.625000000000000000e-01 9.999999999999998890e-01
5.626220703125000000e-01 1.000000000000000000e+00
5.627441406250000000e-01 1.000000000000000000e+00
5.628662109375000000e-01 1.000000000000000000e+00
5.629882812500000000e-01 1.000000000000000000e+00
5.631103515625000000e-01 1.000000000000000000e+00
5.632324218750000000e-01 1.000000000000000000e+00
5.633544921875000000e-01 1.000000000000000000e+00
5.634765625000000000e-01 1.000000000000000000e+00
5.635986328125000000e-01 1.000000000000000000e+00
5.637207031250000000e-01 9.999999999999997780e-01
5.638427734375000000e-01 1.000000000000000000e+00
5.639648437500000000e-01 1.000000000000000000e+00
5.640869140625000000e-01 1.000000000000000222e+00
5.642089843750000000e-01 1.000000000000000000e+00
5.643310546875000000e-01 9.999999999999998890e-01
5.644531250000000000e-01 1.000000000000000000e+00
5.645751953125000000e-01 1.000000000000000000e+00
5.646972656250000000e-01 1.000000000000000000e+00
5.648193359375000000e-01 1.000000000000000000e+00
5.649414062500000000e-01 1.000000000000000000e+00
5.650634765625000000e-01 1.000000000000000000e+00
5.651855468750000000e-01 1.000000000000000000e+00
5.653076171875000000e-01 1.000000000000000000e+00
5.654296875000000000e-01 1.000000000000000000e+00
5.655517578125000000e-01 1.000000000000000222e+00
5.656738281250000000e-01 1.000000000000000000e+00
5.657958984375000000e-01 1.000000000000000444e+00
5.659179687500000000e-01 9.999999999999998890e-01
5.660400390625000000e-01 1.000000000000000222e+00
5.661621093750000000e-01 1.000000000000000000e+00
5.662841796875000000e-01 1.000000000000000222e+00
5.664062500000000000e-01 1.000000000000000000e+00
5.665283203125000000e-01 1.000000000000000000e+00
5.666503906250000000e-01 1.000000000000000000e+00
5.667724609375000000e-01 1.000000000000000000e+00
5.668945312500000000e-01 1.000000000000000000e+00
5.670166015625000000e-01 1.000000000000000000e+00
5.671386718750000000e-01 1.000000000000000000e+00
5.672607421875000000e-01 1.000000000000000000e+00
5.673828125000000000e-01 1.000000000000000000e+00
5.675048828125000000e-01 9.999999999999998890e-01
5.676269531250000000e-01 9.999999999999997780e-01
5.677490234375000000e-01 1.000000000000000000e+00
5.678710937500000000e-01 1.000000000000000000e+00
5.679931640625000000e-01 1.000000000000000222e+00
5.681152343750000000e-01 1.000000000000000000e+00
5.682373046875000000e-01 1.000000000000000000e+00
5.683593750000000000e-01 1.000000000000000000e+00
5.684814453125000000e-01 1.000000000000000000e+00
5.686035156250000000e-01 1.000000000000000444e+00
5.687255859375000000e-01 1.000000000000000222e+00
5.688476562500000000e-01 9.999999999999998890e-01
5.689697265625000000e-01 1.000000000000000000e+00
5.690917968750000000e-01 1.000000000000000000e+00
5.692138671875000000e-01 1.000000000000000000e+00
5.693359375000000000e-01 1.000000000000000000e+00
5.694580078125000000e-01 1.000000000000000000e+00
5.695800781250000000e-01 1.000000000000000000e+00
5.697021484375000000e-01 1.000000000000000000e+00
5.698242187500000000e-01 1.000000000000000000e+00
5.699462890625000000e-01 1.000000000000000000e+00
5.700683593750000000e-01 9.999999999999997780e-01
5.701904296875000000e-01 1.000000000000000000e+00
5.703125000000000000e-01 1.000000000000000000e+00
5.704345703125000000e-01 1.000000000000000000e+00
5.705566406250000000e-01 1.000000000000000000e+00
5.706787109375000000e-01 1.000000000000000222e+00
5.708007812500000000e-01 1.000000000000000000e+00
5.709228515625000000e-01 9.999999999999997780e-01
5.710449218750000000e-01 1.000000000000000000e+00
5.711669921875000000e-01 1.000000000000000000e+00
5.712890625000000000e-01 1.000000000000000000e+00
5.714111328125000000e-01 1.000000000000000000e+00
5.715332031250000000e-01 9.999999999999997780e-01
5.716552734375000000e-01 1.000000000000000000e+00
5.717773437500000000e-01 1.000000000000000000e+00
5.718994140625000000e-01 1.000000000000000222e+00
5.720214843750000000e-01 1.000000000000000000e+00
5.721435546875000000e-01 1.000000000000000000e+00
5.722656250000000000e-01 1.000000000000000000e+00
5.723876953125000000e-01 1.000000000000000000e+00
5.725097656250000000e-01 1.000000000000000000e+00
5.726318359375000000e-01 1.000000000000000000e+00
5.727539062500000000e-01 1.000000000000000000e+00
5.728759765625000000e-01 1.000000000000000000e+00
5.729980468750000000e-01 9.999999999999998890e-01
5.731201171875000000e-01 9.999999999999998890e-01
5.732421875000000000e-01 1.000000000000000000e+00
5.733642578125000000e-01 1.000000000000000000e+00
5.734863281250000000e-01 9.999999999999998890e-01
5.736083984375000000e-01 1.000000000000000000e+00
5.737304687500000000e-01 9.999999999999997780e-01
5.738525390625000000e-01 1.000000000000000000e+00
5.739746093750000000e-01 1.000000000000000000e+00
5.740966796875000000e-01 1.000000000000000000e+00
5.742187500000000000e-01 1.000000000000000000e+00
5.743408203125000000e-01 1.000000000000000222e+00
5.744628906250000000e-01 1.000000000000000000e+00
5.745849609375000000e-01 1.000000000000000000e+00
5.747070312500000000e-01 9.999999999999998890e-01
5.748291015625000000e-01 9.999999999999998890e-01
5.749511718750000000e-01 1.000000000000000000e+00
5.750732421875000000e-01 1.000000000000000000e+00
5.751953125000000000e-01 1.000000000000000000e+00
5.753173828125000000e-01 1.000000000000000000e+00
5.754394531250000000e-01 9.999999999999998890e-01
5.755615234375000000e-01 1.000000000000000000e+00
5.756835937500000000e-01 1.000000000000000000e+00
5.758056640625000000e-01 1.000000000000000222e+00
5.759277343750000000e-01 1.000000000000000000e+00
5.760498046875000000e-01 1.000000000000000000e+00
5.761718750000000000e-01 1.000000000000000000e+00
5.762939453125000000e-01 1.000000000000000000e+00
5.764160156250000000e-01 1.000000000000000000e+00
5.765380859375000000e-01 1.000000000000000000e+00
5.766601562500000000e-01 9.999999999999998890e-01
5.767822265625000000e-01 1.000000000000000000e+00
5.769042968750000000e-01 1.000000000000000000e+00
5.770263671875000000e-01 1.000000000000000000e+00
5.771484375000000000e-01 1.000000000000000000e+00
5.772705078125000000e-01 1.000000000000000000e+00
5.773925781250000000e-01 1.000000000000000000e+00
5.775146484375000000e-01 1.000000000000000000e+00
5.776367187500000000e-01 1.000000000000000000e+00
5.777587890625000000e-01 1.000000000000000000e+00
5.778808593750000000e-01 1.000000000000000000e+00
5.780029296875000000e-01 1.000000000000000000e+00
5.781250000000000000e-01 9.999999999999998890e-01
5.782470703125000000e-01 1.000000000000000000e+00
5.783691406250000000e-01 1.000000000000000000e+00
5.784912109375000000e-01 1.000000000000000222e+00
5.786132812500000000e-01 1.000000000000000000e+00
5.787353515625000000e-01 1.000000000000000000e+00
5.788574218750000000e-01 1.000000000000000000e+00
5.789794921875000000e-01 1.000000000000000000e+00
5.791015625000000000e-01 1.000000000000000000e+00
5.792236328125000000e-01 1.000000000000000222e+00
5.793457031250000000e-01 1.000000000000000000e+00
5.794677734375000000e-01 1.000000000000000222e+00
5.795898437500000000e-01 1.000000000000000000e+00
5.797119140625000000e-01 1.000000000000000000e+00
5.798339843750000000e-01 1.000000000000000000e+00
5.799560546875000000e-01 1.000000000000000000e+00
5.800781250000000000e-01 1.000000000000000000e+00
5.802001953125000000e-01 1.000000000000000000e+00
5.803222656250000000e-01 1.000000000000000000e+00
5.804443359375000000e-01 1.000000000000000000e+00
5.805664062500000000e-01 1.000000000000000000e+00
5.806884765625000000e-01 1.000000000000000000e+00
5.808105468750000000e-01 1.000000000000000000e+00
5.809326171875000000e-01 1.000000000000000000e+00
5.810546875000000000e-01 1.000000000000000000e+00
5.811767578125000000e-01 1.000000000000000444e+00
5.812988281250000000e-01 1.000000000000000000e+00
5.814208984375000000e-01 1.000000000000000000e+00
5.815429687500000000e-01 9.999999999999998890e-01
5.816650390625000000e-01 1.000000000000000000e+00
5.817871093750000000e-01 1.000000000000000000e+00
5.819091796875000000e-01 1.000000000000000000e+00
5.820312500000000000e-01 1.000000000000000000e+00
5.821533203125000000e-01 1.000000000000000222e+00
5.822753906250000000e-01 9.999999999999998890e-01
5.823974609375000000e-01 1.000000000000000222e+00
5.825195312500000000e-01 1.000000000000000000e+00
5.826416015625000000e-01 1.000000000000000222e+00
5.827636718750000000e-01 1.000000000000000000e+00
5.828857421875000000e-01 1.000000000000000000e+00
5.830078125000000000e-01 1.000000000000000000e+00
5.831298828125000000e-01 9.999999999999998890e-01
5.832519531250000000e-01 9.999999999999998890e-01
5.833740234375000000e-01 1.000000000000000000e+00
5.834960937500000000e-01 1.000000000000000000e+00
5.836181640625000000e-01 1.000000000000000222e+00
5.837402343750000000e-01 1.000000000000000000e+00
5.838623046875000000e-01 1.000000000000000000e+00
5.839843750000000000e-01 1.000000000000000000e+00
5.841064453125000000e-01 1.000000000000000000e+00
5.842285156250000000e-01 1.000000000000000000e+00
5.843505859375000000e-01 1.000000000000000000e+00
5.844726562500000000e-01 9.999999999999997780e-01
5.845947265625000000e-01 1.000000000000000000e+00
5.847167968750000000e-01 9.999999999999998890e-01
5.848388671875000000e-01 1.000000000000000000e+00
5.849609375000000000e-01 1.000000000000000000e+00
5.850830078125000000e-01 1.000000000000000000e+00
5.852050781250000000e-01 1.000000000000000000e+00
5.853271484375000000e-01 1.000000000000000000e+00
5.854492187500000000e-01 1.000000000000000000e+00
5.855712890625000000e-01 1.000000000000000222e+00
5.856933593750000000e-01 1.000000000000000000e+00
5.858154296875000000e-01 1.000000000000000000e+00
5.859375000000000000e-01 1.000000000000000000e+00
5.860595703125000000e-01 1.000000000000000000e+00
5.861816406250000000e-01 1.000000000000000000e+00
5.863037109375000000e-01 1.000000000000000222e+00
5.864257812500000000e-01 1.000000000000000222e+00
5.865478515625000000e-01 1.000000000000000000e+00
5.866699218750000000e-01 1.000000000000000000e+00
5.867919921875000000e-01 1.000000000000000000e+00
5.869140625000000000e-01 1.000000000000000000e+00
5.870361328125000000e-01 1.000000000000000000e+00
5.871582031250000000e-01 1.000000000000000000e+00
5.872802734375000000e-01 1.000000000000000000e+00
5.874023437500000000e-01 1.000000000000000000e+00
5.875244140625000000e-01 1.000000000000000000e+00
5.876464843750000000e-01 1.000000000000000222e+00
5.877685546875000000e-01 1.000000000000000000e+00
5.878906250000000000e-01 1.000000000000000000e+00
5.880126953125000000e-01 1.000000000000000000e+00
5.881347656250000000e-01 1.000000000000000000e+00
5.882568359375000000e-01 1.000000000000000000e+00
5.883789062500000000e-01 1.000000000000000000e+00
5.885009765625000000e-01 1.000000000000000222e+00
5.886230468750000000e-01 9.999999999999998890e-01
5.887451171875000000e-01 1.000000000000000000e+00
5.888671875000000000e-01 1.000000000000000222e+00
5.889892578125000000e-01 1.000000000000000000e+00
5.891113281250000000e-01 1.000000000000000000e+00
5.892333984375000000e-01 1.000000000000000222e+00
5.893554687500000000e-01 9.999999999999998890e-01
5.894775390625000000e-01 1.000000000000000222e+00
5.895996093750000000e-01 1.000000000000000000e+00
5.897216796875000000e-01 1.000000000000000000e+00
5.898437500000000000e-01 1.000000000000000000e+00
5.899658203125000000e-01 1.000000000000000222e+00
5.900878906250000000e-01 1.000000000000000000e+00
5.902099609375000000e-01 1.000000000000000000e+00
5.903320312500000000e-01 1.000000000000000000e+00
5.904541015625000000e-01 1.000000000000000000e+00
5.905761718750000000e-01 1.000000000000000222e+00
5.906982421875000000e-01 1.000000000000000000e+00
5.908203125000000000e-01 1.000000000000000000e+00
5.909423828125000000e-01 1.000000000000000000e+00
5.910644531250000000e-01 1.000000000000000000e+00
5.911865234375000000e-01 1.000000000000000000e+00
5.913085937500000000e-01 1.000000000000000000e+00
5.914306640625000000e-01 1.000000000000000222e+00
5.915527343750000000e-01 1.000000000000000000e+00
5.916748046875000000e-01 1.000000000000000000e+00
5.917968750000000000e-01 1.000000000000000000e+00
5.919189453125000000e-01 1.000000000000000000e+00
5.920410156250000000e-01 1.000000000000000000e+00
5.921630859375000000e-01 1.000000000000000000e+00
5.922851562500000000e-01 1.000000000000000000e+00
5.924072265625000000e-01 1.000000000000000000e+00
5.925292968750000000e-01 9.999999999999998890e-01
5.926513671875000000e-01 1.000000000000000000e+00
5.927734375000000000e-01 1.000000000000000000e+00
5.928955078125000000e-01 1.000000000000000000e+00
5.930175781250000000e-01 9.999999999999998890e-01
5.931396484375000000e-01 1.000000000000000000e+00
5.932617187500000000e-01 1.000000000000000000e+00
5.933837890625000000e-01 1.000000000000000000e+00
5.935058593750000000e-01 1.000000000000000000e+00
5.936279296875000000e-01 1.000000000000000222e+00
5.937500000000000000e-01 9.999999999999998890e-01
5.938720703125000000e-01 1.000000000000000000e+00
5.939941406250000000e-01 9.999999999999997780e-01
5.941162109375000000e-01 1.000000000000000000e+00
5.942382812500000000e-01 1.000000000000000000e+00
5.943603515625000000e-01 1.000000000000000000e+00
5.944824218750000000e-01 1.000000000000000000e+00
5.946044921875000000e-01 1.000000000000000000e+00
5.947265625000000000e-01 1.000000000000000000e+00
5.948486328125000000e-01 1.000000000000000000e+00
5.949707031250000000e-01 9.999999999999997780e-01
5.950927734375000000e-01 1.000000000000000000e+00
5.952148437500000000e-01 1.000000000000000000e+00
5.953369140625000000e-01 1.000000000000000000e+00
5.954589843750000000e-01 1.000000000000000000e+00
5.955810546875000000e-01 1.000000000000000000e+00
5.957031250000000000e-01 9.999999999999997780e-01
5.958251953125000000e-01 9.999999999999998890e-01
5.959472656250000000e-01 1.000000000000000000e+00
5.960693359375000000e-01 1.000000000000000000e+00
5.961914062500000000e-01 1.000000000000000000e+00
5.963134765625000000e-01 1.000000000000000000e+00
5.964355468750000000e-01 9.999999999999998890e-01
5.965576171875000000e-01 1.000000000000000000e+00
5.966796875000000000e-01 1.000000000000000000e+00
5.968017578125000000e-01 1.000000000000000000e+00
5.969238281250000000e-01 9.999999999999998890e-01
5.970458984375000000e-01 1.000000000000000000e+00
5.971679687500000000e-01 9.999999999999998890e-01
5.972900390625000000e-01 1.000000000000000000e+00
5.974121093750000000e-01 1.000000000000000000e+00
5.975341796875000000e-01 1.000000000000000000e+00
5.976562500000000000e-01 9.999999999999998890e-01
5.977783203125000000e-01 1.000000000000000000e+00
5.979003906250000000e-01 9.999999999999998890e-01
5.980224609375000000e-01 1.000000000000000000e+00
5.981445312500000000e-01 1.000000000000000000e+00
5.982666015625000000e-01 1.000000000000000000e+00
5.983886718750000000e-01 9.999999999999998890e-01
5.985107421875000000e-01 1.000000000000000000e+00
5.986328125000000000e-01 1.000000000000000000e+00
5.987548828125000000e-01 1.000000000000000000e+00
5.988769531250000000e-01 9.999999999999998890e-01
5.989990234375000000e-01 1.000000000000000000e+00
5.991210937500000000e-01 1.000000000000000000e+00
5.992431640625000000e-01 1.000000000000000222e+00
5.993652343750000000e-01 1.000000000000000000e+00
5.994873046875000000e-01 1.000000000000000000e+00
5.996093750000000000e-01 1.000000000000000000e+00
5.997314453125000000e-01 9.999999999999998890e-01
5.998535156250000000e-01 1.000000000000000000e+00
5.999755859375000000e-01 1.000000000000000000e+00
6.000976562500000000e-01 -8.790413991065081844e-17
6.002197265625000000e-01 -3.727727197532817740e-17
6.003417968750000000e-01 -1.773002471979758969e-16
6.004638671875000000e-01 -1.855871976009692702e-17
6.005859375000000000e-01 -9.278842320658600442e-17
6.007080078125000000e-01 4.484603339888177370e-17
6.008300781250000000e-01 -1.420194290473118071e-16
6.009521484375000000e-01 -1.386615645115286335e-16
6.010742187500000000e-01 3.871418488813582860e-18
6.011962890625000000e-01 2.468702321711142385e-19
6.013183593750000000e-01 -4.267510922429379721e-17
6.014404296875000000e-01 -9.971267921570367351e-17
6.015625000000000000e-01 -1.072327461568402037e-17
6.016845703125000000e-01 -7.134187397521796369e-17
6.018066406250000000e-01 -1.020141600558468240e-16
6.019287109375000000e-01 -8.043705415892358462e-17
6.020507812500000000e-01 4.436136043958016370e-17
6.021728515625000000e-01 -1.978700586775264739e-16
6.022949218750000000e-01 -1.991151558220296258e-16
6.024169921875000000e-01 -1.302544086307773228e-16
6.025390625000000000e-01 -1.289657925977557878e-16
6.026611328125000000e-01 -3.890536640730657684e-17
6.027832031250000000e-01 -2.178190701424713139e-16
6.029052734375000000e-01 -1.600645948543782911e-16
6.030273437500000000e-01 -6.780436349561227978e-17
6.031494140625000000e-01 -1.851520087157853466e-17
6.032714843750000000e-01 -1.372803403117213667e-16
6.033935546875000000e-01 -1.862355949265471883e-16
6.035156250000000000e-01 2.401471379237051696e-17
6.036376953125000000e-01 -1.963290020225848654e-16
6.037597656250000000e-01 -8.870808298437075578e-17
6.038818359375000000e-01 -1.691162561495655166e-16
6.040039062500000000e-01 -9.446003652708279929e-17
6.041259765625000000e-01 -7.679786800749155055e-17
6.042480468750000000e-01 -1.847091761663951636e-16
6.043701171875000000e-01 -1.713160613178823046e-16
6.044921875000000000e-01 -4.732716018284744673e-17
6.046142578125000000e-01 -1.001973521750052712e-16
6.047363281250000000e-01 -1.559407357436446470e-16
6.048583984375000000e-01 -1.461868070465638343e-16
6.049804687500000000e-01 -1.937026806782744221e-16
6.051025390625000000e-01 -1.108624700073813245e-16
6.052246093750000000e-01 -2.248450018234153084e-16
6.053466796875000000e-01 -1.867056299910592267e-16
6.054687500000000000e-01 2.291481120821212296e-17
6.055908203125000000e-01 2.037552764093847056e-17
6.057128906250000000e-01 -1.784001497821342909e-16
6.058349609375000000e-01 -2.225606269483693121e-17
6.059570312500000000e-01 -8.116859735039630270e-17
6.060791015625000000e-01 -7.412802777466272417e-17
6.062011718750000000e-01 -8.872272087916032739e-17
6.063232421875000000e-01 -1.152331993502860890e-16
6.064453125000000000e-01 3.109880225662250325e-17
6.065673828125000000e-01 -6.182017761551869980e-17
6.066894531250000000e-01 -2.075804684860888788e-16
6.068115234375000000e-01 6.574975288764023738e-17
6.069335937500000000e-01 2.397119490385212152e-17
6.070556640625000000e-01 1.383367240073613776e-16
6.071777343750000000e-01 -1.234607092872148770e-16
6.072998046875000000e-01 -2.298800500694442055e-16
6.074218750000000000e-01 -1.185329071027612710e-16
6.075439453125000000e-01 -1.659035861741271255e-16
6.076660156250000000e-01 -4.924564373551535584e-17
6.077880859375000000e-01 -9.594293639871644081e-17
6.079101562500000000e-01 -1.205439988222149179e-16
6.080322265625000000e-01 -1.413606805339366031e-16
6.081542968750000000e-01 -1.922779375899487476e-16
6.082763671875000000e-01 -2.342361415175593737e-16
6.083984375000000000e-01 -1.387343591896261598e-16
6.085205078125000000e-01 -4.100349590379700850e-17
6.086425781250000000e-01 -1.718877720542206931e-16
6.087646484375000000e-01 -1.158919478636612684e-16
6.088867187500000000e-01 -6.340475315897869147e-17
6.090087890625000000e-01 -9.704283898287483480e-17
6.091308593750000000e-01 -1.319695408397925132e-16
6.092529296875000000e-01 -1.653753943263071200e-16
6.093750000000000000e-01 -9.101212806457203210e-17
6.094970703125000000e-01 -5.631765854503589021e-17
6.096191406250000000e-01 -8.170648941469113360e-17
6.097412109375000000e-01 -1.534621731997370875e-16
6.098632812500000000e-01 -9.628462368563337698e-18
6.099853515625000000e-01 -2.506066878544383094e-16
6.101074218750000000e-01 -1.877352952059419792e-16
6.102294921875000000e-01 -1.603478980645011884e-16
6.103515625000000000e-01 -3.241620922420683130e-17
6.104736328125000000e-01 -1.311214417687042327e-16
6.105957031250000000e-01 -3.161048324282257041e-16
6.107177734375000000e-01 -1.584740039562443886e-16
6.108398437500000000e-01 -1.461019317824986089e-16
6.109619140625000000e-01 -5.284821159308227602e-17
6.110839843750000000e-01 -1.287546970227305379e-16
6.112060546875000000e-01 -1.689006788973477484e-16
6.113281250000000000e-01 -3.161018236802935298e-17
6.114501953125000000e-01 -1.634675006275091971e-16
6.115722656250000000e-01 -3.004946447823316734e-17
6.116943359375000000e-01 -1.966379204277341447e-16
6.118164062500000000e-01 -1.041370580553521503e-16
6.119384765625000000e-01 -6.974209315408451204e-18
6.120605468750000000e-01 -2.293869927146278667e-16
6.121826171875000000e-01 -1.584923380414869058e-16
6.123046875000000000e-01 -2.202620245358849364e-17
6.124267578125000000e-01 -1.971445996334232593e-17
6.125488281250000000e-01 -2.405481913875230724e-16
6.126708984375000000e-01 -1.407054216831450920e-16
6.127929687500000000e-01 -2.575455817583455378e-16
6.129150390625000000e-01 -1.727731392773900956e-16
6.130371093750000000e-01 -2.012284036709101955e-16
6.131591796875000000e-01 -7.673132682866884235e-17
6.132812500000000000e-01 -5.936575798365826649e-17
6.134033203125000000e-01 -5.980543958223200931e-17
6.135253906250000000e-01 -1.399067286530044851e-16
6.136474609375000000e-01 -1.203100874847546325e-16
6.137695312500000000e-01 -1.114074622629624670e-16
6.138916015625000000e-01 -1.438158572035318421e-16
6.140136718750000000e-01 -1.750317127284931112e-16
6.141357421875000000e-01 -4.010979416173276700e-17
6.142578125000000000e-01 3.388796220575807870e-17
6.143798828125000000e-01 -1.661840897624284481e-16
6.145019531250000000e-01 -1.515167759670946676e-16
6.146240234375000000e-01 -4.048530646195775495e-17
6.147460937500000000e-01 -1.121878212078605814e-16
6.148681640625000000e-01 3.194256497311564649e-17
6.149902343750000000e-01 -2.773772198798699963e-17
6.151123046875000000e-01 -1.689006788973477484e-16
6.152343750000000000e-01 1.694374087407874691e-17
6.153564453125000000e-01 -2.367289000466238527e-16
6.154785156250000000e-01 5.791709243804812109e-18
6.156005859375000000e-01 -1.908548977689499878e-16
6.157226562500000000e-01 -1.484686765284723037e-16
6.158447265625000000e-01 -1.438341912887743347e-16
6.159667968750000000e-01 -1.310407716016973294e-16
6.160888671875000000e-01 -1.079746834814938626e-16
6.162109375000000000e-01 -4.396392045653262159e-17
6.163330078125000000e-01 -5.415324642196631270e-18
6.164550781250000000e-01 -6.784703569211918176e-17
6.165771484375000000e-01 -1.773636225205661464e-16
6.166992187500000000e-01 -1.314191131703883614e-17
6.168212890625000000e-01 4.928979973288371743e-17
6.169433593750000000e-01 -1.334075163476709995e-16
6.170654296875000000e-01 -1.322608121451691620e-16
6.171875000000000000e-01 -2.814073541607573879e-17
6.173095703125000000e-01 -1.380603356726114611e-16
6.174316406250000000e-01 -1.064139655916976832e-16
6.175537109375000000e-01 -8.950641243050335503e-17
6.176757812500000000e-01 3.083986276713570242e-17
6.177978515625000000e-01 -1.850902091954083482e-16
6.179199218750000000e-01 -1.480473290151410534e-16
6.180419921875000000e-01 -1.630644871994204394e-16
6.181640625000000000e-01 -7.019544635285034697e-17
6.182861328125000000e-01 -1.885248211934613275e-16
6.184082031250000000e-01 -1.938846631223298838e-16
6.185302734375000000e-01 -1.480473290151410534e-16
6.186523437500000000e-01 -1.376573222445227034e-16
6.187744140625000000e-01 -1.184086922486341061e-16
6.188964843750000000e-01 -2.035053112072557530e-16
6.190185546875000000e-01 -2.521490716589919717e-16
6.191406250000000000e-01 -2.814990245869698508e-17
6.192626953125000000e-01 -1.658159112882403746e-16
6.193847656250000000e-01 -8.631530674310970168e-17
6.195068359375000000e-01 -1.800343764423791536e-16
6.196289062500000000e-01 -1.877536292911844964e-16
6.197509765625000000e-01 -1.549953899616695404e-16
6.198730468750000000e-01 -2.004572117686333644e-16
6.199951171875000000e-01 -1.526744804288021141e-16
6.201171875000000000e-01 -1.341878752925690893e-16
6.202392578125000000e-01 -1.434495119459280943e-16
6.203613281250000000e-01 -1.248822366426881908e-16
6.204833984375000000e-01 -1.496080469049372329e-16
6.206054687500000000e-01 -1.445778820631874392e-16
6.207275390625000000e-01 -1.396210535624076406e-16
6.208496093750000000e-01 -1.403024082550563344e-16
6.209716796875000000e-01 -2.297735052740584574e-16
6.210937500000000000e-01 4.894912238655937051e-17
6.212158203125000000e-01 -6.325655244894311859e-17
6.213378906250000000e-01 -1.692230221584295781e-16
6.214599609375000000e-01 -9.373788424211255405e-17
6.215820312500000000e-01 -9.752967445514802257e-17
6.217041015625000000e-01 -1.118104756910512246e-16
6.218261718750000000e-01 -8.787419141632151853e-17
6.219482421875000000e-01 -1.303154149125267421e-16
6.220703125000000000e-01 -4.282455008006767387e-17
6.221923828125000000e-01 -2.856208292940697670e-17
6.223144531250000000e-01 -1.384193471041783006e-16
6.224365234375000000e-01 7.267094481543712440e-19
6.225585937500000000e-01 -2.239813155726530665e-16
6.226806640625000000e-01 -3.666601512105854139e-17
6.228027343750000000e-01 -1.348875640704603003e-16
6.229248046875000000e-01 -2.648618211790620736e-16
6.230468750000000000e-01 -8.826070397575212157e-17
6.231689453125000000e-01 -1.569316201516907017e-16
6.232910156250000000e-01 -3.273121865925180196e-17
6.234130859375000000e-01 -1.110851190018806127e-16
6.235351562500000000e-01 -1.014113018778116284e-16
6.236572265625000000e-01 -1.777483018634123868e-16
6.237792968750000000e-01 -2.069839252018306011e-16
6.239013671875000000e-01 -1.037432116698846513e-16
6.240234375000000000e-01 -7.213167654287153288e-17
6.241455078125000000e-01 8.133918324188622836e-17
6.242675781250000000e-01 -8.635930873963158285e-17
6.243896484375000000e-01 -1.168406405328010183e-16
6.245117187500000000e-01 -1.341878752925690893e-16
6.246337890625000000e-01 -1.316024540228133643e-17
6.247558593750000000e-01 -1.387600244505026475e-16
6.248779296875000000e-01 -1.368952973848671063e-16
6.250000000000000000e-01 -4.056609973373465564e-17
6.251220703125000000e-01 -8.711424274245920940e-17
6.252441406250000000e-01 -9.080564231251601248e-17
6.253662109375000000e-01 -7.330555723974528474e-17
6.254882812500000000e-01 -5.858806103933873618e-17
6.256103515625000000e-01 -2.266207856092255222e-16
6.257324218750000000e-01 -1.190928190423510269e-16
6.258544921875000000e-01 -1.057670593687619866e-16
6.259765625000000000e-01 -5.438620926953867025e-17
6.260986328125000000e-01 3.095407683491351728e-17
6.262207031250000000e-01 -1.038783862982084421e-16
6.263427734375000000e-01 -8.422199305428527777e-17
6.264648437500000000e-01 -1.050593935503758375e-16
6.265869140625000000e-01 -3.850555551139950116e-17
6.267089843750000000e-01 -3.671599414315619778e-17
6.268310546875000000e-01 -7.174926509762756841e-17
6.269531250000000000e-01 -9.551817863991341749e-17
6.270751953125000000e-01 -1.957649500120688778e-16
6.271972656250000000e-01 -6.601346419079441153e-18
6.273193359375000000e-01 -1.708912391317288315e-16
6.274414062500000000e-01 -7.359452017179768756e-17
6.275634765625000000e-01 -4.546047448915764327e-17
6.276855468750000000e-01 -1.145863534809520562e-16
6.278076171875000000e-01 -2.065843087621664878e-16
6.279296875000000000e-01 -8.016480061619712919e-17
6.280517578125000000e-01 -3.511751627956599666e-17
6.281738281250000000e-01 -1.218283036848725157e-16
6.282958984375000000e-01 -1.799162622435360001e-16
6.284179687500000000e-01 -1.468460337141259183e-16
6.285400390625000000e-01 -9.267526561742608351e-17
6.286621093750000000e-01 -1.965109701615798254e-16
6.287841796875000000e-01 -1.398800266793016173e-16
6.289062500000000000e-01 -2.135646340077942079e-17
6.290283203125000000e-01 -7.311699999906302127e-17
6.291503906250000000e-01 -5.012197652047826387e-17
6.292724609375000000e-01 -1.014273953201360296e-16
6.293945312500000000e-01 -3.695699242988125996e-17
6.295166015625000000e-01 -9.055996533585285167e-17
6.296386718750000000e-01 -1.891510963256150806e-16
6.297607421875000000e-01 -1.078896679562847030e-16
6.298828125000000000e-01 -2.015267761697609147e-17
6.300048828125000000e-01 -6.049837356444368812e-17
6.301269531250000000e-01 -1.263977631941409480e-16
6.302490234375000000e-01 -1.193953126019143045e-16
6.303710937500000000e-01 -1.457332606125455706e-16
6.304931640625000000e-01 -8.821706077411042021e-17
6.306152343750000000e-01 -7.183852034635758465e-17
6.307373046875000000e-01 -1.395605124406134419e-16
6.308593750000000000e-01 -2.018540873587304698e-17
6.309814453125000000e-01 -1.232836021546297643e-16
6.311035156250000000e-01 -4.565560047090752442e-17
6.312255859375000000e-01 -3.853541127325852858e-17
6.313476562500000000e-01 -3.746342485835926859e-17
6.314697265625000000e-01 -1.007403422497575299e-16
6.315917968750000000e-01 -1.101325056203581519e-16
6.317138671875000000e-01 -1.240974676746297416e-16
6.318359375000000000e-01 -8.992914127530982140e-17
6.319580078125000000e-01 7.359808400080195863e-17
6.320800781250000000e-01 -4.207233229720244056e-17
6.322021484375000000e-01 -1.088847188679519810e-16
6.323242187500000000e-01 -4.521733192386032902e-18
6.324462890625000000e-01 6.115119289147395134e-18
6.325683593750000000e-01 -3.686816186927201927e-17
6.326904296875000000e-01 -1.440934724130649708e-16
6.328125000000000000e-01 -7.082912866197883193e-17
6.329345703125000000e-01 -1.192992550067595735e-16
6.330566406250000000e-01 -4.759218859726258869e-17
6.331787109375000000e-01 -7.797847981397254898e-17
6.333007812500000000e-01 -7.620764758282353134e-17
6.334228515625000000e-01 -2.119792972433064102e-16
6.335449218750000000e-01 -1.190526890035008866e-16
6.336669921875000000e-01 -1.920013468824572925e-16
6.337890625000000000e-01 -7.277430938604212770e-17
6.339111328125000000e-01 -2.872068760960419316e-17
6.340332031250000000e-01 -1.689748640658275132e-16
6.341552734375000000e-01 -1.159861021701341137e-16
6.342773437500000000e-01 -3.790239373211833272e-17
6.343994140625000000e-01 -1.485429880951066072e-16
6.345214843750000000e-01 -8.419573008568981580e-17
6.346435546875000000e-01 -2.500348874492795470e-16
6.347656250000000000e-01 -8.369073898453308051e-17
6.348876953125000000e-01 -2.134674547160245304e-16
6.350097656250000000e-01 -9.155553848577000920e-17
6.351318359375000000e-01 -2.274834822615810547e-16
6.352539062500000000e-01 -9.048829550922485401e-17
6.353759765625000000e-01 -1.508038546912995990e-16
6.354980468750000000e-01 -1.537291041454509171e-16
6.356201171875000000e-01 -2.395935354797198935e-16
6.357421875000000000e-01 -4.837985445685021524e-17
6.358642578125000000e-01 -8.481214509383653302e-17
6.359863281250000000e-01 -1.307567844615794722e-16
6.361083984375000000e-01 -2.313526916906481476e-16
6.362304687500000000e-01 -1.897224259086781646e-16
6.363525390625000000e-01 -1.463873501229568228e-16
6.364746093750000000e-01 -2.172314355210483912e-16
6.365966796875000000e-01 -2.204213053560444829e-16
6.367187500000000000e-01 -1.160913307941773704e-16
6.368408203125000000e-01 -9.180520213050207105e-17
6.369628906250000000e-01 -1.242238483177324723e-16
6.370849609375000000e-01 -1.305824359686651817e-16
6.372070312500000000e-01 -4.729455710271896095e-17
6.373291015625000000e-01 -9.835929029340854495e-17
6.374511718750000000e-01 -6.728746419968080898e-17
6.375732421875000000e-01 -1.427977178108472278e-16
6.376953125000000000e-01 4.058417482448432035e-17
6.378173828125000000e-01 -1.514053129633336106e-17
6.379394531250000000e-01 -1.017895308487165736e-16
6.380615234375000000e-01 -2.663416950632545484e-17
6.381835937500000000e-01 -6.802406456798350701e-17
6.383056640625000000e-01 -1.787337787998428030e-17
6.384277343750000000e-01 -1.121798173269913048e-16
6.385498046875000000e-01 -7.850462293418875834e-17
6.386718750000000000e-01 -1.244822734156305207e-16
6.387939453125000000e-01 -1.600397239465720667e-16
6.389160156250000000e-01 -5.134121266617372534e-17
6.390380859375000000e-01 -9.344965371854837028e-17
6.391601562500000000e-01 -1.051718035542130426e-16
6.392822265625000000e-01 -1.500161888317119786e-16
6.394042968750000000e-01 -2.447254883973058690e-16
6.395263671875000000e-01 -2.351589765337909811e-16
6.396484375000000000e-01 -9.592097756282786308e-17
6.397705078125000000e-01 3.289062617468830100e-17
6.398925781250000000e-01 -4.857225732735059864e-17
6.400146484375000000e-01 -1.109351282160585088e-16
6.401367187500000000e-01 -9.231019323165880634e-17
6.402587890625000000e-01 -5.817797558751108434e-17
6.403808593750000000e-01 -1.185745137330962370e-16
6.405029296875000000e-01 -1.701323789303031886e-16
6.406250000000000000e-01 -1.108759040169358250e-16
6.407470703125000000e-01 -5.946505872944790316e-17
6.408691406250000000e-01 -8.444615369858453495e-17
6.409912109375000000e-01 -1.498463274449254095e-16
6.411132812500000000e-01 -9.747586113557667630e-17
6.412353515625000000e-01 -1.742530006447165415e-16
6.413574218750000000e-01 -1.938934243887533026e-16
6.414794921875000000e-01 -1.206328454447931130e-16
6.416015625000000000e-01 -7.212757733204664988e-17
6.417236328125000000e-01 -9.827510337596227776e-17
6.418457031250000000e-01 -8.942091177765372864e-17
6.419677734375000000e-01 -1.556937732634006552e-17
6.420898437500000000e-01 -8.947955157263307452e-17
6.422119140625000000e-01 -5.006066911933584731e-17
6.423339843750000000e-01 -1.571862277536809384e-16
6.424560546875000000e-01 -1.882037552314672051e-17
6.425781250000000000e-01 -8.667136462759530757e-17
6.427001953125000000e-01 -1.571841127264186808e-16
6.428222656250000000e-01 -6.555356390602977170e-17
6.429443359375000000e-01 -1.460776390214333363e-16
6.430664062500000000e-01 -1.644497589327921215e-17
6.431884765625000000e-01 6.617211146009930362e-18
6.433105468750000000e-01 -1.080467846273052908e-16
6.434326171875000000e-01 -8.659414886855483422e-17
6.435546875000000000e-01 -1.873605663241613048e-17
6.436767578125000000e-01 -1.362466289911718176e-17
6.437988281250000000e-01 -2.180652853899292097e-17
6.439208984375000000e-01 -2.025492234273387809e-16
6.440429687500000000e-01 -1.669430281828493682e-16
6.441650390625000000e-01 -1.133782477643929450e-16
6.442871093750000000e-01 -1.582190941265282658e-16
6.444091796875000000e-01 -1.405545799966500527e-16
6.445312500000000000e-01 -4.973650485253547864e-17
6.446533203125000000e-01 -2.124515587199093840e-17
6.447753906250000000e-01 -7.502945891077359437e-17
6.448974609375000000e-01 -1.919951640484014748e-16
6.450195312500000000e-01 -4.381730387735602294e-17
6.451416015625000000e-01 -4.001314592204955167e-17
6.452636718750000000e-01 -1.184136808892158831e-16
6.453857421875000000e-01 -7.590996925503251401e-17
6.455078125000000000e-01 -3.281377722119791429e-17
6.456298828125000000e-01 -1.707938528166671153e-16
6.457519531250000000e-01 -6.279372481815251193e-17
6.458740234375000000e-01 -1.083158694764290306e-17
6.459960937500000000e-01 -3.543894560623423908e-17
6.461181640625000000e-01 -4.364619760026240773e-17
6.462402343750000000e-01 -9.799661357965054924e-17
6.463623046875000000e-01 -1.285300941807504448e-16
6.464843750000000000e-01 1.868645674122985952e-17
6.466064453125000000e-01 -6.746938465742326264e-17
6.467285156250000000e-01 -7.847100130489681884e-17
6.468505859375000000e-01 -4.460472072354788213e-17
6.469726562500000000e-01 -9.076753079414942356e-18
6.470947265625000000e-01 -1.061641363345004783e-16
6.472167968750000000e-01 -2.675761292492920645e-16
6.473388671875000000e-01 -1.575291047514968156e-16
6.474609375000000000e-01 -8.643644283408898310e-17
6.475830078125000000e-01 -3.924410681592205671e-17
6.477050781250000000e-01 -2.462143099930144758e-17
6.478271484375000000e-01 -1.000752908892303417e-16
6.479492187500000000e-01 2.617516846074797304e-18
6.480712890625000000e-01 -3.501019776395997945e-17
6.481933593750000000e-01 -5.366625313089289108e-17
6.483154296875000000e-01 -9.886362564865215138e-17
6.484375000000000000e-01 -8.091992648736618048e-17
6.485595703125000000e-01 -3.049753705055405724e-17
6.486816406250000000e-01 -3.423171262596219423e-17
6.488037109375000000e-01 -3.108242944454159982e-17
6.489257812500000000e-01 -2.924516572740884018e-17
6.490478515625000000e-01 -1.176389760592493029e-16
6.491699218750000000e-01 -1.836142965085607779e-16
6.492919921875000000e-01 -1.872146483176007256e-16
6.494140625000000000e-01 -1.092622021093515658e-16
6.495361328125000000e-01 -7.865001763940614614e-17
6.496582031250000000e-01 -9.576519027297971228e-17
6.497802734375000000e-01 -1.015273080783492057e-16
6.499023437500000000e-01 -7.812301662984230635e-17
6.500244140625000000e-01 -1.177569344012831437e-16
6.501464843750000000e-01 -1.306484581960628529e-16
6.502685546875000000e-01 -2.287792368637987977e-16
6.503906250000000000e-01 -3.367315969383744812e-18
6.505126953125000000e-01 -2.876577040644403942e-16
6.506347656250000000e-01 -3.588499549771064052e-17
6.507568359375000000e-01 -2.125203970996353437e-16
6.508789062500000000e-01 -7.850462293418875834e-17
6.510009765625000000e-01 -9.476346269835220003e-17
6.511230468750000000e-01 -2.321465528331825672e-16
6.512451171875000000e-01 -2.125203970996353437e-16
6.513671875000000000e-01 1.625883976416344785e-17
6.514892578125000000e-01 -7.513730696480501352e-17
6.516113281250000000e-01 -1.699007696631572259e-16
6.517333984375000000e-01 -1.502746139296100270e-16
6.518554687500000000e-01 -2.680315483308931461e-16
6.519775390625000000e-01 -1.570092458683775167e-16
6.520996093750000000e-01 -1.732680856325409707e-16
6.522216796875000000e-01 -1.895269253967044001e-16
6.523437500000000000e-01 -1.177569344012831437e-16
6.524658203125000000e-01 -2.299347170293093131e-17
6.525878906250000000e-01 -2.125203970996353437e-16
6.527099609375000000e-01 -1.895269253967044001e-16
6.528320312500000000e-01 0.000000000000000000e+00
6.529541015625000000e-01 -9.000135878565423016e-17
6.530761718750000000e-01 -1.177569344012831437e-16
6.531982421875000000e-01 -1.699007696631572259e-16
6.533203125000000000e-01 7.513730696480501352e-17
6.534423828125000000e-01 -1.962615573354718958e-17
6.535644531250000000e-01 -5.551115123125782702e-17
6.536865234375000000e-01 -9.476346269835220003e-17
6.538085937500000000e-01 -3.925231146709437917e-17
6.539306640625000000e-01 -1.143896184318993989e-16
6.540527343750000000e-01 -1.306484581960628529e-16
6.541748046875000000e-01 -1.340157741654465730e-16
6.542968750000000000e-01 -1.699007696631572259e-16
6.544189453125000000e-01 -6.561309913940906146e-17
6.545410156250000000e-01 -1.895269253967044001e-16
6.546630859375000000e-01 -1.340157741654465730e-16
6.547851562500000000e-01 0.000000000000000000e+00
6.549072265625000000e-01 -8.187193890357249082e-17
6.550292968750000000e-01 -2.876577040644403942e-16
6.551513671875000000e-01 -1.732680856325409707e-16
6.552734375000000000e-01 1.625883976416344785e-17
6.553955078125000000e-01 -1.895269253967044001e-16
6.555175781250000000e-01 -7.850462293418875834e-17
6.556396484375000000e-01 -7.513730696480501352e-17
6.557617187500000000e-01 -7.850462293418875834e-17
6.558837890625000000e-01 -4.261962743647811782e-17
6.560058593750000000e-01 -1.110223024625156540e-16
6.561279296875000000e-01 -1.177569344012831437e-16
6.562500000000000000e-01 -5.887846720064157183e-17
6.563720703125000000e-01 -2.299347170293093131e-17
6.564941406250000000e-01 -1.340157741654465730e-16
6.566162109375000000e-01 -7.037520305210703133e-17
6.567382812500000000e-01 -3.925231146709437917e-17
6.568603515625000000e-01 -9.813077866773594484e-17
6.569824218750000000e-01 -6.224578317002531665e-17
6.571044921875000000e-01 -2.091530811302515989e-16
6.572265625000000000e-01 5.551115123125782702e-17
6.573486328125000000e-01 3.925231146709437917e-17
6.574707031250000000e-01 -9.476346269835220003e-17
6.575927734375000000e-01 -7.850462293418875834e-17
6.577148437500000000e-01 -3.367315969383744812e-18
6.578369140625000000e-01 -9.813077866773594484e-17
6.579589843750000000e-01 -5.887846720064157183e-17
6.580810546875000000e-01 -1.143896184318993989e-16
6.582031250000000000e-01 -3.925231146709437917e-17
6.583251953125000000e-01 -1.177569344012831437e-16
6.584472656250000000e-01 -3.925231146709437917e-17
6.585693359375000000e-01 -1.570092458683775167e-16
6.586914062500000000e-01 -5.887846720064157183e-17
6.588134765625000000e-01 -3.925231146709437917e-17
6.589355468750000000e-01 -4.261962743647811782e-17
6.590576171875000000e-01 -1.143896184318993989e-16
6.591796875000000000e-01 1.028928825804339270e-16
6.593017578125000000e-01 -1.962615573354718958e-17
6.594238281250000000e-01 -3.925231146709437917e-17
6.595458984375000000e-01 -1.340157741654465730e-16
6.596679687500000000e-01 -5.887846720064157183e-17
6.597900390625000000e-01 -5.887846720064157183e-17
6.599121093750000000e-01 -9.139614672896846754e-17
6.600341796875000000e-01 -1.962615573354718958e-17
6.601562500000000000e-01 0.000000000000000000e+00
6.602783203125000000e-01 0.000000000000000000e+00
6.604003906250000000e-01 -1.143896184318993989e-16
6.605224609375000000e-01 -1.143896184318993989e-16
6.606445312500000000e-01 -1.962615573354718958e-17
6.607666015625000000e-01 1.625883976416344785e-17
6.608886718750000000e-01 -1.570092458683775167e-16
6.610107421875000000e-01 -1.340157741654465730e-16
6.611328125000000000e-01 8.129419882081723927e-18
6.612548828125000000e-01 -9.476346269835220003e-17
6.613769531250000000e-01 -5.887846720064157183e-17
6.614990234375000000e-01 -3.925231146709437917e-17
6.616210937500000000e-01 -1.177569344012831437e-16
6.617431640625000000e-01 -5.887846720064157183e-17
6.618652343750000000e-01 -1.895269253967044001e-16
6.619873046875000000e-01 -5.887846720064157183e-17
6.621093750000000000e-01 1.625883976416344785e-17
6.622314453125000000e-01 -6.224578317002531665e-17
6.623535156250000000e-01 -1.306484581960628529e-16
6.624755859375000000e-01 -5.887846720064157183e-17
6.625976562500000000e-01 5.551115123125782702e-17
6.627197265625000000e-01 -1.486405182084920431e-17
6.628417968750000000e-01 -7.850462293418875834e-17
6.629638671875000000e-01 -6.224578317002531665e-17
6.630859375000000000e-01 1.625883976416344785e-17
6.632080078125000000e-01 -9.476346269835220003e-17
6.633300781250000000e-01 -5.551115123125782702e-17
6.634521484375000000e-01 -1.143896184318993989e-16
6.635742187500000000e-01 1.110223024625156540e-16
6.636962890625000000e-01 -9.813077866773594484e-17
6.638183593750000000e-01 1.962615573354718958e-17
6.639404296875000000e-01 -7.850462293418875834e-17
6.640625000000000000e-01 -5.887846720064157183e-17
6.641845703125000000e-01 -2.299347170293093131e-17
6.643066406250000000e-01 -1.699007696631572259e-16
6.644287109375000000e-01 -7.850462293418875834e-17
6.645507812500000000e-01 -1.149673585146546566e-17
6.646728515625000000e-01 -1.014980946371196897e-16
6.647949218750000000e-01 -2.321465528331825672e-16
6.649169921875000000e-01 -2.125203970996353437e-16
6.650390625000000000e-01 -6.224578317002531665e-17
6.651611328125000000e-01 -7.850462293418875834e-17
6.652832031250000000e-01 -3.367315969383744812e-18
6.654052734375000000e-01 -1.373830901348303178e-16
6.655273437500000000e-01 -7.513730696480501352e-17
6.656494140625000000e-01 -1.177569344012831437e-16
6.657714843750000000e-01 -1.699007696631572259e-16
6.658935546875000000e-01 -1.732680856325409707e-16
6.660156250000000000e-01 -1.962615573354718958e-17
6.661376953125000000e-01 -1.570092458683775167e-16
6.662597656250000000e-01 -2.287792368637987977e-16
6.663818359375000000e-01 -1.373830901348303178e-16
6.665039062500000000e-01 -9.476346269835220003e-17
6.666259765625000000e-01 -2.321465528331825672e-16
6.667480468750000000e-01 -1.928942413660881449e-16
6.668701171875000000e-01 -3.072838597979875437e-16
6.669921875000000000e-01 9.476346269835220003e-17
6.671142578125000000e-01 -1.536419298989937719e-16
6.672363281250000000e-01 -1.895269253967044001e-16
6.673583984375000000e-01 1.625883976416344785e-17
6.674804687500000000e-01 -1.177569344012831437e-16
6.676025390625000000e-01 -2.321465528331825672e-16
6.677246093750000000e-01 -1.732680856325409707e-16
6.678466796875000000e-01 -1.143896184318993989e-16
6.679687500000000000e-01 -1.962615573354718958e-17
6.680908203125000000e-01 3.251767952832689571e-17
6.682128906250000000e-01 -1.732680856325409707e-16
6.683349609375000000e-01 -7.850462293418875834e-17
6.684570312500000000e-01 -3.367315969383744812e-18
6.685791015625000000e-01 -3.367315969383744812e-18
6.687011718750000000e-01 -2.680315483308931461e-16
6.688232421875000000e-01 -1.928942413660881449e-16
6.689453125000000000e-01 8.326672684688674053e-17
6.690673828125000000e-01 -5.551115123125782702e-17
6.691894531250000000e-01 -1.177569344012831437e-16
6.693115234375000000e-01 -1.962615573354718958e-17
6.694335937500000000e-01 -7.850462293418875834e-17
6.695556640625000000e-01 -1.962615573354718958e-17
6.696777343750000000e-01 -1.732680856325409707e-16
6.697998046875000000e-01 -4.261962743647811782e-17
6.699218750000000000e-01 -1.306484581960628529e-16
6.700439453125000000e-01 -8.187193890357249082e-17
6.701660156250000000e-01 -7.850462293418875834e-17
6.702880859375000000e-01 -1.962615573354718958e-17
6.704101562500000000e-01 3.588499549771064052e-17
6.705322265625000000e-01 -2.299347170293093131e-17
6.706542968750000000e-01 -2.321465528331825672e-16
6.707763671875000000e-01 -1.732680856325409707e-16
6.708984375000000000e-01 -5.887846720064157183e-17
6.710205078125000000e-01 1.962615573354718958e-17
6.711425781250000000e-01 -1.258863542833648583e-16
6.712646484375000000e-01 -9.476346269835220003e-17
6.713867187500000000e-01 1.625883976416344785e-17
6.715087890625000000e-01 -3.925231146709437917e-17
6.716308593750000000e-01 -1.699007696631572259e-16
6.717529296875000000e-01 -1.536419298989937719e-16
6.718750000000000000e-01 -1.149673585146546566e-17
6.719970703125000000e-01 -5.887846720064157183e-17
6.721191406250000000e-01 -9.476346269835220003e-17
6.722412109375000000e-01 -1.096275145192014043e-16
6.723632812500000000e-01 1.962615573354718958e-17
6.724853515625000000e-01 -1.177569344012831437e-16
6.726074218750000000e-01 -1.014980946371196897e-16
6.727294921875000000e-01 -2.876577040644403942e-16
6.728515625000000000e-01 2.438825964624516870e-17
6.729736328125000000e-01 4.401441537979236136e-17
6.730957031250000000e-01 -2.299347170293093131e-17
6.732177734375000000e-01 -1.373830901348303178e-16
6.733398437500000000e-01 5.551115123125782702e-17
6.734619140625000000e-01 8.129419882081723927e-18
6.735839843750000000e-01 -1.962615573354718958e-17
6.737060546875000000e-01 -3.925231146709437917e-17
6.738281250000000000e-01 7.513730696480501352e-17
6.739501953125000000e-01 -9.813077866773594484e-17
6.740722656250000000e-01 -2.299347170293093131e-17
6.741943359375000000e-01 -9.813077866773594484e-17
6.743164062500000000e-01 3.588499549771064052e-17
6.744384765625000000e-01 1.028928825804339270e-16
6.745605468750000000e-01 -1.407504061042140627e-16
6.746826171875000000e-01 -5.887846720064157183e-17
6.748046875000000000e-01 1.625883976416344785e-17
6.749267578125000000e-01 -5.887846720064157183e-17
6.750488281250000000e-01 -1.177569344012831437e-16
6.751708984375000000e-01 -1.014980946371196897e-16
6.752929687500000000e-01 -9.813077866773594484e-17
6.754150390625000000e-01 -4.261962743647811782e-17
6.755371093750000000e-01 -1.340157741654465730e-16
6.756591796875000000e-01 -5.887846720064157183e-17
6.757812500000000000e-01 -9.813077866773594484e-17
6.759033203125000000e-01 -9.813077866773594484e-17
6.760253906250000000e-01 -9.813077866773594484e-17
6.761474609375000000e-01 -8.187193890357249082e-17
6.762695312500000000e-01 -6.700788708272328652e-17
6.763916015625000000e-01 -2.299347170293093131e-17
6.765136718750000000e-01 -1.685059817198429762e-16
6.766357421875000000e-01 -1.536419298989937719e-16
6.767578125000000000e-01 -1.962615573354718958e-17
6.768798828125000000e-01 -7.037520305210703133e-17
6.770019531250000000e-01 3.588499549771064052e-17
6.771240234375000000e-01 3.588499549771064052e-17
6.772460937500000000e-01 -2.299347170293093131e-17
6.773681640625000000e-01 0.000000000000000000e+00
6.774902343750000000e-01 -1.962615573354718958e-17
6.776123046875000000e-01 -1.962615573354718958e-17
6.777343750000000000e-01 0.000000000000000000e+00
6.778564453125000000e-01 -5.411636328794357731e-17
6.779785156250000000e-01 -1.962615573354718958e-17
6.781005859375000000e-01 -1.603765618377612615e-16
6.782226562500000000e-01 4.401441537979236136e-17
6.783447265625000000e-01 -2.299347170293093131e-17
6.784667968750000000e-01 -5.411636328794357731e-17
6.785888671875000000e-01 -6.224578317002531665e-17
6.787109375000000000e-01 2.438825964624516870e-17
6.788330078125000000e-01 -3.588499549771064052e-17
6.789550781250000000e-01 -9.476346269835220003e-17
6.790771484375000000e-01 -4.261962743647811782e-17
6.791992187500000000e-01 1.028928825804339270e-16
6.793212890625000000e-01 1.625883976416344785e-17
6.794433593750000000e-01 -9.813077866773594484e-17
6.795654296875000000e-01 -3.925231146709437917e-17
6.796875000000000000e-01 -1.177569344012831437e-16
6.798095703125000000e-01 -4.261962743647811782e-17
6.799316406250000000e-01 -5.887846720064157183e-17
6.800537109375000000e-01 2.438825964624516870e-17
6.801757812500000000e-01 5.551115123125782702e-17
6.802978515625000000e-01 -6.224578317002531665e-17
6.804199218750000000e-01 -7.850462293418875834e-17
6.805419921875000000e-01 -7.850462293418875834e-17
6.806640625000000000e-01 -3.367315969383744812e-18
6.807861328125000000e-01 -1.014980946371196897e-16
6.809082031250000000e-01 -3.112289158501265832e-17
6.810302734375000000e-01 -7.850462293418875834e-17
6.811523437500000000e-01 1.625883976416344785e-17
6.812744140625000000e-01 -4.261962743647811782e-17
6.813964843750000000e-01 -1.928942413660881449e-16
6.815185546875000000e-01 -1.373830901348303178e-16
6.816406250000000000e-01 -7.850462293418875834e-17
6.817626953125000000e-01 -9.813077866773594484e-17
6.818847656250000000e-01 -2.484053925973459965e-16
6.820068359375000000e-01 -1.603765618377612615e-16
6.821289062500000000e-01 -6.224578317002531665e-17
6.822509765625000000e-01 -1.373830901348303178e-16
6.823730468750000000e-01 -1.570092458683775167e-16
6.824951171875000000e-01 -1.373830901348303178e-16
6.826171875000000000e-01 -3.925231146709437917e-17
6.827392578125000000e-01 -7.850462293418875834e-17
6.828613281250000000e-01 -1.373830901348303178e-16
6.829833984375000000e-01 -1.962615573354718958e-17
6.831054687500000000e-01 -1.570092458683775167e-16
6.832275390625000000e-01 -1.373830901348303178e-16
6.833496093750000000e-01 -1.699007696631572259e-16
6.834716796875000000e-01 -1.895269253967044001e-16
6.835937500000000000e-01 -9.813077866773594484e-17
6.837158203125000000e-01 4.762103912697982196e-18
6.838378906250000000e-01 -1.570092458683775167e-16
6.839599609375000000e-01 -5.411636328794357731e-17
6.840820312500000000e-01 -1.962615573354718958e-17
6.842041015625000000e-01 -4.261962743647811782e-17
6.843261718750000000e-01 -1.603765618377612615e-16
6.844482421875000000e-01 -1.732680856325409707e-16
6.845703125000000000e-01 1.076549864931319092e-16
6.846923828125000000e-01 -9.000135878565423016e-17
6.848144531250000000e-01 -1.928942413660881449e-16
6.849365234375000000e-01 1.502746139296100270e-16
6.850585937500000000e-01 -4.261962743647811782e-17
6.851806640625000000e-01 0.000000000000000000e+00
6.853027343750000000e-01 -1.340157741654465730e-16
6.854248046875000000e-01 -1.570092458683775167e-16
6.855468750000000000e-01 -3.925231146709437917e-17
6.856689453125000000e-01 -3.449020755439640314e-17
6.857910156250000000e-01 -1.340157741654465730e-16
6.859130859375000000e-01 -7.037520305210703133e-17
6.860351562500000000e-01 8.326672684688674053e-17
6.861572265625000000e-01 -3.449020755439640314e-17
6.862792968750000000e-01 -1.373830901348303178e-16
6.864013671875000000e-01 -4.261962743647811782e-17
6.865234375000000000e-01 4.401441537979236136e-17
6.866455078125000000e-01 -3.925231146709437917e-17
6.867675781250000000e-01 -5.887846720064157183e-17
6.868896484375000000e-01 -1.962615573354718958e-17
6.870117187500000000e-01 3.588499549771064052e-17
6.871337890625000000e-01 9.476346269835220003e-17
6.872558593750000000e-01 -5.551115123125782702e-17
6.873779296875000000e-01 1.625883976416344785e-17
6.875000000000000000e-01 -7.850462293418875834e-17
6.876220703125000000e-01 -7.850462293418875834e-17
6.877441406250000000e-01 -2.287792368637987977e-16
6.878662109375000000e-01 -2.299347170293093131e-17
6.879882812500000000e-01 1.625883976416344785e-17
6.881103515625000000e-01 -1.211242503706668885e-16
6.882324218750000000e-01 -1.373830901348303178e-16
6.883544921875000000e-01 -1.536419298989937719e-16
6.884765625000000000e-01 -5.887846720064157183e-17
6.885986328125000000e-01 -7.850462293418875834e-17
6.887207031250000000e-01 -1.570092458683775167e-16
6.888427734375000000e-01 -5.887846720064157183e-17
6.889648437500000000e-01 -3.367315969383744812e-18
6.890869140625000000e-01 -3.925231146709437917e-17
6.892089843750000000e-01 -1.536419298989937719e-16
6.893310546875000000e-01 -5.887846720064157183e-17
6.894531250000000000e-01 -2.287792368637987977e-16
6.895751953125000000e-01 -1.373830901348303178e-16
6.896972656250000000e-01 -1.373830901348303178e-16
6.898193359375000000e-01 -1.570092458683775167e-16
6.899414062500000000e-01 -3.925231146709437917e-17
6.900634765625000000e-01 7.176999099542128104e-17
6.901855468750000000e-01 -1.014980946371196897e-16
6.903076171875000000e-01 -1.373830901348303178e-16
6.904296875000000000e-01 -3.367315969383744812e-18
6.905517578125000000e-01 -9.476346269835220003e-17
6.906738281250000000e-01 -1.177569344012831437e-16
6.907958984375000000e-01 -8.187193890357249082e-17
6.909179687500000000e-01 -3.367315969383744812e-18
6.910400390625000000e-01 -7.037520305210703133e-17
6.911621093750000000e-01 -1.732680856325409707e-16
6.912841796875000000e-01 -5.887846720064157183e-17
6.914062500000000000e-01 -1.699007696631572259e-16
6.915283203125000000e-01 -3.925231146709437917e-17
6.916503906250000000e-01 -1.570092458683775167e-16
6.917724609375000000e-01 -1.651386657504592314e-16
6.918945312500000000e-01 -1.962615573354718958e-17
6.920166015625000000e-01 -1.149673585146546566e-17
6.921386718750000000e-01 -2.355138688025662873e-16
6.922607421875000000e-01 -1.143896184318993989e-16
6.923828125000000000e-01 8.129419882081723927e-18
6.925048828125000000e-01 -2.158877130690190885e-16
6.926269531250000000e-01 -7.850462293418875834e-17
6.927490234375000000e-01 -9.813077866773594484e-17
6.928710937500000000e-01 7.513730696480501352e-17
6.929931640625000000e-01 -3.925231146709437917e-17
6.931152343750000000e-01 -1.895269253967044001e-16
6.932373046875000000e-01 -1.143896184318993989e-16
6.933593750000000000e-01 -1.699007696631572259e-16
6.934814453125000000e-01 1.625883976416344785e-17
6.936035156250000000e-01 -2.091530811302515989e-16
6.937255859375000000e-01 3.588499549771064052e-17
6.938476562500000000e-01 1.962615573354718958e-17
6.939697265625000000e-01 -7.850462293418875834e-17
6.940917968750000000e-01 -1.928942413660881449e-16
6.942138671875000000e-01 -1.570092458683775167e-16
6.943359375000000000e-01 -5.887846720064157183e-17
6.944580078125000000e-01 -5.551115123125782702e-17
6.945800781250000000e-01 -3.925231146709437917e-17
6.947021484375000000e-01 1.625883976416344785e-17
6.948242187500000000e-01 7.513730696480501352e-17
6.949462890625000000e-01 3.251767952832689571e-17
6.950683593750000000e-01 -5.887846720064157183e-17
6.951904296875000000e-01 -7.850462293418875834e-17
6.953125000000000000e-01 -9.476346269835220003e-17
6.954345703125000000e-01 -7.037520305210703133e-17
6.955566406250000000e-01 -5.887846720064157183e-17
6.956787109375000000e-01 -9.000135878565423016e-17
6.958007812500000000e-01 6.364057111333955403e-17
6.959228515625000000e-01 -2.299347170293093131e-17
6.960449218750000000e-01 -1.766354016019247155e-16
6.961669921875000000e-01 -3.154132796800693077e-16
6.962890625000000000e-01 -1.177569344012831437e-16
6.964111328125000000e-01 -1.177569344012831437e-16
6.965332031250000000e-01 -1.766354016019247155e-16
6.966552734375000000e-01 -2.158877130690190885e-16
6.967773437500000000e-01 -5.551115123125782702e-17
6.968994140625000000e-01 -1.373830901348303178e-16
6.970214843750000000e-01 -2.091530811302515989e-16
6.971435546875000000e-01 -8.663404281627048534e-17
6.972656250000000000e-01 -1.732680856325409707e-16
6.973876953125000000e-01 -1.177569344012831437e-16
6.975097656250000000e-01 -1.732680856325409707e-16
6.976318359375000000e-01 -1.407504061042140627e-16
6.977539062500000000e-01 -3.367315969383744812e-18
6.978759765625000000e-01 -7.850462293418875834e-17
6.979980468750000000e-01 -3.269100155315347425e-16
6.981201171875000000e-01 -1.962615573354718897e-16
6.982421875000000000e-01 -1.962615573354718958e-17
6.983642578125000000e-01 -1.340157741654465730e-16
6.984863281250000000e-01 -2.484053925973459965e-16
6.986083984375000000e-01 -6.224578317002531665e-17
6.987304687500000000e-01 -9.813077866773594484e-17
6.988525390625000000e-01 -1.536419298989937719e-16
6.989746093750000000e-01 -2.091530811302515989e-16
6.990966796875000000e-01 -2.091530811302515989e-16
6.992187500000000000e-01 -1.813975055146226854e-16
6.993408203125000000e-01 -9.000135878565423016e-17
6.994628906250000000e-01 -2.158877130690190885e-16
6.995849609375000000e-01 -1.373830901348303178e-16
6.997070312500000000e-01 5.551115123125782702e-17
6.998291015625000000e-01 1.625883976416344785e-17
6.999511718750000000e-01 -2.713988643002769155e-16
7.000732421875000000e-01 -2.172825010123333136e-16
7.001953125000000000e-01 2.775557561562891351e-17
7.003173828125000000e-01 -1.177569344012831437e-16
7.004394531250000000e-01 -1.570092458683775167e-16
7.005615234375000000e-01 -1.143896184318993989e-16
7.006835937500000000e-01 -7.850462293418875834e-17
7.008056640625000000e-01 -3.367315969383744812e-18
7.009277343750000000e-01 -2.125203970996353437e-16
7.010498046875000000e-01 -9.813077866773594484e-17
7.011718750000000000e-01 -2.484053925973459965e-16
7.012939453125000000e-01 -1.373830901348303178e-16
7.014160156250000000e-01 -1.143896184318993989e-16
7.015380859375000000e-01 8.129419882081723927e-18
7.016601562500000000e-01 -3.367315969383744812e-18
7.017822265625000000e-01 5.214383526187408221e-17
7.019042968750000000e-01 -1.928942413660881449e-16
7.020263671875000000e-01 -2.957871239465220596e-16
7.021484375000000000e-01 -1.813975055146226854e-16
7.022705078125000000e-01 -1.062601985498176718e-16
7.023925781250000000e-01 -5.887846720064157183e-17
7.025146484375000000e-01 -1.340157741654465730e-16
7.026367187500000000e-01 -3.925231146709437917e-17
7.027587890625000000e-01 2.438825964624516870e-17
7.028808593750000000e-01 -9.476346269835220003e-17
7.030029296875000000e-01 -1.455125100169120572e-16
7.031250000000000000e-01 -8.663404281627048534e-17
7.032470703125000000e-01 -5.887846720064157183e-17
7.033691406250000000e-01 -1.143896184318993989e-16
7.034912109375000000e-01 -4.261962743647811782e-17
7.036132812500000000e-01 -8.663404281627048534e-17
7.037353515625000000e-01 -1.962615573354718958e-17
7.038574218750000000e-01 -8.187193890357249082e-17
7.039794921875000000e-01 -2.369086567458805124e-16
7.041015625000000000e-01 5.551115123125782702e-17
7.042236328125000000e-01 -2.299347170293093131e-17
7.043457031250000000e-01 -5.887846720064157183e-17
7.044677734375000000e-01 -1.149673585146546566e-17
7.045898437500000000e-01 -4.738173134917610001e-17
7.047119140625000000e-01 -7.850462293418875834e-17
7.048339843750000000e-01 -1.895269253967044001e-16
7.049560546875000000e-01 -1.962615573354718958e-17
7.050781250000000000e-01 5.551115123125782702e-17
7.052001953125000000e-01 -1.455125100169120572e-16
7.053222656250000000e-01 -7.850462293418875834e-17
7.054443359375000000e-01 -1.062601985498176718e-16
7.055664062500000000e-01 1.143896184318993989e-16
7.056884765625000000e-01 9.139614672896846754e-17
7.058105468750000000e-01 3.588499549771064052e-17
7.059326171875000000e-01 -1.258863542833648583e-16
7.060546875000000000e-01 2.775557561562891351e-17
7.061767578125000000e-01 -1.421451940475283124e-16
7.062988281250000000e-01 0.000000000000000000e+00
7.064208984375000000e-01 -2.299347170293093131e-17
7.065429687500000000e-01 1.625883976416344785e-17
7.066650390625000000e-01 -1.149673585146546566e-17
7.067871093750000000e-01 -1.895269253967044001e-16
7.069091796875000000e-01 -1.258863542833648583e-16
7.070312500000000000e-01 -1.225190383139811135e-16
7.071533203125000000e-01 -4.738173134917610001e-17
7.072753906250000000e-01 -1.928942413660881449e-16
7.073974609375000000e-01 -1.651386657504592314e-16
7.075195312500000000e-01 -8.129419882081723927e-18
7.076416015625000000e-01 6.700788708272328652e-17
7.077636718750000000e-01 -1.177569344012831437e-16
7.078857421875000000e-01 -1.421451940475283124e-16
7.080078125000000000e-01 0.000000000000000000e+00
7.081298828125000000e-01 -7.037520305210703133e-17
7.082519531250000000e-01 -3.112289158501265832e-17
7.083740234375000000e-01 -3.367315969383744812e-18
7.084960937500000000e-01 -1.962615573354718958e-17
7.086181640625000000e-01 1.625883976416344785e-17
7.087402343750000000e-01 -9.476346269835220003e-17
7.088623046875000000e-01 -6.700788708272328652e-17
7.089843750000000000e-01 -1.225190383139811135e-16
7.091064453125000000e-01 -1.258863542833648583e-16
7.092285156250000000e-01 -2.484053925973459965e-16
7.093505859375000000e-01 -1.847648214840064302e-16
7.094726562500000000e-01 -2.299347170293093131e-17
7.095947265625000000e-01 2.775557561562891351e-17
7.097167968750000000e-01 -1.373830901348303178e-16
7.098388671875000000e-01 -1.455125100169120572e-16
7.099609375000000000e-01 -1.177569344012831437e-16
7.100830078125000000e-01 0.000000000000000000e+00
7.102050781250000000e-01 -5.887846720064157183e-17
7.103271484375000000e-01 -7.850462293418875834e-17
7.104492187500000000e-01 4.738173134917610001e-17
7.105712890625000000e-01 8.129419882081723927e-18
7.106933593750000000e-01 -5.074904731855984483e-17
7.108154296875000000e-01 -1.177569344012831437e-16
7.109375000000000000e-01 -8.663404281627048534e-17
7.110595703125000000e-01 8.129419882081723927e-18
7.111816406250000000e-01 -7.037520305210703133e-17
7.113037109375000000e-01 -8.663404281627048534e-17
7.114257812500000000e-01 -8.663404281627048534e-17
7.115478515625000000e-01 -2.299347170293093131e-17
7.116699218750000000e-01 -9.813077866773594484e-17
7.117919921875000000e-01 -1.976563452787861394e-16
7.119140625000000000e-01 -5.074904731855984483e-17
7.120361328125000000e-01 -1.421451940475283124e-16
7.121582031250000000e-01 -1.962615573354718897e-16
7.122802734375000000e-01 -1.455125100169120572e-16
7.124023437500000000e-01 -1.062601985498176718e-16
7.125244140625000000e-01 -4.261962743647811782e-17
7.126464843750000000e-01 -2.172825010123333136e-16
7.127685546875000000e-01 -1.062601985498176718e-16
7.128906250000000000e-01 -1.062601985498176718e-16
7.130126953125000000e-01 -1.258863542833648583e-16
7.131347656250000000e-01 -1.895269253967044001e-16
7.132568359375000000e-01 -1.813975055146226854e-16
7.133789062500000000e-01 -9.813077866773594484e-17
7.135009765625000000e-01 -1.625883976416344785e-17
7.136230468750000000e-01 -2.680315483308931461e-16
7.137451171875000000e-01 -2.565348124794277112e-16
7.138671875000000000e-01 -5.074904731855984483e-17
7.139892578125000000e-01 -1.143896184318993989e-16
7.141113281250000000e-01 -2.565348124794277112e-16
7.142333984375000000e-01 -2.172825010123333136e-16
7.143554687500000000e-01 -1.177569344012831437e-16
7.144775390625000000e-01 -1.225190383139811135e-16
7.145996093750000000e-01 -3.269100155315347425e-16
7.147216796875000000e-01 -1.502746139296100270e-16
7.148437500000000000e-01 -2.206498169817170584e-16
7.149658203125000000e-01 -1.143896184318993989e-16
7.150878906250000000e-01 -2.484053925973459965e-16
7.152099609375000000e-01 -1.258863542833648583e-16
7.153320312500000000e-01 -4.738173134917610001e-17
7.154541015625000000e-01 -5.074904731855984483e-17
7.155761718750000000e-01 -2.010236612481698842e-16
7.156982421875000000e-01 -8.663404281627048534e-17
7.158203125000000000e-01 3.925231146709437917e-17
7.159423828125000000e-01 -1.062601985498176718e-16
7.160644531250000000e-01 -7.850462293418875834e-17
7.161865234375000000e-01 -1.028928825804339270e-16
7.163085937500000000e-01 -6.700788708272328652e-17
7.164306640625000000e-01 -8.663404281627048534e-17
7.165527343750000000e-01 -2.680315483308931461e-16
7.166748046875000000e-01 -2.775557561562891351e-17
7.167968750000000000e-01 -2.172825010123333136e-16
7.169189453125000000e-01 -1.847648214840064302e-16
7.170410156250000000e-01 -2.091530811302515989e-16
7.171630859375000000e-01 -1.536419298989937719e-16
7.172851562500000000e-01 -1.062601985498176718e-16
7.174072265625000000e-01 -9.813077866773594484e-17
7.175292968750000000e-01 -3.546655911471636561e-16
7.176513671875000000e-01 -2.091530811302515989e-16
7.177734375000000000e-01 -9.000135878565423016e-17
7.178955078125000000e-01 -8.326672684688674053e-17
7.180175781250000000e-01 -9.813077866773594484e-17
7.181396484375000000e-01 -1.421451940475283124e-16
7.182617187500000000e-01 -8.663404281627048534e-17
7.183837890625000000e-01 -9.813077866773594484e-17
7.185058593750000000e-01 -1.028928825804339270e-16
7.186279296875000000e-01 -1.225190383139811135e-16
7.187500000000000000e-01 4.738173134917610001e-17
7.188720703125000000e-01 2.775557561562891351e-17
7.189941406250000000e-01 -3.925231146709437917e-17
7.191162109375000000e-01 -1.149673585146546566e-17
7.192382812500000000e-01 -8.129419882081723927e-18
7.193603515625000000e-01 7.513730696480501352e-17
7.194824218750000000e-01 -9.000135878565423016e-17
7.196044921875000000e-01 -1.225190383139811135e-16
7.197265625000000000e-01 1.225190383139811135e-16
7.198486328125000000e-01 5.551115123125782702e-17
7.199707031250000000e-01 2.775557561562891351e-17
7.200927734375000000e-01 2.775557561562891351e-17
7.202148437500000000e-01 0.000000000000000000e+00
7.203369140625000000e-01 -7.037520305210703133e-17
7.204589843750000000e-01 -1.258863542833648583e-16
7.205810546875000000e-01 2.775557561562891351e-17
7.207031250000000000e-01 -1.421451940475283124e-16
7.208251953125000000e-01 -9.813077866773594484e-17
7.209472656250000000e-01 -1.149673585146546566e-17
7.210693359375000000e-01 -5.074904731855984483e-17
7.211914062500000000e-01 3.588499549771064052e-17
7.213134765625000000e-01 8.326672684688674053e-17
7.214355468750000000e-01 1.625883976416344785e-17
7.215576171875000000e-01 -2.402759727152642326e-16
7.216796875000000000e-01 1.421451940475283124e-16
7.218017578125000000e-01 -4.738173134917610001e-17
7.219238281250000000e-01 -3.112289158501265832e-17
7.220458984375000000e-01 -9.813077866773594484e-17
7.221679687500000000e-01 7.176999099542128104e-17
7.222900390625000000e-01 6.364057111333955403e-17
7.224121093750000000e-01 -1.143896184318993989e-16
7.225341796875000000e-01 -2.299347170293093131e-17
7.226562500000000000e-01 -1.962615573354718958e-17
7.227783203125000000e-01 -8.663404281627048534e-17
7.229003906250000000e-01 -3.925231146709437917e-17
7.230224609375000000e-01 -5.887846720064157183e-17
7.231445312500000000e-01 1.143896184318993989e-16
7.232666015625000000e-01 1.062601985498176718e-16
7.233886718750000000e-01 -2.299347170293093131e-17
7.235107421875000000e-01 -8.129419882081723927e-18
7.236328125000000000e-01 2.775557561562891351e-17
7.237548828125000000e-01 -1.143896184318993989e-16
7.238769531250000000e-01 -7.037520305210703133e-17
7.239990234375000000e-01 -8.663404281627048534e-17
7.241210937500000000e-01 -4.738173134917610001e-17
7.242431640625000000e-01 -1.962615573354718958e-17
7.243652343750000000e-01 -3.925231146709437917e-17
7.244873046875000000e-01 0.000000000000000000e+00
7.246093750000000000e-01 2.775557561562891351e-17
7.247314453125000000e-01 -3.367315969383744812e-18
7.248535156250000000e-01 -1.110223024625156540e-16
7.249755859375000000e-01 1.625883976416344785e-17
7.250976562500000000e-01 1.502746139296100270e-16
7.252197265625000000e-01 -6.700788708272328652e-17
7.253417968750000000e-01 -2.369086567458805124e-16
7.254638671875000000e-01 -1.143896184318993989e-16
7.255859375000000000e-01 -3.925231146709437917e-17
7.257080078125000000e-01 -9.476346269835220003e-17
7.258300781250000000e-01 -1.225190383139811135e-16
7.259521484375000000e-01 -6.700788708272328652e-17
7.260742187500000000e-01 1.225190383139811135e-16
7.261962890625000000e-01 -4.261962743647811782e-17
7.263183593750000000e-01 1.625883976416344785e-17
7.264404296875000000e-01 -6.700788708272328652e-17
7.265625000000000000e-01 1.149673585146546566e-17
7.266845703125000000e-01 2.438825964624516870e-17
7.268066406250000000e-01 -1.143896184318993989e-16
7.269287109375000000e-01 -1.177569344012831437e-16
7.270507812500000000e-01 3.925231146709437917e-17
7.271728515625000000e-01 4.762103912697982196e-18
7.272949218750000000e-01 -1.062601985498176718e-16
7.274169921875000000e-01 -2.369086567458805124e-16
7.275390625000000000e-01 3.251767952832689571e-17
7.276611328125000000e-01 -1.536419298989937719e-16
7.277832031250000000e-01 -1.177569344012831437e-16
7.279052734375000000e-01 -6.700788708272328652e-17
7.280273437500000000e-01 -1.028928825804339270e-16
7.281494140625000000e-01 2.438825964624516870e-17
7.282714843750000000e-01 -1.421451940475283124e-16
7.283935546875000000e-01 -1.062601985498176718e-16
7.285156250000000000e-01 -1.306484581960628529e-16
7.286376953125000000e-01 -9.813077866773594484e-17
7.287597656250000000e-01 -1.895269253967044001e-16
7.288818359375000000e-01 -1.177569344012831437e-16
7.290039062500000000e-01 -8.326672684688674053e-17
7.291259765625000000e-01 -7.513730696480501352e-17
7.292480468750000000e-01 -1.536419298989937719e-16
7.293701171875000000e-01 -1.813975055146226854e-16
7.294921875000000000e-01 2.775557561562891351e-17
7.296142578125000000e-01 -3.925231146709437917e-17
7.297363281250000000e-01 -8.326672684688674053e-17
7.298583984375000000e-01 -3.925231146709437917e-17
7.299804687500000000e-01 -5.887846720064157183e-17
7.301025390625000000e-01 1.962615573354718958e-17
7.302246093750000000e-01 -1.976563452787861394e-16
7.303466796875000000e-01 -8.663404281627048534e-17
7.304687500000000000e-01 -1.306484581960628529e-16
7.305908203125000000e-01 3.251767952832689571e-17
7.307128906250000000e-01 -1.895269253967044001e-16
7.308349609375000000e-01 -6.700788708272328652e-17
7.309570312500000000e-01 6.700788708272328652e-17
7.310791015625000000e-01 -1.962615573354718958e-17
7.312011718750000000e-01 -2.057857651608678541e-16
7.313232421875000000e-01 -6.700788708272328652e-17
7.314453125000000000e-01 9.476346269835220003e-17
7.315673828125000000e-01 1.962615573354718958e-17
7.316894531250000000e-01 -1.062601985498176718e-16
7.318115234375000000e-01 6.700788708272328652e-17
7.319335937500000000e-01 -6.364057111333955403e-17
7.320556640625000000e-01 -1.962615573354718958e-17
7.321777343750000000e-01 -2.402759727152642326e-16
7.322998046875000000e-01 -3.367315969383744812e-18
7.324218750000000000e-01 -7.513730696480501352e-17
7.325439453125000000e-01 -7.850462293418875834e-17
7.326660156250000000e-01 -2.369086567458805124e-16
7.327880859375000000e-01 4.401441537979236136e-17
7.329101562500000000e-01 -1.062601985498176718e-16
7.330322265625000000e-01 5.551115123125782702e-17
7.331542968750000000e-01 -2.091530811302515989e-16
7.332763671875000000e-01 -1.340157741654465730e-16
7.333984375000000000e-01 -2.775557561562891351e-17
7.335205078125000000e-01 4.738173134917610001e-17
7.336425781250000000e-01 -3.925231146709437917e-17
7.337646484375000000e-01 -6.700788708272328652e-17
7.338867187500000000e-01 9.476346269835220003e-17
7.340087890625000000e-01 3.588499549771064052e-17
7.341308593750000000e-01 -2.254119208944150282e-16
7.342529296875000000e-01 -9.813077866773594484e-17
7.343750000000000000e-01 4.738173134917610001e-17
7.344970703125000000e-01 -5.887846720064157183e-17
7.346191406250000000e-01 -2.010236612481698842e-16
7.347412109375000000e-01 8.129419882081723927e-18
7.348632812500000000e-01 -8.326672684688674053e-17
7.349853515625000000e-01 8.129419882081723927e-18
7.351074218750000000e-01 -1.732680856325409707e-16
7.352294921875000000e-01 -2.091530811302515989e-16
7.353515625000000000e-01 1.110223024625156540e-16
7.354736328125000000e-01 3.588499549771064052e-17
7.355957031250000000e-01 -7.037520305210703133e-17
7.357177734375000000e-01 -1.149673585146546566e-17
7.358398437500000000e-01 -9.476346269835220003e-17
7.359619140625000000e-01 -1.149673585146546566e-17
7.360839843750000000e-01 -1.732680856325409707e-16
7.362060546875000000e-01 -5.887846720064157183e-17
7.363281250000000000e-01 -1.110223024625156540e-16
7.364501953125000000e-01 -7.850462293418875834e-17
7.365722656250000000e-01 -5.887846720064157183e-17
7.366943359375000000e-01 -1.373830901348303178e-16
7.368164062500000000e-01 2.775557561562891351e-17
7.369384765625000000e-01 8.129419882081723927e-18
7.370605468750000000e-01 -1.177569344012831437e-16
7.371826171875000000e-01 -1.258863542833648583e-16
7.373046875000000000e-01 4.401441537979236136e-17
7.374267578125000000e-01 -1.177569344012831437e-16
7.375488281250000000e-01 -9.813077866773594484e-17
7.376708984375000000e-01 -1.340157741654465730e-16
7.377929687500000000e-01 3.588499549771064052e-17
7.379150390625000000e-01 -2.299347170293093131e-17
7.380371093750000000e-01 -1.340157741654465730e-16
7.381591796875000000e-01 -5.887846720064157183e-17
7.382812500000000000e-01 -2.775557561562891351e-17
7.384033203125000000e-01 -1.258863542833648583e-16
7.385253906250000000e-01 -5.887846720064157183e-17
7.386474609375000000e-01 -1.177569344012831437e-16
7.387695312500000000e-01 0.000000000000000000e+00
7.388916015625000000e-01 -2.299347170293093131e-17
7.390136718750000000e-01 -1.373830901348303178e-16
7.391357421875000000e-01 -7.513730696480501352e-17
7.392578125000000000e-01 -8.129419882081723927e-18
7.393798828125000000e-01 -5.887846720064157183e-17
7.395019531250000000e-01 -7.850462293418875834e-17
7.396240234375000000e-01 -9.476346269835220003e-17
7.397460937500000000e-01 -7.176999099542128104e-17
7.398681640625000000e-01 -3.367315969383744812e-18
7.399902343750000000e-01 -1.699007696631572259e-16
7.401123046875000000e-01 -1.149673585146546566e-17
7.402343750000000000e-01 -7.513730696480501352e-17
7.403564453125000000e-01 -7.037520305210703133e-17
7.404785156250000000e-01 -1.962615573354718958e-17
7.406005859375000000e-01 -8.187193890357249082e-17
7.407226562500000000e-01 7.850462293418875834e-17
7.408447265625000000e-01 5.887846720064157183e-17
7.409667968750000000e-01 -2.125203970996353437e-16
7.410888671875000000e-01 -1.570092458683775167e-16
7.412109375000000000e-01 -7.513730696480501352e-17
7.413330078125000000e-01 -7.513730696480501352e-17
7.414550781250000000e-01 -4.738173134917610001e-17
7.415771484375000000e-01 -8.663404281627048534e-17
7.416992187500000000e-01 1.962615573354718958e-17
7.418212890625000000e-01 8.129419882081723927e-18
7.419433593750000000e-01 -3.112289158501265832e-17
7.420654296875000000e-01 -6.700788708272328652e-17
7.421875000000000000e-01 -1.962615573354718958e-17
7.423095703125000000e-01 4.401441537979236136e-17
7.424316406250000000e-01 -6.700788708272328652e-17
7.425537109375000000e-01 -9.813077866773594484e-17
7.426757812500000000e-01 -3.588499549771064052e-17
7.427978515625000000e-01 8.326672684688674053e-17
7.429199218750000000e-01 -5.887846720064157183e-17
7.430419921875000000e-01 -1.110223024625156540e-16
7.431640625000000000e-01 5.887846720064157183e-17
7.432861328125000000e-01 -1.062601985498176718e-16
7.434082031250000000e-01 -5.887846720064157183e-17
7.435302734375000000e-01 8.129419882081723927e-18
7.436523437500000000e-01 -6.700788708272328652e-17
7.437744140625000000e-01 9.139614672896846754e-17
7.438964843750000000e-01 -1.110223024625156540e-16
7.440185546875000000e-01 -3.367315969383744812e-18
7.441406250000000000e-01 -5.551115123125782702e-17
7.442626953125000000e-01 3.588499549771064052e-17
7.443847656250000000e-01 -1.110223024625156540e-16
7.445068359375000000e-01 -1.177569344012831437e-16
7.446289062500000000e-01 -3.925231146709437917e-17
7.447509765625000000e-01 -7.850462293418875834e-17
7.448730468750000000e-01 -1.895269253967044001e-16
7.449951171875000000e-01 -2.646642323615094259e-16
7.451171875000000000e-01 0.000000000000000000e+00
7.452392578125000000e-01 -1.536419298989937719e-16
7.453613281250000000e-01 -9.813077866773594484e-17
7.454833984375000000e-01 -3.925231146709437917e-17
7.456054687500000000e-01 2.775557561562891351e-17
7.457275390625000000e-01 1.625883976416344785e-17
7.458496093750000000e-01 -1.861596094273206799e-16
7.459716796875000000e-01 -9.476346269835220003e-17
7.460937500000000000e-01 -6.700788708272328652e-17
7.462158203125000000e-01 1.962615573354718958e-17
7.463378906250000000e-01 -8.326672684688674053e-17
7.464599609375000000e-01 -6.224578317002531665e-17
7.465820312500000000e-01 1.962615573354718958e-17
7.467041015625000000e-01 3.588499549771064052e-17
7.468261718750000000e-01 -1.813975055146226854e-16
7.469482421875000000e-01 -7.513730696480501352e-17
7.470703125000000000e-01 5.551115123125782702e-17
7.471923828125000000e-01 2.775557561562891351e-17
7.473144531250000000e-01 -5.887846720064157183e-17
7.474365234375000000e-01 -2.775557561562891351e-17
7.475585937500000000e-01 -9.139614672896846754e-17
7.476806640625000000e-01 1.421451940475283124e-16
7.478027343750000000e-01 -2.057857651608678541e-16
7.479248046875000000e-01 0.000000000000000000e+00
7.480468750000000000e-01 -2.057857651608678541e-16
7.481689453125000000e-01 -1.149673585146546566e-17
7.482910156250000000e-01 -1.699007696631572259e-16
7.484130859375000000e-01 1.625883976416344785e-17
7.485351562500000000e-01 -1.625883976416344785e-17
7.486572265625000000e-01 2.775557561562891351e-17
7.487792968750000000e-01 -2.727936522435911406e-16
7.489013671875000000e-01 -1.258863542833648583e-16
7.490234375000000000e-01 3.925231146709437917e-17
7.491455078125000000e-01 -1.225190383139811135e-16
7.492675781250000000e-01 -4.738173134917610001e-17
7.493896484375000000e-01 -7.850462293418875834e-17
7.495117187500000000e-01 3.367315969383744812e-18
7.496337890625000000e-01 1.225190383139811135e-16
7.497558593750000000e-01 -3.588499549771064052e-17
7.498779296875000000e-01 0.000000000000000000e+00
7.500000000000000000e-01 -1.534868885165752924e-18
7.501220703125000000e-01 6.321830401832470581e-18
7.502441406250000000e-01 -4.763912045175873151e-17
7.503662109375000000e-01 5.848923479238182288e-18
7.504882812500000000e-01 -2.742353870030522778e-17
7.506103515625000000e-01 5.865533753146578988e-17
7.507324218750000000e-01 -2.505862271157122123e-17
7.508544921875000000e-01 -1.028975624324524052e-16
7.509765625000000000e-01 3.548051609458813260e-17
7.510986328125000000e-01 6.366299631563321348e-17
7.512207031250000000e-01 3.316981021447840128e-18
7.513427734375000000e-01 -2.697291717236594000e-17
7.514648437500000000e-01 -3.429466996843211213e-17
7.515869140625000000e-01 9.362085759412330788e-17
7.517089843750000000e-01 -5.475220971051797392e-17
7.518310546875000000e-01 7.079840186330343954e-17
7.519531250000000000e-01 -1.661277511268738851e-16
7.520751953125000000e-01 -2.730247841067772328e-17
7.521972656250000000e-01 -5.485613308185302999e-18
7.523193359375000000e-01 -4.006276185913397328e-17
7.524414062500000000e-01 2.076127940750839215e-17
7.525634765625000000e-01 4.145519486626117717e-17
7.526855468750000000e-01 -3.963693958115142222e-17
7.528076171875000000e-01 -1.391831638218489068e-16
7.529296875000000000e-01 4.307914501221792258e-17
7.530517578125000000e-01 -2.553191235959711837e-17
7.531738281250000000e-01 -1.959614051140373890e-17
7.532958984375000000e-01 2.712761854768888025e-17
7.534179687500000000e-01 6.727790258822703063e-17
7.535400390625000000e-01 4.871835529974683693e-17
7.536621093750000000e-01 -8.692539873521811937e-17
7.537841796875000000e-01 2.140915283732095149e-17
7.539062500000000000e-01 -1.288984964505788515e-17
7.540283203125000000e-01 -2.619470877544663415e-17
7.541503906250000000e-01 1.194322387956943773e-17
7.542724609375000000e-01 -2.758048356387849567e-17
7.543945312500000000e-01 9.505306605749632085e-17
7.545166015625000000e-01 9.365629508956097244e-17
7.546386718750000000e-01 -5.006337355951265078e-17
7.547607421875000000e-01 -7.897086849545027259e-18
7.548828125000000000e-01 6.933242369395742747e-17
7.550048828125000000e-01 6.853709547002862596e-19
7.551269531250000000e-01 9.535322988711854930e-17
7.552490234375000000e-01 -3.480779829471543743e-17
7.553710937500000000e-01 1.613841651672474097e-17
7.554931640625000000e-01 5.308923307578601843e-17
7.556152343750000000e-01 -7.154669310000353986e-17
7.557373046875000000e-01 2.026603061248092586e-18
7.558593750000000000e-01 -8.707151707577715600e-17
7.559814453125000000e-01 1.937787444057722814e-17
7.561035156250000000e-01 -6.052827262015736765e-17
7.562255859375000000e-01 6.948642469027355991e-17
7.563476562500000000e-01 1.153591111524576718e-16
7.564697265625000000e-01 3.382710778154773834e-17
7.565917968750000000e-01 -4.597017211338538800e-17
7.567138671875000000e-01 -5.811323644522303766e-17
7.568359375000000000e-01 -4.510281037539698445e-17
7.569580078125000000e-01 0.000000000000000000e+00
7.570800781250000000e-01 7.372574772901430151e-17
7.572021484375000000e-01 4.597017211338538800e-17
7.573242187500000000e-01 2.602085213965210642e-17
7.574462890625000000e-01 2.142383492831356762e-16
7.575683593750000000e-01 1.014813233446432150e-16
7.576904296875000000e-01 -6.071532165918824830e-18
7.578125000000000000e-01 3.729655473350135253e-17
7.579345703125000000e-01 5.811323644522303766e-17
7.580566406250000000e-01 -1.734723475976807094e-18
7.581787109375000000e-01 -2.688821387764050996e-17
7.583007812500000000e-01 6.852157730108388023e-17
7.584228515625000000e-01 1.413799632921097782e-16
7.585449218750000000e-01 5.811323644522303766e-17
7.586669921875000000e-01 -4.857225732735059864e-17
7.587890625000000000e-01 4.250072516143177381e-17
7.589111328125000000e-01 4.510281037539698445e-17
7.590332031250000000e-01 3.556183125752454544e-17
7.591552734375000000e-01 -2.255140518769849223e-17
7.592773437500000000e-01 -7.459310946700270506e-17
7.593994140625000000e-01 1.344410693882025498e-16
7.595214843750000000e-01 -8.153200337090993344e-17
7.596435546875000000e-01 6.678685382510707313e-17
7.597656250000000000e-01 -4.943961906533900219e-17
7.598876953125000000e-01 -1.127570259384924611e-17
7.600097656250000000e-01 -7.806255641895631925e-17
7.601318359375000000e-01 -5.811323644522303766e-17
7.602539062500000000e-01 -4.683753385137379155e-17
7.603759765625000000e-01 -1.231653667943533037e-16
7.604980468750000000e-01 -3.989863994746656317e-17
7.606201171875000000e-01 -1.335737076502141463e-16
7.607421875000000000e-01 2.602085213965210642e-18
7.608642578125000000e-01 -9.194034422677077600e-17
7.609863281250000000e-01 -2.949029909160572061e-17
7.611083984375000000e-01 -5.811323644522303766e-17
7.612304687500000000e-01 4.857225732735059864e-17
7.613525390625000000e-01 6.852157730108388023e-17
7.614746093750000000e-01 -1.110223024625156540e-16
7.615966796875000000e-01 -3.382710778154773834e-17
7.617187500000000000e-01 2.168404344971008868e-17
7.618408203125000000e-01 8.413408858487514408e-17
7.619628906250000000e-01 -1.734723475976807094e-17
7.620849609375000000e-01 -7.459310946700270506e-17
7.622070312500000000e-01 1.092875789865388469e-16
7.623291015625000000e-01 8.933825901280556536e-17
7.624511718750000000e-01 -2.862293735361731706e-17
7.625732421875000000e-01 -3.642919299551294898e-17
7.626953125000000000e-01 7.892991815694472280e-17
7.628173828125000000e-01 1.040834085586084257e-17
7.629394531250000000e-01 8.673617379884035472e-18
7.630615234375000000e-01 8.673617379884035472e-19
7.631835937500000000e-01 -1.040834085586084257e-17
7.633056640625000000e-01 1.032160468206200221e-16
7.634277343750000000e-01 7.806255641895631925e-18
7.635498046875000000e-01 5.551115123125782702e-17
7.636718750000000000e-01 -7.025630077706068732e-17
7.637939453125000000e-01 1.647987302177966740e-17
7.639160156250000000e-01 -5.117434254131580929e-17
7.640380859375000000e-01 1.040834085586084257e-17
7.641601562500000000e-01 -1.387778780781445676e-17
7.642822265625000000e-01 6.678685382510707313e-17
7.644042968750000000e-01 -6.071532165918824830e-17
7.645263671875000000e-01 -8.153200337090993344e-17
7.646484375000000000e-01 -4.076600168545496672e-17
7.647705078125000000e-01 -6.071532165918824830e-18
7.648925781250000000e-01 1.387778780781445676e-17
7.650146484375000000e-01 -1.127570259384924611e-16
7.651367187500000000e-01 5.204170427930421283e-17
7.652587890625000000e-01 1.569924745759010420e-16
7.653808593750000000e-01 -6.852157730108388023e-17
7.655029296875000000e-01 8.673617379884035472e-18
7.656250000000000000e-01 -1.536893494813220268e-17
7.657470703125000000e-01 -8.290205907226288107e-17
7.658691406250000000e-01 -4.133470833650932521e-18
7.659912109375000000e-01 -1.765873896400243811e-17
7.661132812500000000e-01 -1.968450979564086940e-17
7.662353515625000000e-01 1.232374551101159255e-17
7.663574218750000000e-01 -2.417089639668535932e-17
7.664794921875000000e-01 -1.583724836184381113e-16
7.666015625000000000e-01 6.740754706460570661e-17
7.667236328125000000e-01 8.001658879648181887e-17
7.668457031250000000e-01 6.780788764340721835e-17
7.669677734375000000e-01 -8.702462851743807293e-18
7.670898437500000000e-01 5.149400569628914369e-18
7.672119140625000000e-01 3.421300939860494882e-17
7.673339843750000000e-01 -4.052706968520966554e-17
7.674560546875000000e-01 3.227520227305436744e-17
7.675781250000000000e-01 -6.682382661143147206e-17
7.677001953125000000e-01 -6.346751284510967624e-17
7.678222656250000000e-01 -3.338216279032746649e-18
7.679443359375000000e-01 -4.378016265381169380e-17
7.680664062500000000e-01 1.289294941989574789e-16
7.681884765625000000e-01 2.078304363948226591e-18
7.683105468750000000e-01 4.852289196668317163e-17
7.684326171875000000e-01 -1.127160842463997970e-17
7.685546875000000000e-01 1.078574054841230034e-16
7.686767578125000000e-01 -1.708104573737800860e-16
7.687988281250000000e-01 3.094802272231428537e-17
7.689208984375000000e-01 -1.108696241415604250e-17
7.690429687500000000e-01 9.860481921902701087e-17
7.691650390625000000e-01 8.331657851563804403e-17
7.692871093750000000e-01 -4.185744903920848198e-18
7.694091796875000000e-01 -1.155663807622811821e-17
7.695312500000000000e-01 1.357884523905477409e-17
7.696533203125000000e-01 6.268975940298142188e-17
7.697753906250000000e-01 2.112907541607563508e-17
7.698974609375000000e-01 -1.892175073678396932e-17
7.700195312500000000e-01 7.989144738062137176e-17
7.701416015625000000e-01 1.653943275470192617e-16
7.702636718750000000e-01 3.979955427222811434e-17
7.703857421875000000e-01 9.729673088971024702e-18
7.705078125000000000e-01 9.300900777992705843e-17
7.706298828125000000e-01 3.211173556641210298e-17
7.707519531250000000e-01 1.318437651191539403e-16
7.708740234375000000e-01 2.980612956641591358e-17
7.709960937500000000e-01 3.025530744503109180e-17
7.711181640625000000e-01 8.947275739505102875e-17
7.712402343750000000e-01 -3.338216279032746649e-18
7.713623046875000000e-01 8.762281848372456669e-17
7.714843750000000000e-01 -7.834528860588044118e-18
7.716064453125000000e-01 -2.559466583463230206e-17
7.717285156250000000e-01 -8.482732666768952640e-17
7.718505859375000000e-01 4.533522580491440705e-17
7.719726562500000000e-01 1.838742843890726482e-16
7.720947265625000000e-01 1.217953110930003437e-16
7.722167968750000000e-01 -1.723204870137274579e-17
7.723388671875000000e-01 -2.298935911993711966e-17
7.724609375000000000e-01 1.448655997895113482e-17
7.725830078125000000e-01 -8.867116770665217802e-17
7.727050781250000000e-01 2.948920403290717222e-17
7.728271484375000000e-01 3.492294949469789074e-17
7.729492187500000000e-01 7.269710026500673515e-17
7.730712890625000000e-01 1.337909805106396448e-16
7.731933593750000000e-01 8.236582909303018109e-17
7.733154296875000000e-01 -1.312534108986377315e-17
7.734375000000000000e-01 3.999138459847101420e-17
7.735595703125000000e-01 5.156228019949621994e-17
7.736816406250000000e-01 6.680559187950883291e-17
7.738037109375000000e-01 -5.295921364553110868e-17
7.739257812500000000e-01 9.134948428227730040e-18
7.740478515625000000e-01 1.023765206413784996e-16
7.741699218750000000e-01 -4.384920277057303700e-18
7.742919921875000000e-01 -1.153325293672629318e-16
7.744140625000000000e-01 1.605123454497733255e-16
7.745361328125000000e-01 3.142575212958305311e-17
7.746582031250000000e-01 9.689587842903358418e-17
7.747802734375000000e-01 -3.656314791421354020e-19
7.749023437500000000e-01 7.343149570426298752e-17
7.750244140625000000e-01 2.081668171172168513e-16
7.751464843750000000e-01 -4.163336342344337027e-17
7.752685546875000000e-01 4.163336342344337027e-17
7.753906250000000000e-01 4.163336342344337027e-17
7.755126953125000000e-01 -1.387778780781445676e-17
7.756347656250000000e-01 -4.163336342344337027e-17
7.757568359375000000e-01 -9.714451465470119729e-17
7.758789062500000000e-01 8.326672684688674053e-17
7.760009765625000000e-01 -4.163336342344337027e-17
7.761230468750000000e-01 -4.163336342344337027e-17
7.762451171875000000e-01 -1.526556658859590243e-16
7.763671875000000000e-01 4.163336342344337027e-17
7.764892578125000000e-01 -9.714451465470119729e-17
7.766113281250000000e-01 -4.163336342344337027e-17
7.767333984375000000e-01 1.387778780781445676e-17
7.768554687500000000e-01 9.714451465470119729e-17
7.769775390625000000e-01 1.387778780781445676e-17
7.770996093750000000e-01 -1.110223024625156540e-16
7.772216796875000000e-01 -8.326672684688674053e-17
7.773437500000000000e-01 2.775557561562891351e-17
7.774658203125000000e-01 8.326672684688674053e-17
7.775878906250000000e-01 1.387778780781445676e-17
7.777099609375000000e-01 -1.804112415015879378e-16
7.778320312500000000e-01 8.326672684688674053e-17
7.779541015625000000e-01 5.551115123125782702e-17
7.780761718750000000e-01 -2.775557561562891351e-17
7.781982421875000000e-01 0.000000000000000000e+00
7.783203125000000000e-01 9.714451465470119729e-17
7.784423828125000000e-01 5.551115123125782702e-17
7.785644531250000000e-01 0.000000000000000000e+00
7.786865234375000000e-01 -6.938893903907228378e-17
7.788085937500000000e-01 4.163336342344337027e-17
7.789306640625000000e-01 5.551115123125782702e-17
7.790527343750000000e-01 -2.775557561562891351e-17
7.791748046875000000e-01 4.163336342344337027e-17
7.792968750000000000e-01 -4.163336342344337027e-17
7.794189453125000000e-01 6.938893903907228378e-17
7.795410156250000000e-01 -4.163336342344337027e-17
7.796630859375000000e-01 -4.163336342344337027e-17
7.797851562500000000e-01 6.938893903907228378e-17
7.799072265625000000e-01 1.110223024625156540e-16
7.800292968750000000e-01 -4.163336342344337027e-17
7.801513671875000000e-01 -2.775557561562891351e-17
7.802734375000000000e-01 9.714451465470119729e-17
7.803955078125000000e-01 -9.714451465470119729e-17
7.805175781250000000e-01 -1.387778780781445676e-17
7.806396484375000000e-01 -1.387778780781445676e-17
7.807617187500000000e-01 1.387778780781445676e-16
7.808837890625000000e-01 5.551115123125782702e-17
7.810058593750000000e-01 5.551115123125782702e-17
7.811279296875000000e-01 -4.163336342344337027e-17
7.812500000000000000e-01 8.326672684688674053e-17
7.813720703125000000e-01 0.000000000000000000e+00
7.814941406250000000e-01 9.714451465470119729e-17
7.816162109375000000e-01 -2.775557561562891351e-17
7.817382812500000000e-01 4.163336342344337027e-17
7.818603515625000000e-01 6.938893903907228378e-17
7.819824218750000000e-01 9.714451465470119729e-17
7.821044921875000000e-01 -5.551115123125782702e-17
7.822265625000000000e-01 1.249000902703301108e-16
7.823486328125000000e-01 5.551115123125782702e-17
7.824707031250000000e-01 9.714451465470119729e-17
7.825927734375000000e-01 4.163336342344337027e-17
7.827148437500000000e-01 8.326672684688674053e-17
7.828369140625000000e-01 8.326672684688674053e-17
7.829589843750000000e-01 4.163336342344337027e-17
7.830810546875000000e-01 0.000000000000000000e+00
7.832031250000000000e-01 -9.714451465470119729e-17
7.833251953125000000e-01 -1.387778780781445676e-17
7.834472656250000000e-01 8.326672684688674053e-17
7.835693359375000000e-01 0.000000000000000000e+00
7.836914062500000000e-01 1.387778780781445676e-17
7.838134765625000000e-01 6.938893903907228378e-17
7.839355468750000000e-01 2.775557561562891351e-17
7.840576171875000000e-01 -6.938893903907228378e-17
7.841796875000000000e-01 6.938893903907228378e-17
7.843017578125000000e-01 -8.326672684688674053e-17
7.844238281250000000e-01 1.387778780781445676e-17
7.845458984375000000e-01 -1.387778780781445676e-17
7.846679687500000000e-01 1.665334536937734811e-16
7.847900390625000000e-01 6.938893903907228378e-17
7.849121093750000000e-01 1.387778780781445676e-17
7.850341796875000000e-01 6.938893903907228378e-17
7.851562500000000000e-01 8.326672684688674053e-17
7.852783203125000000e-01 -4.163336342344337027e-17
7.854003906250000000e-01 9.714451465470119729e-17
7.855224609375000000e-01 0.000000000000000000e+00
7.856445312500000000e-01 8.326672684688674053e-17
7.857666015625000000e-01 1.387778780781445676e-17
7.858886718750000000e-01 8.326672684688674053e-17
7.860107421875000000e-01 -2.775557561562891351e-17
7.861328125000000000e-01 1.249000902703301108e-16
7.862548828125000000e-01 -9.714451465470119729e-17
7.863769531250000000e-01 1.942890293094023946e-16
7.864990234375000000e-01 9.714451465470119729e-17
7.866210937500000000e-01 0.000000000000000000e+00
7.867431640625000000e-01 2.775557561562891351e-17
7.868652343750000000e-01 2.775557561562891351e-17
7.869873046875000000e-01 2.775557561562891351e-17
7.871093750000000000e-01 2.775557561562891351e-17
7.872314453125000000e-01 1.387778780781445676e-17
7.873535156250000000e-01 -9.714451465470119729e-17
7.874755859375000000e-01 0.000000000000000000e+00
7.875976562500000000e-01 1.942890293094023946e-16
7.877197265625000000e-01 5.551115123125782702e-17
7.878417968750000000e-01 -1.387778780781445676e-17
7.879638671875000000e-01 -4.163336342344337027e-17
7.880859375000000000e-01 -1.387778780781445676e-17
7.882080078125000000e-01 -8.326672684688674053e-17
7.883300781250000000e-01 2.775557561562891351e-17
7.884521484375000000e-01 2.775557561562891351e-17
7.885742187500000000e-01 1.665334536937734811e-16
7.886962890625000000e-01 4.163336342344337027e-17
7.888183593750000000e-01 9.714451465470119729e-17
7.889404296875000000e-01 -1.387778780781445676e-17
7.890625000000000000e-01 1.942890293094023946e-16
7.891845703125000000e-01 8.326672684688674053e-17
7.893066406250000000e-01 8.326672684688674053e-17
7.894287109375000000e-01 -1.249000902703301108e-16
7.895507812500000000e-01 1.110223024625156540e-16
7.896728515625000000e-01 1.110223024625156540e-16
7.897949218750000000e-01 8.326672684688674053e-17
7.899169921875000000e-01 -2.775557561562891351e-17
7.900390625000000000e-01 1.110223024625156540e-16
7.901611328125000000e-01 2.775557561562891351e-17
7.902832031250000000e-01 2.081668171172168513e-16
7.904052734375000000e-01 1.665334536937734811e-16
7.905273437500000000e-01 0.000000000000000000e+00
7.906494140625000000e-01 1.665334536937734811e-16
7.907714843750000000e-01 0.000000000000000000e+00
7.908935546875000000e-01 -2.775557561562891351e-17
7.910156250000000000e-01 0.000000000000000000e+00
7.911376953125000000e-01 4.163336342344337027e-17
7.912597656250000000e-01 2.775557561562891351e-17
7.913818359375000000e-01 -1.387778780781445676e-17
7.915039062500000000e-01 2.775557561562891351e-17
7.916259765625000000e-01 -1.387778780781445676e-17
7.917480468750000000e-01 0.000000000000000000e+00
7.918701171875000000e-01 -9.714451465470119729e-17
7.919921875000000000e-01 5.551115123125782702e-17
7.921142578125000000e-01 -6.938893903907228378e-17
7.922363281250000000e-01 5.551115123125782702e-17
7.923583984375000000e-01 1.249000902703301108e-16
7.924804687500000000e-01 8.326672684688674053e-17
7.926025390625000000e-01 1.110223024625156540e-16
7.927246093750000000e-01 0.000000000000000000e+00
7.928466796875000000e-01 -2.775557561562891351e-17
7.929687500000000000e-01 4.163336342344337027e-17
7.930908203125000000e-01 4.163336342344337027e-17
7.932128906250000000e-01 6.938893903907228378e-17
7.933349609375000000e-01 -1.526556658859590243e-16
7.934570312500000000e-01 2.775557561562891351e-17
7.935791015625000000e-01 2.775557561562891351e-17
7.937011718750000000e-01 -5.551115123125782702e-17
7.938232421875000000e-01 -2.775557561562891351e-17
7.939453125000000000e-01 6.938893903907228378e-17
7.940673828125000000e-01 5.551115123125782702e-17
7.941894531250000000e-01 1.110223024625156540e-16
7.943115234375000000e-01 0.000000000000000000e+00
7.944335937500000000e-01 5.551115123125782702e-17
7.945556640625000000e-01 -4.163336342344337027e-17
7.946777343750000000e-01 -2.775557561562891351e-17
7.947998046875000000e-01 0.000000000000000000e+00
7.949218750000000000e-01 2.775557561562891351e-17
7.950439453125000000e-01 1.387778780781445676e-17
7.951660156250000000e-01 -8.326672684688674053e-17
7.952880859375000000e-01 8.326672684688674053e-17
7.954101562500000000e-01 1.110223024625156540e-16
7.955322265625000000e-01 6.938893903907228378e-17
7.956542968750000000e-01 5.551115123125782702e-17
7.957763671875000000e-01 -1.387778780781445676e-17
7.958984375000000000e-01 5.551115123125782702e-17
7.960205078125000000e-01 4.163336342344337027e-17
7.961425781250000000e-01 0.000000000000000000e+00
7.962646484375000000e-01 -2.775557561562891351e-17
7.963867187500000000e-01 1.526556658859590243e-16
7.965087890625000000e-01 1.110223024625156540e-16
7.966308593750000000e-01 0.000000000000000000e+00
7.967529296875000000e-01 5.551115123125782702e-17
7.968750000000000000e-01 6.938893903907228378e-17
7.969970703125000000e-01 1.387778780781445676e-17
7.971191406250000000e-01 2.775557561562891351e-17
7.972412109375000000e-01 8.326672684688674053e-17
7.973632812500000000e-01 5.551115123125782702e-17
7.974853515625000000e-01 5.551115123125782702e-17
7.976074218750000000e-01 1.387778780781445676e-16
7.977294921875000000e-01 -1.387778780781445676e-17
7.978515625000000000e-01 5.551115123125782702e-17
7.979736328125000000e-01 2.359223927328457648e-16
7.980957031250000000e-01 1.665334536937734811e-16
7.982177734375000000e-01 4.163336342344337027e-17
7.983398437500000000e-01 8.326672684688674053e-17
7.984619140625000000e-01 6.938893903907228378e-17
7.985839843750000000e-01 1.249000902703301108e-16
7.987060546875000000e-01 0.000000000000000000e+00
7.988281250000000000e-01 5.551115123125782702e-17
7.989501953125000000e-01 0.000000000000000000e+00
7.990722656250000000e-01 4.163336342344337027e-17
7.991943359375000000e-01 -4.163336342344337027e-17
7.993164062500000000e-01 6.938893903907228378e-17
7.994384765625000000e-01 8.326672684688674053e-17
7.995605468750000000e-01 8.326672684688674053e-17
7.996826171875000000e-01 4.163336342344337027e-17
7.998046875000000000e-01 -1.387778780781445676e-17
7.999267578125000000e-01 -5.551115123125782702e-17
8.000488281250000000e-01 5.551115123125782702e-17
8.001708984375000000e-01 9.714451465470119729e-17
8.002929687500000000e-01 2.775557561562891351e-17
8.004150390625000000e-01 1.804112415015879378e-16
8.005371093750000000e-01 2.775557561562891351e-17
8.006591796875000000e-01 -2.775557561562891351e-17
8.007812500000000000e-01 1.387778780781445676e-16
8.009033203125000000e-01 0.000000000000000000e+00
8.010253906250000000e-01 4.163336342344337027e-17
8.011474609375000000e-01 4.163336342344337027e-17
8.012695312500000000e-01 4.163336342344337027e-17
8.013916015625000000e-01 5.551115123125782702e-17
8.015136718750000000e-01 9.714451465470119729e-17
8.016357421875000000e-01 -2.775557561562891351e-17
8.017578125000000000e-01 2.775557561562891351e-17
8.018798828125000000e-01 9.714451465470119729e-17
8.020019531250000000e-01 2.081668171172168513e-16
8.021240234375000000e-01 1.387778780781445676e-16
8.022460937500000000e-01 1.110223024625156540e-16
8.023681640625000000e-01 5.551115123125782702e-17
8.024902343750000000e-01 1.249000902703301108e-16
8.026123046875000000e-01 6.938893903907228378e-17
8.027343750000000000e-01 6.938893903907228378e-17
8.028564453125000000e-01 9.714451465470119729e-17
8.029785156250000000e-01 2.775557561562891351e-17
8.031005859375000000e-01 2.081668171172168513e-16
8.032226562500000000e-01 1.249000902703301108e-16
8.033447265625000000e-01 1.110223024625156540e-16
8.034667968750000000e-01 9.714451465470119729e-17
8.035888671875000000e-01 8.326672684688674053e-17
8.037109375000000000e-01 4.163336342344337027e-17
8.038330078125000000e-01 -6.938893903907228378e-17
8.039550781250000000e-01 2.775557561562891351e-17
8.040771484375000000e-01 1.110223024625156540e-16
8.041992187500000000e-01 1.249000902703301108e-16
8.043212890625000000e-01 9.714451465470119729e-17
8.044433593750000000e-01 1.110223024625156540e-16
8.045654296875000000e-01 -2.775557561562891351e-17
8.046875000000000000e-01 5.551115123125782702e-17
8.048095703125000000e-01 8.326672684688674053e-17
8.049316406250000000e-01 1.249000902703301108e-16
8.050537109375000000e-01 0.000000000000000000e+00
8.051757812500000000e-01 2.775557561562891351e-17
8.052978515625000000e-01 1.804112415015879378e-16
8.054199218750000000e-01 1.526556658859590243e-16
8.055419921875000000e-01 8.326672684688674053e-17
8.056640625000000000e-01 1.387778780781445676e-16
8.057861328125000000e-01 1.249000902703301108e-16
8.059082031250000000e-01 1.249000902703301108e-16
8.060302734375000000e-01 9.714451465470119729e-17
8.061523437500000000e-01 4.163336342344337027e-17
8.062744140625000000e-01 1.526556658859590243e-16
8.063964843750000000e-01 1.665334536937734811e-16
8.065185546875000000e-01 1.665334536937734811e-16
8.066406250000000000e-01 8.326672684688674053e-17
8.067626953125000000e-01 5.551115123125782702e-17
8.068847656250000000e-01 1.387778780781445676e-17
8.070068359375000000e-01 9.714451465470119729e-17
8.071289062500000000e-01 1.249000902703301108e-16
8.072509765625000000e-01 6.938893903907228378e-17
8.073730468750000000e-01 1.110223024625156540e-16
8.074951171875000000e-01 0.000000000000000000e+00
8.076171875000000000e-01 6.938893903907228378e-17
8.077392578125000000e-01 2.775557561562891351e-17
8.078613281250000000e-01 1.387778780781445676e-17
8.079833984375000000e-01 1.110223024625156540e-16
8.081054687500000000e-01 1.387778780781445676e-16
8.082275390625000000e-01 1.110223024625156540e-16
8.083496093750000000e-01 5.551115123125782702e-17
8.084716796875000000e-01 -8.326672684688674053e-17
8.085937500000000000e-01 8.326672684688674053e-17
8.087158203125000000e-01 1.249000902703301108e-16
8.088378906250000000e-01 1.387778780781445676e-16
8.089599609375000000e-01 5.551115123125782702e-17
8.090820312500000000e-01 4.163336342344337027e-17
8.092041015625000000e-01 1.526556658859590243e-16
8.093261718750000000e-01 1.387778780781445676e-16
8.094482421875000000e-01 6.938893903907228378e-17
8.095703125000000000e-01 2.359223927328457648e-16
8.096923828125000000e-01 0.000000000000000000e+00
8.098144531250000000e-01 5.551115123125782702e-17
8.099365234375000000e-01 8.326672684688674053e-17
8.100585937500000000e-01 1.804112415015879378e-16
8.101806640625000000e-01 4.163336342344337027e-17
8.103027343750000000e-01 -2.775557561562891351e-17
8.104248046875000000e-01 8.326672684688674053e-17
8.105468750000000000e-01 4.163336342344337027e-17
8.106689453125000000e-01 8.326672684688674053e-17
8.107910156250000000e-01 -9.714451465470119729e-17
8.109130859375000000e-01 9.714451465470119729e-17
8.110351562500000000e-01 9.714451465470119729e-17
8.111572265625000000e-01 1.665334536937734811e-16
8.112792968750000000e-01 1.665334536937734811e-16
8.114013671875000000e-01 5.551115123125782702e-17
8.115234375000000000e-01 1.942890293094023946e-16
8.116455078125000000e-01 -9.714451465470119729e-17
8.117675781250000000e-01 1.387778780781445676e-17
8.118896484375000000e-01 2.775557561562891351e-17
8.120117187500000000e-01 1.110223024625156540e-16
8.121337890625000000e-01 1.249000902703301108e-16
8.122558593750000000e-01 9.714451465470119729e-17
8.123779296875000000e-01 1.110223024625156540e-16
8.125000000000000000e-01 6.938893903907228378e-17
8.126220703125000000e-01 1.387778780781445676e-17
8.127441406250000000e-01 -1.387778780781445676e-17
8.128662109375000000e-01 -5.551115123125782702e-17
8.129882812500000000e-01 2.775557561562891351e-17
8.131103515625000000e-01 1.110223024625156540e-16
8.132324218750000000e-01 6.938893903907228378e-17
8.133544921875000000e-01 -6.938893903907228378e-17
8.134765625000000000e-01 2.775557561562891351e-17
8.135986328125000000e-01 8.326672684688674053e-17
8.137207031250000000e-01 9.714451465470119729e-17
8.138427734375000000e-01 5.551115123125782702e-17
8.139648437500000000e-01 8.326672684688674053e-17
8.140869140625000000e-01 2.775557561562891351e-17
8.142089843750000000e-01 8.326672684688674053e-17
8.143310546875000000e-01 4.163336342344337027e-17
8.144531250000000000e-01 -5.551115123125782702e-17
8.145751953125000000e-01 4.163336342344337027e-17
8.146972656250000000e-01 5.551115123125782702e-17
8.148193359375000000e-01 1.387778780781445676e-17
8.149414062500000000e-01 -1.387778780781445676e-17
8.150634765625000000e-01 8.326672684688674053e-17
8.151855468750000000e-01 1.110223024625156540e-16
8.153076171875000000e-01 2.775557561562891351e-17
8.154296875000000000e-01 -2.775557561562891351e-17
8.155517578125000000e-01 0.000000000000000000e+00
8.156738281250000000e-01 5.551115123125782702e-17
8.157958984375000000e-01 2.775557561562891351e-17
8.159179687500000000e-01 4.163336342344337027e-17
8.160400390625000000e-01 1.387778780781445676e-17
8.161621093750000000e-01 4.163336342344337027e-17
8.162841796875000000e-01 1.387778780781445676e-17
8.164062500000000000e-01 -5.551115123125782702e-17
8.165283203125000000e-01 -2.775557561562891351e-17
8.166503906250000000e-01 5.551115123125782702e-17
8.167724609375000000e-01 0.000000000000000000e+00
8.168945312500000000e-01 1.110223024625156540e-16
8.170166015625000000e-01 8.326672684688674053e-17
8.171386718750000000e-01 1.110223024625156540e-16
8.172607421875000000e-01 -6.938893903907228378e-17
8.173828125000000000e-01 1.110223024625156540e-16
8.175048828125000000e-01 8.326672684688674053e-17
8.176269531250000000e-01 1.387778780781445676e-16
8.177490234375000000e-01 1.526556658859590243e-16
8.178710937500000000e-01 1.249000902703301108e-16
8.179931640625000000e-01 9.714451465470119729e-17
8.181152343750000000e-01 -8.326672684688674053e-17
8.182373046875000000e-01 -6.938893903907228378e-17
8.183593750000000000e-01 1.387778780781445676e-17
8.184814453125000000e-01 5.551115123125782702e-17
8.186035156250000000e-01 -6.938893903907228378e-17
8.187255859375000000e-01 0.000000000000000000e+00
8.188476562500000000e-01 4.163336342344337027e-17
8.189697265625000000e-01 0.000000000000000000e+00
8.190917968750000000e-01 -4.163336342344337027e-17
8.192138671875000000e-01 6.938893903907228378e-17
8.193359375000000000e-01 2.775557561562891351e-17
8.194580078125000000e-01 -8.326672684688674053e-17
8.195800781250000000e-01 5.551115123125782702e-17
8.197021484375000000e-01 1.249000902703301108e-16
8.198242187500000000e-01 4.163336342344337027e-17
8.199462890625000000e-01 1.110223024625156540e-16
8.200683593750000000e-01 1.110223024625156540e-16
8.201904296875000000e-01 9.714451465470119729e-17
8.203125000000000000e-01 5.551115123125782702e-17
8.204345703125000000e-01 4.163336342344337027e-17
8.205566406250000000e-01 1.387778780781445676e-17
8.206787109375000000e-01 0.000000000000000000e+00
8.208007812500000000e-01 1.665334536937734811e-16
8.209228515625000000e-01 1.526556658859590243e-16
8.210449218750000000e-01 8.326672684688674053e-17
8.211669921875000000e-01 0.000000000000000000e+00
8.212890625000000000e-01 1.387778780781445676e-17
8.214111328125000000e-01 4.163336342344337027e-17
8.215332031250000000e-01 1.387778780781445676e-16
8.216552734375000000e-01 1.249000902703301108e-16
8.217773437500000000e-01 -5.551115123125782702e-17
8.218994140625000000e-01 1.110223024625156540e-16
8.220214843750000000e-01 1.387778780781445676e-17
8.221435546875000000e-01 9.714451465470119729e-17
8.222656250000000000e-01 -5.551115123125782702e-17
8.223876953125000000e-01 5.551115123125782702e-17
8.225097656250000000e-01 5.551115123125782702e-17
8.226318359375000000e-01 -1.387778780781445676e-17
8.227539062500000000e-01 9.714451465470119729e-17
8.228759765625000000e-01 0.000000000000000000e+00
8.229980468750000000e-01 -2.775557561562891351e-17
8.231201171875000000e-01 5.551115123125782702e-17
8.232421875000000000e-01 -1.387778780781445676e-17
8.233642578125000000e-01 -1.387778780781445676e-17
8.234863281250000000e-01 4.163336342344337027e-17
8.236083984375000000e-01 8.326672684688674053e-17
8.237304687500000000e-01 5.551115123125782702e-17
8.238525390625000000e-01 9.714451465470119729e-17
8.239746093750000000e-01 1.387778780781445676e-17
8.240966796875000000e-01 -2.775557561562891351e-17
8.242187500000000000e-01 4.163336342344337027e-17
8.243408203125000000e-01 1.249000902703301108e-16
8.244628906250000000e-01 1.110223024625156540e-16
8.245849609375000000e-01 -9.714451465470119729e-17
8.247070312500000000e-01 1.110223024625156540e-16
8.248291015625000000e-01 1.526556658859590243e-16
8.249511718750000000e-01 4.163336342344337027e-17
8.250732421875000000e-01 -2.775557561562891351e-17
8.251953125000000000e-01 1.387778780781445676e-17
8.253173828125000000e-01 2.775557561562891351e-17
8.254394531250000000e-01 1.110223024625156540e-16
8.255615234375000000e-01 4.163336342344337027e-17
8.256835937500000000e-01 6.938893903907228378e-17
8.258056640625000000e-01 5.551115123125782702e-17
8.259277343750000000e-01 -1.387778780781445676e-17
8.260498046875000000e-01 8.326672684688674053e-17
8.261718750000000000e-01 0.000000000000000000e+00
8.262939453125000000e-01 4.163336342344337027e-17
8.264160156250000000e-01 -2.775557561562891351e-17
8.265380859375000000e-01 -1.387778780781445676e-17
8.266601562500000000e-01 1.249000902703301108e-16
8.267822265625000000e-01 2.081668171172168513e-16
8.269042968750000000e-01 8.326672684688674053e-17
8.270263671875000000e-01 -1.110223024625156540e-16
8.271484375000000000e-01 -5.551115123125782702e-17
8.272705078125000000e-01 -6.938893903907228378e-17
8.273925781250000000e-01 1.387778780781445676e-17
8.275146484375000000e-01 2.775557561562891351e-17
8.276367187500000000e-01 8.326672684688674053e-17
8.277587890625000000e-01 1.804112415015879378e-16
8.278808593750000000e-01 2.775557561562891351e-17
8.280029296875000000e-01 0.000000000000000000e+00
8.281250000000000000e-01 9.714451465470119729e-17
8.282470703125000000e-01 2.775557561562891351e-17
8.283691406250000000e-01 4.163336342344337027e-17
8.284912109375000000e-01 4.163336342344337027e-17
8.286132812500000000e-01 8.326672684688674053e-17
8.287353515625000000e-01 1.804112415015879378e-16
8.288574218750000000e-01 2.081668171172168513e-16
8.289794921875000000e-01 0.000000000000000000e+00
8.291015625000000000e-01 6.938893903907228378e-17
8.292236328125000000e-01 6.938893903907228378e-17
8.293457031250000000e-01 5.551115123125782702e-17
8.294677734375000000e-01 9.714451465470119729e-17
8.295898437500000000e-01 6.938893903907228378e-17
8.297119140625000000e-01 1.110223024625156540e-16
8.298339843750000000e-01 4.163336342344337027e-17
8.299560546875000000e-01 -1.387778780781445676e-17
8.300781250000000000e-01 1.387778780781445676e-17
8.302001953125000000e-01 4.163336342344337027e-17
8.303222656250000000e-01 5.551115123125782702e-17
8.304443359375000000e-01 2.775557561562891351e-17
8.305664062500000000e-01 4.163336342344337027e-17
8.306884765625000000e-01 8.326672684688674053e-17
8.308105468750000000e-01 1.387778780781445676e-17
8.309326171875000000e-01 -5.551115123125782702e-17
8.310546875000000000e-01 -1.387778780781445676e-17
8.311767578125000000e-01 -1.665334536937734811e-16
8.312988281250000000e-01 1.387778780781445676e-17
8.314208984375000000e-01 1.249000902703301108e-16
8.315429687500000000e-01 1.110223024625156540e-16
8.316650390625000000e-01 1.387778780781445676e-17
8.317871093750000000e-01 6.938893903907228378e-17
8.319091796875000000e-01 9.714451465470119729e-17
8.320312500000000000e-01 9.714451465470119729e-17
8.321533203125000000e-01 8.326672684688674053e-17
8.322753906250000000e-01 5.551115123125782702e-17
8.323974609375000000e-01 -5.551115123125782702e-17
8.325195312500000000e-01 5.551115123125782702e-17
8.326416015625000000e-01 4.163336342344337027e-17
8.327636718750000000e-01 6.938893903907228378e-17
8.328857421875000000e-01 6.938893903907228378e-17
8.330078125000000000e-01 6.938893903907228378e-17
8.331298828125000000e-01 5.551115123125782702e-17
8.332519531250000000e-01 1.665334536937734811e-16
8.333740234375000000e-01 8.326672684688674053e-17
8.334960937500000000e-01 4.163336342344337027e-17
8.336181640625000000e-01 9.714451465470119729e-17
8.337402343750000000e-01 2.775557561562891351e-17
8.338623046875000000e-01 1.526556658859590243e-16
8.339843750000000000e-01 2.775557561562891351e-17
8.341064453125000000e-01 6.938893903907228378e-17
8.342285156250000000e-01 2.775557561562891351e-17
8.343505859375000000e-01 1.665334536937734811e-16
8.344726562500000000e-01 1.526556658859590243e-16
8.345947265625000000e-01 1.665334536937734811e-16
8.347167968750000000e-01 1.110223024625156540e-16
8.348388671875000000e-01 2.775557561562891351e-17
8.349609375000000000e-01 6.938893903907228378e-17
8.350830078125000000e-01 -2.775557561562891351e-17
8.352050781250000000e-01 4.163336342344337027e-17
8.353271484375000000e-01 1.387778780781445676e-16
8.354492187500000000e-01 5.551115123125782702e-17
8.355712890625000000e-01 1.942890293094023946e-16
8.356933593750000000e-01 1.110223024625156540e-16
8.358154296875000000e-01 8.326672684688674053e-17
8.359375000000000000e-01 6.938893903907228378e-17
8.360595703125000000e-01 1.665334536937734811e-16
8.361816406250000000e-01 0.000000000000000000e+00
8.363037109375000000e-01 0.000000000000000000e+00
8.364257812500000000e-01 0.000000000000000000e+00
8.365478515625000000e-01 1.665334536937734811e-16
8.366699218750000000e-01 1.387778780781445676e-17
8.367919921875000000e-01 1.387778780781445676e-16
8.369140625000000000e-01 5.551115123125782702e-17
8.370361328125000000e-01 4.163336342344337027e-17
8.371582031250000000e-01 5.551115123125782702e-17
8.372802734375000000e-01 2.220446049250313081e-16
8.374023437500000000e-01 2.775557561562891351e-17
8.375244140625000000e-01 1.249000902703301108e-16
8.376464843750000000e-01 -1.387778780781445676e-17
8.377685546875000000e-01 8.326672684688674053e-17
8.378906250000000000e-01 2.775557561562891351e-17
8.380126953125000000e-01 2.775557561562891351e-17
8.381347656250000000e-01 -1.387778780781445676e-17
8.382568359375000000e-01 5.551115123125782702e-17
8.383789062500000000e-01 9.714451465470119729e-17
8.385009765625000000e-01 1.110223024625156540e-16
8.386230468750000000e-01 -5.551115123125782702e-17
8.387451171875000000e-01 -2.775557561562891351e-17
8.388671875000000000e-01 -1.387778780781445676e-17
8.389892578125000000e-01 -2.775557561562891351e-17
8.391113281250000000e-01 -2.775557561562891351e-17
8.392333984375000000e-01 1.110223024625156540e-16
8.393554687500000000e-01 6.938893903907228378e-17
8.394775390625000000e-01 1.804112415015879378e-16
8.395996093750000000e-01 2.775557561562891351e-17
8.397216796875000000e-01 0.000000000000000000e+00
8.398437500000000000e-01 1.526556658859590243e-16
8.399658203125000000e-01 1.387778780781445676e-16
8.400878906250000000e-01 1.249000902703301108e-16
8.402099609375000000e-01 -9.714451465470119729e-17
8.403320312500000000e-01 5.551115123125782702e-17
8.404541015625000000e-01 1.387778780781445676e-16
8.405761718750000000e-01 2.775557561562891351e-17
8.406982421875000000e-01 9.714451465470119729e-17
8.408203125000000000e-01 4.163336342344337027e-17
8.409423828125000000e-01 4.163336342344337027e-17
8.410644531250000000e-01 4.163336342344337027e-17
8.411865234375000000e-01 5.551115123125782702e-17
8.413085937500000000e-01 1.110223024625156540e-16
8.414306640625000000e-01 6.938893903907228378e-17
8.415527343750000000e-01 -2.775557561562891351e-17
8.416748046875000000e-01 2.775557561562891351e-17
8.417968750000000000e-01 2.775557561562891351e-17
8.419189453125000000e-01 0.000000000000000000e+00
8.420410156250000000e-01 -2.775557561562891351e-17
8.421630859375000000e-01 0.000000000000000000e+00
8.422851562500000000e-01 -2.775557561562891351e-17
8.424072265625000000e-01 8.326672684688674053e-17
8.425292968750000000e-01 -1.387778780781445676e-17
8.426513671875000000e-01 -6.938893903907228378e-17
8.427734375000000000e-01 6.938893903907228378e-17
8.428955078125000000e-01 -4.163336342344337027e-17
8.430175781250000000e-01 2.775557561562891351e-17
8.431396484375000000e-01 -4.163336342344337027e-17
8.432617187500000000e-01 0.000000000000000000e+00
8.433837890625000000e-01 1.387778780781445676e-17
8.435058593750000000e-01 1.249000902703301108e-16
8.436279296875000000e-01 8.326672684688674053e-17
8.437500000000000000e-01 8.326672684688674053e-17
8.438720703125000000e-01 6.938893903907228378e-17
8.439941406250000000e-01 6.938893903907228378e-17
8.441162109375000000e-01 4.163336342344337027e-17
8.442382812500000000e-01 4.163336342344337027e-17
8.443603515625000000e-01 1.526556658859590243e-16
8.444824218750000000e-01 8.326672684688674053e-17
8.446044921875000000e-01 2.775557561562891351e-17
8.447265625000000000e-01 8.326672684688674053e-17
8.448486328125000000e-01 -1.387778780781445676e-17
8.449707031250000000e-01 1.387778780781445676e-17
8.450927734375000000e-01 2.220446049250313081e-16
8.452148437500000000e-01 8.326672684688674053e-17
8.453369140625000000e-01 1.249000902703301108e-16
8.454589843750000000e-01 6.938893903907228378e-17
8.455810546875000000e-01 1.387778780781445676e-17
8.457031250000000000e-01 -1.387778780781445676e-17
8.458251953125000000e-01 6.938893903907228378e-17
8.459472656250000000e-01 -5.551115123125782702e-17
8.460693359375000000e-01 6.938893903907228378e-17
8.461914062500000000e-01 5.551115123125782702e-17
8.463134765625000000e-01 2.775557561562891351e-17
8.464355468750000000e-01 4.163336342344337027e-17
8.465576171875000000e-01 -8.326672684688674053e-17
8.466796875000000000e-01 1.387778780781445676e-17
8.468017578125000000e-01 0.000000000000000000e+00
8.469238281250000000e-01 6.938893903907228378e-17
8.470458984375000000e-01 0.000000000000000000e+00
8.471679687500000000e-01 0.000000000000000000e+00
8.472900390625000000e-01 1.526556658859590243e-16
8.474121093750000000e-01 0.000000000000000000e+00
8.475341796875000000e-01 4.163336342344337027e-17
8.476562500000000000e-01 4.163336342344337027e-17
8.477783203125000000e-01 -1.526556658859590243e-16
8.479003906250000000e-01 1.387778780781445676e-17
8.480224609375000000e-01 2.775557561562891351e-17
8.481445312500000000e-01 4.163336342344337027e-17
8.482666015625000000e-01 2.775557561562891351e-17
8.483886718750000000e-01 5.551115123125782702e-17
8.485107421875000000e-01 4.163336342344337027e-17
8.486328125000000000e-01 6.938893903907228378e-17
8.487548828125000000e-01 -5.551115123125782702e-17
8.488769531250000000e-01 2.775557561562891351e-17
8.489990234375000000e-01 1.526556658859590243e-16
8.491210937500000000e-01 -2.775557561562891351e-17
8.492431640625000000e-01 9.714451465470119729e-17
8.493652343750000000e-01 -1.387778780781445676e-17
8.494873046875000000e-01 8.326672684688674053e-17
8.496093750000000000e-01 1.249000902703301108e-16
8.497314453125000000e-01 6.938893903907228378e-17
8.498535156250000000e-01 -9.714451465470119729e-17
8.499755859375000000e-01 2.775557561562891351e-17
8.500976562500000000e-01 7.402635210283636168e-17
8.502197265625000000e-01 9.278842320658600442e-17
8.503417968750000000e-01 -3.110994303612040954e-18
8.504638671875000000e-01 6.019208318354030036e-17
8.505859375000000000e-01 -1.823387925592964962e-17
8.507080078125000000e-01 -8.647939682232514397e-17
8.508300781250000000e-01 -1.063623683864722949e-17
8.509521484375000000e-01 2.763926204901297942e-17
8.510742187500000000e-01 -1.774920629662803962e-17
8.511962890625000000e-01 1.524087956537879162e-16
8.513183593750000000e-01 1.041745800850430028e-18
8.514404296875000000e-01 1.135904670235181303e-16
8.515625000000000000e-01 5.235663803912739063e-17
8.516845703125000000e-01 8.521966178303242044e-17
8.518066406250000000e-01 6.038079663240345372e-17
8.519287109375000000e-01 -2.829672687963155913e-18
8.520507812500000000e-01 -1.660578482395125019e-17
8.521728515625000000e-01 1.701144830618975604e-16
8.522949218750000000e-01 4.645948993607059536e-17
8.524169921875000000e-01 1.580099842464062610e-16
8.525390625000000000e-01 7.345464136649796081e-17
8.526611328125000000e-01 -3.048357263176570694e-17
8.527832031250000000e-01 -4.225534782560006559e-18
8.529052734375000000e-01 1.739423826621927478e-16
8.530273437500000000e-01 -5.709572677471783102e-17
8.531494140625000000e-01 1.295375033340941764e-16
8.532714843750000000e-01 4.013582565702015714e-17
8.533935546875000000e-01 7.521329246403154655e-17
8.535156250000000000e-01 -1.072814406392572575e-16
8.536376953125000000e-01 1.546956385991414951e-16
8.537597656250000000e-01 -6.394758290158826853e-17
8.538818359375000000e-01 -2.517277315983687800e-17
8.540039062500000000e-01 -4.431784155106176826e-17
8.541259765625000000e-01 6.292008019967709379e-17
8.542480468750000000e-01 -3.733542875863614445e-17
8.543701171875000000e-01 4.641597104755219993e-17
8.544921875000000000e-01 -7.757293008748266407e-17
8.546142578125000000e-01 3.052837520304073906e-18
8.547363281250000000e-01 5.879622108894344972e-17
8.548583984375000000e-01 7.408928968419266773e-18
8.549804687500000000e-01 -1.446413643894242308e-17
8.551025390625000000e-01 1.802514090464536206e-16
8.552246093750000000e-01 4.443376032182737063e-17
8.553466796875000000e-01 6.180553972072911586e-17
8.554687500000000000e-01 -3.679259901602657972e-17
8.555908203125000000e-01 4.901341139813381321e-17
8.557128906250000000e-01 8.125563512743309357e-17
8.558349609375000000e-01 -5.499512920791982296e-18
8.559570312500000000e-01 -1.597591730430489459e-17
8.560791015625000000e-01 1.573947546215494647e-16
8.562011718750000000e-01 6.096714526353141388e-17
8.563232421875000000e-01 1.291109871581005457e-16
8.564453125000000000e-01 -3.343226640993583581e-18
8.565673828125000000e-01 7.569796542333315656e-17
8.566894531250000000e-01 4.104701479231540394e-17
8.568115234375000000e-01 3.639186151432040233e-18
8.569335937500000000e-01 -2.397119490385212152e-17
8.570556640625000000e-01 4.207451749422657251e-17
8.571777343750000000e-01 -4.307274440655861635e-17
8.572998046875000000e-01 6.334659637567072443e-17
8.574218750000000000e-01 -4.800054659101220393e-17
8.575439453125000000e-01 -7.001880655871863938e-17
8.576660156250000000e-01 -1.311655977660725758e-16
8.577880859375000000e-01 2.655399735964415703e-17
8.579101562500000000e-01 -5.986724267937301989e-17
8.580322265625000000e-01 7.197174149486431929e-17
8.581542968750000000e-01 -2.976666733508255431e-17
8.582763671875000000e-01 -1.686251215286366483e-18
8.583984375000000000e-01 1.383426891929606132e-17
8.585205078125000000e-01 -5.614101875090418262e-17
8.586425781250000000e-01 -3.627904506299614589e-17
8.587646484375000000e-01 1.874743320896008345e-17
8.588867187500000000e-01 -4.761754930353695641e-17
8.590087890625000000e-01 8.316505117506037805e-17
8.591308593750000000e-01 2.094723837727687144e-17
8.592529296875000000e-01 6.823087967160592274e-17
8.593750000000000000e-01 -6.132386590129162107e-18
8.594970703125000000e-01 4.243987073722143345e-17
8.596191406250000000e-01 -5.707138866345343395e-17
8.597412109375000000e-01 -1.307128049403639357e-17
8.598632812500000000e-01 -1.013938400939523163e-16
8.599853515625000000e-01 9.795102196847926048e-17
8.601074218750000000e-01 7.324053704354053658e-18
8.602294921875000000e-01 7.708117121761444788e-17
8.603515625000000000e-01 -5.085051762267990923e-17
8.604736328125000000e-01 -4.928979973288371743e-17
8.605957031250000000e-01 -8.635101399839352944e-17
8.607177734375000000e-01 8.908506491717210480e-17
8.608398437500000000e-01 -4.818709752690377336e-17
8.609619140625000000e-01 5.284821159308227602e-17
8.610839843750000000e-01 3.161018236802935298e-17
8.612060546875000000e-01 1.624501301138871175e-17
8.613281250000000000e-01 -6.553433228667184431e-17
8.614501953125000000e-01 6.632298597280799978e-17
8.615722656250000000e-01 -1.781173526389836902e-16
8.616943359375000000e-01 3.010446673396066359e-17
8.618164062500000000e-01 2.087033120846540979e-17
8.619384765625000000e-01 -3.465915410803492214e-17
8.620605468750000000e-01 -7.592433905729018196e-17
8.621826171875000000e-01 -8.041115652286587576e-18
8.623046875000000000e-01 -1.583850390479994565e-16
8.624267578125000000e-01 -3.579669126791550109e-17
8.625488281250000000e-01 -2.312977696095163060e-17
8.626708984375000000e-01 -3.970581981844285810e-17
8.627929687500000000e-01 -2.001017439794362194e-17
8.629150390625000000e-01 2.011747339143107126e-17
8.630371093750000000e-01 6.939374361507813247e-18
8.631591796875000000e-01 2.122017559741100916e-17
8.632812500000000000e-01 3.161018236802935298e-17
8.634033203125000000e-01 3.204986396660309580e-17
8.635253906250000000e-01 1.128850574859917519e-18
8.636474609375000000e-01 -1.017345174402766756e-16
8.637695312500000000e-01 3.851598004468252800e-19
8.638916015625000000e-01 6.054913035664510155e-17
8.640136718750000000e-01 8.498259034719637803e-18
8.641357421875000000e-01 1.235421854610385349e-17
8.642578125000000000e-01 2.162318902549975140e-17
8.643798828125000000e-01 4.128399949209834960e-17
8.645019531250000000e-01 -1.501667772667881962e-17
8.646240234375000000e-01 -8.441478380837235585e-17
8.647460937500000000e-01 -2.659005687028399541e-17
8.648681640625000000e-01 7.907973748940000756e-17
8.649902343750000000e-01 -5.552900485889974706e-17
8.651123046875000000e-01 4.400058862701762526e-17
8.652343750000000000e-01 -1.694374087407874691e-17
8.653564453125000000e-01 8.065073137780631891e-19
8.654785156250000000e-01 -1.306917995141349291e-16
8.656005859375000000e-01 -3.118970715608130795e-17
8.657226562500000000e-01 2.356858625814218053e-17
8.658447265625000000e-01 8.832304005751650765e-17
8.659667968750000000e-01 -1.187594089389628922e-16
8.660888671875000000e-01 -7.243655802009407519e-17
8.662109375000000000e-01 -8.093616981379748304e-17
8.663330078125000000e-01 -1.056069778203190228e-16
8.664550781250000000e-01 -5.705305457821092904e-17
8.665771484375000000e-01 -3.080319459665070492e-17
8.666992187500000000e-01 -5.624702772203345072e-17
8.668212890625000000e-01 7.561029053744639337e-17
8.669433593750000000e-01 6.401857730859871574e-17
8.670654296875000000e-01 9.062744872172579169e-17
8.671875000000000000e-01 3.851598004468252800e-19
8.673095703125000000e-01 9.642697224916807850e-17
8.674316406250000000e-01 3.702502655262539322e-17
8.675537109375000000e-01 -4.927146564764121868e-17
8.676757812500000000e-01 -4.471765057495015917e-17
8.677978515625000000e-01 1.989679970032228049e-16
8.679199218750000000e-01 7.865838997606876965e-17
8.680419921875000000e-01 1.214311237759770692e-16
8.681640625000000000e-01 1.468429512159251994e-17
8.682861328125000000e-01 -3.351978373156998058e-17
8.684082031250000000e-01 2.735120942855639660e-17
8.685302734375000000e-01 1.619251168229555102e-16
8.686523437500000000e-01 4.051280758982150616e-17
8.687744140625000000e-01 1.045309044408196370e-16
8.688964843750000000e-01 1.063607965525545434e-16
8.690185546875000000e-01 9.949340577303294737e-17
8.691406250000000000e-01 6.978326588214035535e-17
8.692626953125000000e-01 6.867139663353916499e-17
8.693847656250000000e-01 -3.858478352722040912e-17
8.695068359375000000e-01 -1.425465286702322863e-17
8.696289062500000000e-01 2.122017559741100916e-17
8.697509765625000000e-01 1.411176021538550837e-16
8.698730468750000000e-01 4.780154588267434007e-17
8.699951171875000000e-01 -1.385897326497137314e-17
8.701171875000000000e-01 -6.010115401683330532e-17
8.702392578125000000e-01 4.671633867783532868e-18
8.703613281250000000e-01 -1.389564143545637063e-17
8.704833984375000000e-01 -3.080319459665070492e-17
8.706054687500000000e-01 4.743336740848623578e-17
8.707275390625000000e-01 1.673766291780365541e-16
8.708496093750000000e-01 2.928010579254068652e-17
8.709716796875000000e-01 3.548447596465607511e-17
8.710937500000000000e-01 2.043981665251291326e-17
8.712158203125000000e-01 7.745401217685291567e-18
8.713378906250000000e-01 7.207850750372839310e-17
8.714599609375000000e-01 -8.667335725947538377e-17
8.715820312500000000e-01 5.589631103170465230e-17
8.717041015625000000e-01 1.118104756910512246e-16
8.718261718750000000e-01 1.848525237724924092e-17
8.719482421875000000e-01 4.704868806563999537e-17
8.720703125000000000e-01 1.191186656624303599e-18
8.721923828125000000e-01 -9.633800734092313410e-17
8.723144531250000000e-01 1.351925683384818980e-17
8.724365234375000000e-01 -2.848228506378328475e-17
8.725585937500000000e-01 9.908122530232295575e-17
8.726806640625000000e-01 1.338105297757597325e-16
8.728027343750000000e-01 3.774304941575910304e-17
8.729248046875000000e-01 -1.269393497722703683e-17
8.730468750000000000e-01 -2.276159848676352631e-17
8.731689453125000000e-01 -3.735740915771169289e-17
8.732910156250000000e-01 -6.441329599544939533e-17
8.734130859375000000e-01 1.394060434717943079e-17
8.735351562500000000e-01 -3.736657620033293918e-17
8.736572265625000000e-01 6.672599940089673278e-17
8.737792968750000000e-01 -1.182891915386250191e-18
8.739013671875000000e-01 -1.599347566785900271e-16
8.740234375000000000e-01 2.742737503799249108e-18
8.741455078125000000e-01 -1.507281222809584998e-16
8.742675781250000000e-01 -1.078520591506961444e-17
8.743896484375000000e-01 -1.329595400078592033e-16
8.745117187500000000e-01 2.316557283005343521e-17
8.746337890625000000e-01 5.479360882572470823e-17
8.747558593750000000e-01 5.549329760361590698e-17
8.748779296875000000e-01 -1.882580693277461262e-18
8.750000000000000000e-01 6.642711344588740701e-17
8.751220703125000000e-01 3.921083226596622985e-17
8.752441406250000000e-01 3.301168439014504265e-17
8.753662109375000000e-01 -1.606428476590802981e-17
8.754882812500000000e-01 5.255733652134238669e-17
8.756103515625000000e-01 1.598015954299277755e-16
8.757324218750000000e-01 6.740462950607264178e-17
8.758544921875000000e-01 2.531410563849634903e-17
8.759765625000000000e-01 7.154842488371062346e-18
8.760986328125000000e-01 -7.231101321341294240e-17
8.762207031250000000e-01 9.029813850560338296e-18
8.763427734375000000e-01 4.385987062836273939e-17
8.764648437500000000e-01 5.377734707251139935e-17
8.765869140625000000e-01 4.823900393367909087e-17
8.767089843750000000e-01 9.805662513147068444e-17
8.768310546875000000e-01 3.418357638888489586e-17
8.769531250000000000e-01 8.138561717312518177e-17
8.770751953125000000e-01 3.192778963823452022e-17
8.771972656250000000e-01 -5.872443154054346088e-17
8.773193359375000000e-01 2.533401570914099004e-17
8.774414062500000000e-01 2.233107975845238731e-17
8.775634765625000000e-01 -2.233524901922189668e-17
8.776855468750000000e-01 -4.559221586633608138e-18
8.778076171875000000e-01 -6.884199530278489306e-18
8.779296875000000000e-01 -4.729526939534221509e-18
8.780517578125000000e-01 -2.109938818478708643e-17
8.781738281250000000e-01 6.479982459852548274e-17
8.782958984375000000e-01 -8.625005384018003854e-17
8.784179687500000000e-01 -1.064396366870009653e-18
8.785400390625000000e-01 7.761149873905615167e-17
8.786621093750000000e-01 5.754843504691988529e-17
8.787841796875000000e-01 4.804696833765188120e-17
8.789062500000000000e-01 1.069170023922837844e-16
8.790283203125000000e-01 6.869672630783312828e-17
8.791503906250000000e-01 8.406349400433106455e-17
8.792724609375000000e-01 -1.602736863437425758e-17
8.793945312500000000e-01 5.260815995280926647e-17
8.795166015625000000e-01 1.140009662542759487e-16
8.796386718750000000e-01 1.448193837531957909e-16
8.797607421875000000e-01 2.911871625586074571e-17
8.798828125000000000e-01 7.178819182456688643e-17
8.800048828125000000e-01 2.755274272601033320e-17
8.801269531250000000e-01 7.366226715960869746e-17
8.802490234375000000e-01 2.198059673050855629e-17
8.803710937500000000e-01 5.664651767681011071e-17
8.804931640625000000e-01 1.801441522609547796e-16
8.806152343750000000e-01 -1.734123896580519632e-17
8.807373046875000000e-01 2.727163102324039159e-17
8.808593750000000000e-01 5.735426807379950633e-17
8.809814453125000000e-01 1.977658644843591090e-17
8.811035156250000000e-01 -5.789747143759646122e-17
8.812255859375000000e-01 -3.850720082450088394e-17
8.813476562500000000e-01 8.376295649487748927e-17
8.814697265625000000e-01 5.626890361861998679e-17
8.815917968750000000e-01 -2.111741084773868167e-17
8.817138671875000000e-01 8.625649530072463418e-18
8.818359375000000000e-01 1.063324160601620806e-16
8.819580078125000000e-01 -4.415885040048117888e-17
8.820800781250000000e-01 1.127601235799658238e-16
8.822021484375000000e-01 -7.191132837463672359e-17
8.823242187500000000e-01 2.660115839262661926e-17
8.824462890625000000e-01 1.423076834458032167e-16
8.825683593750000000e-01 1.353115287676643160e-16
8.826904296875000000e-01 1.560472315158756058e-16
8.828125000000000000e-01 1.162146137958067138e-16
8.829345703125000000e-01 7.805069732431695774e-17
8.830566406250000000e-01 4.023238019718239529e-17
8.831787109375000000e-01 -1.801161761772635405e-17
8.833007812500000000e-01 5.304602266992505949e-17
8.834228515625000000e-01 1.609176616940901950e-16
8.835449218750000000e-01 1.153727848034607591e-16
8.836669921875000000e-01 7.116596655316803901e-17
8.837890625000000000e-01 9.454114635562634984e-17
8.839111328125000000e-01 -5.776892018597748084e-17
8.840332031250000000e-01 1.186828399986128563e-16
8.841552734375000000e-01 6.292822040556969270e-17
8.842773437500000000e-01 3.713278225011680527e-17
8.843994140625000000e-01 1.008486685152741369e-16
8.845214843750000000e-01 5.567054298805936868e-17
8.846435546875000000e-01 4.792902648845178344e-17
8.847656250000000000e-01 2.603890651723820861e-17
8.848876953125000000e-01 1.329665855664875416e-16
8.850097656250000000e-01 -2.438312730580663380e-18
8.851318359375000000e-01 -5.312700163343546713e-17
8.852539062500000000e-01 5.383368852951269221e-17
8.853759765625000000e-01 7.321327825980119182e-17
8.854980468750000000e-01 2.538948039539265272e-17
8.856201171875000000e-01 4.102314369824339064e-17
8.857421875000000000e-01 -9.981231076741136871e-19
8.858642578125000000e-01 -6.637651533846384515e-17
8.859863281250000000e-01 1.315263959435809811e-16
8.861083984375000000e-01 -1.645124263466383126e-17
8.862304687500000000e-01 4.589357387645798597e-17
8.863525390625000000e-01 1.492976428409953921e-16
8.864746093750000000e-01 1.191006568533124464e-16
8.865966796875000000e-01 9.162465835464105532e-17
8.867187500000000000e-01 2.096281587591828859e-16
8.868408203125000000e-01 9.057856739715537420e-17
8.869628906250000000e-01 1.470728849999745738e-16
8.870849609375000000e-01 3.336570380361957567e-17
8.872070312500000000e-01 1.201230296215193921e-16
8.873291015625000000e-01 1.175284227756105436e-16
8.874511718750000000e-01 9.795333253334829175e-17
8.875732421875000000e-01 1.435673292928487614e-16
8.876953125000000000e-01 -3.328109572738168556e-18
8.878173828125000000e-01 -2.901831910414782090e-17
8.879394531250000000e-01 1.304591529670358383e-16
8.880615234375000000e-01 4.840100647590968315e-17
8.881835937500000000e-01 7.629791947075405153e-17
8.883056640625000000e-01 1.097059273124925630e-17
8.884277343750000000e-01 5.544203136238679323e-17
8.885498046875000000e-01 9.000135878565423016e-17
8.886718750000000000e-01 8.814025466657470466e-17
8.887939453125000000e-01 2.234404558108537851e-17
8.889160156250000000e-01 7.639385517037717407e-18
8.890380859375000000e-01 -4.378900139559314238e-17
8.891601562500000000e-01 1.004096996415150727e-16
8.892822265625000000e-01 5.080321045131815447e-17
8.894042968750000000e-01 6.255837140068166237e-17
8.895263671875000000e-01 5.130820155247488976e-17
8.896484375000000000e-01 7.843550306531772454e-17
8.897705078125000000e-01 -5.374341664158218435e-17
8.898925781250000000e-01 9.319945860256219475e-18
8.900146484375000000e-01 -6.464179186248703805e-17
8.901367187500000000e-01 2.453269466693398698e-18
8.902587890625000000e-01 4.559904002338773319e-17
8.903808593750000000e-01 1.173478789997495278e-16
8.905029296875000000e-01 1.023548803655783685e-16
8.906250000000000000e-01 1.452404466879774362e-16
8.907470703125000000e-01 7.448008461299624271e-17
8.908691406250000000e-01 7.357608650907776663e-17
8.909912109375000000e-01 1.533936965424392561e-19
8.911132812500000000e-01 9.583858660779234129e-17
8.912353515625000000e-01 1.185263207309351913e-16
8.913574218750000000e-01 5.451467372656022479e-17
8.914794921875000000e-01 1.353815544983994743e-16
8.916015625000000000e-01 -7.571373028674787785e-18
8.917236328125000000e-01 -4.729983130975318041e-17
8.918457031250000000e-01 3.702426781519761840e-17
8.919677734375000000e-01 1.786393539201913517e-17
8.920898437500000000e-01 8.575112424174241880e-17
8.922119140625000000e-01 7.967849010192925570e-17
8.923339843750000000e-01 1.907331297623074564e-16
8.924560546875000000e-01 4.927073854426361532e-17
8.925781250000000000e-01 8.153277373152762291e-17
8.927001953125000000e-01 5.100869404817483745e-17
8.928222656250000000e-01 -4.007805040023036975e-17
8.929443359375000000e-01 2.747167361448439548e-17
8.930664062500000000e-01 1.460325799386381967e-17
8.931884765625000000e-01 -8.282037227599117691e-17
8.933105468750000000e-01 -2.328997071362482260e-17
8.934326171875000000e-01 -1.276265109188795568e-18
8.935546875000000000e-01 5.391617436062180949e-18
8.936767578125000000e-01 -1.836059267068373150e-18
8.937988281250000000e-01 4.959597606277422240e-17
8.939208984375000000e-01 -5.934941681587408579e-17
8.940429687500000000e-01 2.782579937202952461e-17
8.941650390625000000e-01 6.110627018608125168e-18
8.942871093750000000e-01 1.081251800565393240e-16
8.944091796875000000e-01 4.585361513842954388e-17
8.945312500000000000e-01 1.424200582082768600e-16
8.946533203125000000e-01 -5.668068978076374868e-18
8.947753906250000000e-01 1.276416028633366340e-16
8.948974609375000000e-01 8.078780968208136595e-17
8.950195312500000000e-01 6.749025246340356380e-17
8.951416015625000000e-01 5.188113313763791904e-17
8.952636718750000000e-01 1.179048934126282356e-16
8.953857421875000000e-01 8.148281482014084091e-17
8.955078125000000000e-01 6.221257839528855425e-17
8.956298828125000000e-01 9.240496077852562142e-17
8.957519531250000000e-01 1.273846194935503301e-16
8.958740234375000000e-01 -2.483098095932012394e-17
8.959960937500000000e-01 7.544744344204332370e-17
8.961181640625000000e-01 1.181471149633225864e-16
8.962402343750000000e-01 7.086962220757914763e-17
8.963623046875000000e-01 1.542582069775044809e-16
8.964843750000000000e-01 9.425827729369103593e-17
8.966064453125000000e-01 3.325436350393559867e-17
8.967285156250000000e-01 -2.138175901380148949e-17
8.968505859375000000e-01 3.838711333519666783e-17
8.969726562500000000e-01 8.269321425844222105e-17
8.970947265625000000e-01 8.038762778695137767e-17
8.972167968750000000e-01 6.399674495118750482e-17
8.973388671875000000e-01 1.167269433174368825e-16
8.974609375000000000e-01 7.404110885019175792e-17
8.975830078125000000e-01 -2.464925706017506603e-17
8.977050781250000000e-01 1.418454187463367656e-16
8.978271484375000000e-01 2.994641669231111997e-17
8.979492187500000000e-01 2.217304175661954124e-17
8.980712890625000000e-01 -2.873472264505913356e-17
8.981933593750000000e-01 1.258723575663822820e-16
8.983154296875000000e-01 1.473542984443762622e-16
8.984375000000000000e-01 1.004109750791212432e-16
8.985595703125000000e-01 5.587592018794956467e-17
8.986816406250000000e-01 3.694819592542270548e-17
8.988037109375000000e-01 -5.359976933516473346e-17
8.989257812500000000e-01 8.472599092997609637e-17
8.990478515625000000e-01 1.118842733250598345e-16
8.991699218750000000e-01 7.323841114472865493e-17
8.992919921875000000e-01 1.439513658007722394e-16
8.994140625000000000e-01 3.919110835269541217e-17
8.995361328125000000e-01 3.742056579335086383e-17
8.996582031250000000e-01 1.164427226887290085e-16
8.997802734375000000e-01 7.197102917670818912e-17
8.999023437500000000e-01 2.806655109697292601e-17
9.000244140625000000e-01 0.000000000000000000e+00
9.001464843750000000e-01 0.000000000000000000e+00
9.002685546875000000e-01 0.000000000000000000e+00
9.003906250000000000e-01 0.000000000000000000e+00
9.005126953125000000e-01 0.000000000000000000e+00
9.006347656250000000e-01 -1.110223024625156540e-16
9.007568359375000000e-01 -1.110223024625156540e-16
9.008789062500000000e-01 -1.110223024625156540e-16
9.010009765625000000e-01 0.000000000000000000e+00
9.011230468750000000e-01 1.110223024625156540e-16
9.012451171875000000e-01 -1.110223024625156540e-16
9.013671875000000000e-01 -1.110223024625156540e-16
9.014892578125000000e-01 -1.110223024625156540e-16
9.016113281250000000e-01 0.000000000000000000e+00
9.017333984375000000e-01 0.000000000000000000e+00
9.018554687500000000e-01 0.000000000000000000e+00
9.019775390625000000e-01 0.000000000000000000e+00
9.020996093750000000e-01 1.110223024625156540e-16
9.022216796875000000e-01 0.000000000000000000e+00
9.023437500000000000e-01 2.220446049250313081e-16
9.024658203125000000e-01 -1.110223024625156540e-16
9.025878906250000000e-01 -1.110223024625156540e-16
9.027099609375000000e-01 0.000000000000000000e+00
9.028320312500000000e-01 -1.110223024625156540e-16
9.029541015625000000e-01 -1.110223024625156540e-16
9.030761718750000000e-01 -1.110223024625156540e-16
9.031982421875000000e-01 0.000000000000000000e+00
9.033203125000000000e-01 -1.110223024625156540e-16
9.034423828125000000e-01 -1.110223024625156540e-16
9.035644531250000000e-01 -1.110223024625156540e-16
9.036865234375000000e-01 -1.110223024625156540e-16
9.038085937500000000e-01 0.000000000000000000e+00
9.039306640625000000e-01 -1.110223024625156540e-16
9.040527343750000000e-01 0.000000000000000000e+00
9.041748046875000000e-01 -1.110223024625156540e-16
9.042968750000000000e-01 0.000000000000000000e+00
9.044189453125000000e-01 -1.110223024625156540e-16
9.045410156250000000e-01 0.000000000000000000e+00
9.046630859375000000e-01 -1.110223024625156540e-16
9.047851562500000000e-01 -1.110223024625156540e-16
9.049072265625000000e-01 -1.665334536937734811e-16
9.050292968750000000e-01 0.000000000000000000e+00
9.051513671875000000e-01 -1.110223024625156540e-16
9.052734375000000000e-01 0.000000000000000000e+00
9.053955078125000000e-01 0.000000000000000000e+00
9.055175781250000000e-01 -2.220446049250313081e-16
9.056396484375000000e-01 -1.110223024625156540e-16
9.057617187500000000e-01 -1.110223024625156540e-16
9.058837890625000000e-01 -1.110223024625156540e-16
9.060058593750000000e-01 0.000000000000000000e+00
9.061279296875000000e-01 -1.110223024625156540e-16
9.062500000000000000e-01 1.665334536937734811e-16
9.063720703125000000e-01 0.000000000000000000e+00
9.064941406250000000e-01 1.110223024625156540e-16
9.066162109375000000e-01 0.000000000000000000e+00
9.067382812500000000e-01 0.000000000000000000e+00
9.068603515625000000e-01 0.000000000000000000e+00
9.069824218750000000e-01 0.000000000000000000e+00
9.071044921875000000e-01 1.110223024625156540e-16
9.072265625000000000e-01 -5.551115123125782702e-17
9.073486328125000000e-01 0.000000000000000000e+00
9.074707031250000000e-01 0.000000000000000000e+00
9.075927734375000000e-01 0.000000000000000000e+00
9.077148437500000000e-01 0.000000000000000000e+00
9.078369140625000000e-01 0.000000000000000000e+00
9.079589843750000000e-01 1.110223024625156540e-16
9.080810546875000000e-01 -1.110223024625156540e-16
9.082031250000000000e-01 1.665334536937734811e-16
9.083251953125000000e-01 -1.110223024625156540e-16
9.084472656250000000e-01 0.000000000000000000e+00
9.085693359375000000e-01 0.000000000000000000e+00
9.086914062500000000e-01 0.000000000000000000e+00
9.088134765625000000e-01 0.000000000000000000e+00
9.089355468750000000e-01 -1.110223024625156540e-16
9.090576171875000000e-01 0.000000000000000000e+00
9.091796875000000000e-01 0.000000000000000000e+00
9.093017578125000000e-01 0.000000000000000000e+00
9.094238281250000000e-01 0.000000000000000000e+00
9.095458984375000000e-01 -1.110223024625156540e-16
9.096679687500000000e-01 -1.110223024625156540e-16
9.097900390625000000e-01 0.000000000000000000e+00
9.099121093750000000e-01 0.000000000000000000e+00
9.100341796875000000e-01 -1.110223024625156540e-16
9.101562500000000000e-01 1.110223024625156540e-16
9.102783203125000000e-01 0.000000000000000000e+00
9.104003906250000000e-01 0.000000000000000000e+00
9.105224609375000000e-01 0.000000000000000000e+00
9.106445312500000000e-01 0.000000000000000000e+00
9.107666015625000000e-01 0.000000000000000000e+00
9.108886718750000000e-01 1.110223024625156540e-16
9.110107421875000000e-01 1.110223024625156540e-16
9.111328125000000000e-01 0.000000000000000000e+00
9.112548828125000000e-01 0.000000000000000000e+00
9.113769531250000000e-01 0.000000000000000000e+00
9.114990234375000000e-01 0.000000000000000000e+00
9.116210937500000000e-01 0.000000000000000000e+00
9.117431640625000000e-01 0.000000000000000000e+00
9.118652343750000000e-01 1.110223024625156540e-16
9.119873046875000000e-01 0.000000000000000000e+00
9.121093750000000000e-01 0.000000000000000000e+00
9.122314453125000000e-01 -1.110223024625156540e-16
9.123535156250000000e-01 0.000000000000000000e+00
9.124755859375000000e-01 -1.110223024625156540e-16
9.125976562500000000e-01 5.551115123125782702e-17
9.127197265625000000e-01 0.000000000000000000e+00
9.128417968750000000e-01 0.000000000000000000e+00
9.129638671875000000e-01 0.000000000000000000e+00
9.130859375000000000e-01 0.000000000000000000e+00
9.132080078125000000e-01 2.220446049250313081e-16
9.133300781250000000e-01 0.000000000000000000e+00
9.134521484375000000e-01 -1.110223024625156540e-16
9.135742187500000000e-01 -1.110223024625156540e-16
9.136962890625000000e-01 0.000000000000000000e+00
9.138183593750000000e-01 0.000000000000000000e+00
9.139404296875000000e-01 2.220446049250313081e-16
9.140625000000000000e-01 0.000000000000000000e+00
9.141845703125000000e-01 -1.110223024625156540e-16
9.143066406250000000e-01 1.110223024625156540e-16
9.144287109375000000e-01 -1.110223024625156540e-16
9.145507812500000000e-01 -1.110223024625156540e-16
9.146728515625000000e-01 5.551115123125782702e-17
9.147949218750000000e-01 1.110223024625156540e-16
9.149169921875000000e-01 0.000000000000000000e+00
9.150390625000000000e-01 -5.551115123125782702e-17
9.151611328125000000e-01 -1.110223024625156540e-16
9.152832031250000000e-01 0.000000000000000000e+00
9.154052734375000000e-01 0.000000000000000000e+00
9.155273437500000000e-01 -1.110223024625156540e-16
9.156494140625000000e-01 -1.110223024625156540e-16
9.157714843750000000e-01 1.110223024625156540e-16
9.158935546875000000e-01 0.000000000000000000e+00
9.160156250000000000e-01 0.000000000000000000e+00
9.161376953125000000e-01 1.110223024625156540e-16
9.162597656250000000e-01 0.000000000000000000e+00
9.163818359375000000e-01 -1.110223024625156540e-16
9.165039062500000000e-01 0.000000000000000000e+00
9.166259765625000000e-01 -1.110223024625156540e-16
9.167480468750000000e-01 1.110223024625156540e-16
9.168701171875000000e-01 1.110223024625156540e-16
9.169921875000000000e-01 -1.110223024625156540e-16
9.171142578125000000e-01 1.110223024625156540e-16
9.172363281250000000e-01 1.110223024625156540e-16
9.173583984375000000e-01 -1.110223024625156540e-16
9.174804687500000000e-01 -1.110223024625156540e-16
9.176025390625000000e-01 2.220446049250313081e-16
9.177246093750000000e-01 1.110223024625156540e-16
9.178466796875000000e-01 1.110223024625156540e-16
9.179687500000000000e-01 0.000000000000000000e+00
9.180908203125000000e-01 -1.110223024625156540e-16
9.182128906250000000e-01 0.000000000000000000e+00
9.183349609375000000e-01 1.110223024625156540e-16
9.184570312500000000e-01 -5.551115123125782702e-17
9.185791015625000000e-01 -1.110223024625156540e-16
9.187011718750000000e-01 1.110223024625156540e-16
9.188232421875000000e-01 0.000000000000000000e+00
9.189453125000000000e-01 -2.220446049250313081e-16
9.190673828125000000e-01 0.000000000000000000e+00
9.191894531250000000e-01 0.000000000000000000e+00
9.193115234375000000e-01 -1.110223024625156540e-16
9.194335937500000000e-01 0.000000000000000000e+00
9.195556640625000000e-01 -1.110223024625156540e-16
9.196777343750000000e-01 0.000000000000000000e+00
9.197998046875000000e-01 -1.110223024625156540e-16
9.199218750000000000e-01 1.110223024625156540e-16
9.200439453125000000e-01 -1.110223024625156540e-16
9.201660156250000000e-01 -1.110223024625156540e-16
9.202880859375000000e-01 -1.110223024625156540e-16
9.204101562500000000e-01 1.110223024625156540e-16
9.205322265625000000e-01 -5.551115123125782702e-17
9.206542968750000000e-01 2.220446049250313081e-16
9.207763671875000000e-01 0.000000000000000000e+00
9.208984375000000000e-01 0.000000000000000000e+00
9.210205078125000000e-01 -1.110223024625156540e-16
9.211425781250000000e-01 -1.110223024625156540e-16
9.212646484375000000e-01 -1.110223024625156540e-16
9.213867187500000000e-01 -1.665334536937734811e-16
9.215087890625000000e-01 0.000000000000000000e+00
9.216308593750000000e-01 1.110223024625156540e-16
9.217529296875000000e-01 -1.110223024625156540e-16
9.218750000000000000e-01 0.000000000000000000e+00
9.219970703125000000e-01 -1.110223024625156540e-16
9.221191406250000000e-01 -1.110223024625156540e-16
9.222412109375000000e-01 -1.110223024625156540e-16
9.223632812500000000e-01 0.000000000000000000e+00
9.224853515625000000e-01 0.000000000000000000e+00
9.226074218750000000e-01 -1.110223024625156540e-16
9.227294921875000000e-01 2.220446049250313081e-16
9.228515625000000000e-01 -2.220446049250313081e-16
9.229736328125000000e-01 -1.110223024625156540e-16
9.230957031250000000e-01 -1.110223024625156540e-16
9.232177734375000000e-01 -1.110223024625156540e-16
9.233398437500000000e-01 -1.110223024625156540e-16
9.234619140625000000e-01 -1.110223024625156540e-16
9.235839843750000000e-01 -1.110223024625156540e-16
9.237060546875000000e-01 -1.110223024625156540e-16
9.238281250000000000e-01 0.000000000000000000e+00
9.239501953125000000e-01 -1.110223024625156540e-16
9.240722656250000000e-01 -1.665334536937734811e-16
9.241943359375000000e-01 -1.110223024625156540e-16
9.243164062500000000e-01 -5.551115123125782702e-17
9.244384765625000000e-01 -3.330669073875469621e-16
9.245605468750000000e-01 -1.110223024625156540e-16
9.246826171875000000e-01 0.000000000000000000e+00
9.248046875000000000e-01 -1.665334536937734811e-16
9.249267578125000000e-01 -1.110223024625156540e-16
9.250488281250000000e-01 0.000000000000000000e+00
9.251708984375000000e-01 -2.220446049250313081e-16
9.252929687500000000e-01 -1.110223024625156540e-16
9.254150390625000000e-01 -1.110223024625156540e-16
9.255371093750000000e-01 -1.110223024625156540e-16
9.256591796875000000e-01 -1.110223024625156540e-16
9.257812500000000000e-01 0.000000000000000000e+00
9.259033203125000000e-01 -1.110223024625156540e-16
9.260253906250000000e-01 0.000000000000000000e+00
9.261474609375000000e-01 0.000000000000000000e+00
9.262695312500000000e-01 -1.110223024625156540e-16
9.263916015625000000e-01 -1.665334536937734811e-16
9.265136718750000000e-01 0.000000000000000000e+00
9.266357421875000000e-01 -1.110223024625156540e-16
9.267578125000000000e-01 -1.665334536937734811e-16
9.268798828125000000e-01 0.000000000000000000e+00
9.270019531250000000e-01 0.000000000000000000e+00
9.271240234375000000e-01 0.000000000000000000e+00
9.272460937500000000e-01 -1.110223024625156540e-16
9.273681640625000000e-01 -1.110223024625156540e-16
9.274902343750000000e-01 0.000000000000000000e+00
9.276123046875000000e-01 -1.110223024625156540e-16
9.277343750000000000e-01 -1.110223024625156540e-16
9.278564453125000000e-01 -1.110223024625156540e-16
9.279785156250000000e-01 -2.220446049250313081e-16
9.281005859375000000e-01 0.000000000000000000e+00
9.282226562500000000e-01 1.110223024625156540e-16
9.283447265625000000e-01 -5.551115123125782702e-17
9.284667968750000000e-01 -1.110223024625156540e-16
9.285888671875000000e-01 0.000000000000000000e+00
9.287109375000000000e-01 0.000000000000000000e+00
9.288330078125000000e-01 -1.110223024625156540e-16
9.289550781250000000e-01 -1.110223024625156540e-16
9.290771484375000000e-01 -1.110223024625156540e-16
9.291992187500000000e-01 -1.110223024625156540e-16
9.293212890625000000e-01 -1.665334536937734811e-16
9.294433593750000000e-01 -1.110223024625156540e-16
9.295654296875000000e-01 0.000000000000000000e+00
9.296875000000000000e-01 0.000000000000000000e+00
9.298095703125000000e-01 -1.665334536937734811e-16
9.299316406250000000e-01 -1.110223024625156540e-16
9.300537109375000000e-01 -1.110223024625156540e-16
9.301757812500000000e-01 -1.110223024625156540e-16
9.302978515625000000e-01 -5.551115123125782702e-17
9.304199218750000000e-01 0.000000000000000000e+00
9.305419921875000000e-01 1.110223024625156540e-16
9.306640625000000000e-01 -1.665334536937734811e-16
9.307861328125000000e-01 -1.110223024625156540e-16
9.309082031250000000e-01 0.000000000000000000e+00
9.310302734375000000e-01 -1.110223024625156540e-16
9.311523437500000000e-01 -1.110223024625156540e-16
9.312744140625000000e-01 -1.665334536937734811e-16
9.313964843750000000e-01 1.110223024625156540e-16
9.315185546875000000e-01 1.110223024625156540e-16
9.316406250000000000e-01 -1.110223024625156540e-16
9.317626953125000000e-01 -1.110223024625156540e-16
9.318847656250000000e-01 0.000000000000000000e+00
9.320068359375000000e-01 -1.110223024625156540e-16
9.321289062500000000e-01 -1.110223024625156540e-16
9.322509765625000000e-01 0.000000000000000000e+00
9.323730468750000000e-01 0.000000000000000000e+00
9.324951171875000000e-01 0.000000000000000000e+00
9.326171875000000000e-01 -1.110223024625156540e-16
9.327392578125000000e-01 -1.110223024625156540e-16
9.328613281250000000e-01 -1.110223024625156540e-16
9.329833984375000000e-01 0.000000000000000000e+00
9.331054687500000000e-01 -1.110223024625156540e-16
9.332275390625000000e-01 -1.110223024625156540e-16
9.333496093750000000e-01 0.000000000000000000e+00
9.334716796875000000e-01 0.000000000000000000e+00
9.335937500000000000e-01 0.000000000000000000e+00
9.337158203125000000e-01 -2.220446049250313081e-16
9.338378906250000000e-01 -1.110223024625156540e-16
9.339599609375000000e-01 -2.220446049250313081e-16
9.340820312500000000e-01 0.000000000000000000e+00
9.342041015625000000e-01 -1.665334536937734811e-16
9.343261718750000000e-01 -1.110223024625156540e-16
9.344482421875000000e-01 0.000000000000000000e+00
9.345703125000000000e-01 -1.665334536937734811e-16
9.346923828125000000e-01 -1.110223024625156540e-16
9.348144531250000000e-01 -1.110223024625156540e-16
9.349365234375000000e-01 -1.110223024625156540e-16
9.350585937500000000e-01 -1.110223024625156540e-16
9.351806640625000000e-01 -1.110223024625156540e-16
9.353027343750000000e-01 1.110223024625156540e-16
9.354248046875000000e-01 0.000000000000000000e+00
9.355468750000000000e-01 0.000000000000000000e+00
9.356689453125000000e-01 -1.110223024625156540e-16
9.357910156250000000e-01 -2.220446049250313081e-16
9.359130859375000000e-01 -1.110223024625156540e-16
9.360351562500000000e-01 -1.110223024625156540e-16
9.361572265625000000e-01 -1.110223024625156540e-16
9.362792968750000000e-01 0.000000000000000000e+00
9.364013671875000000e-01 -1.110223024625156540e-16
9.365234375000000000e-01 0.000000000000000000e+00
9.366455078125000000e-01 -1.110223024625156540e-16
9.367675781250000000e-01 -1.110223024625156540e-16
9.368896484375000000e-01 -1.110223024625156540e-16
9.370117187500000000e-01 -1.110223024625156540e-16
9.371337890625000000e-01 -1.665334536937734811e-16
9.372558593750000000e-01 1.110223024625156540e-16
9.373779296875000000e-01 -1.110223024625156540e-16
9.375000000000000000e-01 1.110223024625156540e-16
9.376220703125000000e-01 0.000000000000000000e+00
9.377441406250000000e-01 0.000000000000000000e+00
9.378662109375000000e-01 -1.665334536937734811e-16
9.379882812500000000e-01 0.000000000000000000e+00
9.381103515625000000e-01 -5.551115123125782702e-17
9.382324218750000000e-01 -1.110223024625156540e-16
9.383544921875000000e-01 0.000000000000000000e+00
9.384765625000000000e-01 0.000000000000000000e+00
9.385986328125000000e-01 -1.110223024625156540e-16
9.387207031250000000e-01 0.000000000000000000e+00
9.388427734375000000e-01 -1.110223024625156540e-16
9.389648437500000000e-01 -1.110223024625156540e-16
9.390869140625000000e-01 -1.110223024625156540e-16
9.392089843750000000e-01 0.000000000000000000e+00
9.393310546875000000e-01 0.000000000000000000e+00
9.394531250000000000e-01 2.220446049250313081e-16
9.395751953125000000e-01 0.000000000000000000e+00
9.396972656250000000e-01 -1.110223024625156540e-16
9.398193359375000000e-01 -1.665334536937734811e-16
9.399414062500000000e-01 -1.110223024625156540e-16
9.400634765625000000e-01 -1.110223024625156540e-16
9.401855468750000000e-01 -1.110223024625156540e-16
9.403076171875000000e-01 1.110223024625156540e-16
9.404296875000000000e-01 -5.551115123125782702e-17
9.405517578125000000e-01 -2.220446049250313081e-16
9.406738281250000000e-01 0.000000000000000000e+00
9.407958984375000000e-01 -1.110223024625156540e-16
9.409179687500000000e-01 -5.551115123125782702e-17
9.410400390625000000e-01 -1.110223024625156540e-16
9.411621093750000000e-01 -1.110223024625156540e-16
9.412841796875000000e-01 -1.110223024625156540e-16
9.414062500000000000e-01 1.110223024625156540e-16
9.415283203125000000e-01 -1.110223024625156540e-16
9.416503906250000000e-01 0.000000000000000000e+00
9.417724609375000000e-01 -1.110223024625156540e-16
9.418945312500000000e-01 0.000000000000000000e+00
9.420166015625000000e-01 -1.110223024625156540e-16
9.421386718750000000e-01 0.000000000000000000e+00
9.422607421875000000e-01 -1.110223024625156540e-16
9.423828125000000000e-01 -1.110223024625156540e-16
9.425048828125000000e-01 0.000000000000000000e+00
9.426269531250000000e-01 0.000000000000000000e+00
9.427490234375000000e-01 1.110223024625156540e-16
9.428710937500000000e-01 0.000000000000000000e+00
9.429931640625000000e-01 -1.110223024625156540e-16
9.431152343750000000e-01 0.000000000000000000e+00
9.432373046875000000e-01 -1.110223024625156540e-16
9.433593750000000000e-01 1.110223024625156540e-16
9.434814453125000000e-01 -1.665334536937734811e-16
9.436035156250000000e-01 0.000000000000000000e+00
9.437255859375000000e-01 -1.665334536937734811e-16
9.438476562500000000e-01 1.110223024625156540e-16
9.439697265625000000e-01 -1.110223024625156540e-16
9.440917968750000000e-01 -1.110223024625156540e-16
9.442138671875000000e-01 0.000000000000000000e+00
9.443359375000000000e-01 0.000000000000000000e+00
9.444580078125000000e-01 -1.110223024625156540e-16
9.445800781250000000e-01 -1.110223024625156540e-16
9.447021484375000000e-01 -1.110223024625156540e-16
9.448242187500000000e-01 -5.551115123125782702e-17
9.449462890625000000e-01 -2.220446049250313081e-16
9.450683593750000000e-01 0.000000000000000000e+00
9.451904296875000000e-01 0.000000000000000000e+00
9.453125000000000000e-01 0.000000000000000000e+00
9.454345703125000000e-01 -1.110223024625156540e-16
9.455566406250000000e-01 -1.110223024625156540e-16
9.456787109375000000e-01 -1.110223024625156540e-16
9.458007812500000000e-01 0.000000000000000000e+00
9.459228515625000000e-01 5.551115123125782702e-17
9.460449218750000000e-01 -1.110223024625156540e-16
9.461669921875000000e-01 1.110223024625156540e-16
9.462890625000000000e-01 -1.110223024625156540e-16
9.464111328125000000e-01 -1.110223024625156540e-16
9.465332031250000000e-01 0.000000000000000000e+00
9.466552734375000000e-01 -1.110223024625156540e-16
9.467773437500000000e-01 -1.110223024625156540e-16
9.468994140625000000e-01 -2.220446049250313081e-16
9.470214843750000000e-01 0.000000000000000000e+00
9.471435546875000000e-01 -1.110223024625156540e-16
9.472656250000000000e-01 0.000000000000000000e+00
9.473876953125000000e-01 -1.110223024625156540e-16
9.475097656250000000e-01 -2.220446049250313081e-16
9.476318359375000000e-01 -2.775557561562891351e-16
9.477539062500000000e-01 0.000000000000000000e+00
9.478759765625000000e-01 -1.110223024625156540e-16
9.479980468750000000e-01 0.000000000000000000e+00
9.481201171875000000e-01 1.110223024625156540e-16
9.482421875000000000e-01 -1.110223024625156540e-16
9.483642578125000000e-01 -1.110223024625156540e-16
9.484863281250000000e-01 1.110223024625156540e-16
9.486083984375000000e-01 -1.110223024625156540e-16
9.487304687500000000e-01 -1.110223024625156540e-16
9.488525390625000000e-01 -2.220446049250313081e-16
9.489746093750000000e-01 1.110223024625156540e-16
9.490966796875000000e-01 -2.220446049250313081e-16
9.492187500000000000e-01 -1.110223024625156540e-16
9.493408203125000000e-01 -2.220446049250313081e-16
9.494628906250000000e-01 0.000000000000000000e+00
9.495849609375000000e-01 -1.110223024625156540e-16
9.497070312500000000e-01 -5.551115123125782702e-17
9.498291015625000000e-01 -1.665334536937734811e-16
9.499511718750000000e-01 -1.110223024625156540e-16
9.500732421875000000e-01 0.000000000000000000e+00
9.501953125000000000e-01 -1.110223024625156540e-16
9.503173828125000000e-01 -1.110223024625156540e-16
9.504394531250000000e-01 0.000000000000000000e+00
9.505615234375000000e-01 -1.110223024625156540e-16
9.506835937500000000e-01 0.000000000000000000e+00
9.508056640625000000e-01 -1.665334536937734811e-16
9.509277343750000000e-01 0.000000000000000000e+00
9.510498046875000000e-01 -1.110223024625156540e-16
9.511718750000000000e-01 0.000000000000000000e+00
9.512939453125000000e-01 -1.110223024625156540e-16
9.514160156250000000e-01 -2.220446049250313081e-16
9.515380859375000000e-01 -1.110223024625156540e-16
9.516601562500000000e-01 1.665334536937734811e-16
9.517822265625000000e-01 -1.110223024625156540e-16
9.519042968750000000e-01 1.110223024625156540e-16
9.520263671875000000e-01 0.000000000000000000e+00
9.521484375000000000e-01 0.000000000000000000e+00
9.522705078125000000e-01 -1.110223024625156540e-16
9.523925781250000000e-01 -1.110223024625156540e-16
9.525146484375000000e-01 1.110223024625156540e-16
9.526367187500000000e-01 -1.110223024625156540e-16
9.527587890625000000e-01 -1.110223024625156540e-16
9.528808593750000000e-01 -1.110223024625156540e-16
9.530029296875000000e-01 -1.110223024625156540e-16
9.531250000000000000e-01 0.000000000000000000e+00
9.532470703125000000e-01 0.000000000000000000e+00
9.533691406250000000e-01 -1.110223024625156540e-16
9.534912109375000000e-01 -1.665334536937734811e-16
9.536132812500000000e-01 -1.110223024625156540e-16
9.537353515625000000e-01 0.000000000000000000e+00
9.538574218750000000e-01 -1.110223024625156540e-16
9.539794921875000000e-01 1.110223024625156540e-16
9.541015625000000000e-01 -1.665334536937734811e-16
9.542236328125000000e-01 -3.330669073875469621e-16
9.543457031250000000e-01 -1.110223024625156540e-16
9.544677734375000000e-01 -1.110223024625156540e-16
9.545898437500000000e-01 0.000000000000000000e+00
9.547119140625000000e-01 -1.110223024625156540e-16
9.548339843750000000e-01 0.000000000000000000e+00
9.549560546875000000e-01 -1.110223024625156540e-16
9.550781250000000000e-01 0.000000000000000000e+00
9.552001953125000000e-01 -1.110223024625156540e-16
9.553222656250000000e-01 -2.220446049250313081e-16
9.554443359375000000e-01 -1.110223024625156540e-16
9.555664062500000000e-01 -5.551115123125782702e-17
9.556884765625000000e-01 -1.110223024625156540e-16
9.558105468750000000e-01 -1.110223024625156540e-16
9.559326171875000000e-01 -1.110223024625156540e-16
9.560546875000000000e-01 -2.220446049250313081e-16
9.561767578125000000e-01 -1.110223024625156540e-16
9.562988281250000000e-01 -1.110223024625156540e-16
9.564208984375000000e-01 -1.110223024625156540e-16
9.565429687500000000e-01 -5.551115123125782702e-17
9.566650390625000000e-01 -2.220446049250313081e-16
9.567871093750000000e-01 0.000000000000000000e+00
9.569091796875000000e-01 -1.110223024625156540e-16
9.570312500000000000e-01 0.000000000000000000e+00
9.571533203125000000e-01 -1.110223024625156540e-16
9.572753906250000000e-01 -1.110223024625156540e-16
9.573974609375000000e-01 0.000000000000000000e+00
9.575195312500000000e-01 0.000000000000000000e+00
9.576416015625000000e-01 -2.220446049250313081e-16
9.577636718750000000e-01 -1.110223024625156540e-16
9.578857421875000000e-01 -1.110223024625156540e-16
9.580078125000000000e-01 -1.110223024625156540e-16
9.581298828125000000e-01 0.000000000000000000e+00
9.582519531250000000e-01 -1.110223024625156540e-16
9.583740234375000000e-01 -1.110223024625156540e-16
9.584960937500000000e-01 0.000000000000000000e+00
9.586181640625000000e-01 -2.775557561562891351e-16
9.587402343750000000e-01 -1.110223024625156540e-16
9.588623046875000000e-01 0.000000000000000000e+00
9.589843750000000000e-01 0.000000000000000000e+00
9.591064453125000000e-01 -1.110223024625156540e-16
9.592285156250000000e-01 0.000000000000000000e+00
9.593505859375000000e-01 -1.110223024625156540e-16
9.594726562500000000e-01 5.551115123125782702e-17
9.595947265625000000e-01 0.000000000000000000e+00
9.597167968750000000e-01 0.000000000000000000e+00
9.598388671875000000e-01 0.000000000000000000e+00
9.599609375000000000e-01 0.000000000000000000e+00
9.600830078125000000e-01 0.000000000000000000e+00
9.602050781250000000e-01 -1.110223024625156540e-16
9.603271484375000000e-01 -1.665334536937734811e-16
9.604492187500000000e-01 -1.110223024625156540e-16
9.605712890625000000e-01 -1.110223024625156540e-16
9.606933593750000000e-01 -1.110223024625156540e-16
9.608154296875000000e-01 -1.110223024625156540e-16
9.609375000000000000e-01 0.000000000000000000e+00
9.610595703125000000e-01 -2.220446049250313081e-16
9.611816406250000000e-01 -1.110223024625156540e-16
9.613037109375000000e-01 -1.110223024625156540e-16
9.614257812500000000e-01 -1.110223024625156540e-16
9.615478515625000000e-01 -5.551115123125782702e-17
9.616699218750000000e-01 -2.220446049250313081e-16
9.617919921875000000e-01 0.000000000000000000e+00
9.619140625000000000e-01 -1.110223024625156540e-16
9.620361328125000000e-01 -1.110223024625156540e-16
9.621582031250000000e-01 0.000000000000000000e+00
9.622802734375000000e-01 -1.110223024625156540e-16
9.624023437500000000e-01 -1.110223024625156540e-16
9.625244140625000000e-01 -1.665334536937734811e-16
9.626464843750000000e-01 -1.110223024625156540e-16
9.627685546875000000e-01 0.000000000000000000e+00
9.628906250000000000e-01 0.000000000000000000e+00
9.630126953125000000e-01 -1.110223024625156540e-16
9.631347656250000000e-01 -2.220446049250313081e-16
9.632568359375000000e-01 -1.110223024625156540e-16
9.633789062500000000e-01 0.000000000000000000e+00
9.635009765625000000e-01 0.000000000000000000e+00
9.636230468750000000e-01 0.000000000000000000e+00
9.637451171875000000e-01 0.000000000000000000e+00
9.638671875000000000e-01 -1.110223024625156540e-16
9.639892578125000000e-01 -1.110223024625156540e-16
9.641113281250000000e-01 0.000000000000000000e+00
9.642333984375000000e-01 -1.110223024625156540e-16
9.643554687500000000e-01 -1.110223024625156540e-16
9.644775390625000000e-01 -3.330669073875469621e-16
9.645996093750000000e-01 0.000000000000000000e+00
9.647216796875000000e-01 0.000000000000000000e+00
9.648437500000000000e-01 1.110223024625156540e-16
9.649658203125000000e-01 -2.775557561562891351e-16
9.650878906250000000e-01 1.110223024625156540e-16
9.652099609375000000e-01 -1.110223024625156540e-16
9.653320312500000000e-01 -1.110223024625156540e-16
9.654541015625000000e-01 -2.220446049250313081e-16
9.655761718750000000e-01 -3.330669073875469621e-16
9.656982421875000000e-01 -1.110223024625156540e-16
9.658203125000000000e-01 -1.665334536937734811e-16
9.659423828125000000e-01 -1.110223024625156540e-16
9.660644531250000000e-01 -1.110223024625156540e-16
9.661865234375000000e-01 -2.220446049250313081e-16
9.663085937500000000e-01 -1.110223024625156540e-16
9.664306640625000000e-01 -1.110223024625156540e-16
9.665527343750000000e-01 0.000000000000000000e+00
9.666748046875000000e-01 -1.110223024625156540e-16
9.667968750000000000e-01 1.110223024625156540e-16
9.669189453125000000e-01 -1.110223024625156540e-16
9.670410156250000000e-01 -2.220446049250313081e-16
9.671630859375000000e-01 -1.110223024625156540e-16
9.672851562500000000e-01 1.110223024625156540e-16
9.674072265625000000e-01 0.000000000000000000e+00
9.675292968750000000e-01 0.000000000000000000e+00
9.676513671875000000e-01 0.000000000000000000e+00
9.677734375000000000e-01 -1.110223024625156540e-16
9.678955078125000000e-01 -1.110223024625156540e-16
9.680175781250000000e-01 -1.110223024625156540e-16
9.681396484375000000e-01 -1.110223024625156540e-16
9.682617187500000000e-01 -1.110223024625156540e-16
9.683837890625000000e-01 -1.110223024625156540e-16
9.685058593750000000e-01 0.000000000000000000e+00
9.686279296875000000e-01 -1.110223024625156540e-16
9.687500000000000000e-01 -1.110223024625156540e-16
9.688720703125000000e-01 -1.110223024625156540e-16
9.689941406250000000e-01 -5.551115123125782702e-17
9.691162109375000000e-01 -1.110223024625156540e-16
9.692382812500000000e-01 0.000000000000000000e+00
9.693603515625000000e-01 -5.551115123125782702e-17
9.694824218750000000e-01 -1.110223024625156540e-16
9.696044921875000000e-01 0.000000000000000000e+00
9.697265625000000000e-01 -1.110223024625156540e-16
9.698486328125000000e-01 -1.665334536937734811e-16
9.699707031250000000e-01 -2.220446049250313081e-16
9.700927734375000000e-01 -2.220446049250313081e-16
9.702148437500000000e-01 -5.551115123125782702e-17
9.703369140625000000e-01 -1.110223024625156540e-16
9.704589843750000000e-01 0.000000000000000000e+00
9.705810546875000000e-01 0.000000000000000000e+00
9.707031250000000000e-01 1.110223024625156540e-16
9.708251953125000000e-01 0.000000000000000000e+00
9.709472656250000000e-01 -1.110223024625156540e-16
9.710693359375000000e-01 -1.110223024625156540e-16
9.711914062500000000e-01 -5.551115123125782702e-17
9.713134765625000000e-01 -2.220446049250313081e-16
9.714355468750000000e-01 -1.665334536937734811e-16
9.715576171875000000e-01 -1.110223024625156540e-16
9.716796875000000000e-01 -1.110223024625156540e-16
9.718017578125000000e-01 -1.110223024625156540e-16
9.719238281250000000e-01 0.000000000000000000e+00
9.720458984375000000e-01 -1.110223024625156540e-16
9.721679687500000000e-01 -1.110223024625156540e-16
9.722900390625000000e-01 -2.220446049250313081e-16
9.724121093750000000e-01 -1.110223024625156540e-16
9.725341796875000000e-01 -1.665334536937734811e-16
9.726562500000000000e-01 -1.665334536937734811e-16
9.727783203125000000e-01 -1.110223024625156540e-16
9.729003906250000000e-01 -1.110223024625156540e-16
9.730224609375000000e-01 0.000000000000000000e+00
9.731445312500000000e-01 -1.665334536937734811e-16
9.732666015625000000e-01 -2.220446049250313081e-16
9.733886718750000000e-01 -1.665334536937734811e-16
9.735107421875000000e-01 -1.110223024625156540e-16
9.736328125000000000e-01 -1.110223024625156540e-16
9.737548828125000000e-01 -1.110223024625156540e-16
9.738769531250000000e-01 -1.110223024625156540e-16
9.739990234375000000e-01 -1.110223024625156540e-16
9.741210937500000000e-01 0.000000000000000000e+00
9.742431640625000000e-01 -1.665334536937734811e-16
9.743652343750000000e-01 -1.110223024625156540e-16
9.744873046875000000e-01 -1.110223024625156540e-16
9.746093750000000000e-01 -1.110223024625156540e-16
9.747314453125000000e-01 -1.665334536937734811e-16
9.748535156250000000e-01 0.000000000000000000e+00
9.749755859375000000e-01 -1.665334536937734811e-16
9.750976562500000000e-01 -1.110223024625156540e-16
9.752197265625000000e-01 0.000000000000000000e+00
9.753417968750000000e-01 1.110223024625156540e-16
9.754638671875000000e-01 -1.110223024625156540e-16
9.755859375000000000e-01 -5.551115123125782702e-17
9.757080078125000000e-01 -1.110223024625156540e-16
9.758300781250000000e-01 -1.110223024625156540e-16
9.759521484375000000e-01 -1.110223024625156540e-16
9.760742187500000000e-01 -1.110223024625156540e-16
9.761962890625000000e-01 -1.665334536937734811e-16
9.763183593750000000e-01 -5.551115123125782702e-17
9.764404296875000000e-01 0.000000000000000000e+00
9.765625000000000000e-01 -1.110223024625156540e-16
9.766845703125000000e-01 -2.220446049250313081e-16
9.768066406250000000e-01 -1.665334536937734811e-16
9.769287109375000000e-01 -1.110223024625156540e-16
9.770507812500000000e-01 -2.220446049250313081e-16
9.771728515625000000e-01 0.000000000000000000e+00
9.772949218750000000e-01 -1.110223024625156540e-16
9.774169921875000000e-01 1.110223024625156540e-16
9.775390625000000000e-01 -2.220446049250313081e-16
9.776611328125000000e-01 -1.665334536937734811e-16
9.777832031250000000e-01 -1.110223024625156540e-16
9.779052734375000000e-01 -1.110223024625156540e-16
9.780273437500000000e-01 -1.110223024625156540e-16
9.781494140625000000e-01 -3.330669073875469621e-16
9.782714843750000000e-01 -1.110223024625156540e-16
9.783935546875000000e-01 -1.110223024625156540e-16
9.785156250000000000e-01 -1.110223024625156540e-16
9.786376953125000000e-01 0.000000000000000000e+00
9.787597656250000000e-01 -2.220446049250313081e-16
9.788818359375000000e-01 -2.220446049250313081e-16
9.790039062500000000e-01 0.000000000000000000e+00
9.791259765625000000e-01 0.000000000000000000e+00
9.792480468750000000e-01 -1.110223024625156540e-16
9.793701171875000000e-01 0.000000000000000000e+00
9.794921875000000000e-01 -1.110223024625156540e-16
9.796142578125000000e-01 -1.110223024625156540e-16
9.797363281250000000e-01 0.000000000000000000e+00
9.798583984375000000e-01 -1.110223024625156540e-16
9.799804687500000000e-01 -1.110223024625156540e-16
9.801025390625000000e-01 -1.110223024625156540e-16
9.802246093750000000e-01 0.000000000000000000e+00
9.803466796875000000e-01 -1.110223024625156540e-16
9.804687500000000000e-01 1.110223024625156540e-16
9.805908203125000000e-01 -2.220446049250313081e-16
9.807128906250000000e-01 0.000000000000000000e+00
9.808349609375000000e-01 0.000000000000000000e+00
9.809570312500000000e-01 0.000000000000000000e+00
9.810791015625000000e-01 -1.110223024625156540e-16
9.812011718750000000e-01 -1.110223024625156540e-16
9.813232421875000000e-01 0.000000000000000000e+00
9.814453125000000000e-01 -5.551115123125782702e-17
9.815673828125000000e-01 -1.110223024625156540e-16
9.816894531250000000e-01 -1.110223024625156540e-16
9.818115234375000000e-01 -2.220446049250313081e-16
9.819335937500000000e-01 -1.110223024625156540e-16
9.820556640625000000e-01 -2.220446049250313081e-16
9.821777343750000000e-01 -1.110223024625156540e-16
9.822998046875000000e-01 -1.665334536937734811e-16
9.824218750000000000e-01 -5.551115123125782702e-17
9.825439453125000000e-01 -1.110223024625156540e-16
9.826660156250000000e-01 -2.220446049250313081e-16
9.827880859375000000e-01 -2.220446049250313081e-16
9.829101562500000000e-01 0.000000000000000000e+00
9.830322265625000000e-01 -5.551115123125782702e-17
9.831542968750000000e-01 -1.110223024625156540e-16
9.832763671875000000e-01 -1.110223024625156540e-16
9.833984375000000000e-01 0.000000000000000000e+00
9.835205078125000000e-01 -1.110223024625156540e-16
9.836425781250000000e-01 0.000000000000000000e+00
9.837646484375000000e-01 -1.110223024625156540e-16
9.838867187500000000e-01 -2.220446049250313081e-16
9.840087890625000000e-01 -5.551115123125782702e-17
9.841308593750000000e-01 -1.110223024625156540e-16
9.842529296875000000e-01 0.000000000000000000e+00
9.843750000000000000e-01 0.000000000000000000e+00
9.844970703125000000e-01 -1.665334536937734811e-16
9.846191406250000000e-01 -1.110223024625156540e-16
9.847412109375000000e-01 -3.330669073875469621e-16
9.848632812500000000e-01 -1.110223024625156540e-16
9.849853515625000000e-01 0.000000000000000000e+00
9.851074218750000000e-01 -1.665334536937734811e-16
9.852294921875000000e-01 1.110223024625156540e-16
9.853515625000000000e-01 -2.220446049250313081e-16
9.854736328125000000e-01 -1.665334536937734811e-16
9.855957031250000000e-01 -1.110223024625156540e-16
9.857177734375000000e-01 -1.110223024625156540e-16
9.858398437500000000e-01 -1.665334536937734811e-16
9.859619140625000000e-01 -1.110223024625156540e-16
9.860839843750000000e-01 -1.665334536937734811e-16
9.862060546875000000e-01 0.000000000000000000e+00
9.863281250000000000e-01 0.000000000000000000e+00
9.864501953125000000e-01 -1.110223024625156540e-16
9.865722656250000000e-01 -1.110223024625156540e-16
9.866943359375000000e-01 -1.110223024625156540e-16
9.868164062500000000e-01 -1.110223024625156540e-16
9.869384765625000000e-01 -1.110223024625156540e-16
9.870605468750000000e-01 -1.110223024625156540e-16
9.871826171875000000e-01 0.000000000000000000e+00
9.873046875000000000e-01 -2.220446049250313081e-16
9.874267578125000000e-01 -1.110223024625156540e-16
9.875488281250000000e-01 0.000000000000000000e+00
9.876708984375000000e-01 -3.330669073875469621e-16
9.877929687500000000e-01 -1.665334536937734811e-16
9.879150390625000000e-01 -1.665334536937734811e-16
9.880371093750000000e-01 -1.110223024625156540e-16
9.881591796875000000e-01 -1.110223024625156540e-16
9.882812500000000000e-01 -1.110223024625156540e-16
9.884033203125000000e-01 -2.220446049250313081e-16
9.885253906250000000e-01 -1.110223024625156540e-16
9.886474609375000000e-01 -1.110223024625156540e-16
9.887695312500000000e-01 0.000000000000000000e+00
9.888916015625000000e-01 -1.665334536937734811e-16
9.890136718750000000e-01 -1.665334536937734811e-16
9.891357421875000000e-01 -1.110223024625156540e-16
9.892578125000000000e-01 -2.220446049250313081e-16
9.893798828125000000e-01 -1.110223024625156540e-16
9.895019531250000000e-01 -2.220446049250313081e-16
9.896240234375000000e-01 -1.665334536937734811e-16
9.897460937500000000e-01 0.000000000000000000e+00
9.898681640625000000e-01 -3.885780586188047891e-16
9.899902343750000000e-01 -1.110223024625156540e-16
9.901123046875000000e-01 -1.110223024625156540e-16
9.902343750000000000e-01 -1.665334536937734811e-16
9.903564453125000000e-01 -1.110223024625156540e-16
9.904785156250000000e-01 -3.330669073875469621e-16
9.906005859375000000e-01 -1.665334536937734811e-16
9.907226562500000000e-01 0.000000000000000000e+00
9.908447265625000000e-01 0.000000000000000000e+00
9.909667968750000000e-01 -1.665334536937734811e-16
9.910888671875000000e-01 -1.110223024625156540e-16
9.912109375000000000e-01 -1.665334536937734811e-16
9.913330078125000000e-01 -1.110223024625156540e-16
9.914550781250000000e-01 -1.110223024625156540e-16
9.915771484375000000e-01 -3.330669073875469621e-16
9.916992187500000000e-01 -2.220446049250313081e-16
9.918212890625000000e-01 -4.440892098500626162e-16
9.919433593750000000e-01 -2.220446049250313081e-16
9.920654296875000000e-01 0.000000000000000000e+00
9.921875000000000000e-01 -1.110223024625156540e-16
9.923095703125000000e-01 -2.220446049250313081e-16
9.924316406250000000e-01 -2.220446049250313081e-16
9.925537109375000000e-01 -2.220446049250313081e-16
9.926757812500000000e-01 -1.665334536937734811e-16
9.927978515625000000e-01 -1.110223024625156540e-16
9.929199218750000000e-01 -2.220446049250313081e-16
9.930419921875000000e-01 -1.110223024625156540e-16
9.931640625000000000e-01 -1.665334536937734811e-16
9.932861328125000000e-01 -1.110223024625156540e-16
9.934082031250000000e-01 -1.665334536937734811e-16
9.935302734375000000e-01 -2.220446049250313081e-16
9.936523437500000000e-01 -2.220446049250313081e-16
9.937744140625000000e-01 -2.220446049250313081e-16
9.938964843750000000e-01 -1.110223024625156540e-16
9.940185546875000000e-01 -5.551115123125782702e-17
9.941406250000000000e-01 -1.665334536937734811e-16
9.942626953125000000e-01 -1.665334536937734811e-16
9.943847656250000000e-01 -2.220446049250313081e-16
9.945068359375000000e-01 -3.330669073875469621e-16
9.946289062500000000e-01 0.000000000000000000e+00
9.947509765625000000e-01 0.000000000000000000e+00
9.948730468750000000e-01 -1.110223024625156540e-16
9.949951171875000000e-01 -1.110223024625156540e-16
9.951171875000000000e-01 -2.220446049250313081e-16
9.952392578125000000e-01 -1.110223024625156540e-16
9.953613281250000000e-01 -1.110223024625156540e-16
9.954833984375000000e-01 -2.220446049250313081e-16
9.956054687500000000e-01 -2.220446049250313081e-16
9.957275390625000000e-01 -1.665334536937734811e-16
9.958496093750000000e-01 -2.220446049250313081e-16
9.959716796875000000e-01 -1.110223024625156540e-16
9.960937500000000000e-01 0.000000000000000000e+00
9.962158203125000000e-01 -4.440892098500626162e-16
9.963378906250000000e-01 -1.110223024625156540e-16
9.964599609375000000e-01 -1.665334536937734811e-16
9.965820312500000000e-01 0.000000000000000000e+00
9.967041015625000000e-01 -1.665334536937734811e-16
9.968261718750000000e-01 -3.330669073875469621e-16
9.969482421875000000e-01 -1.110223024625156540e-16
9.970703125000000000e-01 -2.775557561562891351e-16
9.971923828125000000e-01 -2.220446049250313081e-16
9.973144531250000000e-01 -1.110223024625156540e-16
9.974365234375000000e-01 -2.220446049250313081e-16
9.975585937500000000e-01 -1.110223024625156540e-16
9.976806640625000000e-01 -2.220446049250313081e-16
9.978027343750000000e-01 -1.110223024625156540e-16
9.979248046875000000e-01 0.000000000000000000e+00
9.980468750000000000e-01 -1.110223024625156540e-16
9.981689453125000000e-01 -2.220446049250313081e-16
9.982910156250000000e-01 -2.220446049250313081e-16
9.984130859375000000e-01 -1.665334536937734811e-16
9.985351562500000000e-01 -5.551115123125782702e-17
9.986572265625000000e-01 -1.110223024625156540e-16
9.987792968750000000e-01 -1.110223024625156540e-16
9.989013671875000000e-01 -2.220446049250313081e-16
9.990234375000000000e-01 -2.220446049250313081e-16
9.991455078125000000e-01 -1.110223024625156540e-16
9.992675781250000000e-01 -1.110223024625156540e-16
9.993896484375000000e-01 -2.775557561562891351e-16
9.995117187500000000e-01 -1.665334536937734811e-16
9.996337890625000000e-01 -2.220446049250313081e-16
9.997558593750000000e-01 -1.665334536937734811e-16
9.998779296875000000e-01 -1.110223024625156540e-16
